Date;2006-12-03 13:18:15
title;IBD
model;BTC112
c code;IBD
operator;
port1;0
baud1;3
pixel_start;0
pixel_end;2047
step;1
units;1
bkcolor;16777215
show_mode;0
data_mode;0
pixel_mode;0
intigration times;5
average number;20
spectrometer_type ;14
yaxis;1
yaxis_min;0
yaxis_max;65535
xaxis;1
xaxis_min;0
xaxis_max;2047
coefs_a0;231.943084241822
coefs_a1;0.406994147595924
coefs_a2;-4.3775084135389E-5
coefs_a3;-1.3768865065993E-9
coefs_b0;-728.069070757367
coefs_b1;3.36508502946526
coefs_b2;-0.0019617714298974
coefs_b3;2.01154622732E-6
all_data_save;1
select_option;-1
interval_time;50
pixel_num;2048
sel_pixel_start;0
sel_pixel_end;2047
sel_pixel_delta;1
dark_compensate;0
dark_compensate_value_1;0
dark_compensate_value_2;0
dark_compensate_value_3;0
monitor pixel_0;0
monitor pixel_1;0
monitor pixel_2;0
monitor pixel_3;0
monitor pixel_4;0
monitor pixel_5;0
vertical_line3_wv;250
vertical_line4_wv;250
vertical_line_flag;0
vertical_line_ratio;0
overlay_js;0
Pixel;Wavelength;Dark;Reference;Raw data #1;Dark Subtracted #1;%TR #1;Absorbance #1;Raw data #2;Dark Subtracted #2;%TR #2;Absorbance #2;Raw data #3;Dark Subtracted #3;%TR #3;Absorbance #3;Errands Ref;Errands Fit;Irradiance_1;Irradiance_2;Irradiance_3
0;231.94;782.0500;781.2000;797.6000;15.5500;0.0000;6.8165;0.0000;-782.0500;110.0000;-0.0414;0.0000;-782.0500;110.0000;-0.0414;1.0000;0.0000;0.0000;0.0000;0.0000
1;232.35;782.0500;781.2000;797.6000;15.5500;0.0000;6.8165;0.0000;-782.0500;110.0000;-0.0414;0.0000;-782.0500;110.0000;-0.0414;1.0000;0.0000;0.0000;0.0000;0.0000
2;232.76;785.2500;784.8000;796.4000;11.1500;0.0000;6.8165;0.0000;-785.2500;110.0000;-0.0414;0.0000;-785.2500;110.0000;-0.0414;1.0000;0.0000;0.0000;0.0000;0.0000
3;233.16;738.4000;747.1000;763.9500;25.5500;110.0000;-0.0414;0.0000;-738.4000;0.0000;6.8165;0.0000;-738.4000;0.0000;6.8165;1.0000;0.0000;0.0000;0.0000;0.0000
4;233.57;795.0000;782.1000;776.9500;-18.0500;110.0000;-0.0414;0.0000;-795.0000;110.0000;-0.0414;0.0000;-795.0000;110.0000;-0.0414;1.0000;0.0000;0.0000;0.0000;0.0000
5;233.98;788.2000;796.1000;764.6500;-23.5500;0.0000;6.8165;0.0000;-788.2000;110.0000;-0.0414;0.0000;-788.2000;110.0000;-0.0414;1.0000;0.0000;0.0000;0.0000;0.0000
6;234.38;789.6000;776.0500;773.8000;-15.8000;110.0000;-0.0414;0.0000;-789.6000;110.0000;-0.0414;0.0000;-789.6000;110.0000;-0.0414;1.0000;0.0000;0.0000;0.0000;0.0000
7;234.79;815.2000;780.4000;772.6000;-42.6000;110.0000;-0.0414;0.0000;-815.2000;110.0000;-0.0414;0.0000;-815.2000;110.0000;-0.0414;1.0000;0.0000;0.0000;0.0000;0.0000
8;235.20;809.9500;775.5000;783.3500;-26.6000;77.2134;0.1123;0.0000;-809.9500;110.0000;-0.0414;0.0000;-809.9500;110.0000;-0.0414;1.0000;0.0000;0.0000;0.0000;0.0000
9;235.60;796.0000;795.1000;769.3500;-26.6500;110.0000;-0.0414;0.0000;-796.0000;110.0000;-0.0414;0.0000;-796.0000;110.0000;-0.0414;1.0000;0.0000;0.0000;0.0000;0.0000
10;236.01;786.6000;782.2000;788.3500;1.7500;0.0000;6.8165;0.0000;-786.6000;110.0000;-0.0414;0.0000;-786.6000;110.0000;-0.0414;1.0000;0.0000;0.0000;0.0000;0.0000
11;236.41;799.6500;780.0500;794.7000;-4.9500;25.2551;0.5977;0.0000;-799.6500;110.0000;-0.0414;0.0000;-799.6500;110.0000;-0.0414;1.0000;0.0000;0.0000;0.0000;0.0000
12;236.82;790.1500;788.9500;782.2000;-7.9500;110.0000;-0.0414;0.0000;-790.1500;0.0000;6.8165;0.0000;-790.1500;0.0000;6.8165;1.0000;0.0000;0.0000;0.0000;0.0000
13;237.23;798.5000;775.5500;780.5500;-17.9500;78.2135;0.1067;0.0000;-798.5000;110.0000;-0.0414;0.0000;-798.5000;110.0000;-0.0414;1.0000;0.0000;0.0000;0.0000;0.0000
14;237.63;798.7500;751.9500;772.9500;-25.8000;55.1282;0.2586;0.0000;-798.7500;110.0000;-0.0414;0.0000;-798.7500;110.0000;-0.0414;1.0000;0.0000;0.0000;0.0000;0.0000
15;238.04;786.8500;791.7500;771.2500;-15.6000;0.0000;6.8165;0.0000;-786.8500;110.0000;-0.0414;0.0000;-786.8500;110.0000;-0.0414;1.0000;0.0000;0.0000;0.0000;0.0000
16;238.44;797.8500;773.8500;786.3500;-11.5000;47.9167;0.3195;0.0000;-797.8500;110.0000;-0.0414;0.0000;-797.8500;110.0000;-0.0414;1.0000;0.0000;0.0000;0.0000;0.0000
17;238.85;788.6500;779.4500;785.0000;-3.6500;39.6739;0.4015;0.0000;-788.6500;110.0000;-0.0414;0.0000;-788.6500;110.0000;-0.0414;1.0000;0.0000;0.0000;0.0000;0.0000
18;239.25;802.4000;780.5500;785.2500;-17.1500;78.4897;0.1052;0.0000;-802.4000;110.0000;-0.0414;0.0000;-802.4000;110.0000;-0.0414;1.0000;0.0000;0.0000;0.0000;0.0000
19;239.66;782.8500;761.9000;785.2000;2.3500;0.0000;6.8165;0.0000;-782.8500;110.0000;-0.0414;0.0000;-782.8500;110.0000;-0.0414;1.0000;0.0000;0.0000;0.0000;0.0000
20;240.07;775.7000;758.0000;793.8000;18.1000;0.0000;6.8165;0.0000;-775.7000;110.0000;-0.0414;0.0000;-775.7000;110.0000;-0.0414;1.0000;0.0000;0.0000;0.0000;0.0000
21;240.47;781.7000;777.0000;779.2500;-2.4500;52.1277;0.2829;0.0000;-781.7000;110.0000;-0.0414;0.0000;-781.7000;110.0000;-0.0414;1.0000;0.0000;0.0000;0.0000;0.0000
22;240.88;789.2500;776.0000;773.2000;-16.0500;110.0000;-0.0414;0.0000;-789.2500;110.0000;-0.0414;0.0000;-789.2500;110.0000;-0.0414;1.0000;0.0000;0.0000;0.0000;0.0000
23;241.28;770.8000;792.2000;773.4000;2.6000;12.1495;0.9154;0.0000;-770.8000;0.0000;6.8165;0.0000;-770.8000;0.0000;6.8165;1.0000;0.0000;0.0000;0.0000;0.0000
24;241.69;792.3500;775.7000;774.1500;-18.2000;109.3093;-0.0387;0.0000;-792.3500;110.0000;-0.0414;0.0000;-792.3500;110.0000;-0.0414;1.0000;0.0000;0.0000;0.0000;0.0000
25;242.09;790.1000;765.4000;777.0000;-13.1000;53.0364;0.2754;0.0000;-790.1000;110.0000;-0.0414;0.0000;-790.1000;110.0000;-0.0414;1.0000;0.0000;0.0000;0.0000;0.0000
26;242.50;790.4500;781.4500;776.9500;-13.5000;110.0000;-0.0414;0.0000;-790.4500;110.0000;-0.0414;0.0000;-790.4500;110.0000;-0.0414;1.0000;0.0000;0.0000;0.0000;0.0000
27;242.90;786.4500;787.9500;764.2000;-22.2500;0.0000;6.8165;0.0000;-786.4500;110.0000;-0.0414;0.0000;-786.4500;110.0000;-0.0414;1.0000;0.0000;0.0000;0.0000;0.0000
28;243.30;788.4000;786.5000;781.8500;-6.5500;110.0000;-0.0414;0.0000;-788.4000;110.0000;-0.0414;0.0000;-788.4000;110.0000;-0.0414;1.0000;0.0000;0.0000;0.0000;0.0000
29;243.71;791.3000;778.9500;765.6000;-25.7000;110.0000;-0.0414;0.0000;-791.3000;110.0000;-0.0414;0.0000;-791.3000;110.0000;-0.0414;1.0000;0.0000;0.0000;0.0000;0.0000
30;244.11;785.5500;782.8500;769.8500;-15.7000;110.0000;-0.0414;0.0000;-785.5500;110.0000;-0.0414;0.0000;-785.5500;110.0000;-0.0414;1.0000;0.0000;0.0000;0.0000;0.0000
31;244.52;786.7000;777.1500;783.9500;-2.7500;28.7958;0.5407;0.0000;-786.7000;110.0000;-0.0414;0.0000;-786.7000;110.0000;-0.0414;1.0000;0.0000;0.0000;0.0000;0.0000
32;244.92;791.0000;769.3000;769.3500;-21.6500;99.7696;0.0010;0.0000;-791.0000;110.0000;-0.0414;0.0000;-791.0000;110.0000;-0.0414;1.0000;0.0000;0.0000;0.0000;0.0000
33;245.33;788.9000;782.8500;786.6500;-2.2500;37.1901;0.4296;0.0000;-788.9000;0.0000;6.8165;0.0000;-788.9000;0.0000;6.8165;1.0000;0.0000;0.0000;0.0000;0.0000
34;245.73;769.8000;762.9000;792.2500;22.4500;0.0000;6.8165;0.0000;-769.8000;0.0000;6.8165;0.0000;-769.8000;0.0000;6.8165;1.0000;0.0000;0.0000;0.0000;0.0000
35;246.13;778.1500;791.4000;807.0500;28.9000;110.0000;-0.0414;0.0000;-778.1500;0.0000;6.8165;0.0000;-778.1500;0.0000;6.8165;1.0000;0.0000;0.0000;0.0000;0.0000
36;246.54;796.3000;854.7000;869.3000;73.0000;110.0000;-0.0414;0.0000;-796.3000;0.0000;6.8165;0.0000;-796.3000;0.0000;6.8165;1.0000;0.0000;0.0000;0.0000;0.0000
37;246.94;783.0500;842.4000;872.9500;89.9000;110.0000;-0.0414;0.0000;-783.0500;0.0000;6.8165;0.0000;-783.0500;0.0000;6.8165;1.0000;0.0000;0.0000;0.0000;0.0000
38;247.35;783.4000;852.2500;862.7500;79.3500;110.0000;-0.0414;0.0000;-783.4000;0.0000;6.8165;0.0000;-783.4000;0.0000;6.8165;1.0000;0.0000;0.0000;0.0000;0.0000
39;247.75;786.4500;860.8000;857.3000;70.8500;95.2925;0.0209;0.0000;-786.4500;0.0000;6.8165;0.0000;-786.4500;0.0000;6.8165;1.0000;0.0000;0.0000;0.0000;0.0000
40;248.15;784.7000;857.4500;864.5500;79.8500;109.7595;-0.0404;0.0000;-784.7000;0.0000;6.8165;0.0000;-784.7000;0.0000;6.8165;1.0000;0.0000;0.0000;0.0000;0.0000
41;248.56;797.0000;868.9500;856.9000;59.9000;83.2523;0.0796;0.0000;-797.0000;0.0000;6.8165;0.0000;-797.0000;0.0000;6.8165;1.0000;0.0000;0.0000;0.0000;0.0000
42;248.96;791.6000;841.6500;864.6000;73.0000;110.0000;-0.0414;0.0000;-791.6000;0.0000;6.8165;0.0000;-791.6000;0.0000;6.8165;1.0000;0.0000;0.0000;0.0000;0.0000
43;249.36;792.5500;852.1500;872.7000;80.1500;110.0000;-0.0414;0.0000;-792.5500;0.0000;6.8165;0.0000;-792.5500;0.0000;6.8165;1.0000;0.0000;0.0000;0.0000;0.0000
44;249.77;775.2500;841.2500;856.0500;80.8000;110.0000;-0.0414;0.0000;-775.2500;0.0000;6.8165;0.0000;-775.2500;0.0000;6.8165;1.0000;0.0000;0.0000;0.0000;0.0000
45;250.17;791.1500;856.3000;866.6000;75.4500;110.0000;-0.0414;0.0000;-791.1500;0.0000;6.8165;0.0000;-791.1500;0.0000;6.8165;1.0000;0.0000;0.0000;0.0000;0.0000
46;250.57;788.2500;848.6000;858.7000;70.4500;110.0000;-0.0414;0.0000;-788.2500;0.0000;6.8165;0.0000;-788.2500;0.0000;6.8165;1.0000;0.0000;0.0000;0.0000;0.0000
47;250.97;787.5500;854.2500;858.8000;71.2500;106.8216;-0.0287;0.0000;-787.5500;0.0000;6.8165;0.0000;-787.5500;0.0000;6.8165;1.0000;0.0000;0.0000;0.0000;0.0000
48;251.38;787.1000;845.0500;867.7500;80.6500;110.0000;-0.0414;0.0000;-787.1000;0.0000;6.8165;0.0000;-787.1000;0.0000;6.8165;1.0000;0.0000;0.0000;0.0000;0.0000
49;251.78;791.0000;860.6000;868.2500;77.2500;110.0000;-0.0414;0.0000;-791.0000;0.0000;6.8165;0.0000;-791.0000;0.0000;6.8165;1.0000;0.0000;0.0000;0.0000;0.0000
50;252.18;780.6500;866.7000;862.5000;81.8500;95.1191;0.0217;0.0000;-780.6500;0.0000;6.8165;0.0000;-780.6500;0.0000;6.8165;1.0000;0.0000;0.0000;0.0000;0.0000
51;252.59;780.0000;852.7500;856.4500;76.4500;105.0859;-0.0215;0.0000;-780.0000;0.0000;6.8165;0.0000;-780.0000;0.0000;6.8165;1.0000;0.0000;0.0000;0.0000;0.0000
52;252.99;783.4500;862.8500;863.7000;80.2500;101.0705;-0.0046;0.0000;-783.4500;0.0000;6.8165;0.0000;-783.4500;0.0000;6.8165;1.0000;0.0000;0.0000;0.0000;0.0000
53;253.39;780.7000;854.4500;864.1000;83.4000;110.0000;-0.0414;0.0000;-780.7000;0.0000;6.8165;0.0000;-780.7000;0.0000;6.8165;1.0000;0.0000;0.0000;0.0000;0.0000
54;253.79;784.9000;857.7000;862.9500;78.0500;107.2115;-0.0302;0.0000;-784.9000;0.0000;6.8165;0.0000;-784.9000;0.0000;6.8165;1.0000;0.0000;0.0000;0.0000;0.0000
55;254.20;780.9500;862.9000;869.9500;89.0000;108.6028;-0.0358;0.0000;-780.9500;0.0000;6.8165;0.0000;-780.9500;0.0000;6.8165;1.0000;0.0000;0.0000;0.0000;0.0000
56;254.60;787.2000;854.3000;877.2500;90.0500;110.0000;-0.0414;0.0000;-787.2000;0.0000;6.8165;0.0000;-787.2000;0.0000;6.8165;1.0000;0.0000;0.0000;0.0000;0.0000
57;255.00;784.4000;859.8500;859.5500;75.1500;99.6024;0.0017;0.0000;-784.4000;0.0000;6.8165;0.0000;-784.4000;0.0000;6.8165;1.0000;0.0000;0.0000;0.0000;0.0000
58;255.40;794.1500;870.5500;861.7000;67.5500;88.4162;0.0535;0.0000;-794.1500;0.0000;6.8165;0.0000;-794.1500;0.0000;6.8165;1.0000;0.0000;0.0000;0.0000;0.0000
59;255.80;797.5000;849.8000;856.2000;58.7000;110.0000;-0.0414;0.0000;-797.5000;0.0000;6.8165;0.0000;-797.5000;0.0000;6.8165;1.0000;0.0000;0.0000;0.0000;0.0000
60;256.20;805.6500;840.1500;862.9500;57.3000;110.0000;-0.0414;0.0000;-805.6500;0.0000;6.8165;0.0000;-805.6500;0.0000;6.8165;1.0000;0.0000;0.0000;0.0000;0.0000
61;256.61;793.5000;862.5000;870.0000;76.5000;110.0000;-0.0414;0.0000;-793.5000;0.0000;6.8165;0.0000;-793.5000;0.0000;6.8165;1.0000;0.0000;0.0000;0.0000;0.0000
62;257.01;789.5500;868.4000;860.5500;71.0000;90.0444;0.0455;0.0000;-789.5500;0.0000;6.8165;0.0000;-789.5500;0.0000;6.8165;1.0000;0.0000;0.0000;0.0000;0.0000
63;257.41;787.9000;850.7500;873.6500;85.7500;110.0000;-0.0414;0.0000;-787.9000;0.0000;6.8165;0.0000;-787.9000;0.0000;6.8165;1.0000;0.0000;0.0000;0.0000;0.0000
64;257.81;799.6500;860.7000;865.2000;65.5500;107.3710;-0.0309;0.0000;-799.6500;0.0000;6.8165;0.0000;-799.6500;0.0000;6.8165;1.0000;0.0000;0.0000;0.0000;0.0000
65;258.21;790.3500;859.1500;869.9500;79.6000;110.0000;-0.0414;0.0000;-790.3500;0.0000;6.8165;0.0000;-790.3500;0.0000;6.8165;1.0000;0.0000;0.0000;0.0000;0.0000
66;258.61;765.8500;850.7500;879.9000;114.0500;110.0000;-0.0414;0.0000;-765.8500;0.0000;6.8165;0.0000;-765.8500;0.0000;6.8165;1.0000;0.0000;0.0000;0.0000;0.0000
67;259.01;790.8000;852.1000;885.0000;94.2000;110.0000;-0.0414;0.0000;-790.8000;0.0000;6.8165;0.0000;-790.8000;0.0000;6.8165;1.0000;0.0000;0.0000;0.0000;0.0000
68;259.42;784.4500;866.5500;884.4000;99.9500;110.0000;-0.0414;0.0000;-784.4500;0.0000;6.8165;0.0000;-784.4500;0.0000;6.8165;1.0000;0.0000;0.0000;0.0000;0.0000
69;259.82;794.5500;852.5500;871.3500;76.8000;110.0000;-0.0414;0.0000;-794.5500;0.0000;6.8165;0.0000;-794.5500;0.0000;6.8165;1.0000;0.0000;0.0000;0.0000;0.0000
70;260.22;803.1500;859.9000;865.7500;62.6000;110.0000;-0.0414;0.0000;-803.1500;0.0000;6.8165;0.0000;-803.1500;0.0000;6.8165;1.0000;0.0000;0.0000;0.0000;0.0000
71;260.62;784.7000;858.6500;877.9000;93.2000;110.0000;-0.0414;0.0000;-784.7000;0.0000;6.8165;0.0000;-784.7000;0.0000;6.8165;1.0000;0.0000;0.0000;0.0000;0.0000
72;261.02;791.5000;847.5500;866.8000;75.3000;110.0000;-0.0414;0.0000;-791.5000;0.0000;6.8165;0.0000;-791.5000;0.0000;6.8165;1.0000;0.0000;0.0000;0.0000;0.0000
73;261.42;798.4500;867.4000;870.3500;71.9000;104.2785;-0.0182;0.0000;-798.4500;0.0000;6.8165;0.0000;-798.4500;0.0000;6.8165;1.0000;0.0000;0.0000;0.0000;0.0000
74;261.82;780.9500;850.0000;876.2500;95.3000;110.0000;-0.0414;0.0000;-780.9500;0.0000;6.8165;0.0000;-780.9500;0.0000;6.8165;1.0000;0.0000;0.0000;0.0000;0.0000
75;262.22;781.6500;864.3000;870.1000;88.4500;107.0175;-0.0295;0.0000;-781.6500;0.0000;6.8165;0.0000;-781.6500;0.0000;6.8165;1.0000;0.0000;0.0000;0.0000;0.0000
76;262.62;794.1000;841.0500;864.9500;70.8500;110.0000;-0.0414;0.0000;-794.1000;0.0000;6.8165;0.0000;-794.1000;0.0000;6.8165;1.0000;0.0000;0.0000;0.0000;0.0000
77;263.02;791.0000;852.7000;874.6000;83.6000;110.0000;-0.0414;0.0000;-791.0000;0.0000;6.8165;0.0000;-791.0000;0.0000;6.8165;1.0000;0.0000;0.0000;0.0000;0.0000
78;263.42;792.7500;851.0000;862.9000;70.1500;110.0000;-0.0414;0.0000;-792.7500;0.0000;6.8165;0.0000;-792.7500;0.0000;6.8165;1.0000;0.0000;0.0000;0.0000;0.0000
79;263.82;803.7500;865.3500;872.6500;68.9000;110.0000;-0.0414;0.0000;-803.7500;0.0000;6.8165;0.0000;-803.7500;0.0000;6.8165;1.0000;0.0000;0.0000;0.0000;0.0000
80;264.22;790.9500;870.0000;860.8000;69.8500;88.3618;0.0537;0.0000;-790.9500;0.0000;6.8165;0.0000;-790.9500;0.0000;6.8165;1.0000;0.0000;0.0000;0.0000;0.0000
81;264.62;789.0000;879.9500;859.5000;70.5000;77.5151;0.1106;0.0000;-789.0000;0.0000;6.8165;0.0000;-789.0000;0.0000;6.8165;1.0000;0.0000;0.0000;0.0000;0.0000
82;265.02;789.8500;858.7500;867.8500;78.0000;110.0000;-0.0414;0.0000;-789.8500;0.0000;6.8165;0.0000;-789.8500;0.0000;6.8165;1.0000;0.0000;0.0000;0.0000;0.0000
83;265.42;784.0500;862.1000;865.7000;81.6500;104.6124;-0.0196;0.0000;-784.0500;0.0000;6.8165;0.0000;-784.0500;0.0000;6.8165;1.0000;0.0000;0.0000;0.0000;0.0000
84;265.82;773.9500;856.6500;871.9000;97.9500;110.0000;-0.0414;0.0000;-773.9500;0.0000;6.8165;0.0000;-773.9500;0.0000;6.8165;1.0000;0.0000;0.0000;0.0000;0.0000
85;266.22;784.2500;871.7500;857.0000;72.7500;83.1429;0.0802;0.0000;-784.2500;0.0000;6.8165;0.0000;-784.2500;0.0000;6.8165;1.0000;0.0000;0.0000;0.0000;0.0000
86;266.62;790.4000;874.7000;866.5500;76.1500;90.3321;0.0442;0.0000;-790.4000;0.0000;6.8165;0.0000;-790.4000;0.0000;6.8165;1.0000;0.0000;0.0000;0.0000;0.0000
87;267.02;782.7500;853.9000;872.2500;89.5000;110.0000;-0.0414;0.0000;-782.7500;0.0000;6.8165;0.0000;-782.7500;0.0000;6.8165;1.0000;0.0000;0.0000;0.0000;0.0000
88;267.42;786.6000;856.5000;878.9000;92.3000;110.0000;-0.0414;0.0000;-786.6000;0.0000;6.8165;0.0000;-786.6000;0.0000;6.8165;1.0000;0.0000;0.0000;0.0000;0.0000
89;267.82;782.7500;849.2000;865.5500;82.8000;110.0000;-0.0414;0.0000;-782.7500;0.0000;6.8165;0.0000;-782.7500;0.0000;6.8165;1.0000;0.0000;0.0000;0.0000;0.0000
90;268.22;795.9000;858.7500;870.3000;74.4000;110.0000;-0.0414;0.0000;-795.9000;0.0000;6.8165;0.0000;-795.9000;0.0000;6.8165;1.0000;0.0000;0.0000;0.0000;0.0000
91;268.62;778.6500;861.6500;871.3000;92.6500;110.0000;-0.0414;0.0000;-778.6500;0.0000;6.8165;0.0000;-778.6500;0.0000;6.8165;1.0000;0.0000;0.0000;0.0000;0.0000
92;269.01;787.8000;863.3500;875.7500;87.9500;110.0000;-0.0414;0.0000;-787.8000;0.0000;6.8165;0.0000;-787.8000;0.0000;6.8165;1.0000;0.0000;0.0000;0.0000;0.0000
93;269.41;769.2000;885.4500;873.9500;104.7500;90.1075;0.0452;0.0000;-769.2000;0.0000;6.8165;0.0000;-769.2000;0.0000;6.8165;1.0000;0.0000;0.0000;0.0000;0.0000
94;269.81;791.5500;870.8500;870.3500;78.8000;99.3695;0.0027;0.0000;-791.5500;0.0000;6.8165;0.0000;-791.5500;0.0000;6.8165;1.0000;0.0000;0.0000;0.0000;0.0000
95;270.21;795.0500;858.1000;880.0000;84.9500;110.0000;-0.0414;0.0000;-795.0500;0.0000;6.8165;0.0000;-795.0500;0.0000;6.8165;1.0000;0.0000;0.0000;0.0000;0.0000
96;270.61;788.3500;873.5000;884.6500;96.3000;110.0000;-0.0414;0.0000;-788.3500;0.0000;6.8165;0.0000;-788.3500;0.0000;6.8165;1.0000;0.0000;0.0000;0.0000;0.0000
97;271.01;800.5000;863.5000;880.6000;80.1000;110.0000;-0.0414;0.0000;-800.5000;0.0000;6.8165;0.0000;-800.5000;0.0000;6.8165;1.0000;0.0000;0.0000;0.0000;0.0000
98;271.41;782.9000;875.9000;865.0500;82.1500;88.3333;0.0539;0.0000;-782.9000;0.0000;6.8165;0.0000;-782.9000;0.0000;6.8165;1.0000;0.0000;0.0000;0.0000;0.0000
99;271.81;785.6500;858.4500;876.8500;91.2000;110.0000;-0.0414;0.0000;-785.6500;0.0000;6.8165;0.0000;-785.6500;0.0000;6.8165;1.0000;0.0000;0.0000;0.0000;0.0000
100;272.20;797.0500;860.8500;867.5500;70.5000;110.0000;-0.0414;0.0000;-797.0500;0.0000;6.8165;0.0000;-797.0500;0.0000;6.8165;1.0000;0.0000;0.0000;0.0000;0.0000
101;272.60;779.2500;863.3500;872.6500;93.4000;110.0000;-0.0414;0.0000;-779.2500;0.0000;6.8165;0.0000;-779.2500;0.0000;6.8165;1.0000;0.0000;0.0000;0.0000;0.0000
102;273.00;800.4000;859.3000;865.0000;64.6000;109.6774;-0.0401;0.0000;-800.4000;0.0000;6.8165;0.0000;-800.4000;0.0000;6.8165;1.0000;0.0000;0.0000;0.0000;0.0000
103;273.40;790.7500;869.0000;860.0500;69.3000;88.5623;0.0528;0.0000;-790.7500;0.0000;6.8165;0.0000;-790.7500;0.0000;6.8165;1.0000;0.0000;0.0000;0.0000;0.0000
104;273.80;770.9000;859.6500;871.6500;100.7500;110.0000;-0.0414;0.0000;-770.9000;0.0000;6.8165;0.0000;-770.9000;0.0000;6.8165;1.0000;0.0000;0.0000;0.0000;0.0000
105;274.19;785.0000;861.3000;876.6500;91.6500;110.0000;-0.0414;0.0000;-785.0000;0.0000;6.8165;0.0000;-785.0000;0.0000;6.8165;1.0000;0.0000;0.0000;0.0000;0.0000
106;274.59;791.9000;854.1500;869.7500;77.8500;110.0000;-0.0414;0.0000;-791.9000;0.0000;6.8165;0.0000;-791.9000;0.0000;6.8165;1.0000;0.0000;0.0000;0.0000;0.0000
107;274.99;800.4000;871.5000;875.4000;75.0000;105.4852;-0.0232;0.0000;-800.4000;0.0000;6.8165;0.0000;-800.4000;0.0000;6.8165;1.0000;0.0000;0.0000;0.0000;0.0000
108;275.39;788.4000;860.7500;874.6000;86.2000;110.0000;-0.0414;0.0000;-788.4000;0.0000;6.8165;0.0000;-788.4000;0.0000;6.8165;1.0000;0.0000;0.0000;0.0000;0.0000
109;275.78;764.3500;875.4000;865.3000;100.9500;90.9050;0.0414;0.0000;-764.3500;0.0000;6.8165;0.0000;-764.3500;0.0000;6.8165;1.0000;0.0000;0.0000;0.0000;0.0000
110;276.18;775.9000;870.6000;864.8000;88.9000;93.8754;0.0274;0.0000;-775.9000;0.0000;6.8165;0.0000;-775.9000;0.0000;6.8165;1.0000;0.0000;0.0000;0.0000;0.0000
111;276.58;780.9500;873.6500;862.5000;81.5500;87.9720;0.0557;0.0000;-780.9500;0.0000;6.8165;0.0000;-780.9500;0.0000;6.8165;1.0000;0.0000;0.0000;0.0000;0.0000
112;276.98;782.4000;868.8500;868.5000;86.1000;99.5951;0.0018;0.0000;-782.4000;0.0000;6.8165;0.0000;-782.4000;0.0000;6.8165;1.0000;0.0000;0.0000;0.0000;0.0000
113;277.37;789.1500;873.4500;890.3500;101.2000;110.0000;-0.0414;0.0000;-789.1500;0.0000;6.8165;0.0000;-789.1500;0.0000;6.8165;1.0000;0.0000;0.0000;0.0000;0.0000
114;277.77;783.5000;875.4000;873.4500;89.9500;97.8781;0.0093;0.0000;-783.5000;0.0000;6.8165;0.0000;-783.5000;0.0000;6.8165;1.0000;0.0000;0.0000;0.0000;0.0000
115;278.17;785.7500;865.5500;894.3000;108.5500;110.0000;-0.0414;0.0000;-785.7500;0.0000;6.8165;0.0000;-785.7500;0.0000;6.8165;1.0000;0.0000;0.0000;0.0000;0.0000
116;278.56;782.4500;860.6000;882.1000;99.6500;110.0000;-0.0414;0.0000;-782.4500;0.0000;6.8165;0.0000;-782.4500;0.0000;6.8165;1.0000;0.0000;0.0000;0.0000;0.0000
117;278.96;797.5000;869.8000;893.4500;95.9500;110.0000;-0.0414;0.0000;-797.5000;0.0000;6.8165;0.0000;-797.5000;0.0000;6.8165;1.0000;0.0000;0.0000;0.0000;0.0000
118;279.36;788.7500;864.9000;887.9500;99.2000;110.0000;-0.0414;0.0000;-788.7500;0.0000;6.8165;0.0000;-788.7500;0.0000;6.8165;1.0000;0.0000;0.0000;0.0000;0.0000
119;279.75;792.7000;868.1000;893.0500;100.3500;110.0000;-0.0414;0.0000;-792.7000;0.0000;6.8165;0.0000;-792.7000;0.0000;6.8165;1.0000;0.0000;0.0000;0.0000;0.0000
120;280.15;799.0500;879.3500;886.5500;87.5000;108.9664;-0.0373;0.0000;-799.0500;0.0000;6.8165;0.0000;-799.0500;0.0000;6.8165;1.0000;0.0000;0.0000;0.0000;0.0000
121;280.55;769.3000;878.1500;889.0000;119.7000;109.9678;-0.0413;0.0000;-769.3000;0.0000;6.8165;0.0000;-769.3000;0.0000;6.8165;1.0000;0.0000;0.0000;0.0000;0.0000
122;280.94;785.5000;894.9000;881.3500;95.8500;87.6143;0.0574;0.0000;-785.5000;0.0000;6.8165;0.0000;-785.5000;0.0000;6.8165;1.0000;0.0000;0.0000;0.0000;0.0000
123;281.34;772.8500;869.4000;897.4500;124.6000;110.0000;-0.0414;0.0000;-772.8500;0.0000;6.8165;0.0000;-772.8500;0.0000;6.8165;1.0000;0.0000;0.0000;0.0000;0.0000
124;281.73;787.3500;877.1000;889.5000;102.1500;110.0000;-0.0414;0.0000;-787.3500;0.0000;6.8165;0.0000;-787.3500;0.0000;6.8165;1.0000;0.0000;0.0000;0.0000;0.0000
125;282.13;794.6000;889.8500;902.2000;107.6000;110.0000;-0.0414;0.0000;-794.6000;0.0000;6.8165;0.0000;-794.6000;0.0000;6.8165;1.0000;0.0000;0.0000;0.0000;0.0000
126;282.53;786.0500;886.2500;903.4000;117.3500;110.0000;-0.0414;0.0000;-786.0500;0.0000;6.8165;0.0000;-786.0500;0.0000;6.8165;1.0000;0.0000;0.0000;0.0000;0.0000
127;282.92;782.0500;880.4000;901.0500;119.0000;110.0000;-0.0414;0.0000;-782.0500;0.0000;6.8165;0.0000;-782.0500;0.0000;6.8165;1.0000;0.0000;0.0000;0.0000;0.0000
128;283.32;786.4500;880.0000;901.8000;115.3500;110.0000;-0.0414;0.0000;-786.4500;0.0000;6.8165;0.0000;-786.4500;0.0000;6.8165;1.0000;0.0000;0.0000;0.0000;0.0000
129;283.71;782.6000;886.3500;905.1500;122.5500;110.0000;-0.0414;0.0000;-782.6000;0.0000;6.8165;0.0000;-782.6000;0.0000;6.8165;1.0000;0.0000;0.0000;0.0000;0.0000
130;284.11;792.4500;886.6500;896.6500;104.2000;110.0000;-0.0414;0.0000;-792.4500;0.0000;6.8165;0.0000;-792.4500;0.0000;6.8165;1.0000;0.0000;0.0000;0.0000;0.0000
131;284.50;795.3500;896.7000;895.2000;99.8500;98.5200;0.0065;0.0000;-795.3500;0.0000;6.8165;0.0000;-795.3500;0.0000;6.8165;1.0000;0.0000;0.0000;0.0000;0.0000
132;284.90;787.9500;892.3000;889.4500;101.5000;97.2688;0.0120;0.0000;-787.9500;0.0000;6.8165;0.0000;-787.9500;0.0000;6.8165;1.0000;0.0000;0.0000;0.0000;0.0000
133;285.30;783.6500;877.1000;900.9500;117.3000;110.0000;-0.0414;0.0000;-783.6500;0.0000;6.8165;0.0000;-783.6500;0.0000;6.8165;1.0000;0.0000;0.0000;0.0000;0.0000
134;285.69;779.8000;881.5000;887.2500;107.4500;105.6539;-0.0239;0.0000;-779.8000;0.0000;6.8165;0.0000;-779.8000;0.0000;6.8165;1.0000;0.0000;0.0000;0.0000;0.0000
135;286.09;798.8000;893.4500;909.7000;110.9000;110.0000;-0.0414;0.0000;-798.8000;0.0000;6.8165;0.0000;-798.8000;0.0000;6.8165;1.0000;0.0000;0.0000;0.0000;0.0000
136;286.48;779.4500;897.2000;893.6500;114.2000;96.9851;0.0133;0.0000;-779.4500;0.0000;6.8165;0.0000;-779.4500;0.0000;6.8165;1.0000;0.0000;0.0000;0.0000;0.0000
137;286.88;785.2500;880.2500;904.9000;119.6500;110.0000;-0.0414;0.0000;-785.2500;0.0000;6.8165;0.0000;-785.2500;0.0000;6.8165;1.0000;0.0000;0.0000;0.0000;0.0000
138;287.27;800.9500;894.4500;896.6000;95.6500;102.2995;-0.0099;0.0000;-800.9500;0.0000;6.8165;0.0000;-800.9500;0.0000;6.8165;1.0000;0.0000;0.0000;0.0000;0.0000
139;287.67;778.1000;897.2500;892.4000;114.3000;95.9295;0.0180;0.0000;-778.1000;0.0000;6.8165;0.0000;-778.1000;0.0000;6.8165;1.0000;0.0000;0.0000;0.0000;0.0000
140;288.06;777.5000;894.4000;906.1000;128.6000;110.0000;-0.0414;0.0000;-777.5000;0.0000;6.8165;0.0000;-777.5000;0.0000;6.8165;1.0000;0.0000;0.0000;0.0000;0.0000
141;288.46;783.3500;880.1000;900.3500;117.0000;110.0000;-0.0414;0.0000;-783.3500;0.0000;6.8165;0.0000;-783.3500;0.0000;6.8165;1.0000;0.0000;0.0000;0.0000;0.0000
142;288.85;783.5000;896.4500;916.0500;132.5500;110.0000;-0.0414;0.0000;-783.5000;0.0000;6.8165;0.0000;-783.5000;0.0000;6.8165;1.0000;0.0000;0.0000;0.0000;0.0000
143;289.24;786.9000;902.2500;908.7500;121.8500;105.6350;-0.0238;0.0000;-786.9000;0.0000;6.8165;0.0000;-786.9000;0.0000;6.8165;1.0000;0.0000;0.0000;0.0000;0.0000
144;289.64;779.0500;905.4000;901.0500;122.0000;96.5572;0.0152;0.0000;-779.0500;0.0000;6.8165;0.0000;-779.0500;0.0000;6.8165;1.0000;0.0000;0.0000;0.0000;0.0000
145;290.03;789.5000;900.5000;915.4500;125.9500;110.0000;-0.0414;0.0000;-789.5000;0.0000;6.8165;0.0000;-789.5000;0.0000;6.8165;1.0000;0.0000;0.0000;0.0000;0.0000
146;290.43;784.5500;901.3500;923.6500;139.1000;110.0000;-0.0414;0.0000;-784.5500;0.0000;6.8165;0.0000;-784.5500;0.0000;6.8165;1.0000;0.0000;0.0000;0.0000;0.0000
147;290.82;782.2000;904.1000;914.4500;132.2500;108.4906;-0.0354;0.0000;-782.2000;0.0000;6.8165;0.0000;-782.2000;0.0000;6.8165;1.0000;0.0000;0.0000;0.0000;0.0000
148;291.21;793.6000;908.3000;909.6500;116.0500;101.1770;-0.0051;0.0000;-793.6000;0.0000;6.8165;0.0000;-793.6000;0.0000;6.8165;1.0000;0.0000;0.0000;0.0000;0.0000
149;291.61;785.2000;915.2500;909.4000;124.2000;95.5017;0.0200;0.0000;-785.2000;0.0000;6.8165;0.0000;-785.2000;0.0000;6.8165;1.0000;0.0000;0.0000;0.0000;0.0000
150;292.00;793.3500;903.8000;914.4000;121.0500;109.5971;-0.0398;0.0000;-793.3500;0.0000;6.8165;0.0000;-793.3500;0.0000;6.8165;1.0000;0.0000;0.0000;0.0000;0.0000
151;292.40;786.9500;899.8500;913.0500;126.1000;110.0000;-0.0414;0.0000;-786.9500;0.0000;6.8165;0.0000;-786.9500;0.0000;6.8165;1.0000;0.0000;0.0000;0.0000;0.0000
152;292.79;793.6500;907.5500;923.5500;129.9000;110.0000;-0.0414;0.0000;-793.6500;0.0000;6.8165;0.0000;-793.6500;0.0000;6.8165;1.0000;0.0000;0.0000;0.0000;0.0000
153;293.18;786.4500;907.0500;920.5000;134.0500;110.0000;-0.0414;0.0000;-786.4500;0.0000;6.8165;0.0000;-786.4500;0.0000;6.8165;1.0000;0.0000;0.0000;0.0000;0.0000
154;293.58;776.1500;910.2500;919.5500;143.4000;106.9351;-0.0291;0.0000;-776.1500;0.0000;6.8165;0.0000;-776.1500;0.0000;6.8165;1.0000;0.0000;0.0000;0.0000;0.0000
155;293.97;788.6000;895.2000;924.7000;136.1000;110.0000;-0.0414;0.0000;-788.6000;0.0000;6.8165;0.0000;-788.6000;0.0000;6.8165;1.0000;0.0000;0.0000;0.0000;0.0000
156;294.36;785.5500;921.8000;916.3500;130.8000;96.0000;0.0177;0.0000;-785.5500;0.0000;6.8165;0.0000;-785.5500;0.0000;6.8165;1.0000;0.0000;0.0000;0.0000;0.0000
157;294.76;790.6000;914.0500;917.0000;126.4000;102.3896;-0.0103;0.0000;-790.6000;0.0000;6.8165;0.0000;-790.6000;0.0000;6.8165;1.0000;0.0000;0.0000;0.0000;0.0000
158;295.15;770.4500;901.8500;915.6500;145.2000;110.0000;-0.0414;0.0000;-770.4500;0.0000;6.8165;0.0000;-770.4500;0.0000;6.8165;1.0000;0.0000;0.0000;0.0000;0.0000
159;295.54;794.4000;909.2000;918.0000;123.6000;107.6655;-0.0321;0.0000;-794.4000;0.0000;6.8165;0.0000;-794.4000;0.0000;6.8165;1.0000;0.0000;0.0000;0.0000;0.0000
160;295.94;790.4500;894.2500;920.6500;130.2000;110.0000;-0.0414;0.0000;-790.4500;0.0000;6.8165;0.0000;-790.4500;0.0000;6.8165;1.0000;0.0000;0.0000;0.0000;0.0000
161;296.33;789.0000;912.1500;924.4500;135.4500;109.9878;-0.0413;0.0000;-789.0000;0.0000;6.8165;0.0000;-789.0000;0.0000;6.8165;1.0000;0.0000;0.0000;0.0000;0.0000
162;296.72;788.6500;909.6000;901.8000;113.1500;93.5511;0.0290;0.0000;-788.6500;0.0000;6.8165;0.0000;-788.6500;0.0000;6.8165;1.0000;0.0000;0.0000;0.0000;0.0000
163;297.11;789.0000;915.2000;910.2000;121.2000;96.0380;0.0176;0.0000;-789.0000;0.0000;6.8165;0.0000;-789.0000;0.0000;6.8165;1.0000;0.0000;0.0000;0.0000;0.0000
164;297.51;778.9500;904.1000;914.5000;135.5500;108.3100;-0.0347;0.0000;-778.9500;0.0000;6.8165;0.0000;-778.9500;0.0000;6.8165;1.0000;0.0000;0.0000;0.0000;0.0000
165;297.90;796.9500;911.2500;904.5000;107.5500;94.0945;0.0264;0.0000;-796.9500;0.0000;6.8165;0.0000;-796.9500;0.0000;6.8165;1.0000;0.0000;0.0000;0.0000;0.0000
166;298.29;801.2500;917.7500;913.4500;112.2000;96.3090;0.0163;0.0000;-801.2500;0.0000;6.8165;0.0000;-801.2500;0.0000;6.8165;1.0000;0.0000;0.0000;0.0000;0.0000
167;298.68;786.7000;928.9000;928.7500;142.0500;99.8945;0.0005;0.0000;-786.7000;0.0000;6.8165;0.0000;-786.7000;0.0000;6.8165;1.0000;0.0000;0.0000;0.0000;0.0000
168;299.08;789.9500;920.9000;921.0000;131.0500;100.0764;-0.0003;0.0000;-789.9500;0.0000;6.8165;0.0000;-789.9500;0.0000;6.8165;1.0000;0.0000;0.0000;0.0000;0.0000
169;299.47;781.7500;914.5500;911.8500;130.1000;97.9669;0.0089;0.0000;-781.7500;0.0000;6.8165;0.0000;-781.7500;0.0000;6.8165;1.0000;0.0000;0.0000;0.0000;0.0000
170;299.86;768.0500;919.0500;918.4000;150.3500;99.5695;0.0019;0.0000;-768.0500;0.0000;6.8165;0.0000;-768.0500;0.0000;6.8165;1.0000;0.0000;0.0000;0.0000;0.0000
171;300.25;797.3500;909.0500;923.9500;126.6000;110.0000;-0.0414;0.0000;-797.3500;0.0000;6.8165;0.0000;-797.3500;0.0000;6.8165;1.0000;0.0000;0.0000;0.0000;0.0000
172;300.64;775.6500;914.7500;928.8000;153.1500;110.0000;-0.0414;0.0000;-775.6500;0.0000;6.8165;0.0000;-775.6500;0.0000;6.8165;1.0000;0.0000;0.0000;0.0000;0.0000
173;301.04;787.1000;918.3500;921.5000;134.4000;102.4000;-0.0103;0.0000;-787.1000;0.0000;6.8165;0.0000;-787.1000;0.0000;6.8165;1.0000;0.0000;0.0000;0.0000;0.0000
174;301.43;782.8500;905.6000;926.1000;143.2500;110.0000;-0.0414;0.0000;-782.8500;0.0000;6.8165;0.0000;-782.8500;0.0000;6.8165;1.0000;0.0000;0.0000;0.0000;0.0000
175;301.82;778.4000;924.2500;922.2500;143.8500;98.6287;0.0060;0.0000;-778.4000;0.0000;6.8165;0.0000;-778.4000;0.0000;6.8165;1.0000;0.0000;0.0000;0.0000;0.0000
176;302.21;768.1500;909.5000;921.0000;152.8500;108.1358;-0.0340;0.0000;-768.1500;0.0000;6.8165;0.0000;-768.1500;0.0000;6.8165;1.0000;0.0000;0.0000;0.0000;0.0000
177;302.60;781.8000;908.4500;918.5000;136.7000;107.9353;-0.0332;0.0000;-781.8000;0.0000;6.8165;0.0000;-781.8000;0.0000;6.8165;1.0000;0.0000;0.0000;0.0000;0.0000
178;302.99;781.0000;916.4000;924.6500;143.6500;106.0931;-0.0257;0.0000;-781.0000;0.0000;6.8165;0.0000;-781.0000;0.0000;6.8165;1.0000;0.0000;0.0000;0.0000;0.0000
179;303.38;778.1500;929.7500;928.1500;150.0000;98.9446;0.0046;0.0000;-778.1500;0.0000;6.8165;0.0000;-778.1500;0.0000;6.8165;1.0000;0.0000;0.0000;0.0000;0.0000
180;303.78;797.0500;927.2500;918.5000;121.4500;93.2796;0.0302;0.0000;-797.0500;0.0000;6.8165;0.0000;-797.0500;0.0000;6.8165;1.0000;0.0000;0.0000;0.0000;0.0000
181;304.17;776.0500;917.1500;931.5500;155.5000;110.0000;-0.0414;0.0000;-776.0500;0.0000;6.8165;0.0000;-776.0500;0.0000;6.8165;1.0000;0.0000;0.0000;0.0000;0.0000
182;304.56;782.3000;912.5000;926.8500;144.5500;110.0000;-0.0414;0.0000;-782.3000;0.0000;6.8165;0.0000;-782.3000;0.0000;6.8165;1.0000;0.0000;0.0000;0.0000;0.0000
183;304.95;781.1500;926.5000;922.0000;140.8500;96.9040;0.0137;0.0000;-781.1500;0.0000;6.8165;0.0000;-781.1500;0.0000;6.8165;1.0000;0.0000;0.0000;0.0000;0.0000
184;305.34;794.2500;919.1500;916.7500;122.5000;98.0785;0.0084;0.0000;-794.2500;0.0000;6.8165;0.0000;-794.2500;0.0000;6.8165;1.0000;0.0000;0.0000;0.0000;0.0000
185;305.73;789.6500;926.7500;924.6000;134.9500;98.4318;0.0069;0.0000;-789.6500;0.0000;6.8165;0.0000;-789.6500;0.0000;6.8165;1.0000;0.0000;0.0000;0.0000;0.0000
186;306.12;781.2000;923.9500;910.3500;129.1500;90.4729;0.0435;0.0000;-781.2000;0.0000;6.8165;0.0000;-781.2000;0.0000;6.8165;1.0000;0.0000;0.0000;0.0000;0.0000
187;306.51;787.3500;928.3500;931.2500;143.9000;102.0567;-0.0088;0.0000;-787.3500;0.0000;6.8165;0.0000;-787.3500;0.0000;6.8165;1.0000;0.0000;0.0000;0.0000;0.0000
188;306.90;788.5500;915.9000;925.1000;136.5500;107.2242;-0.0303;0.0000;-788.5500;0.0000;6.8165;0.0000;-788.5500;0.0000;6.8165;1.0000;0.0000;0.0000;0.0000;0.0000
189;307.29;806.1000;915.1000;927.5000;121.4000;110.0000;-0.0414;0.0000;-806.1000;0.0000;6.8165;0.0000;-806.1000;0.0000;6.8165;1.0000;0.0000;0.0000;0.0000;0.0000
190;307.68;785.5500;915.3000;934.8000;149.2500;110.0000;-0.0414;0.0000;-785.5500;0.0000;6.8165;0.0000;-785.5500;0.0000;6.8165;1.0000;0.0000;0.0000;0.0000;0.0000
191;308.07;782.8500;918.5500;937.7000;154.8500;110.0000;-0.0414;0.0000;-782.8500;0.0000;6.8165;0.0000;-782.8500;0.0000;6.8165;1.0000;0.0000;0.0000;0.0000;0.0000
192;308.46;793.1000;924.2500;937.5000;144.4000;110.0000;-0.0414;0.0000;-793.1000;0.0000;6.8165;0.0000;-793.1000;0.0000;6.8165;1.0000;0.0000;0.0000;0.0000;0.0000
193;308.85;788.2000;917.5500;924.5000;136.3000;105.3730;-0.0227;0.0000;-788.2000;0.0000;6.8165;0.0000;-788.2000;0.0000;6.8165;1.0000;0.0000;0.0000;0.0000;0.0000
194;309.24;794.0000;916.3500;923.9500;129.9500;106.2117;-0.0262;0.0000;-794.0000;0.0000;6.8165;0.0000;-794.0000;0.0000;6.8165;1.0000;0.0000;0.0000;0.0000;0.0000
195;309.63;787.9000;928.2500;919.7000;131.8000;93.9081;0.0273;0.0000;-787.9000;0.0000;6.8165;0.0000;-787.9000;0.0000;6.8165;1.0000;0.0000;0.0000;0.0000;0.0000
196;310.02;779.8000;935.0000;925.5000;145.7000;93.8789;0.0274;0.0000;-779.8000;0.0000;6.8165;0.0000;-779.8000;0.0000;6.8165;1.0000;0.0000;0.0000;0.0000;0.0000
197;310.41;790.0500;926.2000;942.8500;152.8000;110.0000;-0.0414;0.0000;-790.0500;0.0000;6.8165;0.0000;-790.0500;0.0000;6.8165;1.0000;0.0000;0.0000;0.0000;0.0000
198;310.80;785.8500;935.2000;931.3000;145.4500;97.3887;0.0115;0.0000;-785.8500;0.0000;6.8165;0.0000;-785.8500;0.0000;6.8165;1.0000;0.0000;0.0000;0.0000;0.0000
199;311.19;766.6000;924.8000;938.3500;171.7500;108.5651;-0.0357;0.0000;-766.6000;0.0000;6.8165;0.0000;-766.6000;0.0000;6.8165;1.0000;0.0000;0.0000;0.0000;0.0000
200;311.58;782.6000;927.9000;934.5000;151.9000;104.5423;-0.0193;0.0000;-782.6000;0.0000;6.8165;0.0000;-782.6000;0.0000;6.8165;1.0000;0.0000;0.0000;0.0000;0.0000
201;311.97;778.8000;938.6500;931.4500;152.6500;95.4958;0.0200;0.0000;-778.8000;0.0000;6.8165;0.0000;-778.8000;0.0000;6.8165;1.0000;0.0000;0.0000;0.0000;0.0000
202;312.36;791.2000;936.5500;948.3000;157.1000;108.0839;-0.0338;0.0000;-791.2000;0.0000;6.8165;0.0000;-791.2000;0.0000;6.8165;1.0000;0.0000;0.0000;0.0000;0.0000
203;312.75;779.1000;926.3500;940.7500;161.6500;109.7793;-0.0405;0.0000;-779.1000;0.0000;6.8165;0.0000;-779.1000;0.0000;6.8165;1.0000;0.0000;0.0000;0.0000;0.0000
204;313.14;784.8500;921.8500;938.3000;153.4500;110.0000;-0.0414;0.0000;-784.8500;0.0000;6.8165;0.0000;-784.8500;0.0000;6.8165;1.0000;0.0000;0.0000;0.0000;0.0000
205;313.53;768.6000;941.1000;937.9500;169.3500;98.1739;0.0080;0.0000;-768.6000;0.0000;6.8165;0.0000;-768.6000;0.0000;6.8165;1.0000;0.0000;0.0000;0.0000;0.0000
206;313.91;788.7500;922.8500;931.6500;142.9000;106.5623;-0.0276;0.0000;-788.7500;0.0000;6.8165;0.0000;-788.7500;0.0000;6.8165;1.0000;0.0000;0.0000;0.0000;0.0000
207;314.30;782.1500;938.1000;945.3000;163.1500;104.6169;-0.0196;0.0000;-782.1500;0.0000;6.8165;0.0000;-782.1500;0.0000;6.8165;1.0000;0.0000;0.0000;0.0000;0.0000
208;314.69;788.8000;922.0000;928.6000;139.8000;104.9550;-0.0210;0.0000;-788.8000;0.0000;6.8165;0.0000;-788.8000;0.0000;6.8165;1.0000;0.0000;0.0000;0.0000;0.0000
209;315.08;790.0500;938.5000;945.7500;155.7000;104.8838;-0.0207;0.0000;-790.0500;0.0000;6.8165;0.0000;-790.0500;0.0000;6.8165;1.0000;0.0000;0.0000;0.0000;0.0000
210;315.47;800.5000;934.3500;939.7500;139.2500;104.0344;-0.0172;0.0000;-800.5000;0.0000;6.8165;0.0000;-800.5000;0.0000;6.8165;1.0000;0.0000;0.0000;0.0000;0.0000
211;315.86;781.5000;924.8000;941.6500;160.1500;110.0000;-0.0414;0.0000;-781.5000;0.0000;6.8165;0.0000;-781.5000;0.0000;6.8165;1.0000;0.0000;0.0000;0.0000;0.0000
212;316.25;781.4000;944.2000;935.5000;154.1000;94.6560;0.0239;0.0000;-781.4000;0.0000;6.8165;0.0000;-781.4000;0.0000;6.8165;1.0000;0.0000;0.0000;0.0000;0.0000
213;316.63;789.9500;927.8500;935.4000;145.4500;105.4750;-0.0231;0.0000;-789.9500;0.0000;6.8165;0.0000;-789.9500;0.0000;6.8165;1.0000;0.0000;0.0000;0.0000;0.0000
214;317.02;784.3500;937.5500;953.8000;169.4500;110.0000;-0.0414;0.0000;-784.3500;0.0000;6.8165;0.0000;-784.3500;0.0000;6.8165;1.0000;0.0000;0.0000;0.0000;0.0000
215;317.41;774.5000;944.0000;945.4000;170.9000;100.8260;-0.0036;0.0000;-774.5000;0.0000;6.8165;0.0000;-774.5000;0.0000;6.8165;1.0000;0.0000;0.0000;0.0000;0.0000
216;317.80;784.5000;938.8000;942.4000;157.9000;102.3331;-0.0100;0.0000;-784.5000;0.0000;6.8165;0.0000;-784.5000;0.0000;6.8165;1.0000;0.0000;0.0000;0.0000;0.0000
217;318.19;782.6000;924.0500;945.6000;163.0000;110.0000;-0.0414;0.0000;-782.6000;0.0000;6.8165;0.0000;-782.6000;0.0000;6.8165;1.0000;0.0000;0.0000;0.0000;0.0000
218;318.57;780.2000;926.3000;945.8000;165.6000;110.0000;-0.0414;0.0000;-780.2000;0.0000;6.8165;0.0000;-780.2000;0.0000;6.8165;1.0000;0.0000;0.0000;0.0000;0.0000
219;318.96;804.7500;931.4000;943.3500;138.6000;109.4355;-0.0392;0.0000;-804.7500;0.0000;6.8165;0.0000;-804.7500;0.0000;6.8165;1.0000;0.0000;0.0000;0.0000;0.0000
220;319.35;803.1500;950.3000;955.3500;152.2000;103.4319;-0.0147;0.0000;-803.1500;0.0000;6.8165;0.0000;-803.1500;0.0000;6.8165;1.0000;0.0000;0.0000;0.0000;0.0000
221;319.74;786.2500;950.7000;944.4500;158.2000;96.1995;0.0168;0.0000;-786.2500;0.0000;6.8165;0.0000;-786.2500;0.0000;6.8165;1.0000;0.0000;0.0000;0.0000;0.0000
222;320.12;774.0000;947.6000;947.1500;173.1500;99.7408;0.0011;0.0000;-774.0000;0.0000;6.8165;0.0000;-774.0000;0.0000;6.8165;1.0000;0.0000;0.0000;0.0000;0.0000
223;320.51;779.6000;943.4500;950.2000;170.6000;104.1196;-0.0175;0.0000;-779.6000;0.0000;6.8165;0.0000;-779.6000;0.0000;6.8165;1.0000;0.0000;0.0000;0.0000;0.0000
224;320.90;783.4000;925.8500;961.2500;177.8500;110.0000;-0.0414;0.0000;-783.4000;0.0000;6.8165;0.0000;-783.4000;0.0000;6.8165;1.0000;0.0000;0.0000;0.0000;0.0000
225;321.28;785.4500;946.2500;960.1000;174.6500;108.6132;-0.0359;0.0000;-785.4500;0.0000;6.8165;0.0000;-785.4500;0.0000;6.8165;1.0000;0.0000;0.0000;0.0000;0.0000
226;321.67;778.1000;941.9500;941.5000;163.4000;99.7254;0.0012;0.0000;-778.1000;0.0000;6.8165;0.0000;-778.1000;0.0000;6.8165;1.0000;0.0000;0.0000;0.0000;0.0000
227;322.06;786.9000;942.3500;951.0000;164.1000;105.5645;-0.0235;0.0000;-786.9000;0.0000;6.8165;0.0000;-786.9000;0.0000;6.8165;1.0000;0.0000;0.0000;0.0000;0.0000
228;322.45;769.2500;950.8000;939.6000;170.3500;93.8309;0.0277;0.0000;-769.2500;0.0000;6.8165;0.0000;-769.2500;0.0000;6.8165;1.0000;0.0000;0.0000;0.0000;0.0000
229;322.83;766.6500;928.0500;956.2500;189.6000;110.0000;-0.0414;0.0000;-766.6500;0.0000;6.8165;0.0000;-766.6500;0.0000;6.8165;1.0000;0.0000;0.0000;0.0000;0.0000
230;323.22;794.4500;942.0500;949.5000;155.0500;105.0474;-0.0214;0.0000;-794.4500;0.0000;6.8165;0.0000;-794.4500;0.0000;6.8165;1.0000;0.0000;0.0000;0.0000;0.0000
231;323.61;784.3500;929.5500;949.2000;164.8500;110.0000;-0.0414;0.0000;-784.3500;0.0000;6.8165;0.0000;-784.3500;0.0000;6.8165;1.0000;0.0000;0.0000;0.0000;0.0000
232;323.99;794.0000;945.8500;943.8000;149.8000;98.6500;0.0059;0.0000;-794.0000;0.0000;6.8165;0.0000;-794.0000;0.0000;6.8165;1.0000;0.0000;0.0000;0.0000;0.0000
233;324.38;780.2000;953.4500;942.9000;162.7000;93.9105;0.0273;0.0000;-780.2000;0.0000;6.8165;0.0000;-780.2000;0.0000;6.8165;1.0000;0.0000;0.0000;0.0000;0.0000
234;324.77;784.4500;939.8500;950.0000;165.5500;106.5315;-0.0275;0.0000;-784.4500;0.0000;6.8165;0.0000;-784.4500;0.0000;6.8165;1.0000;0.0000;0.0000;0.0000;0.0000
235;325.15;777.7500;942.3500;954.0500;176.3000;107.1081;-0.0298;0.0000;-777.7500;0.0000;6.8165;0.0000;-777.7500;0.0000;6.8165;1.0000;0.0000;0.0000;0.0000;0.0000
236;325.54;794.8500;932.4000;950.1000;155.2500;110.0000;-0.0414;0.0000;-794.8500;0.0000;6.8165;0.0000;-794.8500;0.0000;6.8165;1.0000;0.0000;0.0000;0.0000;0.0000
237;325.92;793.0500;962.7500;965.8500;172.8000;101.8268;-0.0079;0.0000;-793.0500;0.0000;6.8165;0.0000;-793.0500;0.0000;6.8165;1.0000;0.0000;0.0000;0.0000;0.0000
238;326.31;771.4000;942.2500;944.8000;173.4000;101.4925;-0.0064;0.0000;-771.4000;0.0000;6.8165;0.0000;-771.4000;0.0000;6.8165;1.0000;0.0000;0.0000;0.0000;0.0000
239;326.70;786.4500;949.5500;957.8000;171.3500;105.0582;-0.0214;0.0000;-786.4500;0.0000;6.8165;0.0000;-786.4500;0.0000;6.8165;1.0000;0.0000;0.0000;0.0000;0.0000
240;327.08;789.3000;940.2000;955.4000;166.1000;110.0000;-0.0414;0.0000;-789.3000;0.0000;6.8165;0.0000;-789.3000;0.0000;6.8165;1.0000;0.0000;0.0000;0.0000;0.0000
241;327.47;775.0000;944.3500;955.6500;180.6500;106.6726;-0.0281;0.0000;-775.0000;0.0000;6.8165;0.0000;-775.0000;0.0000;6.8165;1.0000;0.0000;0.0000;0.0000;0.0000
242;327.85;782.8000;942.8000;949.9000;167.1000;104.4375;-0.0189;0.0000;-782.8000;0.0000;6.8165;0.0000;-782.8000;0.0000;6.8165;1.0000;0.0000;0.0000;0.0000;0.0000
243;328.24;783.9500;950.7000;954.1000;170.1500;102.0390;-0.0088;0.0000;-783.9500;0.0000;6.8165;0.0000;-783.9500;0.0000;6.8165;1.0000;0.0000;0.0000;0.0000;0.0000
244;328.62;786.8000;950.2500;961.8500;175.0500;107.0970;-0.0298;0.0000;-786.8000;0.0000;6.8165;0.0000;-786.8000;0.0000;6.8165;1.0000;0.0000;0.0000;0.0000;0.0000
245;329.01;782.9500;963.2000;961.9000;178.9500;99.2788;0.0031;0.0000;-782.9500;0.0000;6.8165;0.0000;-782.9500;0.0000;6.8165;1.0000;0.0000;0.0000;0.0000;0.0000
246;329.39;789.6500;944.9500;940.5500;150.9000;97.1668;0.0125;0.0000;-789.6500;0.0000;6.8165;0.0000;-789.6500;0.0000;6.8165;1.0000;0.0000;0.0000;0.0000;0.0000
247;329.78;781.3000;946.2500;976.1000;194.8000;110.0000;-0.0414;0.0000;-781.3000;0.0000;6.8165;0.0000;-781.3000;0.0000;6.8165;1.0000;0.0000;0.0000;0.0000;0.0000
248;330.16;793.1500;951.8000;955.2000;162.0500;102.1431;-0.0092;0.0000;-793.1500;0.0000;6.8165;0.0000;-793.1500;0.0000;6.8165;1.0000;0.0000;0.0000;0.0000;0.0000
249;330.55;773.4000;951.0500;960.9500;187.5500;105.5728;-0.0236;0.0000;-773.4000;0.0000;6.8165;0.0000;-773.4000;0.0000;6.8165;1.0000;0.0000;0.0000;0.0000;0.0000
250;330.93;797.1000;964.2000;960.0500;162.9500;97.5165;0.0109;0.0000;-797.1000;0.0000;6.8165;0.0000;-797.1000;0.0000;6.8165;1.0000;0.0000;0.0000;0.0000;0.0000
251;331.32;796.9000;949.1000;974.2000;177.3000;110.0000;-0.0414;0.0000;-796.9000;0.0000;6.8165;0.0000;-796.9000;0.0000;6.8165;1.0000;0.0000;0.0000;0.0000;0.0000
252;331.70;796.3000;962.4000;968.0500;171.7500;103.4016;-0.0145;0.0000;-796.3000;0.0000;6.8165;0.0000;-796.3000;0.0000;6.8165;1.0000;0.0000;0.0000;0.0000;0.0000
253;332.09;778.2500;964.3500;963.8500;185.6000;99.7313;0.0012;0.0000;-778.2500;0.0000;6.8165;0.0000;-778.2500;0.0000;6.8165;1.0000;0.0000;0.0000;0.0000;0.0000
254;332.47;792.8500;970.3000;971.0500;178.2000;100.4227;-0.0018;0.0000;-792.8500;0.0000;6.8165;0.0000;-792.8500;0.0000;6.8165;1.0000;0.0000;0.0000;0.0000;0.0000
255;332.86;783.2000;947.5500;973.8000;190.6000;110.0000;-0.0414;0.0000;-783.2000;0.0000;6.8165;0.0000;-783.2000;0.0000;6.8165;1.0000;0.0000;0.0000;0.0000;0.0000
256;333.24;787.7000;966.1000;970.5500;182.8500;102.4944;-0.0107;0.0000;-787.7000;0.0000;6.8165;0.0000;-787.7000;0.0000;6.8165;1.0000;0.0000;0.0000;0.0000;0.0000
257;333.63;780.8500;950.3000;958.5000;177.6500;104.8392;-0.0205;0.0000;-780.8500;0.0000;6.8165;0.0000;-780.8500;0.0000;6.8165;1.0000;0.0000;0.0000;0.0000;0.0000
258;334.01;786.4000;951.6000;971.0500;184.6500;110.0000;-0.0414;0.0000;-786.4000;0.0000;6.8165;0.0000;-786.4000;0.0000;6.8165;1.0000;0.0000;0.0000;0.0000;0.0000
259;334.39;774.5500;965.3000;957.4000;182.8500;95.8585;0.0184;0.0000;-774.5500;0.0000;6.8165;0.0000;-774.5500;0.0000;6.8165;1.0000;0.0000;0.0000;0.0000;0.0000
260;334.78;782.0000;971.4500;965.0500;183.0500;96.6218;0.0149;0.0000;-782.0000;0.0000;6.8165;0.0000;-782.0000;0.0000;6.8165;1.0000;0.0000;0.0000;0.0000;0.0000
261;335.16;783.6000;958.9000;969.7000;186.1000;106.1609;-0.0260;0.0000;-783.6000;0.0000;6.8165;0.0000;-783.6000;0.0000;6.8165;1.0000;0.0000;0.0000;0.0000;0.0000
262;335.55;793.2000;952.6000;966.8500;173.6500;108.9398;-0.0372;0.0000;-793.2000;0.0000;6.8165;0.0000;-793.2000;0.0000;6.8165;1.0000;0.0000;0.0000;0.0000;0.0000
263;335.93;791.9500;942.2000;955.4000;163.4500;108.7854;-0.0366;0.0000;-791.9500;0.0000;6.8165;0.0000;-791.9500;0.0000;6.8165;1.0000;0.0000;0.0000;0.0000;0.0000
264;336.31;779.5000;959.7500;966.9000;187.4000;103.9667;-0.0169;0.0000;-779.5000;0.0000;6.8165;0.0000;-779.5000;0.0000;6.8165;1.0000;0.0000;0.0000;0.0000;0.0000
265;336.70;783.9000;961.5000;949.1000;165.2000;93.0180;0.0314;0.0000;-783.9000;0.0000;6.8165;0.0000;-783.9000;0.0000;6.8165;1.0000;0.0000;0.0000;0.0000;0.0000
266;337.08;788.9000;968.7000;978.1500;189.2500;105.2558;-0.0222;0.0000;-788.9000;0.0000;6.8165;0.0000;-788.9000;0.0000;6.8165;1.0000;0.0000;0.0000;0.0000;0.0000
267;337.46;780.8500;974.8500;976.2000;195.3500;100.6959;-0.0030;0.0000;-780.8500;0.0000;6.8165;0.0000;-780.8500;0.0000;6.8165;1.0000;0.0000;0.0000;0.0000;0.0000
268;337.85;786.1000;959.5500;984.8500;198.7500;110.0000;-0.0414;0.0000;-786.1000;0.0000;6.8165;0.0000;-786.1000;0.0000;6.8165;1.0000;0.0000;0.0000;0.0000;0.0000
269;338.23;780.9500;956.6000;971.1000;190.1500;108.2551;-0.0344;0.0000;-780.9500;0.0000;6.8165;0.0000;-780.9500;0.0000;6.8165;1.0000;0.0000;0.0000;0.0000;0.0000
270;338.61;784.6500;960.4000;973.0500;188.4000;107.1977;-0.0302;0.0000;-784.6500;0.0000;6.8165;0.0000;-784.6500;0.0000;6.8165;1.0000;0.0000;0.0000;0.0000;0.0000
271;339.00;798.6500;978.8000;973.7500;175.1000;97.1968;0.0123;0.0000;-798.6500;0.0000;6.8165;0.0000;-798.6500;0.0000;6.8165;1.0000;0.0000;0.0000;0.0000;0.0000
272;339.38;787.5000;968.6000;972.2000;184.7000;101.9879;-0.0085;0.0000;-787.5000;0.0000;6.8165;0.0000;-787.5000;0.0000;6.8165;1.0000;0.0000;0.0000;0.0000;0.0000
273;339.76;801.9500;969.4500;956.7500;154.8000;92.4179;0.0342;0.0000;-801.9500;0.0000;6.8165;0.0000;-801.9500;0.0000;6.8165;1.0000;0.0000;0.0000;0.0000;0.0000
274;340.14;787.8500;961.3000;966.2500;178.4000;102.8538;-0.0122;0.0000;-787.8500;0.0000;6.8165;0.0000;-787.8500;0.0000;6.8165;1.0000;0.0000;0.0000;0.0000;0.0000
275;340.53;798.7000;964.6000;972.3500;173.6500;104.6715;-0.0198;0.0000;-798.7000;0.0000;6.8165;0.0000;-798.7000;0.0000;6.8165;1.0000;0.0000;0.0000;0.0000;0.0000
276;340.91;788.1500;947.3500;978.9500;190.8000;110.0000;-0.0414;0.0000;-788.1500;0.0000;6.8165;0.0000;-788.1500;0.0000;6.8165;1.0000;0.0000;0.0000;0.0000;0.0000
277;341.29;781.3500;961.8500;979.3000;197.9500;109.6676;-0.0401;0.0000;-781.3500;0.0000;6.8165;0.0000;-781.3500;0.0000;6.8165;1.0000;0.0000;0.0000;0.0000;0.0000
278;341.67;791.1500;965.1500;984.4500;193.3000;110.0000;-0.0414;0.0000;-791.1500;0.0000;6.8165;0.0000;-791.1500;0.0000;6.8165;1.0000;0.0000;0.0000;0.0000;0.0000
279;342.06;796.3000;956.2000;979.1000;182.8000;110.0000;-0.0414;0.0000;-796.3000;0.0000;6.8165;0.0000;-796.3000;0.0000;6.8165;1.0000;0.0000;0.0000;0.0000;0.0000
280;342.44;784.6500;957.4000;967.5500;182.9000;105.8755;-0.0248;0.0000;-784.6500;0.0000;6.8165;0.0000;-784.6500;0.0000;6.8165;1.0000;0.0000;0.0000;0.0000;0.0000
281;342.82;775.0000;947.5000;974.1500;199.1500;110.0000;-0.0414;0.0000;-775.0000;0.0000;6.8165;0.0000;-775.0000;0.0000;6.8165;1.0000;0.0000;0.0000;0.0000;0.0000
282;343.20;772.5000;970.0500;980.6500;208.1500;105.3657;-0.0227;0.0000;-772.5000;0.0000;6.8165;0.0000;-772.5000;0.0000;6.8165;1.0000;0.0000;0.0000;0.0000;0.0000
283;343.59;772.4500;969.7000;977.3500;204.9000;103.8783;-0.0165;0.0000;-772.4500;0.0000;6.8165;0.0000;-772.4500;0.0000;6.8165;1.0000;0.0000;0.0000;0.0000;0.0000
284;343.97;793.7000;980.4000;981.2500;187.5500;100.4553;-0.0020;0.0000;-793.7000;0.0000;6.8165;0.0000;-793.7000;0.0000;6.8165;1.0000;0.0000;0.0000;0.0000;0.0000
285;344.35;792.5500;978.4500;992.8000;200.2500;107.7192;-0.0323;0.0000;-792.5500;0.0000;6.8165;0.0000;-792.5500;0.0000;6.8165;1.0000;0.0000;0.0000;0.0000;0.0000
286;344.73;782.2000;977.9500;976.4500;194.2500;99.2337;0.0033;0.0000;-782.2000;0.0000;6.8165;0.0000;-782.2000;0.0000;6.8165;1.0000;0.0000;0.0000;0.0000;0.0000
287;345.11;773.7000;973.1500;972.5000;198.8000;99.6741;0.0014;0.0000;-773.7000;0.0000;6.8165;0.0000;-773.7000;0.0000;6.8165;1.0000;0.0000;0.0000;0.0000;0.0000
288;345.49;776.7000;962.9500;985.0500;208.3500;110.0000;-0.0414;0.0000;-776.7000;0.0000;6.8165;0.0000;-776.7000;0.0000;6.8165;1.0000;0.0000;0.0000;0.0000;0.0000
289;345.88;775.8500;981.2000;974.1500;198.3000;96.5668;0.0152;0.0000;-775.8500;0.0000;6.8165;0.0000;-775.8500;0.0000;6.8165;1.0000;0.0000;0.0000;0.0000;0.0000
290;346.26;785.6500;987.9500;985.4500;199.8000;98.7642;0.0054;0.0000;-785.6500;0.0000;6.8165;0.0000;-785.6500;0.0000;6.8165;1.0000;0.0000;0.0000;0.0000;0.0000
291;346.64;783.2500;976.7500;993.1500;209.9000;108.4755;-0.0353;0.0000;-783.2500;0.0000;6.8165;0.0000;-783.2500;0.0000;6.8165;1.0000;0.0000;0.0000;0.0000;0.0000
292;347.02;788.6000;972.7500;978.2500;189.6500;102.9867;-0.0128;0.0000;-788.6000;0.0000;6.8165;0.0000;-788.6000;0.0000;6.8165;1.0000;0.0000;0.0000;0.0000;0.0000
293;347.40;767.7500;954.4000;983.6500;215.9000;110.0000;-0.0414;0.0000;-767.7500;0.0000;6.8165;0.0000;-767.7500;0.0000;6.8165;1.0000;0.0000;0.0000;0.0000;0.0000
294;347.78;778.4500;980.9500;978.6000;200.1500;98.8395;0.0051;0.0000;-778.4500;0.0000;6.8165;0.0000;-778.4500;0.0000;6.8165;1.0000;0.0000;0.0000;0.0000;0.0000
295;348.16;794.7500;969.6000;991.0500;196.3000;110.0000;-0.0414;0.0000;-794.7500;0.0000;6.8165;0.0000;-794.7500;0.0000;6.8165;1.0000;0.0000;0.0000;0.0000;0.0000
296;348.54;785.7500;975.5500;1003.6000;217.8500;110.0000;-0.0414;0.0000;-785.7500;0.0000;6.8165;0.0000;-785.7500;0.0000;6.8165;1.0000;0.0000;0.0000;0.0000;0.0000
297;348.92;782.3000;968.9500;985.4000;203.1000;108.8133;-0.0367;0.0000;-782.3000;0.0000;6.8165;0.0000;-782.3000;0.0000;6.8165;1.0000;0.0000;0.0000;0.0000;0.0000
298;349.30;790.0500;970.8500;992.4500;202.4000;110.0000;-0.0414;0.0000;-790.0500;0.0000;6.8165;0.0000;-790.0500;0.0000;6.8165;1.0000;0.0000;0.0000;0.0000;0.0000
299;349.68;775.2500;967.0500;987.7000;212.4500;110.0000;-0.0414;0.0000;-775.2500;0.0000;6.8165;0.0000;-775.2500;0.0000;6.8165;1.0000;0.0000;0.0000;0.0000;0.0000
300;350.06;785.2500;964.1500;1003.7000;218.4500;110.0000;-0.0414;0.0000;-785.2500;0.0000;6.8165;0.0000;-785.2500;0.0000;6.8165;1.0000;0.0000;0.0000;0.0000;0.0000
301;350.44;792.0500;970.7000;981.7000;189.6500;106.1573;-0.0259;0.0000;-792.0500;0.0000;6.8165;0.0000;-792.0500;0.0000;6.8165;1.0000;0.0000;0.0000;0.0000;0.0000
302;350.82;788.7500;992.6000;987.6500;198.9000;97.5717;0.0107;0.0000;-788.7500;0.0000;6.8165;0.0000;-788.7500;0.0000;6.8165;1.0000;0.0000;0.0000;0.0000;0.0000
303;351.21;786.7000;970.8500;1001.4000;214.7000;110.0000;-0.0414;0.0000;-786.7000;0.0000;6.8165;0.0000;-786.7000;0.0000;6.8165;1.0000;0.0000;0.0000;0.0000;0.0000
304;351.59;788.1500;972.7000;982.8500;194.7000;105.4999;-0.0233;0.0000;-788.1500;0.0000;6.8165;0.0000;-788.1500;0.0000;6.8165;1.0000;0.0000;0.0000;0.0000;0.0000
305;351.97;797.8500;969.3500;989.3500;191.5000;110.0000;-0.0414;0.0000;-797.8500;0.0000;6.8165;0.0000;-797.8500;0.0000;6.8165;1.0000;0.0000;0.0000;0.0000;0.0000
306;352.34;780.5500;975.1500;994.3500;213.8000;109.8664;-0.0409;0.0000;-780.5500;0.0000;6.8165;0.0000;-780.5500;0.0000;6.8165;1.0000;0.0000;0.0000;0.0000;0.0000
307;352.72;784.2000;983.7500;991.9500;207.7500;104.1092;-0.0175;0.0000;-784.2000;0.0000;6.8165;0.0000;-784.2000;0.0000;6.8165;1.0000;0.0000;0.0000;0.0000;0.0000
308;353.10;790.1000;991.4500;990.6000;200.5000;99.5778;0.0018;0.0000;-790.1000;0.0000;6.8165;0.0000;-790.1000;0.0000;6.8165;1.0000;0.0000;0.0000;0.0000;0.0000
309;353.48;776.9500;993.9000;987.6000;210.6500;97.0961;0.0128;0.0000;-776.9500;0.0000;6.8165;0.0000;-776.9500;0.0000;6.8165;1.0000;0.0000;0.0000;0.0000;0.0000
310;353.86;779.7500;993.9500;987.3000;207.5500;96.8954;0.0137;0.0000;-779.7500;0.0000;6.8165;0.0000;-779.7500;0.0000;6.8165;1.0000;0.0000;0.0000;0.0000;0.0000
311;354.24;787.7000;994.4500;1010.3000;222.6000;107.6663;-0.0321;0.0000;-787.7000;0.0000;6.8165;0.0000;-787.7000;0.0000;6.8165;1.0000;0.0000;0.0000;0.0000;0.0000
312;354.62;775.4000;983.5500;1000.0000;224.6000;107.9030;-0.0330;0.0000;-775.4000;0.0000;6.8165;0.0000;-775.4000;0.0000;6.8165;1.0000;0.0000;0.0000;0.0000;0.0000
313;355.00;784.7500;985.5000;995.4000;210.6500;104.9315;-0.0209;0.0000;-784.7500;0.0000;6.8165;0.0000;-784.7500;0.0000;6.8165;1.0000;0.0000;0.0000;0.0000;0.0000
314;355.38;785.2000;968.3500;1009.0000;223.8000;110.0000;-0.0414;0.0000;-785.2000;0.0000;6.8165;0.0000;-785.2000;0.0000;6.8165;1.0000;0.0000;0.0000;0.0000;0.0000
315;355.76;793.8000;980.7000;979.1000;185.3000;99.1439;0.0037;0.0000;-793.8000;0.0000;6.8165;0.0000;-793.8000;0.0000;6.8165;1.0000;0.0000;0.0000;0.0000;0.0000
316;356.14;791.0000;990.0000;1005.3500;214.3500;107.7136;-0.0323;0.0000;-791.0000;0.0000;6.8165;0.0000;-791.0000;0.0000;6.8165;1.0000;0.0000;0.0000;0.0000;0.0000
317;356.52;786.4500;989.5500;992.7000;206.2500;101.5510;-0.0067;0.0000;-786.4500;0.0000;6.8165;0.0000;-786.4500;0.0000;6.8165;1.0000;0.0000;0.0000;0.0000;0.0000
318;356.90;773.0000;987.0500;1001.3000;228.3000;106.6573;-0.0280;0.0000;-773.0000;0.0000;6.8165;0.0000;-773.0000;0.0000;6.8165;1.0000;0.0000;0.0000;0.0000;0.0000
319;357.27;782.1500;997.2500;976.7500;194.6000;90.4695;0.0435;0.0000;-782.1500;0.0000;6.8165;0.0000;-782.1500;0.0000;6.8165;1.0000;0.0000;0.0000;0.0000;0.0000
320;357.65;782.2000;996.7500;995.6500;213.4500;99.4873;0.0022;0.0000;-782.2000;0.0000;6.8165;0.0000;-782.2000;0.0000;6.8165;1.0000;0.0000;0.0000;0.0000;0.0000
321;358.03;800.0500;984.3000;984.1500;184.1000;99.9186;0.0004;0.0000;-800.0500;0.0000;6.8165;0.0000;-800.0500;0.0000;6.8165;1.0000;0.0000;0.0000;0.0000;0.0000
322;358.41;795.3000;993.7000;1014.1500;218.8500;110.0000;-0.0414;0.0000;-795.3000;0.0000;6.8165;0.0000;-795.3000;0.0000;6.8165;1.0000;0.0000;0.0000;0.0000;0.0000
323;358.79;786.7500;990.3000;1009.7500;223.0000;109.5554;-0.0396;0.0000;-786.7500;0.0000;6.8165;0.0000;-786.7500;0.0000;6.8165;1.0000;0.0000;0.0000;0.0000;0.0000
324;359.17;787.4000;999.3000;1001.2000;213.8000;100.8966;-0.0039;0.0000;-787.4000;0.0000;6.8165;0.0000;-787.4000;0.0000;6.8165;1.0000;0.0000;0.0000;0.0000;0.0000
325;359.55;781.5000;999.8500;1000.1000;218.6000;100.1145;-0.0005;0.0000;-781.5000;0.0000;6.8165;0.0000;-781.5000;0.0000;6.8165;1.0000;0.0000;0.0000;0.0000;0.0000
326;359.92;781.5500;986.8000;1007.5000;225.9500;110.0000;-0.0414;0.0000;-781.5500;0.0000;6.8165;0.0000;-781.5500;0.0000;6.8165;1.0000;0.0000;0.0000;0.0000;0.0000
327;360.30;781.7000;980.5500;994.5500;212.8500;107.0405;-0.0295;0.0000;-781.7000;0.0000;6.8165;0.0000;-781.7000;0.0000;6.8165;1.0000;0.0000;0.0000;0.0000;0.0000
328;360.68;777.8500;978.9500;1003.8000;225.9500;110.0000;-0.0414;0.0000;-777.8500;0.0000;6.8165;0.0000;-777.8500;0.0000;6.8165;1.0000;0.0000;0.0000;0.0000;0.0000
329;361.06;776.0000;995.8500;1002.0000;226.0000;102.7974;-0.0120;0.0000;-776.0000;0.0000;6.8165;0.0000;-776.0000;0.0000;6.8165;1.0000;0.0000;0.0000;0.0000;0.0000
330;361.43;792.9000;999.6000;1000.7500;207.8500;100.5564;-0.0024;0.0000;-792.9000;0.0000;6.8165;0.0000;-792.9000;0.0000;6.8165;1.0000;0.0000;0.0000;0.0000;0.0000
331;361.81;787.6000;996.8000;1002.3500;214.7500;102.6530;-0.0114;0.0000;-787.6000;0.0000;6.8165;0.0000;-787.6000;0.0000;6.8165;1.0000;0.0000;0.0000;0.0000;0.0000
332;362.19;779.9500;997.5000;1007.5500;227.6000;104.6196;-0.0196;0.0000;-779.9500;0.0000;6.8165;0.0000;-779.9500;0.0000;6.8165;1.0000;0.0000;0.0000;0.0000;0.0000
333;362.57;795.4500;990.9000;1000.3500;204.9000;104.8350;-0.0205;0.0000;-795.4500;0.0000;6.8165;0.0000;-795.4500;0.0000;6.8165;1.0000;0.0000;0.0000;0.0000;0.0000
334;362.94;791.0000;991.9000;1005.6500;214.6500;106.8442;-0.0288;0.0000;-791.0000;0.0000;6.8165;0.0000;-791.0000;0.0000;6.8165;1.0000;0.0000;0.0000;0.0000;0.0000
335;363.32;785.0000;984.0000;1016.0500;231.0500;110.0000;-0.0414;0.0000;-785.0000;0.0000;6.8165;0.0000;-785.0000;0.0000;6.8165;1.0000;0.0000;0.0000;0.0000;0.0000
336;363.70;794.2500;980.7500;998.3500;204.1000;109.4370;-0.0392;0.0000;-794.2500;0.0000;6.8165;0.0000;-794.2500;0.0000;6.8165;1.0000;0.0000;0.0000;0.0000;0.0000
337;364.08;805.6000;991.0000;1006.0000;200.4000;108.0906;-0.0338;0.0000;-805.6000;0.0000;6.8165;0.0000;-805.6000;0.0000;6.8165;1.0000;0.0000;0.0000;0.0000;0.0000
338;364.45;781.0500;999.4000;1004.6500;223.6000;102.4044;-0.0103;0.0000;-781.0500;0.0000;6.8165;0.0000;-781.0500;0.0000;6.8165;1.0000;0.0000;0.0000;0.0000;0.0000
339;364.83;780.4000;996.1000;998.2000;217.8000;100.9736;-0.0042;0.0000;-780.4000;0.0000;6.8165;0.0000;-780.4000;0.0000;6.8165;1.0000;0.0000;0.0000;0.0000;0.0000
340;365.21;792.0000;979.9000;1021.0500;229.0500;110.0000;-0.0414;0.0000;-792.0000;0.0000;6.8165;0.0000;-792.0000;0.0000;6.8165;1.0000;0.0000;0.0000;0.0000;0.0000
341;365.58;781.2500;1003.4000;1007.3000;226.0500;101.7556;-0.0076;0.0000;-781.2500;0.0000;6.8165;0.0000;-781.2500;0.0000;6.8165;1.0000;0.0000;0.0000;0.0000;0.0000
342;365.96;789.0000;1017.6000;1011.5000;222.5000;97.3316;0.0117;0.0000;-789.0000;0.0000;6.8165;0.0000;-789.0000;0.0000;6.8165;1.0000;0.0000;0.0000;0.0000;0.0000
343;366.34;788.8500;996.4500;1010.1500;221.3000;106.5992;-0.0278;0.0000;-788.8500;0.0000;6.8165;0.0000;-788.8500;0.0000;6.8165;1.0000;0.0000;0.0000;0.0000;0.0000
344;366.71;778.2000;994.9500;1016.1000;237.9000;109.7578;-0.0404;0.0000;-778.2000;0.0000;6.8165;0.0000;-778.2000;0.0000;6.8165;1.0000;0.0000;0.0000;0.0000;0.0000
345;367.09;791.4000;997.8000;1006.9500;215.5500;104.4331;-0.0188;0.0000;-791.4000;0.0000;6.8165;0.0000;-791.4000;0.0000;6.8165;1.0000;0.0000;0.0000;0.0000;0.0000
346;367.47;780.2000;997.3500;1012.4000;232.2000;106.9307;-0.0291;0.0000;-780.2000;0.0000;6.8165;0.0000;-780.2000;0.0000;6.8165;1.0000;0.0000;0.0000;0.0000;0.0000
347;367.84;776.3500;1007.9500;1001.7500;225.4000;97.3230;0.0118;0.0000;-776.3500;0.0000;6.8165;0.0000;-776.3500;0.0000;6.8165;1.0000;0.0000;0.0000;0.0000;0.0000
348;368.22;785.7500;1015.5000;1026.1500;240.4000;104.6355;-0.0197;0.0000;-785.7500;0.0000;6.8165;0.0000;-785.7500;0.0000;6.8165;1.0000;0.0000;0.0000;0.0000;0.0000
349;368.59;778.9000;988.3000;986.5500;207.6500;99.1643;0.0036;0.0000;-778.9000;0.0000;6.8165;0.0000;-778.9000;0.0000;6.8165;1.0000;0.0000;0.0000;0.0000;0.0000
350;368.97;765.4500;1006.4500;1002.6500;237.2000;98.4232;0.0069;0.0000;-765.4500;0.0000;6.8165;0.0000;-765.4500;0.0000;6.8165;1.0000;0.0000;0.0000;0.0000;0.0000
351;369.35;783.9000;996.9500;1009.9000;226.0000;106.0784;-0.0256;0.0000;-783.9000;0.0000;6.8165;0.0000;-783.9000;0.0000;6.8165;1.0000;0.0000;0.0000;0.0000;0.0000
352;369.72;775.6500;1003.3000;998.4500;222.8000;97.8695;0.0094;0.0000;-775.6500;0.0000;6.8165;0.0000;-775.6500;0.0000;6.8165;1.0000;0.0000;0.0000;0.0000;0.0000
353;370.10;782.2000;1006.6500;998.8000;216.6000;96.5026;0.0155;0.0000;-782.2000;0.0000;6.8165;0.0000;-782.2000;0.0000;6.8165;1.0000;0.0000;0.0000;0.0000;0.0000
354;370.47;785.0500;1007.0500;1022.5000;237.4500;106.9595;-0.0292;0.0000;-785.0500;0.0000;6.8165;0.0000;-785.0500;0.0000;6.8165;1.0000;0.0000;0.0000;0.0000;0.0000
355;370.85;792.5000;999.6000;1021.3000;228.8000;110.0000;-0.0414;0.0000;-792.5000;0.0000;6.8165;0.0000;-792.5000;0.0000;6.8165;1.0000;0.0000;0.0000;0.0000;0.0000
356;371.22;797.3000;1004.6500;1017.5000;220.2000;106.1973;-0.0261;0.0000;-797.3000;0.0000;6.8165;0.0000;-797.3000;0.0000;6.8165;1.0000;0.0000;0.0000;0.0000;0.0000
357;371.60;789.5500;992.5500;1007.3500;217.8000;107.2906;-0.0306;0.0000;-789.5500;0.0000;6.8165;0.0000;-789.5500;0.0000;6.8165;1.0000;0.0000;0.0000;0.0000;0.0000
358;371.97;780.3500;1003.3000;1026.2000;245.8500;110.0000;-0.0414;0.0000;-780.3500;0.0000;6.8165;0.0000;-780.3500;0.0000;6.8165;1.0000;0.0000;0.0000;0.0000;0.0000
359;372.35;785.2500;1005.4000;1012.7500;227.5000;103.3386;-0.0143;0.0000;-785.2500;0.0000;6.8165;0.0000;-785.2500;0.0000;6.8165;1.0000;0.0000;0.0000;0.0000;0.0000
360;372.72;786.1500;1011.5000;1009.6500;223.5000;99.1791;0.0036;0.0000;-786.1500;0.0000;6.8165;0.0000;-786.1500;0.0000;6.8165;1.0000;0.0000;0.0000;0.0000;0.0000
361;373.10;809.5000;995.2500;1010.0000;200.5000;107.9408;-0.0332;0.0000;-809.5000;0.0000;6.8165;0.0000;-809.5000;0.0000;6.8165;1.0000;0.0000;0.0000;0.0000;0.0000
362;373.47;771.6500;1002.7500;1016.3500;244.7000;105.8849;-0.0248;0.0000;-771.6500;0.0000;6.8165;0.0000;-771.6500;0.0000;6.8165;1.0000;0.0000;0.0000;0.0000;0.0000
363;373.85;790.9500;1006.6000;1022.4500;231.5000;107.3499;-0.0308;0.0000;-790.9500;0.0000;6.8165;0.0000;-790.9500;0.0000;6.8165;1.0000;0.0000;0.0000;0.0000;0.0000
364;374.22;795.9000;1005.3000;1009.6500;213.7500;102.0774;-0.0089;0.0000;-795.9000;0.0000;6.8165;0.0000;-795.9000;0.0000;6.8165;1.0000;0.0000;0.0000;0.0000;0.0000
365;374.60;791.2000;1006.9500;1015.7000;224.5000;104.0556;-0.0173;0.0000;-791.2000;0.0000;6.8165;0.0000;-791.2000;0.0000;6.8165;1.0000;0.0000;0.0000;0.0000;0.0000
366;374.97;790.1000;999.1500;1023.1000;233.0000;110.0000;-0.0414;0.0000;-790.1000;0.0000;6.8165;0.0000;-790.1000;0.0000;6.8165;1.0000;0.0000;0.0000;0.0000;0.0000
367;375.35;789.1500;997.6000;1029.3000;240.1500;110.0000;-0.0414;0.0000;-789.1500;0.0000;6.8165;0.0000;-789.1500;0.0000;6.8165;1.0000;0.0000;0.0000;0.0000;0.0000
368;375.72;788.4500;995.4500;1035.8500;247.4000;110.0000;-0.0414;0.0000;-788.4500;0.0000;6.8165;0.0000;-788.4500;0.0000;6.8165;1.0000;0.0000;0.0000;0.0000;0.0000
369;376.09;778.8500;1004.6500;1018.2500;239.4000;106.0230;-0.0254;0.0000;-778.8500;0.0000;6.8165;0.0000;-778.8500;0.0000;6.8165;1.0000;0.0000;0.0000;0.0000;0.0000
370;376.47;779.2500;1015.1500;1016.3000;237.0500;100.4875;-0.0021;0.0000;-779.2500;0.0000;6.8165;0.0000;-779.2500;0.0000;6.8165;1.0000;0.0000;0.0000;0.0000;0.0000
371;376.84;792.4500;1005.7500;1021.6000;229.1500;107.4308;-0.0311;0.0000;-792.4500;0.0000;6.8165;0.0000;-792.4500;0.0000;6.8165;1.0000;0.0000;0.0000;0.0000;0.0000
372;377.22;800.6500;1017.0500;1010.4000;209.7500;96.9270;0.0136;0.0000;-800.6500;0.0000;6.8165;0.0000;-800.6500;0.0000;6.8165;1.0000;0.0000;0.0000;0.0000;0.0000
373;377.59;784.1500;1021.7000;1016.5500;232.4000;97.8320;0.0095;0.0000;-784.1500;0.0000;6.8165;0.0000;-784.1500;0.0000;6.8165;1.0000;0.0000;0.0000;0.0000;0.0000
374;377.96;793.2000;1006.4000;1005.9000;212.7000;99.7655;0.0010;0.0000;-793.2000;0.0000;6.8165;0.0000;-793.2000;0.0000;6.8165;1.0000;0.0000;0.0000;0.0000;0.0000
375;378.34;788.0500;1016.9000;1027.8000;239.7500;104.7629;-0.0202;0.0000;-788.0500;0.0000;6.8165;0.0000;-788.0500;0.0000;6.8165;1.0000;0.0000;0.0000;0.0000;0.0000
376;378.71;780.1500;1025.7500;1030.2000;250.0500;101.8119;-0.0078;0.0000;-780.1500;0.0000;6.8165;0.0000;-780.1500;0.0000;6.8165;1.0000;0.0000;0.0000;0.0000;0.0000
377;379.08;782.8500;1041.4500;1033.7500;250.9000;97.0224;0.0131;0.0000;-782.8500;0.0000;6.8165;0.0000;-782.8500;0.0000;6.8165;1.0000;0.0000;0.0000;0.0000;0.0000
378;379.46;773.7500;1027.1000;1038.3000;264.5500;104.4208;-0.0188;0.0000;-773.7500;0.0000;6.8165;0.0000;-773.7500;0.0000;6.8165;1.0000;0.0000;0.0000;0.0000;0.0000
379;379.83;802.6500;1023.4500;1032.2500;229.6000;103.9855;-0.0170;0.0000;-802.6500;0.0000;6.8165;0.0000;-802.6500;0.0000;6.8165;1.0000;0.0000;0.0000;0.0000;0.0000
380;380.20;786.6000;1013.5500;1040.4000;253.8000;110.0000;-0.0414;0.0000;-786.6000;0.0000;6.8165;0.0000;-786.6000;0.0000;6.8165;1.0000;0.0000;0.0000;0.0000;0.0000
381;380.58;776.7000;1019.3500;1028.9500;252.2500;103.9563;-0.0169;0.0000;-776.7000;0.0000;6.8165;0.0000;-776.7000;0.0000;6.8165;1.0000;0.0000;0.0000;0.0000;0.0000
382;380.95;780.9500;1030.9500;1036.9000;255.9500;102.3800;-0.0102;0.0000;-780.9500;0.0000;6.8165;0.0000;-780.9500;0.0000;6.8165;1.0000;0.0000;0.0000;0.0000;0.0000
383;381.32;786.9500;1035.1500;1038.9000;251.9500;101.5109;-0.0065;0.0000;-786.9500;0.0000;6.8165;0.0000;-786.9500;0.0000;6.8165;1.0000;0.0000;0.0000;0.0000;0.0000
384;381.70;772.1500;1033.0000;1052.9500;280.8000;107.6481;-0.0320;0.0000;-772.1500;0.0000;6.8165;0.0000;-772.1500;0.0000;6.8165;1.0000;0.0000;0.0000;0.0000;0.0000
385;382.07;789.7000;1025.8000;1048.2000;258.5000;109.4875;-0.0394;0.0000;-789.7000;0.0000;6.8165;0.0000;-789.7000;0.0000;6.8165;1.0000;0.0000;0.0000;0.0000;0.0000
386;382.44;792.0500;1041.8500;1060.0500;268.0000;107.2858;-0.0305;0.0000;-792.0500;0.0000;6.8165;0.0000;-792.0500;0.0000;6.8165;1.0000;0.0000;0.0000;0.0000;0.0000
387;382.81;782.3500;1043.0500;1059.6500;277.3000;106.3675;-0.0268;0.0000;-782.3500;0.0000;6.8165;0.0000;-782.3500;0.0000;6.8165;1.0000;0.0000;0.0000;0.0000;0.0000
388;383.19;782.9500;1061.0000;1070.0500;287.1000;103.2548;-0.0139;0.0000;-782.9500;0.0000;6.8165;0.0000;-782.9500;0.0000;6.8165;1.0000;0.0000;0.0000;0.0000;0.0000
389;383.56;792.7500;1063.7500;1082.0500;289.3000;106.7528;-0.0284;0.0000;-792.7500;0.0000;6.8165;0.0000;-792.7500;0.0000;6.8165;1.0000;0.0000;0.0000;0.0000;0.0000
390;383.93;779.1500;1062.7500;1090.3500;311.2000;109.7320;-0.0403;0.0000;-779.1500;0.0000;6.8165;0.0000;-779.1500;0.0000;6.8165;1.0000;0.0000;0.0000;0.0000;0.0000
391;384.30;799.5500;1074.7500;1098.1000;298.5500;108.4847;-0.0354;0.0000;-799.5500;0.0000;6.8165;0.0000;-799.5500;0.0000;6.8165;1.0000;0.0000;0.0000;0.0000;0.0000
392;384.68;799.4000;1082.8000;1102.5500;303.1500;106.9689;-0.0293;0.0000;-799.4000;0.0000;6.8165;0.0000;-799.4000;0.0000;6.8165;1.0000;0.0000;0.0000;0.0000;0.0000
393;385.05;773.6500;1089.8500;1117.7000;344.0500;108.8077;-0.0367;0.0000;-773.6500;0.0000;6.8165;0.0000;-773.6500;0.0000;6.8165;1.0000;0.0000;0.0000;0.0000;0.0000
394;385.42;795.6500;1095.4500;1125.4000;329.7500;109.9900;-0.0414;0.0000;-795.6500;0.0000;6.8165;0.0000;-795.6500;0.0000;6.8165;1.0000;0.0000;0.0000;0.0000;0.0000
395;385.79;790.0000;1109.6000;1127.5000;337.5000;105.6008;-0.0237;0.0000;-790.0000;0.0000;6.8165;0.0000;-790.0000;0.0000;6.8165;1.0000;0.0000;0.0000;0.0000;0.0000
396;386.16;782.8500;1117.4000;1144.2500;361.4000;108.0257;-0.0335;0.0000;-782.8500;0.0000;6.8165;0.0000;-782.8500;0.0000;6.8165;1.0000;0.0000;0.0000;0.0000;0.0000
397;386.53;796.6000;1117.4000;1130.3000;333.7000;104.0212;-0.0171;0.0000;-796.6000;0.0000;6.8165;0.0000;-796.6000;0.0000;6.8165;1.0000;0.0000;0.0000;0.0000;0.0000
398;386.91;786.0500;1127.0500;1165.1500;379.1000;110.0000;-0.0414;0.0000;-786.0500;0.0000;6.8165;0.0000;-786.0500;0.0000;6.8165;1.0000;0.0000;0.0000;0.0000;0.0000
399;387.28;785.1000;1142.0500;1162.5500;377.4500;105.7431;-0.0243;0.0000;-785.1000;0.0000;6.8165;0.0000;-785.1000;0.0000;6.8165;1.0000;0.0000;0.0000;0.0000;0.0000
400;387.65;779.9000;1140.9500;1177.5000;397.6000;110.0000;-0.0414;0.0000;-779.9000;0.0000;6.8165;0.0000;-779.9000;0.0000;6.8165;1.0000;0.0000;0.0000;0.0000;0.0000
401;388.02;779.9500;1165.8000;1168.7000;388.7500;100.7516;-0.0033;0.0000;-779.9500;0.0000;6.8165;0.0000;-779.9500;0.0000;6.8165;1.0000;0.0000;0.0000;0.0000;0.0000
402;388.39;781.6500;1157.8000;1193.6000;411.9500;109.5175;-0.0395;0.0000;-781.6500;0.0000;6.8165;0.0000;-781.6500;0.0000;6.8165;1.0000;0.0000;0.0000;0.0000;0.0000
403;388.76;781.6000;1191.8500;1195.4500;413.8500;100.8775;-0.0038;0.0000;-781.6000;0.0000;6.8165;0.0000;-781.6000;0.0000;6.8165;1.0000;0.0000;0.0000;0.0000;0.0000
404;389.13;795.9000;1195.7500;1220.2500;424.3500;106.1273;-0.0258;0.0000;-795.9000;0.0000;6.8165;0.0000;-795.9000;0.0000;6.8165;1.0000;0.0000;0.0000;0.0000;0.0000
405;389.50;788.0500;1200.4000;1224.4500;436.4000;105.8324;-0.0246;0.0000;-788.0500;0.0000;6.8165;0.0000;-788.0500;0.0000;6.8165;1.0000;0.0000;0.0000;0.0000;0.0000
406;389.87;771.3500;1229.0000;1254.9500;483.6000;105.6703;-0.0240;0.0000;-771.3500;0.0000;6.8165;0.0000;-771.3500;0.0000;6.8165;1.0000;0.0000;0.0000;0.0000;0.0000
407;390.25;774.1000;1237.6000;1275.5000;501.4000;108.1769;-0.0341;0.0000;-774.1000;0.0000;6.8165;0.0000;-774.1000;0.0000;6.8165;1.0000;0.0000;0.0000;0.0000;0.0000
408;390.62;790.6500;1264.9500;1286.7500;496.1000;104.5962;-0.0195;0.0000;-790.6500;0.0000;6.8165;0.0000;-790.6500;0.0000;6.8165;1.0000;0.0000;0.0000;0.0000;0.0000
409;390.99;789.0500;1284.9000;1313.0500;524.0000;105.6771;-0.0240;0.0000;-789.0500;0.0000;6.8165;0.0000;-789.0500;0.0000;6.8165;1.0000;0.0000;0.0000;0.0000;0.0000
410;391.36;799.8500;1329.7500;1354.8000;554.9500;104.7273;-0.0201;0.0000;-799.8500;0.0000;6.8165;0.0000;-799.8500;0.0000;6.8165;1.0000;0.0000;0.0000;0.0000;0.0000
411;391.73;782.2000;1339.3000;1391.2500;609.0500;109.3251;-0.0387;0.0000;-782.2000;0.0000;6.8165;0.0000;-782.2000;0.0000;6.8165;1.0000;0.0000;0.0000;0.0000;0.0000
412;392.10;798.3000;1382.8000;1422.1000;623.8000;106.7237;-0.0283;0.0000;-798.3000;0.0000;6.8165;0.0000;-798.3000;0.0000;6.8165;1.0000;0.0000;0.0000;0.0000;0.0000
413;392.47;773.1000;1430.1000;1472.0000;698.9000;106.3775;-0.0268;0.0000;-773.1000;0.0000;6.8165;0.0000;-773.1000;0.0000;6.8165;1.0000;0.0000;0.0000;0.0000;0.0000
414;392.84;793.9500;1451.9000;1505.5500;711.6000;108.1541;-0.0340;0.0000;-793.9500;0.0000;6.8165;0.0000;-793.9500;0.0000;6.8165;1.0000;0.0000;0.0000;0.0000;0.0000
415;393.21;788.7000;1448.5500;1543.0000;754.3000;110.0000;-0.0414;0.0000;-788.7000;0.0000;6.8165;0.0000;-788.7000;0.0000;6.8165;1.0000;0.0000;0.0000;0.0000;0.0000
416;393.58;783.9000;1492.8000;1556.2000;772.3000;108.9434;-0.0372;0.0000;-783.9000;0.0000;6.8165;0.0000;-783.9000;0.0000;6.8165;1.0000;0.0000;0.0000;0.0000;0.0000
417;393.95;790.5500;1540.2500;1590.3500;799.8000;106.6827;-0.0281;0.0000;-790.5500;0.0000;6.8165;0.0000;-790.5500;0.0000;6.8165;1.0000;0.0000;0.0000;0.0000;0.0000
418;394.32;780.0500;1584.4500;1658.4000;878.3500;109.1932;-0.0382;0.0000;-780.0500;0.0000;6.8165;0.0000;-780.0500;0.0000;6.8165;1.0000;0.0000;0.0000;0.0000;0.0000
419;394.69;806.2500;1600.2000;1679.9500;873.7000;110.0000;-0.0414;0.0000;-806.2500;0.0000;6.8165;0.0000;-806.2500;0.0000;6.8165;1.0000;0.0000;0.0000;0.0000;0.0000
420;395.06;789.8500;1644.4000;1727.6000;937.7500;109.7361;-0.0403;0.0000;-789.8500;0.0000;6.8165;0.0000;-789.8500;0.0000;6.8165;1.0000;0.0000;0.0000;0.0000;0.0000
421;395.43;804.4000;1705.5500;1780.7500;976.3500;108.3449;-0.0348;0.0000;-804.4000;0.0000;6.8165;0.0000;-804.4000;0.0000;6.8165;1.0000;0.0000;0.0000;0.0000;0.0000
422;395.80;786.7000;1721.5000;1856.3500;1069.6500;110.0000;-0.0414;0.0000;-786.7000;0.0000;6.8165;0.0000;-786.7000;0.0000;6.8165;1.0000;0.0000;0.0000;0.0000;0.0000
423;396.16;792.9500;1786.9000;1885.7500;1092.8000;109.9452;-0.0412;0.0000;-792.9500;0.0000;6.8165;0.0000;-792.9500;0.0000;6.8165;1.0000;0.0000;0.0000;0.0000;0.0000
424;396.53;775.4500;1840.7000;1930.4500;1155.0000;108.4253;-0.0351;0.0000;-775.4500;0.0000;6.8165;0.0000;-775.4500;0.0000;6.8165;1.0000;0.0000;0.0000;0.0000;0.0000
425;396.90;775.9000;1863.3500;1963.5000;1187.6000;109.2096;-0.0383;0.0000;-775.9000;0.0000;6.8165;0.0000;-775.9000;0.0000;6.8165;1.0000;0.0000;0.0000;0.0000;0.0000
426;397.27;784.5500;1921.9500;2060.2500;1275.7000;110.0000;-0.0414;0.0000;-784.5500;0.0000;6.8165;0.0000;-784.5500;0.0000;6.8165;1.0000;0.0000;0.0000;0.0000;0.0000
427;397.64;789.7500;1985.4500;2132.3500;1342.6000;110.0000;-0.0414;0.0000;-789.7500;0.0000;6.8165;0.0000;-789.7500;0.0000;6.8165;1.0000;0.0000;0.0000;0.0000;0.0000
428;398.01;786.3000;1986.8000;2111.6000;1325.3000;110.0000;-0.0414;0.0000;-786.3000;0.0000;6.8165;0.0000;-786.3000;0.0000;6.8165;1.0000;0.0000;0.0000;0.0000;0.0000
429;398.38;781.9500;2066.4500;2194.9500;1413.0000;110.0000;-0.0414;0.0000;-781.9500;0.0000;6.8165;0.0000;-781.9500;0.0000;6.8165;1.0000;0.0000;0.0000;0.0000;0.0000
430;398.75;776.4500;2057.4500;2180.5000;1404.0500;109.6058;-0.0398;0.0000;-776.4500;0.0000;6.8165;0.0000;-776.4500;0.0000;6.8165;1.0000;0.0000;0.0000;0.0000;0.0000
431;399.12;783.3000;2116.6000;2263.7000;1480.4000;110.0000;-0.0414;0.0000;-783.3000;0.0000;6.8165;0.0000;-783.3000;0.0000;6.8165;1.0000;0.0000;0.0000;0.0000;0.0000
432;399.48;788.1500;2192.4000;2359.9500;1571.8000;110.0000;-0.0414;0.0000;-788.1500;0.0000;6.8165;0.0000;-788.1500;0.0000;6.8165;1.0000;0.0000;0.0000;0.0000;0.0000
433;399.85;779.5000;2189.7500;2338.0500;1558.5500;110.0000;-0.0414;0.0000;-779.5000;0.0000;6.8165;0.0000;-779.5000;0.0000;6.8165;1.0000;0.0000;0.0000;0.0000;0.0000
434;400.22;771.9000;2216.3000;2390.5000;1618.6000;110.0000;-0.0414;0.0000;-771.9000;0.0000;6.8165;0.0000;-771.9000;0.0000;6.8165;1.0000;0.0000;0.0000;0.0000;0.0000
435;400.59;782.3000;2312.4000;2458.8500;1676.5500;109.5713;-0.0397;0.0000;-782.3000;0.0000;6.8165;0.0000;-782.3000;0.0000;6.8165;1.0000;0.0000;0.0000;0.0000;0.0000
436;400.96;789.5500;2320.4500;2472.4500;1682.9000;109.9288;-0.0411;0.0000;-789.5500;0.0000;6.8165;0.0000;-789.5500;0.0000;6.8165;1.0000;0.0000;0.0000;0.0000;0.0000
437;401.32;785.1500;2362.8500;2479.7500;1694.6000;107.4095;-0.0310;0.0000;-785.1500;0.0000;6.8165;0.0000;-785.1500;0.0000;6.8165;1.0000;0.0000;0.0000;0.0000;0.0000
438;401.69;796.7500;2406.1500;2551.6000;1754.8500;109.0375;-0.0376;0.0000;-796.7500;0.0000;6.8165;0.0000;-796.7500;0.0000;6.8165;1.0000;0.0000;0.0000;0.0000;0.0000
439;402.06;788.6000;2430.9500;2607.1000;1818.5000;110.0000;-0.0414;0.0000;-788.6000;0.0000;6.8165;0.0000;-788.6000;0.0000;6.8165;1.0000;0.0000;0.0000;0.0000;0.0000
440;402.43;778.7500;2495.9500;2648.2500;1869.5000;108.8691;-0.0369;0.0000;-778.7500;0.0000;6.8165;0.0000;-778.7500;0.0000;6.8165;1.0000;0.0000;0.0000;0.0000;0.0000
441;402.80;769.1000;2538.4000;2672.9000;1903.8000;107.6019;-0.0318;0.0000;-769.1000;0.0000;6.8165;0.0000;-769.1000;0.0000;6.8165;1.0000;0.0000;0.0000;0.0000;0.0000
442;403.16;779.3500;2572.1000;2765.0000;1985.6500;110.0000;-0.0414;0.0000;-779.3500;0.0000;6.8165;0.0000;-779.3500;0.0000;6.8165;1.0000;0.0000;0.0000;0.0000;0.0000
443;403.53;778.0000;2570.5500;2769.6000;1991.6000;110.0000;-0.0414;0.0000;-778.0000;0.0000;6.8165;0.0000;-778.0000;0.0000;6.8165;1.0000;0.0000;0.0000;0.0000;0.0000
444;403.90;787.0500;2743.1000;2969.7500;2182.7000;110.0000;-0.0414;0.0000;-787.0500;0.0000;6.8165;0.0000;-787.0500;0.0000;6.8165;1.0000;0.0000;0.0000;0.0000;0.0000
445;404.27;790.8500;2716.3000;2953.2000;2162.3500;110.0000;-0.0414;0.0000;-790.8500;0.0000;6.8165;0.0000;-790.8500;0.0000;6.8165;1.0000;0.0000;0.0000;0.0000;0.0000
446;404.63;795.9500;2804.0500;3023.9500;2228.0000;110.0000;-0.0414;0.0000;-795.9500;0.0000;6.8165;0.0000;-795.9500;0.0000;6.8165;1.0000;0.0000;0.0000;0.0000;0.0000
447;405.00;782.5500;2913.5500;3116.6000;2334.0500;109.5284;-0.0395;0.0000;-782.5500;0.0000;6.8165;0.0000;-782.5500;0.0000;6.8165;1.0000;0.0000;0.0000;0.0000;0.0000
448;405.37;782.6000;2969.2500;3203.1500;2420.5500;110.0000;-0.0414;0.0000;-782.6000;0.0000;6.8165;0.0000;-782.6000;0.0000;6.8165;1.0000;0.0000;0.0000;0.0000;0.0000
449;405.73;783.4500;3009.2000;3252.7000;2469.2500;110.0000;-0.0414;0.0000;-783.4500;0.0000;6.8165;0.0000;-783.4500;0.0000;6.8165;1.0000;0.0000;0.0000;0.0000;0.0000
450;406.10;795.7000;3104.5000;3361.2000;2565.5000;110.0000;-0.0414;0.0000;-795.7000;0.0000;6.8165;0.0000;-795.7000;0.0000;6.8165;1.0000;0.0000;0.0000;0.0000;0.0000
451;406.47;789.1000;3163.9500;3432.4000;2643.3000;110.0000;-0.0414;0.0000;-789.1000;0.0000;6.8165;0.0000;-789.1000;0.0000;6.8165;1.0000;0.0000;0.0000;0.0000;0.0000
452;406.83;779.6000;3292.7500;3534.4500;2754.8500;109.6174;-0.0399;0.0000;-779.6000;0.0000;6.8165;0.0000;-779.6000;0.0000;6.8165;1.0000;0.0000;0.0000;0.0000;0.0000
453;407.20;772.0500;3331.0000;3584.2000;2812.1500;109.8947;-0.0410;0.0000;-772.0500;0.0000;6.8165;0.0000;-772.0500;0.0000;6.8165;1.0000;0.0000;0.0000;0.0000;0.0000
454;407.57;786.6000;3478.3500;3781.4000;2994.8000;110.0000;-0.0414;0.0000;-786.6000;0.0000;6.8165;0.0000;-786.6000;0.0000;6.8165;1.0000;0.0000;0.0000;0.0000;0.0000
455;407.93;788.1000;3466.3000;3795.8000;3007.7000;110.0000;-0.0414;0.0000;-788.1000;0.0000;6.8165;0.0000;-788.1000;0.0000;6.8165;1.0000;0.0000;0.0000;0.0000;0.0000
456;408.30;786.8500;3550.4000;3880.5500;3093.7000;110.0000;-0.0414;0.0000;-786.8500;0.0000;6.8165;0.0000;-786.8500;0.0000;6.8165;1.0000;0.0000;0.0000;0.0000;0.0000
457;408.67;776.9000;3649.3000;3929.1000;3152.2000;109.7410;-0.0404;0.0000;-776.9000;0.0000;6.8165;0.0000;-776.9000;0.0000;6.8165;1.0000;0.0000;0.0000;0.0000;0.0000
458;409.03;791.7500;3779.9000;4083.5000;3291.7500;110.0000;-0.0414;0.0000;-791.7500;0.0000;6.8165;0.0000;-791.7500;0.0000;6.8165;1.0000;0.0000;0.0000;0.0000;0.0000
459;409.40;766.6000;3773.8500;4066.6000;3300.0000;109.7348;-0.0403;0.0000;-766.6000;0.0000;6.8165;0.0000;-766.6000;0.0000;6.8165;1.0000;0.0000;0.0000;0.0000;0.0000
460;409.76;783.8500;3905.0500;4258.3000;3474.4500;110.0000;-0.0414;0.0000;-783.8500;0.0000;6.8165;0.0000;-783.8500;0.0000;6.8165;1.0000;0.0000;0.0000;0.0000;0.0000
461;410.13;794.6500;3815.9000;4144.7000;3350.0500;110.0000;-0.0414;0.0000;-794.6500;0.0000;6.8165;0.0000;-794.6500;0.0000;6.8165;1.0000;0.0000;0.0000;0.0000;0.0000
462;410.50;786.6000;3954.1500;4332.8500;3546.2500;110.0000;-0.0414;0.0000;-786.6000;0.0000;6.8165;0.0000;-786.6000;0.0000;6.8165;1.0000;0.0000;0.0000;0.0000;0.0000
463;410.86;779.7000;4042.3500;4423.8500;3644.1500;110.0000;-0.0414;0.0000;-779.7000;0.0000;6.8165;0.0000;-779.7000;0.0000;6.8165;1.0000;0.0000;0.0000;0.0000;0.0000
464;411.23;779.1500;4107.1000;4452.5000;3673.3500;110.0000;-0.0414;0.0000;-779.1500;0.0000;6.8165;0.0000;-779.1500;0.0000;6.8165;1.0000;0.0000;0.0000;0.0000;0.0000
465;411.59;791.9000;4230.3500;4597.5500;3805.6500;110.0000;-0.0414;0.0000;-791.9000;0.0000;6.8165;0.0000;-791.9000;0.0000;6.8165;1.0000;0.0000;0.0000;0.0000;0.0000
466;411.96;787.7000;4159.6000;4579.6000;3791.9000;110.0000;-0.0414;0.0000;-787.7000;0.0000;6.8165;0.0000;-787.7000;0.0000;6.8165;1.0000;0.0000;0.0000;0.0000;0.0000
467;412.32;786.0000;4265.5000;4714.0500;3928.0500;110.0000;-0.0414;0.0000;-786.0000;0.0000;6.8165;0.0000;-786.0000;0.0000;6.8165;1.0000;0.0000;0.0000;0.0000;0.0000
468;412.69;786.1500;4409.8000;4903.9500;4117.8000;110.0000;-0.0414;0.0000;-786.1500;0.0000;6.8165;0.0000;-786.1500;0.0000;6.8165;1.0000;0.0000;0.0000;0.0000;0.0000
469;413.05;786.7500;4529.9000;4980.9500;4194.2000;110.0000;-0.0414;0.0000;-786.7500;0.0000;6.8165;0.0000;-786.7500;0.0000;6.8165;1.0000;0.0000;0.0000;0.0000;0.0000
470;413.42;785.5500;4457.6000;4935.5000;4149.9500;110.0000;-0.0414;0.0000;-785.5500;0.0000;6.8165;0.0000;-785.5500;0.0000;6.8165;1.0000;0.0000;0.0000;0.0000;0.0000
471;413.78;778.4000;4730.5500;5186.1500;4407.7500;110.0000;-0.0414;0.0000;-778.4000;0.0000;6.8165;0.0000;-778.4000;0.0000;6.8165;1.0000;0.0000;0.0000;0.0000;0.0000
472;414.15;770.9000;4777.5000;5251.4500;4480.5500;110.0000;-0.0414;0.0000;-770.9000;0.0000;6.8165;0.0000;-770.9000;0.0000;6.8165;1.0000;0.0000;0.0000;0.0000;0.0000
473;414.51;786.6000;4702.6000;5121.2000;4334.6000;110.0000;-0.0414;0.0000;-786.6000;0.0000;6.8165;0.0000;-786.6000;0.0000;6.8165;1.0000;0.0000;0.0000;0.0000;0.0000
474;414.88;780.0500;4842.6000;5288.6000;4508.5500;110.0000;-0.0414;0.0000;-780.0500;0.0000;6.8165;0.0000;-780.0500;0.0000;6.8165;1.0000;0.0000;0.0000;0.0000;0.0000
475;415.24;793.9500;5018.6500;5530.1500;4736.2000;110.0000;-0.0414;0.0000;-793.9500;0.0000;6.8165;0.0000;-793.9500;0.0000;6.8165;1.0000;0.0000;0.0000;0.0000;0.0000
476;415.61;783.6000;5094.8500;5531.4000;4747.8000;110.0000;-0.0414;0.0000;-783.6000;0.0000;6.8165;0.0000;-783.6000;0.0000;6.8165;1.0000;0.0000;0.0000;0.0000;0.0000
477;415.97;798.7500;5049.6500;5456.7500;4658.0000;109.5768;-0.0397;0.0000;-798.7500;0.0000;6.8165;0.0000;-798.7500;0.0000;6.8165;1.0000;0.0000;0.0000;0.0000;0.0000
478;416.33;804.9500;5168.2500;5718.3500;4913.4000;110.0000;-0.0414;0.0000;-804.9500;0.0000;6.8165;0.0000;-804.9500;0.0000;6.8165;1.0000;0.0000;0.0000;0.0000;0.0000
479;416.70;788.0500;5284.5500;5808.9500;5020.9000;110.0000;-0.0414;0.0000;-788.0500;0.0000;6.8165;0.0000;-788.0500;0.0000;6.8165;1.0000;0.0000;0.0000;0.0000;0.0000
480;417.06;787.7000;5507.0000;6024.9000;5237.2000;110.0000;-0.0414;0.0000;-787.7000;0.0000;6.8165;0.0000;-787.7000;0.0000;6.8165;1.0000;0.0000;0.0000;0.0000;0.0000
481;417.43;790.1500;5516.6000;5967.1000;5176.9500;109.5315;-0.0395;0.0000;-790.1500;0.0000;6.8165;0.0000;-790.1500;0.0000;6.8165;1.0000;0.0000;0.0000;0.0000;0.0000
482;417.79;788.6000;5522.0000;5974.9500;5186.3500;109.5692;-0.0397;0.0000;-788.6000;0.0000;6.8165;0.0000;-788.6000;0.0000;6.8165;1.0000;0.0000;0.0000;0.0000;0.0000
483;418.15;778.3000;5494.3000;6017.9500;5239.6500;110.0000;-0.0414;0.0000;-778.3000;0.0000;6.8165;0.0000;-778.3000;0.0000;6.8165;1.0000;0.0000;0.0000;0.0000;0.0000
484;418.52;785.7500;5694.2500;6258.6500;5472.9000;110.0000;-0.0414;0.0000;-785.7500;0.0000;6.8165;0.0000;-785.7500;0.0000;6.8165;1.0000;0.0000;0.0000;0.0000;0.0000
485;418.88;790.6500;5751.1500;6402.4500;5611.8000;110.0000;-0.0414;0.0000;-790.6500;0.0000;6.8165;0.0000;-790.6500;0.0000;6.8165;1.0000;0.0000;0.0000;0.0000;0.0000
486;419.24;789.7000;5996.1500;6628.5500;5838.8500;110.0000;-0.0414;0.0000;-789.7000;0.0000;6.8165;0.0000;-789.7000;0.0000;6.8165;1.0000;0.0000;0.0000;0.0000;0.0000
487;419.61;795.2000;6019.8500;6644.0000;5848.8000;110.0000;-0.0414;0.0000;-795.2000;0.0000;6.8165;0.0000;-795.2000;0.0000;6.8165;1.0000;0.0000;0.0000;0.0000;0.0000
488;419.97;795.8500;6026.2500;6658.5000;5862.6500;110.0000;-0.0414;0.0000;-795.8500;0.0000;6.8165;0.0000;-795.8500;0.0000;6.8165;1.0000;0.0000;0.0000;0.0000;0.0000
489;420.33;780.3500;6348.4500;6907.5000;6127.1500;110.0000;-0.0414;0.0000;-780.3500;0.0000;6.8165;0.0000;-780.3500;0.0000;6.8165;1.0000;0.0000;0.0000;0.0000;0.0000
490;420.70;786.5000;6250.3000;6923.5500;6137.0500;110.0000;-0.0414;0.0000;-786.5000;0.0000;6.8165;0.0000;-786.5000;0.0000;6.8165;1.0000;0.0000;0.0000;0.0000;0.0000
491;421.06;792.3000;6437.7000;7040.4000;6248.1000;110.0000;-0.0414;0.0000;-792.3000;0.0000;6.8165;0.0000;-792.3000;0.0000;6.8165;1.0000;0.0000;0.0000;0.0000;0.0000
492;421.42;780.7500;6517.1500;7145.9500;6365.2000;110.0000;-0.0414;0.0000;-780.7500;0.0000;6.8165;0.0000;-780.7500;0.0000;6.8165;1.0000;0.0000;0.0000;0.0000;0.0000
493;421.79;792.8500;6593.3500;7197.5500;6404.7000;110.0000;-0.0414;0.0000;-792.8500;0.0000;6.8165;0.0000;-792.8500;0.0000;6.8165;1.0000;0.0000;0.0000;0.0000;0.0000
494;422.15;785.0500;6582.3000;7224.7000;6439.6500;110.0000;-0.0414;0.0000;-785.0500;0.0000;6.8165;0.0000;-785.0500;0.0000;6.8165;1.0000;0.0000;0.0000;0.0000;0.0000
495;422.51;777.2500;6682.3000;7375.3500;6598.1000;110.0000;-0.0414;0.0000;-777.2500;0.0000;6.8165;0.0000;-777.2500;0.0000;6.8165;1.0000;0.0000;0.0000;0.0000;0.0000
496;422.87;781.9000;6841.3000;7501.4000;6719.5000;110.0000;-0.0414;0.0000;-781.9000;0.0000;6.8165;0.0000;-781.9000;0.0000;6.8165;1.0000;0.0000;0.0000;0.0000;0.0000
497;423.24;789.6500;6932.4000;7697.5500;6907.9000;110.0000;-0.0414;0.0000;-789.6500;0.0000;6.8165;0.0000;-789.6500;0.0000;6.8165;1.0000;0.0000;0.0000;0.0000;0.0000
498;423.60;789.0000;7033.2000;7833.9500;7044.9500;110.0000;-0.0414;0.0000;-789.0000;0.0000;6.8165;0.0000;-789.0000;0.0000;6.8165;1.0000;0.0000;0.0000;0.0000;0.0000
499;423.96;796.6500;7164.9500;7911.8000;7115.1500;110.0000;-0.0414;0.0000;-796.6500;0.0000;6.8165;0.0000;-796.6500;0.0000;6.8165;1.0000;0.0000;0.0000;0.0000;0.0000
500;424.32;791.5500;7268.3000;7996.9500;7205.4000;110.0000;-0.0414;0.0000;-791.5500;0.0000;6.8165;0.0000;-791.5500;0.0000;6.8165;1.0000;0.0000;0.0000;0.0000;0.0000
501;424.69;789.8500;7355.2500;8084.0000;7294.1500;110.0000;-0.0414;0.0000;-789.8500;0.0000;6.8165;0.0000;-789.8500;0.0000;6.8165;1.0000;0.0000;0.0000;0.0000;0.0000
502;425.05;782.3000;7707.1500;8453.9500;7671.6500;110.0000;-0.0414;0.0000;-782.3000;0.0000;6.8165;0.0000;-782.3000;0.0000;6.8165;1.0000;0.0000;0.0000;0.0000;0.0000
503;425.41;788.2500;8027.3500;8830.9000;8042.6500;110.0000;-0.0414;0.0000;-788.2500;0.0000;6.8165;0.0000;-788.2500;0.0000;6.8165;1.0000;0.0000;0.0000;0.0000;0.0000
504;425.77;783.6000;7837.6000;8652.6500;7869.0500;110.0000;-0.0414;0.0000;-783.6000;0.0000;6.8165;0.0000;-783.6000;0.0000;6.8165;1.0000;0.0000;0.0000;0.0000;0.0000
505;426.13;794.8000;7938.1000;8683.0500;7888.2500;110.0000;-0.0414;0.0000;-794.8000;0.0000;6.8165;0.0000;-794.8000;0.0000;6.8165;1.0000;0.0000;0.0000;0.0000;0.0000
506;426.50;793.3500;7916.4500;8637.9000;7844.5500;110.0000;-0.0414;0.0000;-793.3500;0.0000;6.8165;0.0000;-793.3500;0.0000;6.8165;1.0000;0.0000;0.0000;0.0000;0.0000
507;426.86;785.4000;7952.4500;8712.9500;7927.5500;110.0000;-0.0414;0.0000;-785.4000;0.0000;6.8165;0.0000;-785.4000;0.0000;6.8165;1.0000;0.0000;0.0000;0.0000;0.0000
508;427.22;780.4000;8391.8000;9211.7500;8431.3500;110.0000;-0.0414;0.0000;-780.4000;0.0000;6.8165;0.0000;-780.4000;0.0000;6.8165;1.0000;0.0000;0.0000;0.0000;0.0000
509;427.58;791.8000;8215.8500;9125.7000;8333.9000;110.0000;-0.0414;0.0000;-791.8000;0.0000;6.8165;0.0000;-791.8000;0.0000;6.8165;1.0000;0.0000;0.0000;0.0000;0.0000
510;427.94;797.5000;8576.0000;9541.8000;8744.3000;110.0000;-0.0414;0.0000;-797.5000;0.0000;6.8165;0.0000;-797.5000;0.0000;6.8165;1.0000;0.0000;0.0000;0.0000;0.0000
511;428.30;794.4500;8912.9000;9822.3500;9027.9000;110.0000;-0.0414;0.0000;-794.4500;0.0000;6.8165;0.0000;-794.4500;0.0000;6.8165;1.0000;0.0000;0.0000;0.0000;0.0000
512;428.66;773.4500;8596.8500;9576.4500;8803.0000;110.0000;-0.0414;0.0000;-773.4500;0.0000;6.8165;0.0000;-773.4500;0.0000;6.8165;1.0000;0.0000;0.0000;0.0000;0.0000
513;429.02;786.7500;8763.0000;9730.5500;8943.8000;110.0000;-0.0414;0.0000;-786.7500;0.0000;6.8165;0.0000;-786.7500;0.0000;6.8165;1.0000;0.0000;0.0000;0.0000;0.0000
514;429.39;777.4500;8900.4500;9854.3500;9076.9000;110.0000;-0.0414;0.0000;-777.4500;0.0000;6.8165;0.0000;-777.4500;0.0000;6.8165;1.0000;0.0000;0.0000;0.0000;0.0000
515;429.75;780.9500;9076.6000;10009.1000;9228.1500;110.0000;-0.0414;0.0000;-780.9500;0.0000;6.8165;0.0000;-780.9500;0.0000;6.8165;1.0000;0.0000;0.0000;0.0000;0.0000
516;430.11;789.6500;9156.6500;10124.1000;9334.4500;110.0000;-0.0414;0.0000;-789.6500;0.0000;6.8165;0.0000;-789.6500;0.0000;6.8165;1.0000;0.0000;0.0000;0.0000;0.0000
517;430.47;792.8000;9381.3500;10296.3000;9503.5000;110.0000;-0.0414;0.0000;-792.8000;0.0000;6.8165;0.0000;-792.8000;0.0000;6.8165;1.0000;0.0000;0.0000;0.0000;0.0000
518;430.83;795.3500;9457.5500;10343.0000;9547.6500;110.0000;-0.0414;0.0000;-795.3500;0.0000;6.8165;0.0000;-795.3500;0.0000;6.8165;1.0000;0.0000;0.0000;0.0000;0.0000
519;431.19;780.7000;9605.8000;10586.3500;9805.6500;110.0000;-0.0414;0.0000;-780.7000;0.0000;6.8165;0.0000;-780.7000;0.0000;6.8165;1.0000;0.0000;0.0000;0.0000;0.0000
520;431.55;778.8000;9383.7500;10256.9500;9478.1500;110.0000;-0.0414;0.0000;-778.8000;0.0000;6.8165;0.0000;-778.8000;0.0000;6.8165;1.0000;0.0000;0.0000;0.0000;0.0000
521;431.91;786.4500;9725.1000;10706.8000;9920.3500;110.0000;-0.0414;0.0000;-786.4500;0.0000;6.8165;0.0000;-786.4500;0.0000;6.8165;1.0000;0.0000;0.0000;0.0000;0.0000
522;432.27;785.3000;9999.4500;11085.9000;10300.6000;110.0000;-0.0414;0.0000;-785.3000;0.0000;6.8165;0.0000;-785.3000;0.0000;6.8165;1.0000;0.0000;0.0000;0.0000;0.0000
523;432.63;795.0000;9909.7500;10937.5500;10142.5500;110.0000;-0.0414;0.0000;-795.0000;0.0000;6.8165;0.0000;-795.0000;0.0000;6.8165;1.0000;0.0000;0.0000;0.0000;0.0000
524;432.99;779.2500;10100.3000;11176.0500;10396.8000;110.0000;-0.0414;0.0000;-779.2500;0.0000;6.8165;0.0000;-779.2500;0.0000;6.8165;1.0000;0.0000;0.0000;0.0000;0.0000
525;433.35;775.5500;10240.9000;11296.2500;10520.7000;110.0000;-0.0414;0.0000;-775.5500;0.0000;6.8165;0.0000;-775.5500;0.0000;6.8165;1.0000;0.0000;0.0000;0.0000;0.0000
526;433.71;787.1000;10248.3500;11274.6500;10487.5500;110.0000;-0.0414;0.0000;-787.1000;0.0000;6.8165;0.0000;-787.1000;0.0000;6.8165;1.0000;0.0000;0.0000;0.0000;0.0000
527;434.07;795.4000;10787.7000;11951.6500;11156.2500;110.0000;-0.0414;0.0000;-795.4000;0.0000;6.8165;0.0000;-795.4000;0.0000;6.8165;1.0000;0.0000;0.0000;0.0000;0.0000
528;434.43;782.2500;10712.5500;11867.9500;11085.7000;110.0000;-0.0414;0.0000;-782.2500;0.0000;6.8165;0.0000;-782.2500;0.0000;6.8165;1.0000;0.0000;0.0000;0.0000;0.0000
529;434.79;803.2500;10828.2000;11916.5000;11113.2500;110.0000;-0.0414;0.0000;-803.2500;0.0000;6.8165;0.0000;-803.2500;0.0000;6.8165;1.0000;0.0000;0.0000;0.0000;0.0000
530;435.15;785.3000;11048.5500;12184.3500;11399.0500;110.0000;-0.0414;0.0000;-785.3000;0.0000;6.8165;0.0000;-785.3000;0.0000;6.8165;1.0000;0.0000;0.0000;0.0000;0.0000
531;435.51;803.2500;11301.9500;12395.0500;11591.8000;110.0000;-0.0414;0.0000;-803.2500;0.0000;6.8165;0.0000;-803.2500;0.0000;6.8165;1.0000;0.0000;0.0000;0.0000;0.0000
532;435.87;768.5000;11327.1000;12596.0000;11827.5000;110.0000;-0.0414;0.0000;-768.5000;0.0000;6.8165;0.0000;-768.5000;0.0000;6.8165;1.0000;0.0000;0.0000;0.0000;0.0000
533;436.23;792.4000;11695.5000;13077.6500;12285.2500;110.0000;-0.0414;0.0000;-792.4000;0.0000;6.8165;0.0000;-792.4000;0.0000;6.8165;1.0000;0.0000;0.0000;0.0000;0.0000
534;436.59;799.5000;11929.1500;13290.9500;12491.4500;110.0000;-0.0414;0.0000;-799.5000;0.0000;6.8165;0.0000;-799.5000;0.0000;6.8165;1.0000;0.0000;0.0000;0.0000;0.0000
535;436.94;801.7000;12113.1000;13391.8500;12590.1500;110.0000;-0.0414;0.0000;-801.7000;0.0000;6.8165;0.0000;-801.7000;0.0000;6.8165;1.0000;0.0000;0.0000;0.0000;0.0000
536;437.30;784.7000;12310.9000;13629.7500;12845.0500;110.0000;-0.0414;0.0000;-784.7000;0.0000;6.8165;0.0000;-784.7000;0.0000;6.8165;1.0000;0.0000;0.0000;0.0000;0.0000
537;437.66;803.8000;12222.3000;13559.3000;12755.5000;110.0000;-0.0414;0.0000;-803.8000;0.0000;6.8165;0.0000;-803.8000;0.0000;6.8165;1.0000;0.0000;0.0000;0.0000;0.0000
538;438.02;782.2000;12650.1500;14057.0000;13274.8000;110.0000;-0.0414;0.0000;-782.2000;0.0000;6.8165;0.0000;-782.2000;0.0000;6.8165;1.0000;0.0000;0.0000;0.0000;0.0000
539;438.38;787.3000;12940.7500;14374.2500;13586.9500;110.0000;-0.0414;0.0000;-787.3000;0.0000;6.8165;0.0000;-787.3000;0.0000;6.8165;1.0000;0.0000;0.0000;0.0000;0.0000
540;438.74;797.0500;13078.2000;14405.6500;13608.6000;110.0000;-0.0414;0.0000;-797.0500;0.0000;6.8165;0.0000;-797.0500;0.0000;6.8165;1.0000;0.0000;0.0000;0.0000;0.0000
541;439.10;792.9500;12701.4000;14064.6500;13271.7000;110.0000;-0.0414;0.0000;-792.9500;0.0000;6.8165;0.0000;-792.9500;0.0000;6.8165;1.0000;0.0000;0.0000;0.0000;0.0000
542;439.46;789.8000;12907.2500;14334.8000;13545.0000;110.0000;-0.0414;0.0000;-789.8000;0.0000;6.8165;0.0000;-789.8000;0.0000;6.8165;1.0000;0.0000;0.0000;0.0000;0.0000
543;439.81;781.3000;13138.8500;14495.5000;13714.2000;110.0000;-0.0414;0.0000;-781.3000;0.0000;6.8165;0.0000;-781.3000;0.0000;6.8165;1.0000;0.0000;0.0000;0.0000;0.0000
544;440.17;776.4500;12955.9000;14327.9000;13551.4500;110.0000;-0.0414;0.0000;-776.4500;0.0000;6.8165;0.0000;-776.4500;0.0000;6.8165;1.0000;0.0000;0.0000;0.0000;0.0000
545;440.53;795.3000;13222.2000;14732.9000;13937.6000;110.0000;-0.0414;0.0000;-795.3000;0.0000;6.8165;0.0000;-795.3000;0.0000;6.8165;1.0000;0.0000;0.0000;0.0000;0.0000
546;440.89;798.2000;13253.3000;14718.4500;13920.2500;110.0000;-0.0414;0.0000;-798.2000;0.0000;6.8165;0.0000;-798.2000;0.0000;6.8165;1.0000;0.0000;0.0000;0.0000;0.0000
547;441.25;789.3500;13314.3500;14760.0500;13970.7000;110.0000;-0.0414;0.0000;-789.3500;0.0000;6.8165;0.0000;-789.3500;0.0000;6.8165;1.0000;0.0000;0.0000;0.0000;0.0000
548;441.60;786.0500;13481.6500;14887.8000;14101.7500;110.0000;-0.0414;0.0000;-786.0500;0.0000;6.8165;0.0000;-786.0500;0.0000;6.8165;1.0000;0.0000;0.0000;0.0000;0.0000
549;441.96;779.4000;13702.7000;15274.2000;14494.8000;110.0000;-0.0414;0.0000;-779.4000;0.0000;6.8165;0.0000;-779.4000;0.0000;6.8165;1.0000;0.0000;0.0000;0.0000;0.0000
550;442.32;780.9000;13522.6000;15040.1000;14259.2000;110.0000;-0.0414;0.0000;-780.9000;0.0000;6.8165;0.0000;-780.9000;0.0000;6.8165;1.0000;0.0000;0.0000;0.0000;0.0000
551;442.68;787.6000;13399.9500;14878.8500;14091.2500;110.0000;-0.0414;0.0000;-787.6000;0.0000;6.8165;0.0000;-787.6000;0.0000;6.8165;1.0000;0.0000;0.0000;0.0000;0.0000
552;443.03;794.7000;14253.3500;15653.1500;14858.4500;110.0000;-0.0414;0.0000;-794.7000;0.0000;6.8165;0.0000;-794.7000;0.0000;6.8165;1.0000;0.0000;0.0000;0.0000;0.0000
553;443.39;766.8000;13780.5000;15178.1000;14411.3000;110.0000;-0.0414;0.0000;-766.8000;0.0000;6.8165;0.0000;-766.8000;0.0000;6.8165;1.0000;0.0000;0.0000;0.0000;0.0000
554;443.75;773.1000;14825.5500;16395.3000;15622.2000;110.0000;-0.0414;0.0000;-773.1000;0.0000;6.8165;0.0000;-773.1000;0.0000;6.8165;1.0000;0.0000;0.0000;0.0000;0.0000
555;444.11;781.5500;14691.8000;16352.8000;15571.2500;110.0000;-0.0414;0.0000;-781.5500;0.0000;6.8165;0.0000;-781.5500;0.0000;6.8165;1.0000;0.0000;0.0000;0.0000;0.0000
556;444.46;788.7500;14529.1000;16014.4000;15225.6500;110.0000;-0.0414;0.0000;-788.7500;0.0000;6.8165;0.0000;-788.7500;0.0000;6.8165;1.0000;0.0000;0.0000;0.0000;0.0000
557;444.82;795.6000;14497.4000;16079.2500;15283.6500;110.0000;-0.0414;0.0000;-795.6000;0.0000;6.8165;0.0000;-795.6000;0.0000;6.8165;1.0000;0.0000;0.0000;0.0000;0.0000
558;445.18;786.4500;14488.4500;16081.8000;15295.3500;110.0000;-0.0414;0.0000;-786.4500;0.0000;6.8165;0.0000;-786.4500;0.0000;6.8165;1.0000;0.0000;0.0000;0.0000;0.0000
559;445.53;786.2000;14732.8500;16396.5500;15610.3500;110.0000;-0.0414;0.0000;-786.2000;0.0000;6.8165;0.0000;-786.2000;0.0000;6.8165;1.0000;0.0000;0.0000;0.0000;0.0000
560;445.89;786.9000;14933.7000;16629.6000;15842.7000;110.0000;-0.0414;0.0000;-786.9000;0.0000;6.8165;0.0000;-786.9000;0.0000;6.8165;1.0000;0.0000;0.0000;0.0000;0.0000
561;446.25;788.8500;15432.9000;17204.7500;16415.9000;110.0000;-0.0414;0.0000;-788.8500;0.0000;6.8165;0.0000;-788.8500;0.0000;6.8165;1.0000;0.0000;0.0000;0.0000;0.0000
562;446.60;792.4500;15086.3000;16758.6500;15966.2000;110.0000;-0.0414;0.0000;-792.4500;0.0000;6.8165;0.0000;-792.4500;0.0000;6.8165;1.0000;0.0000;0.0000;0.0000;0.0000
563;446.96;797.0500;15088.6000;16810.1500;16013.1000;110.0000;-0.0414;0.0000;-797.0500;0.0000;6.8165;0.0000;-797.0500;0.0000;6.8165;1.0000;0.0000;0.0000;0.0000;0.0000
564;447.32;800.7000;15512.8000;17162.2000;16361.5000;110.0000;-0.0414;0.0000;-800.7000;0.0000;6.8165;0.0000;-800.7000;0.0000;6.8165;1.0000;0.0000;0.0000;0.0000;0.0000
565;447.67;794.2500;15932.8500;17682.8500;16888.6000;110.0000;-0.0414;0.0000;-794.2500;0.0000;6.8165;0.0000;-794.2500;0.0000;6.8165;1.0000;0.0000;0.0000;0.0000;0.0000
566;448.03;800.1500;15869.7000;17621.2500;16821.1000;110.0000;-0.0414;0.0000;-800.1500;0.0000;6.8165;0.0000;-800.1500;0.0000;6.8165;1.0000;0.0000;0.0000;0.0000;0.0000
567;448.38;796.4000;16017.2000;17894.3500;17097.9500;110.0000;-0.0414;0.0000;-796.4000;0.0000;6.8165;0.0000;-796.4000;0.0000;6.8165;1.0000;0.0000;0.0000;0.0000;0.0000
568;448.74;794.2000;16762.8000;18694.0500;17899.8500;110.0000;-0.0414;0.0000;-794.2000;0.0000;6.8165;0.0000;-794.2000;0.0000;6.8165;1.0000;0.0000;0.0000;0.0000;0.0000
569;449.10;796.4000;16555.4500;18356.8500;17560.4500;110.0000;-0.0414;0.0000;-796.4000;0.0000;6.8165;0.0000;-796.4000;0.0000;6.8165;1.0000;0.0000;0.0000;0.0000;0.0000
570;449.45;795.7500;17581.1000;19635.9000;18840.1500;110.0000;-0.0414;0.0000;-795.7500;0.0000;6.8165;0.0000;-795.7500;0.0000;6.8165;1.0000;0.0000;0.0000;0.0000;0.0000
571;449.81;800.7000;18736.6500;21030.4500;20229.7500;110.0000;-0.0414;0.0000;-800.7000;0.0000;6.8165;0.0000;-800.7000;0.0000;6.8165;1.0000;0.0000;0.0000;0.0000;0.0000
572;450.16;788.8000;19307.6000;21689.5500;20900.7500;110.0000;-0.0414;0.0000;-788.8000;0.0000;6.8165;0.0000;-788.8000;0.0000;6.8165;1.0000;0.0000;0.0000;0.0000;0.0000
573;450.52;798.5500;20507.6000;22913.8500;22115.3000;110.0000;-0.0414;0.0000;-798.5500;0.0000;6.8165;0.0000;-798.5500;0.0000;6.8165;1.0000;0.0000;0.0000;0.0000;0.0000
574;450.87;804.6500;19706.3000;21871.3500;21066.7000;110.0000;-0.0414;0.0000;-804.6500;0.0000;6.8165;0.0000;-804.6500;0.0000;6.8165;1.0000;0.0000;0.0000;0.0000;0.0000
575;451.23;803.0000;18793.0500;20878.3000;20075.3000;110.0000;-0.0414;0.0000;-803.0000;0.0000;6.8165;0.0000;-803.0000;0.0000;6.8165;1.0000;0.0000;0.0000;0.0000;0.0000
576;451.59;801.8500;18857.0500;20910.1000;20108.2500;110.0000;-0.0414;0.0000;-801.8500;0.0000;6.8165;0.0000;-801.8500;0.0000;6.8165;1.0000;0.0000;0.0000;0.0000;0.0000
577;451.94;794.4000;18728.5500;20785.6500;19991.2500;110.0000;-0.0414;0.0000;-794.4000;0.0000;6.8165;0.0000;-794.4000;0.0000;6.8165;1.0000;0.0000;0.0000;0.0000;0.0000
578;452.30;800.2000;19080.9500;21247.1500;20446.9500;110.0000;-0.0414;0.0000;-800.2000;0.0000;6.8165;0.0000;-800.2000;0.0000;6.8165;1.0000;0.0000;0.0000;0.0000;0.0000
579;452.65;785.0500;19104.2500;21296.9000;20511.8500;110.0000;-0.0414;0.0000;-785.0500;0.0000;6.8165;0.0000;-785.0500;0.0000;6.8165;1.0000;0.0000;0.0000;0.0000;0.0000
580;453.01;793.6000;19648.8000;21872.6000;21079.0000;110.0000;-0.0414;0.0000;-793.6000;0.0000;6.8165;0.0000;-793.6000;0.0000;6.8165;1.0000;0.0000;0.0000;0.0000;0.0000
581;453.36;785.2500;19111.7500;21145.3000;20360.0500;110.0000;-0.0414;0.0000;-785.2500;0.0000;6.8165;0.0000;-785.2500;0.0000;6.8165;1.0000;0.0000;0.0000;0.0000;0.0000
582;453.71;797.6500;18241.4500;20275.7500;19478.1000;110.0000;-0.0414;0.0000;-797.6500;0.0000;6.8165;0.0000;-797.6500;0.0000;6.8165;1.0000;0.0000;0.0000;0.0000;0.0000
583;454.07;788.7500;18685.4500;20913.1000;20124.3500;110.0000;-0.0414;0.0000;-788.7500;0.0000;6.8165;0.0000;-788.7500;0.0000;6.8165;1.0000;0.0000;0.0000;0.0000;0.0000
584;454.42;778.9500;18717.6000;20994.1000;20215.1500;110.0000;-0.0414;0.0000;-778.9500;0.0000;6.8165;0.0000;-778.9500;0.0000;6.8165;1.0000;0.0000;0.0000;0.0000;0.0000
585;454.78;775.4500;19544.4000;21825.6500;21050.2000;110.0000;-0.0414;0.0000;-775.4500;0.0000;6.8165;0.0000;-775.4500;0.0000;6.8165;1.0000;0.0000;0.0000;0.0000;0.0000
586;455.13;785.5000;19540.3000;21786.5500;21001.0500;110.0000;-0.0414;0.0000;-785.5000;0.0000;6.8165;0.0000;-785.5000;0.0000;6.8165;1.0000;0.0000;0.0000;0.0000;0.0000
587;455.49;808.5000;20268.2500;22642.2500;21833.7500;110.0000;-0.0414;0.0000;-808.5000;0.0000;6.8165;0.0000;-808.5000;0.0000;6.8165;1.0000;0.0000;0.0000;0.0000;0.0000
588;455.84;789.4500;19393.4500;21721.6000;20932.1500;110.0000;-0.0414;0.0000;-789.4500;0.0000;6.8165;0.0000;-789.4500;0.0000;6.8165;1.0000;0.0000;0.0000;0.0000;0.0000
589;456.19;794.7500;20441.2000;22720.1000;21925.3500;110.0000;-0.0414;0.0000;-794.7500;0.0000;6.8165;0.0000;-794.7500;0.0000;6.8165;1.0000;0.0000;0.0000;0.0000;0.0000
590;456.55;796.2000;20996.9500;23459.5000;22663.3000;110.0000;-0.0414;0.0000;-796.2000;0.0000;6.8165;0.0000;-796.2000;0.0000;6.8165;1.0000;0.0000;0.0000;0.0000;0.0000
591;456.90;781.8500;21459.0500;24046.7000;23264.8500;110.0000;-0.0414;0.0000;-781.8500;0.0000;6.8165;0.0000;-781.8500;0.0000;6.8165;1.0000;0.0000;0.0000;0.0000;0.0000
592;457.26;797.6500;21664.9000;24196.9500;23399.3000;110.0000;-0.0414;0.0000;-797.6500;0.0000;6.8165;0.0000;-797.6500;0.0000;6.8165;1.0000;0.0000;0.0000;0.0000;0.0000
593;457.61;794.8500;21570.4000;24096.3500;23301.5000;110.0000;-0.0414;0.0000;-794.8500;0.0000;6.8165;0.0000;-794.8500;0.0000;6.8165;1.0000;0.0000;0.0000;0.0000;0.0000
594;457.96;805.1000;22123.5000;24660.6500;23855.5500;110.0000;-0.0414;0.0000;-805.1000;0.0000;6.8165;0.0000;-805.1000;0.0000;6.8165;1.0000;0.0000;0.0000;0.0000;0.0000
595;458.32;795.0000;23093.7000;25767.7500;24972.7500;110.0000;-0.0414;0.0000;-795.0000;0.0000;6.8165;0.0000;-795.0000;0.0000;6.8165;1.0000;0.0000;0.0000;0.0000;0.0000
596;458.67;798.7500;22657.7000;25222.0000;24423.2500;110.0000;-0.0414;0.0000;-798.7500;0.0000;6.8165;0.0000;-798.7500;0.0000;6.8165;1.0000;0.0000;0.0000;0.0000;0.0000
597;459.02;790.1000;22694.9500;25422.6000;24632.5000;110.0000;-0.0414;0.0000;-790.1000;0.0000;6.8165;0.0000;-790.1000;0.0000;6.8165;1.0000;0.0000;0.0000;0.0000;0.0000
598;459.38;803.7000;22664.9500;25400.2500;24596.5500;110.0000;-0.0414;0.0000;-803.7000;0.0000;6.8165;0.0000;-803.7000;0.0000;6.8165;1.0000;0.0000;0.0000;0.0000;0.0000
599;459.73;791.7500;22936.1000;25624.2000;24832.4500;110.0000;-0.0414;0.0000;-791.7500;0.0000;6.8165;0.0000;-791.7500;0.0000;6.8165;1.0000;0.0000;0.0000;0.0000;0.0000
600;460.08;801.8500;22940.8500;25422.2500;24620.4000;110.0000;-0.0414;0.0000;-801.8500;0.0000;6.8165;0.0000;-801.8500;0.0000;6.8165;1.0000;0.0000;0.0000;0.0000;0.0000
601;460.44;792.2500;23384.6000;26009.2000;25216.9500;110.0000;-0.0414;0.0000;-792.2500;0.0000;6.8165;0.0000;-792.2500;0.0000;6.8165;1.0000;0.0000;0.0000;0.0000;0.0000
602;460.79;789.3500;23173.7000;25946.0000;25156.6500;110.0000;-0.0414;0.0000;-789.3500;0.0000;6.8165;0.0000;-789.3500;0.0000;6.8165;1.0000;0.0000;0.0000;0.0000;0.0000
603;461.14;796.8000;24004.1000;26781.4500;25984.6500;110.0000;-0.0414;0.0000;-796.8000;0.0000;6.8165;0.0000;-796.8000;0.0000;6.8165;1.0000;0.0000;0.0000;0.0000;0.0000
604;461.49;799.5000;24330.2500;26999.3500;26199.8500;110.0000;-0.0414;0.0000;-799.5000;0.0000;6.8165;0.0000;-799.5000;0.0000;6.8165;1.0000;0.0000;0.0000;0.0000;0.0000
605;461.85;799.5000;24547.9500;27357.9000;26558.4000;110.0000;-0.0414;0.0000;-799.5000;0.0000;6.8165;0.0000;-799.5000;0.0000;6.8165;1.0000;0.0000;0.0000;0.0000;0.0000
606;462.20;791.3500;25213.3500;28182.2000;27390.8500;110.0000;-0.0414;0.0000;-791.3500;0.0000;6.8165;0.0000;-791.3500;0.0000;6.8165;1.0000;0.0000;0.0000;0.0000;0.0000
607;462.55;788.1000;24845.3500;27626.5500;26838.4500;110.0000;-0.0414;0.0000;-788.1000;0.0000;6.8165;0.0000;-788.1000;0.0000;6.8165;1.0000;0.0000;0.0000;0.0000;0.0000
608;462.90;790.0000;26634.2000;29428.7000;28638.7000;110.0000;-0.0414;0.0000;-790.0000;0.0000;6.8165;0.0000;-790.0000;0.0000;6.8165;1.0000;0.0000;0.0000;0.0000;0.0000
609;463.26;782.3000;27125.7500;30235.9000;29453.6000;110.0000;-0.0414;0.0000;-782.3000;0.0000;6.8165;0.0000;-782.3000;0.0000;6.8165;1.0000;0.0000;0.0000;0.0000;0.0000
610;463.61;792.9000;26540.0000;29470.3000;28677.4000;110.0000;-0.0414;0.0000;-792.9000;0.0000;6.8165;0.0000;-792.9000;0.0000;6.8165;1.0000;0.0000;0.0000;0.0000;0.0000
611;463.96;791.3500;26361.7000;29159.5000;28368.1500;110.0000;-0.0414;0.0000;-791.3500;0.0000;6.8165;0.0000;-791.3500;0.0000;6.8165;1.0000;0.0000;0.0000;0.0000;0.0000
612;464.31;786.3500;27077.2500;29807.9500;29021.6000;110.0000;-0.0414;0.0000;-786.3500;0.0000;6.8165;0.0000;-786.3500;0.0000;6.8165;1.0000;0.0000;0.0000;0.0000;0.0000
613;464.66;784.0500;26334.2000;29196.3500;28412.3000;110.0000;-0.0414;0.0000;-784.0500;0.0000;6.8165;0.0000;-784.0500;0.0000;6.8165;1.0000;0.0000;0.0000;0.0000;0.0000
614;465.02;778.8000;26205.1000;29075.1500;28296.3500;110.0000;-0.0414;0.0000;-778.8000;0.0000;6.8165;0.0000;-778.8000;0.0000;6.8165;1.0000;0.0000;0.0000;0.0000;0.0000
615;465.37;791.6500;26777.7500;29818.4000;29026.7500;110.0000;-0.0414;0.0000;-791.6500;0.0000;6.8165;0.0000;-791.6500;0.0000;6.8165;1.0000;0.0000;0.0000;0.0000;0.0000
616;465.72;794.1000;27119.5500;30023.7000;29229.6000;110.0000;-0.0414;0.0000;-794.1000;0.0000;6.8165;0.0000;-794.1000;0.0000;6.8165;1.0000;0.0000;0.0000;0.0000;0.0000
617;466.07;788.2000;26776.0500;29396.4000;28608.2000;110.0000;-0.0414;0.0000;-788.2000;0.0000;6.8165;0.0000;-788.2000;0.0000;6.8165;1.0000;0.0000;0.0000;0.0000;0.0000
618;466.42;797.7000;27840.7500;30554.9500;29757.2500;110.0000;-0.0414;0.0000;-797.7000;0.0000;6.8165;0.0000;-797.7000;0.0000;6.8165;1.0000;0.0000;0.0000;0.0000;0.0000
619;466.77;797.1000;27976.0500;31146.7000;30349.6000;110.0000;-0.0414;0.0000;-797.1000;0.0000;6.8165;0.0000;-797.1000;0.0000;6.8165;1.0000;0.0000;0.0000;0.0000;0.0000
620;467.12;786.1000;28892.4000;32192.7500;31406.6500;110.0000;-0.0414;0.0000;-786.1000;0.0000;6.8165;0.0000;-786.1000;0.0000;6.8165;1.0000;0.0000;0.0000;0.0000;0.0000
621;467.48;799.4500;30545.6500;34063.9000;33264.4500;110.0000;-0.0414;0.0000;-799.4500;0.0000;6.8165;0.0000;-799.4500;0.0000;6.8165;1.0000;0.0000;0.0000;0.0000;0.0000
622;467.83;792.8500;32338.3000;36104.5000;35311.6500;110.0000;-0.0414;0.0000;-792.8500;0.0000;6.8165;0.0000;-792.8500;0.0000;6.8165;1.0000;0.0000;0.0000;0.0000;0.0000
623;468.18;792.2000;32243.1500;35983.9000;35191.7000;110.0000;-0.0414;0.0000;-792.2000;0.0000;6.8165;0.0000;-792.2000;0.0000;6.8165;1.0000;0.0000;0.0000;0.0000;0.0000
624;468.53;803.0500;32883.1000;36463.2000;35660.1500;110.0000;-0.0414;0.0000;-803.0500;0.0000;6.8165;0.0000;-803.0500;0.0000;6.8165;1.0000;0.0000;0.0000;0.0000;0.0000
625;468.88;795.5500;32156.6000;35662.9500;34867.4000;110.0000;-0.0414;0.0000;-795.5500;0.0000;6.8165;0.0000;-795.5500;0.0000;6.8165;1.0000;0.0000;0.0000;0.0000;0.0000
626;469.23;779.0500;31681.8000;35305.4000;34526.3500;110.0000;-0.0414;0.0000;-779.0500;0.0000;6.8165;0.0000;-779.0500;0.0000;6.8165;1.0000;0.0000;0.0000;0.0000;0.0000
627;469.58;782.9500;31726.0500;35222.4000;34439.4500;110.0000;-0.0414;0.0000;-782.9500;0.0000;6.8165;0.0000;-782.9500;0.0000;6.8165;1.0000;0.0000;0.0000;0.0000;0.0000
628;469.93;795.9500;31421.0500;34864.1000;34068.1500;110.0000;-0.0414;0.0000;-795.9500;0.0000;6.8165;0.0000;-795.9500;0.0000;6.8165;1.0000;0.0000;0.0000;0.0000;0.0000
629;470.28;793.4500;31523.7000;34910.3000;34116.8500;110.0000;-0.0414;0.0000;-793.4500;0.0000;6.8165;0.0000;-793.4500;0.0000;6.8165;1.0000;0.0000;0.0000;0.0000;0.0000
630;470.63;789.7500;30942.0000;34248.7000;33458.9500;110.0000;-0.0414;0.0000;-789.7500;0.0000;6.8165;0.0000;-789.7500;0.0000;6.8165;1.0000;0.0000;0.0000;0.0000;0.0000
631;470.98;787.4000;30489.5500;33869.3000;33081.9000;110.0000;-0.0414;0.0000;-787.4000;0.0000;6.8165;0.0000;-787.4000;0.0000;6.8165;1.0000;0.0000;0.0000;0.0000;0.0000
632;471.33;778.6000;29661.6500;32829.7000;32051.1000;110.0000;-0.0414;0.0000;-778.6000;0.0000;6.8165;0.0000;-778.6000;0.0000;6.8165;1.0000;0.0000;0.0000;0.0000;0.0000
633;471.68;790.8500;30480.8500;33525.6500;32734.8000;110.0000;-0.0414;0.0000;-790.8500;0.0000;6.8165;0.0000;-790.8500;0.0000;6.8165;1.0000;0.0000;0.0000;0.0000;0.0000
634;472.03;790.5000;29791.6500;32787.3000;31996.8000;110.0000;-0.0414;0.0000;-790.5000;0.0000;6.8165;0.0000;-790.5000;0.0000;6.8165;1.0000;0.0000;0.0000;0.0000;0.0000
635;472.38;783.9000;29183.0500;32202.7500;31418.8500;110.0000;-0.0414;0.0000;-783.9000;0.0000;6.8165;0.0000;-783.9000;0.0000;6.8165;1.0000;0.0000;0.0000;0.0000;0.0000
636;472.73;794.1000;30688.5500;33767.1500;32973.0500;110.0000;-0.0414;0.0000;-794.1000;0.0000;6.8165;0.0000;-794.1000;0.0000;6.8165;1.0000;0.0000;0.0000;0.0000;0.0000
637;473.08;779.1500;32447.4000;35536.6500;34757.5000;109.7550;-0.0404;0.0000;-779.1500;0.0000;6.8165;0.0000;-779.1500;0.0000;6.8165;1.0000;0.0000;0.0000;0.0000;0.0000
638;473.43;775.9000;34478.4500;38107.5000;37331.6000;110.0000;-0.0414;0.0000;-775.9000;0.0000;6.8165;0.0000;-775.9000;0.0000;6.8165;1.0000;0.0000;0.0000;0.0000;0.0000
639;473.78;784.4500;36124.2000;39951.5500;39167.1000;110.0000;-0.0414;0.0000;-784.4500;0.0000;6.8165;0.0000;-784.4500;0.0000;6.8165;1.0000;0.0000;0.0000;0.0000;0.0000
640;474.13;787.9500;34967.4500;38408.6000;37620.6500;110.0000;-0.0414;0.0000;-787.9500;0.0000;6.8165;0.0000;-787.9500;0.0000;6.8165;1.0000;0.0000;0.0000;0.0000;0.0000
641;474.48;786.6000;33444.9500;36696.1500;35909.5500;109.9552;-0.0412;0.0000;-786.6000;0.0000;6.8165;0.0000;-786.6000;0.0000;6.8165;1.0000;0.0000;0.0000;0.0000;0.0000
642;474.83;766.5000;30618.3000;33596.1500;32829.6500;109.9754;-0.0413;0.0000;-766.5000;0.0000;6.8165;0.0000;-766.5000;0.0000;6.8165;1.0000;0.0000;0.0000;0.0000;0.0000
643;475.18;770.0500;30473.3500;33702.5000;32932.4500;110.0000;-0.0414;0.0000;-770.0500;0.0000;6.8165;0.0000;-770.0500;0.0000;6.8165;1.0000;0.0000;0.0000;0.0000;0.0000
644;475.52;782.4500;30063.5500;33307.8000;32525.3500;110.0000;-0.0414;0.0000;-782.4500;0.0000;6.8165;0.0000;-782.4500;0.0000;6.8165;1.0000;0.0000;0.0000;0.0000;0.0000
645;475.87;772.2000;29931.9000;33188.0000;32415.8000;110.0000;-0.0414;0.0000;-772.2000;0.0000;6.8165;0.0000;-772.2000;0.0000;6.8165;1.0000;0.0000;0.0000;0.0000;0.0000
646;476.22;795.6000;29511.7000;32584.2500;31788.6500;110.0000;-0.0414;0.0000;-795.6000;0.0000;6.8165;0.0000;-795.6000;0.0000;6.8165;1.0000;0.0000;0.0000;0.0000;0.0000
647;476.57;791.4000;29487.4000;32588.8000;31797.4000;110.0000;-0.0414;0.0000;-791.4000;0.0000;6.8165;0.0000;-791.4000;0.0000;6.8165;1.0000;0.0000;0.0000;0.0000;0.0000
648;476.92;780.0000;29133.9500;32246.3500;31466.3500;110.0000;-0.0414;0.0000;-780.0000;0.0000;6.8165;0.0000;-780.0000;0.0000;6.8165;1.0000;0.0000;0.0000;0.0000;0.0000
649;477.27;783.5500;29379.4000;32501.1500;31717.6000;110.0000;-0.0414;0.0000;-783.5500;0.0000;6.8165;0.0000;-783.5500;0.0000;6.8165;1.0000;0.0000;0.0000;0.0000;0.0000
650;477.62;785.0500;30183.4500;33127.0500;32342.0000;110.0000;-0.0414;0.0000;-785.0500;0.0000;6.8165;0.0000;-785.0500;0.0000;6.8165;1.0000;0.0000;0.0000;0.0000;0.0000
651;477.96;779.7000;29734.9500;32674.4000;31894.7000;110.0000;-0.0414;0.0000;-779.7000;0.0000;6.8165;0.0000;-779.7000;0.0000;6.8165;1.0000;0.0000;0.0000;0.0000;0.0000
652;478.31;801.7000;29857.8500;32782.3500;31980.6500;110.0000;-0.0414;0.0000;-801.7000;0.0000;6.8165;0.0000;-801.7000;0.0000;6.8165;1.0000;0.0000;0.0000;0.0000;0.0000
653;478.66;797.0500;30401.7500;33537.8000;32740.7500;110.0000;-0.0414;0.0000;-797.0500;0.0000;6.8165;0.0000;-797.0500;0.0000;6.8165;1.0000;0.0000;0.0000;0.0000;0.0000
654;479.01;789.0000;31016.6000;34263.8500;33474.8500;110.0000;-0.0414;0.0000;-789.0000;0.0000;6.8165;0.0000;-789.0000;0.0000;6.8165;1.0000;0.0000;0.0000;0.0000;0.0000
655;479.36;794.0000;31101.1500;34204.8500;33410.8500;110.0000;-0.0414;0.0000;-794.0000;0.0000;6.8165;0.0000;-794.0000;0.0000;6.8165;1.0000;0.0000;0.0000;0.0000;0.0000
656;479.70;786.1500;31706.7500;34745.9000;33959.7500;109.8289;-0.0407;0.0000;-786.1500;0.0000;6.8165;0.0000;-786.1500;0.0000;6.8165;1.0000;0.0000;0.0000;0.0000;0.0000
657;480.05;791.5000;32186.1500;35046.2500;34254.7500;109.1102;-0.0379;0.0000;-791.5000;0.0000;6.8165;0.0000;-791.5000;0.0000;6.8165;1.0000;0.0000;0.0000;0.0000;0.0000
658;480.40;791.6000;33439.0500;36626.4000;35834.8000;109.7629;-0.0405;0.0000;-791.6000;0.0000;6.8165;0.0000;-791.6000;0.0000;6.8165;1.0000;0.0000;0.0000;0.0000;0.0000
659;480.75;801.4500;34262.8500;37782.1000;36980.6500;110.0000;-0.0414;0.0000;-801.4500;0.0000;6.8165;0.0000;-801.4500;0.0000;6.8165;1.0000;0.0000;0.0000;0.0000;0.0000
660;481.09;791.9000;35173.0500;38895.1000;38103.2000;110.0000;-0.0414;0.0000;-791.9000;0.0000;6.8165;0.0000;-791.9000;0.0000;6.8165;1.0000;0.0000;0.0000;0.0000;0.0000
661;481.44;792.6500;35913.1500;39605.9000;38813.2500;110.0000;-0.0414;0.0000;-792.6500;0.0000;6.8165;0.0000;-792.6500;0.0000;6.8165;1.0000;0.0000;0.0000;0.0000;0.0000
662;481.79;791.1000;36543.0000;40118.1000;39327.0000;109.9997;-0.0414;0.0000;-791.1000;0.0000;6.8165;0.0000;-791.1000;0.0000;6.8165;1.0000;0.0000;0.0000;0.0000;0.0000
663;482.14;784.4000;36803.6000;40502.2000;39717.8000;110.0000;-0.0414;0.0000;-784.4000;0.0000;6.8165;0.0000;-784.4000;0.0000;6.8165;1.0000;0.0000;0.0000;0.0000;0.0000
664;482.48;792.1500;37258.7500;40712.6500;39920.5000;109.4714;-0.0393;0.0000;-792.1500;0.0000;6.8165;0.0000;-792.1500;0.0000;6.8165;1.0000;0.0000;0.0000;0.0000;0.0000
665;482.83;791.7500;37420.0000;40903.4000;40111.6500;109.5101;-0.0395;0.0000;-791.7500;0.0000;6.8165;0.0000;-791.7500;0.0000;6.8165;1.0000;0.0000;0.0000;0.0000;0.0000
666;483.18;781.0500;37096.5000;40408.6000;39627.5500;109.1204;-0.0379;0.0000;-781.0500;0.0000;6.8165;0.0000;-781.0500;0.0000;6.8165;1.0000;0.0000;0.0000;0.0000;0.0000
667;483.52;772.7000;37537.7000;41032.6000;40259.9000;109.5061;-0.0394;0.0000;-772.7000;0.0000;6.8165;0.0000;-772.7000;0.0000;6.8165;1.0000;0.0000;0.0000;0.0000;0.0000
668;483.87;777.6500;37613.2500;41080.7000;40303.0500;109.4133;-0.0391;0.0000;-777.6500;0.0000;6.8165;0.0000;-777.6500;0.0000;6.8165;1.0000;0.0000;0.0000;0.0000;0.0000
669;484.22;789.6000;37804.6000;41295.4000;40505.8000;109.4308;-0.0391;0.0000;-789.6000;0.0000;6.8165;0.0000;-789.6000;0.0000;6.8165;1.0000;0.0000;0.0000;0.0000;0.0000
670;484.56;781.8000;37757.2000;41403.5000;40621.7000;109.8614;-0.0408;0.0000;-781.8000;0.0000;6.8165;0.0000;-781.8000;0.0000;6.8165;1.0000;0.0000;0.0000;0.0000;0.0000
671;484.91;796.7500;37651.0500;41043.5500;40246.8000;109.2052;-0.0382;0.0000;-796.7500;0.0000;6.8165;0.0000;-796.7500;0.0000;6.8165;1.0000;0.0000;0.0000;0.0000;0.0000
672;485.26;784.1000;37264.8000;40667.4500;39883.3500;109.3273;-0.0387;0.0000;-784.1000;0.0000;6.8165;0.0000;-784.1000;0.0000;6.8165;1.0000;0.0000;0.0000;0.0000;0.0000
673;485.60;782.6000;37084.5500;40473.3500;39690.7500;109.3350;-0.0388;0.0000;-782.6000;0.0000;6.8165;0.0000;-782.6000;0.0000;6.8165;1.0000;0.0000;0.0000;0.0000;0.0000
674;485.95;787.7000;37186.5500;40362.6000;39574.9000;108.7257;-0.0363;0.0000;-787.7000;0.0000;6.8165;0.0000;-787.7000;0.0000;6.8165;1.0000;0.0000;0.0000;0.0000;0.0000
675;486.30;789.6500;36729.9500;39996.6500;39207.0000;109.0892;-0.0378;0.0000;-789.6500;0.0000;6.8165;0.0000;-789.6500;0.0000;6.8165;1.0000;0.0000;0.0000;0.0000;0.0000
676;486.64;790.3000;36789.4000;40464.0000;39673.7000;110.0000;-0.0414;0.0000;-790.3000;0.0000;6.8165;0.0000;-790.3000;0.0000;6.8165;1.0000;0.0000;0.0000;0.0000;0.0000
677;486.99;811.1000;36843.2000;40123.2500;39312.1500;109.1031;-0.0378;0.0000;-811.1000;0.0000;6.8165;0.0000;-811.1000;0.0000;6.8165;1.0000;0.0000;0.0000;0.0000;0.0000
678;487.33;788.3500;37081.7500;40282.8000;39494.4500;108.8199;-0.0367;0.0000;-788.3500;0.0000;6.8165;0.0000;-788.3500;0.0000;6.8165;1.0000;0.0000;0.0000;0.0000;0.0000
679;487.68;769.1500;36927.9500;40343.1500;39574.0000;109.4450;-0.0392;0.0000;-769.1500;0.0000;6.8165;0.0000;-769.1500;0.0000;6.8165;1.0000;0.0000;0.0000;0.0000;0.0000
680;488.02;802.3500;37470.5000;41195.1000;40392.7500;110.0000;-0.0414;0.0000;-802.3500;0.0000;6.8165;0.0000;-802.3500;0.0000;6.8165;1.0000;0.0000;0.0000;0.0000;0.0000
681;488.37;799.1000;37346.0000;40808.9500;40009.8500;109.4754;-0.0393;0.0000;-799.1000;0.0000;6.8165;0.0000;-799.1000;0.0000;6.8165;1.0000;0.0000;0.0000;0.0000;0.0000
682;488.72;799.8500;37496.9000;40832.2000;40032.3500;109.0887;-0.0378;0.0000;-799.8500;0.0000;6.8165;0.0000;-799.8500;0.0000;6.8165;1.0000;0.0000;0.0000;0.0000;0.0000
683;489.06;783.1000;37778.6500;40841.1000;40058.0000;108.2779;-0.0345;0.0000;-783.1000;0.0000;6.8165;0.0000;-783.1000;0.0000;6.8165;1.0000;0.0000;0.0000;0.0000;0.0000
684;489.41;790.8000;38000.7500;41134.6500;40343.8500;108.4222;-0.0351;0.0000;-790.8000;0.0000;6.8165;0.0000;-790.8000;0.0000;6.8165;1.0000;0.0000;0.0000;0.0000;0.0000
685;489.75;791.4500;38177.8500;41486.0500;40694.6000;108.8487;-0.0368;0.0000;-791.4500;0.0000;6.8165;0.0000;-791.4500;0.0000;6.8165;1.0000;0.0000;0.0000;0.0000;0.0000
686;490.10;789.9000;38265.7000;41645.3000;40855.4000;109.0181;-0.0375;0.0000;-789.9000;0.0000;6.8165;0.0000;-789.9000;0.0000;6.8165;1.0000;0.0000;0.0000;0.0000;0.0000
687;490.44;806.5500;38278.9500;41622.0500;40815.5000;108.9215;-0.0371;0.0000;-806.5500;0.0000;6.8165;0.0000;-806.5500;0.0000;6.8165;1.0000;0.0000;0.0000;0.0000;0.0000
688;490.79;806.8000;39175.2500;42321.0500;41514.2500;108.1989;-0.0342;0.0000;-806.8000;0.0000;6.8165;0.0000;-806.8000;0.0000;6.8165;1.0000;0.0000;0.0000;0.0000;0.0000
689;491.13;805.7500;39225.1000;42300.4000;41494.6500;108.0046;-0.0334;0.0000;-805.7500;0.0000;6.8165;0.0000;-805.7500;0.0000;6.8165;1.0000;0.0000;0.0000;0.0000;0.0000
690;491.48;785.3500;39950.5000;43681.5000;42896.1500;109.5263;-0.0395;0.0000;-785.3500;0.0000;6.8165;0.0000;-785.3500;0.0000;6.8165;1.0000;0.0000;0.0000;0.0000;0.0000
691;491.82;792.9000;41544.8000;45604.6500;44811.7500;109.9624;-0.0412;0.0000;-792.9000;0.0000;6.8165;0.0000;-792.9000;0.0000;6.8165;1.0000;0.0000;0.0000;0.0000;0.0000
692;492.16;784.6500;42912.6500;46790.8000;46006.1500;109.2056;-0.0382;0.0000;-784.6500;0.0000;6.8165;0.0000;-784.6500;0.0000;6.8165;1.0000;0.0000;0.0000;0.0000;0.0000
693;492.51;799.8000;43509.8000;47223.7500;46423.9500;108.6957;-0.0362;0.0000;-799.8000;0.0000;6.8165;0.0000;-799.8000;0.0000;6.8165;1.0000;0.0000;0.0000;0.0000;0.0000
694;492.85;794.0500;43528.6000;47099.7000;46305.6500;108.3565;-0.0349;0.0000;-794.0500;0.0000;6.8165;0.0000;-794.0500;0.0000;6.8165;1.0000;0.0000;0.0000;0.0000;0.0000
695;493.20;793.4000;43007.0500;46484.8500;45691.4500;108.2386;-0.0344;0.0000;-793.4000;0.0000;6.8165;0.0000;-793.4000;0.0000;6.8165;1.0000;0.0000;0.0000;0.0000;0.0000
696;493.54;776.8000;43151.6000;47046.1000;46269.3000;109.1906;-0.0382;0.0000;-776.8000;0.0000;6.8165;0.0000;-776.8000;0.0000;6.8165;1.0000;0.0000;0.0000;0.0000;0.0000
697;493.89;780.4000;42369.9500;46366.7000;45586.3000;109.6100;-0.0399;0.0000;-780.4000;0.0000;6.8165;0.0000;-780.4000;0.0000;6.8165;1.0000;0.0000;0.0000;0.0000;0.0000
698;494.23;796.6500;42149.6500;45740.7500;44944.1000;108.6840;-0.0362;0.0000;-796.6500;0.0000;6.8165;0.0000;-796.6500;0.0000;6.8165;1.0000;0.0000;0.0000;0.0000;0.0000
699;494.57;793.5500;41504.0500;45001.6000;44208.0500;108.5913;-0.0358;0.0000;-793.5500;0.0000;6.8165;0.0000;-793.5500;0.0000;6.8165;1.0000;0.0000;0.0000;0.0000;0.0000
700;494.92;795.8000;41394.9500;44747.5500;43951.7500;108.2578;-0.0345;0.0000;-795.8000;0.0000;6.8165;0.0000;-795.8000;0.0000;6.8165;1.0000;0.0000;0.0000;0.0000;0.0000
701;495.26;802.6000;41418.8000;44625.2500;43822.6500;107.8945;-0.0330;0.0000;-802.6000;0.0000;6.8165;0.0000;-802.6000;0.0000;6.8165;1.0000;0.0000;0.0000;0.0000;0.0000
702;495.60;789.2000;41181.6500;44593.7000;43804.5000;108.4472;-0.0352;0.0000;-789.2000;0.0000;6.8165;0.0000;-789.2000;0.0000;6.8165;1.0000;0.0000;0.0000;0.0000;0.0000
703;495.95;779.1000;40697.0500;44129.3000;43350.2000;108.5983;-0.0358;0.0000;-779.1000;0.0000;6.8165;0.0000;-779.1000;0.0000;6.8165;1.0000;0.0000;0.0000;0.0000;0.0000
704;496.29;799.6000;40953.3500;44072.6000;43273.0000;107.7683;-0.0325;0.0000;-799.6000;0.0000;6.8165;0.0000;-799.6000;0.0000;6.8165;1.0000;0.0000;0.0000;0.0000;0.0000
705;496.63;796.4000;40743.0500;43829.9000;43033.5000;107.7274;-0.0323;0.0000;-796.4000;0.0000;6.8165;0.0000;-796.4000;0.0000;6.8165;1.0000;0.0000;0.0000;0.0000;0.0000
706;496.98;803.4000;40455.4000;43482.2000;42678.8000;107.6334;-0.0319;0.0000;-803.4000;0.0000;6.8165;0.0000;-803.4000;0.0000;6.8165;1.0000;0.0000;0.0000;0.0000;0.0000
707;497.32;787.5500;40450.8500;43309.3000;42521.7500;107.2068;-0.0302;0.0000;-787.5500;0.0000;6.8165;0.0000;-787.5500;0.0000;6.8165;1.0000;0.0000;0.0000;0.0000;0.0000
708;497.66;769.3500;40280.1500;43420.3000;42650.9500;107.9476;-0.0332;0.0000;-769.3500;0.0000;6.8165;0.0000;-769.3500;0.0000;6.8165;1.0000;0.0000;0.0000;0.0000;0.0000
709;498.01;784.2500;40260.2000;43694.7500;42910.5000;108.7004;-0.0362;0.0000;-784.2500;0.0000;6.8165;0.0000;-784.2500;0.0000;6.8165;1.0000;0.0000;0.0000;0.0000;0.0000
710;498.35;788.6500;40123.7500;43630.3000;42841.6500;108.9146;-0.0371;0.0000;-788.6500;0.0000;6.8165;0.0000;-788.6500;0.0000;6.8165;1.0000;0.0000;0.0000;0.0000;0.0000
711;498.69;796.0000;40221.6500;43526.5000;42730.5000;108.3825;-0.0350;0.0000;-796.0000;0.0000;6.8165;0.0000;-796.0000;0.0000;6.8165;1.0000;0.0000;0.0000;0.0000;0.0000
712;499.03;789.9500;40032.7500;43327.8000;42537.8500;108.3966;-0.0350;0.0000;-789.9500;0.0000;6.8165;0.0000;-789.9500;0.0000;6.8165;1.0000;0.0000;0.0000;0.0000;0.0000
713;499.38;788.2500;40015.0500;43295.1500;42506.9000;108.3619;-0.0349;0.0000;-788.2500;0.0000;6.8165;0.0000;-788.2500;0.0000;6.8165;1.0000;0.0000;0.0000;0.0000;0.0000
714;499.72;794.2500;40041.3000;43426.3000;42632.0500;108.6249;-0.0359;0.0000;-794.2500;0.0000;6.8165;0.0000;-794.2500;0.0000;6.8165;1.0000;0.0000;0.0000;0.0000;0.0000
715;500.06;784.0000;40323.5000;43934.2500;43150.2500;109.1320;-0.0380;0.0000;-784.0000;0.0000;6.8165;0.0000;-784.0000;0.0000;6.8165;1.0000;0.0000;0.0000;0.0000;0.0000
716;500.40;785.2500;40294.7000;43843.8500;43058.6000;108.9830;-0.0374;0.0000;-785.2500;0.0000;6.8165;0.0000;-785.2500;0.0000;6.8165;1.0000;0.0000;0.0000;0.0000;0.0000
717;500.75;797.1500;40480.8000;43779.9500;42982.8000;108.3136;-0.0347;0.0000;-797.1500;0.0000;6.8165;0.0000;-797.1500;0.0000;6.8165;1.0000;0.0000;0.0000;0.0000;0.0000
718;501.09;790.4500;40227.4500;43578.4000;42787.9500;108.4970;-0.0354;0.0000;-790.4500;0.0000;6.8165;0.0000;-790.4500;0.0000;6.8165;1.0000;0.0000;0.0000;0.0000;0.0000
719;501.43;786.4500;40154.9000;43488.1500;42701.7000;108.4668;-0.0353;0.0000;-786.4500;0.0000;6.8165;0.0000;-786.4500;0.0000;6.8165;1.0000;0.0000;0.0000;0.0000;0.0000
720;501.77;792.2000;40672.7500;43898.7000;43106.5000;108.0890;-0.0338;0.0000;-792.2000;0.0000;6.8165;0.0000;-792.2000;0.0000;6.8165;1.0000;0.0000;0.0000;0.0000;0.0000
721;502.11;782.8500;41202.5000;44193.7000;43410.8500;107.4004;-0.0310;0.0000;-782.8500;0.0000;6.8165;0.0000;-782.8500;0.0000;6.8165;1.0000;0.0000;0.0000;0.0000;0.0000
722;502.46;777.4500;40417.5000;43486.7000;42709.2500;107.7427;-0.0324;0.0000;-777.4500;0.0000;6.8165;0.0000;-777.4500;0.0000;6.8165;1.0000;0.0000;0.0000;0.0000;0.0000
723;502.80;778.4500;40650.8000;43725.5000;42947.0500;107.7114;-0.0323;0.0000;-778.4500;0.0000;6.8165;0.0000;-778.4500;0.0000;6.8165;1.0000;0.0000;0.0000;0.0000;0.0000
724;503.14;791.4500;40688.0500;43941.8500;43150.4000;108.1556;-0.0340;0.0000;-791.4500;0.0000;6.8165;0.0000;-791.4500;0.0000;6.8165;1.0000;0.0000;0.0000;0.0000;0.0000
725;503.48;787.9000;41074.4000;44415.0500;43627.1500;108.2922;-0.0346;0.0000;-787.9000;0.0000;6.8165;0.0000;-787.9000;0.0000;6.8165;1.0000;0.0000;0.0000;0.0000;0.0000
726;503.82;786.3500;41260.8000;44891.3000;44104.9500;108.9699;-0.0373;0.0000;-786.3500;0.0000;6.8165;0.0000;-786.3500;0.0000;6.8165;1.0000;0.0000;0.0000;0.0000;0.0000
727;504.16;789.7000;40991.5500;44423.1000;43633.4000;108.5358;-0.0356;0.0000;-789.7000;0.0000;6.8165;0.0000;-789.7000;0.0000;6.8165;1.0000;0.0000;0.0000;0.0000;0.0000
728;504.50;800.5500;40879.5000;44186.9500;43386.4000;108.2523;-0.0344;0.0000;-800.5500;0.0000;6.8165;0.0000;-800.5500;0.0000;6.8165;1.0000;0.0000;0.0000;0.0000;0.0000
729;504.84;778.4500;41301.1500;44447.8500;43669.4000;107.7653;-0.0325;0.0000;-778.4500;0.0000;6.8165;0.0000;-778.4500;0.0000;6.8165;1.0000;0.0000;0.0000;0.0000;0.0000
730;505.19;798.1000;41428.8000;44600.7500;43802.6500;107.8068;-0.0326;0.0000;-798.1000;0.0000;6.8165;0.0000;-798.1000;0.0000;6.8165;1.0000;0.0000;0.0000;0.0000;0.0000
731;505.53;797.1500;41260.4500;44384.3500;43587.2000;107.7203;-0.0323;0.0000;-797.1500;0.0000;6.8165;0.0000;-797.1500;0.0000;6.8165;1.0000;0.0000;0.0000;0.0000;0.0000
732;505.87;795.9500;40879.0500;43797.7000;43001.7500;107.2815;-0.0305;0.0000;-795.9500;0.0000;6.8165;0.0000;-795.9500;0.0000;6.8165;1.0000;0.0000;0.0000;0.0000;0.0000
733;506.21;780.6000;41144.4500;44033.5000;43252.9000;107.1575;-0.0300;0.0000;-780.6000;0.0000;6.8165;0.0000;-780.6000;0.0000;6.8165;1.0000;0.0000;0.0000;0.0000;0.0000
734;506.55;785.3000;41319.8500;44318.1500;43532.8500;107.3969;-0.0310;0.0000;-785.3000;0.0000;6.8165;0.0000;-785.3000;0.0000;6.8165;1.0000;0.0000;0.0000;0.0000;0.0000
735;506.89;797.8000;41162.1000;44673.2500;43875.4500;108.6987;-0.0362;0.0000;-797.8000;0.0000;6.8165;0.0000;-797.8000;0.0000;6.8165;1.0000;0.0000;0.0000;0.0000;0.0000
736;507.23;793.9000;41159.2500;44625.8500;43831.9500;108.5881;-0.0358;0.0000;-793.9000;0.0000;6.8165;0.0000;-793.9000;0.0000;6.8165;1.0000;0.0000;0.0000;0.0000;0.0000
737;507.57;793.4500;41226.0500;44553.3500;43759.9000;108.2293;-0.0343;0.0000;-793.4500;0.0000;6.8165;0.0000;-793.4500;0.0000;6.8165;1.0000;0.0000;0.0000;0.0000;0.0000
738;507.91;792.5500;41792.0000;44738.7000;43946.1500;107.1872;-0.0301;0.0000;-792.5500;0.0000;6.8165;0.0000;-792.5500;0.0000;6.8165;1.0000;0.0000;0.0000;0.0000;0.0000
739;508.25;794.1500;41894.6000;44460.9000;43666.7500;106.2440;-0.0263;0.0000;-794.1500;0.0000;6.8165;0.0000;-794.1500;0.0000;6.8165;1.0000;0.0000;0.0000;0.0000;0.0000
740;508.59;801.8500;41549.2500;44822.9000;44021.0500;108.0340;-0.0336;0.0000;-801.8500;0.0000;6.8165;0.0000;-801.8500;0.0000;6.8165;1.0000;0.0000;0.0000;0.0000;0.0000
741;508.93;797.1000;41724.7000;45185.5000;44388.4000;108.4559;-0.0353;0.0000;-797.1000;0.0000;6.8165;0.0000;-797.1000;0.0000;6.8165;1.0000;0.0000;0.0000;0.0000;0.0000
742;509.27;800.0500;41872.3000;45265.6500;44465.6000;108.2619;-0.0345;0.0000;-800.0500;0.0000;6.8165;0.0000;-800.0500;0.0000;6.8165;1.0000;0.0000;0.0000;0.0000;0.0000
743;509.61;792.3500;42043.9500;45095.3500;44303.0000;107.3970;-0.0310;0.0000;-792.3500;0.0000;6.8165;0.0000;-792.3500;0.0000;6.8165;1.0000;0.0000;0.0000;0.0000;0.0000
744;509.95;790.9500;42342.9500;45319.0500;44528.1000;107.1624;-0.0300;0.0000;-790.9500;0.0000;6.8165;0.0000;-790.9500;0.0000;6.8165;1.0000;0.0000;0.0000;0.0000;0.0000
745;510.29;800.2000;42087.4500;45169.3500;44369.1500;107.4645;-0.0313;0.0000;-800.2000;0.0000;6.8165;0.0000;-800.2000;0.0000;6.8165;1.0000;0.0000;0.0000;0.0000;0.0000
746;510.63;797.1500;42136.2000;45145.3500;44348.2000;107.2792;-0.0305;0.0000;-797.1500;0.0000;6.8165;0.0000;-797.1500;0.0000;6.8165;1.0000;0.0000;0.0000;0.0000;0.0000
747;510.97;783.7500;42238.8000;45404.1500;44620.4000;107.6356;-0.0320;0.0000;-783.7500;0.0000;6.8165;0.0000;-783.7500;0.0000;6.8165;1.0000;0.0000;0.0000;0.0000;0.0000
748;511.31;785.8500;42408.7000;45704.1000;44918.2500;107.9173;-0.0331;0.0000;-785.8500;0.0000;6.8165;0.0000;-785.8500;0.0000;6.8165;1.0000;0.0000;0.0000;0.0000;0.0000
749;511.65;800.3500;42797.8500;45710.7000;44910.3500;106.9358;-0.0291;0.0000;-800.3500;0.0000;6.8165;0.0000;-800.3500;0.0000;6.8165;1.0000;0.0000;0.0000;0.0000;0.0000
750;511.98;789.1500;42775.4500;45882.0500;45092.9000;107.3991;-0.0310;0.0000;-789.1500;0.0000;6.8165;0.0000;-789.1500;0.0000;6.8165;1.0000;0.0000;0.0000;0.0000;0.0000
751;512.32;784.8500;42722.2500;45940.7000;45155.8500;107.6744;-0.0321;0.0000;-784.8500;0.0000;6.8165;0.0000;-784.8500;0.0000;6.8165;1.0000;0.0000;0.0000;0.0000;0.0000
752;512.66;782.5000;42799.2000;46010.8000;45228.3000;107.6436;-0.0320;0.0000;-782.5000;0.0000;6.8165;0.0000;-782.5000;0.0000;6.8165;1.0000;0.0000;0.0000;0.0000;0.0000
753;513.00;804.2000;42959.9000;46374.1000;45569.9000;108.0990;-0.0338;0.0000;-804.2000;0.0000;6.8165;0.0000;-804.2000;0.0000;6.8165;1.0000;0.0000;0.0000;0.0000;0.0000
754;513.34;796.5000;43067.2500;46586.4500;45789.9500;108.3254;-0.0347;0.0000;-796.5000;0.0000;6.8165;0.0000;-796.5000;0.0000;6.8165;1.0000;0.0000;0.0000;0.0000;0.0000
755;513.68;781.6000;43307.1500;46441.5500;45659.9500;107.3706;-0.0309;0.0000;-781.6000;0.0000;6.8165;0.0000;-781.6000;0.0000;6.8165;1.0000;0.0000;0.0000;0.0000;0.0000
756;514.02;777.8500;44057.3500;46778.4000;46000.5500;106.2872;-0.0265;0.0000;-777.8500;0.0000;6.8165;0.0000;-777.8500;0.0000;6.8165;1.0000;0.0000;0.0000;0.0000;0.0000
757;514.36;781.4000;43919.6500;46799.8000;46018.4000;106.6766;-0.0281;0.0000;-781.4000;0.0000;6.8165;0.0000;-781.4000;0.0000;6.8165;1.0000;0.0000;0.0000;0.0000;0.0000
758;514.69;786.5500;43819.0500;47056.3500;46269.8000;107.5229;-0.0315;0.0000;-786.5500;0.0000;6.8165;0.0000;-786.5500;0.0000;6.8165;1.0000;0.0000;0.0000;0.0000;0.0000
759;515.03;781.8000;44240.8500;47436.8500;46655.0500;107.3540;-0.0308;0.0000;-781.8000;0.0000;6.8165;0.0000;-781.8000;0.0000;6.8165;1.0000;0.0000;0.0000;0.0000;0.0000
760;515.37;795.8500;44196.4000;47272.6000;46476.7500;107.0879;-0.0297;0.0000;-795.8500;0.0000;6.8165;0.0000;-795.8500;0.0000;6.8165;1.0000;0.0000;0.0000;0.0000;0.0000
761;515.71;788.1500;44117.0500;47184.9000;46396.7500;107.0804;-0.0297;0.0000;-788.1500;0.0000;6.8165;0.0000;-788.1500;0.0000;6.8165;1.0000;0.0000;0.0000;0.0000;0.0000
762;516.05;797.4500;44065.5000;46887.5000;46090.0500;106.5221;-0.0274;0.0000;-797.4500;0.0000;6.8165;0.0000;-797.4500;0.0000;6.8165;1.0000;0.0000;0.0000;0.0000;0.0000
763;516.38;795.8500;44232.8000;47201.0500;46405.2000;106.8335;-0.0287;0.0000;-795.8500;0.0000;6.8165;0.0000;-795.8500;0.0000;6.8165;1.0000;0.0000;0.0000;0.0000;0.0000
764;516.72;798.5500;44668.2500;47493.4000;46694.8500;106.4399;-0.0271;0.0000;-798.5500;0.0000;6.8165;0.0000;-798.5500;0.0000;6.8165;1.0000;0.0000;0.0000;0.0000;0.0000
765;517.06;798.9000;44487.3000;47756.4000;46957.5000;107.4828;-0.0313;0.0000;-798.9000;0.0000;6.8165;0.0000;-798.9000;0.0000;6.8165;1.0000;0.0000;0.0000;0.0000;0.0000
766;517.40;794.1500;44553.1500;47652.3500;46858.2000;107.0824;-0.0297;0.0000;-794.1500;0.0000;6.8165;0.0000;-794.1500;0.0000;6.8165;1.0000;0.0000;0.0000;0.0000;0.0000
767;517.73;789.4500;44704.6500;47863.4500;47074.0000;107.1930;-0.0302;0.0000;-789.4500;0.0000;6.8165;0.0000;-789.4500;0.0000;6.8165;1.0000;0.0000;0.0000;0.0000;0.0000
768;518.07;766.8000;45014.0000;48213.9000;47447.1000;107.2319;-0.0303;0.0000;-766.8000;0.0000;6.8165;0.0000;-766.8000;0.0000;6.8165;1.0000;0.0000;0.0000;0.0000;0.0000
769;518.41;787.5000;45795.0000;48553.5000;47766.0000;106.1290;-0.0258;0.0000;-787.5000;0.0000;6.8165;0.0000;-787.5000;0.0000;6.8165;1.0000;0.0000;0.0000;0.0000;0.0000
770;518.75;790.8000;45548.6500;48590.5000;47799.7000;106.7962;-0.0286;0.0000;-790.8000;0.0000;6.8165;0.0000;-790.8000;0.0000;6.8165;1.0000;0.0000;0.0000;0.0000;0.0000
771;519.08;800.1000;45354.1500;48055.1000;47255.0000;106.0622;-0.0256;0.0000;-800.1000;0.0000;6.8165;0.0000;-800.1000;0.0000;6.8165;1.0000;0.0000;0.0000;0.0000;0.0000
772;519.42;802.0000;45166.3000;47350.9500;46548.9500;104.9243;-0.0209;0.0000;-802.0000;0.0000;6.8165;0.0000;-802.0000;0.0000;6.8165;1.0000;0.0000;0.0000;0.0000;0.0000
773;519.76;795.4500;45309.0000;47526.8000;46731.3500;104.9823;-0.0211;0.0000;-795.4500;0.0000;6.8165;0.0000;-795.4500;0.0000;6.8165;1.0000;0.0000;0.0000;0.0000;0.0000
774;520.09;795.7500;45918.5500;48220.8500;47425.1000;105.1023;-0.0216;0.0000;-795.7500;0.0000;6.8165;0.0000;-795.7500;0.0000;6.8165;1.0000;0.0000;0.0000;0.0000;0.0000
775;520.43;789.7500;45882.7000;48582.6500;47792.9000;105.9875;-0.0253;0.0000;-789.7500;0.0000;6.8165;0.0000;-789.7500;0.0000;6.8165;1.0000;0.0000;0.0000;0.0000;0.0000
776;520.77;800.0000;45298.4500;48059.6500;47259.6500;106.2052;-0.0261;0.0000;-800.0000;0.0000;6.8165;0.0000;-800.0000;0.0000;6.8165;1.0000;0.0000;0.0000;0.0000;0.0000
777;521.10;798.7000;45274.6500;47822.0000;47023.3000;105.7275;-0.0242;0.0000;-798.7000;0.0000;6.8165;0.0000;-798.7000;0.0000;6.8165;1.0000;0.0000;0.0000;0.0000;0.0000
778;521.44;792.4000;45261.6500;47674.4000;46882.0000;105.4257;-0.0229;0.0000;-792.4000;0.0000;6.8165;0.0000;-792.4000;0.0000;6.8165;1.0000;0.0000;0.0000;0.0000;0.0000
779;521.78;797.0500;46065.7500;48513.9500;47716.9000;105.4082;-0.0229;0.0000;-797.0500;0.0000;6.8165;0.0000;-797.0500;0.0000;6.8165;1.0000;0.0000;0.0000;0.0000;0.0000
780;522.11;785.3000;46254.1500;48753.5500;47968.2500;105.4970;-0.0232;0.0000;-785.3000;0.0000;6.8165;0.0000;-785.3000;0.0000;6.8165;1.0000;0.0000;0.0000;0.0000;0.0000
781;522.45;794.7000;45904.4000;48346.9000;47552.2000;105.4146;-0.0229;0.0000;-794.7000;0.0000;6.8165;0.0000;-794.7000;0.0000;6.8165;1.0000;0.0000;0.0000;0.0000;0.0000
782;522.78;796.0500;45425.0500;47775.0500;46979.0000;105.2656;-0.0223;0.0000;-796.0500;0.0000;6.8165;0.0000;-796.0500;0.0000;6.8165;1.0000;0.0000;0.0000;0.0000;0.0000
783;523.12;794.3500;46062.3500;47778.2500;46983.9000;103.7905;-0.0162;0.0000;-794.3500;0.0000;6.8165;0.0000;-794.3500;0.0000;6.8165;1.0000;0.0000;0.0000;0.0000;0.0000
784;523.46;790.9000;46251.8500;45649.2000;44858.3000;98.6744;0.0058;0.0000;-790.9000;0.0000;6.8165;0.0000;-790.9000;0.0000;6.8165;1.0000;0.0000;0.0000;0.0000;0.0000
785;523.79;805.0000;46224.9500;34772.9000;33967.9000;74.7863;0.1262;0.0000;-805.0000;0.0000;6.8165;0.0000;-805.0000;0.0000;6.8165;1.0000;0.0000;0.0000;0.0000;0.0000
786;524.13;789.0500;46160.1500;15953.7500;15164.7000;33.4237;0.4759;0.0000;-789.0500;0.0000;6.8165;0.0000;-789.0500;0.0000;6.8165;1.0000;0.0000;0.0000;0.0000;0.0000
787;524.46;781.4000;46070.8000;5076.1000;4294.7000;9.4828;1.0231;0.0000;-781.4000;0.0000;6.8165;0.0000;-781.4000;0.0000;6.8165;1.0000;0.0000;0.0000;0.0000;0.0000
788;524.80;796.5500;46605.0500;2525.5000;1728.9500;3.7743;1.4232;0.0000;-796.5500;0.0000;6.8165;0.0000;-796.5500;0.0000;6.8165;1.0000;0.0000;0.0000;0.0000;0.0000
789;525.13;798.4500;46135.0000;2016.4500;1218.0000;2.6866;1.5708;0.0000;-798.4500;0.0000;6.8165;0.0000;-798.4500;0.0000;6.8165;1.0000;0.0000;0.0000;0.0000;0.0000
790;525.47;783.0500;46030.2500;1884.2500;1101.2000;2.4337;1.6137;0.0000;-783.0500;0.0000;6.8165;0.0000;-783.0500;0.0000;6.8165;1.0000;0.0000;0.0000;0.0000;0.0000
791;525.80;790.3000;46183.0500;1791.0000;1000.7000;2.2045;1.6567;0.0000;-790.3000;0.0000;6.8165;0.0000;-790.3000;0.0000;6.8165;1.0000;0.0000;0.0000;0.0000;0.0000
792;526.14;781.8500;46467.7500;1743.6500;961.8000;2.1052;1.6767;0.0000;-781.8500;0.0000;6.8165;0.0000;-781.8500;0.0000;6.8165;1.0000;0.0000;0.0000;0.0000;0.0000
793;526.47;800.9500;46607.1500;1701.8500;900.9000;1.9668;1.7062;0.0000;-800.9500;0.0000;6.8165;0.0000;-800.9500;0.0000;6.8165;1.0000;0.0000;0.0000;0.0000;0.0000
794;526.81;791.0500;46468.1000;1651.8000;860.7500;1.8844;1.7248;0.0000;-791.0500;0.0000;6.8165;0.0000;-791.0500;0.0000;6.8165;1.0000;0.0000;0.0000;0.0000;0.0000
795;527.14;801.3000;46346.5500;1657.2000;855.9000;1.8792;1.7260;0.0000;-801.3000;0.0000;6.8165;0.0000;-801.3000;0.0000;6.8165;1.0000;0.0000;0.0000;0.0000;0.0000
796;527.48;778.4000;46526.5500;1637.7000;859.3000;1.8783;1.7262;0.0000;-778.4000;0.0000;6.8165;0.0000;-778.4000;0.0000;6.8165;1.0000;0.0000;0.0000;0.0000;0.0000
797;527.81;796.1500;46747.5500;1585.3000;789.1500;1.7174;1.7651;0.0000;-796.1500;0.0000;6.8165;0.0000;-796.1500;0.0000;6.8165;1.0000;0.0000;0.0000;0.0000;0.0000
798;528.15;784.3000;46554.8000;1585.9000;801.6000;1.7513;1.7566;0.0000;-784.3000;0.0000;6.8165;0.0000;-784.3000;0.0000;6.8165;1.0000;0.0000;0.0000;0.0000;0.0000
799;528.48;789.2000;46507.1000;1576.3500;787.1500;1.7218;1.7640;0.0000;-789.2000;0.0000;6.8165;0.0000;-789.2000;0.0000;6.8165;1.0000;0.0000;0.0000;0.0000;0.0000
800;528.82;786.7500;46850.9000;1589.8500;803.1000;1.7434;1.7586;0.0000;-786.7500;0.0000;6.8165;0.0000;-786.7500;0.0000;6.8165;1.0000;0.0000;0.0000;0.0000;0.0000
801;529.15;799.9000;47188.8000;1575.4500;775.5500;1.6718;1.7768;0.0000;-799.9000;0.0000;6.8165;0.0000;-799.9000;0.0000;6.8165;1.0000;0.0000;0.0000;0.0000;0.0000
802;529.49;798.5000;47535.0000;1549.7000;751.2000;1.6073;1.7939;0.0000;-798.5000;0.0000;6.8165;0.0000;-798.5000;0.0000;6.8165;1.0000;0.0000;0.0000;0.0000;0.0000
803;529.82;794.1000;47483.8000;1541.6000;747.5000;1.6010;1.7956;0.0000;-794.1000;0.0000;6.8165;0.0000;-794.1000;0.0000;6.8165;1.0000;0.0000;0.0000;0.0000;0.0000
804;530.15;790.5500;47138.7500;1528.5500;738.0000;1.5923;1.7980;0.0000;-790.5500;0.0000;6.8165;0.0000;-790.5500;0.0000;6.8165;1.0000;0.0000;0.0000;0.0000;0.0000
805;530.49;803.5500;46565.7500;1537.9500;734.4000;1.6048;1.7946;0.0000;-803.5500;0.0000;6.8165;0.0000;-803.5500;0.0000;6.8165;1.0000;0.0000;0.0000;0.0000;0.0000
806;530.82;807.1500;47339.9000;1543.1500;736.0000;1.5817;1.8009;0.0000;-807.1500;0.0000;6.8165;0.0000;-807.1500;0.0000;6.8165;1.0000;0.0000;0.0000;0.0000;0.0000
807;531.16;799.7000;47334.7500;1525.7500;726.0500;1.5602;1.8068;0.0000;-799.7000;0.0000;6.8165;0.0000;-799.7000;0.0000;6.8165;1.0000;0.0000;0.0000;0.0000;0.0000
808;531.49;786.9500;47373.8000;1546.1000;759.1500;1.6295;1.7879;0.0000;-786.9500;0.0000;6.8165;0.0000;-786.9500;0.0000;6.8165;1.0000;0.0000;0.0000;0.0000;0.0000
809;531.82;787.3000;47328.9500;1559.6500;772.3500;1.6595;1.7800;0.0000;-787.3000;0.0000;6.8165;0.0000;-787.3000;0.0000;6.8165;1.0000;0.0000;0.0000;0.0000;0.0000
810;532.16;802.5000;46600.0500;1524.3500;721.8500;1.5762;1.8024;0.0000;-802.5000;0.0000;6.8165;0.0000;-802.5000;0.0000;6.8165;1.0000;0.0000;0.0000;0.0000;0.0000
811;532.49;782.4000;46661.6000;1538.7500;756.3500;1.6486;1.7829;0.0000;-782.4000;0.0000;6.8165;0.0000;-782.4000;0.0000;6.8165;1.0000;0.0000;0.0000;0.0000;0.0000
812;532.82;799.0500;47138.7000;1566.6000;767.5500;1.6564;1.7808;0.0000;-799.0500;0.0000;6.8165;0.0000;-799.0500;0.0000;6.8165;1.0000;0.0000;0.0000;0.0000;0.0000
813;533.16;805.9500;47147.3500;1548.0500;742.1000;1.6014;1.7955;0.0000;-805.9500;0.0000;6.8165;0.0000;-805.9500;0.0000;6.8165;1.0000;0.0000;0.0000;0.0000;0.0000
814;533.49;782.1500;46677.7500;1559.4500;777.3000;1.6936;1.7712;0.0000;-782.1500;0.0000;6.8165;0.0000;-782.1500;0.0000;6.8165;1.0000;0.0000;0.0000;0.0000;0.0000
815;533.82;781.2500;46554.5000;1591.0000;809.7500;1.7690;1.7523;0.0000;-781.2500;0.0000;6.8165;0.0000;-781.2500;0.0000;6.8165;1.0000;0.0000;0.0000;0.0000;0.0000
816;534.15;778.9500;46555.6000;1612.0500;833.1000;1.8199;1.7399;0.0000;-778.9500;0.0000;6.8165;0.0000;-778.9500;0.0000;6.8165;1.0000;0.0000;0.0000;0.0000;0.0000
817;534.49;787.1000;46614.8000;1594.5000;807.4000;1.7618;1.7540;0.0000;-787.1000;0.0000;6.8165;0.0000;-787.1000;0.0000;6.8165;1.0000;0.0000;0.0000;0.0000;0.0000
818;534.82;787.2500;46651.9500;1608.7500;821.5000;1.7911;1.7469;0.0000;-787.2500;0.0000;6.8165;0.0000;-787.2500;0.0000;6.8165;1.0000;0.0000;0.0000;0.0000;0.0000
819;535.15;796.4500;46826.5000;1643.2500;846.8000;1.8397;1.7353;0.0000;-796.4500;0.0000;6.8165;0.0000;-796.4500;0.0000;6.8165;1.0000;0.0000;0.0000;0.0000;0.0000
820;535.48;789.8500;46727.6500;1634.7000;844.8500;1.8391;1.7354;0.0000;-789.8500;0.0000;6.8165;0.0000;-789.8500;0.0000;6.8165;1.0000;0.0000;0.0000;0.0000;0.0000
821;535.82;788.9000;46276.5000;1679.4000;890.5000;1.9577;1.7083;0.0000;-788.9000;0.0000;6.8165;0.0000;-788.9000;0.0000;6.8165;1.0000;0.0000;0.0000;0.0000;0.0000
822;536.15;795.2500;46205.2500;1711.8000;916.5500;2.0184;1.6950;0.0000;-795.2500;0.0000;6.8165;0.0000;-795.2500;0.0000;6.8165;1.0000;0.0000;0.0000;0.0000;0.0000
823;536.48;787.0500;46571.0000;1748.6000;961.5500;2.1002;1.6777;0.0000;-787.0500;0.0000;6.8165;0.0000;-787.0500;0.0000;6.8165;1.0000;0.0000;0.0000;0.0000;0.0000
824;536.81;789.4000;46693.2500;1810.8500;1021.4500;2.2252;1.6526;0.0000;-789.4000;0.0000;6.8165;0.0000;-789.4000;0.0000;6.8165;1.0000;0.0000;0.0000;0.0000;0.0000
825;537.15;796.7500;46503.3500;1857.9500;1061.2000;2.3218;1.6342;0.0000;-796.7500;0.0000;6.8165;0.0000;-796.7500;0.0000;6.8165;1.0000;0.0000;0.0000;0.0000;0.0000
826;537.48;798.8000;46714.9500;1957.9500;1159.1500;2.5245;1.5978;0.0000;-798.8000;0.0000;6.8165;0.0000;-798.8000;0.0000;6.8165;1.0000;0.0000;0.0000;0.0000;0.0000
827;537.81;791.9000;46366.3500;2080.8500;1288.9500;2.8282;1.5485;0.0000;-791.9000;0.0000;6.8165;0.0000;-791.9000;0.0000;6.8165;1.0000;0.0000;0.0000;0.0000;0.0000
828;538.14;790.3500;46135.5000;2309.7500;1519.4000;3.3507;1.4749;0.0000;-790.3500;0.0000;6.8165;0.0000;-790.3500;0.0000;6.8165;1.0000;0.0000;0.0000;0.0000;0.0000
829;538.47;795.4000;46586.6500;3070.2500;2274.8500;4.9679;1.3038;0.0000;-795.4000;0.0000;6.8165;0.0000;-795.4000;0.0000;6.8165;1.0000;0.0000;0.0000;0.0000;0.0000
830;538.80;805.2500;47075.1000;7038.7000;6233.4500;13.4719;0.8706;0.0000;-805.2500;0.0000;6.8165;0.0000;-805.2500;0.0000;6.8165;1.0000;0.0000;0.0000;0.0000;0.0000
831;539.14;803.1000;47006.7500;21887.0000;21083.9000;45.6325;0.3407;0.0000;-803.1000;0.0000;6.8165;0.0000;-803.1000;0.0000;6.8165;1.0000;0.0000;0.0000;0.0000;0.0000
832;539.47;786.0000;46730.2500;40374.1500;39588.1500;86.1656;0.0647;0.0000;-786.0000;0.0000;6.8165;0.0000;-786.0000;0.0000;6.8165;1.0000;0.0000;0.0000;0.0000;0.0000
833;539.80;802.6500;46583.8000;45598.2500;44795.6000;97.8473;0.0095;0.0000;-802.6500;0.0000;6.8165;0.0000;-802.6500;0.0000;6.8165;1.0000;0.0000;0.0000;0.0000;0.0000
834;540.13;782.8000;46886.0500;47476.9500;46694.1500;101.2817;-0.0055;0.0000;-782.8000;0.0000;6.8165;0.0000;-782.8000;0.0000;6.8165;1.0000;0.0000;0.0000;0.0000;0.0000
835;540.46;796.8500;47390.1000;48548.9000;47752.0500;102.4871;-0.0107;0.0000;-796.8500;0.0000;6.8165;0.0000;-796.8500;0.0000;6.8165;1.0000;0.0000;0.0000;0.0000;0.0000
836;540.79;792.8000;47629.4500;48445.8500;47653.0500;101.7431;-0.0075;0.0000;-792.8000;0.0000;6.8165;0.0000;-792.8000;0.0000;6.8165;1.0000;0.0000;0.0000;0.0000;0.0000
837;541.12;782.3500;47245.0000;48122.1000;47339.7500;101.8878;-0.0081;0.0000;-782.3500;0.0000;6.8165;0.0000;-782.3500;0.0000;6.8165;1.0000;0.0000;0.0000;0.0000;0.0000
838;541.45;799.3500;47411.8000;49572.2500;48772.9000;104.6349;-0.0197;0.0000;-799.3500;0.0000;6.8165;0.0000;-799.3500;0.0000;6.8165;1.0000;0.0000;0.0000;0.0000;0.0000
839;541.78;782.2500;47832.0000;50638.0000;49855.7500;105.9639;-0.0252;0.0000;-782.2500;0.0000;6.8165;0.0000;-782.2500;0.0000;6.8165;1.0000;0.0000;0.0000;0.0000;0.0000
840;542.11;796.1500;47582.8000;50394.6500;49598.5000;106.0099;-0.0253;0.0000;-796.1500;0.0000;6.8165;0.0000;-796.1500;0.0000;6.8165;1.0000;0.0000;0.0000;0.0000;0.0000
841;542.44;798.6500;47742.3000;50121.1500;49322.5000;105.0675;-0.0215;0.0000;-798.6500;0.0000;6.8165;0.0000;-798.6500;0.0000;6.8165;1.0000;0.0000;0.0000;0.0000;0.0000
842;542.78;787.0500;48267.4500;50435.1500;49648.1000;104.5655;-0.0194;0.0000;-787.0500;0.0000;6.8165;0.0000;-787.0500;0.0000;6.8165;1.0000;0.0000;0.0000;0.0000;0.0000
843;543.11;796.9500;48388.3500;50934.9500;50138.0000;105.3510;-0.0226;0.0000;-796.9500;0.0000;6.8165;0.0000;-796.9500;0.0000;6.8165;1.0000;0.0000;0.0000;0.0000;0.0000
844;543.44;790.9500;48473.3500;51190.1500;50399.2000;105.6977;-0.0241;0.0000;-790.9500;0.0000;6.8165;0.0000;-790.9500;0.0000;6.8165;1.0000;0.0000;0.0000;0.0000;0.0000
845;543.77;782.6500;48288.4500;50653.1000;49870.4500;104.9776;-0.0211;0.0000;-782.6500;0.0000;6.8165;0.0000;-782.6500;0.0000;6.8165;1.0000;0.0000;0.0000;0.0000;0.0000
846;544.10;789.6500;48346.1500;50380.9500;49591.3000;104.2787;-0.0182;0.0000;-789.6500;0.0000;6.8165;0.0000;-789.6500;0.0000;6.8165;1.0000;0.0000;0.0000;0.0000;0.0000
847;544.43;805.1000;48427.1500;50381.9000;49576.8000;104.1047;-0.0175;0.0000;-805.1000;0.0000;6.8165;0.0000;-805.1000;0.0000;6.8165;1.0000;0.0000;0.0000;0.0000;0.0000
848;544.76;804.3500;48345.5500;51058.1000;50253.7500;105.7057;-0.0241;0.0000;-804.3500;0.0000;6.8165;0.0000;-804.3500;0.0000;6.8165;1.0000;0.0000;0.0000;0.0000;0.0000
849;545.09;788.4500;49017.4000;52282.1500;51493.7000;106.7693;-0.0284;0.0000;-788.4500;0.0000;6.8165;0.0000;-788.4500;0.0000;6.8165;1.0000;0.0000;0.0000;0.0000;0.0000
850;545.42;797.8000;49458.1000;52526.0000;51728.2000;106.3047;-0.0266;0.0000;-797.8000;0.0000;6.8165;0.0000;-797.8000;0.0000;6.8165;1.0000;0.0000;0.0000;0.0000;0.0000
851;545.74;779.8500;49198.2500;51838.0000;51058.1500;105.4520;-0.0231;0.0000;-779.8500;0.0000;6.8165;0.0000;-779.8500;0.0000;6.8165;1.0000;0.0000;0.0000;0.0000;0.0000
852;546.07;788.4000;48772.4000;51273.0500;50484.6500;105.2114;-0.0221;0.0000;-788.4000;0.0000;6.8165;0.0000;-788.4000;0.0000;6.8165;1.0000;0.0000;0.0000;0.0000;0.0000
853;546.40;804.9500;49074.7000;51788.7000;50983.7500;105.6226;-0.0238;0.0000;-804.9500;0.0000;6.8165;0.0000;-804.9500;0.0000;6.8165;1.0000;0.0000;0.0000;0.0000;0.0000
854;546.73;807.0500;49339.3500;52265.6500;51458.6000;106.0296;-0.0254;0.0000;-807.0500;0.0000;6.8165;0.0000;-807.0500;0.0000;6.8165;1.0000;0.0000;0.0000;0.0000;0.0000
855;547.06;787.6500;49745.3000;52943.8000;52156.1500;106.5332;-0.0275;0.0000;-787.6500;0.0000;6.8165;0.0000;-787.6500;0.0000;6.8165;1.0000;0.0000;0.0000;0.0000;0.0000
856;547.39;804.4000;50258.6500;53447.4000;52643.0000;106.4479;-0.0271;0.0000;-804.4000;0.0000;6.8165;0.0000;-804.4000;0.0000;6.8165;1.0000;0.0000;0.0000;0.0000;0.0000
857;547.72;795.5000;50034.8500;52778.7500;51983.2500;105.5726;-0.0236;0.0000;-795.5000;0.0000;6.8165;0.0000;-795.5000;0.0000;6.8165;1.0000;0.0000;0.0000;0.0000;0.0000
858;548.05;783.9500;49956.2000;52507.0500;51723.1000;105.1876;-0.0220;0.0000;-783.9500;0.0000;6.8165;0.0000;-783.9500;0.0000;6.8165;1.0000;0.0000;0.0000;0.0000;0.0000
859;548.38;788.2000;49978.5000;52627.1000;51838.9000;105.3844;-0.0228;0.0000;-788.2000;0.0000;6.8165;0.0000;-788.2000;0.0000;6.8165;1.0000;0.0000;0.0000;0.0000;0.0000
860;548.71;796.5500;50536.2500;53339.5500;52543.0000;105.6359;-0.0238;0.0000;-796.5500;0.0000;6.8165;0.0000;-796.5500;0.0000;6.8165;1.0000;0.0000;0.0000;0.0000;0.0000
861;549.03;800.2000;51088.5000;54028.8000;53228.6000;105.8469;-0.0247;0.0000;-800.2000;0.0000;6.8165;0.0000;-800.2000;0.0000;6.8165;1.0000;0.0000;0.0000;0.0000;0.0000
862;549.36;783.8000;50751.1000;53906.0000;53122.2000;106.3139;-0.0266;0.0000;-783.8000;0.0000;6.8165;0.0000;-783.8000;0.0000;6.8165;1.0000;0.0000;0.0000;0.0000;0.0000
863;549.69;800.5500;51554.2000;54436.1500;53635.6000;105.6783;-0.0240;0.0000;-800.5500;0.0000;6.8165;0.0000;-800.5500;0.0000;6.8165;1.0000;0.0000;0.0000;0.0000;0.0000
864;550.02;792.5500;51175.1500;54138.3000;53345.7500;105.8813;-0.0248;0.0000;-792.5500;0.0000;6.8165;0.0000;-792.5500;0.0000;6.8165;1.0000;0.0000;0.0000;0.0000;0.0000
865;550.35;801.4500;51354.5500;53928.5500;53127.1000;105.0917;-0.0216;0.0000;-801.4500;0.0000;6.8165;0.0000;-801.4500;0.0000;6.8165;1.0000;0.0000;0.0000;0.0000;0.0000
866;550.68;800.6000;51990.1500;54597.2500;53796.6500;105.0930;-0.0216;0.0000;-800.6000;0.0000;6.8165;0.0000;-800.6000;0.0000;6.8165;1.0000;0.0000;0.0000;0.0000;0.0000
867;551.00;810.5000;52178.4500;54986.4500;54175.9500;105.4664;-0.0231;0.0000;-810.5000;0.0000;6.8165;0.0000;-810.5000;0.0000;6.8165;1.0000;0.0000;0.0000;0.0000;0.0000
868;551.33;789.2000;52125.0500;55266.6000;54477.4000;106.1196;-0.0258;0.0000;-789.2000;0.0000;6.8165;0.0000;-789.2000;0.0000;6.8165;1.0000;0.0000;0.0000;0.0000;0.0000
869;551.66;798.6500;52423.7500;55387.1000;54588.4500;105.7401;-0.0242;0.0000;-798.6500;0.0000;6.8165;0.0000;-798.6500;0.0000;6.8165;1.0000;0.0000;0.0000;0.0000;0.0000
870;551.99;808.0000;52089.5500;55469.1500;54661.1500;106.5903;-0.0277;0.0000;-808.0000;0.0000;6.8165;0.0000;-808.0000;0.0000;6.8165;1.0000;0.0000;0.0000;0.0000;0.0000
871;552.32;800.5000;52001.7500;55463.8500;54663.3500;106.7617;-0.0284;0.0000;-800.5000;0.0000;6.8165;0.0000;-800.5000;0.0000;6.8165;1.0000;0.0000;0.0000;0.0000;0.0000
872;552.64;795.0500;52175.6000;55758.6000;54963.5500;106.9735;-0.0293;0.0000;-795.0500;0.0000;6.8165;0.0000;-795.0500;0.0000;6.8165;1.0000;0.0000;0.0000;0.0000;0.0000
873;552.97;789.7500;52258.8000;55919.9000;55130.1500;107.1132;-0.0298;0.0000;-789.7500;0.0000;6.8165;0.0000;-789.7500;0.0000;6.8165;1.0000;0.0000;0.0000;0.0000;0.0000
874;553.30;785.4000;52403.4500;56081.5500;55296.1500;107.1256;-0.0299;0.0000;-785.4000;0.0000;6.8165;0.0000;-785.4000;0.0000;6.8165;1.0000;0.0000;0.0000;0.0000;0.0000
875;553.63;792.7500;53237.6500;56638.7500;55846.0000;106.4851;-0.0273;0.0000;-792.7500;0.0000;6.8165;0.0000;-792.7500;0.0000;6.8165;1.0000;0.0000;0.0000;0.0000;0.0000
876;553.95;788.1000;53489.0500;57251.2500;56463.1500;107.1388;-0.0299;0.0000;-788.1000;0.0000;6.8165;0.0000;-788.1000;0.0000;6.8165;1.0000;0.0000;0.0000;0.0000;0.0000
877;554.28;801.5500;53553.1500;57134.6000;56333.0500;106.7893;-0.0285;0.0000;-801.5500;0.0000;6.8165;0.0000;-801.5500;0.0000;6.8165;1.0000;0.0000;0.0000;0.0000;0.0000
878;554.61;791.4500;53303.8500;56947.4000;56155.9500;106.9385;-0.0291;0.0000;-791.4500;0.0000;6.8165;0.0000;-791.4500;0.0000;6.8165;1.0000;0.0000;0.0000;0.0000;0.0000
879;554.93;790.9000;53276.5500;56568.9000;55778.0000;106.2729;-0.0264;0.0000;-790.9000;0.0000;6.8165;0.0000;-790.9000;0.0000;6.8165;1.0000;0.0000;0.0000;0.0000;0.0000
880;555.26;783.1000;54024.2000;56925.8500;56142.7500;105.4500;-0.0230;0.0000;-783.1000;0.0000;6.8165;0.0000;-783.1000;0.0000;6.8165;1.0000;0.0000;0.0000;0.0000;0.0000
881;555.59;788.5500;54578.6000;57509.8000;56721.2500;105.4493;-0.0230;0.0000;-788.5500;0.0000;6.8165;0.0000;-788.5500;0.0000;6.8165;1.0000;0.0000;0.0000;0.0000;0.0000
882;555.91;793.4000;54601.7000;57551.3500;56757.9500;105.4818;-0.0232;0.0000;-793.4000;0.0000;6.8165;0.0000;-793.4000;0.0000;6.8165;1.0000;0.0000;0.0000;0.0000;0.0000
883;556.24;789.9000;54683.4000;57870.7000;57080.8000;105.9141;-0.0250;0.0000;-789.9000;0.0000;6.8165;0.0000;-789.9000;0.0000;6.8165;1.0000;0.0000;0.0000;0.0000;0.0000
884;556.57;787.4000;54264.8500;57694.7500;56907.3500;106.4137;-0.0270;0.0000;-787.4000;0.0000;6.8165;0.0000;-787.4000;0.0000;6.8165;1.0000;0.0000;0.0000;0.0000;0.0000
885;556.89;794.7000;53907.4000;57231.1500;56436.4500;106.2579;-0.0264;0.0000;-794.7000;0.0000;6.8165;0.0000;-794.7000;0.0000;6.8165;1.0000;0.0000;0.0000;0.0000;0.0000
886;557.22;787.0000;54053.5000;57259.6500;56472.6500;106.0191;-0.0254;0.0000;-787.0000;0.0000;6.8165;0.0000;-787.0000;0.0000;6.8165;1.0000;0.0000;0.0000;0.0000;0.0000
887;557.55;770.9000;54387.5500;57818.5000;57047.6000;106.3990;-0.0269;0.0000;-770.9000;0.0000;6.8165;0.0000;-770.9000;0.0000;6.8165;1.0000;0.0000;0.0000;0.0000;0.0000
888;557.87;796.3500;54402.4000;58045.6000;57249.2500;106.7962;-0.0286;0.0000;-796.3500;0.0000;6.8165;0.0000;-796.3500;0.0000;6.8165;1.0000;0.0000;0.0000;0.0000;0.0000
889;558.20;798.4500;54233.1500;57672.8000;56874.3500;106.4371;-0.0271;0.0000;-798.4500;0.0000;6.8165;0.0000;-798.4500;0.0000;6.8165;1.0000;0.0000;0.0000;0.0000;0.0000
890;558.52;792.5000;54466.8000;57950.2500;57157.7500;106.4900;-0.0273;0.0000;-792.5000;0.0000;6.8165;0.0000;-792.5000;0.0000;6.8165;1.0000;0.0000;0.0000;0.0000;0.0000
891;558.85;794.0000;54754.2000;58674.5500;57880.5500;107.2653;-0.0305;0.0000;-794.0000;0.0000;6.8165;0.0000;-794.0000;0.0000;6.8165;1.0000;0.0000;0.0000;0.0000;0.0000
892;559.17;800.1500;54793.8000;58790.7500;57990.6000;107.4026;-0.0310;0.0000;-800.1500;0.0000;6.8165;0.0000;-800.1500;0.0000;6.8165;1.0000;0.0000;0.0000;0.0000;0.0000
893;559.50;785.9000;55618.8500;59114.9500;58329.0500;106.3759;-0.0268;0.0000;-785.9000;0.0000;6.8165;0.0000;-785.9000;0.0000;6.8165;1.0000;0.0000;0.0000;0.0000;0.0000
894;559.83;797.2000;55592.7000;59007.2000;58210.0000;106.2314;-0.0263;0.0000;-797.2000;0.0000;6.8165;0.0000;-797.2000;0.0000;6.8165;1.0000;0.0000;0.0000;0.0000;0.0000
895;560.15;810.2000;55481.7500;58667.2500;57857.0500;105.8266;-0.0246;0.0000;-810.2000;0.0000;6.8165;0.0000;-810.2000;0.0000;6.8165;1.0000;0.0000;0.0000;0.0000;0.0000
896;560.48;805.0000;55570.6500;58743.1000;57938.1000;105.7928;-0.0245;0.0000;-805.0000;0.0000;6.8165;0.0000;-805.0000;0.0000;6.8165;1.0000;0.0000;0.0000;0.0000;0.0000
897;560.80;803.7500;54993.5500;58551.0000;57747.2500;106.5648;-0.0276;0.0000;-803.7500;0.0000;6.8165;0.0000;-803.7500;0.0000;6.8165;1.0000;0.0000;0.0000;0.0000;0.0000
898;561.13;792.4500;55543.1500;58997.6500;58205.2000;106.3095;-0.0266;0.0000;-792.4500;0.0000;6.8165;0.0000;-792.4500;0.0000;6.8165;1.0000;0.0000;0.0000;0.0000;0.0000
899;561.45;780.5000;55985.3500;59147.8500;58367.3500;105.7287;-0.0242;0.0000;-780.5000;0.0000;6.8165;0.0000;-780.5000;0.0000;6.8165;1.0000;0.0000;0.0000;0.0000;0.0000
900;561.78;805.0500;55936.4000;59026.2500;58221.2000;105.6045;-0.0237;0.0000;-805.0500;0.0000;6.8165;0.0000;-805.0500;0.0000;6.8165;1.0000;0.0000;0.0000;0.0000;0.0000
901;562.10;793.3000;55555.2500;58446.4000;57653.1000;105.2795;-0.0223;0.0000;-793.3000;0.0000;6.8165;0.0000;-793.3000;0.0000;6.8165;1.0000;0.0000;0.0000;0.0000;0.0000
902;562.43;807.0000;55983.1500;58710.1000;57903.1000;104.9423;-0.0210;0.0000;-807.0000;0.0000;6.8165;0.0000;-807.0000;0.0000;6.8165;1.0000;0.0000;0.0000;0.0000;0.0000
903;562.75;795.1000;55829.7500;58878.8000;58083.7000;105.5402;-0.0234;0.0000;-795.1000;0.0000;6.8165;0.0000;-795.1000;0.0000;6.8165;1.0000;0.0000;0.0000;0.0000;0.0000
904;563.07;783.0000;56206.0000;59613.5000;58830.5000;106.1482;-0.0259;0.0000;-783.0000;0.0000;6.8165;0.0000;-783.0000;0.0000;6.8165;1.0000;0.0000;0.0000;0.0000;0.0000
905;563.40;805.4000;56160.7500;59810.0000;59004.6000;106.5924;-0.0277;0.0000;-805.4000;0.0000;6.8165;0.0000;-805.4000;0.0000;6.8165;1.0000;0.0000;0.0000;0.0000;0.0000
906;563.72;794.6000;55505.6500;59394.1500;58599.5500;107.1073;-0.0298;0.0000;-794.6000;0.0000;6.8165;0.0000;-794.6000;0.0000;6.8165;1.0000;0.0000;0.0000;0.0000;0.0000
907;564.05;789.4500;55943.8500;59771.1000;58981.6500;106.9392;-0.0291;0.0000;-789.4500;0.0000;6.8165;0.0000;-789.4500;0.0000;6.8165;1.0000;0.0000;0.0000;0.0000;0.0000
908;564.37;788.5500;56468.7500;59611.2500;58822.7000;105.6438;-0.0238;0.0000;-788.5500;0.0000;6.8165;0.0000;-788.5500;0.0000;6.8165;1.0000;0.0000;0.0000;0.0000;0.0000
909;564.70;790.0000;56340.7000;59100.4500;58310.4500;104.9680;-0.0211;0.0000;-790.0000;0.0000;6.8165;0.0000;-790.0000;0.0000;6.8165;1.0000;0.0000;0.0000;0.0000;0.0000
910;565.02;784.2000;56549.3500;59390.0500;58605.8500;105.0940;-0.0216;0.0000;-784.2000;0.0000;6.8165;0.0000;-784.2000;0.0000;6.8165;1.0000;0.0000;0.0000;0.0000;0.0000
911;565.34;793.2000;56664.9500;59023.3000;58230.1000;104.2210;-0.0180;0.0000;-793.2000;0.0000;6.8165;0.0000;-793.2000;0.0000;6.8165;1.0000;0.0000;0.0000;0.0000;0.0000
912;565.67;809.3500;56754.9000;59461.1500;58651.8000;104.8373;-0.0205;0.0000;-809.3500;0.0000;6.8165;0.0000;-809.3500;0.0000;6.8165;1.0000;0.0000;0.0000;0.0000;0.0000
913;565.99;786.7000;56594.3500;59809.6000;59022.9000;105.7613;-0.0243;0.0000;-786.7000;0.0000;6.8165;0.0000;-786.7000;0.0000;6.8165;1.0000;0.0000;0.0000;0.0000;0.0000
914;566.31;800.7000;56937.4500;60486.7000;59686.0000;106.3225;-0.0266;0.0000;-800.7000;0.0000;6.8165;0.0000;-800.7000;0.0000;6.8165;1.0000;0.0000;0.0000;0.0000;0.0000
915;566.64;800.8000;57017.5000;60595.6000;59794.8000;106.3648;-0.0268;0.0000;-800.8000;0.0000;6.8165;0.0000;-800.8000;0.0000;6.8165;1.0000;0.0000;0.0000;0.0000;0.0000
916;566.96;805.7000;57251.2000;60572.8500;59767.1500;105.8847;-0.0248;0.0000;-805.7000;0.0000;6.8165;0.0000;-805.7000;0.0000;6.8165;1.0000;0.0000;0.0000;0.0000;0.0000
917;567.29;804.3500;57439.3500;60620.7000;59816.3500;105.6173;-0.0237;0.0000;-804.3500;0.0000;6.8165;0.0000;-804.3500;0.0000;6.8165;1.0000;0.0000;0.0000;0.0000;0.0000
918;567.61;793.0000;57104.3000;60269.3500;59476.3500;105.6206;-0.0237;0.0000;-793.0000;0.0000;6.8165;0.0000;-793.0000;0.0000;6.8165;1.0000;0.0000;0.0000;0.0000;0.0000
919;567.93;796.4000;56618.7000;59585.7500;58789.3500;105.3152;-0.0225;0.0000;-796.4000;0.0000;6.8165;0.0000;-796.4000;0.0000;6.8165;1.0000;0.0000;0.0000;0.0000;0.0000
920;568.25;801.2000;57399.8500;60530.1500;59728.9500;105.5307;-0.0234;0.0000;-801.2000;0.0000;6.8165;0.0000;-801.2000;0.0000;6.8165;1.0000;0.0000;0.0000;0.0000;0.0000
921;568.58;786.0000;57629.1000;61001.8000;60215.8000;105.9333;-0.0250;0.0000;-786.0000;0.0000;6.8165;0.0000;-786.0000;0.0000;6.8165;1.0000;0.0000;0.0000;0.0000;0.0000
922;568.90;805.9000;57272.6500;60953.7500;60147.8500;106.5191;-0.0274;0.0000;-805.9000;0.0000;6.8165;0.0000;-805.9000;0.0000;6.8165;1.0000;0.0000;0.0000;0.0000;0.0000
923;569.22;788.0500;57762.3000;60981.2000;60193.1500;105.6497;-0.0239;0.0000;-788.0500;0.0000;6.8165;0.0000;-788.0500;0.0000;6.8165;1.0000;0.0000;0.0000;0.0000;0.0000
924;569.55;801.6000;57806.6000;60735.3500;59933.7500;105.1377;-0.0218;0.0000;-801.6000;0.0000;6.8165;0.0000;-801.6000;0.0000;6.8165;1.0000;0.0000;0.0000;0.0000;0.0000
925;569.87;794.8000;57489.8500;60231.3000;59436.5000;104.8354;-0.0205;0.0000;-794.8000;0.0000;6.8165;0.0000;-794.8000;0.0000;6.8165;1.0000;0.0000;0.0000;0.0000;0.0000
926;570.19;788.9000;57946.2000;60070.6000;59281.7000;103.7168;-0.0158;0.0000;-788.9000;0.0000;6.8165;0.0000;-788.9000;0.0000;6.8165;1.0000;0.0000;0.0000;0.0000;0.0000
927;570.51;790.2500;57904.6000;59757.4500;58967.2000;103.2441;-0.0139;0.0000;-790.2500;0.0000;6.8165;0.0000;-790.2500;0.0000;6.8165;1.0000;0.0000;0.0000;0.0000;0.0000
928;570.83;797.6500;57951.8500;60368.3500;59570.7000;104.2280;-0.0180;0.0000;-797.6500;0.0000;6.8165;0.0000;-797.6500;0.0000;6.8165;1.0000;0.0000;0.0000;0.0000;0.0000
929;571.16;780.2500;58062.6000;60839.5500;60059.3000;104.8478;-0.0206;0.0000;-780.2500;0.0000;6.8165;0.0000;-780.2500;0.0000;6.8165;1.0000;0.0000;0.0000;0.0000;0.0000
930;571.48;797.5500;57758.8000;60825.4500;60027.9000;105.3837;-0.0228;0.0000;-797.5500;0.0000;6.8165;0.0000;-797.5500;0.0000;6.8165;1.0000;0.0000;0.0000;0.0000;0.0000
931;571.80;793.3000;57310.7500;61129.0000;60335.7000;106.7559;-0.0284;0.0000;-793.3000;0.0000;6.8165;0.0000;-793.3000;0.0000;6.8165;1.0000;0.0000;0.0000;0.0000;0.0000
932;572.12;798.1000;58003.4000;61905.1500;61107.0500;106.8206;-0.0287;0.0000;-798.1000;0.0000;6.8165;0.0000;-798.1000;0.0000;6.8165;1.0000;0.0000;0.0000;0.0000;0.0000
933;572.44;780.4000;58009.3500;61715.1000;60934.7000;106.4753;-0.0272;0.0000;-780.4000;0.0000;6.8165;0.0000;-780.4000;0.0000;6.8165;1.0000;0.0000;0.0000;0.0000;0.0000
934;572.77;779.1500;58116.8500;61204.7000;60425.5500;105.3854;-0.0228;0.0000;-779.1500;0.0000;6.8165;0.0000;-779.1500;0.0000;6.8165;1.0000;0.0000;0.0000;0.0000;0.0000
935;573.09;787.6500;57989.7500;60965.4000;60177.7500;105.2020;-0.0220;0.0000;-787.6500;0.0000;6.8165;0.0000;-787.6500;0.0000;6.8165;1.0000;0.0000;0.0000;0.0000;0.0000
936;573.41;789.1500;57936.9000;60651.5000;59862.3500;104.7501;-0.0202;0.0000;-789.1500;0.0000;6.8165;0.0000;-789.1500;0.0000;6.8165;1.0000;0.0000;0.0000;0.0000;0.0000
937;573.73;796.5500;57213.1500;60417.3000;59620.7500;105.6794;-0.0240;0.0000;-796.5500;0.0000;6.8165;0.0000;-796.5500;0.0000;6.8165;1.0000;0.0000;0.0000;0.0000;0.0000
938;574.05;803.5500;57253.7500;60862.6000;60059.0500;106.3930;-0.0269;0.0000;-803.5500;0.0000;6.8165;0.0000;-803.5500;0.0000;6.8165;1.0000;0.0000;0.0000;0.0000;0.0000
939;574.37;793.3000;57488.8000;61145.7500;60352.4500;106.4502;-0.0271;0.0000;-793.3000;0.0000;6.8165;0.0000;-793.3000;0.0000;6.8165;1.0000;0.0000;0.0000;0.0000;0.0000
940;574.69;799.8000;57361.9500;60896.6000;60096.8000;106.2491;-0.0263;0.0000;-799.8000;0.0000;6.8165;0.0000;-799.8000;0.0000;6.8165;1.0000;0.0000;0.0000;0.0000;0.0000
941;575.02;798.2500;57948.0000;61207.4500;60409.2000;105.7033;-0.0241;0.0000;-798.2500;0.0000;6.8165;0.0000;-798.2500;0.0000;6.8165;1.0000;0.0000;0.0000;0.0000;0.0000
942;575.34;791.3500;58003.7500;61186.1000;60394.7500;105.5623;-0.0235;0.0000;-791.3500;0.0000;6.8165;0.0000;-791.3500;0.0000;6.8165;1.0000;0.0000;0.0000;0.0000;0.0000
943;575.66;794.6000;57735.6000;61098.2000;60303.6000;105.9054;-0.0249;0.0000;-794.6000;0.0000;6.8165;0.0000;-794.6000;0.0000;6.8165;1.0000;0.0000;0.0000;0.0000;0.0000
944;575.98;802.9500;58247.6000;61271.5000;60468.5500;105.2640;-0.0223;0.0000;-802.9500;0.0000;6.8165;0.0000;-802.9500;0.0000;6.8165;1.0000;0.0000;0.0000;0.0000;0.0000
945;576.30;807.0500;58163.4000;61152.2000;60345.1500;105.2109;-0.0221;0.0000;-807.0500;0.0000;6.8165;0.0000;-807.0500;0.0000;6.8165;1.0000;0.0000;0.0000;0.0000;0.0000
946;576.62;799.8000;57624.9000;60973.9000;60174.1000;105.8935;-0.0249;0.0000;-799.8000;0.0000;6.8165;0.0000;-799.8000;0.0000;6.8165;1.0000;0.0000;0.0000;0.0000;0.0000
947;576.94;788.0500;58025.9000;61643.9500;60855.9000;106.3211;-0.0266;0.0000;-788.0500;0.0000;6.8165;0.0000;-788.0500;0.0000;6.8165;1.0000;0.0000;0.0000;0.0000;0.0000
948;577.26;790.8500;58113.9500;61771.3500;60980.5000;106.3803;-0.0269;0.0000;-790.8500;0.0000;6.8165;0.0000;-790.8500;0.0000;6.8165;1.0000;0.0000;0.0000;0.0000;0.0000
949;577.58;785.3000;57700.8000;61773.8500;60988.5500;107.1563;-0.0300;0.0000;-785.3000;0.0000;6.8165;0.0000;-785.3000;0.0000;6.8165;1.0000;0.0000;0.0000;0.0000;0.0000
950;577.90;791.5500;57361.5500;61376.8500;60585.3000;107.0979;-0.0298;0.0000;-791.5500;0.0000;6.8165;0.0000;-791.5500;0.0000;6.8165;1.0000;0.0000;0.0000;0.0000;0.0000
951;578.22;780.8000;57568.5000;60959.7000;60178.9000;105.9717;-0.0252;0.0000;-780.8000;0.0000;6.8165;0.0000;-780.8000;0.0000;6.8165;1.0000;0.0000;0.0000;0.0000;0.0000
952;578.54;794.1500;57198.6000;60596.7000;59802.5500;106.0245;-0.0254;0.0000;-794.1500;0.0000;6.8165;0.0000;-794.1500;0.0000;6.8165;1.0000;0.0000;0.0000;0.0000;0.0000
953;578.86;806.7000;56484.0500;59793.0000;58986.3000;105.9431;-0.0251;0.0000;-806.7000;0.0000;6.8165;0.0000;-806.7000;0.0000;6.8165;1.0000;0.0000;0.0000;0.0000;0.0000
954;579.18;799.0000;56974.0500;60282.9000;59483.9000;105.8902;-0.0249;0.0000;-799.0000;0.0000;6.8165;0.0000;-799.0000;0.0000;6.8165;1.0000;0.0000;0.0000;0.0000;0.0000
955;579.50;799.9500;56736.6000;60302.9500;59503.0000;106.3757;-0.0268;0.0000;-799.9500;0.0000;6.8165;0.0000;-799.9500;0.0000;6.8165;1.0000;0.0000;0.0000;0.0000;0.0000
956;579.82;797.2000;56375.1500;59972.6000;59175.4000;106.4728;-0.0272;0.0000;-797.2000;0.0000;6.8165;0.0000;-797.2000;0.0000;6.8165;1.0000;0.0000;0.0000;0.0000;0.0000
957;580.14;784.7000;56166.4500;60253.3500;59468.6500;107.3795;-0.0309;0.0000;-784.7000;0.0000;6.8165;0.0000;-784.7000;0.0000;6.8165;1.0000;0.0000;0.0000;0.0000;0.0000
958;580.46;792.9500;55944.9500;60022.1000;59229.1500;107.3926;-0.0310;0.0000;-792.9500;0.0000;6.8165;0.0000;-792.9500;0.0000;6.8165;1.0000;0.0000;0.0000;0.0000;0.0000
959;580.78;798.3500;56915.4000;60005.8500;59207.5000;105.5071;-0.0233;0.0000;-798.3500;0.0000;6.8165;0.0000;-798.3500;0.0000;6.8165;1.0000;0.0000;0.0000;0.0000;0.0000
960;581.10;801.7000;56297.1500;59413.2000;58611.5000;105.6150;-0.0237;0.0000;-801.7000;0.0000;6.8165;0.0000;-801.7000;0.0000;6.8165;1.0000;0.0000;0.0000;0.0000;0.0000
961;581.42;787.4500;56313.5000;59356.6500;58569.2000;105.4806;-0.0232;0.0000;-787.4500;0.0000;6.8165;0.0000;-787.4500;0.0000;6.8165;1.0000;0.0000;0.0000;0.0000;0.0000
962;581.73;799.8500;56198.4500;59037.5500;58237.7000;105.1249;-0.0217;0.0000;-799.8500;0.0000;6.8165;0.0000;-799.8500;0.0000;6.8165;1.0000;0.0000;0.0000;0.0000;0.0000
963;582.05;777.6500;55809.1000;59410.7000;58633.0500;106.5446;-0.0275;0.0000;-777.6500;0.0000;6.8165;0.0000;-777.6500;0.0000;6.8165;1.0000;0.0000;0.0000;0.0000;0.0000
964;582.37;772.9000;55846.4000;59611.2500;58838.3500;106.8360;-0.0287;0.0000;-772.9000;0.0000;6.8165;0.0000;-772.9000;0.0000;6.8165;1.0000;0.0000;0.0000;0.0000;0.0000
965;582.69;779.8000;55735.4500;59552.8500;58773.0500;106.9463;-0.0292;0.0000;-779.8000;0.0000;6.8165;0.0000;-779.8000;0.0000;6.8165;1.0000;0.0000;0.0000;0.0000;0.0000
966;583.01;791.7000;55932.3000;59923.5000;59131.8000;107.2382;-0.0303;0.0000;-791.7000;0.0000;6.8165;0.0000;-791.7000;0.0000;6.8165;1.0000;0.0000;0.0000;0.0000;0.0000
967;583.33;786.7500;55517.2500;59354.0000;58567.2500;107.0103;-0.0294;0.0000;-786.7500;0.0000;6.8165;0.0000;-786.7500;0.0000;6.8165;1.0000;0.0000;0.0000;0.0000;0.0000
968;583.65;803.3000;55569.6500;59377.8000;58574.5000;106.9534;-0.0292;0.0000;-803.3000;0.0000;6.8165;0.0000;-803.3000;0.0000;6.8165;1.0000;0.0000;0.0000;0.0000;0.0000
969;583.96;787.2500;55269.8500;58653.8500;57866.6000;106.2112;-0.0262;0.0000;-787.2500;0.0000;6.8165;0.0000;-787.2500;0.0000;6.8165;1.0000;0.0000;0.0000;0.0000;0.0000
970;584.28;795.3500;55304.2500;58561.3000;57765.9500;105.9753;-0.0252;0.0000;-795.3500;0.0000;6.8165;0.0000;-795.3500;0.0000;6.8165;1.0000;0.0000;0.0000;0.0000;0.0000
971;584.60;787.2000;55733.2000;58758.3000;57971.1000;105.5056;-0.0233;0.0000;-787.2000;0.0000;6.8165;0.0000;-787.2000;0.0000;6.8165;1.0000;0.0000;0.0000;0.0000;0.0000
972;584.92;797.1500;55559.3000;59202.9000;58405.7500;106.6535;-0.0280;0.0000;-797.1500;0.0000;6.8165;0.0000;-797.1500;0.0000;6.8165;1.0000;0.0000;0.0000;0.0000;0.0000
973;585.24;794.6000;55178.4000;58907.2000;58112.6000;106.8565;-0.0288;0.0000;-794.6000;0.0000;6.8165;0.0000;-794.6000;0.0000;6.8165;1.0000;0.0000;0.0000;0.0000;0.0000
974;585.55;792.8000;55190.9000;58870.0500;58077.2500;106.7634;-0.0284;0.0000;-792.8000;0.0000;6.8165;0.0000;-792.8000;0.0000;6.8165;1.0000;0.0000;0.0000;0.0000;0.0000
975;585.87;793.1000;55302.3000;59155.8500;58362.7500;107.0695;-0.0297;0.0000;-793.1000;0.0000;6.8165;0.0000;-793.1000;0.0000;6.8165;1.0000;0.0000;0.0000;0.0000;0.0000
976;586.19;794.7000;55480.2000;59100.0000;58305.3000;106.6193;-0.0278;0.0000;-794.7000;0.0000;6.8165;0.0000;-794.7000;0.0000;6.8165;1.0000;0.0000;0.0000;0.0000;0.0000
977;586.51;804.4000;55600.3500;58985.4000;58181.0000;106.1776;-0.0260;0.0000;-804.4000;0.0000;6.8165;0.0000;-804.4000;0.0000;6.8165;1.0000;0.0000;0.0000;0.0000;0.0000
978;586.83;803.7000;55405.5000;58741.4000;57937.7000;106.1095;-0.0258;0.0000;-803.7000;0.0000;6.8165;0.0000;-803.7000;0.0000;6.8165;1.0000;0.0000;0.0000;0.0000;0.0000
979;587.14;794.1000;54879.7000;58408.5000;57614.4000;106.5245;-0.0274;0.0000;-794.1000;0.0000;6.8165;0.0000;-794.1000;0.0000;6.8165;1.0000;0.0000;0.0000;0.0000;0.0000
980;587.46;795.9500;54660.6000;58292.2500;57496.3000;106.7422;-0.0283;0.0000;-795.9500;0.0000;6.8165;0.0000;-795.9500;0.0000;6.8165;1.0000;0.0000;0.0000;0.0000;0.0000
981;587.78;799.4500;54900.3000;58379.0500;57579.6000;106.4301;-0.0271;0.0000;-799.4500;0.0000;6.8165;0.0000;-799.4500;0.0000;6.8165;1.0000;0.0000;0.0000;0.0000;0.0000
982;588.09;808.1500;54721.0500;58148.5000;57340.3500;106.3574;-0.0268;0.0000;-808.1500;0.0000;6.8165;0.0000;-808.1500;0.0000;6.8165;1.0000;0.0000;0.0000;0.0000;0.0000
983;588.41;784.1500;54915.9000;58760.6000;57976.4500;107.1025;-0.0298;0.0000;-784.1500;0.0000;6.8165;0.0000;-784.1500;0.0000;6.8165;1.0000;0.0000;0.0000;0.0000;0.0000
984;588.73;801.0500;55126.5000;59249.6000;58448.5500;107.5896;-0.0318;0.0000;-801.0500;0.0000;6.8165;0.0000;-801.0500;0.0000;6.8165;1.0000;0.0000;0.0000;0.0000;0.0000
985;589.04;792.6000;54597.2000;58847.6000;58055.0000;107.8997;-0.0330;0.0000;-792.6000;0.0000;6.8165;0.0000;-792.6000;0.0000;6.8165;1.0000;0.0000;0.0000;0.0000;0.0000
986;589.36;804.5000;55142.3000;59096.8000;58292.3000;107.2776;-0.0305;0.0000;-804.5000;0.0000;6.8165;0.0000;-804.5000;0.0000;6.8165;1.0000;0.0000;0.0000;0.0000;0.0000
987;589.68;789.2000;55527.4000;59061.5500;58272.3500;106.4565;-0.0272;0.0000;-789.2000;0.0000;6.8165;0.0000;-789.2000;0.0000;6.8165;1.0000;0.0000;0.0000;0.0000;0.0000
988;589.99;799.3000;55191.5500;58175.3500;57376.0500;105.4857;-0.0232;0.0000;-799.3000;0.0000;6.8165;0.0000;-799.3000;0.0000;6.8165;1.0000;0.0000;0.0000;0.0000;0.0000
989;590.31;784.2000;55509.0000;58632.2500;57848.0500;105.7072;-0.0241;0.0000;-784.2000;0.0000;6.8165;0.0000;-784.2000;0.0000;6.8165;1.0000;0.0000;0.0000;0.0000;0.0000
990;590.63;797.7500;55156.5000;58255.6500;57457.9000;105.7013;-0.0241;0.0000;-797.7500;0.0000;6.8165;0.0000;-797.7500;0.0000;6.8165;1.0000;0.0000;0.0000;0.0000;0.0000
991;590.94;794.4500;55600.2500;59010.1500;58215.7000;106.2218;-0.0262;0.0000;-794.4500;0.0000;6.8165;0.0000;-794.4500;0.0000;6.8165;1.0000;0.0000;0.0000;0.0000;0.0000
992;591.26;778.6500;55678.2000;59710.7000;58932.0500;107.3452;-0.0308;0.0000;-778.6500;0.0000;6.8165;0.0000;-778.6500;0.0000;6.8165;1.0000;0.0000;0.0000;0.0000;0.0000
993;591.58;774.0500;55465.1500;59796.5500;59022.5000;107.9198;-0.0331;0.0000;-774.0500;0.0000;6.8165;0.0000;-774.0500;0.0000;6.8165;1.0000;0.0000;0.0000;0.0000;0.0000
994;591.89;782.9500;54630.8500;58922.5000;58139.5500;107.9699;-0.0333;0.0000;-782.9500;0.0000;6.8165;0.0000;-782.9500;0.0000;6.8165;1.0000;0.0000;0.0000;0.0000;0.0000
995;592.21;796.4500;54397.7500;58497.6000;57701.1500;107.6488;-0.0320;0.0000;-796.4500;0.0000;6.8165;0.0000;-796.4500;0.0000;6.8165;1.0000;0.0000;0.0000;0.0000;0.0000
996;592.52;803.2000;55181.4000;58811.0500;58007.8500;106.6748;-0.0281;0.0000;-803.2000;0.0000;6.8165;0.0000;-803.2000;0.0000;6.8165;1.0000;0.0000;0.0000;0.0000;0.0000
997;592.84;791.4000;55027.9500;58386.5500;57595.1500;106.1925;-0.0261;0.0000;-791.4000;0.0000;6.8165;0.0000;-791.4000;0.0000;6.8165;1.0000;0.0000;0.0000;0.0000;0.0000
998;593.15;781.3000;55103.0000;58727.1500;57945.8500;106.6716;-0.0280;0.0000;-781.3000;0.0000;6.8165;0.0000;-781.3000;0.0000;6.8165;1.0000;0.0000;0.0000;0.0000;0.0000
999;593.47;789.7500;55239.1000;58920.4500;58130.7000;106.7611;-0.0284;0.0000;-789.7500;0.0000;6.8165;0.0000;-789.7500;0.0000;6.8165;1.0000;0.0000;0.0000;0.0000;0.0000
1000;593.79;782.3500;54775.9000;58887.3500;58105.0000;107.6147;-0.0319;0.0000;-782.3500;0.0000;6.8165;0.0000;-782.3500;0.0000;6.8165;1.0000;0.0000;0.0000;0.0000;0.0000
1001;594.10;802.3000;54676.3500;58376.2000;57573.9000;106.8676;-0.0288;0.0000;-802.3000;0.0000;6.8165;0.0000;-802.3000;0.0000;6.8165;1.0000;0.0000;0.0000;0.0000;0.0000
1002;594.42;793.1000;55309.7500;59084.3500;58291.2500;106.9238;-0.0291;0.0000;-793.1000;0.0000;6.8165;0.0000;-793.1000;0.0000;6.8165;1.0000;0.0000;0.0000;0.0000;0.0000
1003;594.73;795.5000;55171.1000;59227.1000;58431.6000;107.4592;-0.0312;0.0000;-795.5000;0.0000;6.8165;0.0000;-795.5000;0.0000;6.8165;1.0000;0.0000;0.0000;0.0000;0.0000
1004;595.05;795.5500;55506.7000;59321.6000;58526.0500;106.9728;-0.0293;0.0000;-795.5500;0.0000;6.8165;0.0000;-795.5500;0.0000;6.8165;1.0000;0.0000;0.0000;0.0000;0.0000
1005;595.36;800.0000;55898.4500;59804.7000;59004.7000;107.0896;-0.0297;0.0000;-800.0000;0.0000;6.8165;0.0000;-800.0000;0.0000;6.8165;1.0000;0.0000;0.0000;0.0000;0.0000
1006;595.68;794.6500;56012.9500;59863.3500;59068.7000;106.9731;-0.0293;0.0000;-794.6500;0.0000;6.8165;0.0000;-794.6500;0.0000;6.8165;1.0000;0.0000;0.0000;0.0000;0.0000
1007;595.99;803.2500;55630.5000;59256.6500;58453.4000;106.6138;-0.0278;0.0000;-803.2500;0.0000;6.8165;0.0000;-803.2500;0.0000;6.8165;1.0000;0.0000;0.0000;0.0000;0.0000
1008;596.30;801.7000;55205.5000;59131.5000;58329.8000;107.2164;-0.0303;0.0000;-801.7000;0.0000;6.8165;0.0000;-801.7000;0.0000;6.8165;1.0000;0.0000;0.0000;0.0000;0.0000
1009;596.62;806.4000;55820.9000;59839.6000;59033.2000;107.3048;-0.0306;0.0000;-806.4000;0.0000;6.8165;0.0000;-806.4000;0.0000;6.8165;1.0000;0.0000;0.0000;0.0000;0.0000
1010;596.93;785.0000;55898.0500;60067.0000;59282.0000;107.5644;-0.0317;0.0000;-785.0000;0.0000;6.8165;0.0000;-785.0000;0.0000;6.8165;1.0000;0.0000;0.0000;0.0000;0.0000
1011;597.25;794.1000;55660.1000;59938.8500;59144.7500;107.7985;-0.0326;0.0000;-794.1000;0.0000;6.8165;0.0000;-794.1000;0.0000;6.8165;1.0000;0.0000;0.0000;0.0000;0.0000
1012;597.56;791.1500;55301.7000;59655.9500;58864.8000;107.9879;-0.0334;0.0000;-791.1500;0.0000;6.8165;0.0000;-791.1500;0.0000;6.8165;1.0000;0.0000;0.0000;0.0000;0.0000
1013;597.88;792.5500;55367.3000;59591.0500;58798.5000;107.7394;-0.0324;0.0000;-792.5500;0.0000;6.8165;0.0000;-792.5500;0.0000;6.8165;1.0000;0.0000;0.0000;0.0000;0.0000
1014;598.19;795.3500;55728.4000;59910.9000;59115.5500;107.6138;-0.0319;0.0000;-795.3500;0.0000;6.8165;0.0000;-795.3500;0.0000;6.8165;1.0000;0.0000;0.0000;0.0000;0.0000
1015;598.50;787.1000;55978.9500;59872.4000;59085.3000;107.0544;-0.0296;0.0000;-787.1000;0.0000;6.8165;0.0000;-787.1000;0.0000;6.8165;1.0000;0.0000;0.0000;0.0000;0.0000
1016;598.82;786.8500;56264.4000;59882.7000;59095.8500;106.5221;-0.0274;0.0000;-786.8500;0.0000;6.8165;0.0000;-786.8500;0.0000;6.8165;1.0000;0.0000;0.0000;0.0000;0.0000
1017;599.13;791.4000;56077.8000;59477.3500;58685.9500;106.1490;-0.0259;0.0000;-791.4000;0.0000;6.8165;0.0000;-791.4000;0.0000;6.8165;1.0000;0.0000;0.0000;0.0000;0.0000
1018;599.45;794.5500;56289.0500;59981.7000;59187.1500;106.6541;-0.0280;0.0000;-794.5500;0.0000;6.8165;0.0000;-794.5500;0.0000;6.8165;1.0000;0.0000;0.0000;0.0000;0.0000
1019;599.76;799.5500;55231.6000;59108.5000;58308.9500;107.1225;-0.0299;0.0000;-799.5500;0.0000;6.8165;0.0000;-799.5500;0.0000;6.8165;1.0000;0.0000;0.0000;0.0000;0.0000
1020;600.07;794.4000;55560.8500;59524.2500;58729.8500;107.2369;-0.0303;0.0000;-794.4000;0.0000;6.8165;0.0000;-794.4000;0.0000;6.8165;1.0000;0.0000;0.0000;0.0000;0.0000
1021;600.39;791.6000;56174.2500;60276.8000;59485.2000;107.4076;-0.0310;0.0000;-791.6000;0.0000;6.8165;0.0000;-791.6000;0.0000;6.8165;1.0000;0.0000;0.0000;0.0000;0.0000
1022;600.70;798.8500;56218.7000;60755.0000;59956.1500;108.1853;-0.0342;0.0000;-798.8500;0.0000;6.8165;0.0000;-798.8500;0.0000;6.8165;1.0000;0.0000;0.0000;0.0000;0.0000
1023;601.01;796.3000;55940.8500;60403.1000;59606.8000;108.0919;-0.0338;0.0000;-796.3000;0.0000;6.8165;0.0000;-796.3000;0.0000;6.8165;1.0000;0.0000;0.0000;0.0000;0.0000
1024;601.33;790.2000;55894.8500;60139.2000;59349.0000;107.7023;-0.0322;0.0000;-790.2000;0.0000;6.8165;0.0000;-790.2000;0.0000;6.8165;1.0000;0.0000;0.0000;0.0000;0.0000
1025;601.64;795.7500;55574.8500;59864.0000;59068.2500;107.8299;-0.0327;0.0000;-795.7500;0.0000;6.8165;0.0000;-795.7500;0.0000;6.8165;1.0000;0.0000;0.0000;0.0000;0.0000
1026;601.95;783.3000;56039.9000;59877.0500;59093.7500;106.9442;-0.0292;0.0000;-783.3000;0.0000;6.8165;0.0000;-783.3000;0.0000;6.8165;1.0000;0.0000;0.0000;0.0000;0.0000
1027;602.26;787.5000;56041.2000;59951.7500;59164.2500;107.0774;-0.0297;0.0000;-787.5000;0.0000;6.8165;0.0000;-787.5000;0.0000;6.8165;1.0000;0.0000;0.0000;0.0000;0.0000
1028;602.58;780.4500;56106.0500;59901.3500;59120.9000;106.8599;-0.0288;0.0000;-780.4500;0.0000;6.8165;0.0000;-780.4500;0.0000;6.8165;1.0000;0.0000;0.0000;0.0000;0.0000
1029;602.89;777.3000;56489.8000;60429.7500;59652.4500;107.0719;-0.0297;0.0000;-777.3000;0.0000;6.8165;0.0000;-777.3000;0.0000;6.8165;1.0000;0.0000;0.0000;0.0000;0.0000
1030;603.20;802.5000;56547.4000;60652.5500;59850.0500;107.3642;-0.0309;0.0000;-802.5000;0.0000;6.8165;0.0000;-802.5000;0.0000;6.8165;1.0000;0.0000;0.0000;0.0000;0.0000
1031;603.51;796.6000;56221.0500;60437.6000;59641.0000;107.6077;-0.0318;0.0000;-796.6000;0.0000;6.8165;0.0000;-796.6000;0.0000;6.8165;1.0000;0.0000;0.0000;0.0000;0.0000
1032;603.83;804.3000;56709.9500;60837.6000;60033.3000;107.3832;-0.0309;0.0000;-804.3000;0.0000;6.8165;0.0000;-804.3000;0.0000;6.8165;1.0000;0.0000;0.0000;0.0000;0.0000
1033;604.14;793.3500;56999.3000;60970.3000;60176.9500;107.0651;-0.0296;0.0000;-793.3500;0.0000;6.8165;0.0000;-793.3500;0.0000;6.8165;1.0000;0.0000;0.0000;0.0000;0.0000
1034;604.45;787.7000;56518.1000;60229.9000;59442.2000;106.6603;-0.0280;0.0000;-787.7000;0.0000;6.8165;0.0000;-787.7000;0.0000;6.8165;1.0000;0.0000;0.0000;0.0000;0.0000
1035;604.76;789.4000;56575.1500;60348.0000;59558.6000;106.7631;-0.0284;0.0000;-789.4000;0.0000;6.8165;0.0000;-789.4000;0.0000;6.8165;1.0000;0.0000;0.0000;0.0000;0.0000
1036;605.07;800.0500;56385.0500;60549.1500;59749.1000;107.4914;-0.0314;0.0000;-800.0500;0.0000;6.8165;0.0000;-800.0500;0.0000;6.8165;1.0000;0.0000;0.0000;0.0000;0.0000
1037;605.39;790.5500;56179.6500;60296.1500;59505.6000;107.4320;-0.0311;0.0000;-790.5500;0.0000;6.8165;0.0000;-790.5500;0.0000;6.8165;1.0000;0.0000;0.0000;0.0000;0.0000
1038;605.70;806.3500;56294.3500;60544.7500;59738.4000;107.6600;-0.0321;0.0000;-806.3500;0.0000;6.8165;0.0000;-806.3500;0.0000;6.8165;1.0000;0.0000;0.0000;0.0000;0.0000
1039;606.01;787.6000;56394.7000;60833.2000;60045.6000;107.9819;-0.0334;0.0000;-787.6000;0.0000;6.8165;0.0000;-787.6000;0.0000;6.8165;1.0000;0.0000;0.0000;0.0000;0.0000
1040;606.32;793.7000;56543.3000;60792.8000;59999.1000;107.6225;-0.0319;0.0000;-793.7000;0.0000;6.8165;0.0000;-793.7000;0.0000;6.8165;1.0000;0.0000;0.0000;0.0000;0.0000
1041;606.63;791.3500;56122.0500;60685.5000;59894.1500;108.2476;-0.0344;0.0000;-791.3500;0.0000;6.8165;0.0000;-791.3500;0.0000;6.8165;1.0000;0.0000;0.0000;0.0000;0.0000
1042;606.94;794.0000;56199.2500;60896.6500;60102.6500;108.4783;-0.0353;0.0000;-794.0000;0.0000;6.8165;0.0000;-794.0000;0.0000;6.8165;1.0000;0.0000;0.0000;0.0000;0.0000
1043;607.26;788.7000;55964.9000;60222.8500;59434.1500;107.7170;-0.0323;0.0000;-788.7000;0.0000;6.8165;0.0000;-788.7000;0.0000;6.8165;1.0000;0.0000;0.0000;0.0000;0.0000
1044;607.57;808.2500;56463.3000;60465.7000;59657.4500;107.1914;-0.0302;0.0000;-808.2500;0.0000;6.8165;0.0000;-808.2500;0.0000;6.8165;1.0000;0.0000;0.0000;0.0000;0.0000
1045;607.88;790.5000;56226.0500;60157.8000;59367.3000;107.0925;-0.0298;0.0000;-790.5000;0.0000;6.8165;0.0000;-790.5000;0.0000;6.8165;1.0000;0.0000;0.0000;0.0000;0.0000
1046;608.19;798.3000;56742.3500;60319.1500;59520.8500;106.3935;-0.0269;0.0000;-798.3000;0.0000;6.8165;0.0000;-798.3000;0.0000;6.8165;1.0000;0.0000;0.0000;0.0000;0.0000
1047;608.50;798.1500;57167.3500;60596.5000;59798.3500;106.0834;-0.0256;0.0000;-798.1500;0.0000;6.8165;0.0000;-798.1500;0.0000;6.8165;1.0000;0.0000;0.0000;0.0000;0.0000
1048;608.81;786.2000;57055.3000;60551.6500;59765.4500;106.2136;-0.0262;0.0000;-786.2000;0.0000;6.8165;0.0000;-786.2000;0.0000;6.8165;1.0000;0.0000;0.0000;0.0000;0.0000
1049;609.12;791.4000;56456.5500;60503.0500;59711.6500;107.2694;-0.0305;0.0000;-791.4000;0.0000;6.8165;0.0000;-791.4000;0.0000;6.8165;1.0000;0.0000;0.0000;0.0000;0.0000
1050;609.43;788.7000;56324.0000;60573.5000;59784.8000;107.6519;-0.0320;0.0000;-788.7000;0.0000;6.8165;0.0000;-788.7000;0.0000;6.8165;1.0000;0.0000;0.0000;0.0000;0.0000
1051;609.74;783.9000;56057.1500;60461.9000;59678.0000;107.9690;-0.0333;0.0000;-783.9000;0.0000;6.8165;0.0000;-783.9000;0.0000;6.8165;1.0000;0.0000;0.0000;0.0000;0.0000
1052;610.05;794.3000;57029.8500;61276.6000;60482.3000;107.5517;-0.0316;0.0000;-794.3000;0.0000;6.8165;0.0000;-794.3000;0.0000;6.8165;1.0000;0.0000;0.0000;0.0000;0.0000
1053;610.36;789.3500;56999.4000;61339.2000;60549.8500;107.7207;-0.0323;0.0000;-789.3500;0.0000;6.8165;0.0000;-789.3500;0.0000;6.8165;1.0000;0.0000;0.0000;0.0000;0.0000
1054;610.67;775.0000;56755.5500;61191.0500;60416.0500;107.9233;-0.0331;0.0000;-775.0000;0.0000;6.8165;0.0000;-775.0000;0.0000;6.8165;1.0000;0.0000;0.0000;0.0000;0.0000
1055;610.98;786.2000;57325.0500;61144.3500;60358.1500;106.7552;-0.0284;0.0000;-786.2000;0.0000;6.8165;0.0000;-786.2000;0.0000;6.8165;1.0000;0.0000;0.0000;0.0000;0.0000
1056;611.29;787.3500;57289.6500;61251.0000;60463.6500;107.0110;-0.0294;0.0000;-787.3500;0.0000;6.8165;0.0000;-787.3500;0.0000;6.8165;1.0000;0.0000;0.0000;0.0000;0.0000
1057;611.60;782.5000;56903.6000;61130.9000;60348.4000;107.5325;-0.0315;0.0000;-782.5000;0.0000;6.8165;0.0000;-782.5000;0.0000;6.8165;1.0000;0.0000;0.0000;0.0000;0.0000
1058;611.91;788.3500;57161.7500;61146.3500;60358.0000;107.0682;-0.0297;0.0000;-788.3500;0.0000;6.8165;0.0000;-788.3500;0.0000;6.8165;1.0000;0.0000;0.0000;0.0000;0.0000
1059;612.22;786.4000;56803.9000;60862.6000;60076.2000;107.2454;-0.0304;0.0000;-786.4000;0.0000;6.8165;0.0000;-786.4000;0.0000;6.8165;1.0000;0.0000;0.0000;0.0000;0.0000
1060;612.53;783.7500;56602.1000;61063.2500;60279.5000;107.9923;-0.0334;0.0000;-783.7500;0.0000;6.8165;0.0000;-783.7500;0.0000;6.8165;1.0000;0.0000;0.0000;0.0000;0.0000
1061;612.84;792.1500;57147.6000;61915.2500;61123.1000;108.4600;-0.0353;0.0000;-792.1500;0.0000;6.8165;0.0000;-792.1500;0.0000;6.8165;1.0000;0.0000;0.0000;0.0000;0.0000
1062;613.15;802.2000;57434.8500;62046.5000;61244.3000;108.1431;-0.0340;0.0000;-802.2000;0.0000;6.8165;0.0000;-802.2000;0.0000;6.8165;1.0000;0.0000;0.0000;0.0000;0.0000
1063;613.46;785.3000;57361.1500;61715.4000;60930.1000;107.6963;-0.0322;0.0000;-785.3000;0.0000;6.8165;0.0000;-785.3000;0.0000;6.8165;1.0000;0.0000;0.0000;0.0000;0.0000
1064;613.77;782.0500;57341.8500;61784.7000;61002.6500;107.8551;-0.0328;0.0000;-782.0500;0.0000;6.8165;0.0000;-782.0500;0.0000;6.8165;1.0000;0.0000;0.0000;0.0000;0.0000
1065;614.08;789.0000;57274.9500;61526.2000;60737.2000;107.5262;-0.0315;0.0000;-789.0000;0.0000;6.8165;0.0000;-789.0000;0.0000;6.8165;1.0000;0.0000;0.0000;0.0000;0.0000
1066;614.39;793.3500;57057.7000;61377.0500;60583.7000;107.6769;-0.0321;0.0000;-793.3500;0.0000;6.8165;0.0000;-793.3500;0.0000;6.8165;1.0000;0.0000;0.0000;0.0000;0.0000
1067;614.70;810.2000;57016.3000;61375.3500;60565.1500;107.7555;-0.0324;0.0000;-810.2000;0.0000;6.8165;0.0000;-810.2000;0.0000;6.8165;1.0000;0.0000;0.0000;0.0000;0.0000
1068;615.00;796.3500;57794.3500;61642.4000;60846.0500;106.7512;-0.0284;0.0000;-796.3500;0.0000;6.8165;0.0000;-796.3500;0.0000;6.8165;1.0000;0.0000;0.0000;0.0000;0.0000
1069;615.31;789.0000;57685.4000;61579.7500;60790.7500;106.8446;-0.0288;0.0000;-789.0000;0.0000;6.8165;0.0000;-789.0000;0.0000;6.8165;1.0000;0.0000;0.0000;0.0000;0.0000
1070;615.62;778.2000;57446.6500;61513.1000;60734.9000;107.1759;-0.0301;0.0000;-778.2000;0.0000;6.8165;0.0000;-778.2000;0.0000;6.8165;1.0000;0.0000;0.0000;0.0000;0.0000
1071;615.93;776.8500;57705.0500;61890.9000;61114.0500;107.3529;-0.0308;0.0000;-776.8500;0.0000;6.8165;0.0000;-776.8500;0.0000;6.8165;1.0000;0.0000;0.0000;0.0000;0.0000
1072;616.24;801.2500;57597.5500;61897.3000;61096.0500;107.5705;-0.0317;0.0000;-801.2500;0.0000;6.8165;0.0000;-801.2500;0.0000;6.8165;1.0000;0.0000;0.0000;0.0000;0.0000
1073;616.55;798.0500;57210.1000;61684.9500;60886.9000;107.9324;-0.0332;0.0000;-798.0500;0.0000;6.8165;0.0000;-798.0500;0.0000;6.8165;1.0000;0.0000;0.0000;0.0000;0.0000
1074;616.86;783.4000;57335.3500;61990.8000;61207.4000;108.2322;-0.0344;0.0000;-783.4000;0.0000;6.8165;0.0000;-783.4000;0.0000;6.8165;1.0000;0.0000;0.0000;0.0000;0.0000
1075;617.16;800.0500;57063.5500;61731.9500;60931.9000;108.2974;-0.0346;0.0000;-800.0500;0.0000;6.8165;0.0000;-800.0500;0.0000;6.8165;1.0000;0.0000;0.0000;0.0000;0.0000
1076;617.47;797.5500;56635.7500;61297.0500;60499.5000;108.3479;-0.0348;0.0000;-797.5500;0.0000;6.8165;0.0000;-797.5500;0.0000;6.8165;1.0000;0.0000;0.0000;0.0000;0.0000
1077;617.78;778.7000;57264.2000;61604.1000;60825.4000;107.6832;-0.0321;0.0000;-778.7000;0.0000;6.8165;0.0000;-778.7000;0.0000;6.8165;1.0000;0.0000;0.0000;0.0000;0.0000
1078;618.09;788.2500;57253.2500;61423.0000;60634.7500;107.3847;-0.0309;0.0000;-788.2500;0.0000;6.8165;0.0000;-788.2500;0.0000;6.8165;1.0000;0.0000;0.0000;0.0000;0.0000
1079;618.40;786.4000;57278.5500;61453.6000;60667.2000;107.3905;-0.0310;0.0000;-786.4000;0.0000;6.8165;0.0000;-786.4000;0.0000;6.8165;1.0000;0.0000;0.0000;0.0000;0.0000
1080;618.70;796.4500;57484.5500;61605.1500;60808.7000;107.2689;-0.0305;0.0000;-796.4500;0.0000;6.8165;0.0000;-796.4500;0.0000;6.8165;1.0000;0.0000;0.0000;0.0000;0.0000
1081;619.01;776.3500;57533.8000;61910.1000;61133.7500;107.7105;-0.0323;0.0000;-776.3500;0.0000;6.8165;0.0000;-776.3500;0.0000;6.8165;1.0000;0.0000;0.0000;0.0000;0.0000
1082;619.32;783.0000;57788.8500;62114.2500;61331.2500;107.5876;-0.0318;0.0000;-783.0000;0.0000;6.8165;0.0000;-783.0000;0.0000;6.8165;1.0000;0.0000;0.0000;0.0000;0.0000
1083;619.63;800.0500;57571.9500;62102.2000;61302.1500;107.9797;-0.0333;0.0000;-800.0500;0.0000;6.8165;0.0000;-800.0500;0.0000;6.8165;1.0000;0.0000;0.0000;0.0000;0.0000
1084;619.93;785.6000;57540.9500;62155.1000;61369.5000;108.1299;-0.0339;0.0000;-785.6000;0.0000;6.8165;0.0000;-785.6000;0.0000;6.8165;1.0000;0.0000;0.0000;0.0000;0.0000
1085;620.24;800.9000;57842.5000;62108.9500;61308.0500;107.4795;-0.0313;0.0000;-800.9000;0.0000;6.8165;0.0000;-800.9000;0.0000;6.8165;1.0000;0.0000;0.0000;0.0000;0.0000
1086;620.55;778.8000;57694.3500;61573.4000;60794.6000;106.8154;-0.0286;0.0000;-778.8000;0.0000;6.8165;0.0000;-778.8000;0.0000;6.8165;1.0000;0.0000;0.0000;0.0000;0.0000
1087;620.85;789.4500;58454.0500;62177.8500;61388.4000;106.4577;-0.0272;0.0000;-789.4500;0.0000;6.8165;0.0000;-789.4500;0.0000;6.8165;1.0000;0.0000;0.0000;0.0000;0.0000
1088;621.16;792.6500;58389.9000;62032.5500;61239.9000;106.3243;-0.0266;0.0000;-792.6500;0.0000;6.8165;0.0000;-792.6500;0.0000;6.8165;1.0000;0.0000;0.0000;0.0000;0.0000
1089;621.47;794.9000;57811.6000;61530.1000;60735.2000;106.5218;-0.0274;0.0000;-794.9000;0.0000;6.8165;0.0000;-794.9000;0.0000;6.8165;1.0000;0.0000;0.0000;0.0000;0.0000
1090;621.77;797.1500;57470.4000;61568.9500;60771.8000;107.2319;-0.0303;0.0000;-797.1500;0.0000;6.8165;0.0000;-797.1500;0.0000;6.8165;1.0000;0.0000;0.0000;0.0000;0.0000
1091;622.08;795.3500;57309.8000;61755.6500;60960.3000;107.8667;-0.0329;0.0000;-795.3500;0.0000;6.8165;0.0000;-795.3500;0.0000;6.8165;1.0000;0.0000;0.0000;0.0000;0.0000
1092;622.39;797.4000;57083.2500;61412.0500;60614.6500;107.6907;-0.0322;0.0000;-797.4000;0.0000;6.8165;0.0000;-797.4000;0.0000;6.8165;1.0000;0.0000;0.0000;0.0000;0.0000
1093;622.69;785.3000;57095.5500;61618.8500;60833.5500;108.0328;-0.0336;0.0000;-785.3000;0.0000;6.8165;0.0000;-785.3000;0.0000;6.8165;1.0000;0.0000;0.0000;0.0000;0.0000
1094;623.00;789.6500;56817.9500;61768.7500;60979.1000;108.8362;-0.0368;0.0000;-789.6500;0.0000;6.8165;0.0000;-789.6500;0.0000;6.8165;1.0000;0.0000;0.0000;0.0000;0.0000
1095;623.31;774.4500;56694.6000;61456.1000;60681.6500;108.5148;-0.0355;0.0000;-774.4500;0.0000;6.8165;0.0000;-774.4500;0.0000;6.8165;1.0000;0.0000;0.0000;0.0000;0.0000
1096;623.61;788.3000;57073.6000;61107.4500;60319.1500;107.1668;-0.0301;0.0000;-788.3000;0.0000;6.8165;0.0000;-788.3000;0.0000;6.8165;1.0000;0.0000;0.0000;0.0000;0.0000
1097;623.92;795.8000;56810.1500;60782.8500;59987.0500;107.0923;-0.0298;0.0000;-795.8000;0.0000;6.8165;0.0000;-795.8000;0.0000;6.8165;1.0000;0.0000;0.0000;0.0000;0.0000
1098;624.22;788.8500;57188.9500;61241.8000;60452.9500;107.1859;-0.0301;0.0000;-788.8500;0.0000;6.8165;0.0000;-788.8500;0.0000;6.8165;1.0000;0.0000;0.0000;0.0000;0.0000
1099;624.53;776.5500;57480.7500;61670.4500;60893.9000;107.3887;-0.0310;0.0000;-776.5500;0.0000;6.8165;0.0000;-776.5500;0.0000;6.8165;1.0000;0.0000;0.0000;0.0000;0.0000
1100;624.84;778.5000;56815.4500;61173.7500;60395.2500;107.7775;-0.0325;0.0000;-778.5000;0.0000;6.8165;0.0000;-778.5000;0.0000;6.8165;1.0000;0.0000;0.0000;0.0000;0.0000
1101;625.14;787.6000;56960.3000;61067.1500;60279.5500;107.3111;-0.0306;0.0000;-787.6000;0.0000;6.8165;0.0000;-787.6000;0.0000;6.8165;1.0000;0.0000;0.0000;0.0000;0.0000
1102;625.45;783.2000;56584.3500;60958.0000;60174.8000;107.8379;-0.0328;0.0000;-783.2000;0.0000;6.8165;0.0000;-783.2000;0.0000;6.8165;1.0000;0.0000;0.0000;0.0000;0.0000
1103;625.75;787.7500;56342.3500;60677.6000;59889.8500;107.8036;-0.0326;0.0000;-787.7500;0.0000;6.8165;0.0000;-787.7500;0.0000;6.8165;1.0000;0.0000;0.0000;0.0000;0.0000
1104;626.06;802.5500;56577.4500;61314.2000;60511.6500;108.4926;-0.0354;0.0000;-802.5500;0.0000;6.8165;0.0000;-802.5500;0.0000;6.8165;1.0000;0.0000;0.0000;0.0000;0.0000
1105;626.36;796.7500;56563.1500;61532.4500;60735.7000;108.9109;-0.0371;0.0000;-796.7500;0.0000;6.8165;0.0000;-796.7500;0.0000;6.8165;1.0000;0.0000;0.0000;0.0000;0.0000
1106;626.67;778.2000;56998.6500;61433.6500;60655.4500;107.8886;-0.0330;0.0000;-778.2000;0.0000;6.8165;0.0000;-778.2000;0.0000;6.8165;1.0000;0.0000;0.0000;0.0000;0.0000
1107;626.97;789.4000;56984.3000;61519.3500;60729.9500;108.0702;-0.0337;0.0000;-789.4000;0.0000;6.8165;0.0000;-789.4000;0.0000;6.8165;1.0000;0.0000;0.0000;0.0000;0.0000
1108;627.28;801.6500;56415.2500;60609.5500;59807.9000;107.5419;-0.0316;0.0000;-801.6500;0.0000;6.8165;0.0000;-801.6500;0.0000;6.8165;1.0000;0.0000;0.0000;0.0000;0.0000
1109;627.58;798.2000;56214.8500;60088.3000;59290.1000;106.9897;-0.0293;0.0000;-798.2000;0.0000;6.8165;0.0000;-798.2000;0.0000;6.8165;1.0000;0.0000;0.0000;0.0000;0.0000
1110;627.89;790.0000;55423.1500;59561.7500;58771.7500;107.5753;-0.0317;0.0000;-790.0000;0.0000;6.8165;0.0000;-790.0000;0.0000;6.8165;1.0000;0.0000;0.0000;0.0000;0.0000
1111;628.19;797.9000;55540.2500;59753.0000;58955.1000;107.6956;-0.0322;0.0000;-797.9000;0.0000;6.8165;0.0000;-797.9000;0.0000;6.8165;1.0000;0.0000;0.0000;0.0000;0.0000
1112;628.50;783.7500;56629.0500;60628.2000;59844.4500;107.1611;-0.0300;0.0000;-783.7500;0.0000;6.8165;0.0000;-783.7500;0.0000;6.8165;1.0000;0.0000;0.0000;0.0000;0.0000
1113;628.80;776.8000;56417.8000;60524.9000;59748.1000;107.3814;-0.0309;0.0000;-776.8000;0.0000;6.8165;0.0000;-776.8000;0.0000;6.8165;1.0000;0.0000;0.0000;0.0000;0.0000
1114;629.11;790.6500;56301.1500;60542.9500;59752.3000;107.6414;-0.0320;0.0000;-790.6500;0.0000;6.8165;0.0000;-790.6500;0.0000;6.8165;1.0000;0.0000;0.0000;0.0000;0.0000
1115;629.41;778.0000;56235.4000;60788.3500;60010.3500;108.2098;-0.0343;0.0000;-778.0000;0.0000;6.8165;0.0000;-778.0000;0.0000;6.8165;1.0000;0.0000;0.0000;0.0000;0.0000
1116;629.71;792.7500;55640.8000;60111.0500;59318.3000;108.1502;-0.0340;0.0000;-792.7500;0.0000;6.8165;0.0000;-792.7500;0.0000;6.8165;1.0000;0.0000;0.0000;0.0000;0.0000
1117;630.02;777.5000;54878.8500;59055.5000;58278.0000;107.7200;-0.0323;0.0000;-777.5000;0.0000;6.8165;0.0000;-777.5000;0.0000;6.8165;1.0000;0.0000;0.0000;0.0000;0.0000
1118;630.32;787.3500;55193.5000;59209.8000;58422.4500;107.3821;-0.0309;0.0000;-787.3500;0.0000;6.8165;0.0000;-787.3500;0.0000;6.8165;1.0000;0.0000;0.0000;0.0000;0.0000
1119;630.63;779.7500;56133.3000;60031.6000;59251.8500;107.0425;-0.0296;0.0000;-779.7500;0.0000;6.8165;0.0000;-779.7500;0.0000;6.8165;1.0000;0.0000;0.0000;0.0000;0.0000
1120;630.93;789.3500;56832.2500;60804.5500;60015.2000;107.0880;-0.0297;0.0000;-789.3500;0.0000;6.8165;0.0000;-789.3500;0.0000;6.8165;1.0000;0.0000;0.0000;0.0000;0.0000
1121;631.23;801.3000;55957.1500;60236.0000;59434.7000;107.7577;-0.0324;0.0000;-801.3000;0.0000;6.8165;0.0000;-801.3000;0.0000;6.8165;1.0000;0.0000;0.0000;0.0000;0.0000
1122;631.54;803.5000;55703.8500;59915.3000;59111.8000;107.6711;-0.0321;0.0000;-803.5000;0.0000;6.8165;0.0000;-803.5000;0.0000;6.8165;1.0000;0.0000;0.0000;0.0000;0.0000
1123;631.84;790.6500;55497.6500;59580.0500;58789.4000;107.4623;-0.0313;0.0000;-790.6500;0.0000;6.8165;0.0000;-790.6500;0.0000;6.8165;1.0000;0.0000;0.0000;0.0000;0.0000
1124;632.14;783.1500;55029.1500;59198.9500;58415.8000;107.6868;-0.0322;0.0000;-783.1500;0.0000;6.8165;0.0000;-783.1500;0.0000;6.8165;1.0000;0.0000;0.0000;0.0000;0.0000
1125;632.45;783.4000;55092.8500;59275.9000;58492.5000;107.7023;-0.0322;0.0000;-783.4000;0.0000;6.8165;0.0000;-783.4000;0.0000;6.8165;1.0000;0.0000;0.0000;0.0000;0.0000
1126;632.75;799.2000;56024.9500;60123.3000;59324.1000;107.4211;-0.0311;0.0000;-799.2000;0.0000;6.8165;0.0000;-799.2000;0.0000;6.8165;1.0000;0.0000;0.0000;0.0000;0.0000
1127;633.05;774.7500;55636.7000;60315.8000;59541.0500;108.5289;-0.0355;0.0000;-774.7500;0.0000;6.8165;0.0000;-774.7500;0.0000;6.8165;1.0000;0.0000;0.0000;0.0000;0.0000
1128;633.36;794.4500;55822.7500;60057.8000;59263.3500;107.6961;-0.0322;0.0000;-794.4500;0.0000;6.8165;0.0000;-794.4500;0.0000;6.8165;1.0000;0.0000;0.0000;0.0000;0.0000
1129;633.66;778.1500;55493.3500;59378.8000;58600.6500;107.1012;-0.0298;0.0000;-778.1500;0.0000;6.8165;0.0000;-778.1500;0.0000;6.8165;1.0000;0.0000;0.0000;0.0000;0.0000
1130;633.96;787.0500;55369.4000;59274.3500;58487.3000;107.1542;-0.0300;0.0000;-787.0500;0.0000;6.8165;0.0000;-787.0500;0.0000;6.8165;1.0000;0.0000;0.0000;0.0000;0.0000
1131;634.27;790.0000;55252.1000;59460.8000;58670.8000;107.7278;-0.0323;0.0000;-790.0000;0.0000;6.8165;0.0000;-790.0000;0.0000;6.8165;1.0000;0.0000;0.0000;0.0000;0.0000
1132;634.57;784.6500;55256.1500;59513.1500;58728.5000;107.8151;-0.0327;0.0000;-784.6500;0.0000;6.8165;0.0000;-784.6500;0.0000;6.8165;1.0000;0.0000;0.0000;0.0000;0.0000
1133;634.87;790.9000;54838.6000;59411.4500;58620.5500;108.4608;-0.0353;0.0000;-790.9000;0.0000;6.8165;0.0000;-790.9000;0.0000;6.8165;1.0000;0.0000;0.0000;0.0000;0.0000
1134;635.17;780.3000;54608.5000;59202.5000;58422.2000;108.5346;-0.0356;0.0000;-780.3000;0.0000;6.8165;0.0000;-780.3000;0.0000;6.8165;1.0000;0.0000;0.0000;0.0000;0.0000
1135;635.48;782.1000;54721.1500;59195.3500;58413.2500;108.2949;-0.0346;0.0000;-782.1000;0.0000;6.8165;0.0000;-782.1000;0.0000;6.8165;1.0000;0.0000;0.0000;0.0000;0.0000
1136;635.78;782.0500;54950.5000;59397.7500;58615.7000;108.2100;-0.0343;0.0000;-782.0500;0.0000;6.8165;0.0000;-782.0500;0.0000;6.8165;1.0000;0.0000;0.0000;0.0000;0.0000
1137;636.08;796.3000;54433.3500;59220.0000;58423.7000;108.9241;-0.0371;0.0000;-796.3000;0.0000;6.8165;0.0000;-796.3000;0.0000;6.8165;1.0000;0.0000;0.0000;0.0000;0.0000
1138;636.38;791.3500;54089.9500;58897.9500;58106.6000;109.0209;-0.0375;0.0000;-791.3500;0.0000;6.8165;0.0000;-791.3500;0.0000;6.8165;1.0000;0.0000;0.0000;0.0000;0.0000
1139;636.68;782.3500;53803.2500;58453.3500;57671.0000;108.7703;-0.0365;0.0000;-782.3500;0.0000;6.8165;0.0000;-782.3500;0.0000;6.8165;1.0000;0.0000;0.0000;0.0000;0.0000
1140;636.99;783.2500;53942.3500;58545.6500;57762.4000;108.6595;-0.0361;0.0000;-783.2500;0.0000;6.8165;0.0000;-783.2500;0.0000;6.8165;1.0000;0.0000;0.0000;0.0000;0.0000
1141;637.29;801.3500;54095.1000;58486.9500;57685.6000;108.2408;-0.0344;0.0000;-801.3500;0.0000;6.8165;0.0000;-801.3500;0.0000;6.8165;1.0000;0.0000;0.0000;0.0000;0.0000
1142;637.59;800.2000;54681.8500;58891.3500;58091.1500;107.8125;-0.0327;0.0000;-800.2000;0.0000;6.8165;0.0000;-800.2000;0.0000;6.8165;1.0000;0.0000;0.0000;0.0000;0.0000
1143;637.89;775.7500;54825.6500;58962.7000;58186.9500;107.6541;-0.0320;0.0000;-775.7500;0.0000;6.8165;0.0000;-775.7500;0.0000;6.8165;1.0000;0.0000;0.0000;0.0000;0.0000
1144;638.19;785.2000;54898.3000;59007.0000;58221.8000;107.5928;-0.0318;0.0000;-785.2000;0.0000;6.8165;0.0000;-785.2000;0.0000;6.8165;1.0000;0.0000;0.0000;0.0000;0.0000
1145;638.49;799.2500;54169.5000;58028.0000;57228.7500;107.2297;-0.0303;0.0000;-799.2500;0.0000;6.8165;0.0000;-799.2500;0.0000;6.8165;1.0000;0.0000;0.0000;0.0000;0.0000
1146;638.80;794.9000;54311.1500;57897.6500;57102.7500;106.7017;-0.0282;0.0000;-794.9000;0.0000;6.8165;0.0000;-794.9000;0.0000;6.8165;1.0000;0.0000;0.0000;0.0000;0.0000
1147;639.10;788.2500;54009.9000;58161.4500;57373.2000;107.8005;-0.0326;0.0000;-788.2500;0.0000;6.8165;0.0000;-788.2500;0.0000;6.8165;1.0000;0.0000;0.0000;0.0000;0.0000
1148;639.40;786.8500;53534.3000;58151.7000;57364.8500;108.7538;-0.0364;0.0000;-786.8500;0.0000;6.8165;0.0000;-786.8500;0.0000;6.8165;1.0000;0.0000;0.0000;0.0000;0.0000
1149;639.70;782.3500;53509.1500;58054.7500;57272.4000;108.6210;-0.0359;0.0000;-782.3500;0.0000;6.8165;0.0000;-782.3500;0.0000;6.8165;1.0000;0.0000;0.0000;0.0000;0.0000
1150;640.00;784.2500;54325.8000;58738.4000;57954.1500;108.2414;-0.0344;0.0000;-784.2500;0.0000;6.8165;0.0000;-784.2500;0.0000;6.8165;1.0000;0.0000;0.0000;0.0000;0.0000
1151;640.30;787.8000;54288.3500;59134.5000;58346.7000;109.0581;-0.0377;0.0000;-787.8000;0.0000;6.8165;0.0000;-787.8000;0.0000;6.8165;1.0000;0.0000;0.0000;0.0000;0.0000
1152;640.60;796.0000;53991.8500;58623.9000;57827.9000;108.7075;-0.0363;0.0000;-796.0000;0.0000;6.8165;0.0000;-796.0000;0.0000;6.8165;1.0000;0.0000;0.0000;0.0000;0.0000
1153;640.90;788.2500;54535.0000;58848.7500;58060.5000;108.0261;-0.0335;0.0000;-788.2500;0.0000;6.8165;0.0000;-788.2500;0.0000;6.8165;1.0000;0.0000;0.0000;0.0000;0.0000
1154;641.20;783.0500;53960.8000;58719.8000;57936.7500;108.9492;-0.0372;0.0000;-783.0500;0.0000;6.8165;0.0000;-783.0500;0.0000;6.8165;1.0000;0.0000;0.0000;0.0000;0.0000
1155;641.50;791.6500;53632.5500;58220.9000;57429.2500;108.6833;-0.0362;0.0000;-791.6500;0.0000;6.8165;0.0000;-791.6500;0.0000;6.8165;1.0000;0.0000;0.0000;0.0000;0.0000
1156;641.80;793.2000;53285.7500;57559.9500;56766.7500;108.1425;-0.0340;0.0000;-793.2000;0.0000;6.8165;0.0000;-793.2000;0.0000;6.8165;1.0000;0.0000;0.0000;0.0000;0.0000
1157;642.10;804.1000;53681.1500;58189.9500;57385.8500;108.5270;-0.0355;0.0000;-804.1000;0.0000;6.8165;0.0000;-804.1000;0.0000;6.8165;1.0000;0.0000;0.0000;0.0000;0.0000
1158;642.40;783.3500;53329.5500;58318.6000;57535.2500;109.4946;-0.0394;0.0000;-783.3500;0.0000;6.8165;0.0000;-783.3500;0.0000;6.8165;1.0000;0.0000;0.0000;0.0000;0.0000
1159;642.70;786.4500;53692.7000;58405.1500;57618.7000;108.9072;-0.0371;0.0000;-786.4500;0.0000;6.8165;0.0000;-786.4500;0.0000;6.8165;1.0000;0.0000;0.0000;0.0000;0.0000
1160;643.00;793.9500;53214.1500;57682.8000;56888.8500;108.5247;-0.0355;0.0000;-793.9500;0.0000;6.8165;0.0000;-793.9500;0.0000;6.8165;1.0000;0.0000;0.0000;0.0000;0.0000
1161;643.30;797.3500;52627.5000;57428.4500;56631.1000;109.2629;-0.0385;0.0000;-797.3500;0.0000;6.8165;0.0000;-797.3500;0.0000;6.8165;1.0000;0.0000;0.0000;0.0000;0.0000
1162;643.60;784.9000;53028.6000;57798.3000;57013.4000;109.1297;-0.0379;0.0000;-784.9000;0.0000;6.8165;0.0000;-784.9000;0.0000;6.8165;1.0000;0.0000;0.0000;0.0000;0.0000
1163;643.90;793.8000;53474.1500;57696.8000;56903.0000;108.0156;-0.0335;0.0000;-793.8000;0.0000;6.8165;0.0000;-793.8000;0.0000;6.8165;1.0000;0.0000;0.0000;0.0000;0.0000
1164;644.20;788.8000;53976.7500;58120.1000;57331.3000;107.7900;-0.0326;0.0000;-788.8000;0.0000;6.8165;0.0000;-788.8000;0.0000;6.8165;1.0000;0.0000;0.0000;0.0000;0.0000
1165;644.50;794.3000;53448.0500;57709.4000;56915.1000;108.0932;-0.0338;0.0000;-794.3000;0.0000;6.8165;0.0000;-794.3000;0.0000;6.8165;1.0000;0.0000;0.0000;0.0000;0.0000
1166;644.80;780.6500;52871.7500;57419.4000;56638.7500;108.7302;-0.0364;0.0000;-780.6500;0.0000;6.8165;0.0000;-780.6500;0.0000;6.8165;1.0000;0.0000;0.0000;0.0000;0.0000
1167;645.10;786.8500;52919.6000;57107.3000;56320.4500;108.0328;-0.0336;0.0000;-786.8500;0.0000;6.8165;0.0000;-786.8500;0.0000;6.8165;1.0000;0.0000;0.0000;0.0000;0.0000
1168;645.40;790.4500;52022.2500;56367.2000;55576.7500;108.4810;-0.0354;0.0000;-790.4500;0.0000;6.8165;0.0000;-790.4500;0.0000;6.8165;1.0000;0.0000;0.0000;0.0000;0.0000
1169;645.70;784.3500;52203.7500;56735.2500;55950.9000;108.8128;-0.0367;0.0000;-784.3500;0.0000;6.8165;0.0000;-784.3500;0.0000;6.8165;1.0000;0.0000;0.0000;0.0000;0.0000
1170;646.00;774.0000;52268.7500;56913.7500;56139.7500;109.0203;-0.0375;0.0000;-774.0000;0.0000;6.8165;0.0000;-774.0000;0.0000;6.8165;1.0000;0.0000;0.0000;0.0000;0.0000
1171;646.30;784.4000;52825.6000;57764.0000;56979.6000;109.4894;-0.0394;0.0000;-784.4000;0.0000;6.8165;0.0000;-784.4000;0.0000;6.8165;1.0000;0.0000;0.0000;0.0000;0.0000
1172;646.59;787.5500;53242.8500;58134.9000;57347.3500;109.3261;-0.0387;0.0000;-787.5500;0.0000;6.8165;0.0000;-787.5500;0.0000;6.8165;1.0000;0.0000;0.0000;0.0000;0.0000
1173;646.89;778.5000;53677.2500;58468.0500;57689.5500;109.0565;-0.0377;0.0000;-778.5000;0.0000;6.8165;0.0000;-778.5000;0.0000;6.8165;1.0000;0.0000;0.0000;0.0000;0.0000
1174;647.19;795.8000;53506.3000;58349.0500;57553.2500;109.1874;-0.0382;0.0000;-795.8000;0.0000;6.8165;0.0000;-795.8000;0.0000;6.8165;1.0000;0.0000;0.0000;0.0000;0.0000
1175;647.49;795.9000;53067.2000;57638.5000;56842.6000;108.7453;-0.0364;0.0000;-795.9000;0.0000;6.8165;0.0000;-795.9000;0.0000;6.8165;1.0000;0.0000;0.0000;0.0000;0.0000
1176;647.79;778.0000;53106.9000;57757.4000;56979.4000;108.8871;-0.0370;0.0000;-778.0000;0.0000;6.8165;0.0000;-778.0000;0.0000;6.8165;1.0000;0.0000;0.0000;0.0000;0.0000
1177;648.09;784.4500;52035.4000;56796.6000;56012.1500;109.2900;-0.0386;0.0000;-784.4500;0.0000;6.8165;0.0000;-784.4500;0.0000;6.8165;1.0000;0.0000;0.0000;0.0000;0.0000
1178;648.39;780.3500;52574.9000;57138.2500;56357.9000;108.8105;-0.0367;0.0000;-780.3500;0.0000;6.8165;0.0000;-780.3500;0.0000;6.8165;1.0000;0.0000;0.0000;0.0000;0.0000
1179;648.68;792.1500;53358.5500;57841.6000;57049.4500;108.5284;-0.0355;0.0000;-792.1500;0.0000;6.8165;0.0000;-792.1500;0.0000;6.8165;1.0000;0.0000;0.0000;0.0000;0.0000
1180;648.98;810.9500;53140.8000;57800.8500;56989.9000;108.9051;-0.0370;0.0000;-810.9500;0.0000;6.8165;0.0000;-810.9500;0.0000;6.8165;1.0000;0.0000;0.0000;0.0000;0.0000
1181;649.28;791.9000;53661.9000;58889.0500;58097.1500;109.8868;-0.0409;0.0000;-791.9000;0.0000;6.8165;0.0000;-791.9000;0.0000;6.8165;1.0000;0.0000;0.0000;0.0000;0.0000
1182;649.58;775.2000;53391.0500;58304.6500;57529.4500;109.3386;-0.0388;0.0000;-775.2000;0.0000;6.8165;0.0000;-775.2000;0.0000;6.8165;1.0000;0.0000;0.0000;0.0000;0.0000
1183;649.87;779.7000;52411.1000;57214.5500;56434.8500;109.3034;-0.0386;0.0000;-779.7000;0.0000;6.8165;0.0000;-779.7000;0.0000;6.8165;1.0000;0.0000;0.0000;0.0000;0.0000
1184;650.17;788.1000;52025.5000;56990.7000;56202.6000;109.6906;-0.0402;0.0000;-788.1000;0.0000;6.8165;0.0000;-788.1000;0.0000;6.8165;1.0000;0.0000;0.0000;0.0000;0.0000
1185;650.47;786.4500;52236.1000;57135.0000;56348.5500;109.5217;-0.0395;0.0000;-786.4500;0.0000;6.8165;0.0000;-786.4500;0.0000;6.8165;1.0000;0.0000;0.0000;0.0000;0.0000
1186;650.77;777.0500;52216.2500;57169.8500;56392.8000;109.6300;-0.0399;0.0000;-777.0500;0.0000;6.8165;0.0000;-777.0500;0.0000;6.8165;1.0000;0.0000;0.0000;0.0000;0.0000
1187;651.06;796.5000;52465.2500;57651.4000;56854.9000;110.0000;-0.0414;0.0000;-796.5000;0.0000;6.8165;0.0000;-796.5000;0.0000;6.8165;1.0000;0.0000;0.0000;0.0000;0.0000
1188;651.36;802.2000;52119.5500;57331.8500;56529.6500;110.0000;-0.0414;0.0000;-802.2000;0.0000;6.8165;0.0000;-802.2000;0.0000;6.8165;1.0000;0.0000;0.0000;0.0000;0.0000
1189;651.66;777.8000;52669.7000;57513.6500;56735.8500;109.3347;-0.0388;0.0000;-777.8000;0.0000;6.8165;0.0000;-777.8000;0.0000;6.8165;1.0000;0.0000;0.0000;0.0000;0.0000
1190;651.96;786.3000;52936.6500;57318.8500;56532.5500;108.4030;-0.0350;0.0000;-786.3000;0.0000;6.8165;0.0000;-786.3000;0.0000;6.8165;1.0000;0.0000;0.0000;0.0000;0.0000
1191;652.25;791.0000;52418.6500;56800.3500;56009.3500;108.4871;-0.0354;0.0000;-791.0000;0.0000;6.8165;0.0000;-791.0000;0.0000;6.8165;1.0000;0.0000;0.0000;0.0000;0.0000
1192;652.55;793.0000;51909.3500;56463.4500;55670.4500;108.9093;-0.0371;0.0000;-793.0000;0.0000;6.8165;0.0000;-793.0000;0.0000;6.8165;1.0000;0.0000;0.0000;0.0000;0.0000
1193;652.85;783.3500;51316.2000;56248.2500;55464.9000;109.7601;-0.0404;0.0000;-783.3500;0.0000;6.8165;0.0000;-783.3500;0.0000;6.8165;1.0000;0.0000;0.0000;0.0000;0.0000
1194;653.14;791.3500;50520.5500;55390.6000;54599.2500;109.7931;-0.0406;0.0000;-791.3500;0.0000;6.8165;0.0000;-791.3500;0.0000;6.8165;1.0000;0.0000;0.0000;0.0000;0.0000
1195;653.44;795.1000;50560.8500;55292.9000;54497.8000;109.5086;-0.0394;0.0000;-795.1000;0.0000;6.8165;0.0000;-795.1000;0.0000;6.8165;1.0000;0.0000;0.0000;0.0000;0.0000
1196;653.74;787.0500;50583.4000;55520.6000;54733.5500;109.9148;-0.0411;0.0000;-787.0500;0.0000;6.8165;0.0000;-787.0500;0.0000;6.8165;1.0000;0.0000;0.0000;0.0000;0.0000
1197;654.03;781.8500;51512.5000;56199.9500;55418.1000;109.2399;-0.0384;0.0000;-781.8500;0.0000;6.8165;0.0000;-781.8500;0.0000;6.8165;1.0000;0.0000;0.0000;0.0000;0.0000
1198;654.33;792.4500;51424.3000;55985.4000;55192.9500;109.0084;-0.0375;0.0000;-792.4500;0.0000;6.8165;0.0000;-792.4500;0.0000;6.8165;1.0000;0.0000;0.0000;0.0000;0.0000
1199;654.62;780.9000;50842.9500;55598.8500;54817.9500;109.5000;-0.0394;0.0000;-780.9000;0.0000;6.8165;0.0000;-780.9000;0.0000;6.8165;1.0000;0.0000;0.0000;0.0000;0.0000
1200;654.92;779.6500;50684.4000;55520.3500;54740.7000;109.6904;-0.0402;0.0000;-779.6500;0.0000;6.8165;0.0000;-779.6500;0.0000;6.8165;1.0000;0.0000;0.0000;0.0000;0.0000
1201;655.22;787.2000;49384.6500;54392.0000;53604.8000;110.0000;-0.0414;0.0000;-787.2000;0.0000;6.8165;0.0000;-787.2000;0.0000;6.8165;1.0000;0.0000;0.0000;0.0000;0.0000
1202;655.51;798.7000;49650.5000;54524.4000;53725.7000;109.9769;-0.0413;0.0000;-798.7000;0.0000;6.8165;0.0000;-798.7000;0.0000;6.8165;1.0000;0.0000;0.0000;0.0000;0.0000
1203;655.81;781.7500;49234.2000;54086.9500;53305.2000;110.0000;-0.0414;0.0000;-781.7500;0.0000;6.8165;0.0000;-781.7500;0.0000;6.8165;1.0000;0.0000;0.0000;0.0000;0.0000
1204;656.10;792.4000;49643.5000;54149.6500;53357.2500;109.2243;-0.0383;0.0000;-792.4000;0.0000;6.8165;0.0000;-792.4000;0.0000;6.8165;1.0000;0.0000;0.0000;0.0000;0.0000
1205;656.40;803.1500;49906.2500;54247.4000;53444.2500;108.8409;-0.0368;0.0000;-803.1500;0.0000;6.8165;0.0000;-803.1500;0.0000;6.8165;1.0000;0.0000;0.0000;0.0000;0.0000
1206;656.69;789.7000;50388.1500;55166.7000;54377.0000;109.6345;-0.0399;0.0000;-789.7000;0.0000;6.8165;0.0000;-789.7000;0.0000;6.8165;1.0000;0.0000;0.0000;0.0000;0.0000
1207;656.99;787.8500;50248.7500;55148.0500;54360.2000;109.9054;-0.0410;0.0000;-787.8500;0.0000;6.8165;0.0000;-787.8500;0.0000;6.8165;1.0000;0.0000;0.0000;0.0000;0.0000
1208;657.29;782.7500;50214.2500;54849.2500;54066.5000;109.3766;-0.0389;0.0000;-782.7500;0.0000;6.8165;0.0000;-782.7500;0.0000;6.8165;1.0000;0.0000;0.0000;0.0000;0.0000
1209;657.58;783.2500;49971.5500;54282.5500;53499.3000;108.7643;-0.0365;0.0000;-783.2500;0.0000;6.8165;0.0000;-783.2500;0.0000;6.8165;1.0000;0.0000;0.0000;0.0000;0.0000
1210;657.88;803.3500;50127.3000;54620.8500;53817.5000;109.1103;-0.0379;0.0000;-803.3500;0.0000;6.8165;0.0000;-803.3500;0.0000;6.8165;1.0000;0.0000;0.0000;0.0000;0.0000
1211;658.17;787.7000;49475.5000;54232.3000;53444.6000;109.7700;-0.0405;0.0000;-787.7000;0.0000;6.8165;0.0000;-787.7000;0.0000;6.8165;1.0000;0.0000;0.0000;0.0000;0.0000
1212;658.47;779.0000;49332.1500;54084.0000;53305.0000;109.7869;-0.0406;0.0000;-779.0000;0.0000;6.8165;0.0000;-779.0000;0.0000;6.8165;1.0000;0.0000;0.0000;0.0000;0.0000
1213;658.76;801.1000;49336.3500;53917.3000;53116.2000;109.4384;-0.0392;0.0000;-801.1000;0.0000;6.8165;0.0000;-801.1000;0.0000;6.8165;1.0000;0.0000;0.0000;0.0000;0.0000
1214;659.05;797.5000;49568.2500;53930.3000;53132.8000;108.9440;-0.0372;0.0000;-797.5000;0.0000;6.8165;0.0000;-797.5000;0.0000;6.8165;1.0000;0.0000;0.0000;0.0000;0.0000
1215;659.35;792.2500;49910.6500;54441.8000;53649.5500;109.2250;-0.0383;0.0000;-792.2500;0.0000;6.8165;0.0000;-792.2500;0.0000;6.8165;1.0000;0.0000;0.0000;0.0000;0.0000
1216;659.64;805.5000;49497.6000;54056.0500;53250.5500;109.3618;-0.0389;0.0000;-805.5000;0.0000;6.8165;0.0000;-805.5000;0.0000;6.8165;1.0000;0.0000;0.0000;0.0000;0.0000
1217;659.94;786.7500;49581.8000;54632.4000;53845.6500;110.0000;-0.0414;0.0000;-786.7500;0.0000;6.8165;0.0000;-786.7500;0.0000;6.8165;1.0000;0.0000;0.0000;0.0000;0.0000
1218;660.23;785.4000;49267.0000;54313.3000;53527.9000;110.0000;-0.0414;0.0000;-785.4000;0.0000;6.8165;0.0000;-785.4000;0.0000;6.8165;1.0000;0.0000;0.0000;0.0000;0.0000
1219;660.53;778.6500;48573.7000;53339.6000;52560.9500;109.9715;-0.0413;0.0000;-778.6500;0.0000;6.8165;0.0000;-778.6500;0.0000;6.8165;1.0000;0.0000;0.0000;0.0000;0.0000
1220;660.82;796.5000;48932.5500;53532.4500;52735.9500;109.5560;-0.0396;0.0000;-796.5000;0.0000;6.8165;0.0000;-796.5000;0.0000;6.8165;1.0000;0.0000;0.0000;0.0000;0.0000
1221;661.11;804.0000;49141.4000;53575.5500;52771.5500;109.1733;-0.0381;0.0000;-804.0000;0.0000;6.8165;0.0000;-804.0000;0.0000;6.8165;1.0000;0.0000;0.0000;0.0000;0.0000
1222;661.41;789.0500;49546.5500;54063.8000;53274.7500;109.2647;-0.0385;0.0000;-789.0500;0.0000;6.8165;0.0000;-789.0500;0.0000;6.8165;1.0000;0.0000;0.0000;0.0000;0.0000
1223;661.70;786.5500;49820.9500;54491.2500;53704.7000;109.5245;-0.0395;0.0000;-786.5500;0.0000;6.8165;0.0000;-786.5500;0.0000;6.8165;1.0000;0.0000;0.0000;0.0000;0.0000
1224;662.00;788.8000;49648.2000;54813.9000;54025.1000;110.0000;-0.0414;0.0000;-788.8000;0.0000;6.8165;0.0000;-788.8000;0.0000;6.8165;1.0000;0.0000;0.0000;0.0000;0.0000
1225;662.29;793.1500;49512.1000;54998.8500;54205.7000;110.0000;-0.0414;0.0000;-793.1500;0.0000;6.8165;0.0000;-793.1500;0.0000;6.8165;1.0000;0.0000;0.0000;0.0000;0.0000
1226;662.58;802.4000;49084.4000;54453.6500;53651.2500;110.0000;-0.0414;0.0000;-802.4000;0.0000;6.8165;0.0000;-802.4000;0.0000;6.8165;1.0000;0.0000;0.0000;0.0000;0.0000
1227;662.88;784.3500;48439.0000;53423.1500;52638.8000;110.0000;-0.0414;0.0000;-784.3500;0.0000;6.8165;0.0000;-784.3500;0.0000;6.8165;1.0000;0.0000;0.0000;0.0000;0.0000
1228;663.17;790.7500;48375.5000;53237.5000;52446.7500;110.0000;-0.0414;0.0000;-790.7500;0.0000;6.8165;0.0000;-790.7500;0.0000;6.8165;1.0000;0.0000;0.0000;0.0000;0.0000
1229;663.46;777.9000;48993.8000;53596.2000;52818.3000;109.5454;-0.0396;0.0000;-777.9000;0.0000;6.8165;0.0000;-777.9000;0.0000;6.8165;1.0000;0.0000;0.0000;0.0000;0.0000
1230;663.76;784.7500;48612.3000;52835.9500;52051.2000;108.8310;-0.0368;0.0000;-784.7500;0.0000;6.8165;0.0000;-784.7500;0.0000;6.8165;1.0000;0.0000;0.0000;0.0000;0.0000
1231;664.05;775.6500;48862.5500;53308.8500;52533.2000;109.2464;-0.0384;0.0000;-775.6500;0.0000;6.8165;0.0000;-775.6500;0.0000;6.8165;1.0000;0.0000;0.0000;0.0000;0.0000
1232;664.34;777.2500;48956.0000;53916.6500;53139.4000;110.0000;-0.0414;0.0000;-777.2500;0.0000;6.8165;0.0000;-777.2500;0.0000;6.8165;1.0000;0.0000;0.0000;0.0000;0.0000
1233;664.64;795.9000;49325.8500;54796.4500;54000.5500;110.0000;-0.0414;0.0000;-795.9000;0.0000;6.8165;0.0000;-795.9000;0.0000;6.8165;1.0000;0.0000;0.0000;0.0000;0.0000
1234;664.93;790.0000;49418.4500;54616.0000;53826.0000;110.0000;-0.0414;0.0000;-790.0000;0.0000;6.8165;0.0000;-790.0000;0.0000;6.8165;1.0000;0.0000;0.0000;0.0000;0.0000
1235;665.22;797.1000;48406.9500;53212.9500;52415.8500;110.0000;-0.0414;0.0000;-797.1000;0.0000;6.8165;0.0000;-797.1000;0.0000;6.8165;1.0000;0.0000;0.0000;0.0000;0.0000
1236;665.51;794.4000;48509.5500;52898.6000;52104.2000;109.1984;-0.0382;0.0000;-794.4000;0.0000;6.8165;0.0000;-794.4000;0.0000;6.8165;1.0000;0.0000;0.0000;0.0000;0.0000
1237;665.81;780.2000;48318.4000;52894.9000;52114.7000;109.6270;-0.0399;0.0000;-780.2000;0.0000;6.8165;0.0000;-780.2000;0.0000;6.8165;1.0000;0.0000;0.0000;0.0000;0.0000
1238;666.10;779.9500;48218.6000;52686.9500;51907.0000;109.4192;-0.0391;0.0000;-779.9500;0.0000;6.8165;0.0000;-779.9500;0.0000;6.8165;1.0000;0.0000;0.0000;0.0000;0.0000
1239;666.39;794.0500;48671.2500;53097.0000;52302.9500;109.2440;-0.0384;0.0000;-794.0500;0.0000;6.8165;0.0000;-794.0500;0.0000;6.8165;1.0000;0.0000;0.0000;0.0000;0.0000
1240;666.68;781.6000;49748.9000;54182.3500;53400.7500;109.0539;-0.0376;0.0000;-781.6000;0.0000;6.8165;0.0000;-781.6000;0.0000;6.8165;1.0000;0.0000;0.0000;0.0000;0.0000
1241;666.97;795.8000;49798.8000;54820.2500;54024.4500;110.0000;-0.0414;0.0000;-795.8000;0.0000;6.8165;0.0000;-795.8000;0.0000;6.8165;1.0000;0.0000;0.0000;0.0000;0.0000
1242;667.27;787.8000;48734.8500;54276.5500;53488.7500;110.0000;-0.0414;0.0000;-787.8000;0.0000;6.8165;0.0000;-787.8000;0.0000;6.8165;1.0000;0.0000;0.0000;0.0000;0.0000
1243;667.56;792.2500;48369.2500;53660.5500;52868.3000;110.0000;-0.0414;0.0000;-792.2500;0.0000;6.8165;0.0000;-792.2500;0.0000;6.8165;1.0000;0.0000;0.0000;0.0000;0.0000
1244;667.85;791.7500;48366.7500;53282.0000;52490.2500;110.0000;-0.0414;0.0000;-791.7500;0.0000;6.8165;0.0000;-791.7500;0.0000;6.8165;1.0000;0.0000;0.0000;0.0000;0.0000
1245;668.14;801.1500;48712.4500;53066.7000;52265.5500;109.0881;-0.0378;0.0000;-801.1500;0.0000;6.8165;0.0000;-801.1500;0.0000;6.8165;1.0000;0.0000;0.0000;0.0000;0.0000
1246;668.43;795.9500;48529.4500;52898.8000;52102.8500;109.1536;-0.0380;0.0000;-795.9500;0.0000;6.8165;0.0000;-795.9500;0.0000;6.8165;1.0000;0.0000;0.0000;0.0000;0.0000
1247;668.72;798.5000;48323.5500;53058.0500;52259.5500;109.9621;-0.0412;0.0000;-798.5000;0.0000;6.8165;0.0000;-798.5000;0.0000;6.8165;1.0000;0.0000;0.0000;0.0000;0.0000
1248;669.02;794.3500;48625.6500;53766.0000;52971.6500;110.0000;-0.0414;0.0000;-794.3500;0.0000;6.8165;0.0000;-794.3500;0.0000;6.8165;1.0000;0.0000;0.0000;0.0000;0.0000
1249;669.31;785.9000;49038.2500;54287.7000;53501.8000;110.0000;-0.0414;0.0000;-785.9000;0.0000;6.8165;0.0000;-785.9000;0.0000;6.8165;1.0000;0.0000;0.0000;0.0000;0.0000
1250;669.60;794.5000;48667.3500;53756.1500;52961.6500;110.0000;-0.0414;0.0000;-794.5000;0.0000;6.8165;0.0000;-794.5000;0.0000;6.8165;1.0000;0.0000;0.0000;0.0000;0.0000
1251;669.89;784.8000;48047.3000;53377.5000;52592.7000;110.0000;-0.0414;0.0000;-784.8000;0.0000;6.8165;0.0000;-784.8000;0.0000;6.8165;1.0000;0.0000;0.0000;0.0000;0.0000
1252;670.18;781.9000;48056.2000;53638.5000;52856.6000;110.0000;-0.0414;0.0000;-781.9000;0.0000;6.8165;0.0000;-781.9000;0.0000;6.8165;1.0000;0.0000;0.0000;0.0000;0.0000
1253;670.47;788.8500;47752.2500;53025.4000;52236.5500;110.0000;-0.0414;0.0000;-788.8500;0.0000;6.8165;0.0000;-788.8500;0.0000;6.8165;1.0000;0.0000;0.0000;0.0000;0.0000
1254;670.76;775.6000;47667.0000;52527.4500;51751.8500;110.0000;-0.0414;0.0000;-775.6000;0.0000;6.8165;0.0000;-775.6000;0.0000;6.8165;1.0000;0.0000;0.0000;0.0000;0.0000
1255;671.05;787.1000;47798.7500;52386.8000;51599.7000;109.7594;-0.0404;0.0000;-787.1000;0.0000;6.8165;0.0000;-787.1000;0.0000;6.8165;1.0000;0.0000;0.0000;0.0000;0.0000
1256;671.34;784.4000;48336.6500;52907.1500;52122.7500;109.6115;-0.0399;0.0000;-784.4000;0.0000;6.8165;0.0000;-784.4000;0.0000;6.8165;1.0000;0.0000;0.0000;0.0000;0.0000
1257;671.63;794.1500;48514.5500;53349.2500;52555.1000;110.0000;-0.0414;0.0000;-794.1500;0.0000;6.8165;0.0000;-794.1500;0.0000;6.8165;1.0000;0.0000;0.0000;0.0000;0.0000
1258;671.92;783.0500;48270.8000;53318.5000;52535.4500;110.0000;-0.0414;0.0000;-783.0500;0.0000;6.8165;0.0000;-783.0500;0.0000;6.8165;1.0000;0.0000;0.0000;0.0000;0.0000
1259;672.21;783.8500;48011.1000;53345.0500;52561.2000;110.0000;-0.0414;0.0000;-783.8500;0.0000;6.8165;0.0000;-783.8500;0.0000;6.8165;1.0000;0.0000;0.0000;0.0000;0.0000
1260;672.50;774.4000;48377.9000;53801.4000;53027.0000;110.0000;-0.0414;0.0000;-774.4000;0.0000;6.8165;0.0000;-774.4000;0.0000;6.8165;1.0000;0.0000;0.0000;0.0000;0.0000
1261;672.79;779.8000;47911.2000;53142.8500;52363.0500;110.0000;-0.0414;0.0000;-779.8000;0.0000;6.8165;0.0000;-779.8000;0.0000;6.8165;1.0000;0.0000;0.0000;0.0000;0.0000
1262;673.08;790.1500;48051.1500;52950.0000;52159.8500;110.0000;-0.0414;0.0000;-790.1500;0.0000;6.8165;0.0000;-790.1500;0.0000;6.8165;1.0000;0.0000;0.0000;0.0000;0.0000
1263;673.37;789.9000;48408.4000;53379.0500;52589.1500;110.0000;-0.0414;0.0000;-789.9000;0.0000;6.8165;0.0000;-789.9000;0.0000;6.8165;1.0000;0.0000;0.0000;0.0000;0.0000
1264;673.66;783.7000;49002.8500;54132.5000;53348.8000;110.0000;-0.0414;0.0000;-783.7000;0.0000;6.8165;0.0000;-783.7000;0.0000;6.8165;1.0000;0.0000;0.0000;0.0000;0.0000
1265;673.95;775.9000;48383.6000;53014.3500;52238.4500;109.7269;-0.0403;0.0000;-775.9000;0.0000;6.8165;0.0000;-775.9000;0.0000;6.8165;1.0000;0.0000;0.0000;0.0000;0.0000
1266;674.24;788.5500;47011.1000;51894.4500;51105.9000;110.0000;-0.0414;0.0000;-788.5500;0.0000;6.8165;0.0000;-788.5500;0.0000;6.8165;1.0000;0.0000;0.0000;0.0000;0.0000
1267;674.53;779.7500;47809.2500;52522.5000;51742.7500;110.0000;-0.0414;0.0000;-779.7500;0.0000;6.8165;0.0000;-779.7500;0.0000;6.8165;1.0000;0.0000;0.0000;0.0000;0.0000
1268;674.82;798.6500;48263.2500;52646.6500;51848.0000;109.2351;-0.0384;0.0000;-798.6500;0.0000;6.8165;0.0000;-798.6500;0.0000;6.8165;1.0000;0.0000;0.0000;0.0000;0.0000
1269;675.11;795.5500;47963.5000;52576.0000;51780.4500;109.7789;-0.0405;0.0000;-795.5500;0.0000;6.8165;0.0000;-795.5500;0.0000;6.8165;1.0000;0.0000;0.0000;0.0000;0.0000
1270;675.40;794.8000;47279.3500;52586.0000;51791.2000;110.0000;-0.0414;0.0000;-794.8000;0.0000;6.8165;0.0000;-794.8000;0.0000;6.8165;1.0000;0.0000;0.0000;0.0000;0.0000
1271;675.69;787.7000;47676.1000;52766.5500;51978.8500;110.0000;-0.0414;0.0000;-787.7000;0.0000;6.8165;0.0000;-787.7000;0.0000;6.8165;1.0000;0.0000;0.0000;0.0000;0.0000
1272;675.98;789.5500;48584.0500;53284.0500;52494.5000;109.8338;-0.0407;0.0000;-789.5500;0.0000;6.8165;0.0000;-789.5500;0.0000;6.8165;1.0000;0.0000;0.0000;0.0000;0.0000
1273;676.27;783.7000;48174.9000;52856.2000;52072.5000;109.8780;-0.0409;0.0000;-783.7000;0.0000;6.8165;0.0000;-783.7000;0.0000;6.8165;1.0000;0.0000;0.0000;0.0000;0.0000
1274;676.56;783.3000;46791.3000;51837.6500;51054.3500;110.0000;-0.0414;0.0000;-783.3000;0.0000;6.8165;0.0000;-783.3000;0.0000;6.8165;1.0000;0.0000;0.0000;0.0000;0.0000
1275;676.84;787.1500;46214.4500;51391.8000;50604.6500;110.0000;-0.0414;0.0000;-787.1500;0.0000;6.8165;0.0000;-787.1500;0.0000;6.8165;1.0000;0.0000;0.0000;0.0000;0.0000
1276;677.13;780.5500;47501.3000;52629.2000;51848.6500;110.0000;-0.0414;0.0000;-780.5500;0.0000;6.8165;0.0000;-780.5500;0.0000;6.8165;1.0000;0.0000;0.0000;0.0000;0.0000
1277;677.42;788.0000;47514.5500;52617.9000;51829.9000;110.0000;-0.0414;0.0000;-788.0000;0.0000;6.8165;0.0000;-788.0000;0.0000;6.8165;1.0000;0.0000;0.0000;0.0000;0.0000
1278;677.71;794.7500;46480.7500;51327.7000;50532.9500;110.0000;-0.0414;0.0000;-794.7500;0.0000;6.8165;0.0000;-794.7500;0.0000;6.8165;1.0000;0.0000;0.0000;0.0000;0.0000
1279;678.00;786.5000;46720.1500;51464.2500;50677.7500;110.0000;-0.0414;0.0000;-786.5000;0.0000;6.8165;0.0000;-786.5000;0.0000;6.8165;1.0000;0.0000;0.0000;0.0000;0.0000
1280;678.29;792.8000;47998.8000;53016.6500;52223.8500;110.0000;-0.0414;0.0000;-792.8000;0.0000;6.8165;0.0000;-792.8000;0.0000;6.8165;1.0000;0.0000;0.0000;0.0000;0.0000
1281;678.58;783.3500;47736.4000;53024.1500;52240.8000;110.0000;-0.0414;0.0000;-783.3500;0.0000;6.8165;0.0000;-783.3500;0.0000;6.8165;1.0000;0.0000;0.0000;0.0000;0.0000
1282;678.86;767.4500;46647.0500;51505.1000;50737.6500;110.0000;-0.0414;0.0000;-767.4500;0.0000;6.8165;0.0000;-767.4500;0.0000;6.8165;1.0000;0.0000;0.0000;0.0000;0.0000
1283;679.15;785.0500;45980.6500;51066.7000;50281.6500;110.0000;-0.0414;0.0000;-785.0500;0.0000;6.8165;0.0000;-785.0500;0.0000;6.8165;1.0000;0.0000;0.0000;0.0000;0.0000
1284;679.44;792.9000;46577.9000;51504.7000;50711.8000;110.0000;-0.0414;0.0000;-792.9000;0.0000;6.8165;0.0000;-792.9000;0.0000;6.8165;1.0000;0.0000;0.0000;0.0000;0.0000
1285;679.73;785.6000;46503.2000;51380.7000;50595.1000;110.0000;-0.0414;0.0000;-785.6000;0.0000;6.8165;0.0000;-785.6000;0.0000;6.8165;1.0000;0.0000;0.0000;0.0000;0.0000
1286;680.01;795.3000;46188.9000;51029.6000;50234.3000;110.0000;-0.0414;0.0000;-795.3000;0.0000;6.8165;0.0000;-795.3000;0.0000;6.8165;1.0000;0.0000;0.0000;0.0000;0.0000
1287;680.30;796.3000;45796.8000;50696.1000;49899.8000;110.0000;-0.0414;0.0000;-796.3000;0.0000;6.8165;0.0000;-796.3000;0.0000;6.8165;1.0000;0.0000;0.0000;0.0000;0.0000
1288;680.59;791.7500;47205.1500;52577.9500;51786.2000;110.0000;-0.0414;0.0000;-791.7500;0.0000;6.8165;0.0000;-791.7500;0.0000;6.8165;1.0000;0.0000;0.0000;0.0000;0.0000
1289;680.88;773.6500;47909.4000;53472.1000;52698.4500;110.0000;-0.0414;0.0000;-773.6500;0.0000;6.8165;0.0000;-773.6500;0.0000;6.8165;1.0000;0.0000;0.0000;0.0000;0.0000
1290;681.16;791.1500;47448.9000;52593.7500;51802.6000;110.0000;-0.0414;0.0000;-791.1500;0.0000;6.8165;0.0000;-791.1500;0.0000;6.8165;1.0000;0.0000;0.0000;0.0000;0.0000
1291;681.45;766.6000;47147.9500;52053.6000;51287.0000;110.0000;-0.0414;0.0000;-766.6000;0.0000;6.8165;0.0000;-766.6000;0.0000;6.8165;1.0000;0.0000;0.0000;0.0000;0.0000
1292;681.74;788.5500;47188.7000;52470.7500;51682.2000;110.0000;-0.0414;0.0000;-788.5500;0.0000;6.8165;0.0000;-788.5500;0.0000;6.8165;1.0000;0.0000;0.0000;0.0000;0.0000
1293;682.02;782.2000;47402.7000;52213.3500;51431.1500;110.0000;-0.0414;0.0000;-782.2000;0.0000;6.8165;0.0000;-782.2000;0.0000;6.8165;1.0000;0.0000;0.0000;0.0000;0.0000
1294;682.31;779.5500;47218.0500;51996.0000;51216.4500;110.0000;-0.0414;0.0000;-779.5500;0.0000;6.8165;0.0000;-779.5500;0.0000;6.8165;1.0000;0.0000;0.0000;0.0000;0.0000
1295;682.60;790.2500;47655.3500;52631.2500;51841.0000;110.0000;-0.0414;0.0000;-790.2500;0.0000;6.8165;0.0000;-790.2500;0.0000;6.8165;1.0000;0.0000;0.0000;0.0000;0.0000
1296;682.88;770.0000;48612.8000;53517.6500;52747.6500;110.0000;-0.0414;0.0000;-770.0000;0.0000;6.8165;0.0000;-770.0000;0.0000;6.8165;1.0000;0.0000;0.0000;0.0000;0.0000
1297;683.17;772.9000;50287.4000;55204.2500;54431.3500;109.9301;-0.0411;0.0000;-772.9000;0.0000;6.8165;0.0000;-772.9000;0.0000;6.8165;1.0000;0.0000;0.0000;0.0000;0.0000
1298;683.46;792.0000;50309.8500;55565.7000;54773.7000;110.0000;-0.0414;0.0000;-792.0000;0.0000;6.8165;0.0000;-792.0000;0.0000;6.8165;1.0000;0.0000;0.0000;0.0000;0.0000
1299;683.74;783.1500;49343.4500;54596.9000;53813.7500;110.0000;-0.0414;0.0000;-783.1500;0.0000;6.8165;0.0000;-783.1500;0.0000;6.8165;1.0000;0.0000;0.0000;0.0000;0.0000
1300;684.03;788.6500;49353.5500;54440.9500;53652.3000;110.0000;-0.0414;0.0000;-788.6500;0.0000;6.8165;0.0000;-788.6500;0.0000;6.8165;1.0000;0.0000;0.0000;0.0000;0.0000
1301;684.32;781.3500;48739.7500;54387.0000;53605.6500;110.0000;-0.0414;0.0000;-781.3500;0.0000;6.8165;0.0000;-781.3500;0.0000;6.8165;1.0000;0.0000;0.0000;0.0000;0.0000
1302;684.60;776.3000;48765.1500;53986.6000;53210.3000;110.0000;-0.0414;0.0000;-776.3000;0.0000;6.8165;0.0000;-776.3000;0.0000;6.8165;1.0000;0.0000;0.0000;0.0000;0.0000
1303;684.89;779.8500;48297.3500;53370.7000;52590.8500;110.0000;-0.0414;0.0000;-779.8500;0.0000;6.8165;0.0000;-779.8500;0.0000;6.8165;1.0000;0.0000;0.0000;0.0000;0.0000
1304;685.17;779.1000;48084.7500;52814.9000;52035.8000;109.9991;-0.0414;0.0000;-779.1000;0.0000;6.8165;0.0000;-779.1000;0.0000;6.8165;1.0000;0.0000;0.0000;0.0000;0.0000
1305;685.46;782.0000;48310.2500;53247.3500;52465.3500;110.0000;-0.0414;0.0000;-782.0000;0.0000;6.8165;0.0000;-782.0000;0.0000;6.8165;1.0000;0.0000;0.0000;0.0000;0.0000
1306;685.75;792.8000;48828.5500;53831.3000;53038.5000;110.0000;-0.0414;0.0000;-792.8000;0.0000;6.8165;0.0000;-792.8000;0.0000;6.8165;1.0000;0.0000;0.0000;0.0000;0.0000
1307;686.03;783.0000;48491.7000;53770.7000;52987.7000;110.0000;-0.0414;0.0000;-783.0000;0.0000;6.8165;0.0000;-783.0000;0.0000;6.8165;1.0000;0.0000;0.0000;0.0000;0.0000
1308;686.32;778.5500;47312.3000;52264.6000;51486.0500;110.0000;-0.0414;0.0000;-778.5500;0.0000;6.8165;0.0000;-778.5500;0.0000;6.8165;1.0000;0.0000;0.0000;0.0000;0.0000
1309;686.60;785.0500;47087.9000;52266.4500;51481.4000;110.0000;-0.0414;0.0000;-785.0500;0.0000;6.8165;0.0000;-785.0500;0.0000;6.8165;1.0000;0.0000;0.0000;0.0000;0.0000
1310;686.89;784.4000;46766.4500;51818.2500;51033.8500;110.0000;-0.0414;0.0000;-784.4000;0.0000;6.8165;0.0000;-784.4000;0.0000;6.8165;1.0000;0.0000;0.0000;0.0000;0.0000
1311;687.17;789.3000;45945.9500;50487.5500;49698.2500;110.0000;-0.0414;0.0000;-789.3000;0.0000;6.8165;0.0000;-789.3000;0.0000;6.8165;1.0000;0.0000;0.0000;0.0000;0.0000
1312;687.46;775.4000;46314.8500;51037.2000;50261.8000;110.0000;-0.0414;0.0000;-775.4000;0.0000;6.8165;0.0000;-775.4000;0.0000;6.8165;1.0000;0.0000;0.0000;0.0000;0.0000
1313;687.74;780.1500;46184.4000;51222.3000;50442.1500;110.0000;-0.0414;0.0000;-780.1500;0.0000;6.8165;0.0000;-780.1500;0.0000;6.8165;1.0000;0.0000;0.0000;0.0000;0.0000
1314;688.03;783.8500;46312.8500;51301.7000;50517.8500;110.0000;-0.0414;0.0000;-783.8500;0.0000;6.8165;0.0000;-783.8500;0.0000;6.8165;1.0000;0.0000;0.0000;0.0000;0.0000
1315;688.31;784.4500;47041.2000;51644.9500;50860.5000;109.9526;-0.0412;0.0000;-784.4500;0.0000;6.8165;0.0000;-784.4500;0.0000;6.8165;1.0000;0.0000;0.0000;0.0000;0.0000
1316;688.60;788.2500;47048.4500;51873.8000;51085.5500;110.0000;-0.0414;0.0000;-788.2500;0.0000;6.8165;0.0000;-788.2500;0.0000;6.8165;1.0000;0.0000;0.0000;0.0000;0.0000
1317;688.88;803.1000;46704.2500;51691.7000;50888.6000;110.0000;-0.0414;0.0000;-803.1000;0.0000;6.8165;0.0000;-803.1000;0.0000;6.8165;1.0000;0.0000;0.0000;0.0000;0.0000
1318;689.17;780.8000;46111.9000;51506.4000;50725.6000;110.0000;-0.0414;0.0000;-780.8000;0.0000;6.8165;0.0000;-780.8000;0.0000;6.8165;1.0000;0.0000;0.0000;0.0000;0.0000
1319;689.45;773.7500;46157.8000;51397.2000;50623.4500;110.0000;-0.0414;0.0000;-773.7500;0.0000;6.8165;0.0000;-773.7500;0.0000;6.8165;1.0000;0.0000;0.0000;0.0000;0.0000
1320;689.73;790.5000;45762.5500;50372.8500;49582.3500;110.0000;-0.0414;0.0000;-790.5000;0.0000;6.8165;0.0000;-790.5000;0.0000;6.8165;1.0000;0.0000;0.0000;0.0000;0.0000
1321;690.02;786.9000;45218.7500;49684.3000;48897.4000;110.0000;-0.0414;0.0000;-786.9000;0.0000;6.8165;0.0000;-786.9000;0.0000;6.8165;1.0000;0.0000;0.0000;0.0000;0.0000
1322;690.30;785.9500;44546.0000;49403.2500;48617.3000;110.0000;-0.0414;0.0000;-785.9500;0.0000;6.8165;0.0000;-785.9500;0.0000;6.8165;1.0000;0.0000;0.0000;0.0000;0.0000
1323;690.59;785.1000;44663.6000;49587.9000;48802.8000;110.0000;-0.0414;0.0000;-785.1000;0.0000;6.8165;0.0000;-785.1000;0.0000;6.8165;1.0000;0.0000;0.0000;0.0000;0.0000
1324;690.87;786.8000;44681.2500;49680.4500;48893.6500;110.0000;-0.0414;0.0000;-786.8000;0.0000;6.8165;0.0000;-786.8000;0.0000;6.8165;1.0000;0.0000;0.0000;0.0000;0.0000
1325;691.15;783.7000;44411.9000;49323.8000;48540.1000;110.0000;-0.0414;0.0000;-783.7000;0.0000;6.8165;0.0000;-783.7000;0.0000;6.8165;1.0000;0.0000;0.0000;0.0000;0.0000
1326;691.44;795.7500;44394.6000;49266.3500;48470.6000;110.0000;-0.0414;0.0000;-795.7500;0.0000;6.8165;0.0000;-795.7500;0.0000;6.8165;1.0000;0.0000;0.0000;0.0000;0.0000
1327;691.72;804.1000;43989.0000;49147.1500;48343.0500;110.0000;-0.0414;0.0000;-804.1000;0.0000;6.8165;0.0000;-804.1000;0.0000;6.8165;1.0000;0.0000;0.0000;0.0000;0.0000
1328;692.01;790.5500;43548.3000;48502.8500;47712.3000;110.0000;-0.0414;0.0000;-790.5500;0.0000;6.8165;0.0000;-790.5500;0.0000;6.8165;1.0000;0.0000;0.0000;0.0000;0.0000
1329;692.29;802.9500;43074.3000;47706.5500;46903.6000;110.0000;-0.0414;0.0000;-802.9500;0.0000;6.8165;0.0000;-802.9500;0.0000;6.8165;1.0000;0.0000;0.0000;0.0000;0.0000
1330;692.57;793.0500;43015.0000;47919.1500;47126.1000;110.0000;-0.0414;0.0000;-793.0500;0.0000;6.8165;0.0000;-793.0500;0.0000;6.8165;1.0000;0.0000;0.0000;0.0000;0.0000
1331;692.86;780.0500;42685.2000;47623.6000;46843.5500;110.0000;-0.0414;0.0000;-780.0500;0.0000;6.8165;0.0000;-780.0500;0.0000;6.8165;1.0000;0.0000;0.0000;0.0000;0.0000
1332;693.14;780.0000;41920.3500;46792.0500;46012.0500;110.0000;-0.0414;0.0000;-780.0000;0.0000;6.8165;0.0000;-780.0000;0.0000;6.8165;1.0000;0.0000;0.0000;0.0000;0.0000
1333;693.42;785.6500;41437.7500;46011.3500;45225.7000;110.0000;-0.0414;0.0000;-785.6500;0.0000;6.8165;0.0000;-785.6500;0.0000;6.8165;1.0000;0.0000;0.0000;0.0000;0.0000
1334;693.70;778.1000;40781.3500;45339.1000;44561.0000;110.0000;-0.0414;0.0000;-778.1000;0.0000;6.8165;0.0000;-778.1000;0.0000;6.8165;1.0000;0.0000;0.0000;0.0000;0.0000
1335;693.99;806.8500;41303.4500;45907.6500;45100.8000;110.0000;-0.0414;0.0000;-806.8500;0.0000;6.8165;0.0000;-806.8500;0.0000;6.8165;1.0000;0.0000;0.0000;0.0000;0.0000
1336;694.27;782.3500;41774.3500;46739.2000;45956.8500;110.0000;-0.0414;0.0000;-782.3500;0.0000;6.8165;0.0000;-782.3500;0.0000;6.8165;1.0000;0.0000;0.0000;0.0000;0.0000
1337;694.55;782.9000;41521.0000;46608.1500;45825.2500;110.0000;-0.0414;0.0000;-782.9000;0.0000;6.8165;0.0000;-782.9000;0.0000;6.8165;1.0000;0.0000;0.0000;0.0000;0.0000
1338;694.84;796.7000;40590.6500;45386.3000;44589.6000;110.0000;-0.0414;0.0000;-796.7000;0.0000;6.8165;0.0000;-796.7000;0.0000;6.8165;1.0000;0.0000;0.0000;0.0000;0.0000
1339;695.12;780.0500;40082.7500;44763.5000;43983.4500;110.0000;-0.0414;0.0000;-780.0500;0.0000;6.8165;0.0000;-780.0500;0.0000;6.8165;1.0000;0.0000;0.0000;0.0000;0.0000
1340;695.40;787.6000;39767.3000;44207.7000;43420.1000;110.0000;-0.0414;0.0000;-787.6000;0.0000;6.8165;0.0000;-787.6000;0.0000;6.8165;1.0000;0.0000;0.0000;0.0000;0.0000
1341;695.68;777.4000;39487.9500;43946.5000;43169.1000;110.0000;-0.0414;0.0000;-777.4000;0.0000;6.8165;0.0000;-777.4000;0.0000;6.8165;1.0000;0.0000;0.0000;0.0000;0.0000
1342;695.96;793.1000;39217.2000;43422.5000;42629.4000;110.0000;-0.0414;0.0000;-793.1000;0.0000;6.8165;0.0000;-793.1000;0.0000;6.8165;1.0000;0.0000;0.0000;0.0000;0.0000
1343;696.25;784.9500;38864.7000;43028.2500;42243.3000;110.0000;-0.0414;0.0000;-784.9500;0.0000;6.8165;0.0000;-784.9500;0.0000;6.8165;1.0000;0.0000;0.0000;0.0000;0.0000
1344;696.53;774.7000;38792.3000;43208.2000;42433.5000;110.0000;-0.0414;0.0000;-774.7000;0.0000;6.8165;0.0000;-774.7000;0.0000;6.8165;1.0000;0.0000;0.0000;0.0000;0.0000
1345;696.81;780.7500;38743.1000;43481.9500;42701.2000;110.0000;-0.0414;0.0000;-780.7500;0.0000;6.8165;0.0000;-780.7500;0.0000;6.8165;1.0000;0.0000;0.0000;0.0000;0.0000
1346;697.09;781.6000;38937.9500;43487.8500;42706.2500;110.0000;-0.0414;0.0000;-781.6000;0.0000;6.8165;0.0000;-781.6000;0.0000;6.8165;1.0000;0.0000;0.0000;0.0000;0.0000
1347;697.37;789.5500;38329.2000;42508.7500;41719.2000;110.0000;-0.0414;0.0000;-789.5500;0.0000;6.8165;0.0000;-789.5500;0.0000;6.8165;1.0000;0.0000;0.0000;0.0000;0.0000
1348;697.65;778.8000;38156.6000;42374.9000;41596.1000;110.0000;-0.0414;0.0000;-778.8000;0.0000;6.8165;0.0000;-778.8000;0.0000;6.8165;1.0000;0.0000;0.0000;0.0000;0.0000
1349;697.94;776.1500;37916.4500;42115.4500;41339.3000;110.0000;-0.0414;0.0000;-776.1500;0.0000;6.8165;0.0000;-776.1500;0.0000;6.8165;1.0000;0.0000;0.0000;0.0000;0.0000
1350;698.22;776.2500;37235.3000;41436.3500;40660.1000;110.0000;-0.0414;0.0000;-776.2500;0.0000;6.8165;0.0000;-776.2500;0.0000;6.8165;1.0000;0.0000;0.0000;0.0000;0.0000
1351;698.50;790.3000;37186.4000;41511.3500;40721.0500;110.0000;-0.0414;0.0000;-790.3000;0.0000;6.8165;0.0000;-790.3000;0.0000;6.8165;1.0000;0.0000;0.0000;0.0000;0.0000
1352;698.78;793.5500;36894.1500;41072.6000;40279.0500;110.0000;-0.0414;0.0000;-793.5500;0.0000;6.8165;0.0000;-793.5500;0.0000;6.8165;1.0000;0.0000;0.0000;0.0000;0.0000
1353;699.06;784.6000;36631.9000;40439.1000;39654.5000;110.0000;-0.0414;0.0000;-784.6000;0.0000;6.8165;0.0000;-784.6000;0.0000;6.8165;1.0000;0.0000;0.0000;0.0000;0.0000
1354;699.34;794.5000;36729.0500;40661.4000;39866.9000;110.0000;-0.0414;0.0000;-794.5000;0.0000;6.8165;0.0000;-794.5000;0.0000;6.8165;1.0000;0.0000;0.0000;0.0000;0.0000
1355;699.62;791.4500;36650.9000;40894.5000;40103.0500;110.0000;-0.0414;0.0000;-791.4500;0.0000;6.8165;0.0000;-791.4500;0.0000;6.8165;1.0000;0.0000;0.0000;0.0000;0.0000
1356;699.90;773.5000;36562.2000;40957.9500;40184.4500;110.0000;-0.0414;0.0000;-773.5000;0.0000;6.8165;0.0000;-773.5000;0.0000;6.8165;1.0000;0.0000;0.0000;0.0000;0.0000
1357;700.18;785.5000;36031.3500;40434.8500;39649.3500;110.0000;-0.0414;0.0000;-785.5000;0.0000;6.8165;0.0000;-785.5000;0.0000;6.8165;1.0000;0.0000;0.0000;0.0000;0.0000
1358;700.46;778.4000;36016.3000;40246.0000;39467.6000;110.0000;-0.0414;0.0000;-778.4000;0.0000;6.8165;0.0000;-778.4000;0.0000;6.8165;1.0000;0.0000;0.0000;0.0000;0.0000
1359;700.74;792.7000;35700.9000;40148.6500;39355.9500;110.0000;-0.0414;0.0000;-792.7000;0.0000;6.8165;0.0000;-792.7000;0.0000;6.8165;1.0000;0.0000;0.0000;0.0000;0.0000
1360;701.03;782.9000;35216.8000;39418.2500;38635.3500;110.0000;-0.0414;0.0000;-782.9000;0.0000;6.8165;0.0000;-782.9000;0.0000;6.8165;1.0000;0.0000;0.0000;0.0000;0.0000
1361;701.31;788.3500;34121.6500;38206.3000;37417.9500;110.0000;-0.0414;0.0000;-788.3500;0.0000;6.8165;0.0000;-788.3500;0.0000;6.8165;1.0000;0.0000;0.0000;0.0000;0.0000
1362;701.59;777.2500;33520.3000;38160.6000;37383.3500;110.0000;-0.0414;0.0000;-777.2500;0.0000;6.8165;0.0000;-777.2500;0.0000;6.8165;1.0000;0.0000;0.0000;0.0000;0.0000
1363;701.87;791.6500;33149.1000;37668.8500;36877.2000;110.0000;-0.0414;0.0000;-791.6500;0.0000;6.8165;0.0000;-791.6500;0.0000;6.8165;1.0000;0.0000;0.0000;0.0000;0.0000
1364;702.15;782.2000;33455.4500;37737.0500;36954.8500;110.0000;-0.0414;0.0000;-782.2000;0.0000;6.8165;0.0000;-782.2000;0.0000;6.8165;1.0000;0.0000;0.0000;0.0000;0.0000
1365;702.43;789.9500;33992.2500;37843.7500;37053.8000;110.0000;-0.0414;0.0000;-789.9500;0.0000;6.8165;0.0000;-789.9500;0.0000;6.8165;1.0000;0.0000;0.0000;0.0000;0.0000
1366;702.71;773.9500;33531.2000;37427.1500;36653.2000;110.0000;-0.0414;0.0000;-773.9500;0.0000;6.8165;0.0000;-773.9500;0.0000;6.8165;1.0000;0.0000;0.0000;0.0000;0.0000
1367;702.98;769.3000;33387.1500;37276.7500;36507.4500;110.0000;-0.0414;0.0000;-769.3000;0.0000;6.8165;0.0000;-769.3000;0.0000;6.8165;1.0000;0.0000;0.0000;0.0000;0.0000
1368;703.26;784.3000;33009.5000;36446.8500;35662.5500;110.0000;-0.0414;0.0000;-784.3000;0.0000;6.8165;0.0000;-784.3000;0.0000;6.8165;1.0000;0.0000;0.0000;0.0000;0.0000
1369;703.54;797.9500;32870.8000;36229.7000;35431.7500;110.0000;-0.0414;0.0000;-797.9500;0.0000;6.8165;0.0000;-797.9500;0.0000;6.8165;1.0000;0.0000;0.0000;0.0000;0.0000
1370;703.82;791.4500;32980.6000;36394.6500;35603.2000;110.0000;-0.0414;0.0000;-791.4500;0.0000;6.8165;0.0000;-791.4500;0.0000;6.8165;1.0000;0.0000;0.0000;0.0000;0.0000
1371;704.10;794.2500;32545.1500;36200.2500;35406.0000;110.0000;-0.0414;0.0000;-794.2500;0.0000;6.8165;0.0000;-794.2500;0.0000;6.8165;1.0000;0.0000;0.0000;0.0000;0.0000
1372;704.38;791.9000;31546.2000;35411.1500;34619.2500;110.0000;-0.0414;0.0000;-791.9000;0.0000;6.8165;0.0000;-791.9000;0.0000;6.8165;1.0000;0.0000;0.0000;0.0000;0.0000
1373;704.66;772.7500;31412.1500;35458.5500;34685.8000;110.0000;-0.0414;0.0000;-772.7500;0.0000;6.8165;0.0000;-772.7500;0.0000;6.8165;1.0000;0.0000;0.0000;0.0000;0.0000
1374;704.94;775.8000;30724.2000;34633.4500;33857.6500;110.0000;-0.0414;0.0000;-775.8000;0.0000;6.8165;0.0000;-775.8000;0.0000;6.8165;1.0000;0.0000;0.0000;0.0000;0.0000
1375;705.22;782.7000;31025.7500;34951.2000;34168.5000;110.0000;-0.0414;0.0000;-782.7000;0.0000;6.8165;0.0000;-782.7000;0.0000;6.8165;1.0000;0.0000;0.0000;0.0000;0.0000
1376;705.50;797.7000;30694.4500;34728.4000;33930.7000;110.0000;-0.0414;0.0000;-797.7000;0.0000;6.8165;0.0000;-797.7000;0.0000;6.8165;1.0000;0.0000;0.0000;0.0000;0.0000
1377;705.78;783.9500;30690.4500;34200.8000;33416.8500;110.0000;-0.0414;0.0000;-783.9500;0.0000;6.8165;0.0000;-783.9500;0.0000;6.8165;1.0000;0.0000;0.0000;0.0000;0.0000
1378;706.05;781.9000;30565.0000;33959.4500;33177.5500;110.0000;-0.0414;0.0000;-781.9000;0.0000;6.8165;0.0000;-781.9000;0.0000;6.8165;1.0000;0.0000;0.0000;0.0000;0.0000
1379;706.33;777.0500;30528.1500;33909.0000;33131.9500;110.0000;-0.0414;0.0000;-777.0500;0.0000;6.8165;0.0000;-777.0500;0.0000;6.8165;1.0000;0.0000;0.0000;0.0000;0.0000
1380;706.61;793.1000;30419.1500;33784.9500;32991.8500;110.0000;-0.0414;0.0000;-793.1000;0.0000;6.8165;0.0000;-793.1000;0.0000;6.8165;1.0000;0.0000;0.0000;0.0000;0.0000
1381;706.89;794.8500;30513.1500;34219.1500;33424.3000;110.0000;-0.0414;0.0000;-794.8500;0.0000;6.8165;0.0000;-794.8500;0.0000;6.8165;1.0000;0.0000;0.0000;0.0000;0.0000
1382;707.17;785.7500;30148.5000;33933.9500;33148.2000;110.0000;-0.0414;0.0000;-785.7500;0.0000;6.8165;0.0000;-785.7500;0.0000;6.8165;1.0000;0.0000;0.0000;0.0000;0.0000
1383;707.45;794.9500;29664.0000;33544.9000;32749.9500;110.0000;-0.0414;0.0000;-794.9500;0.0000;6.8165;0.0000;-794.9500;0.0000;6.8165;1.0000;0.0000;0.0000;0.0000;0.0000
1384;707.72;790.9500;29147.2000;32869.9500;32079.0000;110.0000;-0.0414;0.0000;-790.9500;0.0000;6.8165;0.0000;-790.9500;0.0000;6.8165;1.0000;0.0000;0.0000;0.0000;0.0000
1385;708.00;780.6000;28997.5500;32760.4000;31979.8000;110.0000;-0.0414;0.0000;-780.6000;0.0000;6.8165;0.0000;-780.6000;0.0000;6.8165;1.0000;0.0000;0.0000;0.0000;0.0000
1386;708.28;785.0000;29001.6000;32963.2000;32178.2000;110.0000;-0.0414;0.0000;-785.0000;0.0000;6.8165;0.0000;-785.0000;0.0000;6.8165;1.0000;0.0000;0.0000;0.0000;0.0000
1387;708.56;792.6000;28791.9500;32624.0000;31831.4000;110.0000;-0.0414;0.0000;-792.6000;0.0000;6.8165;0.0000;-792.6000;0.0000;6.8165;1.0000;0.0000;0.0000;0.0000;0.0000
1388;708.83;782.4000;28229.4000;31788.0500;31005.6500;110.0000;-0.0414;0.0000;-782.4000;0.0000;6.8165;0.0000;-782.4000;0.0000;6.8165;1.0000;0.0000;0.0000;0.0000;0.0000
1389;709.11;777.9500;27917.5000;31090.9000;30312.9500;110.0000;-0.0414;0.0000;-777.9500;0.0000;6.8165;0.0000;-777.9500;0.0000;6.8165;1.0000;0.0000;0.0000;0.0000;0.0000
1390;709.39;787.1500;27833.6000;31110.7500;30323.6000;110.0000;-0.0414;0.0000;-787.1500;0.0000;6.8165;0.0000;-787.1500;0.0000;6.8165;1.0000;0.0000;0.0000;0.0000;0.0000
1391;709.67;777.2500;27932.0500;31421.8000;30644.5500;110.0000;-0.0414;0.0000;-777.2500;0.0000;6.8165;0.0000;-777.2500;0.0000;6.8165;1.0000;0.0000;0.0000;0.0000;0.0000
1392;709.94;778.8000;27928.7500;31344.4000;30565.6000;110.0000;-0.0414;0.0000;-778.8000;0.0000;6.8165;0.0000;-778.8000;0.0000;6.8165;1.0000;0.0000;0.0000;0.0000;0.0000
1393;710.22;795.2500;28076.0000;31474.7000;30679.4500;110.0000;-0.0414;0.0000;-795.2500;0.0000;6.8165;0.0000;-795.2500;0.0000;6.8165;1.0000;0.0000;0.0000;0.0000;0.0000
1394;710.50;790.3500;27397.1000;31016.8500;30226.5000;110.0000;-0.0414;0.0000;-790.3500;0.0000;6.8165;0.0000;-790.3500;0.0000;6.8165;1.0000;0.0000;0.0000;0.0000;0.0000
1395;710.77;786.1500;27266.8500;30894.7000;30108.5500;110.0000;-0.0414;0.0000;-786.1500;0.0000;6.8165;0.0000;-786.1500;0.0000;6.8165;1.0000;0.0000;0.0000;0.0000;0.0000
1396;711.05;791.8000;27257.5000;30836.7000;30044.9000;110.0000;-0.0414;0.0000;-791.8000;0.0000;6.8165;0.0000;-791.8000;0.0000;6.8165;1.0000;0.0000;0.0000;0.0000;0.0000
1397;711.33;798.3000;27004.2000;30455.5500;29657.2500;110.0000;-0.0414;0.0000;-798.3000;0.0000;6.8165;0.0000;-798.3000;0.0000;6.8165;1.0000;0.0000;0.0000;0.0000;0.0000
1398;711.60;805.8500;27006.6500;30374.6500;29568.8000;110.0000;-0.0414;0.0000;-805.8500;0.0000;6.8165;0.0000;-805.8500;0.0000;6.8165;1.0000;0.0000;0.0000;0.0000;0.0000
1399;711.88;799.7500;26574.4500;29612.2500;28812.5000;110.0000;-0.0414;0.0000;-799.7500;0.0000;6.8165;0.0000;-799.7500;0.0000;6.8165;1.0000;0.0000;0.0000;0.0000;0.0000
1400;712.16;778.2500;26407.1500;29261.9500;28483.7000;110.0000;-0.0414;0.0000;-778.2500;0.0000;6.8165;0.0000;-778.2500;0.0000;6.8165;1.0000;0.0000;0.0000;0.0000;0.0000
1401;712.43;775.3500;26472.3500;29310.9500;28535.6000;110.0000;-0.0414;0.0000;-775.3500;0.0000;6.8165;0.0000;-775.3500;0.0000;6.8165;1.0000;0.0000;0.0000;0.0000;0.0000
1402;712.71;777.5500;26622.1500;29493.4500;28715.9000;110.0000;-0.0414;0.0000;-777.5500;0.0000;6.8165;0.0000;-777.5500;0.0000;6.8165;1.0000;0.0000;0.0000;0.0000;0.0000
1403;712.99;772.2000;26106.4000;28903.3500;28131.1500;110.0000;-0.0414;0.0000;-772.2000;0.0000;6.8165;0.0000;-772.2000;0.0000;6.8165;1.0000;0.0000;0.0000;0.0000;0.0000
1404;713.26;781.4000;25677.7000;28751.2500;27969.8500;110.0000;-0.0414;0.0000;-781.4000;0.0000;6.8165;0.0000;-781.4000;0.0000;6.8165;1.0000;0.0000;0.0000;0.0000;0.0000
1405;713.54;773.6500;25827.0500;29180.3000;28406.6500;110.0000;-0.0414;0.0000;-773.6500;0.0000;6.8165;0.0000;-773.6500;0.0000;6.8165;1.0000;0.0000;0.0000;0.0000;0.0000
1406;713.81;795.4000;25891.8500;29332.3500;28536.9500;110.0000;-0.0414;0.0000;-795.4000;0.0000;6.8165;0.0000;-795.4000;0.0000;6.8165;1.0000;0.0000;0.0000;0.0000;0.0000
1407;714.09;788.6500;25721.5500;28674.7500;27886.1000;110.0000;-0.0414;0.0000;-788.6500;0.0000;6.8165;0.0000;-788.6500;0.0000;6.8165;1.0000;0.0000;0.0000;0.0000;0.0000
1408;714.36;781.9000;25186.3000;28337.1000;27555.2000;110.0000;-0.0414;0.0000;-781.9000;0.0000;6.8165;0.0000;-781.9000;0.0000;6.8165;1.0000;0.0000;0.0000;0.0000;0.0000
1409;714.64;773.9500;24864.9000;28008.7500;27234.8000;110.0000;-0.0414;0.0000;-773.9500;0.0000;6.8165;0.0000;-773.9500;0.0000;6.8165;1.0000;0.0000;0.0000;0.0000;0.0000
1410;714.92;803.9000;24342.3500;27405.0000;26601.1000;110.0000;-0.0414;0.0000;-803.9000;0.0000;6.8165;0.0000;-803.9000;0.0000;6.8165;1.0000;0.0000;0.0000;0.0000;0.0000
1411;715.19;779.9500;24124.7500;27597.2500;26817.3000;110.0000;-0.0414;0.0000;-779.9500;0.0000;6.8165;0.0000;-779.9500;0.0000;6.8165;1.0000;0.0000;0.0000;0.0000;0.0000
1412;715.47;793.7500;23569.5500;26979.7000;26185.9500;110.0000;-0.0414;0.0000;-793.7500;0.0000;6.8165;0.0000;-793.7500;0.0000;6.8165;1.0000;0.0000;0.0000;0.0000;0.0000
1413;715.74;773.4000;22986.9500;26036.3000;25262.9000;110.0000;-0.0414;0.0000;-773.4000;0.0000;6.8165;0.0000;-773.4000;0.0000;6.8165;1.0000;0.0000;0.0000;0.0000;0.0000
1414;716.02;775.3500;22545.8500;25333.7000;24558.3500;110.0000;-0.0414;0.0000;-775.3500;0.0000;6.8165;0.0000;-775.3500;0.0000;6.8165;1.0000;0.0000;0.0000;0.0000;0.0000
1415;716.29;772.6000;22236.1000;24985.0000;24212.4000;110.0000;-0.0414;0.0000;-772.6000;0.0000;6.8165;0.0000;-772.6000;0.0000;6.8165;1.0000;0.0000;0.0000;0.0000;0.0000
1416;716.57;783.5000;22118.8500;24893.9500;24110.4500;110.0000;-0.0414;0.0000;-783.5000;0.0000;6.8165;0.0000;-783.5000;0.0000;6.8165;1.0000;0.0000;0.0000;0.0000;0.0000
1417;716.84;783.3500;22121.3000;24815.3000;24031.9500;110.0000;-0.0414;0.0000;-783.3500;0.0000;6.8165;0.0000;-783.3500;0.0000;6.8165;1.0000;0.0000;0.0000;0.0000;0.0000
1418;717.12;780.6500;21968.6000;24678.8000;23898.1500;110.0000;-0.0414;0.0000;-780.6500;0.0000;6.8165;0.0000;-780.6500;0.0000;6.8165;1.0000;0.0000;0.0000;0.0000;0.0000
1419;717.39;798.2500;21429.0500;23908.0000;23109.7500;110.0000;-0.0414;0.0000;-798.2500;0.0000;6.8165;0.0000;-798.2500;0.0000;6.8165;1.0000;0.0000;0.0000;0.0000;0.0000
1420;717.66;784.3500;21057.7000;23539.3500;22755.0000;110.0000;-0.0414;0.0000;-784.3500;0.0000;6.8165;0.0000;-784.3500;0.0000;6.8165;1.0000;0.0000;0.0000;0.0000;0.0000
1421;717.94;783.8000;20894.5500;23340.8500;22557.0500;110.0000;-0.0414;0.0000;-783.8000;0.0000;6.8165;0.0000;-783.8000;0.0000;6.8165;1.0000;0.0000;0.0000;0.0000;0.0000
1422;718.21;785.2000;20687.6000;23468.1000;22682.9000;110.0000;-0.0414;0.0000;-785.2000;0.0000;6.8165;0.0000;-785.2000;0.0000;6.8165;1.0000;0.0000;0.0000;0.0000;0.0000
1423;718.49;786.0500;20164.4500;22988.4500;22202.4000;110.0000;-0.0414;0.0000;-786.0500;0.0000;6.8165;0.0000;-786.0500;0.0000;6.8165;1.0000;0.0000;0.0000;0.0000;0.0000
1424;718.76;784.2000;19735.1500;22529.1000;21744.9000;110.0000;-0.0414;0.0000;-784.2000;0.0000;6.8165;0.0000;-784.2000;0.0000;6.8165;1.0000;0.0000;0.0000;0.0000;0.0000
1425;719.03;791.3500;19547.9000;22321.4000;21530.0500;110.0000;-0.0414;0.0000;-791.3500;0.0000;6.8165;0.0000;-791.3500;0.0000;6.8165;1.0000;0.0000;0.0000;0.0000;0.0000
1426;719.31;771.9000;19410.7000;22177.9000;21406.0000;110.0000;-0.0414;0.0000;-771.9000;0.0000;6.8165;0.0000;-771.9000;0.0000;6.8165;1.0000;0.0000;0.0000;0.0000;0.0000
1427;719.58;778.5500;18912.4000;21455.1000;20676.5500;110.0000;-0.0414;0.0000;-778.5500;0.0000;6.8165;0.0000;-778.5500;0.0000;6.8165;1.0000;0.0000;0.0000;0.0000;0.0000
1428;719.86;782.6500;18693.9000;20975.6000;20192.9500;110.0000;-0.0414;0.0000;-782.6500;0.0000;6.8165;0.0000;-782.6500;0.0000;6.8165;1.0000;0.0000;0.0000;0.0000;0.0000
1429;720.13;778.3000;18346.9500;20681.8500;19903.5500;110.0000;-0.0414;0.0000;-778.3000;0.0000;6.8165;0.0000;-778.3000;0.0000;6.8165;1.0000;0.0000;0.0000;0.0000;0.0000
1430;720.40;792.3500;17862.9000;20356.2500;19563.9000;110.0000;-0.0414;0.0000;-792.3500;0.0000;6.8165;0.0000;-792.3500;0.0000;6.8165;1.0000;0.0000;0.0000;0.0000;0.0000
1431;720.68;776.4000;17510.7000;19900.1000;19123.7000;110.0000;-0.0414;0.0000;-776.4000;0.0000;6.8165;0.0000;-776.4000;0.0000;6.8165;1.0000;0.0000;0.0000;0.0000;0.0000
1432;720.95;801.4000;17025.8500;19291.3500;18489.9500;110.0000;-0.0414;0.0000;-801.4000;0.0000;6.8165;0.0000;-801.4000;0.0000;6.8165;1.0000;0.0000;0.0000;0.0000;0.0000
1433;721.22;784.0500;16625.2500;18917.6500;18133.6000;110.0000;-0.0414;0.0000;-784.0500;0.0000;6.8165;0.0000;-784.0500;0.0000;6.8165;1.0000;0.0000;0.0000;0.0000;0.0000
1434;721.50;786.5500;16321.1500;18528.6000;17742.0500;110.0000;-0.0414;0.0000;-786.5500;0.0000;6.8165;0.0000;-786.5500;0.0000;6.8165;1.0000;0.0000;0.0000;0.0000;0.0000
1435;721.77;781.3500;16340.4000;18404.0500;17622.7000;110.0000;-0.0414;0.0000;-781.3500;0.0000;6.8165;0.0000;-781.3500;0.0000;6.8165;1.0000;0.0000;0.0000;0.0000;0.0000
1436;722.04;782.5500;16189.5500;18302.4500;17519.9000;110.0000;-0.0414;0.0000;-782.5500;0.0000;6.8165;0.0000;-782.5500;0.0000;6.8165;1.0000;0.0000;0.0000;0.0000;0.0000
1437;722.31;783.5000;15979.8500;17960.4000;17176.9000;110.0000;-0.0414;0.0000;-783.5000;0.0000;6.8165;0.0000;-783.5000;0.0000;6.8165;1.0000;0.0000;0.0000;0.0000;0.0000
1438;722.59;763.2500;15677.6500;17668.7500;16905.5000;110.0000;-0.0414;0.0000;-763.2500;0.0000;6.8165;0.0000;-763.2500;0.0000;6.8165;1.0000;0.0000;0.0000;0.0000;0.0000
1439;722.86;784.8500;15306.0000;17525.2000;16740.3500;110.0000;-0.0414;0.0000;-784.8500;0.0000;6.8165;0.0000;-784.8500;0.0000;6.8165;1.0000;0.0000;0.0000;0.0000;0.0000
1440;723.13;793.1500;15235.3500;17152.2500;16359.1000;110.0000;-0.0414;0.0000;-793.1500;0.0000;6.8165;0.0000;-793.1500;0.0000;6.8165;1.0000;0.0000;0.0000;0.0000;0.0000
1441;723.40;777.6500;14993.6500;16779.0500;16001.4000;110.0000;-0.0414;0.0000;-777.6500;0.0000;6.8165;0.0000;-777.6500;0.0000;6.8165;1.0000;0.0000;0.0000;0.0000;0.0000
1442;723.68;787.5500;14644.0000;16388.2000;15600.6500;110.0000;-0.0414;0.0000;-787.5500;0.0000;6.8165;0.0000;-787.5500;0.0000;6.8165;1.0000;0.0000;0.0000;0.0000;0.0000
1443;723.95;789.1500;14296.0500;16050.7000;15261.5500;110.0000;-0.0414;0.0000;-789.1500;0.0000;6.8165;0.0000;-789.1500;0.0000;6.8165;1.0000;0.0000;0.0000;0.0000;0.0000
1444;724.22;782.0000;14012.9500;15654.5500;14872.5500;110.0000;-0.0414;0.0000;-782.0000;0.0000;6.8165;0.0000;-782.0000;0.0000;6.8165;1.0000;0.0000;0.0000;0.0000;0.0000
1445;724.49;778.2000;13849.7500;15488.3000;14710.1000;110.0000;-0.0414;0.0000;-778.2000;0.0000;6.8165;0.0000;-778.2000;0.0000;6.8165;1.0000;0.0000;0.0000;0.0000;0.0000
1446;724.76;787.5500;13595.4000;15301.7000;14514.1500;110.0000;-0.0414;0.0000;-787.5500;0.0000;6.8165;0.0000;-787.5500;0.0000;6.8165;1.0000;0.0000;0.0000;0.0000;0.0000
1447;725.04;791.1000;13466.5000;15084.9500;14293.8500;110.0000;-0.0414;0.0000;-791.1000;0.0000;6.8165;0.0000;-791.1000;0.0000;6.8165;1.0000;0.0000;0.0000;0.0000;0.0000
1448;725.31;777.0500;13286.5500;14935.9500;14158.9000;110.0000;-0.0414;0.0000;-777.0500;0.0000;6.8165;0.0000;-777.0500;0.0000;6.8165;1.0000;0.0000;0.0000;0.0000;0.0000
1449;725.58;792.5000;13263.9500;14842.0500;14049.5500;110.0000;-0.0414;0.0000;-792.5000;0.0000;6.8165;0.0000;-792.5000;0.0000;6.8165;1.0000;0.0000;0.0000;0.0000;0.0000
1450;725.85;783.3000;13098.8000;14708.1000;13924.8000;110.0000;-0.0414;0.0000;-783.3000;0.0000;6.8165;0.0000;-783.3000;0.0000;6.8165;1.0000;0.0000;0.0000;0.0000;0.0000
1451;726.12;789.4000;13070.9500;14664.3500;13874.9500;110.0000;-0.0414;0.0000;-789.4000;0.0000;6.8165;0.0000;-789.4000;0.0000;6.8165;1.0000;0.0000;0.0000;0.0000;0.0000
1452;726.39;799.9000;13066.7500;14748.8000;13948.9000;110.0000;-0.0414;0.0000;-799.9000;0.0000;6.8165;0.0000;-799.9000;0.0000;6.8165;1.0000;0.0000;0.0000;0.0000;0.0000
1453;726.66;794.3500;12931.7500;14438.5000;13644.1500;110.0000;-0.0414;0.0000;-794.3500;0.0000;6.8165;0.0000;-794.3500;0.0000;6.8165;1.0000;0.0000;0.0000;0.0000;0.0000
1454;726.93;782.5500;12650.1500;14223.6000;13441.0500;110.0000;-0.0414;0.0000;-782.5500;0.0000;6.8165;0.0000;-782.5500;0.0000;6.8165;1.0000;0.0000;0.0000;0.0000;0.0000
1455;727.21;792.6500;12425.3000;14010.0000;13217.3500;110.0000;-0.0414;0.0000;-792.6500;0.0000;6.8165;0.0000;-792.6500;0.0000;6.8165;1.0000;0.0000;0.0000;0.0000;0.0000
1456;727.48;769.1500;12256.3000;13961.0500;13191.9000;110.0000;-0.0414;0.0000;-769.1500;0.0000;6.8165;0.0000;-769.1500;0.0000;6.8165;1.0000;0.0000;0.0000;0.0000;0.0000
1457;727.75;782.0500;12201.7500;13834.1000;13052.0500;110.0000;-0.0414;0.0000;-782.0500;0.0000;6.8165;0.0000;-782.0500;0.0000;6.8165;1.0000;0.0000;0.0000;0.0000;0.0000
1458;728.02;787.6500;12033.7000;13457.8500;12670.2000;110.0000;-0.0414;0.0000;-787.6500;0.0000;6.8165;0.0000;-787.6500;0.0000;6.8165;1.0000;0.0000;0.0000;0.0000;0.0000
1459;728.29;776.5000;11975.6000;13436.7500;12660.2500;110.0000;-0.0414;0.0000;-776.5000;0.0000;6.8165;0.0000;-776.5000;0.0000;6.8165;1.0000;0.0000;0.0000;0.0000;0.0000
1460;728.56;790.6000;11887.5500;13267.5000;12476.9000;110.0000;-0.0414;0.0000;-790.6000;0.0000;6.8165;0.0000;-790.6000;0.0000;6.8165;1.0000;0.0000;0.0000;0.0000;0.0000
1461;728.83;780.2500;11986.9500;13265.5000;12485.2500;110.0000;-0.0414;0.0000;-780.2500;0.0000;6.8165;0.0000;-780.2500;0.0000;6.8165;1.0000;0.0000;0.0000;0.0000;0.0000
1462;729.10;771.4500;12021.2500;13342.5000;12571.0500;110.0000;-0.0414;0.0000;-771.4500;0.0000;6.8165;0.0000;-771.4500;0.0000;6.8165;1.0000;0.0000;0.0000;0.0000;0.0000
1463;729.37;789.4000;11951.2500;13380.7500;12591.3500;110.0000;-0.0414;0.0000;-789.4000;0.0000;6.8165;0.0000;-789.4000;0.0000;6.8165;1.0000;0.0000;0.0000;0.0000;0.0000
1464;729.64;790.2500;11810.9000;13254.6000;12464.3500;110.0000;-0.0414;0.0000;-790.2500;0.0000;6.8165;0.0000;-790.2500;0.0000;6.8165;1.0000;0.0000;0.0000;0.0000;0.0000
1465;729.91;796.6500;11637.8500;13025.7500;12229.1000;110.0000;-0.0414;0.0000;-796.6500;0.0000;6.8165;0.0000;-796.6500;0.0000;6.8165;1.0000;0.0000;0.0000;0.0000;0.0000
1466;730.18;783.5500;11625.7500;13069.2000;12285.6500;110.0000;-0.0414;0.0000;-783.5500;0.0000;6.8165;0.0000;-783.5500;0.0000;6.8165;1.0000;0.0000;0.0000;0.0000;0.0000
1467;730.45;786.2500;11414.3500;12818.8500;12032.6000;110.0000;-0.0414;0.0000;-786.2500;0.0000;6.8165;0.0000;-786.2500;0.0000;6.8165;1.0000;0.0000;0.0000;0.0000;0.0000
1468;730.72;777.8000;11340.7500;12724.2000;11946.4000;110.0000;-0.0414;0.0000;-777.8000;0.0000;6.8165;0.0000;-777.8000;0.0000;6.8165;1.0000;0.0000;0.0000;0.0000;0.0000
1469;730.99;786.8500;11286.9500;12599.8000;11812.9500;110.0000;-0.0414;0.0000;-786.8500;0.0000;6.8165;0.0000;-786.8500;0.0000;6.8165;1.0000;0.0000;0.0000;0.0000;0.0000
1470;731.26;779.7500;11249.4500;12602.8500;11823.1000;110.0000;-0.0414;0.0000;-779.7500;0.0000;6.8165;0.0000;-779.7500;0.0000;6.8165;1.0000;0.0000;0.0000;0.0000;0.0000
1471;731.53;797.0500;11300.0500;12629.4500;11832.4000;110.0000;-0.0414;0.0000;-797.0500;0.0000;6.8165;0.0000;-797.0500;0.0000;6.8165;1.0000;0.0000;0.0000;0.0000;0.0000
1472;731.80;786.2000;11281.9500;12671.3000;11885.1000;110.0000;-0.0414;0.0000;-786.2000;0.0000;6.8165;0.0000;-786.2000;0.0000;6.8165;1.0000;0.0000;0.0000;0.0000;0.0000
1473;732.06;777.6500;11161.1500;12498.3500;11720.7000;110.0000;-0.0414;0.0000;-777.6500;0.0000;6.8165;0.0000;-777.6500;0.0000;6.8165;1.0000;0.0000;0.0000;0.0000;0.0000
1474;732.33;787.1500;11370.4000;12532.3000;11745.1500;110.0000;-0.0414;0.0000;-787.1500;0.0000;6.8165;0.0000;-787.1500;0.0000;6.8165;1.0000;0.0000;0.0000;0.0000;0.0000
1475;732.60;783.8500;11282.7500;12336.6500;11552.8000;110.0000;-0.0414;0.0000;-783.8500;0.0000;6.8165;0.0000;-783.8500;0.0000;6.8165;1.0000;0.0000;0.0000;0.0000;0.0000
1476;732.87;785.1000;11394.9000;12609.6000;11824.5000;110.0000;-0.0414;0.0000;-785.1000;0.0000;6.8165;0.0000;-785.1000;0.0000;6.8165;1.0000;0.0000;0.0000;0.0000;0.0000
1477;733.14;774.9500;11530.4000;12842.2500;12067.3000;110.0000;-0.0414;0.0000;-774.9500;0.0000;6.8165;0.0000;-774.9500;0.0000;6.8165;1.0000;0.0000;0.0000;0.0000;0.0000
1478;733.41;787.3000;11435.5500;12671.8500;11884.5500;110.0000;-0.0414;0.0000;-787.3000;0.0000;6.8165;0.0000;-787.3000;0.0000;6.8165;1.0000;0.0000;0.0000;0.0000;0.0000
1479;733.68;784.0500;11331.1000;12679.3000;11895.2500;110.0000;-0.0414;0.0000;-784.0500;0.0000;6.8165;0.0000;-784.0500;0.0000;6.8165;1.0000;0.0000;0.0000;0.0000;0.0000
1480;733.95;777.3500;11197.3000;12661.6000;11884.2500;110.0000;-0.0414;0.0000;-777.3500;0.0000;6.8165;0.0000;-777.3500;0.0000;6.8165;1.0000;0.0000;0.0000;0.0000;0.0000
1481;734.21;779.8500;11026.6500;12490.4500;11710.6000;110.0000;-0.0414;0.0000;-779.8500;0.0000;6.8165;0.0000;-779.8500;0.0000;6.8165;1.0000;0.0000;0.0000;0.0000;0.0000
1482;734.48;790.8000;10856.4500;12201.6000;11410.8000;110.0000;-0.0414;0.0000;-790.8000;0.0000;6.8165;0.0000;-790.8000;0.0000;6.8165;1.0000;0.0000;0.0000;0.0000;0.0000
1483;734.75;792.6000;10782.1000;12116.8500;11324.2500;110.0000;-0.0414;0.0000;-792.6000;0.0000;6.8165;0.0000;-792.6000;0.0000;6.8165;1.0000;0.0000;0.0000;0.0000;0.0000
1484;735.02;777.5500;10617.1500;11947.7000;11170.1500;110.0000;-0.0414;0.0000;-777.5500;0.0000;6.8165;0.0000;-777.5500;0.0000;6.8165;1.0000;0.0000;0.0000;0.0000;0.0000
1485;735.29;778.3000;10410.0500;11623.6000;10845.3000;110.0000;-0.0414;0.0000;-778.3000;0.0000;6.8165;0.0000;-778.3000;0.0000;6.8165;1.0000;0.0000;0.0000;0.0000;0.0000
1486;735.55;792.6000;10199.0500;11327.1500;10534.5500;110.0000;-0.0414;0.0000;-792.6000;0.0000;6.8165;0.0000;-792.6000;0.0000;6.8165;1.0000;0.0000;0.0000;0.0000;0.0000
1487;735.82;794.0500;10012.6500;11214.0500;10420.0000;110.0000;-0.0414;0.0000;-794.0500;0.0000;6.8165;0.0000;-794.0500;0.0000;6.8165;1.0000;0.0000;0.0000;0.0000;0.0000
1488;736.09;778.4500;9677.7500;10807.9500;10029.5000;110.0000;-0.0414;0.0000;-778.4500;0.0000;6.8165;0.0000;-778.4500;0.0000;6.8165;1.0000;0.0000;0.0000;0.0000;0.0000
1489;736.36;784.1000;9532.3000;10705.8000;9921.7000;110.0000;-0.0414;0.0000;-784.1000;0.0000;6.8165;0.0000;-784.1000;0.0000;6.8165;1.0000;0.0000;0.0000;0.0000;0.0000
1490;736.62;783.1000;9451.0500;10610.4000;9827.3000;110.0000;-0.0414;0.0000;-783.1000;0.0000;6.8165;0.0000;-783.1000;0.0000;6.8165;1.0000;0.0000;0.0000;0.0000;0.0000
1491;736.89;787.5500;9367.4000;10488.8000;9701.2500;110.0000;-0.0414;0.0000;-787.5500;0.0000;6.8165;0.0000;-787.5500;0.0000;6.8165;1.0000;0.0000;0.0000;0.0000;0.0000
1492;737.16;778.9500;9219.3500;10295.4500;9516.5000;110.0000;-0.0414;0.0000;-778.9500;0.0000;6.8165;0.0000;-778.9500;0.0000;6.8165;1.0000;0.0000;0.0000;0.0000;0.0000
1493;737.43;791.9000;9037.3500;10158.4500;9366.5500;110.0000;-0.0414;0.0000;-791.9000;0.0000;6.8165;0.0000;-791.9000;0.0000;6.8165;1.0000;0.0000;0.0000;0.0000;0.0000
1494;737.69;782.5000;8880.9000;9905.6000;9123.1000;110.0000;-0.0414;0.0000;-782.5000;0.0000;6.8165;0.0000;-782.5000;0.0000;6.8165;1.0000;0.0000;0.0000;0.0000;0.0000
1495;737.96;796.0000;8724.8500;9714.9000;8918.9000;110.0000;-0.0414;0.0000;-796.0000;0.0000;6.8165;0.0000;-796.0000;0.0000;6.8165;1.0000;0.0000;0.0000;0.0000;0.0000
1496;738.23;784.0000;8618.3000;9699.7000;8915.7000;110.0000;-0.0414;0.0000;-784.0000;0.0000;6.8165;0.0000;-784.0000;0.0000;6.8165;1.0000;0.0000;0.0000;0.0000;0.0000
1497;738.49;795.4500;8531.7000;9587.4500;8792.0000;110.0000;-0.0414;0.0000;-795.4500;0.0000;6.8165;0.0000;-795.4500;0.0000;6.8165;1.0000;0.0000;0.0000;0.0000;0.0000
1498;738.76;790.7500;8339.1500;9337.0500;8546.3000;110.0000;-0.0414;0.0000;-790.7500;0.0000;6.8165;0.0000;-790.7500;0.0000;6.8165;1.0000;0.0000;0.0000;0.0000;0.0000
1499;739.03;789.6000;8278.9000;9279.1000;8489.5000;110.0000;-0.0414;0.0000;-789.6000;0.0000;6.8165;0.0000;-789.6000;0.0000;6.8165;1.0000;0.0000;0.0000;0.0000;0.0000
1500;739.29;784.0500;8199.9500;9052.8000;8268.7500;110.0000;-0.0414;0.0000;-784.0500;0.0000;6.8165;0.0000;-784.0500;0.0000;6.8165;1.0000;0.0000;0.0000;0.0000;0.0000
1501;739.56;793.2500;8141.9000;8974.7000;8181.4500;110.0000;-0.0414;0.0000;-793.2500;0.0000;6.8165;0.0000;-793.2500;0.0000;6.8165;1.0000;0.0000;0.0000;0.0000;0.0000
1502;739.83;776.1500;7994.4000;8849.1000;8072.9500;110.0000;-0.0414;0.0000;-776.1500;0.0000;6.8165;0.0000;-776.1500;0.0000;6.8165;1.0000;0.0000;0.0000;0.0000;0.0000
1503;740.09;776.0500;7791.1000;8727.9500;7951.9000;110.0000;-0.0414;0.0000;-776.0500;0.0000;6.8165;0.0000;-776.0500;0.0000;6.8165;1.0000;0.0000;0.0000;0.0000;0.0000
1504;740.36;787.3500;7743.9000;8591.8000;7804.4500;110.0000;-0.0414;0.0000;-787.3500;0.0000;6.8165;0.0000;-787.3500;0.0000;6.8165;1.0000;0.0000;0.0000;0.0000;0.0000
1505;740.62;788.1000;7555.4500;8433.8000;7645.7000;110.0000;-0.0414;0.0000;-788.1000;0.0000;6.8165;0.0000;-788.1000;0.0000;6.8165;1.0000;0.0000;0.0000;0.0000;0.0000
1506;740.89;795.5000;7412.5000;8326.7000;7531.2000;110.0000;-0.0414;0.0000;-795.5000;0.0000;6.8165;0.0000;-795.5000;0.0000;6.8165;1.0000;0.0000;0.0000;0.0000;0.0000
1507;741.16;793.1500;7361.1000;8324.8500;7531.7000;110.0000;-0.0414;0.0000;-793.1500;0.0000;6.8165;0.0000;-793.1500;0.0000;6.8165;1.0000;0.0000;0.0000;0.0000;0.0000
1508;741.42;782.0000;7285.4000;8167.4500;7385.4500;110.0000;-0.0414;0.0000;-782.0000;0.0000;6.8165;0.0000;-782.0000;0.0000;6.8165;1.0000;0.0000;0.0000;0.0000;0.0000
1509;741.69;782.4000;7117.3500;7906.0500;7123.6500;110.0000;-0.0414;0.0000;-782.4000;0.0000;6.8165;0.0000;-782.4000;0.0000;6.8165;1.0000;0.0000;0.0000;0.0000;0.0000
1510;741.95;783.8500;6954.5000;7792.6500;7008.8000;110.0000;-0.0414;0.0000;-783.8500;0.0000;6.8165;0.0000;-783.8500;0.0000;6.8165;1.0000;0.0000;0.0000;0.0000;0.0000
1511;742.22;797.7500;6900.4500;7683.6000;6885.8500;110.0000;-0.0414;0.0000;-797.7500;0.0000;6.8165;0.0000;-797.7500;0.0000;6.8165;1.0000;0.0000;0.0000;0.0000;0.0000
1512;742.48;803.2500;6677.9000;7357.2000;6553.9500;110.0000;-0.0414;0.0000;-803.2500;0.0000;6.8165;0.0000;-803.2500;0.0000;6.8165;1.0000;0.0000;0.0000;0.0000;0.0000
1513;742.75;794.2000;6517.8000;7237.8000;6443.6000;110.0000;-0.0414;0.0000;-794.2000;0.0000;6.8165;0.0000;-794.2000;0.0000;6.8165;1.0000;0.0000;0.0000;0.0000;0.0000
1514;743.01;781.0500;6376.5000;7093.8000;6312.7500;110.0000;-0.0414;0.0000;-781.0500;0.0000;6.8165;0.0000;-781.0500;0.0000;6.8165;1.0000;0.0000;0.0000;0.0000;0.0000
1515;743.28;772.8500;6240.7000;6913.6500;6140.8000;110.0000;-0.0414;0.0000;-772.8500;0.0000;6.8165;0.0000;-772.8500;0.0000;6.8165;1.0000;0.0000;0.0000;0.0000;0.0000
1516;743.54;773.1500;6043.0500;6702.3500;5929.2000;110.0000;-0.0414;0.0000;-773.1500;0.0000;6.8165;0.0000;-773.1500;0.0000;6.8165;1.0000;0.0000;0.0000;0.0000;0.0000
1517;743.81;788.1500;5872.2000;6510.3500;5722.2000;110.0000;-0.0414;0.0000;-788.1500;0.0000;6.8165;0.0000;-788.1500;0.0000;6.8165;1.0000;0.0000;0.0000;0.0000;0.0000
1518;744.07;769.7500;5724.1500;6386.5000;5616.7500;110.0000;-0.0414;0.0000;-769.7500;0.0000;6.8165;0.0000;-769.7500;0.0000;6.8165;1.0000;0.0000;0.0000;0.0000;0.0000
1519;744.34;778.8000;5612.8500;6293.2500;5514.4500;110.0000;-0.0414;0.0000;-778.8000;0.0000;6.8165;0.0000;-778.8000;0.0000;6.8165;1.0000;0.0000;0.0000;0.0000;0.0000
1520;744.60;778.4000;5422.6500;6105.6000;5327.2000;110.0000;-0.0414;0.0000;-778.4000;0.0000;6.8165;0.0000;-778.4000;0.0000;6.8165;1.0000;0.0000;0.0000;0.0000;0.0000
1521;744.87;784.4000;5374.7000;5941.5000;5157.1000;110.0000;-0.0414;0.0000;-784.4000;0.0000;6.8165;0.0000;-784.4000;0.0000;6.8165;1.0000;0.0000;0.0000;0.0000;0.0000
1522;745.13;784.1500;5274.2000;5865.5000;5081.3500;110.0000;-0.0414;0.0000;-784.1500;0.0000;6.8165;0.0000;-784.1500;0.0000;6.8165;1.0000;0.0000;0.0000;0.0000;0.0000
1523;745.39;780.6000;5142.0500;5633.1000;4852.5000;110.0000;-0.0414;0.0000;-780.6000;0.0000;6.8165;0.0000;-780.6000;0.0000;6.8165;1.0000;0.0000;0.0000;0.0000;0.0000
1524;745.66;799.2500;4963.7000;5483.1000;4683.8500;110.0000;-0.0414;0.0000;-799.2500;0.0000;6.8165;0.0000;-799.2500;0.0000;6.8165;1.0000;0.0000;0.0000;0.0000;0.0000
1525;745.92;783.0000;4795.7500;5298.4000;4515.4000;110.0000;-0.0414;0.0000;-783.0000;0.0000;6.8165;0.0000;-783.0000;0.0000;6.8165;1.0000;0.0000;0.0000;0.0000;0.0000
1526;746.19;776.8000;4708.9000;5214.5500;4437.7500;110.0000;-0.0414;0.0000;-776.8000;0.0000;6.8165;0.0000;-776.8000;0.0000;6.8165;1.0000;0.0000;0.0000;0.0000;0.0000
1527;746.45;773.4500;4578.4500;5047.9500;4274.5000;110.0000;-0.0414;0.0000;-773.4500;0.0000;6.8165;0.0000;-773.4500;0.0000;6.8165;1.0000;0.0000;0.0000;0.0000;0.0000
1528;746.71;766.7000;4485.5000;4891.5000;4124.8000;110.0000;-0.0414;0.0000;-766.7000;0.0000;6.8165;0.0000;-766.7000;0.0000;6.8165;1.0000;0.0000;0.0000;0.0000;0.0000
1529;746.98;777.3500;4390.4000;4786.1500;4008.8000;110.0000;-0.0414;0.0000;-777.3500;0.0000;6.8165;0.0000;-777.3500;0.0000;6.8165;1.0000;0.0000;0.0000;0.0000;0.0000
1530;747.24;788.2000;4294.5500;4697.5000;3909.3000;110.0000;-0.0414;0.0000;-788.2000;0.0000;6.8165;0.0000;-788.2000;0.0000;6.8165;1.0000;0.0000;0.0000;0.0000;0.0000
1531;747.50;780.3500;4218.0000;4629.2500;3848.9000;110.0000;-0.0414;0.0000;-780.3500;0.0000;6.8165;0.0000;-780.3500;0.0000;6.8165;1.0000;0.0000;0.0000;0.0000;0.0000
1532;747.77;786.2000;4104.0500;4482.5000;3696.3000;110.0000;-0.0414;0.0000;-786.2000;0.0000;6.8165;0.0000;-786.2000;0.0000;6.8165;1.0000;0.0000;0.0000;0.0000;0.0000
1533;748.03;784.3500;3997.6500;4371.0000;3586.6500;110.0000;-0.0414;0.0000;-784.3500;0.0000;6.8165;0.0000;-784.3500;0.0000;6.8165;1.0000;0.0000;0.0000;0.0000;0.0000
1534;748.29;798.4000;3961.2500;4326.0000;3527.6000;110.0000;-0.0414;0.0000;-798.4000;0.0000;6.8165;0.0000;-798.4000;0.0000;6.8165;1.0000;0.0000;0.0000;0.0000;0.0000
1535;748.56;793.4000;3817.2000;4211.1000;3417.7000;110.0000;-0.0414;0.0000;-793.4000;0.0000;6.8165;0.0000;-793.4000;0.0000;6.8165;1.0000;0.0000;0.0000;0.0000;0.0000
1536;748.82;793.8000;3714.1000;4176.5000;3382.7000;110.0000;-0.0414;0.0000;-793.8000;0.0000;6.8165;0.0000;-793.8000;0.0000;6.8165;1.0000;0.0000;0.0000;0.0000;0.0000
1537;749.08;782.4000;3727.1000;4149.1000;3366.7000;110.0000;-0.0414;0.0000;-782.4000;0.0000;6.8165;0.0000;-782.4000;0.0000;6.8165;1.0000;0.0000;0.0000;0.0000;0.0000
1538;749.34;789.0500;3719.0500;4063.9500;3274.9000;110.0000;-0.0414;0.0000;-789.0500;0.0000;6.8165;0.0000;-789.0500;0.0000;6.8165;1.0000;0.0000;0.0000;0.0000;0.0000
1539;749.61;790.1500;3669.9000;4038.4500;3248.3000;110.0000;-0.0414;0.0000;-790.1500;0.0000;6.8165;0.0000;-790.1500;0.0000;6.8165;1.0000;0.0000;0.0000;0.0000;0.0000
1540;749.87;789.7500;3564.8500;3958.5500;3168.8000;110.0000;-0.0414;0.0000;-789.7500;0.0000;6.8165;0.0000;-789.7500;0.0000;6.8165;1.0000;0.0000;0.0000;0.0000;0.0000
1541;750.13;786.8500;3512.3500;3876.9000;3090.0500;110.0000;-0.0414;0.0000;-786.8500;0.0000;6.8165;0.0000;-786.8500;0.0000;6.8165;1.0000;0.0000;0.0000;0.0000;0.0000
1542;750.39;788.4500;3475.9000;3787.5000;2999.0500;110.0000;-0.0414;0.0000;-788.4500;0.0000;6.8165;0.0000;-788.4500;0.0000;6.8165;1.0000;0.0000;0.0000;0.0000;0.0000
1543;750.65;784.6000;3405.2500;3727.4500;2942.8500;110.0000;-0.0414;0.0000;-784.6000;0.0000;6.8165;0.0000;-784.6000;0.0000;6.8165;1.0000;0.0000;0.0000;0.0000;0.0000
1544;750.92;774.0000;3325.3500;3647.6000;2873.6000;110.0000;-0.0414;0.0000;-774.0000;0.0000;6.8165;0.0000;-774.0000;0.0000;6.8165;1.0000;0.0000;0.0000;0.0000;0.0000
1545;751.18;785.1500;3299.8000;3641.8000;2856.6500;110.0000;-0.0414;0.0000;-785.1500;0.0000;6.8165;0.0000;-785.1500;0.0000;6.8165;1.0000;0.0000;0.0000;0.0000;0.0000
1546;751.44;791.8000;3292.1500;3592.6500;2800.8500;110.0000;-0.0414;0.0000;-791.8000;0.0000;6.8165;0.0000;-791.8000;0.0000;6.8165;1.0000;0.0000;0.0000;0.0000;0.0000
1547;751.70;785.9500;3202.0500;3497.7000;2711.7500;110.0000;-0.0414;0.0000;-785.9500;0.0000;6.8165;0.0000;-785.9500;0.0000;6.8165;1.0000;0.0000;0.0000;0.0000;0.0000
1548;751.96;786.3500;3128.0500;3406.1500;2619.8000;110.0000;-0.0414;0.0000;-786.3500;0.0000;6.8165;0.0000;-786.3500;0.0000;6.8165;1.0000;0.0000;0.0000;0.0000;0.0000
1549;752.23;787.3000;3078.9000;3391.8500;2604.5500;110.0000;-0.0414;0.0000;-787.3000;0.0000;6.8165;0.0000;-787.3000;0.0000;6.8165;1.0000;0.0000;0.0000;0.0000;0.0000
1550;752.49;781.1500;3025.2000;3331.5500;2550.4000;110.0000;-0.0414;0.0000;-781.1500;0.0000;6.8165;0.0000;-781.1500;0.0000;6.8165;1.0000;0.0000;0.0000;0.0000;0.0000
1551;752.75;781.2000;2957.0000;3235.6000;2454.4000;110.0000;-0.0414;0.0000;-781.2000;0.0000;6.8165;0.0000;-781.2000;0.0000;6.8165;1.0000;0.0000;0.0000;0.0000;0.0000
1552;753.01;774.6000;2957.2000;3230.5000;2455.9000;110.0000;-0.0414;0.0000;-774.6000;0.0000;6.8165;0.0000;-774.6000;0.0000;6.8165;1.0000;0.0000;0.0000;0.0000;0.0000
1553;753.27;795.1500;2972.8000;3204.8000;2409.6500;110.0000;-0.0414;0.0000;-795.1500;0.0000;6.8165;0.0000;-795.1500;0.0000;6.8165;1.0000;0.0000;0.0000;0.0000;0.0000
1554;753.53;787.7500;2947.7500;3208.2000;2420.4500;110.0000;-0.0414;0.0000;-787.7500;0.0000;6.8165;0.0000;-787.7500;0.0000;6.8165;1.0000;0.0000;0.0000;0.0000;0.0000
1555;753.79;790.3000;2878.6000;3150.2500;2359.9500;110.0000;-0.0414;0.0000;-790.3000;0.0000;6.8165;0.0000;-790.3000;0.0000;6.8165;1.0000;0.0000;0.0000;0.0000;0.0000
1556;754.05;788.5500;2825.7000;3101.4000;2312.8500;110.0000;-0.0414;0.0000;-788.5500;0.0000;6.8165;0.0000;-788.5500;0.0000;6.8165;1.0000;0.0000;0.0000;0.0000;0.0000
1557;754.31;795.2500;2784.7000;3036.9500;2241.7000;110.0000;-0.0414;0.0000;-795.2500;0.0000;6.8165;0.0000;-795.2500;0.0000;6.8165;1.0000;0.0000;0.0000;0.0000;0.0000
1558;754.57;787.9500;2709.2500;2944.1000;2156.1500;110.0000;-0.0414;0.0000;-787.9500;0.0000;6.8165;0.0000;-787.9500;0.0000;6.8165;1.0000;0.0000;0.0000;0.0000;0.0000
1559;754.84;789.8000;2673.7000;2910.5000;2120.7000;110.0000;-0.0414;0.0000;-789.8000;0.0000;6.8165;0.0000;-789.8000;0.0000;6.8165;1.0000;0.0000;0.0000;0.0000;0.0000
1560;755.10;787.5500;2669.2000;2905.1000;2117.5500;110.0000;-0.0414;0.0000;-787.5500;0.0000;6.8165;0.0000;-787.5500;0.0000;6.8165;1.0000;0.0000;0.0000;0.0000;0.0000
1561;755.36;797.0500;2671.9500;2900.9500;2103.9000;110.0000;-0.0414;0.0000;-797.0500;0.0000;6.8165;0.0000;-797.0500;0.0000;6.8165;1.0000;0.0000;0.0000;0.0000;0.0000
1562;755.62;789.4000;2628.2500;2859.5000;2070.1000;110.0000;-0.0414;0.0000;-789.4000;0.0000;6.8165;0.0000;-789.4000;0.0000;6.8165;1.0000;0.0000;0.0000;0.0000;0.0000
1563;755.88;765.9000;2598.0500;2804.6500;2038.7500;110.0000;-0.0414;0.0000;-765.9000;0.0000;6.8165;0.0000;-765.9000;0.0000;6.8165;1.0000;0.0000;0.0000;0.0000;0.0000
1564;756.14;780.0000;2618.8500;2822.1500;2042.1500;110.0000;-0.0414;0.0000;-780.0000;0.0000;6.8165;0.0000;-780.0000;0.0000;6.8165;1.0000;0.0000;0.0000;0.0000;0.0000
1565;756.40;780.2000;2562.1500;2768.7000;1988.5000;110.0000;-0.0414;0.0000;-780.2000;0.0000;6.8165;0.0000;-780.2000;0.0000;6.8165;1.0000;0.0000;0.0000;0.0000;0.0000
1566;756.66;777.8000;2518.3000;2754.1500;1976.3500;110.0000;-0.0414;0.0000;-777.8000;0.0000;6.8165;0.0000;-777.8000;0.0000;6.8165;1.0000;0.0000;0.0000;0.0000;0.0000
1567;756.92;786.7000;2511.8000;2725.8000;1939.1000;110.0000;-0.0414;0.0000;-786.7000;0.0000;6.8165;0.0000;-786.7000;0.0000;6.8165;1.0000;0.0000;0.0000;0.0000;0.0000
1568;757.18;782.1500;2448.4000;2682.2500;1900.1000;110.0000;-0.0414;0.0000;-782.1500;0.0000;6.8165;0.0000;-782.1500;0.0000;6.8165;1.0000;0.0000;0.0000;0.0000;0.0000
1569;757.43;787.2500;2476.2000;2686.9500;1899.7000;110.0000;-0.0414;0.0000;-787.2500;0.0000;6.8165;0.0000;-787.2500;0.0000;6.8165;1.0000;0.0000;0.0000;0.0000;0.0000
1570;757.69;792.4500;2433.5000;2652.7000;1860.2500;110.0000;-0.0414;0.0000;-792.4500;0.0000;6.8165;0.0000;-792.4500;0.0000;6.8165;1.0000;0.0000;0.0000;0.0000;0.0000
1571;757.95;796.2000;2455.2000;2656.3000;1860.1000;110.0000;-0.0414;0.0000;-796.2000;0.0000;6.8165;0.0000;-796.2000;0.0000;6.8165;1.0000;0.0000;0.0000;0.0000;0.0000
1572;758.21;798.1000;2432.8500;2626.7000;1828.6000;110.0000;-0.0414;0.0000;-798.1000;0.0000;6.8165;0.0000;-798.1000;0.0000;6.8165;1.0000;0.0000;0.0000;0.0000;0.0000
1573;758.47;785.1500;2423.4500;2609.8500;1824.7000;110.0000;-0.0414;0.0000;-785.1500;0.0000;6.8165;0.0000;-785.1500;0.0000;6.8165;1.0000;0.0000;0.0000;0.0000;0.0000
1574;758.73;785.6000;2399.6500;2587.9500;1802.3500;110.0000;-0.0414;0.0000;-785.6000;0.0000;6.8165;0.0000;-785.6000;0.0000;6.8165;1.0000;0.0000;0.0000;0.0000;0.0000
1575;758.99;776.4500;2426.4000;2582.4500;1806.0000;109.4579;-0.0392;0.0000;-776.4500;0.0000;6.8165;0.0000;-776.4500;0.0000;6.8165;1.0000;0.0000;0.0000;0.0000;0.0000
1576;759.25;787.0500;2442.2000;2576.4500;1789.4000;108.1110;-0.0339;0.0000;-787.0500;0.0000;6.8165;0.0000;-787.0500;0.0000;6.8165;1.0000;0.0000;0.0000;0.0000;0.0000
1577;759.51;783.5500;2414.2000;2557.5000;1773.9500;108.7879;-0.0366;0.0000;-783.5500;0.0000;6.8165;0.0000;-783.5500;0.0000;6.8165;1.0000;0.0000;0.0000;0.0000;0.0000
1578;759.77;782.5000;2435.8500;2603.7500;1821.2500;110.0000;-0.0414;0.0000;-782.5000;0.0000;6.8165;0.0000;-782.5000;0.0000;6.8165;1.0000;0.0000;0.0000;0.0000;0.0000
1579;760.02;781.7500;2417.6500;2602.3000;1820.5500;110.0000;-0.0414;0.0000;-781.7500;0.0000;6.8165;0.0000;-781.7500;0.0000;6.8165;1.0000;0.0000;0.0000;0.0000;0.0000
1580;760.28;802.1000;2384.2000;2579.5500;1777.4500;110.0000;-0.0414;0.0000;-802.1000;0.0000;6.8165;0.0000;-802.1000;0.0000;6.8165;1.0000;0.0000;0.0000;0.0000;0.0000
1581;760.54;795.9000;2401.1500;2566.2500;1770.3500;110.0000;-0.0414;0.0000;-795.9000;0.0000;6.8165;0.0000;-795.9000;0.0000;6.8165;1.0000;0.0000;0.0000;0.0000;0.0000
1582;760.80;791.6000;2415.8000;2573.9000;1782.3000;109.7340;-0.0403;0.0000;-791.6000;0.0000;6.8165;0.0000;-791.6000;0.0000;6.8165;1.0000;0.0000;0.0000;0.0000;0.0000
1583;761.06;778.1500;2408.6000;2590.4500;1812.3000;110.0000;-0.0414;0.0000;-778.1500;0.0000;6.8165;0.0000;-778.1500;0.0000;6.8165;1.0000;0.0000;0.0000;0.0000;0.0000
1584;761.32;784.9000;2380.9500;2580.3000;1795.4000;110.0000;-0.0414;0.0000;-784.9000;0.0000;6.8165;0.0000;-784.9000;0.0000;6.8165;1.0000;0.0000;0.0000;0.0000;0.0000
1585;761.57;784.1500;2341.7500;2544.2000;1760.0500;110.0000;-0.0414;0.0000;-784.1500;0.0000;6.8165;0.0000;-784.1500;0.0000;6.8165;1.0000;0.0000;0.0000;0.0000;0.0000
1586;761.83;778.9500;2360.6500;2552.1500;1773.2000;110.0000;-0.0414;0.0000;-778.9500;0.0000;6.8165;0.0000;-778.9500;0.0000;6.8165;1.0000;0.0000;0.0000;0.0000;0.0000
1587;762.09;782.9500;2368.6500;2539.8000;1756.8500;110.0000;-0.0414;0.0000;-782.9500;0.0000;6.8165;0.0000;-782.9500;0.0000;6.8165;1.0000;0.0000;0.0000;0.0000;0.0000
1588;762.35;794.6000;2348.4000;2541.4500;1746.8500;110.0000;-0.0414;0.0000;-794.6000;0.0000;6.8165;0.0000;-794.6000;0.0000;6.8165;1.0000;0.0000;0.0000;0.0000;0.0000
1589;762.60;781.9500;2357.3500;2544.5000;1762.5500;110.0000;-0.0414;0.0000;-781.9500;0.0000;6.8165;0.0000;-781.9500;0.0000;6.8165;1.0000;0.0000;0.0000;0.0000;0.0000
1590;762.86;779.2500;2358.8500;2570.4500;1791.2000;110.0000;-0.0414;0.0000;-779.2500;0.0000;6.8165;0.0000;-779.2500;0.0000;6.8165;1.0000;0.0000;0.0000;0.0000;0.0000
1591;763.12;770.7000;2379.3000;2566.6000;1795.9000;110.0000;-0.0414;0.0000;-770.7000;0.0000;6.8165;0.0000;-770.7000;0.0000;6.8165;1.0000;0.0000;0.0000;0.0000;0.0000
1592;763.38;781.5000;2381.0500;2580.8000;1799.3000;110.0000;-0.0414;0.0000;-781.5000;0.0000;6.8165;0.0000;-781.5000;0.0000;6.8165;1.0000;0.0000;0.0000;0.0000;0.0000
1593;763.63;770.1500;2439.9000;2647.5500;1877.4000;110.0000;-0.0414;0.0000;-770.1500;0.0000;6.8165;0.0000;-770.1500;0.0000;6.8165;1.0000;0.0000;0.0000;0.0000;0.0000
1594;763.89;787.5500;2528.5000;2740.7000;1953.1500;110.0000;-0.0414;0.0000;-787.5500;0.0000;6.8165;0.0000;-787.5500;0.0000;6.8165;1.0000;0.0000;0.0000;0.0000;0.0000
1595;764.15;775.5000;2638.5500;2822.8500;2047.3500;109.8924;-0.0410;0.0000;-775.5000;0.0000;6.8165;0.0000;-775.5000;0.0000;6.8165;1.0000;0.0000;0.0000;0.0000;0.0000
1596;764.40;784.2000;2718.7500;2995.9500;2211.7500;110.0000;-0.0414;0.0000;-784.2000;0.0000;6.8165;0.0000;-784.2000;0.0000;6.8165;1.0000;0.0000;0.0000;0.0000;0.0000
1597;764.66;786.1000;2818.1000;3103.7500;2317.6500;110.0000;-0.0414;0.0000;-786.1000;0.0000;6.8165;0.0000;-786.1000;0.0000;6.8165;1.0000;0.0000;0.0000;0.0000;0.0000
1598;764.92;789.2500;2985.5000;3252.8000;2463.5500;110.0000;-0.0414;0.0000;-789.2500;0.0000;6.8165;0.0000;-789.2500;0.0000;6.8165;1.0000;0.0000;0.0000;0.0000;0.0000
1599;765.17;791.1000;3066.3000;3354.2000;2563.1000;110.0000;-0.0414;0.0000;-791.1000;0.0000;6.8165;0.0000;-791.1000;0.0000;6.8165;1.0000;0.0000;0.0000;0.0000;0.0000
1600;765.43;800.2500;3052.1000;3340.0000;2539.7500;110.0000;-0.0414;0.0000;-800.2500;0.0000;6.8165;0.0000;-800.2500;0.0000;6.8165;1.0000;0.0000;0.0000;0.0000;0.0000
1601;765.69;792.6500;3058.8500;3349.7500;2557.1000;110.0000;-0.0414;0.0000;-792.6500;0.0000;6.8165;0.0000;-792.6500;0.0000;6.8165;1.0000;0.0000;0.0000;0.0000;0.0000
1602;765.94;801.8500;3002.6500;3289.6000;2487.7500;110.0000;-0.0414;0.0000;-801.8500;0.0000;6.8165;0.0000;-801.8500;0.0000;6.8165;1.0000;0.0000;0.0000;0.0000;0.0000
1603;766.20;782.3500;2862.0500;3188.3500;2406.0000;110.0000;-0.0414;0.0000;-782.3500;0.0000;6.8165;0.0000;-782.3500;0.0000;6.8165;1.0000;0.0000;0.0000;0.0000;0.0000
1604;766.45;773.7000;2696.7000;2973.0500;2199.3500;110.0000;-0.0414;0.0000;-773.7000;0.0000;6.8165;0.0000;-773.7000;0.0000;6.8165;1.0000;0.0000;0.0000;0.0000;0.0000
1605;766.71;785.0500;2638.3000;2833.9500;2048.9000;110.0000;-0.0414;0.0000;-785.0500;0.0000;6.8165;0.0000;-785.0500;0.0000;6.8165;1.0000;0.0000;0.0000;0.0000;0.0000
1606;766.97;795.0500;2563.6500;2747.4000;1952.3500;110.0000;-0.0414;0.0000;-795.0500;0.0000;6.8165;0.0000;-795.0500;0.0000;6.8165;1.0000;0.0000;0.0000;0.0000;0.0000
1607;767.22;796.9000;2436.2500;2613.1500;1816.2500;110.0000;-0.0414;0.0000;-796.9000;0.0000;6.8165;0.0000;-796.9000;0.0000;6.8165;1.0000;0.0000;0.0000;0.0000;0.0000
1608;767.48;797.8000;2304.8500;2498.9500;1701.1500;110.0000;-0.0414;0.0000;-797.8000;0.0000;6.8165;0.0000;-797.8000;0.0000;6.8165;1.0000;0.0000;0.0000;0.0000;0.0000
1609;767.73;802.3500;2260.6500;2416.0500;1613.7000;110.0000;-0.0414;0.0000;-802.3500;0.0000;6.8165;0.0000;-802.3500;0.0000;6.8165;1.0000;0.0000;0.0000;0.0000;0.0000
1610;767.99;797.5000;2191.0000;2351.9000;1554.4000;110.0000;-0.0414;0.0000;-797.5000;0.0000;6.8165;0.0000;-797.5000;0.0000;6.8165;1.0000;0.0000;0.0000;0.0000;0.0000
1611;768.24;790.2000;2140.5000;2307.5000;1517.3000;110.0000;-0.0414;0.0000;-790.2000;0.0000;6.8165;0.0000;-790.2000;0.0000;6.8165;1.0000;0.0000;0.0000;0.0000;0.0000
1612;768.50;792.5000;2083.9500;2201.2500;1408.7500;109.0828;-0.0378;0.0000;-792.5000;0.0000;6.8165;0.0000;-792.5000;0.0000;6.8165;1.0000;0.0000;0.0000;0.0000;0.0000
1613;768.75;788.7500;2021.6000;2173.5500;1384.8000;110.0000;-0.0414;0.0000;-788.7500;0.0000;6.8165;0.0000;-788.7500;0.0000;6.8165;1.0000;0.0000;0.0000;0.0000;0.0000
1614;769.01;793.7000;2000.1000;2129.9500;1336.2500;110.0000;-0.0414;0.0000;-793.7000;0.0000;6.8165;0.0000;-793.7000;0.0000;6.8165;1.0000;0.0000;0.0000;0.0000;0.0000
1615;769.26;790.1500;1940.5000;2089.5500;1299.4000;110.0000;-0.0414;0.0000;-790.1500;0.0000;6.8165;0.0000;-790.1500;0.0000;6.8165;1.0000;0.0000;0.0000;0.0000;0.0000
1616;769.52;786.2500;1896.3000;2036.0500;1249.8000;110.0000;-0.0414;0.0000;-786.2500;0.0000;6.8165;0.0000;-786.2500;0.0000;6.8165;1.0000;0.0000;0.0000;0.0000;0.0000
1617;769.77;773.3500;1893.6000;2030.3000;1256.9500;110.0000;-0.0414;0.0000;-773.3500;0.0000;6.8165;0.0000;-773.3500;0.0000;6.8165;1.0000;0.0000;0.0000;0.0000;0.0000
1618;770.03;785.2500;1861.8500;1989.1500;1203.9000;110.0000;-0.0414;0.0000;-785.2500;0.0000;6.8165;0.0000;-785.2500;0.0000;6.8165;1.0000;0.0000;0.0000;0.0000;0.0000
1619;770.28;784.9500;1828.2500;1948.4000;1163.4500;110.0000;-0.0414;0.0000;-784.9500;0.0000;6.8165;0.0000;-784.9500;0.0000;6.8165;1.0000;0.0000;0.0000;0.0000;0.0000
1620;770.54;801.1500;1799.6000;1943.6500;1142.5000;110.0000;-0.0414;0.0000;-801.1500;0.0000;6.8165;0.0000;-801.1500;0.0000;6.8165;1.0000;0.0000;0.0000;0.0000;0.0000
1621;770.79;799.5000;1810.5500;1912.5500;1113.0500;110.0000;-0.0414;0.0000;-799.5000;0.0000;6.8165;0.0000;-799.5000;0.0000;6.8165;1.0000;0.0000;0.0000;0.0000;0.0000
1622;771.04;789.3000;1787.9500;1897.2000;1107.9000;110.0000;-0.0414;0.0000;-789.3000;0.0000;6.8165;0.0000;-789.3000;0.0000;6.8165;1.0000;0.0000;0.0000;0.0000;0.0000
1623;771.30;796.7500;1774.7500;1889.1000;1092.3500;110.0000;-0.0414;0.0000;-796.7500;0.0000;6.8165;0.0000;-796.7500;0.0000;6.8165;1.0000;0.0000;0.0000;0.0000;0.0000
1624;771.55;787.6500;1758.1000;1861.1000;1073.4500;110.0000;-0.0414;0.0000;-787.6500;0.0000;6.8165;0.0000;-787.6500;0.0000;6.8165;1.0000;0.0000;0.0000;0.0000;0.0000
1625;771.81;790.8500;1706.4500;1830.2000;1039.3500;110.0000;-0.0414;0.0000;-790.8500;0.0000;6.8165;0.0000;-790.8500;0.0000;6.8165;1.0000;0.0000;0.0000;0.0000;0.0000
1626;772.06;782.2000;1699.2500;1829.1000;1046.9000;110.0000;-0.0414;0.0000;-782.2000;0.0000;6.8165;0.0000;-782.2000;0.0000;6.8165;1.0000;0.0000;0.0000;0.0000;0.0000
1627;772.31;787.2500;1681.5500;1793.5000;1006.2500;110.0000;-0.0414;0.0000;-787.2500;0.0000;6.8165;0.0000;-787.2500;0.0000;6.8165;1.0000;0.0000;0.0000;0.0000;0.0000
1628;772.57;780.8500;1675.8500;1777.2500;996.4000;110.0000;-0.0414;0.0000;-780.8500;0.0000;6.8165;0.0000;-780.8500;0.0000;6.8165;1.0000;0.0000;0.0000;0.0000;0.0000
1629;772.82;787.5500;1681.8000;1752.9000;965.3500;107.9508;-0.0332;0.0000;-787.5500;0.0000;6.8165;0.0000;-787.5500;0.0000;6.8165;1.0000;0.0000;0.0000;0.0000;0.0000
1630;773.07;778.3000;1655.0000;1751.3000;973.0000;110.0000;-0.0414;0.0000;-778.3000;0.0000;6.8165;0.0000;-778.3000;0.0000;6.8165;1.0000;0.0000;0.0000;0.0000;0.0000
1631;773.33;785.7000;1635.6000;1724.3000;938.6000;110.0000;-0.0414;0.0000;-785.7000;0.0000;6.8165;0.0000;-785.7000;0.0000;6.8165;1.0000;0.0000;0.0000;0.0000;0.0000
1632;773.58;795.8000;1621.8500;1711.6000;915.8000;110.0000;-0.0414;0.0000;-795.8000;0.0000;6.8165;0.0000;-795.8000;0.0000;6.8165;1.0000;0.0000;0.0000;0.0000;0.0000
1633;773.83;787.7500;1609.5000;1686.2000;898.4500;109.3337;-0.0388;0.0000;-787.7500;0.0000;6.8165;0.0000;-787.7500;0.0000;6.8165;1.0000;0.0000;0.0000;0.0000;0.0000
1634;774.09;773.4000;1601.9500;1667.6000;894.2000;107.9235;-0.0331;0.0000;-773.4000;0.0000;6.8165;0.0000;-773.4000;0.0000;6.8165;1.0000;0.0000;0.0000;0.0000;0.0000
1635;774.34;782.4000;1577.2000;1664.8500;882.4500;110.0000;-0.0414;0.0000;-782.4000;0.0000;6.8165;0.0000;-782.4000;0.0000;6.8165;1.0000;0.0000;0.0000;0.0000;0.0000
1636;774.59;778.3000;1563.3500;1638.4000;860.1000;109.5599;-0.0397;0.0000;-778.3000;0.0000;6.8165;0.0000;-778.3000;0.0000;6.8165;1.0000;0.0000;0.0000;0.0000;0.0000
1637;774.85;771.0000;1547.0000;1650.3000;879.3000;110.0000;-0.0414;0.0000;-771.0000;0.0000;6.8165;0.0000;-771.0000;0.0000;6.8165;1.0000;0.0000;0.0000;0.0000;0.0000
1638;775.10;793.4000;1549.4000;1639.7500;846.3500;110.0000;-0.0414;0.0000;-793.4000;0.0000;6.8165;0.0000;-793.4000;0.0000;6.8165;1.0000;0.0000;0.0000;0.0000;0.0000
1639;775.35;791.9500;1554.9500;1618.3500;826.4000;108.3093;-0.0347;0.0000;-791.9500;0.0000;6.8165;0.0000;-791.9500;0.0000;6.8165;1.0000;0.0000;0.0000;0.0000;0.0000
1640;775.60;788.3000;1519.3000;1611.5500;823.2500;110.0000;-0.0414;0.0000;-788.3000;0.0000;6.8165;0.0000;-788.3000;0.0000;6.8165;1.0000;0.0000;0.0000;0.0000;0.0000
1641;775.85;791.1000;1522.9500;1576.8500;785.7500;107.3649;-0.0309;0.0000;-791.1000;0.0000;6.8165;0.0000;-791.1000;0.0000;6.8165;1.0000;0.0000;0.0000;0.0000;0.0000
1642;776.11;787.4500;1513.9000;1564.5000;777.0500;106.9654;-0.0292;0.0000;-787.4500;0.0000;6.8165;0.0000;-787.4500;0.0000;6.8165;1.0000;0.0000;0.0000;0.0000;0.0000
1643;776.36;783.9500;1482.6500;1558.2000;774.2500;110.0000;-0.0414;0.0000;-783.9500;0.0000;6.8165;0.0000;-783.9500;0.0000;6.8165;1.0000;0.0000;0.0000;0.0000;0.0000
1644;776.61;791.2500;1489.1000;1573.9000;782.6500;110.0000;-0.0414;0.0000;-791.2500;0.0000;6.8165;0.0000;-791.2500;0.0000;6.8165;1.0000;0.0000;0.0000;0.0000;0.0000
1645;776.86;791.1000;1489.7000;1553.4000;762.3000;109.1182;-0.0379;0.0000;-791.1000;0.0000;6.8165;0.0000;-791.1000;0.0000;6.8165;1.0000;0.0000;0.0000;0.0000;0.0000
1646;777.11;772.6500;1494.1000;1561.3000;788.6500;109.3146;-0.0387;0.0000;-772.6500;0.0000;6.8165;0.0000;-772.6500;0.0000;6.8165;1.0000;0.0000;0.0000;0.0000;0.0000
1647;777.37;789.9000;1483.7000;1542.5000;752.6000;108.4751;-0.0353;0.0000;-789.9000;0.0000;6.8165;0.0000;-789.9000;0.0000;6.8165;1.0000;0.0000;0.0000;0.0000;0.0000
1648;777.62;788.8000;1482.7000;1544.6000;755.8000;108.9206;-0.0371;0.0000;-788.8000;0.0000;6.8165;0.0000;-788.8000;0.0000;6.8165;1.0000;0.0000;0.0000;0.0000;0.0000
1649;777.87;795.8500;1466.6500;1552.1000;756.2500;110.0000;-0.0414;0.0000;-795.8500;0.0000;6.8165;0.0000;-795.8500;0.0000;6.8165;1.0000;0.0000;0.0000;0.0000;0.0000
1650;778.12;787.2500;1463.9500;1521.0000;733.7500;108.4306;-0.0352;0.0000;-787.2500;0.0000;6.8165;0.0000;-787.2500;0.0000;6.8165;1.0000;0.0000;0.0000;0.0000;0.0000
1651;778.37;791.1000;1448.1500;1510.1500;719.0500;109.4361;-0.0392;0.0000;-791.1000;0.0000;6.8165;0.0000;-791.1000;0.0000;6.8165;1.0000;0.0000;0.0000;0.0000;0.0000
1652;778.62;787.1000;1439.4000;1508.3000;721.2000;110.0000;-0.0414;0.0000;-787.1000;0.0000;6.8165;0.0000;-787.1000;0.0000;6.8165;1.0000;0.0000;0.0000;0.0000;0.0000
1653;778.87;786.5500;1441.3500;1509.1500;722.6000;110.0000;-0.0414;0.0000;-786.5500;0.0000;6.8165;0.0000;-786.5500;0.0000;6.8165;1.0000;0.0000;0.0000;0.0000;0.0000
1654;779.12;788.5000;1434.1000;1476.2500;687.7500;106.5288;-0.0275;0.0000;-788.5000;0.0000;6.8165;0.0000;-788.5000;0.0000;6.8165;1.0000;0.0000;0.0000;0.0000;0.0000
1655;779.38;793.3000;1424.8500;1490.3000;697.0000;110.0000;-0.0414;0.0000;-793.3000;0.0000;6.8165;0.0000;-793.3000;0.0000;6.8165;1.0000;0.0000;0.0000;0.0000;0.0000
1656;779.63;794.7000;1434.2000;1489.9500;695.2500;108.7177;-0.0363;0.0000;-794.7000;0.0000;6.8165;0.0000;-794.7000;0.0000;6.8165;1.0000;0.0000;0.0000;0.0000;0.0000
1657;779.88;782.5000;1439.4000;1488.1000;705.6000;107.4136;-0.0311;0.0000;-782.5000;0.0000;6.8165;0.0000;-782.5000;0.0000;6.8165;1.0000;0.0000;0.0000;0.0000;0.0000
1658;780.13;782.9500;1421.4000;1471.9000;688.9500;107.9098;-0.0331;0.0000;-782.9500;0.0000;6.8165;0.0000;-782.9500;0.0000;6.8165;1.0000;0.0000;0.0000;0.0000;0.0000
1659;780.38;798.5000;1416.7000;1462.0500;663.5500;107.3358;-0.0307;0.0000;-798.5000;0.0000;6.8165;0.0000;-798.5000;0.0000;6.8165;1.0000;0.0000;0.0000;0.0000;0.0000
1660;780.63;805.8500;1416.5500;1486.7500;680.9000;110.0000;-0.0414;0.0000;-805.8500;0.0000;6.8165;0.0000;-805.8500;0.0000;6.8165;1.0000;0.0000;0.0000;0.0000;0.0000
1661;780.88;785.3000;1414.9000;1475.2500;689.9500;109.5855;-0.0398;0.0000;-785.3000;0.0000;6.8165;0.0000;-785.3000;0.0000;6.8165;1.0000;0.0000;0.0000;0.0000;0.0000
1662;781.13;785.8000;1409.7000;1487.8500;702.0500;110.0000;-0.0414;0.0000;-785.8000;0.0000;6.8165;0.0000;-785.8000;0.0000;6.8165;1.0000;0.0000;0.0000;0.0000;0.0000
1663;781.38;792.3500;1412.1000;1450.7000;658.3500;106.2283;-0.0262;0.0000;-792.3500;0.0000;6.8165;0.0000;-792.3500;0.0000;6.8165;1.0000;0.0000;0.0000;0.0000;0.0000
1664;781.63;778.5000;1410.0000;1449.2500;670.7500;106.2154;-0.0262;0.0000;-778.5000;0.0000;6.8165;0.0000;-778.5000;0.0000;6.8165;1.0000;0.0000;0.0000;0.0000;0.0000
1665;781.88;791.5000;1400.4500;1461.0500;669.5500;109.9516;-0.0412;0.0000;-791.5000;0.0000;6.8165;0.0000;-791.5000;0.0000;6.8165;1.0000;0.0000;0.0000;0.0000;0.0000
1666;782.13;795.9500;1393.9000;1476.4500;680.5000;110.0000;-0.0414;0.0000;-795.9500;0.0000;6.8165;0.0000;-795.9500;0.0000;6.8165;1.0000;0.0000;0.0000;0.0000;0.0000
1667;782.38;788.6500;1385.4500;1468.5500;679.9000;110.0000;-0.0414;0.0000;-788.6500;0.0000;6.8165;0.0000;-788.6500;0.0000;6.8165;1.0000;0.0000;0.0000;0.0000;0.0000
1668;782.63;780.7500;1414.7500;1455.9000;675.1500;106.4905;-0.0273;0.0000;-780.7500;0.0000;6.8165;0.0000;-780.7500;0.0000;6.8165;1.0000;0.0000;0.0000;0.0000;0.0000
1669;782.88;791.2000;1413.5500;1456.8000;665.6000;106.9495;-0.0292;0.0000;-791.2000;0.0000;6.8165;0.0000;-791.2000;0.0000;6.8165;1.0000;0.0000;0.0000;0.0000;0.0000
1670;783.13;789.2000;1398.6500;1480.2500;691.0500;110.0000;-0.0414;0.0000;-789.2000;0.0000;6.8165;0.0000;-789.2000;0.0000;6.8165;1.0000;0.0000;0.0000;0.0000;0.0000
1671;783.38;792.5000;1395.3500;1453.8500;661.3500;109.7039;-0.0402;0.0000;-792.5000;0.0000;6.8165;0.0000;-792.5000;0.0000;6.8165;1.0000;0.0000;0.0000;0.0000;0.0000
1672;783.62;803.2500;1396.1000;1447.3500;644.1000;108.6447;-0.0360;0.0000;-803.2500;0.0000;6.8165;0.0000;-803.2500;0.0000;6.8165;1.0000;0.0000;0.0000;0.0000;0.0000
1673;783.87;792.3500;1397.4500;1461.9500;669.6000;110.0000;-0.0414;0.0000;-792.3500;0.0000;6.8165;0.0000;-792.3500;0.0000;6.8165;1.0000;0.0000;0.0000;0.0000;0.0000
1674;784.12;774.2000;1404.6500;1468.6500;694.4500;110.0000;-0.0414;0.0000;-774.2000;0.0000;6.8165;0.0000;-774.2000;0.0000;6.8165;1.0000;0.0000;0.0000;0.0000;0.0000
1675;784.37;784.0500;1421.4000;1483.3000;699.2500;109.7121;-0.0403;0.0000;-784.0500;0.0000;6.8165;0.0000;-784.0500;0.0000;6.8165;1.0000;0.0000;0.0000;0.0000;0.0000
1676;784.62;783.2000;1409.8000;1469.9000;686.7000;109.5914;-0.0398;0.0000;-783.2000;0.0000;6.8165;0.0000;-783.2000;0.0000;6.8165;1.0000;0.0000;0.0000;0.0000;0.0000
1677;784.87;788.6000;1420.5000;1499.6000;711.0000;110.0000;-0.0414;0.0000;-788.6000;0.0000;6.8165;0.0000;-788.6000;0.0000;6.8165;1.0000;0.0000;0.0000;0.0000;0.0000
1678;785.12;799.4500;1418.2500;1498.9000;699.4500;110.0000;-0.0414;0.0000;-799.4500;0.0000;6.8165;0.0000;-799.4500;0.0000;6.8165;1.0000;0.0000;0.0000;0.0000;0.0000
1679;785.37;794.6500;1417.6000;1471.6000;676.9500;108.6684;-0.0361;0.0000;-794.6500;0.0000;6.8165;0.0000;-794.6500;0.0000;6.8165;1.0000;0.0000;0.0000;0.0000;0.0000
1680;785.61;787.8000;1405.0500;1475.1500;687.3500;110.0000;-0.0414;0.0000;-787.8000;0.0000;6.8165;0.0000;-787.8000;0.0000;6.8165;1.0000;0.0000;0.0000;0.0000;0.0000
1681;785.86;785.6500;1404.1000;1477.6000;691.9500;110.0000;-0.0414;0.0000;-785.6500;0.0000;6.8165;0.0000;-785.6500;0.0000;6.8165;1.0000;0.0000;0.0000;0.0000;0.0000
1682;786.11;790.4000;1402.0500;1456.6500;666.2500;108.9267;-0.0371;0.0000;-790.4000;0.0000;6.8165;0.0000;-790.4000;0.0000;6.8165;1.0000;0.0000;0.0000;0.0000;0.0000
1683;786.36;794.3000;1423.3500;1469.2500;674.9500;107.2967;-0.0306;0.0000;-794.3000;0.0000;6.8165;0.0000;-794.3000;0.0000;6.8165;1.0000;0.0000;0.0000;0.0000;0.0000
1684;786.61;800.1500;1394.8000;1472.9000;672.7500;110.0000;-0.0414;0.0000;-800.1500;0.0000;6.8165;0.0000;-800.1500;0.0000;6.8165;1.0000;0.0000;0.0000;0.0000;0.0000
1685;786.85;800.5000;1418.5500;1481.1000;680.6000;110.0000;-0.0414;0.0000;-800.5000;0.0000;6.8165;0.0000;-800.5000;0.0000;6.8165;1.0000;0.0000;0.0000;0.0000;0.0000
1686;787.10;784.9000;1383.4500;1455.7500;670.8500;110.0000;-0.0414;0.0000;-784.9000;0.0000;6.8165;0.0000;-784.9000;0.0000;6.8165;1.0000;0.0000;0.0000;0.0000;0.0000
1687;787.35;780.7000;1412.3500;1451.7500;671.0500;106.2376;-0.0263;0.0000;-780.7000;0.0000;6.8165;0.0000;-780.7000;0.0000;6.8165;1.0000;0.0000;0.0000;0.0000;0.0000
1688;787.60;777.3500;1394.9500;1460.9000;683.5500;110.0000;-0.0414;0.0000;-777.3500;0.0000;6.8165;0.0000;-777.3500;0.0000;6.8165;1.0000;0.0000;0.0000;0.0000;0.0000
1689;787.84;785.0500;1382.4000;1454.6000;669.5500;110.0000;-0.0414;0.0000;-785.0500;0.0000;6.8165;0.0000;-785.0500;0.0000;6.8165;1.0000;0.0000;0.0000;0.0000;0.0000
1690;788.09;783.5500;1400.2000;1456.4500;672.9000;109.1219;-0.0379;0.0000;-783.5500;0.0000;6.8165;0.0000;-783.5500;0.0000;6.8165;1.0000;0.0000;0.0000;0.0000;0.0000
1691;788.34;793.1000;1397.2000;1457.5000;664.4000;109.9818;-0.0413;0.0000;-793.1000;0.0000;6.8165;0.0000;-793.1000;0.0000;6.8165;1.0000;0.0000;0.0000;0.0000;0.0000
1692;788.59;778.6500;1382.8500;1474.4500;695.8000;110.0000;-0.0414;0.0000;-778.6500;0.0000;6.8165;0.0000;-778.6500;0.0000;6.8165;1.0000;0.0000;0.0000;0.0000;0.0000
1693;788.83;777.0000;1376.0000;1466.4500;689.4500;110.0000;-0.0414;0.0000;-777.0000;0.0000;6.8165;0.0000;-777.0000;0.0000;6.8165;1.0000;0.0000;0.0000;0.0000;0.0000
1694;789.08;782.9000;1390.4500;1475.1500;692.2500;110.0000;-0.0414;0.0000;-782.9000;0.0000;6.8165;0.0000;-782.9000;0.0000;6.8165;1.0000;0.0000;0.0000;0.0000;0.0000
1695;789.33;798.4500;1412.5500;1481.9500;683.5000;110.0000;-0.0414;0.0000;-798.4500;0.0000;6.8165;0.0000;-798.4500;0.0000;6.8165;1.0000;0.0000;0.0000;0.0000;0.0000
1696;789.57;777.2500;1422.4000;1484.6500;707.4000;109.6489;-0.0400;0.0000;-777.2500;0.0000;6.8165;0.0000;-777.2500;0.0000;6.8165;1.0000;0.0000;0.0000;0.0000;0.0000
1697;789.82;798.1000;1431.5500;1485.3000;687.2000;108.4853;-0.0354;0.0000;-798.1000;0.0000;6.8165;0.0000;-798.1000;0.0000;6.8165;1.0000;0.0000;0.0000;0.0000;0.0000
1698;790.07;774.4000;1432.8500;1461.2500;686.8500;104.3132;-0.0183;0.0000;-774.4000;0.0000;6.8165;0.0000;-774.4000;0.0000;6.8165;1.0000;0.0000;0.0000;0.0000;0.0000
1699;790.31;782.2500;1442.0000;1508.3000;726.0500;110.0000;-0.0414;0.0000;-782.2500;0.0000;6.8165;0.0000;-782.2500;0.0000;6.8165;1.0000;0.0000;0.0000;0.0000;0.0000
1700;790.56;780.4500;1449.4000;1490.2500;709.8000;106.1066;-0.0257;0.0000;-780.4500;0.0000;6.8165;0.0000;-780.4500;0.0000;6.8165;1.0000;0.0000;0.0000;0.0000;0.0000
1701;790.80;784.9500;1425.8500;1505.0500;720.1000;110.0000;-0.0414;0.0000;-784.9500;0.0000;6.8165;0.0000;-784.9500;0.0000;6.8165;1.0000;0.0000;0.0000;0.0000;0.0000
1702;791.05;790.3000;1434.0000;1494.6000;704.3000;109.4143;-0.0391;0.0000;-790.3000;0.0000;6.8165;0.0000;-790.3000;0.0000;6.8165;1.0000;0.0000;0.0000;0.0000;0.0000
1703;791.30;778.1000;1420.1000;1494.2500;716.1500;110.0000;-0.0414;0.0000;-778.1000;0.0000;6.8165;0.0000;-778.1000;0.0000;6.8165;1.0000;0.0000;0.0000;0.0000;0.0000
1704;791.54;783.5000;1413.1000;1469.1000;685.6000;108.8945;-0.0370;0.0000;-783.5000;0.0000;6.8165;0.0000;-783.5000;0.0000;6.8165;1.0000;0.0000;0.0000;0.0000;0.0000
1705;791.79;790.8500;1407.6500;1472.5000;681.6500;110.0000;-0.0414;0.0000;-790.8500;0.0000;6.8165;0.0000;-790.8500;0.0000;6.8165;1.0000;0.0000;0.0000;0.0000;0.0000
1706;792.03;777.5000;1402.8000;1438.1500;660.6500;105.6533;-0.0239;0.0000;-777.5000;0.0000;6.8165;0.0000;-777.5000;0.0000;6.8165;1.0000;0.0000;0.0000;0.0000;0.0000
1707;792.28;791.0500;1371.7000;1449.0000;657.9500;110.0000;-0.0414;0.0000;-791.0500;0.0000;6.8165;0.0000;-791.0500;0.0000;6.8165;1.0000;0.0000;0.0000;0.0000;0.0000
1708;792.53;781.1500;1353.8500;1422.6500;641.5000;110.0000;-0.0414;0.0000;-781.1500;0.0000;6.8165;0.0000;-781.1500;0.0000;6.8165;1.0000;0.0000;0.0000;0.0000;0.0000
1709;792.77;796.8500;1366.8500;1431.2000;634.3500;110.0000;-0.0414;0.0000;-796.8500;0.0000;6.8165;0.0000;-796.8500;0.0000;6.8165;1.0000;0.0000;0.0000;0.0000;0.0000
1710;793.02;782.5000;1335.4500;1418.8500;636.3500;110.0000;-0.0414;0.0000;-782.5000;0.0000;6.8165;0.0000;-782.5000;0.0000;6.8165;1.0000;0.0000;0.0000;0.0000;0.0000
1711;793.26;792.2000;1331.2000;1384.5500;592.3500;109.8980;-0.0410;0.0000;-792.2000;0.0000;6.8165;0.0000;-792.2000;0.0000;6.8165;1.0000;0.0000;0.0000;0.0000;0.0000
1712;793.51;785.5500;1340.4000;1372.4000;586.8500;105.7673;-0.0244;0.0000;-785.5500;0.0000;6.8165;0.0000;-785.5500;0.0000;6.8165;1.0000;0.0000;0.0000;0.0000;0.0000
1713;793.75;782.6500;1299.7000;1370.8500;588.2000;110.0000;-0.0414;0.0000;-782.6500;0.0000;6.8165;0.0000;-782.6500;0.0000;6.8165;1.0000;0.0000;0.0000;0.0000;0.0000
1714;794.00;796.6500;1312.4500;1352.9500;556.3000;107.8519;-0.0328;0.0000;-796.6500;0.0000;6.8165;0.0000;-796.6500;0.0000;6.8165;1.0000;0.0000;0.0000;0.0000;0.0000
1715;794.24;779.6000;1310.6000;1336.1000;556.5000;104.8023;-0.0204;0.0000;-779.6000;0.0000;6.8165;0.0000;-779.6000;0.0000;6.8165;1.0000;0.0000;0.0000;0.0000;0.0000
1716;794.49;780.5000;1294.2000;1352.5000;572.0000;110.0000;-0.0414;0.0000;-780.5000;0.0000;6.8165;0.0000;-780.5000;0.0000;6.8165;1.0000;0.0000;0.0000;0.0000;0.0000
1717;794.73;780.2500;1273.8000;1335.4000;555.1500;110.0000;-0.0414;0.0000;-780.2500;0.0000;6.8165;0.0000;-780.2500;0.0000;6.8165;1.0000;0.0000;0.0000;0.0000;0.0000
1718;794.97;783.3500;1284.2000;1345.9500;562.6000;110.0000;-0.0414;0.0000;-783.3500;0.0000;6.8165;0.0000;-783.3500;0.0000;6.8165;1.0000;0.0000;0.0000;0.0000;0.0000
1719;795.22;788.0000;1269.9000;1324.4500;536.4500;110.0000;-0.0414;0.0000;-788.0000;0.0000;6.8165;0.0000;-788.0000;0.0000;6.8165;1.0000;0.0000;0.0000;0.0000;0.0000
1720;795.46;793.3500;1265.9500;1293.9000;500.5500;105.9141;-0.0250;0.0000;-793.3500;0.0000;6.8165;0.0000;-793.3500;0.0000;6.8165;1.0000;0.0000;0.0000;0.0000;0.0000
1721;795.71;794.1500;1237.4000;1294.8500;500.7000;110.0000;-0.0414;0.0000;-794.1500;0.0000;6.8165;0.0000;-794.1500;0.0000;6.8165;1.0000;0.0000;0.0000;0.0000;0.0000
1722;795.95;790.9000;1248.2000;1299.4500;508.5500;110.0000;-0.0414;0.0000;-790.9000;0.0000;6.8165;0.0000;-790.9000;0.0000;6.8165;1.0000;0.0000;0.0000;0.0000;0.0000
1723;796.19;796.8500;1233.8500;1290.2500;493.4000;110.0000;-0.0414;0.0000;-796.8500;0.0000;6.8165;0.0000;-796.8500;0.0000;6.8165;1.0000;0.0000;0.0000;0.0000;0.0000
1724;796.44;789.5500;1236.3500;1263.3000;473.7500;106.0318;-0.0254;0.0000;-789.5500;0.0000;6.8165;0.0000;-789.5500;0.0000;6.8165;1.0000;0.0000;0.0000;0.0000;0.0000
1725;796.68;789.0500;1245.8500;1284.8000;495.7500;108.5267;-0.0355;0.0000;-789.0500;0.0000;6.8165;0.0000;-789.0500;0.0000;6.8165;1.0000;0.0000;0.0000;0.0000;0.0000
1726;796.93;782.7000;1228.1500;1261.9500;479.2500;107.5878;-0.0318;0.0000;-782.7000;0.0000;6.8165;0.0000;-782.7000;0.0000;6.8165;1.0000;0.0000;0.0000;0.0000;0.0000
1727;797.17;789.5500;1231.4500;1274.7000;485.1500;109.7873;-0.0406;0.0000;-789.5500;0.0000;6.8165;0.0000;-789.5500;0.0000;6.8165;1.0000;0.0000;0.0000;0.0000;0.0000
1728;797.41;798.6000;1239.1500;1253.3000;454.7000;103.2119;-0.0137;0.0000;-798.6000;0.0000;6.8165;0.0000;-798.6000;0.0000;6.8165;1.0000;0.0000;0.0000;0.0000;0.0000
1729;797.66;787.1500;1239.9000;1276.6000;489.4500;108.1060;-0.0338;0.0000;-787.1500;0.0000;6.8165;0.0000;-787.1500;0.0000;6.8165;1.0000;0.0000;0.0000;0.0000;0.0000
1730;797.90;785.6000;1231.7000;1255.5000;469.9000;105.3351;-0.0226;0.0000;-785.6000;0.0000;6.8165;0.0000;-785.6000;0.0000;6.8165;1.0000;0.0000;0.0000;0.0000;0.0000
1731;798.14;783.6000;1218.8000;1258.8500;475.2500;109.2027;-0.0382;0.0000;-783.6000;0.0000;6.8165;0.0000;-783.6000;0.0000;6.8165;1.0000;0.0000;0.0000;0.0000;0.0000
1732;798.39;796.5500;1216.8500;1253.3500;456.8000;108.6843;-0.0362;0.0000;-796.5500;0.0000;6.8165;0.0000;-796.5500;0.0000;6.8165;1.0000;0.0000;0.0000;0.0000;0.0000
1733;798.63;783.3000;1223.7500;1247.7000;464.4000;105.4376;-0.0230;0.0000;-783.3000;0.0000;6.8165;0.0000;-783.3000;0.0000;6.8165;1.0000;0.0000;0.0000;0.0000;0.0000
1734;798.87;796.6500;1226.5000;1244.2500;447.6000;104.1293;-0.0176;0.0000;-796.6500;0.0000;6.8165;0.0000;-796.6500;0.0000;6.8165;1.0000;0.0000;0.0000;0.0000;0.0000
1735;799.11;790.4000;1203.2500;1218.6500;428.2500;103.7302;-0.0159;0.0000;-790.4000;0.0000;6.8165;0.0000;-790.4000;0.0000;6.8165;1.0000;0.0000;0.0000;0.0000;0.0000
1736;799.36;792.7500;1214.7500;1237.3500;444.6000;105.3555;-0.0227;0.0000;-792.7500;0.0000;6.8165;0.0000;-792.7500;0.0000;6.8165;1.0000;0.0000;0.0000;0.0000;0.0000
1737;799.60;785.8000;1203.0500;1237.7500;451.9500;108.3164;-0.0347;0.0000;-785.8000;0.0000;6.8165;0.0000;-785.8000;0.0000;6.8165;1.0000;0.0000;0.0000;0.0000;0.0000
1738;799.84;795.2500;1194.5000;1207.4500;412.2000;103.2436;-0.0139;0.0000;-795.2500;0.0000;6.8165;0.0000;-795.2500;0.0000;6.8165;1.0000;0.0000;0.0000;0.0000;0.0000
1739;800.08;787.8500;1185.0500;1220.0000;432.1500;108.7991;-0.0366;0.0000;-787.8500;0.0000;6.8165;0.0000;-787.8500;0.0000;6.8165;1.0000;0.0000;0.0000;0.0000;0.0000
1740;800.33;794.3000;1178.1500;1203.5500;409.2500;106.6172;-0.0278;0.0000;-794.3000;0.0000;6.8165;0.0000;-794.3000;0.0000;6.8165;1.0000;0.0000;0.0000;0.0000;0.0000
1741;800.57;774.6500;1167.6000;1202.6500;428.0000;108.9197;-0.0371;0.0000;-774.6500;0.0000;6.8165;0.0000;-774.6500;0.0000;6.8165;1.0000;0.0000;0.0000;0.0000;0.0000
1742;800.81;797.9000;1176.1000;1195.0500;397.1500;105.0106;-0.0212;0.0000;-797.9000;0.0000;6.8165;0.0000;-797.9000;0.0000;6.8165;1.0000;0.0000;0.0000;0.0000;0.0000
1743;801.05;788.6000;1171.5000;1188.0000;399.4000;104.3092;-0.0183;0.0000;-788.6000;0.0000;6.8165;0.0000;-788.6000;0.0000;6.8165;1.0000;0.0000;0.0000;0.0000;0.0000
1744;801.29;785.2000;1159.0000;1183.1000;397.9000;106.4473;-0.0271;0.0000;-785.2000;0.0000;6.8165;0.0000;-785.2000;0.0000;6.8165;1.0000;0.0000;0.0000;0.0000;0.0000
1745;801.54;788.5000;1199.9500;1199.1000;410.6000;99.7934;0.0009;0.0000;-788.5000;0.0000;6.8165;0.0000;-788.5000;0.0000;6.8165;1.0000;0.0000;0.0000;0.0000;0.0000
1746;801.78;787.4000;1168.4000;1166.4500;379.0500;99.4882;0.0022;0.0000;-787.4000;0.0000;6.8165;0.0000;-787.4000;0.0000;6.8165;1.0000;0.0000;0.0000;0.0000;0.0000
1747;802.02;792.8500;1178.7000;1180.3500;387.5000;100.4276;-0.0019;0.0000;-792.8500;0.0000;6.8165;0.0000;-792.8500;0.0000;6.8165;1.0000;0.0000;0.0000;0.0000;0.0000
1748;802.26;792.0500;1164.5500;1198.0000;405.9500;108.9799;-0.0373;0.0000;-792.0500;0.0000;6.8165;0.0000;-792.0500;0.0000;6.8165;1.0000;0.0000;0.0000;0.0000;0.0000
1749;802.50;793.3500;1157.7000;1181.4500;388.1000;106.5185;-0.0274;0.0000;-793.3500;0.0000;6.8165;0.0000;-793.3500;0.0000;6.8165;1.0000;0.0000;0.0000;0.0000;0.0000
1750;802.74;785.2000;1152.7500;1181.7500;396.5500;107.8901;-0.0330;0.0000;-785.2000;0.0000;6.8165;0.0000;-785.2000;0.0000;6.8165;1.0000;0.0000;0.0000;0.0000;0.0000
1751;802.98;786.0500;1168.0500;1173.7000;387.6500;101.4791;-0.0064;0.0000;-786.0500;0.0000;6.8165;0.0000;-786.0500;0.0000;6.8165;1.0000;0.0000;0.0000;0.0000;0.0000
1752;803.22;795.1000;1149.8000;1175.8000;380.7000;107.3301;-0.0307;0.0000;-795.1000;0.0000;6.8165;0.0000;-795.1000;0.0000;6.8165;1.0000;0.0000;0.0000;0.0000;0.0000
1753;803.47;792.2500;1142.4000;1171.8000;379.5500;108.3964;-0.0350;0.0000;-792.2500;0.0000;6.8165;0.0000;-792.2500;0.0000;6.8165;1.0000;0.0000;0.0000;0.0000;0.0000
1754;803.71;787.0500;1138.3500;1182.4500;395.4000;110.0000;-0.0414;0.0000;-787.0500;0.0000;6.8165;0.0000;-787.0500;0.0000;6.8165;1.0000;0.0000;0.0000;0.0000;0.0000
1755;803.95;793.5500;1152.9000;1153.4500;359.9000;100.1531;-0.0007;0.0000;-793.5500;0.0000;6.8165;0.0000;-793.5500;0.0000;6.8165;1.0000;0.0000;0.0000;0.0000;0.0000
1756;804.19;782.4000;1145.3000;1178.1500;395.7500;109.0521;-0.0376;0.0000;-782.4000;0.0000;6.8165;0.0000;-782.4000;0.0000;6.8165;1.0000;0.0000;0.0000;0.0000;0.0000
1757;804.43;778.9000;1160.3500;1152.9500;374.0500;98.0600;0.0085;0.0000;-778.9000;0.0000;6.8165;0.0000;-778.9000;0.0000;6.8165;1.0000;0.0000;0.0000;0.0000;0.0000
1758;804.67;796.8500;1155.5000;1163.2000;366.3500;102.1469;-0.0092;0.0000;-796.8500;0.0000;6.8165;0.0000;-796.8500;0.0000;6.8165;1.0000;0.0000;0.0000;0.0000;0.0000
1759;804.91;784.0000;1141.4500;1155.0000;371.0000;103.7907;-0.0162;0.0000;-784.0000;0.0000;6.8165;0.0000;-784.0000;0.0000;6.8165;1.0000;0.0000;0.0000;0.0000;0.0000
1760;805.15;796.6000;1133.3500;1159.9500;363.3500;107.8990;-0.0330;0.0000;-796.6000;0.0000;6.8165;0.0000;-796.6000;0.0000;6.8165;1.0000;0.0000;0.0000;0.0000;0.0000
1761;805.39;793.4500;1143.2000;1152.8000;359.3500;102.7448;-0.0118;0.0000;-793.4500;0.0000;6.8165;0.0000;-793.4500;0.0000;6.8165;1.0000;0.0000;0.0000;0.0000;0.0000
1762;805.63;782.9000;1135.8000;1160.0500;377.1500;106.8716;-0.0289;0.0000;-782.9000;0.0000;6.8165;0.0000;-782.9000;0.0000;6.8165;1.0000;0.0000;0.0000;0.0000;0.0000
1763;805.87;786.1000;1126.6500;1149.6000;363.5000;106.7391;-0.0283;0.0000;-786.1000;0.0000;6.8165;0.0000;-786.1000;0.0000;6.8165;1.0000;0.0000;0.0000;0.0000;0.0000
1764;806.11;782.7000;1132.3500;1157.5500;374.8500;107.2072;-0.0302;0.0000;-782.7000;0.0000;6.8165;0.0000;-782.7000;0.0000;6.8165;1.0000;0.0000;0.0000;0.0000;0.0000
1765;806.35;799.4000;1144.7000;1143.7500;344.3500;99.7249;0.0012;0.0000;-799.4000;0.0000;6.8165;0.0000;-799.4000;0.0000;6.8165;1.0000;0.0000;0.0000;0.0000;0.0000
1766;806.59;793.4000;1130.2500;1157.4500;364.0500;108.0748;-0.0337;0.0000;-793.4000;0.0000;6.8165;0.0000;-793.4000;0.0000;6.8165;1.0000;0.0000;0.0000;0.0000;0.0000
1767;806.83;786.7000;1131.0500;1150.6000;363.9000;105.6774;-0.0240;0.0000;-786.7000;0.0000;6.8165;0.0000;-786.7000;0.0000;6.8165;1.0000;0.0000;0.0000;0.0000;0.0000
1768;807.07;789.6000;1119.9000;1140.0500;350.4500;106.1005;-0.0257;0.0000;-789.6000;0.0000;6.8165;0.0000;-789.6000;0.0000;6.8165;1.0000;0.0000;0.0000;0.0000;0.0000
1769;807.31;796.3000;1155.2500;1154.6000;358.3000;99.8189;0.0008;0.0000;-796.3000;0.0000;6.8165;0.0000;-796.3000;0.0000;6.8165;1.0000;0.0000;0.0000;0.0000;0.0000
1770;807.54;787.8500;1130.5000;1152.4500;364.6000;106.4060;-0.0270;0.0000;-787.8500;0.0000;6.8165;0.0000;-787.8500;0.0000;6.8165;1.0000;0.0000;0.0000;0.0000;0.0000
1771;807.78;787.0000;1114.0500;1164.2500;377.2500;110.0000;-0.0414;0.0000;-787.0000;0.0000;6.8165;0.0000;-787.0000;0.0000;6.8165;1.0000;0.0000;0.0000;0.0000;0.0000
1772;808.02;802.7500;1127.4500;1159.6500;356.9000;109.9168;-0.0411;0.0000;-802.7500;0.0000;6.8165;0.0000;-802.7500;0.0000;6.8165;1.0000;0.0000;0.0000;0.0000;0.0000
1773;808.26;802.1000;1130.5500;1143.7500;341.6500;104.0189;-0.0171;0.0000;-802.1000;0.0000;6.8165;0.0000;-802.1000;0.0000;6.8165;1.0000;0.0000;0.0000;0.0000;0.0000
1774;808.50;803.5500;1136.1000;1153.7000;350.1500;105.2924;-0.0224;0.0000;-803.5500;0.0000;6.8165;0.0000;-803.5500;0.0000;6.8165;1.0000;0.0000;0.0000;0.0000;0.0000
1775;808.74;785.7000;1132.8500;1159.8000;374.1000;107.7632;-0.0325;0.0000;-785.7000;0.0000;6.8165;0.0000;-785.7000;0.0000;6.8165;1.0000;0.0000;0.0000;0.0000;0.0000
1776;808.98;781.5500;1136.5000;1149.9000;368.3500;103.7752;-0.0161;0.0000;-781.5500;0.0000;6.8165;0.0000;-781.5500;0.0000;6.8165;1.0000;0.0000;0.0000;0.0000;0.0000
1777;809.22;788.1000;1107.8000;1153.9500;365.8500;110.0000;-0.0414;0.0000;-788.1000;0.0000;6.8165;0.0000;-788.1000;0.0000;6.8165;1.0000;0.0000;0.0000;0.0000;0.0000
1778;809.45;789.6000;1116.1000;1160.5000;370.9000;110.0000;-0.0414;0.0000;-789.6000;0.0000;6.8165;0.0000;-789.6000;0.0000;6.8165;1.0000;0.0000;0.0000;0.0000;0.0000
1779;809.69;793.2500;1151.6000;1148.9000;355.6500;99.2465;0.0033;0.0000;-793.2500;0.0000;6.8165;0.0000;-793.2500;0.0000;6.8165;1.0000;0.0000;0.0000;0.0000;0.0000
1780;809.93;786.3000;1141.3500;1129.4500;343.1500;96.6484;0.0148;0.0000;-786.3000;0.0000;6.8165;0.0000;-786.3000;0.0000;6.8165;1.0000;0.0000;0.0000;0.0000;0.0000
1781;810.17;774.4500;1144.1500;1161.8500;387.4000;104.7877;-0.0203;0.0000;-774.4500;0.0000;6.8165;0.0000;-774.4500;0.0000;6.8165;1.0000;0.0000;0.0000;0.0000;0.0000
1782;810.41;784.6500;1126.2500;1151.7000;367.0500;107.4502;-0.0312;0.0000;-784.6500;0.0000;6.8165;0.0000;-784.6500;0.0000;6.8165;1.0000;0.0000;0.0000;0.0000;0.0000
1783;810.64;788.5000;1123.4000;1150.2500;361.7500;108.0173;-0.0335;0.0000;-788.5000;0.0000;6.8165;0.0000;-788.5000;0.0000;6.8165;1.0000;0.0000;0.0000;0.0000;0.0000
1784;810.88;790.6000;1151.1500;1174.4000;383.8000;106.4485;-0.0271;0.0000;-790.6000;0.0000;6.8165;0.0000;-790.6000;0.0000;6.8165;1.0000;0.0000;0.0000;0.0000;0.0000
1785;811.12;799.4000;1141.0500;1155.6000;356.2000;104.2587;-0.0181;0.0000;-799.4000;0.0000;6.8165;0.0000;-799.4000;0.0000;6.8165;1.0000;0.0000;0.0000;0.0000;0.0000
1786;811.36;783.8500;1129.6000;1158.1000;374.2500;108.2430;-0.0344;0.0000;-783.8500;0.0000;6.8165;0.0000;-783.8500;0.0000;6.8165;1.0000;0.0000;0.0000;0.0000;0.0000
1787;811.59;776.9000;1142.2500;1164.1500;387.2500;105.9943;-0.0253;0.0000;-776.9000;0.0000;6.8165;0.0000;-776.9000;0.0000;6.8165;1.0000;0.0000;0.0000;0.0000;0.0000
1788;811.83;774.0500;1133.3500;1163.3000;389.2500;108.3357;-0.0348;0.0000;-774.0500;0.0000;6.8165;0.0000;-774.0500;0.0000;6.8165;1.0000;0.0000;0.0000;0.0000;0.0000
1789;812.07;785.2000;1137.5000;1165.4000;380.2000;107.9194;-0.0331;0.0000;-785.2000;0.0000;6.8165;0.0000;-785.2000;0.0000;6.8165;1.0000;0.0000;0.0000;0.0000;0.0000
1790;812.31;776.7000;1151.5000;1144.4500;367.7500;98.1190;0.0082;0.0000;-776.7000;0.0000;6.8165;0.0000;-776.7000;0.0000;6.8165;1.0000;0.0000;0.0000;0.0000;0.0000
1791;812.54;780.9500;1143.6000;1165.1000;384.1500;105.9286;-0.0250;0.0000;-780.9500;0.0000;6.8165;0.0000;-780.9500;0.0000;6.8165;1.0000;0.0000;0.0000;0.0000;0.0000
1792;812.78;788.1000;1159.2000;1164.4000;376.3000;101.4012;-0.0060;0.0000;-788.1000;0.0000;6.8165;0.0000;-788.1000;0.0000;6.8165;1.0000;0.0000;0.0000;0.0000;0.0000
1793;813.02;783.6000;1164.5500;1185.3000;401.7000;105.4469;-0.0230;0.0000;-783.6000;0.0000;6.8165;0.0000;-783.6000;0.0000;6.8165;1.0000;0.0000;0.0000;0.0000;0.0000
1794;813.25;778.4500;1156.2000;1178.6000;400.1500;105.9298;-0.0250;0.0000;-778.4500;0.0000;6.8165;0.0000;-778.4500;0.0000;6.8165;1.0000;0.0000;0.0000;0.0000;0.0000
1795;813.49;773.4500;1162.8000;1184.2500;410.8000;105.5092;-0.0233;0.0000;-773.4500;0.0000;6.8165;0.0000;-773.4500;0.0000;6.8165;1.0000;0.0000;0.0000;0.0000;0.0000
1796;813.73;792.6000;1151.2500;1178.9000;386.3000;107.7095;-0.0323;0.0000;-792.6000;0.0000;6.8165;0.0000;-792.6000;0.0000;6.8165;1.0000;0.0000;0.0000;0.0000;0.0000
1797;813.96;782.2000;1164.7500;1175.6000;393.4000;102.8362;-0.0121;0.0000;-782.2000;0.0000;6.8165;0.0000;-782.2000;0.0000;6.8165;1.0000;0.0000;0.0000;0.0000;0.0000
1798;814.20;781.9000;1162.2500;1168.7500;386.8500;101.7090;-0.0074;0.0000;-781.9000;0.0000;6.8165;0.0000;-781.9000;0.0000;6.8165;1.0000;0.0000;0.0000;0.0000;0.0000
1799;814.44;783.6000;1161.9500;1184.7500;401.1500;106.0262;-0.0254;0.0000;-783.6000;0.0000;6.8165;0.0000;-783.6000;0.0000;6.8165;1.0000;0.0000;0.0000;0.0000;0.0000
1800;814.67;785.1000;1164.3000;1199.4500;414.3500;109.2695;-0.0385;0.0000;-785.1000;0.0000;6.8165;0.0000;-785.1000;0.0000;6.8165;1.0000;0.0000;0.0000;0.0000;0.0000
1801;814.91;773.6500;1174.9000;1193.7000;420.0500;104.6854;-0.0199;0.0000;-773.6500;0.0000;6.8165;0.0000;-773.6500;0.0000;6.8165;1.0000;0.0000;0.0000;0.0000;0.0000
1802;815.14;781.3000;1180.0500;1184.5000;403.2000;101.1160;-0.0048;0.0000;-781.3000;0.0000;6.8165;0.0000;-781.3000;0.0000;6.8165;1.0000;0.0000;0.0000;0.0000;0.0000
1803;815.38;783.5000;1173.7500;1190.9500;407.4500;104.4074;-0.0187;0.0000;-783.5000;0.0000;6.8165;0.0000;-783.5000;0.0000;6.8165;1.0000;0.0000;0.0000;0.0000;0.0000
1804;815.61;788.0500;1177.6500;1188.8500;400.8000;102.8747;-0.0123;0.0000;-788.0500;0.0000;6.8165;0.0000;-788.0500;0.0000;6.8165;1.0000;0.0000;0.0000;0.0000;0.0000
1805;815.85;792.2000;1174.5000;1197.2500;405.0500;105.9508;-0.0251;0.0000;-792.2000;0.0000;6.8165;0.0000;-792.2000;0.0000;6.8165;1.0000;0.0000;0.0000;0.0000;0.0000
1806;816.09;776.2000;1165.6000;1207.8500;431.6500;110.0000;-0.0414;0.0000;-776.2000;0.0000;6.8165;0.0000;-776.2000;0.0000;6.8165;1.0000;0.0000;0.0000;0.0000;0.0000
1807;816.32;779.3000;1181.7000;1205.6500;426.3500;105.9518;-0.0251;0.0000;-779.3000;0.0000;6.8165;0.0000;-779.3000;0.0000;6.8165;1.0000;0.0000;0.0000;0.0000;0.0000
1808;816.56;786.3000;1175.5500;1205.5500;419.2500;107.7071;-0.0322;0.0000;-786.3000;0.0000;6.8165;0.0000;-786.3000;0.0000;6.8165;1.0000;0.0000;0.0000;0.0000;0.0000
1809;816.79;791.8500;1188.9000;1208.5500;416.7000;104.9490;-0.0210;0.0000;-791.8500;0.0000;6.8165;0.0000;-791.8500;0.0000;6.8165;1.0000;0.0000;0.0000;0.0000;0.0000
1810;817.03;784.3500;1189.0000;1218.0000;433.6500;107.1667;-0.0301;0.0000;-784.3500;0.0000;6.8165;0.0000;-784.3500;0.0000;6.8165;1.0000;0.0000;0.0000;0.0000;0.0000
1811;817.26;803.2000;1184.3500;1210.8500;407.6500;106.9526;-0.0292;0.0000;-803.2000;0.0000;6.8165;0.0000;-803.2000;0.0000;6.8165;1.0000;0.0000;0.0000;0.0000;0.0000
1812;817.50;773.5500;1188.6500;1226.5500;453.0000;109.1303;-0.0379;0.0000;-773.5500;0.0000;6.8165;0.0000;-773.5500;0.0000;6.8165;1.0000;0.0000;0.0000;0.0000;0.0000
1813;817.73;784.6500;1192.6500;1201.5500;416.9000;102.1814;-0.0094;0.0000;-784.6500;0.0000;6.8165;0.0000;-784.6500;0.0000;6.8165;1.0000;0.0000;0.0000;0.0000;0.0000
1814;817.97;782.5500;1196.5500;1189.7500;407.2000;98.3575;0.0072;0.0000;-782.5500;0.0000;6.8165;0.0000;-782.5500;0.0000;6.8165;1.0000;0.0000;0.0000;0.0000;0.0000
1815;818.20;798.1500;1202.8000;1207.8500;409.7000;101.2480;-0.0054;0.0000;-798.1500;0.0000;6.8165;0.0000;-798.1500;0.0000;6.8165;1.0000;0.0000;0.0000;0.0000;0.0000
1816;818.43;779.6500;1196.9000;1203.0000;423.3500;101.4620;-0.0063;0.0000;-779.6500;0.0000;6.8165;0.0000;-779.6500;0.0000;6.8165;1.0000;0.0000;0.0000;0.0000;0.0000
1817;818.67;790.3500;1213.1000;1227.1000;436.7500;103.3116;-0.0141;0.0000;-790.3500;0.0000;6.8165;0.0000;-790.3500;0.0000;6.8165;1.0000;0.0000;0.0000;0.0000;0.0000
1818;818.90;793.7500;1188.7000;1208.6500;414.9000;105.0513;-0.0214;0.0000;-793.7500;0.0000;6.8165;0.0000;-793.7500;0.0000;6.8165;1.0000;0.0000;0.0000;0.0000;0.0000
1819;819.14;788.9000;1204.5500;1238.7500;449.8500;108.2281;-0.0343;0.0000;-788.9000;0.0000;6.8165;0.0000;-788.9000;0.0000;6.8165;1.0000;0.0000;0.0000;0.0000;0.0000
1820;819.37;778.8000;1201.2500;1211.6500;432.8500;102.4618;-0.0106;0.0000;-778.8000;0.0000;6.8165;0.0000;-778.8000;0.0000;6.8165;1.0000;0.0000;0.0000;0.0000;0.0000
1821;819.61;786.7500;1223.9500;1239.9500;453.2000;103.6597;-0.0156;0.0000;-786.7500;0.0000;6.8165;0.0000;-786.7500;0.0000;6.8165;1.0000;0.0000;0.0000;0.0000;0.0000
1822;819.84;790.7500;1221.1500;1240.8000;450.0500;104.5655;-0.0194;0.0000;-790.7500;0.0000;6.8165;0.0000;-790.7500;0.0000;6.8165;1.0000;0.0000;0.0000;0.0000;0.0000
1823;820.07;788.8500;1212.8500;1243.8000;454.9500;107.2995;-0.0306;0.0000;-788.8500;0.0000;6.8165;0.0000;-788.8500;0.0000;6.8165;1.0000;0.0000;0.0000;0.0000;0.0000
1824;820.31;788.2500;1237.4500;1221.3000;433.0500;96.4047;0.0159;0.0000;-788.2500;0.0000;6.8165;0.0000;-788.2500;0.0000;6.8165;1.0000;0.0000;0.0000;0.0000;0.0000
1825;820.54;783.2000;1218.2000;1237.2000;454.0000;104.3678;-0.0186;0.0000;-783.2000;0.0000;6.8165;0.0000;-783.2000;0.0000;6.8165;1.0000;0.0000;0.0000;0.0000;0.0000
1826;820.77;785.8500;1229.8500;1247.4500;461.6000;103.9640;-0.0169;0.0000;-785.8500;0.0000;6.8165;0.0000;-785.8500;0.0000;6.8165;1.0000;0.0000;0.0000;0.0000;0.0000
1827;821.01;785.7000;1255.5500;1275.4000;489.7000;104.2248;-0.0180;0.0000;-785.7000;0.0000;6.8165;0.0000;-785.7000;0.0000;6.8165;1.0000;0.0000;0.0000;0.0000;0.0000
1828;821.24;780.0500;1259.1000;1276.4500;496.4000;103.6218;-0.0155;0.0000;-780.0500;0.0000;6.8165;0.0000;-780.0500;0.0000;6.8165;1.0000;0.0000;0.0000;0.0000;0.0000
1829;821.47;795.7500;1259.6000;1288.6500;492.9000;106.2628;-0.0264;0.0000;-795.7500;0.0000;6.8165;0.0000;-795.7500;0.0000;6.8165;1.0000;0.0000;0.0000;0.0000;0.0000
1830;821.71;785.1000;1274.6500;1300.8500;515.7500;105.3519;-0.0226;0.0000;-785.1000;0.0000;6.8165;0.0000;-785.1000;0.0000;6.8165;1.0000;0.0000;0.0000;0.0000;0.0000
1831;821.94;779.7000;1298.6000;1350.0500;570.3500;109.9152;-0.0411;0.0000;-779.7000;0.0000;6.8165;0.0000;-779.7000;0.0000;6.8165;1.0000;0.0000;0.0000;0.0000;0.0000
1832;822.17;782.7500;1310.9500;1348.0000;565.2500;107.0144;-0.0294;0.0000;-782.7500;0.0000;6.8165;0.0000;-782.7500;0.0000;6.8165;1.0000;0.0000;0.0000;0.0000;0.0000
1833;822.40;786.7000;1331.8000;1370.3000;583.6000;107.0629;-0.0296;0.0000;-786.7000;0.0000;6.8165;0.0000;-786.7000;0.0000;6.8165;1.0000;0.0000;0.0000;0.0000;0.0000
1834;822.64;794.5000;1361.6500;1394.9500;600.4500;105.8715;-0.0248;0.0000;-794.5000;0.0000;6.8165;0.0000;-794.5000;0.0000;6.8165;1.0000;0.0000;0.0000;0.0000;0.0000
1835;822.87;798.4500;1381.1500;1436.0500;637.6000;109.4217;-0.0391;0.0000;-798.4500;0.0000;6.8165;0.0000;-798.4500;0.0000;6.8165;1.0000;0.0000;0.0000;0.0000;0.0000
1836;823.10;795.1000;1435.7000;1470.3500;675.2500;105.4090;-0.0229;0.0000;-795.1000;0.0000;6.8165;0.0000;-795.1000;0.0000;6.8165;1.0000;0.0000;0.0000;0.0000;0.0000
1837;823.33;787.7000;1469.7500;1507.3500;719.6500;105.5128;-0.0233;0.0000;-787.7000;0.0000;6.8165;0.0000;-787.7000;0.0000;6.8165;1.0000;0.0000;0.0000;0.0000;0.0000
1838;823.57;799.3000;1525.5500;1554.2000;754.9000;103.9449;-0.0168;0.0000;-799.3000;0.0000;6.8165;0.0000;-799.3000;0.0000;6.8165;1.0000;0.0000;0.0000;0.0000;0.0000
1839;823.80;799.0500;1576.8500;1612.7500;813.7000;104.6156;-0.0196;0.0000;-799.0500;0.0000;6.8165;0.0000;-799.0500;0.0000;6.8165;1.0000;0.0000;0.0000;0.0000;0.0000
1840;824.03;792.1500;1630.2500;1652.0000;859.8500;102.5952;-0.0111;0.0000;-792.1500;0.0000;6.8165;0.0000;-792.1500;0.0000;6.8165;1.0000;0.0000;0.0000;0.0000;0.0000
1841;824.26;781.7500;1686.0500;1674.6500;892.9000;98.7394;0.0055;0.0000;-781.7500;0.0000;6.8165;0.0000;-781.7500;0.0000;6.8165;1.0000;0.0000;0.0000;0.0000;0.0000
1842;824.49;775.0000;1711.1000;1695.4500;920.4500;98.3282;0.0073;0.0000;-775.0000;0.0000;6.8165;0.0000;-775.0000;0.0000;6.8165;1.0000;0.0000;0.0000;0.0000;0.0000
1843;824.73;774.1500;1754.3000;1739.4000;965.2500;98.4798;0.0067;0.0000;-774.1500;0.0000;6.8165;0.0000;-774.1500;0.0000;6.8165;1.0000;0.0000;0.0000;0.0000;0.0000
1844;824.96;786.5500;1769.0500;1755.3500;968.8000;98.6056;0.0061;0.0000;-786.5500;0.0000;6.8165;0.0000;-786.5500;0.0000;6.8165;1.0000;0.0000;0.0000;0.0000;0.0000
1845;825.19;780.4000;1789.8000;1741.3500;960.9500;95.2001;0.0214;0.0000;-780.4000;0.0000;6.8165;0.0000;-780.4000;0.0000;6.8165;1.0000;0.0000;0.0000;0.0000;0.0000
1846;825.42;776.7000;1766.0500;1710.6500;933.9500;94.4004;0.0250;0.0000;-776.7000;0.0000;6.8165;0.0000;-776.7000;0.0000;6.8165;1.0000;0.0000;0.0000;0.0000;0.0000
1847;825.65;780.0000;1748.6500;1678.7500;898.7500;92.7838;0.0325;0.0000;-780.0000;0.0000;6.8165;0.0000;-780.0000;0.0000;6.8165;1.0000;0.0000;0.0000;0.0000;0.0000
1848;825.88;779.7500;1693.6500;1649.2000;869.4500;95.1362;0.0217;0.0000;-779.7500;0.0000;6.8165;0.0000;-779.7500;0.0000;6.8165;1.0000;0.0000;0.0000;0.0000;0.0000
1849;826.11;787.3500;1666.0000;1602.2500;814.9000;92.7446;0.0327;0.0000;-787.3500;0.0000;6.8165;0.0000;-787.3500;0.0000;6.8165;1.0000;0.0000;0.0000;0.0000;0.0000
1850;826.34;793.7500;1636.8000;1592.1000;798.3500;94.6978;0.0237;0.0000;-793.7500;0.0000;6.8165;0.0000;-793.7500;0.0000;6.8165;1.0000;0.0000;0.0000;0.0000;0.0000
1851;826.57;799.2000;1579.5000;1561.2500;762.0500;97.6612;0.0103;0.0000;-799.2000;0.0000;6.8165;0.0000;-799.2000;0.0000;6.8165;1.0000;0.0000;0.0000;0.0000;0.0000
1852;826.81;789.3500;1558.8500;1540.8000;751.4500;97.6543;0.0103;0.0000;-789.3500;0.0000;6.8165;0.0000;-789.3500;0.0000;6.8165;1.0000;0.0000;0.0000;0.0000;0.0000
1853;827.04;780.1000;1536.0500;1533.0000;752.9000;99.5965;0.0018;0.0000;-780.1000;0.0000;6.8165;0.0000;-780.1000;0.0000;6.8165;1.0000;0.0000;0.0000;0.0000;0.0000
1854;827.27;775.0500;1515.4000;1508.7500;733.7000;99.1018;0.0039;0.0000;-775.0500;0.0000;6.8165;0.0000;-775.0500;0.0000;6.8165;1.0000;0.0000;0.0000;0.0000;0.0000
1855;827.50;782.7500;1503.6500;1488.9500;706.2000;97.9609;0.0089;0.0000;-782.7500;0.0000;6.8165;0.0000;-782.7500;0.0000;6.8165;1.0000;0.0000;0.0000;0.0000;0.0000
1856;827.73;784.9500;1477.8000;1473.4500;688.5000;99.3722;0.0027;0.0000;-784.9500;0.0000;6.8165;0.0000;-784.9500;0.0000;6.8165;1.0000;0.0000;0.0000;0.0000;0.0000
1857;827.96;797.0500;1461.0000;1481.8500;684.8000;103.1403;-0.0134;0.0000;-797.0500;0.0000;6.8165;0.0000;-797.0500;0.0000;6.8165;1.0000;0.0000;0.0000;0.0000;0.0000
1858;828.19;779.8000;1483.3000;1479.3000;699.5000;99.4314;0.0025;0.0000;-779.8000;0.0000;6.8165;0.0000;-779.8000;0.0000;6.8165;1.0000;0.0000;0.0000;0.0000;0.0000
1859;828.42;781.7500;1469.7500;1498.7500;717.0000;104.2151;-0.0179;0.0000;-781.7500;0.0000;6.8165;0.0000;-781.7500;0.0000;6.8165;1.0000;0.0000;0.0000;0.0000;0.0000
1860;828.65;799.4000;1501.1000;1526.5000;727.1000;103.6198;-0.0154;0.0000;-799.4000;0.0000;6.8165;0.0000;-799.4000;0.0000;6.8165;1.0000;0.0000;0.0000;0.0000;0.0000
1861;828.88;792.0000;1516.2500;1540.9000;748.9000;103.4035;-0.0145;0.0000;-792.0000;0.0000;6.8165;0.0000;-792.0000;0.0000;6.8165;1.0000;0.0000;0.0000;0.0000;0.0000
1862;829.11;781.9500;1521.5500;1540.8500;758.9000;102.6095;-0.0112;0.0000;-781.9500;0.0000;6.8165;0.0000;-781.9500;0.0000;6.8165;1.0000;0.0000;0.0000;0.0000;0.0000
1863;829.34;795.2000;1533.9500;1572.5500;777.3500;105.2250;-0.0221;0.0000;-795.2000;0.0000;6.8165;0.0000;-795.2000;0.0000;6.8165;1.0000;0.0000;0.0000;0.0000;0.0000
1864;829.57;787.7500;1516.3500;1565.0500;777.3000;106.6841;-0.0281;0.0000;-787.7500;0.0000;6.8165;0.0000;-787.7500;0.0000;6.8165;1.0000;0.0000;0.0000;0.0000;0.0000
1865;829.80;776.4000;1504.5500;1537.8500;761.4500;104.5732;-0.0194;0.0000;-776.4000;0.0000;6.8165;0.0000;-776.4000;0.0000;6.8165;1.0000;0.0000;0.0000;0.0000;0.0000
1866;830.03;785.5500;1500.3500;1515.2500;729.7000;102.0845;-0.0090;0.0000;-785.5500;0.0000;6.8165;0.0000;-785.5500;0.0000;6.8165;1.0000;0.0000;0.0000;0.0000;0.0000
1867;830.25;770.6000;1471.0500;1507.9000;737.3000;105.2609;-0.0223;0.0000;-770.6000;0.0000;6.8165;0.0000;-770.6000;0.0000;6.8165;1.0000;0.0000;0.0000;0.0000;0.0000
1868;830.48;791.4000;1468.0500;1485.7000;694.3000;102.6084;-0.0112;0.0000;-791.4000;0.0000;6.8165;0.0000;-791.4000;0.0000;6.8165;1.0000;0.0000;0.0000;0.0000;0.0000
1869;830.71;795.7500;1438.2500;1458.7000;662.9500;103.1829;-0.0136;0.0000;-795.7500;0.0000;6.8165;0.0000;-795.7500;0.0000;6.8165;1.0000;0.0000;0.0000;0.0000;0.0000
1870;830.94;783.2000;1393.1000;1406.9000;623.7000;102.2627;-0.0097;0.0000;-783.2000;0.0000;6.8165;0.0000;-783.2000;0.0000;6.8165;1.0000;0.0000;0.0000;0.0000;0.0000
1871;831.17;771.8500;1362.5500;1373.7000;601.8500;101.8876;-0.0081;0.0000;-771.8500;0.0000;6.8165;0.0000;-771.8500;0.0000;6.8165;1.0000;0.0000;0.0000;0.0000;0.0000
1872;831.40;780.1000;1350.0500;1364.9500;584.8500;102.6143;-0.0112;0.0000;-780.1000;0.0000;6.8165;0.0000;-780.1000;0.0000;6.8165;1.0000;0.0000;0.0000;0.0000;0.0000
1873;831.63;794.5000;1335.0000;1325.1500;530.6500;98.1776;0.0080;0.0000;-794.5000;0.0000;6.8165;0.0000;-794.5000;0.0000;6.8165;1.0000;0.0000;0.0000;0.0000;0.0000
1874;831.86;786.6000;1303.2500;1313.9000;527.3000;102.0614;-0.0089;0.0000;-786.6000;0.0000;6.8165;0.0000;-786.6000;0.0000;6.8165;1.0000;0.0000;0.0000;0.0000;0.0000
1875;832.08;774.6000;1266.5500;1276.1000;501.5000;101.9413;-0.0083;0.0000;-774.6000;0.0000;6.8165;0.0000;-774.6000;0.0000;6.8165;1.0000;0.0000;0.0000;0.0000;0.0000
1876;832.31;789.3000;1248.0500;1263.5000;474.2000;103.3678;-0.0144;0.0000;-789.3000;0.0000;6.8165;0.0000;-789.3000;0.0000;6.8165;1.0000;0.0000;0.0000;0.0000;0.0000
1877;832.54;787.4000;1256.4000;1261.8000;474.4000;101.1514;-0.0050;0.0000;-787.4000;0.0000;6.8165;0.0000;-787.4000;0.0000;6.8165;1.0000;0.0000;0.0000;0.0000;0.0000
1878;832.77;782.9500;1248.4000;1261.7500;478.8000;102.8682;-0.0123;0.0000;-782.9500;0.0000;6.8165;0.0000;-782.9500;0.0000;6.8165;1.0000;0.0000;0.0000;0.0000;0.0000
1879;833.00;778.5000;1251.0000;1260.1500;481.6500;101.9365;-0.0083;0.0000;-778.5000;0.0000;6.8165;0.0000;-778.5000;0.0000;6.8165;1.0000;0.0000;0.0000;0.0000;0.0000
1880;833.22;770.5000;1257.5500;1251.8500;481.3500;98.8297;0.0051;0.0000;-770.5000;0.0000;6.8165;0.0000;-770.5000;0.0000;6.8165;1.0000;0.0000;0.0000;0.0000;0.0000
1881;833.45;781.3500;1247.5500;1253.3000;471.9500;101.2334;-0.0053;0.0000;-781.3500;0.0000;6.8165;0.0000;-781.3500;0.0000;6.8165;1.0000;0.0000;0.0000;0.0000;0.0000
1882;833.68;780.1500;1248.2500;1252.6000;472.4500;100.9293;-0.0040;0.0000;-780.1500;0.0000;6.8165;0.0000;-780.1500;0.0000;6.8165;1.0000;0.0000;0.0000;0.0000;0.0000
1883;833.91;782.6500;1239.7500;1256.9000;474.2500;103.7519;-0.0160;0.0000;-782.6500;0.0000;6.8165;0.0000;-782.6500;0.0000;6.8165;1.0000;0.0000;0.0000;0.0000;0.0000
1884;834.13;785.8000;1241.7000;1265.8000;480.0000;105.2862;-0.0224;0.0000;-785.8000;0.0000;6.8165;0.0000;-785.8000;0.0000;6.8165;1.0000;0.0000;0.0000;0.0000;0.0000
1885;834.36;791.5500;1238.2000;1238.4000;446.8500;100.0448;-0.0002;0.0000;-791.5500;0.0000;6.8165;0.0000;-791.5500;0.0000;6.8165;1.0000;0.0000;0.0000;0.0000;0.0000
1886;834.59;806.1500;1245.4500;1263.8500;457.7000;104.1885;-0.0178;0.0000;-806.1500;0.0000;6.8165;0.0000;-806.1500;0.0000;6.8165;1.0000;0.0000;0.0000;0.0000;0.0000
1887;834.82;794.3500;1252.8000;1274.0000;479.6500;104.6243;-0.0196;0.0000;-794.3500;0.0000;6.8165;0.0000;-794.3500;0.0000;6.8165;1.0000;0.0000;0.0000;0.0000;0.0000
1888;835.04;780.1500;1269.3000;1283.2500;503.1000;102.8519;-0.0122;0.0000;-780.1500;0.0000;6.8165;0.0000;-780.1500;0.0000;6.8165;1.0000;0.0000;0.0000;0.0000;0.0000
1889;835.27;785.5000;1279.1000;1314.2500;528.7500;107.1212;-0.0299;0.0000;-785.5000;0.0000;6.8165;0.0000;-785.5000;0.0000;6.8165;1.0000;0.0000;0.0000;0.0000;0.0000
1890;835.50;782.9500;1308.1000;1353.6500;570.7000;108.6737;-0.0361;0.0000;-782.9500;0.0000;6.8165;0.0000;-782.9500;0.0000;6.8165;1.0000;0.0000;0.0000;0.0000;0.0000
1891;835.72;796.5500;1314.6000;1361.6000;565.0500;109.0725;-0.0377;0.0000;-796.5500;0.0000;6.8165;0.0000;-796.5500;0.0000;6.8165;1.0000;0.0000;0.0000;0.0000;0.0000
1892;835.95;780.3000;1339.8500;1361.6500;581.3500;103.8960;-0.0166;0.0000;-780.3000;0.0000;6.8165;0.0000;-780.3000;0.0000;6.8165;1.0000;0.0000;0.0000;0.0000;0.0000
1893;836.18;781.0500;1334.0000;1375.8500;594.8000;107.5685;-0.0317;0.0000;-781.0500;0.0000;6.8165;0.0000;-781.0500;0.0000;6.8165;1.0000;0.0000;0.0000;0.0000;0.0000
1894;836.40;788.4000;1318.6000;1366.2000;577.8000;108.9777;-0.0373;0.0000;-788.4000;0.0000;6.8165;0.0000;-788.4000;0.0000;6.8165;1.0000;0.0000;0.0000;0.0000;0.0000
1895;836.63;784.3000;1318.9000;1353.0000;568.7000;106.3786;-0.0269;0.0000;-784.3000;0.0000;6.8165;0.0000;-784.3000;0.0000;6.8165;1.0000;0.0000;0.0000;0.0000;0.0000
1896;836.86;782.6000;1337.1500;1336.7000;554.1000;99.9189;0.0004;0.0000;-782.6000;0.0000;6.8165;0.0000;-782.6000;0.0000;6.8165;1.0000;0.0000;0.0000;0.0000;0.0000
1897;837.08;796.1500;1305.8500;1325.3000;529.1500;103.8160;-0.0163;0.0000;-796.1500;0.0000;6.8165;0.0000;-796.1500;0.0000;6.8165;1.0000;0.0000;0.0000;0.0000;0.0000
1898;837.31;788.4000;1293.1500;1308.3500;519.9500;103.0114;-0.0129;0.0000;-788.4000;0.0000;6.8165;0.0000;-788.4000;0.0000;6.8165;1.0000;0.0000;0.0000;0.0000;0.0000
1899;837.53;782.2500;1287.2000;1305.6000;523.3500;103.6439;-0.0155;0.0000;-782.2500;0.0000;6.8165;0.0000;-782.2500;0.0000;6.8165;1.0000;0.0000;0.0000;0.0000;0.0000
1900;837.76;780.9000;1251.1000;1272.0000;491.1000;104.4449;-0.0189;0.0000;-780.9000;0.0000;6.8165;0.0000;-780.9000;0.0000;6.8165;1.0000;0.0000;0.0000;0.0000;0.0000
1901;837.99;778.1500;1240.5000;1268.0000;489.8500;105.9479;-0.0251;0.0000;-778.1500;0.0000;6.8165;0.0000;-778.1500;0.0000;6.8165;1.0000;0.0000;0.0000;0.0000;0.0000
1902;838.21;795.2500;1253.1500;1240.5500;445.3000;97.2483;0.0121;0.0000;-795.2500;0.0000;6.8165;0.0000;-795.2500;0.0000;6.8165;1.0000;0.0000;0.0000;0.0000;0.0000
1903;838.44;790.7000;1220.0000;1229.2000;438.5000;102.1430;-0.0092;0.0000;-790.7000;0.0000;6.8165;0.0000;-790.7000;0.0000;6.8165;1.0000;0.0000;0.0000;0.0000;0.0000
1904;838.66;795.0500;1213.4500;1220.9000;425.8500;101.7806;-0.0077;0.0000;-795.0500;0.0000;6.8165;0.0000;-795.0500;0.0000;6.8165;1.0000;0.0000;0.0000;0.0000;0.0000
1905;838.89;781.2500;1201.8000;1212.6000;431.3500;102.5681;-0.0110;0.0000;-781.2500;0.0000;6.8165;0.0000;-781.2500;0.0000;6.8165;1.0000;0.0000;0.0000;0.0000;0.0000
1906;839.11;783.7500;1209.9500;1218.1500;434.4000;101.9240;-0.0083;0.0000;-783.7500;0.0000;6.8165;0.0000;-783.7500;0.0000;6.8165;1.0000;0.0000;0.0000;0.0000;0.0000
1907;839.34;792.9500;1202.4000;1202.8000;409.8500;100.0977;-0.0004;0.0000;-792.9500;0.0000;6.8165;0.0000;-792.9500;0.0000;6.8165;1.0000;0.0000;0.0000;0.0000;0.0000
1908;839.56;779.5500;1212.0500;1200.5000;420.9500;97.3295;0.0118;0.0000;-779.5500;0.0000;6.8165;0.0000;-779.5500;0.0000;6.8165;1.0000;0.0000;0.0000;0.0000;0.0000
1909;839.79;789.9500;1204.2500;1186.6500;396.7000;95.7519;0.0189;0.0000;-789.9500;0.0000;6.8165;0.0000;-789.9500;0.0000;6.8165;1.0000;0.0000;0.0000;0.0000;0.0000
1910;840.01;782.3500;1188.8000;1195.0500;412.7000;101.5377;-0.0066;0.0000;-782.3500;0.0000;6.8165;0.0000;-782.3500;0.0000;6.8165;1.0000;0.0000;0.0000;0.0000;0.0000
1911;840.24;796.2500;1187.5500;1185.6500;389.4000;99.5144;0.0021;0.0000;-796.2500;0.0000;6.8165;0.0000;-796.2500;0.0000;6.8165;1.0000;0.0000;0.0000;0.0000;0.0000
1912;840.46;786.6500;1199.1500;1189.6000;402.9500;97.6848;0.0102;0.0000;-786.6500;0.0000;6.8165;0.0000;-786.6500;0.0000;6.8165;1.0000;0.0000;0.0000;0.0000;0.0000
1913;840.69;785.1000;1194.5000;1190.4500;405.3500;99.0107;0.0043;0.0000;-785.1000;0.0000;6.8165;0.0000;-785.1000;0.0000;6.8165;1.0000;0.0000;0.0000;0.0000;0.0000
1914;840.91;798.1500;1182.5500;1195.4500;397.3000;103.3559;-0.0143;0.0000;-798.1500;0.0000;6.8165;0.0000;-798.1500;0.0000;6.8165;1.0000;0.0000;0.0000;0.0000;0.0000
1915;841.13;794.2000;1173.3000;1172.2000;378.0000;99.7098;0.0013;0.0000;-794.2000;0.0000;6.8165;0.0000;-794.2000;0.0000;6.8165;1.0000;0.0000;0.0000;0.0000;0.0000
1916;841.36;788.2500;1187.3500;1194.6000;406.3500;101.8166;-0.0078;0.0000;-788.2500;0.0000;6.8165;0.0000;-788.2500;0.0000;6.8165;1.0000;0.0000;0.0000;0.0000;0.0000
1917;841.58;780.0000;1189.4000;1184.2500;404.2500;98.7421;0.0055;0.0000;-780.0000;0.0000;6.8165;0.0000;-780.0000;0.0000;6.8165;1.0000;0.0000;0.0000;0.0000;0.0000
1918;841.81;781.9500;1184.2000;1204.4000;422.4500;105.0218;-0.0213;0.0000;-781.9500;0.0000;6.8165;0.0000;-781.9500;0.0000;6.8165;1.0000;0.0000;0.0000;0.0000;0.0000
1919;842.03;786.8500;1190.7000;1206.4000;419.5500;103.8876;-0.0166;0.0000;-786.8500;0.0000;6.8165;0.0000;-786.8500;0.0000;6.8165;1.0000;0.0000;0.0000;0.0000;0.0000
1920;842.25;795.6000;1204.3500;1231.2000;435.6000;106.5688;-0.0276;0.0000;-795.6000;0.0000;6.8165;0.0000;-795.6000;0.0000;6.8165;1.0000;0.0000;0.0000;0.0000;0.0000
1921;842.48;795.3500;1199.6500;1224.4000;429.0500;106.1217;-0.0258;0.0000;-795.3500;0.0000;6.8165;0.0000;-795.3500;0.0000;6.8165;1.0000;0.0000;0.0000;0.0000;0.0000
1922;842.70;780.4000;1220.2500;1216.6500;436.2500;99.1815;0.0036;0.0000;-780.4000;0.0000;6.8165;0.0000;-780.4000;0.0000;6.8165;1.0000;0.0000;0.0000;0.0000;0.0000
1923;842.92;792.8500;1212.2500;1238.9500;446.1000;106.3662;-0.0268;0.0000;-792.8500;0.0000;6.8165;0.0000;-792.8500;0.0000;6.8165;1.0000;0.0000;0.0000;0.0000;0.0000
1924;843.15;800.8500;1213.6500;1224.5500;423.7000;102.6405;-0.0113;0.0000;-800.8500;0.0000;6.8165;0.0000;-800.8500;0.0000;6.8165;1.0000;0.0000;0.0000;0.0000;0.0000
1925;843.37;793.6500;1199.7500;1235.1000;441.4500;108.7048;-0.0362;0.0000;-793.6500;0.0000;6.8165;0.0000;-793.6500;0.0000;6.8165;1.0000;0.0000;0.0000;0.0000;0.0000
1926;843.59;788.9500;1198.6000;1236.1500;447.2000;109.1664;-0.0381;0.0000;-788.9500;0.0000;6.8165;0.0000;-788.9500;0.0000;6.8165;1.0000;0.0000;0.0000;0.0000;0.0000
1927;843.82;796.0000;1195.1500;1209.3500;413.3500;103.5576;-0.0152;0.0000;-796.0000;0.0000;6.8165;0.0000;-796.0000;0.0000;6.8165;1.0000;0.0000;0.0000;0.0000;0.0000
1928;844.04;788.5000;1156.2000;1194.3500;405.8500;110.0000;-0.0414;0.0000;-788.5000;0.0000;6.8165;0.0000;-788.5000;0.0000;6.8165;1.0000;0.0000;0.0000;0.0000;0.0000
1929;844.26;786.5000;1173.1000;1213.4000;426.9000;110.0000;-0.0414;0.0000;-786.5000;0.0000;6.8165;0.0000;-786.5000;0.0000;6.8165;1.0000;0.0000;0.0000;0.0000;0.0000
1930;844.49;790.7000;1171.8000;1204.5500;413.8500;108.5935;-0.0358;0.0000;-790.7000;0.0000;6.8165;0.0000;-790.7000;0.0000;6.8165;1.0000;0.0000;0.0000;0.0000;0.0000
1931;844.71;789.1000;1161.0500;1183.5500;394.4500;106.0492;-0.0255;0.0000;-789.1000;0.0000;6.8165;0.0000;-789.1000;0.0000;6.8165;1.0000;0.0000;0.0000;0.0000;0.0000
1932;844.93;789.1500;1151.1000;1162.4000;373.2500;103.1220;-0.0134;0.0000;-789.1500;0.0000;6.8165;0.0000;-789.1500;0.0000;6.8165;1.0000;0.0000;0.0000;0.0000;0.0000
1933;845.15;794.8000;1135.8000;1172.2500;377.4500;110.0000;-0.0414;0.0000;-794.8000;0.0000;6.8165;0.0000;-794.8000;0.0000;6.8165;1.0000;0.0000;0.0000;0.0000;0.0000
1934;845.38;792.0000;1137.8000;1173.6000;381.6000;110.0000;-0.0414;0.0000;-792.0000;0.0000;6.8165;0.0000;-792.0000;0.0000;6.8165;1.0000;0.0000;0.0000;0.0000;0.0000
1935;845.60;798.1000;1142.5000;1157.2500;359.1500;104.2828;-0.0182;0.0000;-798.1000;0.0000;6.8165;0.0000;-798.1000;0.0000;6.8165;1.0000;0.0000;0.0000;0.0000;0.0000
1936;845.82;789.9000;1157.1500;1151.7500;361.8500;98.5296;0.0064;0.0000;-789.9000;0.0000;6.8165;0.0000;-789.9000;0.0000;6.8165;1.0000;0.0000;0.0000;0.0000;0.0000
1937;846.04;775.9000;1132.3000;1138.2500;362.3500;101.6695;-0.0072;0.0000;-775.9000;0.0000;6.8165;0.0000;-775.9000;0.0000;6.8165;1.0000;0.0000;0.0000;0.0000;0.0000
1938;846.26;784.6000;1147.0500;1143.6500;359.0500;99.0619;0.0041;0.0000;-784.6000;0.0000;6.8165;0.0000;-784.6000;0.0000;6.8165;1.0000;0.0000;0.0000;0.0000;0.0000
1939;846.48;778.9500;1132.0500;1143.4000;364.4500;103.2144;-0.0137;0.0000;-778.9500;0.0000;6.8165;0.0000;-778.9500;0.0000;6.8165;1.0000;0.0000;0.0000;0.0000;0.0000
1940;846.71;787.7500;1123.8000;1135.9500;348.2000;103.6155;-0.0154;0.0000;-787.7500;0.0000;6.8165;0.0000;-787.7500;0.0000;6.8165;1.0000;0.0000;0.0000;0.0000;0.0000
1941;846.93;780.1000;1125.8500;1129.8500;349.7500;101.1569;-0.0050;0.0000;-780.1000;0.0000;6.8165;0.0000;-780.1000;0.0000;6.8165;1.0000;0.0000;0.0000;0.0000;0.0000
1942;847.15;790.4000;1129.4000;1145.3500;354.9500;104.7050;-0.0200;0.0000;-790.4000;0.0000;6.8165;0.0000;-790.4000;0.0000;6.8165;1.0000;0.0000;0.0000;0.0000;0.0000
1943;847.37;786.0500;1138.8000;1138.4000;352.3500;99.8866;0.0005;0.0000;-786.0500;0.0000;6.8165;0.0000;-786.0500;0.0000;6.8165;1.0000;0.0000;0.0000;0.0000;0.0000
1944;847.59;775.7500;1118.7500;1141.1000;365.3500;106.5160;-0.0274;0.0000;-775.7500;0.0000;6.8165;0.0000;-775.7500;0.0000;6.8165;1.0000;0.0000;0.0000;0.0000;0.0000
1945;847.81;785.8000;1117.1000;1123.3000;337.5000;101.8714;-0.0081;0.0000;-785.8000;0.0000;6.8165;0.0000;-785.8000;0.0000;6.8165;1.0000;0.0000;0.0000;0.0000;0.0000
1946;848.03;774.3500;1119.3500;1129.7500;355.4000;103.0145;-0.0129;0.0000;-774.3500;0.0000;6.8165;0.0000;-774.3500;0.0000;6.8165;1.0000;0.0000;0.0000;0.0000;0.0000
1947;848.26;780.3000;1134.4500;1139.6000;359.3000;101.4542;-0.0063;0.0000;-780.3000;0.0000;6.8165;0.0000;-780.3000;0.0000;6.8165;1.0000;0.0000;0.0000;0.0000;0.0000
1948;848.48;789.7000;1132.5500;1141.5500;351.8500;102.6251;-0.0113;0.0000;-789.7000;0.0000;6.8165;0.0000;-789.7000;0.0000;6.8165;1.0000;0.0000;0.0000;0.0000;0.0000
1949;848.70;806.4000;1119.5500;1141.8000;335.4000;107.1052;-0.0298;0.0000;-806.4000;0.0000;6.8165;0.0000;-806.4000;0.0000;6.8165;1.0000;0.0000;0.0000;0.0000;0.0000
1950;848.92;785.9500;1108.0500;1136.5500;350.6000;108.8482;-0.0368;0.0000;-785.9500;0.0000;6.8165;0.0000;-785.9500;0.0000;6.8165;1.0000;0.0000;0.0000;0.0000;0.0000
1951;849.14;792.8500;1111.8000;1137.7000;344.8500;108.1204;-0.0339;0.0000;-792.8500;0.0000;6.8165;0.0000;-792.8500;0.0000;6.8165;1.0000;0.0000;0.0000;0.0000;0.0000
1952;849.36;786.5000;1119.2000;1117.7500;331.2500;99.5642;0.0019;0.0000;-786.5000;0.0000;6.8165;0.0000;-786.5000;0.0000;6.8165;1.0000;0.0000;0.0000;0.0000;0.0000
1953;849.58;777.8500;1116.8000;1154.7000;376.8500;110.0000;-0.0414;0.0000;-777.8500;0.0000;6.8165;0.0000;-777.8500;0.0000;6.8165;1.0000;0.0000;0.0000;0.0000;0.0000
1954;849.80;783.6000;1113.8000;1133.1500;349.5500;105.8601;-0.0247;0.0000;-783.6000;0.0000;6.8165;0.0000;-783.6000;0.0000;6.8165;1.0000;0.0000;0.0000;0.0000;0.0000
1955;850.02;789.9500;1115.2000;1122.0500;332.1000;102.1061;-0.0091;0.0000;-789.9500;0.0000;6.8165;0.0000;-789.9500;0.0000;6.8165;1.0000;0.0000;0.0000;0.0000;0.0000
1956;850.24;797.5000;1099.7500;1125.3000;327.8000;108.4533;-0.0352;0.0000;-797.5000;0.0000;6.8165;0.0000;-797.5000;0.0000;6.8165;1.0000;0.0000;0.0000;0.0000;0.0000
1957;850.46;795.8500;1105.5000;1125.2500;329.4000;106.3782;-0.0269;0.0000;-795.8500;0.0000;6.8165;0.0000;-795.8500;0.0000;6.8165;1.0000;0.0000;0.0000;0.0000;0.0000
1958;850.68;795.9000;1108.6500;1126.7000;330.8000;105.7714;-0.0244;0.0000;-795.9000;0.0000;6.8165;0.0000;-795.9000;0.0000;6.8165;1.0000;0.0000;0.0000;0.0000;0.0000
1959;850.90;782.1000;1104.9000;1138.3000;356.2000;110.0000;-0.0414;0.0000;-782.1000;0.0000;6.8165;0.0000;-782.1000;0.0000;6.8165;1.0000;0.0000;0.0000;0.0000;0.0000
1960;851.12;789.3000;1101.0000;1118.5500;329.2500;105.6304;-0.0238;0.0000;-789.3000;0.0000;6.8165;0.0000;-789.3000;0.0000;6.8165;1.0000;0.0000;0.0000;0.0000;0.0000
1961;851.34;766.6500;1112.8000;1122.6500;356.0000;102.8456;-0.0122;0.0000;-766.6500;0.0000;6.8165;0.0000;-766.6500;0.0000;6.8165;1.0000;0.0000;0.0000;0.0000;0.0000
1962;851.56;779.8500;1113.2500;1141.9500;362.1000;108.6083;-0.0359;0.0000;-779.8500;0.0000;6.8165;0.0000;-779.8500;0.0000;6.8165;1.0000;0.0000;0.0000;0.0000;0.0000
1963;851.78;791.5000;1076.7000;1116.2000;324.7000;110.0000;-0.0414;0.0000;-791.5000;0.0000;6.8165;0.0000;-791.5000;0.0000;6.8165;1.0000;0.0000;0.0000;0.0000;0.0000
1964;852.00;782.2500;1106.6500;1101.8000;319.5500;98.5049;0.0065;0.0000;-782.2500;0.0000;6.8165;0.0000;-782.2500;0.0000;6.8165;1.0000;0.0000;0.0000;0.0000;0.0000
1965;852.21;769.8000;1096.1500;1129.5000;359.7000;110.0000;-0.0414;0.0000;-769.8000;0.0000;6.8165;0.0000;-769.8000;0.0000;6.8165;1.0000;0.0000;0.0000;0.0000;0.0000
1966;852.43;782.4000;1108.4000;1110.8000;328.4000;100.7362;-0.0032;0.0000;-782.4000;0.0000;6.8165;0.0000;-782.4000;0.0000;6.8165;1.0000;0.0000;0.0000;0.0000;0.0000
1967;852.65;789.0000;1087.2500;1113.2000;324.2000;108.7008;-0.0362;0.0000;-789.0000;0.0000;6.8165;0.0000;-789.0000;0.0000;6.8165;1.0000;0.0000;0.0000;0.0000;0.0000
1968;852.87;787.7500;1105.5500;1115.9500;328.2000;103.2725;-0.0140;0.0000;-787.7500;0.0000;6.8165;0.0000;-787.7500;0.0000;6.8165;1.0000;0.0000;0.0000;0.0000;0.0000
1969;853.09;786.3000;1089.5500;1104.4500;318.1500;104.9134;-0.0208;0.0000;-786.3000;0.0000;6.8165;0.0000;-786.3000;0.0000;6.8165;1.0000;0.0000;0.0000;0.0000;0.0000
1970;853.31;792.5500;1098.1000;1106.6500;314.1000;102.7982;-0.0120;0.0000;-792.5500;0.0000;6.8165;0.0000;-792.5500;0.0000;6.8165;1.0000;0.0000;0.0000;0.0000;0.0000
1971;853.53;779.5000;1105.3000;1115.0500;335.5500;102.9926;-0.0128;0.0000;-779.5000;0.0000;6.8165;0.0000;-779.5000;0.0000;6.8165;1.0000;0.0000;0.0000;0.0000;0.0000
1972;853.74;780.4500;1105.8500;1112.8000;332.3500;102.1358;-0.0092;0.0000;-780.4500;0.0000;6.8165;0.0000;-780.4500;0.0000;6.8165;1.0000;0.0000;0.0000;0.0000;0.0000
1973;853.96;769.8500;1102.5000;1097.9000;328.0500;98.6172;0.0060;0.0000;-769.8500;0.0000;6.8165;0.0000;-769.8500;0.0000;6.8165;1.0000;0.0000;0.0000;0.0000;0.0000
1974;854.18;794.4000;1112.0000;1107.8500;313.4500;98.6933;0.0057;0.0000;-794.4000;0.0000;6.8165;0.0000;-794.4000;0.0000;6.8165;1.0000;0.0000;0.0000;0.0000;0.0000
1975;854.40;795.4000;1086.8500;1107.7000;312.3000;107.1539;-0.0300;0.0000;-795.4000;0.0000;6.8165;0.0000;-795.4000;0.0000;6.8165;1.0000;0.0000;0.0000;0.0000;0.0000
1976;854.62;797.4500;1094.4500;1101.7500;304.3000;102.4579;-0.0105;0.0000;-797.4500;0.0000;6.8165;0.0000;-797.4500;0.0000;6.8165;1.0000;0.0000;0.0000;0.0000;0.0000
1977;854.83;785.1000;1080.3500;1100.5000;315.4000;106.8247;-0.0287;0.0000;-785.1000;0.0000;6.8165;0.0000;-785.1000;0.0000;6.8165;1.0000;0.0000;0.0000;0.0000;0.0000
1978;855.05;787.9000;1096.4500;1111.2500;323.3500;104.7966;-0.0203;0.0000;-787.9000;0.0000;6.8165;0.0000;-787.9000;0.0000;6.8165;1.0000;0.0000;0.0000;0.0000;0.0000
1979;855.27;790.8000;1079.8500;1091.3500;300.5500;103.9786;-0.0169;0.0000;-790.8000;0.0000;6.8165;0.0000;-790.8000;0.0000;6.8165;1.0000;0.0000;0.0000;0.0000;0.0000
1980;855.49;778.4000;1092.1500;1109.2000;330.8000;105.4343;-0.0230;0.0000;-778.4000;0.0000;6.8165;0.0000;-778.4000;0.0000;6.8165;1.0000;0.0000;0.0000;0.0000;0.0000
1981;855.71;790.3000;1063.2500;1104.4000;314.1000;110.0000;-0.0414;0.0000;-790.3000;0.0000;6.8165;0.0000;-790.3000;0.0000;6.8165;1.0000;0.0000;0.0000;0.0000;0.0000
1982;855.92;778.6000;1081.0000;1096.5000;317.9000;105.1257;-0.0217;0.0000;-778.6000;0.0000;6.8165;0.0000;-778.6000;0.0000;6.8165;1.0000;0.0000;0.0000;0.0000;0.0000
1983;856.14;796.7000;1068.0000;1105.4000;308.7000;110.0000;-0.0414;0.0000;-796.7000;0.0000;6.8165;0.0000;-796.7000;0.0000;6.8165;1.0000;0.0000;0.0000;0.0000;0.0000
1984;856.36;784.9500;1080.1500;1091.0500;306.1000;103.6924;-0.0157;0.0000;-784.9500;0.0000;6.8165;0.0000;-784.9500;0.0000;6.8165;1.0000;0.0000;0.0000;0.0000;0.0000
1985;856.57;791.7000;1070.8500;1108.6500;316.9500;110.0000;-0.0414;0.0000;-791.7000;0.0000;6.8165;0.0000;-791.7000;0.0000;6.8165;1.0000;0.0000;0.0000;0.0000;0.0000
1986;856.79;789.9000;1058.0000;1089.0500;299.1500;110.0000;-0.0414;0.0000;-789.9000;0.0000;6.8165;0.0000;-789.9000;0.0000;6.8165;1.0000;0.0000;0.0000;0.0000;0.0000
1987;857.01;781.4500;1069.7000;1099.9500;318.5000;110.0000;-0.0414;0.0000;-781.4500;0.0000;6.8165;0.0000;-781.4500;0.0000;6.8165;1.0000;0.0000;0.0000;0.0000;0.0000
1988;857.22;795.8000;1083.6500;1095.8500;300.0500;104.2383;-0.0180;0.0000;-795.8000;0.0000;6.8165;0.0000;-795.8000;0.0000;6.8165;1.0000;0.0000;0.0000;0.0000;0.0000
1989;857.44;782.7500;1085.1500;1102.2000;319.4500;105.6382;-0.0238;0.0000;-782.7500;0.0000;6.8165;0.0000;-782.7500;0.0000;6.8165;1.0000;0.0000;0.0000;0.0000;0.0000
1990;857.66;787.0000;1068.9000;1090.4500;303.4500;107.6446;-0.0320;0.0000;-787.0000;0.0000;6.8165;0.0000;-787.0000;0.0000;6.8165;1.0000;0.0000;0.0000;0.0000;0.0000
1991;857.87;772.3500;1080.4000;1087.8000;315.4500;102.4022;-0.0103;0.0000;-772.3500;0.0000;6.8165;0.0000;-772.3500;0.0000;6.8165;1.0000;0.0000;0.0000;0.0000;0.0000
1992;858.09;794.8000;1047.3500;1075.7500;280.9500;110.0000;-0.0414;0.0000;-794.8000;0.0000;6.8165;0.0000;-794.8000;0.0000;6.8165;1.0000;0.0000;0.0000;0.0000;0.0000
1993;858.31;796.2500;1063.7500;1092.5500;296.3000;110.0000;-0.0414;0.0000;-796.2500;0.0000;6.8165;0.0000;-796.2500;0.0000;6.8165;1.0000;0.0000;0.0000;0.0000;0.0000
1994;858.52;787.8000;1069.9000;1082.5500;294.7500;104.4842;-0.0191;0.0000;-787.8000;0.0000;6.8165;0.0000;-787.8000;0.0000;6.8165;1.0000;0.0000;0.0000;0.0000;0.0000
1995;858.74;775.8000;1073.5000;1071.4500;295.6500;99.3114;0.0030;0.0000;-775.8000;0.0000;6.8165;0.0000;-775.8000;0.0000;6.8165;1.0000;0.0000;0.0000;0.0000;0.0000
1996;858.95;782.8000;1048.2500;1072.8500;290.0500;109.2673;-0.0385;0.0000;-782.8000;0.0000;6.8165;0.0000;-782.8000;0.0000;6.8165;1.0000;0.0000;0.0000;0.0000;0.0000
1997;859.17;773.3000;1062.0000;1065.1000;291.8000;101.0738;-0.0046;0.0000;-773.3000;0.0000;6.8165;0.0000;-773.3000;0.0000;6.8165;1.0000;0.0000;0.0000;0.0000;0.0000
1998;859.39;773.2500;1059.4000;1082.8500;309.6000;108.1950;-0.0342;0.0000;-773.2500;0.0000;6.8165;0.0000;-773.2500;0.0000;6.8165;1.0000;0.0000;0.0000;0.0000;0.0000
1999;859.60;780.7500;1066.8500;1091.8000;311.0500;108.7207;-0.0363;0.0000;-780.7500;0.0000;6.8165;0.0000;-780.7500;0.0000;6.8165;1.0000;0.0000;0.0000;0.0000;0.0000
2000;859.82;793.3000;1071.5500;1076.6500;283.3500;101.8329;-0.0079;0.0000;-793.3000;0.0000;6.8165;0.0000;-793.3000;0.0000;6.8165;1.0000;0.0000;0.0000;0.0000;0.0000
2001;860.03;783.6000;1057.9000;1066.0000;282.4000;102.9530;-0.0126;0.0000;-783.6000;0.0000;6.8165;0.0000;-783.6000;0.0000;6.8165;1.0000;0.0000;0.0000;0.0000;0.0000
2002;860.25;799.4500;1049.8500;1060.1500;260.7000;104.1134;-0.0175;0.0000;-799.4500;0.0000;6.8165;0.0000;-799.4500;0.0000;6.8165;1.0000;0.0000;0.0000;0.0000;0.0000
2003;860.46;785.9000;1044.9000;1053.2000;267.3000;103.2046;-0.0137;0.0000;-785.9000;0.0000;6.8165;0.0000;-785.9000;0.0000;6.8165;1.0000;0.0000;0.0000;0.0000;0.0000
2004;860.68;786.1500;1046.7500;1067.6500;281.5000;108.0200;-0.0335;0.0000;-786.1500;0.0000;6.8165;0.0000;-786.1500;0.0000;6.8165;1.0000;0.0000;0.0000;0.0000;0.0000
2005;860.89;779.4000;1035.5000;1042.4000;263.0000;102.6943;-0.0115;0.0000;-779.4000;0.0000;6.8165;0.0000;-779.4000;0.0000;6.8165;1.0000;0.0000;0.0000;0.0000;0.0000
2006;861.11;786.0000;1053.5000;1066.9000;280.9000;105.0093;-0.0212;0.0000;-786.0000;0.0000;6.8165;0.0000;-786.0000;0.0000;6.8165;1.0000;0.0000;0.0000;0.0000;0.0000
2007;861.32;790.7000;1050.2500;1055.5500;264.8500;102.0420;-0.0088;0.0000;-790.7000;0.0000;6.8165;0.0000;-790.7000;0.0000;6.8165;1.0000;0.0000;0.0000;0.0000;0.0000
2008;861.54;788.4000;1039.7500;1055.0000;266.6000;106.0672;-0.0256;0.0000;-788.4000;0.0000;6.8165;0.0000;-788.4000;0.0000;6.8165;1.0000;0.0000;0.0000;0.0000;0.0000
2009;861.75;779.3000;1030.7000;1035.8500;256.5500;102.0485;-0.0088;0.0000;-779.3000;0.0000;6.8165;0.0000;-779.3000;0.0000;6.8165;1.0000;0.0000;0.0000;0.0000;0.0000
2010;861.96;795.9500;1019.1000;1033.0500;237.1000;106.2514;-0.0263;0.0000;-795.9500;0.0000;6.8165;0.0000;-795.9500;0.0000;6.8165;1.0000;0.0000;0.0000;0.0000;0.0000
2011;862.18;800.8500;1027.9000;1046.9000;246.0500;108.3682;-0.0349;0.0000;-800.8500;0.0000;6.8165;0.0000;-800.8500;0.0000;6.8165;1.0000;0.0000;0.0000;0.0000;0.0000
2012;862.39;788.8500;1029.4000;1043.4000;254.5500;105.8200;-0.0246;0.0000;-788.8500;0.0000;6.8165;0.0000;-788.8500;0.0000;6.8165;1.0000;0.0000;0.0000;0.0000;0.0000
2013;862.61;775.2500;1028.9500;1025.5000;250.2500;98.6401;0.0059;0.0000;-775.2500;0.0000;6.8165;0.0000;-775.2500;0.0000;6.8165;1.0000;0.0000;0.0000;0.0000;0.0000
2014;862.82;773.1500;1024.4500;1035.1000;261.9500;104.2380;-0.0180;0.0000;-773.1500;0.0000;6.8165;0.0000;-773.1500;0.0000;6.8165;1.0000;0.0000;0.0000;0.0000;0.0000
2015;863.03;775.6000;1016.2500;1024.5000;248.9000;103.4282;-0.0146;0.0000;-775.6000;0.0000;6.8165;0.0000;-775.6000;0.0000;6.8165;1.0000;0.0000;0.0000;0.0000;0.0000
2016;863.25;783.7000;1014.0500;1036.4500;252.7500;109.7243;-0.0403;0.0000;-783.7000;0.0000;6.8165;0.0000;-783.7000;0.0000;6.8165;1.0000;0.0000;0.0000;0.0000;0.0000
2017;863.46;789.8500;1008.0000;1019.9000;230.0500;105.4550;-0.0231;0.0000;-789.8500;0.0000;6.8165;0.0000;-789.8500;0.0000;6.8165;1.0000;0.0000;0.0000;0.0000;0.0000
2018;863.68;773.8000;1019.4500;1027.1000;253.3000;103.1142;-0.0133;0.0000;-773.8000;0.0000;6.8165;0.0000;-773.8000;0.0000;6.8165;1.0000;0.0000;0.0000;0.0000;0.0000
2019;863.89;769.4000;1006.6500;1027.9000;258.5000;108.9568;-0.0373;0.0000;-769.4000;0.0000;6.8165;0.0000;-769.4000;0.0000;6.8165;1.0000;0.0000;0.0000;0.0000;0.0000
2020;864.10;775.1500;1001.4500;1016.4500;241.3000;106.6284;-0.0279;0.0000;-775.1500;0.0000;6.8165;0.0000;-775.1500;0.0000;6.8165;1.0000;0.0000;0.0000;0.0000;0.0000
2021;864.32;780.3000;993.0000;1015.7500;235.4500;110.0000;-0.0414;0.0000;-780.3000;0.0000;6.8165;0.0000;-780.3000;0.0000;6.8165;1.0000;0.0000;0.0000;0.0000;0.0000
2022;864.53;792.9500;1004.8000;1020.5500;227.6000;107.4345;-0.0311;0.0000;-792.9500;0.0000;6.8165;0.0000;-792.9500;0.0000;6.8165;1.0000;0.0000;0.0000;0.0000;0.0000
2023;864.74;782.1500;995.3500;1016.3500;234.2000;109.8499;-0.0408;0.0000;-782.1500;0.0000;6.8165;0.0000;-782.1500;0.0000;6.8165;1.0000;0.0000;0.0000;0.0000;0.0000
2024;864.95;775.6500;1009.3500;1003.8000;228.1500;97.6252;0.0104;0.0000;-775.6500;0.0000;6.8165;0.0000;-775.6500;0.0000;6.8165;1.0000;0.0000;0.0000;0.0000;0.0000
2025;865.17;793.5500;1021.7500;1025.5000;231.9500;101.6433;-0.0071;0.0000;-793.5500;0.0000;6.8165;0.0000;-793.5500;0.0000;6.8165;1.0000;0.0000;0.0000;0.0000;0.0000
2026;865.38;795.0500;1007.7000;1013.9000;218.8500;102.9156;-0.0125;0.0000;-795.0500;0.0000;6.8165;0.0000;-795.0500;0.0000;6.8165;1.0000;0.0000;0.0000;0.0000;0.0000
2027;865.59;799.9500;994.7500;1009.3000;209.3500;107.4692;-0.0313;0.0000;-799.9500;0.0000;6.8165;0.0000;-799.9500;0.0000;6.8165;1.0000;0.0000;0.0000;0.0000;0.0000
2028;865.81;790.2000;1005.5500;1018.1500;227.9500;105.8509;-0.0247;0.0000;-790.2000;0.0000;6.8165;0.0000;-790.2000;0.0000;6.8165;1.0000;0.0000;0.0000;0.0000;0.0000
2029;866.02;789.2500;1004.9000;999.3000;210.0500;97.4032;0.0114;0.0000;-789.2500;0.0000;6.8165;0.0000;-789.2500;0.0000;6.8165;1.0000;0.0000;0.0000;0.0000;0.0000
2030;866.23;798.7500;985.1000;998.9000;200.1500;107.4054;-0.0310;0.0000;-798.7500;0.0000;6.8165;0.0000;-798.7500;0.0000;6.8165;1.0000;0.0000;0.0000;0.0000;0.0000
2031;866.44;786.2500;996.1000;999.0500;212.8000;101.4058;-0.0061;0.0000;-786.2500;0.0000;6.8165;0.0000;-786.2500;0.0000;6.8165;1.0000;0.0000;0.0000;0.0000;0.0000
2032;866.65;788.2500;991.6500;998.2000;209.9500;103.2203;-0.0138;0.0000;-788.2500;0.0000;6.8165;0.0000;-788.2500;0.0000;6.8165;1.0000;0.0000;0.0000;0.0000;0.0000
2033;866.87;795.8000;990.0500;1000.8000;205.0000;105.5341;-0.0234;0.0000;-795.8000;0.0000;6.8165;0.0000;-795.8000;0.0000;6.8165;1.0000;0.0000;0.0000;0.0000;0.0000
2034;867.08;790.1000;992.6500;997.3000;207.2000;102.2957;-0.0099;0.0000;-790.1000;0.0000;6.8165;0.0000;-790.1000;0.0000;6.8165;1.0000;0.0000;0.0000;0.0000;0.0000
2035;867.29;798.0000;1003.4500;986.9000;188.9000;91.9445;0.0365;0.0000;-798.0000;0.0000;6.8165;0.0000;-798.0000;0.0000;6.8165;1.0000;0.0000;0.0000;0.0000;0.0000
2036;867.50;796.3000;1002.9500;989.2000;192.9000;93.3462;0.0299;0.0000;-796.3000;0.0000;6.8165;0.0000;-796.3000;0.0000;6.8165;1.0000;0.0000;0.0000;0.0000;0.0000
2037;867.71;790.6000;984.5500;1000.3500;209.7500;108.1464;-0.0340;0.0000;-790.6000;0.0000;6.8165;0.0000;-790.6000;0.0000;6.8165;1.0000;0.0000;0.0000;0.0000;0.0000
2038;867.92;790.4500;989.8000;999.2500;208.8000;104.7404;-0.0201;0.0000;-790.4500;0.0000;6.8165;0.0000;-790.4500;0.0000;6.8165;1.0000;0.0000;0.0000;0.0000;0.0000
2039;868.14;802.4500;963.0000;988.0500;185.6000;110.0000;-0.0414;0.0000;-802.4500;0.0000;6.8165;0.0000;-802.4500;0.0000;6.8165;1.0000;0.0000;0.0000;0.0000;0.0000
2040;868.35;802.6500;968.8000;990.8000;188.1500;110.0000;-0.0414;0.0000;-802.6500;0.0000;6.8165;0.0000;-802.6500;0.0000;6.8165;1.0000;0.0000;0.0000;0.0000;0.0000
2041;868.56;802.2500;984.2500;991.9500;189.7000;104.2308;-0.0180;0.0000;-802.2500;0.0000;6.8165;0.0000;-802.2500;0.0000;6.8165;1.0000;0.0000;0.0000;0.0000;0.0000
2042;868.77;790.7000;983.0000;993.0000;202.3000;105.2002;-0.0220;0.0000;-790.7000;0.0000;6.8165;0.0000;-790.7000;0.0000;6.8165;1.0000;0.0000;0.0000;0.0000;0.0000
2043;868.98;790.5000;977.7500;990.8000;200.3000;106.9693;-0.0293;0.0000;-790.5000;0.0000;6.8165;0.0000;-790.5000;0.0000;6.8165;1.0000;0.0000;0.0000;0.0000;0.0000
2044;869.19;797.7500;994.0500;998.8500;201.1000;102.4452;-0.0105;0.0000;-797.7500;0.0000;6.8165;0.0000;-797.7500;0.0000;6.8165;1.0000;0.0000;0.0000;0.0000;0.0000
2045;869.40;775.6500;995.4500;1004.5000;228.8500;104.1174;-0.0175;0.0000;-775.6500;0.0000;6.8165;0.0000;-775.6500;0.0000;6.8165;1.0000;0.0000;0.0000;0.0000;0.0000
2046;869.61;785.1500;968.9500;1001.8500;216.7000;110.0000;-0.0414;0.0000;-785.1500;0.0000;6.8165;0.0000;-785.1500;0.0000;6.8165;1.0000;0.0000;0.0000;0.0000;0.0000
2047;869.82;784.3000;986.9000;998.4000;214.1000;105.6762;-0.0240;0.0000;-784.3000;0.0000;6.8165;0.0000;-784.3000;0.0000;6.8165;1.0000;0.0000;0.0000;0.0000;0.0000
