Date;2006-12-03 13:26:17
title;IBD
model;BTC112
c code;IBD
operator;
port1;0
baud1;3
pixel_start;0
pixel_end;2047
step;1
units;1
bkcolor;16777215
show_mode;0
data_mode;0
pixel_mode;0
intigration times;5
average number;20
spectrometer_type ;14
yaxis;1
yaxis_min;0
yaxis_max;65535
xaxis;1
xaxis_min;0
xaxis_max;2047
coefs_a0;231.943084241822
coefs_a1;0.406994147595924
coefs_a2;-4.3775084135389E-5
coefs_a3;-1.3768865065993E-9
coefs_b0;-728.069070757367
coefs_b1;3.36508502946526
coefs_b2;-0.0019617714298974
coefs_b3;2.01154622732E-6
all_data_save;1
select_option;-1
interval_time;50
pixel_num;2048
sel_pixel_start;0
sel_pixel_end;2047
sel_pixel_delta;1
dark_compensate;0
dark_compensate_value_1;0
dark_compensate_value_2;0
dark_compensate_value_3;0
monitor pixel_0;0
monitor pixel_1;0
monitor pixel_2;0
monitor pixel_3;0
monitor pixel_4;0
monitor pixel_5;0
vertical_line3_wv;250
vertical_line4_wv;250
vertical_line_flag;0
vertical_line_ratio;0
overlay_js;0
Pixel;Wavelength;Dark;Reference;Raw data #1;Dark Subtracted #1;%TR #1;Absorbance #1;Raw data #2;Dark Subtracted #2;%TR #2;Absorbance #2;Raw data #3;Dark Subtracted #3;%TR #3;Absorbance #3;Errands Ref;Errands Fit;Irradiance_1;Irradiance_2;Irradiance_3
0;231.94;782.0500;781.2000;761.1000;-20.9500;110.0000;-0.0414;0.0000;-782.0500;110.0000;-0.0414;0.0000;-782.0500;110.0000;-0.0414;1.0000;0.0000;0.0000;0.0000;0.0000
1;232.35;782.0500;781.2000;761.1000;-20.9500;110.0000;-0.0414;0.0000;-782.0500;110.0000;-0.0414;0.0000;-782.0500;110.0000;-0.0414;1.0000;0.0000;0.0000;0.0000;0.0000
2;232.76;785.2500;784.8000;794.6500;9.4000;0.0000;6.8165;0.0000;-785.2500;110.0000;-0.0414;0.0000;-785.2500;110.0000;-0.0414;1.0000;0.0000;0.0000;0.0000;0.0000
3;233.16;738.4000;747.1000;733.7000;-4.7000;0.0000;6.8165;0.0000;-738.4000;0.0000;6.8165;0.0000;-738.4000;0.0000;6.8165;1.0000;0.0000;0.0000;0.0000;0.0000
4;233.57;795.0000;782.1000;772.2500;-22.7500;110.0000;-0.0414;0.0000;-795.0000;110.0000;-0.0414;0.0000;-795.0000;110.0000;-0.0414;1.0000;0.0000;0.0000;0.0000;0.0000
5;233.98;788.2000;796.1000;781.5500;-6.6500;0.0000;6.8165;0.0000;-788.2000;110.0000;-0.0414;0.0000;-788.2000;110.0000;-0.0414;1.0000;0.0000;0.0000;0.0000;0.0000
6;234.38;789.6000;776.0500;786.6500;-2.9500;21.7712;0.6621;0.0000;-789.6000;110.0000;-0.0414;0.0000;-789.6000;110.0000;-0.0414;1.0000;0.0000;0.0000;0.0000;0.0000
7;234.79;815.2000;780.4000;776.9500;-38.2500;109.9138;-0.0411;0.0000;-815.2000;110.0000;-0.0414;0.0000;-815.2000;110.0000;-0.0414;1.0000;0.0000;0.0000;0.0000;0.0000
8;235.20;809.9500;775.5000;775.5500;-34.4000;99.8549;0.0006;0.0000;-809.9500;110.0000;-0.0414;0.0000;-809.9500;110.0000;-0.0414;1.0000;0.0000;0.0000;0.0000;0.0000
9;235.60;796.0000;795.1000;779.2500;-16.7500;110.0000;-0.0414;0.0000;-796.0000;110.0000;-0.0414;0.0000;-796.0000;110.0000;-0.0414;1.0000;0.0000;0.0000;0.0000;0.0000
10;236.01;786.6000;782.2000;795.2000;8.6000;0.0000;6.8165;0.0000;-786.6000;110.0000;-0.0414;0.0000;-786.6000;110.0000;-0.0414;1.0000;0.0000;0.0000;0.0000;0.0000
11;236.41;799.6500;780.0500;782.3500;-17.3000;88.2653;0.0542;0.0000;-799.6500;110.0000;-0.0414;0.0000;-799.6500;110.0000;-0.0414;1.0000;0.0000;0.0000;0.0000;0.0000
12;236.82;790.1500;788.9500;789.2000;-0.9500;79.1667;0.1015;0.0000;-790.1500;0.0000;6.8165;0.0000;-790.1500;0.0000;6.8165;1.0000;0.0000;0.0000;0.0000;0.0000
13;237.23;798.5000;775.5500;769.0000;-29.5000;110.0000;-0.0414;0.0000;-798.5000;110.0000;-0.0414;0.0000;-798.5000;110.0000;-0.0414;1.0000;0.0000;0.0000;0.0000;0.0000
14;237.63;798.7500;751.9500;777.2500;-21.5000;45.9402;0.3378;0.0000;-798.7500;110.0000;-0.0414;0.0000;-798.7500;110.0000;-0.0414;1.0000;0.0000;0.0000;0.0000;0.0000
15;238.04;786.8500;791.7500;758.9500;-27.9000;0.0000;6.8165;0.0000;-786.8500;110.0000;-0.0414;0.0000;-786.8500;110.0000;-0.0414;1.0000;0.0000;0.0000;0.0000;0.0000
16;238.44;797.8500;773.8500;775.4000;-22.4500;93.5417;0.0290;0.0000;-797.8500;110.0000;-0.0414;0.0000;-797.8500;110.0000;-0.0414;1.0000;0.0000;0.0000;0.0000;0.0000
17;238.85;788.6500;779.4500;765.5500;-23.1000;110.0000;-0.0414;0.0000;-788.6500;110.0000;-0.0414;0.0000;-788.6500;110.0000;-0.0414;1.0000;0.0000;0.0000;0.0000;0.0000
18;239.25;802.4000;780.5500;776.3500;-26.0500;110.0000;-0.0414;0.0000;-802.4000;110.0000;-0.0414;0.0000;-802.4000;110.0000;-0.0414;1.0000;0.0000;0.0000;0.0000;0.0000
19;239.66;782.8500;761.9000;767.6000;-15.2500;72.7924;0.1379;0.0000;-782.8500;110.0000;-0.0414;0.0000;-782.8500;110.0000;-0.0414;1.0000;0.0000;0.0000;0.0000;0.0000
20;240.07;775.7000;758.0000;760.3000;-15.4000;87.0056;0.0605;0.0000;-775.7000;110.0000;-0.0414;0.0000;-775.7000;110.0000;-0.0414;1.0000;0.0000;0.0000;0.0000;0.0000
21;240.47;781.7000;777.0000;763.7000;-18.0000;110.0000;-0.0414;0.0000;-781.7000;110.0000;-0.0414;0.0000;-781.7000;110.0000;-0.0414;1.0000;0.0000;0.0000;0.0000;0.0000
22;240.88;789.2500;776.0000;765.5000;-23.7500;110.0000;-0.0414;0.0000;-789.2500;110.0000;-0.0414;0.0000;-789.2500;110.0000;-0.0414;1.0000;0.0000;0.0000;0.0000;0.0000
23;241.28;770.8000;792.2000;780.7000;9.9000;46.2617;0.3348;0.0000;-770.8000;0.0000;6.8165;0.0000;-770.8000;0.0000;6.8165;1.0000;0.0000;0.0000;0.0000;0.0000
24;241.69;792.3500;775.7000;764.7000;-27.6500;110.0000;-0.0414;0.0000;-792.3500;110.0000;-0.0414;0.0000;-792.3500;110.0000;-0.0414;1.0000;0.0000;0.0000;0.0000;0.0000
25;242.09;790.1000;765.4000;771.0000;-19.1000;77.3279;0.1117;0.0000;-790.1000;110.0000;-0.0414;0.0000;-790.1000;110.0000;-0.0414;1.0000;0.0000;0.0000;0.0000;0.0000
26;242.50;790.4500;781.4500;769.8000;-20.6500;110.0000;-0.0414;0.0000;-790.4500;110.0000;-0.0414;0.0000;-790.4500;110.0000;-0.0414;1.0000;0.0000;0.0000;0.0000;0.0000
27;242.90;786.4500;787.9500;778.7000;-7.7500;0.0000;6.8165;0.0000;-786.4500;110.0000;-0.0414;0.0000;-786.4500;110.0000;-0.0414;1.0000;0.0000;0.0000;0.0000;0.0000
28;243.30;788.4000;786.5000;771.3500;-17.0500;110.0000;-0.0414;0.0000;-788.4000;110.0000;-0.0414;0.0000;-788.4000;110.0000;-0.0414;1.0000;0.0000;0.0000;0.0000;0.0000
29;243.71;791.3000;778.9500;765.0000;-26.3000;110.0000;-0.0414;0.0000;-791.3000;110.0000;-0.0414;0.0000;-791.3000;110.0000;-0.0414;1.0000;0.0000;0.0000;0.0000;0.0000
30;244.11;785.5500;782.8500;783.8000;-1.7500;64.8148;0.1883;0.0000;-785.5500;110.0000;-0.0414;0.0000;-785.5500;110.0000;-0.0414;1.0000;0.0000;0.0000;0.0000;0.0000
31;244.52;786.7000;777.1500;776.1000;-10.6000;110.0000;-0.0414;0.0000;-786.7000;110.0000;-0.0414;0.0000;-786.7000;110.0000;-0.0414;1.0000;0.0000;0.0000;0.0000;0.0000
32;244.92;791.0000;769.3000;778.0500;-12.9500;59.6774;0.2242;0.0000;-791.0000;110.0000;-0.0414;0.0000;-791.0000;110.0000;-0.0414;1.0000;0.0000;0.0000;0.0000;0.0000
33;245.33;788.9000;782.8500;777.8500;-11.0500;110.0000;-0.0414;0.0000;-788.9000;0.0000;6.8165;0.0000;-788.9000;0.0000;6.8165;1.0000;0.0000;0.0000;0.0000;0.0000
34;245.73;769.8000;762.9000;790.0500;20.2500;0.0000;6.8165;0.0000;-769.8000;0.0000;6.8165;0.0000;-769.8000;0.0000;6.8165;1.0000;0.0000;0.0000;0.0000;0.0000
35;246.13;778.1500;791.4000;781.3500;3.2000;24.1509;0.6171;0.0000;-778.1500;0.0000;6.8165;0.0000;-778.1500;0.0000;6.8165;1.0000;0.0000;0.0000;0.0000;0.0000
36;246.54;796.3000;854.7000;796.5000;0.2000;0.3425;2.4654;0.0000;-796.3000;0.0000;6.8165;0.0000;-796.3000;0.0000;6.8165;1.0000;0.0000;0.0000;0.0000;0.0000
37;246.94;783.0500;842.4000;801.1000;18.0500;30.4128;0.5169;0.0000;-783.0500;0.0000;6.8165;0.0000;-783.0500;0.0000;6.8165;1.0000;0.0000;0.0000;0.0000;0.0000
38;247.35;783.4000;852.2500;784.9500;1.5500;2.2513;1.6476;0.0000;-783.4000;0.0000;6.8165;0.0000;-783.4000;0.0000;6.8165;1.0000;0.0000;0.0000;0.0000;0.0000
39;247.75;786.4500;860.8000;783.6000;-2.8500;0.0000;6.8165;0.0000;-786.4500;0.0000;6.8165;0.0000;-786.4500;0.0000;6.8165;1.0000;0.0000;0.0000;0.0000;0.0000
40;248.15;784.7000;857.4500;783.9000;-0.8000;0.0000;6.8165;0.0000;-784.7000;0.0000;6.8165;0.0000;-784.7000;0.0000;6.8165;1.0000;0.0000;0.0000;0.0000;0.0000
41;248.56;797.0000;868.9500;777.7000;-19.3000;0.0000;6.8165;0.0000;-797.0000;0.0000;6.8165;0.0000;-797.0000;0.0000;6.8165;1.0000;0.0000;0.0000;0.0000;0.0000
42;248.96;791.6000;841.6500;791.9500;0.3500;0.6993;2.1553;0.0000;-791.6000;0.0000;6.8165;0.0000;-791.6000;0.0000;6.8165;1.0000;0.0000;0.0000;0.0000;0.0000
43;249.36;792.5500;852.1500;786.6000;-5.9500;0.0000;6.8165;0.0000;-792.5500;0.0000;6.8165;0.0000;-792.5500;0.0000;6.8165;1.0000;0.0000;0.0000;0.0000;0.0000
44;249.77;775.2500;841.2500;794.8000;19.5500;29.6212;0.5284;0.0000;-775.2500;0.0000;6.8165;0.0000;-775.2500;0.0000;6.8165;1.0000;0.0000;0.0000;0.0000;0.0000
45;250.17;791.1500;856.3000;776.9000;-14.2500;0.0000;6.8165;0.0000;-791.1500;0.0000;6.8165;0.0000;-791.1500;0.0000;6.8165;1.0000;0.0000;0.0000;0.0000;0.0000
46;250.57;788.2500;848.6000;788.3000;0.0500;0.0829;3.0817;0.0000;-788.2500;0.0000;6.8165;0.0000;-788.2500;0.0000;6.8165;1.0000;0.0000;0.0000;0.0000;0.0000
47;250.97;787.5500;854.2500;783.9500;-3.6000;0.0000;6.8165;0.0000;-787.5500;0.0000;6.8165;0.0000;-787.5500;0.0000;6.8165;1.0000;0.0000;0.0000;0.0000;0.0000
48;251.38;787.1000;845.0500;771.4500;-15.6500;0.0000;6.8165;0.0000;-787.1000;0.0000;6.8165;0.0000;-787.1000;0.0000;6.8165;1.0000;0.0000;0.0000;0.0000;0.0000
49;251.78;791.0000;860.6000;771.5000;-19.5000;0.0000;6.8165;0.0000;-791.0000;0.0000;6.8165;0.0000;-791.0000;0.0000;6.8165;1.0000;0.0000;0.0000;0.0000;0.0000
50;252.18;780.6500;866.7000;781.5500;0.9000;1.0459;1.9805;0.0000;-780.6500;0.0000;6.8165;0.0000;-780.6500;0.0000;6.8165;1.0000;0.0000;0.0000;0.0000;0.0000
51;252.59;780.0000;852.7500;776.4500;-3.5500;0.0000;6.8165;0.0000;-780.0000;0.0000;6.8165;0.0000;-780.0000;0.0000;6.8165;1.0000;0.0000;0.0000;0.0000;0.0000
52;252.99;783.4500;862.8500;786.8500;3.4000;4.2821;1.3683;0.0000;-783.4500;0.0000;6.8165;0.0000;-783.4500;0.0000;6.8165;1.0000;0.0000;0.0000;0.0000;0.0000
53;253.39;780.7000;854.4500;788.6000;7.9000;10.7119;0.9701;0.0000;-780.7000;0.0000;6.8165;0.0000;-780.7000;0.0000;6.8165;1.0000;0.0000;0.0000;0.0000;0.0000
54;253.79;784.9000;857.7000;785.0000;0.1000;0.1374;2.8621;0.0000;-784.9000;0.0000;6.8165;0.0000;-784.9000;0.0000;6.8165;1.0000;0.0000;0.0000;0.0000;0.0000
55;254.20;780.9500;862.9000;785.5500;4.6000;5.6132;1.2508;0.0000;-780.9500;0.0000;6.8165;0.0000;-780.9500;0.0000;6.8165;1.0000;0.0000;0.0000;0.0000;0.0000
56;254.60;787.2000;854.3000;778.6000;-8.6000;0.0000;6.8165;0.0000;-787.2000;0.0000;6.8165;0.0000;-787.2000;0.0000;6.8165;1.0000;0.0000;0.0000;0.0000;0.0000
57;255.00;784.4000;859.8500;779.1500;-5.2500;0.0000;6.8165;0.0000;-784.4000;0.0000;6.8165;0.0000;-784.4000;0.0000;6.8165;1.0000;0.0000;0.0000;0.0000;0.0000
58;255.40;794.1500;870.5500;776.2000;-17.9500;0.0000;6.8165;0.0000;-794.1500;0.0000;6.8165;0.0000;-794.1500;0.0000;6.8165;1.0000;0.0000;0.0000;0.0000;0.0000
59;255.80;797.5000;849.8000;797.1000;-0.4000;0.0000;6.8165;0.0000;-797.5000;0.0000;6.8165;0.0000;-797.5000;0.0000;6.8165;1.0000;0.0000;0.0000;0.0000;0.0000
60;256.20;805.6500;840.1500;788.1000;-17.5500;0.0000;6.8165;0.0000;-805.6500;0.0000;6.8165;0.0000;-805.6500;0.0000;6.8165;1.0000;0.0000;0.0000;0.0000;0.0000
61;256.61;793.5000;862.5000;780.1000;-13.4000;0.0000;6.8165;0.0000;-793.5000;0.0000;6.8165;0.0000;-793.5000;0.0000;6.8165;1.0000;0.0000;0.0000;0.0000;0.0000
62;257.01;789.5500;868.4000;783.0500;-6.5000;0.0000;6.8165;0.0000;-789.5500;0.0000;6.8165;0.0000;-789.5500;0.0000;6.8165;1.0000;0.0000;0.0000;0.0000;0.0000
63;257.41;787.9000;850.7500;794.8000;6.9000;10.9785;0.9595;0.0000;-787.9000;0.0000;6.8165;0.0000;-787.9000;0.0000;6.8165;1.0000;0.0000;0.0000;0.0000;0.0000
64;257.81;799.6500;860.7000;782.6000;-17.0500;0.0000;6.8165;0.0000;-799.6500;0.0000;6.8165;0.0000;-799.6500;0.0000;6.8165;1.0000;0.0000;0.0000;0.0000;0.0000
65;258.21;790.3500;859.1500;789.9000;-0.4500;0.0000;6.8165;0.0000;-790.3500;0.0000;6.8165;0.0000;-790.3500;0.0000;6.8165;1.0000;0.0000;0.0000;0.0000;0.0000
66;258.61;765.8500;850.7500;787.8500;22.0000;25.9128;0.5865;0.0000;-765.8500;0.0000;6.8165;0.0000;-765.8500;0.0000;6.8165;1.0000;0.0000;0.0000;0.0000;0.0000
67;259.01;790.8000;852.1000;783.2000;-7.6000;0.0000;6.8165;0.0000;-790.8000;0.0000;6.8165;0.0000;-790.8000;0.0000;6.8165;1.0000;0.0000;0.0000;0.0000;0.0000
68;259.42;784.4500;866.5500;791.5500;7.1000;8.6480;1.0631;0.0000;-784.4500;0.0000;6.8165;0.0000;-784.4500;0.0000;6.8165;1.0000;0.0000;0.0000;0.0000;0.0000
69;259.82;794.5500;852.5500;793.9500;-0.6000;0.0000;6.8165;0.0000;-794.5500;0.0000;6.8165;0.0000;-794.5500;0.0000;6.8165;1.0000;0.0000;0.0000;0.0000;0.0000
70;260.22;803.1500;859.9000;794.7000;-8.4500;0.0000;6.8165;0.0000;-803.1500;0.0000;6.8165;0.0000;-803.1500;0.0000;6.8165;1.0000;0.0000;0.0000;0.0000;0.0000
71;260.62;784.7000;858.6500;801.0000;16.3000;22.0419;0.6568;0.0000;-784.7000;0.0000;6.8165;0.0000;-784.7000;0.0000;6.8165;1.0000;0.0000;0.0000;0.0000;0.0000
72;261.02;791.5000;847.5500;783.2500;-8.2500;0.0000;6.8165;0.0000;-791.5000;0.0000;6.8165;0.0000;-791.5000;0.0000;6.8165;1.0000;0.0000;0.0000;0.0000;0.0000
73;261.42;798.4500;867.4000;788.0000;-10.4500;0.0000;6.8165;0.0000;-798.4500;0.0000;6.8165;0.0000;-798.4500;0.0000;6.8165;1.0000;0.0000;0.0000;0.0000;0.0000
74;261.82;780.9500;850.0000;794.0000;13.0500;18.8993;0.7236;0.0000;-780.9500;0.0000;6.8165;0.0000;-780.9500;0.0000;6.8165;1.0000;0.0000;0.0000;0.0000;0.0000
75;262.22;781.6500;864.3000;772.9500;-8.7000;0.0000;6.8165;0.0000;-781.6500;0.0000;6.8165;0.0000;-781.6500;0.0000;6.8165;1.0000;0.0000;0.0000;0.0000;0.0000
76;262.62;794.1000;841.0500;782.9000;-11.2000;0.0000;6.8165;0.0000;-794.1000;0.0000;6.8165;0.0000;-794.1000;0.0000;6.8165;1.0000;0.0000;0.0000;0.0000;0.0000
77;263.02;791.0000;852.7000;785.2000;-5.8000;0.0000;6.8165;0.0000;-791.0000;0.0000;6.8165;0.0000;-791.0000;0.0000;6.8165;1.0000;0.0000;0.0000;0.0000;0.0000
78;263.42;792.7500;851.0000;784.3000;-8.4500;0.0000;6.8165;0.0000;-792.7500;0.0000;6.8165;0.0000;-792.7500;0.0000;6.8165;1.0000;0.0000;0.0000;0.0000;0.0000
79;263.82;803.7500;865.3500;778.0500;-25.7000;0.0000;6.8165;0.0000;-803.7500;0.0000;6.8165;0.0000;-803.7500;0.0000;6.8165;1.0000;0.0000;0.0000;0.0000;0.0000
80;264.22;790.9500;870.0000;786.4500;-4.5000;0.0000;6.8165;0.0000;-790.9500;0.0000;6.8165;0.0000;-790.9500;0.0000;6.8165;1.0000;0.0000;0.0000;0.0000;0.0000
81;264.62;789.0000;879.9500;783.2500;-5.7500;0.0000;6.8165;0.0000;-789.0000;0.0000;6.8165;0.0000;-789.0000;0.0000;6.8165;1.0000;0.0000;0.0000;0.0000;0.0000
82;265.02;789.8500;858.7500;793.1500;3.3000;4.7896;1.3197;0.0000;-789.8500;0.0000;6.8165;0.0000;-789.8500;0.0000;6.8165;1.0000;0.0000;0.0000;0.0000;0.0000
83;265.42;784.0500;862.1000;786.7000;2.6500;3.3953;1.4691;0.0000;-784.0500;0.0000;6.8165;0.0000;-784.0500;0.0000;6.8165;1.0000;0.0000;0.0000;0.0000;0.0000
84;265.82;773.9500;856.6500;784.6500;10.7000;12.9383;0.8881;0.0000;-773.9500;0.0000;6.8165;0.0000;-773.9500;0.0000;6.8165;1.0000;0.0000;0.0000;0.0000;0.0000
85;266.22;784.2500;871.7500;786.2000;1.9500;2.2286;1.6520;0.0000;-784.2500;0.0000;6.8165;0.0000;-784.2500;0.0000;6.8165;1.0000;0.0000;0.0000;0.0000;0.0000
86;266.62;790.4000;874.7000;786.1500;-4.2500;0.0000;6.8165;0.0000;-790.4000;0.0000;6.8165;0.0000;-790.4000;0.0000;6.8165;1.0000;0.0000;0.0000;0.0000;0.0000
87;267.02;782.7500;853.9000;776.6500;-6.1000;0.0000;6.8165;0.0000;-782.7500;0.0000;6.8165;0.0000;-782.7500;0.0000;6.8165;1.0000;0.0000;0.0000;0.0000;0.0000
88;267.42;786.6000;856.5000;781.5000;-5.1000;0.0000;6.8165;0.0000;-786.6000;0.0000;6.8165;0.0000;-786.6000;0.0000;6.8165;1.0000;0.0000;0.0000;0.0000;0.0000
89;267.82;782.7500;849.2000;784.4000;1.6500;2.4831;1.6050;0.0000;-782.7500;0.0000;6.8165;0.0000;-782.7500;0.0000;6.8165;1.0000;0.0000;0.0000;0.0000;0.0000
90;268.22;795.9000;858.7500;778.6000;-17.3000;0.0000;6.8165;0.0000;-795.9000;0.0000;6.8165;0.0000;-795.9000;0.0000;6.8165;1.0000;0.0000;0.0000;0.0000;0.0000
91;268.62;778.6500;861.6500;783.9000;5.2500;6.3253;1.1989;0.0000;-778.6500;0.0000;6.8165;0.0000;-778.6500;0.0000;6.8165;1.0000;0.0000;0.0000;0.0000;0.0000
92;269.01;787.8000;863.3500;801.6000;13.8000;18.2660;0.7384;0.0000;-787.8000;0.0000;6.8165;0.0000;-787.8000;0.0000;6.8165;1.0000;0.0000;0.0000;0.0000;0.0000
93;269.41;769.2000;885.4500;802.5000;33.3000;28.6452;0.5429;0.0000;-769.2000;0.0000;6.8165;0.0000;-769.2000;0.0000;6.8165;1.0000;0.0000;0.0000;0.0000;0.0000
94;269.81;791.5500;870.8500;797.4500;5.9000;7.4401;1.1284;0.0000;-791.5500;0.0000;6.8165;0.0000;-791.5500;0.0000;6.8165;1.0000;0.0000;0.0000;0.0000;0.0000
95;270.21;795.0500;858.1000;789.0000;-6.0500;0.0000;6.8165;0.0000;-795.0500;0.0000;6.8165;0.0000;-795.0500;0.0000;6.8165;1.0000;0.0000;0.0000;0.0000;0.0000
96;270.61;788.3500;873.5000;787.6500;-0.7000;0.0000;6.8165;0.0000;-788.3500;0.0000;6.8165;0.0000;-788.3500;0.0000;6.8165;1.0000;0.0000;0.0000;0.0000;0.0000
97;271.01;800.5000;863.5000;787.6500;-12.8500;0.0000;6.8165;0.0000;-800.5000;0.0000;6.8165;0.0000;-800.5000;0.0000;6.8165;1.0000;0.0000;0.0000;0.0000;0.0000
98;271.41;782.9000;875.9000;784.3500;1.4500;1.5591;1.8071;0.0000;-782.9000;0.0000;6.8165;0.0000;-782.9000;0.0000;6.8165;1.0000;0.0000;0.0000;0.0000;0.0000
99;271.81;785.6500;858.4500;791.7000;6.0500;8.3104;1.0804;0.0000;-785.6500;0.0000;6.8165;0.0000;-785.6500;0.0000;6.8165;1.0000;0.0000;0.0000;0.0000;0.0000
100;272.20;797.0500;860.8500;781.9000;-15.1500;0.0000;6.8165;0.0000;-797.0500;0.0000;6.8165;0.0000;-797.0500;0.0000;6.8165;1.0000;0.0000;0.0000;0.0000;0.0000
101;272.60;779.2500;863.3500;778.7500;-0.5000;0.0000;6.8165;0.0000;-779.2500;0.0000;6.8165;0.0000;-779.2500;0.0000;6.8165;1.0000;0.0000;0.0000;0.0000;0.0000
102;273.00;800.4000;859.3000;782.8500;-17.5500;0.0000;6.8165;0.0000;-800.4000;0.0000;6.8165;0.0000;-800.4000;0.0000;6.8165;1.0000;0.0000;0.0000;0.0000;0.0000
103;273.40;790.7500;869.0000;785.7000;-5.0500;0.0000;6.8165;0.0000;-790.7500;0.0000;6.8165;0.0000;-790.7500;0.0000;6.8165;1.0000;0.0000;0.0000;0.0000;0.0000
104;273.80;770.9000;859.6500;786.8000;15.9000;17.9155;0.7468;0.0000;-770.9000;0.0000;6.8165;0.0000;-770.9000;0.0000;6.8165;1.0000;0.0000;0.0000;0.0000;0.0000
105;274.19;785.0000;861.3000;786.9500;1.9500;2.5557;1.5925;0.0000;-785.0000;0.0000;6.8165;0.0000;-785.0000;0.0000;6.8165;1.0000;0.0000;0.0000;0.0000;0.0000
106;274.59;791.9000;854.1500;790.3000;-1.6000;0.0000;6.8165;0.0000;-791.9000;0.0000;6.8165;0.0000;-791.9000;0.0000;6.8165;1.0000;0.0000;0.0000;0.0000;0.0000
107;274.99;800.4000;871.5000;794.4000;-6.0000;0.0000;6.8165;0.0000;-800.4000;0.0000;6.8165;0.0000;-800.4000;0.0000;6.8165;1.0000;0.0000;0.0000;0.0000;0.0000
108;275.39;788.4000;860.7500;782.4500;-5.9500;0.0000;6.8165;0.0000;-788.4000;0.0000;6.8165;0.0000;-788.4000;0.0000;6.8165;1.0000;0.0000;0.0000;0.0000;0.0000
109;275.78;764.3500;875.4000;783.5500;19.2000;17.2895;0.7622;0.0000;-764.3500;0.0000;6.8165;0.0000;-764.3500;0.0000;6.8165;1.0000;0.0000;0.0000;0.0000;0.0000
110;276.18;775.9000;870.6000;778.5500;2.6500;2.7983;1.5531;0.0000;-775.9000;0.0000;6.8165;0.0000;-775.9000;0.0000;6.8165;1.0000;0.0000;0.0000;0.0000;0.0000
111;276.58;780.9500;873.6500;803.7500;22.8000;24.5955;0.6091;0.0000;-780.9500;0.0000;6.8165;0.0000;-780.9500;0.0000;6.8165;1.0000;0.0000;0.0000;0.0000;0.0000
112;276.98;782.4000;868.8500;778.1500;-4.2500;0.0000;6.8165;0.0000;-782.4000;0.0000;6.8165;0.0000;-782.4000;0.0000;6.8165;1.0000;0.0000;0.0000;0.0000;0.0000
113;277.37;789.1500;873.4500;774.8000;-14.3500;0.0000;6.8165;0.0000;-789.1500;0.0000;6.8165;0.0000;-789.1500;0.0000;6.8165;1.0000;0.0000;0.0000;0.0000;0.0000
114;277.77;783.5000;875.4000;781.4500;-2.0500;0.0000;6.8165;0.0000;-783.5000;0.0000;6.8165;0.0000;-783.5000;0.0000;6.8165;1.0000;0.0000;0.0000;0.0000;0.0000
115;278.17;785.7500;865.5500;788.7500;3.0000;3.7594;1.4249;0.0000;-785.7500;0.0000;6.8165;0.0000;-785.7500;0.0000;6.8165;1.0000;0.0000;0.0000;0.0000;0.0000
116;278.56;782.4500;860.6000;798.6500;16.2000;20.7294;0.6834;0.0000;-782.4500;0.0000;6.8165;0.0000;-782.4500;0.0000;6.8165;1.0000;0.0000;0.0000;0.0000;0.0000
117;278.96;797.5000;869.8000;804.4500;6.9500;9.6127;1.0172;0.0000;-797.5000;0.0000;6.8165;0.0000;-797.5000;0.0000;6.8165;1.0000;0.0000;0.0000;0.0000;0.0000
118;279.36;788.7500;864.9000;791.8500;3.1000;4.0709;1.3903;0.0000;-788.7500;0.0000;6.8165;0.0000;-788.7500;0.0000;6.8165;1.0000;0.0000;0.0000;0.0000;0.0000
119;279.75;792.7000;868.1000;790.1500;-2.5500;0.0000;6.8165;0.0000;-792.7000;0.0000;6.8165;0.0000;-792.7000;0.0000;6.8165;1.0000;0.0000;0.0000;0.0000;0.0000
120;280.15;799.0500;879.3500;789.0500;-10.0000;0.0000;6.8165;0.0000;-799.0500;0.0000;6.8165;0.0000;-799.0500;0.0000;6.8165;1.0000;0.0000;0.0000;0.0000;0.0000
121;280.55;769.3000;878.1500;802.0500;32.7500;30.0873;0.5216;0.0000;-769.3000;0.0000;6.8165;0.0000;-769.3000;0.0000;6.8165;1.0000;0.0000;0.0000;0.0000;0.0000
122;280.94;785.5000;894.9000;798.9000;13.4000;12.2486;0.9119;0.0000;-785.5000;0.0000;6.8165;0.0000;-785.5000;0.0000;6.8165;1.0000;0.0000;0.0000;0.0000;0.0000
123;281.34;772.8500;869.4000;801.9500;29.1000;30.1398;0.5209;0.0000;-772.8500;0.0000;6.8165;0.0000;-772.8500;0.0000;6.8165;1.0000;0.0000;0.0000;0.0000;0.0000
124;281.73;787.3500;877.1000;785.7000;-1.6500;0.0000;6.8165;0.0000;-787.3500;0.0000;6.8165;0.0000;-787.3500;0.0000;6.8165;1.0000;0.0000;0.0000;0.0000;0.0000
125;282.13;794.6000;889.8500;793.2500;-1.3500;0.0000;6.8165;0.0000;-794.6000;0.0000;6.8165;0.0000;-794.6000;0.0000;6.8165;1.0000;0.0000;0.0000;0.0000;0.0000
126;282.53;786.0500;886.2500;797.8000;11.7500;11.7265;0.9308;0.0000;-786.0500;0.0000;6.8165;0.0000;-786.0500;0.0000;6.8165;1.0000;0.0000;0.0000;0.0000;0.0000
127;282.92;782.0500;880.4000;790.8500;8.8000;8.9476;1.0483;0.0000;-782.0500;0.0000;6.8165;0.0000;-782.0500;0.0000;6.8165;1.0000;0.0000;0.0000;0.0000;0.0000
128;283.32;786.4500;880.0000;804.8000;18.3500;19.6152;0.7074;0.0000;-786.4500;0.0000;6.8165;0.0000;-786.4500;0.0000;6.8165;1.0000;0.0000;0.0000;0.0000;0.0000
129;283.71;782.6000;886.3500;790.1500;7.5500;7.2771;1.1380;0.0000;-782.6000;0.0000;6.8165;0.0000;-782.6000;0.0000;6.8165;1.0000;0.0000;0.0000;0.0000;0.0000
130;284.11;792.4500;886.6500;800.2000;7.7500;8.2272;1.0847;0.0000;-792.4500;0.0000;6.8165;0.0000;-792.4500;0.0000;6.8165;1.0000;0.0000;0.0000;0.0000;0.0000
131;284.50;795.3500;896.7000;797.3500;2.0000;1.9734;1.7048;0.0000;-795.3500;0.0000;6.8165;0.0000;-795.3500;0.0000;6.8165;1.0000;0.0000;0.0000;0.0000;0.0000
132;284.90;787.9500;892.3000;795.4000;7.4500;7.1394;1.1463;0.0000;-787.9500;0.0000;6.8165;0.0000;-787.9500;0.0000;6.8165;1.0000;0.0000;0.0000;0.0000;0.0000
133;285.30;783.6500;877.1000;797.5500;13.9000;14.8743;0.8276;0.0000;-783.6500;0.0000;6.8165;0.0000;-783.6500;0.0000;6.8165;1.0000;0.0000;0.0000;0.0000;0.0000
134;285.69;779.8000;881.5000;801.1000;21.3000;20.9440;0.6789;0.0000;-779.8000;0.0000;6.8165;0.0000;-779.8000;0.0000;6.8165;1.0000;0.0000;0.0000;0.0000;0.0000
135;286.09;798.8000;893.4500;789.1500;-9.6500;0.0000;6.8165;0.0000;-798.8000;0.0000;6.8165;0.0000;-798.8000;0.0000;6.8165;1.0000;0.0000;0.0000;0.0000;0.0000
136;286.48;779.4500;897.2000;783.0000;3.5500;3.0149;1.5207;0.0000;-779.4500;0.0000;6.8165;0.0000;-779.4500;0.0000;6.8165;1.0000;0.0000;0.0000;0.0000;0.0000
137;286.88;785.2500;880.2500;791.0500;5.8000;6.1053;1.2143;0.0000;-785.2500;0.0000;6.8165;0.0000;-785.2500;0.0000;6.8165;1.0000;0.0000;0.0000;0.0000;0.0000
138;287.27;800.9500;894.4500;790.1000;-10.8500;0.0000;6.8165;0.0000;-800.9500;0.0000;6.8165;0.0000;-800.9500;0.0000;6.8165;1.0000;0.0000;0.0000;0.0000;0.0000
139;287.67;778.1000;897.2500;790.9000;12.8000;10.7428;0.9689;0.0000;-778.1000;0.0000;6.8165;0.0000;-778.1000;0.0000;6.8165;1.0000;0.0000;0.0000;0.0000;0.0000
140;288.06;777.5000;894.4000;799.6000;22.1000;18.9050;0.7234;0.0000;-777.5000;0.0000;6.8165;0.0000;-777.5000;0.0000;6.8165;1.0000;0.0000;0.0000;0.0000;0.0000
141;288.46;783.3500;880.1000;798.3000;14.9500;15.4522;0.8110;0.0000;-783.3500;0.0000;6.8165;0.0000;-783.3500;0.0000;6.8165;1.0000;0.0000;0.0000;0.0000;0.0000
142;288.85;783.5000;896.4500;801.4500;17.9500;15.8920;0.7988;0.0000;-783.5000;0.0000;6.8165;0.0000;-783.5000;0.0000;6.8165;1.0000;0.0000;0.0000;0.0000;0.0000
143;289.24;786.9000;902.2500;800.5000;13.6000;11.7902;0.9285;0.0000;-786.9000;0.0000;6.8165;0.0000;-786.9000;0.0000;6.8165;1.0000;0.0000;0.0000;0.0000;0.0000
144;289.64;779.0500;905.4000;792.2000;13.1500;10.4076;0.9826;0.0000;-779.0500;0.0000;6.8165;0.0000;-779.0500;0.0000;6.8165;1.0000;0.0000;0.0000;0.0000;0.0000
145;290.03;789.5000;900.5000;802.7500;13.2500;11.9369;0.9231;0.0000;-789.5000;0.0000;6.8165;0.0000;-789.5000;0.0000;6.8165;1.0000;0.0000;0.0000;0.0000;0.0000
146;290.43;784.5500;901.3500;802.9000;18.3500;15.7106;0.8038;0.0000;-784.5500;0.0000;6.8165;0.0000;-784.5500;0.0000;6.8165;1.0000;0.0000;0.0000;0.0000;0.0000
147;290.82;782.2000;904.1000;815.6500;33.4500;27.4405;0.5616;0.0000;-782.2000;0.0000;6.8165;0.0000;-782.2000;0.0000;6.8165;1.0000;0.0000;0.0000;0.0000;0.0000
148;291.21;793.6000;908.3000;806.0000;12.4000;10.8108;0.9661;0.0000;-793.6000;0.0000;6.8165;0.0000;-793.6000;0.0000;6.8165;1.0000;0.0000;0.0000;0.0000;0.0000
149;291.61;785.2000;915.2500;812.9500;27.7500;21.3379;0.6708;0.0000;-785.2000;0.0000;6.8165;0.0000;-785.2000;0.0000;6.8165;1.0000;0.0000;0.0000;0.0000;0.0000
150;292.00;793.3500;903.8000;803.4000;10.0500;9.0991;1.0410;0.0000;-793.3500;0.0000;6.8165;0.0000;-793.3500;0.0000;6.8165;1.0000;0.0000;0.0000;0.0000;0.0000
151;292.40;786.9500;899.8500;809.7000;22.7500;20.1506;0.6957;0.0000;-786.9500;0.0000;6.8165;0.0000;-786.9500;0.0000;6.8165;1.0000;0.0000;0.0000;0.0000;0.0000
152;292.79;793.6500;907.5500;806.6500;13.0000;11.4135;0.9426;0.0000;-793.6500;0.0000;6.8165;0.0000;-793.6500;0.0000;6.8165;1.0000;0.0000;0.0000;0.0000;0.0000
153;293.18;786.4500;907.0500;802.1500;15.7000;13.0182;0.8854;0.0000;-786.4500;0.0000;6.8165;0.0000;-786.4500;0.0000;6.8165;1.0000;0.0000;0.0000;0.0000;0.0000
154;293.58;776.1500;910.2500;812.1500;36.0000;26.8456;0.5711;0.0000;-776.1500;0.0000;6.8165;0.0000;-776.1500;0.0000;6.8165;1.0000;0.0000;0.0000;0.0000;0.0000
155;293.97;788.6000;895.2000;812.6500;24.0500;22.5610;0.6466;0.0000;-788.6000;0.0000;6.8165;0.0000;-788.6000;0.0000;6.8165;1.0000;0.0000;0.0000;0.0000;0.0000
156;294.36;785.5500;921.8000;782.2000;-3.3500;0.0000;6.8165;0.0000;-785.5500;0.0000;6.8165;0.0000;-785.5500;0.0000;6.8165;1.0000;0.0000;0.0000;0.0000;0.0000
157;294.76;790.6000;914.0500;799.1500;8.5500;6.9259;1.1595;0.0000;-790.6000;0.0000;6.8165;0.0000;-790.6000;0.0000;6.8165;1.0000;0.0000;0.0000;0.0000;0.0000
158;295.15;770.4500;901.8500;804.6500;34.2000;26.0274;0.5846;0.0000;-770.4500;0.0000;6.8165;0.0000;-770.4500;0.0000;6.8165;1.0000;0.0000;0.0000;0.0000;0.0000
159;295.54;794.4000;909.2000;792.8500;-1.5500;0.0000;6.8165;0.0000;-794.4000;0.0000;6.8165;0.0000;-794.4000;0.0000;6.8165;1.0000;0.0000;0.0000;0.0000;0.0000
160;295.94;790.4500;894.2500;814.7500;24.3000;23.4104;0.6306;0.0000;-790.4500;0.0000;6.8165;0.0000;-790.4500;0.0000;6.8165;1.0000;0.0000;0.0000;0.0000;0.0000
161;296.33;789.0000;912.1500;788.6000;-0.4000;0.0000;6.8165;0.0000;-789.0000;0.0000;6.8165;0.0000;-789.0000;0.0000;6.8165;1.0000;0.0000;0.0000;0.0000;0.0000
162;296.72;788.6500;909.6000;807.1000;18.4500;15.2542;0.8166;0.0000;-788.6500;0.0000;6.8165;0.0000;-788.6500;0.0000;6.8165;1.0000;0.0000;0.0000;0.0000;0.0000
163;297.11;789.0000;915.2000;806.2000;17.2000;13.6292;0.8655;0.0000;-789.0000;0.0000;6.8165;0.0000;-789.0000;0.0000;6.8165;1.0000;0.0000;0.0000;0.0000;0.0000
164;297.51;778.9500;904.1000;792.0500;13.1000;10.4674;0.9802;0.0000;-778.9500;0.0000;6.8165;0.0000;-778.9500;0.0000;6.8165;1.0000;0.0000;0.0000;0.0000;0.0000
165;297.90;796.9500;911.2500;789.8500;-7.1000;0.0000;6.8165;0.0000;-796.9500;0.0000;6.8165;0.0000;-796.9500;0.0000;6.8165;1.0000;0.0000;0.0000;0.0000;0.0000
166;298.29;801.2500;917.7500;807.0500;5.8000;4.9785;1.3029;0.0000;-801.2500;0.0000;6.8165;0.0000;-801.2500;0.0000;6.8165;1.0000;0.0000;0.0000;0.0000;0.0000
167;298.68;786.7000;928.9000;802.8500;16.1500;11.3572;0.9447;0.0000;-786.7000;0.0000;6.8165;0.0000;-786.7000;0.0000;6.8165;1.0000;0.0000;0.0000;0.0000;0.0000
168;299.08;789.9500;920.9000;802.9000;12.9500;9.8893;1.0048;0.0000;-789.9500;0.0000;6.8165;0.0000;-789.9500;0.0000;6.8165;1.0000;0.0000;0.0000;0.0000;0.0000
169;299.47;781.7500;914.5500;812.3000;30.5500;23.0045;0.6382;0.0000;-781.7500;0.0000;6.8165;0.0000;-781.7500;0.0000;6.8165;1.0000;0.0000;0.0000;0.0000;0.0000
170;299.86;768.0500;919.0500;795.3500;27.3000;18.0795;0.7428;0.0000;-768.0500;0.0000;6.8165;0.0000;-768.0500;0.0000;6.8165;1.0000;0.0000;0.0000;0.0000;0.0000
171;300.25;797.3500;909.0500;802.5000;5.1500;4.6106;1.3362;0.0000;-797.3500;0.0000;6.8165;0.0000;-797.3500;0.0000;6.8165;1.0000;0.0000;0.0000;0.0000;0.0000
172;300.64;775.6500;914.7500;816.1500;40.5000;29.1157;0.5359;0.0000;-775.6500;0.0000;6.8165;0.0000;-775.6500;0.0000;6.8165;1.0000;0.0000;0.0000;0.0000;0.0000
173;301.04;787.1000;918.3500;799.2000;12.1000;9.2190;1.0353;0.0000;-787.1000;0.0000;6.8165;0.0000;-787.1000;0.0000;6.8165;1.0000;0.0000;0.0000;0.0000;0.0000
174;301.43;782.8500;905.6000;787.4500;4.6000;3.7475;1.4263;0.0000;-782.8500;0.0000;6.8165;0.0000;-782.8500;0.0000;6.8165;1.0000;0.0000;0.0000;0.0000;0.0000
175;301.82;778.4000;924.2500;816.6500;38.2500;26.2256;0.5813;0.0000;-778.4000;0.0000;6.8165;0.0000;-778.4000;0.0000;6.8165;1.0000;0.0000;0.0000;0.0000;0.0000
176;302.21;768.1500;909.5000;817.4500;49.3000;34.8780;0.4574;0.0000;-768.1500;0.0000;6.8165;0.0000;-768.1500;0.0000;6.8165;1.0000;0.0000;0.0000;0.0000;0.0000
177;302.60;781.8000;908.4500;802.8000;21.0000;16.5811;0.7804;0.0000;-781.8000;0.0000;6.8165;0.0000;-781.8000;0.0000;6.8165;1.0000;0.0000;0.0000;0.0000;0.0000
178;302.99;781.0000;916.4000;812.2000;31.2000;23.0428;0.6375;0.0000;-781.0000;0.0000;6.8165;0.0000;-781.0000;0.0000;6.8165;1.0000;0.0000;0.0000;0.0000;0.0000
179;303.38;778.1500;929.7500;799.4000;21.2500;14.0172;0.8533;0.0000;-778.1500;0.0000;6.8165;0.0000;-778.1500;0.0000;6.8165;1.0000;0.0000;0.0000;0.0000;0.0000
180;303.78;797.0500;927.2500;800.6500;3.6000;2.7650;1.5583;0.0000;-797.0500;0.0000;6.8165;0.0000;-797.0500;0.0000;6.8165;1.0000;0.0000;0.0000;0.0000;0.0000
181;304.17;776.0500;917.1500;824.7500;48.7000;34.5145;0.4620;0.0000;-776.0500;0.0000;6.8165;0.0000;-776.0500;0.0000;6.8165;1.0000;0.0000;0.0000;0.0000;0.0000
182;304.56;782.3000;912.5000;788.8000;6.5000;4.9923;1.3017;0.0000;-782.3000;0.0000;6.8165;0.0000;-782.3000;0.0000;6.8165;1.0000;0.0000;0.0000;0.0000;0.0000
183;304.95;781.1500;926.5000;818.1500;37.0000;25.4558;0.5942;0.0000;-781.1500;0.0000;6.8165;0.0000;-781.1500;0.0000;6.8165;1.0000;0.0000;0.0000;0.0000;0.0000
184;305.34;794.2500;919.1500;816.5500;22.3000;17.8543;0.7483;0.0000;-794.2500;0.0000;6.8165;0.0000;-794.2500;0.0000;6.8165;1.0000;0.0000;0.0000;0.0000;0.0000
185;305.73;789.6500;926.7500;814.9000;25.2500;18.4172;0.7348;0.0000;-789.6500;0.0000;6.8165;0.0000;-789.6500;0.0000;6.8165;1.0000;0.0000;0.0000;0.0000;0.0000
186;306.12;781.2000;923.9500;813.2500;32.0500;22.4518;0.6487;0.0000;-781.2000;0.0000;6.8165;0.0000;-781.2000;0.0000;6.8165;1.0000;0.0000;0.0000;0.0000;0.0000
187;306.51;787.3500;928.3500;823.7000;36.3500;25.7801;0.5887;0.0000;-787.3500;0.0000;6.8165;0.0000;-787.3500;0.0000;6.8165;1.0000;0.0000;0.0000;0.0000;0.0000
188;306.90;788.5500;915.9000;803.7000;15.1500;11.8963;0.9246;0.0000;-788.5500;0.0000;6.8165;0.0000;-788.5500;0.0000;6.8165;1.0000;0.0000;0.0000;0.0000;0.0000
189;307.29;806.1000;915.1000;807.2500;1.1500;1.0550;1.9767;0.0000;-806.1000;0.0000;6.8165;0.0000;-806.1000;0.0000;6.8165;1.0000;0.0000;0.0000;0.0000;0.0000
190;307.68;785.5500;915.3000;812.3000;26.7500;20.6166;0.6858;0.0000;-785.5500;0.0000;6.8165;0.0000;-785.5500;0.0000;6.8165;1.0000;0.0000;0.0000;0.0000;0.0000
191;308.07;782.8500;918.5500;799.9500;17.1000;12.6013;0.8996;0.0000;-782.8500;0.0000;6.8165;0.0000;-782.8500;0.0000;6.8165;1.0000;0.0000;0.0000;0.0000;0.0000
192;308.46;793.1000;924.2500;805.6500;12.5500;9.5692;1.0191;0.0000;-793.1000;0.0000;6.8165;0.0000;-793.1000;0.0000;6.8165;1.0000;0.0000;0.0000;0.0000;0.0000
193;308.85;788.2000;917.5500;823.1000;34.9000;26.9811;0.5689;0.0000;-788.2000;0.0000;6.8165;0.0000;-788.2000;0.0000;6.8165;1.0000;0.0000;0.0000;0.0000;0.0000
194;309.24;794.0000;916.3500;808.0000;14.0000;11.4426;0.9415;0.0000;-794.0000;0.0000;6.8165;0.0000;-794.0000;0.0000;6.8165;1.0000;0.0000;0.0000;0.0000;0.0000
195;309.63;787.9000;928.2500;814.7500;26.8500;19.1307;0.7183;0.0000;-787.9000;0.0000;6.8165;0.0000;-787.9000;0.0000;6.8165;1.0000;0.0000;0.0000;0.0000;0.0000
196;310.02;779.8000;935.0000;804.6500;24.8500;16.0116;0.7956;0.0000;-779.8000;0.0000;6.8165;0.0000;-779.8000;0.0000;6.8165;1.0000;0.0000;0.0000;0.0000;0.0000
197;310.41;790.0500;926.2000;805.2500;15.2000;11.1642;0.9522;0.0000;-790.0500;0.0000;6.8165;0.0000;-790.0500;0.0000;6.8165;1.0000;0.0000;0.0000;0.0000;0.0000
198;310.80;785.8500;935.2000;817.1500;31.3000;20.9575;0.6787;0.0000;-785.8500;0.0000;6.8165;0.0000;-785.8500;0.0000;6.8165;1.0000;0.0000;0.0000;0.0000;0.0000
199;311.19;766.6000;924.8000;814.9500;48.3500;30.5626;0.5148;0.0000;-766.6000;0.0000;6.8165;0.0000;-766.6000;0.0000;6.8165;1.0000;0.0000;0.0000;0.0000;0.0000
200;311.58;782.6000;927.9000;807.4500;24.8500;17.1025;0.7669;0.0000;-782.6000;0.0000;6.8165;0.0000;-782.6000;0.0000;6.8165;1.0000;0.0000;0.0000;0.0000;0.0000
201;311.97;778.8000;938.6500;822.5000;43.7000;27.3381;0.5632;0.0000;-778.8000;0.0000;6.8165;0.0000;-778.8000;0.0000;6.8165;1.0000;0.0000;0.0000;0.0000;0.0000
202;312.36;791.2000;936.5500;827.9000;36.7000;25.2494;0.5977;0.0000;-791.2000;0.0000;6.8165;0.0000;-791.2000;0.0000;6.8165;1.0000;0.0000;0.0000;0.0000;0.0000
203;312.75;779.1000;926.3500;821.7000;42.6000;28.9304;0.5386;0.0000;-779.1000;0.0000;6.8165;0.0000;-779.1000;0.0000;6.8165;1.0000;0.0000;0.0000;0.0000;0.0000
204;313.14;784.8500;921.8500;821.0500;36.2000;26.4234;0.5780;0.0000;-784.8500;0.0000;6.8165;0.0000;-784.8500;0.0000;6.8165;1.0000;0.0000;0.0000;0.0000;0.0000
205;313.53;768.6000;941.1000;816.6500;48.0500;27.8551;0.5551;0.0000;-768.6000;0.0000;6.8165;0.0000;-768.6000;0.0000;6.8165;1.0000;0.0000;0.0000;0.0000;0.0000
206;313.91;788.7500;922.8500;804.0500;15.3000;11.4094;0.9427;0.0000;-788.7500;0.0000;6.8165;0.0000;-788.7500;0.0000;6.8165;1.0000;0.0000;0.0000;0.0000;0.0000
207;314.30;782.1500;938.1000;827.2500;45.1000;28.9195;0.5388;0.0000;-782.1500;0.0000;6.8165;0.0000;-782.1500;0.0000;6.8165;1.0000;0.0000;0.0000;0.0000;0.0000
208;314.69;788.8000;922.0000;823.7500;34.9500;26.2387;0.5811;0.0000;-788.8000;0.0000;6.8165;0.0000;-788.8000;0.0000;6.8165;1.0000;0.0000;0.0000;0.0000;0.0000
209;315.08;790.0500;938.5000;811.5500;21.5000;14.4830;0.8391;0.0000;-790.0500;0.0000;6.8165;0.0000;-790.0500;0.0000;6.8165;1.0000;0.0000;0.0000;0.0000;0.0000
210;315.47;800.5000;934.3500;831.3000;30.8000;23.0108;0.6381;0.0000;-800.5000;0.0000;6.8165;0.0000;-800.5000;0.0000;6.8165;1.0000;0.0000;0.0000;0.0000;0.0000
211;315.86;781.5000;924.8000;812.0500;30.5500;21.3189;0.6712;0.0000;-781.5000;0.0000;6.8165;0.0000;-781.5000;0.0000;6.8165;1.0000;0.0000;0.0000;0.0000;0.0000
212;316.25;781.4000;944.2000;815.1000;33.7000;20.7002;0.6840;0.0000;-781.4000;0.0000;6.8165;0.0000;-781.4000;0.0000;6.8165;1.0000;0.0000;0.0000;0.0000;0.0000
213;316.63;789.9500;927.8500;820.5000;30.5500;22.1537;0.6546;0.0000;-789.9500;0.0000;6.8165;0.0000;-789.9500;0.0000;6.8165;1.0000;0.0000;0.0000;0.0000;0.0000
214;317.02;784.3500;937.5500;821.2500;36.9000;24.0862;0.6182;0.0000;-784.3500;0.0000;6.8165;0.0000;-784.3500;0.0000;6.8165;1.0000;0.0000;0.0000;0.0000;0.0000
215;317.41;774.5000;944.0000;821.0500;46.5500;27.4631;0.5613;0.0000;-774.5000;0.0000;6.8165;0.0000;-774.5000;0.0000;6.8165;1.0000;0.0000;0.0000;0.0000;0.0000
216;317.80;784.5000;938.8000;826.8500;42.3500;27.4465;0.5615;0.0000;-784.5000;0.0000;6.8165;0.0000;-784.5000;0.0000;6.8165;1.0000;0.0000;0.0000;0.0000;0.0000
217;318.19;782.6000;924.0500;814.9500;32.3500;22.8703;0.6407;0.0000;-782.6000;0.0000;6.8165;0.0000;-782.6000;0.0000;6.8165;1.0000;0.0000;0.0000;0.0000;0.0000
218;318.57;780.2000;926.3000;821.6500;41.4500;28.3710;0.5471;0.0000;-780.2000;0.0000;6.8165;0.0000;-780.2000;0.0000;6.8165;1.0000;0.0000;0.0000;0.0000;0.0000
219;318.96;804.7500;931.4000;832.0000;27.2500;21.5160;0.6672;0.0000;-804.7500;0.0000;6.8165;0.0000;-804.7500;0.0000;6.8165;1.0000;0.0000;0.0000;0.0000;0.0000
220;319.35;803.1500;950.3000;814.6000;11.4500;7.7812;1.1090;0.0000;-803.1500;0.0000;6.8165;0.0000;-803.1500;0.0000;6.8165;1.0000;0.0000;0.0000;0.0000;0.0000
221;319.74;786.2500;950.7000;818.6000;32.3500;19.6716;0.7062;0.0000;-786.2500;0.0000;6.8165;0.0000;-786.2500;0.0000;6.8165;1.0000;0.0000;0.0000;0.0000;0.0000
222;320.12;774.0000;947.6000;814.4000;40.4000;23.2719;0.6332;0.0000;-774.0000;0.0000;6.8165;0.0000;-774.0000;0.0000;6.8165;1.0000;0.0000;0.0000;0.0000;0.0000
223;320.51;779.6000;943.4500;809.6500;30.0500;18.3399;0.7366;0.0000;-779.6000;0.0000;6.8165;0.0000;-779.6000;0.0000;6.8165;1.0000;0.0000;0.0000;0.0000;0.0000
224;320.90;783.4000;925.8500;812.6500;29.2500;20.5335;0.6875;0.0000;-783.4000;0.0000;6.8165;0.0000;-783.4000;0.0000;6.8165;1.0000;0.0000;0.0000;0.0000;0.0000
225;321.28;785.4500;946.2500;809.7500;24.3000;15.1119;0.8207;0.0000;-785.4500;0.0000;6.8165;0.0000;-785.4500;0.0000;6.8165;1.0000;0.0000;0.0000;0.0000;0.0000
226;321.67;778.1000;941.9500;812.9000;34.8000;21.2389;0.6729;0.0000;-778.1000;0.0000;6.8165;0.0000;-778.1000;0.0000;6.8165;1.0000;0.0000;0.0000;0.0000;0.0000
227;322.06;786.9000;942.3500;822.1500;35.2500;22.6761;0.6444;0.0000;-786.9000;0.0000;6.8165;0.0000;-786.9000;0.0000;6.8165;1.0000;0.0000;0.0000;0.0000;0.0000
228;322.45;769.2500;950.8000;806.9500;37.7000;20.7656;0.6827;0.0000;-769.2500;0.0000;6.8165;0.0000;-769.2500;0.0000;6.8165;1.0000;0.0000;0.0000;0.0000;0.0000
229;322.83;766.6500;928.0500;831.4000;64.7500;40.1177;0.3967;0.0000;-766.6500;0.0000;6.8165;0.0000;-766.6500;0.0000;6.8165;1.0000;0.0000;0.0000;0.0000;0.0000
230;323.22;794.4500;942.0500;829.2500;34.8000;23.5772;0.6275;0.0000;-794.4500;0.0000;6.8165;0.0000;-794.4500;0.0000;6.8165;1.0000;0.0000;0.0000;0.0000;0.0000
231;323.61;784.3500;929.5500;811.0000;26.6500;18.3540;0.7363;0.0000;-784.3500;0.0000;6.8165;0.0000;-784.3500;0.0000;6.8165;1.0000;0.0000;0.0000;0.0000;0.0000
232;323.99;794.0000;945.8500;835.8500;41.8500;27.5601;0.5597;0.0000;-794.0000;0.0000;6.8165;0.0000;-794.0000;0.0000;6.8165;1.0000;0.0000;0.0000;0.0000;0.0000
233;324.38;780.2000;953.4500;818.4000;38.2000;22.0491;0.6566;0.0000;-780.2000;0.0000;6.8165;0.0000;-780.2000;0.0000;6.8165;1.0000;0.0000;0.0000;0.0000;0.0000
234;324.77;784.4500;939.8500;816.6000;32.1500;20.6885;0.6843;0.0000;-784.4500;0.0000;6.8165;0.0000;-784.4500;0.0000;6.8165;1.0000;0.0000;0.0000;0.0000;0.0000
235;325.15;777.7500;942.3500;820.8000;43.0500;26.1543;0.5825;0.0000;-777.7500;0.0000;6.8165;0.0000;-777.7500;0.0000;6.8165;1.0000;0.0000;0.0000;0.0000;0.0000
236;325.54;794.8500;932.4000;831.3000;36.4500;26.4995;0.5768;0.0000;-794.8500;0.0000;6.8165;0.0000;-794.8500;0.0000;6.8165;1.0000;0.0000;0.0000;0.0000;0.0000
237;325.92;793.0500;962.7500;824.8000;31.7500;18.7095;0.7279;0.0000;-793.0500;0.0000;6.8165;0.0000;-793.0500;0.0000;6.8165;1.0000;0.0000;0.0000;0.0000;0.0000
238;326.31;771.4000;942.2500;825.7000;54.3000;31.7823;0.4978;0.0000;-771.4000;0.0000;6.8165;0.0000;-771.4000;0.0000;6.8165;1.0000;0.0000;0.0000;0.0000;0.0000
239;326.70;786.4500;949.5500;825.5000;39.0500;23.9424;0.6208;0.0000;-786.4500;0.0000;6.8165;0.0000;-786.4500;0.0000;6.8165;1.0000;0.0000;0.0000;0.0000;0.0000
240;327.08;789.3000;940.2000;827.5000;38.2000;25.3148;0.5966;0.0000;-789.3000;0.0000;6.8165;0.0000;-789.3000;0.0000;6.8165;1.0000;0.0000;0.0000;0.0000;0.0000
241;327.47;775.0000;944.3500;821.8500;46.8500;27.6646;0.5581;0.0000;-775.0000;0.0000;6.8165;0.0000;-775.0000;0.0000;6.8165;1.0000;0.0000;0.0000;0.0000;0.0000
242;327.85;782.8000;942.8000;822.4500;39.6500;24.7813;0.6059;0.0000;-782.8000;0.0000;6.8165;0.0000;-782.8000;0.0000;6.8165;1.0000;0.0000;0.0000;0.0000;0.0000
243;328.24;783.9500;950.7000;831.9500;48.0000;28.7856;0.5408;0.0000;-783.9500;0.0000;6.8165;0.0000;-783.9500;0.0000;6.8165;1.0000;0.0000;0.0000;0.0000;0.0000
244;328.62;786.8000;950.2500;814.8500;28.0500;17.1612;0.7655;0.0000;-786.8000;0.0000;6.8165;0.0000;-786.8000;0.0000;6.8165;1.0000;0.0000;0.0000;0.0000;0.0000
245;329.01;782.9500;963.2000;818.4500;35.5000;19.6949;0.7056;0.0000;-782.9500;0.0000;6.8165;0.0000;-782.9500;0.0000;6.8165;1.0000;0.0000;0.0000;0.0000;0.0000
246;329.39;789.6500;944.9500;824.0000;34.3500;22.1185;0.6552;0.0000;-789.6500;0.0000;6.8165;0.0000;-789.6500;0.0000;6.8165;1.0000;0.0000;0.0000;0.0000;0.0000
247;329.78;781.3000;946.2500;823.7000;42.4000;25.7048;0.5900;0.0000;-781.3000;0.0000;6.8165;0.0000;-781.3000;0.0000;6.8165;1.0000;0.0000;0.0000;0.0000;0.0000
248;330.16;793.1500;951.8000;829.2000;36.0500;22.7230;0.6435;0.0000;-793.1500;0.0000;6.8165;0.0000;-793.1500;0.0000;6.8165;1.0000;0.0000;0.0000;0.0000;0.0000
249;330.55;773.4000;951.0500;840.2500;66.8500;37.6302;0.4245;0.0000;-773.4000;0.0000;6.8165;0.0000;-773.4000;0.0000;6.8165;1.0000;0.0000;0.0000;0.0000;0.0000
250;330.93;797.1000;964.2000;820.3000;23.2000;13.8839;0.8575;0.0000;-797.1000;0.0000;6.8165;0.0000;-797.1000;0.0000;6.8165;1.0000;0.0000;0.0000;0.0000;0.0000
251;331.32;796.9000;949.1000;829.3500;32.4500;21.3206;0.6712;0.0000;-796.9000;0.0000;6.8165;0.0000;-796.9000;0.0000;6.8165;1.0000;0.0000;0.0000;0.0000;0.0000
252;331.70;796.3000;962.4000;823.0500;26.7500;16.1048;0.7930;0.0000;-796.3000;0.0000;6.8165;0.0000;-796.3000;0.0000;6.8165;1.0000;0.0000;0.0000;0.0000;0.0000
253;332.09;778.2500;964.3500;822.2000;43.9500;23.6163;0.6268;0.0000;-778.2500;0.0000;6.8165;0.0000;-778.2500;0.0000;6.8165;1.0000;0.0000;0.0000;0.0000;0.0000
254;332.47;792.8500;970.3000;827.4500;34.6000;19.4985;0.7100;0.0000;-792.8500;0.0000;6.8165;0.0000;-792.8500;0.0000;6.8165;1.0000;0.0000;0.0000;0.0000;0.0000
255;332.86;783.2000;947.5500;824.4000;41.2000;25.0685;0.6009;0.0000;-783.2000;0.0000;6.8165;0.0000;-783.2000;0.0000;6.8165;1.0000;0.0000;0.0000;0.0000;0.0000
256;333.24;787.7000;966.1000;826.2500;38.5500;21.6087;0.6654;0.0000;-787.7000;0.0000;6.8165;0.0000;-787.7000;0.0000;6.8165;1.0000;0.0000;0.0000;0.0000;0.0000
257;333.63;780.8500;950.3000;812.2500;31.4000;18.5305;0.7321;0.0000;-780.8500;0.0000;6.8165;0.0000;-780.8500;0.0000;6.8165;1.0000;0.0000;0.0000;0.0000;0.0000
258;334.01;786.4000;951.6000;820.2000;33.8000;20.4600;0.6891;0.0000;-786.4000;0.0000;6.8165;0.0000;-786.4000;0.0000;6.8165;1.0000;0.0000;0.0000;0.0000;0.0000
259;334.39;774.5500;965.3000;817.0000;42.4500;22.2543;0.6526;0.0000;-774.5500;0.0000;6.8165;0.0000;-774.5500;0.0000;6.8165;1.0000;0.0000;0.0000;0.0000;0.0000
260;334.78;782.0000;971.4500;828.2000;46.2000;24.3864;0.6129;0.0000;-782.0000;0.0000;6.8165;0.0000;-782.0000;0.0000;6.8165;1.0000;0.0000;0.0000;0.0000;0.0000
261;335.16;783.6000;958.9000;834.4000;50.8000;28.9789;0.5379;0.0000;-783.6000;0.0000;6.8165;0.0000;-783.6000;0.0000;6.8165;1.0000;0.0000;0.0000;0.0000;0.0000
262;335.55;793.2000;952.6000;821.9500;28.7500;18.0364;0.7439;0.0000;-793.2000;0.0000;6.8165;0.0000;-793.2000;0.0000;6.8165;1.0000;0.0000;0.0000;0.0000;0.0000
263;335.93;791.9500;942.2000;821.0500;29.1000;19.3677;0.7129;0.0000;-791.9500;0.0000;6.8165;0.0000;-791.9500;0.0000;6.8165;1.0000;0.0000;0.0000;0.0000;0.0000
264;336.31;779.5000;959.7500;824.7500;45.2500;25.1040;0.6003;0.0000;-779.5000;0.0000;6.8165;0.0000;-779.5000;0.0000;6.8165;1.0000;0.0000;0.0000;0.0000;0.0000
265;336.70;783.9000;961.5000;809.5500;25.6500;14.4426;0.8404;0.0000;-783.9000;0.0000;6.8165;0.0000;-783.9000;0.0000;6.8165;1.0000;0.0000;0.0000;0.0000;0.0000
266;337.08;788.9000;968.7000;819.0500;30.1500;16.7686;0.7755;0.0000;-788.9000;0.0000;6.8165;0.0000;-788.9000;0.0000;6.8165;1.0000;0.0000;0.0000;0.0000;0.0000
267;337.46;780.8500;974.8500;831.4000;50.5500;26.0567;0.5841;0.0000;-780.8500;0.0000;6.8165;0.0000;-780.8500;0.0000;6.8165;1.0000;0.0000;0.0000;0.0000;0.0000
268;337.85;786.1000;959.5500;825.5000;39.4000;22.7155;0.6437;0.0000;-786.1000;0.0000;6.8165;0.0000;-786.1000;0.0000;6.8165;1.0000;0.0000;0.0000;0.0000;0.0000
269;338.23;780.9500;956.6000;828.2000;47.2500;26.9001;0.5702;0.0000;-780.9500;0.0000;6.8165;0.0000;-780.9500;0.0000;6.8165;1.0000;0.0000;0.0000;0.0000;0.0000
270;338.61;784.6500;960.4000;825.4000;40.7500;23.1863;0.6348;0.0000;-784.6500;0.0000;6.8165;0.0000;-784.6500;0.0000;6.8165;1.0000;0.0000;0.0000;0.0000;0.0000
271;339.00;798.6500;978.8000;826.2000;27.5500;15.2928;0.8155;0.0000;-798.6500;0.0000;6.8165;0.0000;-798.6500;0.0000;6.8165;1.0000;0.0000;0.0000;0.0000;0.0000
272;339.38;787.5000;968.6000;826.7500;39.2500;21.6731;0.6641;0.0000;-787.5000;0.0000;6.8165;0.0000;-787.5000;0.0000;6.8165;1.0000;0.0000;0.0000;0.0000;0.0000
273;339.76;801.9500;969.4500;828.2500;26.3000;15.7015;0.8041;0.0000;-801.9500;0.0000;6.8165;0.0000;-801.9500;0.0000;6.8165;1.0000;0.0000;0.0000;0.0000;0.0000
274;340.14;787.8500;961.3000;829.0000;41.1500;23.7244;0.6248;0.0000;-787.8500;0.0000;6.8165;0.0000;-787.8500;0.0000;6.8165;1.0000;0.0000;0.0000;0.0000;0.0000
275;340.53;798.7000;964.6000;826.5000;27.8000;16.7571;0.7758;0.0000;-798.7000;0.0000;6.8165;0.0000;-798.7000;0.0000;6.8165;1.0000;0.0000;0.0000;0.0000;0.0000
276;340.91;788.1500;947.3500;833.1000;44.9500;28.2349;0.5492;0.0000;-788.1500;0.0000;6.8165;0.0000;-788.1500;0.0000;6.8165;1.0000;0.0000;0.0000;0.0000;0.0000
277;341.29;781.3500;961.8500;814.1000;32.7500;18.1440;0.7413;0.0000;-781.3500;0.0000;6.8165;0.0000;-781.3500;0.0000;6.8165;1.0000;0.0000;0.0000;0.0000;0.0000
278;341.67;791.1500;965.1500;821.4500;30.3000;17.4138;0.7591;0.0000;-791.1500;0.0000;6.8165;0.0000;-791.1500;0.0000;6.8165;1.0000;0.0000;0.0000;0.0000;0.0000
279;342.06;796.3000;956.2000;810.4500;14.1500;8.8493;1.0531;0.0000;-796.3000;0.0000;6.8165;0.0000;-796.3000;0.0000;6.8165;1.0000;0.0000;0.0000;0.0000;0.0000
280;342.44;784.6500;957.4000;837.6000;52.9500;30.6512;0.5136;0.0000;-784.6500;0.0000;6.8165;0.0000;-784.6500;0.0000;6.8165;1.0000;0.0000;0.0000;0.0000;0.0000
281;342.82;775.0000;947.5000;822.5000;47.5000;27.5362;0.5601;0.0000;-775.0000;0.0000;6.8165;0.0000;-775.0000;0.0000;6.8165;1.0000;0.0000;0.0000;0.0000;0.0000
282;343.20;772.5000;970.0500;822.0000;49.5000;25.0569;0.6011;0.0000;-772.5000;0.0000;6.8165;0.0000;-772.5000;0.0000;6.8165;1.0000;0.0000;0.0000;0.0000;0.0000
283;343.59;772.4500;969.7000;819.0500;46.6000;23.6248;0.6266;0.0000;-772.4500;0.0000;6.8165;0.0000;-772.4500;0.0000;6.8165;1.0000;0.0000;0.0000;0.0000;0.0000
284;343.97;793.7000;980.4000;842.9500;49.2500;26.3792;0.5787;0.0000;-793.7000;0.0000;6.8165;0.0000;-793.7000;0.0000;6.8165;1.0000;0.0000;0.0000;0.0000;0.0000
285;344.35;792.5500;978.4500;814.7500;22.2000;11.9419;0.9229;0.0000;-792.5500;0.0000;6.8165;0.0000;-792.5500;0.0000;6.8165;1.0000;0.0000;0.0000;0.0000;0.0000
286;344.73;782.2000;977.9500;832.4000;50.2000;25.6450;0.5910;0.0000;-782.2000;0.0000;6.8165;0.0000;-782.2000;0.0000;6.8165;1.0000;0.0000;0.0000;0.0000;0.0000
287;345.11;773.7000;973.1500;822.2500;48.5500;24.3419;0.6136;0.0000;-773.7000;0.0000;6.8165;0.0000;-773.7000;0.0000;6.8165;1.0000;0.0000;0.0000;0.0000;0.0000
288;345.49;776.7000;962.9500;836.4000;59.7000;32.0537;0.4941;0.0000;-776.7000;0.0000;6.8165;0.0000;-776.7000;0.0000;6.8165;1.0000;0.0000;0.0000;0.0000;0.0000
289;345.88;775.8500;981.2000;831.9000;56.0500;27.2949;0.5639;0.0000;-775.8500;0.0000;6.8165;0.0000;-775.8500;0.0000;6.8165;1.0000;0.0000;0.0000;0.0000;0.0000
290;346.26;785.6500;987.9500;843.6000;57.9500;28.6456;0.5429;0.0000;-785.6500;0.0000;6.8165;0.0000;-785.6500;0.0000;6.8165;1.0000;0.0000;0.0000;0.0000;0.0000
291;346.64;783.2500;976.7500;825.3500;42.1000;21.7571;0.6624;0.0000;-783.2500;0.0000;6.8165;0.0000;-783.2500;0.0000;6.8165;1.0000;0.0000;0.0000;0.0000;0.0000
292;347.02;788.6000;972.7500;819.9500;31.3500;17.0242;0.7689;0.0000;-788.6000;0.0000;6.8165;0.0000;-788.6000;0.0000;6.8165;1.0000;0.0000;0.0000;0.0000;0.0000
293;347.40;767.7500;954.4000;826.2000;58.4500;31.3153;0.5042;0.0000;-767.7500;0.0000;6.8165;0.0000;-767.7500;0.0000;6.8165;1.0000;0.0000;0.0000;0.0000;0.0000
294;347.78;778.4500;980.9500;837.1000;58.6500;28.9630;0.5382;0.0000;-778.4500;0.0000;6.8165;0.0000;-778.4500;0.0000;6.8165;1.0000;0.0000;0.0000;0.0000;0.0000
295;348.16;794.7500;969.6000;836.4500;41.7000;23.8490;0.6225;0.0000;-794.7500;0.0000;6.8165;0.0000;-794.7500;0.0000;6.8165;1.0000;0.0000;0.0000;0.0000;0.0000
296;348.54;785.7500;975.5500;821.6500;35.9000;18.9146;0.7232;0.0000;-785.7500;0.0000;6.8165;0.0000;-785.7500;0.0000;6.8165;1.0000;0.0000;0.0000;0.0000;0.0000
297;348.92;782.3000;968.9500;823.1500;40.8500;21.8859;0.6598;0.0000;-782.3000;0.0000;6.8165;0.0000;-782.3000;0.0000;6.8165;1.0000;0.0000;0.0000;0.0000;0.0000
298;349.30;790.0500;970.8500;841.0000;50.9500;28.1803;0.5501;0.0000;-790.0500;0.0000;6.8165;0.0000;-790.0500;0.0000;6.8165;1.0000;0.0000;0.0000;0.0000;0.0000
299;349.68;775.2500;967.0500;820.7000;45.4500;23.6966;0.6253;0.0000;-775.2500;0.0000;6.8165;0.0000;-775.2500;0.0000;6.8165;1.0000;0.0000;0.0000;0.0000;0.0000
300;350.06;785.2500;964.1500;830.7000;45.4500;25.4053;0.5951;0.0000;-785.2500;0.0000;6.8165;0.0000;-785.2500;0.0000;6.8165;1.0000;0.0000;0.0000;0.0000;0.0000
301;350.44;792.0500;970.7000;830.7500;38.7000;21.6625;0.6643;0.0000;-792.0500;0.0000;6.8165;0.0000;-792.0500;0.0000;6.8165;1.0000;0.0000;0.0000;0.0000;0.0000
302;350.82;788.7500;992.6000;820.3000;31.5500;15.4771;0.8103;0.0000;-788.7500;0.0000;6.8165;0.0000;-788.7500;0.0000;6.8165;1.0000;0.0000;0.0000;0.0000;0.0000
303;351.21;786.7000;970.8500;840.5500;53.8500;29.2425;0.5340;0.0000;-786.7000;0.0000;6.8165;0.0000;-786.7000;0.0000;6.8165;1.0000;0.0000;0.0000;0.0000;0.0000
304;351.59;788.1500;972.7000;833.6500;45.5000;24.6546;0.6081;0.0000;-788.1500;0.0000;6.8165;0.0000;-788.1500;0.0000;6.8165;1.0000;0.0000;0.0000;0.0000;0.0000
305;351.97;797.8500;969.3500;837.5000;39.6500;23.1195;0.6360;0.0000;-797.8500;0.0000;6.8165;0.0000;-797.8500;0.0000;6.8165;1.0000;0.0000;0.0000;0.0000;0.0000
306;352.34;780.5500;975.1500;820.9000;40.3500;20.7348;0.6833;0.0000;-780.5500;0.0000;6.8165;0.0000;-780.5500;0.0000;6.8165;1.0000;0.0000;0.0000;0.0000;0.0000
307;352.72;784.2000;983.7500;822.4500;38.2500;19.1681;0.7174;0.0000;-784.2000;0.0000;6.8165;0.0000;-784.2000;0.0000;6.8165;1.0000;0.0000;0.0000;0.0000;0.0000
308;353.10;790.1000;991.4500;817.4500;27.3500;13.5833;0.8670;0.0000;-790.1000;0.0000;6.8165;0.0000;-790.1000;0.0000;6.8165;1.0000;0.0000;0.0000;0.0000;0.0000
309;353.48;776.9500;993.9000;837.3000;60.3500;27.8175;0.5557;0.0000;-776.9500;0.0000;6.8165;0.0000;-776.9500;0.0000;6.8165;1.0000;0.0000;0.0000;0.0000;0.0000
310;353.86;779.7500;993.9500;838.9000;59.1500;27.6144;0.5589;0.0000;-779.7500;0.0000;6.8165;0.0000;-779.7500;0.0000;6.8165;1.0000;0.0000;0.0000;0.0000;0.0000
311;354.24;787.7000;994.4500;835.2000;47.5000;22.9746;0.6388;0.0000;-787.7000;0.0000;6.8165;0.0000;-787.7000;0.0000;6.8165;1.0000;0.0000;0.0000;0.0000;0.0000
312;354.62;775.4000;983.5500;841.8500;66.4500;31.9241;0.4959;0.0000;-775.4000;0.0000;6.8165;0.0000;-775.4000;0.0000;6.8165;1.0000;0.0000;0.0000;0.0000;0.0000
313;355.00;784.7500;985.5000;828.2000;43.4500;21.6438;0.6647;0.0000;-784.7500;0.0000;6.8165;0.0000;-784.7500;0.0000;6.8165;1.0000;0.0000;0.0000;0.0000;0.0000
314;355.38;785.2000;968.3500;832.2000;47.0000;25.6620;0.5907;0.0000;-785.2000;0.0000;6.8165;0.0000;-785.2000;0.0000;6.8165;1.0000;0.0000;0.0000;0.0000;0.0000
315;355.76;793.8000;980.7000;822.1500;28.3500;15.1685;0.8191;0.0000;-793.8000;0.0000;6.8165;0.0000;-793.8000;0.0000;6.8165;1.0000;0.0000;0.0000;0.0000;0.0000
316;356.14;791.0000;990.0000;841.4500;50.4500;25.3518;0.5960;0.0000;-791.0000;0.0000;6.8165;0.0000;-791.0000;0.0000;6.8165;1.0000;0.0000;0.0000;0.0000;0.0000
317;356.52;786.4500;989.5500;825.9500;39.5000;19.4485;0.7111;0.0000;-786.4500;0.0000;6.8165;0.0000;-786.4500;0.0000;6.8165;1.0000;0.0000;0.0000;0.0000;0.0000
318;356.90;773.0000;987.0500;840.8000;67.8000;31.6748;0.4993;0.0000;-773.0000;0.0000;6.8165;0.0000;-773.0000;0.0000;6.8165;1.0000;0.0000;0.0000;0.0000;0.0000
319;357.27;782.1500;997.2500;829.6000;47.4500;22.0595;0.6564;0.0000;-782.1500;0.0000;6.8165;0.0000;-782.1500;0.0000;6.8165;1.0000;0.0000;0.0000;0.0000;0.0000
320;357.65;782.2000;996.7500;834.2000;52.0000;24.2368;0.6155;0.0000;-782.2000;0.0000;6.8165;0.0000;-782.2000;0.0000;6.8165;1.0000;0.0000;0.0000;0.0000;0.0000
321;358.03;800.0500;984.3000;828.5500;28.5000;15.4681;0.8106;0.0000;-800.0500;0.0000;6.8165;0.0000;-800.0500;0.0000;6.8165;1.0000;0.0000;0.0000;0.0000;0.0000
322;358.41;795.3000;993.7000;842.6000;47.3000;23.8407;0.6227;0.0000;-795.3000;0.0000;6.8165;0.0000;-795.3000;0.0000;6.8165;1.0000;0.0000;0.0000;0.0000;0.0000
323;358.79;786.7500;990.3000;827.7000;40.9500;20.1179;0.6964;0.0000;-786.7500;0.0000;6.8165;0.0000;-786.7500;0.0000;6.8165;1.0000;0.0000;0.0000;0.0000;0.0000
324;359.17;787.4000;999.3000;840.3500;52.9500;24.9882;0.6023;0.0000;-787.4000;0.0000;6.8165;0.0000;-787.4000;0.0000;6.8165;1.0000;0.0000;0.0000;0.0000;0.0000
325;359.55;781.5000;999.8500;835.7000;54.2000;24.8225;0.6052;0.0000;-781.5000;0.0000;6.8165;0.0000;-781.5000;0.0000;6.8165;1.0000;0.0000;0.0000;0.0000;0.0000
326;359.92;781.5500;986.8000;840.9000;59.3500;28.9160;0.5389;0.0000;-781.5500;0.0000;6.8165;0.0000;-781.5500;0.0000;6.8165;1.0000;0.0000;0.0000;0.0000;0.0000
327;360.30;781.7000;980.5500;835.9000;54.2000;27.2567;0.5645;0.0000;-781.7000;0.0000;6.8165;0.0000;-781.7000;0.0000;6.8165;1.0000;0.0000;0.0000;0.0000;0.0000
328;360.68;777.8500;978.9500;832.3000;54.4500;27.0761;0.5674;0.0000;-777.8500;0.0000;6.8165;0.0000;-777.8500;0.0000;6.8165;1.0000;0.0000;0.0000;0.0000;0.0000
329;361.06;776.0000;995.8500;843.0000;67.0000;30.4753;0.5161;0.0000;-776.0000;0.0000;6.8165;0.0000;-776.0000;0.0000;6.8165;1.0000;0.0000;0.0000;0.0000;0.0000
330;361.43;792.9000;999.6000;835.5000;42.6000;20.6096;0.6859;0.0000;-792.9000;0.0000;6.8165;0.0000;-792.9000;0.0000;6.8165;1.0000;0.0000;0.0000;0.0000;0.0000
331;361.81;787.6000;996.8000;835.7000;48.1000;22.9924;0.6384;0.0000;-787.6000;0.0000;6.8165;0.0000;-787.6000;0.0000;6.8165;1.0000;0.0000;0.0000;0.0000;0.0000
332;362.19;779.9500;997.5000;825.4500;45.5000;20.9147;0.6795;0.0000;-779.9500;0.0000;6.8165;0.0000;-779.9500;0.0000;6.8165;1.0000;0.0000;0.0000;0.0000;0.0000
333;362.57;795.4500;990.9000;831.3500;35.9000;18.3679;0.7359;0.0000;-795.4500;0.0000;6.8165;0.0000;-795.4500;0.0000;6.8165;1.0000;0.0000;0.0000;0.0000;0.0000
334;362.94;791.0000;991.9000;835.2500;44.2500;22.0259;0.6571;0.0000;-791.0000;0.0000;6.8165;0.0000;-791.0000;0.0000;6.8165;1.0000;0.0000;0.0000;0.0000;0.0000
335;363.32;785.0000;984.0000;829.8000;44.8000;22.5126;0.6476;0.0000;-785.0000;0.0000;6.8165;0.0000;-785.0000;0.0000;6.8165;1.0000;0.0000;0.0000;0.0000;0.0000
336;363.70;794.2500;980.7500;836.9000;42.6500;22.8686;0.6408;0.0000;-794.2500;0.0000;6.8165;0.0000;-794.2500;0.0000;6.8165;1.0000;0.0000;0.0000;0.0000;0.0000
337;364.08;805.6000;991.0000;832.5000;26.9000;14.5092;0.8384;0.0000;-805.6000;0.0000;6.8165;0.0000;-805.6000;0.0000;6.8165;1.0000;0.0000;0.0000;0.0000;0.0000
338;364.45;781.0500;999.4000;835.6500;54.6000;25.0057;0.6020;0.0000;-781.0500;0.0000;6.8165;0.0000;-781.0500;0.0000;6.8165;1.0000;0.0000;0.0000;0.0000;0.0000
339;364.83;780.4000;996.1000;840.3000;59.9000;27.7701;0.5564;0.0000;-780.4000;0.0000;6.8165;0.0000;-780.4000;0.0000;6.8165;1.0000;0.0000;0.0000;0.0000;0.0000
340;365.21;792.0000;979.9000;828.8000;36.8000;19.5849;0.7081;0.0000;-792.0000;0.0000;6.8165;0.0000;-792.0000;0.0000;6.8165;1.0000;0.0000;0.0000;0.0000;0.0000
341;365.58;781.2500;1003.4000;827.5500;46.3000;20.8418;0.6811;0.0000;-781.2500;0.0000;6.8165;0.0000;-781.2500;0.0000;6.8165;1.0000;0.0000;0.0000;0.0000;0.0000
342;365.96;789.0000;1017.6000;826.8000;37.8000;16.5354;0.7816;0.0000;-789.0000;0.0000;6.8165;0.0000;-789.0000;0.0000;6.8165;1.0000;0.0000;0.0000;0.0000;0.0000
343;366.34;788.8500;996.4500;830.1500;41.3000;19.8940;0.7013;0.0000;-788.8500;0.0000;6.8165;0.0000;-788.8500;0.0000;6.8165;1.0000;0.0000;0.0000;0.0000;0.0000
344;366.71;778.2000;994.9500;815.3500;37.1500;17.1396;0.7660;0.0000;-778.2000;0.0000;6.8165;0.0000;-778.2000;0.0000;6.8165;1.0000;0.0000;0.0000;0.0000;0.0000
345;367.09;791.4000;997.8000;841.6500;50.2500;24.3459;0.6136;0.0000;-791.4000;0.0000;6.8165;0.0000;-791.4000;0.0000;6.8165;1.0000;0.0000;0.0000;0.0000;0.0000
346;367.47;780.2000;997.3500;832.9500;52.7500;24.2920;0.6145;0.0000;-780.2000;0.0000;6.8165;0.0000;-780.2000;0.0000;6.8165;1.0000;0.0000;0.0000;0.0000;0.0000
347;367.84;776.3500;1007.9500;832.6500;56.3000;24.3092;0.6142;0.0000;-776.3500;0.0000;6.8165;0.0000;-776.3500;0.0000;6.8165;1.0000;0.0000;0.0000;0.0000;0.0000
348;368.22;785.7500;1015.5000;840.8500;55.1000;23.9826;0.6201;0.0000;-785.7500;0.0000;6.8165;0.0000;-785.7500;0.0000;6.8165;1.0000;0.0000;0.0000;0.0000;0.0000
349;368.59;778.9000;988.3000;822.6500;43.7500;20.8930;0.6800;0.0000;-778.9000;0.0000;6.8165;0.0000;-778.9000;0.0000;6.8165;1.0000;0.0000;0.0000;0.0000;0.0000
350;368.97;765.4500;1006.4500;830.8500;65.4000;27.1369;0.5664;0.0000;-765.4500;0.0000;6.8165;0.0000;-765.4500;0.0000;6.8165;1.0000;0.0000;0.0000;0.0000;0.0000
351;369.35;783.9000;996.9500;825.1000;41.2000;19.3382;0.7136;0.0000;-783.9000;0.0000;6.8165;0.0000;-783.9000;0.0000;6.8165;1.0000;0.0000;0.0000;0.0000;0.0000
352;369.72;775.6500;1003.3000;839.0000;63.3500;27.8278;0.5555;0.0000;-775.6500;0.0000;6.8165;0.0000;-775.6500;0.0000;6.8165;1.0000;0.0000;0.0000;0.0000;0.0000
353;370.10;782.2000;1006.6500;840.0000;57.8000;25.7518;0.5892;0.0000;-782.2000;0.0000;6.8165;0.0000;-782.2000;0.0000;6.8165;1.0000;0.0000;0.0000;0.0000;0.0000
354;370.47;785.0500;1007.0500;842.8500;57.8000;26.0360;0.5844;0.0000;-785.0500;0.0000;6.8165;0.0000;-785.0500;0.0000;6.8165;1.0000;0.0000;0.0000;0.0000;0.0000
355;370.85;792.5000;999.6000;840.3000;47.8000;23.0806;0.6368;0.0000;-792.5000;0.0000;6.8165;0.0000;-792.5000;0.0000;6.8165;1.0000;0.0000;0.0000;0.0000;0.0000
356;371.22;797.3000;1004.6500;842.8000;45.5000;21.9436;0.6587;0.0000;-797.3000;0.0000;6.8165;0.0000;-797.3000;0.0000;6.8165;1.0000;0.0000;0.0000;0.0000;0.0000
357;371.60;789.5500;992.5500;830.1000;40.5500;19.9754;0.6995;0.0000;-789.5500;0.0000;6.8165;0.0000;-789.5500;0.0000;6.8165;1.0000;0.0000;0.0000;0.0000;0.0000
358;371.97;780.3500;1003.3000;846.5500;66.2000;29.6928;0.5273;0.0000;-780.3500;0.0000;6.8165;0.0000;-780.3500;0.0000;6.8165;1.0000;0.0000;0.0000;0.0000;0.0000
359;372.35;785.2500;1005.4000;834.3500;49.1000;22.3030;0.6516;0.0000;-785.2500;0.0000;6.8165;0.0000;-785.2500;0.0000;6.8165;1.0000;0.0000;0.0000;0.0000;0.0000
360;372.72;786.1500;1011.5000;840.3000;54.1500;24.0293;0.6193;0.0000;-786.1500;0.0000;6.8165;0.0000;-786.1500;0.0000;6.8165;1.0000;0.0000;0.0000;0.0000;0.0000
361;373.10;809.5000;995.2500;817.5500;8.0500;4.3338;1.3631;0.0000;-809.5000;0.0000;6.8165;0.0000;-809.5000;0.0000;6.8165;1.0000;0.0000;0.0000;0.0000;0.0000
362;373.47;771.6500;1002.7500;836.3500;64.7000;27.9965;0.5529;0.0000;-771.6500;0.0000;6.8165;0.0000;-771.6500;0.0000;6.8165;1.0000;0.0000;0.0000;0.0000;0.0000
363;373.85;790.9500;1006.6000;811.0000;20.0500;9.2975;1.0316;0.0000;-790.9500;0.0000;6.8165;0.0000;-790.9500;0.0000;6.8165;1.0000;0.0000;0.0000;0.0000;0.0000
364;374.22;795.9000;1005.3000;837.0000;41.1000;19.6275;0.7071;0.0000;-795.9000;0.0000;6.8165;0.0000;-795.9000;0.0000;6.8165;1.0000;0.0000;0.0000;0.0000;0.0000
365;374.60;791.2000;1006.9500;829.8000;38.6000;17.8911;0.7474;0.0000;-791.2000;0.0000;6.8165;0.0000;-791.2000;0.0000;6.8165;1.0000;0.0000;0.0000;0.0000;0.0000
366;374.97;790.1000;999.1500;841.5500;51.4500;24.6113;0.6089;0.0000;-790.1000;0.0000;6.8165;0.0000;-790.1000;0.0000;6.8165;1.0000;0.0000;0.0000;0.0000;0.0000
367;375.35;789.1500;997.6000;832.6500;43.5000;20.8683;0.6805;0.0000;-789.1500;0.0000;6.8165;0.0000;-789.1500;0.0000;6.8165;1.0000;0.0000;0.0000;0.0000;0.0000
368;375.72;788.4500;995.4500;850.8500;62.4000;30.1449;0.5208;0.0000;-788.4500;0.0000;6.8165;0.0000;-788.4500;0.0000;6.8165;1.0000;0.0000;0.0000;0.0000;0.0000
369;376.09;778.8500;1004.6500;826.4500;47.6000;21.0806;0.6761;0.0000;-778.8500;0.0000;6.8165;0.0000;-778.8500;0.0000;6.8165;1.0000;0.0000;0.0000;0.0000;0.0000
370;376.47;779.2500;1015.1500;837.3500;58.1000;24.6291;0.6086;0.0000;-779.2500;0.0000;6.8165;0.0000;-779.2500;0.0000;6.8165;1.0000;0.0000;0.0000;0.0000;0.0000
371;376.84;792.4500;1005.7500;842.2500;49.8000;23.3474;0.6318;0.0000;-792.4500;0.0000;6.8165;0.0000;-792.4500;0.0000;6.8165;1.0000;0.0000;0.0000;0.0000;0.0000
372;377.22;800.6500;1017.0500;835.7000;35.0500;16.1969;0.7906;0.0000;-800.6500;0.0000;6.8165;0.0000;-800.6500;0.0000;6.8165;1.0000;0.0000;0.0000;0.0000;0.0000
373;377.59;784.1500;1021.7000;835.1500;51.0000;21.4692;0.6682;0.0000;-784.1500;0.0000;6.8165;0.0000;-784.1500;0.0000;6.8165;1.0000;0.0000;0.0000;0.0000;0.0000
374;377.96;793.2000;1006.4000;827.0000;33.8000;15.8537;0.7999;0.0000;-793.2000;0.0000;6.8165;0.0000;-793.2000;0.0000;6.8165;1.0000;0.0000;0.0000;0.0000;0.0000
375;378.34;788.0500;1016.9000;852.8500;64.8000;28.3155;0.5480;0.0000;-788.0500;0.0000;6.8165;0.0000;-788.0500;0.0000;6.8165;1.0000;0.0000;0.0000;0.0000;0.0000
376;378.71;780.1500;1025.7500;830.0000;49.8500;20.2972;0.6926;0.0000;-780.1500;0.0000;6.8165;0.0000;-780.1500;0.0000;6.8165;1.0000;0.0000;0.0000;0.0000;0.0000
377;379.08;782.8500;1041.4500;850.5000;67.6500;26.1601;0.5824;0.0000;-782.8500;0.0000;6.8165;0.0000;-782.8500;0.0000;6.8165;1.0000;0.0000;0.0000;0.0000;0.0000
378;379.46;773.7500;1027.1000;831.8500;58.1000;22.9327;0.6395;0.0000;-773.7500;0.0000;6.8165;0.0000;-773.7500;0.0000;6.8165;1.0000;0.0000;0.0000;0.0000;0.0000
379;379.83;802.6500;1023.4500;839.1500;36.5000;16.5308;0.7817;0.0000;-802.6500;0.0000;6.8165;0.0000;-802.6500;0.0000;6.8165;1.0000;0.0000;0.0000;0.0000;0.0000
380;380.20;786.6000;1013.5500;829.2000;42.6000;18.7707;0.7265;0.0000;-786.6000;0.0000;6.8165;0.0000;-786.6000;0.0000;6.8165;1.0000;0.0000;0.0000;0.0000;0.0000
381;380.58;776.7000;1019.3500;833.4000;56.7000;23.3670;0.6314;0.0000;-776.7000;0.0000;6.8165;0.0000;-776.7000;0.0000;6.8165;1.0000;0.0000;0.0000;0.0000;0.0000
382;380.95;780.9500;1030.9500;841.1000;60.1500;24.0600;0.6187;0.0000;-780.9500;0.0000;6.8165;0.0000;-780.9500;0.0000;6.8165;1.0000;0.0000;0.0000;0.0000;0.0000
383;381.32;786.9500;1035.1500;844.5000;57.5500;23.1869;0.6348;0.0000;-786.9500;0.0000;6.8165;0.0000;-786.9500;0.0000;6.8165;1.0000;0.0000;0.0000;0.0000;0.0000
384;381.70;772.1500;1033.0000;839.8000;67.6500;25.9344;0.5861;0.0000;-772.1500;0.0000;6.8165;0.0000;-772.1500;0.0000;6.8165;1.0000;0.0000;0.0000;0.0000;0.0000
385;382.07;789.7000;1025.8000;838.3000;48.6000;20.5845;0.6865;0.0000;-789.7000;0.0000;6.8165;0.0000;-789.7000;0.0000;6.8165;1.0000;0.0000;0.0000;0.0000;0.0000
386;382.44;792.0500;1041.8500;849.5000;57.4500;22.9984;0.6383;0.0000;-792.0500;0.0000;6.8165;0.0000;-792.0500;0.0000;6.8165;1.0000;0.0000;0.0000;0.0000;0.0000
387;382.81;782.3500;1043.0500;858.8000;76.4500;29.3249;0.5328;0.0000;-782.3500;0.0000;6.8165;0.0000;-782.3500;0.0000;6.8165;1.0000;0.0000;0.0000;0.0000;0.0000
388;383.19;782.9500;1061.0000;862.0500;79.1000;28.4481;0.5459;0.0000;-782.9500;0.0000;6.8165;0.0000;-782.9500;0.0000;6.8165;1.0000;0.0000;0.0000;0.0000;0.0000
389;383.56;792.7500;1063.7500;845.7000;52.9500;19.5387;0.7091;0.0000;-792.7500;0.0000;6.8165;0.0000;-792.7500;0.0000;6.8165;1.0000;0.0000;0.0000;0.0000;0.0000
390;383.93;779.1500;1062.7500;850.7500;71.6000;25.2468;0.5978;0.0000;-779.1500;0.0000;6.8165;0.0000;-779.1500;0.0000;6.8165;1.0000;0.0000;0.0000;0.0000;0.0000
391;384.30;799.5500;1074.7500;857.5500;58.0000;21.0756;0.6762;0.0000;-799.5500;0.0000;6.8165;0.0000;-799.5500;0.0000;6.8165;1.0000;0.0000;0.0000;0.0000;0.0000
392;384.68;799.4000;1082.8000;861.0000;61.6000;21.7361;0.6628;0.0000;-799.4000;0.0000;6.8165;0.0000;-799.4000;0.0000;6.8165;1.0000;0.0000;0.0000;0.0000;0.0000
393;385.05;773.6500;1089.8500;880.5500;106.9000;33.8077;0.4710;0.0000;-773.6500;0.0000;6.8165;0.0000;-773.6500;0.0000;6.8165;1.0000;0.0000;0.0000;0.0000;0.0000
394;385.42;795.6500;1095.4500;853.5000;57.8500;19.2962;0.7145;0.0000;-795.6500;0.0000;6.8165;0.0000;-795.6500;0.0000;6.8165;1.0000;0.0000;0.0000;0.0000;0.0000
395;385.79;790.0000;1109.6000;876.4500;86.4500;27.0494;0.5678;0.0000;-790.0000;0.0000;6.8165;0.0000;-790.0000;0.0000;6.8165;1.0000;0.0000;0.0000;0.0000;0.0000
396;386.16;782.8500;1117.4000;867.1500;84.3000;25.1980;0.5986;0.0000;-782.8500;0.0000;6.8165;0.0000;-782.8500;0.0000;6.8165;1.0000;0.0000;0.0000;0.0000;0.0000
397;386.53;796.6000;1117.4000;858.1000;61.5000;19.1708;0.7174;0.0000;-796.6000;0.0000;6.8165;0.0000;-796.6000;0.0000;6.8165;1.0000;0.0000;0.0000;0.0000;0.0000
398;386.91;786.0500;1127.0500;868.7500;82.7000;24.2522;0.6152;0.0000;-786.0500;0.0000;6.8165;0.0000;-786.0500;0.0000;6.8165;1.0000;0.0000;0.0000;0.0000;0.0000
399;387.28;785.1000;1142.0500;887.9000;102.8000;28.7996;0.5406;0.0000;-785.1000;0.0000;6.8165;0.0000;-785.1000;0.0000;6.8165;1.0000;0.0000;0.0000;0.0000;0.0000
400;387.65;779.9000;1140.9500;884.0500;104.1500;28.8464;0.5399;0.0000;-779.9000;0.0000;6.8165;0.0000;-779.9000;0.0000;6.8165;1.0000;0.0000;0.0000;0.0000;0.0000
401;388.02;779.9500;1165.8000;887.6000;107.6500;27.8994;0.5544;0.0000;-779.9500;0.0000;6.8165;0.0000;-779.9500;0.0000;6.8165;1.0000;0.0000;0.0000;0.0000;0.0000
402;388.39;781.6500;1157.8000;894.4500;112.8000;29.9880;0.5231;0.0000;-781.6500;0.0000;6.8165;0.0000;-781.6500;0.0000;6.8165;1.0000;0.0000;0.0000;0.0000;0.0000
403;388.76;781.6000;1191.8500;921.3500;139.7500;34.0646;0.4677;0.0000;-781.6000;0.0000;6.8165;0.0000;-781.6000;0.0000;6.8165;1.0000;0.0000;0.0000;0.0000;0.0000
404;389.13;795.9000;1195.7500;913.2000;117.3000;29.3360;0.5326;0.0000;-795.9000;0.0000;6.8165;0.0000;-795.9000;0.0000;6.8165;1.0000;0.0000;0.0000;0.0000;0.0000
405;389.50;788.0500;1200.4000;931.3000;143.2500;34.7399;0.4592;0.0000;-788.0500;0.0000;6.8165;0.0000;-788.0500;0.0000;6.8165;1.0000;0.0000;0.0000;0.0000;0.0000
406;389.87;771.3500;1229.0000;966.7500;195.4000;42.6964;0.3696;0.0000;-771.3500;0.0000;6.8165;0.0000;-771.3500;0.0000;6.8165;1.0000;0.0000;0.0000;0.0000;0.0000
407;390.25;774.1000;1237.6000;1004.2500;230.1500;49.6548;0.3040;0.0000;-774.1000;0.0000;6.8165;0.0000;-774.1000;0.0000;6.8165;1.0000;0.0000;0.0000;0.0000;0.0000
408;390.62;790.6500;1264.9500;1041.5000;250.8500;52.8885;0.2766;0.0000;-790.6500;0.0000;6.8165;0.0000;-790.6500;0.0000;6.8165;1.0000;0.0000;0.0000;0.0000;0.0000
409;390.99;789.0500;1284.9000;1070.2000;281.1500;56.7006;0.2464;0.0000;-789.0500;0.0000;6.8165;0.0000;-789.0500;0.0000;6.8165;1.0000;0.0000;0.0000;0.0000;0.0000
410;391.36;799.8500;1329.7500;1100.4000;300.5500;56.7182;0.2463;0.0000;-799.8500;0.0000;6.8165;0.0000;-799.8500;0.0000;6.8165;1.0000;0.0000;0.0000;0.0000;0.0000
411;391.73;782.2000;1339.3000;1113.3000;331.1000;59.4328;0.2260;0.0000;-782.2000;0.0000;6.8165;0.0000;-782.2000;0.0000;6.8165;1.0000;0.0000;0.0000;0.0000;0.0000
412;392.10;798.3000;1382.8000;1110.0500;311.7500;53.3362;0.2730;0.0000;-798.3000;0.0000;6.8165;0.0000;-798.3000;0.0000;6.8165;1.0000;0.0000;0.0000;0.0000;0.0000
413;392.47;773.1000;1430.1000;1105.8500;332.7500;50.6469;0.2954;0.0000;-773.1000;0.0000;6.8165;0.0000;-773.1000;0.0000;6.8165;1.0000;0.0000;0.0000;0.0000;0.0000
414;392.84;793.9500;1451.9000;1113.8500;319.9000;48.6207;0.3132;0.0000;-793.9500;0.0000;6.8165;0.0000;-793.9500;0.0000;6.8165;1.0000;0.0000;0.0000;0.0000;0.0000
415;393.21;788.7000;1448.5500;1085.0500;296.3500;44.9117;0.3476;0.0000;-788.7000;0.0000;6.8165;0.0000;-788.7000;0.0000;6.8165;1.0000;0.0000;0.0000;0.0000;0.0000
416;393.58;783.9000;1492.8000;1043.2500;259.3500;36.5848;0.4367;0.0000;-783.9000;0.0000;6.8165;0.0000;-783.9000;0.0000;6.8165;1.0000;0.0000;0.0000;0.0000;0.0000
417;393.95;790.5500;1540.2500;1041.1000;250.5500;33.4200;0.4760;0.0000;-790.5500;0.0000;6.8165;0.0000;-790.5500;0.0000;6.8165;1.0000;0.0000;0.0000;0.0000;0.0000
418;394.32;780.0500;1584.4500;1021.3500;241.3000;29.9975;0.5229;0.0000;-780.0500;0.0000;6.8165;0.0000;-780.0500;0.0000;6.8165;1.0000;0.0000;0.0000;0.0000;0.0000
419;394.69;806.2500;1600.2000;1014.0000;207.7500;26.1666;0.5823;0.0000;-806.2500;0.0000;6.8165;0.0000;-806.2500;0.0000;6.8165;1.0000;0.0000;0.0000;0.0000;0.0000
420;395.06;789.8500;1644.4000;1004.6000;214.7500;25.1302;0.5998;0.0000;-789.8500;0.0000;6.8165;0.0000;-789.8500;0.0000;6.8165;1.0000;0.0000;0.0000;0.0000;0.0000
421;395.43;804.4000;1705.5500;995.2000;190.8000;21.1729;0.6742;0.0000;-804.4000;0.0000;6.8165;0.0000;-804.4000;0.0000;6.8165;1.0000;0.0000;0.0000;0.0000;0.0000
422;395.80;786.7000;1721.5000;996.0000;209.3000;22.3898;0.6499;0.0000;-786.7000;0.0000;6.8165;0.0000;-786.7000;0.0000;6.8165;1.0000;0.0000;0.0000;0.0000;0.0000
423;396.16;792.9500;1786.9000;992.7500;199.8000;20.1016;0.6968;0.0000;-792.9500;0.0000;6.8165;0.0000;-792.9500;0.0000;6.8165;1.0000;0.0000;0.0000;0.0000;0.0000
424;396.53;775.4500;1840.7000;986.8000;211.3500;19.8404;0.7024;0.0000;-775.4500;0.0000;6.8165;0.0000;-775.4500;0.0000;6.8165;1.0000;0.0000;0.0000;0.0000;0.0000
425;396.90;775.9000;1863.3500;999.1500;223.2500;20.5297;0.6876;0.0000;-775.9000;0.0000;6.8165;0.0000;-775.9000;0.0000;6.8165;1.0000;0.0000;0.0000;0.0000;0.0000
426;397.27;784.5500;1921.9500;1021.4500;236.9000;20.8282;0.6813;0.0000;-784.5500;0.0000;6.8165;0.0000;-784.5500;0.0000;6.8165;1.0000;0.0000;0.0000;0.0000;0.0000
427;397.64;789.7500;1985.4500;1022.1000;232.3500;19.4321;0.7115;0.0000;-789.7500;0.0000;6.8165;0.0000;-789.7500;0.0000;6.8165;1.0000;0.0000;0.0000;0.0000;0.0000
428;398.01;786.3000;1986.8000;1039.1000;252.8000;21.0579;0.6766;0.0000;-786.3000;0.0000;6.8165;0.0000;-786.3000;0.0000;6.8165;1.0000;0.0000;0.0000;0.0000;0.0000
429;398.38;781.9500;2066.4500;1052.5000;270.5500;21.0627;0.6765;0.0000;-781.9500;0.0000;6.8165;0.0000;-781.9500;0.0000;6.8165;1.0000;0.0000;0.0000;0.0000;0.0000
430;398.75;776.4500;2057.4500;1077.3000;300.8500;23.4856;0.6292;0.0000;-776.4500;0.0000;6.8165;0.0000;-776.4500;0.0000;6.8165;1.0000;0.0000;0.0000;0.0000;0.0000
431;399.12;783.3000;2116.6000;1118.5500;335.2500;25.1444;0.5996;0.0000;-783.3000;0.0000;6.8165;0.0000;-783.3000;0.0000;6.8165;1.0000;0.0000;0.0000;0.0000;0.0000
432;399.48;788.1500;2192.4000;1201.5500;413.4000;29.4392;0.5311;0.0000;-788.1500;0.0000;6.8165;0.0000;-788.1500;0.0000;6.8165;1.0000;0.0000;0.0000;0.0000;0.0000
433;399.85;779.5000;2189.7500;1278.7000;499.2000;35.3980;0.4510;0.0000;-779.5000;0.0000;6.8165;0.0000;-779.5000;0.0000;6.8165;1.0000;0.0000;0.0000;0.0000;0.0000
434;400.22;771.9000;2216.3000;1404.3500;632.4500;43.7863;0.3587;0.0000;-771.9000;0.0000;6.8165;0.0000;-771.9000;0.0000;6.8165;1.0000;0.0000;0.0000;0.0000;0.0000
435;400.59;782.3000;2312.4000;1549.5000;767.2000;50.1405;0.2998;0.0000;-782.3000;0.0000;6.8165;0.0000;-782.3000;0.0000;6.8165;1.0000;0.0000;0.0000;0.0000;0.0000
436;400.96;789.5500;2320.4500;1663.0500;873.5000;57.0579;0.2437;0.0000;-789.5500;0.0000;6.8165;0.0000;-789.5500;0.0000;6.8165;1.0000;0.0000;0.0000;0.0000;0.0000
437;401.32;785.1500;2362.8500;1631.8500;846.7000;53.6667;0.2703;0.0000;-785.1500;0.0000;6.8165;0.0000;-785.1500;0.0000;6.8165;1.0000;0.0000;0.0000;0.0000;0.0000
438;401.69;796.7500;2406.1500;1533.7500;737.0000;45.7935;0.3392;0.0000;-796.7500;0.0000;6.8165;0.0000;-796.7500;0.0000;6.8165;1.0000;0.0000;0.0000;0.0000;0.0000
439;402.06;788.6000;2430.9500;1321.0000;532.4000;32.4170;0.4892;0.0000;-788.6000;0.0000;6.8165;0.0000;-788.6000;0.0000;6.8165;1.0000;0.0000;0.0000;0.0000;0.0000
440;402.43;778.7500;2495.9500;1138.9000;360.1500;20.9731;0.6783;0.0000;-778.7500;0.0000;6.8165;0.0000;-778.7500;0.0000;6.8165;1.0000;0.0000;0.0000;0.0000;0.0000
441;402.80;769.1000;2538.4000;1029.5000;260.4000;14.7177;0.8322;0.0000;-769.1000;0.0000;6.8165;0.0000;-769.1000;0.0000;6.8165;1.0000;0.0000;0.0000;0.0000;0.0000
442;403.16;779.3500;2572.1000;968.4500;189.1000;10.5480;0.9768;0.0000;-779.3500;0.0000;6.8165;0.0000;-779.3500;0.0000;6.8165;1.0000;0.0000;0.0000;0.0000;0.0000
443;403.53;778.0000;2570.5500;923.0000;145.0000;8.0890;1.0921;0.0000;-778.0000;0.0000;6.8165;0.0000;-778.0000;0.0000;6.8165;1.0000;0.0000;0.0000;0.0000;0.0000
444;403.90;787.0500;2743.1000;905.3000;118.2500;6.0453;1.2186;0.0000;-787.0500;0.0000;6.8165;0.0000;-787.0500;0.0000;6.8165;1.0000;0.0000;0.0000;0.0000;0.0000
445;404.27;790.8500;2716.3000;884.7500;93.9000;4.8768;1.3119;0.0000;-790.8500;0.0000;6.8165;0.0000;-790.8500;0.0000;6.8165;1.0000;0.0000;0.0000;0.0000;0.0000
446;404.63;795.9500;2804.0500;864.7000;68.7500;3.4236;1.4655;0.0000;-795.9500;0.0000;6.8165;0.0000;-795.9500;0.0000;6.8165;1.0000;0.0000;0.0000;0.0000;0.0000
447;405.00;782.5500;2913.5500;862.3000;79.7500;3.7424;1.4269;0.0000;-782.5500;0.0000;6.8165;0.0000;-782.5500;0.0000;6.8165;1.0000;0.0000;0.0000;0.0000;0.0000
448;405.37;782.6000;2969.2500;860.6500;78.0500;3.5694;1.4474;0.0000;-782.6000;0.0000;6.8165;0.0000;-782.6000;0.0000;6.8165;1.0000;0.0000;0.0000;0.0000;0.0000
449;405.73;783.4500;3009.2000;857.4500;74.0000;3.3247;1.4782;0.0000;-783.4500;0.0000;6.8165;0.0000;-783.4500;0.0000;6.8165;1.0000;0.0000;0.0000;0.0000;0.0000
450;406.10;795.7000;3104.5000;854.8500;59.1500;2.5619;1.5914;0.0000;-795.7000;0.0000;6.8165;0.0000;-795.7000;0.0000;6.8165;1.0000;0.0000;0.0000;0.0000;0.0000
451;406.47;789.1000;3163.9500;867.8000;78.7000;3.3139;1.4797;0.0000;-789.1000;0.0000;6.8165;0.0000;-789.1000;0.0000;6.8165;1.0000;0.0000;0.0000;0.0000;0.0000
452;406.83;779.6000;3292.7500;854.0500;74.4500;2.9624;1.5284;0.0000;-779.6000;0.0000;6.8165;0.0000;-779.6000;0.0000;6.8165;1.0000;0.0000;0.0000;0.0000;0.0000
453;407.20;772.0500;3331.0000;854.8500;82.8000;3.2357;1.4900;0.0000;-772.0500;0.0000;6.8165;0.0000;-772.0500;0.0000;6.8165;1.0000;0.0000;0.0000;0.0000;0.0000
454;407.57;786.6000;3478.3500;842.5500;55.9500;2.0786;1.6822;0.0000;-786.6000;0.0000;6.8165;0.0000;-786.6000;0.0000;6.8165;1.0000;0.0000;0.0000;0.0000;0.0000
455;407.93;788.1000;3466.3000;855.0000;66.9000;2.4979;1.6024;0.0000;-788.1000;0.0000;6.8165;0.0000;-788.1000;0.0000;6.8165;1.0000;0.0000;0.0000;0.0000;0.0000
456;408.30;786.8500;3550.4000;844.2500;57.4000;2.0770;1.6826;0.0000;-786.8500;0.0000;6.8165;0.0000;-786.8500;0.0000;6.8165;1.0000;0.0000;0.0000;0.0000;0.0000
457;408.67;776.9000;3649.3000;842.9000;66.0000;2.2977;1.6387;0.0000;-776.9000;0.0000;6.8165;0.0000;-776.9000;0.0000;6.8165;1.0000;0.0000;0.0000;0.0000;0.0000
458;409.03;791.7500;3779.9000;835.4500;43.7000;1.4624;1.8349;0.0000;-791.7500;0.0000;6.8165;0.0000;-791.7500;0.0000;6.8165;1.0000;0.0000;0.0000;0.0000;0.0000
459;409.40;766.6000;3773.8500;851.3000;84.7000;2.8165;1.5503;0.0000;-766.6000;0.0000;6.8165;0.0000;-766.6000;0.0000;6.8165;1.0000;0.0000;0.0000;0.0000;0.0000
460;409.76;783.8500;3905.0500;850.6500;66.8000;2.1402;1.6695;0.0000;-783.8500;0.0000;6.8165;0.0000;-783.8500;0.0000;6.8165;1.0000;0.0000;0.0000;0.0000;0.0000
461;410.13;794.6500;3815.9000;845.5500;50.9000;1.6847;1.7735;0.0000;-794.6500;0.0000;6.8165;0.0000;-794.6500;0.0000;6.8165;1.0000;0.0000;0.0000;0.0000;0.0000
462;410.50;786.6000;3954.1500;850.0500;63.4500;2.0031;1.6983;0.0000;-786.6000;0.0000;6.8165;0.0000;-786.6000;0.0000;6.8165;1.0000;0.0000;0.0000;0.0000;0.0000
463;410.86;779.7000;4042.3500;841.0500;61.3500;1.8804;1.7258;0.0000;-779.7000;0.0000;6.8165;0.0000;-779.7000;0.0000;6.8165;1.0000;0.0000;0.0000;0.0000;0.0000
464;411.23;779.1500;4107.1000;845.7500;66.6000;2.0012;1.6987;0.0000;-779.1500;0.0000;6.8165;0.0000;-779.1500;0.0000;6.8165;1.0000;0.0000;0.0000;0.0000;0.0000
465;411.59;791.9000;4230.3500;849.7500;57.8500;1.6824;1.7741;0.0000;-791.9000;0.0000;6.8165;0.0000;-791.9000;0.0000;6.8165;1.0000;0.0000;0.0000;0.0000;0.0000
466;411.96;787.7000;4159.6000;842.2000;54.5000;1.6163;1.7915;0.0000;-787.7000;0.0000;6.8165;0.0000;-787.7000;0.0000;6.8165;1.0000;0.0000;0.0000;0.0000;0.0000
467;412.32;786.0000;4265.5000;833.4500;47.4500;1.3637;1.8653;0.0000;-786.0000;0.0000;6.8165;0.0000;-786.0000;0.0000;6.8165;1.0000;0.0000;0.0000;0.0000;0.0000
468;412.69;786.1500;4409.8000;857.4500;71.3000;1.9676;1.7061;0.0000;-786.1500;0.0000;6.8165;0.0000;-786.1500;0.0000;6.8165;1.0000;0.0000;0.0000;0.0000;0.0000
469;413.05;786.7500;4529.9000;842.1000;55.3500;1.4787;1.8301;0.0000;-786.7500;0.0000;6.8165;0.0000;-786.7500;0.0000;6.8165;1.0000;0.0000;0.0000;0.0000;0.0000
470;413.42;785.5500;4457.6000;847.9500;62.4000;1.6993;1.7697;0.0000;-785.5500;0.0000;6.8165;0.0000;-785.5500;0.0000;6.8165;1.0000;0.0000;0.0000;0.0000;0.0000
471;413.78;778.4000;4730.5500;843.4500;65.0500;1.6459;1.7836;0.0000;-778.4000;0.0000;6.8165;0.0000;-778.4000;0.0000;6.8165;1.0000;0.0000;0.0000;0.0000;0.0000
472;414.15;770.9000;4777.5000;835.4000;64.5000;1.6098;1.7932;0.0000;-770.9000;0.0000;6.8165;0.0000;-770.9000;0.0000;6.8165;1.0000;0.0000;0.0000;0.0000;0.0000
473;414.51;786.6000;4702.6000;848.3500;61.7500;1.5769;1.8022;0.0000;-786.6000;0.0000;6.8165;0.0000;-786.6000;0.0000;6.8165;1.0000;0.0000;0.0000;0.0000;0.0000
474;414.88;780.0500;4842.6000;856.3500;76.3000;1.8781;1.7263;0.0000;-780.0500;0.0000;6.8165;0.0000;-780.0500;0.0000;6.8165;1.0000;0.0000;0.0000;0.0000;0.0000
475;415.24;793.9500;5018.6500;850.9000;56.9500;1.3480;1.8703;0.0000;-793.9500;0.0000;6.8165;0.0000;-793.9500;0.0000;6.8165;1.0000;0.0000;0.0000;0.0000;0.0000
476;415.61;783.6000;5094.8500;852.4500;68.8500;1.5970;1.7967;0.0000;-783.6000;0.0000;6.8165;0.0000;-783.6000;0.0000;6.8165;1.0000;0.0000;0.0000;0.0000;0.0000
477;415.97;798.7500;5049.6500;852.7000;53.9500;1.2691;1.8965;0.0000;-798.7500;0.0000;6.8165;0.0000;-798.7500;0.0000;6.8165;1.0000;0.0000;0.0000;0.0000;0.0000
478;416.33;804.9500;5168.2500;854.0000;49.0500;1.1241;1.9492;0.0000;-804.9500;0.0000;6.8165;0.0000;-804.9500;0.0000;6.8165;1.0000;0.0000;0.0000;0.0000;0.0000
479;416.70;788.0500;5284.5500;841.5500;53.5000;1.1898;1.9245;0.0000;-788.0500;0.0000;6.8165;0.0000;-788.0500;0.0000;6.8165;1.0000;0.0000;0.0000;0.0000;0.0000
480;417.06;787.7000;5507.0000;841.2500;53.5500;1.1347;1.9451;0.0000;-787.7000;0.0000;6.8165;0.0000;-787.7000;0.0000;6.8165;1.0000;0.0000;0.0000;0.0000;0.0000
481;417.43;790.1500;5516.6000;852.0000;61.8500;1.3086;1.8832;0.0000;-790.1500;0.0000;6.8165;0.0000;-790.1500;0.0000;6.8165;1.0000;0.0000;0.0000;0.0000;0.0000
482;417.79;788.6000;5522.0000;854.5000;65.9000;1.3922;1.8563;0.0000;-788.6000;0.0000;6.8165;0.0000;-788.6000;0.0000;6.8165;1.0000;0.0000;0.0000;0.0000;0.0000
483;418.15;778.3000;5494.3000;855.0500;76.7500;1.6274;1.7885;0.0000;-778.3000;0.0000;6.8165;0.0000;-778.3000;0.0000;6.8165;1.0000;0.0000;0.0000;0.0000;0.0000
484;418.52;785.7500;5694.2500;848.9500;63.2000;1.2876;1.8902;0.0000;-785.7500;0.0000;6.8165;0.0000;-785.7500;0.0000;6.8165;1.0000;0.0000;0.0000;0.0000;0.0000
485;418.88;790.6500;5751.1500;844.8500;54.2000;1.0926;1.9615;0.0000;-790.6500;0.0000;6.8165;0.0000;-790.6500;0.0000;6.8165;1.0000;0.0000;0.0000;0.0000;0.0000
486;419.24;789.7000;5996.1500;856.3500;66.6500;1.2801;1.8927;0.0000;-789.7000;0.0000;6.8165;0.0000;-789.7000;0.0000;6.8165;1.0000;0.0000;0.0000;0.0000;0.0000
487;419.61;795.2000;6019.8500;843.2500;48.0500;0.9197;2.0364;0.0000;-795.2000;0.0000;6.8165;0.0000;-795.2000;0.0000;6.8165;1.0000;0.0000;0.0000;0.0000;0.0000
488;419.97;795.8500;6026.2500;859.2500;63.4000;1.2121;1.9164;0.0000;-795.8500;0.0000;6.8165;0.0000;-795.8500;0.0000;6.8165;1.0000;0.0000;0.0000;0.0000;0.0000
489;420.33;780.3500;6348.4500;848.6000;68.2500;1.2257;1.9116;0.0000;-780.3500;0.0000;6.8165;0.0000;-780.3500;0.0000;6.8165;1.0000;0.0000;0.0000;0.0000;0.0000
490;420.70;786.5000;6250.3000;855.4500;68.9500;1.2619;1.8990;0.0000;-786.5000;0.0000;6.8165;0.0000;-786.5000;0.0000;6.8165;1.0000;0.0000;0.0000;0.0000;0.0000
491;421.06;792.3000;6437.7000;859.1500;66.8500;1.1841;1.9266;0.0000;-792.3000;0.0000;6.8165;0.0000;-792.3000;0.0000;6.8165;1.0000;0.0000;0.0000;0.0000;0.0000
492;421.42;780.7500;6517.1500;850.8500;70.1000;1.2220;1.9129;0.0000;-780.7500;0.0000;6.8165;0.0000;-780.7500;0.0000;6.8165;1.0000;0.0000;0.0000;0.0000;0.0000
493;421.79;792.8500;6593.3500;838.3500;45.5000;0.7844;2.1055;0.0000;-792.8500;0.0000;6.8165;0.0000;-792.8500;0.0000;6.8165;1.0000;0.0000;0.0000;0.0000;0.0000
494;422.15;785.0500;6582.3000;857.4000;72.3500;1.2480;1.9038;0.0000;-785.0500;0.0000;6.8165;0.0000;-785.0500;0.0000;6.8165;1.0000;0.0000;0.0000;0.0000;0.0000
495;422.51;777.2500;6682.3000;858.5500;81.3000;1.3768;1.8611;0.0000;-777.2500;0.0000;6.8165;0.0000;-777.2500;0.0000;6.8165;1.0000;0.0000;0.0000;0.0000;0.0000
496;422.87;781.9000;6841.3000;843.1500;61.2500;1.0108;1.9953;0.0000;-781.9000;0.0000;6.8165;0.0000;-781.9000;0.0000;6.8165;1.0000;0.0000;0.0000;0.0000;0.0000
497;423.24;789.6500;6932.4000;842.9500;53.3000;0.8677;2.0616;0.0000;-789.6500;0.0000;6.8165;0.0000;-789.6500;0.0000;6.8165;1.0000;0.0000;0.0000;0.0000;0.0000
498;423.60;789.0000;7033.2000;862.1500;73.1500;1.1715;1.9313;0.0000;-789.0000;0.0000;6.8165;0.0000;-789.0000;0.0000;6.8165;1.0000;0.0000;0.0000;0.0000;0.0000
499;423.96;796.6500;7164.9500;849.9500;53.3000;0.8370;2.0773;0.0000;-796.6500;0.0000;6.8165;0.0000;-796.6500;0.0000;6.8165;1.0000;0.0000;0.0000;0.0000;0.0000
500;424.32;791.5500;7268.3000;859.9500;68.4000;1.0561;1.9763;0.0000;-791.5500;0.0000;6.8165;0.0000;-791.5500;0.0000;6.8165;1.0000;0.0000;0.0000;0.0000;0.0000
501;424.69;789.8500;7355.2500;841.1000;51.2500;0.7806;2.1076;0.0000;-789.8500;0.0000;6.8165;0.0000;-789.8500;0.0000;6.8165;1.0000;0.0000;0.0000;0.0000;0.0000
502;425.05;782.3000;7707.1500;845.8000;63.5000;0.9170;2.0376;0.0000;-782.3000;0.0000;6.8165;0.0000;-782.3000;0.0000;6.8165;1.0000;0.0000;0.0000;0.0000;0.0000
503;425.41;788.2500;8027.3500;840.5000;52.2500;0.7218;2.1416;0.0000;-788.2500;0.0000;6.8165;0.0000;-788.2500;0.0000;6.8165;1.0000;0.0000;0.0000;0.0000;0.0000
504;425.77;783.6000;7837.6000;845.3000;61.7000;0.8747;2.0582;0.0000;-783.6000;0.0000;6.8165;0.0000;-783.6000;0.0000;6.8165;1.0000;0.0000;0.0000;0.0000;0.0000
505;426.13;794.8000;7938.1000;856.2000;61.4000;0.8595;2.0657;0.0000;-794.8000;0.0000;6.8165;0.0000;-794.8000;0.0000;6.8165;1.0000;0.0000;0.0000;0.0000;0.0000
506;426.50;793.3500;7916.4500;852.1000;58.7500;0.8248;2.0837;0.0000;-793.3500;0.0000;6.8165;0.0000;-793.3500;0.0000;6.8165;1.0000;0.0000;0.0000;0.0000;0.0000
507;426.86;785.4000;7952.4500;849.7500;64.3500;0.8979;2.0468;0.0000;-785.4000;0.0000;6.8165;0.0000;-785.4000;0.0000;6.8165;1.0000;0.0000;0.0000;0.0000;0.0000
508;427.22;780.4000;8391.8000;845.8500;65.4500;0.8599;2.0656;0.0000;-780.4000;0.0000;6.8165;0.0000;-780.4000;0.0000;6.8165;1.0000;0.0000;0.0000;0.0000;0.0000
509;427.58;791.8000;8215.8500;835.4500;43.6500;0.5880;2.2307;0.0000;-791.8000;0.0000;6.8165;0.0000;-791.8000;0.0000;6.8165;1.0000;0.0000;0.0000;0.0000;0.0000
510;427.94;797.5000;8576.0000;847.0500;49.5500;0.6370;2.1959;0.0000;-797.5000;0.0000;6.8165;0.0000;-797.5000;0.0000;6.8165;1.0000;0.0000;0.0000;0.0000;0.0000
511;428.30;794.4500;8912.9000;859.6500;65.2000;0.8031;2.0952;0.0000;-794.4500;0.0000;6.8165;0.0000;-794.4500;0.0000;6.8165;1.0000;0.0000;0.0000;0.0000;0.0000
512;428.66;773.4500;8596.8500;846.0000;72.5500;0.9273;2.0328;0.0000;-773.4500;0.0000;6.8165;0.0000;-773.4500;0.0000;6.8165;1.0000;0.0000;0.0000;0.0000;0.0000
513;429.02;786.7500;8763.0000;848.2000;61.4500;0.7704;2.1133;0.0000;-786.7500;0.0000;6.8165;0.0000;-786.7500;0.0000;6.8165;1.0000;0.0000;0.0000;0.0000;0.0000
514;429.39;777.4500;8900.4500;852.5500;75.1000;0.9245;2.0341;0.0000;-777.4500;0.0000;6.8165;0.0000;-777.4500;0.0000;6.8165;1.0000;0.0000;0.0000;0.0000;0.0000
515;429.75;780.9500;9076.6000;829.0000;48.0500;0.5792;2.2372;0.0000;-780.9500;0.0000;6.8165;0.0000;-780.9500;0.0000;6.8165;1.0000;0.0000;0.0000;0.0000;0.0000
516;430.11;789.6500;9156.6500;843.7000;54.0500;0.6460;2.1898;0.0000;-789.6500;0.0000;6.8165;0.0000;-789.6500;0.0000;6.8165;1.0000;0.0000;0.0000;0.0000;0.0000
517;430.47;792.8000;9381.3500;848.6500;55.8500;0.6503;2.1869;0.0000;-792.8000;0.0000;6.8165;0.0000;-792.8000;0.0000;6.8165;1.0000;0.0000;0.0000;0.0000;0.0000
518;430.83;795.3500;9457.5500;850.9000;55.5500;0.6413;2.1929;0.0000;-795.3500;0.0000;6.8165;0.0000;-795.3500;0.0000;6.8165;1.0000;0.0000;0.0000;0.0000;0.0000
519;431.19;780.7000;9605.8000;839.7000;59.0000;0.6685;2.1749;0.0000;-780.7000;0.0000;6.8165;0.0000;-780.7000;0.0000;6.8165;1.0000;0.0000;0.0000;0.0000;0.0000
520;431.55;778.8000;9383.7500;845.0500;66.2500;0.7699;2.1136;0.0000;-778.8000;0.0000;6.8165;0.0000;-778.8000;0.0000;6.8165;1.0000;0.0000;0.0000;0.0000;0.0000
521;431.91;786.4500;9725.1000;839.7500;53.3000;0.5963;2.2245;0.0000;-786.4500;0.0000;6.8165;0.0000;-786.4500;0.0000;6.8165;1.0000;0.0000;0.0000;0.0000;0.0000
522;432.27;785.3000;9999.4500;854.7000;69.4000;0.7532;2.1231;0.0000;-785.3000;0.0000;6.8165;0.0000;-785.3000;0.0000;6.8165;1.0000;0.0000;0.0000;0.0000;0.0000
523;432.63;795.0000;9909.7500;857.6000;62.6000;0.6868;2.1632;0.0000;-795.0000;0.0000;6.8165;0.0000;-795.0000;0.0000;6.8165;1.0000;0.0000;0.0000;0.0000;0.0000
524;432.99;779.2500;10100.3000;854.4500;75.2000;0.8068;2.0932;0.0000;-779.2500;0.0000;6.8165;0.0000;-779.2500;0.0000;6.8165;1.0000;0.0000;0.0000;0.0000;0.0000
525;433.35;775.5500;10240.9000;851.8500;76.3000;0.8061;2.0936;0.0000;-775.5500;0.0000;6.8165;0.0000;-775.5500;0.0000;6.8165;1.0000;0.0000;0.0000;0.0000;0.0000
526;433.71;787.1000;10248.3500;865.7000;78.6000;0.8308;2.0805;0.0000;-787.1000;0.0000;6.8165;0.0000;-787.1000;0.0000;6.8165;1.0000;0.0000;0.0000;0.0000;0.0000
527;434.07;795.4000;10787.7000;866.4500;71.0500;0.7110;2.1481;0.0000;-795.4000;0.0000;6.8165;0.0000;-795.4000;0.0000;6.8165;1.0000;0.0000;0.0000;0.0000;0.0000
528;434.43;782.2500;10712.5500;843.6500;61.4000;0.6183;2.2088;0.0000;-782.2500;0.0000;6.8165;0.0000;-782.2500;0.0000;6.8165;1.0000;0.0000;0.0000;0.0000;0.0000
529;434.79;803.2500;10828.2000;856.3500;53.1000;0.5297;2.2760;0.0000;-803.2500;0.0000;6.8165;0.0000;-803.2500;0.0000;6.8165;1.0000;0.0000;0.0000;0.0000;0.0000
530;435.15;785.3000;11048.5500;859.9000;74.6000;0.7269;2.1385;0.0000;-785.3000;0.0000;6.8165;0.0000;-785.3000;0.0000;6.8165;1.0000;0.0000;0.0000;0.0000;0.0000
531;435.51;803.2500;11301.9500;861.8000;58.5500;0.5577;2.2536;0.0000;-803.2500;0.0000;6.8165;0.0000;-803.2500;0.0000;6.8165;1.0000;0.0000;0.0000;0.0000;0.0000
532;435.87;768.5000;11327.1000;862.5000;94.0000;0.8903;2.0505;0.0000;-768.5000;0.0000;6.8165;0.0000;-768.5000;0.0000;6.8165;1.0000;0.0000;0.0000;0.0000;0.0000
533;436.23;792.4000;11695.5000;866.0500;73.6500;0.6755;2.1704;0.0000;-792.4000;0.0000;6.8165;0.0000;-792.4000;0.0000;6.8165;1.0000;0.0000;0.0000;0.0000;0.0000
534;436.59;799.5000;11929.1500;865.9500;66.4500;0.5971;2.2240;0.0000;-799.5000;0.0000;6.8165;0.0000;-799.5000;0.0000;6.8165;1.0000;0.0000;0.0000;0.0000;0.0000
535;436.94;801.7000;12113.1000;857.5500;55.8500;0.4937;2.3065;0.0000;-801.7000;0.0000;6.8165;0.0000;-801.7000;0.0000;6.8165;1.0000;0.0000;0.0000;0.0000;0.0000
536;437.30;784.7000;12310.9000;846.4500;61.7500;0.5357;2.2710;0.0000;-784.7000;0.0000;6.8165;0.0000;-784.7000;0.0000;6.8165;1.0000;0.0000;0.0000;0.0000;0.0000
537;437.66;803.8000;12222.3000;855.1000;51.3000;0.4493;2.3475;0.0000;-803.8000;0.0000;6.8165;0.0000;-803.8000;0.0000;6.8165;1.0000;0.0000;0.0000;0.0000;0.0000
538;438.02;782.2000;12650.1500;848.6000;66.4000;0.5595;2.2522;0.0000;-782.2000;0.0000;6.8165;0.0000;-782.2000;0.0000;6.8165;1.0000;0.0000;0.0000;0.0000;0.0000
539;438.38;787.3000;12940.7500;865.9500;78.6500;0.6471;2.1890;0.0000;-787.3000;0.0000;6.8165;0.0000;-787.3000;0.0000;6.8165;1.0000;0.0000;0.0000;0.0000;0.0000
540;438.74;797.0500;13078.2000;862.3500;65.3000;0.5317;2.2743;0.0000;-797.0500;0.0000;6.8165;0.0000;-797.0500;0.0000;6.8165;1.0000;0.0000;0.0000;0.0000;0.0000
541;439.10;792.9500;12701.4000;863.8500;70.9000;0.5954;2.2252;0.0000;-792.9500;0.0000;6.8165;0.0000;-792.9500;0.0000;6.8165;1.0000;0.0000;0.0000;0.0000;0.0000
542;439.46;789.8000;12907.2500;859.0500;69.2500;0.5715;2.2430;0.0000;-789.8000;0.0000;6.8165;0.0000;-789.8000;0.0000;6.8165;1.0000;0.0000;0.0000;0.0000;0.0000
543;439.81;781.3000;13138.8500;846.0500;64.7500;0.5240;2.2807;0.0000;-781.3000;0.0000;6.8165;0.0000;-781.3000;0.0000;6.8165;1.0000;0.0000;0.0000;0.0000;0.0000
544;440.17;776.4500;12955.9000;862.2500;85.8000;0.7045;2.1521;0.0000;-776.4500;0.0000;6.8165;0.0000;-776.4500;0.0000;6.8165;1.0000;0.0000;0.0000;0.0000;0.0000
545;440.53;795.3000;13222.2000;850.3500;55.0500;0.4430;2.3536;0.0000;-795.3000;0.0000;6.8165;0.0000;-795.3000;0.0000;6.8165;1.0000;0.0000;0.0000;0.0000;0.0000
546;440.89;798.2000;13253.3000;865.9000;67.7000;0.5436;2.2648;0.0000;-798.2000;0.0000;6.8165;0.0000;-798.2000;0.0000;6.8165;1.0000;0.0000;0.0000;0.0000;0.0000
547;441.25;789.3500;13314.3500;862.7000;73.3500;0.5856;2.2324;0.0000;-789.3500;0.0000;6.8165;0.0000;-789.3500;0.0000;6.8165;1.0000;0.0000;0.0000;0.0000;0.0000
548;441.60;786.0500;13481.6500;864.1500;78.1000;0.6152;2.2110;0.0000;-786.0500;0.0000;6.8165;0.0000;-786.0500;0.0000;6.8165;1.0000;0.0000;0.0000;0.0000;0.0000
549;441.96;779.4000;13702.7000;858.2000;78.8000;0.6098;2.2148;0.0000;-779.4000;0.0000;6.8165;0.0000;-779.4000;0.0000;6.8165;1.0000;0.0000;0.0000;0.0000;0.0000
550;442.32;780.9000;13522.6000;873.3500;92.4500;0.7256;2.1393;0.0000;-780.9000;0.0000;6.8165;0.0000;-780.9000;0.0000;6.8165;1.0000;0.0000;0.0000;0.0000;0.0000
551;442.68;787.6000;13399.9500;854.8000;67.2000;0.5328;2.2734;0.0000;-787.6000;0.0000;6.8165;0.0000;-787.6000;0.0000;6.8165;1.0000;0.0000;0.0000;0.0000;0.0000
552;443.03;794.7000;14253.3500;874.0500;79.3500;0.5896;2.2295;0.0000;-794.7000;0.0000;6.8165;0.0000;-794.7000;0.0000;6.8165;1.0000;0.0000;0.0000;0.0000;0.0000
553;443.39;766.8000;13780.5000;866.5000;99.7000;0.7661;2.1157;0.0000;-766.8000;0.0000;6.8165;0.0000;-766.8000;0.0000;6.8165;1.0000;0.0000;0.0000;0.0000;0.0000
554;443.75;773.1000;14825.5500;874.9500;101.8500;0.7248;2.1398;0.0000;-773.1000;0.0000;6.8165;0.0000;-773.1000;0.0000;6.8165;1.0000;0.0000;0.0000;0.0000;0.0000
555;444.11;781.5500;14691.8000;868.2500;86.7000;0.6233;2.2053;0.0000;-781.5500;0.0000;6.8165;0.0000;-781.5500;0.0000;6.8165;1.0000;0.0000;0.0000;0.0000;0.0000
556;444.46;788.7500;14529.1000;863.5000;74.7500;0.5440;2.2644;0.0000;-788.7500;0.0000;6.8165;0.0000;-788.7500;0.0000;6.8165;1.0000;0.0000;0.0000;0.0000;0.0000
557;444.82;795.6000;14497.4000;862.0000;66.4000;0.4846;2.3146;0.0000;-795.6000;0.0000;6.8165;0.0000;-795.6000;0.0000;6.8165;1.0000;0.0000;0.0000;0.0000;0.0000
558;445.18;786.4500;14488.4500;875.7000;89.2500;0.6514;2.1862;0.0000;-786.4500;0.0000;6.8165;0.0000;-786.4500;0.0000;6.8165;1.0000;0.0000;0.0000;0.0000;0.0000
559;445.53;786.2000;14732.8500;873.7500;87.5500;0.6277;2.2022;0.0000;-786.2000;0.0000;6.8165;0.0000;-786.2000;0.0000;6.8165;1.0000;0.0000;0.0000;0.0000;0.0000
560;445.89;786.9000;14933.7000;880.1000;93.2000;0.6588;2.1812;0.0000;-786.9000;0.0000;6.8165;0.0000;-786.9000;0.0000;6.8165;1.0000;0.0000;0.0000;0.0000;0.0000
561;446.25;788.8500;15432.9000;881.2000;92.3500;0.6306;2.2002;0.0000;-788.8500;0.0000;6.8165;0.0000;-788.8500;0.0000;6.8165;1.0000;0.0000;0.0000;0.0000;0.0000
562;446.60;792.4500;15086.3000;887.7500;95.3000;0.6667;2.1761;0.0000;-792.4500;0.0000;6.8165;0.0000;-792.4500;0.0000;6.8165;1.0000;0.0000;0.0000;0.0000;0.0000
563;446.96;797.0500;15088.6000;878.2000;81.1500;0.5678;2.2458;0.0000;-797.0500;0.0000;6.8165;0.0000;-797.0500;0.0000;6.8165;1.0000;0.0000;0.0000;0.0000;0.0000
564;447.32;800.7000;15512.8000;887.4000;86.7000;0.5893;2.2297;0.0000;-800.7000;0.0000;6.8165;0.0000;-800.7000;0.0000;6.8165;1.0000;0.0000;0.0000;0.0000;0.0000
565;447.67;794.2500;15932.8500;887.5500;93.3000;0.6163;2.2102;0.0000;-794.2500;0.0000;6.8165;0.0000;-794.2500;0.0000;6.8165;1.0000;0.0000;0.0000;0.0000;0.0000
566;448.03;800.1500;15869.7000;882.1500;82.0000;0.5441;2.2643;0.0000;-800.1500;0.0000;6.8165;0.0000;-800.1500;0.0000;6.8165;1.0000;0.0000;0.0000;0.0000;0.0000
567;448.38;796.4000;16017.2000;885.8500;89.4500;0.5877;2.2309;0.0000;-796.4000;0.0000;6.8165;0.0000;-796.4000;0.0000;6.8165;1.0000;0.0000;0.0000;0.0000;0.0000
568;448.74;794.2000;16762.8000;878.7000;84.5000;0.5292;2.2764;0.0000;-794.2000;0.0000;6.8165;0.0000;-794.2000;0.0000;6.8165;1.0000;0.0000;0.0000;0.0000;0.0000
569;449.10;796.4000;16555.4500;872.8500;76.4500;0.4851;2.3142;0.0000;-796.4000;0.0000;6.8165;0.0000;-796.4000;0.0000;6.8165;1.0000;0.0000;0.0000;0.0000;0.0000
570;449.45;795.7500;17581.1000;872.6000;76.8500;0.4578;2.3393;0.0000;-795.7500;0.0000;6.8165;0.0000;-795.7500;0.0000;6.8165;1.0000;0.0000;0.0000;0.0000;0.0000
571;449.81;800.7000;18736.6500;868.9500;68.2500;0.3805;2.4196;0.0000;-800.7000;0.0000;6.8165;0.0000;-800.7000;0.0000;6.8165;1.0000;0.0000;0.0000;0.0000;0.0000
572;450.16;788.8000;19307.6000;870.8000;82.0000;0.4428;2.3538;0.0000;-788.8000;0.0000;6.8165;0.0000;-788.8000;0.0000;6.8165;1.0000;0.0000;0.0000;0.0000;0.0000
573;450.52;798.5500;20507.6000;871.5000;72.9500;0.3701;2.4316;0.0000;-798.5500;0.0000;6.8165;0.0000;-798.5500;0.0000;6.8165;1.0000;0.0000;0.0000;0.0000;0.0000
574;450.87;804.6500;19706.3000;863.5500;58.9000;0.3116;2.5064;0.0000;-804.6500;0.0000;6.8165;0.0000;-804.6500;0.0000;6.8165;1.0000;0.0000;0.0000;0.0000;0.0000
575;451.23;803.0000;18793.0500;869.5500;66.5500;0.3699;2.4319;0.0000;-803.0000;0.0000;6.8165;0.0000;-803.0000;0.0000;6.8165;1.0000;0.0000;0.0000;0.0000;0.0000
576;451.59;801.8500;18857.0500;873.8000;71.9500;0.3985;2.3996;0.0000;-801.8500;0.0000;6.8165;0.0000;-801.8500;0.0000;6.8165;1.0000;0.0000;0.0000;0.0000;0.0000
577;451.94;794.4000;18728.5500;891.0000;96.6000;0.5386;2.2687;0.0000;-794.4000;0.0000;6.8165;0.0000;-794.4000;0.0000;6.8165;1.0000;0.0000;0.0000;0.0000;0.0000
578;452.30;800.2000;19080.9500;881.3500;81.1500;0.4439;2.3527;0.0000;-800.2000;0.0000;6.8165;0.0000;-800.2000;0.0000;6.8165;1.0000;0.0000;0.0000;0.0000;0.0000
579;452.65;785.0500;19104.2500;886.7000;101.6500;0.5549;2.2558;0.0000;-785.0500;0.0000;6.8165;0.0000;-785.0500;0.0000;6.8165;1.0000;0.0000;0.0000;0.0000;0.0000
580;453.01;793.6000;19648.8000;872.6500;79.0500;0.4192;2.3775;0.0000;-793.6000;0.0000;6.8165;0.0000;-793.6000;0.0000;6.8165;1.0000;0.0000;0.0000;0.0000;0.0000
581;453.36;785.2500;19111.7500;877.7500;92.5000;0.5047;2.2969;0.0000;-785.2500;0.0000;6.8165;0.0000;-785.2500;0.0000;6.8165;1.0000;0.0000;0.0000;0.0000;0.0000
582;453.71;797.6500;18241.4500;884.8500;87.2000;0.4999;2.3011;0.0000;-797.6500;0.0000;6.8165;0.0000;-797.6500;0.0000;6.8165;1.0000;0.0000;0.0000;0.0000;0.0000
583;454.07;788.7500;18685.4500;878.7500;90.0000;0.5029;2.2985;0.0000;-788.7500;0.0000;6.8165;0.0000;-788.7500;0.0000;6.8165;1.0000;0.0000;0.0000;0.0000;0.0000
584;454.42;778.9500;18717.6000;875.2000;96.2500;0.5366;2.2704;0.0000;-778.9500;0.0000;6.8165;0.0000;-778.9500;0.0000;6.8165;1.0000;0.0000;0.0000;0.0000;0.0000
585;454.78;775.4500;19544.4000;886.2500;110.8000;0.5903;2.2289;0.0000;-775.4500;0.0000;6.8165;0.0000;-775.4500;0.0000;6.8165;1.0000;0.0000;0.0000;0.0000;0.0000
586;455.13;785.5000;19540.3000;873.0500;87.5500;0.4668;2.3309;0.0000;-785.5000;0.0000;6.8165;0.0000;-785.5000;0.0000;6.8165;1.0000;0.0000;0.0000;0.0000;0.0000
587;455.49;808.5000;20268.2500;896.9500;88.4500;0.4545;2.3424;0.0000;-808.5000;0.0000;6.8165;0.0000;-808.5000;0.0000;6.8165;1.0000;0.0000;0.0000;0.0000;0.0000
588;455.84;789.4500;19393.4500;884.0000;94.5500;0.5082;2.2939;0.0000;-789.4500;0.0000;6.8165;0.0000;-789.4500;0.0000;6.8165;1.0000;0.0000;0.0000;0.0000;0.0000
589;456.19;794.7500;20441.2000;873.7000;78.9500;0.4019;2.3959;0.0000;-794.7500;0.0000;6.8165;0.0000;-794.7500;0.0000;6.8165;1.0000;0.0000;0.0000;0.0000;0.0000
590;456.55;796.2000;20996.9500;887.4000;91.2000;0.4515;2.3454;0.0000;-796.2000;0.0000;6.8165;0.0000;-796.2000;0.0000;6.8165;1.0000;0.0000;0.0000;0.0000;0.0000
591;456.90;781.8500;21459.0500;879.6500;97.8000;0.4730;2.3252;0.0000;-781.8500;0.0000;6.8165;0.0000;-781.8500;0.0000;6.8165;1.0000;0.0000;0.0000;0.0000;0.0000
592;457.26;797.6500;21664.9000;877.1000;79.4500;0.3807;2.4194;0.0000;-797.6500;0.0000;6.8165;0.0000;-797.6500;0.0000;6.8165;1.0000;0.0000;0.0000;0.0000;0.0000
593;457.61;794.8500;21570.4000;868.8000;73.9500;0.3559;2.4486;0.0000;-794.8500;0.0000;6.8165;0.0000;-794.8500;0.0000;6.8165;1.0000;0.0000;0.0000;0.0000;0.0000
594;457.96;805.1000;22123.5000;888.1000;83.0000;0.3893;2.4097;0.0000;-805.1000;0.0000;6.8165;0.0000;-805.1000;0.0000;6.8165;1.0000;0.0000;0.0000;0.0000;0.0000
595;458.32;795.0000;23093.7000;875.7500;80.7500;0.3621;2.4411;0.0000;-795.0000;0.0000;6.8165;0.0000;-795.0000;0.0000;6.8165;1.0000;0.0000;0.0000;0.0000;0.0000
596;458.67;798.7500;22657.7000;885.1500;86.4000;0.3953;2.4031;0.0000;-798.7500;0.0000;6.8165;0.0000;-798.7500;0.0000;6.8165;1.0000;0.0000;0.0000;0.0000;0.0000
597;459.02;790.1000;22694.9500;868.9500;78.8500;0.3600;2.4437;0.0000;-790.1000;0.0000;6.8165;0.0000;-790.1000;0.0000;6.8165;1.0000;0.0000;0.0000;0.0000;0.0000
598;459.38;803.7000;22664.9500;871.3500;67.6500;0.3095;2.5094;0.0000;-803.7000;0.0000;6.8165;0.0000;-803.7000;0.0000;6.8165;1.0000;0.0000;0.0000;0.0000;0.0000
599;459.73;791.7500;22936.1000;875.9000;84.1500;0.3800;2.4202;0.0000;-791.7500;0.0000;6.8165;0.0000;-791.7500;0.0000;6.8165;1.0000;0.0000;0.0000;0.0000;0.0000
600;460.08;801.8500;22940.8500;867.7500;65.9000;0.2977;2.5263;0.0000;-801.8500;0.0000;6.8165;0.0000;-801.8500;0.0000;6.8165;1.0000;0.0000;0.0000;0.0000;0.0000
601;460.44;792.2500;23384.6000;873.3500;81.1000;0.3590;2.4449;0.0000;-792.2500;0.0000;6.8165;0.0000;-792.2500;0.0000;6.8165;1.0000;0.0000;0.0000;0.0000;0.0000
602;460.79;789.3500;23173.7000;879.8500;90.5000;0.4043;2.3933;0.0000;-789.3500;0.0000;6.8165;0.0000;-789.3500;0.0000;6.8165;1.0000;0.0000;0.0000;0.0000;0.0000
603;461.14;796.8000;24004.1000;863.6000;66.8000;0.2878;2.5408;0.0000;-796.8000;0.0000;6.8165;0.0000;-796.8000;0.0000;6.8165;1.0000;0.0000;0.0000;0.0000;0.0000
604;461.49;799.5000;24330.2500;878.9500;79.4500;0.3376;2.4715;0.0000;-799.5000;0.0000;6.8165;0.0000;-799.5000;0.0000;6.8165;1.0000;0.0000;0.0000;0.0000;0.0000
605;461.85;799.5000;24547.9500;880.2000;80.7000;0.3398;2.4688;0.0000;-799.5000;0.0000;6.8165;0.0000;-799.5000;0.0000;6.8165;1.0000;0.0000;0.0000;0.0000;0.0000
606;462.20;791.3500;25213.3500;862.2000;70.8500;0.2901;2.5374;0.0000;-791.3500;0.0000;6.8165;0.0000;-791.3500;0.0000;6.8165;1.0000;0.0000;0.0000;0.0000;0.0000
607;462.55;788.1000;24845.3500;853.2500;65.1500;0.2708;2.5673;0.0000;-788.1000;0.0000;6.8165;0.0000;-788.1000;0.0000;6.8165;1.0000;0.0000;0.0000;0.0000;0.0000
608;462.90;790.0000;26634.2000;875.4500;85.4500;0.3306;2.4807;0.0000;-790.0000;0.0000;6.8165;0.0000;-790.0000;0.0000;6.8165;1.0000;0.0000;0.0000;0.0000;0.0000
609;463.26;782.3000;27125.7500;865.5000;83.2000;0.3158;2.5005;0.0000;-782.3000;0.0000;6.8165;0.0000;-782.3000;0.0000;6.8165;1.0000;0.0000;0.0000;0.0000;0.0000
610;463.61;792.9000;26540.0000;887.2500;94.3500;0.3664;2.4360;0.0000;-792.9000;0.0000;6.8165;0.0000;-792.9000;0.0000;6.8165;1.0000;0.0000;0.0000;0.0000;0.0000
611;463.96;791.3500;26361.7000;858.3500;67.0000;0.2620;2.5817;0.0000;-791.3500;0.0000;6.8165;0.0000;-791.3500;0.0000;6.8165;1.0000;0.0000;0.0000;0.0000;0.0000
612;464.31;786.3500;27077.2500;873.9500;87.6000;0.3332;2.4773;0.0000;-786.3500;0.0000;6.8165;0.0000;-786.3500;0.0000;6.8165;1.0000;0.0000;0.0000;0.0000;0.0000
613;464.66;784.0500;26334.2000;873.6000;89.5500;0.3505;2.4553;0.0000;-784.0500;0.0000;6.8165;0.0000;-784.0500;0.0000;6.8165;1.0000;0.0000;0.0000;0.0000;0.0000
614;465.02;778.8000;26205.1000;876.8000;98.0000;0.3854;2.4141;0.0000;-778.8000;0.0000;6.8165;0.0000;-778.8000;0.0000;6.8165;1.0000;0.0000;0.0000;0.0000;0.0000
615;465.37;791.6500;26777.7500;875.8000;84.1500;0.3238;2.4897;0.0000;-791.6500;0.0000;6.8165;0.0000;-791.6500;0.0000;6.8165;1.0000;0.0000;0.0000;0.0000;0.0000
616;465.72;794.1000;27119.5500;872.8500;78.7500;0.2991;2.5241;0.0000;-794.1000;0.0000;6.8165;0.0000;-794.1000;0.0000;6.8165;1.0000;0.0000;0.0000;0.0000;0.0000
617;466.07;788.2000;26776.0500;872.3000;84.1000;0.3236;2.4900;0.0000;-788.2000;0.0000;6.8165;0.0000;-788.2000;0.0000;6.8165;1.0000;0.0000;0.0000;0.0000;0.0000
618;466.42;797.7000;27840.7500;870.4500;72.7500;0.2690;2.5702;0.0000;-797.7000;0.0000;6.8165;0.0000;-797.7000;0.0000;6.8165;1.0000;0.0000;0.0000;0.0000;0.0000
619;466.77;797.1000;27976.0500;869.4500;72.3500;0.2662;2.5748;0.0000;-797.1000;0.0000;6.8165;0.0000;-797.1000;0.0000;6.8165;1.0000;0.0000;0.0000;0.0000;0.0000
620;467.12;786.1000;28892.4000;875.2500;89.1500;0.3172;2.4987;0.0000;-786.1000;0.0000;6.8165;0.0000;-786.1000;0.0000;6.8165;1.0000;0.0000;0.0000;0.0000;0.0000
621;467.48;799.4500;30545.6500;867.6500;68.2000;0.2293;2.6396;0.0000;-799.4500;0.0000;6.8165;0.0000;-799.4500;0.0000;6.8165;1.0000;0.0000;0.0000;0.0000;0.0000
622;467.83;792.8500;32338.3000;873.4000;80.5500;0.2553;2.5929;0.0000;-792.8500;0.0000;6.8165;0.0000;-792.8500;0.0000;6.8165;1.0000;0.0000;0.0000;0.0000;0.0000
623;468.18;792.2000;32243.1500;854.7000;62.5000;0.1987;2.7018;0.0000;-792.2000;0.0000;6.8165;0.0000;-792.2000;0.0000;6.8165;1.0000;0.0000;0.0000;0.0000;0.0000
624;468.53;803.0500;32883.1000;881.5500;78.5000;0.2447;2.6114;0.0000;-803.0500;0.0000;6.8165;0.0000;-803.0500;0.0000;6.8165;1.0000;0.0000;0.0000;0.0000;0.0000
625;468.88;795.5500;32156.6000;861.5500;66.0000;0.2105;2.6768;0.0000;-795.5500;0.0000;6.8165;0.0000;-795.5500;0.0000;6.8165;1.0000;0.0000;0.0000;0.0000;0.0000
626;469.23;779.0500;31681.8000;875.8000;96.7500;0.3131;2.5043;0.0000;-779.0500;0.0000;6.8165;0.0000;-779.0500;0.0000;6.8165;1.0000;0.0000;0.0000;0.0000;0.0000
627;469.58;782.9500;31726.0500;867.7000;84.7500;0.2739;2.5624;0.0000;-782.9500;0.0000;6.8165;0.0000;-782.9500;0.0000;6.8165;1.0000;0.0000;0.0000;0.0000;0.0000
628;469.93;795.9500;31421.0500;866.8000;70.8500;0.2313;2.6357;0.0000;-795.9500;0.0000;6.8165;0.0000;-795.9500;0.0000;6.8165;1.0000;0.0000;0.0000;0.0000;0.0000
629;470.28;793.4500;31523.7000;877.2500;83.8000;0.2727;2.5643;0.0000;-793.4500;0.0000;6.8165;0.0000;-793.4500;0.0000;6.8165;1.0000;0.0000;0.0000;0.0000;0.0000
630;470.63;789.7500;30942.0000;873.5000;83.7500;0.2778;2.5563;0.0000;-789.7500;0.0000;6.8165;0.0000;-789.7500;0.0000;6.8165;1.0000;0.0000;0.0000;0.0000;0.0000
631;470.98;787.4000;30489.5500;867.7000;80.3000;0.2704;2.5681;0.0000;-787.4000;0.0000;6.8165;0.0000;-787.4000;0.0000;6.8165;1.0000;0.0000;0.0000;0.0000;0.0000
632;471.33;778.6000;29661.6500;871.3500;92.7500;0.3211;2.4933;0.0000;-778.6000;0.0000;6.8165;0.0000;-778.6000;0.0000;6.8165;1.0000;0.0000;0.0000;0.0000;0.0000
633;471.68;790.8500;30480.8500;884.2000;93.3500;0.3144;2.5025;0.0000;-790.8500;0.0000;6.8165;0.0000;-790.8500;0.0000;6.8165;1.0000;0.0000;0.0000;0.0000;0.0000
634;472.03;790.5000;29791.6500;880.7000;90.2000;0.3110;2.5072;0.0000;-790.5000;0.0000;6.8165;0.0000;-790.5000;0.0000;6.8165;1.0000;0.0000;0.0000;0.0000;0.0000
635;472.38;783.9000;29183.0500;865.4000;81.5000;0.2870;2.5421;0.0000;-783.9000;0.0000;6.8165;0.0000;-783.9000;0.0000;6.8165;1.0000;0.0000;0.0000;0.0000;0.0000
636;472.73;794.1000;30688.5500;874.5500;80.4500;0.2691;2.5701;0.0000;-794.1000;0.0000;6.8165;0.0000;-794.1000;0.0000;6.8165;1.0000;0.0000;0.0000;0.0000;0.0000
637;473.08;779.1500;32447.4000;882.8000;103.6500;0.3273;2.4851;0.0000;-779.1500;0.0000;6.8165;0.0000;-779.1500;0.0000;6.8165;1.0000;0.0000;0.0000;0.0000;0.0000
638;473.43;775.9000;34478.4500;870.3500;94.4500;0.2802;2.5525;0.0000;-775.9000;0.0000;6.8165;0.0000;-775.9000;0.0000;6.8165;1.0000;0.0000;0.0000;0.0000;0.0000
639;473.78;784.4500;36124.2000;877.5000;93.0500;0.2633;2.5795;0.0000;-784.4500;0.0000;6.8165;0.0000;-784.4500;0.0000;6.8165;1.0000;0.0000;0.0000;0.0000;0.0000
640;474.13;787.9500;34967.4500;890.4000;102.4500;0.2997;2.5233;0.0000;-787.9500;0.0000;6.8165;0.0000;-787.9500;0.0000;6.8165;1.0000;0.0000;0.0000;0.0000;0.0000
641;474.48;786.6000;33444.9500;889.2000;102.6000;0.3142;2.5028;0.0000;-786.6000;0.0000;6.8165;0.0000;-786.6000;0.0000;6.8165;1.0000;0.0000;0.0000;0.0000;0.0000
642;474.83;766.5000;30618.3000;871.4000;104.9000;0.3514;2.4542;0.0000;-766.5000;0.0000;6.8165;0.0000;-766.5000;0.0000;6.8165;1.0000;0.0000;0.0000;0.0000;0.0000
643;475.18;770.0500;30473.3500;879.2500;109.2000;0.3676;2.4346;0.0000;-770.0500;0.0000;6.8165;0.0000;-770.0500;0.0000;6.8165;1.0000;0.0000;0.0000;0.0000;0.0000
644;475.52;782.4500;30063.5500;870.2500;87.8000;0.2999;2.5231;0.0000;-782.4500;0.0000;6.8165;0.0000;-782.4500;0.0000;6.8165;1.0000;0.0000;0.0000;0.0000;0.0000
645;475.87;772.2000;29931.9000;890.2500;118.0500;0.4048;2.3927;0.0000;-772.2000;0.0000;6.8165;0.0000;-772.2000;0.0000;6.8165;1.0000;0.0000;0.0000;0.0000;0.0000
646;476.22;795.6000;29511.7000;880.4000;84.8000;0.2953;2.5297;0.0000;-795.6000;0.0000;6.8165;0.0000;-795.6000;0.0000;6.8165;1.0000;0.0000;0.0000;0.0000;0.0000
647;476.57;791.4000;29487.4000;878.0500;86.6500;0.3020;2.5201;0.0000;-791.4000;0.0000;6.8165;0.0000;-791.4000;0.0000;6.8165;1.0000;0.0000;0.0000;0.0000;0.0000
648;476.92;780.0000;29133.9500;873.1000;93.1000;0.3283;2.4837;0.0000;-780.0000;0.0000;6.8165;0.0000;-780.0000;0.0000;6.8165;1.0000;0.0000;0.0000;0.0000;0.0000
649;477.27;783.5500;29379.4000;883.7000;100.1500;0.3502;2.4557;0.0000;-783.5500;0.0000;6.8165;0.0000;-783.5500;0.0000;6.8165;1.0000;0.0000;0.0000;0.0000;0.0000
650;477.62;785.0500;30183.4500;879.9000;94.8500;0.3226;2.4913;0.0000;-785.0500;0.0000;6.8165;0.0000;-785.0500;0.0000;6.8165;1.0000;0.0000;0.0000;0.0000;0.0000
651;477.96;779.7000;29734.9500;893.7500;114.0500;0.3939;2.4046;0.0000;-779.7000;0.0000;6.8165;0.0000;-779.7000;0.0000;6.8165;1.0000;0.0000;0.0000;0.0000;0.0000
652;478.31;801.7000;29857.8500;882.7000;81.0000;0.2788;2.5548;0.0000;-801.7000;0.0000;6.8165;0.0000;-801.7000;0.0000;6.8165;1.0000;0.0000;0.0000;0.0000;0.0000
653;478.66;797.0500;30401.7500;889.8500;92.8000;0.3135;2.5038;0.0000;-797.0500;0.0000;6.8165;0.0000;-797.0500;0.0000;6.8165;1.0000;0.0000;0.0000;0.0000;0.0000
654;479.01;789.0000;31016.6000;886.6000;97.6000;0.3229;2.4910;0.0000;-789.0000;0.0000;6.8165;0.0000;-789.0000;0.0000;6.8165;1.0000;0.0000;0.0000;0.0000;0.0000
655;479.36;794.0000;31101.1500;886.5000;92.5000;0.3052;2.5154;0.0000;-794.0000;0.0000;6.8165;0.0000;-794.0000;0.0000;6.8165;1.0000;0.0000;0.0000;0.0000;0.0000
656;479.70;786.1500;31706.7500;882.7500;96.6000;0.3124;2.5053;0.0000;-786.1500;0.0000;6.8165;0.0000;-786.1500;0.0000;6.8165;1.0000;0.0000;0.0000;0.0000;0.0000
657;480.05;791.5000;32186.1500;869.6500;78.1500;0.2489;2.6039;0.0000;-791.5000;0.0000;6.8165;0.0000;-791.5000;0.0000;6.8165;1.0000;0.0000;0.0000;0.0000;0.0000
658;480.40;791.6000;33439.0500;886.1500;94.5500;0.2896;2.5382;0.0000;-791.6000;0.0000;6.8165;0.0000;-791.6000;0.0000;6.8165;1.0000;0.0000;0.0000;0.0000;0.0000
659;480.75;801.4500;34262.8500;880.4000;78.9500;0.2359;2.6272;0.0000;-801.4500;0.0000;6.8165;0.0000;-801.4500;0.0000;6.8165;1.0000;0.0000;0.0000;0.0000;0.0000
660;481.09;791.9000;35173.0500;884.1000;92.2000;0.2682;2.5716;0.0000;-791.9000;0.0000;6.8165;0.0000;-791.9000;0.0000;6.8165;1.0000;0.0000;0.0000;0.0000;0.0000
661;481.44;792.6500;35913.1500;871.6500;79.0000;0.2249;2.6479;0.0000;-792.6500;0.0000;6.8165;0.0000;-792.6500;0.0000;6.8165;1.0000;0.0000;0.0000;0.0000;0.0000
662;481.79;791.1000;36543.0000;864.9000;73.8000;0.2064;2.6852;0.0000;-791.1000;0.0000;6.8165;0.0000;-791.1000;0.0000;6.8165;1.0000;0.0000;0.0000;0.0000;0.0000
663;482.14;784.4000;36803.6000;887.3000;102.9000;0.2857;2.5441;0.0000;-784.4000;0.0000;6.8165;0.0000;-784.4000;0.0000;6.8165;1.0000;0.0000;0.0000;0.0000;0.0000
664;482.48;792.1500;37258.7500;877.3000;85.1500;0.2335;2.6317;0.0000;-792.1500;0.0000;6.8165;0.0000;-792.1500;0.0000;6.8165;1.0000;0.0000;0.0000;0.0000;0.0000
665;482.83;791.7500;37420.0000;883.2500;91.5000;0.2498;2.6024;0.0000;-791.7500;0.0000;6.8165;0.0000;-791.7500;0.0000;6.8165;1.0000;0.0000;0.0000;0.0000;0.0000
666;483.18;781.0500;37096.5000;873.8000;92.7500;0.2554;2.5928;0.0000;-781.0500;0.0000;6.8165;0.0000;-781.0500;0.0000;6.8165;1.0000;0.0000;0.0000;0.0000;0.0000
667;483.52;772.7000;37537.7000;870.8000;98.1000;0.2668;2.5738;0.0000;-772.7000;0.0000;6.8165;0.0000;-772.7000;0.0000;6.8165;1.0000;0.0000;0.0000;0.0000;0.0000
668;483.87;777.6500;37613.2500;878.1000;100.4500;0.2727;2.5643;0.0000;-777.6500;0.0000;6.8165;0.0000;-777.6500;0.0000;6.8165;1.0000;0.0000;0.0000;0.0000;0.0000
669;484.22;789.6000;37804.6000;881.4000;91.8000;0.2480;2.6055;0.0000;-789.6000;0.0000;6.8165;0.0000;-789.6000;0.0000;6.8165;1.0000;0.0000;0.0000;0.0000;0.0000
670;484.56;781.8000;37757.2000;858.2500;76.4500;0.2068;2.6845;0.0000;-781.8000;0.0000;6.8165;0.0000;-781.8000;0.0000;6.8165;1.0000;0.0000;0.0000;0.0000;0.0000
671;484.91;796.7500;37651.0500;899.4500;102.7000;0.2787;2.5549;0.0000;-796.7500;0.0000;6.8165;0.0000;-796.7500;0.0000;6.8165;1.0000;0.0000;0.0000;0.0000;0.0000
672;485.26;784.1000;37264.8000;897.5000;113.4000;0.3108;2.5075;0.0000;-784.1000;0.0000;6.8165;0.0000;-784.1000;0.0000;6.8165;1.0000;0.0000;0.0000;0.0000;0.0000
673;485.60;782.6000;37084.5500;888.4500;105.8500;0.2916;2.5352;0.0000;-782.6000;0.0000;6.8165;0.0000;-782.6000;0.0000;6.8165;1.0000;0.0000;0.0000;0.0000;0.0000
674;485.95;787.7000;37186.5500;902.5500;114.8500;0.3155;2.5010;0.0000;-787.7000;0.0000;6.8165;0.0000;-787.7000;0.0000;6.8165;1.0000;0.0000;0.0000;0.0000;0.0000
675;486.30;789.6500;36729.9500;885.1000;95.4500;0.2656;2.5758;0.0000;-789.6500;0.0000;6.8165;0.0000;-789.6500;0.0000;6.8165;1.0000;0.0000;0.0000;0.0000;0.0000
676;486.64;790.3000;36789.4000;884.6500;94.3500;0.2621;2.5815;0.0000;-790.3000;0.0000;6.8165;0.0000;-790.3000;0.0000;6.8165;1.0000;0.0000;0.0000;0.0000;0.0000
677;486.99;811.1000;36843.2000;886.2500;75.1500;0.2086;2.6808;0.0000;-811.1000;0.0000;6.8165;0.0000;-811.1000;0.0000;6.8165;1.0000;0.0000;0.0000;0.0000;0.0000
678;487.33;788.3500;37081.7500;887.2000;98.8500;0.2724;2.5649;0.0000;-788.3500;0.0000;6.8165;0.0000;-788.3500;0.0000;6.8165;1.0000;0.0000;0.0000;0.0000;0.0000
679;487.68;769.1500;36927.9500;889.3000;120.1500;0.3323;2.4785;0.0000;-769.1500;0.0000;6.8165;0.0000;-769.1500;0.0000;6.8165;1.0000;0.0000;0.0000;0.0000;0.0000
680;488.02;802.3500;37470.5000;885.2500;82.9000;0.2261;2.6457;0.0000;-802.3500;0.0000;6.8165;0.0000;-802.3500;0.0000;6.8165;1.0000;0.0000;0.0000;0.0000;0.0000
681;488.37;799.1000;37346.0000;891.0500;91.9500;0.2516;2.5993;0.0000;-799.1000;0.0000;6.8165;0.0000;-799.1000;0.0000;6.8165;1.0000;0.0000;0.0000;0.0000;0.0000
682;488.72;799.8500;37496.9000;893.7000;93.8500;0.2557;2.5922;0.0000;-799.8500;0.0000;6.8165;0.0000;-799.8500;0.0000;6.8165;1.0000;0.0000;0.0000;0.0000;0.0000
683;489.06;783.1000;37778.6500;891.7500;108.6500;0.2937;2.5321;0.0000;-783.1000;0.0000;6.8165;0.0000;-783.1000;0.0000;6.8165;1.0000;0.0000;0.0000;0.0000;0.0000
684;489.41;790.8000;38000.7500;882.5000;91.7000;0.2464;2.6083;0.0000;-790.8000;0.0000;6.8165;0.0000;-790.8000;0.0000;6.8165;1.0000;0.0000;0.0000;0.0000;0.0000
685;489.75;791.4500;38177.8500;887.1500;95.7000;0.2560;2.5918;0.0000;-791.4500;0.0000;6.8165;0.0000;-791.4500;0.0000;6.8165;1.0000;0.0000;0.0000;0.0000;0.0000
686;490.10;789.9000;38265.7000;888.3000;98.4000;0.2626;2.5808;0.0000;-789.9000;0.0000;6.8165;0.0000;-789.9000;0.0000;6.8165;1.0000;0.0000;0.0000;0.0000;0.0000
687;490.44;806.5500;38278.9500;886.9000;80.3500;0.2144;2.6687;0.0000;-806.5500;0.0000;6.8165;0.0000;-806.5500;0.0000;6.8165;1.0000;0.0000;0.0000;0.0000;0.0000
688;490.79;806.8000;39175.2500;906.5500;99.7500;0.2600;2.5851;0.0000;-806.8000;0.0000;6.8165;0.0000;-806.8000;0.0000;6.8165;1.0000;0.0000;0.0000;0.0000;0.0000
689;491.13;805.7500;39225.1000;883.9000;78.1500;0.2034;2.6916;0.0000;-805.7500;0.0000;6.8165;0.0000;-805.7500;0.0000;6.8165;1.0000;0.0000;0.0000;0.0000;0.0000
690;491.48;785.3500;39950.5000;896.7000;111.3500;0.2843;2.5462;0.0000;-785.3500;0.0000;6.8165;0.0000;-785.3500;0.0000;6.8165;1.0000;0.0000;0.0000;0.0000;0.0000
691;491.82;792.9000;41544.8000;891.9500;99.0500;0.2431;2.6143;0.0000;-792.9000;0.0000;6.8165;0.0000;-792.9000;0.0000;6.8165;1.0000;0.0000;0.0000;0.0000;0.0000
692;492.16;784.6500;42912.6500;889.9500;105.3000;0.2500;2.6021;0.0000;-784.6500;0.0000;6.8165;0.0000;-784.6500;0.0000;6.8165;1.0000;0.0000;0.0000;0.0000;0.0000
693;492.51;799.8000;43509.8000;890.2500;90.4500;0.2118;2.6741;0.0000;-799.8000;0.0000;6.8165;0.0000;-799.8000;0.0000;6.8165;1.0000;0.0000;0.0000;0.0000;0.0000
694;492.85;794.0500;43528.6000;892.4500;98.4000;0.2303;2.6378;0.0000;-794.0500;0.0000;6.8165;0.0000;-794.0500;0.0000;6.8165;1.0000;0.0000;0.0000;0.0000;0.0000
695;493.20;793.4000;43007.0500;899.6500;106.2500;0.2517;2.5991;0.0000;-793.4000;0.0000;6.8165;0.0000;-793.4000;0.0000;6.8165;1.0000;0.0000;0.0000;0.0000;0.0000
696;493.54;776.8000;43151.6000;913.4000;136.6000;0.3224;2.4917;0.0000;-776.8000;0.0000;6.8165;0.0000;-776.8000;0.0000;6.8165;1.0000;0.0000;0.0000;0.0000;0.0000
697;493.89;780.4000;42369.9500;900.0000;119.6000;0.2876;2.5413;0.0000;-780.4000;0.0000;6.8165;0.0000;-780.4000;0.0000;6.8165;1.0000;0.0000;0.0000;0.0000;0.0000
698;494.23;796.6500;42149.6500;892.6000;95.9500;0.2320;2.6345;0.0000;-796.6500;0.0000;6.8165;0.0000;-796.6500;0.0000;6.8165;1.0000;0.0000;0.0000;0.0000;0.0000
699;494.57;793.5500;41504.0500;891.9000;98.3500;0.2416;2.6169;0.0000;-793.5500;0.0000;6.8165;0.0000;-793.5500;0.0000;6.8165;1.0000;0.0000;0.0000;0.0000;0.0000
700;494.92;795.8000;41394.9500;914.6000;118.8000;0.2926;2.5337;0.0000;-795.8000;0.0000;6.8165;0.0000;-795.8000;0.0000;6.8165;1.0000;0.0000;0.0000;0.0000;0.0000
701;495.26;802.6000;41418.8000;899.4500;96.8500;0.2385;2.6226;0.0000;-802.6000;0.0000;6.8165;0.0000;-802.6000;0.0000;6.8165;1.0000;0.0000;0.0000;0.0000;0.0000
702;495.60;789.2000;41181.6500;915.3500;126.1500;0.3123;2.5054;0.0000;-789.2000;0.0000;6.8165;0.0000;-789.2000;0.0000;6.8165;1.0000;0.0000;0.0000;0.0000;0.0000
703;495.95;779.1000;40697.0500;898.6500;119.5500;0.2995;2.5236;0.0000;-779.1000;0.0000;6.8165;0.0000;-779.1000;0.0000;6.8165;1.0000;0.0000;0.0000;0.0000;0.0000
704;496.29;799.6000;40953.3500;908.7000;109.1000;0.2717;2.5659;0.0000;-799.6000;0.0000;6.8165;0.0000;-799.6000;0.0000;6.8165;1.0000;0.0000;0.0000;0.0000;0.0000
705;496.63;796.4000;40743.0500;916.8500;120.4500;0.3015;2.5207;0.0000;-796.4000;0.0000;6.8165;0.0000;-796.4000;0.0000;6.8165;1.0000;0.0000;0.0000;0.0000;0.0000
706;496.98;803.4000;40455.4000;903.4500;100.0500;0.2523;2.5980;0.0000;-803.4000;0.0000;6.8165;0.0000;-803.4000;0.0000;6.8165;1.0000;0.0000;0.0000;0.0000;0.0000
707;497.32;787.5500;40450.8500;913.4500;125.9000;0.3174;2.4984;0.0000;-787.5500;0.0000;6.8165;0.0000;-787.5500;0.0000;6.8165;1.0000;0.0000;0.0000;0.0000;0.0000
708;497.66;769.3500;40280.1500;892.3500;123.0000;0.3113;2.5068;0.0000;-769.3500;0.0000;6.8165;0.0000;-769.3500;0.0000;6.8165;1.0000;0.0000;0.0000;0.0000;0.0000
709;498.01;784.2500;40260.2000;902.6500;118.4000;0.2999;2.5230;0.0000;-784.2500;0.0000;6.8165;0.0000;-784.2500;0.0000;6.8165;1.0000;0.0000;0.0000;0.0000;0.0000
710;498.35;788.6500;40123.7500;900.8500;112.2000;0.2852;2.5448;0.0000;-788.6500;0.0000;6.8165;0.0000;-788.6500;0.0000;6.8165;1.0000;0.0000;0.0000;0.0000;0.0000
711;498.69;796.0000;40221.6500;893.6000;97.6000;0.2476;2.6063;0.0000;-796.0000;0.0000;6.8165;0.0000;-796.0000;0.0000;6.8165;1.0000;0.0000;0.0000;0.0000;0.0000
712;499.03;789.9500;40032.7500;900.7500;110.8000;0.2823;2.5492;0.0000;-789.9500;0.0000;6.8165;0.0000;-789.9500;0.0000;6.8165;1.0000;0.0000;0.0000;0.0000;0.0000
713;499.38;788.2500;40015.0500;902.6000;114.3500;0.2915;2.5353;0.0000;-788.2500;0.0000;6.8165;0.0000;-788.2500;0.0000;6.8165;1.0000;0.0000;0.0000;0.0000;0.0000
714;499.72;794.2500;40041.3000;906.0500;111.8000;0.2849;2.5454;0.0000;-794.2500;0.0000;6.8165;0.0000;-794.2500;0.0000;6.8165;1.0000;0.0000;0.0000;0.0000;0.0000
715;500.06;784.0000;40323.5000;894.4500;110.4500;0.2793;2.5539;0.0000;-784.0000;0.0000;6.8165;0.0000;-784.0000;0.0000;6.8165;1.0000;0.0000;0.0000;0.0000;0.0000
716;500.40;785.2500;40294.7000;909.4500;124.2000;0.3144;2.5026;0.0000;-785.2500;0.0000;6.8165;0.0000;-785.2500;0.0000;6.8165;1.0000;0.0000;0.0000;0.0000;0.0000
717;500.75;797.1500;40480.8000;902.2500;105.1000;0.2648;2.5770;0.0000;-797.1500;0.0000;6.8165;0.0000;-797.1500;0.0000;6.8165;1.0000;0.0000;0.0000;0.0000;0.0000
718;501.09;790.4500;40227.4500;918.0500;127.6000;0.3236;2.4901;0.0000;-790.4500;0.0000;6.8165;0.0000;-790.4500;0.0000;6.8165;1.0000;0.0000;0.0000;0.0000;0.0000
719;501.43;786.4500;40154.9000;913.2000;126.7500;0.3220;2.4922;0.0000;-786.4500;0.0000;6.8165;0.0000;-786.4500;0.0000;6.8165;1.0000;0.0000;0.0000;0.0000;0.0000
720;501.77;792.2000;40672.7500;907.6000;115.4000;0.2894;2.5386;0.0000;-792.2000;0.0000;6.8165;0.0000;-792.2000;0.0000;6.8165;1.0000;0.0000;0.0000;0.0000;0.0000
721;502.11;782.8500;41202.5000;922.0500;139.2000;0.3444;2.4630;0.0000;-782.8500;0.0000;6.8165;0.0000;-782.8500;0.0000;6.8165;1.0000;0.0000;0.0000;0.0000;0.0000
722;502.46;777.4500;40417.5000;916.3500;138.9000;0.3504;2.4554;0.0000;-777.4500;0.0000;6.8165;0.0000;-777.4500;0.0000;6.8165;1.0000;0.0000;0.0000;0.0000;0.0000
723;502.80;778.4500;40650.8000;919.7500;141.3000;0.3544;2.4505;0.0000;-778.4500;0.0000;6.8165;0.0000;-778.4500;0.0000;6.8165;1.0000;0.0000;0.0000;0.0000;0.0000
724;503.14;791.4500;40688.0500;916.5500;125.1000;0.3136;2.5037;0.0000;-791.4500;0.0000;6.8165;0.0000;-791.4500;0.0000;6.8165;1.0000;0.0000;0.0000;0.0000;0.0000
725;503.48;787.9000;41074.4000;922.3000;134.4000;0.3336;2.4768;0.0000;-787.9000;0.0000;6.8165;0.0000;-787.9000;0.0000;6.8165;1.0000;0.0000;0.0000;0.0000;0.0000
726;503.82;786.3500;41260.8000;919.6000;133.2500;0.3292;2.4825;0.0000;-786.3500;0.0000;6.8165;0.0000;-786.3500;0.0000;6.8165;1.0000;0.0000;0.0000;0.0000;0.0000
727;504.16;789.7000;40991.5500;928.4500;138.7500;0.3451;2.4620;0.0000;-789.7000;0.0000;6.8165;0.0000;-789.7000;0.0000;6.8165;1.0000;0.0000;0.0000;0.0000;0.0000
728;504.50;800.5500;40879.5000;930.9500;130.4000;0.3254;2.4876;0.0000;-800.5500;0.0000;6.8165;0.0000;-800.5500;0.0000;6.8165;1.0000;0.0000;0.0000;0.0000;0.0000
729;504.84;778.4500;41301.1500;913.0000;134.5500;0.3320;2.4788;0.0000;-778.4500;0.0000;6.8165;0.0000;-778.4500;0.0000;6.8165;1.0000;0.0000;0.0000;0.0000;0.0000
730;505.19;798.1000;41428.8000;928.0500;129.9500;0.3198;2.4951;0.0000;-798.1000;0.0000;6.8165;0.0000;-798.1000;0.0000;6.8165;1.0000;0.0000;0.0000;0.0000;0.0000
731;505.53;797.1500;41260.4500;927.1500;130.0000;0.3213;2.4931;0.0000;-797.1500;0.0000;6.8165;0.0000;-797.1500;0.0000;6.8165;1.0000;0.0000;0.0000;0.0000;0.0000
732;505.87;795.9500;40879.0500;940.3000;144.3500;0.3601;2.4435;0.0000;-795.9500;0.0000;6.8165;0.0000;-795.9500;0.0000;6.8165;1.0000;0.0000;0.0000;0.0000;0.0000
733;506.21;780.6000;41144.4500;936.8000;156.2000;0.3870;2.4123;0.0000;-780.6000;0.0000;6.8165;0.0000;-780.6000;0.0000;6.8165;1.0000;0.0000;0.0000;0.0000;0.0000
734;506.55;785.3000;41319.8500;917.0500;131.7500;0.3250;2.4881;0.0000;-785.3000;0.0000;6.8165;0.0000;-785.3000;0.0000;6.8165;1.0000;0.0000;0.0000;0.0000;0.0000
735;506.89;797.8000;41162.1000;930.6000;132.8000;0.3290;2.4828;0.0000;-797.8000;0.0000;6.8165;0.0000;-797.8000;0.0000;6.8165;1.0000;0.0000;0.0000;0.0000;0.0000
736;507.23;793.9000;41159.2500;931.2000;137.3000;0.3401;2.4683;0.0000;-793.9000;0.0000;6.8165;0.0000;-793.9000;0.0000;6.8165;1.0000;0.0000;0.0000;0.0000;0.0000
737;507.57;793.4500;41226.0500;943.6000;150.1500;0.3714;2.4302;0.0000;-793.4500;0.0000;6.8165;0.0000;-793.4500;0.0000;6.8165;1.0000;0.0000;0.0000;0.0000;0.0000
738;507.91;792.5500;41792.0000;930.0000;137.4500;0.3352;2.4746;0.0000;-792.5500;0.0000;6.8165;0.0000;-792.5500;0.0000;6.8165;1.0000;0.0000;0.0000;0.0000;0.0000
739;508.25;794.1500;41894.6000;951.2000;157.0500;0.3821;2.4178;0.0000;-794.1500;0.0000;6.8165;0.0000;-794.1500;0.0000;6.8165;1.0000;0.0000;0.0000;0.0000;0.0000
740;508.59;801.8500;41549.2500;922.2000;120.3500;0.2954;2.5297;0.0000;-801.8500;0.0000;6.8165;0.0000;-801.8500;0.0000;6.8165;1.0000;0.0000;0.0000;0.0000;0.0000
741;508.93;797.1000;41724.7000;938.1500;141.0500;0.3446;2.4626;0.0000;-797.1000;0.0000;6.8165;0.0000;-797.1000;0.0000;6.8165;1.0000;0.0000;0.0000;0.0000;0.0000
742;509.27;800.0500;41872.3000;926.3000;126.2500;0.3074;2.5123;0.0000;-800.0500;0.0000;6.8165;0.0000;-800.0500;0.0000;6.8165;1.0000;0.0000;0.0000;0.0000;0.0000
743;509.61;792.3500;42043.9500;935.6000;143.2500;0.3473;2.4593;0.0000;-792.3500;0.0000;6.8165;0.0000;-792.3500;0.0000;6.8165;1.0000;0.0000;0.0000;0.0000;0.0000
744;509.95;790.9500;42342.9500;941.8500;150.9000;0.3632;2.4399;0.0000;-790.9500;0.0000;6.8165;0.0000;-790.9500;0.0000;6.8165;1.0000;0.0000;0.0000;0.0000;0.0000
745;510.29;800.2000;42087.4500;939.0500;138.8500;0.3363;2.4733;0.0000;-800.2000;0.0000;6.8165;0.0000;-800.2000;0.0000;6.8165;1.0000;0.0000;0.0000;0.0000;0.0000
746;510.63;797.1500;42136.2000;938.9500;141.8000;0.3430;2.4647;0.0000;-797.1500;0.0000;6.8165;0.0000;-797.1500;0.0000;6.8165;1.0000;0.0000;0.0000;0.0000;0.0000
747;510.97;783.7500;42238.8000;933.4500;149.7000;0.3611;2.4424;0.0000;-783.7500;0.0000;6.8165;0.0000;-783.7500;0.0000;6.8165;1.0000;0.0000;0.0000;0.0000;0.0000
748;511.31;785.8500;42408.7000;953.6000;167.7500;0.4030;2.3947;0.0000;-785.8500;0.0000;6.8165;0.0000;-785.8500;0.0000;6.8165;1.0000;0.0000;0.0000;0.0000;0.0000
749;511.65;800.3500;42797.8500;937.5500;137.2000;0.3267;2.4859;0.0000;-800.3500;0.0000;6.8165;0.0000;-800.3500;0.0000;6.8165;1.0000;0.0000;0.0000;0.0000;0.0000
750;511.98;789.1500;42775.4500;954.9500;165.8000;0.3949;2.4035;0.0000;-789.1500;0.0000;6.8165;0.0000;-789.1500;0.0000;6.8165;1.0000;0.0000;0.0000;0.0000;0.0000
751;512.32;784.8500;42722.2500;939.1000;154.2500;0.3678;2.4344;0.0000;-784.8500;0.0000;6.8165;0.0000;-784.8500;0.0000;6.8165;1.0000;0.0000;0.0000;0.0000;0.0000
752;512.66;782.5000;42799.2000;935.0500;152.5500;0.3631;2.4400;0.0000;-782.5000;0.0000;6.8165;0.0000;-782.5000;0.0000;6.8165;1.0000;0.0000;0.0000;0.0000;0.0000
753;513.00;804.2000;42959.9000;940.4500;136.2500;0.3232;2.4905;0.0000;-804.2000;0.0000;6.8165;0.0000;-804.2000;0.0000;6.8165;1.0000;0.0000;0.0000;0.0000;0.0000
754;513.34;796.5000;43067.2500;946.8500;150.3500;0.3557;2.4489;0.0000;-796.5000;0.0000;6.8165;0.0000;-796.5000;0.0000;6.8165;1.0000;0.0000;0.0000;0.0000;0.0000
755;513.68;781.6000;43307.1500;950.5500;168.9500;0.3973;2.4009;0.0000;-781.6000;0.0000;6.8165;0.0000;-781.6000;0.0000;6.8165;1.0000;0.0000;0.0000;0.0000;0.0000
756;514.02;777.8500;44057.3500;948.7000;170.8500;0.3948;2.4037;0.0000;-777.8500;0.0000;6.8165;0.0000;-777.8500;0.0000;6.8165;1.0000;0.0000;0.0000;0.0000;0.0000
757;514.36;781.4000;43919.6500;960.6500;179.2500;0.4155;2.3814;0.0000;-781.4000;0.0000;6.8165;0.0000;-781.4000;0.0000;6.8165;1.0000;0.0000;0.0000;0.0000;0.0000
758;514.69;786.5500;43819.0500;956.7500;170.2000;0.3955;2.4028;0.0000;-786.5500;0.0000;6.8165;0.0000;-786.5500;0.0000;6.8165;1.0000;0.0000;0.0000;0.0000;0.0000
759;515.03;781.8000;44240.8500;964.3500;182.5500;0.4201;2.3767;0.0000;-781.8000;0.0000;6.8165;0.0000;-781.8000;0.0000;6.8165;1.0000;0.0000;0.0000;0.0000;0.0000
760;515.37;795.8500;44196.4000;961.5500;165.7000;0.3818;2.4182;0.0000;-795.8500;0.0000;6.8165;0.0000;-795.8500;0.0000;6.8165;1.0000;0.0000;0.0000;0.0000;0.0000
761;515.71;788.1500;44117.0500;967.3500;179.2000;0.4136;2.3834;0.0000;-788.1500;0.0000;6.8165;0.0000;-788.1500;0.0000;6.8165;1.0000;0.0000;0.0000;0.0000;0.0000
762;516.05;797.4500;44065.5000;972.6000;175.1500;0.4048;2.3928;0.0000;-797.4500;0.0000;6.8165;0.0000;-797.4500;0.0000;6.8165;1.0000;0.0000;0.0000;0.0000;0.0000
763;516.38;795.8500;44232.8000;952.2000;156.3500;0.3599;2.4438;0.0000;-795.8500;0.0000;6.8165;0.0000;-795.8500;0.0000;6.8165;1.0000;0.0000;0.0000;0.0000;0.0000
764;516.72;798.5500;44668.2500;958.4000;159.8500;0.3644;2.4385;0.0000;-798.5500;0.0000;6.8165;0.0000;-798.5500;0.0000;6.8165;1.0000;0.0000;0.0000;0.0000;0.0000
765;517.06;798.9000;44487.3000;967.2500;168.3500;0.3853;2.4142;0.0000;-798.9000;0.0000;6.8165;0.0000;-798.9000;0.0000;6.8165;1.0000;0.0000;0.0000;0.0000;0.0000
766;517.40;794.1500;44553.1500;959.7000;165.5500;0.3783;2.4221;0.0000;-794.1500;0.0000;6.8165;0.0000;-794.1500;0.0000;6.8165;1.0000;0.0000;0.0000;0.0000;0.0000
767;517.73;789.4500;44704.6500;972.0500;182.6000;0.4158;2.3811;0.0000;-789.4500;0.0000;6.8165;0.0000;-789.4500;0.0000;6.8165;1.0000;0.0000;0.0000;0.0000;0.0000
768;518.07;766.8000;45014.0000;972.6500;205.8500;0.4652;2.3323;0.0000;-766.8000;0.0000;6.8165;0.0000;-766.8000;0.0000;6.8165;1.0000;0.0000;0.0000;0.0000;0.0000
769;518.41;787.5000;45795.0000;974.1500;186.6500;0.4147;2.3823;0.0000;-787.5000;0.0000;6.8165;0.0000;-787.5000;0.0000;6.8165;1.0000;0.0000;0.0000;0.0000;0.0000
770;518.75;790.8000;45548.6500;973.6500;182.8500;0.4085;2.3888;0.0000;-790.8000;0.0000;6.8165;0.0000;-790.8000;0.0000;6.8165;1.0000;0.0000;0.0000;0.0000;0.0000
771;519.08;800.1000;45354.1500;977.1000;177.0000;0.3973;2.4009;0.0000;-800.1000;0.0000;6.8165;0.0000;-800.1000;0.0000;6.8165;1.0000;0.0000;0.0000;0.0000;0.0000
772;519.42;802.0000;45166.3000;972.1500;170.1500;0.3835;2.4162;0.0000;-802.0000;0.0000;6.8165;0.0000;-802.0000;0.0000;6.8165;1.0000;0.0000;0.0000;0.0000;0.0000
773;519.76;795.4500;45309.0000;988.1000;192.6500;0.4328;2.3637;0.0000;-795.4500;0.0000;6.8165;0.0000;-795.4500;0.0000;6.8165;1.0000;0.0000;0.0000;0.0000;0.0000
774;520.09;795.7500;45918.5500;967.5000;171.7500;0.3806;2.4195;0.0000;-795.7500;0.0000;6.8165;0.0000;-795.7500;0.0000;6.8165;1.0000;0.0000;0.0000;0.0000;0.0000
775;520.43;789.7500;45882.7000;968.7000;178.9500;0.3968;2.4014;0.0000;-789.7500;0.0000;6.8165;0.0000;-789.7500;0.0000;6.8165;1.0000;0.0000;0.0000;0.0000;0.0000
776;520.77;800.0000;45298.4500;985.8500;185.8500;0.4177;2.3792;0.0000;-800.0000;0.0000;6.8165;0.0000;-800.0000;0.0000;6.8165;1.0000;0.0000;0.0000;0.0000;0.0000
777;521.10;798.7000;45274.6500;997.6500;198.9500;0.4473;2.3494;0.0000;-798.7000;0.0000;6.8165;0.0000;-798.7000;0.0000;6.8165;1.0000;0.0000;0.0000;0.0000;0.0000
778;521.44;792.4000;45261.6500;1006.3000;213.9000;0.4810;2.3178;0.0000;-792.4000;0.0000;6.8165;0.0000;-792.4000;0.0000;6.8165;1.0000;0.0000;0.0000;0.0000;0.0000
779;521.78;797.0500;46065.7500;993.7500;196.7000;0.4345;2.3620;0.0000;-797.0500;0.0000;6.8165;0.0000;-797.0500;0.0000;6.8165;1.0000;0.0000;0.0000;0.0000;0.0000
780;522.11;785.3000;46254.1500;986.0000;200.7000;0.4414;2.3552;0.0000;-785.3000;0.0000;6.8165;0.0000;-785.3000;0.0000;6.8165;1.0000;0.0000;0.0000;0.0000;0.0000
781;522.45;794.7000;45904.4000;986.0000;191.3000;0.4241;2.3726;0.0000;-794.7000;0.0000;6.8165;0.0000;-794.7000;0.0000;6.8165;1.0000;0.0000;0.0000;0.0000;0.0000
782;522.78;796.0500;45425.0500;1003.1500;207.1000;0.4640;2.3334;0.0000;-796.0500;0.0000;6.8165;0.0000;-796.0500;0.0000;6.8165;1.0000;0.0000;0.0000;0.0000;0.0000
783;523.12;794.3500;46062.3500;1012.7500;218.4000;0.4825;2.3165;0.0000;-794.3500;0.0000;6.8165;0.0000;-794.3500;0.0000;6.8165;1.0000;0.0000;0.0000;0.0000;0.0000
784;523.46;790.9000;46251.8500;1011.1500;220.2500;0.4845;2.3147;0.0000;-790.9000;0.0000;6.8165;0.0000;-790.9000;0.0000;6.8165;1.0000;0.0000;0.0000;0.0000;0.0000
785;523.79;805.0000;46224.9500;1010.4500;205.4500;0.4523;2.3445;0.0000;-805.0000;0.0000;6.8165;0.0000;-805.0000;0.0000;6.8165;1.0000;0.0000;0.0000;0.0000;0.0000
786;524.13;789.0500;46160.1500;1009.1500;220.1000;0.4851;2.3142;0.0000;-789.0500;0.0000;6.8165;0.0000;-789.0500;0.0000;6.8165;1.0000;0.0000;0.0000;0.0000;0.0000
787;524.46;781.4000;46070.8000;1014.0000;232.6000;0.5136;2.2894;0.0000;-781.4000;0.0000;6.8165;0.0000;-781.4000;0.0000;6.8165;1.0000;0.0000;0.0000;0.0000;0.0000
788;524.80;796.5500;46605.0500;1028.5500;232.0000;0.5065;2.2955;0.0000;-796.5500;0.0000;6.8165;0.0000;-796.5500;0.0000;6.8165;1.0000;0.0000;0.0000;0.0000;0.0000
789;525.13;798.4500;46135.0000;1039.0500;240.6000;0.5307;2.2752;0.0000;-798.4500;0.0000;6.8165;0.0000;-798.4500;0.0000;6.8165;1.0000;0.0000;0.0000;0.0000;0.0000
790;525.47;783.0500;46030.2500;1033.5500;250.5000;0.5536;2.2568;0.0000;-783.0500;0.0000;6.8165;0.0000;-783.0500;0.0000;6.8165;1.0000;0.0000;0.0000;0.0000;0.0000
791;525.80;790.3000;46183.0500;1043.9000;253.6000;0.5587;2.2528;0.0000;-790.3000;0.0000;6.8165;0.0000;-790.3000;0.0000;6.8165;1.0000;0.0000;0.0000;0.0000;0.0000
792;526.14;781.8500;46467.7500;1044.3000;262.4500;0.5745;2.2407;0.0000;-781.8500;0.0000;6.8165;0.0000;-781.8500;0.0000;6.8165;1.0000;0.0000;0.0000;0.0000;0.0000
793;526.47;800.9500;46607.1500;1050.8500;249.9000;0.5456;2.2632;0.0000;-800.9500;0.0000;6.8165;0.0000;-800.9500;0.0000;6.8165;1.0000;0.0000;0.0000;0.0000;0.0000
794;526.81;791.0500;46468.1000;1047.1000;256.0500;0.5606;2.2514;0.0000;-791.0500;0.0000;6.8165;0.0000;-791.0500;0.0000;6.8165;1.0000;0.0000;0.0000;0.0000;0.0000
795;527.14;801.3000;46346.5500;1075.3500;274.0500;0.6017;2.2206;0.0000;-801.3000;0.0000;6.8165;0.0000;-801.3000;0.0000;6.8165;1.0000;0.0000;0.0000;0.0000;0.0000
796;527.48;778.4000;46526.5500;1080.5500;302.1500;0.6605;2.1802;0.0000;-778.4000;0.0000;6.8165;0.0000;-778.4000;0.0000;6.8165;1.0000;0.0000;0.0000;0.0000;0.0000
797;527.81;796.1500;46747.5500;1074.2500;278.1000;0.6052;2.2181;0.0000;-796.1500;0.0000;6.8165;0.0000;-796.1500;0.0000;6.8165;1.0000;0.0000;0.0000;0.0000;0.0000
798;528.15;784.3000;46554.8000;1090.3500;306.0500;0.6687;2.1748;0.0000;-784.3000;0.0000;6.8165;0.0000;-784.3000;0.0000;6.8165;1.0000;0.0000;0.0000;0.0000;0.0000
799;528.48;789.2000;46507.1000;1108.2000;319.0000;0.6978;2.1563;0.0000;-789.2000;0.0000;6.8165;0.0000;-789.2000;0.0000;6.8165;1.0000;0.0000;0.0000;0.0000;0.0000
800;528.82;786.7500;46850.9000;1106.2500;319.5000;0.6936;2.1589;0.0000;-786.7500;0.0000;6.8165;0.0000;-786.7500;0.0000;6.8165;1.0000;0.0000;0.0000;0.0000;0.0000
801;529.15;799.9000;47188.8000;1129.6500;329.7500;0.7108;2.1482;0.0000;-799.9000;0.0000;6.8165;0.0000;-799.9000;0.0000;6.8165;1.0000;0.0000;0.0000;0.0000;0.0000
802;529.49;798.5000;47535.0000;1142.7000;344.2000;0.7365;2.1328;0.0000;-798.5000;0.0000;6.8165;0.0000;-798.5000;0.0000;6.8165;1.0000;0.0000;0.0000;0.0000;0.0000
803;529.82;794.1000;47483.8000;1147.0500;352.9500;0.7559;2.1215;0.0000;-794.1000;0.0000;6.8165;0.0000;-794.1000;0.0000;6.8165;1.0000;0.0000;0.0000;0.0000;0.0000
804;530.15;790.5500;47138.7500;1167.0000;376.4500;0.8122;2.0903;0.0000;-790.5500;0.0000;6.8165;0.0000;-790.5500;0.0000;6.8165;1.0000;0.0000;0.0000;0.0000;0.0000
805;530.49;803.5500;46565.7500;1167.8500;364.3000;0.7961;2.0990;0.0000;-803.5500;0.0000;6.8165;0.0000;-803.5500;0.0000;6.8165;1.0000;0.0000;0.0000;0.0000;0.0000
806;530.82;807.1500;47339.9000;1207.9000;400.7500;0.8612;2.0649;0.0000;-807.1500;0.0000;6.8165;0.0000;-807.1500;0.0000;6.8165;1.0000;0.0000;0.0000;0.0000;0.0000
807;531.16;799.7000;47334.7500;1206.6500;406.9500;0.8745;2.0582;0.0000;-799.7000;0.0000;6.8165;0.0000;-799.7000;0.0000;6.8165;1.0000;0.0000;0.0000;0.0000;0.0000
808;531.49;786.9500;47373.8000;1230.9000;443.9500;0.9530;2.0209;0.0000;-786.9500;0.0000;6.8165;0.0000;-786.9500;0.0000;6.8165;1.0000;0.0000;0.0000;0.0000;0.0000
809;531.82;787.3000;47328.9500;1252.5000;465.2000;0.9995;2.0002;0.0000;-787.3000;0.0000;6.8165;0.0000;-787.3000;0.0000;6.8165;1.0000;0.0000;0.0000;0.0000;0.0000
810;532.16;802.5000;46600.0500;1271.9500;469.4500;1.0251;1.9893;0.0000;-802.5000;0.0000;6.8165;0.0000;-802.5000;0.0000;6.8165;1.0000;0.0000;0.0000;0.0000;0.0000
811;532.49;782.4000;46661.6000;1311.7000;529.3000;1.1537;1.9379;0.0000;-782.4000;0.0000;6.8165;0.0000;-782.4000;0.0000;6.8165;1.0000;0.0000;0.0000;0.0000;0.0000
812;532.82;799.0500;47138.7000;1321.5000;522.4500;1.1274;1.9479;0.0000;-799.0500;0.0000;6.8165;0.0000;-799.0500;0.0000;6.8165;1.0000;0.0000;0.0000;0.0000;0.0000
813;533.16;805.9500;47147.3500;1356.0500;550.1000;1.1871;1.9255;0.0000;-805.9500;0.0000;6.8165;0.0000;-805.9500;0.0000;6.8165;1.0000;0.0000;0.0000;0.0000;0.0000
814;533.49;782.1500;46677.7500;1390.2500;608.1000;1.3250;1.8778;0.0000;-782.1500;0.0000;6.8165;0.0000;-782.1500;0.0000;6.8165;1.0000;0.0000;0.0000;0.0000;0.0000
815;533.82;781.2500;46554.5000;1432.9500;651.7000;1.4238;1.8466;0.0000;-781.2500;0.0000;6.8165;0.0000;-781.2500;0.0000;6.8165;1.0000;0.0000;0.0000;0.0000;0.0000
816;534.15;778.9500;46555.6000;1454.8000;675.8500;1.4764;1.8308;0.0000;-778.9500;0.0000;6.8165;0.0000;-778.9500;0.0000;6.8165;1.0000;0.0000;0.0000;0.0000;0.0000
817;534.49;787.1000;46614.8000;1484.7500;697.6500;1.5223;1.8175;0.0000;-787.1000;0.0000;6.8165;0.0000;-787.1000;0.0000;6.8165;1.0000;0.0000;0.0000;0.0000;0.0000
818;534.82;787.2500;46651.9500;1525.4000;738.1500;1.6094;1.7933;0.0000;-787.2500;0.0000;6.8165;0.0000;-787.2500;0.0000;6.8165;1.0000;0.0000;0.0000;0.0000;0.0000
819;535.15;796.4500;46826.5000;1602.8500;806.4000;1.7519;1.7565;0.0000;-796.4500;0.0000;6.8165;0.0000;-796.4500;0.0000;6.8165;1.0000;0.0000;0.0000;0.0000;0.0000
820;535.48;789.8500;46727.6500;1651.1000;861.2500;1.8748;1.7270;0.0000;-789.8500;0.0000;6.8165;0.0000;-789.8500;0.0000;6.8165;1.0000;0.0000;0.0000;0.0000;0.0000
821;535.82;788.9000;46276.5000;1722.7000;933.8000;2.0529;1.6876;0.0000;-788.9000;0.0000;6.8165;0.0000;-788.9000;0.0000;6.8165;1.0000;0.0000;0.0000;0.0000;0.0000
822;536.15;795.2500;46205.2500;1773.6000;978.3500;2.1545;1.6667;0.0000;-795.2500;0.0000;6.8165;0.0000;-795.2500;0.0000;6.8165;1.0000;0.0000;0.0000;0.0000;0.0000
823;536.48;787.0500;46571.0000;1847.3000;1060.2500;2.3158;1.6353;0.0000;-787.0500;0.0000;6.8165;0.0000;-787.0500;0.0000;6.8165;1.0000;0.0000;0.0000;0.0000;0.0000
824;536.81;789.4000;46693.2500;1925.3500;1135.9500;2.4746;1.6065;0.0000;-789.4000;0.0000;6.8165;0.0000;-789.4000;0.0000;6.8165;1.0000;0.0000;0.0000;0.0000;0.0000
825;537.15;796.7500;46503.3500;2006.9000;1210.1500;2.6476;1.5771;0.0000;-796.7500;0.0000;6.8165;0.0000;-796.7500;0.0000;6.8165;1.0000;0.0000;0.0000;0.0000;0.0000
826;537.48;798.8000;46714.9500;2106.5000;1307.7000;2.8480;1.5455;0.0000;-798.8000;0.0000;6.8165;0.0000;-798.8000;0.0000;6.8165;1.0000;0.0000;0.0000;0.0000;0.0000
827;537.81;791.9000;46366.3500;2227.6500;1435.7500;3.1503;1.5016;0.0000;-791.9000;0.0000;6.8165;0.0000;-791.9000;0.0000;6.8165;1.0000;0.0000;0.0000;0.0000;0.0000
828;538.14;790.3500;46135.5000;2333.9000;1543.5500;3.4040;1.4680;0.0000;-790.3500;0.0000;6.8165;0.0000;-790.3500;0.0000;6.8165;1.0000;0.0000;0.0000;0.0000;0.0000
829;538.47;795.4000;46586.6500;2502.2000;1706.8000;3.7273;1.4286;0.0000;-795.4000;0.0000;6.8165;0.0000;-795.4000;0.0000;6.8165;1.0000;0.0000;0.0000;0.0000;0.0000
830;538.80;805.2500;47075.1000;2642.8000;1837.5500;3.9714;1.4011;0.0000;-805.2500;0.0000;6.8165;0.0000;-805.2500;0.0000;6.8165;1.0000;0.0000;0.0000;0.0000;0.0000
831;539.14;803.1000;47006.7500;2826.8500;2023.7500;4.3801;1.3585;0.0000;-803.1000;0.0000;6.8165;0.0000;-803.1000;0.0000;6.8165;1.0000;0.0000;0.0000;0.0000;0.0000
832;539.47;786.0000;46730.2500;3032.3500;2246.3500;4.8893;1.3108;0.0000;-786.0000;0.0000;6.8165;0.0000;-786.0000;0.0000;6.8165;1.0000;0.0000;0.0000;0.0000;0.0000
833;539.80;802.6500;46583.8000;3240.6500;2438.0000;5.3253;1.2737;0.0000;-802.6500;0.0000;6.8165;0.0000;-802.6500;0.0000;6.8165;1.0000;0.0000;0.0000;0.0000;0.0000
834;540.13;782.8000;46886.0500;3533.9500;2751.1500;5.9674;1.2242;0.0000;-782.8000;0.0000;6.8165;0.0000;-782.8000;0.0000;6.8165;1.0000;0.0000;0.0000;0.0000;0.0000
835;540.46;796.8500;47390.1000;3798.4000;3001.5500;6.4420;1.1910;0.0000;-796.8500;0.0000;6.8165;0.0000;-796.8500;0.0000;6.8165;1.0000;0.0000;0.0000;0.0000;0.0000
836;540.79;792.8000;47629.4500;4143.7000;3350.9000;7.1544;1.1454;0.0000;-792.8000;0.0000;6.8165;0.0000;-792.8000;0.0000;6.8165;1.0000;0.0000;0.0000;0.0000;0.0000
837;541.12;782.3500;47245.0000;4523.1000;3740.7500;8.0511;1.0941;0.0000;-782.3500;0.0000;6.8165;0.0000;-782.3500;0.0000;6.8165;1.0000;0.0000;0.0000;0.0000;0.0000
838;541.45;799.3500;47411.8000;4913.2000;4113.8500;8.8256;1.0543;0.0000;-799.3500;0.0000;6.8165;0.0000;-799.3500;0.0000;6.8165;1.0000;0.0000;0.0000;0.0000;0.0000
839;541.78;782.2500;47832.0000;5403.4500;4621.2000;9.8219;1.0078;0.0000;-782.2500;0.0000;6.8165;0.0000;-782.2500;0.0000;6.8165;1.0000;0.0000;0.0000;0.0000;0.0000
840;542.11;796.1500;47582.8000;5930.3000;5134.1500;10.9735;0.9597;0.0000;-796.1500;0.0000;6.8165;0.0000;-796.1500;0.0000;6.8165;1.0000;0.0000;0.0000;0.0000;0.0000
841;542.44;798.6500;47742.3000;6553.3000;5754.6500;12.2586;0.9116;0.0000;-798.6500;0.0000;6.8165;0.0000;-798.6500;0.0000;6.8165;1.0000;0.0000;0.0000;0.0000;0.0000
842;542.78;787.0500;48267.4500;7156.2000;6369.1500;13.4143;0.8724;0.0000;-787.0500;0.0000;6.8165;0.0000;-787.0500;0.0000;6.8165;1.0000;0.0000;0.0000;0.0000;0.0000
843;543.11;796.9500;48388.3500;7942.3000;7145.3500;15.0140;0.8235;0.0000;-796.9500;0.0000;6.8165;0.0000;-796.9500;0.0000;6.8165;1.0000;0.0000;0.0000;0.0000;0.0000
844;543.44;790.9500;48473.3500;8834.4000;8043.4500;16.8688;0.7729;0.0000;-790.9500;0.0000;6.8165;0.0000;-790.9500;0.0000;6.8165;1.0000;0.0000;0.0000;0.0000;0.0000
845;543.77;782.6500;48288.4500;9857.1500;9074.5000;19.1019;0.7189;0.0000;-782.6500;0.0000;6.8165;0.0000;-782.6500;0.0000;6.8165;1.0000;0.0000;0.0000;0.0000;0.0000
846;544.10;789.6500;48346.1500;11017.2500;10227.6000;21.5062;0.6674;0.0000;-789.6500;0.0000;6.8165;0.0000;-789.6500;0.0000;6.8165;1.0000;0.0000;0.0000;0.0000;0.0000
847;544.43;805.1000;48427.1500;12200.4000;11395.3000;23.9286;0.6211;0.0000;-805.1000;0.0000;6.8165;0.0000;-805.1000;0.0000;6.8165;1.0000;0.0000;0.0000;0.0000;0.0000
848;544.76;804.3500;48345.5500;13562.7000;12758.3500;26.8364;0.5713;0.0000;-804.3500;0.0000;6.8165;0.0000;-804.3500;0.0000;6.8165;1.0000;0.0000;0.0000;0.0000;0.0000
849;545.09;788.4500;49017.4000;15016.7000;14228.2500;29.5015;0.5302;0.0000;-788.4500;0.0000;6.8165;0.0000;-788.4500;0.0000;6.8165;1.0000;0.0000;0.0000;0.0000;0.0000
850;545.42;797.8000;49458.1000;16691.8500;15894.0500;32.6633;0.4859;0.0000;-797.8000;0.0000;6.8165;0.0000;-797.8000;0.0000;6.8165;1.0000;0.0000;0.0000;0.0000;0.0000
851;545.74;779.8500;49198.2500;18502.3500;17722.5000;36.6028;0.4365;0.0000;-779.8500;0.0000;6.8165;0.0000;-779.8500;0.0000;6.8165;1.0000;0.0000;0.0000;0.0000;0.0000
852;546.07;788.4000;48772.4000;20541.6000;19753.2000;41.1662;0.3855;0.0000;-788.4000;0.0000;6.8165;0.0000;-788.4000;0.0000;6.8165;1.0000;0.0000;0.0000;0.0000;0.0000
853;546.40;804.9500;49074.7000;22748.5000;21943.5500;45.4603;0.3424;0.0000;-804.9500;0.0000;6.8165;0.0000;-804.9500;0.0000;6.8165;1.0000;0.0000;0.0000;0.0000;0.0000
854;546.73;807.0500;49339.3500;25051.3500;24244.3000;49.9550;0.3014;0.0000;-807.0500;0.0000;6.8165;0.0000;-807.0500;0.0000;6.8165;1.0000;0.0000;0.0000;0.0000;0.0000
855;547.06;787.6500;49745.3000;27294.1500;26506.5000;54.1417;0.2665;0.0000;-787.6500;0.0000;6.8165;0.0000;-787.6500;0.0000;6.8165;1.0000;0.0000;0.0000;0.0000;0.0000
856;547.39;804.4000;50258.6500;29837.0000;29032.6000;58.7060;0.2313;0.0000;-804.4000;0.0000;6.8165;0.0000;-804.4000;0.0000;6.8165;1.0000;0.0000;0.0000;0.0000;0.0000
857;547.72;795.5000;50034.8500;32033.4500;31237.9500;63.4410;0.1976;0.0000;-795.5000;0.0000;6.8165;0.0000;-795.5000;0.0000;6.8165;1.0000;0.0000;0.0000;0.0000;0.0000
858;548.05;783.9500;49956.2000;34370.8500;33586.9000;68.3046;0.1656;0.0000;-783.9500;0.0000;6.8165;0.0000;-783.9500;0.0000;6.8165;1.0000;0.0000;0.0000;0.0000;0.0000
859;548.38;788.2000;49978.5000;36749.1000;35960.9000;73.1057;0.1360;0.0000;-788.2000;0.0000;6.8165;0.0000;-788.2000;0.0000;6.8165;1.0000;0.0000;0.0000;0.0000;0.0000
860;548.71;796.5500;50536.2500;38954.8500;38158.3000;76.7160;0.1151;0.0000;-796.5500;0.0000;6.8165;0.0000;-796.5500;0.0000;6.8165;1.0000;0.0000;0.0000;0.0000;0.0000
861;549.03;800.2000;51088.5000;40960.2500;40160.0500;79.8596;0.0977;0.0000;-800.2000;0.0000;6.8165;0.0000;-800.2000;0.0000;6.8165;1.0000;0.0000;0.0000;0.0000;0.0000
862;549.36;783.8000;50751.1000;42642.6500;41858.8500;83.7725;0.0769;0.0000;-783.8000;0.0000;6.8165;0.0000;-783.8000;0.0000;6.8165;1.0000;0.0000;0.0000;0.0000;0.0000
863;549.69;800.5500;51554.2000;43628.1000;42827.5500;84.3832;0.0737;0.0000;-800.5500;0.0000;6.8165;0.0000;-800.5500;0.0000;6.8165;1.0000;0.0000;0.0000;0.0000;0.0000
864;550.02;792.5500;51175.1500;44753.7000;43961.1500;87.2546;0.0592;0.0000;-792.5500;0.0000;6.8165;0.0000;-792.5500;0.0000;6.8165;1.0000;0.0000;0.0000;0.0000;0.0000
865;550.35;801.4500;51354.5500;45728.8500;44927.4000;88.8717;0.0512;0.0000;-801.4500;0.0000;6.8165;0.0000;-801.4500;0.0000;6.8165;1.0000;0.0000;0.0000;0.0000;0.0000
866;550.68;800.6000;51990.1500;46560.6000;45760.0000;89.3932;0.0487;0.0000;-800.6000;0.0000;6.8165;0.0000;-800.6000;0.0000;6.8165;1.0000;0.0000;0.0000;0.0000;0.0000
867;551.00;810.5000;52178.4500;47167.9000;46357.4000;90.2458;0.0446;0.0000;-810.5000;0.0000;6.8165;0.0000;-810.5000;0.0000;6.8165;1.0000;0.0000;0.0000;0.0000;0.0000
868;551.33;789.2000;52125.0500;47404.7000;46615.5000;90.8050;0.0419;0.0000;-789.2000;0.0000;6.8165;0.0000;-789.2000;0.0000;6.8165;1.0000;0.0000;0.0000;0.0000;0.0000
869;551.66;798.6500;52423.7500;47657.7000;46859.0500;90.7680;0.0421;0.0000;-798.6500;0.0000;6.8165;0.0000;-798.6500;0.0000;6.8165;1.0000;0.0000;0.0000;0.0000;0.0000
870;551.99;808.0000;52089.5500;47755.7000;46947.7000;91.5489;0.0383;0.0000;-808.0000;0.0000;6.8165;0.0000;-808.0000;0.0000;6.8165;1.0000;0.0000;0.0000;0.0000;0.0000
871;552.32;800.5000;52001.7500;47455.3500;46654.8500;91.1205;0.0404;0.0000;-800.5000;0.0000;6.8165;0.0000;-800.5000;0.0000;6.8165;1.0000;0.0000;0.0000;0.0000;0.0000
872;552.64;795.0500;52175.6000;47465.6000;46670.5500;90.8331;0.0418;0.0000;-795.0500;0.0000;6.8165;0.0000;-795.0500;0.0000;6.8165;1.0000;0.0000;0.0000;0.0000;0.0000
873;552.97;789.7500;52258.8000;47207.0500;46417.3000;90.1849;0.0449;0.0000;-789.7500;0.0000;6.8165;0.0000;-789.7500;0.0000;6.8165;1.0000;0.0000;0.0000;0.0000;0.0000
874;553.30;785.4000;52403.4500;46800.2500;46014.8500;89.1449;0.0499;0.0000;-785.4000;0.0000;6.8165;0.0000;-785.4000;0.0000;6.8165;1.0000;0.0000;0.0000;0.0000;0.0000
875;553.63;792.7500;53237.6500;46707.3000;45914.5500;87.5482;0.0578;0.0000;-792.7500;0.0000;6.8165;0.0000;-792.7500;0.0000;6.8165;1.0000;0.0000;0.0000;0.0000;0.0000
876;553.95;788.1000;53489.0500;46318.9000;45530.8000;86.3946;0.0635;0.0000;-788.1000;0.0000;6.8165;0.0000;-788.1000;0.0000;6.8165;1.0000;0.0000;0.0000;0.0000;0.0000
877;554.28;801.5500;53553.1500;46030.8000;45229.2500;85.7401;0.0668;0.0000;-801.5500;0.0000;6.8165;0.0000;-801.5500;0.0000;6.8165;1.0000;0.0000;0.0000;0.0000;0.0000
878;554.61;791.4500;53303.8500;45857.3000;45065.8500;85.8194;0.0664;0.0000;-791.4500;0.0000;6.8165;0.0000;-791.4500;0.0000;6.8165;1.0000;0.0000;0.0000;0.0000;0.0000
879;554.93;790.9000;53276.5500;45653.8000;44862.9000;85.4765;0.0682;0.0000;-790.9000;0.0000;6.8165;0.0000;-790.9000;0.0000;6.8165;1.0000;0.0000;0.0000;0.0000;0.0000
880;555.26;783.1000;54024.2000;45407.6500;44624.5500;83.8160;0.0767;0.0000;-783.1000;0.0000;6.8165;0.0000;-783.1000;0.0000;6.8165;1.0000;0.0000;0.0000;0.0000;0.0000
881;555.59;788.5500;54578.6000;44916.4000;44127.8500;82.0372;0.0860;0.0000;-788.5500;0.0000;6.8165;0.0000;-788.5500;0.0000;6.8165;1.0000;0.0000;0.0000;0.0000;0.0000
882;555.91;793.4000;54601.7000;44668.2000;43874.8000;81.5391;0.0886;0.0000;-793.4000;0.0000;6.8165;0.0000;-793.4000;0.0000;6.8165;1.0000;0.0000;0.0000;0.0000;0.0000
883;556.24;789.9000;54683.4000;44857.3500;44067.4500;81.7677;0.0874;0.0000;-789.9000;0.0000;6.8165;0.0000;-789.9000;0.0000;6.8165;1.0000;0.0000;0.0000;0.0000;0.0000
884;556.57;787.4000;54264.8500;44643.4500;43856.0500;82.0085;0.0861;0.0000;-787.4000;0.0000;6.8165;0.0000;-787.4000;0.0000;6.8165;1.0000;0.0000;0.0000;0.0000;0.0000
885;556.89;794.7000;53907.4000;44152.5500;43357.8500;81.6337;0.0881;0.0000;-794.7000;0.0000;6.8165;0.0000;-794.7000;0.0000;6.8165;1.0000;0.0000;0.0000;0.0000;0.0000
886;557.22;787.0000;54053.5000;43977.7500;43190.7500;81.0843;0.0911;0.0000;-787.0000;0.0000;6.8165;0.0000;-787.0000;0.0000;6.8165;1.0000;0.0000;0.0000;0.0000;0.0000
887;557.55;770.9000;54387.5500;43989.4500;43218.5500;80.6066;0.0936;0.0000;-770.9000;0.0000;6.8165;0.0000;-770.9000;0.0000;6.8165;1.0000;0.0000;0.0000;0.0000;0.0000
888;557.87;796.3500;54402.4000;43844.5500;43048.2000;80.3047;0.0953;0.0000;-796.3500;0.0000;6.8165;0.0000;-796.3500;0.0000;6.8165;1.0000;0.0000;0.0000;0.0000;0.0000
889;558.20;798.4500;54233.1500;43999.0500;43200.6000;80.8475;0.0923;0.0000;-798.4500;0.0000;6.8165;0.0000;-798.4500;0.0000;6.8165;1.0000;0.0000;0.0000;0.0000;0.0000
890;558.52;792.5000;54466.8000;43924.7500;43132.2500;80.3592;0.0950;0.0000;-792.5000;0.0000;6.8165;0.0000;-792.5000;0.0000;6.8165;1.0000;0.0000;0.0000;0.0000;0.0000
891;558.85;794.0000;54754.2000;44292.3500;43498.3500;80.6119;0.0936;0.0000;-794.0000;0.0000;6.8165;0.0000;-794.0000;0.0000;6.8165;1.0000;0.0000;0.0000;0.0000;0.0000
892;559.17;800.1500;54793.8000;44387.9500;43587.8000;80.7276;0.0930;0.0000;-800.1500;0.0000;6.8165;0.0000;-800.1500;0.0000;6.8165;1.0000;0.0000;0.0000;0.0000;0.0000
893;559.50;785.9000;55618.8500;44530.3000;43744.4000;79.7776;0.0981;0.0000;-785.9000;0.0000;6.8165;0.0000;-785.9000;0.0000;6.8165;1.0000;0.0000;0.0000;0.0000;0.0000
894;559.83;797.2000;55592.7000;44834.8000;44037.6000;80.3672;0.0949;0.0000;-797.2000;0.0000;6.8165;0.0000;-797.2000;0.0000;6.8165;1.0000;0.0000;0.0000;0.0000;0.0000
895;560.15;810.2000;55481.7500;44710.0000;43899.8000;80.2973;0.0953;0.0000;-810.2000;0.0000;6.8165;0.0000;-810.2000;0.0000;6.8165;1.0000;0.0000;0.0000;0.0000;0.0000
896;560.48;805.0000;55570.6500;45006.1000;44201.1000;80.7095;0.0931;0.0000;-805.0000;0.0000;6.8165;0.0000;-805.0000;0.0000;6.8165;1.0000;0.0000;0.0000;0.0000;0.0000
897;560.80;803.7500;54993.5500;44851.3000;44047.5500;81.2838;0.0900;0.0000;-803.7500;0.0000;6.8165;0.0000;-803.7500;0.0000;6.8165;1.0000;0.0000;0.0000;0.0000;0.0000
898;561.13;792.4500;55543.1500;45045.6000;44253.1500;80.8266;0.0924;0.0000;-792.4500;0.0000;6.8165;0.0000;-792.4500;0.0000;6.8165;1.0000;0.0000;0.0000;0.0000;0.0000
899;561.45;780.5000;55985.3500;45276.4500;44495.9500;80.6015;0.0937;0.0000;-780.5000;0.0000;6.8165;0.0000;-780.5000;0.0000;6.8165;1.0000;0.0000;0.0000;0.0000;0.0000
900;561.78;805.0500;55936.4000;45798.7500;44993.7000;81.6118;0.0882;0.0000;-805.0500;0.0000;6.8165;0.0000;-805.0500;0.0000;6.8165;1.0000;0.0000;0.0000;0.0000;0.0000
901;562.10;793.3000;55555.2500;45879.3000;45086.0000;82.3309;0.0844;0.0000;-793.3000;0.0000;6.8165;0.0000;-793.3000;0.0000;6.8165;1.0000;0.0000;0.0000;0.0000;0.0000
902;562.43;807.0000;55983.1500;45728.2000;44921.2000;81.4142;0.0893;0.0000;-807.0000;0.0000;6.8165;0.0000;-807.0000;0.0000;6.8165;1.0000;0.0000;0.0000;0.0000;0.0000
903;562.75;795.1000;55829.7500;46239.1500;45444.0500;82.5735;0.0832;0.0000;-795.1000;0.0000;6.8165;0.0000;-795.1000;0.0000;6.8165;1.0000;0.0000;0.0000;0.0000;0.0000
904;563.07;783.0000;56206.0000;46924.6000;46141.6000;83.2535;0.0796;0.0000;-783.0000;0.0000;6.8165;0.0000;-783.0000;0.0000;6.8165;1.0000;0.0000;0.0000;0.0000;0.0000
905;563.40;805.4000;56160.7500;47375.1500;46569.7500;84.1287;0.0751;0.0000;-805.4000;0.0000;6.8165;0.0000;-805.4000;0.0000;6.8165;1.0000;0.0000;0.0000;0.0000;0.0000
906;563.72;794.6000;55505.6500;47033.9500;46239.3500;84.5156;0.0731;0.0000;-794.6000;0.0000;6.8165;0.0000;-794.6000;0.0000;6.8165;1.0000;0.0000;0.0000;0.0000;0.0000
907;564.05;789.4500;55943.8500;47469.0500;46679.6000;84.6344;0.0725;0.0000;-789.4500;0.0000;6.8165;0.0000;-789.4500;0.0000;6.8165;1.0000;0.0000;0.0000;0.0000;0.0000
908;564.37;788.5500;56468.7500;47874.0000;47085.4500;84.5641;0.0728;0.0000;-788.5500;0.0000;6.8165;0.0000;-788.5500;0.0000;6.8165;1.0000;0.0000;0.0000;0.0000;0.0000
909;564.70;790.0000;56340.7000;48108.0000;47318.0000;85.1798;0.0697;0.0000;-790.0000;0.0000;6.8165;0.0000;-790.0000;0.0000;6.8165;1.0000;0.0000;0.0000;0.0000;0.0000
910;565.02;784.2000;56549.3500;48478.7000;47694.5000;85.5274;0.0679;0.0000;-784.2000;0.0000;6.8165;0.0000;-784.2000;0.0000;6.8165;1.0000;0.0000;0.0000;0.0000;0.0000
911;565.34;793.2000;56664.9500;48500.2500;47707.0500;85.3867;0.0686;0.0000;-793.2000;0.0000;6.8165;0.0000;-793.2000;0.0000;6.8165;1.0000;0.0000;0.0000;0.0000;0.0000
912;565.67;809.3500;56754.9000;48576.6500;47767.3000;85.3818;0.0686;0.0000;-809.3500;0.0000;6.8165;0.0000;-809.3500;0.0000;6.8165;1.0000;0.0000;0.0000;0.0000;0.0000
913;565.99;786.7000;56594.3500;48827.1500;48040.4500;86.0822;0.0651;0.0000;-786.7000;0.0000;6.8165;0.0000;-786.7000;0.0000;6.8165;1.0000;0.0000;0.0000;0.0000;0.0000
914;566.31;800.7000;56937.4500;49476.8000;48676.1000;86.7099;0.0619;0.0000;-800.7000;0.0000;6.8165;0.0000;-800.7000;0.0000;6.8165;1.0000;0.0000;0.0000;0.0000;0.0000
915;566.64;800.8000;57017.5000;49321.1500;48520.3500;86.3095;0.0639;0.0000;-800.8000;0.0000;6.8165;0.0000;-800.8000;0.0000;6.8165;1.0000;0.0000;0.0000;0.0000;0.0000
916;566.96;805.7000;57251.2000;49482.1500;48676.4500;86.2362;0.0643;0.0000;-805.7000;0.0000;6.8165;0.0000;-805.7000;0.0000;6.8165;1.0000;0.0000;0.0000;0.0000;0.0000
917;567.29;804.3500;57439.3500;49722.2000;48917.8500;86.3739;0.0636;0.0000;-804.3500;0.0000;6.8165;0.0000;-804.3500;0.0000;6.8165;1.0000;0.0000;0.0000;0.0000;0.0000
918;567.61;793.0000;57104.3000;50116.1500;49323.1500;87.5901;0.0575;0.0000;-793.0000;0.0000;6.8165;0.0000;-793.0000;0.0000;6.8165;1.0000;0.0000;0.0000;0.0000;0.0000
919;567.93;796.4000;56618.7000;50504.2000;49707.8000;89.0465;0.0504;0.0000;-796.4000;0.0000;6.8165;0.0000;-796.4000;0.0000;6.8165;1.0000;0.0000;0.0000;0.0000;0.0000
920;568.25;801.2000;57399.8500;50528.7000;49727.5000;87.8599;0.0562;0.0000;-801.2000;0.0000;6.8165;0.0000;-801.2000;0.0000;6.8165;1.0000;0.0000;0.0000;0.0000;0.0000
921;568.58;786.0000;57629.1000;50844.6500;50058.6500;88.0646;0.0552;0.0000;-786.0000;0.0000;6.8165;0.0000;-786.0000;0.0000;6.8165;1.0000;0.0000;0.0000;0.0000;0.0000
922;568.90;805.9000;57272.6500;51124.4500;50318.5500;89.1118;0.0501;0.0000;-805.9000;0.0000;6.8165;0.0000;-805.9000;0.0000;6.8165;1.0000;0.0000;0.0000;0.0000;0.0000
923;569.22;788.0500;57762.3000;50989.2000;50201.1500;88.1120;0.0550;0.0000;-788.0500;0.0000;6.8165;0.0000;-788.0500;0.0000;6.8165;1.0000;0.0000;0.0000;0.0000;0.0000
924;569.55;801.6000;57806.6000;51549.8500;50748.2500;89.0242;0.0505;0.0000;-801.6000;0.0000;6.8165;0.0000;-801.6000;0.0000;6.8165;1.0000;0.0000;0.0000;0.0000;0.0000
925;569.87;794.8000;57489.8500;51455.3500;50660.5500;89.3562;0.0489;0.0000;-794.8000;0.0000;6.8165;0.0000;-794.8000;0.0000;6.8165;1.0000;0.0000;0.0000;0.0000;0.0000
926;570.19;788.9000;57946.2000;51659.8000;50870.9000;89.0016;0.0506;0.0000;-788.9000;0.0000;6.8165;0.0000;-788.9000;0.0000;6.8165;1.0000;0.0000;0.0000;0.0000;0.0000
927;570.51;790.2500;57904.6000;51766.7000;50976.4500;89.2533;0.0494;0.0000;-790.2500;0.0000;6.8165;0.0000;-790.2500;0.0000;6.8165;1.0000;0.0000;0.0000;0.0000;0.0000
928;570.83;797.6500;57951.8500;51889.4000;51091.7500;89.3928;0.0487;0.0000;-797.6500;0.0000;6.8165;0.0000;-797.6500;0.0000;6.8165;1.0000;0.0000;0.0000;0.0000;0.0000
929;571.16;780.2500;58062.6000;51979.2000;51198.9500;89.3800;0.0488;0.0000;-780.2500;0.0000;6.8165;0.0000;-780.2500;0.0000;6.8165;1.0000;0.0000;0.0000;0.0000;0.0000
930;571.48;797.5500;57758.8000;51683.4000;50885.8500;89.3342;0.0490;0.0000;-797.5500;0.0000;6.8165;0.0000;-797.5500;0.0000;6.8165;1.0000;0.0000;0.0000;0.0000;0.0000
931;571.80;793.3000;57310.7500;51989.2500;51195.9500;90.5843;0.0429;0.0000;-793.3000;0.0000;6.8165;0.0000;-793.3000;0.0000;6.8165;1.0000;0.0000;0.0000;0.0000;0.0000
932;572.12;798.1000;58003.4000;52294.4500;51496.3500;90.0202;0.0457;0.0000;-798.1000;0.0000;6.8165;0.0000;-798.1000;0.0000;6.8165;1.0000;0.0000;0.0000;0.0000;0.0000
933;572.44;780.4000;58009.3500;52034.3500;51253.9500;89.5595;0.0479;0.0000;-780.4000;0.0000;6.8165;0.0000;-780.4000;0.0000;6.8165;1.0000;0.0000;0.0000;0.0000;0.0000
934;572.77;779.1500;58116.8500;52372.7000;51593.5500;89.9819;0.0458;0.0000;-779.1500;0.0000;6.8165;0.0000;-779.1500;0.0000;6.8165;1.0000;0.0000;0.0000;0.0000;0.0000
935;573.09;787.6500;57989.7500;52462.8000;51675.1500;90.3379;0.0441;0.0000;-787.6500;0.0000;6.8165;0.0000;-787.6500;0.0000;6.8165;1.0000;0.0000;0.0000;0.0000;0.0000
936;573.41;789.1500;57936.9000;52777.9500;51988.8000;90.9726;0.0411;0.0000;-789.1500;0.0000;6.8165;0.0000;-789.1500;0.0000;6.8165;1.0000;0.0000;0.0000;0.0000;0.0000
937;573.73;796.5500;57213.1500;52638.1500;51841.6000;91.8907;0.0367;0.0000;-796.5500;0.0000;6.8165;0.0000;-796.5500;0.0000;6.8165;1.0000;0.0000;0.0000;0.0000;0.0000
938;574.05;803.5500;57253.7500;52364.9500;51561.4000;91.3396;0.0393;0.0000;-803.5500;0.0000;6.8165;0.0000;-803.5500;0.0000;6.8165;1.0000;0.0000;0.0000;0.0000;0.0000
939;574.37;793.3000;57488.8000;52361.4000;51568.1000;90.9562;0.0412;0.0000;-793.3000;0.0000;6.8165;0.0000;-793.3000;0.0000;6.8165;1.0000;0.0000;0.0000;0.0000;0.0000
940;574.69;799.8000;57361.9500;52228.5500;51428.7500;90.9243;0.0413;0.0000;-799.8000;0.0000;6.8165;0.0000;-799.8000;0.0000;6.8165;1.0000;0.0000;0.0000;0.0000;0.0000
941;575.02;798.2500;57948.0000;52501.3500;51703.1000;90.4695;0.0435;0.0000;-798.2500;0.0000;6.8165;0.0000;-798.2500;0.0000;6.8165;1.0000;0.0000;0.0000;0.0000;0.0000
942;575.34;791.3500;58003.7500;52749.0000;51957.6500;90.8154;0.0418;0.0000;-791.3500;0.0000;6.8165;0.0000;-791.3500;0.0000;6.8165;1.0000;0.0000;0.0000;0.0000;0.0000
943;575.66;794.6000;57735.6000;53051.3000;52256.7000;91.7734;0.0373;0.0000;-794.6000;0.0000;6.8165;0.0000;-794.6000;0.0000;6.8165;1.0000;0.0000;0.0000;0.0000;0.0000
944;575.98;802.9500;58247.6000;52962.6500;52159.7000;90.7999;0.0419;0.0000;-802.9500;0.0000;6.8165;0.0000;-802.9500;0.0000;6.8165;1.0000;0.0000;0.0000;0.0000;0.0000
945;576.30;807.0500;58163.4000;52769.3500;51962.3000;90.5955;0.0429;0.0000;-807.0500;0.0000;6.8165;0.0000;-807.0500;0.0000;6.8165;1.0000;0.0000;0.0000;0.0000;0.0000
946;576.62;799.8000;57624.9000;52452.1000;51652.3000;90.8970;0.0415;0.0000;-799.8000;0.0000;6.8165;0.0000;-799.8000;0.0000;6.8165;1.0000;0.0000;0.0000;0.0000;0.0000
947;576.94;788.0500;58025.9000;52728.1000;51940.0500;90.7442;0.0422;0.0000;-788.0500;0.0000;6.8165;0.0000;-788.0500;0.0000;6.8165;1.0000;0.0000;0.0000;0.0000;0.0000
948;577.26;790.8500;58113.9500;52092.2500;51301.4000;89.4952;0.0482;0.0000;-790.8500;0.0000;6.8165;0.0000;-790.8500;0.0000;6.8165;1.0000;0.0000;0.0000;0.0000;0.0000
949;577.58;785.3000;57700.8000;51842.2500;51056.9500;89.7066;0.0472;0.0000;-785.3000;0.0000;6.8165;0.0000;-785.3000;0.0000;6.8165;1.0000;0.0000;0.0000;0.0000;0.0000
950;577.90;791.5500;57361.5500;51769.7500;50978.2000;90.1153;0.0452;0.0000;-791.5500;0.0000;6.8165;0.0000;-791.5500;0.0000;6.8165;1.0000;0.0000;0.0000;0.0000;0.0000
951;578.22;780.8000;57568.5000;52087.0000;51306.2000;90.3474;0.0441;0.0000;-780.8000;0.0000;6.8165;0.0000;-780.8000;0.0000;6.8165;1.0000;0.0000;0.0000;0.0000;0.0000
952;578.54;794.1500;57198.6000;51857.3500;51063.2000;90.5304;0.0432;0.0000;-794.1500;0.0000;6.8165;0.0000;-794.1500;0.0000;6.8165;1.0000;0.0000;0.0000;0.0000;0.0000
953;578.86;806.7000;56484.0500;51417.4500;50610.7500;90.9001;0.0414;0.0000;-806.7000;0.0000;6.8165;0.0000;-806.7000;0.0000;6.8165;1.0000;0.0000;0.0000;0.0000;0.0000
954;579.18;799.0000;56974.0500;51081.2500;50282.2500;89.5099;0.0481;0.0000;-799.0000;0.0000;6.8165;0.0000;-799.0000;0.0000;6.8165;1.0000;0.0000;0.0000;0.0000;0.0000
955;579.50;799.9500;56736.6000;51036.6000;50236.6500;89.8099;0.0467;0.0000;-799.9500;0.0000;6.8165;0.0000;-799.9500;0.0000;6.8165;1.0000;0.0000;0.0000;0.0000;0.0000
956;579.82;797.2000;56375.1500;51239.4500;50442.2500;90.7595;0.0421;0.0000;-797.2000;0.0000;6.8165;0.0000;-797.2000;0.0000;6.8165;1.0000;0.0000;0.0000;0.0000;0.0000
957;580.14;784.7000;56166.4500;51507.1500;50722.4500;91.5869;0.0382;0.0000;-784.7000;0.0000;6.8165;0.0000;-784.7000;0.0000;6.8165;1.0000;0.0000;0.0000;0.0000;0.0000
958;580.46;792.9500;55944.9500;50970.9000;50177.9500;90.9812;0.0410;0.0000;-792.9500;0.0000;6.8165;0.0000;-792.9500;0.0000;6.8165;1.0000;0.0000;0.0000;0.0000;0.0000
959;580.78;798.3500;56915.4000;50870.7500;50072.4000;89.2285;0.0495;0.0000;-798.3500;0.0000;6.8165;0.0000;-798.3500;0.0000;6.8165;1.0000;0.0000;0.0000;0.0000;0.0000
960;581.10;801.7000;56297.1500;50469.1500;49667.4500;89.4982;0.0482;0.0000;-801.7000;0.0000;6.8165;0.0000;-801.7000;0.0000;6.8165;1.0000;0.0000;0.0000;0.0000;0.0000
961;581.42;787.4500;56313.5000;50630.4500;49843.0000;89.7651;0.0469;0.0000;-787.4500;0.0000;6.8165;0.0000;-787.4500;0.0000;6.8165;1.0000;0.0000;0.0000;0.0000;0.0000
962;581.73;799.8500;56198.4500;50519.5000;49719.6500;89.7489;0.0470;0.0000;-799.8500;0.0000;6.8165;0.0000;-799.8500;0.0000;6.8165;1.0000;0.0000;0.0000;0.0000;0.0000
963;582.05;777.6500;55809.1000;50504.5000;49726.8500;90.3608;0.0440;0.0000;-777.6500;0.0000;6.8165;0.0000;-777.6500;0.0000;6.8165;1.0000;0.0000;0.0000;0.0000;0.0000
964;582.37;772.9000;55846.4000;50224.3500;49451.4500;89.7917;0.0468;0.0000;-772.9000;0.0000;6.8165;0.0000;-772.9000;0.0000;6.8165;1.0000;0.0000;0.0000;0.0000;0.0000
965;582.69;779.8000;55735.4500;50128.4500;49348.6500;89.7972;0.0467;0.0000;-779.8000;0.0000;6.8165;0.0000;-779.8000;0.0000;6.8165;1.0000;0.0000;0.0000;0.0000;0.0000
966;583.01;791.7000;55932.3000;50247.8500;49456.1500;89.6910;0.0473;0.0000;-791.7000;0.0000;6.8165;0.0000;-791.7000;0.0000;6.8165;1.0000;0.0000;0.0000;0.0000;0.0000
967;583.33;786.7500;55517.2500;49804.3500;49017.6000;89.5618;0.0479;0.0000;-786.7500;0.0000;6.8165;0.0000;-786.7500;0.0000;6.8165;1.0000;0.0000;0.0000;0.0000;0.0000
968;583.65;803.3000;55569.6500;50268.5500;49465.2500;90.3205;0.0442;0.0000;-803.3000;0.0000;6.8165;0.0000;-803.3000;0.0000;6.8165;1.0000;0.0000;0.0000;0.0000;0.0000
969;583.96;787.2500;55269.8500;50095.0000;49307.7500;90.5018;0.0433;0.0000;-787.2500;0.0000;6.8165;0.0000;-787.2500;0.0000;6.8165;1.0000;0.0000;0.0000;0.0000;0.0000
970;584.28;795.3500;55304.2500;49687.4000;48892.0500;89.6955;0.0472;0.0000;-795.3500;0.0000;6.8165;0.0000;-795.3500;0.0000;6.8165;1.0000;0.0000;0.0000;0.0000;0.0000
971;584.60;787.2000;55733.2000;49178.1000;48390.9000;88.0699;0.0552;0.0000;-787.2000;0.0000;6.8165;0.0000;-787.2000;0.0000;6.8165;1.0000;0.0000;0.0000;0.0000;0.0000
972;584.92;797.1500;55559.3000;49059.0500;48261.9000;88.1300;0.0549;0.0000;-797.1500;0.0000;6.8165;0.0000;-797.1500;0.0000;6.8165;1.0000;0.0000;0.0000;0.0000;0.0000
973;585.24;794.6000;55178.4000;49364.5000;48569.9000;89.3095;0.0491;0.0000;-794.6000;0.0000;6.8165;0.0000;-794.6000;0.0000;6.8165;1.0000;0.0000;0.0000;0.0000;0.0000
974;585.55;792.8000;55190.9000;49862.4000;49069.6000;90.2046;0.0448;0.0000;-792.8000;0.0000;6.8165;0.0000;-792.8000;0.0000;6.8165;1.0000;0.0000;0.0000;0.0000;0.0000
975;585.87;793.1000;55302.3000;49547.7500;48754.6500;89.4430;0.0485;0.0000;-793.1000;0.0000;6.8165;0.0000;-793.1000;0.0000;6.8165;1.0000;0.0000;0.0000;0.0000;0.0000
976;586.19;794.7000;55480.2000;49088.5500;48293.8500;88.3120;0.0540;0.0000;-794.7000;0.0000;6.8165;0.0000;-794.7000;0.0000;6.8165;1.0000;0.0000;0.0000;0.0000;0.0000
977;586.51;804.4000;55600.3500;48998.5000;48194.1000;87.9519;0.0558;0.0000;-804.4000;0.0000;6.8165;0.0000;-804.4000;0.0000;6.8165;1.0000;0.0000;0.0000;0.0000;0.0000
978;586.83;803.7000;55405.5000;49196.3500;48392.6500;88.6283;0.0524;0.0000;-803.7000;0.0000;6.8165;0.0000;-803.7000;0.0000;6.8165;1.0000;0.0000;0.0000;0.0000;0.0000
979;587.14;794.1000;54879.7000;49078.6000;48284.5000;89.2742;0.0493;0.0000;-794.1000;0.0000;6.8165;0.0000;-794.1000;0.0000;6.8165;1.0000;0.0000;0.0000;0.0000;0.0000
980;587.46;795.9500;54660.6000;48454.5500;47658.6000;88.4784;0.0532;0.0000;-795.9500;0.0000;6.8165;0.0000;-795.9500;0.0000;6.8165;1.0000;0.0000;0.0000;0.0000;0.0000
981;587.78;799.4500;54900.3000;47869.3000;47069.8500;87.0039;0.0605;0.0000;-799.4500;0.0000;6.8165;0.0000;-799.4500;0.0000;6.8165;1.0000;0.0000;0.0000;0.0000;0.0000
982;588.09;808.1500;54721.0500;48118.8500;47310.7000;87.7540;0.0567;0.0000;-808.1500;0.0000;6.8165;0.0000;-808.1500;0.0000;6.8165;1.0000;0.0000;0.0000;0.0000;0.0000
983;588.41;784.1500;54915.9000;48425.6000;47641.4500;88.0102;0.0555;0.0000;-784.1500;0.0000;6.8165;0.0000;-784.1500;0.0000;6.8165;1.0000;0.0000;0.0000;0.0000;0.0000
984;588.73;801.0500;55126.5000;48599.1000;47798.0500;87.9846;0.0556;0.0000;-801.0500;0.0000;6.8165;0.0000;-801.0500;0.0000;6.8165;1.0000;0.0000;0.0000;0.0000;0.0000
985;589.04;792.6000;54597.2000;48463.4000;47670.8000;88.5999;0.0526;0.0000;-792.6000;0.0000;6.8165;0.0000;-792.6000;0.0000;6.8165;1.0000;0.0000;0.0000;0.0000;0.0000
986;589.36;804.5000;55142.3000;48840.9000;48036.4000;88.4033;0.0535;0.0000;-804.5000;0.0000;6.8165;0.0000;-804.5000;0.0000;6.8165;1.0000;0.0000;0.0000;0.0000;0.0000
987;589.68;789.2000;55527.4000;48606.1500;47816.9500;87.3557;0.0587;0.0000;-789.2000;0.0000;6.8165;0.0000;-789.2000;0.0000;6.8165;1.0000;0.0000;0.0000;0.0000;0.0000
988;589.99;799.3000;55191.5500;48411.4000;47612.1000;87.5347;0.0578;0.0000;-799.3000;0.0000;6.8165;0.0000;-799.3000;0.0000;6.8165;1.0000;0.0000;0.0000;0.0000;0.0000
989;590.31;784.2000;55509.0000;48522.2000;47738.0000;87.2328;0.0593;0.0000;-784.2000;0.0000;6.8165;0.0000;-784.2000;0.0000;6.8165;1.0000;0.0000;0.0000;0.0000;0.0000
990;590.63;797.7500;55156.5000;47276.8000;46479.0500;85.5043;0.0680;0.0000;-797.7500;0.0000;6.8165;0.0000;-797.7500;0.0000;6.8165;1.0000;0.0000;0.0000;0.0000;0.0000
991;590.94;794.4500;55600.2500;47510.3500;46715.9000;85.2390;0.0694;0.0000;-794.4500;0.0000;6.8165;0.0000;-794.4500;0.0000;6.8165;1.0000;0.0000;0.0000;0.0000;0.0000
992;591.26;778.6500;55678.2000;47667.1000;46888.4500;85.4077;0.0685;0.0000;-778.6500;0.0000;6.8165;0.0000;-778.6500;0.0000;6.8165;1.0000;0.0000;0.0000;0.0000;0.0000
993;591.58;774.0500;55465.1500;47091.8500;46317.8000;84.6898;0.0722;0.0000;-774.0500;0.0000;6.8165;0.0000;-774.0500;0.0000;6.8165;1.0000;0.0000;0.0000;0.0000;0.0000
994;591.89;782.9500;54630.8500;47121.7000;46338.7500;86.0549;0.0652;0.0000;-782.9500;0.0000;6.8165;0.0000;-782.9500;0.0000;6.8165;1.0000;0.0000;0.0000;0.0000;0.0000
995;592.21;796.4500;54397.7500;47664.1000;46867.6500;87.4375;0.0583;0.0000;-796.4500;0.0000;6.8165;0.0000;-796.4500;0.0000;6.8165;1.0000;0.0000;0.0000;0.0000;0.0000
996;592.52;803.2000;55181.4000;47910.1000;47106.9000;86.6283;0.0623;0.0000;-803.2000;0.0000;6.8165;0.0000;-803.2000;0.0000;6.8165;1.0000;0.0000;0.0000;0.0000;0.0000
997;592.84;791.4000;55027.9500;47813.2500;47021.8500;86.6977;0.0620;0.0000;-791.4000;0.0000;6.8165;0.0000;-791.4000;0.0000;6.8165;1.0000;0.0000;0.0000;0.0000;0.0000
998;593.15;781.3000;55103.0000;47638.9500;46857.6500;86.2595;0.0642;0.0000;-781.3000;0.0000;6.8165;0.0000;-781.3000;0.0000;6.8165;1.0000;0.0000;0.0000;0.0000;0.0000
999;593.47;789.7500;55239.1000;47584.2000;46794.4500;85.9412;0.0658;0.0000;-789.7500;0.0000;6.8165;0.0000;-789.7500;0.0000;6.8165;1.0000;0.0000;0.0000;0.0000;0.0000
1000;593.79;782.3500;54775.9000;47815.1500;47032.8000;87.1082;0.0599;0.0000;-782.3500;0.0000;6.8165;0.0000;-782.3500;0.0000;6.8165;1.0000;0.0000;0.0000;0.0000;0.0000
1001;594.10;802.3000;54676.3500;47450.5500;46648.2500;86.5876;0.0625;0.0000;-802.3000;0.0000;6.8165;0.0000;-802.3000;0.0000;6.8165;1.0000;0.0000;0.0000;0.0000;0.0000
1002;594.42;793.1000;55309.7500;47865.6000;47072.5000;86.3452;0.0638;0.0000;-793.1000;0.0000;6.8165;0.0000;-793.1000;0.0000;6.8165;1.0000;0.0000;0.0000;0.0000;0.0000
1003;594.73;795.5000;55171.1000;47949.2500;47153.7500;86.7186;0.0619;0.0000;-795.5000;0.0000;6.8165;0.0000;-795.5000;0.0000;6.8165;1.0000;0.0000;0.0000;0.0000;0.0000
1004;595.05;795.5500;55506.7000;47364.7000;46569.1500;85.1182;0.0700;0.0000;-795.5500;0.0000;6.8165;0.0000;-795.5500;0.0000;6.8165;1.0000;0.0000;0.0000;0.0000;0.0000
1005;595.36;800.0000;55898.4500;47327.9500;46527.9500;84.4451;0.0734;0.0000;-800.0000;0.0000;6.8165;0.0000;-800.0000;0.0000;6.8165;1.0000;0.0000;0.0000;0.0000;0.0000
1006;595.68;794.6500;56012.9500;47300.3000;46505.6500;84.2214;0.0746;0.0000;-794.6500;0.0000;6.8165;0.0000;-794.6500;0.0000;6.8165;1.0000;0.0000;0.0000;0.0000;0.0000
1007;595.99;803.2500;55630.5000;47096.9500;46293.7000;84.4356;0.0735;0.0000;-803.2500;0.0000;6.8165;0.0000;-803.2500;0.0000;6.8165;1.0000;0.0000;0.0000;0.0000;0.0000
1008;596.30;801.7000;55205.5000;46830.0000;46028.3000;84.6049;0.0726;0.0000;-801.7000;0.0000;6.8165;0.0000;-801.7000;0.0000;6.8165;1.0000;0.0000;0.0000;0.0000;0.0000
1009;596.62;806.4000;55820.9000;46421.2500;45614.8500;82.9142;0.0814;0.0000;-806.4000;0.0000;6.8165;0.0000;-806.4000;0.0000;6.8165;1.0000;0.0000;0.0000;0.0000;0.0000
1010;596.93;785.0000;55898.0500;46225.4500;45440.4500;82.4495;0.0838;0.0000;-785.0000;0.0000;6.8165;0.0000;-785.0000;0.0000;6.8165;1.0000;0.0000;0.0000;0.0000;0.0000
1011;597.25;794.1000;55660.1000;46361.8500;45567.7500;83.0528;0.0806;0.0000;-794.1000;0.0000;6.8165;0.0000;-794.1000;0.0000;6.8165;1.0000;0.0000;0.0000;0.0000;0.0000
1012;597.56;791.1500;55301.7000;46278.5500;45487.4000;83.4470;0.0786;0.0000;-791.1500;0.0000;6.8165;0.0000;-791.1500;0.0000;6.8165;1.0000;0.0000;0.0000;0.0000;0.0000
1013;597.88;792.5500;55367.3000;46392.6500;45600.1000;83.5553;0.0780;0.0000;-792.5500;0.0000;6.8165;0.0000;-792.5500;0.0000;6.8165;1.0000;0.0000;0.0000;0.0000;0.0000
1014;598.19;795.3500;55728.4000;46364.5000;45569.1500;82.9540;0.0812;0.0000;-795.3500;0.0000;6.8165;0.0000;-795.3500;0.0000;6.8165;1.0000;0.0000;0.0000;0.0000;0.0000
1015;598.50;787.1000;55978.9500;46420.0000;45632.9000;82.6805;0.0826;0.0000;-787.1000;0.0000;6.8165;0.0000;-787.1000;0.0000;6.8165;1.0000;0.0000;0.0000;0.0000;0.0000
1016;598.82;786.8500;56264.4000;46441.4500;45654.6000;82.2938;0.0846;0.0000;-786.8500;0.0000;6.8165;0.0000;-786.8500;0.0000;6.8165;1.0000;0.0000;0.0000;0.0000;0.0000
1017;599.13;791.4000;56077.8000;46204.8000;45413.4000;82.1421;0.0854;0.0000;-791.4000;0.0000;6.8165;0.0000;-791.4000;0.0000;6.8165;1.0000;0.0000;0.0000;0.0000;0.0000
1018;599.45;794.5500;56289.0500;46310.1000;45515.5500;82.0181;0.0861;0.0000;-794.5500;0.0000;6.8165;0.0000;-794.5500;0.0000;6.8165;1.0000;0.0000;0.0000;0.0000;0.0000
1019;599.76;799.5500;55231.6000;45814.9500;45015.4000;82.7002;0.0825;0.0000;-799.5500;0.0000;6.8165;0.0000;-799.5500;0.0000;6.8165;1.0000;0.0000;0.0000;0.0000;0.0000
1020;600.07;794.4000;55560.8500;45950.9500;45156.5500;82.4529;0.0838;0.0000;-794.4000;0.0000;6.8165;0.0000;-794.4000;0.0000;6.8165;1.0000;0.0000;0.0000;0.0000;0.0000
1021;600.39;791.6000;56174.2500;45421.7000;44630.1000;80.5850;0.0937;0.0000;-791.6000;0.0000;6.8165;0.0000;-791.6000;0.0000;6.8165;1.0000;0.0000;0.0000;0.0000;0.0000
1022;600.70;798.8500;56218.7000;45045.2500;44246.4000;79.8385;0.0978;0.0000;-798.8500;0.0000;6.8165;0.0000;-798.8500;0.0000;6.8165;1.0000;0.0000;0.0000;0.0000;0.0000
1023;601.01;796.3000;55940.8500;45573.0500;44776.7500;81.1989;0.0905;0.0000;-796.3000;0.0000;6.8165;0.0000;-796.3000;0.0000;6.8165;1.0000;0.0000;0.0000;0.0000;0.0000
1024;601.33;790.2000;55894.8500;45328.5000;44538.3000;80.8249;0.0925;0.0000;-790.2000;0.0000;6.8165;0.0000;-790.2000;0.0000;6.8165;1.0000;0.0000;0.0000;0.0000;0.0000
1025;601.64;795.7500;55574.8500;45296.0500;44500.3000;81.2359;0.0903;0.0000;-795.7500;0.0000;6.8165;0.0000;-795.7500;0.0000;6.8165;1.0000;0.0000;0.0000;0.0000;0.0000
1026;601.95;783.3000;56039.9000;45652.3500;44869.0500;81.2013;0.0904;0.0000;-783.3000;0.0000;6.8165;0.0000;-783.3000;0.0000;6.8165;1.0000;0.0000;0.0000;0.0000;0.0000
1027;602.26;787.5000;56041.2000;45469.0000;44681.5000;80.8661;0.0922;0.0000;-787.5000;0.0000;6.8165;0.0000;-787.5000;0.0000;6.8165;1.0000;0.0000;0.0000;0.0000;0.0000
1028;602.58;780.4500;56106.0500;44665.0500;43884.6000;79.3206;0.1006;0.0000;-780.4500;0.0000;6.8165;0.0000;-780.4500;0.0000;6.8165;1.0000;0.0000;0.0000;0.0000;0.0000
1029;602.89;777.3000;56489.8000;44182.1500;43404.8500;77.9086;0.1084;0.0000;-777.3000;0.0000;6.8165;0.0000;-777.3000;0.0000;6.8165;1.0000;0.0000;0.0000;0.0000;0.0000
1030;603.20;802.5000;56547.4000;44545.7000;43743.2000;78.4703;0.1053;0.0000;-802.5000;0.0000;6.8165;0.0000;-802.5000;0.0000;6.8165;1.0000;0.0000;0.0000;0.0000;0.0000
1031;603.51;796.6000;56221.0500;44510.5500;43713.9500;78.8712;0.1031;0.0000;-796.6000;0.0000;6.8165;0.0000;-796.6000;0.0000;6.8165;1.0000;0.0000;0.0000;0.0000;0.0000
1032;603.83;804.3000;56709.9500;44625.9000;43821.6000;78.3849;0.1058;0.0000;-804.3000;0.0000;6.8165;0.0000;-804.3000;0.0000;6.8165;1.0000;0.0000;0.0000;0.0000;0.0000
1033;604.14;793.3500;56999.3000;44835.6500;44042.3000;78.3588;0.1059;0.0000;-793.3500;0.0000;6.8165;0.0000;-793.3500;0.0000;6.8165;1.0000;0.0000;0.0000;0.0000;0.0000
1034;604.45;787.7000;56518.1000;44486.6000;43698.9000;78.4112;0.1056;0.0000;-787.7000;0.0000;6.8165;0.0000;-787.7000;0.0000;6.8165;1.0000;0.0000;0.0000;0.0000;0.0000
1035;604.76;789.4000;56575.1500;44022.7000;43233.3000;77.4988;0.1107;0.0000;-789.4000;0.0000;6.8165;0.0000;-789.4000;0.0000;6.8165;1.0000;0.0000;0.0000;0.0000;0.0000
1036;605.07;800.0500;56385.0500;44153.5500;43353.5000;77.9950;0.1079;0.0000;-800.0500;0.0000;6.8165;0.0000;-800.0500;0.0000;6.8165;1.0000;0.0000;0.0000;0.0000;0.0000
1037;605.39;790.5500;56179.6500;44396.1500;43605.6000;78.7260;0.1039;0.0000;-790.5500;0.0000;6.8165;0.0000;-790.5500;0.0000;6.8165;1.0000;0.0000;0.0000;0.0000;0.0000
1038;605.70;806.3500;56294.3500;44267.0000;43460.6500;78.3244;0.1061;0.0000;-806.3500;0.0000;6.8165;0.0000;-806.3500;0.0000;6.8165;1.0000;0.0000;0.0000;0.0000;0.0000
1039;606.01;787.6000;56394.7000;43934.6000;43147.0000;77.5926;0.1102;0.0000;-787.6000;0.0000;6.8165;0.0000;-787.6000;0.0000;6.8165;1.0000;0.0000;0.0000;0.0000;0.0000
1040;606.32;793.7000;56543.3000;43936.7500;43143.0500;77.3872;0.1113;0.0000;-793.7000;0.0000;6.8165;0.0000;-793.7000;0.0000;6.8165;1.0000;0.0000;0.0000;0.0000;0.0000
1041;606.63;791.3500;56122.0500;43605.9500;42814.6000;77.3795;0.1114;0.0000;-791.3500;0.0000;6.8165;0.0000;-791.3500;0.0000;6.8165;1.0000;0.0000;0.0000;0.0000;0.0000
1042;606.94;794.0000;56199.2500;43745.6000;42951.6000;77.5226;0.1106;0.0000;-794.0000;0.0000;6.8165;0.0000;-794.0000;0.0000;6.8165;1.0000;0.0000;0.0000;0.0000;0.0000
1043;607.26;788.7000;55964.9000;43752.4000;42963.7000;77.8664;0.1087;0.0000;-788.7000;0.0000;6.8165;0.0000;-788.7000;0.0000;6.8165;1.0000;0.0000;0.0000;0.0000;0.0000
1044;607.57;808.2500;56463.3000;43579.1500;42770.9000;76.8500;0.1144;0.0000;-808.2500;0.0000;6.8165;0.0000;-808.2500;0.0000;6.8165;1.0000;0.0000;0.0000;0.0000;0.0000
1045;607.88;790.5000;56226.0500;43289.0500;42498.5500;76.6630;0.1154;0.0000;-790.5000;0.0000;6.8165;0.0000;-790.5000;0.0000;6.8165;1.0000;0.0000;0.0000;0.0000;0.0000
1046;608.19;798.3000;56742.3500;43526.5500;42728.2500;76.3768;0.1170;0.0000;-798.3000;0.0000;6.8165;0.0000;-798.3000;0.0000;6.8165;1.0000;0.0000;0.0000;0.0000;0.0000
1047;608.50;798.1500;57167.3500;43259.7500;42461.6000;75.3277;0.1230;0.0000;-798.1500;0.0000;6.8165;0.0000;-798.1500;0.0000;6.8165;1.0000;0.0000;0.0000;0.0000;0.0000
1048;608.81;786.2000;57055.3000;42825.1000;42038.9000;74.7105;0.1266;0.0000;-786.2000;0.0000;6.8165;0.0000;-786.2000;0.0000;6.8165;1.0000;0.0000;0.0000;0.0000;0.0000
1049;609.12;791.4000;56456.5500;42594.1000;41802.7000;75.0967;0.1244;0.0000;-791.4000;0.0000;6.8165;0.0000;-791.4000;0.0000;6.8165;1.0000;0.0000;0.0000;0.0000;0.0000
1050;609.43;788.7000;56324.0000;42822.5500;42033.8500;75.6885;0.1210;0.0000;-788.7000;0.0000;6.8165;0.0000;-788.7000;0.0000;6.8165;1.0000;0.0000;0.0000;0.0000;0.0000
1051;609.74;783.9000;56057.1500;42863.6500;42079.7500;76.1304;0.1184;0.0000;-783.9000;0.0000;6.8165;0.0000;-783.9000;0.0000;6.8165;1.0000;0.0000;0.0000;0.0000;0.0000
1052;610.05;794.3000;57029.8500;42999.1000;42204.8000;75.0500;0.1246;0.0000;-794.3000;0.0000;6.8165;0.0000;-794.3000;0.0000;6.8165;1.0000;0.0000;0.0000;0.0000;0.0000
1053;610.36;789.3500;56999.4000;42332.7500;41543.4000;73.9074;0.1313;0.0000;-789.3500;0.0000;6.8165;0.0000;-789.3500;0.0000;6.8165;1.0000;0.0000;0.0000;0.0000;0.0000
1054;610.67;775.0000;56755.5500;41842.9000;41067.9000;73.3610;0.1345;0.0000;-775.0000;0.0000;6.8165;0.0000;-775.0000;0.0000;6.8165;1.0000;0.0000;0.0000;0.0000;0.0000
1055;610.98;786.2000;57325.0500;41835.1000;41048.9000;72.6030;0.1390;0.0000;-786.2000;0.0000;6.8165;0.0000;-786.2000;0.0000;6.8165;1.0000;0.0000;0.0000;0.0000;0.0000
1056;611.29;787.3500;57289.6500;41926.9500;41139.6000;72.8105;0.1378;0.0000;-787.3500;0.0000;6.8165;0.0000;-787.3500;0.0000;6.8165;1.0000;0.0000;0.0000;0.0000;0.0000
1057;611.60;782.5000;56903.6000;41886.6000;41104.1000;73.2418;0.1352;0.0000;-782.5000;0.0000;6.8165;0.0000;-782.5000;0.0000;6.8165;1.0000;0.0000;0.0000;0.0000;0.0000
1058;611.91;788.3500;57161.7500;42099.6000;41311.2500;73.2815;0.1350;0.0000;-788.3500;0.0000;6.8165;0.0000;-788.3500;0.0000;6.8165;1.0000;0.0000;0.0000;0.0000;0.0000
1059;612.22;786.4000;56803.9000;41909.3000;41122.9000;73.4108;0.1342;0.0000;-786.4000;0.0000;6.8165;0.0000;-786.4000;0.0000;6.8165;1.0000;0.0000;0.0000;0.0000;0.0000
1060;612.53;783.7500;56602.1000;41505.4500;40721.7000;72.9540;0.1370;0.0000;-783.7500;0.0000;6.8165;0.0000;-783.7500;0.0000;6.8165;1.0000;0.0000;0.0000;0.0000;0.0000
1061;612.84;792.1500;57147.6000;41325.7500;40533.6000;71.9249;0.1431;0.0000;-792.1500;0.0000;6.8165;0.0000;-792.1500;0.0000;6.8165;1.0000;0.0000;0.0000;0.0000;0.0000
1062;613.15;802.2000;57434.8500;41396.8000;40594.6000;71.6806;0.1446;0.0000;-802.2000;0.0000;6.8165;0.0000;-802.2000;0.0000;6.8165;1.0000;0.0000;0.0000;0.0000;0.0000
1063;613.46;785.3000;57361.1500;41172.5500;40387.2500;71.3860;0.1464;0.0000;-785.3000;0.0000;6.8165;0.0000;-785.3000;0.0000;6.8165;1.0000;0.0000;0.0000;0.0000;0.0000
1064;613.77;782.0500;57341.8500;41104.5500;40322.5000;71.2918;0.1470;0.0000;-782.0500;0.0000;6.8165;0.0000;-782.0500;0.0000;6.8165;1.0000;0.0000;0.0000;0.0000;0.0000
1065;614.08;789.0000;57274.9500;41020.8000;40231.8000;71.2244;0.1474;0.0000;-789.0000;0.0000;6.8165;0.0000;-789.0000;0.0000;6.8165;1.0000;0.0000;0.0000;0.0000;0.0000
1066;614.39;793.3500;57057.7000;41186.1500;40392.8000;71.7911;0.1439;0.0000;-793.3500;0.0000;6.8165;0.0000;-793.3500;0.0000;6.8165;1.0000;0.0000;0.0000;0.0000;0.0000
1067;614.70;810.2000;57016.3000;41043.5000;40233.3000;71.5817;0.1452;0.0000;-810.2000;0.0000;6.8165;0.0000;-810.2000;0.0000;6.8165;1.0000;0.0000;0.0000;0.0000;0.0000
1068;615.00;796.3500;57794.3500;41052.6000;40256.2500;70.6275;0.1510;0.0000;-796.3500;0.0000;6.8165;0.0000;-796.3500;0.0000;6.8165;1.0000;0.0000;0.0000;0.0000;0.0000
1069;615.31;789.0000;57685.4000;41361.1500;40572.1500;71.3088;0.1469;0.0000;-789.0000;0.0000;6.8165;0.0000;-789.0000;0.0000;6.8165;1.0000;0.0000;0.0000;0.0000;0.0000
1070;615.62;778.2000;57446.6500;41142.6500;40364.4500;71.2291;0.1473;0.0000;-778.2000;0.0000;6.8165;0.0000;-778.2000;0.0000;6.8165;1.0000;0.0000;0.0000;0.0000;0.0000
1071;615.93;776.8500;57705.0500;41027.2500;40250.4000;70.7038;0.1506;0.0000;-776.8500;0.0000;6.8165;0.0000;-776.8500;0.0000;6.8165;1.0000;0.0000;0.0000;0.0000;0.0000
1072;616.24;801.2500;57597.5500;40635.4500;39834.2000;70.1352;0.1541;0.0000;-801.2500;0.0000;6.8165;0.0000;-801.2500;0.0000;6.8165;1.0000;0.0000;0.0000;0.0000;0.0000
1073;616.55;798.0500;57210.1000;40590.0000;39791.9500;70.5380;0.1516;0.0000;-798.0500;0.0000;6.8165;0.0000;-798.0500;0.0000;6.8165;1.0000;0.0000;0.0000;0.0000;0.0000
1074;616.86;783.4000;57335.3500;40810.7000;40027.3000;70.7797;0.1501;0.0000;-783.4000;0.0000;6.8165;0.0000;-783.4000;0.0000;6.8165;1.0000;0.0000;0.0000;0.0000;0.0000
1075;617.16;800.0500;57063.5500;40650.3500;39850.3000;70.8280;0.1498;0.0000;-800.0500;0.0000;6.8165;0.0000;-800.0500;0.0000;6.8165;1.0000;0.0000;0.0000;0.0000;0.0000
1076;617.47;797.5500;56635.7500;40439.1000;39641.5500;70.9936;0.1488;0.0000;-797.5500;0.0000;6.8165;0.0000;-797.5500;0.0000;6.8165;1.0000;0.0000;0.0000;0.0000;0.0000
1077;617.78;778.7000;57264.2000;40543.2500;39764.5500;70.3978;0.1524;0.0000;-778.7000;0.0000;6.8165;0.0000;-778.7000;0.0000;6.8165;1.0000;0.0000;0.0000;0.0000;0.0000
1078;618.09;788.2500;57253.2500;40063.2500;39275.0000;69.5564;0.1577;0.0000;-788.2500;0.0000;6.8165;0.0000;-788.2500;0.0000;6.8165;1.0000;0.0000;0.0000;0.0000;0.0000
1079;618.40;786.4000;57278.5500;40195.4500;39409.0500;69.7602;0.1564;0.0000;-786.4000;0.0000;6.8165;0.0000;-786.4000;0.0000;6.8165;1.0000;0.0000;0.0000;0.0000;0.0000
1080;618.70;796.4500;57484.5500;39891.6000;39095.1500;68.9654;0.1614;0.0000;-796.4500;0.0000;6.8165;0.0000;-796.4500;0.0000;6.8165;1.0000;0.0000;0.0000;0.0000;0.0000
1081;619.01;776.3500;57533.8000;40066.4500;39290.1000;69.2246;0.1597;0.0000;-776.3500;0.0000;6.8165;0.0000;-776.3500;0.0000;6.8165;1.0000;0.0000;0.0000;0.0000;0.0000
1082;619.32;783.0000;57788.8500;40110.7000;39327.7000;68.9889;0.1612;0.0000;-783.0000;0.0000;6.8165;0.0000;-783.0000;0.0000;6.8165;1.0000;0.0000;0.0000;0.0000;0.0000
1083;619.63;800.0500;57571.9500;39779.8500;38979.8000;68.6604;0.1633;0.0000;-800.0500;0.0000;6.8165;0.0000;-800.0500;0.0000;6.8165;1.0000;0.0000;0.0000;0.0000;0.0000
1084;619.93;785.6000;57540.9500;39576.9000;38791.3000;68.3483;0.1653;0.0000;-785.6000;0.0000;6.8165;0.0000;-785.6000;0.0000;6.8165;1.0000;0.0000;0.0000;0.0000;0.0000
1085;620.24;800.9000;57842.5000;39682.3000;38881.4000;68.1632;0.1664;0.0000;-800.9000;0.0000;6.8165;0.0000;-800.9000;0.0000;6.8165;1.0000;0.0000;0.0000;0.0000;0.0000
1086;620.55;778.8000;57694.3500;39523.9000;38745.1000;68.0747;0.1670;0.0000;-778.8000;0.0000;6.8165;0.0000;-778.8000;0.0000;6.8165;1.0000;0.0000;0.0000;0.0000;0.0000
1087;620.85;789.4500;58454.0500;39446.8500;38657.4000;67.0384;0.1737;0.0000;-789.4500;0.0000;6.8165;0.0000;-789.4500;0.0000;6.8165;1.0000;0.0000;0.0000;0.0000;0.0000
1088;621.16;792.6500;58389.9000;39372.4000;38579.7500;66.9819;0.1740;0.0000;-792.6500;0.0000;6.8165;0.0000;-792.6500;0.0000;6.8165;1.0000;0.0000;0.0000;0.0000;0.0000
1089;621.47;794.9000;57811.6000;39244.6500;38449.7500;67.4359;0.1711;0.0000;-794.9000;0.0000;6.8165;0.0000;-794.9000;0.0000;6.8165;1.0000;0.0000;0.0000;0.0000;0.0000
1090;621.77;797.1500;57470.4000;39514.9500;38717.8000;68.3176;0.1655;0.0000;-797.1500;0.0000;6.8165;0.0000;-797.1500;0.0000;6.8165;1.0000;0.0000;0.0000;0.0000;0.0000
1091;622.08;795.3500;57309.8000;39674.0500;38878.7000;68.7943;0.1624;0.0000;-795.3500;0.0000;6.8165;0.0000;-795.3500;0.0000;6.8165;1.0000;0.0000;0.0000;0.0000;0.0000
1092;622.39;797.4000;57083.2500;39155.6500;38358.2500;68.1490;0.1665;0.0000;-797.4000;0.0000;6.8165;0.0000;-797.4000;0.0000;6.8165;1.0000;0.0000;0.0000;0.0000;0.0000
1093;622.69;785.3000;57095.5500;39227.8500;38442.5500;68.2692;0.1658;0.0000;-785.3000;0.0000;6.8165;0.0000;-785.3000;0.0000;6.8165;1.0000;0.0000;0.0000;0.0000;0.0000
1094;623.00;789.6500;56817.9500;38819.9000;38030.2500;67.8769;0.1683;0.0000;-789.6500;0.0000;6.8165;0.0000;-789.6500;0.0000;6.8165;1.0000;0.0000;0.0000;0.0000;0.0000
1095;623.31;774.4500;56694.6000;39104.7000;38330.2500;68.5446;0.1640;0.0000;-774.4500;0.0000;6.8165;0.0000;-774.4500;0.0000;6.8165;1.0000;0.0000;0.0000;0.0000;0.0000
1096;623.61;788.3000;57073.6000;38968.8500;38180.5500;67.8340;0.1686;0.0000;-788.3000;0.0000;6.8165;0.0000;-788.3000;0.0000;6.8165;1.0000;0.0000;0.0000;0.0000;0.0000
1097;623.92;795.8000;56810.1500;38490.3500;37694.5500;67.2945;0.1720;0.0000;-795.8000;0.0000;6.8165;0.0000;-795.8000;0.0000;6.8165;1.0000;0.0000;0.0000;0.0000;0.0000
1098;624.22;788.8500;57188.9500;38444.7500;37655.9000;66.7657;0.1754;0.0000;-788.8500;0.0000;6.8165;0.0000;-788.8500;0.0000;6.8165;1.0000;0.0000;0.0000;0.0000;0.0000
1099;624.53;776.5500;57480.7500;38609.0000;37832.4500;66.7190;0.1758;0.0000;-776.5500;0.0000;6.8165;0.0000;-776.5500;0.0000;6.8165;1.0000;0.0000;0.0000;0.0000;0.0000
1100;624.84;778.5000;56815.4500;38546.8000;37768.3000;67.3989;0.1713;0.0000;-778.5000;0.0000;6.8165;0.0000;-778.5000;0.0000;6.8165;1.0000;0.0000;0.0000;0.0000;0.0000
1101;625.14;787.6000;56960.3000;38379.3500;37591.7500;66.9217;0.1744;0.0000;-787.6000;0.0000;6.8165;0.0000;-787.6000;0.0000;6.8165;1.0000;0.0000;0.0000;0.0000;0.0000
1102;625.45;783.2000;56584.3500;38203.7500;37420.5500;67.0605;0.1735;0.0000;-783.2000;0.0000;6.8165;0.0000;-783.2000;0.0000;6.8165;1.0000;0.0000;0.0000;0.0000;0.0000
1103;625.75;787.7500;56342.3500;37877.3000;37089.5500;66.7623;0.1755;0.0000;-787.7500;0.0000;6.8165;0.0000;-787.7500;0.0000;6.8165;1.0000;0.0000;0.0000;0.0000;0.0000
1104;626.06;802.5500;56577.4500;37646.1000;36843.5500;66.0576;0.1801;0.0000;-802.5500;0.0000;6.8165;0.0000;-802.5500;0.0000;6.8165;1.0000;0.0000;0.0000;0.0000;0.0000
1105;626.36;796.7500;56563.1500;37351.6500;36554.9000;65.5500;0.1834;0.0000;-796.7500;0.0000;6.8165;0.0000;-796.7500;0.0000;6.8165;1.0000;0.0000;0.0000;0.0000;0.0000
1106;626.67;778.2000;56998.6500;37191.3000;36413.1000;64.7684;0.1886;0.0000;-778.2000;0.0000;6.8165;0.0000;-778.2000;0.0000;6.8165;1.0000;0.0000;0.0000;0.0000;0.0000
1107;626.97;789.4000;56984.3000;37284.3500;36494.9500;64.9435;0.1875;0.0000;-789.4000;0.0000;6.8165;0.0000;-789.4000;0.0000;6.8165;1.0000;0.0000;0.0000;0.0000;0.0000
1108;627.28;801.6500;56415.2500;37221.0500;36419.4000;65.4865;0.1838;0.0000;-801.6500;0.0000;6.8165;0.0000;-801.6500;0.0000;6.8165;1.0000;0.0000;0.0000;0.0000;0.0000
1109;627.58;798.2000;56214.8500;37235.2000;36437.0000;65.7510;0.1821;0.0000;-798.2000;0.0000;6.8165;0.0000;-798.2000;0.0000;6.8165;1.0000;0.0000;0.0000;0.0000;0.0000
1110;627.89;790.0000;55423.1500;36924.5500;36134.5500;66.1403;0.1795;0.0000;-790.0000;0.0000;6.8165;0.0000;-790.0000;0.0000;6.8165;1.0000;0.0000;0.0000;0.0000;0.0000
1111;628.19;797.9000;55540.2500;36573.0000;35775.1000;65.3518;0.1847;0.0000;-797.9000;0.0000;6.8165;0.0000;-797.9000;0.0000;6.8165;1.0000;0.0000;0.0000;0.0000;0.0000
1112;628.50;783.7500;56629.0500;36917.4000;36133.6500;64.7031;0.1891;0.0000;-783.7500;0.0000;6.8165;0.0000;-783.7500;0.0000;6.8165;1.0000;0.0000;0.0000;0.0000;0.0000
1113;628.80;776.8000;56417.8000;36613.3500;35836.5500;64.4067;0.1911;0.0000;-776.8000;0.0000;6.8165;0.0000;-776.8000;0.0000;6.8165;1.0000;0.0000;0.0000;0.0000;0.0000
1114;629.11;790.6500;56301.1500;36404.9000;35614.2500;64.1577;0.1928;0.0000;-790.6500;0.0000;6.8165;0.0000;-790.6500;0.0000;6.8165;1.0000;0.0000;0.0000;0.0000;0.0000
1115;629.41;778.0000;56235.4000;36786.7000;36008.7000;64.9304;0.1876;0.0000;-778.0000;0.0000;6.8165;0.0000;-778.0000;0.0000;6.8165;1.0000;0.0000;0.0000;0.0000;0.0000
1116;629.71;792.7500;55640.8000;36759.1500;35966.4000;65.5746;0.1833;0.0000;-792.7500;0.0000;6.8165;0.0000;-792.7500;0.0000;6.8165;1.0000;0.0000;0.0000;0.0000;0.0000
1117;630.02;777.5000;54878.8500;36632.0000;35854.5000;66.2728;0.1787;0.0000;-777.5000;0.0000;6.8165;0.0000;-777.5000;0.0000;6.8165;1.0000;0.0000;0.0000;0.0000;0.0000
1118;630.32;787.3500;55193.5000;36428.1000;35640.7500;65.5087;0.1837;0.0000;-787.3500;0.0000;6.8165;0.0000;-787.3500;0.0000;6.8165;1.0000;0.0000;0.0000;0.0000;0.0000
1119;630.63;779.7500;56133.3000;36046.2500;35266.5000;63.7114;0.1958;0.0000;-779.7500;0.0000;6.8165;0.0000;-779.7500;0.0000;6.8165;1.0000;0.0000;0.0000;0.0000;0.0000
1120;630.93;789.3500;56832.2500;35950.9500;35161.6000;62.7405;0.2025;0.0000;-789.3500;0.0000;6.8165;0.0000;-789.3500;0.0000;6.8165;1.0000;0.0000;0.0000;0.0000;0.0000
1121;631.23;801.3000;55957.1500;35646.5000;34845.2000;63.1759;0.1994;0.0000;-801.3000;0.0000;6.8165;0.0000;-801.3000;0.0000;6.8165;1.0000;0.0000;0.0000;0.0000;0.0000
1122;631.54;803.5000;55703.8500;35655.7000;34852.2000;63.4827;0.1973;0.0000;-803.5000;0.0000;6.8165;0.0000;-803.5000;0.0000;6.8165;1.0000;0.0000;0.0000;0.0000;0.0000
1123;631.84;790.6500;55497.6500;35565.4500;34774.8000;63.5655;0.1968;0.0000;-790.6500;0.0000;6.8165;0.0000;-790.6500;0.0000;6.8165;1.0000;0.0000;0.0000;0.0000;0.0000
1124;632.14;783.1500;55029.1500;35510.3500;34727.2000;64.0180;0.1937;0.0000;-783.1500;0.0000;6.8165;0.0000;-783.1500;0.0000;6.8165;1.0000;0.0000;0.0000;0.0000;0.0000
1125;632.45;783.4000;55092.8500;35187.0500;34403.6500;63.3474;0.1983;0.0000;-783.4000;0.0000;6.8165;0.0000;-783.4000;0.0000;6.8165;1.0000;0.0000;0.0000;0.0000;0.0000
1126;632.75;799.2000;56024.9500;35167.4500;34368.2500;62.2323;0.2060;0.0000;-799.2000;0.0000;6.8165;0.0000;-799.2000;0.0000;6.8165;1.0000;0.0000;0.0000;0.0000;0.0000
1127;633.05;774.7500;55636.7000;34655.5500;33880.8000;61.7565;0.2093;0.0000;-774.7500;0.0000;6.8165;0.0000;-774.7500;0.0000;6.8165;1.0000;0.0000;0.0000;0.0000;0.0000
1128;633.36;794.4500;55822.7500;34372.2500;33577.8000;61.0191;0.2145;0.0000;-794.4500;0.0000;6.8165;0.0000;-794.4500;0.0000;6.8165;1.0000;0.0000;0.0000;0.0000;0.0000
1129;633.66;778.1500;55493.3500;34321.1500;33543.0000;61.3047;0.2125;0.0000;-778.1500;0.0000;6.8165;0.0000;-778.1500;0.0000;6.8165;1.0000;0.0000;0.0000;0.0000;0.0000
1130;633.96;787.0500;55369.4000;34432.3500;33645.3000;61.6414;0.2101;0.0000;-787.0500;0.0000;6.8165;0.0000;-787.0500;0.0000;6.8165;1.0000;0.0000;0.0000;0.0000;0.0000
1131;634.27;790.0000;55252.1000;34484.3000;33694.3000;61.8674;0.2085;0.0000;-790.0000;0.0000;6.8165;0.0000;-790.0000;0.0000;6.8165;1.0000;0.0000;0.0000;0.0000;0.0000
1132;634.57;784.6500;55256.1500;34427.8500;33643.2000;61.7629;0.2093;0.0000;-784.6500;0.0000;6.8165;0.0000;-784.6500;0.0000;6.8165;1.0000;0.0000;0.0000;0.0000;0.0000
1133;634.87;790.9000;54838.6000;34162.7500;33371.8500;61.7452;0.2094;0.0000;-790.9000;0.0000;6.8165;0.0000;-790.9000;0.0000;6.8165;1.0000;0.0000;0.0000;0.0000;0.0000
1134;635.17;780.3000;54608.5000;33973.9500;33193.6500;61.6659;0.2100;0.0000;-780.3000;0.0000;6.8165;0.0000;-780.3000;0.0000;6.8165;1.0000;0.0000;0.0000;0.0000;0.0000
1135;635.48;782.1000;54721.1500;33621.5500;32839.4500;60.8825;0.2155;0.0000;-782.1000;0.0000;6.8165;0.0000;-782.1000;0.0000;6.8165;1.0000;0.0000;0.0000;0.0000;0.0000
1136;635.78;782.0500;54950.5000;33708.6500;32926.6000;60.7856;0.2162;0.0000;-782.0500;0.0000;6.8165;0.0000;-782.0500;0.0000;6.8165;1.0000;0.0000;0.0000;0.0000;0.0000
1137;636.08;796.3000;54433.3500;33277.3500;32481.0500;60.5571;0.2178;0.0000;-796.3000;0.0000;6.8165;0.0000;-796.3000;0.0000;6.8165;1.0000;0.0000;0.0000;0.0000;0.0000
1138;636.38;791.3500;54089.9500;33476.9000;32685.5500;61.3253;0.2124;0.0000;-791.3500;0.0000;6.8165;0.0000;-791.3500;0.0000;6.8165;1.0000;0.0000;0.0000;0.0000;0.0000
1139;636.68;782.3500;53803.2500;33493.8500;32711.5000;61.6955;0.2097;0.0000;-782.3500;0.0000;6.8165;0.0000;-782.3500;0.0000;6.8165;1.0000;0.0000;0.0000;0.0000;0.0000
1140;636.99;783.2500;53942.3500;33424.4500;32641.2000;61.4028;0.2118;0.0000;-783.2500;0.0000;6.8165;0.0000;-783.2500;0.0000;6.8165;1.0000;0.0000;0.0000;0.0000;0.0000
1141;637.29;801.3500;54095.1000;33300.4000;32499.0500;60.9810;0.2148;0.0000;-801.3500;0.0000;6.8165;0.0000;-801.3500;0.0000;6.8165;1.0000;0.0000;0.0000;0.0000;0.0000
1142;637.59;800.2000;54681.8500;33561.9500;32761.7500;60.8032;0.2161;0.0000;-800.2000;0.0000;6.8165;0.0000;-800.2000;0.0000;6.8165;1.0000;0.0000;0.0000;0.0000;0.0000
1143;637.89;775.7500;54825.6500;33453.5500;32677.8000;60.4586;0.2185;0.0000;-775.7500;0.0000;6.8165;0.0000;-775.7500;0.0000;6.8165;1.0000;0.0000;0.0000;0.0000;0.0000
1144;638.19;785.2000;54898.3000;33478.2500;32693.0500;60.4161;0.2188;0.0000;-785.2000;0.0000;6.8165;0.0000;-785.2000;0.0000;6.8165;1.0000;0.0000;0.0000;0.0000;0.0000
1145;638.49;799.2500;54169.5000;33194.2500;32395.0000;60.6986;0.2168;0.0000;-799.2500;0.0000;6.8165;0.0000;-799.2500;0.0000;6.8165;1.0000;0.0000;0.0000;0.0000;0.0000
1146;638.80;794.9000;54311.1500;32954.4000;32159.5000;60.0930;0.2212;0.0000;-794.9000;0.0000;6.8165;0.0000;-794.9000;0.0000;6.8165;1.0000;0.0000;0.0000;0.0000;0.0000
1147;639.10;788.2500;54009.9000;32835.5000;32047.2500;60.2147;0.2203;0.0000;-788.2500;0.0000;6.8165;0.0000;-788.2500;0.0000;6.8165;1.0000;0.0000;0.0000;0.0000;0.0000
1148;639.40;786.8500;53534.3000;32599.7000;31812.8500;60.3116;0.2196;0.0000;-786.8500;0.0000;6.8165;0.0000;-786.8500;0.0000;6.8165;1.0000;0.0000;0.0000;0.0000;0.0000
1149;639.70;782.3500;53509.1500;32555.1000;31772.7500;60.2592;0.2200;0.0000;-782.3500;0.0000;6.8165;0.0000;-782.3500;0.0000;6.8165;1.0000;0.0000;0.0000;0.0000;0.0000
1150;640.00;784.2500;54325.8000;32488.0000;31703.7500;59.2134;0.2276;0.0000;-784.2500;0.0000;6.8165;0.0000;-784.2500;0.0000;6.8165;1.0000;0.0000;0.0000;0.0000;0.0000
1151;640.30;787.8000;54288.3500;32534.0000;31746.2000;59.3381;0.2267;0.0000;-787.8000;0.0000;6.8165;0.0000;-787.8000;0.0000;6.8165;1.0000;0.0000;0.0000;0.0000;0.0000
1152;640.60;796.0000;53991.8500;32403.0500;31607.0500;59.4164;0.2261;0.0000;-796.0000;0.0000;6.8165;0.0000;-796.0000;0.0000;6.8165;1.0000;0.0000;0.0000;0.0000;0.0000
1153;640.90;788.2500;54535.0000;32382.4500;31594.2000;58.7835;0.2307;0.0000;-788.2500;0.0000;6.8165;0.0000;-788.2500;0.0000;6.8165;1.0000;0.0000;0.0000;0.0000;0.0000
1154;641.20;783.0500;53960.8000;32332.0000;31548.9500;59.3274;0.2267;0.0000;-783.0500;0.0000;6.8165;0.0000;-783.0500;0.0000;6.8165;1.0000;0.0000;0.0000;0.0000;0.0000
1155;641.50;791.6500;53632.5500;32354.1500;31562.5000;59.7312;0.2238;0.0000;-791.6500;0.0000;6.8165;0.0000;-791.6500;0.0000;6.8165;1.0000;0.0000;0.0000;0.0000;0.0000
1156;641.80;793.2000;53285.7500;31847.8500;31054.6500;59.1601;0.2280;0.0000;-793.2000;0.0000;6.8165;0.0000;-793.2000;0.0000;6.8165;1.0000;0.0000;0.0000;0.0000;0.0000
1157;642.10;804.1000;53681.1500;31784.0500;30979.9500;58.5887;0.2322;0.0000;-804.1000;0.0000;6.8165;0.0000;-804.1000;0.0000;6.8165;1.0000;0.0000;0.0000;0.0000;0.0000
1158;642.40;783.3500;53329.5500;31933.4500;31150.1000;59.2814;0.2271;0.0000;-783.3500;0.0000;6.8165;0.0000;-783.3500;0.0000;6.8165;1.0000;0.0000;0.0000;0.0000;0.0000
1159;642.70;786.4500;53692.7000;32045.6500;31259.2000;59.0841;0.2285;0.0000;-786.4500;0.0000;6.8165;0.0000;-786.4500;0.0000;6.8165;1.0000;0.0000;0.0000;0.0000;0.0000
1160;643.00;793.9500;53214.1500;32000.0500;31206.1000;59.5307;0.2253;0.0000;-793.9500;0.0000;6.8165;0.0000;-793.9500;0.0000;6.8165;1.0000;0.0000;0.0000;0.0000;0.0000
1161;643.30;797.3500;52627.5000;31741.3000;30943.9500;59.7026;0.2240;0.0000;-797.3500;0.0000;6.8165;0.0000;-797.3500;0.0000;6.8165;1.0000;0.0000;0.0000;0.0000;0.0000
1162;643.60;784.9000;53028.6000;31394.1500;30609.2500;58.5894;0.2322;0.0000;-784.9000;0.0000;6.8165;0.0000;-784.9000;0.0000;6.8165;1.0000;0.0000;0.0000;0.0000;0.0000
1163;643.90;793.8000;53474.1500;31293.4500;30499.6500;57.8957;0.2374;0.0000;-793.8000;0.0000;6.8165;0.0000;-793.8000;0.0000;6.8165;1.0000;0.0000;0.0000;0.0000;0.0000
1164;644.20;788.8000;53976.7500;31425.3500;30636.5500;57.6005;0.2396;0.0000;-788.8000;0.0000;6.8165;0.0000;-788.8000;0.0000;6.8165;1.0000;0.0000;0.0000;0.0000;0.0000
1165;644.50;794.3000;53448.0500;30888.8000;30094.5000;57.1555;0.2429;0.0000;-794.3000;0.0000;6.8165;0.0000;-794.3000;0.0000;6.8165;1.0000;0.0000;0.0000;0.0000;0.0000
1166;644.80;780.6500;52871.7500;30863.1500;30082.5000;57.7498;0.2384;0.0000;-780.6500;0.0000;6.8165;0.0000;-780.6500;0.0000;6.8165;1.0000;0.0000;0.0000;0.0000;0.0000
1167;645.10;786.8500;52919.6000;30779.2000;29992.3500;57.5307;0.2401;0.0000;-786.8500;0.0000;6.8165;0.0000;-786.8500;0.0000;6.8165;1.0000;0.0000;0.0000;0.0000;0.0000
1168;645.40;790.4500;52022.2500;30912.4500;30122.0000;58.7955;0.2307;0.0000;-790.4500;0.0000;6.8165;0.0000;-790.4500;0.0000;6.8165;1.0000;0.0000;0.0000;0.0000;0.0000
1169;645.70;784.3500;52203.7500;31211.5000;30427.1500;59.1745;0.2279;0.0000;-784.3500;0.0000;6.8165;0.0000;-784.3500;0.0000;6.8165;1.0000;0.0000;0.0000;0.0000;0.0000
1170;646.00;774.0000;52268.7500;30922.6000;30148.6000;58.5469;0.2325;0.0000;-774.0000;0.0000;6.8165;0.0000;-774.0000;0.0000;6.8165;1.0000;0.0000;0.0000;0.0000;0.0000
1171;646.30;784.4000;52825.6000;30957.5000;30173.1000;57.9793;0.2367;0.0000;-784.4000;0.0000;6.8165;0.0000;-784.4000;0.0000;6.8165;1.0000;0.0000;0.0000;0.0000;0.0000
1172;646.59;787.5500;53242.8500;30737.5000;29949.9500;57.0961;0.2434;0.0000;-787.5500;0.0000;6.8165;0.0000;-787.5500;0.0000;6.8165;1.0000;0.0000;0.0000;0.0000;0.0000
1173;646.89;778.5000;53677.2500;30824.1500;30045.6500;56.7984;0.2457;0.0000;-778.5000;0.0000;6.8165;0.0000;-778.5000;0.0000;6.8165;1.0000;0.0000;0.0000;0.0000;0.0000
1174;647.19;795.8000;53506.3000;30649.4500;29853.6500;56.6370;0.2469;0.0000;-795.8000;0.0000;6.8165;0.0000;-795.8000;0.0000;6.8165;1.0000;0.0000;0.0000;0.0000;0.0000
1175;647.49;795.9000;53067.2000;30713.1000;29917.2000;57.2345;0.2423;0.0000;-795.9000;0.0000;6.8165;0.0000;-795.9000;0.0000;6.8165;1.0000;0.0000;0.0000;0.0000;0.0000
1176;647.79;778.0000;53106.9000;30846.4000;30068.4000;57.4604;0.2406;0.0000;-778.0000;0.0000;6.8165;0.0000;-778.0000;0.0000;6.8165;1.0000;0.0000;0.0000;0.0000;0.0000
1177;648.09;784.4500;52035.4000;30599.0500;29814.6000;58.1738;0.2353;0.0000;-784.4500;0.0000;6.8165;0.0000;-784.4500;0.0000;6.8165;1.0000;0.0000;0.0000;0.0000;0.0000
1178;648.39;780.3500;52574.9000;30780.9000;30000.5500;57.9222;0.2372;0.0000;-780.3500;0.0000;6.8165;0.0000;-780.3500;0.0000;6.8165;1.0000;0.0000;0.0000;0.0000;0.0000
1179;648.68;792.1500;53358.5500;30902.3000;30110.1500;57.2802;0.2420;0.0000;-792.1500;0.0000;6.8165;0.0000;-792.1500;0.0000;6.8165;1.0000;0.0000;0.0000;0.0000;0.0000
1180;648.98;810.9500;53140.8000;30648.2000;29837.2500;57.0176;0.2440;0.0000;-810.9500;0.0000;6.8165;0.0000;-810.9500;0.0000;6.8165;1.0000;0.0000;0.0000;0.0000;0.0000
1181;649.28;791.9000;53661.9000;30297.9500;29506.0500;55.8087;0.2533;0.0000;-791.9000;0.0000;6.8165;0.0000;-791.9000;0.0000;6.8165;1.0000;0.0000;0.0000;0.0000;0.0000
1182;649.58;775.2000;53391.0500;30326.7500;29551.5500;56.1647;0.2505;0.0000;-775.2000;0.0000;6.8165;0.0000;-775.2000;0.0000;6.8165;1.0000;0.0000;0.0000;0.0000;0.0000
1183;649.87;779.7000;52411.1000;30251.3000;29471.6000;57.0808;0.2435;0.0000;-779.7000;0.0000;6.8165;0.0000;-779.7000;0.0000;6.8165;1.0000;0.0000;0.0000;0.0000;0.0000
1184;650.17;788.1000;52025.5000;30246.0500;29457.9500;57.4931;0.2404;0.0000;-788.1000;0.0000;6.8165;0.0000;-788.1000;0.0000;6.8165;1.0000;0.0000;0.0000;0.0000;0.0000
1185;650.47;786.4500;52236.1000;30294.4000;29507.9500;57.3531;0.2414;0.0000;-786.4500;0.0000;6.8165;0.0000;-786.4500;0.0000;6.8165;1.0000;0.0000;0.0000;0.0000;0.0000
1186;650.77;777.0500;52216.2500;30078.5000;29301.4500;56.9633;0.2444;0.0000;-777.0500;0.0000;6.8165;0.0000;-777.0500;0.0000;6.8165;1.0000;0.0000;0.0000;0.0000;0.0000
1187;651.06;796.5000;52465.2500;29905.2000;29108.7000;56.3371;0.2492;0.0000;-796.5000;0.0000;6.8165;0.0000;-796.5000;0.0000;6.8165;1.0000;0.0000;0.0000;0.0000;0.0000
1188;651.36;802.2000;52119.5500;29480.1000;28677.9000;55.8834;0.2527;0.0000;-802.2000;0.0000;6.8165;0.0000;-802.2000;0.0000;6.8165;1.0000;0.0000;0.0000;0.0000;0.0000
1189;651.66;777.8000;52669.7000;29193.0500;28415.2500;54.7585;0.2615;0.0000;-777.8000;0.0000;6.8165;0.0000;-777.8000;0.0000;6.8165;1.0000;0.0000;0.0000;0.0000;0.0000
1190;651.96;786.3000;52936.6500;29128.3000;28342.0000;54.3467;0.2648;0.0000;-786.3000;0.0000;6.8165;0.0000;-786.3000;0.0000;6.8165;1.0000;0.0000;0.0000;0.0000;0.0000
1191;652.25;791.0000;52418.6500;28769.2500;27978.2500;54.1924;0.2661;0.0000;-791.0000;0.0000;6.8165;0.0000;-791.0000;0.0000;6.8165;1.0000;0.0000;0.0000;0.0000;0.0000
1192;652.55;793.0000;51909.3500;28907.3000;28114.3000;55.0006;0.2596;0.0000;-793.0000;0.0000;6.8165;0.0000;-793.0000;0.0000;6.8165;1.0000;0.0000;0.0000;0.0000;0.0000
1193;652.85;783.3500;51316.2000;28671.1000;27887.7500;55.1874;0.2582;0.0000;-783.3500;0.0000;6.8165;0.0000;-783.3500;0.0000;6.8165;1.0000;0.0000;0.0000;0.0000;0.0000
1194;653.14;791.3500;50520.5500;28427.6000;27636.2500;55.5735;0.2551;0.0000;-791.3500;0.0000;6.8165;0.0000;-791.3500;0.0000;6.8165;1.0000;0.0000;0.0000;0.0000;0.0000
1195;653.44;795.1000;50560.8500;28015.1000;27220.0000;54.6963;0.2620;0.0000;-795.1000;0.0000;6.8165;0.0000;-795.1000;0.0000;6.8165;1.0000;0.0000;0.0000;0.0000;0.0000
1196;653.74;787.0500;50583.4000;27833.9000;27046.8500;54.3149;0.2651;0.0000;-787.0500;0.0000;6.8165;0.0000;-787.0500;0.0000;6.8165;1.0000;0.0000;0.0000;0.0000;0.0000
1197;654.03;781.8500;51512.5000;27873.4000;27091.5500;53.4027;0.2724;0.0000;-781.8500;0.0000;6.8165;0.0000;-781.8500;0.0000;6.8165;1.0000;0.0000;0.0000;0.0000;0.0000
1198;654.33;792.4500;51424.3000;27799.4500;27007.0000;53.3399;0.2729;0.0000;-792.4500;0.0000;6.8165;0.0000;-792.4500;0.0000;6.8165;1.0000;0.0000;0.0000;0.0000;0.0000
1199;654.62;780.9000;50842.9500;27879.5500;27098.6500;54.1301;0.2666;0.0000;-780.9000;0.0000;6.8165;0.0000;-780.9000;0.0000;6.8165;1.0000;0.0000;0.0000;0.0000;0.0000
1200;654.92;779.6500;50684.4000;27990.1000;27210.4500;54.5248;0.2634;0.0000;-779.6500;0.0000;6.8165;0.0000;-779.6500;0.0000;6.8165;1.0000;0.0000;0.0000;0.0000;0.0000
1201;655.22;787.2000;49384.6500;27903.0000;27115.8000;55.7968;0.2534;0.0000;-787.2000;0.0000;6.8165;0.0000;-787.2000;0.0000;6.8165;1.0000;0.0000;0.0000;0.0000;0.0000
1202;655.51;798.7000;49650.5000;28146.2500;27347.5500;55.9806;0.2520;0.0000;-798.7000;0.0000;6.8165;0.0000;-798.7000;0.0000;6.8165;1.0000;0.0000;0.0000;0.0000;0.0000
1203;655.81;781.7500;49234.2000;27892.7000;27110.9500;55.9537;0.2522;0.0000;-781.7500;0.0000;6.8165;0.0000;-781.7500;0.0000;6.8165;1.0000;0.0000;0.0000;0.0000;0.0000
1204;656.10;792.4000;49643.5000;27550.5500;26758.1500;54.7749;0.2614;0.0000;-792.4000;0.0000;6.8165;0.0000;-792.4000;0.0000;6.8165;1.0000;0.0000;0.0000;0.0000;0.0000
1205;656.40;803.1500;49906.2500;27290.8000;26487.6500;53.9429;0.2681;0.0000;-803.1500;0.0000;6.8165;0.0000;-803.1500;0.0000;6.8165;1.0000;0.0000;0.0000;0.0000;0.0000
1206;656.69;789.7000;50388.1500;27329.7500;26540.0500;53.5098;0.2716;0.0000;-789.7000;0.0000;6.8165;0.0000;-789.7000;0.0000;6.8165;1.0000;0.0000;0.0000;0.0000;0.0000
1207;656.99;787.8500;50248.7500;27242.8500;26455.0000;53.4867;0.2718;0.0000;-787.8500;0.0000;6.8165;0.0000;-787.8500;0.0000;6.8165;1.0000;0.0000;0.0000;0.0000;0.0000
1208;657.29;782.7500;50214.2500;27081.8500;26299.1000;53.2031;0.2741;0.0000;-782.7500;0.0000;6.8165;0.0000;-782.7500;0.0000;6.8165;1.0000;0.0000;0.0000;0.0000;0.0000
1209;657.58;783.2500;49971.5500;26975.6000;26192.3500;53.2491;0.2737;0.0000;-783.2500;0.0000;6.8165;0.0000;-783.2500;0.0000;6.8165;1.0000;0.0000;0.0000;0.0000;0.0000
1210;657.88;803.3500;50127.3000;26917.7500;26114.4000;52.9447;0.2762;0.0000;-803.3500;0.0000;6.8165;0.0000;-803.3500;0.0000;6.8165;1.0000;0.0000;0.0000;0.0000;0.0000
1211;658.17;787.7000;49475.5000;26640.4000;25852.7000;53.0989;0.2749;0.0000;-787.7000;0.0000;6.8165;0.0000;-787.7000;0.0000;6.8165;1.0000;0.0000;0.0000;0.0000;0.0000
1212;658.47;779.0000;49332.1500;26567.2500;25788.2500;53.1134;0.2748;0.0000;-779.0000;0.0000;6.8165;0.0000;-779.0000;0.0000;6.8165;1.0000;0.0000;0.0000;0.0000;0.0000
1213;658.76;801.1000;49336.3500;26570.9000;25769.8000;53.0950;0.2749;0.0000;-801.1000;0.0000;6.8165;0.0000;-801.1000;0.0000;6.8165;1.0000;0.0000;0.0000;0.0000;0.0000
1214;659.05;797.5000;49568.2500;26722.2000;25924.7000;53.1562;0.2744;0.0000;-797.5000;0.0000;6.8165;0.0000;-797.5000;0.0000;6.8165;1.0000;0.0000;0.0000;0.0000;0.0000
1215;659.35;792.2500;49910.6500;26913.0000;26120.7500;53.1792;0.2743;0.0000;-792.2500;0.0000;6.8165;0.0000;-792.2500;0.0000;6.8165;1.0000;0.0000;0.0000;0.0000;0.0000
1216;659.64;805.5000;49497.6000;26726.0000;25920.5000;53.2335;0.2738;0.0000;-805.5000;0.0000;6.8165;0.0000;-805.5000;0.0000;6.8165;1.0000;0.0000;0.0000;0.0000;0.0000
1217;659.94;786.7500;49581.8000;26932.8500;26146.1000;53.5835;0.2710;0.0000;-786.7500;0.0000;6.8165;0.0000;-786.7500;0.0000;6.8165;1.0000;0.0000;0.0000;0.0000;0.0000
1218;660.23;785.4000;49267.0000;26736.9500;25951.5500;53.5287;0.2714;0.0000;-785.4000;0.0000;6.8165;0.0000;-785.4000;0.0000;6.8165;1.0000;0.0000;0.0000;0.0000;0.0000
1219;660.53;778.6500;48573.7000;26679.9500;25901.3000;54.1924;0.2661;0.0000;-778.6500;0.0000;6.8165;0.0000;-778.6500;0.0000;6.8165;1.0000;0.0000;0.0000;0.0000;0.0000
1220;660.82;796.5000;48932.5500;26626.9000;25830.4000;53.6612;0.2703;0.0000;-796.5000;0.0000;6.8165;0.0000;-796.5000;0.0000;6.8165;1.0000;0.0000;0.0000;0.0000;0.0000
1221;661.11;804.0000;49141.4000;26291.3000;25487.3000;52.7279;0.2780;0.0000;-804.0000;0.0000;6.8165;0.0000;-804.0000;0.0000;6.8165;1.0000;0.0000;0.0000;0.0000;0.0000
1222;661.41;789.0500;49546.5500;26300.0500;25511.0000;52.3222;0.2813;0.0000;-789.0500;0.0000;6.8165;0.0000;-789.0500;0.0000;6.8165;1.0000;0.0000;0.0000;0.0000;0.0000
1223;661.70;786.5500;49820.9500;26395.7000;25609.1500;52.2269;0.2821;0.0000;-786.5500;0.0000;6.8165;0.0000;-786.5500;0.0000;6.8165;1.0000;0.0000;0.0000;0.0000;0.0000
1224;662.00;788.8000;49648.2000;26366.6000;25577.8000;52.3498;0.2811;0.0000;-788.8000;0.0000;6.8165;0.0000;-788.8000;0.0000;6.8165;1.0000;0.0000;0.0000;0.0000;0.0000
1225;662.29;793.1500;49512.1000;26095.3500;25302.2000;51.9350;0.2845;0.0000;-793.1500;0.0000;6.8165;0.0000;-793.1500;0.0000;6.8165;1.0000;0.0000;0.0000;0.0000;0.0000
1226;662.58;802.4000;49084.4000;26151.8500;25349.4500;52.5029;0.2798;0.0000;-802.4000;0.0000;6.8165;0.0000;-802.4000;0.0000;6.8165;1.0000;0.0000;0.0000;0.0000;0.0000
1227;662.88;784.3500;48439.0000;26089.0000;25304.6500;53.1001;0.2749;0.0000;-784.3500;0.0000;6.8165;0.0000;-784.3500;0.0000;6.8165;1.0000;0.0000;0.0000;0.0000;0.0000
1228;663.17;790.7500;48375.5000;26124.0500;25333.3000;53.2383;0.2738;0.0000;-790.7500;0.0000;6.8165;0.0000;-790.7500;0.0000;6.8165;1.0000;0.0000;0.0000;0.0000;0.0000
1229;663.46;777.9000;48993.8000;25943.5000;25165.6000;52.1936;0.2824;0.0000;-777.9000;0.0000;6.8165;0.0000;-777.9000;0.0000;6.8165;1.0000;0.0000;0.0000;0.0000;0.0000
1230;663.76;784.7500;48612.3000;26051.6000;25266.8500;52.8291;0.2771;0.0000;-784.7500;0.0000;6.8165;0.0000;-784.7500;0.0000;6.8165;1.0000;0.0000;0.0000;0.0000;0.0000
1231;664.05;775.6500;48862.5500;25959.4500;25183.8000;52.3714;0.2809;0.0000;-775.6500;0.0000;6.8165;0.0000;-775.6500;0.0000;6.8165;1.0000;0.0000;0.0000;0.0000;0.0000
1232;664.34;777.2500;48956.0000;25574.5000;24797.2500;51.4693;0.2885;0.0000;-777.2500;0.0000;6.8165;0.0000;-777.2500;0.0000;6.8165;1.0000;0.0000;0.0000;0.0000;0.0000
1233;664.64;795.9000;49325.8500;25758.0500;24962.1500;51.4366;0.2887;0.0000;-795.9000;0.0000;6.8165;0.0000;-795.9000;0.0000;6.8165;1.0000;0.0000;0.0000;0.0000;0.0000
1234;664.93;790.0000;49418.4500;25941.1000;25151.1000;51.7210;0.2863;0.0000;-790.0000;0.0000;6.8165;0.0000;-790.0000;0.0000;6.8165;1.0000;0.0000;0.0000;0.0000;0.0000
1235;665.22;797.1000;48406.9500;25565.5500;24768.4500;52.0238;0.2838;0.0000;-797.1000;0.0000;6.8165;0.0000;-797.1000;0.0000;6.8165;1.0000;0.0000;0.0000;0.0000;0.0000
1236;665.51;794.4000;48509.5500;25776.6000;24982.2000;52.3570;0.2810;0.0000;-794.4000;0.0000;6.8165;0.0000;-794.4000;0.0000;6.8165;1.0000;0.0000;0.0000;0.0000;0.0000
1237;665.81;780.2000;48318.4000;25799.9500;25019.7500;52.6308;0.2788;0.0000;-780.2000;0.0000;6.8165;0.0000;-780.2000;0.0000;6.8165;1.0000;0.0000;0.0000;0.0000;0.0000
1238;666.10;779.9500;48218.6000;25579.1000;24799.1500;52.2763;0.2817;0.0000;-779.9500;0.0000;6.8165;0.0000;-779.9500;0.0000;6.8165;1.0000;0.0000;0.0000;0.0000;0.0000
1239;666.39;794.0500;48671.2500;25642.5500;24848.5000;51.9005;0.2848;0.0000;-794.0500;0.0000;6.8165;0.0000;-794.0500;0.0000;6.8165;1.0000;0.0000;0.0000;0.0000;0.0000
1240;666.68;781.6000;49748.9000;25715.5500;24933.9500;50.9196;0.2931;0.0000;-781.6000;0.0000;6.8165;0.0000;-781.6000;0.0000;6.8165;1.0000;0.0000;0.0000;0.0000;0.0000
1241;666.97;795.8000;49798.8000;25734.0000;24938.2000;50.8912;0.2934;0.0000;-795.8000;0.0000;6.8165;0.0000;-795.8000;0.0000;6.8165;1.0000;0.0000;0.0000;0.0000;0.0000
1242;667.27;787.8000;48734.8500;25732.0000;24944.2000;52.0245;0.2838;0.0000;-787.8000;0.0000;6.8165;0.0000;-787.8000;0.0000;6.8165;1.0000;0.0000;0.0000;0.0000;0.0000
1243;667.56;792.2500;48369.2500;25936.2500;25144.0000;52.8491;0.2770;0.0000;-792.2500;0.0000;6.8165;0.0000;-792.2500;0.0000;6.8165;1.0000;0.0000;0.0000;0.0000;0.0000
1244;667.85;791.7500;48366.7500;25997.5000;25205.7500;52.9811;0.2759;0.0000;-791.7500;0.0000;6.8165;0.0000;-791.7500;0.0000;6.8165;1.0000;0.0000;0.0000;0.0000;0.0000
1245;668.14;801.1500;48712.4500;26023.6000;25222.4500;52.6441;0.2787;0.0000;-801.1500;0.0000;6.8165;0.0000;-801.1500;0.0000;6.8165;1.0000;0.0000;0.0000;0.0000;0.0000
1246;668.43;795.9500;48529.4500;25944.7000;25148.7500;52.6857;0.2783;0.0000;-795.9500;0.0000;6.8165;0.0000;-795.9500;0.0000;6.8165;1.0000;0.0000;0.0000;0.0000;0.0000
1247;668.72;798.5000;48323.5500;25602.6500;24804.1500;52.1917;0.2824;0.0000;-798.5000;0.0000;6.8165;0.0000;-798.5000;0.0000;6.8165;1.0000;0.0000;0.0000;0.0000;0.0000
1248;669.02;794.3500;48625.6500;25711.2000;24916.8500;52.0932;0.2832;0.0000;-794.3500;0.0000;6.8165;0.0000;-794.3500;0.0000;6.8165;1.0000;0.0000;0.0000;0.0000;0.0000
1249;669.31;785.9000;49038.2500;25798.5000;25012.6000;51.8371;0.2854;0.0000;-785.9000;0.0000;6.8165;0.0000;-785.9000;0.0000;6.8165;1.0000;0.0000;0.0000;0.0000;0.0000
1250;669.60;794.5000;48667.3500;25637.8500;24843.3500;51.8944;0.2849;0.0000;-794.5000;0.0000;6.8165;0.0000;-794.5000;0.0000;6.8165;1.0000;0.0000;0.0000;0.0000;0.0000
1251;669.89;784.8000;48047.3000;25601.2000;24816.4000;52.5076;0.2798;0.0000;-784.8000;0.0000;6.8165;0.0000;-784.8000;0.0000;6.8165;1.0000;0.0000;0.0000;0.0000;0.0000
1252;670.18;781.9000;48056.2000;25740.3500;24958.4500;52.7950;0.2774;0.0000;-781.9000;0.0000;6.8165;0.0000;-781.9000;0.0000;6.8165;1.0000;0.0000;0.0000;0.0000;0.0000
1253;670.47;788.8500;47752.2500;25931.8000;25142.9500;53.5373;0.2713;0.0000;-788.8500;0.0000;6.8165;0.0000;-788.8500;0.0000;6.8165;1.0000;0.0000;0.0000;0.0000;0.0000
1254;670.76;775.6000;47667.0000;26025.4500;25249.8500;53.8475;0.2688;0.0000;-775.6000;0.0000;6.8165;0.0000;-775.6000;0.0000;6.8165;1.0000;0.0000;0.0000;0.0000;0.0000
1255;671.05;787.1000;47798.7500;25245.5500;24458.4500;52.0264;0.2838;0.0000;-787.1000;0.0000;6.8165;0.0000;-787.1000;0.0000;6.8165;1.0000;0.0000;0.0000;0.0000;0.0000
1256;671.34;784.4000;48336.6500;25152.0000;24367.6000;51.2438;0.2904;0.0000;-784.4000;0.0000;6.8165;0.0000;-784.4000;0.0000;6.8165;1.0000;0.0000;0.0000;0.0000;0.0000
1257;671.63;794.1500;48514.5500;25025.3500;24231.2000;50.7774;0.2943;0.0000;-794.1500;0.0000;6.8165;0.0000;-794.1500;0.0000;6.8165;1.0000;0.0000;0.0000;0.0000;0.0000
1258;671.92;783.0500;48270.8000;25326.5000;24543.4500;51.6838;0.2866;0.0000;-783.0500;0.0000;6.8165;0.0000;-783.0500;0.0000;6.8165;1.0000;0.0000;0.0000;0.0000;0.0000
1259;672.21;783.8500;48011.1000;25516.0000;24732.1500;52.3684;0.2809;0.0000;-783.8500;0.0000;6.8165;0.0000;-783.8500;0.0000;6.8165;1.0000;0.0000;0.0000;0.0000;0.0000
1260;672.50;774.4000;48377.9000;25762.4500;24988.0500;52.4920;0.2799;0.0000;-774.4000;0.0000;6.8165;0.0000;-774.4000;0.0000;6.8165;1.0000;0.0000;0.0000;0.0000;0.0000
1261;672.79;779.8000;47911.2000;25715.4000;24935.6000;52.9066;0.2765;0.0000;-779.8000;0.0000;6.8165;0.0000;-779.8000;0.0000;6.8165;1.0000;0.0000;0.0000;0.0000;0.0000
1262;673.08;790.1500;48051.1500;25479.0000;24688.8500;52.2394;0.2820;0.0000;-790.1500;0.0000;6.8165;0.0000;-790.1500;0.0000;6.8165;1.0000;0.0000;0.0000;0.0000;0.0000
1263;673.37;789.9000;48408.4000;25254.3500;24464.4500;51.3759;0.2892;0.0000;-789.9000;0.0000;6.8165;0.0000;-789.9000;0.0000;6.8165;1.0000;0.0000;0.0000;0.0000;0.0000
1264;673.66;783.7000;49002.8500;25178.7000;24395.0000;50.5919;0.2959;0.0000;-783.7000;0.0000;6.8165;0.0000;-783.7000;0.0000;6.8165;1.0000;0.0000;0.0000;0.0000;0.0000
1265;673.95;775.9000;48383.6000;24873.9500;24098.0500;50.6180;0.2957;0.0000;-775.9000;0.0000;6.8165;0.0000;-775.9000;0.0000;6.8165;1.0000;0.0000;0.0000;0.0000;0.0000
1266;674.24;788.5500;47011.1000;24902.0000;24113.4500;52.1682;0.2826;0.0000;-788.5500;0.0000;6.8165;0.0000;-788.5500;0.0000;6.8165;1.0000;0.0000;0.0000;0.0000;0.0000
1267;674.53;779.7500;47809.2500;25201.5000;24421.7500;51.9286;0.2846;0.0000;-779.7500;0.0000;6.8165;0.0000;-779.7500;0.0000;6.8165;1.0000;0.0000;0.0000;0.0000;0.0000
1268;674.82;798.6500;48263.2500;25339.8500;24541.2000;51.7042;0.2865;0.0000;-798.6500;0.0000;6.8165;0.0000;-798.6500;0.0000;6.8165;1.0000;0.0000;0.0000;0.0000;0.0000
1269;675.11;795.5500;47963.5000;25309.6000;24514.0500;51.9718;0.2842;0.0000;-795.5500;0.0000;6.8165;0.0000;-795.5500;0.0000;6.8165;1.0000;0.0000;0.0000;0.0000;0.0000
1270;675.40;794.8000;47279.3500;25214.5000;24419.7000;52.5329;0.2796;0.0000;-794.8000;0.0000;6.8165;0.0000;-794.8000;0.0000;6.8165;1.0000;0.0000;0.0000;0.0000;0.0000
1271;675.69;787.7000;47676.1000;24778.7500;23991.0500;51.1663;0.2910;0.0000;-787.7000;0.0000;6.8165;0.0000;-787.7000;0.0000;6.8165;1.0000;0.0000;0.0000;0.0000;0.0000
1272;675.98;789.5500;48584.0500;24664.3000;23874.7500;49.9529;0.3014;0.0000;-789.5500;0.0000;6.8165;0.0000;-789.5500;0.0000;6.8165;1.0000;0.0000;0.0000;0.0000;0.0000
1273;676.27;783.7000;48174.9000;24787.5500;24003.8500;50.6504;0.2954;0.0000;-783.7000;0.0000;6.8165;0.0000;-783.7000;0.0000;6.8165;1.0000;0.0000;0.0000;0.0000;0.0000
1274;676.56;783.3000;46791.3000;24793.4500;24010.1500;52.1869;0.2824;0.0000;-783.3000;0.0000;6.8165;0.0000;-783.3000;0.0000;6.8165;1.0000;0.0000;0.0000;0.0000;0.0000
1275;676.84;787.1500;46214.4500;24450.6000;23663.4500;52.0908;0.2832;0.0000;-787.1500;0.0000;6.8165;0.0000;-787.1500;0.0000;6.8165;1.0000;0.0000;0.0000;0.0000;0.0000
1276;677.13;780.5500;47501.3000;24559.4500;23778.9000;50.8958;0.2933;0.0000;-780.5500;0.0000;6.8165;0.0000;-780.5500;0.0000;6.8165;1.0000;0.0000;0.0000;0.0000;0.0000
1277;677.42;788.0000;47514.5500;24747.0000;23959.0000;51.2749;0.2901;0.0000;-788.0000;0.0000;6.8165;0.0000;-788.0000;0.0000;6.8165;1.0000;0.0000;0.0000;0.0000;0.0000
1278;677.71;794.7500;46480.7500;24996.9500;24202.2000;52.9751;0.2759;0.0000;-794.7500;0.0000;6.8165;0.0000;-794.7500;0.0000;6.8165;1.0000;0.0000;0.0000;0.0000;0.0000
1279;678.00;786.5000;46720.1500;24769.6500;23983.1500;52.2126;0.2822;0.0000;-786.5000;0.0000;6.8165;0.0000;-786.5000;0.0000;6.8165;1.0000;0.0000;0.0000;0.0000;0.0000
1280;678.29;792.8000;47998.8000;24669.6500;23876.8500;50.5801;0.2960;0.0000;-792.8000;0.0000;6.8165;0.0000;-792.8000;0.0000;6.8165;1.0000;0.0000;0.0000;0.0000;0.0000
1281;678.58;783.3500;47736.4000;24834.4500;24051.1000;51.2237;0.2905;0.0000;-783.3500;0.0000;6.8165;0.0000;-783.3500;0.0000;6.8165;1.0000;0.0000;0.0000;0.0000;0.0000
1282;678.86;767.4500;46647.0500;24743.1000;23975.6500;52.2578;0.2818;0.0000;-767.4500;0.0000;6.8165;0.0000;-767.4500;0.0000;6.8165;1.0000;0.0000;0.0000;0.0000;0.0000
1283;679.15;785.0500;45980.6500;24390.1500;23605.1000;52.2288;0.2821;0.0000;-785.0500;0.0000;6.8165;0.0000;-785.0500;0.0000;6.8165;1.0000;0.0000;0.0000;0.0000;0.0000
1284;679.44;792.9000;46577.9000;24146.6000;23353.7000;51.0073;0.2924;0.0000;-792.9000;0.0000;6.8165;0.0000;-792.9000;0.0000;6.8165;1.0000;0.0000;0.0000;0.0000;0.0000
1285;679.73;785.6000;46503.2000;24209.8000;23424.2000;51.2367;0.2904;0.0000;-785.6000;0.0000;6.8165;0.0000;-785.6000;0.0000;6.8165;1.0000;0.0000;0.0000;0.0000;0.0000
1286;680.01;795.3000;46188.9000;24412.7500;23617.4500;52.0281;0.2838;0.0000;-795.3000;0.0000;6.8165;0.0000;-795.3000;0.0000;6.8165;1.0000;0.0000;0.0000;0.0000;0.0000
1287;680.30;796.3000;45796.8000;24115.7000;23319.4000;51.8203;0.2855;0.0000;-796.3000;0.0000;6.8165;0.0000;-796.3000;0.0000;6.8165;1.0000;0.0000;0.0000;0.0000;0.0000
1288;680.59;791.7500;47205.1500;24268.4500;23476.7000;50.5817;0.2960;0.0000;-791.7500;0.0000;6.8165;0.0000;-791.7500;0.0000;6.8165;1.0000;0.0000;0.0000;0.0000;0.0000
1289;680.88;773.6500;47909.4000;23970.0500;23196.4000;49.2119;0.3079;0.0000;-773.6500;0.0000;6.8165;0.0000;-773.6500;0.0000;6.8165;1.0000;0.0000;0.0000;0.0000;0.0000
1290;681.16;791.1500;47448.9000;23964.4000;23173.2500;49.6665;0.3039;0.0000;-791.1500;0.0000;6.8165;0.0000;-791.1500;0.0000;6.8165;1.0000;0.0000;0.0000;0.0000;0.0000
1291;681.45;766.6000;47147.9500;23914.8000;23148.2000;49.9084;0.3018;0.0000;-766.6000;0.0000;6.8165;0.0000;-766.6000;0.0000;6.8165;1.0000;0.0000;0.0000;0.0000;0.0000
1292;681.74;788.5500;47188.7000;23913.1000;23124.5500;49.8372;0.3024;0.0000;-788.5500;0.0000;6.8165;0.0000;-788.5500;0.0000;6.8165;1.0000;0.0000;0.0000;0.0000;0.0000
1293;682.02;782.2000;47402.7000;24376.5000;23594.3000;50.6093;0.2958;0.0000;-782.2000;0.0000;6.8165;0.0000;-782.2000;0.0000;6.8165;1.0000;0.0000;0.0000;0.0000;0.0000
1294;682.31;779.5500;47218.0500;24961.3500;24181.8000;52.0727;0.2834;0.0000;-779.5500;0.0000;6.8165;0.0000;-779.5500;0.0000;6.8165;1.0000;0.0000;0.0000;0.0000;0.0000
1295;682.60;790.2500;47655.3500;24988.9000;24198.6500;51.6347;0.2871;0.0000;-790.2500;0.0000;6.8165;0.0000;-790.2500;0.0000;6.8165;1.0000;0.0000;0.0000;0.0000;0.0000
1296;682.88;770.0000;48612.8000;25197.1000;24427.1000;51.0570;0.2919;0.0000;-770.0000;0.0000;6.8165;0.0000;-770.0000;0.0000;6.8165;1.0000;0.0000;0.0000;0.0000;0.0000
1297;683.17;772.9000;50287.4000;25294.0500;24521.1500;49.5232;0.3052;0.0000;-772.9000;0.0000;6.8165;0.0000;-772.9000;0.0000;6.8165;1.0000;0.0000;0.0000;0.0000;0.0000
1298;683.46;792.0000;50309.8500;25464.6500;24672.6500;49.8258;0.3025;0.0000;-792.0000;0.0000;6.8165;0.0000;-792.0000;0.0000;6.8165;1.0000;0.0000;0.0000;0.0000;0.0000
1299;683.74;783.1500;49343.4500;25765.6000;24982.4500;51.4462;0.2886;0.0000;-783.1500;0.0000;6.8165;0.0000;-783.1500;0.0000;6.8165;1.0000;0.0000;0.0000;0.0000;0.0000
1300;684.03;788.6500;49353.5500;25394.3500;24605.7000;50.6656;0.2953;0.0000;-788.6500;0.0000;6.8165;0.0000;-788.6500;0.0000;6.8165;1.0000;0.0000;0.0000;0.0000;0.0000
1301;684.32;781.3500;48739.7500;25242.3500;24461.0000;51.0046;0.2924;0.0000;-781.3500;0.0000;6.8165;0.0000;-781.3500;0.0000;6.8165;1.0000;0.0000;0.0000;0.0000;0.0000
1302;684.60;776.3000;48765.1500;25576.0000;24799.7000;51.6780;0.2867;0.0000;-776.3000;0.0000;6.8165;0.0000;-776.3000;0.0000;6.8165;1.0000;0.0000;0.0000;0.0000;0.0000
1303;684.89;779.8500;48297.3500;25586.2000;24806.3500;52.2047;0.2823;0.0000;-779.8500;0.0000;6.8165;0.0000;-779.8500;0.0000;6.8165;1.0000;0.0000;0.0000;0.0000;0.0000
1304;685.17;779.1000;48084.7500;25123.6000;24344.5000;51.4621;0.2885;0.0000;-779.1000;0.0000;6.8165;0.0000;-779.1000;0.0000;6.8165;1.0000;0.0000;0.0000;0.0000;0.0000
1305;685.46;782.0000;48310.2500;25067.4500;24285.4500;51.0969;0.2916;0.0000;-782.0000;0.0000;6.8165;0.0000;-782.0000;0.0000;6.8165;1.0000;0.0000;0.0000;0.0000;0.0000
1306;685.75;792.8000;48828.5500;24589.6500;23796.8500;49.5399;0.3050;0.0000;-792.8000;0.0000;6.8165;0.0000;-792.8000;0.0000;6.8165;1.0000;0.0000;0.0000;0.0000;0.0000
1307;686.03;783.0000;48491.7000;24315.4000;23532.4000;49.3252;0.3069;0.0000;-783.0000;0.0000;6.8165;0.0000;-783.0000;0.0000;6.8165;1.0000;0.0000;0.0000;0.0000;0.0000
1308;686.32;778.5500;47312.3000;23908.2500;23129.7000;49.7052;0.3036;0.0000;-778.5500;0.0000;6.8165;0.0000;-778.5500;0.0000;6.8165;1.0000;0.0000;0.0000;0.0000;0.0000
1309;686.60;785.0500;47087.9000;23726.7000;22941.6500;49.5470;0.3050;0.0000;-785.0500;0.0000;6.8165;0.0000;-785.0500;0.0000;6.8165;1.0000;0.0000;0.0000;0.0000;0.0000
1310;686.89;784.4000;46766.4500;23753.7500;22969.3500;49.9529;0.3014;0.0000;-784.4000;0.0000;6.8165;0.0000;-784.4000;0.0000;6.8165;1.0000;0.0000;0.0000;0.0000;0.0000
1311;687.17;789.3000;45945.9500;23648.5000;22859.2000;50.6220;0.2957;0.0000;-789.3000;0.0000;6.8165;0.0000;-789.3000;0.0000;6.8165;1.0000;0.0000;0.0000;0.0000;0.0000
1312;687.46;775.4000;46314.8500;23717.1500;22941.7500;50.3777;0.2978;0.0000;-775.4000;0.0000;6.8165;0.0000;-775.4000;0.0000;6.8165;1.0000;0.0000;0.0000;0.0000;0.0000
1313;687.74;780.1500;46184.4000;23531.2000;22751.0500;50.1078;0.3001;0.0000;-780.1500;0.0000;6.8165;0.0000;-780.1500;0.0000;6.8165;1.0000;0.0000;0.0000;0.0000;0.0000
1314;688.03;783.8500;46312.8500;23390.0500;22606.2000;49.6523;0.3041;0.0000;-783.8500;0.0000;6.8165;0.0000;-783.8500;0.0000;6.8165;1.0000;0.0000;0.0000;0.0000;0.0000
1315;688.31;784.4500;47041.2000;23173.0500;22388.6000;48.4007;0.3151;0.0000;-784.4500;0.0000;6.8165;0.0000;-784.4500;0.0000;6.8165;1.0000;0.0000;0.0000;0.0000;0.0000
1316;688.60;788.2500;47048.4500;23088.3500;22300.1000;48.2058;0.3169;0.0000;-788.2500;0.0000;6.8165;0.0000;-788.2500;0.0000;6.8165;1.0000;0.0000;0.0000;0.0000;0.0000
1317;688.88;803.1000;46704.2500;23074.3000;22271.2000;48.5199;0.3141;0.0000;-803.1000;0.0000;6.8165;0.0000;-803.1000;0.0000;6.8165;1.0000;0.0000;0.0000;0.0000;0.0000
1318;689.17;780.8000;46111.9000;23097.1500;22316.3500;49.2297;0.3078;0.0000;-780.8000;0.0000;6.8165;0.0000;-780.8000;0.0000;6.8165;1.0000;0.0000;0.0000;0.0000;0.0000
1319;689.45;773.7500;46157.8000;23087.7000;22313.9500;49.1669;0.3083;0.0000;-773.7500;0.0000;6.8165;0.0000;-773.7500;0.0000;6.8165;1.0000;0.0000;0.0000;0.0000;0.0000
1320;689.73;790.5000;45762.5500;22840.5000;22050.0000;49.0305;0.3095;0.0000;-790.5000;0.0000;6.8165;0.0000;-790.5000;0.0000;6.8165;1.0000;0.0000;0.0000;0.0000;0.0000
1321;690.02;786.9000;45218.7500;22670.0500;21883.1500;49.2510;0.3076;0.0000;-786.9000;0.0000;6.8165;0.0000;-786.9000;0.0000;6.8165;1.0000;0.0000;0.0000;0.0000;0.0000
1322;690.30;785.9500;44546.0000;22752.5500;21966.6000;50.1978;0.2993;0.0000;-785.9500;0.0000;6.8165;0.0000;-785.9500;0.0000;6.8165;1.0000;0.0000;0.0000;0.0000;0.0000
1323;690.59;785.1000;44663.6000;22799.8500;22014.7500;50.1721;0.2995;0.0000;-785.1000;0.0000;6.8165;0.0000;-785.1000;0.0000;6.8165;1.0000;0.0000;0.0000;0.0000;0.0000
1324;690.87;786.8000;44681.2500;22549.7500;21762.9500;49.5802;0.3047;0.0000;-786.8000;0.0000;6.8165;0.0000;-786.8000;0.0000;6.8165;1.0000;0.0000;0.0000;0.0000;0.0000
1325;691.15;783.7000;44411.9000;22239.6500;21455.9500;49.1791;0.3082;0.0000;-783.7000;0.0000;6.8165;0.0000;-783.7000;0.0000;6.8165;1.0000;0.0000;0.0000;0.0000;0.0000
1326;691.44;795.7500;44394.6000;22077.1000;21281.3500;48.8117;0.3115;0.0000;-795.7500;0.0000;6.8165;0.0000;-795.7500;0.0000;6.8165;1.0000;0.0000;0.0000;0.0000;0.0000
1327;691.72;804.1000;43989.0000;21772.3500;20968.2500;48.5546;0.3138;0.0000;-804.1000;0.0000;6.8165;0.0000;-804.1000;0.0000;6.8165;1.0000;0.0000;0.0000;0.0000;0.0000
1328;692.01;790.5500;43548.3000;21709.5000;20918.9500;48.9243;0.3105;0.0000;-790.5500;0.0000;6.8165;0.0000;-790.5500;0.0000;6.8165;1.0000;0.0000;0.0000;0.0000;0.0000
1329;692.29;802.9500;43074.3000;21764.4000;20961.4500;49.5878;0.3046;0.0000;-802.9500;0.0000;6.8165;0.0000;-802.9500;0.0000;6.8165;1.0000;0.0000;0.0000;0.0000;0.0000
1330;692.57;793.0500;43015.0000;21919.6500;21126.6000;50.0370;0.3007;0.0000;-793.0500;0.0000;6.8165;0.0000;-793.0500;0.0000;6.8165;1.0000;0.0000;0.0000;0.0000;0.0000
1331;692.86;780.0500;42685.2000;21636.6000;20856.5500;49.7709;0.3030;0.0000;-780.0500;0.0000;6.8165;0.0000;-780.0500;0.0000;6.8165;1.0000;0.0000;0.0000;0.0000;0.0000
1332;693.14;780.0000;41920.3500;21234.4500;20454.4500;49.7187;0.3035;0.0000;-780.0000;0.0000;6.8165;0.0000;-780.0000;0.0000;6.8165;1.0000;0.0000;0.0000;0.0000;0.0000
1333;693.42;785.6500;41437.7500;20869.2500;20083.6000;49.4036;0.3062;0.0000;-785.6500;0.0000;6.8165;0.0000;-785.6500;0.0000;6.8165;1.0000;0.0000;0.0000;0.0000;0.0000
1334;693.70;778.1000;40781.3500;20543.4000;19765.3000;49.4092;0.3062;0.0000;-778.1000;0.0000;6.8165;0.0000;-778.1000;0.0000;6.8165;1.0000;0.0000;0.0000;0.0000;0.0000
1335;693.99;806.8500;41303.4500;20508.2000;19701.3500;48.6494;0.3129;0.0000;-806.8500;0.0000;6.8165;0.0000;-806.8500;0.0000;6.8165;1.0000;0.0000;0.0000;0.0000;0.0000
1336;694.27;782.3500;41774.3500;20389.0000;19606.6500;47.8304;0.3203;0.0000;-782.3500;0.0000;6.8165;0.0000;-782.3500;0.0000;6.8165;1.0000;0.0000;0.0000;0.0000;0.0000
1337;694.55;782.9000;41521.0000;20222.4500;19439.5500;47.7184;0.3213;0.0000;-782.9000;0.0000;6.8165;0.0000;-782.9000;0.0000;6.8165;1.0000;0.0000;0.0000;0.0000;0.0000
1338;694.84;796.7000;40590.6500;20094.3500;19297.6500;48.4939;0.3143;0.0000;-796.7000;0.0000;6.8165;0.0000;-796.7000;0.0000;6.8165;1.0000;0.0000;0.0000;0.0000;0.0000
1339;695.12;780.0500;40082.7500;19871.3500;19091.3000;48.5750;0.3136;0.0000;-780.0500;0.0000;6.8165;0.0000;-780.0500;0.0000;6.8165;1.0000;0.0000;0.0000;0.0000;0.0000
1340;695.40;787.6000;39767.3000;19426.2000;18638.6000;47.8162;0.3204;0.0000;-787.6000;0.0000;6.8165;0.0000;-787.6000;0.0000;6.8165;1.0000;0.0000;0.0000;0.0000;0.0000
1341;695.68;777.4000;39487.9500;19546.2000;18768.8000;48.4850;0.3144;0.0000;-777.4000;0.0000;6.8165;0.0000;-777.4000;0.0000;6.8165;1.0000;0.0000;0.0000;0.0000;0.0000
1342;695.96;793.1000;39217.2000;19606.5500;18813.4500;48.9626;0.3101;0.0000;-793.1000;0.0000;6.8165;0.0000;-793.1000;0.0000;6.8165;1.0000;0.0000;0.0000;0.0000;0.0000
1343;696.25;784.9500;38864.7000;19446.8500;18661.9000;49.0074;0.3097;0.0000;-784.9500;0.0000;6.8165;0.0000;-784.9500;0.0000;6.8165;1.0000;0.0000;0.0000;0.0000;0.0000
1344;696.53;774.7000;38792.3000;19283.1000;18508.4000;48.6838;0.3126;0.0000;-774.7000;0.0000;6.8165;0.0000;-774.7000;0.0000;6.8165;1.0000;0.0000;0.0000;0.0000;0.0000
1345;696.81;780.7500;38743.1000;18953.4000;18172.6500;47.8702;0.3199;0.0000;-780.7500;0.0000;6.8165;0.0000;-780.7500;0.0000;6.8165;1.0000;0.0000;0.0000;0.0000;0.0000
1346;697.09;781.6000;38937.9500;18783.8000;18002.2000;47.1801;0.3262;0.0000;-781.6000;0.0000;6.8165;0.0000;-781.6000;0.0000;6.8165;1.0000;0.0000;0.0000;0.0000;0.0000
1347;697.37;789.5500;38329.2000;18371.4000;17581.8500;46.8354;0.3294;0.0000;-789.5500;0.0000;6.8165;0.0000;-789.5500;0.0000;6.8165;1.0000;0.0000;0.0000;0.0000;0.0000
1348;697.65;778.8000;38156.6000;18342.9000;17564.1000;46.9907;0.3280;0.0000;-778.8000;0.0000;6.8165;0.0000;-778.8000;0.0000;6.8165;1.0000;0.0000;0.0000;0.0000;0.0000
1349;697.94;776.1500;37916.4500;18315.9500;17539.8000;47.2258;0.3258;0.0000;-776.1500;0.0000;6.8165;0.0000;-776.1500;0.0000;6.8165;1.0000;0.0000;0.0000;0.0000;0.0000
1350;698.22;776.2500;37235.3000;18184.8000;17408.5500;47.7482;0.3210;0.0000;-776.2500;0.0000;6.8165;0.0000;-776.2500;0.0000;6.8165;1.0000;0.0000;0.0000;0.0000;0.0000
1351;698.50;790.3000;37186.4000;18200.5500;17410.2500;47.8355;0.3202;0.0000;-790.3000;0.0000;6.8165;0.0000;-790.3000;0.0000;6.8165;1.0000;0.0000;0.0000;0.0000;0.0000
1352;698.78;793.5500;36894.1500;18171.2000;17377.6500;48.1367;0.3175;0.0000;-793.5500;0.0000;6.8165;0.0000;-793.5500;0.0000;6.8165;1.0000;0.0000;0.0000;0.0000;0.0000
1353;699.06;784.6000;36631.9000;18177.0500;17392.4500;48.5182;0.3141;0.0000;-784.6000;0.0000;6.8165;0.0000;-784.6000;0.0000;6.8165;1.0000;0.0000;0.0000;0.0000;0.0000
1354;699.34;794.5000;36729.0500;18056.5500;17262.0500;48.0375;0.3184;0.0000;-794.5000;0.0000;6.8165;0.0000;-794.5000;0.0000;6.8165;1.0000;0.0000;0.0000;0.0000;0.0000
1355;699.62;791.4500;36650.9000;17794.1500;17002.7000;47.4148;0.3241;0.0000;-791.4500;0.0000;6.8165;0.0000;-791.4500;0.0000;6.8165;1.0000;0.0000;0.0000;0.0000;0.0000
1356;699.90;773.5000;36562.2000;17779.5000;17006.0000;47.5178;0.3231;0.0000;-773.5000;0.0000;6.8165;0.0000;-773.5000;0.0000;6.8165;1.0000;0.0000;0.0000;0.0000;0.0000
1357;700.18;785.5000;36031.3500;17377.0000;16591.5000;47.0736;0.3272;0.0000;-785.5000;0.0000;6.8165;0.0000;-785.5000;0.0000;6.8165;1.0000;0.0000;0.0000;0.0000;0.0000
1358;700.46;778.4000;36016.3000;17192.0000;16413.6000;46.5794;0.3318;0.0000;-778.4000;0.0000;6.8165;0.0000;-778.4000;0.0000;6.8165;1.0000;0.0000;0.0000;0.0000;0.0000
1359;700.74;792.7000;35700.9000;16930.1500;16137.4500;46.2283;0.3351;0.0000;-792.7000;0.0000;6.8165;0.0000;-792.7000;0.0000;6.8165;1.0000;0.0000;0.0000;0.0000;0.0000
1360;701.03;782.9000;35216.8000;16849.5000;16066.6000;46.6593;0.3311;0.0000;-782.9000;0.0000;6.8165;0.0000;-782.9000;0.0000;6.8165;1.0000;0.0000;0.0000;0.0000;0.0000
1361;701.31;788.3500;34121.6500;16620.8500;15832.5000;47.4975;0.3233;0.0000;-788.3500;0.0000;6.8165;0.0000;-788.3500;0.0000;6.8165;1.0000;0.0000;0.0000;0.0000;0.0000
1362;701.59;777.2500;33520.3000;16751.3500;15974.1000;48.7862;0.3117;0.0000;-777.2500;0.0000;6.8165;0.0000;-777.2500;0.0000;6.8165;1.0000;0.0000;0.0000;0.0000;0.0000
1363;701.87;791.6500;33149.1000;16424.1000;15632.4500;48.3117;0.3159;0.0000;-791.6500;0.0000;6.8165;0.0000;-791.6500;0.0000;6.8165;1.0000;0.0000;0.0000;0.0000;0.0000
1364;702.15;782.2000;33455.4500;16365.7500;15583.5500;47.6951;0.3215;0.0000;-782.2000;0.0000;6.8165;0.0000;-782.2000;0.0000;6.8165;1.0000;0.0000;0.0000;0.0000;0.0000
1365;702.43;789.9500;33992.2500;16338.6000;15548.6500;46.8300;0.3295;0.0000;-789.9500;0.0000;6.8165;0.0000;-789.9500;0.0000;6.8165;1.0000;0.0000;0.0000;0.0000;0.0000
1366;702.71;773.9500;33531.2000;16058.3000;15284.3500;46.6594;0.3311;0.0000;-773.9500;0.0000;6.8165;0.0000;-773.9500;0.0000;6.8165;1.0000;0.0000;0.0000;0.0000;0.0000
1367;702.98;769.3000;33387.1500;16100.1000;15330.8000;47.0013;0.3279;0.0000;-769.3000;0.0000;6.8165;0.0000;-769.3000;0.0000;6.8165;1.0000;0.0000;0.0000;0.0000;0.0000
1368;703.26;784.3000;33009.5000;15910.7500;15126.4500;46.9398;0.3285;0.0000;-784.3000;0.0000;6.8165;0.0000;-784.3000;0.0000;6.8165;1.0000;0.0000;0.0000;0.0000;0.0000
1369;703.54;797.9500;32870.8000;15625.5500;14827.6000;46.2310;0.3351;0.0000;-797.9500;0.0000;6.8165;0.0000;-797.9500;0.0000;6.8165;1.0000;0.0000;0.0000;0.0000;0.0000
1370;703.82;791.4500;32980.6000;15420.2500;14628.8000;45.4464;0.3425;0.0000;-791.4500;0.0000;6.8165;0.0000;-791.4500;0.0000;6.8165;1.0000;0.0000;0.0000;0.0000;0.0000
1371;704.10;794.2500;32545.1500;15372.9000;14578.6500;45.9157;0.3380;0.0000;-794.2500;0.0000;6.8165;0.0000;-794.2500;0.0000;6.8165;1.0000;0.0000;0.0000;0.0000;0.0000
1372;704.38;791.9000;31546.2000;15261.3000;14469.4000;47.0484;0.3275;0.0000;-791.9000;0.0000;6.8165;0.0000;-791.9000;0.0000;6.8165;1.0000;0.0000;0.0000;0.0000;0.0000
1373;704.66;772.7500;31412.1500;15312.5500;14539.8000;47.4546;0.3237;0.0000;-772.7500;0.0000;6.8165;0.0000;-772.7500;0.0000;6.8165;1.0000;0.0000;0.0000;0.0000;0.0000
1374;704.94;775.8000;30724.2000;15039.2000;14263.4000;47.6266;0.3222;0.0000;-775.8000;0.0000;6.8165;0.0000;-775.8000;0.0000;6.8165;1.0000;0.0000;0.0000;0.0000;0.0000
1375;705.22;782.7000;31025.7500;14860.0000;14077.3000;46.5472;0.3321;0.0000;-782.7000;0.0000;6.8165;0.0000;-782.7000;0.0000;6.8165;1.0000;0.0000;0.0000;0.0000;0.0000
1376;705.50;797.7000;30694.4500;14862.0000;14064.3000;47.0429;0.3275;0.0000;-797.7000;0.0000;6.8165;0.0000;-797.7000;0.0000;6.8165;1.0000;0.0000;0.0000;0.0000;0.0000
1377;705.78;783.9500;30690.4500;14700.5000;13916.5500;46.5335;0.3322;0.0000;-783.9500;0.0000;6.8165;0.0000;-783.9500;0.0000;6.8165;1.0000;0.0000;0.0000;0.0000;0.0000
1378;706.05;781.9000;30565.0000;14372.3000;13590.4000;45.6312;0.3407;0.0000;-781.9000;0.0000;6.8165;0.0000;-781.9000;0.0000;6.8165;1.0000;0.0000;0.0000;0.0000;0.0000
1379;706.33;777.0500;30528.1500;14244.5500;13467.5000;45.2672;0.3442;0.0000;-777.0500;0.0000;6.8165;0.0000;-777.0500;0.0000;6.8165;1.0000;0.0000;0.0000;0.0000;0.0000
1380;706.61;793.1000;30419.1500;14117.3500;13324.2500;44.9748;0.3470;0.0000;-793.1000;0.0000;6.8165;0.0000;-793.1000;0.0000;6.8165;1.0000;0.0000;0.0000;0.0000;0.0000
1381;706.89;794.8500;30513.1500;14101.9000;13307.0500;44.7773;0.3489;0.0000;-794.8500;0.0000;6.8165;0.0000;-794.8500;0.0000;6.8165;1.0000;0.0000;0.0000;0.0000;0.0000
1382;707.17;785.7500;30148.5000;14091.1500;13305.4000;45.3139;0.3438;0.0000;-785.7500;0.0000;6.8165;0.0000;-785.7500;0.0000;6.8165;1.0000;0.0000;0.0000;0.0000;0.0000
1383;707.45;794.9500;29664.0000;14002.8500;13207.9000;45.7511;0.3396;0.0000;-794.9500;0.0000;6.8165;0.0000;-794.9500;0.0000;6.8165;1.0000;0.0000;0.0000;0.0000;0.0000
1384;707.72;790.9500;29147.2000;13832.1500;13041.2000;45.9906;0.3373;0.0000;-790.9500;0.0000;6.8165;0.0000;-790.9500;0.0000;6.8165;1.0000;0.0000;0.0000;0.0000;0.0000
1385;708.00;780.6000;28997.5500;13676.2500;12895.6500;45.7018;0.3401;0.0000;-780.6000;0.0000;6.8165;0.0000;-780.6000;0.0000;6.8165;1.0000;0.0000;0.0000;0.0000;0.0000
1386;708.28;785.0000;29001.6000;13560.1500;12775.1500;45.2753;0.3441;0.0000;-785.0000;0.0000;6.8165;0.0000;-785.0000;0.0000;6.8165;1.0000;0.0000;0.0000;0.0000;0.0000
1387;708.56;792.6000;28791.9500;13474.6500;12682.0500;45.2941;0.3440;0.0000;-792.6000;0.0000;6.8165;0.0000;-792.6000;0.0000;6.8165;1.0000;0.0000;0.0000;0.0000;0.0000
1388;708.83;782.4000;28229.4000;13464.9000;12682.5000;46.2072;0.3353;0.0000;-782.4000;0.0000;6.8165;0.0000;-782.4000;0.0000;6.8165;1.0000;0.0000;0.0000;0.0000;0.0000
1389;709.11;777.9500;27917.5000;13445.7500;12667.8000;46.6765;0.3309;0.0000;-777.9500;0.0000;6.8165;0.0000;-777.9500;0.0000;6.8165;1.0000;0.0000;0.0000;0.0000;0.0000
1390;709.39;787.1500;27833.6000;13396.0000;12608.8500;46.6192;0.3314;0.0000;-787.1500;0.0000;6.8165;0.0000;-787.1500;0.0000;6.8165;1.0000;0.0000;0.0000;0.0000;0.0000
1391;709.67;777.2500;27932.0500;13251.9000;12474.6500;45.9390;0.3378;0.0000;-777.2500;0.0000;6.8165;0.0000;-777.2500;0.0000;6.8165;1.0000;0.0000;0.0000;0.0000;0.0000
1392;709.94;778.8000;27928.7500;13113.9500;12335.1500;45.4334;0.3426;0.0000;-778.8000;0.0000;6.8165;0.0000;-778.8000;0.0000;6.8165;1.0000;0.0000;0.0000;0.0000;0.0000
1393;710.22;795.2500;28076.0000;13126.7000;12331.4500;45.2020;0.3448;0.0000;-795.2500;0.0000;6.8165;0.0000;-795.2500;0.0000;6.8165;1.0000;0.0000;0.0000;0.0000;0.0000
1394;710.50;790.3500;27397.1000;12935.0000;12144.6500;45.6450;0.3406;0.0000;-790.3500;0.0000;6.8165;0.0000;-790.3500;0.0000;6.8165;1.0000;0.0000;0.0000;0.0000;0.0000
1395;710.77;786.1500;27266.8500;12920.1500;12134.0000;45.8221;0.3389;0.0000;-786.1500;0.0000;6.8165;0.0000;-786.1500;0.0000;6.8165;1.0000;0.0000;0.0000;0.0000;0.0000
1396;711.05;791.8000;27257.5000;12806.1000;12014.3000;45.3957;0.3430;0.0000;-791.8000;0.0000;6.8165;0.0000;-791.8000;0.0000;6.8165;1.0000;0.0000;0.0000;0.0000;0.0000
1397;711.33;798.3000;27004.2000;12796.6500;11998.3500;45.7849;0.3393;0.0000;-798.3000;0.0000;6.8165;0.0000;-798.3000;0.0000;6.8165;1.0000;0.0000;0.0000;0.0000;0.0000
1398;711.60;805.8500;27006.6500;12737.4000;11931.5500;45.5389;0.3416;0.0000;-805.8500;0.0000;6.8165;0.0000;-805.8500;0.0000;6.8165;1.0000;0.0000;0.0000;0.0000;0.0000
1399;711.88;799.7500;26574.4500;12733.1000;11933.3500;46.2987;0.3344;0.0000;-799.7500;0.0000;6.8165;0.0000;-799.7500;0.0000;6.8165;1.0000;0.0000;0.0000;0.0000;0.0000
1400;712.16;778.2500;26407.1500;12642.0000;11863.7500;46.2905;0.3345;0.0000;-778.2500;0.0000;6.8165;0.0000;-778.2500;0.0000;6.8165;1.0000;0.0000;0.0000;0.0000;0.0000
1401;712.43;775.3500;26472.3500;12603.0500;11827.7000;46.0276;0.3370;0.0000;-775.3500;0.0000;6.8165;0.0000;-775.3500;0.0000;6.8165;1.0000;0.0000;0.0000;0.0000;0.0000
1402;712.71;777.5500;26622.1500;12590.7500;11813.2000;45.7086;0.3400;0.0000;-777.5500;0.0000;6.8165;0.0000;-777.5500;0.0000;6.8165;1.0000;0.0000;0.0000;0.0000;0.0000
1403;712.99;772.2000;26106.4000;12642.3000;11870.1000;46.8541;0.3293;0.0000;-772.2000;0.0000;6.8165;0.0000;-772.2000;0.0000;6.8165;1.0000;0.0000;0.0000;0.0000;0.0000
1404;713.26;781.4000;25677.7000;12476.0000;11694.6000;46.9732;0.3281;0.0000;-781.4000;0.0000;6.8165;0.0000;-781.4000;0.0000;6.8165;1.0000;0.0000;0.0000;0.0000;0.0000
1405;713.54;773.6500;25827.0500;12344.5500;11570.9000;46.1849;0.3355;0.0000;-773.6500;0.0000;6.8165;0.0000;-773.6500;0.0000;6.8165;1.0000;0.0000;0.0000;0.0000;0.0000
1406;713.81;795.4000;25891.8500;12249.7000;11454.3000;45.6411;0.3406;0.0000;-795.4000;0.0000;6.8165;0.0000;-795.4000;0.0000;6.8165;1.0000;0.0000;0.0000;0.0000;0.0000
1407;714.09;788.6500;25721.5500;12207.7000;11419.0500;45.7991;0.3391;0.0000;-788.6500;0.0000;6.8165;0.0000;-788.6500;0.0000;6.8165;1.0000;0.0000;0.0000;0.0000;0.0000
1408;714.36;781.9000;25186.3000;12102.4000;11320.5000;46.3871;0.3336;0.0000;-781.9000;0.0000;6.8165;0.0000;-781.9000;0.0000;6.8165;1.0000;0.0000;0.0000;0.0000;0.0000
1409;714.64;773.9500;24864.9000;11912.9000;11138.9500;46.2371;0.3350;0.0000;-773.9500;0.0000;6.8165;0.0000;-773.9500;0.0000;6.8165;1.0000;0.0000;0.0000;0.0000;0.0000
1410;714.92;803.9000;24342.3500;11628.4000;10824.5000;45.9865;0.3374;0.0000;-803.9000;0.0000;6.8165;0.0000;-803.9000;0.0000;6.8165;1.0000;0.0000;0.0000;0.0000;0.0000
1411;715.19;779.9500;24124.7500;11444.1000;10664.1500;45.6811;0.3403;0.0000;-779.9500;0.0000;6.8165;0.0000;-779.9500;0.0000;6.8165;1.0000;0.0000;0.0000;0.0000;0.0000
1412;715.47;793.7500;23569.5500;11150.4500;10356.7000;45.4724;0.3423;0.0000;-793.7500;0.0000;6.8165;0.0000;-793.7500;0.0000;6.8165;1.0000;0.0000;0.0000;0.0000;0.0000
1413;715.74;773.4000;22986.9500;11028.7000;10255.3000;46.1669;0.3357;0.0000;-773.4000;0.0000;6.8165;0.0000;-773.4000;0.0000;6.8165;1.0000;0.0000;0.0000;0.0000;0.0000
1414;716.02;775.3500;22545.8500;10920.4000;10145.0500;46.6000;0.3316;0.0000;-775.3500;0.0000;6.8165;0.0000;-775.3500;0.0000;6.8165;1.0000;0.0000;0.0000;0.0000;0.0000
1415;716.29;772.6000;22236.1000;10795.3000;10022.7000;46.6965;0.3307;0.0000;-772.6000;0.0000;6.8165;0.0000;-772.6000;0.0000;6.8165;1.0000;0.0000;0.0000;0.0000;0.0000
1416;716.57;783.5000;22118.8500;10623.6500;9840.1500;46.1213;0.3361;0.0000;-783.5000;0.0000;6.8165;0.0000;-783.5000;0.0000;6.8165;1.0000;0.0000;0.0000;0.0000;0.0000
1417;716.84;783.3500;22121.3000;10445.2500;9661.9000;45.2804;0.3441;0.0000;-783.3500;0.0000;6.8165;0.0000;-783.3500;0.0000;6.8165;1.0000;0.0000;0.0000;0.0000;0.0000
1418;717.12;780.6500;21968.6000;10286.0000;9505.3500;44.8621;0.3481;0.0000;-780.6500;0.0000;6.8165;0.0000;-780.6500;0.0000;6.8165;1.0000;0.0000;0.0000;0.0000;0.0000
1419;717.39;798.2500;21429.0500;10086.5000;9288.2500;45.0213;0.3466;0.0000;-798.2500;0.0000;6.8165;0.0000;-798.2500;0.0000;6.8165;1.0000;0.0000;0.0000;0.0000;0.0000
1420;717.66;784.3500;21057.7000;9979.9000;9195.5500;45.3578;0.3433;0.0000;-784.3500;0.0000;6.8165;0.0000;-784.3500;0.0000;6.8165;1.0000;0.0000;0.0000;0.0000;0.0000
1421;717.94;783.8000;20894.5500;9934.0000;9150.2000;45.4990;0.3420;0.0000;-783.8000;0.0000;6.8165;0.0000;-783.8000;0.0000;6.8165;1.0000;0.0000;0.0000;0.0000;0.0000
1422;718.21;785.2000;20687.6000;9889.7500;9104.5500;45.7460;0.3396;0.0000;-785.2000;0.0000;6.8165;0.0000;-785.2000;0.0000;6.8165;1.0000;0.0000;0.0000;0.0000;0.0000
1423;718.49;786.0500;20164.4500;9669.2000;8883.1500;45.8405;0.3388;0.0000;-786.0500;0.0000;6.8165;0.0000;-786.0500;0.0000;6.8165;1.0000;0.0000;0.0000;0.0000;0.0000
1424;718.76;784.2000;19735.1500;9609.3000;8825.1000;46.5681;0.3319;0.0000;-784.2000;0.0000;6.8165;0.0000;-784.2000;0.0000;6.8165;1.0000;0.0000;0.0000;0.0000;0.0000
1425;719.03;791.3500;19547.9000;9353.8500;8562.5000;45.6507;0.3406;0.0000;-791.3500;0.0000;6.8165;0.0000;-791.3500;0.0000;6.8165;1.0000;0.0000;0.0000;0.0000;0.0000
1426;719.31;771.9000;19410.7000;9180.4500;8408.5500;45.1132;0.3457;0.0000;-771.9000;0.0000;6.8165;0.0000;-771.9000;0.0000;6.8165;1.0000;0.0000;0.0000;0.0000;0.0000
1427;719.58;778.5500;18912.4000;8963.3500;8184.8000;45.1355;0.3455;0.0000;-778.5500;0.0000;6.8165;0.0000;-778.5500;0.0000;6.8165;1.0000;0.0000;0.0000;0.0000;0.0000
1428;719.86;782.6500;18693.9000;8817.3500;8034.7000;44.8584;0.3482;0.0000;-782.6500;0.0000;6.8165;0.0000;-782.6500;0.0000;6.8165;1.0000;0.0000;0.0000;0.0000;0.0000
1429;720.13;778.3000;18346.9500;8708.4500;7930.1500;45.1381;0.3455;0.0000;-778.3000;0.0000;6.8165;0.0000;-778.3000;0.0000;6.8165;1.0000;0.0000;0.0000;0.0000;0.0000
1430;720.40;792.3500;17862.9000;8584.4000;7792.0500;45.6462;0.3406;0.0000;-792.3500;0.0000;6.8165;0.0000;-792.3500;0.0000;6.8165;1.0000;0.0000;0.0000;0.0000;0.0000
1431;720.68;776.4000;17510.7000;8409.6000;7633.2000;45.6141;0.3409;0.0000;-776.4000;0.0000;6.8165;0.0000;-776.4000;0.0000;6.8165;1.0000;0.0000;0.0000;0.0000;0.0000
1432;720.95;801.4000;17025.8500;8224.6000;7423.2000;45.7532;0.3396;0.0000;-801.4000;0.0000;6.8165;0.0000;-801.4000;0.0000;6.8165;1.0000;0.0000;0.0000;0.0000;0.0000
1433;721.22;784.0500;16625.2500;8037.0000;7252.9500;45.7854;0.3393;0.0000;-784.0500;0.0000;6.8165;0.0000;-784.0500;0.0000;6.8165;1.0000;0.0000;0.0000;0.0000;0.0000
1434;721.50;786.5500;16321.1500;7950.2000;7163.6500;46.1142;0.3362;0.0000;-786.5500;0.0000;6.8165;0.0000;-786.5500;0.0000;6.8165;1.0000;0.0000;0.0000;0.0000;0.0000
1435;721.77;781.3500;16340.4000;7869.1000;7087.7500;45.5539;0.3415;0.0000;-781.3500;0.0000;6.8165;0.0000;-781.3500;0.0000;6.8165;1.0000;0.0000;0.0000;0.0000;0.0000
1436;722.04;782.5500;16189.5500;7709.6000;6927.0500;44.9604;0.3472;0.0000;-782.5500;0.0000;6.8165;0.0000;-782.5500;0.0000;6.8165;1.0000;0.0000;0.0000;0.0000;0.0000
1437;722.31;783.5000;15979.8500;7601.7000;6818.2000;44.8674;0.3481;0.0000;-783.5000;0.0000;6.8165;0.0000;-783.5000;0.0000;6.8165;1.0000;0.0000;0.0000;0.0000;0.0000
1438;722.59;763.2500;15677.6500;7552.5000;6789.2500;45.5214;0.3418;0.0000;-763.2500;0.0000;6.8165;0.0000;-763.2500;0.0000;6.8165;1.0000;0.0000;0.0000;0.0000;0.0000
1439;722.86;784.8500;15306.0000;7412.0000;6627.1500;45.6379;0.3407;0.0000;-784.8500;0.0000;6.8165;0.0000;-784.8500;0.0000;6.8165;1.0000;0.0000;0.0000;0.0000;0.0000
1440;723.13;793.1500;15235.3500;7193.9000;6400.7500;44.3198;0.3534;0.0000;-793.1500;0.0000;6.8165;0.0000;-793.1500;0.0000;6.8165;1.0000;0.0000;0.0000;0.0000;0.0000
1441;723.40;777.6500;14993.6500;7134.0500;6356.4000;44.7130;0.3496;0.0000;-777.6500;0.0000;6.8165;0.0000;-777.6500;0.0000;6.8165;1.0000;0.0000;0.0000;0.0000;0.0000
1442;723.68;787.5500;14644.0000;7098.0500;6310.5000;45.5420;0.3416;0.0000;-787.5500;0.0000;6.8165;0.0000;-787.5500;0.0000;6.8165;1.0000;0.0000;0.0000;0.0000;0.0000
1443;723.95;789.1500;14296.0500;7027.5000;6238.3500;46.1864;0.3355;0.0000;-789.1500;0.0000;6.8165;0.0000;-789.1500;0.0000;6.8165;1.0000;0.0000;0.0000;0.0000;0.0000
1444;724.22;782.0000;14012.9500;6918.5000;6136.5000;46.3799;0.3337;0.0000;-782.0000;0.0000;6.8165;0.0000;-782.0000;0.0000;6.8165;1.0000;0.0000;0.0000;0.0000;0.0000
1445;724.49;778.2000;13849.7500;6913.0500;6134.8500;46.9328;0.3285;0.0000;-778.2000;0.0000;6.8165;0.0000;-778.2000;0.0000;6.8165;1.0000;0.0000;0.0000;0.0000;0.0000
1446;724.76;787.5500;13595.4000;6797.2000;6009.6500;46.9216;0.3286;0.0000;-787.5500;0.0000;6.8165;0.0000;-787.5500;0.0000;6.8165;1.0000;0.0000;0.0000;0.0000;0.0000
1447;725.04;791.1000;13466.5000;6691.0000;5899.9000;46.5461;0.3321;0.0000;-791.1000;0.0000;6.8165;0.0000;-791.1000;0.0000;6.8165;1.0000;0.0000;0.0000;0.0000;0.0000
1448;725.31;777.0500;13286.5500;6580.7500;5803.7000;46.3943;0.3335;0.0000;-777.0500;0.0000;6.8165;0.0000;-777.0500;0.0000;6.8165;1.0000;0.0000;0.0000;0.0000;0.0000
1449;725.58;792.5000;13263.9500;6548.4500;5755.9500;46.1530;0.3358;0.0000;-792.5000;0.0000;6.8165;0.0000;-792.5000;0.0000;6.8165;1.0000;0.0000;0.0000;0.0000;0.0000
1450;725.85;783.3000;13098.8000;6537.0000;5753.7000;46.7192;0.3305;0.0000;-783.3000;0.0000;6.8165;0.0000;-783.3000;0.0000;6.8165;1.0000;0.0000;0.0000;0.0000;0.0000
1451;726.12;789.4000;13070.9500;6530.4500;5741.0500;46.7453;0.3303;0.0000;-789.4000;0.0000;6.8165;0.0000;-789.4000;0.0000;6.8165;1.0000;0.0000;0.0000;0.0000;0.0000
1452;726.39;799.9000;13066.7500;6427.3500;5627.4500;45.8753;0.3384;0.0000;-799.9000;0.0000;6.8165;0.0000;-799.9000;0.0000;6.8165;1.0000;0.0000;0.0000;0.0000;0.0000
1453;726.66;794.3500;12931.7500;6361.3500;5567.0000;45.8665;0.3385;0.0000;-794.3500;0.0000;6.8165;0.0000;-794.3500;0.0000;6.8165;1.0000;0.0000;0.0000;0.0000;0.0000
1454;726.93;782.5500;12650.1500;6284.0500;5501.5000;46.3573;0.3339;0.0000;-782.5500;0.0000;6.8165;0.0000;-782.5500;0.0000;6.8165;1.0000;0.0000;0.0000;0.0000;0.0000
1455;727.21;792.6500;12425.3000;6239.1500;5446.5000;46.8208;0.3296;0.0000;-792.6500;0.0000;6.8165;0.0000;-792.6500;0.0000;6.8165;1.0000;0.0000;0.0000;0.0000;0.0000
1456;727.48;769.1500;12256.3000;6237.2000;5468.0500;47.6015;0.3224;0.0000;-769.1500;0.0000;6.8165;0.0000;-769.1500;0.0000;6.8165;1.0000;0.0000;0.0000;0.0000;0.0000
1457;727.75;782.0500;12201.7500;6190.9500;5408.9000;47.3646;0.3245;0.0000;-782.0500;0.0000;6.8165;0.0000;-782.0500;0.0000;6.8165;1.0000;0.0000;0.0000;0.0000;0.0000
1458;728.02;787.6500;12033.7000;6087.6000;5299.9500;47.1272;0.3267;0.0000;-787.6500;0.0000;6.8165;0.0000;-787.6500;0.0000;6.8165;1.0000;0.0000;0.0000;0.0000;0.0000
1459;728.29;776.5000;11975.6000;6084.1000;5307.6000;47.3931;0.3243;0.0000;-776.5000;0.0000;6.8165;0.0000;-776.5000;0.0000;6.8165;1.0000;0.0000;0.0000;0.0000;0.0000
1460;728.56;790.6000;11887.5500;5991.0500;5200.4500;46.8638;0.3292;0.0000;-790.6000;0.0000;6.8165;0.0000;-790.6000;0.0000;6.8165;1.0000;0.0000;0.0000;0.0000;0.0000
1461;728.83;780.2500;11986.9500;5928.1000;5147.8500;45.9355;0.3379;0.0000;-780.2500;0.0000;6.8165;0.0000;-780.2500;0.0000;6.8165;1.0000;0.0000;0.0000;0.0000;0.0000
1462;729.10;771.4500;12021.2500;5857.6500;5086.2000;45.2115;0.3448;0.0000;-771.4500;0.0000;6.8165;0.0000;-771.4500;0.0000;6.8165;1.0000;0.0000;0.0000;0.0000;0.0000
1463;729.37;789.4000;11951.2500;5863.8000;5074.4000;45.4620;0.3424;0.0000;-789.4000;0.0000;6.8165;0.0000;-789.4000;0.0000;6.8165;1.0000;0.0000;0.0000;0.0000;0.0000
1464;729.64;790.2500;11810.9000;5855.3500;5065.1000;45.9601;0.3376;0.0000;-790.2500;0.0000;6.8165;0.0000;-790.2500;0.0000;6.8165;1.0000;0.0000;0.0000;0.0000;0.0000
1465;729.91;796.6500;11637.8500;5816.0000;5019.3500;46.2988;0.3344;0.0000;-796.6500;0.0000;6.8165;0.0000;-796.6500;0.0000;6.8165;1.0000;0.0000;0.0000;0.0000;0.0000
1466;730.18;783.5500;11625.7500;5816.9500;5033.4000;46.4242;0.3333;0.0000;-783.5500;0.0000;6.8165;0.0000;-783.5500;0.0000;6.8165;1.0000;0.0000;0.0000;0.0000;0.0000
1467;730.45;786.2500;11414.3500;5765.1000;4978.8500;46.8461;0.3293;0.0000;-786.2500;0.0000;6.8165;0.0000;-786.2500;0.0000;6.8165;1.0000;0.0000;0.0000;0.0000;0.0000
1468;730.72;777.8000;11340.7500;5735.9000;4958.1000;46.9386;0.3285;0.0000;-777.8000;0.0000;6.8165;0.0000;-777.8000;0.0000;6.8165;1.0000;0.0000;0.0000;0.0000;0.0000
1469;730.99;786.8500;11286.9500;5758.2500;4971.4000;47.3462;0.3247;0.0000;-786.8500;0.0000;6.8165;0.0000;-786.8500;0.0000;6.8165;1.0000;0.0000;0.0000;0.0000;0.0000
1470;731.26;779.7500;11249.4500;5734.5000;4954.7500;47.3247;0.3249;0.0000;-779.7500;0.0000;6.8165;0.0000;-779.7500;0.0000;6.8165;1.0000;0.0000;0.0000;0.0000;0.0000
1471;731.53;797.0500;11300.0500;5834.9000;5037.8500;47.9658;0.3191;0.0000;-797.0500;0.0000;6.8165;0.0000;-797.0500;0.0000;6.8165;1.0000;0.0000;0.0000;0.0000;0.0000
1472;731.80;786.2000;11281.9500;5805.1000;5018.9000;47.8184;0.3204;0.0000;-786.2000;0.0000;6.8165;0.0000;-786.2000;0.0000;6.8165;1.0000;0.0000;0.0000;0.0000;0.0000
1473;732.06;777.6500;11161.1500;5755.4000;4977.7500;47.9390;0.3193;0.0000;-777.6500;0.0000;6.8165;0.0000;-777.6500;0.0000;6.8165;1.0000;0.0000;0.0000;0.0000;0.0000
1474;732.33;787.1500;11370.4000;5907.3500;5120.2000;48.3802;0.3153;0.0000;-787.1500;0.0000;6.8165;0.0000;-787.1500;0.0000;6.8165;1.0000;0.0000;0.0000;0.0000;0.0000
1475;732.60;783.8500;11282.7500;5839.1000;5055.2500;48.1503;0.3174;0.0000;-783.8500;0.0000;6.8165;0.0000;-783.8500;0.0000;6.8165;1.0000;0.0000;0.0000;0.0000;0.0000
1476;732.87;785.1000;11394.9000;5863.7500;5078.6500;47.8675;0.3200;0.0000;-785.1000;0.0000;6.8165;0.0000;-785.1000;0.0000;6.8165;1.0000;0.0000;0.0000;0.0000;0.0000
1477;733.14;774.9500;11530.4000;5890.1500;5115.2000;47.5591;0.3228;0.0000;-774.9500;0.0000;6.8165;0.0000;-774.9500;0.0000;6.8165;1.0000;0.0000;0.0000;0.0000;0.0000
1478;733.41;787.3000;11435.5500;5846.6000;5059.3000;47.5130;0.3232;0.0000;-787.3000;0.0000;6.8165;0.0000;-787.3000;0.0000;6.8165;1.0000;0.0000;0.0000;0.0000;0.0000
1479;733.68;784.0500;11331.1000;5836.5500;5052.5000;47.9044;0.3196;0.0000;-784.0500;0.0000;6.8165;0.0000;-784.0500;0.0000;6.8165;1.0000;0.0000;0.0000;0.0000;0.0000
1480;733.95;777.3500;11197.3000;5813.2000;5035.8500;48.3289;0.3158;0.0000;-777.3500;0.0000;6.8165;0.0000;-777.3500;0.0000;6.8165;1.0000;0.0000;0.0000;0.0000;0.0000
1481;734.21;779.8500;11026.6500;5752.2500;4972.4000;48.5264;0.3140;0.0000;-779.8500;0.0000;6.8165;0.0000;-779.8500;0.0000;6.8165;1.0000;0.0000;0.0000;0.0000;0.0000
1482;734.48;790.8000;10856.4500;5675.2000;4884.4000;48.5254;0.3140;0.0000;-790.8000;0.0000;6.8165;0.0000;-790.8000;0.0000;6.8165;1.0000;0.0000;0.0000;0.0000;0.0000
1483;734.75;792.6000;10782.1000;5584.7500;4792.1500;47.9719;0.3190;0.0000;-792.6000;0.0000;6.8165;0.0000;-792.6000;0.0000;6.8165;1.0000;0.0000;0.0000;0.0000;0.0000
1484;735.02;777.5500;10617.1500;5460.0500;4682.5000;47.5883;0.3225;0.0000;-777.5500;0.0000;6.8165;0.0000;-777.5500;0.0000;6.8165;1.0000;0.0000;0.0000;0.0000;0.0000
1485;735.29;778.3000;10410.0500;5352.6000;4574.3000;47.4919;0.3234;0.0000;-778.3000;0.0000;6.8165;0.0000;-778.3000;0.0000;6.8165;1.0000;0.0000;0.0000;0.0000;0.0000
1486;735.55;792.6000;10199.0500;5283.0500;4490.4500;47.7380;0.3211;0.0000;-792.6000;0.0000;6.8165;0.0000;-792.6000;0.0000;6.8165;1.0000;0.0000;0.0000;0.0000;0.0000
1487;735.82;794.0500;10012.6500;5267.1500;4473.1000;48.5226;0.3141;0.0000;-794.0500;0.0000;6.8165;0.0000;-794.0500;0.0000;6.8165;1.0000;0.0000;0.0000;0.0000;0.0000
1488;736.09;778.4500;9677.7500;5140.9500;4362.5000;49.0207;0.3096;0.0000;-778.4500;0.0000;6.8165;0.0000;-778.4500;0.0000;6.8165;1.0000;0.0000;0.0000;0.0000;0.0000
1489;736.36;784.1000;9532.3000;5119.5500;4335.4500;49.5582;0.3049;0.0000;-784.1000;0.0000;6.8165;0.0000;-784.1000;0.0000;6.8165;1.0000;0.0000;0.0000;0.0000;0.0000
1490;736.62;783.1000;9451.0500;5029.8500;4246.7500;48.9937;0.3099;0.0000;-783.1000;0.0000;6.8165;0.0000;-783.1000;0.0000;6.8165;1.0000;0.0000;0.0000;0.0000;0.0000
1491;736.89;787.5500;9367.4000;4982.2500;4194.7000;48.8901;0.3108;0.0000;-787.5500;0.0000;6.8165;0.0000;-787.5500;0.0000;6.8165;1.0000;0.0000;0.0000;0.0000;0.0000
1492;737.16;778.9500;9219.3500;4919.1500;4140.2000;49.0522;0.3093;0.0000;-778.9500;0.0000;6.8165;0.0000;-778.9500;0.0000;6.8165;1.0000;0.0000;0.0000;0.0000;0.0000
1493;737.43;791.9000;9037.3500;4821.3500;4029.4500;48.8688;0.3110;0.0000;-791.9000;0.0000;6.8165;0.0000;-791.9000;0.0000;6.8165;1.0000;0.0000;0.0000;0.0000;0.0000
1494;737.69;782.5000;8880.9000;4779.2000;3996.7000;49.3517;0.3067;0.0000;-782.5000;0.0000;6.8165;0.0000;-782.5000;0.0000;6.8165;1.0000;0.0000;0.0000;0.0000;0.0000
1495;737.96;796.0000;8724.8500;4658.8500;3862.8500;48.7189;0.3123;0.0000;-796.0000;0.0000;6.8165;0.0000;-796.0000;0.0000;6.8165;1.0000;0.0000;0.0000;0.0000;0.0000
1496;738.23;784.0000;8618.3000;4628.4500;3844.4500;49.0720;0.3092;0.0000;-784.0000;0.0000;6.8165;0.0000;-784.0000;0.0000;6.8165;1.0000;0.0000;0.0000;0.0000;0.0000
1497;738.49;795.4500;8531.7000;4575.4000;3779.9500;48.8602;0.3110;0.0000;-795.4500;0.0000;6.8165;0.0000;-795.4500;0.0000;6.8165;1.0000;0.0000;0.0000;0.0000;0.0000
1498;738.76;790.7500;8339.1500;4466.9000;3676.1500;48.7010;0.3125;0.0000;-790.7500;0.0000;6.8165;0.0000;-790.7500;0.0000;6.8165;1.0000;0.0000;0.0000;0.0000;0.0000
1499;739.03;789.6000;8278.9000;4433.3500;3643.7500;48.6527;0.3129;0.0000;-789.6000;0.0000;6.8165;0.0000;-789.6000;0.0000;6.8165;1.0000;0.0000;0.0000;0.0000;0.0000
1500;739.29;784.0500;8199.9500;4405.7000;3621.6500;48.8363;0.3113;0.0000;-784.0500;0.0000;6.8165;0.0000;-784.0500;0.0000;6.8165;1.0000;0.0000;0.0000;0.0000;0.0000
1501;739.56;793.2500;8141.9000;4352.6500;3559.4000;48.4361;0.3148;0.0000;-793.2500;0.0000;6.8165;0.0000;-793.2500;0.0000;6.8165;1.0000;0.0000;0.0000;0.0000;0.0000
1502;739.83;776.1500;7994.4000;4300.6500;3524.5000;48.8276;0.3113;0.0000;-776.1500;0.0000;6.8165;0.0000;-776.1500;0.0000;6.8165;1.0000;0.0000;0.0000;0.0000;0.0000
1503;740.09;776.0500;7791.1000;4261.1000;3485.0500;49.6796;0.3038;0.0000;-776.0500;0.0000;6.8165;0.0000;-776.0500;0.0000;6.8165;1.0000;0.0000;0.0000;0.0000;0.0000
1504;740.36;787.3500;7743.9000;4195.0500;3407.7000;48.9855;0.3099;0.0000;-787.3500;0.0000;6.8165;0.0000;-787.3500;0.0000;6.8165;1.0000;0.0000;0.0000;0.0000;0.0000
1505;740.62;788.1000;7555.4500;4173.2500;3385.1500;50.0218;0.3008;0.0000;-788.1000;0.0000;6.8165;0.0000;-788.1000;0.0000;6.8165;1.0000;0.0000;0.0000;0.0000;0.0000
1506;740.89;795.5000;7412.5000;4049.6000;3254.1000;49.1779;0.3082;0.0000;-795.5000;0.0000;6.8165;0.0000;-795.5000;0.0000;6.8165;1.0000;0.0000;0.0000;0.0000;0.0000
1507;741.16;793.1500;7361.1000;4029.7500;3236.6000;49.2787;0.3073;0.0000;-793.1500;0.0000;6.8165;0.0000;-793.1500;0.0000;6.8165;1.0000;0.0000;0.0000;0.0000;0.0000
1508;741.42;782.0000;7285.4000;3954.0500;3172.0500;48.7753;0.3118;0.0000;-782.0000;0.0000;6.8165;0.0000;-782.0000;0.0000;6.8165;1.0000;0.0000;0.0000;0.0000;0.0000
1509;741.69;782.4000;7117.3500;3846.6500;3064.2500;48.3705;0.3154;0.0000;-782.4000;0.0000;6.8165;0.0000;-782.4000;0.0000;6.8165;1.0000;0.0000;0.0000;0.0000;0.0000
1510;741.95;783.8500;6954.5000;3791.2500;3007.4000;48.7372;0.3121;0.0000;-783.8500;0.0000;6.8165;0.0000;-783.8500;0.0000;6.8165;1.0000;0.0000;0.0000;0.0000;0.0000
1511;742.22;797.7500;6900.4500;3742.7000;2944.9500;48.2565;0.3164;0.0000;-797.7500;0.0000;6.8165;0.0000;-797.7500;0.0000;6.8165;1.0000;0.0000;0.0000;0.0000;0.0000
1512;742.48;803.2500;6677.9000;3601.9000;2798.6500;47.6394;0.3220;0.0000;-803.2500;0.0000;6.8165;0.0000;-803.2500;0.0000;6.8165;1.0000;0.0000;0.0000;0.0000;0.0000
1513;742.75;794.2000;6517.8000;3567.3000;2773.1000;48.4503;0.3147;0.0000;-794.2000;0.0000;6.8165;0.0000;-794.2000;0.0000;6.8165;1.0000;0.0000;0.0000;0.0000;0.0000
1514;743.01;781.0500;6376.5000;3480.6000;2699.5500;48.2454;0.3165;0.0000;-781.0500;0.0000;6.8165;0.0000;-781.0500;0.0000;6.8165;1.0000;0.0000;0.0000;0.0000;0.0000
1515;743.28;772.8500;6240.7000;3419.7500;2646.9000;48.4084;0.3151;0.0000;-772.8500;0.0000;6.8165;0.0000;-772.8500;0.0000;6.8165;1.0000;0.0000;0.0000;0.0000;0.0000
1516;743.54;773.1500;6043.0500;3313.7000;2540.5500;48.2087;0.3169;0.0000;-773.1500;0.0000;6.8165;0.0000;-773.1500;0.0000;6.8165;1.0000;0.0000;0.0000;0.0000;0.0000
1517;743.81;788.1500;5872.2000;3282.5500;2494.4000;49.0632;0.3092;0.0000;-788.1500;0.0000;6.8165;0.0000;-788.1500;0.0000;6.8165;1.0000;0.0000;0.0000;0.0000;0.0000
1518;744.07;769.7500;5724.1500;3225.2000;2455.4500;49.5610;0.3049;0.0000;-769.7500;0.0000;6.8165;0.0000;-769.7500;0.0000;6.8165;1.0000;0.0000;0.0000;0.0000;0.0000
1519;744.34;778.8000;5612.8500;3178.5000;2399.7000;49.6416;0.3042;0.0000;-778.8000;0.0000;6.8165;0.0000;-778.8000;0.0000;6.8165;1.0000;0.0000;0.0000;0.0000;0.0000
1520;744.60;778.4000;5422.6500;3063.6500;2285.2500;49.2060;0.3080;0.0000;-778.4000;0.0000;6.8165;0.0000;-778.4000;0.0000;6.8165;1.0000;0.0000;0.0000;0.0000;0.0000
1521;744.87;784.4000;5374.7000;3042.9500;2258.5500;49.2027;0.3080;0.0000;-784.4000;0.0000;6.8165;0.0000;-784.4000;0.0000;6.8165;1.0000;0.0000;0.0000;0.0000;0.0000
1522;745.13;784.1500;5274.2000;2960.3000;2176.1500;48.4661;0.3146;0.0000;-784.1500;0.0000;6.8165;0.0000;-784.1500;0.0000;6.8165;1.0000;0.0000;0.0000;0.0000;0.0000
1523;745.39;780.6000;5142.0500;2895.7500;2115.1500;48.4965;0.3143;0.0000;-780.6000;0.0000;6.8165;0.0000;-780.6000;0.0000;6.8165;1.0000;0.0000;0.0000;0.0000;0.0000
1524;745.66;799.2500;4963.7000;2834.0000;2034.7500;48.8600;0.3110;0.0000;-799.2500;0.0000;6.8165;0.0000;-799.2500;0.0000;6.8165;1.0000;0.0000;0.0000;0.0000;0.0000
1525;745.92;783.0000;4795.7500;2746.6500;1963.6500;48.9353;0.3104;0.0000;-783.0000;0.0000;6.8165;0.0000;-783.0000;0.0000;6.8165;1.0000;0.0000;0.0000;0.0000;0.0000
1526;746.19;776.8000;4708.9000;2714.8000;1938.0000;49.2866;0.3073;0.0000;-776.8000;0.0000;6.8165;0.0000;-776.8000;0.0000;6.8165;1.0000;0.0000;0.0000;0.0000;0.0000
1527;746.45;773.4500;4578.4500;2669.0000;1895.5500;49.8173;0.3026;0.0000;-773.4500;0.0000;6.8165;0.0000;-773.4500;0.0000;6.8165;1.0000;0.0000;0.0000;0.0000;0.0000
1528;746.71;766.7000;4485.5000;2589.2500;1822.5500;49.0091;0.3097;0.0000;-766.7000;0.0000;6.8165;0.0000;-766.7000;0.0000;6.8165;1.0000;0.0000;0.0000;0.0000;0.0000
1529;746.98;777.3500;4390.4000;2543.9500;1766.6000;48.8950;0.3107;0.0000;-777.3500;0.0000;6.8165;0.0000;-777.3500;0.0000;6.8165;1.0000;0.0000;0.0000;0.0000;0.0000
1530;747.24;788.2000;4294.5500;2508.2000;1720.0000;49.0539;0.3093;0.0000;-788.2000;0.0000;6.8165;0.0000;-788.2000;0.0000;6.8165;1.0000;0.0000;0.0000;0.0000;0.0000
1531;747.50;780.3500;4218.0000;2470.4500;1690.1000;49.1644;0.3083;0.0000;-780.3500;0.0000;6.8165;0.0000;-780.3500;0.0000;6.8165;1.0000;0.0000;0.0000;0.0000;0.0000
1532;747.77;786.2000;4104.0500;2408.2000;1622.0000;48.8871;0.3108;0.0000;-786.2000;0.0000;6.8165;0.0000;-786.2000;0.0000;6.8165;1.0000;0.0000;0.0000;0.0000;0.0000
1533;748.03;784.3500;3997.6500;2353.4000;1569.0500;48.8299;0.3113;0.0000;-784.3500;0.0000;6.8165;0.0000;-784.3500;0.0000;6.8165;1.0000;0.0000;0.0000;0.0000;0.0000
1534;748.29;798.4000;3961.2500;2326.7500;1528.3500;48.3219;0.3159;0.0000;-798.4000;0.0000;6.8165;0.0000;-798.4000;0.0000;6.8165;1.0000;0.0000;0.0000;0.0000;0.0000
1535;748.56;793.4000;3817.2000;2311.1500;1517.7500;50.1935;0.2994;0.0000;-793.4000;0.0000;6.8165;0.0000;-793.4000;0.0000;6.8165;1.0000;0.0000;0.0000;0.0000;0.0000
1536;748.82;793.8000;3714.1000;2271.6000;1477.8000;50.6044;0.2958;0.0000;-793.8000;0.0000;6.8165;0.0000;-793.8000;0.0000;6.8165;1.0000;0.0000;0.0000;0.0000;0.0000
1537;749.08;782.4000;3727.1000;2260.1500;1477.7500;50.1834;0.2994;0.0000;-782.4000;0.0000;6.8165;0.0000;-782.4000;0.0000;6.8165;1.0000;0.0000;0.0000;0.0000;0.0000
1538;749.34;789.0500;3719.0500;2198.6500;1409.6000;48.1092;0.3178;0.0000;-789.0500;0.0000;6.8165;0.0000;-789.0500;0.0000;6.8165;1.0000;0.0000;0.0000;0.0000;0.0000
1539;749.61;790.1500;3669.9000;2186.0500;1395.9000;48.4730;0.3145;0.0000;-790.1500;0.0000;6.8165;0.0000;-790.1500;0.0000;6.8165;1.0000;0.0000;0.0000;0.0000;0.0000
1540;749.87;789.7500;3564.8500;2158.8000;1369.0500;49.3334;0.3069;0.0000;-789.7500;0.0000;6.8165;0.0000;-789.7500;0.0000;6.8165;1.0000;0.0000;0.0000;0.0000;0.0000
1541;750.13;786.8500;3512.3500;2155.2000;1368.3500;50.2055;0.2992;0.0000;-786.8500;0.0000;6.8165;0.0000;-786.8500;0.0000;6.8165;1.0000;0.0000;0.0000;0.0000;0.0000
1542;750.39;788.4500;3475.9000;2119.1000;1330.6500;49.5135;0.3053;0.0000;-788.4500;0.0000;6.8165;0.0000;-788.4500;0.0000;6.8165;1.0000;0.0000;0.0000;0.0000;0.0000
1543;750.65;784.6000;3405.2500;2089.2500;1304.6500;49.7835;0.3029;0.0000;-784.6000;0.0000;6.8165;0.0000;-784.6000;0.0000;6.8165;1.0000;0.0000;0.0000;0.0000;0.0000
1544;750.92;774.0000;3325.3500;2055.0000;1281.0000;50.2087;0.2992;0.0000;-774.0000;0.0000;6.8165;0.0000;-774.0000;0.0000;6.8165;1.0000;0.0000;0.0000;0.0000;0.0000
1545;751.18;785.1500;3299.8000;2011.8500;1226.7000;48.7821;0.3117;0.0000;-785.1500;0.0000;6.8165;0.0000;-785.1500;0.0000;6.8165;1.0000;0.0000;0.0000;0.0000;0.0000
1546;751.44;791.8000;3292.1500;1993.2500;1201.4500;48.0513;0.3183;0.0000;-791.8000;0.0000;6.8165;0.0000;-791.8000;0.0000;6.8165;1.0000;0.0000;0.0000;0.0000;0.0000
1547;751.70;785.9500;3202.0500;1974.6500;1188.7000;49.1991;0.3080;0.0000;-785.9500;0.0000;6.8165;0.0000;-785.9500;0.0000;6.8165;1.0000;0.0000;0.0000;0.0000;0.0000
1548;751.96;786.3500;3128.0500;1933.0000;1146.6500;48.9666;0.3101;0.0000;-786.3500;0.0000;6.8165;0.0000;-786.3500;0.0000;6.8165;1.0000;0.0000;0.0000;0.0000;0.0000
1549;752.23;787.3000;3078.9000;1937.8000;1150.5000;50.2051;0.2993;0.0000;-787.3000;0.0000;6.8165;0.0000;-787.3000;0.0000;6.8165;1.0000;0.0000;0.0000;0.0000;0.0000
1550;752.49;781.1500;3025.2000;1912.3500;1131.2000;50.4089;0.2975;0.0000;-781.1500;0.0000;6.8165;0.0000;-781.1500;0.0000;6.8165;1.0000;0.0000;0.0000;0.0000;0.0000
1551;752.75;781.2000;2957.0000;1892.3500;1111.1500;51.0686;0.2918;0.0000;-781.2000;0.0000;6.8165;0.0000;-781.2000;0.0000;6.8165;1.0000;0.0000;0.0000;0.0000;0.0000
1552;753.01;774.6000;2957.2000;1871.8000;1097.2000;50.2703;0.2987;0.0000;-774.6000;0.0000;6.8165;0.0000;-774.6000;0.0000;6.8165;1.0000;0.0000;0.0000;0.0000;0.0000
1553;753.27;795.1500;2972.8000;1836.3500;1041.2000;47.8130;0.3205;0.0000;-795.1500;0.0000;6.8165;0.0000;-795.1500;0.0000;6.8165;1.0000;0.0000;0.0000;0.0000;0.0000
1554;753.53;787.7500;2947.7500;1820.4000;1032.6500;47.8079;0.3205;0.0000;-787.7500;0.0000;6.8165;0.0000;-787.7500;0.0000;6.8165;1.0000;0.0000;0.0000;0.0000;0.0000
1555;753.79;790.3000;2878.6000;1823.3500;1033.0500;49.4685;0.3057;0.0000;-790.3000;0.0000;6.8165;0.0000;-790.3000;0.0000;6.8165;1.0000;0.0000;0.0000;0.0000;0.0000
1556;754.05;788.5500;2825.7000;1824.8500;1036.3000;50.8701;0.2935;0.0000;-788.5500;0.0000;6.8165;0.0000;-788.5500;0.0000;6.8165;1.0000;0.0000;0.0000;0.0000;0.0000
1557;754.31;795.2500;2784.7000;1793.7500;998.5000;50.1898;0.2994;0.0000;-795.2500;0.0000;6.8165;0.0000;-795.2500;0.0000;6.8165;1.0000;0.0000;0.0000;0.0000;0.0000
1558;754.57;787.9500;2709.2500;1781.5500;993.6000;51.7150;0.2864;0.0000;-787.9500;0.0000;6.8165;0.0000;-787.9500;0.0000;6.8165;1.0000;0.0000;0.0000;0.0000;0.0000
1559;754.84;789.8000;2673.7000;1753.5500;963.7500;51.1572;0.2911;0.0000;-789.8000;0.0000;6.8165;0.0000;-789.8000;0.0000;6.8165;1.0000;0.0000;0.0000;0.0000;0.0000
1560;755.10;787.5500;2669.2000;1718.9000;931.3500;49.4965;0.3054;0.0000;-787.5500;0.0000;6.8165;0.0000;-787.5500;0.0000;6.8165;1.0000;0.0000;0.0000;0.0000;0.0000
1561;755.36;797.0500;2671.9500;1703.1500;906.1000;48.3279;0.3158;0.0000;-797.0500;0.0000;6.8165;0.0000;-797.0500;0.0000;6.8165;1.0000;0.0000;0.0000;0.0000;0.0000
1562;755.62;789.4000;2628.2500;1722.3000;932.9000;50.7328;0.2947;0.0000;-789.4000;0.0000;6.8165;0.0000;-789.4000;0.0000;6.8165;1.0000;0.0000;0.0000;0.0000;0.0000
1563;755.88;765.9000;2598.0500;1677.1500;911.2500;49.7366;0.3033;0.0000;-765.9000;0.0000;6.8165;0.0000;-765.9000;0.0000;6.8165;1.0000;0.0000;0.0000;0.0000;0.0000
1564;756.14;780.0000;2618.8500;1694.3500;914.3500;49.7240;0.3034;0.0000;-780.0000;0.0000;6.8165;0.0000;-780.0000;0.0000;6.8165;1.0000;0.0000;0.0000;0.0000;0.0000
1565;756.40;780.2000;2562.1500;1671.9000;891.7000;50.0407;0.3007;0.0000;-780.2000;0.0000;6.8165;0.0000;-780.2000;0.0000;6.8165;1.0000;0.0000;0.0000;0.0000;0.0000
1566;756.66;777.8000;2518.3000;1653.3000;875.5000;50.3016;0.2984;0.0000;-777.8000;0.0000;6.8165;0.0000;-777.8000;0.0000;6.8165;1.0000;0.0000;0.0000;0.0000;0.0000
1567;756.92;786.7000;2511.8000;1660.9000;874.2000;50.6753;0.2952;0.0000;-786.7000;0.0000;6.8165;0.0000;-786.7000;0.0000;6.8165;1.0000;0.0000;0.0000;0.0000;0.0000
1568;757.18;782.1500;2448.4000;1636.6500;854.5000;51.2828;0.2900;0.0000;-782.1500;0.0000;6.8165;0.0000;-782.1500;0.0000;6.8165;1.0000;0.0000;0.0000;0.0000;0.0000
1569;757.43;787.2500;2476.2000;1637.5000;850.2500;50.3419;0.2981;0.0000;-787.2500;0.0000;6.8165;0.0000;-787.2500;0.0000;6.8165;1.0000;0.0000;0.0000;0.0000;0.0000
1570;757.69;792.4500;2433.5000;1631.0000;838.5500;51.0984;0.2916;0.0000;-792.4500;0.0000;6.8165;0.0000;-792.4500;0.0000;6.8165;1.0000;0.0000;0.0000;0.0000;0.0000
1571;757.95;796.2000;2455.2000;1621.0000;824.8000;49.7167;0.3035;0.0000;-796.2000;0.0000;6.8165;0.0000;-796.2000;0.0000;6.8165;1.0000;0.0000;0.0000;0.0000;0.0000
1572;758.21;798.1000;2432.8500;1636.2000;838.1000;51.2678;0.2902;0.0000;-798.1000;0.0000;6.8165;0.0000;-798.1000;0.0000;6.8165;1.0000;0.0000;0.0000;0.0000;0.0000
1573;758.47;785.1500;2423.4500;1607.0500;821.9000;50.1679;0.2996;0.0000;-785.1500;0.0000;6.8165;0.0000;-785.1500;0.0000;6.8165;1.0000;0.0000;0.0000;0.0000;0.0000
1574;758.73;785.6000;2399.6500;1617.1000;831.5000;51.5164;0.2881;0.0000;-785.6000;0.0000;6.8165;0.0000;-785.6000;0.0000;6.8165;1.0000;0.0000;0.0000;0.0000;0.0000
1575;758.99;776.4500;2426.4000;1632.9000;856.4500;51.9076;0.2848;0.0000;-776.4500;0.0000;6.8165;0.0000;-776.4500;0.0000;6.8165;1.0000;0.0000;0.0000;0.0000;0.0000
1576;759.25;787.0500;2442.2000;1623.1000;836.0500;50.5120;0.2966;0.0000;-787.0500;0.0000;6.8165;0.0000;-787.0500;0.0000;6.8165;1.0000;0.0000;0.0000;0.0000;0.0000
1577;759.51;783.5500;2414.2000;1614.5500;831.0000;50.9613;0.2928;0.0000;-783.5500;0.0000;6.8165;0.0000;-783.5500;0.0000;6.8165;1.0000;0.0000;0.0000;0.0000;0.0000
1578;759.77;782.5000;2435.8500;1595.4000;812.9000;49.1668;0.3083;0.0000;-782.5000;0.0000;6.8165;0.0000;-782.5000;0.0000;6.8165;1.0000;0.0000;0.0000;0.0000;0.0000
1579;760.02;781.7500;2417.6500;1608.6000;826.8500;50.5440;0.2963;0.0000;-781.7500;0.0000;6.8165;0.0000;-781.7500;0.0000;6.8165;1.0000;0.0000;0.0000;0.0000;0.0000
1580;760.28;802.1000;2384.2000;1614.2500;812.1500;51.3337;0.2896;0.0000;-802.1000;0.0000;6.8165;0.0000;-802.1000;0.0000;6.8165;1.0000;0.0000;0.0000;0.0000;0.0000
1581;760.54;795.9000;2401.1500;1607.0500;811.1500;50.5311;0.2964;0.0000;-795.9000;0.0000;6.8165;0.0000;-795.9000;0.0000;6.8165;1.0000;0.0000;0.0000;0.0000;0.0000
1582;760.80;791.6000;2415.8000;1605.9500;814.3500;50.1385;0.2998;0.0000;-791.6000;0.0000;6.8165;0.0000;-791.6000;0.0000;6.8165;1.0000;0.0000;0.0000;0.0000;0.0000
1583;761.06;778.1500;2408.6000;1610.4000;832.2500;51.0442;0.2921;0.0000;-778.1500;0.0000;6.8165;0.0000;-778.1500;0.0000;6.8165;1.0000;0.0000;0.0000;0.0000;0.0000
1584;761.32;784.9000;2380.9500;1608.1000;823.2000;51.5773;0.2875;0.0000;-784.9000;0.0000;6.8165;0.0000;-784.9000;0.0000;6.8165;1.0000;0.0000;0.0000;0.0000;0.0000
1585;761.57;784.1500;2341.7500;1607.8000;823.6500;52.8794;0.2767;0.0000;-784.1500;0.0000;6.8165;0.0000;-784.1500;0.0000;6.8165;1.0000;0.0000;0.0000;0.0000;0.0000
1586;761.83;778.9500;2360.6500;1606.7500;827.8000;52.3361;0.2812;0.0000;-778.9500;0.0000;6.8165;0.0000;-778.9500;0.0000;6.8165;1.0000;0.0000;0.0000;0.0000;0.0000
1587;762.09;782.9500;2368.6500;1576.8500;793.9000;50.0662;0.3005;0.0000;-782.9500;0.0000;6.8165;0.0000;-782.9500;0.0000;6.8165;1.0000;0.0000;0.0000;0.0000;0.0000
1588;762.35;794.6000;2348.4000;1587.6000;793.0000;51.0362;0.2921;0.0000;-794.6000;0.0000;6.8165;0.0000;-794.6000;0.0000;6.8165;1.0000;0.0000;0.0000;0.0000;0.0000
1589;762.60;781.9500;2357.3500;1617.2500;835.3000;53.0215;0.2755;0.0000;-781.9500;0.0000;6.8165;0.0000;-781.9500;0.0000;6.8165;1.0000;0.0000;0.0000;0.0000;0.0000
1590;762.86;779.2500;2358.8500;1596.7500;817.5000;51.7536;0.2861;0.0000;-779.2500;0.0000;6.8165;0.0000;-779.2500;0.0000;6.8165;1.0000;0.0000;0.0000;0.0000;0.0000
1591;763.12;770.7000;2379.3000;1626.6000;855.9000;53.2078;0.2740;0.0000;-770.7000;0.0000;6.8165;0.0000;-770.7000;0.0000;6.8165;1.0000;0.0000;0.0000;0.0000;0.0000
1592;763.38;781.5000;2381.0500;1652.6000;871.1000;54.4591;0.2639;0.0000;-781.5000;0.0000;6.8165;0.0000;-781.5000;0.0000;6.8165;1.0000;0.0000;0.0000;0.0000;0.0000
1593;763.63;770.1500;2439.9000;1686.2000;916.0500;54.8615;0.2607;0.0000;-770.1500;0.0000;6.8165;0.0000;-770.1500;0.0000;6.8165;1.0000;0.0000;0.0000;0.0000;0.0000
1594;763.89;787.5500;2528.5000;1734.8000;947.2500;54.4099;0.2643;0.0000;-787.5500;0.0000;6.8165;0.0000;-787.5500;0.0000;6.8165;1.0000;0.0000;0.0000;0.0000;0.0000
1595;764.15;775.5000;2638.5500;1824.8500;1049.3500;56.3243;0.2493;0.0000;-775.5000;0.0000;6.8165;0.0000;-775.5000;0.0000;6.8165;1.0000;0.0000;0.0000;0.0000;0.0000
1596;764.40;784.2000;2718.7500;1935.6500;1151.4500;59.5203;0.2253;0.0000;-784.2000;0.0000;6.8165;0.0000;-784.2000;0.0000;6.8165;1.0000;0.0000;0.0000;0.0000;0.0000
1597;764.66;786.1000;2818.1000;2005.1500;1219.0500;59.9926;0.2219;0.0000;-786.1000;0.0000;6.8165;0.0000;-786.1000;0.0000;6.8165;1.0000;0.0000;0.0000;0.0000;0.0000
1598;764.92;789.2500;2985.5000;2059.2000;1269.9500;57.8236;0.2379;0.0000;-789.2500;0.0000;6.8165;0.0000;-789.2500;0.0000;6.8165;1.0000;0.0000;0.0000;0.0000;0.0000
1599;765.17;791.1000;3066.3000;2037.5000;1246.4000;54.7820;0.2614;0.0000;-791.1000;0.0000;6.8165;0.0000;-791.1000;0.0000;6.8165;1.0000;0.0000;0.0000;0.0000;0.0000
1600;765.43;800.2500;3052.1000;1977.8500;1177.6000;52.2948;0.2815;0.0000;-800.2500;0.0000;6.8165;0.0000;-800.2500;0.0000;6.8165;1.0000;0.0000;0.0000;0.0000;0.0000
1601;765.69;792.6500;3058.8500;1926.4000;1133.7500;50.0287;0.3008;0.0000;-792.6500;0.0000;6.8165;0.0000;-792.6500;0.0000;6.8165;1.0000;0.0000;0.0000;0.0000;0.0000
1602;765.94;801.8500;3002.6500;1861.7000;1059.8500;48.1575;0.3173;0.0000;-801.8500;0.0000;6.8165;0.0000;-801.8500;0.0000;6.8165;1.0000;0.0000;0.0000;0.0000;0.0000
1603;766.20;782.3500;2862.0500;1806.4000;1024.0500;49.2403;0.3077;0.0000;-782.3500;0.0000;6.8165;0.0000;-782.3500;0.0000;6.8165;1.0000;0.0000;0.0000;0.0000;0.0000
1604;766.45;773.7000;2696.7000;1732.4500;958.7500;49.8570;0.3023;0.0000;-773.7000;0.0000;6.8165;0.0000;-773.7000;0.0000;6.8165;1.0000;0.0000;0.0000;0.0000;0.0000
1605;766.71;785.0500;2638.3000;1670.4000;885.3500;47.7728;0.3208;0.0000;-785.0500;0.0000;6.8165;0.0000;-785.0500;0.0000;6.8165;1.0000;0.0000;0.0000;0.0000;0.0000
1606;766.97;795.0500;2563.6500;1608.7500;813.7000;46.0081;0.3372;0.0000;-795.0500;0.0000;6.8165;0.0000;-795.0500;0.0000;6.8165;1.0000;0.0000;0.0000;0.0000;0.0000
1607;767.22;796.9000;2436.2500;1567.5500;770.6500;47.0095;0.3278;0.0000;-796.9000;0.0000;6.8165;0.0000;-796.9000;0.0000;6.8165;1.0000;0.0000;0.0000;0.0000;0.0000
1608;767.48;797.8000;2304.8500;1533.6500;735.8500;48.8272;0.3113;0.0000;-797.8000;0.0000;6.8165;0.0000;-797.8000;0.0000;6.8165;1.0000;0.0000;0.0000;0.0000;0.0000
1609;767.73;802.3500;2260.6500;1482.5000;680.1500;46.6399;0.3312;0.0000;-802.3500;0.0000;6.8165;0.0000;-802.3500;0.0000;6.8165;1.0000;0.0000;0.0000;0.0000;0.0000
1610;767.99;797.5000;2191.0000;1458.5000;661.0000;47.4345;0.3239;0.0000;-797.5000;0.0000;6.8165;0.0000;-797.5000;0.0000;6.8165;1.0000;0.0000;0.0000;0.0000;0.0000
1611;768.24;790.2000;2140.5000;1462.2000;672.0000;49.7667;0.3031;0.0000;-790.2000;0.0000;6.8165;0.0000;-790.2000;0.0000;6.8165;1.0000;0.0000;0.0000;0.0000;0.0000
1612;768.50;792.5000;2083.9500;1418.1000;625.6000;48.4417;0.3148;0.0000;-792.5000;0.0000;6.8165;0.0000;-792.5000;0.0000;6.8165;1.0000;0.0000;0.0000;0.0000;0.0000
1613;768.75;788.7500;2021.6000;1409.6500;620.9000;50.3630;0.2979;0.0000;-788.7500;0.0000;6.8165;0.0000;-788.7500;0.0000;6.8165;1.0000;0.0000;0.0000;0.0000;0.0000
1614;769.01;793.7000;2000.1000;1395.1000;601.4000;49.8508;0.3023;0.0000;-793.7000;0.0000;6.8165;0.0000;-793.7000;0.0000;6.8165;1.0000;0.0000;0.0000;0.0000;0.0000
1615;769.26;790.1500;1940.5000;1370.0500;579.9000;50.4107;0.2975;0.0000;-790.1500;0.0000;6.8165;0.0000;-790.1500;0.0000;6.8165;1.0000;0.0000;0.0000;0.0000;0.0000
1616;769.52;786.2500;1896.3000;1354.8500;568.6000;51.2229;0.2905;0.0000;-786.2500;0.0000;6.8165;0.0000;-786.2500;0.0000;6.8165;1.0000;0.0000;0.0000;0.0000;0.0000
1617;769.77;773.3500;1893.6000;1337.0500;563.7000;50.3191;0.2983;0.0000;-773.3500;0.0000;6.8165;0.0000;-773.3500;0.0000;6.8165;1.0000;0.0000;0.0000;0.0000;0.0000
1618;770.03;785.2500;1861.8500;1328.5500;543.3000;50.4644;0.2970;0.0000;-785.2500;0.0000;6.8165;0.0000;-785.2500;0.0000;6.8165;1.0000;0.0000;0.0000;0.0000;0.0000
1619;770.28;784.9500;1828.2500;1301.4000;516.4500;49.5016;0.3054;0.0000;-784.9500;0.0000;6.8165;0.0000;-784.9500;0.0000;6.8165;1.0000;0.0000;0.0000;0.0000;0.0000
1620;770.54;801.1500;1799.6000;1279.1000;477.9500;47.8692;0.3199;0.0000;-801.1500;0.0000;6.8165;0.0000;-801.1500;0.0000;6.8165;1.0000;0.0000;0.0000;0.0000;0.0000
1621;770.79;799.5000;1810.5500;1280.0500;480.5500;47.5298;0.3230;0.0000;-799.5000;0.0000;6.8165;0.0000;-799.5000;0.0000;6.8165;1.0000;0.0000;0.0000;0.0000;0.0000
1622;771.04;789.3000;1787.9500;1271.6000;482.3000;48.2952;0.3161;0.0000;-789.3000;0.0000;6.8165;0.0000;-789.3000;0.0000;6.8165;1.0000;0.0000;0.0000;0.0000;0.0000
1623;771.30;796.7500;1774.7500;1265.8000;469.0500;47.9601;0.3191;0.0000;-796.7500;0.0000;6.8165;0.0000;-796.7500;0.0000;6.8165;1.0000;0.0000;0.0000;0.0000;0.0000
1624;771.55;787.6500;1758.1000;1266.8000;479.1500;49.3740;0.3065;0.0000;-787.6500;0.0000;6.8165;0.0000;-787.6500;0.0000;6.8165;1.0000;0.0000;0.0000;0.0000;0.0000
1625;771.81;790.8500;1706.4500;1247.7500;456.9000;49.9017;0.3019;0.0000;-790.8500;0.0000;6.8165;0.0000;-790.8500;0.0000;6.8165;1.0000;0.0000;0.0000;0.0000;0.0000
1626;772.06;782.2000;1699.2500;1236.8500;454.6500;49.5774;0.3047;0.0000;-782.2000;0.0000;6.8165;0.0000;-782.2000;0.0000;6.8165;1.0000;0.0000;0.0000;0.0000;0.0000
1627;772.31;787.2500;1681.5500;1217.4000;430.1500;48.0991;0.3179;0.0000;-787.2500;0.0000;6.8165;0.0000;-787.2500;0.0000;6.8165;1.0000;0.0000;0.0000;0.0000;0.0000
1628;772.57;780.8500;1675.8500;1225.8500;445.0000;49.7207;0.3035;0.0000;-780.8500;0.0000;6.8165;0.0000;-780.8500;0.0000;6.8165;1.0000;0.0000;0.0000;0.0000;0.0000
1629;772.82;787.5500;1681.8000;1221.4000;433.8500;48.5155;0.3141;0.0000;-787.5500;0.0000;6.8165;0.0000;-787.5500;0.0000;6.8165;1.0000;0.0000;0.0000;0.0000;0.0000
1630;773.07;778.3000;1655.0000;1211.8500;433.5500;49.4525;0.3058;0.0000;-778.3000;0.0000;6.8165;0.0000;-778.3000;0.0000;6.8165;1.0000;0.0000;0.0000;0.0000;0.0000
1631;773.33;785.7000;1635.6000;1191.3500;405.6500;47.7291;0.3212;0.0000;-785.7000;0.0000;6.8165;0.0000;-785.7000;0.0000;6.8165;1.0000;0.0000;0.0000;0.0000;0.0000
1632;773.58;795.8000;1621.8500;1193.3500;397.5500;48.1266;0.3176;0.0000;-795.8000;0.0000;6.8165;0.0000;-795.8000;0.0000;6.8165;1.0000;0.0000;0.0000;0.0000;0.0000
1633;773.83;787.7500;1609.5000;1186.9000;399.1500;48.5732;0.3136;0.0000;-787.7500;0.0000;6.8165;0.0000;-787.7500;0.0000;6.8165;1.0000;0.0000;0.0000;0.0000;0.0000
1634;774.09;773.4000;1601.9500;1167.1000;393.7000;47.5167;0.3232;0.0000;-773.4000;0.0000;6.8165;0.0000;-773.4000;0.0000;6.8165;1.0000;0.0000;0.0000;0.0000;0.0000
1635;774.34;782.4000;1577.2000;1175.8000;393.4000;49.4967;0.3054;0.0000;-782.4000;0.0000;6.8165;0.0000;-782.4000;0.0000;6.8165;1.0000;0.0000;0.0000;0.0000;0.0000
1636;774.59;778.3000;1563.3500;1175.4000;397.1000;50.5828;0.2960;0.0000;-778.3000;0.0000;6.8165;0.0000;-778.3000;0.0000;6.8165;1.0000;0.0000;0.0000;0.0000;0.0000
1637;774.85;771.0000;1547.0000;1165.0500;394.0500;50.7796;0.2943;0.0000;-771.0000;0.0000;6.8165;0.0000;-771.0000;0.0000;6.8165;1.0000;0.0000;0.0000;0.0000;0.0000
1638;775.10;793.4000;1549.4000;1156.1000;362.7000;47.9762;0.3190;0.0000;-793.4000;0.0000;6.8165;0.0000;-793.4000;0.0000;6.8165;1.0000;0.0000;0.0000;0.0000;0.0000
1639;775.35;791.9500;1554.9500;1144.2500;352.3000;46.1730;0.3356;0.0000;-791.9500;0.0000;6.8165;0.0000;-791.9500;0.0000;6.8165;1.0000;0.0000;0.0000;0.0000;0.0000
1640;775.60;788.3000;1519.3000;1137.1500;348.8500;47.7223;0.3213;0.0000;-788.3000;0.0000;6.8165;0.0000;-788.3000;0.0000;6.8165;1.0000;0.0000;0.0000;0.0000;0.0000
1641;775.85;791.1000;1522.9500;1129.4000;338.3000;46.2253;0.3351;0.0000;-791.1000;0.0000;6.8165;0.0000;-791.1000;0.0000;6.8165;1.0000;0.0000;0.0000;0.0000;0.0000
1642;776.11;787.4500;1513.9000;1142.2000;354.7500;48.8334;0.3113;0.0000;-787.4500;0.0000;6.8165;0.0000;-787.4500;0.0000;6.8165;1.0000;0.0000;0.0000;0.0000;0.0000
1643;776.36;783.9500;1482.6500;1131.9500;348.0000;49.8068;0.3027;0.0000;-783.9500;0.0000;6.8165;0.0000;-783.9500;0.0000;6.8165;1.0000;0.0000;0.0000;0.0000;0.0000
1644;776.61;791.2500;1489.1000;1140.8500;349.6000;50.0967;0.3002;0.0000;-791.2500;0.0000;6.8165;0.0000;-791.2500;0.0000;6.8165;1.0000;0.0000;0.0000;0.0000;0.0000
1645;776.86;791.1000;1489.7000;1136.8000;345.7000;49.4847;0.3055;0.0000;-791.1000;0.0000;6.8165;0.0000;-791.1000;0.0000;6.8165;1.0000;0.0000;0.0000;0.0000;0.0000
1646;777.11;772.6500;1494.1000;1106.5000;333.8500;46.2749;0.3347;0.0000;-772.6500;0.0000;6.8165;0.0000;-772.6500;0.0000;6.8165;1.0000;0.0000;0.0000;0.0000;0.0000
1647;777.37;789.9000;1483.7000;1113.7000;323.8000;46.6705;0.3310;0.0000;-789.9000;0.0000;6.8165;0.0000;-789.9000;0.0000;6.8165;1.0000;0.0000;0.0000;0.0000;0.0000
1648;777.62;788.8000;1482.7000;1129.7500;340.9500;49.1353;0.3086;0.0000;-788.8000;0.0000;6.8165;0.0000;-788.8000;0.0000;6.8165;1.0000;0.0000;0.0000;0.0000;0.0000
1649;777.87;795.8500;1466.6500;1100.1500;304.3000;45.3637;0.3433;0.0000;-795.8500;0.0000;6.8165;0.0000;-795.8500;0.0000;6.8165;1.0000;0.0000;0.0000;0.0000;0.0000
1650;778.12;787.2500;1463.9500;1093.0500;305.8000;45.1899;0.3450;0.0000;-787.2500;0.0000;6.8165;0.0000;-787.2500;0.0000;6.8165;1.0000;0.0000;0.0000;0.0000;0.0000
1651;778.37;791.1000;1448.1500;1098.5000;307.4000;46.7849;0.3299;0.0000;-791.1000;0.0000;6.8165;0.0000;-791.1000;0.0000;6.8165;1.0000;0.0000;0.0000;0.0000;0.0000
1652;778.62;787.1000;1439.4000;1092.8000;305.7000;46.8649;0.3292;0.0000;-787.1000;0.0000;6.8165;0.0000;-787.1000;0.0000;6.8165;1.0000;0.0000;0.0000;0.0000;0.0000
1653;778.87;786.5500;1441.3500;1080.2500;293.7000;44.8534;0.3482;0.0000;-786.5500;0.0000;6.8165;0.0000;-786.5500;0.0000;6.8165;1.0000;0.0000;0.0000;0.0000;0.0000
1654;779.12;788.5000;1434.1000;1090.3000;301.8000;46.7472;0.3302;0.0000;-788.5000;0.0000;6.8165;0.0000;-788.5000;0.0000;6.8165;1.0000;0.0000;0.0000;0.0000;0.0000
1655;779.38;793.3000;1424.8500;1081.6500;288.3500;45.6575;0.3405;0.0000;-793.3000;0.0000;6.8165;0.0000;-793.3000;0.0000;6.8165;1.0000;0.0000;0.0000;0.0000;0.0000
1656;779.63;794.7000;1434.2000;1101.4500;306.7500;47.9672;0.3191;0.0000;-794.7000;0.0000;6.8165;0.0000;-794.7000;0.0000;6.8165;1.0000;0.0000;0.0000;0.0000;0.0000
1657;779.88;782.5000;1439.4000;1095.4000;312.9000;47.6328;0.3221;0.0000;-782.5000;0.0000;6.8165;0.0000;-782.5000;0.0000;6.8165;1.0000;0.0000;0.0000;0.0000;0.0000
1658;780.13;782.9500;1421.4000;1091.5000;308.5500;48.3280;0.3158;0.0000;-782.9500;0.0000;6.8165;0.0000;-782.9500;0.0000;6.8165;1.0000;0.0000;0.0000;0.0000;0.0000
1659;780.38;798.5000;1416.7000;1092.9000;294.4000;47.6221;0.3222;0.0000;-798.5000;0.0000;6.8165;0.0000;-798.5000;0.0000;6.8165;1.0000;0.0000;0.0000;0.0000;0.0000
1660;780.63;805.8500;1416.5500;1090.8500;285.0000;46.6678;0.3310;0.0000;-805.8500;0.0000;6.8165;0.0000;-805.8500;0.0000;6.8165;1.0000;0.0000;0.0000;0.0000;0.0000
1661;780.88;785.3000;1414.9000;1077.3000;292.0000;46.3787;0.3337;0.0000;-785.3000;0.0000;6.8165;0.0000;-785.3000;0.0000;6.8165;1.0000;0.0000;0.0000;0.0000;0.0000
1662;781.13;785.8000;1409.7000;1098.4500;312.6500;50.1122;0.3001;0.0000;-785.8000;0.0000;6.8165;0.0000;-785.8000;0.0000;6.8165;1.0000;0.0000;0.0000;0.0000;0.0000
1663;781.38;792.3500;1412.1000;1097.7500;305.4000;49.2779;0.3073;0.0000;-792.3500;0.0000;6.8165;0.0000;-792.3500;0.0000;6.8165;1.0000;0.0000;0.0000;0.0000;0.0000
1664;781.63;778.5000;1410.0000;1100.6000;322.1000;51.0055;0.2924;0.0000;-778.5000;0.0000;6.8165;0.0000;-778.5000;0.0000;6.8165;1.0000;0.0000;0.0000;0.0000;0.0000
1665;781.88;791.5000;1400.4500;1094.6500;303.1500;49.7824;0.3029;0.0000;-791.5000;0.0000;6.8165;0.0000;-791.5000;0.0000;6.8165;1.0000;0.0000;0.0000;0.0000;0.0000
1666;782.13;795.9500;1393.9000;1108.2000;312.2500;52.2201;0.2822;0.0000;-795.9500;0.0000;6.8165;0.0000;-795.9500;0.0000;6.8165;1.0000;0.0000;0.0000;0.0000;0.0000
1667;782.38;788.6500;1385.4500;1086.4500;297.8000;49.8995;0.3019;0.0000;-788.6500;0.0000;6.8165;0.0000;-788.6500;0.0000;6.8165;1.0000;0.0000;0.0000;0.0000;0.0000
1668;782.63;780.7500;1414.7500;1082.0000;301.2500;47.5158;0.3232;0.0000;-780.7500;0.0000;6.8165;0.0000;-780.7500;0.0000;6.8165;1.0000;0.0000;0.0000;0.0000;0.0000
1669;782.88;791.2000;1413.5500;1091.8000;300.6000;48.3008;0.3160;0.0000;-791.2000;0.0000;6.8165;0.0000;-791.2000;0.0000;6.8165;1.0000;0.0000;0.0000;0.0000;0.0000
1670;783.13;789.2000;1398.6500;1107.9000;318.7000;52.2931;0.2816;0.0000;-789.2000;0.0000;6.8165;0.0000;-789.2000;0.0000;6.8165;1.0000;0.0000;0.0000;0.0000;0.0000
1671;783.38;792.5000;1395.3500;1108.8000;316.3000;52.4674;0.2801;0.0000;-792.5000;0.0000;6.8165;0.0000;-792.5000;0.0000;6.8165;1.0000;0.0000;0.0000;0.0000;0.0000
1672;783.62;803.2500;1396.1000;1102.3500;299.1000;50.4512;0.2971;0.0000;-803.2500;0.0000;6.8165;0.0000;-803.2500;0.0000;6.8165;1.0000;0.0000;0.0000;0.0000;0.0000
1673;783.87;792.3500;1397.4500;1093.5500;301.2000;49.7769;0.3030;0.0000;-792.3500;0.0000;6.8165;0.0000;-792.3500;0.0000;6.8165;1.0000;0.0000;0.0000;0.0000;0.0000
1674;784.12;774.2000;1404.6500;1103.0000;328.8000;52.1532;0.2827;0.0000;-774.2000;0.0000;6.8165;0.0000;-774.2000;0.0000;6.8165;1.0000;0.0000;0.0000;0.0000;0.0000
1675;784.37;784.0500;1421.4000;1097.4000;313.3500;49.1645;0.3083;0.0000;-784.0500;0.0000;6.8165;0.0000;-784.0500;0.0000;6.8165;1.0000;0.0000;0.0000;0.0000;0.0000
1676;784.62;783.2000;1409.8000;1108.1000;324.9000;51.8513;0.2852;0.0000;-783.2000;0.0000;6.8165;0.0000;-783.2000;0.0000;6.8165;1.0000;0.0000;0.0000;0.0000;0.0000
1677;784.87;788.6000;1420.5000;1095.4000;306.8000;48.5520;0.3138;0.0000;-788.6000;0.0000;6.8165;0.0000;-788.6000;0.0000;6.8165;1.0000;0.0000;0.0000;0.0000;0.0000
1678;785.12;799.4500;1418.2500;1086.3000;286.8500;46.3559;0.3339;0.0000;-799.4500;0.0000;6.8165;0.0000;-799.4500;0.0000;6.8165;1.0000;0.0000;0.0000;0.0000;0.0000
1679;785.37;794.6500;1417.6000;1100.1000;305.4500;49.0328;0.3095;0.0000;-794.6500;0.0000;6.8165;0.0000;-794.6500;0.0000;6.8165;1.0000;0.0000;0.0000;0.0000;0.0000
1680;785.61;787.8000;1405.0500;1095.3500;307.5500;49.8258;0.3025;0.0000;-787.8000;0.0000;6.8165;0.0000;-787.8000;0.0000;6.8165;1.0000;0.0000;0.0000;0.0000;0.0000
1681;785.86;785.6500;1404.1000;1082.9000;297.2500;48.0637;0.3182;0.0000;-785.6500;0.0000;6.8165;0.0000;-785.6500;0.0000;6.8165;1.0000;0.0000;0.0000;0.0000;0.0000
1682;786.11;790.4000;1402.0500;1077.2000;286.8000;46.8896;0.3289;0.0000;-790.4000;0.0000;6.8165;0.0000;-790.4000;0.0000;6.8165;1.0000;0.0000;0.0000;0.0000;0.0000
1683;786.36;794.3000;1423.3500;1080.0500;285.7500;45.4256;0.3427;0.0000;-794.3000;0.0000;6.8165;0.0000;-794.3000;0.0000;6.8165;1.0000;0.0000;0.0000;0.0000;0.0000
1684;786.61;800.1500;1394.8000;1083.2500;283.1000;47.6078;0.3223;0.0000;-800.1500;0.0000;6.8165;0.0000;-800.1500;0.0000;6.8165;1.0000;0.0000;0.0000;0.0000;0.0000
1685;786.85;800.5000;1418.5500;1087.8500;287.3500;46.4930;0.3326;0.0000;-800.5000;0.0000;6.8165;0.0000;-800.5000;0.0000;6.8165;1.0000;0.0000;0.0000;0.0000;0.0000
1686;787.10;784.9000;1383.4500;1097.4500;312.5500;52.2179;0.2822;0.0000;-784.9000;0.0000;6.8165;0.0000;-784.9000;0.0000;6.8165;1.0000;0.0000;0.0000;0.0000;0.0000
1687;787.35;780.7000;1412.3500;1084.7000;304.0000;48.1279;0.3176;0.0000;-780.7000;0.0000;6.8165;0.0000;-780.7000;0.0000;6.8165;1.0000;0.0000;0.0000;0.0000;0.0000
1688;787.60;777.3500;1394.9500;1089.4500;312.1000;50.5343;0.2964;0.0000;-777.3500;0.0000;6.8165;0.0000;-777.3500;0.0000;6.8165;1.0000;0.0000;0.0000;0.0000;0.0000
1689;787.84;785.0500;1382.4000;1078.2000;293.1500;49.0751;0.3091;0.0000;-785.0500;0.0000;6.8165;0.0000;-785.0500;0.0000;6.8165;1.0000;0.0000;0.0000;0.0000;0.0000
1690;788.09;783.5500;1400.2000;1092.3000;308.7500;50.0689;0.3004;0.0000;-783.5500;0.0000;6.8165;0.0000;-783.5500;0.0000;6.8165;1.0000;0.0000;0.0000;0.0000;0.0000
1691;788.34;793.1000;1397.2000;1095.6500;302.5500;50.0828;0.3003;0.0000;-793.1000;0.0000;6.8165;0.0000;-793.1000;0.0000;6.8165;1.0000;0.0000;0.0000;0.0000;0.0000
1692;788.59;778.6500;1382.8500;1096.6500;318.0000;52.6316;0.2788;0.0000;-778.6500;0.0000;6.8165;0.0000;-778.6500;0.0000;6.8165;1.0000;0.0000;0.0000;0.0000;0.0000
1693;788.83;777.0000;1376.0000;1102.6500;325.6500;54.3656;0.2647;0.0000;-777.0000;0.0000;6.8165;0.0000;-777.0000;0.0000;6.8165;1.0000;0.0000;0.0000;0.0000;0.0000
1694;789.08;782.9000;1390.4500;1089.0500;306.1500;50.3909;0.2976;0.0000;-782.9000;0.0000;6.8165;0.0000;-782.9000;0.0000;6.8165;1.0000;0.0000;0.0000;0.0000;0.0000
1695;789.33;798.4500;1412.5500;1086.5000;288.0500;46.9060;0.3288;0.0000;-798.4500;0.0000;6.8165;0.0000;-798.4500;0.0000;6.8165;1.0000;0.0000;0.0000;0.0000;0.0000
1696;789.57;777.2500;1422.4000;1095.3000;318.0500;49.2986;0.3072;0.0000;-777.2500;0.0000;6.8165;0.0000;-777.2500;0.0000;6.8165;1.0000;0.0000;0.0000;0.0000;0.0000
1697;789.82;798.1000;1431.5500;1088.9000;290.8000;45.9073;0.3381;0.0000;-798.1000;0.0000;6.8165;0.0000;-798.1000;0.0000;6.8165;1.0000;0.0000;0.0000;0.0000;0.0000
1698;790.07;774.4000;1432.8500;1088.5500;314.1500;47.7105;0.3214;0.0000;-774.4000;0.0000;6.8165;0.0000;-774.4000;0.0000;6.8165;1.0000;0.0000;0.0000;0.0000;0.0000
1699;790.31;782.2500;1442.0000;1093.0500;310.8000;47.1088;0.3269;0.0000;-782.2500;0.0000;6.8165;0.0000;-782.2500;0.0000;6.8165;1.0000;0.0000;0.0000;0.0000;0.0000
1700;790.56;780.4500;1449.4000;1089.0500;308.6000;46.1320;0.3360;0.0000;-780.4500;0.0000;6.8165;0.0000;-780.4500;0.0000;6.8165;1.0000;0.0000;0.0000;0.0000;0.0000
1701;790.80;784.9500;1425.8500;1086.3500;301.4000;47.0276;0.3276;0.0000;-784.9500;0.0000;6.8165;0.0000;-784.9500;0.0000;6.8165;1.0000;0.0000;0.0000;0.0000;0.0000
1702;791.05;790.3000;1434.0000;1083.3000;293.0000;45.5181;0.3418;0.0000;-790.3000;0.0000;6.8165;0.0000;-790.3000;0.0000;6.8165;1.0000;0.0000;0.0000;0.0000;0.0000
1703;791.30;778.1000;1420.1000;1098.1000;320.0000;49.8442;0.3024;0.0000;-778.1000;0.0000;6.8165;0.0000;-778.1000;0.0000;6.8165;1.0000;0.0000;0.0000;0.0000;0.0000
1704;791.54;783.5000;1413.1000;1065.7500;282.2500;44.8301;0.3484;0.0000;-783.5000;0.0000;6.8165;0.0000;-783.5000;0.0000;6.8165;1.0000;0.0000;0.0000;0.0000;0.0000
1705;791.79;790.8500;1407.6500;1063.3000;272.4500;44.1715;0.3549;0.0000;-790.8500;0.0000;6.8165;0.0000;-790.8500;0.0000;6.8165;1.0000;0.0000;0.0000;0.0000;0.0000
1706;792.03;777.5000;1402.8000;1058.2000;280.7000;44.8905;0.3478;0.0000;-777.5000;0.0000;6.8165;0.0000;-777.5000;0.0000;6.8165;1.0000;0.0000;0.0000;0.0000;0.0000
1707;792.28;791.0500;1371.7000;1049.6500;258.6000;44.5363;0.3513;0.0000;-791.0500;0.0000;6.8165;0.0000;-791.0500;0.0000;6.8165;1.0000;0.0000;0.0000;0.0000;0.0000
1708;792.53;781.1500;1353.8500;1057.8500;276.7000;48.3150;0.3159;0.0000;-781.1500;0.0000;6.8165;0.0000;-781.1500;0.0000;6.8165;1.0000;0.0000;0.0000;0.0000;0.0000
1709;792.77;796.8500;1366.8500;1050.8500;254.0000;44.5614;0.3510;0.0000;-796.8500;0.0000;6.8165;0.0000;-796.8500;0.0000;6.8165;1.0000;0.0000;0.0000;0.0000;0.0000
1710;793.02;782.5000;1335.4500;1039.1000;256.6000;46.4056;0.3334;0.0000;-782.5000;0.0000;6.8165;0.0000;-782.5000;0.0000;6.8165;1.0000;0.0000;0.0000;0.0000;0.0000
1711;793.26;792.2000;1331.2000;1028.9000;236.7000;43.9147;0.3574;0.0000;-792.2000;0.0000;6.8165;0.0000;-792.2000;0.0000;6.8165;1.0000;0.0000;0.0000;0.0000;0.0000
1712;793.51;785.5500;1340.4000;1023.6500;238.1000;42.9125;0.3674;0.0000;-785.5500;0.0000;6.8165;0.0000;-785.5500;0.0000;6.8165;1.0000;0.0000;0.0000;0.0000;0.0000
1713;793.75;782.6500;1299.7000;1031.3500;248.7000;48.0998;0.3179;0.0000;-782.6500;0.0000;6.8165;0.0000;-782.6500;0.0000;6.8165;1.0000;0.0000;0.0000;0.0000;0.0000
1714;794.00;796.6500;1312.4500;1018.0500;221.4000;42.9236;0.3673;0.0000;-796.6500;0.0000;6.8165;0.0000;-796.6500;0.0000;6.8165;1.0000;0.0000;0.0000;0.0000;0.0000
1715;794.24;779.6000;1310.6000;1011.9000;232.3000;43.7476;0.3590;0.0000;-779.6000;0.0000;6.8165;0.0000;-779.6000;0.0000;6.8165;1.0000;0.0000;0.0000;0.0000;0.0000
1716;794.49;780.5000;1294.2000;1003.7000;223.2000;43.4495;0.3620;0.0000;-780.5000;0.0000;6.8165;0.0000;-780.5000;0.0000;6.8165;1.0000;0.0000;0.0000;0.0000;0.0000
1717;794.73;780.2500;1273.8000;993.3500;213.1000;43.1770;0.3647;0.0000;-780.2500;0.0000;6.8165;0.0000;-780.2500;0.0000;6.8165;1.0000;0.0000;0.0000;0.0000;0.0000
1718;794.97;783.3500;1284.2000;976.8500;193.5000;38.6343;0.4130;0.0000;-783.3500;0.0000;6.8165;0.0000;-783.3500;0.0000;6.8165;1.0000;0.0000;0.0000;0.0000;0.0000
1719;795.22;788.0000;1269.9000;986.5000;198.5000;41.1911;0.3852;0.0000;-788.0000;0.0000;6.8165;0.0000;-788.0000;0.0000;6.8165;1.0000;0.0000;0.0000;0.0000;0.0000
1720;795.46;793.3500;1265.9500;992.2000;198.8500;42.0758;0.3760;0.0000;-793.3500;0.0000;6.8165;0.0000;-793.3500;0.0000;6.8165;1.0000;0.0000;0.0000;0.0000;0.0000
1721;795.71;794.1500;1237.4000;981.7500;187.6000;42.3237;0.3734;0.0000;-794.1500;0.0000;6.8165;0.0000;-794.1500;0.0000;6.8165;1.0000;0.0000;0.0000;0.0000;0.0000
1722;795.95;790.9000;1248.2000;978.5500;187.6500;41.0343;0.3869;0.0000;-790.9000;0.0000;6.8165;0.0000;-790.9000;0.0000;6.8165;1.0000;0.0000;0.0000;0.0000;0.0000
1723;796.19;796.8500;1233.8500;970.8500;174.0000;39.8169;0.3999;0.0000;-796.8500;0.0000;6.8165;0.0000;-796.8500;0.0000;6.8165;1.0000;0.0000;0.0000;0.0000;0.0000
1724;796.44;789.5500;1236.3500;968.1000;178.5500;39.9620;0.3984;0.0000;-789.5500;0.0000;6.8165;0.0000;-789.5500;0.0000;6.8165;1.0000;0.0000;0.0000;0.0000;0.0000
1725;796.68;789.0500;1245.8500;962.4500;173.4000;37.9597;0.4207;0.0000;-789.0500;0.0000;6.8165;0.0000;-789.0500;0.0000;6.8165;1.0000;0.0000;0.0000;0.0000;0.0000
1726;796.93;782.7000;1228.1500;967.0500;184.3500;41.3851;0.3832;0.0000;-782.7000;0.0000;6.8165;0.0000;-782.7000;0.0000;6.8165;1.0000;0.0000;0.0000;0.0000;0.0000
1727;797.17;789.5500;1231.4500;962.1500;172.6000;39.0586;0.4083;0.0000;-789.5500;0.0000;6.8165;0.0000;-789.5500;0.0000;6.8165;1.0000;0.0000;0.0000;0.0000;0.0000
1728;797.41;798.6000;1239.1500;960.2500;161.6500;36.6928;0.4354;0.0000;-798.6000;0.0000;6.8165;0.0000;-798.6000;0.0000;6.8165;1.0000;0.0000;0.0000;0.0000;0.0000
1729;797.66;787.1500;1239.9000;957.8000;170.6500;37.6919;0.4238;0.0000;-787.1500;0.0000;6.8165;0.0000;-787.1500;0.0000;6.8165;1.0000;0.0000;0.0000;0.0000;0.0000
1730;797.90;785.6000;1231.7000;962.5000;176.9000;39.6548;0.4017;0.0000;-785.6000;0.0000;6.8165;0.0000;-785.6000;0.0000;6.8165;1.0000;0.0000;0.0000;0.0000;0.0000
1731;798.14;783.6000;1218.8000;970.0000;186.4000;42.8309;0.3682;0.0000;-783.6000;0.0000;6.8165;0.0000;-783.6000;0.0000;6.8165;1.0000;0.0000;0.0000;0.0000;0.0000
1732;798.39;796.5500;1216.8500;958.5000;161.9500;38.5320;0.4142;0.0000;-796.5500;0.0000;6.8165;0.0000;-796.5500;0.0000;6.8165;1.0000;0.0000;0.0000;0.0000;0.0000
1733;798.63;783.3000;1223.7500;959.8500;176.5500;40.0840;0.3970;0.0000;-783.3000;0.0000;6.8165;0.0000;-783.3000;0.0000;6.8165;1.0000;0.0000;0.0000;0.0000;0.0000
1734;798.87;796.6500;1226.5000;956.7000;160.0500;37.2339;0.4291;0.0000;-796.6500;0.0000;6.8165;0.0000;-796.6500;0.0000;6.8165;1.0000;0.0000;0.0000;0.0000;0.0000
1735;799.11;790.4000;1203.2500;943.3000;152.9000;37.0352;0.4314;0.0000;-790.4000;0.0000;6.8165;0.0000;-790.4000;0.0000;6.8165;1.0000;0.0000;0.0000;0.0000;0.0000
1736;799.36;792.7500;1214.7500;945.7000;152.9500;36.2441;0.4408;0.0000;-792.7500;0.0000;6.8165;0.0000;-792.7500;0.0000;6.8165;1.0000;0.0000;0.0000;0.0000;0.0000
1737;799.60;785.8000;1203.0500;945.9000;160.1000;38.3703;0.4160;0.0000;-785.8000;0.0000;6.8165;0.0000;-785.8000;0.0000;6.8165;1.0000;0.0000;0.0000;0.0000;0.0000
1738;799.84;795.2500;1194.5000;949.0500;153.8000;38.5222;0.4143;0.0000;-795.2500;0.0000;6.8165;0.0000;-795.2500;0.0000;6.8165;1.0000;0.0000;0.0000;0.0000;0.0000
1739;800.08;787.8500;1185.0500;954.4500;166.6000;41.9436;0.3773;0.0000;-787.8500;0.0000;6.8165;0.0000;-787.8500;0.0000;6.8165;1.0000;0.0000;0.0000;0.0000;0.0000
1740;800.33;794.3000;1178.1500;934.0500;139.7500;36.4075;0.4388;0.0000;-794.3000;0.0000;6.8165;0.0000;-794.3000;0.0000;6.8165;1.0000;0.0000;0.0000;0.0000;0.0000
1741;800.57;774.6500;1167.6000;952.6500;178.0000;45.2984;0.3439;0.0000;-774.6500;0.0000;6.8165;0.0000;-774.6500;0.0000;6.8165;1.0000;0.0000;0.0000;0.0000;0.0000
1742;800.81;797.9000;1176.1000;959.5500;161.6500;42.7419;0.3691;0.0000;-797.9000;0.0000;6.8165;0.0000;-797.9000;0.0000;6.8165;1.0000;0.0000;0.0000;0.0000;0.0000
1743;801.05;788.6000;1171.5000;959.0000;170.4000;44.5025;0.3516;0.0000;-788.6000;0.0000;6.8165;0.0000;-788.6000;0.0000;6.8165;1.0000;0.0000;0.0000;0.0000;0.0000
1744;801.29;785.2000;1159.0000;956.7000;171.5000;45.8801;0.3384;0.0000;-785.2000;0.0000;6.8165;0.0000;-785.2000;0.0000;6.8165;1.0000;0.0000;0.0000;0.0000;0.0000
1745;801.54;788.5000;1199.9500;955.9500;167.4500;40.6975;0.3904;0.0000;-788.5000;0.0000;6.8165;0.0000;-788.5000;0.0000;6.8165;1.0000;0.0000;0.0000;0.0000;0.0000
1746;801.78;787.4000;1168.4000;956.4500;169.0500;44.3701;0.3529;0.0000;-787.4000;0.0000;6.8165;0.0000;-787.4000;0.0000;6.8165;1.0000;0.0000;0.0000;0.0000;0.0000
1747;802.02;792.8500;1178.7000;960.0000;167.1500;43.3199;0.3633;0.0000;-792.8500;0.0000;6.8165;0.0000;-792.8500;0.0000;6.8165;1.0000;0.0000;0.0000;0.0000;0.0000
1748;802.26;792.0500;1164.5500;969.6500;177.6000;47.6779;0.3217;0.0000;-792.0500;0.0000;6.8165;0.0000;-792.0500;0.0000;6.8165;1.0000;0.0000;0.0000;0.0000;0.0000
1749;802.50;793.3500;1157.7000;948.1000;154.7500;42.4729;0.3719;0.0000;-793.3500;0.0000;6.8165;0.0000;-793.3500;0.0000;6.8165;1.0000;0.0000;0.0000;0.0000;0.0000
1750;802.74;785.2000;1152.7500;964.4500;179.2500;48.7689;0.3119;0.0000;-785.2000;0.0000;6.8165;0.0000;-785.2000;0.0000;6.8165;1.0000;0.0000;0.0000;0.0000;0.0000
1751;802.98;786.0500;1168.0500;955.6500;169.6000;44.3979;0.3526;0.0000;-786.0500;0.0000;6.8165;0.0000;-786.0500;0.0000;6.8165;1.0000;0.0000;0.0000;0.0000;0.0000
1752;803.22;795.1000;1149.8000;968.0000;172.9000;48.7454;0.3121;0.0000;-795.1000;0.0000;6.8165;0.0000;-795.1000;0.0000;6.8165;1.0000;0.0000;0.0000;0.0000;0.0000
1753;803.47;792.2500;1142.4000;955.2000;162.9500;46.5372;0.3322;0.0000;-792.2500;0.0000;6.8165;0.0000;-792.2500;0.0000;6.8165;1.0000;0.0000;0.0000;0.0000;0.0000
1754;803.71;787.0500;1138.3500;954.9500;167.9000;47.7939;0.3206;0.0000;-787.0500;0.0000;6.8165;0.0000;-787.0500;0.0000;6.8165;1.0000;0.0000;0.0000;0.0000;0.0000
1755;803.95;793.5500;1152.9000;939.0500;145.5000;40.4898;0.3927;0.0000;-793.5500;0.0000;6.8165;0.0000;-793.5500;0.0000;6.8165;1.0000;0.0000;0.0000;0.0000;0.0000
1756;804.19;782.4000;1145.3000;941.5000;159.1000;43.8413;0.3581;0.0000;-782.4000;0.0000;6.8165;0.0000;-782.4000;0.0000;6.8165;1.0000;0.0000;0.0000;0.0000;0.0000
1757;804.43;778.9000;1160.3500;930.6500;151.7500;39.7824;0.4003;0.0000;-778.9000;0.0000;6.8165;0.0000;-778.9000;0.0000;6.8165;1.0000;0.0000;0.0000;0.0000;0.0000
1758;804.67;796.8500;1155.5000;927.1500;130.3000;36.3307;0.4397;0.0000;-796.8500;0.0000;6.8165;0.0000;-796.8500;0.0000;6.8165;1.0000;0.0000;0.0000;0.0000;0.0000
1759;804.91;784.0000;1141.4500;912.8500;128.8500;36.0470;0.4431;0.0000;-784.0000;0.0000;6.8165;0.0000;-784.0000;0.0000;6.8165;1.0000;0.0000;0.0000;0.0000;0.0000
1760;805.15;796.6000;1133.3500;920.7500;124.1500;36.8671;0.4334;0.0000;-796.6000;0.0000;6.8165;0.0000;-796.6000;0.0000;6.8165;1.0000;0.0000;0.0000;0.0000;0.0000
1761;805.39;793.4500;1143.2000;906.5500;113.1000;32.3374;0.4903;0.0000;-793.4500;0.0000;6.8165;0.0000;-793.4500;0.0000;6.8165;1.0000;0.0000;0.0000;0.0000;0.0000
1762;805.63;782.9000;1135.8000;892.5000;109.6000;31.0570;0.5078;0.0000;-782.9000;0.0000;6.8165;0.0000;-782.9000;0.0000;6.8165;1.0000;0.0000;0.0000;0.0000;0.0000
1763;805.87;786.1000;1126.6500;890.6000;104.5000;30.6857;0.5131;0.0000;-786.1000;0.0000;6.8165;0.0000;-786.1000;0.0000;6.8165;1.0000;0.0000;0.0000;0.0000;0.0000
1764;806.11;782.7000;1132.3500;887.8000;105.1000;30.0586;0.5220;0.0000;-782.7000;0.0000;6.8165;0.0000;-782.7000;0.0000;6.8165;1.0000;0.0000;0.0000;0.0000;0.0000
1765;806.35;799.4000;1144.7000;897.8500;98.4500;28.5114;0.5450;0.0000;-799.4000;0.0000;6.8165;0.0000;-799.4000;0.0000;6.8165;1.0000;0.0000;0.0000;0.0000;0.0000
1766;806.59;793.4000;1130.2500;895.0500;101.6500;30.1766;0.5203;0.0000;-793.4000;0.0000;6.8165;0.0000;-793.4000;0.0000;6.8165;1.0000;0.0000;0.0000;0.0000;0.0000
1767;806.83;786.7000;1131.0500;894.2500;107.5500;31.2328;0.5054;0.0000;-786.7000;0.0000;6.8165;0.0000;-786.7000;0.0000;6.8165;1.0000;0.0000;0.0000;0.0000;0.0000
1768;807.07;789.6000;1119.9000;885.8500;96.2500;29.1402;0.5355;0.0000;-789.6000;0.0000;6.8165;0.0000;-789.6000;0.0000;6.8165;1.0000;0.0000;0.0000;0.0000;0.0000
1769;807.31;796.3000;1155.2500;902.6500;106.3500;29.6281;0.5283;0.0000;-796.3000;0.0000;6.8165;0.0000;-796.3000;0.0000;6.8165;1.0000;0.0000;0.0000;0.0000;0.0000
1770;807.54;787.8500;1130.5000;887.7500;99.9000;29.1551;0.5353;0.0000;-787.8500;0.0000;6.8165;0.0000;-787.8500;0.0000;6.8165;1.0000;0.0000;0.0000;0.0000;0.0000
1771;807.78;787.0000;1114.0500;886.2500;99.2500;30.3470;0.5179;0.0000;-787.0000;0.0000;6.8165;0.0000;-787.0000;0.0000;6.8165;1.0000;0.0000;0.0000;0.0000;0.0000
1772;808.02;802.7500;1127.4500;895.2500;92.5000;28.4878;0.5453;0.0000;-802.7500;0.0000;6.8165;0.0000;-802.7500;0.0000;6.8165;1.0000;0.0000;0.0000;0.0000;0.0000
1773;808.26;802.1000;1130.5500;874.4000;72.3000;22.0125;0.6573;0.0000;-802.1000;0.0000;6.8165;0.0000;-802.1000;0.0000;6.8165;1.0000;0.0000;0.0000;0.0000;0.0000
1774;808.50;803.5500;1136.1000;881.1500;77.6000;23.3348;0.6320;0.0000;-803.5500;0.0000;6.8165;0.0000;-803.5500;0.0000;6.8165;1.0000;0.0000;0.0000;0.0000;0.0000
1775;808.74;785.7000;1132.8500;870.1500;84.4500;24.3267;0.6139;0.0000;-785.7000;0.0000;6.8165;0.0000;-785.7000;0.0000;6.8165;1.0000;0.0000;0.0000;0.0000;0.0000
1776;808.98;781.5500;1136.5000;876.6000;95.0500;26.7784;0.5722;0.0000;-781.5500;0.0000;6.8165;0.0000;-781.5500;0.0000;6.8165;1.0000;0.0000;0.0000;0.0000;0.0000
1777;809.22;788.1000;1107.8000;879.6000;91.5000;28.6206;0.5433;0.0000;-788.1000;0.0000;6.8165;0.0000;-788.1000;0.0000;6.8165;1.0000;0.0000;0.0000;0.0000;0.0000
1778;809.45;789.6000;1116.1000;885.9500;96.3500;29.5100;0.5300;0.0000;-789.6000;0.0000;6.8165;0.0000;-789.6000;0.0000;6.8165;1.0000;0.0000;0.0000;0.0000;0.0000
1779;809.69;793.2500;1151.6000;874.2000;80.9500;22.5896;0.6461;0.0000;-793.2500;0.0000;6.8165;0.0000;-793.2500;0.0000;6.8165;1.0000;0.0000;0.0000;0.0000;0.0000
1780;809.93;786.3000;1141.3500;868.2000;81.9000;23.0672;0.6370;0.0000;-786.3000;0.0000;6.8165;0.0000;-786.3000;0.0000;6.8165;1.0000;0.0000;0.0000;0.0000;0.0000
1781;810.17;774.4500;1144.1500;863.9000;89.4500;24.1953;0.6163;0.0000;-774.4500;0.0000;6.8165;0.0000;-774.4500;0.0000;6.8165;1.0000;0.0000;0.0000;0.0000;0.0000
1782;810.41;784.6500;1126.2500;872.8000;88.1500;25.8050;0.5883;0.0000;-784.6500;0.0000;6.8165;0.0000;-784.6500;0.0000;6.8165;1.0000;0.0000;0.0000;0.0000;0.0000
1783;810.64;788.5000;1123.4000;894.3500;105.8500;31.6064;0.5002;0.0000;-788.5000;0.0000;6.8165;0.0000;-788.5000;0.0000;6.8165;1.0000;0.0000;0.0000;0.0000;0.0000
1784;810.88;790.6000;1151.1500;876.4000;85.8000;23.7970;0.6235;0.0000;-790.6000;0.0000;6.8165;0.0000;-790.6000;0.0000;6.8165;1.0000;0.0000;0.0000;0.0000;0.0000
1785;811.12;799.4000;1141.0500;865.7500;66.3500;19.4205;0.7117;0.0000;-799.4000;0.0000;6.8165;0.0000;-799.4000;0.0000;6.8165;1.0000;0.0000;0.0000;0.0000;0.0000
1786;811.36;783.8500;1129.6000;875.5000;91.6500;26.5076;0.5766;0.0000;-783.8500;0.0000;6.8165;0.0000;-783.8500;0.0000;6.8165;1.0000;0.0000;0.0000;0.0000;0.0000
1787;811.59;776.9000;1142.2500;881.7500;104.8500;28.6985;0.5421;0.0000;-776.9000;0.0000;6.8165;0.0000;-776.9000;0.0000;6.8165;1.0000;0.0000;0.0000;0.0000;0.0000
1788;811.83;774.0500;1133.3500;874.1500;100.1000;27.8597;0.5550;0.0000;-774.0500;0.0000;6.8165;0.0000;-774.0500;0.0000;6.8165;1.0000;0.0000;0.0000;0.0000;0.0000
1789;812.07;785.2000;1137.5000;876.8000;91.6000;26.0006;0.5850;0.0000;-785.2000;0.0000;6.8165;0.0000;-785.2000;0.0000;6.8165;1.0000;0.0000;0.0000;0.0000;0.0000
1790;812.31;776.7000;1151.5000;871.6500;94.9500;25.3335;0.5963;0.0000;-776.7000;0.0000;6.8165;0.0000;-776.7000;0.0000;6.8165;1.0000;0.0000;0.0000;0.0000;0.0000
1791;812.54;780.9500;1143.6000;881.3500;100.4000;27.6851;0.5578;0.0000;-780.9500;0.0000;6.8165;0.0000;-780.9500;0.0000;6.8165;1.0000;0.0000;0.0000;0.0000;0.0000
1792;812.78;788.1000;1159.2000;867.9500;79.8500;21.5171;0.6672;0.0000;-788.1000;0.0000;6.8165;0.0000;-788.1000;0.0000;6.8165;1.0000;0.0000;0.0000;0.0000;0.0000
1793;813.02;783.6000;1164.5500;881.5000;97.9000;25.6989;0.5901;0.0000;-783.6000;0.0000;6.8165;0.0000;-783.6000;0.0000;6.8165;1.0000;0.0000;0.0000;0.0000;0.0000
1794;813.25;778.4500;1156.2000;854.9000;76.4500;20.2383;0.6938;0.0000;-778.4500;0.0000;6.8165;0.0000;-778.4500;0.0000;6.8165;1.0000;0.0000;0.0000;0.0000;0.0000
1795;813.49;773.4500;1162.8000;883.4000;109.9500;28.2394;0.5491;0.0000;-773.4500;0.0000;6.8165;0.0000;-773.4500;0.0000;6.8165;1.0000;0.0000;0.0000;0.0000;0.0000
1796;813.73;792.6000;1151.2500;878.6500;86.0500;23.9928;0.6199;0.0000;-792.6000;0.0000;6.8165;0.0000;-792.6000;0.0000;6.8165;1.0000;0.0000;0.0000;0.0000;0.0000
1797;813.96;782.2000;1164.7500;875.9500;93.7500;24.5066;0.6107;0.0000;-782.2000;0.0000;6.8165;0.0000;-782.2000;0.0000;6.8165;1.0000;0.0000;0.0000;0.0000;0.0000
1798;814.20;781.9000;1162.2500;881.5000;99.6000;26.1864;0.5819;0.0000;-781.9000;0.0000;6.8165;0.0000;-781.9000;0.0000;6.8165;1.0000;0.0000;0.0000;0.0000;0.0000
1799;814.44;783.6000;1161.9500;873.5500;89.9500;23.7743;0.6239;0.0000;-783.6000;0.0000;6.8165;0.0000;-783.6000;0.0000;6.8165;1.0000;0.0000;0.0000;0.0000;0.0000
1800;814.67;785.1000;1164.3000;878.9500;93.8500;24.7495;0.6064;0.0000;-785.1000;0.0000;6.8165;0.0000;-785.1000;0.0000;6.8165;1.0000;0.0000;0.0000;0.0000;0.0000
1801;814.91;773.6500;1174.9000;889.7500;116.1000;28.9346;0.5386;0.0000;-773.6500;0.0000;6.8165;0.0000;-773.6500;0.0000;6.8165;1.0000;0.0000;0.0000;0.0000;0.0000
1802;815.14;781.3000;1180.0500;886.7500;105.4500;26.4451;0.5777;0.0000;-781.3000;0.0000;6.8165;0.0000;-781.3000;0.0000;6.8165;1.0000;0.0000;0.0000;0.0000;0.0000
1803;815.38;783.5000;1173.7500;877.5500;94.0500;24.0999;0.6180;0.0000;-783.5000;0.0000;6.8165;0.0000;-783.5000;0.0000;6.8165;1.0000;0.0000;0.0000;0.0000;0.0000
1804;815.61;788.0500;1177.6500;891.9500;103.9000;26.6684;0.5740;0.0000;-788.0500;0.0000;6.8165;0.0000;-788.0500;0.0000;6.8165;1.0000;0.0000;0.0000;0.0000;0.0000
1805;815.85;792.2000;1174.5000;888.5500;96.3500;25.2027;0.5986;0.0000;-792.2000;0.0000;6.8165;0.0000;-792.2000;0.0000;6.8165;1.0000;0.0000;0.0000;0.0000;0.0000
1806;816.09;776.2000;1165.6000;893.4500;117.2500;30.1104;0.5213;0.0000;-776.2000;0.0000;6.8165;0.0000;-776.2000;0.0000;6.8165;1.0000;0.0000;0.0000;0.0000;0.0000
1807;816.32;779.3000;1181.7000;888.2500;108.9500;27.0750;0.5674;0.0000;-779.3000;0.0000;6.8165;0.0000;-779.3000;0.0000;6.8165;1.0000;0.0000;0.0000;0.0000;0.0000
1808;816.56;786.3000;1175.5500;883.9000;97.6000;25.0739;0.6008;0.0000;-786.3000;0.0000;6.8165;0.0000;-786.3000;0.0000;6.8165;1.0000;0.0000;0.0000;0.0000;0.0000
1809;816.79;791.8500;1188.9000;874.1500;82.3000;20.7279;0.6834;0.0000;-791.8500;0.0000;6.8165;0.0000;-791.8500;0.0000;6.8165;1.0000;0.0000;0.0000;0.0000;0.0000
1810;817.03;784.3500;1189.0000;884.8000;100.4500;24.8239;0.6051;0.0000;-784.3500;0.0000;6.8165;0.0000;-784.3500;0.0000;6.8165;1.0000;0.0000;0.0000;0.0000;0.0000
1811;817.26;803.2000;1184.3500;872.3000;69.1000;18.1293;0.7416;0.0000;-803.2000;0.0000;6.8165;0.0000;-803.2000;0.0000;6.8165;1.0000;0.0000;0.0000;0.0000;0.0000
1812;817.50;773.5500;1188.6500;885.1000;111.5500;26.8730;0.5707;0.0000;-773.5500;0.0000;6.8165;0.0000;-773.5500;0.0000;6.8165;1.0000;0.0000;0.0000;0.0000;0.0000
1813;817.73;784.6500;1192.6500;896.2000;111.5500;27.3407;0.5632;0.0000;-784.6500;0.0000;6.8165;0.0000;-784.6500;0.0000;6.8165;1.0000;0.0000;0.0000;0.0000;0.0000
1814;817.97;782.5500;1196.5500;889.3500;106.8000;25.7971;0.5884;0.0000;-782.5500;0.0000;6.8165;0.0000;-782.5500;0.0000;6.8165;1.0000;0.0000;0.0000;0.0000;0.0000
1815;818.20;798.1500;1202.8000;878.3500;80.2000;19.8196;0.7029;0.0000;-798.1500;0.0000;6.8165;0.0000;-798.1500;0.0000;6.8165;1.0000;0.0000;0.0000;0.0000;0.0000
1816;818.43;779.6500;1196.9000;884.7500;105.1000;25.1887;0.5988;0.0000;-779.6500;0.0000;6.8165;0.0000;-779.6500;0.0000;6.8165;1.0000;0.0000;0.0000;0.0000;0.0000
1817;818.67;790.3500;1213.1000;900.5000;110.1500;26.0556;0.5841;0.0000;-790.3500;0.0000;6.8165;0.0000;-790.3500;0.0000;6.8165;1.0000;0.0000;0.0000;0.0000;0.0000
1818;818.90;793.7500;1188.7000;901.7500;108.0000;27.3452;0.5631;0.0000;-793.7500;0.0000;6.8165;0.0000;-793.7500;0.0000;6.8165;1.0000;0.0000;0.0000;0.0000;0.0000
1819;819.14;788.9000;1204.5500;906.0500;117.1500;28.1848;0.5500;0.0000;-788.9000;0.0000;6.8165;0.0000;-788.9000;0.0000;6.8165;1.0000;0.0000;0.0000;0.0000;0.0000
1820;819.37;778.8000;1201.2500;900.6500;121.8500;28.8437;0.5399;0.0000;-778.8000;0.0000;6.8165;0.0000;-778.8000;0.0000;6.8165;1.0000;0.0000;0.0000;0.0000;0.0000
1821;819.61;786.7500;1223.9500;897.7000;110.9500;25.3774;0.5956;0.0000;-786.7500;0.0000;6.8165;0.0000;-786.7500;0.0000;6.8165;1.0000;0.0000;0.0000;0.0000;0.0000
1822;819.84;790.7500;1221.1500;915.5500;124.8000;28.9963;0.5377;0.0000;-790.7500;0.0000;6.8165;0.0000;-790.7500;0.0000;6.8165;1.0000;0.0000;0.0000;0.0000;0.0000
1823;820.07;788.8500;1212.8500;908.4000;119.5500;28.1958;0.5498;0.0000;-788.8500;0.0000;6.8165;0.0000;-788.8500;0.0000;6.8165;1.0000;0.0000;0.0000;0.0000;0.0000
1824;820.31;788.2500;1237.4500;885.1500;96.9000;21.5717;0.6661;0.0000;-788.2500;0.0000;6.8165;0.0000;-788.2500;0.0000;6.8165;1.0000;0.0000;0.0000;0.0000;0.0000
1825;820.54;783.2000;1218.2000;898.6500;115.4500;26.5402;0.5761;0.0000;-783.2000;0.0000;6.8165;0.0000;-783.2000;0.0000;6.8165;1.0000;0.0000;0.0000;0.0000;0.0000
1826;820.77;785.8500;1229.8500;927.5500;141.7000;31.9144;0.4960;0.0000;-785.8500;0.0000;6.8165;0.0000;-785.8500;0.0000;6.8165;1.0000;0.0000;0.0000;0.0000;0.0000
1827;821.01;785.7000;1255.5500;918.5000;132.8000;28.2643;0.5488;0.0000;-785.7000;0.0000;6.8165;0.0000;-785.7000;0.0000;6.8165;1.0000;0.0000;0.0000;0.0000;0.0000
1828;821.24;780.0500;1259.1000;945.1000;165.0500;34.4536;0.4628;0.0000;-780.0500;0.0000;6.8165;0.0000;-780.0500;0.0000;6.8165;1.0000;0.0000;0.0000;0.0000;0.0000
1829;821.47;795.7500;1259.6000;958.1000;162.3500;35.0005;0.4559;0.0000;-795.7500;0.0000;6.8165;0.0000;-795.7500;0.0000;6.8165;1.0000;0.0000;0.0000;0.0000;0.0000
1830;821.71;785.1000;1274.6500;965.6500;180.5500;36.8808;0.4332;0.0000;-785.1000;0.0000;6.8165;0.0000;-785.1000;0.0000;6.8165;1.0000;0.0000;0.0000;0.0000;0.0000
1831;821.94;779.7000;1298.6000;980.5000;200.8000;38.6972;0.4123;0.0000;-779.7000;0.0000;6.8165;0.0000;-779.7000;0.0000;6.8165;1.0000;0.0000;0.0000;0.0000;0.0000
1832;822.17;782.7500;1310.9500;983.6500;200.9000;38.0348;0.4198;0.0000;-782.7500;0.0000;6.8165;0.0000;-782.7500;0.0000;6.8165;1.0000;0.0000;0.0000;0.0000;0.0000
1833;822.40;786.7000;1331.8000;995.9000;209.2000;38.3783;0.4159;0.0000;-786.7000;0.0000;6.8165;0.0000;-786.7000;0.0000;6.8165;1.0000;0.0000;0.0000;0.0000;0.0000
1834;822.64;794.5000;1361.6500;1023.5500;229.0500;40.3861;0.3938;0.0000;-794.5000;0.0000;6.8165;0.0000;-794.5000;0.0000;6.8165;1.0000;0.0000;0.0000;0.0000;0.0000
1835;822.87;798.4500;1381.1500;1056.6000;258.1500;44.3024;0.3536;0.0000;-798.4500;0.0000;6.8165;0.0000;-798.4500;0.0000;6.8165;1.0000;0.0000;0.0000;0.0000;0.0000
1836;823.10;795.1000;1435.7000;1078.0500;282.9500;44.1695;0.3549;0.0000;-795.1000;0.0000;6.8165;0.0000;-795.1000;0.0000;6.8165;1.0000;0.0000;0.0000;0.0000;0.0000
1837;823.33;787.7000;1469.7500;1116.6000;328.9000;48.2223;0.3168;0.0000;-787.7000;0.0000;6.8165;0.0000;-787.7000;0.0000;6.8165;1.0000;0.0000;0.0000;0.0000;0.0000
1838;823.57;799.3000;1525.5500;1160.4500;361.1500;49.7281;0.3034;0.0000;-799.3000;0.0000;6.8165;0.0000;-799.3000;0.0000;6.8165;1.0000;0.0000;0.0000;0.0000;0.0000
1839;823.80;799.0500;1576.8500;1189.5500;390.5000;50.2057;0.2992;0.0000;-799.0500;0.0000;6.8165;0.0000;-799.0500;0.0000;6.8165;1.0000;0.0000;0.0000;0.0000;0.0000
1840;824.03;792.1500;1630.2500;1231.3000;439.1500;52.3983;0.2807;0.0000;-792.1500;0.0000;6.8165;0.0000;-792.1500;0.0000;6.8165;1.0000;0.0000;0.0000;0.0000;0.0000
1841;824.26;781.7500;1686.0500;1215.8500;434.1000;48.0040;0.3187;0.0000;-781.7500;0.0000;6.8165;0.0000;-781.7500;0.0000;6.8165;1.0000;0.0000;0.0000;0.0000;0.0000
1842;824.49;775.0000;1711.1000;1255.9000;480.9000;51.3727;0.2893;0.0000;-775.0000;0.0000;6.8165;0.0000;-775.0000;0.0000;6.8165;1.0000;0.0000;0.0000;0.0000;0.0000
1843;824.73;774.1500;1754.3000;1245.4000;471.2500;48.0794;0.3180;0.0000;-774.1500;0.0000;6.8165;0.0000;-774.1500;0.0000;6.8165;1.0000;0.0000;0.0000;0.0000;0.0000
1844;824.96;786.5500;1769.0500;1204.1500;417.6000;42.5038;0.3716;0.0000;-786.5500;0.0000;6.8165;0.0000;-786.5500;0.0000;6.8165;1.0000;0.0000;0.0000;0.0000;0.0000
1845;825.19;780.4000;1789.8000;1198.8000;418.4000;41.4504;0.3825;0.0000;-780.4000;0.0000;6.8165;0.0000;-780.4000;0.0000;6.8165;1.0000;0.0000;0.0000;0.0000;0.0000
1846;825.42;776.7000;1766.0500;1176.3500;399.6500;40.3952;0.3937;0.0000;-776.7000;0.0000;6.8165;0.0000;-776.7000;0.0000;6.8165;1.0000;0.0000;0.0000;0.0000;0.0000
1847;825.65;780.0000;1748.6500;1161.7500;381.7500;39.4105;0.4044;0.0000;-780.0000;0.0000;6.8165;0.0000;-780.0000;0.0000;6.8165;1.0000;0.0000;0.0000;0.0000;0.0000
1848;825.88;779.7500;1693.6500;1125.4500;345.7000;37.8269;0.4222;0.0000;-779.7500;0.0000;6.8165;0.0000;-779.7500;0.0000;6.8165;1.0000;0.0000;0.0000;0.0000;0.0000
1849;826.11;787.3500;1666.0000;1115.4000;328.0500;37.3357;0.4279;0.0000;-787.3500;0.0000;6.8165;0.0000;-787.3500;0.0000;6.8165;1.0000;0.0000;0.0000;0.0000;0.0000
1850;826.34;793.7500;1636.8000;1094.4500;300.7000;35.6681;0.4477;0.0000;-793.7500;0.0000;6.8165;0.0000;-793.7500;0.0000;6.8165;1.0000;0.0000;0.0000;0.0000;0.0000
1851;826.57;799.2000;1579.5000;1077.7500;278.5500;35.6978;0.4474;0.0000;-799.2000;0.0000;6.8165;0.0000;-799.2000;0.0000;6.8165;1.0000;0.0000;0.0000;0.0000;0.0000
1852;826.81;789.3500;1558.8500;1061.6500;272.3000;35.3866;0.4512;0.0000;-789.3500;0.0000;6.8165;0.0000;-789.3500;0.0000;6.8165;1.0000;0.0000;0.0000;0.0000;0.0000
1853;827.04;780.1000;1536.0500;1072.8000;292.7000;38.7195;0.4121;0.0000;-780.1000;0.0000;6.8165;0.0000;-780.1000;0.0000;6.8165;1.0000;0.0000;0.0000;0.0000;0.0000
1854;827.27;775.0500;1515.4000;1055.5500;280.5000;37.8875;0.4215;0.0000;-775.0500;0.0000;6.8165;0.0000;-775.0500;0.0000;6.8165;1.0000;0.0000;0.0000;0.0000;0.0000
1855;827.50;782.7500;1503.6500;1045.4500;262.7000;36.4406;0.4384;0.0000;-782.7500;0.0000;6.8165;0.0000;-782.7500;0.0000;6.8165;1.0000;0.0000;0.0000;0.0000;0.0000
1856;827.73;784.9500;1477.8000;1042.2500;257.3000;37.1365;0.4302;0.0000;-784.9500;0.0000;6.8165;0.0000;-784.9500;0.0000;6.8165;1.0000;0.0000;0.0000;0.0000;0.0000
1857;827.96;797.0500;1461.0000;1043.6500;246.6000;37.1414;0.4301;0.0000;-797.0500;0.0000;6.8165;0.0000;-797.0500;0.0000;6.8165;1.0000;0.0000;0.0000;0.0000;0.0000
1858;828.19;779.8000;1483.3000;1052.2000;272.4000;38.7207;0.4121;0.0000;-779.8000;0.0000;6.8165;0.0000;-779.8000;0.0000;6.8165;1.0000;0.0000;0.0000;0.0000;0.0000
1859;828.42;781.7500;1469.7500;1080.3000;298.5500;43.3939;0.3626;0.0000;-781.7500;0.0000;6.8165;0.0000;-781.7500;0.0000;6.8165;1.0000;0.0000;0.0000;0.0000;0.0000
1860;828.65;799.4000;1501.1000;1085.0500;285.6500;40.7083;0.3903;0.0000;-799.4000;0.0000;6.8165;0.0000;-799.4000;0.0000;6.8165;1.0000;0.0000;0.0000;0.0000;0.0000
1861;828.88;792.0000;1516.2500;1091.6500;299.6500;41.3738;0.3833;0.0000;-792.0000;0.0000;6.8165;0.0000;-792.0000;0.0000;6.8165;1.0000;0.0000;0.0000;0.0000;0.0000
1862;829.11;781.9500;1521.5500;1107.3000;325.3500;43.9900;0.3566;0.0000;-781.9500;0.0000;6.8165;0.0000;-781.9500;0.0000;6.8165;1.0000;0.0000;0.0000;0.0000;0.0000
1863;829.34;795.2000;1533.9500;1079.6500;284.4500;38.5042;0.4145;0.0000;-795.2000;0.0000;6.8165;0.0000;-795.2000;0.0000;6.8165;1.0000;0.0000;0.0000;0.0000;0.0000
1864;829.57;787.7500;1516.3500;1067.2000;279.4500;38.3544;0.4162;0.0000;-787.7500;0.0000;6.8165;0.0000;-787.7500;0.0000;6.8165;1.0000;0.0000;0.0000;0.0000;0.0000
1865;829.80;776.4000;1504.5500;1050.1000;273.7000;37.5884;0.4249;0.0000;-776.4000;0.0000;6.8165;0.0000;-776.4000;0.0000;6.8165;1.0000;0.0000;0.0000;0.0000;0.0000
1866;830.03;785.5500;1500.3500;1029.4500;243.9000;34.1214;0.4670;0.0000;-785.5500;0.0000;6.8165;0.0000;-785.5500;0.0000;6.8165;1.0000;0.0000;0.0000;0.0000;0.0000
1867;830.25;770.6000;1471.0500;1022.2000;251.6000;35.9198;0.4447;0.0000;-770.6000;0.0000;6.8165;0.0000;-770.6000;0.0000;6.8165;1.0000;0.0000;0.0000;0.0000;0.0000
1868;830.48;791.4000;1468.0500;997.1500;205.7500;30.4072;0.5170;0.0000;-791.4000;0.0000;6.8165;0.0000;-791.4000;0.0000;6.8165;1.0000;0.0000;0.0000;0.0000;0.0000
1869;830.71;795.7500;1438.2500;989.7000;193.9500;30.1868;0.5202;0.0000;-795.7500;0.0000;6.8165;0.0000;-795.7500;0.0000;6.8165;1.0000;0.0000;0.0000;0.0000;0.0000
1870;830.94;783.2000;1393.1000;956.0000;172.8000;28.3325;0.5477;0.0000;-783.2000;0.0000;6.8165;0.0000;-783.2000;0.0000;6.8165;1.0000;0.0000;0.0000;0.0000;0.0000
1871;831.17;771.8500;1362.5500;955.2000;183.3500;31.0394;0.5081;0.0000;-771.8500;0.0000;6.8165;0.0000;-771.8500;0.0000;6.8165;1.0000;0.0000;0.0000;0.0000;0.0000
1872;831.40;780.1000;1350.0500;933.6500;153.5500;26.9410;0.5696;0.0000;-780.1000;0.0000;6.8165;0.0000;-780.1000;0.0000;6.8165;1.0000;0.0000;0.0000;0.0000;0.0000
1873;831.63;794.5000;1335.0000;929.7500;135.2500;25.0231;0.6017;0.0000;-794.5000;0.0000;6.8165;0.0000;-794.5000;0.0000;6.8165;1.0000;0.0000;0.0000;0.0000;0.0000
1874;831.86;786.6000;1303.2500;922.4000;135.8000;26.2847;0.5803;0.0000;-786.6000;0.0000;6.8165;0.0000;-786.6000;0.0000;6.8165;1.0000;0.0000;0.0000;0.0000;0.0000
1875;832.08;774.6000;1266.5500;915.2500;140.6500;28.5903;0.5438;0.0000;-774.6000;0.0000;6.8165;0.0000;-774.6000;0.0000;6.8165;1.0000;0.0000;0.0000;0.0000;0.0000
1876;832.31;789.3000;1248.0500;905.9500;116.6500;25.4278;0.5947;0.0000;-789.3000;0.0000;6.8165;0.0000;-789.3000;0.0000;6.8165;1.0000;0.0000;0.0000;0.0000;0.0000
1877;832.54;787.4000;1256.4000;915.1000;127.7000;27.2281;0.5650;0.0000;-787.4000;0.0000;6.8165;0.0000;-787.4000;0.0000;6.8165;1.0000;0.0000;0.0000;0.0000;0.0000
1878;832.77;782.9500;1248.4000;927.4500;144.5000;31.0452;0.5080;0.0000;-782.9500;0.0000;6.8165;0.0000;-782.9500;0.0000;6.8165;1.0000;0.0000;0.0000;0.0000;0.0000
1879;833.00;778.5000;1251.0000;893.6000;115.1000;24.3598;0.6133;0.0000;-778.5000;0.0000;6.8165;0.0000;-778.5000;0.0000;6.8165;1.0000;0.0000;0.0000;0.0000;0.0000
1880;833.22;770.5000;1257.5500;896.6500;126.1500;25.9008;0.5867;0.0000;-770.5000;0.0000;6.8165;0.0000;-770.5000;0.0000;6.8165;1.0000;0.0000;0.0000;0.0000;0.0000
1881;833.45;781.3500;1247.5500;895.9000;114.5500;24.5710;0.6096;0.0000;-781.3500;0.0000;6.8165;0.0000;-781.3500;0.0000;6.8165;1.0000;0.0000;0.0000;0.0000;0.0000
1882;833.68;780.1500;1248.2500;896.5500;116.4000;24.8665;0.6044;0.0000;-780.1500;0.0000;6.8165;0.0000;-780.1500;0.0000;6.8165;1.0000;0.0000;0.0000;0.0000;0.0000
1883;833.91;782.6500;1239.7500;907.9000;125.2500;27.4010;0.5622;0.0000;-782.6500;0.0000;6.8165;0.0000;-782.6500;0.0000;6.8165;1.0000;0.0000;0.0000;0.0000;0.0000
1884;834.13;785.8000;1241.7000;905.8500;120.0500;26.3325;0.5795;0.0000;-785.8000;0.0000;6.8165;0.0000;-785.8000;0.0000;6.8165;1.0000;0.0000;0.0000;0.0000;0.0000
1885;834.36;791.5500;1238.2000;922.4000;130.8500;29.2959;0.5332;0.0000;-791.5500;0.0000;6.8165;0.0000;-791.5500;0.0000;6.8165;1.0000;0.0000;0.0000;0.0000;0.0000
1886;834.59;806.1500;1245.4500;928.1000;121.9500;27.7601;0.5566;0.0000;-806.1500;0.0000;6.8165;0.0000;-806.1500;0.0000;6.8165;1.0000;0.0000;0.0000;0.0000;0.0000
1887;834.82;794.3500;1252.8000;929.4000;135.0500;29.4580;0.5308;0.0000;-794.3500;0.0000;6.8165;0.0000;-794.3500;0.0000;6.8165;1.0000;0.0000;0.0000;0.0000;0.0000
1888;835.04;780.1500;1269.3000;947.7500;167.6000;34.2635;0.4652;0.0000;-780.1500;0.0000;6.8165;0.0000;-780.1500;0.0000;6.8165;1.0000;0.0000;0.0000;0.0000;0.0000
1889;835.27;785.5000;1279.1000;955.8500;170.3500;34.5118;0.4620;0.0000;-785.5000;0.0000;6.8165;0.0000;-785.5000;0.0000;6.8165;1.0000;0.0000;0.0000;0.0000;0.0000
1890;835.50;782.9500;1308.1000;971.3000;188.3500;35.8659;0.4453;0.0000;-782.9500;0.0000;6.8165;0.0000;-782.9500;0.0000;6.8165;1.0000;0.0000;0.0000;0.0000;0.0000
1891;835.72;796.5500;1314.6000;967.5500;171.0000;33.0084;0.4814;0.0000;-796.5500;0.0000;6.8165;0.0000;-796.5500;0.0000;6.8165;1.0000;0.0000;0.0000;0.0000;0.0000
1892;835.95;780.3000;1339.8500;975.0500;194.7500;34.8048;0.4584;0.0000;-780.3000;0.0000;6.8165;0.0000;-780.3000;0.0000;6.8165;1.0000;0.0000;0.0000;0.0000;0.0000
1893;836.18;781.0500;1334.0000;973.4500;192.4000;34.7952;0.4585;0.0000;-781.0500;0.0000;6.8165;0.0000;-781.0500;0.0000;6.8165;1.0000;0.0000;0.0000;0.0000;0.0000
1894;836.40;788.4000;1318.6000;958.8000;170.4000;32.1388;0.4930;0.0000;-788.4000;0.0000;6.8165;0.0000;-788.4000;0.0000;6.8165;1.0000;0.0000;0.0000;0.0000;0.0000
1895;836.63;784.3000;1318.9000;940.0000;155.7000;29.1246;0.5357;0.0000;-784.3000;0.0000;6.8165;0.0000;-784.3000;0.0000;6.8165;1.0000;0.0000;0.0000;0.0000;0.0000
1896;836.86;782.6000;1337.1500;937.6500;155.0500;27.9596;0.5535;0.0000;-782.6000;0.0000;6.8165;0.0000;-782.6000;0.0000;6.8165;1.0000;0.0000;0.0000;0.0000;0.0000
1897;837.08;796.1500;1305.8500;925.6000;129.4500;25.3973;0.5952;0.0000;-796.1500;0.0000;6.8165;0.0000;-796.1500;0.0000;6.8165;1.0000;0.0000;0.0000;0.0000;0.0000
1898;837.31;788.4000;1293.1500;922.1500;133.7500;26.4983;0.5768;0.0000;-788.4000;0.0000;6.8165;0.0000;-788.4000;0.0000;6.8165;1.0000;0.0000;0.0000;0.0000;0.0000
1899;837.53;782.2500;1287.2000;936.3500;154.1000;30.5179;0.5154;0.0000;-782.2500;0.0000;6.8165;0.0000;-782.2500;0.0000;6.8165;1.0000;0.0000;0.0000;0.0000;0.0000
1900;837.76;780.9000;1251.1000;914.4500;133.5500;28.4028;0.5466;0.0000;-780.9000;0.0000;6.8165;0.0000;-780.9000;0.0000;6.8165;1.0000;0.0000;0.0000;0.0000;0.0000
1901;837.99;778.1500;1240.5000;902.7500;124.6000;26.9493;0.5695;0.0000;-778.1500;0.0000;6.8165;0.0000;-778.1500;0.0000;6.8165;1.0000;0.0000;0.0000;0.0000;0.0000
1902;838.21;795.2500;1253.1500;896.0000;100.7500;22.0026;0.6575;0.0000;-795.2500;0.0000;6.8165;0.0000;-795.2500;0.0000;6.8165;1.0000;0.0000;0.0000;0.0000;0.0000
1903;838.44;790.7000;1220.0000;891.3500;100.6500;23.4451;0.6299;0.0000;-790.7000;0.0000;6.8165;0.0000;-790.7000;0.0000;6.8165;1.0000;0.0000;0.0000;0.0000;0.0000
1904;838.66;795.0500;1213.4500;880.7500;85.7000;20.4828;0.6886;0.0000;-795.0500;0.0000;6.8165;0.0000;-795.0500;0.0000;6.8165;1.0000;0.0000;0.0000;0.0000;0.0000
1905;838.89;781.2500;1201.8000;876.2500;95.0000;22.5895;0.6461;0.0000;-781.2500;0.0000;6.8165;0.0000;-781.2500;0.0000;6.8165;1.0000;0.0000;0.0000;0.0000;0.0000
1906;839.11;783.7500;1209.9500;882.9000;99.1500;23.2637;0.6333;0.0000;-783.7500;0.0000;6.8165;0.0000;-783.7500;0.0000;6.8165;1.0000;0.0000;0.0000;0.0000;0.0000
1907;839.34;792.9500;1202.4000;881.1500;88.2000;21.5411;0.6667;0.0000;-792.9500;0.0000;6.8165;0.0000;-792.9500;0.0000;6.8165;1.0000;0.0000;0.0000;0.0000;0.0000
1908;839.56;779.5500;1212.0500;870.3000;90.7500;20.9827;0.6781;0.0000;-779.5500;0.0000;6.8165;0.0000;-779.5500;0.0000;6.8165;1.0000;0.0000;0.0000;0.0000;0.0000
1909;839.79;789.9500;1204.2500;873.8500;83.9000;20.2510;0.6936;0.0000;-789.9500;0.0000;6.8165;0.0000;-789.9500;0.0000;6.8165;1.0000;0.0000;0.0000;0.0000;0.0000
1910;840.01;782.3500;1188.8000;860.2500;77.9000;19.1659;0.7175;0.0000;-782.3500;0.0000;6.8165;0.0000;-782.3500;0.0000;6.8165;1.0000;0.0000;0.0000;0.0000;0.0000
1911;840.24;796.2500;1187.5500;867.8000;71.5500;18.2852;0.7379;0.0000;-796.2500;0.0000;6.8165;0.0000;-796.2500;0.0000;6.8165;1.0000;0.0000;0.0000;0.0000;0.0000
1912;840.46;786.6500;1199.1500;869.4000;82.7500;20.0606;0.6977;0.0000;-786.6500;0.0000;6.8165;0.0000;-786.6500;0.0000;6.8165;1.0000;0.0000;0.0000;0.0000;0.0000
1913;840.69;785.1000;1194.5000;864.5500;79.4500;19.4064;0.7121;0.0000;-785.1000;0.0000;6.8165;0.0000;-785.1000;0.0000;6.8165;1.0000;0.0000;0.0000;0.0000;0.0000
1914;840.91;798.1500;1182.5500;865.4500;67.3000;17.5078;0.7568;0.0000;-798.1500;0.0000;6.8165;0.0000;-798.1500;0.0000;6.8165;1.0000;0.0000;0.0000;0.0000;0.0000
1915;841.13;794.2000;1173.3000;889.3500;95.1500;25.0989;0.6003;0.0000;-794.2000;0.0000;6.8165;0.0000;-794.2000;0.0000;6.8165;1.0000;0.0000;0.0000;0.0000;0.0000
1916;841.36;788.2500;1187.3500;881.4500;93.2000;23.3525;0.6317;0.0000;-788.2500;0.0000;6.8165;0.0000;-788.2500;0.0000;6.8165;1.0000;0.0000;0.0000;0.0000;0.0000
1917;841.58;780.0000;1189.4000;870.8000;90.8000;22.1788;0.6541;0.0000;-780.0000;0.0000;6.8165;0.0000;-780.0000;0.0000;6.8165;1.0000;0.0000;0.0000;0.0000;0.0000
1918;841.81;781.9500;1184.2000;876.0500;94.1000;23.3934;0.6309;0.0000;-781.9500;0.0000;6.8165;0.0000;-781.9500;0.0000;6.8165;1.0000;0.0000;0.0000;0.0000;0.0000
1919;842.03;786.8500;1190.7000;908.8000;121.9500;30.1969;0.5200;0.0000;-786.8500;0.0000;6.8165;0.0000;-786.8500;0.0000;6.8165;1.0000;0.0000;0.0000;0.0000;0.0000
1920;842.25;795.6000;1204.3500;902.4500;106.8500;26.1407;0.5827;0.0000;-795.6000;0.0000;6.8165;0.0000;-795.6000;0.0000;6.8165;1.0000;0.0000;0.0000;0.0000;0.0000
1921;842.48;795.3500;1199.6500;894.9500;99.6000;24.6352;0.6084;0.0000;-795.3500;0.0000;6.8165;0.0000;-795.3500;0.0000;6.8165;1.0000;0.0000;0.0000;0.0000;0.0000
1922;842.70;780.4000;1220.2500;882.4500;102.0500;23.2011;0.6345;0.0000;-780.4000;0.0000;6.8165;0.0000;-780.4000;0.0000;6.8165;1.0000;0.0000;0.0000;0.0000;0.0000
1923;842.92;792.8500;1212.2500;879.5500;86.7000;20.6724;0.6846;0.0000;-792.8500;0.0000;6.8165;0.0000;-792.8500;0.0000;6.8165;1.0000;0.0000;0.0000;0.0000;0.0000
1924;843.15;800.8500;1213.6500;906.7000;105.8500;25.6420;0.5910;0.0000;-800.8500;0.0000;6.8165;0.0000;-800.8500;0.0000;6.8165;1.0000;0.0000;0.0000;0.0000;0.0000
1925;843.37;793.6500;1199.7500;889.4000;95.7500;23.5779;0.6275;0.0000;-793.6500;0.0000;6.8165;0.0000;-793.6500;0.0000;6.8165;1.0000;0.0000;0.0000;0.0000;0.0000
1926;843.59;788.9500;1198.6000;867.1500;78.2000;19.0895;0.7192;0.0000;-788.9500;0.0000;6.8165;0.0000;-788.9500;0.0000;6.8165;1.0000;0.0000;0.0000;0.0000;0.0000
1927;843.82;796.0000;1195.1500;864.4000;68.4000;17.1364;0.7661;0.0000;-796.0000;0.0000;6.8165;0.0000;-796.0000;0.0000;6.8165;1.0000;0.0000;0.0000;0.0000;0.0000
1928;844.04;788.5000;1156.2000;857.0500;68.5500;18.6429;0.7295;0.0000;-788.5000;0.0000;6.8165;0.0000;-788.5000;0.0000;6.8165;1.0000;0.0000;0.0000;0.0000;0.0000
1929;844.26;786.5000;1173.1000;865.4500;78.9500;20.4216;0.6899;0.0000;-786.5000;0.0000;6.8165;0.0000;-786.5000;0.0000;6.8165;1.0000;0.0000;0.0000;0.0000;0.0000
1930;844.49;790.7000;1171.8000;873.3500;82.6500;21.6872;0.6638;0.0000;-790.7000;0.0000;6.8165;0.0000;-790.7000;0.0000;6.8165;1.0000;0.0000;0.0000;0.0000;0.0000
1931;844.71;789.1000;1161.0500;861.1500;72.0500;19.3709;0.7129;0.0000;-789.1000;0.0000;6.8165;0.0000;-789.1000;0.0000;6.8165;1.0000;0.0000;0.0000;0.0000;0.0000
1932;844.93;789.1500;1151.1000;853.0000;63.8500;17.6406;0.7535;0.0000;-789.1500;0.0000;6.8165;0.0000;-789.1500;0.0000;6.8165;1.0000;0.0000;0.0000;0.0000;0.0000
1933;845.15;794.8000;1135.8000;854.8000;60.0000;17.5953;0.7546;0.0000;-794.8000;0.0000;6.8165;0.0000;-794.8000;0.0000;6.8165;1.0000;0.0000;0.0000;0.0000;0.0000
1934;845.38;792.0000;1137.8000;857.4000;65.4000;18.9127;0.7232;0.0000;-792.0000;0.0000;6.8165;0.0000;-792.0000;0.0000;6.8165;1.0000;0.0000;0.0000;0.0000;0.0000
1935;845.60;798.1000;1142.5000;851.3500;53.2500;15.4617;0.8107;0.0000;-798.1000;0.0000;6.8165;0.0000;-798.1000;0.0000;6.8165;1.0000;0.0000;0.0000;0.0000;0.0000
1936;845.82;789.9000;1157.1500;855.3000;65.4000;17.8080;0.7494;0.0000;-789.9000;0.0000;6.8165;0.0000;-789.9000;0.0000;6.8165;1.0000;0.0000;0.0000;0.0000;0.0000
1937;846.04;775.9000;1132.3000;839.0000;63.1000;17.7048;0.7519;0.0000;-775.9000;0.0000;6.8165;0.0000;-775.9000;0.0000;6.8165;1.0000;0.0000;0.0000;0.0000;0.0000
1938;846.26;784.6000;1147.0500;866.5000;81.9000;22.5962;0.6460;0.0000;-784.6000;0.0000;6.8165;0.0000;-784.6000;0.0000;6.8165;1.0000;0.0000;0.0000;0.0000;0.0000
1939;846.48;778.9500;1132.0500;858.2500;79.3000;22.4582;0.6486;0.0000;-778.9500;0.0000;6.8165;0.0000;-778.9500;0.0000;6.8165;1.0000;0.0000;0.0000;0.0000;0.0000
1940;846.71;787.7500;1123.8000;855.8500;68.1000;20.2648;0.6933;0.0000;-787.7500;0.0000;6.8165;0.0000;-787.7500;0.0000;6.8165;1.0000;0.0000;0.0000;0.0000;0.0000
1941;846.93;780.1000;1125.8500;861.7000;81.6000;23.6009;0.6271;0.0000;-780.1000;0.0000;6.8165;0.0000;-780.1000;0.0000;6.8165;1.0000;0.0000;0.0000;0.0000;0.0000
1942;847.15;790.4000;1129.4000;853.7500;63.3500;18.6873;0.7285;0.0000;-790.4000;0.0000;6.8165;0.0000;-790.4000;0.0000;6.8165;1.0000;0.0000;0.0000;0.0000;0.0000
1943;847.37;786.0500;1138.8000;850.3000;64.2500;18.2140;0.7396;0.0000;-786.0500;0.0000;6.8165;0.0000;-786.0500;0.0000;6.8165;1.0000;0.0000;0.0000;0.0000;0.0000
1944;847.59;775.7500;1118.7500;859.5000;83.7500;24.4169;0.6123;0.0000;-775.7500;0.0000;6.8165;0.0000;-775.7500;0.0000;6.8165;1.0000;0.0000;0.0000;0.0000;0.0000
1945;847.81;785.8000;1117.1000;853.8000;68.0000;20.5252;0.6877;0.0000;-785.8000;0.0000;6.8165;0.0000;-785.8000;0.0000;6.8165;1.0000;0.0000;0.0000;0.0000;0.0000
1946;848.03;774.3500;1119.3500;847.4000;73.0500;21.1739;0.6742;0.0000;-774.3500;0.0000;6.8165;0.0000;-774.3500;0.0000;6.8165;1.0000;0.0000;0.0000;0.0000;0.0000
1947;848.26;780.3000;1134.4500;840.1500;59.8500;16.8996;0.7721;0.0000;-780.3000;0.0000;6.8165;0.0000;-780.3000;0.0000;6.8165;1.0000;0.0000;0.0000;0.0000;0.0000
1948;848.48;789.7000;1132.5500;851.4500;61.7500;18.0108;0.7445;0.0000;-789.7000;0.0000;6.8165;0.0000;-789.7000;0.0000;6.8165;1.0000;0.0000;0.0000;0.0000;0.0000
1949;848.70;806.4000;1119.5500;829.2000;22.8000;7.2809;1.1378;0.0000;-806.4000;0.0000;6.8165;0.0000;-806.4000;0.0000;6.8165;1.0000;0.0000;0.0000;0.0000;0.0000
1950;848.92;785.9500;1108.0500;839.5000;53.5500;16.6253;0.7792;0.0000;-785.9500;0.0000;6.8165;0.0000;-785.9500;0.0000;6.8165;1.0000;0.0000;0.0000;0.0000;0.0000
1951;849.14;792.8500;1111.8000;845.8000;52.9500;16.6013;0.7799;0.0000;-792.8500;0.0000;6.8165;0.0000;-792.8500;0.0000;6.8165;1.0000;0.0000;0.0000;0.0000;0.0000
1952;849.36;786.5000;1119.2000;852.8000;66.3000;19.9279;0.7005;0.0000;-786.5000;0.0000;6.8165;0.0000;-786.5000;0.0000;6.8165;1.0000;0.0000;0.0000;0.0000;0.0000
1953;849.58;777.8500;1116.8000;845.7500;67.9000;20.0325;0.6983;0.0000;-777.8500;0.0000;6.8165;0.0000;-777.8500;0.0000;6.8165;1.0000;0.0000;0.0000;0.0000;0.0000
1954;849.80;783.6000;1113.8000;854.6500;71.0500;21.5173;0.6672;0.0000;-783.6000;0.0000;6.8165;0.0000;-783.6000;0.0000;6.8165;1.0000;0.0000;0.0000;0.0000;0.0000
1955;850.02;789.9500;1115.2000;853.2000;63.2500;19.4466;0.7112;0.0000;-789.9500;0.0000;6.8165;0.0000;-789.9500;0.0000;6.8165;1.0000;0.0000;0.0000;0.0000;0.0000
1956;850.24;797.5000;1099.7500;848.9500;51.4500;17.0223;0.7690;0.0000;-797.5000;0.0000;6.8165;0.0000;-797.5000;0.0000;6.8165;1.0000;0.0000;0.0000;0.0000;0.0000
1957;850.46;795.8500;1105.5000;852.1000;56.2500;18.1657;0.7407;0.0000;-795.8500;0.0000;6.8165;0.0000;-795.8500;0.0000;6.8165;1.0000;0.0000;0.0000;0.0000;0.0000
1958;850.68;795.9000;1108.6500;845.2000;49.3000;15.7634;0.8024;0.0000;-795.9000;0.0000;6.8165;0.0000;-795.9000;0.0000;6.8165;1.0000;0.0000;0.0000;0.0000;0.0000
1959;850.90;782.1000;1104.9000;857.7000;75.6000;23.4201;0.6304;0.0000;-782.1000;0.0000;6.8165;0.0000;-782.1000;0.0000;6.8165;1.0000;0.0000;0.0000;0.0000;0.0000
1960;851.12;789.3000;1101.0000;821.6500;32.3500;10.3786;0.9839;0.0000;-789.3000;0.0000;6.8165;0.0000;-789.3000;0.0000;6.8165;1.0000;0.0000;0.0000;0.0000;0.0000
1961;851.34;766.6500;1112.8000;842.9500;76.3000;22.0425;0.6567;0.0000;-766.6500;0.0000;6.8165;0.0000;-766.6500;0.0000;6.8165;1.0000;0.0000;0.0000;0.0000;0.0000
1962;851.56;779.8500;1113.2500;842.4000;62.5500;18.7612;0.7267;0.0000;-779.8500;0.0000;6.8165;0.0000;-779.8500;0.0000;6.8165;1.0000;0.0000;0.0000;0.0000;0.0000
1963;851.78;791.5000;1076.7000;837.8000;46.3000;16.2342;0.7896;0.0000;-791.5000;0.0000;6.8165;0.0000;-791.5000;0.0000;6.8165;1.0000;0.0000;0.0000;0.0000;0.0000
1964;852.00;782.2500;1106.6500;826.7500;44.5000;13.7176;0.8627;0.0000;-782.2500;0.0000;6.8165;0.0000;-782.2500;0.0000;6.8165;1.0000;0.0000;0.0000;0.0000;0.0000
1965;852.21;769.8000;1096.1500;825.7500;55.9500;17.1442;0.7659;0.0000;-769.8000;0.0000;6.8165;0.0000;-769.8000;0.0000;6.8165;1.0000;0.0000;0.0000;0.0000;0.0000
1966;852.43;782.4000;1108.4000;838.9000;56.5000;17.3313;0.7612;0.0000;-782.4000;0.0000;6.8165;0.0000;-782.4000;0.0000;6.8165;1.0000;0.0000;0.0000;0.0000;0.0000
1967;852.65;789.0000;1087.2500;831.8500;42.8500;14.3671;0.8426;0.0000;-789.0000;0.0000;6.8165;0.0000;-789.0000;0.0000;6.8165;1.0000;0.0000;0.0000;0.0000;0.0000
1968;852.87;787.7500;1105.5500;828.9500;41.2000;12.9641;0.8873;0.0000;-787.7500;0.0000;6.8165;0.0000;-787.7500;0.0000;6.8165;1.0000;0.0000;0.0000;0.0000;0.0000
1969;853.09;786.3000;1089.5500;835.6000;49.3000;16.2572;0.7890;0.0000;-786.3000;0.0000;6.8165;0.0000;-786.3000;0.0000;6.8165;1.0000;0.0000;0.0000;0.0000;0.0000
1970;853.31;792.5500;1098.1000;846.1000;53.5500;17.5258;0.7563;0.0000;-792.5500;0.0000;6.8165;0.0000;-792.5500;0.0000;6.8165;1.0000;0.0000;0.0000;0.0000;0.0000
1971;853.53;779.5000;1105.3000;834.6000;55.1000;16.9122;0.7718;0.0000;-779.5000;0.0000;6.8165;0.0000;-779.5000;0.0000;6.8165;1.0000;0.0000;0.0000;0.0000;0.0000
1972;853.74;780.4500;1105.8500;828.5500;48.1000;14.7818;0.8303;0.0000;-780.4500;0.0000;6.8165;0.0000;-780.4500;0.0000;6.8165;1.0000;0.0000;0.0000;0.0000;0.0000
1973;853.96;769.8500;1102.5000;842.0000;72.1500;21.6895;0.6638;0.0000;-769.8500;0.0000;6.8165;0.0000;-769.8500;0.0000;6.8165;1.0000;0.0000;0.0000;0.0000;0.0000
1974;854.18;794.4000;1112.0000;850.0000;55.6000;17.5063;0.7568;0.0000;-794.4000;0.0000;6.8165;0.0000;-794.4000;0.0000;6.8165;1.0000;0.0000;0.0000;0.0000;0.0000
1975;854.40;795.4000;1086.8500;836.5000;41.1000;14.1019;0.8507;0.0000;-795.4000;0.0000;6.8165;0.0000;-795.4000;0.0000;6.8165;1.0000;0.0000;0.0000;0.0000;0.0000
1976;854.62;797.4500;1094.4500;843.2500;45.8000;15.4209;0.8119;0.0000;-797.4500;0.0000;6.8165;0.0000;-797.4500;0.0000;6.8165;1.0000;0.0000;0.0000;0.0000;0.0000
1977;854.83;785.1000;1080.3500;843.2000;58.1000;19.6782;0.7060;0.0000;-785.1000;0.0000;6.8165;0.0000;-785.1000;0.0000;6.8165;1.0000;0.0000;0.0000;0.0000;0.0000
1978;855.05;787.9000;1096.4500;840.8000;52.9000;17.1447;0.7659;0.0000;-787.9000;0.0000;6.8165;0.0000;-787.9000;0.0000;6.8165;1.0000;0.0000;0.0000;0.0000;0.0000
1979;855.27;790.8000;1079.8500;822.8000;32.0000;11.0707;0.9558;0.0000;-790.8000;0.0000;6.8165;0.0000;-790.8000;0.0000;6.8165;1.0000;0.0000;0.0000;0.0000;0.0000
1980;855.49;778.4000;1092.1500;816.9000;38.5000;12.2709;0.9111;0.0000;-778.4000;0.0000;6.8165;0.0000;-778.4000;0.0000;6.8165;1.0000;0.0000;0.0000;0.0000;0.0000
1981;855.71;790.3000;1063.2500;834.9500;44.6500;16.3583;0.7863;0.0000;-790.3000;0.0000;6.8165;0.0000;-790.3000;0.0000;6.8165;1.0000;0.0000;0.0000;0.0000;0.0000
1982;855.92;778.6000;1081.0000;845.9000;67.3000;22.2553;0.6526;0.0000;-778.6000;0.0000;6.8165;0.0000;-778.6000;0.0000;6.8165;1.0000;0.0000;0.0000;0.0000;0.0000
1983;856.14;796.7000;1068.0000;836.1000;39.4000;14.5227;0.8380;0.0000;-796.7000;0.0000;6.8165;0.0000;-796.7000;0.0000;6.8165;1.0000;0.0000;0.0000;0.0000;0.0000
1984;856.36;784.9500;1080.1500;815.3500;30.4000;10.2981;0.9872;0.0000;-784.9500;0.0000;6.8165;0.0000;-784.9500;0.0000;6.8165;1.0000;0.0000;0.0000;0.0000;0.0000
1985;856.57;791.7000;1070.8500;826.0000;34.3000;12.2873;0.9105;0.0000;-791.7000;0.0000;6.8165;0.0000;-791.7000;0.0000;6.8165;1.0000;0.0000;0.0000;0.0000;0.0000
1986;856.79;789.9000;1058.0000;822.7500;32.8500;12.2529;0.9118;0.0000;-789.9000;0.0000;6.8165;0.0000;-789.9000;0.0000;6.8165;1.0000;0.0000;0.0000;0.0000;0.0000
1987;857.01;781.4500;1069.7000;820.5000;39.0500;13.5473;0.8681;0.0000;-781.4500;0.0000;6.8165;0.0000;-781.4500;0.0000;6.8165;1.0000;0.0000;0.0000;0.0000;0.0000
1988;857.22;795.8000;1083.6500;839.3500;43.5500;15.1294;0.8202;0.0000;-795.8000;0.0000;6.8165;0.0000;-795.8000;0.0000;6.8165;1.0000;0.0000;0.0000;0.0000;0.0000
1989;857.44;782.7500;1085.1500;837.2000;54.4500;18.0060;0.7446;0.0000;-782.7500;0.0000;6.8165;0.0000;-782.7500;0.0000;6.8165;1.0000;0.0000;0.0000;0.0000;0.0000
1990;857.66;787.0000;1068.9000;825.9500;38.9500;13.8170;0.8596;0.0000;-787.0000;0.0000;6.8165;0.0000;-787.0000;0.0000;6.8165;1.0000;0.0000;0.0000;0.0000;0.0000
1991;857.87;772.3500;1080.4000;824.8500;52.5000;17.0427;0.7685;0.0000;-772.3500;0.0000;6.8165;0.0000;-772.3500;0.0000;6.8165;1.0000;0.0000;0.0000;0.0000;0.0000
1992;858.09;794.8000;1047.3500;817.2500;22.4500;8.8893;1.0511;0.0000;-794.8000;0.0000;6.8165;0.0000;-794.8000;0.0000;6.8165;1.0000;0.0000;0.0000;0.0000;0.0000
1993;858.31;796.2500;1063.7500;814.0000;17.7500;6.6355;1.1781;0.0000;-796.2500;0.0000;6.8165;0.0000;-796.2500;0.0000;6.8165;1.0000;0.0000;0.0000;0.0000;0.0000
1994;858.52;787.8000;1069.9000;833.1500;45.3500;16.0759;0.7938;0.0000;-787.8000;0.0000;6.8165;0.0000;-787.8000;0.0000;6.8165;1.0000;0.0000;0.0000;0.0000;0.0000
1995;858.74;775.8000;1073.5000;819.7500;43.9500;14.7632;0.8308;0.0000;-775.8000;0.0000;6.8165;0.0000;-775.8000;0.0000;6.8165;1.0000;0.0000;0.0000;0.0000;0.0000
1996;858.95;782.8000;1048.2500;810.6000;27.8000;10.4728;0.9799;0.0000;-782.8000;0.0000;6.8165;0.0000;-782.8000;0.0000;6.8165;1.0000;0.0000;0.0000;0.0000;0.0000
1997;859.17;773.3000;1062.0000;815.5000;42.2000;14.6172;0.8351;0.0000;-773.3000;0.0000;6.8165;0.0000;-773.3000;0.0000;6.8165;1.0000;0.0000;0.0000;0.0000;0.0000
1998;859.39;773.2500;1059.4000;815.7000;42.4500;14.8349;0.8287;0.0000;-773.2500;0.0000;6.8165;0.0000;-773.2500;0.0000;6.8165;1.0000;0.0000;0.0000;0.0000;0.0000
1999;859.60;780.7500;1066.8500;807.6000;26.8500;9.3848;1.0276;0.0000;-780.7500;0.0000;6.8165;0.0000;-780.7500;0.0000;6.8165;1.0000;0.0000;0.0000;0.0000;0.0000
2000;859.82;793.3000;1071.5500;827.8500;34.5500;12.4169;0.9060;0.0000;-793.3000;0.0000;6.8165;0.0000;-793.3000;0.0000;6.8165;1.0000;0.0000;0.0000;0.0000;0.0000
2001;860.03;783.6000;1057.9000;822.6500;39.0500;14.2362;0.8466;0.0000;-783.6000;0.0000;6.8165;0.0000;-783.6000;0.0000;6.8165;1.0000;0.0000;0.0000;0.0000;0.0000
2002;860.25;799.4500;1049.8500;825.1000;25.6500;10.2436;0.9895;0.0000;-799.4500;0.0000;6.8165;0.0000;-799.4500;0.0000;6.8165;1.0000;0.0000;0.0000;0.0000;0.0000
2003;860.46;785.9000;1044.9000;815.4500;29.5500;11.4093;0.9427;0.0000;-785.9000;0.0000;6.8165;0.0000;-785.9000;0.0000;6.8165;1.0000;0.0000;0.0000;0.0000;0.0000
2004;860.68;786.1500;1046.7500;815.7000;29.5500;11.3392;0.9454;0.0000;-786.1500;0.0000;6.8165;0.0000;-786.1500;0.0000;6.8165;1.0000;0.0000;0.0000;0.0000;0.0000
2005;860.89;779.4000;1035.5000;807.7500;28.3500;11.0699;0.9559;0.0000;-779.4000;0.0000;6.8165;0.0000;-779.4000;0.0000;6.8165;1.0000;0.0000;0.0000;0.0000;0.0000
2006;861.11;786.0000;1053.5000;824.2000;38.2000;14.2804;0.8453;0.0000;-786.0000;0.0000;6.8165;0.0000;-786.0000;0.0000;6.8165;1.0000;0.0000;0.0000;0.0000;0.0000
2007;861.32;790.7000;1050.2500;820.1000;29.4000;11.3273;0.9459;0.0000;-790.7000;0.0000;6.8165;0.0000;-790.7000;0.0000;6.8165;1.0000;0.0000;0.0000;0.0000;0.0000
2008;861.54;788.4000;1039.7500;816.6500;28.2500;11.2393;0.9493;0.0000;-788.4000;0.0000;6.8165;0.0000;-788.4000;0.0000;6.8165;1.0000;0.0000;0.0000;0.0000;0.0000
2009;861.75;779.3000;1030.7000;803.1500;23.8500;9.4869;1.0229;0.0000;-779.3000;0.0000;6.8165;0.0000;-779.3000;0.0000;6.8165;1.0000;0.0000;0.0000;0.0000;0.0000
2010;861.96;795.9500;1019.1000;804.0500;8.1000;3.6298;1.4401;0.0000;-795.9500;0.0000;6.8165;0.0000;-795.9500;0.0000;6.8165;1.0000;0.0000;0.0000;0.0000;0.0000
2011;862.18;800.8500;1027.9000;813.3000;12.4500;5.4834;1.2610;0.0000;-800.8500;0.0000;6.8165;0.0000;-800.8500;0.0000;6.8165;1.0000;0.0000;0.0000;0.0000;0.0000
2012;862.39;788.8500;1029.4000;813.5500;24.7000;10.2681;0.9885;0.0000;-788.8500;0.0000;6.8165;0.0000;-788.8500;0.0000;6.8165;1.0000;0.0000;0.0000;0.0000;0.0000
2013;862.61;775.2500;1028.9500;811.2000;35.9500;14.1703;0.8486;0.0000;-775.2500;0.0000;6.8165;0.0000;-775.2500;0.0000;6.8165;1.0000;0.0000;0.0000;0.0000;0.0000
2014;862.82;773.1500;1024.4500;795.5500;22.4000;8.9136;1.0499;0.0000;-773.1500;0.0000;6.8165;0.0000;-773.1500;0.0000;6.8165;1.0000;0.0000;0.0000;0.0000;0.0000
2015;863.03;775.6000;1016.2500;799.2500;23.6500;9.8276;1.0076;0.0000;-775.6000;0.0000;6.8165;0.0000;-775.6000;0.0000;6.8165;1.0000;0.0000;0.0000;0.0000;0.0000
2016;863.25;783.7000;1014.0500;801.2500;17.5500;7.6188;1.1181;0.0000;-783.7000;0.0000;6.8165;0.0000;-783.7000;0.0000;6.8165;1.0000;0.0000;0.0000;0.0000;0.0000
2017;863.46;789.8500;1008.0000;806.8500;17.0000;7.7928;1.1083;0.0000;-789.8500;0.0000;6.8165;0.0000;-789.8500;0.0000;6.8165;1.0000;0.0000;0.0000;0.0000;0.0000
2018;863.68;773.8000;1019.4500;795.3000;21.5000;8.7523;1.0579;0.0000;-773.8000;0.0000;6.8165;0.0000;-773.8000;0.0000;6.8165;1.0000;0.0000;0.0000;0.0000;0.0000
2019;863.89;769.4000;1006.6500;803.6000;34.2000;14.4152;0.8412;0.0000;-769.4000;0.0000;6.8165;0.0000;-769.4000;0.0000;6.8165;1.0000;0.0000;0.0000;0.0000;0.0000
2020;864.10;775.1500;1001.4500;798.9500;23.8000;10.5170;0.9781;0.0000;-775.1500;0.0000;6.8165;0.0000;-775.1500;0.0000;6.8165;1.0000;0.0000;0.0000;0.0000;0.0000
2021;864.32;780.3000;993.0000;802.7500;22.4500;10.5548;0.9766;0.0000;-780.3000;0.0000;6.8165;0.0000;-780.3000;0.0000;6.8165;1.0000;0.0000;0.0000;0.0000;0.0000
2022;864.53;792.9500;1004.8000;801.9500;9.0000;4.2483;1.3718;0.0000;-792.9500;0.0000;6.8165;0.0000;-792.9500;0.0000;6.8165;1.0000;0.0000;0.0000;0.0000;0.0000
2023;864.74;782.1500;995.3500;793.9000;11.7500;5.5113;1.2587;0.0000;-782.1500;0.0000;6.8165;0.0000;-782.1500;0.0000;6.8165;1.0000;0.0000;0.0000;0.0000;0.0000
2024;864.95;775.6500;1009.3500;806.3500;30.7000;13.1365;0.8815;0.0000;-775.6500;0.0000;6.8165;0.0000;-775.6500;0.0000;6.8165;1.0000;0.0000;0.0000;0.0000;0.0000
2025;865.17;793.5500;1021.7500;803.6500;10.1000;4.4259;1.3540;0.0000;-793.5500;0.0000;6.8165;0.0000;-793.5500;0.0000;6.8165;1.0000;0.0000;0.0000;0.0000;0.0000
2026;865.38;795.0500;1007.7000;799.5000;4.4500;2.0926;1.6793;0.0000;-795.0500;0.0000;6.8165;0.0000;-795.0500;0.0000;6.8165;1.0000;0.0000;0.0000;0.0000;0.0000
2027;865.59;799.9500;994.7500;798.0000;-1.9500;0.0000;6.8165;0.0000;-799.9500;0.0000;6.8165;0.0000;-799.9500;0.0000;6.8165;1.0000;0.0000;0.0000;0.0000;0.0000
2028;865.81;790.2000;1005.5500;807.2000;17.0000;7.8941;1.1027;0.0000;-790.2000;0.0000;6.8165;0.0000;-790.2000;0.0000;6.8165;1.0000;0.0000;0.0000;0.0000;0.0000
2029;866.02;789.2500;1004.9000;795.6500;6.4000;2.9678;1.5276;0.0000;-789.2500;0.0000;6.8165;0.0000;-789.2500;0.0000;6.8165;1.0000;0.0000;0.0000;0.0000;0.0000
2030;866.23;798.7500;985.1000;809.6500;10.9000;5.8492;1.2329;0.0000;-798.7500;0.0000;6.8165;0.0000;-798.7500;0.0000;6.8165;1.0000;0.0000;0.0000;0.0000;0.0000
2031;866.44;786.2500;996.1000;805.5000;19.2500;9.1732;1.0375;0.0000;-786.2500;0.0000;6.8165;0.0000;-786.2500;0.0000;6.8165;1.0000;0.0000;0.0000;0.0000;0.0000
2032;866.65;788.2500;991.6500;797.6000;9.3500;4.5969;1.3375;0.0000;-788.2500;0.0000;6.8165;0.0000;-788.2500;0.0000;6.8165;1.0000;0.0000;0.0000;0.0000;0.0000
2033;866.87;795.8000;990.0500;789.4500;-6.3500;0.0000;6.8165;0.0000;-795.8000;0.0000;6.8165;0.0000;-795.8000;0.0000;6.8165;1.0000;0.0000;0.0000;0.0000;0.0000
2034;867.08;790.1000;992.6500;803.3000;13.2000;6.5169;1.1860;0.0000;-790.1000;0.0000;6.8165;0.0000;-790.1000;0.0000;6.8165;1.0000;0.0000;0.0000;0.0000;0.0000
2035;867.29;798.0000;1003.4500;798.4000;0.4000;0.1947;2.7106;0.0000;-798.0000;0.0000;6.8165;0.0000;-798.0000;0.0000;6.8165;1.0000;0.0000;0.0000;0.0000;0.0000
2036;867.50;796.3000;1002.9500;794.0000;-2.3000;0.0000;6.8165;0.0000;-796.3000;0.0000;6.8165;0.0000;-796.3000;0.0000;6.8165;1.0000;0.0000;0.0000;0.0000;0.0000
2037;867.71;790.6000;984.5500;802.5500;11.9500;6.1614;1.2103;0.0000;-790.6000;0.0000;6.8165;0.0000;-790.6000;0.0000;6.8165;1.0000;0.0000;0.0000;0.0000;0.0000
2038;867.92;790.4500;989.8000;803.1500;12.7000;6.3707;1.1958;0.0000;-790.4500;0.0000;6.8165;0.0000;-790.4500;0.0000;6.8165;1.0000;0.0000;0.0000;0.0000;0.0000
2039;868.14;802.4500;963.0000;803.8000;1.3500;0.8409;2.0753;0.0000;-802.4500;0.0000;6.8165;0.0000;-802.4500;0.0000;6.8165;1.0000;0.0000;0.0000;0.0000;0.0000
2040;868.35;802.6500;968.8000;800.5500;-2.1000;0.0000;6.8165;0.0000;-802.6500;0.0000;6.8165;0.0000;-802.6500;0.0000;6.8165;1.0000;0.0000;0.0000;0.0000;0.0000
2041;868.56;802.2500;984.2500;776.3000;-25.9500;0.0000;6.8165;0.0000;-802.2500;0.0000;6.8165;0.0000;-802.2500;0.0000;6.8165;1.0000;0.0000;0.0000;0.0000;0.0000
2042;868.77;790.7000;983.0000;782.6000;-8.1000;0.0000;6.8165;0.0000;-790.7000;0.0000;6.8165;0.0000;-790.7000;0.0000;6.8165;1.0000;0.0000;0.0000;0.0000;0.0000
2043;868.98;790.5000;977.7500;814.2000;23.7000;12.6569;0.8977;0.0000;-790.5000;0.0000;6.8165;0.0000;-790.5000;0.0000;6.8165;1.0000;0.0000;0.0000;0.0000;0.0000
2044;869.19;797.7500;994.0500;799.9500;2.2000;1.1207;1.9505;0.0000;-797.7500;0.0000;6.8165;0.0000;-797.7500;0.0000;6.8165;1.0000;0.0000;0.0000;0.0000;0.0000
2045;869.40;775.6500;995.4500;799.1000;23.4500;10.6688;0.9719;0.0000;-775.6500;0.0000;6.8165;0.0000;-775.6500;0.0000;6.8165;1.0000;0.0000;0.0000;0.0000;0.0000
2046;869.61;785.1500;968.9500;804.2000;19.0500;10.3645;0.9845;0.0000;-785.1500;0.0000;6.8165;0.0000;-785.1500;0.0000;6.8165;1.0000;0.0000;0.0000;0.0000;0.0000
2047;869.82;784.3000;986.9000;781.9500;-2.3500;0.0000;6.8165;0.0000;-784.3000;0.0000;6.8165;0.0000;-784.3000;0.0000;6.8165;1.0000;0.0000;0.0000;0.0000;0.0000
