Date;2006-12-03 13:36:11
title;IBD
model;BTC112
c code;IBD
operator;
port1;0
baud1;3
pixel_start;0
pixel_end;2047
step;1
units;1
bkcolor;16777215
show_mode;0
data_mode;0
pixel_mode;0
intigration times;5
average number;20
spectrometer_type ;14
yaxis;1
yaxis_min;0
yaxis_max;65535
xaxis;1
xaxis_min;0
xaxis_max;2047
coefs_a0;231.943084241822
coefs_a1;0.406994147595924
coefs_a2;-4.3775084135389E-5
coefs_a3;-1.3768865065993E-9
coefs_b0;-728.069070757367
coefs_b1;3.36508502946526
coefs_b2;-0.0019617714298974
coefs_b3;2.01154622732E-6
all_data_save;1
select_option;-1
interval_time;50
pixel_num;2048
sel_pixel_start;0
sel_pixel_end;2047
sel_pixel_delta;1
dark_compensate;0
dark_compensate_value_1;0
dark_compensate_value_2;0
dark_compensate_value_3;0
monitor pixel_0;0
monitor pixel_1;0
monitor pixel_2;0
monitor pixel_3;0
monitor pixel_4;0
monitor pixel_5;0
vertical_line3_wv;250
vertical_line4_wv;250
vertical_line_flag;0
vertical_line_ratio;0
overlay_js;0
Pixel;Wavelength;Dark;Reference;Raw data #1;Dark Subtracted #1;%TR #1;Absorbance #1;Raw data #2;Dark Subtracted #2;%TR #2;Absorbance #2;Raw data #3;Dark Subtracted #3;%TR #3;Absorbance #3;Errands Ref;Errands Fit;Irradiance_1;Irradiance_2;Irradiance_3
0;231.94;782.0500;781.2000;765.3500;-16.7000;110.0000;-0.0414;0.0000;-782.0500;110.0000;-0.0414;0.0000;-782.0500;110.0000;-0.0414;1.0000;0.0000;0.0000;0.0000;0.0000
1;232.35;782.0500;781.2000;765.3500;-16.7000;110.0000;-0.0414;0.0000;-782.0500;110.0000;-0.0414;0.0000;-782.0500;110.0000;-0.0414;1.0000;0.0000;0.0000;0.0000;0.0000
2;232.76;785.2500;784.8000;755.6500;-29.6000;110.0000;-0.0414;0.0000;-785.2500;110.0000;-0.0414;0.0000;-785.2500;110.0000;-0.0414;1.0000;0.0000;0.0000;0.0000;0.0000
3;233.16;738.4000;747.1000;718.1000;-20.3000;0.0000;6.8165;0.0000;-738.4000;0.0000;6.8165;0.0000;-738.4000;0.0000;6.8165;1.0000;0.0000;0.0000;0.0000;0.0000
4;233.57;795.0000;782.1000;780.1000;-14.9000;110.0000;-0.0414;0.0000;-795.0000;110.0000;-0.0414;0.0000;-795.0000;110.0000;-0.0414;1.0000;0.0000;0.0000;0.0000;0.0000
5;233.98;788.2000;796.1000;766.2000;-22.0000;0.0000;6.8165;0.0000;-788.2000;110.0000;-0.0414;0.0000;-788.2000;110.0000;-0.0414;1.0000;0.0000;0.0000;0.0000;0.0000
6;234.38;789.6000;776.0500;772.4000;-17.2000;110.0000;-0.0414;0.0000;-789.6000;110.0000;-0.0414;0.0000;-789.6000;110.0000;-0.0414;1.0000;0.0000;0.0000;0.0000;0.0000
7;234.79;815.2000;780.4000;776.8500;-38.3500;110.0000;-0.0414;0.0000;-815.2000;110.0000;-0.0414;0.0000;-815.2000;110.0000;-0.0414;1.0000;0.0000;0.0000;0.0000;0.0000
8;235.20;809.9500;775.5000;772.2500;-37.7000;109.4340;-0.0392;0.0000;-809.9500;110.0000;-0.0414;0.0000;-809.9500;110.0000;-0.0414;1.0000;0.0000;0.0000;0.0000;0.0000
9;235.60;796.0000;795.1000;772.9500;-23.0500;110.0000;-0.0414;0.0000;-796.0000;110.0000;-0.0414;0.0000;-796.0000;110.0000;-0.0414;1.0000;0.0000;0.0000;0.0000;0.0000
10;236.01;786.6000;782.2000;773.1000;-13.5000;110.0000;-0.0414;0.0000;-786.6000;110.0000;-0.0414;0.0000;-786.6000;110.0000;-0.0414;1.0000;0.0000;0.0000;0.0000;0.0000
11;236.41;799.6500;780.0500;776.5500;-23.1000;110.0000;-0.0414;0.0000;-799.6500;110.0000;-0.0414;0.0000;-799.6500;110.0000;-0.0414;1.0000;0.0000;0.0000;0.0000;0.0000
12;236.82;790.1500;788.9500;780.4500;-9.7000;110.0000;-0.0414;0.0000;-790.1500;0.0000;6.8165;0.0000;-790.1500;0.0000;6.8165;1.0000;0.0000;0.0000;0.0000;0.0000
13;237.23;798.5000;775.5500;779.0000;-19.5000;84.9673;0.0707;0.0000;-798.5000;110.0000;-0.0414;0.0000;-798.5000;110.0000;-0.0414;1.0000;0.0000;0.0000;0.0000;0.0000
14;237.63;798.7500;751.9500;788.4500;-10.3000;22.0085;0.6574;0.0000;-798.7500;110.0000;-0.0414;0.0000;-798.7500;110.0000;-0.0414;1.0000;0.0000;0.0000;0.0000;0.0000
15;238.04;786.8500;791.7500;785.2000;-1.6500;0.0000;6.8165;0.0000;-786.8500;110.0000;-0.0414;0.0000;-786.8500;110.0000;-0.0414;1.0000;0.0000;0.0000;0.0000;0.0000
16;238.44;797.8500;773.8500;772.1500;-25.7000;107.0833;-0.0297;0.0000;-797.8500;110.0000;-0.0414;0.0000;-797.8500;110.0000;-0.0414;1.0000;0.0000;0.0000;0.0000;0.0000
17;238.85;788.6500;779.4500;779.6000;-9.0500;98.3696;0.0071;0.0000;-788.6500;110.0000;-0.0414;0.0000;-788.6500;110.0000;-0.0414;1.0000;0.0000;0.0000;0.0000;0.0000
18;239.25;802.4000;780.5500;765.6000;-36.8000;110.0000;-0.0414;0.0000;-802.4000;110.0000;-0.0414;0.0000;-802.4000;110.0000;-0.0414;1.0000;0.0000;0.0000;0.0000;0.0000
19;239.66;782.8500;761.9000;768.3000;-14.5500;69.4511;0.1583;0.0000;-782.8500;110.0000;-0.0414;0.0000;-782.8500;110.0000;-0.0414;1.0000;0.0000;0.0000;0.0000;0.0000
20;240.07;775.7000;758.0000;779.6000;3.9000;0.0000;6.8165;0.0000;-775.7000;110.0000;-0.0414;0.0000;-775.7000;110.0000;-0.0414;1.0000;0.0000;0.0000;0.0000;0.0000
21;240.47;781.7000;777.0000;769.4500;-12.2500;110.0000;-0.0414;0.0000;-781.7000;110.0000;-0.0414;0.0000;-781.7000;110.0000;-0.0414;1.0000;0.0000;0.0000;0.0000;0.0000
22;240.88;789.2500;776.0000;785.2500;-4.0000;30.1887;0.5202;0.0000;-789.2500;110.0000;-0.0414;0.0000;-789.2500;110.0000;-0.0414;1.0000;0.0000;0.0000;0.0000;0.0000
23;241.28;770.8000;792.2000;760.6500;-10.1500;0.0000;6.8165;0.0000;-770.8000;0.0000;6.8165;0.0000;-770.8000;0.0000;6.8165;1.0000;0.0000;0.0000;0.0000;0.0000
24;241.69;792.3500;775.7000;766.2500;-26.1000;110.0000;-0.0414;0.0000;-792.3500;110.0000;-0.0414;0.0000;-792.3500;110.0000;-0.0414;1.0000;0.0000;0.0000;0.0000;0.0000
25;242.09;790.1000;765.4000;768.6500;-21.4500;86.8421;0.0613;0.0000;-790.1000;110.0000;-0.0414;0.0000;-790.1000;110.0000;-0.0414;1.0000;0.0000;0.0000;0.0000;0.0000
26;242.50;790.4500;781.4500;774.8500;-15.6000;110.0000;-0.0414;0.0000;-790.4500;110.0000;-0.0414;0.0000;-790.4500;110.0000;-0.0414;1.0000;0.0000;0.0000;0.0000;0.0000
27;242.90;786.4500;787.9500;769.6000;-16.8500;0.0000;6.8165;0.0000;-786.4500;110.0000;-0.0414;0.0000;-786.4500;110.0000;-0.0414;1.0000;0.0000;0.0000;0.0000;0.0000
28;243.30;788.4000;786.5000;767.8000;-20.6000;110.0000;-0.0414;0.0000;-788.4000;110.0000;-0.0414;0.0000;-788.4000;110.0000;-0.0414;1.0000;0.0000;0.0000;0.0000;0.0000
29;243.71;791.3000;778.9500;770.4500;-20.8500;110.0000;-0.0414;0.0000;-791.3000;110.0000;-0.0414;0.0000;-791.3000;110.0000;-0.0414;1.0000;0.0000;0.0000;0.0000;0.0000
30;244.11;785.5500;782.8500;774.7000;-10.8500;110.0000;-0.0414;0.0000;-785.5500;110.0000;-0.0414;0.0000;-785.5500;110.0000;-0.0414;1.0000;0.0000;0.0000;0.0000;0.0000
31;244.52;786.7000;777.1500;782.1000;-4.6000;48.1675;0.3172;0.0000;-786.7000;110.0000;-0.0414;0.0000;-786.7000;110.0000;-0.0414;1.0000;0.0000;0.0000;0.0000;0.0000
32;244.92;791.0000;769.3000;765.7500;-25.2500;110.0000;-0.0414;0.0000;-791.0000;110.0000;-0.0414;0.0000;-791.0000;110.0000;-0.0414;1.0000;0.0000;0.0000;0.0000;0.0000
33;245.33;788.9000;782.8500;764.2500;-24.6500;110.0000;-0.0414;0.0000;-788.9000;0.0000;6.8165;0.0000;-788.9000;0.0000;6.8165;1.0000;0.0000;0.0000;0.0000;0.0000
34;245.73;769.8000;762.9000;765.7500;-4.0500;58.6957;0.2314;0.0000;-769.8000;0.0000;6.8165;0.0000;-769.8000;0.0000;6.8165;1.0000;0.0000;0.0000;0.0000;0.0000
35;246.13;778.1500;791.4000;774.0000;-4.1500;0.0000;6.8165;0.0000;-778.1500;0.0000;6.8165;0.0000;-778.1500;0.0000;6.8165;1.0000;0.0000;0.0000;0.0000;0.0000
36;246.54;796.3000;854.7000;804.7000;8.4000;14.3836;0.8421;0.0000;-796.3000;0.0000;6.8165;0.0000;-796.3000;0.0000;6.8165;1.0000;0.0000;0.0000;0.0000;0.0000
37;246.94;783.0500;842.4000;785.2000;2.1500;3.6226;1.4410;0.0000;-783.0500;0.0000;6.8165;0.0000;-783.0500;0.0000;6.8165;1.0000;0.0000;0.0000;0.0000;0.0000
38;247.35;783.4000;852.2500;795.9000;12.5000;18.1554;0.7410;0.0000;-783.4000;0.0000;6.8165;0.0000;-783.4000;0.0000;6.8165;1.0000;0.0000;0.0000;0.0000;0.0000
39;247.75;786.4500;860.8000;796.7500;10.3000;13.8534;0.8584;0.0000;-786.4500;0.0000;6.8165;0.0000;-786.4500;0.0000;6.8165;1.0000;0.0000;0.0000;0.0000;0.0000
40;248.15;784.7000;857.4500;791.1500;6.4500;8.8660;1.0523;0.0000;-784.7000;0.0000;6.8165;0.0000;-784.7000;0.0000;6.8165;1.0000;0.0000;0.0000;0.0000;0.0000
41;248.56;797.0000;868.9500;796.9000;-0.1000;0.0000;6.8165;0.0000;-797.0000;0.0000;6.8165;0.0000;-797.0000;0.0000;6.8165;1.0000;0.0000;0.0000;0.0000;0.0000
42;248.96;791.6000;841.6500;800.1500;8.5500;17.0829;0.7674;0.0000;-791.6000;0.0000;6.8165;0.0000;-791.6000;0.0000;6.8165;1.0000;0.0000;0.0000;0.0000;0.0000
43;249.36;792.5500;852.1500;798.4000;5.8500;9.8154;1.0081;0.0000;-792.5500;0.0000;6.8165;0.0000;-792.5500;0.0000;6.8165;1.0000;0.0000;0.0000;0.0000;0.0000
44;249.77;775.2500;841.2500;795.9500;20.7000;31.3636;0.5036;0.0000;-775.2500;0.0000;6.8165;0.0000;-775.2500;0.0000;6.8165;1.0000;0.0000;0.0000;0.0000;0.0000
45;250.17;791.1500;856.3000;779.0500;-12.1000;0.0000;6.8165;0.0000;-791.1500;0.0000;6.8165;0.0000;-791.1500;0.0000;6.8165;1.0000;0.0000;0.0000;0.0000;0.0000
46;250.57;788.2500;848.6000;787.9000;-0.3500;0.0000;6.8165;0.0000;-788.2500;0.0000;6.8165;0.0000;-788.2500;0.0000;6.8165;1.0000;0.0000;0.0000;0.0000;0.0000
47;250.97;787.5500;854.2500;784.7000;-2.8500;0.0000;6.8165;0.0000;-787.5500;0.0000;6.8165;0.0000;-787.5500;0.0000;6.8165;1.0000;0.0000;0.0000;0.0000;0.0000
48;251.38;787.1000;845.0500;802.7500;15.6500;27.0060;0.5685;0.0000;-787.1000;0.0000;6.8165;0.0000;-787.1000;0.0000;6.8165;1.0000;0.0000;0.0000;0.0000;0.0000
49;251.78;791.0000;860.6000;792.8500;1.8500;2.6580;1.5754;0.0000;-791.0000;0.0000;6.8165;0.0000;-791.0000;0.0000;6.8165;1.0000;0.0000;0.0000;0.0000;0.0000
50;252.18;780.6500;866.7000;794.9500;14.3000;16.6182;0.7794;0.0000;-780.6500;0.0000;6.8165;0.0000;-780.6500;0.0000;6.8165;1.0000;0.0000;0.0000;0.0000;0.0000
51;252.59;780.0000;852.7500;783.3000;3.3000;4.5361;1.3433;0.0000;-780.0000;0.0000;6.8165;0.0000;-780.0000;0.0000;6.8165;1.0000;0.0000;0.0000;0.0000;0.0000
52;252.99;783.4500;862.8500;793.9500;10.5000;13.2242;0.8786;0.0000;-783.4500;0.0000;6.8165;0.0000;-783.4500;0.0000;6.8165;1.0000;0.0000;0.0000;0.0000;0.0000
53;253.39;780.7000;854.4500;781.3500;0.6500;0.8814;2.0548;0.0000;-780.7000;0.0000;6.8165;0.0000;-780.7000;0.0000;6.8165;1.0000;0.0000;0.0000;0.0000;0.0000
54;253.79;784.9000;857.7000;793.1000;8.2000;11.2637;0.9483;0.0000;-784.9000;0.0000;6.8165;0.0000;-784.9000;0.0000;6.8165;1.0000;0.0000;0.0000;0.0000;0.0000
55;254.20;780.9500;862.9000;785.5500;4.6000;5.6132;1.2508;0.0000;-780.9500;0.0000;6.8165;0.0000;-780.9500;0.0000;6.8165;1.0000;0.0000;0.0000;0.0000;0.0000
56;254.60;787.2000;854.3000;799.4500;12.2500;18.2563;0.7386;0.0000;-787.2000;0.0000;6.8165;0.0000;-787.2000;0.0000;6.8165;1.0000;0.0000;0.0000;0.0000;0.0000
57;255.00;784.4000;859.8500;792.5500;8.1500;10.8019;0.9665;0.0000;-784.4000;0.0000;6.8165;0.0000;-784.4000;0.0000;6.8165;1.0000;0.0000;0.0000;0.0000;0.0000
58;255.40;794.1500;870.5500;794.7000;0.5500;0.7199;2.1427;0.0000;-794.1500;0.0000;6.8165;0.0000;-794.1500;0.0000;6.8165;1.0000;0.0000;0.0000;0.0000;0.0000
59;255.80;797.5000;849.8000;799.1000;1.6000;3.0593;1.5144;0.0000;-797.5000;0.0000;6.8165;0.0000;-797.5000;0.0000;6.8165;1.0000;0.0000;0.0000;0.0000;0.0000
60;256.20;805.6500;840.1500;788.9500;-16.7000;0.0000;6.8165;0.0000;-805.6500;0.0000;6.8165;0.0000;-805.6500;0.0000;6.8165;1.0000;0.0000;0.0000;0.0000;0.0000
61;256.61;793.5000;862.5000;792.5000;-1.0000;0.0000;6.8165;0.0000;-793.5000;0.0000;6.8165;0.0000;-793.5000;0.0000;6.8165;1.0000;0.0000;0.0000;0.0000;0.0000
62;257.01;789.5500;868.4000;792.5500;3.0000;3.8047;1.4197;0.0000;-789.5500;0.0000;6.8165;0.0000;-789.5500;0.0000;6.8165;1.0000;0.0000;0.0000;0.0000;0.0000
63;257.41;787.9000;850.7500;769.9500;-17.9500;0.0000;6.8165;0.0000;-787.9000;0.0000;6.8165;0.0000;-787.9000;0.0000;6.8165;1.0000;0.0000;0.0000;0.0000;0.0000
64;257.81;799.6500;860.7000;799.0000;-0.6500;0.0000;6.8165;0.0000;-799.6500;0.0000;6.8165;0.0000;-799.6500;0.0000;6.8165;1.0000;0.0000;0.0000;0.0000;0.0000
65;258.21;790.3500;859.1500;806.8500;16.5000;23.9826;0.6201;0.0000;-790.3500;0.0000;6.8165;0.0000;-790.3500;0.0000;6.8165;1.0000;0.0000;0.0000;0.0000;0.0000
66;258.61;765.8500;850.7500;800.9500;35.1000;41.3428;0.3836;0.0000;-765.8500;0.0000;6.8165;0.0000;-765.8500;0.0000;6.8165;1.0000;0.0000;0.0000;0.0000;0.0000
67;259.01;790.8000;852.1000;798.6000;7.8000;12.7243;0.8954;0.0000;-790.8000;0.0000;6.8165;0.0000;-790.8000;0.0000;6.8165;1.0000;0.0000;0.0000;0.0000;0.0000
68;259.42;784.4500;866.5500;779.7000;-4.7500;0.0000;6.8165;0.0000;-784.4500;0.0000;6.8165;0.0000;-784.4500;0.0000;6.8165;1.0000;0.0000;0.0000;0.0000;0.0000
69;259.82;794.5500;852.5500;788.0500;-6.5000;0.0000;6.8165;0.0000;-794.5500;0.0000;6.8165;0.0000;-794.5500;0.0000;6.8165;1.0000;0.0000;0.0000;0.0000;0.0000
70;260.22;803.1500;859.9000;795.9000;-7.2500;0.0000;6.8165;0.0000;-803.1500;0.0000;6.8165;0.0000;-803.1500;0.0000;6.8165;1.0000;0.0000;0.0000;0.0000;0.0000
71;260.62;784.7000;858.6500;801.0000;16.3000;22.0419;0.6568;0.0000;-784.7000;0.0000;6.8165;0.0000;-784.7000;0.0000;6.8165;1.0000;0.0000;0.0000;0.0000;0.0000
72;261.02;791.5000;847.5500;799.2500;7.7500;13.8269;0.8593;0.0000;-791.5000;0.0000;6.8165;0.0000;-791.5000;0.0000;6.8165;1.0000;0.0000;0.0000;0.0000;0.0000
73;261.42;798.4500;867.4000;787.9500;-10.5000;0.0000;6.8165;0.0000;-798.4500;0.0000;6.8165;0.0000;-798.4500;0.0000;6.8165;1.0000;0.0000;0.0000;0.0000;0.0000
74;261.82;780.9500;850.0000;782.1500;1.2000;1.7379;1.7600;0.0000;-780.9500;0.0000;6.8165;0.0000;-780.9500;0.0000;6.8165;1.0000;0.0000;0.0000;0.0000;0.0000
75;262.22;781.6500;864.3000;775.4000;-6.2500;0.0000;6.8165;0.0000;-781.6500;0.0000;6.8165;0.0000;-781.6500;0.0000;6.8165;1.0000;0.0000;0.0000;0.0000;0.0000
76;262.62;794.1000;841.0500;788.5000;-5.6000;0.0000;6.8165;0.0000;-794.1000;0.0000;6.8165;0.0000;-794.1000;0.0000;6.8165;1.0000;0.0000;0.0000;0.0000;0.0000
77;263.02;791.0000;852.7000;794.7500;3.7500;6.0778;1.2163;0.0000;-791.0000;0.0000;6.8165;0.0000;-791.0000;0.0000;6.8165;1.0000;0.0000;0.0000;0.0000;0.0000
78;263.42;792.7500;851.0000;805.4500;12.7000;21.8026;0.6615;0.0000;-792.7500;0.0000;6.8165;0.0000;-792.7500;0.0000;6.8165;1.0000;0.0000;0.0000;0.0000;0.0000
79;263.82;803.7500;865.3500;810.4000;6.6500;10.7955;0.9668;0.0000;-803.7500;0.0000;6.8165;0.0000;-803.7500;0.0000;6.8165;1.0000;0.0000;0.0000;0.0000;0.0000
80;264.22;790.9500;870.0000;784.1000;-6.8500;0.0000;6.8165;0.0000;-790.9500;0.0000;6.8165;0.0000;-790.9500;0.0000;6.8165;1.0000;0.0000;0.0000;0.0000;0.0000
81;264.62;789.0000;879.9500;776.7500;-12.2500;0.0000;6.8165;0.0000;-789.0000;0.0000;6.8165;0.0000;-789.0000;0.0000;6.8165;1.0000;0.0000;0.0000;0.0000;0.0000
82;265.02;789.8500;858.7500;776.0500;-13.8000;0.0000;6.8165;0.0000;-789.8500;0.0000;6.8165;0.0000;-789.8500;0.0000;6.8165;1.0000;0.0000;0.0000;0.0000;0.0000
83;265.42;784.0500;862.1000;797.0500;13.0000;16.6560;0.7784;0.0000;-784.0500;0.0000;6.8165;0.0000;-784.0500;0.0000;6.8165;1.0000;0.0000;0.0000;0.0000;0.0000
84;265.82;773.9500;856.6500;800.1500;26.2000;31.6808;0.4992;0.0000;-773.9500;0.0000;6.8165;0.0000;-773.9500;0.0000;6.8165;1.0000;0.0000;0.0000;0.0000;0.0000
85;266.22;784.2500;871.7500;782.3000;-1.9500;0.0000;6.8165;0.0000;-784.2500;0.0000;6.8165;0.0000;-784.2500;0.0000;6.8165;1.0000;0.0000;0.0000;0.0000;0.0000
86;266.62;790.4000;874.7000;790.7000;0.3000;0.3559;2.4487;0.0000;-790.4000;0.0000;6.8165;0.0000;-790.4000;0.0000;6.8165;1.0000;0.0000;0.0000;0.0000;0.0000
87;267.02;782.7500;853.9000;800.7500;18.0000;25.2987;0.5969;0.0000;-782.7500;0.0000;6.8165;0.0000;-782.7500;0.0000;6.8165;1.0000;0.0000;0.0000;0.0000;0.0000
88;267.42;786.6000;856.5000;804.4500;17.8500;25.5365;0.5928;0.0000;-786.6000;0.0000;6.8165;0.0000;-786.6000;0.0000;6.8165;1.0000;0.0000;0.0000;0.0000;0.0000
89;267.82;782.7500;849.2000;799.4500;16.7000;25.1317;0.5998;0.0000;-782.7500;0.0000;6.8165;0.0000;-782.7500;0.0000;6.8165;1.0000;0.0000;0.0000;0.0000;0.0000
90;268.22;795.9000;858.7500;799.6500;3.7500;5.9666;1.2243;0.0000;-795.9000;0.0000;6.8165;0.0000;-795.9000;0.0000;6.8165;1.0000;0.0000;0.0000;0.0000;0.0000
91;268.62;778.6500;861.6500;796.4000;17.7500;21.3855;0.6699;0.0000;-778.6500;0.0000;6.8165;0.0000;-778.6500;0.0000;6.8165;1.0000;0.0000;0.0000;0.0000;0.0000
92;269.01;787.8000;863.3500;787.8500;0.0500;0.0662;3.1793;0.0000;-787.8000;0.0000;6.8165;0.0000;-787.8000;0.0000;6.8165;1.0000;0.0000;0.0000;0.0000;0.0000
93;269.41;769.2000;885.4500;797.4000;28.2000;24.2581;0.6151;0.0000;-769.2000;0.0000;6.8165;0.0000;-769.2000;0.0000;6.8165;1.0000;0.0000;0.0000;0.0000;0.0000
94;269.81;791.5500;870.8500;799.4000;7.8500;9.8991;1.0044;0.0000;-791.5500;0.0000;6.8165;0.0000;-791.5500;0.0000;6.8165;1.0000;0.0000;0.0000;0.0000;0.0000
95;270.21;795.0500;858.1000;801.4500;6.4000;10.1507;0.9935;0.0000;-795.0500;0.0000;6.8165;0.0000;-795.0500;0.0000;6.8165;1.0000;0.0000;0.0000;0.0000;0.0000
96;270.61;788.3500;873.5000;795.2000;6.8500;8.0446;1.0945;0.0000;-788.3500;0.0000;6.8165;0.0000;-788.3500;0.0000;6.8165;1.0000;0.0000;0.0000;0.0000;0.0000
97;271.01;800.5000;863.5000;792.2500;-8.2500;0.0000;6.8165;0.0000;-800.5000;0.0000;6.8165;0.0000;-800.5000;0.0000;6.8165;1.0000;0.0000;0.0000;0.0000;0.0000
98;271.41;782.9000;875.9000;795.9500;13.0500;14.0323;0.8529;0.0000;-782.9000;0.0000;6.8165;0.0000;-782.9000;0.0000;6.8165;1.0000;0.0000;0.0000;0.0000;0.0000
99;271.81;785.6500;858.4500;795.4000;9.7500;13.3929;0.8731;0.0000;-785.6500;0.0000;6.8165;0.0000;-785.6500;0.0000;6.8165;1.0000;0.0000;0.0000;0.0000;0.0000
100;272.20;797.0500;860.8500;801.3500;4.3000;6.7398;1.1714;0.0000;-797.0500;0.0000;6.8165;0.0000;-797.0500;0.0000;6.8165;1.0000;0.0000;0.0000;0.0000;0.0000
101;272.60;779.2500;863.3500;793.5000;14.2500;16.9441;0.7710;0.0000;-779.2500;0.0000;6.8165;0.0000;-779.2500;0.0000;6.8165;1.0000;0.0000;0.0000;0.0000;0.0000
102;273.00;800.4000;859.3000;797.6000;-2.8000;0.0000;6.8165;0.0000;-800.4000;0.0000;6.8165;0.0000;-800.4000;0.0000;6.8165;1.0000;0.0000;0.0000;0.0000;0.0000
103;273.40;790.7500;869.0000;805.4500;14.7000;18.7859;0.7262;0.0000;-790.7500;0.0000;6.8165;0.0000;-790.7500;0.0000;6.8165;1.0000;0.0000;0.0000;0.0000;0.0000
104;273.80;770.9000;859.6500;801.5000;30.6000;34.4789;0.4624;0.0000;-770.9000;0.0000;6.8165;0.0000;-770.9000;0.0000;6.8165;1.0000;0.0000;0.0000;0.0000;0.0000
105;274.19;785.0000;861.3000;805.4000;20.4000;26.7366;0.5729;0.0000;-785.0000;0.0000;6.8165;0.0000;-785.0000;0.0000;6.8165;1.0000;0.0000;0.0000;0.0000;0.0000
106;274.59;791.9000;854.1500;791.9000;0.0000;0.0000;6.8165;0.0000;-791.9000;0.0000;6.8165;0.0000;-791.9000;0.0000;6.8165;1.0000;0.0000;0.0000;0.0000;0.0000
107;274.99;800.4000;871.5000;801.9000;1.5000;2.1097;1.6758;0.0000;-800.4000;0.0000;6.8165;0.0000;-800.4000;0.0000;6.8165;1.0000;0.0000;0.0000;0.0000;0.0000
108;275.39;788.4000;860.7500;797.7500;9.3500;12.9233;0.8886;0.0000;-788.4000;0.0000;6.8165;0.0000;-788.4000;0.0000;6.8165;1.0000;0.0000;0.0000;0.0000;0.0000
109;275.78;764.3500;875.4000;785.0500;20.7000;18.6403;0.7295;0.0000;-764.3500;0.0000;6.8165;0.0000;-764.3500;0.0000;6.8165;1.0000;0.0000;0.0000;0.0000;0.0000
110;276.18;775.9000;870.6000;792.2000;16.3000;17.2122;0.7642;0.0000;-775.9000;0.0000;6.8165;0.0000;-775.9000;0.0000;6.8165;1.0000;0.0000;0.0000;0.0000;0.0000
111;276.58;780.9500;873.6500;794.4500;13.5000;14.5631;0.8367;0.0000;-780.9500;0.0000;6.8165;0.0000;-780.9500;0.0000;6.8165;1.0000;0.0000;0.0000;0.0000;0.0000
112;276.98;782.4000;868.8500;800.5000;18.1000;20.9370;0.6791;0.0000;-782.4000;0.0000;6.8165;0.0000;-782.4000;0.0000;6.8165;1.0000;0.0000;0.0000;0.0000;0.0000
113;277.37;789.1500;873.4500;796.1000;6.9500;8.2444;1.0838;0.0000;-789.1500;0.0000;6.8165;0.0000;-789.1500;0.0000;6.8165;1.0000;0.0000;0.0000;0.0000;0.0000
114;277.77;783.5000;875.4000;800.1000;16.6000;18.0631;0.7432;0.0000;-783.5000;0.0000;6.8165;0.0000;-783.5000;0.0000;6.8165;1.0000;0.0000;0.0000;0.0000;0.0000
115;278.17;785.7500;865.5500;797.5000;11.7500;14.7243;0.8320;0.0000;-785.7500;0.0000;6.8165;0.0000;-785.7500;0.0000;6.8165;1.0000;0.0000;0.0000;0.0000;0.0000
116;278.56;782.4500;860.6000;799.1000;16.6500;21.3052;0.6715;0.0000;-782.4500;0.0000;6.8165;0.0000;-782.4500;0.0000;6.8165;1.0000;0.0000;0.0000;0.0000;0.0000
117;278.96;797.5000;869.8000;791.5500;-5.9500;0.0000;6.8165;0.0000;-797.5000;0.0000;6.8165;0.0000;-797.5000;0.0000;6.8165;1.0000;0.0000;0.0000;0.0000;0.0000
118;279.36;788.7500;864.9000;803.2500;14.5000;19.0414;0.7203;0.0000;-788.7500;0.0000;6.8165;0.0000;-788.7500;0.0000;6.8165;1.0000;0.0000;0.0000;0.0000;0.0000
119;279.75;792.7000;868.1000;804.9000;12.2000;16.1804;0.7910;0.0000;-792.7000;0.0000;6.8165;0.0000;-792.7000;0.0000;6.8165;1.0000;0.0000;0.0000;0.0000;0.0000
120;280.15;799.0500;879.3500;801.9000;2.8500;3.5492;1.4499;0.0000;-799.0500;0.0000;6.8165;0.0000;-799.0500;0.0000;6.8165;1.0000;0.0000;0.0000;0.0000;0.0000
121;280.55;769.3000;878.1500;793.4000;24.1000;22.1406;0.6548;0.0000;-769.3000;0.0000;6.8165;0.0000;-769.3000;0.0000;6.8165;1.0000;0.0000;0.0000;0.0000;0.0000
122;280.94;785.5000;894.9000;804.8000;19.3000;17.6417;0.7535;0.0000;-785.5000;0.0000;6.8165;0.0000;-785.5000;0.0000;6.8165;1.0000;0.0000;0.0000;0.0000;0.0000
123;281.34;772.8500;869.4000;825.8500;53.0000;54.8938;0.2605;0.0000;-772.8500;0.0000;6.8165;0.0000;-772.8500;0.0000;6.8165;1.0000;0.0000;0.0000;0.0000;0.0000
124;281.73;787.3500;877.1000;807.1000;19.7500;22.0056;0.6575;0.0000;-787.3500;0.0000;6.8165;0.0000;-787.3500;0.0000;6.8165;1.0000;0.0000;0.0000;0.0000;0.0000
125;282.13;794.6000;889.8500;809.3500;14.7500;15.4856;0.8101;0.0000;-794.6000;0.0000;6.8165;0.0000;-794.6000;0.0000;6.8165;1.0000;0.0000;0.0000;0.0000;0.0000
126;282.53;786.0500;886.2500;815.5000;29.4500;29.3912;0.5318;0.0000;-786.0500;0.0000;6.8165;0.0000;-786.0500;0.0000;6.8165;1.0000;0.0000;0.0000;0.0000;0.0000
127;282.92;782.0500;880.4000;807.9000;25.8500;26.2837;0.5803;0.0000;-782.0500;0.0000;6.8165;0.0000;-782.0500;0.0000;6.8165;1.0000;0.0000;0.0000;0.0000;0.0000
128;283.32;786.4500;880.0000;815.2500;28.8000;30.7857;0.5117;0.0000;-786.4500;0.0000;6.8165;0.0000;-786.4500;0.0000;6.8165;1.0000;0.0000;0.0000;0.0000;0.0000
129;283.71;782.6000;886.3500;809.5500;26.9500;25.9759;0.5854;0.0000;-782.6000;0.0000;6.8165;0.0000;-782.6000;0.0000;6.8165;1.0000;0.0000;0.0000;0.0000;0.0000
130;284.11;792.4500;886.6500;805.6500;13.2000;14.0127;0.8535;0.0000;-792.4500;0.0000;6.8165;0.0000;-792.4500;0.0000;6.8165;1.0000;0.0000;0.0000;0.0000;0.0000
131;284.50;795.3500;896.7000;797.9000;2.5500;2.5160;1.5993;0.0000;-795.3500;0.0000;6.8165;0.0000;-795.3500;0.0000;6.8165;1.0000;0.0000;0.0000;0.0000;0.0000
132;284.90;787.9500;892.3000;808.4000;20.4500;19.5975;0.7078;0.0000;-787.9500;0.0000;6.8165;0.0000;-787.9500;0.0000;6.8165;1.0000;0.0000;0.0000;0.0000;0.0000
133;285.30;783.6500;877.1000;804.1500;20.5000;21.9369;0.6588;0.0000;-783.6500;0.0000;6.8165;0.0000;-783.6500;0.0000;6.8165;1.0000;0.0000;0.0000;0.0000;0.0000
134;285.69;779.8000;881.5000;809.8500;30.0500;29.5477;0.5295;0.0000;-779.8000;0.0000;6.8165;0.0000;-779.8000;0.0000;6.8165;1.0000;0.0000;0.0000;0.0000;0.0000
135;286.09;798.8000;893.4500;811.0500;12.2500;12.9424;0.8880;0.0000;-798.8000;0.0000;6.8165;0.0000;-798.8000;0.0000;6.8165;1.0000;0.0000;0.0000;0.0000;0.0000
136;286.48;779.4500;897.2000;821.0500;41.6000;35.3291;0.4519;0.0000;-779.4500;0.0000;6.8165;0.0000;-779.4500;0.0000;6.8165;1.0000;0.0000;0.0000;0.0000;0.0000
137;286.88;785.2500;880.2500;814.0000;28.7500;30.2632;0.5191;0.0000;-785.2500;0.0000;6.8165;0.0000;-785.2500;0.0000;6.8165;1.0000;0.0000;0.0000;0.0000;0.0000
138;287.27;800.9500;894.4500;810.7500;9.8000;10.4813;0.9796;0.0000;-800.9500;0.0000;6.8165;0.0000;-800.9500;0.0000;6.8165;1.0000;0.0000;0.0000;0.0000;0.0000
139;287.67;778.1000;897.2500;801.5000;23.4000;19.6391;0.7069;0.0000;-778.1000;0.0000;6.8165;0.0000;-778.1000;0.0000;6.8165;1.0000;0.0000;0.0000;0.0000;0.0000
140;288.06;777.5000;894.4000;806.5500;29.0500;24.8503;0.6047;0.0000;-777.5000;0.0000;6.8165;0.0000;-777.5000;0.0000;6.8165;1.0000;0.0000;0.0000;0.0000;0.0000
141;288.46;783.3500;880.1000;810.6500;27.3000;28.2171;0.5495;0.0000;-783.3500;0.0000;6.8165;0.0000;-783.3500;0.0000;6.8165;1.0000;0.0000;0.0000;0.0000;0.0000
142;288.85;783.5000;896.4500;823.9000;40.4000;35.7680;0.4465;0.0000;-783.5000;0.0000;6.8165;0.0000;-783.5000;0.0000;6.8165;1.0000;0.0000;0.0000;0.0000;0.0000
143;289.24;786.9000;902.2500;809.8000;22.9000;19.8526;0.7022;0.0000;-786.9000;0.0000;6.8165;0.0000;-786.9000;0.0000;6.8165;1.0000;0.0000;0.0000;0.0000;0.0000
144;289.64;779.0500;905.4000;814.3000;35.2500;27.8987;0.5544;0.0000;-779.0500;0.0000;6.8165;0.0000;-779.0500;0.0000;6.8165;1.0000;0.0000;0.0000;0.0000;0.0000
145;290.03;789.5000;900.5000;821.7000;32.2000;29.0090;0.5375;0.0000;-789.5000;0.0000;6.8165;0.0000;-789.5000;0.0000;6.8165;1.0000;0.0000;0.0000;0.0000;0.0000
146;290.43;784.5500;901.3500;810.2500;25.7000;22.0034;0.6575;0.0000;-784.5500;0.0000;6.8165;0.0000;-784.5500;0.0000;6.8165;1.0000;0.0000;0.0000;0.0000;0.0000
147;290.82;782.2000;904.1000;814.0000;31.8000;26.0870;0.5836;0.0000;-782.2000;0.0000;6.8165;0.0000;-782.2000;0.0000;6.8165;1.0000;0.0000;0.0000;0.0000;0.0000
148;291.21;793.6000;908.3000;815.5500;21.9500;19.1369;0.7181;0.0000;-793.6000;0.0000;6.8165;0.0000;-793.6000;0.0000;6.8165;1.0000;0.0000;0.0000;0.0000;0.0000
149;291.61;785.2000;915.2500;811.2000;26.0000;19.9923;0.6991;0.0000;-785.2000;0.0000;6.8165;0.0000;-785.2000;0.0000;6.8165;1.0000;0.0000;0.0000;0.0000;0.0000
150;292.00;793.3500;903.8000;828.2000;34.8500;31.5527;0.5010;0.0000;-793.3500;0.0000;6.8165;0.0000;-793.3500;0.0000;6.8165;1.0000;0.0000;0.0000;0.0000;0.0000
151;292.40;786.9500;899.8500;828.1500;41.2000;36.4925;0.4378;0.0000;-786.9500;0.0000;6.8165;0.0000;-786.9500;0.0000;6.8165;1.0000;0.0000;0.0000;0.0000;0.0000
152;292.79;793.6500;907.5500;833.4500;39.8000;34.9429;0.4566;0.0000;-793.6500;0.0000;6.8165;0.0000;-793.6500;0.0000;6.8165;1.0000;0.0000;0.0000;0.0000;0.0000
153;293.18;786.4500;907.0500;825.9000;39.4500;32.7114;0.4853;0.0000;-786.4500;0.0000;6.8165;0.0000;-786.4500;0.0000;6.8165;1.0000;0.0000;0.0000;0.0000;0.0000
154;293.58;776.1500;910.2500;815.4500;39.3000;29.3065;0.5330;0.0000;-776.1500;0.0000;6.8165;0.0000;-776.1500;0.0000;6.8165;1.0000;0.0000;0.0000;0.0000;0.0000
155;293.97;788.6000;895.2000;819.9000;31.3000;29.3621;0.5322;0.0000;-788.6000;0.0000;6.8165;0.0000;-788.6000;0.0000;6.8165;1.0000;0.0000;0.0000;0.0000;0.0000
156;294.36;785.5500;921.8000;807.6500;22.1000;16.2202;0.7899;0.0000;-785.5500;0.0000;6.8165;0.0000;-785.5500;0.0000;6.8165;1.0000;0.0000;0.0000;0.0000;0.0000
157;294.76;790.6000;914.0500;820.7500;30.1500;24.4228;0.6122;0.0000;-790.6000;0.0000;6.8165;0.0000;-790.6000;0.0000;6.8165;1.0000;0.0000;0.0000;0.0000;0.0000
158;295.15;770.4500;901.8500;820.0500;49.6000;37.7473;0.4231;0.0000;-770.4500;0.0000;6.8165;0.0000;-770.4500;0.0000;6.8165;1.0000;0.0000;0.0000;0.0000;0.0000
159;295.54;794.4000;909.2000;834.6000;40.2000;35.0174;0.4557;0.0000;-794.4000;0.0000;6.8165;0.0000;-794.4000;0.0000;6.8165;1.0000;0.0000;0.0000;0.0000;0.0000
160;295.94;790.4500;894.2500;819.8000;29.3500;28.2755;0.5486;0.0000;-790.4500;0.0000;6.8165;0.0000;-790.4500;0.0000;6.8165;1.0000;0.0000;0.0000;0.0000;0.0000
161;296.33;789.0000;912.1500;831.2500;42.2500;34.3078;0.4646;0.0000;-789.0000;0.0000;6.8165;0.0000;-789.0000;0.0000;6.8165;1.0000;0.0000;0.0000;0.0000;0.0000
162;296.72;788.6500;909.6000;832.9000;44.2500;36.5854;0.4367;0.0000;-788.6500;0.0000;6.8165;0.0000;-788.6500;0.0000;6.8165;1.0000;0.0000;0.0000;0.0000;0.0000
163;297.11;789.0000;915.2000;823.8500;34.8500;27.6149;0.5589;0.0000;-789.0000;0.0000;6.8165;0.0000;-789.0000;0.0000;6.8165;1.0000;0.0000;0.0000;0.0000;0.0000
164;297.51;778.9500;904.1000;825.2000;46.2500;36.9557;0.4323;0.0000;-778.9500;0.0000;6.8165;0.0000;-778.9500;0.0000;6.8165;1.0000;0.0000;0.0000;0.0000;0.0000
165;297.90;796.9500;911.2500;829.5000;32.5500;28.4777;0.5455;0.0000;-796.9500;0.0000;6.8165;0.0000;-796.9500;0.0000;6.8165;1.0000;0.0000;0.0000;0.0000;0.0000
166;298.29;801.2500;917.7500;826.2000;24.9500;21.4163;0.6693;0.0000;-801.2500;0.0000;6.8165;0.0000;-801.2500;0.0000;6.8165;1.0000;0.0000;0.0000;0.0000;0.0000
167;298.68;786.7000;928.9000;825.8000;39.1000;27.4965;0.5607;0.0000;-786.7000;0.0000;6.8165;0.0000;-786.7000;0.0000;6.8165;1.0000;0.0000;0.0000;0.0000;0.0000
168;299.08;789.9500;920.9000;812.2000;22.2500;16.9912;0.7698;0.0000;-789.9500;0.0000;6.8165;0.0000;-789.9500;0.0000;6.8165;1.0000;0.0000;0.0000;0.0000;0.0000
169;299.47;781.7500;914.5500;824.8500;43.1000;32.4548;0.4887;0.0000;-781.7500;0.0000;6.8165;0.0000;-781.7500;0.0000;6.8165;1.0000;0.0000;0.0000;0.0000;0.0000
170;299.86;768.0500;919.0500;830.1500;62.1000;41.1258;0.3859;0.0000;-768.0500;0.0000;6.8165;0.0000;-768.0500;0.0000;6.8165;1.0000;0.0000;0.0000;0.0000;0.0000
171;300.25;797.3500;909.0500;831.3000;33.9500;30.3939;0.5172;0.0000;-797.3500;0.0000;6.8165;0.0000;-797.3500;0.0000;6.8165;1.0000;0.0000;0.0000;0.0000;0.0000
172;300.64;775.6500;914.7500;828.2500;52.6000;37.8145;0.4223;0.0000;-775.6500;0.0000;6.8165;0.0000;-775.6500;0.0000;6.8165;1.0000;0.0000;0.0000;0.0000;0.0000
173;301.04;787.1000;918.3500;832.2500;45.1500;34.4000;0.4634;0.0000;-787.1000;0.0000;6.8165;0.0000;-787.1000;0.0000;6.8165;1.0000;0.0000;0.0000;0.0000;0.0000
174;301.43;782.8500;905.6000;822.6500;39.8000;32.4236;0.4891;0.0000;-782.8500;0.0000;6.8165;0.0000;-782.8500;0.0000;6.8165;1.0000;0.0000;0.0000;0.0000;0.0000
175;301.82;778.4000;924.2500;822.5500;44.1500;30.2708;0.5190;0.0000;-778.4000;0.0000;6.8165;0.0000;-778.4000;0.0000;6.8165;1.0000;0.0000;0.0000;0.0000;0.0000
176;302.21;768.1500;909.5000;832.1500;64.0000;45.2777;0.3441;0.0000;-768.1500;0.0000;6.8165;0.0000;-768.1500;0.0000;6.8165;1.0000;0.0000;0.0000;0.0000;0.0000
177;302.60;781.8000;908.4500;835.3500;53.5500;42.2819;0.3738;0.0000;-781.8000;0.0000;6.8165;0.0000;-781.8000;0.0000;6.8165;1.0000;0.0000;0.0000;0.0000;0.0000
178;302.99;781.0000;916.4000;824.1500;43.1500;31.8685;0.4966;0.0000;-781.0000;0.0000;6.8165;0.0000;-781.0000;0.0000;6.8165;1.0000;0.0000;0.0000;0.0000;0.0000
179;303.38;778.1500;929.7500;828.7500;50.6000;33.3773;0.4765;0.0000;-778.1500;0.0000;6.8165;0.0000;-778.1500;0.0000;6.8165;1.0000;0.0000;0.0000;0.0000;0.0000
180;303.78;797.0500;927.2500;836.7500;39.7000;30.4916;0.5158;0.0000;-797.0500;0.0000;6.8165;0.0000;-797.0500;0.0000;6.8165;1.0000;0.0000;0.0000;0.0000;0.0000
181;304.17;776.0500;917.1500;836.0000;59.9500;42.4876;0.3717;0.0000;-776.0500;0.0000;6.8165;0.0000;-776.0500;0.0000;6.8165;1.0000;0.0000;0.0000;0.0000;0.0000
182;304.56;782.3000;912.5000;845.3000;63.0000;48.3871;0.3153;0.0000;-782.3000;0.0000;6.8165;0.0000;-782.3000;0.0000;6.8165;1.0000;0.0000;0.0000;0.0000;0.0000
183;304.95;781.1500;926.5000;848.2000;67.0500;46.1300;0.3360;0.0000;-781.1500;0.0000;6.8165;0.0000;-781.1500;0.0000;6.8165;1.0000;0.0000;0.0000;0.0000;0.0000
184;305.34;794.2500;919.1500;832.6000;38.3500;30.7046;0.5128;0.0000;-794.2500;0.0000;6.8165;0.0000;-794.2500;0.0000;6.8165;1.0000;0.0000;0.0000;0.0000;0.0000
185;305.73;789.6500;926.7500;842.0500;52.4000;38.2203;0.4177;0.0000;-789.6500;0.0000;6.8165;0.0000;-789.6500;0.0000;6.8165;1.0000;0.0000;0.0000;0.0000;0.0000
186;306.12;781.2000;923.9500;834.2500;53.0500;37.1629;0.4299;0.0000;-781.2000;0.0000;6.8165;0.0000;-781.2000;0.0000;6.8165;1.0000;0.0000;0.0000;0.0000;0.0000
187;306.51;787.3500;928.3500;851.5500;64.2000;45.5319;0.3417;0.0000;-787.3500;0.0000;6.8165;0.0000;-787.3500;0.0000;6.8165;1.0000;0.0000;0.0000;0.0000;0.0000
188;306.90;788.5500;915.9000;851.8000;63.2500;49.6663;0.3039;0.0000;-788.5500;0.0000;6.8165;0.0000;-788.5500;0.0000;6.8165;1.0000;0.0000;0.0000;0.0000;0.0000
189;307.29;806.1000;915.1000;825.4000;19.3000;17.7064;0.7519;0.0000;-806.1000;0.0000;6.8165;0.0000;-806.1000;0.0000;6.8165;1.0000;0.0000;0.0000;0.0000;0.0000
190;307.68;785.5500;915.3000;822.9000;37.3500;28.7861;0.5408;0.0000;-785.5500;0.0000;6.8165;0.0000;-785.5500;0.0000;6.8165;1.0000;0.0000;0.0000;0.0000;0.0000
191;308.07;782.8500;918.5500;831.7500;48.9000;36.0354;0.4433;0.0000;-782.8500;0.0000;6.8165;0.0000;-782.8500;0.0000;6.8165;1.0000;0.0000;0.0000;0.0000;0.0000
192;308.46;793.1000;924.2500;831.4000;38.3000;29.2032;0.5346;0.0000;-793.1000;0.0000;6.8165;0.0000;-793.1000;0.0000;6.8165;1.0000;0.0000;0.0000;0.0000;0.0000
193;308.85;788.2000;917.5500;835.9500;47.7500;36.9153;0.4328;0.0000;-788.2000;0.0000;6.8165;0.0000;-788.2000;0.0000;6.8165;1.0000;0.0000;0.0000;0.0000;0.0000
194;309.24;794.0000;916.3500;834.6500;40.6500;33.2244;0.4785;0.0000;-794.0000;0.0000;6.8165;0.0000;-794.0000;0.0000;6.8165;1.0000;0.0000;0.0000;0.0000;0.0000
195;309.63;787.9000;928.2500;836.9500;49.0500;34.9483;0.4566;0.0000;-787.9000;0.0000;6.8165;0.0000;-787.9000;0.0000;6.8165;1.0000;0.0000;0.0000;0.0000;0.0000
196;310.02;779.8000;935.0000;832.0500;52.2500;33.6662;0.4728;0.0000;-779.8000;0.0000;6.8165;0.0000;-779.8000;0.0000;6.8165;1.0000;0.0000;0.0000;0.0000;0.0000
197;310.41;790.0500;926.2000;831.5000;41.4500;30.4444;0.5165;0.0000;-790.0500;0.0000;6.8165;0.0000;-790.0500;0.0000;6.8165;1.0000;0.0000;0.0000;0.0000;0.0000
198;310.80;785.8500;935.2000;850.7500;64.9000;43.4550;0.3620;0.0000;-785.8500;0.0000;6.8165;0.0000;-785.8500;0.0000;6.8165;1.0000;0.0000;0.0000;0.0000;0.0000
199;311.19;766.6000;924.8000;838.5500;71.9500;45.4804;0.3422;0.0000;-766.6000;0.0000;6.8165;0.0000;-766.6000;0.0000;6.8165;1.0000;0.0000;0.0000;0.0000;0.0000
200;311.58;782.6000;927.9000;843.3000;60.7000;41.7756;0.3791;0.0000;-782.6000;0.0000;6.8165;0.0000;-782.6000;0.0000;6.8165;1.0000;0.0000;0.0000;0.0000;0.0000
201;311.97;778.8000;938.6500;827.9000;49.1000;30.7163;0.5126;0.0000;-778.8000;0.0000;6.8165;0.0000;-778.8000;0.0000;6.8165;1.0000;0.0000;0.0000;0.0000;0.0000
202;312.36;791.2000;936.5500;830.9500;39.7500;27.3478;0.5631;0.0000;-791.2000;0.0000;6.8165;0.0000;-791.2000;0.0000;6.8165;1.0000;0.0000;0.0000;0.0000;0.0000
203;312.75;779.1000;926.3500;839.5500;60.4500;41.0526;0.3867;0.0000;-779.1000;0.0000;6.8165;0.0000;-779.1000;0.0000;6.8165;1.0000;0.0000;0.0000;0.0000;0.0000
204;313.14;784.8500;921.8500;836.6500;51.8000;37.8102;0.4224;0.0000;-784.8500;0.0000;6.8165;0.0000;-784.8500;0.0000;6.8165;1.0000;0.0000;0.0000;0.0000;0.0000
205;313.53;768.6000;941.1000;837.5500;68.9500;39.9710;0.3983;0.0000;-768.6000;0.0000;6.8165;0.0000;-768.6000;0.0000;6.8165;1.0000;0.0000;0.0000;0.0000;0.0000
206;313.91;788.7500;922.8500;847.0000;58.2500;43.4377;0.3621;0.0000;-788.7500;0.0000;6.8165;0.0000;-788.7500;0.0000;6.8165;1.0000;0.0000;0.0000;0.0000;0.0000
207;314.30;782.1500;938.1000;845.2500;63.1000;40.4617;0.3930;0.0000;-782.1500;0.0000;6.8165;0.0000;-782.1500;0.0000;6.8165;1.0000;0.0000;0.0000;0.0000;0.0000
208;314.69;788.8000;922.0000;831.9500;43.1500;32.3949;0.4895;0.0000;-788.8000;0.0000;6.8165;0.0000;-788.8000;0.0000;6.8165;1.0000;0.0000;0.0000;0.0000;0.0000
209;315.08;790.0500;938.5000;850.1500;60.1000;40.4850;0.3927;0.0000;-790.0500;0.0000;6.8165;0.0000;-790.0500;0.0000;6.8165;1.0000;0.0000;0.0000;0.0000;0.0000
210;315.47;800.5000;934.3500;847.2500;46.7500;34.9272;0.4568;0.0000;-800.5000;0.0000;6.8165;0.0000;-800.5000;0.0000;6.8165;1.0000;0.0000;0.0000;0.0000;0.0000
211;315.86;781.5000;924.8000;841.2000;59.7000;41.6609;0.3803;0.0000;-781.5000;0.0000;6.8165;0.0000;-781.5000;0.0000;6.8165;1.0000;0.0000;0.0000;0.0000;0.0000
212;316.25;781.4000;944.2000;845.8500;64.4500;39.5885;0.4024;0.0000;-781.4000;0.0000;6.8165;0.0000;-781.4000;0.0000;6.8165;1.0000;0.0000;0.0000;0.0000;0.0000
213;316.63;789.9500;927.8500;851.5000;61.5500;44.6338;0.3503;0.0000;-789.9500;0.0000;6.8165;0.0000;-789.9500;0.0000;6.8165;1.0000;0.0000;0.0000;0.0000;0.0000
214;317.02;784.3500;937.5500;849.9000;65.5500;42.7872;0.3687;0.0000;-784.3500;0.0000;6.8165;0.0000;-784.3500;0.0000;6.8165;1.0000;0.0000;0.0000;0.0000;0.0000
215;317.41;774.5000;944.0000;857.5000;83.0000;48.9676;0.3101;0.0000;-774.5000;0.0000;6.8165;0.0000;-774.5000;0.0000;6.8165;1.0000;0.0000;0.0000;0.0000;0.0000
216;317.80;784.5000;938.8000;847.4000;62.9000;40.7647;0.3897;0.0000;-784.5000;0.0000;6.8165;0.0000;-784.5000;0.0000;6.8165;1.0000;0.0000;0.0000;0.0000;0.0000
217;318.19;782.6000;924.0500;842.3500;59.7500;42.2411;0.3743;0.0000;-782.6000;0.0000;6.8165;0.0000;-782.6000;0.0000;6.8165;1.0000;0.0000;0.0000;0.0000;0.0000
218;318.57;780.2000;926.3000;849.0000;68.8000;47.0910;0.3271;0.0000;-780.2000;0.0000;6.8165;0.0000;-780.2000;0.0000;6.8165;1.0000;0.0000;0.0000;0.0000;0.0000
219;318.96;804.7500;931.4000;831.8000;27.0500;21.3581;0.6704;0.0000;-804.7500;0.0000;6.8165;0.0000;-804.7500;0.0000;6.8165;1.0000;0.0000;0.0000;0.0000;0.0000
220;319.35;803.1500;950.3000;833.3000;30.1500;20.4893;0.6885;0.0000;-803.1500;0.0000;6.8165;0.0000;-803.1500;0.0000;6.8165;1.0000;0.0000;0.0000;0.0000;0.0000
221;319.74;786.2500;950.7000;845.4500;59.2000;35.9988;0.4437;0.0000;-786.2500;0.0000;6.8165;0.0000;-786.2500;0.0000;6.8165;1.0000;0.0000;0.0000;0.0000;0.0000
222;320.12;774.0000;947.6000;860.6000;86.6000;49.8848;0.3020;0.0000;-774.0000;0.0000;6.8165;0.0000;-774.0000;0.0000;6.8165;1.0000;0.0000;0.0000;0.0000;0.0000
223;320.51;779.6000;943.4500;860.9500;81.3500;49.6491;0.3041;0.0000;-779.6000;0.0000;6.8165;0.0000;-779.6000;0.0000;6.8165;1.0000;0.0000;0.0000;0.0000;0.0000
224;320.90;783.4000;925.8500;847.8500;64.4500;45.2439;0.3444;0.0000;-783.4000;0.0000;6.8165;0.0000;-783.4000;0.0000;6.8165;1.0000;0.0000;0.0000;0.0000;0.0000
225;321.28;785.4500;946.2500;847.2500;61.8000;38.4328;0.4153;0.0000;-785.4500;0.0000;6.8165;0.0000;-785.4500;0.0000;6.8165;1.0000;0.0000;0.0000;0.0000;0.0000
226;321.67;778.1000;941.9500;844.8000;66.7000;40.7080;0.3903;0.0000;-778.1000;0.0000;6.8165;0.0000;-778.1000;0.0000;6.8165;1.0000;0.0000;0.0000;0.0000;0.0000
227;322.06;786.9000;942.3500;850.2000;63.3000;40.7205;0.3902;0.0000;-786.9000;0.0000;6.8165;0.0000;-786.9000;0.0000;6.8165;1.0000;0.0000;0.0000;0.0000;0.0000
228;322.45;769.2500;950.8000;841.8000;72.5500;39.9614;0.3984;0.0000;-769.2500;0.0000;6.8165;0.0000;-769.2500;0.0000;6.8165;1.0000;0.0000;0.0000;0.0000;0.0000
229;322.83;766.6500;928.0500;867.2500;100.6000;62.3296;0.2053;0.0000;-766.6500;0.0000;6.8165;0.0000;-766.6500;0.0000;6.8165;1.0000;0.0000;0.0000;0.0000;0.0000
230;323.22;794.4500;942.0500;856.5500;62.1000;42.0732;0.3760;0.0000;-794.4500;0.0000;6.8165;0.0000;-794.4500;0.0000;6.8165;1.0000;0.0000;0.0000;0.0000;0.0000
231;323.61;784.3500;929.5500;841.5500;57.2000;39.3939;0.4046;0.0000;-784.3500;0.0000;6.8165;0.0000;-784.3500;0.0000;6.8165;1.0000;0.0000;0.0000;0.0000;0.0000
232;323.99;794.0000;945.8500;843.3500;49.3500;32.4992;0.4881;0.0000;-794.0000;0.0000;6.8165;0.0000;-794.0000;0.0000;6.8165;1.0000;0.0000;0.0000;0.0000;0.0000
233;324.38;780.2000;953.4500;856.6000;76.4000;44.0981;0.3556;0.0000;-780.2000;0.0000;6.8165;0.0000;-780.2000;0.0000;6.8165;1.0000;0.0000;0.0000;0.0000;0.0000
234;324.77;784.4500;939.8500;861.5500;77.1000;49.6139;0.3044;0.0000;-784.4500;0.0000;6.8165;0.0000;-784.4500;0.0000;6.8165;1.0000;0.0000;0.0000;0.0000;0.0000
235;325.15;777.7500;942.3500;852.1500;74.4000;45.2005;0.3449;0.0000;-777.7500;0.0000;6.8165;0.0000;-777.7500;0.0000;6.8165;1.0000;0.0000;0.0000;0.0000;0.0000
236;325.54;794.8500;932.4000;865.9000;71.0500;51.6539;0.2869;0.0000;-794.8500;0.0000;6.8165;0.0000;-794.8500;0.0000;6.8165;1.0000;0.0000;0.0000;0.0000;0.0000
237;325.92;793.0500;962.7500;841.4000;48.3500;28.4915;0.5453;0.0000;-793.0500;0.0000;6.8165;0.0000;-793.0500;0.0000;6.8165;1.0000;0.0000;0.0000;0.0000;0.0000
238;326.31;771.4000;942.2500;847.5000;76.1000;44.5420;0.3512;0.0000;-771.4000;0.0000;6.8165;0.0000;-771.4000;0.0000;6.8165;1.0000;0.0000;0.0000;0.0000;0.0000
239;326.70;786.4500;949.5500;856.9500;70.5000;43.2250;0.3643;0.0000;-786.4500;0.0000;6.8165;0.0000;-786.4500;0.0000;6.8165;1.0000;0.0000;0.0000;0.0000;0.0000
240;327.08;789.3000;940.2000;865.0000;75.7000;50.1657;0.2996;0.0000;-789.3000;0.0000;6.8165;0.0000;-789.3000;0.0000;6.8165;1.0000;0.0000;0.0000;0.0000;0.0000
241;327.47;775.0000;944.3500;867.8000;92.8000;54.7978;0.2612;0.0000;-775.0000;0.0000;6.8165;0.0000;-775.0000;0.0000;6.8165;1.0000;0.0000;0.0000;0.0000;0.0000
242;327.85;782.8000;942.8000;859.9000;77.1000;48.1875;0.3171;0.0000;-782.8000;0.0000;6.8165;0.0000;-782.8000;0.0000;6.8165;1.0000;0.0000;0.0000;0.0000;0.0000
243;328.24;783.9500;950.7000;846.8500;62.9000;37.7211;0.4234;0.0000;-783.9500;0.0000;6.8165;0.0000;-783.9500;0.0000;6.8165;1.0000;0.0000;0.0000;0.0000;0.0000
244;328.62;786.8000;950.2500;855.2000;68.4000;41.8477;0.3783;0.0000;-786.8000;0.0000;6.8165;0.0000;-786.8000;0.0000;6.8165;1.0000;0.0000;0.0000;0.0000;0.0000
245;329.01;782.9500;963.2000;869.9500;87.0000;48.2663;0.3164;0.0000;-782.9500;0.0000;6.8165;0.0000;-782.9500;0.0000;6.8165;1.0000;0.0000;0.0000;0.0000;0.0000
246;329.39;789.6500;944.9500;861.7000;72.0500;46.3941;0.3335;0.0000;-789.6500;0.0000;6.8165;0.0000;-789.6500;0.0000;6.8165;1.0000;0.0000;0.0000;0.0000;0.0000
247;329.78;781.3000;946.2500;859.1500;77.8500;47.1961;0.3261;0.0000;-781.3000;0.0000;6.8165;0.0000;-781.3000;0.0000;6.8165;1.0000;0.0000;0.0000;0.0000;0.0000
248;330.16;793.1500;951.8000;857.4000;64.2500;40.4980;0.3926;0.0000;-793.1500;0.0000;6.8165;0.0000;-793.1500;0.0000;6.8165;1.0000;0.0000;0.0000;0.0000;0.0000
249;330.55;773.4000;951.0500;862.6000;89.2000;50.2111;0.2992;0.0000;-773.4000;0.0000;6.8165;0.0000;-773.4000;0.0000;6.8165;1.0000;0.0000;0.0000;0.0000;0.0000
250;330.93;797.1000;964.2000;869.8000;72.7000;43.5069;0.3614;0.0000;-797.1000;0.0000;6.8165;0.0000;-797.1000;0.0000;6.8165;1.0000;0.0000;0.0000;0.0000;0.0000
251;331.32;796.9000;949.1000;869.2500;72.3500;47.5361;0.3230;0.0000;-796.9000;0.0000;6.8165;0.0000;-796.9000;0.0000;6.8165;1.0000;0.0000;0.0000;0.0000;0.0000
252;331.70;796.3000;962.4000;873.5500;77.2500;46.5081;0.3325;0.0000;-796.3000;0.0000;6.8165;0.0000;-796.3000;0.0000;6.8165;1.0000;0.0000;0.0000;0.0000;0.0000
253;332.09;778.2500;964.3500;870.1000;91.8500;49.3552;0.3067;0.0000;-778.2500;0.0000;6.8165;0.0000;-778.2500;0.0000;6.8165;1.0000;0.0000;0.0000;0.0000;0.0000
254;332.47;792.8500;970.3000;861.8000;68.9500;38.8560;0.4105;0.0000;-792.8500;0.0000;6.8165;0.0000;-792.8500;0.0000;6.8165;1.0000;0.0000;0.0000;0.0000;0.0000
255;332.86;783.2000;947.5500;875.5000;92.3000;56.1606;0.2506;0.0000;-783.2000;0.0000;6.8165;0.0000;-783.2000;0.0000;6.8165;1.0000;0.0000;0.0000;0.0000;0.0000
256;333.24;787.7000;966.1000;862.2000;74.5000;41.7601;0.3792;0.0000;-787.7000;0.0000;6.8165;0.0000;-787.7000;0.0000;6.8165;1.0000;0.0000;0.0000;0.0000;0.0000
257;333.63;780.8500;950.3000;854.2000;73.3500;43.2871;0.3636;0.0000;-780.8500;0.0000;6.8165;0.0000;-780.8500;0.0000;6.8165;1.0000;0.0000;0.0000;0.0000;0.0000
258;334.01;786.4000;951.6000;870.3500;83.9500;50.8172;0.2940;0.0000;-786.4000;0.0000;6.8165;0.0000;-786.4000;0.0000;6.8165;1.0000;0.0000;0.0000;0.0000;0.0000
259;334.39;774.5500;965.3000;869.7000;95.1500;49.8820;0.3021;0.0000;-774.5500;0.0000;6.8165;0.0000;-774.5500;0.0000;6.8165;1.0000;0.0000;0.0000;0.0000;0.0000
260;334.78;782.0000;971.4500;869.7500;87.7500;46.3183;0.3342;0.0000;-782.0000;0.0000;6.8165;0.0000;-782.0000;0.0000;6.8165;1.0000;0.0000;0.0000;0.0000;0.0000
261;335.16;783.6000;958.9000;870.7500;87.1500;49.7148;0.3035;0.0000;-783.6000;0.0000;6.8165;0.0000;-783.6000;0.0000;6.8165;1.0000;0.0000;0.0000;0.0000;0.0000
262;335.55;793.2000;952.6000;881.4500;88.2500;55.3639;0.2568;0.0000;-793.2000;0.0000;6.8165;0.0000;-793.2000;0.0000;6.8165;1.0000;0.0000;0.0000;0.0000;0.0000
263;335.93;791.9500;942.2000;866.0500;74.1000;49.3178;0.3070;0.0000;-791.9500;0.0000;6.8165;0.0000;-791.9500;0.0000;6.8165;1.0000;0.0000;0.0000;0.0000;0.0000
264;336.31;779.5000;959.7500;862.4000;82.9000;45.9917;0.3373;0.0000;-779.5000;0.0000;6.8165;0.0000;-779.5000;0.0000;6.8165;1.0000;0.0000;0.0000;0.0000;0.0000
265;336.70;783.9000;961.5000;872.3000;88.4000;49.7748;0.3030;0.0000;-783.9000;0.0000;6.8165;0.0000;-783.9000;0.0000;6.8165;1.0000;0.0000;0.0000;0.0000;0.0000
266;337.08;788.9000;968.7000;870.3500;81.4500;45.3003;0.3439;0.0000;-788.9000;0.0000;6.8165;0.0000;-788.9000;0.0000;6.8165;1.0000;0.0000;0.0000;0.0000;0.0000
267;337.46;780.8500;974.8500;865.6500;84.8000;43.7113;0.3594;0.0000;-780.8500;0.0000;6.8165;0.0000;-780.8500;0.0000;6.8165;1.0000;0.0000;0.0000;0.0000;0.0000
268;337.85;786.1000;959.5500;862.3000;76.2000;43.9320;0.3572;0.0000;-786.1000;0.0000;6.8165;0.0000;-786.1000;0.0000;6.8165;1.0000;0.0000;0.0000;0.0000;0.0000
269;338.23;780.9500;956.6000;861.8500;80.9000;46.0575;0.3367;0.0000;-780.9500;0.0000;6.8165;0.0000;-780.9500;0.0000;6.8165;1.0000;0.0000;0.0000;0.0000;0.0000
270;338.61;784.6500;960.4000;868.7000;84.0500;47.8236;0.3204;0.0000;-784.6500;0.0000;6.8165;0.0000;-784.6500;0.0000;6.8165;1.0000;0.0000;0.0000;0.0000;0.0000
271;339.00;798.6500;978.8000;860.5000;61.8500;34.3325;0.4643;0.0000;-798.6500;0.0000;6.8165;0.0000;-798.6500;0.0000;6.8165;1.0000;0.0000;0.0000;0.0000;0.0000
272;339.38;787.5000;968.6000;854.6000;67.1000;37.0514;0.4312;0.0000;-787.5000;0.0000;6.8165;0.0000;-787.5000;0.0000;6.8165;1.0000;0.0000;0.0000;0.0000;0.0000
273;339.76;801.9500;969.4500;866.3000;64.3500;38.4179;0.4155;0.0000;-801.9500;0.0000;6.8165;0.0000;-801.9500;0.0000;6.8165;1.0000;0.0000;0.0000;0.0000;0.0000
274;340.14;787.8500;961.3000;872.1000;84.2500;48.5731;0.3136;0.0000;-787.8500;0.0000;6.8165;0.0000;-787.8500;0.0000;6.8165;1.0000;0.0000;0.0000;0.0000;0.0000
275;340.53;798.7000;964.6000;875.7000;77.0000;46.4135;0.3334;0.0000;-798.7000;0.0000;6.8165;0.0000;-798.7000;0.0000;6.8165;1.0000;0.0000;0.0000;0.0000;0.0000
276;340.91;788.1500;947.3500;857.6000;69.4500;43.6244;0.3603;0.0000;-788.1500;0.0000;6.8165;0.0000;-788.1500;0.0000;6.8165;1.0000;0.0000;0.0000;0.0000;0.0000
277;341.29;781.3500;961.8500;857.9500;76.6000;42.4377;0.3722;0.0000;-781.3500;0.0000;6.8165;0.0000;-781.3500;0.0000;6.8165;1.0000;0.0000;0.0000;0.0000;0.0000
278;341.67;791.1500;965.1500;876.3500;85.2000;48.9655;0.3101;0.0000;-791.1500;0.0000;6.8165;0.0000;-791.1500;0.0000;6.8165;1.0000;0.0000;0.0000;0.0000;0.0000
279;342.06;796.3000;956.2000;888.6000;92.3000;57.7236;0.2386;0.0000;-796.3000;0.0000;6.8165;0.0000;-796.3000;0.0000;6.8165;1.0000;0.0000;0.0000;0.0000;0.0000
280;342.44;784.6500;957.4000;866.9500;82.3000;47.6411;0.3220;0.0000;-784.6500;0.0000;6.8165;0.0000;-784.6500;0.0000;6.8165;1.0000;0.0000;0.0000;0.0000;0.0000
281;342.82;775.0000;947.5000;870.8000;95.8000;55.5362;0.2554;0.0000;-775.0000;0.0000;6.8165;0.0000;-775.0000;0.0000;6.8165;1.0000;0.0000;0.0000;0.0000;0.0000
282;343.20;772.5000;970.0500;865.5500;93.0500;47.1020;0.3270;0.0000;-772.5000;0.0000;6.8165;0.0000;-772.5000;0.0000;6.8165;1.0000;0.0000;0.0000;0.0000;0.0000
283;343.59;772.4500;969.7000;859.4500;87.0000;44.1065;0.3555;0.0000;-772.4500;0.0000;6.8165;0.0000;-772.4500;0.0000;6.8165;1.0000;0.0000;0.0000;0.0000;0.0000
284;343.97;793.7000;980.4000;872.2500;78.5500;42.0728;0.3760;0.0000;-793.7000;0.0000;6.8165;0.0000;-793.7000;0.0000;6.8165;1.0000;0.0000;0.0000;0.0000;0.0000
285;344.35;792.5500;978.4500;873.5500;81.0000;43.5718;0.3608;0.0000;-792.5500;0.0000;6.8165;0.0000;-792.5500;0.0000;6.8165;1.0000;0.0000;0.0000;0.0000;0.0000
286;344.73;782.2000;977.9500;880.7500;98.5500;50.3448;0.2980;0.0000;-782.2000;0.0000;6.8165;0.0000;-782.2000;0.0000;6.8165;1.0000;0.0000;0.0000;0.0000;0.0000
287;345.11;773.7000;973.1500;869.4500;95.7500;48.0070;0.3187;0.0000;-773.7000;0.0000;6.8165;0.0000;-773.7000;0.0000;6.8165;1.0000;0.0000;0.0000;0.0000;0.0000
288;345.49;776.7000;962.9500;879.9000;103.2000;55.4094;0.2564;0.0000;-776.7000;0.0000;6.8165;0.0000;-776.7000;0.0000;6.8165;1.0000;0.0000;0.0000;0.0000;0.0000
289;345.88;775.8500;981.2000;869.0500;93.2000;45.3859;0.3431;0.0000;-775.8500;0.0000;6.8165;0.0000;-775.8500;0.0000;6.8165;1.0000;0.0000;0.0000;0.0000;0.0000
290;346.26;785.6500;987.9500;874.9000;89.2500;44.1176;0.3554;0.0000;-785.6500;0.0000;6.8165;0.0000;-785.6500;0.0000;6.8165;1.0000;0.0000;0.0000;0.0000;0.0000
291;346.64;783.2500;976.7500;884.3000;101.0500;52.2222;0.2821;0.0000;-783.2500;0.0000;6.8165;0.0000;-783.2500;0.0000;6.8165;1.0000;0.0000;0.0000;0.0000;0.0000
292;347.02;788.6000;972.7500;883.8000;95.2000;51.6970;0.2865;0.0000;-788.6000;0.0000;6.8165;0.0000;-788.6000;0.0000;6.8165;1.0000;0.0000;0.0000;0.0000;0.0000
293;347.40;767.7500;954.4000;882.3000;114.5500;61.3716;0.2120;0.0000;-767.7500;0.0000;6.8165;0.0000;-767.7500;0.0000;6.8165;1.0000;0.0000;0.0000;0.0000;0.0000
294;347.78;778.4500;980.9500;876.4000;97.9500;48.3704;0.3154;0.0000;-778.4500;0.0000;6.8165;0.0000;-778.4500;0.0000;6.8165;1.0000;0.0000;0.0000;0.0000;0.0000
295;348.16;794.7500;969.6000;877.2500;82.5000;47.1833;0.3262;0.0000;-794.7500;0.0000;6.8165;0.0000;-794.7500;0.0000;6.8165;1.0000;0.0000;0.0000;0.0000;0.0000
296;348.54;785.7500;975.5500;884.4000;98.6500;51.9758;0.2842;0.0000;-785.7500;0.0000;6.8165;0.0000;-785.7500;0.0000;6.8165;1.0000;0.0000;0.0000;0.0000;0.0000
297;348.92;782.3000;968.9500;870.1500;87.8500;47.0667;0.3273;0.0000;-782.3000;0.0000;6.8165;0.0000;-782.3000;0.0000;6.8165;1.0000;0.0000;0.0000;0.0000;0.0000
298;349.30;790.0500;970.8500;889.1500;99.1000;54.8119;0.2611;0.0000;-790.0500;0.0000;6.8165;0.0000;-790.0500;0.0000;6.8165;1.0000;0.0000;0.0000;0.0000;0.0000
299;349.68;775.2500;967.0500;879.2000;103.9500;54.1971;0.2660;0.0000;-775.2500;0.0000;6.8165;0.0000;-775.2500;0.0000;6.8165;1.0000;0.0000;0.0000;0.0000;0.0000
300;350.06;785.2500;964.1500;873.7500;88.5000;49.4690;0.3057;0.0000;-785.2500;0.0000;6.8165;0.0000;-785.2500;0.0000;6.8165;1.0000;0.0000;0.0000;0.0000;0.0000
301;350.44;792.0500;970.7000;891.2000;99.1500;55.4996;0.2557;0.0000;-792.0500;0.0000;6.8165;0.0000;-792.0500;0.0000;6.8165;1.0000;0.0000;0.0000;0.0000;0.0000
302;350.82;788.7500;992.6000;886.4000;97.6500;47.9029;0.3196;0.0000;-788.7500;0.0000;6.8165;0.0000;-788.7500;0.0000;6.8165;1.0000;0.0000;0.0000;0.0000;0.0000
303;351.21;786.7000;970.8500;877.9000;91.2000;49.5248;0.3052;0.0000;-786.7000;0.0000;6.8165;0.0000;-786.7000;0.0000;6.8165;1.0000;0.0000;0.0000;0.0000;0.0000
304;351.59;788.1500;972.7000;880.6500;92.5000;50.1219;0.3000;0.0000;-788.1500;0.0000;6.8165;0.0000;-788.1500;0.0000;6.8165;1.0000;0.0000;0.0000;0.0000;0.0000
305;351.97;797.8500;969.3500;863.8500;66.0000;38.4840;0.4147;0.0000;-797.8500;0.0000;6.8165;0.0000;-797.8500;0.0000;6.8165;1.0000;0.0000;0.0000;0.0000;0.0000
306;352.34;780.5500;975.1500;888.1000;107.5500;55.2672;0.2575;0.0000;-780.5500;0.0000;6.8165;0.0000;-780.5500;0.0000;6.8165;1.0000;0.0000;0.0000;0.0000;0.0000
307;352.72;784.2000;983.7500;874.8500;90.6500;45.4272;0.3427;0.0000;-784.2000;0.0000;6.8165;0.0000;-784.2000;0.0000;6.8165;1.0000;0.0000;0.0000;0.0000;0.0000
308;353.10;790.1000;991.4500;886.9500;96.8500;48.1003;0.3179;0.0000;-790.1000;0.0000;6.8165;0.0000;-790.1000;0.0000;6.8165;1.0000;0.0000;0.0000;0.0000;0.0000
309;353.48;776.9500;993.9000;885.6500;108.7000;50.1037;0.3001;0.0000;-776.9500;0.0000;6.8165;0.0000;-776.9500;0.0000;6.8165;1.0000;0.0000;0.0000;0.0000;0.0000
310;353.86;779.7500;993.9500;882.5000;102.7500;47.9692;0.3190;0.0000;-779.7500;0.0000;6.8165;0.0000;-779.7500;0.0000;6.8165;1.0000;0.0000;0.0000;0.0000;0.0000
311;354.24;787.7000;994.4500;880.8000;93.1000;45.0302;0.3465;0.0000;-787.7000;0.0000;6.8165;0.0000;-787.7000;0.0000;6.8165;1.0000;0.0000;0.0000;0.0000;0.0000
312;354.62;775.4000;983.5500;872.7500;97.3500;46.7692;0.3300;0.0000;-775.4000;0.0000;6.8165;0.0000;-775.4000;0.0000;6.8165;1.0000;0.0000;0.0000;0.0000;0.0000
313;355.00;784.7500;985.5000;890.6000;105.8500;52.7273;0.2780;0.0000;-784.7500;0.0000;6.8165;0.0000;-784.7500;0.0000;6.8165;1.0000;0.0000;0.0000;0.0000;0.0000
314;355.38;785.2000;968.3500;878.6500;93.4500;51.0238;0.2922;0.0000;-785.2000;0.0000;6.8165;0.0000;-785.2000;0.0000;6.8165;1.0000;0.0000;0.0000;0.0000;0.0000
315;355.76;793.8000;980.7000;876.2500;82.4500;44.1145;0.3554;0.0000;-793.8000;0.0000;6.8165;0.0000;-793.8000;0.0000;6.8165;1.0000;0.0000;0.0000;0.0000;0.0000
316;356.14;791.0000;990.0000;892.5500;101.5500;51.0302;0.2922;0.0000;-791.0000;0.0000;6.8165;0.0000;-791.0000;0.0000;6.8165;1.0000;0.0000;0.0000;0.0000;0.0000
317;356.52;786.4500;989.5500;881.1500;94.7000;46.6273;0.3314;0.0000;-786.4500;0.0000;6.8165;0.0000;-786.4500;0.0000;6.8165;1.0000;0.0000;0.0000;0.0000;0.0000
318;356.90;773.0000;987.0500;896.4500;123.4500;57.6734;0.2390;0.0000;-773.0000;0.0000;6.8165;0.0000;-773.0000;0.0000;6.8165;1.0000;0.0000;0.0000;0.0000;0.0000
319;357.27;782.1500;997.2500;881.8000;99.6500;46.3273;0.3342;0.0000;-782.1500;0.0000;6.8165;0.0000;-782.1500;0.0000;6.8165;1.0000;0.0000;0.0000;0.0000;0.0000
320;357.65;782.2000;996.7500;881.5500;99.3500;46.3062;0.3344;0.0000;-782.2000;0.0000;6.8165;0.0000;-782.2000;0.0000;6.8165;1.0000;0.0000;0.0000;0.0000;0.0000
321;358.03;800.0500;984.3000;892.6000;92.5500;50.2307;0.2990;0.0000;-800.0500;0.0000;6.8165;0.0000;-800.0500;0.0000;6.8165;1.0000;0.0000;0.0000;0.0000;0.0000
322;358.41;795.3000;993.7000;891.3000;96.0000;48.3871;0.3153;0.0000;-795.3000;0.0000;6.8165;0.0000;-795.3000;0.0000;6.8165;1.0000;0.0000;0.0000;0.0000;0.0000
323;358.79;786.7500;990.3000;886.6500;99.9000;49.0789;0.3091;0.0000;-786.7500;0.0000;6.8165;0.0000;-786.7500;0.0000;6.8165;1.0000;0.0000;0.0000;0.0000;0.0000
324;359.17;787.4000;999.3000;885.3500;97.9500;46.2246;0.3351;0.0000;-787.4000;0.0000;6.8165;0.0000;-787.4000;0.0000;6.8165;1.0000;0.0000;0.0000;0.0000;0.0000
325;359.55;781.5000;999.8500;878.6500;97.1500;44.4928;0.3517;0.0000;-781.5000;0.0000;6.8165;0.0000;-781.5000;0.0000;6.8165;1.0000;0.0000;0.0000;0.0000;0.0000
326;359.92;781.5500;986.8000;899.2500;117.7000;57.3447;0.2415;0.0000;-781.5500;0.0000;6.8165;0.0000;-781.5500;0.0000;6.8165;1.0000;0.0000;0.0000;0.0000;0.0000
327;360.30;781.7000;980.5500;900.1000;118.4000;59.5424;0.2252;0.0000;-781.7000;0.0000;6.8165;0.0000;-781.7000;0.0000;6.8165;1.0000;0.0000;0.0000;0.0000;0.0000
328;360.68;777.8500;978.9500;891.3500;113.5000;56.4396;0.2484;0.0000;-777.8500;0.0000;6.8165;0.0000;-777.8500;0.0000;6.8165;1.0000;0.0000;0.0000;0.0000;0.0000
329;361.06;776.0000;995.8500;890.9000;114.9000;52.2629;0.2818;0.0000;-776.0000;0.0000;6.8165;0.0000;-776.0000;0.0000;6.8165;1.0000;0.0000;0.0000;0.0000;0.0000
330;361.43;792.9000;999.6000;888.5000;95.6000;46.2506;0.3349;0.0000;-792.9000;0.0000;6.8165;0.0000;-792.9000;0.0000;6.8165;1.0000;0.0000;0.0000;0.0000;0.0000
331;361.81;787.6000;996.8000;899.4000;111.8000;53.4417;0.2721;0.0000;-787.6000;0.0000;6.8165;0.0000;-787.6000;0.0000;6.8165;1.0000;0.0000;0.0000;0.0000;0.0000
332;362.19;779.9500;997.5000;884.4000;104.4500;48.0120;0.3187;0.0000;-779.9500;0.0000;6.8165;0.0000;-779.9500;0.0000;6.8165;1.0000;0.0000;0.0000;0.0000;0.0000
333;362.57;795.4500;990.9000;895.5000;100.0500;51.1896;0.2908;0.0000;-795.4500;0.0000;6.8165;0.0000;-795.4500;0.0000;6.8165;1.0000;0.0000;0.0000;0.0000;0.0000
334;362.94;791.0000;991.9000;897.6000;106.6000;53.0612;0.2752;0.0000;-791.0000;0.0000;6.8165;0.0000;-791.0000;0.0000;6.8165;1.0000;0.0000;0.0000;0.0000;0.0000
335;363.32;785.0000;984.0000;895.9000;110.9000;55.7286;0.2539;0.0000;-785.0000;0.0000;6.8165;0.0000;-785.0000;0.0000;6.8165;1.0000;0.0000;0.0000;0.0000;0.0000
336;363.70;794.2500;980.7500;906.8000;112.5500;60.3485;0.2193;0.0000;-794.2500;0.0000;6.8165;0.0000;-794.2500;0.0000;6.8165;1.0000;0.0000;0.0000;0.0000;0.0000
337;364.08;805.6000;991.0000;889.2000;83.6000;45.0917;0.3459;0.0000;-805.6000;0.0000;6.8165;0.0000;-805.6000;0.0000;6.8165;1.0000;0.0000;0.0000;0.0000;0.0000
338;364.45;781.0500;999.4000;895.4500;114.4000;52.3929;0.2807;0.0000;-781.0500;0.0000;6.8165;0.0000;-781.0500;0.0000;6.8165;1.0000;0.0000;0.0000;0.0000;0.0000
339;364.83;780.4000;996.1000;893.2000;112.8000;52.2949;0.2815;0.0000;-780.4000;0.0000;6.8165;0.0000;-780.4000;0.0000;6.8165;1.0000;0.0000;0.0000;0.0000;0.0000
340;365.21;792.0000;979.9000;885.0500;93.0500;49.5210;0.3052;0.0000;-792.0000;0.0000;6.8165;0.0000;-792.0000;0.0000;6.8165;1.0000;0.0000;0.0000;0.0000;0.0000
341;365.58;781.2500;1003.4000;889.1000;107.8500;48.5483;0.3138;0.0000;-781.2500;0.0000;6.8165;0.0000;-781.2500;0.0000;6.8165;1.0000;0.0000;0.0000;0.0000;0.0000
342;365.96;789.0000;1017.6000;883.4000;94.4000;41.2948;0.3841;0.0000;-789.0000;0.0000;6.8165;0.0000;-789.0000;0.0000;6.8165;1.0000;0.0000;0.0000;0.0000;0.0000
343;366.34;788.8500;996.4500;886.6500;97.8000;47.1098;0.3269;0.0000;-788.8500;0.0000;6.8165;0.0000;-788.8500;0.0000;6.8165;1.0000;0.0000;0.0000;0.0000;0.0000
344;366.71;778.2000;994.9500;889.7000;111.5000;51.4418;0.2887;0.0000;-778.2000;0.0000;6.8165;0.0000;-778.2000;0.0000;6.8165;1.0000;0.0000;0.0000;0.0000;0.0000
345;367.09;791.4000;997.8000;903.5000;112.1000;54.3120;0.2651;0.0000;-791.4000;0.0000;6.8165;0.0000;-791.4000;0.0000;6.8165;1.0000;0.0000;0.0000;0.0000;0.0000
346;367.47;780.2000;997.3500;899.5000;119.3000;54.9390;0.2601;0.0000;-780.2000;0.0000;6.8165;0.0000;-780.2000;0.0000;6.8165;1.0000;0.0000;0.0000;0.0000;0.0000
347;367.84;776.3500;1007.9500;880.0000;103.6500;44.7539;0.3492;0.0000;-776.3500;0.0000;6.8165;0.0000;-776.3500;0.0000;6.8165;1.0000;0.0000;0.0000;0.0000;0.0000
348;368.22;785.7500;1015.5000;884.5000;98.7500;42.9815;0.3667;0.0000;-785.7500;0.0000;6.8165;0.0000;-785.7500;0.0000;6.8165;1.0000;0.0000;0.0000;0.0000;0.0000
349;368.59;778.9000;988.3000;904.4000;125.5000;59.9331;0.2223;0.0000;-778.9000;0.0000;6.8165;0.0000;-778.9000;0.0000;6.8165;1.0000;0.0000;0.0000;0.0000;0.0000
350;368.97;765.4500;1006.4500;881.2000;115.7500;48.0290;0.3185;0.0000;-765.4500;0.0000;6.8165;0.0000;-765.4500;0.0000;6.8165;1.0000;0.0000;0.0000;0.0000;0.0000
351;369.35;783.9000;996.9500;902.2000;118.3000;55.5269;0.2555;0.0000;-783.9000;0.0000;6.8165;0.0000;-783.9000;0.0000;6.8165;1.0000;0.0000;0.0000;0.0000;0.0000
352;369.72;775.6500;1003.3000;900.2000;124.5500;54.7112;0.2619;0.0000;-775.6500;0.0000;6.8165;0.0000;-775.6500;0.0000;6.8165;1.0000;0.0000;0.0000;0.0000;0.0000
353;370.10;782.2000;1006.6500;892.2000;110.0000;49.0087;0.3097;0.0000;-782.2000;0.0000;6.8165;0.0000;-782.2000;0.0000;6.8165;1.0000;0.0000;0.0000;0.0000;0.0000
354;370.47;785.0500;1007.0500;900.1000;115.0500;51.8243;0.2855;0.0000;-785.0500;0.0000;6.8165;0.0000;-785.0500;0.0000;6.8165;1.0000;0.0000;0.0000;0.0000;0.0000
355;370.85;792.5000;999.6000;893.1000;100.6000;48.5756;0.3136;0.0000;-792.5000;0.0000;6.8165;0.0000;-792.5000;0.0000;6.8165;1.0000;0.0000;0.0000;0.0000;0.0000
356;371.22;797.3000;1004.6500;882.1000;84.8000;40.8970;0.3883;0.0000;-797.3000;0.0000;6.8165;0.0000;-797.3000;0.0000;6.8165;1.0000;0.0000;0.0000;0.0000;0.0000
357;371.60;789.5500;992.5500;877.8500;88.3000;43.4975;0.3615;0.0000;-789.5500;0.0000;6.8165;0.0000;-789.5500;0.0000;6.8165;1.0000;0.0000;0.0000;0.0000;0.0000
358;371.97;780.3500;1003.3000;884.8000;104.4500;46.8491;0.3293;0.0000;-780.3500;0.0000;6.8165;0.0000;-780.3500;0.0000;6.8165;1.0000;0.0000;0.0000;0.0000;0.0000
359;372.35;785.2500;1005.4000;891.5000;106.2500;48.2625;0.3164;0.0000;-785.2500;0.0000;6.8165;0.0000;-785.2500;0.0000;6.8165;1.0000;0.0000;0.0000;0.0000;0.0000
360;372.72;786.1500;1011.5000;899.1500;113.0000;50.1442;0.2998;0.0000;-786.1500;0.0000;6.8165;0.0000;-786.1500;0.0000;6.8165;1.0000;0.0000;0.0000;0.0000;0.0000
361;373.10;809.5000;995.2500;889.4500;79.9500;43.0417;0.3661;0.0000;-809.5000;0.0000;6.8165;0.0000;-809.5000;0.0000;6.8165;1.0000;0.0000;0.0000;0.0000;0.0000
362;373.47;771.6500;1002.7500;903.8500;132.2000;57.2047;0.2426;0.0000;-771.6500;0.0000;6.8165;0.0000;-771.6500;0.0000;6.8165;1.0000;0.0000;0.0000;0.0000;0.0000
363;373.85;790.9500;1006.6000;915.5000;124.5500;57.7556;0.2384;0.0000;-790.9500;0.0000;6.8165;0.0000;-790.9500;0.0000;6.8165;1.0000;0.0000;0.0000;0.0000;0.0000
364;374.22;795.9000;1005.3000;899.5000;103.6000;49.4747;0.3056;0.0000;-795.9000;0.0000;6.8165;0.0000;-795.9000;0.0000;6.8165;1.0000;0.0000;0.0000;0.0000;0.0000
365;374.60;791.2000;1006.9500;893.5000;102.3000;47.4160;0.3241;0.0000;-791.2000;0.0000;6.8165;0.0000;-791.2000;0.0000;6.8165;1.0000;0.0000;0.0000;0.0000;0.0000
366;374.97;790.1000;999.1500;905.1000;115.0000;55.0108;0.2596;0.0000;-790.1000;0.0000;6.8165;0.0000;-790.1000;0.0000;6.8165;1.0000;0.0000;0.0000;0.0000;0.0000
367;375.35;789.1500;997.6000;897.5500;108.4000;52.0029;0.2840;0.0000;-789.1500;0.0000;6.8165;0.0000;-789.1500;0.0000;6.8165;1.0000;0.0000;0.0000;0.0000;0.0000
368;375.72;788.4500;995.4500;906.0500;117.6000;56.8116;0.2456;0.0000;-788.4500;0.0000;6.8165;0.0000;-788.4500;0.0000;6.8165;1.0000;0.0000;0.0000;0.0000;0.0000
369;376.09;778.8500;1004.6500;893.0500;114.2000;50.5757;0.2961;0.0000;-778.8500;0.0000;6.8165;0.0000;-778.8500;0.0000;6.8165;1.0000;0.0000;0.0000;0.0000;0.0000
370;376.47;779.2500;1015.1500;912.7000;133.4500;56.5706;0.2474;0.0000;-779.2500;0.0000;6.8165;0.0000;-779.2500;0.0000;6.8165;1.0000;0.0000;0.0000;0.0000;0.0000
371;376.84;792.4500;1005.7500;895.8000;103.3500;48.4529;0.3147;0.0000;-792.4500;0.0000;6.8165;0.0000;-792.4500;0.0000;6.8165;1.0000;0.0000;0.0000;0.0000;0.0000
372;377.22;800.6500;1017.0500;914.1500;113.5000;52.4492;0.2803;0.0000;-800.6500;0.0000;6.8165;0.0000;-800.6500;0.0000;6.8165;1.0000;0.0000;0.0000;0.0000;0.0000
373;377.59;784.1500;1021.7000;910.7500;126.6000;53.2940;0.2733;0.0000;-784.1500;0.0000;6.8165;0.0000;-784.1500;0.0000;6.8165;1.0000;0.0000;0.0000;0.0000;0.0000
374;377.96;793.2000;1006.4000;920.2500;127.0500;59.5919;0.2248;0.0000;-793.2000;0.0000;6.8165;0.0000;-793.2000;0.0000;6.8165;1.0000;0.0000;0.0000;0.0000;0.0000
375;378.34;788.0500;1016.9000;908.7000;120.6500;52.7201;0.2780;0.0000;-788.0500;0.0000;6.8165;0.0000;-788.0500;0.0000;6.8165;1.0000;0.0000;0.0000;0.0000;0.0000
376;378.71;780.1500;1025.7500;905.0500;124.9000;50.8550;0.2937;0.0000;-780.1500;0.0000;6.8165;0.0000;-780.1500;0.0000;6.8165;1.0000;0.0000;0.0000;0.0000;0.0000
377;379.08;782.8500;1041.4500;895.6500;112.8000;43.6195;0.3603;0.0000;-782.8500;0.0000;6.8165;0.0000;-782.8500;0.0000;6.8165;1.0000;0.0000;0.0000;0.0000;0.0000
378;379.46;773.7500;1027.1000;910.4500;136.7000;53.9570;0.2680;0.0000;-773.7500;0.0000;6.8165;0.0000;-773.7500;0.0000;6.8165;1.0000;0.0000;0.0000;0.0000;0.0000
379;379.83;802.6500;1023.4500;902.2000;99.5500;45.0861;0.3460;0.0000;-802.6500;0.0000;6.8165;0.0000;-802.6500;0.0000;6.8165;1.0000;0.0000;0.0000;0.0000;0.0000
380;380.20;786.6000;1013.5500;910.8500;124.2500;54.7477;0.2616;0.0000;-786.6000;0.0000;6.8165;0.0000;-786.6000;0.0000;6.8165;1.0000;0.0000;0.0000;0.0000;0.0000
381;380.58;776.7000;1019.3500;914.1500;137.4500;56.6454;0.2468;0.0000;-776.7000;0.0000;6.8165;0.0000;-776.7000;0.0000;6.8165;1.0000;0.0000;0.0000;0.0000;0.0000
382;380.95;780.9500;1030.9500;909.3500;128.4000;51.3600;0.2894;0.0000;-780.9500;0.0000;6.8165;0.0000;-780.9500;0.0000;6.8165;1.0000;0.0000;0.0000;0.0000;0.0000
383;381.32;786.9500;1035.1500;896.2500;109.3000;44.0371;0.3562;0.0000;-786.9500;0.0000;6.8165;0.0000;-786.9500;0.0000;6.8165;1.0000;0.0000;0.0000;0.0000;0.0000
384;381.70;772.1500;1033.0000;898.9000;126.7500;48.5911;0.3134;0.0000;-772.1500;0.0000;6.8165;0.0000;-772.1500;0.0000;6.8165;1.0000;0.0000;0.0000;0.0000;0.0000
385;382.07;789.7000;1025.8000;902.7000;113.0000;47.8611;0.3200;0.0000;-789.7000;0.0000;6.8165;0.0000;-789.7000;0.0000;6.8165;1.0000;0.0000;0.0000;0.0000;0.0000
386;382.44;792.0500;1041.8500;907.5000;115.4500;46.2170;0.3352;0.0000;-792.0500;0.0000;6.8165;0.0000;-792.0500;0.0000;6.8165;1.0000;0.0000;0.0000;0.0000;0.0000
387;382.81;782.3500;1043.0500;909.5500;127.2000;48.7917;0.3117;0.0000;-782.3500;0.0000;6.8165;0.0000;-782.3500;0.0000;6.8165;1.0000;0.0000;0.0000;0.0000;0.0000
388;383.19;782.9500;1061.0000;921.7000;138.7500;49.9011;0.3019;0.0000;-782.9500;0.0000;6.8165;0.0000;-782.9500;0.0000;6.8165;1.0000;0.0000;0.0000;0.0000;0.0000
389;383.56;792.7500;1063.7500;908.6500;115.9000;42.7675;0.3689;0.0000;-792.7500;0.0000;6.8165;0.0000;-792.7500;0.0000;6.8165;1.0000;0.0000;0.0000;0.0000;0.0000
390;383.93;779.1500;1062.7500;922.6000;143.4500;50.5818;0.2960;0.0000;-779.1500;0.0000;6.8165;0.0000;-779.1500;0.0000;6.8165;1.0000;0.0000;0.0000;0.0000;0.0000
391;384.30;799.5500;1074.7500;924.8000;125.2500;45.5124;0.3419;0.0000;-799.5500;0.0000;6.8165;0.0000;-799.5500;0.0000;6.8165;1.0000;0.0000;0.0000;0.0000;0.0000
392;384.68;799.4000;1082.8000;911.4500;112.0500;39.5378;0.4030;0.0000;-799.4000;0.0000;6.8165;0.0000;-799.4000;0.0000;6.8165;1.0000;0.0000;0.0000;0.0000;0.0000
393;385.05;773.6500;1089.8500;909.0000;135.3500;42.8052;0.3685;0.0000;-773.6500;0.0000;6.8165;0.0000;-773.6500;0.0000;6.8165;1.0000;0.0000;0.0000;0.0000;0.0000
394;385.42;795.6500;1095.4500;914.6500;119.0000;39.6931;0.4013;0.0000;-795.6500;0.0000;6.8165;0.0000;-795.6500;0.0000;6.8165;1.0000;0.0000;0.0000;0.0000;0.0000
395;385.79;790.0000;1109.6000;906.4500;116.4500;36.4362;0.4385;0.0000;-790.0000;0.0000;6.8165;0.0000;-790.0000;0.0000;6.8165;1.0000;0.0000;0.0000;0.0000;0.0000
396;386.16;782.8500;1117.4000;903.5000;120.6500;36.0634;0.4429;0.0000;-782.8500;0.0000;6.8165;0.0000;-782.8500;0.0000;6.8165;1.0000;0.0000;0.0000;0.0000;0.0000
397;386.53;796.6000;1117.4000;915.3500;118.7500;37.0168;0.4316;0.0000;-796.6000;0.0000;6.8165;0.0000;-796.6000;0.0000;6.8165;1.0000;0.0000;0.0000;0.0000;0.0000
398;386.91;786.0500;1127.0500;911.4000;125.3500;36.7595;0.4346;0.0000;-786.0500;0.0000;6.8165;0.0000;-786.0500;0.0000;6.8165;1.0000;0.0000;0.0000;0.0000;0.0000
399;387.28;785.1000;1142.0500;908.0000;122.9000;34.4306;0.4631;0.0000;-785.1000;0.0000;6.8165;0.0000;-785.1000;0.0000;6.8165;1.0000;0.0000;0.0000;0.0000;0.0000
400;387.65;779.9000;1140.9500;911.4000;131.5000;36.4215;0.4386;0.0000;-779.9000;0.0000;6.8165;0.0000;-779.9000;0.0000;6.8165;1.0000;0.0000;0.0000;0.0000;0.0000
401;388.02;779.9500;1165.8000;908.8000;128.8500;33.3938;0.4763;0.0000;-779.9500;0.0000;6.8165;0.0000;-779.9500;0.0000;6.8165;1.0000;0.0000;0.0000;0.0000;0.0000
402;388.39;781.6500;1157.8000;915.3500;133.7000;35.5443;0.4492;0.0000;-781.6500;0.0000;6.8165;0.0000;-781.6500;0.0000;6.8165;1.0000;0.0000;0.0000;0.0000;0.0000
403;388.76;781.6000;1191.8500;903.4000;121.8000;29.6892;0.5274;0.0000;-781.6000;0.0000;6.8165;0.0000;-781.6000;0.0000;6.8165;1.0000;0.0000;0.0000;0.0000;0.0000
404;389.13;795.9000;1195.7500;923.0000;127.1000;31.7869;0.4978;0.0000;-795.9000;0.0000;6.8165;0.0000;-795.9000;0.0000;6.8165;1.0000;0.0000;0.0000;0.0000;0.0000
405;389.50;788.0500;1200.4000;911.4500;123.4000;29.9260;0.5240;0.0000;-788.0500;0.0000;6.8165;0.0000;-788.0500;0.0000;6.8165;1.0000;0.0000;0.0000;0.0000;0.0000
406;389.87;771.3500;1229.0000;909.0000;137.6500;30.0776;0.5218;0.0000;-771.3500;0.0000;6.8165;0.0000;-771.3500;0.0000;6.8165;1.0000;0.0000;0.0000;0.0000;0.0000
407;390.25;774.1000;1237.6000;936.7000;162.6000;35.0809;0.4549;0.0000;-774.1000;0.0000;6.8165;0.0000;-774.1000;0.0000;6.8165;1.0000;0.0000;0.0000;0.0000;0.0000
408;390.62;790.6500;1264.9500;907.7500;117.1000;24.6890;0.6075;0.0000;-790.6500;0.0000;6.8165;0.0000;-790.6500;0.0000;6.8165;1.0000;0.0000;0.0000;0.0000;0.0000
409;390.99;789.0500;1284.9000;932.4500;143.4000;28.9200;0.5388;0.0000;-789.0500;0.0000;6.8165;0.0000;-789.0500;0.0000;6.8165;1.0000;0.0000;0.0000;0.0000;0.0000
410;391.36;799.8500;1329.7500;917.7500;117.9000;22.2495;0.6527;0.0000;-799.8500;0.0000;6.8165;0.0000;-799.8500;0.0000;6.8165;1.0000;0.0000;0.0000;0.0000;0.0000
411;391.73;782.2000;1339.3000;924.3500;142.1500;25.5161;0.5932;0.0000;-782.2000;0.0000;6.8165;0.0000;-782.2000;0.0000;6.8165;1.0000;0.0000;0.0000;0.0000;0.0000
412;392.10;798.3000;1382.8000;921.7500;123.4500;21.1206;0.6753;0.0000;-798.3000;0.0000;6.8165;0.0000;-798.3000;0.0000;6.8165;1.0000;0.0000;0.0000;0.0000;0.0000
413;392.47;773.1000;1430.1000;911.1000;138.0000;21.0046;0.6777;0.0000;-773.1000;0.0000;6.8165;0.0000;-773.1000;0.0000;6.8165;1.0000;0.0000;0.0000;0.0000;0.0000
414;392.84;793.9500;1451.9000;918.5000;124.5500;18.9300;0.7228;0.0000;-793.9500;0.0000;6.8165;0.0000;-793.9500;0.0000;6.8165;1.0000;0.0000;0.0000;0.0000;0.0000
415;393.21;788.7000;1448.5500;930.4500;141.7500;21.4822;0.6679;0.0000;-788.7000;0.0000;6.8165;0.0000;-788.7000;0.0000;6.8165;1.0000;0.0000;0.0000;0.0000;0.0000
416;393.58;783.9000;1492.8000;912.0500;128.1500;18.0773;0.7429;0.0000;-783.9000;0.0000;6.8165;0.0000;-783.9000;0.0000;6.8165;1.0000;0.0000;0.0000;0.0000;0.0000
417;393.95;790.5500;1540.2500;911.9000;121.3500;16.1865;0.7908;0.0000;-790.5500;0.0000;6.8165;0.0000;-790.5500;0.0000;6.8165;1.0000;0.0000;0.0000;0.0000;0.0000
418;394.32;780.0500;1584.4500;913.5000;133.4500;16.5900;0.7802;0.0000;-780.0500;0.0000;6.8165;0.0000;-780.0500;0.0000;6.8165;1.0000;0.0000;0.0000;0.0000;0.0000
419;394.69;806.2500;1600.2000;926.0000;119.7500;15.0828;0.8215;0.0000;-806.2500;0.0000;6.8165;0.0000;-806.2500;0.0000;6.8165;1.0000;0.0000;0.0000;0.0000;0.0000
420;395.06;789.8500;1644.4000;934.1000;144.2500;16.8802;0.7726;0.0000;-789.8500;0.0000;6.8165;0.0000;-789.8500;0.0000;6.8165;1.0000;0.0000;0.0000;0.0000;0.0000
421;395.43;804.4000;1705.5500;918.1500;113.7500;12.6228;0.8988;0.0000;-804.4000;0.0000;6.8165;0.0000;-804.4000;0.0000;6.8165;1.0000;0.0000;0.0000;0.0000;0.0000
422;395.80;786.7000;1721.5000;919.8500;133.1500;14.2437;0.8464;0.0000;-786.7000;0.0000;6.8165;0.0000;-786.7000;0.0000;6.8165;1.0000;0.0000;0.0000;0.0000;0.0000
423;396.16;792.9500;1786.9000;919.6000;126.6500;12.7421;0.8948;0.0000;-792.9500;0.0000;6.8165;0.0000;-792.9500;0.0000;6.8165;1.0000;0.0000;0.0000;0.0000;0.0000
424;396.53;775.4500;1840.7000;922.5500;147.1000;13.8090;0.8598;0.0000;-775.4500;0.0000;6.8165;0.0000;-775.4500;0.0000;6.8165;1.0000;0.0000;0.0000;0.0000;0.0000
425;396.90;775.9000;1863.3500;924.4000;148.5000;13.6558;0.8647;0.0000;-775.9000;0.0000;6.8165;0.0000;-775.9000;0.0000;6.8165;1.0000;0.0000;0.0000;0.0000;0.0000
426;397.27;784.5500;1921.9500;921.8500;137.3000;12.0714;0.9182;0.0000;-784.5500;0.0000;6.8165;0.0000;-784.5500;0.0000;6.8165;1.0000;0.0000;0.0000;0.0000;0.0000
427;397.64;789.7500;1985.4500;936.3000;146.5500;12.2564;0.9116;0.0000;-789.7500;0.0000;6.8165;0.0000;-789.7500;0.0000;6.8165;1.0000;0.0000;0.0000;0.0000;0.0000
428;398.01;786.3000;1986.8000;923.9000;137.6000;11.4619;0.9407;0.0000;-786.3000;0.0000;6.8165;0.0000;-786.3000;0.0000;6.8165;1.0000;0.0000;0.0000;0.0000;0.0000
429;398.38;781.9500;2066.4500;938.5000;156.5500;12.1876;0.9141;0.0000;-781.9500;0.0000;6.8165;0.0000;-781.9500;0.0000;6.8165;1.0000;0.0000;0.0000;0.0000;0.0000
430;398.75;776.4500;2057.4500;926.9500;150.5000;11.7486;0.9300;0.0000;-776.4500;0.0000;6.8165;0.0000;-776.4500;0.0000;6.8165;1.0000;0.0000;0.0000;0.0000;0.0000
431;399.12;783.3000;2116.6000;918.3000;135.0000;10.1253;0.9946;0.0000;-783.3000;0.0000;6.8165;0.0000;-783.3000;0.0000;6.8165;1.0000;0.0000;0.0000;0.0000;0.0000
432;399.48;788.1500;2192.4000;935.2000;147.0500;10.4718;0.9800;0.0000;-788.1500;0.0000;6.8165;0.0000;-788.1500;0.0000;6.8165;1.0000;0.0000;0.0000;0.0000;0.0000
433;399.85;779.5000;2189.7500;931.0000;151.5000;10.7428;0.9689;0.0000;-779.5000;0.0000;6.8165;0.0000;-779.5000;0.0000;6.8165;1.0000;0.0000;0.0000;0.0000;0.0000
434;400.22;771.9000;2216.3000;938.3500;166.4500;11.5238;0.9384;0.0000;-771.9000;0.0000;6.8165;0.0000;-771.9000;0.0000;6.8165;1.0000;0.0000;0.0000;0.0000;0.0000
435;400.59;782.3000;2312.4000;919.3500;137.0500;8.9569;1.0478;0.0000;-782.3000;0.0000;6.8165;0.0000;-782.3000;0.0000;6.8165;1.0000;0.0000;0.0000;0.0000;0.0000
436;400.96;789.5500;2320.4500;930.4500;140.9000;9.2037;1.0360;0.0000;-789.5500;0.0000;6.8165;0.0000;-789.5500;0.0000;6.8165;1.0000;0.0000;0.0000;0.0000;0.0000
437;401.32;785.1500;2362.8500;930.3500;145.2000;9.2033;1.0361;0.0000;-785.1500;0.0000;6.8165;0.0000;-785.1500;0.0000;6.8165;1.0000;0.0000;0.0000;0.0000;0.0000
438;401.69;796.7500;2406.1500;930.7000;133.9500;8.3230;1.0797;0.0000;-796.7500;0.0000;6.8165;0.0000;-796.7500;0.0000;6.8165;1.0000;0.0000;0.0000;0.0000;0.0000
439;402.06;788.6000;2430.9500;934.1500;145.5500;8.8623;1.0525;0.0000;-788.6000;0.0000;6.8165;0.0000;-788.6000;0.0000;6.8165;1.0000;0.0000;0.0000;0.0000;0.0000
440;402.43;778.7500;2495.9500;931.5500;152.8000;8.8982;1.0507;0.0000;-778.7500;0.0000;6.8165;0.0000;-778.7500;0.0000;6.8165;1.0000;0.0000;0.0000;0.0000;0.0000
441;402.80;769.1000;2538.4000;925.3000;156.2000;8.8284;1.0541;0.0000;-769.1000;0.0000;6.8165;0.0000;-769.1000;0.0000;6.8165;1.0000;0.0000;0.0000;0.0000;0.0000
442;403.16;779.3500;2572.1000;938.9500;159.6000;8.9025;1.0505;0.0000;-779.3500;0.0000;6.8165;0.0000;-779.3500;0.0000;6.8165;1.0000;0.0000;0.0000;0.0000;0.0000
443;403.53;778.0000;2570.5500;934.0500;156.0500;8.7055;1.0602;0.0000;-778.0000;0.0000;6.8165;0.0000;-778.0000;0.0000;6.8165;1.0000;0.0000;0.0000;0.0000;0.0000
444;403.90;787.0500;2743.1000;932.4000;145.3500;7.4308;1.1290;0.0000;-787.0500;0.0000;6.8165;0.0000;-787.0500;0.0000;6.8165;1.0000;0.0000;0.0000;0.0000;0.0000
445;404.27;790.8500;2716.3000;930.4500;139.6000;7.2503;1.1396;0.0000;-790.8500;0.0000;6.8165;0.0000;-790.8500;0.0000;6.8165;1.0000;0.0000;0.0000;0.0000;0.0000
446;404.63;795.9500;2804.0500;938.1000;142.1500;7.0788;1.1500;0.0000;-795.9500;0.0000;6.8165;0.0000;-795.9500;0.0000;6.8165;1.0000;0.0000;0.0000;0.0000;0.0000
447;405.00;782.5500;2913.5500;914.9500;132.4000;6.2130;1.2067;0.0000;-782.5500;0.0000;6.8165;0.0000;-782.5500;0.0000;6.8165;1.0000;0.0000;0.0000;0.0000;0.0000
448;405.37;782.6000;2969.2500;944.4000;161.8000;7.3994;1.1308;0.0000;-782.6000;0.0000;6.8165;0.0000;-782.6000;0.0000;6.8165;1.0000;0.0000;0.0000;0.0000;0.0000
449;405.73;783.4500;3009.2000;935.0000;151.5500;6.8089;1.1669;0.0000;-783.4500;0.0000;6.8165;0.0000;-783.4500;0.0000;6.8165;1.0000;0.0000;0.0000;0.0000;0.0000
450;406.10;795.7000;3104.5000;956.4000;160.7000;6.9603;1.1574;0.0000;-795.7000;0.0000;6.8165;0.0000;-795.7000;0.0000;6.8165;1.0000;0.0000;0.0000;0.0000;0.0000
451;406.47;789.1000;3163.9500;936.7000;147.6000;6.2151;1.2065;0.0000;-789.1000;0.0000;6.8165;0.0000;-789.1000;0.0000;6.8165;1.0000;0.0000;0.0000;0.0000;0.0000
452;406.83;779.6000;3292.7500;929.5500;149.9500;5.9666;1.2243;0.0000;-779.6000;0.0000;6.8165;0.0000;-779.6000;0.0000;6.8165;1.0000;0.0000;0.0000;0.0000;0.0000
453;407.20;772.0500;3331.0000;940.5500;168.5000;6.5847;1.1815;0.0000;-772.0500;0.0000;6.8165;0.0000;-772.0500;0.0000;6.8165;1.0000;0.0000;0.0000;0.0000;0.0000
454;407.57;786.6000;3478.3500;948.9500;162.3500;6.0314;1.2196;0.0000;-786.6000;0.0000;6.8165;0.0000;-786.6000;0.0000;6.8165;1.0000;0.0000;0.0000;0.0000;0.0000
455;407.93;788.1000;3466.3000;934.9500;146.8500;5.4832;1.2610;0.0000;-788.1000;0.0000;6.8165;0.0000;-788.1000;0.0000;6.8165;1.0000;0.0000;0.0000;0.0000;0.0000
456;408.30;786.8500;3550.4000;948.6500;161.8000;5.8548;1.2325;0.0000;-786.8500;0.0000;6.8165;0.0000;-786.8500;0.0000;6.8165;1.0000;0.0000;0.0000;0.0000;0.0000
457;408.67;776.9000;3649.3000;944.2500;167.3500;5.8261;1.2346;0.0000;-776.9000;0.0000;6.8165;0.0000;-776.9000;0.0000;6.8165;1.0000;0.0000;0.0000;0.0000;0.0000
458;409.03;791.7500;3779.9000;947.9500;156.2000;5.2273;1.2817;0.0000;-791.7500;0.0000;6.8165;0.0000;-791.7500;0.0000;6.8165;1.0000;0.0000;0.0000;0.0000;0.0000
459;409.40;766.6000;3773.8500;947.7500;181.1500;6.0238;1.2201;0.0000;-766.6000;0.0000;6.8165;0.0000;-766.6000;0.0000;6.8165;1.0000;0.0000;0.0000;0.0000;0.0000
460;409.76;783.8500;3905.0500;944.7500;160.9000;5.1551;1.2878;0.0000;-783.8500;0.0000;6.8165;0.0000;-783.8500;0.0000;6.8165;1.0000;0.0000;0.0000;0.0000;0.0000
461;410.13;794.6500;3815.9000;946.0000;151.3500;5.0095;1.3002;0.0000;-794.6500;0.0000;6.8165;0.0000;-794.6500;0.0000;6.8165;1.0000;0.0000;0.0000;0.0000;0.0000
462;410.50;786.6000;3954.1500;930.8000;144.2000;4.5524;1.3418;0.0000;-786.6000;0.0000;6.8165;0.0000;-786.6000;0.0000;6.8165;1.0000;0.0000;0.0000;0.0000;0.0000
463;410.86;779.7000;4042.3500;953.2500;173.5500;5.3193;1.2741;0.0000;-779.7000;0.0000;6.8165;0.0000;-779.7000;0.0000;6.8165;1.0000;0.0000;0.0000;0.0000;0.0000
464;411.23;779.1500;4107.1000;939.2000;160.0500;4.8093;1.3179;0.0000;-779.1500;0.0000;6.8165;0.0000;-779.1500;0.0000;6.8165;1.0000;0.0000;0.0000;0.0000;0.0000
465;411.59;791.9000;4230.3500;940.6500;148.7500;4.3261;1.3639;0.0000;-791.9000;0.0000;6.8165;0.0000;-791.9000;0.0000;6.8165;1.0000;0.0000;0.0000;0.0000;0.0000
466;411.96;787.7000;4159.6000;953.9000;166.2000;4.9290;1.3072;0.0000;-787.7000;0.0000;6.8165;0.0000;-787.7000;0.0000;6.8165;1.0000;0.0000;0.0000;0.0000;0.0000
467;412.32;786.0000;4265.5000;939.1000;153.1000;4.4001;1.3565;0.0000;-786.0000;0.0000;6.8165;0.0000;-786.0000;0.0000;6.8165;1.0000;0.0000;0.0000;0.0000;0.0000
468;412.69;786.1500;4409.8000;943.7000;157.5500;4.3478;1.3617;0.0000;-786.1500;0.0000;6.8165;0.0000;-786.1500;0.0000;6.8165;1.0000;0.0000;0.0000;0.0000;0.0000
469;413.05;786.7500;4529.9000;942.9500;156.2000;4.1730;1.3796;0.0000;-786.7500;0.0000;6.8165;0.0000;-786.7500;0.0000;6.8165;1.0000;0.0000;0.0000;0.0000;0.0000
470;413.42;785.5500;4457.6000;941.1000;155.5500;4.2361;1.3730;0.0000;-785.5500;0.0000;6.8165;0.0000;-785.5500;0.0000;6.8165;1.0000;0.0000;0.0000;0.0000;0.0000
471;413.78;778.4000;4730.5500;959.7000;181.3000;4.5874;1.3384;0.0000;-778.4000;0.0000;6.8165;0.0000;-778.4000;0.0000;6.8165;1.0000;0.0000;0.0000;0.0000;0.0000
472;414.15;770.9000;4777.5000;942.5000;171.6000;4.2829;1.3683;0.0000;-770.9000;0.0000;6.8165;0.0000;-770.9000;0.0000;6.8165;1.0000;0.0000;0.0000;0.0000;0.0000
473;414.51;786.6000;4702.6000;949.8500;163.2500;4.1688;1.3800;0.0000;-786.6000;0.0000;6.8165;0.0000;-786.6000;0.0000;6.8165;1.0000;0.0000;0.0000;0.0000;0.0000
474;414.88;780.0500;4842.6000;953.5000;173.4500;4.2695;1.3696;0.0000;-780.0500;0.0000;6.8165;0.0000;-780.0500;0.0000;6.8165;1.0000;0.0000;0.0000;0.0000;0.0000
475;415.24;793.9500;5018.6500;949.8500;155.9000;3.6902;1.4329;0.0000;-793.9500;0.0000;6.8165;0.0000;-793.9500;0.0000;6.8165;1.0000;0.0000;0.0000;0.0000;0.0000
476;415.61;783.6000;5094.8500;950.1000;166.5000;3.8620;1.4132;0.0000;-783.6000;0.0000;6.8165;0.0000;-783.6000;0.0000;6.8165;1.0000;0.0000;0.0000;0.0000;0.0000
477;415.97;798.7500;5049.6500;959.1000;160.3500;3.7721;1.4234;0.0000;-798.7500;0.0000;6.8165;0.0000;-798.7500;0.0000;6.8165;1.0000;0.0000;0.0000;0.0000;0.0000
478;416.33;804.9500;5168.2500;950.1500;145.2000;3.3278;1.4778;0.0000;-804.9500;0.0000;6.8165;0.0000;-804.9500;0.0000;6.8165;1.0000;0.0000;0.0000;0.0000;0.0000
479;416.70;788.0500;5284.5500;952.6000;164.5500;3.6595;1.4366;0.0000;-788.0500;0.0000;6.8165;0.0000;-788.0500;0.0000;6.8165;1.0000;0.0000;0.0000;0.0000;0.0000
480;417.06;787.7000;5507.0000;945.6000;157.9000;3.3458;1.4755;0.0000;-787.7000;0.0000;6.8165;0.0000;-787.7000;0.0000;6.8165;1.0000;0.0000;0.0000;0.0000;0.0000
481;417.43;790.1500;5516.6000;943.6000;153.4500;3.2466;1.4886;0.0000;-790.1500;0.0000;6.8165;0.0000;-790.1500;0.0000;6.8165;1.0000;0.0000;0.0000;0.0000;0.0000
482;417.79;788.6000;5522.0000;956.8500;168.2500;3.5545;1.4492;0.0000;-788.6000;0.0000;6.8165;0.0000;-788.6000;0.0000;6.8165;1.0000;0.0000;0.0000;0.0000;0.0000
483;418.15;778.3000;5494.3000;941.9000;163.6000;3.4690;1.4598;0.0000;-778.3000;0.0000;6.8165;0.0000;-778.3000;0.0000;6.8165;1.0000;0.0000;0.0000;0.0000;0.0000
484;418.52;785.7500;5694.2500;948.0000;162.2500;3.3055;1.4808;0.0000;-785.7500;0.0000;6.8165;0.0000;-785.7500;0.0000;6.8165;1.0000;0.0000;0.0000;0.0000;0.0000
485;418.88;790.6500;5751.1500;959.0500;168.4000;3.3948;1.4692;0.0000;-790.6500;0.0000;6.8165;0.0000;-790.6500;0.0000;6.8165;1.0000;0.0000;0.0000;0.0000;0.0000
486;419.24;789.7000;5996.1500;949.3500;159.6500;3.0664;1.5134;0.0000;-789.7000;0.0000;6.8165;0.0000;-789.7000;0.0000;6.8165;1.0000;0.0000;0.0000;0.0000;0.0000
487;419.61;795.2000;6019.8500;957.8500;162.6500;3.1131;1.5068;0.0000;-795.2000;0.0000;6.8165;0.0000;-795.2000;0.0000;6.8165;1.0000;0.0000;0.0000;0.0000;0.0000
488;419.97;795.8500;6026.2500;954.0500;158.2000;3.0246;1.5193;0.0000;-795.8500;0.0000;6.8165;0.0000;-795.8500;0.0000;6.8165;1.0000;0.0000;0.0000;0.0000;0.0000
489;420.33;780.3500;6348.4500;951.7500;171.4000;3.0782;1.5117;0.0000;-780.3500;0.0000;6.8165;0.0000;-780.3500;0.0000;6.8165;1.0000;0.0000;0.0000;0.0000;0.0000
490;420.70;786.5000;6250.3000;960.5500;174.0500;3.1855;1.4968;0.0000;-786.5000;0.0000;6.8165;0.0000;-786.5000;0.0000;6.8165;1.0000;0.0000;0.0000;0.0000;0.0000
491;421.06;792.3000;6437.7000;958.8000;166.5000;2.9493;1.5303;0.0000;-792.3000;0.0000;6.8165;0.0000;-792.3000;0.0000;6.8165;1.0000;0.0000;0.0000;0.0000;0.0000
492;421.42;780.7500;6517.1500;974.1500;193.4000;3.3715;1.4722;0.0000;-780.7500;0.0000;6.8165;0.0000;-780.7500;0.0000;6.8165;1.0000;0.0000;0.0000;0.0000;0.0000
493;421.79;792.8500;6593.3500;957.7500;164.9000;2.8429;1.5462;0.0000;-792.8500;0.0000;6.8165;0.0000;-792.8500;0.0000;6.8165;1.0000;0.0000;0.0000;0.0000;0.0000
494;422.15;785.0500;6582.3000;962.9000;177.8500;3.0678;1.5132;0.0000;-785.0500;0.0000;6.8165;0.0000;-785.0500;0.0000;6.8165;1.0000;0.0000;0.0000;0.0000;0.0000
495;422.51;777.2500;6682.3000;958.9500;181.7000;3.0770;1.5119;0.0000;-777.2500;0.0000;6.8165;0.0000;-777.2500;0.0000;6.8165;1.0000;0.0000;0.0000;0.0000;0.0000
496;422.87;781.9000;6841.3000;968.5500;186.6500;3.0803;1.5114;0.0000;-781.9000;0.0000;6.8165;0.0000;-781.9000;0.0000;6.8165;1.0000;0.0000;0.0000;0.0000;0.0000
497;423.24;789.6500;6932.4000;968.3000;178.6500;2.9083;1.5364;0.0000;-789.6500;0.0000;6.8165;0.0000;-789.6500;0.0000;6.8165;1.0000;0.0000;0.0000;0.0000;0.0000
498;423.60;789.0000;7033.2000;948.1000;159.1000;2.5480;1.5938;0.0000;-789.0000;0.0000;6.8165;0.0000;-789.0000;0.0000;6.8165;1.0000;0.0000;0.0000;0.0000;0.0000
499;423.96;796.6500;7164.9500;956.2500;159.6000;2.5062;1.6010;0.0000;-796.6500;0.0000;6.8165;0.0000;-796.6500;0.0000;6.8165;1.0000;0.0000;0.0000;0.0000;0.0000
500;424.32;791.5500;7268.3000;973.3000;181.7500;2.8062;1.5519;0.0000;-791.5500;0.0000;6.8165;0.0000;-791.5500;0.0000;6.8165;1.0000;0.0000;0.0000;0.0000;0.0000
501;424.69;789.8500;7355.2500;968.2500;178.4000;2.7173;1.5659;0.0000;-789.8500;0.0000;6.8165;0.0000;-789.8500;0.0000;6.8165;1.0000;0.0000;0.0000;0.0000;0.0000
502;425.05;782.3000;7707.1500;957.6500;175.3500;2.5322;1.5965;0.0000;-782.3000;0.0000;6.8165;0.0000;-782.3000;0.0000;6.8165;1.0000;0.0000;0.0000;0.0000;0.0000
503;425.41;788.2500;8027.3500;964.2000;175.9500;2.4306;1.6143;0.0000;-788.2500;0.0000;6.8165;0.0000;-788.2500;0.0000;6.8165;1.0000;0.0000;0.0000;0.0000;0.0000
504;425.77;783.6000;7837.6000;962.3000;178.7000;2.5333;1.5963;0.0000;-783.6000;0.0000;6.8165;0.0000;-783.6000;0.0000;6.8165;1.0000;0.0000;0.0000;0.0000;0.0000
505;426.13;794.8000;7938.1000;974.0500;179.2500;2.5093;1.6004;0.0000;-794.8000;0.0000;6.8165;0.0000;-794.8000;0.0000;6.8165;1.0000;0.0000;0.0000;0.0000;0.0000
506;426.50;793.3500;7916.4500;956.8500;163.5000;2.2953;1.6392;0.0000;-793.3500;0.0000;6.8165;0.0000;-793.3500;0.0000;6.8165;1.0000;0.0000;0.0000;0.0000;0.0000
507;426.86;785.4000;7952.4500;980.3500;194.9500;2.7201;1.5654;0.0000;-785.4000;0.0000;6.8165;0.0000;-785.4000;0.0000;6.8165;1.0000;0.0000;0.0000;0.0000;0.0000
508;427.22;780.4000;8391.8000;989.5000;209.1000;2.7472;1.5611;0.0000;-780.4000;0.0000;6.8165;0.0000;-780.4000;0.0000;6.8165;1.0000;0.0000;0.0000;0.0000;0.0000
509;427.58;791.8000;8215.8500;967.8000;176.0000;2.3707;1.6251;0.0000;-791.8000;0.0000;6.8165;0.0000;-791.8000;0.0000;6.8165;1.0000;0.0000;0.0000;0.0000;0.0000
510;427.94;797.5000;8576.0000;982.3000;184.8000;2.3758;1.6242;0.0000;-797.5000;0.0000;6.8165;0.0000;-797.5000;0.0000;6.8165;1.0000;0.0000;0.0000;0.0000;0.0000
511;428.30;794.4500;8912.9000;979.0500;184.6000;2.2738;1.6432;0.0000;-794.4500;0.0000;6.8165;0.0000;-794.4500;0.0000;6.8165;1.0000;0.0000;0.0000;0.0000;0.0000
512;428.66;773.4500;8596.8500;970.3500;196.9000;2.5168;1.5991;0.0000;-773.4500;0.0000;6.8165;0.0000;-773.4500;0.0000;6.8165;1.0000;0.0000;0.0000;0.0000;0.0000
513;429.02;786.7500;8763.0000;982.3000;195.5500;2.4517;1.6105;0.0000;-786.7500;0.0000;6.8165;0.0000;-786.7500;0.0000;6.8165;1.0000;0.0000;0.0000;0.0000;0.0000
514;429.39;777.4500;8900.4500;967.8500;190.4000;2.3440;1.6300;0.0000;-777.4500;0.0000;6.8165;0.0000;-777.4500;0.0000;6.8165;1.0000;0.0000;0.0000;0.0000;0.0000
515;429.75;780.9500;9076.6000;969.9000;188.9500;2.2777;1.6425;0.0000;-780.9500;0.0000;6.8165;0.0000;-780.9500;0.0000;6.8165;1.0000;0.0000;0.0000;0.0000;0.0000
516;430.11;789.6500;9156.6500;981.2000;191.5500;2.2894;1.6403;0.0000;-789.6500;0.0000;6.8165;0.0000;-789.6500;0.0000;6.8165;1.0000;0.0000;0.0000;0.0000;0.0000
517;430.47;792.8000;9381.3500;973.3500;180.5500;2.1022;1.6773;0.0000;-792.8000;0.0000;6.8165;0.0000;-792.8000;0.0000;6.8165;1.0000;0.0000;0.0000;0.0000;0.0000
518;430.83;795.3500;9457.5500;976.1000;180.7500;2.0867;1.6805;0.0000;-795.3500;0.0000;6.8165;0.0000;-795.3500;0.0000;6.8165;1.0000;0.0000;0.0000;0.0000;0.0000
519;431.19;780.7000;9605.8000;984.1500;203.4500;2.3054;1.6373;0.0000;-780.7000;0.0000;6.8165;0.0000;-780.7000;0.0000;6.8165;1.0000;0.0000;0.0000;0.0000;0.0000
520;431.55;778.8000;9383.7500;973.7500;194.9500;2.2656;1.6448;0.0000;-778.8000;0.0000;6.8165;0.0000;-778.8000;0.0000;6.8165;1.0000;0.0000;0.0000;0.0000;0.0000
521;431.91;786.4500;9725.1000;975.2000;188.7500;2.1116;1.6754;0.0000;-786.4500;0.0000;6.8165;0.0000;-786.4500;0.0000;6.8165;1.0000;0.0000;0.0000;0.0000;0.0000
522;432.27;785.3000;9999.4500;980.6500;195.3500;2.1201;1.6736;0.0000;-785.3000;0.0000;6.8165;0.0000;-785.3000;0.0000;6.8165;1.0000;0.0000;0.0000;0.0000;0.0000
523;432.63;795.0000;9909.7500;974.6000;179.6000;1.9704;1.7054;0.0000;-795.0000;0.0000;6.8165;0.0000;-795.0000;0.0000;6.8165;1.0000;0.0000;0.0000;0.0000;0.0000
524;432.99;779.2500;10100.3000;980.8000;201.5500;2.1623;1.6651;0.0000;-779.2500;0.0000;6.8165;0.0000;-779.2500;0.0000;6.8165;1.0000;0.0000;0.0000;0.0000;0.0000
525;433.35;775.5500;10240.9000;985.2000;209.6500;2.2149;1.6546;0.0000;-775.5500;0.0000;6.8165;0.0000;-775.5500;0.0000;6.8165;1.0000;0.0000;0.0000;0.0000;0.0000
526;433.71;787.1000;10248.3500;984.2000;197.1000;2.0832;1.6813;0.0000;-787.1000;0.0000;6.8165;0.0000;-787.1000;0.0000;6.8165;1.0000;0.0000;0.0000;0.0000;0.0000
527;434.07;795.4000;10787.7000;978.1000;182.7000;1.8284;1.7379;0.0000;-795.4000;0.0000;6.8165;0.0000;-795.4000;0.0000;6.8165;1.0000;0.0000;0.0000;0.0000;0.0000
528;434.43;782.2500;10712.5500;989.0500;206.8000;2.0825;1.6814;0.0000;-782.2500;0.0000;6.8165;0.0000;-782.2500;0.0000;6.8165;1.0000;0.0000;0.0000;0.0000;0.0000
529;434.79;803.2500;10828.2000;979.2500;176.0000;1.7556;1.7556;0.0000;-803.2500;0.0000;6.8165;0.0000;-803.2500;0.0000;6.8165;1.0000;0.0000;0.0000;0.0000;0.0000
530;435.15;785.3000;11048.5500;983.8000;198.5000;1.9341;1.7135;0.0000;-785.3000;0.0000;6.8165;0.0000;-785.3000;0.0000;6.8165;1.0000;0.0000;0.0000;0.0000;0.0000
531;435.51;803.2500;11301.9500;987.3500;184.1000;1.7536;1.7561;0.0000;-803.2500;0.0000;6.8165;0.0000;-803.2500;0.0000;6.8165;1.0000;0.0000;0.0000;0.0000;0.0000
532;435.87;768.5000;11327.1000;986.8500;218.3500;2.0680;1.6845;0.0000;-768.5000;0.0000;6.8165;0.0000;-768.5000;0.0000;6.8165;1.0000;0.0000;0.0000;0.0000;0.0000
533;436.23;792.4000;11695.5000;979.8000;187.4000;1.7188;1.7648;0.0000;-792.4000;0.0000;6.8165;0.0000;-792.4000;0.0000;6.8165;1.0000;0.0000;0.0000;0.0000;0.0000
534;436.59;799.5000;11929.1500;991.6500;192.1500;1.7265;1.7628;0.0000;-799.5000;0.0000;6.8165;0.0000;-799.5000;0.0000;6.8165;1.0000;0.0000;0.0000;0.0000;0.0000
535;436.94;801.7000;12113.1000;987.8000;186.1000;1.6452;1.7838;0.0000;-801.7000;0.0000;6.8165;0.0000;-801.7000;0.0000;6.8165;1.0000;0.0000;0.0000;0.0000;0.0000
536;437.30;784.7000;12310.9000;996.6000;211.9000;1.8384;1.7356;0.0000;-784.7000;0.0000;6.8165;0.0000;-784.7000;0.0000;6.8165;1.0000;0.0000;0.0000;0.0000;0.0000
537;437.66;803.8000;12222.3000;995.1500;191.3500;1.6758;1.7758;0.0000;-803.8000;0.0000;6.8165;0.0000;-803.8000;0.0000;6.8165;1.0000;0.0000;0.0000;0.0000;0.0000
538;438.02;782.2000;12650.1500;997.3000;215.1000;1.8124;1.7417;0.0000;-782.2000;0.0000;6.8165;0.0000;-782.2000;0.0000;6.8165;1.0000;0.0000;0.0000;0.0000;0.0000
539;438.38;787.3000;12940.7500;981.1500;193.8500;1.5950;1.7972;0.0000;-787.3000;0.0000;6.8165;0.0000;-787.3000;0.0000;6.8165;1.0000;0.0000;0.0000;0.0000;0.0000
540;438.74;797.0500;13078.2000;983.8000;186.7500;1.5206;1.8180;0.0000;-797.0500;0.0000;6.8165;0.0000;-797.0500;0.0000;6.8165;1.0000;0.0000;0.0000;0.0000;0.0000
541;439.10;792.9500;12701.4000;985.2500;192.3000;1.6148;1.7919;0.0000;-792.9500;0.0000;6.8165;0.0000;-792.9500;0.0000;6.8165;1.0000;0.0000;0.0000;0.0000;0.0000
542;439.46;789.8000;12907.2500;988.2000;198.4000;1.6373;1.7859;0.0000;-789.8000;0.0000;6.8165;0.0000;-789.8000;0.0000;6.8165;1.0000;0.0000;0.0000;0.0000;0.0000
543;439.81;781.3000;13138.8500;1003.0500;221.7500;1.7944;1.7461;0.0000;-781.3000;0.0000;6.8165;0.0000;-781.3000;0.0000;6.8165;1.0000;0.0000;0.0000;0.0000;0.0000
544;440.17;776.4500;12955.9000;997.3000;220.8500;1.8133;1.7415;0.0000;-776.4500;0.0000;6.8165;0.0000;-776.4500;0.0000;6.8165;1.0000;0.0000;0.0000;0.0000;0.0000
545;440.53;795.3000;13222.2000;985.9500;190.6500;1.5342;1.8141;0.0000;-795.3000;0.0000;6.8165;0.0000;-795.3000;0.0000;6.8165;1.0000;0.0000;0.0000;0.0000;0.0000
546;440.89;798.2000;13253.3000;995.5000;197.3000;1.5841;1.8002;0.0000;-798.2000;0.0000;6.8165;0.0000;-798.2000;0.0000;6.8165;1.0000;0.0000;0.0000;0.0000;0.0000
547;441.25;789.3500;13314.3500;1004.4500;215.1000;1.7174;1.7651;0.0000;-789.3500;0.0000;6.8165;0.0000;-789.3500;0.0000;6.8165;1.0000;0.0000;0.0000;0.0000;0.0000
548;441.60;786.0500;13481.6500;1005.1000;219.0500;1.7254;1.7631;0.0000;-786.0500;0.0000;6.8165;0.0000;-786.0500;0.0000;6.8165;1.0000;0.0000;0.0000;0.0000;0.0000
549;441.96;779.4000;13702.7000;1002.7500;223.3500;1.7283;1.7624;0.0000;-779.4000;0.0000;6.8165;0.0000;-779.4000;0.0000;6.8165;1.0000;0.0000;0.0000;0.0000;0.0000
550;442.32;780.9000;13522.6000;1007.4500;226.5500;1.7780;1.7501;0.0000;-780.9000;0.0000;6.8165;0.0000;-780.9000;0.0000;6.8165;1.0000;0.0000;0.0000;0.0000;0.0000
551;442.68;787.6000;13399.9500;982.9500;195.3500;1.5489;1.8100;0.0000;-787.6000;0.0000;6.8165;0.0000;-787.6000;0.0000;6.8165;1.0000;0.0000;0.0000;0.0000;0.0000
552;443.03;794.7000;14253.3500;994.1500;199.4500;1.4819;1.8292;0.0000;-794.7000;0.0000;6.8165;0.0000;-794.7000;0.0000;6.8165;1.0000;0.0000;0.0000;0.0000;0.0000
553;443.39;766.8000;13780.5000;997.0000;230.2000;1.7689;1.7523;0.0000;-766.8000;0.0000;6.8165;0.0000;-766.8000;0.0000;6.8165;1.0000;0.0000;0.0000;0.0000;0.0000
554;443.75;773.1000;14825.5500;1025.1000;252.0000;1.7933;1.7464;0.0000;-773.1000;0.0000;6.8165;0.0000;-773.1000;0.0000;6.8165;1.0000;0.0000;0.0000;0.0000;0.0000
555;444.11;781.5500;14691.8000;1008.7000;227.1500;1.6330;1.7870;0.0000;-781.5500;0.0000;6.8165;0.0000;-781.5500;0.0000;6.8165;1.0000;0.0000;0.0000;0.0000;0.0000
556;444.46;788.7500;14529.1000;1007.9000;219.1500;1.5949;1.7973;0.0000;-788.7500;0.0000;6.8165;0.0000;-788.7500;0.0000;6.8165;1.0000;0.0000;0.0000;0.0000;0.0000
557;444.82;795.6000;14497.4000;1019.5000;223.9000;1.6341;1.7867;0.0000;-795.6000;0.0000;6.8165;0.0000;-795.6000;0.0000;6.8165;1.0000;0.0000;0.0000;0.0000;0.0000
558;445.18;786.4500;14488.4500;1013.3000;226.8500;1.6556;1.7810;0.0000;-786.4500;0.0000;6.8165;0.0000;-786.4500;0.0000;6.8165;1.0000;0.0000;0.0000;0.0000;0.0000
559;445.53;786.2000;14732.8500;1014.5000;228.3000;1.6370;1.7860;0.0000;-786.2000;0.0000;6.8165;0.0000;-786.2000;0.0000;6.8165;1.0000;0.0000;0.0000;0.0000;0.0000
560;445.89;786.9000;14933.7000;1010.8500;223.9500;1.5830;1.8005;0.0000;-786.9000;0.0000;6.8165;0.0000;-786.9000;0.0000;6.8165;1.0000;0.0000;0.0000;0.0000;0.0000
561;446.25;788.8500;15432.9000;1028.7000;239.8500;1.6379;1.7857;0.0000;-788.8500;0.0000;6.8165;0.0000;-788.8500;0.0000;6.8165;1.0000;0.0000;0.0000;0.0000;0.0000
562;446.60;792.4500;15086.3000;1004.6000;212.1500;1.4842;1.8285;0.0000;-792.4500;0.0000;6.8165;0.0000;-792.4500;0.0000;6.8165;1.0000;0.0000;0.0000;0.0000;0.0000
563;446.96;797.0500;15088.6000;996.4000;199.3500;1.3949;1.8555;0.0000;-797.0500;0.0000;6.8165;0.0000;-797.0500;0.0000;6.8165;1.0000;0.0000;0.0000;0.0000;0.0000
564;447.32;800.7000;15512.8000;1018.1500;217.4500;1.4780;1.8303;0.0000;-800.7000;0.0000;6.8165;0.0000;-800.7000;0.0000;6.8165;1.0000;0.0000;0.0000;0.0000;0.0000
565;447.67;794.2500;15932.8500;1014.0000;219.7500;1.4516;1.8382;0.0000;-794.2500;0.0000;6.8165;0.0000;-794.2500;0.0000;6.8165;1.0000;0.0000;0.0000;0.0000;0.0000
566;448.03;800.1500;15869.7000;1016.4500;216.3000;1.4353;1.8430;0.0000;-800.1500;0.0000;6.8165;0.0000;-800.1500;0.0000;6.8165;1.0000;0.0000;0.0000;0.0000;0.0000
567;448.38;796.4000;16017.2000;1026.2500;229.8500;1.5101;1.8210;0.0000;-796.4000;0.0000;6.8165;0.0000;-796.4000;0.0000;6.8165;1.0000;0.0000;0.0000;0.0000;0.0000
568;448.74;794.2000;16762.8000;1020.8000;226.6000;1.4190;1.8480;0.0000;-794.2000;0.0000;6.8165;0.0000;-794.2000;0.0000;6.8165;1.0000;0.0000;0.0000;0.0000;0.0000
569;449.10;796.4000;16555.4500;1015.4500;219.0500;1.3900;1.8570;0.0000;-796.4000;0.0000;6.8165;0.0000;-796.4000;0.0000;6.8165;1.0000;0.0000;0.0000;0.0000;0.0000
570;449.45;795.7500;17581.1000;1027.6000;231.8500;1.3813;1.8597;0.0000;-795.7500;0.0000;6.8165;0.0000;-795.7500;0.0000;6.8165;1.0000;0.0000;0.0000;0.0000;0.0000
571;449.81;800.7000;18736.6500;1026.4000;225.7000;1.2584;1.9002;0.0000;-800.7000;0.0000;6.8165;0.0000;-800.7000;0.0000;6.8165;1.0000;0.0000;0.0000;0.0000;0.0000
572;450.16;788.8000;19307.6000;1032.4500;243.6500;1.3157;1.8808;0.0000;-788.8000;0.0000;6.8165;0.0000;-788.8000;0.0000;6.8165;1.0000;0.0000;0.0000;0.0000;0.0000
573;450.52;798.5500;20507.6000;1023.9000;225.3500;1.1434;1.9418;0.0000;-798.5500;0.0000;6.8165;0.0000;-798.5500;0.0000;6.8165;1.0000;0.0000;0.0000;0.0000;0.0000
574;450.87;804.6500;19706.3000;1022.3500;217.7000;1.1518;1.9386;0.0000;-804.6500;0.0000;6.8165;0.0000;-804.6500;0.0000;6.8165;1.0000;0.0000;0.0000;0.0000;0.0000
575;451.23;803.0000;18793.0500;1029.4500;226.4500;1.2588;1.9001;0.0000;-803.0000;0.0000;6.8165;0.0000;-803.0000;0.0000;6.8165;1.0000;0.0000;0.0000;0.0000;0.0000
576;451.59;801.8500;18857.0500;1026.7000;224.8500;1.2453;1.9047;0.0000;-801.8500;0.0000;6.8165;0.0000;-801.8500;0.0000;6.8165;1.0000;0.0000;0.0000;0.0000;0.0000
577;451.94;794.4000;18728.5500;1031.6000;237.2000;1.3226;1.8786;0.0000;-794.4000;0.0000;6.8165;0.0000;-794.4000;0.0000;6.8165;1.0000;0.0000;0.0000;0.0000;0.0000
578;452.30;800.2000;19080.9500;1010.9500;210.7500;1.1529;1.9382;0.0000;-800.2000;0.0000;6.8165;0.0000;-800.2000;0.0000;6.8165;1.0000;0.0000;0.0000;0.0000;0.0000
579;452.65;785.0500;19104.2500;1027.0000;241.9500;1.3207;1.8792;0.0000;-785.0500;0.0000;6.8165;0.0000;-785.0500;0.0000;6.8165;1.0000;0.0000;0.0000;0.0000;0.0000
580;453.01;793.6000;19648.8000;1028.7500;235.1500;1.2471;1.9041;0.0000;-793.6000;0.0000;6.8165;0.0000;-793.6000;0.0000;6.8165;1.0000;0.0000;0.0000;0.0000;0.0000
581;453.36;785.2500;19111.7500;1038.0500;252.8000;1.3794;1.8603;0.0000;-785.2500;0.0000;6.8165;0.0000;-785.2500;0.0000;6.8165;1.0000;0.0000;0.0000;0.0000;0.0000
582;453.71;797.6500;18241.4500;1031.6000;233.9500;1.3412;1.8725;0.0000;-797.6500;0.0000;6.8165;0.0000;-797.6500;0.0000;6.8165;1.0000;0.0000;0.0000;0.0000;0.0000
583;454.07;788.7500;18685.4500;1016.0000;227.2500;1.2698;1.8963;0.0000;-788.7500;0.0000;6.8165;0.0000;-788.7500;0.0000;6.8165;1.0000;0.0000;0.0000;0.0000;0.0000
584;454.42;778.9500;18717.6000;1035.0500;256.1000;1.4276;1.8454;0.0000;-778.9500;0.0000;6.8165;0.0000;-778.9500;0.0000;6.8165;1.0000;0.0000;0.0000;0.0000;0.0000
585;454.78;775.4500;19544.4000;1035.5500;260.1000;1.3858;1.8583;0.0000;-775.4500;0.0000;6.8165;0.0000;-775.4500;0.0000;6.8165;1.0000;0.0000;0.0000;0.0000;0.0000
586;455.13;785.5000;19540.3000;1042.6500;257.1500;1.3711;1.8629;0.0000;-785.5000;0.0000;6.8165;0.0000;-785.5000;0.0000;6.8165;1.0000;0.0000;0.0000;0.0000;0.0000
587;455.49;808.5000;20268.2500;1046.4500;237.9500;1.2228;1.9127;0.0000;-808.5000;0.0000;6.8165;0.0000;-808.5000;0.0000;6.8165;1.0000;0.0000;0.0000;0.0000;0.0000
588;455.84;789.4500;19393.4500;1045.0500;255.6000;1.3739;1.8620;0.0000;-789.4500;0.0000;6.8165;0.0000;-789.4500;0.0000;6.8165;1.0000;0.0000;0.0000;0.0000;0.0000
589;456.19;794.7500;20441.2000;1043.6500;248.9000;1.2669;1.8973;0.0000;-794.7500;0.0000;6.8165;0.0000;-794.7500;0.0000;6.8165;1.0000;0.0000;0.0000;0.0000;0.0000
590;456.55;796.2000;20996.9500;1054.1000;257.9000;1.2767;1.8939;0.0000;-796.2000;0.0000;6.8165;0.0000;-796.2000;0.0000;6.8165;1.0000;0.0000;0.0000;0.0000;0.0000
591;456.90;781.8500;21459.0500;1041.6000;259.7500;1.2562;1.9009;0.0000;-781.8500;0.0000;6.8165;0.0000;-781.8500;0.0000;6.8165;1.0000;0.0000;0.0000;0.0000;0.0000
592;457.26;797.6500;21664.9000;1035.5000;237.8500;1.1398;1.9432;0.0000;-797.6500;0.0000;6.8165;0.0000;-797.6500;0.0000;6.8165;1.0000;0.0000;0.0000;0.0000;0.0000
593;457.61;794.8500;21570.4000;1037.9000;243.0500;1.1699;1.9319;0.0000;-794.8500;0.0000;6.8165;0.0000;-794.8500;0.0000;6.8165;1.0000;0.0000;0.0000;0.0000;0.0000
594;457.96;805.1000;22123.5000;1047.0000;241.9000;1.1347;1.9451;0.0000;-805.1000;0.0000;6.8165;0.0000;-805.1000;0.0000;6.8165;1.0000;0.0000;0.0000;0.0000;0.0000
595;458.32;795.0000;23093.7000;1048.8000;253.8000;1.1382;1.9438;0.0000;-795.0000;0.0000;6.8165;0.0000;-795.0000;0.0000;6.8165;1.0000;0.0000;0.0000;0.0000;0.0000
596;458.67;798.7500;22657.7000;1039.1500;240.4000;1.0998;1.9587;0.0000;-798.7500;0.0000;6.8165;0.0000;-798.7500;0.0000;6.8165;1.0000;0.0000;0.0000;0.0000;0.0000
597;459.02;790.1000;22694.9500;1047.3000;257.2000;1.1742;1.9303;0.0000;-790.1000;0.0000;6.8165;0.0000;-790.1000;0.0000;6.8165;1.0000;0.0000;0.0000;0.0000;0.0000
598;459.38;803.7000;22664.9500;1046.4500;242.7500;1.1104;1.9545;0.0000;-803.7000;0.0000;6.8165;0.0000;-803.7000;0.0000;6.8165;1.0000;0.0000;0.0000;0.0000;0.0000
599;459.73;791.7500;22936.1000;1044.0000;252.2500;1.1391;1.9434;0.0000;-791.7500;0.0000;6.8165;0.0000;-791.7500;0.0000;6.8165;1.0000;0.0000;0.0000;0.0000;0.0000
600;460.08;801.8500;22940.8500;1067.8000;265.9500;1.2013;1.9204;0.0000;-801.8500;0.0000;6.8165;0.0000;-801.8500;0.0000;6.8165;1.0000;0.0000;0.0000;0.0000;0.0000
601;460.44;792.2500;23384.6000;1053.5000;261.2500;1.1564;1.9369;0.0000;-792.2500;0.0000;6.8165;0.0000;-792.2500;0.0000;6.8165;1.0000;0.0000;0.0000;0.0000;0.0000
602;460.79;789.3500;23173.7000;1057.0000;267.6500;1.1957;1.9224;0.0000;-789.3500;0.0000;6.8165;0.0000;-789.3500;0.0000;6.8165;1.0000;0.0000;0.0000;0.0000;0.0000
603;461.14;796.8000;24004.1000;1052.0000;255.2000;1.0997;1.9587;0.0000;-796.8000;0.0000;6.8165;0.0000;-796.8000;0.0000;6.8165;1.0000;0.0000;0.0000;0.0000;0.0000
604;461.49;799.5000;24330.2500;1062.8500;263.3500;1.1192;1.9511;0.0000;-799.5000;0.0000;6.8165;0.0000;-799.5000;0.0000;6.8165;1.0000;0.0000;0.0000;0.0000;0.0000
605;461.85;799.5000;24547.9500;1045.3000;245.8000;1.0350;1.9851;0.0000;-799.5000;0.0000;6.8165;0.0000;-799.5000;0.0000;6.8165;1.0000;0.0000;0.0000;0.0000;0.0000
606;462.20;791.3500;25213.3500;1057.1500;265.8000;1.0884;1.9632;0.0000;-791.3500;0.0000;6.8165;0.0000;-791.3500;0.0000;6.8165;1.0000;0.0000;0.0000;0.0000;0.0000
607;462.55;788.1000;24845.3500;1063.8500;275.7500;1.1462;1.9407;0.0000;-788.1000;0.0000;6.8165;0.0000;-788.1000;0.0000;6.8165;1.0000;0.0000;0.0000;0.0000;0.0000
608;462.90;790.0000;26634.2000;1066.9500;276.9500;1.0716;1.9700;0.0000;-790.0000;0.0000;6.8165;0.0000;-790.0000;0.0000;6.8165;1.0000;0.0000;0.0000;0.0000;0.0000
609;463.26;782.3000;27125.7500;1076.3000;294.0000;1.1160;1.9523;0.0000;-782.3000;0.0000;6.8165;0.0000;-782.3000;0.0000;6.8165;1.0000;0.0000;0.0000;0.0000;0.0000
610;463.61;792.9000;26540.0000;1060.0500;267.1500;1.0376;1.9840;0.0000;-792.9000;0.0000;6.8165;0.0000;-792.9000;0.0000;6.8165;1.0000;0.0000;0.0000;0.0000;0.0000
611;463.96;791.3500;26361.7000;1061.2500;269.9000;1.0555;1.9765;0.0000;-791.3500;0.0000;6.8165;0.0000;-791.3500;0.0000;6.8165;1.0000;0.0000;0.0000;0.0000;0.0000
612;464.31;786.3500;27077.2500;1081.2500;294.9000;1.1217;1.9501;0.0000;-786.3500;0.0000;6.8165;0.0000;-786.3500;0.0000;6.8165;1.0000;0.0000;0.0000;0.0000;0.0000
613;464.66;784.0500;26334.2000;1065.8000;281.7500;1.1027;1.9575;0.0000;-784.0500;0.0000;6.8165;0.0000;-784.0500;0.0000;6.8165;1.0000;0.0000;0.0000;0.0000;0.0000
614;465.02;778.8000;26205.1000;1061.0000;282.2000;1.1099;1.9547;0.0000;-778.8000;0.0000;6.8165;0.0000;-778.8000;0.0000;6.8165;1.0000;0.0000;0.0000;0.0000;0.0000
615;465.37;791.6500;26777.7500;1059.1000;267.4500;1.0292;1.9875;0.0000;-791.6500;0.0000;6.8165;0.0000;-791.6500;0.0000;6.8165;1.0000;0.0000;0.0000;0.0000;0.0000
616;465.72;794.1000;27119.5500;1066.9500;272.8500;1.0364;1.9845;0.0000;-794.1000;0.0000;6.8165;0.0000;-794.1000;0.0000;6.8165;1.0000;0.0000;0.0000;0.0000;0.0000
617;466.07;788.2000;26776.0500;1062.1000;273.9000;1.0540;1.9772;0.0000;-788.2000;0.0000;6.8165;0.0000;-788.2000;0.0000;6.8165;1.0000;0.0000;0.0000;0.0000;0.0000
618;466.42;797.7000;27840.7500;1083.7000;286.0000;1.0576;1.9757;0.0000;-797.7000;0.0000;6.8165;0.0000;-797.7000;0.0000;6.8165;1.0000;0.0000;0.0000;0.0000;0.0000
619;466.77;797.1000;27976.0500;1068.3500;271.2500;0.9980;2.0009;0.0000;-797.1000;0.0000;6.8165;0.0000;-797.1000;0.0000;6.8165;1.0000;0.0000;0.0000;0.0000;0.0000
620;467.12;786.1000;28892.4000;1082.4500;296.3500;1.0544;1.9770;0.0000;-786.1000;0.0000;6.8165;0.0000;-786.1000;0.0000;6.8165;1.0000;0.0000;0.0000;0.0000;0.0000
621;467.48;799.4500;30545.6500;1084.0000;284.5500;0.9566;2.0193;0.0000;-799.4500;0.0000;6.8165;0.0000;-799.4500;0.0000;6.8165;1.0000;0.0000;0.0000;0.0000;0.0000
622;467.83;792.8500;32338.3000;1066.3500;273.5000;0.8670;2.0620;0.0000;-792.8500;0.0000;6.8165;0.0000;-792.8500;0.0000;6.8165;1.0000;0.0000;0.0000;0.0000;0.0000
623;468.18;792.2000;32243.1500;1079.1000;286.9000;0.9122;2.0399;0.0000;-792.2000;0.0000;6.8165;0.0000;-792.2000;0.0000;6.8165;1.0000;0.0000;0.0000;0.0000;0.0000
624;468.53;803.0500;32883.1000;1092.5500;289.5000;0.9024;2.0446;0.0000;-803.0500;0.0000;6.8165;0.0000;-803.0500;0.0000;6.8165;1.0000;0.0000;0.0000;0.0000;0.0000
625;468.88;795.5500;32156.6000;1072.6000;277.0500;0.8834;2.0538;0.0000;-795.5500;0.0000;6.8165;0.0000;-795.5500;0.0000;6.8165;1.0000;0.0000;0.0000;0.0000;0.0000
626;469.23;779.0500;31681.8000;1078.8000;299.7500;0.9700;2.0132;0.0000;-779.0500;0.0000;6.8165;0.0000;-779.0500;0.0000;6.8165;1.0000;0.0000;0.0000;0.0000;0.0000
627;469.58;782.9500;31726.0500;1079.1500;296.2000;0.9572;2.0190;0.0000;-782.9500;0.0000;6.8165;0.0000;-782.9500;0.0000;6.8165;1.0000;0.0000;0.0000;0.0000;0.0000
628;469.93;795.9500;31421.0500;1074.6000;278.6500;0.9099;2.0410;0.0000;-795.9500;0.0000;6.8165;0.0000;-795.9500;0.0000;6.8165;1.0000;0.0000;0.0000;0.0000;0.0000
629;470.28;793.4500;31523.7000;1088.2500;294.8000;0.9593;2.0180;0.0000;-793.4500;0.0000;6.8165;0.0000;-793.4500;0.0000;6.8165;1.0000;0.0000;0.0000;0.0000;0.0000
630;470.63;789.7500;30942.0000;1097.2000;307.4500;1.0197;1.9915;0.0000;-789.7500;0.0000;6.8165;0.0000;-789.7500;0.0000;6.8165;1.0000;0.0000;0.0000;0.0000;0.0000
631;470.98;787.4000;30489.5500;1089.4500;302.0500;1.0169;1.9927;0.0000;-787.4000;0.0000;6.8165;0.0000;-787.4000;0.0000;6.8165;1.0000;0.0000;0.0000;0.0000;0.0000
632;471.33;778.6000;29661.6500;1090.6000;312.0000;1.0802;1.9665;0.0000;-778.6000;0.0000;6.8165;0.0000;-778.6000;0.0000;6.8165;1.0000;0.0000;0.0000;0.0000;0.0000
633;471.68;790.8500;30480.8500;1094.1000;303.2500;1.0214;1.9908;0.0000;-790.8500;0.0000;6.8165;0.0000;-790.8500;0.0000;6.8165;1.0000;0.0000;0.0000;0.0000;0.0000
634;472.03;790.5000;29791.6500;1100.6500;310.1500;1.0694;1.9708;0.0000;-790.5000;0.0000;6.8165;0.0000;-790.5000;0.0000;6.8165;1.0000;0.0000;0.0000;0.0000;0.0000
635;472.38;783.9000;29183.0500;1083.4500;299.5500;1.0548;1.9768;0.0000;-783.9000;0.0000;6.8165;0.0000;-783.9000;0.0000;6.8165;1.0000;0.0000;0.0000;0.0000;0.0000
636;472.73;794.1000;30688.5500;1085.7000;291.6000;0.9754;2.0108;0.0000;-794.1000;0.0000;6.8165;0.0000;-794.1000;0.0000;6.8165;1.0000;0.0000;0.0000;0.0000;0.0000
637;473.08;779.1500;32447.4000;1099.2500;320.1000;1.0108;1.9953;0.0000;-779.1500;0.0000;6.8165;0.0000;-779.1500;0.0000;6.8165;1.0000;0.0000;0.0000;0.0000;0.0000
638;473.43;775.9000;34478.4500;1067.2500;291.3500;0.8645;2.0632;0.0000;-775.9000;0.0000;6.8165;0.0000;-775.9000;0.0000;6.8165;1.0000;0.0000;0.0000;0.0000;0.0000
639;473.78;784.4500;36124.2000;1103.4000;318.9500;0.9025;2.0445;0.0000;-784.4500;0.0000;6.8165;0.0000;-784.4500;0.0000;6.8165;1.0000;0.0000;0.0000;0.0000;0.0000
640;474.13;787.9500;34967.4500;1120.0500;332.1000;0.9716;2.0125;0.0000;-787.9500;0.0000;6.8165;0.0000;-787.9500;0.0000;6.8165;1.0000;0.0000;0.0000;0.0000;0.0000
641;474.48;786.6000;33444.9500;1107.7500;321.1500;0.9834;2.0073;0.0000;-786.6000;0.0000;6.8165;0.0000;-786.6000;0.0000;6.8165;1.0000;0.0000;0.0000;0.0000;0.0000
642;474.83;766.5000;30618.3000;1097.0000;330.5000;1.1071;1.9558;0.0000;-766.5000;0.0000;6.8165;0.0000;-766.5000;0.0000;6.8165;1.0000;0.0000;0.0000;0.0000;0.0000
643;475.18;770.0500;30473.3500;1104.6500;334.6000;1.1265;1.9483;0.0000;-770.0500;0.0000;6.8165;0.0000;-770.0500;0.0000;6.8165;1.0000;0.0000;0.0000;0.0000;0.0000
644;475.52;782.4500;30063.5500;1108.2000;325.7500;1.1125;1.9537;0.0000;-782.4500;0.0000;6.8165;0.0000;-782.4500;0.0000;6.8165;1.0000;0.0000;0.0000;0.0000;0.0000
645;475.87;772.2000;29931.9000;1127.0000;354.8000;1.2167;1.9148;0.0000;-772.2000;0.0000;6.8165;0.0000;-772.2000;0.0000;6.8165;1.0000;0.0000;0.0000;0.0000;0.0000
646;476.22;795.6000;29511.7000;1129.0500;333.4500;1.1612;1.9351;0.0000;-795.6000;0.0000;6.8165;0.0000;-795.6000;0.0000;6.8165;1.0000;0.0000;0.0000;0.0000;0.0000
647;476.57;791.4000;29487.4000;1130.5000;339.1000;1.1817;1.9275;0.0000;-791.4000;0.0000;6.8165;0.0000;-791.4000;0.0000;6.8165;1.0000;0.0000;0.0000;0.0000;0.0000
648;476.92;780.0000;29133.9500;1124.7000;344.7000;1.2157;1.9152;0.0000;-780.0000;0.0000;6.8165;0.0000;-780.0000;0.0000;6.8165;1.0000;0.0000;0.0000;0.0000;0.0000
649;477.27;783.5500;29379.4000;1144.6500;361.1000;1.2628;1.8987;0.0000;-783.5500;0.0000;6.8165;0.0000;-783.5500;0.0000;6.8165;1.0000;0.0000;0.0000;0.0000;0.0000
650;477.62;785.0500;30183.4500;1134.3000;349.2500;1.1880;1.9252;0.0000;-785.0500;0.0000;6.8165;0.0000;-785.0500;0.0000;6.8165;1.0000;0.0000;0.0000;0.0000;0.0000
651;477.96;779.7000;29734.9500;1139.5000;359.8000;1.2426;1.9057;0.0000;-779.7000;0.0000;6.8165;0.0000;-779.7000;0.0000;6.8165;1.0000;0.0000;0.0000;0.0000;0.0000
652;478.31;801.7000;29857.8500;1137.3500;335.6500;1.1552;1.9374;0.0000;-801.7000;0.0000;6.8165;0.0000;-801.7000;0.0000;6.8165;1.0000;0.0000;0.0000;0.0000;0.0000
653;478.66;797.0500;30401.7500;1174.5000;377.4500;1.2750;1.8945;0.0000;-797.0500;0.0000;6.8165;0.0000;-797.0500;0.0000;6.8165;1.0000;0.0000;0.0000;0.0000;0.0000
654;479.01;789.0000;31016.6000;1161.9000;372.9000;1.2336;1.9088;0.0000;-789.0000;0.0000;6.8165;0.0000;-789.0000;0.0000;6.8165;1.0000;0.0000;0.0000;0.0000;0.0000
655;479.36;794.0000;31101.1500;1177.0500;383.0500;1.2639;1.8983;0.0000;-794.0000;0.0000;6.8165;0.0000;-794.0000;0.0000;6.8165;1.0000;0.0000;0.0000;0.0000;0.0000
656;479.70;786.1500;31706.7500;1206.1500;420.0000;1.3583;1.8670;0.0000;-786.1500;0.0000;6.8165;0.0000;-786.1500;0.0000;6.8165;1.0000;0.0000;0.0000;0.0000;0.0000
657;480.05;791.5000;32186.1500;1226.8500;435.3500;1.3867;1.8580;0.0000;-791.5000;0.0000;6.8165;0.0000;-791.5000;0.0000;6.8165;1.0000;0.0000;0.0000;0.0000;0.0000
658;480.40;791.6000;33439.0500;1251.1000;459.5000;1.4075;1.8516;0.0000;-791.6000;0.0000;6.8165;0.0000;-791.6000;0.0000;6.8165;1.0000;0.0000;0.0000;0.0000;0.0000
659;480.75;801.4500;34262.8500;1267.3500;465.9000;1.3924;1.8563;0.0000;-801.4500;0.0000;6.8165;0.0000;-801.4500;0.0000;6.8165;1.0000;0.0000;0.0000;0.0000;0.0000
660;481.09;791.9000;35173.0500;1310.0000;518.1000;1.5069;1.8219;0.0000;-791.9000;0.0000;6.8165;0.0000;-791.9000;0.0000;6.8165;1.0000;0.0000;0.0000;0.0000;0.0000
661;481.44;792.6500;35913.1500;1368.6500;576.0000;1.6401;1.7851;0.0000;-792.6500;0.0000;6.8165;0.0000;-792.6500;0.0000;6.8165;1.0000;0.0000;0.0000;0.0000;0.0000
662;481.79;791.1000;36543.0000;1416.0000;624.9000;1.7479;1.7575;0.0000;-791.1000;0.0000;6.8165;0.0000;-791.1000;0.0000;6.8165;1.0000;0.0000;0.0000;0.0000;0.0000
663;482.14;784.4000;36803.6000;1488.4000;704.0000;1.9545;1.7090;0.0000;-784.4000;0.0000;6.8165;0.0000;-784.4000;0.0000;6.8165;1.0000;0.0000;0.0000;0.0000;0.0000
664;482.48;792.1500;37258.7500;1580.3500;788.2000;2.1614;1.6653;0.0000;-792.1500;0.0000;6.8165;0.0000;-792.1500;0.0000;6.8165;1.0000;0.0000;0.0000;0.0000;0.0000
665;482.83;791.7500;37420.0000;1678.1000;886.3500;2.4199;1.6162;0.0000;-791.7500;0.0000;6.8165;0.0000;-791.7500;0.0000;6.8165;1.0000;0.0000;0.0000;0.0000;0.0000
666;483.18;781.0500;37096.5000;1761.4500;980.4000;2.6997;1.5687;0.0000;-781.0500;0.0000;6.8165;0.0000;-781.0500;0.0000;6.8165;1.0000;0.0000;0.0000;0.0000;0.0000
667;483.52;772.7000;37537.7000;1917.1500;1144.4500;3.1129;1.5068;0.0000;-772.7000;0.0000;6.8165;0.0000;-772.7000;0.0000;6.8165;1.0000;0.0000;0.0000;0.0000;0.0000
668;483.87;777.6500;37613.2500;2066.0500;1288.4000;3.4977;1.4562;0.0000;-777.6500;0.0000;6.8165;0.0000;-777.6500;0.0000;6.8165;1.0000;0.0000;0.0000;0.0000;0.0000
669;484.22;789.6000;37804.6000;2199.9000;1410.3000;3.8101;1.4191;0.0000;-789.6000;0.0000;6.8165;0.0000;-789.6000;0.0000;6.8165;1.0000;0.0000;0.0000;0.0000;0.0000
670;484.56;781.8000;37757.2000;2438.0500;1656.2500;4.4793;1.3488;0.0000;-781.8000;0.0000;6.8165;0.0000;-781.8000;0.0000;6.8165;1.0000;0.0000;0.0000;0.0000;0.0000
671;484.91;796.7500;37651.0500;2670.0500;1873.3000;5.0830;1.2939;0.0000;-796.7500;0.0000;6.8165;0.0000;-796.7500;0.0000;6.8165;1.0000;0.0000;0.0000;0.0000;0.0000
672;485.26;784.1000;37264.8000;2915.2000;2131.1000;5.8417;1.2335;0.0000;-784.1000;0.0000;6.8165;0.0000;-784.1000;0.0000;6.8165;1.0000;0.0000;0.0000;0.0000;0.0000
673;485.60;782.6000;37084.5500;3168.9000;2386.3000;6.5735;1.1822;0.0000;-782.6000;0.0000;6.8165;0.0000;-782.6000;0.0000;6.8165;1.0000;0.0000;0.0000;0.0000;0.0000
674;485.95;787.7000;37186.5500;3514.0500;2726.3500;7.4902;1.1255;0.0000;-787.7000;0.0000;6.8165;0.0000;-787.7000;0.0000;6.8165;1.0000;0.0000;0.0000;0.0000;0.0000
675;486.30;789.6500;36729.9500;3831.4000;3041.7500;8.4633;1.0725;0.0000;-789.6500;0.0000;6.8165;0.0000;-789.6500;0.0000;6.8165;1.0000;0.0000;0.0000;0.0000;0.0000
676;486.64;790.3000;36789.4000;4232.0500;3441.7500;9.5607;1.0195;0.0000;-790.3000;0.0000;6.8165;0.0000;-790.3000;0.0000;6.8165;1.0000;0.0000;0.0000;0.0000;0.0000
677;486.99;811.1000;36843.2000;4662.2000;3851.1000;10.6880;0.9711;0.0000;-811.1000;0.0000;6.8165;0.0000;-811.1000;0.0000;6.8165;1.0000;0.0000;0.0000;0.0000;0.0000
678;487.33;788.3500;37081.7500;5173.4500;4385.1000;12.0824;0.9178;0.0000;-788.3500;0.0000;6.8165;0.0000;-788.3500;0.0000;6.8165;1.0000;0.0000;0.0000;0.0000;0.0000
679;487.68;769.1500;36927.9500;5689.3000;4920.1500;13.6071;0.8662;0.0000;-769.1500;0.0000;6.8165;0.0000;-769.1500;0.0000;6.8165;1.0000;0.0000;0.0000;0.0000;0.0000
680;488.02;802.3500;37470.5000;6322.6500;5520.3000;15.0548;0.8223;0.0000;-802.3500;0.0000;6.8165;0.0000;-802.3500;0.0000;6.8165;1.0000;0.0000;0.0000;0.0000;0.0000
681;488.37;799.1000;37346.0000;6892.4500;6093.3500;16.6727;0.7780;0.0000;-799.1000;0.0000;6.8165;0.0000;-799.1000;0.0000;6.8165;1.0000;0.0000;0.0000;0.0000;0.0000
682;488.72;799.8500;37496.9000;7577.4500;6777.6000;18.4691;0.7336;0.0000;-799.8500;0.0000;6.8165;0.0000;-799.8500;0.0000;6.8165;1.0000;0.0000;0.0000;0.0000;0.0000
683;489.06;783.1000;37778.6500;8309.3000;7526.2000;20.3435;0.6916;0.0000;-783.1000;0.0000;6.8165;0.0000;-783.1000;0.0000;6.8165;1.0000;0.0000;0.0000;0.0000;0.0000
684;489.41;790.8000;38000.7500;9101.4000;8310.6000;22.3343;0.6510;0.0000;-790.8000;0.0000;6.8165;0.0000;-790.8000;0.0000;6.8165;1.0000;0.0000;0.0000;0.0000;0.0000
685;489.75;791.4500;38177.8500;9853.0000;9061.5500;24.2376;0.6155;0.0000;-791.4500;0.0000;6.8165;0.0000;-791.4500;0.0000;6.8165;1.0000;0.0000;0.0000;0.0000;0.0000
686;490.10;789.9000;38265.7000;10729.8500;9939.9500;26.5236;0.5764;0.0000;-789.9000;0.0000;6.8165;0.0000;-789.9000;0.0000;6.8165;1.0000;0.0000;0.0000;0.0000;0.0000
687;490.44;806.5500;38278.9500;11516.4000;10709.8500;28.5806;0.5439;0.0000;-806.5500;0.0000;6.8165;0.0000;-806.5500;0.0000;6.8165;1.0000;0.0000;0.0000;0.0000;0.0000
688;490.79;806.8000;39175.2500;12579.5000;11772.7000;30.6833;0.5131;0.0000;-806.8000;0.0000;6.8165;0.0000;-806.8000;0.0000;6.8165;1.0000;0.0000;0.0000;0.0000;0.0000
689;491.13;805.7500;39225.1000;13458.3000;12652.5500;32.9328;0.4824;0.0000;-805.7500;0.0000;6.8165;0.0000;-805.7500;0.0000;6.8165;1.0000;0.0000;0.0000;0.0000;0.0000
690;491.48;785.3500;39950.5000;14628.5500;13843.2000;35.3457;0.4517;0.0000;-785.3500;0.0000;6.8165;0.0000;-785.3500;0.0000;6.8165;1.0000;0.0000;0.0000;0.0000;0.0000
691;491.82;792.9000;41544.8000;16244.4500;15451.5500;37.9161;0.4212;0.0000;-792.9000;0.0000;6.8165;0.0000;-792.9000;0.0000;6.8165;1.0000;0.0000;0.0000;0.0000;0.0000
692;492.16;784.6500;42912.6500;17675.5500;16890.9000;40.0942;0.3969;0.0000;-784.6500;0.0000;6.8165;0.0000;-784.6500;0.0000;6.8165;1.0000;0.0000;0.0000;0.0000;0.0000
693;492.51;799.8000;43509.8000;19008.2500;18208.4500;42.6328;0.3703;0.0000;-799.8000;0.0000;6.8165;0.0000;-799.8000;0.0000;6.8165;1.0000;0.0000;0.0000;0.0000;0.0000
694;492.85;794.0500;43528.6000;19948.8500;19154.8000;44.8227;0.3485;0.0000;-794.0500;0.0000;6.8165;0.0000;-794.0500;0.0000;6.8165;1.0000;0.0000;0.0000;0.0000;0.0000
695;493.20;793.4000;43007.0500;20591.7500;19798.3500;46.9004;0.3288;0.0000;-793.4000;0.0000;6.8165;0.0000;-793.4000;0.0000;6.8165;1.0000;0.0000;0.0000;0.0000;0.0000
696;493.54;776.8000;43151.6000;21551.0000;20774.2000;49.0249;0.3096;0.0000;-776.8000;0.0000;6.8165;0.0000;-776.8000;0.0000;6.8165;1.0000;0.0000;0.0000;0.0000;0.0000
697;493.89;780.4000;42369.9500;22058.5000;21278.1000;51.1621;0.2911;0.0000;-780.4000;0.0000;6.8165;0.0000;-780.4000;0.0000;6.8165;1.0000;0.0000;0.0000;0.0000;0.0000
698;494.23;796.6500;42149.6500;22969.5500;22172.9000;53.6186;0.2707;0.0000;-796.6500;0.0000;6.8165;0.0000;-796.6500;0.0000;6.8165;1.0000;0.0000;0.0000;0.0000;0.0000
699;494.57;793.5500;41504.0500;23273.2500;22479.7000;55.2184;0.2579;0.0000;-793.5500;0.0000;6.8165;0.0000;-793.5500;0.0000;6.8165;1.0000;0.0000;0.0000;0.0000;0.0000
700;494.92;795.8000;41394.9500;23942.1000;23146.3000;57.0118;0.2440;0.0000;-795.8000;0.0000;6.8165;0.0000;-795.8000;0.0000;6.8165;1.0000;0.0000;0.0000;0.0000;0.0000
701;495.26;802.6000;41418.8000;24404.5000;23601.9000;58.1096;0.2358;0.0000;-802.6000;0.0000;6.8165;0.0000;-802.6000;0.0000;6.8165;1.0000;0.0000;0.0000;0.0000;0.0000
702;495.60;789.2000;41181.6500;24994.0000;24204.8000;59.9241;0.2224;0.0000;-789.2000;0.0000;6.8165;0.0000;-789.2000;0.0000;6.8165;1.0000;0.0000;0.0000;0.0000;0.0000
703;495.95;779.1000;40697.0500;25739.4500;24960.3500;62.5291;0.2039;0.0000;-779.1000;0.0000;6.8165;0.0000;-779.1000;0.0000;6.8165;1.0000;0.0000;0.0000;0.0000;0.0000
704;496.29;799.6000;40953.3500;26546.1000;25746.5000;64.1198;0.1930;0.0000;-799.6000;0.0000;6.8165;0.0000;-799.6000;0.0000;6.8165;1.0000;0.0000;0.0000;0.0000;0.0000
705;496.63;796.4000;40743.0500;27167.8500;26371.4500;66.0167;0.1803;0.0000;-796.4000;0.0000;6.8165;0.0000;-796.4000;0.0000;6.8165;1.0000;0.0000;0.0000;0.0000;0.0000
706;496.98;803.4000;40455.4000;27401.8500;26598.4500;67.0797;0.1734;0.0000;-803.4000;0.0000;6.8165;0.0000;-803.4000;0.0000;6.8165;1.0000;0.0000;0.0000;0.0000;0.0000
707;497.32;787.5500;40450.8500;28338.8000;27551.2500;69.4628;0.1582;0.0000;-787.5500;0.0000;6.8165;0.0000;-787.5500;0.0000;6.8165;1.0000;0.0000;0.0000;0.0000;0.0000
708;497.66;769.3500;40280.1500;28800.1500;28030.8000;70.9447;0.1491;0.0000;-769.3500;0.0000;6.8165;0.0000;-769.3500;0.0000;6.8165;1.0000;0.0000;0.0000;0.0000;0.0000
709;498.01;784.2500;40260.2000;29155.2000;28370.9500;71.8689;0.1435;0.0000;-784.2500;0.0000;6.8165;0.0000;-784.2500;0.0000;6.8165;1.0000;0.0000;0.0000;0.0000;0.0000
710;498.35;788.6500;40123.7500;29900.3500;29111.7000;74.0095;0.1307;0.0000;-788.6500;0.0000;6.8165;0.0000;-788.6500;0.0000;6.8165;1.0000;0.0000;0.0000;0.0000;0.0000
711;498.69;796.0000;40221.6500;30351.6000;29555.6000;74.9654;0.1251;0.0000;-796.0000;0.0000;6.8165;0.0000;-796.0000;0.0000;6.8165;1.0000;0.0000;0.0000;0.0000;0.0000
712;499.03;789.9500;40032.7500;30788.3500;29998.4000;76.4431;0.1167;0.0000;-789.9500;0.0000;6.8165;0.0000;-789.9500;0.0000;6.8165;1.0000;0.0000;0.0000;0.0000;0.0000
713;499.38;788.2500;40015.0500;31126.3500;30338.1000;77.3402;0.1116;0.0000;-788.2500;0.0000;6.8165;0.0000;-788.2500;0.0000;6.8165;1.0000;0.0000;0.0000;0.0000;0.0000
714;499.72;794.2500;40041.3000;31654.0000;30859.7500;78.6295;0.1044;0.0000;-794.2500;0.0000;6.8165;0.0000;-794.2500;0.0000;6.8165;1.0000;0.0000;0.0000;0.0000;0.0000
715;500.06;784.0000;40323.5000;32179.4000;31395.4000;79.4026;0.1002;0.0000;-784.0000;0.0000;6.8165;0.0000;-784.0000;0.0000;6.8165;1.0000;0.0000;0.0000;0.0000;0.0000
716;500.40;785.2500;40294.7000;32562.4500;31777.2000;80.4294;0.0946;0.0000;-785.2500;0.0000;6.8165;0.0000;-785.2500;0.0000;6.8165;1.0000;0.0000;0.0000;0.0000;0.0000
717;500.75;797.1500;40480.8000;33142.9000;32345.7500;81.5090;0.0888;0.0000;-797.1500;0.0000;6.8165;0.0000;-797.1500;0.0000;6.8165;1.0000;0.0000;0.0000;0.0000;0.0000
718;501.09;790.4500;40227.4500;33422.8500;32632.4000;82.7456;0.0823;0.0000;-790.4500;0.0000;6.8165;0.0000;-790.4500;0.0000;6.8165;1.0000;0.0000;0.0000;0.0000;0.0000
719;501.43;786.4500;40154.9000;33836.8000;33050.3500;83.9514;0.0760;0.0000;-786.4500;0.0000;6.8165;0.0000;-786.4500;0.0000;6.8165;1.0000;0.0000;0.0000;0.0000;0.0000
720;501.77;792.2000;40672.7500;34162.1000;33369.9000;83.6746;0.0774;0.0000;-792.2000;0.0000;6.8165;0.0000;-792.2000;0.0000;6.8165;1.0000;0.0000;0.0000;0.0000;0.0000
721;502.11;782.8500;41202.5000;34740.7500;33957.9000;84.0133;0.0757;0.0000;-782.8500;0.0000;6.8165;0.0000;-782.8500;0.0000;6.8165;1.0000;0.0000;0.0000;0.0000;0.0000
722;502.46;777.4500;40417.5000;35029.8000;34252.3500;86.4084;0.0634;0.0000;-777.4500;0.0000;6.8165;0.0000;-777.4500;0.0000;6.8165;1.0000;0.0000;0.0000;0.0000;0.0000
723;502.80;778.4500;40650.8000;35353.1000;34574.6500;86.7133;0.0619;0.0000;-778.4500;0.0000;6.8165;0.0000;-778.4500;0.0000;6.8165;1.0000;0.0000;0.0000;0.0000;0.0000
724;503.14;791.4500;40688.0500;35866.4500;35075.0000;87.9148;0.0559;0.0000;-791.4500;0.0000;6.8165;0.0000;-791.4500;0.0000;6.8165;1.0000;0.0000;0.0000;0.0000;0.0000
725;503.48;787.9000;41074.4000;36249.8000;35461.9000;88.0243;0.0554;0.0000;-787.9000;0.0000;6.8165;0.0000;-787.9000;0.0000;6.8165;1.0000;0.0000;0.0000;0.0000;0.0000
726;503.82;786.3500;41260.8000;36522.6000;35736.2500;88.2934;0.0541;0.0000;-786.3500;0.0000;6.8165;0.0000;-786.3500;0.0000;6.8165;1.0000;0.0000;0.0000;0.0000;0.0000
727;504.16;789.7000;40991.5500;36624.3000;35834.6000;89.1367;0.0499;0.0000;-789.7000;0.0000;6.8165;0.0000;-789.7000;0.0000;6.8165;1.0000;0.0000;0.0000;0.0000;0.0000
728;504.50;800.5500;40879.5000;36696.9000;35896.3500;89.5641;0.0479;0.0000;-800.5500;0.0000;6.8165;0.0000;-800.5500;0.0000;6.8165;1.0000;0.0000;0.0000;0.0000;0.0000
729;504.84;778.4500;41301.1500;36853.0500;36074.6000;89.0232;0.0505;0.0000;-778.4500;0.0000;6.8165;0.0000;-778.4500;0.0000;6.8165;1.0000;0.0000;0.0000;0.0000;0.0000
730;505.19;798.1000;41428.8000;37113.4500;36315.3500;89.3791;0.0488;0.0000;-798.1000;0.0000;6.8165;0.0000;-798.1000;0.0000;6.8165;1.0000;0.0000;0.0000;0.0000;0.0000
731;505.53;797.1500;41260.4500;37388.9000;36591.7500;90.4319;0.0437;0.0000;-797.1500;0.0000;6.8165;0.0000;-797.1500;0.0000;6.8165;1.0000;0.0000;0.0000;0.0000;0.0000
732;505.87;795.9500;40879.0500;37584.3500;36788.4000;91.7803;0.0373;0.0000;-795.9500;0.0000;6.8165;0.0000;-795.9500;0.0000;6.8165;1.0000;0.0000;0.0000;0.0000;0.0000
733;506.21;780.6000;41144.4500;37751.6000;36971.0000;91.5943;0.0381;0.0000;-780.6000;0.0000;6.8165;0.0000;-780.6000;0.0000;6.8165;1.0000;0.0000;0.0000;0.0000;0.0000
734;506.55;785.3000;41319.8500;37682.0500;36896.7500;91.0254;0.0408;0.0000;-785.3000;0.0000;6.8165;0.0000;-785.3000;0.0000;6.8165;1.0000;0.0000;0.0000;0.0000;0.0000
735;506.89;797.8000;41162.1000;38027.7500;37229.9500;92.2348;0.0351;0.0000;-797.8000;0.0000;6.8165;0.0000;-797.8000;0.0000;6.8165;1.0000;0.0000;0.0000;0.0000;0.0000
736;507.23;793.9000;41159.2500;38238.6000;37444.7000;92.7645;0.0326;0.0000;-793.9000;0.0000;6.8165;0.0000;-793.9000;0.0000;6.8165;1.0000;0.0000;0.0000;0.0000;0.0000
737;507.57;793.4500;41226.0500;38268.8500;37475.4000;92.6861;0.0330;0.0000;-793.4500;0.0000;6.8165;0.0000;-793.4500;0.0000;6.8165;1.0000;0.0000;0.0000;0.0000;0.0000
738;507.91;792.5500;41792.0000;38374.4500;37581.9000;91.6644;0.0378;0.0000;-792.5500;0.0000;6.8165;0.0000;-792.5500;0.0000;6.8165;1.0000;0.0000;0.0000;0.0000;0.0000
739;508.25;794.1500;41894.6000;38534.4000;37740.2500;91.8244;0.0370;0.0000;-794.1500;0.0000;6.8165;0.0000;-794.1500;0.0000;6.8165;1.0000;0.0000;0.0000;0.0000;0.0000
740;508.59;801.8500;41549.2500;38722.8500;37921.0000;93.0636;0.0312;0.0000;-801.8500;0.0000;6.8165;0.0000;-801.8500;0.0000;6.8165;1.0000;0.0000;0.0000;0.0000;0.0000
741;508.93;797.1000;41724.7000;38898.8000;38101.7000;93.0954;0.0311;0.0000;-797.1000;0.0000;6.8165;0.0000;-797.1000;0.0000;6.8165;1.0000;0.0000;0.0000;0.0000;0.0000
742;509.27;800.0500;41872.3000;39028.3500;38228.3000;93.0757;0.0312;0.0000;-800.0500;0.0000;6.8165;0.0000;-800.0500;0.0000;6.8165;1.0000;0.0000;0.0000;0.0000;0.0000
743;509.61;792.3500;42043.9500;39085.1500;38292.8000;92.8274;0.0323;0.0000;-792.3500;0.0000;6.8165;0.0000;-792.3500;0.0000;6.8165;1.0000;0.0000;0.0000;0.0000;0.0000
744;509.95;790.9500;42342.9500;39277.2000;38486.2500;92.6219;0.0333;0.0000;-790.9500;0.0000;6.8165;0.0000;-790.9500;0.0000;6.8165;1.0000;0.0000;0.0000;0.0000;0.0000
745;510.29;800.2000;42087.4500;39498.2500;38698.0500;93.7288;0.0281;0.0000;-800.2000;0.0000;6.8165;0.0000;-800.2000;0.0000;6.8165;1.0000;0.0000;0.0000;0.0000;0.0000
746;510.63;797.1500;42136.2000;39648.9500;38851.8000;93.9833;0.0269;0.0000;-797.1500;0.0000;6.8165;0.0000;-797.1500;0.0000;6.8165;1.0000;0.0000;0.0000;0.0000;0.0000
747;510.97;783.7500;42238.8000;39798.1000;39014.3500;94.1124;0.0264;0.0000;-783.7500;0.0000;6.8165;0.0000;-783.7500;0.0000;6.8165;1.0000;0.0000;0.0000;0.0000;0.0000
748;511.31;785.8500;42408.7000;40315.3500;39529.5000;94.9707;0.0224;0.0000;-785.8500;0.0000;6.8165;0.0000;-785.8500;0.0000;6.8165;1.0000;0.0000;0.0000;0.0000;0.0000
749;511.65;800.3500;42797.8500;40461.9500;39661.6000;94.4380;0.0249;0.0000;-800.3500;0.0000;6.8165;0.0000;-800.3500;0.0000;6.8165;1.0000;0.0000;0.0000;0.0000;0.0000
750;511.98;789.1500;42775.4500;40760.2500;39971.1000;95.2003;0.0214;0.0000;-789.1500;0.0000;6.8165;0.0000;-789.1500;0.0000;6.8165;1.0000;0.0000;0.0000;0.0000;0.0000
751;512.32;784.8500;42722.2500;40722.1500;39937.3000;95.2307;0.0212;0.0000;-784.8500;0.0000;6.8165;0.0000;-784.8500;0.0000;6.8165;1.0000;0.0000;0.0000;0.0000;0.0000
752;512.66;782.5000;42799.2000;40922.1000;40139.6000;95.5325;0.0198;0.0000;-782.5000;0.0000;6.8165;0.0000;-782.5000;0.0000;6.8165;1.0000;0.0000;0.0000;0.0000;0.0000
753;513.00;804.2000;42959.9000;41017.3500;40213.1500;95.3920;0.0205;0.0000;-804.2000;0.0000;6.8165;0.0000;-804.2000;0.0000;6.8165;1.0000;0.0000;0.0000;0.0000;0.0000
754;513.34;796.5000;43067.2500;41230.4500;40433.9500;95.6547;0.0193;0.0000;-796.5000;0.0000;6.8165;0.0000;-796.5000;0.0000;6.8165;1.0000;0.0000;0.0000;0.0000;0.0000
755;513.68;781.6000;43307.1500;41391.0000;40609.4000;95.4941;0.0200;0.0000;-781.6000;0.0000;6.8165;0.0000;-781.6000;0.0000;6.8165;1.0000;0.0000;0.0000;0.0000;0.0000
756;514.02;777.8500;44057.3500;41608.5500;40830.7000;94.3419;0.0253;0.0000;-777.8500;0.0000;6.8165;0.0000;-777.8500;0.0000;6.8165;1.0000;0.0000;0.0000;0.0000;0.0000
757;514.36;781.4000;43919.6500;41923.0000;41141.6000;95.3715;0.0206;0.0000;-781.4000;0.0000;6.8165;0.0000;-781.4000;0.0000;6.8165;1.0000;0.0000;0.0000;0.0000;0.0000
758;514.69;786.5500;43819.0500;41874.4500;41087.9000;95.4811;0.0201;0.0000;-786.5500;0.0000;6.8165;0.0000;-786.5500;0.0000;6.8165;1.0000;0.0000;0.0000;0.0000;0.0000
759;515.03;781.8000;44240.8500;41999.9000;41218.1000;94.8435;0.0230;0.0000;-781.8000;0.0000;6.8165;0.0000;-781.8000;0.0000;6.8165;1.0000;0.0000;0.0000;0.0000;0.0000
760;515.37;795.8500;44196.4000;41956.6000;41160.7500;94.8392;0.0230;0.0000;-795.8500;0.0000;6.8165;0.0000;-795.8500;0.0000;6.8165;1.0000;0.0000;0.0000;0.0000;0.0000
761;515.71;788.1500;44117.0500;42202.9000;41414.7500;95.5823;0.0196;0.0000;-788.1500;0.0000;6.8165;0.0000;-788.1500;0.0000;6.8165;1.0000;0.0000;0.0000;0.0000;0.0000
762;516.05;797.4500;44065.5000;42079.9000;41282.4500;95.4109;0.0204;0.0000;-797.4500;0.0000;6.8165;0.0000;-797.4500;0.0000;6.8165;1.0000;0.0000;0.0000;0.0000;0.0000
763;516.38;795.8500;44232.8000;42273.3500;41477.5000;95.4890;0.0200;0.0000;-795.8500;0.0000;6.8165;0.0000;-795.8500;0.0000;6.8165;1.0000;0.0000;0.0000;0.0000;0.0000
764;516.72;798.5500;44668.2500;42736.0000;41937.4500;95.5955;0.0196;0.0000;-798.5500;0.0000;6.8165;0.0000;-798.5500;0.0000;6.8165;1.0000;0.0000;0.0000;0.0000;0.0000
765;517.06;798.9000;44487.3000;42816.5500;42017.6500;96.1758;0.0169;0.0000;-798.9000;0.0000;6.8165;0.0000;-798.9000;0.0000;6.8165;1.0000;0.0000;0.0000;0.0000;0.0000
766;517.40;794.1500;44553.1500;42944.8000;42150.6500;96.3245;0.0163;0.0000;-794.1500;0.0000;6.8165;0.0000;-794.1500;0.0000;6.8165;1.0000;0.0000;0.0000;0.0000;0.0000
767;517.73;789.4500;44704.6500;43192.3000;42402.8500;96.5562;0.0152;0.0000;-789.4500;0.0000;6.8165;0.0000;-789.4500;0.0000;6.8165;1.0000;0.0000;0.0000;0.0000;0.0000
768;518.07;766.8000;45014.0000;43276.5500;42509.7500;96.0733;0.0174;0.0000;-766.8000;0.0000;6.8165;0.0000;-766.8000;0.0000;6.8165;1.0000;0.0000;0.0000;0.0000;0.0000
769;518.41;787.5000;45795.0000;43264.0500;42476.5500;94.3766;0.0251;0.0000;-787.5000;0.0000;6.8165;0.0000;-787.5000;0.0000;6.8165;1.0000;0.0000;0.0000;0.0000;0.0000
770;518.75;790.8000;45548.6500;43244.7000;42453.9000;94.8524;0.0230;0.0000;-790.8000;0.0000;6.8165;0.0000;-790.8000;0.0000;6.8165;1.0000;0.0000;0.0000;0.0000;0.0000
771;519.08;800.1000;45354.1500;43610.3000;42810.2000;96.0860;0.0173;0.0000;-800.1000;0.0000;6.8165;0.0000;-800.1000;0.0000;6.8165;1.0000;0.0000;0.0000;0.0000;0.0000
772;519.42;802.0000;45166.3000;43567.9500;42765.9500;96.3972;0.0159;0.0000;-802.0000;0.0000;6.8165;0.0000;-802.0000;0.0000;6.8165;1.0000;0.0000;0.0000;0.0000;0.0000
773;519.76;795.4500;45309.0000;43522.4000;42726.9500;95.9864;0.0178;0.0000;-795.4500;0.0000;6.8165;0.0000;-795.4500;0.0000;6.8165;1.0000;0.0000;0.0000;0.0000;0.0000
774;520.09;795.7500;45918.5500;43592.5500;42796.8000;94.8452;0.0230;0.0000;-795.7500;0.0000;6.8165;0.0000;-795.7500;0.0000;6.8165;1.0000;0.0000;0.0000;0.0000;0.0000
775;520.43;789.7500;45882.7000;43549.9500;42760.2000;94.8268;0.0231;0.0000;-789.7500;0.0000;6.8165;0.0000;-789.7500;0.0000;6.8165;1.0000;0.0000;0.0000;0.0000;0.0000
776;520.77;800.0000;45298.4500;43806.0500;43006.0500;96.6462;0.0148;0.0000;-800.0000;0.0000;6.8165;0.0000;-800.0000;0.0000;6.8165;1.0000;0.0000;0.0000;0.0000;0.0000
777;521.10;798.7000;45274.6500;43756.9500;42958.2500;96.5876;0.0151;0.0000;-798.7000;0.0000;6.8165;0.0000;-798.7000;0.0000;6.8165;1.0000;0.0000;0.0000;0.0000;0.0000
778;521.44;792.4000;45261.6500;44034.7000;43242.3000;97.2409;0.0122;0.0000;-792.4000;0.0000;6.8165;0.0000;-792.4000;0.0000;6.8165;1.0000;0.0000;0.0000;0.0000;0.0000
779;521.78;797.0500;46065.7500;44233.0000;43435.9500;95.9514;0.0179;0.0000;-797.0500;0.0000;6.8165;0.0000;-797.0500;0.0000;6.8165;1.0000;0.0000;0.0000;0.0000;0.0000
780;522.11;785.3000;46254.1500;43999.1500;43213.8500;95.0406;0.0221;0.0000;-785.3000;0.0000;6.8165;0.0000;-785.3000;0.0000;6.8165;1.0000;0.0000;0.0000;0.0000;0.0000
781;522.45;794.7000;45904.4000;44206.6500;43411.9500;96.2364;0.0167;0.0000;-794.7000;0.0000;6.8165;0.0000;-794.7000;0.0000;6.8165;1.0000;0.0000;0.0000;0.0000;0.0000
782;522.78;796.0500;45425.0500;43981.3500;43185.3000;96.7651;0.0143;0.0000;-796.0500;0.0000;6.8165;0.0000;-796.0500;0.0000;6.8165;1.0000;0.0000;0.0000;0.0000;0.0000
783;523.12;794.3500;46062.3500;44058.9000;43264.5500;95.5742;0.0197;0.0000;-794.3500;0.0000;6.8165;0.0000;-794.3500;0.0000;6.8165;1.0000;0.0000;0.0000;0.0000;0.0000
784;523.46;790.9000;46251.8500;44173.1500;43382.2500;95.4275;0.0203;0.0000;-790.9000;0.0000;6.8165;0.0000;-790.9000;0.0000;6.8165;1.0000;0.0000;0.0000;0.0000;0.0000
785;523.79;805.0000;46224.9500;44140.6000;43335.6000;95.4109;0.0204;0.0000;-805.0000;0.0000;6.8165;0.0000;-805.0000;0.0000;6.8165;1.0000;0.0000;0.0000;0.0000;0.0000
786;524.13;789.0500;46160.1500;44478.6500;43689.6000;96.2939;0.0164;0.0000;-789.0500;0.0000;6.8165;0.0000;-789.0500;0.0000;6.8165;1.0000;0.0000;0.0000;0.0000;0.0000
787;524.46;781.4000;46070.8000;44660.7500;43879.3500;96.8866;0.0137;0.0000;-781.4000;0.0000;6.8165;0.0000;-781.4000;0.0000;6.8165;1.0000;0.0000;0.0000;0.0000;0.0000
788;524.80;796.5500;46605.0500;44329.5500;43533.0000;95.0326;0.0221;0.0000;-796.5500;0.0000;6.8165;0.0000;-796.5500;0.0000;6.8165;1.0000;0.0000;0.0000;0.0000;0.0000
789;525.13;798.4500;46135.0000;44071.6500;43273.2000;95.4488;0.0202;0.0000;-798.4500;0.0000;6.8165;0.0000;-798.4500;0.0000;6.8165;1.0000;0.0000;0.0000;0.0000;0.0000
790;525.47;783.0500;46030.2500;44327.8500;43544.8000;96.2376;0.0167;0.0000;-783.0500;0.0000;6.8165;0.0000;-783.0500;0.0000;6.8165;1.0000;0.0000;0.0000;0.0000;0.0000
791;525.80;790.3000;46183.0500;44416.5000;43626.2000;96.1083;0.0172;0.0000;-790.3000;0.0000;6.8165;0.0000;-790.3000;0.0000;6.8165;1.0000;0.0000;0.0000;0.0000;0.0000
792;526.14;781.8500;46467.7500;44547.7500;43765.9000;95.7974;0.0186;0.0000;-781.8500;0.0000;6.8165;0.0000;-781.8500;0.0000;6.8165;1.0000;0.0000;0.0000;0.0000;0.0000
793;526.47;800.9500;46607.1500;44943.9500;44143.0000;96.3691;0.0161;0.0000;-800.9500;0.0000;6.8165;0.0000;-800.9500;0.0000;6.8165;1.0000;0.0000;0.0000;0.0000;0.0000
794;526.81;791.0500;46468.1000;44878.2000;44087.1500;96.5193;0.0154;0.0000;-791.0500;0.0000;6.8165;0.0000;-791.0500;0.0000;6.8165;1.0000;0.0000;0.0000;0.0000;0.0000
795;527.14;801.3000;46346.5500;44864.1500;44062.8500;96.7452;0.0144;0.0000;-801.3000;0.0000;6.8165;0.0000;-801.3000;0.0000;6.8165;1.0000;0.0000;0.0000;0.0000;0.0000
796;527.48;778.4000;46526.5500;44675.6000;43897.2000;95.9540;0.0179;0.0000;-778.4000;0.0000;6.8165;0.0000;-778.4000;0.0000;6.8165;1.0000;0.0000;0.0000;0.0000;0.0000
797;527.81;796.1500;46747.5500;44857.5000;44061.3500;95.8869;0.0182;0.0000;-796.1500;0.0000;6.8165;0.0000;-796.1500;0.0000;6.8165;1.0000;0.0000;0.0000;0.0000;0.0000
798;528.15;784.3000;46554.8000;45015.8000;44231.5000;96.6376;0.0149;0.0000;-784.3000;0.0000;6.8165;0.0000;-784.3000;0.0000;6.8165;1.0000;0.0000;0.0000;0.0000;0.0000
799;528.48;789.2000;46507.1000;44952.8500;44163.6500;96.6003;0.0150;0.0000;-789.2000;0.0000;6.8165;0.0000;-789.2000;0.0000;6.8165;1.0000;0.0000;0.0000;0.0000;0.0000
800;528.82;786.7500;46850.9000;45115.6500;44328.9000;96.2330;0.0167;0.0000;-786.7500;0.0000;6.8165;0.0000;-786.7500;0.0000;6.8165;1.0000;0.0000;0.0000;0.0000;0.0000
801;529.15;799.9000;47188.8000;45555.2000;44755.3000;96.4785;0.0156;0.0000;-799.9000;0.0000;6.8165;0.0000;-799.9000;0.0000;6.8165;1.0000;0.0000;0.0000;0.0000;0.0000
802;529.49;798.5000;47535.0000;45894.0000;45095.5000;96.4888;0.0155;0.0000;-798.5000;0.0000;6.8165;0.0000;-798.5000;0.0000;6.8165;1.0000;0.0000;0.0000;0.0000;0.0000
803;529.82;794.1000;47483.8000;45986.8500;45192.7500;96.7938;0.0142;0.0000;-794.1000;0.0000;6.8165;0.0000;-794.1000;0.0000;6.8165;1.0000;0.0000;0.0000;0.0000;0.0000
804;530.15;790.5500;47138.7500;45494.5500;44704.0000;96.4525;0.0157;0.0000;-790.5500;0.0000;6.8165;0.0000;-790.5500;0.0000;6.8165;1.0000;0.0000;0.0000;0.0000;0.0000
805;530.49;803.5500;46565.7500;45267.4500;44463.9000;97.1629;0.0125;0.0000;-803.5500;0.0000;6.8165;0.0000;-803.5500;0.0000;6.8165;1.0000;0.0000;0.0000;0.0000;0.0000
806;530.82;807.1500;47339.9000;45456.3500;44649.2000;95.9522;0.0179;0.0000;-807.1500;0.0000;6.8165;0.0000;-807.1500;0.0000;6.8165;1.0000;0.0000;0.0000;0.0000;0.0000
807;531.16;799.7000;47334.7500;45538.3000;44738.6000;96.1396;0.0171;0.0000;-799.7000;0.0000;6.8165;0.0000;-799.7000;0.0000;6.8165;1.0000;0.0000;0.0000;0.0000;0.0000
808;531.49;786.9500;47373.8000;45431.0500;44644.1000;95.8298;0.0185;0.0000;-786.9500;0.0000;6.8165;0.0000;-786.9500;0.0000;6.8165;1.0000;0.0000;0.0000;0.0000;0.0000
809;531.82;787.3000;47328.9500;45351.6000;44564.3000;95.7514;0.0189;0.0000;-787.3000;0.0000;6.8165;0.0000;-787.3000;0.0000;6.8165;1.0000;0.0000;0.0000;0.0000;0.0000
810;532.16;802.5000;46600.0500;45161.3500;44358.8500;96.8586;0.0139;0.0000;-802.5000;0.0000;6.8165;0.0000;-802.5000;0.0000;6.8165;1.0000;0.0000;0.0000;0.0000;0.0000
811;532.49;782.4000;46661.6000;45247.1000;44464.7000;96.9169;0.0136;0.0000;-782.4000;0.0000;6.8165;0.0000;-782.4000;0.0000;6.8165;1.0000;0.0000;0.0000;0.0000;0.0000
812;532.82;799.0500;47138.7000;45217.3500;44418.3000;95.8538;0.0184;0.0000;-799.0500;0.0000;6.8165;0.0000;-799.0500;0.0000;6.8165;1.0000;0.0000;0.0000;0.0000;0.0000
813;533.16;805.9500;47147.3500;45081.0500;44275.1000;95.5411;0.0198;0.0000;-805.9500;0.0000;6.8165;0.0000;-805.9500;0.0000;6.8165;1.0000;0.0000;0.0000;0.0000;0.0000
814;533.49;782.1500;46677.7500;44713.8500;43931.7000;95.7209;0.0190;0.0000;-782.1500;0.0000;6.8165;0.0000;-782.1500;0.0000;6.8165;1.0000;0.0000;0.0000;0.0000;0.0000
815;533.82;781.2500;46554.5000;44875.8000;44094.5500;96.3326;0.0162;0.0000;-781.2500;0.0000;6.8165;0.0000;-781.2500;0.0000;6.8165;1.0000;0.0000;0.0000;0.0000;0.0000
816;534.15;778.9500;46555.6000;44568.2500;43789.3000;95.6586;0.0193;0.0000;-778.9500;0.0000;6.8165;0.0000;-778.9500;0.0000;6.8165;1.0000;0.0000;0.0000;0.0000;0.0000
817;534.49;787.1000;46614.8000;44201.5500;43414.4500;94.7341;0.0235;0.0000;-787.1000;0.0000;6.8165;0.0000;-787.1000;0.0000;6.8165;1.0000;0.0000;0.0000;0.0000;0.0000
818;534.82;787.2500;46651.9500;44406.2000;43618.9500;95.1035;0.0218;0.0000;-787.2500;0.0000;6.8165;0.0000;-787.2500;0.0000;6.8165;1.0000;0.0000;0.0000;0.0000;0.0000
819;535.15;796.4500;46826.5000;44611.9500;43815.5000;95.1889;0.0214;0.0000;-796.4500;0.0000;6.8165;0.0000;-796.4500;0.0000;6.8165;1.0000;0.0000;0.0000;0.0000;0.0000
820;535.48;789.8500;46727.6500;44246.5000;43456.6500;94.5989;0.0241;0.0000;-789.8500;0.0000;6.8165;0.0000;-789.8500;0.0000;6.8165;1.0000;0.0000;0.0000;0.0000;0.0000
821;535.82;788.9000;46276.5000;44085.6000;43296.7000;95.1835;0.0214;0.0000;-788.9000;0.0000;6.8165;0.0000;-788.9000;0.0000;6.8165;1.0000;0.0000;0.0000;0.0000;0.0000
822;536.15;795.2500;46205.2500;44148.6000;43353.3500;95.4709;0.0201;0.0000;-795.2500;0.0000;6.8165;0.0000;-795.2500;0.0000;6.8165;1.0000;0.0000;0.0000;0.0000;0.0000
823;536.48;787.0500;46571.0000;43978.0000;43190.9500;94.3364;0.0253;0.0000;-787.0500;0.0000;6.8165;0.0000;-787.0500;0.0000;6.8165;1.0000;0.0000;0.0000;0.0000;0.0000
824;536.81;789.4000;46693.2500;44220.6500;43431.2500;94.6135;0.0240;0.0000;-789.4000;0.0000;6.8165;0.0000;-789.4000;0.0000;6.8165;1.0000;0.0000;0.0000;0.0000;0.0000
825;537.15;796.7500;46503.3500;44090.4500;43293.7000;94.7209;0.0236;0.0000;-796.7500;0.0000;6.8165;0.0000;-796.7500;0.0000;6.8165;1.0000;0.0000;0.0000;0.0000;0.0000
826;537.48;798.8000;46714.9500;44288.6000;43489.8000;94.7157;0.0236;0.0000;-798.8000;0.0000;6.8165;0.0000;-798.8000;0.0000;6.8165;1.0000;0.0000;0.0000;0.0000;0.0000
827;537.81;791.9000;46366.3500;44263.7500;43471.8500;95.3865;0.0205;0.0000;-791.9000;0.0000;6.8165;0.0000;-791.9000;0.0000;6.8165;1.0000;0.0000;0.0000;0.0000;0.0000
828;538.14;790.3500;46135.5000;44104.6500;43314.3000;95.5214;0.0199;0.0000;-790.3500;0.0000;6.8165;0.0000;-790.3500;0.0000;6.8165;1.0000;0.0000;0.0000;0.0000;0.0000
829;538.47;795.4000;46586.6500;44281.0500;43485.6500;94.9650;0.0224;0.0000;-795.4000;0.0000;6.8165;0.0000;-795.4000;0.0000;6.8165;1.0000;0.0000;0.0000;0.0000;0.0000
830;538.80;805.2500;47075.1000;44375.4000;43570.1500;94.1653;0.0261;0.0000;-805.2500;0.0000;6.8165;0.0000;-805.2500;0.0000;6.8165;1.0000;0.0000;0.0000;0.0000;0.0000
831;539.14;803.1000;47006.7500;44474.7000;43671.6000;94.5198;0.0245;0.0000;-803.1000;0.0000;6.8165;0.0000;-803.1000;0.0000;6.8165;1.0000;0.0000;0.0000;0.0000;0.0000
832;539.47;786.0000;46730.2500;44556.9000;43770.9000;95.2696;0.0210;0.0000;-786.0000;0.0000;6.8165;0.0000;-786.0000;0.0000;6.8165;1.0000;0.0000;0.0000;0.0000;0.0000
833;539.80;802.6500;46583.8000;44521.2500;43718.6000;95.4948;0.0200;0.0000;-802.6500;0.0000;6.8165;0.0000;-802.6500;0.0000;6.8165;1.0000;0.0000;0.0000;0.0000;0.0000
834;540.13;782.8000;46886.0500;44778.1000;43995.3000;95.4278;0.0203;0.0000;-782.8000;0.0000;6.8165;0.0000;-782.8000;0.0000;6.8165;1.0000;0.0000;0.0000;0.0000;0.0000
835;540.46;796.8500;47390.1000;44657.5000;43860.6500;94.1352;0.0262;0.0000;-796.8500;0.0000;6.8165;0.0000;-796.8500;0.0000;6.8165;1.0000;0.0000;0.0000;0.0000;0.0000
836;540.79;792.8000;47629.4500;44877.8500;44085.0500;94.1251;0.0263;0.0000;-792.8000;0.0000;6.8165;0.0000;-792.8000;0.0000;6.8165;1.0000;0.0000;0.0000;0.0000;0.0000
837;541.12;782.3500;47245.0000;45034.0500;44251.7000;95.2414;0.0212;0.0000;-782.3500;0.0000;6.8165;0.0000;-782.3500;0.0000;6.8165;1.0000;0.0000;0.0000;0.0000;0.0000
838;541.45;799.3500;47411.8000;45265.7000;44466.3500;95.3959;0.0205;0.0000;-799.3500;0.0000;6.8165;0.0000;-799.3500;0.0000;6.8165;1.0000;0.0000;0.0000;0.0000;0.0000
839;541.78;782.2500;47832.0000;45210.1500;44427.9000;94.4275;0.0249;0.0000;-782.2500;0.0000;6.8165;0.0000;-782.2500;0.0000;6.8165;1.0000;0.0000;0.0000;0.0000;0.0000
840;542.11;796.1500;47582.8000;45390.5500;44594.4000;95.3144;0.0208;0.0000;-796.1500;0.0000;6.8165;0.0000;-796.1500;0.0000;6.8165;1.0000;0.0000;0.0000;0.0000;0.0000
841;542.44;798.6500;47742.3000;45273.0500;44474.4000;94.7400;0.0235;0.0000;-798.6500;0.0000;6.8165;0.0000;-798.6500;0.0000;6.8165;1.0000;0.0000;0.0000;0.0000;0.0000
842;542.78;787.0500;48267.4500;45188.7000;44401.6500;93.5157;0.0291;0.0000;-787.0500;0.0000;6.8165;0.0000;-787.0500;0.0000;6.8165;1.0000;0.0000;0.0000;0.0000;0.0000
843;543.11;796.9500;48388.3500;45125.9500;44329.0000;93.1450;0.0308;0.0000;-796.9500;0.0000;6.8165;0.0000;-796.9500;0.0000;6.8165;1.0000;0.0000;0.0000;0.0000;0.0000
844;543.44;790.9500;48473.3500;45574.0500;44783.1000;93.9196;0.0272;0.0000;-790.9500;0.0000;6.8165;0.0000;-790.9500;0.0000;6.8165;1.0000;0.0000;0.0000;0.0000;0.0000
845;543.77;782.6500;48288.4500;45915.5000;45132.8500;95.0049;0.0223;0.0000;-782.6500;0.0000;6.8165;0.0000;-782.6500;0.0000;6.8165;1.0000;0.0000;0.0000;0.0000;0.0000
846;544.10;789.6500;48346.1500;45859.0000;45069.3500;94.7701;0.0233;0.0000;-789.6500;0.0000;6.8165;0.0000;-789.6500;0.0000;6.8165;1.0000;0.0000;0.0000;0.0000;0.0000
847;544.43;805.1000;48427.1500;46216.1500;45411.0500;95.3572;0.0206;0.0000;-805.1000;0.0000;6.8165;0.0000;-805.1000;0.0000;6.8165;1.0000;0.0000;0.0000;0.0000;0.0000
848;544.76;804.3500;48345.5500;45812.6500;45008.3000;94.6722;0.0238;0.0000;-804.3500;0.0000;6.8165;0.0000;-804.3500;0.0000;6.8165;1.0000;0.0000;0.0000;0.0000;0.0000
849;545.09;788.4500;49017.4000;45825.5000;45037.0500;93.3818;0.0297;0.0000;-788.4500;0.0000;6.8165;0.0000;-788.4500;0.0000;6.8165;1.0000;0.0000;0.0000;0.0000;0.0000
850;545.42;797.8000;49458.1000;45682.1000;44884.3000;92.2401;0.0351;0.0000;-797.8000;0.0000;6.8165;0.0000;-797.8000;0.0000;6.8165;1.0000;0.0000;0.0000;0.0000;0.0000
851;545.74;779.8500;49198.2500;45745.9000;44966.0500;92.8698;0.0321;0.0000;-779.8500;0.0000;6.8165;0.0000;-779.8500;0.0000;6.8165;1.0000;0.0000;0.0000;0.0000;0.0000
852;546.07;788.4000;48772.4000;46094.8000;45306.4000;94.4198;0.0249;0.0000;-788.4000;0.0000;6.8165;0.0000;-788.4000;0.0000;6.8165;1.0000;0.0000;0.0000;0.0000;0.0000
853;546.40;804.9500;49074.7000;46341.9500;45537.0000;94.3386;0.0253;0.0000;-804.9500;0.0000;6.8165;0.0000;-804.9500;0.0000;6.8165;1.0000;0.0000;0.0000;0.0000;0.0000
854;546.73;807.0500;49339.3500;46289.5000;45482.4500;93.7158;0.0282;0.0000;-807.0500;0.0000;6.8165;0.0000;-807.0500;0.0000;6.8165;1.0000;0.0000;0.0000;0.0000;0.0000
855;547.06;787.6500;49745.3000;46555.4000;45767.7500;93.4844;0.0293;0.0000;-787.6500;0.0000;6.8165;0.0000;-787.6500;0.0000;6.8165;1.0000;0.0000;0.0000;0.0000;0.0000
856;547.39;804.4000;50258.6500;47036.1000;46231.7000;93.4838;0.0293;0.0000;-804.4000;0.0000;6.8165;0.0000;-804.4000;0.0000;6.8165;1.0000;0.0000;0.0000;0.0000;0.0000
857;547.72;795.5000;50034.8500;46911.8500;46116.3500;93.6575;0.0285;0.0000;-795.5000;0.0000;6.8165;0.0000;-795.5000;0.0000;6.8165;1.0000;0.0000;0.0000;0.0000;0.0000
858;548.05;783.9500;49956.2000;46843.0500;46059.1000;93.6689;0.0284;0.0000;-783.9500;0.0000;6.8165;0.0000;-783.9500;0.0000;6.8165;1.0000;0.0000;0.0000;0.0000;0.0000
859;548.38;788.2000;49978.5000;47181.3500;46393.1500;94.3136;0.0254;0.0000;-788.2000;0.0000;6.8165;0.0000;-788.2000;0.0000;6.8165;1.0000;0.0000;0.0000;0.0000;0.0000
860;548.71;796.5500;50536.2500;47402.8000;46606.2500;93.7003;0.0283;0.0000;-796.5500;0.0000;6.8165;0.0000;-796.5500;0.0000;6.8165;1.0000;0.0000;0.0000;0.0000;0.0000
861;549.03;800.2000;51088.5000;47452.9000;46652.7000;92.7705;0.0326;0.0000;-800.2000;0.0000;6.8165;0.0000;-800.2000;0.0000;6.8165;1.0000;0.0000;0.0000;0.0000;0.0000
862;549.36;783.8000;50751.1000;47312.8500;46529.0500;93.1190;0.0310;0.0000;-783.8000;0.0000;6.8165;0.0000;-783.8000;0.0000;6.8165;1.0000;0.0000;0.0000;0.0000;0.0000
863;549.69;800.5500;51554.2000;47412.5500;46612.0000;91.8397;0.0370;0.0000;-800.5500;0.0000;6.8165;0.0000;-800.5500;0.0000;6.8165;1.0000;0.0000;0.0000;0.0000;0.0000
864;550.02;792.5500;51175.1500;47821.6000;47029.0500;93.3438;0.0299;0.0000;-792.5500;0.0000;6.8165;0.0000;-792.5500;0.0000;6.8165;1.0000;0.0000;0.0000;0.0000;0.0000
865;550.35;801.4500;51354.5500;48213.6000;47412.1500;93.7868;0.0279;0.0000;-801.4500;0.0000;6.8165;0.0000;-801.4500;0.0000;6.8165;1.0000;0.0000;0.0000;0.0000;0.0000
866;550.68;800.6000;51990.1500;48506.7500;47706.1500;93.1951;0.0306;0.0000;-800.6000;0.0000;6.8165;0.0000;-800.6000;0.0000;6.8165;1.0000;0.0000;0.0000;0.0000;0.0000
867;551.00;810.5000;52178.4500;48588.5000;47778.0000;93.0113;0.0315;0.0000;-810.5000;0.0000;6.8165;0.0000;-810.5000;0.0000;6.8165;1.0000;0.0000;0.0000;0.0000;0.0000
868;551.33;789.2000;52125.0500;48767.6000;47978.4000;93.4598;0.0294;0.0000;-789.2000;0.0000;6.8165;0.0000;-789.2000;0.0000;6.8165;1.0000;0.0000;0.0000;0.0000;0.0000
869;551.66;798.6500;52423.7500;48969.8500;48171.2000;93.3096;0.0301;0.0000;-798.6500;0.0000;6.8165;0.0000;-798.6500;0.0000;6.8165;1.0000;0.0000;0.0000;0.0000;0.0000
870;551.99;808.0000;52089.5500;49080.8000;48272.8000;94.1329;0.0263;0.0000;-808.0000;0.0000;6.8165;0.0000;-808.0000;0.0000;6.8165;1.0000;0.0000;0.0000;0.0000;0.0000
871;552.32;800.5000;52001.7500;48895.0500;48094.5500;93.9324;0.0272;0.0000;-800.5000;0.0000;6.8165;0.0000;-800.5000;0.0000;6.8165;1.0000;0.0000;0.0000;0.0000;0.0000
872;552.64;795.0500;52175.6000;49146.3500;48351.3000;94.1043;0.0264;0.0000;-795.0500;0.0000;6.8165;0.0000;-795.0500;0.0000;6.8165;1.0000;0.0000;0.0000;0.0000;0.0000
873;552.97;789.7500;52258.8000;49177.4000;48387.6500;94.0131;0.0268;0.0000;-789.7500;0.0000;6.8165;0.0000;-789.7500;0.0000;6.8165;1.0000;0.0000;0.0000;0.0000;0.0000
874;553.30;785.4000;52403.4500;49446.2500;48660.8500;94.2710;0.0256;0.0000;-785.4000;0.0000;6.8165;0.0000;-785.4000;0.0000;6.8165;1.0000;0.0000;0.0000;0.0000;0.0000
875;553.63;792.7500;53237.6500;49990.6500;49197.9000;93.8087;0.0278;0.0000;-792.7500;0.0000;6.8165;0.0000;-792.7500;0.0000;6.8165;1.0000;0.0000;0.0000;0.0000;0.0000
876;553.95;788.1000;53489.0500;50011.4500;49223.3500;93.4013;0.0296;0.0000;-788.1000;0.0000;6.8165;0.0000;-788.1000;0.0000;6.8165;1.0000;0.0000;0.0000;0.0000;0.0000
877;554.28;801.5500;53553.1500;49811.6000;49010.0500;92.9072;0.0320;0.0000;-801.5500;0.0000;6.8165;0.0000;-801.5500;0.0000;6.8165;1.0000;0.0000;0.0000;0.0000;0.0000
878;554.61;791.4500;53303.8500;49905.0000;49113.5500;93.5275;0.0291;0.0000;-791.4500;0.0000;6.8165;0.0000;-791.4500;0.0000;6.8165;1.0000;0.0000;0.0000;0.0000;0.0000
879;554.93;790.9000;53276.5500;50039.9500;49249.0500;93.8334;0.0276;0.0000;-790.9000;0.0000;6.8165;0.0000;-790.9000;0.0000;6.8165;1.0000;0.0000;0.0000;0.0000;0.0000
880;555.26;783.1000;54024.2000;50078.6000;49295.5000;92.5892;0.0334;0.0000;-783.1000;0.0000;6.8165;0.0000;-783.1000;0.0000;6.8165;1.0000;0.0000;0.0000;0.0000;0.0000
881;555.59;788.5500;54578.6000;49940.5000;49151.9500;91.3774;0.0392;0.0000;-788.5500;0.0000;6.8165;0.0000;-788.5500;0.0000;6.8165;1.0000;0.0000;0.0000;0.0000;0.0000
882;555.91;793.4000;54601.7000;50005.7500;49212.3500;91.4587;0.0388;0.0000;-793.4000;0.0000;6.8165;0.0000;-793.4000;0.0000;6.8165;1.0000;0.0000;0.0000;0.0000;0.0000
883;556.24;789.9000;54683.4000;50573.0000;49783.1000;92.3731;0.0345;0.0000;-789.9000;0.0000;6.8165;0.0000;-789.9000;0.0000;6.8165;1.0000;0.0000;0.0000;0.0000;0.0000
884;556.57;787.4000;54264.8500;50449.6000;49662.2000;92.8657;0.0321;0.0000;-787.4000;0.0000;6.8165;0.0000;-787.4000;0.0000;6.8165;1.0000;0.0000;0.0000;0.0000;0.0000
885;556.89;794.7000;53907.4000;50567.2000;49772.5000;93.7111;0.0282;0.0000;-794.7000;0.0000;6.8165;0.0000;-794.7000;0.0000;6.8165;1.0000;0.0000;0.0000;0.0000;0.0000
886;557.22;787.0000;54053.5000;50688.4000;49901.4000;93.6825;0.0283;0.0000;-787.0000;0.0000;6.8165;0.0000;-787.0000;0.0000;6.8165;1.0000;0.0000;0.0000;0.0000;0.0000
887;557.55;770.9000;54387.5500;50909.1500;50138.2500;93.5125;0.0291;0.0000;-770.9000;0.0000;6.8165;0.0000;-770.9000;0.0000;6.8165;1.0000;0.0000;0.0000;0.0000;0.0000
888;557.87;796.3500;54402.4000;50458.4000;49662.0500;92.6426;0.0332;0.0000;-796.3500;0.0000;6.8165;0.0000;-796.3500;0.0000;6.8165;1.0000;0.0000;0.0000;0.0000;0.0000
889;558.20;798.4500;54233.1500;50412.1500;49613.7000;92.8492;0.0322;0.0000;-798.4500;0.0000;6.8165;0.0000;-798.4500;0.0000;6.8165;1.0000;0.0000;0.0000;0.0000;0.0000
890;558.52;792.5000;54466.8000;50325.6500;49533.1500;92.2847;0.0349;0.0000;-792.5000;0.0000;6.8165;0.0000;-792.5000;0.0000;6.8165;1.0000;0.0000;0.0000;0.0000;0.0000
891;558.85;794.0000;54754.2000;50652.4500;49858.4500;92.3986;0.0343;0.0000;-794.0000;0.0000;6.8165;0.0000;-794.0000;0.0000;6.8165;1.0000;0.0000;0.0000;0.0000;0.0000
892;559.17;800.1500;54793.8000;51045.3000;50245.1500;93.0575;0.0312;0.0000;-800.1500;0.0000;6.8165;0.0000;-800.1500;0.0000;6.8165;1.0000;0.0000;0.0000;0.0000;0.0000
893;559.50;785.9000;55618.8500;51013.4500;50227.5500;91.6010;0.0381;0.0000;-785.9000;0.0000;6.8165;0.0000;-785.9000;0.0000;6.8165;1.0000;0.0000;0.0000;0.0000;0.0000
894;559.83;797.2000;55592.7000;51178.6000;50381.4000;91.9444;0.0365;0.0000;-797.2000;0.0000;6.8165;0.0000;-797.2000;0.0000;6.8165;1.0000;0.0000;0.0000;0.0000;0.0000
895;560.15;810.2000;55481.7500;51113.9500;50303.7500;92.0108;0.0362;0.0000;-810.2000;0.0000;6.8165;0.0000;-810.2000;0.0000;6.8165;1.0000;0.0000;0.0000;0.0000;0.0000
896;560.48;805.0000;55570.6500;51258.2000;50453.2000;92.1256;0.0356;0.0000;-805.0000;0.0000;6.8165;0.0000;-805.0000;0.0000;6.8165;1.0000;0.0000;0.0000;0.0000;0.0000
897;560.80;803.7500;54993.5500;51020.3000;50216.5500;92.6679;0.0331;0.0000;-803.7500;0.0000;6.8165;0.0000;-803.7500;0.0000;6.8165;1.0000;0.0000;0.0000;0.0000;0.0000
898;561.13;792.4500;55543.1500;50874.6000;50082.1500;91.4731;0.0387;0.0000;-792.4500;0.0000;6.8165;0.0000;-792.4500;0.0000;6.8165;1.0000;0.0000;0.0000;0.0000;0.0000
899;561.45;780.5000;55985.3500;50992.0500;50211.5500;90.9550;0.0412;0.0000;-780.5000;0.0000;6.8165;0.0000;-780.5000;0.0000;6.8165;1.0000;0.0000;0.0000;0.0000;0.0000
900;561.78;805.0500;55936.4000;51153.7000;50348.6500;91.3249;0.0394;0.0000;-805.0500;0.0000;6.8165;0.0000;-805.0500;0.0000;6.8165;1.0000;0.0000;0.0000;0.0000;0.0000
901;562.10;793.3000;55555.2500;50983.6500;50190.3500;91.6519;0.0379;0.0000;-793.3000;0.0000;6.8165;0.0000;-793.3000;0.0000;6.8165;1.0000;0.0000;0.0000;0.0000;0.0000
902;562.43;807.0000;55983.1500;50826.6000;50019.6000;90.6544;0.0426;0.0000;-807.0000;0.0000;6.8165;0.0000;-807.0000;0.0000;6.8165;1.0000;0.0000;0.0000;0.0000;0.0000
903;562.75;795.1000;55829.7500;50979.0500;50183.9500;91.1861;0.0401;0.0000;-795.1000;0.0000;6.8165;0.0000;-795.1000;0.0000;6.8165;1.0000;0.0000;0.0000;0.0000;0.0000
904;563.07;783.0000;56206.0000;51219.2000;50436.2000;91.0023;0.0409;0.0000;-783.0000;0.0000;6.8165;0.0000;-783.0000;0.0000;6.8165;1.0000;0.0000;0.0000;0.0000;0.0000
905;563.40;805.4000;56160.7500;51656.3500;50850.9500;91.8628;0.0369;0.0000;-805.4000;0.0000;6.8165;0.0000;-805.4000;0.0000;6.8165;1.0000;0.0000;0.0000;0.0000;0.0000
906;563.72;794.6000;55505.6500;51125.7000;50331.1000;91.9944;0.0362;0.0000;-794.6000;0.0000;6.8165;0.0000;-794.6000;0.0000;6.8165;1.0000;0.0000;0.0000;0.0000;0.0000
907;564.05;789.4500;55943.8500;51079.7500;50290.3000;91.1809;0.0401;0.0000;-789.4500;0.0000;6.8165;0.0000;-789.4500;0.0000;6.8165;1.0000;0.0000;0.0000;0.0000;0.0000
908;564.37;788.5500;56468.7500;51034.9500;50246.4000;90.2411;0.0446;0.0000;-788.5500;0.0000;6.8165;0.0000;-788.5500;0.0000;6.8165;1.0000;0.0000;0.0000;0.0000;0.0000
909;564.70;790.0000;56340.7000;51287.3000;50497.3000;90.9031;0.0414;0.0000;-790.0000;0.0000;6.8165;0.0000;-790.0000;0.0000;6.8165;1.0000;0.0000;0.0000;0.0000;0.0000
910;565.02;784.2000;56549.3500;51776.7500;50992.5500;91.4416;0.0389;0.0000;-784.2000;0.0000;6.8165;0.0000;-784.2000;0.0000;6.8165;1.0000;0.0000;0.0000;0.0000;0.0000
911;565.34;793.2000;56664.9500;51707.7000;50914.5000;91.1274;0.0404;0.0000;-793.2000;0.0000;6.8165;0.0000;-793.2000;0.0000;6.8165;1.0000;0.0000;0.0000;0.0000;0.0000
912;565.67;809.3500;56754.9000;51504.3500;50695.0000;90.6149;0.0428;0.0000;-809.3500;0.0000;6.8165;0.0000;-809.3500;0.0000;6.8165;1.0000;0.0000;0.0000;0.0000;0.0000
913;565.99;786.7000;56594.3500;51460.9000;50674.2000;90.8015;0.0419;0.0000;-786.7000;0.0000;6.8165;0.0000;-786.7000;0.0000;6.8165;1.0000;0.0000;0.0000;0.0000;0.0000
914;566.31;800.7000;56937.4500;51834.2000;51033.5000;90.9093;0.0414;0.0000;-800.7000;0.0000;6.8165;0.0000;-800.7000;0.0000;6.8165;1.0000;0.0000;0.0000;0.0000;0.0000
915;566.64;800.8000;57017.5000;50951.2500;50150.4500;89.2092;0.0496;0.0000;-800.8000;0.0000;6.8165;0.0000;-800.8000;0.0000;6.8165;1.0000;0.0000;0.0000;0.0000;0.0000
916;566.96;805.7000;57251.2000;50815.6500;50009.9500;88.5986;0.0526;0.0000;-805.7000;0.0000;6.8165;0.0000;-805.7000;0.0000;6.8165;1.0000;0.0000;0.0000;0.0000;0.0000
917;567.29;804.3500;57439.3500;50991.0500;50186.7000;88.6143;0.0525;0.0000;-804.3500;0.0000;6.8165;0.0000;-804.3500;0.0000;6.8165;1.0000;0.0000;0.0000;0.0000;0.0000
918;567.61;793.0000;57104.3000;51451.2500;50658.2500;89.9611;0.0459;0.0000;-793.0000;0.0000;6.8165;0.0000;-793.0000;0.0000;6.8165;1.0000;0.0000;0.0000;0.0000;0.0000
919;567.93;796.4000;56618.7000;51526.5500;50730.1500;90.8779;0.0415;0.0000;-796.4000;0.0000;6.8165;0.0000;-796.4000;0.0000;6.8165;1.0000;0.0000;0.0000;0.0000;0.0000
920;568.25;801.2000;57399.8500;51293.0500;50491.8500;89.2103;0.0496;0.0000;-801.2000;0.0000;6.8165;0.0000;-801.2000;0.0000;6.8165;1.0000;0.0000;0.0000;0.0000;0.0000
921;568.58;786.0000;57629.1000;51136.7500;50350.7500;88.5785;0.0527;0.0000;-786.0000;0.0000;6.8165;0.0000;-786.0000;0.0000;6.8165;1.0000;0.0000;0.0000;0.0000;0.0000
922;568.90;805.9000;57272.6500;51299.9000;50494.0000;89.4225;0.0486;0.0000;-805.9000;0.0000;6.8165;0.0000;-805.9000;0.0000;6.8165;1.0000;0.0000;0.0000;0.0000;0.0000
923;569.22;788.0500;57762.3000;51241.8000;50453.7500;88.5554;0.0528;0.0000;-788.0500;0.0000;6.8165;0.0000;-788.0500;0.0000;6.8165;1.0000;0.0000;0.0000;0.0000;0.0000
924;569.55;801.6000;57806.6000;51703.1000;50901.5000;89.2930;0.0492;0.0000;-801.6000;0.0000;6.8165;0.0000;-801.6000;0.0000;6.8165;1.0000;0.0000;0.0000;0.0000;0.0000
925;569.87;794.8000;57489.8500;51958.0000;51163.2000;90.2428;0.0446;0.0000;-794.8000;0.0000;6.8165;0.0000;-794.8000;0.0000;6.8165;1.0000;0.0000;0.0000;0.0000;0.0000
926;570.19;788.9000;57946.2000;51808.4500;51019.5500;89.2617;0.0493;0.0000;-788.9000;0.0000;6.8165;0.0000;-788.9000;0.0000;6.8165;1.0000;0.0000;0.0000;0.0000;0.0000
927;570.51;790.2500;57904.6000;51936.1500;51145.9000;89.5500;0.0479;0.0000;-790.2500;0.0000;6.8165;0.0000;-790.2500;0.0000;6.8165;1.0000;0.0000;0.0000;0.0000;0.0000
928;570.83;797.6500;57951.8500;52023.2000;51225.5500;89.6269;0.0476;0.0000;-797.6500;0.0000;6.8165;0.0000;-797.6500;0.0000;6.8165;1.0000;0.0000;0.0000;0.0000;0.0000
929;571.16;780.2500;58062.6000;51926.3000;51146.0500;89.2876;0.0492;0.0000;-780.2500;0.0000;6.8165;0.0000;-780.2500;0.0000;6.8165;1.0000;0.0000;0.0000;0.0000;0.0000
930;571.48;797.5500;57758.8000;51872.0000;51074.4500;89.6653;0.0474;0.0000;-797.5500;0.0000;6.8165;0.0000;-797.5500;0.0000;6.8165;1.0000;0.0000;0.0000;0.0000;0.0000
931;571.80;793.3000;57310.7500;51787.0000;50993.7000;90.2265;0.0447;0.0000;-793.3000;0.0000;6.8165;0.0000;-793.3000;0.0000;6.8165;1.0000;0.0000;0.0000;0.0000;0.0000
932;572.12;798.1000;58003.4000;52010.1000;51212.0000;89.5232;0.0481;0.0000;-798.1000;0.0000;6.8165;0.0000;-798.1000;0.0000;6.8165;1.0000;0.0000;0.0000;0.0000;0.0000
933;572.44;780.4000;58009.3500;51555.0500;50774.6500;88.7220;0.0520;0.0000;-780.4000;0.0000;6.8165;0.0000;-780.4000;0.0000;6.8165;1.0000;0.0000;0.0000;0.0000;0.0000
934;572.77;779.1500;58116.8500;51708.5000;50929.3500;88.8235;0.0515;0.0000;-779.1500;0.0000;6.8165;0.0000;-779.1500;0.0000;6.8165;1.0000;0.0000;0.0000;0.0000;0.0000
935;573.09;787.6500;57989.7500;51417.4000;50629.7500;88.5103;0.0530;0.0000;-787.6500;0.0000;6.8165;0.0000;-787.6500;0.0000;6.8165;1.0000;0.0000;0.0000;0.0000;0.0000
936;573.41;789.1500;57936.9000;52015.0500;51225.9000;89.6376;0.0475;0.0000;-789.1500;0.0000;6.8165;0.0000;-789.1500;0.0000;6.8165;1.0000;0.0000;0.0000;0.0000;0.0000
937;573.73;796.5500;57213.1500;51840.4500;51043.9000;90.4767;0.0435;0.0000;-796.5500;0.0000;6.8165;0.0000;-796.5500;0.0000;6.8165;1.0000;0.0000;0.0000;0.0000;0.0000
938;574.05;803.5500;57253.7500;51613.9000;50810.3500;90.0092;0.0457;0.0000;-803.5500;0.0000;6.8165;0.0000;-803.5500;0.0000;6.8165;1.0000;0.0000;0.0000;0.0000;0.0000
939;574.37;793.3000;57488.8000;51708.6000;50915.3000;89.8048;0.0467;0.0000;-793.3000;0.0000;6.8165;0.0000;-793.3000;0.0000;6.8165;1.0000;0.0000;0.0000;0.0000;0.0000
940;574.69;799.8000;57361.9500;51557.0500;50757.2500;89.7371;0.0470;0.0000;-799.8000;0.0000;6.8165;0.0000;-799.8000;0.0000;6.8165;1.0000;0.0000;0.0000;0.0000;0.0000
941;575.02;798.2500;57948.0000;51651.2000;50852.9500;88.9819;0.0507;0.0000;-798.2500;0.0000;6.8165;0.0000;-798.2500;0.0000;6.8165;1.0000;0.0000;0.0000;0.0000;0.0000
942;575.34;791.3500;58003.7500;51463.5500;50672.2000;88.5686;0.0527;0.0000;-791.3500;0.0000;6.8165;0.0000;-791.3500;0.0000;6.8165;1.0000;0.0000;0.0000;0.0000;0.0000
943;575.66;794.6000;57735.6000;51075.9000;50281.3000;88.3042;0.0540;0.0000;-794.6000;0.0000;6.8165;0.0000;-794.6000;0.0000;6.8165;1.0000;0.0000;0.0000;0.0000;0.0000
944;575.98;802.9500;58247.6000;50996.9500;50194.0000;87.3780;0.0586;0.0000;-802.9500;0.0000;6.8165;0.0000;-802.9500;0.0000;6.8165;1.0000;0.0000;0.0000;0.0000;0.0000
945;576.30;807.0500;58163.4000;51168.9500;50361.9000;87.8053;0.0565;0.0000;-807.0500;0.0000;6.8165;0.0000;-807.0500;0.0000;6.8165;1.0000;0.0000;0.0000;0.0000;0.0000
946;576.62;799.8000;57624.9000;51104.2500;50304.4500;88.5251;0.0529;0.0000;-799.8000;0.0000;6.8165;0.0000;-799.8000;0.0000;6.8165;1.0000;0.0000;0.0000;0.0000;0.0000
947;576.94;788.0500;58025.9000;51456.6000;50668.5500;88.5228;0.0529;0.0000;-788.0500;0.0000;6.8165;0.0000;-788.0500;0.0000;6.8165;1.0000;0.0000;0.0000;0.0000;0.0000
948;577.26;790.8500;58113.9500;51099.2500;50308.4000;87.7629;0.0567;0.0000;-790.8500;0.0000;6.8165;0.0000;-790.8500;0.0000;6.8165;1.0000;0.0000;0.0000;0.0000;0.0000
949;577.58;785.3000;57700.8000;50571.4000;49786.1000;87.4737;0.0581;0.0000;-785.3000;0.0000;6.8165;0.0000;-785.3000;0.0000;6.8165;1.0000;0.0000;0.0000;0.0000;0.0000
950;577.90;791.5500;57361.5500;50252.0000;49460.4500;87.4323;0.0583;0.0000;-791.5500;0.0000;6.8165;0.0000;-791.5500;0.0000;6.8165;1.0000;0.0000;0.0000;0.0000;0.0000
951;578.22;780.8000;57568.5000;50105.9000;49325.1000;86.8588;0.0612;0.0000;-780.8000;0.0000;6.8165;0.0000;-780.8000;0.0000;6.8165;1.0000;0.0000;0.0000;0.0000;0.0000
952;578.54;794.1500;57198.6000;49897.2000;49103.0500;87.0553;0.0602;0.0000;-794.1500;0.0000;6.8165;0.0000;-794.1500;0.0000;6.8165;1.0000;0.0000;0.0000;0.0000;0.0000
953;578.86;806.7000;56484.0500;49678.4000;48871.7000;87.7766;0.0566;0.0000;-806.7000;0.0000;6.8165;0.0000;-806.7000;0.0000;6.8165;1.0000;0.0000;0.0000;0.0000;0.0000
954;579.18;799.0000;56974.0500;49545.8000;48746.8000;86.7766;0.0616;0.0000;-799.0000;0.0000;6.8165;0.0000;-799.0000;0.0000;6.8165;1.0000;0.0000;0.0000;0.0000;0.0000
955;579.50;799.9500;56736.6000;49742.2500;48942.3000;87.4959;0.0580;0.0000;-799.9500;0.0000;6.8165;0.0000;-799.9500;0.0000;6.8165;1.0000;0.0000;0.0000;0.0000;0.0000
956;579.82;797.2000;56375.1500;49733.3000;48936.1000;88.0495;0.0553;0.0000;-797.2000;0.0000;6.8165;0.0000;-797.2000;0.0000;6.8165;1.0000;0.0000;0.0000;0.0000;0.0000
957;580.14;784.7000;56166.4500;49652.0000;48867.3000;88.2372;0.0543;0.0000;-784.7000;0.0000;6.8165;0.0000;-784.7000;0.0000;6.8165;1.0000;0.0000;0.0000;0.0000;0.0000
958;580.46;792.9500;55944.9500;49351.3000;48558.3500;88.0446;0.0553;0.0000;-792.9500;0.0000;6.8165;0.0000;-792.9500;0.0000;6.8165;1.0000;0.0000;0.0000;0.0000;0.0000
959;580.78;798.3500;56915.4000;48845.7500;48047.4000;85.6200;0.0674;0.0000;-798.3500;0.0000;6.8165;0.0000;-798.3500;0.0000;6.8165;1.0000;0.0000;0.0000;0.0000;0.0000
960;581.10;801.7000;56297.1500;48172.3500;47370.6500;85.3595;0.0687;0.0000;-801.7000;0.0000;6.8165;0.0000;-801.7000;0.0000;6.8165;1.0000;0.0000;0.0000;0.0000;0.0000
961;581.42;787.4500;56313.5000;48729.2000;47941.7500;86.3410;0.0638;0.0000;-787.4500;0.0000;6.8165;0.0000;-787.4500;0.0000;6.8165;1.0000;0.0000;0.0000;0.0000;0.0000
962;581.73;799.8500;56198.4500;48659.1500;47859.3000;86.3908;0.0635;0.0000;-799.8500;0.0000;6.8165;0.0000;-799.8500;0.0000;6.8165;1.0000;0.0000;0.0000;0.0000;0.0000
963;582.05;777.6500;55809.1000;48311.9500;47534.3000;86.3766;0.0636;0.0000;-777.6500;0.0000;6.8165;0.0000;-777.6500;0.0000;6.8165;1.0000;0.0000;0.0000;0.0000;0.0000
964;582.37;772.9000;55846.4000;48235.5500;47462.6500;86.1806;0.0646;0.0000;-772.9000;0.0000;6.8165;0.0000;-772.9000;0.0000;6.8165;1.0000;0.0000;0.0000;0.0000;0.0000
965;582.69;779.8000;55735.4500;47948.5000;47168.7000;85.8305;0.0664;0.0000;-779.8000;0.0000;6.8165;0.0000;-779.8000;0.0000;6.8165;1.0000;0.0000;0.0000;0.0000;0.0000
966;583.01;791.7000;55932.3000;47850.0500;47058.3500;85.3425;0.0688;0.0000;-791.7000;0.0000;6.8165;0.0000;-791.7000;0.0000;6.8165;1.0000;0.0000;0.0000;0.0000;0.0000
967;583.33;786.7500;55517.2500;47128.7000;46341.9500;84.6730;0.0723;0.0000;-786.7500;0.0000;6.8165;0.0000;-786.7500;0.0000;6.8165;1.0000;0.0000;0.0000;0.0000;0.0000
968;583.65;803.3000;55569.6500;47635.4500;46832.1500;85.5126;0.0680;0.0000;-803.3000;0.0000;6.8165;0.0000;-803.3000;0.0000;6.8165;1.0000;0.0000;0.0000;0.0000;0.0000
969;583.96;787.2500;55269.8500;47425.1000;46637.8500;85.6014;0.0675;0.0000;-787.2500;0.0000;6.8165;0.0000;-787.2500;0.0000;6.8165;1.0000;0.0000;0.0000;0.0000;0.0000
970;584.28;795.3500;55304.2500;47405.8000;46610.4500;85.5098;0.0680;0.0000;-795.3500;0.0000;6.8165;0.0000;-795.3500;0.0000;6.8165;1.0000;0.0000;0.0000;0.0000;0.0000
971;584.60;787.2000;55733.2000;47305.6000;46518.4000;84.6620;0.0723;0.0000;-787.2000;0.0000;6.8165;0.0000;-787.2000;0.0000;6.8165;1.0000;0.0000;0.0000;0.0000;0.0000
972;584.92;797.1500;55559.3000;47128.0500;46330.9000;84.6039;0.0726;0.0000;-797.1500;0.0000;6.8165;0.0000;-797.1500;0.0000;6.8165;1.0000;0.0000;0.0000;0.0000;0.0000
973;585.24;794.6000;55178.4000;47429.2500;46634.6500;85.7510;0.0668;0.0000;-794.6000;0.0000;6.8165;0.0000;-794.6000;0.0000;6.8165;1.0000;0.0000;0.0000;0.0000;0.0000
974;585.55;792.8000;55190.9000;47670.6500;46877.8500;86.1755;0.0646;0.0000;-792.8000;0.0000;6.8165;0.0000;-792.8000;0.0000;6.8165;1.0000;0.0000;0.0000;0.0000;0.0000
975;585.87;793.1000;55302.3000;47044.2000;46251.1000;84.8501;0.0713;0.0000;-793.1000;0.0000;6.8165;0.0000;-793.1000;0.0000;6.8165;1.0000;0.0000;0.0000;0.0000;0.0000
976;586.19;794.7000;55480.2000;46434.8500;45640.1500;83.4593;0.0785;0.0000;-794.7000;0.0000;6.8165;0.0000;-794.7000;0.0000;6.8165;1.0000;0.0000;0.0000;0.0000;0.0000
977;586.51;804.4000;55600.3500;46238.3000;45433.9000;82.9147;0.0814;0.0000;-804.4000;0.0000;6.8165;0.0000;-804.4000;0.0000;6.8165;1.0000;0.0000;0.0000;0.0000;0.0000
978;586.83;803.7000;55405.5000;46376.2500;45572.5500;83.4635;0.0785;0.0000;-803.7000;0.0000;6.8165;0.0000;-803.7000;0.0000;6.8165;1.0000;0.0000;0.0000;0.0000;0.0000
979;587.14;794.1000;54879.7000;46239.6500;45445.5500;84.0252;0.0756;0.0000;-794.1000;0.0000;6.8165;0.0000;-794.1000;0.0000;6.8165;1.0000;0.0000;0.0000;0.0000;0.0000
980;587.46;795.9500;54660.6000;46197.9000;45401.9500;84.2890;0.0742;0.0000;-795.9500;0.0000;6.8165;0.0000;-795.9500;0.0000;6.8165;1.0000;0.0000;0.0000;0.0000;0.0000
981;587.78;799.4500;54900.3000;46410.3000;45610.8500;84.3071;0.0741;0.0000;-799.4500;0.0000;6.8165;0.0000;-799.4500;0.0000;6.8165;1.0000;0.0000;0.0000;0.0000;0.0000
982;588.09;808.1500;54721.0500;46263.7000;45455.5500;84.3129;0.0741;0.0000;-808.1500;0.0000;6.8165;0.0000;-808.1500;0.0000;6.8165;1.0000;0.0000;0.0000;0.0000;0.0000
983;588.41;784.1500;54915.9000;46096.9000;45312.7500;83.7083;0.0772;0.0000;-784.1500;0.0000;6.8165;0.0000;-784.1500;0.0000;6.8165;1.0000;0.0000;0.0000;0.0000;0.0000
984;588.73;801.0500;55126.5000;45985.2000;45184.1500;83.1731;0.0800;0.0000;-801.0500;0.0000;6.8165;0.0000;-801.0500;0.0000;6.8165;1.0000;0.0000;0.0000;0.0000;0.0000
985;589.04;792.6000;54597.2000;45712.9000;44920.3000;83.4878;0.0784;0.0000;-792.6000;0.0000;6.8165;0.0000;-792.6000;0.0000;6.8165;1.0000;0.0000;0.0000;0.0000;0.0000
986;589.36;804.5000;55142.3000;45444.5500;44640.0500;82.1528;0.0854;0.0000;-804.5000;0.0000;6.8165;0.0000;-804.5000;0.0000;6.8165;1.0000;0.0000;0.0000;0.0000;0.0000
987;589.68;789.2000;55527.4000;45490.3000;44701.1000;81.6634;0.0880;0.0000;-789.2000;0.0000;6.8165;0.0000;-789.2000;0.0000;6.8165;1.0000;0.0000;0.0000;0.0000;0.0000
988;589.99;799.3000;55191.5500;45476.5500;44677.2500;82.1390;0.0855;0.0000;-799.3000;0.0000;6.8165;0.0000;-799.3000;0.0000;6.8165;1.0000;0.0000;0.0000;0.0000;0.0000
989;590.31;784.2000;55509.0000;45902.9000;45118.7000;82.4465;0.0838;0.0000;-784.2000;0.0000;6.8165;0.0000;-784.2000;0.0000;6.8165;1.0000;0.0000;0.0000;0.0000;0.0000
990;590.63;797.7500;55156.5000;45418.8000;44621.0500;82.0862;0.0857;0.0000;-797.7500;0.0000;6.8165;0.0000;-797.7500;0.0000;6.8165;1.0000;0.0000;0.0000;0.0000;0.0000
991;590.94;794.4500;55600.2500;45506.1000;44711.6500;81.5820;0.0884;0.0000;-794.4500;0.0000;6.8165;0.0000;-794.4500;0.0000;6.8165;1.0000;0.0000;0.0000;0.0000;0.0000
992;591.26;778.6500;55678.2000;45617.2000;44838.5500;81.6738;0.0879;0.0000;-778.6500;0.0000;6.8165;0.0000;-778.6500;0.0000;6.8165;1.0000;0.0000;0.0000;0.0000;0.0000
993;591.58;774.0500;55465.1500;45219.6500;44445.6000;81.2666;0.0901;0.0000;-774.0500;0.0000;6.8165;0.0000;-774.0500;0.0000;6.8165;1.0000;0.0000;0.0000;0.0000;0.0000
994;591.89;782.9500;54630.8500;45168.2000;44385.2500;82.4271;0.0839;0.0000;-782.9500;0.0000;6.8165;0.0000;-782.9500;0.0000;6.8165;1.0000;0.0000;0.0000;0.0000;0.0000
995;592.21;796.4500;54397.7500;45384.9000;44588.4500;83.1854;0.0800;0.0000;-796.4500;0.0000;6.8165;0.0000;-796.4500;0.0000;6.8165;1.0000;0.0000;0.0000;0.0000;0.0000
996;592.52;803.2000;55181.4000;45248.3000;44445.1000;81.7333;0.0876;0.0000;-803.2000;0.0000;6.8165;0.0000;-803.2000;0.0000;6.8165;1.0000;0.0000;0.0000;0.0000;0.0000
997;592.84;791.4000;55027.9500;45260.4000;44469.0000;81.9908;0.0862;0.0000;-791.4000;0.0000;6.8165;0.0000;-791.4000;0.0000;6.8165;1.0000;0.0000;0.0000;0.0000;0.0000
998;593.15;781.3000;55103.0000;45385.1000;44603.8000;82.1105;0.0856;0.0000;-781.3000;0.0000;6.8165;0.0000;-781.3000;0.0000;6.8165;1.0000;0.0000;0.0000;0.0000;0.0000
999;593.47;789.7500;55239.1000;44968.1500;44178.4000;81.1367;0.0908;0.0000;-789.7500;0.0000;6.8165;0.0000;-789.7500;0.0000;6.8165;1.0000;0.0000;0.0000;0.0000;0.0000
1000;593.79;782.3500;54775.9000;44906.2500;44123.9000;81.7207;0.0877;0.0000;-782.3500;0.0000;6.8165;0.0000;-782.3500;0.0000;6.8165;1.0000;0.0000;0.0000;0.0000;0.0000
1001;594.10;802.3000;54676.3500;44551.3000;43749.0000;81.2061;0.0904;0.0000;-802.3000;0.0000;6.8165;0.0000;-802.3000;0.0000;6.8165;1.0000;0.0000;0.0000;0.0000;0.0000
1002;594.42;793.1000;55309.7500;44656.6500;43863.5500;80.4590;0.0944;0.0000;-793.1000;0.0000;6.8165;0.0000;-793.1000;0.0000;6.8165;1.0000;0.0000;0.0000;0.0000;0.0000
1003;594.73;795.5000;55171.1000;44768.4500;43972.9500;80.8689;0.0922;0.0000;-795.5000;0.0000;6.8165;0.0000;-795.5000;0.0000;6.8165;1.0000;0.0000;0.0000;0.0000;0.0000
1004;595.05;795.5500;55506.7000;44481.6000;43686.0500;79.8485;0.0977;0.0000;-795.5500;0.0000;6.8165;0.0000;-795.5500;0.0000;6.8165;1.0000;0.0000;0.0000;0.0000;0.0000
1005;595.36;800.0000;55898.4500;44672.5500;43872.5500;79.6257;0.0989;0.0000;-800.0000;0.0000;6.8165;0.0000;-800.0000;0.0000;6.8165;1.0000;0.0000;0.0000;0.0000;0.0000
1006;595.68;794.6500;56012.9500;44879.5000;44084.8500;79.8374;0.0978;0.0000;-794.6500;0.0000;6.8165;0.0000;-794.6500;0.0000;6.8165;1.0000;0.0000;0.0000;0.0000;0.0000
1007;595.99;803.2500;55630.5000;44694.2500;43891.0000;80.0533;0.0966;0.0000;-803.2500;0.0000;6.8165;0.0000;-803.2500;0.0000;6.8165;1.0000;0.0000;0.0000;0.0000;0.0000
1008;596.30;801.7000;55205.5000;44187.7000;43386.0000;79.7481;0.0983;0.0000;-801.7000;0.0000;6.8165;0.0000;-801.7000;0.0000;6.8165;1.0000;0.0000;0.0000;0.0000;0.0000
1009;596.62;806.4000;55820.9000;43827.1500;43020.7500;78.1989;0.1068;0.0000;-806.4000;0.0000;6.8165;0.0000;-806.4000;0.0000;6.8165;1.0000;0.0000;0.0000;0.0000;0.0000
1010;596.93;785.0000;55898.0500;43731.4500;42946.4500;77.9243;0.1083;0.0000;-785.0000;0.0000;6.8165;0.0000;-785.0000;0.0000;6.8165;1.0000;0.0000;0.0000;0.0000;0.0000
1011;597.25;794.1000;55660.1000;44345.8000;43551.7000;79.3783;0.1003;0.0000;-794.1000;0.0000;6.8165;0.0000;-794.1000;0.0000;6.8165;1.0000;0.0000;0.0000;0.0000;0.0000
1012;597.56;791.1500;55301.7000;44187.0500;43395.9000;79.6101;0.0990;0.0000;-791.1500;0.0000;6.8165;0.0000;-791.1500;0.0000;6.8165;1.0000;0.0000;0.0000;0.0000;0.0000
1013;597.88;792.5500;55367.3000;44094.5500;43302.0000;79.3444;0.1005;0.0000;-792.5500;0.0000;6.8165;0.0000;-792.5500;0.0000;6.8165;1.0000;0.0000;0.0000;0.0000;0.0000
1014;598.19;795.3500;55728.4000;44108.1000;43312.7500;78.8464;0.1032;0.0000;-795.3500;0.0000;6.8165;0.0000;-795.3500;0.0000;6.8165;1.0000;0.0000;0.0000;0.0000;0.0000
1015;598.50;787.1000;55978.9500;43979.4500;43192.3500;78.2586;0.1065;0.0000;-787.1000;0.0000;6.8165;0.0000;-787.1000;0.0000;6.8165;1.0000;0.0000;0.0000;0.0000;0.0000
1016;598.82;786.8500;56264.4000;43334.7000;42547.8500;76.6938;0.1152;0.0000;-786.8500;0.0000;6.8165;0.0000;-786.8500;0.0000;6.8165;1.0000;0.0000;0.0000;0.0000;0.0000
1017;599.13;791.4000;56077.8000;43328.3000;42536.9000;76.9392;0.1139;0.0000;-791.4000;0.0000;6.8165;0.0000;-791.4000;0.0000;6.8165;1.0000;0.0000;0.0000;0.0000;0.0000
1018;599.45;794.5500;56289.0500;43794.0000;42999.4500;77.4842;0.1108;0.0000;-794.5500;0.0000;6.8165;0.0000;-794.5500;0.0000;6.8165;1.0000;0.0000;0.0000;0.0000;0.0000
1019;599.76;799.5500;55231.6000;43790.0500;42990.5000;78.9801;0.1025;0.0000;-799.5500;0.0000;6.8165;0.0000;-799.5500;0.0000;6.8165;1.0000;0.0000;0.0000;0.0000;0.0000
1020;600.07;794.4000;55560.8500;43975.5000;43181.1000;78.8459;0.1032;0.0000;-794.4000;0.0000;6.8165;0.0000;-794.4000;0.0000;6.8165;1.0000;0.0000;0.0000;0.0000;0.0000
1021;600.39;791.6000;56174.2500;43587.6000;42796.0000;77.2733;0.1120;0.0000;-791.6000;0.0000;6.8165;0.0000;-791.6000;0.0000;6.8165;1.0000;0.0000;0.0000;0.0000;0.0000
1022;600.70;798.8500;56218.7000;43583.3000;42784.4500;77.2006;0.1124;0.0000;-798.8500;0.0000;6.8165;0.0000;-798.8500;0.0000;6.8165;1.0000;0.0000;0.0000;0.0000;0.0000
1023;601.01;796.3000;55940.8500;43628.9500;42832.6500;77.6734;0.1097;0.0000;-796.3000;0.0000;6.8165;0.0000;-796.3000;0.0000;6.8165;1.0000;0.0000;0.0000;0.0000;0.0000
1024;601.33;790.2000;55894.8500;43536.8000;42746.6000;77.5735;0.1103;0.0000;-790.2000;0.0000;6.8165;0.0000;-790.2000;0.0000;6.8165;1.0000;0.0000;0.0000;0.0000;0.0000
1025;601.64;795.7500;55574.8500;43558.1000;42762.3500;78.0633;0.1076;0.0000;-795.7500;0.0000;6.8165;0.0000;-795.7500;0.0000;6.8165;1.0000;0.0000;0.0000;0.0000;0.0000
1026;601.95;783.3000;56039.9000;43548.1500;42764.8500;77.3932;0.1113;0.0000;-783.3000;0.0000;6.8165;0.0000;-783.3000;0.0000;6.8165;1.0000;0.0000;0.0000;0.0000;0.0000
1027;602.26;787.5000;56041.2000;43438.7000;42651.2000;77.1916;0.1124;0.0000;-787.5000;0.0000;6.8165;0.0000;-787.5000;0.0000;6.8165;1.0000;0.0000;0.0000;0.0000;0.0000
1028;602.58;780.4500;56106.0500;42755.6000;41975.1500;75.8693;0.1199;0.0000;-780.4500;0.0000;6.8165;0.0000;-780.4500;0.0000;6.8165;1.0000;0.0000;0.0000;0.0000;0.0000
1029;602.89;777.3000;56489.8000;42537.9500;41760.6500;74.9574;0.1252;0.0000;-777.3000;0.0000;6.8165;0.0000;-777.3000;0.0000;6.8165;1.0000;0.0000;0.0000;0.0000;0.0000
1030;603.20;802.5000;56547.4000;43126.7500;42324.2500;75.9249;0.1196;0.0000;-802.5000;0.0000;6.8165;0.0000;-802.5000;0.0000;6.8165;1.0000;0.0000;0.0000;0.0000;0.0000
1031;603.51;796.6000;56221.0500;42708.2000;41911.6000;75.6193;0.1214;0.0000;-796.6000;0.0000;6.8165;0.0000;-796.6000;0.0000;6.8165;1.0000;0.0000;0.0000;0.0000;0.0000
1032;603.83;804.3000;56709.9500;42767.4000;41963.1000;75.0606;0.1246;0.0000;-804.3000;0.0000;6.8165;0.0000;-804.3000;0.0000;6.8165;1.0000;0.0000;0.0000;0.0000;0.0000
1033;604.14;793.3500;56999.3000;42933.1500;42139.8000;74.9739;0.1251;0.0000;-793.3500;0.0000;6.8165;0.0000;-793.3500;0.0000;6.8165;1.0000;0.0000;0.0000;0.0000;0.0000
1034;604.45;787.7000;56518.1000;42756.0000;41968.3000;75.3059;0.1232;0.0000;-787.7000;0.0000;6.8165;0.0000;-787.7000;0.0000;6.8165;1.0000;0.0000;0.0000;0.0000;0.0000
1035;604.76;789.4000;56575.1500;42622.5500;41833.1500;74.9890;0.1250;0.0000;-789.4000;0.0000;6.8165;0.0000;-789.4000;0.0000;6.8165;1.0000;0.0000;0.0000;0.0000;0.0000
1036;605.07;800.0500;56385.0500;42424.2500;41624.2000;74.8839;0.1256;0.0000;-800.0500;0.0000;6.8165;0.0000;-800.0500;0.0000;6.8165;1.0000;0.0000;0.0000;0.0000;0.0000
1037;605.39;790.5500;56179.6500;42328.8500;41538.3000;74.9936;0.1250;0.0000;-790.5500;0.0000;6.8165;0.0000;-790.5500;0.0000;6.8165;1.0000;0.0000;0.0000;0.0000;0.0000
1038;605.70;806.3500;56294.3500;42682.0000;41875.6500;75.4679;0.1222;0.0000;-806.3500;0.0000;6.8165;0.0000;-806.3500;0.0000;6.8165;1.0000;0.0000;0.0000;0.0000;0.0000
1039;606.01;787.6000;56394.7000;42594.3500;41806.7500;75.1824;0.1239;0.0000;-787.6000;0.0000;6.8165;0.0000;-787.6000;0.0000;6.8165;1.0000;0.0000;0.0000;0.0000;0.0000
1040;606.32;793.7000;56543.3000;42122.1500;41328.4500;74.1323;0.1300;0.0000;-793.7000;0.0000;6.8165;0.0000;-793.7000;0.0000;6.8165;1.0000;0.0000;0.0000;0.0000;0.0000
1041;606.63;791.3500;56122.0500;41821.1000;41029.7500;74.1537;0.1299;0.0000;-791.3500;0.0000;6.8165;0.0000;-791.3500;0.0000;6.8165;1.0000;0.0000;0.0000;0.0000;0.0000
1042;606.94;794.0000;56199.2500;42291.8500;41497.8500;74.8988;0.1255;0.0000;-794.0000;0.0000;6.8165;0.0000;-794.0000;0.0000;6.8165;1.0000;0.0000;0.0000;0.0000;0.0000
1043;607.26;788.7000;55964.9000;42509.3000;41720.6000;75.6134;0.1214;0.0000;-788.7000;0.0000;6.8165;0.0000;-788.7000;0.0000;6.8165;1.0000;0.0000;0.0000;0.0000;0.0000
1044;607.57;808.2500;56463.3000;41949.2000;41140.9500;73.9213;0.1312;0.0000;-808.2500;0.0000;6.8165;0.0000;-808.2500;0.0000;6.8165;1.0000;0.0000;0.0000;0.0000;0.0000
1045;607.88;790.5000;56226.0500;41551.0500;40760.5500;73.5278;0.1335;0.0000;-790.5000;0.0000;6.8165;0.0000;-790.5000;0.0000;6.8165;1.0000;0.0000;0.0000;0.0000;0.0000
1046;608.19;798.3000;56742.3500;41973.1500;41174.8500;73.6001;0.1331;0.0000;-798.3000;0.0000;6.8165;0.0000;-798.3000;0.0000;6.8165;1.0000;0.0000;0.0000;0.0000;0.0000
1047;608.50;798.1500;57167.3500;41750.7000;40952.5500;72.6506;0.1388;0.0000;-798.1500;0.0000;6.8165;0.0000;-798.1500;0.0000;6.8165;1.0000;0.0000;0.0000;0.0000;0.0000
1048;608.81;786.2000;57055.3000;41025.5500;40239.3500;71.5123;0.1456;0.0000;-786.2000;0.0000;6.8165;0.0000;-786.2000;0.0000;6.8165;1.0000;0.0000;0.0000;0.0000;0.0000
1049;609.12;791.4000;56456.5500;40932.0000;40140.6000;72.1108;0.1420;0.0000;-791.4000;0.0000;6.8165;0.0000;-791.4000;0.0000;6.8165;1.0000;0.0000;0.0000;0.0000;0.0000
1050;609.43;788.7000;56324.0000;41079.1500;40290.4500;72.5493;0.1394;0.0000;-788.7000;0.0000;6.8165;0.0000;-788.7000;0.0000;6.8165;1.0000;0.0000;0.0000;0.0000;0.0000
1051;609.74;783.9000;56057.1500;41172.4500;40388.5500;73.0707;0.1363;0.0000;-783.9000;0.0000;6.8165;0.0000;-783.9000;0.0000;6.8165;1.0000;0.0000;0.0000;0.0000;0.0000
1052;610.05;794.3000;57029.8500;40955.8500;40161.5500;71.4167;0.1462;0.0000;-794.3000;0.0000;6.8165;0.0000;-794.3000;0.0000;6.8165;1.0000;0.0000;0.0000;0.0000;0.0000
1053;610.36;789.3500;56999.4000;40631.2000;39841.8500;70.8803;0.1495;0.0000;-789.3500;0.0000;6.8165;0.0000;-789.3500;0.0000;6.8165;1.0000;0.0000;0.0000;0.0000;0.0000
1054;610.67;775.0000;56755.5500;40372.3000;39597.3000;70.7340;0.1504;0.0000;-775.0000;0.0000;6.8165;0.0000;-775.0000;0.0000;6.8165;1.0000;0.0000;0.0000;0.0000;0.0000
1055;610.98;786.2000;57325.0500;40357.2500;39571.0500;69.9891;0.1550;0.0000;-786.2000;0.0000;6.8165;0.0000;-786.2000;0.0000;6.8165;1.0000;0.0000;0.0000;0.0000;0.0000
1056;611.29;787.3500;57289.6500;40478.6500;39691.3000;70.2472;0.1534;0.0000;-787.3500;0.0000;6.8165;0.0000;-787.3500;0.0000;6.8165;1.0000;0.0000;0.0000;0.0000;0.0000
1057;611.60;782.5000;56903.6000;40564.8000;39782.3000;70.8865;0.1494;0.0000;-782.5000;0.0000;6.8165;0.0000;-782.5000;0.0000;6.8165;1.0000;0.0000;0.0000;0.0000;0.0000
1058;611.91;788.3500;57161.7500;40869.4000;40081.0500;71.0992;0.1481;0.0000;-788.3500;0.0000;6.8165;0.0000;-788.3500;0.0000;6.8165;1.0000;0.0000;0.0000;0.0000;0.0000
1059;612.22;786.4000;56803.9000;40863.5500;40077.1500;71.5440;0.1454;0.0000;-786.4000;0.0000;6.8165;0.0000;-786.4000;0.0000;6.8165;1.0000;0.0000;0.0000;0.0000;0.0000
1060;612.53;783.7500;56602.1000;40380.3500;39596.6000;70.9383;0.1491;0.0000;-783.7500;0.0000;6.8165;0.0000;-783.7500;0.0000;6.8165;1.0000;0.0000;0.0000;0.0000;0.0000
1061;612.84;792.1500;57147.6000;40550.8500;39758.7000;70.5499;0.1515;0.0000;-792.1500;0.0000;6.8165;0.0000;-792.1500;0.0000;6.8165;1.0000;0.0000;0.0000;0.0000;0.0000
1062;613.15;802.2000;57434.8500;40437.9000;39635.7000;69.9874;0.1550;0.0000;-802.2000;0.0000;6.8165;0.0000;-802.2000;0.0000;6.8165;1.0000;0.0000;0.0000;0.0000;0.0000
1063;613.46;785.3000;57361.1500;39918.5000;39133.2000;69.1694;0.1601;0.0000;-785.3000;0.0000;6.8165;0.0000;-785.3000;0.0000;6.8165;1.0000;0.0000;0.0000;0.0000;0.0000
1064;613.77;782.0500;57341.8500;40244.8500;39462.8000;69.7718;0.1563;0.0000;-782.0500;0.0000;6.8165;0.0000;-782.0500;0.0000;6.8165;1.0000;0.0000;0.0000;0.0000;0.0000
1065;614.08;789.0000;57274.9500;40182.3000;39393.3000;69.7400;0.1565;0.0000;-789.0000;0.0000;6.8165;0.0000;-789.0000;0.0000;6.8165;1.0000;0.0000;0.0000;0.0000;0.0000
1066;614.39;793.3500;57057.7000;40037.0000;39243.6500;69.7487;0.1565;0.0000;-793.3500;0.0000;6.8165;0.0000;-793.3500;0.0000;6.8165;1.0000;0.0000;0.0000;0.0000;0.0000
1067;614.70;810.2000;57016.3000;40031.6500;39221.4500;69.7815;0.1563;0.0000;-810.2000;0.0000;6.8165;0.0000;-810.2000;0.0000;6.8165;1.0000;0.0000;0.0000;0.0000;0.0000
1068;615.00;796.3500;57794.3500;40040.4000;39244.0500;68.8516;0.1621;0.0000;-796.3500;0.0000;6.8165;0.0000;-796.3500;0.0000;6.8165;1.0000;0.0000;0.0000;0.0000;0.0000
1069;615.31;789.0000;57685.4000;40049.5500;39260.5500;69.0036;0.1611;0.0000;-789.0000;0.0000;6.8165;0.0000;-789.0000;0.0000;6.8165;1.0000;0.0000;0.0000;0.0000;0.0000
1070;615.62;778.2000;57446.6500;39732.2500;38954.0500;68.7403;0.1628;0.0000;-778.2000;0.0000;6.8165;0.0000;-778.2000;0.0000;6.8165;1.0000;0.0000;0.0000;0.0000;0.0000
1071;615.93;776.8500;57705.0500;39744.2500;38967.4000;68.4501;0.1646;0.0000;-776.8500;0.0000;6.8165;0.0000;-776.8500;0.0000;6.8165;1.0000;0.0000;0.0000;0.0000;0.0000
1072;616.24;801.2500;57597.5500;39442.0000;38640.7500;68.0339;0.1673;0.0000;-801.2500;0.0000;6.8165;0.0000;-801.2500;0.0000;6.8165;1.0000;0.0000;0.0000;0.0000;0.0000
1073;616.55;798.0500;57210.1000;38958.1000;38160.0500;67.6452;0.1698;0.0000;-798.0500;0.0000;6.8165;0.0000;-798.0500;0.0000;6.8165;1.0000;0.0000;0.0000;0.0000;0.0000
1074;616.86;783.4000;57335.3500;39285.5000;38502.1000;68.0827;0.1670;0.0000;-783.4000;0.0000;6.8165;0.0000;-783.4000;0.0000;6.8165;1.0000;0.0000;0.0000;0.0000;0.0000
1075;617.16;800.0500;57063.5500;39192.5000;38392.4500;68.2369;0.1660;0.0000;-800.0500;0.0000;6.8165;0.0000;-800.0500;0.0000;6.8165;1.0000;0.0000;0.0000;0.0000;0.0000
1076;617.47;797.5500;56635.7500;39368.1000;38570.5500;69.0756;0.1607;0.0000;-797.5500;0.0000;6.8165;0.0000;-797.5500;0.0000;6.8165;1.0000;0.0000;0.0000;0.0000;0.0000
1077;617.78;778.7000;57264.2000;39757.4500;38978.7500;69.0066;0.1611;0.0000;-778.7000;0.0000;6.8165;0.0000;-778.7000;0.0000;6.8165;1.0000;0.0000;0.0000;0.0000;0.0000
1078;618.09;788.2500;57253.2500;39281.1000;38492.8500;68.1712;0.1664;0.0000;-788.2500;0.0000;6.8165;0.0000;-788.2500;0.0000;6.8165;1.0000;0.0000;0.0000;0.0000;0.0000
1079;618.40;786.4000;57278.5500;39209.0000;38422.6000;68.0141;0.1674;0.0000;-786.4000;0.0000;6.8165;0.0000;-786.4000;0.0000;6.8165;1.0000;0.0000;0.0000;0.0000;0.0000
1080;618.70;796.4500;57484.5500;39172.9000;38376.4500;67.6975;0.1694;0.0000;-796.4500;0.0000;6.8165;0.0000;-796.4500;0.0000;6.8165;1.0000;0.0000;0.0000;0.0000;0.0000
1081;619.01;776.3500;57533.8000;39138.7000;38362.3500;67.5900;0.1701;0.0000;-776.3500;0.0000;6.8165;0.0000;-776.3500;0.0000;6.8165;1.0000;0.0000;0.0000;0.0000;0.0000
1082;619.32;783.0000;57788.8500;39002.6500;38219.6500;67.0451;0.1736;0.0000;-783.0000;0.0000;6.8165;0.0000;-783.0000;0.0000;6.8165;1.0000;0.0000;0.0000;0.0000;0.0000
1083;619.63;800.0500;57571.9500;38614.7500;37814.7000;66.6081;0.1765;0.0000;-800.0500;0.0000;6.8165;0.0000;-800.0500;0.0000;6.8165;1.0000;0.0000;0.0000;0.0000;0.0000
1084;619.93;785.6000;57540.9500;38324.2500;37538.6500;66.1412;0.1795;0.0000;-785.6000;0.0000;6.8165;0.0000;-785.6000;0.0000;6.8165;1.0000;0.0000;0.0000;0.0000;0.0000
1085;620.24;800.9000;57842.5000;38628.2500;37827.3500;66.3154;0.1784;0.0000;-800.9000;0.0000;6.8165;0.0000;-800.9000;0.0000;6.8165;1.0000;0.0000;0.0000;0.0000;0.0000
1086;620.55;778.8000;57694.3500;38643.0500;37864.2500;66.5271;0.1770;0.0000;-778.8000;0.0000;6.8165;0.0000;-778.8000;0.0000;6.8165;1.0000;0.0000;0.0000;0.0000;0.0000
1087;620.85;789.4500;58454.0500;38888.9000;38099.4500;66.0708;0.1800;0.0000;-789.4500;0.0000;6.8165;0.0000;-789.4500;0.0000;6.8165;1.0000;0.0000;0.0000;0.0000;0.0000
1088;621.16;792.6500;58389.9000;38750.3500;37957.7000;65.9019;0.1811;0.0000;-792.6500;0.0000;6.8165;0.0000;-792.6500;0.0000;6.8165;1.0000;0.0000;0.0000;0.0000;0.0000
1089;621.47;794.9000;57811.6000;38272.3500;37477.4500;65.7307;0.1822;0.0000;-794.9000;0.0000;6.8165;0.0000;-794.9000;0.0000;6.8165;1.0000;0.0000;0.0000;0.0000;0.0000
1090;621.77;797.1500;57470.4000;38047.5500;37250.4000;65.7284;0.1822;0.0000;-797.1500;0.0000;6.8165;0.0000;-797.1500;0.0000;6.8165;1.0000;0.0000;0.0000;0.0000;0.0000
1091;622.08;795.3500;57309.8000;38063.1000;37267.7500;65.9438;0.1808;0.0000;-795.3500;0.0000;6.8165;0.0000;-795.3500;0.0000;6.8165;1.0000;0.0000;0.0000;0.0000;0.0000
1092;622.39;797.4000;57083.2500;37579.4000;36782.0000;65.3486;0.1848;0.0000;-797.4000;0.0000;6.8165;0.0000;-797.4000;0.0000;6.8165;1.0000;0.0000;0.0000;0.0000;0.0000
1093;622.69;785.3000;57095.5500;37686.9500;36901.6500;65.5327;0.1835;0.0000;-785.3000;0.0000;6.8165;0.0000;-785.3000;0.0000;6.8165;1.0000;0.0000;0.0000;0.0000;0.0000
1094;623.00;789.6500;56817.9500;37569.5000;36779.8500;65.6451;0.1828;0.0000;-789.6500;0.0000;6.8165;0.0000;-789.6500;0.0000;6.8165;1.0000;0.0000;0.0000;0.0000;0.0000
1095;623.31;774.4500;56694.6000;37585.5000;36811.0500;65.8279;0.1816;0.0000;-774.4500;0.0000;6.8165;0.0000;-774.4500;0.0000;6.8165;1.0000;0.0000;0.0000;0.0000;0.0000
1096;623.61;788.3000;57073.6000;37621.7500;36833.4500;65.4406;0.1842;0.0000;-788.3000;0.0000;6.8165;0.0000;-788.3000;0.0000;6.8165;1.0000;0.0000;0.0000;0.0000;0.0000
1097;623.92;795.8000;56810.1500;37025.4500;36229.6500;64.6792;0.1892;0.0000;-795.8000;0.0000;6.8165;0.0000;-795.8000;0.0000;6.8165;1.0000;0.0000;0.0000;0.0000;0.0000
1098;624.22;788.8500;57188.9500;36888.3000;36099.4500;64.0060;0.1938;0.0000;-788.8500;0.0000;6.8165;0.0000;-788.8500;0.0000;6.8165;1.0000;0.0000;0.0000;0.0000;0.0000
1099;624.53;776.5500;57480.7500;36868.5500;36092.0000;63.6496;0.1962;0.0000;-776.5500;0.0000;6.8165;0.0000;-776.5500;0.0000;6.8165;1.0000;0.0000;0.0000;0.0000;0.0000
1100;624.84;778.5000;56815.4500;36509.1000;35730.6000;63.7626;0.1954;0.0000;-778.5000;0.0000;6.8165;0.0000;-778.5000;0.0000;6.8165;1.0000;0.0000;0.0000;0.0000;0.0000
1101;625.14;787.6000;56960.3000;36311.5000;35523.9000;63.2405;0.1990;0.0000;-787.6000;0.0000;6.8165;0.0000;-787.6000;0.0000;6.8165;1.0000;0.0000;0.0000;0.0000;0.0000
1102;625.45;783.2000;56584.3500;36187.9000;35404.7000;63.4480;0.1976;0.0000;-783.2000;0.0000;6.8165;0.0000;-783.2000;0.0000;6.8165;1.0000;0.0000;0.0000;0.0000;0.0000
1103;625.75;787.7500;56342.3500;36052.1000;35264.3500;63.4769;0.1974;0.0000;-787.7500;0.0000;6.8165;0.0000;-787.7500;0.0000;6.8165;1.0000;0.0000;0.0000;0.0000;0.0000
1104;626.06;802.5500;56577.4500;35690.0500;34887.5000;62.5505;0.2038;0.0000;-802.5500;0.0000;6.8165;0.0000;-802.5500;0.0000;6.8165;1.0000;0.0000;0.0000;0.0000;0.0000
1105;626.36;796.7500;56563.1500;35582.3500;34785.6000;62.3773;0.2050;0.0000;-796.7500;0.0000;6.8165;0.0000;-796.7500;0.0000;6.8165;1.0000;0.0000;0.0000;0.0000;0.0000
1106;626.67;778.2000;56998.6500;35712.0500;34933.8500;62.1373;0.2066;0.0000;-778.2000;0.0000;6.8165;0.0000;-778.2000;0.0000;6.8165;1.0000;0.0000;0.0000;0.0000;0.0000
1107;626.97;789.4000;56984.3000;35469.3000;34679.9000;61.7136;0.2096;0.0000;-789.4000;0.0000;6.8165;0.0000;-789.4000;0.0000;6.8165;1.0000;0.0000;0.0000;0.0000;0.0000
1108;627.28;801.6500;56415.2500;35250.0000;34448.3500;61.9423;0.2080;0.0000;-801.6500;0.0000;6.8165;0.0000;-801.6500;0.0000;6.8165;1.0000;0.0000;0.0000;0.0000;0.0000
1109;627.58;798.2000;56214.8500;35100.3500;34302.1500;61.8986;0.2083;0.0000;-798.2000;0.0000;6.8165;0.0000;-798.2000;0.0000;6.8165;1.0000;0.0000;0.0000;0.0000;0.0000
1110;627.89;790.0000;55423.1500;34925.1500;34135.1500;62.4807;0.2043;0.0000;-790.0000;0.0000;6.8165;0.0000;-790.0000;0.0000;6.8165;1.0000;0.0000;0.0000;0.0000;0.0000
1111;628.19;797.9000;55540.2500;34702.9500;33905.0500;61.9357;0.2081;0.0000;-797.9000;0.0000;6.8165;0.0000;-797.9000;0.0000;6.8165;1.0000;0.0000;0.0000;0.0000;0.0000
1112;628.50;783.7500;56629.0500;34739.9500;33956.2000;60.8040;0.2161;0.0000;-783.7500;0.0000;6.8165;0.0000;-783.7500;0.0000;6.8165;1.0000;0.0000;0.0000;0.0000;0.0000
1113;628.80;776.8000;56417.8000;34598.7000;33821.9000;60.7859;0.2162;0.0000;-776.8000;0.0000;6.8165;0.0000;-776.8000;0.0000;6.8165;1.0000;0.0000;0.0000;0.0000;0.0000
1114;629.11;790.6500;56301.1500;34146.1000;33355.4500;60.0885;0.2212;0.0000;-790.6500;0.0000;6.8165;0.0000;-790.6500;0.0000;6.8165;1.0000;0.0000;0.0000;0.0000;0.0000
1115;629.41;778.0000;56235.4000;34385.4000;33607.4000;60.6004;0.2175;0.0000;-778.0000;0.0000;6.8165;0.0000;-778.0000;0.0000;6.8165;1.0000;0.0000;0.0000;0.0000;0.0000
1116;629.71;792.7500;55640.8000;34489.4000;33696.6500;61.4364;0.2116;0.0000;-792.7500;0.0000;6.8165;0.0000;-792.7500;0.0000;6.8165;1.0000;0.0000;0.0000;0.0000;0.0000
1117;630.02;777.5000;54878.8500;34320.8000;33543.3000;62.0009;0.2076;0.0000;-777.5000;0.0000;6.8165;0.0000;-777.5000;0.0000;6.8165;1.0000;0.0000;0.0000;0.0000;0.0000
1118;630.32;787.3500;55193.5000;34196.0500;33408.7000;61.4061;0.2118;0.0000;-787.3500;0.0000;6.8165;0.0000;-787.3500;0.0000;6.8165;1.0000;0.0000;0.0000;0.0000;0.0000
1119;630.63;779.7500;56133.3000;34076.4500;33296.7000;60.1528;0.2207;0.0000;-779.7500;0.0000;6.8165;0.0000;-779.7500;0.0000;6.8165;1.0000;0.0000;0.0000;0.0000;0.0000
1120;630.93;789.3500;56832.2500;34321.6500;33532.3000;59.8333;0.2231;0.0000;-789.3500;0.0000;6.8165;0.0000;-789.3500;0.0000;6.8165;1.0000;0.0000;0.0000;0.0000;0.0000
1121;631.23;801.3000;55957.1500;34108.8500;33307.5500;60.3881;0.2190;0.0000;-801.3000;0.0000;6.8165;0.0000;-801.3000;0.0000;6.8165;1.0000;0.0000;0.0000;0.0000;0.0000
1122;631.54;803.5000;55703.8500;33892.0500;33088.5500;60.2702;0.2199;0.0000;-803.5000;0.0000;6.8165;0.0000;-803.5000;0.0000;6.8165;1.0000;0.0000;0.0000;0.0000;0.0000
1123;631.84;790.6500;55497.6500;33828.4500;33037.8000;60.3904;0.2190;0.0000;-790.6500;0.0000;6.8165;0.0000;-790.6500;0.0000;6.8165;1.0000;0.0000;0.0000;0.0000;0.0000
1124;632.14;783.1500;55029.1500;33983.3500;33200.2000;61.2030;0.2132;0.0000;-783.1500;0.0000;6.8165;0.0000;-783.1500;0.0000;6.8165;1.0000;0.0000;0.0000;0.0000;0.0000
1125;632.45;783.4000;55092.8500;33721.2000;32937.8000;60.6484;0.2172;0.0000;-783.4000;0.0000;6.8165;0.0000;-783.4000;0.0000;6.8165;1.0000;0.0000;0.0000;0.0000;0.0000
1126;632.75;799.2000;56024.9500;33510.4000;32711.2000;59.2318;0.2274;0.0000;-799.2000;0.0000;6.8165;0.0000;-799.2000;0.0000;6.8165;1.0000;0.0000;0.0000;0.0000;0.0000
1127;633.05;774.7500;55636.7000;33206.6500;32431.9000;59.1155;0.2283;0.0000;-774.7500;0.0000;6.8165;0.0000;-774.7500;0.0000;6.8165;1.0000;0.0000;0.0000;0.0000;0.0000
1128;633.36;794.4500;55822.7500;32980.5000;32186.0500;58.4900;0.2329;0.0000;-794.4500;0.0000;6.8165;0.0000;-794.4500;0.0000;6.8165;1.0000;0.0000;0.0000;0.0000;0.0000
1129;633.66;778.1500;55493.3500;32952.7500;32174.6000;58.8038;0.2306;0.0000;-778.1500;0.0000;6.8165;0.0000;-778.1500;0.0000;6.8165;1.0000;0.0000;0.0000;0.0000;0.0000
1130;633.96;787.0500;55369.4000;32634.2500;31847.2000;58.3471;0.2340;0.0000;-787.0500;0.0000;6.8165;0.0000;-787.0500;0.0000;6.8165;1.0000;0.0000;0.0000;0.0000;0.0000
1131;634.27;790.0000;55252.1000;32636.8500;31846.8500;58.4753;0.2330;0.0000;-790.0000;0.0000;6.8165;0.0000;-790.0000;0.0000;6.8165;1.0000;0.0000;0.0000;0.0000;0.0000
1132;634.57;784.6500;55256.1500;32442.4500;31657.8000;58.1181;0.2357;0.0000;-784.6500;0.0000;6.8165;0.0000;-784.6500;0.0000;6.8165;1.0000;0.0000;0.0000;0.0000;0.0000
1133;634.87;790.9000;54838.6000;32660.8500;31869.9500;58.9663;0.2294;0.0000;-790.9000;0.0000;6.8165;0.0000;-790.9000;0.0000;6.8165;1.0000;0.0000;0.0000;0.0000;0.0000
1134;635.17;780.3000;54608.5000;32705.2000;31924.9000;59.3089;0.2269;0.0000;-780.3000;0.0000;6.8165;0.0000;-780.3000;0.0000;6.8165;1.0000;0.0000;0.0000;0.0000;0.0000
1135;635.48;782.1000;54721.1500;32106.5500;31324.4500;58.0738;0.2360;0.0000;-782.1000;0.0000;6.8165;0.0000;-782.1000;0.0000;6.8165;1.0000;0.0000;0.0000;0.0000;0.0000
1136;635.78;782.0500;54950.5000;32174.3000;31392.2500;57.9530;0.2369;0.0000;-782.0500;0.0000;6.8165;0.0000;-782.0500;0.0000;6.8165;1.0000;0.0000;0.0000;0.0000;0.0000
1137;636.08;796.3000;54433.3500;31783.3000;30987.0000;57.7716;0.2383;0.0000;-796.3000;0.0000;6.8165;0.0000;-796.3000;0.0000;6.8165;1.0000;0.0000;0.0000;0.0000;0.0000
1138;636.38;791.3500;54089.9500;31902.9500;31111.6000;58.3723;0.2338;0.0000;-791.3500;0.0000;6.8165;0.0000;-791.3500;0.0000;6.8165;1.0000;0.0000;0.0000;0.0000;0.0000
1139;636.68;782.3500;53803.2500;31899.6000;31117.2500;58.6886;0.2314;0.0000;-782.3500;0.0000;6.8165;0.0000;-782.3500;0.0000;6.8165;1.0000;0.0000;0.0000;0.0000;0.0000
1140;636.99;783.2500;53942.3500;31904.0000;31120.7500;58.5427;0.2325;0.0000;-783.2500;0.0000;6.8165;0.0000;-783.2500;0.0000;6.8165;1.0000;0.0000;0.0000;0.0000;0.0000
1141;637.29;801.3500;54095.1000;31541.3500;30740.0000;57.6803;0.2390;0.0000;-801.3500;0.0000;6.8165;0.0000;-801.3500;0.0000;6.8165;1.0000;0.0000;0.0000;0.0000;0.0000
1142;637.59;800.2000;54681.8500;31567.5000;30767.3000;57.1016;0.2434;0.0000;-800.2000;0.0000;6.8165;0.0000;-800.2000;0.0000;6.8165;1.0000;0.0000;0.0000;0.0000;0.0000
1143;637.89;775.7500;54825.6500;31461.1500;30685.4000;56.7724;0.2459;0.0000;-775.7500;0.0000;6.8165;0.0000;-775.7500;0.0000;6.8165;1.0000;0.0000;0.0000;0.0000;0.0000
1144;638.19;785.2000;54898.3000;31476.8000;30691.6000;56.7175;0.2463;0.0000;-785.2000;0.0000;6.8165;0.0000;-785.2000;0.0000;6.8165;1.0000;0.0000;0.0000;0.0000;0.0000
1145;638.49;799.2500;54169.5000;31454.7500;30655.5000;57.4393;0.2408;0.0000;-799.2500;0.0000;6.8165;0.0000;-799.2500;0.0000;6.8165;1.0000;0.0000;0.0000;0.0000;0.0000
1146;638.80;794.9000;54311.1500;31355.3000;30560.4000;57.1049;0.2433;0.0000;-794.9000;0.0000;6.8165;0.0000;-794.9000;0.0000;6.8165;1.0000;0.0000;0.0000;0.0000;0.0000
1147;639.10;788.2500;54009.9000;31237.2000;30448.9500;57.2116;0.2425;0.0000;-788.2500;0.0000;6.8165;0.0000;-788.2500;0.0000;6.8165;1.0000;0.0000;0.0000;0.0000;0.0000
1148;639.40;786.8500;53534.3000;31043.9000;30257.0500;57.3621;0.2414;0.0000;-786.8500;0.0000;6.8165;0.0000;-786.8500;0.0000;6.8165;1.0000;0.0000;0.0000;0.0000;0.0000
1149;639.70;782.3500;53509.1500;30955.2500;30172.9000;57.2250;0.2424;0.0000;-782.3500;0.0000;6.8165;0.0000;-782.3500;0.0000;6.8165;1.0000;0.0000;0.0000;0.0000;0.0000
1150;640.00;784.2500;54325.8000;30764.9500;29980.7000;55.9952;0.2518;0.0000;-784.2500;0.0000;6.8165;0.0000;-784.2500;0.0000;6.8165;1.0000;0.0000;0.0000;0.0000;0.0000
1151;640.30;787.8000;54288.3500;30582.4500;29794.6500;55.6904;0.2542;0.0000;-787.8000;0.0000;6.8165;0.0000;-787.8000;0.0000;6.8165;1.0000;0.0000;0.0000;0.0000;0.0000
1152;640.60;796.0000;53991.8500;30464.3500;29668.3500;55.7719;0.2536;0.0000;-796.0000;0.0000;6.8165;0.0000;-796.0000;0.0000;6.8165;1.0000;0.0000;0.0000;0.0000;0.0000
1153;640.90;788.2500;54535.0000;30690.2000;29901.9500;55.6349;0.2547;0.0000;-788.2500;0.0000;6.8165;0.0000;-788.2500;0.0000;6.8165;1.0000;0.0000;0.0000;0.0000;0.0000
1154;641.20;783.0500;53960.8000;30378.4500;29595.4000;55.6537;0.2545;0.0000;-783.0500;0.0000;6.8165;0.0000;-783.0500;0.0000;6.8165;1.0000;0.0000;0.0000;0.0000;0.0000
1155;641.50;791.6500;53632.5500;30530.5000;29738.8500;56.2800;0.2496;0.0000;-791.6500;0.0000;6.8165;0.0000;-791.6500;0.0000;6.8165;1.0000;0.0000;0.0000;0.0000;0.0000
1156;641.80;793.2000;53285.7500;30324.1500;29530.9500;56.2574;0.2498;0.0000;-793.2000;0.0000;6.8165;0.0000;-793.2000;0.0000;6.8165;1.0000;0.0000;0.0000;0.0000;0.0000
1157;642.10;804.1000;53681.1500;30065.4500;29261.3500;55.3385;0.2570;0.0000;-804.1000;0.0000;6.8165;0.0000;-804.1000;0.0000;6.8165;1.0000;0.0000;0.0000;0.0000;0.0000
1158;642.40;783.3500;53329.5500;30010.9500;29227.6000;55.6227;0.2547;0.0000;-783.3500;0.0000;6.8165;0.0000;-783.3500;0.0000;6.8165;1.0000;0.0000;0.0000;0.0000;0.0000
1159;642.70;786.4500;53692.7000;30035.7000;29249.2500;55.2851;0.2574;0.0000;-786.4500;0.0000;6.8165;0.0000;-786.4500;0.0000;6.8165;1.0000;0.0000;0.0000;0.0000;0.0000
1160;643.00;793.9500;53214.1500;29798.3500;29004.4000;55.3306;0.2570;0.0000;-793.9500;0.0000;6.8165;0.0000;-793.9500;0.0000;6.8165;1.0000;0.0000;0.0000;0.0000;0.0000
1161;643.30;797.3500;52627.5000;29408.8000;28611.4500;55.2023;0.2580;0.0000;-797.3500;0.0000;6.8165;0.0000;-797.3500;0.0000;6.8165;1.0000;0.0000;0.0000;0.0000;0.0000
1162;643.60;784.9000;53028.6000;29261.7500;28476.8500;54.5077;0.2635;0.0000;-784.9000;0.0000;6.8165;0.0000;-784.9000;0.0000;6.8165;1.0000;0.0000;0.0000;0.0000;0.0000
1163;643.90;793.8000;53474.1500;29230.3000;28436.5000;53.9793;0.2678;0.0000;-793.8000;0.0000;6.8165;0.0000;-793.8000;0.0000;6.8165;1.0000;0.0000;0.0000;0.0000;0.0000
1164;644.20;788.8000;53976.7500;29636.9000;28848.1000;54.2380;0.2657;0.0000;-788.8000;0.0000;6.8165;0.0000;-788.8000;0.0000;6.8165;1.0000;0.0000;0.0000;0.0000;0.0000
1165;644.50;794.3000;53448.0500;29479.9000;28685.6000;54.4797;0.2638;0.0000;-794.3000;0.0000;6.8165;0.0000;-794.3000;0.0000;6.8165;1.0000;0.0000;0.0000;0.0000;0.0000
1166;644.80;780.6500;52871.7500;29609.8500;28829.2000;55.3438;0.2569;0.0000;-780.6500;0.0000;6.8165;0.0000;-780.6500;0.0000;6.8165;1.0000;0.0000;0.0000;0.0000;0.0000
1167;645.10;786.8500;52919.6000;29560.6000;28773.7500;55.1932;0.2581;0.0000;-786.8500;0.0000;6.8165;0.0000;-786.8500;0.0000;6.8165;1.0000;0.0000;0.0000;0.0000;0.0000
1168;645.40;790.4500;52022.2500;29421.0500;28630.6000;55.8844;0.2527;0.0000;-790.4500;0.0000;6.8165;0.0000;-790.4500;0.0000;6.8165;1.0000;0.0000;0.0000;0.0000;0.0000
1169;645.70;784.3500;52203.7500;29721.5000;28937.1500;56.2767;0.2497;0.0000;-784.3500;0.0000;6.8165;0.0000;-784.3500;0.0000;6.8165;1.0000;0.0000;0.0000;0.0000;0.0000
1170;646.00;774.0000;52268.7500;29233.0500;28459.0500;55.2659;0.2575;0.0000;-774.0000;0.0000;6.8165;0.0000;-774.0000;0.0000;6.8165;1.0000;0.0000;0.0000;0.0000;0.0000
1171;646.30;784.4000;52825.6000;29477.0500;28692.6500;55.1345;0.2586;0.0000;-784.4000;0.0000;6.8165;0.0000;-784.4000;0.0000;6.8165;1.0000;0.0000;0.0000;0.0000;0.0000
1172;646.59;787.5500;53242.8500;29229.8500;28442.3000;54.2220;0.2658;0.0000;-787.5500;0.0000;6.8165;0.0000;-787.5500;0.0000;6.8165;1.0000;0.0000;0.0000;0.0000;0.0000
1173;646.89;778.5000;53677.2500;29156.5000;28378.0000;53.6459;0.2705;0.0000;-778.5000;0.0000;6.8165;0.0000;-778.5000;0.0000;6.8165;1.0000;0.0000;0.0000;0.0000;0.0000
1174;647.19;795.8000;53506.3000;29339.6000;28543.8000;54.1520;0.2664;0.0000;-795.8000;0.0000;6.8165;0.0000;-795.8000;0.0000;6.8165;1.0000;0.0000;0.0000;0.0000;0.0000
1175;647.49;795.9000;53067.2000;29116.1000;28320.2000;54.1793;0.2662;0.0000;-795.9000;0.0000;6.8165;0.0000;-795.9000;0.0000;6.8165;1.0000;0.0000;0.0000;0.0000;0.0000
1176;647.79;778.0000;53106.9000;29003.5000;28225.5000;53.9386;0.2681;0.0000;-778.0000;0.0000;6.8165;0.0000;-778.0000;0.0000;6.8165;1.0000;0.0000;0.0000;0.0000;0.0000
1177;648.09;784.4500;52035.4000;28761.6000;27977.1500;54.5885;0.2629;0.0000;-784.4500;0.0000;6.8165;0.0000;-784.4500;0.0000;6.8165;1.0000;0.0000;0.0000;0.0000;0.0000
1178;648.39;780.3500;52574.9000;28828.1500;28047.8000;54.1520;0.2664;0.0000;-780.3500;0.0000;6.8165;0.0000;-780.3500;0.0000;6.8165;1.0000;0.0000;0.0000;0.0000;0.0000
1179;648.68;792.1500;53358.5500;28637.5000;27845.3500;52.9718;0.2760;0.0000;-792.1500;0.0000;6.8165;0.0000;-792.1500;0.0000;6.8165;1.0000;0.0000;0.0000;0.0000;0.0000
1180;648.98;810.9500;53140.8000;28243.6000;27432.6500;52.4226;0.2805;0.0000;-810.9500;0.0000;6.8165;0.0000;-810.9500;0.0000;6.8165;1.0000;0.0000;0.0000;0.0000;0.0000
1181;649.28;791.9000;53661.9000;28359.3500;27567.4500;52.1420;0.2828;0.0000;-791.9000;0.0000;6.8165;0.0000;-791.9000;0.0000;6.8165;1.0000;0.0000;0.0000;0.0000;0.0000
1182;649.58;775.2000;53391.0500;28499.7500;27724.5500;52.6924;0.2783;0.0000;-775.2000;0.0000;6.8165;0.0000;-775.2000;0.0000;6.8165;1.0000;0.0000;0.0000;0.0000;0.0000
1183;649.87;779.7000;52411.1000;28448.5000;27668.8000;53.5891;0.2709;0.0000;-779.7000;0.0000;6.8165;0.0000;-779.7000;0.0000;6.8165;1.0000;0.0000;0.0000;0.0000;0.0000
1184;650.17;788.1000;52025.5000;28349.2500;27561.1500;53.7911;0.2693;0.0000;-788.1000;0.0000;6.8165;0.0000;-788.1000;0.0000;6.8165;1.0000;0.0000;0.0000;0.0000;0.0000
1185;650.47;786.4500;52236.1000;28250.8500;27464.4000;53.3811;0.2726;0.0000;-786.4500;0.0000;6.8165;0.0000;-786.4500;0.0000;6.8165;1.0000;0.0000;0.0000;0.0000;0.0000
1186;650.77;777.0500;52216.2500;28396.0000;27618.9500;53.6924;0.2701;0.0000;-777.0500;0.0000;6.8165;0.0000;-777.0500;0.0000;6.8165;1.0000;0.0000;0.0000;0.0000;0.0000
1187;651.06;796.5000;52465.2500;28122.4500;27325.9500;52.8868;0.2767;0.0000;-796.5000;0.0000;6.8165;0.0000;-796.5000;0.0000;6.8165;1.0000;0.0000;0.0000;0.0000;0.0000
1188;651.36;802.2000;52119.5500;27721.2500;26919.0500;52.4560;0.2802;0.0000;-802.2000;0.0000;6.8165;0.0000;-802.2000;0.0000;6.8165;1.0000;0.0000;0.0000;0.0000;0.0000
1189;651.66;777.8000;52669.7000;27508.1500;26730.3500;51.5116;0.2881;0.0000;-777.8000;0.0000;6.8165;0.0000;-777.8000;0.0000;6.8165;1.0000;0.0000;0.0000;0.0000;0.0000
1190;651.96;786.3000;52936.6500;27280.4000;26494.1000;50.8033;0.2941;0.0000;-786.3000;0.0000;6.8165;0.0000;-786.3000;0.0000;6.8165;1.0000;0.0000;0.0000;0.0000;0.0000
1191;652.25;791.0000;52418.6500;27099.1500;26308.1500;50.9575;0.2928;0.0000;-791.0000;0.0000;6.8165;0.0000;-791.0000;0.0000;6.8165;1.0000;0.0000;0.0000;0.0000;0.0000
1192;652.55;793.0000;51909.3500;26919.1000;26126.1000;51.1110;0.2915;0.0000;-793.0000;0.0000;6.8165;0.0000;-793.0000;0.0000;6.8165;1.0000;0.0000;0.0000;0.0000;0.0000
1193;652.85;783.3500;51316.2000;26805.0500;26021.7000;51.4946;0.2882;0.0000;-783.3500;0.0000;6.8165;0.0000;-783.3500;0.0000;6.8165;1.0000;0.0000;0.0000;0.0000;0.0000
1194;653.14;791.3500;50520.5500;26736.0000;25944.6500;52.1719;0.2826;0.0000;-791.3500;0.0000;6.8165;0.0000;-791.3500;0.0000;6.8165;1.0000;0.0000;0.0000;0.0000;0.0000
1195;653.44;795.1000;50560.8500;26427.4000;25632.3000;51.5059;0.2881;0.0000;-795.1000;0.0000;6.8165;0.0000;-795.1000;0.0000;6.8165;1.0000;0.0000;0.0000;0.0000;0.0000
1196;653.74;787.0500;50583.4000;26101.6000;25314.5500;50.8362;0.2938;0.0000;-787.0500;0.0000;6.8165;0.0000;-787.0500;0.0000;6.8165;1.0000;0.0000;0.0000;0.0000;0.0000
1197;654.03;781.8500;51512.5000;26403.7500;25621.9000;50.5058;0.2967;0.0000;-781.8500;0.0000;6.8165;0.0000;-781.8500;0.0000;6.8165;1.0000;0.0000;0.0000;0.0000;0.0000
1198;654.33;792.4500;51424.3000;26600.5000;25808.0500;50.9720;0.2927;0.0000;-792.4500;0.0000;6.8165;0.0000;-792.4500;0.0000;6.8165;1.0000;0.0000;0.0000;0.0000;0.0000
1199;654.62;780.9000;50842.9500;26430.3000;25649.4000;51.2352;0.2904;0.0000;-780.9000;0.0000;6.8165;0.0000;-780.9000;0.0000;6.8165;1.0000;0.0000;0.0000;0.0000;0.0000
1200;654.92;779.6500;50684.4000;26281.8000;25502.1500;51.1016;0.2916;0.0000;-779.6500;0.0000;6.8165;0.0000;-779.6500;0.0000;6.8165;1.0000;0.0000;0.0000;0.0000;0.0000
1201;655.22;787.2000;49384.6500;25849.2000;25062.0000;51.5706;0.2876;0.0000;-787.2000;0.0000;6.8165;0.0000;-787.2000;0.0000;6.8165;1.0000;0.0000;0.0000;0.0000;0.0000
1202;655.51;798.7000;49650.5000;25787.9500;24989.2500;51.1532;0.2911;0.0000;-798.7000;0.0000;6.8165;0.0000;-798.7000;0.0000;6.8165;1.0000;0.0000;0.0000;0.0000;0.0000
1203;655.81;781.7500;49234.2000;25821.0500;25039.3000;51.6781;0.2867;0.0000;-781.7500;0.0000;6.8165;0.0000;-781.7500;0.0000;6.8165;1.0000;0.0000;0.0000;0.0000;0.0000
1204;656.10;792.4000;49643.5000;25842.0000;25049.6000;51.2775;0.2901;0.0000;-792.4000;0.0000;6.8165;0.0000;-792.4000;0.0000;6.8165;1.0000;0.0000;0.0000;0.0000;0.0000
1205;656.40;803.1500;49906.2500;25739.2000;24936.0500;50.7830;0.2943;0.0000;-803.1500;0.0000;6.8165;0.0000;-803.1500;0.0000;6.8165;1.0000;0.0000;0.0000;0.0000;0.0000
1206;656.69;789.7000;50388.1500;25869.3500;25079.6500;50.5654;0.2961;0.0000;-789.7000;0.0000;6.8165;0.0000;-789.7000;0.0000;6.8165;1.0000;0.0000;0.0000;0.0000;0.0000
1207;656.99;787.8500;50248.7500;26001.5000;25213.6500;50.9769;0.2926;0.0000;-787.8500;0.0000;6.8165;0.0000;-787.8500;0.0000;6.8165;1.0000;0.0000;0.0000;0.0000;0.0000
1208;657.29;782.7500;50214.2500;25873.1500;25090.4000;50.7579;0.2945;0.0000;-782.7500;0.0000;6.8165;0.0000;-782.7500;0.0000;6.8165;1.0000;0.0000;0.0000;0.0000;0.0000
1209;657.58;783.2500;49971.5500;25743.2500;24960.0000;50.7438;0.2946;0.0000;-783.2500;0.0000;6.8165;0.0000;-783.2500;0.0000;6.8165;1.0000;0.0000;0.0000;0.0000;0.0000
1210;657.88;803.3500;50127.3000;25459.0500;24655.7000;49.9873;0.3011;0.0000;-803.3500;0.0000;6.8165;0.0000;-803.3500;0.0000;6.8165;1.0000;0.0000;0.0000;0.0000;0.0000
1211;658.17;787.7000;49475.5000;25299.6000;24511.9000;50.3451;0.2980;0.0000;-787.7000;0.0000;6.8165;0.0000;-787.7000;0.0000;6.8165;1.0000;0.0000;0.0000;0.0000;0.0000
1212;658.47;779.0000;49332.1500;25198.8500;24419.8500;50.2951;0.2985;0.0000;-779.0000;0.0000;6.8165;0.0000;-779.0000;0.0000;6.8165;1.0000;0.0000;0.0000;0.0000;0.0000
1213;658.76;801.1000;49336.3500;25110.6000;24309.5000;50.0863;0.3003;0.0000;-801.1000;0.0000;6.8165;0.0000;-801.1000;0.0000;6.8165;1.0000;0.0000;0.0000;0.0000;0.0000
1214;659.05;797.5000;49568.2500;25224.5000;24427.0000;50.0853;0.3003;0.0000;-797.5000;0.0000;6.8165;0.0000;-797.5000;0.0000;6.8165;1.0000;0.0000;0.0000;0.0000;0.0000
1215;659.35;792.2500;49910.6500;25260.0000;24467.7500;49.8138;0.3027;0.0000;-792.2500;0.0000;6.8165;0.0000;-792.2500;0.0000;6.8165;1.0000;0.0000;0.0000;0.0000;0.0000
1216;659.64;805.5000;49497.6000;25089.1500;24283.6500;49.8718;0.3021;0.0000;-805.5000;0.0000;6.8165;0.0000;-805.5000;0.0000;6.8165;1.0000;0.0000;0.0000;0.0000;0.0000
1217;659.94;786.7500;49581.8000;25263.6500;24476.9000;50.1627;0.2996;0.0000;-786.7500;0.0000;6.8165;0.0000;-786.7500;0.0000;6.8165;1.0000;0.0000;0.0000;0.0000;0.0000
1218;660.23;785.4000;49267.0000;25305.7500;24520.3500;50.5766;0.2961;0.0000;-785.4000;0.0000;6.8165;0.0000;-785.4000;0.0000;6.8165;1.0000;0.0000;0.0000;0.0000;0.0000
1219;660.53;778.6500;48573.7000;25201.2500;24422.6000;51.0986;0.2916;0.0000;-778.6500;0.0000;6.8165;0.0000;-778.6500;0.0000;6.8165;1.0000;0.0000;0.0000;0.0000;0.0000
1220;660.82;796.5000;48932.5500;25173.8500;24377.3500;50.6426;0.2955;0.0000;-796.5000;0.0000;6.8165;0.0000;-796.5000;0.0000;6.8165;1.0000;0.0000;0.0000;0.0000;0.0000
1221;661.11;804.0000;49141.4000;24998.2000;24194.2000;50.0528;0.3006;0.0000;-804.0000;0.0000;6.8165;0.0000;-804.0000;0.0000;6.8165;1.0000;0.0000;0.0000;0.0000;0.0000
1222;661.41;789.0500;49546.5500;24812.3000;24023.2500;49.2709;0.3074;0.0000;-789.0500;0.0000;6.8165;0.0000;-789.0500;0.0000;6.8165;1.0000;0.0000;0.0000;0.0000;0.0000
1223;661.70;786.5500;49820.9500;24869.5000;24082.9500;49.1144;0.3088;0.0000;-786.5500;0.0000;6.8165;0.0000;-786.5500;0.0000;6.8165;1.0000;0.0000;0.0000;0.0000;0.0000
1224;662.00;788.8000;49648.2000;24896.2000;24107.4000;49.3404;0.3068;0.0000;-788.8000;0.0000;6.8165;0.0000;-788.8000;0.0000;6.8165;1.0000;0.0000;0.0000;0.0000;0.0000
1225;662.29;793.1500;49512.1000;24648.4000;23855.2500;48.9650;0.3101;0.0000;-793.1500;0.0000;6.8165;0.0000;-793.1500;0.0000;6.8165;1.0000;0.0000;0.0000;0.0000;0.0000
1226;662.58;802.4000;49084.4000;24489.4000;23687.0000;49.0597;0.3093;0.0000;-802.4000;0.0000;6.8165;0.0000;-802.4000;0.0000;6.8165;1.0000;0.0000;0.0000;0.0000;0.0000
1227;662.88;784.3500;48439.0000;24381.2500;23596.9000;49.5165;0.3053;0.0000;-784.3500;0.0000;6.8165;0.0000;-784.3500;0.0000;6.8165;1.0000;0.0000;0.0000;0.0000;0.0000
1228;663.17;790.7500;48375.5000;24618.9000;23828.1500;50.0752;0.3004;0.0000;-790.7500;0.0000;6.8165;0.0000;-790.7500;0.0000;6.8165;1.0000;0.0000;0.0000;0.0000;0.0000
1229;663.46;777.9000;48993.8000;24537.5000;23759.6000;49.2775;0.3074;0.0000;-777.9000;0.0000;6.8165;0.0000;-777.9000;0.0000;6.8165;1.0000;0.0000;0.0000;0.0000;0.0000
1230;663.76;784.7500;48612.3000;24391.3000;23606.5500;49.3576;0.3066;0.0000;-784.7500;0.0000;6.8165;0.0000;-784.7500;0.0000;6.8165;1.0000;0.0000;0.0000;0.0000;0.0000
1231;664.05;775.6500;48862.5500;24340.8500;23565.2000;49.0054;0.3098;0.0000;-775.6500;0.0000;6.8165;0.0000;-775.6500;0.0000;6.8165;1.0000;0.0000;0.0000;0.0000;0.0000
1232;664.34;777.2500;48956.0000;24299.9500;23522.7000;48.8238;0.3114;0.0000;-777.2500;0.0000;6.8165;0.0000;-777.2500;0.0000;6.8165;1.0000;0.0000;0.0000;0.0000;0.0000
1233;664.64;795.9000;49325.8500;24528.0500;23732.1500;48.9021;0.3107;0.0000;-795.9000;0.0000;6.8165;0.0000;-795.9000;0.0000;6.8165;1.0000;0.0000;0.0000;0.0000;0.0000
1234;664.93;790.0000;49418.4500;24809.1000;24019.1000;49.3931;0.3063;0.0000;-790.0000;0.0000;6.8165;0.0000;-790.0000;0.0000;6.8165;1.0000;0.0000;0.0000;0.0000;0.0000
1235;665.22;797.1000;48406.9500;24479.7000;23682.6000;49.7431;0.3033;0.0000;-797.1000;0.0000;6.8165;0.0000;-797.1000;0.0000;6.8165;1.0000;0.0000;0.0000;0.0000;0.0000
1236;665.51;794.4000;48509.5500;24621.3000;23826.9000;49.9357;0.3016;0.0000;-794.4000;0.0000;6.8165;0.0000;-794.4000;0.0000;6.8165;1.0000;0.0000;0.0000;0.0000;0.0000
1237;665.81;780.2000;48318.4000;24411.8500;23631.6500;49.7109;0.3035;0.0000;-780.2000;0.0000;6.8165;0.0000;-780.2000;0.0000;6.8165;1.0000;0.0000;0.0000;0.0000;0.0000
1238;666.10;779.9500;48218.6000;24134.5500;23354.6000;49.2312;0.3078;0.0000;-779.9500;0.0000;6.8165;0.0000;-779.9500;0.0000;6.8165;1.0000;0.0000;0.0000;0.0000;0.0000
1239;666.39;794.0500;48671.2500;24247.2500;23453.2000;48.9862;0.3099;0.0000;-794.0500;0.0000;6.8165;0.0000;-794.0500;0.0000;6.8165;1.0000;0.0000;0.0000;0.0000;0.0000
1240;666.68;781.6000;49748.9000;24172.3500;23390.7500;47.7681;0.3209;0.0000;-781.6000;0.0000;6.8165;0.0000;-781.6000;0.0000;6.8165;1.0000;0.0000;0.0000;0.0000;0.0000
1241;666.97;795.8000;49798.8000;24284.3500;23488.5500;47.9329;0.3194;0.0000;-795.8000;0.0000;6.8165;0.0000;-795.8000;0.0000;6.8165;1.0000;0.0000;0.0000;0.0000;0.0000
1242;667.27;787.8000;48734.8500;24376.0500;23588.2500;49.1965;0.3081;0.0000;-787.8000;0.0000;6.8165;0.0000;-787.8000;0.0000;6.8165;1.0000;0.0000;0.0000;0.0000;0.0000
1243;667.56;792.2500;48369.2500;24516.4500;23724.2000;49.8649;0.3022;0.0000;-792.2500;0.0000;6.8165;0.0000;-792.2500;0.0000;6.8165;1.0000;0.0000;0.0000;0.0000;0.0000
1244;667.85;791.7500;48366.7500;24454.1000;23662.3500;49.7369;0.3033;0.0000;-791.7500;0.0000;6.8165;0.0000;-791.7500;0.0000;6.8165;1.0000;0.0000;0.0000;0.0000;0.0000
1245;668.14;801.1500;48712.4500;24569.2000;23768.0500;49.6084;0.3044;0.0000;-801.1500;0.0000;6.8165;0.0000;-801.1500;0.0000;6.8165;1.0000;0.0000;0.0000;0.0000;0.0000
1246;668.43;795.9500;48529.4500;24556.0500;23760.1000;49.7766;0.3030;0.0000;-795.9500;0.0000;6.8165;0.0000;-795.9500;0.0000;6.8165;1.0000;0.0000;0.0000;0.0000;0.0000
1247;668.72;798.5000;48323.5500;24310.9500;23512.4500;49.4738;0.3056;0.0000;-798.5000;0.0000;6.8165;0.0000;-798.5000;0.0000;6.8165;1.0000;0.0000;0.0000;0.0000;0.0000
1248;669.02;794.3500;48625.6500;24217.0000;23422.6500;48.9693;0.3101;0.0000;-794.3500;0.0000;6.8165;0.0000;-794.3500;0.0000;6.8165;1.0000;0.0000;0.0000;0.0000;0.0000
1249;669.31;785.9000;49038.2500;24043.2500;23257.3500;48.1994;0.3170;0.0000;-785.9000;0.0000;6.8165;0.0000;-785.9000;0.0000;6.8165;1.0000;0.0000;0.0000;0.0000;0.0000
1250;669.60;794.5000;48667.3500;24042.5000;23248.0000;48.5620;0.3137;0.0000;-794.5000;0.0000;6.8165;0.0000;-794.5000;0.0000;6.8165;1.0000;0.0000;0.0000;0.0000;0.0000
1251;669.89;784.8000;48047.3000;23840.8000;23056.0000;48.7829;0.3117;0.0000;-784.8000;0.0000;6.8165;0.0000;-784.8000;0.0000;6.8165;1.0000;0.0000;0.0000;0.0000;0.0000
1252;670.18;781.9000;48056.2000;24068.4000;23286.5000;49.2583;0.3075;0.0000;-781.9000;0.0000;6.8165;0.0000;-781.9000;0.0000;6.8165;1.0000;0.0000;0.0000;0.0000;0.0000
1253;670.47;788.8500;47752.2500;23957.3500;23168.5000;49.3331;0.3069;0.0000;-788.8500;0.0000;6.8165;0.0000;-788.8500;0.0000;6.8165;1.0000;0.0000;0.0000;0.0000;0.0000
1254;670.76;775.6000;47667.0000;23987.8500;23212.2500;49.5021;0.3054;0.0000;-775.6000;0.0000;6.8165;0.0000;-775.6000;0.0000;6.8165;1.0000;0.0000;0.0000;0.0000;0.0000
1255;671.05;787.1000;47798.7500;23600.4500;22813.3500;48.5270;0.3140;0.0000;-787.1000;0.0000;6.8165;0.0000;-787.1000;0.0000;6.8165;1.0000;0.0000;0.0000;0.0000;0.0000
1256;671.34;784.4000;48336.6500;23592.9500;22808.5500;47.9652;0.3191;0.0000;-784.4000;0.0000;6.8165;0.0000;-784.4000;0.0000;6.8165;1.0000;0.0000;0.0000;0.0000;0.0000
1257;671.63;794.1500;48514.5500;23385.0500;22590.9000;47.3401;0.3248;0.0000;-794.1500;0.0000;6.8165;0.0000;-794.1500;0.0000;6.8165;1.0000;0.0000;0.0000;0.0000;0.0000
1258;671.92;783.0500;48270.8000;23496.6000;22713.5500;47.8303;0.3203;0.0000;-783.0500;0.0000;6.8165;0.0000;-783.0500;0.0000;6.8165;1.0000;0.0000;0.0000;0.0000;0.0000
1259;672.21;783.8500;48011.1000;23541.7000;22757.8500;48.1880;0.3171;0.0000;-783.8500;0.0000;6.8165;0.0000;-783.8500;0.0000;6.8165;1.0000;0.0000;0.0000;0.0000;0.0000
1260;672.50;774.4000;48377.9000;23488.6000;22714.2000;47.7154;0.3213;0.0000;-774.4000;0.0000;6.8165;0.0000;-774.4000;0.0000;6.8165;1.0000;0.0000;0.0000;0.0000;0.0000
1261;672.79;779.8000;47911.2000;23404.8500;22625.0500;48.0042;0.3187;0.0000;-779.8000;0.0000;6.8165;0.0000;-779.8000;0.0000;6.8165;1.0000;0.0000;0.0000;0.0000;0.0000
1262;673.08;790.1500;48051.1500;23499.6500;22709.5000;48.0512;0.3183;0.0000;-790.1500;0.0000;6.8165;0.0000;-790.1500;0.0000;6.8165;1.0000;0.0000;0.0000;0.0000;0.0000
1263;673.37;789.9000;48408.4000;23290.7000;22500.8000;47.2522;0.3256;0.0000;-789.9000;0.0000;6.8165;0.0000;-789.9000;0.0000;6.8165;1.0000;0.0000;0.0000;0.0000;0.0000
1264;673.66;783.7000;49002.8500;23244.7000;22461.0000;46.5811;0.3318;0.0000;-783.7000;0.0000;6.8165;0.0000;-783.7000;0.0000;6.8165;1.0000;0.0000;0.0000;0.0000;0.0000
1265;673.95;775.9000;48383.6000;23182.4000;22406.5000;47.0649;0.3273;0.0000;-775.9000;0.0000;6.8165;0.0000;-775.9000;0.0000;6.8165;1.0000;0.0000;0.0000;0.0000;0.0000
1266;674.24;788.5500;47011.1000;23205.2000;22416.6500;48.4972;0.3143;0.0000;-788.5500;0.0000;6.8165;0.0000;-788.5500;0.0000;6.8165;1.0000;0.0000;0.0000;0.0000;0.0000
1267;674.53;779.7500;47809.2500;23281.4000;22501.6500;47.8458;0.3202;0.0000;-779.7500;0.0000;6.8165;0.0000;-779.7500;0.0000;6.8165;1.0000;0.0000;0.0000;0.0000;0.0000
1268;674.82;798.6500;48263.2500;23330.3500;22531.7000;47.4705;0.3236;0.0000;-798.6500;0.0000;6.8165;0.0000;-798.6500;0.0000;6.8165;1.0000;0.0000;0.0000;0.0000;0.0000
1269;675.11;795.5500;47963.5000;23329.2000;22533.6500;47.7732;0.3208;0.0000;-795.5500;0.0000;6.8165;0.0000;-795.5500;0.0000;6.8165;1.0000;0.0000;0.0000;0.0000;0.0000
1270;675.40;794.8000;47279.3500;23263.4000;22468.6000;48.3356;0.3157;0.0000;-794.8000;0.0000;6.8165;0.0000;-794.8000;0.0000;6.8165;1.0000;0.0000;0.0000;0.0000;0.0000
1271;675.69;787.7000;47676.1000;22982.2500;22194.5500;47.3348;0.3248;0.0000;-787.7000;0.0000;6.8165;0.0000;-787.7000;0.0000;6.8165;1.0000;0.0000;0.0000;0.0000;0.0000
1272;675.98;789.5500;48584.0500;23032.8500;22243.3000;46.5395;0.3322;0.0000;-789.5500;0.0000;6.8165;0.0000;-789.5500;0.0000;6.8165;1.0000;0.0000;0.0000;0.0000;0.0000
1273;676.27;783.7000;48174.9000;23259.6000;22475.9000;47.4263;0.3240;0.0000;-783.7000;0.0000;6.8165;0.0000;-783.7000;0.0000;6.8165;1.0000;0.0000;0.0000;0.0000;0.0000
1274;676.56;783.3000;46791.3000;23244.3000;22461.0000;48.8198;0.3114;0.0000;-783.3000;0.0000;6.8165;0.0000;-783.3000;0.0000;6.8165;1.0000;0.0000;0.0000;0.0000;0.0000
1275;676.84;787.1500;46214.4500;22962.1500;22175.0000;48.8143;0.3115;0.0000;-787.1500;0.0000;6.8165;0.0000;-787.1500;0.0000;6.8165;1.0000;0.0000;0.0000;0.0000;0.0000
1276;677.13;780.5500;47501.3000;23028.2000;22247.6500;47.6183;0.3222;0.0000;-780.5500;0.0000;6.8165;0.0000;-780.5500;0.0000;6.8165;1.0000;0.0000;0.0000;0.0000;0.0000
1277;677.42;788.0000;47514.5500;23058.2500;22270.2500;47.6608;0.3218;0.0000;-788.0000;0.0000;6.8165;0.0000;-788.0000;0.0000;6.8165;1.0000;0.0000;0.0000;0.0000;0.0000
1278;677.71;794.7500;46480.7500;23011.1500;22216.4000;48.6285;0.3131;0.0000;-794.7500;0.0000;6.8165;0.0000;-794.7500;0.0000;6.8165;1.0000;0.0000;0.0000;0.0000;0.0000
1279;678.00;786.5000;46720.1500;22660.1500;21873.6500;47.6201;0.3222;0.0000;-786.5000;0.0000;6.8165;0.0000;-786.5000;0.0000;6.8165;1.0000;0.0000;0.0000;0.0000;0.0000
1280;678.29;792.8000;47998.8000;22859.0500;22066.2500;46.7446;0.3303;0.0000;-792.8000;0.0000;6.8165;0.0000;-792.8000;0.0000;6.8165;1.0000;0.0000;0.0000;0.0000;0.0000
1281;678.58;783.3500;47736.4000;23204.4000;22421.0500;47.7521;0.3210;0.0000;-783.3500;0.0000;6.8165;0.0000;-783.3500;0.0000;6.8165;1.0000;0.0000;0.0000;0.0000;0.0000
1282;678.86;767.4500;46647.0500;22996.3000;22228.8500;48.4504;0.3147;0.0000;-767.4500;0.0000;6.8165;0.0000;-767.4500;0.0000;6.8165;1.0000;0.0000;0.0000;0.0000;0.0000
1283;679.15;785.0500;45980.6500;22580.3500;21795.3000;48.2244;0.3167;0.0000;-785.0500;0.0000;6.8165;0.0000;-785.0500;0.0000;6.8165;1.0000;0.0000;0.0000;0.0000;0.0000
1284;679.44;792.9000;46577.9000;22379.4000;21586.5000;47.1475;0.3265;0.0000;-792.9000;0.0000;6.8165;0.0000;-792.9000;0.0000;6.8165;1.0000;0.0000;0.0000;0.0000;0.0000
1285;679.73;785.6000;46503.2000;22535.1000;21749.5000;47.5736;0.3226;0.0000;-785.6000;0.0000;6.8165;0.0000;-785.6000;0.0000;6.8165;1.0000;0.0000;0.0000;0.0000;0.0000
1286;680.01;795.3000;46188.9000;22747.8500;21952.5500;48.3605;0.3155;0.0000;-795.3000;0.0000;6.8165;0.0000;-795.3000;0.0000;6.8165;1.0000;0.0000;0.0000;0.0000;0.0000
1287;680.30;796.3000;45796.8000;22467.8000;21671.5000;48.1584;0.3173;0.0000;-796.3000;0.0000;6.8165;0.0000;-796.3000;0.0000;6.8165;1.0000;0.0000;0.0000;0.0000;0.0000
1288;680.59;791.7500;47205.1500;22526.2000;21734.4500;46.8280;0.3295;0.0000;-791.7500;0.0000;6.8165;0.0000;-791.7500;0.0000;6.8165;1.0000;0.0000;0.0000;0.0000;0.0000
1289;680.88;773.6500;47909.4000;22574.8500;21801.2000;46.2519;0.3349;0.0000;-773.6500;0.0000;6.8165;0.0000;-773.6500;0.0000;6.8165;1.0000;0.0000;0.0000;0.0000;0.0000
1290;681.16;791.1500;47448.9000;22796.8000;22005.6500;47.1640;0.3264;0.0000;-791.1500;0.0000;6.8165;0.0000;-791.1500;0.0000;6.8165;1.0000;0.0000;0.0000;0.0000;0.0000
1291;681.45;766.6000;47147.9500;22733.0500;21966.4500;47.3605;0.3246;0.0000;-766.6000;0.0000;6.8165;0.0000;-766.6000;0.0000;6.8165;1.0000;0.0000;0.0000;0.0000;0.0000
1292;681.74;788.5500;47188.7000;22623.1500;21834.6000;47.0572;0.3274;0.0000;-788.5500;0.0000;6.8165;0.0000;-788.5500;0.0000;6.8165;1.0000;0.0000;0.0000;0.0000;0.0000
1293;682.02;782.2000;47402.7000;22866.8500;22084.6500;47.3711;0.3245;0.0000;-782.2000;0.0000;6.8165;0.0000;-782.2000;0.0000;6.8165;1.0000;0.0000;0.0000;0.0000;0.0000
1294;682.31;779.5500;47218.0500;23176.2000;22396.6500;48.2286;0.3167;0.0000;-779.5500;0.0000;6.8165;0.0000;-779.5500;0.0000;6.8165;1.0000;0.0000;0.0000;0.0000;0.0000
1295;682.60;790.2500;47655.3500;23198.1000;22407.8500;47.8135;0.3204;0.0000;-790.2500;0.0000;6.8165;0.0000;-790.2500;0.0000;6.8165;1.0000;0.0000;0.0000;0.0000;0.0000
1296;682.88;770.0000;48612.8000;23468.7500;22698.7500;47.4444;0.3238;0.0000;-770.0000;0.0000;6.8165;0.0000;-770.0000;0.0000;6.8165;1.0000;0.0000;0.0000;0.0000;0.0000
1297;683.17;772.9000;50287.4000;23612.6500;22839.7500;46.1274;0.3360;0.0000;-772.9000;0.0000;6.8165;0.0000;-772.9000;0.0000;6.8165;1.0000;0.0000;0.0000;0.0000;0.0000
1298;683.46;792.0000;50309.8500;23761.7000;22969.7000;46.3867;0.3336;0.0000;-792.0000;0.0000;6.8165;0.0000;-792.0000;0.0000;6.8165;1.0000;0.0000;0.0000;0.0000;0.0000
1299;683.74;783.1500;49343.4500;23979.0000;23195.8500;47.7671;0.3209;0.0000;-783.1500;0.0000;6.8165;0.0000;-783.1500;0.0000;6.8165;1.0000;0.0000;0.0000;0.0000;0.0000
1300;684.03;788.6500;49353.5500;23582.6000;22793.9500;46.9350;0.3285;0.0000;-788.6500;0.0000;6.8165;0.0000;-788.6500;0.0000;6.8165;1.0000;0.0000;0.0000;0.0000;0.0000
1301;684.32;781.3500;48739.7500;23347.3000;22565.9500;47.0532;0.3274;0.0000;-781.3500;0.0000;6.8165;0.0000;-781.3500;0.0000;6.8165;1.0000;0.0000;0.0000;0.0000;0.0000
1302;684.60;776.3000;48765.1500;23652.5500;22876.2500;47.6699;0.3218;0.0000;-776.3000;0.0000;6.8165;0.0000;-776.3000;0.0000;6.8165;1.0000;0.0000;0.0000;0.0000;0.0000
1303;684.89;779.8500;48297.3500;23857.7000;23077.8500;48.5671;0.3137;0.0000;-779.8500;0.0000;6.8165;0.0000;-779.8500;0.0000;6.8165;1.0000;0.0000;0.0000;0.0000;0.0000
1304;685.17;779.1000;48084.7500;23598.8500;22819.7500;48.2390;0.3166;0.0000;-779.1000;0.0000;6.8165;0.0000;-779.1000;0.0000;6.8165;1.0000;0.0000;0.0000;0.0000;0.0000
1305;685.46;782.0000;48310.2500;23292.4500;22510.4500;47.3623;0.3246;0.0000;-782.0000;0.0000;6.8165;0.0000;-782.0000;0.0000;6.8165;1.0000;0.0000;0.0000;0.0000;0.0000
1306;685.75;792.8000;48828.5500;23159.7500;22366.9500;46.5631;0.3320;0.0000;-792.8000;0.0000;6.8165;0.0000;-792.8000;0.0000;6.8165;1.0000;0.0000;0.0000;0.0000;0.0000
1307;686.03;783.0000;48491.7000;22998.0000;22215.0000;46.5638;0.3320;0.0000;-783.0000;0.0000;6.8165;0.0000;-783.0000;0.0000;6.8165;1.0000;0.0000;0.0000;0.0000;0.0000
1308;686.32;778.5500;47312.3000;22595.2500;21816.7000;46.8836;0.3290;0.0000;-778.5500;0.0000;6.8165;0.0000;-778.5500;0.0000;6.8165;1.0000;0.0000;0.0000;0.0000;0.0000
1309;686.60;785.0500;47087.9000;22470.4500;21685.4000;46.8338;0.3294;0.0000;-785.0500;0.0000;6.8165;0.0000;-785.0500;0.0000;6.8165;1.0000;0.0000;0.0000;0.0000;0.0000
1310;686.89;784.4000;46766.4500;22239.5500;21455.1500;46.6598;0.3311;0.0000;-784.4000;0.0000;6.8165;0.0000;-784.4000;0.0000;6.8165;1.0000;0.0000;0.0000;0.0000;0.0000
1311;687.17;789.3000;45945.9500;22373.7000;21584.4000;47.7989;0.3206;0.0000;-789.3000;0.0000;6.8165;0.0000;-789.3000;0.0000;6.8165;1.0000;0.0000;0.0000;0.0000;0.0000
1312;687.46;775.4000;46314.8500;22494.3500;21718.9500;47.6926;0.3215;0.0000;-775.4000;0.0000;6.8165;0.0000;-775.4000;0.0000;6.8165;1.0000;0.0000;0.0000;0.0000;0.0000
1313;687.74;780.1500;46184.4000;22283.2500;21503.1000;47.3592;0.3246;0.0000;-780.1500;0.0000;6.8165;0.0000;-780.1500;0.0000;6.8165;1.0000;0.0000;0.0000;0.0000;0.0000
1314;688.03;783.8500;46312.8500;22161.4500;21377.6000;46.9538;0.3283;0.0000;-783.8500;0.0000;6.8165;0.0000;-783.8500;0.0000;6.8165;1.0000;0.0000;0.0000;0.0000;0.0000
1315;688.31;784.4500;47041.2000;22260.4500;21476.0000;46.4278;0.3332;0.0000;-784.4500;0.0000;6.8165;0.0000;-784.4500;0.0000;6.8165;1.0000;0.0000;0.0000;0.0000;0.0000
1316;688.60;788.2500;47048.4500;22085.1500;21296.9000;46.0372;0.3369;0.0000;-788.2500;0.0000;6.8165;0.0000;-788.2500;0.0000;6.8165;1.0000;0.0000;0.0000;0.0000;0.0000
1317;688.88;803.1000;46704.2500;21984.7500;21181.6500;46.1462;0.3359;0.0000;-803.1000;0.0000;6.8165;0.0000;-803.1000;0.0000;6.8165;1.0000;0.0000;0.0000;0.0000;0.0000
1318;689.17;780.8000;46111.9000;21753.0500;20972.2500;46.2646;0.3348;0.0000;-780.8000;0.0000;6.8165;0.0000;-780.8000;0.0000;6.8165;1.0000;0.0000;0.0000;0.0000;0.0000
1319;689.45;773.7500;46157.8000;21781.7500;21008.0000;46.2894;0.3345;0.0000;-773.7500;0.0000;6.8165;0.0000;-773.7500;0.0000;6.8165;1.0000;0.0000;0.0000;0.0000;0.0000
1320;689.73;790.5000;45762.5500;21745.9000;20955.4000;46.5965;0.3316;0.0000;-790.5000;0.0000;6.8165;0.0000;-790.5000;0.0000;6.8165;1.0000;0.0000;0.0000;0.0000;0.0000
1321;690.02;786.9000;45218.7500;21754.2000;20967.3000;47.1898;0.3262;0.0000;-786.9000;0.0000;6.8165;0.0000;-786.9000;0.0000;6.8165;1.0000;0.0000;0.0000;0.0000;0.0000
1322;690.30;785.9500;44546.0000;21584.4000;20798.4500;47.5284;0.3230;0.0000;-785.9500;0.0000;6.8165;0.0000;-785.9500;0.0000;6.8165;1.0000;0.0000;0.0000;0.0000;0.0000
1323;690.59;785.1000;44663.6000;21555.2000;20770.1000;47.3355;0.3248;0.0000;-785.1000;0.0000;6.8165;0.0000;-785.1000;0.0000;6.8165;1.0000;0.0000;0.0000;0.0000;0.0000
1324;690.87;786.8000;44681.2500;21327.4500;20540.6500;46.7956;0.3298;0.0000;-786.8000;0.0000;6.8165;0.0000;-786.8000;0.0000;6.8165;1.0000;0.0000;0.0000;0.0000;0.0000
1325;691.15;783.7000;44411.9000;20967.0000;20183.3000;46.2621;0.3348;0.0000;-783.7000;0.0000;6.8165;0.0000;-783.7000;0.0000;6.8165;1.0000;0.0000;0.0000;0.0000;0.0000
1326;691.44;795.7500;44394.6000;20823.3000;20027.5500;45.9360;0.3378;0.0000;-795.7500;0.0000;6.8165;0.0000;-795.7500;0.0000;6.8165;1.0000;0.0000;0.0000;0.0000;0.0000
1327;691.72;804.1000;43989.0000;20641.4000;19837.3000;45.9357;0.3378;0.0000;-804.1000;0.0000;6.8165;0.0000;-804.1000;0.0000;6.8165;1.0000;0.0000;0.0000;0.0000;0.0000
1328;692.01;790.5500;43548.3000;20501.7500;19711.2000;46.0997;0.3363;0.0000;-790.5500;0.0000;6.8165;0.0000;-790.5500;0.0000;6.8165;1.0000;0.0000;0.0000;0.0000;0.0000
1329;692.29;802.9500;43074.3000;20530.2000;19727.2500;46.6681;0.3310;0.0000;-802.9500;0.0000;6.8165;0.0000;-802.9500;0.0000;6.8165;1.0000;0.0000;0.0000;0.0000;0.0000
1330;692.57;793.0500;43015.0000;20701.0500;19908.0000;47.1508;0.3265;0.0000;-793.0500;0.0000;6.8165;0.0000;-793.0500;0.0000;6.8165;1.0000;0.0000;0.0000;0.0000;0.0000
1331;692.86;780.0500;42685.2000;20435.5000;19655.4500;46.9046;0.3288;0.0000;-780.0500;0.0000;6.8165;0.0000;-780.0500;0.0000;6.8165;1.0000;0.0000;0.0000;0.0000;0.0000
1332;693.14;780.0000;41920.3500;20186.7500;19406.7500;47.1721;0.3263;0.0000;-780.0000;0.0000;6.8165;0.0000;-780.0000;0.0000;6.8165;1.0000;0.0000;0.0000;0.0000;0.0000
1333;693.42;785.6500;41437.7500;19892.9500;19107.3000;47.0020;0.3279;0.0000;-785.6500;0.0000;6.8165;0.0000;-785.6500;0.0000;6.8165;1.0000;0.0000;0.0000;0.0000;0.0000
1334;693.70;778.1000;40781.3500;19544.0000;18765.9000;46.9109;0.3287;0.0000;-778.1000;0.0000;6.8165;0.0000;-778.1000;0.0000;6.8165;1.0000;0.0000;0.0000;0.0000;0.0000
1335;693.99;806.8500;41303.4500;19403.7500;18596.9000;45.9221;0.3380;0.0000;-806.8500;0.0000;6.8165;0.0000;-806.8500;0.0000;6.8165;1.0000;0.0000;0.0000;0.0000;0.0000
1336;694.27;782.3500;41774.3500;19307.8000;18525.4500;45.1928;0.3449;0.0000;-782.3500;0.0000;6.8165;0.0000;-782.3500;0.0000;6.8165;1.0000;0.0000;0.0000;0.0000;0.0000
1337;694.55;782.9000;41521.0000;19335.2000;18552.3000;45.5404;0.3416;0.0000;-782.9000;0.0000;6.8165;0.0000;-782.9000;0.0000;6.8165;1.0000;0.0000;0.0000;0.0000;0.0000
1338;694.84;796.7000;40590.6500;19221.6500;18424.9500;46.3009;0.3344;0.0000;-796.7000;0.0000;6.8165;0.0000;-796.7000;0.0000;6.8165;1.0000;0.0000;0.0000;0.0000;0.0000
1339;695.12;780.0500;40082.7500;19142.7000;18362.6500;46.7211;0.3305;0.0000;-780.0500;0.0000;6.8165;0.0000;-780.0500;0.0000;6.8165;1.0000;0.0000;0.0000;0.0000;0.0000
1340;695.40;787.6000;39767.3000;18755.0000;17967.4000;46.0942;0.3364;0.0000;-787.6000;0.0000;6.8165;0.0000;-787.6000;0.0000;6.8165;1.0000;0.0000;0.0000;0.0000;0.0000
1341;695.68;777.4000;39487.9500;18719.1500;17941.7500;46.3485;0.3340;0.0000;-777.4000;0.0000;6.8165;0.0000;-777.4000;0.0000;6.8165;1.0000;0.0000;0.0000;0.0000;0.0000
1342;695.96;793.1000;39217.2000;18674.3000;17881.2000;46.5364;0.3322;0.0000;-793.1000;0.0000;6.8165;0.0000;-793.1000;0.0000;6.8165;1.0000;0.0000;0.0000;0.0000;0.0000
1343;696.25;784.9500;38864.7000;18510.5000;17725.5500;46.5485;0.3321;0.0000;-784.9500;0.0000;6.8165;0.0000;-784.9500;0.0000;6.8165;1.0000;0.0000;0.0000;0.0000;0.0000
1344;696.53;774.7000;38792.3000;18459.0500;17684.3500;46.5162;0.3324;0.0000;-774.7000;0.0000;6.8165;0.0000;-774.7000;0.0000;6.8165;1.0000;0.0000;0.0000;0.0000;0.0000
1345;696.81;780.7500;38743.1000;18067.5000;17286.7500;45.5366;0.3416;0.0000;-780.7500;0.0000;6.8165;0.0000;-780.7500;0.0000;6.8165;1.0000;0.0000;0.0000;0.0000;0.0000
1346;697.09;781.6000;38937.9500;18030.3000;17248.7000;45.2053;0.3448;0.0000;-781.6000;0.0000;6.8165;0.0000;-781.6000;0.0000;6.8165;1.0000;0.0000;0.0000;0.0000;0.0000
1347;697.37;789.5500;38329.2000;17590.8000;16801.2500;44.7560;0.3491;0.0000;-789.5500;0.0000;6.8165;0.0000;-789.5500;0.0000;6.8165;1.0000;0.0000;0.0000;0.0000;0.0000
1348;697.65;778.8000;38156.6000;17460.9000;16682.1000;44.6310;0.3504;0.0000;-778.8000;0.0000;6.8165;0.0000;-778.8000;0.0000;6.8165;1.0000;0.0000;0.0000;0.0000;0.0000
1349;697.94;776.1500;37916.4500;17260.4000;16484.2500;44.3837;0.3528;0.0000;-776.1500;0.0000;6.8165;0.0000;-776.1500;0.0000;6.8165;1.0000;0.0000;0.0000;0.0000;0.0000
1350;698.22;776.2500;37235.3000;17036.6000;16260.3500;44.5989;0.3507;0.0000;-776.2500;0.0000;6.8165;0.0000;-776.2500;0.0000;6.8165;1.0000;0.0000;0.0000;0.0000;0.0000
1351;698.50;790.3000;37186.4000;17191.7500;16401.4500;45.0638;0.3462;0.0000;-790.3000;0.0000;6.8165;0.0000;-790.3000;0.0000;6.8165;1.0000;0.0000;0.0000;0.0000;0.0000
1352;698.78;793.5500;36894.1500;17268.2000;16474.6500;45.6354;0.3407;0.0000;-793.5500;0.0000;6.8165;0.0000;-793.5500;0.0000;6.8165;1.0000;0.0000;0.0000;0.0000;0.0000
1353;699.06;784.6000;36631.9000;17217.8500;16433.2500;45.8424;0.3387;0.0000;-784.6000;0.0000;6.8165;0.0000;-784.6000;0.0000;6.8165;1.0000;0.0000;0.0000;0.0000;0.0000
1354;699.34;794.5000;36729.0500;17257.3500;16462.8500;45.8134;0.3390;0.0000;-794.5000;0.0000;6.8165;0.0000;-794.5000;0.0000;6.8165;1.0000;0.0000;0.0000;0.0000;0.0000
1355;699.62;791.4500;36650.9000;17008.0500;16216.6000;45.2227;0.3446;0.0000;-791.4500;0.0000;6.8165;0.0000;-791.4500;0.0000;6.8165;1.0000;0.0000;0.0000;0.0000;0.0000
1356;699.90;773.5000;36562.2000;16909.6500;16136.1500;45.0873;0.3459;0.0000;-773.5000;0.0000;6.8165;0.0000;-773.5000;0.0000;6.8165;1.0000;0.0000;0.0000;0.0000;0.0000
1357;700.18;785.5000;36031.3500;16536.1500;15750.6500;44.6880;0.3498;0.0000;-785.5000;0.0000;6.8165;0.0000;-785.5000;0.0000;6.8165;1.0000;0.0000;0.0000;0.0000;0.0000
1358;700.46;778.4000;36016.3000;16552.1000;15773.7000;44.7635;0.3491;0.0000;-778.4000;0.0000;6.8165;0.0000;-778.4000;0.0000;6.8165;1.0000;0.0000;0.0000;0.0000;0.0000
1359;700.74;792.7000;35700.9000;16368.7500;15576.0500;44.6200;0.3505;0.0000;-792.7000;0.0000;6.8165;0.0000;-792.7000;0.0000;6.8165;1.0000;0.0000;0.0000;0.0000;0.0000
1360;701.03;782.9000;35216.8000;16089.9000;15307.0000;44.4533;0.3521;0.0000;-782.9000;0.0000;6.8165;0.0000;-782.9000;0.0000;6.8165;1.0000;0.0000;0.0000;0.0000;0.0000
1361;701.31;788.3500;34121.6500;15933.9000;15145.5500;45.4367;0.3426;0.0000;-788.3500;0.0000;6.8165;0.0000;-788.3500;0.0000;6.8165;1.0000;0.0000;0.0000;0.0000;0.0000
1362;701.59;777.2500;33520.3000;15896.2500;15119.0000;46.1747;0.3356;0.0000;-777.2500;0.0000;6.8165;0.0000;-777.2500;0.0000;6.8165;1.0000;0.0000;0.0000;0.0000;0.0000
1363;701.87;791.6500;33149.1000;15660.6000;14868.9500;45.9522;0.3377;0.0000;-791.6500;0.0000;6.8165;0.0000;-791.6500;0.0000;6.8165;1.0000;0.0000;0.0000;0.0000;0.0000
1364;702.15;782.2000;33455.4500;15613.4500;14831.2500;45.3926;0.3430;0.0000;-782.2000;0.0000;6.8165;0.0000;-782.2000;0.0000;6.8165;1.0000;0.0000;0.0000;0.0000;0.0000
1365;702.43;789.9500;33992.2500;15704.6500;14914.7000;44.9207;0.3476;0.0000;-789.9500;0.0000;6.8165;0.0000;-789.9500;0.0000;6.8165;1.0000;0.0000;0.0000;0.0000;0.0000
1366;702.71;773.9500;33531.2000;15418.8000;14644.8500;44.7072;0.3496;0.0000;-773.9500;0.0000;6.8165;0.0000;-773.9500;0.0000;6.8165;1.0000;0.0000;0.0000;0.0000;0.0000
1367;702.98;769.3000;33387.1500;15423.0000;14653.7000;44.9254;0.3475;0.0000;-769.3000;0.0000;6.8165;0.0000;-769.3000;0.0000;6.8165;1.0000;0.0000;0.0000;0.0000;0.0000
1368;703.26;784.3000;33009.5000;15131.0000;14346.7000;44.5201;0.3514;0.0000;-784.3000;0.0000;6.8165;0.0000;-784.3000;0.0000;6.8165;1.0000;0.0000;0.0000;0.0000;0.0000
1369;703.54;797.9500;32870.8000;14983.8000;14185.8500;44.2301;0.3543;0.0000;-797.9500;0.0000;6.8165;0.0000;-797.9500;0.0000;6.8165;1.0000;0.0000;0.0000;0.0000;0.0000
1370;703.82;791.4500;32980.6000;14835.3000;14043.8500;43.6291;0.3602;0.0000;-791.4500;0.0000;6.8165;0.0000;-791.4500;0.0000;6.8165;1.0000;0.0000;0.0000;0.0000;0.0000
1371;704.10;794.2500;32545.1500;14765.4500;13971.2000;44.0025;0.3565;0.0000;-794.2500;0.0000;6.8165;0.0000;-794.2500;0.0000;6.8165;1.0000;0.0000;0.0000;0.0000;0.0000
1372;704.38;791.9000;31546.2000;14585.1000;13793.2000;44.8497;0.3482;0.0000;-791.9000;0.0000;6.8165;0.0000;-791.9000;0.0000;6.8165;1.0000;0.0000;0.0000;0.0000;0.0000
1373;704.66;772.7500;31412.1500;14626.5000;13853.7500;45.2155;0.3447;0.0000;-772.7500;0.0000;6.8165;0.0000;-772.7500;0.0000;6.8165;1.0000;0.0000;0.0000;0.0000;0.0000
1374;704.94;775.8000;30724.2000;14326.7500;13550.9500;45.2477;0.3444;0.0000;-775.8000;0.0000;6.8165;0.0000;-775.8000;0.0000;6.8165;1.0000;0.0000;0.0000;0.0000;0.0000
1375;705.22;782.7000;31025.7500;14183.2000;13400.5000;44.3094;0.3535;0.0000;-782.7000;0.0000;6.8165;0.0000;-782.7000;0.0000;6.8165;1.0000;0.0000;0.0000;0.0000;0.0000
1376;705.50;797.7000;30694.4500;14114.4000;13316.7000;44.5423;0.3512;0.0000;-797.7000;0.0000;6.8165;0.0000;-797.7000;0.0000;6.8165;1.0000;0.0000;0.0000;0.0000;0.0000
1377;705.78;783.9500;30690.4500;14091.4500;13307.5000;44.4970;0.3517;0.0000;-783.9500;0.0000;6.8165;0.0000;-783.9500;0.0000;6.8165;1.0000;0.0000;0.0000;0.0000;0.0000
1378;706.05;781.9000;30565.0000;13877.3500;13095.4500;43.9694;0.3568;0.0000;-781.9000;0.0000;6.8165;0.0000;-781.9000;0.0000;6.8165;1.0000;0.0000;0.0000;0.0000;0.0000
1379;706.33;777.0500;30528.1500;13721.1500;12944.1000;43.5080;0.3614;0.0000;-777.0500;0.0000;6.8165;0.0000;-777.0500;0.0000;6.8165;1.0000;0.0000;0.0000;0.0000;0.0000
1380;706.61;793.1000;30419.1500;13677.6000;12884.5000;43.4904;0.3616;0.0000;-793.1000;0.0000;6.8165;0.0000;-793.1000;0.0000;6.8165;1.0000;0.0000;0.0000;0.0000;0.0000
1381;706.89;794.8500;30513.1500;13691.6500;12896.8000;43.3968;0.3625;0.0000;-794.8500;0.0000;6.8165;0.0000;-794.8500;0.0000;6.8165;1.0000;0.0000;0.0000;0.0000;0.0000
1382;707.17;785.7500;30148.5000;13661.3000;12875.5500;43.8499;0.3580;0.0000;-785.7500;0.0000;6.8165;0.0000;-785.7500;0.0000;6.8165;1.0000;0.0000;0.0000;0.0000;0.0000
1383;707.45;794.9500;29664.0000;13334.9500;12540.0000;43.4375;0.3621;0.0000;-794.9500;0.0000;6.8165;0.0000;-794.9500;0.0000;6.8165;1.0000;0.0000;0.0000;0.0000;0.0000
1384;707.72;790.9500;29147.2000;13233.3500;12442.4000;43.8789;0.3577;0.0000;-790.9500;0.0000;6.8165;0.0000;-790.9500;0.0000;6.8165;1.0000;0.0000;0.0000;0.0000;0.0000
1385;708.00;780.6000;28997.5500;13104.8000;12324.2000;43.6766;0.3598;0.0000;-780.6000;0.0000;6.8165;0.0000;-780.6000;0.0000;6.8165;1.0000;0.0000;0.0000;0.0000;0.0000
1386;708.28;785.0000;29001.6000;13188.6000;12403.6000;43.9585;0.3570;0.0000;-785.0000;0.0000;6.8165;0.0000;-785.0000;0.0000;6.8165;1.0000;0.0000;0.0000;0.0000;0.0000
1387;708.56;792.6000;28791.9500;13163.0000;12370.4000;44.1810;0.3548;0.0000;-792.6000;0.0000;6.8165;0.0000;-792.6000;0.0000;6.8165;1.0000;0.0000;0.0000;0.0000;0.0000
1388;708.83;782.4000;28229.4000;13119.9000;12337.5000;44.9503;0.3473;0.0000;-782.4000;0.0000;6.8165;0.0000;-782.4000;0.0000;6.8165;1.0000;0.0000;0.0000;0.0000;0.0000
1389;709.11;777.9500;27917.5000;13014.4500;12236.5000;45.0873;0.3459;0.0000;-777.9500;0.0000;6.8165;0.0000;-777.9500;0.0000;6.8165;1.0000;0.0000;0.0000;0.0000;0.0000
1390;709.39;787.1500;27833.6000;12948.7000;12161.5500;44.9654;0.3471;0.0000;-787.1500;0.0000;6.8165;0.0000;-787.1500;0.0000;6.8165;1.0000;0.0000;0.0000;0.0000;0.0000
1391;709.67;777.2500;27932.0500;12912.3000;12135.0500;44.6884;0.3498;0.0000;-777.2500;0.0000;6.8165;0.0000;-777.2500;0.0000;6.8165;1.0000;0.0000;0.0000;0.0000;0.0000
1392;709.94;778.8000;27928.7500;12753.7000;11974.9000;44.1065;0.3555;0.0000;-778.8000;0.0000;6.8165;0.0000;-778.8000;0.0000;6.8165;1.0000;0.0000;0.0000;0.0000;0.0000
1393;710.22;795.2500;28076.0000;12640.6500;11845.4000;43.4204;0.3623;0.0000;-795.2500;0.0000;6.8165;0.0000;-795.2500;0.0000;6.8165;1.0000;0.0000;0.0000;0.0000;0.0000
1394;710.50;790.3500;27397.1000;12429.3000;11638.9500;43.7444;0.3591;0.0000;-790.3500;0.0000;6.8165;0.0000;-790.3500;0.0000;6.8165;1.0000;0.0000;0.0000;0.0000;0.0000
1395;710.77;786.1500;27266.8500;12461.7000;11675.5500;44.0908;0.3557;0.0000;-786.1500;0.0000;6.8165;0.0000;-786.1500;0.0000;6.8165;1.0000;0.0000;0.0000;0.0000;0.0000
1396;711.05;791.8000;27257.5000;12454.7500;11662.9500;44.0682;0.3559;0.0000;-791.8000;0.0000;6.8165;0.0000;-791.8000;0.0000;6.8165;1.0000;0.0000;0.0000;0.0000;0.0000
1397;711.33;798.3000;27004.2000;12444.0500;11645.7500;44.4394;0.3522;0.0000;-798.3000;0.0000;6.8165;0.0000;-798.3000;0.0000;6.8165;1.0000;0.0000;0.0000;0.0000;0.0000
1398;711.60;805.8500;27006.6500;12278.3000;11472.4500;43.7866;0.3587;0.0000;-805.8500;0.0000;6.8165;0.0000;-805.8500;0.0000;6.8165;1.0000;0.0000;0.0000;0.0000;0.0000
1399;711.88;799.7500;26574.4500;12253.7500;11454.0000;44.4389;0.3522;0.0000;-799.7500;0.0000;6.8165;0.0000;-799.7500;0.0000;6.8165;1.0000;0.0000;0.0000;0.0000;0.0000
1400;712.16;778.2500;26407.1500;12241.5500;11463.3000;44.7280;0.3494;0.0000;-778.2500;0.0000;6.8165;0.0000;-778.2500;0.0000;6.8165;1.0000;0.0000;0.0000;0.0000;0.0000
1401;712.43;775.3500;26472.3500;12155.6500;11380.3000;44.2865;0.3537;0.0000;-775.3500;0.0000;6.8165;0.0000;-775.3500;0.0000;6.8165;1.0000;0.0000;0.0000;0.0000;0.0000
1402;712.71;777.5500;26622.1500;12197.9500;11420.4000;44.1887;0.3547;0.0000;-777.5500;0.0000;6.8165;0.0000;-777.5500;0.0000;6.8165;1.0000;0.0000;0.0000;0.0000;0.0000
1403;712.99;772.2000;26106.4000;12111.1500;11338.9500;44.7575;0.3491;0.0000;-772.2000;0.0000;6.8165;0.0000;-772.2000;0.0000;6.8165;1.0000;0.0000;0.0000;0.0000;0.0000
1404;713.26;781.4000;25677.7000;12096.5500;11315.1500;45.4491;0.3425;0.0000;-781.4000;0.0000;6.8165;0.0000;-781.4000;0.0000;6.8165;1.0000;0.0000;0.0000;0.0000;0.0000
1405;713.54;773.6500;25827.0500;11973.0000;11199.3500;44.7019;0.3497;0.0000;-773.6500;0.0000;6.8165;0.0000;-773.6500;0.0000;6.8165;1.0000;0.0000;0.0000;0.0000;0.0000
1406;713.81;795.4000;25891.8500;11977.0500;11181.6500;44.5547;0.3511;0.0000;-795.4000;0.0000;6.8165;0.0000;-795.4000;0.0000;6.8165;1.0000;0.0000;0.0000;0.0000;0.0000
1407;714.09;788.6500;25721.5500;11813.8500;11025.2000;44.2195;0.3544;0.0000;-788.6500;0.0000;6.8165;0.0000;-788.6500;0.0000;6.8165;1.0000;0.0000;0.0000;0.0000;0.0000
1408;714.36;781.9000;25186.3000;11629.7000;10847.8000;44.4502;0.3521;0.0000;-781.9000;0.0000;6.8165;0.0000;-781.9000;0.0000;6.8165;1.0000;0.0000;0.0000;0.0000;0.0000
1409;714.64;773.9500;24864.9000;11450.4500;10676.5000;44.3175;0.3534;0.0000;-773.9500;0.0000;6.8165;0.0000;-773.9500;0.0000;6.8165;1.0000;0.0000;0.0000;0.0000;0.0000
1410;714.92;803.9000;24342.3500;11190.8500;10386.9500;44.1276;0.3553;0.0000;-803.9000;0.0000;6.8165;0.0000;-803.9000;0.0000;6.8165;1.0000;0.0000;0.0000;0.0000;0.0000
1411;715.19;779.9500;24124.7500;11064.7500;10284.8000;44.0561;0.3560;0.0000;-779.9500;0.0000;6.8165;0.0000;-779.9500;0.0000;6.8165;1.0000;0.0000;0.0000;0.0000;0.0000
1412;715.47;793.7500;23569.5500;10843.2500;10049.5000;44.1236;0.3553;0.0000;-793.7500;0.0000;6.8165;0.0000;-793.7500;0.0000;6.8165;1.0000;0.0000;0.0000;0.0000;0.0000
1413;715.74;773.4000;22986.9500;10819.5000;10046.1000;45.2251;0.3446;0.0000;-773.4000;0.0000;6.8165;0.0000;-773.4000;0.0000;6.8165;1.0000;0.0000;0.0000;0.0000;0.0000
1414;716.02;775.3500;22545.8500;10698.9500;9923.6000;45.5828;0.3412;0.0000;-775.3500;0.0000;6.8165;0.0000;-775.3500;0.0000;6.8165;1.0000;0.0000;0.0000;0.0000;0.0000
1415;716.29;772.6000;22236.1000;10582.0000;9809.4000;45.7027;0.3401;0.0000;-772.6000;0.0000;6.8165;0.0000;-772.6000;0.0000;6.8165;1.0000;0.0000;0.0000;0.0000;0.0000
1416;716.57;783.5000;22118.8500;10456.3000;9672.8000;45.3370;0.3435;0.0000;-783.5000;0.0000;6.8165;0.0000;-783.5000;0.0000;6.8165;1.0000;0.0000;0.0000;0.0000;0.0000
1417;716.84;783.3500;22121.3000;10304.7000;9521.3500;44.6217;0.3505;0.0000;-783.3500;0.0000;6.8165;0.0000;-783.3500;0.0000;6.8165;1.0000;0.0000;0.0000;0.0000;0.0000
1418;717.12;780.6500;21968.6000;10118.9500;9338.3000;44.0736;0.3558;0.0000;-780.6500;0.0000;6.8165;0.0000;-780.6500;0.0000;6.8165;1.0000;0.0000;0.0000;0.0000;0.0000
1419;717.39;798.2500;21429.0500;9895.4500;9097.2000;44.0952;0.3556;0.0000;-798.2500;0.0000;6.8165;0.0000;-798.2500;0.0000;6.8165;1.0000;0.0000;0.0000;0.0000;0.0000
1420;717.66;784.3500;21057.7000;9725.3000;8940.9500;44.1020;0.3555;0.0000;-784.3500;0.0000;6.8165;0.0000;-784.3500;0.0000;6.8165;1.0000;0.0000;0.0000;0.0000;0.0000
1421;717.94;783.8000;20894.5500;9608.3500;8824.5500;43.8798;0.3577;0.0000;-783.8000;0.0000;6.8165;0.0000;-783.8000;0.0000;6.8165;1.0000;0.0000;0.0000;0.0000;0.0000
1422;718.21;785.2000;20687.6000;9429.7000;8644.5000;43.4345;0.3622;0.0000;-785.2000;0.0000;6.8165;0.0000;-785.2000;0.0000;6.8165;1.0000;0.0000;0.0000;0.0000;0.0000
1423;718.49;786.0500;20164.4500;9227.7500;8441.7000;43.5624;0.3609;0.0000;-786.0500;0.0000;6.8165;0.0000;-786.0500;0.0000;6.8165;1.0000;0.0000;0.0000;0.0000;0.0000
1424;718.76;784.2000;19735.1500;9135.3000;8351.1000;44.0669;0.3559;0.0000;-784.2000;0.0000;6.8165;0.0000;-784.2000;0.0000;6.8165;1.0000;0.0000;0.0000;0.0000;0.0000
1425;719.03;791.3500;19547.9000;9004.3500;8213.0000;43.7874;0.3587;0.0000;-791.3500;0.0000;6.8165;0.0000;-791.3500;0.0000;6.8165;1.0000;0.0000;0.0000;0.0000;0.0000
1426;719.31;771.9000;19410.7000;8880.3000;8108.4000;43.5028;0.3615;0.0000;-771.9000;0.0000;6.8165;0.0000;-771.9000;0.0000;6.8165;1.0000;0.0000;0.0000;0.0000;0.0000
1427;719.58;778.5500;18912.4000;8770.9000;7992.3500;44.0742;0.3558;0.0000;-778.5500;0.0000;6.8165;0.0000;-778.5500;0.0000;6.8165;1.0000;0.0000;0.0000;0.0000;0.0000
1428;719.86;782.6500;18693.9000;8582.0000;7799.3500;43.5444;0.3611;0.0000;-782.6500;0.0000;6.8165;0.0000;-782.6500;0.0000;6.8165;1.0000;0.0000;0.0000;0.0000;0.0000
1429;720.13;778.3000;18346.9500;8496.1500;7717.8500;43.9297;0.3572;0.0000;-778.3000;0.0000;6.8165;0.0000;-778.3000;0.0000;6.8165;1.0000;0.0000;0.0000;0.0000;0.0000
1430;720.40;792.3500;17862.9000;8331.9000;7539.5500;44.1670;0.3549;0.0000;-792.3500;0.0000;6.8165;0.0000;-792.3500;0.0000;6.8165;1.0000;0.0000;0.0000;0.0000;0.0000
1431;720.68;776.4000;17510.7000;8183.8500;7407.4500;44.2651;0.3539;0.0000;-776.4000;0.0000;6.8165;0.0000;-776.4000;0.0000;6.8165;1.0000;0.0000;0.0000;0.0000;0.0000
1432;720.95;801.4000;17025.8500;8087.5000;7286.1000;44.9081;0.3477;0.0000;-801.4000;0.0000;6.8165;0.0000;-801.4000;0.0000;6.8165;1.0000;0.0000;0.0000;0.0000;0.0000
1433;721.22;784.0500;16625.2500;7953.1000;7169.0500;45.2557;0.3443;0.0000;-784.0500;0.0000;6.8165;0.0000;-784.0500;0.0000;6.8165;1.0000;0.0000;0.0000;0.0000;0.0000
1434;721.50;786.5500;16321.1500;7852.5500;7066.0000;45.4856;0.3421;0.0000;-786.5500;0.0000;6.8165;0.0000;-786.5500;0.0000;6.8165;1.0000;0.0000;0.0000;0.0000;0.0000
1435;721.77;781.3500;16340.4000;7784.0000;7002.6500;45.0069;0.3467;0.0000;-781.3500;0.0000;6.8165;0.0000;-781.3500;0.0000;6.8165;1.0000;0.0000;0.0000;0.0000;0.0000
1436;722.04;782.5500;16189.5500;7599.2000;6816.6500;44.2439;0.3541;0.0000;-782.5500;0.0000;6.8165;0.0000;-782.5500;0.0000;6.8165;1.0000;0.0000;0.0000;0.0000;0.0000
1437;722.31;783.5000;15979.8500;7451.4500;6667.9500;43.8786;0.3577;0.0000;-783.5000;0.0000;6.8165;0.0000;-783.5000;0.0000;6.8165;1.0000;0.0000;0.0000;0.0000;0.0000
1438;722.59;763.2500;15677.6500;7333.6500;6570.4000;44.0541;0.3560;0.0000;-763.2500;0.0000;6.8165;0.0000;-763.2500;0.0000;6.8165;1.0000;0.0000;0.0000;0.0000;0.0000
1439;722.86;784.8500;15306.0000;7185.0000;6400.1500;44.0747;0.3558;0.0000;-784.8500;0.0000;6.8165;0.0000;-784.8500;0.0000;6.8165;1.0000;0.0000;0.0000;0.0000;0.0000
1440;723.13;793.1500;15235.3500;7023.4000;6230.2500;43.1392;0.3651;0.0000;-793.1500;0.0000;6.8165;0.0000;-793.1500;0.0000;6.8165;1.0000;0.0000;0.0000;0.0000;0.0000
1441;723.40;777.6500;14993.6500;6968.8000;6191.1500;43.5506;0.3610;0.0000;-777.6500;0.0000;6.8165;0.0000;-777.6500;0.0000;6.8165;1.0000;0.0000;0.0000;0.0000;0.0000
1442;723.68;787.5500;14644.0000;7005.5000;6217.9500;44.8740;0.3480;0.0000;-787.5500;0.0000;6.8165;0.0000;-787.5500;0.0000;6.8165;1.0000;0.0000;0.0000;0.0000;0.0000
1443;723.95;789.1500;14296.0500;6853.7500;6064.6000;44.9000;0.3478;0.0000;-789.1500;0.0000;6.8165;0.0000;-789.1500;0.0000;6.8165;1.0000;0.0000;0.0000;0.0000;0.0000
1444;724.22;782.0000;14012.9500;6686.1000;5904.1000;44.6234;0.3504;0.0000;-782.0000;0.0000;6.8165;0.0000;-782.0000;0.0000;6.8165;1.0000;0.0000;0.0000;0.0000;0.0000
1445;724.49;778.2000;13849.7500;6608.2500;5830.0500;44.6011;0.3507;0.0000;-778.2000;0.0000;6.8165;0.0000;-778.2000;0.0000;6.8165;1.0000;0.0000;0.0000;0.0000;0.0000
1446;724.76;787.5500;13595.4000;6542.4500;5754.9000;44.9326;0.3474;0.0000;-787.5500;0.0000;6.8165;0.0000;-787.5500;0.0000;6.8165;1.0000;0.0000;0.0000;0.0000;0.0000
1447;725.04;791.1000;13466.5000;6506.2000;5715.1000;45.0881;0.3459;0.0000;-791.1000;0.0000;6.8165;0.0000;-791.1000;0.0000;6.8165;1.0000;0.0000;0.0000;0.0000;0.0000
1448;725.31;777.0500;13286.5500;6425.8000;5648.7500;45.1557;0.3453;0.0000;-777.0500;0.0000;6.8165;0.0000;-777.0500;0.0000;6.8165;1.0000;0.0000;0.0000;0.0000;0.0000
1449;725.58;792.5000;13263.9500;6426.5500;5634.0500;45.1756;0.3451;0.0000;-792.5000;0.0000;6.8165;0.0000;-792.5000;0.0000;6.8165;1.0000;0.0000;0.0000;0.0000;0.0000
1450;725.85;783.3000;13098.8000;6379.7000;5596.4000;45.4419;0.3425;0.0000;-783.3000;0.0000;6.8165;0.0000;-783.3000;0.0000;6.8165;1.0000;0.0000;0.0000;0.0000;0.0000
1451;726.12;789.4000;13070.9500;6257.5000;5468.1000;44.5229;0.3514;0.0000;-789.4000;0.0000;6.8165;0.0000;-789.4000;0.0000;6.8165;1.0000;0.0000;0.0000;0.0000;0.0000
1452;726.39;799.9000;13066.7500;6179.5500;5379.6500;43.8552;0.3580;0.0000;-799.9000;0.0000;6.8165;0.0000;-799.9000;0.0000;6.8165;1.0000;0.0000;0.0000;0.0000;0.0000
1453;726.66;794.3500;12931.7500;6150.5500;5356.2000;44.1297;0.3553;0.0000;-794.3500;0.0000;6.8165;0.0000;-794.3500;0.0000;6.8165;1.0000;0.0000;0.0000;0.0000;0.0000
1454;726.93;782.5500;12650.1500;6116.7000;5334.1500;44.9472;0.3473;0.0000;-782.5500;0.0000;6.8165;0.0000;-782.5500;0.0000;6.8165;1.0000;0.0000;0.0000;0.0000;0.0000
1455;727.21;792.6500;12425.3000;6034.0500;5241.4000;45.0577;0.3462;0.0000;-792.6500;0.0000;6.8165;0.0000;-792.6500;0.0000;6.8165;1.0000;0.0000;0.0000;0.0000;0.0000
1456;727.48;769.1500;12256.3000;5966.8500;5197.7000;45.2480;0.3444;0.0000;-769.1500;0.0000;6.8165;0.0000;-769.1500;0.0000;6.8165;1.0000;0.0000;0.0000;0.0000;0.0000
1457;727.75;782.0500;12201.7500;5986.7000;5204.6500;45.5761;0.3413;0.0000;-782.0500;0.0000;6.8165;0.0000;-782.0500;0.0000;6.8165;1.0000;0.0000;0.0000;0.0000;0.0000
1458;728.02;787.6500;12033.7000;5910.8500;5123.2000;45.5556;0.3415;0.0000;-787.6500;0.0000;6.8165;0.0000;-787.6500;0.0000;6.8165;1.0000;0.0000;0.0000;0.0000;0.0000
1459;728.29;776.5000;11975.6000;5891.8500;5115.3500;45.6764;0.3403;0.0000;-776.5000;0.0000;6.8165;0.0000;-776.5000;0.0000;6.8165;1.0000;0.0000;0.0000;0.0000;0.0000
1460;728.56;790.6000;11887.5500;5791.2500;5000.6500;45.0633;0.3462;0.0000;-790.6000;0.0000;6.8165;0.0000;-790.6000;0.0000;6.8165;1.0000;0.0000;0.0000;0.0000;0.0000
1461;728.83;780.2500;11986.9500;5761.8500;4981.6000;44.4520;0.3521;0.0000;-780.2500;0.0000;6.8165;0.0000;-780.2500;0.0000;6.8165;1.0000;0.0000;0.0000;0.0000;0.0000
1462;729.10;771.4500;12021.2500;5660.8000;4889.3500;43.4617;0.3619;0.0000;-771.4500;0.0000;6.8165;0.0000;-771.4500;0.0000;6.8165;1.0000;0.0000;0.0000;0.0000;0.0000
1463;729.37;789.4000;11951.2500;5699.6500;4910.2500;43.9914;0.3566;0.0000;-789.4000;0.0000;6.8165;0.0000;-789.4000;0.0000;6.8165;1.0000;0.0000;0.0000;0.0000;0.0000
1464;729.64;790.2500;11810.9000;5660.9500;4870.7000;44.1961;0.3546;0.0000;-790.2500;0.0000;6.8165;0.0000;-790.2500;0.0000;6.8165;1.0000;0.0000;0.0000;0.0000;0.0000
1465;729.91;796.6500;11637.8500;5691.4000;4894.7500;45.1495;0.3453;0.0000;-796.6500;0.0000;6.8165;0.0000;-796.6500;0.0000;6.8165;1.0000;0.0000;0.0000;0.0000;0.0000
1466;730.18;783.5500;11625.7500;5702.3500;4918.8000;45.3672;0.3433;0.0000;-783.5500;0.0000;6.8165;0.0000;-783.5500;0.0000;6.8165;1.0000;0.0000;0.0000;0.0000;0.0000
1467;730.45;786.2500;11414.3500;5617.1000;4830.8500;45.4536;0.3424;0.0000;-786.2500;0.0000;6.8165;0.0000;-786.2500;0.0000;6.8165;1.0000;0.0000;0.0000;0.0000;0.0000
1468;730.72;777.8000;11340.7500;5612.4500;4834.6500;45.7699;0.3394;0.0000;-777.8000;0.0000;6.8165;0.0000;-777.8000;0.0000;6.8165;1.0000;0.0000;0.0000;0.0000;0.0000
1469;730.99;786.8500;11286.9500;5585.6500;4798.8000;45.7024;0.3401;0.0000;-786.8500;0.0000;6.8165;0.0000;-786.8500;0.0000;6.8165;1.0000;0.0000;0.0000;0.0000;0.0000
1470;731.26;779.7500;11249.4500;5546.1000;4766.3500;45.5252;0.3417;0.0000;-779.7500;0.0000;6.8165;0.0000;-779.7500;0.0000;6.8165;1.0000;0.0000;0.0000;0.0000;0.0000
1471;731.53;797.0500;11300.0500;5544.0000;4746.9500;45.1961;0.3449;0.0000;-797.0500;0.0000;6.8165;0.0000;-797.0500;0.0000;6.8165;1.0000;0.0000;0.0000;0.0000;0.0000
1472;731.80;786.2000;11281.9500;5556.1500;4769.9500;45.4465;0.3425;0.0000;-786.2000;0.0000;6.8165;0.0000;-786.2000;0.0000;6.8165;1.0000;0.0000;0.0000;0.0000;0.0000
1473;732.06;777.6500;11161.1500;5554.2500;4776.6000;46.0018;0.3372;0.0000;-777.6500;0.0000;6.8165;0.0000;-777.6500;0.0000;6.8165;1.0000;0.0000;0.0000;0.0000;0.0000
1474;732.33;787.1500;11370.4000;5704.7000;4917.5500;46.4654;0.3329;0.0000;-787.1500;0.0000;6.8165;0.0000;-787.1500;0.0000;6.8165;1.0000;0.0000;0.0000;0.0000;0.0000
1475;732.60;783.8500;11282.7500;5678.2000;4894.3500;46.6177;0.3314;0.0000;-783.8500;0.0000;6.8165;0.0000;-783.8500;0.0000;6.8165;1.0000;0.0000;0.0000;0.0000;0.0000
1476;732.87;785.1000;11394.9000;5705.1500;4920.0500;46.3727;0.3337;0.0000;-785.1000;0.0000;6.8165;0.0000;-785.1000;0.0000;6.8165;1.0000;0.0000;0.0000;0.0000;0.0000
1477;733.14;774.9500;11530.4000;5718.7000;4943.7500;45.9651;0.3376;0.0000;-774.9500;0.0000;6.8165;0.0000;-774.9500;0.0000;6.8165;1.0000;0.0000;0.0000;0.0000;0.0000
1478;733.41;787.3000;11435.5500;5688.4000;4901.1000;46.0273;0.3370;0.0000;-787.3000;0.0000;6.8165;0.0000;-787.3000;0.0000;6.8165;1.0000;0.0000;0.0000;0.0000;0.0000
1479;733.68;784.0500;11331.1000;5677.3500;4893.3000;46.3950;0.3335;0.0000;-784.0500;0.0000;6.8165;0.0000;-784.0500;0.0000;6.8165;1.0000;0.0000;0.0000;0.0000;0.0000
1480;733.95;777.3500;11197.3000;5618.2500;4840.9000;46.4580;0.3329;0.0000;-777.3500;0.0000;6.8165;0.0000;-777.3500;0.0000;6.8165;1.0000;0.0000;0.0000;0.0000;0.0000
1481;734.21;779.8500;11026.6500;5509.6500;4729.8000;46.1588;0.3357;0.0000;-779.8500;0.0000;6.8165;0.0000;-779.8500;0.0000;6.8165;1.0000;0.0000;0.0000;0.0000;0.0000
1482;734.48;790.8000;10856.4500;5403.0500;4612.2500;45.8217;0.3389;0.0000;-790.8000;0.0000;6.8165;0.0000;-790.8000;0.0000;6.8165;1.0000;0.0000;0.0000;0.0000;0.0000
1483;734.75;792.6000;10782.1000;5288.9000;4496.3000;45.0103;0.3467;0.0000;-792.6000;0.0000;6.8165;0.0000;-792.6000;0.0000;6.8165;1.0000;0.0000;0.0000;0.0000;0.0000
1484;735.02;777.5500;10617.1500;5223.4500;4445.9000;45.1837;0.3450;0.0000;-777.5500;0.0000;6.8165;0.0000;-777.5500;0.0000;6.8165;1.0000;0.0000;0.0000;0.0000;0.0000
1485;735.29;778.3000;10410.0500;5188.4000;4410.1000;45.7871;0.3393;0.0000;-778.3000;0.0000;6.8165;0.0000;-778.3000;0.0000;6.8165;1.0000;0.0000;0.0000;0.0000;0.0000
1486;735.55;792.6000;10199.0500;5068.8000;4276.2000;45.4603;0.3424;0.0000;-792.6000;0.0000;6.8165;0.0000;-792.6000;0.0000;6.8165;1.0000;0.0000;0.0000;0.0000;0.0000
1487;735.82;794.0500;10012.6500;5030.5000;4236.4500;45.9555;0.3377;0.0000;-794.0500;0.0000;6.8165;0.0000;-794.0500;0.0000;6.8165;1.0000;0.0000;0.0000;0.0000;0.0000
1488;736.09;778.4500;9677.7500;4941.7500;4163.3000;46.7823;0.3299;0.0000;-778.4500;0.0000;6.8165;0.0000;-778.4500;0.0000;6.8165;1.0000;0.0000;0.0000;0.0000;0.0000
1489;736.36;784.1000;9532.3000;4858.3500;4074.2500;46.5724;0.3319;0.0000;-784.1000;0.0000;6.8165;0.0000;-784.1000;0.0000;6.8165;1.0000;0.0000;0.0000;0.0000;0.0000
1490;736.62;783.1000;9451.0500;4796.6500;4013.5500;46.3033;0.3344;0.0000;-783.1000;0.0000;6.8165;0.0000;-783.1000;0.0000;6.8165;1.0000;0.0000;0.0000;0.0000;0.0000
1491;736.89;787.5500;9367.4000;4706.6500;3919.1000;45.6780;0.3403;0.0000;-787.5500;0.0000;6.8165;0.0000;-787.5500;0.0000;6.8165;1.0000;0.0000;0.0000;0.0000;0.0000
1492;737.16;778.9500;9219.3500;4610.4000;3831.4500;45.3942;0.3430;0.0000;-778.9500;0.0000;6.8165;0.0000;-778.9500;0.0000;6.8165;1.0000;0.0000;0.0000;0.0000;0.0000
1493;737.43;791.9000;9037.3500;4524.4000;3732.5000;45.2674;0.3442;0.0000;-791.9000;0.0000;6.8165;0.0000;-791.9000;0.0000;6.8165;1.0000;0.0000;0.0000;0.0000;0.0000
1494;737.69;782.5000;8880.9000;4461.7000;3679.2000;45.4312;0.3426;0.0000;-782.5000;0.0000;6.8165;0.0000;-782.5000;0.0000;6.8165;1.0000;0.0000;0.0000;0.0000;0.0000
1495;737.96;796.0000;8724.8500;4424.9500;3628.9500;45.7689;0.3394;0.0000;-796.0000;0.0000;6.8165;0.0000;-796.0000;0.0000;6.8165;1.0000;0.0000;0.0000;0.0000;0.0000
1496;738.23;784.0000;8618.3000;4387.0000;3603.0000;45.9901;0.3373;0.0000;-784.0000;0.0000;6.8165;0.0000;-784.0000;0.0000;6.8165;1.0000;0.0000;0.0000;0.0000;0.0000
1497;738.49;795.4500;8531.7000;4313.5000;3518.0500;45.4749;0.3422;0.0000;-795.4500;0.0000;6.8165;0.0000;-795.4500;0.0000;6.8165;1.0000;0.0000;0.0000;0.0000;0.0000
1498;738.76;790.7500;8339.1500;4274.5500;3483.8000;46.1528;0.3358;0.0000;-790.7500;0.0000;6.8165;0.0000;-790.7500;0.0000;6.8165;1.0000;0.0000;0.0000;0.0000;0.0000
1499;739.03;789.6000;8278.9000;4226.0500;3436.4500;45.8848;0.3383;0.0000;-789.6000;0.0000;6.8165;0.0000;-789.6000;0.0000;6.8165;1.0000;0.0000;0.0000;0.0000;0.0000
1500;739.29;784.0500;8199.9500;4176.8000;3392.7500;45.7497;0.3396;0.0000;-784.0500;0.0000;6.8165;0.0000;-784.0500;0.0000;6.8165;1.0000;0.0000;0.0000;0.0000;0.0000
1501;739.56;793.2500;8141.9000;4159.3000;3366.0500;45.8050;0.3391;0.0000;-793.2500;0.0000;6.8165;0.0000;-793.2500;0.0000;6.8165;1.0000;0.0000;0.0000;0.0000;0.0000
1502;739.83;776.1500;7994.4000;4073.1500;3297.0000;45.6759;0.3403;0.0000;-776.1500;0.0000;6.8165;0.0000;-776.1500;0.0000;6.8165;1.0000;0.0000;0.0000;0.0000;0.0000
1503;740.09;776.0500;7791.1000;4035.9500;3259.9000;46.4701;0.3328;0.0000;-776.0500;0.0000;6.8165;0.0000;-776.0500;0.0000;6.8165;1.0000;0.0000;0.0000;0.0000;0.0000
1504;740.36;787.3500;7743.9000;3975.8000;3188.4500;45.8338;0.3388;0.0000;-787.3500;0.0000;6.8165;0.0000;-787.3500;0.0000;6.8165;1.0000;0.0000;0.0000;0.0000;0.0000
1505;740.62;788.1000;7555.4500;3949.5500;3161.4500;46.7162;0.3305;0.0000;-788.1000;0.0000;6.8165;0.0000;-788.1000;0.0000;6.8165;1.0000;0.0000;0.0000;0.0000;0.0000
1506;740.89;795.5000;7412.5000;3892.5000;3097.0000;46.8037;0.3297;0.0000;-795.5000;0.0000;6.8165;0.0000;-795.5000;0.0000;6.8165;1.0000;0.0000;0.0000;0.0000;0.0000
1507;741.16;793.1500;7361.1000;3816.4500;3023.3000;46.0311;0.3369;0.0000;-793.1500;0.0000;6.8165;0.0000;-793.1500;0.0000;6.8165;1.0000;0.0000;0.0000;0.0000;0.0000
1508;741.42;782.0000;7285.4000;3706.8000;2924.8000;44.9734;0.3470;0.0000;-782.0000;0.0000;6.8165;0.0000;-782.0000;0.0000;6.8165;1.0000;0.0000;0.0000;0.0000;0.0000
1509;741.69;782.4000;7117.3500;3649.1000;2866.7000;45.2521;0.3444;0.0000;-782.4000;0.0000;6.8165;0.0000;-782.4000;0.0000;6.8165;1.0000;0.0000;0.0000;0.0000;0.0000
1510;741.95;783.8500;6954.5000;3668.9500;2885.1000;46.7552;0.3302;0.0000;-783.8500;0.0000;6.8165;0.0000;-783.8500;0.0000;6.8165;1.0000;0.0000;0.0000;0.0000;0.0000
1511;742.22;797.7500;6900.4500;3570.3000;2772.5500;45.4315;0.3426;0.0000;-797.7500;0.0000;6.8165;0.0000;-797.7500;0.0000;6.8165;1.0000;0.0000;0.0000;0.0000;0.0000
1512;742.48;803.2500;6677.9000;3439.8000;2636.5500;44.8801;0.3479;0.0000;-803.2500;0.0000;6.8165;0.0000;-803.2500;0.0000;6.8165;1.0000;0.0000;0.0000;0.0000;0.0000
1513;742.75;794.2000;6517.8000;3389.1500;2594.9500;45.3377;0.3435;0.0000;-794.2000;0.0000;6.8165;0.0000;-794.2000;0.0000;6.8165;1.0000;0.0000;0.0000;0.0000;0.0000
1514;743.01;781.0500;6376.5000;3331.6000;2550.5500;45.5826;0.3412;0.0000;-781.0500;0.0000;6.8165;0.0000;-781.0500;0.0000;6.8165;1.0000;0.0000;0.0000;0.0000;0.0000
1515;743.28;772.8500;6240.7000;3262.6500;2489.8000;45.5353;0.3417;0.0000;-772.8500;0.0000;6.8165;0.0000;-772.8500;0.0000;6.8165;1.0000;0.0000;0.0000;0.0000;0.0000
1516;743.54;773.1500;6043.0500;3159.0000;2385.8500;45.2732;0.3442;0.0000;-773.1500;0.0000;6.8165;0.0000;-773.1500;0.0000;6.8165;1.0000;0.0000;0.0000;0.0000;0.0000
1517;743.81;788.1500;5872.2000;3125.0500;2336.9000;45.9653;0.3376;0.0000;-788.1500;0.0000;6.8165;0.0000;-788.1500;0.0000;6.8165;1.0000;0.0000;0.0000;0.0000;0.0000
1518;744.07;769.7500;5724.1500;3051.4000;2281.6500;46.0530;0.3367;0.0000;-769.7500;0.0000;6.8165;0.0000;-769.7500;0.0000;6.8165;1.0000;0.0000;0.0000;0.0000;0.0000
1519;744.34;778.8000;5612.8500;3003.1000;2224.3000;46.0132;0.3371;0.0000;-778.8000;0.0000;6.8165;0.0000;-778.8000;0.0000;6.8165;1.0000;0.0000;0.0000;0.0000;0.0000
1520;744.60;778.4000;5422.6500;2948.2000;2169.8000;46.7201;0.3305;0.0000;-778.4000;0.0000;6.8165;0.0000;-778.4000;0.0000;6.8165;1.0000;0.0000;0.0000;0.0000;0.0000
1521;744.87;784.4000;5374.7000;2852.8000;2068.4000;45.0602;0.3462;0.0000;-784.4000;0.0000;6.8165;0.0000;-784.4000;0.0000;6.8165;1.0000;0.0000;0.0000;0.0000;0.0000
1522;745.13;784.1500;5274.2000;2811.8000;2027.6500;45.1587;0.3453;0.0000;-784.1500;0.0000;6.8165;0.0000;-784.1500;0.0000;6.8165;1.0000;0.0000;0.0000;0.0000;0.0000
1523;745.39;780.6000;5142.0500;2757.4000;1976.8000;45.3244;0.3437;0.0000;-780.6000;0.0000;6.8165;0.0000;-780.6000;0.0000;6.8165;1.0000;0.0000;0.0000;0.0000;0.0000
1524;745.66;799.2500;4963.7000;2701.9500;1902.7000;45.6891;0.3402;0.0000;-799.2500;0.0000;6.8165;0.0000;-799.2500;0.0000;6.8165;1.0000;0.0000;0.0000;0.0000;0.0000
1525;745.92;783.0000;4795.7500;2670.7500;1887.7500;47.0438;0.3275;0.0000;-783.0000;0.0000;6.8165;0.0000;-783.0000;0.0000;6.8165;1.0000;0.0000;0.0000;0.0000;0.0000
1526;746.19;776.8000;4708.9000;2609.2500;1832.4500;46.6023;0.3316;0.0000;-776.8000;0.0000;6.8165;0.0000;-776.8000;0.0000;6.8165;1.0000;0.0000;0.0000;0.0000;0.0000
1527;746.45;773.4500;4578.4500;2570.4000;1796.9500;47.2260;0.3258;0.0000;-773.4500;0.0000;6.8165;0.0000;-773.4500;0.0000;6.8165;1.0000;0.0000;0.0000;0.0000;0.0000
1528;746.71;766.7000;4485.5000;2527.3000;1760.6000;47.3432;0.3247;0.0000;-766.7000;0.0000;6.8165;0.0000;-766.7000;0.0000;6.8165;1.0000;0.0000;0.0000;0.0000;0.0000
1529;746.98;777.3500;4390.4000;2481.2500;1703.9000;47.1596;0.3264;0.0000;-777.3500;0.0000;6.8165;0.0000;-777.3500;0.0000;6.8165;1.0000;0.0000;0.0000;0.0000;0.0000
1530;747.24;788.2000;4294.5500;2438.2000;1650.0000;47.0575;0.3274;0.0000;-788.2000;0.0000;6.8165;0.0000;-788.2000;0.0000;6.8165;1.0000;0.0000;0.0000;0.0000;0.0000
1531;747.50;780.3500;4218.0000;2383.8000;1603.4500;46.6438;0.3312;0.0000;-780.3500;0.0000;6.8165;0.0000;-780.3500;0.0000;6.8165;1.0000;0.0000;0.0000;0.0000;0.0000
1532;747.77;786.2000;4104.0500;2323.4000;1537.2000;46.3312;0.3341;0.0000;-786.2000;0.0000;6.8165;0.0000;-786.2000;0.0000;6.8165;1.0000;0.0000;0.0000;0.0000;0.0000
1533;748.03;784.3500;3997.6500;2269.1500;1484.8000;46.2079;0.3353;0.0000;-784.3500;0.0000;6.8165;0.0000;-784.3500;0.0000;6.8165;1.0000;0.0000;0.0000;0.0000;0.0000
1534;748.29;798.4000;3961.2500;2248.0500;1449.6500;45.8337;0.3388;0.0000;-798.4000;0.0000;6.8165;0.0000;-798.4000;0.0000;6.8165;1.0000;0.0000;0.0000;0.0000;0.0000
1535;748.56;793.4000;3817.2000;2241.6500;1448.2500;47.8950;0.3197;0.0000;-793.4000;0.0000;6.8165;0.0000;-793.4000;0.0000;6.8165;1.0000;0.0000;0.0000;0.0000;0.0000
1536;748.82;793.8000;3714.1000;2212.7500;1418.9500;48.5892;0.3135;0.0000;-793.8000;0.0000;6.8165;0.0000;-793.8000;0.0000;6.8165;1.0000;0.0000;0.0000;0.0000;0.0000
1537;749.08;782.4000;3727.1000;2170.8000;1388.4000;47.1491;0.3265;0.0000;-782.4000;0.0000;6.8165;0.0000;-782.4000;0.0000;6.8165;1.0000;0.0000;0.0000;0.0000;0.0000
1538;749.34;789.0500;3719.0500;2147.9500;1358.9000;46.3788;0.3337;0.0000;-789.0500;0.0000;6.8165;0.0000;-789.0500;0.0000;6.8165;1.0000;0.0000;0.0000;0.0000;0.0000
1539;749.61;790.1500;3669.9000;2120.2500;1330.1000;46.1880;0.3355;0.0000;-790.1500;0.0000;6.8165;0.0000;-790.1500;0.0000;6.8165;1.0000;0.0000;0.0000;0.0000;0.0000
1540;749.87;789.7500;3564.8500;2098.2000;1308.4500;47.1497;0.3265;0.0000;-789.7500;0.0000;6.8165;0.0000;-789.7500;0.0000;6.8165;1.0000;0.0000;0.0000;0.0000;0.0000
1541;750.13;786.8500;3512.3500;2077.8000;1290.9500;47.3656;0.3245;0.0000;-786.8500;0.0000;6.8165;0.0000;-786.8500;0.0000;6.8165;1.0000;0.0000;0.0000;0.0000;0.0000
1542;750.39;788.4500;3475.9000;2073.6000;1285.1500;47.8204;0.3204;0.0000;-788.4500;0.0000;6.8165;0.0000;-788.4500;0.0000;6.8165;1.0000;0.0000;0.0000;0.0000;0.0000
1543;750.65;784.6000;3405.2500;2005.0500;1220.4500;46.5705;0.3319;0.0000;-784.6000;0.0000;6.8165;0.0000;-784.6000;0.0000;6.8165;1.0000;0.0000;0.0000;0.0000;0.0000
1544;750.92;774.0000;3325.3500;1996.4000;1222.4000;47.9119;0.3196;0.0000;-774.0000;0.0000;6.8165;0.0000;-774.0000;0.0000;6.8165;1.0000;0.0000;0.0000;0.0000;0.0000
1545;751.18;785.1500;3299.8000;1974.7000;1189.5500;47.3048;0.3251;0.0000;-785.1500;0.0000;6.8165;0.0000;-785.1500;0.0000;6.8165;1.0000;0.0000;0.0000;0.0000;0.0000
1546;751.44;791.8000;3292.1500;1944.0500;1152.2500;46.0835;0.3365;0.0000;-791.8000;0.0000;6.8165;0.0000;-791.8000;0.0000;6.8165;1.0000;0.0000;0.0000;0.0000;0.0000
1547;751.70;785.9500;3202.0500;1936.7000;1150.7500;47.6284;0.3221;0.0000;-785.9500;0.0000;6.8165;0.0000;-785.9500;0.0000;6.8165;1.0000;0.0000;0.0000;0.0000;0.0000
1548;751.96;786.3500;3128.0500;1903.8000;1117.4500;47.7196;0.3213;0.0000;-786.3500;0.0000;6.8165;0.0000;-786.3500;0.0000;6.8165;1.0000;0.0000;0.0000;0.0000;0.0000
1549;752.23;787.3000;3078.9000;1885.9000;1098.6000;47.9403;0.3193;0.0000;-787.3000;0.0000;6.8165;0.0000;-787.3000;0.0000;6.8165;1.0000;0.0000;0.0000;0.0000;0.0000
1550;752.49;781.1500;3025.2000;1864.8000;1083.6500;48.2899;0.3161;0.0000;-781.1500;0.0000;6.8165;0.0000;-781.1500;0.0000;6.8165;1.0000;0.0000;0.0000;0.0000;0.0000
1551;752.75;781.2000;2957.0000;1841.2500;1060.0500;48.7200;0.3123;0.0000;-781.2000;0.0000;6.8165;0.0000;-781.2000;0.0000;6.8165;1.0000;0.0000;0.0000;0.0000;0.0000
1552;753.01;774.6000;2957.2000;1808.0000;1033.4000;47.3472;0.3247;0.0000;-774.6000;0.0000;6.8165;0.0000;-774.6000;0.0000;6.8165;1.0000;0.0000;0.0000;0.0000;0.0000
1553;753.27;795.1500;2972.8000;1810.4500;1015.3000;46.6237;0.3314;0.0000;-795.1500;0.0000;6.8165;0.0000;-795.1500;0.0000;6.8165;1.0000;0.0000;0.0000;0.0000;0.0000
1554;753.53;787.7500;2947.7500;1819.6500;1031.9000;47.7731;0.3208;0.0000;-787.7500;0.0000;6.8165;0.0000;-787.7500;0.0000;6.8165;1.0000;0.0000;0.0000;0.0000;0.0000
1555;753.79;790.3000;2878.6000;1781.2500;990.9500;47.4525;0.3237;0.0000;-790.3000;0.0000;6.8165;0.0000;-790.3000;0.0000;6.8165;1.0000;0.0000;0.0000;0.0000;0.0000
1556;754.05;788.5500;2825.7000;1771.8000;983.2500;48.2660;0.3164;0.0000;-788.5500;0.0000;6.8165;0.0000;-788.5500;0.0000;6.8165;1.0000;0.0000;0.0000;0.0000;0.0000
1557;754.31;795.2500;2784.7000;1746.7500;951.5000;47.8273;0.3203;0.0000;-795.2500;0.0000;6.8165;0.0000;-795.2500;0.0000;6.8165;1.0000;0.0000;0.0000;0.0000;0.0000
1558;754.57;787.9500;2709.2500;1728.0500;940.1000;48.9304;0.3104;0.0000;-787.9500;0.0000;6.8165;0.0000;-787.9500;0.0000;6.8165;1.0000;0.0000;0.0000;0.0000;0.0000
1559;754.84;789.8000;2673.7000;1724.1500;934.3500;49.5966;0.3045;0.0000;-789.8000;0.0000;6.8165;0.0000;-789.8000;0.0000;6.8165;1.0000;0.0000;0.0000;0.0000;0.0000
1560;755.10;787.5500;2669.2000;1719.8000;932.2500;49.5443;0.3050;0.0000;-787.5500;0.0000;6.8165;0.0000;-787.5500;0.0000;6.8165;1.0000;0.0000;0.0000;0.0000;0.0000
1561;755.36;797.0500;2671.9500;1700.1000;903.0500;48.1652;0.3173;0.0000;-797.0500;0.0000;6.8165;0.0000;-797.0500;0.0000;6.8165;1.0000;0.0000;0.0000;0.0000;0.0000
1562;755.62;789.4000;2628.2500;1682.2000;892.8000;48.5521;0.3138;0.0000;-789.4000;0.0000;6.8165;0.0000;-789.4000;0.0000;6.8165;1.0000;0.0000;0.0000;0.0000;0.0000
1563;755.88;765.9000;2598.0500;1676.5000;910.6000;49.7012;0.3036;0.0000;-765.9000;0.0000;6.8165;0.0000;-765.9000;0.0000;6.8165;1.0000;0.0000;0.0000;0.0000;0.0000
1564;756.14;780.0000;2618.8500;1651.9000;871.9000;47.4155;0.3241;0.0000;-780.0000;0.0000;6.8165;0.0000;-780.0000;0.0000;6.8165;1.0000;0.0000;0.0000;0.0000;0.0000
1565;756.40;780.2000;2562.1500;1656.2000;876.0000;49.1596;0.3084;0.0000;-780.2000;0.0000;6.8165;0.0000;-780.2000;0.0000;6.8165;1.0000;0.0000;0.0000;0.0000;0.0000
1566;756.66;777.8000;2518.3000;1632.7000;854.9000;49.1181;0.3088;0.0000;-777.8000;0.0000;6.8165;0.0000;-777.8000;0.0000;6.8165;1.0000;0.0000;0.0000;0.0000;0.0000
1567;756.92;786.7000;2511.8000;1638.6000;851.9000;49.3826;0.3064;0.0000;-786.7000;0.0000;6.8165;0.0000;-786.7000;0.0000;6.8165;1.0000;0.0000;0.0000;0.0000;0.0000
1568;757.18;782.1500;2448.4000;1613.3000;831.1500;49.8815;0.3021;0.0000;-782.1500;0.0000;6.8165;0.0000;-782.1500;0.0000;6.8165;1.0000;0.0000;0.0000;0.0000;0.0000
1569;757.43;787.2500;2476.2000;1605.1500;817.9000;48.4265;0.3149;0.0000;-787.2500;0.0000;6.8165;0.0000;-787.2500;0.0000;6.8165;1.0000;0.0000;0.0000;0.0000;0.0000
1570;757.69;792.4500;2433.5000;1584.0500;791.6000;48.2374;0.3166;0.0000;-792.4500;0.0000;6.8165;0.0000;-792.4500;0.0000;6.8165;1.0000;0.0000;0.0000;0.0000;0.0000
1571;757.95;796.2000;2455.2000;1607.7500;811.5500;48.9180;0.3105;0.0000;-796.2000;0.0000;6.8165;0.0000;-796.2000;0.0000;6.8165;1.0000;0.0000;0.0000;0.0000;0.0000
1572;758.21;798.1000;2432.8500;1612.3500;814.2500;49.8088;0.3027;0.0000;-798.1000;0.0000;6.8165;0.0000;-798.1000;0.0000;6.8165;1.0000;0.0000;0.0000;0.0000;0.0000
1573;758.47;785.1500;2423.4500;1593.5500;808.4000;49.3438;0.3068;0.0000;-785.1500;0.0000;6.8165;0.0000;-785.1500;0.0000;6.8165;1.0000;0.0000;0.0000;0.0000;0.0000
1574;758.73;785.6000;2399.6500;1593.0000;807.4000;50.0232;0.3008;0.0000;-785.6000;0.0000;6.8165;0.0000;-785.6000;0.0000;6.8165;1.0000;0.0000;0.0000;0.0000;0.0000
1575;758.99;776.4500;2426.4000;1587.4000;810.9500;49.1500;0.3085;0.0000;-776.4500;0.0000;6.8165;0.0000;-776.4500;0.0000;6.8165;1.0000;0.0000;0.0000;0.0000;0.0000
1576;759.25;787.0500;2442.2000;1583.1500;796.1000;48.0984;0.3179;0.0000;-787.0500;0.0000;6.8165;0.0000;-787.0500;0.0000;6.8165;1.0000;0.0000;0.0000;0.0000;0.0000
1577;759.51;783.5500;2414.2000;1589.5500;806.0000;49.4281;0.3060;0.0000;-783.5500;0.0000;6.8165;0.0000;-783.5500;0.0000;6.8165;1.0000;0.0000;0.0000;0.0000;0.0000
1578;759.77;782.5000;2435.8500;1562.9500;780.4500;47.2042;0.3260;0.0000;-782.5000;0.0000;6.8165;0.0000;-782.5000;0.0000;6.8165;1.0000;0.0000;0.0000;0.0000;0.0000
1579;760.02;781.7500;2417.6500;1582.7000;800.9500;48.9608;0.3102;0.0000;-781.7500;0.0000;6.8165;0.0000;-781.7500;0.0000;6.8165;1.0000;0.0000;0.0000;0.0000;0.0000
1580;760.28;802.1000;2384.2000;1566.5500;764.4500;48.3187;0.3159;0.0000;-802.1000;0.0000;6.8165;0.0000;-802.1000;0.0000;6.8165;1.0000;0.0000;0.0000;0.0000;0.0000
1581;760.54;795.9000;2401.1500;1589.8000;793.9000;49.4565;0.3058;0.0000;-795.9000;0.0000;6.8165;0.0000;-795.9000;0.0000;6.8165;1.0000;0.0000;0.0000;0.0000;0.0000
1582;760.80;791.6000;2415.8000;1595.8000;804.2000;49.5136;0.3053;0.0000;-791.6000;0.0000;6.8165;0.0000;-791.6000;0.0000;6.8165;1.0000;0.0000;0.0000;0.0000;0.0000
1583;761.06;778.1500;2408.6000;1580.7000;802.5500;49.2226;0.3078;0.0000;-778.1500;0.0000;6.8165;0.0000;-778.1500;0.0000;6.8165;1.0000;0.0000;0.0000;0.0000;0.0000
1584;761.32;784.9000;2380.9500;1565.1500;780.2500;48.8863;0.3108;0.0000;-784.9000;0.0000;6.8165;0.0000;-784.9000;0.0000;6.8165;1.0000;0.0000;0.0000;0.0000;0.0000
1585;761.57;784.1500;2341.7500;1569.6500;785.5000;50.4301;0.2973;0.0000;-784.1500;0.0000;6.8165;0.0000;-784.1500;0.0000;6.8165;1.0000;0.0000;0.0000;0.0000;0.0000
1586;761.83;778.9500;2360.6500;1531.4500;752.5000;47.5754;0.3226;0.0000;-778.9500;0.0000;6.8165;0.0000;-778.9500;0.0000;6.8165;1.0000;0.0000;0.0000;0.0000;0.0000
1587;762.09;782.9500;2368.6500;1546.2000;763.2500;48.1333;0.3176;0.0000;-782.9500;0.0000;6.8165;0.0000;-782.9500;0.0000;6.8165;1.0000;0.0000;0.0000;0.0000;0.0000
1588;762.35;794.6000;2348.4000;1562.7000;768.1000;49.4336;0.3060;0.0000;-794.6000;0.0000;6.8165;0.0000;-794.6000;0.0000;6.8165;1.0000;0.0000;0.0000;0.0000;0.0000
1589;762.60;781.9500;2357.3500;1575.3500;793.4000;50.3618;0.2979;0.0000;-781.9500;0.0000;6.8165;0.0000;-781.9500;0.0000;6.8165;1.0000;0.0000;0.0000;0.0000;0.0000
1590;762.86;779.2500;2358.8500;1576.7500;797.5000;50.4875;0.2968;0.0000;-779.2500;0.0000;6.8165;0.0000;-779.2500;0.0000;6.8165;1.0000;0.0000;0.0000;0.0000;0.0000
1591;763.12;770.7000;2379.3000;1575.1000;804.4000;50.0062;0.3010;0.0000;-770.7000;0.0000;6.8165;0.0000;-770.7000;0.0000;6.8165;1.0000;0.0000;0.0000;0.0000;0.0000
1592;763.38;781.5000;2381.0500;1609.3000;827.8000;51.7521;0.2861;0.0000;-781.5000;0.0000;6.8165;0.0000;-781.5000;0.0000;6.8165;1.0000;0.0000;0.0000;0.0000;0.0000
1593;763.63;770.1500;2439.9000;1641.8000;871.6500;52.2024;0.2823;0.0000;-770.1500;0.0000;6.8165;0.0000;-770.1500;0.0000;6.8165;1.0000;0.0000;0.0000;0.0000;0.0000
1594;763.89;787.5500;2528.5000;1712.1000;924.5500;53.1061;0.2749;0.0000;-787.5500;0.0000;6.8165;0.0000;-787.5500;0.0000;6.8165;1.0000;0.0000;0.0000;0.0000;0.0000
1595;764.15;775.5000;2638.5500;1781.6500;1006.1500;54.0055;0.2676;0.0000;-775.5000;0.0000;6.8165;0.0000;-775.5000;0.0000;6.8165;1.0000;0.0000;0.0000;0.0000;0.0000
1596;764.40;784.2000;2718.7500;1895.7000;1111.5000;57.4552;0.2407;0.0000;-784.2000;0.0000;6.8165;0.0000;-784.2000;0.0000;6.8165;1.0000;0.0000;0.0000;0.0000;0.0000
1597;764.66;786.1000;2818.1000;1959.4500;1173.3500;57.7436;0.2385;0.0000;-786.1000;0.0000;6.8165;0.0000;-786.1000;0.0000;6.8165;1.0000;0.0000;0.0000;0.0000;0.0000
1598;764.92;789.2500;2985.5000;2002.4500;1213.2000;55.2396;0.2577;0.0000;-789.2500;0.0000;6.8165;0.0000;-789.2500;0.0000;6.8165;1.0000;0.0000;0.0000;0.0000;0.0000
1599;765.17;791.1000;3066.3000;1997.4000;1206.3000;53.0195;0.2756;0.0000;-791.1000;0.0000;6.8165;0.0000;-791.1000;0.0000;6.8165;1.0000;0.0000;0.0000;0.0000;0.0000
1600;765.43;800.2500;3052.1000;1942.1500;1141.9000;50.7094;0.2949;0.0000;-800.2500;0.0000;6.8165;0.0000;-800.2500;0.0000;6.8165;1.0000;0.0000;0.0000;0.0000;0.0000
1601;765.69;792.6500;3058.8500;1861.5000;1068.8500;47.1649;0.3264;0.0000;-792.6500;0.0000;6.8165;0.0000;-792.6500;0.0000;6.8165;1.0000;0.0000;0.0000;0.0000;0.0000
1602;765.94;801.8500;3002.6500;1811.5000;1009.6500;45.8765;0.3384;0.0000;-801.8500;0.0000;6.8165;0.0000;-801.8500;0.0000;6.8165;1.0000;0.0000;0.0000;0.0000;0.0000
1603;766.20;782.3500;2862.0500;1723.8500;941.5000;45.2710;0.3442;0.0000;-782.3500;0.0000;6.8165;0.0000;-782.3500;0.0000;6.8165;1.0000;0.0000;0.0000;0.0000;0.0000
1604;766.45;773.7000;2696.7000;1692.7000;919.0000;47.7899;0.3207;0.0000;-773.7000;0.0000;6.8165;0.0000;-773.7000;0.0000;6.8165;1.0000;0.0000;0.0000;0.0000;0.0000
1605;766.71;785.0500;2638.3000;1645.0000;859.9500;46.4023;0.3335;0.0000;-785.0500;0.0000;6.8165;0.0000;-785.0500;0.0000;6.8165;1.0000;0.0000;0.0000;0.0000;0.0000
1606;766.97;795.0500;2563.6500;1597.8500;802.8000;45.3918;0.3430;0.0000;-795.0500;0.0000;6.8165;0.0000;-795.0500;0.0000;6.8165;1.0000;0.0000;0.0000;0.0000;0.0000
1607;767.22;796.9000;2436.2500;1544.3500;747.4500;45.5943;0.3411;0.0000;-796.9000;0.0000;6.8165;0.0000;-796.9000;0.0000;6.8165;1.0000;0.0000;0.0000;0.0000;0.0000
1608;767.48;797.8000;2304.8500;1502.6500;704.8500;46.7702;0.3300;0.0000;-797.8000;0.0000;6.8165;0.0000;-797.8000;0.0000;6.8165;1.0000;0.0000;0.0000;0.0000;0.0000
1609;767.73;802.3500;2260.6500;1482.1000;679.7500;46.6125;0.3315;0.0000;-802.3500;0.0000;6.8165;0.0000;-802.3500;0.0000;6.8165;1.0000;0.0000;0.0000;0.0000;0.0000
1610;767.99;797.5000;2191.0000;1468.5000;671.0000;48.1521;0.3174;0.0000;-797.5000;0.0000;6.8165;0.0000;-797.5000;0.0000;6.8165;1.0000;0.0000;0.0000;0.0000;0.0000
1611;768.24;790.2000;2140.5000;1434.6000;644.4000;47.7227;0.3213;0.0000;-790.2000;0.0000;6.8165;0.0000;-790.2000;0.0000;6.8165;1.0000;0.0000;0.0000;0.0000;0.0000
1612;768.50;792.5000;2083.9500;1396.8500;604.3500;46.7962;0.3298;0.0000;-792.5000;0.0000;6.8165;0.0000;-792.5000;0.0000;6.8165;1.0000;0.0000;0.0000;0.0000;0.0000
1613;768.75;788.7500;2021.6000;1402.8500;614.1000;49.8114;0.3027;0.0000;-788.7500;0.0000;6.8165;0.0000;-788.7500;0.0000;6.8165;1.0000;0.0000;0.0000;0.0000;0.0000
1614;769.01;793.7000;2000.1000;1369.8500;576.1500;47.7578;0.3210;0.0000;-793.7000;0.0000;6.8165;0.0000;-793.7000;0.0000;6.8165;1.0000;0.0000;0.0000;0.0000;0.0000
1615;769.26;790.1500;1940.5000;1338.0000;547.8500;47.6246;0.3222;0.0000;-790.1500;0.0000;6.8165;0.0000;-790.1500;0.0000;6.8165;1.0000;0.0000;0.0000;0.0000;0.0000
1616;769.52;786.2500;1896.3000;1335.9000;549.6500;49.5158;0.3053;0.0000;-786.2500;0.0000;6.8165;0.0000;-786.2500;0.0000;6.8165;1.0000;0.0000;0.0000;0.0000;0.0000
1617;769.77;773.3500;1893.6000;1327.1000;553.7500;49.4309;0.3060;0.0000;-773.3500;0.0000;6.8165;0.0000;-773.3500;0.0000;6.8165;1.0000;0.0000;0.0000;0.0000;0.0000
1618;770.03;785.2500;1861.8500;1304.5500;519.3000;48.2352;0.3166;0.0000;-785.2500;0.0000;6.8165;0.0000;-785.2500;0.0000;6.8165;1.0000;0.0000;0.0000;0.0000;0.0000
1619;770.28;784.9500;1828.2500;1293.7000;508.7500;48.7635;0.3119;0.0000;-784.9500;0.0000;6.8165;0.0000;-784.9500;0.0000;6.8165;1.0000;0.0000;0.0000;0.0000;0.0000
1620;770.54;801.1500;1799.6000;1283.9500;482.8000;48.3550;0.3156;0.0000;-801.1500;0.0000;6.8165;0.0000;-801.1500;0.0000;6.8165;1.0000;0.0000;0.0000;0.0000;0.0000
1621;770.79;799.5000;1810.5500;1268.9000;469.4000;46.4270;0.3332;0.0000;-799.5000;0.0000;6.8165;0.0000;-799.5000;0.0000;6.8165;1.0000;0.0000;0.0000;0.0000;0.0000
1622;771.04;789.3000;1787.9500;1278.5500;489.2500;48.9911;0.3099;0.0000;-789.3000;0.0000;6.8165;0.0000;-789.3000;0.0000;6.8165;1.0000;0.0000;0.0000;0.0000;0.0000
1623;771.30;796.7500;1774.7500;1269.4500;472.7000;48.3333;0.3158;0.0000;-796.7500;0.0000;6.8165;0.0000;-796.7500;0.0000;6.8165;1.0000;0.0000;0.0000;0.0000;0.0000
1624;771.55;787.6500;1758.1000;1248.4000;460.7500;47.4780;0.3235;0.0000;-787.6500;0.0000;6.8165;0.0000;-787.6500;0.0000;6.8165;1.0000;0.0000;0.0000;0.0000;0.0000
1625;771.81;790.8500;1706.4500;1234.3500;443.5000;48.4382;0.3148;0.0000;-790.8500;0.0000;6.8165;0.0000;-790.8500;0.0000;6.8165;1.0000;0.0000;0.0000;0.0000;0.0000
1626;772.06;782.2000;1699.2500;1233.6500;451.4500;49.2285;0.3078;0.0000;-782.2000;0.0000;6.8165;0.0000;-782.2000;0.0000;6.8165;1.0000;0.0000;0.0000;0.0000;0.0000
1627;772.31;787.2500;1681.5500;1229.8000;442.5500;49.4856;0.3055;0.0000;-787.2500;0.0000;6.8165;0.0000;-787.2500;0.0000;6.8165;1.0000;0.0000;0.0000;0.0000;0.0000
1628;772.57;780.8500;1675.8500;1230.6000;449.7500;50.2514;0.2989;0.0000;-780.8500;0.0000;6.8165;0.0000;-780.8500;0.0000;6.8165;1.0000;0.0000;0.0000;0.0000;0.0000
1629;772.82;787.5500;1681.8000;1208.9000;421.3500;47.1177;0.3268;0.0000;-787.5500;0.0000;6.8165;0.0000;-787.5500;0.0000;6.8165;1.0000;0.0000;0.0000;0.0000;0.0000
1630;773.07;778.3000;1655.0000;1207.0500;428.7500;48.9050;0.3106;0.0000;-778.3000;0.0000;6.8165;0.0000;-778.3000;0.0000;6.8165;1.0000;0.0000;0.0000;0.0000;0.0000
1631;773.33;785.7000;1635.6000;1185.3000;399.6000;47.0173;0.3277;0.0000;-785.7000;0.0000;6.8165;0.0000;-785.7000;0.0000;6.8165;1.0000;0.0000;0.0000;0.0000;0.0000
1632;773.58;795.8000;1621.8500;1179.5500;383.7500;46.4560;0.3330;0.0000;-795.8000;0.0000;6.8165;0.0000;-795.8000;0.0000;6.8165;1.0000;0.0000;0.0000;0.0000;0.0000
1633;773.83;787.7500;1609.5000;1182.9000;395.1500;48.0864;0.3180;0.0000;-787.7500;0.0000;6.8165;0.0000;-787.7500;0.0000;6.8165;1.0000;0.0000;0.0000;0.0000;0.0000
1634;774.09;773.4000;1601.9500;1189.1000;415.7000;50.1720;0.2995;0.0000;-773.4000;0.0000;6.8165;0.0000;-773.4000;0.0000;6.8165;1.0000;0.0000;0.0000;0.0000;0.0000
1635;774.34;782.4000;1577.2000;1182.5500;400.1500;50.3460;0.2980;0.0000;-782.4000;0.0000;6.8165;0.0000;-782.4000;0.0000;6.8165;1.0000;0.0000;0.0000;0.0000;0.0000
1636;774.59;778.3000;1563.3500;1161.2000;382.9000;48.7740;0.3118;0.0000;-778.3000;0.0000;6.8165;0.0000;-778.3000;0.0000;6.8165;1.0000;0.0000;0.0000;0.0000;0.0000
1637;774.85;771.0000;1547.0000;1165.9500;394.9500;50.8956;0.2933;0.0000;-771.0000;0.0000;6.8165;0.0000;-771.0000;0.0000;6.8165;1.0000;0.0000;0.0000;0.0000;0.0000
1638;775.10;793.4000;1549.4000;1154.2500;360.8500;47.7315;0.3212;0.0000;-793.4000;0.0000;6.8165;0.0000;-793.4000;0.0000;6.8165;1.0000;0.0000;0.0000;0.0000;0.0000
1639;775.35;791.9500;1554.9500;1142.4500;350.5000;45.9371;0.3378;0.0000;-791.9500;0.0000;6.8165;0.0000;-791.9500;0.0000;6.8165;1.0000;0.0000;0.0000;0.0000;0.0000
1640;775.60;788.3000;1519.3000;1134.8000;346.5000;47.4008;0.3242;0.0000;-788.3000;0.0000;6.8165;0.0000;-788.3000;0.0000;6.8165;1.0000;0.0000;0.0000;0.0000;0.0000
1641;775.85;791.1000;1522.9500;1136.1000;345.0000;47.1408;0.3266;0.0000;-791.1000;0.0000;6.8165;0.0000;-791.1000;0.0000;6.8165;1.0000;0.0000;0.0000;0.0000;0.0000
1642;776.11;787.4500;1513.9000;1133.5500;346.1000;47.6426;0.3220;0.0000;-787.4500;0.0000;6.8165;0.0000;-787.4500;0.0000;6.8165;1.0000;0.0000;0.0000;0.0000;0.0000
1643;776.36;783.9500;1482.6500;1106.1500;322.2000;46.1142;0.3362;0.0000;-783.9500;0.0000;6.8165;0.0000;-783.9500;0.0000;6.8165;1.0000;0.0000;0.0000;0.0000;0.0000
1644;776.61;791.2500;1489.1000;1128.1000;336.8500;48.2697;0.3163;0.0000;-791.2500;0.0000;6.8165;0.0000;-791.2500;0.0000;6.8165;1.0000;0.0000;0.0000;0.0000;0.0000
1645;776.86;791.1000;1489.7000;1125.4000;334.3000;47.8528;0.3201;0.0000;-791.1000;0.0000;6.8165;0.0000;-791.1000;0.0000;6.8165;1.0000;0.0000;0.0000;0.0000;0.0000
1646;777.11;772.6500;1494.1000;1118.1500;345.5000;47.8897;0.3198;0.0000;-772.6500;0.0000;6.8165;0.0000;-772.6500;0.0000;6.8165;1.0000;0.0000;0.0000;0.0000;0.0000
1647;777.37;789.9000;1483.7000;1122.6500;332.7500;47.9605;0.3191;0.0000;-789.9000;0.0000;6.8165;0.0000;-789.9000;0.0000;6.8165;1.0000;0.0000;0.0000;0.0000;0.0000
1648;777.62;788.8000;1482.7000;1106.1000;317.3000;45.7271;0.3398;0.0000;-788.8000;0.0000;6.8165;0.0000;-788.8000;0.0000;6.8165;1.0000;0.0000;0.0000;0.0000;0.0000
1649;777.87;795.8500;1466.6500;1106.5500;310.7000;46.3178;0.3343;0.0000;-795.8500;0.0000;6.8165;0.0000;-795.8500;0.0000;6.8165;1.0000;0.0000;0.0000;0.0000;0.0000
1650;778.12;787.2500;1463.9500;1114.0000;326.7500;48.2858;0.3162;0.0000;-787.2500;0.0000;6.8165;0.0000;-787.2500;0.0000;6.8165;1.0000;0.0000;0.0000;0.0000;0.0000
1651;778.37;791.1000;1448.1500;1109.6500;318.5500;48.4819;0.3144;0.0000;-791.1000;0.0000;6.8165;0.0000;-791.1000;0.0000;6.8165;1.0000;0.0000;0.0000;0.0000;0.0000
1652;778.62;787.1000;1439.4000;1097.3000;310.2000;47.5548;0.3228;0.0000;-787.1000;0.0000;6.8165;0.0000;-787.1000;0.0000;6.8165;1.0000;0.0000;0.0000;0.0000;0.0000
1653;778.87;786.5500;1441.3500;1105.9500;319.4000;48.7783;0.3118;0.0000;-786.5500;0.0000;6.8165;0.0000;-786.5500;0.0000;6.8165;1.0000;0.0000;0.0000;0.0000;0.0000
1654;779.12;788.5000;1434.1000;1116.4500;327.9500;50.7977;0.2942;0.0000;-788.5000;0.0000;6.8165;0.0000;-788.5000;0.0000;6.8165;1.0000;0.0000;0.0000;0.0000;0.0000
1655;779.38;793.3000;1424.8500;1104.4500;311.1500;49.2677;0.3074;0.0000;-793.3000;0.0000;6.8165;0.0000;-793.3000;0.0000;6.8165;1.0000;0.0000;0.0000;0.0000;0.0000
1656;779.63;794.7000;1434.2000;1085.6000;290.9000;45.4887;0.3421;0.0000;-794.7000;0.0000;6.8165;0.0000;-794.7000;0.0000;6.8165;1.0000;0.0000;0.0000;0.0000;0.0000
1657;779.88;782.5000;1439.4000;1102.0000;319.5000;48.6375;0.3130;0.0000;-782.5000;0.0000;6.8165;0.0000;-782.5000;0.0000;6.8165;1.0000;0.0000;0.0000;0.0000;0.0000
1658;780.13;782.9500;1421.4000;1092.9000;309.9500;48.5473;0.3138;0.0000;-782.9500;0.0000;6.8165;0.0000;-782.9500;0.0000;6.8165;1.0000;0.0000;0.0000;0.0000;0.0000
1659;780.38;798.5000;1416.7000;1088.7500;290.2500;46.9508;0.3284;0.0000;-798.5000;0.0000;6.8165;0.0000;-798.5000;0.0000;6.8165;1.0000;0.0000;0.0000;0.0000;0.0000
1660;780.63;805.8500;1416.5500;1103.8500;298.0000;48.7965;0.3116;0.0000;-805.8500;0.0000;6.8165;0.0000;-805.8500;0.0000;6.8165;1.0000;0.0000;0.0000;0.0000;0.0000
1661;780.88;785.3000;1414.9000;1088.7500;303.4500;48.1973;0.3170;0.0000;-785.3000;0.0000;6.8165;0.0000;-785.3000;0.0000;6.8165;1.0000;0.0000;0.0000;0.0000;0.0000
1662;781.13;785.8000;1409.7000;1082.7000;296.9000;47.5878;0.3225;0.0000;-785.8000;0.0000;6.8165;0.0000;-785.8000;0.0000;6.8165;1.0000;0.0000;0.0000;0.0000;0.0000
1663;781.38;792.3500;1412.1000;1084.7000;292.3500;47.1722;0.3263;0.0000;-792.3500;0.0000;6.8165;0.0000;-792.3500;0.0000;6.8165;1.0000;0.0000;0.0000;0.0000;0.0000
1664;781.63;778.5000;1410.0000;1096.2500;317.7500;50.3167;0.2983;0.0000;-778.5000;0.0000;6.8165;0.0000;-778.5000;0.0000;6.8165;1.0000;0.0000;0.0000;0.0000;0.0000
1665;781.88;791.5000;1400.4500;1079.8000;288.3000;47.3438;0.3247;0.0000;-791.5000;0.0000;6.8165;0.0000;-791.5000;0.0000;6.8165;1.0000;0.0000;0.0000;0.0000;0.0000
1666;782.13;795.9500;1393.9000;1096.9000;300.9500;50.3303;0.2982;0.0000;-795.9500;0.0000;6.8165;0.0000;-795.9500;0.0000;6.8165;1.0000;0.0000;0.0000;0.0000;0.0000
1667;782.38;788.6500;1385.4500;1077.0500;288.4000;48.3244;0.3158;0.0000;-788.6500;0.0000;6.8165;0.0000;-788.6500;0.0000;6.8165;1.0000;0.0000;0.0000;0.0000;0.0000
1668;782.63;780.7500;1414.7500;1081.1500;300.4000;47.3817;0.3244;0.0000;-780.7500;0.0000;6.8165;0.0000;-780.7500;0.0000;6.8165;1.0000;0.0000;0.0000;0.0000;0.0000
1669;782.88;791.2000;1413.5500;1092.0500;300.8500;48.3410;0.3157;0.0000;-791.2000;0.0000;6.8165;0.0000;-791.2000;0.0000;6.8165;1.0000;0.0000;0.0000;0.0000;0.0000
1670;783.13;789.2000;1398.6500;1097.9500;308.7500;50.6604;0.2953;0.0000;-789.2000;0.0000;6.8165;0.0000;-789.2000;0.0000;6.8165;1.0000;0.0000;0.0000;0.0000;0.0000
1671;783.38;792.5000;1395.3500;1082.7000;290.2000;48.1380;0.3175;0.0000;-792.5000;0.0000;6.8165;0.0000;-792.5000;0.0000;6.8165;1.0000;0.0000;0.0000;0.0000;0.0000
1672;783.62;803.2500;1396.1000;1074.8500;271.6000;45.8126;0.3390;0.0000;-803.2500;0.0000;6.8165;0.0000;-803.2500;0.0000;6.8165;1.0000;0.0000;0.0000;0.0000;0.0000
1673;783.87;792.3500;1397.4500;1084.7000;292.3500;48.3143;0.3159;0.0000;-792.3500;0.0000;6.8165;0.0000;-792.3500;0.0000;6.8165;1.0000;0.0000;0.0000;0.0000;0.0000
1674;784.12;774.2000;1404.6500;1080.8500;306.6500;48.6399;0.3130;0.0000;-774.2000;0.0000;6.8165;0.0000;-774.2000;0.0000;6.8165;1.0000;0.0000;0.0000;0.0000;0.0000
1675;784.37;784.0500;1421.4000;1092.7000;308.6500;48.4271;0.3149;0.0000;-784.0500;0.0000;6.8165;0.0000;-784.0500;0.0000;6.8165;1.0000;0.0000;0.0000;0.0000;0.0000
1676;784.62;783.2000;1409.8000;1080.6500;297.4500;47.4705;0.3236;0.0000;-783.2000;0.0000;6.8165;0.0000;-783.2000;0.0000;6.8165;1.0000;0.0000;0.0000;0.0000;0.0000
1677;784.87;788.6000;1420.5000;1083.4000;294.8000;46.6530;0.3311;0.0000;-788.6000;0.0000;6.8165;0.0000;-788.6000;0.0000;6.8165;1.0000;0.0000;0.0000;0.0000;0.0000
1678;785.12;799.4500;1418.2500;1090.8500;291.4000;47.0911;0.3271;0.0000;-799.4500;0.0000;6.8165;0.0000;-799.4500;0.0000;6.8165;1.0000;0.0000;0.0000;0.0000;0.0000
1679;785.37;794.6500;1417.6000;1078.9000;284.2500;45.6297;0.3408;0.0000;-794.6500;0.0000;6.8165;0.0000;-794.6500;0.0000;6.8165;1.0000;0.0000;0.0000;0.0000;0.0000
1680;785.61;787.8000;1405.0500;1079.7000;291.9000;47.2904;0.3252;0.0000;-787.8000;0.0000;6.8165;0.0000;-787.8000;0.0000;6.8165;1.0000;0.0000;0.0000;0.0000;0.0000
1681;785.86;785.6500;1404.1000;1069.8000;284.1500;45.9455;0.3378;0.0000;-785.6500;0.0000;6.8165;0.0000;-785.6500;0.0000;6.8165;1.0000;0.0000;0.0000;0.0000;0.0000
1682;786.11;790.4000;1402.0500;1079.4000;289.0000;47.2492;0.3256;0.0000;-790.4000;0.0000;6.8165;0.0000;-790.4000;0.0000;6.8165;1.0000;0.0000;0.0000;0.0000;0.0000
1683;786.36;794.3000;1423.3500;1085.6500;291.3500;46.3159;0.3343;0.0000;-794.3000;0.0000;6.8165;0.0000;-794.3000;0.0000;6.8165;1.0000;0.0000;0.0000;0.0000;0.0000
1684;786.61;800.1500;1394.8000;1072.4500;272.3000;45.7916;0.3392;0.0000;-800.1500;0.0000;6.8165;0.0000;-800.1500;0.0000;6.8165;1.0000;0.0000;0.0000;0.0000;0.0000
1685;786.85;800.5000;1418.5500;1082.0500;281.5500;45.5546;0.3415;0.0000;-800.5000;0.0000;6.8165;0.0000;-800.5000;0.0000;6.8165;1.0000;0.0000;0.0000;0.0000;0.0000
1686;787.10;784.9000;1383.4500;1083.2000;298.3000;49.8371;0.3024;0.0000;-784.9000;0.0000;6.8165;0.0000;-784.9000;0.0000;6.8165;1.0000;0.0000;0.0000;0.0000;0.0000
1687;787.35;780.7000;1412.3500;1067.4000;286.7000;45.3891;0.3430;0.0000;-780.7000;0.0000;6.8165;0.0000;-780.7000;0.0000;6.8165;1.0000;0.0000;0.0000;0.0000;0.0000
1688;787.60;777.3500;1394.9500;1093.4500;316.1000;51.1820;0.2909;0.0000;-777.3500;0.0000;6.8165;0.0000;-777.3500;0.0000;6.8165;1.0000;0.0000;0.0000;0.0000;0.0000
1689;787.84;785.0500;1382.4000;1070.7500;285.7000;47.8279;0.3203;0.0000;-785.0500;0.0000;6.8165;0.0000;-785.0500;0.0000;6.8165;1.0000;0.0000;0.0000;0.0000;0.0000
1690;788.09;783.5500;1400.2000;1083.7500;300.2000;48.6824;0.3126;0.0000;-783.5500;0.0000;6.8165;0.0000;-783.5500;0.0000;6.8165;1.0000;0.0000;0.0000;0.0000;0.0000
1691;788.34;793.1000;1397.2000;1078.4000;285.3000;47.2273;0.3258;0.0000;-793.1000;0.0000;6.8165;0.0000;-793.1000;0.0000;6.8165;1.0000;0.0000;0.0000;0.0000;0.0000
1692;788.59;778.6500;1382.8500;1069.3500;290.7000;48.1132;0.3177;0.0000;-778.6500;0.0000;6.8165;0.0000;-778.6500;0.0000;6.8165;1.0000;0.0000;0.0000;0.0000;0.0000
1693;788.83;777.0000;1376.0000;1094.8500;317.8500;53.0634;0.2752;0.0000;-777.0000;0.0000;6.8165;0.0000;-777.0000;0.0000;6.8165;1.0000;0.0000;0.0000;0.0000;0.0000
1694;789.08;782.9000;1390.4500;1097.6500;314.7500;51.8064;0.2856;0.0000;-782.9000;0.0000;6.8165;0.0000;-782.9000;0.0000;6.8165;1.0000;0.0000;0.0000;0.0000;0.0000
1695;789.33;798.4500;1412.5500;1090.8500;292.4000;47.6144;0.3223;0.0000;-798.4500;0.0000;6.8165;0.0000;-798.4500;0.0000;6.8165;1.0000;0.0000;0.0000;0.0000;0.0000
1696;789.57;777.2500;1422.4000;1091.2000;313.9500;48.6631;0.3128;0.0000;-777.2500;0.0000;6.8165;0.0000;-777.2500;0.0000;6.8165;1.0000;0.0000;0.0000;0.0000;0.0000
1697;789.82;798.1000;1431.5500;1086.0000;287.9000;45.4495;0.3425;0.0000;-798.1000;0.0000;6.8165;0.0000;-798.1000;0.0000;6.8165;1.0000;0.0000;0.0000;0.0000;0.0000
1698;790.07;774.4000;1432.8500;1104.7000;330.3000;50.1633;0.2996;0.0000;-774.4000;0.0000;6.8165;0.0000;-774.4000;0.0000;6.8165;1.0000;0.0000;0.0000;0.0000;0.0000
1699;790.31;782.2500;1442.0000;1091.3500;309.1000;46.8511;0.3293;0.0000;-782.2500;0.0000;6.8165;0.0000;-782.2500;0.0000;6.8165;1.0000;0.0000;0.0000;0.0000;0.0000
1700;790.56;780.4500;1449.4000;1079.8000;299.3500;44.7492;0.3492;0.0000;-780.4500;0.0000;6.8165;0.0000;-780.4500;0.0000;6.8165;1.0000;0.0000;0.0000;0.0000;0.0000
1701;790.80;784.9500;1425.8500;1077.3000;292.3500;45.6155;0.3409;0.0000;-784.9500;0.0000;6.8165;0.0000;-784.9500;0.0000;6.8165;1.0000;0.0000;0.0000;0.0000;0.0000
1702;791.05;790.3000;1434.0000;1067.1000;276.8000;43.0014;0.3665;0.0000;-790.3000;0.0000;6.8165;0.0000;-790.3000;0.0000;6.8165;1.0000;0.0000;0.0000;0.0000;0.0000
1703;791.30;778.1000;1420.1000;1076.4500;298.3500;46.4720;0.3328;0.0000;-778.1000;0.0000;6.8165;0.0000;-778.1000;0.0000;6.8165;1.0000;0.0000;0.0000;0.0000;0.0000
1704;791.54;783.5000;1413.1000;1065.4000;281.9000;44.7745;0.3490;0.0000;-783.5000;0.0000;6.8165;0.0000;-783.5000;0.0000;6.8165;1.0000;0.0000;0.0000;0.0000;0.0000
1705;791.79;790.8500;1407.6500;1058.8000;267.9500;43.4420;0.3621;0.0000;-790.8500;0.0000;6.8165;0.0000;-790.8500;0.0000;6.8165;1.0000;0.0000;0.0000;0.0000;0.0000
1706;792.03;777.5000;1402.8000;1054.6500;277.1500;44.3227;0.3534;0.0000;-777.5000;0.0000;6.8165;0.0000;-777.5000;0.0000;6.8165;1.0000;0.0000;0.0000;0.0000;0.0000
1707;792.28;791.0500;1371.7000;1045.7500;254.7000;43.8646;0.3579;0.0000;-791.0500;0.0000;6.8165;0.0000;-791.0500;0.0000;6.8165;1.0000;0.0000;0.0000;0.0000;0.0000
1708;792.53;781.1500;1353.8500;1035.6500;254.5000;44.4386;0.3522;0.0000;-781.1500;0.0000;6.8165;0.0000;-781.1500;0.0000;6.8165;1.0000;0.0000;0.0000;0.0000;0.0000
1709;792.77;796.8500;1366.8500;1030.4500;233.6000;40.9825;0.3874;0.0000;-796.8500;0.0000;6.8165;0.0000;-796.8500;0.0000;6.8165;1.0000;0.0000;0.0000;0.0000;0.0000
1710;793.02;782.5000;1335.4500;1026.8000;244.3000;44.1812;0.3548;0.0000;-782.5000;0.0000;6.8165;0.0000;-782.5000;0.0000;6.8165;1.0000;0.0000;0.0000;0.0000;0.0000
1711;793.26;792.2000;1331.2000;1015.0500;222.8500;41.3451;0.3836;0.0000;-792.2000;0.0000;6.8165;0.0000;-792.2000;0.0000;6.8165;1.0000;0.0000;0.0000;0.0000;0.0000
1712;793.51;785.5500;1340.4000;1014.6000;229.0500;41.2814;0.3842;0.0000;-785.5500;0.0000;6.8165;0.0000;-785.5500;0.0000;6.8165;1.0000;0.0000;0.0000;0.0000;0.0000
1713;793.75;782.6500;1299.7000;1003.6000;220.9500;42.7328;0.3692;0.0000;-782.6500;0.0000;6.8165;0.0000;-782.6500;0.0000;6.8165;1.0000;0.0000;0.0000;0.0000;0.0000
1714;794.00;796.6500;1312.4500;987.0500;190.4000;36.9135;0.4328;0.0000;-796.6500;0.0000;6.8165;0.0000;-796.6500;0.0000;6.8165;1.0000;0.0000;0.0000;0.0000;0.0000
1715;794.24;779.6000;1310.6000;998.8000;219.2000;41.2806;0.3843;0.0000;-779.6000;0.0000;6.8165;0.0000;-779.6000;0.0000;6.8165;1.0000;0.0000;0.0000;0.0000;0.0000
1716;794.49;780.5000;1294.2000;1004.1000;223.6000;43.5274;0.3612;0.0000;-780.5000;0.0000;6.8165;0.0000;-780.5000;0.0000;6.8165;1.0000;0.0000;0.0000;0.0000;0.0000
1717;794.73;780.2500;1273.8000;989.3500;209.1000;42.3665;0.3730;0.0000;-780.2500;0.0000;6.8165;0.0000;-780.2500;0.0000;6.8165;1.0000;0.0000;0.0000;0.0000;0.0000
1718;794.97;783.3500;1284.2000;990.8500;207.5000;41.4296;0.3827;0.0000;-783.3500;0.0000;6.8165;0.0000;-783.3500;0.0000;6.8165;1.0000;0.0000;0.0000;0.0000;0.0000
1719;795.22;788.0000;1269.9000;981.6500;193.6500;40.1847;0.3959;0.0000;-788.0000;0.0000;6.8165;0.0000;-788.0000;0.0000;6.8165;1.0000;0.0000;0.0000;0.0000;0.0000
1720;795.46;793.3500;1265.9500;980.7000;187.3500;39.6424;0.4018;0.0000;-793.3500;0.0000;6.8165;0.0000;-793.3500;0.0000;6.8165;1.0000;0.0000;0.0000;0.0000;0.0000
1721;795.71;794.1500;1237.4000;974.1000;179.9500;40.5979;0.3915;0.0000;-794.1500;0.0000;6.8165;0.0000;-794.1500;0.0000;6.8165;1.0000;0.0000;0.0000;0.0000;0.0000
1722;795.95;790.9000;1248.2000;973.9500;183.0500;40.0284;0.3976;0.0000;-790.9000;0.0000;6.8165;0.0000;-790.9000;0.0000;6.8165;1.0000;0.0000;0.0000;0.0000;0.0000
1723;796.19;796.8500;1233.8500;975.8500;179.0000;40.9611;0.3876;0.0000;-796.8500;0.0000;6.8165;0.0000;-796.8500;0.0000;6.8165;1.0000;0.0000;0.0000;0.0000;0.0000
1724;796.44;789.5500;1236.3500;983.1500;193.6000;43.3303;0.3632;0.0000;-789.5500;0.0000;6.8165;0.0000;-789.5500;0.0000;6.8165;1.0000;0.0000;0.0000;0.0000;0.0000
1725;796.68;789.0500;1245.8500;949.6500;160.6000;35.1576;0.4540;0.0000;-789.0500;0.0000;6.8165;0.0000;-789.0500;0.0000;6.8165;1.0000;0.0000;0.0000;0.0000;0.0000
1726;796.93;782.7000;1228.1500;969.8000;187.1000;42.0025;0.3767;0.0000;-782.7000;0.0000;6.8165;0.0000;-782.7000;0.0000;6.8165;1.0000;0.0000;0.0000;0.0000;0.0000
1727;797.17;789.5500;1231.4500;960.8000;171.2500;38.7531;0.4117;0.0000;-789.5500;0.0000;6.8165;0.0000;-789.5500;0.0000;6.8165;1.0000;0.0000;0.0000;0.0000;0.0000
1728;797.41;798.6000;1239.1500;955.1500;156.5500;35.5351;0.4493;0.0000;-798.6000;0.0000;6.8165;0.0000;-798.6000;0.0000;6.8165;1.0000;0.0000;0.0000;0.0000;0.0000
1729;797.66;787.1500;1239.9000;961.9500;174.8000;38.6085;0.4133;0.0000;-787.1500;0.0000;6.8165;0.0000;-787.1500;0.0000;6.8165;1.0000;0.0000;0.0000;0.0000;0.0000
1730;797.90;785.6000;1231.7000;954.2500;168.6500;37.8054;0.4224;0.0000;-785.6000;0.0000;6.8165;0.0000;-785.6000;0.0000;6.8165;1.0000;0.0000;0.0000;0.0000;0.0000
1731;798.14;783.6000;1218.8000;945.6500;162.0500;37.2358;0.4290;0.0000;-783.6000;0.0000;6.8165;0.0000;-783.6000;0.0000;6.8165;1.0000;0.0000;0.0000;0.0000;0.0000
1732;798.39;796.5500;1216.8500;941.1000;144.5500;34.3921;0.4635;0.0000;-796.5500;0.0000;6.8165;0.0000;-796.5500;0.0000;6.8165;1.0000;0.0000;0.0000;0.0000;0.0000
1733;798.63;783.3000;1223.7500;939.7500;156.4500;35.5205;0.4495;0.0000;-783.3000;0.0000;6.8165;0.0000;-783.3000;0.0000;6.8165;1.0000;0.0000;0.0000;0.0000;0.0000
1734;798.87;796.6500;1226.5000;951.7000;155.0500;36.0707;0.4428;0.0000;-796.6500;0.0000;6.8165;0.0000;-796.6500;0.0000;6.8165;1.0000;0.0000;0.0000;0.0000;0.0000
1735;799.11;790.4000;1203.2500;961.8000;171.4000;41.5163;0.3818;0.0000;-790.4000;0.0000;6.8165;0.0000;-790.4000;0.0000;6.8165;1.0000;0.0000;0.0000;0.0000;0.0000
1736;799.36;792.7500;1214.7500;940.4500;147.7000;35.0000;0.4559;0.0000;-792.7500;0.0000;6.8165;0.0000;-792.7500;0.0000;6.8165;1.0000;0.0000;0.0000;0.0000;0.0000
1737;799.60;785.8000;1203.0500;921.8500;136.0500;32.6064;0.4867;0.0000;-785.8000;0.0000;6.8165;0.0000;-785.8000;0.0000;6.8165;1.0000;0.0000;0.0000;0.0000;0.0000
1738;799.84;795.2500;1194.5000;948.2000;152.9500;38.3093;0.4167;0.0000;-795.2500;0.0000;6.8165;0.0000;-795.2500;0.0000;6.8165;1.0000;0.0000;0.0000;0.0000;0.0000
1739;800.08;787.8500;1185.0500;928.3000;140.4500;35.3600;0.4515;0.0000;-787.8500;0.0000;6.8165;0.0000;-787.8500;0.0000;6.8165;1.0000;0.0000;0.0000;0.0000;0.0000
1740;800.33;794.3000;1178.1500;921.2500;126.9500;33.0728;0.4805;0.0000;-794.3000;0.0000;6.8165;0.0000;-794.3000;0.0000;6.8165;1.0000;0.0000;0.0000;0.0000;0.0000
1741;800.57;774.6500;1167.6000;940.6500;166.0000;42.2446;0.3742;0.0000;-774.6500;0.0000;6.8165;0.0000;-774.6500;0.0000;6.8165;1.0000;0.0000;0.0000;0.0000;0.0000
1742;800.81;797.9000;1176.1000;943.3000;145.4000;38.4453;0.4152;0.0000;-797.9000;0.0000;6.8165;0.0000;-797.9000;0.0000;6.8165;1.0000;0.0000;0.0000;0.0000;0.0000
1743;801.05;788.6000;1171.5000;922.9000;134.3000;35.0744;0.4550;0.0000;-788.6000;0.0000;6.8165;0.0000;-788.6000;0.0000;6.8165;1.0000;0.0000;0.0000;0.0000;0.0000
1744;801.29;785.2000;1159.0000;939.3500;154.1500;41.2386;0.3847;0.0000;-785.2000;0.0000;6.8165;0.0000;-785.2000;0.0000;6.8165;1.0000;0.0000;0.0000;0.0000;0.0000
1745;801.54;788.5000;1199.9500;933.6000;145.1000;35.2655;0.4526;0.0000;-788.5000;0.0000;6.8165;0.0000;-788.5000;0.0000;6.8165;1.0000;0.0000;0.0000;0.0000;0.0000
1746;801.78;787.4000;1168.4000;933.7500;146.3500;38.4121;0.4155;0.0000;-787.4000;0.0000;6.8165;0.0000;-787.4000;0.0000;6.8165;1.0000;0.0000;0.0000;0.0000;0.0000
1747;802.02;792.8500;1178.7000;921.3500;128.5000;33.3031;0.4775;0.0000;-792.8500;0.0000;6.8165;0.0000;-792.8500;0.0000;6.8165;1.0000;0.0000;0.0000;0.0000;0.0000
1748;802.26;792.0500;1164.5500;917.3500;125.3000;33.6376;0.4732;0.0000;-792.0500;0.0000;6.8165;0.0000;-792.0500;0.0000;6.8165;1.0000;0.0000;0.0000;0.0000;0.0000
1749;802.50;793.3500;1157.7000;909.9000;116.5500;31.9885;0.4950;0.0000;-793.3500;0.0000;6.8165;0.0000;-793.3500;0.0000;6.8165;1.0000;0.0000;0.0000;0.0000;0.0000
1750;802.74;785.2000;1152.7500;910.2000;125.0000;34.0090;0.4684;0.0000;-785.2000;0.0000;6.8165;0.0000;-785.2000;0.0000;6.8165;1.0000;0.0000;0.0000;0.0000;0.0000
1751;802.98;786.0500;1168.0500;924.3000;138.2500;36.1911;0.4414;0.0000;-786.0500;0.0000;6.8165;0.0000;-786.0500;0.0000;6.8165;1.0000;0.0000;0.0000;0.0000;0.0000
1752;803.22;795.1000;1149.8000;914.2000;119.1000;33.5777;0.4739;0.0000;-795.1000;0.0000;6.8165;0.0000;-795.1000;0.0000;6.8165;1.0000;0.0000;0.0000;0.0000;0.0000
1753;803.47;792.2500;1142.4000;922.0000;129.7500;37.0555;0.4311;0.0000;-792.2500;0.0000;6.8165;0.0000;-792.2500;0.0000;6.8165;1.0000;0.0000;0.0000;0.0000;0.0000
1754;803.71;787.0500;1138.3500;911.5000;124.4500;35.4256;0.4507;0.0000;-787.0500;0.0000;6.8165;0.0000;-787.0500;0.0000;6.8165;1.0000;0.0000;0.0000;0.0000;0.0000
1755;803.95;793.5500;1152.9000;898.9500;105.4000;29.3307;0.5327;0.0000;-793.5500;0.0000;6.8165;0.0000;-793.5500;0.0000;6.8165;1.0000;0.0000;0.0000;0.0000;0.0000
1756;804.19;782.4000;1145.3000;918.5500;136.1500;37.5172;0.4258;0.0000;-782.4000;0.0000;6.8165;0.0000;-782.4000;0.0000;6.8165;1.0000;0.0000;0.0000;0.0000;0.0000
1757;804.43;778.9000;1160.3500;913.3000;134.4000;35.2340;0.4530;0.0000;-778.9000;0.0000;6.8165;0.0000;-778.9000;0.0000;6.8165;1.0000;0.0000;0.0000;0.0000;0.0000
1758;804.67;796.8500;1155.5000;913.7000;116.8500;32.5805;0.4870;0.0000;-796.8500;0.0000;6.8165;0.0000;-796.8500;0.0000;6.8165;1.0000;0.0000;0.0000;0.0000;0.0000
1759;804.91;784.0000;1141.4500;907.7000;123.7000;34.6062;0.4608;0.0000;-784.0000;0.0000;6.8165;0.0000;-784.0000;0.0000;6.8165;1.0000;0.0000;0.0000;0.0000;0.0000
1760;805.15;796.6000;1133.3500;896.5000;99.9000;29.6659;0.5277;0.0000;-796.6000;0.0000;6.8165;0.0000;-796.6000;0.0000;6.8165;1.0000;0.0000;0.0000;0.0000;0.0000
1761;805.39;793.4500;1143.2000;895.2500;101.8000;29.1065;0.5360;0.0000;-793.4500;0.0000;6.8165;0.0000;-793.4500;0.0000;6.8165;1.0000;0.0000;0.0000;0.0000;0.0000
1762;805.63;782.9000;1135.8000;902.8000;119.9000;33.9756;0.4688;0.0000;-782.9000;0.0000;6.8165;0.0000;-782.9000;0.0000;6.8165;1.0000;0.0000;0.0000;0.0000;0.0000
1763;805.87;786.1000;1126.6500;903.1000;117.0000;34.3562;0.4640;0.0000;-786.1000;0.0000;6.8165;0.0000;-786.1000;0.0000;6.8165;1.0000;0.0000;0.0000;0.0000;0.0000
1764;806.11;782.7000;1132.3500;903.5000;120.8000;34.5488;0.4616;0.0000;-782.7000;0.0000;6.8165;0.0000;-782.7000;0.0000;6.8165;1.0000;0.0000;0.0000;0.0000;0.0000
1765;806.35;799.4000;1144.7000;883.7500;84.3500;24.4280;0.6121;0.0000;-799.4000;0.0000;6.8165;0.0000;-799.4000;0.0000;6.8165;1.0000;0.0000;0.0000;0.0000;0.0000
1766;806.59;793.4000;1130.2500;885.9500;92.5500;27.4751;0.5611;0.0000;-793.4000;0.0000;6.8165;0.0000;-793.4000;0.0000;6.8165;1.0000;0.0000;0.0000;0.0000;0.0000
1767;806.83;786.7000;1131.0500;901.7500;115.0500;33.4108;0.4761;0.0000;-786.7000;0.0000;6.8165;0.0000;-786.7000;0.0000;6.8165;1.0000;0.0000;0.0000;0.0000;0.0000
1768;807.07;789.6000;1119.9000;890.4500;100.8500;30.5328;0.5152;0.0000;-789.6000;0.0000;6.8165;0.0000;-789.6000;0.0000;6.8165;1.0000;0.0000;0.0000;0.0000;0.0000
1769;807.31;796.3000;1155.2500;904.6000;108.3000;30.1713;0.5204;0.0000;-796.3000;0.0000;6.8165;0.0000;-796.3000;0.0000;6.8165;1.0000;0.0000;0.0000;0.0000;0.0000
1770;807.54;787.8500;1130.5000;889.1000;101.2500;29.5491;0.5295;0.0000;-787.8500;0.0000;6.8165;0.0000;-787.8500;0.0000;6.8165;1.0000;0.0000;0.0000;0.0000;0.0000
1771;807.78;787.0000;1114.0500;883.0000;96.0000;29.3533;0.5323;0.0000;-787.0000;0.0000;6.8165;0.0000;-787.0000;0.0000;6.8165;1.0000;0.0000;0.0000;0.0000;0.0000
1772;808.02;802.7500;1127.4500;888.3500;85.6000;26.3628;0.5790;0.0000;-802.7500;0.0000;6.8165;0.0000;-802.7500;0.0000;6.8165;1.0000;0.0000;0.0000;0.0000;0.0000
1773;808.26;802.1000;1130.5500;891.3500;89.2500;27.1731;0.5659;0.0000;-802.1000;0.0000;6.8165;0.0000;-802.1000;0.0000;6.8165;1.0000;0.0000;0.0000;0.0000;0.0000
1774;808.50;803.5500;1136.1000;897.2500;93.7000;28.1762;0.5501;0.0000;-803.5500;0.0000;6.8165;0.0000;-803.5500;0.0000;6.8165;1.0000;0.0000;0.0000;0.0000;0.0000
1775;808.74;785.7000;1132.8500;908.3000;122.6000;35.3161;0.4520;0.0000;-785.7000;0.0000;6.8165;0.0000;-785.7000;0.0000;6.8165;1.0000;0.0000;0.0000;0.0000;0.0000
1776;808.98;781.5500;1136.5000;880.0000;98.4500;27.7363;0.5570;0.0000;-781.5500;0.0000;6.8165;0.0000;-781.5500;0.0000;6.8165;1.0000;0.0000;0.0000;0.0000;0.0000
1777;809.22;788.1000;1107.8000;888.6500;100.5500;31.4514;0.5024;0.0000;-788.1000;0.0000;6.8165;0.0000;-788.1000;0.0000;6.8165;1.0000;0.0000;0.0000;0.0000;0.0000
1778;809.45;789.6000;1116.1000;892.0500;102.4500;31.3783;0.5034;0.0000;-789.6000;0.0000;6.8165;0.0000;-789.6000;0.0000;6.8165;1.0000;0.0000;0.0000;0.0000;0.0000
1779;809.69;793.2500;1151.6000;903.0000;109.7500;30.6265;0.5139;0.0000;-793.2500;0.0000;6.8165;0.0000;-793.2500;0.0000;6.8165;1.0000;0.0000;0.0000;0.0000;0.0000
1780;809.93;786.3000;1141.3500;895.2000;108.9000;30.6717;0.5133;0.0000;-786.3000;0.0000;6.8165;0.0000;-786.3000;0.0000;6.8165;1.0000;0.0000;0.0000;0.0000;0.0000
1781;810.17;774.4500;1144.1500;885.0500;110.6000;29.9161;0.5241;0.0000;-774.4500;0.0000;6.8165;0.0000;-774.4500;0.0000;6.8165;1.0000;0.0000;0.0000;0.0000;0.0000
1782;810.41;784.6500;1126.2500;890.4000;105.7500;30.9573;0.5092;0.0000;-784.6500;0.0000;6.8165;0.0000;-784.6500;0.0000;6.8165;1.0000;0.0000;0.0000;0.0000;0.0000
1783;810.64;788.5000;1123.4000;888.7000;100.2000;29.9194;0.5240;0.0000;-788.5000;0.0000;6.8165;0.0000;-788.5000;0.0000;6.8165;1.0000;0.0000;0.0000;0.0000;0.0000
1784;810.88;790.6000;1151.1500;892.8500;102.2500;28.3595;0.5473;0.0000;-790.6000;0.0000;6.8165;0.0000;-790.6000;0.0000;6.8165;1.0000;0.0000;0.0000;0.0000;0.0000
1785;811.12;799.4000;1141.0500;878.6000;79.2000;23.1816;0.6349;0.0000;-799.4000;0.0000;6.8165;0.0000;-799.4000;0.0000;6.8165;1.0000;0.0000;0.0000;0.0000;0.0000
1786;811.36;783.8500;1129.6000;889.1000;105.2500;30.4411;0.5165;0.0000;-783.8500;0.0000;6.8165;0.0000;-783.8500;0.0000;6.8165;1.0000;0.0000;0.0000;0.0000;0.0000
1787;811.59;776.9000;1142.2500;881.1500;104.2500;28.5343;0.5446;0.0000;-776.9000;0.0000;6.8165;0.0000;-776.9000;0.0000;6.8165;1.0000;0.0000;0.0000;0.0000;0.0000
1788;811.83;774.0500;1133.3500;892.4500;118.4000;32.9530;0.4821;0.0000;-774.0500;0.0000;6.8165;0.0000;-774.0500;0.0000;6.8165;1.0000;0.0000;0.0000;0.0000;0.0000
1789;812.07;785.2000;1137.5000;870.0500;84.8500;24.0846;0.6183;0.0000;-785.2000;0.0000;6.8165;0.0000;-785.2000;0.0000;6.8165;1.0000;0.0000;0.0000;0.0000;0.0000
1790;812.31;776.7000;1151.5000;891.9000;115.2000;30.7364;0.5123;0.0000;-776.7000;0.0000;6.8165;0.0000;-776.7000;0.0000;6.8165;1.0000;0.0000;0.0000;0.0000;0.0000
1791;812.54;780.9500;1143.6000;897.2500;116.3000;32.0695;0.4939;0.0000;-780.9500;0.0000;6.8165;0.0000;-780.9500;0.0000;6.8165;1.0000;0.0000;0.0000;0.0000;0.0000
1792;812.78;788.1000;1159.2000;885.0000;96.9000;26.1116;0.5832;0.0000;-788.1000;0.0000;6.8165;0.0000;-788.1000;0.0000;6.8165;1.0000;0.0000;0.0000;0.0000;0.0000
1793;813.02;783.6000;1164.5500;883.3500;99.7500;26.1845;0.5820;0.0000;-783.6000;0.0000;6.8165;0.0000;-783.6000;0.0000;6.8165;1.0000;0.0000;0.0000;0.0000;0.0000
1794;813.25;778.4500;1156.2000;899.5000;121.0500;32.0450;0.4942;0.0000;-778.4500;0.0000;6.8165;0.0000;-778.4500;0.0000;6.8165;1.0000;0.0000;0.0000;0.0000;0.0000
1795;813.49;773.4500;1162.8000;885.7500;112.3000;28.8429;0.5400;0.0000;-773.4500;0.0000;6.8165;0.0000;-773.4500;0.0000;6.8165;1.0000;0.0000;0.0000;0.0000;0.0000
1796;813.73;792.6000;1151.2500;903.2000;110.6000;30.8379;0.5109;0.0000;-792.6000;0.0000;6.8165;0.0000;-792.6000;0.0000;6.8165;1.0000;0.0000;0.0000;0.0000;0.0000
1797;813.96;782.2000;1164.7500;897.3000;115.1000;30.0876;0.5216;0.0000;-782.2000;0.0000;6.8165;0.0000;-782.2000;0.0000;6.8165;1.0000;0.0000;0.0000;0.0000;0.0000
1798;814.20;781.9000;1162.2500;907.0500;125.1500;32.9039;0.4828;0.0000;-781.9000;0.0000;6.8165;0.0000;-781.9000;0.0000;6.8165;1.0000;0.0000;0.0000;0.0000;0.0000
1799;814.44;783.6000;1161.9500;881.0500;97.4500;25.7566;0.5891;0.0000;-783.6000;0.0000;6.8165;0.0000;-783.6000;0.0000;6.8165;1.0000;0.0000;0.0000;0.0000;0.0000
1800;814.67;785.1000;1164.3000;887.1500;102.0500;26.9119;0.5701;0.0000;-785.1000;0.0000;6.8165;0.0000;-785.1000;0.0000;6.8165;1.0000;0.0000;0.0000;0.0000;0.0000
1801;814.91;773.6500;1174.9000;883.6000;109.9500;27.4019;0.5622;0.0000;-773.6500;0.0000;6.8165;0.0000;-773.6500;0.0000;6.8165;1.0000;0.0000;0.0000;0.0000;0.0000
1802;815.14;781.3000;1180.0500;887.5500;106.2500;26.6458;0.5744;0.0000;-781.3000;0.0000;6.8165;0.0000;-781.3000;0.0000;6.8165;1.0000;0.0000;0.0000;0.0000;0.0000
1803;815.38;783.5000;1173.7500;895.2000;111.7000;28.6227;0.5433;0.0000;-783.5000;0.0000;6.8165;0.0000;-783.5000;0.0000;6.8165;1.0000;0.0000;0.0000;0.0000;0.0000
1804;815.61;788.0500;1177.6500;910.1000;122.0500;31.3270;0.5041;0.0000;-788.0500;0.0000;6.8165;0.0000;-788.0500;0.0000;6.8165;1.0000;0.0000;0.0000;0.0000;0.0000
1805;815.85;792.2000;1174.5000;886.7500;94.5500;24.7319;0.6067;0.0000;-792.2000;0.0000;6.8165;0.0000;-792.2000;0.0000;6.8165;1.0000;0.0000;0.0000;0.0000;0.0000
1806;816.09;776.2000;1165.6000;889.5000;113.3000;29.0960;0.5362;0.0000;-776.2000;0.0000;6.8165;0.0000;-776.2000;0.0000;6.8165;1.0000;0.0000;0.0000;0.0000;0.0000
1807;816.32;779.3000;1181.7000;891.1500;111.8500;27.7957;0.5560;0.0000;-779.3000;0.0000;6.8165;0.0000;-779.3000;0.0000;6.8165;1.0000;0.0000;0.0000;0.0000;0.0000
1808;816.56;786.3000;1175.5500;890.5500;104.2500;26.7823;0.5722;0.0000;-786.3000;0.0000;6.8165;0.0000;-786.3000;0.0000;6.8165;1.0000;0.0000;0.0000;0.0000;0.0000
1809;816.79;791.8500;1188.9000;908.4000;116.5500;29.3540;0.5323;0.0000;-791.8500;0.0000;6.8165;0.0000;-791.8500;0.0000;6.8165;1.0000;0.0000;0.0000;0.0000;0.0000
1810;817.03;784.3500;1189.0000;906.4500;122.1000;30.1742;0.5204;0.0000;-784.3500;0.0000;6.8165;0.0000;-784.3500;0.0000;6.8165;1.0000;0.0000;0.0000;0.0000;0.0000
1811;817.26;803.2000;1184.3500;899.6500;96.4500;25.3050;0.5968;0.0000;-803.2000;0.0000;6.8165;0.0000;-803.2000;0.0000;6.8165;1.0000;0.0000;0.0000;0.0000;0.0000
1812;817.50;773.5500;1188.6500;899.1500;125.6000;30.2578;0.5192;0.0000;-773.5500;0.0000;6.8165;0.0000;-773.5500;0.0000;6.8165;1.0000;0.0000;0.0000;0.0000;0.0000
1813;817.73;784.6500;1192.6500;886.1500;101.5000;24.8775;0.6042;0.0000;-784.6500;0.0000;6.8165;0.0000;-784.6500;0.0000;6.8165;1.0000;0.0000;0.0000;0.0000;0.0000
1814;817.97;782.5500;1196.5500;901.1000;118.5500;28.6353;0.5431;0.0000;-782.5500;0.0000;6.8165;0.0000;-782.5500;0.0000;6.8165;1.0000;0.0000;0.0000;0.0000;0.0000
1815;818.20;798.1500;1202.8000;883.4000;85.2500;21.0676;0.6764;0.0000;-798.1500;0.0000;6.8165;0.0000;-798.1500;0.0000;6.8165;1.0000;0.0000;0.0000;0.0000;0.0000
1816;818.43;779.6500;1196.9000;906.2000;126.5500;30.3295;0.5181;0.0000;-779.6500;0.0000;6.8165;0.0000;-779.6500;0.0000;6.8165;1.0000;0.0000;0.0000;0.0000;0.0000
1817;818.67;790.3500;1213.1000;892.0000;101.6500;24.0449;0.6190;0.0000;-790.3500;0.0000;6.8165;0.0000;-790.3500;0.0000;6.8165;1.0000;0.0000;0.0000;0.0000;0.0000
1818;818.90;793.7500;1188.7000;900.4500;106.7000;27.0161;0.5684;0.0000;-793.7500;0.0000;6.8165;0.0000;-793.7500;0.0000;6.8165;1.0000;0.0000;0.0000;0.0000;0.0000
1819;819.14;788.9000;1204.5500;907.1500;118.2500;28.4494;0.5459;0.0000;-788.9000;0.0000;6.8165;0.0000;-788.9000;0.0000;6.8165;1.0000;0.0000;0.0000;0.0000;0.0000
1820;819.37;778.8000;1201.2500;920.1000;141.3000;33.4477;0.4756;0.0000;-778.8000;0.0000;6.8165;0.0000;-778.8000;0.0000;6.8165;1.0000;0.0000;0.0000;0.0000;0.0000
1821;819.61;786.7500;1223.9500;905.3500;118.6000;27.1272;0.5666;0.0000;-786.7500;0.0000;6.8165;0.0000;-786.7500;0.0000;6.8165;1.0000;0.0000;0.0000;0.0000;0.0000
1822;819.84;790.7500;1221.1500;907.3500;116.6000;27.0911;0.5672;0.0000;-790.7500;0.0000;6.8165;0.0000;-790.7500;0.0000;6.8165;1.0000;0.0000;0.0000;0.0000;0.0000
1823;820.07;788.8500;1212.8500;911.4000;122.5500;28.9033;0.5391;0.0000;-788.8500;0.0000;6.8165;0.0000;-788.8500;0.0000;6.8165;1.0000;0.0000;0.0000;0.0000;0.0000
1824;820.31;788.2500;1237.4500;908.9000;120.6500;26.8589;0.5709;0.0000;-788.2500;0.0000;6.8165;0.0000;-788.2500;0.0000;6.8165;1.0000;0.0000;0.0000;0.0000;0.0000
1825;820.54;783.2000;1218.2000;918.6500;135.4500;31.1379;0.5067;0.0000;-783.2000;0.0000;6.8165;0.0000;-783.2000;0.0000;6.8165;1.0000;0.0000;0.0000;0.0000;0.0000
1826;820.77;785.8500;1229.8500;936.7000;150.8500;33.9752;0.4688;0.0000;-785.8500;0.0000;6.8165;0.0000;-785.8500;0.0000;6.8165;1.0000;0.0000;0.0000;0.0000;0.0000
1827;821.01;785.7000;1255.5500;932.5500;146.8500;31.2547;0.5051;0.0000;-785.7000;0.0000;6.8165;0.0000;-785.7000;0.0000;6.8165;1.0000;0.0000;0.0000;0.0000;0.0000
1828;821.24;780.0500;1259.1000;940.6500;160.6000;33.5247;0.4746;0.0000;-780.0500;0.0000;6.8165;0.0000;-780.0500;0.0000;6.8165;1.0000;0.0000;0.0000;0.0000;0.0000
1829;821.47;795.7500;1259.6000;937.6500;141.9000;30.5918;0.5144;0.0000;-795.7500;0.0000;6.8165;0.0000;-795.7500;0.0000;6.8165;1.0000;0.0000;0.0000;0.0000;0.0000
1830;821.71;785.1000;1274.6500;953.3000;168.2000;34.3581;0.4640;0.0000;-785.1000;0.0000;6.8165;0.0000;-785.1000;0.0000;6.8165;1.0000;0.0000;0.0000;0.0000;0.0000
1831;821.94;779.7000;1298.6000;970.0000;190.3000;36.6737;0.4356;0.0000;-779.7000;0.0000;6.8165;0.0000;-779.7000;0.0000;6.8165;1.0000;0.0000;0.0000;0.0000;0.0000
1832;822.17;782.7500;1310.9500;982.0500;199.3000;37.7319;0.4233;0.0000;-782.7500;0.0000;6.8165;0.0000;-782.7500;0.0000;6.8165;1.0000;0.0000;0.0000;0.0000;0.0000
1833;822.40;786.7000;1331.8000;1002.4000;215.7000;39.5707;0.4026;0.0000;-786.7000;0.0000;6.8165;0.0000;-786.7000;0.0000;6.8165;1.0000;0.0000;0.0000;0.0000;0.0000
1834;822.64;794.5000;1361.6500;1010.0000;215.5000;37.9970;0.4203;0.0000;-794.5000;0.0000;6.8165;0.0000;-794.5000;0.0000;6.8165;1.0000;0.0000;0.0000;0.0000;0.0000
1835;822.87;798.4500;1381.1500;1044.0000;245.5500;42.1400;0.3753;0.0000;-798.4500;0.0000;6.8165;0.0000;-798.4500;0.0000;6.8165;1.0000;0.0000;0.0000;0.0000;0.0000
1836;823.10;795.1000;1435.7000;1065.4000;270.3000;42.1948;0.3747;0.0000;-795.1000;0.0000;6.8165;0.0000;-795.1000;0.0000;6.8165;1.0000;0.0000;0.0000;0.0000;0.0000
1837;823.33;787.7000;1469.7500;1101.6500;313.9500;46.0303;0.3370;0.0000;-787.7000;0.0000;6.8165;0.0000;-787.7000;0.0000;6.8165;1.0000;0.0000;0.0000;0.0000;0.0000
1838;823.57;799.3000;1525.5500;1127.3500;328.0500;45.1704;0.3451;0.0000;-799.3000;0.0000;6.8165;0.0000;-799.3000;0.0000;6.8165;1.0000;0.0000;0.0000;0.0000;0.0000
1839;823.80;799.0500;1576.8500;1165.1500;366.1000;47.0687;0.3273;0.0000;-799.0500;0.0000;6.8165;0.0000;-799.0500;0.0000;6.8165;1.0000;0.0000;0.0000;0.0000;0.0000
1840;824.03;792.1500;1630.2500;1202.8500;410.7000;49.0037;0.3098;0.0000;-792.1500;0.0000;6.8165;0.0000;-792.1500;0.0000;6.8165;1.0000;0.0000;0.0000;0.0000;0.0000
1841;824.26;781.7500;1686.0500;1207.3000;425.5500;47.0585;0.3274;0.0000;-781.7500;0.0000;6.8165;0.0000;-781.7500;0.0000;6.8165;1.0000;0.0000;0.0000;0.0000;0.0000
1842;824.49;775.0000;1711.1000;1226.1000;451.1000;48.1893;0.3170;0.0000;-775.0000;0.0000;6.8165;0.0000;-775.0000;0.0000;6.8165;1.0000;0.0000;0.0000;0.0000;0.0000
1843;824.73;774.1500;1754.3000;1223.0000;448.8500;45.7940;0.3392;0.0000;-774.1500;0.0000;6.8165;0.0000;-774.1500;0.0000;6.8165;1.0000;0.0000;0.0000;0.0000;0.0000
1844;824.96;786.5500;1769.0500;1217.2500;430.7000;43.8372;0.3582;0.0000;-786.5500;0.0000;6.8165;0.0000;-786.5500;0.0000;6.8165;1.0000;0.0000;0.0000;0.0000;0.0000
1845;825.19;780.4000;1789.8000;1179.8000;399.4000;39.5681;0.4027;0.0000;-780.4000;0.0000;6.8165;0.0000;-780.4000;0.0000;6.8165;1.0000;0.0000;0.0000;0.0000;0.0000
1846;825.42;776.7000;1766.0500;1158.8500;382.1500;38.6264;0.4131;0.0000;-776.7000;0.0000;6.8165;0.0000;-776.7000;0.0000;6.8165;1.0000;0.0000;0.0000;0.0000;0.0000
1847;825.65;780.0000;1748.6500;1145.6500;365.6500;37.7484;0.4231;0.0000;-780.0000;0.0000;6.8165;0.0000;-780.0000;0.0000;6.8165;1.0000;0.0000;0.0000;0.0000;0.0000
1848;825.88;779.7500;1693.6500;1130.1500;350.4000;38.3412;0.4163;0.0000;-779.7500;0.0000;6.8165;0.0000;-779.7500;0.0000;6.8165;1.0000;0.0000;0.0000;0.0000;0.0000
1849;826.11;787.3500;1666.0000;1106.7000;319.3500;36.3455;0.4395;0.0000;-787.3500;0.0000;6.8165;0.0000;-787.3500;0.0000;6.8165;1.0000;0.0000;0.0000;0.0000;0.0000
1850;826.34;793.7500;1636.8000;1101.9000;308.1500;36.5518;0.4371;0.0000;-793.7500;0.0000;6.8165;0.0000;-793.7500;0.0000;6.8165;1.0000;0.0000;0.0000;0.0000;0.0000
1851;826.57;799.2000;1579.5000;1093.8000;294.6000;37.7547;0.4230;0.0000;-799.2000;0.0000;6.8165;0.0000;-799.2000;0.0000;6.8165;1.0000;0.0000;0.0000;0.0000;0.0000
1852;826.81;789.3500;1558.8500;1056.2500;266.9000;34.6849;0.4599;0.0000;-789.3500;0.0000;6.8165;0.0000;-789.3500;0.0000;6.8165;1.0000;0.0000;0.0000;0.0000;0.0000
1853;827.04;780.1000;1536.0500;1052.0000;271.9000;35.9680;0.4441;0.0000;-780.1000;0.0000;6.8165;0.0000;-780.1000;0.0000;6.8165;1.0000;0.0000;0.0000;0.0000;0.0000
1854;827.27;775.0500;1515.4000;1057.5500;282.5000;38.1576;0.4184;0.0000;-775.0500;0.0000;6.8165;0.0000;-775.0500;0.0000;6.8165;1.0000;0.0000;0.0000;0.0000;0.0000
1855;827.50;782.7500;1503.6500;1050.4500;267.7000;37.1341;0.4302;0.0000;-782.7500;0.0000;6.8165;0.0000;-782.7500;0.0000;6.8165;1.0000;0.0000;0.0000;0.0000;0.0000
1856;827.73;784.9500;1477.8000;1030.6500;245.7000;35.4622;0.4502;0.0000;-784.9500;0.0000;6.8165;0.0000;-784.9500;0.0000;6.8165;1.0000;0.0000;0.0000;0.0000;0.0000
1857;827.96;797.0500;1461.0000;1037.0000;239.9500;36.1398;0.4420;0.0000;-797.0500;0.0000;6.8165;0.0000;-797.0500;0.0000;6.8165;1.0000;0.0000;0.0000;0.0000;0.0000
1858;828.19;779.8000;1483.3000;1053.3000;273.5000;38.8770;0.4103;0.0000;-779.8000;0.0000;6.8165;0.0000;-779.8000;0.0000;6.8165;1.0000;0.0000;0.0000;0.0000;0.0000
1859;828.42;781.7500;1469.7500;1053.4500;271.7000;39.4913;0.4035;0.0000;-781.7500;0.0000;6.8165;0.0000;-781.7500;0.0000;6.8165;1.0000;0.0000;0.0000;0.0000;0.0000
1860;828.65;799.4000;1501.1000;1081.0500;281.6500;40.1382;0.3964;0.0000;-799.4000;0.0000;6.8165;0.0000;-799.4000;0.0000;6.8165;1.0000;0.0000;0.0000;0.0000;0.0000
1861;828.88;792.0000;1516.2500;1095.6500;303.6500;41.9261;0.3775;0.0000;-792.0000;0.0000;6.8165;0.0000;-792.0000;0.0000;6.8165;1.0000;0.0000;0.0000;0.0000;0.0000
1862;829.11;781.9500;1521.5500;1093.0500;311.1000;42.0633;0.3761;0.0000;-781.9500;0.0000;6.8165;0.0000;-781.9500;0.0000;6.8165;1.0000;0.0000;0.0000;0.0000;0.0000
1863;829.34;795.2000;1533.9500;1070.9000;275.7000;37.3198;0.4281;0.0000;-795.2000;0.0000;6.8165;0.0000;-795.2000;0.0000;6.8165;1.0000;0.0000;0.0000;0.0000;0.0000
1864;829.57;787.7500;1516.3500;1073.3000;285.5500;39.1916;0.4068;0.0000;-787.7500;0.0000;6.8165;0.0000;-787.7500;0.0000;6.8165;1.0000;0.0000;0.0000;0.0000;0.0000
1865;829.80;776.4000;1504.5500;1038.2500;261.8500;35.9610;0.4442;0.0000;-776.4000;0.0000;6.8165;0.0000;-776.4000;0.0000;6.8165;1.0000;0.0000;0.0000;0.0000;0.0000
1866;830.03;785.5500;1500.3500;1053.9500;268.4000;37.5490;0.4254;0.0000;-785.5500;0.0000;6.8165;0.0000;-785.5500;0.0000;6.8165;1.0000;0.0000;0.0000;0.0000;0.0000
1867;830.25;770.6000;1471.0500;1029.3000;258.7000;36.9334;0.4326;0.0000;-770.6000;0.0000;6.8165;0.0000;-770.6000;0.0000;6.8165;1.0000;0.0000;0.0000;0.0000;0.0000
1868;830.48;791.4000;1468.0500;1006.3000;214.9000;31.7594;0.4981;0.0000;-791.4000;0.0000;6.8165;0.0000;-791.4000;0.0000;6.8165;1.0000;0.0000;0.0000;0.0000;0.0000
1869;830.71;795.7500;1438.2500;985.5500;189.8000;29.5409;0.5296;0.0000;-795.7500;0.0000;6.8165;0.0000;-795.7500;0.0000;6.8165;1.0000;0.0000;0.0000;0.0000;0.0000
1870;830.94;783.2000;1393.1000;971.2000;188.0000;30.8247;0.5111;0.0000;-783.2000;0.0000;6.8165;0.0000;-783.2000;0.0000;6.8165;1.0000;0.0000;0.0000;0.0000;0.0000
1871;831.17;771.8500;1362.5500;964.2500;192.4000;32.5715;0.4872;0.0000;-771.8500;0.0000;6.8165;0.0000;-771.8500;0.0000;6.8165;1.0000;0.0000;0.0000;0.0000;0.0000
1872;831.40;780.1000;1350.0500;954.3000;174.2000;30.5641;0.5148;0.0000;-780.1000;0.0000;6.8165;0.0000;-780.1000;0.0000;6.8165;1.0000;0.0000;0.0000;0.0000;0.0000
1873;831.63;794.5000;1335.0000;958.6500;164.1500;30.3700;0.5176;0.0000;-794.5000;0.0000;6.8165;0.0000;-794.5000;0.0000;6.8165;1.0000;0.0000;0.0000;0.0000;0.0000
1874;831.86;786.6000;1303.2500;932.8000;146.2000;28.2977;0.5482;0.0000;-786.6000;0.0000;6.8165;0.0000;-786.6000;0.0000;6.8165;1.0000;0.0000;0.0000;0.0000;0.0000
1875;832.08;774.6000;1266.5500;932.3500;157.7500;32.0663;0.4940;0.0000;-774.6000;0.0000;6.8165;0.0000;-774.6000;0.0000;6.8165;1.0000;0.0000;0.0000;0.0000;0.0000
1876;832.31;789.3000;1248.0500;929.7000;140.4000;30.6049;0.5142;0.0000;-789.3000;0.0000;6.8165;0.0000;-789.3000;0.0000;6.8165;1.0000;0.0000;0.0000;0.0000;0.0000
1877;832.54;787.4000;1256.4000;921.2500;133.8500;28.5394;0.5446;0.0000;-787.4000;0.0000;6.8165;0.0000;-787.4000;0.0000;6.8165;1.0000;0.0000;0.0000;0.0000;0.0000
1878;832.77;782.9500;1248.4000;912.8500;129.9000;27.9085;0.5543;0.0000;-782.9500;0.0000;6.8165;0.0000;-782.9500;0.0000;6.8165;1.0000;0.0000;0.0000;0.0000;0.0000
1879;833.00;778.5000;1251.0000;947.9500;169.4500;35.8624;0.4454;0.0000;-778.5000;0.0000;6.8165;0.0000;-778.5000;0.0000;6.8165;1.0000;0.0000;0.0000;0.0000;0.0000
1880;833.22;770.5000;1257.5500;914.5500;144.0500;29.5760;0.5291;0.0000;-770.5000;0.0000;6.8165;0.0000;-770.5000;0.0000;6.8165;1.0000;0.0000;0.0000;0.0000;0.0000
1881;833.45;781.3500;1247.5500;929.1500;147.8000;31.7031;0.4989;0.0000;-781.3500;0.0000;6.8165;0.0000;-781.3500;0.0000;6.8165;1.0000;0.0000;0.0000;0.0000;0.0000
1882;833.68;780.1500;1248.2500;922.9000;142.7500;30.4956;0.5158;0.0000;-780.1500;0.0000;6.8165;0.0000;-780.1500;0.0000;6.8165;1.0000;0.0000;0.0000;0.0000;0.0000
1883;833.91;782.6500;1239.7500;934.3500;151.7000;33.1875;0.4790;0.0000;-782.6500;0.0000;6.8165;0.0000;-782.6500;0.0000;6.8165;1.0000;0.0000;0.0000;0.0000;0.0000
1884;834.13;785.8000;1241.7000;923.8500;138.0500;30.2808;0.5188;0.0000;-785.8000;0.0000;6.8165;0.0000;-785.8000;0.0000;6.8165;1.0000;0.0000;0.0000;0.0000;0.0000
1885;834.36;791.5500;1238.2000;914.9500;123.4000;27.6279;0.5587;0.0000;-791.5500;0.0000;6.8165;0.0000;-791.5500;0.0000;6.8165;1.0000;0.0000;0.0000;0.0000;0.0000
1886;834.59;806.1500;1245.4500;921.7500;115.6000;26.3146;0.5798;0.0000;-806.1500;0.0000;6.8165;0.0000;-806.1500;0.0000;6.8165;1.0000;0.0000;0.0000;0.0000;0.0000
1887;834.82;794.3500;1252.8000;961.2000;166.8500;36.3944;0.4390;0.0000;-794.3500;0.0000;6.8165;0.0000;-794.3500;0.0000;6.8165;1.0000;0.0000;0.0000;0.0000;0.0000
1888;835.04;780.1500;1269.3000;952.8000;172.6500;35.2959;0.4523;0.0000;-780.1500;0.0000;6.8165;0.0000;-780.1500;0.0000;6.8165;1.0000;0.0000;0.0000;0.0000;0.0000
1889;835.27;785.5000;1279.1000;965.6500;180.1500;36.4972;0.4377;0.0000;-785.5000;0.0000;6.8165;0.0000;-785.5000;0.0000;6.8165;1.0000;0.0000;0.0000;0.0000;0.0000
1890;835.50;782.9500;1308.1000;976.4000;193.4500;36.8371;0.4337;0.0000;-782.9500;0.0000;6.8165;0.0000;-782.9500;0.0000;6.8165;1.0000;0.0000;0.0000;0.0000;0.0000
1891;835.72;796.5500;1314.6000;985.6000;189.0500;36.4926;0.4378;0.0000;-796.5500;0.0000;6.8165;0.0000;-796.5500;0.0000;6.8165;1.0000;0.0000;0.0000;0.0000;0.0000
1892;835.95;780.3000;1339.8500;982.7000;202.4000;36.1719;0.4416;0.0000;-780.3000;0.0000;6.8165;0.0000;-780.3000;0.0000;6.8165;1.0000;0.0000;0.0000;0.0000;0.0000
1893;836.18;781.0500;1334.0000;956.9500;175.9000;31.8112;0.4974;0.0000;-781.0500;0.0000;6.8165;0.0000;-781.0500;0.0000;6.8165;1.0000;0.0000;0.0000;0.0000;0.0000
1894;836.40;788.4000;1318.6000;949.2000;160.8000;30.3282;0.5182;0.0000;-788.4000;0.0000;6.8165;0.0000;-788.4000;0.0000;6.8165;1.0000;0.0000;0.0000;0.0000;0.0000
1895;836.63;784.3000;1318.9000;947.1500;162.8500;30.4620;0.5162;0.0000;-784.3000;0.0000;6.8165;0.0000;-784.3000;0.0000;6.8165;1.0000;0.0000;0.0000;0.0000;0.0000
1896;836.86;782.6000;1337.1500;957.0500;174.4500;31.4579;0.5023;0.0000;-782.6000;0.0000;6.8165;0.0000;-782.6000;0.0000;6.8165;1.0000;0.0000;0.0000;0.0000;0.0000
1897;837.08;796.1500;1305.8500;948.3500;152.2000;29.8607;0.5249;0.0000;-796.1500;0.0000;6.8165;0.0000;-796.1500;0.0000;6.8165;1.0000;0.0000;0.0000;0.0000;0.0000
1898;837.31;788.4000;1293.1500;917.9000;129.5000;25.6563;0.5908;0.0000;-788.4000;0.0000;6.8165;0.0000;-788.4000;0.0000;6.8165;1.0000;0.0000;0.0000;0.0000;0.0000
1899;837.53;782.2500;1287.2000;925.3000;143.0500;28.3295;0.5478;0.0000;-782.2500;0.0000;6.8165;0.0000;-782.2500;0.0000;6.8165;1.0000;0.0000;0.0000;0.0000;0.0000
1900;837.76;780.9000;1251.1000;909.6500;128.7500;27.3820;0.5625;0.0000;-780.9000;0.0000;6.8165;0.0000;-780.9000;0.0000;6.8165;1.0000;0.0000;0.0000;0.0000;0.0000
1901;837.99;778.1500;1240.5000;917.5000;139.3500;30.1395;0.5209;0.0000;-778.1500;0.0000;6.8165;0.0000;-778.1500;0.0000;6.8165;1.0000;0.0000;0.0000;0.0000;0.0000
1902;838.21;795.2500;1253.1500;912.0500;116.8000;25.5078;0.5933;0.0000;-795.2500;0.0000;6.8165;0.0000;-795.2500;0.0000;6.8165;1.0000;0.0000;0.0000;0.0000;0.0000
1903;838.44;790.7000;1220.0000;903.2000;112.5000;26.2055;0.5816;0.0000;-790.7000;0.0000;6.8165;0.0000;-790.7000;0.0000;6.8165;1.0000;0.0000;0.0000;0.0000;0.0000
1904;838.66;795.0500;1213.4500;896.8500;101.8000;24.3308;0.6138;0.0000;-795.0500;0.0000;6.8165;0.0000;-795.0500;0.0000;6.8165;1.0000;0.0000;0.0000;0.0000;0.0000
1905;838.89;781.2500;1201.8000;896.5000;115.2500;27.4046;0.5622;0.0000;-781.2500;0.0000;6.8165;0.0000;-781.2500;0.0000;6.8165;1.0000;0.0000;0.0000;0.0000;0.0000
1906;839.11;783.7500;1209.9500;898.9000;115.1500;27.0178;0.5683;0.0000;-783.7500;0.0000;6.8165;0.0000;-783.7500;0.0000;6.8165;1.0000;0.0000;0.0000;0.0000;0.0000
1907;839.34;792.9500;1202.4000;889.0000;96.0500;23.4583;0.6297;0.0000;-792.9500;0.0000;6.8165;0.0000;-792.9500;0.0000;6.8165;1.0000;0.0000;0.0000;0.0000;0.0000
1908;839.56;779.5500;1212.0500;886.7000;107.1500;24.7746;0.6060;0.0000;-779.5500;0.0000;6.8165;0.0000;-779.5500;0.0000;6.8165;1.0000;0.0000;0.0000;0.0000;0.0000
1909;839.79;789.9500;1204.2500;891.9500;102.0000;24.6198;0.6087;0.0000;-789.9500;0.0000;6.8165;0.0000;-789.9500;0.0000;6.8165;1.0000;0.0000;0.0000;0.0000;0.0000
1910;840.01;782.3500;1188.8000;887.6000;105.2500;25.8949;0.5868;0.0000;-782.3500;0.0000;6.8165;0.0000;-782.3500;0.0000;6.8165;1.0000;0.0000;0.0000;0.0000;0.0000
1911;840.24;796.2500;1187.5500;881.9000;85.6500;21.8886;0.6598;0.0000;-796.2500;0.0000;6.8165;0.0000;-796.2500;0.0000;6.8165;1.0000;0.0000;0.0000;0.0000;0.0000
1912;840.46;786.6500;1199.1500;885.2000;98.5500;23.8909;0.6218;0.0000;-786.6500;0.0000;6.8165;0.0000;-786.6500;0.0000;6.8165;1.0000;0.0000;0.0000;0.0000;0.0000
1913;840.69;785.1000;1194.5000;900.8000;115.7000;28.2609;0.5488;0.0000;-785.1000;0.0000;6.8165;0.0000;-785.1000;0.0000;6.8165;1.0000;0.0000;0.0000;0.0000;0.0000
1914;840.91;798.1500;1182.5500;894.7500;96.6000;25.1301;0.5998;0.0000;-798.1500;0.0000;6.8165;0.0000;-798.1500;0.0000;6.8165;1.0000;0.0000;0.0000;0.0000;0.0000
1915;841.13;794.2000;1173.3000;907.2000;113.0000;29.8074;0.5257;0.0000;-794.2000;0.0000;6.8165;0.0000;-794.2000;0.0000;6.8165;1.0000;0.0000;0.0000;0.0000;0.0000
1916;841.36;788.2500;1187.3500;867.4000;79.1500;19.8321;0.7026;0.0000;-788.2500;0.0000;6.8165;0.0000;-788.2500;0.0000;6.8165;1.0000;0.0000;0.0000;0.0000;0.0000
1917;841.58;780.0000;1189.4000;897.9500;117.9500;28.8105;0.5404;0.0000;-780.0000;0.0000;6.8165;0.0000;-780.0000;0.0000;6.8165;1.0000;0.0000;0.0000;0.0000;0.0000
1918;841.81;781.9500;1184.2000;895.2500;113.3000;28.1666;0.5503;0.0000;-781.9500;0.0000;6.8165;0.0000;-781.9500;0.0000;6.8165;1.0000;0.0000;0.0000;0.0000;0.0000
1919;842.03;786.8500;1190.7000;907.2500;120.4000;29.8130;0.5256;0.0000;-786.8500;0.0000;6.8165;0.0000;-786.8500;0.0000;6.8165;1.0000;0.0000;0.0000;0.0000;0.0000
1920;842.25;795.6000;1204.3500;929.8000;134.2000;32.8318;0.4837;0.0000;-795.6000;0.0000;6.8165;0.0000;-795.6000;0.0000;6.8165;1.0000;0.0000;0.0000;0.0000;0.0000
1921;842.48;795.3500;1199.6500;914.7000;119.3500;29.5202;0.5299;0.0000;-795.3500;0.0000;6.8165;0.0000;-795.3500;0.0000;6.8165;1.0000;0.0000;0.0000;0.0000;0.0000
1922;842.70;780.4000;1220.2500;896.4500;116.0500;26.3840;0.5787;0.0000;-780.4000;0.0000;6.8165;0.0000;-780.4000;0.0000;6.8165;1.0000;0.0000;0.0000;0.0000;0.0000
1923;842.92;792.8500;1212.2500;901.5500;108.7000;25.9180;0.5864;0.0000;-792.8500;0.0000;6.8165;0.0000;-792.8500;0.0000;6.8165;1.0000;0.0000;0.0000;0.0000;0.0000
1924;843.15;800.8500;1213.6500;900.6000;99.7500;24.1642;0.6168;0.0000;-800.8500;0.0000;6.8165;0.0000;-800.8500;0.0000;6.8165;1.0000;0.0000;0.0000;0.0000;0.0000
1925;843.37;793.6500;1199.7500;896.7500;103.1000;25.3878;0.5954;0.0000;-793.6500;0.0000;6.8165;0.0000;-793.6500;0.0000;6.8165;1.0000;0.0000;0.0000;0.0000;0.0000
1926;843.59;788.9500;1198.6000;882.1000;93.1500;22.7389;0.6432;0.0000;-788.9500;0.0000;6.8165;0.0000;-788.9500;0.0000;6.8165;1.0000;0.0000;0.0000;0.0000;0.0000
1927;843.82;796.0000;1195.1500;877.0500;81.0500;20.3056;0.6924;0.0000;-796.0000;0.0000;6.8165;0.0000;-796.0000;0.0000;6.8165;1.0000;0.0000;0.0000;0.0000;0.0000
1928;844.04;788.5000;1156.2000;888.1500;99.6500;27.1009;0.5670;0.0000;-788.5000;0.0000;6.8165;0.0000;-788.5000;0.0000;6.8165;1.0000;0.0000;0.0000;0.0000;0.0000
1929;844.26;786.5000;1173.1000;862.4000;75.9000;19.6327;0.7070;0.0000;-786.5000;0.0000;6.8165;0.0000;-786.5000;0.0000;6.8165;1.0000;0.0000;0.0000;0.0000;0.0000
1930;844.49;790.7000;1171.8000;876.7500;86.0500;22.5794;0.6463;0.0000;-790.7000;0.0000;6.8165;0.0000;-790.7000;0.0000;6.8165;1.0000;0.0000;0.0000;0.0000;0.0000
1931;844.71;789.1000;1161.0500;892.1000;103.0000;27.6919;0.5576;0.0000;-789.1000;0.0000;6.8165;0.0000;-789.1000;0.0000;6.8165;1.0000;0.0000;0.0000;0.0000;0.0000
1932;844.93;789.1500;1151.1000;872.3000;83.1500;22.9728;0.6388;0.0000;-789.1500;0.0000;6.8165;0.0000;-789.1500;0.0000;6.8165;1.0000;0.0000;0.0000;0.0000;0.0000
1933;845.15;794.8000;1135.8000;866.9500;72.1500;21.1584;0.6745;0.0000;-794.8000;0.0000;6.8165;0.0000;-794.8000;0.0000;6.8165;1.0000;0.0000;0.0000;0.0000;0.0000
1934;845.38;792.0000;1137.8000;861.6500;69.6500;20.1417;0.6959;0.0000;-792.0000;0.0000;6.8165;0.0000;-792.0000;0.0000;6.8165;1.0000;0.0000;0.0000;0.0000;0.0000
1935;845.60;798.1000;1142.5000;861.2000;63.1000;18.3217;0.7370;0.0000;-798.1000;0.0000;6.8165;0.0000;-798.1000;0.0000;6.8165;1.0000;0.0000;0.0000;0.0000;0.0000
1936;845.82;789.9000;1157.1500;858.7000;68.8000;18.7338;0.7274;0.0000;-789.9000;0.0000;6.8165;0.0000;-789.9000;0.0000;6.8165;1.0000;0.0000;0.0000;0.0000;0.0000
1937;846.04;775.9000;1132.3000;864.5500;88.6500;24.8737;0.6043;0.0000;-775.9000;0.0000;6.8165;0.0000;-775.9000;0.0000;6.8165;1.0000;0.0000;0.0000;0.0000;0.0000
1938;846.26;784.6000;1147.0500;867.9500;83.3500;22.9963;0.6383;0.0000;-784.6000;0.0000;6.8165;0.0000;-784.6000;0.0000;6.8165;1.0000;0.0000;0.0000;0.0000;0.0000
1939;846.48;778.9500;1132.0500;863.6000;84.6500;23.9734;0.6203;0.0000;-778.9500;0.0000;6.8165;0.0000;-778.9500;0.0000;6.8165;1.0000;0.0000;0.0000;0.0000;0.0000
1940;846.71;787.7500;1123.8000;859.7500;72.0000;21.4254;0.6691;0.0000;-787.7500;0.0000;6.8165;0.0000;-787.7500;0.0000;6.8165;1.0000;0.0000;0.0000;0.0000;0.0000
1941;846.93;780.1000;1125.8500;860.6000;80.5000;23.2827;0.6330;0.0000;-780.1000;0.0000;6.8165;0.0000;-780.1000;0.0000;6.8165;1.0000;0.0000;0.0000;0.0000;0.0000
1942;847.15;790.4000;1129.4000;858.3000;67.9000;20.0295;0.6983;0.0000;-790.4000;0.0000;6.8165;0.0000;-790.4000;0.0000;6.8165;1.0000;0.0000;0.0000;0.0000;0.0000
1943;847.37;786.0500;1138.8000;864.4000;78.3500;22.2112;0.6534;0.0000;-786.0500;0.0000;6.8165;0.0000;-786.0500;0.0000;6.8165;1.0000;0.0000;0.0000;0.0000;0.0000
1944;847.59;775.7500;1118.7500;848.6500;72.9000;21.2536;0.6726;0.0000;-775.7500;0.0000;6.8165;0.0000;-775.7500;0.0000;6.8165;1.0000;0.0000;0.0000;0.0000;0.0000
1945;847.81;785.8000;1117.1000;846.7500;60.9500;18.3972;0.7352;0.0000;-785.8000;0.0000;6.8165;0.0000;-785.8000;0.0000;6.8165;1.0000;0.0000;0.0000;0.0000;0.0000
1946;848.03;774.3500;1119.3500;860.1500;85.8000;24.8696;0.6043;0.0000;-774.3500;0.0000;6.8165;0.0000;-774.3500;0.0000;6.8165;1.0000;0.0000;0.0000;0.0000;0.0000
1947;848.26;780.3000;1134.4500;859.0500;78.7500;22.2363;0.6529;0.0000;-780.3000;0.0000;6.8165;0.0000;-780.3000;0.0000;6.8165;1.0000;0.0000;0.0000;0.0000;0.0000
1948;848.48;789.7000;1132.5500;857.8000;68.1000;19.8629;0.7020;0.0000;-789.7000;0.0000;6.8165;0.0000;-789.7000;0.0000;6.8165;1.0000;0.0000;0.0000;0.0000;0.0000
1949;848.70;806.4000;1119.5500;865.4500;59.0500;18.8568;0.7245;0.0000;-806.4000;0.0000;6.8165;0.0000;-806.4000;0.0000;6.8165;1.0000;0.0000;0.0000;0.0000;0.0000
1950;848.92;785.9500;1108.0500;860.8000;74.8500;23.2381;0.6338;0.0000;-785.9500;0.0000;6.8165;0.0000;-785.9500;0.0000;6.8165;1.0000;0.0000;0.0000;0.0000;0.0000
1951;849.14;792.8500;1111.8000;851.6500;58.8000;18.4355;0.7343;0.0000;-792.8500;0.0000;6.8165;0.0000;-792.8500;0.0000;6.8165;1.0000;0.0000;0.0000;0.0000;0.0000
1952;849.36;786.5000;1119.2000;844.1000;57.6000;17.3129;0.7616;0.0000;-786.5000;0.0000;6.8165;0.0000;-786.5000;0.0000;6.8165;1.0000;0.0000;0.0000;0.0000;0.0000
1953;849.58;777.8500;1116.8000;854.8000;76.9500;22.7025;0.6439;0.0000;-777.8500;0.0000;6.8165;0.0000;-777.8500;0.0000;6.8165;1.0000;0.0000;0.0000;0.0000;0.0000
1954;849.80;783.6000;1113.8000;874.2000;90.6000;27.4379;0.5616;0.0000;-783.6000;0.0000;6.8165;0.0000;-783.6000;0.0000;6.8165;1.0000;0.0000;0.0000;0.0000;0.0000
1955;850.02;789.9500;1115.2000;856.0500;66.1000;20.3228;0.6920;0.0000;-789.9500;0.0000;6.8165;0.0000;-789.9500;0.0000;6.8165;1.0000;0.0000;0.0000;0.0000;0.0000
1956;850.24;797.5000;1099.7500;855.5000;58.0000;19.1894;0.7169;0.0000;-797.5000;0.0000;6.8165;0.0000;-797.5000;0.0000;6.8165;1.0000;0.0000;0.0000;0.0000;0.0000
1957;850.46;795.8500;1105.5000;840.4000;44.5500;14.3872;0.8420;0.0000;-795.8500;0.0000;6.8165;0.0000;-795.8500;0.0000;6.8165;1.0000;0.0000;0.0000;0.0000;0.0000
1958;850.68;795.9000;1108.6500;859.8500;63.9500;20.4476;0.6894;0.0000;-795.9000;0.0000;6.8165;0.0000;-795.9000;0.0000;6.8165;1.0000;0.0000;0.0000;0.0000;0.0000
1959;850.90;782.1000;1104.9000;845.4500;63.3500;19.6252;0.7072;0.0000;-782.1000;0.0000;6.8165;0.0000;-782.1000;0.0000;6.8165;1.0000;0.0000;0.0000;0.0000;0.0000
1960;851.12;789.3000;1101.0000;855.0000;65.7000;21.0780;0.6762;0.0000;-789.3000;0.0000;6.8165;0.0000;-789.3000;0.0000;6.8165;1.0000;0.0000;0.0000;0.0000;0.0000
1961;851.34;766.6500;1112.8000;836.6000;69.9500;20.2080;0.6945;0.0000;-766.6500;0.0000;6.8165;0.0000;-766.6500;0.0000;6.8165;1.0000;0.0000;0.0000;0.0000;0.0000
1962;851.56;779.8500;1113.2500;847.4000;67.5500;20.2609;0.6933;0.0000;-779.8500;0.0000;6.8165;0.0000;-779.8500;0.0000;6.8165;1.0000;0.0000;0.0000;0.0000;0.0000
1963;851.78;791.5000;1076.7000;841.2000;49.7000;17.4264;0.7588;0.0000;-791.5000;0.0000;6.8165;0.0000;-791.5000;0.0000;6.8165;1.0000;0.0000;0.0000;0.0000;0.0000
1964;852.00;782.2500;1106.6500;858.8000;76.5500;23.5974;0.6271;0.0000;-782.2500;0.0000;6.8165;0.0000;-782.2500;0.0000;6.8165;1.0000;0.0000;0.0000;0.0000;0.0000
1965;852.21;769.8000;1096.1500;856.5000;86.7000;26.5666;0.5757;0.0000;-769.8000;0.0000;6.8165;0.0000;-769.8000;0.0000;6.8165;1.0000;0.0000;0.0000;0.0000;0.0000
1966;852.43;782.4000;1108.4000;860.2500;77.8500;23.8804;0.6220;0.0000;-782.4000;0.0000;6.8165;0.0000;-782.4000;0.0000;6.8165;1.0000;0.0000;0.0000;0.0000;0.0000
1967;852.65;789.0000;1087.2500;848.8500;59.8500;20.0671;0.6975;0.0000;-789.0000;0.0000;6.8165;0.0000;-789.0000;0.0000;6.8165;1.0000;0.0000;0.0000;0.0000;0.0000
1968;852.87;787.7500;1105.5500;845.0000;57.2500;18.0145;0.7444;0.0000;-787.7500;0.0000;6.8165;0.0000;-787.7500;0.0000;6.8165;1.0000;0.0000;0.0000;0.0000;0.0000
1969;853.09;786.3000;1089.5500;845.4500;59.1500;19.5054;0.7098;0.0000;-786.3000;0.0000;6.8165;0.0000;-786.3000;0.0000;6.8165;1.0000;0.0000;0.0000;0.0000;0.0000
1970;853.31;792.5500;1098.1000;845.3000;52.7500;17.2640;0.7629;0.0000;-792.5500;0.0000;6.8165;0.0000;-792.5500;0.0000;6.8165;1.0000;0.0000;0.0000;0.0000;0.0000
1971;853.53;779.5000;1105.3000;851.0500;71.5500;21.9613;0.6583;0.0000;-779.5000;0.0000;6.8165;0.0000;-779.5000;0.0000;6.8165;1.0000;0.0000;0.0000;0.0000;0.0000
1972;853.74;780.4500;1105.8500;851.4000;70.9500;21.8039;0.6615;0.0000;-780.4500;0.0000;6.8165;0.0000;-780.4500;0.0000;6.8165;1.0000;0.0000;0.0000;0.0000;0.0000
1973;853.96;769.8500;1102.5000;841.9000;72.0500;21.6594;0.6644;0.0000;-769.8500;0.0000;6.8165;0.0000;-769.8500;0.0000;6.8165;1.0000;0.0000;0.0000;0.0000;0.0000
1974;854.18;794.4000;1112.0000;851.7000;57.3000;18.0416;0.7437;0.0000;-794.4000;0.0000;6.8165;0.0000;-794.4000;0.0000;6.8165;1.0000;0.0000;0.0000;0.0000;0.0000
1975;854.40;795.4000;1086.8500;839.4500;44.0500;15.1141;0.8206;0.0000;-795.4000;0.0000;6.8165;0.0000;-795.4000;0.0000;6.8165;1.0000;0.0000;0.0000;0.0000;0.0000
1976;854.62;797.4500;1094.4500;852.5000;55.0500;18.5354;0.7320;0.0000;-797.4500;0.0000;6.8165;0.0000;-797.4500;0.0000;6.8165;1.0000;0.0000;0.0000;0.0000;0.0000
1977;854.83;785.1000;1080.3500;856.8000;71.7000;24.2845;0.6147;0.0000;-785.1000;0.0000;6.8165;0.0000;-785.1000;0.0000;6.8165;1.0000;0.0000;0.0000;0.0000;0.0000
1978;855.05;787.9000;1096.4500;845.1000;57.2000;18.5383;0.7319;0.0000;-787.9000;0.0000;6.8165;0.0000;-787.9000;0.0000;6.8165;1.0000;0.0000;0.0000;0.0000;0.0000
1979;855.27;790.8000;1079.8500;840.0500;49.2500;17.0386;0.7686;0.0000;-790.8000;0.0000;6.8165;0.0000;-790.8000;0.0000;6.8165;1.0000;0.0000;0.0000;0.0000;0.0000
1980;855.49;778.4000;1092.1500;848.9000;70.5000;22.4701;0.6484;0.0000;-778.4000;0.0000;6.8165;0.0000;-778.4000;0.0000;6.8165;1.0000;0.0000;0.0000;0.0000;0.0000
1981;855.71;790.3000;1063.2500;826.2000;35.9000;13.1526;0.8810;0.0000;-790.3000;0.0000;6.8165;0.0000;-790.3000;0.0000;6.8165;1.0000;0.0000;0.0000;0.0000;0.0000
1982;855.92;778.6000;1081.0000;830.1000;51.5000;17.0304;0.7688;0.0000;-778.6000;0.0000;6.8165;0.0000;-778.6000;0.0000;6.8165;1.0000;0.0000;0.0000;0.0000;0.0000
1983;856.14;796.7000;1068.0000;836.0000;39.3000;14.4858;0.8391;0.0000;-796.7000;0.0000;6.8165;0.0000;-796.7000;0.0000;6.8165;1.0000;0.0000;0.0000;0.0000;0.0000
1984;856.36;784.9500;1080.1500;848.6000;63.6500;21.5617;0.6663;0.0000;-784.9500;0.0000;6.8165;0.0000;-784.9500;0.0000;6.8165;1.0000;0.0000;0.0000;0.0000;0.0000
1985;856.57;791.7000;1070.8500;847.4000;55.7000;19.9534;0.7000;0.0000;-791.7000;0.0000;6.8165;0.0000;-791.7000;0.0000;6.8165;1.0000;0.0000;0.0000;0.0000;0.0000
1986;856.79;789.9000;1058.0000;843.2500;53.3500;19.8993;0.7012;0.0000;-789.9000;0.0000;6.8165;0.0000;-789.9000;0.0000;6.8165;1.0000;0.0000;0.0000;0.0000;0.0000
1987;857.01;781.4500;1069.7000;838.8500;57.4000;19.9133;0.7009;0.0000;-781.4500;0.0000;6.8165;0.0000;-781.4500;0.0000;6.8165;1.0000;0.0000;0.0000;0.0000;0.0000
1988;857.22;795.8000;1083.6500;835.0500;39.2500;13.6356;0.8653;0.0000;-795.8000;0.0000;6.8165;0.0000;-795.8000;0.0000;6.8165;1.0000;0.0000;0.0000;0.0000;0.0000
1989;857.44;782.7500;1085.1500;845.3000;62.5500;20.6845;0.6844;0.0000;-782.7500;0.0000;6.8165;0.0000;-782.7500;0.0000;6.8165;1.0000;0.0000;0.0000;0.0000;0.0000
1990;857.66;787.0000;1068.9000;843.9500;56.9500;20.2022;0.6946;0.0000;-787.0000;0.0000;6.8165;0.0000;-787.0000;0.0000;6.8165;1.0000;0.0000;0.0000;0.0000;0.0000
1991;857.87;772.3500;1080.4000;837.4000;65.0500;21.1167;0.6754;0.0000;-772.3500;0.0000;6.8165;0.0000;-772.3500;0.0000;6.8165;1.0000;0.0000;0.0000;0.0000;0.0000
1992;858.09;794.8000;1047.3500;831.4000;36.6000;14.4922;0.8389;0.0000;-794.8000;0.0000;6.8165;0.0000;-794.8000;0.0000;6.8165;1.0000;0.0000;0.0000;0.0000;0.0000
1993;858.31;796.2500;1063.7500;844.9500;48.7000;18.2056;0.7398;0.0000;-796.2500;0.0000;6.8165;0.0000;-796.2500;0.0000;6.8165;1.0000;0.0000;0.0000;0.0000;0.0000
1994;858.52;787.8000;1069.9000;832.5500;44.7500;15.8632;0.7996;0.0000;-787.8000;0.0000;6.8165;0.0000;-787.8000;0.0000;6.8165;1.0000;0.0000;0.0000;0.0000;0.0000
1995;858.74;775.8000;1073.5000;828.9000;53.1000;17.8367;0.7487;0.0000;-775.8000;0.0000;6.8165;0.0000;-775.8000;0.0000;6.8165;1.0000;0.0000;0.0000;0.0000;0.0000
1996;858.95;782.8000;1048.2500;825.3500;42.5500;16.0294;0.7951;0.0000;-782.8000;0.0000;6.8165;0.0000;-782.8000;0.0000;6.8165;1.0000;0.0000;0.0000;0.0000;0.0000
1997;859.17;773.3000;1062.0000;828.8000;55.5000;19.2241;0.7162;0.0000;-773.3000;0.0000;6.8165;0.0000;-773.3000;0.0000;6.8165;1.0000;0.0000;0.0000;0.0000;0.0000
1998;859.39;773.2500;1059.4000;837.2000;63.9500;22.3484;0.6508;0.0000;-773.2500;0.0000;6.8165;0.0000;-773.2500;0.0000;6.8165;1.0000;0.0000;0.0000;0.0000;0.0000
1999;859.60;780.7500;1066.8500;830.4500;49.7000;17.3715;0.7602;0.0000;-780.7500;0.0000;6.8165;0.0000;-780.7500;0.0000;6.8165;1.0000;0.0000;0.0000;0.0000;0.0000
2000;859.82;793.3000;1071.5500;831.4500;38.1500;13.7107;0.8629;0.0000;-793.3000;0.0000;6.8165;0.0000;-793.3000;0.0000;6.8165;1.0000;0.0000;0.0000;0.0000;0.0000
2001;860.03;783.6000;1057.9000;838.1000;54.5000;19.8688;0.7018;0.0000;-783.6000;0.0000;6.8165;0.0000;-783.6000;0.0000;6.8165;1.0000;0.0000;0.0000;0.0000;0.0000
2002;860.25;799.4500;1049.8500;834.9500;35.5000;14.1773;0.8484;0.0000;-799.4500;0.0000;6.8165;0.0000;-799.4500;0.0000;6.8165;1.0000;0.0000;0.0000;0.0000;0.0000
2003;860.46;785.9000;1044.9000;848.6000;62.7000;24.2085;0.6160;0.0000;-785.9000;0.0000;6.8165;0.0000;-785.9000;0.0000;6.8165;1.0000;0.0000;0.0000;0.0000;0.0000
2004;860.68;786.1500;1046.7500;827.3000;41.1500;15.7905;0.8016;0.0000;-786.1500;0.0000;6.8165;0.0000;-786.1500;0.0000;6.8165;1.0000;0.0000;0.0000;0.0000;0.0000
2005;860.89;779.4000;1035.5000;834.1000;54.7000;21.3588;0.6704;0.0000;-779.4000;0.0000;6.8165;0.0000;-779.4000;0.0000;6.8165;1.0000;0.0000;0.0000;0.0000;0.0000
2006;861.11;786.0000;1053.5000;828.8500;42.8500;16.0187;0.7954;0.0000;-786.0000;0.0000;6.8165;0.0000;-786.0000;0.0000;6.8165;1.0000;0.0000;0.0000;0.0000;0.0000
2007;861.32;790.7000;1050.2500;842.2000;51.5000;19.8420;0.7024;0.0000;-790.7000;0.0000;6.8165;0.0000;-790.7000;0.0000;6.8165;1.0000;0.0000;0.0000;0.0000;0.0000
2008;861.54;788.4000;1039.7500;846.1000;57.7000;22.9560;0.6391;0.0000;-788.4000;0.0000;6.8165;0.0000;-788.4000;0.0000;6.8165;1.0000;0.0000;0.0000;0.0000;0.0000
2009;861.75;779.3000;1030.7000;829.3000;50.0000;19.8886;0.7014;0.0000;-779.3000;0.0000;6.8165;0.0000;-779.3000;0.0000;6.8165;1.0000;0.0000;0.0000;0.0000;0.0000
2010;861.96;795.9500;1019.1000;809.3000;13.3500;5.9825;1.2231;0.0000;-795.9500;0.0000;6.8165;0.0000;-795.9500;0.0000;6.8165;1.0000;0.0000;0.0000;0.0000;0.0000
2011;862.18;800.8500;1027.9000;797.0000;-3.8500;0.0000;6.8165;0.0000;-800.8500;0.0000;6.8165;0.0000;-800.8500;0.0000;6.8165;1.0000;0.0000;0.0000;0.0000;0.0000
2012;862.39;788.8500;1029.4000;834.8000;45.9500;19.1021;0.7189;0.0000;-788.8500;0.0000;6.8165;0.0000;-788.8500;0.0000;6.8165;1.0000;0.0000;0.0000;0.0000;0.0000
2013;862.61;775.2500;1028.9500;826.7000;51.4500;20.2799;0.6929;0.0000;-775.2500;0.0000;6.8165;0.0000;-775.2500;0.0000;6.8165;1.0000;0.0000;0.0000;0.0000;0.0000
2014;862.82;773.1500;1024.4500;809.6500;36.5000;14.5245;0.8379;0.0000;-773.1500;0.0000;6.8165;0.0000;-773.1500;0.0000;6.8165;1.0000;0.0000;0.0000;0.0000;0.0000
2015;863.03;775.6000;1016.2500;804.1000;28.5000;11.8429;0.9265;0.0000;-775.6000;0.0000;6.8165;0.0000;-775.6000;0.0000;6.8165;1.0000;0.0000;0.0000;0.0000;0.0000
2016;863.25;783.7000;1014.0500;806.9000;23.2000;10.0716;0.9969;0.0000;-783.7000;0.0000;6.8165;0.0000;-783.7000;0.0000;6.8165;1.0000;0.0000;0.0000;0.0000;0.0000
2017;863.46;789.8500;1008.0000;824.9500;35.1000;16.0898;0.7934;0.0000;-789.8500;0.0000;6.8165;0.0000;-789.8500;0.0000;6.8165;1.0000;0.0000;0.0000;0.0000;0.0000
2018;863.68;773.8000;1019.4500;803.3500;29.5500;12.0293;0.9198;0.0000;-773.8000;0.0000;6.8165;0.0000;-773.8000;0.0000;6.8165;1.0000;0.0000;0.0000;0.0000;0.0000
2019;863.89;769.4000;1006.6500;814.1500;44.7500;18.8620;0.7244;0.0000;-769.4000;0.0000;6.8165;0.0000;-769.4000;0.0000;6.8165;1.0000;0.0000;0.0000;0.0000;0.0000
2020;864.10;775.1500;1001.4500;822.2000;47.0500;20.7910;0.6821;0.0000;-775.1500;0.0000;6.8165;0.0000;-775.1500;0.0000;6.8165;1.0000;0.0000;0.0000;0.0000;0.0000
2021;864.32;780.3000;993.0000;805.6500;25.3500;11.9182;0.9238;0.0000;-780.3000;0.0000;6.8165;0.0000;-780.3000;0.0000;6.8165;1.0000;0.0000;0.0000;0.0000;0.0000
2022;864.53;792.9500;1004.8000;807.8000;14.8500;7.0097;1.1543;0.0000;-792.9500;0.0000;6.8165;0.0000;-792.9500;0.0000;6.8165;1.0000;0.0000;0.0000;0.0000;0.0000
2023;864.74;782.1500;995.3500;804.5000;22.3500;10.4831;0.9795;0.0000;-782.1500;0.0000;6.8165;0.0000;-782.1500;0.0000;6.8165;1.0000;0.0000;0.0000;0.0000;0.0000
2024;864.95;775.6500;1009.3500;817.7500;42.1000;18.0145;0.7444;0.0000;-775.6500;0.0000;6.8165;0.0000;-775.6500;0.0000;6.8165;1.0000;0.0000;0.0000;0.0000;0.0000
2025;865.17;793.5500;1021.7500;812.7500;19.2000;8.4137;1.0750;0.0000;-793.5500;0.0000;6.8165;0.0000;-793.5500;0.0000;6.8165;1.0000;0.0000;0.0000;0.0000;0.0000
2026;865.38;795.0500;1007.7000;798.8500;3.8000;1.7870;1.7479;0.0000;-795.0500;0.0000;6.8165;0.0000;-795.0500;0.0000;6.8165;1.0000;0.0000;0.0000;0.0000;0.0000
2027;865.59;799.9500;994.7500;796.5500;-3.4000;0.0000;6.8165;0.0000;-799.9500;0.0000;6.8165;0.0000;-799.9500;0.0000;6.8165;1.0000;0.0000;0.0000;0.0000;0.0000
2028;865.81;790.2000;1005.5500;796.9500;6.7500;3.1344;1.5038;0.0000;-790.2000;0.0000;6.8165;0.0000;-790.2000;0.0000;6.8165;1.0000;0.0000;0.0000;0.0000;0.0000
2029;866.02;789.2500;1004.9000;790.3000;1.0500;0.4869;2.3126;0.0000;-789.2500;0.0000;6.8165;0.0000;-789.2500;0.0000;6.8165;1.0000;0.0000;0.0000;0.0000;0.0000
2030;866.23;798.7500;985.1000;819.7000;20.9500;11.2423;0.9491;0.0000;-798.7500;0.0000;6.8165;0.0000;-798.7500;0.0000;6.8165;1.0000;0.0000;0.0000;0.0000;0.0000
2031;866.44;786.2500;996.1000;807.4000;21.1500;10.0786;0.9966;0.0000;-786.2500;0.0000;6.8165;0.0000;-786.2500;0.0000;6.8165;1.0000;0.0000;0.0000;0.0000;0.0000
2032;866.65;788.2500;991.6500;805.3500;17.1000;8.4071;1.0754;0.0000;-788.2500;0.0000;6.8165;0.0000;-788.2500;0.0000;6.8165;1.0000;0.0000;0.0000;0.0000;0.0000
2033;866.87;795.8000;990.0500;791.9000;-3.9000;0.0000;6.8165;0.0000;-795.8000;0.0000;6.8165;0.0000;-795.8000;0.0000;6.8165;1.0000;0.0000;0.0000;0.0000;0.0000
2034;867.08;790.1000;992.6500;803.5000;13.4000;6.6157;1.1794;0.0000;-790.1000;0.0000;6.8165;0.0000;-790.1000;0.0000;6.8165;1.0000;0.0000;0.0000;0.0000;0.0000
2035;867.29;798.0000;1003.4500;796.9000;-1.1000;0.0000;6.8165;0.0000;-798.0000;0.0000;6.8165;0.0000;-798.0000;0.0000;6.8165;1.0000;0.0000;0.0000;0.0000;0.0000
2036;867.50;796.3000;1002.9500;800.2000;3.9000;1.8872;1.7242;0.0000;-796.3000;0.0000;6.8165;0.0000;-796.3000;0.0000;6.8165;1.0000;0.0000;0.0000;0.0000;0.0000
2037;867.71;790.6000;984.5500;806.0500;15.4500;7.9660;1.0988;0.0000;-790.6000;0.0000;6.8165;0.0000;-790.6000;0.0000;6.8165;1.0000;0.0000;0.0000;0.0000;0.0000
2038;867.92;790.4500;989.8000;791.2500;0.8000;0.4013;2.3965;0.0000;-790.4500;0.0000;6.8165;0.0000;-790.4500;0.0000;6.8165;1.0000;0.0000;0.0000;0.0000;0.0000
2039;868.14;802.4500;963.0000;799.7500;-2.7000;0.0000;6.8165;0.0000;-802.4500;0.0000;6.8165;0.0000;-802.4500;0.0000;6.8165;1.0000;0.0000;0.0000;0.0000;0.0000
2040;868.35;802.6500;968.8000;785.0500;-17.6000;0.0000;6.8165;0.0000;-802.6500;0.0000;6.8165;0.0000;-802.6500;0.0000;6.8165;1.0000;0.0000;0.0000;0.0000;0.0000
2041;868.56;802.2500;984.2500;806.9500;4.7000;2.5824;1.5880;0.0000;-802.2500;0.0000;6.8165;0.0000;-802.2500;0.0000;6.8165;1.0000;0.0000;0.0000;0.0000;0.0000
2042;868.77;790.7000;983.0000;806.7500;16.0500;8.3463;1.0785;0.0000;-790.7000;0.0000;6.8165;0.0000;-790.7000;0.0000;6.8165;1.0000;0.0000;0.0000;0.0000;0.0000
2043;868.98;790.5000;977.7500;798.0500;7.5500;4.0320;1.3945;0.0000;-790.5000;0.0000;6.8165;0.0000;-790.5000;0.0000;6.8165;1.0000;0.0000;0.0000;0.0000;0.0000
2044;869.19;797.7500;994.0500;794.4000;-3.3500;0.0000;6.8165;0.0000;-797.7500;0.0000;6.8165;0.0000;-797.7500;0.0000;6.8165;1.0000;0.0000;0.0000;0.0000;0.0000
2045;869.40;775.6500;995.4500;802.7500;27.1000;12.3294;0.9091;0.0000;-775.6500;0.0000;6.8165;0.0000;-775.6500;0.0000;6.8165;1.0000;0.0000;0.0000;0.0000;0.0000
2046;869.61;785.1500;968.9500;813.2500;28.1000;15.2884;0.8156;0.0000;-785.1500;0.0000;6.8165;0.0000;-785.1500;0.0000;6.8165;1.0000;0.0000;0.0000;0.0000;0.0000
2047;869.82;784.3000;986.9000;801.9500;17.6500;8.7117;1.0599;0.0000;-784.3000;0.0000;6.8165;0.0000;-784.3000;0.0000;6.8165;1.0000;0.0000;0.0000;0.0000;0.0000
