Date;2006-11-30 12:22:20
title;IBD
model;BTC112
c code;IBD
operator;
port1;0
baud1;3
pixel_start;0
pixel_end;2047
step;1
units;1
bkcolor;16777215
show_mode;0
data_mode;0
pixel_mode;0
intigration times;5
average number;20
spectrometer_type ;14
yaxis;1
yaxis_min;0
yaxis_max;65535
xaxis;1
xaxis_min;0
xaxis_max;2047
coefs_a0;231.943084241822
coefs_a1;0.406994147595924
coefs_a2;-4.3775084135389E-5
coefs_a3;-1.3768865065993E-9
coefs_b0;-728.069070757367
coefs_b1;3.36508502946526
coefs_b2;-0.0019617714298974
coefs_b3;2.01154622732E-6
all_data_save;1
select_option;-1
interval_time;50
pixel_num;2048
sel_pixel_start;0
sel_pixel_end;2047
sel_pixel_delta;1
dark_compensate;0
dark_compensate_value_1;0
dark_compensate_value_2;0
dark_compensate_value_3;0
monitor pixel_0;0
monitor pixel_1;0
monitor pixel_2;0
monitor pixel_3;0
monitor pixel_4;0
monitor pixel_5;0
vertical_line3_wv;250
vertical_line4_wv;250
vertical_line_flag;0
vertical_line_ratio;0
overlay_js;0
Pixel;Wavelength;Dark;Reference;Raw data #1;Dark Subtracted #1;%TR #1;Absorbance #1;Raw data #2;Dark Subtracted #2;%TR #2;Absorbance #2;Raw data #3;Dark Subtracted #3;%TR #3;Absorbance #3;Errands Ref;Errands Fit;Irradiance_1;Irradiance_2;Irradiance_3
0;231.94;798.4000;783.7000;793.0500;-5.3500;36.3946;0.4390;0.0000;-798.4000;110.0000;-0.0414;0.0000;-798.4000;110.0000;-0.0414;1.0000;0.0000;0.0000;0.0000;0.0000
1;232.35;798.4000;783.7000;793.0500;-5.3500;36.3946;0.4390;0.0000;-798.4000;110.0000;-0.0414;0.0000;-798.4000;110.0000;-0.0414;1.0000;0.0000;0.0000;0.0000;0.0000
2;232.76;791.3500;791.9000;817.1000;25.7500;110.0000;-0.0414;0.0000;-791.3500;0.0000;6.8165;0.0000;-791.3500;0.0000;6.8165;1.0000;0.0000;0.0000;0.0000;0.0000
3;233.16;753.0000;679.0500;750.4000;-2.6000;3.5159;1.4540;0.0000;-753.0000;110.0000;-0.0414;0.0000;-753.0000;110.0000;-0.0414;1.0000;0.0000;0.0000;0.0000;0.0000
4;233.57;786.1500;777.2500;783.3500;-2.8000;31.4607;0.5022;0.0000;-786.1500;0.0000;6.8165;0.0000;-786.1500;0.0000;6.8165;1.0000;0.0000;0.0000;0.0000;0.0000
5;233.98;791.5500;797.2000;776.9500;-14.6000;0.0000;6.8165;0.0000;-791.5500;0.0000;6.8165;0.0000;-791.5500;0.0000;6.8165;1.0000;0.0000;0.0000;0.0000;0.0000
6;234.38;799.5000;782.6000;767.5500;-31.9500;110.0000;-0.0414;0.0000;-799.5000;110.0000;-0.0414;0.0000;-799.5000;110.0000;-0.0414;1.0000;0.0000;0.0000;0.0000;0.0000
7;234.79;797.6500;780.6500;788.3500;-9.3000;54.7059;0.2620;0.0000;-797.6500;0.0000;6.8165;0.0000;-797.6500;0.0000;6.8165;1.0000;0.0000;0.0000;0.0000;0.0000
8;235.20;798.2500;795.4000;792.5000;-5.7500;110.0000;-0.0414;0.0000;-798.2500;110.0000;-0.0414;0.0000;-798.2500;110.0000;-0.0414;1.0000;0.0000;0.0000;0.0000;0.0000
9;235.60;777.8500;797.0000;775.5500;-2.3000;0.0000;6.8165;0.0000;-777.8500;0.0000;6.8165;0.0000;-777.8500;0.0000;6.8165;1.0000;0.0000;0.0000;0.0000;0.0000
10;236.01;780.6500;791.6000;773.3000;-7.3500;0.0000;6.8165;0.0000;-780.6500;0.0000;6.8165;0.0000;-780.6500;0.0000;6.8165;1.0000;0.0000;0.0000;0.0000;0.0000
11;236.41;785.7500;801.9500;782.3500;-3.4000;0.0000;6.8165;0.0000;-785.7500;0.0000;6.8165;0.0000;-785.7500;0.0000;6.8165;1.0000;0.0000;0.0000;0.0000;0.0000
12;236.82;791.8500;788.1000;781.2500;-10.6000;110.0000;-0.0414;0.0000;-791.8500;0.0000;6.8165;0.0000;-791.8500;0.0000;6.8165;1.0000;0.0000;0.0000;0.0000;0.0000
13;237.23;788.1500;787.7000;779.3500;-8.8000;110.0000;-0.0414;0.0000;-788.1500;0.0000;6.8165;0.0000;-788.1500;0.0000;6.8165;1.0000;0.0000;0.0000;0.0000;0.0000
14;237.63;792.8500;775.0000;784.3000;-8.5500;47.8992;0.3197;0.0000;-792.8500;110.0000;-0.0414;0.0000;-792.8500;110.0000;-0.0414;1.0000;0.0000;0.0000;0.0000;0.0000
15;238.04;779.1000;790.5000;785.2500;6.1500;53.9474;0.2680;0.0000;-779.1000;0.0000;6.8165;0.0000;-779.1000;0.0000;6.8165;1.0000;0.0000;0.0000;0.0000;0.0000
16;238.44;789.3000;781.9000;790.5000;1.2000;0.0000;6.8165;0.0000;-789.3000;0.0000;6.8165;0.0000;-789.3000;0.0000;6.8165;1.0000;0.0000;0.0000;0.0000;0.0000
17;238.85;790.2000;786.4500;791.6500;1.4500;0.0000;6.8165;0.0000;-790.2000;110.0000;-0.0414;0.0000;-790.2000;110.0000;-0.0414;1.0000;0.0000;0.0000;0.0000;0.0000
18;239.25;785.8000;793.9500;786.1500;0.3500;4.2945;1.3671;0.0000;-785.8000;110.0000;-0.0414;0.0000;-785.8000;110.0000;-0.0414;1.0000;0.0000;0.0000;0.0000;0.0000
19;239.66;785.1000;787.0000;783.7000;-1.4000;0.0000;6.8165;0.0000;-785.1000;110.0000;-0.0414;0.0000;-785.1000;110.0000;-0.0414;1.0000;0.0000;0.0000;0.0000;0.0000
20;240.07;777.3500;781.4000;773.7000;-3.6500;0.0000;6.8165;0.0000;-777.3500;110.0000;-0.0414;0.0000;-777.3500;110.0000;-0.0414;1.0000;0.0000;0.0000;0.0000;0.0000
21;240.47;782.9500;786.0500;796.4500;13.5000;110.0000;-0.0414;0.0000;-782.9500;0.0000;6.8165;0.0000;-782.9500;0.0000;6.8165;1.0000;0.0000;0.0000;0.0000;0.0000
22;240.88;768.9500;789.2000;773.5500;4.6000;22.7160;0.6437;0.0000;-768.9500;0.0000;6.8165;0.0000;-768.9500;0.0000;6.8165;1.0000;0.0000;0.0000;0.0000;0.0000
23;241.28;798.3500;782.8000;791.8500;-6.5000;41.8006;0.3788;0.0000;-798.3500;110.0000;-0.0414;0.0000;-798.3500;110.0000;-0.0414;1.0000;0.0000;0.0000;0.0000;0.0000
24;241.69;792.4000;791.8500;793.9000;1.5000;0.0000;6.8165;0.0000;-792.4000;110.0000;-0.0414;0.0000;-792.4000;110.0000;-0.0414;1.0000;0.0000;0.0000;0.0000;0.0000
25;242.09;782.3500;770.2500;784.7500;2.4000;0.0000;6.8165;0.0000;-782.3500;0.0000;6.8165;0.0000;-782.3500;0.0000;6.8165;1.0000;0.0000;0.0000;0.0000;0.0000
26;242.50;790.4000;788.0500;774.8000;-15.6000;110.0000;-0.0414;0.0000;-790.4000;110.0000;-0.0414;0.0000;-790.4000;110.0000;-0.0414;1.0000;0.0000;0.0000;0.0000;0.0000
27;242.90;800.2000;784.5500;772.2000;-28.0000;110.0000;-0.0414;0.0000;-800.2000;110.0000;-0.0414;0.0000;-800.2000;110.0000;-0.0414;1.0000;0.0000;0.0000;0.0000;0.0000
28;243.30;786.1500;796.0000;769.8000;-16.3500;0.0000;6.8165;0.0000;-786.1500;0.0000;6.8165;0.0000;-786.1500;0.0000;6.8165;1.0000;0.0000;0.0000;0.0000;0.0000
29;243.71;793.6000;790.2000;761.5000;-32.1000;110.0000;-0.0414;0.0000;-793.6000;110.0000;-0.0414;0.0000;-793.6000;110.0000;-0.0414;1.0000;0.0000;0.0000;0.0000;0.0000
30;244.11;792.3500;788.0000;777.7500;-14.6000;110.0000;-0.0414;0.0000;-792.3500;110.0000;-0.0414;0.0000;-792.3500;110.0000;-0.0414;1.0000;0.0000;0.0000;0.0000;0.0000
31;244.52;794.7000;771.5500;774.5000;-20.2000;87.2570;0.0592;0.0000;-794.7000;110.0000;-0.0414;0.0000;-794.7000;110.0000;-0.0414;1.0000;0.0000;0.0000;0.0000;0.0000
32;244.92;796.1000;776.6000;786.1000;-10.0000;51.2821;0.2900;0.0000;-796.1000;110.0000;-0.0414;0.0000;-796.1000;110.0000;-0.0414;1.0000;0.0000;0.0000;0.0000;0.0000
33;245.33;788.1000;776.7000;774.7500;-13.3500;110.0000;-0.0414;0.0000;-788.1000;110.0000;-0.0414;0.0000;-788.1000;110.0000;-0.0414;1.0000;0.0000;0.0000;0.0000;0.0000
34;245.73;779.3500;776.3000;782.2500;2.9000;0.0000;6.8165;0.0000;-779.3500;0.0000;6.8165;0.0000;-779.3500;0.0000;6.8165;1.0000;0.0000;0.0000;0.0000;0.0000
35;246.13;783.8000;807.8000;789.3500;5.5500;23.1250;0.6359;0.0000;-783.8000;0.0000;6.8165;0.0000;-783.8000;0.0000;6.8165;1.0000;0.0000;0.0000;0.0000;0.0000
36;246.54;788.9000;864.7000;805.5500;16.6500;21.9657;0.6583;0.0000;-788.9000;0.0000;6.8165;0.0000;-788.9000;0.0000;6.8165;1.0000;0.0000;0.0000;0.0000;0.0000
37;246.94;782.7000;858.4000;800.7000;18.0000;23.7781;0.6238;0.0000;-782.7000;0.0000;6.8165;0.0000;-782.7000;0.0000;6.8165;1.0000;0.0000;0.0000;0.0000;0.0000
38;247.35;788.7000;850.8500;810.3500;21.6500;34.8351;0.4580;0.0000;-788.7000;0.0000;6.8165;0.0000;-788.7000;0.0000;6.8165;1.0000;0.0000;0.0000;0.0000;0.0000
39;247.75;778.1000;865.9500;796.0500;17.9500;20.4326;0.6897;0.0000;-778.1000;0.0000;6.8165;0.0000;-778.1000;0.0000;6.8165;1.0000;0.0000;0.0000;0.0000;0.0000
40;248.15;776.6000;854.8000;807.5000;30.9000;39.5141;0.4032;0.0000;-776.6000;0.0000;6.8165;0.0000;-776.6000;0.0000;6.8165;1.0000;0.0000;0.0000;0.0000;0.0000
41;248.56;784.9500;846.6500;813.0000;28.0500;45.4619;0.3424;0.0000;-784.9500;0.0000;6.8165;0.0000;-784.9500;0.0000;6.8165;1.0000;0.0000;0.0000;0.0000;0.0000
42;248.96;790.0000;862.7000;813.4000;23.4000;32.1871;0.4923;0.0000;-790.0000;0.0000;6.8165;0.0000;-790.0000;0.0000;6.8165;1.0000;0.0000;0.0000;0.0000;0.0000
43;249.36;786.6500;853.8000;805.7000;19.0500;28.3693;0.5472;0.0000;-786.6500;0.0000;6.8165;0.0000;-786.6500;0.0000;6.8165;1.0000;0.0000;0.0000;0.0000;0.0000
44;249.77;775.8000;848.1500;815.5000;39.7000;54.8721;0.2606;0.0000;-775.8000;0.0000;6.8165;0.0000;-775.8000;0.0000;6.8165;1.0000;0.0000;0.0000;0.0000;0.0000
45;250.17;778.7000;840.6000;809.8000;31.1000;50.2423;0.2989;0.0000;-778.7000;0.0000;6.8165;0.0000;-778.7000;0.0000;6.8165;1.0000;0.0000;0.0000;0.0000;0.0000
46;250.57;789.2500;873.6500;806.3500;17.1000;20.2607;0.6933;0.0000;-789.2500;0.0000;6.8165;0.0000;-789.2500;0.0000;6.8165;1.0000;0.0000;0.0000;0.0000;0.0000
47;250.97;790.3500;856.3500;805.4000;15.0500;22.8030;0.6420;0.0000;-790.3500;0.0000;6.8165;0.0000;-790.3500;0.0000;6.8165;1.0000;0.0000;0.0000;0.0000;0.0000
48;251.38;779.2000;857.6000;808.8500;29.6500;37.8189;0.4223;0.0000;-779.2000;0.0000;6.8165;0.0000;-779.2000;0.0000;6.8165;1.0000;0.0000;0.0000;0.0000;0.0000
49;251.78;804.6500;858.3000;798.4500;-6.2000;0.0000;6.8165;0.0000;-804.6500;0.0000;6.8165;0.0000;-804.6500;0.0000;6.8165;1.0000;0.0000;0.0000;0.0000;0.0000
50;252.18;774.8000;876.0500;796.3000;21.5000;21.2346;0.6730;0.0000;-774.8000;0.0000;6.8165;0.0000;-774.8000;0.0000;6.8165;1.0000;0.0000;0.0000;0.0000;0.0000
51;252.59;794.2500;856.8500;809.9500;15.7000;25.0799;0.6007;0.0000;-794.2500;0.0000;6.8165;0.0000;-794.2500;0.0000;6.8165;1.0000;0.0000;0.0000;0.0000;0.0000
52;252.99;796.8500;867.2000;813.5500;16.7000;23.7385;0.6245;0.0000;-796.8500;0.0000;6.8165;0.0000;-796.8500;0.0000;6.8165;1.0000;0.0000;0.0000;0.0000;0.0000
53;253.39;802.3000;870.6000;820.1500;17.8500;26.1347;0.5828;0.0000;-802.3000;0.0000;6.8165;0.0000;-802.3000;0.0000;6.8165;1.0000;0.0000;0.0000;0.0000;0.0000
54;253.79;784.5000;871.4500;816.0500;31.5500;36.2852;0.4403;0.0000;-784.5000;0.0000;6.8165;0.0000;-784.5000;0.0000;6.8165;1.0000;0.0000;0.0000;0.0000;0.0000
55;254.20;787.3000;865.9500;811.0000;23.7000;30.1335;0.5210;0.0000;-787.3000;0.0000;6.8165;0.0000;-787.3000;0.0000;6.8165;1.0000;0.0000;0.0000;0.0000;0.0000
56;254.60;782.7500;850.3000;804.5500;21.8000;32.2724;0.4912;0.0000;-782.7500;0.0000;6.8165;0.0000;-782.7500;0.0000;6.8165;1.0000;0.0000;0.0000;0.0000;0.0000
57;255.00;785.4500;871.5500;807.9500;22.5000;26.1324;0.5828;0.0000;-785.4500;0.0000;6.8165;0.0000;-785.4500;0.0000;6.8165;1.0000;0.0000;0.0000;0.0000;0.0000
58;255.40;782.8500;851.0500;816.4500;33.6000;49.2669;0.3074;0.0000;-782.8500;0.0000;6.8165;0.0000;-782.8500;0.0000;6.8165;1.0000;0.0000;0.0000;0.0000;0.0000
59;255.80;785.1000;880.5500;827.3000;42.2000;44.2116;0.3545;0.0000;-785.1000;0.0000;6.8165;0.0000;-785.1000;0.0000;6.8165;1.0000;0.0000;0.0000;0.0000;0.0000
60;256.20;777.2500;878.5000;815.1500;37.9000;37.4321;0.4268;0.0000;-777.2500;0.0000;6.8165;0.0000;-777.2500;0.0000;6.8165;1.0000;0.0000;0.0000;0.0000;0.0000
61;256.61;787.8500;875.9500;805.3000;17.4500;19.8070;0.7032;0.0000;-787.8500;0.0000;6.8165;0.0000;-787.8500;0.0000;6.8165;1.0000;0.0000;0.0000;0.0000;0.0000
62;257.01;793.2000;865.3500;797.8500;4.6500;6.4449;1.1908;0.0000;-793.2000;0.0000;6.8165;0.0000;-793.2000;0.0000;6.8165;1.0000;0.0000;0.0000;0.0000;0.0000
63;257.41;781.1000;855.8500;812.5500;31.4500;42.0736;0.3760;0.0000;-781.1000;0.0000;6.8165;0.0000;-781.1000;0.0000;6.8165;1.0000;0.0000;0.0000;0.0000;0.0000
64;257.81;783.3000;863.4000;806.8500;23.5500;29.4007;0.5316;0.0000;-783.3000;0.0000;6.8165;0.0000;-783.3000;0.0000;6.8165;1.0000;0.0000;0.0000;0.0000;0.0000
65;258.21;792.5000;857.7000;814.9000;22.4000;34.3558;0.4640;0.0000;-792.5000;0.0000;6.8165;0.0000;-792.5000;0.0000;6.8165;1.0000;0.0000;0.0000;0.0000;0.0000
66;258.61;795.8500;868.4500;815.9000;20.0500;27.6171;0.5588;0.0000;-795.8500;0.0000;6.8165;0.0000;-795.8500;0.0000;6.8165;1.0000;0.0000;0.0000;0.0000;0.0000
67;259.01;777.0000;857.6500;810.3000;33.3000;41.2895;0.3842;0.0000;-777.0000;0.0000;6.8165;0.0000;-777.0000;0.0000;6.8165;1.0000;0.0000;0.0000;0.0000;0.0000
68;259.42;796.4500;862.3000;812.3000;15.8500;24.0699;0.6185;0.0000;-796.4500;0.0000;6.8165;0.0000;-796.4500;0.0000;6.8165;1.0000;0.0000;0.0000;0.0000;0.0000
69;259.82;781.6000;855.4000;821.6000;40.0000;54.2005;0.2660;0.0000;-781.6000;0.0000;6.8165;0.0000;-781.6000;0.0000;6.8165;1.0000;0.0000;0.0000;0.0000;0.0000
70;260.22;775.3000;857.0000;813.0500;37.7500;46.2056;0.3353;0.0000;-775.3000;0.0000;6.8165;0.0000;-775.3000;0.0000;6.8165;1.0000;0.0000;0.0000;0.0000;0.0000
71;260.62;786.0500;868.4500;830.0000;43.9500;53.3374;0.2730;0.0000;-786.0500;0.0000;6.8165;0.0000;-786.0500;0.0000;6.8165;1.0000;0.0000;0.0000;0.0000;0.0000
72;261.02;785.6500;870.8000;820.4000;34.7500;40.8103;0.3892;0.0000;-785.6500;0.0000;6.8165;0.0000;-785.6500;0.0000;6.8165;1.0000;0.0000;0.0000;0.0000;0.0000
73;261.42;784.9500;861.2500;820.9500;36.0000;47.1822;0.3262;0.0000;-784.9500;0.0000;6.8165;0.0000;-784.9500;0.0000;6.8165;1.0000;0.0000;0.0000;0.0000;0.0000
74;261.82;787.9000;870.2500;816.7000;28.8000;34.9727;0.4563;0.0000;-787.9000;0.0000;6.8165;0.0000;-787.9000;0.0000;6.8165;1.0000;0.0000;0.0000;0.0000;0.0000
75;262.22;774.2000;856.6000;834.1000;59.9000;72.6942;0.1385;0.0000;-774.2000;0.0000;6.8165;0.0000;-774.2000;0.0000;6.8165;1.0000;0.0000;0.0000;0.0000;0.0000
76;262.62;783.8500;871.1500;819.3500;35.5000;40.6644;0.3908;0.0000;-783.8500;0.0000;6.8165;0.0000;-783.8500;0.0000;6.8165;1.0000;0.0000;0.0000;0.0000;0.0000
77;263.02;788.0000;863.2000;815.9000;27.9000;37.1011;0.4306;0.0000;-788.0000;0.0000;6.8165;0.0000;-788.0000;0.0000;6.8165;1.0000;0.0000;0.0000;0.0000;0.0000
78;263.42;788.4500;860.5000;813.0500;24.6000;34.1430;0.4667;0.0000;-788.4500;0.0000;6.8165;0.0000;-788.4500;0.0000;6.8165;1.0000;0.0000;0.0000;0.0000;0.0000
79;263.82;790.8500;862.7000;817.1500;26.3000;36.6040;0.4365;0.0000;-790.8500;0.0000;6.8165;0.0000;-790.8500;0.0000;6.8165;1.0000;0.0000;0.0000;0.0000;0.0000
80;264.22;786.5500;864.1500;813.5000;26.9500;34.7294;0.4593;0.0000;-786.5500;0.0000;6.8165;0.0000;-786.5500;0.0000;6.8165;1.0000;0.0000;0.0000;0.0000;0.0000
81;264.62;793.5000;861.0500;818.1500;24.6500;36.4915;0.4378;0.0000;-793.5000;0.0000;6.8165;0.0000;-793.5000;0.0000;6.8165;1.0000;0.0000;0.0000;0.0000;0.0000
82;265.02;790.8000;880.3500;818.1000;27.3000;30.4858;0.5159;0.0000;-790.8000;0.0000;6.8165;0.0000;-790.8000;0.0000;6.8165;1.0000;0.0000;0.0000;0.0000;0.0000
83;265.42;784.7000;857.8000;816.9500;32.2500;44.1176;0.3554;0.0000;-784.7000;0.0000;6.8165;0.0000;-784.7000;0.0000;6.8165;1.0000;0.0000;0.0000;0.0000;0.0000
84;265.82;791.7000;860.5000;820.7500;29.0500;42.2238;0.3744;0.0000;-791.7000;0.0000;6.8165;0.0000;-791.7000;0.0000;6.8165;1.0000;0.0000;0.0000;0.0000;0.0000
85;266.22;797.7500;874.4000;808.0000;10.2500;13.3725;0.8738;0.0000;-797.7500;0.0000;6.8165;0.0000;-797.7500;0.0000;6.8165;1.0000;0.0000;0.0000;0.0000;0.0000
86;266.62;785.6000;874.7500;826.0500;40.4500;45.3730;0.3432;0.0000;-785.6000;0.0000;6.8165;0.0000;-785.6000;0.0000;6.8165;1.0000;0.0000;0.0000;0.0000;0.0000
87;267.02;785.6500;875.5000;810.3000;24.6500;27.4346;0.5617;0.0000;-785.6500;0.0000;6.8165;0.0000;-785.6500;0.0000;6.8165;1.0000;0.0000;0.0000;0.0000;0.0000
88;267.42;790.3500;866.0000;811.3500;21.0000;27.7594;0.5566;0.0000;-790.3500;0.0000;6.8165;0.0000;-790.3500;0.0000;6.8165;1.0000;0.0000;0.0000;0.0000;0.0000
89;267.82;786.6000;871.4500;802.7000;16.1000;18.9747;0.7218;0.0000;-786.6000;0.0000;6.8165;0.0000;-786.6000;0.0000;6.8165;1.0000;0.0000;0.0000;0.0000;0.0000
90;268.22;777.7500;873.2500;807.4500;29.7000;31.0995;0.5072;0.0000;-777.7500;0.0000;6.8165;0.0000;-777.7500;0.0000;6.8165;1.0000;0.0000;0.0000;0.0000;0.0000
91;268.62;786.7000;855.1500;806.9500;20.2500;29.5836;0.5289;0.0000;-786.7000;0.0000;6.8165;0.0000;-786.7000;0.0000;6.8165;1.0000;0.0000;0.0000;0.0000;0.0000
92;269.01;781.1000;869.3000;814.2500;33.1500;37.5850;0.4250;0.0000;-781.1000;0.0000;6.8165;0.0000;-781.1000;0.0000;6.8165;1.0000;0.0000;0.0000;0.0000;0.0000
93;269.41;796.6000;869.1000;818.2000;21.6000;29.7931;0.5259;0.0000;-796.6000;0.0000;6.8165;0.0000;-796.6000;0.0000;6.8165;1.0000;0.0000;0.0000;0.0000;0.0000
94;269.81;788.3000;878.3500;810.8000;22.5000;24.9861;0.6023;0.0000;-788.3000;0.0000;6.8165;0.0000;-788.3000;0.0000;6.8165;1.0000;0.0000;0.0000;0.0000;0.0000
95;270.21;776.8000;883.8000;808.3500;31.5500;29.4860;0.5304;0.0000;-776.8000;0.0000;6.8165;0.0000;-776.8000;0.0000;6.8165;1.0000;0.0000;0.0000;0.0000;0.0000
96;270.61;791.2000;871.0000;806.4500;15.2500;19.1103;0.7187;0.0000;-791.2000;0.0000;6.8165;0.0000;-791.2000;0.0000;6.8165;1.0000;0.0000;0.0000;0.0000;0.0000
97;271.01;780.1000;862.9000;809.9000;29.8000;35.9903;0.4438;0.0000;-780.1000;0.0000;6.8165;0.0000;-780.1000;0.0000;6.8165;1.0000;0.0000;0.0000;0.0000;0.0000
98;271.41;780.7500;867.3000;809.9000;29.1500;33.6800;0.4726;0.0000;-780.7500;0.0000;6.8165;0.0000;-780.7500;0.0000;6.8165;1.0000;0.0000;0.0000;0.0000;0.0000
99;271.81;786.4000;860.5000;822.0000;35.6000;48.0432;0.3184;0.0000;-786.4000;0.0000;6.8165;0.0000;-786.4000;0.0000;6.8165;1.0000;0.0000;0.0000;0.0000;0.0000
100;272.20;784.3000;870.6500;820.3000;36.0000;41.6908;0.3800;0.0000;-784.3000;0.0000;6.8165;0.0000;-784.3000;0.0000;6.8165;1.0000;0.0000;0.0000;0.0000;0.0000
101;272.60;778.7000;867.2500;802.3000;23.6000;26.6516;0.5743;0.0000;-778.7000;0.0000;6.8165;0.0000;-778.7000;0.0000;6.8165;1.0000;0.0000;0.0000;0.0000;0.0000
102;273.00;791.3500;863.1000;813.0000;21.6500;30.1742;0.5204;0.0000;-791.3500;0.0000;6.8165;0.0000;-791.3500;0.0000;6.8165;1.0000;0.0000;0.0000;0.0000;0.0000
103;273.40;790.5000;875.3500;827.3500;36.8500;43.4296;0.3622;0.0000;-790.5000;0.0000;6.8165;0.0000;-790.5000;0.0000;6.8165;1.0000;0.0000;0.0000;0.0000;0.0000
104;273.80;777.5500;862.2000;822.6500;45.1000;53.2782;0.2735;0.0000;-777.5500;0.0000;6.8165;0.0000;-777.5500;0.0000;6.8165;1.0000;0.0000;0.0000;0.0000;0.0000
105;274.19;789.8000;870.9000;826.3000;36.5000;45.0062;0.3467;0.0000;-789.8000;0.0000;6.8165;0.0000;-789.8000;0.0000;6.8165;1.0000;0.0000;0.0000;0.0000;0.0000
106;274.59;794.7000;854.0000;822.9000;28.2000;47.5548;0.3228;0.0000;-794.7000;0.0000;6.8165;0.0000;-794.7000;0.0000;6.8165;1.0000;0.0000;0.0000;0.0000;0.0000
107;274.99;782.0500;872.0500;811.2500;29.2000;32.4444;0.4889;0.0000;-782.0500;0.0000;6.8165;0.0000;-782.0500;0.0000;6.8165;1.0000;0.0000;0.0000;0.0000;0.0000
108;275.39;794.8000;853.7500;804.0500;9.2500;15.6913;0.8043;0.0000;-794.8000;0.0000;6.8165;0.0000;-794.8000;0.0000;6.8165;1.0000;0.0000;0.0000;0.0000;0.0000
109;275.78;772.7000;867.9000;807.8000;35.1000;36.8697;0.4333;0.0000;-772.7000;0.0000;6.8165;0.0000;-772.7000;0.0000;6.8165;1.0000;0.0000;0.0000;0.0000;0.0000
110;276.18;785.5000;868.0500;813.5500;28.0500;33.9794;0.4688;0.0000;-785.5000;0.0000;6.8165;0.0000;-785.5000;0.0000;6.8165;1.0000;0.0000;0.0000;0.0000;0.0000
111;276.58;800.1500;888.6500;819.8500;19.7000;22.2599;0.6525;0.0000;-800.1500;0.0000;6.8165;0.0000;-800.1500;0.0000;6.8165;1.0000;0.0000;0.0000;0.0000;0.0000
112;276.98;793.8500;874.7500;812.1000;18.2500;22.5587;0.6467;0.0000;-793.8500;0.0000;6.8165;0.0000;-793.8500;0.0000;6.8165;1.0000;0.0000;0.0000;0.0000;0.0000
113;277.37;794.1000;861.9500;810.5000;16.4000;24.1710;0.6167;0.0000;-794.1000;0.0000;6.8165;0.0000;-794.1000;0.0000;6.8165;1.0000;0.0000;0.0000;0.0000;0.0000
114;277.77;796.0500;866.8000;817.3000;21.2500;30.0353;0.5224;0.0000;-796.0500;0.0000;6.8165;0.0000;-796.0500;0.0000;6.8165;1.0000;0.0000;0.0000;0.0000;0.0000
115;278.17;772.2500;875.1000;805.3000;33.0500;32.1342;0.4930;0.0000;-772.2500;0.0000;6.8165;0.0000;-772.2500;0.0000;6.8165;1.0000;0.0000;0.0000;0.0000;0.0000
116;278.56;783.4500;867.8500;807.0000;23.5500;27.9028;0.5544;0.0000;-783.4500;0.0000;6.8165;0.0000;-783.4500;0.0000;6.8165;1.0000;0.0000;0.0000;0.0000;0.0000
117;278.96;783.4500;888.7000;820.7500;37.3000;35.4394;0.4505;0.0000;-783.4500;0.0000;6.8165;0.0000;-783.4500;0.0000;6.8165;1.0000;0.0000;0.0000;0.0000;0.0000
118;279.36;785.3000;883.2500;816.8500;31.5500;32.2103;0.4920;0.0000;-785.3000;0.0000;6.8165;0.0000;-785.3000;0.0000;6.8165;1.0000;0.0000;0.0000;0.0000;0.0000
119;279.75;778.2500;868.9500;798.0500;19.8000;21.8302;0.6609;0.0000;-778.2500;0.0000;6.8165;0.0000;-778.2500;0.0000;6.8165;1.0000;0.0000;0.0000;0.0000;0.0000
120;280.15;788.5000;878.7500;819.6500;31.1500;34.5152;0.4620;0.0000;-788.5000;0.0000;6.8165;0.0000;-788.5000;0.0000;6.8165;1.0000;0.0000;0.0000;0.0000;0.0000
121;280.55;786.3500;876.4500;809.3500;23.0000;25.5272;0.5930;0.0000;-786.3500;0.0000;6.8165;0.0000;-786.3500;0.0000;6.8165;1.0000;0.0000;0.0000;0.0000;0.0000
122;280.94;783.3500;872.3500;818.7000;35.3500;39.7191;0.4010;0.0000;-783.3500;0.0000;6.8165;0.0000;-783.3500;0.0000;6.8165;1.0000;0.0000;0.0000;0.0000;0.0000
123;281.34;792.2000;873.6500;806.7500;14.5500;17.8637;0.7480;0.0000;-792.2000;0.0000;6.8165;0.0000;-792.2000;0.0000;6.8165;1.0000;0.0000;0.0000;0.0000;0.0000
124;281.73;775.2500;885.0500;800.4500;25.2000;22.9508;0.6392;0.0000;-775.2500;0.0000;6.8165;0.0000;-775.2500;0.0000;6.8165;1.0000;0.0000;0.0000;0.0000;0.0000
125;282.13;784.7500;875.3500;807.3000;22.5500;24.8896;0.6040;0.0000;-784.7500;0.0000;6.8165;0.0000;-784.7500;0.0000;6.8165;1.0000;0.0000;0.0000;0.0000;0.0000
126;282.53;772.8000;887.2000;805.6000;32.8000;28.6713;0.5426;0.0000;-772.8000;0.0000;6.8165;0.0000;-772.8000;0.0000;6.8165;1.0000;0.0000;0.0000;0.0000;0.0000
127;282.92;774.4000;875.1500;811.7500;37.3500;37.0720;0.4310;0.0000;-774.4000;0.0000;6.8165;0.0000;-774.4000;0.0000;6.8165;1.0000;0.0000;0.0000;0.0000;0.0000
128;283.32;778.2500;871.2500;813.9500;35.7000;38.3871;0.4158;0.0000;-778.2500;0.0000;6.8165;0.0000;-778.2500;0.0000;6.8165;1.0000;0.0000;0.0000;0.0000;0.0000
129;283.71;778.0000;877.2500;818.6500;40.6500;40.9572;0.3877;0.0000;-778.0000;0.0000;6.8165;0.0000;-778.0000;0.0000;6.8165;1.0000;0.0000;0.0000;0.0000;0.0000
130;284.11;781.8000;882.7500;818.2500;36.4500;36.1070;0.4424;0.0000;-781.8000;0.0000;6.8165;0.0000;-781.8000;0.0000;6.8165;1.0000;0.0000;0.0000;0.0000;0.0000
131;284.50;790.0500;890.1500;813.6000;23.5500;23.5265;0.6284;0.0000;-790.0500;0.0000;6.8165;0.0000;-790.0500;0.0000;6.8165;1.0000;0.0000;0.0000;0.0000;0.0000
132;284.90;796.6000;894.3000;820.2500;23.6500;24.2068;0.6161;0.0000;-796.6000;0.0000;6.8165;0.0000;-796.6000;0.0000;6.8165;1.0000;0.0000;0.0000;0.0000;0.0000
133;285.30;790.3500;883.8500;814.4500;24.1000;25.7754;0.5888;0.0000;-790.3500;0.0000;6.8165;0.0000;-790.3500;0.0000;6.8165;1.0000;0.0000;0.0000;0.0000;0.0000
134;285.69;791.9000;898.4500;813.8000;21.9000;20.5537;0.6871;0.0000;-791.9000;0.0000;6.8165;0.0000;-791.9000;0.0000;6.8165;1.0000;0.0000;0.0000;0.0000;0.0000
135;286.09;800.2000;892.0000;813.0500;12.8500;13.9978;0.8539;0.0000;-800.2000;0.0000;6.8165;0.0000;-800.2000;0.0000;6.8165;1.0000;0.0000;0.0000;0.0000;0.0000
136;286.48;786.6500;899.7000;832.3000;45.6500;40.3804;0.3938;0.0000;-786.6500;0.0000;6.8165;0.0000;-786.6500;0.0000;6.8165;1.0000;0.0000;0.0000;0.0000;0.0000
137;286.88;777.5000;884.2500;817.1000;39.6000;37.0960;0.4307;0.0000;-777.5000;0.0000;6.8165;0.0000;-777.5000;0.0000;6.8165;1.0000;0.0000;0.0000;0.0000;0.0000
138;287.27;795.0000;886.9500;810.3000;15.3000;16.6395;0.7789;0.0000;-795.0000;0.0000;6.8165;0.0000;-795.0000;0.0000;6.8165;1.0000;0.0000;0.0000;0.0000;0.0000
139;287.67;780.4000;884.9000;823.6000;43.2000;41.3397;0.3836;0.0000;-780.4000;0.0000;6.8165;0.0000;-780.4000;0.0000;6.8165;1.0000;0.0000;0.0000;0.0000;0.0000
140;288.06;788.2500;901.6500;822.5500;34.3000;30.2469;0.5193;0.0000;-788.2500;0.0000;6.8165;0.0000;-788.2500;0.0000;6.8165;1.0000;0.0000;0.0000;0.0000;0.0000
141;288.46;786.3500;890.7500;817.2000;30.8500;29.5498;0.5294;0.0000;-786.3500;0.0000;6.8165;0.0000;-786.3500;0.0000;6.8165;1.0000;0.0000;0.0000;0.0000;0.0000
142;288.85;785.4500;905.6000;813.0000;27.5500;22.9297;0.6396;0.0000;-785.4500;0.0000;6.8165;0.0000;-785.4500;0.0000;6.8165;1.0000;0.0000;0.0000;0.0000;0.0000
143;289.24;778.0000;906.0000;818.5500;40.5500;31.6797;0.4992;0.0000;-778.0000;0.0000;6.8165;0.0000;-778.0000;0.0000;6.8165;1.0000;0.0000;0.0000;0.0000;0.0000
144;289.64;794.9000;914.7000;798.2000;3.3000;2.7546;1.5599;0.0000;-794.9000;0.0000;6.8165;0.0000;-794.9000;0.0000;6.8165;1.0000;0.0000;0.0000;0.0000;0.0000
145;290.03;806.0500;907.3500;804.9000;-1.1500;0.0000;6.8165;0.0000;-806.0500;0.0000;6.8165;0.0000;-806.0500;0.0000;6.8165;1.0000;0.0000;0.0000;0.0000;0.0000
146;290.43;800.2000;914.0000;818.2000;18.0000;15.8172;0.8009;0.0000;-800.2000;0.0000;6.8165;0.0000;-800.2000;0.0000;6.8165;1.0000;0.0000;0.0000;0.0000;0.0000
147;290.82;789.7500;917.3000;815.9500;26.2000;20.5410;0.6874;0.0000;-789.7500;0.0000;6.8165;0.0000;-789.7500;0.0000;6.8165;1.0000;0.0000;0.0000;0.0000;0.0000
148;291.21;782.7000;924.7500;809.1500;26.4500;18.6202;0.7300;0.0000;-782.7000;0.0000;6.8165;0.0000;-782.7000;0.0000;6.8165;1.0000;0.0000;0.0000;0.0000;0.0000
149;291.61;775.9500;917.7500;810.7000;34.7500;24.5063;0.6107;0.0000;-775.9500;0.0000;6.8165;0.0000;-775.9500;0.0000;6.8165;1.0000;0.0000;0.0000;0.0000;0.0000
150;292.00;781.3000;902.2000;828.9500;47.6500;39.4127;0.4044;0.0000;-781.3000;0.0000;6.8165;0.0000;-781.3000;0.0000;6.8165;1.0000;0.0000;0.0000;0.0000;0.0000
151;292.40;793.9000;917.7000;806.8000;12.9000;10.4200;0.9821;0.0000;-793.9000;0.0000;6.8165;0.0000;-793.9000;0.0000;6.8165;1.0000;0.0000;0.0000;0.0000;0.0000
152;292.79;796.0500;914.2500;825.9500;29.9000;25.2961;0.5969;0.0000;-796.0500;0.0000;6.8165;0.0000;-796.0500;0.0000;6.8165;1.0000;0.0000;0.0000;0.0000;0.0000
153;293.18;787.8500;903.8000;812.4500;24.6000;21.2160;0.6733;0.0000;-787.8500;0.0000;6.8165;0.0000;-787.8500;0.0000;6.8165;1.0000;0.0000;0.0000;0.0000;0.0000
154;293.58;791.2000;920.7500;828.3000;37.1000;28.6376;0.5431;0.0000;-791.2000;0.0000;6.8165;0.0000;-791.2000;0.0000;6.8165;1.0000;0.0000;0.0000;0.0000;0.0000
155;293.97;793.1500;907.1500;818.9500;25.8000;22.6316;0.6453;0.0000;-793.1500;0.0000;6.8165;0.0000;-793.1500;0.0000;6.8165;1.0000;0.0000;0.0000;0.0000;0.0000
156;294.36;782.6500;898.8000;817.6500;35.0000;30.1334;0.5210;0.0000;-782.6500;0.0000;6.8165;0.0000;-782.6500;0.0000;6.8165;1.0000;0.0000;0.0000;0.0000;0.0000
157;294.76;779.3000;914.8500;822.1000;42.8000;31.5751;0.5007;0.0000;-779.3000;0.0000;6.8165;0.0000;-779.3000;0.0000;6.8165;1.0000;0.0000;0.0000;0.0000;0.0000
158;295.15;779.1000;907.9000;834.9500;55.8500;43.3618;0.3629;0.0000;-779.1000;0.0000;6.8165;0.0000;-779.1000;0.0000;6.8165;1.0000;0.0000;0.0000;0.0000;0.0000
159;295.54;787.5500;906.3500;824.6500;37.1000;31.2290;0.5054;0.0000;-787.5500;0.0000;6.8165;0.0000;-787.5500;0.0000;6.8165;1.0000;0.0000;0.0000;0.0000;0.0000
160;295.94;769.0000;914.3000;815.4500;46.4500;31.9683;0.4953;0.0000;-769.0000;0.0000;6.8165;0.0000;-769.0000;0.0000;6.8165;1.0000;0.0000;0.0000;0.0000;0.0000
161;296.33;773.8000;915.5500;831.4500;57.6500;40.6702;0.3907;0.0000;-773.8000;0.0000;6.8165;0.0000;-773.8000;0.0000;6.8165;1.0000;0.0000;0.0000;0.0000;0.0000
162;296.72;786.3500;936.2000;832.9000;46.5500;31.0644;0.5077;0.0000;-786.3500;0.0000;6.8165;0.0000;-786.3500;0.0000;6.8165;1.0000;0.0000;0.0000;0.0000;0.0000
163;297.11;765.1500;926.0500;823.1500;58.0000;36.0472;0.4431;0.0000;-765.1500;0.0000;6.8165;0.0000;-765.1500;0.0000;6.8165;1.0000;0.0000;0.0000;0.0000;0.0000
164;297.51;771.1500;907.5000;823.3000;52.1500;38.2472;0.4174;0.0000;-771.1500;0.0000;6.8165;0.0000;-771.1500;0.0000;6.8165;1.0000;0.0000;0.0000;0.0000;0.0000
165;297.90;778.6500;922.6000;830.1000;51.4500;35.7416;0.4468;0.0000;-778.6500;0.0000;6.8165;0.0000;-778.6500;0.0000;6.8165;1.0000;0.0000;0.0000;0.0000;0.0000
166;298.29;772.3500;907.2500;825.0000;52.6500;39.0289;0.4086;0.0000;-772.3500;0.0000;6.8165;0.0000;-772.3500;0.0000;6.8165;1.0000;0.0000;0.0000;0.0000;0.0000
167;298.68;784.3500;918.5500;828.9000;44.5500;33.1967;0.4789;0.0000;-784.3500;0.0000;6.8165;0.0000;-784.3500;0.0000;6.8165;1.0000;0.0000;0.0000;0.0000;0.0000
168;299.08;781.3000;928.0500;815.0500;33.7500;22.9983;0.6383;0.0000;-781.3000;0.0000;6.8165;0.0000;-781.3000;0.0000;6.8165;1.0000;0.0000;0.0000;0.0000;0.0000
169;299.47;785.7500;931.0000;823.2000;37.4500;25.7831;0.5887;0.0000;-785.7500;0.0000;6.8165;0.0000;-785.7500;0.0000;6.8165;1.0000;0.0000;0.0000;0.0000;0.0000
170;299.86;791.3000;921.0000;800.2500;8.9500;6.9005;1.1611;0.0000;-791.3000;0.0000;6.8165;0.0000;-791.3000;0.0000;6.8165;1.0000;0.0000;0.0000;0.0000;0.0000
171;300.25;785.5000;907.7500;823.3000;37.8000;30.9202;0.5098;0.0000;-785.5000;0.0000;6.8165;0.0000;-785.5000;0.0000;6.8165;1.0000;0.0000;0.0000;0.0000;0.0000
172;300.64;776.8500;926.8500;823.1000;46.2500;30.8333;0.5110;0.0000;-776.8500;0.0000;6.8165;0.0000;-776.8500;0.0000;6.8165;1.0000;0.0000;0.0000;0.0000;0.0000
173;301.04;790.0500;923.9000;831.9500;41.9000;31.3037;0.5044;0.0000;-790.0500;0.0000;6.8165;0.0000;-790.0500;0.0000;6.8165;1.0000;0.0000;0.0000;0.0000;0.0000
174;301.43;785.1000;913.8000;817.3500;32.2500;25.0583;0.6010;0.0000;-785.1000;0.0000;6.8165;0.0000;-785.1000;0.0000;6.8165;1.0000;0.0000;0.0000;0.0000;0.0000
175;301.82;782.4500;918.3500;824.2000;41.7500;30.7211;0.5126;0.0000;-782.4500;0.0000;6.8165;0.0000;-782.4500;0.0000;6.8165;1.0000;0.0000;0.0000;0.0000;0.0000
176;302.21;785.7000;912.1500;823.5500;37.8500;29.9328;0.5239;0.0000;-785.7000;0.0000;6.8165;0.0000;-785.7000;0.0000;6.8165;1.0000;0.0000;0.0000;0.0000;0.0000
177;302.60;776.0500;923.6000;817.5500;41.5000;28.1261;0.5509;0.0000;-776.0500;0.0000;6.8165;0.0000;-776.0500;0.0000;6.8165;1.0000;0.0000;0.0000;0.0000;0.0000
178;302.99;776.6000;925.0000;823.4000;46.8000;31.5364;0.5012;0.0000;-776.6000;0.0000;6.8165;0.0000;-776.6000;0.0000;6.8165;1.0000;0.0000;0.0000;0.0000;0.0000
179;303.38;784.1500;917.2000;812.8500;28.7000;21.5708;0.6661;0.0000;-784.1500;0.0000;6.8165;0.0000;-784.1500;0.0000;6.8165;1.0000;0.0000;0.0000;0.0000;0.0000
180;303.78;788.6500;922.7000;818.0000;29.3500;21.8948;0.6597;0.0000;-788.6500;0.0000;6.8165;0.0000;-788.6500;0.0000;6.8165;1.0000;0.0000;0.0000;0.0000;0.0000
181;304.17;793.2000;928.0500;818.7000;25.5000;18.9099;0.7233;0.0000;-793.2000;0.0000;6.8165;0.0000;-793.2000;0.0000;6.8165;1.0000;0.0000;0.0000;0.0000;0.0000
182;304.56;781.7000;924.1000;822.8500;41.1500;28.8975;0.5391;0.0000;-781.7000;0.0000;6.8165;0.0000;-781.7000;0.0000;6.8165;1.0000;0.0000;0.0000;0.0000;0.0000
183;304.95;785.6500;940.9000;818.8000;33.1500;21.3527;0.6705;0.0000;-785.6500;0.0000;6.8165;0.0000;-785.6500;0.0000;6.8165;1.0000;0.0000;0.0000;0.0000;0.0000
184;305.34;781.1000;920.3000;810.1000;29.0000;20.8333;0.6812;0.0000;-781.1000;0.0000;6.8165;0.0000;-781.1000;0.0000;6.8165;1.0000;0.0000;0.0000;0.0000;0.0000
185;305.73;792.5500;917.9000;816.6500;24.1000;19.2262;0.7161;0.0000;-792.5500;0.0000;6.8165;0.0000;-792.5500;0.0000;6.8165;1.0000;0.0000;0.0000;0.0000;0.0000
186;306.12;779.8000;917.7000;816.7500;36.9500;26.7948;0.5719;0.0000;-779.8000;0.0000;6.8165;0.0000;-779.8000;0.0000;6.8165;1.0000;0.0000;0.0000;0.0000;0.0000
187;306.51;790.4500;929.2000;812.6000;22.1500;15.9640;0.7969;0.0000;-790.4500;0.0000;6.8165;0.0000;-790.4500;0.0000;6.8165;1.0000;0.0000;0.0000;0.0000;0.0000
188;306.90;792.1000;908.9000;815.7500;23.6500;20.2483;0.6936;0.0000;-792.1000;0.0000;6.8165;0.0000;-792.1000;0.0000;6.8165;1.0000;0.0000;0.0000;0.0000;0.0000
189;307.29;773.6000;923.4000;808.0500;34.4500;22.9973;0.6383;0.0000;-773.6000;0.0000;6.8165;0.0000;-773.6000;0.0000;6.8165;1.0000;0.0000;0.0000;0.0000;0.0000
190;307.68;772.4000;915.9000;820.9500;48.5500;33.8328;0.4707;0.0000;-772.4000;0.0000;6.8165;0.0000;-772.4000;0.0000;6.8165;1.0000;0.0000;0.0000;0.0000;0.0000
191;308.07;791.5000;931.1000;821.7000;30.2000;21.6332;0.6649;0.0000;-791.5000;0.0000;6.8165;0.0000;-791.5000;0.0000;6.8165;1.0000;0.0000;0.0000;0.0000;0.0000
192;308.46;792.0000;914.2000;828.7000;36.7000;30.0327;0.5224;0.0000;-792.0000;0.0000;6.8165;0.0000;-792.0000;0.0000;6.8165;1.0000;0.0000;0.0000;0.0000;0.0000
193;308.85;780.9000;929.9500;823.0500;42.1500;28.2791;0.5485;0.0000;-780.9000;0.0000;6.8165;0.0000;-780.9000;0.0000;6.8165;1.0000;0.0000;0.0000;0.0000;0.0000
194;309.24;773.1000;929.5500;808.7500;35.6500;22.7868;0.6423;0.0000;-773.1000;0.0000;6.8165;0.0000;-773.1000;0.0000;6.8165;1.0000;0.0000;0.0000;0.0000;0.0000
195;309.63;783.2000;932.2000;819.4000;36.2000;24.2953;0.6145;0.0000;-783.2000;0.0000;6.8165;0.0000;-783.2000;0.0000;6.8165;1.0000;0.0000;0.0000;0.0000;0.0000
196;310.02;782.9000;946.0000;811.0500;28.1500;17.2594;0.7630;0.0000;-782.9000;0.0000;6.8165;0.0000;-782.9000;0.0000;6.8165;1.0000;0.0000;0.0000;0.0000;0.0000
197;310.41;795.0500;943.2500;822.4000;27.3500;18.4548;0.7339;0.0000;-795.0500;0.0000;6.8165;0.0000;-795.0500;0.0000;6.8165;1.0000;0.0000;0.0000;0.0000;0.0000
198;310.80;772.4000;937.2000;838.0000;65.6000;39.8058;0.4001;0.0000;-772.4000;0.0000;6.8165;0.0000;-772.4000;0.0000;6.8165;1.0000;0.0000;0.0000;0.0000;0.0000
199;311.19;776.0500;927.2500;808.6500;32.6000;21.5608;0.6663;0.0000;-776.0500;0.0000;6.8165;0.0000;-776.0500;0.0000;6.8165;1.0000;0.0000;0.0000;0.0000;0.0000
200;311.58;780.1000;937.4000;806.2500;26.1500;16.6243;0.7793;0.0000;-780.1000;0.0000;6.8165;0.0000;-780.1000;0.0000;6.8165;1.0000;0.0000;0.0000;0.0000;0.0000
201;311.97;784.4000;919.5500;807.6500;23.2500;17.2031;0.7644;0.0000;-784.4000;0.0000;6.8165;0.0000;-784.4000;0.0000;6.8165;1.0000;0.0000;0.0000;0.0000;0.0000
202;312.36;777.3500;941.6000;821.5500;44.2000;26.9102;0.5701;0.0000;-777.3500;0.0000;6.8165;0.0000;-777.3500;0.0000;6.8165;1.0000;0.0000;0.0000;0.0000;0.0000
203;312.75;790.6500;924.4500;807.3500;16.7000;12.4813;0.9037;0.0000;-790.6500;0.0000;6.8165;0.0000;-790.6500;0.0000;6.8165;1.0000;0.0000;0.0000;0.0000;0.0000
204;313.14;789.0500;919.4000;809.2500;20.2000;15.4967;0.8098;0.0000;-789.0500;0.0000;6.8165;0.0000;-789.0500;0.0000;6.8165;1.0000;0.0000;0.0000;0.0000;0.0000
205;313.53;790.8500;928.1500;804.5500;13.7000;9.9782;1.0009;0.0000;-790.8500;0.0000;6.8165;0.0000;-790.8500;0.0000;6.8165;1.0000;0.0000;0.0000;0.0000;0.0000
206;313.91;793.8500;925.5500;819.4500;25.6000;19.4381;0.7113;0.0000;-793.8500;0.0000;6.8165;0.0000;-793.8500;0.0000;6.8165;1.0000;0.0000;0.0000;0.0000;0.0000
207;314.30;783.4500;935.9500;808.2500;24.8000;16.2623;0.7888;0.0000;-783.4500;0.0000;6.8165;0.0000;-783.4500;0.0000;6.8165;1.0000;0.0000;0.0000;0.0000;0.0000
208;314.69;776.7500;932.5000;819.1500;42.4000;27.2231;0.5651;0.0000;-776.7500;0.0000;6.8165;0.0000;-776.7500;0.0000;6.8165;1.0000;0.0000;0.0000;0.0000;0.0000
209;315.08;775.1000;937.5000;827.2000;52.1000;32.0813;0.4937;0.0000;-775.1000;0.0000;6.8165;0.0000;-775.1000;0.0000;6.8165;1.0000;0.0000;0.0000;0.0000;0.0000
210;315.47;778.8000;934.4500;820.6000;41.8000;26.8551;0.5710;0.0000;-778.8000;0.0000;6.8165;0.0000;-778.8000;0.0000;6.8165;1.0000;0.0000;0.0000;0.0000;0.0000
211;315.86;783.6500;933.3500;832.8500;49.2000;32.8657;0.4833;0.0000;-783.6500;0.0000;6.8165;0.0000;-783.6500;0.0000;6.8165;1.0000;0.0000;0.0000;0.0000;0.0000
212;316.25;765.9500;933.8000;810.8000;44.8500;26.7203;0.5732;0.0000;-765.9500;0.0000;6.8165;0.0000;-765.9500;0.0000;6.8165;1.0000;0.0000;0.0000;0.0000;0.0000
213;316.63;787.8500;927.0500;815.1500;27.3000;19.6121;0.7075;0.0000;-787.8500;0.0000;6.8165;0.0000;-787.8500;0.0000;6.8165;1.0000;0.0000;0.0000;0.0000;0.0000
214;317.02;788.9000;940.6500;818.9000;30.0000;19.7694;0.7040;0.0000;-788.9000;0.0000;6.8165;0.0000;-788.9000;0.0000;6.8165;1.0000;0.0000;0.0000;0.0000;0.0000
215;317.41;788.5500;929.3000;825.5000;36.9500;26.2522;0.5808;0.0000;-788.5500;0.0000;6.8165;0.0000;-788.5500;0.0000;6.8165;1.0000;0.0000;0.0000;0.0000;0.0000
216;317.80;790.2000;925.3500;838.1000;47.9000;35.4421;0.4505;0.0000;-790.2000;0.0000;6.8165;0.0000;-790.2000;0.0000;6.8165;1.0000;0.0000;0.0000;0.0000;0.0000
217;318.19;768.6000;935.1000;835.2500;66.6500;40.0300;0.3976;0.0000;-768.6000;0.0000;6.8165;0.0000;-768.6000;0.0000;6.8165;1.0000;0.0000;0.0000;0.0000;0.0000
218;318.57;791.0000;924.0500;823.0500;32.0500;24.0887;0.6182;0.0000;-791.0000;0.0000;6.8165;0.0000;-791.0000;0.0000;6.8165;1.0000;0.0000;0.0000;0.0000;0.0000
219;318.96;786.1500;948.4500;818.6500;32.5000;20.0246;0.6984;0.0000;-786.1500;0.0000;6.8165;0.0000;-786.1500;0.0000;6.8165;1.0000;0.0000;0.0000;0.0000;0.0000
220;319.35;784.2500;957.4500;815.2000;30.9500;17.8695;0.7479;0.0000;-784.2500;0.0000;6.8165;0.0000;-784.2500;0.0000;6.8165;1.0000;0.0000;0.0000;0.0000;0.0000
221;319.74;780.7000;945.3500;820.1500;39.4500;23.9599;0.6205;0.0000;-780.7000;0.0000;6.8165;0.0000;-780.7000;0.0000;6.8165;1.0000;0.0000;0.0000;0.0000;0.0000
222;320.12;778.9000;943.8500;808.8000;29.9000;18.1267;0.7417;0.0000;-778.9000;0.0000;6.8165;0.0000;-778.9000;0.0000;6.8165;1.0000;0.0000;0.0000;0.0000;0.0000
223;320.51;782.7500;935.8000;826.5500;43.8000;28.6181;0.5434;0.0000;-782.7500;0.0000;6.8165;0.0000;-782.7500;0.0000;6.8165;1.0000;0.0000;0.0000;0.0000;0.0000
224;320.90;792.2500;932.3000;825.9000;33.6500;24.0271;0.6193;0.0000;-792.2500;0.0000;6.8165;0.0000;-792.2500;0.0000;6.8165;1.0000;0.0000;0.0000;0.0000;0.0000
225;321.28;772.5500;942.3000;829.5500;57.0000;33.5788;0.4739;0.0000;-772.5500;0.0000;6.8165;0.0000;-772.5500;0.0000;6.8165;1.0000;0.0000;0.0000;0.0000;0.0000
226;321.67;784.8500;948.6000;822.1500;37.3000;22.7786;0.6425;0.0000;-784.8500;0.0000;6.8165;0.0000;-784.8500;0.0000;6.8165;1.0000;0.0000;0.0000;0.0000;0.0000
227;322.06;780.6000;935.1500;832.4000;51.8000;33.5167;0.4747;0.0000;-780.6000;0.0000;6.8165;0.0000;-780.6000;0.0000;6.8165;1.0000;0.0000;0.0000;0.0000;0.0000
228;322.45;782.6000;936.0000;811.7000;29.1000;18.9700;0.7219;0.0000;-782.6000;0.0000;6.8165;0.0000;-782.6000;0.0000;6.8165;1.0000;0.0000;0.0000;0.0000;0.0000
229;322.83;786.7000;948.5000;813.0000;26.3000;16.2546;0.7890;0.0000;-786.7000;0.0000;6.8165;0.0000;-786.7000;0.0000;6.8165;1.0000;0.0000;0.0000;0.0000;0.0000
230;323.22;785.1000;941.9500;826.5500;41.4500;26.4265;0.5780;0.0000;-785.1000;0.0000;6.8165;0.0000;-785.1000;0.0000;6.8165;1.0000;0.0000;0.0000;0.0000;0.0000
231;323.61;795.1500;953.6500;803.8000;8.6500;5.4574;1.2630;0.0000;-795.1500;0.0000;6.8165;0.0000;-795.1500;0.0000;6.8165;1.0000;0.0000;0.0000;0.0000;0.0000
232;323.99;792.9000;954.6500;829.8500;36.9500;22.8439;0.6412;0.0000;-792.9000;0.0000;6.8165;0.0000;-792.9000;0.0000;6.8165;1.0000;0.0000;0.0000;0.0000;0.0000
233;324.38;798.0500;944.7500;804.6000;6.5500;4.4649;1.3502;0.0000;-798.0500;0.0000;6.8165;0.0000;-798.0500;0.0000;6.8165;1.0000;0.0000;0.0000;0.0000;0.0000
234;324.77;791.2000;960.9500;808.8000;17.6000;10.3682;0.9843;0.0000;-791.2000;0.0000;6.8165;0.0000;-791.2000;0.0000;6.8165;1.0000;0.0000;0.0000;0.0000;0.0000
235;325.15;782.6000;945.0000;816.6000;34.0000;20.9360;0.6791;0.0000;-782.6000;0.0000;6.8165;0.0000;-782.6000;0.0000;6.8165;1.0000;0.0000;0.0000;0.0000;0.0000
236;325.54;785.8000;939.8500;814.7000;28.9000;18.7601;0.7268;0.0000;-785.8000;0.0000;6.8165;0.0000;-785.8000;0.0000;6.8165;1.0000;0.0000;0.0000;0.0000;0.0000
237;325.92;785.8500;940.8500;820.7500;34.9000;22.5161;0.6475;0.0000;-785.8500;0.0000;6.8165;0.0000;-785.8500;0.0000;6.8165;1.0000;0.0000;0.0000;0.0000;0.0000
238;326.31;798.1500;946.3500;822.8500;24.7000;16.6667;0.7782;0.0000;-798.1500;0.0000;6.8165;0.0000;-798.1500;0.0000;6.8165;1.0000;0.0000;0.0000;0.0000;0.0000
239;326.70;805.9000;935.1500;818.3500;12.4500;9.6325;1.0163;0.0000;-805.9000;0.0000;6.8165;0.0000;-805.9000;0.0000;6.8165;1.0000;0.0000;0.0000;0.0000;0.0000
240;327.08;788.0000;960.9000;818.0000;30.0000;17.3511;0.7607;0.0000;-788.0000;0.0000;6.8165;0.0000;-788.0000;0.0000;6.8165;1.0000;0.0000;0.0000;0.0000;0.0000
241;327.47;801.1000;948.0000;826.0500;24.9500;16.9843;0.7700;0.0000;-801.1000;0.0000;6.8165;0.0000;-801.1000;0.0000;6.8165;1.0000;0.0000;0.0000;0.0000;0.0000
242;327.85;790.7500;953.9000;834.5000;43.7500;26.8158;0.5716;0.0000;-790.7500;0.0000;6.8165;0.0000;-790.7500;0.0000;6.8165;1.0000;0.0000;0.0000;0.0000;0.0000
243;328.24;765.2500;945.3500;822.7500;57.5000;31.9267;0.4958;0.0000;-765.2500;0.0000;6.8165;0.0000;-765.2500;0.0000;6.8165;1.0000;0.0000;0.0000;0.0000;0.0000
244;328.62;779.0000;968.3500;817.1500;38.1500;20.1479;0.6958;0.0000;-779.0000;0.0000;6.8165;0.0000;-779.0000;0.0000;6.8165;1.0000;0.0000;0.0000;0.0000;0.0000
245;329.01;782.4500;946.6500;817.0000;34.5500;21.0414;0.6769;0.0000;-782.4500;0.0000;6.8165;0.0000;-782.4500;0.0000;6.8165;1.0000;0.0000;0.0000;0.0000;0.0000
246;329.39;804.7500;944.2000;821.5500;16.8000;12.0473;0.9191;0.0000;-804.7500;0.0000;6.8165;0.0000;-804.7500;0.0000;6.8165;1.0000;0.0000;0.0000;0.0000;0.0000
247;329.78;783.9500;960.9500;836.6500;52.7000;29.7740;0.5262;0.0000;-783.9500;0.0000;6.8165;0.0000;-783.9500;0.0000;6.8165;1.0000;0.0000;0.0000;0.0000;0.0000
248;330.16;774.2000;958.2500;824.3000;50.1000;27.2209;0.5651;0.0000;-774.2000;0.0000;6.8165;0.0000;-774.2000;0.0000;6.8165;1.0000;0.0000;0.0000;0.0000;0.0000
249;330.55;799.1000;963.1000;828.2000;29.1000;17.7439;0.7510;0.0000;-799.1000;0.0000;6.8165;0.0000;-799.1000;0.0000;6.8165;1.0000;0.0000;0.0000;0.0000;0.0000
250;330.93;777.4000;960.8500;825.0000;47.6000;25.9471;0.5859;0.0000;-777.4000;0.0000;6.8165;0.0000;-777.4000;0.0000;6.8165;1.0000;0.0000;0.0000;0.0000;0.0000
251;331.32;768.6500;962.6000;819.7000;51.0500;26.3212;0.5797;0.0000;-768.6500;0.0000;6.8165;0.0000;-768.6500;0.0000;6.8165;1.0000;0.0000;0.0000;0.0000;0.0000
252;331.70;794.2000;947.9000;815.8000;21.6000;14.0534;0.8522;0.0000;-794.2000;0.0000;6.8165;0.0000;-794.2000;0.0000;6.8165;1.0000;0.0000;0.0000;0.0000;0.0000
253;332.09;791.6000;948.5500;816.7500;25.1500;16.0242;0.7952;0.0000;-791.6000;0.0000;6.8165;0.0000;-791.6000;0.0000;6.8165;1.0000;0.0000;0.0000;0.0000;0.0000
254;332.47;785.4500;951.4000;843.3000;57.8500;34.8599;0.4577;0.0000;-785.4500;0.0000;6.8165;0.0000;-785.4500;0.0000;6.8165;1.0000;0.0000;0.0000;0.0000;0.0000
255;332.86;787.7000;967.3000;818.8000;31.1000;17.3163;0.7615;0.0000;-787.7000;0.0000;6.8165;0.0000;-787.7000;0.0000;6.8165;1.0000;0.0000;0.0000;0.0000;0.0000
256;333.24;772.5500;947.7000;818.6500;46.1000;26.3203;0.5797;0.0000;-772.5500;0.0000;6.8165;0.0000;-772.5500;0.0000;6.8165;1.0000;0.0000;0.0000;0.0000;0.0000
257;333.63;786.5000;956.7500;835.4000;48.9000;28.7225;0.5418;0.0000;-786.5000;0.0000;6.8165;0.0000;-786.5000;0.0000;6.8165;1.0000;0.0000;0.0000;0.0000;0.0000
258;334.01;784.8500;955.1500;816.2500;31.4000;18.4381;0.7343;0.0000;-784.8500;0.0000;6.8165;0.0000;-784.8500;0.0000;6.8165;1.0000;0.0000;0.0000;0.0000;0.0000
259;334.39;792.8500;948.5000;817.7500;24.9000;15.9974;0.7959;0.0000;-792.8500;0.0000;6.8165;0.0000;-792.8500;0.0000;6.8165;1.0000;0.0000;0.0000;0.0000;0.0000
260;334.78;794.3500;968.1500;828.7500;34.4000;19.7929;0.7035;0.0000;-794.3500;0.0000;6.8165;0.0000;-794.3500;0.0000;6.8165;1.0000;0.0000;0.0000;0.0000;0.0000
261;335.16;770.9500;947.3000;817.0000;46.0500;26.1128;0.5831;0.0000;-770.9500;0.0000;6.8165;0.0000;-770.9500;0.0000;6.8165;1.0000;0.0000;0.0000;0.0000;0.0000
262;335.55;787.4000;956.8000;829.8500;42.4500;25.0590;0.6010;0.0000;-787.4000;0.0000;6.8165;0.0000;-787.4000;0.0000;6.8165;1.0000;0.0000;0.0000;0.0000;0.0000
263;335.93;770.2500;949.9000;826.1500;55.9000;31.1161;0.5070;0.0000;-770.2500;0.0000;6.8165;0.0000;-770.2500;0.0000;6.8165;1.0000;0.0000;0.0000;0.0000;0.0000
264;336.31;788.1500;952.7000;825.1500;37.0000;22.4856;0.6481;0.0000;-788.1500;0.0000;6.8165;0.0000;-788.1500;0.0000;6.8165;1.0000;0.0000;0.0000;0.0000;0.0000
265;336.70;791.2500;965.6000;815.1000;23.8500;13.6794;0.8639;0.0000;-791.2500;0.0000;6.8165;0.0000;-791.2500;0.0000;6.8165;1.0000;0.0000;0.0000;0.0000;0.0000
266;337.08;785.1500;963.6000;826.5500;41.4000;23.1998;0.6345;0.0000;-785.1500;0.0000;6.8165;0.0000;-785.1500;0.0000;6.8165;1.0000;0.0000;0.0000;0.0000;0.0000
267;337.46;773.8500;958.1500;822.0500;48.2000;26.1530;0.5825;0.0000;-773.8500;0.0000;6.8165;0.0000;-773.8500;0.0000;6.8165;1.0000;0.0000;0.0000;0.0000;0.0000
268;337.85;789.4000;966.3000;823.1500;33.7500;19.0786;0.7195;0.0000;-789.4000;0.0000;6.8165;0.0000;-789.4000;0.0000;6.8165;1.0000;0.0000;0.0000;0.0000;0.0000
269;338.23;780.2000;986.2000;819.8000;39.6000;19.2233;0.7162;0.0000;-780.2000;0.0000;6.8165;0.0000;-780.2000;0.0000;6.8165;1.0000;0.0000;0.0000;0.0000;0.0000
270;338.61;773.5500;965.1000;823.6500;50.1000;26.1551;0.5824;0.0000;-773.5500;0.0000;6.8165;0.0000;-773.5500;0.0000;6.8165;1.0000;0.0000;0.0000;0.0000;0.0000
271;339.00;797.6500;949.4500;816.1500;18.5000;12.1871;0.9141;0.0000;-797.6500;0.0000;6.8165;0.0000;-797.6500;0.0000;6.8165;1.0000;0.0000;0.0000;0.0000;0.0000
272;339.38;781.0000;951.9000;813.0000;32.0000;18.7244;0.7276;0.0000;-781.0000;0.0000;6.8165;0.0000;-781.0000;0.0000;6.8165;1.0000;0.0000;0.0000;0.0000;0.0000
273;339.76;770.9000;954.8000;827.1000;56.2000;30.5601;0.5148;0.0000;-770.9000;0.0000;6.8165;0.0000;-770.9000;0.0000;6.8165;1.0000;0.0000;0.0000;0.0000;0.0000
274;340.14;782.1500;939.5500;816.7500;34.6000;21.9822;0.6579;0.0000;-782.1500;0.0000;6.8165;0.0000;-782.1500;0.0000;6.8165;1.0000;0.0000;0.0000;0.0000;0.0000
275;340.53;784.0000;953.7000;808.5500;24.5500;14.4667;0.8396;0.0000;-784.0000;0.0000;6.8165;0.0000;-784.0000;0.0000;6.8165;1.0000;0.0000;0.0000;0.0000;0.0000
276;340.91;775.8500;943.6500;833.6000;57.7500;34.4160;0.4632;0.0000;-775.8500;0.0000;6.8165;0.0000;-775.8500;0.0000;6.8165;1.0000;0.0000;0.0000;0.0000;0.0000
277;341.29;779.0500;961.5500;833.4500;54.4000;29.8082;0.5257;0.0000;-779.0500;0.0000;6.8165;0.0000;-779.0500;0.0000;6.8165;1.0000;0.0000;0.0000;0.0000;0.0000
278;341.67;769.1000;963.9500;840.6000;71.5000;36.6949;0.4354;0.0000;-769.1000;0.0000;6.8165;0.0000;-769.1000;0.0000;6.8165;1.0000;0.0000;0.0000;0.0000;0.0000
279;342.06;788.2000;961.5500;825.6000;37.4000;21.5748;0.6661;0.0000;-788.2000;0.0000;6.8165;0.0000;-788.2000;0.0000;6.8165;1.0000;0.0000;0.0000;0.0000;0.0000
280;342.44;782.5000;969.7500;817.8000;35.3000;18.8518;0.7246;0.0000;-782.5000;0.0000;6.8165;0.0000;-782.5000;0.0000;6.8165;1.0000;0.0000;0.0000;0.0000;0.0000
281;342.82;770.1500;967.7500;816.2500;46.1000;23.3300;0.6321;0.0000;-770.1500;0.0000;6.8165;0.0000;-770.1500;0.0000;6.8165;1.0000;0.0000;0.0000;0.0000;0.0000
282;343.20;789.0500;965.5500;816.1000;27.0500;15.3258;0.8146;0.0000;-789.0500;0.0000;6.8165;0.0000;-789.0500;0.0000;6.8165;1.0000;0.0000;0.0000;0.0000;0.0000
283;343.59;786.4500;974.7000;825.4500;39.0000;20.7171;0.6837;0.0000;-786.4500;0.0000;6.8165;0.0000;-786.4500;0.0000;6.8165;1.0000;0.0000;0.0000;0.0000;0.0000
284;343.97;785.6500;964.4000;814.4000;28.7500;16.0839;0.7936;0.0000;-785.6500;0.0000;6.8165;0.0000;-785.6500;0.0000;6.8165;1.0000;0.0000;0.0000;0.0000;0.0000
285;344.35;789.1500;972.6000;823.2500;34.1000;18.5882;0.7308;0.0000;-789.1500;0.0000;6.8165;0.0000;-789.1500;0.0000;6.8165;1.0000;0.0000;0.0000;0.0000;0.0000
286;344.73;777.3000;960.6500;815.0500;37.7500;20.5890;0.6864;0.0000;-777.3000;0.0000;6.8165;0.0000;-777.3000;0.0000;6.8165;1.0000;0.0000;0.0000;0.0000;0.0000
287;345.11;775.2000;959.5500;806.9000;31.7000;17.1956;0.7646;0.0000;-775.2000;0.0000;6.8165;0.0000;-775.2000;0.0000;6.8165;1.0000;0.0000;0.0000;0.0000;0.0000
288;345.49;781.7000;958.2500;808.5500;26.8500;15.2082;0.8179;0.0000;-781.7000;0.0000;6.8165;0.0000;-781.7000;0.0000;6.8165;1.0000;0.0000;0.0000;0.0000;0.0000
289;345.88;781.2000;970.9000;811.9500;30.7500;16.2098;0.7902;0.0000;-781.2000;0.0000;6.8165;0.0000;-781.2000;0.0000;6.8165;1.0000;0.0000;0.0000;0.0000;0.0000
290;346.26;782.2500;955.0500;823.1500;40.9000;23.6690;0.6258;0.0000;-782.2500;0.0000;6.8165;0.0000;-782.2500;0.0000;6.8165;1.0000;0.0000;0.0000;0.0000;0.0000
291;346.64;790.5500;964.6000;814.2500;23.7000;13.6168;0.8659;0.0000;-790.5500;0.0000;6.8165;0.0000;-790.5500;0.0000;6.8165;1.0000;0.0000;0.0000;0.0000;0.0000
292;347.02;787.7000;964.0500;796.9500;9.2500;5.2453;1.2802;0.0000;-787.7000;0.0000;6.8165;0.0000;-787.7000;0.0000;6.8165;1.0000;0.0000;0.0000;0.0000;0.0000
293;347.40;787.2000;955.2500;828.3500;41.1500;24.4868;0.6111;0.0000;-787.2000;0.0000;6.8165;0.0000;-787.2000;0.0000;6.8165;1.0000;0.0000;0.0000;0.0000;0.0000
294;347.78;782.3000;955.7000;820.7000;38.4000;22.1453;0.6547;0.0000;-782.3000;0.0000;6.8165;0.0000;-782.3000;0.0000;6.8165;1.0000;0.0000;0.0000;0.0000;0.0000
295;348.16;799.2000;960.5000;812.6500;13.4500;8.3385;1.0789;0.0000;-799.2000;0.0000;6.8165;0.0000;-799.2000;0.0000;6.8165;1.0000;0.0000;0.0000;0.0000;0.0000
296;348.54;793.9000;955.5000;830.7000;36.8000;22.7723;0.6426;0.0000;-793.9000;0.0000;6.8165;0.0000;-793.9000;0.0000;6.8165;1.0000;0.0000;0.0000;0.0000;0.0000
297;348.92;784.5500;944.4000;826.5500;42.0000;26.2746;0.5805;0.0000;-784.5500;0.0000;6.8165;0.0000;-784.5500;0.0000;6.8165;1.0000;0.0000;0.0000;0.0000;0.0000
298;349.30;765.5500;969.3000;822.0000;56.4500;27.7055;0.5574;0.0000;-765.5500;0.0000;6.8165;0.0000;-765.5500;0.0000;6.8165;1.0000;0.0000;0.0000;0.0000;0.0000
299;349.68;778.9500;974.0500;813.5500;34.6000;17.7345;0.7512;0.0000;-778.9500;0.0000;6.8165;0.0000;-778.9500;0.0000;6.8165;1.0000;0.0000;0.0000;0.0000;0.0000
300;350.06;777.3500;970.4000;815.0500;37.7000;19.5286;0.7093;0.0000;-777.3500;0.0000;6.8165;0.0000;-777.3500;0.0000;6.8165;1.0000;0.0000;0.0000;0.0000;0.0000
301;350.44;776.3000;967.1000;814.4500;38.1500;19.9948;0.6991;0.0000;-776.3000;0.0000;6.8165;0.0000;-776.3000;0.0000;6.8165;1.0000;0.0000;0.0000;0.0000;0.0000
302;350.82;787.0500;962.7500;820.6000;33.5500;19.0950;0.7191;0.0000;-787.0500;0.0000;6.8165;0.0000;-787.0500;0.0000;6.8165;1.0000;0.0000;0.0000;0.0000;0.0000
303;351.21;770.4500;967.2500;813.6000;43.1500;21.9258;0.6590;0.0000;-770.4500;0.0000;6.8165;0.0000;-770.4500;0.0000;6.8165;1.0000;0.0000;0.0000;0.0000;0.0000
304;351.59;769.6500;973.4500;820.7500;51.1000;25.0736;0.6008;0.0000;-769.6500;0.0000;6.8165;0.0000;-769.6500;0.0000;6.8165;1.0000;0.0000;0.0000;0.0000;0.0000
305;351.97;777.8000;983.2500;819.9500;42.1500;20.5159;0.6879;0.0000;-777.8000;0.0000;6.8165;0.0000;-777.8000;0.0000;6.8165;1.0000;0.0000;0.0000;0.0000;0.0000
306;352.34;780.7500;980.5500;831.2500;50.5000;25.2753;0.5973;0.0000;-780.7500;0.0000;6.8165;0.0000;-780.7500;0.0000;6.8165;1.0000;0.0000;0.0000;0.0000;0.0000
307;352.72;776.3000;976.1500;836.9000;60.6000;30.3227;0.5182;0.0000;-776.3000;0.0000;6.8165;0.0000;-776.3000;0.0000;6.8165;1.0000;0.0000;0.0000;0.0000;0.0000
308;353.10;793.3000;976.1000;819.9000;26.6000;14.5514;0.8371;0.0000;-793.3000;0.0000;6.8165;0.0000;-793.3000;0.0000;6.8165;1.0000;0.0000;0.0000;0.0000;0.0000
309;353.48;788.8500;965.3000;823.8500;35.0000;19.8356;0.7026;0.0000;-788.8500;0.0000;6.8165;0.0000;-788.8500;0.0000;6.8165;1.0000;0.0000;0.0000;0.0000;0.0000
310;353.86;795.1000;966.5000;828.7000;33.6000;19.6033;0.7077;0.0000;-795.1000;0.0000;6.8165;0.0000;-795.1000;0.0000;6.8165;1.0000;0.0000;0.0000;0.0000;0.0000
311;354.24;775.3500;973.0500;828.8000;53.4500;27.0359;0.5681;0.0000;-775.3500;0.0000;6.8165;0.0000;-775.3500;0.0000;6.8165;1.0000;0.0000;0.0000;0.0000;0.0000
312;354.62;791.0500;973.1000;813.7500;22.7000;12.4691;0.9042;0.0000;-791.0500;0.0000;6.8165;0.0000;-791.0500;0.0000;6.8165;1.0000;0.0000;0.0000;0.0000;0.0000
313;355.00;789.8500;986.7000;818.8000;28.9500;14.7066;0.8325;0.0000;-789.8500;0.0000;6.8165;0.0000;-789.8500;0.0000;6.8165;1.0000;0.0000;0.0000;0.0000;0.0000
314;355.38;786.6500;981.5000;825.1500;38.5000;19.7588;0.7042;0.0000;-786.6500;0.0000;6.8165;0.0000;-786.6500;0.0000;6.8165;1.0000;0.0000;0.0000;0.0000;0.0000
315;355.76;790.9500;961.7000;833.2500;42.3000;24.7731;0.6060;0.0000;-790.9500;0.0000;6.8165;0.0000;-790.9500;0.0000;6.8165;1.0000;0.0000;0.0000;0.0000;0.0000
316;356.14;784.3000;994.2000;823.2000;38.9000;18.5326;0.7321;0.0000;-784.3000;0.0000;6.8165;0.0000;-784.3000;0.0000;6.8165;1.0000;0.0000;0.0000;0.0000;0.0000
317;356.52;790.4000;984.5000;821.7500;31.3500;16.1515;0.7918;0.0000;-790.4000;0.0000;6.8165;0.0000;-790.4000;0.0000;6.8165;1.0000;0.0000;0.0000;0.0000;0.0000
318;356.90;772.0500;989.2500;817.5500;45.5000;20.9484;0.6788;0.0000;-772.0500;0.0000;6.8165;0.0000;-772.0500;0.0000;6.8165;1.0000;0.0000;0.0000;0.0000;0.0000
319;357.27;791.1000;984.9000;813.2500;22.1500;11.4293;0.9420;0.0000;-791.1000;0.0000;6.8165;0.0000;-791.1000;0.0000;6.8165;1.0000;0.0000;0.0000;0.0000;0.0000
320;357.65;789.1000;995.3500;822.1500;33.0500;16.0242;0.7952;0.0000;-789.1000;0.0000;6.8165;0.0000;-789.1000;0.0000;6.8165;1.0000;0.0000;0.0000;0.0000;0.0000
321;358.03;775.7500;976.5500;807.9000;32.1500;16.0110;0.7956;0.0000;-775.7500;0.0000;6.8165;0.0000;-775.7500;0.0000;6.8165;1.0000;0.0000;0.0000;0.0000;0.0000
322;358.41;786.4000;980.6000;804.0500;17.6500;9.0886;1.0415;0.0000;-786.4000;0.0000;6.8165;0.0000;-786.4000;0.0000;6.8165;1.0000;0.0000;0.0000;0.0000;0.0000
323;358.79;768.5000;991.4500;812.9500;44.4500;19.9372;0.7003;0.0000;-768.5000;0.0000;6.8165;0.0000;-768.5000;0.0000;6.8165;1.0000;0.0000;0.0000;0.0000;0.0000
324;359.17;771.2500;998.0500;812.5500;41.3000;18.2099;0.7397;0.0000;-771.2500;0.0000;6.8165;0.0000;-771.2500;0.0000;6.8165;1.0000;0.0000;0.0000;0.0000;0.0000
325;359.55;787.9500;986.0500;828.0500;40.1000;20.2423;0.6937;0.0000;-787.9500;0.0000;6.8165;0.0000;-787.9500;0.0000;6.8165;1.0000;0.0000;0.0000;0.0000;0.0000
326;359.92;785.4500;985.1000;812.4500;27.0000;13.5237;0.8689;0.0000;-785.4500;0.0000;6.8165;0.0000;-785.4500;0.0000;6.8165;1.0000;0.0000;0.0000;0.0000;0.0000
327;360.30;773.8000;982.3500;806.5500;32.7500;15.7037;0.8040;0.0000;-773.8000;0.0000;6.8165;0.0000;-773.8000;0.0000;6.8165;1.0000;0.0000;0.0000;0.0000;0.0000
328;360.68;782.1000;971.8000;824.8000;42.7000;22.5092;0.6476;0.0000;-782.1000;0.0000;6.8165;0.0000;-782.1000;0.0000;6.8165;1.0000;0.0000;0.0000;0.0000;0.0000
329;361.06;779.0500;969.6500;819.5500;40.5000;21.2487;0.6727;0.0000;-779.0500;0.0000;6.8165;0.0000;-779.0500;0.0000;6.8165;1.0000;0.0000;0.0000;0.0000;0.0000
330;361.43;788.0000;983.5500;820.8500;32.8500;16.7988;0.7747;0.0000;-788.0000;0.0000;6.8165;0.0000;-788.0000;0.0000;6.8165;1.0000;0.0000;0.0000;0.0000;0.0000
331;361.81;787.3500;980.6500;819.7500;32.4000;16.7615;0.7757;0.0000;-787.3500;0.0000;6.8165;0.0000;-787.3500;0.0000;6.8165;1.0000;0.0000;0.0000;0.0000;0.0000
332;362.19;785.9500;988.3500;825.2500;39.3000;19.4170;0.7118;0.0000;-785.9500;0.0000;6.8165;0.0000;-785.9500;0.0000;6.8165;1.0000;0.0000;0.0000;0.0000;0.0000
333;362.57;779.8000;983.3000;826.9000;47.1000;23.1450;0.6355;0.0000;-779.8000;0.0000;6.8165;0.0000;-779.8000;0.0000;6.8165;1.0000;0.0000;0.0000;0.0000;0.0000
334;362.94;783.9500;1003.0500;839.5500;55.6000;25.3765;0.5956;0.0000;-783.9500;0.0000;6.8165;0.0000;-783.9500;0.0000;6.8165;1.0000;0.0000;0.0000;0.0000;0.0000
335;363.32;764.1000;982.3000;812.8500;48.7500;22.3419;0.6509;0.0000;-764.1000;0.0000;6.8165;0.0000;-764.1000;0.0000;6.8165;1.0000;0.0000;0.0000;0.0000;0.0000
336;363.70;784.7500;995.8000;811.4500;26.7000;12.6510;0.8979;0.0000;-784.7500;0.0000;6.8165;0.0000;-784.7500;0.0000;6.8165;1.0000;0.0000;0.0000;0.0000;0.0000
337;364.08;766.8000;1003.4000;800.6000;33.8000;14.2857;0.8451;0.0000;-766.8000;0.0000;6.8165;0.0000;-766.8000;0.0000;6.8165;1.0000;0.0000;0.0000;0.0000;0.0000
338;364.45;779.7000;982.7500;831.2000;51.5000;25.3632;0.5958;0.0000;-779.7000;0.0000;6.8165;0.0000;-779.7000;0.0000;6.8165;1.0000;0.0000;0.0000;0.0000;0.0000
339;364.83;785.1000;995.0000;831.6000;46.5000;22.1534;0.6546;0.0000;-785.1000;0.0000;6.8165;0.0000;-785.1000;0.0000;6.8165;1.0000;0.0000;0.0000;0.0000;0.0000
340;365.21;779.3000;994.8500;830.5000;51.2000;23.7532;0.6243;0.0000;-779.3000;0.0000;6.8165;0.0000;-779.3000;0.0000;6.8165;1.0000;0.0000;0.0000;0.0000;0.0000
341;365.58;775.6000;994.9500;825.6000;50.0000;22.7946;0.6422;0.0000;-775.6000;0.0000;6.8165;0.0000;-775.6000;0.0000;6.8165;1.0000;0.0000;0.0000;0.0000;0.0000
342;365.96;790.7500;995.3000;822.6500;31.9000;15.5952;0.8070;0.0000;-790.7500;0.0000;6.8165;0.0000;-790.7500;0.0000;6.8165;1.0000;0.0000;0.0000;0.0000;0.0000
343;366.34;790.4000;993.2000;819.8000;29.4000;14.4970;0.8387;0.0000;-790.4000;0.0000;6.8165;0.0000;-790.4000;0.0000;6.8165;1.0000;0.0000;0.0000;0.0000;0.0000
344;366.71;777.7500;1002.2000;834.6000;56.8500;25.3286;0.5964;0.0000;-777.7500;0.0000;6.8165;0.0000;-777.7500;0.0000;6.8165;1.0000;0.0000;0.0000;0.0000;0.0000
345;367.09;793.0500;995.7500;812.6000;19.5500;9.6448;1.0157;0.0000;-793.0500;0.0000;6.8165;0.0000;-793.0500;0.0000;6.8165;1.0000;0.0000;0.0000;0.0000;0.0000
346;367.47;782.0500;997.7000;821.8000;39.7500;18.4326;0.7344;0.0000;-782.0500;0.0000;6.8165;0.0000;-782.0500;0.0000;6.8165;1.0000;0.0000;0.0000;0.0000;0.0000
347;367.84;797.8000;999.4500;821.6000;23.8000;11.8026;0.9280;0.0000;-797.8000;0.0000;6.8165;0.0000;-797.8000;0.0000;6.8165;1.0000;0.0000;0.0000;0.0000;0.0000
348;368.22;790.7000;991.8000;830.7500;40.0500;19.9155;0.7008;0.0000;-790.7000;0.0000;6.8165;0.0000;-790.7000;0.0000;6.8165;1.0000;0.0000;0.0000;0.0000;0.0000
349;368.59;792.4000;1005.2000;816.9000;24.5000;11.5132;0.9388;0.0000;-792.4000;0.0000;6.8165;0.0000;-792.4000;0.0000;6.8165;1.0000;0.0000;0.0000;0.0000;0.0000
350;368.97;785.8000;977.3000;818.4000;32.6000;17.0235;0.7690;0.0000;-785.8000;0.0000;6.8165;0.0000;-785.8000;0.0000;6.8165;1.0000;0.0000;0.0000;0.0000;0.0000
351;369.35;788.1500;1001.7000;823.6000;35.4500;16.6003;0.7799;0.0000;-788.1500;0.0000;6.8165;0.0000;-788.1500;0.0000;6.8165;1.0000;0.0000;0.0000;0.0000;0.0000
352;369.72;788.7000;1011.0000;814.9500;26.2500;11.8084;0.9278;0.0000;-788.7000;0.0000;6.8165;0.0000;-788.7000;0.0000;6.8165;1.0000;0.0000;0.0000;0.0000;0.0000
353;370.10;764.0000;993.8000;812.2500;48.2500;20.9965;0.6779;0.0000;-764.0000;0.0000;6.8165;0.0000;-764.0000;0.0000;6.8165;1.0000;0.0000;0.0000;0.0000;0.0000
354;370.47;779.9000;1002.6500;832.6500;52.7500;23.6813;0.6256;0.0000;-779.9000;0.0000;6.8165;0.0000;-779.9000;0.0000;6.8165;1.0000;0.0000;0.0000;0.0000;0.0000
355;370.85;790.7500;1010.3500;823.7000;32.9500;15.0046;0.8238;0.0000;-790.7500;0.0000;6.8165;0.0000;-790.7500;0.0000;6.8165;1.0000;0.0000;0.0000;0.0000;0.0000
356;371.22;786.5500;1006.8500;814.7500;28.2000;12.8007;0.8928;0.0000;-786.5500;0.0000;6.8165;0.0000;-786.5500;0.0000;6.8165;1.0000;0.0000;0.0000;0.0000;0.0000
357;371.60;786.7500;1002.6000;808.0500;21.3000;9.8680;1.0058;0.0000;-786.7500;0.0000;6.8165;0.0000;-786.7500;0.0000;6.8165;1.0000;0.0000;0.0000;0.0000;0.0000
358;371.97;777.5000;1016.0000;817.0500;39.5500;16.5828;0.7803;0.0000;-777.5000;0.0000;6.8165;0.0000;-777.5000;0.0000;6.8165;1.0000;0.0000;0.0000;0.0000;0.0000
359;372.35;771.2500;993.7500;823.2000;51.9500;23.3483;0.6317;0.0000;-771.2500;0.0000;6.8165;0.0000;-771.2500;0.0000;6.8165;1.0000;0.0000;0.0000;0.0000;0.0000
360;372.72;780.3500;986.9000;817.9000;37.5500;18.1796;0.7404;0.0000;-780.3500;0.0000;6.8165;0.0000;-780.3500;0.0000;6.8165;1.0000;0.0000;0.0000;0.0000;0.0000
361;373.10;784.9500;1010.2500;813.6500;28.7000;12.7386;0.8949;0.0000;-784.9500;0.0000;6.8165;0.0000;-784.9500;0.0000;6.8165;1.0000;0.0000;0.0000;0.0000;0.0000
362;373.47;783.0500;991.9000;814.0000;30.9500;14.8192;0.8292;0.0000;-783.0500;0.0000;6.8165;0.0000;-783.0500;0.0000;6.8165;1.0000;0.0000;0.0000;0.0000;0.0000
363;373.85;801.0000;1008.5500;821.7000;20.7000;9.9735;1.0012;0.0000;-801.0000;0.0000;6.8165;0.0000;-801.0000;0.0000;6.8165;1.0000;0.0000;0.0000;0.0000;0.0000
364;374.22;773.0000;988.0500;816.4500;43.4500;20.2046;0.6945;0.0000;-773.0000;0.0000;6.8165;0.0000;-773.0000;0.0000;6.8165;1.0000;0.0000;0.0000;0.0000;0.0000
365;374.60;788.4500;1010.3500;820.8500;32.4000;14.6012;0.8356;0.0000;-788.4500;0.0000;6.8165;0.0000;-788.4500;0.0000;6.8165;1.0000;0.0000;0.0000;0.0000;0.0000
366;374.97;779.9000;1000.5000;830.8000;50.9000;23.0734;0.6369;0.0000;-779.9000;0.0000;6.8165;0.0000;-779.9000;0.0000;6.8165;1.0000;0.0000;0.0000;0.0000;0.0000
367;375.35;781.4000;1005.6000;830.6000;49.2000;21.9447;0.6587;0.0000;-781.4000;0.0000;6.8165;0.0000;-781.4000;0.0000;6.8165;1.0000;0.0000;0.0000;0.0000;0.0000
368;375.72;792.1500;1006.0000;839.3500;47.2000;22.0715;0.6562;0.0000;-792.1500;0.0000;6.8165;0.0000;-792.1500;0.0000;6.8165;1.0000;0.0000;0.0000;0.0000;0.0000
369;376.09;769.4000;1006.3000;821.5000;52.1000;21.9924;0.6577;0.0000;-769.4000;0.0000;6.8165;0.0000;-769.4000;0.0000;6.8165;1.0000;0.0000;0.0000;0.0000;0.0000
370;376.47;780.0500;1018.0000;810.0500;30.0000;12.6077;0.8994;0.0000;-780.0500;0.0000;6.8165;0.0000;-780.0500;0.0000;6.8165;1.0000;0.0000;0.0000;0.0000;0.0000
371;376.84;789.4500;1008.0000;806.8000;17.3500;7.9387;1.1003;0.0000;-789.4500;0.0000;6.8165;0.0000;-789.4500;0.0000;6.8165;1.0000;0.0000;0.0000;0.0000;0.0000
372;377.22;781.7500;1016.9000;807.4500;25.7000;10.9292;0.9614;0.0000;-781.7500;0.0000;6.8165;0.0000;-781.7500;0.0000;6.8165;1.0000;0.0000;0.0000;0.0000;0.0000
373;377.59;782.7500;1008.2000;818.3000;35.5500;15.7685;0.8022;0.0000;-782.7500;0.0000;6.8165;0.0000;-782.7500;0.0000;6.8165;1.0000;0.0000;0.0000;0.0000;0.0000
374;377.96;781.3000;1021.9000;808.5500;27.2500;11.3259;0.9459;0.0000;-781.3000;0.0000;6.8165;0.0000;-781.3000;0.0000;6.8165;1.0000;0.0000;0.0000;0.0000;0.0000
375;378.34;779.9500;1009.8500;822.8500;42.9000;18.6603;0.7291;0.0000;-779.9500;0.0000;6.8165;0.0000;-779.9500;0.0000;6.8165;1.0000;0.0000;0.0000;0.0000;0.0000
376;378.71;788.0500;1013.3500;820.6000;32.5500;14.4474;0.8402;0.0000;-788.0500;0.0000;6.8165;0.0000;-788.0500;0.0000;6.8165;1.0000;0.0000;0.0000;0.0000;0.0000
377;379.08;778.6000;1019.5000;819.6500;41.0500;17.0403;0.7685;0.0000;-778.6000;0.0000;6.8165;0.0000;-778.6000;0.0000;6.8165;1.0000;0.0000;0.0000;0.0000;0.0000
378;379.46;785.1500;1013.3000;812.3000;27.1500;11.9001;0.9245;0.0000;-785.1500;0.0000;6.8165;0.0000;-785.1500;0.0000;6.8165;1.0000;0.0000;0.0000;0.0000;0.0000
379;379.83;786.3000;1017.5500;815.0500;28.7500;12.4324;0.9054;0.0000;-786.3000;0.0000;6.8165;0.0000;-786.3000;0.0000;6.8165;1.0000;0.0000;0.0000;0.0000;0.0000
380;380.20;783.4000;1005.7000;826.2000;42.8000;19.2533;0.7155;0.0000;-783.4000;0.0000;6.8165;0.0000;-783.4000;0.0000;6.8165;1.0000;0.0000;0.0000;0.0000;0.0000
381;380.58;782.3500;1036.2000;821.1000;38.7500;15.2649;0.8163;0.0000;-782.3500;0.0000;6.8165;0.0000;-782.3500;0.0000;6.8165;1.0000;0.0000;0.0000;0.0000;0.0000
382;380.95;790.1000;1010.1500;813.6000;23.5000;10.6794;0.9715;0.0000;-790.1000;0.0000;6.8165;0.0000;-790.1000;0.0000;6.8165;1.0000;0.0000;0.0000;0.0000;0.0000
383;381.32;782.0500;1021.4500;837.0000;54.9500;22.9532;0.6392;0.0000;-782.0500;0.0000;6.8165;0.0000;-782.0500;0.0000;6.8165;1.0000;0.0000;0.0000;0.0000;0.0000
384;381.70;778.0500;1021.5000;828.4500;50.4000;20.7024;0.6840;0.0000;-778.0500;0.0000;6.8165;0.0000;-778.0500;0.0000;6.8165;1.0000;0.0000;0.0000;0.0000;0.0000
385;382.07;788.1500;1028.1500;825.1000;36.9500;15.3958;0.8126;0.0000;-788.1500;0.0000;6.8165;0.0000;-788.1500;0.0000;6.8165;1.0000;0.0000;0.0000;0.0000;0.0000
386;382.44;788.2000;1038.7500;834.9000;46.7000;18.6390;0.7296;0.0000;-788.2000;0.0000;6.8165;0.0000;-788.2000;0.0000;6.8165;1.0000;0.0000;0.0000;0.0000;0.0000
387;382.81;794.7000;1042.7000;840.8500;46.1500;18.6089;0.7303;0.0000;-794.7000;0.0000;6.8165;0.0000;-794.7000;0.0000;6.8165;1.0000;0.0000;0.0000;0.0000;0.0000
388;383.19;778.3500;1034.7500;825.1500;46.8000;18.2527;0.7387;0.0000;-778.3500;0.0000;6.8165;0.0000;-778.3500;0.0000;6.8165;1.0000;0.0000;0.0000;0.0000;0.0000
389;383.56;774.7500;1065.7000;816.9000;42.1500;14.4870;0.8390;0.0000;-774.7500;0.0000;6.8165;0.0000;-774.7500;0.0000;6.8165;1.0000;0.0000;0.0000;0.0000;0.0000
390;383.93;777.3000;1067.6000;825.7500;48.4500;16.6896;0.7776;0.0000;-777.3000;0.0000;6.8165;0.0000;-777.3000;0.0000;6.8165;1.0000;0.0000;0.0000;0.0000;0.0000
391;384.30;782.4500;1076.2500;824.4500;42.0000;14.2954;0.8448;0.0000;-782.4500;0.0000;6.8165;0.0000;-782.4500;0.0000;6.8165;1.0000;0.0000;0.0000;0.0000;0.0000
392;384.68;781.7000;1077.5000;817.6500;35.9500;12.1535;0.9153;0.0000;-781.7000;0.0000;6.8165;0.0000;-781.7000;0.0000;6.8165;1.0000;0.0000;0.0000;0.0000;0.0000
393;385.05;784.1500;1093.5500;828.7000;44.5500;14.3988;0.8417;0.0000;-784.1500;0.0000;6.8165;0.0000;-784.1500;0.0000;6.8165;1.0000;0.0000;0.0000;0.0000;0.0000
394;385.42;777.3500;1095.8000;836.8500;59.5000;18.6843;0.7285;0.0000;-777.3500;0.0000;6.8165;0.0000;-777.3500;0.0000;6.8165;1.0000;0.0000;0.0000;0.0000;0.0000
395;385.79;787.2000;1104.3500;820.3500;33.1500;10.4525;0.9808;0.0000;-787.2000;0.0000;6.8165;0.0000;-787.2000;0.0000;6.8165;1.0000;0.0000;0.0000;0.0000;0.0000
396;386.16;783.4000;1127.7500;828.2500;44.8500;13.0245;0.8852;0.0000;-783.4000;0.0000;6.8165;0.0000;-783.4000;0.0000;6.8165;1.0000;0.0000;0.0000;0.0000;0.0000
397;386.53;786.5000;1130.6500;818.5500;32.0500;9.3128;1.0309;0.0000;-786.5000;0.0000;6.8165;0.0000;-786.5000;0.0000;6.8165;1.0000;0.0000;0.0000;0.0000;0.0000
398;386.91;793.4000;1142.5500;826.5000;33.1000;9.4802;1.0232;0.0000;-793.4000;0.0000;6.8165;0.0000;-793.4000;0.0000;6.8165;1.0000;0.0000;0.0000;0.0000;0.0000
399;387.28;796.0000;1159.4500;825.9500;29.9500;8.2405;1.0840;0.0000;-796.0000;0.0000;6.8165;0.0000;-796.0000;0.0000;6.8165;1.0000;0.0000;0.0000;0.0000;0.0000
400;387.65;785.5500;1168.5000;820.6500;35.1000;9.1657;1.0378;0.0000;-785.5500;0.0000;6.8165;0.0000;-785.5500;0.0000;6.8165;1.0000;0.0000;0.0000;0.0000;0.0000
401;388.02;790.8000;1178.8500;826.1500;35.3500;9.1097;1.0405;0.0000;-790.8000;0.0000;6.8165;0.0000;-790.8000;0.0000;6.8165;1.0000;0.0000;0.0000;0.0000;0.0000
402;388.39;777.5000;1186.2000;822.0000;44.5000;10.8882;0.9630;0.0000;-777.5000;0.0000;6.8165;0.0000;-777.5000;0.0000;6.8165;1.0000;0.0000;0.0000;0.0000;0.0000
403;388.76;782.2500;1214.6000;824.8500;42.6000;9.8531;1.0064;0.0000;-782.2500;0.0000;6.8165;0.0000;-782.2500;0.0000;6.8165;1.0000;0.0000;0.0000;0.0000;0.0000
404;389.13;797.0000;1203.1500;830.5500;33.5500;8.2605;1.0830;0.0000;-797.0000;0.0000;6.8165;0.0000;-797.0000;0.0000;6.8165;1.0000;0.0000;0.0000;0.0000;0.0000
405;389.50;796.1500;1228.9000;826.2000;30.0500;6.9440;1.1584;0.0000;-796.1500;0.0000;6.8165;0.0000;-796.1500;0.0000;6.8165;1.0000;0.0000;0.0000;0.0000;0.0000
406;389.87;786.4000;1237.1000;829.2000;42.8000;9.4963;1.0224;0.0000;-786.4000;0.0000;6.8165;0.0000;-786.4000;0.0000;6.8165;1.0000;0.0000;0.0000;0.0000;0.0000
407;390.25;787.0000;1264.0500;821.0000;34.0000;7.1271;1.1471;0.0000;-787.0000;0.0000;6.8165;0.0000;-787.0000;0.0000;6.8165;1.0000;0.0000;0.0000;0.0000;0.0000
408;390.62;779.4500;1280.4500;809.8500;30.4000;6.0679;1.2170;0.0000;-779.4500;0.0000;6.8165;0.0000;-779.4500;0.0000;6.8165;1.0000;0.0000;0.0000;0.0000;0.0000
409;390.99;778.8500;1316.3500;832.3000;53.4500;9.9442;1.0024;0.0000;-778.8500;0.0000;6.8165;0.0000;-778.8500;0.0000;6.8165;1.0000;0.0000;0.0000;0.0000;0.0000
410;391.36;781.9500;1364.7500;829.8000;47.8500;8.2104;1.0856;0.0000;-781.9500;0.0000;6.8165;0.0000;-781.9500;0.0000;6.8165;1.0000;0.0000;0.0000;0.0000;0.0000
411;391.73;778.7000;1389.6000;822.9500;44.2500;7.2434;1.1401;0.0000;-778.7000;0.0000;6.8165;0.0000;-778.7000;0.0000;6.8165;1.0000;0.0000;0.0000;0.0000;0.0000
412;392.10;786.8500;1414.4500;822.7500;35.9000;5.7202;1.2426;0.0000;-786.8500;0.0000;6.8165;0.0000;-786.8500;0.0000;6.8165;1.0000;0.0000;0.0000;0.0000;0.0000
413;392.47;789.2000;1456.3500;826.8000;37.6000;5.6359;1.2490;0.0000;-789.2000;0.0000;6.8165;0.0000;-789.2000;0.0000;6.8165;1.0000;0.0000;0.0000;0.0000;0.0000
414;392.84;790.3500;1502.9500;825.7000;35.3500;4.9607;1.3045;0.0000;-790.3500;0.0000;6.8165;0.0000;-790.3500;0.0000;6.8165;1.0000;0.0000;0.0000;0.0000;0.0000
415;393.21;785.5500;1542.4000;831.3500;45.8000;6.0514;1.2181;0.0000;-785.5500;0.0000;6.8165;0.0000;-785.5500;0.0000;6.8165;1.0000;0.0000;0.0000;0.0000;0.0000
416;393.58;783.3000;1572.8500;830.9000;47.6000;6.0288;1.2198;0.0000;-783.3000;0.0000;6.8165;0.0000;-783.3000;0.0000;6.8165;1.0000;0.0000;0.0000;0.0000;0.0000
417;393.95;781.7500;1594.1000;825.1000;43.3500;5.3364;1.2728;0.0000;-781.7500;0.0000;6.8165;0.0000;-781.7500;0.0000;6.8165;1.0000;0.0000;0.0000;0.0000;0.0000
418;394.32;780.3000;1634.0000;825.4000;45.1000;5.2829;1.2771;0.0000;-780.3000;0.0000;6.8165;0.0000;-780.3000;0.0000;6.8165;1.0000;0.0000;0.0000;0.0000;0.0000
419;394.69;787.1000;1692.6500;843.3000;56.2000;6.2062;1.2072;0.0000;-787.1000;0.0000;6.8165;0.0000;-787.1000;0.0000;6.8165;1.0000;0.0000;0.0000;0.0000;0.0000
420;395.06;783.2500;1738.2500;830.1000;46.8500;4.9058;1.3093;0.0000;-783.2500;0.0000;6.8165;0.0000;-783.2500;0.0000;6.8165;1.0000;0.0000;0.0000;0.0000;0.0000
421;395.43;782.4500;1788.6500;826.2500;43.8000;4.3530;1.3612;0.0000;-782.4500;0.0000;6.8165;0.0000;-782.4500;0.0000;6.8165;1.0000;0.0000;0.0000;0.0000;0.0000
422;395.80;793.9500;1832.3500;823.3000;29.3500;2.8265;1.5488;0.0000;-793.9500;0.0000;6.8165;0.0000;-793.9500;0.0000;6.8165;1.0000;0.0000;0.0000;0.0000;0.0000
423;396.16;783.8500;1886.2500;827.5500;43.7000;3.9641;1.4019;0.0000;-783.8500;0.0000;6.8165;0.0000;-783.8500;0.0000;6.8165;1.0000;0.0000;0.0000;0.0000;0.0000
424;396.53;780.2000;1943.3000;829.3000;49.1000;4.2215;1.3745;0.0000;-780.2000;0.0000;6.8165;0.0000;-780.2000;0.0000;6.8165;1.0000;0.0000;0.0000;0.0000;0.0000
425;396.90;764.9500;1980.7000;823.6000;58.6500;4.8242;1.3166;0.0000;-764.9500;0.0000;6.8165;0.0000;-764.9500;0.0000;6.8165;1.0000;0.0000;0.0000;0.0000;0.0000
426;397.27;768.1000;2075.2000;829.5500;61.4500;4.7012;1.3278;0.0000;-768.1000;0.0000;6.8165;0.0000;-768.1000;0.0000;6.8165;1.0000;0.0000;0.0000;0.0000;0.0000
427;397.64;790.7000;2119.4500;828.9000;38.2000;2.8749;1.5414;0.0000;-790.7000;0.0000;6.8165;0.0000;-790.7000;0.0000;6.8165;1.0000;0.0000;0.0000;0.0000;0.0000
428;398.01;772.8500;2144.6000;828.5500;55.7000;4.0605;1.3914;0.0000;-772.8500;0.0000;6.8165;0.0000;-772.8500;0.0000;6.8165;1.0000;0.0000;0.0000;0.0000;0.0000
429;398.38;791.7000;2190.4000;837.6500;45.9500;3.2852;1.4834;0.0000;-791.7000;0.0000;6.8165;0.0000;-791.7000;0.0000;6.8165;1.0000;0.0000;0.0000;0.0000;0.0000
430;398.75;783.5000;2201.1000;818.6500;35.1500;2.4795;1.6056;0.0000;-783.5000;0.0000;6.8165;0.0000;-783.5000;0.0000;6.8165;1.0000;0.0000;0.0000;0.0000;0.0000
431;399.12;784.9000;2303.8500;822.4500;37.5500;2.4721;1.6069;0.0000;-784.9000;0.0000;6.8165;0.0000;-784.9000;0.0000;6.8165;1.0000;0.0000;0.0000;0.0000;0.0000
432;399.48;790.8000;2374.8000;845.4500;54.6500;3.4501;1.4622;0.0000;-790.8000;0.0000;6.8165;0.0000;-790.8000;0.0000;6.8165;1.0000;0.0000;0.0000;0.0000;0.0000
433;399.85;782.9000;2364.9000;837.6500;54.7500;3.4608;1.4608;0.0000;-782.9000;0.0000;6.8165;0.0000;-782.9000;0.0000;6.8165;1.0000;0.0000;0.0000;0.0000;0.0000
434;400.22;801.8500;2397.2000;848.3500;46.5000;2.9147;1.5354;0.0000;-801.8500;0.0000;6.8165;0.0000;-801.8500;0.0000;6.8165;1.0000;0.0000;0.0000;0.0000;0.0000
435;400.59;788.1000;2505.5500;825.5000;37.4000;2.1776;1.6620;0.0000;-788.1000;0.0000;6.8165;0.0000;-788.1000;0.0000;6.8165;1.0000;0.0000;0.0000;0.0000;0.0000
436;400.96;792.7000;2491.6000;825.2500;32.5500;1.9159;1.7176;0.0000;-792.7000;0.0000;6.8165;0.0000;-792.7000;0.0000;6.8165;1.0000;0.0000;0.0000;0.0000;0.0000
437;401.32;784.4500;2534.1000;827.6500;43.2000;2.4691;1.6075;0.0000;-784.4500;0.0000;6.8165;0.0000;-784.4500;0.0000;6.8165;1.0000;0.0000;0.0000;0.0000;0.0000
438;401.69;793.9500;2601.4500;822.7500;28.8000;1.5934;1.7977;0.0000;-793.9500;0.0000;6.8165;0.0000;-793.9500;0.0000;6.8165;1.0000;0.0000;0.0000;0.0000;0.0000
439;402.06;789.5000;2683.3500;829.2500;39.7500;2.0989;1.6780;0.0000;-789.5000;0.0000;6.8165;0.0000;-789.5000;0.0000;6.8165;1.0000;0.0000;0.0000;0.0000;0.0000
440;402.43;781.7000;2667.8500;831.1500;49.4500;2.6217;1.5814;0.0000;-781.7000;0.0000;6.8165;0.0000;-781.7000;0.0000;6.8165;1.0000;0.0000;0.0000;0.0000;0.0000
441;402.80;778.3000;2758.0000;814.3000;36.0000;1.8185;1.7403;0.0000;-778.3000;0.0000;6.8165;0.0000;-778.3000;0.0000;6.8165;1.0000;0.0000;0.0000;0.0000;0.0000
442;403.16;784.8500;2788.6000;826.6000;41.7500;2.0836;1.6812;0.0000;-784.8500;0.0000;6.8165;0.0000;-784.8500;0.0000;6.8165;1.0000;0.0000;0.0000;0.0000;0.0000
443;403.53;783.6500;2770.7500;818.4500;34.8000;1.7513;1.7566;0.0000;-783.6500;0.0000;6.8165;0.0000;-783.6500;0.0000;6.8165;1.0000;0.0000;0.0000;0.0000;0.0000
444;403.90;782.6500;2972.2500;836.1000;53.4500;2.4411;1.6124;0.0000;-782.6500;0.0000;6.8165;0.0000;-782.6500;0.0000;6.8165;1.0000;0.0000;0.0000;0.0000;0.0000
445;404.27;785.4500;2960.8000;838.6500;53.2000;2.4456;1.6116;0.0000;-785.4500;0.0000;6.8165;0.0000;-785.4500;0.0000;6.8165;1.0000;0.0000;0.0000;0.0000;0.0000
446;404.63;779.8500;3040.1500;826.4000;46.5500;2.0595;1.6862;0.0000;-779.8500;0.0000;6.8165;0.0000;-779.8500;0.0000;6.8165;1.0000;0.0000;0.0000;0.0000;0.0000
447;405.00;787.7000;3154.4000;833.4500;45.7500;1.9331;1.7138;0.0000;-787.7000;0.0000;6.8165;0.0000;-787.7000;0.0000;6.8165;1.0000;0.0000;0.0000;0.0000;0.0000
448;405.37;787.5000;3211.0000;820.3000;32.8000;1.3534;1.8686;0.0000;-787.5000;0.0000;6.8165;0.0000;-787.5000;0.0000;6.8165;1.0000;0.0000;0.0000;0.0000;0.0000
449;405.73;781.0500;3286.4500;827.9000;46.8500;1.8700;1.7282;0.0000;-781.0500;0.0000;6.8165;0.0000;-781.0500;0.0000;6.8165;1.0000;0.0000;0.0000;0.0000;0.0000
450;406.10;788.6500;3421.6500;838.1500;49.5000;1.8800;1.7258;0.0000;-788.6500;0.0000;6.8165;0.0000;-788.6500;0.0000;6.8165;1.0000;0.0000;0.0000;0.0000;0.0000
451;406.47;784.2500;3495.5000;830.4000;46.1500;1.7022;1.7690;0.0000;-784.2500;0.0000;6.8165;0.0000;-784.2500;0.0000;6.8165;1.0000;0.0000;0.0000;0.0000;0.0000
452;406.83;789.8500;3620.3500;843.2000;53.3500;1.8848;1.7247;0.0000;-789.8500;0.0000;6.8165;0.0000;-789.8500;0.0000;6.8165;1.0000;0.0000;0.0000;0.0000;0.0000
453;407.20;773.8500;3666.4500;819.6500;45.8000;1.5834;1.8004;0.0000;-773.8500;0.0000;6.8165;0.0000;-773.8500;0.0000;6.8165;1.0000;0.0000;0.0000;0.0000;0.0000
454;407.57;783.1500;3848.1000;820.2500;37.1000;1.2105;1.9170;0.0000;-783.1500;0.0000;6.8165;0.0000;-783.1500;0.0000;6.8165;1.0000;0.0000;0.0000;0.0000;0.0000
455;407.93;774.8000;3869.0000;836.8500;62.0500;2.0054;1.6978;0.0000;-774.8000;0.0000;6.8165;0.0000;-774.8000;0.0000;6.8165;1.0000;0.0000;0.0000;0.0000;0.0000
456;408.30;773.8000;3897.2000;829.9000;56.1000;1.7961;1.7457;0.0000;-773.8000;0.0000;6.8165;0.0000;-773.8000;0.0000;6.8165;1.0000;0.0000;0.0000;0.0000;0.0000
457;408.67;779.8000;4045.5000;845.8500;66.0500;2.0225;1.6941;0.0000;-779.8000;0.0000;6.8165;0.0000;-779.8000;0.0000;6.8165;1.0000;0.0000;0.0000;0.0000;0.0000
458;409.03;774.3500;4169.5500;819.6500;45.3000;1.3342;1.8748;0.0000;-774.3500;0.0000;6.8165;0.0000;-774.3500;0.0000;6.8165;1.0000;0.0000;0.0000;0.0000;0.0000
459;409.40;792.3000;4169.8000;816.4500;24.1500;0.7150;2.1457;0.0000;-792.3000;0.0000;6.8165;0.0000;-792.3000;0.0000;6.8165;1.0000;0.0000;0.0000;0.0000;0.0000
460;409.76;782.0500;4342.4500;832.2500;50.2000;1.4100;1.8508;0.0000;-782.0500;0.0000;6.8165;0.0000;-782.0500;0.0000;6.8165;1.0000;0.0000;0.0000;0.0000;0.0000
461;410.13;768.3000;4242.9000;820.9000;52.6000;1.5138;1.8199;0.0000;-768.3000;0.0000;6.8165;0.0000;-768.3000;0.0000;6.8165;1.0000;0.0000;0.0000;0.0000;0.0000
462;410.50;797.2500;4338.6500;826.5000;29.2500;0.8259;2.0830;0.0000;-797.2500;0.0000;6.8165;0.0000;-797.2500;0.0000;6.8165;1.0000;0.0000;0.0000;0.0000;0.0000
463;410.86;790.1000;4448.6000;826.7000;36.6000;1.0004;1.9998;0.0000;-790.1000;0.0000;6.8165;0.0000;-790.1000;0.0000;6.8165;1.0000;0.0000;0.0000;0.0000;0.0000
464;411.23;786.4000;4522.1000;831.5500;45.1500;1.2086;1.9177;0.0000;-786.4000;0.0000;6.8165;0.0000;-786.4000;0.0000;6.8165;1.0000;0.0000;0.0000;0.0000;0.0000
465;411.59;786.2500;4661.4000;826.1500;39.9000;1.0296;1.9873;0.0000;-786.2500;0.0000;6.8165;0.0000;-786.2500;0.0000;6.8165;1.0000;0.0000;0.0000;0.0000;0.0000
466;411.96;781.7500;4636.0000;844.7000;62.9500;1.6333;1.7869;0.0000;-781.7500;0.0000;6.8165;0.0000;-781.7500;0.0000;6.8165;1.0000;0.0000;0.0000;0.0000;0.0000
467;412.32;781.2000;4704.1500;834.9500;53.7500;1.3701;1.8632;0.0000;-781.2000;0.0000;6.8165;0.0000;-781.2000;0.0000;6.8165;1.0000;0.0000;0.0000;0.0000;0.0000
468;412.69;777.5000;4927.5000;841.9000;64.4000;1.5518;1.8092;0.0000;-777.5000;0.0000;6.8165;0.0000;-777.5000;0.0000;6.8165;1.0000;0.0000;0.0000;0.0000;0.0000
469;413.05;784.7500;5063.2500;840.5000;55.7500;1.3030;1.8850;0.0000;-784.7500;0.0000;6.8165;0.0000;-784.7500;0.0000;6.8165;1.0000;0.0000;0.0000;0.0000;0.0000
470;413.42;794.0500;4973.2000;826.1500;32.1000;0.7681;2.1146;0.0000;-794.0500;0.0000;6.8165;0.0000;-794.0500;0.0000;6.8165;1.0000;0.0000;0.0000;0.0000;0.0000
471;413.78;783.1000;5262.8500;830.8000;47.7000;1.0648;1.9727;0.0000;-783.1000;0.0000;6.8165;0.0000;-783.1000;0.0000;6.8165;1.0000;0.0000;0.0000;0.0000;0.0000
472;414.15;774.1000;5327.9000;840.8000;66.7000;1.4647;1.8342;0.0000;-774.1000;0.0000;6.8165;0.0000;-774.1000;0.0000;6.8165;1.0000;0.0000;0.0000;0.0000;0.0000
473;414.51;774.5500;5264.8000;833.0000;58.4500;1.3017;1.8855;0.0000;-774.5500;0.0000;6.8165;0.0000;-774.5500;0.0000;6.8165;1.0000;0.0000;0.0000;0.0000;0.0000
474;414.88;774.5000;5347.8000;833.0500;58.5500;1.2803;1.8927;0.0000;-774.5000;0.0000;6.8165;0.0000;-774.5000;0.0000;6.8165;1.0000;0.0000;0.0000;0.0000;0.0000
475;415.24;770.2000;5553.9500;832.6500;62.4500;1.3055;1.8842;0.0000;-770.2000;0.0000;6.8165;0.0000;-770.2000;0.0000;6.8165;1.0000;0.0000;0.0000;0.0000;0.0000
476;415.61;783.8000;5659.1500;834.1000;50.3000;1.0317;1.9864;0.0000;-783.8000;0.0000;6.8165;0.0000;-783.8000;0.0000;6.8165;1.0000;0.0000;0.0000;0.0000;0.0000
477;415.97;780.8000;5604.1000;830.9000;50.1000;1.0387;1.9835;0.0000;-780.8000;0.0000;6.8165;0.0000;-780.8000;0.0000;6.8165;1.0000;0.0000;0.0000;0.0000;0.0000
478;416.33;771.0000;5782.5000;842.1500;71.1500;1.4197;1.8478;0.0000;-771.0000;0.0000;6.8165;0.0000;-771.0000;0.0000;6.8165;1.0000;0.0000;0.0000;0.0000;0.0000
479;416.70;770.8500;5916.4000;850.3000;79.4500;1.5441;1.8113;0.0000;-770.8500;0.0000;6.8165;0.0000;-770.8500;0.0000;6.8165;1.0000;0.0000;0.0000;0.0000;0.0000
480;417.06;786.4500;6125.3500;839.9500;53.5000;1.0021;1.9991;0.0000;-786.4500;0.0000;6.8165;0.0000;-786.4500;0.0000;6.8165;1.0000;0.0000;0.0000;0.0000;0.0000
481;417.43;779.9500;6075.8500;838.7000;58.7500;1.1093;1.9549;0.0000;-779.9500;0.0000;6.8165;0.0000;-779.9500;0.0000;6.8165;1.0000;0.0000;0.0000;0.0000;0.0000
482;417.79;785.6500;6093.2500;841.6500;56.0000;1.0551;1.9767;0.0000;-785.6500;0.0000;6.8165;0.0000;-785.6500;0.0000;6.8165;1.0000;0.0000;0.0000;0.0000;0.0000
483;418.15;786.3500;6151.9500;835.4000;49.0500;0.9142;2.0390;0.0000;-786.3500;0.0000;6.8165;0.0000;-786.3500;0.0000;6.8165;1.0000;0.0000;0.0000;0.0000;0.0000
484;418.52;778.5000;6325.3000;840.2000;61.7000;1.1124;1.9538;0.0000;-778.5000;0.0000;6.8165;0.0000;-778.5000;0.0000;6.8165;1.0000;0.0000;0.0000;0.0000;0.0000
485;418.88;787.9000;6445.1500;853.6500;65.7500;1.1622;1.9347;0.0000;-787.9000;0.0000;6.8165;0.0000;-787.9000;0.0000;6.8165;1.0000;0.0000;0.0000;0.0000;0.0000
486;419.24;770.7500;6655.7500;850.7000;79.9500;1.3585;1.8669;0.0000;-770.7500;0.0000;6.8165;0.0000;-770.7500;0.0000;6.8165;1.0000;0.0000;0.0000;0.0000;0.0000
487;419.61;790.1500;6626.4000;842.0500;51.9000;0.8893;2.0510;0.0000;-790.1500;0.0000;6.8165;0.0000;-790.1500;0.0000;6.8165;1.0000;0.0000;0.0000;0.0000;0.0000
488;419.97;762.6500;6654.4500;844.9000;82.2500;1.3960;1.8551;0.0000;-762.6500;0.0000;6.8165;0.0000;-762.6500;0.0000;6.8165;1.0000;0.0000;0.0000;0.0000;0.0000
489;420.33;785.1500;6944.1000;840.8000;55.6500;0.9036;2.0440;0.0000;-785.1500;0.0000;6.8165;0.0000;-785.1500;0.0000;6.8165;1.0000;0.0000;0.0000;0.0000;0.0000
490;420.70;781.2000;6916.0000;849.9500;68.7500;1.1207;1.9505;0.0000;-781.2000;0.0000;6.8165;0.0000;-781.2000;0.0000;6.8165;1.0000;0.0000;0.0000;0.0000;0.0000
491;421.06;775.4500;7091.9500;850.5500;75.1000;1.1889;1.9248;0.0000;-775.4500;0.0000;6.8165;0.0000;-775.4500;0.0000;6.8165;1.0000;0.0000;0.0000;0.0000;0.0000
492;421.42;782.6500;7222.9500;846.3500;63.7000;0.9891;2.0048;0.0000;-782.6500;0.0000;6.8165;0.0000;-782.6500;0.0000;6.8165;1.0000;0.0000;0.0000;0.0000;0.0000
493;421.79;794.0000;7278.1000;840.1500;46.1500;0.7117;2.1477;0.0000;-794.0000;0.0000;6.8165;0.0000;-794.0000;0.0000;6.8165;1.0000;0.0000;0.0000;0.0000;0.0000
494;422.15;785.4000;7271.5500;841.2500;55.8500;0.8611;2.0650;0.0000;-785.4000;0.0000;6.8165;0.0000;-785.4000;0.0000;6.8165;1.0000;0.0000;0.0000;0.0000;0.0000
495;422.51;791.6500;7407.5000;831.8500;40.2000;0.6076;2.2164;0.0000;-791.6500;0.0000;6.8165;0.0000;-791.6500;0.0000;6.8165;1.0000;0.0000;0.0000;0.0000;0.0000
496;422.87;773.7500;7640.4000;845.7000;71.9500;1.0478;1.9797;0.0000;-773.7500;0.0000;6.8165;0.0000;-773.7500;0.0000;6.8165;1.0000;0.0000;0.0000;0.0000;0.0000
497;423.24;791.5500;7727.0000;850.1500;58.6000;0.8449;2.0732;0.0000;-791.5500;0.0000;6.8165;0.0000;-791.5500;0.0000;6.8165;1.0000;0.0000;0.0000;0.0000;0.0000
498;423.60;787.7000;7811.8000;850.8000;63.1000;0.8983;2.0466;0.0000;-787.7000;0.0000;6.8165;0.0000;-787.7000;0.0000;6.8165;1.0000;0.0000;0.0000;0.0000;0.0000
499;423.96;788.2500;7938.8500;847.1500;58.9000;0.8237;2.0842;0.0000;-788.2500;0.0000;6.8165;0.0000;-788.2500;0.0000;6.8165;1.0000;0.0000;0.0000;0.0000;0.0000
500;424.32;789.7500;8076.2000;849.4000;59.6500;0.8186;2.0869;0.0000;-789.7500;0.0000;6.8165;0.0000;-789.7500;0.0000;6.8165;1.0000;0.0000;0.0000;0.0000;0.0000
501;424.69;787.8500;8151.5500;845.0500;57.2000;0.7768;2.1097;0.0000;-787.8500;0.0000;6.8165;0.0000;-787.8500;0.0000;6.8165;1.0000;0.0000;0.0000;0.0000;0.0000
502;425.05;785.6000;8575.5000;865.6500;80.0500;1.0276;1.9882;0.0000;-785.6000;0.0000;6.8165;0.0000;-785.6000;0.0000;6.8165;1.0000;0.0000;0.0000;0.0000;0.0000
503;425.41;805.5500;8870.8000;859.1500;53.6000;0.6646;2.1775;0.0000;-805.5500;0.0000;6.8165;0.0000;-805.5500;0.0000;6.8165;1.0000;0.0000;0.0000;0.0000;0.0000
504;425.77;784.8000;8737.0500;854.0000;69.2000;0.8702;2.0604;0.0000;-784.8000;0.0000;6.8165;0.0000;-784.8000;0.0000;6.8165;1.0000;0.0000;0.0000;0.0000;0.0000
505;426.13;798.6000;8861.7500;845.0000;46.4000;0.5755;2.2400;0.0000;-798.6000;0.0000;6.8165;0.0000;-798.6000;0.0000;6.8165;1.0000;0.0000;0.0000;0.0000;0.0000
506;426.50;774.2500;8713.9500;862.4500;88.2000;1.1109;1.9543;0.0000;-774.2500;0.0000;6.8165;0.0000;-774.2500;0.0000;6.8165;1.0000;0.0000;0.0000;0.0000;0.0000
507;426.86;778.6000;8908.4500;868.6000;90.0000;1.1070;1.9558;0.0000;-778.6000;0.0000;6.8165;0.0000;-778.6000;0.0000;6.8165;1.0000;0.0000;0.0000;0.0000;0.0000
508;427.22;782.4000;9330.7000;860.0000;77.6000;0.9078;2.0420;0.0000;-782.4000;0.0000;6.8165;0.0000;-782.4000;0.0000;6.8165;1.0000;0.0000;0.0000;0.0000;0.0000
509;427.58;796.2500;9195.0500;861.3500;65.1000;0.7751;2.1106;0.0000;-796.2500;0.0000;6.8165;0.0000;-796.2500;0.0000;6.8165;1.0000;0.0000;0.0000;0.0000;0.0000
510;427.94;779.9500;9573.4500;856.1000;76.1500;0.8660;2.0625;0.0000;-779.9500;0.0000;6.8165;0.0000;-779.9500;0.0000;6.8165;1.0000;0.0000;0.0000;0.0000;0.0000
511;428.30;777.0500;9878.5000;852.6000;75.5500;0.8301;2.0809;0.0000;-777.0500;0.0000;6.8165;0.0000;-777.0500;0.0000;6.8165;1.0000;0.0000;0.0000;0.0000;0.0000
512;428.66;777.1000;9589.9000;856.9000;79.8000;0.9055;2.0431;0.0000;-777.1000;0.0000;6.8165;0.0000;-777.1000;0.0000;6.8165;1.0000;0.0000;0.0000;0.0000;0.0000
513;429.02;792.6500;9824.0500;863.3000;70.6500;0.7823;2.1066;0.0000;-792.6500;0.0000;6.8165;0.0000;-792.6500;0.0000;6.8165;1.0000;0.0000;0.0000;0.0000;0.0000
514;429.39;792.0500;9997.9500;859.9000;67.8500;0.7370;2.1325;0.0000;-792.0500;0.0000;6.8165;0.0000;-792.0500;0.0000;6.8165;1.0000;0.0000;0.0000;0.0000;0.0000
515;429.75;768.6000;10151.5000;876.6000;108.0000;1.1510;1.9389;0.0000;-768.6000;0.0000;6.8165;0.0000;-768.6000;0.0000;6.8165;1.0000;0.0000;0.0000;0.0000;0.0000
516;430.11;784.6500;10232.6000;850.5000;65.8500;0.6970;2.1568;0.0000;-784.6500;0.0000;6.8165;0.0000;-784.6500;0.0000;6.8165;1.0000;0.0000;0.0000;0.0000;0.0000
517;430.47;774.4500;10429.3000;853.5000;79.0500;0.8188;2.0868;0.0000;-774.4500;0.0000;6.8165;0.0000;-774.4500;0.0000;6.8165;1.0000;0.0000;0.0000;0.0000;0.0000
518;430.83;783.7500;10419.6500;856.6500;72.9000;0.7565;2.1212;0.0000;-783.7500;0.0000;6.8165;0.0000;-783.7500;0.0000;6.8165;1.0000;0.0000;0.0000;0.0000;0.0000
519;431.19;779.6000;10748.4000;867.9500;88.3500;0.8863;2.0524;0.0000;-779.6000;0.0000;6.8165;0.0000;-779.6000;0.0000;6.8165;1.0000;0.0000;0.0000;0.0000;0.0000
520;431.55;792.9500;10430.9000;878.1000;85.1500;0.8835;2.0538;0.0000;-792.9500;0.0000;6.8165;0.0000;-792.9500;0.0000;6.8165;1.0000;0.0000;0.0000;0.0000;0.0000
521;431.91;789.6000;10826.7500;858.9500;69.3500;0.6909;2.1606;0.0000;-789.6000;0.0000;6.8165;0.0000;-789.6000;0.0000;6.8165;1.0000;0.0000;0.0000;0.0000;0.0000
522;432.27;788.8000;11092.1500;870.7500;81.9500;0.7954;2.0994;0.0000;-788.8000;0.0000;6.8165;0.0000;-788.8000;0.0000;6.8165;1.0000;0.0000;0.0000;0.0000;0.0000
523;432.63;786.9000;10999.1000;864.0500;77.1500;0.7555;2.1218;0.0000;-786.9000;0.0000;6.8165;0.0000;-786.9000;0.0000;6.8165;1.0000;0.0000;0.0000;0.0000;0.0000
524;432.99;791.6500;11186.8500;865.7000;74.0500;0.7123;2.1473;0.0000;-791.6500;0.0000;6.8165;0.0000;-791.6500;0.0000;6.8165;1.0000;0.0000;0.0000;0.0000;0.0000
525;433.35;789.3500;11142.0500;870.5500;81.2000;0.7843;2.1055;0.0000;-789.3500;0.0000;6.8165;0.0000;-789.3500;0.0000;6.8165;1.0000;0.0000;0.0000;0.0000;0.0000
526;433.71;799.2000;11345.5500;853.4500;54.2500;0.5144;2.2887;0.0000;-799.2000;0.0000;6.8165;0.0000;-799.2000;0.0000;6.8165;1.0000;0.0000;0.0000;0.0000;0.0000
527;434.07;780.0500;12001.3500;857.3500;77.3000;0.6889;2.1619;0.0000;-780.0500;0.0000;6.8165;0.0000;-780.0500;0.0000;6.8165;1.0000;0.0000;0.0000;0.0000;0.0000
528;434.43;784.4000;11855.2000;869.4000;85.0000;0.7678;2.1148;0.0000;-784.4000;0.0000;6.8165;0.0000;-784.4000;0.0000;6.8165;1.0000;0.0000;0.0000;0.0000;0.0000
529;434.79;790.6000;11900.1000;864.1500;73.5500;0.6620;2.1791;0.0000;-790.6000;0.0000;6.8165;0.0000;-790.6000;0.0000;6.8165;1.0000;0.0000;0.0000;0.0000;0.0000
530;435.15;780.7000;12268.6500;875.3000;94.6000;0.8235;2.0844;0.0000;-780.7000;0.0000;6.8165;0.0000;-780.7000;0.0000;6.8165;1.0000;0.0000;0.0000;0.0000;0.0000
531;435.51;784.4000;12439.7000;863.1000;78.7000;0.6752;2.1705;0.0000;-784.4000;0.0000;6.8165;0.0000;-784.4000;0.0000;6.8165;1.0000;0.0000;0.0000;0.0000;0.0000
532;435.87;791.1000;12531.7500;883.4000;92.3000;0.7862;2.1045;0.0000;-791.1000;0.0000;6.8165;0.0000;-791.1000;0.0000;6.8165;1.0000;0.0000;0.0000;0.0000;0.0000
533;436.23;781.6500;12899.7000;891.3000;109.6500;0.9048;2.0434;0.0000;-781.6500;0.0000;6.8165;0.0000;-781.6500;0.0000;6.8165;1.0000;0.0000;0.0000;0.0000;0.0000
534;436.59;792.6000;13292.5000;885.4000;92.8000;0.7424;2.1294;0.0000;-792.6000;0.0000;6.8165;0.0000;-792.6000;0.0000;6.8165;1.0000;0.0000;0.0000;0.0000;0.0000
535;436.94;780.1000;13551.7500;872.6000;92.5000;0.7243;2.1401;0.0000;-780.1000;0.0000;6.8165;0.0000;-780.1000;0.0000;6.8165;1.0000;0.0000;0.0000;0.0000;0.0000
536;437.30;783.1500;13595.1000;892.8500;109.7000;0.8562;2.0674;0.0000;-783.1500;0.0000;6.8165;0.0000;-783.1500;0.0000;6.8165;1.0000;0.0000;0.0000;0.0000;0.0000
537;437.66;784.4000;13459.7000;878.0000;93.6000;0.7384;2.1317;0.0000;-784.4000;0.0000;6.8165;0.0000;-784.4000;0.0000;6.8165;1.0000;0.0000;0.0000;0.0000;0.0000
538;438.02;783.9000;13997.4000;893.6000;109.7000;0.8302;2.0808;0.0000;-783.9000;0.0000;6.8165;0.0000;-783.9000;0.0000;6.8165;1.0000;0.0000;0.0000;0.0000;0.0000
539;438.38;781.9000;14330.1000;896.9500;115.0500;0.8492;2.0710;0.0000;-781.9000;0.0000;6.8165;0.0000;-781.9000;0.0000;6.8165;1.0000;0.0000;0.0000;0.0000;0.0000
540;438.74;789.6000;14281.1000;886.5500;96.9500;0.7186;2.1435;0.0000;-789.6000;0.0000;6.8165;0.0000;-789.6000;0.0000;6.8165;1.0000;0.0000;0.0000;0.0000;0.0000
541;439.10;788.7500;13975.3500;876.6000;87.8500;0.6662;2.1764;0.0000;-788.7500;0.0000;6.8165;0.0000;-788.7500;0.0000;6.8165;1.0000;0.0000;0.0000;0.0000;0.0000
542;439.46;789.1500;14402.6500;895.2500;106.1000;0.7794;2.1083;0.0000;-789.1500;0.0000;6.8165;0.0000;-789.1500;0.0000;6.8165;1.0000;0.0000;0.0000;0.0000;0.0000
543;439.81;787.2500;14484.9500;899.3500;112.1000;0.8184;2.0870;0.0000;-787.2500;0.0000;6.8165;0.0000;-787.2500;0.0000;6.8165;1.0000;0.0000;0.0000;0.0000;0.0000
544;440.17;792.5000;14070.9000;888.8000;96.3000;0.7252;2.1395;0.0000;-792.5000;0.0000;6.8165;0.0000;-792.5000;0.0000;6.8165;1.0000;0.0000;0.0000;0.0000;0.0000
545;440.53;781.2000;14457.1500;878.5000;97.3000;0.7115;2.1478;0.0000;-781.2000;0.0000;6.8165;0.0000;-781.2000;0.0000;6.8165;1.0000;0.0000;0.0000;0.0000;0.0000
546;440.89;778.7500;14616.3000;904.1000;125.3500;0.9059;2.0429;0.0000;-778.7500;0.0000;6.8165;0.0000;-778.7500;0.0000;6.8165;1.0000;0.0000;0.0000;0.0000;0.0000
547;441.25;785.1500;14713.7500;900.9500;115.8000;0.8314;2.0802;0.0000;-785.1500;0.0000;6.8165;0.0000;-785.1500;0.0000;6.8165;1.0000;0.0000;0.0000;0.0000;0.0000
548;441.60;792.1000;14689.3500;907.5500;115.4500;0.8307;2.0805;0.0000;-792.1000;0.0000;6.8165;0.0000;-792.1000;0.0000;6.8165;1.0000;0.0000;0.0000;0.0000;0.0000
549;441.96;794.7000;15206.9500;903.0500;108.3500;0.7518;2.1239;0.0000;-794.7000;0.0000;6.8165;0.0000;-794.7000;0.0000;6.8165;1.0000;0.0000;0.0000;0.0000;0.0000
550;442.32;780.6500;14996.6000;898.7000;118.0500;0.8304;2.0807;0.0000;-780.6500;0.0000;6.8165;0.0000;-780.6500;0.0000;6.8165;1.0000;0.0000;0.0000;0.0000;0.0000
551;442.68;802.3000;14663.2000;906.8000;104.5000;0.7539;2.1227;0.0000;-802.3000;0.0000;6.8165;0.0000;-802.3000;0.0000;6.8165;1.0000;0.0000;0.0000;0.0000;0.0000
552;443.03;781.6000;15631.0000;904.5500;122.9500;0.8280;2.0820;0.0000;-781.6000;0.0000;6.8165;0.0000;-781.6000;0.0000;6.8165;1.0000;0.0000;0.0000;0.0000;0.0000
553;443.39;790.9500;15147.2000;921.0000;130.0500;0.9059;2.0429;0.0000;-790.9500;0.0000;6.8165;0.0000;-790.9500;0.0000;6.8165;1.0000;0.0000;0.0000;0.0000;0.0000
554;443.75;803.1000;16213.4000;934.0500;130.9500;0.8498;2.0707;0.0000;-803.1000;0.0000;6.8165;0.0000;-803.1000;0.0000;6.8165;1.0000;0.0000;0.0000;0.0000;0.0000
555;444.11;791.2500;16070.7000;920.9000;129.6500;0.8485;2.0713;0.0000;-791.2500;0.0000;6.8165;0.0000;-791.2500;0.0000;6.8165;1.0000;0.0000;0.0000;0.0000;0.0000
556;444.46;801.3000;15856.5500;931.2000;129.9000;0.8628;2.0641;0.0000;-801.3000;0.0000;6.8165;0.0000;-801.3000;0.0000;6.8165;1.0000;0.0000;0.0000;0.0000;0.0000
557;444.82;791.4000;15968.9500;944.6000;153.2000;1.0094;1.9959;0.0000;-791.4000;0.0000;6.8165;0.0000;-791.4000;0.0000;6.8165;1.0000;0.0000;0.0000;0.0000;0.0000
558;445.18;800.9000;15914.0000;960.3000;159.4000;1.0547;1.9769;0.0000;-800.9000;0.0000;6.8165;0.0000;-800.9000;0.0000;6.8165;1.0000;0.0000;0.0000;0.0000;0.0000
559;445.53;790.6000;16124.6500;967.1000;176.5000;1.1510;1.9389;0.0000;-790.6000;0.0000;6.8165;0.0000;-790.6000;0.0000;6.8165;1.0000;0.0000;0.0000;0.0000;0.0000
560;445.89;805.5000;16398.9500;989.1500;183.6500;1.1777;1.9290;0.0000;-805.5000;0.0000;6.8165;0.0000;-805.5000;0.0000;6.8165;1.0000;0.0000;0.0000;0.0000;0.0000
561;446.25;796.6500;16888.8500;1010.9500;214.3000;1.3317;1.8756;0.0000;-796.6500;0.0000;6.8165;0.0000;-796.6500;0.0000;6.8165;1.0000;0.0000;0.0000;0.0000;0.0000
562;446.60;790.5000;16435.4000;1073.6500;283.1500;1.8099;1.7424;0.0000;-790.5000;0.0000;6.8165;0.0000;-790.5000;0.0000;6.8165;1.0000;0.0000;0.0000;0.0000;0.0000
563;446.96;793.3000;16603.0500;1157.9500;364.6500;2.3065;1.6370;0.0000;-793.3000;0.0000;6.8165;0.0000;-793.3000;0.0000;6.8165;1.0000;0.0000;0.0000;0.0000;0.0000
564;447.32;799.2500;17004.4500;1297.5000;498.2500;3.0746;1.5122;0.0000;-799.2500;0.0000;6.8165;0.0000;-799.2500;0.0000;6.8165;1.0000;0.0000;0.0000;0.0000;0.0000
565;447.67;778.8500;17501.9500;1565.7000;786.8500;4.7052;1.3274;0.0000;-778.8500;0.0000;6.8165;0.0000;-778.8500;0.0000;6.8165;1.0000;0.0000;0.0000;0.0000;0.0000
566;448.03;789.0500;17424.4000;1992.7000;1203.6500;7.2355;1.1405;0.0000;-789.0500;0.0000;6.8165;0.0000;-789.0500;0.0000;6.8165;1.0000;0.0000;0.0000;0.0000;0.0000
567;448.38;782.1000;17616.7500;2699.5000;1917.4000;11.3896;0.9435;0.0000;-782.1000;0.0000;6.8165;0.0000;-782.1000;0.0000;6.8165;1.0000;0.0000;0.0000;0.0000;0.0000
568;448.74;789.6000;18450.5000;3855.3500;3065.7500;17.3590;0.7605;0.0000;-789.6000;0.0000;6.8165;0.0000;-789.6000;0.0000;6.8165;1.0000;0.0000;0.0000;0.0000;0.0000
569;449.10;793.3500;18072.9500;5222.3500;4429.0000;25.6314;0.5912;0.0000;-793.3500;0.0000;6.8165;0.0000;-793.3500;0.0000;6.8165;1.0000;0.0000;0.0000;0.0000;0.0000
570;449.45;787.5000;19159.8500;7001.3500;6213.8500;33.8217;0.4708;0.0000;-787.5000;0.0000;6.8165;0.0000;-787.5000;0.0000;6.8165;1.0000;0.0000;0.0000;0.0000;0.0000
571;449.81;791.6000;20450.9500;8640.3000;7848.7000;39.9235;0.3988;0.0000;-791.6000;0.0000;6.8165;0.0000;-791.6000;0.0000;6.8165;1.0000;0.0000;0.0000;0.0000;0.0000
572;450.16;786.0500;20991.5000;9330.6000;8544.5500;42.2883;0.3738;0.0000;-786.0500;0.0000;6.8165;0.0000;-786.0500;0.0000;6.8165;1.0000;0.0000;0.0000;0.0000;0.0000
573;450.52;799.3000;22259.9500;9763.6500;8964.3500;41.7711;0.3791;0.0000;-799.3000;0.0000;6.8165;0.0000;-799.3000;0.0000;6.8165;1.0000;0.0000;0.0000;0.0000;0.0000
574;450.87;794.2500;21223.5500;8885.4500;8091.2000;39.6059;0.4022;0.0000;-794.2500;0.0000;6.8165;0.0000;-794.2500;0.0000;6.8165;1.0000;0.0000;0.0000;0.0000;0.0000
575;451.23;776.4500;20437.6000;8211.3500;7434.9000;37.8152;0.4223;0.0000;-776.4500;0.0000;6.8165;0.0000;-776.4500;0.0000;6.8165;1.0000;0.0000;0.0000;0.0000;0.0000
576;451.59;804.9500;20602.4000;8030.9500;7226.0000;36.4997;0.4377;0.0000;-804.9500;0.0000;6.8165;0.0000;-804.9500;0.0000;6.8165;1.0000;0.0000;0.0000;0.0000;0.0000
577;451.94;787.6000;20173.7500;7811.2000;7023.6000;36.2300;0.4409;0.0000;-787.6000;0.0000;6.8165;0.0000;-787.6000;0.0000;6.8165;1.0000;0.0000;0.0000;0.0000;0.0000
578;452.30;793.9000;20919.0000;8096.2500;7302.3500;36.2848;0.4403;0.0000;-793.9000;0.0000;6.8165;0.0000;-793.9000;0.0000;6.8165;1.0000;0.0000;0.0000;0.0000;0.0000
579;452.65;798.6000;20981.5000;8313.0500;7514.4500;37.2318;0.4291;0.0000;-798.6000;0.0000;6.8165;0.0000;-798.6000;0.0000;6.8165;1.0000;0.0000;0.0000;0.0000;0.0000
580;453.01;805.0500;21367.1000;8710.5000;7905.4500;38.4468;0.4151;0.0000;-805.0500;0.0000;6.8165;0.0000;-805.0500;0.0000;6.8165;1.0000;0.0000;0.0000;0.0000;0.0000
581;453.36;788.3500;20869.7000;8892.8000;8104.4500;40.3581;0.3941;0.0000;-788.3500;0.0000;6.8165;0.0000;-788.3500;0.0000;6.8165;1.0000;0.0000;0.0000;0.0000;0.0000
582;453.71;797.5000;20159.2500;9000.3000;8202.8000;42.3660;0.3730;0.0000;-797.5000;0.0000;6.8165;0.0000;-797.5000;0.0000;6.8165;1.0000;0.0000;0.0000;0.0000;0.0000
583;454.07;801.9000;20497.8000;9619.1500;8817.2500;44.7669;0.3490;0.0000;-801.9000;0.0000;6.8165;0.0000;-801.9000;0.0000;6.8165;1.0000;0.0000;0.0000;0.0000;0.0000
584;454.42;796.4000;20391.2500;10064.8000;9268.4000;47.3002;0.3251;0.0000;-796.4000;0.0000;6.8165;0.0000;-796.4000;0.0000;6.8165;1.0000;0.0000;0.0000;0.0000;0.0000
585;454.78;797.4000;21345.3500;10897.3500;10099.9500;49.1531;0.3084;0.0000;-797.4000;0.0000;6.8165;0.0000;-797.4000;0.0000;6.8165;1.0000;0.0000;0.0000;0.0000;0.0000
586;455.13;798.0000;21159.9000;11263.9000;10465.9000;51.3994;0.2890;0.0000;-798.0000;0.0000;6.8165;0.0000;-798.0000;0.0000;6.8165;1.0000;0.0000;0.0000;0.0000;0.0000
587;455.49;799.5000;21928.3500;12083.9500;11284.4500;53.4078;0.2724;0.0000;-799.5000;0.0000;6.8165;0.0000;-799.5000;0.0000;6.8165;1.0000;0.0000;0.0000;0.0000;0.0000
588;455.84;799.3500;21084.1500;11723.4000;10924.0500;53.8534;0.2688;0.0000;-799.3500;0.0000;6.8165;0.0000;-799.3500;0.0000;6.8165;1.0000;0.0000;0.0000;0.0000;0.0000
589;456.19;804.4000;22126.5500;12368.8500;11564.4500;54.2368;0.2657;0.0000;-804.4000;0.0000;6.8165;0.0000;-804.4000;0.0000;6.8165;1.0000;0.0000;0.0000;0.0000;0.0000
590;456.55;790.1000;22632.7500;12630.8000;11840.7000;54.2091;0.2659;0.0000;-790.1000;0.0000;6.8165;0.0000;-790.1000;0.0000;6.8165;1.0000;0.0000;0.0000;0.0000;0.0000
591;456.90;794.6500;23042.7000;12705.4000;11910.7500;53.5362;0.2714;0.0000;-794.6500;0.0000;6.8165;0.0000;-794.6500;0.0000;6.8165;1.0000;0.0000;0.0000;0.0000;0.0000
592;457.26;787.6500;23484.9500;12924.8500;12137.2000;53.4742;0.2719;0.0000;-787.6500;0.0000;6.8165;0.0000;-787.6500;0.0000;6.8165;1.0000;0.0000;0.0000;0.0000;0.0000
593;457.61;782.8000;23383.7000;12617.9000;11835.1000;52.3656;0.2810;0.0000;-782.8000;0.0000;6.8165;0.0000;-782.8000;0.0000;6.8165;1.0000;0.0000;0.0000;0.0000;0.0000
594;457.96;792.1500;24014.4000;12799.1500;12007.0000;51.7047;0.2865;0.0000;-792.1500;0.0000;6.8165;0.0000;-792.1500;0.0000;6.8165;1.0000;0.0000;0.0000;0.0000;0.0000
595;458.32;780.5000;24874.3000;12934.8500;12154.3500;50.4460;0.2972;0.0000;-780.5000;0.0000;6.8165;0.0000;-780.5000;0.0000;6.8165;1.0000;0.0000;0.0000;0.0000;0.0000
596;458.67;786.9000;24375.8500;12492.9000;11706.0000;49.6249;0.3043;0.0000;-786.9000;0.0000;6.8165;0.0000;-786.9000;0.0000;6.8165;1.0000;0.0000;0.0000;0.0000;0.0000
597;459.02;795.5500;24847.8000;12571.8500;11776.3000;48.9613;0.3101;0.0000;-795.5500;0.0000;6.8165;0.0000;-795.5500;0.0000;6.8165;1.0000;0.0000;0.0000;0.0000;0.0000
598;459.38;781.9500;24811.5500;12442.1000;11660.1500;48.5241;0.3140;0.0000;-781.9500;0.0000;6.8165;0.0000;-781.9500;0.0000;6.8165;1.0000;0.0000;0.0000;0.0000;0.0000
599;459.73;784.0000;24785.4000;12364.9500;11580.9500;48.2511;0.3165;0.0000;-784.0000;0.0000;6.8165;0.0000;-784.0000;0.0000;6.8165;1.0000;0.0000;0.0000;0.0000;0.0000
600;460.08;772.3500;24593.9500;12359.9000;11587.5500;48.6430;0.3130;0.0000;-772.3500;0.0000;6.8165;0.0000;-772.3500;0.0000;6.8165;1.0000;0.0000;0.0000;0.0000;0.0000
601;460.44;778.1000;25258.2000;12769.6500;11991.5500;48.9849;0.3099;0.0000;-778.1000;0.0000;6.8165;0.0000;-778.1000;0.0000;6.8165;1.0000;0.0000;0.0000;0.0000;0.0000
602;460.79;776.7500;25088.7000;12887.1000;12110.3500;49.8123;0.3027;0.0000;-776.7500;0.0000;6.8165;0.0000;-776.7500;0.0000;6.8165;1.0000;0.0000;0.0000;0.0000;0.0000
603;461.14;782.9500;25855.8000;13378.8500;12595.9000;50.2372;0.2990;0.0000;-782.9500;0.0000;6.8165;0.0000;-782.9500;0.0000;6.8165;1.0000;0.0000;0.0000;0.0000;0.0000
604;461.49;786.6500;25791.2500;13646.3500;12859.7000;51.4293;0.2888;0.0000;-786.6500;0.0000;6.8165;0.0000;-786.6500;0.0000;6.8165;1.0000;0.0000;0.0000;0.0000;0.0000
605;461.85;781.6000;26285.9500;14292.0500;13510.4500;52.9731;0.2759;0.0000;-781.6000;0.0000;6.8165;0.0000;-781.6000;0.0000;6.8165;1.0000;0.0000;0.0000;0.0000;0.0000
606;462.20;786.7000;27192.9000;15315.3000;14528.6000;55.0197;0.2595;0.0000;-786.7000;0.0000;6.8165;0.0000;-786.7000;0.0000;6.8165;1.0000;0.0000;0.0000;0.0000;0.0000
607;462.55;785.6000;26589.1000;15334.7500;14549.1500;56.3844;0.2488;0.0000;-785.6000;0.0000;6.8165;0.0000;-785.6000;0.0000;6.8165;1.0000;0.0000;0.0000;0.0000;0.0000
608;462.90;783.3500;27797.1500;16627.1000;15843.7500;58.6506;0.2317;0.0000;-783.3500;0.0000;6.8165;0.0000;-783.3500;0.0000;6.8165;1.0000;0.0000;0.0000;0.0000;0.0000
609;463.26;780.9500;28777.3500;17866.5500;17085.6000;61.0278;0.2145;0.0000;-780.9500;0.0000;6.8165;0.0000;-780.9500;0.0000;6.8165;1.0000;0.0000;0.0000;0.0000;0.0000
610;463.61;787.0000;28237.9000;18196.9000;17409.9000;63.4220;0.1978;0.0000;-787.0000;0.0000;6.8165;0.0000;-787.0000;0.0000;6.8165;1.0000;0.0000;0.0000;0.0000;0.0000
611;463.96;797.2000;27889.8000;18571.7000;17774.5000;65.6065;0.1831;0.0000;-797.2000;0.0000;6.8165;0.0000;-797.2000;0.0000;6.8165;1.0000;0.0000;0.0000;0.0000;0.0000
612;464.31;807.0000;28358.0000;19498.0000;18691.0000;67.8415;0.1685;0.0000;-807.0000;0.0000;6.8165;0.0000;-807.0000;0.0000;6.8165;1.0000;0.0000;0.0000;0.0000;0.0000
613;464.66;797.2500;28112.1500;19697.6000;18900.3500;69.1943;0.1599;0.0000;-797.2500;0.0000;6.8165;0.0000;-797.2500;0.0000;6.8165;1.0000;0.0000;0.0000;0.0000;0.0000
614;465.02;789.4500;28121.1000;20293.9500;19504.5000;71.3623;0.1465;0.0000;-789.4500;0.0000;6.8165;0.0000;-789.4500;0.0000;6.8165;1.0000;0.0000;0.0000;0.0000;0.0000
615;465.37;793.6500;28931.7500;21164.5000;20370.8500;72.3960;0.1403;0.0000;-793.6500;0.0000;6.8165;0.0000;-793.6500;0.0000;6.8165;1.0000;0.0000;0.0000;0.0000;0.0000
616;465.72;786.1000;28748.7500;21289.9000;20503.8000;73.3257;0.1347;0.0000;-786.1000;0.0000;6.8165;0.0000;-786.1000;0.0000;6.8165;1.0000;0.0000;0.0000;0.0000;0.0000
617;466.07;794.3500;28190.4500;20963.1500;20168.8000;73.6192;0.1330;0.0000;-794.3500;0.0000;6.8165;0.0000;-794.3500;0.0000;6.8165;1.0000;0.0000;0.0000;0.0000;0.0000
618;466.42;784.5000;29325.1000;21843.3000;21058.8000;73.7854;0.1320;0.0000;-784.5000;0.0000;6.8165;0.0000;-784.5000;0.0000;6.8165;1.0000;0.0000;0.0000;0.0000;0.0000
619;466.77;783.9500;29390.4000;21607.4500;20823.5000;72.7930;0.1379;0.0000;-783.9500;0.0000;6.8165;0.0000;-783.9500;0.0000;6.8165;1.0000;0.0000;0.0000;0.0000;0.0000
620;467.12;773.1000;30296.1000;21978.0000;21204.9000;71.8250;0.1437;0.0000;-773.1000;0.0000;6.8165;0.0000;-773.1000;0.0000;6.8165;1.0000;0.0000;0.0000;0.0000;0.0000
621;467.48;794.3500;31832.4000;22727.0000;21932.6500;70.6637;0.1508;0.0000;-794.3500;0.0000;6.8165;0.0000;-794.3500;0.0000;6.8165;1.0000;0.0000;0.0000;0.0000;0.0000
622;467.83;781.9000;33537.3500;23488.0000;22706.1000;69.3201;0.1591;0.0000;-781.9000;0.0000;6.8165;0.0000;-781.9000;0.0000;6.8165;1.0000;0.0000;0.0000;0.0000;0.0000
623;468.18;793.1000;33581.5500;23239.8000;22446.7000;68.4592;0.1646;0.0000;-793.1000;0.0000;6.8165;0.0000;-793.1000;0.0000;6.8165;1.0000;0.0000;0.0000;0.0000;0.0000
624;468.53;777.7000;34227.1500;23291.0000;22513.3000;67.3054;0.1719;0.0000;-777.7000;0.0000;6.8165;0.0000;-777.7000;0.0000;6.8165;1.0000;0.0000;0.0000;0.0000;0.0000
625;468.88;769.5000;33317.8500;22298.8500;21529.3500;66.1457;0.1795;0.0000;-769.5000;0.0000;6.8165;0.0000;-769.5000;0.0000;6.8165;1.0000;0.0000;0.0000;0.0000;0.0000
626;469.23;784.5500;33330.6500;22004.2000;21219.6500;65.1987;0.1858;0.0000;-784.5500;0.0000;6.8165;0.0000;-784.5500;0.0000;6.8165;1.0000;0.0000;0.0000;0.0000;0.0000
627;469.58;788.1000;33501.0000;21947.3000;21159.2000;64.6815;0.1892;0.0000;-788.1000;0.0000;6.8165;0.0000;-788.1000;0.0000;6.8165;1.0000;0.0000;0.0000;0.0000;0.0000
628;469.93;777.8000;33051.9000;21434.4000;20656.6000;64.0036;0.1938;0.0000;-777.8000;0.0000;6.8165;0.0000;-777.8000;0.0000;6.8165;1.0000;0.0000;0.0000;0.0000;0.0000
629;470.28;792.0000;32997.2000;21187.6000;20395.6000;63.3301;0.1984;0.0000;-792.0000;0.0000;6.8165;0.0000;-792.0000;0.0000;6.8165;1.0000;0.0000;0.0000;0.0000;0.0000
630;470.63;780.6000;32537.5000;20920.7000;20140.1000;63.4196;0.1978;0.0000;-780.6000;0.0000;6.8165;0.0000;-780.6000;0.0000;6.8165;1.0000;0.0000;0.0000;0.0000;0.0000
631;470.98;790.1500;32453.8500;20960.7500;20170.6000;63.7026;0.1958;0.0000;-790.1500;0.0000;6.8165;0.0000;-790.1500;0.0000;6.8165;1.0000;0.0000;0.0000;0.0000;0.0000
632;471.33;800.2000;31731.4000;20423.4000;19623.2000;63.4414;0.1976;0.0000;-800.2000;0.0000;6.8165;0.0000;-800.2000;0.0000;6.8165;1.0000;0.0000;0.0000;0.0000;0.0000
633;471.68;791.1500;32259.2000;20991.2000;20200.0500;64.1923;0.1925;0.0000;-791.1500;0.0000;6.8165;0.0000;-791.1500;0.0000;6.8165;1.0000;0.0000;0.0000;0.0000;0.0000
634;472.03;779.6000;31622.5000;20888.6500;20109.0500;65.1983;0.1858;0.0000;-779.6000;0.0000;6.8165;0.0000;-779.6000;0.0000;6.8165;1.0000;0.0000;0.0000;0.0000;0.0000
635;472.38;795.6000;31195.6000;20974.7500;20179.1500;66.3788;0.1780;0.0000;-795.6000;0.0000;6.8165;0.0000;-795.6000;0.0000;6.8165;1.0000;0.0000;0.0000;0.0000;0.0000
636;472.73;787.6500;32501.0500;22191.4000;21403.7500;67.4912;0.1708;0.0000;-787.6500;0.0000;6.8165;0.0000;-787.6500;0.0000;6.8165;1.0000;0.0000;0.0000;0.0000;0.0000
637;473.08;785.9500;34298.6000;23530.7500;22744.8000;67.8693;0.1683;0.0000;-785.9500;0.0000;6.8165;0.0000;-785.9500;0.0000;6.8165;1.0000;0.0000;0.0000;0.0000;0.0000
638;473.43;779.3500;36246.1500;25350.2500;24570.9000;69.2786;0.1594;0.0000;-779.3500;0.0000;6.8165;0.0000;-779.3500;0.0000;6.8165;1.0000;0.0000;0.0000;0.0000;0.0000
639;473.78;789.4500;37886.2000;27043.1000;26253.6500;70.7708;0.1501;0.0000;-789.4500;0.0000;6.8165;0.0000;-789.4500;0.0000;6.8165;1.0000;0.0000;0.0000;0.0000;0.0000
640;474.13;785.9000;36619.0500;26536.8500;25750.9500;71.8635;0.1435;0.0000;-785.9000;0.0000;6.8165;0.0000;-785.9000;0.0000;6.8165;1.0000;0.0000;0.0000;0.0000;0.0000
641;474.48;792.7500;35499.2000;25917.1000;25124.3500;72.3910;0.1403;0.0000;-792.7500;0.0000;6.8165;0.0000;-792.7500;0.0000;6.8165;1.0000;0.0000;0.0000;0.0000;0.0000
642;474.83;784.7500;32801.7500;24055.4000;23270.6500;72.6822;0.1386;0.0000;-784.7500;0.0000;6.8165;0.0000;-784.7500;0.0000;6.8165;1.0000;0.0000;0.0000;0.0000;0.0000
643;475.18;786.8000;32349.0500;24026.2000;23239.4000;73.6304;0.1329;0.0000;-786.8000;0.0000;6.8165;0.0000;-786.8000;0.0000;6.8165;1.0000;0.0000;0.0000;0.0000;0.0000
644;475.52;782.5500;31983.4500;23743.7000;22961.1500;73.5913;0.1332;0.0000;-782.5500;0.0000;6.8165;0.0000;-782.5500;0.0000;6.8165;1.0000;0.0000;0.0000;0.0000;0.0000
645;475.87;793.9000;32007.8000;23708.2500;22914.3500;73.4107;0.1342;0.0000;-793.9000;0.0000;6.8165;0.0000;-793.9000;0.0000;6.8165;1.0000;0.0000;0.0000;0.0000;0.0000
646;476.22;798.7500;31846.6500;23585.6000;22786.8500;73.3926;0.1343;0.0000;-798.7500;0.0000;6.8165;0.0000;-798.7500;0.0000;6.8165;1.0000;0.0000;0.0000;0.0000;0.0000
647;476.57;781.3000;31570.7500;23431.1500;22649.8500;73.5637;0.1333;0.0000;-781.3000;0.0000;6.8165;0.0000;-781.3000;0.0000;6.8165;1.0000;0.0000;0.0000;0.0000;0.0000
648;476.92;781.9500;31101.9500;22872.2500;22090.3000;72.8572;0.1375;0.0000;-781.9500;0.0000;6.8165;0.0000;-781.9500;0.0000;6.8165;1.0000;0.0000;0.0000;0.0000;0.0000
649;477.27;794.9500;31403.5500;22797.1000;22002.1500;71.8822;0.1434;0.0000;-794.9500;0.0000;6.8165;0.0000;-794.9500;0.0000;6.8165;1.0000;0.0000;0.0000;0.0000;0.0000
650;477.62;785.9000;32125.2000;23095.0500;22309.1500;71.1859;0.1476;0.0000;-785.9000;0.0000;6.8165;0.0000;-785.9000;0.0000;6.8165;1.0000;0.0000;0.0000;0.0000;0.0000
651;477.96;803.0500;31679.8000;22650.3500;21847.3000;70.7565;0.1502;0.0000;-803.0500;0.0000;6.8165;0.0000;-803.0500;0.0000;6.8165;1.0000;0.0000;0.0000;0.0000;0.0000
652;478.31;791.1500;32004.3500;22411.2000;21620.0500;69.2657;0.1595;0.0000;-791.1500;0.0000;6.8165;0.0000;-791.1500;0.0000;6.8165;1.0000;0.0000;0.0000;0.0000;0.0000
653;478.66;784.2000;32535.4500;22544.6500;21760.4500;68.5342;0.1641;0.0000;-784.2000;0.0000;6.8165;0.0000;-784.2000;0.0000;6.8165;1.0000;0.0000;0.0000;0.0000;0.0000
654;479.01;786.9500;33162.7500;22786.4500;21999.5000;67.9504;0.1678;0.0000;-786.9500;0.0000;6.8165;0.0000;-786.9500;0.0000;6.8165;1.0000;0.0000;0.0000;0.0000;0.0000
655;479.36;768.5500;33024.4500;22662.8500;21894.3000;67.8769;0.1683;0.0000;-768.5500;0.0000;6.8165;0.0000;-768.5500;0.0000;6.8165;1.0000;0.0000;0.0000;0.0000;0.0000
656;479.70;782.1000;33319.8000;22796.1000;22014.0000;67.6569;0.1697;0.0000;-782.1000;0.0000;6.8165;0.0000;-782.1000;0.0000;6.8165;1.0000;0.0000;0.0000;0.0000;0.0000
657;480.05;780.1500;33758.1500;22958.6500;22178.5000;67.2524;0.1723;0.0000;-780.1500;0.0000;6.8165;0.0000;-780.1500;0.0000;6.8165;1.0000;0.0000;0.0000;0.0000;0.0000
658;480.40;790.9000;34953.1000;23631.7500;22840.8500;66.8600;0.1748;0.0000;-790.9000;0.0000;6.8165;0.0000;-790.9000;0.0000;6.8165;1.0000;0.0000;0.0000;0.0000;0.0000
659;480.75;794.0500;35642.2000;24133.7000;23339.6500;66.9753;0.1741;0.0000;-794.0500;0.0000;6.8165;0.0000;-794.0500;0.0000;6.8165;1.0000;0.0000;0.0000;0.0000;0.0000
660;481.09;784.6500;36707.8000;24652.7000;23868.0500;66.4420;0.1776;0.0000;-784.6500;0.0000;6.8165;0.0000;-784.6500;0.0000;6.8165;1.0000;0.0000;0.0000;0.0000;0.0000
661;481.44;790.1000;37086.7500;24720.8500;23930.7500;65.9310;0.1809;0.0000;-790.1000;0.0000;6.8165;0.0000;-790.1000;0.0000;6.8165;1.0000;0.0000;0.0000;0.0000;0.0000
662;481.79;769.1000;37600.4500;25134.3500;24365.2500;66.1536;0.1794;0.0000;-769.1000;0.0000;6.8165;0.0000;-769.1000;0.0000;6.8165;1.0000;0.0000;0.0000;0.0000;0.0000
663;482.14;796.6000;38088.2000;25498.2500;24701.6500;66.2392;0.1789;0.0000;-796.6000;0.0000;6.8165;0.0000;-796.6000;0.0000;6.8165;1.0000;0.0000;0.0000;0.0000;0.0000
664;482.48;789.6500;38488.0000;25808.9000;25019.2500;66.3670;0.1780;0.0000;-789.6500;0.0000;6.8165;0.0000;-789.6500;0.0000;6.8165;1.0000;0.0000;0.0000;0.0000;0.0000
665;482.83;777.7000;38457.3500;25863.6500;25085.9500;66.5769;0.1767;0.0000;-777.7000;0.0000;6.8165;0.0000;-777.7000;0.0000;6.8165;1.0000;0.0000;0.0000;0.0000;0.0000
666;483.18;771.9000;38747.0000;25881.2000;25109.3000;66.1204;0.1797;0.0000;-771.9000;0.0000;6.8165;0.0000;-771.9000;0.0000;6.8165;1.0000;0.0000;0.0000;0.0000;0.0000
667;483.52;796.1000;39450.4500;26347.5000;25551.4000;66.1023;0.1798;0.0000;-796.1000;0.0000;6.8165;0.0000;-796.1000;0.0000;6.8165;1.0000;0.0000;0.0000;0.0000;0.0000
668;483.87;773.4500;39274.9500;26386.3500;25612.9000;66.5244;0.1770;0.0000;-773.4500;0.0000;6.8165;0.0000;-773.4500;0.0000;6.8165;1.0000;0.0000;0.0000;0.0000;0.0000
669;484.22;783.4500;39356.0500;26288.5000;25505.0500;66.1222;0.1797;0.0000;-783.4500;0.0000;6.8165;0.0000;-783.4500;0.0000;6.8165;1.0000;0.0000;0.0000;0.0000;0.0000
670;484.56;789.9500;39532.5500;26294.1000;25504.1500;65.8297;0.1816;0.0000;-789.9500;0.0000;6.8165;0.0000;-789.9500;0.0000;6.8165;1.0000;0.0000;0.0000;0.0000;0.0000
671;484.91;783.3000;39500.5500;26064.6500;25281.3500;65.2974;0.1851;0.0000;-783.3000;0.0000;6.8165;0.0000;-783.3000;0.0000;6.8165;1.0000;0.0000;0.0000;0.0000;0.0000
672;485.26;790.0500;39397.6500;25639.2500;24849.2000;64.3635;0.1914;0.0000;-790.0500;0.0000;6.8165;0.0000;-790.0500;0.0000;6.8165;1.0000;0.0000;0.0000;0.0000;0.0000
673;485.60;785.5000;38785.4500;25182.5500;24397.0500;64.2028;0.1924;0.0000;-785.5000;0.0000;6.8165;0.0000;-785.5000;0.0000;6.8165;1.0000;0.0000;0.0000;0.0000;0.0000
674;485.95;790.5000;38473.9000;24768.2000;23977.7000;63.6293;0.1963;0.0000;-790.5000;0.0000;6.8165;0.0000;-790.5000;0.0000;6.8165;1.0000;0.0000;0.0000;0.0000;0.0000
675;486.30;792.7500;38236.7000;24475.2500;23682.5000;63.2479;0.1990;0.0000;-792.7500;0.0000;6.8165;0.0000;-792.7500;0.0000;6.8165;1.0000;0.0000;0.0000;0.0000;0.0000
676;486.64;785.8500;38527.6500;24362.4500;23576.6000;62.4681;0.2043;0.0000;-785.8500;0.0000;6.8165;0.0000;-785.8500;0.0000;6.8165;1.0000;0.0000;0.0000;0.0000;0.0000
677;486.99;788.1500;38367.9500;23845.3000;23057.1500;61.3552;0.2121;0.0000;-788.1500;0.0000;6.8165;0.0000;-788.1500;0.0000;6.8165;1.0000;0.0000;0.0000;0.0000;0.0000
678;487.33;797.8500;38603.0000;23550.4500;22752.6000;60.1839;0.2205;0.0000;-797.8500;0.0000;6.8165;0.0000;-797.8500;0.0000;6.8165;1.0000;0.0000;0.0000;0.0000;0.0000
679;487.68;785.4500;38439.7000;23110.3500;22324.9000;59.2892;0.2270;0.0000;-785.4500;0.0000;6.8165;0.0000;-785.4500;0.0000;6.8165;1.0000;0.0000;0.0000;0.0000;0.0000
680;488.02;804.6500;38962.6500;22820.6500;22016.0000;57.6969;0.2388;0.0000;-804.6500;0.0000;6.8165;0.0000;-804.6500;0.0000;6.8165;1.0000;0.0000;0.0000;0.0000;0.0000
681;488.37;791.1500;39147.5000;22405.8000;21614.6500;56.3522;0.2491;0.0000;-791.1500;0.0000;6.8165;0.0000;-791.1500;0.0000;6.8165;1.0000;0.0000;0.0000;0.0000;0.0000
682;488.72;794.6500;39566.9000;22140.4000;21345.7500;55.0542;0.2592;0.0000;-794.6500;0.0000;6.8165;0.0000;-794.6500;0.0000;6.8165;1.0000;0.0000;0.0000;0.0000;0.0000
683;489.06;798.0500;39279.3000;21567.7000;20769.6500;53.9734;0.2678;0.0000;-798.0500;0.0000;6.8165;0.0000;-798.0500;0.0000;6.8165;1.0000;0.0000;0.0000;0.0000;0.0000
684;489.41;784.2000;39448.5500;21274.3000;20490.1000;52.9948;0.2758;0.0000;-784.2000;0.0000;6.8165;0.0000;-784.2000;0.0000;6.8165;1.0000;0.0000;0.0000;0.0000;0.0000
685;489.75;793.3500;39411.1000;20944.7500;20151.4000;52.1817;0.2825;0.0000;-793.3500;0.0000;6.8165;0.0000;-793.3500;0.0000;6.8165;1.0000;0.0000;0.0000;0.0000;0.0000
686;490.10;790.9500;39512.9500;20711.7000;19920.7500;51.4456;0.2887;0.0000;-790.9500;0.0000;6.8165;0.0000;-790.9500;0.0000;6.8165;1.0000;0.0000;0.0000;0.0000;0.0000
687;490.44;784.4000;39863.1500;20643.3000;19858.9000;50.8176;0.2940;0.0000;-784.4000;0.0000;6.8165;0.0000;-784.4000;0.0000;6.8165;1.0000;0.0000;0.0000;0.0000;0.0000
688;490.79;790.4500;40515.7500;20913.4500;20123.0000;50.6554;0.2954;0.0000;-790.4500;0.0000;6.8165;0.0000;-790.4500;0.0000;6.8165;1.0000;0.0000;0.0000;0.0000;0.0000
689;491.13;794.7500;40434.5000;20944.5500;20149.8000;50.8323;0.2939;0.0000;-794.7500;0.0000;6.8165;0.0000;-794.7500;0.0000;6.8165;1.0000;0.0000;0.0000;0.0000;0.0000
690;491.48;775.9500;41256.9500;21788.3000;21012.3500;51.9067;0.2848;0.0000;-775.9500;0.0000;6.8165;0.0000;-775.9500;0.0000;6.8165;1.0000;0.0000;0.0000;0.0000;0.0000
691;491.82;780.2500;42780.4000;23022.0500;22241.8000;52.9565;0.2761;0.0000;-780.2500;0.0000;6.8165;0.0000;-780.2500;0.0000;6.8165;1.0000;0.0000;0.0000;0.0000;0.0000
692;492.16;787.9500;44018.2000;24374.0500;23586.1000;54.5592;0.2631;0.0000;-787.9500;0.0000;6.8165;0.0000;-787.9500;0.0000;6.8165;1.0000;0.0000;0.0000;0.0000;0.0000
693;492.51;781.2500;44460.6500;25027.2000;24245.9500;55.5089;0.2556;0.0000;-781.2500;0.0000;6.8165;0.0000;-781.2500;0.0000;6.8165;1.0000;0.0000;0.0000;0.0000;0.0000
694;492.85;781.5000;44293.3500;25156.6000;24375.1000;56.0195;0.2517;0.0000;-781.5000;0.0000;6.8165;0.0000;-781.5000;0.0000;6.8165;1.0000;0.0000;0.0000;0.0000;0.0000
695;493.20;777.0500;43898.2500;24181.9500;23404.9000;54.2770;0.2654;0.0000;-777.0500;0.0000;6.8165;0.0000;-777.0500;0.0000;6.8165;1.0000;0.0000;0.0000;0.0000;0.0000
696;493.54;782.0500;44383.3500;22327.1500;21545.1000;49.4139;0.3062;0.0000;-782.0500;0.0000;6.8165;0.0000;-782.0500;0.0000;6.8165;1.0000;0.0000;0.0000;0.0000;0.0000
697;493.89;776.0000;43851.8000;18770.3000;17994.3000;41.7736;0.3791;0.0000;-776.0000;0.0000;6.8165;0.0000;-776.0000;0.0000;6.8165;1.0000;0.0000;0.0000;0.0000;0.0000
698;494.23;784.9000;43494.1000;14824.1000;14039.2000;32.8716;0.4832;0.0000;-784.9000;0.0000;6.8165;0.0000;-784.9000;0.0000;6.8165;1.0000;0.0000;0.0000;0.0000;0.0000
699;494.57;801.2000;42652.9000;10855.3000;10054.1000;24.0232;0.6194;0.0000;-801.2000;0.0000;6.8165;0.0000;-801.2000;0.0000;6.8165;1.0000;0.0000;0.0000;0.0000;0.0000
700;494.92;802.9500;43168.0000;7866.2500;7063.3000;16.6725;0.7780;0.0000;-802.9500;0.0000;6.8165;0.0000;-802.9500;0.0000;6.8165;1.0000;0.0000;0.0000;0.0000;0.0000
701;495.26;784.1000;42649.7000;5540.5000;4756.4000;11.3611;0.9446;0.0000;-784.1000;0.0000;6.8165;0.0000;-784.1000;0.0000;6.8165;1.0000;0.0000;0.0000;0.0000;0.0000
702;495.60;785.2000;42068.2000;3930.2000;3145.0000;7.6181;1.1182;0.0000;-785.2000;0.0000;6.8165;0.0000;-785.2000;0.0000;6.8165;1.0000;0.0000;0.0000;0.0000;0.0000
703;495.95;798.8000;41949.3500;2913.0500;2114.2500;5.1378;1.2892;0.0000;-798.8000;0.0000;6.8165;0.0000;-798.8000;0.0000;6.8165;1.0000;0.0000;0.0000;0.0000;0.0000
704;496.29;795.9000;41880.7000;2308.4000;1512.5000;3.6814;1.4340;0.0000;-795.9000;0.0000;6.8165;0.0000;-795.9000;0.0000;6.8165;1.0000;0.0000;0.0000;0.0000;0.0000
705;496.63;801.5500;41824.1000;1855.1000;1053.5500;2.5682;1.5904;0.0000;-801.5500;0.0000;6.8165;0.0000;-801.5500;0.0000;6.8165;1.0000;0.0000;0.0000;0.0000;0.0000
706;496.98;794.4000;41645.5500;1539.7500;745.3500;1.8246;1.7388;0.0000;-794.4000;0.0000;6.8165;0.0000;-794.4000;0.0000;6.8165;1.0000;0.0000;0.0000;0.0000;0.0000
707;497.32;797.8000;41862.1500;1339.3000;541.5000;1.3187;1.8799;0.0000;-797.8000;0.0000;6.8165;0.0000;-797.8000;0.0000;6.8165;1.0000;0.0000;0.0000;0.0000;0.0000
708;497.66;780.1000;41301.9000;1217.4500;437.3500;1.0793;1.9669;0.0000;-780.1000;0.0000;6.8165;0.0000;-780.1000;0.0000;6.8165;1.0000;0.0000;0.0000;0.0000;0.0000
709;498.01;793.5500;41088.3500;1118.9000;325.3500;0.8074;2.0929;0.0000;-793.5500;0.0000;6.8165;0.0000;-793.5500;0.0000;6.8165;1.0000;0.0000;0.0000;0.0000;0.0000
710;498.35;782.5500;41637.3500;1068.1500;285.6000;0.6991;2.1555;0.0000;-782.5500;0.0000;6.8165;0.0000;-782.5500;0.0000;6.8165;1.0000;0.0000;0.0000;0.0000;0.0000
711;498.69;795.4000;41575.8000;1029.2500;233.8500;0.5734;2.2415;0.0000;-795.4000;0.0000;6.8165;0.0000;-795.4000;0.0000;6.8165;1.0000;0.0000;0.0000;0.0000;0.0000
712;499.03;794.3000;41389.8000;999.9000;205.6000;0.5065;2.2955;0.0000;-794.3000;0.0000;6.8165;0.0000;-794.3000;0.0000;6.8165;1.0000;0.0000;0.0000;0.0000;0.0000
713;499.38;794.7000;41230.9000;985.1500;190.4500;0.4710;2.3270;0.0000;-794.7000;0.0000;6.8165;0.0000;-794.7000;0.0000;6.8165;1.0000;0.0000;0.0000;0.0000;0.0000
714;499.72;805.4000;41491.1000;964.5000;159.1000;0.3910;2.4078;0.0000;-805.4000;0.0000;6.8165;0.0000;-805.4000;0.0000;6.8165;1.0000;0.0000;0.0000;0.0000;0.0000
715;500.06;786.4000;41380.7500;949.3500;162.9500;0.4014;2.3964;0.0000;-786.4000;0.0000;6.8165;0.0000;-786.4000;0.0000;6.8165;1.0000;0.0000;0.0000;0.0000;0.0000
716;500.40;782.9500;41236.1500;946.5500;163.6000;0.4044;2.3932;0.0000;-782.9500;0.0000;6.8165;0.0000;-782.9500;0.0000;6.8165;1.0000;0.0000;0.0000;0.0000;0.0000
717;500.75;777.2500;41249.3000;944.2000;166.9500;0.4125;2.3846;0.0000;-777.2500;0.0000;6.8165;0.0000;-777.2500;0.0000;6.8165;1.0000;0.0000;0.0000;0.0000;0.0000
718;501.09;806.3000;41126.2000;932.5500;126.2500;0.3131;2.5043;0.0000;-806.3000;0.0000;6.8165;0.0000;-806.3000;0.0000;6.8165;1.0000;0.0000;0.0000;0.0000;0.0000
719;501.43;777.7000;41078.5000;927.0000;149.3000;0.3705;2.4313;0.0000;-777.7000;0.0000;6.8165;0.0000;-777.7000;0.0000;6.8165;1.0000;0.0000;0.0000;0.0000;0.0000
720;501.77;786.9500;41269.9500;913.6000;126.6500;0.3128;2.5047;0.0000;-786.9500;0.0000;6.8165;0.0000;-786.9500;0.0000;6.8165;1.0000;0.0000;0.0000;0.0000;0.0000
721;502.11;800.8500;41448.3500;925.6500;124.8000;0.3070;2.5128;0.0000;-800.8500;0.0000;6.8165;0.0000;-800.8500;0.0000;6.8165;1.0000;0.0000;0.0000;0.0000;0.0000
722;502.46;782.5000;41511.1500;909.4500;126.9500;0.3117;2.5063;0.0000;-782.5000;0.0000;6.8165;0.0000;-782.5000;0.0000;6.8165;1.0000;0.0000;0.0000;0.0000;0.0000
723;502.80;788.0000;41294.5500;905.9500;117.9500;0.2912;2.5358;0.0000;-788.0000;0.0000;6.8165;0.0000;-788.0000;0.0000;6.8165;1.0000;0.0000;0.0000;0.0000;0.0000
724;503.14;776.4000;41388.6500;897.7500;121.3500;0.2988;2.5246;0.0000;-776.4000;0.0000;6.8165;0.0000;-776.4000;0.0000;6.8165;1.0000;0.0000;0.0000;0.0000;0.0000
725;503.48;774.4000;41717.7500;881.4500;107.0500;0.2615;2.5826;0.0000;-774.4000;0.0000;6.8165;0.0000;-774.4000;0.0000;6.8165;1.0000;0.0000;0.0000;0.0000;0.0000
726;503.82;788.7500;42019.4500;900.8500;112.1000;0.2719;2.5656;0.0000;-788.7500;0.0000;6.8165;0.0000;-788.7500;0.0000;6.8165;1.0000;0.0000;0.0000;0.0000;0.0000
727;504.16;781.3500;42147.0000;887.3000;105.9500;0.2561;2.5915;0.0000;-781.3500;0.0000;6.8165;0.0000;-781.3500;0.0000;6.8165;1.0000;0.0000;0.0000;0.0000;0.0000
728;504.50;801.1500;42280.6500;897.6000;96.4500;0.2325;2.6335;0.0000;-801.1500;0.0000;6.8165;0.0000;-801.1500;0.0000;6.8165;1.0000;0.0000;0.0000;0.0000;0.0000
729;504.84;788.1000;42475.8000;908.9500;120.8500;0.2899;2.5378;0.0000;-788.1000;0.0000;6.8165;0.0000;-788.1000;0.0000;6.8165;1.0000;0.0000;0.0000;0.0000;0.0000
730;505.19;786.9500;41678.0500;888.1500;101.2000;0.2475;2.6064;0.0000;-786.9500;0.0000;6.8165;0.0000;-786.9500;0.0000;6.8165;1.0000;0.0000;0.0000;0.0000;0.0000
731;505.53;791.6500;41121.0500;891.9500;100.3000;0.2487;2.6043;0.0000;-791.6500;0.0000;6.8165;0.0000;-791.6500;0.0000;6.8165;1.0000;0.0000;0.0000;0.0000;0.0000
732;505.87;784.7000;41707.2500;887.8500;103.1500;0.2521;2.5985;0.0000;-784.7000;0.0000;6.8165;0.0000;-784.7000;0.0000;6.8165;1.0000;0.0000;0.0000;0.0000;0.0000
733;506.21;791.7500;42060.4000;894.9000;103.1500;0.2499;2.6022;0.0000;-791.7500;0.0000;6.8165;0.0000;-791.7500;0.0000;6.8165;1.0000;0.0000;0.0000;0.0000;0.0000
734;506.55;802.9500;42073.4500;890.2500;87.3000;0.2115;2.6746;0.0000;-802.9500;0.0000;6.8165;0.0000;-802.9500;0.0000;6.8165;1.0000;0.0000;0.0000;0.0000;0.0000
735;506.89;807.2500;41981.2500;886.8500;79.6000;0.1933;2.7137;0.0000;-807.2500;0.0000;6.8165;0.0000;-807.2500;0.0000;6.8165;1.0000;0.0000;0.0000;0.0000;0.0000
736;507.23;792.7000;42080.0500;880.8500;88.1500;0.2135;2.6706;0.0000;-792.7000;0.0000;6.8165;0.0000;-792.7000;0.0000;6.8165;1.0000;0.0000;0.0000;0.0000;0.0000
737;507.57;778.0000;42342.9000;874.3000;96.3000;0.2317;2.6351;0.0000;-778.0000;0.0000;6.8165;0.0000;-778.0000;0.0000;6.8165;1.0000;0.0000;0.0000;0.0000;0.0000
738;507.91;788.3000;42532.5000;887.3500;99.0500;0.2373;2.6247;0.0000;-788.3000;0.0000;6.8165;0.0000;-788.3000;0.0000;6.8165;1.0000;0.0000;0.0000;0.0000;0.0000
739;508.25;781.5000;42778.8000;872.6500;91.1500;0.2170;2.6635;0.0000;-781.5000;0.0000;6.8165;0.0000;-781.5000;0.0000;6.8165;1.0000;0.0000;0.0000;0.0000;0.0000
740;508.59;796.4000;42696.1000;885.1000;88.7000;0.2117;2.6743;0.0000;-796.4000;0.0000;6.8165;0.0000;-796.4000;0.0000;6.8165;1.0000;0.0000;0.0000;0.0000;0.0000
741;508.93;794.0000;42611.6000;872.5500;78.5500;0.1878;2.7262;0.0000;-794.0000;0.0000;6.8165;0.0000;-794.0000;0.0000;6.8165;1.0000;0.0000;0.0000;0.0000;0.0000
742;509.27;791.9000;42149.6000;880.0500;88.1500;0.2131;2.6713;0.0000;-791.9000;0.0000;6.8165;0.0000;-791.9000;0.0000;6.8165;1.0000;0.0000;0.0000;0.0000;0.0000
743;509.61;779.8000;42160.2000;885.3000;105.5000;0.2550;2.5935;0.0000;-779.8000;0.0000;6.8165;0.0000;-779.8000;0.0000;6.8165;1.0000;0.0000;0.0000;0.0000;0.0000
744;509.95;799.3000;42701.1500;881.9500;82.6500;0.1972;2.7050;0.0000;-799.3000;0.0000;6.8165;0.0000;-799.3000;0.0000;6.8165;1.0000;0.0000;0.0000;0.0000;0.0000
745;510.29;793.6000;42866.4500;884.5000;90.9000;0.2161;2.6654;0.0000;-793.6000;0.0000;6.8165;0.0000;-793.6000;0.0000;6.8165;1.0000;0.0000;0.0000;0.0000;0.0000
746;510.63;782.2500;43015.2000;869.4000;87.1500;0.2064;2.6854;0.0000;-782.2500;0.0000;6.8165;0.0000;-782.2500;0.0000;6.8165;1.0000;0.0000;0.0000;0.0000;0.0000
747;510.97;780.6500;42633.2500;866.3000;85.6500;0.2046;2.6890;0.0000;-780.6500;0.0000;6.8165;0.0000;-780.6500;0.0000;6.8165;1.0000;0.0000;0.0000;0.0000;0.0000
748;511.31;800.3500;42211.3000;867.6500;67.3000;0.1625;2.7891;0.0000;-800.3500;0.0000;6.8165;0.0000;-800.3500;0.0000;6.8165;1.0000;0.0000;0.0000;0.0000;0.0000
749;511.65;801.6500;42336.6500;858.7500;57.1000;0.1375;2.8618;0.0000;-801.6500;0.0000;6.8165;0.0000;-801.6500;0.0000;6.8165;1.0000;0.0000;0.0000;0.0000;0.0000
750;511.98;790.8000;43001.9500;864.6500;73.8500;0.1750;2.7571;0.0000;-790.8000;0.0000;6.8165;0.0000;-790.8000;0.0000;6.8165;1.0000;0.0000;0.0000;0.0000;0.0000
751;512.32;796.8500;43212.2000;853.9500;57.1000;0.1346;2.8709;0.0000;-796.8500;0.0000;6.8165;0.0000;-796.8500;0.0000;6.8165;1.0000;0.0000;0.0000;0.0000;0.0000
752;512.66;796.6500;42746.3000;860.9000;64.2500;0.1532;2.8149;0.0000;-796.6500;0.0000;6.8165;0.0000;-796.6500;0.0000;6.8165;1.0000;0.0000;0.0000;0.0000;0.0000
753;513.00;786.0000;43046.1000;859.6500;73.6500;0.1743;2.7588;0.0000;-786.0000;0.0000;6.8165;0.0000;-786.0000;0.0000;6.8165;1.0000;0.0000;0.0000;0.0000;0.0000
754;513.34;783.1500;43830.8500;855.0000;71.8500;0.1669;2.7775;0.0000;-783.1500;0.0000;6.8165;0.0000;-783.1500;0.0000;6.8165;1.0000;0.0000;0.0000;0.0000;0.0000
755;513.68;792.8500;43841.6000;844.1000;51.2500;0.1191;2.9243;0.0000;-792.8500;0.0000;6.8165;0.0000;-792.8500;0.0000;6.8165;1.0000;0.0000;0.0000;0.0000;0.0000
756;514.02;810.6500;44187.7500;862.5500;51.9000;0.1196;2.9221;0.0000;-810.6500;0.0000;6.8165;0.0000;-810.6500;0.0000;6.8165;1.0000;0.0000;0.0000;0.0000;0.0000
757;514.36;790.9500;44093.3500;859.7000;68.7500;0.1588;2.7992;0.0000;-790.9500;0.0000;6.8165;0.0000;-790.9500;0.0000;6.8165;1.0000;0.0000;0.0000;0.0000;0.0000
758;514.69;791.4500;43836.0000;848.6500;57.2000;0.1329;2.8765;0.0000;-791.4500;0.0000;6.8165;0.0000;-791.4500;0.0000;6.8165;1.0000;0.0000;0.0000;0.0000;0.0000
759;515.03;781.5500;44084.6500;845.4000;63.8500;0.1474;2.8314;0.0000;-781.5500;0.0000;6.8165;0.0000;-781.5500;0.0000;6.8165;1.0000;0.0000;0.0000;0.0000;0.0000
760;515.37;789.6000;43786.2500;840.4000;50.8000;0.1181;2.9276;0.0000;-789.6000;0.0000;6.8165;0.0000;-789.6000;0.0000;6.8165;1.0000;0.0000;0.0000;0.0000;0.0000
761;515.71;783.6000;43748.9500;859.5500;75.9500;0.1768;2.7526;0.0000;-783.6000;0.0000;6.8165;0.0000;-783.6000;0.0000;6.8165;1.0000;0.0000;0.0000;0.0000;0.0000
762;516.05;792.6500;43820.3500;863.8500;71.2000;0.1655;2.7813;0.0000;-792.6500;0.0000;6.8165;0.0000;-792.6500;0.0000;6.8165;1.0000;0.0000;0.0000;0.0000;0.0000
763;516.38;778.7000;44500.9000;875.3000;96.6000;0.2209;2.6557;0.0000;-778.7000;0.0000;6.8165;0.0000;-778.7000;0.0000;6.8165;1.0000;0.0000;0.0000;0.0000;0.0000
764;516.72;796.8000;44680.6500;865.3500;68.5500;0.1562;2.8063;0.0000;-796.8000;0.0000;6.8165;0.0000;-796.8000;0.0000;6.8165;1.0000;0.0000;0.0000;0.0000;0.0000
765;517.06;792.0000;44356.3000;864.2000;72.2000;0.1657;2.7806;0.0000;-792.0000;0.0000;6.8165;0.0000;-792.0000;0.0000;6.8165;1.0000;0.0000;0.0000;0.0000;0.0000
766;517.40;793.7000;44207.3500;856.7500;63.0500;0.1452;2.8379;0.0000;-793.7000;0.0000;6.8165;0.0000;-793.7000;0.0000;6.8165;1.0000;0.0000;0.0000;0.0000;0.0000
767;517.73;806.8000;44689.1500;861.2000;54.4000;0.1240;2.9067;0.0000;-806.8000;0.0000;6.8165;0.0000;-806.8000;0.0000;6.8165;1.0000;0.0000;0.0000;0.0000;0.0000
768;518.07;780.2000;44563.4000;871.8000;91.6000;0.2092;2.6794;0.0000;-780.2000;0.0000;6.8165;0.0000;-780.2000;0.0000;6.8165;1.0000;0.0000;0.0000;0.0000;0.0000
769;518.41;793.7500;44873.6500;859.3000;65.5500;0.1487;2.8277;0.0000;-793.7500;0.0000;6.8165;0.0000;-793.7500;0.0000;6.8165;1.0000;0.0000;0.0000;0.0000;0.0000
770;518.75;792.6500;45118.6000;849.1000;56.4500;0.1274;2.8950;0.0000;-792.6500;0.0000;6.8165;0.0000;-792.6500;0.0000;6.8165;1.0000;0.0000;0.0000;0.0000;0.0000
771;519.08;800.2000;45128.6500;851.0500;50.8500;0.1147;2.9404;0.0000;-800.2000;0.0000;6.8165;0.0000;-800.2000;0.0000;6.8165;1.0000;0.0000;0.0000;0.0000;0.0000
772;519.42;796.0000;44968.6000;860.3500;64.3500;0.1457;2.8366;0.0000;-796.0000;0.0000;6.8165;0.0000;-796.0000;0.0000;6.8165;1.0000;0.0000;0.0000;0.0000;0.0000
773;519.76;800.2500;45280.9000;855.8000;55.5500;0.1249;2.9035;0.0000;-800.2500;0.0000;6.8165;0.0000;-800.2500;0.0000;6.8165;1.0000;0.0000;0.0000;0.0000;0.0000
774;520.09;783.3000;45463.4500;848.4500;65.1500;0.1458;2.8362;0.0000;-783.3000;0.0000;6.8165;0.0000;-783.3000;0.0000;6.8165;1.0000;0.0000;0.0000;0.0000;0.0000
775;520.43;789.6000;45232.9000;858.0000;68.4000;0.1539;2.8128;0.0000;-789.6000;0.0000;6.8165;0.0000;-789.6000;0.0000;6.8165;1.0000;0.0000;0.0000;0.0000;0.0000
776;520.77;772.9000;45064.7000;850.7500;77.8500;0.1758;2.7551;0.0000;-772.9000;0.0000;6.8165;0.0000;-772.9000;0.0000;6.8165;1.0000;0.0000;0.0000;0.0000;0.0000
777;521.10;781.1000;44715.9500;833.8000;52.7000;0.1200;2.9210;0.0000;-781.1000;0.0000;6.8165;0.0000;-781.1000;0.0000;6.8165;1.0000;0.0000;0.0000;0.0000;0.0000
778;521.44;795.5000;44687.0500;841.3000;45.8000;0.1043;2.9815;0.0000;-795.5000;0.0000;6.8165;0.0000;-795.5000;0.0000;6.8165;1.0000;0.0000;0.0000;0.0000;0.0000
779;521.78;787.2000;45343.5000;850.1500;62.9500;0.1413;2.8499;0.0000;-787.2000;0.0000;6.8165;0.0000;-787.2000;0.0000;6.8165;1.0000;0.0000;0.0000;0.0000;0.0000
780;522.11;778.3000;45772.5000;857.1000;78.8000;0.1751;2.7566;0.0000;-778.3000;0.0000;6.8165;0.0000;-778.3000;0.0000;6.8165;1.0000;0.0000;0.0000;0.0000;0.0000
781;522.45;786.3000;45900.6500;846.1500;59.8500;0.1327;2.8773;0.0000;-786.3000;0.0000;6.8165;0.0000;-786.3000;0.0000;6.8165;1.0000;0.0000;0.0000;0.0000;0.0000
782;522.78;792.7000;45133.9000;842.9000;50.2000;0.1132;2.9461;0.0000;-792.7000;0.0000;6.8165;0.0000;-792.7000;0.0000;6.8165;1.0000;0.0000;0.0000;0.0000;0.0000
783;523.12;790.7500;45047.4000;841.9000;51.1500;0.1156;2.9371;0.0000;-790.7500;0.0000;6.8165;0.0000;-790.7500;0.0000;6.8165;1.0000;0.0000;0.0000;0.0000;0.0000
784;523.46;789.3500;45752.4000;834.6000;45.2500;0.1006;2.9972;0.0000;-789.3500;0.0000;6.8165;0.0000;-789.3500;0.0000;6.8165;1.0000;0.0000;0.0000;0.0000;0.0000
785;523.79;791.0500;45894.8500;845.7500;54.7000;0.1213;2.9162;0.0000;-791.0500;0.0000;6.8165;0.0000;-791.0500;0.0000;6.8165;1.0000;0.0000;0.0000;0.0000;0.0000
786;524.13;787.3000;45891.9500;830.1500;42.8500;0.0950;3.0223;0.0000;-787.3000;0.0000;6.8165;0.0000;-787.3000;0.0000;6.8165;1.0000;0.0000;0.0000;0.0000;0.0000
787;524.46;791.5000;45589.3500;832.6500;41.1500;0.0919;3.0369;0.0000;-791.5000;0.0000;6.8165;0.0000;-791.5000;0.0000;6.8165;1.0000;0.0000;0.0000;0.0000;0.0000
788;524.80;792.0000;45018.3000;829.8000;37.8000;0.0855;3.0682;0.0000;-792.0000;0.0000;6.8165;0.0000;-792.0000;0.0000;6.8165;1.0000;0.0000;0.0000;0.0000;0.0000
789;525.13;792.9000;45364.4000;833.1500;40.2500;0.0903;3.0443;0.0000;-792.9000;0.0000;6.8165;0.0000;-792.9000;0.0000;6.8165;1.0000;0.0000;0.0000;0.0000;0.0000
790;525.47;803.4000;46657.8500;844.9500;41.5500;0.0906;3.0428;0.0000;-803.4000;0.0000;6.8165;0.0000;-803.4000;0.0000;6.8165;1.0000;0.0000;0.0000;0.0000;0.0000
791;525.80;791.7500;47038.8500;842.9000;51.1500;0.1106;2.9562;0.0000;-791.7500;0.0000;6.8165;0.0000;-791.7500;0.0000;6.8165;1.0000;0.0000;0.0000;0.0000;0.0000
792;526.14;780.7000;46611.0000;852.4000;71.7000;0.1564;2.8056;0.0000;-780.7000;0.0000;6.8165;0.0000;-780.7000;0.0000;6.8165;1.0000;0.0000;0.0000;0.0000;0.0000
793;526.47;793.3500;46258.3000;815.2000;21.8500;0.0481;3.3182;0.0000;-793.3500;0.0000;6.8165;0.0000;-793.3500;0.0000;6.8165;1.0000;0.0000;0.0000;0.0000;0.0000
794;526.81;793.7500;45705.0000;829.7500;36.0000;0.0802;3.0961;0.0000;-793.7500;0.0000;6.8165;0.0000;-793.7500;0.0000;6.8165;1.0000;0.0000;0.0000;0.0000;0.0000
795;527.14;786.8000;46397.5500;846.5500;59.7500;0.1310;2.8827;0.0000;-786.8000;0.0000;6.8165;0.0000;-786.8000;0.0000;6.8165;1.0000;0.0000;0.0000;0.0000;0.0000
796;527.48;780.8000;46870.1000;834.6500;53.8500;0.1168;2.9324;0.0000;-780.8000;0.0000;6.8165;0.0000;-780.8000;0.0000;6.8165;1.0000;0.0000;0.0000;0.0000;0.0000
797;527.81;802.0000;47069.9000;859.4000;57.4000;0.1241;2.9064;0.0000;-802.0000;0.0000;6.8165;0.0000;-802.0000;0.0000;6.8165;1.0000;0.0000;0.0000;0.0000;0.0000
798;528.15;792.1500;46396.7500;835.7500;43.6000;0.0956;3.0195;0.0000;-792.1500;0.0000;6.8165;0.0000;-792.1500;0.0000;6.8165;1.0000;0.0000;0.0000;0.0000;0.0000
799;528.48;801.5500;46126.2500;840.2000;38.6500;0.0853;3.0692;0.0000;-801.5500;0.0000;6.8165;0.0000;-801.5500;0.0000;6.8165;1.0000;0.0000;0.0000;0.0000;0.0000
800;528.82;790.1500;46150.0500;846.7500;56.6000;0.1248;2.9039;0.0000;-790.1500;0.0000;6.8165;0.0000;-790.1500;0.0000;6.8165;1.0000;0.0000;0.0000;0.0000;0.0000
801;529.15;786.2000;47053.1000;844.3000;58.1000;0.1256;2.9011;0.0000;-786.2000;0.0000;6.8165;0.0000;-786.2000;0.0000;6.8165;1.0000;0.0000;0.0000;0.0000;0.0000
802;529.49;785.0000;47413.9000;840.7000;55.7000;0.1195;2.9228;0.0000;-785.0000;0.0000;6.8165;0.0000;-785.0000;0.0000;6.8165;1.0000;0.0000;0.0000;0.0000;0.0000
803;529.82;797.4000;47088.1000;847.9500;50.5500;0.1092;2.9618;0.0000;-797.4000;0.0000;6.8165;0.0000;-797.4000;0.0000;6.8165;1.0000;0.0000;0.0000;0.0000;0.0000
804;530.15;800.0500;46494.8000;839.6000;39.5500;0.0866;3.0627;0.0000;-800.0500;0.0000;6.8165;0.0000;-800.0500;0.0000;6.8165;1.0000;0.0000;0.0000;0.0000;0.0000
805;530.49;778.2000;46371.4000;837.8000;59.6000;0.1307;2.8837;0.0000;-778.2000;0.0000;6.8165;0.0000;-778.2000;0.0000;6.8165;1.0000;0.0000;0.0000;0.0000;0.0000
806;530.82;787.9500;46458.1500;827.2000;39.2500;0.0859;3.0658;0.0000;-787.9500;0.0000;6.8165;0.0000;-787.9500;0.0000;6.8165;1.0000;0.0000;0.0000;0.0000;0.0000
807;531.16;795.0500;46274.2000;823.8000;28.7500;0.0632;3.1992;0.0000;-795.0500;0.0000;6.8165;0.0000;-795.0500;0.0000;6.8165;1.0000;0.0000;0.0000;0.0000;0.0000
808;531.49;790.2000;46835.0500;830.3500;40.1500;0.0872;3.0595;0.0000;-790.2000;0.0000;6.8165;0.0000;-790.2000;0.0000;6.8165;1.0000;0.0000;0.0000;0.0000;0.0000
809;531.82;795.8500;47010.1500;831.8500;36.0000;0.0779;3.1085;0.0000;-795.8500;0.0000;6.8165;0.0000;-795.8500;0.0000;6.8165;1.0000;0.0000;0.0000;0.0000;0.0000
810;532.16;791.9000;46406.4000;826.6500;34.7500;0.0762;3.1181;0.0000;-791.9000;0.0000;6.8165;0.0000;-791.9000;0.0000;6.8165;1.0000;0.0000;0.0000;0.0000;0.0000
811;532.49;779.5500;45936.2500;826.7500;47.2000;0.1045;2.9808;0.0000;-779.5500;0.0000;6.8165;0.0000;-779.5500;0.0000;6.8165;1.0000;0.0000;0.0000;0.0000;0.0000
812;532.82;791.2000;46490.2500;831.4500;40.2500;0.0881;3.0551;0.0000;-791.2000;0.0000;6.8165;0.0000;-791.2000;0.0000;6.8165;1.0000;0.0000;0.0000;0.0000;0.0000
813;533.16;780.9000;46345.0500;833.7000;52.8000;0.1159;2.9360;0.0000;-780.9000;0.0000;6.8165;0.0000;-780.9000;0.0000;6.8165;1.0000;0.0000;0.0000;0.0000;0.0000
814;533.49;799.5000;45838.4500;833.9500;34.4500;0.0765;3.1164;0.0000;-799.5000;0.0000;6.8165;0.0000;-799.5000;0.0000;6.8165;1.0000;0.0000;0.0000;0.0000;0.0000
815;533.82;788.2500;46066.0000;830.6000;42.3500;0.0935;3.0290;0.0000;-788.2500;0.0000;6.8165;0.0000;-788.2500;0.0000;6.8165;1.0000;0.0000;0.0000;0.0000;0.0000
816;534.15;802.4000;45880.6500;825.6500;23.2500;0.0516;3.2875;0.0000;-802.4000;0.0000;6.8165;0.0000;-802.4000;0.0000;6.8165;1.0000;0.0000;0.0000;0.0000;0.0000
817;534.49;786.8500;45588.9500;830.0500;43.2000;0.0964;3.0158;0.0000;-786.8500;0.0000;6.8165;0.0000;-786.8500;0.0000;6.8165;1.0000;0.0000;0.0000;0.0000;0.0000
818;534.82;796.5500;46052.8000;824.3000;27.7500;0.0613;3.2124;0.0000;-796.5500;0.0000;6.8165;0.0000;-796.5500;0.0000;6.8165;1.0000;0.0000;0.0000;0.0000;0.0000
819;535.15;795.5500;46145.3500;829.8000;34.2500;0.0755;3.1219;0.0000;-795.5500;0.0000;6.8165;0.0000;-795.5500;0.0000;6.8165;1.0000;0.0000;0.0000;0.0000;0.0000
820;535.48;792.1500;45664.2000;831.9500;39.8000;0.0887;3.0521;0.0000;-792.1500;0.0000;6.8165;0.0000;-792.1500;0.0000;6.8165;1.0000;0.0000;0.0000;0.0000;0.0000
821;535.82;788.5000;45754.2000;819.5000;31.0000;0.0689;3.1615;0.0000;-788.5000;0.0000;6.8165;0.0000;-788.5000;0.0000;6.8165;1.0000;0.0000;0.0000;0.0000;0.0000
822;536.15;781.7000;46028.2000;820.8000;39.1000;0.0864;3.0634;0.0000;-781.7000;0.0000;6.8165;0.0000;-781.7000;0.0000;6.8165;1.0000;0.0000;0.0000;0.0000;0.0000
823;536.48;787.0500;46103.5500;834.0000;46.9500;0.1036;2.9846;0.0000;-787.0500;0.0000;6.8165;0.0000;-787.0500;0.0000;6.8165;1.0000;0.0000;0.0000;0.0000;0.0000
824;536.81;801.0000;46057.4500;827.9500;26.9500;0.0595;3.2251;0.0000;-801.0000;0.0000;6.8165;0.0000;-801.0000;0.0000;6.8165;1.0000;0.0000;0.0000;0.0000;0.0000
825;537.15;791.8000;45913.8000;825.1500;33.3500;0.0739;3.1313;0.0000;-791.8000;0.0000;6.8165;0.0000;-791.8000;0.0000;6.8165;1.0000;0.0000;0.0000;0.0000;0.0000
826;537.48;783.5500;46250.1000;828.3000;44.7500;0.0984;3.0069;0.0000;-783.5500;0.0000;6.8165;0.0000;-783.5500;0.0000;6.8165;1.0000;0.0000;0.0000;0.0000;0.0000
827;537.81;799.8000;46503.9500;821.0500;21.2500;0.0465;3.3326;0.0000;-799.8000;0.0000;6.8165;0.0000;-799.8000;0.0000;6.8165;1.0000;0.0000;0.0000;0.0000;0.0000
828;538.14;794.2000;45819.2000;819.0000;24.8000;0.0551;3.2590;0.0000;-794.2000;0.0000;6.8165;0.0000;-794.2000;0.0000;6.8165;1.0000;0.0000;0.0000;0.0000;0.0000
829;538.47;789.0000;45998.9500;822.9500;33.9500;0.0751;3.1244;0.0000;-789.0000;0.0000;6.8165;0.0000;-789.0000;0.0000;6.8165;1.0000;0.0000;0.0000;0.0000;0.0000
830;538.80;792.0000;46057.1500;821.3500;29.3500;0.0648;3.1882;0.0000;-792.0000;0.0000;6.8165;0.0000;-792.0000;0.0000;6.8165;1.0000;0.0000;0.0000;0.0000;0.0000
831;539.14;794.6500;46008.8000;826.7500;32.1000;0.0710;3.1488;0.0000;-794.6500;0.0000;6.8165;0.0000;-794.6500;0.0000;6.8165;1.0000;0.0000;0.0000;0.0000;0.0000
832;539.47;788.6500;46110.6500;841.1000;52.4500;0.1157;2.9366;0.0000;-788.6500;0.0000;6.8165;0.0000;-788.6500;0.0000;6.8165;1.0000;0.0000;0.0000;0.0000;0.0000
833;539.80;787.9500;46254.3500;835.1500;47.2000;0.1038;2.9837;0.0000;-787.9500;0.0000;6.8165;0.0000;-787.9500;0.0000;6.8165;1.0000;0.0000;0.0000;0.0000;0.0000
834;540.13;794.8500;46424.0500;828.6000;33.7500;0.0740;3.1310;0.0000;-794.8500;0.0000;6.8165;0.0000;-794.8500;0.0000;6.8165;1.0000;0.0000;0.0000;0.0000;0.0000
835;540.46;796.2000;46513.9500;822.4500;26.2500;0.0574;3.2410;0.0000;-796.2000;0.0000;6.8165;0.0000;-796.2000;0.0000;6.8165;1.0000;0.0000;0.0000;0.0000;0.0000
836;540.79;787.6500;46349.9000;841.1500;53.5000;0.1174;2.9303;0.0000;-787.6500;0.0000;6.8165;0.0000;-787.6500;0.0000;6.8165;1.0000;0.0000;0.0000;0.0000;0.0000
837;541.12;796.9500;46376.7500;822.0000;25.0500;0.0550;3.2600;0.0000;-796.9500;0.0000;6.8165;0.0000;-796.9500;0.0000;6.8165;1.0000;0.0000;0.0000;0.0000;0.0000
838;541.45;787.4000;46788.7500;840.6000;53.2000;0.1156;2.9369;0.0000;-787.4000;0.0000;6.8165;0.0000;-787.4000;0.0000;6.8165;1.0000;0.0000;0.0000;0.0000;0.0000
839;541.78;787.3500;47451.7500;826.5000;39.1500;0.0839;3.0763;0.0000;-787.3500;0.0000;6.8165;0.0000;-787.3500;0.0000;6.8165;1.0000;0.0000;0.0000;0.0000;0.0000
840;542.11;793.6000;47641.6000;827.2000;33.6000;0.0717;3.1444;0.0000;-793.6000;0.0000;6.8165;0.0000;-793.6000;0.0000;6.8165;1.0000;0.0000;0.0000;0.0000;0.0000
841;542.44;780.6500;47362.4000;820.1000;39.4500;0.0847;3.0722;0.0000;-780.6500;0.0000;6.8165;0.0000;-780.6500;0.0000;6.8165;1.0000;0.0000;0.0000;0.0000;0.0000
842;542.78;795.9500;47184.5500;823.2500;27.3000;0.0589;3.2302;0.0000;-795.9500;0.0000;6.8165;0.0000;-795.9500;0.0000;6.8165;1.0000;0.0000;0.0000;0.0000;0.0000
843;543.11;795.6500;47229.7500;810.8500;15.2000;0.0327;3.4850;0.0000;-795.6500;0.0000;6.8165;0.0000;-795.6500;0.0000;6.8165;1.0000;0.0000;0.0000;0.0000;0.0000
844;543.44;793.7500;47481.4500;839.2000;45.4500;0.0973;3.0117;0.0000;-793.7500;0.0000;6.8165;0.0000;-793.7500;0.0000;6.8165;1.0000;0.0000;0.0000;0.0000;0.0000
845;543.77;797.4500;48036.3500;815.7500;18.3000;0.0387;3.4118;0.0000;-797.4500;0.0000;6.8165;0.0000;-797.4500;0.0000;6.8165;1.0000;0.0000;0.0000;0.0000;0.0000
846;544.10;784.2500;48047.0000;825.8000;41.5500;0.0879;3.0559;0.0000;-784.2500;0.0000;6.8165;0.0000;-784.2500;0.0000;6.8165;1.0000;0.0000;0.0000;0.0000;0.0000
847;544.43;801.7500;48272.3000;835.7000;33.9500;0.0715;3.1456;0.0000;-801.7500;0.0000;6.8165;0.0000;-801.7500;0.0000;6.8165;1.0000;0.0000;0.0000;0.0000;0.0000
848;544.76;793.7000;48102.9500;818.2000;24.5000;0.0518;3.2858;0.0000;-793.7000;0.0000;6.8165;0.0000;-793.7000;0.0000;6.8165;1.0000;0.0000;0.0000;0.0000;0.0000
849;545.09;788.6000;47999.1500;830.0500;41.4500;0.0878;3.0565;0.0000;-788.6000;0.0000;6.8165;0.0000;-788.6000;0.0000;6.8165;1.0000;0.0000;0.0000;0.0000;0.0000
850;545.42;790.0500;47982.0000;845.8500;55.8000;0.1182;2.9272;0.0000;-790.0500;0.0000;6.8165;0.0000;-790.0500;0.0000;6.8165;1.0000;0.0000;0.0000;0.0000;0.0000
851;545.74;797.3500;48362.6000;826.4000;29.0500;0.0611;3.2141;0.0000;-797.3500;0.0000;6.8165;0.0000;-797.3500;0.0000;6.8165;1.0000;0.0000;0.0000;0.0000;0.0000
852;546.07;790.5500;48401.8000;827.3000;36.7500;0.0772;3.1125;0.0000;-790.5500;0.0000;6.8165;0.0000;-790.5500;0.0000;6.8165;1.0000;0.0000;0.0000;0.0000;0.0000
853;546.40;796.1500;48708.2500;831.0000;34.8500;0.0727;3.1382;0.0000;-796.1500;0.0000;6.8165;0.0000;-796.1500;0.0000;6.8165;1.0000;0.0000;0.0000;0.0000;0.0000
854;546.73;792.2500;48796.0500;828.4500;36.2000;0.0754;3.1226;0.0000;-792.2500;0.0000;6.8165;0.0000;-792.2500;0.0000;6.8165;1.0000;0.0000;0.0000;0.0000;0.0000
855;547.06;805.0500;48406.6500;818.5500;13.5000;0.0284;3.5473;0.0000;-805.0500;0.0000;6.8165;0.0000;-805.0500;0.0000;6.8165;1.0000;0.0000;0.0000;0.0000;0.0000
856;547.39;792.7500;48995.4000;837.2500;44.5000;0.0923;3.0347;0.0000;-792.7500;0.0000;6.8165;0.0000;-792.7500;0.0000;6.8165;1.0000;0.0000;0.0000;0.0000;0.0000
857;547.72;791.2000;49369.6500;819.9000;28.7000;0.0591;3.2286;0.0000;-791.2000;0.0000;6.8165;0.0000;-791.2000;0.0000;6.8165;1.0000;0.0000;0.0000;0.0000;0.0000
858;548.05;798.9500;49706.9500;826.0500;27.1000;0.0554;3.2564;0.0000;-798.9500;0.0000;6.8165;0.0000;-798.9500;0.0000;6.8165;1.0000;0.0000;0.0000;0.0000;0.0000
859;548.38;790.3500;49727.0500;821.0500;30.7000;0.0627;3.2025;0.0000;-790.3500;0.0000;6.8165;0.0000;-790.3500;0.0000;6.8165;1.0000;0.0000;0.0000;0.0000;0.0000
860;548.71;780.5500;50360.5000;833.1000;52.5500;0.1060;2.9747;0.0000;-780.5500;0.0000;6.8165;0.0000;-780.5500;0.0000;6.8165;1.0000;0.0000;0.0000;0.0000;0.0000
861;549.03;787.3500;50455.2000;836.8500;49.5000;0.0997;3.0015;0.0000;-787.3500;0.0000;6.8165;0.0000;-787.3500;0.0000;6.8165;1.0000;0.0000;0.0000;0.0000;0.0000
862;549.36;798.5500;50257.2500;824.2500;25.7000;0.0520;3.2843;0.0000;-798.5500;0.0000;6.8165;0.0000;-798.5500;0.0000;6.8165;1.0000;0.0000;0.0000;0.0000;0.0000
863;549.69;792.2500;50808.3000;821.6000;29.3500;0.0587;3.2315;0.0000;-792.2500;0.0000;6.8165;0.0000;-792.2500;0.0000;6.8165;1.0000;0.0000;0.0000;0.0000;0.0000
864;550.02;800.6500;50823.3500;822.6000;21.9500;0.0439;3.3577;0.0000;-800.6500;0.0000;6.8165;0.0000;-800.6500;0.0000;6.8165;1.0000;0.0000;0.0000;0.0000;0.0000
865;550.35;785.9000;50207.1000;815.2500;29.3500;0.0594;3.2263;0.0000;-785.9000;0.0000;6.8165;0.0000;-785.9000;0.0000;6.8165;1.0000;0.0000;0.0000;0.0000;0.0000
866;550.68;793.7000;50129.4000;818.0500;24.3500;0.0494;3.3067;0.0000;-793.7000;0.0000;6.8165;0.0000;-793.7000;0.0000;6.8165;1.0000;0.0000;0.0000;0.0000;0.0000
867;551.00;792.4500;50880.2000;835.3000;42.8500;0.0855;3.0678;0.0000;-792.4500;0.0000;6.8165;0.0000;-792.4500;0.0000;6.8165;1.0000;0.0000;0.0000;0.0000;0.0000
868;551.33;788.7000;51399.1500;826.4500;37.7500;0.0746;3.1273;0.0000;-788.7000;0.0000;6.8165;0.0000;-788.7000;0.0000;6.8165;1.0000;0.0000;0.0000;0.0000;0.0000
869;551.66;785.9000;51663.0500;832.2000;46.3000;0.0910;3.0409;0.0000;-785.9000;0.0000;6.8165;0.0000;-785.9000;0.0000;6.8165;1.0000;0.0000;0.0000;0.0000;0.0000
870;551.99;792.7500;51389.6000;827.2000;34.4500;0.0681;3.1669;0.0000;-792.7500;0.0000;6.8165;0.0000;-792.7500;0.0000;6.8165;1.0000;0.0000;0.0000;0.0000;0.0000
871;552.32;799.1000;51093.7000;839.5500;40.4500;0.0804;3.0946;0.0000;-799.1000;0.0000;6.8165;0.0000;-799.1000;0.0000;6.8165;1.0000;0.0000;0.0000;0.0000;0.0000
872;552.64;785.7500;51285.6000;824.7500;39.0000;0.0772;3.1122;0.0000;-785.7500;0.0000;6.8165;0.0000;-785.7500;0.0000;6.8165;1.0000;0.0000;0.0000;0.0000;0.0000
873;552.97;795.4000;51956.1000;811.7000;16.3000;0.0319;3.4967;0.0000;-795.4000;0.0000;6.8165;0.0000;-795.4000;0.0000;6.8165;1.0000;0.0000;0.0000;0.0000;0.0000
874;553.30;792.4000;52269.1000;818.2500;25.8500;0.0502;3.2992;0.0000;-792.4000;0.0000;6.8165;0.0000;-792.4000;0.0000;6.8165;1.0000;0.0000;0.0000;0.0000;0.0000
875;553.63;800.9500;52349.5500;827.7000;26.7500;0.0519;3.2849;0.0000;-800.9500;0.0000;6.8165;0.0000;-800.9500;0.0000;6.8165;1.0000;0.0000;0.0000;0.0000;0.0000
876;553.95;800.9500;51977.9500;811.9000;10.9500;0.0214;3.6697;0.0000;-800.9500;0.0000;6.8165;0.0000;-800.9500;0.0000;6.8165;1.0000;0.0000;0.0000;0.0000;0.0000
877;554.28;799.0500;51943.9000;832.3000;33.2500;0.0650;3.1870;0.0000;-799.0500;0.0000;6.8165;0.0000;-799.0500;0.0000;6.8165;1.0000;0.0000;0.0000;0.0000;0.0000
878;554.61;793.8500;52266.6500;819.3500;25.5000;0.0495;3.3050;0.0000;-793.8500;0.0000;6.8165;0.0000;-793.8500;0.0000;6.8165;1.0000;0.0000;0.0000;0.0000;0.0000
879;554.93;790.4500;52261.9500;823.2500;32.8000;0.0637;3.1957;0.0000;-790.4500;0.0000;6.8165;0.0000;-790.4500;0.0000;6.8165;1.0000;0.0000;0.0000;0.0000;0.0000
880;555.26;797.7500;52811.5500;826.2500;28.5000;0.0548;3.2613;0.0000;-797.7500;0.0000;6.8165;0.0000;-797.7500;0.0000;6.8165;1.0000;0.0000;0.0000;0.0000;0.0000
881;555.59;793.0000;53141.1500;813.7000;20.7000;0.0395;3.4029;0.0000;-793.0000;0.0000;6.8165;0.0000;-793.0000;0.0000;6.8165;1.0000;0.0000;0.0000;0.0000;0.0000
882;555.91;786.6000;53125.7500;825.8000;39.2000;0.0749;3.1255;0.0000;-786.6000;0.0000;6.8165;0.0000;-786.6000;0.0000;6.8165;1.0000;0.0000;0.0000;0.0000;0.0000
883;556.24;780.7500;53068.0000;809.8000;29.0500;0.0556;3.2552;0.0000;-780.7500;0.0000;6.8165;0.0000;-780.7500;0.0000;6.8165;1.0000;0.0000;0.0000;0.0000;0.0000
884;556.57;799.6500;53258.7000;827.4500;27.8000;0.0530;3.2758;0.0000;-799.6500;0.0000;6.8165;0.0000;-799.6500;0.0000;6.8165;1.0000;0.0000;0.0000;0.0000;0.0000
885;556.89;781.1500;53161.4500;814.2000;33.0500;0.0631;3.2000;0.0000;-781.1500;0.0000;6.8165;0.0000;-781.1500;0.0000;6.8165;1.0000;0.0000;0.0000;0.0000;0.0000
886;557.22;790.1000;54045.4000;829.5000;39.4000;0.0740;3.1309;0.0000;-790.1000;0.0000;6.8165;0.0000;-790.1000;0.0000;6.8165;1.0000;0.0000;0.0000;0.0000;0.0000
887;557.55;794.8000;54403.8000;815.9500;21.1500;0.0395;3.4039;0.0000;-794.8000;0.0000;6.8165;0.0000;-794.8000;0.0000;6.8165;1.0000;0.0000;0.0000;0.0000;0.0000
888;557.87;787.3000;53830.0000;819.0000;31.7000;0.0598;3.2236;0.0000;-787.3000;0.0000;6.8165;0.0000;-787.3000;0.0000;6.8165;1.0000;0.0000;0.0000;0.0000;0.0000
889;558.20;786.5500;53465.6500;823.2500;36.7000;0.0697;3.1570;0.0000;-786.5500;0.0000;6.8165;0.0000;-786.5500;0.0000;6.8165;1.0000;0.0000;0.0000;0.0000;0.0000
890;558.52;785.0500;54038.7000;829.3500;44.3000;0.0832;3.0799;0.0000;-785.0500;0.0000;6.8165;0.0000;-785.0500;0.0000;6.8165;1.0000;0.0000;0.0000;0.0000;0.0000
891;558.85;789.0500;54115.3500;813.0500;24.0000;0.0450;3.3467;0.0000;-789.0500;0.0000;6.8165;0.0000;-789.0500;0.0000;6.8165;1.0000;0.0000;0.0000;0.0000;0.0000
892;559.17;799.8000;54249.6000;808.6000;8.8000;0.0165;3.7835;0.0000;-799.8000;0.0000;6.8165;0.0000;-799.8000;0.0000;6.8165;1.0000;0.0000;0.0000;0.0000;0.0000
893;559.50;796.1000;54488.7500;809.2500;13.1500;0.0245;3.6110;0.0000;-796.1000;0.0000;6.8165;0.0000;-796.1000;0.0000;6.8165;1.0000;0.0000;0.0000;0.0000;0.0000
894;559.83;796.6500;54347.7000;820.1500;23.5000;0.0439;3.3577;0.0000;-796.6500;0.0000;6.8165;0.0000;-796.6500;0.0000;6.8165;1.0000;0.0000;0.0000;0.0000;0.0000
895;560.15;769.1000;54055.8500;800.1500;31.0500;0.0583;3.2346;0.0000;-769.1000;0.0000;6.8165;0.0000;-769.1000;0.0000;6.8165;1.0000;0.0000;0.0000;0.0000;0.0000
896;560.48;782.4000;53921.1500;819.0000;36.6000;0.0689;3.1619;0.0000;-782.4000;0.0000;6.8165;0.0000;-782.4000;0.0000;6.8165;1.0000;0.0000;0.0000;0.0000;0.0000
897;560.80;783.0500;54172.8000;806.6500;23.6000;0.0442;3.3545;0.0000;-783.0500;0.0000;6.8165;0.0000;-783.0500;0.0000;6.8165;1.0000;0.0000;0.0000;0.0000;0.0000
898;561.13;795.0000;54599.4500;811.2500;16.2500;0.0302;3.5200;0.0000;-795.0000;0.0000;6.8165;0.0000;-795.0000;0.0000;6.8165;1.0000;0.0000;0.0000;0.0000;0.0000
899;561.45;797.1500;54833.8000;817.6500;20.5000;0.0379;3.4209;0.0000;-797.1500;0.0000;6.8165;0.0000;-797.1500;0.0000;6.8165;1.0000;0.0000;0.0000;0.0000;0.0000
900;561.78;788.0000;55286.1000;825.0000;37.0000;0.0679;3.1682;0.0000;-788.0000;0.0000;6.8165;0.0000;-788.0000;0.0000;6.8165;1.0000;0.0000;0.0000;0.0000;0.0000
901;562.10;792.7500;55083.2500;815.2000;22.4500;0.0414;3.3835;0.0000;-792.7500;0.0000;6.8165;0.0000;-792.7500;0.0000;6.8165;1.0000;0.0000;0.0000;0.0000;0.0000
902;562.43;786.1500;55008.0500;824.5000;38.3500;0.0707;3.1504;0.0000;-786.1500;0.0000;6.8165;0.0000;-786.1500;0.0000;6.8165;1.0000;0.0000;0.0000;0.0000;0.0000
903;562.75;791.7500;55420.9000;820.4500;28.7000;0.0525;3.2795;0.0000;-791.7500;0.0000;6.8165;0.0000;-791.7500;0.0000;6.8165;1.0000;0.0000;0.0000;0.0000;0.0000
904;563.07;787.7000;55403.4500;809.3000;21.6000;0.0395;3.4029;0.0000;-787.7000;0.0000;6.8165;0.0000;-787.7000;0.0000;6.8165;1.0000;0.0000;0.0000;0.0000;0.0000
905;563.40;789.7500;55095.1500;808.9500;19.2000;0.0354;3.4515;0.0000;-789.7500;0.0000;6.8165;0.0000;-789.7500;0.0000;6.8165;1.0000;0.0000;0.0000;0.0000;0.0000
906;563.72;786.8000;55395.4000;834.3000;47.5000;0.0870;3.0606;0.0000;-786.8000;0.0000;6.8165;0.0000;-786.8000;0.0000;6.8165;1.0000;0.0000;0.0000;0.0000;0.0000
907;564.05;789.3500;55481.9500;822.2000;32.8500;0.0601;3.2214;0.0000;-789.3500;0.0000;6.8165;0.0000;-789.3500;0.0000;6.8165;1.0000;0.0000;0.0000;0.0000;0.0000
908;564.37;797.1500;55984.8500;816.7500;19.6000;0.0355;3.4496;0.0000;-797.1500;0.0000;6.8165;0.0000;-797.1500;0.0000;6.8165;1.0000;0.0000;0.0000;0.0000;0.0000
909;564.70;790.5500;55565.5000;817.5000;26.9500;0.0492;3.3080;0.0000;-790.5500;0.0000;6.8165;0.0000;-790.5500;0.0000;6.8165;1.0000;0.0000;0.0000;0.0000;0.0000
910;565.02;784.9000;55938.6500;814.4000;29.5000;0.0535;3.2718;0.0000;-784.9000;0.0000;6.8165;0.0000;-784.9000;0.0000;6.8165;1.0000;0.0000;0.0000;0.0000;0.0000
911;565.34;787.4500;55161.2500;820.9500;33.5000;0.0616;3.2103;0.0000;-787.4500;0.0000;6.8165;0.0000;-787.4500;0.0000;6.8165;1.0000;0.0000;0.0000;0.0000;0.0000
912;565.67;792.2000;55270.3000;817.1500;24.9500;0.0458;3.3392;0.0000;-792.2000;0.0000;6.8165;0.0000;-792.2000;0.0000;6.8165;1.0000;0.0000;0.0000;0.0000;0.0000
913;565.99;793.9000;55580.9500;814.6500;20.7500;0.0379;3.4217;0.0000;-793.9000;0.0000;6.8165;0.0000;-793.9000;0.0000;6.8165;1.0000;0.0000;0.0000;0.0000;0.0000
914;566.31;783.0000;56025.8500;815.9000;32.9000;0.0596;3.2251;0.0000;-783.0000;0.0000;6.8165;0.0000;-783.0000;0.0000;6.8165;1.0000;0.0000;0.0000;0.0000;0.0000
915;566.64;789.7500;55528.0000;824.6500;34.9000;0.0638;3.1955;0.0000;-789.7500;0.0000;6.8165;0.0000;-789.7500;0.0000;6.8165;1.0000;0.0000;0.0000;0.0000;0.0000
916;566.96;775.3000;55706.6000;816.1500;40.8500;0.0744;3.1286;0.0000;-775.3000;0.0000;6.8165;0.0000;-775.3000;0.0000;6.8165;1.0000;0.0000;0.0000;0.0000;0.0000
917;567.29;800.5500;56016.7000;813.2500;12.7000;0.0230;3.6383;0.0000;-800.5500;0.0000;6.8165;0.0000;-800.5500;0.0000;6.8165;1.0000;0.0000;0.0000;0.0000;0.0000
918;567.61;791.5500;56375.6500;815.9000;24.3500;0.0438;3.3585;0.0000;-791.5500;0.0000;6.8165;0.0000;-791.5500;0.0000;6.8165;1.0000;0.0000;0.0000;0.0000;0.0000
919;567.93;786.8500;56819.7500;823.6500;36.8000;0.0657;3.1826;0.0000;-786.8500;0.0000;6.8165;0.0000;-786.8500;0.0000;6.8165;1.0000;0.0000;0.0000;0.0000;0.0000
920;568.25;800.8000;56629.2500;800.4000;-0.4000;0.0000;6.8165;0.0000;-800.8000;0.0000;6.8165;0.0000;-800.8000;0.0000;6.8165;1.0000;0.0000;0.0000;0.0000;0.0000
921;568.58;793.1000;56454.7500;818.1500;25.0500;0.0450;3.3467;0.0000;-793.1000;0.0000;6.8165;0.0000;-793.1000;0.0000;6.8165;1.0000;0.0000;0.0000;0.0000;0.0000
922;568.90;796.0000;56184.0000;824.7500;28.7500;0.0519;3.2848;0.0000;-796.0000;0.0000;6.8165;0.0000;-796.0000;0.0000;6.8165;1.0000;0.0000;0.0000;0.0000;0.0000
923;569.22;796.0000;56022.1000;831.1000;35.1000;0.0636;3.1968;0.0000;-796.0000;0.0000;6.8165;0.0000;-796.0000;0.0000;6.8165;1.0000;0.0000;0.0000;0.0000;0.0000
924;569.55;788.4000;56204.2500;808.1000;19.7000;0.0355;3.4492;0.0000;-788.4000;0.0000;6.8165;0.0000;-788.4000;0.0000;6.8165;1.0000;0.0000;0.0000;0.0000;0.0000
925;569.87;792.2000;56356.4000;816.0000;23.8000;0.0428;3.3682;0.0000;-792.2000;0.0000;6.8165;0.0000;-792.2000;0.0000;6.8165;1.0000;0.0000;0.0000;0.0000;0.0000
926;570.19;793.9000;57083.9500;814.5000;20.6000;0.0366;3.4366;0.0000;-793.9000;0.0000;6.8165;0.0000;-793.9000;0.0000;6.8165;1.0000;0.0000;0.0000;0.0000;0.0000
927;570.51;786.7500;57154.9000;814.0500;27.3000;0.0484;3.3149;0.0000;-786.7500;0.0000;6.8165;0.0000;-786.7500;0.0000;6.8165;1.0000;0.0000;0.0000;0.0000;0.0000
928;570.83;787.6000;57102.7000;808.8500;21.2500;0.0377;3.4233;0.0000;-787.6000;0.0000;6.8165;0.0000;-787.6000;0.0000;6.8165;1.0000;0.0000;0.0000;0.0000;0.0000
929;571.16;795.1500;56812.1000;801.6500;6.5000;0.0116;3.9354;0.0000;-795.1500;0.0000;6.8165;0.0000;-795.1500;0.0000;6.8165;1.0000;0.0000;0.0000;0.0000;0.0000
930;571.48;789.5000;56362.1000;816.9000;27.4000;0.0493;3.3071;0.0000;-789.5000;0.0000;6.8165;0.0000;-789.5000;0.0000;6.8165;1.0000;0.0000;0.0000;0.0000;0.0000
931;571.80;797.0000;56362.1000;817.1500;20.1500;0.0363;3.4405;0.0000;-797.0000;0.0000;6.8165;0.0000;-797.0000;0.0000;6.8165;1.0000;0.0000;0.0000;0.0000;0.0000
932;572.12;795.6000;56643.7500;817.6000;22.0000;0.0394;3.4046;0.0000;-795.6000;0.0000;6.8165;0.0000;-795.6000;0.0000;6.8165;1.0000;0.0000;0.0000;0.0000;0.0000
933;572.44;779.1000;56395.5500;806.6500;27.5500;0.0495;3.3051;0.0000;-779.1000;0.0000;6.8165;0.0000;-779.1000;0.0000;6.8165;1.0000;0.0000;0.0000;0.0000;0.0000
934;572.77;786.1000;56499.2000;825.7500;39.6500;0.0712;3.1477;0.0000;-786.1000;0.0000;6.8165;0.0000;-786.1000;0.0000;6.8165;1.0000;0.0000;0.0000;0.0000;0.0000
935;573.09;791.7000;55688.1000;831.7000;40.0000;0.0729;3.1375;0.0000;-791.7000;0.0000;6.8165;0.0000;-791.7000;0.0000;6.8165;1.0000;0.0000;0.0000;0.0000;0.0000
936;573.41;787.6000;56244.6000;822.8500;35.2500;0.0636;3.1968;0.0000;-787.6000;0.0000;6.8165;0.0000;-787.6000;0.0000;6.8165;1.0000;0.0000;0.0000;0.0000;0.0000
937;573.73;803.3000;56666.8500;816.4000;13.1000;0.0234;3.6299;0.0000;-803.3000;0.0000;6.8165;0.0000;-803.3000;0.0000;6.8165;1.0000;0.0000;0.0000;0.0000;0.0000
938;574.05;783.0500;56808.8000;825.5000;42.4500;0.0758;3.1205;0.0000;-783.0500;0.0000;6.8165;0.0000;-783.0500;0.0000;6.8165;1.0000;0.0000;0.0000;0.0000;0.0000
939;574.37;777.8000;57658.6000;832.2000;54.4000;0.0956;3.0194;0.0000;-777.8000;0.0000;6.8165;0.0000;-777.8000;0.0000;6.8165;1.0000;0.0000;0.0000;0.0000;0.0000
940;574.69;787.7000;56968.7000;825.8000;38.1000;0.0678;3.1687;0.0000;-787.7000;0.0000;6.8165;0.0000;-787.7000;0.0000;6.8165;1.0000;0.0000;0.0000;0.0000;0.0000
941;575.02;792.3500;56406.3000;818.1500;25.8000;0.0464;3.3336;0.0000;-792.3500;0.0000;6.8165;0.0000;-792.3500;0.0000;6.8165;1.0000;0.0000;0.0000;0.0000;0.0000
942;575.34;787.3500;56149.0000;824.3000;36.9500;0.0667;3.1756;0.0000;-787.3500;0.0000;6.8165;0.0000;-787.3500;0.0000;6.8165;1.0000;0.0000;0.0000;0.0000;0.0000
943;575.66;795.2500;56861.2000;829.2500;34.0000;0.0606;3.2172;0.0000;-795.2500;0.0000;6.8165;0.0000;-795.2500;0.0000;6.8165;1.0000;0.0000;0.0000;0.0000;0.0000
944;575.98;793.5500;57045.1000;809.6500;16.1000;0.0286;3.5433;0.0000;-793.5500;0.0000;6.8165;0.0000;-793.5500;0.0000;6.8165;1.0000;0.0000;0.0000;0.0000;0.0000
945;576.30;785.9000;56648.4000;805.8500;19.9500;0.0357;3.4472;0.0000;-785.9000;0.0000;6.8165;0.0000;-785.9000;0.0000;6.8165;1.0000;0.0000;0.0000;0.0000;0.0000
946;576.62;797.3500;56567.4000;816.1500;18.8000;0.0337;3.4722;0.0000;-797.3500;0.0000;6.8165;0.0000;-797.3500;0.0000;6.8165;1.0000;0.0000;0.0000;0.0000;0.0000
947;576.94;802.0500;56574.2000;820.7500;18.7000;0.0335;3.4746;0.0000;-802.0500;0.0000;6.8165;0.0000;-802.0500;0.0000;6.8165;1.0000;0.0000;0.0000;0.0000;0.0000
948;577.26;797.7500;56293.8500;821.2500;23.5000;0.0423;3.3732;0.0000;-797.7500;0.0000;6.8165;0.0000;-797.7500;0.0000;6.8165;1.0000;0.0000;0.0000;0.0000;0.0000
949;577.58;792.3000;56409.6500;814.7500;22.4500;0.0404;3.3940;0.0000;-792.3000;0.0000;6.8165;0.0000;-792.3000;0.0000;6.8165;1.0000;0.0000;0.0000;0.0000;0.0000
950;577.90;774.3500;57030.0000;823.5500;49.2000;0.0875;3.0582;0.0000;-774.3500;0.0000;6.8165;0.0000;-774.3500;0.0000;6.8165;1.0000;0.0000;0.0000;0.0000;0.0000
951;578.22;792.2500;56721.4000;816.4500;24.2000;0.0433;3.3638;0.0000;-792.2500;0.0000;6.8165;0.0000;-792.2500;0.0000;6.8165;1.0000;0.0000;0.0000;0.0000;0.0000
952;578.54;789.2000;56719.9000;815.9500;26.7500;0.0478;3.3203;0.0000;-789.2000;0.0000;6.8165;0.0000;-789.2000;0.0000;6.8165;1.0000;0.0000;0.0000;0.0000;0.0000
953;578.86;795.2500;56135.2500;817.6000;22.3500;0.0404;3.3938;0.0000;-795.2500;0.0000;6.8165;0.0000;-795.2500;0.0000;6.8165;1.0000;0.0000;0.0000;0.0000;0.0000
954;579.18;791.2500;56313.4000;818.9000;27.6500;0.0498;3.3028;0.0000;-791.2500;0.0000;6.8165;0.0000;-791.2500;0.0000;6.8165;1.0000;0.0000;0.0000;0.0000;0.0000
955;579.50;789.5500;55939.9500;812.4500;22.9000;0.0415;3.3817;0.0000;-789.5500;0.0000;6.8165;0.0000;-789.5500;0.0000;6.8165;1.0000;0.0000;0.0000;0.0000;0.0000
956;579.82;796.5000;55666.3500;792.6500;-3.8500;0.0000;6.8165;0.0000;-796.5000;0.0000;6.8165;0.0000;-796.5000;0.0000;6.8165;1.0000;0.0000;0.0000;0.0000;0.0000
957;580.14;791.7500;55361.1000;807.8000;16.0500;0.0294;3.5315;0.0000;-791.7500;0.0000;6.8165;0.0000;-791.7500;0.0000;6.8165;1.0000;0.0000;0.0000;0.0000;0.0000
958;580.46;786.4500;55056.3000;825.3000;38.8500;0.0716;3.1452;0.0000;-786.4500;0.0000;6.8165;0.0000;-786.4500;0.0000;6.8165;1.0000;0.0000;0.0000;0.0000;0.0000
959;580.78;791.5000;55262.3500;816.6500;25.1500;0.0462;3.3356;0.0000;-791.5000;0.0000;6.8165;0.0000;-791.5000;0.0000;6.8165;1.0000;0.0000;0.0000;0.0000;0.0000
960;581.10;798.3500;55055.5500;819.8500;21.5000;0.0396;3.4020;0.0000;-798.3500;0.0000;6.8165;0.0000;-798.3500;0.0000;6.8165;1.0000;0.0000;0.0000;0.0000;0.0000
961;581.42;791.2000;55312.7000;815.2000;24.0000;0.0440;3.3564;0.0000;-791.2000;0.0000;6.8165;0.0000;-791.2000;0.0000;6.8165;1.0000;0.0000;0.0000;0.0000;0.0000
962;581.73;806.8500;55482.2500;806.1000;-0.7500;0.0000;6.8165;0.0000;-806.8500;0.0000;6.8165;0.0000;-806.8500;0.0000;6.8165;1.0000;0.0000;0.0000;0.0000;0.0000
963;582.05;776.8000;55005.5500;823.9500;47.1500;0.0869;3.0607;0.0000;-776.8000;0.0000;6.8165;0.0000;-776.8000;0.0000;6.8165;1.0000;0.0000;0.0000;0.0000;0.0000
964;582.37;781.7000;55612.5500;808.7000;27.0000;0.0492;3.3077;0.0000;-781.7000;0.0000;6.8165;0.0000;-781.7000;0.0000;6.8165;1.0000;0.0000;0.0000;0.0000;0.0000
965;582.69;786.9500;55480.7500;815.4500;28.5000;0.0521;3.2831;0.0000;-786.9500;0.0000;6.8165;0.0000;-786.9500;0.0000;6.8165;1.0000;0.0000;0.0000;0.0000;0.0000
966;583.01;782.0500;55502.4500;806.5000;24.4500;0.0447;3.3499;0.0000;-782.0500;0.0000;6.8165;0.0000;-782.0500;0.0000;6.8165;1.0000;0.0000;0.0000;0.0000;0.0000
967;583.33;793.4000;54615.4000;804.7000;11.3000;0.0210;3.6779;0.0000;-793.4000;0.0000;6.8165;0.0000;-793.4000;0.0000;6.8165;1.0000;0.0000;0.0000;0.0000;0.0000
968;583.65;805.1500;55005.9000;834.5000;29.3500;0.0542;3.2664;0.0000;-805.1500;0.0000;6.8165;0.0000;-805.1500;0.0000;6.8165;1.0000;0.0000;0.0000;0.0000;0.0000
969;583.96;784.8500;54668.4000;826.7500;41.9000;0.0778;3.1092;0.0000;-784.8500;0.0000;6.8165;0.0000;-784.8500;0.0000;6.8165;1.0000;0.0000;0.0000;0.0000;0.0000
970;584.28;786.8500;54429.8000;816.5000;29.6500;0.0553;3.2575;0.0000;-786.8500;0.0000;6.8165;0.0000;-786.8500;0.0000;6.8165;1.0000;0.0000;0.0000;0.0000;0.0000
971;584.60;784.8000;54627.2500;814.9000;30.1000;0.0559;3.2526;0.0000;-784.8000;0.0000;6.8165;0.0000;-784.8000;0.0000;6.8165;1.0000;0.0000;0.0000;0.0000;0.0000
972;584.92;797.5000;54725.3000;810.9000;13.4000;0.0248;3.6047;0.0000;-797.5000;0.0000;6.8165;0.0000;-797.5000;0.0000;6.8165;1.0000;0.0000;0.0000;0.0000;0.0000
973;585.24;790.3000;54362.9000;814.0000;23.7000;0.0442;3.3542;0.0000;-790.3000;0.0000;6.8165;0.0000;-790.3000;0.0000;6.8165;1.0000;0.0000;0.0000;0.0000;0.0000
974;585.55;796.7500;54420.8000;819.0500;22.3000;0.0416;3.3811;0.0000;-796.7500;0.0000;6.8165;0.0000;-796.7500;0.0000;6.8165;1.0000;0.0000;0.0000;0.0000;0.0000
975;585.87;782.6000;54532.7000;829.9500;47.3500;0.0881;3.0551;0.0000;-782.6000;0.0000;6.8165;0.0000;-782.6000;0.0000;6.8165;1.0000;0.0000;0.0000;0.0000;0.0000
976;586.19;778.6000;54531.1500;823.1000;44.5000;0.0828;3.0820;0.0000;-778.6000;0.0000;6.8165;0.0000;-778.6000;0.0000;6.8165;1.0000;0.0000;0.0000;0.0000;0.0000
977;586.51;802.0000;53833.2500;825.1500;23.1500;0.0437;3.3600;0.0000;-802.0000;0.0000;6.8165;0.0000;-802.0000;0.0000;6.8165;1.0000;0.0000;0.0000;0.0000;0.0000
978;586.83;789.8000;54358.0000;809.7500;19.9500;0.0372;3.4290;0.0000;-789.8000;0.0000;6.8165;0.0000;-789.8000;0.0000;6.8165;1.0000;0.0000;0.0000;0.0000;0.0000
979;587.14;790.9500;54475.2000;816.1000;25.1500;0.0468;3.3293;0.0000;-790.9500;0.0000;6.8165;0.0000;-790.9500;0.0000;6.8165;1.0000;0.0000;0.0000;0.0000;0.0000
980;587.46;792.5000;54606.0000;809.4000;16.9000;0.0314;3.5030;0.0000;-792.5000;0.0000;6.8165;0.0000;-792.5000;0.0000;6.8165;1.0000;0.0000;0.0000;0.0000;0.0000
981;587.78;788.0000;54614.3500;803.0500;15.0500;0.0280;3.5535;0.0000;-788.0000;0.0000;6.8165;0.0000;-788.0000;0.0000;6.8165;1.0000;0.0000;0.0000;0.0000;0.0000
982;588.09;795.2000;53477.5000;805.1500;9.9500;0.0189;3.7238;0.0000;-795.2000;0.0000;6.8165;0.0000;-795.2000;0.0000;6.8165;1.0000;0.0000;0.0000;0.0000;0.0000
983;588.41;776.1500;53602.1000;819.6500;43.5000;0.0823;3.0844;0.0000;-776.1500;0.0000;6.8165;0.0000;-776.1500;0.0000;6.8165;1.0000;0.0000;0.0000;0.0000;0.0000
984;588.73;780.7000;53781.4500;816.3500;35.6500;0.0673;3.1722;0.0000;-780.7000;0.0000;6.8165;0.0000;-780.7000;0.0000;6.8165;1.0000;0.0000;0.0000;0.0000;0.0000
985;589.04;781.6500;53667.2500;811.6500;30.0000;0.0567;3.2462;0.0000;-781.6500;0.0000;6.8165;0.0000;-781.6500;0.0000;6.8165;1.0000;0.0000;0.0000;0.0000;0.0000
986;589.36;792.6000;53776.3500;814.5500;21.9500;0.0414;3.3827;0.0000;-792.6000;0.0000;6.8165;0.0000;-792.6000;0.0000;6.8165;1.0000;0.0000;0.0000;0.0000;0.0000
987;589.68;778.1000;54264.4000;809.1000;31.0000;0.0580;3.2369;0.0000;-778.1000;0.0000;6.8165;0.0000;-778.1000;0.0000;6.8165;1.0000;0.0000;0.0000;0.0000;0.0000
988;589.99;785.2000;54546.5000;816.4500;31.2500;0.0581;3.2356;0.0000;-785.2000;0.0000;6.8165;0.0000;-785.2000;0.0000;6.8165;1.0000;0.0000;0.0000;0.0000;0.0000
989;590.31;795.3500;54820.6000;819.4000;24.0500;0.0445;3.3515;0.0000;-795.3500;0.0000;6.8165;0.0000;-795.3500;0.0000;6.8165;1.0000;0.0000;0.0000;0.0000;0.0000
990;590.63;791.9000;54239.7000;814.3000;22.4000;0.0419;3.3777;0.0000;-791.9000;0.0000;6.8165;0.0000;-791.9000;0.0000;6.8165;1.0000;0.0000;0.0000;0.0000;0.0000
991;590.94;786.4000;53768.3000;817.4000;31.0000;0.0585;3.2328;0.0000;-786.4000;0.0000;6.8165;0.0000;-786.4000;0.0000;6.8165;1.0000;0.0000;0.0000;0.0000;0.0000
992;591.26;791.4500;53111.0500;818.0000;26.5500;0.0507;3.2946;0.0000;-791.4500;0.0000;6.8165;0.0000;-791.4500;0.0000;6.8165;1.0000;0.0000;0.0000;0.0000;0.0000
993;591.58;784.6500;54031.6000;819.1000;34.4500;0.0647;3.1891;0.0000;-784.6500;0.0000;6.8165;0.0000;-784.6500;0.0000;6.8165;1.0000;0.0000;0.0000;0.0000;0.0000
994;591.89;797.2500;54253.7000;808.6500;11.4000;0.0213;3.6711;0.0000;-797.2500;0.0000;6.8165;0.0000;-797.2500;0.0000;6.8165;1.0000;0.0000;0.0000;0.0000;0.0000
995;592.21;801.1500;54289.6500;818.2500;17.1000;0.0320;3.4953;0.0000;-801.1500;0.0000;6.8165;0.0000;-801.1500;0.0000;6.8165;1.0000;0.0000;0.0000;0.0000;0.0000
996;592.52;796.4000;54304.2000;805.3500;8.9500;0.0167;3.7766;0.0000;-796.4000;0.0000;6.8165;0.0000;-796.4000;0.0000;6.8165;1.0000;0.0000;0.0000;0.0000;0.0000
997;592.84;791.1500;54026.6000;803.9000;12.7500;0.0240;3.6207;0.0000;-791.1500;0.0000;6.8165;0.0000;-791.1500;0.0000;6.8165;1.0000;0.0000;0.0000;0.0000;0.0000
998;593.15;792.2000;54177.1500;808.5000;16.3000;0.0305;3.5152;0.0000;-792.2000;0.0000;6.8165;0.0000;-792.2000;0.0000;6.8165;1.0000;0.0000;0.0000;0.0000;0.0000
999;593.47;795.3000;53941.0000;815.4000;20.1000;0.0378;3.4223;0.0000;-795.3000;0.0000;6.8165;0.0000;-795.3000;0.0000;6.8165;1.0000;0.0000;0.0000;0.0000;0.0000
1000;593.79;788.8000;54310.0000;810.5500;21.7500;0.0406;3.3911;0.0000;-788.8000;0.0000;6.8165;0.0000;-788.8000;0.0000;6.8165;1.0000;0.0000;0.0000;0.0000;0.0000
1001;594.10;791.3000;54815.1500;803.2500;11.9500;0.0221;3.6552;0.0000;-791.3000;0.0000;6.8165;0.0000;-791.3000;0.0000;6.8165;1.0000;0.0000;0.0000;0.0000;0.0000
1002;594.42;805.1500;55285.2500;818.3500;13.2000;0.0242;3.6157;0.0000;-805.1500;0.0000;6.8165;0.0000;-805.1500;0.0000;6.8165;1.0000;0.0000;0.0000;0.0000;0.0000
1003;594.73;787.8000;55449.5000;810.4000;22.6000;0.0413;3.3836;0.0000;-787.8000;0.0000;6.8165;0.0000;-787.8000;0.0000;6.8165;1.0000;0.0000;0.0000;0.0000;0.0000
1004;595.05;807.4000;55191.0000;819.5500;12.1500;0.0223;3.6509;0.0000;-807.4000;0.0000;6.8165;0.0000;-807.4000;0.0000;6.8165;1.0000;0.0000;0.0000;0.0000;0.0000
1005;595.36;778.5500;54854.1500;827.1500;48.6000;0.0899;3.0464;0.0000;-778.5500;0.0000;6.8165;0.0000;-778.5500;0.0000;6.8165;1.0000;0.0000;0.0000;0.0000;0.0000
1006;595.68;777.1000;54185.9500;822.6500;45.5500;0.0853;3.0691;0.0000;-777.1000;0.0000;6.8165;0.0000;-777.1000;0.0000;6.8165;1.0000;0.0000;0.0000;0.0000;0.0000
1007;595.99;780.9500;54298.1000;813.1500;32.2000;0.0602;3.2206;0.0000;-780.9500;0.0000;6.8165;0.0000;-780.9500;0.0000;6.8165;1.0000;0.0000;0.0000;0.0000;0.0000
1008;596.30;784.1500;54132.8000;812.2000;28.0500;0.0526;3.2792;0.0000;-784.1500;0.0000;6.8165;0.0000;-784.1500;0.0000;6.8165;1.0000;0.0000;0.0000;0.0000;0.0000
1009;596.62;782.7500;54557.8500;806.6000;23.8500;0.0444;3.3531;0.0000;-782.7500;0.0000;6.8165;0.0000;-782.7500;0.0000;6.8165;1.0000;0.0000;0.0000;0.0000;0.0000
1010;596.93;788.0000;55188.2500;815.9500;27.9500;0.0514;3.2892;0.0000;-788.0000;0.0000;6.8165;0.0000;-788.0000;0.0000;6.8165;1.0000;0.0000;0.0000;0.0000;0.0000
1011;597.25;778.4000;55425.8000;816.7000;38.3000;0.0701;3.1544;0.0000;-778.4000;0.0000;6.8165;0.0000;-778.4000;0.0000;6.8165;1.0000;0.0000;0.0000;0.0000;0.0000
1012;597.56;786.2000;55229.4000;796.5500;10.3500;0.0190;3.7210;0.0000;-786.2000;0.0000;6.8165;0.0000;-786.2000;0.0000;6.8165;1.0000;0.0000;0.0000;0.0000;0.0000
1013;597.88;799.2000;54923.2500;804.2500;5.0500;0.0093;4.0301;0.0000;-799.2000;0.0000;6.8165;0.0000;-799.2000;0.0000;6.8165;1.0000;0.0000;0.0000;0.0000;0.0000
1014;598.19;781.3000;54851.2500;803.1000;21.8000;0.0403;3.3945;0.0000;-781.3000;0.0000;6.8165;0.0000;-781.3000;0.0000;6.8165;1.0000;0.0000;0.0000;0.0000;0.0000
1015;598.50;775.2000;54329.9000;819.2000;44.0000;0.0822;3.0853;0.0000;-775.2000;0.0000;6.8165;0.0000;-775.2000;0.0000;6.8165;1.0000;0.0000;0.0000;0.0000;0.0000
1016;598.82;782.2500;54312.2500;804.4500;22.2000;0.0415;3.3822;0.0000;-782.2500;0.0000;6.8165;0.0000;-782.2500;0.0000;6.8165;1.0000;0.0000;0.0000;0.0000;0.0000
1017;599.13;787.1000;54759.1500;817.6000;30.5000;0.0565;3.2479;0.0000;-787.1000;0.0000;6.8165;0.0000;-787.1000;0.0000;6.8165;1.0000;0.0000;0.0000;0.0000;0.0000
1018;599.45;790.8000;55177.7500;823.8500;33.0500;0.0608;3.2163;0.0000;-790.8000;0.0000;6.8165;0.0000;-790.8000;0.0000;6.8165;1.0000;0.0000;0.0000;0.0000;0.0000
1019;599.76;800.1500;55501.4500;819.3000;19.1500;0.0350;3.4558;0.0000;-800.1500;0.0000;6.8165;0.0000;-800.1500;0.0000;6.8165;1.0000;0.0000;0.0000;0.0000;0.0000
1020;600.07;778.9500;55770.9500;817.3500;38.4000;0.0698;3.1560;0.0000;-778.9500;0.0000;6.8165;0.0000;-778.9500;0.0000;6.8165;1.0000;0.0000;0.0000;0.0000;0.0000
1021;600.39;781.1500;55344.3000;825.3500;44.2000;0.0810;3.0915;0.0000;-781.1500;0.0000;6.8165;0.0000;-781.1500;0.0000;6.8165;1.0000;0.0000;0.0000;0.0000;0.0000
1022;600.70;787.3000;55363.0000;823.6500;36.3500;0.0666;3.1765;0.0000;-787.3000;0.0000;6.8165;0.0000;-787.3000;0.0000;6.8165;1.0000;0.0000;0.0000;0.0000;0.0000
1023;601.01;793.2000;55013.2500;829.6500;36.4500;0.0672;3.1725;0.0000;-793.2000;0.0000;6.8165;0.0000;-793.2000;0.0000;6.8165;1.0000;0.0000;0.0000;0.0000;0.0000
1024;601.33;791.6500;54844.4500;820.0500;28.4000;0.0525;3.2795;0.0000;-791.6500;0.0000;6.8165;0.0000;-791.6500;0.0000;6.8165;1.0000;0.0000;0.0000;0.0000;0.0000
1025;601.64;785.1000;55551.2000;821.1500;36.0500;0.0658;3.1816;0.0000;-785.1000;0.0000;6.8165;0.0000;-785.1000;0.0000;6.8165;1.0000;0.0000;0.0000;0.0000;0.0000
1026;601.95;795.3500;55650.6500;833.5500;38.2000;0.0696;3.1572;0.0000;-795.3500;0.0000;6.8165;0.0000;-795.3500;0.0000;6.8165;1.0000;0.0000;0.0000;0.0000;0.0000
1027;602.26;793.8500;55929.1500;827.1500;33.3000;0.0604;3.2190;0.0000;-793.8500;0.0000;6.8165;0.0000;-793.8500;0.0000;6.8165;1.0000;0.0000;0.0000;0.0000;0.0000
1028;602.58;793.7500;55707.0000;810.6000;16.8500;0.0307;3.5131;0.0000;-793.7500;0.0000;6.8165;0.0000;-793.7500;0.0000;6.8165;1.0000;0.0000;0.0000;0.0000;0.0000
1029;602.89;776.8000;55181.4500;811.9000;35.1000;0.0645;3.1903;0.0000;-776.8000;0.0000;6.8165;0.0000;-776.8000;0.0000;6.8165;1.0000;0.0000;0.0000;0.0000;0.0000
1030;603.20;778.8000;55151.4000;813.3500;34.5500;0.0635;3.1969;0.0000;-778.8000;0.0000;6.8165;0.0000;-778.8000;0.0000;6.8165;1.0000;0.0000;0.0000;0.0000;0.0000
1031;603.51;784.0000;54658.5000;807.9000;23.9000;0.0444;3.3530;0.0000;-784.0000;0.0000;6.8165;0.0000;-784.0000;0.0000;6.8165;1.0000;0.0000;0.0000;0.0000;0.0000
1032;603.83;809.7500;55305.0500;810.7000;0.9500;0.0017;4.7586;0.0000;-809.7500;0.0000;6.8165;0.0000;-809.7500;0.0000;6.8165;1.0000;0.0000;0.0000;0.0000;0.0000
1033;604.14;788.4500;56072.7500;815.3500;26.9000;0.0487;3.3128;0.0000;-788.4500;0.0000;6.8165;0.0000;-788.4500;0.0000;6.8165;1.0000;0.0000;0.0000;0.0000;0.0000
1034;604.45;797.0000;55991.3500;807.5500;10.5500;0.0191;3.7186;0.0000;-797.0000;0.0000;6.8165;0.0000;-797.0000;0.0000;6.8165;1.0000;0.0000;0.0000;0.0000;0.0000
1035;604.76;776.4500;55612.8500;807.4500;31.0000;0.0565;3.2477;0.0000;-776.4500;0.0000;6.8165;0.0000;-776.4500;0.0000;6.8165;1.0000;0.0000;0.0000;0.0000;0.0000
1036;605.07;782.4500;55781.7000;807.1500;24.7000;0.0449;3.3477;0.0000;-782.4500;0.0000;6.8165;0.0000;-782.4500;0.0000;6.8165;1.0000;0.0000;0.0000;0.0000;0.0000
1037;605.39;795.3000;55637.6000;809.6500;14.3500;0.0262;3.5823;0.0000;-795.3000;0.0000;6.8165;0.0000;-795.3000;0.0000;6.8165;1.0000;0.0000;0.0000;0.0000;0.0000
1038;605.70;793.0000;55844.2500;815.8000;22.8000;0.0414;3.3828;0.0000;-793.0000;0.0000;6.8165;0.0000;-793.0000;0.0000;6.8165;1.0000;0.0000;0.0000;0.0000;0.0000
1039;606.01;787.9000;55433.9500;822.8000;34.9000;0.0639;3.1947;0.0000;-787.9000;0.0000;6.8165;0.0000;-787.9000;0.0000;6.8165;1.0000;0.0000;0.0000;0.0000;0.0000
1040;606.32;796.3500;56068.9000;816.6500;20.3000;0.0367;3.4350;0.0000;-796.3500;0.0000;6.8165;0.0000;-796.3500;0.0000;6.8165;1.0000;0.0000;0.0000;0.0000;0.0000
1041;606.63;784.0000;55911.3000;821.8500;37.8500;0.0687;3.1633;0.0000;-784.0000;0.0000;6.8165;0.0000;-784.0000;0.0000;6.8165;1.0000;0.0000;0.0000;0.0000;0.0000
1042;606.94;772.6000;55892.1000;802.8000;30.2000;0.0548;3.2613;0.0000;-772.6000;0.0000;6.8165;0.0000;-772.6000;0.0000;6.8165;1.0000;0.0000;0.0000;0.0000;0.0000
1043;607.26;786.6500;55872.0500;821.7500;35.1000;0.0637;3.1957;0.0000;-786.6500;0.0000;6.8165;0.0000;-786.6500;0.0000;6.8165;1.0000;0.0000;0.0000;0.0000;0.0000
1044;607.57;789.8000;56135.1000;812.0000;22.2000;0.0401;3.3967;0.0000;-789.8000;0.0000;6.8165;0.0000;-789.8000;0.0000;6.8165;1.0000;0.0000;0.0000;0.0000;0.0000
1045;607.88;783.6500;56324.4000;809.0000;25.3500;0.0456;3.3406;0.0000;-783.6500;0.0000;6.8165;0.0000;-783.6500;0.0000;6.8165;1.0000;0.0000;0.0000;0.0000;0.0000
1046;608.19;794.1000;55968.0000;813.8000;19.7000;0.0357;3.4473;0.0000;-794.1000;0.0000;6.8165;0.0000;-794.1000;0.0000;6.8165;1.0000;0.0000;0.0000;0.0000;0.0000
1047;608.50;787.7000;55207.1500;816.0000;28.3000;0.0520;3.2840;0.0000;-787.7000;0.0000;6.8165;0.0000;-787.7000;0.0000;6.8165;1.0000;0.0000;0.0000;0.0000;0.0000
1048;608.81;768.9000;55159.9000;827.3000;58.4000;0.1074;2.9691;0.0000;-768.9000;0.0000;6.8165;0.0000;-768.9000;0.0000;6.8165;1.0000;0.0000;0.0000;0.0000;0.0000
1049;609.12;780.0500;55404.1500;817.1000;37.0500;0.0678;3.1686;0.0000;-780.0500;0.0000;6.8165;0.0000;-780.0500;0.0000;6.8165;1.0000;0.0000;0.0000;0.0000;0.0000
1050;609.43;782.6000;56140.7500;805.9500;23.3500;0.0422;3.3749;0.0000;-782.6000;0.0000;6.8165;0.0000;-782.6000;0.0000;6.8165;1.0000;0.0000;0.0000;0.0000;0.0000
1051;609.74;786.9000;56659.8500;812.7000;25.8000;0.0462;3.3356;0.0000;-786.9000;0.0000;6.8165;0.0000;-786.9000;0.0000;6.8165;1.0000;0.0000;0.0000;0.0000;0.0000
1052;610.05;787.6500;56983.5000;805.0000;17.3500;0.0309;3.5104;0.0000;-787.6500;0.0000;6.8165;0.0000;-787.6500;0.0000;6.8165;1.0000;0.0000;0.0000;0.0000;0.0000
1053;610.36;785.7500;56358.5500;817.5000;31.7500;0.0571;3.2431;0.0000;-785.7500;0.0000;6.8165;0.0000;-785.7500;0.0000;6.8165;1.0000;0.0000;0.0000;0.0000;0.0000
1054;610.67;788.9000;55567.5500;828.5000;39.6000;0.0723;3.1409;0.0000;-788.9000;0.0000;6.8165;0.0000;-788.9000;0.0000;6.8165;1.0000;0.0000;0.0000;0.0000;0.0000
1055;610.98;797.3000;55357.2500;813.6000;16.3000;0.0299;3.5247;0.0000;-797.3000;0.0000;6.8165;0.0000;-797.3000;0.0000;6.8165;1.0000;0.0000;0.0000;0.0000;0.0000
1056;611.29;797.6000;55074.9500;823.5000;25.9000;0.0477;3.3213;0.0000;-797.6000;0.0000;6.8165;0.0000;-797.6000;0.0000;6.8165;1.0000;0.0000;0.0000;0.0000;0.0000
1057;611.60;796.7000;55212.6500;819.4500;22.7500;0.0418;3.3787;0.0000;-796.7000;0.0000;6.8165;0.0000;-796.7000;0.0000;6.8165;1.0000;0.0000;0.0000;0.0000;0.0000
1058;611.91;792.9500;55919.7500;816.7000;23.7500;0.0431;3.3657;0.0000;-792.9500;0.0000;6.8165;0.0000;-792.9500;0.0000;6.8165;1.0000;0.0000;0.0000;0.0000;0.0000
1059;612.22;786.3500;55791.7000;814.0000;27.6500;0.0503;3.2987;0.0000;-786.3500;0.0000;6.8165;0.0000;-786.3500;0.0000;6.8165;1.0000;0.0000;0.0000;0.0000;0.0000
1060;612.53;786.2500;55948.9000;810.1000;23.8500;0.0432;3.3642;0.0000;-786.2500;0.0000;6.8165;0.0000;-786.2500;0.0000;6.8165;1.0000;0.0000;0.0000;0.0000;0.0000
1061;612.84;794.7500;56782.2000;822.1000;27.3500;0.0489;3.3111;0.0000;-794.7500;0.0000;6.8165;0.0000;-794.7500;0.0000;6.8165;1.0000;0.0000;0.0000;0.0000;0.0000
1062;613.15;779.6000;56228.0500;826.9000;47.3000;0.0853;3.0690;0.0000;-779.6000;0.0000;6.8165;0.0000;-779.6000;0.0000;6.8165;1.0000;0.0000;0.0000;0.0000;0.0000
1063;613.46;776.1000;56040.8500;813.7500;37.6500;0.0681;3.1667;0.0000;-776.1000;0.0000;6.8165;0.0000;-776.1000;0.0000;6.8165;1.0000;0.0000;0.0000;0.0000;0.0000
1064;613.77;779.9500;56228.1500;815.7000;35.7500;0.0645;3.1906;0.0000;-779.9500;0.0000;6.8165;0.0000;-779.9500;0.0000;6.8165;1.0000;0.0000;0.0000;0.0000;0.0000
1065;614.08;809.1500;56218.1000;810.0000;0.8500;0.0015;4.8142;0.0000;-809.1500;0.0000;6.8165;0.0000;-809.1500;0.0000;6.8165;1.0000;0.0000;0.0000;0.0000;0.0000
1066;614.39;791.5000;56203.6500;804.1000;12.6000;0.0227;3.6432;0.0000;-791.5000;0.0000;6.8165;0.0000;-791.5000;0.0000;6.8165;1.0000;0.0000;0.0000;0.0000;0.0000
1067;614.70;785.4000;56508.4000;802.4500;17.0500;0.0306;3.5143;0.0000;-785.4000;0.0000;6.8165;0.0000;-785.4000;0.0000;6.8165;1.0000;0.0000;0.0000;0.0000;0.0000
1068;615.00;780.0500;56558.1500;812.6500;32.6000;0.0584;3.2332;0.0000;-780.0500;0.0000;6.8165;0.0000;-780.0500;0.0000;6.8165;1.0000;0.0000;0.0000;0.0000;0.0000
1069;615.31;796.1000;56556.7500;801.7000;5.6000;0.0100;3.9981;0.0000;-796.1000;0.0000;6.8165;0.0000;-796.1000;0.0000;6.8165;1.0000;0.0000;0.0000;0.0000;0.0000
1070;615.62;802.7500;56433.4000;803.6000;0.8500;0.0015;4.8159;0.0000;-802.7500;0.0000;6.8165;0.0000;-802.7500;0.0000;6.8165;1.0000;0.0000;0.0000;0.0000;0.0000
1071;615.93;781.2500;56470.2500;809.0500;27.8000;0.0499;3.3017;0.0000;-781.2500;0.0000;6.8165;0.0000;-781.2500;0.0000;6.8165;1.0000;0.0000;0.0000;0.0000;0.0000
1072;616.24;777.4000;55873.6500;816.2000;38.8000;0.0704;3.1523;0.0000;-777.4000;0.0000;6.8165;0.0000;-777.4000;0.0000;6.8165;1.0000;0.0000;0.0000;0.0000;0.0000
1073;616.55;777.7500;55499.3000;807.6500;29.9000;0.0546;3.2625;0.0000;-777.7500;0.0000;6.8165;0.0000;-777.7500;0.0000;6.8165;1.0000;0.0000;0.0000;0.0000;0.0000
1074;616.86;787.7000;55785.5500;812.0000;24.3000;0.0442;3.3547;0.0000;-787.7000;0.0000;6.8165;0.0000;-787.7000;0.0000;6.8165;1.0000;0.0000;0.0000;0.0000;0.0000
1075;617.16;785.2000;55939.1000;811.0000;25.8000;0.0468;3.3300;0.0000;-785.2000;0.0000;6.8165;0.0000;-785.2000;0.0000;6.8165;1.0000;0.0000;0.0000;0.0000;0.0000
1076;617.47;793.8500;56090.2000;803.4000;9.5500;0.0173;3.7627;0.0000;-793.8500;0.0000;6.8165;0.0000;-793.8500;0.0000;6.8165;1.0000;0.0000;0.0000;0.0000;0.0000
1077;617.78;789.1000;56444.5500;812.4000;23.3000;0.0419;3.3782;0.0000;-789.1000;0.0000;6.8165;0.0000;-789.1000;0.0000;6.8165;1.0000;0.0000;0.0000;0.0000;0.0000
1078;618.09;787.1500;56249.6500;822.3500;35.2000;0.0635;3.1975;0.0000;-787.1500;0.0000;6.8165;0.0000;-787.1500;0.0000;6.8165;1.0000;0.0000;0.0000;0.0000;0.0000
1079;618.40;794.3000;56570.7500;826.3000;32.0000;0.0574;3.2413;0.0000;-794.3000;0.0000;6.8165;0.0000;-794.3000;0.0000;6.8165;1.0000;0.0000;0.0000;0.0000;0.0000
1080;618.70;798.8000;55828.8500;824.2500;25.4500;0.0462;3.3349;0.0000;-798.8000;0.0000;6.8165;0.0000;-798.8000;0.0000;6.8165;1.0000;0.0000;0.0000;0.0000;0.0000
1081;619.01;795.9000;55161.5500;794.7500;-1.1500;0.0000;6.8165;0.0000;-795.9000;0.0000;6.8165;0.0000;-795.9000;0.0000;6.8165;1.0000;0.0000;0.0000;0.0000;0.0000
1082;619.32;778.2000;55726.8000;804.0000;25.8000;0.0470;3.3283;0.0000;-778.2000;0.0000;6.8165;0.0000;-778.2000;0.0000;6.8165;1.0000;0.0000;0.0000;0.0000;0.0000
1083;619.63;790.2000;56021.9500;818.2500;28.0500;0.0508;3.2943;0.0000;-790.2000;0.0000;6.8165;0.0000;-790.2000;0.0000;6.8165;1.0000;0.0000;0.0000;0.0000;0.0000
1084;619.93;796.7000;56052.3000;820.0000;23.3000;0.0422;3.3750;0.0000;-796.7000;0.0000;6.8165;0.0000;-796.7000;0.0000;6.8165;1.0000;0.0000;0.0000;0.0000;0.0000
1085;620.24;796.9000;56247.3500;811.6500;14.7500;0.0266;3.5751;0.0000;-796.9000;0.0000;6.8165;0.0000;-796.9000;0.0000;6.8165;1.0000;0.0000;0.0000;0.0000;0.0000
1086;620.55;783.9000;56386.4000;816.7500;32.8500;0.0591;3.2286;0.0000;-783.9000;0.0000;6.8165;0.0000;-783.9000;0.0000;6.8165;1.0000;0.0000;0.0000;0.0000;0.0000
1087;620.85;796.3500;56501.5000;832.1000;35.7500;0.0642;3.1926;0.0000;-796.3500;0.0000;6.8165;0.0000;-796.3500;0.0000;6.8165;1.0000;0.0000;0.0000;0.0000;0.0000
1088;621.16;797.2500;56136.1000;809.1500;11.9000;0.0215;3.6675;0.0000;-797.2500;0.0000;6.8165;0.0000;-797.2500;0.0000;6.8165;1.0000;0.0000;0.0000;0.0000;0.0000
1089;621.47;792.4000;56304.1500;814.7000;22.3000;0.0402;3.3961;0.0000;-792.4000;0.0000;6.8165;0.0000;-792.4000;0.0000;6.8165;1.0000;0.0000;0.0000;0.0000;0.0000
1090;621.77;779.8000;56264.6500;816.6500;36.8500;0.0664;3.1777;0.0000;-779.8000;0.0000;6.8165;0.0000;-779.8000;0.0000;6.8165;1.0000;0.0000;0.0000;0.0000;0.0000
1091;622.08;795.6500;56034.6500;824.0000;28.3500;0.0513;3.2897;0.0000;-795.6500;0.0000;6.8165;0.0000;-795.6500;0.0000;6.8165;1.0000;0.0000;0.0000;0.0000;0.0000
1092;622.39;790.8500;55452.1000;824.6000;33.7500;0.0617;3.2094;0.0000;-790.8500;0.0000;6.8165;0.0000;-790.8500;0.0000;6.8165;1.0000;0.0000;0.0000;0.0000;0.0000
1093;622.69;786.6000;55883.9000;827.9500;41.3500;0.0750;3.1247;0.0000;-786.6000;0.0000;6.8165;0.0000;-786.6000;0.0000;6.8165;1.0000;0.0000;0.0000;0.0000;0.0000
1094;623.00;785.8500;55658.0500;824.3000;38.4500;0.0701;3.1545;0.0000;-785.8500;0.0000;6.8165;0.0000;-785.8500;0.0000;6.8165;1.0000;0.0000;0.0000;0.0000;0.0000
1095;623.31;779.9500;55851.6500;795.3000;15.3500;0.0279;3.5548;0.0000;-779.9500;0.0000;6.8165;0.0000;-779.9500;0.0000;6.8165;1.0000;0.0000;0.0000;0.0000;0.0000
1096;623.61;781.8000;55920.8500;811.1000;29.3000;0.0531;3.2746;0.0000;-781.8000;0.0000;6.8165;0.0000;-781.8000;0.0000;6.8165;1.0000;0.0000;0.0000;0.0000;0.0000
1097;623.92;784.3000;55951.0000;820.7000;36.4000;0.0660;3.1806;0.0000;-784.3000;0.0000;6.8165;0.0000;-784.3000;0.0000;6.8165;1.0000;0.0000;0.0000;0.0000;0.0000
1098;624.22;772.4000;55487.5500;817.8500;45.4500;0.0831;3.0806;0.0000;-772.4000;0.0000;6.8165;0.0000;-772.4000;0.0000;6.8165;1.0000;0.0000;0.0000;0.0000;0.0000
1099;624.53;784.8000;55098.2000;817.4000;32.6000;0.0600;3.2217;0.0000;-784.8000;0.0000;6.8165;0.0000;-784.8000;0.0000;6.8165;1.0000;0.0000;0.0000;0.0000;0.0000
1100;624.84;787.0500;54413.3500;811.5000;24.4500;0.0456;3.3411;0.0000;-787.0500;0.0000;6.8165;0.0000;-787.0500;0.0000;6.8165;1.0000;0.0000;0.0000;0.0000;0.0000
1101;625.14;783.1000;54319.7000;810.8500;27.7500;0.0518;3.2854;0.0000;-783.1000;0.0000;6.8165;0.0000;-783.1000;0.0000;6.8165;1.0000;0.0000;0.0000;0.0000;0.0000
1102;625.45;787.6000;54526.3500;822.6000;35.0000;0.0651;3.1862;0.0000;-787.6000;0.0000;6.8165;0.0000;-787.6000;0.0000;6.8165;1.0000;0.0000;0.0000;0.0000;0.0000
1103;625.75;772.3500;55568.0000;818.0500;45.7000;0.0834;3.0788;0.0000;-772.3500;0.0000;6.8165;0.0000;-772.3500;0.0000;6.8165;1.0000;0.0000;0.0000;0.0000;0.0000
1104;626.06;791.2500;55831.4000;825.0000;33.7500;0.0613;3.2124;0.0000;-791.2500;0.0000;6.8165;0.0000;-791.2500;0.0000;6.8165;1.0000;0.0000;0.0000;0.0000;0.0000
1105;626.36;783.8500;55616.5500;807.0500;23.2000;0.0423;3.3736;0.0000;-783.8500;0.0000;6.8165;0.0000;-783.8500;0.0000;6.8165;1.0000;0.0000;0.0000;0.0000;0.0000
1106;626.67;798.5500;55700.1500;823.5000;24.9500;0.0454;3.3425;0.0000;-798.5500;0.0000;6.8165;0.0000;-798.5500;0.0000;6.8165;1.0000;0.0000;0.0000;0.0000;0.0000
1107;626.97;783.5500;55491.6500;818.8000;35.2500;0.0644;3.1909;0.0000;-783.5500;0.0000;6.8165;0.0000;-783.5500;0.0000;6.8165;1.0000;0.0000;0.0000;0.0000;0.0000
1108;627.28;783.0500;54878.9000;821.1500;38.1000;0.0704;3.1522;0.0000;-783.0500;0.0000;6.8165;0.0000;-783.0500;0.0000;6.8165;1.0000;0.0000;0.0000;0.0000;0.0000
1109;627.58;803.9000;54681.7000;833.3500;29.4500;0.0547;3.2623;0.0000;-803.9000;0.0000;6.8165;0.0000;-803.9000;0.0000;6.8165;1.0000;0.0000;0.0000;0.0000;0.0000
1110;627.89;791.8500;54667.4000;817.9500;26.1000;0.0484;3.3148;0.0000;-791.8500;0.0000;6.8165;0.0000;-791.8500;0.0000;6.8165;1.0000;0.0000;0.0000;0.0000;0.0000
1111;628.19;785.2500;54538.7000;818.0000;32.7500;0.0609;3.2152;0.0000;-785.2500;0.0000;6.8165;0.0000;-785.2500;0.0000;6.8165;1.0000;0.0000;0.0000;0.0000;0.0000
1112;628.50;795.4500;55048.4500;833.3500;37.9000;0.0699;3.1558;0.0000;-795.4500;0.0000;6.8165;0.0000;-795.4500;0.0000;6.8165;1.0000;0.0000;0.0000;0.0000;0.0000
1113;628.80;788.4500;54933.2000;829.9500;41.5000;0.0766;3.1155;0.0000;-788.4500;0.0000;6.8165;0.0000;-788.4500;0.0000;6.8165;1.0000;0.0000;0.0000;0.0000;0.0000
1114;629.11;764.0500;54965.7000;823.3500;59.3000;0.1094;2.9610;0.0000;-764.0500;0.0000;6.8165;0.0000;-764.0500;0.0000;6.8165;1.0000;0.0000;0.0000;0.0000;0.0000
1115;629.41;776.8000;54968.1000;818.7500;41.9500;0.0774;3.1112;0.0000;-776.8000;0.0000;6.8165;0.0000;-776.8000;0.0000;6.8165;1.0000;0.0000;0.0000;0.0000;0.0000
1116;629.71;785.0500;54528.8000;819.5000;34.4500;0.0641;3.1931;0.0000;-785.0500;0.0000;6.8165;0.0000;-785.0500;0.0000;6.8165;1.0000;0.0000;0.0000;0.0000;0.0000
1117;630.02;797.7500;54199.6000;817.0000;19.2500;0.0360;3.4431;0.0000;-797.7500;0.0000;6.8165;0.0000;-797.7500;0.0000;6.8165;1.0000;0.0000;0.0000;0.0000;0.0000
1118;630.32;802.1500;53570.6500;809.8500;7.7000;0.0146;3.8359;0.0000;-802.1500;0.0000;6.8165;0.0000;-802.1500;0.0000;6.8165;1.0000;0.0000;0.0000;0.0000;0.0000
1119;630.63;788.1000;53070.4500;811.9500;23.8500;0.0456;3.3409;0.0000;-788.1000;0.0000;6.8165;0.0000;-788.1000;0.0000;6.8165;1.0000;0.0000;0.0000;0.0000;0.0000
1120;630.93;791.9500;54172.1500;831.6500;39.7000;0.0744;3.1286;0.0000;-791.9500;0.0000;6.8165;0.0000;-791.9500;0.0000;6.8165;1.0000;0.0000;0.0000;0.0000;0.0000
1121;631.23;783.5000;54970.6000;824.5500;41.0500;0.0758;3.1206;0.0000;-783.5000;0.0000;6.8165;0.0000;-783.5000;0.0000;6.8165;1.0000;0.0000;0.0000;0.0000;0.0000
1122;631.54;786.4500;54974.6500;814.2000;27.7500;0.0512;3.2906;0.0000;-786.4500;0.0000;6.8165;0.0000;-786.4500;0.0000;6.8165;1.0000;0.0000;0.0000;0.0000;0.0000
1123;631.84;797.4500;54813.4500;820.1500;22.7000;0.0420;3.3765;0.0000;-797.4500;0.0000;6.8165;0.0000;-797.4500;0.0000;6.8165;1.0000;0.0000;0.0000;0.0000;0.0000
1124;632.14;796.3500;54605.5000;802.2500;5.9000;0.0110;3.9600;0.0000;-796.3500;0.0000;6.8165;0.0000;-796.3500;0.0000;6.8165;1.0000;0.0000;0.0000;0.0000;0.0000
1125;632.45;779.4500;54011.4000;823.6000;44.1500;0.0829;3.0812;0.0000;-779.4500;0.0000;6.8165;0.0000;-779.4500;0.0000;6.8165;1.0000;0.0000;0.0000;0.0000;0.0000
1126;632.75;783.5500;54108.0500;819.7500;36.2000;0.0679;3.1682;0.0000;-783.5500;0.0000;6.8165;0.0000;-783.5500;0.0000;6.8165;1.0000;0.0000;0.0000;0.0000;0.0000
1127;633.05;789.3000;53378.0000;825.7500;36.4500;0.0693;3.1592;0.0000;-789.3000;0.0000;6.8165;0.0000;-789.3000;0.0000;6.8165;1.0000;0.0000;0.0000;0.0000;0.0000
1128;633.36;790.4500;53617.5000;830.4000;39.9500;0.0756;3.1213;0.0000;-790.4500;0.0000;6.8165;0.0000;-790.4500;0.0000;6.8165;1.0000;0.0000;0.0000;0.0000;0.0000
1129;633.66;796.8500;53657.1000;815.1000;18.2500;0.0345;3.4619;0.0000;-796.8500;0.0000;6.8165;0.0000;-796.8500;0.0000;6.8165;1.0000;0.0000;0.0000;0.0000;0.0000
1130;633.96;785.5000;54422.8500;813.5000;28.0000;0.0522;3.2823;0.0000;-785.5000;0.0000;6.8165;0.0000;-785.5000;0.0000;6.8165;1.0000;0.0000;0.0000;0.0000;0.0000
1131;634.27;791.7000;54319.4500;824.6000;32.9000;0.0615;3.2114;0.0000;-791.7000;0.0000;6.8165;0.0000;-791.7000;0.0000;6.8165;1.0000;0.0000;0.0000;0.0000;0.0000
1132;634.57;782.2500;54394.7500;821.5500;39.3000;0.0733;3.1349;0.0000;-782.2500;0.0000;6.8165;0.0000;-782.2500;0.0000;6.8165;1.0000;0.0000;0.0000;0.0000;0.0000
1133;634.87;791.9000;54376.6000;828.5500;36.6500;0.0684;3.1650;0.0000;-791.9000;0.0000;6.8165;0.0000;-791.9000;0.0000;6.8165;1.0000;0.0000;0.0000;0.0000;0.0000
1134;635.17;789.5000;53875.2500;821.7500;32.2500;0.0608;3.2164;0.0000;-789.5000;0.0000;6.8165;0.0000;-789.5000;0.0000;6.8165;1.0000;0.0000;0.0000;0.0000;0.0000
1135;635.48;783.2000;52982.1500;820.3000;37.1000;0.0711;3.1483;0.0000;-783.2000;0.0000;6.8165;0.0000;-783.2000;0.0000;6.8165;1.0000;0.0000;0.0000;0.0000;0.0000
1136;635.78;794.5500;52903.2500;823.5000;28.9500;0.0556;3.2553;0.0000;-794.5500;0.0000;6.8165;0.0000;-794.5500;0.0000;6.8165;1.0000;0.0000;0.0000;0.0000;0.0000
1137;636.08;790.1000;52512.2500;821.8000;31.7000;0.0613;3.2126;0.0000;-790.1000;0.0000;6.8165;0.0000;-790.1000;0.0000;6.8165;1.0000;0.0000;0.0000;0.0000;0.0000
1138;636.38;789.7500;52585.5000;824.7500;35.0000;0.0676;3.1702;0.0000;-789.7500;0.0000;6.8165;0.0000;-789.7500;0.0000;6.8165;1.0000;0.0000;0.0000;0.0000;0.0000
1139;636.68;782.9500;52767.2000;821.3500;38.4000;0.0739;3.1315;0.0000;-782.9500;0.0000;6.8165;0.0000;-782.9500;0.0000;6.8165;1.0000;0.0000;0.0000;0.0000;0.0000
1140;636.99;788.5500;53361.5500;815.1000;26.5500;0.0505;3.2967;0.0000;-788.5500;0.0000;6.8165;0.0000;-788.5500;0.0000;6.8165;1.0000;0.0000;0.0000;0.0000;0.0000
1141;637.29;784.4000;53764.3500;823.1000;38.7000;0.0730;3.1364;0.0000;-784.4000;0.0000;6.8165;0.0000;-784.4000;0.0000;6.8165;1.0000;0.0000;0.0000;0.0000;0.0000
1142;637.59;796.6000;53093.2000;832.4000;35.8000;0.0685;3.1646;0.0000;-796.6000;0.0000;6.8165;0.0000;-796.6000;0.0000;6.8165;1.0000;0.0000;0.0000;0.0000;0.0000
1143;637.89;796.6000;52522.2000;823.6500;27.0500;0.0523;3.2815;0.0000;-796.6000;0.0000;6.8165;0.0000;-796.6000;0.0000;6.8165;1.0000;0.0000;0.0000;0.0000;0.0000
1144;638.19;778.2500;53003.5000;830.1500;51.9000;0.0994;3.0027;0.0000;-778.2500;0.0000;6.8165;0.0000;-778.2500;0.0000;6.8165;1.0000;0.0000;0.0000;0.0000;0.0000
1145;638.49;797.6500;52544.0000;816.6000;18.9500;0.0366;3.4363;0.0000;-797.6500;0.0000;6.8165;0.0000;-797.6500;0.0000;6.8165;1.0000;0.0000;0.0000;0.0000;0.0000
1146;638.80;803.8500;52131.5000;826.9500;23.1000;0.0450;3.3467;0.0000;-803.8500;0.0000;6.8165;0.0000;-803.8500;0.0000;6.8165;1.0000;0.0000;0.0000;0.0000;0.0000
1147;639.10;795.2000;51917.3000;821.3500;26.1500;0.0512;3.2911;0.0000;-795.2000;0.0000;6.8165;0.0000;-795.2000;0.0000;6.8165;1.0000;0.0000;0.0000;0.0000;0.0000
1148;639.40;783.3500;52106.9500;815.8000;32.4500;0.0632;3.1991;0.0000;-783.3500;0.0000;6.8165;0.0000;-783.3500;0.0000;6.8165;1.0000;0.0000;0.0000;0.0000;0.0000
1149;639.70;790.6000;52221.8000;825.9000;35.3000;0.0686;3.1635;0.0000;-790.6000;0.0000;6.8165;0.0000;-790.6000;0.0000;6.8165;1.0000;0.0000;0.0000;0.0000;0.0000
1150;640.00;784.5000;52424.3000;822.3500;37.8500;0.0733;3.1349;0.0000;-784.5000;0.0000;6.8165;0.0000;-784.5000;0.0000;6.8165;1.0000;0.0000;0.0000;0.0000;0.0000
1151;640.30;778.7000;52697.7500;808.6000;29.9000;0.0576;3.2397;0.0000;-778.7000;0.0000;6.8165;0.0000;-778.7000;0.0000;6.8165;1.0000;0.0000;0.0000;0.0000;0.0000
1152;640.60;790.3500;52764.3500;818.6500;28.3000;0.0545;3.2640;0.0000;-790.3500;0.0000;6.8165;0.0000;-790.3500;0.0000;6.8165;1.0000;0.0000;0.0000;0.0000;0.0000
1153;640.90;780.2500;53005.9500;802.2000;21.9500;0.0420;3.3764;0.0000;-780.2500;0.0000;6.8165;0.0000;-780.2500;0.0000;6.8165;1.0000;0.0000;0.0000;0.0000;0.0000
1154;641.20;789.5500;52297.2500;830.5500;41.0000;0.0796;3.0991;0.0000;-789.5500;0.0000;6.8165;0.0000;-789.5500;0.0000;6.8165;1.0000;0.0000;0.0000;0.0000;0.0000
1155;641.50;789.1500;52283.4500;821.5000;32.3500;0.0628;3.2019;0.0000;-789.1500;0.0000;6.8165;0.0000;-789.1500;0.0000;6.8165;1.0000;0.0000;0.0000;0.0000;0.0000
1156;641.80;776.9500;52026.6500;815.4000;38.4500;0.0750;3.1248;0.0000;-776.9500;0.0000;6.8165;0.0000;-776.9500;0.0000;6.8165;1.0000;0.0000;0.0000;0.0000;0.0000
1157;642.10;785.7500;52202.1000;823.1000;37.3500;0.0726;3.1388;0.0000;-785.7500;0.0000;6.8165;0.0000;-785.7500;0.0000;6.8165;1.0000;0.0000;0.0000;0.0000;0.0000
1158;642.40;789.1000;51770.6000;811.8500;22.7500;0.0446;3.3504;0.0000;-789.1000;0.0000;6.8165;0.0000;-789.1000;0.0000;6.8165;1.0000;0.0000;0.0000;0.0000;0.0000
1159;642.70;787.2000;52047.7000;830.7500;43.5500;0.0850;3.0708;0.0000;-787.2000;0.0000;6.8165;0.0000;-787.2000;0.0000;6.8165;1.0000;0.0000;0.0000;0.0000;0.0000
1160;643.00;772.7000;51884.9000;812.8000;40.1000;0.0785;3.1054;0.0000;-772.7000;0.0000;6.8165;0.0000;-772.7000;0.0000;6.8165;1.0000;0.0000;0.0000;0.0000;0.0000
1161;643.30;779.0000;51821.8500;816.6500;37.6500;0.0738;3.1322;0.0000;-779.0000;0.0000;6.8165;0.0000;-779.0000;0.0000;6.8165;1.0000;0.0000;0.0000;0.0000;0.0000
1162;643.60;788.2000;51185.9000;822.6500;34.4500;0.0684;3.1652;0.0000;-788.2000;0.0000;6.8165;0.0000;-788.2000;0.0000;6.8165;1.0000;0.0000;0.0000;0.0000;0.0000
1163;643.90;792.1500;50692.4500;833.2000;41.0500;0.0823;3.0848;0.0000;-792.1500;0.0000;6.8165;0.0000;-792.1500;0.0000;6.8165;1.0000;0.0000;0.0000;0.0000;0.0000
1164;644.20;788.9500;50546.2500;815.7500;26.8000;0.0539;3.2687;0.0000;-788.9500;0.0000;6.8165;0.0000;-788.9500;0.0000;6.8165;1.0000;0.0000;0.0000;0.0000;0.0000
1165;644.50;785.4500;50442.5000;831.8500;46.4000;0.0934;3.0295;0.0000;-785.4500;0.0000;6.8165;0.0000;-785.4500;0.0000;6.8165;1.0000;0.0000;0.0000;0.0000;0.0000
1166;644.80;780.9000;50131.6500;810.1000;29.2000;0.0592;3.2279;0.0000;-780.9000;0.0000;6.8165;0.0000;-780.9000;0.0000;6.8165;1.0000;0.0000;0.0000;0.0000;0.0000
1167;645.10;786.7000;50644.4000;832.8500;46.1500;0.0926;3.0336;0.0000;-786.7000;0.0000;6.8165;0.0000;-786.7000;0.0000;6.8165;1.0000;0.0000;0.0000;0.0000;0.0000
1168;645.40;779.0500;51145.7000;814.4500;35.4000;0.0703;3.1531;0.0000;-779.0500;0.0000;6.8165;0.0000;-779.0500;0.0000;6.8165;1.0000;0.0000;0.0000;0.0000;0.0000
1169;645.70;778.1500;51180.8000;831.9500;53.8000;0.1067;2.9717;0.0000;-778.1500;0.0000;6.8165;0.0000;-778.1500;0.0000;6.8165;1.0000;0.0000;0.0000;0.0000;0.0000
1170;646.00;785.2000;50353.8000;819.3500;34.1500;0.0689;3.1618;0.0000;-785.2000;0.0000;6.8165;0.0000;-785.2000;0.0000;6.8165;1.0000;0.0000;0.0000;0.0000;0.0000
1171;646.30;778.8000;50825.9000;840.8500;62.0500;0.1240;2.9066;0.0000;-778.8000;0.0000;6.8165;0.0000;-778.8000;0.0000;6.8165;1.0000;0.0000;0.0000;0.0000;0.0000
1172;646.59;785.5500;50867.8500;826.8500;41.3000;0.0825;3.0837;0.0000;-785.5500;0.0000;6.8165;0.0000;-785.5500;0.0000;6.8165;1.0000;0.0000;0.0000;0.0000;0.0000
1173;646.89;786.2500;50867.6000;840.2000;53.9500;0.1077;2.9677;0.0000;-786.2500;0.0000;6.8165;0.0000;-786.2500;0.0000;6.8165;1.0000;0.0000;0.0000;0.0000;0.0000
1174;647.19;777.5500;50478.6000;825.8000;48.2500;0.0971;3.0129;0.0000;-777.5500;0.0000;6.8165;0.0000;-777.5500;0.0000;6.8165;1.0000;0.0000;0.0000;0.0000;0.0000
1175;647.49;783.9500;50501.6000;829.4000;45.4500;0.0914;3.0390;0.0000;-783.9500;0.0000;6.8165;0.0000;-783.9500;0.0000;6.8165;1.0000;0.0000;0.0000;0.0000;0.0000
1176;647.79;787.4500;50850.9000;823.8000;36.3500;0.0726;3.1390;0.0000;-787.4500;0.0000;6.8165;0.0000;-787.4500;0.0000;6.8165;1.0000;0.0000;0.0000;0.0000;0.0000
1177;648.09;787.9000;50840.4500;827.3000;39.4000;0.0787;3.1039;0.0000;-787.9000;0.0000;6.8165;0.0000;-787.9000;0.0000;6.8165;1.0000;0.0000;0.0000;0.0000;0.0000
1178;648.39;790.3500;51094.9000;827.5000;37.1500;0.0739;3.1316;0.0000;-790.3500;0.0000;6.8165;0.0000;-790.3500;0.0000;6.8165;1.0000;0.0000;0.0000;0.0000;0.0000
1179;648.68;784.5500;51903.5000;828.8000;44.2500;0.0866;3.0627;0.0000;-784.5500;0.0000;6.8165;0.0000;-784.5500;0.0000;6.8165;1.0000;0.0000;0.0000;0.0000;0.0000
1180;648.98;778.9500;51355.2000;835.0500;56.1000;0.1109;2.9550;0.0000;-778.9500;0.0000;6.8165;0.0000;-778.9500;0.0000;6.8165;1.0000;0.0000;0.0000;0.0000;0.0000
1181;649.28;790.3000;51837.6500;830.5500;40.2500;0.0788;3.1032;0.0000;-790.3000;0.0000;6.8165;0.0000;-790.3000;0.0000;6.8165;1.0000;0.0000;0.0000;0.0000;0.0000
1182;649.58;772.0000;52265.0000;846.7000;74.7000;0.1451;2.8384;0.0000;-772.0000;0.0000;6.8165;0.0000;-772.0000;0.0000;6.8165;1.0000;0.0000;0.0000;0.0000;0.0000
1183;649.87;778.4000;51843.0000;841.2500;62.8500;0.1231;2.9098;0.0000;-778.4000;0.0000;6.8165;0.0000;-778.4000;0.0000;6.8165;1.0000;0.0000;0.0000;0.0000;0.0000
1184;650.17;778.4500;50986.7000;825.0500;46.6000;0.0928;3.0324;0.0000;-778.4500;0.0000;6.8165;0.0000;-778.4500;0.0000;6.8165;1.0000;0.0000;0.0000;0.0000;0.0000
1185;650.47;780.1000;49817.5000;833.1500;53.0500;0.1082;2.9658;0.0000;-780.1000;0.0000;6.8165;0.0000;-780.1000;0.0000;6.8165;1.0000;0.0000;0.0000;0.0000;0.0000
1186;650.77;778.7000;50084.3000;827.8000;49.1000;0.0996;3.0018;0.0000;-778.7000;0.0000;6.8165;0.0000;-778.7000;0.0000;6.8165;1.0000;0.0000;0.0000;0.0000;0.0000
1187;651.06;789.9500;50636.7500;827.4500;37.5000;0.0752;3.1236;0.0000;-789.9500;0.0000;6.8165;0.0000;-789.9500;0.0000;6.8165;1.0000;0.0000;0.0000;0.0000;0.0000
1188;651.36;780.2000;50072.2000;830.6000;50.4000;0.1022;2.9903;0.0000;-780.2000;0.0000;6.8165;0.0000;-780.2000;0.0000;6.8165;1.0000;0.0000;0.0000;0.0000;0.0000
1189;651.66;795.7000;50156.2000;829.6500;33.9500;0.0688;3.1625;0.0000;-795.7000;0.0000;6.8165;0.0000;-795.7000;0.0000;6.8165;1.0000;0.0000;0.0000;0.0000;0.0000
1190;651.96;777.5500;51058.7500;831.5000;53.9500;0.1073;2.9694;0.0000;-777.5500;0.0000;6.8165;0.0000;-777.5500;0.0000;6.8165;1.0000;0.0000;0.0000;0.0000;0.0000
1191;652.25;777.0500;50748.9500;820.6000;43.5500;0.0871;3.0597;0.0000;-777.0500;0.0000;6.8165;0.0000;-777.0500;0.0000;6.8165;1.0000;0.0000;0.0000;0.0000;0.0000
1192;652.55;787.1500;49708.0500;829.0500;41.9000;0.0856;3.0673;0.0000;-787.1500;0.0000;6.8165;0.0000;-787.1500;0.0000;6.8165;1.0000;0.0000;0.0000;0.0000;0.0000
1193;652.85;786.6000;48651.0000;840.0500;53.4500;0.1117;2.9521;0.0000;-786.6000;0.0000;6.8165;0.0000;-786.6000;0.0000;6.8165;1.0000;0.0000;0.0000;0.0000;0.0000
1194;653.14;793.1000;48716.7500;830.9000;37.8000;0.0789;3.1031;0.0000;-793.1000;0.0000;6.8165;0.0000;-793.1000;0.0000;6.8165;1.0000;0.0000;0.0000;0.0000;0.0000
1195;653.44;783.5000;49000.8000;830.4500;46.9500;0.0974;3.0116;0.0000;-783.5000;0.0000;6.8165;0.0000;-783.5000;0.0000;6.8165;1.0000;0.0000;0.0000;0.0000;0.0000
1196;653.74;787.2500;48756.5000;833.4000;46.1500;0.0962;3.0168;0.0000;-787.2500;0.0000;6.8165;0.0000;-787.2500;0.0000;6.8165;1.0000;0.0000;0.0000;0.0000;0.0000
1197;654.03;791.1500;49034.7500;841.4000;50.2500;0.1042;2.9823;0.0000;-791.1500;0.0000;6.8165;0.0000;-791.1500;0.0000;6.8165;1.0000;0.0000;0.0000;0.0000;0.0000
1198;654.33;792.5000;49457.5500;835.7000;43.2000;0.0888;3.0517;0.0000;-792.5000;0.0000;6.8165;0.0000;-792.5000;0.0000;6.8165;1.0000;0.0000;0.0000;0.0000;0.0000
1199;654.62;787.8000;49817.9000;847.6000;59.8000;0.1220;2.9138;0.0000;-787.8000;0.0000;6.8165;0.0000;-787.8000;0.0000;6.8165;1.0000;0.0000;0.0000;0.0000;0.0000
1200;654.92;783.9500;49190.0500;827.3000;43.3500;0.0896;3.0479;0.0000;-783.9500;0.0000;6.8165;0.0000;-783.9500;0.0000;6.8165;1.0000;0.0000;0.0000;0.0000;0.0000
1201;655.22;793.1500;48306.6500;833.7500;40.6000;0.0854;3.0683;0.0000;-793.1500;0.0000;6.8165;0.0000;-793.1500;0.0000;6.8165;1.0000;0.0000;0.0000;0.0000;0.0000
1202;655.51;786.8500;48671.4000;817.7000;30.8500;0.0644;3.1909;0.0000;-786.8500;0.0000;6.8165;0.0000;-786.8500;0.0000;6.8165;1.0000;0.0000;0.0000;0.0000;0.0000
1203;655.81;788.7500;48510.0000;836.4500;47.7000;0.1000;3.0002;0.0000;-788.7500;0.0000;6.8165;0.0000;-788.7500;0.0000;6.8165;1.0000;0.0000;0.0000;0.0000;0.0000
1204;656.10;799.6000;48363.8000;826.2000;26.6000;0.0559;3.2524;0.0000;-799.6000;0.0000;6.8165;0.0000;-799.6000;0.0000;6.8165;1.0000;0.0000;0.0000;0.0000;0.0000
1205;656.40;788.7000;48417.0000;833.2000;44.5000;0.0934;3.0295;0.0000;-788.7000;0.0000;6.8165;0.0000;-788.7000;0.0000;6.8165;1.0000;0.0000;0.0000;0.0000;0.0000
1206;656.69;795.6500;49207.9500;829.7500;34.1000;0.0704;3.1522;0.0000;-795.6500;0.0000;6.8165;0.0000;-795.6500;0.0000;6.8165;1.0000;0.0000;0.0000;0.0000;0.0000
1207;656.99;782.5000;49145.7000;818.3500;35.8500;0.0741;3.1300;0.0000;-782.5000;0.0000;6.8165;0.0000;-782.5000;0.0000;6.8165;1.0000;0.0000;0.0000;0.0000;0.0000
1208;657.29;793.7500;47652.0500;832.7500;39.0000;0.0832;3.0797;0.0000;-793.7500;0.0000;6.8165;0.0000;-793.7500;0.0000;6.8165;1.0000;0.0000;0.0000;0.0000;0.0000
1209;657.58;783.6000;47159.7000;827.2500;43.6500;0.0941;3.0263;0.0000;-783.6000;0.0000;6.8165;0.0000;-783.6000;0.0000;6.8165;1.0000;0.0000;0.0000;0.0000;0.0000
1210;657.88;786.5500;47872.1000;842.0000;55.4500;0.1178;2.9290;0.0000;-786.5500;0.0000;6.8165;0.0000;-786.5500;0.0000;6.8165;1.0000;0.0000;0.0000;0.0000;0.0000
1211;658.17;783.8500;47361.7000;832.6500;48.8000;0.1048;2.9798;0.0000;-783.8500;0.0000;6.8165;0.0000;-783.8500;0.0000;6.8165;1.0000;0.0000;0.0000;0.0000;0.0000
1212;658.47;787.7500;46965.0500;848.4500;60.7000;0.1314;2.8812;0.0000;-787.7500;0.0000;6.8165;0.0000;-787.7500;0.0000;6.8165;1.0000;0.0000;0.0000;0.0000;0.0000
1213;658.76;791.6000;47036.4000;836.8000;45.2000;0.0977;3.0099;0.0000;-791.6000;0.0000;6.8165;0.0000;-791.6000;0.0000;6.8165;1.0000;0.0000;0.0000;0.0000;0.0000
1214;659.05;789.4000;47844.3500;836.8500;47.4500;0.1008;2.9964;0.0000;-789.4000;0.0000;6.8165;0.0000;-789.4000;0.0000;6.8165;1.0000;0.0000;0.0000;0.0000;0.0000
1215;659.35;775.3000;48324.2000;830.2500;54.9500;0.1156;2.9372;0.0000;-775.3000;0.0000;6.8165;0.0000;-775.3000;0.0000;6.8165;1.0000;0.0000;0.0000;0.0000;0.0000
1216;659.64;768.8500;47653.7000;838.1500;69.3000;0.1478;2.8303;0.0000;-768.8500;0.0000;6.8165;0.0000;-768.8500;0.0000;6.8165;1.0000;0.0000;0.0000;0.0000;0.0000
1217;659.94;765.7000;47337.7000;835.2500;69.5500;0.1493;2.8258;0.0000;-765.7000;0.0000;6.8165;0.0000;-765.7000;0.0000;6.8165;1.0000;0.0000;0.0000;0.0000;0.0000
1218;660.23;779.7000;47794.2500;842.8000;63.1000;0.1342;2.8722;0.0000;-779.7000;0.0000;6.8165;0.0000;-779.7000;0.0000;6.8165;1.0000;0.0000;0.0000;0.0000;0.0000
1219;660.53;793.7500;48009.8500;839.0500;45.3000;0.0959;3.0180;0.0000;-793.7500;0.0000;6.8165;0.0000;-793.7500;0.0000;6.8165;1.0000;0.0000;0.0000;0.0000;0.0000
1220;660.82;778.8000;47757.1500;831.0500;52.2500;0.1112;2.9538;0.0000;-778.8000;0.0000;6.8165;0.0000;-778.8000;0.0000;6.8165;1.0000;0.0000;0.0000;0.0000;0.0000
1221;661.11;766.2000;48136.8500;830.8500;64.6500;0.1365;2.8649;0.0000;-766.2000;0.0000;6.8165;0.0000;-766.2000;0.0000;6.8165;1.0000;0.0000;0.0000;0.0000;0.0000
1222;661.41;785.6500;48497.5000;821.2000;35.5500;0.0745;3.1278;0.0000;-785.6500;0.0000;6.8165;0.0000;-785.6500;0.0000;6.8165;1.0000;0.0000;0.0000;0.0000;0.0000
1223;661.70;763.7500;48021.0000;833.7000;69.9500;0.1480;2.8297;0.0000;-763.7500;0.0000;6.8165;0.0000;-763.7500;0.0000;6.8165;1.0000;0.0000;0.0000;0.0000;0.0000
1224;662.00;778.6000;47810.1000;833.7500;55.1500;0.1173;2.9308;0.0000;-778.6000;0.0000;6.8165;0.0000;-778.6000;0.0000;6.8165;1.0000;0.0000;0.0000;0.0000;0.0000
1225;662.29;777.2000;47498.2000;823.0000;45.8000;0.0980;3.0086;0.0000;-777.2000;0.0000;6.8165;0.0000;-777.2000;0.0000;6.8165;1.0000;0.0000;0.0000;0.0000;0.0000
1226;662.58;789.7000;47668.9500;824.4000;34.7000;0.0740;3.1307;0.0000;-789.7000;0.0000;6.8165;0.0000;-789.7000;0.0000;6.8165;1.0000;0.0000;0.0000;0.0000;0.0000
1227;662.88;792.2500;47274.6000;827.3500;35.1000;0.0755;3.1220;0.0000;-792.2500;0.0000;6.8165;0.0000;-792.2500;0.0000;6.8165;1.0000;0.0000;0.0000;0.0000;0.0000
1228;663.17;784.8000;47072.8000;838.3500;53.5500;0.1157;2.9367;0.0000;-784.8000;0.0000;6.8165;0.0000;-784.8000;0.0000;6.8165;1.0000;0.0000;0.0000;0.0000;0.0000
1229;663.46;779.8500;47723.8500;841.2500;61.4000;0.1308;2.8834;0.0000;-779.8500;0.0000;6.8165;0.0000;-779.8500;0.0000;6.8165;1.0000;0.0000;0.0000;0.0000;0.0000
1230;663.76;796.6500;47620.8000;847.8000;51.1500;0.1092;2.9616;0.0000;-796.6500;0.0000;6.8165;0.0000;-796.6500;0.0000;6.8165;1.0000;0.0000;0.0000;0.0000;0.0000
1231;664.05;795.1500;47696.3500;840.3500;45.2000;0.0964;3.0160;0.0000;-795.1500;0.0000;6.8165;0.0000;-795.1500;0.0000;6.8165;1.0000;0.0000;0.0000;0.0000;0.0000
1232;664.34;790.9000;47424.7000;827.6000;36.7000;0.0787;3.1040;0.0000;-790.9000;0.0000;6.8165;0.0000;-790.9000;0.0000;6.8165;1.0000;0.0000;0.0000;0.0000;0.0000
1233;664.64;780.6000;47307.6000;846.4500;65.8500;0.1415;2.8491;0.0000;-780.6000;0.0000;6.8165;0.0000;-780.6000;0.0000;6.8165;1.0000;0.0000;0.0000;0.0000;0.0000
1234;664.93;790.4500;46932.1500;850.4000;59.9500;0.1299;2.8863;0.0000;-790.4500;0.0000;6.8165;0.0000;-790.4500;0.0000;6.8165;1.0000;0.0000;0.0000;0.0000;0.0000
1235;665.22;788.1000;46357.9000;829.0000;40.9000;0.0898;3.0470;0.0000;-788.1000;0.0000;6.8165;0.0000;-788.1000;0.0000;6.8165;1.0000;0.0000;0.0000;0.0000;0.0000
1236;665.51;804.9500;46524.4000;826.3500;21.4000;0.0468;3.3297;0.0000;-804.9500;0.0000;6.8165;0.0000;-804.9500;0.0000;6.8165;1.0000;0.0000;0.0000;0.0000;0.0000
1237;665.81;776.7500;46936.7500;831.4500;54.7000;0.1185;2.9263;0.0000;-776.7500;0.0000;6.8165;0.0000;-776.7500;0.0000;6.8165;1.0000;0.0000;0.0000;0.0000;0.0000
1238;666.10;779.8500;47219.1500;832.2000;52.3500;0.1127;2.9480;0.0000;-779.8500;0.0000;6.8165;0.0000;-779.8500;0.0000;6.8165;1.0000;0.0000;0.0000;0.0000;0.0000
1239;666.39;771.2500;46823.2500;839.5000;68.2500;0.1482;2.8291;0.0000;-771.2500;0.0000;6.8165;0.0000;-771.2500;0.0000;6.8165;1.0000;0.0000;0.0000;0.0000;0.0000
1240;666.68;772.6000;46590.0000;831.6000;59.0000;0.1288;2.8902;0.0000;-772.6000;0.0000;6.8165;0.0000;-772.6000;0.0000;6.8165;1.0000;0.0000;0.0000;0.0000;0.0000
1241;666.97;775.3500;46203.9000;851.5500;76.2000;0.1677;2.7754;0.0000;-775.3500;0.0000;6.8165;0.0000;-775.3500;0.0000;6.8165;1.0000;0.0000;0.0000;0.0000;0.0000
1242;667.27;790.6000;46446.3500;832.7500;42.1500;0.0923;3.0347;0.0000;-790.6000;0.0000;6.8165;0.0000;-790.6000;0.0000;6.8165;1.0000;0.0000;0.0000;0.0000;0.0000
1243;667.56;784.5000;46585.1500;826.8000;42.3000;0.0924;3.0345;0.0000;-784.5000;0.0000;6.8165;0.0000;-784.5000;0.0000;6.8165;1.0000;0.0000;0.0000;0.0000;0.0000
1244;667.85;784.7000;46741.7000;827.0500;42.3500;0.0922;3.0355;0.0000;-784.7000;0.0000;6.8165;0.0000;-784.7000;0.0000;6.8165;1.0000;0.0000;0.0000;0.0000;0.0000
1245;668.14;784.8500;46901.1000;827.6500;42.8000;0.0928;3.0324;0.0000;-784.8500;0.0000;6.8165;0.0000;-784.8500;0.0000;6.8165;1.0000;0.0000;0.0000;0.0000;0.0000
1246;668.43;792.8000;47113.8000;833.4000;40.6000;0.0876;3.0573;0.0000;-792.8000;0.0000;6.8165;0.0000;-792.8000;0.0000;6.8165;1.0000;0.0000;0.0000;0.0000;0.0000
1247;668.72;782.5500;47180.1500;834.3500;51.8000;0.1116;2.9522;0.0000;-782.5500;0.0000;6.8165;0.0000;-782.5500;0.0000;6.8165;1.0000;0.0000;0.0000;0.0000;0.0000
1248;669.02;785.0500;46790.7500;836.8500;51.8000;0.1126;2.9485;0.0000;-785.0500;0.0000;6.8165;0.0000;-785.0500;0.0000;6.8165;1.0000;0.0000;0.0000;0.0000;0.0000
1249;669.31;787.1500;46117.5000;835.1000;47.9500;0.1058;2.9756;0.0000;-787.1500;0.0000;6.8165;0.0000;-787.1500;0.0000;6.8165;1.0000;0.0000;0.0000;0.0000;0.0000
1250;669.60;774.9500;46484.1000;850.8500;75.9000;0.1660;2.7798;0.0000;-774.9500;0.0000;6.8165;0.0000;-774.9500;0.0000;6.8165;1.0000;0.0000;0.0000;0.0000;0.0000
1251;669.89;780.9500;46272.4500;828.8500;47.9000;0.1053;2.9776;0.0000;-780.9500;0.0000;6.8165;0.0000;-780.9500;0.0000;6.8165;1.0000;0.0000;0.0000;0.0000;0.0000
1252;670.18;789.3000;46556.9500;846.3500;57.0500;0.1247;2.9043;0.0000;-789.3000;0.0000;6.8165;0.0000;-789.3000;0.0000;6.8165;1.0000;0.0000;0.0000;0.0000;0.0000
1253;670.47;784.9000;46508.9000;834.3000;49.4000;0.1080;2.9664;0.0000;-784.9000;0.0000;6.8165;0.0000;-784.9000;0.0000;6.8165;1.0000;0.0000;0.0000;0.0000;0.0000
1254;670.76;794.7500;46335.0500;827.2000;32.4500;0.0713;3.1472;0.0000;-794.7500;0.0000;6.8165;0.0000;-794.7500;0.0000;6.8165;1.0000;0.0000;0.0000;0.0000;0.0000
1255;671.05;776.6500;46375.5000;826.7500;50.1000;0.1099;2.9591;0.0000;-776.6500;0.0000;6.8165;0.0000;-776.6500;0.0000;6.8165;1.0000;0.0000;0.0000;0.0000;0.0000
1256;671.34;778.5500;46375.7000;844.0500;65.5000;0.1436;2.8427;0.0000;-778.5500;0.0000;6.8165;0.0000;-778.5500;0.0000;6.8165;1.0000;0.0000;0.0000;0.0000;0.0000
1257;671.63;793.8500;45274.6500;850.1500;56.3000;0.1266;2.8977;0.0000;-793.8500;0.0000;6.8165;0.0000;-793.8500;0.0000;6.8165;1.0000;0.0000;0.0000;0.0000;0.0000
1258;671.92;778.9000;45531.6000;842.4500;63.5500;0.1420;2.8477;0.0000;-778.9000;0.0000;6.8165;0.0000;-778.9000;0.0000;6.8165;1.0000;0.0000;0.0000;0.0000;0.0000
1259;672.21;793.2500;45992.3500;848.1000;54.8500;0.1214;2.9160;0.0000;-793.2500;0.0000;6.8165;0.0000;-793.2500;0.0000;6.8165;1.0000;0.0000;0.0000;0.0000;0.0000
1260;672.50;785.2500;45933.2500;852.2000;66.9500;0.1483;2.8289;0.0000;-785.2500;0.0000;6.8165;0.0000;-785.2500;0.0000;6.8165;1.0000;0.0000;0.0000;0.0000;0.0000
1261;672.79;792.8500;46102.8500;837.5500;44.7000;0.0987;3.0059;0.0000;-792.8500;0.0000;6.8165;0.0000;-792.8500;0.0000;6.8165;1.0000;0.0000;0.0000;0.0000;0.0000
1262;673.08;792.8500;46420.1000;842.2500;49.4000;0.1083;2.9655;0.0000;-792.8500;0.0000;6.8165;0.0000;-792.8500;0.0000;6.8165;1.0000;0.0000;0.0000;0.0000;0.0000
1263;673.37;791.9000;46726.3500;838.5000;46.6000;0.1014;2.9938;0.0000;-791.9000;0.0000;6.8165;0.0000;-791.9000;0.0000;6.8165;1.0000;0.0000;0.0000;0.0000;0.0000
1264;673.66;791.1000;46382.2000;850.4000;59.3000;0.1301;2.8858;0.0000;-791.1000;0.0000;6.8165;0.0000;-791.1000;0.0000;6.8165;1.0000;0.0000;0.0000;0.0000;0.0000
1265;673.95;788.9000;45163.9000;835.8500;46.9500;0.1058;2.9755;0.0000;-788.9000;0.0000;6.8165;0.0000;-788.9000;0.0000;6.8165;1.0000;0.0000;0.0000;0.0000;0.0000
1266;674.24;785.0000;44719.1500;852.2500;67.2500;0.1531;2.8151;0.0000;-785.0000;0.0000;6.8165;0.0000;-785.0000;0.0000;6.8165;1.0000;0.0000;0.0000;0.0000;0.0000
1267;674.53;778.3500;45317.1000;840.3000;61.9500;0.1391;2.8567;0.0000;-778.3500;0.0000;6.8165;0.0000;-778.3500;0.0000;6.8165;1.0000;0.0000;0.0000;0.0000;0.0000
1268;674.82;796.3000;46005.5000;848.7000;52.4000;0.1159;2.9359;0.0000;-796.3000;0.0000;6.8165;0.0000;-796.3000;0.0000;6.8165;1.0000;0.0000;0.0000;0.0000;0.0000
1269;675.11;798.1500;46188.4500;849.7000;51.5500;0.1136;2.9447;0.0000;-798.1500;0.0000;6.8165;0.0000;-798.1500;0.0000;6.8165;1.0000;0.0000;0.0000;0.0000;0.0000
1270;675.40;780.5500;45754.3000;853.7500;73.2000;0.1628;2.7884;0.0000;-780.5500;0.0000;6.8165;0.0000;-780.5500;0.0000;6.8165;1.0000;0.0000;0.0000;0.0000;0.0000
1271;675.69;776.5500;45814.1000;863.2500;86.7000;0.1925;2.7156;0.0000;-776.5500;0.0000;6.8165;0.0000;-776.5500;0.0000;6.8165;1.0000;0.0000;0.0000;0.0000;0.0000
1272;675.98;766.0500;46198.7500;846.5500;80.5000;0.1772;2.7516;0.0000;-766.0500;0.0000;6.8165;0.0000;-766.0500;0.0000;6.8165;1.0000;0.0000;0.0000;0.0000;0.0000
1273;676.27;777.0000;45572.3000;826.8000;49.8000;0.1112;2.9540;0.0000;-777.0000;0.0000;6.8165;0.0000;-777.0000;0.0000;6.8165;1.0000;0.0000;0.0000;0.0000;0.0000
1274;676.56;782.3500;44953.9000;837.2500;54.9000;0.1243;2.9056;0.0000;-782.3500;0.0000;6.8165;0.0000;-782.3500;0.0000;6.8165;1.0000;0.0000;0.0000;0.0000;0.0000
1275;676.84;780.9000;43956.3500;839.4500;58.5500;0.1356;2.8677;0.0000;-780.9000;0.0000;6.8165;0.0000;-780.9000;0.0000;6.8165;1.0000;0.0000;0.0000;0.0000;0.0000
1276;677.13;786.4000;44522.0500;838.8500;52.4500;0.1199;2.9211;0.0000;-786.4000;0.0000;6.8165;0.0000;-786.4000;0.0000;6.8165;1.0000;0.0000;0.0000;0.0000;0.0000
1277;677.42;779.7500;44787.0500;835.6000;55.8500;0.1269;2.8965;0.0000;-779.7500;0.0000;6.8165;0.0000;-779.7500;0.0000;6.8165;1.0000;0.0000;0.0000;0.0000;0.0000
1278;677.71;777.1000;45050.7500;832.0500;54.9500;0.1241;2.9062;0.0000;-777.1000;0.0000;6.8165;0.0000;-777.1000;0.0000;6.8165;1.0000;0.0000;0.0000;0.0000;0.0000
1279;678.00;781.9500;45283.8000;842.1500;60.2000;0.1353;2.8688;0.0000;-781.9500;0.0000;6.8165;0.0000;-781.9500;0.0000;6.8165;1.0000;0.0000;0.0000;0.0000;0.0000
1280;678.29;786.9500;45976.4500;847.7500;60.8000;0.1345;2.8711;0.0000;-786.9500;0.0000;6.8165;0.0000;-786.9500;0.0000;6.8165;1.0000;0.0000;0.0000;0.0000;0.0000
1281;678.58;790.2000;45483.1000;845.2000;55.0000;0.1231;2.9099;0.0000;-790.2000;0.0000;6.8165;0.0000;-790.2000;0.0000;6.8165;1.0000;0.0000;0.0000;0.0000;0.0000
1282;678.86;780.4000;44532.4000;861.3500;80.9500;0.1850;2.7328;0.0000;-780.4000;0.0000;6.8165;0.0000;-780.4000;0.0000;6.8165;1.0000;0.0000;0.0000;0.0000;0.0000
1283;679.15;771.4500;44302.1500;857.0500;85.6000;0.1966;2.7063;0.0000;-771.4500;0.0000;6.8165;0.0000;-771.4500;0.0000;6.8165;1.0000;0.0000;0.0000;0.0000;0.0000
1284;679.44;799.7500;44200.7000;843.1000;43.3500;0.0999;3.0005;0.0000;-799.7500;0.0000;6.8165;0.0000;-799.7500;0.0000;6.8165;1.0000;0.0000;0.0000;0.0000;0.0000
1285;679.73;782.0000;43904.3500;856.4500;74.4500;0.1726;2.7628;0.0000;-782.0000;0.0000;6.8165;0.0000;-782.0000;0.0000;6.8165;1.0000;0.0000;0.0000;0.0000;0.0000
1286;680.01;801.9000;43792.4000;859.4000;57.5000;0.1338;2.8737;0.0000;-801.9000;0.0000;6.8165;0.0000;-801.9000;0.0000;6.8165;1.0000;0.0000;0.0000;0.0000;0.0000
1287;680.30;787.2500;44165.2500;864.7000;77.4500;0.1785;2.7482;0.0000;-787.2500;0.0000;6.8165;0.0000;-787.2500;0.0000;6.8165;1.0000;0.0000;0.0000;0.0000;0.0000
1288;680.59;788.6000;44865.2000;855.3500;66.7500;0.1514;2.8198;0.0000;-788.6000;0.0000;6.8165;0.0000;-788.6000;0.0000;6.8165;1.0000;0.0000;0.0000;0.0000;0.0000
1289;680.88;779.2000;44934.6000;837.4000;58.2000;0.1318;2.8801;0.0000;-779.2000;0.0000;6.8165;0.0000;-779.2000;0.0000;6.8165;1.0000;0.0000;0.0000;0.0000;0.0000
1290;681.16;794.1500;45330.2000;845.3000;51.1500;0.1149;2.9399;0.0000;-794.1500;0.0000;6.8165;0.0000;-794.1500;0.0000;6.8165;1.0000;0.0000;0.0000;0.0000;0.0000
1291;681.45;783.0500;44977.9500;847.2500;64.2000;0.1453;2.8378;0.0000;-783.0500;0.0000;6.8165;0.0000;-783.0500;0.0000;6.8165;1.0000;0.0000;0.0000;0.0000;0.0000
1292;681.74;784.5000;44516.6500;846.2000;61.7000;0.1411;2.8505;0.0000;-784.5000;0.0000;6.8165;0.0000;-784.5000;0.0000;6.8165;1.0000;0.0000;0.0000;0.0000;0.0000
1293;682.02;775.3000;44730.4500;843.1500;67.8500;0.1544;2.8115;0.0000;-775.3000;0.0000;6.8165;0.0000;-775.3000;0.0000;6.8165;1.0000;0.0000;0.0000;0.0000;0.0000
1294;682.31;789.6500;44733.3500;852.9500;63.3000;0.1440;2.8415;0.0000;-789.6500;0.0000;6.8165;0.0000;-789.6500;0.0000;6.8165;1.0000;0.0000;0.0000;0.0000;0.0000
1295;682.60;789.8000;45088.1000;846.3000;56.5000;0.1275;2.8943;0.0000;-789.8000;0.0000;6.8165;0.0000;-789.8000;0.0000;6.8165;1.0000;0.0000;0.0000;0.0000;0.0000
1296;682.88;789.6500;46053.8500;846.1000;56.4500;0.1247;2.9041;0.0000;-789.6500;0.0000;6.8165;0.0000;-789.6500;0.0000;6.8165;1.0000;0.0000;0.0000;0.0000;0.0000
1297;683.17;807.6500;46960.4500;846.6500;39.0000;0.0845;3.0731;0.0000;-807.6500;0.0000;6.8165;0.0000;-807.6500;0.0000;6.8165;1.0000;0.0000;0.0000;0.0000;0.0000
1298;683.46;786.2000;47184.3500;835.9500;49.7500;0.1072;2.9697;0.0000;-786.2000;0.0000;6.8165;0.0000;-786.2000;0.0000;6.8165;1.0000;0.0000;0.0000;0.0000;0.0000
1299;683.74;778.7000;47297.0500;843.2500;64.5500;0.1388;2.8577;0.0000;-778.7000;0.0000;6.8165;0.0000;-778.7000;0.0000;6.8165;1.0000;0.0000;0.0000;0.0000;0.0000
1300;684.03;780.3500;47247.1500;851.0000;70.6500;0.1520;2.8180;0.0000;-780.3500;0.0000;6.8165;0.0000;-780.3500;0.0000;6.8165;1.0000;0.0000;0.0000;0.0000;0.0000
1301;684.32;786.5000;46374.2000;840.8000;54.3000;0.1191;2.9240;0.0000;-786.5000;0.0000;6.8165;0.0000;-786.5000;0.0000;6.8165;1.0000;0.0000;0.0000;0.0000;0.0000
1302;684.60;780.3000;45931.8500;852.1000;71.8000;0.1590;2.7985;0.0000;-780.3000;0.0000;6.8165;0.0000;-780.3000;0.0000;6.8165;1.0000;0.0000;0.0000;0.0000;0.0000
1303;684.89;780.8000;45478.2000;857.8000;77.0000;0.1723;2.7638;0.0000;-780.8000;0.0000;6.8165;0.0000;-780.8000;0.0000;6.8165;1.0000;0.0000;0.0000;0.0000;0.0000
1304;685.17;776.8000;44783.5000;857.0000;80.2000;0.1822;2.7393;0.0000;-776.8000;0.0000;6.8165;0.0000;-776.8000;0.0000;6.8165;1.0000;0.0000;0.0000;0.0000;0.0000
1305;685.46;775.6000;44653.8500;829.9500;54.3500;0.1239;2.9070;0.0000;-775.6000;0.0000;6.8165;0.0000;-775.6000;0.0000;6.8165;1.0000;0.0000;0.0000;0.0000;0.0000
1306;685.75;787.5000;44481.0500;851.4500;63.9500;0.1464;2.8346;0.0000;-787.5000;0.0000;6.8165;0.0000;-787.5000;0.0000;6.8165;1.0000;0.0000;0.0000;0.0000;0.0000
1307;686.03;789.2000;44390.9500;838.8000;49.6000;0.1138;2.9440;0.0000;-789.2000;0.0000;6.8165;0.0000;-789.2000;0.0000;6.8165;1.0000;0.0000;0.0000;0.0000;0.0000
1308;686.32;789.4000;43897.0000;840.7000;51.3000;0.1190;2.9244;0.0000;-789.4000;0.0000;6.8165;0.0000;-789.4000;0.0000;6.8165;1.0000;0.0000;0.0000;0.0000;0.0000
1309;686.60;788.3000;44128.6500;832.2500;43.9500;0.1014;2.9939;0.0000;-788.3000;0.0000;6.8165;0.0000;-788.3000;0.0000;6.8165;1.0000;0.0000;0.0000;0.0000;0.0000
1310;686.89;792.1000;44252.3000;841.6000;49.5000;0.1139;2.9435;0.0000;-792.1000;0.0000;6.8165;0.0000;-792.1000;0.0000;6.8165;1.0000;0.0000;0.0000;0.0000;0.0000
1311;687.17;794.1500;44247.1500;844.3000;50.1500;0.1154;2.9377;0.0000;-794.1500;0.0000;6.8165;0.0000;-794.1500;0.0000;6.8165;1.0000;0.0000;0.0000;0.0000;0.0000
1312;687.46;775.9000;44860.3500;840.6000;64.7000;0.1468;2.8334;0.0000;-775.9000;0.0000;6.8165;0.0000;-775.9000;0.0000;6.8165;1.0000;0.0000;0.0000;0.0000;0.0000
1313;687.74;787.2000;44469.9500;842.5000;55.3000;0.1266;2.8976;0.0000;-787.2000;0.0000;6.8165;0.0000;-787.2000;0.0000;6.8165;1.0000;0.0000;0.0000;0.0000;0.0000
1314;688.03;785.3500;43861.3500;842.6000;57.2500;0.1329;2.8765;0.0000;-785.3500;0.0000;6.8165;0.0000;-785.3500;0.0000;6.8165;1.0000;0.0000;0.0000;0.0000;0.0000
1315;688.31;796.2000;43356.9500;857.4500;61.2500;0.1439;2.8419;0.0000;-796.2000;0.0000;6.8165;0.0000;-796.2000;0.0000;6.8165;1.0000;0.0000;0.0000;0.0000;0.0000
1316;688.60;786.3500;42588.4500;852.3500;66.0000;0.1579;2.8017;0.0000;-786.3500;0.0000;6.8165;0.0000;-786.3500;0.0000;6.8165;1.0000;0.0000;0.0000;0.0000;0.0000
1317;688.88;778.9500;42617.7500;846.9500;68.0000;0.1625;2.7891;0.0000;-778.9500;0.0000;6.8165;0.0000;-778.9500;0.0000;6.8165;1.0000;0.0000;0.0000;0.0000;0.0000
1318;689.17;777.8500;42765.9000;845.0500;67.2000;0.1600;2.7958;0.0000;-777.8500;0.0000;6.8165;0.0000;-777.8500;0.0000;6.8165;1.0000;0.0000;0.0000;0.0000;0.0000
1319;689.45;791.3000;43087.9500;842.9000;51.6000;0.1220;2.9137;0.0000;-791.3000;0.0000;6.8165;0.0000;-791.3000;0.0000;6.8165;1.0000;0.0000;0.0000;0.0000;0.0000
1320;689.73;795.0500;42746.0500;839.3000;44.2500;0.1055;2.9768;0.0000;-795.0500;0.0000;6.8165;0.0000;-795.0500;0.0000;6.8165;1.0000;0.0000;0.0000;0.0000;0.0000
1321;690.02;790.9500;42847.2000;850.5500;59.6000;0.1417;2.8486;0.0000;-790.9500;0.0000;6.8165;0.0000;-790.9500;0.0000;6.8165;1.0000;0.0000;0.0000;0.0000;0.0000
1322;690.30;774.4000;42467.2000;863.3000;88.9000;0.2132;2.6712;0.0000;-774.4000;0.0000;6.8165;0.0000;-774.4000;0.0000;6.8165;1.0000;0.0000;0.0000;0.0000;0.0000
1323;690.59;783.3500;42860.3000;859.5000;76.1500;0.1810;2.7424;0.0000;-783.3500;0.0000;6.8165;0.0000;-783.3500;0.0000;6.8165;1.0000;0.0000;0.0000;0.0000;0.0000
1324;690.87;772.8000;42406.6000;853.7000;80.9000;0.1943;2.7115;0.0000;-772.8000;0.0000;6.8165;0.0000;-772.8000;0.0000;6.8165;1.0000;0.0000;0.0000;0.0000;0.0000
1325;691.15;790.5000;41654.1000;839.8000;49.3000;0.1206;2.9185;0.0000;-790.5000;0.0000;6.8165;0.0000;-790.5000;0.0000;6.8165;1.0000;0.0000;0.0000;0.0000;0.0000
1326;691.44;783.5500;41577.9000;832.0500;48.5000;0.1189;2.9249;0.0000;-783.5500;0.0000;6.8165;0.0000;-783.5500;0.0000;6.8165;1.0000;0.0000;0.0000;0.0000;0.0000
1327;691.72;799.1000;40962.1500;847.2500;48.1500;0.1199;2.9212;0.0000;-799.1000;0.0000;6.8165;0.0000;-799.1000;0.0000;6.8165;1.0000;0.0000;0.0000;0.0000;0.0000
1328;692.01;778.6000;41072.3500;835.1000;56.5000;0.1402;2.8532;0.0000;-778.6000;0.0000;6.8165;0.0000;-778.6000;0.0000;6.8165;1.0000;0.0000;0.0000;0.0000;0.0000
1329;692.29;778.3000;40078.0000;841.7500;63.4500;0.1615;2.7920;0.0000;-778.3000;0.0000;6.8165;0.0000;-778.3000;0.0000;6.8165;1.0000;0.0000;0.0000;0.0000;0.0000
1330;692.57;774.5500;39959.1000;833.9500;59.4000;0.1516;2.8193;0.0000;-774.5500;0.0000;6.8165;0.0000;-774.5500;0.0000;6.8165;1.0000;0.0000;0.0000;0.0000;0.0000
1331;692.86;783.2500;39474.5000;853.1000;69.8500;0.1805;2.7434;0.0000;-783.2500;0.0000;6.8165;0.0000;-783.2500;0.0000;6.8165;1.0000;0.0000;0.0000;0.0000;0.0000
1332;693.14;774.5000;39277.1000;835.9000;61.4000;0.1595;2.7973;0.0000;-774.5000;0.0000;6.8165;0.0000;-774.5000;0.0000;6.8165;1.0000;0.0000;0.0000;0.0000;0.0000
1333;693.42;786.8000;39272.1000;846.4500;59.6500;0.1550;2.8097;0.0000;-786.8000;0.0000;6.8165;0.0000;-786.8000;0.0000;6.8165;1.0000;0.0000;0.0000;0.0000;0.0000
1334;693.70;778.4500;39026.0500;847.6500;69.2000;0.1809;2.7425;0.0000;-778.4500;0.0000;6.8165;0.0000;-778.4500;0.0000;6.8165;1.0000;0.0000;0.0000;0.0000;0.0000
1335;693.99;772.0500;39206.7500;840.5500;68.5000;0.1782;2.7490;0.0000;-772.0500;0.0000;6.8165;0.0000;-772.0500;0.0000;6.8165;1.0000;0.0000;0.0000;0.0000;0.0000
1336;694.27;786.8500;38896.6500;845.4500;58.6000;0.1538;2.8131;0.0000;-786.8500;0.0000;6.8165;0.0000;-786.8500;0.0000;6.8165;1.0000;0.0000;0.0000;0.0000;0.0000
1337;694.55;790.9500;38900.2000;840.2000;49.2500;0.1292;2.8886;0.0000;-790.9500;0.0000;6.8165;0.0000;-790.9500;0.0000;6.8165;1.0000;0.0000;0.0000;0.0000;0.0000
1338;694.84;783.1500;38402.5000;850.3500;67.2000;0.1786;2.7480;0.0000;-783.1500;0.0000;6.8165;0.0000;-783.1500;0.0000;6.8165;1.0000;0.0000;0.0000;0.0000;0.0000
1339;695.12;783.1000;38071.3000;851.0500;67.9500;0.1822;2.7394;0.0000;-783.1000;0.0000;6.8165;0.0000;-783.1000;0.0000;6.8165;1.0000;0.0000;0.0000;0.0000;0.0000
1340;695.40;787.4000;37423.7000;855.1500;67.7500;0.1849;2.7330;0.0000;-787.4000;0.0000;6.8165;0.0000;-787.4000;0.0000;6.8165;1.0000;0.0000;0.0000;0.0000;0.0000
1341;695.68;784.6500;37212.5000;842.6000;57.9500;0.1591;2.7984;0.0000;-784.6500;0.0000;6.8165;0.0000;-784.6500;0.0000;6.8165;1.0000;0.0000;0.0000;0.0000;0.0000
1342;695.96;785.3000;36897.1500;844.6500;59.3500;0.1644;2.7842;0.0000;-785.3000;0.0000;6.8165;0.0000;-785.3000;0.0000;6.8165;1.0000;0.0000;0.0000;0.0000;0.0000
1343;696.25;787.4000;36485.5500;825.5500;38.1500;0.1069;2.9712;0.0000;-787.4000;0.0000;6.8165;0.0000;-787.4000;0.0000;6.8165;1.0000;0.0000;0.0000;0.0000;0.0000
1344;696.53;784.1000;36269.5500;837.6000;53.5000;0.1508;2.8217;0.0000;-784.1000;0.0000;6.8165;0.0000;-784.1000;0.0000;6.8165;1.0000;0.0000;0.0000;0.0000;0.0000
1345;696.81;794.6500;36055.5500;846.5000;51.8500;0.1470;2.8325;0.0000;-794.6500;0.0000;6.8165;0.0000;-794.6500;0.0000;6.8165;1.0000;0.0000;0.0000;0.0000;0.0000
1346;697.09;790.6500;36594.8500;862.0000;71.3500;0.1993;2.7005;0.0000;-790.6500;0.0000;6.8165;0.0000;-790.6500;0.0000;6.8165;1.0000;0.0000;0.0000;0.0000;0.0000
1347;697.37;787.6000;36601.6500;839.5000;51.9000;0.1449;2.8389;0.0000;-787.6000;0.0000;6.8165;0.0000;-787.6000;0.0000;6.8165;1.0000;0.0000;0.0000;0.0000;0.0000
1348;697.65;791.2500;36166.8000;851.8000;60.5500;0.1712;2.7666;0.0000;-791.2500;0.0000;6.8165;0.0000;-791.2500;0.0000;6.8165;1.0000;0.0000;0.0000;0.0000;0.0000
1349;697.94;777.7500;35044.6000;844.8000;67.0500;0.1957;2.7085;0.0000;-777.7500;0.0000;6.8165;0.0000;-777.7500;0.0000;6.8165;1.0000;0.0000;0.0000;0.0000;0.0000
1350;698.22;781.7500;34168.1500;854.0500;72.3000;0.2166;2.6644;0.0000;-781.7500;0.0000;6.8165;0.0000;-781.7500;0.0000;6.8165;1.0000;0.0000;0.0000;0.0000;0.0000
1351;698.50;774.7000;34293.4000;841.7500;67.0500;0.2000;2.6989;0.0000;-774.7000;0.0000;6.8165;0.0000;-774.7000;0.0000;6.8165;1.0000;0.0000;0.0000;0.0000;0.0000
1352;698.78;782.3000;34521.3000;847.1500;64.8500;0.1922;2.7162;0.0000;-782.3000;0.0000;6.8165;0.0000;-782.3000;0.0000;6.8165;1.0000;0.0000;0.0000;0.0000;0.0000
1353;699.06;783.4000;34581.6500;845.4000;62.0000;0.1834;2.7365;0.0000;-783.4000;0.0000;6.8165;0.0000;-783.4000;0.0000;6.8165;1.0000;0.0000;0.0000;0.0000;0.0000
1354;699.34;796.0500;34614.3000;858.8500;62.8000;0.1857;2.7312;0.0000;-796.0500;0.0000;6.8165;0.0000;-796.0500;0.0000;6.8165;1.0000;0.0000;0.0000;0.0000;0.0000
1355;699.62;790.4500;34599.3000;847.3500;56.9000;0.1683;2.7739;0.0000;-790.4500;0.0000;6.8165;0.0000;-790.4500;0.0000;6.8165;1.0000;0.0000;0.0000;0.0000;0.0000
1356;699.90;792.0500;34333.4000;841.1500;49.1000;0.1464;2.8345;0.0000;-792.0500;0.0000;6.8165;0.0000;-792.0500;0.0000;6.8165;1.0000;0.0000;0.0000;0.0000;0.0000
1357;700.18;792.7500;33633.2000;846.2000;53.4500;0.1628;2.7885;0.0000;-792.7500;0.0000;6.8165;0.0000;-792.7500;0.0000;6.8165;1.0000;0.0000;0.0000;0.0000;0.0000
1358;700.46;785.8500;33384.1500;838.8000;52.9500;0.1624;2.7893;0.0000;-785.8500;0.0000;6.8165;0.0000;-785.8500;0.0000;6.8165;1.0000;0.0000;0.0000;0.0000;0.0000
1359;700.74;779.0000;33181.8000;840.1500;61.1500;0.1887;2.7242;0.0000;-779.0000;0.0000;6.8165;0.0000;-779.0000;0.0000;6.8165;1.0000;0.0000;0.0000;0.0000;0.0000
1360;701.03;779.0000;32788.2000;853.5500;74.5500;0.2329;2.6328;0.0000;-779.0000;0.0000;6.8165;0.0000;-779.0000;0.0000;6.8165;1.0000;0.0000;0.0000;0.0000;0.0000
1361;701.31;762.8000;32553.8500;838.4000;75.6000;0.2378;2.6238;0.0000;-762.8000;0.0000;6.8165;0.0000;-762.8000;0.0000;6.8165;1.0000;0.0000;0.0000;0.0000;0.0000
1362;701.59;792.8500;32508.0000;836.5500;43.7000;0.1378;2.8608;0.0000;-792.8500;0.0000;6.8165;0.0000;-792.8500;0.0000;6.8165;1.0000;0.0000;0.0000;0.0000;0.0000
1363;701.87;778.7000;31740.0000;833.7000;55.0000;0.1776;2.7505;0.0000;-778.7000;0.0000;6.8165;0.0000;-778.7000;0.0000;6.8165;1.0000;0.0000;0.0000;0.0000;0.0000
1364;702.15;800.4000;31617.0500;851.9000;51.5000;0.1671;2.7770;0.0000;-800.4000;0.0000;6.8165;0.0000;-800.4000;0.0000;6.8165;1.0000;0.0000;0.0000;0.0000;0.0000
1365;702.43;797.2500;31871.0000;848.5000;51.2500;0.1649;2.7827;0.0000;-797.2500;0.0000;6.8165;0.0000;-797.2500;0.0000;6.8165;1.0000;0.0000;0.0000;0.0000;0.0000
1366;702.71;785.9500;31370.2000;841.9500;56.0000;0.1831;2.7373;0.0000;-785.9500;0.0000;6.8165;0.0000;-785.9500;0.0000;6.8165;1.0000;0.0000;0.0000;0.0000;0.0000
1367;702.98;762.8500;31145.9000;839.9000;77.0500;0.2536;2.5959;0.0000;-762.8500;0.0000;6.8165;0.0000;-762.8500;0.0000;6.8165;1.0000;0.0000;0.0000;0.0000;0.0000
1368;703.26;778.0500;30898.1000;849.4500;71.4000;0.2371;2.6252;0.0000;-778.0500;0.0000;6.8165;0.0000;-778.0500;0.0000;6.8165;1.0000;0.0000;0.0000;0.0000;0.0000
1369;703.54;783.6000;30339.8500;857.8000;74.2000;0.2510;2.6002;0.0000;-783.6000;0.0000;6.8165;0.0000;-783.6000;0.0000;6.8165;1.0000;0.0000;0.0000;0.0000;0.0000
1370;703.82;785.4000;30354.5500;845.9500;60.5500;0.2048;2.6887;0.0000;-785.4000;0.0000;6.8165;0.0000;-785.4000;0.0000;6.8165;1.0000;0.0000;0.0000;0.0000;0.0000
1371;704.10;793.2000;29885.3000;851.5000;58.3000;0.2004;2.6981;0.0000;-793.2000;0.0000;6.8165;0.0000;-793.2000;0.0000;6.8165;1.0000;0.0000;0.0000;0.0000;0.0000
1372;704.38;790.3500;29406.7500;847.4000;57.0500;0.1994;2.7004;0.0000;-790.3500;0.0000;6.8165;0.0000;-790.3500;0.0000;6.8165;1.0000;0.0000;0.0000;0.0000;0.0000
1373;704.66;793.6000;30034.0000;847.5000;53.9000;0.1843;2.7344;0.0000;-793.6000;0.0000;6.8165;0.0000;-793.6000;0.0000;6.8165;1.0000;0.0000;0.0000;0.0000;0.0000
1374;704.94;788.9000;29650.8500;849.3000;60.4000;0.2093;2.6793;0.0000;-788.9000;0.0000;6.8165;0.0000;-788.9000;0.0000;6.8165;1.0000;0.0000;0.0000;0.0000;0.0000
1375;705.22;787.2000;29214.9000;856.2500;69.0500;0.2429;2.6146;0.0000;-787.2000;0.0000;6.8165;0.0000;-787.2000;0.0000;6.8165;1.0000;0.0000;0.0000;0.0000;0.0000
1376;705.50;790.6000;28766.7500;838.5000;47.9000;0.1712;2.7665;0.0000;-790.6000;0.0000;6.8165;0.0000;-790.6000;0.0000;6.8165;1.0000;0.0000;0.0000;0.0000;0.0000
1377;705.78;786.7500;28572.8000;843.5500;56.8000;0.2044;2.6895;0.0000;-786.7500;0.0000;6.8165;0.0000;-786.7500;0.0000;6.8165;1.0000;0.0000;0.0000;0.0000;0.0000
1378;706.05;785.2000;28493.7500;826.6500;41.4500;0.1496;2.8251;0.0000;-785.2000;0.0000;6.8165;0.0000;-785.2000;0.0000;6.8165;1.0000;0.0000;0.0000;0.0000;0.0000
1379;706.33;790.2500;28618.1500;858.8000;68.5500;0.2463;2.6085;0.0000;-790.2500;0.0000;6.8165;0.0000;-790.2500;0.0000;6.8165;1.0000;0.0000;0.0000;0.0000;0.0000
1380;706.61;782.4000;28640.6000;839.7500;57.3500;0.2059;2.6864;0.0000;-782.4000;0.0000;6.8165;0.0000;-782.4000;0.0000;6.8165;1.0000;0.0000;0.0000;0.0000;0.0000
1381;706.89;773.5000;28271.2500;830.5000;57.0000;0.2073;2.6834;0.0000;-773.5000;0.0000;6.8165;0.0000;-773.5000;0.0000;6.8165;1.0000;0.0000;0.0000;0.0000;0.0000
1382;707.17;772.4500;28197.5000;829.1500;56.7000;0.2067;2.6846;0.0000;-772.4500;0.0000;6.8165;0.0000;-772.4500;0.0000;6.8165;1.0000;0.0000;0.0000;0.0000;0.0000
1383;707.45;788.2500;27661.2500;838.7500;50.5000;0.1879;2.7260;0.0000;-788.2500;0.0000;6.8165;0.0000;-788.2500;0.0000;6.8165;1.0000;0.0000;0.0000;0.0000;0.0000
1384;707.72;791.1000;27186.9500;831.1000;40.0000;0.1515;2.8195;0.0000;-791.1000;0.0000;6.8165;0.0000;-791.1000;0.0000;6.8165;1.0000;0.0000;0.0000;0.0000;0.0000
1385;708.00;776.7000;26922.7500;833.1500;56.4500;0.2159;2.6657;0.0000;-776.7000;0.0000;6.8165;0.0000;-776.7000;0.0000;6.8165;1.0000;0.0000;0.0000;0.0000;0.0000
1386;708.28;786.2500;26808.2500;822.5000;36.2500;0.1393;2.8560;0.0000;-786.2500;0.0000;6.8165;0.0000;-786.2500;0.0000;6.8165;1.0000;0.0000;0.0000;0.0000;0.0000
1387;708.56;782.7000;26681.2000;850.6500;67.9500;0.2624;2.5811;0.0000;-782.7000;0.0000;6.8165;0.0000;-782.7000;0.0000;6.8165;1.0000;0.0000;0.0000;0.0000;0.0000
1388;708.83;789.9000;26859.7500;840.8000;50.9000;0.1952;2.7094;0.0000;-789.9000;0.0000;6.8165;0.0000;-789.9000;0.0000;6.8165;1.0000;0.0000;0.0000;0.0000;0.0000
1389;709.11;780.3000;26532.1000;842.9500;62.6500;0.2433;2.6139;0.0000;-780.3000;0.0000;6.8165;0.0000;-780.3000;0.0000;6.8165;1.0000;0.0000;0.0000;0.0000;0.0000
1390;709.39;789.4000;26505.7000;837.8000;48.4000;0.1882;2.7254;0.0000;-789.4000;0.0000;6.8165;0.0000;-789.4000;0.0000;6.8165;1.0000;0.0000;0.0000;0.0000;0.0000
1391;709.67;779.4500;26616.8500;849.9000;70.4500;0.2727;2.5644;0.0000;-779.4500;0.0000;6.8165;0.0000;-779.4500;0.0000;6.8165;1.0000;0.0000;0.0000;0.0000;0.0000
1392;709.94;784.2500;26140.6500;836.2500;52.0000;0.2051;2.6881;0.0000;-784.2500;0.0000;6.8165;0.0000;-784.2500;0.0000;6.8165;1.0000;0.0000;0.0000;0.0000;0.0000
1393;710.22;781.5500;25727.7500;831.8500;50.3000;0.2016;2.6954;0.0000;-781.5500;0.0000;6.8165;0.0000;-781.5500;0.0000;6.8165;1.0000;0.0000;0.0000;0.0000;0.0000
1394;710.50;780.6000;25320.9000;855.6500;75.0500;0.3058;2.5145;0.0000;-780.6000;0.0000;6.8165;0.0000;-780.6000;0.0000;6.8165;1.0000;0.0000;0.0000;0.0000;0.0000
1395;710.77;795.8000;25144.4500;828.7000;32.9000;0.1351;2.8693;0.0000;-795.8000;0.0000;6.8165;0.0000;-795.8000;0.0000;6.8165;1.0000;0.0000;0.0000;0.0000;0.0000
1396;711.05;785.2000;25004.8500;842.5000;57.3000;0.2366;2.6260;0.0000;-785.2000;0.0000;6.8165;0.0000;-785.2000;0.0000;6.8165;1.0000;0.0000;0.0000;0.0000;0.0000
1397;711.33;792.6500;24759.5000;836.9500;44.3000;0.1848;2.7332;0.0000;-792.6500;0.0000;6.8165;0.0000;-792.6500;0.0000;6.8165;1.0000;0.0000;0.0000;0.0000;0.0000
1398;711.60;771.2500;24643.6500;841.9000;70.6500;0.2959;2.5288;0.0000;-771.2500;0.0000;6.8165;0.0000;-771.2500;0.0000;6.8165;1.0000;0.0000;0.0000;0.0000;0.0000
1399;711.88;774.1500;24998.8000;835.5000;61.3500;0.2533;2.5964;0.0000;-774.1500;0.0000;6.8165;0.0000;-774.1500;0.0000;6.8165;1.0000;0.0000;0.0000;0.0000;0.0000
1400;712.16;782.8000;25126.6500;827.5000;44.7000;0.1836;2.7361;0.0000;-782.8000;0.0000;6.8165;0.0000;-782.8000;0.0000;6.8165;1.0000;0.0000;0.0000;0.0000;0.0000
1401;712.43;787.1500;24885.1000;840.8000;53.6500;0.2226;2.6524;0.0000;-787.1500;0.0000;6.8165;0.0000;-787.1500;0.0000;6.8165;1.0000;0.0000;0.0000;0.0000;0.0000
1402;712.71;785.8500;24794.2000;841.2000;55.3500;0.2305;2.6372;0.0000;-785.8500;0.0000;6.8165;0.0000;-785.8500;0.0000;6.8165;1.0000;0.0000;0.0000;0.0000;0.0000
1403;712.99;782.7000;24423.1500;844.6500;61.9500;0.2621;2.5816;0.0000;-782.7000;0.0000;6.8165;0.0000;-782.7000;0.0000;6.8165;1.0000;0.0000;0.0000;0.0000;0.0000
1404;713.26;786.9000;24054.4500;851.4000;64.5000;0.2772;2.5572;0.0000;-786.9000;0.0000;6.8165;0.0000;-786.9000;0.0000;6.8165;1.0000;0.0000;0.0000;0.0000;0.0000
1405;713.54;799.8000;23933.6500;846.1500;46.3500;0.2004;2.6982;0.0000;-799.8000;0.0000;6.8165;0.0000;-799.8000;0.0000;6.8165;1.0000;0.0000;0.0000;0.0000;0.0000
1406;713.81;792.3500;24155.5500;834.8500;42.5000;0.1819;2.7401;0.0000;-792.3500;0.0000;6.8165;0.0000;-792.3500;0.0000;6.8165;1.0000;0.0000;0.0000;0.0000;0.0000
1407;714.09;782.8000;23886.7500;828.2000;45.4000;0.1965;2.7066;0.0000;-782.8000;0.0000;6.8165;0.0000;-782.8000;0.0000;6.8165;1.0000;0.0000;0.0000;0.0000;0.0000
1408;714.36;782.0000;23186.7000;838.1500;56.1500;0.2506;2.6010;0.0000;-782.0000;0.0000;6.8165;0.0000;-782.0000;0.0000;6.8165;1.0000;0.0000;0.0000;0.0000;0.0000
1409;714.64;789.6500;22727.9000;840.6000;50.9500;0.2322;2.6341;0.0000;-789.6500;0.0000;6.8165;0.0000;-789.6500;0.0000;6.8165;1.0000;0.0000;0.0000;0.0000;0.0000
1410;714.92;787.6000;22316.1000;830.7500;43.1500;0.2004;2.6980;0.0000;-787.6000;0.0000;6.8165;0.0000;-787.6000;0.0000;6.8165;1.0000;0.0000;0.0000;0.0000;0.0000
1411;715.19;784.4000;22300.2000;833.0000;48.6000;0.2259;2.6461;0.0000;-784.4000;0.0000;6.8165;0.0000;-784.4000;0.0000;6.8165;1.0000;0.0000;0.0000;0.0000;0.0000
1412;715.47;784.6500;21982.2500;822.0000;37.3500;0.1762;2.7540;0.0000;-784.6500;0.0000;6.8165;0.0000;-784.6500;0.0000;6.8165;1.0000;0.0000;0.0000;0.0000;0.0000
1413;715.74;785.2500;21654.0000;825.2500;40.0000;0.1917;2.7174;0.0000;-785.2500;0.0000;6.8165;0.0000;-785.2500;0.0000;6.8165;1.0000;0.0000;0.0000;0.0000;0.0000
1414;716.02;793.7000;21396.0000;818.9500;25.2500;0.1226;2.9117;0.0000;-793.7000;0.0000;6.8165;0.0000;-793.7000;0.0000;6.8165;1.0000;0.0000;0.0000;0.0000;0.0000
1415;716.29;780.4000;21111.7000;830.1500;49.7500;0.2447;2.6114;0.0000;-780.4000;0.0000;6.8165;0.0000;-780.4000;0.0000;6.8165;1.0000;0.0000;0.0000;0.0000;0.0000
1416;716.57;776.3000;20836.8500;831.9500;55.6500;0.2774;2.5569;0.0000;-776.3000;0.0000;6.8165;0.0000;-776.3000;0.0000;6.8165;1.0000;0.0000;0.0000;0.0000;0.0000
1417;716.84;776.0500;20587.4000;810.5000;34.4500;0.1739;2.7597;0.0000;-776.0500;0.0000;6.8165;0.0000;-776.0500;0.0000;6.8165;1.0000;0.0000;0.0000;0.0000;0.0000
1418;717.12;786.5000;20192.5500;825.4500;38.9500;0.2007;2.6974;0.0000;-786.5000;0.0000;6.8165;0.0000;-786.5000;0.0000;6.8165;1.0000;0.0000;0.0000;0.0000;0.0000
1419;717.39;781.2000;20001.1500;838.2000;57.0000;0.2966;2.5279;0.0000;-781.2000;0.0000;6.8165;0.0000;-781.2000;0.0000;6.8165;1.0000;0.0000;0.0000;0.0000;0.0000
1420;717.66;784.1500;19886.0000;822.2000;38.0500;0.1992;2.7007;0.0000;-784.1500;0.0000;6.8165;0.0000;-784.1500;0.0000;6.8165;1.0000;0.0000;0.0000;0.0000;0.0000
1421;717.94;770.0000;19646.5000;837.8500;67.8500;0.3594;2.4444;0.0000;-770.0000;0.0000;6.8165;0.0000;-770.0000;0.0000;6.8165;1.0000;0.0000;0.0000;0.0000;0.0000
1422;718.21;790.2000;19218.9000;833.6500;43.4500;0.2358;2.6275;0.0000;-790.2000;0.0000;6.8165;0.0000;-790.2000;0.0000;6.8165;1.0000;0.0000;0.0000;0.0000;0.0000
1423;718.49;789.0000;18676.5000;838.9000;49.9000;0.2790;2.5544;0.0000;-789.0000;0.0000;6.8165;0.0000;-789.0000;0.0000;6.8165;1.0000;0.0000;0.0000;0.0000;0.0000
1424;718.76;780.1500;18406.7000;823.2500;43.1000;0.2445;2.6117;0.0000;-780.1500;0.0000;6.8165;0.0000;-780.1500;0.0000;6.8165;1.0000;0.0000;0.0000;0.0000;0.0000
1425;719.03;770.8500;18142.5000;835.4000;64.5500;0.3716;2.4299;0.0000;-770.8500;0.0000;6.8165;0.0000;-770.8500;0.0000;6.8165;1.0000;0.0000;0.0000;0.0000;0.0000
1426;719.31;771.2000;17860.7000;828.9500;57.7500;0.3379;2.4712;0.0000;-771.2000;0.0000;6.8165;0.0000;-771.2000;0.0000;6.8165;1.0000;0.0000;0.0000;0.0000;0.0000
1427;719.58;782.4000;17865.2500;838.9500;56.5500;0.3310;2.4801;0.0000;-782.4000;0.0000;6.8165;0.0000;-782.4000;0.0000;6.8165;1.0000;0.0000;0.0000;0.0000;0.0000
1428;719.86;780.4000;17413.1500;822.0500;41.6500;0.2504;2.6013;0.0000;-780.4000;0.0000;6.8165;0.0000;-780.4000;0.0000;6.8165;1.0000;0.0000;0.0000;0.0000;0.0000
1429;720.13;791.0500;17349.7500;826.7500;35.7000;0.2156;2.6664;0.0000;-791.0500;0.0000;6.8165;0.0000;-791.0500;0.0000;6.8165;1.0000;0.0000;0.0000;0.0000;0.0000
1430;720.40;769.6000;17211.1500;806.2000;36.6000;0.2226;2.6525;0.0000;-769.6000;0.0000;6.8165;0.0000;-769.6000;0.0000;6.8165;1.0000;0.0000;0.0000;0.0000;0.0000
1431;720.68;793.8000;16996.6000;831.3500;37.5500;0.2318;2.6350;0.0000;-793.8000;0.0000;6.8165;0.0000;-793.8000;0.0000;6.8165;1.0000;0.0000;0.0000;0.0000;0.0000
1432;720.95;786.0500;16672.0000;834.7500;48.7000;0.3066;2.5135;0.0000;-786.0500;0.0000;6.8165;0.0000;-786.0500;0.0000;6.8165;1.0000;0.0000;0.0000;0.0000;0.0000
1433;721.22;785.3500;16462.0000;823.2500;37.9000;0.2418;2.6166;0.0000;-785.3500;0.0000;6.8165;0.0000;-785.3500;0.0000;6.8165;1.0000;0.0000;0.0000;0.0000;0.0000
1434;721.50;785.5000;15812.8000;828.1000;42.6000;0.2835;2.5475;0.0000;-785.5000;0.0000;6.8165;0.0000;-785.5000;0.0000;6.8165;1.0000;0.0000;0.0000;0.0000;0.0000
1435;721.77;781.2000;15524.5500;824.2500;43.0500;0.2920;2.5346;0.0000;-781.2000;0.0000;6.8165;0.0000;-781.2000;0.0000;6.8165;1.0000;0.0000;0.0000;0.0000;0.0000
1436;722.04;788.8000;15126.1000;845.4000;56.6000;0.3948;2.4037;0.0000;-788.8000;0.0000;6.8165;0.0000;-788.8000;0.0000;6.8165;1.0000;0.0000;0.0000;0.0000;0.0000
1437;722.31;794.0000;14741.6500;843.7000;49.7000;0.3563;2.4481;0.0000;-794.0000;0.0000;6.8165;0.0000;-794.0000;0.0000;6.8165;1.0000;0.0000;0.0000;0.0000;0.0000
1438;722.59;793.4000;14505.9500;822.9500;29.5500;0.2155;2.6666;0.0000;-793.4000;0.0000;6.8165;0.0000;-793.4000;0.0000;6.8165;1.0000;0.0000;0.0000;0.0000;0.0000
1439;722.86;797.7500;14350.8000;840.3500;42.6000;0.3143;2.5026;0.0000;-797.7500;0.0000;6.8165;0.0000;-797.7500;0.0000;6.8165;1.0000;0.0000;0.0000;0.0000;0.0000
1440;723.13;785.6000;14153.8500;826.5500;40.9500;0.3063;2.5138;0.0000;-785.6000;0.0000;6.8165;0.0000;-785.6000;0.0000;6.8165;1.0000;0.0000;0.0000;0.0000;0.0000
1441;723.40;795.9000;14227.2000;831.7000;35.8000;0.2665;2.5742;0.0000;-795.9000;0.0000;6.8165;0.0000;-795.9000;0.0000;6.8165;1.0000;0.0000;0.0000;0.0000;0.0000
1442;723.68;786.4500;14100.5500;826.7000;40.2500;0.3023;2.5195;0.0000;-786.4500;0.0000;6.8165;0.0000;-786.4500;0.0000;6.8165;1.0000;0.0000;0.0000;0.0000;0.0000
1443;723.95;799.5000;13682.7000;847.6000;48.1000;0.3734;2.4279;0.0000;-799.5000;0.0000;6.8165;0.0000;-799.5000;0.0000;6.8165;1.0000;0.0000;0.0000;0.0000;0.0000
1444;724.22;773.2500;13374.4500;836.4000;63.1500;0.5011;2.3000;0.0000;-773.2500;0.0000;6.8165;0.0000;-773.2500;0.0000;6.8165;1.0000;0.0000;0.0000;0.0000;0.0000
1445;724.49;776.1000;13356.1500;831.5000;55.4000;0.4404;2.3562;0.0000;-776.1000;0.0000;6.8165;0.0000;-776.1000;0.0000;6.8165;1.0000;0.0000;0.0000;0.0000;0.0000
1446;724.76;781.9000;13117.6000;826.0000;44.1000;0.3575;2.4467;0.0000;-781.9000;0.0000;6.8165;0.0000;-781.9000;0.0000;6.8165;1.0000;0.0000;0.0000;0.0000;0.0000
1447;725.04;795.5500;12911.4500;814.9000;19.3500;0.1597;2.7967;0.0000;-795.5500;0.0000;6.8165;0.0000;-795.5500;0.0000;6.8165;1.0000;0.0000;0.0000;0.0000;0.0000
1448;725.31;776.5000;12631.4000;816.9000;40.4000;0.3408;2.4675;0.0000;-776.5000;0.0000;6.8165;0.0000;-776.5000;0.0000;6.8165;1.0000;0.0000;0.0000;0.0000;0.0000
1449;725.58;784.4500;12455.3000;819.7000;35.2500;0.3020;2.5199;0.0000;-784.4500;0.0000;6.8165;0.0000;-784.4500;0.0000;6.8165;1.0000;0.0000;0.0000;0.0000;0.0000
1450;725.85;778.5000;12313.3000;831.4500;52.9500;0.4590;2.3381;0.0000;-778.5000;0.0000;6.8165;0.0000;-778.5000;0.0000;6.8165;1.0000;0.0000;0.0000;0.0000;0.0000
1451;726.12;780.0500;12109.8000;803.8000;23.7500;0.2096;2.6786;0.0000;-780.0500;0.0000;6.8165;0.0000;-780.0500;0.0000;6.8165;1.0000;0.0000;0.0000;0.0000;0.0000
1452;726.39;774.4000;11945.1500;823.0000;48.6000;0.4351;2.3614;0.0000;-774.4000;0.0000;6.8165;0.0000;-774.4000;0.0000;6.8165;1.0000;0.0000;0.0000;0.0000;0.0000
1453;726.66;783.1500;11726.9500;830.8500;47.7000;0.4359;2.3606;0.0000;-783.1500;0.0000;6.8165;0.0000;-783.1500;0.0000;6.8165;1.0000;0.0000;0.0000;0.0000;0.0000
1454;726.93;784.7000;11657.5500;830.2500;45.5500;0.4189;2.3779;0.0000;-784.7000;0.0000;6.8165;0.0000;-784.7000;0.0000;6.8165;1.0000;0.0000;0.0000;0.0000;0.0000
1455;727.21;798.6000;11754.1000;832.2500;33.6500;0.3072;2.5126;0.0000;-798.6000;0.0000;6.8165;0.0000;-798.6000;0.0000;6.8165;1.0000;0.0000;0.0000;0.0000;0.0000
1456;727.48;783.9000;11635.9500;826.4500;42.5500;0.3921;2.4066;0.0000;-783.9000;0.0000;6.8165;0.0000;-783.9000;0.0000;6.8165;1.0000;0.0000;0.0000;0.0000;0.0000
1457;727.75;773.6500;11585.8500;820.5000;46.8500;0.4333;2.3632;0.0000;-773.6500;0.0000;6.8165;0.0000;-773.6500;0.0000;6.8165;1.0000;0.0000;0.0000;0.0000;0.0000
1458;728.02;775.4000;11221.2500;828.8500;53.4500;0.5117;2.2910;0.0000;-775.4000;0.0000;6.8165;0.0000;-775.4000;0.0000;6.8165;1.0000;0.0000;0.0000;0.0000;0.0000
1459;728.29;782.7500;11250.9500;831.8500;49.1000;0.4690;2.3288;0.0000;-782.7500;0.0000;6.8165;0.0000;-782.7500;0.0000;6.8165;1.0000;0.0000;0.0000;0.0000;0.0000
1460;728.56;781.5000;10984.1000;839.0000;57.5000;0.5636;2.2490;0.0000;-781.5000;0.0000;6.8165;0.0000;-781.5000;0.0000;6.8165;1.0000;0.0000;0.0000;0.0000;0.0000
1461;728.83;782.4500;10919.0000;840.2500;57.8000;0.5702;2.2440;0.0000;-782.4500;0.0000;6.8165;0.0000;-782.4500;0.0000;6.8165;1.0000;0.0000;0.0000;0.0000;0.0000
1462;729.10;788.4000;10834.8000;836.5500;48.1500;0.4793;2.3194;0.0000;-788.4000;0.0000;6.8165;0.0000;-788.4000;0.0000;6.8165;1.0000;0.0000;0.0000;0.0000;0.0000
1463;729.37;787.7000;10895.5500;824.7000;37.0000;0.3661;2.4365;0.0000;-787.7000;0.0000;6.8165;0.0000;-787.7000;0.0000;6.8165;1.0000;0.0000;0.0000;0.0000;0.0000
1464;729.64;783.2500;10890.1000;835.3000;52.0500;0.5150;2.2882;0.0000;-783.2500;0.0000;6.8165;0.0000;-783.2500;0.0000;6.8165;1.0000;0.0000;0.0000;0.0000;0.0000
1465;729.91;777.8500;10854.6500;822.5500;44.7000;0.4436;2.3530;0.0000;-777.8500;0.0000;6.8165;0.0000;-777.8500;0.0000;6.8165;1.0000;0.0000;0.0000;0.0000;0.0000
1466;730.18;813.0500;10819.1500;824.6000;11.5500;0.1154;2.9377;0.0000;-813.0500;0.0000;6.8165;0.0000;-813.0500;0.0000;6.8165;1.0000;0.0000;0.0000;0.0000;0.0000
1467;730.45;793.6500;10552.2500;850.6500;57.0000;0.5841;2.2335;0.0000;-793.6500;0.0000;6.8165;0.0000;-793.6500;0.0000;6.8165;1.0000;0.0000;0.0000;0.0000;0.0000
1468;730.72;800.5000;10461.5000;827.1000;26.6000;0.2753;2.5601;0.0000;-800.5000;0.0000;6.8165;0.0000;-800.5000;0.0000;6.8165;1.0000;0.0000;0.0000;0.0000;0.0000
1469;730.99;790.1000;10368.9500;817.0500;26.9500;0.2813;2.5508;0.0000;-790.1000;0.0000;6.8165;0.0000;-790.1000;0.0000;6.8165;1.0000;0.0000;0.0000;0.0000;0.0000
1470;731.26;790.8500;10248.5500;826.7500;35.9000;0.3796;2.4207;0.0000;-790.8500;0.0000;6.8165;0.0000;-790.8500;0.0000;6.8165;1.0000;0.0000;0.0000;0.0000;0.0000
1471;731.53;773.5000;10205.1500;822.1500;48.6500;0.5158;2.2875;0.0000;-773.5000;0.0000;6.8165;0.0000;-773.5000;0.0000;6.8165;1.0000;0.0000;0.0000;0.0000;0.0000
1472;731.80;786.1000;10310.4500;811.9500;25.8500;0.2714;2.5664;0.0000;-786.1000;0.0000;6.8165;0.0000;-786.1000;0.0000;6.8165;1.0000;0.0000;0.0000;0.0000;0.0000
1473;732.06;792.2500;10180.1000;841.9000;49.6500;0.5289;2.2766;0.0000;-792.2500;0.0000;6.8165;0.0000;-792.2500;0.0000;6.8165;1.0000;0.0000;0.0000;0.0000;0.0000
1474;732.33;779.3000;10331.2000;828.2500;48.9500;0.5125;2.2903;0.0000;-779.3000;0.0000;6.8165;0.0000;-779.3000;0.0000;6.8165;1.0000;0.0000;0.0000;0.0000;0.0000
1475;732.60;770.8000;10155.2000;820.8000;50.0000;0.5328;2.2734;0.0000;-770.8000;0.0000;6.8165;0.0000;-770.8000;0.0000;6.8165;1.0000;0.0000;0.0000;0.0000;0.0000
1476;732.87;785.8500;10132.7500;830.8500;45.0000;0.4814;2.3175;0.0000;-785.8500;0.0000;6.8165;0.0000;-785.8500;0.0000;6.8165;1.0000;0.0000;0.0000;0.0000;0.0000
1477;733.14;774.2500;10116.3000;828.8000;54.5500;0.5839;2.2336;0.0000;-774.2500;0.0000;6.8165;0.0000;-774.2500;0.0000;6.8165;1.0000;0.0000;0.0000;0.0000;0.0000
1478;733.41;779.3500;10099.0000;829.2500;49.9000;0.5354;2.2713;0.0000;-779.3500;0.0000;6.8165;0.0000;-779.3500;0.0000;6.8165;1.0000;0.0000;0.0000;0.0000;0.0000
1479;733.68;779.8000;10074.6500;816.0500;36.2500;0.3900;2.4089;0.0000;-779.8000;0.0000;6.8165;0.0000;-779.8000;0.0000;6.8165;1.0000;0.0000;0.0000;0.0000;0.0000
1480;733.95;798.1500;10084.2000;807.1500;9.0000;0.0969;3.0136;0.0000;-798.1500;0.0000;6.8165;0.0000;-798.1500;0.0000;6.8165;1.0000;0.0000;0.0000;0.0000;0.0000
1481;734.21;795.2500;9922.8000;812.1000;16.8500;0.1846;2.7338;0.0000;-795.2500;0.0000;6.8165;0.0000;-795.2500;0.0000;6.8165;1.0000;0.0000;0.0000;0.0000;0.0000
1482;734.48;800.5000;9760.0500;813.2000;12.7000;0.1417;2.8485;0.0000;-800.5000;0.0000;6.8165;0.0000;-800.5000;0.0000;6.8165;1.0000;0.0000;0.0000;0.0000;0.0000
1483;734.75;788.7500;9616.4000;820.9000;32.1500;0.3642;2.4387;0.0000;-788.7500;0.0000;6.8165;0.0000;-788.7500;0.0000;6.8165;1.0000;0.0000;0.0000;0.0000;0.0000
1484;735.02;780.6000;9452.2500;815.1500;34.5500;0.3984;2.3997;0.0000;-780.6000;0.0000;6.8165;0.0000;-780.6000;0.0000;6.8165;1.0000;0.0000;0.0000;0.0000;0.0000
1485;735.29;776.6000;9282.1500;813.6500;37.0500;0.4356;2.3609;0.0000;-776.6000;0.0000;6.8165;0.0000;-776.6000;0.0000;6.8165;1.0000;0.0000;0.0000;0.0000;0.0000
1486;735.55;785.2000;9185.8000;801.8500;16.6500;0.1982;2.7029;0.0000;-785.2000;0.0000;6.8165;0.0000;-785.2000;0.0000;6.8165;1.0000;0.0000;0.0000;0.0000;0.0000
1487;735.82;780.2500;9110.4000;819.2000;38.9500;0.4676;2.3301;0.0000;-780.2500;0.0000;6.8165;0.0000;-780.2500;0.0000;6.8165;1.0000;0.0000;0.0000;0.0000;0.0000
1488;736.09;779.4000;8870.7500;818.8000;39.4000;0.4869;2.3125;0.0000;-779.4000;0.0000;6.8165;0.0000;-779.4000;0.0000;6.8165;1.0000;0.0000;0.0000;0.0000;0.0000
1489;736.36;783.4000;8683.1000;820.8500;37.4500;0.4741;2.3242;0.0000;-783.4000;0.0000;6.8165;0.0000;-783.4000;0.0000;6.8165;1.0000;0.0000;0.0000;0.0000;0.0000
1490;736.62;789.3500;8511.2000;821.4500;32.1000;0.4157;2.3812;0.0000;-789.3500;0.0000;6.8165;0.0000;-789.3500;0.0000;6.8165;1.0000;0.0000;0.0000;0.0000;0.0000
1491;736.89;788.2000;8409.2500;821.9500;33.7500;0.4429;2.3537;0.0000;-788.2000;0.0000;6.8165;0.0000;-788.2000;0.0000;6.8165;1.0000;0.0000;0.0000;0.0000;0.0000
1492;737.16;790.3500;8278.3500;808.2000;17.8500;0.2384;2.6227;0.0000;-790.3500;0.0000;6.8165;0.0000;-790.3500;0.0000;6.8165;1.0000;0.0000;0.0000;0.0000;0.0000
1493;737.43;775.0000;8226.6500;817.5000;42.5000;0.5703;2.2439;0.0000;-775.0000;0.0000;6.8165;0.0000;-775.0000;0.0000;6.8165;1.0000;0.0000;0.0000;0.0000;0.0000
1494;737.69;778.9000;8190.4000;818.0000;39.1000;0.5276;2.2777;0.0000;-778.9000;0.0000;6.8165;0.0000;-778.9000;0.0000;6.8165;1.0000;0.0000;0.0000;0.0000;0.0000
1495;737.96;798.7500;8093.5000;827.8500;29.1000;0.3989;2.3991;0.0000;-798.7500;0.0000;6.8165;0.0000;-798.7500;0.0000;6.8165;1.0000;0.0000;0.0000;0.0000;0.0000
1496;738.23;775.0000;8054.5000;808.8500;33.8500;0.4650;2.3325;0.0000;-775.0000;0.0000;6.8165;0.0000;-775.0000;0.0000;6.8165;1.0000;0.0000;0.0000;0.0000;0.0000
1497;738.49;794.7500;7798.1000;819.6000;24.8500;0.3548;2.4500;0.0000;-794.7500;0.0000;6.8165;0.0000;-794.7500;0.0000;6.8165;1.0000;0.0000;0.0000;0.0000;0.0000
1498;738.76;785.6000;7664.3000;813.5000;27.9000;0.4056;2.3919;0.0000;-785.6000;0.0000;6.8165;0.0000;-785.6000;0.0000;6.8165;1.0000;0.0000;0.0000;0.0000;0.0000
1499;739.03;779.3000;7606.8000;806.6000;27.3000;0.3999;2.3981;0.0000;-779.3000;0.0000;6.8165;0.0000;-779.3000;0.0000;6.8165;1.0000;0.0000;0.0000;0.0000;0.0000
1500;739.29;780.8500;7472.2000;812.6500;31.8000;0.4752;2.3231;0.0000;-780.8500;0.0000;6.8165;0.0000;-780.8500;0.0000;6.8165;1.0000;0.0000;0.0000;0.0000;0.0000
1501;739.56;774.4500;7427.3500;821.8500;47.4000;0.7125;2.1472;0.0000;-774.4500;0.0000;6.8165;0.0000;-774.4500;0.0000;6.8165;1.0000;0.0000;0.0000;0.0000;0.0000
1502;739.83;776.3000;7339.1500;816.7000;40.4000;0.6156;2.2107;0.0000;-776.3000;0.0000;6.8165;0.0000;-776.3000;0.0000;6.8165;1.0000;0.0000;0.0000;0.0000;0.0000
1503;740.09;792.3000;7168.2000;805.5000;13.2000;0.2070;2.6840;0.0000;-792.3000;0.0000;6.8165;0.0000;-792.3000;0.0000;6.8165;1.0000;0.0000;0.0000;0.0000;0.0000
1504;740.36;791.4000;7169.5000;801.8500;10.4500;0.1638;2.7856;0.0000;-791.4000;0.0000;6.8165;0.0000;-791.4000;0.0000;6.8165;1.0000;0.0000;0.0000;0.0000;0.0000
1505;740.62;766.7500;6937.6500;815.0000;48.2500;0.7819;2.1069;0.0000;-766.7500;0.0000;6.8165;0.0000;-766.7500;0.0000;6.8165;1.0000;0.0000;0.0000;0.0000;0.0000
1506;740.89;775.2000;6807.8500;823.5500;48.3500;0.8015;2.0961;0.0000;-775.2000;0.0000;6.8165;0.0000;-775.2000;0.0000;6.8165;1.0000;0.0000;0.0000;0.0000;0.0000
1507;741.16;787.9500;6693.0000;816.8500;28.9000;0.4894;2.3103;0.0000;-787.9500;0.0000;6.8165;0.0000;-787.9500;0.0000;6.8165;1.0000;0.0000;0.0000;0.0000;0.0000
1508;741.42;782.3000;6513.4500;826.7500;44.4500;0.7756;2.1104;0.0000;-782.3000;0.0000;6.8165;0.0000;-782.3000;0.0000;6.8165;1.0000;0.0000;0.0000;0.0000;0.0000
1509;741.69;787.7000;6378.6500;825.0500;37.3500;0.6680;2.1752;0.0000;-787.7000;0.0000;6.8165;0.0000;-787.7000;0.0000;6.8165;1.0000;0.0000;0.0000;0.0000;0.0000
1510;741.95;785.8500;6329.9000;822.9500;37.1000;0.6692;2.1745;0.0000;-785.8500;0.0000;6.8165;0.0000;-785.8500;0.0000;6.8165;1.0000;0.0000;0.0000;0.0000;0.0000
1511;742.22;774.1500;6195.0500;805.5500;31.4000;0.5792;2.2371;0.0000;-774.1500;0.0000;6.8165;0.0000;-774.1500;0.0000;6.8165;1.0000;0.0000;0.0000;0.0000;0.0000
1512;742.48;773.3500;6005.8000;819.7000;46.3500;0.8858;2.0527;0.0000;-773.3500;0.0000;6.8165;0.0000;-773.3500;0.0000;6.8165;1.0000;0.0000;0.0000;0.0000;0.0000
1513;742.75;780.8500;5925.6500;811.3500;30.5000;0.5928;2.2271;0.0000;-780.8500;0.0000;6.8165;0.0000;-780.8500;0.0000;6.8165;1.0000;0.0000;0.0000;0.0000;0.0000
1514;743.01;778.0500;5827.7500;803.7000;25.6500;0.5080;2.2942;0.0000;-778.0500;0.0000;6.8165;0.0000;-778.0500;0.0000;6.8165;1.0000;0.0000;0.0000;0.0000;0.0000
1515;743.28;779.3000;5762.5500;800.4000;21.1000;0.4234;2.3732;0.0000;-779.3000;0.0000;6.8165;0.0000;-779.3000;0.0000;6.8165;1.0000;0.0000;0.0000;0.0000;0.0000
1516;743.54;780.1500;5615.7000;793.1500;13.0000;0.2688;2.5705;0.0000;-780.1500;0.0000;6.8165;0.0000;-780.1500;0.0000;6.8165;1.0000;0.0000;0.0000;0.0000;0.0000
1517;743.81;790.6500;5481.4000;801.4500;10.8000;0.2302;2.6378;0.0000;-790.6500;0.0000;6.8165;0.0000;-790.6500;0.0000;6.8165;1.0000;0.0000;0.0000;0.0000;0.0000
1518;744.07;787.9000;5319.9000;800.9000;13.0000;0.2868;2.5423;0.0000;-787.9000;0.0000;6.8165;0.0000;-787.9000;0.0000;6.8165;1.0000;0.0000;0.0000;0.0000;0.0000
1519;744.34;772.4500;5192.0500;798.4500;26.0000;0.5883;2.2304;0.0000;-772.4500;0.0000;6.8165;0.0000;-772.4500;0.0000;6.8165;1.0000;0.0000;0.0000;0.0000;0.0000
1520;744.60;799.1000;5016.4500;802.1500;3.0500;0.0723;3.1407;0.0000;-799.1000;0.0000;6.8165;0.0000;-799.1000;0.0000;6.8165;1.0000;0.0000;0.0000;0.0000;0.0000
1521;744.87;776.7500;4904.3500;796.8500;20.1000;0.4870;2.3125;0.0000;-776.7500;0.0000;6.8165;0.0000;-776.7500;0.0000;6.8165;1.0000;0.0000;0.0000;0.0000;0.0000
1522;745.13;786.0000;4802.4000;791.2500;5.2500;0.1307;2.8837;0.0000;-786.0000;0.0000;6.8165;0.0000;-786.0000;0.0000;6.8165;1.0000;0.0000;0.0000;0.0000;0.0000
1523;745.39;802.2500;4666.9500;810.3000;8.0500;0.2083;2.6813;0.0000;-802.2500;0.0000;6.8165;0.0000;-802.2500;0.0000;6.8165;1.0000;0.0000;0.0000;0.0000;0.0000
1524;745.66;783.0000;4550.2500;810.0500;27.0500;0.7180;2.1439;0.0000;-783.0000;0.0000;6.8165;0.0000;-783.0000;0.0000;6.8165;1.0000;0.0000;0.0000;0.0000;0.0000
1525;745.92;781.7000;4421.3000;816.6500;34.9500;0.9603;2.0176;0.0000;-781.7000;0.0000;6.8165;0.0000;-781.7000;0.0000;6.8165;1.0000;0.0000;0.0000;0.0000;0.0000
1526;746.19;787.5500;4295.3000;805.2000;17.6500;0.5032;2.2983;0.0000;-787.5500;0.0000;6.8165;0.0000;-787.5500;0.0000;6.8165;1.0000;0.0000;0.0000;0.0000;0.0000
1527;746.45;792.9500;4205.7000;807.3500;14.4000;0.4219;2.3747;0.0000;-792.9500;0.0000;6.8165;0.0000;-792.9500;0.0000;6.8165;1.0000;0.0000;0.0000;0.0000;0.0000
1528;746.71;800.4000;4150.2000;806.6000;6.2000;0.1851;2.7326;0.0000;-800.4000;0.0000;6.8165;0.0000;-800.4000;0.0000;6.8165;1.0000;0.0000;0.0000;0.0000;0.0000
1529;746.98;789.1500;4065.6000;806.6000;17.4500;0.5326;2.2736;0.0000;-789.1500;0.0000;6.8165;0.0000;-789.1500;0.0000;6.8165;1.0000;0.0000;0.0000;0.0000;0.0000
1530;747.24;786.3000;3943.3000;814.7500;28.4500;0.9012;2.0452;0.0000;-786.3000;0.0000;6.8165;0.0000;-786.3000;0.0000;6.8165;1.0000;0.0000;0.0000;0.0000;0.0000
1531;747.50;780.5000;3878.6000;795.9500;15.4500;0.4987;2.3022;0.0000;-780.5000;0.0000;6.8165;0.0000;-780.5000;0.0000;6.8165;1.0000;0.0000;0.0000;0.0000;0.0000
1532;747.77;775.5500;3708.4500;807.2000;31.6500;1.0791;1.9669;0.0000;-775.5500;0.0000;6.8165;0.0000;-775.5500;0.0000;6.8165;1.0000;0.0000;0.0000;0.0000;0.0000
1533;748.03;786.0500;3654.1000;803.7000;17.6500;0.6154;2.2108;0.0000;-786.0500;0.0000;6.8165;0.0000;-786.0500;0.0000;6.8165;1.0000;0.0000;0.0000;0.0000;0.0000
1534;748.29;786.0500;3580.5500;809.3500;23.3000;0.8338;2.0789;0.0000;-786.0500;0.0000;6.8165;0.0000;-786.0500;0.0000;6.8165;1.0000;0.0000;0.0000;0.0000;0.0000
1535;748.56;781.5000;3546.3500;813.5000;32.0000;1.1574;1.9365;0.0000;-781.5000;0.0000;6.8165;0.0000;-781.5000;0.0000;6.8165;1.0000;0.0000;0.0000;0.0000;0.0000
1536;748.82;793.8000;3479.8500;818.1500;24.3500;0.9065;2.0426;0.0000;-793.8000;0.0000;6.8165;0.0000;-793.8000;0.0000;6.8165;1.0000;0.0000;0.0000;0.0000;0.0000
1537;749.08;776.1000;3421.2500;797.0000;20.9000;0.7901;2.1023;0.0000;-776.1000;0.0000;6.8165;0.0000;-776.1000;0.0000;6.8165;1.0000;0.0000;0.0000;0.0000;0.0000
1538;749.34;784.9000;3339.5000;802.8000;17.9000;0.7007;2.1545;0.0000;-784.9000;0.0000;6.8165;0.0000;-784.9000;0.0000;6.8165;1.0000;0.0000;0.0000;0.0000;0.0000
1539;749.61;782.0500;3281.4500;800.9000;18.8500;0.7542;2.1225;0.0000;-782.0500;0.0000;6.8165;0.0000;-782.0500;0.0000;6.8165;1.0000;0.0000;0.0000;0.0000;0.0000
1540;749.87;788.1500;3231.7500;806.2000;18.0500;0.7387;2.1316;0.0000;-788.1500;0.0000;6.8165;0.0000;-788.1500;0.0000;6.8165;1.0000;0.0000;0.0000;0.0000;0.0000
1541;750.13;777.3500;3204.1000;812.8500;35.5000;1.4629;1.8348;0.0000;-777.3500;0.0000;6.8165;0.0000;-777.3500;0.0000;6.8165;1.0000;0.0000;0.0000;0.0000;0.0000
1542;750.39;784.6500;3128.5500;804.1000;19.4500;0.8298;2.0810;0.0000;-784.6500;0.0000;6.8165;0.0000;-784.6500;0.0000;6.8165;1.0000;0.0000;0.0000;0.0000;0.0000
1543;750.65;778.1000;3108.0000;796.7500;18.6500;0.8005;2.0967;0.0000;-778.1000;0.0000;6.8165;0.0000;-778.1000;0.0000;6.8165;1.0000;0.0000;0.0000;0.0000;0.0000
1544;750.92;785.2500;3066.7500;812.4000;27.1500;1.1900;1.9245;0.0000;-785.2500;0.0000;6.8165;0.0000;-785.2500;0.0000;6.8165;1.0000;0.0000;0.0000;0.0000;0.0000
1545;751.18;784.7000;2990.2000;813.4000;28.7000;1.3013;1.8856;0.0000;-784.7000;0.0000;6.8165;0.0000;-784.7000;0.0000;6.8165;1.0000;0.0000;0.0000;0.0000;0.0000
1546;751.44;793.5000;2938.3000;807.4500;13.9500;0.6504;2.1868;0.0000;-793.5000;0.0000;6.8165;0.0000;-793.5000;0.0000;6.8165;1.0000;0.0000;0.0000;0.0000;0.0000
1547;751.70;789.0000;2888.9500;809.5000;20.5000;0.9762;2.0105;0.0000;-789.0000;0.0000;6.8165;0.0000;-789.0000;0.0000;6.8165;1.0000;0.0000;0.0000;0.0000;0.0000
1548;751.96;794.4000;2816.8500;819.7500;25.3500;1.2534;1.9019;0.0000;-794.4000;0.0000;6.8165;0.0000;-794.4000;0.0000;6.8165;1.0000;0.0000;0.0000;0.0000;0.0000
1549;752.23;784.9500;2789.3500;809.9000;24.9500;1.2448;1.9049;0.0000;-784.9500;0.0000;6.8165;0.0000;-784.9500;0.0000;6.8165;1.0000;0.0000;0.0000;0.0000;0.0000
1550;752.49;788.8000;2780.6000;792.1000;3.3000;0.1657;2.7807;0.0000;-788.8000;0.0000;6.8165;0.0000;-788.8000;0.0000;6.8165;1.0000;0.0000;0.0000;0.0000;0.0000
1551;752.75;786.5000;2763.1000;809.8000;23.3000;1.1788;1.9286;0.0000;-786.5000;0.0000;6.8165;0.0000;-786.5000;0.0000;6.8165;1.0000;0.0000;0.0000;0.0000;0.0000
1552;753.01;797.6000;2726.9000;806.9500;9.3500;0.4846;2.3146;0.0000;-797.6000;0.0000;6.8165;0.0000;-797.6000;0.0000;6.8165;1.0000;0.0000;0.0000;0.0000;0.0000
1553;753.27;789.2500;2692.6500;806.4000;17.1500;0.9010;2.0453;0.0000;-789.2500;0.0000;6.8165;0.0000;-789.2500;0.0000;6.8165;1.0000;0.0000;0.0000;0.0000;0.0000
1554;753.53;787.7500;2696.4000;811.4000;23.6500;1.2391;1.9069;0.0000;-787.7500;0.0000;6.8165;0.0000;-787.7500;0.0000;6.8165;1.0000;0.0000;0.0000;0.0000;0.0000
1555;753.79;792.5000;2643.8000;798.0500;5.5500;0.2998;2.5232;0.0000;-792.5000;0.0000;6.8165;0.0000;-792.5000;0.0000;6.8165;1.0000;0.0000;0.0000;0.0000;0.0000
1556;754.05;791.1000;2574.6500;795.8000;4.7000;0.2635;2.5792;0.0000;-791.1000;0.0000;6.8165;0.0000;-791.1000;0.0000;6.8165;1.0000;0.0000;0.0000;0.0000;0.0000
1557;754.31;792.3500;2547.8500;803.2500;10.9000;0.6209;2.2070;0.0000;-792.3500;0.0000;6.8165;0.0000;-792.3500;0.0000;6.8165;1.0000;0.0000;0.0000;0.0000;0.0000
1558;754.57;787.3000;2518.9500;798.6000;11.3000;0.6526;2.1854;0.0000;-787.3000;0.0000;6.8165;0.0000;-787.3000;0.0000;6.8165;1.0000;0.0000;0.0000;0.0000;0.0000
1559;754.84;784.6000;2484.6500;797.8500;13.2500;0.7794;2.1082;0.0000;-784.6000;0.0000;6.8165;0.0000;-784.6000;0.0000;6.8165;1.0000;0.0000;0.0000;0.0000;0.0000
1560;755.10;800.5000;2420.7000;802.3000;1.8000;0.1111;2.9543;0.0000;-800.5000;0.0000;6.8165;0.0000;-800.5000;0.0000;6.8165;1.0000;0.0000;0.0000;0.0000;0.0000
1561;755.36;778.1000;2430.1500;798.7000;20.6000;1.2469;1.9042;0.0000;-778.1000;0.0000;6.8165;0.0000;-778.1000;0.0000;6.8165;1.0000;0.0000;0.0000;0.0000;0.0000
1562;755.62;793.0500;2365.8000;799.5000;6.4500;0.4101;2.3871;0.0000;-793.0500;0.0000;6.8165;0.0000;-793.0500;0.0000;6.8165;1.0000;0.0000;0.0000;0.0000;0.0000
1563;755.88;781.9500;2371.6000;800.4500;18.5000;1.1638;1.9341;0.0000;-781.9500;0.0000;6.8165;0.0000;-781.9500;0.0000;6.8165;1.0000;0.0000;0.0000;0.0000;0.0000
1564;756.14;779.7000;2363.9500;804.6500;24.9500;1.5749;1.8028;0.0000;-779.7000;0.0000;6.8165;0.0000;-779.7000;0.0000;6.8165;1.0000;0.0000;0.0000;0.0000;0.0000
1565;756.40;788.1500;2323.2500;801.2000;13.0500;0.8501;2.0705;0.0000;-788.1500;0.0000;6.8165;0.0000;-788.1500;0.0000;6.8165;1.0000;0.0000;0.0000;0.0000;0.0000
1566;756.66;786.3000;2341.7000;799.4000;13.1000;0.8422;2.0746;0.0000;-786.3000;0.0000;6.8165;0.0000;-786.3000;0.0000;6.8165;1.0000;0.0000;0.0000;0.0000;0.0000
1567;756.92;776.8500;2304.6500;798.5000;21.6500;1.4171;1.8486;0.0000;-776.8500;0.0000;6.8165;0.0000;-776.8500;0.0000;6.8165;1.0000;0.0000;0.0000;0.0000;0.0000
1568;757.18;782.8500;2268.1000;788.4500;5.6000;0.3770;2.4236;0.0000;-782.8500;0.0000;6.8165;0.0000;-782.8500;0.0000;6.8165;1.0000;0.0000;0.0000;0.0000;0.0000
1569;757.43;793.4000;2258.3000;803.0000;9.6000;0.6553;2.1835;0.0000;-793.4000;0.0000;6.8165;0.0000;-793.4000;0.0000;6.8165;1.0000;0.0000;0.0000;0.0000;0.0000
1570;757.69;790.1500;2230.5000;808.9000;18.7500;1.3018;1.8855;0.0000;-790.1500;0.0000;6.8165;0.0000;-790.1500;0.0000;6.8165;1.0000;0.0000;0.0000;0.0000;0.0000
1571;757.95;779.0000;2222.2000;802.7500;23.7500;1.6456;1.7837;0.0000;-779.0000;0.0000;6.8165;0.0000;-779.0000;0.0000;6.8165;1.0000;0.0000;0.0000;0.0000;0.0000
1572;758.21;781.2000;2224.0000;799.2000;18.0000;1.2476;1.9039;0.0000;-781.2000;0.0000;6.8165;0.0000;-781.2000;0.0000;6.8165;1.0000;0.0000;0.0000;0.0000;0.0000
1573;758.47;795.9500;2208.0000;805.5000;9.5500;0.6763;2.1698;0.0000;-795.9500;0.0000;6.8165;0.0000;-795.9500;0.0000;6.8165;1.0000;0.0000;0.0000;0.0000;0.0000
1574;758.73;794.8500;2211.0500;795.8500;1.0000;0.0706;3.1511;0.0000;-794.8500;0.0000;6.8165;0.0000;-794.8500;0.0000;6.8165;1.0000;0.0000;0.0000;0.0000;0.0000
1575;758.99;788.2000;2194.6000;796.8500;8.6500;0.6150;2.2111;0.0000;-788.2000;0.0000;6.8165;0.0000;-788.2000;0.0000;6.8165;1.0000;0.0000;0.0000;0.0000;0.0000
1576;759.25;801.0000;2213.9000;800.3500;-0.6500;0.0000;6.8165;0.0000;-801.0000;0.0000;6.8165;0.0000;-801.0000;0.0000;6.8165;1.0000;0.0000;0.0000;0.0000;0.0000
1577;759.51;793.2000;2182.3000;796.9500;3.7500;0.2700;2.5687;0.0000;-793.2000;0.0000;6.8165;0.0000;-793.2000;0.0000;6.8165;1.0000;0.0000;0.0000;0.0000;0.0000
1578;759.77;778.6500;2163.2000;806.7000;28.0500;2.0259;1.6934;0.0000;-778.6500;0.0000;6.8165;0.0000;-778.6500;0.0000;6.8165;1.0000;0.0000;0.0000;0.0000;0.0000
1579;760.02;779.9000;2150.6000;796.3000;16.4000;1.1965;1.9221;0.0000;-779.9000;0.0000;6.8165;0.0000;-779.9000;0.0000;6.8165;1.0000;0.0000;0.0000;0.0000;0.0000
1580;760.28;785.7000;2154.9000;808.5000;22.8000;1.6652;1.7785;0.0000;-785.7000;0.0000;6.8165;0.0000;-785.7000;0.0000;6.8165;1.0000;0.0000;0.0000;0.0000;0.0000
1581;760.54;790.6500;2146.1000;802.6500;12.0000;0.8853;2.0529;0.0000;-790.6500;0.0000;6.8165;0.0000;-790.6500;0.0000;6.8165;1.0000;0.0000;0.0000;0.0000;0.0000
1582;760.80;786.2000;2152.7500;791.5500;5.3500;0.3915;2.4073;0.0000;-786.2000;0.0000;6.8165;0.0000;-786.2000;0.0000;6.8165;1.0000;0.0000;0.0000;0.0000;0.0000
1583;761.06;787.6500;2157.5500;800.3500;12.7000;0.9271;2.0329;0.0000;-787.6500;0.0000;6.8165;0.0000;-787.6500;0.0000;6.8165;1.0000;0.0000;0.0000;0.0000;0.0000
1584;761.32;788.0000;2182.7000;793.3000;5.3000;0.3800;2.4202;0.0000;-788.0000;0.0000;6.8165;0.0000;-788.0000;0.0000;6.8165;1.0000;0.0000;0.0000;0.0000;0.0000
1585;761.57;774.2000;2172.3500;793.2500;19.0500;1.3625;1.8657;0.0000;-774.2000;0.0000;6.8165;0.0000;-774.2000;0.0000;6.8165;1.0000;0.0000;0.0000;0.0000;0.0000
1586;761.83;776.4000;2161.7000;785.7000;9.3000;0.6713;2.1731;0.0000;-776.4000;0.0000;6.8165;0.0000;-776.4000;0.0000;6.8165;1.0000;0.0000;0.0000;0.0000;0.0000
1587;762.09;793.4000;2139.0500;783.2500;-10.1500;0.0000;6.8165;0.0000;-793.4000;0.0000;6.8165;0.0000;-793.4000;0.0000;6.8165;1.0000;0.0000;0.0000;0.0000;0.0000
1588;762.35;785.5500;2132.8500;796.2000;10.6500;0.7905;2.1021;0.0000;-785.5500;0.0000;6.8165;0.0000;-785.5500;0.0000;6.8165;1.0000;0.0000;0.0000;0.0000;0.0000
1589;762.60;786.5500;2136.9000;799.4500;12.9000;0.9553;2.0199;0.0000;-786.5500;0.0000;6.8165;0.0000;-786.5500;0.0000;6.8165;1.0000;0.0000;0.0000;0.0000;0.0000
1590;762.86;784.9500;2119.3000;795.2500;10.3000;0.7719;2.1124;0.0000;-784.9500;0.0000;6.8165;0.0000;-784.9500;0.0000;6.8165;1.0000;0.0000;0.0000;0.0000;0.0000
1591;763.12;785.1500;2146.2000;807.2500;22.1000;1.6237;1.7895;0.0000;-785.1500;0.0000;6.8165;0.0000;-785.1500;0.0000;6.8165;1.0000;0.0000;0.0000;0.0000;0.0000
1592;763.38;782.9500;2192.7500;799.3000;16.3500;1.1597;1.9356;0.0000;-782.9500;0.0000;6.8165;0.0000;-782.9500;0.0000;6.8165;1.0000;0.0000;0.0000;0.0000;0.0000
1593;763.63;787.4000;2224.6500;802.7500;15.3500;1.0680;1.9714;0.0000;-787.4000;0.0000;6.8165;0.0000;-787.4000;0.0000;6.8165;1.0000;0.0000;0.0000;0.0000;0.0000
1594;763.89;785.0000;2251.3500;782.1000;-2.9000;0.0000;6.8165;0.0000;-785.0000;0.0000;6.8165;0.0000;-785.0000;0.0000;6.8165;1.0000;0.0000;0.0000;0.0000;0.0000
1595;764.15;787.6000;2319.8500;794.8000;7.2000;0.4699;2.3280;0.0000;-787.6000;0.0000;6.8165;0.0000;-787.6000;0.0000;6.8165;1.0000;0.0000;0.0000;0.0000;0.0000
1596;764.40;780.5000;2390.0500;811.2000;30.7000;1.9074;1.7196;0.0000;-780.5000;0.0000;6.8165;0.0000;-780.5000;0.0000;6.8165;1.0000;0.0000;0.0000;0.0000;0.0000
1597;764.66;774.9000;2457.7000;802.9000;28.0000;1.6639;1.7789;0.0000;-774.9000;0.0000;6.8165;0.0000;-774.9000;0.0000;6.8165;1.0000;0.0000;0.0000;0.0000;0.0000
1598;764.92;780.9500;2536.9500;796.7000;15.7500;0.8969;2.0472;0.0000;-780.9500;0.0000;6.8165;0.0000;-780.9500;0.0000;6.8165;1.0000;0.0000;0.0000;0.0000;0.0000
1599;765.17;787.1000;2592.9000;813.1000;26.0000;1.4398;1.8417;0.0000;-787.1000;0.0000;6.8165;0.0000;-787.1000;0.0000;6.8165;1.0000;0.0000;0.0000;0.0000;0.0000
1600;765.43;783.5000;2621.7000;799.2500;15.7500;0.8568;2.0671;0.0000;-783.5000;0.0000;6.8165;0.0000;-783.5000;0.0000;6.8165;1.0000;0.0000;0.0000;0.0000;0.0000
1601;765.69;782.0500;2575.6000;800.0000;17.9500;1.0008;1.9996;0.0000;-782.0500;0.0000;6.8165;0.0000;-782.0500;0.0000;6.8165;1.0000;0.0000;0.0000;0.0000;0.0000
1602;765.94;785.4500;2520.4500;799.2500;13.8000;0.7954;2.0994;0.0000;-785.4500;0.0000;6.8165;0.0000;-785.4500;0.0000;6.8165;1.0000;0.0000;0.0000;0.0000;0.0000
1603;766.20;785.8000;2457.7000;795.0500;9.2500;0.5533;2.2571;0.0000;-785.8000;0.0000;6.8165;0.0000;-785.8000;0.0000;6.8165;1.0000;0.0000;0.0000;0.0000;0.0000
1604;766.45;778.4000;2401.7000;792.8000;14.4000;0.8871;2.0520;0.0000;-778.4000;0.0000;6.8165;0.0000;-778.4000;0.0000;6.8165;1.0000;0.0000;0.0000;0.0000;0.0000
1605;766.71;785.1000;2300.4500;804.5500;19.4500;1.2835;1.8916;0.0000;-785.1000;0.0000;6.8165;0.0000;-785.1000;0.0000;6.8165;1.0000;0.0000;0.0000;0.0000;0.0000
1606;766.97;790.8500;2187.4000;796.7500;5.9000;0.4225;2.3742;0.0000;-790.8500;0.0000;6.8165;0.0000;-790.8500;0.0000;6.8165;1.0000;0.0000;0.0000;0.0000;0.0000
1607;767.22;793.8000;2120.6500;803.7500;9.9500;0.7499;2.1250;0.0000;-793.8000;0.0000;6.8165;0.0000;-793.8000;0.0000;6.8165;1.0000;0.0000;0.0000;0.0000;0.0000
1608;767.48;787.7500;2065.1500;792.9000;5.1500;0.4032;2.3945;0.0000;-787.7500;0.0000;6.8165;0.0000;-787.7500;0.0000;6.8165;1.0000;0.0000;0.0000;0.0000;0.0000
1609;767.73;783.1000;2018.6500;796.4000;13.3000;1.0764;1.9680;0.0000;-783.1000;0.0000;6.8165;0.0000;-783.1000;0.0000;6.8165;1.0000;0.0000;0.0000;0.0000;0.0000
1610;767.99;768.5000;1982.1500;798.2000;29.7000;2.4472;1.6113;0.0000;-768.5000;0.0000;6.8165;0.0000;-768.5000;0.0000;6.8165;1.0000;0.0000;0.0000;0.0000;0.0000
1611;768.24;787.0000;1931.1000;792.6500;5.6500;0.4938;2.3064;0.0000;-787.0000;0.0000;6.8165;0.0000;-787.0000;0.0000;6.8165;1.0000;0.0000;0.0000;0.0000;0.0000
1612;768.50;783.2000;1894.6000;789.3000;6.1000;0.5489;2.2605;0.0000;-783.2000;0.0000;6.8165;0.0000;-783.2000;0.0000;6.8165;1.0000;0.0000;0.0000;0.0000;0.0000
1613;768.75;775.9000;1869.3500;796.4500;20.5500;1.8794;1.7260;0.0000;-775.9000;0.0000;6.8165;0.0000;-775.9000;0.0000;6.8165;1.0000;0.0000;0.0000;0.0000;0.0000
1614;769.01;791.8000;1838.9000;802.7500;10.9500;1.0457;1.9806;0.0000;-791.8000;0.0000;6.8165;0.0000;-791.8000;0.0000;6.8165;1.0000;0.0000;0.0000;0.0000;0.0000
1615;769.26;779.7500;1808.0500;788.7000;8.9500;0.8704;2.0603;0.0000;-779.7500;0.0000;6.8165;0.0000;-779.7500;0.0000;6.8165;1.0000;0.0000;0.0000;0.0000;0.0000
1616;769.52;788.2000;1792.9000;794.1500;5.9500;0.5922;2.2275;0.0000;-788.2000;0.0000;6.8165;0.0000;-788.2000;0.0000;6.8165;1.0000;0.0000;0.0000;0.0000;0.0000
1617;769.77;786.2000;1742.9500;787.7000;1.5000;0.1568;2.8047;0.0000;-786.2000;0.0000;6.8165;0.0000;-786.2000;0.0000;6.8165;1.0000;0.0000;0.0000;0.0000;0.0000
1618;770.03;778.9000;1711.6500;802.0000;23.1000;2.4765;1.6062;0.0000;-778.9000;0.0000;6.8165;0.0000;-778.9000;0.0000;6.8165;1.0000;0.0000;0.0000;0.0000;0.0000
1619;770.28;792.1500;1691.8500;793.9000;1.7500;0.1945;2.7111;0.0000;-792.1500;0.0000;6.8165;0.0000;-792.1500;0.0000;6.8165;1.0000;0.0000;0.0000;0.0000;0.0000
1620;770.54;795.4500;1689.2500;788.0000;-7.4500;0.0000;6.8165;0.0000;-795.4500;0.0000;6.8165;0.0000;-795.4500;0.0000;6.8165;1.0000;0.0000;0.0000;0.0000;0.0000
1621;770.79;779.0000;1676.8500;784.1000;5.1000;0.5680;2.2456;0.0000;-779.0000;0.0000;6.8165;0.0000;-779.0000;0.0000;6.8165;1.0000;0.0000;0.0000;0.0000;0.0000
1622;771.04;785.5500;1653.9500;793.7000;8.1500;0.9385;2.0276;0.0000;-785.5500;0.0000;6.8165;0.0000;-785.5500;0.0000;6.8165;1.0000;0.0000;0.0000;0.0000;0.0000
1623;771.30;798.0500;1636.4000;808.3000;10.2500;1.2226;1.9127;0.0000;-798.0500;0.0000;6.8165;0.0000;-798.0500;0.0000;6.8165;1.0000;0.0000;0.0000;0.0000;0.0000
1624;771.55;773.8000;1619.4000;800.6500;26.8500;3.1753;1.4982;0.0000;-773.8000;0.0000;6.8165;0.0000;-773.8000;0.0000;6.8165;1.0000;0.0000;0.0000;0.0000;0.0000
1625;771.81;780.3500;1609.8000;798.5000;18.1500;2.1882;1.6599;0.0000;-780.3500;0.0000;6.8165;0.0000;-780.3500;0.0000;6.8165;1.0000;0.0000;0.0000;0.0000;0.0000
1626;772.06;778.4000;1588.1000;801.9000;23.5000;2.9023;1.5373;0.0000;-778.4000;0.0000;6.8165;0.0000;-778.4000;0.0000;6.8165;1.0000;0.0000;0.0000;0.0000;0.0000
1627;772.31;786.5500;1568.2000;785.6000;-0.9500;0.0000;6.8165;0.0000;-786.5500;0.0000;6.8165;0.0000;-786.5500;0.0000;6.8165;1.0000;0.0000;0.0000;0.0000;0.0000
1628;772.57;784.1000;1570.1000;800.4500;16.3500;2.0802;1.6819;0.0000;-784.1000;0.0000;6.8165;0.0000;-784.1000;0.0000;6.8165;1.0000;0.0000;0.0000;0.0000;0.0000
1629;772.82;787.1000;1560.9000;806.2000;19.1000;2.4683;1.6076;0.0000;-787.1000;0.0000;6.8165;0.0000;-787.1000;0.0000;6.8165;1.0000;0.0000;0.0000;0.0000;0.0000
1630;773.07;777.1000;1535.2500;802.3500;25.2500;3.3305;1.4775;0.0000;-777.1000;0.0000;6.8165;0.0000;-777.1000;0.0000;6.8165;1.0000;0.0000;0.0000;0.0000;0.0000
1631;773.33;787.4500;1520.5000;791.7500;4.3000;0.5866;2.2317;0.0000;-787.4500;0.0000;6.8165;0.0000;-787.4500;0.0000;6.8165;1.0000;0.0000;0.0000;0.0000;0.0000
1632;773.58;780.6000;1531.9000;791.7000;11.1000;1.4774;1.8305;0.0000;-780.6000;0.0000;6.8165;0.0000;-780.6000;0.0000;6.8165;1.0000;0.0000;0.0000;0.0000;0.0000
1633;773.83;785.7500;1493.6000;799.2000;13.4500;1.9001;1.7212;0.0000;-785.7500;0.0000;6.8165;0.0000;-785.7500;0.0000;6.8165;1.0000;0.0000;0.0000;0.0000;0.0000
1634;774.09;784.2500;1505.5500;806.1500;21.9000;3.0362;1.5177;0.0000;-784.2500;0.0000;6.8165;0.0000;-784.2500;0.0000;6.8165;1.0000;0.0000;0.0000;0.0000;0.0000
1635;774.34;781.6500;1494.4000;800.7000;19.0500;2.6727;1.5730;0.0000;-781.6500;0.0000;6.8165;0.0000;-781.6500;0.0000;6.8165;1.0000;0.0000;0.0000;0.0000;0.0000
1636;774.59;784.6000;1477.0000;786.7500;2.1500;0.3105;2.5079;0.0000;-784.6000;0.0000;6.8165;0.0000;-784.6000;0.0000;6.8165;1.0000;0.0000;0.0000;0.0000;0.0000
1637;774.85;781.6500;1463.6000;793.1500;11.5000;1.6863;1.7731;0.0000;-781.6500;0.0000;6.8165;0.0000;-781.6500;0.0000;6.8165;1.0000;0.0000;0.0000;0.0000;0.0000
1638;775.10;788.9000;1450.9000;798.6000;9.7000;1.4653;1.8341;0.0000;-788.9000;0.0000;6.8165;0.0000;-788.9000;0.0000;6.8165;1.0000;0.0000;0.0000;0.0000;0.0000
1639;775.35;780.7000;1443.1000;804.7500;24.0500;3.6307;1.4400;0.0000;-780.7000;0.0000;6.8165;0.0000;-780.7000;0.0000;6.8165;1.0000;0.0000;0.0000;0.0000;0.0000
1640;775.60;791.5000;1423.4500;803.3000;11.8000;1.8672;1.7288;0.0000;-791.5000;0.0000;6.8165;0.0000;-791.5000;0.0000;6.8165;1.0000;0.0000;0.0000;0.0000;0.0000
1641;775.85;798.6500;1423.8500;799.3000;0.6500;0.1040;2.9831;0.0000;-798.6500;0.0000;6.8165;0.0000;-798.6500;0.0000;6.8165;1.0000;0.0000;0.0000;0.0000;0.0000
1642;776.11;800.0000;1402.0500;788.1500;-11.8500;0.0000;6.8165;0.0000;-800.0000;0.0000;6.8165;0.0000;-800.0000;0.0000;6.8165;1.0000;0.0000;0.0000;0.0000;0.0000
1643;776.36;790.2000;1405.7000;795.1500;4.9500;0.8042;2.0946;0.0000;-790.2000;0.0000;6.8165;0.0000;-790.2000;0.0000;6.8165;1.0000;0.0000;0.0000;0.0000;0.0000
1644;776.61;784.1000;1419.6500;792.9500;8.8500;1.3925;1.8562;0.0000;-784.1000;0.0000;6.8165;0.0000;-784.1000;0.0000;6.8165;1.0000;0.0000;0.0000;0.0000;0.0000
1645;776.86;777.6500;1394.9500;794.8500;17.2000;2.7863;1.5550;0.0000;-777.6500;0.0000;6.8165;0.0000;-777.6500;0.0000;6.8165;1.0000;0.0000;0.0000;0.0000;0.0000
1646;777.11;784.2000;1395.9000;797.7000;13.5000;2.2070;1.6562;0.0000;-784.2000;0.0000;6.8165;0.0000;-784.2000;0.0000;6.8165;1.0000;0.0000;0.0000;0.0000;0.0000
1647;777.37;775.1500;1378.1000;810.1500;35.0000;5.8048;1.2362;0.0000;-775.1500;0.0000;6.8165;0.0000;-775.1500;0.0000;6.8165;1.0000;0.0000;0.0000;0.0000;0.0000
1648;777.62;775.7000;1391.5000;789.3500;13.6500;2.2166;1.6543;0.0000;-775.7000;0.0000;6.8165;0.0000;-775.7000;0.0000;6.8165;1.0000;0.0000;0.0000;0.0000;0.0000
1649;777.87;784.1000;1360.3500;787.3000;3.2000;0.5553;2.2555;0.0000;-784.1000;0.0000;6.8165;0.0000;-784.1000;0.0000;6.8165;1.0000;0.0000;0.0000;0.0000;0.0000
1650;778.12;788.8000;1373.7500;802.0500;13.2500;2.2652;1.6449;0.0000;-788.8000;0.0000;6.8165;0.0000;-788.8000;0.0000;6.8165;1.0000;0.0000;0.0000;0.0000;0.0000
1651;778.37;785.2000;1374.4000;796.2500;11.0500;1.8754;1.7269;0.0000;-785.2000;0.0000;6.8165;0.0000;-785.2000;0.0000;6.8165;1.0000;0.0000;0.0000;0.0000;0.0000
1652;778.62;789.2000;1360.3500;792.2000;3.0000;0.5253;2.2796;0.0000;-789.2000;0.0000;6.8165;0.0000;-789.2000;0.0000;6.8165;1.0000;0.0000;0.0000;0.0000;0.0000
1653;778.87;786.3500;1364.9500;791.6500;5.3000;0.9160;2.0381;0.0000;-786.3500;0.0000;6.8165;0.0000;-786.3500;0.0000;6.8165;1.0000;0.0000;0.0000;0.0000;0.0000
1654;779.12;789.1000;1354.9000;781.7000;-7.4000;0.0000;6.8165;0.0000;-789.1000;0.0000;6.8165;0.0000;-789.1000;0.0000;6.8165;1.0000;0.0000;0.0000;0.0000;0.0000
1655;779.38;784.3000;1346.1500;783.4000;-0.9000;0.0000;6.8165;0.0000;-784.3000;0.0000;6.8165;0.0000;-784.3000;0.0000;6.8165;1.0000;0.0000;0.0000;0.0000;0.0000
1656;779.63;781.8500;1352.3500;790.2500;8.4000;1.4724;1.8320;0.0000;-781.8500;0.0000;6.8165;0.0000;-781.8500;0.0000;6.8165;1.0000;0.0000;0.0000;0.0000;0.0000
1657;779.88;799.1000;1326.6500;790.5000;-8.6000;0.0000;6.8165;0.0000;-799.1000;0.0000;6.8165;0.0000;-799.1000;0.0000;6.8165;1.0000;0.0000;0.0000;0.0000;0.0000
1658;780.13;785.6500;1341.7000;783.9500;-1.7000;0.0000;6.8165;0.0000;-785.6500;0.0000;6.8165;0.0000;-785.6500;0.0000;6.8165;1.0000;0.0000;0.0000;0.0000;0.0000
1659;780.38;792.9500;1339.9500;804.8500;11.9000;2.1755;1.6624;0.0000;-792.9500;0.0000;6.8165;0.0000;-792.9500;0.0000;6.8165;1.0000;0.0000;0.0000;0.0000;0.0000
1660;780.63;783.1000;1333.7500;798.4500;15.3500;2.7876;1.5548;0.0000;-783.1000;0.0000;6.8165;0.0000;-783.1000;0.0000;6.8165;1.0000;0.0000;0.0000;0.0000;0.0000
1661;780.88;789.0500;1349.1500;794.3000;5.2500;0.9373;2.0281;0.0000;-789.0500;0.0000;6.8165;0.0000;-789.0500;0.0000;6.8165;1.0000;0.0000;0.0000;0.0000;0.0000
1662;781.13;788.7000;1338.5500;801.4000;12.7000;2.3097;1.6364;0.0000;-788.7000;0.0000;6.8165;0.0000;-788.7000;0.0000;6.8165;1.0000;0.0000;0.0000;0.0000;0.0000
1663;781.38;773.8500;1321.8000;796.0500;22.2000;4.0515;1.3924;0.0000;-773.8500;0.0000;6.8165;0.0000;-773.8500;0.0000;6.8165;1.0000;0.0000;0.0000;0.0000;0.0000
1664;781.63;782.2500;1339.7500;783.9000;1.6500;0.2960;2.5288;0.0000;-782.2500;0.0000;6.8165;0.0000;-782.2500;0.0000;6.8165;1.0000;0.0000;0.0000;0.0000;0.0000
1665;781.88;791.3000;1323.3000;801.5000;10.2000;1.9173;1.7173;0.0000;-791.3000;0.0000;6.8165;0.0000;-791.3000;0.0000;6.8165;1.0000;0.0000;0.0000;0.0000;0.0000
1666;782.13;790.1500;1328.0000;797.6500;7.5000;1.3944;1.8556;0.0000;-790.1500;0.0000;6.8165;0.0000;-790.1500;0.0000;6.8165;1.0000;0.0000;0.0000;0.0000;0.0000
1667;782.38;790.8500;1344.2500;794.4500;3.6000;0.6505;2.1867;0.0000;-790.8500;0.0000;6.8165;0.0000;-790.8500;0.0000;6.8165;1.0000;0.0000;0.0000;0.0000;0.0000
1668;782.63;784.1000;1343.5500;798.6000;14.5000;2.5918;1.5864;0.0000;-784.1000;0.0000;6.8165;0.0000;-784.1000;0.0000;6.8165;1.0000;0.0000;0.0000;0.0000;0.0000
1669;782.88;779.8000;1332.3500;792.6000;12.8000;2.3165;1.6352;0.0000;-779.8000;0.0000;6.8165;0.0000;-779.8000;0.0000;6.8165;1.0000;0.0000;0.0000;0.0000;0.0000
1670;783.13;776.3000;1329.3500;790.8500;14.5500;2.6309;1.5799;0.0000;-776.3000;0.0000;6.8165;0.0000;-776.3000;0.0000;6.8165;1.0000;0.0000;0.0000;0.0000;0.0000
1671;783.38;781.6000;1345.5500;797.7500;16.1500;2.8637;1.5431;0.0000;-781.6000;0.0000;6.8165;0.0000;-781.6000;0.0000;6.8165;1.0000;0.0000;0.0000;0.0000;0.0000
1672;783.62;778.2500;1330.1000;780.6000;2.3500;0.4258;2.3708;0.0000;-778.2500;0.0000;6.8165;0.0000;-778.2500;0.0000;6.8165;1.0000;0.0000;0.0000;0.0000;0.0000
1673;783.87;802.1000;1331.7000;795.8500;-6.2500;0.0000;6.8165;0.0000;-802.1000;0.0000;6.8165;0.0000;-802.1000;0.0000;6.8165;1.0000;0.0000;0.0000;0.0000;0.0000
1674;784.12;786.0500;1332.3500;785.0000;-1.0500;0.0000;6.8165;0.0000;-786.0500;0.0000;6.8165;0.0000;-786.0500;0.0000;6.8165;1.0000;0.0000;0.0000;0.0000;0.0000
1675;784.37;773.3500;1341.9000;788.2500;14.9000;2.6207;1.5816;0.0000;-773.3500;0.0000;6.8165;0.0000;-773.3500;0.0000;6.8165;1.0000;0.0000;0.0000;0.0000;0.0000
1676;784.62;795.3000;1331.8500;781.5000;-13.8000;0.0000;6.8165;0.0000;-795.3000;0.0000;6.8165;0.0000;-795.3000;0.0000;6.8165;1.0000;0.0000;0.0000;0.0000;0.0000
1677;784.87;790.9500;1323.9500;776.8000;-14.1500;0.0000;6.8165;0.0000;-790.9500;0.0000;6.8165;0.0000;-790.9500;0.0000;6.8165;1.0000;0.0000;0.0000;0.0000;0.0000
1678;785.12;780.2000;1315.2000;779.3000;-0.9000;0.0000;6.8165;0.0000;-780.2000;0.0000;6.8165;0.0000;-780.2000;0.0000;6.8165;1.0000;0.0000;0.0000;0.0000;0.0000
1679;785.37;788.4000;1348.2500;788.3000;-0.1000;0.0000;6.8165;0.0000;-788.4000;0.0000;6.8165;0.0000;-788.4000;0.0000;6.8165;1.0000;0.0000;0.0000;0.0000;0.0000
1680;785.61;785.9000;1323.1000;790.0500;4.1500;0.7725;2.1121;0.0000;-785.9000;0.0000;6.8165;0.0000;-785.9000;0.0000;6.8165;1.0000;0.0000;0.0000;0.0000;0.0000
1681;785.86;770.2000;1335.5000;786.2000;16.0000;2.8304;1.5482;0.0000;-770.2000;0.0000;6.8165;0.0000;-770.2000;0.0000;6.8165;1.0000;0.0000;0.0000;0.0000;0.0000
1682;786.11;781.2500;1338.7000;796.2500;15.0000;2.6908;1.5701;0.0000;-781.2500;0.0000;6.8165;0.0000;-781.2500;0.0000;6.8165;1.0000;0.0000;0.0000;0.0000;0.0000
1683;786.36;799.8500;1336.5000;795.1500;-4.7000;0.0000;6.8165;0.0000;-799.8500;0.0000;6.8165;0.0000;-799.8500;0.0000;6.8165;1.0000;0.0000;0.0000;0.0000;0.0000
1684;786.61;795.2500;1327.9500;791.2000;-4.0500;0.0000;6.8165;0.0000;-795.2500;0.0000;6.8165;0.0000;-795.2500;0.0000;6.8165;1.0000;0.0000;0.0000;0.0000;0.0000
1685;786.85;787.7000;1325.2500;789.7000;2.0000;0.3721;2.4294;0.0000;-787.7000;0.0000;6.8165;0.0000;-787.7000;0.0000;6.8165;1.0000;0.0000;0.0000;0.0000;0.0000
1686;787.10;789.3500;1327.9500;794.9500;5.6000;1.0397;1.9831;0.0000;-789.3500;0.0000;6.8165;0.0000;-789.3500;0.0000;6.8165;1.0000;0.0000;0.0000;0.0000;0.0000
1687;787.35;796.8500;1303.8000;790.5500;-6.3000;0.0000;6.8165;0.0000;-796.8500;0.0000;6.8165;0.0000;-796.8500;0.0000;6.8165;1.0000;0.0000;0.0000;0.0000;0.0000
1688;787.60;787.5000;1340.2500;788.3000;0.8000;0.1447;2.8394;0.0000;-787.5000;0.0000;6.8165;0.0000;-787.5000;0.0000;6.8165;1.0000;0.0000;0.0000;0.0000;0.0000
1689;787.84;778.6500;1342.3500;791.6500;13.0000;2.3062;1.6371;0.0000;-778.6500;0.0000;6.8165;0.0000;-778.6500;0.0000;6.8165;1.0000;0.0000;0.0000;0.0000;0.0000
1690;788.09;794.1500;1342.0000;781.2000;-12.9500;0.0000;6.8165;0.0000;-794.1500;0.0000;6.8165;0.0000;-794.1500;0.0000;6.8165;1.0000;0.0000;0.0000;0.0000;0.0000
1691;788.34;789.6000;1353.6500;799.2500;9.6500;1.7108;1.7668;0.0000;-789.6000;0.0000;6.8165;0.0000;-789.6000;0.0000;6.8165;1.0000;0.0000;0.0000;0.0000;0.0000
1692;788.59;781.1000;1339.9000;790.4500;9.3500;1.6732;1.7764;0.0000;-781.1000;0.0000;6.8165;0.0000;-781.1000;0.0000;6.8165;1.0000;0.0000;0.0000;0.0000;0.0000
1693;788.83;784.5500;1343.7000;794.5500;10.0000;1.7884;1.7475;0.0000;-784.5500;0.0000;6.8165;0.0000;-784.5500;0.0000;6.8165;1.0000;0.0000;0.0000;0.0000;0.0000
1694;789.08;770.1000;1340.2500;779.9500;9.8500;1.7276;1.7626;0.0000;-770.1000;0.0000;6.8165;0.0000;-770.1000;0.0000;6.8165;1.0000;0.0000;0.0000;0.0000;0.0000
1695;789.33;772.1500;1346.5500;792.1500;20.0000;3.4819;1.4582;0.0000;-772.1500;0.0000;6.8165;0.0000;-772.1500;0.0000;6.8165;1.0000;0.0000;0.0000;0.0000;0.0000
1696;789.57;782.2500;1362.8500;799.8000;17.5500;3.0227;1.5196;0.0000;-782.2500;0.0000;6.8165;0.0000;-782.2500;0.0000;6.8165;1.0000;0.0000;0.0000;0.0000;0.0000
1697;789.82;784.6000;1346.2000;784.4500;-0.1500;0.0000;6.8165;0.0000;-784.6000;0.0000;6.8165;0.0000;-784.6000;0.0000;6.8165;1.0000;0.0000;0.0000;0.0000;0.0000
1698;790.07;788.4500;1364.3500;783.4000;-5.0500;0.0000;6.8165;0.0000;-788.4500;0.0000;6.8165;0.0000;-788.4500;0.0000;6.8165;1.0000;0.0000;0.0000;0.0000;0.0000
1699;790.31;788.1000;1361.7000;801.7500;13.6500;2.3797;1.6235;0.0000;-788.1000;0.0000;6.8165;0.0000;-788.1000;0.0000;6.8165;1.0000;0.0000;0.0000;0.0000;0.0000
1700;790.56;785.7500;1345.5000;792.7000;6.9500;1.2416;1.9060;0.0000;-785.7500;0.0000;6.8165;0.0000;-785.7500;0.0000;6.8165;1.0000;0.0000;0.0000;0.0000;0.0000
1701;790.80;776.7500;1351.3500;800.2500;23.5000;4.0898;1.3883;0.0000;-776.7500;0.0000;6.8165;0.0000;-776.7500;0.0000;6.8165;1.0000;0.0000;0.0000;0.0000;0.0000
1702;791.05;790.9000;1349.5000;779.5000;-11.4000;0.0000;6.8165;0.0000;-790.9000;0.0000;6.8165;0.0000;-790.9000;0.0000;6.8165;1.0000;0.0000;0.0000;0.0000;0.0000
1703;791.30;788.2500;1345.6500;782.6500;-5.6000;0.0000;6.8165;0.0000;-788.2500;0.0000;6.8165;0.0000;-788.2500;0.0000;6.8165;1.0000;0.0000;0.0000;0.0000;0.0000
1704;791.54;783.7000;1338.9500;798.6500;14.9500;2.6925;1.5698;0.0000;-783.7000;0.0000;6.8165;0.0000;-783.7000;0.0000;6.8165;1.0000;0.0000;0.0000;0.0000;0.0000
1705;791.79;776.1000;1318.5500;784.0000;7.9000;1.4564;1.8367;0.0000;-776.1000;0.0000;6.8165;0.0000;-776.1000;0.0000;6.8165;1.0000;0.0000;0.0000;0.0000;0.0000
1706;792.03;776.0500;1337.2000;783.9000;7.8500;1.3989;1.8542;0.0000;-776.0500;0.0000;6.8165;0.0000;-776.0500;0.0000;6.8165;1.0000;0.0000;0.0000;0.0000;0.0000
1707;792.28;787.5000;1327.3500;785.3000;-2.2000;0.0000;6.8165;0.0000;-787.5000;0.0000;6.8165;0.0000;-787.5000;0.0000;6.8165;1.0000;0.0000;0.0000;0.0000;0.0000
1708;792.53;785.1500;1318.2000;795.2000;10.0500;1.8854;1.7246;0.0000;-785.1500;0.0000;6.8165;0.0000;-785.1500;0.0000;6.8165;1.0000;0.0000;0.0000;0.0000;0.0000
1709;792.77;784.5500;1308.7000;790.8500;6.3000;1.2019;1.9201;0.0000;-784.5500;0.0000;6.8165;0.0000;-784.5500;0.0000;6.8165;1.0000;0.0000;0.0000;0.0000;0.0000
1710;793.02;784.5500;1301.3500;803.5500;19.0000;3.6765;1.4346;0.0000;-784.5500;0.0000;6.8165;0.0000;-784.5500;0.0000;6.8165;1.0000;0.0000;0.0000;0.0000;0.0000
1711;793.26;784.9500;1296.6000;783.5000;-1.4500;0.0000;6.8165;0.0000;-784.9500;0.0000;6.8165;0.0000;-784.9500;0.0000;6.8165;1.0000;0.0000;0.0000;0.0000;0.0000
1712;793.51;775.4000;1300.9000;784.1500;8.7500;1.6651;1.7786;0.0000;-775.4000;0.0000;6.8165;0.0000;-775.4000;0.0000;6.8165;1.0000;0.0000;0.0000;0.0000;0.0000
1713;793.75;785.2000;1287.2000;802.9500;17.7500;3.5359;1.4515;0.0000;-785.2000;0.0000;6.8165;0.0000;-785.2000;0.0000;6.8165;1.0000;0.0000;0.0000;0.0000;0.0000
1714;794.00;788.3500;1287.2000;796.3500;8.0000;1.6037;1.7949;0.0000;-788.3500;0.0000;6.8165;0.0000;-788.3500;0.0000;6.8165;1.0000;0.0000;0.0000;0.0000;0.0000
1715;794.24;778.1000;1268.2000;795.5500;17.4500;3.5605;1.4485;0.0000;-778.1000;0.0000;6.8165;0.0000;-778.1000;0.0000;6.8165;1.0000;0.0000;0.0000;0.0000;0.0000
1716;794.49;774.5000;1272.4500;798.1000;23.6000;4.7394;1.3243;0.0000;-774.5000;0.0000;6.8165;0.0000;-774.5000;0.0000;6.8165;1.0000;0.0000;0.0000;0.0000;0.0000
1717;794.73;774.8000;1258.3000;786.9500;12.1500;2.5129;1.5998;0.0000;-774.8000;0.0000;6.8165;0.0000;-774.8000;0.0000;6.8165;1.0000;0.0000;0.0000;0.0000;0.0000
1718;794.97;787.9500;1256.7500;803.2000;15.2500;3.2530;1.4877;0.0000;-787.9500;0.0000;6.8165;0.0000;-787.9500;0.0000;6.8165;1.0000;0.0000;0.0000;0.0000;0.0000
1719;795.22;776.2500;1237.2500;793.7000;17.4500;3.7852;1.4219;0.0000;-776.2500;0.0000;6.8165;0.0000;-776.2500;0.0000;6.8165;1.0000;0.0000;0.0000;0.0000;0.0000
1720;795.46;780.7500;1263.1500;787.8500;7.1000;1.4718;1.8321;0.0000;-780.7500;0.0000;6.8165;0.0000;-780.7500;0.0000;6.8165;1.0000;0.0000;0.0000;0.0000;0.0000
1721;795.71;788.8500;1252.4000;788.3000;-0.5500;0.0000;6.8165;0.0000;-788.8500;0.0000;6.8165;0.0000;-788.8500;0.0000;6.8165;1.0000;0.0000;0.0000;0.0000;0.0000
1722;795.95;789.7000;1233.9000;777.8500;-11.8500;0.0000;6.8165;0.0000;-789.7000;0.0000;6.8165;0.0000;-789.7000;0.0000;6.8165;1.0000;0.0000;0.0000;0.0000;0.0000
1723;796.19;777.3000;1228.8500;791.6500;14.3500;3.1779;1.4979;0.0000;-777.3000;0.0000;6.8165;0.0000;-777.3000;0.0000;6.8165;1.0000;0.0000;0.0000;0.0000;0.0000
1724;796.44;781.5000;1229.7500;786.7500;5.2500;1.1712;1.9314;0.0000;-781.5000;0.0000;6.8165;0.0000;-781.5000;0.0000;6.8165;1.0000;0.0000;0.0000;0.0000;0.0000
1725;796.68;790.3000;1218.3000;796.8000;6.5000;1.5187;1.8185;0.0000;-790.3000;0.0000;6.8165;0.0000;-790.3000;0.0000;6.8165;1.0000;0.0000;0.0000;0.0000;0.0000
1726;796.93;782.7000;1234.1000;799.9000;17.2000;3.8104;1.4190;0.0000;-782.7000;0.0000;6.8165;0.0000;-782.7000;0.0000;6.8165;1.0000;0.0000;0.0000;0.0000;0.0000
1727;797.17;778.1000;1220.3000;782.0000;3.9000;0.8820;2.0546;0.0000;-778.1000;0.0000;6.8165;0.0000;-778.1000;0.0000;6.8165;1.0000;0.0000;0.0000;0.0000;0.0000
1728;797.41;800.0500;1233.7500;792.4500;-7.6000;0.0000;6.8165;0.0000;-800.0500;0.0000;6.8165;0.0000;-800.0500;0.0000;6.8165;1.0000;0.0000;0.0000;0.0000;0.0000
1729;797.66;788.7000;1226.6000;800.3500;11.6500;2.6604;1.5750;0.0000;-788.7000;0.0000;6.8165;0.0000;-788.7000;0.0000;6.8165;1.0000;0.0000;0.0000;0.0000;0.0000
1730;797.90;780.9500;1223.0500;793.5500;12.6000;2.8500;1.5451;0.0000;-780.9500;0.0000;6.8165;0.0000;-780.9500;0.0000;6.8165;1.0000;0.0000;0.0000;0.0000;0.0000
1731;798.14;784.8500;1220.5000;799.6000;14.7500;3.3857;1.4703;0.0000;-784.8500;0.0000;6.8165;0.0000;-784.8500;0.0000;6.8165;1.0000;0.0000;0.0000;0.0000;0.0000
1732;798.39;780.4000;1222.7500;793.7500;13.3500;3.0180;1.5203;0.0000;-780.4000;0.0000;6.8165;0.0000;-780.4000;0.0000;6.8165;1.0000;0.0000;0.0000;0.0000;0.0000
1733;798.63;787.5000;1203.6000;809.0000;21.5000;5.1670;1.2868;0.0000;-787.5000;0.0000;6.8165;0.0000;-787.5000;0.0000;6.8165;1.0000;0.0000;0.0000;0.0000;0.0000
1734;798.87;788.8500;1200.5000;785.4500;-3.4000;0.0000;6.8165;0.0000;-788.8500;0.0000;6.8165;0.0000;-788.8500;0.0000;6.8165;1.0000;0.0000;0.0000;0.0000;0.0000
1735;799.11;778.0500;1203.8000;795.3000;17.2500;4.0517;1.3924;0.0000;-778.0500;0.0000;6.8165;0.0000;-778.0500;0.0000;6.8165;1.0000;0.0000;0.0000;0.0000;0.0000
1736;799.36;784.9000;1194.7500;785.9000;1.0000;0.2440;2.6126;0.0000;-784.9000;0.0000;6.8165;0.0000;-784.9000;0.0000;6.8165;1.0000;0.0000;0.0000;0.0000;0.0000
1737;799.60;790.2000;1194.7000;785.2000;-5.0000;0.0000;6.8165;0.0000;-790.2000;0.0000;6.8165;0.0000;-790.2000;0.0000;6.8165;1.0000;0.0000;0.0000;0.0000;0.0000
1738;799.84;780.7500;1188.5500;792.1000;11.3500;2.7832;1.5555;0.0000;-780.7500;0.0000;6.8165;0.0000;-780.7500;0.0000;6.8165;1.0000;0.0000;0.0000;0.0000;0.0000
1739;800.08;772.8000;1189.4500;795.2000;22.4000;5.3762;1.2695;0.0000;-772.8000;0.0000;6.8165;0.0000;-772.8000;0.0000;6.8165;1.0000;0.0000;0.0000;0.0000;0.0000
1740;800.33;789.0000;1187.8000;775.3000;-13.7000;0.0000;6.8165;0.0000;-789.0000;0.0000;6.8165;0.0000;-789.0000;0.0000;6.8165;1.0000;0.0000;0.0000;0.0000;0.0000
1741;800.57;782.9500;1178.2000;778.2500;-4.7000;0.0000;6.8165;0.0000;-782.9500;0.0000;6.8165;0.0000;-782.9500;0.0000;6.8165;1.0000;0.0000;0.0000;0.0000;0.0000
1742;800.81;772.3000;1179.7000;788.3000;16.0000;3.9273;1.4059;0.0000;-772.3000;0.0000;6.8165;0.0000;-772.3000;0.0000;6.8165;1.0000;0.0000;0.0000;0.0000;0.0000
1743;801.05;791.0500;1163.1500;779.2000;-11.8500;0.0000;6.8165;0.0000;-791.0500;0.0000;6.8165;0.0000;-791.0500;0.0000;6.8165;1.0000;0.0000;0.0000;0.0000;0.0000
1744;801.29;785.2000;1173.4000;779.9500;-5.2500;0.0000;6.8165;0.0000;-785.2000;0.0000;6.8165;0.0000;-785.2000;0.0000;6.8165;1.0000;0.0000;0.0000;0.0000;0.0000
1745;801.54;788.1500;1167.7500;762.2000;-25.9500;0.0000;6.8165;0.0000;-788.1500;0.0000;6.8165;0.0000;-788.1500;0.0000;6.8165;1.0000;0.0000;0.0000;0.0000;0.0000
1746;801.78;784.2500;1151.2500;793.4500;9.2000;2.5068;1.6009;0.0000;-784.2500;0.0000;6.8165;0.0000;-784.2500;0.0000;6.8165;1.0000;0.0000;0.0000;0.0000;0.0000
1747;802.02;782.3500;1164.3500;787.2000;4.8500;1.2696;1.8963;0.0000;-782.3500;0.0000;6.8165;0.0000;-782.3500;0.0000;6.8165;1.0000;0.0000;0.0000;0.0000;0.0000
1748;802.26;788.6000;1176.2500;794.1000;5.5000;1.4188;1.8481;0.0000;-788.6000;0.0000;6.8165;0.0000;-788.6000;0.0000;6.8165;1.0000;0.0000;0.0000;0.0000;0.0000
1749;802.50;772.9000;1164.3000;792.1000;19.2000;4.9055;1.3093;0.0000;-772.9000;0.0000;6.8165;0.0000;-772.9000;0.0000;6.8165;1.0000;0.0000;0.0000;0.0000;0.0000
1750;802.74;782.0500;1153.5500;789.7500;7.7000;2.0727;1.6835;0.0000;-782.0500;0.0000;6.8165;0.0000;-782.0500;0.0000;6.8165;1.0000;0.0000;0.0000;0.0000;0.0000
1751;802.98;789.1000;1155.2000;784.5500;-4.5500;0.0000;6.8165;0.0000;-789.1000;0.0000;6.8165;0.0000;-789.1000;0.0000;6.8165;1.0000;0.0000;0.0000;0.0000;0.0000
1752;803.22;776.5000;1148.9000;785.0000;8.5000;2.2825;1.6416;0.0000;-776.5000;0.0000;6.8165;0.0000;-776.5000;0.0000;6.8165;1.0000;0.0000;0.0000;0.0000;0.0000
1753;803.47;779.1500;1157.1000;786.3000;7.1500;1.8918;1.7231;0.0000;-779.1500;0.0000;6.8165;0.0000;-779.1500;0.0000;6.8165;1.0000;0.0000;0.0000;0.0000;0.0000
1754;803.71;787.3500;1146.2000;797.5000;10.1500;2.8285;1.5484;0.0000;-787.3500;0.0000;6.8165;0.0000;-787.3500;0.0000;6.8165;1.0000;0.0000;0.0000;0.0000;0.0000
1755;803.95;788.2000;1174.8500;797.7500;9.5500;2.4699;1.6073;0.0000;-788.2000;0.0000;6.8165;0.0000;-788.2000;0.0000;6.8165;1.0000;0.0000;0.0000;0.0000;0.0000
1756;804.19;790.8500;1152.0500;803.6500;12.8000;3.5437;1.4505;0.0000;-790.8500;0.0000;6.8165;0.0000;-790.8500;0.0000;6.8165;1.0000;0.0000;0.0000;0.0000;0.0000
1757;804.43;786.1500;1143.9500;776.8500;-9.3000;0.0000;6.8165;0.0000;-786.1500;0.0000;6.8165;0.0000;-786.1500;0.0000;6.8165;1.0000;0.0000;0.0000;0.0000;0.0000
1758;804.67;784.1000;1144.9500;783.4500;-0.6500;0.0000;6.8165;0.0000;-784.1000;0.0000;6.8165;0.0000;-784.1000;0.0000;6.8165;1.0000;0.0000;0.0000;0.0000;0.0000
1759;804.91;779.2500;1146.4500;789.8000;10.5500;2.8731;1.5417;0.0000;-779.2500;0.0000;6.8165;0.0000;-779.2500;0.0000;6.8165;1.0000;0.0000;0.0000;0.0000;0.0000
1760;805.15;784.3000;1145.2000;775.8500;-8.4500;0.0000;6.8165;0.0000;-784.3000;0.0000;6.8165;0.0000;-784.3000;0.0000;6.8165;1.0000;0.0000;0.0000;0.0000;0.0000
1761;805.39;790.8000;1146.8000;799.1000;8.3000;2.3315;1.6324;0.0000;-790.8000;0.0000;6.8165;0.0000;-790.8000;0.0000;6.8165;1.0000;0.0000;0.0000;0.0000;0.0000
1762;805.63;779.5500;1149.0000;772.7500;-6.8000;0.0000;6.8165;0.0000;-779.5500;0.0000;6.8165;0.0000;-779.5500;0.0000;6.8165;1.0000;0.0000;0.0000;0.0000;0.0000
1763;805.87;783.7500;1140.3500;788.9500;5.2000;1.4582;1.8362;0.0000;-783.7500;0.0000;6.8165;0.0000;-783.7500;0.0000;6.8165;1.0000;0.0000;0.0000;0.0000;0.0000
1764;806.11;783.2500;1133.1500;786.0000;2.7500;0.7859;2.1046;0.0000;-783.2500;0.0000;6.8165;0.0000;-783.2500;0.0000;6.8165;1.0000;0.0000;0.0000;0.0000;0.0000
1765;806.35;792.8500;1132.1000;776.7000;-16.1500;0.0000;6.8165;0.0000;-792.8500;0.0000;6.8165;0.0000;-792.8500;0.0000;6.8165;1.0000;0.0000;0.0000;0.0000;0.0000
1766;806.59;794.9500;1155.7500;773.2500;-21.7000;0.0000;6.8165;0.0000;-794.9500;0.0000;6.8165;0.0000;-794.9500;0.0000;6.8165;1.0000;0.0000;0.0000;0.0000;0.0000
1767;806.83;791.9000;1149.9000;782.2500;-9.6500;0.0000;6.8165;0.0000;-791.9000;0.0000;6.8165;0.0000;-791.9000;0.0000;6.8165;1.0000;0.0000;0.0000;0.0000;0.0000
1768;807.07;791.6500;1144.0000;783.4500;-8.2000;0.0000;6.8165;0.0000;-791.6500;0.0000;6.8165;0.0000;-791.6500;0.0000;6.8165;1.0000;0.0000;0.0000;0.0000;0.0000
1769;807.31;791.0000;1147.3500;782.1500;-8.8500;0.0000;6.8165;0.0000;-791.0000;0.0000;6.8165;0.0000;-791.0000;0.0000;6.8165;1.0000;0.0000;0.0000;0.0000;0.0000
1770;807.54;788.9000;1138.1000;787.0500;-1.8500;0.0000;6.8165;0.0000;-788.9000;0.0000;6.8165;0.0000;-788.9000;0.0000;6.8165;1.0000;0.0000;0.0000;0.0000;0.0000
1771;807.78;784.8000;1142.8500;783.6000;-1.2000;0.0000;6.8165;0.0000;-784.8000;0.0000;6.8165;0.0000;-784.8000;0.0000;6.8165;1.0000;0.0000;0.0000;0.0000;0.0000
1772;808.02;783.4500;1142.8000;791.4500;8.0000;2.2262;1.6524;0.0000;-783.4500;0.0000;6.8165;0.0000;-783.4500;0.0000;6.8165;1.0000;0.0000;0.0000;0.0000;0.0000
1773;808.26;787.9000;1138.7500;775.9000;-12.0000;0.0000;6.8165;0.0000;-787.9000;0.0000;6.8165;0.0000;-787.9000;0.0000;6.8165;1.0000;0.0000;0.0000;0.0000;0.0000
1774;808.50;782.7000;1138.3000;796.5500;13.8500;3.8948;1.4095;0.0000;-782.7000;0.0000;6.8165;0.0000;-782.7000;0.0000;6.8165;1.0000;0.0000;0.0000;0.0000;0.0000
1775;808.74;787.3500;1147.0500;784.7500;-2.6000;0.0000;6.8165;0.0000;-787.3500;0.0000;6.8165;0.0000;-787.3500;0.0000;6.8165;1.0000;0.0000;0.0000;0.0000;0.0000
1776;808.98;778.3500;1143.5500;783.9500;5.6000;1.5334;1.8143;0.0000;-778.3500;0.0000;6.8165;0.0000;-778.3500;0.0000;6.8165;1.0000;0.0000;0.0000;0.0000;0.0000
1777;809.22;782.5500;1134.2500;801.0000;18.4500;5.2459;1.2802;0.0000;-782.5500;0.0000;6.8165;0.0000;-782.5500;0.0000;6.8165;1.0000;0.0000;0.0000;0.0000;0.0000
1778;809.45;777.5000;1175.0500;799.1000;21.6000;5.4333;1.2649;0.0000;-777.5000;0.0000;6.8165;0.0000;-777.5000;0.0000;6.8165;1.0000;0.0000;0.0000;0.0000;0.0000
1779;809.69;788.4000;1138.4000;785.1000;-3.3000;0.0000;6.8165;0.0000;-788.4000;0.0000;6.8165;0.0000;-788.4000;0.0000;6.8165;1.0000;0.0000;0.0000;0.0000;0.0000
1780;809.93;794.8500;1138.8500;785.0500;-9.8000;0.0000;6.8165;0.0000;-794.8500;0.0000;6.8165;0.0000;-794.8500;0.0000;6.8165;1.0000;0.0000;0.0000;0.0000;0.0000
1781;810.17;781.2500;1144.0500;784.5500;3.3000;0.9096;2.0412;0.0000;-781.2500;0.0000;6.8165;0.0000;-781.2500;0.0000;6.8165;1.0000;0.0000;0.0000;0.0000;0.0000
1782;810.41;775.7500;1151.0000;785.6000;9.8500;2.6249;1.5809;0.0000;-775.7500;0.0000;6.8165;0.0000;-775.7500;0.0000;6.8165;1.0000;0.0000;0.0000;0.0000;0.0000
1783;810.64;788.6000;1158.2000;788.4500;-0.1500;0.0000;6.8165;0.0000;-788.6000;0.0000;6.8165;0.0000;-788.6000;0.0000;6.8165;1.0000;0.0000;0.0000;0.0000;0.0000
1784;810.88;786.2500;1148.2500;795.6000;9.3500;2.5829;1.5879;0.0000;-786.2500;0.0000;6.8165;0.0000;-786.2500;0.0000;6.8165;1.0000;0.0000;0.0000;0.0000;0.0000
1785;811.12;779.9000;1155.6500;796.2000;16.3000;4.3380;1.3627;0.0000;-779.9000;0.0000;6.8165;0.0000;-779.9000;0.0000;6.8165;1.0000;0.0000;0.0000;0.0000;0.0000
1786;811.36;775.9500;1152.7500;792.7500;16.8000;4.4586;1.3508;0.0000;-775.9500;0.0000;6.8165;0.0000;-775.9500;0.0000;6.8165;1.0000;0.0000;0.0000;0.0000;0.0000
1787;811.59;789.8500;1162.5000;786.8500;-3.0000;0.0000;6.8165;0.0000;-789.8500;0.0000;6.8165;0.0000;-789.8500;0.0000;6.8165;1.0000;0.0000;0.0000;0.0000;0.0000
1788;811.83;781.2000;1145.6500;775.1500;-6.0500;0.0000;6.8165;0.0000;-781.2000;0.0000;6.8165;0.0000;-781.2000;0.0000;6.8165;1.0000;0.0000;0.0000;0.0000;0.0000
1789;812.07;786.5500;1154.2000;792.3500;5.8000;1.5776;1.8020;0.0000;-786.5500;0.0000;6.8165;0.0000;-786.5500;0.0000;6.8165;1.0000;0.0000;0.0000;0.0000;0.0000
1790;812.31;800.5500;1172.2500;809.9000;9.3500;2.5155;1.5994;0.0000;-800.5500;0.0000;6.8165;0.0000;-800.5500;0.0000;6.8165;1.0000;0.0000;0.0000;0.0000;0.0000
1791;812.54;793.5500;1178.5000;781.8500;-11.7000;0.0000;6.8165;0.0000;-793.5500;0.0000;6.8165;0.0000;-793.5500;0.0000;6.8165;1.0000;0.0000;0.0000;0.0000;0.0000
1792;812.78;787.1500;1182.7500;791.1500;4.0000;1.0111;1.9952;0.0000;-787.1500;0.0000;6.8165;0.0000;-787.1500;0.0000;6.8165;1.0000;0.0000;0.0000;0.0000;0.0000
1793;813.02;793.9500;1159.7000;781.0000;-12.9500;0.0000;6.8165;0.0000;-793.9500;0.0000;6.8165;0.0000;-793.9500;0.0000;6.8165;1.0000;0.0000;0.0000;0.0000;0.0000
1794;813.25;807.3500;1171.5500;794.2500;-13.1000;0.0000;6.8165;0.0000;-807.3500;0.0000;6.8165;0.0000;-807.3500;0.0000;6.8165;1.0000;0.0000;0.0000;0.0000;0.0000
1795;813.49;789.2500;1182.1000;793.6500;4.4000;1.1200;1.9508;0.0000;-789.2500;0.0000;6.8165;0.0000;-789.2500;0.0000;6.8165;1.0000;0.0000;0.0000;0.0000;0.0000
1796;813.73;785.3000;1176.1000;794.0000;8.7000;2.2262;1.6524;0.0000;-785.3000;0.0000;6.8165;0.0000;-785.3000;0.0000;6.8165;1.0000;0.0000;0.0000;0.0000;0.0000
1797;813.96;774.1500;1162.9500;763.4500;-10.7000;0.0000;6.8165;0.0000;-774.1500;0.0000;6.8165;0.0000;-774.1500;0.0000;6.8165;1.0000;0.0000;0.0000;0.0000;0.0000
1798;814.20;795.8000;1176.7500;780.6500;-15.1500;0.0000;6.8165;0.0000;-795.8000;0.0000;6.8165;0.0000;-795.8000;0.0000;6.8165;1.0000;0.0000;0.0000;0.0000;0.0000
1799;814.44;785.4500;1163.0500;780.3000;-5.1500;0.0000;6.8165;0.0000;-785.4500;0.0000;6.8165;0.0000;-785.4500;0.0000;6.8165;1.0000;0.0000;0.0000;0.0000;0.0000
1800;814.67;774.4500;1186.3500;786.1000;11.6500;2.8284;1.5485;0.0000;-774.4500;0.0000;6.8165;0.0000;-774.4500;0.0000;6.8165;1.0000;0.0000;0.0000;0.0000;0.0000
1801;814.91;768.5000;1160.8000;783.9500;15.4500;3.9383;1.4047;0.0000;-768.5000;0.0000;6.8165;0.0000;-768.5000;0.0000;6.8165;1.0000;0.0000;0.0000;0.0000;0.0000
1802;815.14;767.7500;1166.7000;796.3500;28.6000;7.1688;1.1446;0.0000;-767.7500;0.0000;6.8165;0.0000;-767.7500;0.0000;6.8165;1.0000;0.0000;0.0000;0.0000;0.0000
1803;815.38;791.1000;1176.0500;792.8500;1.7500;0.4546;2.3424;0.0000;-791.1000;0.0000;6.8165;0.0000;-791.1000;0.0000;6.8165;1.0000;0.0000;0.0000;0.0000;0.0000
1804;815.61;767.4500;1183.1500;780.2000;12.7500;3.0671;1.5133;0.0000;-767.4500;0.0000;6.8165;0.0000;-767.4500;0.0000;6.8165;1.0000;0.0000;0.0000;0.0000;0.0000
1805;815.85;783.5500;1173.2500;796.4000;12.8500;3.2974;1.4818;0.0000;-783.5500;0.0000;6.8165;0.0000;-783.5500;0.0000;6.8165;1.0000;0.0000;0.0000;0.0000;0.0000
1806;816.09;784.7000;1167.7000;791.7500;7.0500;1.8407;1.7350;0.0000;-784.7000;0.0000;6.8165;0.0000;-784.7000;0.0000;6.8165;1.0000;0.0000;0.0000;0.0000;0.0000
1807;816.32;782.8000;1192.8500;785.8000;3.0000;0.7316;2.1357;0.0000;-782.8000;0.0000;6.8165;0.0000;-782.8000;0.0000;6.8165;1.0000;0.0000;0.0000;0.0000;0.0000
1808;816.56;785.1500;1195.9500;794.7000;9.5500;2.3247;1.6336;0.0000;-785.1500;0.0000;6.8165;0.0000;-785.1500;0.0000;6.8165;1.0000;0.0000;0.0000;0.0000;0.0000
1809;816.79;788.2500;1178.2000;797.5500;9.3000;2.3849;1.6225;0.0000;-788.2500;0.0000;6.8165;0.0000;-788.2500;0.0000;6.8165;1.0000;0.0000;0.0000;0.0000;0.0000
1810;817.03;777.5500;1178.2500;797.2000;19.6500;4.9039;1.3095;0.0000;-777.5500;0.0000;6.8165;0.0000;-777.5500;0.0000;6.8165;1.0000;0.0000;0.0000;0.0000;0.0000
1811;817.26;788.7500;1196.6500;788.7000;-0.0500;0.0000;6.8165;0.0000;-788.7500;0.0000;6.8165;0.0000;-788.7500;0.0000;6.8165;1.0000;0.0000;0.0000;0.0000;0.0000
1812;817.50;775.0500;1192.2000;791.2500;16.2000;3.8835;1.4108;0.0000;-775.0500;0.0000;6.8165;0.0000;-775.0500;0.0000;6.8165;1.0000;0.0000;0.0000;0.0000;0.0000
1813;817.73;798.0500;1200.6000;801.7000;3.6500;0.9067;2.0425;0.0000;-798.0500;0.0000;6.8165;0.0000;-798.0500;0.0000;6.8165;1.0000;0.0000;0.0000;0.0000;0.0000
1814;817.97;793.8000;1197.4000;799.8500;6.0500;1.4990;1.8242;0.0000;-793.8000;0.0000;6.8165;0.0000;-793.8000;0.0000;6.8165;1.0000;0.0000;0.0000;0.0000;0.0000
1815;818.20;785.6000;1211.1000;776.4000;-9.2000;0.0000;6.8165;0.0000;-785.6000;0.0000;6.8165;0.0000;-785.6000;0.0000;6.8165;1.0000;0.0000;0.0000;0.0000;0.0000
1816;818.43;791.4000;1200.1500;775.8000;-15.6000;0.0000;6.8165;0.0000;-791.4000;0.0000;6.8165;0.0000;-791.4000;0.0000;6.8165;1.0000;0.0000;0.0000;0.0000;0.0000
1817;818.67;783.1500;1216.3500;807.6000;24.4500;5.6440;1.2484;0.0000;-783.1500;0.0000;6.8165;0.0000;-783.1500;0.0000;6.8165;1.0000;0.0000;0.0000;0.0000;0.0000
1818;818.90;788.6500;1206.6000;791.4500;2.8000;0.6699;2.1740;0.0000;-788.6500;0.0000;6.8165;0.0000;-788.6500;0.0000;6.8165;1.0000;0.0000;0.0000;0.0000;0.0000
1819;819.14;806.1000;1203.9000;796.8500;-9.2500;0.0000;6.8165;0.0000;-806.1000;0.0000;6.8165;0.0000;-806.1000;0.0000;6.8165;1.0000;0.0000;0.0000;0.0000;0.0000
1820;819.37;789.9500;1202.1500;798.1000;8.1500;1.9772;1.7040;0.0000;-789.9500;0.0000;6.8165;0.0000;-789.9500;0.0000;6.8165;1.0000;0.0000;0.0000;0.0000;0.0000
1821;819.61;795.1000;1230.0500;789.3000;-5.8000;0.0000;6.8165;0.0000;-795.1000;0.0000;6.8165;0.0000;-795.1000;0.0000;6.8165;1.0000;0.0000;0.0000;0.0000;0.0000
1822;819.84;787.7500;1210.4000;789.7500;2.0000;0.4732;2.3250;0.0000;-787.7500;0.0000;6.8165;0.0000;-787.7500;0.0000;6.8165;1.0000;0.0000;0.0000;0.0000;0.0000
1823;820.07;773.8000;1209.0500;790.1500;16.3500;3.7565;1.4252;0.0000;-773.8000;0.0000;6.8165;0.0000;-773.8000;0.0000;6.8165;1.0000;0.0000;0.0000;0.0000;0.0000
1824;820.31;783.1500;1238.1000;789.8000;6.6500;1.4617;1.8351;0.0000;-783.1500;0.0000;6.8165;0.0000;-783.1500;0.0000;6.8165;1.0000;0.0000;0.0000;0.0000;0.0000
1825;820.54;792.3500;1219.0000;790.7500;-1.6000;0.0000;6.8165;0.0000;-792.3500;0.0000;6.8165;0.0000;-792.3500;0.0000;6.8165;1.0000;0.0000;0.0000;0.0000;0.0000
1826;820.77;784.1500;1242.3000;783.8500;-0.3000;0.0000;6.8165;0.0000;-784.1500;0.0000;6.8165;0.0000;-784.1500;0.0000;6.8165;1.0000;0.0000;0.0000;0.0000;0.0000
1827;821.01;780.9500;1249.3000;798.8000;17.8500;3.8113;1.4189;0.0000;-780.9500;0.0000;6.8165;0.0000;-780.9500;0.0000;6.8165;1.0000;0.0000;0.0000;0.0000;0.0000
1828;821.24;785.8500;1254.7500;790.3500;4.5000;0.9597;2.0179;0.0000;-785.8500;0.0000;6.8165;0.0000;-785.8500;0.0000;6.8165;1.0000;0.0000;0.0000;0.0000;0.0000
1829;821.47;787.1000;1270.8000;774.6000;-12.5000;0.0000;6.8165;0.0000;-787.1000;0.0000;6.8165;0.0000;-787.1000;0.0000;6.8165;1.0000;0.0000;0.0000;0.0000;0.0000
1830;821.71;786.4000;1265.2000;796.8000;10.4000;2.1721;1.6631;0.0000;-786.4000;0.0000;6.8165;0.0000;-786.4000;0.0000;6.8165;1.0000;0.0000;0.0000;0.0000;0.0000
1831;821.94;781.6500;1276.3000;789.4000;7.7500;1.5668;1.8050;0.0000;-781.6500;0.0000;6.8165;0.0000;-781.6500;0.0000;6.8165;1.0000;0.0000;0.0000;0.0000;0.0000
1832;822.17;788.8000;1291.4000;785.1500;-3.6500;0.0000;6.8165;0.0000;-788.8000;0.0000;6.8165;0.0000;-788.8000;0.0000;6.8165;1.0000;0.0000;0.0000;0.0000;0.0000
1833;822.40;781.6500;1302.8000;789.6500;8.0000;1.5351;1.8139;0.0000;-781.6500;0.0000;6.8165;0.0000;-781.6500;0.0000;6.8165;1.0000;0.0000;0.0000;0.0000;0.0000
1834;822.64;773.2500;1323.1500;797.6000;24.3500;4.4281;1.3538;0.0000;-773.2500;0.0000;6.8165;0.0000;-773.2500;0.0000;6.8165;1.0000;0.0000;0.0000;0.0000;0.0000
1835;822.87;782.7000;1334.2000;791.4500;8.7500;1.5866;1.7995;0.0000;-782.7000;0.0000;6.8165;0.0000;-782.7000;0.0000;6.8165;1.0000;0.0000;0.0000;0.0000;0.0000
1836;823.10;779.3000;1369.9000;793.5000;14.2000;2.4043;1.6190;0.0000;-779.3000;0.0000;6.8165;0.0000;-779.3000;0.0000;6.8165;1.0000;0.0000;0.0000;0.0000;0.0000
1837;823.33;791.2500;1388.1000;783.7500;-7.5000;0.0000;6.8165;0.0000;-791.2500;0.0000;6.8165;0.0000;-791.2500;0.0000;6.8165;1.0000;0.0000;0.0000;0.0000;0.0000
1838;823.57;777.0500;1421.5500;790.4500;13.4000;2.0791;1.6821;0.0000;-777.0500;0.0000;6.8165;0.0000;-777.0500;0.0000;6.8165;1.0000;0.0000;0.0000;0.0000;0.0000
1839;823.80;782.7500;1447.6000;785.8500;3.1000;0.4663;2.3314;0.0000;-782.7500;0.0000;6.8165;0.0000;-782.7500;0.0000;6.8165;1.0000;0.0000;0.0000;0.0000;0.0000
1840;824.03;781.0000;1469.8000;790.5500;9.5500;1.3865;1.8581;0.0000;-781.0000;0.0000;6.8165;0.0000;-781.0000;0.0000;6.8165;1.0000;0.0000;0.0000;0.0000;0.0000
1841;824.26;773.2000;1505.4500;793.7000;20.5000;2.7996;1.5529;0.0000;-773.2000;0.0000;6.8165;0.0000;-773.2000;0.0000;6.8165;1.0000;0.0000;0.0000;0.0000;0.0000
1842;824.49;786.6500;1547.5000;797.8500;11.2000;1.4720;1.8321;0.0000;-786.6500;0.0000;6.8165;0.0000;-786.6500;0.0000;6.8165;1.0000;0.0000;0.0000;0.0000;0.0000
1843;824.73;771.7000;1552.8000;789.9500;18.2500;2.3364;1.6314;0.0000;-771.7000;0.0000;6.8165;0.0000;-771.7000;0.0000;6.8165;1.0000;0.0000;0.0000;0.0000;0.0000
1844;824.96;785.9500;1570.1500;798.9000;12.9500;1.6514;1.7822;0.0000;-785.9500;0.0000;6.8165;0.0000;-785.9500;0.0000;6.8165;1.0000;0.0000;0.0000;0.0000;0.0000
1845;825.19;781.3500;1563.6000;773.0500;-8.3000;0.0000;6.8165;0.0000;-781.3500;0.0000;6.8165;0.0000;-781.3500;0.0000;6.8165;1.0000;0.0000;0.0000;0.0000;0.0000
1846;825.42;792.8500;1564.1500;776.5500;-16.3000;0.0000;6.8165;0.0000;-792.8500;0.0000;6.8165;0.0000;-792.8500;0.0000;6.8165;1.0000;0.0000;0.0000;0.0000;0.0000
1847;825.65;785.5000;1557.5500;770.2500;-15.2500;0.0000;6.8165;0.0000;-785.5000;0.0000;6.8165;0.0000;-785.5000;0.0000;6.8165;1.0000;0.0000;0.0000;0.0000;0.0000
1848;825.88;783.7500;1534.2000;781.2000;-2.5500;0.0000;6.8165;0.0000;-783.7500;0.0000;6.8165;0.0000;-783.7500;0.0000;6.8165;1.0000;0.0000;0.0000;0.0000;0.0000
1849;826.11;780.9000;1500.5000;780.6000;-0.3000;0.0000;6.8165;0.0000;-780.9000;0.0000;6.8165;0.0000;-780.9000;0.0000;6.8165;1.0000;0.0000;0.0000;0.0000;0.0000
1850;826.34;788.8500;1486.3500;783.9000;-4.9500;0.0000;6.8165;0.0000;-788.8500;0.0000;6.8165;0.0000;-788.8500;0.0000;6.8165;1.0000;0.0000;0.0000;0.0000;0.0000
1851;826.57;791.8000;1466.7000;772.2000;-19.6000;0.0000;6.8165;0.0000;-791.8000;0.0000;6.8165;0.0000;-791.8000;0.0000;6.8165;1.0000;0.0000;0.0000;0.0000;0.0000
1852;826.81;792.3500;1459.1000;785.7500;-6.6000;0.0000;6.8165;0.0000;-792.3500;0.0000;6.8165;0.0000;-792.3500;0.0000;6.8165;1.0000;0.0000;0.0000;0.0000;0.0000
1853;827.04;780.4500;1452.9000;763.5000;-16.9500;0.0000;6.8165;0.0000;-780.4500;0.0000;6.8165;0.0000;-780.4500;0.0000;6.8165;1.0000;0.0000;0.0000;0.0000;0.0000
1854;827.27;769.9000;1414.0500;800.2000;30.3000;4.7039;1.3275;0.0000;-769.9000;0.0000;6.8165;0.0000;-769.9000;0.0000;6.8165;1.0000;0.0000;0.0000;0.0000;0.0000
1855;827.50;778.9000;1425.3500;784.4000;5.5000;0.8508;2.0702;0.0000;-778.9000;0.0000;6.8165;0.0000;-778.9000;0.0000;6.8165;1.0000;0.0000;0.0000;0.0000;0.0000
1856;827.73;780.2000;1391.5000;795.9000;15.7000;2.5683;1.5904;0.0000;-780.2000;0.0000;6.8165;0.0000;-780.2000;0.0000;6.8165;1.0000;0.0000;0.0000;0.0000;0.0000
1857;827.96;780.2000;1387.3500;799.3500;19.1500;3.1541;1.5011;0.0000;-780.2000;0.0000;6.8165;0.0000;-780.2000;0.0000;6.8165;1.0000;0.0000;0.0000;0.0000;0.0000
1858;828.19;786.5500;1393.8500;793.0500;6.5000;1.0703;1.9705;0.0000;-786.5500;0.0000;6.8165;0.0000;-786.5500;0.0000;6.8165;1.0000;0.0000;0.0000;0.0000;0.0000
1859;828.42;775.6000;1399.3000;782.0000;6.4000;1.0261;1.9888;0.0000;-775.6000;0.0000;6.8165;0.0000;-775.6000;0.0000;6.8165;1.0000;0.0000;0.0000;0.0000;0.0000
1860;828.65;776.3500;1404.3000;792.1000;15.7500;2.5082;1.6006;0.0000;-776.3500;0.0000;6.8165;0.0000;-776.3500;0.0000;6.8165;1.0000;0.0000;0.0000;0.0000;0.0000
1861;828.88;779.8500;1399.2000;784.9000;5.0500;0.8154;2.0886;0.0000;-779.8500;0.0000;6.8165;0.0000;-779.8500;0.0000;6.8165;1.0000;0.0000;0.0000;0.0000;0.0000
1862;829.11;785.4000;1423.0000;789.8500;4.4500;0.6979;2.1562;0.0000;-785.4000;0.0000;6.8165;0.0000;-785.4000;0.0000;6.8165;1.0000;0.0000;0.0000;0.0000;0.0000
1863;829.34;771.4000;1425.1500;777.2500;5.8500;0.8948;2.0483;0.0000;-771.4000;0.0000;6.8165;0.0000;-771.4000;0.0000;6.8165;1.0000;0.0000;0.0000;0.0000;0.0000
1864;829.57;773.1500;1423.1500;777.1500;4.0000;0.6154;2.2109;0.0000;-773.1500;0.0000;6.8165;0.0000;-773.1500;0.0000;6.8165;1.0000;0.0000;0.0000;0.0000;0.0000
1865;829.80;780.5000;1426.9000;783.4000;2.9000;0.4486;2.3481;0.0000;-780.5000;0.0000;6.8165;0.0000;-780.5000;0.0000;6.8165;1.0000;0.0000;0.0000;0.0000;0.0000
1866;830.03;782.1000;1414.0000;788.4000;6.3000;0.9970;2.0013;0.0000;-782.1000;0.0000;6.8165;0.0000;-782.1000;0.0000;6.8165;1.0000;0.0000;0.0000;0.0000;0.0000
1867;830.25;782.5000;1385.1500;782.4500;-0.0500;0.0000;6.8165;0.0000;-782.5000;0.0000;6.8165;0.0000;-782.5000;0.0000;6.8165;1.0000;0.0000;0.0000;0.0000;0.0000
1868;830.48;781.6500;1377.9000;783.5500;1.9000;0.3187;2.4967;0.0000;-781.6500;0.0000;6.8165;0.0000;-781.6500;0.0000;6.8165;1.0000;0.0000;0.0000;0.0000;0.0000
1869;830.71;777.7000;1345.8500;789.9000;12.2000;2.1473;1.6681;0.0000;-777.7000;0.0000;6.8165;0.0000;-777.7000;0.0000;6.8165;1.0000;0.0000;0.0000;0.0000;0.0000
1870;830.94;781.4000;1338.8500;789.0500;7.6500;1.3723;1.8625;0.0000;-781.4000;0.0000;6.8165;0.0000;-781.4000;0.0000;6.8165;1.0000;0.0000;0.0000;0.0000;0.0000
1871;831.17;781.0500;1313.2500;796.6000;15.5500;2.9218;1.5343;0.0000;-781.0500;0.0000;6.8165;0.0000;-781.0500;0.0000;6.8165;1.0000;0.0000;0.0000;0.0000;0.0000
1872;831.40;784.9500;1317.1500;783.5500;-1.4000;0.0000;6.8165;0.0000;-784.9500;0.0000;6.8165;0.0000;-784.9500;0.0000;6.8165;1.0000;0.0000;0.0000;0.0000;0.0000
1873;831.63;779.1500;1288.6000;798.4500;19.3000;3.7884;1.4215;0.0000;-779.1500;0.0000;6.8165;0.0000;-779.1500;0.0000;6.8165;1.0000;0.0000;0.0000;0.0000;0.0000
1874;831.86;797.0500;1284.2000;783.9000;-13.1500;0.0000;6.8165;0.0000;-797.0500;0.0000;6.8165;0.0000;-797.0500;0.0000;6.8165;1.0000;0.0000;0.0000;0.0000;0.0000
1875;832.08;781.3500;1272.4500;788.4500;7.1000;1.4457;1.8399;0.0000;-781.3500;0.0000;6.8165;0.0000;-781.3500;0.0000;6.8165;1.0000;0.0000;0.0000;0.0000;0.0000
1876;832.31;796.0500;1264.8000;786.6500;-9.4000;0.0000;6.8165;0.0000;-796.0500;0.0000;6.8165;0.0000;-796.0500;0.0000;6.8165;1.0000;0.0000;0.0000;0.0000;0.0000
1877;832.54;778.5000;1254.3000;785.2000;6.7000;1.4082;1.8513;0.0000;-778.5000;0.0000;6.8165;0.0000;-778.5000;0.0000;6.8165;1.0000;0.0000;0.0000;0.0000;0.0000
1878;832.77;798.0000;1239.5000;786.8000;-11.2000;0.0000;6.8165;0.0000;-798.0000;0.0000;6.8165;0.0000;-798.0000;0.0000;6.8165;1.0000;0.0000;0.0000;0.0000;0.0000
1879;833.00;779.3500;1260.4500;789.1000;9.7500;2.0266;1.6932;0.0000;-779.3500;0.0000;6.8165;0.0000;-779.3500;0.0000;6.8165;1.0000;0.0000;0.0000;0.0000;0.0000
1880;833.22;790.0500;1235.2500;772.6500;-17.4000;0.0000;6.8165;0.0000;-790.0500;0.0000;6.8165;0.0000;-790.0500;0.0000;6.8165;1.0000;0.0000;0.0000;0.0000;0.0000
1881;833.45;791.3500;1242.2000;791.2000;-0.1500;0.0000;6.8165;0.0000;-791.3500;0.0000;6.8165;0.0000;-791.3500;0.0000;6.8165;1.0000;0.0000;0.0000;0.0000;0.0000
1882;833.68;794.0000;1234.1500;781.6500;-12.3500;0.0000;6.8165;0.0000;-794.0000;0.0000;6.8165;0.0000;-794.0000;0.0000;6.8165;1.0000;0.0000;0.0000;0.0000;0.0000
1883;833.91;798.8500;1241.2000;786.6000;-12.2500;0.0000;6.8165;0.0000;-798.8500;0.0000;6.8165;0.0000;-798.8500;0.0000;6.8165;1.0000;0.0000;0.0000;0.0000;0.0000
1884;834.13;796.6000;1224.6000;778.5500;-18.0500;0.0000;6.8165;0.0000;-796.6000;0.0000;6.8165;0.0000;-796.6000;0.0000;6.8165;1.0000;0.0000;0.0000;0.0000;0.0000
1885;834.36;799.9000;1217.9500;781.4500;-18.4500;0.0000;6.8165;0.0000;-799.9000;0.0000;6.8165;0.0000;-799.9000;0.0000;6.8165;1.0000;0.0000;0.0000;0.0000;0.0000
1886;834.59;790.1000;1223.2500;783.9000;-6.2000;0.0000;6.8165;0.0000;-790.1000;0.0000;6.8165;0.0000;-790.1000;0.0000;6.8165;1.0000;0.0000;0.0000;0.0000;0.0000
1887;834.82;784.9500;1230.7500;791.5000;6.5500;1.4693;1.8329;0.0000;-784.9500;0.0000;6.8165;0.0000;-784.9500;0.0000;6.8165;1.0000;0.0000;0.0000;0.0000;0.0000
1888;835.04;788.8000;1242.3000;807.8000;19.0000;4.1896;1.3778;0.0000;-788.8000;0.0000;6.8165;0.0000;-788.8000;0.0000;6.8165;1.0000;0.0000;0.0000;0.0000;0.0000
1889;835.27;789.8000;1256.6500;793.9000;4.1000;0.8782;2.0564;0.0000;-789.8000;0.0000;6.8165;0.0000;-789.8000;0.0000;6.8165;1.0000;0.0000;0.0000;0.0000;0.0000
1890;835.50;787.3000;1273.1500;795.9000;8.6000;1.7701;1.7520;0.0000;-787.3000;0.0000;6.8165;0.0000;-787.3000;0.0000;6.8165;1.0000;0.0000;0.0000;0.0000;0.0000
1891;835.72;767.0500;1286.5000;791.7500;24.7000;4.7550;1.3228;0.0000;-767.0500;0.0000;6.8165;0.0000;-767.0500;0.0000;6.8165;1.0000;0.0000;0.0000;0.0000;0.0000
1892;835.95;780.6500;1275.9000;800.1500;19.5000;3.9374;1.4048;0.0000;-780.6500;0.0000;6.8165;0.0000;-780.6500;0.0000;6.8165;1.0000;0.0000;0.0000;0.0000;0.0000
1893;836.18;767.8500;1262.6000;791.5000;23.6500;4.7802;1.3206;0.0000;-767.8500;0.0000;6.8165;0.0000;-767.8500;0.0000;6.8165;1.0000;0.0000;0.0000;0.0000;0.0000
1894;836.40;775.9500;1277.6000;795.4500;19.5000;3.8872;1.4104;0.0000;-775.9500;0.0000;6.8165;0.0000;-775.9500;0.0000;6.8165;1.0000;0.0000;0.0000;0.0000;0.0000
1895;836.63;781.5500;1293.9500;780.9500;-0.6000;0.0000;6.8165;0.0000;-781.5500;0.0000;6.8165;0.0000;-781.5500;0.0000;6.8165;1.0000;0.0000;0.0000;0.0000;0.0000
1896;836.86;780.2000;1279.9000;790.3000;10.1000;2.0212;1.6944;0.0000;-780.2000;0.0000;6.8165;0.0000;-780.2000;0.0000;6.8165;1.0000;0.0000;0.0000;0.0000;0.0000
1897;837.08;782.9000;1257.9500;778.6000;-4.3000;0.0000;6.8165;0.0000;-782.9000;0.0000;6.8165;0.0000;-782.9000;0.0000;6.8165;1.0000;0.0000;0.0000;0.0000;0.0000
1898;837.31;789.5500;1255.4500;785.4500;-4.1000;0.0000;6.8165;0.0000;-789.5500;0.0000;6.8165;0.0000;-789.5500;0.0000;6.8165;1.0000;0.0000;0.0000;0.0000;0.0000
1899;837.53;790.7000;1242.4500;785.3000;-5.4000;0.0000;6.8165;0.0000;-790.7000;0.0000;6.8165;0.0000;-790.7000;0.0000;6.8165;1.0000;0.0000;0.0000;0.0000;0.0000
1900;837.76;802.9500;1252.5500;787.4500;-15.5000;0.0000;6.8165;0.0000;-802.9500;0.0000;6.8165;0.0000;-802.9500;0.0000;6.8165;1.0000;0.0000;0.0000;0.0000;0.0000
1901;837.99;783.0500;1226.5000;773.3500;-9.7000;0.0000;6.8165;0.0000;-783.0500;0.0000;6.8165;0.0000;-783.0500;0.0000;6.8165;1.0000;0.0000;0.0000;0.0000;0.0000
1902;838.21;796.5500;1222.9500;772.0000;-24.5500;0.0000;6.8165;0.0000;-796.5500;0.0000;6.8165;0.0000;-796.5500;0.0000;6.8165;1.0000;0.0000;0.0000;0.0000;0.0000
1903;838.44;789.1500;1225.2000;787.4000;-1.7500;0.0000;6.8165;0.0000;-789.1500;0.0000;6.8165;0.0000;-789.1500;0.0000;6.8165;1.0000;0.0000;0.0000;0.0000;0.0000
1904;838.66;787.3500;1206.4000;795.5000;8.1500;1.9449;1.7111;0.0000;-787.3500;0.0000;6.8165;0.0000;-787.3500;0.0000;6.8165;1.0000;0.0000;0.0000;0.0000;0.0000
1905;838.89;789.3000;1195.9500;789.2500;-0.0500;0.0000;6.8165;0.0000;-789.3000;0.0000;6.8165;0.0000;-789.3000;0.0000;6.8165;1.0000;0.0000;0.0000;0.0000;0.0000
1906;839.11;784.8000;1199.1000;791.1000;6.3000;1.5206;1.8180;0.0000;-784.8000;0.0000;6.8165;0.0000;-784.8000;0.0000;6.8165;1.0000;0.0000;0.0000;0.0000;0.0000
1907;839.34;791.2000;1188.0000;798.4000;7.2000;1.8145;1.7412;0.0000;-791.2000;0.0000;6.8165;0.0000;-791.2000;0.0000;6.8165;1.0000;0.0000;0.0000;0.0000;0.0000
1908;839.56;786.0500;1181.0500;790.1000;4.0500;1.0253;1.9891;0.0000;-786.0500;0.0000;6.8165;0.0000;-786.0500;0.0000;6.8165;1.0000;0.0000;0.0000;0.0000;0.0000
1909;839.79;790.5500;1183.8000;785.8000;-4.7500;0.0000;6.8165;0.0000;-790.5500;0.0000;6.8165;0.0000;-790.5500;0.0000;6.8165;1.0000;0.0000;0.0000;0.0000;0.0000
1910;840.01;793.8000;1192.9500;789.2000;-4.6000;0.0000;6.8165;0.0000;-793.8000;0.0000;6.8165;0.0000;-793.8000;0.0000;6.8165;1.0000;0.0000;0.0000;0.0000;0.0000
1911;840.24;795.8500;1168.9500;769.3000;-26.5500;0.0000;6.8165;0.0000;-795.8500;0.0000;6.8165;0.0000;-795.8500;0.0000;6.8165;1.0000;0.0000;0.0000;0.0000;0.0000
1912;840.46;783.4000;1188.2500;793.7000;10.3000;2.5442;1.5945;0.0000;-783.4000;0.0000;6.8165;0.0000;-783.4000;0.0000;6.8165;1.0000;0.0000;0.0000;0.0000;0.0000
1913;840.69;790.5500;1182.8000;777.6500;-12.9000;0.0000;6.8165;0.0000;-790.5500;0.0000;6.8165;0.0000;-790.5500;0.0000;6.8165;1.0000;0.0000;0.0000;0.0000;0.0000
1914;840.91;789.6500;1183.6000;775.3500;-14.3000;0.0000;6.8165;0.0000;-789.6500;0.0000;6.8165;0.0000;-789.6500;0.0000;6.8165;1.0000;0.0000;0.0000;0.0000;0.0000
1915;841.13;787.3500;1175.2500;787.0500;-0.3000;0.0000;6.8165;0.0000;-787.3500;0.0000;6.8165;0.0000;-787.3500;0.0000;6.8165;1.0000;0.0000;0.0000;0.0000;0.0000
1916;841.36;798.8000;1186.1000;796.0500;-2.7500;0.0000;6.8165;0.0000;-798.8000;0.0000;6.8165;0.0000;-798.8000;0.0000;6.8165;1.0000;0.0000;0.0000;0.0000;0.0000
1917;841.58;794.7500;1168.4500;792.0500;-2.7000;0.0000;6.8165;0.0000;-794.7500;0.0000;6.8165;0.0000;-794.7500;0.0000;6.8165;1.0000;0.0000;0.0000;0.0000;0.0000
1918;841.81;777.0000;1170.1000;780.7500;3.7500;0.9540;2.0205;0.0000;-777.0000;0.0000;6.8165;0.0000;-777.0000;0.0000;6.8165;1.0000;0.0000;0.0000;0.0000;0.0000
1919;842.03;778.0500;1195.6500;784.2000;6.1500;1.4727;1.8319;0.0000;-778.0500;0.0000;6.8165;0.0000;-778.0500;0.0000;6.8165;1.0000;0.0000;0.0000;0.0000;0.0000
1920;842.25;779.8500;1187.6000;793.1000;13.2500;3.2495;1.4882;0.0000;-779.8500;0.0000;6.8165;0.0000;-779.8500;0.0000;6.8165;1.0000;0.0000;0.0000;0.0000;0.0000
1921;842.48;788.7000;1184.6500;788.9000;0.2000;0.0505;3.2966;0.0000;-788.7000;0.0000;6.8165;0.0000;-788.7000;0.0000;6.8165;1.0000;0.0000;0.0000;0.0000;0.0000
1922;842.70;795.7000;1178.5500;800.9500;5.2500;1.3713;1.8629;0.0000;-795.7000;0.0000;6.8165;0.0000;-795.7000;0.0000;6.8165;1.0000;0.0000;0.0000;0.0000;0.0000
1923;842.92;782.5500;1191.1000;797.7500;15.2000;3.7205;1.4294;0.0000;-782.5500;0.0000;6.8165;0.0000;-782.5500;0.0000;6.8165;1.0000;0.0000;0.0000;0.0000;0.0000
1924;843.15;777.7500;1196.3500;802.6500;24.9000;5.9484;1.2256;0.0000;-777.7500;0.0000;6.8165;0.0000;-777.7500;0.0000;6.8165;1.0000;0.0000;0.0000;0.0000;0.0000
1925;843.37;776.9500;1179.8500;806.4500;29.5000;7.3219;1.1354;0.0000;-776.9500;0.0000;6.8165;0.0000;-776.9500;0.0000;6.8165;1.0000;0.0000;0.0000;0.0000;0.0000
1926;843.59;779.1500;1185.3500;778.6500;-0.5000;0.0000;6.8165;0.0000;-779.1500;0.0000;6.8165;0.0000;-779.1500;0.0000;6.8165;1.0000;0.0000;0.0000;0.0000;0.0000
1927;843.82;784.7500;1183.0500;781.3500;-3.4000;0.0000;6.8165;0.0000;-784.7500;0.0000;6.8165;0.0000;-784.7500;0.0000;6.8165;1.0000;0.0000;0.0000;0.0000;0.0000
1928;844.04;784.2500;1179.0500;784.1000;-0.1500;0.0000;6.8165;0.0000;-784.2500;0.0000;6.8165;0.0000;-784.2500;0.0000;6.8165;1.0000;0.0000;0.0000;0.0000;0.0000
1929;844.26;777.6500;1167.5000;781.9500;4.3000;1.1030;1.9574;0.0000;-777.6500;0.0000;6.8165;0.0000;-777.6500;0.0000;6.8165;1.0000;0.0000;0.0000;0.0000;0.0000
1930;844.49;785.0500;1179.3500;786.1500;1.1000;0.2790;2.5544;0.0000;-785.0500;0.0000;6.8165;0.0000;-785.0500;0.0000;6.8165;1.0000;0.0000;0.0000;0.0000;0.0000
1931;844.71;782.5500;1161.9500;795.1500;12.6000;3.3210;1.4787;0.0000;-782.5500;0.0000;6.8165;0.0000;-782.5500;0.0000;6.8165;1.0000;0.0000;0.0000;0.0000;0.0000
1932;844.93;793.9500;1169.5000;771.2500;-22.7000;0.0000;6.8165;0.0000;-793.9500;0.0000;6.8165;0.0000;-793.9500;0.0000;6.8165;1.0000;0.0000;0.0000;0.0000;0.0000
1933;845.15;800.8500;1154.9000;789.9000;-10.9500;0.0000;6.8165;0.0000;-800.8500;0.0000;6.8165;0.0000;-800.8500;0.0000;6.8165;1.0000;0.0000;0.0000;0.0000;0.0000
1934;845.38;780.8500;1132.7000;779.8000;-1.0500;0.0000;6.8165;0.0000;-780.8500;0.0000;6.8165;0.0000;-780.8500;0.0000;6.8165;1.0000;0.0000;0.0000;0.0000;0.0000
1935;845.60;779.0000;1120.7000;777.7000;-1.3000;0.0000;6.8165;0.0000;-779.0000;0.0000;6.8165;0.0000;-779.0000;0.0000;6.8165;1.0000;0.0000;0.0000;0.0000;0.0000
1936;845.82;785.5000;1146.0000;778.3500;-7.1500;0.0000;6.8165;0.0000;-785.5000;0.0000;6.8165;0.0000;-785.5000;0.0000;6.8165;1.0000;0.0000;0.0000;0.0000;0.0000
1937;846.04;810.4000;1155.8500;775.5000;-34.9000;0.0000;6.8165;0.0000;-810.4000;0.0000;6.8165;0.0000;-810.4000;0.0000;6.8165;1.0000;0.0000;0.0000;0.0000;0.0000
1938;846.26;790.5500;1154.6500;773.9500;-16.6000;0.0000;6.8165;0.0000;-790.5500;0.0000;6.8165;0.0000;-790.5500;0.0000;6.8165;1.0000;0.0000;0.0000;0.0000;0.0000
1939;846.48;786.8500;1145.4000;794.2000;7.3500;2.0499;1.6883;0.0000;-786.8500;0.0000;6.8165;0.0000;-786.8500;0.0000;6.8165;1.0000;0.0000;0.0000;0.0000;0.0000
1940;846.71;782.4500;1139.2000;781.4500;-1.0000;0.0000;6.8165;0.0000;-782.4500;0.0000;6.8165;0.0000;-782.4500;0.0000;6.8165;1.0000;0.0000;0.0000;0.0000;0.0000
1941;846.93;777.3500;1122.4000;797.4500;20.1000;5.8252;1.2347;0.0000;-777.3500;0.0000;6.8165;0.0000;-777.3500;0.0000;6.8165;1.0000;0.0000;0.0000;0.0000;0.0000
1942;847.15;802.5500;1132.8000;772.3000;-30.2500;0.0000;6.8165;0.0000;-802.5500;0.0000;6.8165;0.0000;-802.5500;0.0000;6.8165;1.0000;0.0000;0.0000;0.0000;0.0000
1943;847.37;789.6500;1130.6000;782.9000;-6.7500;0.0000;6.8165;0.0000;-789.6500;0.0000;6.8165;0.0000;-789.6500;0.0000;6.8165;1.0000;0.0000;0.0000;0.0000;0.0000
1944;847.59;780.0500;1117.8500;790.4500;10.4000;3.0787;1.5116;0.0000;-780.0500;0.0000;6.8165;0.0000;-780.0500;0.0000;6.8165;1.0000;0.0000;0.0000;0.0000;0.0000
1945;847.81;784.5500;1110.0500;785.9000;1.3500;0.4147;2.3822;0.0000;-784.5500;0.0000;6.8165;0.0000;-784.5500;0.0000;6.8165;1.0000;0.0000;0.0000;0.0000;0.0000
1946;848.03;791.7500;1139.2000;795.4000;3.6500;1.0505;1.9786;0.0000;-791.7500;0.0000;6.8165;0.0000;-791.7500;0.0000;6.8165;1.0000;0.0000;0.0000;0.0000;0.0000
1947;848.26;787.7000;1122.8000;793.5000;5.8000;1.7308;1.7617;0.0000;-787.7000;0.0000;6.8165;0.0000;-787.7000;0.0000;6.8165;1.0000;0.0000;0.0000;0.0000;0.0000
1948;848.48;775.0500;1126.1000;790.0500;15.0000;4.2729;1.3693;0.0000;-775.0500;0.0000;6.8165;0.0000;-775.0500;0.0000;6.8165;1.0000;0.0000;0.0000;0.0000;0.0000
1949;848.70;775.2000;1134.8500;786.1000;10.9000;3.0307;1.5185;0.0000;-775.2000;0.0000;6.8165;0.0000;-775.2000;0.0000;6.8165;1.0000;0.0000;0.0000;0.0000;0.0000
1950;848.92;787.2500;1121.2500;771.3500;-15.9000;0.0000;6.8165;0.0000;-787.2500;0.0000;6.8165;0.0000;-787.2500;0.0000;6.8165;1.0000;0.0000;0.0000;0.0000;0.0000
1951;849.14;790.0000;1142.0500;789.3500;-0.6500;0.0000;6.8165;0.0000;-790.0000;0.0000;6.8165;0.0000;-790.0000;0.0000;6.8165;1.0000;0.0000;0.0000;0.0000;0.0000
1952;849.36;784.6500;1130.8500;788.4500;3.8000;1.0976;1.9595;0.0000;-784.6500;0.0000;6.8165;0.0000;-784.6500;0.0000;6.8165;1.0000;0.0000;0.0000;0.0000;0.0000
1953;849.58;777.8500;1115.5000;785.8000;7.9500;2.3545;1.6281;0.0000;-777.8500;0.0000;6.8165;0.0000;-777.8500;0.0000;6.8165;1.0000;0.0000;0.0000;0.0000;0.0000
1954;849.80;782.5500;1119.8000;781.1500;-1.4000;0.0000;6.8165;0.0000;-782.5500;0.0000;6.8165;0.0000;-782.5500;0.0000;6.8165;1.0000;0.0000;0.0000;0.0000;0.0000
1955;850.02;792.1000;1116.1000;787.7500;-4.3500;0.0000;6.8165;0.0000;-792.1000;0.0000;6.8165;0.0000;-792.1000;0.0000;6.8165;1.0000;0.0000;0.0000;0.0000;0.0000
1956;850.24;790.3500;1113.8500;792.8000;2.4500;0.7573;2.1207;0.0000;-790.3500;0.0000;6.8165;0.0000;-790.3500;0.0000;6.8165;1.0000;0.0000;0.0000;0.0000;0.0000
1957;850.46;783.9000;1102.7500;796.0000;12.1000;3.7949;1.4208;0.0000;-783.9000;0.0000;6.8165;0.0000;-783.9000;0.0000;6.8165;1.0000;0.0000;0.0000;0.0000;0.0000
1958;850.68;798.4000;1137.2000;797.8000;-0.6000;0.0000;6.8165;0.0000;-798.4000;0.0000;6.8165;0.0000;-798.4000;0.0000;6.8165;1.0000;0.0000;0.0000;0.0000;0.0000
1959;850.90;780.3500;1118.0500;780.9500;0.6000;0.1777;2.7504;0.0000;-780.3500;0.0000;6.8165;0.0000;-780.3500;0.0000;6.8165;1.0000;0.0000;0.0000;0.0000;0.0000
1960;851.12;785.6000;1119.9000;790.3000;4.7000;1.4059;1.8520;0.0000;-785.6000;0.0000;6.8165;0.0000;-785.6000;0.0000;6.8165;1.0000;0.0000;0.0000;0.0000;0.0000
1961;851.34;783.3000;1113.1000;775.8000;-7.5000;0.0000;6.8165;0.0000;-783.3000;0.0000;6.8165;0.0000;-783.3000;0.0000;6.8165;1.0000;0.0000;0.0000;0.0000;0.0000
1962;851.56;788.1500;1135.2500;771.3000;-16.8500;0.0000;6.8165;0.0000;-788.1500;0.0000;6.8165;0.0000;-788.1500;0.0000;6.8165;1.0000;0.0000;0.0000;0.0000;0.0000
1963;851.78;784.6000;1108.9000;787.1000;2.5000;0.7709;2.1130;0.0000;-784.6000;0.0000;6.8165;0.0000;-784.6000;0.0000;6.8165;1.0000;0.0000;0.0000;0.0000;0.0000
1964;852.00;800.0000;1115.2500;789.3000;-10.7000;0.0000;6.8165;0.0000;-800.0000;0.0000;6.8165;0.0000;-800.0000;0.0000;6.8165;1.0000;0.0000;0.0000;0.0000;0.0000
1965;852.21;785.5500;1116.9500;793.0000;7.4500;2.2480;1.6482;0.0000;-785.5500;0.0000;6.8165;0.0000;-785.5500;0.0000;6.8165;1.0000;0.0000;0.0000;0.0000;0.0000
1966;852.43;784.1000;1118.7000;795.7500;11.6500;3.4818;1.4582;0.0000;-784.1000;0.0000;6.8165;0.0000;-784.1000;0.0000;6.8165;1.0000;0.0000;0.0000;0.0000;0.0000
1967;852.65;794.9500;1123.2000;776.7500;-18.2000;0.0000;6.8165;0.0000;-794.9500;0.0000;6.8165;0.0000;-794.9500;0.0000;6.8165;1.0000;0.0000;0.0000;0.0000;0.0000
1968;852.87;788.4000;1124.6000;801.2500;12.8500;3.8221;1.4177;0.0000;-788.4000;0.0000;6.8165;0.0000;-788.4000;0.0000;6.8165;1.0000;0.0000;0.0000;0.0000;0.0000
1969;853.09;792.0000;1107.4000;796.0000;4.0000;1.2682;1.8968;0.0000;-792.0000;0.0000;6.8165;0.0000;-792.0000;0.0000;6.8165;1.0000;0.0000;0.0000;0.0000;0.0000
1970;853.31;780.0000;1116.8500;792.6000;12.6000;3.7405;1.4271;0.0000;-780.0000;0.0000;6.8165;0.0000;-780.0000;0.0000;6.8165;1.0000;0.0000;0.0000;0.0000;0.0000
1971;853.53;785.2500;1092.1000;765.4000;-19.8500;0.0000;6.8165;0.0000;-785.2500;0.0000;6.8165;0.0000;-785.2500;0.0000;6.8165;1.0000;0.0000;0.0000;0.0000;0.0000
1972;853.74;780.2000;1095.5500;781.7000;1.5000;0.4757;2.3227;0.0000;-780.2000;0.0000;6.8165;0.0000;-780.2000;0.0000;6.8165;1.0000;0.0000;0.0000;0.0000;0.0000
1973;853.96;780.1500;1101.8000;777.8500;-2.3000;0.0000;6.8165;0.0000;-780.1500;0.0000;6.8165;0.0000;-780.1500;0.0000;6.8165;1.0000;0.0000;0.0000;0.0000;0.0000
1974;854.18;778.5000;1093.7000;787.6500;9.1500;2.9029;1.5372;0.0000;-778.5000;0.0000;6.8165;0.0000;-778.5000;0.0000;6.8165;1.0000;0.0000;0.0000;0.0000;0.0000
1975;854.40;781.9500;1103.2000;794.3500;12.4000;3.8599;1.4134;0.0000;-781.9500;0.0000;6.8165;0.0000;-781.9500;0.0000;6.8165;1.0000;0.0000;0.0000;0.0000;0.0000
1976;854.62;779.9000;1084.6500;787.8000;7.9000;2.5923;1.5863;0.0000;-779.9000;0.0000;6.8165;0.0000;-779.9000;0.0000;6.8165;1.0000;0.0000;0.0000;0.0000;0.0000
1977;854.83;782.8000;1095.1500;791.7000;8.9000;2.8494;1.5453;0.0000;-782.8000;0.0000;6.8165;0.0000;-782.8000;0.0000;6.8165;1.0000;0.0000;0.0000;0.0000;0.0000
1978;855.05;787.9500;1094.9000;795.0500;7.1000;2.3131;1.6358;0.0000;-787.9500;0.0000;6.8165;0.0000;-787.9500;0.0000;6.8165;1.0000;0.0000;0.0000;0.0000;0.0000
1979;855.27;772.5500;1087.7500;803.2000;30.6500;9.7240;1.0122;0.0000;-772.5500;0.0000;6.8165;0.0000;-772.5500;0.0000;6.8165;1.0000;0.0000;0.0000;0.0000;0.0000
1980;855.49;782.3000;1093.6500;789.1500;6.8500;2.2001;1.6576;0.0000;-782.3000;0.0000;6.8165;0.0000;-782.3000;0.0000;6.8165;1.0000;0.0000;0.0000;0.0000;0.0000
1981;855.71;790.1500;1093.9000;780.2000;-9.9500;0.0000;6.8165;0.0000;-790.1500;0.0000;6.8165;0.0000;-790.1500;0.0000;6.8165;1.0000;0.0000;0.0000;0.0000;0.0000
1982;855.92;783.1500;1073.7000;794.3500;11.2000;3.8548;1.4140;0.0000;-783.1500;0.0000;6.8165;0.0000;-783.1500;0.0000;6.8165;1.0000;0.0000;0.0000;0.0000;0.0000
1983;856.14;791.4000;1089.9500;794.4500;3.0500;1.0216;1.9907;0.0000;-791.4000;0.0000;6.8165;0.0000;-791.4000;0.0000;6.8165;1.0000;0.0000;0.0000;0.0000;0.0000
1984;856.36;776.9500;1085.3500;796.5000;19.5500;6.3392;1.1980;0.0000;-776.9500;0.0000;6.8165;0.0000;-776.9500;0.0000;6.8165;1.0000;0.0000;0.0000;0.0000;0.0000
1985;856.57;777.4000;1089.7500;790.8500;13.4500;4.3061;1.3659;0.0000;-777.4000;0.0000;6.8165;0.0000;-777.4000;0.0000;6.8165;1.0000;0.0000;0.0000;0.0000;0.0000
1986;856.79;786.1500;1079.2500;804.7000;18.5500;6.3289;1.1987;0.0000;-786.1500;0.0000;6.8165;0.0000;-786.1500;0.0000;6.8165;1.0000;0.0000;0.0000;0.0000;0.0000
1987;857.01;779.9500;1094.8500;780.0000;0.0500;0.0159;3.7992;0.0000;-779.9500;0.0000;6.8165;0.0000;-779.9500;0.0000;6.8165;1.0000;0.0000;0.0000;0.0000;0.0000
1988;857.22;789.8000;1091.7500;784.1000;-5.7000;0.0000;6.8165;0.0000;-789.8000;0.0000;6.8165;0.0000;-789.8000;0.0000;6.8165;1.0000;0.0000;0.0000;0.0000;0.0000
1989;857.44;784.9500;1084.6000;784.1500;-0.8000;0.0000;6.8165;0.0000;-784.9500;0.0000;6.8165;0.0000;-784.9500;0.0000;6.8165;1.0000;0.0000;0.0000;0.0000;0.0000
1990;857.66;779.3000;1095.8000;775.7500;-3.5500;0.0000;6.8165;0.0000;-779.3000;0.0000;6.8165;0.0000;-779.3000;0.0000;6.8165;1.0000;0.0000;0.0000;0.0000;0.0000
1991;857.87;785.4000;1071.2000;786.4000;1.0000;0.3499;2.4561;0.0000;-785.4000;0.0000;6.8165;0.0000;-785.4000;0.0000;6.8165;1.0000;0.0000;0.0000;0.0000;0.0000
1992;858.09;778.0500;1067.3500;797.2000;19.1500;6.6194;1.1792;0.0000;-778.0500;0.0000;6.8165;0.0000;-778.0500;0.0000;6.8165;1.0000;0.0000;0.0000;0.0000;0.0000
1993;858.31;783.3000;1079.8000;786.1000;2.8000;0.9444;2.0249;0.0000;-783.3000;0.0000;6.8165;0.0000;-783.3000;0.0000;6.8165;1.0000;0.0000;0.0000;0.0000;0.0000
1994;858.52;787.1500;1068.7500;777.3500;-9.8000;0.0000;6.8165;0.0000;-787.1500;0.0000;6.8165;0.0000;-787.1500;0.0000;6.8165;1.0000;0.0000;0.0000;0.0000;0.0000
1995;858.74;783.6000;1081.4500;778.8000;-4.8000;0.0000;6.8165;0.0000;-783.6000;0.0000;6.8165;0.0000;-783.6000;0.0000;6.8165;1.0000;0.0000;0.0000;0.0000;0.0000
1996;858.95;789.5000;1079.3000;778.5500;-10.9500;0.0000;6.8165;0.0000;-789.5000;0.0000;6.8165;0.0000;-789.5000;0.0000;6.8165;1.0000;0.0000;0.0000;0.0000;0.0000
1997;859.17;785.7000;1075.8500;793.5500;7.8500;2.7055;1.5678;0.0000;-785.7000;0.0000;6.8165;0.0000;-785.7000;0.0000;6.8165;1.0000;0.0000;0.0000;0.0000;0.0000
1998;859.39;782.1000;1067.7000;778.4500;-3.6500;0.0000;6.8165;0.0000;-782.1000;0.0000;6.8165;0.0000;-782.1000;0.0000;6.8165;1.0000;0.0000;0.0000;0.0000;0.0000
1999;859.60;789.3000;1080.4000;775.4500;-13.8500;0.0000;6.8165;0.0000;-789.3000;0.0000;6.8165;0.0000;-789.3000;0.0000;6.8165;1.0000;0.0000;0.0000;0.0000;0.0000
2000;859.82;798.1500;1061.8500;781.5500;-16.6000;0.0000;6.8165;0.0000;-798.1500;0.0000;6.8165;0.0000;-798.1500;0.0000;6.8165;1.0000;0.0000;0.0000;0.0000;0.0000
2001;860.03;801.4000;1073.9000;773.9500;-27.4500;0.0000;6.8165;0.0000;-801.4000;0.0000;6.8165;0.0000;-801.4000;0.0000;6.8165;1.0000;0.0000;0.0000;0.0000;0.0000
2002;860.25;793.6000;1071.4000;781.2000;-12.4000;0.0000;6.8165;0.0000;-793.6000;0.0000;6.8165;0.0000;-793.6000;0.0000;6.8165;1.0000;0.0000;0.0000;0.0000;0.0000
2003;860.46;777.4500;1064.0500;786.0000;8.5500;2.9833;1.5253;0.0000;-777.4500;0.0000;6.8165;0.0000;-777.4500;0.0000;6.8165;1.0000;0.0000;0.0000;0.0000;0.0000
2004;860.68;792.3500;1061.5000;787.2000;-5.1500;0.0000;6.8165;0.0000;-792.3500;0.0000;6.8165;0.0000;-792.3500;0.0000;6.8165;1.0000;0.0000;0.0000;0.0000;0.0000
2005;860.89;786.2000;1043.0500;789.4500;3.2500;1.2653;1.8978;0.0000;-786.2000;0.0000;6.8165;0.0000;-786.2000;0.0000;6.8165;1.0000;0.0000;0.0000;0.0000;0.0000
2006;861.11;787.4000;1063.9500;797.0000;9.6000;3.4713;1.4595;0.0000;-787.4000;0.0000;6.8165;0.0000;-787.4000;0.0000;6.8165;1.0000;0.0000;0.0000;0.0000;0.0000
2007;861.32;784.9500;1041.4000;792.4000;7.4500;2.9050;1.5368;0.0000;-784.9500;0.0000;6.8165;0.0000;-784.9500;0.0000;6.8165;1.0000;0.0000;0.0000;0.0000;0.0000
2008;861.54;799.0500;1052.0000;785.4500;-13.6000;0.0000;6.8165;0.0000;-799.0500;0.0000;6.8165;0.0000;-799.0500;0.0000;6.8165;1.0000;0.0000;0.0000;0.0000;0.0000
2009;861.75;791.3500;1046.7500;781.8000;-9.5500;0.0000;6.8165;0.0000;-791.3500;0.0000;6.8165;0.0000;-791.3500;0.0000;6.8165;1.0000;0.0000;0.0000;0.0000;0.0000
2010;861.96;778.3000;1032.2500;782.8000;4.5000;1.7720;1.7515;0.0000;-778.3000;0.0000;6.8165;0.0000;-778.3000;0.0000;6.8165;1.0000;0.0000;0.0000;0.0000;0.0000
2011;862.18;769.2500;1046.3500;781.2000;11.9500;4.3125;1.3653;0.0000;-769.2500;0.0000;6.8165;0.0000;-769.2500;0.0000;6.8165;1.0000;0.0000;0.0000;0.0000;0.0000
2012;862.39;786.3000;1040.0500;782.1000;-4.2000;0.0000;6.8165;0.0000;-786.3000;0.0000;6.8165;0.0000;-786.3000;0.0000;6.8165;1.0000;0.0000;0.0000;0.0000;0.0000
2013;862.61;790.7000;1036.6500;784.2500;-6.4500;0.0000;6.8165;0.0000;-790.7000;0.0000;6.8165;0.0000;-790.7000;0.0000;6.8165;1.0000;0.0000;0.0000;0.0000;0.0000
2014;862.82;774.9500;1027.4500;791.8000;16.8500;6.6733;1.1757;0.0000;-774.9500;0.0000;6.8165;0.0000;-774.9500;0.0000;6.8165;1.0000;0.0000;0.0000;0.0000;0.0000
2015;863.03;781.1000;1027.4500;770.9500;-10.1500;0.0000;6.8165;0.0000;-781.1000;0.0000;6.8165;0.0000;-781.1000;0.0000;6.8165;1.0000;0.0000;0.0000;0.0000;0.0000
2016;863.25;778.9500;1040.9500;783.6000;4.6500;1.7748;1.7508;0.0000;-778.9500;0.0000;6.8165;0.0000;-778.9500;0.0000;6.8165;1.0000;0.0000;0.0000;0.0000;0.0000
2017;863.46;781.8500;1026.9000;785.7500;3.9000;1.5915;1.7982;0.0000;-781.8500;0.0000;6.8165;0.0000;-781.8500;0.0000;6.8165;1.0000;0.0000;0.0000;0.0000;0.0000
2018;863.68;768.7000;1017.2500;767.7500;-0.9500;0.0000;6.8165;0.0000;-768.7000;0.0000;6.8165;0.0000;-768.7000;0.0000;6.8165;1.0000;0.0000;0.0000;0.0000;0.0000
2019;863.89;770.2500;1023.8500;777.7000;7.4500;2.9377;1.5320;0.0000;-770.2500;0.0000;6.8165;0.0000;-770.2500;0.0000;6.8165;1.0000;0.0000;0.0000;0.0000;0.0000
2020;864.10;797.5500;1019.3500;790.1000;-7.4500;0.0000;6.8165;0.0000;-797.5500;0.0000;6.8165;0.0000;-797.5500;0.0000;6.8165;1.0000;0.0000;0.0000;0.0000;0.0000
2021;864.32;790.9500;1019.4500;783.2000;-7.7500;0.0000;6.8165;0.0000;-790.9500;0.0000;6.8165;0.0000;-790.9500;0.0000;6.8165;1.0000;0.0000;0.0000;0.0000;0.0000
2022;864.53;778.5000;1011.5500;781.7500;3.2500;1.3946;1.8556;0.0000;-778.5000;0.0000;6.8165;0.0000;-778.5000;0.0000;6.8165;1.0000;0.0000;0.0000;0.0000;0.0000
2023;864.74;794.9000;1011.9500;774.3000;-20.6000;0.0000;6.8165;0.0000;-794.9000;0.0000;6.8165;0.0000;-794.9000;0.0000;6.8165;1.0000;0.0000;0.0000;0.0000;0.0000
2024;864.95;785.8500;1035.5500;782.0500;-3.8000;0.0000;6.8165;0.0000;-785.8500;0.0000;6.8165;0.0000;-785.8500;0.0000;6.8165;1.0000;0.0000;0.0000;0.0000;0.0000
2025;865.17;792.1000;1019.6000;773.4500;-18.6500;0.0000;6.8165;0.0000;-792.1000;0.0000;6.8165;0.0000;-792.1000;0.0000;6.8165;1.0000;0.0000;0.0000;0.0000;0.0000
2026;865.38;794.3500;1026.7000;777.9000;-16.4500;0.0000;6.8165;0.0000;-794.3500;0.0000;6.8165;0.0000;-794.3500;0.0000;6.8165;1.0000;0.0000;0.0000;0.0000;0.0000
2027;865.59;786.3500;1013.2500;781.1000;-5.2500;0.0000;6.8165;0.0000;-786.3500;0.0000;6.8165;0.0000;-786.3500;0.0000;6.8165;1.0000;0.0000;0.0000;0.0000;0.0000
2028;865.81;793.8500;1005.7500;772.5500;-21.3000;0.0000;6.8165;0.0000;-793.8500;0.0000;6.8165;0.0000;-793.8500;0.0000;6.8165;1.0000;0.0000;0.0000;0.0000;0.0000
2029;866.02;769.8500;1011.7500;783.3000;13.4500;5.5601;1.2549;0.0000;-769.8500;0.0000;6.8165;0.0000;-769.8500;0.0000;6.8165;1.0000;0.0000;0.0000;0.0000;0.0000
2030;866.23;778.9500;999.9500;769.5000;-9.4500;0.0000;6.8165;0.0000;-778.9500;0.0000;6.8165;0.0000;-778.9500;0.0000;6.8165;1.0000;0.0000;0.0000;0.0000;0.0000
2031;866.44;780.2000;1009.7500;778.3000;-1.9000;0.0000;6.8165;0.0000;-780.2000;0.0000;6.8165;0.0000;-780.2000;0.0000;6.8165;1.0000;0.0000;0.0000;0.0000;0.0000
2032;866.65;776.6500;1007.1500;784.9000;8.2500;3.5792;1.4462;0.0000;-776.6500;0.0000;6.8165;0.0000;-776.6500;0.0000;6.8165;1.0000;0.0000;0.0000;0.0000;0.0000
2033;866.87;767.8500;998.1000;783.6000;15.7500;6.8404;1.1649;0.0000;-767.8500;0.0000;6.8165;0.0000;-767.8500;0.0000;6.8165;1.0000;0.0000;0.0000;0.0000;0.0000
2034;867.08;791.7000;1005.7000;784.8000;-6.9000;0.0000;6.8165;0.0000;-791.7000;0.0000;6.8165;0.0000;-791.7000;0.0000;6.8165;1.0000;0.0000;0.0000;0.0000;0.0000
2035;867.29;786.4000;1001.0500;783.0000;-3.4000;0.0000;6.8165;0.0000;-786.4000;0.0000;6.8165;0.0000;-786.4000;0.0000;6.8165;1.0000;0.0000;0.0000;0.0000;0.0000
2036;867.50;779.2000;1015.1500;768.1500;-11.0500;0.0000;6.8165;0.0000;-779.2000;0.0000;6.8165;0.0000;-779.2000;0.0000;6.8165;1.0000;0.0000;0.0000;0.0000;0.0000
2037;867.71;787.1500;999.9000;788.0000;0.8500;0.3995;2.3985;0.0000;-787.1500;0.0000;6.8165;0.0000;-787.1500;0.0000;6.8165;1.0000;0.0000;0.0000;0.0000;0.0000
2038;867.92;774.5500;1004.4000;785.0500;10.5000;4.5682;1.3403;0.0000;-774.5500;0.0000;6.8165;0.0000;-774.5500;0.0000;6.8165;1.0000;0.0000;0.0000;0.0000;0.0000
2039;868.14;781.7000;989.7000;779.4000;-2.3000;0.0000;6.8165;0.0000;-781.7000;0.0000;6.8165;0.0000;-781.7000;0.0000;6.8165;1.0000;0.0000;0.0000;0.0000;0.0000
2040;868.35;790.3500;998.7000;789.2000;-1.1500;0.0000;6.8165;0.0000;-790.3500;0.0000;6.8165;0.0000;-790.3500;0.0000;6.8165;1.0000;0.0000;0.0000;0.0000;0.0000
2041;868.56;782.4500;978.1500;784.4000;1.9500;0.9964;2.0016;0.0000;-782.4500;0.0000;6.8165;0.0000;-782.4500;0.0000;6.8165;1.0000;0.0000;0.0000;0.0000;0.0000
2042;868.77;791.5000;1008.0500;781.3000;-10.2000;0.0000;6.8165;0.0000;-791.5000;0.0000;6.8165;0.0000;-791.5000;0.0000;6.8165;1.0000;0.0000;0.0000;0.0000;0.0000
2043;868.98;771.2000;993.4500;778.7500;7.5500;3.3971;1.4689;0.0000;-771.2000;0.0000;6.8165;0.0000;-771.2000;0.0000;6.8165;1.0000;0.0000;0.0000;0.0000;0.0000
2044;869.19;794.3500;1007.3500;781.9500;-12.4000;0.0000;6.8165;0.0000;-794.3500;0.0000;6.8165;0.0000;-794.3500;0.0000;6.8165;1.0000;0.0000;0.0000;0.0000;0.0000
2045;869.40;773.9000;971.4500;794.0500;20.1500;10.1999;0.9914;0.0000;-773.9000;0.0000;6.8165;0.0000;-773.9000;0.0000;6.8165;1.0000;0.0000;0.0000;0.0000;0.0000
2046;869.61;780.0500;1003.5500;775.1500;-4.9000;0.0000;6.8165;0.0000;-780.0500;0.0000;6.8165;0.0000;-780.0500;0.0000;6.8165;1.0000;0.0000;0.0000;0.0000;0.0000
2047;869.82;784.0000;1003.1500;788.1000;4.1000;1.8709;1.7280;0.0000;-784.0000;0.0000;6.8165;0.0000;-784.0000;0.0000;6.8165;1.0000;0.0000;0.0000;0.0000;0.0000
