Date;2006-11-30 12:23:13
title;IBD
model;BTC112
c code;IBD
operator;
port1;0
baud1;3
pixel_start;0
pixel_end;2047
step;1
units;1
bkcolor;16777215
show_mode;0
data_mode;0
pixel_mode;0
intigration times;5
average number;20
spectrometer_type ;14
yaxis;1
yaxis_min;0
yaxis_max;65535
xaxis;1
xaxis_min;0
xaxis_max;2047
coefs_a0;231.943084241822
coefs_a1;0.406994147595924
coefs_a2;-4.3775084135389E-5
coefs_a3;-1.3768865065993E-9
coefs_b0;-728.069070757367
coefs_b1;3.36508502946526
coefs_b2;-0.0019617714298974
coefs_b3;2.01154622732E-6
all_data_save;1
select_option;-1
interval_time;50
pixel_num;2048
sel_pixel_start;0
sel_pixel_end;2047
sel_pixel_delta;1
dark_compensate;0
dark_compensate_value_1;0
dark_compensate_value_2;0
dark_compensate_value_3;0
monitor pixel_0;0
monitor pixel_1;0
monitor pixel_2;0
monitor pixel_3;0
monitor pixel_4;0
monitor pixel_5;0
vertical_line3_wv;250
vertical_line4_wv;250
vertical_line_flag;0
vertical_line_ratio;0
overlay_js;0
Pixel;Wavelength;Dark;Reference;Raw data #1;Dark Subtracted #1;%TR #1;Absorbance #1;Raw data #2;Dark Subtracted #2;%TR #2;Absorbance #2;Raw data #3;Dark Subtracted #3;%TR #3;Absorbance #3;Errands Ref;Errands Fit;Irradiance_1;Irradiance_2;Irradiance_3
0;231.94;798.4000;783.7000;785.1500;-13.2500;90.1361;0.0451;0.0000;-798.4000;110.0000;-0.0414;0.0000;-798.4000;110.0000;-0.0414;1.0000;0.0000;0.0000;0.0000;0.0000
1;232.35;798.4000;783.7000;785.1500;-13.2500;90.1361;0.0451;0.0000;-798.4000;110.0000;-0.0414;0.0000;-798.4000;110.0000;-0.0414;1.0000;0.0000;0.0000;0.0000;0.0000
2;232.76;791.3500;791.9000;797.5000;6.1500;110.0000;-0.0414;0.0000;-791.3500;0.0000;6.8165;0.0000;-791.3500;0.0000;6.8165;1.0000;0.0000;0.0000;0.0000;0.0000
3;233.16;753.0000;679.0500;751.2500;-1.7500;2.3665;1.6259;0.0000;-753.0000;110.0000;-0.0414;0.0000;-753.0000;110.0000;-0.0414;1.0000;0.0000;0.0000;0.0000;0.0000
4;233.57;786.1500;777.2500;774.5500;-11.6000;110.0000;-0.0414;0.0000;-786.1500;0.0000;6.8165;0.0000;-786.1500;0.0000;6.8165;1.0000;0.0000;0.0000;0.0000;0.0000
5;233.98;791.5500;797.2000;781.0000;-10.5500;0.0000;6.8165;0.0000;-791.5500;0.0000;6.8165;0.0000;-791.5500;0.0000;6.8165;1.0000;0.0000;0.0000;0.0000;0.0000
6;234.38;799.5000;782.6000;795.0000;-4.5000;26.6272;0.5747;0.0000;-799.5000;110.0000;-0.0414;0.0000;-799.5000;110.0000;-0.0414;1.0000;0.0000;0.0000;0.0000;0.0000
7;234.79;797.6500;780.6500;789.6500;-8.0000;47.0588;0.3274;0.0000;-797.6500;0.0000;6.8165;0.0000;-797.6500;0.0000;6.8165;1.0000;0.0000;0.0000;0.0000;0.0000
8;235.20;798.2500;795.4000;792.5000;-5.7500;110.0000;-0.0414;0.0000;-798.2500;110.0000;-0.0414;0.0000;-798.2500;110.0000;-0.0414;1.0000;0.0000;0.0000;0.0000;0.0000
9;235.60;777.8500;797.0000;784.7500;6.9000;36.0313;0.4433;0.0000;-777.8500;0.0000;6.8165;0.0000;-777.8500;0.0000;6.8165;1.0000;0.0000;0.0000;0.0000;0.0000
10;236.01;780.6500;791.6000;803.3000;22.6500;110.0000;-0.0414;0.0000;-780.6500;0.0000;6.8165;0.0000;-780.6500;0.0000;6.8165;1.0000;0.0000;0.0000;0.0000;0.0000
11;236.41;785.7500;801.9500;794.2000;8.4500;52.1605;0.2827;0.0000;-785.7500;0.0000;6.8165;0.0000;-785.7500;0.0000;6.8165;1.0000;0.0000;0.0000;0.0000;0.0000
12;236.82;791.8500;788.1000;780.0500;-11.8000;110.0000;-0.0414;0.0000;-791.8500;0.0000;6.8165;0.0000;-791.8500;0.0000;6.8165;1.0000;0.0000;0.0000;0.0000;0.0000
13;237.23;788.1500;787.7000;788.5500;0.4000;0.0000;6.8165;0.0000;-788.1500;0.0000;6.8165;0.0000;-788.1500;0.0000;6.8165;1.0000;0.0000;0.0000;0.0000;0.0000
14;237.63;792.8500;775.0000;779.1500;-13.7000;76.7507;0.1149;0.0000;-792.8500;110.0000;-0.0414;0.0000;-792.8500;110.0000;-0.0414;1.0000;0.0000;0.0000;0.0000;0.0000
15;238.04;779.1000;790.5000;790.7000;11.6000;101.7544;-0.0076;0.0000;-779.1000;0.0000;6.8165;0.0000;-779.1000;0.0000;6.8165;1.0000;0.0000;0.0000;0.0000;0.0000
16;238.44;789.3000;781.9000;777.4500;-11.8500;110.0000;-0.0414;0.0000;-789.3000;0.0000;6.8165;0.0000;-789.3000;0.0000;6.8165;1.0000;0.0000;0.0000;0.0000;0.0000
17;238.85;790.2000;786.4500;777.3000;-12.9000;110.0000;-0.0414;0.0000;-790.2000;110.0000;-0.0414;0.0000;-790.2000;110.0000;-0.0414;1.0000;0.0000;0.0000;0.0000;0.0000
18;239.25;785.8000;793.9500;770.8000;-15.0000;0.0000;6.8165;0.0000;-785.8000;110.0000;-0.0414;0.0000;-785.8000;110.0000;-0.0414;1.0000;0.0000;0.0000;0.0000;0.0000
19;239.66;785.1000;787.0000;783.1000;-2.0000;0.0000;6.8165;0.0000;-785.1000;110.0000;-0.0414;0.0000;-785.1000;110.0000;-0.0414;1.0000;0.0000;0.0000;0.0000;0.0000
20;240.07;777.3500;781.4000;793.7000;16.3500;110.0000;-0.0414;0.0000;-777.3500;110.0000;-0.0414;0.0000;-777.3500;110.0000;-0.0414;1.0000;0.0000;0.0000;0.0000;0.0000
21;240.47;782.9500;786.0500;792.5500;9.6000;110.0000;-0.0414;0.0000;-782.9500;0.0000;6.8165;0.0000;-782.9500;0.0000;6.8165;1.0000;0.0000;0.0000;0.0000;0.0000
22;240.88;768.9500;789.2000;780.2500;11.3000;55.8025;0.2533;0.0000;-768.9500;0.0000;6.8165;0.0000;-768.9500;0.0000;6.8165;1.0000;0.0000;0.0000;0.0000;0.0000
23;241.28;798.3500;782.8000;779.2000;-19.1500;110.0000;-0.0414;0.0000;-798.3500;110.0000;-0.0414;0.0000;-798.3500;110.0000;-0.0414;1.0000;0.0000;0.0000;0.0000;0.0000
24;241.69;792.4000;791.8500;787.7000;-4.7000;110.0000;-0.0414;0.0000;-792.4000;110.0000;-0.0414;0.0000;-792.4000;110.0000;-0.0414;1.0000;0.0000;0.0000;0.0000;0.0000
25;242.09;782.3500;770.2500;774.5500;-7.8000;64.4628;0.1907;0.0000;-782.3500;0.0000;6.8165;0.0000;-782.3500;0.0000;6.8165;1.0000;0.0000;0.0000;0.0000;0.0000
26;242.50;790.4000;788.0500;793.9000;3.5000;0.0000;6.8165;0.0000;-790.4000;110.0000;-0.0414;0.0000;-790.4000;110.0000;-0.0414;1.0000;0.0000;0.0000;0.0000;0.0000
27;242.90;800.2000;784.5500;780.3500;-19.8500;110.0000;-0.0414;0.0000;-800.2000;110.0000;-0.0414;0.0000;-800.2000;110.0000;-0.0414;1.0000;0.0000;0.0000;0.0000;0.0000
28;243.30;786.1500;796.0000;775.5000;-10.6500;0.0000;6.8165;0.0000;-786.1500;0.0000;6.8165;0.0000;-786.1500;0.0000;6.8165;1.0000;0.0000;0.0000;0.0000;0.0000
29;243.71;793.6000;790.2000;782.2000;-11.4000;110.0000;-0.0414;0.0000;-793.6000;110.0000;-0.0414;0.0000;-793.6000;110.0000;-0.0414;1.0000;0.0000;0.0000;0.0000;0.0000
30;244.11;792.3500;788.0000;789.8000;-2.5500;58.6207;0.2319;0.0000;-792.3500;110.0000;-0.0414;0.0000;-792.3500;110.0000;-0.0414;1.0000;0.0000;0.0000;0.0000;0.0000
31;244.52;794.7000;771.5500;790.4000;-4.3000;18.5745;0.7311;0.0000;-794.7000;110.0000;-0.0414;0.0000;-794.7000;110.0000;-0.0414;1.0000;0.0000;0.0000;0.0000;0.0000
32;244.92;796.1000;776.6000;782.7000;-13.4000;68.7179;0.1629;0.0000;-796.1000;110.0000;-0.0414;0.0000;-796.1000;110.0000;-0.0414;1.0000;0.0000;0.0000;0.0000;0.0000
33;245.33;788.1000;776.7000;786.1000;-2.0000;17.5439;0.7559;0.0000;-788.1000;110.0000;-0.0414;0.0000;-788.1000;110.0000;-0.0414;1.0000;0.0000;0.0000;0.0000;0.0000
34;245.73;779.3500;776.3000;792.4500;13.1000;0.0000;6.8165;0.0000;-779.3500;0.0000;6.8165;0.0000;-779.3500;0.0000;6.8165;1.0000;0.0000;0.0000;0.0000;0.0000
35;246.13;783.8000;807.8000;787.0500;3.2500;13.5417;0.8683;0.0000;-783.8000;0.0000;6.8165;0.0000;-783.8000;0.0000;6.8165;1.0000;0.0000;0.0000;0.0000;0.0000
36;246.54;788.9000;864.7000;803.3500;14.4500;19.0633;0.7198;0.0000;-788.9000;0.0000;6.8165;0.0000;-788.9000;0.0000;6.8165;1.0000;0.0000;0.0000;0.0000;0.0000
37;246.94;782.7000;858.4000;797.3500;14.6500;19.3527;0.7133;0.0000;-782.7000;0.0000;6.8165;0.0000;-782.7000;0.0000;6.8165;1.0000;0.0000;0.0000;0.0000;0.0000
38;247.35;788.7000;850.8500;803.9000;15.2000;24.4570;0.6116;0.0000;-788.7000;0.0000;6.8165;0.0000;-788.7000;0.0000;6.8165;1.0000;0.0000;0.0000;0.0000;0.0000
39;247.75;778.1000;865.9500;806.1000;28.0000;31.8725;0.4966;0.0000;-778.1000;0.0000;6.8165;0.0000;-778.1000;0.0000;6.8165;1.0000;0.0000;0.0000;0.0000;0.0000
40;248.15;776.6000;854.8000;807.4000;30.8000;39.3862;0.4047;0.0000;-776.6000;0.0000;6.8165;0.0000;-776.6000;0.0000;6.8165;1.0000;0.0000;0.0000;0.0000;0.0000
41;248.56;784.9500;846.6500;798.1500;13.2000;21.3938;0.6697;0.0000;-784.9500;0.0000;6.8165;0.0000;-784.9500;0.0000;6.8165;1.0000;0.0000;0.0000;0.0000;0.0000
42;248.96;790.0000;862.7000;807.6000;17.6000;24.2091;0.6160;0.0000;-790.0000;0.0000;6.8165;0.0000;-790.0000;0.0000;6.8165;1.0000;0.0000;0.0000;0.0000;0.0000
43;249.36;786.6500;853.8000;796.9500;10.3000;15.3388;0.8142;0.0000;-786.6500;0.0000;6.8165;0.0000;-786.6500;0.0000;6.8165;1.0000;0.0000;0.0000;0.0000;0.0000
44;249.77;775.8000;848.1500;803.4500;27.6500;38.2170;0.4177;0.0000;-775.8000;0.0000;6.8165;0.0000;-775.8000;0.0000;6.8165;1.0000;0.0000;0.0000;0.0000;0.0000
45;250.17;778.7000;840.6000;803.0500;24.3500;39.3376;0.4052;0.0000;-778.7000;0.0000;6.8165;0.0000;-778.7000;0.0000;6.8165;1.0000;0.0000;0.0000;0.0000;0.0000
46;250.57;789.2500;873.6500;810.3000;21.0500;24.9408;0.6031;0.0000;-789.2500;0.0000;6.8165;0.0000;-789.2500;0.0000;6.8165;1.0000;0.0000;0.0000;0.0000;0.0000
47;250.97;790.3500;856.3500;801.4000;11.0500;16.7424;0.7762;0.0000;-790.3500;0.0000;6.8165;0.0000;-790.3500;0.0000;6.8165;1.0000;0.0000;0.0000;0.0000;0.0000
48;251.38;779.2000;857.6000;800.6500;21.4500;27.3597;0.5629;0.0000;-779.2000;0.0000;6.8165;0.0000;-779.2000;0.0000;6.8165;1.0000;0.0000;0.0000;0.0000;0.0000
49;251.78;804.6500;858.3000;801.3000;-3.3500;0.0000;6.8165;0.0000;-804.6500;0.0000;6.8165;0.0000;-804.6500;0.0000;6.8165;1.0000;0.0000;0.0000;0.0000;0.0000
50;252.18;774.8000;876.0500;794.2500;19.4500;19.2099;0.7165;0.0000;-774.8000;0.0000;6.8165;0.0000;-774.8000;0.0000;6.8165;1.0000;0.0000;0.0000;0.0000;0.0000
51;252.59;794.2500;856.8500;805.9000;11.6500;18.6102;0.7302;0.0000;-794.2500;0.0000;6.8165;0.0000;-794.2500;0.0000;6.8165;1.0000;0.0000;0.0000;0.0000;0.0000
52;252.99;796.8500;867.2000;795.6500;-1.2000;0.0000;6.8165;0.0000;-796.8500;0.0000;6.8165;0.0000;-796.8500;0.0000;6.8165;1.0000;0.0000;0.0000;0.0000;0.0000
53;253.39;802.3000;870.6000;804.3500;2.0500;3.0015;1.5227;0.0000;-802.3000;0.0000;6.8165;0.0000;-802.3000;0.0000;6.8165;1.0000;0.0000;0.0000;0.0000;0.0000
54;253.79;784.5000;871.4500;787.8500;3.3500;3.8528;1.4142;0.0000;-784.5000;0.0000;6.8165;0.0000;-784.5000;0.0000;6.8165;1.0000;0.0000;0.0000;0.0000;0.0000
55;254.20;787.3000;865.9500;807.3500;20.0500;25.4927;0.5936;0.0000;-787.3000;0.0000;6.8165;0.0000;-787.3000;0.0000;6.8165;1.0000;0.0000;0.0000;0.0000;0.0000
56;254.60;782.7500;850.3000;792.9000;10.1500;15.0259;0.8232;0.0000;-782.7500;0.0000;6.8165;0.0000;-782.7500;0.0000;6.8165;1.0000;0.0000;0.0000;0.0000;0.0000
57;255.00;785.4500;871.5500;797.9500;12.5000;14.5180;0.8381;0.0000;-785.4500;0.0000;6.8165;0.0000;-785.4500;0.0000;6.8165;1.0000;0.0000;0.0000;0.0000;0.0000
58;255.40;782.8500;851.0500;800.1000;17.2500;25.2933;0.5970;0.0000;-782.8500;0.0000;6.8165;0.0000;-782.8500;0.0000;6.8165;1.0000;0.0000;0.0000;0.0000;0.0000
59;255.80;785.1000;880.5500;802.2000;17.1000;17.9151;0.7468;0.0000;-785.1000;0.0000;6.8165;0.0000;-785.1000;0.0000;6.8165;1.0000;0.0000;0.0000;0.0000;0.0000
60;256.20;777.2500;878.5000;800.7500;23.5000;23.2099;0.6343;0.0000;-777.2500;0.0000;6.8165;0.0000;-777.2500;0.0000;6.8165;1.0000;0.0000;0.0000;0.0000;0.0000
61;256.61;787.8500;875.9500;801.6000;13.7500;15.6073;0.8067;0.0000;-787.8500;0.0000;6.8165;0.0000;-787.8500;0.0000;6.8165;1.0000;0.0000;0.0000;0.0000;0.0000
62;257.01;793.2000;865.3500;808.6000;15.4000;21.3444;0.6707;0.0000;-793.2000;0.0000;6.8165;0.0000;-793.2000;0.0000;6.8165;1.0000;0.0000;0.0000;0.0000;0.0000
63;257.41;781.1000;855.8500;797.9000;16.8000;22.4749;0.6483;0.0000;-781.1000;0.0000;6.8165;0.0000;-781.1000;0.0000;6.8165;1.0000;0.0000;0.0000;0.0000;0.0000
64;257.81;783.3000;863.4000;807.3000;24.0000;29.9625;0.5234;0.0000;-783.3000;0.0000;6.8165;0.0000;-783.3000;0.0000;6.8165;1.0000;0.0000;0.0000;0.0000;0.0000
65;258.21;792.5000;857.7000;802.6000;10.1000;15.4908;0.8099;0.0000;-792.5000;0.0000;6.8165;0.0000;-792.5000;0.0000;6.8165;1.0000;0.0000;0.0000;0.0000;0.0000
66;258.61;795.8500;868.4500;786.8500;-9.0000;0.0000;6.8165;0.0000;-795.8500;0.0000;6.8165;0.0000;-795.8500;0.0000;6.8165;1.0000;0.0000;0.0000;0.0000;0.0000
67;259.01;777.0000;857.6500;807.0000;30.0000;37.1978;0.4295;0.0000;-777.0000;0.0000;6.8165;0.0000;-777.0000;0.0000;6.8165;1.0000;0.0000;0.0000;0.0000;0.0000
68;259.42;796.4500;862.3000;805.3500;8.9000;13.5156;0.8692;0.0000;-796.4500;0.0000;6.8165;0.0000;-796.4500;0.0000;6.8165;1.0000;0.0000;0.0000;0.0000;0.0000
69;259.82;781.6000;855.4000;799.6000;18.0000;24.3902;0.6128;0.0000;-781.6000;0.0000;6.8165;0.0000;-781.6000;0.0000;6.8165;1.0000;0.0000;0.0000;0.0000;0.0000
70;260.22;775.3000;857.0000;809.2000;33.9000;41.4933;0.3820;0.0000;-775.3000;0.0000;6.8165;0.0000;-775.3000;0.0000;6.8165;1.0000;0.0000;0.0000;0.0000;0.0000
71;260.62;786.0500;868.4500;811.1000;25.0500;30.4005;0.5171;0.0000;-786.0500;0.0000;6.8165;0.0000;-786.0500;0.0000;6.8165;1.0000;0.0000;0.0000;0.0000;0.0000
72;261.02;785.6500;870.8000;818.8000;33.1500;38.9313;0.4097;0.0000;-785.6500;0.0000;6.8165;0.0000;-785.6500;0.0000;6.8165;1.0000;0.0000;0.0000;0.0000;0.0000
73;261.42;784.9500;861.2500;809.3500;24.4000;31.9790;0.4951;0.0000;-784.9500;0.0000;6.8165;0.0000;-784.9500;0.0000;6.8165;1.0000;0.0000;0.0000;0.0000;0.0000
74;261.82;787.9000;870.2500;798.3000;10.4000;12.6290;0.8986;0.0000;-787.9000;0.0000;6.8165;0.0000;-787.9000;0.0000;6.8165;1.0000;0.0000;0.0000;0.0000;0.0000
75;262.22;774.2000;856.6000;798.5500;24.3500;29.5510;0.5294;0.0000;-774.2000;0.0000;6.8165;0.0000;-774.2000;0.0000;6.8165;1.0000;0.0000;0.0000;0.0000;0.0000
76;262.62;783.8500;871.1500;790.4000;6.5500;7.5029;1.1248;0.0000;-783.8500;0.0000;6.8165;0.0000;-783.8500;0.0000;6.8165;1.0000;0.0000;0.0000;0.0000;0.0000
77;263.02;788.0000;863.2000;794.1500;6.1500;8.1782;1.0873;0.0000;-788.0000;0.0000;6.8165;0.0000;-788.0000;0.0000;6.8165;1.0000;0.0000;0.0000;0.0000;0.0000
78;263.42;788.4500;860.5000;807.5000;19.0500;26.4400;0.5777;0.0000;-788.4500;0.0000;6.8165;0.0000;-788.4500;0.0000;6.8165;1.0000;0.0000;0.0000;0.0000;0.0000
79;263.82;790.8500;862.7000;798.8500;8.0000;11.1343;0.9533;0.0000;-790.8500;0.0000;6.8165;0.0000;-790.8500;0.0000;6.8165;1.0000;0.0000;0.0000;0.0000;0.0000
80;264.22;786.5500;864.1500;789.6000;3.0500;3.9304;1.4056;0.0000;-786.5500;0.0000;6.8165;0.0000;-786.5500;0.0000;6.8165;1.0000;0.0000;0.0000;0.0000;0.0000
81;264.62;793.5000;861.0500;787.7500;-5.7500;0.0000;6.8165;0.0000;-793.5000;0.0000;6.8165;0.0000;-793.5000;0.0000;6.8165;1.0000;0.0000;0.0000;0.0000;0.0000
82;265.02;790.8000;880.3500;800.4000;9.6000;10.7203;0.9698;0.0000;-790.8000;0.0000;6.8165;0.0000;-790.8000;0.0000;6.8165;1.0000;0.0000;0.0000;0.0000;0.0000
83;265.42;784.7000;857.8000;794.4000;9.7000;13.2695;0.8771;0.0000;-784.7000;0.0000;6.8165;0.0000;-784.7000;0.0000;6.8165;1.0000;0.0000;0.0000;0.0000;0.0000
84;265.82;791.7000;860.5000;795.1500;3.4500;5.0145;1.2998;0.0000;-791.7000;0.0000;6.8165;0.0000;-791.7000;0.0000;6.8165;1.0000;0.0000;0.0000;0.0000;0.0000
85;266.22;797.7500;874.4000;806.0500;8.3000;10.8284;0.9654;0.0000;-797.7500;0.0000;6.8165;0.0000;-797.7500;0.0000;6.8165;1.0000;0.0000;0.0000;0.0000;0.0000
86;266.62;785.6000;874.7500;803.4500;17.8500;20.0224;0.6985;0.0000;-785.6000;0.0000;6.8165;0.0000;-785.6000;0.0000;6.8165;1.0000;0.0000;0.0000;0.0000;0.0000
87;267.02;785.6500;875.5000;812.0000;26.3500;29.3267;0.5327;0.0000;-785.6500;0.0000;6.8165;0.0000;-785.6500;0.0000;6.8165;1.0000;0.0000;0.0000;0.0000;0.0000
88;267.42;790.3500;866.0000;795.5500;5.2000;6.8738;1.1628;0.0000;-790.3500;0.0000;6.8165;0.0000;-790.3500;0.0000;6.8165;1.0000;0.0000;0.0000;0.0000;0.0000
89;267.82;786.6000;871.4500;813.5500;26.9500;31.7619;0.4981;0.0000;-786.6000;0.0000;6.8165;0.0000;-786.6000;0.0000;6.8165;1.0000;0.0000;0.0000;0.0000;0.0000
90;268.22;777.7500;873.2500;808.7500;31.0000;32.4607;0.4886;0.0000;-777.7500;0.0000;6.8165;0.0000;-777.7500;0.0000;6.8165;1.0000;0.0000;0.0000;0.0000;0.0000
91;268.62;786.7000;855.1500;796.2000;9.5000;13.8787;0.8576;0.0000;-786.7000;0.0000;6.8165;0.0000;-786.7000;0.0000;6.8165;1.0000;0.0000;0.0000;0.0000;0.0000
92;269.01;781.1000;869.3000;801.3500;20.2500;22.9592;0.6390;0.0000;-781.1000;0.0000;6.8165;0.0000;-781.1000;0.0000;6.8165;1.0000;0.0000;0.0000;0.0000;0.0000
93;269.41;796.6000;869.1000;803.7000;7.1000;9.7931;1.0091;0.0000;-796.6000;0.0000;6.8165;0.0000;-796.6000;0.0000;6.8165;1.0000;0.0000;0.0000;0.0000;0.0000
94;269.81;788.3000;878.3500;814.9000;26.6000;29.5391;0.5296;0.0000;-788.3000;0.0000;6.8165;0.0000;-788.3000;0.0000;6.8165;1.0000;0.0000;0.0000;0.0000;0.0000
95;270.21;776.8000;883.8000;805.8000;29.0000;27.1028;0.5670;0.0000;-776.8000;0.0000;6.8165;0.0000;-776.8000;0.0000;6.8165;1.0000;0.0000;0.0000;0.0000;0.0000
96;270.61;791.2000;871.0000;807.8000;16.6000;20.8020;0.6819;0.0000;-791.2000;0.0000;6.8165;0.0000;-791.2000;0.0000;6.8165;1.0000;0.0000;0.0000;0.0000;0.0000
97;271.01;780.1000;862.9000;821.5500;41.4500;50.0604;0.3005;0.0000;-780.1000;0.0000;6.8165;0.0000;-780.1000;0.0000;6.8165;1.0000;0.0000;0.0000;0.0000;0.0000
98;271.41;780.7500;867.3000;796.4500;15.7000;18.1398;0.7414;0.0000;-780.7500;0.0000;6.8165;0.0000;-780.7500;0.0000;6.8165;1.0000;0.0000;0.0000;0.0000;0.0000
99;271.81;786.4000;860.5000;810.3000;23.9000;32.2537;0.4914;0.0000;-786.4000;0.0000;6.8165;0.0000;-786.4000;0.0000;6.8165;1.0000;0.0000;0.0000;0.0000;0.0000
100;272.20;784.3000;870.6500;793.5500;9.2500;10.7122;0.9701;0.0000;-784.3000;0.0000;6.8165;0.0000;-784.3000;0.0000;6.8165;1.0000;0.0000;0.0000;0.0000;0.0000
101;272.60;778.7000;867.2500;807.0000;28.3000;31.9593;0.4954;0.0000;-778.7000;0.0000;6.8165;0.0000;-778.7000;0.0000;6.8165;1.0000;0.0000;0.0000;0.0000;0.0000
102;273.00;791.3500;863.1000;800.9500;9.6000;13.3798;0.8736;0.0000;-791.3500;0.0000;6.8165;0.0000;-791.3500;0.0000;6.8165;1.0000;0.0000;0.0000;0.0000;0.0000
103;273.40;790.5000;875.3500;792.9500;2.4500;2.8874;1.5395;0.0000;-790.5000;0.0000;6.8165;0.0000;-790.5000;0.0000;6.8165;1.0000;0.0000;0.0000;0.0000;0.0000
104;273.80;777.5500;862.2000;799.5000;21.9500;25.9303;0.5862;0.0000;-777.5500;0.0000;6.8165;0.0000;-777.5500;0.0000;6.8165;1.0000;0.0000;0.0000;0.0000;0.0000
105;274.19;789.8000;870.9000;797.6000;7.8000;9.6178;1.0169;0.0000;-789.8000;0.0000;6.8165;0.0000;-789.8000;0.0000;6.8165;1.0000;0.0000;0.0000;0.0000;0.0000
106;274.59;794.7000;854.0000;800.8500;6.1500;10.3710;0.9842;0.0000;-794.7000;0.0000;6.8165;0.0000;-794.7000;0.0000;6.8165;1.0000;0.0000;0.0000;0.0000;0.0000
107;274.99;782.0500;872.0500;812.0000;29.9500;33.2778;0.4778;0.0000;-782.0500;0.0000;6.8165;0.0000;-782.0500;0.0000;6.8165;1.0000;0.0000;0.0000;0.0000;0.0000
108;275.39;794.8000;853.7500;807.2500;12.4500;21.1196;0.6753;0.0000;-794.8000;0.0000;6.8165;0.0000;-794.8000;0.0000;6.8165;1.0000;0.0000;0.0000;0.0000;0.0000
109;275.78;772.7000;867.9000;798.4500;25.7500;27.0483;0.5679;0.0000;-772.7000;0.0000;6.8165;0.0000;-772.7000;0.0000;6.8165;1.0000;0.0000;0.0000;0.0000;0.0000
110;276.18;785.5000;868.0500;814.6000;29.1000;35.2514;0.4528;0.0000;-785.5000;0.0000;6.8165;0.0000;-785.5000;0.0000;6.8165;1.0000;0.0000;0.0000;0.0000;0.0000
111;276.58;800.1500;888.6500;809.9000;9.7500;11.0169;0.9579;0.0000;-800.1500;0.0000;6.8165;0.0000;-800.1500;0.0000;6.8165;1.0000;0.0000;0.0000;0.0000;0.0000
112;276.98;793.8500;874.7500;811.6000;17.7500;21.9407;0.6588;0.0000;-793.8500;0.0000;6.8165;0.0000;-793.8500;0.0000;6.8165;1.0000;0.0000;0.0000;0.0000;0.0000
113;277.37;794.1000;861.9500;809.6500;15.5500;22.9182;0.6398;0.0000;-794.1000;0.0000;6.8165;0.0000;-794.1000;0.0000;6.8165;1.0000;0.0000;0.0000;0.0000;0.0000
114;277.77;796.0500;866.8000;796.6500;0.6000;0.8481;2.0716;0.0000;-796.0500;0.0000;6.8165;0.0000;-796.0500;0.0000;6.8165;1.0000;0.0000;0.0000;0.0000;0.0000
115;278.17;772.2500;875.1000;798.9000;26.6500;25.9115;0.5865;0.0000;-772.2500;0.0000;6.8165;0.0000;-772.2500;0.0000;6.8165;1.0000;0.0000;0.0000;0.0000;0.0000
116;278.56;783.4500;867.8500;806.7000;23.2500;27.5474;0.5599;0.0000;-783.4500;0.0000;6.8165;0.0000;-783.4500;0.0000;6.8165;1.0000;0.0000;0.0000;0.0000;0.0000
117;278.96;783.4500;888.7000;801.5000;18.0500;17.1496;0.7657;0.0000;-783.4500;0.0000;6.8165;0.0000;-783.4500;0.0000;6.8165;1.0000;0.0000;0.0000;0.0000;0.0000
118;279.36;785.3000;883.2500;810.5500;25.2500;25.7785;0.5887;0.0000;-785.3000;0.0000;6.8165;0.0000;-785.3000;0.0000;6.8165;1.0000;0.0000;0.0000;0.0000;0.0000
119;279.75;778.2500;868.9500;816.7500;38.5000;42.4476;0.3721;0.0000;-778.2500;0.0000;6.8165;0.0000;-778.2500;0.0000;6.8165;1.0000;0.0000;0.0000;0.0000;0.0000
120;280.15;788.5000;878.7500;812.3500;23.8500;26.4266;0.5780;0.0000;-788.5000;0.0000;6.8165;0.0000;-788.5000;0.0000;6.8165;1.0000;0.0000;0.0000;0.0000;0.0000
121;280.55;786.3500;876.4500;811.4500;25.1000;27.8579;0.5551;0.0000;-786.3500;0.0000;6.8165;0.0000;-786.3500;0.0000;6.8165;1.0000;0.0000;0.0000;0.0000;0.0000
122;280.94;783.3500;872.3500;813.4000;30.0500;33.7640;0.4715;0.0000;-783.3500;0.0000;6.8165;0.0000;-783.3500;0.0000;6.8165;1.0000;0.0000;0.0000;0.0000;0.0000
123;281.34;792.2000;873.6500;822.9000;30.7000;37.6918;0.4238;0.0000;-792.2000;0.0000;6.8165;0.0000;-792.2000;0.0000;6.8165;1.0000;0.0000;0.0000;0.0000;0.0000
124;281.73;775.2500;885.0500;815.2000;39.9500;36.3843;0.4391;0.0000;-775.2500;0.0000;6.8165;0.0000;-775.2500;0.0000;6.8165;1.0000;0.0000;0.0000;0.0000;0.0000
125;282.13;784.7500;875.3500;836.8500;52.1000;57.5055;0.2403;0.0000;-784.7500;0.0000;6.8165;0.0000;-784.7500;0.0000;6.8165;1.0000;0.0000;0.0000;0.0000;0.0000
126;282.53;772.8000;887.2000;819.6500;46.8500;40.9528;0.3877;0.0000;-772.8000;0.0000;6.8165;0.0000;-772.8000;0.0000;6.8165;1.0000;0.0000;0.0000;0.0000;0.0000
127;282.92;774.4000;875.1500;810.6500;36.2500;35.9801;0.4439;0.0000;-774.4000;0.0000;6.8165;0.0000;-774.4000;0.0000;6.8165;1.0000;0.0000;0.0000;0.0000;0.0000
128;283.32;778.2500;871.2500;817.8500;39.6000;42.5806;0.3708;0.0000;-778.2500;0.0000;6.8165;0.0000;-778.2500;0.0000;6.8165;1.0000;0.0000;0.0000;0.0000;0.0000
129;283.71;778.0000;877.2500;818.7500;40.7500;41.0579;0.3866;0.0000;-778.0000;0.0000;6.8165;0.0000;-778.0000;0.0000;6.8165;1.0000;0.0000;0.0000;0.0000;0.0000
130;284.11;781.8000;882.7500;816.7000;34.9000;34.5716;0.4613;0.0000;-781.8000;0.0000;6.8165;0.0000;-781.8000;0.0000;6.8165;1.0000;0.0000;0.0000;0.0000;0.0000
131;284.50;790.0500;890.1500;821.4000;31.3500;31.3187;0.5042;0.0000;-790.0500;0.0000;6.8165;0.0000;-790.0500;0.0000;6.8165;1.0000;0.0000;0.0000;0.0000;0.0000
132;284.90;796.6000;894.3000;821.6000;25.0000;25.5885;0.5920;0.0000;-796.6000;0.0000;6.8165;0.0000;-796.6000;0.0000;6.8165;1.0000;0.0000;0.0000;0.0000;0.0000
133;285.30;790.3500;883.8500;814.3000;23.9500;25.6150;0.5915;0.0000;-790.3500;0.0000;6.8165;0.0000;-790.3500;0.0000;6.8165;1.0000;0.0000;0.0000;0.0000;0.0000
134;285.69;791.9000;898.4500;812.7500;20.8500;19.5683;0.7084;0.0000;-791.9000;0.0000;6.8165;0.0000;-791.9000;0.0000;6.8165;1.0000;0.0000;0.0000;0.0000;0.0000
135;286.09;800.2000;892.0000;809.9500;9.7500;10.6209;0.9738;0.0000;-800.2000;0.0000;6.8165;0.0000;-800.2000;0.0000;6.8165;1.0000;0.0000;0.0000;0.0000;0.0000
136;286.48;786.6500;899.7000;824.6500;38.0000;33.6134;0.4735;0.0000;-786.6500;0.0000;6.8165;0.0000;-786.6500;0.0000;6.8165;1.0000;0.0000;0.0000;0.0000;0.0000
137;286.88;777.5000;884.2500;814.7500;37.2500;34.8946;0.4572;0.0000;-777.5000;0.0000;6.8165;0.0000;-777.5000;0.0000;6.8165;1.0000;0.0000;0.0000;0.0000;0.0000
138;287.27;795.0000;886.9500;808.7000;13.7000;14.8994;0.8268;0.0000;-795.0000;0.0000;6.8165;0.0000;-795.0000;0.0000;6.8165;1.0000;0.0000;0.0000;0.0000;0.0000
139;287.67;780.4000;884.9000;798.7500;18.3500;17.5598;0.7555;0.0000;-780.4000;0.0000;6.8165;0.0000;-780.4000;0.0000;6.8165;1.0000;0.0000;0.0000;0.0000;0.0000
140;288.06;788.2500;901.6500;823.7000;35.4500;31.2610;0.5050;0.0000;-788.2500;0.0000;6.8165;0.0000;-788.2500;0.0000;6.8165;1.0000;0.0000;0.0000;0.0000;0.0000
141;288.46;786.3500;890.7500;823.7500;37.4000;35.8238;0.4458;0.0000;-786.3500;0.0000;6.8165;0.0000;-786.3500;0.0000;6.8165;1.0000;0.0000;0.0000;0.0000;0.0000
142;288.85;785.4500;905.6000;820.4000;34.9500;29.0886;0.5363;0.0000;-785.4500;0.0000;6.8165;0.0000;-785.4500;0.0000;6.8165;1.0000;0.0000;0.0000;0.0000;0.0000
143;289.24;778.0000;906.0000;825.3000;47.3000;36.9531;0.4323;0.0000;-778.0000;0.0000;6.8165;0.0000;-778.0000;0.0000;6.8165;1.0000;0.0000;0.0000;0.0000;0.0000
144;289.64;794.9000;914.7000;822.2000;27.3000;22.7880;0.6423;0.0000;-794.9000;0.0000;6.8165;0.0000;-794.9000;0.0000;6.8165;1.0000;0.0000;0.0000;0.0000;0.0000
145;290.03;806.0500;907.3500;827.6000;21.5500;21.2734;0.6722;0.0000;-806.0500;0.0000;6.8165;0.0000;-806.0500;0.0000;6.8165;1.0000;0.0000;0.0000;0.0000;0.0000
146;290.43;800.2000;914.0000;819.9000;19.7000;17.3111;0.7617;0.0000;-800.2000;0.0000;6.8165;0.0000;-800.2000;0.0000;6.8165;1.0000;0.0000;0.0000;0.0000;0.0000
147;290.82;789.7500;917.3000;828.2000;38.4500;30.1450;0.5208;0.0000;-789.7500;0.0000;6.8165;0.0000;-789.7500;0.0000;6.8165;1.0000;0.0000;0.0000;0.0000;0.0000
148;291.21;782.7000;924.7500;825.9500;43.2500;30.4470;0.5165;0.0000;-782.7000;0.0000;6.8165;0.0000;-782.7000;0.0000;6.8165;1.0000;0.0000;0.0000;0.0000;0.0000
149;291.61;775.9500;917.7500;817.5500;41.6000;29.3371;0.5326;0.0000;-775.9500;0.0000;6.8165;0.0000;-775.9500;0.0000;6.8165;1.0000;0.0000;0.0000;0.0000;0.0000
150;292.00;781.3000;902.2000;831.9000;50.6000;41.8528;0.3783;0.0000;-781.3000;0.0000;6.8165;0.0000;-781.3000;0.0000;6.8165;1.0000;0.0000;0.0000;0.0000;0.0000
151;292.40;793.9000;917.7000;808.1500;14.2500;11.5105;0.9389;0.0000;-793.9000;0.0000;6.8165;0.0000;-793.9000;0.0000;6.8165;1.0000;0.0000;0.0000;0.0000;0.0000
152;292.79;796.0500;914.2500;825.0500;29.0000;24.5347;0.6102;0.0000;-796.0500;0.0000;6.8165;0.0000;-796.0500;0.0000;6.8165;1.0000;0.0000;0.0000;0.0000;0.0000
153;293.18;787.8500;903.8000;820.1000;32.2500;27.8137;0.5557;0.0000;-787.8500;0.0000;6.8165;0.0000;-787.8500;0.0000;6.8165;1.0000;0.0000;0.0000;0.0000;0.0000
154;293.58;791.2000;920.7500;815.5500;24.3500;18.7958;0.7259;0.0000;-791.2000;0.0000;6.8165;0.0000;-791.2000;0.0000;6.8165;1.0000;0.0000;0.0000;0.0000;0.0000
155;293.97;793.1500;907.1500;827.5500;34.4000;30.1754;0.5203;0.0000;-793.1500;0.0000;6.8165;0.0000;-793.1500;0.0000;6.8165;1.0000;0.0000;0.0000;0.0000;0.0000
156;294.36;782.6500;898.8000;821.7000;39.0500;33.6203;0.4734;0.0000;-782.6500;0.0000;6.8165;0.0000;-782.6500;0.0000;6.8165;1.0000;0.0000;0.0000;0.0000;0.0000
157;294.76;779.3000;914.8500;820.0000;40.7000;30.0258;0.5225;0.0000;-779.3000;0.0000;6.8165;0.0000;-779.3000;0.0000;6.8165;1.0000;0.0000;0.0000;0.0000;0.0000
158;295.15;779.1000;907.9000;827.7500;48.6500;37.7717;0.4228;0.0000;-779.1000;0.0000;6.8165;0.0000;-779.1000;0.0000;6.8165;1.0000;0.0000;0.0000;0.0000;0.0000
159;295.54;787.5500;906.3500;835.9000;48.3500;40.6987;0.3904;0.0000;-787.5500;0.0000;6.8165;0.0000;-787.5500;0.0000;6.8165;1.0000;0.0000;0.0000;0.0000;0.0000
160;295.94;769.0000;914.3000;819.7500;50.7500;34.9277;0.4568;0.0000;-769.0000;0.0000;6.8165;0.0000;-769.0000;0.0000;6.8165;1.0000;0.0000;0.0000;0.0000;0.0000
161;296.33;773.8000;915.5500;812.3000;38.5000;27.1605;0.5661;0.0000;-773.8000;0.0000;6.8165;0.0000;-773.8000;0.0000;6.8165;1.0000;0.0000;0.0000;0.0000;0.0000
162;296.72;786.3500;936.2000;830.6500;44.3000;29.5629;0.5293;0.0000;-786.3500;0.0000;6.8165;0.0000;-786.3500;0.0000;6.8165;1.0000;0.0000;0.0000;0.0000;0.0000
163;297.11;765.1500;926.0500;823.4000;58.2500;36.2026;0.4413;0.0000;-765.1500;0.0000;6.8165;0.0000;-765.1500;0.0000;6.8165;1.0000;0.0000;0.0000;0.0000;0.0000
164;297.51;771.1500;907.5000;835.5500;64.4000;47.2314;0.3258;0.0000;-771.1500;0.0000;6.8165;0.0000;-771.1500;0.0000;6.8165;1.0000;0.0000;0.0000;0.0000;0.0000
165;297.90;778.6500;922.6000;827.2000;48.5500;33.7270;0.4720;0.0000;-778.6500;0.0000;6.8165;0.0000;-778.6500;0.0000;6.8165;1.0000;0.0000;0.0000;0.0000;0.0000
166;298.29;772.3500;907.2500;828.0000;55.6500;41.2528;0.3845;0.0000;-772.3500;0.0000;6.8165;0.0000;-772.3500;0.0000;6.8165;1.0000;0.0000;0.0000;0.0000;0.0000
167;298.68;784.3500;918.5500;819.7500;35.4000;26.3785;0.5787;0.0000;-784.3500;0.0000;6.8165;0.0000;-784.3500;0.0000;6.8165;1.0000;0.0000;0.0000;0.0000;0.0000
168;299.08;781.3000;928.0500;837.7000;56.4000;38.4327;0.4153;0.0000;-781.3000;0.0000;6.8165;0.0000;-781.3000;0.0000;6.8165;1.0000;0.0000;0.0000;0.0000;0.0000
169;299.47;785.7500;931.0000;823.9000;38.1500;26.2651;0.5806;0.0000;-785.7500;0.0000;6.8165;0.0000;-785.7500;0.0000;6.8165;1.0000;0.0000;0.0000;0.0000;0.0000
170;299.86;791.3000;921.0000;822.2500;30.9500;23.8628;0.6223;0.0000;-791.3000;0.0000;6.8165;0.0000;-791.3000;0.0000;6.8165;1.0000;0.0000;0.0000;0.0000;0.0000
171;300.25;785.5000;907.7500;830.7000;45.2000;36.9734;0.4321;0.0000;-785.5000;0.0000;6.8165;0.0000;-785.5000;0.0000;6.8165;1.0000;0.0000;0.0000;0.0000;0.0000
172;300.64;776.8500;926.8500;826.4000;49.5500;33.0333;0.4810;0.0000;-776.8500;0.0000;6.8165;0.0000;-776.8500;0.0000;6.8165;1.0000;0.0000;0.0000;0.0000;0.0000
173;301.04;790.0500;923.9000;811.9500;21.9000;16.3616;0.7862;0.0000;-790.0500;0.0000;6.8165;0.0000;-790.0500;0.0000;6.8165;1.0000;0.0000;0.0000;0.0000;0.0000
174;301.43;785.1000;913.8000;822.5000;37.4000;29.0598;0.5367;0.0000;-785.1000;0.0000;6.8165;0.0000;-785.1000;0.0000;6.8165;1.0000;0.0000;0.0000;0.0000;0.0000
175;301.82;782.4500;918.3500;835.6000;53.1500;39.1096;0.4077;0.0000;-782.4500;0.0000;6.8165;0.0000;-782.4500;0.0000;6.8165;1.0000;0.0000;0.0000;0.0000;0.0000
176;302.21;785.7000;912.1500;832.2000;46.5000;36.7734;0.4345;0.0000;-785.7000;0.0000;6.8165;0.0000;-785.7000;0.0000;6.8165;1.0000;0.0000;0.0000;0.0000;0.0000
177;302.60;776.0500;923.6000;833.9000;57.8500;39.2070;0.4066;0.0000;-776.0500;0.0000;6.8165;0.0000;-776.0500;0.0000;6.8165;1.0000;0.0000;0.0000;0.0000;0.0000
178;302.99;776.6000;925.0000;832.3000;55.7000;37.5337;0.4256;0.0000;-776.6000;0.0000;6.8165;0.0000;-776.6000;0.0000;6.8165;1.0000;0.0000;0.0000;0.0000;0.0000
179;303.38;784.1500;917.2000;834.6000;50.4500;37.9181;0.4212;0.0000;-784.1500;0.0000;6.8165;0.0000;-784.1500;0.0000;6.8165;1.0000;0.0000;0.0000;0.0000;0.0000
180;303.78;788.6500;922.7000;835.0500;46.4000;34.6140;0.4607;0.0000;-788.6500;0.0000;6.8165;0.0000;-788.6500;0.0000;6.8165;1.0000;0.0000;0.0000;0.0000;0.0000
181;304.17;793.2000;928.0500;828.5000;35.3000;26.1772;0.5821;0.0000;-793.2000;0.0000;6.8165;0.0000;-793.2000;0.0000;6.8165;1.0000;0.0000;0.0000;0.0000;0.0000
182;304.56;781.7000;924.1000;848.2000;66.5000;46.6994;0.3307;0.0000;-781.7000;0.0000;6.8165;0.0000;-781.7000;0.0000;6.8165;1.0000;0.0000;0.0000;0.0000;0.0000
183;304.95;785.6500;940.9000;835.3500;49.7000;32.0129;0.4947;0.0000;-785.6500;0.0000;6.8165;0.0000;-785.6500;0.0000;6.8165;1.0000;0.0000;0.0000;0.0000;0.0000
184;305.34;781.1000;920.3000;836.2000;55.1000;39.5833;0.4025;0.0000;-781.1000;0.0000;6.8165;0.0000;-781.1000;0.0000;6.8165;1.0000;0.0000;0.0000;0.0000;0.0000
185;305.73;792.5500;917.9000;832.4000;39.8500;31.7910;0.4977;0.0000;-792.5500;0.0000;6.8165;0.0000;-792.5500;0.0000;6.8165;1.0000;0.0000;0.0000;0.0000;0.0000
186;306.12;779.8000;917.7000;822.9000;43.1000;31.2545;0.5051;0.0000;-779.8000;0.0000;6.8165;0.0000;-779.8000;0.0000;6.8165;1.0000;0.0000;0.0000;0.0000;0.0000
187;306.51;790.4500;929.2000;833.6500;43.2000;31.1351;0.5067;0.0000;-790.4500;0.0000;6.8165;0.0000;-790.4500;0.0000;6.8165;1.0000;0.0000;0.0000;0.0000;0.0000
188;306.90;792.1000;908.9000;833.7000;41.6000;35.6164;0.4483;0.0000;-792.1000;0.0000;6.8165;0.0000;-792.1000;0.0000;6.8165;1.0000;0.0000;0.0000;0.0000;0.0000
189;307.29;773.6000;923.4000;838.3000;64.7000;43.1909;0.3646;0.0000;-773.6000;0.0000;6.8165;0.0000;-773.6000;0.0000;6.8165;1.0000;0.0000;0.0000;0.0000;0.0000
190;307.68;772.4000;915.9000;833.2500;60.8500;42.4042;0.3726;0.0000;-772.4000;0.0000;6.8165;0.0000;-772.4000;0.0000;6.8165;1.0000;0.0000;0.0000;0.0000;0.0000
191;308.07;791.5000;931.1000;838.5000;47.0000;33.6676;0.4728;0.0000;-791.5000;0.0000;6.8165;0.0000;-791.5000;0.0000;6.8165;1.0000;0.0000;0.0000;0.0000;0.0000
192;308.46;792.0000;914.2000;841.7500;49.7500;40.7119;0.3903;0.0000;-792.0000;0.0000;6.8165;0.0000;-792.0000;0.0000;6.8165;1.0000;0.0000;0.0000;0.0000;0.0000
193;308.85;780.9000;929.9500;824.8000;43.9000;29.4532;0.5309;0.0000;-780.9000;0.0000;6.8165;0.0000;-780.9000;0.0000;6.8165;1.0000;0.0000;0.0000;0.0000;0.0000
194;309.24;773.1000;929.5500;827.7000;54.6000;34.8993;0.4572;0.0000;-773.1000;0.0000;6.8165;0.0000;-773.1000;0.0000;6.8165;1.0000;0.0000;0.0000;0.0000;0.0000
195;309.63;783.2000;932.2000;834.5000;51.3000;34.4295;0.4631;0.0000;-783.2000;0.0000;6.8165;0.0000;-783.2000;0.0000;6.8165;1.0000;0.0000;0.0000;0.0000;0.0000
196;310.02;782.9000;946.0000;840.1500;57.2500;35.1012;0.4547;0.0000;-782.9000;0.0000;6.8165;0.0000;-782.9000;0.0000;6.8165;1.0000;0.0000;0.0000;0.0000;0.0000
197;310.41;795.0500;943.2500;833.2500;38.2000;25.7760;0.5888;0.0000;-795.0500;0.0000;6.8165;0.0000;-795.0500;0.0000;6.8165;1.0000;0.0000;0.0000;0.0000;0.0000
198;310.80;772.4000;937.2000;831.5500;59.1500;35.8920;0.4450;0.0000;-772.4000;0.0000;6.8165;0.0000;-772.4000;0.0000;6.8165;1.0000;0.0000;0.0000;0.0000;0.0000
199;311.19;776.0500;927.2500;844.8000;68.7500;45.4696;0.3423;0.0000;-776.0500;0.0000;6.8165;0.0000;-776.0500;0.0000;6.8165;1.0000;0.0000;0.0000;0.0000;0.0000
200;311.58;780.1000;937.4000;838.7000;58.6000;37.2537;0.4288;0.0000;-780.1000;0.0000;6.8165;0.0000;-780.1000;0.0000;6.8165;1.0000;0.0000;0.0000;0.0000;0.0000
201;311.97;784.4000;919.5500;846.9000;62.5000;46.2449;0.3349;0.0000;-784.4000;0.0000;6.8165;0.0000;-784.4000;0.0000;6.8165;1.0000;0.0000;0.0000;0.0000;0.0000
202;312.36;777.3500;941.6000;838.9000;61.5500;37.4734;0.4263;0.0000;-777.3500;0.0000;6.8165;0.0000;-777.3500;0.0000;6.8165;1.0000;0.0000;0.0000;0.0000;0.0000
203;312.75;790.6500;924.4500;832.7500;42.1000;31.4649;0.5022;0.0000;-790.6500;0.0000;6.8165;0.0000;-790.6500;0.0000;6.8165;1.0000;0.0000;0.0000;0.0000;0.0000
204;313.14;789.0500;919.4000;839.7500;50.7000;38.8953;0.4101;0.0000;-789.0500;0.0000;6.8165;0.0000;-789.0500;0.0000;6.8165;1.0000;0.0000;0.0000;0.0000;0.0000
205;313.53;790.8500;928.1500;845.7000;54.8500;39.9490;0.3985;0.0000;-790.8500;0.0000;6.8165;0.0000;-790.8500;0.0000;6.8165;1.0000;0.0000;0.0000;0.0000;0.0000
206;313.91;793.8500;925.5500;848.0000;54.1500;41.1162;0.3860;0.0000;-793.8500;0.0000;6.8165;0.0000;-793.8500;0.0000;6.8165;1.0000;0.0000;0.0000;0.0000;0.0000
207;314.30;783.4500;935.9500;844.7500;61.3000;40.1967;0.3958;0.0000;-783.4500;0.0000;6.8165;0.0000;-783.4500;0.0000;6.8165;1.0000;0.0000;0.0000;0.0000;0.0000
208;314.69;776.7500;932.5000;849.1500;72.4000;46.4848;0.3327;0.0000;-776.7500;0.0000;6.8165;0.0000;-776.7500;0.0000;6.8165;1.0000;0.0000;0.0000;0.0000;0.0000
209;315.08;775.1000;937.5000;843.6500;68.5500;42.2106;0.3746;0.0000;-775.1000;0.0000;6.8165;0.0000;-775.1000;0.0000;6.8165;1.0000;0.0000;0.0000;0.0000;0.0000
210;315.47;778.8000;934.4500;824.0000;45.2000;29.0395;0.5370;0.0000;-778.8000;0.0000;6.8165;0.0000;-778.8000;0.0000;6.8165;1.0000;0.0000;0.0000;0.0000;0.0000
211;315.86;783.6500;933.3500;839.2500;55.6000;37.1409;0.4301;0.0000;-783.6500;0.0000;6.8165;0.0000;-783.6500;0.0000;6.8165;1.0000;0.0000;0.0000;0.0000;0.0000
212;316.25;765.9500;933.8000;855.9000;89.9500;53.5895;0.2709;0.0000;-765.9500;0.0000;6.8165;0.0000;-765.9500;0.0000;6.8165;1.0000;0.0000;0.0000;0.0000;0.0000
213;316.63;787.8500;927.0500;839.3000;51.4500;36.9612;0.4323;0.0000;-787.8500;0.0000;6.8165;0.0000;-787.8500;0.0000;6.8165;1.0000;0.0000;0.0000;0.0000;0.0000
214;317.02;788.9000;940.6500;836.7500;47.8500;31.5321;0.5012;0.0000;-788.9000;0.0000;6.8165;0.0000;-788.9000;0.0000;6.8165;1.0000;0.0000;0.0000;0.0000;0.0000
215;317.41;788.5500;929.3000;846.0500;57.5000;40.8526;0.3888;0.0000;-788.5500;0.0000;6.8165;0.0000;-788.5500;0.0000;6.8165;1.0000;0.0000;0.0000;0.0000;0.0000
216;317.80;790.2000;925.3500;838.5500;48.3500;35.7751;0.4464;0.0000;-790.2000;0.0000;6.8165;0.0000;-790.2000;0.0000;6.8165;1.0000;0.0000;0.0000;0.0000;0.0000
217;318.19;768.6000;935.1000;852.0500;83.4500;50.1201;0.3000;0.0000;-768.6000;0.0000;6.8165;0.0000;-768.6000;0.0000;6.8165;1.0000;0.0000;0.0000;0.0000;0.0000
218;318.57;791.0000;924.0500;830.8500;39.8500;29.9511;0.5236;0.0000;-791.0000;0.0000;6.8165;0.0000;-791.0000;0.0000;6.8165;1.0000;0.0000;0.0000;0.0000;0.0000
219;318.96;786.1500;948.4500;849.4000;63.2500;38.9710;0.4093;0.0000;-786.1500;0.0000;6.8165;0.0000;-786.1500;0.0000;6.8165;1.0000;0.0000;0.0000;0.0000;0.0000
220;319.35;784.2500;957.4500;842.5500;58.3000;33.6605;0.4729;0.0000;-784.2500;0.0000;6.8165;0.0000;-784.2500;0.0000;6.8165;1.0000;0.0000;0.0000;0.0000;0.0000
221;319.74;780.7000;945.3500;838.1500;57.4500;34.8922;0.4573;0.0000;-780.7000;0.0000;6.8165;0.0000;-780.7000;0.0000;6.8165;1.0000;0.0000;0.0000;0.0000;0.0000
222;320.12;778.9000;943.8500;844.8500;65.9500;39.9818;0.3981;0.0000;-778.9000;0.0000;6.8165;0.0000;-778.9000;0.0000;6.8165;1.0000;0.0000;0.0000;0.0000;0.0000
223;320.51;782.7500;935.8000;840.1000;57.3500;37.4714;0.4263;0.0000;-782.7500;0.0000;6.8165;0.0000;-782.7500;0.0000;6.8165;1.0000;0.0000;0.0000;0.0000;0.0000
224;320.90;792.2500;932.3000;838.1500;45.9000;32.7740;0.4845;0.0000;-792.2500;0.0000;6.8165;0.0000;-792.2500;0.0000;6.8165;1.0000;0.0000;0.0000;0.0000;0.0000
225;321.28;772.5500;942.3000;828.6000;56.0500;33.0191;0.4812;0.0000;-772.5500;0.0000;6.8165;0.0000;-772.5500;0.0000;6.8165;1.0000;0.0000;0.0000;0.0000;0.0000
226;321.67;784.8500;948.6000;834.8000;49.9500;30.5038;0.5156;0.0000;-784.8500;0.0000;6.8165;0.0000;-784.8500;0.0000;6.8165;1.0000;0.0000;0.0000;0.0000;0.0000
227;322.06;780.6000;935.1500;850.5500;69.9500;45.2604;0.3443;0.0000;-780.6000;0.0000;6.8165;0.0000;-780.6000;0.0000;6.8165;1.0000;0.0000;0.0000;0.0000;0.0000
228;322.45;782.6000;936.0000;844.9500;62.3500;40.6454;0.3910;0.0000;-782.6000;0.0000;6.8165;0.0000;-782.6000;0.0000;6.8165;1.0000;0.0000;0.0000;0.0000;0.0000
229;322.83;786.7000;948.5000;831.7000;45.0000;27.8121;0.5558;0.0000;-786.7000;0.0000;6.8165;0.0000;-786.7000;0.0000;6.8165;1.0000;0.0000;0.0000;0.0000;0.0000
230;323.22;785.1000;941.9500;851.0000;65.9000;42.0147;0.3766;0.0000;-785.1000;0.0000;6.8165;0.0000;-785.1000;0.0000;6.8165;1.0000;0.0000;0.0000;0.0000;0.0000
231;323.61;795.1500;953.6500;833.6500;38.5000;24.2902;0.6146;0.0000;-795.1500;0.0000;6.8165;0.0000;-795.1500;0.0000;6.8165;1.0000;0.0000;0.0000;0.0000;0.0000
232;323.99;792.9000;954.6500;848.0000;55.1000;34.0649;0.4677;0.0000;-792.9000;0.0000;6.8165;0.0000;-792.9000;0.0000;6.8165;1.0000;0.0000;0.0000;0.0000;0.0000
233;324.38;798.0500;944.7500;852.8000;54.7500;37.3211;0.4280;0.0000;-798.0500;0.0000;6.8165;0.0000;-798.0500;0.0000;6.8165;1.0000;0.0000;0.0000;0.0000;0.0000
234;324.77;791.2000;960.9500;847.3500;56.1500;33.0781;0.4805;0.0000;-791.2000;0.0000;6.8165;0.0000;-791.2000;0.0000;6.8165;1.0000;0.0000;0.0000;0.0000;0.0000
235;325.15;782.6000;945.0000;857.5000;74.9000;46.1207;0.3361;0.0000;-782.6000;0.0000;6.8165;0.0000;-782.6000;0.0000;6.8165;1.0000;0.0000;0.0000;0.0000;0.0000
236;325.54;785.8000;939.8500;845.7000;59.9000;38.8835;0.4102;0.0000;-785.8000;0.0000;6.8165;0.0000;-785.8000;0.0000;6.8165;1.0000;0.0000;0.0000;0.0000;0.0000
237;325.92;785.8500;940.8500;847.1000;61.2500;39.5161;0.4032;0.0000;-785.8500;0.0000;6.8165;0.0000;-785.8500;0.0000;6.8165;1.0000;0.0000;0.0000;0.0000;0.0000
238;326.31;798.1500;946.3500;840.4500;42.3000;28.5425;0.5445;0.0000;-798.1500;0.0000;6.8165;0.0000;-798.1500;0.0000;6.8165;1.0000;0.0000;0.0000;0.0000;0.0000
239;326.70;805.9000;935.1500;839.5000;33.6000;25.9961;0.5851;0.0000;-805.9000;0.0000;6.8165;0.0000;-805.9000;0.0000;6.8165;1.0000;0.0000;0.0000;0.0000;0.0000
240;327.08;788.0000;960.9000;840.7500;52.7500;30.5090;0.5156;0.0000;-788.0000;0.0000;6.8165;0.0000;-788.0000;0.0000;6.8165;1.0000;0.0000;0.0000;0.0000;0.0000
241;327.47;801.1000;948.0000;848.1000;47.0000;31.9946;0.4949;0.0000;-801.1000;0.0000;6.8165;0.0000;-801.1000;0.0000;6.8165;1.0000;0.0000;0.0000;0.0000;0.0000
242;327.85;790.7500;953.9000;856.6000;65.8500;40.3616;0.3940;0.0000;-790.7500;0.0000;6.8165;0.0000;-790.7500;0.0000;6.8165;1.0000;0.0000;0.0000;0.0000;0.0000
243;328.24;765.2500;945.3500;836.1500;70.9000;39.3670;0.4049;0.0000;-765.2500;0.0000;6.8165;0.0000;-765.2500;0.0000;6.8165;1.0000;0.0000;0.0000;0.0000;0.0000
244;328.62;779.0000;968.3500;851.6000;72.6000;38.3417;0.4163;0.0000;-779.0000;0.0000;6.8165;0.0000;-779.0000;0.0000;6.8165;1.0000;0.0000;0.0000;0.0000;0.0000
245;329.01;782.4500;946.6500;842.3000;59.8500;36.4495;0.4383;0.0000;-782.4500;0.0000;6.8165;0.0000;-782.4500;0.0000;6.8165;1.0000;0.0000;0.0000;0.0000;0.0000
246;329.39;804.7500;944.2000;851.9500;47.2000;33.8473;0.4705;0.0000;-804.7500;0.0000;6.8165;0.0000;-804.7500;0.0000;6.8165;1.0000;0.0000;0.0000;0.0000;0.0000
247;329.78;783.9500;960.9500;844.4500;60.5000;34.1808;0.4662;0.0000;-783.9500;0.0000;6.8165;0.0000;-783.9500;0.0000;6.8165;1.0000;0.0000;0.0000;0.0000;0.0000
248;330.16;774.2000;958.2500;834.2000;60.0000;32.5998;0.4868;0.0000;-774.2000;0.0000;6.8165;0.0000;-774.2000;0.0000;6.8165;1.0000;0.0000;0.0000;0.0000;0.0000
249;330.55;799.1000;963.1000;835.7000;36.6000;22.3171;0.6514;0.0000;-799.1000;0.0000;6.8165;0.0000;-799.1000;0.0000;6.8165;1.0000;0.0000;0.0000;0.0000;0.0000
250;330.93;777.4000;960.8500;852.5500;75.1500;40.9648;0.3876;0.0000;-777.4000;0.0000;6.8165;0.0000;-777.4000;0.0000;6.8165;1.0000;0.0000;0.0000;0.0000;0.0000
251;331.32;768.6500;962.6000;845.7500;77.1000;39.7525;0.4006;0.0000;-768.6500;0.0000;6.8165;0.0000;-768.6500;0.0000;6.8165;1.0000;0.0000;0.0000;0.0000;0.0000
252;331.70;794.2000;947.9000;859.4000;65.2000;42.4203;0.3724;0.0000;-794.2000;0.0000;6.8165;0.0000;-794.2000;0.0000;6.8165;1.0000;0.0000;0.0000;0.0000;0.0000
253;332.09;791.6000;948.5500;850.4000;58.8000;37.4642;0.4264;0.0000;-791.6000;0.0000;6.8165;0.0000;-791.6000;0.0000;6.8165;1.0000;0.0000;0.0000;0.0000;0.0000
254;332.47;785.4500;951.4000;837.1500;51.7000;31.1540;0.5065;0.0000;-785.4500;0.0000;6.8165;0.0000;-785.4500;0.0000;6.8165;1.0000;0.0000;0.0000;0.0000;0.0000
255;332.86;787.7000;967.3000;843.7000;56.0000;31.1804;0.5061;0.0000;-787.7000;0.0000;6.8165;0.0000;-787.7000;0.0000;6.8165;1.0000;0.0000;0.0000;0.0000;0.0000
256;333.24;772.5500;947.7000;868.8500;96.3000;54.9814;0.2598;0.0000;-772.5500;0.0000;6.8165;0.0000;-772.5500;0.0000;6.8165;1.0000;0.0000;0.0000;0.0000;0.0000
257;333.63;786.5000;956.7500;835.4000;48.9000;28.7225;0.5418;0.0000;-786.5000;0.0000;6.8165;0.0000;-786.5000;0.0000;6.8165;1.0000;0.0000;0.0000;0.0000;0.0000
258;334.01;784.8500;955.1500;853.5500;68.7000;40.3406;0.3943;0.0000;-784.8500;0.0000;6.8165;0.0000;-784.8500;0.0000;6.8165;1.0000;0.0000;0.0000;0.0000;0.0000
259;334.39;792.8500;948.5000;848.1000;55.2500;35.4963;0.4498;0.0000;-792.8500;0.0000;6.8165;0.0000;-792.8500;0.0000;6.8165;1.0000;0.0000;0.0000;0.0000;0.0000
260;334.78;794.3500;968.1500;842.2000;47.8500;27.5316;0.5602;0.0000;-794.3500;0.0000;6.8165;0.0000;-794.3500;0.0000;6.8165;1.0000;0.0000;0.0000;0.0000;0.0000
261;335.16;770.9500;947.3000;841.6500;70.7000;40.0907;0.3970;0.0000;-770.9500;0.0000;6.8165;0.0000;-770.9500;0.0000;6.8165;1.0000;0.0000;0.0000;0.0000;0.0000
262;335.55;787.4000;956.8000;845.7500;58.3500;34.4451;0.4629;0.0000;-787.4000;0.0000;6.8165;0.0000;-787.4000;0.0000;6.8165;1.0000;0.0000;0.0000;0.0000;0.0000
263;335.93;770.2500;949.9000;854.2500;84.0000;46.7576;0.3301;0.0000;-770.2500;0.0000;6.8165;0.0000;-770.2500;0.0000;6.8165;1.0000;0.0000;0.0000;0.0000;0.0000
264;336.31;788.1500;952.7000;839.3000;51.1500;31.0848;0.5075;0.0000;-788.1500;0.0000;6.8165;0.0000;-788.1500;0.0000;6.8165;1.0000;0.0000;0.0000;0.0000;0.0000
265;336.70;791.2500;965.6000;838.6500;47.4000;27.1867;0.5656;0.0000;-791.2500;0.0000;6.8165;0.0000;-791.2500;0.0000;6.8165;1.0000;0.0000;0.0000;0.0000;0.0000
266;337.08;785.1500;963.6000;842.7000;57.5500;32.2499;0.4915;0.0000;-785.1500;0.0000;6.8165;0.0000;-785.1500;0.0000;6.8165;1.0000;0.0000;0.0000;0.0000;0.0000
267;337.46;773.8500;958.1500;853.9000;80.0500;43.4346;0.3622;0.0000;-773.8500;0.0000;6.8165;0.0000;-773.8500;0.0000;6.8165;1.0000;0.0000;0.0000;0.0000;0.0000
268;337.85;789.4000;966.3000;852.3500;62.9500;35.5851;0.4487;0.0000;-789.4000;0.0000;6.8165;0.0000;-789.4000;0.0000;6.8165;1.0000;0.0000;0.0000;0.0000;0.0000
269;338.23;780.2000;986.2000;848.6500;68.4500;33.2282;0.4785;0.0000;-780.2000;0.0000;6.8165;0.0000;-780.2000;0.0000;6.8165;1.0000;0.0000;0.0000;0.0000;0.0000
270;338.61;773.5500;965.1000;860.9000;87.3500;45.6017;0.3410;0.0000;-773.5500;0.0000;6.8165;0.0000;-773.5500;0.0000;6.8165;1.0000;0.0000;0.0000;0.0000;0.0000
271;339.00;797.6500;949.4500;852.3000;54.6500;36.0013;0.4437;0.0000;-797.6500;0.0000;6.8165;0.0000;-797.6500;0.0000;6.8165;1.0000;0.0000;0.0000;0.0000;0.0000
272;339.38;781.0000;951.9000;847.3500;66.3500;38.8239;0.4109;0.0000;-781.0000;0.0000;6.8165;0.0000;-781.0000;0.0000;6.8165;1.0000;0.0000;0.0000;0.0000;0.0000
273;339.76;770.9000;954.8000;849.8000;78.9000;42.9038;0.3675;0.0000;-770.9000;0.0000;6.8165;0.0000;-770.9000;0.0000;6.8165;1.0000;0.0000;0.0000;0.0000;0.0000
274;340.14;782.1500;939.5500;846.5500;64.4000;40.9149;0.3881;0.0000;-782.1500;0.0000;6.8165;0.0000;-782.1500;0.0000;6.8165;1.0000;0.0000;0.0000;0.0000;0.0000
275;340.53;784.0000;953.7000;845.1000;61.1000;36.0047;0.4436;0.0000;-784.0000;0.0000;6.8165;0.0000;-784.0000;0.0000;6.8165;1.0000;0.0000;0.0000;0.0000;0.0000
276;340.91;775.8500;943.6500;838.8500;63.0000;37.5447;0.4255;0.0000;-775.8500;0.0000;6.8165;0.0000;-775.8500;0.0000;6.8165;1.0000;0.0000;0.0000;0.0000;0.0000
277;341.29;779.0500;961.5500;847.9500;68.9000;37.7534;0.4230;0.0000;-779.0500;0.0000;6.8165;0.0000;-779.0500;0.0000;6.8165;1.0000;0.0000;0.0000;0.0000;0.0000
278;341.67;769.1000;963.9500;839.6500;70.5500;36.2073;0.4412;0.0000;-769.1000;0.0000;6.8165;0.0000;-769.1000;0.0000;6.8165;1.0000;0.0000;0.0000;0.0000;0.0000
279;342.06;788.2000;961.5500;843.6500;55.4500;31.9873;0.4950;0.0000;-788.2000;0.0000;6.8165;0.0000;-788.2000;0.0000;6.8165;1.0000;0.0000;0.0000;0.0000;0.0000
280;342.44;782.5000;969.7500;858.8000;76.3000;40.7477;0.3899;0.0000;-782.5000;0.0000;6.8165;0.0000;-782.5000;0.0000;6.8165;1.0000;0.0000;0.0000;0.0000;0.0000
281;342.82;770.1500;967.7500;855.1000;84.9500;42.9909;0.3666;0.0000;-770.1500;0.0000;6.8165;0.0000;-770.1500;0.0000;6.8165;1.0000;0.0000;0.0000;0.0000;0.0000
282;343.20;789.0500;965.5500;854.6000;65.5500;37.1388;0.4302;0.0000;-789.0500;0.0000;6.8165;0.0000;-789.0500;0.0000;6.8165;1.0000;0.0000;0.0000;0.0000;0.0000
283;343.59;786.4500;974.7000;850.0500;63.6000;33.7849;0.4713;0.0000;-786.4500;0.0000;6.8165;0.0000;-786.4500;0.0000;6.8165;1.0000;0.0000;0.0000;0.0000;0.0000
284;343.97;785.6500;964.4000;843.0000;57.3500;32.0839;0.4937;0.0000;-785.6500;0.0000;6.8165;0.0000;-785.6500;0.0000;6.8165;1.0000;0.0000;0.0000;0.0000;0.0000
285;344.35;789.1500;972.6000;857.6500;68.5000;37.3399;0.4278;0.0000;-789.1500;0.0000;6.8165;0.0000;-789.1500;0.0000;6.8165;1.0000;0.0000;0.0000;0.0000;0.0000
286;344.73;777.3000;960.6500;857.8000;80.5000;43.9051;0.3575;0.0000;-777.3000;0.0000;6.8165;0.0000;-777.3000;0.0000;6.8165;1.0000;0.0000;0.0000;0.0000;0.0000
287;345.11;775.2000;959.5500;854.0000;78.8000;42.7448;0.3691;0.0000;-775.2000;0.0000;6.8165;0.0000;-775.2000;0.0000;6.8165;1.0000;0.0000;0.0000;0.0000;0.0000
288;345.49;781.7000;958.2500;844.4000;62.7000;35.5140;0.4496;0.0000;-781.7000;0.0000;6.8165;0.0000;-781.7000;0.0000;6.8165;1.0000;0.0000;0.0000;0.0000;0.0000
289;345.88;781.2000;970.9000;851.2000;70.0000;36.9004;0.4330;0.0000;-781.2000;0.0000;6.8165;0.0000;-781.2000;0.0000;6.8165;1.0000;0.0000;0.0000;0.0000;0.0000
290;346.26;782.2500;955.0500;866.8000;84.5500;48.9294;0.3104;0.0000;-782.2500;0.0000;6.8165;0.0000;-782.2500;0.0000;6.8165;1.0000;0.0000;0.0000;0.0000;0.0000
291;346.64;790.5500;964.6000;867.9000;77.3500;44.4413;0.3522;0.0000;-790.5500;0.0000;6.8165;0.0000;-790.5500;0.0000;6.8165;1.0000;0.0000;0.0000;0.0000;0.0000
292;347.02;787.7000;964.0500;874.4500;86.7500;49.1919;0.3081;0.0000;-787.7000;0.0000;6.8165;0.0000;-787.7000;0.0000;6.8165;1.0000;0.0000;0.0000;0.0000;0.0000
293;347.40;787.2000;955.2500;863.5500;76.3500;45.4329;0.3426;0.0000;-787.2000;0.0000;6.8165;0.0000;-787.2000;0.0000;6.8165;1.0000;0.0000;0.0000;0.0000;0.0000
294;347.78;782.3000;955.7000;867.0000;84.7000;48.8466;0.3112;0.0000;-782.3000;0.0000;6.8165;0.0000;-782.3000;0.0000;6.8165;1.0000;0.0000;0.0000;0.0000;0.0000
295;348.16;799.2000;960.5000;851.2000;52.0000;32.2381;0.4916;0.0000;-799.2000;0.0000;6.8165;0.0000;-799.2000;0.0000;6.8165;1.0000;0.0000;0.0000;0.0000;0.0000
296;348.54;793.9000;955.5000;863.5500;69.6500;43.1002;0.3655;0.0000;-793.9000;0.0000;6.8165;0.0000;-793.9000;0.0000;6.8165;1.0000;0.0000;0.0000;0.0000;0.0000
297;348.92;784.5500;944.4000;873.5500;89.0000;55.6772;0.2543;0.0000;-784.5500;0.0000;6.8165;0.0000;-784.5500;0.0000;6.8165;1.0000;0.0000;0.0000;0.0000;0.0000
298;349.30;765.5500;969.3000;866.0500;100.5000;49.3252;0.3069;0.0000;-765.5500;0.0000;6.8165;0.0000;-765.5500;0.0000;6.8165;1.0000;0.0000;0.0000;0.0000;0.0000
299;349.68;778.9500;974.0500;860.2000;81.2500;41.6453;0.3804;0.0000;-778.9500;0.0000;6.8165;0.0000;-778.9500;0.0000;6.8165;1.0000;0.0000;0.0000;0.0000;0.0000
300;350.06;777.3500;970.4000;855.7000;78.3500;40.5853;0.3916;0.0000;-777.3500;0.0000;6.8165;0.0000;-777.3500;0.0000;6.8165;1.0000;0.0000;0.0000;0.0000;0.0000
301;350.44;776.3000;967.1000;860.0500;83.7500;43.8941;0.3576;0.0000;-776.3000;0.0000;6.8165;0.0000;-776.3000;0.0000;6.8165;1.0000;0.0000;0.0000;0.0000;0.0000
302;350.82;787.0500;962.7500;854.8500;67.8000;38.5885;0.4135;0.0000;-787.0500;0.0000;6.8165;0.0000;-787.0500;0.0000;6.8165;1.0000;0.0000;0.0000;0.0000;0.0000
303;351.21;770.4500;967.2500;852.7500;82.3000;41.8191;0.3786;0.0000;-770.4500;0.0000;6.8165;0.0000;-770.4500;0.0000;6.8165;1.0000;0.0000;0.0000;0.0000;0.0000
304;351.59;769.6500;973.4500;858.0500;88.4000;43.3759;0.3628;0.0000;-769.6500;0.0000;6.8165;0.0000;-769.6500;0.0000;6.8165;1.0000;0.0000;0.0000;0.0000;0.0000
305;351.97;777.8000;983.2500;854.6000;76.8000;37.3814;0.4273;0.0000;-777.8000;0.0000;6.8165;0.0000;-777.8000;0.0000;6.8165;1.0000;0.0000;0.0000;0.0000;0.0000
306;352.34;780.7500;980.5500;849.8500;69.1000;34.5846;0.4611;0.0000;-780.7500;0.0000;6.8165;0.0000;-780.7500;0.0000;6.8165;1.0000;0.0000;0.0000;0.0000;0.0000
307;352.72;776.3000;976.1500;852.4500;76.1500;38.1036;0.4190;0.0000;-776.3000;0.0000;6.8165;0.0000;-776.3000;0.0000;6.8165;1.0000;0.0000;0.0000;0.0000;0.0000
308;353.10;793.3000;976.1000;864.7500;71.4500;39.0864;0.4080;0.0000;-793.3000;0.0000;6.8165;0.0000;-793.3000;0.0000;6.8165;1.0000;0.0000;0.0000;0.0000;0.0000
309;353.48;788.8500;965.3000;853.6000;64.7500;36.6959;0.4354;0.0000;-788.8500;0.0000;6.8165;0.0000;-788.8500;0.0000;6.8165;1.0000;0.0000;0.0000;0.0000;0.0000
310;353.86;795.1000;966.5000;847.2000;52.1000;30.3967;0.5172;0.0000;-795.1000;0.0000;6.8165;0.0000;-795.1000;0.0000;6.8165;1.0000;0.0000;0.0000;0.0000;0.0000
311;354.24;775.3500;973.0500;850.6000;75.2500;38.0627;0.4195;0.0000;-775.3500;0.0000;6.8165;0.0000;-775.3500;0.0000;6.8165;1.0000;0.0000;0.0000;0.0000;0.0000
312;354.62;791.0500;973.1000;856.8000;65.7500;36.1165;0.4423;0.0000;-791.0500;0.0000;6.8165;0.0000;-791.0500;0.0000;6.8165;1.0000;0.0000;0.0000;0.0000;0.0000
313;355.00;789.8500;986.7000;859.2500;69.4000;35.2553;0.4528;0.0000;-789.8500;0.0000;6.8165;0.0000;-789.8500;0.0000;6.8165;1.0000;0.0000;0.0000;0.0000;0.0000
314;355.38;786.6500;981.5000;850.8000;64.1500;32.9228;0.4825;0.0000;-786.6500;0.0000;6.8165;0.0000;-786.6500;0.0000;6.8165;1.0000;0.0000;0.0000;0.0000;0.0000
315;355.76;790.9500;961.7000;858.8500;67.9000;39.7657;0.4005;0.0000;-790.9500;0.0000;6.8165;0.0000;-790.9500;0.0000;6.8165;1.0000;0.0000;0.0000;0.0000;0.0000
316;356.14;784.3000;994.2000;856.8000;72.5000;34.5403;0.4617;0.0000;-784.3000;0.0000;6.8165;0.0000;-784.3000;0.0000;6.8165;1.0000;0.0000;0.0000;0.0000;0.0000
317;356.52;790.4000;984.5000;841.6500;51.2500;26.4039;0.5783;0.0000;-790.4000;0.0000;6.8165;0.0000;-790.4000;0.0000;6.8165;1.0000;0.0000;0.0000;0.0000;0.0000
318;356.90;772.0500;989.2500;858.4000;86.3500;39.7560;0.4006;0.0000;-772.0500;0.0000;6.8165;0.0000;-772.0500;0.0000;6.8165;1.0000;0.0000;0.0000;0.0000;0.0000
319;357.27;791.1000;984.9000;864.2500;73.1500;37.7451;0.4231;0.0000;-791.1000;0.0000;6.8165;0.0000;-791.1000;0.0000;6.8165;1.0000;0.0000;0.0000;0.0000;0.0000
320;357.65;789.1000;995.3500;858.0000;68.9000;33.4061;0.4762;0.0000;-789.1000;0.0000;6.8165;0.0000;-789.1000;0.0000;6.8165;1.0000;0.0000;0.0000;0.0000;0.0000
321;358.03;775.7500;976.5500;867.5000;91.7500;45.6922;0.3402;0.0000;-775.7500;0.0000;6.8165;0.0000;-775.7500;0.0000;6.8165;1.0000;0.0000;0.0000;0.0000;0.0000
322;358.41;786.4000;980.6000;865.1000;78.7000;40.5252;0.3923;0.0000;-786.4000;0.0000;6.8165;0.0000;-786.4000;0.0000;6.8165;1.0000;0.0000;0.0000;0.0000;0.0000
323;358.79;768.5000;991.4500;854.0000;85.5000;38.3494;0.4162;0.0000;-768.5000;0.0000;6.8165;0.0000;-768.5000;0.0000;6.8165;1.0000;0.0000;0.0000;0.0000;0.0000
324;359.17;771.2500;998.0500;843.9000;72.6500;32.0326;0.4944;0.0000;-771.2500;0.0000;6.8165;0.0000;-771.2500;0.0000;6.8165;1.0000;0.0000;0.0000;0.0000;0.0000
325;359.55;787.9500;986.0500;858.9500;71.0000;35.8405;0.4456;0.0000;-787.9500;0.0000;6.8165;0.0000;-787.9500;0.0000;6.8165;1.0000;0.0000;0.0000;0.0000;0.0000
326;359.92;785.4500;985.1000;866.1000;80.6500;40.3957;0.3937;0.0000;-785.4500;0.0000;6.8165;0.0000;-785.4500;0.0000;6.8165;1.0000;0.0000;0.0000;0.0000;0.0000
327;360.30;773.8000;982.3500;854.9500;81.1500;38.9115;0.4099;0.0000;-773.8000;0.0000;6.8165;0.0000;-773.8000;0.0000;6.8165;1.0000;0.0000;0.0000;0.0000;0.0000
328;360.68;782.1000;971.8000;856.5000;74.4000;39.2198;0.4065;0.0000;-782.1000;0.0000;6.8165;0.0000;-782.1000;0.0000;6.8165;1.0000;0.0000;0.0000;0.0000;0.0000
329;361.06;779.0500;969.6500;844.7500;65.7000;34.4701;0.4626;0.0000;-779.0500;0.0000;6.8165;0.0000;-779.0500;0.0000;6.8165;1.0000;0.0000;0.0000;0.0000;0.0000
330;361.43;788.0000;983.5500;867.1500;79.1500;40.4756;0.3928;0.0000;-788.0000;0.0000;6.8165;0.0000;-788.0000;0.0000;6.8165;1.0000;0.0000;0.0000;0.0000;0.0000
331;361.81;787.3500;980.6500;863.0500;75.7000;39.1619;0.4071;0.0000;-787.3500;0.0000;6.8165;0.0000;-787.3500;0.0000;6.8165;1.0000;0.0000;0.0000;0.0000;0.0000
332;362.19;785.9500;988.3500;847.7500;61.8000;30.5336;0.5152;0.0000;-785.9500;0.0000;6.8165;0.0000;-785.9500;0.0000;6.8165;1.0000;0.0000;0.0000;0.0000;0.0000
333;362.57;779.8000;983.3000;858.2500;78.4500;38.5504;0.4140;0.0000;-779.8000;0.0000;6.8165;0.0000;-779.8000;0.0000;6.8165;1.0000;0.0000;0.0000;0.0000;0.0000
334;362.94;783.9500;1003.0500;844.0500;60.1000;27.4304;0.5618;0.0000;-783.9500;0.0000;6.8165;0.0000;-783.9500;0.0000;6.8165;1.0000;0.0000;0.0000;0.0000;0.0000
335;363.32;764.1000;982.3000;861.4000;97.3000;44.5921;0.3507;0.0000;-764.1000;0.0000;6.8165;0.0000;-764.1000;0.0000;6.8165;1.0000;0.0000;0.0000;0.0000;0.0000
336;363.70;784.7500;995.8000;869.5000;84.7500;40.1564;0.3962;0.0000;-784.7500;0.0000;6.8165;0.0000;-784.7500;0.0000;6.8165;1.0000;0.0000;0.0000;0.0000;0.0000
337;364.08;766.8000;1003.4000;844.0000;77.2000;32.6289;0.4864;0.0000;-766.8000;0.0000;6.8165;0.0000;-766.8000;0.0000;6.8165;1.0000;0.0000;0.0000;0.0000;0.0000
338;364.45;779.7000;982.7500;857.7500;78.0500;38.4388;0.4152;0.0000;-779.7000;0.0000;6.8165;0.0000;-779.7000;0.0000;6.8165;1.0000;0.0000;0.0000;0.0000;0.0000
339;364.83;785.1000;995.0000;857.0500;71.9500;34.2782;0.4650;0.0000;-785.1000;0.0000;6.8165;0.0000;-785.1000;0.0000;6.8165;1.0000;0.0000;0.0000;0.0000;0.0000
340;365.21;779.3000;994.8500;861.2500;81.9500;38.0190;0.4200;0.0000;-779.3000;0.0000;6.8165;0.0000;-779.3000;0.0000;6.8165;1.0000;0.0000;0.0000;0.0000;0.0000
341;365.58;775.6000;994.9500;870.4000;94.8000;43.2186;0.3643;0.0000;-775.6000;0.0000;6.8165;0.0000;-775.6000;0.0000;6.8165;1.0000;0.0000;0.0000;0.0000;0.0000
342;365.96;790.7500;995.3000;852.4000;61.6500;30.1393;0.5209;0.0000;-790.7500;0.0000;6.8165;0.0000;-790.7500;0.0000;6.8165;1.0000;0.0000;0.0000;0.0000;0.0000
343;366.34;790.4000;993.2000;859.8500;69.4500;34.2456;0.4654;0.0000;-790.4000;0.0000;6.8165;0.0000;-790.4000;0.0000;6.8165;1.0000;0.0000;0.0000;0.0000;0.0000
344;366.71;777.7500;1002.2000;852.2000;74.4500;33.1700;0.4793;0.0000;-777.7500;0.0000;6.8165;0.0000;-777.7500;0.0000;6.8165;1.0000;0.0000;0.0000;0.0000;0.0000
345;367.09;793.0500;995.7500;865.0000;71.9500;35.4958;0.4498;0.0000;-793.0500;0.0000;6.8165;0.0000;-793.0500;0.0000;6.8165;1.0000;0.0000;0.0000;0.0000;0.0000
346;367.47;782.0500;997.7000;856.8000;74.7500;34.6626;0.4601;0.0000;-782.0500;0.0000;6.8165;0.0000;-782.0500;0.0000;6.8165;1.0000;0.0000;0.0000;0.0000;0.0000
347;367.84;797.8000;999.4500;851.7000;53.9000;26.7295;0.5730;0.0000;-797.8000;0.0000;6.8165;0.0000;-797.8000;0.0000;6.8165;1.0000;0.0000;0.0000;0.0000;0.0000
348;368.22;790.7000;991.8000;863.3500;72.6500;36.1263;0.4422;0.0000;-790.7000;0.0000;6.8165;0.0000;-790.7000;0.0000;6.8165;1.0000;0.0000;0.0000;0.0000;0.0000
349;368.59;792.4000;1005.2000;858.4500;66.0500;31.0385;0.5081;0.0000;-792.4000;0.0000;6.8165;0.0000;-792.4000;0.0000;6.8165;1.0000;0.0000;0.0000;0.0000;0.0000
350;368.97;785.8000;977.3000;854.5000;68.7000;35.8747;0.4452;0.0000;-785.8000;0.0000;6.8165;0.0000;-785.8000;0.0000;6.8165;1.0000;0.0000;0.0000;0.0000;0.0000
351;369.35;788.1500;1001.7000;861.2500;73.1000;34.2309;0.4656;0.0000;-788.1500;0.0000;6.8165;0.0000;-788.1500;0.0000;6.8165;1.0000;0.0000;0.0000;0.0000;0.0000
352;369.72;788.7000;1011.0000;867.6000;78.9000;35.4926;0.4499;0.0000;-788.7000;0.0000;6.8165;0.0000;-788.7000;0.0000;6.8165;1.0000;0.0000;0.0000;0.0000;0.0000
353;370.10;764.0000;993.8000;853.5500;89.5500;38.9687;0.4093;0.0000;-764.0000;0.0000;6.8165;0.0000;-764.0000;0.0000;6.8165;1.0000;0.0000;0.0000;0.0000;0.0000
354;370.47;779.9000;1002.6500;851.3000;71.4000;32.0539;0.4941;0.0000;-779.9000;0.0000;6.8165;0.0000;-779.9000;0.0000;6.8165;1.0000;0.0000;0.0000;0.0000;0.0000
355;370.85;790.7500;1010.3500;872.7500;82.0000;37.3406;0.4278;0.0000;-790.7500;0.0000;6.8165;0.0000;-790.7500;0.0000;6.8165;1.0000;0.0000;0.0000;0.0000;0.0000
356;371.22;786.5500;1006.8500;858.2000;71.6500;32.5238;0.4878;0.0000;-786.5500;0.0000;6.8165;0.0000;-786.5500;0.0000;6.8165;1.0000;0.0000;0.0000;0.0000;0.0000
357;371.60;786.7500;1002.6000;861.9500;75.2000;34.8390;0.4579;0.0000;-786.7500;0.0000;6.8165;0.0000;-786.7500;0.0000;6.8165;1.0000;0.0000;0.0000;0.0000;0.0000
358;371.97;777.5000;1016.0000;872.5000;95.0000;39.8323;0.3998;0.0000;-777.5000;0.0000;6.8165;0.0000;-777.5000;0.0000;6.8165;1.0000;0.0000;0.0000;0.0000;0.0000
359;372.35;771.2500;993.7500;857.9500;86.7000;38.9663;0.4093;0.0000;-771.2500;0.0000;6.8165;0.0000;-771.2500;0.0000;6.8165;1.0000;0.0000;0.0000;0.0000;0.0000
360;372.72;780.3500;986.9000;866.1500;85.8000;41.5396;0.3815;0.0000;-780.3500;0.0000;6.8165;0.0000;-780.3500;0.0000;6.8165;1.0000;0.0000;0.0000;0.0000;0.0000
361;373.10;784.9500;1010.2500;866.0000;81.0500;35.9743;0.4440;0.0000;-784.9500;0.0000;6.8165;0.0000;-784.9500;0.0000;6.8165;1.0000;0.0000;0.0000;0.0000;0.0000
362;373.47;783.0500;991.9000;860.1000;77.0500;36.8925;0.4331;0.0000;-783.0500;0.0000;6.8165;0.0000;-783.0500;0.0000;6.8165;1.0000;0.0000;0.0000;0.0000;0.0000
363;373.85;801.0000;1008.5500;864.2500;63.2500;30.4746;0.5161;0.0000;-801.0000;0.0000;6.8165;0.0000;-801.0000;0.0000;6.8165;1.0000;0.0000;0.0000;0.0000;0.0000
364;374.22;773.0000;988.0500;863.0500;90.0500;41.8740;0.3781;0.0000;-773.0000;0.0000;6.8165;0.0000;-773.0000;0.0000;6.8165;1.0000;0.0000;0.0000;0.0000;0.0000
365;374.60;788.4500;1010.3500;864.2500;75.8000;34.1595;0.4665;0.0000;-788.4500;0.0000;6.8165;0.0000;-788.4500;0.0000;6.8165;1.0000;0.0000;0.0000;0.0000;0.0000
366;374.97;779.9000;1000.5000;863.9500;84.0500;38.1006;0.4191;0.0000;-779.9000;0.0000;6.8165;0.0000;-779.9000;0.0000;6.8165;1.0000;0.0000;0.0000;0.0000;0.0000
367;375.35;781.4000;1005.6000;867.5500;86.1500;38.4255;0.4154;0.0000;-781.4000;0.0000;6.8165;0.0000;-781.4000;0.0000;6.8165;1.0000;0.0000;0.0000;0.0000;0.0000
368;375.72;792.1500;1006.0000;863.5000;71.3500;33.3645;0.4767;0.0000;-792.1500;0.0000;6.8165;0.0000;-792.1500;0.0000;6.8165;1.0000;0.0000;0.0000;0.0000;0.0000
369;376.09;769.4000;1006.3000;855.9500;86.5500;36.5344;0.4373;0.0000;-769.4000;0.0000;6.8165;0.0000;-769.4000;0.0000;6.8165;1.0000;0.0000;0.0000;0.0000;0.0000
370;376.47;780.0500;1018.0000;861.0000;80.9500;34.0198;0.4683;0.0000;-780.0500;0.0000;6.8165;0.0000;-780.0500;0.0000;6.8165;1.0000;0.0000;0.0000;0.0000;0.0000
371;376.84;789.4500;1008.0000;861.7000;72.2500;33.0588;0.4807;0.0000;-789.4500;0.0000;6.8165;0.0000;-789.4500;0.0000;6.8165;1.0000;0.0000;0.0000;0.0000;0.0000
372;377.22;781.7500;1016.9000;861.0000;79.2500;33.7019;0.4723;0.0000;-781.7500;0.0000;6.8165;0.0000;-781.7500;0.0000;6.8165;1.0000;0.0000;0.0000;0.0000;0.0000
373;377.59;782.7500;1008.2000;870.3500;87.6000;38.8556;0.4105;0.0000;-782.7500;0.0000;6.8165;0.0000;-782.7500;0.0000;6.8165;1.0000;0.0000;0.0000;0.0000;0.0000
374;377.96;781.3000;1021.9000;862.2000;80.9000;33.6243;0.4733;0.0000;-781.3000;0.0000;6.8165;0.0000;-781.3000;0.0000;6.8165;1.0000;0.0000;0.0000;0.0000;0.0000
375;378.34;779.9500;1009.8500;861.6000;81.6500;35.5154;0.4496;0.0000;-779.9500;0.0000;6.8165;0.0000;-779.9500;0.0000;6.8165;1.0000;0.0000;0.0000;0.0000;0.0000
376;378.71;788.0500;1013.3500;870.7500;82.7000;36.7066;0.4353;0.0000;-788.0500;0.0000;6.8165;0.0000;-788.0500;0.0000;6.8165;1.0000;0.0000;0.0000;0.0000;0.0000
377;379.08;778.6000;1019.5000;843.7500;65.1500;27.0444;0.5679;0.0000;-778.6000;0.0000;6.8165;0.0000;-778.6000;0.0000;6.8165;1.0000;0.0000;0.0000;0.0000;0.0000
378;379.46;785.1500;1013.3000;878.6000;93.4500;40.9599;0.3876;0.0000;-785.1500;0.0000;6.8165;0.0000;-785.1500;0.0000;6.8165;1.0000;0.0000;0.0000;0.0000;0.0000
379;379.83;786.3000;1017.5500;869.7000;83.4000;36.0649;0.4429;0.0000;-786.3000;0.0000;6.8165;0.0000;-786.3000;0.0000;6.8165;1.0000;0.0000;0.0000;0.0000;0.0000
380;380.20;783.4000;1005.7000;866.0500;82.6500;37.1795;0.4297;0.0000;-783.4000;0.0000;6.8165;0.0000;-783.4000;0.0000;6.8165;1.0000;0.0000;0.0000;0.0000;0.0000
381;380.58;782.3500;1036.2000;870.5000;88.1500;34.7252;0.4594;0.0000;-782.3500;0.0000;6.8165;0.0000;-782.3500;0.0000;6.8165;1.0000;0.0000;0.0000;0.0000;0.0000
382;380.95;790.1000;1010.1500;863.0500;72.9500;33.1516;0.4795;0.0000;-790.1000;0.0000;6.8165;0.0000;-790.1000;0.0000;6.8165;1.0000;0.0000;0.0000;0.0000;0.0000
383;381.32;782.0500;1021.4500;868.3000;86.2500;36.0276;0.4434;0.0000;-782.0500;0.0000;6.8165;0.0000;-782.0500;0.0000;6.8165;1.0000;0.0000;0.0000;0.0000;0.0000
384;381.70;778.0500;1021.5000;862.9000;84.8500;34.8532;0.4578;0.0000;-778.0500;0.0000;6.8165;0.0000;-778.0500;0.0000;6.8165;1.0000;0.0000;0.0000;0.0000;0.0000
385;382.07;788.1500;1028.1500;868.0000;79.8500;33.2708;0.4779;0.0000;-788.1500;0.0000;6.8165;0.0000;-788.1500;0.0000;6.8165;1.0000;0.0000;0.0000;0.0000;0.0000
386;382.44;788.2000;1038.7500;863.8500;75.6500;30.1936;0.5201;0.0000;-788.2000;0.0000;6.8165;0.0000;-788.2000;0.0000;6.8165;1.0000;0.0000;0.0000;0.0000;0.0000
387;382.81;794.7000;1042.7000;859.3000;64.6000;26.0484;0.5842;0.0000;-794.7000;0.0000;6.8165;0.0000;-794.7000;0.0000;6.8165;1.0000;0.0000;0.0000;0.0000;0.0000
388;383.19;778.3500;1034.7500;869.4500;91.1000;35.5304;0.4494;0.0000;-778.3500;0.0000;6.8165;0.0000;-778.3500;0.0000;6.8165;1.0000;0.0000;0.0000;0.0000;0.0000
389;383.56;774.7500;1065.7000;876.5500;101.8000;34.9888;0.4561;0.0000;-774.7500;0.0000;6.8165;0.0000;-774.7500;0.0000;6.8165;1.0000;0.0000;0.0000;0.0000;0.0000
390;383.93;777.3000;1067.6000;890.9000;113.6000;39.1319;0.4075;0.0000;-777.3000;0.0000;6.8165;0.0000;-777.3000;0.0000;6.8165;1.0000;0.0000;0.0000;0.0000;0.0000
391;384.30;782.4500;1076.2500;874.8500;92.4000;31.4500;0.5024;0.0000;-782.4500;0.0000;6.8165;0.0000;-782.4500;0.0000;6.8165;1.0000;0.0000;0.0000;0.0000;0.0000
392;384.68;781.7000;1077.5000;857.3500;75.6500;25.5747;0.5922;0.0000;-781.7000;0.0000;6.8165;0.0000;-781.7000;0.0000;6.8165;1.0000;0.0000;0.0000;0.0000;0.0000
393;385.05;784.1500;1093.5500;870.5500;86.4000;27.9250;0.5540;0.0000;-784.1500;0.0000;6.8165;0.0000;-784.1500;0.0000;6.8165;1.0000;0.0000;0.0000;0.0000;0.0000
394;385.42;777.3500;1095.8000;868.2500;90.9000;28.5445;0.5445;0.0000;-777.3500;0.0000;6.8165;0.0000;-777.3500;0.0000;6.8165;1.0000;0.0000;0.0000;0.0000;0.0000
395;385.79;787.2000;1104.3500;865.0000;77.8000;24.5310;0.6103;0.0000;-787.2000;0.0000;6.8165;0.0000;-787.2000;0.0000;6.8165;1.0000;0.0000;0.0000;0.0000;0.0000
396;386.16;783.4000;1127.7500;864.8000;81.4000;23.6387;0.6264;0.0000;-783.4000;0.0000;6.8165;0.0000;-783.4000;0.0000;6.8165;1.0000;0.0000;0.0000;0.0000;0.0000
397;386.53;786.5000;1130.6500;862.9500;76.4500;22.2142;0.6534;0.0000;-786.5000;0.0000;6.8165;0.0000;-786.5000;0.0000;6.8165;1.0000;0.0000;0.0000;0.0000;0.0000
398;386.91;793.4000;1142.5500;863.8500;70.4500;20.1776;0.6951;0.0000;-793.4000;0.0000;6.8165;0.0000;-793.4000;0.0000;6.8165;1.0000;0.0000;0.0000;0.0000;0.0000
399;387.28;796.0000;1159.4500;858.3000;62.3000;17.1413;0.7660;0.0000;-796.0000;0.0000;6.8165;0.0000;-796.0000;0.0000;6.8165;1.0000;0.0000;0.0000;0.0000;0.0000
400;387.65;785.5500;1168.5000;866.1500;80.6000;21.0471;0.6768;0.0000;-785.5500;0.0000;6.8165;0.0000;-785.5500;0.0000;6.8165;1.0000;0.0000;0.0000;0.0000;0.0000
401;388.02;790.8000;1178.8500;870.4500;79.6500;20.5257;0.6877;0.0000;-790.8000;0.0000;6.8165;0.0000;-790.8000;0.0000;6.8165;1.0000;0.0000;0.0000;0.0000;0.0000
402;388.39;777.5000;1186.2000;869.0000;91.5000;22.3881;0.6500;0.0000;-777.5000;0.0000;6.8165;0.0000;-777.5000;0.0000;6.8165;1.0000;0.0000;0.0000;0.0000;0.0000
403;388.76;782.2500;1214.6000;861.3000;79.0500;18.2838;0.7379;0.0000;-782.2500;0.0000;6.8165;0.0000;-782.2500;0.0000;6.8165;1.0000;0.0000;0.0000;0.0000;0.0000
404;389.13;797.0000;1203.1500;864.5500;67.5500;16.6318;0.7791;0.0000;-797.0000;0.0000;6.8165;0.0000;-797.0000;0.0000;6.8165;1.0000;0.0000;0.0000;0.0000;0.0000
405;389.50;796.1500;1228.9000;869.9500;73.8000;17.0537;0.7682;0.0000;-796.1500;0.0000;6.8165;0.0000;-796.1500;0.0000;6.8165;1.0000;0.0000;0.0000;0.0000;0.0000
406;389.87;786.4000;1237.1000;875.6500;89.2500;19.8025;0.7033;0.0000;-786.4000;0.0000;6.8165;0.0000;-786.4000;0.0000;6.8165;1.0000;0.0000;0.0000;0.0000;0.0000
407;390.25;787.0000;1264.0500;882.9500;95.9500;20.1132;0.6965;0.0000;-787.0000;0.0000;6.8165;0.0000;-787.0000;0.0000;6.8165;1.0000;0.0000;0.0000;0.0000;0.0000
408;390.62;779.4500;1280.4500;877.0000;97.5500;19.4711;0.7106;0.0000;-779.4500;0.0000;6.8165;0.0000;-779.4500;0.0000;6.8165;1.0000;0.0000;0.0000;0.0000;0.0000
409;390.99;778.8500;1316.3500;867.9000;89.0500;16.5674;0.7807;0.0000;-778.8500;0.0000;6.8165;0.0000;-778.8500;0.0000;6.8165;1.0000;0.0000;0.0000;0.0000;0.0000
410;391.36;781.9500;1364.7500;869.4000;87.4500;15.0051;0.8238;0.0000;-781.9500;0.0000;6.8165;0.0000;-781.9500;0.0000;6.8165;1.0000;0.0000;0.0000;0.0000;0.0000
411;391.73;778.7000;1389.6000;869.7000;91.0000;14.8961;0.8269;0.0000;-778.7000;0.0000;6.8165;0.0000;-778.7000;0.0000;6.8165;1.0000;0.0000;0.0000;0.0000;0.0000
412;392.10;786.8500;1414.4500;881.5000;94.6500;15.0813;0.8216;0.0000;-786.8500;0.0000;6.8165;0.0000;-786.8500;0.0000;6.8165;1.0000;0.0000;0.0000;0.0000;0.0000
413;392.47;789.2000;1456.3500;887.2500;98.0500;14.6968;0.8328;0.0000;-789.2000;0.0000;6.8165;0.0000;-789.2000;0.0000;6.8165;1.0000;0.0000;0.0000;0.0000;0.0000
414;392.84;790.3500;1502.9500;871.4500;81.1000;11.3809;0.9438;0.0000;-790.3500;0.0000;6.8165;0.0000;-790.3500;0.0000;6.8165;1.0000;0.0000;0.0000;0.0000;0.0000
415;393.21;785.5500;1542.4000;857.2000;71.6500;9.4669;1.0238;0.0000;-785.5500;0.0000;6.8165;0.0000;-785.5500;0.0000;6.8165;1.0000;0.0000;0.0000;0.0000;0.0000
416;393.58;783.3000;1572.8500;876.2000;92.9000;11.7662;0.9294;0.0000;-783.3000;0.0000;6.8165;0.0000;-783.3000;0.0000;6.8165;1.0000;0.0000;0.0000;0.0000;0.0000
417;393.95;781.7500;1594.1000;866.0500;84.3000;10.3773;0.9839;0.0000;-781.7500;0.0000;6.8165;0.0000;-781.7500;0.0000;6.8165;1.0000;0.0000;0.0000;0.0000;0.0000
418;394.32;780.3000;1634.0000;865.5500;85.2500;9.9859;1.0006;0.0000;-780.3000;0.0000;6.8165;0.0000;-780.3000;0.0000;6.8165;1.0000;0.0000;0.0000;0.0000;0.0000
419;394.69;787.1000;1692.6500;867.1500;80.0500;8.8399;1.0536;0.0000;-787.1000;0.0000;6.8165;0.0000;-787.1000;0.0000;6.8165;1.0000;0.0000;0.0000;0.0000;0.0000
420;395.06;783.2500;1738.2500;866.5000;83.2500;8.7173;1.0596;0.0000;-783.2500;0.0000;6.8165;0.0000;-783.2500;0.0000;6.8165;1.0000;0.0000;0.0000;0.0000;0.0000
421;395.43;782.4500;1788.6500;872.5000;90.0500;8.9495;1.0482;0.0000;-782.4500;0.0000;6.8165;0.0000;-782.4500;0.0000;6.8165;1.0000;0.0000;0.0000;0.0000;0.0000
422;395.80;793.9500;1832.3500;864.6500;70.7000;6.8086;1.1669;0.0000;-793.9500;0.0000;6.8165;0.0000;-793.9500;0.0000;6.8165;1.0000;0.0000;0.0000;0.0000;0.0000
423;396.16;783.8500;1886.2500;864.7500;80.9000;7.3385;1.1344;0.0000;-783.8500;0.0000;6.8165;0.0000;-783.8500;0.0000;6.8165;1.0000;0.0000;0.0000;0.0000;0.0000
424;396.53;780.2000;1943.3000;873.0500;92.8500;7.9830;1.0978;0.0000;-780.2000;0.0000;6.8165;0.0000;-780.2000;0.0000;6.8165;1.0000;0.0000;0.0000;0.0000;0.0000
425;396.90;764.9500;1980.7000;876.4000;111.4500;9.1672;1.0378;0.0000;-764.9500;0.0000;6.8165;0.0000;-764.9500;0.0000;6.8165;1.0000;0.0000;0.0000;0.0000;0.0000
426;397.27;768.1000;2075.2000;873.6000;105.5000;8.0713;1.0931;0.0000;-768.1000;0.0000;6.8165;0.0000;-768.1000;0.0000;6.8165;1.0000;0.0000;0.0000;0.0000;0.0000
427;397.64;790.7000;2119.4500;866.3500;75.6500;5.6933;1.2446;0.0000;-790.7000;0.0000;6.8165;0.0000;-790.7000;0.0000;6.8165;1.0000;0.0000;0.0000;0.0000;0.0000
428;398.01;772.8500;2144.6000;885.2000;112.3500;8.1903;1.0867;0.0000;-772.8500;0.0000;6.8165;0.0000;-772.8500;0.0000;6.8165;1.0000;0.0000;0.0000;0.0000;0.0000
429;398.38;791.7000;2190.4000;868.7500;77.0500;5.5087;1.2590;0.0000;-791.7000;0.0000;6.8165;0.0000;-791.7000;0.0000;6.8165;1.0000;0.0000;0.0000;0.0000;0.0000
430;398.75;783.5000;2201.1000;869.0000;85.5000;6.0313;1.2196;0.0000;-783.5000;0.0000;6.8165;0.0000;-783.5000;0.0000;6.8165;1.0000;0.0000;0.0000;0.0000;0.0000
431;399.12;784.9000;2303.8500;866.1000;81.2000;5.3458;1.2720;0.0000;-784.9000;0.0000;6.8165;0.0000;-784.9000;0.0000;6.8165;1.0000;0.0000;0.0000;0.0000;0.0000
432;399.48;790.8000;2374.8000;870.6500;79.8500;5.0410;1.2975;0.0000;-790.8000;0.0000;6.8165;0.0000;-790.8000;0.0000;6.8165;1.0000;0.0000;0.0000;0.0000;0.0000
433;399.85;782.9000;2364.9000;869.4500;86.5500;5.4709;1.2619;0.0000;-782.9000;0.0000;6.8165;0.0000;-782.9000;0.0000;6.8165;1.0000;0.0000;0.0000;0.0000;0.0000
434;400.22;801.8500;2397.2000;856.3500;54.5000;3.4162;1.4665;0.0000;-801.8500;0.0000;6.8165;0.0000;-801.8500;0.0000;6.8165;1.0000;0.0000;0.0000;0.0000;0.0000
435;400.59;788.1000;2505.5500;882.0000;93.9000;5.4674;1.2622;0.0000;-788.1000;0.0000;6.8165;0.0000;-788.1000;0.0000;6.8165;1.0000;0.0000;0.0000;0.0000;0.0000
436;400.96;792.7000;2491.6000;878.2000;85.5000;5.0327;1.2982;0.0000;-792.7000;0.0000;6.8165;0.0000;-792.7000;0.0000;6.8165;1.0000;0.0000;0.0000;0.0000;0.0000
437;401.32;784.4500;2534.1000;881.2500;96.8000;5.5325;1.2571;0.0000;-784.4500;0.0000;6.8165;0.0000;-784.4500;0.0000;6.8165;1.0000;0.0000;0.0000;0.0000;0.0000
438;401.69;793.9500;2601.4500;872.4500;78.5000;4.3430;1.3622;0.0000;-793.9500;0.0000;6.8165;0.0000;-793.9500;0.0000;6.8165;1.0000;0.0000;0.0000;0.0000;0.0000
439;402.06;789.5000;2683.3500;866.1500;76.6500;4.0473;1.3928;0.0000;-789.5000;0.0000;6.8165;0.0000;-789.5000;0.0000;6.8165;1.0000;0.0000;0.0000;0.0000;0.0000
440;402.43;781.7000;2667.8500;868.3500;86.6500;4.5940;1.3378;0.0000;-781.7000;0.0000;6.8165;0.0000;-781.7000;0.0000;6.8165;1.0000;0.0000;0.0000;0.0000;0.0000
441;402.80;778.3000;2758.0000;875.9000;97.6000;4.9300;1.3071;0.0000;-778.3000;0.0000;6.8165;0.0000;-778.3000;0.0000;6.8165;1.0000;0.0000;0.0000;0.0000;0.0000
442;403.16;784.8500;2788.6000;893.5000;108.6500;5.4223;1.2658;0.0000;-784.8500;0.0000;6.8165;0.0000;-784.8500;0.0000;6.8165;1.0000;0.0000;0.0000;0.0000;0.0000
443;403.53;783.6500;2770.7500;878.5500;94.9000;4.7758;1.3210;0.0000;-783.6500;0.0000;6.8165;0.0000;-783.6500;0.0000;6.8165;1.0000;0.0000;0.0000;0.0000;0.0000
444;403.90;782.6500;2972.2500;869.4000;86.7500;3.9619;1.4021;0.0000;-782.6500;0.0000;6.8165;0.0000;-782.6500;0.0000;6.8165;1.0000;0.0000;0.0000;0.0000;0.0000
445;404.27;785.4500;2960.8000;868.4000;82.9500;3.8132;1.4187;0.0000;-785.4500;0.0000;6.8165;0.0000;-785.4500;0.0000;6.8165;1.0000;0.0000;0.0000;0.0000;0.0000
446;404.63;779.8500;3040.1500;881.5500;101.7000;4.4994;1.3468;0.0000;-779.8500;0.0000;6.8165;0.0000;-779.8500;0.0000;6.8165;1.0000;0.0000;0.0000;0.0000;0.0000
447;405.00;787.7000;3154.4000;868.4000;80.7000;3.4098;1.4673;0.0000;-787.7000;0.0000;6.8165;0.0000;-787.7000;0.0000;6.8165;1.0000;0.0000;0.0000;0.0000;0.0000
448;405.37;787.5000;3211.0000;871.3000;83.8000;3.4578;1.4612;0.0000;-787.5000;0.0000;6.8165;0.0000;-787.5000;0.0000;6.8165;1.0000;0.0000;0.0000;0.0000;0.0000
449;405.73;781.0500;3286.4500;881.3500;100.3000;4.0034;1.3976;0.0000;-781.0500;0.0000;6.8165;0.0000;-781.0500;0.0000;6.8165;1.0000;0.0000;0.0000;0.0000;0.0000
450;406.10;788.6500;3421.6500;873.5500;84.9000;3.2245;1.4915;0.0000;-788.6500;0.0000;6.8165;0.0000;-788.6500;0.0000;6.8165;1.0000;0.0000;0.0000;0.0000;0.0000
451;406.47;784.2500;3495.5000;873.5000;89.2500;3.2918;1.4826;0.0000;-784.2500;0.0000;6.8165;0.0000;-784.2500;0.0000;6.8165;1.0000;0.0000;0.0000;0.0000;0.0000
452;406.83;789.8500;3620.3500;876.3500;86.5000;3.0560;1.5148;0.0000;-789.8500;0.0000;6.8165;0.0000;-789.8500;0.0000;6.8165;1.0000;0.0000;0.0000;0.0000;0.0000
453;407.20;773.8500;3666.4500;878.2000;104.3500;3.6075;1.4428;0.0000;-773.8500;0.0000;6.8165;0.0000;-773.8500;0.0000;6.8165;1.0000;0.0000;0.0000;0.0000;0.0000
454;407.57;783.1500;3848.1000;881.8500;98.7000;3.2203;1.4921;0.0000;-783.1500;0.0000;6.8165;0.0000;-783.1500;0.0000;6.8165;1.0000;0.0000;0.0000;0.0000;0.0000
455;407.93;774.8000;3869.0000;879.7500;104.9500;3.3918;1.4696;0.0000;-774.8000;0.0000;6.8165;0.0000;-774.8000;0.0000;6.8165;1.0000;0.0000;0.0000;0.0000;0.0000
456;408.30;773.8000;3897.2000;870.3000;96.5000;3.0896;1.5101;0.0000;-773.8000;0.0000;6.8165;0.0000;-773.8000;0.0000;6.8165;1.0000;0.0000;0.0000;0.0000;0.0000
457;408.67;779.8000;4045.5000;876.4000;96.6000;2.9580;1.5290;0.0000;-779.8000;0.0000;6.8165;0.0000;-779.8000;0.0000;6.8165;1.0000;0.0000;0.0000;0.0000;0.0000
458;409.03;774.3500;4169.5500;888.6000;114.2500;3.3650;1.4730;0.0000;-774.3500;0.0000;6.8165;0.0000;-774.3500;0.0000;6.8165;1.0000;0.0000;0.0000;0.0000;0.0000
459;409.40;792.3000;4169.8000;869.7500;77.4500;2.2931;1.6396;0.0000;-792.3000;0.0000;6.8165;0.0000;-792.3000;0.0000;6.8165;1.0000;0.0000;0.0000;0.0000;0.0000
460;409.76;782.0500;4342.4500;888.4000;106.3500;2.9870;1.5248;0.0000;-782.0500;0.0000;6.8165;0.0000;-782.0500;0.0000;6.8165;1.0000;0.0000;0.0000;0.0000;0.0000
461;410.13;768.3000;4242.9000;886.8500;118.5500;3.4119;1.4670;0.0000;-768.3000;0.0000;6.8165;0.0000;-768.3000;0.0000;6.8165;1.0000;0.0000;0.0000;0.0000;0.0000
462;410.50;797.2500;4338.6500;881.6500;84.4000;2.3832;1.6228;0.0000;-797.2500;0.0000;6.8165;0.0000;-797.2500;0.0000;6.8165;1.0000;0.0000;0.0000;0.0000;0.0000
463;410.86;790.1000;4448.6000;874.3000;84.2000;2.3015;1.6380;0.0000;-790.1000;0.0000;6.8165;0.0000;-790.1000;0.0000;6.8165;1.0000;0.0000;0.0000;0.0000;0.0000
464;411.23;786.4000;4522.1000;875.3000;88.9000;2.3797;1.6235;0.0000;-786.4000;0.0000;6.8165;0.0000;-786.4000;0.0000;6.8165;1.0000;0.0000;0.0000;0.0000;0.0000
465;411.59;786.2500;4661.4000;877.2500;91.0000;2.3483;1.6292;0.0000;-786.2500;0.0000;6.8165;0.0000;-786.2500;0.0000;6.8165;1.0000;0.0000;0.0000;0.0000;0.0000
466;411.96;781.7500;4636.0000;884.5000;102.7500;2.6659;1.5742;0.0000;-781.7500;0.0000;6.8165;0.0000;-781.7500;0.0000;6.8165;1.0000;0.0000;0.0000;0.0000;0.0000
467;412.32;781.2000;4704.1500;889.6000;108.4000;2.7632;1.5586;0.0000;-781.2000;0.0000;6.8165;0.0000;-781.2000;0.0000;6.8165;1.0000;0.0000;0.0000;0.0000;0.0000
468;412.69;777.5000;4927.5000;874.9000;97.4000;2.3470;1.6295;0.0000;-777.5000;0.0000;6.8165;0.0000;-777.5000;0.0000;6.8165;1.0000;0.0000;0.0000;0.0000;0.0000
469;413.05;784.7500;5063.2500;884.7500;100.0000;2.3373;1.6313;0.0000;-784.7500;0.0000;6.8165;0.0000;-784.7500;0.0000;6.8165;1.0000;0.0000;0.0000;0.0000;0.0000
470;413.42;794.0500;4973.2000;875.0000;80.9500;1.9370;1.7129;0.0000;-794.0500;0.0000;6.8165;0.0000;-794.0500;0.0000;6.8165;1.0000;0.0000;0.0000;0.0000;0.0000
471;413.78;783.1000;5262.8500;891.4500;108.3500;2.4187;1.6164;0.0000;-783.1000;0.0000;6.8165;0.0000;-783.1000;0.0000;6.8165;1.0000;0.0000;0.0000;0.0000;0.0000
472;414.15;774.1000;5327.9000;892.0000;117.9000;2.5890;1.5869;0.0000;-774.1000;0.0000;6.8165;0.0000;-774.1000;0.0000;6.8165;1.0000;0.0000;0.0000;0.0000;0.0000
473;414.51;774.5500;5264.8000;887.0500;112.5000;2.5054;1.6011;0.0000;-774.5500;0.0000;6.8165;0.0000;-774.5500;0.0000;6.8165;1.0000;0.0000;0.0000;0.0000;0.0000
474;414.88;774.5000;5347.8000;887.0000;112.5000;2.4599;1.6091;0.0000;-774.5000;0.0000;6.8165;0.0000;-774.5000;0.0000;6.8165;1.0000;0.0000;0.0000;0.0000;0.0000
475;415.24;770.2000;5553.9500;884.4000;114.2000;2.3872;1.6221;0.0000;-770.2000;0.0000;6.8165;0.0000;-770.2000;0.0000;6.8165;1.0000;0.0000;0.0000;0.0000;0.0000
476;415.61;783.8000;5659.1500;888.6500;104.8500;2.1506;1.6674;0.0000;-783.8000;0.0000;6.8165;0.0000;-783.8000;0.0000;6.8165;1.0000;0.0000;0.0000;0.0000;0.0000
477;415.97;780.8000;5604.1000;892.4500;111.6500;2.3148;1.6355;0.0000;-780.8000;0.0000;6.8165;0.0000;-780.8000;0.0000;6.8165;1.0000;0.0000;0.0000;0.0000;0.0000
478;416.33;771.0000;5782.5000;877.5000;106.5000;2.1251;1.6726;0.0000;-771.0000;0.0000;6.8165;0.0000;-771.0000;0.0000;6.8165;1.0000;0.0000;0.0000;0.0000;0.0000
479;416.70;770.8500;5916.4000;890.4000;119.5500;2.3234;1.6339;0.0000;-770.8500;0.0000;6.8165;0.0000;-770.8500;0.0000;6.8165;1.0000;0.0000;0.0000;0.0000;0.0000
480;417.06;786.4500;6125.3500;886.8000;100.3500;1.8796;1.7259;0.0000;-786.4500;0.0000;6.8165;0.0000;-786.4500;0.0000;6.8165;1.0000;0.0000;0.0000;0.0000;0.0000
481;417.43;779.9500;6075.8500;872.5000;92.5500;1.7476;1.7576;0.0000;-779.9500;0.0000;6.8165;0.0000;-779.9500;0.0000;6.8165;1.0000;0.0000;0.0000;0.0000;0.0000
482;417.79;785.6500;6093.2500;877.1500;91.5000;1.7239;1.7635;0.0000;-785.6500;0.0000;6.8165;0.0000;-785.6500;0.0000;6.8165;1.0000;0.0000;0.0000;0.0000;0.0000
483;418.15;786.3500;6151.9500;875.8500;89.5000;1.6680;1.7778;0.0000;-786.3500;0.0000;6.8165;0.0000;-786.3500;0.0000;6.8165;1.0000;0.0000;0.0000;0.0000;0.0000
484;418.52;778.5000;6325.3000;885.5500;107.0500;1.9299;1.7145;0.0000;-778.5000;0.0000;6.8165;0.0000;-778.5000;0.0000;6.8165;1.0000;0.0000;0.0000;0.0000;0.0000
485;418.88;787.9000;6445.1500;881.7500;93.8500;1.6589;1.7802;0.0000;-787.9000;0.0000;6.8165;0.0000;-787.9000;0.0000;6.8165;1.0000;0.0000;0.0000;0.0000;0.0000
486;419.24;770.7500;6655.7500;878.1000;107.3500;1.8241;1.7389;0.0000;-770.7500;0.0000;6.8165;0.0000;-770.7500;0.0000;6.8165;1.0000;0.0000;0.0000;0.0000;0.0000
487;419.61;790.1500;6626.4000;881.2000;91.0500;1.5601;1.8069;0.0000;-790.1500;0.0000;6.8165;0.0000;-790.1500;0.0000;6.8165;1.0000;0.0000;0.0000;0.0000;0.0000
488;419.97;762.6500;6654.4500;894.8000;132.1500;2.2429;1.6492;0.0000;-762.6500;0.0000;6.8165;0.0000;-762.6500;0.0000;6.8165;1.0000;0.0000;0.0000;0.0000;0.0000
489;420.33;785.1500;6944.1000;892.8000;107.6500;1.7479;1.7575;0.0000;-785.1500;0.0000;6.8165;0.0000;-785.1500;0.0000;6.8165;1.0000;0.0000;0.0000;0.0000;0.0000
490;420.70;781.2000;6916.0000;891.1500;109.9500;1.7922;1.7466;0.0000;-781.2000;0.0000;6.8165;0.0000;-781.2000;0.0000;6.8165;1.0000;0.0000;0.0000;0.0000;0.0000
491;421.06;775.4500;7091.9500;877.9000;102.4500;1.6219;1.7900;0.0000;-775.4500;0.0000;6.8165;0.0000;-775.4500;0.0000;6.8165;1.0000;0.0000;0.0000;0.0000;0.0000
492;421.42;782.6500;7222.9500;888.3000;105.6500;1.6405;1.7850;0.0000;-782.6500;0.0000;6.8165;0.0000;-782.6500;0.0000;6.8165;1.0000;0.0000;0.0000;0.0000;0.0000
493;421.79;794.0000;7278.1000;891.5000;97.5000;1.5037;1.8228;0.0000;-794.0000;0.0000;6.8165;0.0000;-794.0000;0.0000;6.8165;1.0000;0.0000;0.0000;0.0000;0.0000
494;422.15;785.4000;7271.5500;890.4000;105.0000;1.6188;1.7908;0.0000;-785.4000;0.0000;6.8165;0.0000;-785.4000;0.0000;6.8165;1.0000;0.0000;0.0000;0.0000;0.0000
495;422.51;791.6500;7407.5000;889.3000;97.6500;1.4760;1.8309;0.0000;-791.6500;0.0000;6.8165;0.0000;-791.6500;0.0000;6.8165;1.0000;0.0000;0.0000;0.0000;0.0000
496;422.87;773.7500;7640.4000;880.6500;106.9000;1.5568;1.8078;0.0000;-773.7500;0.0000;6.8165;0.0000;-773.7500;0.0000;6.8165;1.0000;0.0000;0.0000;0.0000;0.0000
497;423.24;791.5500;7727.0000;884.8500;93.3000;1.3453;1.8712;0.0000;-791.5500;0.0000;6.8165;0.0000;-791.5500;0.0000;6.8165;1.0000;0.0000;0.0000;0.0000;0.0000
498;423.60;787.7000;7811.8000;896.8000;109.1000;1.5532;1.8088;0.0000;-787.7000;0.0000;6.8165;0.0000;-787.7000;0.0000;6.8165;1.0000;0.0000;0.0000;0.0000;0.0000
499;423.96;788.2500;7938.8500;900.2500;112.0000;1.5663;1.8051;0.0000;-788.2500;0.0000;6.8165;0.0000;-788.2500;0.0000;6.8165;1.0000;0.0000;0.0000;0.0000;0.0000
500;424.32;789.7500;8076.2000;905.0000;115.2500;1.5817;1.8009;0.0000;-789.7500;0.0000;6.8165;0.0000;-789.7500;0.0000;6.8165;1.0000;0.0000;0.0000;0.0000;0.0000
501;424.69;787.8500;8151.5500;883.9000;96.0500;1.3044;1.8846;0.0000;-787.8500;0.0000;6.8165;0.0000;-787.8500;0.0000;6.8165;1.0000;0.0000;0.0000;0.0000;0.0000
502;425.05;785.6000;8575.5000;875.1000;89.5000;1.1489;1.9397;0.0000;-785.6000;0.0000;6.8165;0.0000;-785.6000;0.0000;6.8165;1.0000;0.0000;0.0000;0.0000;0.0000
503;425.41;805.5500;8870.8000;881.4500;75.9000;0.9411;2.0264;0.0000;-805.5500;0.0000;6.8165;0.0000;-805.5500;0.0000;6.8165;1.0000;0.0000;0.0000;0.0000;0.0000
504;425.77;784.8000;8737.0500;876.2000;91.4000;1.1494;1.9395;0.0000;-784.8000;0.0000;6.8165;0.0000;-784.8000;0.0000;6.8165;1.0000;0.0000;0.0000;0.0000;0.0000
505;426.13;798.6000;8861.7500;887.3000;88.7000;1.1001;1.9586;0.0000;-798.6000;0.0000;6.8165;0.0000;-798.6000;0.0000;6.8165;1.0000;0.0000;0.0000;0.0000;0.0000
506;426.50;774.2500;8713.9500;890.7000;116.4500;1.4667;1.8337;0.0000;-774.2500;0.0000;6.8165;0.0000;-774.2500;0.0000;6.8165;1.0000;0.0000;0.0000;0.0000;0.0000
507;426.86;778.6000;8908.4500;887.0000;108.4000;1.3334;1.8751;0.0000;-778.6000;0.0000;6.8165;0.0000;-778.6000;0.0000;6.8165;1.0000;0.0000;0.0000;0.0000;0.0000
508;427.22;782.4000;9330.7000;894.3500;111.9500;1.3096;1.8829;0.0000;-782.4000;0.0000;6.8165;0.0000;-782.4000;0.0000;6.8165;1.0000;0.0000;0.0000;0.0000;0.0000
509;427.58;796.2500;9195.0500;900.5000;104.2500;1.2412;1.9061;0.0000;-796.2500;0.0000;6.8165;0.0000;-796.2500;0.0000;6.8165;1.0000;0.0000;0.0000;0.0000;0.0000
510;427.94;779.9500;9573.4500;879.8500;99.9000;1.1361;1.9446;0.0000;-779.9500;0.0000;6.8165;0.0000;-779.9500;0.0000;6.8165;1.0000;0.0000;0.0000;0.0000;0.0000
511;428.30;777.0500;9878.5000;880.4000;103.3500;1.1355;1.9448;0.0000;-777.0500;0.0000;6.8165;0.0000;-777.0500;0.0000;6.8165;1.0000;0.0000;0.0000;0.0000;0.0000
512;428.66;777.1000;9589.9000;888.7000;111.6000;1.2663;1.8974;0.0000;-777.1000;0.0000;6.8165;0.0000;-777.1000;0.0000;6.8165;1.0000;0.0000;0.0000;0.0000;0.0000
513;429.02;792.6500;9824.0500;887.0000;94.3500;1.0447;1.9810;0.0000;-792.6500;0.0000;6.8165;0.0000;-792.6500;0.0000;6.8165;1.0000;0.0000;0.0000;0.0000;0.0000
514;429.39;792.0500;9997.9500;888.3000;96.2500;1.0455;1.9807;0.0000;-792.0500;0.0000;6.8165;0.0000;-792.0500;0.0000;6.8165;1.0000;0.0000;0.0000;0.0000;0.0000
515;429.75;768.6000;10151.5000;896.6500;128.0500;1.3647;1.8650;0.0000;-768.6000;0.0000;6.8165;0.0000;-768.6000;0.0000;6.8165;1.0000;0.0000;0.0000;0.0000;0.0000
516;430.11;784.6500;10232.6000;885.4000;100.7500;1.0664;1.9721;0.0000;-784.6500;0.0000;6.8165;0.0000;-784.6500;0.0000;6.8165;1.0000;0.0000;0.0000;0.0000;0.0000
517;430.47;774.4500;10429.3000;902.8000;128.3500;1.3294;1.8763;0.0000;-774.4500;0.0000;6.8165;0.0000;-774.4500;0.0000;6.8165;1.0000;0.0000;0.0000;0.0000;0.0000
518;430.83;783.7500;10419.6500;897.8500;114.1000;1.1841;1.9266;0.0000;-783.7500;0.0000;6.8165;0.0000;-783.7500;0.0000;6.8165;1.0000;0.0000;0.0000;0.0000;0.0000
519;431.19;779.6000;10748.4000;907.8000;128.2000;1.2860;1.8908;0.0000;-779.6000;0.0000;6.8165;0.0000;-779.6000;0.0000;6.8165;1.0000;0.0000;0.0000;0.0000;0.0000
520;431.55;792.9500;10430.9000;915.0000;122.0500;1.2663;1.8974;0.0000;-792.9500;0.0000;6.8165;0.0000;-792.9500;0.0000;6.8165;1.0000;0.0000;0.0000;0.0000;0.0000
521;431.91;789.6000;10826.7500;900.9000;111.3000;1.1089;1.9551;0.0000;-789.6000;0.0000;6.8165;0.0000;-789.6000;0.0000;6.8165;1.0000;0.0000;0.0000;0.0000;0.0000
522;432.27;788.8000;11092.1500;920.6000;131.8000;1.2792;1.8931;0.0000;-788.8000;0.0000;6.8165;0.0000;-788.8000;0.0000;6.8165;1.0000;0.0000;0.0000;0.0000;0.0000
523;432.63;786.9000;10999.1000;901.8500;114.9500;1.1256;1.9486;0.0000;-786.9000;0.0000;6.8165;0.0000;-786.9000;0.0000;6.8165;1.0000;0.0000;0.0000;0.0000;0.0000
524;432.99;791.6500;11186.8500;910.9500;119.3000;1.1476;1.9402;0.0000;-791.6500;0.0000;6.8165;0.0000;-791.6500;0.0000;6.8165;1.0000;0.0000;0.0000;0.0000;0.0000
525;433.35;789.3500;11142.0500;911.9000;122.5500;1.1837;1.9267;0.0000;-789.3500;0.0000;6.8165;0.0000;-789.3500;0.0000;6.8165;1.0000;0.0000;0.0000;0.0000;0.0000
526;433.71;799.2000;11345.5500;914.0000;114.8000;1.0885;1.9632;0.0000;-799.2000;0.0000;6.8165;0.0000;-799.2000;0.0000;6.8165;1.0000;0.0000;0.0000;0.0000;0.0000
527;434.07;780.0500;12001.3500;934.5000;154.4500;1.3764;1.8613;0.0000;-780.0500;0.0000;6.8165;0.0000;-780.0500;0.0000;6.8165;1.0000;0.0000;0.0000;0.0000;0.0000
528;434.43;784.4000;11855.2000;919.2500;134.8500;1.2181;1.9143;0.0000;-784.4000;0.0000;6.8165;0.0000;-784.4000;0.0000;6.8165;1.0000;0.0000;0.0000;0.0000;0.0000
529;434.79;790.6000;11900.1000;910.5000;119.9000;1.0793;1.9669;0.0000;-790.6000;0.0000;6.8165;0.0000;-790.6000;0.0000;6.8165;1.0000;0.0000;0.0000;0.0000;0.0000
530;435.15;780.7000;12268.6500;909.8500;129.1500;1.1242;1.9491;0.0000;-780.7000;0.0000;6.8165;0.0000;-780.7000;0.0000;6.8165;1.0000;0.0000;0.0000;0.0000;0.0000
531;435.51;784.4000;12439.7000;926.4500;142.0500;1.2188;1.9141;0.0000;-784.4000;0.0000;6.8165;0.0000;-784.4000;0.0000;6.8165;1.0000;0.0000;0.0000;0.0000;0.0000
532;435.87;791.1000;12531.7500;905.5500;114.4500;0.9748;2.0111;0.0000;-791.1000;0.0000;6.8165;0.0000;-791.1000;0.0000;6.8165;1.0000;0.0000;0.0000;0.0000;0.0000
533;436.23;781.6500;12899.7000;917.1500;135.5000;1.1182;1.9515;0.0000;-781.6500;0.0000;6.8165;0.0000;-781.6500;0.0000;6.8165;1.0000;0.0000;0.0000;0.0000;0.0000
534;436.59;792.6000;13292.5000;917.1500;124.5500;0.9964;2.0016;0.0000;-792.6000;0.0000;6.8165;0.0000;-792.6000;0.0000;6.8165;1.0000;0.0000;0.0000;0.0000;0.0000
535;436.94;780.1000;13551.7500;925.4500;145.3500;1.1381;1.9438;0.0000;-780.1000;0.0000;6.8165;0.0000;-780.1000;0.0000;6.8165;1.0000;0.0000;0.0000;0.0000;0.0000
536;437.30;783.1500;13595.1000;913.0000;129.8500;1.0135;1.9942;0.0000;-783.1500;0.0000;6.8165;0.0000;-783.1500;0.0000;6.8165;1.0000;0.0000;0.0000;0.0000;0.0000
537;437.66;784.4000;13459.7000;936.8000;152.4000;1.2023;1.9200;0.0000;-784.4000;0.0000;6.8165;0.0000;-784.4000;0.0000;6.8165;1.0000;0.0000;0.0000;0.0000;0.0000
538;438.02;783.9000;13997.4000;934.1500;150.2500;1.1371;1.9442;0.0000;-783.9000;0.0000;6.8165;0.0000;-783.9000;0.0000;6.8165;1.0000;0.0000;0.0000;0.0000;0.0000
539;438.38;781.9000;14330.1000;931.1000;149.2000;1.1013;1.9581;0.0000;-781.9000;0.0000;6.8165;0.0000;-781.9000;0.0000;6.8165;1.0000;0.0000;0.0000;0.0000;0.0000
540;438.74;789.6000;14281.1000;944.0000;154.4000;1.1444;1.9414;0.0000;-789.6000;0.0000;6.8165;0.0000;-789.6000;0.0000;6.8165;1.0000;0.0000;0.0000;0.0000;0.0000
541;439.10;788.7500;13975.3500;929.1500;140.4000;1.0647;1.9728;0.0000;-788.7500;0.0000;6.8165;0.0000;-788.7500;0.0000;6.8165;1.0000;0.0000;0.0000;0.0000;0.0000
542;439.46;789.1500;14402.6500;948.2000;159.0500;1.1683;1.9324;0.0000;-789.1500;0.0000;6.8165;0.0000;-789.1500;0.0000;6.8165;1.0000;0.0000;0.0000;0.0000;0.0000
543;439.81;787.2500;14484.9500;932.7000;145.4500;1.0619;1.9739;0.0000;-787.2500;0.0000;6.8165;0.0000;-787.2500;0.0000;6.8165;1.0000;0.0000;0.0000;0.0000;0.0000
544;440.17;792.5000;14070.9000;944.6500;152.1500;1.1458;1.9409;0.0000;-792.5000;0.0000;6.8165;0.0000;-792.5000;0.0000;6.8165;1.0000;0.0000;0.0000;0.0000;0.0000
545;440.53;781.2000;14457.1500;935.7500;154.5500;1.1301;1.9469;0.0000;-781.2000;0.0000;6.8165;0.0000;-781.2000;0.0000;6.8165;1.0000;0.0000;0.0000;0.0000;0.0000
546;440.89;778.7500;14616.3000;946.3500;167.6000;1.2112;1.9168;0.0000;-778.7500;0.0000;6.8165;0.0000;-778.7500;0.0000;6.8165;1.0000;0.0000;0.0000;0.0000;0.0000
547;441.25;785.1500;14713.7500;941.0000;155.8500;1.1189;1.9512;0.0000;-785.1500;0.0000;6.8165;0.0000;-785.1500;0.0000;6.8165;1.0000;0.0000;0.0000;0.0000;0.0000
548;441.60;792.1000;14689.3500;958.3500;166.2500;1.1963;1.9222;0.0000;-792.1000;0.0000;6.8165;0.0000;-792.1000;0.0000;6.8165;1.0000;0.0000;0.0000;0.0000;0.0000
549;441.96;794.7000;15206.9500;954.7000;160.0000;1.1102;1.9546;0.0000;-794.7000;0.0000;6.8165;0.0000;-794.7000;0.0000;6.8165;1.0000;0.0000;0.0000;0.0000;0.0000
550;442.32;780.6500;14996.6000;959.2000;178.5500;1.2560;1.9010;0.0000;-780.6500;0.0000;6.8165;0.0000;-780.6500;0.0000;6.8165;1.0000;0.0000;0.0000;0.0000;0.0000
551;442.68;802.3000;14663.2000;973.4500;171.1500;1.2348;1.9084;0.0000;-802.3000;0.0000;6.8165;0.0000;-802.3000;0.0000;6.8165;1.0000;0.0000;0.0000;0.0000;0.0000
552;443.03;781.6000;15631.0000;973.8000;192.2000;1.2943;1.8880;0.0000;-781.6000;0.0000;6.8165;0.0000;-781.6000;0.0000;6.8165;1.0000;0.0000;0.0000;0.0000;0.0000
553;443.39;790.9500;15147.2000;966.0500;175.1000;1.2197;1.9138;0.0000;-790.9500;0.0000;6.8165;0.0000;-790.9500;0.0000;6.8165;1.0000;0.0000;0.0000;0.0000;0.0000
554;443.75;803.1000;16213.4000;964.1500;161.0500;1.0451;1.9809;0.0000;-803.1000;0.0000;6.8165;0.0000;-803.1000;0.0000;6.8165;1.0000;0.0000;0.0000;0.0000;0.0000
555;444.11;791.2500;16070.7000;991.6000;200.3500;1.3112;1.8823;0.0000;-791.2500;0.0000;6.8165;0.0000;-791.2500;0.0000;6.8165;1.0000;0.0000;0.0000;0.0000;0.0000
556;444.46;801.3000;15856.5500;1002.6500;201.3500;1.3374;1.8737;0.0000;-801.3000;0.0000;6.8165;0.0000;-801.3000;0.0000;6.8165;1.0000;0.0000;0.0000;0.0000;0.0000
557;444.82;791.4000;15968.9500;982.9000;191.5000;1.2617;1.8990;0.0000;-791.4000;0.0000;6.8165;0.0000;-791.4000;0.0000;6.8165;1.0000;0.0000;0.0000;0.0000;0.0000
558;445.18;800.9000;15914.0000;980.5000;179.6000;1.1884;1.9250;0.0000;-800.9000;0.0000;6.8165;0.0000;-800.9000;0.0000;6.8165;1.0000;0.0000;0.0000;0.0000;0.0000
559;445.53;790.6000;16124.6500;988.8500;198.2500;1.2929;1.8884;0.0000;-790.6000;0.0000;6.8165;0.0000;-790.6000;0.0000;6.8165;1.0000;0.0000;0.0000;0.0000;0.0000
560;445.89;805.5000;16398.9500;989.0000;183.5000;1.1768;1.9293;0.0000;-805.5000;0.0000;6.8165;0.0000;-805.5000;0.0000;6.8165;1.0000;0.0000;0.0000;0.0000;0.0000
561;446.25;796.6500;16888.8500;998.8500;202.2000;1.2565;1.9008;0.0000;-796.6500;0.0000;6.8165;0.0000;-796.6500;0.0000;6.8165;1.0000;0.0000;0.0000;0.0000;0.0000
562;446.60;790.5000;16435.4000;996.1000;205.6000;1.3142;1.8813;0.0000;-790.5000;0.0000;6.8165;0.0000;-790.5000;0.0000;6.8165;1.0000;0.0000;0.0000;0.0000;0.0000
563;446.96;793.3000;16603.0500;990.7500;197.4500;1.2489;1.9035;0.0000;-793.3000;0.0000;6.8165;0.0000;-793.3000;0.0000;6.8165;1.0000;0.0000;0.0000;0.0000;0.0000
564;447.32;799.2500;17004.4500;992.6500;193.4000;1.1934;1.9232;0.0000;-799.2500;0.0000;6.8165;0.0000;-799.2500;0.0000;6.8165;1.0000;0.0000;0.0000;0.0000;0.0000
565;447.67;778.8500;17501.9500;1009.6000;230.7500;1.3798;1.8602;0.0000;-778.8500;0.0000;6.8165;0.0000;-778.8500;0.0000;6.8165;1.0000;0.0000;0.0000;0.0000;0.0000
566;448.03;789.0500;17424.4000;1006.8500;217.8000;1.3093;1.8830;0.0000;-789.0500;0.0000;6.8165;0.0000;-789.0500;0.0000;6.8165;1.0000;0.0000;0.0000;0.0000;0.0000
567;448.38;782.1000;17616.7500;1003.0500;220.9500;1.3125;1.8819;0.0000;-782.1000;0.0000;6.8165;0.0000;-782.1000;0.0000;6.8165;1.0000;0.0000;0.0000;0.0000;0.0000
568;448.74;789.6000;18450.5000;1009.8500;220.2500;1.2471;1.9041;0.0000;-789.6000;0.0000;6.8165;0.0000;-789.6000;0.0000;6.8165;1.0000;0.0000;0.0000;0.0000;0.0000
569;449.10;793.3500;18072.9500;998.7500;205.4000;1.1887;1.9249;0.0000;-793.3500;0.0000;6.8165;0.0000;-793.3500;0.0000;6.8165;1.0000;0.0000;0.0000;0.0000;0.0000
570;449.45;787.5000;19159.8500;1002.1500;214.6500;1.1683;1.9324;0.0000;-787.5000;0.0000;6.8165;0.0000;-787.5000;0.0000;6.8165;1.0000;0.0000;0.0000;0.0000;0.0000
571;449.81;791.6000;20450.9500;1017.7500;226.1500;1.1503;1.9392;0.0000;-791.6000;0.0000;6.8165;0.0000;-791.6000;0.0000;6.8165;1.0000;0.0000;0.0000;0.0000;0.0000
572;450.16;786.0500;20991.5000;1020.8000;234.7500;1.1618;1.9349;0.0000;-786.0500;0.0000;6.8165;0.0000;-786.0500;0.0000;6.8165;1.0000;0.0000;0.0000;0.0000;0.0000
573;450.52;799.3000;22259.9500;1007.1000;207.8000;0.9683;2.0140;0.0000;-799.3000;0.0000;6.8165;0.0000;-799.3000;0.0000;6.8165;1.0000;0.0000;0.0000;0.0000;0.0000
574;450.87;794.2500;21223.5500;1024.1000;229.8500;1.1251;1.9488;0.0000;-794.2500;0.0000;6.8165;0.0000;-794.2500;0.0000;6.8165;1.0000;0.0000;0.0000;0.0000;0.0000
575;451.23;776.4500;20437.6000;1013.5500;237.1000;1.2059;1.9187;0.0000;-776.4500;0.0000;6.8165;0.0000;-776.4500;0.0000;6.8165;1.0000;0.0000;0.0000;0.0000;0.0000
576;451.59;804.9500;20602.4000;1024.0000;219.0500;1.1065;1.9561;0.0000;-804.9500;0.0000;6.8165;0.0000;-804.9500;0.0000;6.8165;1.0000;0.0000;0.0000;0.0000;0.0000
577;451.94;787.6000;20173.7500;1028.8500;241.2500;1.2444;1.9050;0.0000;-787.6000;0.0000;6.8165;0.0000;-787.6000;0.0000;6.8165;1.0000;0.0000;0.0000;0.0000;0.0000
578;452.30;793.9000;20919.0000;1014.5000;220.6000;1.0961;1.9601;0.0000;-793.9000;0.0000;6.8165;0.0000;-793.9000;0.0000;6.8165;1.0000;0.0000;0.0000;0.0000;0.0000
579;452.65;798.6000;20981.5000;1016.8500;218.2500;1.0814;1.9660;0.0000;-798.6000;0.0000;6.8165;0.0000;-798.6000;0.0000;6.8165;1.0000;0.0000;0.0000;0.0000;0.0000
580;453.01;805.0500;21367.1000;1019.1000;214.0500;1.0410;1.9826;0.0000;-805.0500;0.0000;6.8165;0.0000;-805.0500;0.0000;6.8165;1.0000;0.0000;0.0000;0.0000;0.0000
581;453.36;788.3500;20869.7000;1013.3000;224.9500;1.1202;1.9507;0.0000;-788.3500;0.0000;6.8165;0.0000;-788.3500;0.0000;6.8165;1.0000;0.0000;0.0000;0.0000;0.0000
582;453.71;797.5000;20159.2500;1017.5000;220.0000;1.1363;1.9445;0.0000;-797.5000;0.0000;6.8165;0.0000;-797.5000;0.0000;6.8165;1.0000;0.0000;0.0000;0.0000;0.0000
583;454.07;801.9000;20497.8000;1001.2500;199.3500;1.0121;1.9948;0.0000;-801.9000;0.0000;6.8165;0.0000;-801.9000;0.0000;6.8165;1.0000;0.0000;0.0000;0.0000;0.0000
584;454.42;796.4000;20391.2500;1012.5500;216.1500;1.1031;1.9574;0.0000;-796.4000;0.0000;6.8165;0.0000;-796.4000;0.0000;6.8165;1.0000;0.0000;0.0000;0.0000;0.0000
585;454.78;797.4000;21345.3500;1012.7000;215.3000;1.0478;1.9797;0.0000;-797.4000;0.0000;6.8165;0.0000;-797.4000;0.0000;6.8165;1.0000;0.0000;0.0000;0.0000;0.0000
586;455.13;798.0000;21159.9000;1009.7500;211.7500;1.0399;1.9830;0.0000;-798.0000;0.0000;6.8165;0.0000;-798.0000;0.0000;6.8165;1.0000;0.0000;0.0000;0.0000;0.0000
587;455.49;799.5000;21928.3500;1013.8000;214.3000;1.0143;1.9939;0.0000;-799.5000;0.0000;6.8165;0.0000;-799.5000;0.0000;6.8165;1.0000;0.0000;0.0000;0.0000;0.0000
588;455.84;799.3500;21084.1500;1006.0000;206.6500;1.0187;1.9919;0.0000;-799.3500;0.0000;6.8165;0.0000;-799.3500;0.0000;6.8165;1.0000;0.0000;0.0000;0.0000;0.0000
589;456.19;804.4000;22126.5500;1010.3000;205.9000;0.9657;2.0152;0.0000;-804.4000;0.0000;6.8165;0.0000;-804.4000;0.0000;6.8165;1.0000;0.0000;0.0000;0.0000;0.0000
590;456.55;790.1000;22632.7500;1015.6000;225.5000;1.0324;1.9862;0.0000;-790.1000;0.0000;6.8165;0.0000;-790.1000;0.0000;6.8165;1.0000;0.0000;0.0000;0.0000;0.0000
591;456.90;794.6500;23042.7000;996.3000;201.6500;0.9064;2.0427;0.0000;-794.6500;0.0000;6.8165;0.0000;-794.6500;0.0000;6.8165;1.0000;0.0000;0.0000;0.0000;0.0000
592;457.26;787.6500;23484.9500;1002.8500;215.2000;0.9481;2.0231;0.0000;-787.6500;0.0000;6.8165;0.0000;-787.6500;0.0000;6.8165;1.0000;0.0000;0.0000;0.0000;0.0000
593;457.61;782.8000;23383.7000;1016.8000;234.0000;1.0354;1.9849;0.0000;-782.8000;0.0000;6.8165;0.0000;-782.8000;0.0000;6.8165;1.0000;0.0000;0.0000;0.0000;0.0000
594;457.96;792.1500;24014.4000;995.8500;203.7000;0.8772;2.0569;0.0000;-792.1500;0.0000;6.8165;0.0000;-792.1500;0.0000;6.8165;1.0000;0.0000;0.0000;0.0000;0.0000
595;458.32;780.5000;24874.3000;994.5000;214.0000;0.8882;2.0515;0.0000;-780.5000;0.0000;6.8165;0.0000;-780.5000;0.0000;6.8165;1.0000;0.0000;0.0000;0.0000;0.0000
596;458.67;786.9000;24375.8500;990.6500;203.7500;0.8638;2.0636;0.0000;-786.9000;0.0000;6.8165;0.0000;-786.9000;0.0000;6.8165;1.0000;0.0000;0.0000;0.0000;0.0000
597;459.02;795.5500;24847.8000;1002.8000;207.2500;0.8617;2.0647;0.0000;-795.5500;0.0000;6.8165;0.0000;-795.5500;0.0000;6.8165;1.0000;0.0000;0.0000;0.0000;0.0000
598;459.38;781.9500;24811.5500;1001.0500;219.1000;0.9118;2.0401;0.0000;-781.9500;0.0000;6.8165;0.0000;-781.9500;0.0000;6.8165;1.0000;0.0000;0.0000;0.0000;0.0000
599;459.73;784.0000;24785.4000;991.0000;207.0000;0.8624;2.0643;0.0000;-784.0000;0.0000;6.8165;0.0000;-784.0000;0.0000;6.8165;1.0000;0.0000;0.0000;0.0000;0.0000
600;460.08;772.3500;24593.9500;990.1000;217.7500;0.9141;2.0390;0.0000;-772.3500;0.0000;6.8165;0.0000;-772.3500;0.0000;6.8165;1.0000;0.0000;0.0000;0.0000;0.0000
601;460.44;778.1000;25258.2000;992.0500;213.9500;0.8740;2.0585;0.0000;-778.1000;0.0000;6.8165;0.0000;-778.1000;0.0000;6.8165;1.0000;0.0000;0.0000;0.0000;0.0000
602;460.79;776.7500;25088.7000;1002.8000;226.0500;0.9298;2.0316;0.0000;-776.7500;0.0000;6.8165;0.0000;-776.7500;0.0000;6.8165;1.0000;0.0000;0.0000;0.0000;0.0000
603;461.14;782.9500;25855.8000;978.8000;195.8500;0.7811;2.1073;0.0000;-782.9500;0.0000;6.8165;0.0000;-782.9500;0.0000;6.8165;1.0000;0.0000;0.0000;0.0000;0.0000
604;461.49;786.6500;25791.2500;991.6000;204.9500;0.8196;2.0864;0.0000;-786.6500;0.0000;6.8165;0.0000;-786.6500;0.0000;6.8165;1.0000;0.0000;0.0000;0.0000;0.0000
605;461.85;781.6000;26285.9500;1000.9500;219.3500;0.8600;2.0655;0.0000;-781.6000;0.0000;6.8165;0.0000;-781.6000;0.0000;6.8165;1.0000;0.0000;0.0000;0.0000;0.0000
606;462.20;786.7000;27192.9000;987.1000;200.4000;0.7589;2.1198;0.0000;-786.7000;0.0000;6.8165;0.0000;-786.7000;0.0000;6.8165;1.0000;0.0000;0.0000;0.0000;0.0000
607;462.55;785.6000;26589.1000;992.3000;206.7000;0.8011;2.0963;0.0000;-785.6000;0.0000;6.8165;0.0000;-785.6000;0.0000;6.8165;1.0000;0.0000;0.0000;0.0000;0.0000
608;462.90;783.3500;27797.1500;988.0500;204.7000;0.7578;2.1205;0.0000;-783.3500;0.0000;6.8165;0.0000;-783.3500;0.0000;6.8165;1.0000;0.0000;0.0000;0.0000;0.0000
609;463.26;780.9500;28777.3500;1000.2500;219.3000;0.7833;2.1061;0.0000;-780.9500;0.0000;6.8165;0.0000;-780.9500;0.0000;6.8165;1.0000;0.0000;0.0000;0.0000;0.0000
610;463.61;787.0000;28237.9000;999.6000;212.6000;0.7745;2.1110;0.0000;-787.0000;0.0000;6.8165;0.0000;-787.0000;0.0000;6.8165;1.0000;0.0000;0.0000;0.0000;0.0000
611;463.96;797.2000;27889.8000;995.6500;198.4500;0.7325;2.1352;0.0000;-797.2000;0.0000;6.8165;0.0000;-797.2000;0.0000;6.8165;1.0000;0.0000;0.0000;0.0000;0.0000
612;464.31;807.0000;28358.0000;987.7500;180.7500;0.6561;2.1831;0.0000;-807.0000;0.0000;6.8165;0.0000;-807.0000;0.0000;6.8165;1.0000;0.0000;0.0000;0.0000;0.0000
613;464.66;797.2500;28112.1500;1001.0500;203.8000;0.7461;2.1272;0.0000;-797.2500;0.0000;6.8165;0.0000;-797.2500;0.0000;6.8165;1.0000;0.0000;0.0000;0.0000;0.0000
614;465.02;789.4500;28121.1000;979.9000;190.4500;0.6968;2.1569;0.0000;-789.4500;0.0000;6.8165;0.0000;-789.4500;0.0000;6.8165;1.0000;0.0000;0.0000;0.0000;0.0000
615;465.37;793.6500;28931.7500;1003.7000;210.0500;0.7465;2.1270;0.0000;-793.6500;0.0000;6.8165;0.0000;-793.6500;0.0000;6.8165;1.0000;0.0000;0.0000;0.0000;0.0000
616;465.72;786.1000;28748.7500;996.5000;210.4000;0.7524;2.1235;0.0000;-786.1000;0.0000;6.8165;0.0000;-786.1000;0.0000;6.8165;1.0000;0.0000;0.0000;0.0000;0.0000
617;466.07;794.3500;28190.4500;999.2000;204.8500;0.7477;2.1263;0.0000;-794.3500;0.0000;6.8165;0.0000;-794.3500;0.0000;6.8165;1.0000;0.0000;0.0000;0.0000;0.0000
618;466.42;784.5000;29325.1000;1000.7500;216.2500;0.7577;2.1205;0.0000;-784.5000;0.0000;6.8165;0.0000;-784.5000;0.0000;6.8165;1.0000;0.0000;0.0000;0.0000;0.0000
619;466.77;783.9500;29390.4000;989.7000;205.7500;0.7192;2.1431;0.0000;-783.9500;0.0000;6.8165;0.0000;-783.9500;0.0000;6.8165;1.0000;0.0000;0.0000;0.0000;0.0000
620;467.12;773.1000;30296.1000;1010.2500;237.1500;0.8033;2.0951;0.0000;-773.1000;0.0000;6.8165;0.0000;-773.1000;0.0000;6.8165;1.0000;0.0000;0.0000;0.0000;0.0000
621;467.48;794.3500;31832.4000;1000.7500;206.4000;0.6650;2.1772;0.0000;-794.3500;0.0000;6.8165;0.0000;-794.3500;0.0000;6.8165;1.0000;0.0000;0.0000;0.0000;0.0000
622;467.83;781.9000;33537.3500;997.1500;215.2500;0.6571;2.1823;0.0000;-781.9000;0.0000;6.8165;0.0000;-781.9000;0.0000;6.8165;1.0000;0.0000;0.0000;0.0000;0.0000
623;468.18;793.1000;33581.5500;995.3000;202.2000;0.6167;2.2099;0.0000;-793.1000;0.0000;6.8165;0.0000;-793.1000;0.0000;6.8165;1.0000;0.0000;0.0000;0.0000;0.0000
624;468.53;777.7000;34227.1500;1005.3000;227.6000;0.6804;2.1672;0.0000;-777.7000;0.0000;6.8165;0.0000;-777.7000;0.0000;6.8165;1.0000;0.0000;0.0000;0.0000;0.0000
625;468.88;769.5000;33317.8500;993.2000;223.7000;0.6873;2.1629;0.0000;-769.5000;0.0000;6.8165;0.0000;-769.5000;0.0000;6.8165;1.0000;0.0000;0.0000;0.0000;0.0000
626;469.23;784.5500;33330.6500;999.3000;214.7500;0.6598;2.1806;0.0000;-784.5500;0.0000;6.8165;0.0000;-784.5500;0.0000;6.8165;1.0000;0.0000;0.0000;0.0000;0.0000
627;469.58;788.1000;33501.0000;996.8500;208.7500;0.6381;2.1951;0.0000;-788.1000;0.0000;6.8165;0.0000;-788.1000;0.0000;6.8165;1.0000;0.0000;0.0000;0.0000;0.0000
628;469.93;777.8000;33051.9000;1005.5500;227.7500;0.7057;2.1514;0.0000;-777.8000;0.0000;6.8165;0.0000;-777.8000;0.0000;6.8165;1.0000;0.0000;0.0000;0.0000;0.0000
629;470.28;792.0000;32997.2000;1002.0500;210.0500;0.6522;2.1856;0.0000;-792.0000;0.0000;6.8165;0.0000;-792.0000;0.0000;6.8165;1.0000;0.0000;0.0000;0.0000;0.0000
630;470.63;780.6000;32537.5000;1006.6500;226.0500;0.7118;2.1476;0.0000;-780.6000;0.0000;6.8165;0.0000;-780.6000;0.0000;6.8165;1.0000;0.0000;0.0000;0.0000;0.0000
631;470.98;790.1500;32453.8500;993.2500;203.1000;0.6414;2.1929;0.0000;-790.1500;0.0000;6.8165;0.0000;-790.1500;0.0000;6.8165;1.0000;0.0000;0.0000;0.0000;0.0000
632;471.33;800.2000;31731.4000;1004.9500;204.7500;0.6620;2.1792;0.0000;-800.2000;0.0000;6.8165;0.0000;-800.2000;0.0000;6.8165;1.0000;0.0000;0.0000;0.0000;0.0000
633;471.68;791.1500;32259.2000;1023.9000;232.7500;0.7396;2.1310;0.0000;-791.1500;0.0000;6.8165;0.0000;-791.1500;0.0000;6.8165;1.0000;0.0000;0.0000;0.0000;0.0000
634;472.03;779.6000;31622.5000;997.8500;218.2500;0.7076;2.1502;0.0000;-779.6000;0.0000;6.8165;0.0000;-779.6000;0.0000;6.8165;1.0000;0.0000;0.0000;0.0000;0.0000
635;472.38;795.6000;31195.6000;997.8500;202.2500;0.6653;2.1770;0.0000;-795.6000;0.0000;6.8165;0.0000;-795.6000;0.0000;6.8165;1.0000;0.0000;0.0000;0.0000;0.0000
636;472.73;787.6500;32501.0500;1013.1500;225.5000;0.7111;2.1481;0.0000;-787.6500;0.0000;6.8165;0.0000;-787.6500;0.0000;6.8165;1.0000;0.0000;0.0000;0.0000;0.0000
637;473.08;785.9500;34298.6000;1012.4000;226.4500;0.6757;2.1702;0.0000;-785.9500;0.0000;6.8165;0.0000;-785.9500;0.0000;6.8165;1.0000;0.0000;0.0000;0.0000;0.0000
638;473.43;779.3500;36246.1500;1011.7000;232.3500;0.6551;2.1837;0.0000;-779.3500;0.0000;6.8165;0.0000;-779.3500;0.0000;6.8165;1.0000;0.0000;0.0000;0.0000;0.0000
639;473.78;789.4500;37886.2000;999.9500;210.5000;0.5674;2.2461;0.0000;-789.4500;0.0000;6.8165;0.0000;-789.4500;0.0000;6.8165;1.0000;0.0000;0.0000;0.0000;0.0000
640;474.13;785.9000;36619.0500;1015.8000;229.9000;0.6416;2.1927;0.0000;-785.9000;0.0000;6.8165;0.0000;-785.9000;0.0000;6.8165;1.0000;0.0000;0.0000;0.0000;0.0000
641;474.48;792.7500;35499.2000;981.7500;189.0000;0.5446;2.2639;0.0000;-792.7500;0.0000;6.8165;0.0000;-792.7500;0.0000;6.8165;1.0000;0.0000;0.0000;0.0000;0.0000
642;474.83;784.7500;32801.7500;998.0000;213.2500;0.6661;2.1765;0.0000;-784.7500;0.0000;6.8165;0.0000;-784.7500;0.0000;6.8165;1.0000;0.0000;0.0000;0.0000;0.0000
643;475.18;786.8000;32349.0500;1008.0000;221.2000;0.7008;2.1544;0.0000;-786.8000;0.0000;6.8165;0.0000;-786.8000;0.0000;6.8165;1.0000;0.0000;0.0000;0.0000;0.0000
644;475.52;782.5500;31983.4500;1010.9000;228.3500;0.7319;2.1356;0.0000;-782.5500;0.0000;6.8165;0.0000;-782.5500;0.0000;6.8165;1.0000;0.0000;0.0000;0.0000;0.0000
645;475.87;793.9000;32007.8000;1008.9000;215.0000;0.6888;2.1619;0.0000;-793.9000;0.0000;6.8165;0.0000;-793.9000;0.0000;6.8165;1.0000;0.0000;0.0000;0.0000;0.0000
646;476.22;798.7500;31846.6500;1015.3000;216.5500;0.6975;2.1565;0.0000;-798.7500;0.0000;6.8165;0.0000;-798.7500;0.0000;6.8165;1.0000;0.0000;0.0000;0.0000;0.0000
647;476.57;781.3000;31570.7500;1009.1000;227.8000;0.7399;2.1308;0.0000;-781.3000;0.0000;6.8165;0.0000;-781.3000;0.0000;6.8165;1.0000;0.0000;0.0000;0.0000;0.0000
648;476.92;781.9500;31101.9500;1009.9000;227.9500;0.7518;2.1239;0.0000;-781.9500;0.0000;6.8165;0.0000;-781.9500;0.0000;6.8165;1.0000;0.0000;0.0000;0.0000;0.0000
649;477.27;794.9500;31403.5500;1018.4000;223.4500;0.7300;2.1367;0.0000;-794.9500;0.0000;6.8165;0.0000;-794.9500;0.0000;6.8165;1.0000;0.0000;0.0000;0.0000;0.0000
650;477.62;785.9000;32125.2000;1029.5000;243.6000;0.7773;2.1094;0.0000;-785.9000;0.0000;6.8165;0.0000;-785.9000;0.0000;6.8165;1.0000;0.0000;0.0000;0.0000;0.0000
651;477.96;803.0500;31679.8000;1017.8500;214.8000;0.6957;2.1576;0.0000;-803.0500;0.0000;6.8165;0.0000;-803.0500;0.0000;6.8165;1.0000;0.0000;0.0000;0.0000;0.0000
652;478.31;791.1500;32004.3500;1011.7000;220.5500;0.7066;2.1508;0.0000;-791.1500;0.0000;6.8165;0.0000;-791.1500;0.0000;6.8165;1.0000;0.0000;0.0000;0.0000;0.0000
653;478.66;784.2000;32535.4500;1010.5500;226.3500;0.7129;2.1470;0.0000;-784.2000;0.0000;6.8165;0.0000;-784.2000;0.0000;6.8165;1.0000;0.0000;0.0000;0.0000;0.0000
654;479.01;786.9500;33162.7500;1008.5000;221.5500;0.6843;2.1647;0.0000;-786.9500;0.0000;6.8165;0.0000;-786.9500;0.0000;6.8165;1.0000;0.0000;0.0000;0.0000;0.0000
655;479.36;768.5500;33024.4500;1021.2500;252.7000;0.7834;2.1060;0.0000;-768.5500;0.0000;6.8165;0.0000;-768.5500;0.0000;6.8165;1.0000;0.0000;0.0000;0.0000;0.0000
656;479.70;782.1000;33319.8000;1007.1500;225.0500;0.6917;2.1601;0.0000;-782.1000;0.0000;6.8165;0.0000;-782.1000;0.0000;6.8165;1.0000;0.0000;0.0000;0.0000;0.0000
657;480.05;780.1500;33758.1500;1009.5500;229.4000;0.6956;2.1576;0.0000;-780.1500;0.0000;6.8165;0.0000;-780.1500;0.0000;6.8165;1.0000;0.0000;0.0000;0.0000;0.0000
658;480.40;790.9000;34953.1000;1002.6500;211.7500;0.6198;2.2077;0.0000;-790.9000;0.0000;6.8165;0.0000;-790.9000;0.0000;6.8165;1.0000;0.0000;0.0000;0.0000;0.0000
659;480.75;794.0500;35642.2000;1010.2500;216.2000;0.6204;2.2073;0.0000;-794.0500;0.0000;6.8165;0.0000;-794.0500;0.0000;6.8165;1.0000;0.0000;0.0000;0.0000;0.0000
660;481.09;784.6500;36707.8000;1029.3500;244.7000;0.6812;2.1667;0.0000;-784.6500;0.0000;6.8165;0.0000;-784.6500;0.0000;6.8165;1.0000;0.0000;0.0000;0.0000;0.0000
661;481.44;790.1000;37086.7500;1039.6000;249.5000;0.6874;2.1628;0.0000;-790.1000;0.0000;6.8165;0.0000;-790.1000;0.0000;6.8165;1.0000;0.0000;0.0000;0.0000;0.0000
662;481.79;769.1000;37600.4500;1029.6500;260.5500;0.7074;2.1503;0.0000;-769.1000;0.0000;6.8165;0.0000;-769.1000;0.0000;6.8165;1.0000;0.0000;0.0000;0.0000;0.0000
663;482.14;796.6000;38088.2000;1023.3000;226.7000;0.6079;2.2162;0.0000;-796.6000;0.0000;6.8165;0.0000;-796.6000;0.0000;6.8165;1.0000;0.0000;0.0000;0.0000;0.0000
664;482.48;789.6500;38488.0000;1024.0500;234.4000;0.6218;2.2064;0.0000;-789.6500;0.0000;6.8165;0.0000;-789.6500;0.0000;6.8165;1.0000;0.0000;0.0000;0.0000;0.0000
665;482.83;777.7000;38457.3500;1038.9000;261.2000;0.6932;2.1591;0.0000;-777.7000;0.0000;6.8165;0.0000;-777.7000;0.0000;6.8165;1.0000;0.0000;0.0000;0.0000;0.0000
666;483.18;771.9000;38747.0000;1038.7500;266.8500;0.7027;2.1532;0.0000;-771.9000;0.0000;6.8165;0.0000;-771.9000;0.0000;6.8165;1.0000;0.0000;0.0000;0.0000;0.0000
667;483.52;796.1000;39450.4500;1021.6500;225.5500;0.5835;2.2340;0.0000;-796.1000;0.0000;6.8165;0.0000;-796.1000;0.0000;6.8165;1.0000;0.0000;0.0000;0.0000;0.0000
668;483.87;773.4500;39274.9500;1032.6000;259.1500;0.6731;2.1719;0.0000;-773.4500;0.0000;6.8165;0.0000;-773.4500;0.0000;6.8165;1.0000;0.0000;0.0000;0.0000;0.0000
669;484.22;783.4500;39356.0500;1037.1000;253.6500;0.6576;2.1820;0.0000;-783.4500;0.0000;6.8165;0.0000;-783.4500;0.0000;6.8165;1.0000;0.0000;0.0000;0.0000;0.0000
670;484.56;789.9500;39532.5500;1027.1500;237.2000;0.6122;2.2131;0.0000;-789.9500;0.0000;6.8165;0.0000;-789.9500;0.0000;6.8165;1.0000;0.0000;0.0000;0.0000;0.0000
671;484.91;783.3000;39500.5500;1047.5000;264.2000;0.6824;2.1660;0.0000;-783.3000;0.0000;6.8165;0.0000;-783.3000;0.0000;6.8165;1.0000;0.0000;0.0000;0.0000;0.0000
672;485.26;790.0500;39397.6500;1042.3500;252.3000;0.6535;2.1848;0.0000;-790.0500;0.0000;6.8165;0.0000;-790.0500;0.0000;6.8165;1.0000;0.0000;0.0000;0.0000;0.0000
673;485.60;785.5000;38785.4500;1034.7000;249.2000;0.6558;2.1832;0.0000;-785.5000;0.0000;6.8165;0.0000;-785.5000;0.0000;6.8165;1.0000;0.0000;0.0000;0.0000;0.0000
674;485.95;790.5000;38473.9000;1031.6500;241.1500;0.6399;2.1939;0.0000;-790.5000;0.0000;6.8165;0.0000;-790.5000;0.0000;6.8165;1.0000;0.0000;0.0000;0.0000;0.0000
675;486.30;792.7500;38236.7000;1019.7000;226.9500;0.6061;2.2175;0.0000;-792.7500;0.0000;6.8165;0.0000;-792.7500;0.0000;6.8165;1.0000;0.0000;0.0000;0.0000;0.0000
676;486.64;785.8500;38527.6500;1032.9500;247.1000;0.6547;2.1839;0.0000;-785.8500;0.0000;6.8165;0.0000;-785.8500;0.0000;6.8165;1.0000;0.0000;0.0000;0.0000;0.0000
677;486.99;788.1500;38367.9500;1052.7000;264.5500;0.7040;2.1524;0.0000;-788.1500;0.0000;6.8165;0.0000;-788.1500;0.0000;6.8165;1.0000;0.0000;0.0000;0.0000;0.0000
678;487.33;797.8500;38603.0000;1040.9500;243.1000;0.6430;2.1918;0.0000;-797.8500;0.0000;6.8165;0.0000;-797.8500;0.0000;6.8165;1.0000;0.0000;0.0000;0.0000;0.0000
679;487.68;785.4500;38439.7000;1045.3500;259.9000;0.6902;2.1610;0.0000;-785.4500;0.0000;6.8165;0.0000;-785.4500;0.0000;6.8165;1.0000;0.0000;0.0000;0.0000;0.0000
680;488.02;804.6500;38962.6500;1043.9500;239.3000;0.6271;2.2026;0.0000;-804.6500;0.0000;6.8165;0.0000;-804.6500;0.0000;6.8165;1.0000;0.0000;0.0000;0.0000;0.0000
681;488.37;791.1500;39147.5000;1060.9000;269.7500;0.7033;2.1529;0.0000;-791.1500;0.0000;6.8165;0.0000;-791.1500;0.0000;6.8165;1.0000;0.0000;0.0000;0.0000;0.0000
682;488.72;794.6500;39566.9000;1053.1000;258.4500;0.6666;2.1761;0.0000;-794.6500;0.0000;6.8165;0.0000;-794.6500;0.0000;6.8165;1.0000;0.0000;0.0000;0.0000;0.0000
683;489.06;798.0500;39279.3000;1055.7000;257.6500;0.6695;2.1742;0.0000;-798.0500;0.0000;6.8165;0.0000;-798.0500;0.0000;6.8165;1.0000;0.0000;0.0000;0.0000;0.0000
684;489.41;784.2000;39448.5500;1056.5000;272.3000;0.7043;2.1523;0.0000;-784.2000;0.0000;6.8165;0.0000;-784.2000;0.0000;6.8165;1.0000;0.0000;0.0000;0.0000;0.0000
685;489.75;793.3500;39411.1000;1058.9500;265.6000;0.6878;2.1626;0.0000;-793.3500;0.0000;6.8165;0.0000;-793.3500;0.0000;6.8165;1.0000;0.0000;0.0000;0.0000;0.0000
686;490.10;790.9500;39512.9500;1063.8500;272.9000;0.7048;2.1520;0.0000;-790.9500;0.0000;6.8165;0.0000;-790.9500;0.0000;6.8165;1.0000;0.0000;0.0000;0.0000;0.0000
687;490.44;784.4000;39863.1500;1067.7000;283.3000;0.7249;2.1397;0.0000;-784.4000;0.0000;6.8165;0.0000;-784.4000;0.0000;6.8165;1.0000;0.0000;0.0000;0.0000;0.0000
688;490.79;790.4500;40515.7500;1062.0000;271.5500;0.6836;2.1652;0.0000;-790.4500;0.0000;6.8165;0.0000;-790.4500;0.0000;6.8165;1.0000;0.0000;0.0000;0.0000;0.0000
689;491.13;794.7500;40434.5000;1066.6500;271.9000;0.6859;2.1637;0.0000;-794.7500;0.0000;6.8165;0.0000;-794.7500;0.0000;6.8165;1.0000;0.0000;0.0000;0.0000;0.0000
690;491.48;775.9500;41256.9500;1052.2000;276.2500;0.6824;2.1659;0.0000;-775.9500;0.0000;6.8165;0.0000;-775.9500;0.0000;6.8165;1.0000;0.0000;0.0000;0.0000;0.0000
691;491.82;780.2500;42780.4000;1067.6500;287.4000;0.6843;2.1648;0.0000;-780.2500;0.0000;6.8165;0.0000;-780.2500;0.0000;6.8165;1.0000;0.0000;0.0000;0.0000;0.0000
692;492.16;787.9500;44018.2000;1076.5500;288.6000;0.6676;2.1755;0.0000;-787.9500;0.0000;6.8165;0.0000;-787.9500;0.0000;6.8165;1.0000;0.0000;0.0000;0.0000;0.0000
693;492.51;781.2500;44460.6500;1086.7000;305.4500;0.6993;2.1553;0.0000;-781.2500;0.0000;6.8165;0.0000;-781.2500;0.0000;6.8165;1.0000;0.0000;0.0000;0.0000;0.0000
694;492.85;781.5000;44293.3500;1070.5000;289.0000;0.6642;2.1777;0.0000;-781.5000;0.0000;6.8165;0.0000;-781.5000;0.0000;6.8165;1.0000;0.0000;0.0000;0.0000;0.0000
695;493.20;777.0500;43898.2500;1071.2500;294.2000;0.6823;2.1660;0.0000;-777.0500;0.0000;6.8165;0.0000;-777.0500;0.0000;6.8165;1.0000;0.0000;0.0000;0.0000;0.0000
696;493.54;782.0500;44383.3500;1077.2000;295.1500;0.6769;2.1695;0.0000;-782.0500;0.0000;6.8165;0.0000;-782.0500;0.0000;6.8165;1.0000;0.0000;0.0000;0.0000;0.0000
697;493.89;776.0000;43851.8000;1077.9500;301.9500;0.7010;2.1543;0.0000;-776.0000;0.0000;6.8165;0.0000;-776.0000;0.0000;6.8165;1.0000;0.0000;0.0000;0.0000;0.0000
698;494.23;784.9000;43494.1000;1080.4000;295.5000;0.6919;2.1600;0.0000;-784.9000;0.0000;6.8165;0.0000;-784.9000;0.0000;6.8165;1.0000;0.0000;0.0000;0.0000;0.0000
699;494.57;801.2000;42652.9000;1088.5500;287.3500;0.6866;2.1633;0.0000;-801.2000;0.0000;6.8165;0.0000;-801.2000;0.0000;6.8165;1.0000;0.0000;0.0000;0.0000;0.0000
700;494.92;802.9500;43168.0000;1094.4000;291.4500;0.6879;2.1624;0.0000;-802.9500;0.0000;6.8165;0.0000;-802.9500;0.0000;6.8165;1.0000;0.0000;0.0000;0.0000;0.0000
701;495.26;784.1000;42649.7000;1089.9500;305.8500;0.7306;2.1363;0.0000;-784.1000;0.0000;6.8165;0.0000;-784.1000;0.0000;6.8165;1.0000;0.0000;0.0000;0.0000;0.0000
702;495.60;785.2000;42068.2000;1083.2000;298.0000;0.7218;2.1416;0.0000;-785.2000;0.0000;6.8165;0.0000;-785.2000;0.0000;6.8165;1.0000;0.0000;0.0000;0.0000;0.0000
703;495.95;798.8000;41949.3500;1094.7000;295.9000;0.7191;2.1432;0.0000;-798.8000;0.0000;6.8165;0.0000;-798.8000;0.0000;6.8165;1.0000;0.0000;0.0000;0.0000;0.0000
704;496.29;795.9000;41880.7000;1090.9000;295.0000;0.7180;2.1439;0.0000;-795.9000;0.0000;6.8165;0.0000;-795.9000;0.0000;6.8165;1.0000;0.0000;0.0000;0.0000;0.0000
705;496.63;801.5500;41824.1000;1080.6500;279.1000;0.6804;2.1673;0.0000;-801.5500;0.0000;6.8165;0.0000;-801.5500;0.0000;6.8165;1.0000;0.0000;0.0000;0.0000;0.0000
706;496.98;794.4000;41645.5500;1102.8000;308.4000;0.7549;2.1221;0.0000;-794.4000;0.0000;6.8165;0.0000;-794.4000;0.0000;6.8165;1.0000;0.0000;0.0000;0.0000;0.0000
707;497.32;797.8000;41862.1500;1084.7500;286.9500;0.6988;2.1557;0.0000;-797.8000;0.0000;6.8165;0.0000;-797.8000;0.0000;6.8165;1.0000;0.0000;0.0000;0.0000;0.0000
708;497.66;780.1000;41301.9000;1079.1500;299.0500;0.7380;2.1319;0.0000;-780.1000;0.0000;6.8165;0.0000;-780.1000;0.0000;6.8165;1.0000;0.0000;0.0000;0.0000;0.0000
709;498.01;793.5500;41088.3500;1099.9000;306.3500;0.7603;2.1190;0.0000;-793.5500;0.0000;6.8165;0.0000;-793.5500;0.0000;6.8165;1.0000;0.0000;0.0000;0.0000;0.0000
710;498.35;782.5500;41637.3500;1106.3500;323.8000;0.7926;2.1010;0.0000;-782.5500;0.0000;6.8165;0.0000;-782.5500;0.0000;6.8165;1.0000;0.0000;0.0000;0.0000;0.0000
711;498.69;795.4000;41575.8000;1094.9000;299.5000;0.7344;2.1341;0.0000;-795.4000;0.0000;6.8165;0.0000;-795.4000;0.0000;6.8165;1.0000;0.0000;0.0000;0.0000;0.0000
712;499.03;794.3000;41389.8000;1117.1000;322.8000;0.7952;2.0995;0.0000;-794.3000;0.0000;6.8165;0.0000;-794.3000;0.0000;6.8165;1.0000;0.0000;0.0000;0.0000;0.0000
713;499.38;794.7000;41230.9000;1103.3500;308.6500;0.7633;2.1173;0.0000;-794.7000;0.0000;6.8165;0.0000;-794.7000;0.0000;6.8165;1.0000;0.0000;0.0000;0.0000;0.0000
714;499.72;805.4000;41491.1000;1105.1000;299.7000;0.7366;2.1328;0.0000;-805.4000;0.0000;6.8165;0.0000;-805.4000;0.0000;6.8165;1.0000;0.0000;0.0000;0.0000;0.0000
715;500.06;786.4000;41380.7500;1121.2000;334.8000;0.8247;2.0837;0.0000;-786.4000;0.0000;6.8165;0.0000;-786.4000;0.0000;6.8165;1.0000;0.0000;0.0000;0.0000;0.0000
716;500.40;782.9500;41236.1500;1131.6000;348.6500;0.8619;2.0646;0.0000;-782.9500;0.0000;6.8165;0.0000;-782.9500;0.0000;6.8165;1.0000;0.0000;0.0000;0.0000;0.0000
717;500.75;777.2500;41249.3000;1124.8500;347.6000;0.8589;2.0661;0.0000;-777.2500;0.0000;6.8165;0.0000;-777.2500;0.0000;6.8165;1.0000;0.0000;0.0000;0.0000;0.0000
718;501.09;806.3000;41126.2000;1133.7000;327.4000;0.8120;2.0904;0.0000;-806.3000;0.0000;6.8165;0.0000;-806.3000;0.0000;6.8165;1.0000;0.0000;0.0000;0.0000;0.0000
719;501.43;777.7000;41078.5000;1131.7500;354.0500;0.8785;2.0562;0.0000;-777.7000;0.0000;6.8165;0.0000;-777.7000;0.0000;6.8165;1.0000;0.0000;0.0000;0.0000;0.0000
720;501.77;786.9500;41269.9500;1142.9000;355.9500;0.8793;2.0559;0.0000;-786.9500;0.0000;6.8165;0.0000;-786.9500;0.0000;6.8165;1.0000;0.0000;0.0000;0.0000;0.0000
721;502.11;800.8500;41448.3500;1160.3000;359.4500;0.8843;2.0534;0.0000;-800.8500;0.0000;6.8165;0.0000;-800.8500;0.0000;6.8165;1.0000;0.0000;0.0000;0.0000;0.0000
722;502.46;782.5000;41511.1500;1135.5000;353.0000;0.8667;2.0621;0.0000;-782.5000;0.0000;6.8165;0.0000;-782.5000;0.0000;6.8165;1.0000;0.0000;0.0000;0.0000;0.0000
723;502.80;788.0000;41294.5500;1144.0500;356.0500;0.8790;2.0560;0.0000;-788.0000;0.0000;6.8165;0.0000;-788.0000;0.0000;6.8165;1.0000;0.0000;0.0000;0.0000;0.0000
724;503.14;776.4000;41388.6500;1155.4500;379.0500;0.9333;2.0300;0.0000;-776.4000;0.0000;6.8165;0.0000;-776.4000;0.0000;6.8165;1.0000;0.0000;0.0000;0.0000;0.0000
725;503.48;774.4000;41717.7500;1147.4500;373.0500;0.9111;2.0404;0.0000;-774.4000;0.0000;6.8165;0.0000;-774.4000;0.0000;6.8165;1.0000;0.0000;0.0000;0.0000;0.0000
726;503.82;788.7500;42019.4500;1163.2000;374.4500;0.9082;2.0418;0.0000;-788.7500;0.0000;6.8165;0.0000;-788.7500;0.0000;6.8165;1.0000;0.0000;0.0000;0.0000;0.0000
727;504.16;781.3500;42147.0000;1152.6000;371.2500;0.8975;2.0470;0.0000;-781.3500;0.0000;6.8165;0.0000;-781.3500;0.0000;6.8165;1.0000;0.0000;0.0000;0.0000;0.0000
728;504.50;801.1500;42280.6500;1168.5500;367.4000;0.8857;2.0527;0.0000;-801.1500;0.0000;6.8165;0.0000;-801.1500;0.0000;6.8165;1.0000;0.0000;0.0000;0.0000;0.0000
729;504.84;788.1000;42475.8000;1164.4000;376.3000;0.9027;2.0445;0.0000;-788.1000;0.0000;6.8165;0.0000;-788.1000;0.0000;6.8165;1.0000;0.0000;0.0000;0.0000;0.0000
730;505.19;786.9500;41678.0500;1193.4000;406.4500;0.9940;2.0026;0.0000;-786.9500;0.0000;6.8165;0.0000;-786.9500;0.0000;6.8165;1.0000;0.0000;0.0000;0.0000;0.0000
731;505.53;791.6500;41121.0500;1171.9500;380.3000;0.9430;2.0255;0.0000;-791.6500;0.0000;6.8165;0.0000;-791.6500;0.0000;6.8165;1.0000;0.0000;0.0000;0.0000;0.0000
732;505.87;784.7000;41707.2500;1189.5000;404.8000;0.9892;2.0047;0.0000;-784.7000;0.0000;6.8165;0.0000;-784.7000;0.0000;6.8165;1.0000;0.0000;0.0000;0.0000;0.0000
733;506.21;791.7500;42060.4000;1186.6000;394.8500;0.9568;2.0192;0.0000;-791.7500;0.0000;6.8165;0.0000;-791.7500;0.0000;6.8165;1.0000;0.0000;0.0000;0.0000;0.0000
734;506.55;802.9500;42073.4500;1183.3500;380.4000;0.9217;2.0354;0.0000;-802.9500;0.0000;6.8165;0.0000;-802.9500;0.0000;6.8165;1.0000;0.0000;0.0000;0.0000;0.0000
735;506.89;807.2500;41981.2500;1202.5000;395.2500;0.9600;2.0178;0.0000;-807.2500;0.0000;6.8165;0.0000;-807.2500;0.0000;6.8165;1.0000;0.0000;0.0000;0.0000;0.0000
736;507.23;792.7000;42080.0500;1198.0000;405.3000;0.9817;2.0080;0.0000;-792.7000;0.0000;6.8165;0.0000;-792.7000;0.0000;6.8165;1.0000;0.0000;0.0000;0.0000;0.0000
737;507.57;778.0000;42342.9000;1199.0500;421.0500;1.0130;1.9944;0.0000;-778.0000;0.0000;6.8165;0.0000;-778.0000;0.0000;6.8165;1.0000;0.0000;0.0000;0.0000;0.0000
738;507.91;788.3000;42532.5000;1211.4000;423.1000;1.0136;1.9942;0.0000;-788.3000;0.0000;6.8165;0.0000;-788.3000;0.0000;6.8165;1.0000;0.0000;0.0000;0.0000;0.0000
739;508.25;781.5000;42778.8000;1219.8500;438.3500;1.0438;1.9814;0.0000;-781.5000;0.0000;6.8165;0.0000;-781.5000;0.0000;6.8165;1.0000;0.0000;0.0000;0.0000;0.0000
740;508.59;796.4000;42696.1000;1225.7000;429.3000;1.0246;1.9895;0.0000;-796.4000;0.0000;6.8165;0.0000;-796.4000;0.0000;6.8165;1.0000;0.0000;0.0000;0.0000;0.0000
741;508.93;794.0000;42611.6000;1224.2500;430.2500;1.0289;1.9876;0.0000;-794.0000;0.0000;6.8165;0.0000;-794.0000;0.0000;6.8165;1.0000;0.0000;0.0000;0.0000;0.0000
742;509.27;791.9000;42149.6000;1245.3500;453.4500;1.0964;1.9600;0.0000;-791.9000;0.0000;6.8165;0.0000;-791.9000;0.0000;6.8165;1.0000;0.0000;0.0000;0.0000;0.0000
743;509.61;779.8000;42160.2000;1238.1500;458.3500;1.1076;1.9556;0.0000;-779.8000;0.0000;6.8165;0.0000;-779.8000;0.0000;6.8165;1.0000;0.0000;0.0000;0.0000;0.0000
744;509.95;799.3000;42701.1500;1262.5000;463.2000;1.1054;1.9565;0.0000;-799.3000;0.0000;6.8165;0.0000;-799.3000;0.0000;6.8165;1.0000;0.0000;0.0000;0.0000;0.0000
745;510.29;793.6000;42866.4500;1271.8500;478.2500;1.1367;1.9443;0.0000;-793.6000;0.0000;6.8165;0.0000;-793.6000;0.0000;6.8165;1.0000;0.0000;0.0000;0.0000;0.0000
746;510.63;782.2500;43015.2000;1285.2500;503.0000;1.1910;1.9241;0.0000;-782.2500;0.0000;6.8165;0.0000;-782.2500;0.0000;6.8165;1.0000;0.0000;0.0000;0.0000;0.0000
747;510.97;780.6500;42633.2500;1308.3500;527.7000;1.2609;1.8993;0.0000;-780.6500;0.0000;6.8165;0.0000;-780.6500;0.0000;6.8165;1.0000;0.0000;0.0000;0.0000;0.0000
748;511.31;800.3500;42211.3000;1327.7500;527.4000;1.2736;1.8950;0.0000;-800.3500;0.0000;6.8165;0.0000;-800.3500;0.0000;6.8165;1.0000;0.0000;0.0000;0.0000;0.0000
749;511.65;801.6500;42336.6500;1346.0500;544.4000;1.3107;1.8825;0.0000;-801.6500;0.0000;6.8165;0.0000;-801.6500;0.0000;6.8165;1.0000;0.0000;0.0000;0.0000;0.0000
750;511.98;790.8000;43001.9500;1373.3500;582.5500;1.3801;1.8601;0.0000;-790.8000;0.0000;6.8165;0.0000;-790.8000;0.0000;6.8165;1.0000;0.0000;0.0000;0.0000;0.0000
751;512.32;796.8500;43212.2000;1396.6500;599.8000;1.4141;1.8495;0.0000;-796.8500;0.0000;6.8165;0.0000;-796.8500;0.0000;6.8165;1.0000;0.0000;0.0000;0.0000;0.0000
752;512.66;796.6500;42746.3000;1427.8500;631.2000;1.5047;1.8226;0.0000;-796.6500;0.0000;6.8165;0.0000;-796.6500;0.0000;6.8165;1.0000;0.0000;0.0000;0.0000;0.0000
753;513.00;786.0000;43046.1000;1470.5000;684.5000;1.6197;1.7906;0.0000;-786.0000;0.0000;6.8165;0.0000;-786.0000;0.0000;6.8165;1.0000;0.0000;0.0000;0.0000;0.0000
754;513.34;783.1500;43830.8500;1528.1500;745.0000;1.7306;1.7618;0.0000;-783.1500;0.0000;6.8165;0.0000;-783.1500;0.0000;6.8165;1.0000;0.0000;0.0000;0.0000;0.0000
755;513.68;792.8500;43841.6000;1589.7500;796.9000;1.8512;1.7326;0.0000;-792.8500;0.0000;6.8165;0.0000;-792.8500;0.0000;6.8165;1.0000;0.0000;0.0000;0.0000;0.0000
756;514.02;810.6500;44187.7500;1675.4000;864.7500;1.9936;1.7004;0.0000;-810.6500;0.0000;6.8165;0.0000;-810.6500;0.0000;6.8165;1.0000;0.0000;0.0000;0.0000;0.0000
757;514.36;790.9500;44093.3500;1782.7500;991.8000;2.2904;1.6401;0.0000;-790.9500;0.0000;6.8165;0.0000;-790.9500;0.0000;6.8165;1.0000;0.0000;0.0000;0.0000;0.0000
758;514.69;791.4500;43836.0000;1926.2000;1134.7500;2.6362;1.5790;0.0000;-791.4500;0.0000;6.8165;0.0000;-791.4500;0.0000;6.8165;1.0000;0.0000;0.0000;0.0000;0.0000
759;515.03;781.5500;44084.6500;2111.7000;1330.1500;3.0717;1.5126;0.0000;-781.5500;0.0000;6.8165;0.0000;-781.5500;0.0000;6.8165;1.0000;0.0000;0.0000;0.0000;0.0000
760;515.37;789.6000;43786.2500;2346.9000;1557.3000;3.6219;1.4411;0.0000;-789.6000;0.0000;6.8165;0.0000;-789.6000;0.0000;6.8165;1.0000;0.0000;0.0000;0.0000;0.0000
761;515.71;783.6000;43748.9500;2720.4500;1936.8500;4.5079;1.3460;0.0000;-783.6000;0.0000;6.8165;0.0000;-783.6000;0.0000;6.8165;1.0000;0.0000;0.0000;0.0000;0.0000
762;516.05;792.6500;43820.3500;3161.8000;2369.1500;5.5061;1.2592;0.0000;-792.6500;0.0000;6.8165;0.0000;-792.6500;0.0000;6.8165;1.0000;0.0000;0.0000;0.0000;0.0000
763;516.38;778.7000;44500.9000;3778.2500;2999.5500;6.8605;1.1636;0.0000;-778.7000;0.0000;6.8165;0.0000;-778.7000;0.0000;6.8165;1.0000;0.0000;0.0000;0.0000;0.0000
764;516.72;796.8000;44680.6500;4637.9000;3841.1000;8.7529;1.0578;0.0000;-796.8000;0.0000;6.8165;0.0000;-796.8000;0.0000;6.8165;1.0000;0.0000;0.0000;0.0000;0.0000
765;517.06;792.0000;44356.3000;5851.4000;5059.4000;11.6136;0.9350;0.0000;-792.0000;0.0000;6.8165;0.0000;-792.0000;0.0000;6.8165;1.0000;0.0000;0.0000;0.0000;0.0000
766;517.40;793.7000;44207.3500;7592.5500;6798.8500;15.6606;0.8052;0.0000;-793.7000;0.0000;6.8165;0.0000;-793.7000;0.0000;6.8165;1.0000;0.0000;0.0000;0.0000;0.0000
767;517.73;806.8000;44689.1500;10027.4500;9220.6500;21.0122;0.6775;0.0000;-806.8000;0.0000;6.8165;0.0000;-806.8000;0.0000;6.8165;1.0000;0.0000;0.0000;0.0000;0.0000
768;518.07;780.2000;44563.4000;12952.0000;12171.8000;27.8002;0.5560;0.0000;-780.2000;0.0000;6.8165;0.0000;-780.2000;0.0000;6.8165;1.0000;0.0000;0.0000;0.0000;0.0000
769;518.41;793.7500;44873.6500;16499.6000;15705.8500;35.6304;0.4482;0.0000;-793.7500;0.0000;6.8165;0.0000;-793.7500;0.0000;6.8165;1.0000;0.0000;0.0000;0.0000;0.0000
770;518.75;792.6500;45118.6000;20805.4000;20012.7500;45.1491;0.3454;0.0000;-792.6500;0.0000;6.8165;0.0000;-792.6500;0.0000;6.8165;1.0000;0.0000;0.0000;0.0000;0.0000
771;519.08;800.2000;45128.6500;25510.1500;24709.9500;55.7429;0.2538;0.0000;-800.2000;0.0000;6.8165;0.0000;-800.2000;0.0000;6.8165;1.0000;0.0000;0.0000;0.0000;0.0000
772;519.42;796.0000;44968.6000;30132.1500;29336.1500;66.4125;0.1777;0.0000;-796.0000;0.0000;6.8165;0.0000;-796.0000;0.0000;6.8165;1.0000;0.0000;0.0000;0.0000;0.0000
773;519.76;800.2500;45280.9000;34184.4000;33384.1500;75.0532;0.1246;0.0000;-800.2500;0.0000;6.8165;0.0000;-800.2500;0.0000;6.8165;1.0000;0.0000;0.0000;0.0000;0.0000
774;520.09;783.3000;45463.4500;37406.0500;36622.7500;81.9665;0.0864;0.0000;-783.3000;0.0000;6.8165;0.0000;-783.3000;0.0000;6.8165;1.0000;0.0000;0.0000;0.0000;0.0000
775;520.43;789.6000;45232.9000;39651.1000;38861.5000;87.4406;0.0583;0.0000;-789.6000;0.0000;6.8165;0.0000;-789.6000;0.0000;6.8165;1.0000;0.0000;0.0000;0.0000;0.0000
776;520.77;772.9000;45064.7000;41218.9000;40446.0000;91.3171;0.0394;0.0000;-772.9000;0.0000;6.8165;0.0000;-772.9000;0.0000;6.8165;1.0000;0.0000;0.0000;0.0000;0.0000
777;521.10;781.1000;44715.9500;41845.7500;41064.6500;93.4671;0.0293;0.0000;-781.1000;0.0000;6.8165;0.0000;-781.1000;0.0000;6.8165;1.0000;0.0000;0.0000;0.0000;0.0000
778;521.44;795.5000;44687.0500;41626.4500;40830.9500;93.0269;0.0314;0.0000;-795.5000;0.0000;6.8165;0.0000;-795.5000;0.0000;6.8165;1.0000;0.0000;0.0000;0.0000;0.0000
779;521.78;787.2000;45343.5000;42199.1500;41411.9500;92.9430;0.0318;0.0000;-787.2000;0.0000;6.8165;0.0000;-787.2000;0.0000;6.8165;1.0000;0.0000;0.0000;0.0000;0.0000
780;522.11;778.3000;45772.5000;42176.2000;41397.9000;92.0072;0.0362;0.0000;-778.3000;0.0000;6.8165;0.0000;-778.3000;0.0000;6.8165;1.0000;0.0000;0.0000;0.0000;0.0000
781;522.45;786.3000;45900.6500;42277.2000;41490.9000;91.9683;0.0364;0.0000;-786.3000;0.0000;6.8165;0.0000;-786.3000;0.0000;6.8165;1.0000;0.0000;0.0000;0.0000;0.0000
782;522.78;792.7000;45133.9000;42309.8500;41517.1500;93.6311;0.0286;0.0000;-792.7000;0.0000;6.8165;0.0000;-792.7000;0.0000;6.8165;1.0000;0.0000;0.0000;0.0000;0.0000
783;523.12;790.7500;45047.4000;42311.2500;41520.5000;93.8175;0.0277;0.0000;-790.7500;0.0000;6.8165;0.0000;-790.7500;0.0000;6.8165;1.0000;0.0000;0.0000;0.0000;0.0000
784;523.46;789.3500;45752.4000;42436.8000;41647.4500;92.6259;0.0333;0.0000;-789.3500;0.0000;6.8165;0.0000;-789.3500;0.0000;6.8165;1.0000;0.0000;0.0000;0.0000;0.0000
785;523.79;791.0500;45894.8500;42078.3000;41287.2500;91.5383;0.0384;0.0000;-791.0500;0.0000;6.8165;0.0000;-791.0500;0.0000;6.8165;1.0000;0.0000;0.0000;0.0000;0.0000
786;524.13;787.3000;45891.9500;42223.4000;41436.1000;91.8666;0.0368;0.0000;-787.3000;0.0000;6.8165;0.0000;-787.3000;0.0000;6.8165;1.0000;0.0000;0.0000;0.0000;0.0000
787;524.46;791.5000;45589.3500;42596.4000;41804.9000;93.3190;0.0300;0.0000;-791.5000;0.0000;6.8165;0.0000;-791.5000;0.0000;6.8165;1.0000;0.0000;0.0000;0.0000;0.0000
788;524.80;792.0000;45018.3000;42430.1500;41638.1500;94.1479;0.0262;0.0000;-792.0000;0.0000;6.8165;0.0000;-792.0000;0.0000;6.8165;1.0000;0.0000;0.0000;0.0000;0.0000
789;525.13;792.9000;45364.4000;42417.0000;41624.1000;93.3873;0.0297;0.0000;-792.9000;0.0000;6.8165;0.0000;-792.9000;0.0000;6.8165;1.0000;0.0000;0.0000;0.0000;0.0000
790;525.47;803.4000;46657.8500;43099.1000;42295.7000;92.2390;0.0351;0.0000;-803.4000;0.0000;6.8165;0.0000;-803.4000;0.0000;6.8165;1.0000;0.0000;0.0000;0.0000;0.0000
791;525.80;791.7500;47038.8500;43793.8500;43002.1000;92.9833;0.0316;0.0000;-791.7500;0.0000;6.8165;0.0000;-791.7500;0.0000;6.8165;1.0000;0.0000;0.0000;0.0000;0.0000
792;526.14;780.7000;46611.0000;43567.7000;42787.0000;93.3596;0.0298;0.0000;-780.7000;0.0000;6.8165;0.0000;-780.7000;0.0000;6.8165;1.0000;0.0000;0.0000;0.0000;0.0000
793;526.47;793.3500;46258.3000;43701.3000;42907.9500;94.3759;0.0251;0.0000;-793.3500;0.0000;6.8165;0.0000;-793.3500;0.0000;6.8165;1.0000;0.0000;0.0000;0.0000;0.0000
794;526.81;793.7500;45705.0000;43944.4000;43150.6500;96.0798;0.0174;0.0000;-793.7500;0.0000;6.8165;0.0000;-793.7500;0.0000;6.8165;1.0000;0.0000;0.0000;0.0000;0.0000
795;527.14;786.8000;46397.5500;44720.5500;43933.7500;96.3232;0.0163;0.0000;-786.8000;0.0000;6.8165;0.0000;-786.8000;0.0000;6.8165;1.0000;0.0000;0.0000;0.0000;0.0000
796;527.48;780.8000;46870.1000;44672.4500;43891.6500;95.2318;0.0212;0.0000;-780.8000;0.0000;6.8165;0.0000;-780.8000;0.0000;6.8165;1.0000;0.0000;0.0000;0.0000;0.0000
797;527.81;802.0000;47069.9000;44559.0500;43757.0500;94.5732;0.0242;0.0000;-802.0000;0.0000;6.8165;0.0000;-802.0000;0.0000;6.8165;1.0000;0.0000;0.0000;0.0000;0.0000
798;528.15;792.1500;46396.7500;44833.3500;44041.2000;96.5718;0.0151;0.0000;-792.1500;0.0000;6.8165;0.0000;-792.1500;0.0000;6.8165;1.0000;0.0000;0.0000;0.0000;0.0000
799;528.48;801.5500;46126.2500;44990.6000;44189.0500;97.4944;0.0110;0.0000;-801.5500;0.0000;6.8165;0.0000;-801.5500;0.0000;6.8165;1.0000;0.0000;0.0000;0.0000;0.0000
800;528.82;790.1500;46150.0500;45486.4000;44696.2500;98.5369;0.0064;0.0000;-790.1500;0.0000;6.8165;0.0000;-790.1500;0.0000;6.8165;1.0000;0.0000;0.0000;0.0000;0.0000
801;529.15;786.2000;47053.1000;45805.0500;45018.8500;97.3025;0.0119;0.0000;-786.2000;0.0000;6.8165;0.0000;-786.2000;0.0000;6.8165;1.0000;0.0000;0.0000;0.0000;0.0000
802;529.49;785.0000;47413.9000;45809.9000;45024.9000;96.5601;0.0152;0.0000;-785.0000;0.0000;6.8165;0.0000;-785.0000;0.0000;6.8165;1.0000;0.0000;0.0000;0.0000;0.0000
803;529.82;797.4000;47088.1000;46104.0500;45306.6500;97.8742;0.0093;0.0000;-797.4000;0.0000;6.8165;0.0000;-797.4000;0.0000;6.8165;1.0000;0.0000;0.0000;0.0000;0.0000
804;530.15;800.0500;46494.8000;45817.6000;45017.5500;98.5180;0.0065;0.0000;-800.0500;0.0000;6.8165;0.0000;-800.0500;0.0000;6.8165;1.0000;0.0000;0.0000;0.0000;0.0000
805;530.49;778.2000;46371.4000;45796.3500;45018.1500;98.7387;0.0055;0.0000;-778.2000;0.0000;6.8165;0.0000;-778.2000;0.0000;6.8165;1.0000;0.0000;0.0000;0.0000;0.0000
806;530.82;787.9500;46458.1500;45577.0500;44789.1000;98.0707;0.0085;0.0000;-787.9500;0.0000;6.8165;0.0000;-787.9500;0.0000;6.8165;1.0000;0.0000;0.0000;0.0000;0.0000
807;531.16;795.0500;46274.2000;45550.5500;44755.5000;98.4088;0.0070;0.0000;-795.0500;0.0000;6.8165;0.0000;-795.0500;0.0000;6.8165;1.0000;0.0000;0.0000;0.0000;0.0000
808;531.49;790.2000;46835.0500;45401.6500;44611.4500;96.8869;0.0137;0.0000;-790.2000;0.0000;6.8165;0.0000;-790.2000;0.0000;6.8165;1.0000;0.0000;0.0000;0.0000;0.0000
809;531.82;795.8500;47010.1500;45293.6500;44497.8000;96.2858;0.0164;0.0000;-795.8500;0.0000;6.8165;0.0000;-795.8500;0.0000;6.8165;1.0000;0.0000;0.0000;0.0000;0.0000
810;532.16;791.9000;46406.4000;45428.2000;44636.3000;97.8555;0.0094;0.0000;-791.9000;0.0000;6.8165;0.0000;-791.9000;0.0000;6.8165;1.0000;0.0000;0.0000;0.0000;0.0000
811;532.49;779.5500;45936.2500;45711.0500;44931.5000;99.5013;0.0022;0.0000;-779.5500;0.0000;6.8165;0.0000;-779.5500;0.0000;6.8165;1.0000;0.0000;0.0000;0.0000;0.0000
812;532.82;791.2000;46490.2500;45878.2500;45087.0500;98.6608;0.0059;0.0000;-791.2000;0.0000;6.8165;0.0000;-791.2000;0.0000;6.8165;1.0000;0.0000;0.0000;0.0000;0.0000
813;533.16;780.9000;46345.0500;45283.9000;44503.0000;97.6711;0.0102;0.0000;-780.9000;0.0000;6.8165;0.0000;-780.9000;0.0000;6.8165;1.0000;0.0000;0.0000;0.0000;0.0000
814;533.49;799.5000;45838.4500;45046.2000;44246.7000;98.2410;0.0077;0.0000;-799.5000;0.0000;6.8165;0.0000;-799.5000;0.0000;6.8165;1.0000;0.0000;0.0000;0.0000;0.0000
815;533.82;788.2500;46066.0000;45400.9000;44612.6500;98.5311;0.0064;0.0000;-788.2500;0.0000;6.8165;0.0000;-788.2500;0.0000;6.8165;1.0000;0.0000;0.0000;0.0000;0.0000
816;534.15;802.4000;45880.6500;45721.8000;44919.4000;99.6476;0.0015;0.0000;-802.4000;0.0000;6.8165;0.0000;-802.4000;0.0000;6.8165;1.0000;0.0000;0.0000;0.0000;0.0000
817;534.49;786.8500;45588.9500;45414.5000;44627.6500;99.6106;0.0017;0.0000;-786.8500;0.0000;6.8165;0.0000;-786.8500;0.0000;6.8165;1.0000;0.0000;0.0000;0.0000;0.0000
818;534.82;796.5500;46052.8000;44890.8500;44094.3000;97.4325;0.0113;0.0000;-796.5500;0.0000;6.8165;0.0000;-796.5500;0.0000;6.8165;1.0000;0.0000;0.0000;0.0000;0.0000
819;535.15;795.5500;46145.3500;44596.2500;43800.7000;96.5841;0.0151;0.0000;-795.5500;0.0000;6.8165;0.0000;-795.5500;0.0000;6.8165;1.0000;0.0000;0.0000;0.0000;0.0000
820;535.48;792.1500;45664.2000;44291.2000;43499.0500;96.9402;0.0135;0.0000;-792.1500;0.0000;6.8165;0.0000;-792.1500;0.0000;6.8165;1.0000;0.0000;0.0000;0.0000;0.0000
821;535.82;788.5000;45754.2000;44533.2000;43744.7000;97.2846;0.0120;0.0000;-788.5000;0.0000;6.8165;0.0000;-788.5000;0.0000;6.8165;1.0000;0.0000;0.0000;0.0000;0.0000
822;536.15;781.7000;46028.2000;45036.4500;44254.7500;97.8081;0.0096;0.0000;-781.7000;0.0000;6.8165;0.0000;-781.7000;0.0000;6.8165;1.0000;0.0000;0.0000;0.0000;0.0000
823;536.48;787.0500;46103.5500;45191.4500;44404.4000;97.9873;0.0088;0.0000;-787.0500;0.0000;6.8165;0.0000;-787.0500;0.0000;6.8165;1.0000;0.0000;0.0000;0.0000;0.0000
824;536.81;801.0000;46057.4500;45283.1000;44482.1000;98.2890;0.0075;0.0000;-801.0000;0.0000;6.8165;0.0000;-801.0000;0.0000;6.8165;1.0000;0.0000;0.0000;0.0000;0.0000
825;537.15;791.8000;45913.8000;44515.7000;43723.9000;96.9015;0.0137;0.0000;-791.8000;0.0000;6.8165;0.0000;-791.8000;0.0000;6.8165;1.0000;0.0000;0.0000;0.0000;0.0000
826;537.48;783.5500;46250.1000;44873.0000;44089.4500;96.9712;0.0134;0.0000;-783.5500;0.0000;6.8165;0.0000;-783.5500;0.0000;6.8165;1.0000;0.0000;0.0000;0.0000;0.0000
827;537.81;799.8000;46503.9500;45415.3000;44615.5000;97.6181;0.0105;0.0000;-799.8000;0.0000;6.8165;0.0000;-799.8000;0.0000;6.8165;1.0000;0.0000;0.0000;0.0000;0.0000
828;538.14;794.2000;45819.2000;44949.4500;44155.2500;98.0683;0.0085;0.0000;-794.2000;0.0000;6.8165;0.0000;-794.2000;0.0000;6.8165;1.0000;0.0000;0.0000;0.0000;0.0000
829;538.47;789.0000;45998.9500;45045.9000;44256.9000;97.8919;0.0093;0.0000;-789.0000;0.0000;6.8165;0.0000;-789.0000;0.0000;6.8165;1.0000;0.0000;0.0000;0.0000;0.0000
830;538.80;792.0000;46057.1500;44858.8500;44066.8500;97.3527;0.0117;0.0000;-792.0000;0.0000;6.8165;0.0000;-792.0000;0.0000;6.8165;1.0000;0.0000;0.0000;0.0000;0.0000
831;539.14;794.6500;46008.8000;44689.7500;43895.1000;97.0827;0.0129;0.0000;-794.6500;0.0000;6.8165;0.0000;-794.6500;0.0000;6.8165;1.0000;0.0000;0.0000;0.0000;0.0000
832;539.47;788.6500;46110.6500;44832.4500;44043.8000;97.1797;0.0124;0.0000;-788.6500;0.0000;6.8165;0.0000;-788.6500;0.0000;6.8165;1.0000;0.0000;0.0000;0.0000;0.0000
833;539.80;787.9500;46254.3500;45556.1500;44768.2000;98.4644;0.0067;0.0000;-787.9500;0.0000;6.8165;0.0000;-787.9500;0.0000;6.8165;1.0000;0.0000;0.0000;0.0000;0.0000
834;540.13;794.8500;46424.0500;45899.2000;45104.3500;98.8497;0.0050;0.0000;-794.8500;0.0000;6.8165;0.0000;-794.8500;0.0000;6.8165;1.0000;0.0000;0.0000;0.0000;0.0000
835;540.46;796.2000;46513.9500;45484.2500;44688.0500;97.7477;0.0099;0.0000;-796.2000;0.0000;6.8165;0.0000;-796.2000;0.0000;6.8165;1.0000;0.0000;0.0000;0.0000;0.0000
836;540.79;787.6500;46349.9000;45735.8500;44948.2000;98.6523;0.0059;0.0000;-787.6500;0.0000;6.8165;0.0000;-787.6500;0.0000;6.8165;1.0000;0.0000;0.0000;0.0000;0.0000
837;541.12;796.9500;46376.7500;45476.8500;44679.9000;98.0257;0.0087;0.0000;-796.9500;0.0000;6.8165;0.0000;-796.9500;0.0000;6.8165;1.0000;0.0000;0.0000;0.0000;0.0000
838;541.45;787.4000;46788.7500;45474.4500;44687.0500;97.1429;0.0126;0.0000;-787.4000;0.0000;6.8165;0.0000;-787.4000;0.0000;6.8165;1.0000;0.0000;0.0000;0.0000;0.0000
839;541.78;787.3500;47451.7500;46326.8000;45539.4500;97.5893;0.0106;0.0000;-787.3500;0.0000;6.8165;0.0000;-787.3500;0.0000;6.8165;1.0000;0.0000;0.0000;0.0000;0.0000
840;542.11;793.6000;47641.6000;46648.5500;45854.9500;97.8803;0.0093;0.0000;-793.6000;0.0000;6.8165;0.0000;-793.6000;0.0000;6.8165;1.0000;0.0000;0.0000;0.0000;0.0000
841;542.44;780.6500;47362.4000;46458.5000;45677.8500;98.0595;0.0085;0.0000;-780.6500;0.0000;6.8165;0.0000;-780.6500;0.0000;6.8165;1.0000;0.0000;0.0000;0.0000;0.0000
842;542.78;795.9500;47184.5500;46045.2500;45249.3000;97.5440;0.0108;0.0000;-795.9500;0.0000;6.8165;0.0000;-795.9500;0.0000;6.8165;1.0000;0.0000;0.0000;0.0000;0.0000
843;543.11;795.6500;47229.7500;45726.6500;44931.0000;96.7629;0.0143;0.0000;-795.6500;0.0000;6.8165;0.0000;-795.6500;0.0000;6.8165;1.0000;0.0000;0.0000;0.0000;0.0000
844;543.44;793.7500;47481.4500;45938.5000;45144.7500;96.6952;0.0146;0.0000;-793.7500;0.0000;6.8165;0.0000;-793.7500;0.0000;6.8165;1.0000;0.0000;0.0000;0.0000;0.0000
845;543.77;797.4500;48036.3500;46886.2500;46088.8000;97.5654;0.0107;0.0000;-797.4500;0.0000;6.8165;0.0000;-797.4500;0.0000;6.8165;1.0000;0.0000;0.0000;0.0000;0.0000
846;544.10;784.2500;48047.0000;46947.9000;46163.6500;97.6745;0.0102;0.0000;-784.2500;0.0000;6.8165;0.0000;-784.2500;0.0000;6.8165;1.0000;0.0000;0.0000;0.0000;0.0000
847;544.43;801.7500;48272.3000;47225.9500;46424.2000;97.7958;0.0097;0.0000;-801.7500;0.0000;6.8165;0.0000;-801.7500;0.0000;6.8165;1.0000;0.0000;0.0000;0.0000;0.0000
848;544.76;793.7000;48102.9500;46704.1000;45910.4000;97.0432;0.0130;0.0000;-793.7000;0.0000;6.8165;0.0000;-793.7000;0.0000;6.8165;1.0000;0.0000;0.0000;0.0000;0.0000
849;545.09;788.6000;47999.1500;46418.4000;45629.8000;96.6517;0.0148;0.0000;-788.6000;0.0000;6.8165;0.0000;-788.6000;0.0000;6.8165;1.0000;0.0000;0.0000;0.0000;0.0000
850;545.42;790.0500;47982.0000;46893.8500;46103.8000;97.6942;0.0101;0.0000;-790.0500;0.0000;6.8165;0.0000;-790.0500;0.0000;6.8165;1.0000;0.0000;0.0000;0.0000;0.0000
851;545.74;797.3500;48362.6000;47522.0500;46724.7000;98.2328;0.0077;0.0000;-797.3500;0.0000;6.8165;0.0000;-797.3500;0.0000;6.8165;1.0000;0.0000;0.0000;0.0000;0.0000
852;546.07;790.5500;48401.8000;47478.4500;46687.9000;98.0606;0.0085;0.0000;-790.5500;0.0000;6.8165;0.0000;-790.5500;0.0000;6.8165;1.0000;0.0000;0.0000;0.0000;0.0000
853;546.40;796.1500;48708.2500;47859.5500;47063.4000;98.2286;0.0078;0.0000;-796.1500;0.0000;6.8165;0.0000;-796.1500;0.0000;6.8165;1.0000;0.0000;0.0000;0.0000;0.0000
854;546.73;792.2500;48796.0500;47419.3500;46627.1000;97.1321;0.0126;0.0000;-792.2500;0.0000;6.8165;0.0000;-792.2500;0.0000;6.8165;1.0000;0.0000;0.0000;0.0000;0.0000
855;547.06;805.0500;48406.6500;47340.9000;46535.8500;97.7611;0.0098;0.0000;-805.0500;0.0000;6.8165;0.0000;-805.0500;0.0000;6.8165;1.0000;0.0000;0.0000;0.0000;0.0000
856;547.39;792.7500;48995.4000;48029.3500;47236.6000;97.9959;0.0088;0.0000;-792.7500;0.0000;6.8165;0.0000;-792.7500;0.0000;6.8165;1.0000;0.0000;0.0000;0.0000;0.0000
857;547.72;791.2000;49369.6500;48718.0500;47926.8500;98.6587;0.0059;0.0000;-791.2000;0.0000;6.8165;0.0000;-791.2000;0.0000;6.8165;1.0000;0.0000;0.0000;0.0000;0.0000
858;548.05;798.9500;49706.9500;48881.8000;48082.8500;98.3129;0.0074;0.0000;-798.9500;0.0000;6.8165;0.0000;-798.9500;0.0000;6.8165;1.0000;0.0000;0.0000;0.0000;0.0000
859;548.38;790.3500;49727.0500;48595.4000;47805.0500;97.6875;0.0102;0.0000;-790.3500;0.0000;6.8165;0.0000;-790.3500;0.0000;6.8165;1.0000;0.0000;0.0000;0.0000;0.0000
860;548.71;780.5500;50360.5000;48732.1500;47951.6000;96.7157;0.0145;0.0000;-780.5500;0.0000;6.8165;0.0000;-780.5500;0.0000;6.8165;1.0000;0.0000;0.0000;0.0000;0.0000
861;549.03;787.3500;50455.2000;48851.3500;48064.0000;96.7708;0.0143;0.0000;-787.3500;0.0000;6.8165;0.0000;-787.3500;0.0000;6.8165;1.0000;0.0000;0.0000;0.0000;0.0000
862;549.36;798.5500;50257.2500;48954.0500;48155.5000;97.3651;0.0116;0.0000;-798.5500;0.0000;6.8165;0.0000;-798.5500;0.0000;6.8165;1.0000;0.0000;0.0000;0.0000;0.0000
863;549.69;792.2500;50808.3000;49903.3000;49111.0500;98.1906;0.0079;0.0000;-792.2500;0.0000;6.8165;0.0000;-792.2500;0.0000;6.8165;1.0000;0.0000;0.0000;0.0000;0.0000
864;550.02;800.6500;50823.3500;50237.4000;49436.7500;98.8286;0.0051;0.0000;-800.6500;0.0000;6.8165;0.0000;-800.6500;0.0000;6.8165;1.0000;0.0000;0.0000;0.0000;0.0000
865;550.35;785.9000;50207.1000;49666.8000;48880.9000;98.9067;0.0048;0.0000;-785.9000;0.0000;6.8165;0.0000;-785.9000;0.0000;6.8165;1.0000;0.0000;0.0000;0.0000;0.0000
866;550.68;793.7000;50129.4000;50208.1500;49414.4500;100.1596;-0.0007;0.0000;-793.7000;0.0000;6.8165;0.0000;-793.7000;0.0000;6.8165;1.0000;0.0000;0.0000;0.0000;0.0000
867;551.00;792.4500;50880.2000;50368.2000;49575.7500;98.9778;0.0045;0.0000;-792.4500;0.0000;6.8165;0.0000;-792.4500;0.0000;6.8165;1.0000;0.0000;0.0000;0.0000;0.0000
868;551.33;788.7000;51399.1500;50449.2500;49660.5500;98.1231;0.0082;0.0000;-788.7000;0.0000;6.8165;0.0000;-788.7000;0.0000;6.8165;1.0000;0.0000;0.0000;0.0000;0.0000
869;551.66;785.9000;51663.0500;50318.4500;49532.5500;97.3572;0.0116;0.0000;-785.9000;0.0000;6.8165;0.0000;-785.9000;0.0000;6.8165;1.0000;0.0000;0.0000;0.0000;0.0000
870;551.99;792.7500;51389.6000;50661.5000;49868.7500;98.5610;0.0063;0.0000;-792.7500;0.0000;6.8165;0.0000;-792.7500;0.0000;6.8165;1.0000;0.0000;0.0000;0.0000;0.0000
871;552.32;799.1000;51093.7000;50507.6000;49708.5000;98.8347;0.0051;0.0000;-799.1000;0.0000;6.8165;0.0000;-799.1000;0.0000;6.8165;1.0000;0.0000;0.0000;0.0000;0.0000
872;552.64;785.7500;51285.6000;50360.8000;49575.0500;98.1687;0.0080;0.0000;-785.7500;0.0000;6.8165;0.0000;-785.7500;0.0000;6.8165;1.0000;0.0000;0.0000;0.0000;0.0000
873;552.97;795.4000;51956.1000;51048.5500;50253.1500;98.2261;0.0078;0.0000;-795.4000;0.0000;6.8165;0.0000;-795.4000;0.0000;6.8165;1.0000;0.0000;0.0000;0.0000;0.0000
874;553.30;792.4000;52269.1000;51349.7500;50557.3500;98.2140;0.0078;0.0000;-792.4000;0.0000;6.8165;0.0000;-792.4000;0.0000;6.8165;1.0000;0.0000;0.0000;0.0000;0.0000
875;553.63;800.9500;52349.5500;51604.0000;50803.0500;98.5537;0.0063;0.0000;-800.9500;0.0000;6.8165;0.0000;-800.9500;0.0000;6.8165;1.0000;0.0000;0.0000;0.0000;0.0000
876;553.95;800.9500;51977.9500;51660.5500;50859.6000;99.3798;0.0027;0.0000;-800.9500;0.0000;6.8165;0.0000;-800.9500;0.0000;6.8165;1.0000;0.0000;0.0000;0.0000;0.0000
877;554.28;799.0500;51943.9000;51871.0000;51071.9500;99.8575;0.0006;0.0000;-799.0500;0.0000;6.8165;0.0000;-799.0500;0.0000;6.8165;1.0000;0.0000;0.0000;0.0000;0.0000
878;554.61;793.8500;52266.6500;52456.7000;51662.8500;100.3692;-0.0016;0.0000;-793.8500;0.0000;6.8165;0.0000;-793.8500;0.0000;6.8165;1.0000;0.0000;0.0000;0.0000;0.0000
879;554.93;790.4500;52261.9500;52336.9000;51546.4500;100.1456;-0.0006;0.0000;-790.4500;0.0000;6.8165;0.0000;-790.4500;0.0000;6.8165;1.0000;0.0000;0.0000;0.0000;0.0000
880;555.26;797.7500;52811.5500;52658.1500;51860.4000;99.7051;0.0013;0.0000;-797.7500;0.0000;6.8165;0.0000;-797.7500;0.0000;6.8165;1.0000;0.0000;0.0000;0.0000;0.0000
881;555.59;793.0000;53141.1500;52528.5000;51735.5000;98.8297;0.0051;0.0000;-793.0000;0.0000;6.8165;0.0000;-793.0000;0.0000;6.8165;1.0000;0.0000;0.0000;0.0000;0.0000
882;555.91;786.6000;53125.7500;52413.0500;51626.4500;98.6383;0.0060;0.0000;-786.6000;0.0000;6.8165;0.0000;-786.6000;0.0000;6.8165;1.0000;0.0000;0.0000;0.0000;0.0000
883;556.24;780.7500;53068.0000;52443.1000;51662.3500;98.8049;0.0052;0.0000;-780.7500;0.0000;6.8165;0.0000;-780.7500;0.0000;6.8165;1.0000;0.0000;0.0000;0.0000;0.0000
884;556.57;799.6500;53258.7000;52200.2000;51400.5500;97.9822;0.0089;0.0000;-799.6500;0.0000;6.8165;0.0000;-799.6500;0.0000;6.8165;1.0000;0.0000;0.0000;0.0000;0.0000
885;556.89;781.1500;53161.4500;51868.4500;51087.3000;97.5315;0.0109;0.0000;-781.1500;0.0000;6.8165;0.0000;-781.1500;0.0000;6.8165;1.0000;0.0000;0.0000;0.0000;0.0000
886;557.22;790.1000;54045.4000;53047.9500;52257.8500;98.1270;0.0082;0.0000;-790.1000;0.0000;6.8165;0.0000;-790.1000;0.0000;6.8165;1.0000;0.0000;0.0000;0.0000;0.0000
887;557.55;794.8000;54403.8000;53671.5500;52876.7500;98.6341;0.0060;0.0000;-794.8000;0.0000;6.8165;0.0000;-794.8000;0.0000;6.8165;1.0000;0.0000;0.0000;0.0000;0.0000
888;557.87;787.3000;53830.0000;53039.1000;52251.8000;98.5089;0.0065;0.0000;-787.3000;0.0000;6.8165;0.0000;-787.3000;0.0000;6.8165;1.0000;0.0000;0.0000;0.0000;0.0000
889;558.20;786.5500;53465.6500;52995.5500;52209.0000;99.1076;0.0039;0.0000;-786.5500;0.0000;6.8165;0.0000;-786.5500;0.0000;6.8165;1.0000;0.0000;0.0000;0.0000;0.0000
890;558.52;785.0500;54038.7000;53442.0000;52656.9500;98.8795;0.0049;0.0000;-785.0500;0.0000;6.8165;0.0000;-785.0500;0.0000;6.8165;1.0000;0.0000;0.0000;0.0000;0.0000
891;558.85;789.0500;54115.3500;53117.6500;52328.6000;98.1291;0.0082;0.0000;-789.0500;0.0000;6.8165;0.0000;-789.0500;0.0000;6.8165;1.0000;0.0000;0.0000;0.0000;0.0000
892;559.17;799.8000;54249.6000;53392.5000;52592.7000;98.3964;0.0070;0.0000;-799.8000;0.0000;6.8165;0.0000;-799.8000;0.0000;6.8165;1.0000;0.0000;0.0000;0.0000;0.0000
893;559.50;796.1000;54488.7500;54135.1500;53339.0500;99.3414;0.0029;0.0000;-796.1000;0.0000;6.8165;0.0000;-796.1000;0.0000;6.8165;1.0000;0.0000;0.0000;0.0000;0.0000
894;559.83;796.6500;54347.7000;53906.8500;53110.2000;99.1768;0.0036;0.0000;-796.6500;0.0000;6.8165;0.0000;-796.6500;0.0000;6.8165;1.0000;0.0000;0.0000;0.0000;0.0000
895;560.15;769.1000;54055.8500;53141.9500;52372.8500;98.2849;0.0075;0.0000;-769.1000;0.0000;6.8165;0.0000;-769.1000;0.0000;6.8165;1.0000;0.0000;0.0000;0.0000;0.0000
896;560.48;782.4000;53921.1500;52877.6500;52095.2500;98.0363;0.0086;0.0000;-782.4000;0.0000;6.8165;0.0000;-782.4000;0.0000;6.8165;1.0000;0.0000;0.0000;0.0000;0.0000
897;560.80;783.0500;54172.8000;53393.6000;52610.5500;98.5405;0.0064;0.0000;-783.0500;0.0000;6.8165;0.0000;-783.0500;0.0000;6.8165;1.0000;0.0000;0.0000;0.0000;0.0000
898;561.13;795.0000;54599.4500;53562.2500;52767.2500;98.0723;0.0085;0.0000;-795.0000;0.0000;6.8165;0.0000;-795.0000;0.0000;6.8165;1.0000;0.0000;0.0000;0.0000;0.0000
899;561.45;797.1500;54833.8000;54034.8000;53237.6500;98.5214;0.0065;0.0000;-797.1500;0.0000;6.8165;0.0000;-797.1500;0.0000;6.8165;1.0000;0.0000;0.0000;0.0000;0.0000
900;561.78;788.0000;55286.1000;54425.1000;53637.1000;98.4201;0.0069;0.0000;-788.0000;0.0000;6.8165;0.0000;-788.0000;0.0000;6.8165;1.0000;0.0000;0.0000;0.0000;0.0000
901;562.10;792.7500;55083.2500;54122.8000;53330.0500;98.2309;0.0078;0.0000;-792.7500;0.0000;6.8165;0.0000;-792.7500;0.0000;6.8165;1.0000;0.0000;0.0000;0.0000;0.0000
902;562.43;786.1500;55008.0500;53979.3000;53193.1500;98.1027;0.0083;0.0000;-786.1500;0.0000;6.8165;0.0000;-786.1500;0.0000;6.8165;1.0000;0.0000;0.0000;0.0000;0.0000
903;562.75;791.7500;55420.9000;54345.2000;53553.4500;98.0309;0.0086;0.0000;-791.7500;0.0000;6.8165;0.0000;-791.7500;0.0000;6.8165;1.0000;0.0000;0.0000;0.0000;0.0000
904;563.07;787.7000;55403.4500;54191.2000;53403.5000;97.7804;0.0097;0.0000;-787.7000;0.0000;6.8165;0.0000;-787.7000;0.0000;6.8165;1.0000;0.0000;0.0000;0.0000;0.0000
905;563.40;789.7500;55095.1500;53851.1000;53061.3500;97.7092;0.0101;0.0000;-789.7500;0.0000;6.8165;0.0000;-789.7500;0.0000;6.8165;1.0000;0.0000;0.0000;0.0000;0.0000
906;563.72;786.8000;55395.4000;54077.7500;53290.9500;97.5871;0.0106;0.0000;-786.8000;0.0000;6.8165;0.0000;-786.8000;0.0000;6.8165;1.0000;0.0000;0.0000;0.0000;0.0000
907;564.05;789.3500;55481.9500;54899.4500;54110.1000;98.9350;0.0047;0.0000;-789.3500;0.0000;6.8165;0.0000;-789.3500;0.0000;6.8165;1.0000;0.0000;0.0000;0.0000;0.0000
908;564.37;797.1500;55984.8500;55026.4500;54229.3000;98.2634;0.0076;0.0000;-797.1500;0.0000;6.8165;0.0000;-797.1500;0.0000;6.8165;1.0000;0.0000;0.0000;0.0000;0.0000
909;564.70;790.5500;55565.5000;54529.8500;53739.3000;98.1093;0.0083;0.0000;-790.5500;0.0000;6.8165;0.0000;-790.5500;0.0000;6.8165;1.0000;0.0000;0.0000;0.0000;0.0000
910;565.02;784.9000;55938.6500;54502.2000;53717.3000;97.3956;0.0115;0.0000;-784.9000;0.0000;6.8165;0.0000;-784.9000;0.0000;6.8165;1.0000;0.0000;0.0000;0.0000;0.0000
911;565.34;787.4500;55161.2500;54602.2000;53814.7500;98.9718;0.0045;0.0000;-787.4500;0.0000;6.8165;0.0000;-787.4500;0.0000;6.8165;1.0000;0.0000;0.0000;0.0000;0.0000
912;565.67;792.2000;55270.3000;54881.6000;54089.4000;99.2865;0.0031;0.0000;-792.2000;0.0000;6.8165;0.0000;-792.2000;0.0000;6.8165;1.0000;0.0000;0.0000;0.0000;0.0000
913;565.99;793.9000;55580.9500;54934.0500;54140.1500;98.8192;0.0052;0.0000;-793.9000;0.0000;6.8165;0.0000;-793.9000;0.0000;6.8165;1.0000;0.0000;0.0000;0.0000;0.0000
914;566.31;783.0000;56025.8500;55391.9000;54608.9000;98.8524;0.0050;0.0000;-783.0000;0.0000;6.8165;0.0000;-783.0000;0.0000;6.8165;1.0000;0.0000;0.0000;0.0000;0.0000
915;566.64;789.7500;55528.0000;55055.3000;54265.5500;99.1364;0.0038;0.0000;-789.7500;0.0000;6.8165;0.0000;-789.7500;0.0000;6.8165;1.0000;0.0000;0.0000;0.0000;0.0000
916;566.96;775.3000;55706.6000;55241.1000;54465.8000;99.1526;0.0037;0.0000;-775.3000;0.0000;6.8165;0.0000;-775.3000;0.0000;6.8165;1.0000;0.0000;0.0000;0.0000;0.0000
917;567.29;800.5500;56016.7000;54642.4500;53841.9000;97.5111;0.0109;0.0000;-800.5500;0.0000;6.8165;0.0000;-800.5500;0.0000;6.8165;1.0000;0.0000;0.0000;0.0000;0.0000
918;567.61;791.5500;56375.6500;54697.0000;53905.4500;96.9800;0.0133;0.0000;-791.5500;0.0000;6.8165;0.0000;-791.5500;0.0000;6.8165;1.0000;0.0000;0.0000;0.0000;0.0000
919;567.93;786.8500;56819.7500;54823.2500;54036.4000;96.4369;0.0158;0.0000;-786.8500;0.0000;6.8165;0.0000;-786.8500;0.0000;6.8165;1.0000;0.0000;0.0000;0.0000;0.0000
920;568.25;800.8000;56629.2500;55143.1000;54342.3000;97.3380;0.0117;0.0000;-800.8000;0.0000;6.8165;0.0000;-800.8000;0.0000;6.8165;1.0000;0.0000;0.0000;0.0000;0.0000
921;568.58;793.1000;56454.7500;55273.2500;54480.1500;97.8774;0.0093;0.0000;-793.1000;0.0000;6.8165;0.0000;-793.1000;0.0000;6.8165;1.0000;0.0000;0.0000;0.0000;0.0000
922;568.90;796.0000;56184.0000;55396.0500;54600.0500;98.5774;0.0062;0.0000;-796.0000;0.0000;6.8165;0.0000;-796.0000;0.0000;6.8165;1.0000;0.0000;0.0000;0.0000;0.0000
923;569.22;796.0000;56022.1000;55611.9000;54815.9000;99.2572;0.0032;0.0000;-796.0000;0.0000;6.8165;0.0000;-796.0000;0.0000;6.8165;1.0000;0.0000;0.0000;0.0000;0.0000
924;569.55;788.4000;56204.2500;55460.6000;54672.2000;98.6581;0.0059;0.0000;-788.4000;0.0000;6.8165;0.0000;-788.4000;0.0000;6.8165;1.0000;0.0000;0.0000;0.0000;0.0000
925;569.87;792.2000;56356.4000;55476.2000;54684.0000;98.4159;0.0069;0.0000;-792.2000;0.0000;6.8165;0.0000;-792.2000;0.0000;6.8165;1.0000;0.0000;0.0000;0.0000;0.0000
926;570.19;793.9000;57083.9500;55422.0500;54628.1500;97.0476;0.0130;0.0000;-793.9000;0.0000;6.8165;0.0000;-793.9000;0.0000;6.8165;1.0000;0.0000;0.0000;0.0000;0.0000
927;570.51;786.7500;57154.9000;55720.1500;54933.4000;97.4547;0.0112;0.0000;-786.7500;0.0000;6.8165;0.0000;-786.7500;0.0000;6.8165;1.0000;0.0000;0.0000;0.0000;0.0000
928;570.83;787.6000;57102.7000;55700.9000;54913.3000;97.5108;0.0109;0.0000;-787.6000;0.0000;6.8165;0.0000;-787.6000;0.0000;6.8165;1.0000;0.0000;0.0000;0.0000;0.0000
929;571.16;795.1500;56812.1000;55150.5500;54355.4000;97.0338;0.0131;0.0000;-795.1500;0.0000;6.8165;0.0000;-795.1500;0.0000;6.8165;1.0000;0.0000;0.0000;0.0000;0.0000
930;571.48;789.5000;56362.1000;55387.7500;54598.2500;98.2467;0.0077;0.0000;-789.5000;0.0000;6.8165;0.0000;-789.5000;0.0000;6.8165;1.0000;0.0000;0.0000;0.0000;0.0000
931;571.80;797.0000;56362.1000;55242.5000;54445.5000;97.9851;0.0088;0.0000;-797.0000;0.0000;6.8165;0.0000;-797.0000;0.0000;6.8165;1.0000;0.0000;0.0000;0.0000;0.0000
932;572.12;795.6000;56643.7500;55398.3500;54602.7500;97.7700;0.0098;0.0000;-795.6000;0.0000;6.8165;0.0000;-795.6000;0.0000;6.8165;1.0000;0.0000;0.0000;0.0000;0.0000
933;572.44;779.1000;56395.5500;55817.1000;55038.0000;98.9599;0.0045;0.0000;-779.1000;0.0000;6.8165;0.0000;-779.1000;0.0000;6.8165;1.0000;0.0000;0.0000;0.0000;0.0000
934;572.77;786.1000;56499.2000;55870.8500;55084.7500;98.8722;0.0049;0.0000;-786.1000;0.0000;6.8165;0.0000;-786.1000;0.0000;6.8165;1.0000;0.0000;0.0000;0.0000;0.0000
935;573.09;791.7000;55688.1000;55217.5000;54425.8000;99.1427;0.0037;0.0000;-791.7000;0.0000;6.8165;0.0000;-791.7000;0.0000;6.8165;1.0000;0.0000;0.0000;0.0000;0.0000
936;573.41;787.6000;56244.6000;55296.4000;54508.8000;98.2902;0.0075;0.0000;-787.6000;0.0000;6.8165;0.0000;-787.6000;0.0000;6.8165;1.0000;0.0000;0.0000;0.0000;0.0000
937;573.73;803.3000;56666.8500;55471.0000;54667.7000;97.8593;0.0094;0.0000;-803.3000;0.0000;6.8165;0.0000;-803.3000;0.0000;6.8165;1.0000;0.0000;0.0000;0.0000;0.0000
938;574.05;783.0500;56808.8000;55597.2000;54814.1500;97.8374;0.0095;0.0000;-783.0500;0.0000;6.8165;0.0000;-783.0500;0.0000;6.8165;1.0000;0.0000;0.0000;0.0000;0.0000
939;574.37;777.8000;57658.6000;55814.7500;55036.9500;96.7584;0.0143;0.0000;-777.8000;0.0000;6.8165;0.0000;-777.8000;0.0000;6.8165;1.0000;0.0000;0.0000;0.0000;0.0000
940;574.69;787.7000;56968.7000;55333.9000;54546.2000;97.0901;0.0128;0.0000;-787.7000;0.0000;6.8165;0.0000;-787.7000;0.0000;6.8165;1.0000;0.0000;0.0000;0.0000;0.0000
941;575.02;792.3500;56406.3000;56219.7500;55427.4000;99.6646;0.0015;0.0000;-792.3500;0.0000;6.8165;0.0000;-792.3500;0.0000;6.8165;1.0000;0.0000;0.0000;0.0000;0.0000
942;575.34;787.3500;56149.0000;55885.2000;55097.8500;99.5235;0.0021;0.0000;-787.3500;0.0000;6.8165;0.0000;-787.3500;0.0000;6.8165;1.0000;0.0000;0.0000;0.0000;0.0000
943;575.66;795.2500;56861.2000;55642.8000;54847.5500;97.8268;0.0095;0.0000;-795.2500;0.0000;6.8165;0.0000;-795.2500;0.0000;6.8165;1.0000;0.0000;0.0000;0.0000;0.0000
944;575.98;793.5500;57045.1000;56010.9000;55217.3500;98.1615;0.0081;0.0000;-793.5500;0.0000;6.8165;0.0000;-793.5500;0.0000;6.8165;1.0000;0.0000;0.0000;0.0000;0.0000
945;576.30;785.9000;56648.4000;56142.8000;55356.9000;99.0949;0.0039;0.0000;-785.9000;0.0000;6.8165;0.0000;-785.9000;0.0000;6.8165;1.0000;0.0000;0.0000;0.0000;0.0000
946;576.62;797.3500;56567.4000;55598.7500;54801.4000;98.2631;0.0076;0.0000;-797.3500;0.0000;6.8165;0.0000;-797.3500;0.0000;6.8165;1.0000;0.0000;0.0000;0.0000;0.0000
947;576.94;802.0500;56574.2000;55924.5500;55122.5000;98.8352;0.0051;0.0000;-802.0500;0.0000;6.8165;0.0000;-802.0500;0.0000;6.8165;1.0000;0.0000;0.0000;0.0000;0.0000
948;577.26;797.7500;56293.8500;56180.3500;55382.6000;99.7955;0.0009;0.0000;-797.7500;0.0000;6.8165;0.0000;-797.7500;0.0000;6.8165;1.0000;0.0000;0.0000;0.0000;0.0000
949;577.58;792.3000;56409.6500;56179.8500;55387.5500;99.5868;0.0018;0.0000;-792.3000;0.0000;6.8165;0.0000;-792.3000;0.0000;6.8165;1.0000;0.0000;0.0000;0.0000;0.0000
950;577.90;774.3500;57030.0000;55814.2000;55039.8500;97.8388;0.0095;0.0000;-774.3500;0.0000;6.8165;0.0000;-774.3500;0.0000;6.8165;1.0000;0.0000;0.0000;0.0000;0.0000
951;578.22;792.2500;56721.4000;56144.5000;55352.2500;98.9685;0.0045;0.0000;-792.2500;0.0000;6.8165;0.0000;-792.2500;0.0000;6.8165;1.0000;0.0000;0.0000;0.0000;0.0000
952;578.54;789.2000;56719.9000;55800.3500;55011.1500;98.3559;0.0072;0.0000;-789.2000;0.0000;6.8165;0.0000;-789.2000;0.0000;6.8165;1.0000;0.0000;0.0000;0.0000;0.0000
953;578.86;795.2500;56135.2500;55239.3500;54444.1000;98.3811;0.0071;0.0000;-795.2500;0.0000;6.8165;0.0000;-795.2500;0.0000;6.8165;1.0000;0.0000;0.0000;0.0000;0.0000
954;579.18;791.2500;56313.4000;54921.7000;54130.4500;97.4934;0.0110;0.0000;-791.2500;0.0000;6.8165;0.0000;-791.2500;0.0000;6.8165;1.0000;0.0000;0.0000;0.0000;0.0000
955;579.50;789.5500;55939.9500;55160.8000;54371.2500;98.5872;0.0062;0.0000;-789.5500;0.0000;6.8165;0.0000;-789.5500;0.0000;6.8165;1.0000;0.0000;0.0000;0.0000;0.0000
956;579.82;796.5000;55666.3500;54964.2500;54167.7500;98.7204;0.0056;0.0000;-796.5000;0.0000;6.8165;0.0000;-796.5000;0.0000;6.8165;1.0000;0.0000;0.0000;0.0000;0.0000
957;580.14;791.7500;55361.1000;54805.1000;54013.3500;98.9811;0.0044;0.0000;-791.7500;0.0000;6.8165;0.0000;-791.7500;0.0000;6.8165;1.0000;0.0000;0.0000;0.0000;0.0000
958;580.46;786.4500;55056.3000;54536.0000;53749.5500;99.0413;0.0042;0.0000;-786.4500;0.0000;6.8165;0.0000;-786.4500;0.0000;6.8165;1.0000;0.0000;0.0000;0.0000;0.0000
959;580.78;791.5000;55262.3500;54343.6500;53552.1500;98.3134;0.0074;0.0000;-791.5000;0.0000;6.8165;0.0000;-791.5000;0.0000;6.8165;1.0000;0.0000;0.0000;0.0000;0.0000
960;581.10;798.3500;55055.5500;54246.2500;53447.9000;98.5084;0.0065;0.0000;-798.3500;0.0000;6.8165;0.0000;-798.3500;0.0000;6.8165;1.0000;0.0000;0.0000;0.0000;0.0000
961;581.42;791.2000;55312.7000;54417.1500;53625.9500;98.3574;0.0072;0.0000;-791.2000;0.0000;6.8165;0.0000;-791.2000;0.0000;6.8165;1.0000;0.0000;0.0000;0.0000;0.0000
962;581.73;806.8500;55482.2500;54318.7000;53511.8500;97.8719;0.0093;0.0000;-806.8500;0.0000;6.8165;0.0000;-806.8500;0.0000;6.8165;1.0000;0.0000;0.0000;0.0000;0.0000
963;582.05;776.8000;55005.5500;53808.6000;53031.8000;97.7928;0.0097;0.0000;-776.8000;0.0000;6.8165;0.0000;-776.8000;0.0000;6.8165;1.0000;0.0000;0.0000;0.0000;0.0000
964;582.37;781.7000;55612.5500;54452.1000;53670.4000;97.8836;0.0093;0.0000;-781.7000;0.0000;6.8165;0.0000;-781.7000;0.0000;6.8165;1.0000;0.0000;0.0000;0.0000;0.0000
965;582.69;786.9500;55480.7500;53913.3000;53126.3500;97.1341;0.0126;0.0000;-786.9500;0.0000;6.8165;0.0000;-786.9500;0.0000;6.8165;1.0000;0.0000;0.0000;0.0000;0.0000
966;583.01;782.0500;55502.4500;54182.4500;53400.4000;97.5877;0.0106;0.0000;-782.0500;0.0000;6.8165;0.0000;-782.0500;0.0000;6.8165;1.0000;0.0000;0.0000;0.0000;0.0000
967;583.33;793.4000;54615.4000;53731.9500;52938.5500;98.3586;0.0072;0.0000;-793.4000;0.0000;6.8165;0.0000;-793.4000;0.0000;6.8165;1.0000;0.0000;0.0000;0.0000;0.0000
968;583.65;805.1500;55005.9000;54103.1000;53297.9500;98.3343;0.0073;0.0000;-805.1500;0.0000;6.8165;0.0000;-805.1500;0.0000;6.8165;1.0000;0.0000;0.0000;0.0000;0.0000
969;583.96;784.8500;54668.4000;53811.2500;53026.4000;98.4093;0.0070;0.0000;-784.8500;0.0000;6.8165;0.0000;-784.8500;0.0000;6.8165;1.0000;0.0000;0.0000;0.0000;0.0000
970;584.28;786.8500;54429.8000;53758.6500;52971.8000;98.7489;0.0055;0.0000;-786.8500;0.0000;6.8165;0.0000;-786.8500;0.0000;6.8165;1.0000;0.0000;0.0000;0.0000;0.0000
971;584.60;784.8000;54627.2500;53861.9500;53077.1500;98.5786;0.0062;0.0000;-784.8000;0.0000;6.8165;0.0000;-784.8000;0.0000;6.8165;1.0000;0.0000;0.0000;0.0000;0.0000
972;584.92;797.5000;54725.3000;54139.7000;53342.2000;98.9141;0.0047;0.0000;-797.5000;0.0000;6.8165;0.0000;-797.5000;0.0000;6.8165;1.0000;0.0000;0.0000;0.0000;0.0000
973;585.24;790.3000;54362.9000;53712.1000;52921.8000;98.7852;0.0053;0.0000;-790.3000;0.0000;6.8165;0.0000;-790.3000;0.0000;6.8165;1.0000;0.0000;0.0000;0.0000;0.0000
974;585.55;796.7500;54420.8000;53585.2500;52788.5000;98.4418;0.0068;0.0000;-796.7500;0.0000;6.8165;0.0000;-796.7500;0.0000;6.8165;1.0000;0.0000;0.0000;0.0000;0.0000
975;585.87;782.6000;54532.7000;53548.6500;52766.0500;98.1692;0.0080;0.0000;-782.6000;0.0000;6.8165;0.0000;-782.6000;0.0000;6.8165;1.0000;0.0000;0.0000;0.0000;0.0000
976;586.19;778.6000;54531.1500;53377.4500;52598.8500;97.8537;0.0094;0.0000;-778.6000;0.0000;6.8165;0.0000;-778.6000;0.0000;6.8165;1.0000;0.0000;0.0000;0.0000;0.0000
977;586.51;802.0000;53833.2500;53250.3500;52448.3500;98.9008;0.0048;0.0000;-802.0000;0.0000;6.8165;0.0000;-802.0000;0.0000;6.8165;1.0000;0.0000;0.0000;0.0000;0.0000
978;586.83;789.8000;54358.0000;53245.5000;52455.7000;97.9232;0.0091;0.0000;-789.8000;0.0000;6.8165;0.0000;-789.8000;0.0000;6.8165;1.0000;0.0000;0.0000;0.0000;0.0000
979;587.14;790.9500;54475.2000;52967.0000;52176.0500;97.1906;0.0124;0.0000;-790.9500;0.0000;6.8165;0.0000;-790.9500;0.0000;6.8165;1.0000;0.0000;0.0000;0.0000;0.0000
980;587.46;792.5000;54606.0000;52949.4500;52156.9500;96.9217;0.0136;0.0000;-792.5000;0.0000;6.8165;0.0000;-792.5000;0.0000;6.8165;1.0000;0.0000;0.0000;0.0000;0.0000
981;587.78;788.0000;54614.3500;53106.9000;52318.9000;97.1994;0.0123;0.0000;-788.0000;0.0000;6.8165;0.0000;-788.0000;0.0000;6.8165;1.0000;0.0000;0.0000;0.0000;0.0000
982;588.09;795.2000;53477.5000;52871.7000;52076.5000;98.8501;0.0050;0.0000;-795.2000;0.0000;6.8165;0.0000;-795.2000;0.0000;6.8165;1.0000;0.0000;0.0000;0.0000;0.0000
983;588.41;776.1500;53602.1000;52856.4500;52080.3000;98.5885;0.0062;0.0000;-776.1500;0.0000;6.8165;0.0000;-776.1500;0.0000;6.8165;1.0000;0.0000;0.0000;0.0000;0.0000
984;588.73;780.7000;53781.4500;53400.5500;52619.8500;99.2813;0.0031;0.0000;-780.7000;0.0000;6.8165;0.0000;-780.7000;0.0000;6.8165;1.0000;0.0000;0.0000;0.0000;0.0000
985;589.04;781.6500;53667.2500;52872.7000;52091.0500;98.4976;0.0066;0.0000;-781.6500;0.0000;6.8165;0.0000;-781.6500;0.0000;6.8165;1.0000;0.0000;0.0000;0.0000;0.0000
986;589.36;792.6000;53776.3500;52566.2500;51773.6500;97.7161;0.0100;0.0000;-792.6000;0.0000;6.8165;0.0000;-792.6000;0.0000;6.8165;1.0000;0.0000;0.0000;0.0000;0.0000
987;589.68;778.1000;54264.4000;52667.9000;51889.8000;97.0151;0.0132;0.0000;-778.1000;0.0000;6.8165;0.0000;-778.1000;0.0000;6.8165;1.0000;0.0000;0.0000;0.0000;0.0000
988;589.99;785.2000;54546.5000;52854.4000;52069.2000;96.8526;0.0139;0.0000;-785.2000;0.0000;6.8165;0.0000;-785.2000;0.0000;6.8165;1.0000;0.0000;0.0000;0.0000;0.0000
989;590.31;795.3500;54820.6000;53379.9500;52584.6000;97.3334;0.0117;0.0000;-795.3500;0.0000;6.8165;0.0000;-795.3500;0.0000;6.8165;1.0000;0.0000;0.0000;0.0000;0.0000
990;590.63;791.9000;54239.7000;52800.5500;52008.6500;97.3074;0.0119;0.0000;-791.9000;0.0000;6.8165;0.0000;-791.9000;0.0000;6.8165;1.0000;0.0000;0.0000;0.0000;0.0000
991;590.94;786.4000;53768.3000;52623.3000;51836.9000;97.8389;0.0095;0.0000;-786.4000;0.0000;6.8165;0.0000;-786.4000;0.0000;6.8165;1.0000;0.0000;0.0000;0.0000;0.0000
992;591.26;791.4500;53111.0500;52499.9000;51708.4500;98.8319;0.0051;0.0000;-791.4500;0.0000;6.8165;0.0000;-791.4500;0.0000;6.8165;1.0000;0.0000;0.0000;0.0000;0.0000
993;591.58;784.6500;54031.6000;52069.2000;51284.5500;96.3145;0.0163;0.0000;-784.6500;0.0000;6.8165;0.0000;-784.6500;0.0000;6.8165;1.0000;0.0000;0.0000;0.0000;0.0000
994;591.89;797.2500;54253.7000;51894.6000;51097.3500;95.5869;0.0196;0.0000;-797.2500;0.0000;6.8165;0.0000;-797.2500;0.0000;6.8165;1.0000;0.0000;0.0000;0.0000;0.0000
995;592.21;801.1500;54289.6500;52451.5500;51650.4000;96.5636;0.0152;0.0000;-801.1500;0.0000;6.8165;0.0000;-801.1500;0.0000;6.8165;1.0000;0.0000;0.0000;0.0000;0.0000
996;592.52;796.4000;54304.2000;52787.8500;51991.4500;97.1661;0.0125;0.0000;-796.4000;0.0000;6.8165;0.0000;-796.4000;0.0000;6.8165;1.0000;0.0000;0.0000;0.0000;0.0000
997;592.84;791.1500;54026.6000;52813.3500;52022.2000;97.7210;0.0100;0.0000;-791.1500;0.0000;6.8165;0.0000;-791.1500;0.0000;6.8165;1.0000;0.0000;0.0000;0.0000;0.0000
998;593.15;792.2000;54177.1500;52357.5000;51565.3000;96.5915;0.0151;0.0000;-792.2000;0.0000;6.8165;0.0000;-792.2000;0.0000;6.8165;1.0000;0.0000;0.0000;0.0000;0.0000
999;593.47;795.3000;53941.0000;51887.7500;51092.4500;96.1366;0.0171;0.0000;-795.3000;0.0000;6.8165;0.0000;-795.3000;0.0000;6.8165;1.0000;0.0000;0.0000;0.0000;0.0000
1000;593.79;788.8000;54310.0000;52510.1500;51721.3500;96.6371;0.0149;0.0000;-788.8000;0.0000;6.8165;0.0000;-788.8000;0.0000;6.8165;1.0000;0.0000;0.0000;0.0000;0.0000
1001;594.10;791.3000;54815.1500;52872.5500;52081.2500;96.4042;0.0159;0.0000;-791.3000;0.0000;6.8165;0.0000;-791.3000;0.0000;6.8165;1.0000;0.0000;0.0000;0.0000;0.0000
1002;594.42;805.1500;55285.2500;53219.4000;52414.2500;96.2081;0.0168;0.0000;-805.1500;0.0000;6.8165;0.0000;-805.1500;0.0000;6.8165;1.0000;0.0000;0.0000;0.0000;0.0000
1003;594.73;787.8000;55449.5000;53438.3500;52650.5500;96.3207;0.0163;0.0000;-787.8000;0.0000;6.8165;0.0000;-787.8000;0.0000;6.8165;1.0000;0.0000;0.0000;0.0000;0.0000
1004;595.05;807.4000;55191.0000;52901.2500;52093.8500;95.7896;0.0187;0.0000;-807.4000;0.0000;6.8165;0.0000;-807.4000;0.0000;6.8165;1.0000;0.0000;0.0000;0.0000;0.0000
1005;595.36;778.5500;54854.1500;52364.6500;51586.1000;95.3963;0.0205;0.0000;-778.5500;0.0000;6.8165;0.0000;-778.5500;0.0000;6.8165;1.0000;0.0000;0.0000;0.0000;0.0000
1006;595.68;777.1000;54185.9500;52165.8500;51388.7500;96.2177;0.0167;0.0000;-777.1000;0.0000;6.8165;0.0000;-777.1000;0.0000;6.8165;1.0000;0.0000;0.0000;0.0000;0.0000
1007;595.99;780.9500;54298.1000;53173.0000;52392.0500;97.8977;0.0092;0.0000;-780.9500;0.0000;6.8165;0.0000;-780.9500;0.0000;6.8165;1.0000;0.0000;0.0000;0.0000;0.0000
1008;596.30;784.1500;54132.8000;52803.4500;52019.3000;97.5082;0.0110;0.0000;-784.1500;0.0000;6.8165;0.0000;-784.1500;0.0000;6.8165;1.0000;0.0000;0.0000;0.0000;0.0000
1009;596.62;782.7500;54557.8500;52859.8000;52077.0500;96.8423;0.0139;0.0000;-782.7500;0.0000;6.8165;0.0000;-782.7500;0.0000;6.8165;1.0000;0.0000;0.0000;0.0000;0.0000
1010;596.93;788.0000;55188.2500;53126.8500;52338.8500;96.2107;0.0168;0.0000;-788.0000;0.0000;6.8165;0.0000;-788.0000;0.0000;6.8165;1.0000;0.0000;0.0000;0.0000;0.0000
1011;597.25;778.4000;55425.8000;52863.3000;52084.9000;95.3108;0.0209;0.0000;-778.4000;0.0000;6.8165;0.0000;-778.4000;0.0000;6.8165;1.0000;0.0000;0.0000;0.0000;0.0000
1012;597.56;786.2000;55229.4000;53070.1000;52283.9000;96.0338;0.0176;0.0000;-786.2000;0.0000;6.8165;0.0000;-786.2000;0.0000;6.8165;1.0000;0.0000;0.0000;0.0000;0.0000
1013;597.88;799.2000;54923.2500;53281.5000;52482.3000;96.9667;0.0134;0.0000;-799.2000;0.0000;6.8165;0.0000;-799.2000;0.0000;6.8165;1.0000;0.0000;0.0000;0.0000;0.0000
1014;598.19;781.3000;54851.2500;53207.8000;52426.5000;96.9605;0.0134;0.0000;-781.3000;0.0000;6.8165;0.0000;-781.3000;0.0000;6.8165;1.0000;0.0000;0.0000;0.0000;0.0000
1015;598.50;775.2000;54329.9000;52870.3000;52095.1000;97.2746;0.0120;0.0000;-775.2000;0.0000;6.8165;0.0000;-775.2000;0.0000;6.8165;1.0000;0.0000;0.0000;0.0000;0.0000
1016;598.82;782.2500;54312.2500;52903.2500;52121.0000;97.3678;0.0116;0.0000;-782.2500;0.0000;6.8165;0.0000;-782.2500;0.0000;6.8165;1.0000;0.0000;0.0000;0.0000;0.0000
1017;599.13;787.1000;54759.1500;52731.3500;51944.2500;96.2429;0.0166;0.0000;-787.1000;0.0000;6.8165;0.0000;-787.1000;0.0000;6.8165;1.0000;0.0000;0.0000;0.0000;0.0000
1018;599.45;790.8000;55177.7500;53390.8000;52600.0000;96.7144;0.0145;0.0000;-790.8000;0.0000;6.8165;0.0000;-790.8000;0.0000;6.8165;1.0000;0.0000;0.0000;0.0000;0.0000
1019;599.76;800.1500;55501.4500;53895.8500;53095.7000;97.0648;0.0129;0.0000;-800.1500;0.0000;6.8165;0.0000;-800.1500;0.0000;6.8165;1.0000;0.0000;0.0000;0.0000;0.0000
1020;600.07;778.9500;55770.9500;53382.0500;52603.1000;95.6559;0.0193;0.0000;-778.9500;0.0000;6.8165;0.0000;-778.9500;0.0000;6.8165;1.0000;0.0000;0.0000;0.0000;0.0000
1021;600.39;781.1500;55344.3000;53325.0000;52543.8500;96.2992;0.0164;0.0000;-781.1500;0.0000;6.8165;0.0000;-781.1500;0.0000;6.8165;1.0000;0.0000;0.0000;0.0000;0.0000
1022;600.70;787.3000;55363.0000;53248.3000;52461.0000;96.1252;0.0172;0.0000;-787.3000;0.0000;6.8165;0.0000;-787.3000;0.0000;6.8165;1.0000;0.0000;0.0000;0.0000;0.0000
1023;601.01;793.2000;55013.2500;53578.9500;52785.7500;97.3547;0.0116;0.0000;-793.2000;0.0000;6.8165;0.0000;-793.2000;0.0000;6.8165;1.0000;0.0000;0.0000;0.0000;0.0000
1024;601.33;791.6500;54844.4500;53832.0000;53040.3500;98.1269;0.0082;0.0000;-791.6500;0.0000;6.8165;0.0000;-791.6500;0.0000;6.8165;1.0000;0.0000;0.0000;0.0000;0.0000
1025;601.64;785.1000;55551.2000;54302.6500;53517.5500;97.7202;0.0100;0.0000;-785.1000;0.0000;6.8165;0.0000;-785.1000;0.0000;6.8165;1.0000;0.0000;0.0000;0.0000;0.0000
1026;601.95;795.3500;55650.6500;54709.3000;53913.9500;98.2839;0.0075;0.0000;-795.3500;0.0000;6.8165;0.0000;-795.3500;0.0000;6.8165;1.0000;0.0000;0.0000;0.0000;0.0000
1027;602.26;793.8500;55929.1500;54354.2500;53560.4000;97.1436;0.0126;0.0000;-793.8500;0.0000;6.8165;0.0000;-793.8500;0.0000;6.8165;1.0000;0.0000;0.0000;0.0000;0.0000
1028;602.58;793.7500;55707.0000;53807.3000;53013.5500;96.5405;0.0153;0.0000;-793.7500;0.0000;6.8165;0.0000;-793.7500;0.0000;6.8165;1.0000;0.0000;0.0000;0.0000;0.0000
1029;602.89;776.8000;55181.4500;53590.5000;52813.7000;97.0757;0.0129;0.0000;-776.8000;0.0000;6.8165;0.0000;-776.8000;0.0000;6.8165;1.0000;0.0000;0.0000;0.0000;0.0000
1030;603.20;778.8000;55151.4000;53402.3000;52623.5000;96.7831;0.0142;0.0000;-778.8000;0.0000;6.8165;0.0000;-778.8000;0.0000;6.8165;1.0000;0.0000;0.0000;0.0000;0.0000
1031;603.51;784.0000;54658.5000;53102.1000;52318.1000;97.1111;0.0127;0.0000;-784.0000;0.0000;6.8165;0.0000;-784.0000;0.0000;6.8165;1.0000;0.0000;0.0000;0.0000;0.0000
1032;603.83;809.7500;55305.0500;53708.4000;52898.6500;97.0701;0.0129;0.0000;-809.7500;0.0000;6.8165;0.0000;-809.7500;0.0000;6.8165;1.0000;0.0000;0.0000;0.0000;0.0000
1033;604.14;788.4500;56072.7500;54386.6500;53598.2000;96.9501;0.0135;0.0000;-788.4500;0.0000;6.8165;0.0000;-788.4500;0.0000;6.8165;1.0000;0.0000;0.0000;0.0000;0.0000
1034;604.45;797.0000;55991.3500;54204.5000;53407.5000;96.7626;0.0143;0.0000;-797.0000;0.0000;6.8165;0.0000;-797.0000;0.0000;6.8165;1.0000;0.0000;0.0000;0.0000;0.0000
1035;604.76;776.4500;55612.8500;54666.5500;53890.1000;98.2743;0.0076;0.0000;-776.4500;0.0000;6.8165;0.0000;-776.4500;0.0000;6.8165;1.0000;0.0000;0.0000;0.0000;0.0000
1036;605.07;782.4500;55781.7000;54839.1500;54056.7000;98.2862;0.0075;0.0000;-782.4500;0.0000;6.8165;0.0000;-782.4500;0.0000;6.8165;1.0000;0.0000;0.0000;0.0000;0.0000
1037;605.39;795.3000;55637.6000;54454.6500;53659.3500;97.8430;0.0095;0.0000;-795.3000;0.0000;6.8165;0.0000;-795.3000;0.0000;6.8165;1.0000;0.0000;0.0000;0.0000;0.0000
1038;605.70;793.0000;55844.2500;54944.4000;54151.4000;98.3654;0.0072;0.0000;-793.0000;0.0000;6.8165;0.0000;-793.0000;0.0000;6.8165;1.0000;0.0000;0.0000;0.0000;0.0000
1039;606.01;787.9000;55433.9500;54512.8000;53724.9000;98.3143;0.0074;0.0000;-787.9000;0.0000;6.8165;0.0000;-787.9000;0.0000;6.8165;1.0000;0.0000;0.0000;0.0000;0.0000
1040;606.32;796.3500;56068.9000;55041.3000;54244.9500;98.1408;0.0082;0.0000;-796.3500;0.0000;6.8165;0.0000;-796.3500;0.0000;6.8165;1.0000;0.0000;0.0000;0.0000;0.0000
1041;606.63;784.0000;55911.3000;54952.7000;54168.7000;98.2611;0.0076;0.0000;-784.0000;0.0000;6.8165;0.0000;-784.0000;0.0000;6.8165;1.0000;0.0000;0.0000;0.0000;0.0000
1042;606.94;772.6000;55892.1000;55388.6500;54616.0500;99.0866;0.0040;0.0000;-772.6000;0.0000;6.8165;0.0000;-772.6000;0.0000;6.8165;1.0000;0.0000;0.0000;0.0000;0.0000
1043;607.26;786.6500;55872.0500;55219.7000;54433.0500;98.8157;0.0052;0.0000;-786.6500;0.0000;6.8165;0.0000;-786.6500;0.0000;6.8165;1.0000;0.0000;0.0000;0.0000;0.0000
1044;607.57;789.8000;56135.1000;55226.1000;54436.3000;98.3576;0.0072;0.0000;-789.8000;0.0000;6.8165;0.0000;-789.8000;0.0000;6.8165;1.0000;0.0000;0.0000;0.0000;0.0000
1045;607.88;783.6500;56324.4000;55178.3000;54394.6500;97.9365;0.0091;0.0000;-783.6500;0.0000;6.8165;0.0000;-783.6500;0.0000;6.8165;1.0000;0.0000;0.0000;0.0000;0.0000
1046;608.19;794.1000;55968.0000;55080.7000;54286.6000;98.3918;0.0070;0.0000;-794.1000;0.0000;6.8165;0.0000;-794.1000;0.0000;6.8165;1.0000;0.0000;0.0000;0.0000;0.0000
1047;608.50;787.7000;55207.1500;54227.5500;53439.8500;98.1999;0.0079;0.0000;-787.7000;0.0000;6.8165;0.0000;-787.7000;0.0000;6.8165;1.0000;0.0000;0.0000;0.0000;0.0000
1048;608.81;768.9000;55159.9000;54394.2000;53625.3000;98.5922;0.0062;0.0000;-768.9000;0.0000;6.8165;0.0000;-768.9000;0.0000;6.8165;1.0000;0.0000;0.0000;0.0000;0.0000
1049;609.12;780.0500;55404.1500;55063.9000;54283.8500;99.3771;0.0027;0.0000;-780.0500;0.0000;6.8165;0.0000;-780.0500;0.0000;6.8165;1.0000;0.0000;0.0000;0.0000;0.0000
1050;609.43;782.6000;56140.7500;55461.7500;54679.1500;98.7734;0.0054;0.0000;-782.6000;0.0000;6.8165;0.0000;-782.6000;0.0000;6.8165;1.0000;0.0000;0.0000;0.0000;0.0000
1051;609.74;786.9000;56659.8500;55785.9000;54999.0000;98.4358;0.0068;0.0000;-786.9000;0.0000;6.8165;0.0000;-786.9000;0.0000;6.8165;1.0000;0.0000;0.0000;0.0000;0.0000
1052;610.05;787.6500;56983.5000;56396.2000;55608.5500;98.9549;0.0046;0.0000;-787.6500;0.0000;6.8165;0.0000;-787.6500;0.0000;6.8165;1.0000;0.0000;0.0000;0.0000;0.0000
1053;610.36;785.7500;56358.5500;55629.8000;54844.0500;98.6887;0.0057;0.0000;-785.7500;0.0000;6.8165;0.0000;-785.7500;0.0000;6.8165;1.0000;0.0000;0.0000;0.0000;0.0000
1054;610.67;788.9000;55567.5500;54954.9500;54166.0500;98.8817;0.0049;0.0000;-788.9000;0.0000;6.8165;0.0000;-788.9000;0.0000;6.8165;1.0000;0.0000;0.0000;0.0000;0.0000
1055;610.98;797.3000;55357.2500;54959.7500;54162.4500;99.2714;0.0032;0.0000;-797.3000;0.0000;6.8165;0.0000;-797.3000;0.0000;6.8165;1.0000;0.0000;0.0000;0.0000;0.0000
1056;611.29;797.6000;55074.9500;54921.5000;54123.9000;99.7173;0.0012;0.0000;-797.6000;0.0000;6.8165;0.0000;-797.6000;0.0000;6.8165;1.0000;0.0000;0.0000;0.0000;0.0000
1057;611.60;796.7000;55212.6500;55337.8000;54541.1000;100.2300;-0.0010;0.0000;-796.7000;0.0000;6.8165;0.0000;-796.7000;0.0000;6.8165;1.0000;0.0000;0.0000;0.0000;0.0000
1058;611.91;792.9500;55919.7500;56212.0000;55419.0500;100.5301;-0.0023;0.0000;-792.9500;0.0000;6.8165;0.0000;-792.9500;0.0000;6.8165;1.0000;0.0000;0.0000;0.0000;0.0000
1059;612.22;786.3500;55791.7000;55519.5000;54733.1500;99.5051;0.0022;0.0000;-786.3500;0.0000;6.8165;0.0000;-786.3500;0.0000;6.8165;1.0000;0.0000;0.0000;0.0000;0.0000
1060;612.53;786.2500;55948.9000;54923.2500;54137.0000;98.1407;0.0082;0.0000;-786.2500;0.0000;6.8165;0.0000;-786.2500;0.0000;6.8165;1.0000;0.0000;0.0000;0.0000;0.0000
1061;612.84;794.7500;56782.2000;55420.6000;54625.8500;97.5680;0.0107;0.0000;-794.7500;0.0000;6.8165;0.0000;-794.7500;0.0000;6.8165;1.0000;0.0000;0.0000;0.0000;0.0000
1062;613.15;779.6000;56228.0500;55547.0500;54767.4500;98.7718;0.0054;0.0000;-779.6000;0.0000;6.8165;0.0000;-779.6000;0.0000;6.8165;1.0000;0.0000;0.0000;0.0000;0.0000
1063;613.46;776.1000;56040.8500;55076.2000;54300.1000;98.2545;0.0076;0.0000;-776.1000;0.0000;6.8165;0.0000;-776.1000;0.0000;6.8165;1.0000;0.0000;0.0000;0.0000;0.0000
1064;613.77;779.9500;56228.1500;55694.6500;54914.7000;99.0378;0.0042;0.0000;-779.9500;0.0000;6.8165;0.0000;-779.9500;0.0000;6.8165;1.0000;0.0000;0.0000;0.0000;0.0000
1065;614.08;809.1500;56218.1000;55384.1500;54575.0000;98.4949;0.0066;0.0000;-809.1500;0.0000;6.8165;0.0000;-809.1500;0.0000;6.8165;1.0000;0.0000;0.0000;0.0000;0.0000
1066;614.39;791.5000;56203.6500;55137.6500;54346.1500;98.0762;0.0084;0.0000;-791.5000;0.0000;6.8165;0.0000;-791.5000;0.0000;6.8165;1.0000;0.0000;0.0000;0.0000;0.0000
1067;614.70;785.4000;56508.4000;54887.7500;54102.3500;97.0916;0.0128;0.0000;-785.4000;0.0000;6.8165;0.0000;-785.4000;0.0000;6.8165;1.0000;0.0000;0.0000;0.0000;0.0000
1068;615.00;780.0500;56558.1500;54451.2500;53671.2000;96.2227;0.0167;0.0000;-780.0500;0.0000;6.8165;0.0000;-780.0500;0.0000;6.8165;1.0000;0.0000;0.0000;0.0000;0.0000
1069;615.31;796.1000;56556.7500;55189.1000;54393.0000;97.5473;0.0108;0.0000;-796.1000;0.0000;6.8165;0.0000;-796.1000;0.0000;6.8165;1.0000;0.0000;0.0000;0.0000;0.0000
1070;615.62;802.7500;56433.4000;55225.9000;54423.1500;97.8294;0.0095;0.0000;-802.7500;0.0000;6.8165;0.0000;-802.7500;0.0000;6.8165;1.0000;0.0000;0.0000;0.0000;0.0000
1071;615.93;781.2500;56470.2500;54988.6000;54207.3500;97.3394;0.0117;0.0000;-781.2500;0.0000;6.8165;0.0000;-781.2500;0.0000;6.8165;1.0000;0.0000;0.0000;0.0000;0.0000
1072;616.24;777.4000;55873.6500;54551.1000;53773.7000;97.5996;0.0106;0.0000;-777.4000;0.0000;6.8165;0.0000;-777.4000;0.0000;6.8165;1.0000;0.0000;0.0000;0.0000;0.0000
1073;616.55;777.7500;55499.3000;54553.1500;53775.4000;98.2710;0.0076;0.0000;-777.7500;0.0000;6.8165;0.0000;-777.7500;0.0000;6.8165;1.0000;0.0000;0.0000;0.0000;0.0000
1074;616.86;787.7000;55785.5500;54490.3500;53702.6500;97.6450;0.0103;0.0000;-787.7000;0.0000;6.8165;0.0000;-787.7000;0.0000;6.8165;1.0000;0.0000;0.0000;0.0000;0.0000
1075;617.16;785.2000;55939.1000;54250.0000;53464.8000;96.9375;0.0135;0.0000;-785.2000;0.0000;6.8165;0.0000;-785.2000;0.0000;6.8165;1.0000;0.0000;0.0000;0.0000;0.0000
1076;617.47;793.8500;56090.2000;54483.2000;53689.3500;97.0938;0.0128;0.0000;-793.8500;0.0000;6.8165;0.0000;-793.8500;0.0000;6.8165;1.0000;0.0000;0.0000;0.0000;0.0000
1077;617.78;789.1000;56444.5500;55274.9000;54485.8000;97.8984;0.0092;0.0000;-789.1000;0.0000;6.8165;0.0000;-789.1000;0.0000;6.8165;1.0000;0.0000;0.0000;0.0000;0.0000
1078;618.09;787.1500;56249.6500;54339.8000;53552.6500;96.5565;0.0152;0.0000;-787.1500;0.0000;6.8165;0.0000;-787.1500;0.0000;6.8165;1.0000;0.0000;0.0000;0.0000;0.0000
1079;618.40;794.3000;56570.7500;54287.8500;53493.5500;95.9071;0.0181;0.0000;-794.3000;0.0000;6.8165;0.0000;-794.3000;0.0000;6.8165;1.0000;0.0000;0.0000;0.0000;0.0000
1080;618.70;798.8000;55828.8500;54067.5000;53268.7000;96.7993;0.0141;0.0000;-798.8000;0.0000;6.8165;0.0000;-798.8000;0.0000;6.8165;1.0000;0.0000;0.0000;0.0000;0.0000
1081;619.01;795.9000;55161.5500;54108.8000;53312.9000;98.0636;0.0085;0.0000;-795.9000;0.0000;6.8165;0.0000;-795.9000;0.0000;6.8165;1.0000;0.0000;0.0000;0.0000;0.0000
1082;619.32;778.2000;55726.8000;54356.6500;53578.4500;97.5065;0.0110;0.0000;-778.2000;0.0000;6.8165;0.0000;-778.2000;0.0000;6.8165;1.0000;0.0000;0.0000;0.0000;0.0000
1083;619.63;790.2000;56021.9500;54109.5000;53319.3000;96.5374;0.0153;0.0000;-790.2000;0.0000;6.8165;0.0000;-790.2000;0.0000;6.8165;1.0000;0.0000;0.0000;0.0000;0.0000
1084;619.93;796.7000;56052.3000;54112.2000;53315.5000;96.4889;0.0155;0.0000;-796.7000;0.0000;6.8165;0.0000;-796.7000;0.0000;6.8165;1.0000;0.0000;0.0000;0.0000;0.0000
1085;620.24;796.9000;56247.3500;54132.3500;53335.4500;96.1858;0.0169;0.0000;-796.9000;0.0000;6.8165;0.0000;-796.9000;0.0000;6.8165;1.0000;0.0000;0.0000;0.0000;0.0000
1086;620.55;783.9000;56386.4000;53902.1000;53118.2000;95.5320;0.0199;0.0000;-783.9000;0.0000;6.8165;0.0000;-783.9000;0.0000;6.8165;1.0000;0.0000;0.0000;0.0000;0.0000
1087;620.85;796.3500;56501.5000;53787.9500;52991.6000;95.1287;0.0217;0.0000;-796.3500;0.0000;6.8165;0.0000;-796.3500;0.0000;6.8165;1.0000;0.0000;0.0000;0.0000;0.0000
1088;621.16;797.2500;56136.1000;53082.2500;52285.0000;94.4815;0.0247;0.0000;-797.2500;0.0000;6.8165;0.0000;-797.2500;0.0000;6.8165;1.0000;0.0000;0.0000;0.0000;0.0000
1089;621.47;792.4000;56304.1500;53350.7500;52558.3500;94.6797;0.0237;0.0000;-792.4000;0.0000;6.8165;0.0000;-792.4000;0.0000;6.8165;1.0000;0.0000;0.0000;0.0000;0.0000
1090;621.77;779.8000;56264.6500;53622.6000;52842.8000;95.2382;0.0212;0.0000;-779.8000;0.0000;6.8165;0.0000;-779.8000;0.0000;6.8165;1.0000;0.0000;0.0000;0.0000;0.0000
1091;622.08;795.6500;56034.6500;53244.1000;52448.4500;94.9482;0.0225;0.0000;-795.6500;0.0000;6.8165;0.0000;-795.6500;0.0000;6.8165;1.0000;0.0000;0.0000;0.0000;0.0000
1092;622.39;790.8500;55452.1000;52752.5000;51961.6500;95.0612;0.0220;0.0000;-790.8500;0.0000;6.8165;0.0000;-790.8500;0.0000;6.8165;1.0000;0.0000;0.0000;0.0000;0.0000
1093;622.69;786.6000;55883.9000;52636.0000;51849.4000;94.1052;0.0264;0.0000;-786.6000;0.0000;6.8165;0.0000;-786.6000;0.0000;6.8165;1.0000;0.0000;0.0000;0.0000;0.0000
1094;623.00;785.8500;55658.0500;52807.6000;52021.7500;94.8053;0.0232;0.0000;-785.8500;0.0000;6.8165;0.0000;-785.8500;0.0000;6.8165;1.0000;0.0000;0.0000;0.0000;0.0000
1095;623.31;779.9500;55851.6500;53238.8500;52458.9000;95.2556;0.0211;0.0000;-779.9500;0.0000;6.8165;0.0000;-779.9500;0.0000;6.8165;1.0000;0.0000;0.0000;0.0000;0.0000
1096;623.61;781.8000;55920.8500;53248.1000;52466.3000;95.1527;0.0216;0.0000;-781.8000;0.0000;6.8165;0.0000;-781.8000;0.0000;6.8165;1.0000;0.0000;0.0000;0.0000;0.0000
1097;623.92;784.3000;55951.0000;53142.7000;52358.4000;94.9094;0.0227;0.0000;-784.3000;0.0000;6.8165;0.0000;-784.3000;0.0000;6.8165;1.0000;0.0000;0.0000;0.0000;0.0000
1098;624.22;772.4000;55487.5500;53403.3000;52630.9000;96.1907;0.0169;0.0000;-772.4000;0.0000;6.8165;0.0000;-772.4000;0.0000;6.8165;1.0000;0.0000;0.0000;0.0000;0.0000
1099;624.53;784.8000;55098.2000;52665.2000;51880.4000;95.5204;0.0199;0.0000;-784.8000;0.0000;6.8165;0.0000;-784.8000;0.0000;6.8165;1.0000;0.0000;0.0000;0.0000;0.0000
1100;624.84;787.0500;54413.3500;52278.0000;51490.9500;96.0181;0.0176;0.0000;-787.0500;0.0000;6.8165;0.0000;-787.0500;0.0000;6.8165;1.0000;0.0000;0.0000;0.0000;0.0000
1101;625.14;783.1000;54319.7000;52468.7500;51685.6500;96.5426;0.0153;0.0000;-783.1000;0.0000;6.8165;0.0000;-783.1000;0.0000;6.8165;1.0000;0.0000;0.0000;0.0000;0.0000
1102;625.45;787.6000;54526.3500;52042.6000;51255.0000;95.3781;0.0206;0.0000;-787.6000;0.0000;6.8165;0.0000;-787.6000;0.0000;6.8165;1.0000;0.0000;0.0000;0.0000;0.0000
1103;625.75;772.3500;55568.0000;53036.4500;52264.1000;95.3800;0.0205;0.0000;-772.3500;0.0000;6.8165;0.0000;-772.3500;0.0000;6.8165;1.0000;0.0000;0.0000;0.0000;0.0000
1104;626.06;791.2500;55831.4000;53185.6000;52394.3500;95.1930;0.0214;0.0000;-791.2500;0.0000;6.8165;0.0000;-791.2500;0.0000;6.8165;1.0000;0.0000;0.0000;0.0000;0.0000
1105;626.36;783.8500;55616.5500;52588.7500;51804.9000;94.4781;0.0247;0.0000;-783.8500;0.0000;6.8165;0.0000;-783.8500;0.0000;6.8165;1.0000;0.0000;0.0000;0.0000;0.0000
1106;626.67;798.5500;55700.1500;52310.1500;51511.6000;93.8253;0.0277;0.0000;-798.5500;0.0000;6.8165;0.0000;-798.5500;0.0000;6.8165;1.0000;0.0000;0.0000;0.0000;0.0000
1107;626.97;783.5500;55491.6500;52377.7000;51594.1500;94.3081;0.0255;0.0000;-783.5500;0.0000;6.8165;0.0000;-783.5500;0.0000;6.8165;1.0000;0.0000;0.0000;0.0000;0.0000
1108;627.28;783.0500;54878.9000;52110.7500;51327.7000;94.8829;0.0228;0.0000;-783.0500;0.0000;6.8165;0.0000;-783.0500;0.0000;6.8165;1.0000;0.0000;0.0000;0.0000;0.0000
1109;627.58;803.9000;54681.7000;52027.8500;51223.9500;95.0743;0.0219;0.0000;-803.9000;0.0000;6.8165;0.0000;-803.9000;0.0000;6.8165;1.0000;0.0000;0.0000;0.0000;0.0000
1110;627.89;791.8500;54667.4000;51862.6500;51070.8000;94.7940;0.0232;0.0000;-791.8500;0.0000;6.8165;0.0000;-791.8500;0.0000;6.8165;1.0000;0.0000;0.0000;0.0000;0.0000
1111;628.19;785.2500;54538.7000;51626.8500;50841.6000;94.5830;0.0242;0.0000;-785.2500;0.0000;6.8165;0.0000;-785.2500;0.0000;6.8165;1.0000;0.0000;0.0000;0.0000;0.0000
1112;628.50;795.4500;55048.4500;52105.8000;51310.3500;94.5761;0.0242;0.0000;-795.4500;0.0000;6.8165;0.0000;-795.4500;0.0000;6.8165;1.0000;0.0000;0.0000;0.0000;0.0000
1113;628.80;788.4500;54933.2000;51692.7500;50904.3000;94.0152;0.0268;0.0000;-788.4500;0.0000;6.8165;0.0000;-788.4500;0.0000;6.8165;1.0000;0.0000;0.0000;0.0000;0.0000
1114;629.11;764.0500;54965.7000;51978.5500;51214.5000;94.4888;0.0246;0.0000;-764.0500;0.0000;6.8165;0.0000;-764.0500;0.0000;6.8165;1.0000;0.0000;0.0000;0.0000;0.0000
1115;629.41;776.8000;54968.1000;52757.4000;51980.6000;95.9206;0.0181;0.0000;-776.8000;0.0000;6.8165;0.0000;-776.8000;0.0000;6.8165;1.0000;0.0000;0.0000;0.0000;0.0000
1116;629.71;785.0500;54528.8000;52684.5000;51899.4500;96.5683;0.0152;0.0000;-785.0500;0.0000;6.8165;0.0000;-785.0500;0.0000;6.8165;1.0000;0.0000;0.0000;0.0000;0.0000
1117;630.02;797.7500;54199.6000;52112.0500;51314.3000;96.0909;0.0173;0.0000;-797.7500;0.0000;6.8165;0.0000;-797.7500;0.0000;6.8165;1.0000;0.0000;0.0000;0.0000;0.0000
1118;630.32;802.1500;53570.6500;51762.4000;50960.2500;96.5732;0.0151;0.0000;-802.1500;0.0000;6.8165;0.0000;-802.1500;0.0000;6.8165;1.0000;0.0000;0.0000;0.0000;0.0000
1119;630.63;788.1000;53070.4500;51601.0000;50812.9000;97.1894;0.0124;0.0000;-788.1000;0.0000;6.8165;0.0000;-788.1000;0.0000;6.8165;1.0000;0.0000;0.0000;0.0000;0.0000
1120;630.93;791.9500;54172.1500;52413.7000;51621.7500;96.7058;0.0145;0.0000;-791.9500;0.0000;6.8165;0.0000;-791.9500;0.0000;6.8165;1.0000;0.0000;0.0000;0.0000;0.0000
1121;631.23;783.5000;54970.6000;52923.0000;52139.5000;96.2212;0.0167;0.0000;-783.5000;0.0000;6.8165;0.0000;-783.5000;0.0000;6.8165;1.0000;0.0000;0.0000;0.0000;0.0000
1122;631.54;786.4500;54974.6500;52672.9500;51886.5000;95.7524;0.0189;0.0000;-786.4500;0.0000;6.8165;0.0000;-786.4500;0.0000;6.8165;1.0000;0.0000;0.0000;0.0000;0.0000
1123;631.84;797.4500;54813.4500;52530.3500;51732.9000;95.7733;0.0188;0.0000;-797.4500;0.0000;6.8165;0.0000;-797.4500;0.0000;6.8165;1.0000;0.0000;0.0000;0.0000;0.0000
1124;632.14;796.3500;54605.5000;52557.6500;51761.3000;96.1942;0.0169;0.0000;-796.3500;0.0000;6.8165;0.0000;-796.3500;0.0000;6.8165;1.0000;0.0000;0.0000;0.0000;0.0000
1125;632.45;779.4500;54011.4000;52079.4500;51300.0000;96.3707;0.0161;0.0000;-779.4500;0.0000;6.8165;0.0000;-779.4500;0.0000;6.8165;1.0000;0.0000;0.0000;0.0000;0.0000
1126;632.75;783.5500;54108.0500;52285.1000;51501.5500;96.5814;0.0151;0.0000;-783.5500;0.0000;6.8165;0.0000;-783.5500;0.0000;6.8165;1.0000;0.0000;0.0000;0.0000;0.0000
1127;633.05;789.3000;53378.0000;52064.0500;51274.7500;97.5015;0.0110;0.0000;-789.3000;0.0000;6.8165;0.0000;-789.3000;0.0000;6.8165;1.0000;0.0000;0.0000;0.0000;0.0000
1128;633.36;790.4500;53617.5000;52107.0000;51316.5500;97.1407;0.0126;0.0000;-790.4500;0.0000;6.8165;0.0000;-790.4500;0.0000;6.8165;1.0000;0.0000;0.0000;0.0000;0.0000
1129;633.66;796.8500;53657.1000;52187.5500;51390.7000;97.2199;0.0122;0.0000;-796.8500;0.0000;6.8165;0.0000;-796.8500;0.0000;6.8165;1.0000;0.0000;0.0000;0.0000;0.0000
1130;633.96;785.5000;54422.8500;52058.6000;51273.1000;95.5922;0.0196;0.0000;-785.5000;0.0000;6.8165;0.0000;-785.5000;0.0000;6.8165;1.0000;0.0000;0.0000;0.0000;0.0000
1131;634.27;791.7000;54319.4500;52002.1500;51210.4500;95.6708;0.0192;0.0000;-791.7000;0.0000;6.8165;0.0000;-791.7000;0.0000;6.8165;1.0000;0.0000;0.0000;0.0000;0.0000
1132;634.57;782.2500;54394.7500;51868.8000;51086.5500;95.2885;0.0210;0.0000;-782.2500;0.0000;6.8165;0.0000;-782.2500;0.0000;6.8165;1.0000;0.0000;0.0000;0.0000;0.0000
1133;634.87;791.9000;54376.6000;52150.2500;51358.3500;95.8452;0.0184;0.0000;-791.9000;0.0000;6.8165;0.0000;-791.9000;0.0000;6.8165;1.0000;0.0000;0.0000;0.0000;0.0000
1134;635.17;789.5000;53875.2500;52537.9000;51748.4000;97.4808;0.0111;0.0000;-789.5000;0.0000;6.8165;0.0000;-789.5000;0.0000;6.8165;1.0000;0.0000;0.0000;0.0000;0.0000
1135;635.48;783.2000;52982.1500;52010.6500;51227.4500;98.1389;0.0082;0.0000;-783.2000;0.0000;6.8165;0.0000;-783.2000;0.0000;6.8165;1.0000;0.0000;0.0000;0.0000;0.0000
1136;635.78;794.5500;52903.2500;52081.1500;51286.6000;98.4223;0.0069;0.0000;-794.5500;0.0000;6.8165;0.0000;-794.5500;0.0000;6.8165;1.0000;0.0000;0.0000;0.0000;0.0000
1137;636.08;790.1000;52512.2500;52037.9000;51247.8000;99.0829;0.0040;0.0000;-790.1000;0.0000;6.8165;0.0000;-790.1000;0.0000;6.8165;1.0000;0.0000;0.0000;0.0000;0.0000
1138;636.38;789.7500;52585.5000;52397.2500;51607.5000;99.6366;0.0016;0.0000;-789.7500;0.0000;6.8165;0.0000;-789.7500;0.0000;6.8165;1.0000;0.0000;0.0000;0.0000;0.0000
1139;636.68;782.9500;52767.2000;52086.5500;51303.6000;98.6907;0.0057;0.0000;-782.9500;0.0000;6.8165;0.0000;-782.9500;0.0000;6.8165;1.0000;0.0000;0.0000;0.0000;0.0000
1140;636.99;788.5500;53361.5500;51948.4000;51159.8500;97.3120;0.0118;0.0000;-788.5500;0.0000;6.8165;0.0000;-788.5500;0.0000;6.8165;1.0000;0.0000;0.0000;0.0000;0.0000
1141;637.29;784.4000;53764.3500;52743.1500;51958.7500;98.0725;0.0085;0.0000;-784.4000;0.0000;6.8165;0.0000;-784.4000;0.0000;6.8165;1.0000;0.0000;0.0000;0.0000;0.0000
1142;637.59;796.6000;53093.2000;52178.7500;51382.1500;98.2514;0.0077;0.0000;-796.6000;0.0000;6.8165;0.0000;-796.6000;0.0000;6.8165;1.0000;0.0000;0.0000;0.0000;0.0000
1143;637.89;796.6000;52522.2000;51582.0000;50785.4000;98.1823;0.0080;0.0000;-796.6000;0.0000;6.8165;0.0000;-796.6000;0.0000;6.8165;1.0000;0.0000;0.0000;0.0000;0.0000
1144;638.19;778.2500;53003.5000;52037.8000;51259.5500;98.1509;0.0081;0.0000;-778.2500;0.0000;6.8165;0.0000;-778.2500;0.0000;6.8165;1.0000;0.0000;0.0000;0.0000;0.0000
1145;638.49;797.6500;52544.0000;51982.7000;51185.0500;98.9153;0.0047;0.0000;-797.6500;0.0000;6.8165;0.0000;-797.6500;0.0000;6.8165;1.0000;0.0000;0.0000;0.0000;0.0000
1146;638.80;803.8500;52131.5000;52336.5000;51532.6500;100.3994;-0.0017;0.0000;-803.8500;0.0000;6.8165;0.0000;-803.8500;0.0000;6.8165;1.0000;0.0000;0.0000;0.0000;0.0000
1147;639.10;795.2000;51917.3000;51870.4500;51075.2500;99.9084;0.0004;0.0000;-795.2000;0.0000;6.8165;0.0000;-795.2000;0.0000;6.8165;1.0000;0.0000;0.0000;0.0000;0.0000
1148;639.40;783.3500;52106.9500;51970.4000;51187.0500;99.7339;0.0012;0.0000;-783.3500;0.0000;6.8165;0.0000;-783.3500;0.0000;6.8165;1.0000;0.0000;0.0000;0.0000;0.0000
1149;639.70;790.6000;52221.8000;52008.4500;51217.8500;99.5852;0.0018;0.0000;-790.6000;0.0000;6.8165;0.0000;-790.6000;0.0000;6.8165;1.0000;0.0000;0.0000;0.0000;0.0000
1150;640.00;784.5000;52424.3000;52151.5500;51367.0500;99.4718;0.0023;0.0000;-784.5000;0.0000;6.8165;0.0000;-784.5000;0.0000;6.8165;1.0000;0.0000;0.0000;0.0000;0.0000
1151;640.30;778.7000;52697.7500;52447.5500;51668.8500;99.5181;0.0021;0.0000;-778.7000;0.0000;6.8165;0.0000;-778.7000;0.0000;6.8165;1.0000;0.0000;0.0000;0.0000;0.0000
1152;640.60;790.3500;52764.3500;52425.0500;51634.7000;99.3472;0.0028;0.0000;-790.3500;0.0000;6.8165;0.0000;-790.3500;0.0000;6.8165;1.0000;0.0000;0.0000;0.0000;0.0000
1153;640.90;780.2500;53005.9500;53298.3000;52518.0500;100.5598;-0.0024;0.0000;-780.2500;0.0000;6.8165;0.0000;-780.2500;0.0000;6.8165;1.0000;0.0000;0.0000;0.0000;0.0000
1154;641.20;789.5500;52297.2500;52593.4500;51803.9000;100.5751;-0.0025;0.0000;-789.5500;0.0000;6.8165;0.0000;-789.5500;0.0000;6.8165;1.0000;0.0000;0.0000;0.0000;0.0000
1155;641.50;789.1500;52283.4500;52762.7000;51973.5500;100.9307;-0.0040;0.0000;-789.1500;0.0000;6.8165;0.0000;-789.1500;0.0000;6.8165;1.0000;0.0000;0.0000;0.0000;0.0000
1156;641.80;776.9500;52026.6500;52309.2500;51532.3000;100.5514;-0.0024;0.0000;-776.9500;0.0000;6.8165;0.0000;-776.9500;0.0000;6.8165;1.0000;0.0000;0.0000;0.0000;0.0000
1157;642.10;785.7500;52202.1000;51608.9000;50823.1500;98.8463;0.0050;0.0000;-785.7500;0.0000;6.8165;0.0000;-785.7500;0.0000;6.8165;1.0000;0.0000;0.0000;0.0000;0.0000
1158;642.40;789.1000;51770.6000;51077.5000;50288.4000;98.6405;0.0059;0.0000;-789.1000;0.0000;6.8165;0.0000;-789.1000;0.0000;6.8165;1.0000;0.0000;0.0000;0.0000;0.0000
1159;642.70;787.2000;52047.7000;51500.9000;50713.7000;98.9333;0.0047;0.0000;-787.2000;0.0000;6.8165;0.0000;-787.2000;0.0000;6.8165;1.0000;0.0000;0.0000;0.0000;0.0000
1160;643.00;772.7000;51884.9000;51077.5000;50304.8000;98.4203;0.0069;0.0000;-772.7000;0.0000;6.8165;0.0000;-772.7000;0.0000;6.8165;1.0000;0.0000;0.0000;0.0000;0.0000
1161;643.30;779.0000;51821.8500;51189.8500;50410.8500;98.7618;0.0054;0.0000;-779.0000;0.0000;6.8165;0.0000;-779.0000;0.0000;6.8165;1.0000;0.0000;0.0000;0.0000;0.0000
1162;643.60;788.2000;51185.9000;51543.7000;50755.5000;100.7100;-0.0031;0.0000;-788.2000;0.0000;6.8165;0.0000;-788.2000;0.0000;6.8165;1.0000;0.0000;0.0000;0.0000;0.0000
1163;643.90;792.1500;50692.4500;51396.9500;50604.8000;101.4118;-0.0061;0.0000;-792.1500;0.0000;6.8165;0.0000;-792.1500;0.0000;6.8165;1.0000;0.0000;0.0000;0.0000;0.0000
1164;644.20;788.9500;50546.2500;51288.8500;50499.9000;101.4924;-0.0064;0.0000;-788.9500;0.0000;6.8165;0.0000;-788.9500;0.0000;6.8165;1.0000;0.0000;0.0000;0.0000;0.0000
1165;644.50;785.4500;50442.5000;50890.1000;50104.6500;100.9014;-0.0039;0.0000;-785.4500;0.0000;6.8165;0.0000;-785.4500;0.0000;6.8165;1.0000;0.0000;0.0000;0.0000;0.0000
1166;644.80;780.9000;50131.6500;50778.7000;49997.8000;101.3111;-0.0057;0.0000;-780.9000;0.0000;6.8165;0.0000;-780.9000;0.0000;6.8165;1.0000;0.0000;0.0000;0.0000;0.0000
1167;645.10;786.7000;50644.4000;50761.5500;49974.8500;100.2350;-0.0010;0.0000;-786.7000;0.0000;6.8165;0.0000;-786.7000;0.0000;6.8165;1.0000;0.0000;0.0000;0.0000;0.0000
1168;645.40;779.0500;51145.7000;51052.9000;50273.8500;99.8158;0.0008;0.0000;-779.0500;0.0000;6.8165;0.0000;-779.0500;0.0000;6.8165;1.0000;0.0000;0.0000;0.0000;0.0000
1169;645.70;778.1500;51180.8000;51568.3000;50790.1500;100.7688;-0.0033;0.0000;-778.1500;0.0000;6.8165;0.0000;-778.1500;0.0000;6.8165;1.0000;0.0000;0.0000;0.0000;0.0000
1170;646.00;785.2000;50353.8000;50745.6000;49960.4000;100.7904;-0.0034;0.0000;-785.2000;0.0000;6.8165;0.0000;-785.2000;0.0000;6.8165;1.0000;0.0000;0.0000;0.0000;0.0000
1171;646.30;778.8000;50825.9000;51285.0500;50506.2500;100.9174;-0.0040;0.0000;-778.8000;0.0000;6.8165;0.0000;-778.8000;0.0000;6.8165;1.0000;0.0000;0.0000;0.0000;0.0000
1172;646.59;785.5500;50867.8500;51633.1000;50847.5500;101.5280;-0.0066;0.0000;-785.5500;0.0000;6.8165;0.0000;-785.5500;0.0000;6.8165;1.0000;0.0000;0.0000;0.0000;0.0000
1173;646.89;786.2500;50867.6000;50881.4000;50095.1500;100.0276;-0.0001;0.0000;-786.2500;0.0000;6.8165;0.0000;-786.2500;0.0000;6.8165;1.0000;0.0000;0.0000;0.0000;0.0000
1174;647.19;777.5500;50478.6000;50156.1500;49378.6000;99.3512;0.0028;0.0000;-777.5500;0.0000;6.8165;0.0000;-777.5500;0.0000;6.8165;1.0000;0.0000;0.0000;0.0000;0.0000
1175;647.49;783.9500;50501.6000;49829.4500;49045.5000;98.6481;0.0059;0.0000;-783.9500;0.0000;6.8165;0.0000;-783.9500;0.0000;6.8165;1.0000;0.0000;0.0000;0.0000;0.0000
1176;647.79;787.4500;50850.9000;49757.6000;48970.1500;97.8162;0.0096;0.0000;-787.4500;0.0000;6.8165;0.0000;-787.4500;0.0000;6.8165;1.0000;0.0000;0.0000;0.0000;0.0000
1177;648.09;787.9000;50840.4500;49756.8500;48968.9500;97.8351;0.0095;0.0000;-787.9000;0.0000;6.8165;0.0000;-787.9000;0.0000;6.8165;1.0000;0.0000;0.0000;0.0000;0.0000
1178;648.39;790.3500;51094.9000;50139.5000;49349.1500;98.1008;0.0083;0.0000;-790.3500;0.0000;6.8165;0.0000;-790.3500;0.0000;6.8165;1.0000;0.0000;0.0000;0.0000;0.0000
1179;648.68;784.5500;51903.5000;50239.0500;49454.5000;96.7440;0.0144;0.0000;-784.5500;0.0000;6.8165;0.0000;-784.5500;0.0000;6.8165;1.0000;0.0000;0.0000;0.0000;0.0000
1180;648.98;778.9500;51355.2000;50009.8500;49230.9000;97.3400;0.0117;0.0000;-778.9500;0.0000;6.8165;0.0000;-778.9500;0.0000;6.8165;1.0000;0.0000;0.0000;0.0000;0.0000
1181;649.28;790.3000;51837.6500;50869.3000;50079.0000;98.1030;0.0083;0.0000;-790.3000;0.0000;6.8165;0.0000;-790.3000;0.0000;6.8165;1.0000;0.0000;0.0000;0.0000;0.0000
1182;649.58;772.0000;52265.0000;51522.0500;50750.0500;98.5572;0.0063;0.0000;-772.0000;0.0000;6.8165;0.0000;-772.0000;0.0000;6.8165;1.0000;0.0000;0.0000;0.0000;0.0000
1183;649.87;778.4000;51843.0000;51176.1000;50397.7000;98.6940;0.0057;0.0000;-778.4000;0.0000;6.8165;0.0000;-778.4000;0.0000;6.8165;1.0000;0.0000;0.0000;0.0000;0.0000
1184;650.17;778.4500;50986.7000;50521.8000;49743.3500;99.0741;0.0040;0.0000;-778.4500;0.0000;6.8165;0.0000;-778.4500;0.0000;6.8165;1.0000;0.0000;0.0000;0.0000;0.0000
1185;650.47;780.1000;49817.5000;49582.8000;48802.7000;99.5214;0.0021;0.0000;-780.1000;0.0000;6.8165;0.0000;-780.1000;0.0000;6.8165;1.0000;0.0000;0.0000;0.0000;0.0000
1186;650.77;778.7000;50084.3000;49422.6000;48643.9000;98.6580;0.0059;0.0000;-778.7000;0.0000;6.8165;0.0000;-778.7000;0.0000;6.8165;1.0000;0.0000;0.0000;0.0000;0.0000
1187;651.06;789.9500;50636.7500;50066.8000;49276.8500;98.8566;0.0050;0.0000;-789.9500;0.0000;6.8165;0.0000;-789.9500;0.0000;6.8165;1.0000;0.0000;0.0000;0.0000;0.0000
1188;651.36;780.2000;50072.2000;49353.3000;48573.1000;98.5415;0.0064;0.0000;-780.2000;0.0000;6.8165;0.0000;-780.2000;0.0000;6.8165;1.0000;0.0000;0.0000;0.0000;0.0000
1189;651.66;795.7000;50156.2000;49317.6000;48521.9000;98.3011;0.0074;0.0000;-795.7000;0.0000;6.8165;0.0000;-795.7000;0.0000;6.8165;1.0000;0.0000;0.0000;0.0000;0.0000
1190;651.96;777.5500;51058.7500;49637.4000;48859.8500;97.1732;0.0125;0.0000;-777.5500;0.0000;6.8165;0.0000;-777.5500;0.0000;6.8165;1.0000;0.0000;0.0000;0.0000;0.0000
1191;652.25;777.0500;50748.9500;49256.3000;48479.2500;97.0130;0.0132;0.0000;-777.0500;0.0000;6.8165;0.0000;-777.0500;0.0000;6.8165;1.0000;0.0000;0.0000;0.0000;0.0000
1192;652.55;787.1500;49708.0500;48580.6000;47793.4500;97.6954;0.0101;0.0000;-787.1500;0.0000;6.8165;0.0000;-787.1500;0.0000;6.8165;1.0000;0.0000;0.0000;0.0000;0.0000
1193;652.85;786.6000;48651.0000;47987.5000;47200.9000;98.6138;0.0061;0.0000;-786.6000;0.0000;6.8165;0.0000;-786.6000;0.0000;6.8165;1.0000;0.0000;0.0000;0.0000;0.0000
1194;653.14;793.1000;48716.7500;47566.6000;46773.5000;97.6000;0.0106;0.0000;-793.1000;0.0000;6.8165;0.0000;-793.1000;0.0000;6.8165;1.0000;0.0000;0.0000;0.0000;0.0000
1195;653.44;783.5000;49000.8000;47634.7000;46851.2000;97.1668;0.0125;0.0000;-783.5000;0.0000;6.8165;0.0000;-783.5000;0.0000;6.8165;1.0000;0.0000;0.0000;0.0000;0.0000
1196;653.74;787.2500;48756.5000;47322.6000;46535.3500;97.0108;0.0132;0.0000;-787.2500;0.0000;6.8165;0.0000;-787.2500;0.0000;6.8165;1.0000;0.0000;0.0000;0.0000;0.0000
1197;654.03;791.1500;49034.7500;47586.0000;46794.8500;96.9970;0.0132;0.0000;-791.1500;0.0000;6.8165;0.0000;-791.1500;0.0000;6.8165;1.0000;0.0000;0.0000;0.0000;0.0000
1198;654.33;792.5000;49457.5500;47491.5000;46699.0000;95.9600;0.0179;0.0000;-792.5000;0.0000;6.8165;0.0000;-792.5000;0.0000;6.8165;1.0000;0.0000;0.0000;0.0000;0.0000
1199;654.62;787.8000;49817.9000;47183.3000;46395.5000;94.6266;0.0240;0.0000;-787.8000;0.0000;6.8165;0.0000;-787.8000;0.0000;6.8165;1.0000;0.0000;0.0000;0.0000;0.0000
1200;654.92;783.9500;49190.0500;46490.7500;45706.8000;94.4236;0.0249;0.0000;-783.9500;0.0000;6.8165;0.0000;-783.9500;0.0000;6.8165;1.0000;0.0000;0.0000;0.0000;0.0000
1201;655.22;793.1500;48306.6500;46274.7500;45481.6000;95.7235;0.0190;0.0000;-793.1500;0.0000;6.8165;0.0000;-793.1500;0.0000;6.8165;1.0000;0.0000;0.0000;0.0000;0.0000
1202;655.51;786.8500;48671.4000;47174.4500;46387.6000;96.8738;0.0138;0.0000;-786.8500;0.0000;6.8165;0.0000;-786.8500;0.0000;6.8165;1.0000;0.0000;0.0000;0.0000;0.0000
1203;655.81;788.7500;48510.0000;47328.5000;46539.7500;97.5242;0.0109;0.0000;-788.7500;0.0000;6.8165;0.0000;-788.7500;0.0000;6.8165;1.0000;0.0000;0.0000;0.0000;0.0000
1204;656.10;799.6000;48363.8000;47309.0500;46509.4500;97.7825;0.0097;0.0000;-799.6000;0.0000;6.8165;0.0000;-799.6000;0.0000;6.8165;1.0000;0.0000;0.0000;0.0000;0.0000
1205;656.40;788.7000;48417.0000;46932.8500;46144.1500;96.8839;0.0137;0.0000;-788.7000;0.0000;6.8165;0.0000;-788.7000;0.0000;6.8165;1.0000;0.0000;0.0000;0.0000;0.0000
1206;656.69;795.6500;49207.9500;46786.0500;45990.4000;94.9973;0.0223;0.0000;-795.6500;0.0000;6.8165;0.0000;-795.6500;0.0000;6.8165;1.0000;0.0000;0.0000;0.0000;0.0000
1207;656.99;782.5000;49145.7000;46401.2000;45618.7000;94.3252;0.0254;0.0000;-782.5000;0.0000;6.8165;0.0000;-782.5000;0.0000;6.8165;1.0000;0.0000;0.0000;0.0000;0.0000
1208;657.29;793.7500;47652.0500;45527.5000;44733.7500;95.4660;0.0202;0.0000;-793.7500;0.0000;6.8165;0.0000;-793.7500;0.0000;6.8165;1.0000;0.0000;0.0000;0.0000;0.0000
1209;657.58;783.6000;47159.7000;45622.5500;44838.9500;96.6855;0.0146;0.0000;-783.6000;0.0000;6.8165;0.0000;-783.6000;0.0000;6.8165;1.0000;0.0000;0.0000;0.0000;0.0000
1210;657.88;786.5500;47872.1000;45991.0000;45204.4500;96.0049;0.0177;0.0000;-786.5500;0.0000;6.8165;0.0000;-786.5500;0.0000;6.8165;1.0000;0.0000;0.0000;0.0000;0.0000
1211;658.17;783.8500;47361.7000;45370.8000;44586.9500;95.7257;0.0190;0.0000;-783.8500;0.0000;6.8165;0.0000;-783.8500;0.0000;6.8165;1.0000;0.0000;0.0000;0.0000;0.0000
1212;658.47;787.7500;46965.0500;45165.7500;44378.0000;96.1035;0.0173;0.0000;-787.7500;0.0000;6.8165;0.0000;-787.7500;0.0000;6.8165;1.0000;0.0000;0.0000;0.0000;0.0000
1213;658.76;791.6000;47036.4000;45504.7500;44713.1500;96.6880;0.0146;0.0000;-791.6000;0.0000;6.8165;0.0000;-791.6000;0.0000;6.8165;1.0000;0.0000;0.0000;0.0000;0.0000
1214;659.05;789.4000;47844.3500;46453.5500;45664.1500;97.0443;0.0130;0.0000;-789.4000;0.0000;6.8165;0.0000;-789.4000;0.0000;6.8165;1.0000;0.0000;0.0000;0.0000;0.0000
1215;659.35;775.3000;48324.2000;46803.6500;46028.3500;96.8021;0.0141;0.0000;-775.3000;0.0000;6.8165;0.0000;-775.3000;0.0000;6.8165;1.0000;0.0000;0.0000;0.0000;0.0000
1216;659.64;768.8500;47653.7000;45661.0000;44892.1500;95.7498;0.0189;0.0000;-768.8500;0.0000;6.8165;0.0000;-768.8500;0.0000;6.8165;1.0000;0.0000;0.0000;0.0000;0.0000
1217;659.94;765.7000;47337.7000;45373.7000;44608.0000;95.7829;0.0187;0.0000;-765.7000;0.0000;6.8165;0.0000;-765.7000;0.0000;6.8165;1.0000;0.0000;0.0000;0.0000;0.0000
1218;660.23;779.7000;47794.2500;45455.2000;44675.5000;95.0248;0.0222;0.0000;-779.7000;0.0000;6.8165;0.0000;-779.7000;0.0000;6.8165;1.0000;0.0000;0.0000;0.0000;0.0000
1219;660.53;793.7500;48009.8500;45175.5500;44381.8000;93.9972;0.0269;0.0000;-793.7500;0.0000;6.8165;0.0000;-793.7500;0.0000;6.8165;1.0000;0.0000;0.0000;0.0000;0.0000
1220;660.82;778.8000;47757.1500;45389.4000;44610.6000;94.9599;0.0225;0.0000;-778.8000;0.0000;6.8165;0.0000;-778.8000;0.0000;6.8165;1.0000;0.0000;0.0000;0.0000;0.0000
1221;661.11;766.2000;48136.8500;45872.8500;45106.6500;95.2207;0.0213;0.0000;-766.2000;0.0000;6.8165;0.0000;-766.2000;0.0000;6.8165;1.0000;0.0000;0.0000;0.0000;0.0000
1222;661.41;785.6500;48497.5000;46455.3500;45669.7000;95.7198;0.0190;0.0000;-785.6500;0.0000;6.8165;0.0000;-785.6500;0.0000;6.8165;1.0000;0.0000;0.0000;0.0000;0.0000
1223;661.70;763.7500;48021.0000;46670.9500;45907.2000;97.1432;0.0126;0.0000;-763.7500;0.0000;6.8165;0.0000;-763.7500;0.0000;6.8165;1.0000;0.0000;0.0000;0.0000;0.0000
1224;662.00;778.6000;47810.1000;46394.6000;45616.0000;96.9903;0.0133;0.0000;-778.6000;0.0000;6.8165;0.0000;-778.6000;0.0000;6.8165;1.0000;0.0000;0.0000;0.0000;0.0000
1225;662.29;777.2000;47498.2000;45872.3500;45095.1500;96.5201;0.0154;0.0000;-777.2000;0.0000;6.8165;0.0000;-777.2000;0.0000;6.8165;1.0000;0.0000;0.0000;0.0000;0.0000
1226;662.58;789.7000;47668.9500;45620.7500;44831.0500;95.6309;0.0194;0.0000;-789.7000;0.0000;6.8165;0.0000;-789.7000;0.0000;6.8165;1.0000;0.0000;0.0000;0.0000;0.0000
1227;662.88;792.2500;47274.6000;45335.2500;44543.0000;95.8278;0.0185;0.0000;-792.2500;0.0000;6.8165;0.0000;-792.2500;0.0000;6.8165;1.0000;0.0000;0.0000;0.0000;0.0000
1228;663.17;784.8000;47072.8000;45600.4000;44815.6000;96.8190;0.0140;0.0000;-784.8000;0.0000;6.8165;0.0000;-784.8000;0.0000;6.8165;1.0000;0.0000;0.0000;0.0000;0.0000
1229;663.46;779.8500;47723.8500;46419.5000;45639.6500;97.2215;0.0122;0.0000;-779.8500;0.0000;6.8165;0.0000;-779.8500;0.0000;6.8165;1.0000;0.0000;0.0000;0.0000;0.0000
1230;663.76;796.6500;47620.8000;46541.5500;45744.9000;97.6951;0.0101;0.0000;-796.6500;0.0000;6.8165;0.0000;-796.6500;0.0000;6.8165;1.0000;0.0000;0.0000;0.0000;0.0000
1231;664.05;795.1500;47696.3500;46426.0500;45630.9000;97.2915;0.0119;0.0000;-795.1500;0.0000;6.8165;0.0000;-795.1500;0.0000;6.8165;1.0000;0.0000;0.0000;0.0000;0.0000
1232;664.34;790.9000;47424.7000;46043.3000;45252.4000;97.0378;0.0131;0.0000;-790.9000;0.0000;6.8165;0.0000;-790.9000;0.0000;6.8165;1.0000;0.0000;0.0000;0.0000;0.0000
1233;664.64;780.6000;47307.6000;45336.1000;44555.5000;95.7627;0.0188;0.0000;-780.6000;0.0000;6.8165;0.0000;-780.6000;0.0000;6.8165;1.0000;0.0000;0.0000;0.0000;0.0000
1234;664.93;790.4500;46932.1500;44995.8500;44205.4000;95.8036;0.0186;0.0000;-790.4500;0.0000;6.8165;0.0000;-790.4500;0.0000;6.8165;1.0000;0.0000;0.0000;0.0000;0.0000
1235;665.22;788.1000;46357.9000;44917.7500;44129.6500;96.8397;0.0139;0.0000;-788.1000;0.0000;6.8165;0.0000;-788.1000;0.0000;6.8165;1.0000;0.0000;0.0000;0.0000;0.0000
1236;665.51;804.9500;46524.4000;45314.4000;44509.4500;97.3534;0.0116;0.0000;-804.9500;0.0000;6.8165;0.0000;-804.9500;0.0000;6.8165;1.0000;0.0000;0.0000;0.0000;0.0000
1237;665.81;776.7500;46936.7500;46122.3000;45345.5500;98.2356;0.0077;0.0000;-776.7500;0.0000;6.8165;0.0000;-776.7500;0.0000;6.8165;1.0000;0.0000;0.0000;0.0000;0.0000
1238;666.10;779.8500;47219.1500;46501.5500;45721.7000;98.4548;0.0068;0.0000;-779.8500;0.0000;6.8165;0.0000;-779.8500;0.0000;6.8165;1.0000;0.0000;0.0000;0.0000;0.0000
1239;666.39;771.2500;46823.2500;46200.7000;45429.4500;98.6482;0.0059;0.0000;-771.2500;0.0000;6.8165;0.0000;-771.2500;0.0000;6.8165;1.0000;0.0000;0.0000;0.0000;0.0000
1240;666.68;772.6000;46590.0000;45840.8000;45068.2000;98.3648;0.0072;0.0000;-772.6000;0.0000;6.8165;0.0000;-772.6000;0.0000;6.8165;1.0000;0.0000;0.0000;0.0000;0.0000
1241;666.97;775.3500;46203.9000;45646.2500;44870.9000;98.7725;0.0054;0.0000;-775.3500;0.0000;6.8165;0.0000;-775.3500;0.0000;6.8165;1.0000;0.0000;0.0000;0.0000;0.0000
1242;667.27;790.6000;46446.3500;45612.4500;44821.8500;98.1735;0.0080;0.0000;-790.6000;0.0000;6.8165;0.0000;-790.6000;0.0000;6.8165;1.0000;0.0000;0.0000;0.0000;0.0000
1243;667.56;784.5000;46585.1500;46161.1000;45376.6000;99.0741;0.0040;0.0000;-784.5000;0.0000;6.8165;0.0000;-784.5000;0.0000;6.8165;1.0000;0.0000;0.0000;0.0000;0.0000
1244;667.85;784.7000;46741.7000;46329.0000;45544.3000;99.1020;0.0039;0.0000;-784.7000;0.0000;6.8165;0.0000;-784.7000;0.0000;6.8165;1.0000;0.0000;0.0000;0.0000;0.0000
1245;668.14;784.8500;46901.1000;46653.0000;45868.1500;99.4620;0.0023;0.0000;-784.8500;0.0000;6.8165;0.0000;-784.8500;0.0000;6.8165;1.0000;0.0000;0.0000;0.0000;0.0000
1246;668.43;792.8000;47113.8000;47232.5000;46439.7000;100.2563;-0.0011;0.0000;-792.8000;0.0000;6.8165;0.0000;-792.8000;0.0000;6.8165;1.0000;0.0000;0.0000;0.0000;0.0000
1247;668.72;782.5500;47180.1500;47489.8000;46707.2500;100.6674;-0.0029;0.0000;-782.5500;0.0000;6.8165;0.0000;-782.5500;0.0000;6.8165;1.0000;0.0000;0.0000;0.0000;0.0000
1248;669.02;785.0500;46790.7500;46844.8500;46059.8000;100.1176;-0.0005;0.0000;-785.0500;0.0000;6.8165;0.0000;-785.0500;0.0000;6.8165;1.0000;0.0000;0.0000;0.0000;0.0000
1249;669.31;787.1500;46117.5000;45848.7000;45061.5500;99.4070;0.0026;0.0000;-787.1500;0.0000;6.8165;0.0000;-787.1500;0.0000;6.8165;1.0000;0.0000;0.0000;0.0000;0.0000
1250;669.60;774.9500;46484.1000;45751.8500;44976.9000;98.3980;0.0070;0.0000;-774.9500;0.0000;6.8165;0.0000;-774.9500;0.0000;6.8165;1.0000;0.0000;0.0000;0.0000;0.0000
1251;669.89;780.9500;46272.4500;45511.1000;44730.1500;98.3264;0.0073;0.0000;-780.9500;0.0000;6.8165;0.0000;-780.9500;0.0000;6.8165;1.0000;0.0000;0.0000;0.0000;0.0000
1252;670.18;789.3000;46556.9500;45755.3000;44966.0000;98.2484;0.0077;0.0000;-789.3000;0.0000;6.8165;0.0000;-789.3000;0.0000;6.8165;1.0000;0.0000;0.0000;0.0000;0.0000
1253;670.47;784.9000;46508.9000;46412.1500;45627.2500;99.7884;0.0009;0.0000;-784.9000;0.0000;6.8165;0.0000;-784.9000;0.0000;6.8165;1.0000;0.0000;0.0000;0.0000;0.0000
1254;670.76;794.7500;46335.0500;46628.5000;45833.7500;100.6444;-0.0028;0.0000;-794.7500;0.0000;6.8165;0.0000;-794.7500;0.0000;6.8165;1.0000;0.0000;0.0000;0.0000;0.0000
1255;671.05;776.6500;46375.5000;46829.1000;46052.4500;100.9948;-0.0043;0.0000;-776.6500;0.0000;6.8165;0.0000;-776.6500;0.0000;6.8165;1.0000;0.0000;0.0000;0.0000;0.0000
1256;671.34;778.5500;46375.7000;46533.6500;45755.1000;100.3464;-0.0015;0.0000;-778.5500;0.0000;6.8165;0.0000;-778.5500;0.0000;6.8165;1.0000;0.0000;0.0000;0.0000;0.0000
1257;671.63;793.8500;45274.6500;45402.5000;44608.6500;100.2874;-0.0012;0.0000;-793.8500;0.0000;6.8165;0.0000;-793.8500;0.0000;6.8165;1.0000;0.0000;0.0000;0.0000;0.0000
1258;671.92;778.9000;45531.6000;45346.6000;44567.7000;99.5866;0.0018;0.0000;-778.9000;0.0000;6.8165;0.0000;-778.9000;0.0000;6.8165;1.0000;0.0000;0.0000;0.0000;0.0000
1259;672.21;793.2500;45992.3500;45878.7500;45085.5000;99.7487;0.0011;0.0000;-793.2500;0.0000;6.8165;0.0000;-793.2500;0.0000;6.8165;1.0000;0.0000;0.0000;0.0000;0.0000
1260;672.50;785.2500;45933.2500;46332.6500;45547.4000;100.8846;-0.0038;0.0000;-785.2500;0.0000;6.8165;0.0000;-785.2500;0.0000;6.8165;1.0000;0.0000;0.0000;0.0000;0.0000
1261;672.79;792.8500;46102.8500;46061.1000;45268.2500;99.9079;0.0004;0.0000;-792.8500;0.0000;6.8165;0.0000;-792.8500;0.0000;6.8165;1.0000;0.0000;0.0000;0.0000;0.0000
1262;673.08;792.8500;46420.1000;46630.8000;45837.9500;100.4618;-0.0020;0.0000;-792.8500;0.0000;6.8165;0.0000;-792.8500;0.0000;6.8165;1.0000;0.0000;0.0000;0.0000;0.0000
1263;673.37;791.9000;46726.3500;47185.0000;46393.1000;100.9985;-0.0043;0.0000;-791.9000;0.0000;6.8165;0.0000;-791.9000;0.0000;6.8165;1.0000;0.0000;0.0000;0.0000;0.0000
1264;673.66;791.1000;46382.2000;46611.9500;45820.8500;100.5039;-0.0022;0.0000;-791.1000;0.0000;6.8165;0.0000;-791.1000;0.0000;6.8165;1.0000;0.0000;0.0000;0.0000;0.0000
1265;673.95;788.9000;45163.9000;45960.2500;45171.3500;101.7946;-0.0077;0.0000;-788.9000;0.0000;6.8165;0.0000;-788.9000;0.0000;6.8165;1.0000;0.0000;0.0000;0.0000;0.0000
1266;674.24;785.0000;44719.1500;45851.4000;45066.4000;102.5772;-0.0111;0.0000;-785.0000;0.0000;6.8165;0.0000;-785.0000;0.0000;6.8165;1.0000;0.0000;0.0000;0.0000;0.0000
1267;674.53;778.3500;45317.1000;46011.1000;45232.7500;101.5582;-0.0067;0.0000;-778.3500;0.0000;6.8165;0.0000;-778.3500;0.0000;6.8165;1.0000;0.0000;0.0000;0.0000;0.0000
1268;674.82;796.3000;46005.5000;46172.9000;45376.6000;100.3703;-0.0016;0.0000;-796.3000;0.0000;6.8165;0.0000;-796.3000;0.0000;6.8165;1.0000;0.0000;0.0000;0.0000;0.0000
1269;675.11;798.1500;46188.4500;46322.1000;45523.9500;100.2944;-0.0013;0.0000;-798.1500;0.0000;6.8165;0.0000;-798.1500;0.0000;6.8165;1.0000;0.0000;0.0000;0.0000;0.0000
1270;675.40;780.5500;45754.3000;45940.7500;45160.2000;100.4146;-0.0018;0.0000;-780.5500;0.0000;6.8165;0.0000;-780.5500;0.0000;6.8165;1.0000;0.0000;0.0000;0.0000;0.0000
1271;675.69;776.5500;45814.1000;46566.9000;45790.3500;101.6715;-0.0072;0.0000;-776.5500;0.0000;6.8165;0.0000;-776.5500;0.0000;6.8165;1.0000;0.0000;0.0000;0.0000;0.0000
1272;675.98;766.0500;46198.7500;47339.7000;46573.6500;102.5113;-0.0108;0.0000;-766.0500;0.0000;6.8165;0.0000;-766.0500;0.0000;6.8165;1.0000;0.0000;0.0000;0.0000;0.0000
1273;676.27;777.0000;45572.3000;46573.6500;45796.6500;102.2354;-0.0096;0.0000;-777.0000;0.0000;6.8165;0.0000;-777.0000;0.0000;6.8165;1.0000;0.0000;0.0000;0.0000;0.0000
1274;676.56;782.3500;44953.9000;45357.3000;44574.9500;100.9133;-0.0039;0.0000;-782.3500;0.0000;6.8165;0.0000;-782.3500;0.0000;6.8165;1.0000;0.0000;0.0000;0.0000;0.0000
1275;676.84;780.9000;43956.3500;44780.5000;43999.6000;101.9088;-0.0082;0.0000;-780.9000;0.0000;6.8165;0.0000;-780.9000;0.0000;6.8165;1.0000;0.0000;0.0000;0.0000;0.0000
1276;677.13;786.4000;44522.0500;44996.7500;44210.3500;101.0854;-0.0047;0.0000;-786.4000;0.0000;6.8165;0.0000;-786.4000;0.0000;6.8165;1.0000;0.0000;0.0000;0.0000;0.0000
1277;677.42;779.7500;44787.0500;45740.4000;44960.6500;102.1663;-0.0093;0.0000;-779.7500;0.0000;6.8165;0.0000;-779.7500;0.0000;6.8165;1.0000;0.0000;0.0000;0.0000;0.0000
1278;677.71;777.1000;45050.7500;45806.2500;45029.1500;101.7064;-0.0073;0.0000;-777.1000;0.0000;6.8165;0.0000;-777.1000;0.0000;6.8165;1.0000;0.0000;0.0000;0.0000;0.0000
1279;678.00;781.9500;45283.8000;45564.1000;44782.1500;100.6299;-0.0027;0.0000;-781.9500;0.0000;6.8165;0.0000;-781.9500;0.0000;6.8165;1.0000;0.0000;0.0000;0.0000;0.0000
1280;678.29;786.9500;45976.4500;46389.4500;45602.5000;100.9139;-0.0040;0.0000;-786.9500;0.0000;6.8165;0.0000;-786.9500;0.0000;6.8165;1.0000;0.0000;0.0000;0.0000;0.0000
1281;678.58;790.2000;45483.1000;45934.6500;45144.4500;101.0103;-0.0044;0.0000;-790.2000;0.0000;6.8165;0.0000;-790.2000;0.0000;6.8165;1.0000;0.0000;0.0000;0.0000;0.0000
1282;678.86;780.4000;44532.4000;44716.0000;43935.6000;100.4196;-0.0018;0.0000;-780.4000;0.0000;6.8165;0.0000;-780.4000;0.0000;6.8165;1.0000;0.0000;0.0000;0.0000;0.0000
1283;679.15;771.4500;44302.1500;44150.9000;43379.4500;99.6525;0.0015;0.0000;-771.4500;0.0000;6.8165;0.0000;-771.4500;0.0000;6.8165;1.0000;0.0000;0.0000;0.0000;0.0000
1284;679.44;799.7500;44200.7000;44173.2500;43373.5000;99.9368;0.0003;0.0000;-799.7500;0.0000;6.8165;0.0000;-799.7500;0.0000;6.8165;1.0000;0.0000;0.0000;0.0000;0.0000
1285;679.73;782.0000;43904.3500;44391.8000;43609.8000;101.1304;-0.0049;0.0000;-782.0000;0.0000;6.8165;0.0000;-782.0000;0.0000;6.8165;1.0000;0.0000;0.0000;0.0000;0.0000
1286;680.01;801.9000;43792.4000;44205.5000;43403.6000;100.9609;-0.0042;0.0000;-801.9000;0.0000;6.8165;0.0000;-801.9000;0.0000;6.8165;1.0000;0.0000;0.0000;0.0000;0.0000
1287;680.30;787.2500;44165.2500;44155.6000;43368.3500;99.9778;0.0001;0.0000;-787.2500;0.0000;6.8165;0.0000;-787.2500;0.0000;6.8165;1.0000;0.0000;0.0000;0.0000;0.0000
1288;680.59;788.6000;44865.2000;45051.9500;44263.3500;100.4237;-0.0018;0.0000;-788.6000;0.0000;6.8165;0.0000;-788.6000;0.0000;6.8165;1.0000;0.0000;0.0000;0.0000;0.0000
1289;680.88;779.2000;44934.6000;44920.2000;44141.0000;99.9674;0.0001;0.0000;-779.2000;0.0000;6.8165;0.0000;-779.2000;0.0000;6.8165;1.0000;0.0000;0.0000;0.0000;0.0000
1290;681.16;794.1500;45330.2000;45542.8000;44748.6500;100.4774;-0.0021;0.0000;-794.1500;0.0000;6.8165;0.0000;-794.1500;0.0000;6.8165;1.0000;0.0000;0.0000;0.0000;0.0000
1291;681.45;783.0500;44977.9500;45086.0000;44302.9500;100.2445;-0.0011;0.0000;-783.0500;0.0000;6.8165;0.0000;-783.0500;0.0000;6.8165;1.0000;0.0000;0.0000;0.0000;0.0000
1292;681.74;784.5000;44516.6500;44697.8000;43913.3000;100.4142;-0.0018;0.0000;-784.5000;0.0000;6.8165;0.0000;-784.5000;0.0000;6.8165;1.0000;0.0000;0.0000;0.0000;0.0000
1293;682.02;775.3000;44730.4500;44709.1500;43933.8500;99.9515;0.0002;0.0000;-775.3000;0.0000;6.8165;0.0000;-775.3000;0.0000;6.8165;1.0000;0.0000;0.0000;0.0000;0.0000
1294;682.31;789.6500;44733.3500;44855.7000;44066.0500;100.2784;-0.0012;0.0000;-789.6500;0.0000;6.8165;0.0000;-789.6500;0.0000;6.8165;1.0000;0.0000;0.0000;0.0000;0.0000
1295;682.60;789.8000;45088.1000;45482.5000;44692.7000;100.8903;-0.0038;0.0000;-789.8000;0.0000;6.8165;0.0000;-789.8000;0.0000;6.8165;1.0000;0.0000;0.0000;0.0000;0.0000
1296;682.88;789.6500;46053.8500;46431.0500;45641.4000;100.8333;-0.0036;0.0000;-789.6500;0.0000;6.8165;0.0000;-789.6500;0.0000;6.8165;1.0000;0.0000;0.0000;0.0000;0.0000
1297;683.17;807.6500;46960.4500;47526.0500;46718.4000;101.2255;-0.0053;0.0000;-807.6500;0.0000;6.8165;0.0000;-807.6500;0.0000;6.8165;1.0000;0.0000;0.0000;0.0000;0.0000
1298;683.46;786.2000;47184.3500;47676.4500;46890.2500;101.0606;-0.0046;0.0000;-786.2000;0.0000;6.8165;0.0000;-786.2000;0.0000;6.8165;1.0000;0.0000;0.0000;0.0000;0.0000
1299;683.74;778.7000;47297.0500;47180.8500;46402.1500;99.7502;0.0011;0.0000;-778.7000;0.0000;6.8165;0.0000;-778.7000;0.0000;6.8165;1.0000;0.0000;0.0000;0.0000;0.0000
1300;684.03;780.3500;47247.1500;46693.8000;45913.4500;98.8091;0.0052;0.0000;-780.3500;0.0000;6.8165;0.0000;-780.3500;0.0000;6.8165;1.0000;0.0000;0.0000;0.0000;0.0000
1301;684.32;786.5000;46374.2000;45855.9500;45069.4500;98.8632;0.0050;0.0000;-786.5000;0.0000;6.8165;0.0000;-786.5000;0.0000;6.8165;1.0000;0.0000;0.0000;0.0000;0.0000
1302;684.60;780.3000;45931.8500;45793.2000;45012.9000;99.6929;0.0013;0.0000;-780.3000;0.0000;6.8165;0.0000;-780.3000;0.0000;6.8165;1.0000;0.0000;0.0000;0.0000;0.0000
1303;684.89;780.8000;45478.2000;45527.4500;44746.6500;100.1102;-0.0005;0.0000;-780.8000;0.0000;6.8165;0.0000;-780.8000;0.0000;6.8165;1.0000;0.0000;0.0000;0.0000;0.0000
1304;685.17;776.8000;44783.5000;45194.9000;44418.1000;100.9349;-0.0040;0.0000;-776.8000;0.0000;6.8165;0.0000;-776.8000;0.0000;6.8165;1.0000;0.0000;0.0000;0.0000;0.0000
1305;685.46;775.6000;44653.8500;45071.3500;44295.7500;100.9515;-0.0041;0.0000;-775.6000;0.0000;6.8165;0.0000;-775.6000;0.0000;6.8165;1.0000;0.0000;0.0000;0.0000;0.0000
1306;685.75;787.5000;44481.0500;44534.7500;43747.2500;100.1229;-0.0005;0.0000;-787.5000;0.0000;6.8165;0.0000;-787.5000;0.0000;6.8165;1.0000;0.0000;0.0000;0.0000;0.0000
1307;686.03;789.2000;44390.9500;44238.8000;43449.6000;99.6510;0.0015;0.0000;-789.2000;0.0000;6.8165;0.0000;-789.2000;0.0000;6.8165;1.0000;0.0000;0.0000;0.0000;0.0000
1308;686.32;789.4000;43897.0000;43741.3000;42951.9000;99.6388;0.0016;0.0000;-789.4000;0.0000;6.8165;0.0000;-789.4000;0.0000;6.8165;1.0000;0.0000;0.0000;0.0000;0.0000
1309;686.60;788.3000;44128.6500;43673.5500;42885.2500;98.9499;0.0046;0.0000;-788.3000;0.0000;6.8165;0.0000;-788.3000;0.0000;6.8165;1.0000;0.0000;0.0000;0.0000;0.0000
1310;686.89;792.1000;44252.3000;43233.0500;42440.9500;97.6548;0.0103;0.0000;-792.1000;0.0000;6.8165;0.0000;-792.1000;0.0000;6.8165;1.0000;0.0000;0.0000;0.0000;0.0000
1311;687.17;794.1500;44247.1500;42925.3500;42131.2000;96.9581;0.0134;0.0000;-794.1500;0.0000;6.8165;0.0000;-794.1500;0.0000;6.8165;1.0000;0.0000;0.0000;0.0000;0.0000
1312;687.46;775.9000;44860.3500;43509.3000;42733.4000;96.9353;0.0135;0.0000;-775.9000;0.0000;6.8165;0.0000;-775.9000;0.0000;6.8165;1.0000;0.0000;0.0000;0.0000;0.0000
1313;687.74;787.2000;44469.9500;43333.8000;42546.6000;97.3991;0.0114;0.0000;-787.2000;0.0000;6.8165;0.0000;-787.2000;0.0000;6.8165;1.0000;0.0000;0.0000;0.0000;0.0000
1314;688.03;785.3500;43861.3500;43128.4500;42343.1000;98.2986;0.0075;0.0000;-785.3500;0.0000;6.8165;0.0000;-785.3500;0.0000;6.8165;1.0000;0.0000;0.0000;0.0000;0.0000
1315;688.31;796.2000;43356.9500;42554.2500;41758.0500;98.1140;0.0083;0.0000;-796.2000;0.0000;6.8165;0.0000;-796.2000;0.0000;6.8165;1.0000;0.0000;0.0000;0.0000;0.0000
1316;688.60;786.3500;42588.4500;42185.5000;41399.1500;99.0361;0.0042;0.0000;-786.3500;0.0000;6.8165;0.0000;-786.3500;0.0000;6.8165;1.0000;0.0000;0.0000;0.0000;0.0000
1317;688.88;778.9500;42617.7500;42550.4000;41771.4500;99.8390;0.0007;0.0000;-778.9500;0.0000;6.8165;0.0000;-778.9500;0.0000;6.8165;1.0000;0.0000;0.0000;0.0000;0.0000
1318;689.17;777.8500;42765.9000;42803.0000;42025.1500;100.0884;-0.0004;0.0000;-777.8500;0.0000;6.8165;0.0000;-777.8500;0.0000;6.8165;1.0000;0.0000;0.0000;0.0000;0.0000
1319;689.45;791.3000;43087.9500;42550.0000;41758.7000;98.7281;0.0056;0.0000;-791.3000;0.0000;6.8165;0.0000;-791.3000;0.0000;6.8165;1.0000;0.0000;0.0000;0.0000;0.0000
1320;689.73;795.0500;42746.0500;41670.6000;40875.5500;97.4364;0.0113;0.0000;-795.0500;0.0000;6.8165;0.0000;-795.0500;0.0000;6.8165;1.0000;0.0000;0.0000;0.0000;0.0000
1321;690.02;790.9500;42847.2000;41685.6500;40894.7000;97.2381;0.0122;0.0000;-790.9500;0.0000;6.8165;0.0000;-790.9500;0.0000;6.8165;1.0000;0.0000;0.0000;0.0000;0.0000
1322;690.30;774.4000;42467.2000;41276.2500;40501.8500;97.1435;0.0126;0.0000;-774.4000;0.0000;6.8165;0.0000;-774.4000;0.0000;6.8165;1.0000;0.0000;0.0000;0.0000;0.0000
1323;690.59;783.3500;42860.3000;41638.5500;40855.2000;97.0964;0.0128;0.0000;-783.3500;0.0000;6.8165;0.0000;-783.3500;0.0000;6.8165;1.0000;0.0000;0.0000;0.0000;0.0000
1324;690.87;772.8000;42406.6000;41591.7000;40818.9000;98.0427;0.0086;0.0000;-772.8000;0.0000;6.8165;0.0000;-772.8000;0.0000;6.8165;1.0000;0.0000;0.0000;0.0000;0.0000
1325;691.15;790.5000;41654.1000;41187.3500;40396.8500;98.8578;0.0050;0.0000;-790.5000;0.0000;6.8165;0.0000;-790.5000;0.0000;6.8165;1.0000;0.0000;0.0000;0.0000;0.0000
1326;691.44;783.5500;41577.9000;40932.8000;40149.2500;98.4187;0.0069;0.0000;-783.5500;0.0000;6.8165;0.0000;-783.5500;0.0000;6.8165;1.0000;0.0000;0.0000;0.0000;0.0000
1327;691.72;799.1000;40962.1500;40445.4000;39646.3000;98.7134;0.0056;0.0000;-799.1000;0.0000;6.8165;0.0000;-799.1000;0.0000;6.8165;1.0000;0.0000;0.0000;0.0000;0.0000
1328;692.01;778.6000;41072.3500;40377.6000;39599.0000;98.2758;0.0076;0.0000;-778.6000;0.0000;6.8165;0.0000;-778.6000;0.0000;6.8165;1.0000;0.0000;0.0000;0.0000;0.0000
1329;692.29;778.3000;40078.0000;39598.0500;38819.7500;98.7787;0.0053;0.0000;-778.3000;0.0000;6.8165;0.0000;-778.3000;0.0000;6.8165;1.0000;0.0000;0.0000;0.0000;0.0000
1330;692.57;774.5500;39959.1000;39390.2000;38615.6500;98.5482;0.0064;0.0000;-774.5500;0.0000;6.8165;0.0000;-774.5500;0.0000;6.8165;1.0000;0.0000;0.0000;0.0000;0.0000
1331;692.86;783.2500;39474.5000;39066.6000;38283.3500;98.9458;0.0046;0.0000;-783.2500;0.0000;6.8165;0.0000;-783.2500;0.0000;6.8165;1.0000;0.0000;0.0000;0.0000;0.0000
1332;693.14;774.5000;39277.1000;38793.1000;38018.6000;98.7429;0.0055;0.0000;-774.5000;0.0000;6.8165;0.0000;-774.5000;0.0000;6.8165;1.0000;0.0000;0.0000;0.0000;0.0000
1333;693.42;786.8000;39272.1000;38405.8000;37619.0000;97.7490;0.0099;0.0000;-786.8000;0.0000;6.8165;0.0000;-786.8000;0.0000;6.8165;1.0000;0.0000;0.0000;0.0000;0.0000
1334;693.70;778.4500;39026.0500;38076.5500;37298.1000;97.5175;0.0109;0.0000;-778.4500;0.0000;6.8165;0.0000;-778.4500;0.0000;6.8165;1.0000;0.0000;0.0000;0.0000;0.0000
1335;693.99;772.0500;39206.7500;37823.7000;37051.6500;96.4016;0.0159;0.0000;-772.0500;0.0000;6.8165;0.0000;-772.0500;0.0000;6.8165;1.0000;0.0000;0.0000;0.0000;0.0000
1336;694.27;786.8500;38896.6500;37820.9500;37034.1000;97.1774;0.0124;0.0000;-786.8500;0.0000;6.8165;0.0000;-786.8500;0.0000;6.8165;1.0000;0.0000;0.0000;0.0000;0.0000
1337;694.55;790.9500;38900.2000;38130.0500;37339.1000;97.9791;0.0089;0.0000;-790.9500;0.0000;6.8165;0.0000;-790.9500;0.0000;6.8165;1.0000;0.0000;0.0000;0.0000;0.0000
1338;694.84;783.1500;38402.5000;38004.0000;37220.8500;98.9407;0.0046;0.0000;-783.1500;0.0000;6.8165;0.0000;-783.1500;0.0000;6.8165;1.0000;0.0000;0.0000;0.0000;0.0000
1339;695.12;783.1000;38071.3000;37523.3000;36740.2000;98.5304;0.0064;0.0000;-783.1000;0.0000;6.8165;0.0000;-783.1000;0.0000;6.8165;1.0000;0.0000;0.0000;0.0000;0.0000
1340;695.40;787.4000;37423.7000;36806.3500;36018.9500;98.3149;0.0074;0.0000;-787.4000;0.0000;6.8165;0.0000;-787.4000;0.0000;6.8165;1.0000;0.0000;0.0000;0.0000;0.0000
1341;695.68;784.6500;37212.5000;36380.8500;35596.2000;97.7170;0.0100;0.0000;-784.6500;0.0000;6.8165;0.0000;-784.6500;0.0000;6.8165;1.0000;0.0000;0.0000;0.0000;0.0000
1342;695.96;785.3000;36897.1500;36046.6000;35261.3000;97.6447;0.0104;0.0000;-785.3000;0.0000;6.8165;0.0000;-785.3000;0.0000;6.8165;1.0000;0.0000;0.0000;0.0000;0.0000
1343;696.25;787.4000;36485.5500;35990.1500;35202.7500;98.6123;0.0061;0.0000;-787.4000;0.0000;6.8165;0.0000;-787.4000;0.0000;6.8165;1.0000;0.0000;0.0000;0.0000;0.0000
1344;696.53;784.1000;36269.5500;35769.1500;34985.0500;98.5898;0.0062;0.0000;-784.1000;0.0000;6.8165;0.0000;-784.1000;0.0000;6.8165;1.0000;0.0000;0.0000;0.0000;0.0000
1345;696.81;794.6500;36055.5500;35075.7500;34281.1000;97.2213;0.0122;0.0000;-794.6500;0.0000;6.8165;0.0000;-794.6500;0.0000;6.8165;1.0000;0.0000;0.0000;0.0000;0.0000
1346;697.09;790.6500;36594.8500;35689.3000;34898.6500;97.4708;0.0111;0.0000;-790.6500;0.0000;6.8165;0.0000;-790.6500;0.0000;6.8165;1.0000;0.0000;0.0000;0.0000;0.0000
1347;697.37;787.6000;36601.6500;35256.8000;34469.2000;96.2449;0.0166;0.0000;-787.6000;0.0000;6.8165;0.0000;-787.6000;0.0000;6.8165;1.0000;0.0000;0.0000;0.0000;0.0000
1348;697.65;791.2500;36166.8000;35061.9500;34270.7000;96.8768;0.0138;0.0000;-791.2500;0.0000;6.8165;0.0000;-791.2500;0.0000;6.8165;1.0000;0.0000;0.0000;0.0000;0.0000
1349;697.94;777.7500;35044.6000;34555.9500;33778.2000;98.5740;0.0062;0.0000;-777.7500;0.0000;6.8165;0.0000;-777.7500;0.0000;6.8165;1.0000;0.0000;0.0000;0.0000;0.0000
1350;698.22;781.7500;34168.1500;34461.9000;33680.1500;100.8798;-0.0038;0.0000;-781.7500;0.0000;6.8165;0.0000;-781.7500;0.0000;6.8165;1.0000;0.0000;0.0000;0.0000;0.0000
1351;698.50;774.7000;34293.4000;34679.7500;33905.0500;101.1526;-0.0050;0.0000;-774.7000;0.0000;6.8165;0.0000;-774.7000;0.0000;6.8165;1.0000;0.0000;0.0000;0.0000;0.0000
1352;698.78;782.3000;34521.3000;34202.4500;33420.1500;99.0550;0.0041;0.0000;-782.3000;0.0000;6.8165;0.0000;-782.3000;0.0000;6.8165;1.0000;0.0000;0.0000;0.0000;0.0000
1353;699.06;783.4000;34581.6500;34064.9000;33281.5000;98.4711;0.0067;0.0000;-783.4000;0.0000;6.8165;0.0000;-783.4000;0.0000;6.8165;1.0000;0.0000;0.0000;0.0000;0.0000
1354;699.34;796.0500;34614.3000;34440.3000;33644.2500;99.4855;0.0022;0.0000;-796.0500;0.0000;6.8165;0.0000;-796.0500;0.0000;6.8165;1.0000;0.0000;0.0000;0.0000;0.0000
1355;699.62;790.4500;34599.3000;34452.2000;33661.7500;99.5649;0.0019;0.0000;-790.4500;0.0000;6.8165;0.0000;-790.4500;0.0000;6.8165;1.0000;0.0000;0.0000;0.0000;0.0000
1356;699.90;792.0500;34333.4000;33936.6500;33144.6000;98.8171;0.0052;0.0000;-792.0500;0.0000;6.8165;0.0000;-792.0500;0.0000;6.8165;1.0000;0.0000;0.0000;0.0000;0.0000
1357;700.18;792.7500;33633.2000;32981.8500;32189.1000;98.0166;0.0087;0.0000;-792.7500;0.0000;6.8165;0.0000;-792.7500;0.0000;6.8165;1.0000;0.0000;0.0000;0.0000;0.0000
1358;700.46;785.8500;33384.1500;32706.9000;31921.0500;97.9224;0.0091;0.0000;-785.8500;0.0000;6.8165;0.0000;-785.8500;0.0000;6.8165;1.0000;0.0000;0.0000;0.0000;0.0000
1359;700.74;779.0000;33181.8000;32452.0000;31673.0000;97.7477;0.0099;0.0000;-779.0000;0.0000;6.8165;0.0000;-779.0000;0.0000;6.8165;1.0000;0.0000;0.0000;0.0000;0.0000
1360;701.03;779.0000;32788.2000;32414.6500;31635.6500;98.8330;0.0051;0.0000;-779.0000;0.0000;6.8165;0.0000;-779.0000;0.0000;6.8165;1.0000;0.0000;0.0000;0.0000;0.0000
1361;701.31;762.8000;32553.8500;32329.2500;31566.4500;99.2935;0.0031;0.0000;-762.8000;0.0000;6.8165;0.0000;-762.8000;0.0000;6.8165;1.0000;0.0000;0.0000;0.0000;0.0000
1362;701.59;792.8500;32508.0000;32115.3000;31322.4500;98.7618;0.0054;0.0000;-792.8500;0.0000;6.8165;0.0000;-792.8500;0.0000;6.8165;1.0000;0.0000;0.0000;0.0000;0.0000
1363;701.87;778.7000;31740.0000;31742.7000;30964.0000;100.0087;-0.0000;0.0000;-778.7000;0.0000;6.8165;0.0000;-778.7000;0.0000;6.8165;1.0000;0.0000;0.0000;0.0000;0.0000
1364;702.15;800.4000;31617.0500;31557.1500;30756.7500;99.8056;0.0008;0.0000;-800.4000;0.0000;6.8165;0.0000;-800.4000;0.0000;6.8165;1.0000;0.0000;0.0000;0.0000;0.0000
1365;702.43;797.2500;31871.0000;31611.5500;30814.3000;99.1651;0.0036;0.0000;-797.2500;0.0000;6.8165;0.0000;-797.2500;0.0000;6.8165;1.0000;0.0000;0.0000;0.0000;0.0000
1366;702.71;785.9500;31370.2000;31268.9000;30482.9500;99.6688;0.0014;0.0000;-785.9500;0.0000;6.8165;0.0000;-785.9500;0.0000;6.8165;1.0000;0.0000;0.0000;0.0000;0.0000
1367;702.98;762.8500;31145.9000;31034.5000;30271.6500;99.6333;0.0016;0.0000;-762.8500;0.0000;6.8165;0.0000;-762.8500;0.0000;6.8165;1.0000;0.0000;0.0000;0.0000;0.0000
1368;703.26;778.0500;30898.1000;30823.4000;30045.3500;99.7520;0.0011;0.0000;-778.0500;0.0000;6.8165;0.0000;-778.0500;0.0000;6.8165;1.0000;0.0000;0.0000;0.0000;0.0000
1369;703.54;783.6000;30339.8500;30435.4000;29651.8000;100.3233;-0.0014;0.0000;-783.6000;0.0000;6.8165;0.0000;-783.6000;0.0000;6.8165;1.0000;0.0000;0.0000;0.0000;0.0000
1370;703.82;785.4000;30354.5500;30264.9000;29479.5000;99.6968;0.0013;0.0000;-785.4000;0.0000;6.8165;0.0000;-785.4000;0.0000;6.8165;1.0000;0.0000;0.0000;0.0000;0.0000
1371;704.10;793.2000;29885.3000;29655.9500;28862.7500;99.2116;0.0034;0.0000;-793.2000;0.0000;6.8165;0.0000;-793.2000;0.0000;6.8165;1.0000;0.0000;0.0000;0.0000;0.0000
1372;704.38;790.3500;29406.7500;29524.3500;28734.0000;100.4110;-0.0018;0.0000;-790.3500;0.0000;6.8165;0.0000;-790.3500;0.0000;6.8165;1.0000;0.0000;0.0000;0.0000;0.0000
1373;704.66;793.6000;30034.0000;30552.5500;29758.9500;101.7734;-0.0076;0.0000;-793.6000;0.0000;6.8165;0.0000;-793.6000;0.0000;6.8165;1.0000;0.0000;0.0000;0.0000;0.0000
1374;704.94;788.9000;29650.8500;30375.6500;29586.7500;102.5113;-0.0108;0.0000;-788.9000;0.0000;6.8165;0.0000;-788.9000;0.0000;6.8165;1.0000;0.0000;0.0000;0.0000;0.0000
1375;705.22;787.2000;29214.9000;29649.7000;28862.5000;101.5295;-0.0066;0.0000;-787.2000;0.0000;6.8165;0.0000;-787.2000;0.0000;6.8165;1.0000;0.0000;0.0000;0.0000;0.0000
1376;705.50;790.6000;28766.7500;29475.1000;28684.5000;102.5320;-0.0109;0.0000;-790.6000;0.0000;6.8165;0.0000;-790.6000;0.0000;6.8165;1.0000;0.0000;0.0000;0.0000;0.0000
1377;705.78;786.7500;28572.8000;28995.1000;28208.3500;101.5198;-0.0066;0.0000;-786.7500;0.0000;6.8165;0.0000;-786.7500;0.0000;6.8165;1.0000;0.0000;0.0000;0.0000;0.0000
1378;706.05;785.2000;28493.7500;28556.0000;27770.8000;100.2247;-0.0010;0.0000;-785.2000;0.0000;6.8165;0.0000;-785.2000;0.0000;6.8165;1.0000;0.0000;0.0000;0.0000;0.0000
1379;706.33;790.2500;28618.1500;28639.8000;27849.5500;100.0778;-0.0003;0.0000;-790.2500;0.0000;6.8165;0.0000;-790.2500;0.0000;6.8165;1.0000;0.0000;0.0000;0.0000;0.0000
1380;706.61;782.4000;28640.6000;28304.3500;27521.9500;98.7930;0.0053;0.0000;-782.4000;0.0000;6.8165;0.0000;-782.4000;0.0000;6.8165;1.0000;0.0000;0.0000;0.0000;0.0000
1381;706.89;773.5000;28271.2500;27792.4000;27018.9000;98.2586;0.0076;0.0000;-773.5000;0.0000;6.8165;0.0000;-773.5000;0.0000;6.8165;1.0000;0.0000;0.0000;0.0000;0.0000
1382;707.17;772.4500;28197.5000;27699.2000;26926.7500;98.1830;0.0080;0.0000;-772.4500;0.0000;6.8165;0.0000;-772.4500;0.0000;6.8165;1.0000;0.0000;0.0000;0.0000;0.0000
1383;707.45;788.2500;27661.2500;27615.4500;26827.2000;99.8296;0.0007;0.0000;-788.2500;0.0000;6.8165;0.0000;-788.2500;0.0000;6.8165;1.0000;0.0000;0.0000;0.0000;0.0000
1384;707.72;791.1000;27186.9500;27450.0000;26658.9000;100.9966;-0.0043;0.0000;-791.1000;0.0000;6.8165;0.0000;-791.1000;0.0000;6.8165;1.0000;0.0000;0.0000;0.0000;0.0000
1385;708.00;776.7000;26922.7500;27262.5500;26485.8500;101.2996;-0.0056;0.0000;-776.7000;0.0000;6.8165;0.0000;-776.7000;0.0000;6.8165;1.0000;0.0000;0.0000;0.0000;0.0000
1386;708.28;786.2500;26808.2500;26939.0500;26152.8000;100.5027;-0.0022;0.0000;-786.2500;0.0000;6.8165;0.0000;-786.2500;0.0000;6.8165;1.0000;0.0000;0.0000;0.0000;0.0000
1387;708.56;782.7000;26681.2000;26953.4500;26170.7500;101.0512;-0.0045;0.0000;-782.7000;0.0000;6.8165;0.0000;-782.7000;0.0000;6.8165;1.0000;0.0000;0.0000;0.0000;0.0000
1388;708.83;789.9000;26859.7500;26915.3000;26125.4000;100.2131;-0.0009;0.0000;-789.9000;0.0000;6.8165;0.0000;-789.9000;0.0000;6.8165;1.0000;0.0000;0.0000;0.0000;0.0000
1389;709.11;780.3000;26532.1000;26604.5000;25824.2000;100.2811;-0.0012;0.0000;-780.3000;0.0000;6.8165;0.0000;-780.3000;0.0000;6.8165;1.0000;0.0000;0.0000;0.0000;0.0000
1390;709.39;789.4000;26505.7000;26640.1500;25850.7500;100.5228;-0.0023;0.0000;-789.4000;0.0000;6.8165;0.0000;-789.4000;0.0000;6.8165;1.0000;0.0000;0.0000;0.0000;0.0000
1391;709.67;779.4500;26616.8500;26664.1500;25884.7000;100.1831;-0.0008;0.0000;-779.4500;0.0000;6.8165;0.0000;-779.4500;0.0000;6.8165;1.0000;0.0000;0.0000;0.0000;0.0000
1392;709.94;784.2500;26140.6500;26271.2500;25487.0000;100.5151;-0.0022;0.0000;-784.2500;0.0000;6.8165;0.0000;-784.2500;0.0000;6.8165;1.0000;0.0000;0.0000;0.0000;0.0000
1393;710.22;781.5500;25727.7500;25705.0000;24923.4500;99.9088;0.0004;0.0000;-781.5500;0.0000;6.8165;0.0000;-781.5500;0.0000;6.8165;1.0000;0.0000;0.0000;0.0000;0.0000
1394;710.50;780.6000;25320.9000;25563.6000;24783.0000;100.9890;-0.0043;0.0000;-780.6000;0.0000;6.8165;0.0000;-780.6000;0.0000;6.8165;1.0000;0.0000;0.0000;0.0000;0.0000
1395;710.77;795.8000;25144.4500;25483.9500;24688.1500;101.3943;-0.0060;0.0000;-795.8000;0.0000;6.8165;0.0000;-795.8000;0.0000;6.8165;1.0000;0.0000;0.0000;0.0000;0.0000
1396;711.05;785.2000;25004.8500;25272.3000;24487.1000;101.1043;-0.0048;0.0000;-785.2000;0.0000;6.8165;0.0000;-785.2000;0.0000;6.8165;1.0000;0.0000;0.0000;0.0000;0.0000
1397;711.33;792.6500;24759.5000;25048.2500;24255.6000;101.2048;-0.0052;0.0000;-792.6500;0.0000;6.8165;0.0000;-792.6500;0.0000;6.8165;1.0000;0.0000;0.0000;0.0000;0.0000
1398;711.60;771.2500;24643.6500;25272.8000;24501.5500;102.6355;-0.0113;0.0000;-771.2500;0.0000;6.8165;0.0000;-771.2500;0.0000;6.8165;1.0000;0.0000;0.0000;0.0000;0.0000
1399;711.88;774.1500;24998.8000;25637.9000;24863.7500;102.6382;-0.0113;0.0000;-774.1500;0.0000;6.8165;0.0000;-774.1500;0.0000;6.8165;1.0000;0.0000;0.0000;0.0000;0.0000
1400;712.16;782.8000;25126.6500;25676.0000;24893.2000;102.2566;-0.0097;0.0000;-782.8000;0.0000;6.8165;0.0000;-782.8000;0.0000;6.8165;1.0000;0.0000;0.0000;0.0000;0.0000
1401;712.43;787.1500;24885.1000;25150.0500;24362.9000;101.0995;-0.0047;0.0000;-787.1500;0.0000;6.8165;0.0000;-787.1500;0.0000;6.8165;1.0000;0.0000;0.0000;0.0000;0.0000
1402;712.71;785.8500;24794.2000;25136.0500;24350.2000;101.4239;-0.0061;0.0000;-785.8500;0.0000;6.8165;0.0000;-785.8500;0.0000;6.8165;1.0000;0.0000;0.0000;0.0000;0.0000
1403;712.99;782.7000;24423.1500;24787.2000;24004.5000;101.5399;-0.0066;0.0000;-782.7000;0.0000;6.8165;0.0000;-782.7000;0.0000;6.8165;1.0000;0.0000;0.0000;0.0000;0.0000
1404;713.26;786.9000;24054.4500;24336.7000;23549.8000;101.2131;-0.0052;0.0000;-786.9000;0.0000;6.8165;0.0000;-786.9000;0.0000;6.8165;1.0000;0.0000;0.0000;0.0000;0.0000
1405;713.54;799.8000;23933.6500;24193.6500;23393.8500;101.1239;-0.0049;0.0000;-799.8000;0.0000;6.8165;0.0000;-799.8000;0.0000;6.8165;1.0000;0.0000;0.0000;0.0000;0.0000
1406;713.81;792.3500;24155.5500;24193.3500;23401.0000;100.1618;-0.0007;0.0000;-792.3500;0.0000;6.8165;0.0000;-792.3500;0.0000;6.8165;1.0000;0.0000;0.0000;0.0000;0.0000
1407;714.09;782.8000;23886.7500;23931.5000;23148.7000;100.1937;-0.0008;0.0000;-782.8000;0.0000;6.8165;0.0000;-782.8000;0.0000;6.8165;1.0000;0.0000;0.0000;0.0000;0.0000
1408;714.36;782.0000;23186.7000;23369.3500;22587.3500;100.8152;-0.0035;0.0000;-782.0000;0.0000;6.8165;0.0000;-782.0000;0.0000;6.8165;1.0000;0.0000;0.0000;0.0000;0.0000
1409;714.64;789.6500;22727.9000;23146.1500;22356.5000;101.9065;-0.0082;0.0000;-789.6500;0.0000;6.8165;0.0000;-789.6500;0.0000;6.8165;1.0000;0.0000;0.0000;0.0000;0.0000
1410;714.92;787.6000;22316.1000;22625.2000;21837.6000;101.4358;-0.0062;0.0000;-787.6000;0.0000;6.8165;0.0000;-787.6000;0.0000;6.8165;1.0000;0.0000;0.0000;0.0000;0.0000
1411;715.19;784.4000;22300.2000;22409.1500;21624.7500;100.5064;-0.0022;0.0000;-784.4000;0.0000;6.8165;0.0000;-784.4000;0.0000;6.8165;1.0000;0.0000;0.0000;0.0000;0.0000
1412;715.47;784.6500;21982.2500;22071.9000;21287.2500;100.4229;-0.0018;0.0000;-784.6500;0.0000;6.8165;0.0000;-784.6500;0.0000;6.8165;1.0000;0.0000;0.0000;0.0000;0.0000
1413;715.74;785.2500;21654.0000;21823.1000;21037.8500;100.8103;-0.0035;0.0000;-785.2500;0.0000;6.8165;0.0000;-785.2500;0.0000;6.8165;1.0000;0.0000;0.0000;0.0000;0.0000
1414;716.02;793.7000;21396.0000;21674.7500;20881.0500;101.3530;-0.0058;0.0000;-793.7000;0.0000;6.8165;0.0000;-793.7000;0.0000;6.8165;1.0000;0.0000;0.0000;0.0000;0.0000
1415;716.29;780.4000;21111.7000;21363.0000;20582.6000;101.2360;-0.0053;0.0000;-780.4000;0.0000;6.8165;0.0000;-780.4000;0.0000;6.8165;1.0000;0.0000;0.0000;0.0000;0.0000
1416;716.57;776.3000;20836.8500;20989.4000;20213.1000;100.7604;-0.0033;0.0000;-776.3000;0.0000;6.8165;0.0000;-776.3000;0.0000;6.8165;1.0000;0.0000;0.0000;0.0000;0.0000
1417;716.84;776.0500;20587.4000;20671.6500;19895.6000;100.4253;-0.0018;0.0000;-776.0500;0.0000;6.8165;0.0000;-776.0500;0.0000;6.8165;1.0000;0.0000;0.0000;0.0000;0.0000
1418;717.12;786.5000;20192.5500;20408.2000;19621.7000;101.1113;-0.0048;0.0000;-786.5000;0.0000;6.8165;0.0000;-786.5000;0.0000;6.8165;1.0000;0.0000;0.0000;0.0000;0.0000
1419;717.39;781.2000;20001.1500;20378.7500;19597.5500;101.9646;-0.0084;0.0000;-781.2000;0.0000;6.8165;0.0000;-781.2000;0.0000;6.8165;1.0000;0.0000;0.0000;0.0000;0.0000
1420;717.66;784.1500;19886.0000;20124.5000;19340.3500;101.2486;-0.0054;0.0000;-784.1500;0.0000;6.8165;0.0000;-784.1500;0.0000;6.8165;1.0000;0.0000;0.0000;0.0000;0.0000
1421;717.94;770.0000;19646.5000;19795.8500;19025.8500;100.7912;-0.0034;0.0000;-770.0000;0.0000;6.8165;0.0000;-770.0000;0.0000;6.8165;1.0000;0.0000;0.0000;0.0000;0.0000
1422;718.21;790.2000;19218.9000;19264.4500;18474.2500;100.2472;-0.0011;0.0000;-790.2000;0.0000;6.8165;0.0000;-790.2000;0.0000;6.8165;1.0000;0.0000;0.0000;0.0000;0.0000
1423;718.49;789.0000;18676.5000;18675.6000;17886.6000;99.9950;0.0000;0.0000;-789.0000;0.0000;6.8165;0.0000;-789.0000;0.0000;6.8165;1.0000;0.0000;0.0000;0.0000;0.0000
1424;718.76;780.1500;18406.7000;18657.3000;17877.1500;101.4217;-0.0061;0.0000;-780.1500;0.0000;6.8165;0.0000;-780.1500;0.0000;6.8165;1.0000;0.0000;0.0000;0.0000;0.0000
1425;719.03;770.8500;18142.5000;18362.7000;17591.8500;101.2676;-0.0055;0.0000;-770.8500;0.0000;6.8165;0.0000;-770.8500;0.0000;6.8165;1.0000;0.0000;0.0000;0.0000;0.0000
1426;719.31;771.2000;17860.7000;18171.4000;17400.2000;101.8181;-0.0078;0.0000;-771.2000;0.0000;6.8165;0.0000;-771.2000;0.0000;6.8165;1.0000;0.0000;0.0000;0.0000;0.0000
1427;719.58;782.4000;17865.2500;17648.0500;16865.6500;98.7285;0.0056;0.0000;-782.4000;0.0000;6.8165;0.0000;-782.4000;0.0000;6.8165;1.0000;0.0000;0.0000;0.0000;0.0000
1428;719.86;780.4000;17413.1500;17271.3000;16490.9000;99.1472;0.0037;0.0000;-780.4000;0.0000;6.8165;0.0000;-780.4000;0.0000;6.8165;1.0000;0.0000;0.0000;0.0000;0.0000
1429;720.13;791.0500;17349.7500;17304.3000;16513.2500;99.7255;0.0012;0.0000;-791.0500;0.0000;6.8165;0.0000;-791.0500;0.0000;6.8165;1.0000;0.0000;0.0000;0.0000;0.0000
1430;720.40;769.6000;17211.1500;17164.3500;16394.7500;99.7154;0.0012;0.0000;-769.6000;0.0000;6.8165;0.0000;-769.6000;0.0000;6.8165;1.0000;0.0000;0.0000;0.0000;0.0000
1431;720.68;793.8000;16996.6000;16852.8500;16059.0500;99.1128;0.0039;0.0000;-793.8000;0.0000;6.8165;0.0000;-793.8000;0.0000;6.8165;1.0000;0.0000;0.0000;0.0000;0.0000
1432;720.95;786.0500;16672.0000;16193.4000;15407.3500;96.9873;0.0133;0.0000;-786.0500;0.0000;6.8165;0.0000;-786.0500;0.0000;6.8165;1.0000;0.0000;0.0000;0.0000;0.0000
1433;721.22;785.3500;16462.0000;15965.1000;15179.7500;96.8303;0.0140;0.0000;-785.3500;0.0000;6.8165;0.0000;-785.3500;0.0000;6.8165;1.0000;0.0000;0.0000;0.0000;0.0000
1434;721.50;785.5000;15812.8000;15555.0500;14769.5500;98.2848;0.0075;0.0000;-785.5000;0.0000;6.8165;0.0000;-785.5000;0.0000;6.8165;1.0000;0.0000;0.0000;0.0000;0.0000
1435;721.77;781.2000;15524.5500;15462.6500;14681.4500;99.5801;0.0018;0.0000;-781.2000;0.0000;6.8165;0.0000;-781.2000;0.0000;6.8165;1.0000;0.0000;0.0000;0.0000;0.0000
1436;722.04;788.8000;15126.1000;15141.5500;14352.7500;100.1078;-0.0005;0.0000;-788.8000;0.0000;6.8165;0.0000;-788.8000;0.0000;6.8165;1.0000;0.0000;0.0000;0.0000;0.0000
1437;722.31;794.0000;14741.6500;14799.2500;14005.2500;100.4130;-0.0018;0.0000;-794.0000;0.0000;6.8165;0.0000;-794.0000;0.0000;6.8165;1.0000;0.0000;0.0000;0.0000;0.0000
1438;722.59;793.4000;14505.9500;14600.0500;13806.6500;100.6862;-0.0030;0.0000;-793.4000;0.0000;6.8165;0.0000;-793.4000;0.0000;6.8165;1.0000;0.0000;0.0000;0.0000;0.0000
1439;722.86;797.7500;14350.8000;14272.4000;13474.6500;99.4215;0.0025;0.0000;-797.7500;0.0000;6.8165;0.0000;-797.7500;0.0000;6.8165;1.0000;0.0000;0.0000;0.0000;0.0000
1440;723.13;785.6000;14153.8500;14089.9500;13304.3500;99.5220;0.0021;0.0000;-785.6000;0.0000;6.8165;0.0000;-785.6000;0.0000;6.8165;1.0000;0.0000;0.0000;0.0000;0.0000
1441;723.40;795.9000;14227.2000;13997.3500;13201.4500;98.2887;0.0075;0.0000;-795.9000;0.0000;6.8165;0.0000;-795.9000;0.0000;6.8165;1.0000;0.0000;0.0000;0.0000;0.0000
1442;723.68;786.4500;14100.5500;13778.5000;12992.0500;97.5811;0.0106;0.0000;-786.4500;0.0000;6.8165;0.0000;-786.4500;0.0000;6.8165;1.0000;0.0000;0.0000;0.0000;0.0000
1443;723.95;799.5000;13682.7000;13380.7500;12581.2500;97.6563;0.0103;0.0000;-799.5000;0.0000;6.8165;0.0000;-799.5000;0.0000;6.8165;1.0000;0.0000;0.0000;0.0000;0.0000
1444;724.22;773.2500;13374.4500;13075.6500;12302.4000;97.6288;0.0104;0.0000;-773.2500;0.0000;6.8165;0.0000;-773.2500;0.0000;6.8165;1.0000;0.0000;0.0000;0.0000;0.0000
1445;724.49;776.1000;13356.1500;13020.2000;12244.1000;97.3295;0.0118;0.0000;-776.1000;0.0000;6.8165;0.0000;-776.1000;0.0000;6.8165;1.0000;0.0000;0.0000;0.0000;0.0000
1446;724.76;781.9000;13117.6000;12870.6500;12088.7500;97.9981;0.0088;0.0000;-781.9000;0.0000;6.8165;0.0000;-781.9000;0.0000;6.8165;1.0000;0.0000;0.0000;0.0000;0.0000
1447;725.04;795.5500;12911.4500;12714.7000;11919.1500;98.3761;0.0071;0.0000;-795.5500;0.0000;6.8165;0.0000;-795.5500;0.0000;6.8165;1.0000;0.0000;0.0000;0.0000;0.0000
1448;725.31;776.5000;12631.4000;12297.5000;11521.0000;97.1834;0.0124;0.0000;-776.5000;0.0000;6.8165;0.0000;-776.5000;0.0000;6.8165;1.0000;0.0000;0.0000;0.0000;0.0000
1449;725.58;784.4500;12455.3000;12183.7000;11399.2500;97.6728;0.0102;0.0000;-784.4500;0.0000;6.8165;0.0000;-784.4500;0.0000;6.8165;1.0000;0.0000;0.0000;0.0000;0.0000
1450;725.85;778.5000;12313.3000;11924.2500;11145.7500;96.6272;0.0149;0.0000;-778.5000;0.0000;6.8165;0.0000;-778.5000;0.0000;6.8165;1.0000;0.0000;0.0000;0.0000;0.0000
1451;726.12;780.0500;12109.8000;11883.0000;11102.9500;97.9982;0.0088;0.0000;-780.0500;0.0000;6.8165;0.0000;-780.0500;0.0000;6.8165;1.0000;0.0000;0.0000;0.0000;0.0000
1452;726.39;774.4000;11945.1500;11822.4500;11048.0500;98.9016;0.0048;0.0000;-774.4000;0.0000;6.8165;0.0000;-774.4000;0.0000;6.8165;1.0000;0.0000;0.0000;0.0000;0.0000
1453;726.66;783.1500;11726.9500;11558.2000;10775.0500;98.4580;0.0067;0.0000;-783.1500;0.0000;6.8165;0.0000;-783.1500;0.0000;6.8165;1.0000;0.0000;0.0000;0.0000;0.0000
1454;726.93;784.7000;11657.5500;11483.0000;10698.3000;98.3946;0.0070;0.0000;-784.7000;0.0000;6.8165;0.0000;-784.7000;0.0000;6.8165;1.0000;0.0000;0.0000;0.0000;0.0000
1455;727.21;798.6000;11754.1000;11383.9500;10585.3500;96.6213;0.0149;0.0000;-798.6000;0.0000;6.8165;0.0000;-798.6000;0.0000;6.8165;1.0000;0.0000;0.0000;0.0000;0.0000
1456;727.48;783.9000;11635.9500;11355.7500;10571.8500;97.4180;0.0114;0.0000;-783.9000;0.0000;6.8165;0.0000;-783.9000;0.0000;6.8165;1.0000;0.0000;0.0000;0.0000;0.0000
1457;727.75;773.6500;11585.8500;11207.9500;10434.3000;96.5049;0.0155;0.0000;-773.6500;0.0000;6.8165;0.0000;-773.6500;0.0000;6.8165;1.0000;0.0000;0.0000;0.0000;0.0000
1458;728.02;775.4000;11221.2500;10867.4500;10092.0500;96.6130;0.0150;0.0000;-775.4000;0.0000;6.8165;0.0000;-775.4000;0.0000;6.8165;1.0000;0.0000;0.0000;0.0000;0.0000
1459;728.29;782.7500;11250.9500;10878.9000;10096.1500;96.4459;0.0157;0.0000;-782.7500;0.0000;6.8165;0.0000;-782.7500;0.0000;6.8165;1.0000;0.0000;0.0000;0.0000;0.0000
1460;728.56;781.5000;10984.1000;10717.7500;9936.2500;97.3894;0.0115;0.0000;-781.5000;0.0000;6.8165;0.0000;-781.5000;0.0000;6.8165;1.0000;0.0000;0.0000;0.0000;0.0000
1461;728.83;782.4500;10919.0000;10798.7000;10016.2500;98.8132;0.0052;0.0000;-782.4500;0.0000;6.8165;0.0000;-782.4500;0.0000;6.8165;1.0000;0.0000;0.0000;0.0000;0.0000
1462;729.10;788.4000;10834.8000;10686.3000;9897.9000;98.5219;0.0065;0.0000;-788.4000;0.0000;6.8165;0.0000;-788.4000;0.0000;6.8165;1.0000;0.0000;0.0000;0.0000;0.0000
1463;729.37;787.7000;10895.5500;10661.8000;9874.1000;97.6874;0.0102;0.0000;-787.7000;0.0000;6.8165;0.0000;-787.7000;0.0000;6.8165;1.0000;0.0000;0.0000;0.0000;0.0000
1464;729.64;783.2500;10890.1000;10500.4000;9717.1500;96.1442;0.0171;0.0000;-783.2500;0.0000;6.8165;0.0000;-783.2500;0.0000;6.8165;1.0000;0.0000;0.0000;0.0000;0.0000
1465;729.91;777.8500;10854.6500;10429.1000;9651.2500;95.7769;0.0187;0.0000;-777.8500;0.0000;6.8165;0.0000;-777.8500;0.0000;6.8165;1.0000;0.0000;0.0000;0.0000;0.0000
1466;730.18;813.0500;10819.1500;10377.9000;9564.8500;95.5902;0.0196;0.0000;-813.0500;0.0000;6.8165;0.0000;-813.0500;0.0000;6.8165;1.0000;0.0000;0.0000;0.0000;0.0000
1467;730.45;793.6500;10552.2500;10137.7500;9344.1000;95.7525;0.0189;0.0000;-793.6500;0.0000;6.8165;0.0000;-793.6500;0.0000;6.8165;1.0000;0.0000;0.0000;0.0000;0.0000
1468;730.72;800.5000;10461.5000;10207.7000;9407.2000;97.3729;0.0116;0.0000;-800.5000;0.0000;6.8165;0.0000;-800.5000;0.0000;6.8165;1.0000;0.0000;0.0000;0.0000;0.0000
1469;730.99;790.1000;10368.9500;10135.1000;9345.0000;97.5587;0.0107;0.0000;-790.1000;0.0000;6.8165;0.0000;-790.1000;0.0000;6.8165;1.0000;0.0000;0.0000;0.0000;0.0000
1470;731.26;790.8500;10248.5500;9974.0500;9183.2000;97.0976;0.0128;0.0000;-790.8500;0.0000;6.8165;0.0000;-790.8500;0.0000;6.8165;1.0000;0.0000;0.0000;0.0000;0.0000
1471;731.53;773.5000;10205.1500;9963.1000;9189.6000;97.4336;0.0113;0.0000;-773.5000;0.0000;6.8165;0.0000;-773.5000;0.0000;6.8165;1.0000;0.0000;0.0000;0.0000;0.0000
1472;731.80;786.1000;10310.4500;9945.4500;9159.3500;96.1677;0.0170;0.0000;-786.1000;0.0000;6.8165;0.0000;-786.1000;0.0000;6.8165;1.0000;0.0000;0.0000;0.0000;0.0000
1473;732.06;792.2500;10180.1000;10026.9500;9234.7000;98.3686;0.0071;0.0000;-792.2500;0.0000;6.8165;0.0000;-792.2500;0.0000;6.8165;1.0000;0.0000;0.0000;0.0000;0.0000
1474;732.33;779.3000;10331.2000;10092.4000;9313.1000;97.5000;0.0110;0.0000;-779.3000;0.0000;6.8165;0.0000;-779.3000;0.0000;6.8165;1.0000;0.0000;0.0000;0.0000;0.0000
1475;732.60;770.8000;10155.2000;9931.0500;9160.2500;97.6115;0.0105;0.0000;-770.8000;0.0000;6.8165;0.0000;-770.8000;0.0000;6.8165;1.0000;0.0000;0.0000;0.0000;0.0000
1476;732.87;785.8500;10132.7500;9880.0500;9094.2000;97.2964;0.0119;0.0000;-785.8500;0.0000;6.8165;0.0000;-785.8500;0.0000;6.8165;1.0000;0.0000;0.0000;0.0000;0.0000
1477;733.14;774.2500;10116.3000;9807.1500;9032.9000;96.6908;0.0146;0.0000;-774.2500;0.0000;6.8165;0.0000;-774.2500;0.0000;6.8165;1.0000;0.0000;0.0000;0.0000;0.0000
1478;733.41;779.3500;10099.0000;9700.2500;8920.9000;95.7214;0.0190;0.0000;-779.3500;0.0000;6.8165;0.0000;-779.3500;0.0000;6.8165;1.0000;0.0000;0.0000;0.0000;0.0000
1479;733.68;779.8000;10074.6500;9658.4000;8878.6000;95.5217;0.0199;0.0000;-779.8000;0.0000;6.8165;0.0000;-779.8000;0.0000;6.8165;1.0000;0.0000;0.0000;0.0000;0.0000
1480;733.95;798.1500;10084.2000;9722.8000;8924.6500;96.1081;0.0172;0.0000;-798.1500;0.0000;6.8165;0.0000;-798.1500;0.0000;6.8165;1.0000;0.0000;0.0000;0.0000;0.0000
1481;734.21;795.2500;9922.8000;9586.4000;8791.1500;96.3145;0.0163;0.0000;-795.2500;0.0000;6.8165;0.0000;-795.2500;0.0000;6.8165;1.0000;0.0000;0.0000;0.0000;0.0000
1482;734.48;800.5000;9760.0500;9476.6000;8676.1000;96.8363;0.0140;0.0000;-800.5000;0.0000;6.8165;0.0000;-800.5000;0.0000;6.8165;1.0000;0.0000;0.0000;0.0000;0.0000
1483;734.75;788.7500;9616.4000;9261.5000;8472.7500;95.9797;0.0178;0.0000;-788.7500;0.0000;6.8165;0.0000;-788.7500;0.0000;6.8165;1.0000;0.0000;0.0000;0.0000;0.0000
1484;735.02;780.6000;9452.2500;9150.2500;8369.6500;96.5174;0.0154;0.0000;-780.6000;0.0000;6.8165;0.0000;-780.6000;0.0000;6.8165;1.0000;0.0000;0.0000;0.0000;0.0000
1485;735.29;776.6000;9282.1500;9078.8000;8302.2000;97.6092;0.0105;0.0000;-776.6000;0.0000;6.8165;0.0000;-776.6000;0.0000;6.8165;1.0000;0.0000;0.0000;0.0000;0.0000
1486;735.55;785.2000;9185.8000;8814.4500;8029.2500;95.5795;0.0196;0.0000;-785.2000;0.0000;6.8165;0.0000;-785.2000;0.0000;6.8165;1.0000;0.0000;0.0000;0.0000;0.0000
1487;735.82;780.2500;9110.4000;8727.0500;7946.8000;95.3980;0.0205;0.0000;-780.2500;0.0000;6.8165;0.0000;-780.2500;0.0000;6.8165;1.0000;0.0000;0.0000;0.0000;0.0000
1488;736.09;779.4000;8870.7500;8547.5000;7768.1000;96.0050;0.0177;0.0000;-779.4000;0.0000;6.8165;0.0000;-779.4000;0.0000;6.8165;1.0000;0.0000;0.0000;0.0000;0.0000
1489;736.36;783.4000;8683.1000;8519.2500;7735.8500;97.9259;0.0091;0.0000;-783.4000;0.0000;6.8165;0.0000;-783.4000;0.0000;6.8165;1.0000;0.0000;0.0000;0.0000;0.0000
1490;736.62;789.3500;8511.2000;8371.9000;7582.5500;98.1960;0.0079;0.0000;-789.3500;0.0000;6.8165;0.0000;-789.3500;0.0000;6.8165;1.0000;0.0000;0.0000;0.0000;0.0000
1491;736.89;788.2000;8409.2500;8219.1500;7430.9500;97.5056;0.0110;0.0000;-788.2000;0.0000;6.8165;0.0000;-788.2000;0.0000;6.8165;1.0000;0.0000;0.0000;0.0000;0.0000
1492;737.16;790.3500;8278.3500;8131.2500;7340.9000;98.0355;0.0086;0.0000;-790.3500;0.0000;6.8165;0.0000;-790.3500;0.0000;6.8165;1.0000;0.0000;0.0000;0.0000;0.0000
1493;737.43;775.0000;8226.6500;7956.0000;7181.0000;96.3679;0.0161;0.0000;-775.0000;0.0000;6.8165;0.0000;-775.0000;0.0000;6.8165;1.0000;0.0000;0.0000;0.0000;0.0000
1494;737.69;778.9000;8190.4000;7910.4500;7131.5500;96.2228;0.0167;0.0000;-778.9000;0.0000;6.8165;0.0000;-778.9000;0.0000;6.8165;1.0000;0.0000;0.0000;0.0000;0.0000
1495;737.96;798.7500;8093.5000;7811.1500;7012.4000;96.1294;0.0171;0.0000;-798.7500;0.0000;6.8165;0.0000;-798.7500;0.0000;6.8165;1.0000;0.0000;0.0000;0.0000;0.0000
1496;738.23;775.0000;8054.5000;7803.4000;7028.4000;96.5506;0.0152;0.0000;-775.0000;0.0000;6.8165;0.0000;-775.0000;0.0000;6.8165;1.0000;0.0000;0.0000;0.0000;0.0000
1497;738.49;794.7500;7798.1000;7722.9000;6928.1500;98.9262;0.0047;0.0000;-794.7500;0.0000;6.8165;0.0000;-794.7500;0.0000;6.8165;1.0000;0.0000;0.0000;0.0000;0.0000
1498;738.76;785.6000;7664.3000;7540.5500;6754.9500;98.2010;0.0079;0.0000;-785.6000;0.0000;6.8165;0.0000;-785.6000;0.0000;6.8165;1.0000;0.0000;0.0000;0.0000;0.0000
1499;739.03;779.3000;7606.8000;7378.7500;6599.4500;96.6598;0.0148;0.0000;-779.3000;0.0000;6.8165;0.0000;-779.3000;0.0000;6.8165;1.0000;0.0000;0.0000;0.0000;0.0000
1500;739.29;780.8500;7472.2000;7126.4500;6345.6000;94.8329;0.0230;0.0000;-780.8500;0.0000;6.8165;0.0000;-780.8500;0.0000;6.8165;1.0000;0.0000;0.0000;0.0000;0.0000
1501;739.56;774.4500;7427.3500;7126.1000;6351.6500;95.4719;0.0201;0.0000;-774.4500;0.0000;6.8165;0.0000;-774.4500;0.0000;6.8165;1.0000;0.0000;0.0000;0.0000;0.0000
1502;739.83;776.3000;7339.1500;7097.2500;6320.9500;96.3141;0.0163;0.0000;-776.3000;0.0000;6.8165;0.0000;-776.3000;0.0000;6.8165;1.0000;0.0000;0.0000;0.0000;0.0000
1503;740.09;792.3000;7168.2000;7007.8500;6215.5500;97.4851;0.0111;0.0000;-792.3000;0.0000;6.8165;0.0000;-792.3000;0.0000;6.8165;1.0000;0.0000;0.0000;0.0000;0.0000
1504;740.36;791.4000;7169.5000;6977.3000;6185.9000;96.9866;0.0133;0.0000;-791.4000;0.0000;6.8165;0.0000;-791.4000;0.0000;6.8165;1.0000;0.0000;0.0000;0.0000;0.0000
1505;740.62;766.7500;6937.6500;6749.2000;5982.4500;96.9462;0.0135;0.0000;-766.7500;0.0000;6.8165;0.0000;-766.7500;0.0000;6.8165;1.0000;0.0000;0.0000;0.0000;0.0000
1506;740.89;775.2000;6807.8500;6601.5000;5826.3000;96.5794;0.0151;0.0000;-775.2000;0.0000;6.8165;0.0000;-775.2000;0.0000;6.8165;1.0000;0.0000;0.0000;0.0000;0.0000
1507;741.16;787.9500;6693.0000;6478.6500;5690.7000;96.3701;0.0161;0.0000;-787.9500;0.0000;6.8165;0.0000;-787.9500;0.0000;6.8165;1.0000;0.0000;0.0000;0.0000;0.0000
1508;741.42;782.3000;6513.4500;6424.5500;5642.2500;98.4488;0.0068;0.0000;-782.3000;0.0000;6.8165;0.0000;-782.3000;0.0000;6.8165;1.0000;0.0000;0.0000;0.0000;0.0000
1509;741.69;787.7000;6378.6500;6314.2500;5526.5500;98.8481;0.0050;0.0000;-787.7000;0.0000;6.8165;0.0000;-787.7000;0.0000;6.8165;1.0000;0.0000;0.0000;0.0000;0.0000
1510;741.95;785.8500;6329.9000;6175.7500;5389.9000;97.2195;0.0122;0.0000;-785.8500;0.0000;6.8165;0.0000;-785.8500;0.0000;6.8165;1.0000;0.0000;0.0000;0.0000;0.0000
1511;742.22;774.1500;6195.0500;6010.2000;5236.0500;96.5900;0.0151;0.0000;-774.1500;0.0000;6.8165;0.0000;-774.1500;0.0000;6.8165;1.0000;0.0000;0.0000;0.0000;0.0000
1512;742.48;773.3500;6005.8000;5801.2500;5027.9000;96.0907;0.0173;0.0000;-773.3500;0.0000;6.8165;0.0000;-773.3500;0.0000;6.8165;1.0000;0.0000;0.0000;0.0000;0.0000
1513;742.75;780.8500;5925.6500;5770.4000;4989.5500;96.9824;0.0133;0.0000;-780.8500;0.0000;6.8165;0.0000;-780.8500;0.0000;6.8165;1.0000;0.0000;0.0000;0.0000;0.0000
1514;743.01;778.0500;5827.7500;5712.7500;4934.7000;97.7226;0.0100;0.0000;-778.0500;0.0000;6.8165;0.0000;-778.0500;0.0000;6.8165;1.0000;0.0000;0.0000;0.0000;0.0000
1515;743.28;779.3000;5762.5500;5617.7500;4838.4500;97.0943;0.0128;0.0000;-779.3000;0.0000;6.8165;0.0000;-779.3000;0.0000;6.8165;1.0000;0.0000;0.0000;0.0000;0.0000
1516;743.54;780.1500;5615.7000;5460.9500;4680.8000;96.7997;0.0141;0.0000;-780.1500;0.0000;6.8165;0.0000;-780.1500;0.0000;6.8165;1.0000;0.0000;0.0000;0.0000;0.0000
1517;743.81;790.6500;5481.4000;5357.7000;4567.0500;97.3629;0.0116;0.0000;-790.6500;0.0000;6.8165;0.0000;-790.6500;0.0000;6.8165;1.0000;0.0000;0.0000;0.0000;0.0000
1518;744.07;787.9000;5319.9000;5160.3000;4372.4000;96.4784;0.0156;0.0000;-787.9000;0.0000;6.8165;0.0000;-787.9000;0.0000;6.8165;1.0000;0.0000;0.0000;0.0000;0.0000
1519;744.34;772.4500;5192.0500;5053.0000;4280.5500;96.8538;0.0139;0.0000;-772.4500;0.0000;6.8165;0.0000;-772.4500;0.0000;6.8165;1.0000;0.0000;0.0000;0.0000;0.0000
1520;744.60;799.1000;5016.4500;4877.5500;4078.4500;96.7065;0.0145;0.0000;-799.1000;0.0000;6.8165;0.0000;-799.1000;0.0000;6.8165;1.0000;0.0000;0.0000;0.0000;0.0000
1521;744.87;776.7500;4904.3500;4796.1000;4019.3500;97.3774;0.0115;0.0000;-776.7500;0.0000;6.8165;0.0000;-776.7500;0.0000;6.8165;1.0000;0.0000;0.0000;0.0000;0.0000
1522;745.13;786.0000;4802.4000;4663.2000;3877.2000;96.5342;0.0153;0.0000;-786.0000;0.0000;6.8165;0.0000;-786.0000;0.0000;6.8165;1.0000;0.0000;0.0000;0.0000;0.0000
1523;745.39;802.2500;4666.9500;4573.8500;3771.6000;97.5910;0.0106;0.0000;-802.2500;0.0000;6.8165;0.0000;-802.2500;0.0000;6.8165;1.0000;0.0000;0.0000;0.0000;0.0000
1524;745.66;783.0000;4550.2500;4450.6000;3667.6000;97.3548;0.0116;0.0000;-783.0000;0.0000;6.8165;0.0000;-783.0000;0.0000;6.8165;1.0000;0.0000;0.0000;0.0000;0.0000
1525;745.92;781.7000;4421.3000;4322.5500;3540.8500;97.2868;0.0119;0.0000;-781.7000;0.0000;6.8165;0.0000;-781.7000;0.0000;6.8165;1.0000;0.0000;0.0000;0.0000;0.0000
1526;746.19;787.5500;4295.3000;4224.9000;3437.3500;97.9930;0.0088;0.0000;-787.5500;0.0000;6.8165;0.0000;-787.5500;0.0000;6.8165;1.0000;0.0000;0.0000;0.0000;0.0000
1527;746.45;792.9500;4205.7000;4140.0500;3347.1000;98.0763;0.0084;0.0000;-792.9500;0.0000;6.8165;0.0000;-792.9500;0.0000;6.8165;1.0000;0.0000;0.0000;0.0000;0.0000
1528;746.71;800.4000;4150.2000;3995.3500;3194.9500;95.3773;0.0206;0.0000;-800.4000;0.0000;6.8165;0.0000;-800.4000;0.0000;6.8165;1.0000;0.0000;0.0000;0.0000;0.0000
1529;746.98;789.1500;4065.6000;3938.5000;3149.3500;96.1208;0.0172;0.0000;-789.1500;0.0000;6.8165;0.0000;-789.1500;0.0000;6.8165;1.0000;0.0000;0.0000;0.0000;0.0000
1530;747.24;786.3000;3943.3000;3867.3000;3081.0000;97.5927;0.0106;0.0000;-786.3000;0.0000;6.8165;0.0000;-786.3000;0.0000;6.8165;1.0000;0.0000;0.0000;0.0000;0.0000
1531;747.50;780.5000;3878.6000;3774.5500;2994.0500;96.6415;0.0148;0.0000;-780.5000;0.0000;6.8165;0.0000;-780.5000;0.0000;6.8165;1.0000;0.0000;0.0000;0.0000;0.0000
1532;747.77;775.5500;3708.4500;3662.0500;2886.5000;98.4179;0.0069;0.0000;-775.5500;0.0000;6.8165;0.0000;-775.5500;0.0000;6.8165;1.0000;0.0000;0.0000;0.0000;0.0000
1533;748.03;786.0500;3654.1000;3596.6000;2810.5500;97.9952;0.0088;0.0000;-786.0500;0.0000;6.8165;0.0000;-786.0500;0.0000;6.8165;1.0000;0.0000;0.0000;0.0000;0.0000
1534;748.29;786.0500;3580.5500;3523.8000;2737.7500;97.9692;0.0089;0.0000;-786.0500;0.0000;6.8165;0.0000;-786.0500;0.0000;6.8165;1.0000;0.0000;0.0000;0.0000;0.0000
1535;748.56;781.5000;3546.3500;3477.0500;2695.5500;97.4935;0.0110;0.0000;-781.5000;0.0000;6.8165;0.0000;-781.5000;0.0000;6.8165;1.0000;0.0000;0.0000;0.0000;0.0000
1536;748.82;793.8000;3479.8500;3354.2000;2560.4000;95.3221;0.0208;0.0000;-793.8000;0.0000;6.8165;0.0000;-793.8000;0.0000;6.8165;1.0000;0.0000;0.0000;0.0000;0.0000
1537;749.08;776.1000;3421.2500;3332.0500;2555.9500;96.6278;0.0149;0.0000;-776.1000;0.0000;6.8165;0.0000;-776.1000;0.0000;6.8165;1.0000;0.0000;0.0000;0.0000;0.0000
1538;749.34;784.9000;3339.5000;3243.9000;2459.0000;96.2577;0.0166;0.0000;-784.9000;0.0000;6.8165;0.0000;-784.9000;0.0000;6.8165;1.0000;0.0000;0.0000;0.0000;0.0000
1539;749.61;782.0500;3281.4500;3192.5000;2410.4500;96.4411;0.0157;0.0000;-782.0500;0.0000;6.8165;0.0000;-782.0500;0.0000;6.8165;1.0000;0.0000;0.0000;0.0000;0.0000
1540;749.87;788.1500;3231.7500;3162.2000;2374.0500;97.1538;0.0125;0.0000;-788.1500;0.0000;6.8165;0.0000;-788.1500;0.0000;6.8165;1.0000;0.0000;0.0000;0.0000;0.0000
1541;750.13;777.3500;3204.1000;3119.7500;2342.4000;96.5242;0.0154;0.0000;-777.3500;0.0000;6.8165;0.0000;-777.3500;0.0000;6.8165;1.0000;0.0000;0.0000;0.0000;0.0000
1542;750.39;784.6500;3128.5500;3090.7000;2306.0500;98.3852;0.0071;0.0000;-784.6500;0.0000;6.8165;0.0000;-784.6500;0.0000;6.8165;1.0000;0.0000;0.0000;0.0000;0.0000
1543;750.65;778.1000;3108.0000;3032.2000;2254.1000;96.7466;0.0144;0.0000;-778.1000;0.0000;6.8165;0.0000;-778.1000;0.0000;6.8165;1.0000;0.0000;0.0000;0.0000;0.0000
1544;750.92;785.2500;3066.7500;2953.8000;2168.5500;95.0493;0.0221;0.0000;-785.2500;0.0000;6.8165;0.0000;-785.2500;0.0000;6.8165;1.0000;0.0000;0.0000;0.0000;0.0000
1545;751.18;784.7000;2990.2000;2935.4500;2150.7500;97.5176;0.0109;0.0000;-784.7000;0.0000;6.8165;0.0000;-784.7000;0.0000;6.8165;1.0000;0.0000;0.0000;0.0000;0.0000
1546;751.44;793.5000;2938.3000;2875.5000;2082.0000;97.0720;0.0129;0.0000;-793.5000;0.0000;6.8165;0.0000;-793.5000;0.0000;6.8165;1.0000;0.0000;0.0000;0.0000;0.0000
1547;751.70;789.0000;2888.9500;2816.5000;2027.5000;96.5499;0.0152;0.0000;-789.0000;0.0000;6.8165;0.0000;-789.0000;0.0000;6.8165;1.0000;0.0000;0.0000;0.0000;0.0000
1548;751.96;794.4000;2816.8500;2731.5500;1937.1500;95.7823;0.0187;0.0000;-794.4000;0.0000;6.8165;0.0000;-794.4000;0.0000;6.8165;1.0000;0.0000;0.0000;0.0000;0.0000
1549;752.23;784.9500;2789.3500;2745.0500;1960.1000;97.7899;0.0097;0.0000;-784.9500;0.0000;6.8165;0.0000;-784.9500;0.0000;6.8165;1.0000;0.0000;0.0000;0.0000;0.0000
1550;752.49;788.8000;2780.6000;2760.9500;1972.1500;99.0135;0.0043;0.0000;-788.8000;0.0000;6.8165;0.0000;-788.8000;0.0000;6.8165;1.0000;0.0000;0.0000;0.0000;0.0000
1551;752.75;786.5000;2763.1000;2709.5000;1923.0000;97.2883;0.0119;0.0000;-786.5000;0.0000;6.8165;0.0000;-786.5000;0.0000;6.8165;1.0000;0.0000;0.0000;0.0000;0.0000
1552;753.01;797.6000;2726.9000;2643.7500;1846.1500;95.6901;0.0191;0.0000;-797.6000;0.0000;6.8165;0.0000;-797.6000;0.0000;6.8165;1.0000;0.0000;0.0000;0.0000;0.0000
1553;753.27;789.2500;2692.6500;2598.9500;1809.7000;95.0772;0.0219;0.0000;-789.2500;0.0000;6.8165;0.0000;-789.2500;0.0000;6.8165;1.0000;0.0000;0.0000;0.0000;0.0000
1554;753.53;787.7500;2696.4000;2568.7000;1780.9500;93.3094;0.0301;0.0000;-787.7500;0.0000;6.8165;0.0000;-787.7500;0.0000;6.8165;1.0000;0.0000;0.0000;0.0000;0.0000
1555;753.79;792.5000;2643.8000;2562.9500;1770.4500;95.6328;0.0194;0.0000;-792.5000;0.0000;6.8165;0.0000;-792.5000;0.0000;6.8165;1.0000;0.0000;0.0000;0.0000;0.0000
1556;754.05;791.1000;2574.6500;2510.2500;1719.1500;96.3892;0.0160;0.0000;-791.1000;0.0000;6.8165;0.0000;-791.1000;0.0000;6.8165;1.0000;0.0000;0.0000;0.0000;0.0000
1557;754.31;792.3500;2547.8500;2465.7500;1673.4000;95.3233;0.0208;0.0000;-792.3500;0.0000;6.8165;0.0000;-792.3500;0.0000;6.8165;1.0000;0.0000;0.0000;0.0000;0.0000
1558;754.57;787.3000;2518.9500;2460.1500;1672.8500;96.6044;0.0150;0.0000;-787.3000;0.0000;6.8165;0.0000;-787.3000;0.0000;6.8165;1.0000;0.0000;0.0000;0.0000;0.0000
1559;754.84;784.6000;2484.6500;2427.4000;1642.8000;96.6325;0.0149;0.0000;-784.6000;0.0000;6.8165;0.0000;-784.6000;0.0000;6.8165;1.0000;0.0000;0.0000;0.0000;0.0000
1560;755.10;800.5000;2420.7000;2372.9500;1572.4500;97.0528;0.0130;0.0000;-800.5000;0.0000;6.8165;0.0000;-800.5000;0.0000;6.8165;1.0000;0.0000;0.0000;0.0000;0.0000
1561;755.36;778.1000;2430.1500;2362.6500;1584.5500;95.9142;0.0181;0.0000;-778.1000;0.0000;6.8165;0.0000;-778.1000;0.0000;6.8165;1.0000;0.0000;0.0000;0.0000;0.0000
1562;755.62;793.0500;2365.8000;2328.2000;1535.1500;97.6093;0.0105;0.0000;-793.0500;0.0000;6.8165;0.0000;-793.0500;0.0000;6.8165;1.0000;0.0000;0.0000;0.0000;0.0000
1563;755.88;781.9500;2371.6000;2315.9000;1533.9500;96.4961;0.0155;0.0000;-781.9500;0.0000;6.8165;0.0000;-781.9500;0.0000;6.8165;1.0000;0.0000;0.0000;0.0000;0.0000
1564;756.14;779.7000;2363.9500;2293.0000;1513.3000;95.5215;0.0199;0.0000;-779.7000;0.0000;6.8165;0.0000;-779.7000;0.0000;6.8165;1.0000;0.0000;0.0000;0.0000;0.0000
1565;756.40;788.1500;2323.2500;2273.3000;1485.1500;96.7461;0.0144;0.0000;-788.1500;0.0000;6.8165;0.0000;-788.1500;0.0000;6.8165;1.0000;0.0000;0.0000;0.0000;0.0000
1566;756.66;786.3000;2341.7000;2277.9500;1491.6500;95.9014;0.0182;0.0000;-786.3000;0.0000;6.8165;0.0000;-786.3000;0.0000;6.8165;1.0000;0.0000;0.0000;0.0000;0.0000
1567;756.92;776.8500;2304.6500;2241.4500;1464.6000;95.8633;0.0183;0.0000;-776.8500;0.0000;6.8165;0.0000;-776.8500;0.0000;6.8165;1.0000;0.0000;0.0000;0.0000;0.0000
1568;757.18;782.8500;2268.1000;2239.4500;1456.6000;98.0710;0.0085;0.0000;-782.8500;0.0000;6.8165;0.0000;-782.8500;0.0000;6.8165;1.0000;0.0000;0.0000;0.0000;0.0000
1569;757.43;793.4000;2258.3000;2188.8500;1395.4500;95.2591;0.0211;0.0000;-793.4000;0.0000;6.8165;0.0000;-793.4000;0.0000;6.8165;1.0000;0.0000;0.0000;0.0000;0.0000
1570;757.69;790.1500;2230.5000;2167.3000;1377.1500;95.6122;0.0195;0.0000;-790.1500;0.0000;6.8165;0.0000;-790.1500;0.0000;6.8165;1.0000;0.0000;0.0000;0.0000;0.0000
1571;757.95;779.0000;2222.2000;2166.9500;1387.9500;96.1717;0.0170;0.0000;-779.0000;0.0000;6.8165;0.0000;-779.0000;0.0000;6.8165;1.0000;0.0000;0.0000;0.0000;0.0000
1572;758.21;781.2000;2224.0000;2173.0000;1391.8000;96.4652;0.0156;0.0000;-781.2000;0.0000;6.8165;0.0000;-781.2000;0.0000;6.8165;1.0000;0.0000;0.0000;0.0000;0.0000
1573;758.47;795.9500;2208.0000;2139.7000;1343.7500;95.1631;0.0215;0.0000;-795.9500;0.0000;6.8165;0.0000;-795.9500;0.0000;6.8165;1.0000;0.0000;0.0000;0.0000;0.0000
1574;758.73;794.8500;2211.0500;2151.6500;1356.8000;95.8057;0.0186;0.0000;-794.8500;0.0000;6.8165;0.0000;-794.8500;0.0000;6.8165;1.0000;0.0000;0.0000;0.0000;0.0000
1575;758.99;788.2000;2194.6000;2150.0500;1361.8500;96.8323;0.0140;0.0000;-788.2000;0.0000;6.8165;0.0000;-788.2000;0.0000;6.8165;1.0000;0.0000;0.0000;0.0000;0.0000
1576;759.25;801.0000;2213.9000;2146.8500;1345.8500;95.2544;0.0211;0.0000;-801.0000;0.0000;6.8165;0.0000;-801.0000;0.0000;6.8165;1.0000;0.0000;0.0000;0.0000;0.0000
1577;759.51;793.2000;2182.3000;2112.7000;1319.5000;94.9896;0.0223;0.0000;-793.2000;0.0000;6.8165;0.0000;-793.2000;0.0000;6.8165;1.0000;0.0000;0.0000;0.0000;0.0000
1578;759.77;778.6500;2163.2000;2102.0000;1323.3500;95.5798;0.0196;0.0000;-778.6500;0.0000;6.8165;0.0000;-778.6500;0.0000;6.8165;1.0000;0.0000;0.0000;0.0000;0.0000
1579;760.02;779.9000;2150.6000;2075.3500;1295.4500;94.5101;0.0245;0.0000;-779.9000;0.0000;6.8165;0.0000;-779.9000;0.0000;6.8165;1.0000;0.0000;0.0000;0.0000;0.0000
1580;760.28;785.7000;2154.9000;2046.4500;1260.7500;92.0793;0.0358;0.0000;-785.7000;0.0000;6.8165;0.0000;-785.7000;0.0000;6.8165;1.0000;0.0000;0.0000;0.0000;0.0000
1581;760.54;790.6500;2146.1000;2065.9500;1275.3000;94.0868;0.0265;0.0000;-790.6500;0.0000;6.8165;0.0000;-790.6500;0.0000;6.8165;1.0000;0.0000;0.0000;0.0000;0.0000
1582;760.80;786.2000;2152.7500;2073.7000;1287.5000;94.2154;0.0259;0.0000;-786.2000;0.0000;6.8165;0.0000;-786.2000;0.0000;6.8165;1.0000;0.0000;0.0000;0.0000;0.0000
1583;761.06;787.6500;2157.5500;2045.5500;1257.9000;91.8242;0.0370;0.0000;-787.6500;0.0000;6.8165;0.0000;-787.6500;0.0000;6.8165;1.0000;0.0000;0.0000;0.0000;0.0000
1584;761.32;788.0000;2182.7000;2066.4000;1278.4000;91.6613;0.0378;0.0000;-788.0000;0.0000;6.8165;0.0000;-788.0000;0.0000;6.8165;1.0000;0.0000;0.0000;0.0000;0.0000
1585;761.57;774.2000;2172.3500;2078.6000;1304.4000;93.2947;0.0301;0.0000;-774.2000;0.0000;6.8165;0.0000;-774.2000;0.0000;6.8165;1.0000;0.0000;0.0000;0.0000;0.0000
1586;761.83;776.4000;2161.7000;2062.1500;1285.7500;92.8138;0.0324;0.0000;-776.4000;0.0000;6.8165;0.0000;-776.4000;0.0000;6.8165;1.0000;0.0000;0.0000;0.0000;0.0000
1587;762.09;793.4000;2139.0500;2033.7000;1240.3000;92.1711;0.0354;0.0000;-793.4000;0.0000;6.8165;0.0000;-793.4000;0.0000;6.8165;1.0000;0.0000;0.0000;0.0000;0.0000
1588;762.35;785.5500;2132.8500;2071.1500;1285.6000;95.4205;0.0204;0.0000;-785.5500;0.0000;6.8165;0.0000;-785.5500;0.0000;6.8165;1.0000;0.0000;0.0000;0.0000;0.0000
1589;762.60;786.5500;2136.9000;2077.9000;1291.3500;95.6308;0.0194;0.0000;-786.5500;0.0000;6.8165;0.0000;-786.5500;0.0000;6.8165;1.0000;0.0000;0.0000;0.0000;0.0000
1590;762.86;784.9500;2119.3000;2070.4500;1285.5000;96.3390;0.0162;0.0000;-784.9500;0.0000;6.8165;0.0000;-784.9500;0.0000;6.8165;1.0000;0.0000;0.0000;0.0000;0.0000
1591;763.12;785.1500;2146.2000;2068.8000;1283.6500;94.3132;0.0254;0.0000;-785.1500;0.0000;6.8165;0.0000;-785.1500;0.0000;6.8165;1.0000;0.0000;0.0000;0.0000;0.0000
1592;763.38;782.9500;2192.7500;2105.3500;1322.4000;93.8005;0.0278;0.0000;-782.9500;0.0000;6.8165;0.0000;-782.9500;0.0000;6.8165;1.0000;0.0000;0.0000;0.0000;0.0000
1593;763.63;787.4000;2224.6500;2140.7000;1353.3000;94.1590;0.0261;0.0000;-787.4000;0.0000;6.8165;0.0000;-787.4000;0.0000;6.8165;1.0000;0.0000;0.0000;0.0000;0.0000
1594;763.89;785.0000;2251.3500;2187.0000;1402.0000;95.6116;0.0195;0.0000;-785.0000;0.0000;6.8165;0.0000;-785.0000;0.0000;6.8165;1.0000;0.0000;0.0000;0.0000;0.0000
1595;764.15;787.6000;2319.8500;2257.7500;1470.1500;95.9471;0.0180;0.0000;-787.6000;0.0000;6.8165;0.0000;-787.6000;0.0000;6.8165;1.0000;0.0000;0.0000;0.0000;0.0000
1596;764.40;780.5000;2390.0500;2349.6500;1569.1500;97.4900;0.0110;0.0000;-780.5000;0.0000;6.8165;0.0000;-780.5000;0.0000;6.8165;1.0000;0.0000;0.0000;0.0000;0.0000
1597;764.66;774.9000;2457.7000;2435.5000;1660.6000;98.6808;0.0058;0.0000;-774.9000;0.0000;6.8165;0.0000;-774.9000;0.0000;6.8165;1.0000;0.0000;0.0000;0.0000;0.0000
1598;764.92;780.9500;2536.9500;2516.1000;1735.1500;98.8126;0.0052;0.0000;-780.9500;0.0000;6.8165;0.0000;-780.9500;0.0000;6.8165;1.0000;0.0000;0.0000;0.0000;0.0000
1599;765.17;787.1000;2592.9000;2542.7000;1755.6000;97.2201;0.0122;0.0000;-787.1000;0.0000;6.8165;0.0000;-787.1000;0.0000;6.8165;1.0000;0.0000;0.0000;0.0000;0.0000
1600;765.43;783.5000;2621.7000;2585.2000;1801.7000;98.0144;0.0087;0.0000;-783.5000;0.0000;6.8165;0.0000;-783.5000;0.0000;6.8165;1.0000;0.0000;0.0000;0.0000;0.0000
1601;765.69;782.0500;2575.6000;2554.6500;1772.6000;98.8319;0.0051;0.0000;-782.0500;0.0000;6.8165;0.0000;-782.0500;0.0000;6.8165;1.0000;0.0000;0.0000;0.0000;0.0000
1602;765.94;785.4500;2520.4500;2501.2000;1715.7500;98.8905;0.0048;0.0000;-785.4500;0.0000;6.8165;0.0000;-785.4500;0.0000;6.8165;1.0000;0.0000;0.0000;0.0000;0.0000
1603;766.20;785.8000;2457.7000;2382.8000;1597.0000;95.5201;0.0199;0.0000;-785.8000;0.0000;6.8165;0.0000;-785.8000;0.0000;6.8165;1.0000;0.0000;0.0000;0.0000;0.0000
1604;766.45;778.4000;2401.7000;2329.9500;1551.5500;95.5800;0.0196;0.0000;-778.4000;0.0000;6.8165;0.0000;-778.4000;0.0000;6.8165;1.0000;0.0000;0.0000;0.0000;0.0000
1605;766.71;785.1000;2300.4500;2241.5500;1456.4500;96.1131;0.0172;0.0000;-785.1000;0.0000;6.8165;0.0000;-785.1000;0.0000;6.8165;1.0000;0.0000;0.0000;0.0000;0.0000
1606;766.97;790.8500;2187.4000;2128.1000;1337.2500;95.7538;0.0188;0.0000;-790.8500;0.0000;6.8165;0.0000;-790.8500;0.0000;6.8165;1.0000;0.0000;0.0000;0.0000;0.0000
1607;767.22;793.8000;2120.6500;2050.3500;1256.5500;94.7017;0.0236;0.0000;-793.8000;0.0000;6.8165;0.0000;-793.8000;0.0000;6.8165;1.0000;0.0000;0.0000;0.0000;0.0000
1608;767.48;787.7500;2065.1500;1985.8500;1198.1000;93.7921;0.0278;0.0000;-787.7500;0.0000;6.8165;0.0000;-787.7500;0.0000;6.8165;1.0000;0.0000;0.0000;0.0000;0.0000
1609;767.73;783.1000;2018.6500;1911.9500;1128.8500;91.3642;0.0392;0.0000;-783.1000;0.0000;6.8165;0.0000;-783.1000;0.0000;6.8165;1.0000;0.0000;0.0000;0.0000;0.0000
1610;767.99;768.5000;1982.1500;1886.7500;1118.2500;92.1394;0.0356;0.0000;-768.5000;0.0000;6.8165;0.0000;-768.5000;0.0000;6.8165;1.0000;0.0000;0.0000;0.0000;0.0000
1611;768.24;787.0000;1931.1000;1854.1000;1067.1000;93.2698;0.0303;0.0000;-787.0000;0.0000;6.8165;0.0000;-787.0000;0.0000;6.8165;1.0000;0.0000;0.0000;0.0000;0.0000
1612;768.50;783.2000;1894.6000;1802.9500;1019.7500;91.7536;0.0374;0.0000;-783.2000;0.0000;6.8165;0.0000;-783.2000;0.0000;6.8165;1.0000;0.0000;0.0000;0.0000;0.0000
1613;768.75;775.9000;1869.3500;1788.4000;1012.5000;92.5968;0.0334;0.0000;-775.9000;0.0000;6.8165;0.0000;-775.9000;0.0000;6.8165;1.0000;0.0000;0.0000;0.0000;0.0000
1614;769.01;791.8000;1838.9000;1751.1500;959.3500;91.6197;0.0380;0.0000;-791.8000;0.0000;6.8165;0.0000;-791.8000;0.0000;6.8165;1.0000;0.0000;0.0000;0.0000;0.0000
1615;769.26;779.7500;1808.0500;1706.5500;926.8000;90.1293;0.0451;0.0000;-779.7500;0.0000;6.8165;0.0000;-779.7500;0.0000;6.8165;1.0000;0.0000;0.0000;0.0000;0.0000
1616;769.52;788.2000;1792.9000;1691.7000;903.5000;89.9273;0.0461;0.0000;-788.2000;0.0000;6.8165;0.0000;-788.2000;0.0000;6.8165;1.0000;0.0000;0.0000;0.0000;0.0000
1617;769.77;786.2000;1742.9500;1646.6500;860.4500;89.9347;0.0461;0.0000;-786.2000;0.0000;6.8165;0.0000;-786.2000;0.0000;6.8165;1.0000;0.0000;0.0000;0.0000;0.0000
1618;770.03;778.9000;1711.6500;1638.2500;859.3500;92.1308;0.0356;0.0000;-778.9000;0.0000;6.8165;0.0000;-778.9000;0.0000;6.8165;1.0000;0.0000;0.0000;0.0000;0.0000
1619;770.28;792.1500;1691.8500;1621.0000;828.8500;92.1252;0.0356;0.0000;-792.1500;0.0000;6.8165;0.0000;-792.1500;0.0000;6.8165;1.0000;0.0000;0.0000;0.0000;0.0000
1620;770.54;795.4500;1689.2500;1596.4500;801.0000;89.6174;0.0476;0.0000;-795.4500;0.0000;6.8165;0.0000;-795.4500;0.0000;6.8165;1.0000;0.0000;0.0000;0.0000;0.0000
1621;770.79;779.0000;1676.8500;1587.9000;808.9000;90.0930;0.0453;0.0000;-779.0000;0.0000;6.8165;0.0000;-779.0000;0.0000;6.8165;1.0000;0.0000;0.0000;0.0000;0.0000
1622;771.04;785.5500;1653.9500;1547.2500;761.7000;87.7130;0.0569;0.0000;-785.5500;0.0000;6.8165;0.0000;-785.5500;0.0000;6.8165;1.0000;0.0000;0.0000;0.0000;0.0000
1623;771.30;798.0500;1636.4000;1556.8500;758.8000;90.5111;0.0433;0.0000;-798.0500;0.0000;6.8165;0.0000;-798.0500;0.0000;6.8165;1.0000;0.0000;0.0000;0.0000;0.0000
1624;771.55;773.8000;1619.4000;1527.8000;754.0000;89.1675;0.0498;0.0000;-773.8000;0.0000;6.8165;0.0000;-773.8000;0.0000;6.8165;1.0000;0.0000;0.0000;0.0000;0.0000
1625;771.81;780.3500;1609.8000;1504.9500;724.6000;87.3591;0.0587;0.0000;-780.3500;0.0000;6.8165;0.0000;-780.3500;0.0000;6.8165;1.0000;0.0000;0.0000;0.0000;0.0000
1626;772.06;778.4000;1588.1000;1489.1000;710.7000;87.7732;0.0566;0.0000;-778.4000;0.0000;6.8165;0.0000;-778.4000;0.0000;6.8165;1.0000;0.0000;0.0000;0.0000;0.0000
1627;772.31;786.5500;1568.2000;1493.2000;706.6500;90.4049;0.0438;0.0000;-786.5500;0.0000;6.8165;0.0000;-786.5500;0.0000;6.8165;1.0000;0.0000;0.0000;0.0000;0.0000
1628;772.57;784.1000;1570.1000;1485.7000;701.6000;89.2621;0.0493;0.0000;-784.1000;0.0000;6.8165;0.0000;-784.1000;0.0000;6.8165;1.0000;0.0000;0.0000;0.0000;0.0000
1629;772.82;787.1000;1560.9000;1449.0500;661.9500;85.5454;0.0678;0.0000;-787.1000;0.0000;6.8165;0.0000;-787.1000;0.0000;6.8165;1.0000;0.0000;0.0000;0.0000;0.0000
1630;773.07;777.1000;1535.2500;1451.0000;673.9000;88.8874;0.0512;0.0000;-777.1000;0.0000;6.8165;0.0000;-777.1000;0.0000;6.8165;1.0000;0.0000;0.0000;0.0000;0.0000
1631;773.33;787.4500;1520.5000;1436.0500;648.6000;88.4796;0.0532;0.0000;-787.4500;0.0000;6.8165;0.0000;-787.4500;0.0000;6.8165;1.0000;0.0000;0.0000;0.0000;0.0000
1632;773.58;780.6000;1531.9000;1409.0000;628.4000;83.6417;0.0776;0.0000;-780.6000;0.0000;6.8165;0.0000;-780.6000;0.0000;6.8165;1.0000;0.0000;0.0000;0.0000;0.0000
1633;773.83;785.7500;1493.6000;1413.0500;627.3000;88.6205;0.0525;0.0000;-785.7500;0.0000;6.8165;0.0000;-785.7500;0.0000;6.8165;1.0000;0.0000;0.0000;0.0000;0.0000
1634;774.09;784.2500;1505.5500;1391.5000;607.2500;84.1883;0.0747;0.0000;-784.2500;0.0000;6.8165;0.0000;-784.2500;0.0000;6.8165;1.0000;0.0000;0.0000;0.0000;0.0000
1635;774.34;781.6500;1494.4000;1390.6500;609.0000;85.4437;0.0683;0.0000;-781.6500;0.0000;6.8165;0.0000;-781.6500;0.0000;6.8165;1.0000;0.0000;0.0000;0.0000;0.0000
1636;774.59;784.6000;1477.0000;1410.4000;625.8000;90.3813;0.0439;0.0000;-784.6000;0.0000;6.8165;0.0000;-784.6000;0.0000;6.8165;1.0000;0.0000;0.0000;0.0000;0.0000
1637;774.85;781.6500;1463.6000;1372.3500;590.7000;86.6193;0.0624;0.0000;-781.6500;0.0000;6.8165;0.0000;-781.6500;0.0000;6.8165;1.0000;0.0000;0.0000;0.0000;0.0000
1638;775.10;788.9000;1450.9000;1332.1000;543.2000;82.0544;0.0859;0.0000;-788.9000;0.0000;6.8165;0.0000;-788.9000;0.0000;6.8165;1.0000;0.0000;0.0000;0.0000;0.0000
1639;775.35;780.7000;1443.1000;1333.1500;552.4500;83.4013;0.0788;0.0000;-780.7000;0.0000;6.8165;0.0000;-780.7000;0.0000;6.8165;1.0000;0.0000;0.0000;0.0000;0.0000
1640;775.60;791.5000;1423.4500;1330.3000;538.8000;85.2599;0.0693;0.0000;-791.5000;0.0000;6.8165;0.0000;-791.5000;0.0000;6.8165;1.0000;0.0000;0.0000;0.0000;0.0000
1641;775.85;798.6500;1423.8500;1343.1500;544.5000;87.0921;0.0600;0.0000;-798.6500;0.0000;6.8165;0.0000;-798.6500;0.0000;6.8165;1.0000;0.0000;0.0000;0.0000;0.0000
1642;776.11;800.0000;1402.0500;1316.3000;516.3000;85.7570;0.0667;0.0000;-800.0000;0.0000;6.8165;0.0000;-800.0000;0.0000;6.8165;1.0000;0.0000;0.0000;0.0000;0.0000
1643;776.36;790.2000;1405.7000;1306.4500;516.2500;83.8749;0.0764;0.0000;-790.2000;0.0000;6.8165;0.0000;-790.2000;0.0000;6.8165;1.0000;0.0000;0.0000;0.0000;0.0000
1644;776.61;784.1000;1419.6500;1312.1000;528.0000;83.0776;0.0805;0.0000;-784.1000;0.0000;6.8165;0.0000;-784.1000;0.0000;6.8165;1.0000;0.0000;0.0000;0.0000;0.0000
1645;776.86;777.6500;1394.9500;1285.0500;507.4000;82.1967;0.0851;0.0000;-777.6500;0.0000;6.8165;0.0000;-777.6500;0.0000;6.8165;1.0000;0.0000;0.0000;0.0000;0.0000
1646;777.11;784.2000;1395.9000;1298.6000;514.4000;84.0935;0.0752;0.0000;-784.2000;0.0000;6.8165;0.0000;-784.2000;0.0000;6.8165;1.0000;0.0000;0.0000;0.0000;0.0000
1647;777.37;775.1500;1378.1000;1292.7500;517.6000;85.8446;0.0663;0.0000;-775.1500;0.0000;6.8165;0.0000;-775.1500;0.0000;6.8165;1.0000;0.0000;0.0000;0.0000;0.0000
1648;777.62;775.7000;1391.5000;1280.1500;504.4500;81.9178;0.0866;0.0000;-775.7000;0.0000;6.8165;0.0000;-775.7000;0.0000;6.8165;1.0000;0.0000;0.0000;0.0000;0.0000
1649;777.87;784.1000;1360.3500;1289.8500;505.7500;87.7657;0.0567;0.0000;-784.1000;0.0000;6.8165;0.0000;-784.1000;0.0000;6.8165;1.0000;0.0000;0.0000;0.0000;0.0000
1650;778.12;788.8000;1373.7500;1301.2500;512.4500;87.6058;0.0575;0.0000;-788.8000;0.0000;6.8165;0.0000;-788.8000;0.0000;6.8165;1.0000;0.0000;0.0000;0.0000;0.0000
1651;778.37;785.2000;1374.4000;1286.1000;500.9000;85.0136;0.0705;0.0000;-785.2000;0.0000;6.8165;0.0000;-785.2000;0.0000;6.8165;1.0000;0.0000;0.0000;0.0000;0.0000
1652;778.62;789.2000;1360.3500;1268.4500;479.2500;83.9097;0.0762;0.0000;-789.2000;0.0000;6.8165;0.0000;-789.2000;0.0000;6.8165;1.0000;0.0000;0.0000;0.0000;0.0000
1653;778.87;786.3500;1364.9500;1276.7000;490.3500;84.7477;0.0719;0.0000;-786.3500;0.0000;6.8165;0.0000;-786.3500;0.0000;6.8165;1.0000;0.0000;0.0000;0.0000;0.0000
1654;779.12;789.1000;1354.9000;1278.8000;489.7000;86.5500;0.0627;0.0000;-789.1000;0.0000;6.8165;0.0000;-789.1000;0.0000;6.8165;1.0000;0.0000;0.0000;0.0000;0.0000
1655;779.38;784.3000;1346.1500;1238.0000;453.7000;80.7511;0.0929;0.0000;-784.3000;0.0000;6.8165;0.0000;-784.3000;0.0000;6.8165;1.0000;0.0000;0.0000;0.0000;0.0000
1656;779.63;781.8500;1352.3500;1239.4500;457.6000;80.2103;0.0958;0.0000;-781.8500;0.0000;6.8165;0.0000;-781.8500;0.0000;6.8165;1.0000;0.0000;0.0000;0.0000;0.0000
1657;779.88;799.1000;1326.6500;1233.3500;434.2500;82.3145;0.0845;0.0000;-799.1000;0.0000;6.8165;0.0000;-799.1000;0.0000;6.8165;1.0000;0.0000;0.0000;0.0000;0.0000
1658;780.13;785.6500;1341.7000;1235.2000;449.5500;80.8470;0.0923;0.0000;-785.6500;0.0000;6.8165;0.0000;-785.6500;0.0000;6.8165;1.0000;0.0000;0.0000;0.0000;0.0000
1659;780.38;792.9500;1339.9500;1239.1500;446.2000;81.5722;0.0885;0.0000;-792.9500;0.0000;6.8165;0.0000;-792.9500;0.0000;6.8165;1.0000;0.0000;0.0000;0.0000;0.0000
1660;780.63;783.1000;1333.7500;1231.2500;448.1500;81.3856;0.0895;0.0000;-783.1000;0.0000;6.8165;0.0000;-783.1000;0.0000;6.8165;1.0000;0.0000;0.0000;0.0000;0.0000
1661;780.88;789.0500;1349.1500;1229.1000;440.0500;78.5663;0.1048;0.0000;-789.0500;0.0000;6.8165;0.0000;-789.0500;0.0000;6.8165;1.0000;0.0000;0.0000;0.0000;0.0000
1662;781.13;788.7000;1338.5500;1233.3500;444.6500;80.8675;0.0922;0.0000;-788.7000;0.0000;6.8165;0.0000;-788.7000;0.0000;6.8165;1.0000;0.0000;0.0000;0.0000;0.0000
1663;781.38;773.8500;1321.8000;1245.0000;471.1500;85.9841;0.0656;0.0000;-773.8500;0.0000;6.8165;0.0000;-773.8500;0.0000;6.8165;1.0000;0.0000;0.0000;0.0000;0.0000
1664;781.63;782.2500;1339.7500;1238.6500;456.4000;81.8655;0.0869;0.0000;-782.2500;0.0000;6.8165;0.0000;-782.2500;0.0000;6.8165;1.0000;0.0000;0.0000;0.0000;0.0000
1665;781.88;791.3000;1323.3000;1235.2500;443.9500;83.4492;0.0786;0.0000;-791.3000;0.0000;6.8165;0.0000;-791.3000;0.0000;6.8165;1.0000;0.0000;0.0000;0.0000;0.0000
1666;782.13;790.1500;1328.0000;1234.2000;444.0500;82.5602;0.0832;0.0000;-790.1500;0.0000;6.8165;0.0000;-790.1500;0.0000;6.8165;1.0000;0.0000;0.0000;0.0000;0.0000
1667;782.38;790.8500;1344.2500;1251.1000;460.2500;83.1677;0.0800;0.0000;-790.8500;0.0000;6.8165;0.0000;-790.8500;0.0000;6.8165;1.0000;0.0000;0.0000;0.0000;0.0000
1668;782.63;784.1000;1343.5500;1226.0500;441.9500;78.9972;0.1024;0.0000;-784.1000;0.0000;6.8165;0.0000;-784.1000;0.0000;6.8165;1.0000;0.0000;0.0000;0.0000;0.0000
1669;782.88;779.8000;1332.3500;1237.8000;458.0000;82.8884;0.0815;0.0000;-779.8000;0.0000;6.8165;0.0000;-779.8000;0.0000;6.8165;1.0000;0.0000;0.0000;0.0000;0.0000
1670;783.13;776.3000;1329.3500;1234.0000;457.7000;82.7592;0.0822;0.0000;-776.3000;0.0000;6.8165;0.0000;-776.3000;0.0000;6.8165;1.0000;0.0000;0.0000;0.0000;0.0000
1671;783.38;781.6000;1345.5500;1230.7500;449.1500;79.6436;0.0988;0.0000;-781.6000;0.0000;6.8165;0.0000;-781.6000;0.0000;6.8165;1.0000;0.0000;0.0000;0.0000;0.0000
1672;783.62;778.2500;1330.1000;1230.1000;451.8500;81.8791;0.0868;0.0000;-778.2500;0.0000;6.8165;0.0000;-778.2500;0.0000;6.8165;1.0000;0.0000;0.0000;0.0000;0.0000
1673;783.87;802.1000;1331.7000;1234.6500;432.5500;81.6748;0.0879;0.0000;-802.1000;0.0000;6.8165;0.0000;-802.1000;0.0000;6.8165;1.0000;0.0000;0.0000;0.0000;0.0000
1674;784.12;786.0500;1332.3500;1222.4000;436.3500;79.8737;0.0976;0.0000;-786.0500;0.0000;6.8165;0.0000;-786.0500;0.0000;6.8165;1.0000;0.0000;0.0000;0.0000;0.0000
1675;784.37;773.3500;1341.9000;1221.4500;448.1000;78.8145;0.1034;0.0000;-773.3500;0.0000;6.8165;0.0000;-773.3500;0.0000;6.8165;1.0000;0.0000;0.0000;0.0000;0.0000
1676;784.62;795.3000;1331.8500;1201.7500;406.4500;75.7525;0.1206;0.0000;-795.3000;0.0000;6.8165;0.0000;-795.3000;0.0000;6.8165;1.0000;0.0000;0.0000;0.0000;0.0000
1677;784.87;790.9500;1323.9500;1224.0000;433.0500;81.2477;0.0902;0.0000;-790.9500;0.0000;6.8165;0.0000;-790.9500;0.0000;6.8165;1.0000;0.0000;0.0000;0.0000;0.0000
1678;785.12;780.2000;1315.2000;1208.2000;428.0000;80.0000;0.0969;0.0000;-780.2000;0.0000;6.8165;0.0000;-780.2000;0.0000;6.8165;1.0000;0.0000;0.0000;0.0000;0.0000
1679;785.37;788.4000;1348.2500;1208.6000;420.2000;75.0558;0.1246;0.0000;-788.4000;0.0000;6.8165;0.0000;-788.4000;0.0000;6.8165;1.0000;0.0000;0.0000;0.0000;0.0000
1680;785.61;785.9000;1323.1000;1208.8500;422.9500;78.7323;0.1038;0.0000;-785.9000;0.0000;6.8165;0.0000;-785.9000;0.0000;6.8165;1.0000;0.0000;0.0000;0.0000;0.0000
1681;785.86;770.2000;1335.5000;1226.1500;455.9500;80.6563;0.0934;0.0000;-770.2000;0.0000;6.8165;0.0000;-770.2000;0.0000;6.8165;1.0000;0.0000;0.0000;0.0000;0.0000
1682;786.11;781.2500;1338.7000;1213.2500;432.0000;77.4957;0.1107;0.0000;-781.2500;0.0000;6.8165;0.0000;-781.2500;0.0000;6.8165;1.0000;0.0000;0.0000;0.0000;0.0000
1683;786.36;799.8500;1336.5000;1221.0000;421.1500;78.4776;0.1053;0.0000;-799.8500;0.0000;6.8165;0.0000;-799.8500;0.0000;6.8165;1.0000;0.0000;0.0000;0.0000;0.0000
1684;786.61;795.2500;1327.9500;1220.9000;425.6500;79.9043;0.0974;0.0000;-795.2500;0.0000;6.8165;0.0000;-795.2500;0.0000;6.8165;1.0000;0.0000;0.0000;0.0000;0.0000
1685;786.85;787.7000;1325.2500;1215.4500;427.7500;79.5740;0.0992;0.0000;-787.7000;0.0000;6.8165;0.0000;-787.7000;0.0000;6.8165;1.0000;0.0000;0.0000;0.0000;0.0000
1686;787.10;789.3500;1327.9500;1223.0500;433.7000;80.5236;0.0941;0.0000;-789.3500;0.0000;6.8165;0.0000;-789.3500;0.0000;6.8165;1.0000;0.0000;0.0000;0.0000;0.0000
1687;787.35;796.8500;1303.8000;1215.4000;418.5500;82.5624;0.0832;0.0000;-796.8500;0.0000;6.8165;0.0000;-796.8500;0.0000;6.8165;1.0000;0.0000;0.0000;0.0000;0.0000
1688;787.60;787.5000;1340.2500;1232.2000;444.7000;80.4523;0.0945;0.0000;-787.5000;0.0000;6.8165;0.0000;-787.5000;0.0000;6.8165;1.0000;0.0000;0.0000;0.0000;0.0000
1689;787.84;778.6500;1342.3500;1219.1000;440.4500;78.1355;0.1072;0.0000;-778.6500;0.0000;6.8165;0.0000;-778.6500;0.0000;6.8165;1.0000;0.0000;0.0000;0.0000;0.0000
1690;788.09;794.1500;1342.0000;1206.8000;412.6500;75.3217;0.1231;0.0000;-794.1500;0.0000;6.8165;0.0000;-794.1500;0.0000;6.8165;1.0000;0.0000;0.0000;0.0000;0.0000
1691;788.34;789.6000;1353.6500;1228.0500;438.4500;77.7325;0.1094;0.0000;-789.6000;0.0000;6.8165;0.0000;-789.6000;0.0000;6.8165;1.0000;0.0000;0.0000;0.0000;0.0000
1692;788.59;781.1000;1339.9000;1207.5500;426.4500;76.3153;0.1174;0.0000;-781.1000;0.0000;6.8165;0.0000;-781.1000;0.0000;6.8165;1.0000;0.0000;0.0000;0.0000;0.0000
1693;788.83;784.5500;1343.7000;1214.0500;429.5000;76.8130;0.1146;0.0000;-784.5500;0.0000;6.8165;0.0000;-784.5500;0.0000;6.8165;1.0000;0.0000;0.0000;0.0000;0.0000
1694;789.08;770.1000;1340.2500;1221.9500;451.8500;79.2511;0.1010;0.0000;-770.1000;0.0000;6.8165;0.0000;-770.1000;0.0000;6.8165;1.0000;0.0000;0.0000;0.0000;0.0000
1695;789.33;772.1500;1346.5500;1218.6500;446.5000;77.7333;0.1094;0.0000;-772.1500;0.0000;6.8165;0.0000;-772.1500;0.0000;6.8165;1.0000;0.0000;0.0000;0.0000;0.0000
1696;789.57;782.2500;1362.8500;1216.7500;434.5000;74.8364;0.1259;0.0000;-782.2500;0.0000;6.8165;0.0000;-782.2500;0.0000;6.8165;1.0000;0.0000;0.0000;0.0000;0.0000
1697;789.82;784.6000;1346.2000;1229.7500;445.1500;79.2646;0.1009;0.0000;-784.6000;0.0000;6.8165;0.0000;-784.6000;0.0000;6.8165;1.0000;0.0000;0.0000;0.0000;0.0000
1698;790.07;788.4500;1364.3500;1242.4000;453.9500;78.8244;0.1033;0.0000;-788.4500;0.0000;6.8165;0.0000;-788.4500;0.0000;6.8165;1.0000;0.0000;0.0000;0.0000;0.0000
1699;790.31;788.1000;1361.7000;1237.7000;449.6000;78.3821;0.1058;0.0000;-788.1000;0.0000;6.8165;0.0000;-788.1000;0.0000;6.8165;1.0000;0.0000;0.0000;0.0000;0.0000
1700;790.56;785.7500;1345.5000;1237.4500;451.7000;80.6967;0.0931;0.0000;-785.7500;0.0000;6.8165;0.0000;-785.7500;0.0000;6.8165;1.0000;0.0000;0.0000;0.0000;0.0000
1701;790.80;776.7500;1351.3500;1225.5500;448.8000;78.1065;0.1073;0.0000;-776.7500;0.0000;6.8165;0.0000;-776.7500;0.0000;6.8165;1.0000;0.0000;0.0000;0.0000;0.0000
1702;791.05;790.9000;1349.5000;1209.3500;418.4500;74.9105;0.1255;0.0000;-790.9000;0.0000;6.8165;0.0000;-790.9000;0.0000;6.8165;1.0000;0.0000;0.0000;0.0000;0.0000
1703;791.30;788.2500;1345.6500;1199.7500;411.5000;73.8249;0.1318;0.0000;-788.2500;0.0000;6.8165;0.0000;-788.2500;0.0000;6.8165;1.0000;0.0000;0.0000;0.0000;0.0000
1704;791.54;783.7000;1338.9500;1204.8000;421.1000;75.8397;0.1201;0.0000;-783.7000;0.0000;6.8165;0.0000;-783.7000;0.0000;6.8165;1.0000;0.0000;0.0000;0.0000;0.0000
1705;791.79;776.1000;1318.5500;1195.0500;418.9500;77.2329;0.1122;0.0000;-776.1000;0.0000;6.8165;0.0000;-776.1000;0.0000;6.8165;1.0000;0.0000;0.0000;0.0000;0.0000
1706;792.03;776.0500;1337.2000;1173.3500;397.3000;70.8010;0.1500;0.0000;-776.0500;0.0000;6.8165;0.0000;-776.0500;0.0000;6.8165;1.0000;0.0000;0.0000;0.0000;0.0000
1707;792.28;787.5000;1327.3500;1173.2500;385.7500;71.4550;0.1460;0.0000;-787.5000;0.0000;6.8165;0.0000;-787.5000;0.0000;6.8165;1.0000;0.0000;0.0000;0.0000;0.0000
1708;792.53;785.1500;1318.2000;1179.6000;394.4500;73.9987;0.1308;0.0000;-785.1500;0.0000;6.8165;0.0000;-785.1500;0.0000;6.8165;1.0000;0.0000;0.0000;0.0000;0.0000
1709;792.77;784.5500;1308.7000;1178.0500;393.5000;75.0739;0.1245;0.0000;-784.5500;0.0000;6.8165;0.0000;-784.5500;0.0000;6.8165;1.0000;0.0000;0.0000;0.0000;0.0000
1710;793.02;784.5500;1301.3500;1167.0000;382.4500;74.0035;0.1307;0.0000;-784.5500;0.0000;6.8165;0.0000;-784.5500;0.0000;6.8165;1.0000;0.0000;0.0000;0.0000;0.0000
1711;793.26;784.9500;1296.6000;1166.2500;381.3000;74.5236;0.1277;0.0000;-784.9500;0.0000;6.8165;0.0000;-784.9500;0.0000;6.8165;1.0000;0.0000;0.0000;0.0000;0.0000
1712;793.51;775.4000;1300.9000;1128.2500;352.8500;67.1456;0.1730;0.0000;-775.4000;0.0000;6.8165;0.0000;-775.4000;0.0000;6.8165;1.0000;0.0000;0.0000;0.0000;0.0000
1713;793.75;785.2000;1287.2000;1126.5500;341.3500;67.9980;0.1675;0.0000;-785.2000;0.0000;6.8165;0.0000;-785.2000;0.0000;6.8165;1.0000;0.0000;0.0000;0.0000;0.0000
1714;794.00;788.3500;1287.2000;1110.4000;322.0500;64.5585;0.1900;0.0000;-788.3500;0.0000;6.8165;0.0000;-788.3500;0.0000;6.8165;1.0000;0.0000;0.0000;0.0000;0.0000
1715;794.24;778.1000;1268.2000;1104.7500;326.6500;66.6497;0.1762;0.0000;-778.1000;0.0000;6.8165;0.0000;-778.1000;0.0000;6.8165;1.0000;0.0000;0.0000;0.0000;0.0000
1716;794.49;774.5000;1272.4500;1106.3500;331.8500;66.6432;0.1762;0.0000;-774.5000;0.0000;6.8165;0.0000;-774.5000;0.0000;6.8165;1.0000;0.0000;0.0000;0.0000;0.0000
1717;794.73;774.8000;1258.3000;1119.0000;344.2000;71.1892;0.1476;0.0000;-774.8000;0.0000;6.8165;0.0000;-774.8000;0.0000;6.8165;1.0000;0.0000;0.0000;0.0000;0.0000
1718;794.97;787.9500;1256.7500;1091.1500;303.2000;64.6758;0.1893;0.0000;-787.9500;0.0000;6.8165;0.0000;-787.9500;0.0000;6.8165;1.0000;0.0000;0.0000;0.0000;0.0000
1719;795.22;776.2500;1237.2500;1091.7000;315.4500;68.4273;0.1648;0.0000;-776.2500;0.0000;6.8165;0.0000;-776.2500;0.0000;6.8165;1.0000;0.0000;0.0000;0.0000;0.0000
1720;795.46;780.7500;1263.1500;1090.8000;310.0500;64.2724;0.1920;0.0000;-780.7500;0.0000;6.8165;0.0000;-780.7500;0.0000;6.8165;1.0000;0.0000;0.0000;0.0000;0.0000
1721;795.71;788.8500;1252.4000;1098.9500;310.1000;66.8968;0.1746;0.0000;-788.8500;0.0000;6.8165;0.0000;-788.8500;0.0000;6.8165;1.0000;0.0000;0.0000;0.0000;0.0000
1722;795.95;789.7000;1233.9000;1099.9500;310.2500;69.8447;0.1559;0.0000;-789.7000;0.0000;6.8165;0.0000;-789.7000;0.0000;6.8165;1.0000;0.0000;0.0000;0.0000;0.0000
1723;796.19;777.3000;1228.8500;1074.2500;296.9500;65.7624;0.1820;0.0000;-777.3000;0.0000;6.8165;0.0000;-777.3000;0.0000;6.8165;1.0000;0.0000;0.0000;0.0000;0.0000
1724;796.44;781.5000;1229.7500;1070.0500;288.5500;64.3726;0.1913;0.0000;-781.5000;0.0000;6.8165;0.0000;-781.5000;0.0000;6.8165;1.0000;0.0000;0.0000;0.0000;0.0000
1725;796.68;790.3000;1218.3000;1055.6000;265.3000;61.9860;0.2077;0.0000;-790.3000;0.0000;6.8165;0.0000;-790.3000;0.0000;6.8165;1.0000;0.0000;0.0000;0.0000;0.0000
1726;796.93;782.7000;1234.1000;1060.0500;277.3500;61.4422;0.2115;0.0000;-782.7000;0.0000;6.8165;0.0000;-782.7000;0.0000;6.8165;1.0000;0.0000;0.0000;0.0000;0.0000
1727;797.17;778.1000;1220.3000;1066.4000;288.3000;65.1967;0.1858;0.0000;-778.1000;0.0000;6.8165;0.0000;-778.1000;0.0000;6.8165;1.0000;0.0000;0.0000;0.0000;0.0000
1728;797.41;800.0500;1233.7500;1055.1000;255.0500;58.8079;0.2306;0.0000;-800.0500;0.0000;6.8165;0.0000;-800.0500;0.0000;6.8165;1.0000;0.0000;0.0000;0.0000;0.0000
1729;797.66;788.7000;1226.6000;1057.6500;268.9500;61.4181;0.2117;0.0000;-788.7000;0.0000;6.8165;0.0000;-788.7000;0.0000;6.8165;1.0000;0.0000;0.0000;0.0000;0.0000
1730;797.90;780.9500;1223.0500;1031.1000;250.1500;56.5822;0.2473;0.0000;-780.9500;0.0000;6.8165;0.0000;-780.9500;0.0000;6.8165;1.0000;0.0000;0.0000;0.0000;0.0000
1731;798.14;784.8500;1220.5000;1026.7500;241.9000;55.5262;0.2555;0.0000;-784.8500;0.0000;6.8165;0.0000;-784.8500;0.0000;6.8165;1.0000;0.0000;0.0000;0.0000;0.0000
1732;798.39;780.4000;1222.7500;1037.0500;256.6500;58.0197;0.2364;0.0000;-780.4000;0.0000;6.8165;0.0000;-780.4000;0.0000;6.8165;1.0000;0.0000;0.0000;0.0000;0.0000
1733;798.63;787.5000;1203.6000;1034.4500;246.9500;59.3487;0.2266;0.0000;-787.5000;0.0000;6.8165;0.0000;-787.5000;0.0000;6.8165;1.0000;0.0000;0.0000;0.0000;0.0000
1734;798.87;788.8500;1200.5000;1034.7000;245.8500;59.7231;0.2239;0.0000;-788.8500;0.0000;6.8165;0.0000;-788.8500;0.0000;6.8165;1.0000;0.0000;0.0000;0.0000;0.0000
1735;799.11;778.0500;1203.8000;1038.8000;260.7500;61.2449;0.2129;0.0000;-778.0500;0.0000;6.8165;0.0000;-778.0500;0.0000;6.8165;1.0000;0.0000;0.0000;0.0000;0.0000
1736;799.36;784.9000;1194.7500;1029.0000;244.1000;59.5584;0.2251;0.0000;-784.9000;0.0000;6.8165;0.0000;-784.9000;0.0000;6.8165;1.0000;0.0000;0.0000;0.0000;0.0000
1737;799.60;790.2000;1194.7000;1034.6000;244.4000;60.4203;0.2188;0.0000;-790.2000;0.0000;6.8165;0.0000;-790.2000;0.0000;6.8165;1.0000;0.0000;0.0000;0.0000;0.0000
1738;799.84;780.7500;1188.5500;1017.2500;236.5000;57.9941;0.2366;0.0000;-780.7500;0.0000;6.8165;0.0000;-780.7500;0.0000;6.8165;1.0000;0.0000;0.0000;0.0000;0.0000
1739;800.08;772.8000;1189.4500;1014.6000;241.8000;58.0343;0.2363;0.0000;-772.8000;0.0000;6.8165;0.0000;-772.8000;0.0000;6.8165;1.0000;0.0000;0.0000;0.0000;0.0000
1740;800.33;789.0000;1187.8000;1014.6000;225.6000;56.5697;0.2474;0.0000;-789.0000;0.0000;6.8165;0.0000;-789.0000;0.0000;6.8165;1.0000;0.0000;0.0000;0.0000;0.0000
1741;800.57;782.9500;1178.2000;1006.4500;223.5000;56.5465;0.2476;0.0000;-782.9500;0.0000;6.8165;0.0000;-782.9500;0.0000;6.8165;1.0000;0.0000;0.0000;0.0000;0.0000
1742;800.81;772.3000;1179.7000;994.2500;221.9500;54.4796;0.2638;0.0000;-772.3000;0.0000;6.8165;0.0000;-772.3000;0.0000;6.8165;1.0000;0.0000;0.0000;0.0000;0.0000
1743;801.05;791.0500;1163.1500;986.9000;195.8500;52.6337;0.2787;0.0000;-791.0500;0.0000;6.8165;0.0000;-791.0500;0.0000;6.8165;1.0000;0.0000;0.0000;0.0000;0.0000
1744;801.29;785.2000;1173.4000;1000.2000;215.0000;55.3838;0.2566;0.0000;-785.2000;0.0000;6.8165;0.0000;-785.2000;0.0000;6.8165;1.0000;0.0000;0.0000;0.0000;0.0000
1745;801.54;788.1500;1167.7500;995.4000;207.2500;54.5969;0.2628;0.0000;-788.1500;0.0000;6.8165;0.0000;-788.1500;0.0000;6.8165;1.0000;0.0000;0.0000;0.0000;0.0000
1746;801.78;784.2500;1151.2500;987.9500;203.7000;55.5041;0.2557;0.0000;-784.2500;0.0000;6.8165;0.0000;-784.2500;0.0000;6.8165;1.0000;0.0000;0.0000;0.0000;0.0000
1747;802.02;782.3500;1164.3500;985.6000;203.2500;53.2068;0.2740;0.0000;-782.3500;0.0000;6.8165;0.0000;-782.3500;0.0000;6.8165;1.0000;0.0000;0.0000;0.0000;0.0000
1748;802.26;788.6000;1176.2500;976.6500;188.0500;48.5103;0.3142;0.0000;-788.6000;0.0000;6.8165;0.0000;-788.6000;0.0000;6.8165;1.0000;0.0000;0.0000;0.0000;0.0000
1749;802.50;772.9000;1164.3000;987.1000;214.2000;54.7266;0.2618;0.0000;-772.9000;0.0000;6.8165;0.0000;-772.9000;0.0000;6.8165;1.0000;0.0000;0.0000;0.0000;0.0000
1750;802.74;782.0500;1153.5500;985.2000;203.1500;54.6837;0.2621;0.0000;-782.0500;0.0000;6.8165;0.0000;-782.0500;0.0000;6.8165;1.0000;0.0000;0.0000;0.0000;0.0000
1751;802.98;789.1000;1155.2000;961.8000;172.7000;47.1729;0.3263;0.0000;-789.1000;0.0000;6.8165;0.0000;-789.1000;0.0000;6.8165;1.0000;0.0000;0.0000;0.0000;0.0000
1752;803.22;776.5000;1148.9000;963.7500;187.2500;50.2820;0.2986;0.0000;-776.5000;0.0000;6.8165;0.0000;-776.5000;0.0000;6.8165;1.0000;0.0000;0.0000;0.0000;0.0000
1753;803.47;779.1500;1157.1000;953.0500;173.9000;46.0114;0.3371;0.0000;-779.1500;0.0000;6.8165;0.0000;-779.1500;0.0000;6.8165;1.0000;0.0000;0.0000;0.0000;0.0000
1754;803.71;787.3500;1146.2000;959.4500;172.1000;47.9588;0.3191;0.0000;-787.3500;0.0000;6.8165;0.0000;-787.3500;0.0000;6.8165;1.0000;0.0000;0.0000;0.0000;0.0000
1755;803.95;788.2000;1174.8500;967.6000;179.4000;46.3986;0.3335;0.0000;-788.2000;0.0000;6.8165;0.0000;-788.2000;0.0000;6.8165;1.0000;0.0000;0.0000;0.0000;0.0000
1756;804.19;790.8500;1152.0500;974.8000;183.9500;50.9275;0.2930;0.0000;-790.8500;0.0000;6.8165;0.0000;-790.8500;0.0000;6.8165;1.0000;0.0000;0.0000;0.0000;0.0000
1757;804.43;786.1500;1143.9500;963.1000;176.9500;49.4550;0.3058;0.0000;-786.1500;0.0000;6.8165;0.0000;-786.1500;0.0000;6.8165;1.0000;0.0000;0.0000;0.0000;0.0000
1758;804.67;784.1000;1144.9500;954.6000;170.5000;47.2495;0.3256;0.0000;-784.1000;0.0000;6.8165;0.0000;-784.1000;0.0000;6.8165;1.0000;0.0000;0.0000;0.0000;0.0000
1759;804.91;779.2500;1146.4500;943.9000;164.6500;44.8393;0.3483;0.0000;-779.2500;0.0000;6.8165;0.0000;-779.2500;0.0000;6.8165;1.0000;0.0000;0.0000;0.0000;0.0000
1760;805.15;784.3000;1145.2000;941.6000;157.3000;43.5855;0.3607;0.0000;-784.3000;0.0000;6.8165;0.0000;-784.3000;0.0000;6.8165;1.0000;0.0000;0.0000;0.0000;0.0000
1761;805.39;790.8000;1146.8000;959.9000;169.1000;47.5000;0.3233;0.0000;-790.8000;0.0000;6.8165;0.0000;-790.8000;0.0000;6.8165;1.0000;0.0000;0.0000;0.0000;0.0000
1762;805.63;779.5500;1149.0000;970.3000;190.7500;51.6308;0.2871;0.0000;-779.5500;0.0000;6.8165;0.0000;-779.5500;0.0000;6.8165;1.0000;0.0000;0.0000;0.0000;0.0000
1763;805.87;783.7500;1140.3500;971.3000;187.5500;52.5939;0.2791;0.0000;-783.7500;0.0000;6.8165;0.0000;-783.7500;0.0000;6.8165;1.0000;0.0000;0.0000;0.0000;0.0000
1764;806.11;783.2500;1133.1500;957.7500;174.5000;49.8714;0.3021;0.0000;-783.2500;0.0000;6.8165;0.0000;-783.2500;0.0000;6.8165;1.0000;0.0000;0.0000;0.0000;0.0000
1765;806.35;792.8500;1132.1000;953.4500;160.6000;47.3397;0.3248;0.0000;-792.8500;0.0000;6.8165;0.0000;-792.8500;0.0000;6.8165;1.0000;0.0000;0.0000;0.0000;0.0000
1766;806.59;794.9500;1155.7500;943.6500;148.7000;41.2140;0.3850;0.0000;-794.9500;0.0000;6.8165;0.0000;-794.9500;0.0000;6.8165;1.0000;0.0000;0.0000;0.0000;0.0000
1767;806.83;791.9000;1149.9000;948.8000;156.9000;43.8268;0.3583;0.0000;-791.9000;0.0000;6.8165;0.0000;-791.9000;0.0000;6.8165;1.0000;0.0000;0.0000;0.0000;0.0000
1768;807.07;791.6500;1144.0000;953.6500;162.0000;45.9770;0.3375;0.0000;-791.6500;0.0000;6.8165;0.0000;-791.6500;0.0000;6.8165;1.0000;0.0000;0.0000;0.0000;0.0000
1769;807.31;791.0000;1147.3500;934.7500;143.7500;40.3396;0.3943;0.0000;-791.0000;0.0000;6.8165;0.0000;-791.0000;0.0000;6.8165;1.0000;0.0000;0.0000;0.0000;0.0000
1770;807.54;788.9000;1138.1000;954.8500;165.9500;47.5229;0.3231;0.0000;-788.9000;0.0000;6.8165;0.0000;-788.9000;0.0000;6.8165;1.0000;0.0000;0.0000;0.0000;0.0000
1771;807.78;784.8000;1142.8500;950.2500;165.4500;46.2086;0.3353;0.0000;-784.8000;0.0000;6.8165;0.0000;-784.8000;0.0000;6.8165;1.0000;0.0000;0.0000;0.0000;0.0000
1772;808.02;783.4500;1142.8000;939.5000;156.0500;43.4256;0.3623;0.0000;-783.4500;0.0000;6.8165;0.0000;-783.4500;0.0000;6.8165;1.0000;0.0000;0.0000;0.0000;0.0000
1773;808.26;787.9000;1138.7500;940.8500;152.9500;43.5941;0.3606;0.0000;-787.9000;0.0000;6.8165;0.0000;-787.9000;0.0000;6.8165;1.0000;0.0000;0.0000;0.0000;0.0000
1774;808.50;782.7000;1138.3000;927.6000;144.9000;40.7480;0.3899;0.0000;-782.7000;0.0000;6.8165;0.0000;-782.7000;0.0000;6.8165;1.0000;0.0000;0.0000;0.0000;0.0000
1775;808.74;787.3500;1147.0500;959.0500;171.7000;47.7342;0.3212;0.0000;-787.3500;0.0000;6.8165;0.0000;-787.3500;0.0000;6.8165;1.0000;0.0000;0.0000;0.0000;0.0000
1776;808.98;778.3500;1143.5500;941.4500;163.1000;44.6605;0.3501;0.0000;-778.3500;0.0000;6.8165;0.0000;-778.3500;0.0000;6.8165;1.0000;0.0000;0.0000;0.0000;0.0000
1777;809.22;782.5500;1134.2500;947.4000;164.8500;46.8723;0.3291;0.0000;-782.5500;0.0000;6.8165;0.0000;-782.5500;0.0000;6.8165;1.0000;0.0000;0.0000;0.0000;0.0000
1778;809.45;777.5000;1175.0500;932.3500;154.8500;38.9511;0.4095;0.0000;-777.5000;0.0000;6.8165;0.0000;-777.5000;0.0000;6.8165;1.0000;0.0000;0.0000;0.0000;0.0000
1779;809.69;788.4000;1138.4000;955.5500;167.1500;47.7571;0.3210;0.0000;-788.4000;0.0000;6.8165;0.0000;-788.4000;0.0000;6.8165;1.0000;0.0000;0.0000;0.0000;0.0000
1780;809.93;794.8500;1138.8500;936.9000;142.0500;41.2936;0.3841;0.0000;-794.8500;0.0000;6.8165;0.0000;-794.8500;0.0000;6.8165;1.0000;0.0000;0.0000;0.0000;0.0000
1781;810.17;781.2500;1144.0500;934.3500;153.1000;42.1996;0.3747;0.0000;-781.2500;0.0000;6.8165;0.0000;-781.2500;0.0000;6.8165;1.0000;0.0000;0.0000;0.0000;0.0000
1782;810.41;775.7500;1151.0000;927.0000;151.2500;40.3065;0.3946;0.0000;-775.7500;0.0000;6.8165;0.0000;-775.7500;0.0000;6.8165;1.0000;0.0000;0.0000;0.0000;0.0000
1783;810.64;788.6000;1158.2000;934.1000;145.5000;39.3669;0.4049;0.0000;-788.6000;0.0000;6.8165;0.0000;-788.6000;0.0000;6.8165;1.0000;0.0000;0.0000;0.0000;0.0000
1784;810.88;786.2500;1148.2500;928.0000;141.7500;39.1575;0.4072;0.0000;-786.2500;0.0000;6.8165;0.0000;-786.2500;0.0000;6.8165;1.0000;0.0000;0.0000;0.0000;0.0000
1785;811.12;779.9000;1155.6500;935.7000;155.8000;41.4637;0.3823;0.0000;-779.9000;0.0000;6.8165;0.0000;-779.9000;0.0000;6.8165;1.0000;0.0000;0.0000;0.0000;0.0000
1786;811.36;775.9500;1152.7500;928.8500;152.9000;40.5786;0.3917;0.0000;-775.9500;0.0000;6.8165;0.0000;-775.9500;0.0000;6.8165;1.0000;0.0000;0.0000;0.0000;0.0000
1787;811.59;789.8500;1162.5000;932.8000;142.9500;38.3604;0.4161;0.0000;-789.8500;0.0000;6.8165;0.0000;-789.8500;0.0000;6.8165;1.0000;0.0000;0.0000;0.0000;0.0000
1788;811.83;781.2000;1145.6500;931.8500;150.6500;41.3363;0.3837;0.0000;-781.2000;0.0000;6.8165;0.0000;-781.2000;0.0000;6.8165;1.0000;0.0000;0.0000;0.0000;0.0000
1789;812.07;786.5500;1154.2000;930.0500;143.5000;39.0317;0.4086;0.0000;-786.5500;0.0000;6.8165;0.0000;-786.5500;0.0000;6.8165;1.0000;0.0000;0.0000;0.0000;0.0000
1790;812.31;800.5500;1172.2500;929.2000;128.6500;34.6112;0.4608;0.0000;-800.5500;0.0000;6.8165;0.0000;-800.5500;0.0000;6.8165;1.0000;0.0000;0.0000;0.0000;0.0000
1791;812.54;793.5500;1178.5000;917.1000;123.5500;32.0951;0.4936;0.0000;-793.5500;0.0000;6.8165;0.0000;-793.5500;0.0000;6.8165;1.0000;0.0000;0.0000;0.0000;0.0000
1792;812.78;787.1500;1182.7500;954.1500;167.0000;42.2144;0.3745;0.0000;-787.1500;0.0000;6.8165;0.0000;-787.1500;0.0000;6.8165;1.0000;0.0000;0.0000;0.0000;0.0000
1793;813.02;793.9500;1159.7000;933.5000;139.5500;38.1545;0.4185;0.0000;-793.9500;0.0000;6.8165;0.0000;-793.9500;0.0000;6.8165;1.0000;0.0000;0.0000;0.0000;0.0000
1794;813.25;807.3500;1171.5500;928.1500;120.8000;33.1686;0.4793;0.0000;-807.3500;0.0000;6.8165;0.0000;-807.3500;0.0000;6.8165;1.0000;0.0000;0.0000;0.0000;0.0000
1795;813.49;789.2500;1182.1000;919.7500;130.5000;33.2188;0.4786;0.0000;-789.2500;0.0000;6.8165;0.0000;-789.2500;0.0000;6.8165;1.0000;0.0000;0.0000;0.0000;0.0000
1796;813.73;785.3000;1176.1000;947.5500;162.2500;41.5174;0.3818;0.0000;-785.3000;0.0000;6.8165;0.0000;-785.3000;0.0000;6.8165;1.0000;0.0000;0.0000;0.0000;0.0000
1797;813.96;774.1500;1162.9500;921.9000;147.7500;38.0015;0.4202;0.0000;-774.1500;0.0000;6.8165;0.0000;-774.1500;0.0000;6.8165;1.0000;0.0000;0.0000;0.0000;0.0000
1798;814.20;795.8000;1176.7500;955.9000;160.1000;42.0265;0.3765;0.0000;-795.8000;0.0000;6.8165;0.0000;-795.8000;0.0000;6.8165;1.0000;0.0000;0.0000;0.0000;0.0000
1799;814.44;785.4500;1163.0500;934.5000;149.0500;39.4730;0.4037;0.0000;-785.4500;0.0000;6.8165;0.0000;-785.4500;0.0000;6.8165;1.0000;0.0000;0.0000;0.0000;0.0000
1800;814.67;774.4500;1186.3500;931.1000;156.6500;38.0311;0.4199;0.0000;-774.4500;0.0000;6.8165;0.0000;-774.4500;0.0000;6.8165;1.0000;0.0000;0.0000;0.0000;0.0000
1801;814.91;768.5000;1160.8000;930.6000;162.1000;41.3204;0.3838;0.0000;-768.5000;0.0000;6.8165;0.0000;-768.5000;0.0000;6.8165;1.0000;0.0000;0.0000;0.0000;0.0000
1802;815.14;767.7500;1166.7000;936.0000;168.2500;42.1732;0.3750;0.0000;-767.7500;0.0000;6.8165;0.0000;-767.7500;0.0000;6.8165;1.0000;0.0000;0.0000;0.0000;0.0000
1803;815.38;791.1000;1176.0500;926.4000;135.3000;35.1474;0.4541;0.0000;-791.1000;0.0000;6.8165;0.0000;-791.1000;0.0000;6.8165;1.0000;0.0000;0.0000;0.0000;0.0000
1804;815.61;767.4500;1183.1500;921.9500;154.5000;37.1662;0.4299;0.0000;-767.4500;0.0000;6.8165;0.0000;-767.4500;0.0000;6.8165;1.0000;0.0000;0.0000;0.0000;0.0000
1805;815.85;783.5500;1173.2500;930.2500;146.7000;37.6443;0.4243;0.0000;-783.5500;0.0000;6.8165;0.0000;-783.5500;0.0000;6.8165;1.0000;0.0000;0.0000;0.0000;0.0000
1806;816.09;784.7000;1167.7000;929.6000;144.9000;37.8329;0.4221;0.0000;-784.7000;0.0000;6.8165;0.0000;-784.7000;0.0000;6.8165;1.0000;0.0000;0.0000;0.0000;0.0000
1807;816.32;782.8000;1192.8500;942.0000;159.2000;38.8245;0.4109;0.0000;-782.8000;0.0000;6.8165;0.0000;-782.8000;0.0000;6.8165;1.0000;0.0000;0.0000;0.0000;0.0000
1808;816.56;785.1500;1195.9500;947.1000;161.9500;39.4231;0.4042;0.0000;-785.1500;0.0000;6.8165;0.0000;-785.1500;0.0000;6.8165;1.0000;0.0000;0.0000;0.0000;0.0000
1809;816.79;788.2500;1178.2000;932.9500;144.7000;37.1073;0.4305;0.0000;-788.2500;0.0000;6.8165;0.0000;-788.2500;0.0000;6.8165;1.0000;0.0000;0.0000;0.0000;0.0000
1810;817.03;777.5500;1178.2500;941.6500;164.1000;40.9533;0.3877;0.0000;-777.5500;0.0000;6.8165;0.0000;-777.5500;0.0000;6.8165;1.0000;0.0000;0.0000;0.0000;0.0000
1811;817.26;788.7500;1196.6500;929.5000;140.7500;34.5060;0.4621;0.0000;-788.7500;0.0000;6.8165;0.0000;-788.7500;0.0000;6.8165;1.0000;0.0000;0.0000;0.0000;0.0000
1812;817.50;775.0500;1192.2000;936.1000;161.0500;38.6072;0.4133;0.0000;-775.0500;0.0000;6.8165;0.0000;-775.0500;0.0000;6.8165;1.0000;0.0000;0.0000;0.0000;0.0000
1813;817.73;798.0500;1200.6000;931.9000;133.8500;33.2505;0.4782;0.0000;-798.0500;0.0000;6.8165;0.0000;-798.0500;0.0000;6.8165;1.0000;0.0000;0.0000;0.0000;0.0000
1814;817.97;793.8000;1197.4000;954.4500;160.6500;39.8043;0.4001;0.0000;-793.8000;0.0000;6.8165;0.0000;-793.8000;0.0000;6.8165;1.0000;0.0000;0.0000;0.0000;0.0000
1815;818.20;785.6000;1211.1000;944.0000;158.4000;37.2268;0.4291;0.0000;-785.6000;0.0000;6.8165;0.0000;-785.6000;0.0000;6.8165;1.0000;0.0000;0.0000;0.0000;0.0000
1816;818.43;791.4000;1200.1500;959.1000;167.7000;41.0275;0.3869;0.0000;-791.4000;0.0000;6.8165;0.0000;-791.4000;0.0000;6.8165;1.0000;0.0000;0.0000;0.0000;0.0000
1817;818.67;783.1500;1216.3500;951.6000;168.4500;38.8850;0.4102;0.0000;-783.1500;0.0000;6.8165;0.0000;-783.1500;0.0000;6.8165;1.0000;0.0000;0.0000;0.0000;0.0000
1818;818.90;788.6500;1206.6000;965.6000;176.9500;42.3376;0.3733;0.0000;-788.6500;0.0000;6.8165;0.0000;-788.6500;0.0000;6.8165;1.0000;0.0000;0.0000;0.0000;0.0000
1819;819.14;806.1000;1203.9000;953.8000;147.7000;37.1292;0.4303;0.0000;-806.1000;0.0000;6.8165;0.0000;-806.1000;0.0000;6.8165;1.0000;0.0000;0.0000;0.0000;0.0000
1820;819.37;789.9500;1202.1500;949.5500;159.6000;38.7191;0.4121;0.0000;-789.9500;0.0000;6.8165;0.0000;-789.9500;0.0000;6.8165;1.0000;0.0000;0.0000;0.0000;0.0000
1821;819.61;795.1000;1230.0500;945.6500;150.5500;34.6132;0.4608;0.0000;-795.1000;0.0000;6.8165;0.0000;-795.1000;0.0000;6.8165;1.0000;0.0000;0.0000;0.0000;0.0000
1822;819.84;787.7500;1210.4000;970.3000;182.5500;43.1918;0.3646;0.0000;-787.7500;0.0000;6.8165;0.0000;-787.7500;0.0000;6.8165;1.0000;0.0000;0.0000;0.0000;0.0000
1823;820.07;773.8000;1209.0500;953.1000;179.3000;41.1947;0.3852;0.0000;-773.8000;0.0000;6.8165;0.0000;-773.8000;0.0000;6.8165;1.0000;0.0000;0.0000;0.0000;0.0000
1824;820.31;783.1500;1238.1000;959.0000;175.8500;38.6526;0.4128;0.0000;-783.1500;0.0000;6.8165;0.0000;-783.1500;0.0000;6.8165;1.0000;0.0000;0.0000;0.0000;0.0000
1825;820.54;792.3500;1219.0000;978.1000;185.7500;43.5369;0.3611;0.0000;-792.3500;0.0000;6.8165;0.0000;-792.3500;0.0000;6.8165;1.0000;0.0000;0.0000;0.0000;0.0000
1826;820.77;784.1500;1242.3000;974.0500;189.9000;41.4493;0.3825;0.0000;-784.1500;0.0000;6.8165;0.0000;-784.1500;0.0000;6.8165;1.0000;0.0000;0.0000;0.0000;0.0000
1827;821.01;780.9500;1249.3000;993.7000;212.7500;45.4254;0.3427;0.0000;-780.9500;0.0000;6.8165;0.0000;-780.9500;0.0000;6.8165;1.0000;0.0000;0.0000;0.0000;0.0000
1828;821.24;785.8500;1254.7500;1004.6000;218.7500;46.6517;0.3311;0.0000;-785.8500;0.0000;6.8165;0.0000;-785.8500;0.0000;6.8165;1.0000;0.0000;0.0000;0.0000;0.0000
1829;821.47;787.1000;1270.8000;992.8000;205.7000;42.5264;0.3713;0.0000;-787.1000;0.0000;6.8165;0.0000;-787.1000;0.0000;6.8165;1.0000;0.0000;0.0000;0.0000;0.0000
1830;821.71;786.4000;1265.2000;1002.5500;216.1500;45.1441;0.3454;0.0000;-786.4000;0.0000;6.8165;0.0000;-786.4000;0.0000;6.8165;1.0000;0.0000;0.0000;0.0000;0.0000
1831;821.94;781.6500;1276.3000;1023.0000;241.3500;48.7921;0.3117;0.0000;-781.6500;0.0000;6.8165;0.0000;-781.6500;0.0000;6.8165;1.0000;0.0000;0.0000;0.0000;0.0000
1832;822.17;788.8000;1291.4000;1027.7000;238.9000;47.5328;0.3230;0.0000;-788.8000;0.0000;6.8165;0.0000;-788.8000;0.0000;6.8165;1.0000;0.0000;0.0000;0.0000;0.0000
1833;822.40;781.6500;1302.8000;1028.5000;246.8500;47.3664;0.3245;0.0000;-781.6500;0.0000;6.8165;0.0000;-781.6500;0.0000;6.8165;1.0000;0.0000;0.0000;0.0000;0.0000
1834;822.64;773.2500;1323.1500;1048.9000;275.6500;50.1273;0.2999;0.0000;-773.2500;0.0000;6.8165;0.0000;-773.2500;0.0000;6.8165;1.0000;0.0000;0.0000;0.0000;0.0000
1835;822.87;782.7000;1334.2000;1061.4000;278.7000;50.5349;0.2964;0.0000;-782.7000;0.0000;6.8165;0.0000;-782.7000;0.0000;6.8165;1.0000;0.0000;0.0000;0.0000;0.0000
1836;823.10;779.3000;1369.9000;1101.8000;322.5000;54.6055;0.2628;0.0000;-779.3000;0.0000;6.8165;0.0000;-779.3000;0.0000;6.8165;1.0000;0.0000;0.0000;0.0000;0.0000
1837;823.33;791.2500;1388.1000;1121.1000;329.8500;55.2651;0.2575;0.0000;-791.2500;0.0000;6.8165;0.0000;-791.2500;0.0000;6.8165;1.0000;0.0000;0.0000;0.0000;0.0000
1838;823.57;777.0500;1421.5500;1160.3000;383.2500;59.4647;0.2257;0.0000;-777.0500;0.0000;6.8165;0.0000;-777.0500;0.0000;6.8165;1.0000;0.0000;0.0000;0.0000;0.0000
1839;823.80;782.7500;1447.6000;1196.2000;413.4500;62.1870;0.2063;0.0000;-782.7500;0.0000;6.8165;0.0000;-782.7500;0.0000;6.8165;1.0000;0.0000;0.0000;0.0000;0.0000
1840;824.03;781.0000;1469.8000;1222.9000;441.9000;64.1551;0.1928;0.0000;-781.0000;0.0000;6.8165;0.0000;-781.0000;0.0000;6.8165;1.0000;0.0000;0.0000;0.0000;0.0000
1841;824.26;773.2000;1505.4500;1248.6000;475.4000;64.9232;0.1876;0.0000;-773.2000;0.0000;6.8165;0.0000;-773.2000;0.0000;6.8165;1.0000;0.0000;0.0000;0.0000;0.0000
1842;824.49;786.6500;1547.5000;1279.3000;492.6500;64.7500;0.1888;0.0000;-786.6500;0.0000;6.8165;0.0000;-786.6500;0.0000;6.8165;1.0000;0.0000;0.0000;0.0000;0.0000
1843;824.73;771.7000;1552.8000;1295.5000;523.8000;67.0593;0.1735;0.0000;-771.7000;0.0000;6.8165;0.0000;-771.7000;0.0000;6.8165;1.0000;0.0000;0.0000;0.0000;0.0000
1844;824.96;785.9500;1570.1500;1291.3000;505.3500;64.4415;0.1908;0.0000;-785.9500;0.0000;6.8165;0.0000;-785.9500;0.0000;6.8165;1.0000;0.0000;0.0000;0.0000;0.0000
1845;825.19;781.3500;1563.6000;1306.7500;525.4000;67.1652;0.1729;0.0000;-781.3500;0.0000;6.8165;0.0000;-781.3500;0.0000;6.8165;1.0000;0.0000;0.0000;0.0000;0.0000
1846;825.42;792.8500;1564.1500;1292.0000;499.1500;64.7154;0.1890;0.0000;-792.8500;0.0000;6.8165;0.0000;-792.8500;0.0000;6.8165;1.0000;0.0000;0.0000;0.0000;0.0000
1847;825.65;785.5000;1557.5500;1279.8500;494.3500;64.0308;0.1936;0.0000;-785.5000;0.0000;6.8165;0.0000;-785.5000;0.0000;6.8165;1.0000;0.0000;0.0000;0.0000;0.0000
1848;825.88;783.7500;1534.2000;1266.0500;482.3000;64.2681;0.1920;0.0000;-783.7500;0.0000;6.8165;0.0000;-783.7500;0.0000;6.8165;1.0000;0.0000;0.0000;0.0000;0.0000
1849;826.11;780.9000;1500.5000;1239.4000;458.5000;63.7160;0.1958;0.0000;-780.9000;0.0000;6.8165;0.0000;-780.9000;0.0000;6.8165;1.0000;0.0000;0.0000;0.0000;0.0000
1850;826.34;788.8500;1486.3500;1218.8500;430.0000;61.6487;0.2101;0.0000;-788.8500;0.0000;6.8165;0.0000;-788.8500;0.0000;6.8165;1.0000;0.0000;0.0000;0.0000;0.0000
1851;826.57;791.8000;1466.7000;1199.3000;407.5000;60.3793;0.2191;0.0000;-791.8000;0.0000;6.8165;0.0000;-791.8000;0.0000;6.8165;1.0000;0.0000;0.0000;0.0000;0.0000
1852;826.81;792.3500;1459.1000;1184.7000;392.3500;58.8451;0.2303;0.0000;-792.3500;0.0000;6.8165;0.0000;-792.3500;0.0000;6.8165;1.0000;0.0000;0.0000;0.0000;0.0000
1853;827.04;780.4500;1452.9000;1167.4500;387.0000;57.5507;0.2399;0.0000;-780.4500;0.0000;6.8165;0.0000;-780.4500;0.0000;6.8165;1.0000;0.0000;0.0000;0.0000;0.0000
1854;827.27;769.9000;1414.0500;1148.0000;378.1000;58.6975;0.2314;0.0000;-769.9000;0.0000;6.8165;0.0000;-769.9000;0.0000;6.8165;1.0000;0.0000;0.0000;0.0000;0.0000
1855;827.50;778.9000;1425.3500;1157.2500;378.3500;58.5273;0.2326;0.0000;-778.9000;0.0000;6.8165;0.0000;-778.9000;0.0000;6.8165;1.0000;0.0000;0.0000;0.0000;0.0000
1856;827.73;780.2000;1391.5000;1131.0000;350.8000;57.3859;0.2412;0.0000;-780.2000;0.0000;6.8165;0.0000;-780.2000;0.0000;6.8165;1.0000;0.0000;0.0000;0.0000;0.0000
1857;827.96;780.2000;1387.3500;1135.8000;355.6000;58.5687;0.2323;0.0000;-780.2000;0.0000;6.8165;0.0000;-780.2000;0.0000;6.8165;1.0000;0.0000;0.0000;0.0000;0.0000
1858;828.19;786.5500;1393.8500;1125.1000;338.5500;55.7467;0.2538;0.0000;-786.5500;0.0000;6.8165;0.0000;-786.5500;0.0000;6.8165;1.0000;0.0000;0.0000;0.0000;0.0000
1859;828.42;775.6000;1399.3000;1135.1000;359.5000;57.6399;0.2393;0.0000;-775.6000;0.0000;6.8165;0.0000;-775.6000;0.0000;6.8165;1.0000;0.0000;0.0000;0.0000;0.0000
1860;828.65;776.3500;1404.3000;1141.7000;365.3500;58.1814;0.2352;0.0000;-776.3500;0.0000;6.8165;0.0000;-776.3500;0.0000;6.8165;1.0000;0.0000;0.0000;0.0000;0.0000
1861;828.88;779.8500;1399.2000;1147.1500;367.3000;59.3041;0.2269;0.0000;-779.8500;0.0000;6.8165;0.0000;-779.8500;0.0000;6.8165;1.0000;0.0000;0.0000;0.0000;0.0000
1862;829.11;785.4000;1423.0000;1160.0500;374.6500;58.7594;0.2309;0.0000;-785.4000;0.0000;6.8165;0.0000;-785.4000;0.0000;6.8165;1.0000;0.0000;0.0000;0.0000;0.0000
1863;829.34;771.4000;1425.1500;1167.5500;396.1500;60.5966;0.2176;0.0000;-771.4000;0.0000;6.8165;0.0000;-771.4000;0.0000;6.8165;1.0000;0.0000;0.0000;0.0000;0.0000
1864;829.57;773.1500;1423.1500;1163.0000;389.8500;59.9769;0.2220;0.0000;-773.1500;0.0000;6.8165;0.0000;-773.1500;0.0000;6.8165;1.0000;0.0000;0.0000;0.0000;0.0000
1865;829.80;780.5000;1426.9000;1135.5500;355.0500;54.9273;0.2602;0.0000;-780.5000;0.0000;6.8165;0.0000;-780.5000;0.0000;6.8165;1.0000;0.0000;0.0000;0.0000;0.0000
1866;830.03;782.1000;1414.0000;1146.5000;364.4000;57.6674;0.2391;0.0000;-782.1000;0.0000;6.8165;0.0000;-782.1000;0.0000;6.8165;1.0000;0.0000;0.0000;0.0000;0.0000
1867;830.25;782.5000;1385.1500;1126.7000;344.2000;57.1144;0.2433;0.0000;-782.5000;0.0000;6.8165;0.0000;-782.5000;0.0000;6.8165;1.0000;0.0000;0.0000;0.0000;0.0000
1868;830.48;781.6500;1377.9000;1096.0500;314.4000;52.7296;0.2779;0.0000;-781.6500;0.0000;6.8165;0.0000;-781.6500;0.0000;6.8165;1.0000;0.0000;0.0000;0.0000;0.0000
1869;830.71;777.7000;1345.8500;1087.2500;309.5500;54.4839;0.2637;0.0000;-777.7000;0.0000;6.8165;0.0000;-777.7000;0.0000;6.8165;1.0000;0.0000;0.0000;0.0000;0.0000
1870;830.94;781.4000;1338.8500;1073.5000;292.1000;52.3993;0.2807;0.0000;-781.4000;0.0000;6.8165;0.0000;-781.4000;0.0000;6.8165;1.0000;0.0000;0.0000;0.0000;0.0000
1871;831.17;781.0500;1313.2500;1060.7500;279.7000;52.5554;0.2794;0.0000;-781.0500;0.0000;6.8165;0.0000;-781.0500;0.0000;6.8165;1.0000;0.0000;0.0000;0.0000;0.0000
1872;831.40;784.9500;1317.1500;1041.8000;256.8500;48.2619;0.3164;0.0000;-784.9500;0.0000;6.8165;0.0000;-784.9500;0.0000;6.8165;1.0000;0.0000;0.0000;0.0000;0.0000
1873;831.63;779.1500;1288.6000;1017.7000;238.5500;46.8250;0.3295;0.0000;-779.1500;0.0000;6.8165;0.0000;-779.1500;0.0000;6.8165;1.0000;0.0000;0.0000;0.0000;0.0000
1874;831.86;797.0500;1284.2000;1010.0000;212.9500;43.7134;0.3594;0.0000;-797.0500;0.0000;6.8165;0.0000;-797.0500;0.0000;6.8165;1.0000;0.0000;0.0000;0.0000;0.0000
1875;832.08;781.3500;1272.4500;985.5000;204.1500;41.5699;0.3812;0.0000;-781.3500;0.0000;6.8165;0.0000;-781.3500;0.0000;6.8165;1.0000;0.0000;0.0000;0.0000;0.0000
1876;832.31;796.0500;1264.8000;983.2500;187.2000;39.9360;0.3986;0.0000;-796.0500;0.0000;6.8165;0.0000;-796.0500;0.0000;6.8165;1.0000;0.0000;0.0000;0.0000;0.0000
1877;832.54;778.5000;1254.3000;986.3000;207.8000;43.6738;0.3598;0.0000;-778.5000;0.0000;6.8165;0.0000;-778.5000;0.0000;6.8165;1.0000;0.0000;0.0000;0.0000;0.0000
1878;832.77;798.0000;1239.5000;985.6000;187.6000;42.4915;0.3717;0.0000;-798.0000;0.0000;6.8165;0.0000;-798.0000;0.0000;6.8165;1.0000;0.0000;0.0000;0.0000;0.0000
1879;833.00;779.3500;1260.4500;992.8000;213.4500;44.3671;0.3529;0.0000;-779.3500;0.0000;6.8165;0.0000;-779.3500;0.0000;6.8165;1.0000;0.0000;0.0000;0.0000;0.0000
1880;833.22;790.0500;1235.2500;975.8000;185.7500;41.7228;0.3796;0.0000;-790.0500;0.0000;6.8165;0.0000;-790.0500;0.0000;6.8165;1.0000;0.0000;0.0000;0.0000;0.0000
1881;833.45;791.3500;1242.2000;963.2000;171.8500;38.1169;0.4189;0.0000;-791.3500;0.0000;6.8165;0.0000;-791.3500;0.0000;6.8165;1.0000;0.0000;0.0000;0.0000;0.0000
1882;833.68;794.0000;1234.1500;960.1000;166.1000;37.7371;0.4232;0.0000;-794.0000;0.0000;6.8165;0.0000;-794.0000;0.0000;6.8165;1.0000;0.0000;0.0000;0.0000;0.0000
1883;833.91;798.8500;1241.2000;967.1000;168.2500;38.0355;0.4198;0.0000;-798.8500;0.0000;6.8165;0.0000;-798.8500;0.0000;6.8165;1.0000;0.0000;0.0000;0.0000;0.0000
1884;834.13;796.6000;1224.6000;982.9500;186.3500;43.5397;0.3611;0.0000;-796.6000;0.0000;6.8165;0.0000;-796.6000;0.0000;6.8165;1.0000;0.0000;0.0000;0.0000;0.0000
1885;834.36;799.9000;1217.9500;948.2000;148.3000;35.4742;0.4501;0.0000;-799.9000;0.0000;6.8165;0.0000;-799.9000;0.0000;6.8165;1.0000;0.0000;0.0000;0.0000;0.0000
1886;834.59;790.1000;1223.2500;968.0000;177.9000;41.0712;0.3865;0.0000;-790.1000;0.0000;6.8165;0.0000;-790.1000;0.0000;6.8165;1.0000;0.0000;0.0000;0.0000;0.0000
1887;834.82;784.9500;1230.7500;968.3000;183.3500;41.1283;0.3859;0.0000;-784.9500;0.0000;6.8165;0.0000;-784.9500;0.0000;6.8165;1.0000;0.0000;0.0000;0.0000;0.0000
1888;835.04;788.8000;1242.3000;968.2000;179.4000;39.5590;0.4028;0.0000;-788.8000;0.0000;6.8165;0.0000;-788.8000;0.0000;6.8165;1.0000;0.0000;0.0000;0.0000;0.0000
1889;835.27;789.8000;1256.6500;989.2000;199.4000;42.7118;0.3695;0.0000;-789.8000;0.0000;6.8165;0.0000;-789.8000;0.0000;6.8165;1.0000;0.0000;0.0000;0.0000;0.0000
1890;835.50;787.3000;1273.1500;1001.8000;214.5000;44.1494;0.3551;0.0000;-787.3000;0.0000;6.8165;0.0000;-787.3000;0.0000;6.8165;1.0000;0.0000;0.0000;0.0000;0.0000
1891;835.72;767.0500;1286.5000;1011.8500;244.8000;47.1268;0.3267;0.0000;-767.0500;0.0000;6.8165;0.0000;-767.0500;0.0000;6.8165;1.0000;0.0000;0.0000;0.0000;0.0000
1892;835.95;780.6500;1275.9000;1020.6500;240.0000;48.4604;0.3146;0.0000;-780.6500;0.0000;6.8165;0.0000;-780.6500;0.0000;6.8165;1.0000;0.0000;0.0000;0.0000;0.0000
1893;836.18;767.8500;1262.6000;991.2500;223.4000;45.1541;0.3453;0.0000;-767.8500;0.0000;6.8165;0.0000;-767.8500;0.0000;6.8165;1.0000;0.0000;0.0000;0.0000;0.0000
1894;836.40;775.9500;1277.6000;1002.9500;227.0000;45.2507;0.3444;0.0000;-775.9500;0.0000;6.8165;0.0000;-775.9500;0.0000;6.8165;1.0000;0.0000;0.0000;0.0000;0.0000
1895;836.63;781.5500;1293.9500;1006.6000;225.0500;43.9208;0.3573;0.0000;-781.5500;0.0000;6.8165;0.0000;-781.5500;0.0000;6.8165;1.0000;0.0000;0.0000;0.0000;0.0000
1896;836.86;780.2000;1279.9000;1007.7500;227.5500;45.5373;0.3416;0.0000;-780.2000;0.0000;6.8165;0.0000;-780.2000;0.0000;6.8165;1.0000;0.0000;0.0000;0.0000;0.0000
1897;837.08;782.9000;1257.9500;987.7000;204.8000;43.1113;0.3654;0.0000;-782.9000;0.0000;6.8165;0.0000;-782.9000;0.0000;6.8165;1.0000;0.0000;0.0000;0.0000;0.0000
1898;837.31;789.5500;1255.4500;997.0000;207.4500;44.5267;0.3514;0.0000;-789.5500;0.0000;6.8165;0.0000;-789.5500;0.0000;6.8165;1.0000;0.0000;0.0000;0.0000;0.0000
1899;837.53;790.7000;1242.4500;984.7500;194.0500;42.9552;0.3670;0.0000;-790.7000;0.0000;6.8165;0.0000;-790.7000;0.0000;6.8165;1.0000;0.0000;0.0000;0.0000;0.0000
1900;837.76;802.9500;1252.5500;975.2500;172.3000;38.3230;0.4165;0.0000;-802.9500;0.0000;6.8165;0.0000;-802.9500;0.0000;6.8165;1.0000;0.0000;0.0000;0.0000;0.0000
1901;837.99;783.0500;1226.5000;960.5000;177.4500;40.0158;0.3978;0.0000;-783.0500;0.0000;6.8165;0.0000;-783.0500;0.0000;6.8165;1.0000;0.0000;0.0000;0.0000;0.0000
1902;838.21;796.5500;1222.9500;950.8000;154.2500;36.1750;0.4416;0.0000;-796.5500;0.0000;6.8165;0.0000;-796.5500;0.0000;6.8165;1.0000;0.0000;0.0000;0.0000;0.0000
1903;838.44;789.1500;1225.2000;951.5000;162.3500;37.2320;0.4291;0.0000;-789.1500;0.0000;6.8165;0.0000;-789.1500;0.0000;6.8165;1.0000;0.0000;0.0000;0.0000;0.0000
1904;838.66;787.3500;1206.4000;952.3000;164.9500;39.3628;0.4049;0.0000;-787.3500;0.0000;6.8165;0.0000;-787.3500;0.0000;6.8165;1.0000;0.0000;0.0000;0.0000;0.0000
1905;838.89;789.3000;1195.9500;932.4500;143.1500;35.2023;0.4534;0.0000;-789.3000;0.0000;6.8165;0.0000;-789.3000;0.0000;6.8165;1.0000;0.0000;0.0000;0.0000;0.0000
1906;839.11;784.8000;1199.1000;933.3000;148.5000;35.8436;0.4456;0.0000;-784.8000;0.0000;6.8165;0.0000;-784.8000;0.0000;6.8165;1.0000;0.0000;0.0000;0.0000;0.0000
1907;839.34;791.2000;1188.0000;938.8000;147.6000;37.1976;0.4295;0.0000;-791.2000;0.0000;6.8165;0.0000;-791.2000;0.0000;6.8165;1.0000;0.0000;0.0000;0.0000;0.0000
1908;839.56;786.0500;1181.0500;927.9500;141.9000;35.9241;0.4446;0.0000;-786.0500;0.0000;6.8165;0.0000;-786.0500;0.0000;6.8165;1.0000;0.0000;0.0000;0.0000;0.0000
1909;839.79;790.5500;1183.8000;937.8000;147.2500;37.4444;0.4266;0.0000;-790.5500;0.0000;6.8165;0.0000;-790.5500;0.0000;6.8165;1.0000;0.0000;0.0000;0.0000;0.0000
1910;840.01;793.8000;1192.9500;928.7500;134.9500;33.8093;0.4710;0.0000;-793.8000;0.0000;6.8165;0.0000;-793.8000;0.0000;6.8165;1.0000;0.0000;0.0000;0.0000;0.0000
1911;840.24;795.8500;1168.9500;918.5000;122.6500;32.8732;0.4832;0.0000;-795.8500;0.0000;6.8165;0.0000;-795.8500;0.0000;6.8165;1.0000;0.0000;0.0000;0.0000;0.0000
1912;840.46;783.4000;1188.2500;934.7500;151.3500;37.3842;0.4273;0.0000;-783.4000;0.0000;6.8165;0.0000;-783.4000;0.0000;6.8165;1.0000;0.0000;0.0000;0.0000;0.0000
1913;840.69;790.5500;1182.8000;927.0500;136.5000;34.7992;0.4584;0.0000;-790.5500;0.0000;6.8165;0.0000;-790.5500;0.0000;6.8165;1.0000;0.0000;0.0000;0.0000;0.0000
1914;840.91;789.6500;1183.6000;918.7000;129.0500;32.7580;0.4847;0.0000;-789.6500;0.0000;6.8165;0.0000;-789.6500;0.0000;6.8165;1.0000;0.0000;0.0000;0.0000;0.0000
1915;841.13;787.3500;1175.2500;912.5000;125.1500;32.2635;0.4913;0.0000;-787.3500;0.0000;6.8165;0.0000;-787.3500;0.0000;6.8165;1.0000;0.0000;0.0000;0.0000;0.0000
1916;841.36;798.8000;1186.1000;921.0000;122.2000;31.5518;0.5010;0.0000;-798.8000;0.0000;6.8165;0.0000;-798.8000;0.0000;6.8165;1.0000;0.0000;0.0000;0.0000;0.0000
1917;841.58;794.7500;1168.4500;917.2500;122.5000;32.7803;0.4844;0.0000;-794.7500;0.0000;6.8165;0.0000;-794.7500;0.0000;6.8165;1.0000;0.0000;0.0000;0.0000;0.0000
1918;841.81;777.0000;1170.1000;929.4000;152.4000;38.7688;0.4115;0.0000;-777.0000;0.0000;6.8165;0.0000;-777.0000;0.0000;6.8165;1.0000;0.0000;0.0000;0.0000;0.0000
1919;842.03;778.0500;1195.6500;926.3000;148.2500;35.5005;0.4498;0.0000;-778.0500;0.0000;6.8165;0.0000;-778.0500;0.0000;6.8165;1.0000;0.0000;0.0000;0.0000;0.0000
1920;842.25;779.8500;1187.6000;923.2500;143.4000;35.1686;0.4538;0.0000;-779.8500;0.0000;6.8165;0.0000;-779.8500;0.0000;6.8165;1.0000;0.0000;0.0000;0.0000;0.0000
1921;842.48;788.7000;1184.6500;932.7500;144.0500;36.3809;0.4391;0.0000;-788.7000;0.0000;6.8165;0.0000;-788.7000;0.0000;6.8165;1.0000;0.0000;0.0000;0.0000;0.0000
1922;842.70;795.7000;1178.5500;938.9500;143.2500;37.4167;0.4269;0.0000;-795.7000;0.0000;6.8165;0.0000;-795.7000;0.0000;6.8165;1.0000;0.0000;0.0000;0.0000;0.0000
1923;842.92;782.5500;1191.1000;939.8000;157.2500;38.4898;0.4147;0.0000;-782.5500;0.0000;6.8165;0.0000;-782.5500;0.0000;6.8165;1.0000;0.0000;0.0000;0.0000;0.0000
1924;843.15;777.7500;1196.3500;939.2500;161.5000;38.5810;0.4136;0.0000;-777.7500;0.0000;6.8165;0.0000;-777.7500;0.0000;6.8165;1.0000;0.0000;0.0000;0.0000;0.0000
1925;843.37;776.9500;1179.8500;929.0500;152.1000;37.7513;0.4231;0.0000;-776.9500;0.0000;6.8165;0.0000;-776.9500;0.0000;6.8165;1.0000;0.0000;0.0000;0.0000;0.0000
1926;843.59;779.1500;1185.3500;920.6000;141.4500;34.8227;0.4581;0.0000;-779.1500;0.0000;6.8165;0.0000;-779.1500;0.0000;6.8165;1.0000;0.0000;0.0000;0.0000;0.0000
1927;843.82;784.7500;1183.0500;923.6000;138.8500;34.8607;0.4577;0.0000;-784.7500;0.0000;6.8165;0.0000;-784.7500;0.0000;6.8165;1.0000;0.0000;0.0000;0.0000;0.0000
1928;844.04;784.2500;1179.0500;909.8000;125.5500;31.8009;0.4976;0.0000;-784.2500;0.0000;6.8165;0.0000;-784.2500;0.0000;6.8165;1.0000;0.0000;0.0000;0.0000;0.0000
1929;844.26;777.6500;1167.5000;933.6000;155.9500;40.0026;0.3979;0.0000;-777.6500;0.0000;6.8165;0.0000;-777.6500;0.0000;6.8165;1.0000;0.0000;0.0000;0.0000;0.0000
1930;844.49;785.0500;1179.3500;935.9000;150.8500;38.2577;0.4173;0.0000;-785.0500;0.0000;6.8165;0.0000;-785.0500;0.0000;6.8165;1.0000;0.0000;0.0000;0.0000;0.0000
1931;844.71;782.5500;1161.9500;914.8000;132.2500;34.8577;0.4577;0.0000;-782.5500;0.0000;6.8165;0.0000;-782.5500;0.0000;6.8165;1.0000;0.0000;0.0000;0.0000;0.0000
1932;844.93;793.9500;1169.5000;900.8000;106.8500;28.4516;0.5459;0.0000;-793.9500;0.0000;6.8165;0.0000;-793.9500;0.0000;6.8165;1.0000;0.0000;0.0000;0.0000;0.0000
1933;845.15;800.8500;1154.9000;903.2500;102.4000;28.9225;0.5388;0.0000;-800.8500;0.0000;6.8165;0.0000;-800.8500;0.0000;6.8165;1.0000;0.0000;0.0000;0.0000;0.0000
1934;845.38;780.8500;1132.7000;900.0000;119.1500;33.8639;0.4703;0.0000;-780.8500;0.0000;6.8165;0.0000;-780.8500;0.0000;6.8165;1.0000;0.0000;0.0000;0.0000;0.0000
1935;845.60;779.0000;1120.7000;906.5000;127.5000;37.3134;0.4281;0.0000;-779.0000;0.0000;6.8165;0.0000;-779.0000;0.0000;6.8165;1.0000;0.0000;0.0000;0.0000;0.0000
1936;845.82;785.5000;1146.0000;896.2500;110.7500;30.7212;0.5126;0.0000;-785.5000;0.0000;6.8165;0.0000;-785.5000;0.0000;6.8165;1.0000;0.0000;0.0000;0.0000;0.0000
1937;846.04;810.4000;1155.8500;893.1500;82.7500;23.9543;0.6206;0.0000;-810.4000;0.0000;6.8165;0.0000;-810.4000;0.0000;6.8165;1.0000;0.0000;0.0000;0.0000;0.0000
1938;846.26;790.5500;1154.6500;899.6000;109.0500;29.9506;0.5236;0.0000;-790.5500;0.0000;6.8165;0.0000;-790.5500;0.0000;6.8165;1.0000;0.0000;0.0000;0.0000;0.0000
1939;846.48;786.8500;1145.4000;900.9500;114.1000;31.8226;0.4973;0.0000;-786.8500;0.0000;6.8165;0.0000;-786.8500;0.0000;6.8165;1.0000;0.0000;0.0000;0.0000;0.0000
1940;846.71;782.4500;1139.2000;888.5000;106.0500;29.7267;0.5269;0.0000;-782.4500;0.0000;6.8165;0.0000;-782.4500;0.0000;6.8165;1.0000;0.0000;0.0000;0.0000;0.0000
1941;846.93;777.3500;1122.4000;894.1000;116.7500;33.8357;0.4706;0.0000;-777.3500;0.0000;6.8165;0.0000;-777.3500;0.0000;6.8165;1.0000;0.0000;0.0000;0.0000;0.0000
1942;847.15;802.5500;1132.8000;895.8500;93.3000;28.2513;0.5490;0.0000;-802.5500;0.0000;6.8165;0.0000;-802.5500;0.0000;6.8165;1.0000;0.0000;0.0000;0.0000;0.0000
1943;847.37;789.6500;1130.6000;891.5000;101.8500;29.8724;0.5247;0.0000;-789.6500;0.0000;6.8165;0.0000;-789.6500;0.0000;6.8165;1.0000;0.0000;0.0000;0.0000;0.0000
1944;847.59;780.0500;1117.8500;894.4500;114.4000;33.8662;0.4702;0.0000;-780.0500;0.0000;6.8165;0.0000;-780.0500;0.0000;6.8165;1.0000;0.0000;0.0000;0.0000;0.0000
1945;847.81;784.5500;1110.0500;883.9500;99.4000;30.5376;0.5152;0.0000;-784.5500;0.0000;6.8165;0.0000;-784.5500;0.0000;6.8165;1.0000;0.0000;0.0000;0.0000;0.0000
1946;848.03;791.7500;1139.2000;895.7500;104.0000;29.9324;0.5239;0.0000;-791.7500;0.0000;6.8165;0.0000;-791.7500;0.0000;6.8165;1.0000;0.0000;0.0000;0.0000;0.0000
1947;848.26;787.7000;1122.8000;891.2000;103.5000;30.8863;0.5102;0.0000;-787.7000;0.0000;6.8165;0.0000;-787.7000;0.0000;6.8165;1.0000;0.0000;0.0000;0.0000;0.0000
1948;848.48;775.0500;1126.1000;879.8000;104.7500;29.8391;0.5252;0.0000;-775.0500;0.0000;6.8165;0.0000;-775.0500;0.0000;6.8165;1.0000;0.0000;0.0000;0.0000;0.0000
1949;848.70;775.2000;1134.8500;890.7500;115.5500;32.1285;0.4931;0.0000;-775.2000;0.0000;6.8165;0.0000;-775.2000;0.0000;6.8165;1.0000;0.0000;0.0000;0.0000;0.0000
1950;848.92;787.2500;1121.2500;891.1000;103.8500;31.0928;0.5073;0.0000;-787.2500;0.0000;6.8165;0.0000;-787.2500;0.0000;6.8165;1.0000;0.0000;0.0000;0.0000;0.0000
1951;849.14;790.0000;1142.0500;888.9500;98.9500;28.1068;0.5512;0.0000;-790.0000;0.0000;6.8165;0.0000;-790.0000;0.0000;6.8165;1.0000;0.0000;0.0000;0.0000;0.0000
1952;849.36;784.6500;1130.8500;884.5500;99.9000;28.8562;0.5398;0.0000;-784.6500;0.0000;6.8165;0.0000;-784.6500;0.0000;6.8165;1.0000;0.0000;0.0000;0.0000;0.0000
1953;849.58;777.8500;1115.5000;884.1500;106.3000;31.4823;0.5019;0.0000;-777.8500;0.0000;6.8165;0.0000;-777.8500;0.0000;6.8165;1.0000;0.0000;0.0000;0.0000;0.0000
1954;849.80;782.5500;1119.8000;873.3500;90.8000;26.9236;0.5699;0.0000;-782.5500;0.0000;6.8165;0.0000;-782.5500;0.0000;6.8165;1.0000;0.0000;0.0000;0.0000;0.0000
1955;850.02;792.1000;1116.1000;865.4500;73.3500;22.6389;0.6451;0.0000;-792.1000;0.0000;6.8165;0.0000;-792.1000;0.0000;6.8165;1.0000;0.0000;0.0000;0.0000;0.0000
1956;850.24;790.3500;1113.8500;862.2500;71.9000;22.2257;0.6531;0.0000;-790.3500;0.0000;6.8165;0.0000;-790.3500;0.0000;6.8165;1.0000;0.0000;0.0000;0.0000;0.0000
1957;850.46;783.9000;1102.7500;877.1500;93.2500;29.2457;0.5339;0.0000;-783.9000;0.0000;6.8165;0.0000;-783.9000;0.0000;6.8165;1.0000;0.0000;0.0000;0.0000;0.0000
1958;850.68;798.4000;1137.2000;878.9000;80.5000;23.7603;0.6241;0.0000;-798.4000;0.0000;6.8165;0.0000;-798.4000;0.0000;6.8165;1.0000;0.0000;0.0000;0.0000;0.0000
1959;850.90;780.3500;1118.0500;885.7500;105.4000;31.2111;0.5057;0.0000;-780.3500;0.0000;6.8165;0.0000;-780.3500;0.0000;6.8165;1.0000;0.0000;0.0000;0.0000;0.0000
1960;851.12;785.6000;1119.9000;872.9500;87.3500;26.1292;0.5829;0.0000;-785.6000;0.0000;6.8165;0.0000;-785.6000;0.0000;6.8165;1.0000;0.0000;0.0000;0.0000;0.0000
1961;851.34;783.3000;1113.1000;871.9500;88.6500;26.8799;0.5706;0.0000;-783.3000;0.0000;6.8165;0.0000;-783.3000;0.0000;6.8165;1.0000;0.0000;0.0000;0.0000;0.0000
1962;851.56;788.1500;1135.2500;877.3000;89.1500;25.6842;0.5903;0.0000;-788.1500;0.0000;6.8165;0.0000;-788.1500;0.0000;6.8165;1.0000;0.0000;0.0000;0.0000;0.0000
1963;851.78;784.6000;1108.9000;874.3000;89.7000;27.6596;0.5582;0.0000;-784.6000;0.0000;6.8165;0.0000;-784.6000;0.0000;6.8165;1.0000;0.0000;0.0000;0.0000;0.0000
1964;852.00;800.0000;1115.2500;872.5500;72.5500;23.0135;0.6380;0.0000;-800.0000;0.0000;6.8165;0.0000;-800.0000;0.0000;6.8165;1.0000;0.0000;0.0000;0.0000;0.0000
1965;852.21;785.5500;1116.9500;876.2500;90.7000;27.3687;0.5627;0.0000;-785.5500;0.0000;6.8165;0.0000;-785.5500;0.0000;6.8165;1.0000;0.0000;0.0000;0.0000;0.0000
1966;852.43;784.1000;1118.7000;887.6500;103.5500;30.9474;0.5094;0.0000;-784.1000;0.0000;6.8165;0.0000;-784.1000;0.0000;6.8165;1.0000;0.0000;0.0000;0.0000;0.0000
1967;852.65;794.9500;1123.2000;881.4000;86.4500;26.3366;0.5794;0.0000;-794.9500;0.0000;6.8165;0.0000;-794.9500;0.0000;6.8165;1.0000;0.0000;0.0000;0.0000;0.0000
1968;852.87;788.4000;1124.6000;855.7000;67.3000;20.0178;0.6986;0.0000;-788.4000;0.0000;6.8165;0.0000;-788.4000;0.0000;6.8165;1.0000;0.0000;0.0000;0.0000;0.0000
1969;853.09;792.0000;1107.4000;880.7000;88.7000;28.1230;0.5509;0.0000;-792.0000;0.0000;6.8165;0.0000;-792.0000;0.0000;6.8165;1.0000;0.0000;0.0000;0.0000;0.0000
1970;853.31;780.0000;1116.8500;872.8500;92.8500;27.5642;0.5597;0.0000;-780.0000;0.0000;6.8165;0.0000;-780.0000;0.0000;6.8165;1.0000;0.0000;0.0000;0.0000;0.0000
1971;853.53;785.2500;1092.1000;875.9500;90.7000;29.5584;0.5293;0.0000;-785.2500;0.0000;6.8165;0.0000;-785.2500;0.0000;6.8165;1.0000;0.0000;0.0000;0.0000;0.0000
1972;853.74;780.2000;1095.5500;876.3500;96.1500;30.4899;0.5158;0.0000;-780.2000;0.0000;6.8165;0.0000;-780.2000;0.0000;6.8165;1.0000;0.0000;0.0000;0.0000;0.0000
1973;853.96;780.1500;1101.8000;871.8500;91.7000;28.5092;0.5450;0.0000;-780.1500;0.0000;6.8165;0.0000;-780.1500;0.0000;6.8165;1.0000;0.0000;0.0000;0.0000;0.0000
1974;854.18;778.5000;1093.7000;872.1500;93.6500;29.7113;0.5271;0.0000;-778.5000;0.0000;6.8165;0.0000;-778.5000;0.0000;6.8165;1.0000;0.0000;0.0000;0.0000;0.0000
1975;854.40;781.9500;1103.2000;874.3500;92.4000;28.7626;0.5412;0.0000;-781.9500;0.0000;6.8165;0.0000;-781.9500;0.0000;6.8165;1.0000;0.0000;0.0000;0.0000;0.0000
1976;854.62;779.9000;1084.6500;855.0000;75.1000;24.6432;0.6083;0.0000;-779.9000;0.0000;6.8165;0.0000;-779.9000;0.0000;6.8165;1.0000;0.0000;0.0000;0.0000;0.0000
1977;854.83;782.8000;1095.1500;874.0500;91.2500;29.2140;0.5344;0.0000;-782.8000;0.0000;6.8165;0.0000;-782.8000;0.0000;6.8165;1.0000;0.0000;0.0000;0.0000;0.0000
1978;855.05;787.9500;1094.9000;858.1500;70.2000;22.8702;0.6407;0.0000;-787.9500;0.0000;6.8165;0.0000;-787.9500;0.0000;6.8165;1.0000;0.0000;0.0000;0.0000;0.0000
1979;855.27;772.5500;1087.7500;858.5000;85.9500;27.2684;0.5643;0.0000;-772.5500;0.0000;6.8165;0.0000;-772.5500;0.0000;6.8165;1.0000;0.0000;0.0000;0.0000;0.0000
1980;855.49;782.3000;1093.6500;859.0500;76.7500;24.6507;0.6082;0.0000;-782.3000;0.0000;6.8165;0.0000;-782.3000;0.0000;6.8165;1.0000;0.0000;0.0000;0.0000;0.0000
1981;855.71;790.1500;1093.9000;858.5000;68.3500;22.5021;0.6478;0.0000;-790.1500;0.0000;6.8165;0.0000;-790.1500;0.0000;6.8165;1.0000;0.0000;0.0000;0.0000;0.0000
1982;855.92;783.1500;1073.7000;856.1000;72.9500;25.1076;0.6002;0.0000;-783.1500;0.0000;6.8165;0.0000;-783.1500;0.0000;6.8165;1.0000;0.0000;0.0000;0.0000;0.0000
1983;856.14;791.4000;1089.9500;860.1000;68.7000;23.0112;0.6381;0.0000;-791.4000;0.0000;6.8165;0.0000;-791.4000;0.0000;6.8165;1.0000;0.0000;0.0000;0.0000;0.0000
1984;856.36;776.9500;1085.3500;861.1500;84.2000;27.3022;0.5638;0.0000;-776.9500;0.0000;6.8165;0.0000;-776.9500;0.0000;6.8165;1.0000;0.0000;0.0000;0.0000;0.0000
1985;856.57;777.4000;1089.7500;858.6500;81.2500;26.0125;0.5848;0.0000;-777.4000;0.0000;6.8165;0.0000;-777.4000;0.0000;6.8165;1.0000;0.0000;0.0000;0.0000;0.0000
1986;856.79;786.1500;1079.2500;851.2000;65.0500;22.1938;0.6538;0.0000;-786.1500;0.0000;6.8165;0.0000;-786.1500;0.0000;6.8165;1.0000;0.0000;0.0000;0.0000;0.0000
1987;857.01;779.9500;1094.8500;856.6000;76.6500;24.3411;0.6137;0.0000;-779.9500;0.0000;6.8165;0.0000;-779.9500;0.0000;6.8165;1.0000;0.0000;0.0000;0.0000;0.0000
1988;857.22;789.8000;1091.7500;865.7000;75.9000;25.1366;0.5997;0.0000;-789.8000;0.0000;6.8165;0.0000;-789.8000;0.0000;6.8165;1.0000;0.0000;0.0000;0.0000;0.0000
1989;857.44;784.9500;1084.6000;855.2000;70.2500;23.4440;0.6300;0.0000;-784.9500;0.0000;6.8165;0.0000;-784.9500;0.0000;6.8165;1.0000;0.0000;0.0000;0.0000;0.0000
1990;857.66;779.3000;1095.8000;852.1500;72.8500;23.0174;0.6379;0.0000;-779.3000;0.0000;6.8165;0.0000;-779.3000;0.0000;6.8165;1.0000;0.0000;0.0000;0.0000;0.0000
1991;857.87;785.4000;1071.2000;843.8000;58.4000;20.4339;0.6896;0.0000;-785.4000;0.0000;6.8165;0.0000;-785.4000;0.0000;6.8165;1.0000;0.0000;0.0000;0.0000;0.0000
1992;858.09;778.0500;1067.3500;846.2500;68.2000;23.5741;0.6276;0.0000;-778.0500;0.0000;6.8165;0.0000;-778.0500;0.0000;6.8165;1.0000;0.0000;0.0000;0.0000;0.0000
1993;858.31;783.3000;1079.8000;857.8500;74.5500;25.1433;0.5996;0.0000;-783.3000;0.0000;6.8165;0.0000;-783.3000;0.0000;6.8165;1.0000;0.0000;0.0000;0.0000;0.0000
1994;858.52;787.1500;1068.7500;858.2500;71.1000;25.2486;0.5978;0.0000;-787.1500;0.0000;6.8165;0.0000;-787.1500;0.0000;6.8165;1.0000;0.0000;0.0000;0.0000;0.0000
1995;858.74;783.6000;1081.4500;868.5500;84.9500;28.5211;0.5448;0.0000;-783.6000;0.0000;6.8165;0.0000;-783.6000;0.0000;6.8165;1.0000;0.0000;0.0000;0.0000;0.0000
1996;858.95;789.5000;1079.3000;865.4500;75.9500;26.2077;0.5816;0.0000;-789.5000;0.0000;6.8165;0.0000;-789.5000;0.0000;6.8165;1.0000;0.0000;0.0000;0.0000;0.0000
1997;859.17;785.7000;1075.8500;844.2000;58.5000;20.1620;0.6955;0.0000;-785.7000;0.0000;6.8165;0.0000;-785.7000;0.0000;6.8165;1.0000;0.0000;0.0000;0.0000;0.0000
1998;859.39;782.1000;1067.7000;852.2500;70.1500;24.5623;0.6097;0.0000;-782.1000;0.0000;6.8165;0.0000;-782.1000;0.0000;6.8165;1.0000;0.0000;0.0000;0.0000;0.0000
1999;859.60;789.3000;1080.4000;862.0500;72.7500;24.9914;0.6022;0.0000;-789.3000;0.0000;6.8165;0.0000;-789.3000;0.0000;6.8165;1.0000;0.0000;0.0000;0.0000;0.0000
2000;859.82;798.1500;1061.8500;863.8500;65.7000;24.9147;0.6035;0.0000;-798.1500;0.0000;6.8165;0.0000;-798.1500;0.0000;6.8165;1.0000;0.0000;0.0000;0.0000;0.0000
2001;860.03;801.4000;1073.9000;861.1000;59.7000;21.9083;0.6594;0.0000;-801.4000;0.0000;6.8165;0.0000;-801.4000;0.0000;6.8165;1.0000;0.0000;0.0000;0.0000;0.0000
2002;860.25;793.6000;1071.4000;847.0500;53.4500;19.2405;0.7158;0.0000;-793.6000;0.0000;6.8165;0.0000;-793.6000;0.0000;6.8165;1.0000;0.0000;0.0000;0.0000;0.0000
2003;860.46;777.4500;1064.0500;851.3500;73.9000;25.7851;0.5886;0.0000;-777.4500;0.0000;6.8165;0.0000;-777.4500;0.0000;6.8165;1.0000;0.0000;0.0000;0.0000;0.0000
2004;860.68;792.3500;1061.5000;852.3000;59.9500;22.2738;0.6522;0.0000;-792.3500;0.0000;6.8165;0.0000;-792.3500;0.0000;6.8165;1.0000;0.0000;0.0000;0.0000;0.0000
2005;860.89;786.2000;1043.0500;848.3500;62.1500;24.1970;0.6162;0.0000;-786.2000;0.0000;6.8165;0.0000;-786.2000;0.0000;6.8165;1.0000;0.0000;0.0000;0.0000;0.0000
2006;861.11;787.4000;1063.9500;836.8500;49.4500;17.8810;0.7476;0.0000;-787.4000;0.0000;6.8165;0.0000;-787.4000;0.0000;6.8165;1.0000;0.0000;0.0000;0.0000;0.0000
2007;861.32;784.9500;1041.4000;839.1500;54.2000;21.1347;0.6750;0.0000;-784.9500;0.0000;6.8165;0.0000;-784.9500;0.0000;6.8165;1.0000;0.0000;0.0000;0.0000;0.0000
2008;861.54;799.0500;1052.0000;833.7500;34.7000;13.7181;0.8627;0.0000;-799.0500;0.0000;6.8165;0.0000;-799.0500;0.0000;6.8165;1.0000;0.0000;0.0000;0.0000;0.0000
2009;861.75;791.3500;1046.7500;843.1500;51.8000;20.2819;0.6929;0.0000;-791.3500;0.0000;6.8165;0.0000;-791.3500;0.0000;6.8165;1.0000;0.0000;0.0000;0.0000;0.0000
2010;861.96;778.3000;1032.2500;831.5500;53.2500;20.9687;0.6784;0.0000;-778.3000;0.0000;6.8165;0.0000;-778.3000;0.0000;6.8165;1.0000;0.0000;0.0000;0.0000;0.0000
2011;862.18;769.2500;1046.3500;841.1500;71.9000;25.9473;0.5859;0.0000;-769.2500;0.0000;6.8165;0.0000;-769.2500;0.0000;6.8165;1.0000;0.0000;0.0000;0.0000;0.0000
2012;862.39;786.3000;1040.0500;843.8500;57.5500;22.6798;0.6444;0.0000;-786.3000;0.0000;6.8165;0.0000;-786.3000;0.0000;6.8165;1.0000;0.0000;0.0000;0.0000;0.0000
2013;862.61;790.7000;1036.6500;840.1000;49.4000;20.0854;0.6971;0.0000;-790.7000;0.0000;6.8165;0.0000;-790.7000;0.0000;6.8165;1.0000;0.0000;0.0000;0.0000;0.0000
2014;862.82;774.9500;1027.4500;834.5500;59.6000;23.6040;0.6270;0.0000;-774.9500;0.0000;6.8165;0.0000;-774.9500;0.0000;6.8165;1.0000;0.0000;0.0000;0.0000;0.0000
2015;863.03;781.1000;1027.4500;848.4000;67.3000;27.3189;0.5635;0.0000;-781.1000;0.0000;6.8165;0.0000;-781.1000;0.0000;6.8165;1.0000;0.0000;0.0000;0.0000;0.0000
2016;863.25;778.9500;1040.9500;843.7500;64.8000;24.7328;0.6067;0.0000;-778.9500;0.0000;6.8165;0.0000;-778.9500;0.0000;6.8165;1.0000;0.0000;0.0000;0.0000;0.0000
2017;863.46;781.8500;1026.9000;840.9000;59.0500;24.0971;0.6180;0.0000;-781.8500;0.0000;6.8165;0.0000;-781.8500;0.0000;6.8165;1.0000;0.0000;0.0000;0.0000;0.0000
2018;863.68;768.7000;1017.2500;844.2500;75.5500;30.3963;0.5172;0.0000;-768.7000;0.0000;6.8165;0.0000;-768.7000;0.0000;6.8165;1.0000;0.0000;0.0000;0.0000;0.0000
2019;863.89;770.2500;1023.8500;841.5000;71.2500;28.0954;0.5514;0.0000;-770.2500;0.0000;6.8165;0.0000;-770.2500;0.0000;6.8165;1.0000;0.0000;0.0000;0.0000;0.0000
2020;864.10;797.5500;1019.3500;826.6500;29.1000;13.1199;0.8821;0.0000;-797.5500;0.0000;6.8165;0.0000;-797.5500;0.0000;6.8165;1.0000;0.0000;0.0000;0.0000;0.0000
2021;864.32;790.9500;1019.4500;833.0000;42.0500;18.4026;0.7351;0.0000;-790.9500;0.0000;6.8165;0.0000;-790.9500;0.0000;6.8165;1.0000;0.0000;0.0000;0.0000;0.0000
2022;864.53;778.5000;1011.5500;824.2500;45.7500;19.6310;0.7071;0.0000;-778.5000;0.0000;6.8165;0.0000;-778.5000;0.0000;6.8165;1.0000;0.0000;0.0000;0.0000;0.0000
2023;864.74;794.9000;1011.9500;832.9000;38.0000;17.5075;0.7568;0.0000;-794.9000;0.0000;6.8165;0.0000;-794.9000;0.0000;6.8165;1.0000;0.0000;0.0000;0.0000;0.0000
2024;864.95;785.8500;1035.5500;826.8000;40.9500;16.3997;0.7852;0.0000;-785.8500;0.0000;6.8165;0.0000;-785.8500;0.0000;6.8165;1.0000;0.0000;0.0000;0.0000;0.0000
2025;865.17;792.1000;1019.6000;816.8000;24.7000;10.8571;0.9643;0.0000;-792.1000;0.0000;6.8165;0.0000;-792.1000;0.0000;6.8165;1.0000;0.0000;0.0000;0.0000;0.0000
2026;865.38;794.3500;1026.7000;818.3000;23.9500;10.3077;0.9868;0.0000;-794.3500;0.0000;6.8165;0.0000;-794.3500;0.0000;6.8165;1.0000;0.0000;0.0000;0.0000;0.0000
2027;865.59;786.3500;1013.2500;835.0000;48.6500;21.4412;0.6688;0.0000;-786.3500;0.0000;6.8165;0.0000;-786.3500;0.0000;6.8165;1.0000;0.0000;0.0000;0.0000;0.0000
2028;865.81;793.8500;1005.7500;822.2500;28.4000;13.4025;0.8728;0.0000;-793.8500;0.0000;6.8165;0.0000;-793.8500;0.0000;6.8165;1.0000;0.0000;0.0000;0.0000;0.0000
2029;866.02;769.8500;1011.7500;831.9000;62.0500;25.6511;0.5909;0.0000;-769.8500;0.0000;6.8165;0.0000;-769.8500;0.0000;6.8165;1.0000;0.0000;0.0000;0.0000;0.0000
2030;866.23;778.9500;999.9500;826.2500;47.3000;21.4027;0.6695;0.0000;-778.9500;0.0000;6.8165;0.0000;-778.9500;0.0000;6.8165;1.0000;0.0000;0.0000;0.0000;0.0000
2031;866.44;780.2000;1009.7500;838.5000;58.3000;25.3975;0.5952;0.0000;-780.2000;0.0000;6.8165;0.0000;-780.2000;0.0000;6.8165;1.0000;0.0000;0.0000;0.0000;0.0000
2032;866.65;776.6500;1007.1500;824.2000;47.5500;20.6291;0.6855;0.0000;-776.6500;0.0000;6.8165;0.0000;-776.6500;0.0000;6.8165;1.0000;0.0000;0.0000;0.0000;0.0000
2033;866.87;767.8500;998.1000;840.9000;73.0500;31.7264;0.4986;0.0000;-767.8500;0.0000;6.8165;0.0000;-767.8500;0.0000;6.8165;1.0000;0.0000;0.0000;0.0000;0.0000
2034;867.08;791.7000;1005.7000;847.8500;56.1500;26.2383;0.5811;0.0000;-791.7000;0.0000;6.8165;0.0000;-791.7000;0.0000;6.8165;1.0000;0.0000;0.0000;0.0000;0.0000
2035;867.29;786.4000;1001.0500;829.6500;43.2500;20.1491;0.6957;0.0000;-786.4000;0.0000;6.8165;0.0000;-786.4000;0.0000;6.8165;1.0000;0.0000;0.0000;0.0000;0.0000
2036;867.50;779.2000;1015.1500;837.0500;57.8500;24.5179;0.6105;0.0000;-779.2000;0.0000;6.8165;0.0000;-779.2000;0.0000;6.8165;1.0000;0.0000;0.0000;0.0000;0.0000
2037;867.71;787.1500;999.9000;835.8500;48.7000;22.8907;0.6403;0.0000;-787.1500;0.0000;6.8165;0.0000;-787.1500;0.0000;6.8165;1.0000;0.0000;0.0000;0.0000;0.0000
2038;867.92;774.5500;1004.4000;822.8500;48.3000;21.0137;0.6775;0.0000;-774.5500;0.0000;6.8165;0.0000;-774.5500;0.0000;6.8165;1.0000;0.0000;0.0000;0.0000;0.0000
2039;868.14;781.7000;989.7000;825.2500;43.5500;20.9375;0.6791;0.0000;-781.7000;0.0000;6.8165;0.0000;-781.7000;0.0000;6.8165;1.0000;0.0000;0.0000;0.0000;0.0000
2040;868.35;790.3500;998.7000;807.4500;17.1000;8.2073;1.0858;0.0000;-790.3500;0.0000;6.8165;0.0000;-790.3500;0.0000;6.8165;1.0000;0.0000;0.0000;0.0000;0.0000
2041;868.56;782.4500;978.1500;812.8000;30.3500;15.5084;0.8094;0.0000;-782.4500;0.0000;6.8165;0.0000;-782.4500;0.0000;6.8165;1.0000;0.0000;0.0000;0.0000;0.0000
2042;868.77;791.5000;1008.0500;819.7000;28.2000;13.0224;0.8853;0.0000;-791.5000;0.0000;6.8165;0.0000;-791.5000;0.0000;6.8165;1.0000;0.0000;0.0000;0.0000;0.0000
2043;868.98;771.2000;993.4500;808.5000;37.3000;16.7829;0.7751;0.0000;-771.2000;0.0000;6.8165;0.0000;-771.2000;0.0000;6.8165;1.0000;0.0000;0.0000;0.0000;0.0000
2044;869.19;794.3500;1007.3500;823.2500;28.9000;13.5681;0.8675;0.0000;-794.3500;0.0000;6.8165;0.0000;-794.3500;0.0000;6.8165;1.0000;0.0000;0.0000;0.0000;0.0000
2045;869.40;773.9000;971.4500;820.6000;46.7000;23.6396;0.6264;0.0000;-773.9000;0.0000;6.8165;0.0000;-773.9000;0.0000;6.8165;1.0000;0.0000;0.0000;0.0000;0.0000
2046;869.61;780.0500;1003.5500;837.7500;57.7000;25.8166;0.5881;0.0000;-780.0500;0.0000;6.8165;0.0000;-780.0500;0.0000;6.8165;1.0000;0.0000;0.0000;0.0000;0.0000
2047;869.82;784.0000;1003.1500;824.7500;40.7500;18.5946;0.7306;0.0000;-784.0000;0.0000;6.8165;0.0000;-784.0000;0.0000;6.8165;1.0000;0.0000;0.0000;0.0000;0.0000
