Date;2006-12-03 13:20:18
title;IBD
model;BTC112
c code;IBD
operator;
port1;0
baud1;3
pixel_start;0
pixel_end;2047
step;1
units;1
bkcolor;16777215
show_mode;0
data_mode;0
pixel_mode;0
intigration times;5
average number;20
spectrometer_type ;14
yaxis;1
yaxis_min;0
yaxis_max;65535
xaxis;1
xaxis_min;0
xaxis_max;2047
coefs_a0;231.943084241822
coefs_a1;0.406994147595924
coefs_a2;-4.3775084135389E-5
coefs_a3;-1.3768865065993E-9
coefs_b0;-728.069070757367
coefs_b1;3.36508502946526
coefs_b2;-0.0019617714298974
coefs_b3;2.01154622732E-6
all_data_save;1
select_option;-1
interval_time;50
pixel_num;2048
sel_pixel_start;0
sel_pixel_end;2047
sel_pixel_delta;1
dark_compensate;0
dark_compensate_value_1;0
dark_compensate_value_2;0
dark_compensate_value_3;0
monitor pixel_0;0
monitor pixel_1;0
monitor pixel_2;0
monitor pixel_3;0
monitor pixel_4;0
monitor pixel_5;0
vertical_line3_wv;250
vertical_line4_wv;250
vertical_line_flag;0
vertical_line_ratio;0
overlay_js;0
Pixel;Wavelength;Dark;Reference;Raw data #1;Dark Subtracted #1;%TR #1;Absorbance #1;Raw data #2;Dark Subtracted #2;%TR #2;Absorbance #2;Raw data #3;Dark Subtracted #3;%TR #3;Absorbance #3;Errands Ref;Errands Fit;Irradiance_1;Irradiance_2;Irradiance_3
0;231.94;782.0500;781.2000;776.5000;-5.5500;110.0000;-0.0414;0.0000;-782.0500;110.0000;-0.0414;0.0000;-782.0500;110.0000;-0.0414;1.0000;0.0000;0.0000;0.0000;0.0000
1;232.35;782.0500;781.2000;776.5000;-5.5500;110.0000;-0.0414;0.0000;-782.0500;110.0000;-0.0414;0.0000;-782.0500;110.0000;-0.0414;1.0000;0.0000;0.0000;0.0000;0.0000
2;232.76;785.2500;784.8000;775.5500;-9.7000;110.0000;-0.0414;0.0000;-785.2500;110.0000;-0.0414;0.0000;-785.2500;110.0000;-0.0414;1.0000;0.0000;0.0000;0.0000;0.0000
3;233.16;738.4000;747.1000;751.4000;13.0000;110.0000;-0.0414;0.0000;-738.4000;0.0000;6.8165;0.0000;-738.4000;0.0000;6.8165;1.0000;0.0000;0.0000;0.0000;0.0000
4;233.57;795.0000;782.1000;774.5500;-20.4500;110.0000;-0.0414;0.0000;-795.0000;110.0000;-0.0414;0.0000;-795.0000;110.0000;-0.0414;1.0000;0.0000;0.0000;0.0000;0.0000
5;233.98;788.2000;796.1000;785.7500;-2.4500;0.0000;6.8165;0.0000;-788.2000;110.0000;-0.0414;0.0000;-788.2000;110.0000;-0.0414;1.0000;0.0000;0.0000;0.0000;0.0000
6;234.38;789.6000;776.0500;780.7500;-8.8500;65.3137;0.1850;0.0000;-789.6000;110.0000;-0.0414;0.0000;-789.6000;110.0000;-0.0414;1.0000;0.0000;0.0000;0.0000;0.0000
7;234.79;815.2000;780.4000;780.2500;-34.9500;100.4310;-0.0019;0.0000;-815.2000;110.0000;-0.0414;0.0000;-815.2000;110.0000;-0.0414;1.0000;0.0000;0.0000;0.0000;0.0000
8;235.20;809.9500;775.5000;764.4500;-45.5000;110.0000;-0.0414;0.0000;-809.9500;110.0000;-0.0414;0.0000;-809.9500;110.0000;-0.0414;1.0000;0.0000;0.0000;0.0000;0.0000
9;235.60;796.0000;795.1000;780.2500;-15.7500;110.0000;-0.0414;0.0000;-796.0000;110.0000;-0.0414;0.0000;-796.0000;110.0000;-0.0414;1.0000;0.0000;0.0000;0.0000;0.0000
10;236.01;786.6000;782.2000;778.7000;-7.9000;110.0000;-0.0414;0.0000;-786.6000;110.0000;-0.0414;0.0000;-786.6000;110.0000;-0.0414;1.0000;0.0000;0.0000;0.0000;0.0000
11;236.41;799.6500;780.0500;782.8500;-16.8000;85.7143;0.0669;0.0000;-799.6500;110.0000;-0.0414;0.0000;-799.6500;110.0000;-0.0414;1.0000;0.0000;0.0000;0.0000;0.0000
12;236.82;790.1500;788.9500;783.3000;-6.8500;110.0000;-0.0414;0.0000;-790.1500;0.0000;6.8165;0.0000;-790.1500;0.0000;6.8165;1.0000;0.0000;0.0000;0.0000;0.0000
13;237.23;798.5000;775.5500;792.9000;-5.6000;24.4009;0.6126;0.0000;-798.5000;110.0000;-0.0414;0.0000;-798.5000;110.0000;-0.0414;1.0000;0.0000;0.0000;0.0000;0.0000
14;237.63;798.7500;751.9500;768.7500;-30.0000;64.1026;0.1931;0.0000;-798.7500;110.0000;-0.0414;0.0000;-798.7500;110.0000;-0.0414;1.0000;0.0000;0.0000;0.0000;0.0000
15;238.04;786.8500;791.7500;795.6500;8.8000;110.0000;-0.0414;0.0000;-786.8500;110.0000;-0.0414;0.0000;-786.8500;110.0000;-0.0414;1.0000;0.0000;0.0000;0.0000;0.0000
16;238.44;797.8500;773.8500;766.7000;-31.1500;110.0000;-0.0414;0.0000;-797.8500;110.0000;-0.0414;0.0000;-797.8500;110.0000;-0.0414;1.0000;0.0000;0.0000;0.0000;0.0000
17;238.85;788.6500;779.4500;772.5500;-16.1000;110.0000;-0.0414;0.0000;-788.6500;110.0000;-0.0414;0.0000;-788.6500;110.0000;-0.0414;1.0000;0.0000;0.0000;0.0000;0.0000
18;239.25;802.4000;780.5500;785.4000;-17.0000;77.8032;0.1090;0.0000;-802.4000;110.0000;-0.0414;0.0000;-802.4000;110.0000;-0.0414;1.0000;0.0000;0.0000;0.0000;0.0000
19;239.66;782.8500;761.9000;774.8500;-8.0000;38.1862;0.4181;0.0000;-782.8500;110.0000;-0.0414;0.0000;-782.8500;110.0000;-0.0414;1.0000;0.0000;0.0000;0.0000;0.0000
20;240.07;775.7000;758.0000;782.6500;6.9500;0.0000;6.8165;0.0000;-775.7000;110.0000;-0.0414;0.0000;-775.7000;110.0000;-0.0414;1.0000;0.0000;0.0000;0.0000;0.0000
21;240.47;781.7000;777.0000;777.7500;-3.9500;84.0426;0.0755;0.0000;-781.7000;110.0000;-0.0414;0.0000;-781.7000;110.0000;-0.0414;1.0000;0.0000;0.0000;0.0000;0.0000
22;240.88;789.2500;776.0000;773.8000;-15.4500;110.0000;-0.0414;0.0000;-789.2500;110.0000;-0.0414;0.0000;-789.2500;110.0000;-0.0414;1.0000;0.0000;0.0000;0.0000;0.0000
23;241.28;770.8000;792.2000;775.0500;4.2500;19.8598;0.7020;0.0000;-770.8000;0.0000;6.8165;0.0000;-770.8000;0.0000;6.8165;1.0000;0.0000;0.0000;0.0000;0.0000
24;241.69;792.3500;775.7000;767.2500;-25.1000;110.0000;-0.0414;0.0000;-792.3500;110.0000;-0.0414;0.0000;-792.3500;110.0000;-0.0414;1.0000;0.0000;0.0000;0.0000;0.0000
25;242.09;790.1000;765.4000;769.3500;-20.7500;84.0081;0.0757;0.0000;-790.1000;110.0000;-0.0414;0.0000;-790.1000;110.0000;-0.0414;1.0000;0.0000;0.0000;0.0000;0.0000
26;242.50;790.4500;781.4500;771.7500;-18.7000;110.0000;-0.0414;0.0000;-790.4500;110.0000;-0.0414;0.0000;-790.4500;110.0000;-0.0414;1.0000;0.0000;0.0000;0.0000;0.0000
27;242.90;786.4500;787.9500;759.6000;-26.8500;0.0000;6.8165;0.0000;-786.4500;110.0000;-0.0414;0.0000;-786.4500;110.0000;-0.0414;1.0000;0.0000;0.0000;0.0000;0.0000
28;243.30;788.4000;786.5000;767.2000;-21.2000;110.0000;-0.0414;0.0000;-788.4000;110.0000;-0.0414;0.0000;-788.4000;110.0000;-0.0414;1.0000;0.0000;0.0000;0.0000;0.0000
29;243.71;791.3000;778.9500;792.6500;1.3500;0.0000;6.8165;0.0000;-791.3000;110.0000;-0.0414;0.0000;-791.3000;110.0000;-0.0414;1.0000;0.0000;0.0000;0.0000;0.0000
30;244.11;785.5500;782.8500;771.3000;-14.2500;110.0000;-0.0414;0.0000;-785.5500;110.0000;-0.0414;0.0000;-785.5500;110.0000;-0.0414;1.0000;0.0000;0.0000;0.0000;0.0000
31;244.52;786.7000;777.1500;763.6500;-23.0500;110.0000;-0.0414;0.0000;-786.7000;110.0000;-0.0414;0.0000;-786.7000;110.0000;-0.0414;1.0000;0.0000;0.0000;0.0000;0.0000
32;244.92;791.0000;769.3000;762.8500;-28.1500;110.0000;-0.0414;0.0000;-791.0000;110.0000;-0.0414;0.0000;-791.0000;110.0000;-0.0414;1.0000;0.0000;0.0000;0.0000;0.0000
33;245.33;788.9000;782.8500;765.1500;-23.7500;110.0000;-0.0414;0.0000;-788.9000;0.0000;6.8165;0.0000;-788.9000;0.0000;6.8165;1.0000;0.0000;0.0000;0.0000;0.0000
34;245.73;769.8000;762.9000;768.4000;-1.4000;20.2899;0.6927;0.0000;-769.8000;0.0000;6.8165;0.0000;-769.8000;0.0000;6.8165;1.0000;0.0000;0.0000;0.0000;0.0000
35;246.13;778.1500;791.4000;765.6000;-12.5500;0.0000;6.8165;0.0000;-778.1500;0.0000;6.8165;0.0000;-778.1500;0.0000;6.8165;1.0000;0.0000;0.0000;0.0000;0.0000
36;246.54;796.3000;854.7000;786.2500;-10.0500;0.0000;6.8165;0.0000;-796.3000;0.0000;6.8165;0.0000;-796.3000;0.0000;6.8165;1.0000;0.0000;0.0000;0.0000;0.0000
37;246.94;783.0500;842.4000;806.7000;23.6500;39.8484;0.3996;0.0000;-783.0500;0.0000;6.8165;0.0000;-783.0500;0.0000;6.8165;1.0000;0.0000;0.0000;0.0000;0.0000
38;247.35;783.4000;852.2500;789.2000;5.8000;8.4241;1.0745;0.0000;-783.4000;0.0000;6.8165;0.0000;-783.4000;0.0000;6.8165;1.0000;0.0000;0.0000;0.0000;0.0000
39;247.75;786.4500;860.8000;781.9500;-4.5000;0.0000;6.8165;0.0000;-786.4500;0.0000;6.8165;0.0000;-786.4500;0.0000;6.8165;1.0000;0.0000;0.0000;0.0000;0.0000
40;248.15;784.7000;857.4500;785.2500;0.5500;0.7560;2.1215;0.0000;-784.7000;0.0000;6.8165;0.0000;-784.7000;0.0000;6.8165;1.0000;0.0000;0.0000;0.0000;0.0000
41;248.56;797.0000;868.9500;785.4500;-11.5500;0.0000;6.8165;0.0000;-797.0000;0.0000;6.8165;0.0000;-797.0000;0.0000;6.8165;1.0000;0.0000;0.0000;0.0000;0.0000
42;248.96;791.6000;841.6500;798.9000;7.3000;14.5854;0.8361;0.0000;-791.6000;0.0000;6.8165;0.0000;-791.6000;0.0000;6.8165;1.0000;0.0000;0.0000;0.0000;0.0000
43;249.36;792.5500;852.1500;776.0000;-16.5500;0.0000;6.8165;0.0000;-792.5500;0.0000;6.8165;0.0000;-792.5500;0.0000;6.8165;1.0000;0.0000;0.0000;0.0000;0.0000
44;249.77;775.2500;841.2500;796.4000;21.1500;32.0455;0.4942;0.0000;-775.2500;0.0000;6.8165;0.0000;-775.2500;0.0000;6.8165;1.0000;0.0000;0.0000;0.0000;0.0000
45;250.17;791.1500;856.3000;802.6500;11.5000;17.6516;0.7532;0.0000;-791.1500;0.0000;6.8165;0.0000;-791.1500;0.0000;6.8165;1.0000;0.0000;0.0000;0.0000;0.0000
46;250.57;788.2500;848.6000;802.0000;13.7500;22.7838;0.6424;0.0000;-788.2500;0.0000;6.8165;0.0000;-788.2500;0.0000;6.8165;1.0000;0.0000;0.0000;0.0000;0.0000
47;250.97;787.5500;854.2500;798.3500;10.8000;16.1919;0.7907;0.0000;-787.5500;0.0000;6.8165;0.0000;-787.5500;0.0000;6.8165;1.0000;0.0000;0.0000;0.0000;0.0000
48;251.38;787.1000;845.0500;792.4500;5.3500;9.2321;1.0347;0.0000;-787.1000;0.0000;6.8165;0.0000;-787.1000;0.0000;6.8165;1.0000;0.0000;0.0000;0.0000;0.0000
49;251.78;791.0000;860.6000;792.8500;1.8500;2.6580;1.5754;0.0000;-791.0000;0.0000;6.8165;0.0000;-791.0000;0.0000;6.8165;1.0000;0.0000;0.0000;0.0000;0.0000
50;252.18;780.6500;866.7000;800.1000;19.4500;22.6031;0.6458;0.0000;-780.6500;0.0000;6.8165;0.0000;-780.6500;0.0000;6.8165;1.0000;0.0000;0.0000;0.0000;0.0000
51;252.59;780.0000;852.7500;784.5000;4.5000;6.1856;1.2086;0.0000;-780.0000;0.0000;6.8165;0.0000;-780.0000;0.0000;6.8165;1.0000;0.0000;0.0000;0.0000;0.0000
52;252.99;783.4500;862.8500;794.0500;10.6000;13.3501;0.8745;0.0000;-783.4500;0.0000;6.8165;0.0000;-783.4500;0.0000;6.8165;1.0000;0.0000;0.0000;0.0000;0.0000
53;253.39;780.7000;854.4500;782.0000;1.3000;1.7627;1.7538;0.0000;-780.7000;0.0000;6.8165;0.0000;-780.7000;0.0000;6.8165;1.0000;0.0000;0.0000;0.0000;0.0000
54;253.79;784.9000;857.7000;787.3500;2.4500;3.3654;1.4730;0.0000;-784.9000;0.0000;6.8165;0.0000;-784.9000;0.0000;6.8165;1.0000;0.0000;0.0000;0.0000;0.0000
55;254.20;780.9500;862.9000;804.8500;23.9000;29.1641;0.5352;0.0000;-780.9500;0.0000;6.8165;0.0000;-780.9500;0.0000;6.8165;1.0000;0.0000;0.0000;0.0000;0.0000
56;254.60;787.2000;854.3000;805.0500;17.8500;26.6021;0.5751;0.0000;-787.2000;0.0000;6.8165;0.0000;-787.2000;0.0000;6.8165;1.0000;0.0000;0.0000;0.0000;0.0000
57;255.00;784.4000;859.8500;791.5500;7.1500;9.4765;1.0234;0.0000;-784.4000;0.0000;6.8165;0.0000;-784.4000;0.0000;6.8165;1.0000;0.0000;0.0000;0.0000;0.0000
58;255.40;794.1500;870.5500;777.7500;-16.4000;0.0000;6.8165;0.0000;-794.1500;0.0000;6.8165;0.0000;-794.1500;0.0000;6.8165;1.0000;0.0000;0.0000;0.0000;0.0000
59;255.80;797.5000;849.8000;784.4000;-13.1000;0.0000;6.8165;0.0000;-797.5000;0.0000;6.8165;0.0000;-797.5000;0.0000;6.8165;1.0000;0.0000;0.0000;0.0000;0.0000
60;256.20;805.6500;840.1500;790.6000;-15.0500;0.0000;6.8165;0.0000;-805.6500;0.0000;6.8165;0.0000;-805.6500;0.0000;6.8165;1.0000;0.0000;0.0000;0.0000;0.0000
61;256.61;793.5000;862.5000;789.7500;-3.7500;0.0000;6.8165;0.0000;-793.5000;0.0000;6.8165;0.0000;-793.5000;0.0000;6.8165;1.0000;0.0000;0.0000;0.0000;0.0000
62;257.01;789.5500;868.4000;802.4500;12.9000;16.3602;0.7862;0.0000;-789.5500;0.0000;6.8165;0.0000;-789.5500;0.0000;6.8165;1.0000;0.0000;0.0000;0.0000;0.0000
63;257.41;787.9000;850.7500;797.7000;9.8000;15.5927;0.8071;0.0000;-787.9000;0.0000;6.8165;0.0000;-787.9000;0.0000;6.8165;1.0000;0.0000;0.0000;0.0000;0.0000
64;257.81;799.6500;860.7000;790.4000;-9.2500;0.0000;6.8165;0.0000;-799.6500;0.0000;6.8165;0.0000;-799.6500;0.0000;6.8165;1.0000;0.0000;0.0000;0.0000;0.0000
65;258.21;790.3500;859.1500;772.1000;-18.2500;0.0000;6.8165;0.0000;-790.3500;0.0000;6.8165;0.0000;-790.3500;0.0000;6.8165;1.0000;0.0000;0.0000;0.0000;0.0000
66;258.61;765.8500;850.7500;789.0000;23.1500;27.2674;0.5644;0.0000;-765.8500;0.0000;6.8165;0.0000;-765.8500;0.0000;6.8165;1.0000;0.0000;0.0000;0.0000;0.0000
67;259.01;790.8000;852.1000;798.4000;7.6000;12.3980;0.9066;0.0000;-790.8000;0.0000;6.8165;0.0000;-790.8000;0.0000;6.8165;1.0000;0.0000;0.0000;0.0000;0.0000
68;259.42;784.4500;866.5500;788.4500;4.0000;4.8721;1.3123;0.0000;-784.4500;0.0000;6.8165;0.0000;-784.4500;0.0000;6.8165;1.0000;0.0000;0.0000;0.0000;0.0000
69;259.82;794.5500;852.5500;798.2500;3.7000;6.3793;1.1952;0.0000;-794.5500;0.0000;6.8165;0.0000;-794.5500;0.0000;6.8165;1.0000;0.0000;0.0000;0.0000;0.0000
70;260.22;803.1500;859.9000;791.4000;-11.7500;0.0000;6.8165;0.0000;-803.1500;0.0000;6.8165;0.0000;-803.1500;0.0000;6.8165;1.0000;0.0000;0.0000;0.0000;0.0000
71;260.62;784.7000;858.6500;784.6500;-0.0500;0.0000;6.8165;0.0000;-784.7000;0.0000;6.8165;0.0000;-784.7000;0.0000;6.8165;1.0000;0.0000;0.0000;0.0000;0.0000
72;261.02;791.5000;847.5500;800.8000;9.3000;16.5923;0.7801;0.0000;-791.5000;0.0000;6.8165;0.0000;-791.5000;0.0000;6.8165;1.0000;0.0000;0.0000;0.0000;0.0000
73;261.42;798.4500;867.4000;792.0500;-6.4000;0.0000;6.8165;0.0000;-798.4500;0.0000;6.8165;0.0000;-798.4500;0.0000;6.8165;1.0000;0.0000;0.0000;0.0000;0.0000
74;261.82;780.9500;850.0000;797.8000;16.8500;24.4026;0.6126;0.0000;-780.9500;0.0000;6.8165;0.0000;-780.9500;0.0000;6.8165;1.0000;0.0000;0.0000;0.0000;0.0000
75;262.22;781.6500;864.3000;798.0000;16.3500;19.7822;0.7037;0.0000;-781.6500;0.0000;6.8165;0.0000;-781.6500;0.0000;6.8165;1.0000;0.0000;0.0000;0.0000;0.0000
76;262.62;794.1000;841.0500;797.0000;2.9000;6.1768;1.2092;0.0000;-794.1000;0.0000;6.8165;0.0000;-794.1000;0.0000;6.8165;1.0000;0.0000;0.0000;0.0000;0.0000
77;263.02;791.0000;852.7000;804.2500;13.2500;21.4749;0.6681;0.0000;-791.0000;0.0000;6.8165;0.0000;-791.0000;0.0000;6.8165;1.0000;0.0000;0.0000;0.0000;0.0000
78;263.42;792.7500;851.0000;790.5500;-2.2000;0.0000;6.8165;0.0000;-792.7500;0.0000;6.8165;0.0000;-792.7500;0.0000;6.8165;1.0000;0.0000;0.0000;0.0000;0.0000
79;263.82;803.7500;865.3500;801.8000;-1.9500;0.0000;6.8165;0.0000;-803.7500;0.0000;6.8165;0.0000;-803.7500;0.0000;6.8165;1.0000;0.0000;0.0000;0.0000;0.0000
80;264.22;790.9500;870.0000;789.4000;-1.5500;0.0000;6.8165;0.0000;-790.9500;0.0000;6.8165;0.0000;-790.9500;0.0000;6.8165;1.0000;0.0000;0.0000;0.0000;0.0000
81;264.62;789.0000;879.9500;783.7500;-5.2500;0.0000;6.8165;0.0000;-789.0000;0.0000;6.8165;0.0000;-789.0000;0.0000;6.8165;1.0000;0.0000;0.0000;0.0000;0.0000
82;265.02;789.8500;858.7500;778.7000;-11.1500;0.0000;6.8165;0.0000;-789.8500;0.0000;6.8165;0.0000;-789.8500;0.0000;6.8165;1.0000;0.0000;0.0000;0.0000;0.0000
83;265.42;784.0500;862.1000;805.3500;21.3000;27.2902;0.5640;0.0000;-784.0500;0.0000;6.8165;0.0000;-784.0500;0.0000;6.8165;1.0000;0.0000;0.0000;0.0000;0.0000
84;265.82;773.9500;856.6500;773.7500;-0.2000;0.0000;6.8165;0.0000;-773.9500;0.0000;6.8165;0.0000;-773.9500;0.0000;6.8165;1.0000;0.0000;0.0000;0.0000;0.0000
85;266.22;784.2500;871.7500;784.8000;0.5500;0.6286;2.2016;0.0000;-784.2500;0.0000;6.8165;0.0000;-784.2500;0.0000;6.8165;1.0000;0.0000;0.0000;0.0000;0.0000
86;266.62;790.4000;874.7000;794.1000;3.7000;4.3891;1.3576;0.0000;-790.4000;0.0000;6.8165;0.0000;-790.4000;0.0000;6.8165;1.0000;0.0000;0.0000;0.0000;0.0000
87;267.02;782.7500;853.9000;777.9500;-4.8000;0.0000;6.8165;0.0000;-782.7500;0.0000;6.8165;0.0000;-782.7500;0.0000;6.8165;1.0000;0.0000;0.0000;0.0000;0.0000
88;267.42;786.6000;856.5000;797.6500;11.0500;15.8083;0.8011;0.0000;-786.6000;0.0000;6.8165;0.0000;-786.6000;0.0000;6.8165;1.0000;0.0000;0.0000;0.0000;0.0000
89;267.82;782.7500;849.2000;801.2500;18.5000;27.8405;0.5553;0.0000;-782.7500;0.0000;6.8165;0.0000;-782.7500;0.0000;6.8165;1.0000;0.0000;0.0000;0.0000;0.0000
90;268.22;795.9000;858.7500;782.2000;-13.7000;0.0000;6.8165;0.0000;-795.9000;0.0000;6.8165;0.0000;-795.9000;0.0000;6.8165;1.0000;0.0000;0.0000;0.0000;0.0000
91;268.62;778.6500;861.6500;796.8500;18.2000;21.9277;0.6590;0.0000;-778.6500;0.0000;6.8165;0.0000;-778.6500;0.0000;6.8165;1.0000;0.0000;0.0000;0.0000;0.0000
92;269.01;787.8000;863.3500;803.5500;15.7500;20.8471;0.6810;0.0000;-787.8000;0.0000;6.8165;0.0000;-787.8000;0.0000;6.8165;1.0000;0.0000;0.0000;0.0000;0.0000
93;269.41;769.2000;885.4500;798.4000;29.2000;25.1183;0.6000;0.0000;-769.2000;0.0000;6.8165;0.0000;-769.2000;0.0000;6.8165;1.0000;0.0000;0.0000;0.0000;0.0000
94;269.81;791.5500;870.8500;781.2500;-10.3000;0.0000;6.8165;0.0000;-791.5500;0.0000;6.8165;0.0000;-791.5500;0.0000;6.8165;1.0000;0.0000;0.0000;0.0000;0.0000
95;270.21;795.0500;858.1000;789.7000;-5.3500;0.0000;6.8165;0.0000;-795.0500;0.0000;6.8165;0.0000;-795.0500;0.0000;6.8165;1.0000;0.0000;0.0000;0.0000;0.0000
96;270.61;788.3500;873.5000;784.2000;-4.1500;0.0000;6.8165;0.0000;-788.3500;0.0000;6.8165;0.0000;-788.3500;0.0000;6.8165;1.0000;0.0000;0.0000;0.0000;0.0000
97;271.01;800.5000;863.5000;804.3000;3.8000;6.0317;1.2196;0.0000;-800.5000;0.0000;6.8165;0.0000;-800.5000;0.0000;6.8165;1.0000;0.0000;0.0000;0.0000;0.0000
98;271.41;782.9000;875.9000;801.3000;18.4000;19.7849;0.7037;0.0000;-782.9000;0.0000;6.8165;0.0000;-782.9000;0.0000;6.8165;1.0000;0.0000;0.0000;0.0000;0.0000
99;271.81;785.6500;858.4500;799.6500;14.0000;19.2308;0.7160;0.0000;-785.6500;0.0000;6.8165;0.0000;-785.6500;0.0000;6.8165;1.0000;0.0000;0.0000;0.0000;0.0000
100;272.20;797.0500;860.8500;797.1500;0.1000;0.1567;2.8048;0.0000;-797.0500;0.0000;6.8165;0.0000;-797.0500;0.0000;6.8165;1.0000;0.0000;0.0000;0.0000;0.0000
101;272.60;779.2500;863.3500;802.9000;23.6500;28.1213;0.5510;0.0000;-779.2500;0.0000;6.8165;0.0000;-779.2500;0.0000;6.8165;1.0000;0.0000;0.0000;0.0000;0.0000
102;273.00;800.4000;859.3000;798.2500;-2.1500;0.0000;6.8165;0.0000;-800.4000;0.0000;6.8165;0.0000;-800.4000;0.0000;6.8165;1.0000;0.0000;0.0000;0.0000;0.0000
103;273.40;790.7500;869.0000;803.8500;13.1000;16.7412;0.7762;0.0000;-790.7500;0.0000;6.8165;0.0000;-790.7500;0.0000;6.8165;1.0000;0.0000;0.0000;0.0000;0.0000
104;273.80;770.9000;859.6500;799.0500;28.1500;31.7183;0.4987;0.0000;-770.9000;0.0000;6.8165;0.0000;-770.9000;0.0000;6.8165;1.0000;0.0000;0.0000;0.0000;0.0000
105;274.19;785.0000;861.3000;811.5500;26.5500;34.7969;0.4585;0.0000;-785.0000;0.0000;6.8165;0.0000;-785.0000;0.0000;6.8165;1.0000;0.0000;0.0000;0.0000;0.0000
106;274.59;791.9000;854.1500;801.8000;9.9000;15.9036;0.7985;0.0000;-791.9000;0.0000;6.8165;0.0000;-791.9000;0.0000;6.8165;1.0000;0.0000;0.0000;0.0000;0.0000
107;274.99;800.4000;871.5000;803.3000;2.9000;4.0788;1.3895;0.0000;-800.4000;0.0000;6.8165;0.0000;-800.4000;0.0000;6.8165;1.0000;0.0000;0.0000;0.0000;0.0000
108;275.39;788.4000;860.7500;802.0000;13.6000;18.7975;0.7259;0.0000;-788.4000;0.0000;6.8165;0.0000;-788.4000;0.0000;6.8165;1.0000;0.0000;0.0000;0.0000;0.0000
109;275.78;764.3500;875.4000;798.9000;34.5500;31.1121;0.5071;0.0000;-764.3500;0.0000;6.8165;0.0000;-764.3500;0.0000;6.8165;1.0000;0.0000;0.0000;0.0000;0.0000
110;276.18;775.9000;870.6000;793.7000;17.8000;18.7962;0.7259;0.0000;-775.9000;0.0000;6.8165;0.0000;-775.9000;0.0000;6.8165;1.0000;0.0000;0.0000;0.0000;0.0000
111;276.58;780.9500;873.6500;777.5000;-3.4500;0.0000;6.8165;0.0000;-780.9500;0.0000;6.8165;0.0000;-780.9500;0.0000;6.8165;1.0000;0.0000;0.0000;0.0000;0.0000
112;276.98;782.4000;868.8500;788.4500;6.0500;6.9983;1.1550;0.0000;-782.4000;0.0000;6.8165;0.0000;-782.4000;0.0000;6.8165;1.0000;0.0000;0.0000;0.0000;0.0000
113;277.37;789.1500;873.4500;796.9500;7.8000;9.2527;1.0337;0.0000;-789.1500;0.0000;6.8165;0.0000;-789.1500;0.0000;6.8165;1.0000;0.0000;0.0000;0.0000;0.0000
114;277.77;783.5000;875.4000;784.5000;1.0000;1.0881;1.9633;0.0000;-783.5000;0.0000;6.8165;0.0000;-783.5000;0.0000;6.8165;1.0000;0.0000;0.0000;0.0000;0.0000
115;278.17;785.7500;865.5500;792.8500;7.1000;8.8972;1.0507;0.0000;-785.7500;0.0000;6.8165;0.0000;-785.7500;0.0000;6.8165;1.0000;0.0000;0.0000;0.0000;0.0000
116;278.56;782.4500;860.6000;798.0500;15.6000;19.9616;0.6998;0.0000;-782.4500;0.0000;6.8165;0.0000;-782.4500;0.0000;6.8165;1.0000;0.0000;0.0000;0.0000;0.0000
117;278.96;797.5000;869.8000;782.1500;-15.3500;0.0000;6.8165;0.0000;-797.5000;0.0000;6.8165;0.0000;-797.5000;0.0000;6.8165;1.0000;0.0000;0.0000;0.0000;0.0000
118;279.36;788.7500;864.9000;792.7000;3.9500;5.1871;1.2851;0.0000;-788.7500;0.0000;6.8165;0.0000;-788.7500;0.0000;6.8165;1.0000;0.0000;0.0000;0.0000;0.0000
119;279.75;792.7000;868.1000;793.6000;0.9000;1.1936;1.9231;0.0000;-792.7000;0.0000;6.8165;0.0000;-792.7000;0.0000;6.8165;1.0000;0.0000;0.0000;0.0000;0.0000
120;280.15;799.0500;879.3500;805.4500;6.4000;7.9701;1.0985;0.0000;-799.0500;0.0000;6.8165;0.0000;-799.0500;0.0000;6.8165;1.0000;0.0000;0.0000;0.0000;0.0000
121;280.55;769.3000;878.1500;797.1500;27.8500;25.5857;0.5920;0.0000;-769.3000;0.0000;6.8165;0.0000;-769.3000;0.0000;6.8165;1.0000;0.0000;0.0000;0.0000;0.0000
122;280.94;785.5000;894.9000;792.6000;7.1000;6.4899;1.1878;0.0000;-785.5000;0.0000;6.8165;0.0000;-785.5000;0.0000;6.8165;1.0000;0.0000;0.0000;0.0000;0.0000
123;281.34;772.8500;869.4000;789.5000;16.6500;17.2450;0.7633;0.0000;-772.8500;0.0000;6.8165;0.0000;-772.8500;0.0000;6.8165;1.0000;0.0000;0.0000;0.0000;0.0000
124;281.73;787.3500;877.1000;792.3000;4.9500;5.5153;1.2584;0.0000;-787.3500;0.0000;6.8165;0.0000;-787.3500;0.0000;6.8165;1.0000;0.0000;0.0000;0.0000;0.0000
125;282.13;794.6000;889.8500;797.1000;2.5000;2.6247;1.5809;0.0000;-794.6000;0.0000;6.8165;0.0000;-794.6000;0.0000;6.8165;1.0000;0.0000;0.0000;0.0000;0.0000
126;282.53;786.0500;886.2500;809.3500;23.3000;23.2535;0.6335;0.0000;-786.0500;0.0000;6.8165;0.0000;-786.0500;0.0000;6.8165;1.0000;0.0000;0.0000;0.0000;0.0000
127;282.92;782.0500;880.4000;809.8000;27.7500;28.2156;0.5495;0.0000;-782.0500;0.0000;6.8165;0.0000;-782.0500;0.0000;6.8165;1.0000;0.0000;0.0000;0.0000;0.0000
128;283.32;786.4500;880.0000;796.1500;9.7000;10.3688;0.9843;0.0000;-786.4500;0.0000;6.8165;0.0000;-786.4500;0.0000;6.8165;1.0000;0.0000;0.0000;0.0000;0.0000
129;283.71;782.6000;886.3500;791.1500;8.5500;8.2410;1.0840;0.0000;-782.6000;0.0000;6.8165;0.0000;-782.6000;0.0000;6.8165;1.0000;0.0000;0.0000;0.0000;0.0000
130;284.11;792.4500;886.6500;799.4000;6.9500;7.3779;1.1321;0.0000;-792.4500;0.0000;6.8165;0.0000;-792.4500;0.0000;6.8165;1.0000;0.0000;0.0000;0.0000;0.0000
131;284.50;795.3500;896.7000;806.8500;11.5000;11.3468;0.9451;0.0000;-795.3500;0.0000;6.8165;0.0000;-795.3500;0.0000;6.8165;1.0000;0.0000;0.0000;0.0000;0.0000
132;284.90;787.9500;892.3000;803.1500;15.2000;14.5664;0.8366;0.0000;-787.9500;0.0000;6.8165;0.0000;-787.9500;0.0000;6.8165;1.0000;0.0000;0.0000;0.0000;0.0000
133;285.30;783.6500;877.1000;798.3500;14.7000;15.7303;0.8033;0.0000;-783.6500;0.0000;6.8165;0.0000;-783.6500;0.0000;6.8165;1.0000;0.0000;0.0000;0.0000;0.0000
134;285.69;779.8000;881.5000;798.9000;19.1000;18.7807;0.7263;0.0000;-779.8000;0.0000;6.8165;0.0000;-779.8000;0.0000;6.8165;1.0000;0.0000;0.0000;0.0000;0.0000
135;286.09;798.8000;893.4500;808.1000;9.3000;9.8257;1.0076;0.0000;-798.8000;0.0000;6.8165;0.0000;-798.8000;0.0000;6.8165;1.0000;0.0000;0.0000;0.0000;0.0000
136;286.48;779.4500;897.2000;811.6500;32.2000;27.3461;0.5631;0.0000;-779.4500;0.0000;6.8165;0.0000;-779.4500;0.0000;6.8165;1.0000;0.0000;0.0000;0.0000;0.0000
137;286.88;785.2500;880.2500;814.4500;29.2000;30.7368;0.5123;0.0000;-785.2500;0.0000;6.8165;0.0000;-785.2500;0.0000;6.8165;1.0000;0.0000;0.0000;0.0000;0.0000
138;287.27;800.9500;894.4500;808.9000;7.9500;8.5027;1.0704;0.0000;-800.9500;0.0000;6.8165;0.0000;-800.9500;0.0000;6.8165;1.0000;0.0000;0.0000;0.0000;0.0000
139;287.67;778.1000;897.2500;816.4000;38.3000;32.1444;0.4929;0.0000;-778.1000;0.0000;6.8165;0.0000;-778.1000;0.0000;6.8165;1.0000;0.0000;0.0000;0.0000;0.0000
140;288.06;777.5000;894.4000;796.4500;18.9500;16.2104;0.7902;0.0000;-777.5000;0.0000;6.8165;0.0000;-777.5000;0.0000;6.8165;1.0000;0.0000;0.0000;0.0000;0.0000
141;288.46;783.3500;880.1000;799.9000;16.5500;17.1059;0.7669;0.0000;-783.3500;0.0000;6.8165;0.0000;-783.3500;0.0000;6.8165;1.0000;0.0000;0.0000;0.0000;0.0000
142;288.85;783.5000;896.4500;794.2500;10.7500;9.5175;1.0215;0.0000;-783.5000;0.0000;6.8165;0.0000;-783.5000;0.0000;6.8165;1.0000;0.0000;0.0000;0.0000;0.0000
143;289.24;786.9000;902.2500;807.2500;20.3500;17.6420;0.7535;0.0000;-786.9000;0.0000;6.8165;0.0000;-786.9000;0.0000;6.8165;1.0000;0.0000;0.0000;0.0000;0.0000
144;289.64;779.0500;905.4000;819.0000;39.9500;31.6185;0.5001;0.0000;-779.0500;0.0000;6.8165;0.0000;-779.0500;0.0000;6.8165;1.0000;0.0000;0.0000;0.0000;0.0000
145;290.03;789.5000;900.5000;823.7000;34.2000;30.8108;0.5113;0.0000;-789.5000;0.0000;6.8165;0.0000;-789.5000;0.0000;6.8165;1.0000;0.0000;0.0000;0.0000;0.0000
146;290.43;784.5500;901.3500;812.1000;27.5500;23.5873;0.6273;0.0000;-784.5500;0.0000;6.8165;0.0000;-784.5500;0.0000;6.8165;1.0000;0.0000;0.0000;0.0000;0.0000
147;290.82;782.2000;904.1000;806.3500;24.1500;19.8113;0.7031;0.0000;-782.2000;0.0000;6.8165;0.0000;-782.2000;0.0000;6.8165;1.0000;0.0000;0.0000;0.0000;0.0000
148;291.21;793.6000;908.3000;802.1000;8.5000;7.4106;1.1301;0.0000;-793.6000;0.0000;6.8165;0.0000;-793.6000;0.0000;6.8165;1.0000;0.0000;0.0000;0.0000;0.0000
149;291.61;785.2000;915.2500;816.6500;31.4500;24.1830;0.6165;0.0000;-785.2000;0.0000;6.8165;0.0000;-785.2000;0.0000;6.8165;1.0000;0.0000;0.0000;0.0000;0.0000
150;292.00;793.3500;903.8000;809.2500;15.9000;14.3957;0.8418;0.0000;-793.3500;0.0000;6.8165;0.0000;-793.3500;0.0000;6.8165;1.0000;0.0000;0.0000;0.0000;0.0000
151;292.40;786.9500;899.8500;806.5000;19.5500;17.3162;0.7615;0.0000;-786.9500;0.0000;6.8165;0.0000;-786.9500;0.0000;6.8165;1.0000;0.0000;0.0000;0.0000;0.0000
152;292.79;793.6500;907.5500;817.0000;23.3500;20.5004;0.6882;0.0000;-793.6500;0.0000;6.8165;0.0000;-793.6500;0.0000;6.8165;1.0000;0.0000;0.0000;0.0000;0.0000
153;293.18;786.4500;907.0500;808.3500;21.9000;18.1592;0.7409;0.0000;-786.4500;0.0000;6.8165;0.0000;-786.4500;0.0000;6.8165;1.0000;0.0000;0.0000;0.0000;0.0000
154;293.58;776.1500;910.2500;821.2500;45.1000;33.6316;0.4733;0.0000;-776.1500;0.0000;6.8165;0.0000;-776.1500;0.0000;6.8165;1.0000;0.0000;0.0000;0.0000;0.0000
155;293.97;788.6000;895.2000;816.7500;28.1500;26.4071;0.5783;0.0000;-788.6000;0.0000;6.8165;0.0000;-788.6000;0.0000;6.8165;1.0000;0.0000;0.0000;0.0000;0.0000
156;294.36;785.5500;921.8000;818.0500;32.5000;23.8532;0.6225;0.0000;-785.5500;0.0000;6.8165;0.0000;-785.5500;0.0000;6.8165;1.0000;0.0000;0.0000;0.0000;0.0000
157;294.76;790.6000;914.0500;818.1000;27.5000;22.2762;0.6522;0.0000;-790.6000;0.0000;6.8165;0.0000;-790.6000;0.0000;6.8165;1.0000;0.0000;0.0000;0.0000;0.0000
158;295.15;770.4500;901.8500;799.5000;29.0500;22.1081;0.6554;0.0000;-770.4500;0.0000;6.8165;0.0000;-770.4500;0.0000;6.8165;1.0000;0.0000;0.0000;0.0000;0.0000
159;295.54;794.4000;909.2000;818.6500;24.2500;21.1237;0.6752;0.0000;-794.4000;0.0000;6.8165;0.0000;-794.4000;0.0000;6.8165;1.0000;0.0000;0.0000;0.0000;0.0000
160;295.94;790.4500;894.2500;801.8000;11.3500;10.9345;0.9612;0.0000;-790.4500;0.0000;6.8165;0.0000;-790.4500;0.0000;6.8165;1.0000;0.0000;0.0000;0.0000;0.0000
161;296.33;789.0000;912.1500;806.3500;17.3500;14.0885;0.8511;0.0000;-789.0000;0.0000;6.8165;0.0000;-789.0000;0.0000;6.8165;1.0000;0.0000;0.0000;0.0000;0.0000
162;296.72;788.6500;909.6000;818.3500;29.7000;24.5556;0.6098;0.0000;-788.6500;0.0000;6.8165;0.0000;-788.6500;0.0000;6.8165;1.0000;0.0000;0.0000;0.0000;0.0000
163;297.11;789.0000;915.2000;806.8500;17.8500;14.1442;0.8494;0.0000;-789.0000;0.0000;6.8165;0.0000;-789.0000;0.0000;6.8165;1.0000;0.0000;0.0000;0.0000;0.0000
164;297.51;778.9500;904.1000;820.6000;41.6500;33.2801;0.4778;0.0000;-778.9500;0.0000;6.8165;0.0000;-778.9500;0.0000;6.8165;1.0000;0.0000;0.0000;0.0000;0.0000
165;297.90;796.9500;911.2500;817.1500;20.2000;17.6728;0.7527;0.0000;-796.9500;0.0000;6.8165;0.0000;-796.9500;0.0000;6.8165;1.0000;0.0000;0.0000;0.0000;0.0000
166;298.29;801.2500;917.7500;821.9500;20.7000;17.7682;0.7504;0.0000;-801.2500;0.0000;6.8165;0.0000;-801.2500;0.0000;6.8165;1.0000;0.0000;0.0000;0.0000;0.0000
167;298.68;786.7000;928.9000;829.1500;42.4500;29.8523;0.5250;0.0000;-786.7000;0.0000;6.8165;0.0000;-786.7000;0.0000;6.8165;1.0000;0.0000;0.0000;0.0000;0.0000
168;299.08;789.9500;920.9000;808.6500;18.7000;14.2803;0.8453;0.0000;-789.9500;0.0000;6.8165;0.0000;-789.9500;0.0000;6.8165;1.0000;0.0000;0.0000;0.0000;0.0000
169;299.47;781.7500;914.5500;820.7500;39.0000;29.3675;0.5321;0.0000;-781.7500;0.0000;6.8165;0.0000;-781.7500;0.0000;6.8165;1.0000;0.0000;0.0000;0.0000;0.0000
170;299.86;768.0500;919.0500;815.4500;47.4000;31.3907;0.5032;0.0000;-768.0500;0.0000;6.8165;0.0000;-768.0500;0.0000;6.8165;1.0000;0.0000;0.0000;0.0000;0.0000
171;300.25;797.3500;909.0500;811.1500;13.8000;12.3545;0.9082;0.0000;-797.3500;0.0000;6.8165;0.0000;-797.3500;0.0000;6.8165;1.0000;0.0000;0.0000;0.0000;0.0000
172;300.64;775.6500;914.7500;822.8500;47.2000;33.9324;0.4694;0.0000;-775.6500;0.0000;6.8165;0.0000;-775.6500;0.0000;6.8165;1.0000;0.0000;0.0000;0.0000;0.0000
173;301.04;787.1000;918.3500;816.9500;29.8500;22.7429;0.6432;0.0000;-787.1000;0.0000;6.8165;0.0000;-787.1000;0.0000;6.8165;1.0000;0.0000;0.0000;0.0000;0.0000
174;301.43;782.8500;905.6000;811.0000;28.1500;22.9328;0.6395;0.0000;-782.8500;0.0000;6.8165;0.0000;-782.8500;0.0000;6.8165;1.0000;0.0000;0.0000;0.0000;0.0000
175;301.82;778.4000;924.2500;807.7500;29.3500;20.1234;0.6963;0.0000;-778.4000;0.0000;6.8165;0.0000;-778.4000;0.0000;6.8165;1.0000;0.0000;0.0000;0.0000;0.0000
176;302.21;768.1500;909.5000;801.9000;33.7500;23.8769;0.6220;0.0000;-768.1500;0.0000;6.8165;0.0000;-768.1500;0.0000;6.8165;1.0000;0.0000;0.0000;0.0000;0.0000
177;302.60;781.8000;908.4500;822.9000;41.1000;32.4516;0.4888;0.0000;-781.8000;0.0000;6.8165;0.0000;-781.8000;0.0000;6.8165;1.0000;0.0000;0.0000;0.0000;0.0000
178;302.99;781.0000;916.4000;819.2000;38.2000;28.2127;0.5496;0.0000;-781.0000;0.0000;6.8165;0.0000;-781.0000;0.0000;6.8165;1.0000;0.0000;0.0000;0.0000;0.0000
179;303.38;778.1500;929.7500;825.9500;47.8000;31.5303;0.5013;0.0000;-778.1500;0.0000;6.8165;0.0000;-778.1500;0.0000;6.8165;1.0000;0.0000;0.0000;0.0000;0.0000
180;303.78;797.0500;927.2500;826.6000;29.5500;22.6959;0.6441;0.0000;-797.0500;0.0000;6.8165;0.0000;-797.0500;0.0000;6.8165;1.0000;0.0000;0.0000;0.0000;0.0000
181;304.17;776.0500;917.1500;810.4500;34.4000;24.3799;0.6130;0.0000;-776.0500;0.0000;6.8165;0.0000;-776.0500;0.0000;6.8165;1.0000;0.0000;0.0000;0.0000;0.0000
182;304.56;782.3000;912.5000;808.1000;25.8000;19.8157;0.7030;0.0000;-782.3000;0.0000;6.8165;0.0000;-782.3000;0.0000;6.8165;1.0000;0.0000;0.0000;0.0000;0.0000
183;304.95;781.1500;926.5000;819.3000;38.1500;26.2470;0.5809;0.0000;-781.1500;0.0000;6.8165;0.0000;-781.1500;0.0000;6.8165;1.0000;0.0000;0.0000;0.0000;0.0000
184;305.34;794.2500;919.1500;813.2500;19.0000;15.2122;0.8178;0.0000;-794.2500;0.0000;6.8165;0.0000;-794.2500;0.0000;6.8165;1.0000;0.0000;0.0000;0.0000;0.0000
185;305.73;789.6500;926.7500;822.9500;33.3000;24.2888;0.6146;0.0000;-789.6500;0.0000;6.8165;0.0000;-789.6500;0.0000;6.8165;1.0000;0.0000;0.0000;0.0000;0.0000
186;306.12;781.2000;923.9500;819.0000;37.8000;26.4799;0.5771;0.0000;-781.2000;0.0000;6.8165;0.0000;-781.2000;0.0000;6.8165;1.0000;0.0000;0.0000;0.0000;0.0000
187;306.51;787.3500;928.3500;812.1000;24.7500;17.5532;0.7556;0.0000;-787.3500;0.0000;6.8165;0.0000;-787.3500;0.0000;6.8165;1.0000;0.0000;0.0000;0.0000;0.0000
188;306.90;788.5500;915.9000;813.3500;24.8000;19.4739;0.7105;0.0000;-788.5500;0.0000;6.8165;0.0000;-788.5500;0.0000;6.8165;1.0000;0.0000;0.0000;0.0000;0.0000
189;307.29;806.1000;915.1000;818.9000;12.8000;11.7431;0.9302;0.0000;-806.1000;0.0000;6.8165;0.0000;-806.1000;0.0000;6.8165;1.0000;0.0000;0.0000;0.0000;0.0000
190;307.68;785.5500;915.3000;814.2500;28.7000;22.1195;0.6552;0.0000;-785.5500;0.0000;6.8165;0.0000;-785.5500;0.0000;6.8165;1.0000;0.0000;0.0000;0.0000;0.0000
191;308.07;782.8500;918.5500;818.0000;35.1500;25.9027;0.5867;0.0000;-782.8500;0.0000;6.8165;0.0000;-782.8500;0.0000;6.8165;1.0000;0.0000;0.0000;0.0000;0.0000
192;308.46;793.1000;924.2500;840.5500;47.4500;36.1799;0.4415;0.0000;-793.1000;0.0000;6.8165;0.0000;-793.1000;0.0000;6.8165;1.0000;0.0000;0.0000;0.0000;0.0000
193;308.85;788.2000;917.5500;814.8500;26.6500;20.6030;0.6861;0.0000;-788.2000;0.0000;6.8165;0.0000;-788.2000;0.0000;6.8165;1.0000;0.0000;0.0000;0.0000;0.0000
194;309.24;794.0000;916.3500;814.7000;20.7000;16.9187;0.7716;0.0000;-794.0000;0.0000;6.8165;0.0000;-794.0000;0.0000;6.8165;1.0000;0.0000;0.0000;0.0000;0.0000
195;309.63;787.9000;928.2500;820.3000;32.4000;23.0851;0.6367;0.0000;-787.9000;0.0000;6.8165;0.0000;-787.9000;0.0000;6.8165;1.0000;0.0000;0.0000;0.0000;0.0000
196;310.02;779.8000;935.0000;816.8000;37.0000;23.8402;0.6227;0.0000;-779.8000;0.0000;6.8165;0.0000;-779.8000;0.0000;6.8165;1.0000;0.0000;0.0000;0.0000;0.0000
197;310.41;790.0500;926.2000;819.2000;29.1500;21.4102;0.6694;0.0000;-790.0500;0.0000;6.8165;0.0000;-790.0500;0.0000;6.8165;1.0000;0.0000;0.0000;0.0000;0.0000
198;310.80;785.8500;935.2000;809.0500;23.2000;15.5340;0.8087;0.0000;-785.8500;0.0000;6.8165;0.0000;-785.8500;0.0000;6.8165;1.0000;0.0000;0.0000;0.0000;0.0000
199;311.19;766.6000;924.8000;824.9500;58.3500;36.8837;0.4332;0.0000;-766.6000;0.0000;6.8165;0.0000;-766.6000;0.0000;6.8165;1.0000;0.0000;0.0000;0.0000;0.0000
200;311.58;782.6000;927.9000;829.9000;47.3000;32.5533;0.4874;0.0000;-782.6000;0.0000;6.8165;0.0000;-782.6000;0.0000;6.8165;1.0000;0.0000;0.0000;0.0000;0.0000
201;311.97;778.8000;938.6500;819.1000;40.3000;25.2111;0.5984;0.0000;-778.8000;0.0000;6.8165;0.0000;-778.8000;0.0000;6.8165;1.0000;0.0000;0.0000;0.0000;0.0000
202;312.36;791.2000;936.5500;816.0500;24.8500;17.0967;0.7671;0.0000;-791.2000;0.0000;6.8165;0.0000;-791.2000;0.0000;6.8165;1.0000;0.0000;0.0000;0.0000;0.0000
203;312.75;779.1000;926.3500;804.5000;25.4000;17.2496;0.7632;0.0000;-779.1000;0.0000;6.8165;0.0000;-779.1000;0.0000;6.8165;1.0000;0.0000;0.0000;0.0000;0.0000
204;313.14;784.8500;921.8500;814.1500;29.3000;21.3869;0.6699;0.0000;-784.8500;0.0000;6.8165;0.0000;-784.8500;0.0000;6.8165;1.0000;0.0000;0.0000;0.0000;0.0000
205;313.53;768.6000;941.1000;822.3000;53.7000;31.1304;0.5068;0.0000;-768.6000;0.0000;6.8165;0.0000;-768.6000;0.0000;6.8165;1.0000;0.0000;0.0000;0.0000;0.0000
206;313.91;788.7500;922.8500;812.1000;23.3500;17.4124;0.7591;0.0000;-788.7500;0.0000;6.8165;0.0000;-788.7500;0.0000;6.8165;1.0000;0.0000;0.0000;0.0000;0.0000
207;314.30;782.1500;938.1000;826.9000;44.7500;28.6951;0.5422;0.0000;-782.1500;0.0000;6.8165;0.0000;-782.1500;0.0000;6.8165;1.0000;0.0000;0.0000;0.0000;0.0000
208;314.69;788.8000;922.0000;832.3000;43.5000;32.6577;0.4860;0.0000;-788.8000;0.0000;6.8165;0.0000;-788.8000;0.0000;6.8165;1.0000;0.0000;0.0000;0.0000;0.0000
209;315.08;790.0500;938.5000;821.5500;31.5000;21.2193;0.6733;0.0000;-790.0500;0.0000;6.8165;0.0000;-790.0500;0.0000;6.8165;1.0000;0.0000;0.0000;0.0000;0.0000
210;315.47;800.5000;934.3500;827.0500;26.5500;19.8356;0.7026;0.0000;-800.5000;0.0000;6.8165;0.0000;-800.5000;0.0000;6.8165;1.0000;0.0000;0.0000;0.0000;0.0000
211;315.86;781.5000;924.8000;817.6500;36.1500;25.2268;0.5981;0.0000;-781.5000;0.0000;6.8165;0.0000;-781.5000;0.0000;6.8165;1.0000;0.0000;0.0000;0.0000;0.0000
212;316.25;781.4000;944.2000;815.6500;34.2500;21.0381;0.6770;0.0000;-781.4000;0.0000;6.8165;0.0000;-781.4000;0.0000;6.8165;1.0000;0.0000;0.0000;0.0000;0.0000
213;316.63;789.9500;927.8500;829.3500;39.4000;28.5714;0.5441;0.0000;-789.9500;0.0000;6.8165;0.0000;-789.9500;0.0000;6.8165;1.0000;0.0000;0.0000;0.0000;0.0000
214;317.02;784.3500;937.5500;825.8000;41.4500;27.0561;0.5677;0.0000;-784.3500;0.0000;6.8165;0.0000;-784.3500;0.0000;6.8165;1.0000;0.0000;0.0000;0.0000;0.0000
215;317.41;774.5000;944.0000;817.0500;42.5500;25.1032;0.6003;0.0000;-774.5000;0.0000;6.8165;0.0000;-774.5000;0.0000;6.8165;1.0000;0.0000;0.0000;0.0000;0.0000
216;317.80;784.5000;938.8000;820.0500;35.5500;23.0395;0.6375;0.0000;-784.5000;0.0000;6.8165;0.0000;-784.5000;0.0000;6.8165;1.0000;0.0000;0.0000;0.0000;0.0000
217;318.19;782.6000;924.0500;820.0500;37.4500;26.4758;0.5772;0.0000;-782.6000;0.0000;6.8165;0.0000;-782.6000;0.0000;6.8165;1.0000;0.0000;0.0000;0.0000;0.0000
218;318.57;780.2000;926.3000;823.3000;43.1000;29.5003;0.5302;0.0000;-780.2000;0.0000;6.8165;0.0000;-780.2000;0.0000;6.8165;1.0000;0.0000;0.0000;0.0000;0.0000
219;318.96;804.7500;931.4000;815.7500;11.0000;8.6854;1.0612;0.0000;-804.7500;0.0000;6.8165;0.0000;-804.7500;0.0000;6.8165;1.0000;0.0000;0.0000;0.0000;0.0000
220;319.35;803.1500;950.3000;821.2000;18.0500;12.2664;0.9113;0.0000;-803.1500;0.0000;6.8165;0.0000;-803.1500;0.0000;6.8165;1.0000;0.0000;0.0000;0.0000;0.0000
221;319.74;786.2500;950.7000;835.9000;49.6500;30.1915;0.5201;0.0000;-786.2500;0.0000;6.8165;0.0000;-786.2500;0.0000;6.8165;1.0000;0.0000;0.0000;0.0000;0.0000
222;320.12;774.0000;947.6000;821.8000;47.8000;27.5346;0.5601;0.0000;-774.0000;0.0000;6.8165;0.0000;-774.0000;0.0000;6.8165;1.0000;0.0000;0.0000;0.0000;0.0000
223;320.51;779.6000;943.4500;821.9000;42.3000;25.8163;0.5881;0.0000;-779.6000;0.0000;6.8165;0.0000;-779.6000;0.0000;6.8165;1.0000;0.0000;0.0000;0.0000;0.0000
224;320.90;783.4000;925.8500;819.0500;35.6500;25.0263;0.6016;0.0000;-783.4000;0.0000;6.8165;0.0000;-783.4000;0.0000;6.8165;1.0000;0.0000;0.0000;0.0000;0.0000
225;321.28;785.4500;946.2500;828.7500;43.3000;26.9279;0.5698;0.0000;-785.4500;0.0000;6.8165;0.0000;-785.4500;0.0000;6.8165;1.0000;0.0000;0.0000;0.0000;0.0000
226;321.67;778.1000;941.9500;830.1500;52.0500;31.7669;0.4980;0.0000;-778.1000;0.0000;6.8165;0.0000;-778.1000;0.0000;6.8165;1.0000;0.0000;0.0000;0.0000;0.0000
227;322.06;786.9000;942.3500;825.6000;38.7000;24.8955;0.6039;0.0000;-786.9000;0.0000;6.8165;0.0000;-786.9000;0.0000;6.8165;1.0000;0.0000;0.0000;0.0000;0.0000
228;322.45;769.2500;950.8000;833.9000;64.6500;35.6100;0.4484;0.0000;-769.2500;0.0000;6.8165;0.0000;-769.2500;0.0000;6.8165;1.0000;0.0000;0.0000;0.0000;0.0000
229;322.83;766.6500;928.0500;820.5000;53.8500;33.3643;0.4767;0.0000;-766.6500;0.0000;6.8165;0.0000;-766.6500;0.0000;6.8165;1.0000;0.0000;0.0000;0.0000;0.0000
230;323.22;794.4500;942.0500;829.0500;34.6000;23.4417;0.6300;0.0000;-794.4500;0.0000;6.8165;0.0000;-794.4500;0.0000;6.8165;1.0000;0.0000;0.0000;0.0000;0.0000
231;323.61;784.3500;929.5500;828.7500;44.4000;30.5785;0.5146;0.0000;-784.3500;0.0000;6.8165;0.0000;-784.3500;0.0000;6.8165;1.0000;0.0000;0.0000;0.0000;0.0000
232;323.99;794.0000;945.8500;842.5500;48.5500;31.9723;0.4952;0.0000;-794.0000;0.0000;6.8165;0.0000;-794.0000;0.0000;6.8165;1.0000;0.0000;0.0000;0.0000;0.0000
233;324.38;780.2000;953.4500;821.1500;40.9500;23.6364;0.6264;0.0000;-780.2000;0.0000;6.8165;0.0000;-780.2000;0.0000;6.8165;1.0000;0.0000;0.0000;0.0000;0.0000
234;324.77;784.4500;939.8500;810.9500;26.5000;17.0528;0.7682;0.0000;-784.4500;0.0000;6.8165;0.0000;-784.4500;0.0000;6.8165;1.0000;0.0000;0.0000;0.0000;0.0000
235;325.15;777.7500;942.3500;822.4500;44.7000;27.1567;0.5661;0.0000;-777.7500;0.0000;6.8165;0.0000;-777.7500;0.0000;6.8165;1.0000;0.0000;0.0000;0.0000;0.0000
236;325.54;794.8500;932.4000;833.3000;38.4500;27.9535;0.5536;0.0000;-794.8500;0.0000;6.8165;0.0000;-794.8500;0.0000;6.8165;1.0000;0.0000;0.0000;0.0000;0.0000
237;325.92;793.0500;962.7500;834.8500;41.8000;24.6317;0.6085;0.0000;-793.0500;0.0000;6.8165;0.0000;-793.0500;0.0000;6.8165;1.0000;0.0000;0.0000;0.0000;0.0000
238;326.31;771.4000;942.2500;834.8500;63.4500;37.1378;0.4302;0.0000;-771.4000;0.0000;6.8165;0.0000;-771.4000;0.0000;6.8165;1.0000;0.0000;0.0000;0.0000;0.0000
239;326.70;786.4500;949.5500;826.4000;39.9500;24.4942;0.6109;0.0000;-786.4500;0.0000;6.8165;0.0000;-786.4500;0.0000;6.8165;1.0000;0.0000;0.0000;0.0000;0.0000
240;327.08;789.3000;940.2000;828.6500;39.3500;26.0769;0.5837;0.0000;-789.3000;0.0000;6.8165;0.0000;-789.3000;0.0000;6.8165;1.0000;0.0000;0.0000;0.0000;0.0000
241;327.47;775.0000;944.3500;832.2500;57.2500;33.8057;0.4710;0.0000;-775.0000;0.0000;6.8165;0.0000;-775.0000;0.0000;6.8165;1.0000;0.0000;0.0000;0.0000;0.0000
242;327.85;782.8000;942.8000;826.1500;43.3500;27.0938;0.5671;0.0000;-782.8000;0.0000;6.8165;0.0000;-782.8000;0.0000;6.8165;1.0000;0.0000;0.0000;0.0000;0.0000
243;328.24;783.9500;950.7000;831.4500;47.5000;28.4858;0.5454;0.0000;-783.9500;0.0000;6.8165;0.0000;-783.9500;0.0000;6.8165;1.0000;0.0000;0.0000;0.0000;0.0000
244;328.62;786.8000;950.2500;842.5500;55.7500;34.1083;0.4671;0.0000;-786.8000;0.0000;6.8165;0.0000;-786.8000;0.0000;6.8165;1.0000;0.0000;0.0000;0.0000;0.0000
245;329.01;782.9500;963.2000;828.2500;45.3000;25.1318;0.5998;0.0000;-782.9500;0.0000;6.8165;0.0000;-782.9500;0.0000;6.8165;1.0000;0.0000;0.0000;0.0000;0.0000
246;329.39;789.6500;944.9500;846.3000;56.6500;36.4778;0.4380;0.0000;-789.6500;0.0000;6.8165;0.0000;-789.6500;0.0000;6.8165;1.0000;0.0000;0.0000;0.0000;0.0000
247;329.78;781.3000;946.2500;842.6500;61.3500;37.1931;0.4295;0.0000;-781.3000;0.0000;6.8165;0.0000;-781.3000;0.0000;6.8165;1.0000;0.0000;0.0000;0.0000;0.0000
248;330.16;793.1500;951.8000;833.9000;40.7500;25.6855;0.5903;0.0000;-793.1500;0.0000;6.8165;0.0000;-793.1500;0.0000;6.8165;1.0000;0.0000;0.0000;0.0000;0.0000
249;330.55;773.4000;951.0500;832.3500;58.9500;33.1832;0.4791;0.0000;-773.4000;0.0000;6.8165;0.0000;-773.4000;0.0000;6.8165;1.0000;0.0000;0.0000;0.0000;0.0000
250;330.93;797.1000;964.2000;848.0500;50.9500;30.4907;0.5158;0.0000;-797.1000;0.0000;6.8165;0.0000;-797.1000;0.0000;6.8165;1.0000;0.0000;0.0000;0.0000;0.0000
251;331.32;796.9000;949.1000;826.4500;29.5500;19.4152;0.7119;0.0000;-796.9000;0.0000;6.8165;0.0000;-796.9000;0.0000;6.8165;1.0000;0.0000;0.0000;0.0000;0.0000
252;331.70;796.3000;962.4000;827.9000;31.6000;19.0247;0.7207;0.0000;-796.3000;0.0000;6.8165;0.0000;-796.3000;0.0000;6.8165;1.0000;0.0000;0.0000;0.0000;0.0000
253;332.09;778.2500;964.3500;829.1000;50.8500;27.3240;0.5635;0.0000;-778.2500;0.0000;6.8165;0.0000;-778.2500;0.0000;6.8165;1.0000;0.0000;0.0000;0.0000;0.0000
254;332.47;792.8500;970.3000;826.8000;33.9500;19.1321;0.7182;0.0000;-792.8500;0.0000;6.8165;0.0000;-792.8500;0.0000;6.8165;1.0000;0.0000;0.0000;0.0000;0.0000
255;332.86;783.2000;947.5500;839.2000;56.0000;34.0736;0.4676;0.0000;-783.2000;0.0000;6.8165;0.0000;-783.2000;0.0000;6.8165;1.0000;0.0000;0.0000;0.0000;0.0000
256;333.24;787.7000;966.1000;836.8000;49.1000;27.5224;0.5603;0.0000;-787.7000;0.0000;6.8165;0.0000;-787.7000;0.0000;6.8165;1.0000;0.0000;0.0000;0.0000;0.0000
257;333.63;780.8500;950.3000;847.6500;66.8000;39.4217;0.4043;0.0000;-780.8500;0.0000;6.8165;0.0000;-780.8500;0.0000;6.8165;1.0000;0.0000;0.0000;0.0000;0.0000
258;334.01;786.4000;951.6000;829.5500;43.1500;26.1199;0.5830;0.0000;-786.4000;0.0000;6.8165;0.0000;-786.4000;0.0000;6.8165;1.0000;0.0000;0.0000;0.0000;0.0000
259;334.39;774.5500;965.3000;833.8500;59.3000;31.0878;0.5074;0.0000;-774.5500;0.0000;6.8165;0.0000;-774.5500;0.0000;6.8165;1.0000;0.0000;0.0000;0.0000;0.0000
260;334.78;782.0000;971.4500;825.8000;43.8000;23.1196;0.6360;0.0000;-782.0000;0.0000;6.8165;0.0000;-782.0000;0.0000;6.8165;1.0000;0.0000;0.0000;0.0000;0.0000
261;335.16;783.6000;958.9000;835.9000;52.3000;29.8346;0.5253;0.0000;-783.6000;0.0000;6.8165;0.0000;-783.6000;0.0000;6.8165;1.0000;0.0000;0.0000;0.0000;0.0000
262;335.55;793.2000;952.6000;847.7500;54.5500;34.2221;0.4657;0.0000;-793.2000;0.0000;6.8165;0.0000;-793.2000;0.0000;6.8165;1.0000;0.0000;0.0000;0.0000;0.0000
263;335.93;791.9500;942.2000;836.3000;44.3500;29.5175;0.5299;0.0000;-791.9500;0.0000;6.8165;0.0000;-791.9500;0.0000;6.8165;1.0000;0.0000;0.0000;0.0000;0.0000
264;336.31;779.5000;959.7500;825.0500;45.5500;25.2705;0.5974;0.0000;-779.5000;0.0000;6.8165;0.0000;-779.5000;0.0000;6.8165;1.0000;0.0000;0.0000;0.0000;0.0000
265;336.70;783.9000;961.5000;828.6000;44.7000;25.1689;0.5991;0.0000;-783.9000;0.0000;6.8165;0.0000;-783.9000;0.0000;6.8165;1.0000;0.0000;0.0000;0.0000;0.0000
266;337.08;788.9000;968.7000;839.5000;50.6000;28.1424;0.5506;0.0000;-788.9000;0.0000;6.8165;0.0000;-788.9000;0.0000;6.8165;1.0000;0.0000;0.0000;0.0000;0.0000
267;337.46;780.8500;974.8500;839.0500;58.2000;30.0000;0.5229;0.0000;-780.8500;0.0000;6.8165;0.0000;-780.8500;0.0000;6.8165;1.0000;0.0000;0.0000;0.0000;0.0000
268;337.85;786.1000;959.5500;831.4500;45.3500;26.1459;0.5826;0.0000;-786.1000;0.0000;6.8165;0.0000;-786.1000;0.0000;6.8165;1.0000;0.0000;0.0000;0.0000;0.0000
269;338.23;780.9500;956.6000;843.0500;62.1000;35.3544;0.4516;0.0000;-780.9500;0.0000;6.8165;0.0000;-780.9500;0.0000;6.8165;1.0000;0.0000;0.0000;0.0000;0.0000
270;338.61;784.6500;960.4000;829.4000;44.7500;25.4623;0.5941;0.0000;-784.6500;0.0000;6.8165;0.0000;-784.6500;0.0000;6.8165;1.0000;0.0000;0.0000;0.0000;0.0000
271;339.00;798.6500;978.8000;841.1500;42.5000;23.5915;0.6272;0.0000;-798.6500;0.0000;6.8165;0.0000;-798.6500;0.0000;6.8165;1.0000;0.0000;0.0000;0.0000;0.0000
272;339.38;787.5000;968.6000;838.6000;51.1000;28.2165;0.5495;0.0000;-787.5000;0.0000;6.8165;0.0000;-787.5000;0.0000;6.8165;1.0000;0.0000;0.0000;0.0000;0.0000
273;339.76;801.9500;969.4500;834.3500;32.4000;19.3433;0.7135;0.0000;-801.9500;0.0000;6.8165;0.0000;-801.9500;0.0000;6.8165;1.0000;0.0000;0.0000;0.0000;0.0000
274;340.14;787.8500;961.3000;815.8000;27.9500;16.1142;0.7928;0.0000;-787.8500;0.0000;6.8165;0.0000;-787.8500;0.0000;6.8165;1.0000;0.0000;0.0000;0.0000;0.0000
275;340.53;798.7000;964.6000;829.7000;31.0000;18.6860;0.7285;0.0000;-798.7000;0.0000;6.8165;0.0000;-798.7000;0.0000;6.8165;1.0000;0.0000;0.0000;0.0000;0.0000
276;340.91;788.1500;947.3500;833.5000;45.3500;28.4862;0.5454;0.0000;-788.1500;0.0000;6.8165;0.0000;-788.1500;0.0000;6.8165;1.0000;0.0000;0.0000;0.0000;0.0000
277;341.29;781.3500;961.8500;831.9000;50.5500;28.0055;0.5528;0.0000;-781.3500;0.0000;6.8165;0.0000;-781.3500;0.0000;6.8165;1.0000;0.0000;0.0000;0.0000;0.0000
278;341.67;791.1500;965.1500;839.0500;47.9000;27.5287;0.5602;0.0000;-791.1500;0.0000;6.8165;0.0000;-791.1500;0.0000;6.8165;1.0000;0.0000;0.0000;0.0000;0.0000
279;342.06;796.3000;956.2000;822.6500;26.3500;16.4790;0.7831;0.0000;-796.3000;0.0000;6.8165;0.0000;-796.3000;0.0000;6.8165;1.0000;0.0000;0.0000;0.0000;0.0000
280;342.44;784.6500;957.4000;832.5500;47.9000;27.7279;0.5571;0.0000;-784.6500;0.0000;6.8165;0.0000;-784.6500;0.0000;6.8165;1.0000;0.0000;0.0000;0.0000;0.0000
281;342.82;775.0000;947.5000;846.2500;71.2500;41.3043;0.3840;0.0000;-775.0000;0.0000;6.8165;0.0000;-775.0000;0.0000;6.8165;1.0000;0.0000;0.0000;0.0000;0.0000
282;343.20;772.5000;970.0500;851.7000;79.2000;40.0911;0.3970;0.0000;-772.5000;0.0000;6.8165;0.0000;-772.5000;0.0000;6.8165;1.0000;0.0000;0.0000;0.0000;0.0000
283;343.59;772.4500;969.7000;848.9000;76.4500;38.7579;0.4116;0.0000;-772.4500;0.0000;6.8165;0.0000;-772.4500;0.0000;6.8165;1.0000;0.0000;0.0000;0.0000;0.0000
284;343.97;793.7000;980.4000;837.8000;44.1000;23.6208;0.6267;0.0000;-793.7000;0.0000;6.8165;0.0000;-793.7000;0.0000;6.8165;1.0000;0.0000;0.0000;0.0000;0.0000
285;344.35;792.5500;978.4500;838.4500;45.9000;24.6907;0.6075;0.0000;-792.5500;0.0000;6.8165;0.0000;-792.5500;0.0000;6.8165;1.0000;0.0000;0.0000;0.0000;0.0000
286;344.73;782.2000;977.9500;835.1500;52.9500;27.0498;0.5678;0.0000;-782.2000;0.0000;6.8165;0.0000;-782.2000;0.0000;6.8165;1.0000;0.0000;0.0000;0.0000;0.0000
287;345.11;773.7000;973.1500;837.4000;63.7000;31.9378;0.4957;0.0000;-773.7000;0.0000;6.8165;0.0000;-773.7000;0.0000;6.8165;1.0000;0.0000;0.0000;0.0000;0.0000
288;345.49;776.7000;962.9500;827.9500;51.2500;27.5168;0.5604;0.0000;-776.7000;0.0000;6.8165;0.0000;-776.7000;0.0000;6.8165;1.0000;0.0000;0.0000;0.0000;0.0000
289;345.88;775.8500;981.2000;840.2000;64.3500;31.3367;0.5039;0.0000;-775.8500;0.0000;6.8165;0.0000;-775.8500;0.0000;6.8165;1.0000;0.0000;0.0000;0.0000;0.0000
290;346.26;785.6500;987.9500;851.0000;65.3500;32.3035;0.4908;0.0000;-785.6500;0.0000;6.8165;0.0000;-785.6500;0.0000;6.8165;1.0000;0.0000;0.0000;0.0000;0.0000
291;346.64;783.2500;976.7500;838.8500;55.6000;28.7339;0.5416;0.0000;-783.2500;0.0000;6.8165;0.0000;-783.2500;0.0000;6.8165;1.0000;0.0000;0.0000;0.0000;0.0000
292;347.02;788.6000;972.7500;844.1000;55.5000;30.1385;0.5209;0.0000;-788.6000;0.0000;6.8165;0.0000;-788.6000;0.0000;6.8165;1.0000;0.0000;0.0000;0.0000;0.0000
293;347.40;767.7500;954.4000;847.5500;79.8000;42.7538;0.3690;0.0000;-767.7500;0.0000;6.8165;0.0000;-767.7500;0.0000;6.8165;1.0000;0.0000;0.0000;0.0000;0.0000
294;347.78;778.4500;980.9500;838.9500;60.5000;29.8765;0.5247;0.0000;-778.4500;0.0000;6.8165;0.0000;-778.4500;0.0000;6.8165;1.0000;0.0000;0.0000;0.0000;0.0000
295;348.16;794.7500;969.6000;834.3500;39.6000;22.6480;0.6450;0.0000;-794.7500;0.0000;6.8165;0.0000;-794.7500;0.0000;6.8165;1.0000;0.0000;0.0000;0.0000;0.0000
296;348.54;785.7500;975.5500;826.4000;40.6500;21.4173;0.6692;0.0000;-785.7500;0.0000;6.8165;0.0000;-785.7500;0.0000;6.8165;1.0000;0.0000;0.0000;0.0000;0.0000
297;348.92;782.3000;968.9500;835.4000;53.1000;28.4490;0.5459;0.0000;-782.3000;0.0000;6.8165;0.0000;-782.3000;0.0000;6.8165;1.0000;0.0000;0.0000;0.0000;0.0000
298;349.30;790.0500;970.8500;845.4500;55.4000;30.6416;0.5137;0.0000;-790.0500;0.0000;6.8165;0.0000;-790.0500;0.0000;6.8165;1.0000;0.0000;0.0000;0.0000;0.0000
299;349.68;775.2500;967.0500;838.7000;63.4500;33.0813;0.4804;0.0000;-775.2500;0.0000;6.8165;0.0000;-775.2500;0.0000;6.8165;1.0000;0.0000;0.0000;0.0000;0.0000
300;350.06;785.2500;964.1500;848.8000;63.5500;35.5226;0.4495;0.0000;-785.2500;0.0000;6.8165;0.0000;-785.2500;0.0000;6.8165;1.0000;0.0000;0.0000;0.0000;0.0000
301;350.44;792.0500;970.7000;843.0500;51.0000;28.5474;0.5444;0.0000;-792.0500;0.0000;6.8165;0.0000;-792.0500;0.0000;6.8165;1.0000;0.0000;0.0000;0.0000;0.0000
302;350.82;788.7500;992.6000;842.5500;53.8000;26.3920;0.5785;0.0000;-788.7500;0.0000;6.8165;0.0000;-788.7500;0.0000;6.8165;1.0000;0.0000;0.0000;0.0000;0.0000
303;351.21;786.7000;970.8500;843.7500;57.0500;30.9802;0.5089;0.0000;-786.7000;0.0000;6.8165;0.0000;-786.7000;0.0000;6.8165;1.0000;0.0000;0.0000;0.0000;0.0000
304;351.59;788.1500;972.7000;848.8000;60.6500;32.8637;0.4833;0.0000;-788.1500;0.0000;6.8165;0.0000;-788.1500;0.0000;6.8165;1.0000;0.0000;0.0000;0.0000;0.0000
305;351.97;797.8500;969.3500;835.4000;37.5500;21.8950;0.6597;0.0000;-797.8500;0.0000;6.8165;0.0000;-797.8500;0.0000;6.8165;1.0000;0.0000;0.0000;0.0000;0.0000
306;352.34;780.5500;975.1500;849.1000;68.5500;35.2261;0.4531;0.0000;-780.5500;0.0000;6.8165;0.0000;-780.5500;0.0000;6.8165;1.0000;0.0000;0.0000;0.0000;0.0000
307;352.72;784.2000;983.7500;838.0500;53.8500;26.9857;0.5689;0.0000;-784.2000;0.0000;6.8165;0.0000;-784.2000;0.0000;6.8165;1.0000;0.0000;0.0000;0.0000;0.0000
308;353.10;790.1000;991.4500;847.8500;57.7500;28.6814;0.5424;0.0000;-790.1000;0.0000;6.8165;0.0000;-790.1000;0.0000;6.8165;1.0000;0.0000;0.0000;0.0000;0.0000
309;353.48;776.9500;993.9000;838.3500;61.4000;28.3015;0.5482;0.0000;-776.9500;0.0000;6.8165;0.0000;-776.9500;0.0000;6.8165;1.0000;0.0000;0.0000;0.0000;0.0000
310;353.86;779.7500;993.9500;839.8500;60.1000;28.0579;0.5519;0.0000;-779.7500;0.0000;6.8165;0.0000;-779.7500;0.0000;6.8165;1.0000;0.0000;0.0000;0.0000;0.0000
311;354.24;787.7000;994.4500;850.6500;62.9500;30.4474;0.5164;0.0000;-787.7000;0.0000;6.8165;0.0000;-787.7000;0.0000;6.8165;1.0000;0.0000;0.0000;0.0000;0.0000
312;354.62;775.4000;983.5500;857.3500;81.9500;39.3706;0.4048;0.0000;-775.4000;0.0000;6.8165;0.0000;-775.4000;0.0000;6.8165;1.0000;0.0000;0.0000;0.0000;0.0000
313;355.00;784.7500;985.5000;845.7000;60.9500;30.3611;0.5177;0.0000;-784.7500;0.0000;6.8165;0.0000;-784.7500;0.0000;6.8165;1.0000;0.0000;0.0000;0.0000;0.0000
314;355.38;785.2000;968.3500;845.8000;60.6000;33.0876;0.4803;0.0000;-785.2000;0.0000;6.8165;0.0000;-785.2000;0.0000;6.8165;1.0000;0.0000;0.0000;0.0000;0.0000
315;355.76;793.8000;980.7000;849.1000;55.3000;29.5880;0.5289;0.0000;-793.8000;0.0000;6.8165;0.0000;-793.8000;0.0000;6.8165;1.0000;0.0000;0.0000;0.0000;0.0000
316;356.14;791.0000;990.0000;836.8000;45.8000;23.0151;0.6380;0.0000;-791.0000;0.0000;6.8165;0.0000;-791.0000;0.0000;6.8165;1.0000;0.0000;0.0000;0.0000;0.0000
317;356.52;786.4500;989.5500;844.6000;58.1500;28.6312;0.5432;0.0000;-786.4500;0.0000;6.8165;0.0000;-786.4500;0.0000;6.8165;1.0000;0.0000;0.0000;0.0000;0.0000
318;356.90;773.0000;987.0500;845.9000;72.9000;34.0575;0.4678;0.0000;-773.0000;0.0000;6.8165;0.0000;-773.0000;0.0000;6.8165;1.0000;0.0000;0.0000;0.0000;0.0000
319;357.27;782.1500;997.2500;848.2500;66.1000;30.7299;0.5124;0.0000;-782.1500;0.0000;6.8165;0.0000;-782.1500;0.0000;6.8165;1.0000;0.0000;0.0000;0.0000;0.0000
320;357.65;782.2000;996.7500;840.9500;58.7500;27.3829;0.5625;0.0000;-782.2000;0.0000;6.8165;0.0000;-782.2000;0.0000;6.8165;1.0000;0.0000;0.0000;0.0000;0.0000
321;358.03;800.0500;984.3000;836.0000;35.9500;19.5115;0.7097;0.0000;-800.0500;0.0000;6.8165;0.0000;-800.0500;0.0000;6.8165;1.0000;0.0000;0.0000;0.0000;0.0000
322;358.41;795.3000;993.7000;842.8500;47.5500;23.9667;0.6204;0.0000;-795.3000;0.0000;6.8165;0.0000;-795.3000;0.0000;6.8165;1.0000;0.0000;0.0000;0.0000;0.0000
323;358.79;786.7500;990.3000;847.5000;60.7500;29.8452;0.5251;0.0000;-786.7500;0.0000;6.8165;0.0000;-786.7500;0.0000;6.8165;1.0000;0.0000;0.0000;0.0000;0.0000
324;359.17;787.4000;999.3000;844.9000;57.5000;27.1354;0.5665;0.0000;-787.4000;0.0000;6.8165;0.0000;-787.4000;0.0000;6.8165;1.0000;0.0000;0.0000;0.0000;0.0000
325;359.55;781.5000;999.8500;850.8000;69.3000;31.7380;0.4984;0.0000;-781.5000;0.0000;6.8165;0.0000;-781.5000;0.0000;6.8165;1.0000;0.0000;0.0000;0.0000;0.0000
326;359.92;781.5500;986.8000;847.7500;66.2000;32.2533;0.4914;0.0000;-781.5500;0.0000;6.8165;0.0000;-781.5500;0.0000;6.8165;1.0000;0.0000;0.0000;0.0000;0.0000
327;360.30;781.7000;980.5500;852.6500;70.9500;35.6802;0.4476;0.0000;-781.7000;0.0000;6.8165;0.0000;-781.7000;0.0000;6.8165;1.0000;0.0000;0.0000;0.0000;0.0000
328;360.68;777.8500;978.9500;852.0000;74.1500;36.8722;0.4333;0.0000;-777.8500;0.0000;6.8165;0.0000;-777.8500;0.0000;6.8165;1.0000;0.0000;0.0000;0.0000;0.0000
329;361.06;776.0000;995.8500;848.1500;72.1500;32.8178;0.4839;0.0000;-776.0000;0.0000;6.8165;0.0000;-776.0000;0.0000;6.8165;1.0000;0.0000;0.0000;0.0000;0.0000
330;361.43;792.9000;999.6000;844.7000;51.8000;25.0605;0.6010;0.0000;-792.9000;0.0000;6.8165;0.0000;-792.9000;0.0000;6.8165;1.0000;0.0000;0.0000;0.0000;0.0000
331;361.81;787.6000;996.8000;851.0000;63.4000;30.3059;0.5185;0.0000;-787.6000;0.0000;6.8165;0.0000;-787.6000;0.0000;6.8165;1.0000;0.0000;0.0000;0.0000;0.0000
332;362.19;779.9500;997.5000;850.0000;70.0500;32.1995;0.4922;0.0000;-779.9500;0.0000;6.8165;0.0000;-779.9500;0.0000;6.8165;1.0000;0.0000;0.0000;0.0000;0.0000
333;362.57;795.4500;990.9000;853.6500;58.2000;29.7774;0.5261;0.0000;-795.4500;0.0000;6.8165;0.0000;-795.4500;0.0000;6.8165;1.0000;0.0000;0.0000;0.0000;0.0000
334;362.94;791.0000;991.9000;848.1000;57.1000;28.4221;0.5463;0.0000;-791.0000;0.0000;6.8165;0.0000;-791.0000;0.0000;6.8165;1.0000;0.0000;0.0000;0.0000;0.0000
335;363.32;785.0000;984.0000;837.3000;52.3000;26.2814;0.5804;0.0000;-785.0000;0.0000;6.8165;0.0000;-785.0000;0.0000;6.8165;1.0000;0.0000;0.0000;0.0000;0.0000
336;363.70;794.2500;980.7500;847.5500;53.3000;28.5791;0.5440;0.0000;-794.2500;0.0000;6.8165;0.0000;-794.2500;0.0000;6.8165;1.0000;0.0000;0.0000;0.0000;0.0000
337;364.08;805.6000;991.0000;843.3000;37.7000;20.3344;0.6918;0.0000;-805.6000;0.0000;6.8165;0.0000;-805.6000;0.0000;6.8165;1.0000;0.0000;0.0000;0.0000;0.0000
338;364.45;781.0500;999.4000;863.5000;82.4500;37.7605;0.4230;0.0000;-781.0500;0.0000;6.8165;0.0000;-781.0500;0.0000;6.8165;1.0000;0.0000;0.0000;0.0000;0.0000
339;364.83;780.4000;996.1000;852.6000;72.2000;33.4724;0.4753;0.0000;-780.4000;0.0000;6.8165;0.0000;-780.4000;0.0000;6.8165;1.0000;0.0000;0.0000;0.0000;0.0000
340;365.21;792.0000;979.9000;852.7000;60.7000;32.3044;0.4907;0.0000;-792.0000;0.0000;6.8165;0.0000;-792.0000;0.0000;6.8165;1.0000;0.0000;0.0000;0.0000;0.0000
341;365.58;781.2500;1003.4000;854.1500;72.9000;32.8157;0.4839;0.0000;-781.2500;0.0000;6.8165;0.0000;-781.2500;0.0000;6.8165;1.0000;0.0000;0.0000;0.0000;0.0000
342;365.96;789.0000;1017.6000;841.8000;52.8000;23.0971;0.6364;0.0000;-789.0000;0.0000;6.8165;0.0000;-789.0000;0.0000;6.8165;1.0000;0.0000;0.0000;0.0000;0.0000
343;366.34;788.8500;996.4500;844.6000;55.7500;26.8545;0.5710;0.0000;-788.8500;0.0000;6.8165;0.0000;-788.8500;0.0000;6.8165;1.0000;0.0000;0.0000;0.0000;0.0000
344;366.71;778.2000;994.9500;834.7500;56.5500;26.0900;0.5835;0.0000;-778.2000;0.0000;6.8165;0.0000;-778.2000;0.0000;6.8165;1.0000;0.0000;0.0000;0.0000;0.0000
345;367.09;791.4000;997.8000;847.7000;56.3000;27.2771;0.5642;0.0000;-791.4000;0.0000;6.8165;0.0000;-791.4000;0.0000;6.8165;1.0000;0.0000;0.0000;0.0000;0.0000
346;367.47;780.2000;997.3500;854.1500;73.9500;34.0548;0.4678;0.0000;-780.2000;0.0000;6.8165;0.0000;-780.2000;0.0000;6.8165;1.0000;0.0000;0.0000;0.0000;0.0000
347;367.84;776.3500;1007.9500;867.7000;91.3500;39.4430;0.4040;0.0000;-776.3500;0.0000;6.8165;0.0000;-776.3500;0.0000;6.8165;1.0000;0.0000;0.0000;0.0000;0.0000
348;368.22;785.7500;1015.5000;857.9000;72.1500;31.4037;0.5030;0.0000;-785.7500;0.0000;6.8165;0.0000;-785.7500;0.0000;6.8165;1.0000;0.0000;0.0000;0.0000;0.0000
349;368.59;778.9000;988.3000;850.8500;71.9500;34.3601;0.4639;0.0000;-778.9000;0.0000;6.8165;0.0000;-778.9000;0.0000;6.8165;1.0000;0.0000;0.0000;0.0000;0.0000
350;368.97;765.4500;1006.4500;843.0000;77.5500;32.1784;0.4924;0.0000;-765.4500;0.0000;6.8165;0.0000;-765.4500;0.0000;6.8165;1.0000;0.0000;0.0000;0.0000;0.0000
351;369.35;783.9000;996.9500;857.7500;73.8500;34.6632;0.4601;0.0000;-783.9000;0.0000;6.8165;0.0000;-783.9000;0.0000;6.8165;1.0000;0.0000;0.0000;0.0000;0.0000
352;369.72;775.6500;1003.3000;845.5000;69.8500;30.6831;0.5131;0.0000;-775.6500;0.0000;6.8165;0.0000;-775.6500;0.0000;6.8165;1.0000;0.0000;0.0000;0.0000;0.0000
353;370.10;782.2000;1006.6500;850.2000;68.0000;30.2963;0.5186;0.0000;-782.2000;0.0000;6.8165;0.0000;-782.2000;0.0000;6.8165;1.0000;0.0000;0.0000;0.0000;0.0000
354;370.47;785.0500;1007.0500;855.7500;70.7000;31.8468;0.4969;0.0000;-785.0500;0.0000;6.8165;0.0000;-785.0500;0.0000;6.8165;1.0000;0.0000;0.0000;0.0000;0.0000
355;370.85;792.5000;999.6000;840.6000;48.1000;23.2255;0.6340;0.0000;-792.5000;0.0000;6.8165;0.0000;-792.5000;0.0000;6.8165;1.0000;0.0000;0.0000;0.0000;0.0000
356;371.22;797.3000;1004.6500;847.5000;50.2000;24.2103;0.6160;0.0000;-797.3000;0.0000;6.8165;0.0000;-797.3000;0.0000;6.8165;1.0000;0.0000;0.0000;0.0000;0.0000
357;371.60;789.5500;992.5500;855.2500;65.7000;32.3645;0.4899;0.0000;-789.5500;0.0000;6.8165;0.0000;-789.5500;0.0000;6.8165;1.0000;0.0000;0.0000;0.0000;0.0000
358;371.97;780.3500;1003.3000;855.7500;75.4000;33.8192;0.4708;0.0000;-780.3500;0.0000;6.8165;0.0000;-780.3500;0.0000;6.8165;1.0000;0.0000;0.0000;0.0000;0.0000
359;372.35;785.2500;1005.4000;848.0000;62.7500;28.5033;0.5451;0.0000;-785.2500;0.0000;6.8165;0.0000;-785.2500;0.0000;6.8165;1.0000;0.0000;0.0000;0.0000;0.0000
360;372.72;786.1500;1011.5000;842.6500;56.5000;25.0721;0.6008;0.0000;-786.1500;0.0000;6.8165;0.0000;-786.1500;0.0000;6.8165;1.0000;0.0000;0.0000;0.0000;0.0000
361;373.10;809.5000;995.2500;845.8500;36.3500;19.5693;0.7084;0.0000;-809.5000;0.0000;6.8165;0.0000;-809.5000;0.0000;6.8165;1.0000;0.0000;0.0000;0.0000;0.0000
362;373.47;771.6500;1002.7500;851.1000;79.4500;34.3791;0.4637;0.0000;-771.6500;0.0000;6.8165;0.0000;-771.6500;0.0000;6.8165;1.0000;0.0000;0.0000;0.0000;0.0000
363;373.85;790.9500;1006.6000;859.1500;68.2000;31.6253;0.5000;0.0000;-790.9500;0.0000;6.8165;0.0000;-790.9500;0.0000;6.8165;1.0000;0.0000;0.0000;0.0000;0.0000
364;374.22;795.9000;1005.3000;849.6000;53.7000;25.6447;0.5910;0.0000;-795.9000;0.0000;6.8165;0.0000;-795.9000;0.0000;6.8165;1.0000;0.0000;0.0000;0.0000;0.0000
365;374.60;791.2000;1006.9500;863.6500;72.4500;33.5805;0.4739;0.0000;-791.2000;0.0000;6.8165;0.0000;-791.2000;0.0000;6.8165;1.0000;0.0000;0.0000;0.0000;0.0000
366;374.97;790.1000;999.1500;854.7000;64.6000;30.9017;0.5100;0.0000;-790.1000;0.0000;6.8165;0.0000;-790.1000;0.0000;6.8165;1.0000;0.0000;0.0000;0.0000;0.0000
367;375.35;789.1500;997.6000;846.7000;57.5500;27.6085;0.5590;0.0000;-789.1500;0.0000;6.8165;0.0000;-789.1500;0.0000;6.8165;1.0000;0.0000;0.0000;0.0000;0.0000
368;375.72;788.4500;995.4500;846.5000;58.0500;28.0435;0.5522;0.0000;-788.4500;0.0000;6.8165;0.0000;-788.4500;0.0000;6.8165;1.0000;0.0000;0.0000;0.0000;0.0000
369;376.09;778.8500;1004.6500;830.8000;51.9500;23.0071;0.6381;0.0000;-778.8500;0.0000;6.8165;0.0000;-778.8500;0.0000;6.8165;1.0000;0.0000;0.0000;0.0000;0.0000
370;376.47;779.2500;1015.1500;830.0000;50.7500;21.5134;0.6673;0.0000;-779.2500;0.0000;6.8165;0.0000;-779.2500;0.0000;6.8165;1.0000;0.0000;0.0000;0.0000;0.0000
371;376.84;792.4500;1005.7500;846.7000;54.2500;25.4337;0.5946;0.0000;-792.4500;0.0000;6.8165;0.0000;-792.4500;0.0000;6.8165;1.0000;0.0000;0.0000;0.0000;0.0000
372;377.22;800.6500;1017.0500;847.2000;46.5500;21.5111;0.6673;0.0000;-800.6500;0.0000;6.8165;0.0000;-800.6500;0.0000;6.8165;1.0000;0.0000;0.0000;0.0000;0.0000
373;377.59;784.1500;1021.7000;849.3500;65.2000;27.4469;0.5615;0.0000;-784.1500;0.0000;6.8165;0.0000;-784.1500;0.0000;6.8165;1.0000;0.0000;0.0000;0.0000;0.0000
374;377.96;793.2000;1006.4000;846.4500;53.2500;24.9765;0.6025;0.0000;-793.2000;0.0000;6.8165;0.0000;-793.2000;0.0000;6.8165;1.0000;0.0000;0.0000;0.0000;0.0000
375;378.34;788.0500;1016.9000;847.7500;59.7000;26.0870;0.5836;0.0000;-788.0500;0.0000;6.8165;0.0000;-788.0500;0.0000;6.8165;1.0000;0.0000;0.0000;0.0000;0.0000
376;378.71;780.1500;1025.7500;844.1000;63.9500;26.0383;0.5844;0.0000;-780.1500;0.0000;6.8165;0.0000;-780.1500;0.0000;6.8165;1.0000;0.0000;0.0000;0.0000;0.0000
377;379.08;782.8500;1041.4500;859.8000;76.9500;29.7564;0.5264;0.0000;-782.8500;0.0000;6.8165;0.0000;-782.8500;0.0000;6.8165;1.0000;0.0000;0.0000;0.0000;0.0000
378;379.46;773.7500;1027.1000;842.1500;68.4000;26.9982;0.5687;0.0000;-773.7500;0.0000;6.8165;0.0000;-773.7500;0.0000;6.8165;1.0000;0.0000;0.0000;0.0000;0.0000
379;379.83;802.6500;1023.4500;844.2500;41.6000;18.8406;0.7249;0.0000;-802.6500;0.0000;6.8165;0.0000;-802.6500;0.0000;6.8165;1.0000;0.0000;0.0000;0.0000;0.0000
380;380.20;786.6000;1013.5500;865.9500;79.3500;34.9636;0.4564;0.0000;-786.6000;0.0000;6.8165;0.0000;-786.6000;0.0000;6.8165;1.0000;0.0000;0.0000;0.0000;0.0000
381;380.58;776.7000;1019.3500;852.9500;76.2500;31.4239;0.5027;0.0000;-776.7000;0.0000;6.8165;0.0000;-776.7000;0.0000;6.8165;1.0000;0.0000;0.0000;0.0000;0.0000
382;380.95;780.9500;1030.9500;833.9000;52.9500;21.1800;0.6741;0.0000;-780.9500;0.0000;6.8165;0.0000;-780.9500;0.0000;6.8165;1.0000;0.0000;0.0000;0.0000;0.0000
383;381.32;786.9500;1035.1500;858.5500;71.6000;28.8477;0.5399;0.0000;-786.9500;0.0000;6.8165;0.0000;-786.9500;0.0000;6.8165;1.0000;0.0000;0.0000;0.0000;0.0000
384;381.70;772.1500;1033.0000;849.7500;77.6000;29.7489;0.5265;0.0000;-772.1500;0.0000;6.8165;0.0000;-772.1500;0.0000;6.8165;1.0000;0.0000;0.0000;0.0000;0.0000
385;382.07;789.7000;1025.8000;835.6500;45.9500;19.4621;0.7108;0.0000;-789.7000;0.0000;6.8165;0.0000;-789.7000;0.0000;6.8165;1.0000;0.0000;0.0000;0.0000;0.0000
386;382.44;792.0500;1041.8500;832.9000;40.8500;16.3531;0.7864;0.0000;-792.0500;0.0000;6.8165;0.0000;-792.0500;0.0000;6.8165;1.0000;0.0000;0.0000;0.0000;0.0000
387;382.81;782.3500;1043.0500;849.8500;67.5000;25.8918;0.5868;0.0000;-782.3500;0.0000;6.8165;0.0000;-782.3500;0.0000;6.8165;1.0000;0.0000;0.0000;0.0000;0.0000
388;383.19;782.9500;1061.0000;843.0500;60.1000;21.6148;0.6652;0.0000;-782.9500;0.0000;6.8165;0.0000;-782.9500;0.0000;6.8165;1.0000;0.0000;0.0000;0.0000;0.0000
389;383.56;792.7500;1063.7500;834.1000;41.3500;15.2583;0.8165;0.0000;-792.7500;0.0000;6.8165;0.0000;-792.7500;0.0000;6.8165;1.0000;0.0000;0.0000;0.0000;0.0000
390;383.93;779.1500;1062.7500;847.7500;68.6000;24.1890;0.6164;0.0000;-779.1500;0.0000;6.8165;0.0000;-779.1500;0.0000;6.8165;1.0000;0.0000;0.0000;0.0000;0.0000
391;384.30;799.5500;1074.7500;853.3500;53.8000;19.5494;0.7089;0.0000;-799.5500;0.0000;6.8165;0.0000;-799.5500;0.0000;6.8165;1.0000;0.0000;0.0000;0.0000;0.0000
392;384.68;799.4000;1082.8000;841.2500;41.8500;14.7671;0.8307;0.0000;-799.4000;0.0000;6.8165;0.0000;-799.4000;0.0000;6.8165;1.0000;0.0000;0.0000;0.0000;0.0000
393;385.05;773.6500;1089.8500;855.4000;81.7500;25.8539;0.5875;0.0000;-773.6500;0.0000;6.8165;0.0000;-773.6500;0.0000;6.8165;1.0000;0.0000;0.0000;0.0000;0.0000
394;385.42;795.6500;1095.4500;853.6500;58.0000;19.3462;0.7134;0.0000;-795.6500;0.0000;6.8165;0.0000;-795.6500;0.0000;6.8165;1.0000;0.0000;0.0000;0.0000;0.0000
395;385.79;790.0000;1109.6000;852.0000;62.0000;19.3992;0.7122;0.0000;-790.0000;0.0000;6.8165;0.0000;-790.0000;0.0000;6.8165;1.0000;0.0000;0.0000;0.0000;0.0000
396;386.16;782.8500;1117.4000;858.7500;75.9000;22.6872;0.6442;0.0000;-782.8500;0.0000;6.8165;0.0000;-782.8500;0.0000;6.8165;1.0000;0.0000;0.0000;0.0000;0.0000
397;386.53;796.6000;1117.4000;848.9000;52.3000;16.3030;0.7877;0.0000;-796.6000;0.0000;6.8165;0.0000;-796.6000;0.0000;6.8165;1.0000;0.0000;0.0000;0.0000;0.0000
398;386.91;786.0500;1127.0500;861.3500;75.3000;22.0821;0.6560;0.0000;-786.0500;0.0000;6.8165;0.0000;-786.0500;0.0000;6.8165;1.0000;0.0000;0.0000;0.0000;0.0000
399;387.28;785.1000;1142.0500;847.6500;62.5500;17.5235;0.7564;0.0000;-785.1000;0.0000;6.8165;0.0000;-785.1000;0.0000;6.8165;1.0000;0.0000;0.0000;0.0000;0.0000
400;387.65;779.9000;1140.9500;832.4000;52.5000;14.5409;0.8374;0.0000;-779.9000;0.0000;6.8165;0.0000;-779.9000;0.0000;6.8165;1.0000;0.0000;0.0000;0.0000;0.0000
401;388.02;779.9500;1165.8000;856.6500;76.7000;19.8782;0.7016;0.0000;-779.9500;0.0000;6.8165;0.0000;-779.9500;0.0000;6.8165;1.0000;0.0000;0.0000;0.0000;0.0000
402;388.39;781.6500;1157.8000;853.9000;72.2500;19.2078;0.7165;0.0000;-781.6500;0.0000;6.8165;0.0000;-781.6500;0.0000;6.8165;1.0000;0.0000;0.0000;0.0000;0.0000
403;388.76;781.6000;1191.8500;842.9000;61.3000;14.9421;0.8256;0.0000;-781.6000;0.0000;6.8165;0.0000;-781.6000;0.0000;6.8165;1.0000;0.0000;0.0000;0.0000;0.0000
404;389.13;795.9000;1195.7500;849.4000;53.5000;13.3800;0.8735;0.0000;-795.9000;0.0000;6.8165;0.0000;-795.9000;0.0000;6.8165;1.0000;0.0000;0.0000;0.0000;0.0000
405;389.50;788.0500;1200.4000;849.6000;61.5500;14.9266;0.8260;0.0000;-788.0500;0.0000;6.8165;0.0000;-788.0500;0.0000;6.8165;1.0000;0.0000;0.0000;0.0000;0.0000
406;389.87;771.3500;1229.0000;852.3500;81.0000;17.6991;0.7520;0.0000;-771.3500;0.0000;6.8165;0.0000;-771.3500;0.0000;6.8165;1.0000;0.0000;0.0000;0.0000;0.0000
407;390.25;774.1000;1237.6000;855.9000;81.8000;17.6483;0.7533;0.0000;-774.1000;0.0000;6.8165;0.0000;-774.1000;0.0000;6.8165;1.0000;0.0000;0.0000;0.0000;0.0000
408;390.62;790.6500;1264.9500;848.6000;57.9500;12.2180;0.9130;0.0000;-790.6500;0.0000;6.8165;0.0000;-790.6500;0.0000;6.8165;1.0000;0.0000;0.0000;0.0000;0.0000
409;390.99;789.0500;1284.9000;839.5000;50.4500;10.1744;0.9925;0.0000;-789.0500;0.0000;6.8165;0.0000;-789.0500;0.0000;6.8165;1.0000;0.0000;0.0000;0.0000;0.0000
410;391.36;799.8500;1329.7500;857.1000;57.2500;10.8039;0.9664;0.0000;-799.8500;0.0000;6.8165;0.0000;-799.8500;0.0000;6.8165;1.0000;0.0000;0.0000;0.0000;0.0000
411;391.73;782.2000;1339.3000;855.0000;72.8000;13.0677;0.8838;0.0000;-782.2000;0.0000;6.8165;0.0000;-782.2000;0.0000;6.8165;1.0000;0.0000;0.0000;0.0000;0.0000
412;392.10;798.3000;1382.8000;863.7000;65.4000;11.1891;0.9512;0.0000;-798.3000;0.0000;6.8165;0.0000;-798.3000;0.0000;6.8165;1.0000;0.0000;0.0000;0.0000;0.0000
413;392.47;773.1000;1430.1000;854.1000;81.0000;12.3288;0.9091;0.0000;-773.1000;0.0000;6.8165;0.0000;-773.1000;0.0000;6.8165;1.0000;0.0000;0.0000;0.0000;0.0000
414;392.84;793.9500;1451.9000;851.5000;57.5500;8.7469;1.0581;0.0000;-793.9500;0.0000;6.8165;0.0000;-793.9500;0.0000;6.8165;1.0000;0.0000;0.0000;0.0000;0.0000
415;393.21;788.7000;1448.5500;852.2000;63.5000;9.6234;1.0167;0.0000;-788.7000;0.0000;6.8165;0.0000;-788.7000;0.0000;6.8165;1.0000;0.0000;0.0000;0.0000;0.0000
416;393.58;783.9000;1492.8000;851.1000;67.2000;9.4795;1.0232;0.0000;-783.9000;0.0000;6.8165;0.0000;-783.9000;0.0000;6.8165;1.0000;0.0000;0.0000;0.0000;0.0000
417;393.95;790.5500;1540.2500;853.7000;63.1500;8.4234;1.0745;0.0000;-790.5500;0.0000;6.8165;0.0000;-790.5500;0.0000;6.8165;1.0000;0.0000;0.0000;0.0000;0.0000
418;394.32;780.0500;1584.4500;835.3500;55.3000;6.8747;1.1627;0.0000;-780.0500;0.0000;6.8165;0.0000;-780.0500;0.0000;6.8165;1.0000;0.0000;0.0000;0.0000;0.0000
419;394.69;806.2500;1600.2000;855.1000;48.8500;6.1528;1.2109;0.0000;-806.2500;0.0000;6.8165;0.0000;-806.2500;0.0000;6.8165;1.0000;0.0000;0.0000;0.0000;0.0000
420;395.06;789.8500;1644.4000;853.4000;63.5500;7.4367;1.1286;0.0000;-789.8500;0.0000;6.8165;0.0000;-789.8500;0.0000;6.8165;1.0000;0.0000;0.0000;0.0000;0.0000
421;395.43;804.4000;1705.5500;856.5000;52.1000;5.7815;1.2380;0.0000;-804.4000;0.0000;6.8165;0.0000;-804.4000;0.0000;6.8165;1.0000;0.0000;0.0000;0.0000;0.0000
422;395.80;786.7000;1721.5000;861.1000;74.4000;7.9589;1.0991;0.0000;-786.7000;0.0000;6.8165;0.0000;-786.7000;0.0000;6.8165;1.0000;0.0000;0.0000;0.0000;0.0000
423;396.16;792.9500;1786.9000;860.5500;67.6000;6.8011;1.1674;0.0000;-792.9500;0.0000;6.8165;0.0000;-792.9500;0.0000;6.8165;1.0000;0.0000;0.0000;0.0000;0.0000
424;396.53;775.4500;1840.7000;863.5500;88.1000;8.2704;1.0825;0.0000;-775.4500;0.0000;6.8165;0.0000;-775.4500;0.0000;6.8165;1.0000;0.0000;0.0000;0.0000;0.0000
425;396.90;775.9000;1863.3500;849.1500;73.2500;6.7359;1.1716;0.0000;-775.9000;0.0000;6.8165;0.0000;-775.9000;0.0000;6.8165;1.0000;0.0000;0.0000;0.0000;0.0000
426;397.27;784.5500;1921.9500;860.6000;76.0500;6.6863;1.1748;0.0000;-784.5500;0.0000;6.8165;0.0000;-784.5500;0.0000;6.8165;1.0000;0.0000;0.0000;0.0000;0.0000
427;397.64;789.7500;1985.4500;845.8500;56.1000;4.6918;1.3287;0.0000;-789.7500;0.0000;6.8165;0.0000;-789.7500;0.0000;6.8165;1.0000;0.0000;0.0000;0.0000;0.0000
428;398.01;786.3000;1986.8000;859.1500;72.8500;6.0683;1.2169;0.0000;-786.3000;0.0000;6.8165;0.0000;-786.3000;0.0000;6.8165;1.0000;0.0000;0.0000;0.0000;0.0000
429;398.38;781.9500;2066.4500;863.7500;81.8000;6.3682;1.1960;0.0000;-781.9500;0.0000;6.8165;0.0000;-781.9500;0.0000;6.8165;1.0000;0.0000;0.0000;0.0000;0.0000
430;398.75;776.4500;2057.4500;862.5500;86.1000;6.7213;1.1725;0.0000;-776.4500;0.0000;6.8165;0.0000;-776.4500;0.0000;6.8165;1.0000;0.0000;0.0000;0.0000;0.0000
431;399.12;783.3000;2116.6000;843.2000;59.9000;4.4926;1.3475;0.0000;-783.3000;0.0000;6.8165;0.0000;-783.3000;0.0000;6.8165;1.0000;0.0000;0.0000;0.0000;0.0000
432;399.48;788.1500;2192.4000;852.0000;63.8500;4.5469;1.3423;0.0000;-788.1500;0.0000;6.8165;0.0000;-788.1500;0.0000;6.8165;1.0000;0.0000;0.0000;0.0000;0.0000
433;399.85;779.5000;2189.7500;846.3500;66.8500;4.7403;1.3242;0.0000;-779.5000;0.0000;6.8165;0.0000;-779.5000;0.0000;6.8165;1.0000;0.0000;0.0000;0.0000;0.0000
434;400.22;771.9000;2216.3000;865.4500;93.5500;6.4767;1.1886;0.0000;-771.9000;0.0000;6.8165;0.0000;-771.9000;0.0000;6.8165;1.0000;0.0000;0.0000;0.0000;0.0000
435;400.59;782.3000;2312.4000;844.9000;62.6000;4.0912;1.3881;0.0000;-782.3000;0.0000;6.8165;0.0000;-782.3000;0.0000;6.8165;1.0000;0.0000;0.0000;0.0000;0.0000
436;400.96;789.5500;2320.4500;865.7000;76.1500;4.9742;1.3033;0.0000;-789.5500;0.0000;6.8165;0.0000;-789.5500;0.0000;6.8165;1.0000;0.0000;0.0000;0.0000;0.0000
437;401.32;785.1500;2362.8500;836.8000;51.6500;3.2738;1.4850;0.0000;-785.1500;0.0000;6.8165;0.0000;-785.1500;0.0000;6.8165;1.0000;0.0000;0.0000;0.0000;0.0000
438;401.69;796.7500;2406.1500;860.8500;64.1000;3.9829;1.3998;0.0000;-796.7500;0.0000;6.8165;0.0000;-796.7500;0.0000;6.8165;1.0000;0.0000;0.0000;0.0000;0.0000
439;402.06;788.6000;2430.9500;844.7000;56.1000;3.4158;1.4665;0.0000;-788.6000;0.0000;6.8165;0.0000;-788.6000;0.0000;6.8165;1.0000;0.0000;0.0000;0.0000;0.0000
440;402.43;778.7500;2495.9500;849.5500;70.8000;4.1230;1.3848;0.0000;-778.7500;0.0000;6.8165;0.0000;-778.7500;0.0000;6.8165;1.0000;0.0000;0.0000;0.0000;0.0000
441;402.80;769.1000;2538.4000;861.0000;91.9000;5.1941;1.2845;0.0000;-769.1000;0.0000;6.8165;0.0000;-769.1000;0.0000;6.8165;1.0000;0.0000;0.0000;0.0000;0.0000
442;403.16;779.3500;2572.1000;857.8500;78.5000;4.3787;1.3587;0.0000;-779.3500;0.0000;6.8165;0.0000;-779.3500;0.0000;6.8165;1.0000;0.0000;0.0000;0.0000;0.0000
443;403.53;778.0000;2570.5500;865.5500;87.5500;4.8841;1.3112;0.0000;-778.0000;0.0000;6.8165;0.0000;-778.0000;0.0000;6.8165;1.0000;0.0000;0.0000;0.0000;0.0000
444;403.90;787.0500;2743.1000;858.3500;71.3000;3.6451;1.4383;0.0000;-787.0500;0.0000;6.8165;0.0000;-787.0500;0.0000;6.8165;1.0000;0.0000;0.0000;0.0000;0.0000
445;404.27;790.8500;2716.3000;863.4500;72.6000;3.7705;1.4236;0.0000;-790.8500;0.0000;6.8165;0.0000;-790.8500;0.0000;6.8165;1.0000;0.0000;0.0000;0.0000;0.0000
446;404.63;795.9500;2804.0500;841.6500;45.7000;2.2758;1.6429;0.0000;-795.9500;0.0000;6.8165;0.0000;-795.9500;0.0000;6.8165;1.0000;0.0000;0.0000;0.0000;0.0000
447;405.00;782.5500;2913.5500;859.4000;76.8500;3.6063;1.4429;0.0000;-782.5500;0.0000;6.8165;0.0000;-782.5500;0.0000;6.8165;1.0000;0.0000;0.0000;0.0000;0.0000
448;405.37;782.6000;2969.2500;858.2000;75.6000;3.4573;1.4613;0.0000;-782.6000;0.0000;6.8165;0.0000;-782.6000;0.0000;6.8165;1.0000;0.0000;0.0000;0.0000;0.0000
449;405.73;783.4500;3009.2000;872.3000;88.8500;3.9919;1.3988;0.0000;-783.4500;0.0000;6.8165;0.0000;-783.4500;0.0000;6.8165;1.0000;0.0000;0.0000;0.0000;0.0000
450;406.10;795.7000;3104.5000;864.2500;68.5500;2.9691;1.5274;0.0000;-795.7000;0.0000;6.8165;0.0000;-795.7000;0.0000;6.8165;1.0000;0.0000;0.0000;0.0000;0.0000
451;406.47;789.1000;3163.9500;867.9000;78.8000;3.3181;1.4791;0.0000;-789.1000;0.0000;6.8165;0.0000;-789.1000;0.0000;6.8165;1.0000;0.0000;0.0000;0.0000;0.0000
452;406.83;779.6000;3292.7500;860.3000;80.7000;3.2111;1.4933;0.0000;-779.6000;0.0000;6.8165;0.0000;-779.6000;0.0000;6.8165;1.0000;0.0000;0.0000;0.0000;0.0000
453;407.20;772.0500;3331.0000;871.4500;99.4000;3.8844;1.4107;0.0000;-772.0500;0.0000;6.8165;0.0000;-772.0500;0.0000;6.8165;1.0000;0.0000;0.0000;0.0000;0.0000
454;407.57;786.6000;3478.3500;868.5500;81.9500;3.0445;1.5165;0.0000;-786.6000;0.0000;6.8165;0.0000;-786.6000;0.0000;6.8165;1.0000;0.0000;0.0000;0.0000;0.0000
455;407.93;788.1000;3466.3000;866.6500;78.5500;2.9329;1.5327;0.0000;-788.1000;0.0000;6.8165;0.0000;-788.1000;0.0000;6.8165;1.0000;0.0000;0.0000;0.0000;0.0000
456;408.30;786.8500;3550.4000;860.5000;73.6500;2.6651;1.5743;0.0000;-786.8500;0.0000;6.8165;0.0000;-786.8500;0.0000;6.8165;1.0000;0.0000;0.0000;0.0000;0.0000
457;408.67;776.9000;3649.3000;867.3500;90.4500;3.1489;1.5018;0.0000;-776.9000;0.0000;6.8165;0.0000;-776.9000;0.0000;6.8165;1.0000;0.0000;0.0000;0.0000;0.0000
458;409.03;791.7500;3779.9000;861.3000;69.5500;2.3275;1.6331;0.0000;-791.7500;0.0000;6.8165;0.0000;-791.7500;0.0000;6.8165;1.0000;0.0000;0.0000;0.0000;0.0000
459;409.40;766.6000;3773.8500;846.3000;79.7000;2.6503;1.5767;0.0000;-766.6000;0.0000;6.8165;0.0000;-766.6000;0.0000;6.8165;1.0000;0.0000;0.0000;0.0000;0.0000
460;409.76;783.8500;3905.0500;854.2500;70.4000;2.2555;1.6467;0.0000;-783.8500;0.0000;6.8165;0.0000;-783.8500;0.0000;6.8165;1.0000;0.0000;0.0000;0.0000;0.0000
461;410.13;794.6500;3815.9000;848.5500;53.9000;1.7840;1.7486;0.0000;-794.6500;0.0000;6.8165;0.0000;-794.6500;0.0000;6.8165;1.0000;0.0000;0.0000;0.0000;0.0000
462;410.50;786.6000;3954.1500;857.4000;70.8000;2.2352;1.6507;0.0000;-786.6000;0.0000;6.8165;0.0000;-786.6000;0.0000;6.8165;1.0000;0.0000;0.0000;0.0000;0.0000
463;410.86;779.7000;4042.3500;870.9500;91.2500;2.7968;1.5533;0.0000;-779.7000;0.0000;6.8165;0.0000;-779.7000;0.0000;6.8165;1.0000;0.0000;0.0000;0.0000;0.0000
464;411.23;779.1500;4107.1000;868.2500;89.1000;2.6773;1.5723;0.0000;-779.1500;0.0000;6.8165;0.0000;-779.1500;0.0000;6.8165;1.0000;0.0000;0.0000;0.0000;0.0000
465;411.59;791.9000;4230.3500;860.1000;68.2000;1.9835;1.7026;0.0000;-791.9000;0.0000;6.8165;0.0000;-791.9000;0.0000;6.8165;1.0000;0.0000;0.0000;0.0000;0.0000
466;411.96;787.7000;4159.6000;849.8000;62.1000;1.8417;1.7348;0.0000;-787.7000;0.0000;6.8165;0.0000;-787.7000;0.0000;6.8165;1.0000;0.0000;0.0000;0.0000;0.0000
467;412.32;786.0000;4265.5000;860.2000;74.2000;2.1325;1.6711;0.0000;-786.0000;0.0000;6.8165;0.0000;-786.0000;0.0000;6.8165;1.0000;0.0000;0.0000;0.0000;0.0000
468;412.69;786.1500;4409.8000;852.1500;66.0000;1.8214;1.7396;0.0000;-786.1500;0.0000;6.8165;0.0000;-786.1500;0.0000;6.8165;1.0000;0.0000;0.0000;0.0000;0.0000
469;413.05;786.7500;4529.9000;855.1500;68.4000;1.8273;1.7382;0.0000;-786.7500;0.0000;6.8165;0.0000;-786.7500;0.0000;6.8165;1.0000;0.0000;0.0000;0.0000;0.0000
470;413.42;785.5500;4457.6000;859.9000;74.3500;2.0248;1.6936;0.0000;-785.5500;0.0000;6.8165;0.0000;-785.5500;0.0000;6.8165;1.0000;0.0000;0.0000;0.0000;0.0000
471;413.78;778.4000;4730.5500;865.3000;86.9000;2.1988;1.6578;0.0000;-778.4000;0.0000;6.8165;0.0000;-778.4000;0.0000;6.8165;1.0000;0.0000;0.0000;0.0000;0.0000
472;414.15;770.9000;4777.5000;851.7500;80.8500;2.0179;1.6951;0.0000;-770.9000;0.0000;6.8165;0.0000;-770.9000;0.0000;6.8165;1.0000;0.0000;0.0000;0.0000;0.0000
473;414.51;786.6000;4702.6000;859.8500;73.2500;1.8705;1.7280;0.0000;-786.6000;0.0000;6.8165;0.0000;-786.6000;0.0000;6.8165;1.0000;0.0000;0.0000;0.0000;0.0000
474;414.88;780.0500;4842.6000;876.9500;96.9000;2.3852;1.6225;0.0000;-780.0500;0.0000;6.8165;0.0000;-780.0500;0.0000;6.8165;1.0000;0.0000;0.0000;0.0000;0.0000
475;415.24;793.9500;5018.6500;864.4000;70.4500;1.6676;1.7779;0.0000;-793.9500;0.0000;6.8165;0.0000;-793.9500;0.0000;6.8165;1.0000;0.0000;0.0000;0.0000;0.0000
476;415.61;783.6000;5094.8500;862.6000;79.0000;1.8324;1.7370;0.0000;-783.6000;0.0000;6.8165;0.0000;-783.6000;0.0000;6.8165;1.0000;0.0000;0.0000;0.0000;0.0000
477;415.97;798.7500;5049.6500;860.1000;61.3500;1.4432;1.8407;0.0000;-798.7500;0.0000;6.8165;0.0000;-798.7500;0.0000;6.8165;1.0000;0.0000;0.0000;0.0000;0.0000
478;416.33;804.9500;5168.2500;858.0500;53.1000;1.2170;1.9147;0.0000;-804.9500;0.0000;6.8165;0.0000;-804.9500;0.0000;6.8165;1.0000;0.0000;0.0000;0.0000;0.0000
479;416.70;788.0500;5284.5500;863.3000;75.2500;1.6735;1.7764;0.0000;-788.0500;0.0000;6.8165;0.0000;-788.0500;0.0000;6.8165;1.0000;0.0000;0.0000;0.0000;0.0000
480;417.06;787.7000;5507.0000;875.0000;87.3000;1.8499;1.7329;0.0000;-787.7000;0.0000;6.8165;0.0000;-787.7000;0.0000;6.8165;1.0000;0.0000;0.0000;0.0000;0.0000
481;417.43;790.1500;5516.6000;870.4500;80.3000;1.6989;1.7698;0.0000;-790.1500;0.0000;6.8165;0.0000;-790.1500;0.0000;6.8165;1.0000;0.0000;0.0000;0.0000;0.0000
482;417.79;788.6000;5522.0000;867.9500;79.3500;1.6764;1.7756;0.0000;-788.6000;0.0000;6.8165;0.0000;-788.6000;0.0000;6.8165;1.0000;0.0000;0.0000;0.0000;0.0000
483;418.15;778.3000;5494.3000;872.0500;93.7500;1.9879;1.7016;0.0000;-778.3000;0.0000;6.8165;0.0000;-778.3000;0.0000;6.8165;1.0000;0.0000;0.0000;0.0000;0.0000
484;418.52;785.7500;5694.2500;857.8000;72.0500;1.4679;1.8333;0.0000;-785.7500;0.0000;6.8165;0.0000;-785.7500;0.0000;6.8165;1.0000;0.0000;0.0000;0.0000;0.0000
485;418.88;790.6500;5751.1500;864.3500;73.7000;1.4857;1.8281;0.0000;-790.6500;0.0000;6.8165;0.0000;-790.6500;0.0000;6.8165;1.0000;0.0000;0.0000;0.0000;0.0000
486;419.24;789.7000;5996.1500;860.7000;71.0000;1.3637;1.8653;0.0000;-789.7000;0.0000;6.8165;0.0000;-789.7000;0.0000;6.8165;1.0000;0.0000;0.0000;0.0000;0.0000
487;419.61;795.2000;6019.8500;853.6500;58.4500;1.1187;1.9513;0.0000;-795.2000;0.0000;6.8165;0.0000;-795.2000;0.0000;6.8165;1.0000;0.0000;0.0000;0.0000;0.0000
488;419.97;795.8500;6026.2500;873.2000;77.3500;1.4789;1.8301;0.0000;-795.8500;0.0000;6.8165;0.0000;-795.8500;0.0000;6.8165;1.0000;0.0000;0.0000;0.0000;0.0000
489;420.33;780.3500;6348.4500;873.3500;93.0000;1.6702;1.7772;0.0000;-780.3500;0.0000;6.8165;0.0000;-780.3500;0.0000;6.8165;1.0000;0.0000;0.0000;0.0000;0.0000
490;420.70;786.5000;6250.3000;870.7500;84.2500;1.5420;1.8119;0.0000;-786.5000;0.0000;6.8165;0.0000;-786.5000;0.0000;6.8165;1.0000;0.0000;0.0000;0.0000;0.0000
491;421.06;792.3000;6437.7000;867.5500;75.2500;1.3329;1.8752;0.0000;-792.3000;0.0000;6.8165;0.0000;-792.3000;0.0000;6.8165;1.0000;0.0000;0.0000;0.0000;0.0000
492;421.42;780.7500;6517.1500;869.5000;88.7500;1.5471;1.8105;0.0000;-780.7500;0.0000;6.8165;0.0000;-780.7500;0.0000;6.8165;1.0000;0.0000;0.0000;0.0000;0.0000
493;421.79;792.8500;6593.3500;861.4000;68.5500;1.1818;1.9275;0.0000;-792.8500;0.0000;6.8165;0.0000;-792.8500;0.0000;6.8165;1.0000;0.0000;0.0000;0.0000;0.0000
494;422.15;785.0500;6582.3000;856.6000;71.5500;1.2342;1.9086;0.0000;-785.0500;0.0000;6.8165;0.0000;-785.0500;0.0000;6.8165;1.0000;0.0000;0.0000;0.0000;0.0000
495;422.51;777.2500;6682.3000;881.9500;104.7000;1.7731;1.7513;0.0000;-777.2500;0.0000;6.8165;0.0000;-777.2500;0.0000;6.8165;1.0000;0.0000;0.0000;0.0000;0.0000
496;422.87;781.9000;6841.3000;864.8500;82.9500;1.3689;1.8636;0.0000;-781.9000;0.0000;6.8165;0.0000;-781.9000;0.0000;6.8165;1.0000;0.0000;0.0000;0.0000;0.0000
497;423.24;789.6500;6932.4000;848.3000;58.6500;0.9548;2.0201;0.0000;-789.6500;0.0000;6.8165;0.0000;-789.6500;0.0000;6.8165;1.0000;0.0000;0.0000;0.0000;0.0000
498;423.60;789.0000;7033.2000;873.9000;84.9000;1.3597;1.8666;0.0000;-789.0000;0.0000;6.8165;0.0000;-789.0000;0.0000;6.8165;1.0000;0.0000;0.0000;0.0000;0.0000
499;423.96;796.6500;7164.9500;869.7500;73.1000;1.1479;1.9401;0.0000;-796.6500;0.0000;6.8165;0.0000;-796.6500;0.0000;6.8165;1.0000;0.0000;0.0000;0.0000;0.0000
500;424.32;791.5500;7268.3000;875.9000;84.3500;1.3024;1.8853;0.0000;-791.5500;0.0000;6.8165;0.0000;-791.5500;0.0000;6.8165;1.0000;0.0000;0.0000;0.0000;0.0000
501;424.69;789.8500;7355.2500;873.2000;83.3500;1.2695;1.8964;0.0000;-789.8500;0.0000;6.8165;0.0000;-789.8500;0.0000;6.8165;1.0000;0.0000;0.0000;0.0000;0.0000
502;425.05;782.3000;7707.1500;872.4000;90.1000;1.3011;1.8857;0.0000;-782.3000;0.0000;6.8165;0.0000;-782.3000;0.0000;6.8165;1.0000;0.0000;0.0000;0.0000;0.0000
503;425.41;788.2500;8027.3500;873.3000;85.0500;1.1749;1.9300;0.0000;-788.2500;0.0000;6.8165;0.0000;-788.2500;0.0000;6.8165;1.0000;0.0000;0.0000;0.0000;0.0000
504;425.77;783.6000;7837.6000;874.3000;90.7000;1.2858;1.8908;0.0000;-783.6000;0.0000;6.8165;0.0000;-783.6000;0.0000;6.8165;1.0000;0.0000;0.0000;0.0000;0.0000
505;426.13;794.8000;7938.1000;875.5000;80.7000;1.1297;1.9470;0.0000;-794.8000;0.0000;6.8165;0.0000;-794.8000;0.0000;6.8165;1.0000;0.0000;0.0000;0.0000;0.0000
506;426.50;793.3500;7916.4500;863.5000;70.1500;0.9848;2.0066;0.0000;-793.3500;0.0000;6.8165;0.0000;-793.3500;0.0000;6.8165;1.0000;0.0000;0.0000;0.0000;0.0000
507;426.86;785.4000;7952.4500;873.8000;88.4000;1.2334;1.9089;0.0000;-785.4000;0.0000;6.8165;0.0000;-785.4000;0.0000;6.8165;1.0000;0.0000;0.0000;0.0000;0.0000
508;427.22;780.4000;8391.8000;864.3000;83.9000;1.1023;1.9577;0.0000;-780.4000;0.0000;6.8165;0.0000;-780.4000;0.0000;6.8165;1.0000;0.0000;0.0000;0.0000;0.0000
509;427.58;791.8000;8215.8500;850.0000;58.2000;0.7839;2.1057;0.0000;-791.8000;0.0000;6.8165;0.0000;-791.8000;0.0000;6.8165;1.0000;0.0000;0.0000;0.0000;0.0000
510;427.94;797.5000;8576.0000;871.7000;74.2000;0.9539;2.0205;0.0000;-797.5000;0.0000;6.8165;0.0000;-797.5000;0.0000;6.8165;1.0000;0.0000;0.0000;0.0000;0.0000
511;428.30;794.4500;8912.9000;884.7000;90.2500;1.1117;1.9540;0.0000;-794.4500;0.0000;6.8165;0.0000;-794.4500;0.0000;6.8165;1.0000;0.0000;0.0000;0.0000;0.0000
512;428.66;773.4500;8596.8500;874.0500;100.6000;1.2859;1.8908;0.0000;-773.4500;0.0000;6.8165;0.0000;-773.4500;0.0000;6.8165;1.0000;0.0000;0.0000;0.0000;0.0000
513;429.02;786.7500;8763.0000;866.8000;80.0500;1.0036;1.9984;0.0000;-786.7500;0.0000;6.8165;0.0000;-786.7500;0.0000;6.8165;1.0000;0.0000;0.0000;0.0000;0.0000
514;429.39;777.4500;8900.4500;874.7500;97.3000;1.1978;1.9216;0.0000;-777.4500;0.0000;6.8165;0.0000;-777.4500;0.0000;6.8165;1.0000;0.0000;0.0000;0.0000;0.0000
515;429.75;780.9500;9076.6000;876.3000;95.3500;1.1494;1.9395;0.0000;-780.9500;0.0000;6.8165;0.0000;-780.9500;0.0000;6.8165;1.0000;0.0000;0.0000;0.0000;0.0000
516;430.11;789.6500;9156.6500;870.4500;80.8000;0.9657;2.0152;0.0000;-789.6500;0.0000;6.8165;0.0000;-789.6500;0.0000;6.8165;1.0000;0.0000;0.0000;0.0000;0.0000
517;430.47;792.8000;9381.3500;866.6000;73.8000;0.8593;2.0659;0.0000;-792.8000;0.0000;6.8165;0.0000;-792.8000;0.0000;6.8165;1.0000;0.0000;0.0000;0.0000;0.0000
518;430.83;795.3500;9457.5500;878.3500;83.0000;0.9582;2.0186;0.0000;-795.3500;0.0000;6.8165;0.0000;-795.3500;0.0000;6.8165;1.0000;0.0000;0.0000;0.0000;0.0000
519;431.19;780.7000;9605.8000;863.9500;83.2500;0.9433;2.0253;0.0000;-780.7000;0.0000;6.8165;0.0000;-780.7000;0.0000;6.8165;1.0000;0.0000;0.0000;0.0000;0.0000
520;431.55;778.8000;9383.7500;881.0500;102.2500;1.1883;1.9251;0.0000;-778.8000;0.0000;6.8165;0.0000;-778.8000;0.0000;6.8165;1.0000;0.0000;0.0000;0.0000;0.0000
521;431.91;786.4500;9725.1000;864.7500;78.3000;0.8760;2.0575;0.0000;-786.4500;0.0000;6.8165;0.0000;-786.4500;0.0000;6.8165;1.0000;0.0000;0.0000;0.0000;0.0000
522;432.27;785.3000;9999.4500;872.6500;87.3500;0.9480;2.0232;0.0000;-785.3000;0.0000;6.8165;0.0000;-785.3000;0.0000;6.8165;1.0000;0.0000;0.0000;0.0000;0.0000
523;432.63;795.0000;9909.7500;881.3000;86.3000;0.9468;2.0237;0.0000;-795.0000;0.0000;6.8165;0.0000;-795.0000;0.0000;6.8165;1.0000;0.0000;0.0000;0.0000;0.0000
524;432.99;779.2500;10100.3000;865.8500;86.6000;0.9291;2.0319;0.0000;-779.2500;0.0000;6.8165;0.0000;-779.2500;0.0000;6.8165;1.0000;0.0000;0.0000;0.0000;0.0000
525;433.35;775.5500;10240.9000;856.9500;81.4000;0.8600;2.0655;0.0000;-775.5500;0.0000;6.8165;0.0000;-775.5500;0.0000;6.8165;1.0000;0.0000;0.0000;0.0000;0.0000
526;433.71;787.1000;10248.3500;861.6000;74.5000;0.7874;2.1038;0.0000;-787.1000;0.0000;6.8165;0.0000;-787.1000;0.0000;6.8165;1.0000;0.0000;0.0000;0.0000;0.0000
527;434.07;795.4000;10787.7000;870.8000;75.4000;0.7546;2.1223;0.0000;-795.4000;0.0000;6.8165;0.0000;-795.4000;0.0000;6.8165;1.0000;0.0000;0.0000;0.0000;0.0000
528;434.43;782.2500;10712.5500;868.3000;86.0500;0.8665;2.0622;0.0000;-782.2500;0.0000;6.8165;0.0000;-782.2500;0.0000;6.8165;1.0000;0.0000;0.0000;0.0000;0.0000
529;434.79;803.2500;10828.2000;872.2000;68.9500;0.6878;2.1625;0.0000;-803.2500;0.0000;6.8165;0.0000;-803.2500;0.0000;6.8165;1.0000;0.0000;0.0000;0.0000;0.0000
530;435.15;785.3000;11048.5500;880.6500;95.3500;0.9290;2.0320;0.0000;-785.3000;0.0000;6.8165;0.0000;-785.3000;0.0000;6.8165;1.0000;0.0000;0.0000;0.0000;0.0000
531;435.51;803.2500;11301.9500;887.5000;84.2500;0.8025;2.0956;0.0000;-803.2500;0.0000;6.8165;0.0000;-803.2500;0.0000;6.8165;1.0000;0.0000;0.0000;0.0000;0.0000
532;435.87;768.5000;11327.1000;881.0500;112.5500;1.0660;1.9723;0.0000;-768.5000;0.0000;6.8165;0.0000;-768.5000;0.0000;6.8165;1.0000;0.0000;0.0000;0.0000;0.0000
533;436.23;792.4000;11695.5000;873.1000;80.7000;0.7402;2.1307;0.0000;-792.4000;0.0000;6.8165;0.0000;-792.4000;0.0000;6.8165;1.0000;0.0000;0.0000;0.0000;0.0000
534;436.59;799.5000;11929.1500;871.8000;72.3000;0.6496;2.1873;0.0000;-799.5000;0.0000;6.8165;0.0000;-799.5000;0.0000;6.8165;1.0000;0.0000;0.0000;0.0000;0.0000
535;436.94;801.7000;12113.1000;882.3000;80.6000;0.7126;2.1472;0.0000;-801.7000;0.0000;6.8165;0.0000;-801.7000;0.0000;6.8165;1.0000;0.0000;0.0000;0.0000;0.0000
536;437.30;784.7000;12310.9000;868.1000;83.4000;0.7236;2.1405;0.0000;-784.7000;0.0000;6.8165;0.0000;-784.7000;0.0000;6.8165;1.0000;0.0000;0.0000;0.0000;0.0000
537;437.66;803.8000;12222.3000;876.1500;72.3500;0.6336;2.1982;0.0000;-803.8000;0.0000;6.8165;0.0000;-803.8000;0.0000;6.8165;1.0000;0.0000;0.0000;0.0000;0.0000
538;438.02;782.2000;12650.1500;888.1500;105.9500;0.8927;2.0493;0.0000;-782.2000;0.0000;6.8165;0.0000;-782.2000;0.0000;6.8165;1.0000;0.0000;0.0000;0.0000;0.0000
539;438.38;787.3000;12940.7500;872.4000;85.1000;0.7002;2.1548;0.0000;-787.3000;0.0000;6.8165;0.0000;-787.3000;0.0000;6.8165;1.0000;0.0000;0.0000;0.0000;0.0000
540;438.74;797.0500;13078.2000;880.5500;83.5000;0.6799;2.1676;0.0000;-797.0500;0.0000;6.8165;0.0000;-797.0500;0.0000;6.8165;1.0000;0.0000;0.0000;0.0000;0.0000
541;439.10;792.9500;12701.4000;865.7000;72.7500;0.6109;2.2140;0.0000;-792.9500;0.0000;6.8165;0.0000;-792.9500;0.0000;6.8165;1.0000;0.0000;0.0000;0.0000;0.0000
542;439.46;789.8000;12907.2500;874.0000;84.2000;0.6949;2.1581;0.0000;-789.8000;0.0000;6.8165;0.0000;-789.8000;0.0000;6.8165;1.0000;0.0000;0.0000;0.0000;0.0000
543;439.81;781.3000;13138.8500;870.2000;88.9000;0.7194;2.1430;0.0000;-781.3000;0.0000;6.8165;0.0000;-781.3000;0.0000;6.8165;1.0000;0.0000;0.0000;0.0000;0.0000
544;440.17;776.4500;12955.9000;876.0500;99.6000;0.8178;2.0874;0.0000;-776.4500;0.0000;6.8165;0.0000;-776.4500;0.0000;6.8165;1.0000;0.0000;0.0000;0.0000;0.0000
545;440.53;795.3000;13222.2000;881.4500;86.1500;0.6933;2.1591;0.0000;-795.3000;0.0000;6.8165;0.0000;-795.3000;0.0000;6.8165;1.0000;0.0000;0.0000;0.0000;0.0000
546;440.89;798.2000;13253.3000;896.5000;98.3000;0.7892;2.1028;0.0000;-798.2000;0.0000;6.8165;0.0000;-798.2000;0.0000;6.8165;1.0000;0.0000;0.0000;0.0000;0.0000
547;441.25;789.3500;13314.3500;890.5500;101.2000;0.8080;2.0926;0.0000;-789.3500;0.0000;6.8165;0.0000;-789.3500;0.0000;6.8165;1.0000;0.0000;0.0000;0.0000;0.0000
548;441.60;786.0500;13481.6500;870.3000;84.2500;0.6636;2.1781;0.0000;-786.0500;0.0000;6.8165;0.0000;-786.0500;0.0000;6.8165;1.0000;0.0000;0.0000;0.0000;0.0000
549;441.96;779.4000;13702.7000;878.5500;99.1500;0.7672;2.1151;0.0000;-779.4000;0.0000;6.8165;0.0000;-779.4000;0.0000;6.8165;1.0000;0.0000;0.0000;0.0000;0.0000
550;442.32;780.9000;13522.6000;883.5500;102.6500;0.8056;2.0939;0.0000;-780.9000;0.0000;6.8165;0.0000;-780.9000;0.0000;6.8165;1.0000;0.0000;0.0000;0.0000;0.0000
551;442.68;787.6000;13399.9500;873.7000;86.1000;0.6827;2.1658;0.0000;-787.6000;0.0000;6.8165;0.0000;-787.6000;0.0000;6.8165;1.0000;0.0000;0.0000;0.0000;0.0000
552;443.03;794.7000;14253.3500;878.6000;83.9000;0.6234;2.2052;0.0000;-794.7000;0.0000;6.8165;0.0000;-794.7000;0.0000;6.8165;1.0000;0.0000;0.0000;0.0000;0.0000
553;443.39;766.8000;13780.5000;873.0500;106.2500;0.8164;2.0881;0.0000;-766.8000;0.0000;6.8165;0.0000;-766.8000;0.0000;6.8165;1.0000;0.0000;0.0000;0.0000;0.0000
554;443.75;773.1000;14825.5500;879.2000;106.1000;0.7550;2.1220;0.0000;-773.1000;0.0000;6.8165;0.0000;-773.1000;0.0000;6.8165;1.0000;0.0000;0.0000;0.0000;0.0000
555;444.11;781.5500;14691.8000;883.7500;102.2000;0.7347;2.1339;0.0000;-781.5500;0.0000;6.8165;0.0000;-781.5500;0.0000;6.8165;1.0000;0.0000;0.0000;0.0000;0.0000
556;444.46;788.7500;14529.1000;889.7500;101.0000;0.7351;2.1337;0.0000;-788.7500;0.0000;6.8165;0.0000;-788.7500;0.0000;6.8165;1.0000;0.0000;0.0000;0.0000;0.0000
557;444.82;795.6000;14497.4000;888.1000;92.5000;0.6751;2.1706;0.0000;-795.6000;0.0000;6.8165;0.0000;-795.6000;0.0000;6.8165;1.0000;0.0000;0.0000;0.0000;0.0000
558;445.18;786.4500;14488.4500;899.5000;113.0500;0.8251;2.0835;0.0000;-786.4500;0.0000;6.8165;0.0000;-786.4500;0.0000;6.8165;1.0000;0.0000;0.0000;0.0000;0.0000
559;445.53;786.2000;14732.8500;887.7500;101.5500;0.7281;2.1378;0.0000;-786.2000;0.0000;6.8165;0.0000;-786.2000;0.0000;6.8165;1.0000;0.0000;0.0000;0.0000;0.0000
560;445.89;786.9000;14933.7000;885.2000;98.3000;0.6949;2.1581;0.0000;-786.9000;0.0000;6.8165;0.0000;-786.9000;0.0000;6.8165;1.0000;0.0000;0.0000;0.0000;0.0000
561;446.25;788.8500;15432.9000;884.5000;95.6500;0.6532;2.1850;0.0000;-788.8500;0.0000;6.8165;0.0000;-788.8500;0.0000;6.8165;1.0000;0.0000;0.0000;0.0000;0.0000
562;446.60;792.4500;15086.3000;890.0000;97.5500;0.6825;2.1659;0.0000;-792.4500;0.0000;6.8165;0.0000;-792.4500;0.0000;6.8165;1.0000;0.0000;0.0000;0.0000;0.0000
563;446.96;797.0500;15088.6000;901.7000;104.6500;0.7323;2.1353;0.0000;-797.0500;0.0000;6.8165;0.0000;-797.0500;0.0000;6.8165;1.0000;0.0000;0.0000;0.0000;0.0000
564;447.32;800.7000;15512.8000;898.7000;98.0000;0.6661;2.1764;0.0000;-800.7000;0.0000;6.8165;0.0000;-800.7000;0.0000;6.8165;1.0000;0.0000;0.0000;0.0000;0.0000
565;447.67;794.2500;15932.8500;889.9000;95.6500;0.6318;2.1994;0.0000;-794.2500;0.0000;6.8165;0.0000;-794.2500;0.0000;6.8165;1.0000;0.0000;0.0000;0.0000;0.0000
566;448.03;800.1500;15869.7000;897.8500;97.7000;0.6483;2.1882;0.0000;-800.1500;0.0000;6.8165;0.0000;-800.1500;0.0000;6.8165;1.0000;0.0000;0.0000;0.0000;0.0000
567;448.38;796.4000;16017.2000;898.9000;102.5000;0.6734;2.1717;0.0000;-796.4000;0.0000;6.8165;0.0000;-796.4000;0.0000;6.8165;1.0000;0.0000;0.0000;0.0000;0.0000
568;448.74;794.2000;16762.8000;863.9500;69.7500;0.4368;2.3597;0.0000;-794.2000;0.0000;6.8165;0.0000;-794.2000;0.0000;6.8165;1.0000;0.0000;0.0000;0.0000;0.0000
569;449.10;796.4000;16555.4500;892.5000;96.1000;0.6098;2.2148;0.0000;-796.4000;0.0000;6.8165;0.0000;-796.4000;0.0000;6.8165;1.0000;0.0000;0.0000;0.0000;0.0000
570;449.45;795.7500;17581.1000;896.4000;100.6500;0.5996;2.2221;0.0000;-795.7500;0.0000;6.8165;0.0000;-795.7500;0.0000;6.8165;1.0000;0.0000;0.0000;0.0000;0.0000
571;449.81;800.7000;18736.6500;896.4000;95.7000;0.5336;2.2728;0.0000;-800.7000;0.0000;6.8165;0.0000;-800.7000;0.0000;6.8165;1.0000;0.0000;0.0000;0.0000;0.0000
572;450.16;788.8000;19307.6000;879.8000;91.0000;0.4914;2.3086;0.0000;-788.8000;0.0000;6.8165;0.0000;-788.8000;0.0000;6.8165;1.0000;0.0000;0.0000;0.0000;0.0000
573;450.52;798.5500;20507.6000;895.1500;96.6000;0.4901;2.3097;0.0000;-798.5500;0.0000;6.8165;0.0000;-798.5500;0.0000;6.8165;1.0000;0.0000;0.0000;0.0000;0.0000
574;450.87;804.6500;19706.3000;882.4500;77.8000;0.4116;2.3855;0.0000;-804.6500;0.0000;6.8165;0.0000;-804.6500;0.0000;6.8165;1.0000;0.0000;0.0000;0.0000;0.0000
575;451.23;803.0000;18793.0500;877.8500;74.8500;0.4161;2.3808;0.0000;-803.0000;0.0000;6.8165;0.0000;-803.0000;0.0000;6.8165;1.0000;0.0000;0.0000;0.0000;0.0000
576;451.59;801.8500;18857.0500;902.2000;100.3500;0.5558;2.2551;0.0000;-801.8500;0.0000;6.8165;0.0000;-801.8500;0.0000;6.8165;1.0000;0.0000;0.0000;0.0000;0.0000
577;451.94;794.4000;18728.5500;892.9500;98.5500;0.5495;2.2600;0.0000;-794.4000;0.0000;6.8165;0.0000;-794.4000;0.0000;6.8165;1.0000;0.0000;0.0000;0.0000;0.0000
578;452.30;800.2000;19080.9500;868.1000;67.9000;0.3714;2.4301;0.0000;-800.2000;0.0000;6.8165;0.0000;-800.2000;0.0000;6.8165;1.0000;0.0000;0.0000;0.0000;0.0000
579;452.65;785.0500;19104.2500;884.3000;99.2500;0.5418;2.2662;0.0000;-785.0500;0.0000;6.8165;0.0000;-785.0500;0.0000;6.8165;1.0000;0.0000;0.0000;0.0000;0.0000
580;453.01;793.6000;19648.8000;893.4500;99.8500;0.5296;2.2761;0.0000;-793.6000;0.0000;6.8165;0.0000;-793.6000;0.0000;6.8165;1.0000;0.0000;0.0000;0.0000;0.0000
581;453.36;785.2500;19111.7500;900.9000;115.6500;0.6311;2.1999;0.0000;-785.2500;0.0000;6.8165;0.0000;-785.2500;0.0000;6.8165;1.0000;0.0000;0.0000;0.0000;0.0000
582;453.71;797.6500;18241.4500;892.7500;95.1000;0.5452;2.2635;0.0000;-797.6500;0.0000;6.8165;0.0000;-797.6500;0.0000;6.8165;1.0000;0.0000;0.0000;0.0000;0.0000
583;454.07;788.7500;18685.4500;892.0000;103.2500;0.5769;2.2389;0.0000;-788.7500;0.0000;6.8165;0.0000;-788.7500;0.0000;6.8165;1.0000;0.0000;0.0000;0.0000;0.0000
584;454.42;778.9500;18717.6000;907.9000;128.9500;0.7188;2.1434;0.0000;-778.9500;0.0000;6.8165;0.0000;-778.9500;0.0000;6.8165;1.0000;0.0000;0.0000;0.0000;0.0000
585;454.78;775.4500;19544.4000;899.8500;124.4000;0.6628;2.1786;0.0000;-775.4500;0.0000;6.8165;0.0000;-775.4500;0.0000;6.8165;1.0000;0.0000;0.0000;0.0000;0.0000
586;455.13;785.5000;19540.3000;898.2000;112.7000;0.6009;2.2212;0.0000;-785.5000;0.0000;6.8165;0.0000;-785.5000;0.0000;6.8165;1.0000;0.0000;0.0000;0.0000;0.0000
587;455.49;808.5000;20268.2500;898.6000;90.1000;0.4630;2.3344;0.0000;-808.5000;0.0000;6.8165;0.0000;-808.5000;0.0000;6.8165;1.0000;0.0000;0.0000;0.0000;0.0000
588;455.84;789.4500;19393.4500;892.7500;103.3000;0.5553;2.2555;0.0000;-789.4500;0.0000;6.8165;0.0000;-789.4500;0.0000;6.8165;1.0000;0.0000;0.0000;0.0000;0.0000
589;456.19;794.7500;20441.2000;903.3000;108.5500;0.5525;2.2577;0.0000;-794.7500;0.0000;6.8165;0.0000;-794.7500;0.0000;6.8165;1.0000;0.0000;0.0000;0.0000;0.0000
590;456.55;796.2000;20996.9500;911.4500;115.2500;0.5705;2.2437;0.0000;-796.2000;0.0000;6.8165;0.0000;-796.2000;0.0000;6.8165;1.0000;0.0000;0.0000;0.0000;0.0000
591;456.90;781.8500;21459.0500;890.0000;108.1500;0.5230;2.2815;0.0000;-781.8500;0.0000;6.8165;0.0000;-781.8500;0.0000;6.8165;1.0000;0.0000;0.0000;0.0000;0.0000
592;457.26;797.6500;21664.9000;890.6500;93.0000;0.4457;2.3510;0.0000;-797.6500;0.0000;6.8165;0.0000;-797.6500;0.0000;6.8165;1.0000;0.0000;0.0000;0.0000;0.0000
593;457.61;794.8500;21570.4000;908.1500;113.3000;0.5454;2.2633;0.0000;-794.8500;0.0000;6.8165;0.0000;-794.8500;0.0000;6.8165;1.0000;0.0000;0.0000;0.0000;0.0000
594;457.96;805.1000;22123.5000;906.5500;101.4500;0.4759;2.3225;0.0000;-805.1000;0.0000;6.8165;0.0000;-805.1000;0.0000;6.8165;1.0000;0.0000;0.0000;0.0000;0.0000
595;458.32;795.0000;23093.7000;897.0500;102.0500;0.4576;2.3395;0.0000;-795.0000;0.0000;6.8165;0.0000;-795.0000;0.0000;6.8165;1.0000;0.0000;0.0000;0.0000;0.0000
596;458.67;798.7500;22657.7000;893.3500;94.6000;0.4328;2.3637;0.0000;-798.7500;0.0000;6.8165;0.0000;-798.7500;0.0000;6.8165;1.0000;0.0000;0.0000;0.0000;0.0000
597;459.02;790.1000;22694.9500;885.4500;95.3500;0.4353;2.3612;0.0000;-790.1000;0.0000;6.8165;0.0000;-790.1000;0.0000;6.8165;1.0000;0.0000;0.0000;0.0000;0.0000
598;459.38;803.7000;22664.9500;898.3500;94.6500;0.4330;2.3636;0.0000;-803.7000;0.0000;6.8165;0.0000;-803.7000;0.0000;6.8165;1.0000;0.0000;0.0000;0.0000;0.0000
599;459.73;791.7500;22936.1000;900.6500;108.9000;0.4918;2.3082;0.0000;-791.7500;0.0000;6.8165;0.0000;-791.7500;0.0000;6.8165;1.0000;0.0000;0.0000;0.0000;0.0000
600;460.08;801.8500;22940.8500;884.5500;82.7000;0.3735;2.4277;0.0000;-801.8500;0.0000;6.8165;0.0000;-801.8500;0.0000;6.8165;1.0000;0.0000;0.0000;0.0000;0.0000
601;460.44;792.2500;23384.6000;899.5000;107.2500;0.4747;2.3236;0.0000;-792.2500;0.0000;6.8165;0.0000;-792.2500;0.0000;6.8165;1.0000;0.0000;0.0000;0.0000;0.0000
602;460.79;789.3500;23173.7000;904.2500;114.9000;0.5133;2.2896;0.0000;-789.3500;0.0000;6.8165;0.0000;-789.3500;0.0000;6.8165;1.0000;0.0000;0.0000;0.0000;0.0000
603;461.14;796.8000;24004.1000;913.7500;116.9500;0.5039;2.2976;0.0000;-796.8000;0.0000;6.8165;0.0000;-796.8000;0.0000;6.8165;1.0000;0.0000;0.0000;0.0000;0.0000
604;461.49;799.5000;24330.2500;896.8500;97.3500;0.4137;2.3833;0.0000;-799.5000;0.0000;6.8165;0.0000;-799.5000;0.0000;6.8165;1.0000;0.0000;0.0000;0.0000;0.0000
605;461.85;799.5000;24547.9500;900.3000;100.8000;0.4244;2.3722;0.0000;-799.5000;0.0000;6.8165;0.0000;-799.5000;0.0000;6.8165;1.0000;0.0000;0.0000;0.0000;0.0000
606;462.20;791.3500;25213.3500;893.3500;102.0000;0.4177;2.3792;0.0000;-791.3500;0.0000;6.8165;0.0000;-791.3500;0.0000;6.8165;1.0000;0.0000;0.0000;0.0000;0.0000
607;462.55;788.1000;24845.3500;909.5500;121.4500;0.5048;2.2968;0.0000;-788.1000;0.0000;6.8165;0.0000;-788.1000;0.0000;6.8165;1.0000;0.0000;0.0000;0.0000;0.0000
608;462.90;790.0000;26634.2000;899.8000;109.8000;0.4249;2.3718;0.0000;-790.0000;0.0000;6.8165;0.0000;-790.0000;0.0000;6.8165;1.0000;0.0000;0.0000;0.0000;0.0000
609;463.26;782.3000;27125.7500;917.3000;135.0000;0.5125;2.2903;0.0000;-782.3000;0.0000;6.8165;0.0000;-782.3000;0.0000;6.8165;1.0000;0.0000;0.0000;0.0000;0.0000
610;463.61;792.9000;26540.0000;907.9000;115.0000;0.4467;2.3500;0.0000;-792.9000;0.0000;6.8165;0.0000;-792.9000;0.0000;6.8165;1.0000;0.0000;0.0000;0.0000;0.0000
611;463.96;791.3500;26361.7000;913.1000;121.7500;0.4761;2.3223;0.0000;-791.3500;0.0000;6.8165;0.0000;-791.3500;0.0000;6.8165;1.0000;0.0000;0.0000;0.0000;0.0000
612;464.31;786.3500;27077.2500;903.1000;116.7500;0.4441;2.3525;0.0000;-786.3500;0.0000;6.8165;0.0000;-786.3500;0.0000;6.8165;1.0000;0.0000;0.0000;0.0000;0.0000
613;464.66;784.0500;26334.2000;903.0500;119.0000;0.4658;2.3318;0.0000;-784.0500;0.0000;6.8165;0.0000;-784.0500;0.0000;6.8165;1.0000;0.0000;0.0000;0.0000;0.0000
614;465.02;778.8000;26205.1000;906.6000;127.8000;0.5026;2.2988;0.0000;-778.8000;0.0000;6.8165;0.0000;-778.8000;0.0000;6.8165;1.0000;0.0000;0.0000;0.0000;0.0000
615;465.37;791.6500;26777.7500;909.0000;117.3500;0.4516;2.3453;0.0000;-791.6500;0.0000;6.8165;0.0000;-791.6500;0.0000;6.8165;1.0000;0.0000;0.0000;0.0000;0.0000
616;465.72;794.1000;27119.5500;908.0000;113.9000;0.4327;2.3639;0.0000;-794.1000;0.0000;6.8165;0.0000;-794.1000;0.0000;6.8165;1.0000;0.0000;0.0000;0.0000;0.0000
617;466.07;788.2000;26776.0500;907.6500;119.4500;0.4596;2.3376;0.0000;-788.2000;0.0000;6.8165;0.0000;-788.2000;0.0000;6.8165;1.0000;0.0000;0.0000;0.0000;0.0000
618;466.42;797.7000;27840.7500;908.2500;110.5500;0.4088;2.3885;0.0000;-797.7000;0.0000;6.8165;0.0000;-797.7000;0.0000;6.8165;1.0000;0.0000;0.0000;0.0000;0.0000
619;466.77;797.1000;27976.0500;891.7000;94.6000;0.3481;2.4583;0.0000;-797.1000;0.0000;6.8165;0.0000;-797.1000;0.0000;6.8165;1.0000;0.0000;0.0000;0.0000;0.0000
620;467.12;786.1000;28892.4000;903.7500;117.6500;0.4186;2.3782;0.0000;-786.1000;0.0000;6.8165;0.0000;-786.1000;0.0000;6.8165;1.0000;0.0000;0.0000;0.0000;0.0000
621;467.48;799.4500;30545.6500;916.7500;117.3000;0.3943;2.4041;0.0000;-799.4500;0.0000;6.8165;0.0000;-799.4500;0.0000;6.8165;1.0000;0.0000;0.0000;0.0000;0.0000
622;467.83;792.8500;32338.3000;914.2000;121.3500;0.3847;2.4149;0.0000;-792.8500;0.0000;6.8165;0.0000;-792.8500;0.0000;6.8165;1.0000;0.0000;0.0000;0.0000;0.0000
623;468.18;792.2000;32243.1500;900.6500;108.4500;0.3448;2.4624;0.0000;-792.2000;0.0000;6.8165;0.0000;-792.2000;0.0000;6.8165;1.0000;0.0000;0.0000;0.0000;0.0000
624;468.53;803.0500;32883.1000;914.8500;111.8000;0.3485;2.4578;0.0000;-803.0500;0.0000;6.8165;0.0000;-803.0500;0.0000;6.8165;1.0000;0.0000;0.0000;0.0000;0.0000
625;468.88;795.5500;32156.6000;905.3000;109.7500;0.3500;2.4560;0.0000;-795.5500;0.0000;6.8165;0.0000;-795.5500;0.0000;6.8165;1.0000;0.0000;0.0000;0.0000;0.0000
626;469.23;779.0500;31681.8000;913.2500;134.2000;0.4343;2.3622;0.0000;-779.0500;0.0000;6.8165;0.0000;-779.0500;0.0000;6.8165;1.0000;0.0000;0.0000;0.0000;0.0000
627;469.58;782.9500;31726.0500;903.3000;120.3500;0.3889;2.4101;0.0000;-782.9500;0.0000;6.8165;0.0000;-782.9500;0.0000;6.8165;1.0000;0.0000;0.0000;0.0000;0.0000
628;469.93;795.9500;31421.0500;909.7500;113.8000;0.3716;2.4299;0.0000;-795.9500;0.0000;6.8165;0.0000;-795.9500;0.0000;6.8165;1.0000;0.0000;0.0000;0.0000;0.0000
629;470.28;793.4500;31523.7000;925.9000;132.4500;0.4310;2.3655;0.0000;-793.4500;0.0000;6.8165;0.0000;-793.4500;0.0000;6.8165;1.0000;0.0000;0.0000;0.0000;0.0000
630;470.63;789.7500;30942.0000;907.0000;117.2500;0.3889;2.4102;0.0000;-789.7500;0.0000;6.8165;0.0000;-789.7500;0.0000;6.8165;1.0000;0.0000;0.0000;0.0000;0.0000
631;470.98;787.4000;30489.5500;916.8500;129.4500;0.4358;2.3607;0.0000;-787.4000;0.0000;6.8165;0.0000;-787.4000;0.0000;6.8165;1.0000;0.0000;0.0000;0.0000;0.0000
632;471.33;778.6000;29661.6500;906.9000;128.3000;0.4442;2.3524;0.0000;-778.6000;0.0000;6.8165;0.0000;-778.6000;0.0000;6.8165;1.0000;0.0000;0.0000;0.0000;0.0000
633;471.68;790.8500;30480.8500;910.1000;119.2500;0.4017;2.3962;0.0000;-790.8500;0.0000;6.8165;0.0000;-790.8500;0.0000;6.8165;1.0000;0.0000;0.0000;0.0000;0.0000
634;472.03;790.5000;29791.6500;900.4500;109.9500;0.3791;2.4212;0.0000;-790.5000;0.0000;6.8165;0.0000;-790.5000;0.0000;6.8165;1.0000;0.0000;0.0000;0.0000;0.0000
635;472.38;783.9000;29183.0500;905.1000;121.2000;0.4268;2.3698;0.0000;-783.9000;0.0000;6.8165;0.0000;-783.9000;0.0000;6.8165;1.0000;0.0000;0.0000;0.0000;0.0000
636;472.73;794.1000;30688.5500;910.1000;116.0000;0.3880;2.4111;0.0000;-794.1000;0.0000;6.8165;0.0000;-794.1000;0.0000;6.8165;1.0000;0.0000;0.0000;0.0000;0.0000
637;473.08;779.1500;32447.4000;913.3500;134.2000;0.4238;2.3729;0.0000;-779.1500;0.0000;6.8165;0.0000;-779.1500;0.0000;6.8165;1.0000;0.0000;0.0000;0.0000;0.0000
638;473.43;775.9000;34478.4500;914.9500;139.0500;0.4126;2.3845;0.0000;-775.9000;0.0000;6.8165;0.0000;-775.9000;0.0000;6.8165;1.0000;0.0000;0.0000;0.0000;0.0000
639;473.78;784.4500;36124.2000;916.8500;132.4000;0.3746;2.4264;0.0000;-784.4500;0.0000;6.8165;0.0000;-784.4500;0.0000;6.8165;1.0000;0.0000;0.0000;0.0000;0.0000
640;474.13;787.9500;34967.4500;908.7500;120.8000;0.3534;2.4517;0.0000;-787.9500;0.0000;6.8165;0.0000;-787.9500;0.0000;6.8165;1.0000;0.0000;0.0000;0.0000;0.0000
641;474.48;786.6000;33444.9500;914.2000;127.6000;0.3907;2.4081;0.0000;-786.6000;0.0000;6.8165;0.0000;-786.6000;0.0000;6.8165;1.0000;0.0000;0.0000;0.0000;0.0000
642;474.83;766.5000;30618.3000;922.2500;155.7500;0.5217;2.2825;0.0000;-766.5000;0.0000;6.8165;0.0000;-766.5000;0.0000;6.8165;1.0000;0.0000;0.0000;0.0000;0.0000
643;475.18;770.0500;30473.3500;913.4500;143.4000;0.4828;2.3163;0.0000;-770.0500;0.0000;6.8165;0.0000;-770.0500;0.0000;6.8165;1.0000;0.0000;0.0000;0.0000;0.0000
644;475.52;782.4500;30063.5500;919.9500;137.5000;0.4696;2.3283;0.0000;-782.4500;0.0000;6.8165;0.0000;-782.4500;0.0000;6.8165;1.0000;0.0000;0.0000;0.0000;0.0000
645;475.87;772.2000;29931.9000;913.7000;141.5000;0.4853;2.3140;0.0000;-772.2000;0.0000;6.8165;0.0000;-772.2000;0.0000;6.8165;1.0000;0.0000;0.0000;0.0000;0.0000
646;476.22;795.6000;29511.7000;932.6000;137.0000;0.4771;2.3214;0.0000;-795.6000;0.0000;6.8165;0.0000;-795.6000;0.0000;6.8165;1.0000;0.0000;0.0000;0.0000;0.0000
647;476.57;791.4000;29487.4000;910.4500;119.0500;0.4149;2.3821;0.0000;-791.4000;0.0000;6.8165;0.0000;-791.4000;0.0000;6.8165;1.0000;0.0000;0.0000;0.0000;0.0000
648;476.92;780.0000;29133.9500;923.3500;143.3500;0.5056;2.2962;0.0000;-780.0000;0.0000;6.8165;0.0000;-780.0000;0.0000;6.8165;1.0000;0.0000;0.0000;0.0000;0.0000
649;477.27;783.5500;29379.4000;912.8500;129.3000;0.4522;2.3447;0.0000;-783.5500;0.0000;6.8165;0.0000;-783.5500;0.0000;6.8165;1.0000;0.0000;0.0000;0.0000;0.0000
650;477.62;785.0500;30183.4500;924.6500;139.6000;0.4749;2.3234;0.0000;-785.0500;0.0000;6.8165;0.0000;-785.0500;0.0000;6.8165;1.0000;0.0000;0.0000;0.0000;0.0000
651;477.96;779.7000;29734.9500;928.8000;149.1000;0.5149;2.2882;0.0000;-779.7000;0.0000;6.8165;0.0000;-779.7000;0.0000;6.8165;1.0000;0.0000;0.0000;0.0000;0.0000
652;478.31;801.7000;29857.8500;944.0500;142.3500;0.4899;2.3099;0.0000;-801.7000;0.0000;6.8165;0.0000;-801.7000;0.0000;6.8165;1.0000;0.0000;0.0000;0.0000;0.0000
653;478.66;797.0500;30401.7500;932.4500;135.4000;0.4574;2.3397;0.0000;-797.0500;0.0000;6.8165;0.0000;-797.0500;0.0000;6.8165;1.0000;0.0000;0.0000;0.0000;0.0000
654;479.01;789.0000;31016.6000;927.0500;138.0500;0.4567;2.3404;0.0000;-789.0000;0.0000;6.8165;0.0000;-789.0000;0.0000;6.8165;1.0000;0.0000;0.0000;0.0000;0.0000
655;479.36;794.0000;31101.1500;918.8500;124.8500;0.4119;2.3852;0.0000;-794.0000;0.0000;6.8165;0.0000;-794.0000;0.0000;6.8165;1.0000;0.0000;0.0000;0.0000;0.0000
656;479.70;786.1500;31706.7500;929.4500;143.3000;0.4634;2.3340;0.0000;-786.1500;0.0000;6.8165;0.0000;-786.1500;0.0000;6.8165;1.0000;0.0000;0.0000;0.0000;0.0000
657;480.05;791.5000;32186.1500;928.5500;137.0500;0.4365;2.3600;0.0000;-791.5000;0.0000;6.8165;0.0000;-791.5000;0.0000;6.8165;1.0000;0.0000;0.0000;0.0000;0.0000
658;480.40;791.6000;33439.0500;936.3500;144.7500;0.4434;2.3532;0.0000;-791.6000;0.0000;6.8165;0.0000;-791.6000;0.0000;6.8165;1.0000;0.0000;0.0000;0.0000;0.0000
659;480.75;801.4500;34262.8500;927.6500;126.2000;0.3772;2.4235;0.0000;-801.4500;0.0000;6.8165;0.0000;-801.4500;0.0000;6.8165;1.0000;0.0000;0.0000;0.0000;0.0000
660;481.09;791.9000;35173.0500;932.2500;140.3500;0.4082;2.3891;0.0000;-791.9000;0.0000;6.8165;0.0000;-791.9000;0.0000;6.8165;1.0000;0.0000;0.0000;0.0000;0.0000
661;481.44;792.6500;35913.1500;928.7000;136.0500;0.3874;2.4119;0.0000;-792.6500;0.0000;6.8165;0.0000;-792.6500;0.0000;6.8165;1.0000;0.0000;0.0000;0.0000;0.0000
662;481.79;791.1000;36543.0000;937.0500;145.9500;0.4082;2.3891;0.0000;-791.1000;0.0000;6.8165;0.0000;-791.1000;0.0000;6.8165;1.0000;0.0000;0.0000;0.0000;0.0000
663;482.14;784.4000;36803.6000;934.1000;149.7000;0.4156;2.3813;0.0000;-784.4000;0.0000;6.8165;0.0000;-784.4000;0.0000;6.8165;1.0000;0.0000;0.0000;0.0000;0.0000
664;482.48;792.1500;37258.7500;947.2500;155.1000;0.4253;2.3713;0.0000;-792.1500;0.0000;6.8165;0.0000;-792.1500;0.0000;6.8165;1.0000;0.0000;0.0000;0.0000;0.0000
665;482.83;791.7500;37420.0000;920.9000;129.1500;0.3526;2.4527;0.0000;-791.7500;0.0000;6.8165;0.0000;-791.7500;0.0000;6.8165;1.0000;0.0000;0.0000;0.0000;0.0000
666;483.18;781.0500;37096.5000;930.9000;149.8500;0.4126;2.3844;0.0000;-781.0500;0.0000;6.8165;0.0000;-781.0500;0.0000;6.8165;1.0000;0.0000;0.0000;0.0000;0.0000
667;483.52;772.7000;37537.7000;933.5500;160.8500;0.4375;2.3590;0.0000;-772.7000;0.0000;6.8165;0.0000;-772.7000;0.0000;6.8165;1.0000;0.0000;0.0000;0.0000;0.0000
668;483.87;777.6500;37613.2500;930.1000;152.4500;0.4139;2.3831;0.0000;-777.6500;0.0000;6.8165;0.0000;-777.6500;0.0000;6.8165;1.0000;0.0000;0.0000;0.0000;0.0000
669;484.22;789.6000;37804.6000;939.5000;149.9000;0.4050;2.3926;0.0000;-789.6000;0.0000;6.8165;0.0000;-789.6000;0.0000;6.8165;1.0000;0.0000;0.0000;0.0000;0.0000
670;484.56;781.8000;37757.2000;938.9500;157.1500;0.4250;2.3716;0.0000;-781.8000;0.0000;6.8165;0.0000;-781.8000;0.0000;6.8165;1.0000;0.0000;0.0000;0.0000;0.0000
671;484.91;796.7500;37651.0500;942.3000;145.5500;0.3949;2.4035;0.0000;-796.7500;0.0000;6.8165;0.0000;-796.7500;0.0000;6.8165;1.0000;0.0000;0.0000;0.0000;0.0000
672;485.26;784.1000;37264.8000;932.6500;148.5500;0.4072;2.3902;0.0000;-784.1000;0.0000;6.8165;0.0000;-784.1000;0.0000;6.8165;1.0000;0.0000;0.0000;0.0000;0.0000
673;485.60;782.6000;37084.5500;939.5000;156.9000;0.4322;2.3643;0.0000;-782.6000;0.0000;6.8165;0.0000;-782.6000;0.0000;6.8165;1.0000;0.0000;0.0000;0.0000;0.0000
674;485.95;787.7000;37186.5500;944.4500;156.7500;0.4306;2.3659;0.0000;-787.7000;0.0000;6.8165;0.0000;-787.7000;0.0000;6.8165;1.0000;0.0000;0.0000;0.0000;0.0000
675;486.30;789.6500;36729.9500;946.8500;157.2000;0.4374;2.3591;0.0000;-789.6500;0.0000;6.8165;0.0000;-789.6500;0.0000;6.8165;1.0000;0.0000;0.0000;0.0000;0.0000
676;486.64;790.3000;36789.4000;937.0500;146.7500;0.4076;2.3897;0.0000;-790.3000;0.0000;6.8165;0.0000;-790.3000;0.0000;6.8165;1.0000;0.0000;0.0000;0.0000;0.0000
677;486.99;811.1000;36843.2000;936.9000;125.8000;0.3491;2.4570;0.0000;-811.1000;0.0000;6.8165;0.0000;-811.1000;0.0000;6.8165;1.0000;0.0000;0.0000;0.0000;0.0000
678;487.33;788.3500;37081.7500;954.2500;165.9000;0.4571;2.3400;0.0000;-788.3500;0.0000;6.8165;0.0000;-788.3500;0.0000;6.8165;1.0000;0.0000;0.0000;0.0000;0.0000
679;487.68;769.1500;36927.9500;951.9000;182.7500;0.5054;2.2964;0.0000;-769.1500;0.0000;6.8165;0.0000;-769.1500;0.0000;6.8165;1.0000;0.0000;0.0000;0.0000;0.0000
680;488.02;802.3500;37470.5000;948.9500;146.6000;0.3998;2.3982;0.0000;-802.3500;0.0000;6.8165;0.0000;-802.3500;0.0000;6.8165;1.0000;0.0000;0.0000;0.0000;0.0000
681;488.37;799.1000;37346.0000;933.2000;134.1000;0.3669;2.4354;0.0000;-799.1000;0.0000;6.8165;0.0000;-799.1000;0.0000;6.8165;1.0000;0.0000;0.0000;0.0000;0.0000
682;488.72;799.8500;37496.9000;959.7500;159.9000;0.4357;2.3608;0.0000;-799.8500;0.0000;6.8165;0.0000;-799.8500;0.0000;6.8165;1.0000;0.0000;0.0000;0.0000;0.0000
683;489.06;783.1000;37778.6500;950.3000;167.2000;0.4519;2.3449;0.0000;-783.1000;0.0000;6.8165;0.0000;-783.1000;0.0000;6.8165;1.0000;0.0000;0.0000;0.0000;0.0000
684;489.41;790.8000;38000.7500;954.2500;163.4500;0.4393;2.3573;0.0000;-790.8000;0.0000;6.8165;0.0000;-790.8000;0.0000;6.8165;1.0000;0.0000;0.0000;0.0000;0.0000
685;489.75;791.4500;38177.8500;949.7500;158.3000;0.4234;2.3732;0.0000;-791.4500;0.0000;6.8165;0.0000;-791.4500;0.0000;6.8165;1.0000;0.0000;0.0000;0.0000;0.0000
686;490.10;789.9000;38265.7000;960.0000;170.1000;0.4539;2.3430;0.0000;-789.9000;0.0000;6.8165;0.0000;-789.9000;0.0000;6.8165;1.0000;0.0000;0.0000;0.0000;0.0000
687;490.44;806.5500;38278.9500;953.5500;147.0000;0.3923;2.4064;0.0000;-806.5500;0.0000;6.8165;0.0000;-806.5500;0.0000;6.8165;1.0000;0.0000;0.0000;0.0000;0.0000
688;490.79;806.8000;39175.2500;952.6500;145.8500;0.3801;2.4201;0.0000;-806.8000;0.0000;6.8165;0.0000;-806.8000;0.0000;6.8165;1.0000;0.0000;0.0000;0.0000;0.0000
689;491.13;805.7500;39225.1000;953.4500;147.7000;0.3844;2.4152;0.0000;-805.7500;0.0000;6.8165;0.0000;-805.7500;0.0000;6.8165;1.0000;0.0000;0.0000;0.0000;0.0000
690;491.48;785.3500;39950.5000;946.0000;160.6500;0.4102;2.3870;0.0000;-785.3500;0.0000;6.8165;0.0000;-785.3500;0.0000;6.8165;1.0000;0.0000;0.0000;0.0000;0.0000
691;491.82;792.9000;41544.8000;972.1500;179.2500;0.4399;2.3567;0.0000;-792.9000;0.0000;6.8165;0.0000;-792.9000;0.0000;6.8165;1.0000;0.0000;0.0000;0.0000;0.0000
692;492.16;784.6500;42912.6500;959.0500;174.4000;0.4140;2.3830;0.0000;-784.6500;0.0000;6.8165;0.0000;-784.6500;0.0000;6.8165;1.0000;0.0000;0.0000;0.0000;0.0000
693;492.51;799.8000;43509.8000;955.6500;155.8500;0.3649;2.4378;0.0000;-799.8000;0.0000;6.8165;0.0000;-799.8000;0.0000;6.8165;1.0000;0.0000;0.0000;0.0000;0.0000
694;492.85;794.0500;43528.6000;953.6500;159.6000;0.3735;2.4277;0.0000;-794.0500;0.0000;6.8165;0.0000;-794.0500;0.0000;6.8165;1.0000;0.0000;0.0000;0.0000;0.0000
695;493.20;793.4000;43007.0500;957.9500;164.5500;0.3898;2.4092;0.0000;-793.4000;0.0000;6.8165;0.0000;-793.4000;0.0000;6.8165;1.0000;0.0000;0.0000;0.0000;0.0000
696;493.54;776.8000;43151.6000;958.3500;181.5500;0.4284;2.3681;0.0000;-776.8000;0.0000;6.8165;0.0000;-776.8000;0.0000;6.8165;1.0000;0.0000;0.0000;0.0000;0.0000
697;493.89;780.4000;42369.9500;956.6500;176.2500;0.4238;2.3729;0.0000;-780.4000;0.0000;6.8165;0.0000;-780.4000;0.0000;6.8165;1.0000;0.0000;0.0000;0.0000;0.0000
698;494.23;796.6500;42149.6500;949.4500;152.8000;0.3695;2.4324;0.0000;-796.6500;0.0000;6.8165;0.0000;-796.6500;0.0000;6.8165;1.0000;0.0000;0.0000;0.0000;0.0000
699;494.57;793.5500;41504.0500;963.3000;169.7500;0.4170;2.3799;0.0000;-793.5500;0.0000;6.8165;0.0000;-793.5500;0.0000;6.8165;1.0000;0.0000;0.0000;0.0000;0.0000
700;494.92;795.8000;41394.9500;962.4000;166.6000;0.4104;2.3868;0.0000;-795.8000;0.0000;6.8165;0.0000;-795.8000;0.0000;6.8165;1.0000;0.0000;0.0000;0.0000;0.0000
701;495.26;802.6000;41418.8000;979.1500;176.5500;0.4347;2.3618;0.0000;-802.6000;0.0000;6.8165;0.0000;-802.6000;0.0000;6.8165;1.0000;0.0000;0.0000;0.0000;0.0000
702;495.60;789.2000;41181.6500;968.6000;179.4000;0.4441;2.3525;0.0000;-789.2000;0.0000;6.8165;0.0000;-789.2000;0.0000;6.8165;1.0000;0.0000;0.0000;0.0000;0.0000
703;495.95;779.1000;40697.0500;970.3500;191.2500;0.4791;2.3196;0.0000;-779.1000;0.0000;6.8165;0.0000;-779.1000;0.0000;6.8165;1.0000;0.0000;0.0000;0.0000;0.0000
704;496.29;799.6000;40953.3500;987.5000;187.9000;0.4680;2.3298;0.0000;-799.6000;0.0000;6.8165;0.0000;-799.6000;0.0000;6.8165;1.0000;0.0000;0.0000;0.0000;0.0000
705;496.63;796.4000;40743.0500;972.0500;175.6500;0.4397;2.3568;0.0000;-796.4000;0.0000;6.8165;0.0000;-796.4000;0.0000;6.8165;1.0000;0.0000;0.0000;0.0000;0.0000
706;496.98;803.4000;40455.4000;972.2500;168.8500;0.4258;2.3708;0.0000;-803.4000;0.0000;6.8165;0.0000;-803.4000;0.0000;6.8165;1.0000;0.0000;0.0000;0.0000;0.0000
707;497.32;787.5500;40450.8500;971.2000;183.6500;0.4630;2.3344;0.0000;-787.5500;0.0000;6.8165;0.0000;-787.5500;0.0000;6.8165;1.0000;0.0000;0.0000;0.0000;0.0000
708;497.66;769.3500;40280.1500;987.6000;218.2500;0.5524;2.2578;0.0000;-769.3500;0.0000;6.8165;0.0000;-769.3500;0.0000;6.8165;1.0000;0.0000;0.0000;0.0000;0.0000
709;498.01;784.2500;40260.2000;980.1500;195.9000;0.4963;2.3043;0.0000;-784.2500;0.0000;6.8165;0.0000;-784.2500;0.0000;6.8165;1.0000;0.0000;0.0000;0.0000;0.0000
710;498.35;788.6500;40123.7500;973.6500;185.0000;0.4703;2.3276;0.0000;-788.6500;0.0000;6.8165;0.0000;-788.6500;0.0000;6.8165;1.0000;0.0000;0.0000;0.0000;0.0000
711;498.69;796.0000;40221.6500;970.4500;174.4500;0.4425;2.3541;0.0000;-796.0000;0.0000;6.8165;0.0000;-796.0000;0.0000;6.8165;1.0000;0.0000;0.0000;0.0000;0.0000
712;499.03;789.9500;40032.7500;988.2500;198.3000;0.5053;2.2964;0.0000;-789.9500;0.0000;6.8165;0.0000;-789.9500;0.0000;6.8165;1.0000;0.0000;0.0000;0.0000;0.0000
713;499.38;788.2500;40015.0500;989.8000;201.5500;0.5138;2.2892;0.0000;-788.2500;0.0000;6.8165;0.0000;-788.2500;0.0000;6.8165;1.0000;0.0000;0.0000;0.0000;0.0000
714;499.72;794.2500;40041.3000;986.0000;191.7500;0.4886;2.3111;0.0000;-794.2500;0.0000;6.8165;0.0000;-794.2500;0.0000;6.8165;1.0000;0.0000;0.0000;0.0000;0.0000
715;500.06;784.0000;40323.5000;987.1500;203.1500;0.5138;2.2892;0.0000;-784.0000;0.0000;6.8165;0.0000;-784.0000;0.0000;6.8165;1.0000;0.0000;0.0000;0.0000;0.0000
716;500.40;785.2500;40294.7000;988.9000;203.6500;0.5154;2.2878;0.0000;-785.2500;0.0000;6.8165;0.0000;-785.2500;0.0000;6.8165;1.0000;0.0000;0.0000;0.0000;0.0000
717;500.75;797.1500;40480.8000;980.5000;183.3500;0.4620;2.3353;0.0000;-797.1500;0.0000;6.8165;0.0000;-797.1500;0.0000;6.8165;1.0000;0.0000;0.0000;0.0000;0.0000
718;501.09;790.4500;40227.4500;980.8000;190.3500;0.4827;2.3164;0.0000;-790.4500;0.0000;6.8165;0.0000;-790.4500;0.0000;6.8165;1.0000;0.0000;0.0000;0.0000;0.0000
719;501.43;786.4500;40154.9000;997.1000;210.6500;0.5351;2.2716;0.0000;-786.4500;0.0000;6.8165;0.0000;-786.4500;0.0000;6.8165;1.0000;0.0000;0.0000;0.0000;0.0000
720;501.77;792.2000;40672.7500;1002.5500;210.3500;0.5275;2.2778;0.0000;-792.2000;0.0000;6.8165;0.0000;-792.2000;0.0000;6.8165;1.0000;0.0000;0.0000;0.0000;0.0000
721;502.11;782.8500;41202.5000;993.1500;210.3000;0.5203;2.2838;0.0000;-782.8500;0.0000;6.8165;0.0000;-782.8500;0.0000;6.8165;1.0000;0.0000;0.0000;0.0000;0.0000
722;502.46;777.4500;40417.5000;990.3500;212.9000;0.5371;2.2700;0.0000;-777.4500;0.0000;6.8165;0.0000;-777.4500;0.0000;6.8165;1.0000;0.0000;0.0000;0.0000;0.0000
723;502.80;778.4500;40650.8000;999.4000;220.9500;0.5541;2.2564;0.0000;-778.4500;0.0000;6.8165;0.0000;-778.4500;0.0000;6.8165;1.0000;0.0000;0.0000;0.0000;0.0000
724;503.14;791.4500;40688.0500;990.8000;199.3500;0.4997;2.3013;0.0000;-791.4500;0.0000;6.8165;0.0000;-791.4500;0.0000;6.8165;1.0000;0.0000;0.0000;0.0000;0.0000
725;503.48;787.9000;41074.4000;983.3500;195.4500;0.4852;2.3141;0.0000;-787.9000;0.0000;6.8165;0.0000;-787.9000;0.0000;6.8165;1.0000;0.0000;0.0000;0.0000;0.0000
726;503.82;786.3500;41260.8000;1001.8000;215.4500;0.5323;2.2738;0.0000;-786.3500;0.0000;6.8165;0.0000;-786.3500;0.0000;6.8165;1.0000;0.0000;0.0000;0.0000;0.0000
727;504.16;789.7000;40991.5500;994.4500;204.7500;0.5093;2.2930;0.0000;-789.7000;0.0000;6.8165;0.0000;-789.7000;0.0000;6.8165;1.0000;0.0000;0.0000;0.0000;0.0000
728;504.50;800.5500;40879.5000;998.4000;197.8500;0.4937;2.3066;0.0000;-800.5500;0.0000;6.8165;0.0000;-800.5500;0.0000;6.8165;1.0000;0.0000;0.0000;0.0000;0.0000
729;504.84;778.4500;41301.1500;1012.0500;233.6000;0.5765;2.2392;0.0000;-778.4500;0.0000;6.8165;0.0000;-778.4500;0.0000;6.8165;1.0000;0.0000;0.0000;0.0000;0.0000
730;505.19;798.1000;41428.8000;1015.1000;217.0000;0.5341;2.2724;0.0000;-798.1000;0.0000;6.8165;0.0000;-798.1000;0.0000;6.8165;1.0000;0.0000;0.0000;0.0000;0.0000
731;505.53;797.1500;41260.4500;1006.4000;209.2500;0.5171;2.2864;0.0000;-797.1500;0.0000;6.8165;0.0000;-797.1500;0.0000;6.8165;1.0000;0.0000;0.0000;0.0000;0.0000
732;505.87;795.9500;40879.0500;1016.6000;220.6500;0.5505;2.2593;0.0000;-795.9500;0.0000;6.8165;0.0000;-795.9500;0.0000;6.8165;1.0000;0.0000;0.0000;0.0000;0.0000
733;506.21;780.6000;41144.4500;1004.6000;224.0000;0.5550;2.2557;0.0000;-780.6000;0.0000;6.8165;0.0000;-780.6000;0.0000;6.8165;1.0000;0.0000;0.0000;0.0000;0.0000
734;506.55;785.3000;41319.8500;1011.8500;226.5500;0.5589;2.2527;0.0000;-785.3000;0.0000;6.8165;0.0000;-785.3000;0.0000;6.8165;1.0000;0.0000;0.0000;0.0000;0.0000
735;506.89;797.8000;41162.1000;1033.3500;235.5500;0.5836;2.2339;0.0000;-797.8000;0.0000;6.8165;0.0000;-797.8000;0.0000;6.8165;1.0000;0.0000;0.0000;0.0000;0.0000
736;507.23;793.9000;41159.2500;1017.5000;223.6000;0.5539;2.2565;0.0000;-793.9000;0.0000;6.8165;0.0000;-793.9000;0.0000;6.8165;1.0000;0.0000;0.0000;0.0000;0.0000
737;507.57;793.4500;41226.0500;1027.3500;233.9000;0.5785;2.2377;0.0000;-793.4500;0.0000;6.8165;0.0000;-793.4500;0.0000;6.8165;1.0000;0.0000;0.0000;0.0000;0.0000
738;507.91;792.5500;41792.0000;1033.0500;240.5000;0.5866;2.2317;0.0000;-792.5500;0.0000;6.8165;0.0000;-792.5500;0.0000;6.8165;1.0000;0.0000;0.0000;0.0000;0.0000
739;508.25;794.1500;41894.6000;1064.6000;270.4500;0.6580;2.1818;0.0000;-794.1500;0.0000;6.8165;0.0000;-794.1500;0.0000;6.8165;1.0000;0.0000;0.0000;0.0000;0.0000
740;508.59;801.8500;41549.2500;1054.8500;253.0000;0.6209;2.2070;0.0000;-801.8500;0.0000;6.8165;0.0000;-801.8500;0.0000;6.8165;1.0000;0.0000;0.0000;0.0000;0.0000
741;508.93;797.1000;41724.7000;1068.8000;271.7000;0.6639;2.1779;0.0000;-797.1000;0.0000;6.8165;0.0000;-797.1000;0.0000;6.8165;1.0000;0.0000;0.0000;0.0000;0.0000
742;509.27;800.0500;41872.3000;1098.6000;298.5500;0.7269;2.1385;0.0000;-800.0500;0.0000;6.8165;0.0000;-800.0500;0.0000;6.8165;1.0000;0.0000;0.0000;0.0000;0.0000
743;509.61;792.3500;42043.9500;1096.2500;303.9000;0.7367;2.1327;0.0000;-792.3500;0.0000;6.8165;0.0000;-792.3500;0.0000;6.8165;1.0000;0.0000;0.0000;0.0000;0.0000
744;509.95;790.9500;42342.9500;1115.1500;324.2000;0.7802;2.1078;0.0000;-790.9500;0.0000;6.8165;0.0000;-790.9500;0.0000;6.8165;1.0000;0.0000;0.0000;0.0000;0.0000
745;510.29;800.2000;42087.4500;1140.0000;339.8000;0.8230;2.0846;0.0000;-800.2000;0.0000;6.8165;0.0000;-800.2000;0.0000;6.8165;1.0000;0.0000;0.0000;0.0000;0.0000
746;510.63;797.1500;42136.2000;1155.0000;357.8500;0.8656;2.0627;0.0000;-797.1500;0.0000;6.8165;0.0000;-797.1500;0.0000;6.8165;1.0000;0.0000;0.0000;0.0000;0.0000
747;510.97;783.7500;42238.8000;1164.3000;380.5500;0.9180;2.0372;0.0000;-783.7500;0.0000;6.8165;0.0000;-783.7500;0.0000;6.8165;1.0000;0.0000;0.0000;0.0000;0.0000
748;511.31;785.8500;42408.7000;1188.3000;402.4500;0.9669;2.0146;0.0000;-785.8500;0.0000;6.8165;0.0000;-785.8500;0.0000;6.8165;1.0000;0.0000;0.0000;0.0000;0.0000
749;511.65;800.3500;42797.8500;1223.9000;423.5500;1.0085;1.9963;0.0000;-800.3500;0.0000;6.8165;0.0000;-800.3500;0.0000;6.8165;1.0000;0.0000;0.0000;0.0000;0.0000
750;511.98;789.1500;42775.4500;1253.2000;464.0500;1.1052;1.9565;0.0000;-789.1500;0.0000;6.8165;0.0000;-789.1500;0.0000;6.8165;1.0000;0.0000;0.0000;0.0000;0.0000
751;512.32;784.8500;42722.2500;1272.8000;487.9500;1.1635;1.9342;0.0000;-784.8500;0.0000;6.8165;0.0000;-784.8500;0.0000;6.8165;1.0000;0.0000;0.0000;0.0000;0.0000
752;512.66;782.5000;42799.2000;1338.7000;556.2000;1.3238;1.8782;0.0000;-782.5000;0.0000;6.8165;0.0000;-782.5000;0.0000;6.8165;1.0000;0.0000;0.0000;0.0000;0.0000
753;513.00;804.2000;42959.9000;1380.9000;576.7000;1.3680;1.8639;0.0000;-804.2000;0.0000;6.8165;0.0000;-804.2000;0.0000;6.8165;1.0000;0.0000;0.0000;0.0000;0.0000
754;513.34;796.5000;43067.2500;1452.5000;656.0000;1.5519;1.8091;0.0000;-796.5000;0.0000;6.8165;0.0000;-796.5000;0.0000;6.8165;1.0000;0.0000;0.0000;0.0000;0.0000
755;513.68;781.6000;43307.1500;1526.1000;744.5000;1.7507;1.7568;0.0000;-781.6000;0.0000;6.8165;0.0000;-781.6000;0.0000;6.8165;1.0000;0.0000;0.0000;0.0000;0.0000
756;514.02;777.8500;44057.3500;1592.2500;814.4000;1.8817;1.7254;0.0000;-777.8500;0.0000;6.8165;0.0000;-777.8500;0.0000;6.8165;1.0000;0.0000;0.0000;0.0000;0.0000
757;514.36;781.4000;43919.6500;1672.7000;891.3000;2.0661;1.6848;0.0000;-781.4000;0.0000;6.8165;0.0000;-781.4000;0.0000;6.8165;1.0000;0.0000;0.0000;0.0000;0.0000
758;514.69;786.5500;43819.0500;1757.4000;970.8500;2.2561;1.6466;0.0000;-786.5500;0.0000;6.8165;0.0000;-786.5500;0.0000;6.8165;1.0000;0.0000;0.0000;0.0000;0.0000
759;515.03;781.8000;44240.8500;1866.6500;1084.8500;2.4963;1.6027;0.0000;-781.8000;0.0000;6.8165;0.0000;-781.8000;0.0000;6.8165;1.0000;0.0000;0.0000;0.0000;0.0000
760;515.37;795.8500;44196.4000;1991.6000;1195.7500;2.7551;1.5599;0.0000;-795.8500;0.0000;6.8165;0.0000;-795.8500;0.0000;6.8165;1.0000;0.0000;0.0000;0.0000;0.0000
761;515.71;788.1500;44117.0500;2112.1000;1323.9500;3.0556;1.5149;0.0000;-788.1500;0.0000;6.8165;0.0000;-788.1500;0.0000;6.8165;1.0000;0.0000;0.0000;0.0000;0.0000
762;516.05;797.4500;44065.5000;2232.0000;1434.5500;3.3155;1.4795;0.0000;-797.4500;0.0000;6.8165;0.0000;-797.4500;0.0000;6.8165;1.0000;0.0000;0.0000;0.0000;0.0000
763;516.38;795.8500;44232.8000;2389.5000;1593.6500;3.6689;1.4355;0.0000;-795.8500;0.0000;6.8165;0.0000;-795.8500;0.0000;6.8165;1.0000;0.0000;0.0000;0.0000;0.0000
764;516.72;798.5500;44668.2500;2549.4500;1750.9000;3.9911;1.3989;0.0000;-798.5500;0.0000;6.8165;0.0000;-798.5500;0.0000;6.8165;1.0000;0.0000;0.0000;0.0000;0.0000
765;517.06;798.9000;44487.3000;2746.9000;1948.0000;4.4588;1.3508;0.0000;-798.9000;0.0000;6.8165;0.0000;-798.9000;0.0000;6.8165;1.0000;0.0000;0.0000;0.0000;0.0000
766;517.40;794.1500;44553.1500;2974.3000;2180.1500;4.9822;1.3026;0.0000;-794.1500;0.0000;6.8165;0.0000;-794.1500;0.0000;6.8165;1.0000;0.0000;0.0000;0.0000;0.0000
767;517.73;789.4500;44704.6500;3214.0000;2424.5500;5.5210;1.2580;0.0000;-789.4500;0.0000;6.8165;0.0000;-789.4500;0.0000;6.8165;1.0000;0.0000;0.0000;0.0000;0.0000
768;518.07;766.8000;45014.0000;3418.2500;2651.4500;5.9924;1.2224;0.0000;-766.8000;0.0000;6.8165;0.0000;-766.8000;0.0000;6.8165;1.0000;0.0000;0.0000;0.0000;0.0000
769;518.41;787.5000;45795.0000;3706.7500;2919.2500;6.4861;1.1880;0.0000;-787.5000;0.0000;6.8165;0.0000;-787.5000;0.0000;6.8165;1.0000;0.0000;0.0000;0.0000;0.0000
770;518.75;790.8000;45548.6500;3976.0500;3185.2500;7.1166;1.1477;0.0000;-790.8000;0.0000;6.8165;0.0000;-790.8000;0.0000;6.8165;1.0000;0.0000;0.0000;0.0000;0.0000
771;519.08;800.1000;45354.1500;4267.6500;3467.5500;7.7828;1.1089;0.0000;-800.1000;0.0000;6.8165;0.0000;-800.1000;0.0000;6.8165;1.0000;0.0000;0.0000;0.0000;0.0000
772;519.42;802.0000;45166.3000;4524.1000;3722.1000;8.3899;1.0762;0.0000;-802.0000;0.0000;6.8165;0.0000;-802.0000;0.0000;6.8165;1.0000;0.0000;0.0000;0.0000;0.0000
773;519.76;795.4500;45309.0000;4873.2500;4077.8000;9.1608;1.0381;0.0000;-795.4500;0.0000;6.8165;0.0000;-795.4500;0.0000;6.8165;1.0000;0.0000;0.0000;0.0000;0.0000
774;520.09;795.7500;45918.5500;5255.0000;4459.2500;9.8825;1.0051;0.0000;-795.7500;0.0000;6.8165;0.0000;-795.7500;0.0000;6.8165;1.0000;0.0000;0.0000;0.0000;0.0000
775;520.43;789.7500;45882.7000;5616.8000;4827.0500;10.7047;0.9704;0.0000;-789.7500;0.0000;6.8165;0.0000;-789.7500;0.0000;6.8165;1.0000;0.0000;0.0000;0.0000;0.0000
776;520.77;800.0000;45298.4500;6009.0500;5209.0500;11.7061;0.9316;0.0000;-800.0000;0.0000;6.8165;0.0000;-800.0000;0.0000;6.8165;1.0000;0.0000;0.0000;0.0000;0.0000
777;521.10;798.7000;45274.6500;6467.3000;5668.6000;12.7453;0.8946;0.0000;-798.7000;0.0000;6.8165;0.0000;-798.7000;0.0000;6.8165;1.0000;0.0000;0.0000;0.0000;0.0000
778;521.44;792.4000;45261.6500;6958.3500;6165.9500;13.8656;0.8581;0.0000;-792.4000;0.0000;6.8165;0.0000;-792.4000;0.0000;6.8165;1.0000;0.0000;0.0000;0.0000;0.0000
779;521.78;797.0500;46065.7500;7410.8500;6613.8000;14.6101;0.8353;0.0000;-797.0500;0.0000;6.8165;0.0000;-797.0500;0.0000;6.8165;1.0000;0.0000;0.0000;0.0000;0.0000
780;522.11;785.3000;46254.1500;7865.4500;7080.1500;15.5714;0.8077;0.0000;-785.3000;0.0000;6.8165;0.0000;-785.3000;0.0000;6.8165;1.0000;0.0000;0.0000;0.0000;0.0000
781;522.45;794.7000;45904.4000;8358.7000;7564.0000;16.7680;0.7755;0.0000;-794.7000;0.0000;6.8165;0.0000;-794.7000;0.0000;6.8165;1.0000;0.0000;0.0000;0.0000;0.0000
782;522.78;796.0500;45425.0500;8723.5000;7927.4500;17.7630;0.7505;0.0000;-796.0500;0.0000;6.8165;0.0000;-796.0500;0.0000;6.8165;1.0000;0.0000;0.0000;0.0000;0.0000
783;523.12;794.3500;46062.3500;9263.8000;8469.4500;18.7096;0.7279;0.0000;-794.3500;0.0000;6.8165;0.0000;-794.3500;0.0000;6.8165;1.0000;0.0000;0.0000;0.0000;0.0000
784;523.46;790.9000;46251.8500;9850.1000;9059.2000;19.9274;0.7005;0.0000;-790.9000;0.0000;6.8165;0.0000;-790.9000;0.0000;6.8165;1.0000;0.0000;0.0000;0.0000;0.0000
785;523.79;805.0000;46224.9500;10375.9000;9570.9000;21.0720;0.6763;0.0000;-805.0000;0.0000;6.8165;0.0000;-805.0000;0.0000;6.8165;1.0000;0.0000;0.0000;0.0000;0.0000
786;524.13;789.0500;46160.1500;10912.7000;10123.6500;22.3130;0.6514;0.0000;-789.0500;0.0000;6.8165;0.0000;-789.0500;0.0000;6.8165;1.0000;0.0000;0.0000;0.0000;0.0000
787;524.46;781.4000;46070.8000;11580.8000;10799.4000;23.8453;0.6226;0.0000;-781.4000;0.0000;6.8165;0.0000;-781.4000;0.0000;6.8165;1.0000;0.0000;0.0000;0.0000;0.0000
788;524.80;796.5500;46605.0500;12168.0500;11371.5000;24.8240;0.6051;0.0000;-796.5500;0.0000;6.8165;0.0000;-796.5500;0.0000;6.8165;1.0000;0.0000;0.0000;0.0000;0.0000
789;525.13;798.4500;46135.0000;12687.1500;11888.7000;26.2232;0.5813;0.0000;-798.4500;0.0000;6.8165;0.0000;-798.4500;0.0000;6.8165;1.0000;0.0000;0.0000;0.0000;0.0000
790;525.47;783.0500;46030.2500;13394.7500;12611.7000;27.8729;0.5548;0.0000;-783.0500;0.0000;6.8165;0.0000;-783.0500;0.0000;6.8165;1.0000;0.0000;0.0000;0.0000;0.0000
791;525.80;790.3000;46183.0500;13902.1000;13111.8000;28.8852;0.5393;0.0000;-790.3000;0.0000;6.8165;0.0000;-790.3000;0.0000;6.8165;1.0000;0.0000;0.0000;0.0000;0.0000
792;526.14;781.8500;46467.7500;14669.1000;13887.2500;30.3972;0.5172;0.0000;-781.8500;0.0000;6.8165;0.0000;-781.8500;0.0000;6.8165;1.0000;0.0000;0.0000;0.0000;0.0000
793;526.47;800.9500;46607.1500;15326.2500;14525.3000;31.7103;0.4988;0.0000;-800.9500;0.0000;6.8165;0.0000;-800.9500;0.0000;6.8165;1.0000;0.0000;0.0000;0.0000;0.0000
794;526.81;791.0500;46468.1000;15797.5000;15006.4500;32.8534;0.4834;0.0000;-791.0500;0.0000;6.8165;0.0000;-791.0500;0.0000;6.8165;1.0000;0.0000;0.0000;0.0000;0.0000
795;527.14;801.3000;46346.5500;16356.9500;15555.6500;34.1543;0.4666;0.0000;-801.3000;0.0000;6.8165;0.0000;-801.3000;0.0000;6.8165;1.0000;0.0000;0.0000;0.0000;0.0000
796;527.48;778.4000;46526.5500;17102.1000;16323.7000;35.6817;0.4476;0.0000;-778.4000;0.0000;6.8165;0.0000;-778.4000;0.0000;6.8165;1.0000;0.0000;0.0000;0.0000;0.0000
797;527.81;796.1500;46747.5500;17787.0500;16990.9000;36.9758;0.4321;0.0000;-796.1500;0.0000;6.8165;0.0000;-796.1500;0.0000;6.8165;1.0000;0.0000;0.0000;0.0000;0.0000
798;528.15;784.3000;46554.8000;18503.5500;17719.2500;38.7133;0.4121;0.0000;-784.3000;0.0000;6.8165;0.0000;-784.3000;0.0000;6.8165;1.0000;0.0000;0.0000;0.0000;0.0000
799;528.48;789.2000;46507.1000;19103.3000;18314.1000;40.0589;0.3973;0.0000;-789.2000;0.0000;6.8165;0.0000;-789.2000;0.0000;6.8165;1.0000;0.0000;0.0000;0.0000;0.0000
800;528.82;786.7500;46850.9000;19853.0000;19066.2500;41.3906;0.3831;0.0000;-786.7500;0.0000;6.8165;0.0000;-786.7500;0.0000;6.8165;1.0000;0.0000;0.0000;0.0000;0.0000
801;529.15;799.9000;47188.8000;20532.6000;19732.7000;42.5375;0.3712;0.0000;-799.9000;0.0000;6.8165;0.0000;-799.9000;0.0000;6.8165;1.0000;0.0000;0.0000;0.0000;0.0000
802;529.49;798.5000;47535.0000;21380.7500;20582.2500;44.0389;0.3562;0.0000;-798.5000;0.0000;6.8165;0.0000;-798.5000;0.0000;6.8165;1.0000;0.0000;0.0000;0.0000;0.0000
803;529.82;794.1000;47483.8000;22076.7000;21282.6000;45.5831;0.3412;0.0000;-794.1000;0.0000;6.8165;0.0000;-794.1000;0.0000;6.8165;1.0000;0.0000;0.0000;0.0000;0.0000
804;530.15;790.5500;47138.7500;22445.5500;21655.0000;46.7224;0.3305;0.0000;-790.5500;0.0000;6.8165;0.0000;-790.5500;0.0000;6.8165;1.0000;0.0000;0.0000;0.0000;0.0000
805;530.49;803.5500;46565.7500;22911.8500;22108.3000;48.3113;0.3160;0.0000;-803.5500;0.0000;6.8165;0.0000;-803.5500;0.0000;6.8165;1.0000;0.0000;0.0000;0.0000;0.0000
806;530.82;807.1500;47339.9000;23751.6500;22944.5000;49.3083;0.3071;0.0000;-807.1500;0.0000;6.8165;0.0000;-807.1500;0.0000;6.8165;1.0000;0.0000;0.0000;0.0000;0.0000
807;531.16;799.7000;47334.7500;24154.2500;23354.5500;50.1870;0.2994;0.0000;-799.7000;0.0000;6.8165;0.0000;-799.7000;0.0000;6.8165;1.0000;0.0000;0.0000;0.0000;0.0000
808;531.49;786.9500;47373.8000;24728.7000;23941.7500;51.3916;0.2891;0.0000;-786.9500;0.0000;6.8165;0.0000;-786.9500;0.0000;6.8165;1.0000;0.0000;0.0000;0.0000;0.0000
809;531.82;787.3000;47328.9500;25180.2000;24392.9000;52.4109;0.2806;0.0000;-787.3000;0.0000;6.8165;0.0000;-787.3000;0.0000;6.8165;1.0000;0.0000;0.0000;0.0000;0.0000
810;532.16;802.5000;46600.0500;25559.9000;24757.4000;54.0584;0.2671;0.0000;-802.5000;0.0000;6.8165;0.0000;-802.5000;0.0000;6.8165;1.0000;0.0000;0.0000;0.0000;0.0000
811;532.49;782.4000;46661.6000;26262.0000;25479.6000;55.5363;0.2554;0.0000;-782.4000;0.0000;6.8165;0.0000;-782.4000;0.0000;6.8165;1.0000;0.0000;0.0000;0.0000;0.0000
812;532.82;799.0500;47138.7000;27042.5500;26243.5000;56.6329;0.2469;0.0000;-799.0500;0.0000;6.8165;0.0000;-799.0500;0.0000;6.8165;1.0000;0.0000;0.0000;0.0000;0.0000
813;533.16;805.9500;47147.3500;27537.3500;26731.4000;57.6836;0.2389;0.0000;-805.9500;0.0000;6.8165;0.0000;-805.9500;0.0000;6.8165;1.0000;0.0000;0.0000;0.0000;0.0000
814;533.49;782.1500;46677.7500;27723.6500;26941.5000;58.7017;0.2313;0.0000;-782.1500;0.0000;6.8165;0.0000;-782.1500;0.0000;6.8165;1.0000;0.0000;0.0000;0.0000;0.0000
815;533.82;781.2500;46554.5000;28500.7500;27719.5000;60.5583;0.2178;0.0000;-781.2500;0.0000;6.8165;0.0000;-781.2500;0.0000;6.8165;1.0000;0.0000;0.0000;0.0000;0.0000
816;534.15;778.9500;46555.6000;29008.6000;28229.6500;61.6682;0.2099;0.0000;-778.9500;0.0000;6.8165;0.0000;-778.9500;0.0000;6.8165;1.0000;0.0000;0.0000;0.0000;0.0000
817;534.49;787.1000;46614.8000;29385.1000;28598.0000;62.4033;0.2048;0.0000;-787.1000;0.0000;6.8165;0.0000;-787.1000;0.0000;6.8165;1.0000;0.0000;0.0000;0.0000;0.0000
818;534.82;787.2500;46651.9500;29769.5500;28982.3000;63.1909;0.1993;0.0000;-787.2500;0.0000;6.8165;0.0000;-787.2500;0.0000;6.8165;1.0000;0.0000;0.0000;0.0000;0.0000
819;535.15;796.4500;46826.5000;30274.2500;29477.8000;64.0403;0.1935;0.0000;-796.4500;0.0000;6.8165;0.0000;-796.4500;0.0000;6.8165;1.0000;0.0000;0.0000;0.0000;0.0000
820;535.48;789.8500;46727.6500;30303.2000;29513.3500;64.2463;0.1922;0.0000;-789.8500;0.0000;6.8165;0.0000;-789.8500;0.0000;6.8165;1.0000;0.0000;0.0000;0.0000;0.0000
821;535.82;788.9000;46276.5000;30558.4500;29769.5500;65.4454;0.1841;0.0000;-788.9000;0.0000;6.8165;0.0000;-788.9000;0.0000;6.8165;1.0000;0.0000;0.0000;0.0000;0.0000
822;536.15;795.2500;46205.2500;31343.3500;30548.1000;67.2717;0.1722;0.0000;-795.2500;0.0000;6.8165;0.0000;-795.2500;0.0000;6.8165;1.0000;0.0000;0.0000;0.0000;0.0000
823;536.48;787.0500;46571.0000;31825.2500;31038.2000;67.7928;0.1688;0.0000;-787.0500;0.0000;6.8165;0.0000;-787.0500;0.0000;6.8165;1.0000;0.0000;0.0000;0.0000;0.0000
824;536.81;789.4000;46693.2500;32264.0500;31474.6500;68.5665;0.1639;0.0000;-789.4000;0.0000;6.8165;0.0000;-789.4000;0.0000;6.8165;1.0000;0.0000;0.0000;0.0000;0.0000
825;537.15;796.7500;46503.3500;32561.5000;31764.7500;69.4971;0.1580;0.0000;-796.7500;0.0000;6.8165;0.0000;-796.7500;0.0000;6.8165;1.0000;0.0000;0.0000;0.0000;0.0000
826;537.48;798.8000;46714.9500;33223.4000;32424.6000;70.6170;0.1511;0.0000;-798.8000;0.0000;6.8165;0.0000;-798.8000;0.0000;6.8165;1.0000;0.0000;0.0000;0.0000;0.0000
827;537.81;791.9000;46366.3500;33246.0000;32454.1000;71.2112;0.1475;0.0000;-791.9000;0.0000;6.8165;0.0000;-791.9000;0.0000;6.8165;1.0000;0.0000;0.0000;0.0000;0.0000
828;538.14;790.3500;46135.5000;33403.6000;32613.2500;71.9222;0.1431;0.0000;-790.3500;0.0000;6.8165;0.0000;-790.3500;0.0000;6.8165;1.0000;0.0000;0.0000;0.0000;0.0000
829;538.47;795.4000;46586.6500;34036.2500;33240.8500;72.5921;0.1391;0.0000;-795.4000;0.0000;6.8165;0.0000;-795.4000;0.0000;6.8165;1.0000;0.0000;0.0000;0.0000;0.0000
830;538.80;805.2500;47075.1000;34734.7000;33929.4500;73.3295;0.1347;0.0000;-805.2500;0.0000;6.8165;0.0000;-805.2500;0.0000;6.8165;1.0000;0.0000;0.0000;0.0000;0.0000
831;539.14;803.1000;47006.7500;34924.0500;34120.9500;73.8490;0.1317;0.0000;-803.1000;0.0000;6.8165;0.0000;-803.1000;0.0000;6.8165;1.0000;0.0000;0.0000;0.0000;0.0000
832;539.47;786.0000;46730.2500;35209.8500;34423.8500;74.9253;0.1254;0.0000;-786.0000;0.0000;6.8165;0.0000;-786.0000;0.0000;6.8165;1.0000;0.0000;0.0000;0.0000;0.0000
833;539.80;802.6500;46583.8000;35228.4000;34425.7500;75.1963;0.1238;0.0000;-802.6500;0.0000;6.8165;0.0000;-802.6500;0.0000;6.8165;1.0000;0.0000;0.0000;0.0000;0.0000
834;540.13;782.8000;46886.0500;35646.6500;34863.8500;75.6212;0.1214;0.0000;-782.8000;0.0000;6.8165;0.0000;-782.8000;0.0000;6.8165;1.0000;0.0000;0.0000;0.0000;0.0000
835;540.46;796.8500;47390.1000;36216.1000;35419.2500;76.0180;0.1191;0.0000;-796.8500;0.0000;6.8165;0.0000;-796.8500;0.0000;6.8165;1.0000;0.0000;0.0000;0.0000;0.0000
836;540.79;792.8000;47629.4500;36885.1500;36092.3500;77.0601;0.1132;0.0000;-792.8000;0.0000;6.8165;0.0000;-792.8000;0.0000;6.8165;1.0000;0.0000;0.0000;0.0000;0.0000
837;541.12;782.3500;47245.0000;36968.5000;36186.1500;77.8822;0.1086;0.0000;-782.3500;0.0000;6.8165;0.0000;-782.3500;0.0000;6.8165;1.0000;0.0000;0.0000;0.0000;0.0000
838;541.45;799.3500;47411.8000;37249.1500;36449.8000;78.1976;0.1068;0.0000;-799.3500;0.0000;6.8165;0.0000;-799.3500;0.0000;6.8165;1.0000;0.0000;0.0000;0.0000;0.0000
839;541.78;782.2500;47832.0000;38087.3500;37305.1000;79.2886;0.1008;0.0000;-782.2500;0.0000;6.8165;0.0000;-782.2500;0.0000;6.8165;1.0000;0.0000;0.0000;0.0000;0.0000
840;542.11;796.1500;47582.8000;38472.0000;37675.8500;80.5269;0.0941;0.0000;-796.1500;0.0000;6.8165;0.0000;-796.1500;0.0000;6.8165;1.0000;0.0000;0.0000;0.0000;0.0000
841;542.44;798.6500;47742.3000;38617.8500;37819.2000;80.5630;0.0939;0.0000;-798.6500;0.0000;6.8165;0.0000;-798.6500;0.0000;6.8165;1.0000;0.0000;0.0000;0.0000;0.0000
842;542.78;787.0500;48267.4500;38799.0000;38011.9500;80.0582;0.0966;0.0000;-787.0500;0.0000;6.8165;0.0000;-787.0500;0.0000;6.8165;1.0000;0.0000;0.0000;0.0000;0.0000
843;543.11;796.9500;48388.3500;39251.6000;38454.6500;80.8017;0.0926;0.0000;-796.9500;0.0000;6.8165;0.0000;-796.9500;0.0000;6.8165;1.0000;0.0000;0.0000;0.0000;0.0000
844;543.44;790.9500;48473.3500;39635.1500;38844.2000;81.4644;0.0890;0.0000;-790.9500;0.0000;6.8165;0.0000;-790.9500;0.0000;6.8165;1.0000;0.0000;0.0000;0.0000;0.0000
845;543.77;782.6500;48288.4500;39746.9500;38964.3000;82.0201;0.0861;0.0000;-782.6500;0.0000;6.8165;0.0000;-782.6500;0.0000;6.8165;1.0000;0.0000;0.0000;0.0000;0.0000
846;544.10;789.6500;48346.1500;39646.1500;38856.5000;81.7060;0.0877;0.0000;-789.6500;0.0000;6.8165;0.0000;-789.6500;0.0000;6.8165;1.0000;0.0000;0.0000;0.0000;0.0000
847;544.43;805.1000;48427.1500;40181.7000;39376.6000;82.6856;0.0826;0.0000;-805.1000;0.0000;6.8165;0.0000;-805.1000;0.0000;6.8165;1.0000;0.0000;0.0000;0.0000;0.0000
848;544.76;804.3500;48345.5500;40512.5500;39708.2000;83.5238;0.0782;0.0000;-804.3500;0.0000;6.8165;0.0000;-804.3500;0.0000;6.8165;1.0000;0.0000;0.0000;0.0000;0.0000
849;545.09;788.4500;49017.4000;40676.0500;39887.6000;82.7047;0.0825;0.0000;-788.4500;0.0000;6.8165;0.0000;-788.4500;0.0000;6.8165;1.0000;0.0000;0.0000;0.0000;0.0000
850;545.42;797.8000;49458.1000;41195.2500;40397.4500;83.0193;0.0808;0.0000;-797.8000;0.0000;6.8165;0.0000;-797.8000;0.0000;6.8165;1.0000;0.0000;0.0000;0.0000;0.0000
851;545.74;779.8500;49198.2500;41223.2000;40443.3500;83.5289;0.0782;0.0000;-779.8500;0.0000;6.8165;0.0000;-779.8500;0.0000;6.8165;1.0000;0.0000;0.0000;0.0000;0.0000
852;546.07;788.4000;48772.4000;41389.2500;40600.8500;84.6133;0.0726;0.0000;-788.4000;0.0000;6.8165;0.0000;-788.4000;0.0000;6.8165;1.0000;0.0000;0.0000;0.0000;0.0000
853;546.40;804.9500;49074.7000;42014.8500;41209.9000;85.3742;0.0687;0.0000;-804.9500;0.0000;6.8165;0.0000;-804.9500;0.0000;6.8165;1.0000;0.0000;0.0000;0.0000;0.0000
854;546.73;807.0500;49339.3500;42345.0500;41538.0000;85.5884;0.0676;0.0000;-807.0500;0.0000;6.8165;0.0000;-807.0500;0.0000;6.8165;1.0000;0.0000;0.0000;0.0000;0.0000
855;547.06;787.6500;49745.3000;42796.3500;42008.7000;85.8062;0.0665;0.0000;-787.6500;0.0000;6.8165;0.0000;-787.6500;0.0000;6.8165;1.0000;0.0000;0.0000;0.0000;0.0000
856;547.39;804.4000;50258.6500;43271.0000;42466.6000;85.8705;0.0662;0.0000;-804.4000;0.0000;6.8165;0.0000;-804.4000;0.0000;6.8165;1.0000;0.0000;0.0000;0.0000;0.0000
857;547.72;795.5000;50034.8500;43019.7000;42224.2000;85.7530;0.0668;0.0000;-795.5000;0.0000;6.8165;0.0000;-795.5000;0.0000;6.8165;1.0000;0.0000;0.0000;0.0000;0.0000
858;548.05;783.9500;49956.2000;43164.5000;42380.5500;86.1879;0.0646;0.0000;-783.9500;0.0000;6.8165;0.0000;-783.9500;0.0000;6.8165;1.0000;0.0000;0.0000;0.0000;0.0000
859;548.38;788.2000;49978.5000;43507.9500;42719.7500;86.8459;0.0613;0.0000;-788.2000;0.0000;6.8165;0.0000;-788.2000;0.0000;6.8165;1.0000;0.0000;0.0000;0.0000;0.0000
860;548.71;796.5500;50536.2500;44328.3000;43531.7500;87.5191;0.0579;0.0000;-796.5500;0.0000;6.8165;0.0000;-796.5500;0.0000;6.8165;1.0000;0.0000;0.0000;0.0000;0.0000
861;549.03;800.2000;51088.5000;44720.2500;43920.0500;87.3365;0.0588;0.0000;-800.2000;0.0000;6.8165;0.0000;-800.2000;0.0000;6.8165;1.0000;0.0000;0.0000;0.0000;0.0000
862;549.36;783.8000;50751.1000;44539.7500;43755.9500;87.5692;0.0576;0.0000;-783.8000;0.0000;6.8165;0.0000;-783.8000;0.0000;6.8165;1.0000;0.0000;0.0000;0.0000;0.0000
863;549.69;800.5500;51554.2000;44981.1000;44180.5500;87.0490;0.0602;0.0000;-800.5500;0.0000;6.8165;0.0000;-800.5500;0.0000;6.8165;1.0000;0.0000;0.0000;0.0000;0.0000
864;550.02;792.5500;51175.1500;45623.7500;44831.2000;88.9815;0.0507;0.0000;-792.5500;0.0000;6.8165;0.0000;-792.5500;0.0000;6.8165;1.0000;0.0000;0.0000;0.0000;0.0000
865;550.35;801.4500;51354.5500;45582.8000;44781.3500;88.5828;0.0527;0.0000;-801.4500;0.0000;6.8165;0.0000;-801.4500;0.0000;6.8165;1.0000;0.0000;0.0000;0.0000;0.0000
866;550.68;800.6000;51990.1500;46034.9000;45234.3000;88.3663;0.0537;0.0000;-800.6000;0.0000;6.8165;0.0000;-800.6000;0.0000;6.8165;1.0000;0.0000;0.0000;0.0000;0.0000
867;551.00;810.5000;52178.4500;46073.8500;45263.3500;88.1159;0.0549;0.0000;-810.5000;0.0000;6.8165;0.0000;-810.5000;0.0000;6.8165;1.0000;0.0000;0.0000;0.0000;0.0000
868;551.33;789.2000;52125.0500;45898.3500;45109.1500;87.8707;0.0562;0.0000;-789.2000;0.0000;6.8165;0.0000;-789.2000;0.0000;6.8165;1.0000;0.0000;0.0000;0.0000;0.0000
869;551.66;798.6500;52423.7500;46220.2000;45421.5500;87.9835;0.0556;0.0000;-798.6500;0.0000;6.8165;0.0000;-798.6500;0.0000;6.8165;1.0000;0.0000;0.0000;0.0000;0.0000
870;551.99;808.0000;52089.5500;46794.1000;45986.1000;89.6738;0.0473;0.0000;-808.0000;0.0000;6.8165;0.0000;-808.0000;0.0000;6.8165;1.0000;0.0000;0.0000;0.0000;0.0000
871;552.32;800.5000;52001.7500;47038.6500;46238.1500;90.3067;0.0443;0.0000;-800.5000;0.0000;6.8165;0.0000;-800.5000;0.0000;6.8165;1.0000;0.0000;0.0000;0.0000;0.0000
872;552.64;795.0500;52175.6000;47496.0000;46700.9500;90.8923;0.0415;0.0000;-795.0500;0.0000;6.8165;0.0000;-795.0500;0.0000;6.8165;1.0000;0.0000;0.0000;0.0000;0.0000
873;552.97;789.7500;52258.8000;47814.3000;47024.5500;91.3647;0.0392;0.0000;-789.7500;0.0000;6.8165;0.0000;-789.7500;0.0000;6.8165;1.0000;0.0000;0.0000;0.0000;0.0000
874;553.30;785.4000;52403.4500;47540.5000;46755.1000;90.5790;0.0430;0.0000;-785.4000;0.0000;6.8165;0.0000;-785.4000;0.0000;6.8165;1.0000;0.0000;0.0000;0.0000;0.0000
875;553.63;792.7500;53237.6500;48060.5500;47267.8000;90.1285;0.0451;0.0000;-792.7500;0.0000;6.8165;0.0000;-792.7500;0.0000;6.8165;1.0000;0.0000;0.0000;0.0000;0.0000
876;553.95;788.1000;53489.0500;48932.5000;48144.4000;91.3540;0.0393;0.0000;-788.1000;0.0000;6.8165;0.0000;-788.1000;0.0000;6.8165;1.0000;0.0000;0.0000;0.0000;0.0000
877;554.28;801.5500;53553.1500;48979.9000;48178.3500;91.3306;0.0394;0.0000;-801.5500;0.0000;6.8165;0.0000;-801.5500;0.0000;6.8165;1.0000;0.0000;0.0000;0.0000;0.0000
878;554.61;791.4500;53303.8500;48819.8000;48028.3500;91.4610;0.0388;0.0000;-791.4500;0.0000;6.8165;0.0000;-791.4500;0.0000;6.8165;1.0000;0.0000;0.0000;0.0000;0.0000
879;554.93;790.9000;53276.5500;48980.9500;48190.0500;91.8157;0.0371;0.0000;-790.9000;0.0000;6.8165;0.0000;-790.9000;0.0000;6.8165;1.0000;0.0000;0.0000;0.0000;0.0000
880;555.26;783.1000;54024.2000;49115.1500;48332.0500;90.7796;0.0420;0.0000;-783.1000;0.0000;6.8165;0.0000;-783.1000;0.0000;6.8165;1.0000;0.0000;0.0000;0.0000;0.0000
881;555.59;788.5500;54578.6000;49438.5000;48649.9500;90.4441;0.0436;0.0000;-788.5500;0.0000;6.8165;0.0000;-788.5500;0.0000;6.8165;1.0000;0.0000;0.0000;0.0000;0.0000
882;555.91;793.4000;54601.7000;49538.1000;48744.7000;90.5896;0.0429;0.0000;-793.4000;0.0000;6.8165;0.0000;-793.4000;0.0000;6.8165;1.0000;0.0000;0.0000;0.0000;0.0000
883;556.24;789.9000;54683.4000;49650.4000;48860.5000;90.6612;0.0426;0.0000;-789.9000;0.0000;6.8165;0.0000;-789.9000;0.0000;6.8165;1.0000;0.0000;0.0000;0.0000;0.0000
884;556.57;787.4000;54264.8500;49248.7500;48461.3500;90.6202;0.0428;0.0000;-787.4000;0.0000;6.8165;0.0000;-787.4000;0.0000;6.8165;1.0000;0.0000;0.0000;0.0000;0.0000
885;556.89;794.7000;53907.4000;49310.0000;48515.3000;91.3441;0.0393;0.0000;-794.7000;0.0000;6.8165;0.0000;-794.7000;0.0000;6.8165;1.0000;0.0000;0.0000;0.0000;0.0000
886;557.22;787.0000;54053.5000;49919.4000;49132.4000;92.2388;0.0351;0.0000;-787.0000;0.0000;6.8165;0.0000;-787.0000;0.0000;6.8165;1.0000;0.0000;0.0000;0.0000;0.0000
887;557.55;770.9000;54387.5500;50123.1000;49352.2000;92.0464;0.0360;0.0000;-770.9000;0.0000;6.8165;0.0000;-770.9000;0.0000;6.8165;1.0000;0.0000;0.0000;0.0000;0.0000
888;557.87;796.3500;54402.4000;50339.2000;49542.8500;92.4203;0.0342;0.0000;-796.3500;0.0000;6.8165;0.0000;-796.3500;0.0000;6.8165;1.0000;0.0000;0.0000;0.0000;0.0000
889;558.20;798.4500;54233.1500;49984.1000;49185.6500;92.0481;0.0360;0.0000;-798.4500;0.0000;6.8165;0.0000;-798.4500;0.0000;6.8165;1.0000;0.0000;0.0000;0.0000;0.0000
890;558.52;792.5000;54466.8000;50130.3000;49337.8000;91.9207;0.0366;0.0000;-792.5000;0.0000;6.8165;0.0000;-792.5000;0.0000;6.8165;1.0000;0.0000;0.0000;0.0000;0.0000
891;558.85;794.0000;54754.2000;50528.0500;49734.0500;92.1680;0.0354;0.0000;-794.0000;0.0000;6.8165;0.0000;-794.0000;0.0000;6.8165;1.0000;0.0000;0.0000;0.0000;0.0000
892;559.17;800.1500;54793.8000;51026.5500;50226.4000;93.0228;0.0314;0.0000;-800.1500;0.0000;6.8165;0.0000;-800.1500;0.0000;6.8165;1.0000;0.0000;0.0000;0.0000;0.0000
893;559.50;785.9000;55618.8500;51507.8000;50721.9000;92.5026;0.0338;0.0000;-785.9000;0.0000;6.8165;0.0000;-785.9000;0.0000;6.8165;1.0000;0.0000;0.0000;0.0000;0.0000
894;559.83;797.2000;55592.7000;51383.8000;50586.6000;92.3189;0.0347;0.0000;-797.2000;0.0000;6.8165;0.0000;-797.2000;0.0000;6.8165;1.0000;0.0000;0.0000;0.0000;0.0000
895;560.15;810.2000;55481.7500;51347.5500;50537.3500;92.4381;0.0341;0.0000;-810.2000;0.0000;6.8165;0.0000;-810.2000;0.0000;6.8165;1.0000;0.0000;0.0000;0.0000;0.0000
896;560.48;805.0000;55570.6500;51064.6500;50259.6500;91.7722;0.0373;0.0000;-805.0000;0.0000;6.8165;0.0000;-805.0000;0.0000;6.8165;1.0000;0.0000;0.0000;0.0000;0.0000
897;560.80;803.7500;54993.5500;51170.4000;50366.6500;92.9449;0.0318;0.0000;-803.7500;0.0000;6.8165;0.0000;-803.7500;0.0000;6.8165;1.0000;0.0000;0.0000;0.0000;0.0000
898;561.13;792.4500;55543.1500;51943.4000;51150.9500;93.4252;0.0295;0.0000;-792.4500;0.0000;6.8165;0.0000;-792.4500;0.0000;6.8165;1.0000;0.0000;0.0000;0.0000;0.0000
899;561.45;780.5000;55985.3500;52431.1000;51650.6000;93.5617;0.0289;0.0000;-780.5000;0.0000;6.8165;0.0000;-780.5000;0.0000;6.8165;1.0000;0.0000;0.0000;0.0000;0.0000
900;561.78;805.0500;55936.4000;52165.6500;51360.6000;93.1604;0.0308;0.0000;-805.0500;0.0000;6.8165;0.0000;-805.0500;0.0000;6.8165;1.0000;0.0000;0.0000;0.0000;0.0000
901;562.10;793.3000;55555.2500;51985.7500;51192.4500;93.4818;0.0293;0.0000;-793.3000;0.0000;6.8165;0.0000;-793.3000;0.0000;6.8165;1.0000;0.0000;0.0000;0.0000;0.0000
902;562.43;807.0000;55983.1500;52030.0500;51223.0500;92.8355;0.0323;0.0000;-807.0000;0.0000;6.8165;0.0000;-807.0000;0.0000;6.8165;1.0000;0.0000;0.0000;0.0000;0.0000
903;562.75;795.1000;55829.7500;52112.5500;51317.4500;93.2457;0.0304;0.0000;-795.1000;0.0000;6.8165;0.0000;-795.1000;0.0000;6.8165;1.0000;0.0000;0.0000;0.0000;0.0000
904;563.07;783.0000;56206.0000;52557.9000;51774.9000;93.4177;0.0296;0.0000;-783.0000;0.0000;6.8165;0.0000;-783.0000;0.0000;6.8165;1.0000;0.0000;0.0000;0.0000;0.0000
905;563.40;805.4000;56160.7500;52773.1000;51967.7000;93.8802;0.0274;0.0000;-805.4000;0.0000;6.8165;0.0000;-805.4000;0.0000;6.8165;1.0000;0.0000;0.0000;0.0000;0.0000
906;563.72;794.6000;55505.6500;52206.2500;51411.6500;93.9694;0.0270;0.0000;-794.6000;0.0000;6.8165;0.0000;-794.6000;0.0000;6.8165;1.0000;0.0000;0.0000;0.0000;0.0000
907;564.05;789.4500;55943.8500;52153.4000;51363.9500;93.1276;0.0309;0.0000;-789.4500;0.0000;6.8165;0.0000;-789.4500;0.0000;6.8165;1.0000;0.0000;0.0000;0.0000;0.0000
908;564.37;788.5500;56468.7500;52495.2000;51706.6500;92.8636;0.0322;0.0000;-788.5500;0.0000;6.8165;0.0000;-788.5500;0.0000;6.8165;1.0000;0.0000;0.0000;0.0000;0.0000
909;564.70;790.0000;56340.7000;52491.4500;51701.4500;93.0707;0.0312;0.0000;-790.0000;0.0000;6.8165;0.0000;-790.0000;0.0000;6.8165;1.0000;0.0000;0.0000;0.0000;0.0000
910;565.02;784.2000;56549.3500;52934.4500;52150.2500;93.5176;0.0291;0.0000;-784.2000;0.0000;6.8165;0.0000;-784.2000;0.0000;6.8165;1.0000;0.0000;0.0000;0.0000;0.0000
911;565.34;793.2000;56664.9500;52917.3500;52124.1500;93.2925;0.0302;0.0000;-793.2000;0.0000;6.8165;0.0000;-793.2000;0.0000;6.8165;1.0000;0.0000;0.0000;0.0000;0.0000
912;565.67;809.3500;56754.9000;53054.3000;52244.9500;93.3854;0.0297;0.0000;-809.3500;0.0000;6.8165;0.0000;-809.3500;0.0000;6.8165;1.0000;0.0000;0.0000;0.0000;0.0000
913;565.99;786.7000;56594.3500;52742.3500;51955.6500;93.0977;0.0311;0.0000;-786.7000;0.0000;6.8165;0.0000;-786.7000;0.0000;6.8165;1.0000;0.0000;0.0000;0.0000;0.0000
914;566.31;800.7000;56937.4500;52932.3000;52131.6000;92.8654;0.0321;0.0000;-800.7000;0.0000;6.8165;0.0000;-800.7000;0.0000;6.8165;1.0000;0.0000;0.0000;0.0000;0.0000
915;566.64;800.8000;57017.5000;53207.6500;52406.8500;93.2229;0.0305;0.0000;-800.8000;0.0000;6.8165;0.0000;-800.8000;0.0000;6.8165;1.0000;0.0000;0.0000;0.0000;0.0000
916;566.96;805.7000;57251.2000;53433.2000;52627.5000;93.2360;0.0304;0.0000;-805.7000;0.0000;6.8165;0.0000;-805.7000;0.0000;6.8165;1.0000;0.0000;0.0000;0.0000;0.0000
917;567.29;804.3500;57439.3500;53129.2500;52324.9000;92.3897;0.0344;0.0000;-804.3500;0.0000;6.8165;0.0000;-804.3500;0.0000;6.8165;1.0000;0.0000;0.0000;0.0000;0.0000
918;567.61;793.0000;57104.3000;53307.1500;52514.1500;93.2569;0.0303;0.0000;-793.0000;0.0000;6.8165;0.0000;-793.0000;0.0000;6.8165;1.0000;0.0000;0.0000;0.0000;0.0000
919;567.93;796.4000;56618.7000;53277.4000;52481.0000;94.0144;0.0268;0.0000;-796.4000;0.0000;6.8165;0.0000;-796.4000;0.0000;6.8165;1.0000;0.0000;0.0000;0.0000;0.0000
920;568.25;801.2000;57399.8500;53400.1500;52598.9500;92.9332;0.0318;0.0000;-801.2000;0.0000;6.8165;0.0000;-801.2000;0.0000;6.8165;1.0000;0.0000;0.0000;0.0000;0.0000
921;568.58;786.0000;57629.1000;53435.3500;52649.3500;92.6222;0.0333;0.0000;-786.0000;0.0000;6.8165;0.0000;-786.0000;0.0000;6.8165;1.0000;0.0000;0.0000;0.0000;0.0000
922;568.90;805.9000;57272.6500;53693.7500;52887.8500;93.6619;0.0284;0.0000;-805.9000;0.0000;6.8165;0.0000;-805.9000;0.0000;6.8165;1.0000;0.0000;0.0000;0.0000;0.0000
923;569.22;788.0500;57762.3000;54045.4500;53257.4000;93.4763;0.0293;0.0000;-788.0500;0.0000;6.8165;0.0000;-788.0500;0.0000;6.8165;1.0000;0.0000;0.0000;0.0000;0.0000
924;569.55;801.6000;57806.6000;54025.8500;53224.2500;93.3677;0.0298;0.0000;-801.6000;0.0000;6.8165;0.0000;-801.6000;0.0000;6.8165;1.0000;0.0000;0.0000;0.0000;0.0000
925;569.87;794.8000;57489.8500;53950.9000;53156.1000;93.7579;0.0280;0.0000;-794.8000;0.0000;6.8165;0.0000;-794.8000;0.0000;6.8165;1.0000;0.0000;0.0000;0.0000;0.0000
926;570.19;788.9000;57946.2000;54676.3000;53887.4000;94.2791;0.0256;0.0000;-788.9000;0.0000;6.8165;0.0000;-788.9000;0.0000;6.8165;1.0000;0.0000;0.0000;0.0000;0.0000
927;570.51;790.2500;57904.6000;54373.2500;53583.0000;93.8171;0.0277;0.0000;-790.2500;0.0000;6.8165;0.0000;-790.2500;0.0000;6.8165;1.0000;0.0000;0.0000;0.0000;0.0000
928;570.83;797.6500;57951.8500;54544.5000;53746.8500;94.0383;0.0267;0.0000;-797.6500;0.0000;6.8165;0.0000;-797.6500;0.0000;6.8165;1.0000;0.0000;0.0000;0.0000;0.0000
929;571.16;780.2500;58062.6000;54626.1500;53845.9000;94.0009;0.0269;0.0000;-780.2500;0.0000;6.8165;0.0000;-780.2500;0.0000;6.8165;1.0000;0.0000;0.0000;0.0000;0.0000
930;571.48;797.5500;57758.8000;53972.8500;53175.3000;93.3535;0.0299;0.0000;-797.5500;0.0000;6.8165;0.0000;-797.5500;0.0000;6.8165;1.0000;0.0000;0.0000;0.0000;0.0000
931;571.80;793.3000;57310.7500;53923.5500;53130.2500;94.0068;0.0268;0.0000;-793.3000;0.0000;6.8165;0.0000;-793.3000;0.0000;6.8165;1.0000;0.0000;0.0000;0.0000;0.0000
932;572.12;798.1000;58003.4000;54549.4500;53751.3500;93.9622;0.0270;0.0000;-798.1000;0.0000;6.8165;0.0000;-798.1000;0.0000;6.8165;1.0000;0.0000;0.0000;0.0000;0.0000
933;572.44;780.4000;58009.3500;54666.1000;53885.7000;94.1581;0.0261;0.0000;-780.4000;0.0000;6.8165;0.0000;-780.4000;0.0000;6.8165;1.0000;0.0000;0.0000;0.0000;0.0000
934;572.77;779.1500;58116.8500;55137.5500;54358.4000;94.8039;0.0232;0.0000;-779.1500;0.0000;6.8165;0.0000;-779.1500;0.0000;6.8165;1.0000;0.0000;0.0000;0.0000;0.0000
935;573.09;787.6500;57989.7500;55115.1000;54327.4500;94.9746;0.0224;0.0000;-787.6500;0.0000;6.8165;0.0000;-787.6500;0.0000;6.8165;1.0000;0.0000;0.0000;0.0000;0.0000
936;573.41;789.1500;57936.9000;54673.3000;53884.1500;94.2892;0.0255;0.0000;-789.1500;0.0000;6.8165;0.0000;-789.1500;0.0000;6.8165;1.0000;0.0000;0.0000;0.0000;0.0000
937;573.73;796.5500;57213.1500;53949.1500;53152.6000;94.2145;0.0259;0.0000;-796.5500;0.0000;6.8165;0.0000;-796.5500;0.0000;6.8165;1.0000;0.0000;0.0000;0.0000;0.0000
938;574.05;803.5500;57253.7500;54307.8000;53504.2500;94.7813;0.0233;0.0000;-803.5500;0.0000;6.8165;0.0000;-803.5500;0.0000;6.8165;1.0000;0.0000;0.0000;0.0000;0.0000
939;574.37;793.3000;57488.8000;54333.0000;53539.7000;94.4338;0.0249;0.0000;-793.3000;0.0000;6.8165;0.0000;-793.3000;0.0000;6.8165;1.0000;0.0000;0.0000;0.0000;0.0000
940;574.69;799.8000;57361.9500;54281.4000;53481.6000;94.5537;0.0243;0.0000;-799.8000;0.0000;6.8165;0.0000;-799.8000;0.0000;6.8165;1.0000;0.0000;0.0000;0.0000;0.0000
941;575.02;798.2500;57948.0000;54372.2000;53573.9500;93.7431;0.0281;0.0000;-798.2500;0.0000;6.8165;0.0000;-798.2500;0.0000;6.8165;1.0000;0.0000;0.0000;0.0000;0.0000
942;575.34;791.3500;58003.7500;54410.6500;53619.3000;93.7197;0.0282;0.0000;-791.3500;0.0000;6.8165;0.0000;-791.3500;0.0000;6.8165;1.0000;0.0000;0.0000;0.0000;0.0000
943;575.66;794.6000;57735.6000;55008.9000;54214.3000;95.2114;0.0213;0.0000;-794.6000;0.0000;6.8165;0.0000;-794.6000;0.0000;6.8165;1.0000;0.0000;0.0000;0.0000;0.0000
944;575.98;802.9500;58247.6000;55056.0000;54253.0500;94.4440;0.0248;0.0000;-802.9500;0.0000;6.8165;0.0000;-802.9500;0.0000;6.8165;1.0000;0.0000;0.0000;0.0000;0.0000
945;576.30;807.0500;58163.4000;55027.2000;54220.1500;94.5321;0.0244;0.0000;-807.0500;0.0000;6.8165;0.0000;-807.0500;0.0000;6.8165;1.0000;0.0000;0.0000;0.0000;0.0000
946;576.62;799.8000;57624.9000;54728.3500;53928.5500;94.9027;0.0227;0.0000;-799.8000;0.0000;6.8165;0.0000;-799.8000;0.0000;6.8165;1.0000;0.0000;0.0000;0.0000;0.0000
947;576.94;788.0500;58025.9000;54863.9500;54075.9000;94.4758;0.0247;0.0000;-788.0500;0.0000;6.8165;0.0000;-788.0500;0.0000;6.8165;1.0000;0.0000;0.0000;0.0000;0.0000
948;577.26;790.8500;58113.9500;54940.9000;54150.0500;94.4646;0.0247;0.0000;-790.8500;0.0000;6.8165;0.0000;-790.8500;0.0000;6.8165;1.0000;0.0000;0.0000;0.0000;0.0000
949;577.58;785.3000;57700.8000;55290.5500;54505.2500;95.7652;0.0188;0.0000;-785.3000;0.0000;6.8165;0.0000;-785.3000;0.0000;6.8165;1.0000;0.0000;0.0000;0.0000;0.0000
950;577.90;791.5500;57361.5500;55071.3500;54279.8000;95.9516;0.0179;0.0000;-791.5500;0.0000;6.8165;0.0000;-791.5500;0.0000;6.8165;1.0000;0.0000;0.0000;0.0000;0.0000
951;578.22;780.8000;57568.5000;54669.4500;53888.6500;94.8949;0.0228;0.0000;-780.8000;0.0000;6.8165;0.0000;-780.8000;0.0000;6.8165;1.0000;0.0000;0.0000;0.0000;0.0000
952;578.54;794.1500;57198.6000;54604.3000;53810.1500;95.4005;0.0204;0.0000;-794.1500;0.0000;6.8165;0.0000;-794.1500;0.0000;6.8165;1.0000;0.0000;0.0000;0.0000;0.0000
953;578.86;806.7000;56484.0500;53675.4500;52868.7500;94.9556;0.0225;0.0000;-806.7000;0.0000;6.8165;0.0000;-806.7000;0.0000;6.8165;1.0000;0.0000;0.0000;0.0000;0.0000
954;579.18;799.0000;56974.0500;54159.1000;53360.1000;94.9890;0.0223;0.0000;-799.0000;0.0000;6.8165;0.0000;-799.0000;0.0000;6.8165;1.0000;0.0000;0.0000;0.0000;0.0000
955;579.50;799.9500;56736.6000;54149.2000;53349.2500;95.3744;0.0206;0.0000;-799.9500;0.0000;6.8165;0.0000;-799.9500;0.0000;6.8165;1.0000;0.0000;0.0000;0.0000;0.0000
956;579.82;797.2000;56375.1500;53607.0000;52809.8000;95.0193;0.0222;0.0000;-797.2000;0.0000;6.8165;0.0000;-797.2000;0.0000;6.8165;1.0000;0.0000;0.0000;0.0000;0.0000
957;580.14;784.7000;56166.4500;53780.1000;52995.4000;95.6911;0.0191;0.0000;-784.7000;0.0000;6.8165;0.0000;-784.7000;0.0000;6.8165;1.0000;0.0000;0.0000;0.0000;0.0000
958;580.46;792.9500;55944.9500;53811.4000;53018.4500;96.1315;0.0171;0.0000;-792.9500;0.0000;6.8165;0.0000;-792.9500;0.0000;6.8165;1.0000;0.0000;0.0000;0.0000;0.0000
959;580.78;798.3500;56915.4000;53786.9000;52988.5500;94.4250;0.0249;0.0000;-798.3500;0.0000;6.8165;0.0000;-798.3500;0.0000;6.8165;1.0000;0.0000;0.0000;0.0000;0.0000
960;581.10;801.7000;56297.1500;53122.7500;52321.0500;94.2799;0.0256;0.0000;-801.7000;0.0000;6.8165;0.0000;-801.7000;0.0000;6.8165;1.0000;0.0000;0.0000;0.0000;0.0000
961;581.42;787.4500;56313.5000;53561.9000;52774.4500;95.0445;0.0221;0.0000;-787.4500;0.0000;6.8165;0.0000;-787.4500;0.0000;6.8165;1.0000;0.0000;0.0000;0.0000;0.0000
962;581.73;799.8500;56198.4500;53479.5500;52679.7000;95.0921;0.0219;0.0000;-799.8500;0.0000;6.8165;0.0000;-799.8500;0.0000;6.8165;1.0000;0.0000;0.0000;0.0000;0.0000
963;582.05;777.6500;55809.1000;53209.4000;52431.7500;95.2760;0.0210;0.0000;-777.6500;0.0000;6.8165;0.0000;-777.6500;0.0000;6.8165;1.0000;0.0000;0.0000;0.0000;0.0000
964;582.37;772.9000;55846.4000;53167.2000;52394.3000;95.1352;0.0217;0.0000;-772.9000;0.0000;6.8165;0.0000;-772.9000;0.0000;6.8165;1.0000;0.0000;0.0000;0.0000;0.0000
965;582.69;779.8000;55735.4500;52826.0500;52046.2500;94.7059;0.0236;0.0000;-779.8000;0.0000;6.8165;0.0000;-779.8000;0.0000;6.8165;1.0000;0.0000;0.0000;0.0000;0.0000
966;583.01;791.7000;55932.3000;52921.2000;52129.5000;94.5392;0.0244;0.0000;-791.7000;0.0000;6.8165;0.0000;-791.7000;0.0000;6.8165;1.0000;0.0000;0.0000;0.0000;0.0000
967;583.33;786.7500;55517.2500;52648.9000;51862.1500;94.7591;0.0234;0.0000;-786.7500;0.0000;6.8165;0.0000;-786.7500;0.0000;6.8165;1.0000;0.0000;0.0000;0.0000;0.0000
968;583.65;803.3000;55569.6500;53140.5000;52337.2000;95.5645;0.0197;0.0000;-803.3000;0.0000;6.8165;0.0000;-803.3000;0.0000;6.8165;1.0000;0.0000;0.0000;0.0000;0.0000
969;583.96;787.2500;55269.8500;52653.2000;51865.9500;95.1973;0.0214;0.0000;-787.2500;0.0000;6.8165;0.0000;-787.2500;0.0000;6.8165;1.0000;0.0000;0.0000;0.0000;0.0000
970;584.28;795.3500;55304.2500;52472.4500;51677.1000;94.8049;0.0232;0.0000;-795.3500;0.0000;6.8165;0.0000;-795.3500;0.0000;6.8165;1.0000;0.0000;0.0000;0.0000;0.0000
971;584.60;787.2000;55733.2000;52812.8000;52025.6000;94.6850;0.0237;0.0000;-787.2000;0.0000;6.8165;0.0000;-787.2000;0.0000;6.8165;1.0000;0.0000;0.0000;0.0000;0.0000
972;584.92;797.1500;55559.3000;52891.3000;52094.1500;95.1280;0.0217;0.0000;-797.1500;0.0000;6.8165;0.0000;-797.1500;0.0000;6.8165;1.0000;0.0000;0.0000;0.0000;0.0000
973;585.24;794.6000;55178.4000;52256.5500;51461.9500;94.6274;0.0240;0.0000;-794.6000;0.0000;6.8165;0.0000;-794.6000;0.0000;6.8165;1.0000;0.0000;0.0000;0.0000;0.0000
974;585.55;792.8000;55190.9000;52257.9500;51465.1500;94.6084;0.0241;0.0000;-792.8000;0.0000;6.8165;0.0000;-792.8000;0.0000;6.8165;1.0000;0.0000;0.0000;0.0000;0.0000
975;585.87;793.1000;55302.3000;52515.1500;51722.0500;94.8868;0.0228;0.0000;-793.1000;0.0000;6.8165;0.0000;-793.1000;0.0000;6.8165;1.0000;0.0000;0.0000;0.0000;0.0000
976;586.19;794.7000;55480.2000;52765.0000;51970.3000;95.0349;0.0221;0.0000;-794.7000;0.0000;6.8165;0.0000;-794.7000;0.0000;6.8165;1.0000;0.0000;0.0000;0.0000;0.0000
977;586.51;804.4000;55600.3500;53083.2000;52278.8000;95.4063;0.0204;0.0000;-804.4000;0.0000;6.8165;0.0000;-804.4000;0.0000;6.8165;1.0000;0.0000;0.0000;0.0000;0.0000
978;586.83;803.7000;55405.5000;53216.0000;52412.3000;95.9901;0.0178;0.0000;-803.7000;0.0000;6.8165;0.0000;-803.7000;0.0000;6.8165;1.0000;0.0000;0.0000;0.0000;0.0000
979;587.14;794.1000;54879.7000;52925.7500;52131.6500;96.3873;0.0160;0.0000;-794.1000;0.0000;6.8165;0.0000;-794.1000;0.0000;6.8165;1.0000;0.0000;0.0000;0.0000;0.0000
980;587.46;795.9500;54660.6000;52814.9500;52019.0000;96.5735;0.0151;0.0000;-795.9500;0.0000;6.8165;0.0000;-795.9500;0.0000;6.8165;1.0000;0.0000;0.0000;0.0000;0.0000
981;587.78;799.4500;54900.3000;52632.6000;51833.1500;95.8084;0.0186;0.0000;-799.4500;0.0000;6.8165;0.0000;-799.4500;0.0000;6.8165;1.0000;0.0000;0.0000;0.0000;0.0000
982;588.09;808.1500;54721.0500;51935.8500;51127.7000;94.8339;0.0230;0.0000;-808.1500;0.0000;6.8165;0.0000;-808.1500;0.0000;6.8165;1.0000;0.0000;0.0000;0.0000;0.0000
983;588.41;784.1500;54915.9000;52096.7000;51312.5500;94.7920;0.0232;0.0000;-784.1500;0.0000;6.8165;0.0000;-784.1500;0.0000;6.8165;1.0000;0.0000;0.0000;0.0000;0.0000
984;588.73;801.0500;55126.5000;52832.2000;52031.1500;95.7767;0.0187;0.0000;-801.0500;0.0000;6.8165;0.0000;-801.0500;0.0000;6.8165;1.0000;0.0000;0.0000;0.0000;0.0000
985;589.04;792.6000;54597.2000;52518.0000;51725.4000;96.1356;0.0171;0.0000;-792.6000;0.0000;6.8165;0.0000;-792.6000;0.0000;6.8165;1.0000;0.0000;0.0000;0.0000;0.0000
986;589.36;804.5000;55142.3000;52842.4500;52037.9500;95.7675;0.0188;0.0000;-804.5000;0.0000;6.8165;0.0000;-804.5000;0.0000;6.8165;1.0000;0.0000;0.0000;0.0000;0.0000
987;589.68;789.2000;55527.4000;52638.8000;51849.6000;94.7229;0.0235;0.0000;-789.2000;0.0000;6.8165;0.0000;-789.2000;0.0000;6.8165;1.0000;0.0000;0.0000;0.0000;0.0000
988;589.99;799.3000;55191.5500;51973.1000;51173.8000;94.0829;0.0265;0.0000;-799.3000;0.0000;6.8165;0.0000;-799.3000;0.0000;6.8165;1.0000;0.0000;0.0000;0.0000;0.0000
989;590.31;784.2000;55509.0000;52436.0000;51651.8000;94.3846;0.0251;0.0000;-784.2000;0.0000;6.8165;0.0000;-784.2000;0.0000;6.8165;1.0000;0.0000;0.0000;0.0000;0.0000
990;590.63;797.7500;55156.5000;52459.3500;51661.6000;95.0382;0.0221;0.0000;-797.7500;0.0000;6.8165;0.0000;-797.7500;0.0000;6.8165;1.0000;0.0000;0.0000;0.0000;0.0000
991;590.94;794.4500;55600.2500;52774.5500;51980.1000;94.8442;0.0230;0.0000;-794.4500;0.0000;6.8165;0.0000;-794.4500;0.0000;6.8165;1.0000;0.0000;0.0000;0.0000;0.0000
992;591.26;778.6500;55678.2000;52815.7500;52037.1000;94.7860;0.0233;0.0000;-778.6500;0.0000;6.8165;0.0000;-778.6500;0.0000;6.8165;1.0000;0.0000;0.0000;0.0000;0.0000
993;591.58;774.0500;55465.1500;53086.5000;52312.4500;95.6508;0.0193;0.0000;-774.0500;0.0000;6.8165;0.0000;-774.0500;0.0000;6.8165;1.0000;0.0000;0.0000;0.0000;0.0000
994;591.89;782.9500;54630.8500;52324.4500;51541.5000;95.7168;0.0190;0.0000;-782.9500;0.0000;6.8165;0.0000;-782.9500;0.0000;6.8165;1.0000;0.0000;0.0000;0.0000;0.0000
995;592.21;796.4500;54397.7500;51807.4500;51011.0000;95.1675;0.0215;0.0000;-796.4500;0.0000;6.8165;0.0000;-796.4500;0.0000;6.8165;1.0000;0.0000;0.0000;0.0000;0.0000
996;592.52;803.2000;55181.4000;52452.9500;51649.7500;94.9825;0.0224;0.0000;-803.2000;0.0000;6.8165;0.0000;-803.2000;0.0000;6.8165;1.0000;0.0000;0.0000;0.0000;0.0000
997;592.84;791.4000;55027.9500;52639.9500;51848.5500;95.5971;0.0196;0.0000;-791.4000;0.0000;6.8165;0.0000;-791.4000;0.0000;6.8165;1.0000;0.0000;0.0000;0.0000;0.0000
998;593.15;781.3000;55103.0000;52983.3500;52202.0500;96.0980;0.0173;0.0000;-781.3000;0.0000;6.8165;0.0000;-781.3000;0.0000;6.8165;1.0000;0.0000;0.0000;0.0000;0.0000
999;593.47;789.7500;55239.1000;52761.0000;51971.2500;95.4488;0.0202;0.0000;-789.7500;0.0000;6.8165;0.0000;-789.7500;0.0000;6.8165;1.0000;0.0000;0.0000;0.0000;0.0000
1000;593.79;782.3500;54775.9000;52614.8500;51832.5000;95.9976;0.0177;0.0000;-782.3500;0.0000;6.8165;0.0000;-782.3500;0.0000;6.8165;1.0000;0.0000;0.0000;0.0000;0.0000
1001;594.10;802.3000;54676.3500;51958.7500;51156.4500;94.9556;0.0225;0.0000;-802.3000;0.0000;6.8165;0.0000;-802.3000;0.0000;6.8165;1.0000;0.0000;0.0000;0.0000;0.0000
1002;594.42;793.1000;55309.7500;52781.5500;51988.4500;95.3625;0.0206;0.0000;-793.1000;0.0000;6.8165;0.0000;-793.1000;0.0000;6.8165;1.0000;0.0000;0.0000;0.0000;0.0000
1003;594.73;795.5000;55171.1000;52875.8500;52080.3500;95.7789;0.0187;0.0000;-795.5000;0.0000;6.8165;0.0000;-795.5000;0.0000;6.8165;1.0000;0.0000;0.0000;0.0000;0.0000
1004;595.05;795.5500;55506.7000;52781.3500;51985.8000;95.0187;0.0222;0.0000;-795.5500;0.0000;6.8165;0.0000;-795.5500;0.0000;6.8165;1.0000;0.0000;0.0000;0.0000;0.0000
1005;595.36;800.0000;55898.4500;53215.3500;52415.3500;95.1304;0.0217;0.0000;-800.0000;0.0000;6.8165;0.0000;-800.0000;0.0000;6.8165;1.0000;0.0000;0.0000;0.0000;0.0000
1006;595.68;794.6500;56012.9500;53186.4500;52391.8000;94.8812;0.0228;0.0000;-794.6500;0.0000;6.8165;0.0000;-794.6500;0.0000;6.8165;1.0000;0.0000;0.0000;0.0000;0.0000
1007;595.99;803.2500;55630.5000;52441.3500;51638.1000;94.1833;0.0260;0.0000;-803.2500;0.0000;6.8165;0.0000;-803.2500;0.0000;6.8165;1.0000;0.0000;0.0000;0.0000;0.0000
1008;596.30;801.7000;55205.5000;52957.5000;52155.8000;95.8679;0.0183;0.0000;-801.7000;0.0000;6.8165;0.0000;-801.7000;0.0000;6.8165;1.0000;0.0000;0.0000;0.0000;0.0000
1009;596.62;806.4000;55820.9000;53366.7000;52560.3000;95.5390;0.0198;0.0000;-806.4000;0.0000;6.8165;0.0000;-806.4000;0.0000;6.8165;1.0000;0.0000;0.0000;0.0000;0.0000
1010;596.93;785.0000;55898.0500;53364.0500;52579.0500;95.4022;0.0204;0.0000;-785.0000;0.0000;6.8165;0.0000;-785.0000;0.0000;6.8165;1.0000;0.0000;0.0000;0.0000;0.0000
1011;597.25;794.1000;55660.1000;53535.5000;52741.4000;96.1277;0.0172;0.0000;-794.1000;0.0000;6.8165;0.0000;-794.1000;0.0000;6.8165;1.0000;0.0000;0.0000;0.0000;0.0000
1012;597.56;791.1500;55301.7000;53078.8000;52287.6500;95.9221;0.0181;0.0000;-791.1500;0.0000;6.8165;0.0000;-791.1500;0.0000;6.8165;1.0000;0.0000;0.0000;0.0000;0.0000
1013;597.88;792.5500;55367.3000;52868.1500;52075.6000;95.4207;0.0204;0.0000;-792.5500;0.0000;6.8165;0.0000;-792.5500;0.0000;6.8165;1.0000;0.0000;0.0000;0.0000;0.0000
1014;598.19;795.3500;55728.4000;53338.1000;52542.7500;95.6487;0.0193;0.0000;-795.3500;0.0000;6.8165;0.0000;-795.3500;0.0000;6.8165;1.0000;0.0000;0.0000;0.0000;0.0000
1015;598.50;787.1000;55978.9500;53454.4000;52667.3000;95.4259;0.0203;0.0000;-787.1000;0.0000;6.8165;0.0000;-787.1000;0.0000;6.8165;1.0000;0.0000;0.0000;0.0000;0.0000
1016;598.82;786.8500;56264.4000;53492.8500;52706.0000;95.0042;0.0223;0.0000;-786.8500;0.0000;6.8165;0.0000;-786.8500;0.0000;6.8165;1.0000;0.0000;0.0000;0.0000;0.0000
1017;599.13;791.4000;56077.8000;53228.9500;52437.5500;94.8471;0.0230;0.0000;-791.4000;0.0000;6.8165;0.0000;-791.4000;0.0000;6.8165;1.0000;0.0000;0.0000;0.0000;0.0000
1018;599.45;794.5500;56289.0500;53829.4000;53034.8500;95.5678;0.0197;0.0000;-794.5500;0.0000;6.8165;0.0000;-794.5500;0.0000;6.8165;1.0000;0.0000;0.0000;0.0000;0.0000
1019;599.76;799.5500;55231.6000;52867.7500;52068.2000;95.6572;0.0193;0.0000;-799.5500;0.0000;6.8165;0.0000;-799.5500;0.0000;6.8165;1.0000;0.0000;0.0000;0.0000;0.0000
1020;600.07;794.4000;55560.8500;53180.3000;52385.9000;95.6533;0.0193;0.0000;-794.4000;0.0000;6.8165;0.0000;-794.4000;0.0000;6.8165;1.0000;0.0000;0.0000;0.0000;0.0000
1021;600.39;791.6000;56174.2500;53586.7500;52795.1500;95.3280;0.0208;0.0000;-791.6000;0.0000;6.8165;0.0000;-791.6000;0.0000;6.8165;1.0000;0.0000;0.0000;0.0000;0.0000
1022;600.70;798.8500;56218.7000;54114.1000;53315.2500;96.2024;0.0168;0.0000;-798.8500;0.0000;6.8165;0.0000;-798.8500;0.0000;6.8165;1.0000;0.0000;0.0000;0.0000;0.0000
1023;601.01;796.3000;55940.8500;53870.8500;53074.5500;96.2462;0.0166;0.0000;-796.3000;0.0000;6.8165;0.0000;-796.3000;0.0000;6.8165;1.0000;0.0000;0.0000;0.0000;0.0000
1024;601.33;790.2000;55894.8500;53285.5500;52495.3500;95.2648;0.0211;0.0000;-790.2000;0.0000;6.8165;0.0000;-790.2000;0.0000;6.8165;1.0000;0.0000;0.0000;0.0000;0.0000
1025;601.64;795.7500;55574.8500;53230.9000;52435.1500;95.7211;0.0190;0.0000;-795.7500;0.0000;6.8165;0.0000;-795.7500;0.0000;6.8165;1.0000;0.0000;0.0000;0.0000;0.0000
1026;601.95;783.3000;56039.9000;53061.1500;52277.8500;94.6092;0.0241;0.0000;-783.3000;0.0000;6.8165;0.0000;-783.3000;0.0000;6.8165;1.0000;0.0000;0.0000;0.0000;0.0000
1027;602.26;787.5000;56041.2000;53267.8000;52480.3000;94.9806;0.0224;0.0000;-787.5000;0.0000;6.8165;0.0000;-787.5000;0.0000;6.8165;1.0000;0.0000;0.0000;0.0000;0.0000
1028;602.58;780.4500;56106.0500;53540.0500;52759.6000;95.3620;0.0206;0.0000;-780.4500;0.0000;6.8165;0.0000;-780.4500;0.0000;6.8165;1.0000;0.0000;0.0000;0.0000;0.0000
1029;602.89;777.3000;56489.8000;53513.6000;52736.3000;94.6579;0.0238;0.0000;-777.3000;0.0000;6.8165;0.0000;-777.3000;0.0000;6.8165;1.0000;0.0000;0.0000;0.0000;0.0000
1030;603.20;802.5000;56547.4000;53539.2000;52736.7000;94.6036;0.0241;0.0000;-802.5000;0.0000;6.8165;0.0000;-802.5000;0.0000;6.8165;1.0000;0.0000;0.0000;0.0000;0.0000
1031;603.51;796.6000;56221.0500;53480.5500;52683.9500;95.0554;0.0220;0.0000;-796.6000;0.0000;6.8165;0.0000;-796.6000;0.0000;6.8165;1.0000;0.0000;0.0000;0.0000;0.0000
1032;603.83;804.3000;56709.9500;53850.6500;53046.3500;94.8855;0.0228;0.0000;-804.3000;0.0000;6.8165;0.0000;-804.3000;0.0000;6.8165;1.0000;0.0000;0.0000;0.0000;0.0000
1033;604.14;793.3500;56999.3000;53863.3500;53070.0000;94.4206;0.0249;0.0000;-793.3500;0.0000;6.8165;0.0000;-793.3500;0.0000;6.8165;1.0000;0.0000;0.0000;0.0000;0.0000
1034;604.45;787.7000;56518.1000;53717.8000;52930.1000;94.9753;0.0224;0.0000;-787.7000;0.0000;6.8165;0.0000;-787.7000;0.0000;6.8165;1.0000;0.0000;0.0000;0.0000;0.0000
1035;604.76;789.4000;56575.1500;54191.0500;53401.6500;95.7263;0.0190;0.0000;-789.4000;0.0000;6.8165;0.0000;-789.4000;0.0000;6.8165;1.0000;0.0000;0.0000;0.0000;0.0000
1036;605.07;800.0500;56385.0500;54182.3500;53382.3000;96.0372;0.0176;0.0000;-800.0500;0.0000;6.8165;0.0000;-800.0500;0.0000;6.8165;1.0000;0.0000;0.0000;0.0000;0.0000
1037;605.39;790.5500;56179.6500;53938.2000;53147.6500;95.9533;0.0179;0.0000;-790.5500;0.0000;6.8165;0.0000;-790.5500;0.0000;6.8165;1.0000;0.0000;0.0000;0.0000;0.0000
1038;605.70;806.3500;56294.3500;53766.5500;52960.2000;95.4444;0.0202;0.0000;-806.3500;0.0000;6.8165;0.0000;-806.3500;0.0000;6.8165;1.0000;0.0000;0.0000;0.0000;0.0000
1039;606.01;787.6000;56394.7000;54191.3000;53403.7000;96.0376;0.0176;0.0000;-787.6000;0.0000;6.8165;0.0000;-787.6000;0.0000;6.8165;1.0000;0.0000;0.0000;0.0000;0.0000
1040;606.32;793.7000;56543.3000;54265.4500;53471.7500;95.9141;0.0181;0.0000;-793.7000;0.0000;6.8165;0.0000;-793.7000;0.0000;6.8165;1.0000;0.0000;0.0000;0.0000;0.0000
1041;606.63;791.3500;56122.0500;54232.4500;53441.1000;96.5849;0.0151;0.0000;-791.3500;0.0000;6.8165;0.0000;-791.3500;0.0000;6.8165;1.0000;0.0000;0.0000;0.0000;0.0000
1042;606.94;794.0000;56199.2500;54356.7500;53562.7500;96.6745;0.0147;0.0000;-794.0000;0.0000;6.8165;0.0000;-794.0000;0.0000;6.8165;1.0000;0.0000;0.0000;0.0000;0.0000
1043;607.26;788.7000;55964.9000;54122.5500;53333.8500;96.6610;0.0147;0.0000;-788.7000;0.0000;6.8165;0.0000;-788.7000;0.0000;6.8165;1.0000;0.0000;0.0000;0.0000;0.0000
1044;607.57;808.2500;56463.3000;54288.0500;53479.8000;96.0915;0.0173;0.0000;-808.2500;0.0000;6.8165;0.0000;-808.2500;0.0000;6.8165;1.0000;0.0000;0.0000;0.0000;0.0000
1045;607.88;790.5000;56226.0500;54182.2500;53391.7500;96.3132;0.0163;0.0000;-790.5000;0.0000;6.8165;0.0000;-790.5000;0.0000;6.8165;1.0000;0.0000;0.0000;0.0000;0.0000
1046;608.19;798.3000;56742.3500;54624.6500;53826.3500;96.2146;0.0168;0.0000;-798.3000;0.0000;6.8165;0.0000;-798.3000;0.0000;6.8165;1.0000;0.0000;0.0000;0.0000;0.0000
1047;608.50;798.1500;57167.3500;55037.6500;54239.5000;96.2219;0.0167;0.0000;-798.1500;0.0000;6.8165;0.0000;-798.1500;0.0000;6.8165;1.0000;0.0000;0.0000;0.0000;0.0000
1048;608.81;786.2000;57055.3000;54628.3000;53842.1000;95.6868;0.0191;0.0000;-786.2000;0.0000;6.8165;0.0000;-786.2000;0.0000;6.8165;1.0000;0.0000;0.0000;0.0000;0.0000
1049;609.12;791.4000;56456.5500;54499.8000;53708.4000;96.4848;0.0155;0.0000;-791.4000;0.0000;6.8165;0.0000;-791.4000;0.0000;6.8165;1.0000;0.0000;0.0000;0.0000;0.0000
1050;609.43;788.7000;56324.0000;54803.9000;54015.2000;97.2628;0.0121;0.0000;-788.7000;0.0000;6.8165;0.0000;-788.7000;0.0000;6.8165;1.0000;0.0000;0.0000;0.0000;0.0000
1051;609.74;783.9000;56057.1500;53861.9000;53078.0000;96.0284;0.0176;0.0000;-783.9000;0.0000;6.8165;0.0000;-783.9000;0.0000;6.8165;1.0000;0.0000;0.0000;0.0000;0.0000
1052;610.05;794.3000;57029.8500;54178.7500;53384.4500;94.9301;0.0226;0.0000;-794.3000;0.0000;6.8165;0.0000;-794.3000;0.0000;6.8165;1.0000;0.0000;0.0000;0.0000;0.0000
1053;610.36;789.3500;56999.4000;54325.4500;53536.1000;95.2429;0.0212;0.0000;-789.3500;0.0000;6.8165;0.0000;-789.3500;0.0000;6.8165;1.0000;0.0000;0.0000;0.0000;0.0000
1054;610.67;775.0000;56755.5500;54459.6000;53684.6000;95.8987;0.0182;0.0000;-775.0000;0.0000;6.8165;0.0000;-775.0000;0.0000;6.8165;1.0000;0.0000;0.0000;0.0000;0.0000
1055;610.98;786.2000;57325.0500;54895.2500;54109.0500;95.7024;0.0191;0.0000;-786.2000;0.0000;6.8165;0.0000;-786.2000;0.0000;6.8165;1.0000;0.0000;0.0000;0.0000;0.0000
1056;611.29;787.3500;57289.6500;54468.7000;53681.3500;95.0074;0.0222;0.0000;-787.3500;0.0000;6.8165;0.0000;-787.3500;0.0000;6.8165;1.0000;0.0000;0.0000;0.0000;0.0000
1057;611.60;782.5000;56903.6000;54553.2500;53770.7500;95.8120;0.0186;0.0000;-782.5000;0.0000;6.8165;0.0000;-782.5000;0.0000;6.8165;1.0000;0.0000;0.0000;0.0000;0.0000
1058;611.91;788.3500;57161.7500;54883.8500;54095.5000;95.9593;0.0179;0.0000;-788.3500;0.0000;6.8165;0.0000;-788.3500;0.0000;6.8165;1.0000;0.0000;0.0000;0.0000;0.0000
1059;612.22;786.4000;56803.9000;54680.8500;53894.4500;96.2100;0.0168;0.0000;-786.4000;0.0000;6.8165;0.0000;-786.4000;0.0000;6.8165;1.0000;0.0000;0.0000;0.0000;0.0000
1060;612.53;783.7500;56602.1000;54390.8500;53607.1000;96.0385;0.0176;0.0000;-783.7500;0.0000;6.8165;0.0000;-783.7500;0.0000;6.8165;1.0000;0.0000;0.0000;0.0000;0.0000
1061;612.84;792.1500;57147.6000;55275.7500;54483.6000;96.6785;0.0147;0.0000;-792.1500;0.0000;6.8165;0.0000;-792.1500;0.0000;6.8165;1.0000;0.0000;0.0000;0.0000;0.0000
1062;613.15;802.2000;57434.8500;54988.9500;54186.7500;95.6811;0.0192;0.0000;-802.2000;0.0000;6.8165;0.0000;-802.2000;0.0000;6.8165;1.0000;0.0000;0.0000;0.0000;0.0000
1063;613.46;785.3000;57361.1500;54357.8500;53572.5500;94.6916;0.0237;0.0000;-785.3000;0.0000;6.8165;0.0000;-785.3000;0.0000;6.8165;1.0000;0.0000;0.0000;0.0000;0.0000
1064;613.77;782.0500;57341.8500;54676.5500;53894.5000;95.2876;0.0210;0.0000;-782.0500;0.0000;6.8165;0.0000;-782.0500;0.0000;6.8165;1.0000;0.0000;0.0000;0.0000;0.0000
1065;614.08;789.0000;57274.9500;54969.8500;54180.8500;95.9192;0.0181;0.0000;-789.0000;0.0000;6.8165;0.0000;-789.0000;0.0000;6.8165;1.0000;0.0000;0.0000;0.0000;0.0000
1066;614.39;793.3500;57057.7000;55184.2500;54390.9000;96.6703;0.0147;0.0000;-793.3500;0.0000;6.8165;0.0000;-793.3500;0.0000;6.8165;1.0000;0.0000;0.0000;0.0000;0.0000
1067;614.70;810.2000;57016.3000;55169.2500;54359.0500;96.7138;0.0145;0.0000;-810.2000;0.0000;6.8165;0.0000;-810.2000;0.0000;6.8165;1.0000;0.0000;0.0000;0.0000;0.0000
1068;615.00;796.3500;57794.3500;55355.4500;54559.1000;95.7211;0.0190;0.0000;-796.3500;0.0000;6.8165;0.0000;-796.3500;0.0000;6.8165;1.0000;0.0000;0.0000;0.0000;0.0000
1069;615.31;789.0000;57685.4000;55329.0000;54540.0000;95.8584;0.0184;0.0000;-789.0000;0.0000;6.8165;0.0000;-789.0000;0.0000;6.8165;1.0000;0.0000;0.0000;0.0000;0.0000
1070;615.62;778.2000;57446.6500;54594.8000;53816.6000;94.9675;0.0224;0.0000;-778.2000;0.0000;6.8165;0.0000;-778.2000;0.0000;6.8165;1.0000;0.0000;0.0000;0.0000;0.0000
1071;615.93;776.8500;57705.0500;54641.1000;53864.2500;94.6179;0.0240;0.0000;-776.8500;0.0000;6.8165;0.0000;-776.8500;0.0000;6.8165;1.0000;0.0000;0.0000;0.0000;0.0000
1072;616.24;801.2500;57597.5500;54678.2500;53877.0000;94.8601;0.0229;0.0000;-801.2500;0.0000;6.8165;0.0000;-801.2500;0.0000;6.8165;1.0000;0.0000;0.0000;0.0000;0.0000
1073;616.55;798.0500;57210.1000;54475.8500;53677.8000;95.1531;0.0216;0.0000;-798.0500;0.0000;6.8165;0.0000;-798.0500;0.0000;6.8165;1.0000;0.0000;0.0000;0.0000;0.0000
1074;616.86;783.4000;57335.3500;54604.6500;53821.2500;95.1713;0.0215;0.0000;-783.4000;0.0000;6.8165;0.0000;-783.4000;0.0000;6.8165;1.0000;0.0000;0.0000;0.0000;0.0000
1075;617.16;800.0500;57063.5500;54545.9500;53745.9000;95.5253;0.0199;0.0000;-800.0500;0.0000;6.8165;0.0000;-800.0500;0.0000;6.8165;1.0000;0.0000;0.0000;0.0000;0.0000
1076;617.47;797.5500;56635.7500;54495.1500;53697.6000;96.1664;0.0170;0.0000;-797.5500;0.0000;6.8165;0.0000;-797.5500;0.0000;6.8165;1.0000;0.0000;0.0000;0.0000;0.0000
1077;617.78;778.7000;57264.2000;54838.0000;54059.3000;95.7047;0.0191;0.0000;-778.7000;0.0000;6.8165;0.0000;-778.7000;0.0000;6.8165;1.0000;0.0000;0.0000;0.0000;0.0000
1078;618.09;788.2500;57253.2500;55117.1500;54328.9000;96.2169;0.0167;0.0000;-788.2500;0.0000;6.8165;0.0000;-788.2500;0.0000;6.8165;1.0000;0.0000;0.0000;0.0000;0.0000
1079;618.40;786.4000;57278.5500;55508.8000;54722.4000;96.8673;0.0138;0.0000;-786.4000;0.0000;6.8165;0.0000;-786.4000;0.0000;6.8165;1.0000;0.0000;0.0000;0.0000;0.0000
1080;618.70;796.4500;57484.5500;55264.0000;54467.5500;96.0829;0.0174;0.0000;-796.4500;0.0000;6.8165;0.0000;-796.4500;0.0000;6.8165;1.0000;0.0000;0.0000;0.0000;0.0000
1081;619.01;776.3500;57533.8000;55186.1000;54409.7500;95.8636;0.0183;0.0000;-776.3500;0.0000;6.8165;0.0000;-776.3500;0.0000;6.8165;1.0000;0.0000;0.0000;0.0000;0.0000
1082;619.32;783.0000;57788.8500;55106.8500;54323.8500;95.2952;0.0209;0.0000;-783.0000;0.0000;6.8165;0.0000;-783.0000;0.0000;6.8165;1.0000;0.0000;0.0000;0.0000;0.0000
1083;619.63;800.0500;57571.9500;54583.1000;53783.0500;94.7353;0.0235;0.0000;-800.0500;0.0000;6.8165;0.0000;-800.0500;0.0000;6.8165;1.0000;0.0000;0.0000;0.0000;0.0000
1084;619.93;785.6000;57540.9500;55021.2500;54235.6500;95.5604;0.0197;0.0000;-785.6000;0.0000;6.8165;0.0000;-785.6000;0.0000;6.8165;1.0000;0.0000;0.0000;0.0000;0.0000
1085;620.24;800.9000;57842.5000;55115.0500;54314.1500;95.2185;0.0213;0.0000;-800.9000;0.0000;6.8165;0.0000;-800.9000;0.0000;6.8165;1.0000;0.0000;0.0000;0.0000;0.0000
1086;620.55;778.8000;57694.3500;54863.3000;54084.5000;95.0259;0.0222;0.0000;-778.8000;0.0000;6.8165;0.0000;-778.8000;0.0000;6.8165;1.0000;0.0000;0.0000;0.0000;0.0000
1087;620.85;789.4500;58454.0500;55177.9500;54388.5000;94.3187;0.0254;0.0000;-789.4500;0.0000;6.8165;0.0000;-789.4500;0.0000;6.8165;1.0000;0.0000;0.0000;0.0000;0.0000
1088;621.16;792.6500;58389.9000;55177.8000;54385.1500;94.4232;0.0249;0.0000;-792.6500;0.0000;6.8165;0.0000;-792.6500;0.0000;6.8165;1.0000;0.0000;0.0000;0.0000;0.0000
1089;621.47;794.9000;57811.6000;54625.1000;53830.2000;94.4113;0.0250;0.0000;-794.9000;0.0000;6.8165;0.0000;-794.9000;0.0000;6.8165;1.0000;0.0000;0.0000;0.0000;0.0000
1090;621.77;797.1500;57470.4000;54881.4500;54084.3000;95.4318;0.0203;0.0000;-797.1500;0.0000;6.8165;0.0000;-797.1500;0.0000;6.8165;1.0000;0.0000;0.0000;0.0000;0.0000
1091;622.08;795.3500;57309.8000;55104.1500;54308.8000;96.0972;0.0173;0.0000;-795.3500;0.0000;6.8165;0.0000;-795.3500;0.0000;6.8165;1.0000;0.0000;0.0000;0.0000;0.0000
1092;622.39;797.4000;57083.2500;54099.7500;53302.3500;94.6994;0.0237;0.0000;-797.4000;0.0000;6.8165;0.0000;-797.4000;0.0000;6.8165;1.0000;0.0000;0.0000;0.0000;0.0000
1093;622.69;785.3000;57095.5500;54742.0500;53956.7500;95.8205;0.0185;0.0000;-785.3000;0.0000;6.8165;0.0000;-785.3000;0.0000;6.8165;1.0000;0.0000;0.0000;0.0000;0.0000
1094;623.00;789.6500;56817.9500;55193.9500;54404.3000;97.1015;0.0128;0.0000;-789.6500;0.0000;6.8165;0.0000;-789.6500;0.0000;6.8165;1.0000;0.0000;0.0000;0.0000;0.0000
1095;623.31;774.4500;56694.6000;54826.4500;54052.0000;96.6593;0.0148;0.0000;-774.4500;0.0000;6.8165;0.0000;-774.4500;0.0000;6.8165;1.0000;0.0000;0.0000;0.0000;0.0000
1096;623.61;788.3000;57073.6000;54310.9500;53522.6500;95.0917;0.0219;0.0000;-788.3000;0.0000;6.8165;0.0000;-788.3000;0.0000;6.8165;1.0000;0.0000;0.0000;0.0000;0.0000
1097;623.92;795.8000;56810.1500;54001.9500;53206.1500;94.9866;0.0223;0.0000;-795.8000;0.0000;6.8165;0.0000;-795.8000;0.0000;6.8165;1.0000;0.0000;0.0000;0.0000;0.0000
1098;624.22;788.8500;57188.9500;55051.6000;54262.7500;96.2104;0.0168;0.0000;-788.8500;0.0000;6.8165;0.0000;-788.8500;0.0000;6.8165;1.0000;0.0000;0.0000;0.0000;0.0000
1099;624.53;776.5500;57480.7500;55478.4500;54701.9000;96.4689;0.0156;0.0000;-776.5500;0.0000;6.8165;0.0000;-776.5500;0.0000;6.8165;1.0000;0.0000;0.0000;0.0000;0.0000
1100;624.84;778.5000;56815.4500;54942.1500;54163.6500;96.6570;0.0148;0.0000;-778.5000;0.0000;6.8165;0.0000;-778.5000;0.0000;6.8165;1.0000;0.0000;0.0000;0.0000;0.0000
1101;625.14;787.6000;56960.3000;54676.0500;53888.4500;95.9335;0.0180;0.0000;-787.6000;0.0000;6.8165;0.0000;-787.6000;0.0000;6.8165;1.0000;0.0000;0.0000;0.0000;0.0000
1102;625.45;783.2000;56584.3500;54226.2000;53443.0000;95.7740;0.0188;0.0000;-783.2000;0.0000;6.8165;0.0000;-783.2000;0.0000;6.8165;1.0000;0.0000;0.0000;0.0000;0.0000
1103;625.75;787.7500;56342.3500;53849.6000;53061.8500;95.5130;0.0199;0.0000;-787.7500;0.0000;6.8165;0.0000;-787.7500;0.0000;6.8165;1.0000;0.0000;0.0000;0.0000;0.0000
1104;626.06;802.5500;56577.4500;54354.2500;53551.7000;96.0140;0.0177;0.0000;-802.5500;0.0000;6.8165;0.0000;-802.5500;0.0000;6.8165;1.0000;0.0000;0.0000;0.0000;0.0000
1105;626.36;796.7500;56563.1500;54092.5500;53295.8000;95.5697;0.0197;0.0000;-796.7500;0.0000;6.8165;0.0000;-796.7500;0.0000;6.8165;1.0000;0.0000;0.0000;0.0000;0.0000
1106;626.67;778.2000;56998.6500;54059.6000;53281.4000;94.7723;0.0233;0.0000;-778.2000;0.0000;6.8165;0.0000;-778.2000;0.0000;6.8165;1.0000;0.0000;0.0000;0.0000;0.0000
1107;626.97;789.4000;56984.3000;54094.5500;53305.1500;94.8576;0.0229;0.0000;-789.4000;0.0000;6.8165;0.0000;-789.4000;0.0000;6.8165;1.0000;0.0000;0.0000;0.0000;0.0000
1108;627.28;801.6500;56415.2500;53980.8000;53179.1500;95.6226;0.0194;0.0000;-801.6500;0.0000;6.8165;0.0000;-801.6500;0.0000;6.8165;1.0000;0.0000;0.0000;0.0000;0.0000
1109;627.58;798.2000;56214.8500;53895.1000;53096.9000;95.8140;0.0186;0.0000;-798.2000;0.0000;6.8165;0.0000;-798.2000;0.0000;6.8165;1.0000;0.0000;0.0000;0.0000;0.0000
1110;627.89;790.0000;55423.1500;53185.8500;52395.8500;95.9049;0.0182;0.0000;-790.0000;0.0000;6.8165;0.0000;-790.0000;0.0000;6.8165;1.0000;0.0000;0.0000;0.0000;0.0000
1111;628.19;797.9000;55540.2500;53293.0500;52495.1500;95.8950;0.0182;0.0000;-797.9000;0.0000;6.8165;0.0000;-797.9000;0.0000;6.8165;1.0000;0.0000;0.0000;0.0000;0.0000
1112;628.50;783.7500;56629.0500;53840.7000;53056.9500;95.0070;0.0222;0.0000;-783.7500;0.0000;6.8165;0.0000;-783.7500;0.0000;6.8165;1.0000;0.0000;0.0000;0.0000;0.0000
1113;628.80;776.8000;56417.8000;53677.1500;52900.3500;95.0744;0.0219;0.0000;-776.8000;0.0000;6.8165;0.0000;-776.8000;0.0000;6.8165;1.0000;0.0000;0.0000;0.0000;0.0000
1114;629.11;790.6500;56301.1500;53482.8500;52692.2000;94.9229;0.0226;0.0000;-790.6500;0.0000;6.8165;0.0000;-790.6500;0.0000;6.8165;1.0000;0.0000;0.0000;0.0000;0.0000
1115;629.41;778.0000;56235.4000;53926.8500;53148.8500;95.8373;0.0185;0.0000;-778.0000;0.0000;6.8165;0.0000;-778.0000;0.0000;6.8165;1.0000;0.0000;0.0000;0.0000;0.0000
1116;629.71;792.7500;55640.8000;53214.8500;52422.1000;95.5770;0.0196;0.0000;-792.7500;0.0000;6.8165;0.0000;-792.7500;0.0000;6.8165;1.0000;0.0000;0.0000;0.0000;0.0000
1117;630.02;777.5000;54878.8500;52557.5000;51780.0000;95.7093;0.0190;0.0000;-777.5000;0.0000;6.8165;0.0000;-777.5000;0.0000;6.8165;1.0000;0.0000;0.0000;0.0000;0.0000
1118;630.32;787.3500;55193.5000;52935.0500;52147.7000;95.8489;0.0184;0.0000;-787.3500;0.0000;6.8165;0.0000;-787.3500;0.0000;6.8165;1.0000;0.0000;0.0000;0.0000;0.0000
1119;630.63;779.7500;56133.3000;52980.6000;52200.8500;94.3044;0.0255;0.0000;-779.7500;0.0000;6.8165;0.0000;-779.7500;0.0000;6.8165;1.0000;0.0000;0.0000;0.0000;0.0000
1120;630.93;789.3500;56832.2500;53888.9000;53099.5500;94.7480;0.0234;0.0000;-789.3500;0.0000;6.8165;0.0000;-789.3500;0.0000;6.8165;1.0000;0.0000;0.0000;0.0000;0.0000
1121;631.23;801.3000;55957.1500;53318.7500;52517.4500;95.2165;0.0213;0.0000;-801.3000;0.0000;6.8165;0.0000;-801.3000;0.0000;6.8165;1.0000;0.0000;0.0000;0.0000;0.0000
1122;631.54;803.5000;55703.8500;52839.9000;52036.4000;94.7834;0.0233;0.0000;-803.5000;0.0000;6.8165;0.0000;-803.5000;0.0000;6.8165;1.0000;0.0000;0.0000;0.0000;0.0000
1123;631.84;790.6500;55497.6500;52790.7000;52000.0500;95.0519;0.0220;0.0000;-790.6500;0.0000;6.8165;0.0000;-790.6500;0.0000;6.8165;1.0000;0.0000;0.0000;0.0000;0.0000
1124;632.14;783.1500;55029.1500;52867.2000;52084.0500;96.0145;0.0177;0.0000;-783.1500;0.0000;6.8165;0.0000;-783.1500;0.0000;6.8165;1.0000;0.0000;0.0000;0.0000;0.0000
1125;632.45;783.4000;55092.8500;52404.1000;51620.7000;95.0492;0.0221;0.0000;-783.4000;0.0000;6.8165;0.0000;-783.4000;0.0000;6.8165;1.0000;0.0000;0.0000;0.0000;0.0000
1126;632.75;799.2000;56024.9500;53225.0000;52425.8000;94.9300;0.0226;0.0000;-799.2000;0.0000;6.8165;0.0000;-799.2000;0.0000;6.8165;1.0000;0.0000;0.0000;0.0000;0.0000
1127;633.05;774.7500;55636.7000;53621.6000;52846.8500;96.3270;0.0163;0.0000;-774.7500;0.0000;6.8165;0.0000;-774.7500;0.0000;6.8165;1.0000;0.0000;0.0000;0.0000;0.0000
1128;633.36;794.4500;55822.7500;53522.7500;52728.3000;95.8203;0.0185;0.0000;-794.4500;0.0000;6.8165;0.0000;-794.4500;0.0000;6.8165;1.0000;0.0000;0.0000;0.0000;0.0000
1129;633.66;778.1500;55493.3500;52651.1000;51872.9500;94.8054;0.0232;0.0000;-778.1500;0.0000;6.8165;0.0000;-778.1500;0.0000;6.8165;1.0000;0.0000;0.0000;0.0000;0.0000
1130;633.96;787.0500;55369.4000;52461.9500;51674.9000;94.6733;0.0238;0.0000;-787.0500;0.0000;6.8165;0.0000;-787.0500;0.0000;6.8165;1.0000;0.0000;0.0000;0.0000;0.0000
1131;634.27;790.0000;55252.1000;52506.1000;51716.1000;94.9580;0.0225;0.0000;-790.0000;0.0000;6.8165;0.0000;-790.0000;0.0000;6.8165;1.0000;0.0000;0.0000;0.0000;0.0000
1132;634.57;784.6500;55256.1500;52918.2500;52133.6000;95.7080;0.0191;0.0000;-784.6500;0.0000;6.8165;0.0000;-784.6500;0.0000;6.8165;1.0000;0.0000;0.0000;0.0000;0.0000
1133;634.87;790.9000;54838.6000;53211.3000;52420.4000;96.9891;0.0133;0.0000;-790.9000;0.0000;6.8165;0.0000;-790.9000;0.0000;6.8165;1.0000;0.0000;0.0000;0.0000;0.0000
1134;635.17;780.3000;54608.5000;53170.6500;52390.3500;97.3288;0.0118;0.0000;-780.3000;0.0000;6.8165;0.0000;-780.3000;0.0000;6.8165;1.0000;0.0000;0.0000;0.0000;0.0000
1135;635.48;782.1000;54721.1500;52424.0000;51641.9000;95.7412;0.0189;0.0000;-782.1000;0.0000;6.8165;0.0000;-782.1000;0.0000;6.8165;1.0000;0.0000;0.0000;0.0000;0.0000
1136;635.78;782.0500;54950.5000;52946.1000;52164.0500;96.2997;0.0164;0.0000;-782.0500;0.0000;6.8165;0.0000;-782.0500;0.0000;6.8165;1.0000;0.0000;0.0000;0.0000;0.0000
1137;636.08;796.3000;54433.3500;52382.4000;51586.1000;96.1762;0.0169;0.0000;-796.3000;0.0000;6.8165;0.0000;-796.3000;0.0000;6.8165;1.0000;0.0000;0.0000;0.0000;0.0000
1138;636.38;791.3500;54089.9500;52077.4500;51286.1000;96.2241;0.0167;0.0000;-791.3500;0.0000;6.8165;0.0000;-791.3500;0.0000;6.8165;1.0000;0.0000;0.0000;0.0000;0.0000
1139;636.68;782.3500;53803.2500;51790.6000;51008.2500;96.2040;0.0168;0.0000;-782.3500;0.0000;6.8165;0.0000;-782.3500;0.0000;6.8165;1.0000;0.0000;0.0000;0.0000;0.0000
1140;636.99;783.2500;53942.3500;51790.4000;51007.1500;95.9519;0.0179;0.0000;-783.2500;0.0000;6.8165;0.0000;-783.2500;0.0000;6.8165;1.0000;0.0000;0.0000;0.0000;0.0000
1141;637.29;801.3500;54095.1000;51915.0500;51113.7000;95.9094;0.0181;0.0000;-801.3500;0.0000;6.8165;0.0000;-801.3500;0.0000;6.8165;1.0000;0.0000;0.0000;0.0000;0.0000
1142;637.59;800.2000;54681.8500;52577.9500;51777.7500;96.0953;0.0173;0.0000;-800.2000;0.0000;6.8165;0.0000;-800.2000;0.0000;6.8165;1.0000;0.0000;0.0000;0.0000;0.0000
1143;637.89;775.7500;54825.6500;52729.6500;51953.9000;96.1221;0.0172;0.0000;-775.7500;0.0000;6.8165;0.0000;-775.7500;0.0000;6.8165;1.0000;0.0000;0.0000;0.0000;0.0000
1144;638.19;785.2000;54898.3000;52929.7000;52144.5000;96.3621;0.0161;0.0000;-785.2000;0.0000;6.8165;0.0000;-785.2000;0.0000;6.8165;1.0000;0.0000;0.0000;0.0000;0.0000
1145;638.49;799.2500;54169.5000;51936.0000;51136.7500;95.8151;0.0186;0.0000;-799.2500;0.0000;6.8165;0.0000;-799.2500;0.0000;6.8165;1.0000;0.0000;0.0000;0.0000;0.0000
1146;638.80;794.9000;54311.1500;51642.7500;50847.8500;95.0139;0.0222;0.0000;-794.9000;0.0000;6.8165;0.0000;-794.9000;0.0000;6.8165;1.0000;0.0000;0.0000;0.0000;0.0000
1147;639.10;788.2500;54009.9000;51791.7000;51003.4500;95.8321;0.0185;0.0000;-788.2500;0.0000;6.8165;0.0000;-788.2500;0.0000;6.8165;1.0000;0.0000;0.0000;0.0000;0.0000
1148;639.40;786.8500;53534.3000;51769.3000;50982.4500;96.6539;0.0148;0.0000;-786.8500;0.0000;6.8165;0.0000;-786.8500;0.0000;6.8165;1.0000;0.0000;0.0000;0.0000;0.0000
1149;639.70;782.3500;53509.1500;51555.8000;50773.4500;96.2953;0.0164;0.0000;-782.3500;0.0000;6.8165;0.0000;-782.3500;0.0000;6.8165;1.0000;0.0000;0.0000;0.0000;0.0000
1150;640.00;784.2500;54325.8000;51665.5000;50881.2500;95.0313;0.0221;0.0000;-784.2500;0.0000;6.8165;0.0000;-784.2500;0.0000;6.8165;1.0000;0.0000;0.0000;0.0000;0.0000
1151;640.30;787.8000;54288.3500;52320.4500;51532.6500;96.3217;0.0163;0.0000;-787.8000;0.0000;6.8165;0.0000;-787.8000;0.0000;6.8165;1.0000;0.0000;0.0000;0.0000;0.0000
1152;640.60;796.0000;53991.8500;51942.4000;51146.4000;96.1473;0.0171;0.0000;-796.0000;0.0000;6.8165;0.0000;-796.0000;0.0000;6.8165;1.0000;0.0000;0.0000;0.0000;0.0000
1153;640.90;788.2500;54535.0000;52009.9000;51221.6500;95.3019;0.0209;0.0000;-788.2500;0.0000;6.8165;0.0000;-788.2500;0.0000;6.8165;1.0000;0.0000;0.0000;0.0000;0.0000
1154;641.20;783.0500;53960.8000;51513.3000;50730.2500;95.3975;0.0205;0.0000;-783.0500;0.0000;6.8165;0.0000;-783.0500;0.0000;6.8165;1.0000;0.0000;0.0000;0.0000;0.0000
1155;641.50;791.6500;53632.5500;51643.4500;50851.8000;96.2357;0.0167;0.0000;-791.6500;0.0000;6.8165;0.0000;-791.6500;0.0000;6.8165;1.0000;0.0000;0.0000;0.0000;0.0000
1156;641.80;793.2000;53285.7500;51471.9000;50678.7000;96.5446;0.0153;0.0000;-793.2000;0.0000;6.8165;0.0000;-793.2000;0.0000;6.8165;1.0000;0.0000;0.0000;0.0000;0.0000
1157;642.10;804.1000;53681.1500;51602.4500;50798.3500;96.0688;0.0174;0.0000;-804.1000;0.0000;6.8165;0.0000;-804.1000;0.0000;6.8165;1.0000;0.0000;0.0000;0.0000;0.0000
1158;642.40;783.3500;53329.5500;51432.9500;50649.6000;96.3906;0.0160;0.0000;-783.3500;0.0000;6.8165;0.0000;-783.3500;0.0000;6.8165;1.0000;0.0000;0.0000;0.0000;0.0000
1159;642.70;786.4500;53692.7000;51369.7000;50583.2500;95.6092;0.0195;0.0000;-786.4500;0.0000;6.8165;0.0000;-786.4500;0.0000;6.8165;1.0000;0.0000;0.0000;0.0000;0.0000
1160;643.00;793.9500;53214.1500;50955.0500;50161.1000;95.6904;0.0191;0.0000;-793.9500;0.0000;6.8165;0.0000;-793.9500;0.0000;6.8165;1.0000;0.0000;0.0000;0.0000;0.0000
1161;643.30;797.3500;52627.5000;50862.3000;50064.9500;96.5943;0.0150;0.0000;-797.3500;0.0000;6.8165;0.0000;-797.3500;0.0000;6.8165;1.0000;0.0000;0.0000;0.0000;0.0000
1162;643.60;784.9000;53028.6000;51266.3000;50481.4000;96.6268;0.0149;0.0000;-784.9000;0.0000;6.8165;0.0000;-784.9000;0.0000;6.8165;1.0000;0.0000;0.0000;0.0000;0.0000
1163;643.90;793.8000;53474.1500;51391.2500;50597.4500;96.0462;0.0175;0.0000;-793.8000;0.0000;6.8165;0.0000;-793.8000;0.0000;6.8165;1.0000;0.0000;0.0000;0.0000;0.0000
1164;644.20;788.8000;53976.7500;51763.3500;50974.5500;95.8385;0.0185;0.0000;-788.8000;0.0000;6.8165;0.0000;-788.8000;0.0000;6.8165;1.0000;0.0000;0.0000;0.0000;0.0000
1165;644.50;794.3000;53448.0500;51272.7000;50478.4000;95.8686;0.0183;0.0000;-794.3000;0.0000;6.8165;0.0000;-794.3000;0.0000;6.8165;1.0000;0.0000;0.0000;0.0000;0.0000
1166;644.80;780.6500;52871.7500;51322.7500;50542.1000;97.0264;0.0131;0.0000;-780.6500;0.0000;6.8165;0.0000;-780.6500;0.0000;6.8165;1.0000;0.0000;0.0000;0.0000;0.0000
1167;645.10;786.8500;52919.6000;51158.3500;50371.5000;96.6216;0.0149;0.0000;-786.8500;0.0000;6.8165;0.0000;-786.8500;0.0000;6.8165;1.0000;0.0000;0.0000;0.0000;0.0000
1168;645.40;790.4500;52022.2500;50250.0000;49459.5500;96.5407;0.0153;0.0000;-790.4500;0.0000;6.8165;0.0000;-790.4500;0.0000;6.8165;1.0000;0.0000;0.0000;0.0000;0.0000
1169;645.70;784.3500;52203.7500;50143.4000;49359.0500;95.9930;0.0178;0.0000;-784.3500;0.0000;6.8165;0.0000;-784.3500;0.0000;6.8165;1.0000;0.0000;0.0000;0.0000;0.0000
1170;646.00;774.0000;52268.7500;50039.9500;49265.9500;95.6718;0.0192;0.0000;-774.0000;0.0000;6.8165;0.0000;-774.0000;0.0000;6.8165;1.0000;0.0000;0.0000;0.0000;0.0000
1171;646.30;784.4000;52825.6000;51146.9000;50362.5000;96.7743;0.0142;0.0000;-784.4000;0.0000;6.8165;0.0000;-784.4000;0.0000;6.8165;1.0000;0.0000;0.0000;0.0000;0.0000
1172;646.59;787.5500;53242.8500;51532.7000;50745.1500;96.7398;0.0144;0.0000;-787.5500;0.0000;6.8165;0.0000;-787.5500;0.0000;6.8165;1.0000;0.0000;0.0000;0.0000;0.0000
1173;646.89;778.5000;53677.2500;51879.0000;51100.5000;96.6006;0.0150;0.0000;-778.5000;0.0000;6.8165;0.0000;-778.5000;0.0000;6.8165;1.0000;0.0000;0.0000;0.0000;0.0000
1174;647.19;795.8000;53506.3000;51712.3500;50916.5500;96.5966;0.0150;0.0000;-795.8000;0.0000;6.8165;0.0000;-795.8000;0.0000;6.8165;1.0000;0.0000;0.0000;0.0000;0.0000
1175;647.49;795.9000;53067.2000;51090.9500;50295.0500;96.2192;0.0167;0.0000;-795.9000;0.0000;6.8165;0.0000;-795.9000;0.0000;6.8165;1.0000;0.0000;0.0000;0.0000;0.0000
1176;647.79;778.0000;53106.9000;50995.2500;50217.2500;95.9647;0.0179;0.0000;-778.0000;0.0000;6.8165;0.0000;-778.0000;0.0000;6.8165;1.0000;0.0000;0.0000;0.0000;0.0000
1177;648.09;784.4500;52035.4000;50882.6500;50098.2000;97.7508;0.0099;0.0000;-784.4500;0.0000;6.8165;0.0000;-784.4500;0.0000;6.8165;1.0000;0.0000;0.0000;0.0000;0.0000
1178;648.39;780.3500;52574.9000;50908.4500;50128.1000;96.7826;0.0142;0.0000;-780.3500;0.0000;6.8165;0.0000;-780.3500;0.0000;6.8165;1.0000;0.0000;0.0000;0.0000;0.0000
1179;648.68;792.1500;53358.5500;51485.0500;50692.9000;96.4359;0.0158;0.0000;-792.1500;0.0000;6.8165;0.0000;-792.1500;0.0000;6.8165;1.0000;0.0000;0.0000;0.0000;0.0000
1180;648.98;810.9500;53140.8000;50992.2500;50181.3000;95.8942;0.0182;0.0000;-810.9500;0.0000;6.8165;0.0000;-810.9500;0.0000;6.8165;1.0000;0.0000;0.0000;0.0000;0.0000
1181;649.28;791.9000;53661.9000;51611.4500;50819.5500;96.1217;0.0172;0.0000;-791.9000;0.0000;6.8165;0.0000;-791.9000;0.0000;6.8165;1.0000;0.0000;0.0000;0.0000;0.0000
1182;649.58;775.2000;53391.0500;51190.5500;50415.3500;95.8178;0.0186;0.0000;-775.2000;0.0000;6.8165;0.0000;-775.2000;0.0000;6.8165;1.0000;0.0000;0.0000;0.0000;0.0000
1183;649.87;779.7000;52411.1000;50726.1000;49946.4000;96.7365;0.0144;0.0000;-779.7000;0.0000;6.8165;0.0000;-779.7000;0.0000;6.8165;1.0000;0.0000;0.0000;0.0000;0.0000
1184;650.17;788.1000;52025.5000;50631.8000;49843.7000;97.2799;0.0120;0.0000;-788.1000;0.0000;6.8165;0.0000;-788.1000;0.0000;6.8165;1.0000;0.0000;0.0000;0.0000;0.0000
1185;650.47;786.4500;52236.1000;50337.7500;49551.3000;96.3103;0.0163;0.0000;-786.4500;0.0000;6.8165;0.0000;-786.4500;0.0000;6.8165;1.0000;0.0000;0.0000;0.0000;0.0000
1186;650.77;777.0500;52216.2500;50320.7500;49543.7000;96.3151;0.0163;0.0000;-777.0500;0.0000;6.8165;0.0000;-777.0500;0.0000;6.8165;1.0000;0.0000;0.0000;0.0000;0.0000
1187;651.06;796.5000;52465.2500;50823.7500;50027.2500;96.8230;0.0140;0.0000;-796.5000;0.0000;6.8165;0.0000;-796.5000;0.0000;6.8165;1.0000;0.0000;0.0000;0.0000;0.0000
1188;651.36;802.2000;52119.5500;50528.2500;49726.0500;96.8991;0.0137;0.0000;-802.2000;0.0000;6.8165;0.0000;-802.2000;0.0000;6.8165;1.0000;0.0000;0.0000;0.0000;0.0000
1189;651.66;777.8000;52669.7000;50524.5500;49746.7500;95.8661;0.0183;0.0000;-777.8000;0.0000;6.8165;0.0000;-777.8000;0.0000;6.8165;1.0000;0.0000;0.0000;0.0000;0.0000
1190;651.96;786.3000;52936.6500;50449.6500;49663.3500;95.2311;0.0212;0.0000;-786.3000;0.0000;6.8165;0.0000;-786.3000;0.0000;6.8165;1.0000;0.0000;0.0000;0.0000;0.0000
1191;652.25;791.0000;52418.6500;49979.2500;49188.2500;95.2750;0.0210;0.0000;-791.0000;0.0000;6.8165;0.0000;-791.0000;0.0000;6.8165;1.0000;0.0000;0.0000;0.0000;0.0000
1192;652.55;793.0000;51909.3500;49828.2500;49035.2500;95.9287;0.0181;0.0000;-793.0000;0.0000;6.8165;0.0000;-793.0000;0.0000;6.8165;1.0000;0.0000;0.0000;0.0000;0.0000
1193;652.85;783.3500;51316.2000;49699.1500;48915.8000;96.8000;0.0141;0.0000;-783.3500;0.0000;6.8165;0.0000;-783.3500;0.0000;6.8165;1.0000;0.0000;0.0000;0.0000;0.0000
1194;653.14;791.3500;50520.5500;49100.2000;48308.8500;97.1438;0.0126;0.0000;-791.3500;0.0000;6.8165;0.0000;-791.3500;0.0000;6.8165;1.0000;0.0000;0.0000;0.0000;0.0000
1195;653.44;795.1000;50560.8500;48789.7500;47994.6500;96.4411;0.0157;0.0000;-795.1000;0.0000;6.8165;0.0000;-795.1000;0.0000;6.8165;1.0000;0.0000;0.0000;0.0000;0.0000
1196;653.74;787.0500;50583.4000;48649.0000;47861.9500;96.1154;0.0172;0.0000;-787.0500;0.0000;6.8165;0.0000;-787.0500;0.0000;6.8165;1.0000;0.0000;0.0000;0.0000;0.0000
1197;654.03;781.8500;51512.5000;48988.5500;48206.7000;95.0248;0.0222;0.0000;-781.8500;0.0000;6.8165;0.0000;-781.8500;0.0000;6.8165;1.0000;0.0000;0.0000;0.0000;0.0000
1198;654.33;792.4500;51424.3000;49475.2500;48682.8000;96.1505;0.0170;0.0000;-792.4500;0.0000;6.8165;0.0000;-792.4500;0.0000;6.8165;1.0000;0.0000;0.0000;0.0000;0.0000
1199;654.62;780.9000;50842.9500;49316.5500;48535.6500;96.9510;0.0134;0.0000;-780.9000;0.0000;6.8165;0.0000;-780.9000;0.0000;6.8165;1.0000;0.0000;0.0000;0.0000;0.0000
1200;654.92;779.6500;50684.4000;48926.7000;48147.0500;96.4779;0.0156;0.0000;-779.6500;0.0000;6.8165;0.0000;-779.6500;0.0000;6.8165;1.0000;0.0000;0.0000;0.0000;0.0000
1201;655.22;787.2000;49384.6500;48503.8500;47716.6500;98.1876;0.0079;0.0000;-787.2000;0.0000;6.8165;0.0000;-787.2000;0.0000;6.8165;1.0000;0.0000;0.0000;0.0000;0.0000
1202;655.51;798.7000;49650.5000;48512.6000;47713.9000;97.6707;0.0102;0.0000;-798.7000;0.0000;6.8165;0.0000;-798.7000;0.0000;6.8165;1.0000;0.0000;0.0000;0.0000;0.0000
1203;655.81;781.7500;49234.2000;48050.4500;47268.7000;97.5569;0.0107;0.0000;-781.7500;0.0000;6.8165;0.0000;-781.7500;0.0000;6.8165;1.0000;0.0000;0.0000;0.0000;0.0000
1204;656.10;792.4000;49643.5000;47873.9500;47081.5500;96.3777;0.0160;0.0000;-792.4000;0.0000;6.8165;0.0000;-792.4000;0.0000;6.8165;1.0000;0.0000;0.0000;0.0000;0.0000
1205;656.40;803.1500;49906.2500;47666.4500;46863.3000;95.4386;0.0203;0.0000;-803.1500;0.0000;6.8165;0.0000;-803.1500;0.0000;6.8165;1.0000;0.0000;0.0000;0.0000;0.0000
1206;656.69;789.7000;50388.1500;48543.0000;47753.3000;96.2798;0.0165;0.0000;-789.7000;0.0000;6.8165;0.0000;-789.7000;0.0000;6.8165;1.0000;0.0000;0.0000;0.0000;0.0000
1207;656.99;787.8500;50248.7500;48717.0000;47929.1500;96.9031;0.0137;0.0000;-787.8500;0.0000;6.8165;0.0000;-787.8500;0.0000;6.8165;1.0000;0.0000;0.0000;0.0000;0.0000
1208;657.29;782.7500;50214.2500;48648.5500;47865.8000;96.8326;0.0140;0.0000;-782.7500;0.0000;6.8165;0.0000;-782.7500;0.0000;6.8165;1.0000;0.0000;0.0000;0.0000;0.0000
1209;657.58;783.2500;49971.5500;48087.6500;47304.4000;96.1700;0.0170;0.0000;-783.2500;0.0000;6.8165;0.0000;-783.2500;0.0000;6.8165;1.0000;0.0000;0.0000;0.0000;0.0000
1210;657.88;803.3500;50127.3000;48255.5500;47452.2000;96.2052;0.0168;0.0000;-803.3500;0.0000;6.8165;0.0000;-803.3500;0.0000;6.8165;1.0000;0.0000;0.0000;0.0000;0.0000
1211;658.17;787.7000;49475.5000;47673.7500;46886.0500;96.2994;0.0164;0.0000;-787.7000;0.0000;6.8165;0.0000;-787.7000;0.0000;6.8165;1.0000;0.0000;0.0000;0.0000;0.0000
1212;658.47;779.0000;49332.1500;47435.7000;46656.7000;96.0941;0.0173;0.0000;-779.0000;0.0000;6.8165;0.0000;-779.0000;0.0000;6.8165;1.0000;0.0000;0.0000;0.0000;0.0000
1213;658.76;801.1000;49336.3500;47521.9000;46720.8000;96.2616;0.0165;0.0000;-801.1000;0.0000;6.8165;0.0000;-801.1000;0.0000;6.8165;1.0000;0.0000;0.0000;0.0000;0.0000
1214;659.05;797.5000;49568.2500;47822.5000;47025.0000;96.4205;0.0158;0.0000;-797.5000;0.0000;6.8165;0.0000;-797.5000;0.0000;6.8165;1.0000;0.0000;0.0000;0.0000;0.0000
1215;659.35;792.2500;49910.6500;48045.0000;47252.7500;96.2017;0.0168;0.0000;-792.2500;0.0000;6.8165;0.0000;-792.2500;0.0000;6.8165;1.0000;0.0000;0.0000;0.0000;0.0000
1216;659.64;805.5000;49497.6000;47554.6000;46749.1000;96.0096;0.0177;0.0000;-805.5000;0.0000;6.8165;0.0000;-805.5000;0.0000;6.8165;1.0000;0.0000;0.0000;0.0000;0.0000
1217;659.94;786.7500;49581.8000;48140.4500;47353.7000;97.0461;0.0130;0.0000;-786.7500;0.0000;6.8165;0.0000;-786.7500;0.0000;6.8165;1.0000;0.0000;0.0000;0.0000;0.0000
1218;660.23;785.4000;49267.0000;48015.0500;47229.6500;97.4177;0.0114;0.0000;-785.4000;0.0000;6.8165;0.0000;-785.4000;0.0000;6.8165;1.0000;0.0000;0.0000;0.0000;0.0000
1219;660.53;778.6500;48573.7000;47189.4000;46410.7500;97.1037;0.0128;0.0000;-778.6500;0.0000;6.8165;0.0000;-778.6500;0.0000;6.8165;1.0000;0.0000;0.0000;0.0000;0.0000
1220;660.82;796.5000;48932.5500;46890.3000;46093.8000;95.7573;0.0188;0.0000;-796.5000;0.0000;6.8165;0.0000;-796.5000;0.0000;6.8165;1.0000;0.0000;0.0000;0.0000;0.0000
1221;661.11;804.0000;49141.4000;47104.7500;46300.7500;95.7866;0.0187;0.0000;-804.0000;0.0000;6.8165;0.0000;-804.0000;0.0000;6.8165;1.0000;0.0000;0.0000;0.0000;0.0000
1222;661.41;789.0500;49546.5500;47269.8500;46480.8000;95.3306;0.0208;0.0000;-789.0500;0.0000;6.8165;0.0000;-789.0500;0.0000;6.8165;1.0000;0.0000;0.0000;0.0000;0.0000
1223;661.70;786.5500;49820.9500;47245.4500;46458.9000;94.7476;0.0234;0.0000;-786.5500;0.0000;6.8165;0.0000;-786.5500;0.0000;6.8165;1.0000;0.0000;0.0000;0.0000;0.0000
1224;662.00;788.8000;49648.2000;47558.3000;46769.5000;95.7226;0.0190;0.0000;-788.8000;0.0000;6.8165;0.0000;-788.8000;0.0000;6.8165;1.0000;0.0000;0.0000;0.0000;0.0000
1225;662.29;793.1500;49512.1000;48065.5000;47272.3500;97.0307;0.0131;0.0000;-793.1500;0.0000;6.8165;0.0000;-793.1500;0.0000;6.8165;1.0000;0.0000;0.0000;0.0000;0.0000
1226;662.58;802.4000;49084.4000;47864.4000;47062.0000;97.4732;0.0111;0.0000;-802.4000;0.0000;6.8165;0.0000;-802.4000;0.0000;6.8165;1.0000;0.0000;0.0000;0.0000;0.0000
1227;662.88;784.3500;48439.0000;46949.9500;46165.6000;96.8753;0.0138;0.0000;-784.3500;0.0000;6.8165;0.0000;-784.3500;0.0000;6.8165;1.0000;0.0000;0.0000;0.0000;0.0000
1228;663.17;790.7500;48375.5000;46522.8000;45732.0500;96.1065;0.0172;0.0000;-790.7500;0.0000;6.8165;0.0000;-790.7500;0.0000;6.8165;1.0000;0.0000;0.0000;0.0000;0.0000
1229;663.46;777.9000;48993.8000;46983.6500;46205.7500;95.8309;0.0185;0.0000;-777.9000;0.0000;6.8165;0.0000;-777.9000;0.0000;6.8165;1.0000;0.0000;0.0000;0.0000;0.0000
1230;663.76;784.7500;48612.3000;46416.5500;45631.8000;95.4090;0.0204;0.0000;-784.7500;0.0000;6.8165;0.0000;-784.7500;0.0000;6.8165;1.0000;0.0000;0.0000;0.0000;0.0000
1231;664.05;775.6500;48862.5500;47081.3500;46305.7000;96.2959;0.0164;0.0000;-775.6500;0.0000;6.8165;0.0000;-775.6500;0.0000;6.8165;1.0000;0.0000;0.0000;0.0000;0.0000
1232;664.34;777.2500;48956.0000;47308.6500;46531.4000;96.5808;0.0151;0.0000;-777.2500;0.0000;6.8165;0.0000;-777.2500;0.0000;6.8165;1.0000;0.0000;0.0000;0.0000;0.0000
1233;664.64;795.9000;49325.8500;47601.2000;46805.3000;96.4462;0.0157;0.0000;-795.9000;0.0000;6.8165;0.0000;-795.9000;0.0000;6.8165;1.0000;0.0000;0.0000;0.0000;0.0000
1234;664.93;790.0000;49418.4500;47825.7500;47035.7500;96.7248;0.0145;0.0000;-790.0000;0.0000;6.8165;0.0000;-790.0000;0.0000;6.8165;1.0000;0.0000;0.0000;0.0000;0.0000
1235;665.22;797.1000;48406.9500;46576.5000;45779.4000;96.1553;0.0170;0.0000;-797.1000;0.0000;6.8165;0.0000;-797.1000;0.0000;6.8165;1.0000;0.0000;0.0000;0.0000;0.0000
1236;665.51;794.4000;48509.5500;46784.4000;45990.0000;96.3845;0.0160;0.0000;-794.4000;0.0000;6.8165;0.0000;-794.4000;0.0000;6.8165;1.0000;0.0000;0.0000;0.0000;0.0000
1237;665.81;780.2000;48318.4000;46828.5000;46048.3000;96.8659;0.0138;0.0000;-780.2000;0.0000;6.8165;0.0000;-780.2000;0.0000;6.8165;1.0000;0.0000;0.0000;0.0000;0.0000
1238;666.10;779.9500;48218.6000;46539.8000;45759.8500;96.4611;0.0156;0.0000;-779.9500;0.0000;6.8165;0.0000;-779.9500;0.0000;6.8165;1.0000;0.0000;0.0000;0.0000;0.0000
1239;666.39;794.0500;48671.2500;46399.5000;45605.4500;95.2550;0.0211;0.0000;-794.0500;0.0000;6.8165;0.0000;-794.0500;0.0000;6.8165;1.0000;0.0000;0.0000;0.0000;0.0000
1240;666.68;781.6000;49748.9000;46801.7500;46020.1500;93.9814;0.0270;0.0000;-781.6000;0.0000;6.8165;0.0000;-781.6000;0.0000;6.8165;1.0000;0.0000;0.0000;0.0000;0.0000
1241;666.97;795.8000;49798.8000;47588.4000;46792.6000;95.4893;0.0200;0.0000;-795.8000;0.0000;6.8165;0.0000;-795.8000;0.0000;6.8165;1.0000;0.0000;0.0000;0.0000;0.0000
1242;667.27;787.8000;48734.8500;47332.2000;46544.4000;97.0746;0.0129;0.0000;-787.8000;0.0000;6.8165;0.0000;-787.8000;0.0000;6.8165;1.0000;0.0000;0.0000;0.0000;0.0000
1243;667.56;792.2500;48369.2500;47109.3000;46317.0500;97.3518;0.0117;0.0000;-792.2500;0.0000;6.8165;0.0000;-792.2500;0.0000;6.8165;1.0000;0.0000;0.0000;0.0000;0.0000
1244;667.85;791.7500;48366.7500;46614.7000;45822.9500;96.3173;0.0163;0.0000;-791.7500;0.0000;6.8165;0.0000;-791.7500;0.0000;6.8165;1.0000;0.0000;0.0000;0.0000;0.0000
1245;668.14;801.1500;48712.4500;46326.2000;45525.0500;95.0194;0.0222;0.0000;-801.1500;0.0000;6.8165;0.0000;-801.1500;0.0000;6.8165;1.0000;0.0000;0.0000;0.0000;0.0000
1246;668.43;795.9500;48529.4500;46085.8000;45289.8500;94.8806;0.0228;0.0000;-795.9500;0.0000;6.8165;0.0000;-795.9500;0.0000;6.8165;1.0000;0.0000;0.0000;0.0000;0.0000
1247;668.72;798.5000;48323.5500;46255.6500;45457.1500;95.6488;0.0193;0.0000;-798.5000;0.0000;6.8165;0.0000;-798.5000;0.0000;6.8165;1.0000;0.0000;0.0000;0.0000;0.0000
1248;669.02;794.3500;48625.6500;47103.9000;46309.5500;96.8185;0.0140;0.0000;-794.3500;0.0000;6.8165;0.0000;-794.3500;0.0000;6.8165;1.0000;0.0000;0.0000;0.0000;0.0000
1249;669.31;785.9000;49038.2500;47630.5000;46844.6000;97.0825;0.0129;0.0000;-785.9000;0.0000;6.8165;0.0000;-785.9000;0.0000;6.8165;1.0000;0.0000;0.0000;0.0000;0.0000
1250;669.60;794.5000;48667.3500;47336.9000;46542.4000;97.2209;0.0122;0.0000;-794.5000;0.0000;6.8165;0.0000;-794.5000;0.0000;6.8165;1.0000;0.0000;0.0000;0.0000;0.0000
1251;669.89;784.8000;48047.3000;47051.0500;46266.2500;97.8921;0.0093;0.0000;-784.8000;0.0000;6.8165;0.0000;-784.8000;0.0000;6.8165;1.0000;0.0000;0.0000;0.0000;0.0000
1252;670.18;781.9000;48056.2000;46859.6000;46077.7000;97.4688;0.0111;0.0000;-781.9000;0.0000;6.8165;0.0000;-781.9000;0.0000;6.8165;1.0000;0.0000;0.0000;0.0000;0.0000
1253;670.47;788.8500;47752.2500;46142.8000;45353.9500;96.5730;0.0151;0.0000;-788.8500;0.0000;6.8165;0.0000;-788.8500;0.0000;6.8165;1.0000;0.0000;0.0000;0.0000;0.0000
1254;670.76;775.6000;47667.0000;45962.0000;45186.4000;96.3639;0.0161;0.0000;-775.6000;0.0000;6.8165;0.0000;-775.6000;0.0000;6.8165;1.0000;0.0000;0.0000;0.0000;0.0000
1255;671.05;787.1000;47798.7500;45731.8000;44944.7000;95.6033;0.0195;0.0000;-787.1000;0.0000;6.8165;0.0000;-787.1000;0.0000;6.8165;1.0000;0.0000;0.0000;0.0000;0.0000
1256;671.34;784.4000;48336.6500;46444.0500;45659.6500;96.0200;0.0176;0.0000;-784.4000;0.0000;6.8165;0.0000;-784.4000;0.0000;6.8165;1.0000;0.0000;0.0000;0.0000;0.0000
1257;671.63;794.1500;48514.5500;46493.9500;45699.8000;95.7658;0.0188;0.0000;-794.1500;0.0000;6.8165;0.0000;-794.1500;0.0000;6.8165;1.0000;0.0000;0.0000;0.0000;0.0000
1258;671.92;783.0500;48270.8000;46099.9500;45316.9000;95.4286;0.0203;0.0000;-783.0500;0.0000;6.8165;0.0000;-783.0500;0.0000;6.8165;1.0000;0.0000;0.0000;0.0000;0.0000
1259;672.21;783.8500;48011.1000;46340.6000;45556.7500;96.4628;0.0156;0.0000;-783.8500;0.0000;6.8165;0.0000;-783.8500;0.0000;6.8165;1.0000;0.0000;0.0000;0.0000;0.0000
1260;672.50;774.4000;48377.9000;46685.5500;45911.1500;96.4449;0.0157;0.0000;-774.4000;0.0000;6.8165;0.0000;-774.4000;0.0000;6.8165;1.0000;0.0000;0.0000;0.0000;0.0000
1261;672.79;779.8000;47911.2000;46098.6000;45318.8000;96.1542;0.0170;0.0000;-779.8000;0.0000;6.8165;0.0000;-779.8000;0.0000;6.8165;1.0000;0.0000;0.0000;0.0000;0.0000
1262;673.08;790.1500;48051.1500;46339.9000;45549.7500;96.3791;0.0160;0.0000;-790.1500;0.0000;6.8165;0.0000;-790.1500;0.0000;6.8165;1.0000;0.0000;0.0000;0.0000;0.0000
1263;673.37;789.9000;48408.4000;46734.4500;45944.5500;96.4847;0.0155;0.0000;-789.9000;0.0000;6.8165;0.0000;-789.9000;0.0000;6.8165;1.0000;0.0000;0.0000;0.0000;0.0000
1264;673.66;783.7000;49002.8500;47504.2500;46720.5500;96.8921;0.0137;0.0000;-783.7000;0.0000;6.8165;0.0000;-783.7000;0.0000;6.8165;1.0000;0.0000;0.0000;0.0000;0.0000
1265;673.95;775.9000;48383.6000;47169.2500;46393.3500;97.4493;0.0112;0.0000;-775.9000;0.0000;6.8165;0.0000;-775.9000;0.0000;6.8165;1.0000;0.0000;0.0000;0.0000;0.0000
1266;674.24;788.5500;47011.1000;46097.9000;45309.3500;98.0243;0.0087;0.0000;-788.5500;0.0000;6.8165;0.0000;-788.5500;0.0000;6.8165;1.0000;0.0000;0.0000;0.0000;0.0000
1267;674.53;779.7500;47809.2500;46210.0500;45430.3000;96.5996;0.0150;0.0000;-779.7500;0.0000;6.8165;0.0000;-779.7500;0.0000;6.8165;1.0000;0.0000;0.0000;0.0000;0.0000
1268;674.82;798.6500;48263.2500;46088.2500;45289.6000;95.4176;0.0204;0.0000;-798.6500;0.0000;6.8165;0.0000;-798.6500;0.0000;6.8165;1.0000;0.0000;0.0000;0.0000;0.0000
1269;675.11;795.5500;47963.5000;46045.0000;45249.4500;95.9326;0.0180;0.0000;-795.5500;0.0000;6.8165;0.0000;-795.5500;0.0000;6.8165;1.0000;0.0000;0.0000;0.0000;0.0000
1270;675.40;794.8000;47279.3500;46016.0000;45221.2000;97.2822;0.0120;0.0000;-794.8000;0.0000;6.8165;0.0000;-794.8000;0.0000;6.8165;1.0000;0.0000;0.0000;0.0000;0.0000
1271;675.69;787.7000;47676.1000;46335.2500;45547.5500;97.1403;0.0126;0.0000;-787.7000;0.0000;6.8165;0.0000;-787.7000;0.0000;6.8165;1.0000;0.0000;0.0000;0.0000;0.0000
1272;675.98;789.5500;48584.0500;47137.6000;46348.0500;96.9736;0.0133;0.0000;-789.5500;0.0000;6.8165;0.0000;-789.5500;0.0000;6.8165;1.0000;0.0000;0.0000;0.0000;0.0000
1273;676.27;783.7000;48174.9000;46959.2000;46175.5000;97.4348;0.0113;0.0000;-783.7000;0.0000;6.8165;0.0000;-783.7000;0.0000;6.8165;1.0000;0.0000;0.0000;0.0000;0.0000
1274;676.56;783.3000;46791.3000;45652.0500;44868.7500;97.5238;0.0109;0.0000;-783.3000;0.0000;6.8165;0.0000;-783.3000;0.0000;6.8165;1.0000;0.0000;0.0000;0.0000;0.0000
1275;676.84;787.1500;46214.4500;45100.8500;44313.7000;97.5486;0.0108;0.0000;-787.1500;0.0000;6.8165;0.0000;-787.1500;0.0000;6.8165;1.0000;0.0000;0.0000;0.0000;0.0000
1276;677.13;780.5500;47501.3000;45810.2000;45029.6500;96.3804;0.0160;0.0000;-780.5500;0.0000;6.8165;0.0000;-780.5500;0.0000;6.8165;1.0000;0.0000;0.0000;0.0000;0.0000
1277;677.42;788.0000;47514.5500;45833.5500;45045.5500;96.4025;0.0159;0.0000;-788.0000;0.0000;6.8165;0.0000;-788.0000;0.0000;6.8165;1.0000;0.0000;0.0000;0.0000;0.0000
1278;677.71;794.7500;46480.7500;44595.2500;43800.5000;95.8729;0.0183;0.0000;-794.7500;0.0000;6.8165;0.0000;-794.7500;0.0000;6.8165;1.0000;0.0000;0.0000;0.0000;0.0000
1279;678.00;786.5000;46720.1500;44904.3000;44117.8000;96.0468;0.0175;0.0000;-786.5000;0.0000;6.8165;0.0000;-786.5000;0.0000;6.8165;1.0000;0.0000;0.0000;0.0000;0.0000
1280;678.29;792.8000;47998.8000;46576.7000;45783.9000;96.9875;0.0133;0.0000;-792.8000;0.0000;6.8165;0.0000;-792.8000;0.0000;6.8165;1.0000;0.0000;0.0000;0.0000;0.0000
1281;678.58;783.3500;47736.4000;47087.5000;46304.1500;98.6180;0.0060;0.0000;-783.3500;0.0000;6.8165;0.0000;-783.3500;0.0000;6.8165;1.0000;0.0000;0.0000;0.0000;0.0000
1282;678.86;767.4500;46647.0500;45156.3500;44388.9000;96.7508;0.0143;0.0000;-767.4500;0.0000;6.8165;0.0000;-767.4500;0.0000;6.8165;1.0000;0.0000;0.0000;0.0000;0.0000
1283;679.15;785.0500;45980.6500;44375.5500;43590.5000;96.4485;0.0157;0.0000;-785.0500;0.0000;6.8165;0.0000;-785.0500;0.0000;6.8165;1.0000;0.0000;0.0000;0.0000;0.0000
1284;679.44;792.9000;46577.9000;44474.1000;43681.2000;95.4050;0.0204;0.0000;-792.9000;0.0000;6.8165;0.0000;-792.9000;0.0000;6.8165;1.0000;0.0000;0.0000;0.0000;0.0000
1285;679.73;785.6000;46503.2000;44486.0500;43700.4500;95.5878;0.0196;0.0000;-785.6000;0.0000;6.8165;0.0000;-785.6000;0.0000;6.8165;1.0000;0.0000;0.0000;0.0000;0.0000
1286;680.01;795.3000;46188.9000;44277.1000;43481.8000;95.7884;0.0187;0.0000;-795.3000;0.0000;6.8165;0.0000;-795.3000;0.0000;6.8165;1.0000;0.0000;0.0000;0.0000;0.0000
1287;680.30;796.3000;45796.8000;44347.7500;43551.4500;96.7799;0.0142;0.0000;-796.3000;0.0000;6.8165;0.0000;-796.3000;0.0000;6.8165;1.0000;0.0000;0.0000;0.0000;0.0000
1288;680.59;791.7500;47205.1500;46088.6000;45296.8500;97.5943;0.0106;0.0000;-791.7500;0.0000;6.8165;0.0000;-791.7500;0.0000;6.8165;1.0000;0.0000;0.0000;0.0000;0.0000
1289;680.88;773.6500;47909.4000;46880.7500;46107.1000;97.8177;0.0096;0.0000;-773.6500;0.0000;6.8165;0.0000;-773.6500;0.0000;6.8165;1.0000;0.0000;0.0000;0.0000;0.0000
1290;681.16;791.1500;47448.9000;46032.6500;45241.5000;96.9646;0.0134;0.0000;-791.1500;0.0000;6.8165;0.0000;-791.1500;0.0000;6.8165;1.0000;0.0000;0.0000;0.0000;0.0000
1291;681.45;766.6000;47147.9500;45369.0000;44602.4000;96.1645;0.0170;0.0000;-766.6000;0.0000;6.8165;0.0000;-766.6000;0.0000;6.8165;1.0000;0.0000;0.0000;0.0000;0.0000
1292;681.74;788.5500;47188.7000;45277.2000;44488.6500;95.8804;0.0183;0.0000;-788.5500;0.0000;6.8165;0.0000;-788.5500;0.0000;6.8165;1.0000;0.0000;0.0000;0.0000;0.0000
1293;682.02;782.2000;47402.7000;45362.4500;44580.2500;95.6237;0.0194;0.0000;-782.2000;0.0000;6.8165;0.0000;-782.2000;0.0000;6.8165;1.0000;0.0000;0.0000;0.0000;0.0000
1294;682.31;779.5500;47218.0500;45181.0000;44401.4500;95.6134;0.0195;0.0000;-779.5500;0.0000;6.8165;0.0000;-779.5500;0.0000;6.8165;1.0000;0.0000;0.0000;0.0000;0.0000
1295;682.60;790.2500;47655.3500;45696.9500;44906.7000;95.8212;0.0185;0.0000;-790.2500;0.0000;6.8165;0.0000;-790.2500;0.0000;6.8165;1.0000;0.0000;0.0000;0.0000;0.0000
1296;682.88;770.0000;48612.8000;46925.3000;46155.3000;96.4728;0.0156;0.0000;-770.0000;0.0000;6.8165;0.0000;-770.0000;0.0000;6.8165;1.0000;0.0000;0.0000;0.0000;0.0000
1297;683.17;772.9000;50287.4000;48920.9000;48148.0000;97.2402;0.0122;0.0000;-772.9000;0.0000;6.8165;0.0000;-772.9000;0.0000;6.8165;1.0000;0.0000;0.0000;0.0000;0.0000
1298;683.46;792.0000;50309.8500;49506.9000;48714.9000;98.3785;0.0071;0.0000;-792.0000;0.0000;6.8165;0.0000;-792.0000;0.0000;6.8165;1.0000;0.0000;0.0000;0.0000;0.0000
1299;683.74;783.1500;49343.4500;48507.4000;47724.2500;98.2783;0.0075;0.0000;-783.1500;0.0000;6.8165;0.0000;-783.1500;0.0000;6.8165;1.0000;0.0000;0.0000;0.0000;0.0000
1300;684.03;788.6500;49353.5500;47975.8000;47187.1500;97.1631;0.0125;0.0000;-788.6500;0.0000;6.8165;0.0000;-788.6500;0.0000;6.8165;1.0000;0.0000;0.0000;0.0000;0.0000
1301;684.32;781.3500;48739.7500;47588.2000;46806.8500;97.5989;0.0106;0.0000;-781.3500;0.0000;6.8165;0.0000;-781.3500;0.0000;6.8165;1.0000;0.0000;0.0000;0.0000;0.0000
1302;684.60;776.3000;48765.1500;47205.9000;46429.6000;96.7508;0.0143;0.0000;-776.3000;0.0000;6.8165;0.0000;-776.3000;0.0000;6.8165;1.0000;0.0000;0.0000;0.0000;0.0000
1303;684.89;779.8500;48297.3500;46566.8000;45786.9500;96.3581;0.0161;0.0000;-779.8500;0.0000;6.8165;0.0000;-779.8500;0.0000;6.8165;1.0000;0.0000;0.0000;0.0000;0.0000
1304;685.17;779.1000;48084.7500;46178.7000;45399.6000;95.9708;0.0179;0.0000;-779.1000;0.0000;6.8165;0.0000;-779.1000;0.0000;6.8165;1.0000;0.0000;0.0000;0.0000;0.0000
1305;685.46;782.0000;48310.2500;46561.2500;45779.2500;96.3201;0.0163;0.0000;-782.0000;0.0000;6.8165;0.0000;-782.0000;0.0000;6.8165;1.0000;0.0000;0.0000;0.0000;0.0000
1306;685.75;792.8000;48828.5500;47326.5000;46533.7000;96.8731;0.0138;0.0000;-792.8000;0.0000;6.8165;0.0000;-792.8000;0.0000;6.8165;1.0000;0.0000;0.0000;0.0000;0.0000
1307;686.03;783.0000;48491.7000;47308.5500;46525.5500;97.5201;0.0109;0.0000;-783.0000;0.0000;6.8165;0.0000;-783.0000;0.0000;6.8165;1.0000;0.0000;0.0000;0.0000;0.0000
1308;686.32;778.5500;47312.3000;46120.9000;45342.3500;97.4397;0.0113;0.0000;-778.5500;0.0000;6.8165;0.0000;-778.5500;0.0000;6.8165;1.0000;0.0000;0.0000;0.0000;0.0000
1309;686.60;785.0500;47087.9000;45701.2500;44916.2000;97.0053;0.0132;0.0000;-785.0500;0.0000;6.8165;0.0000;-785.0500;0.0000;6.8165;1.0000;0.0000;0.0000;0.0000;0.0000
1310;686.89;784.4000;46766.4500;45100.7500;44316.3500;96.3775;0.0160;0.0000;-784.4000;0.0000;6.8165;0.0000;-784.4000;0.0000;6.8165;1.0000;0.0000;0.0000;0.0000;0.0000
1311;687.17;789.3000;45945.9500;44154.6500;43365.3500;96.0331;0.0176;0.0000;-789.3000;0.0000;6.8165;0.0000;-789.3000;0.0000;6.8165;1.0000;0.0000;0.0000;0.0000;0.0000
1312;687.46;775.4000;46314.8500;44636.9000;43861.5000;96.3154;0.0163;0.0000;-775.4000;0.0000;6.8165;0.0000;-775.4000;0.0000;6.8165;1.0000;0.0000;0.0000;0.0000;0.0000
1313;687.74;780.1500;46184.4000;44912.3000;44132.1500;97.1983;0.0123;0.0000;-780.1500;0.0000;6.8165;0.0000;-780.1500;0.0000;6.8165;1.0000;0.0000;0.0000;0.0000;0.0000
1314;688.03;783.8500;46312.8500;44884.7000;44100.8500;96.8632;0.0138;0.0000;-783.8500;0.0000;6.8165;0.0000;-783.8500;0.0000;6.8165;1.0000;0.0000;0.0000;0.0000;0.0000
1315;688.31;784.4500;47041.2000;45240.3000;44455.8500;96.1067;0.0172;0.0000;-784.4500;0.0000;6.8165;0.0000;-784.4500;0.0000;6.8165;1.0000;0.0000;0.0000;0.0000;0.0000
1316;688.60;788.2500;47048.4500;45294.3000;44506.0500;96.2081;0.0168;0.0000;-788.2500;0.0000;6.8165;0.0000;-788.2500;0.0000;6.8165;1.0000;0.0000;0.0000;0.0000;0.0000
1317;688.88;803.1000;46704.2500;45278.3500;44475.2500;96.8935;0.0137;0.0000;-803.1000;0.0000;6.8165;0.0000;-803.1000;0.0000;6.8165;1.0000;0.0000;0.0000;0.0000;0.0000
1318;689.17;780.8000;46111.9000;45112.0000;44331.2000;97.7942;0.0097;0.0000;-780.8000;0.0000;6.8165;0.0000;-780.8000;0.0000;6.8165;1.0000;0.0000;0.0000;0.0000;0.0000
1319;689.45;773.7500;46157.8000;45127.2000;44353.4500;97.7292;0.0100;0.0000;-773.7500;0.0000;6.8165;0.0000;-773.7500;0.0000;6.8165;1.0000;0.0000;0.0000;0.0000;0.0000
1320;689.73;790.5000;45762.5500;43963.6500;43173.1500;96.0000;0.0177;0.0000;-790.5000;0.0000;6.8165;0.0000;-790.5000;0.0000;6.8165;1.0000;0.0000;0.0000;0.0000;0.0000
1321;690.02;786.9000;45218.7500;43207.2000;42420.3000;95.4727;0.0201;0.0000;-786.9000;0.0000;6.8165;0.0000;-786.9000;0.0000;6.8165;1.0000;0.0000;0.0000;0.0000;0.0000
1322;690.30;785.9500;44546.0000;43090.0000;42304.0500;96.6728;0.0147;0.0000;-785.9500;0.0000;6.8165;0.0000;-785.9500;0.0000;6.8165;1.0000;0.0000;0.0000;0.0000;0.0000
1323;690.59;785.1000;44663.6000;43369.6000;42584.5000;97.0509;0.0130;0.0000;-785.1000;0.0000;6.8165;0.0000;-785.1000;0.0000;6.8165;1.0000;0.0000;0.0000;0.0000;0.0000
1324;690.87;786.8000;44681.2500;43496.1500;42709.3500;97.3001;0.0119;0.0000;-786.8000;0.0000;6.8165;0.0000;-786.8000;0.0000;6.8165;1.0000;0.0000;0.0000;0.0000;0.0000
1325;691.15;783.7000;44411.9000;43133.5500;42349.8500;97.0699;0.0129;0.0000;-783.7000;0.0000;6.8165;0.0000;-783.7000;0.0000;6.8165;1.0000;0.0000;0.0000;0.0000;0.0000
1326;691.44;795.7500;44394.6000;43061.8500;42266.1000;96.9432;0.0135;0.0000;-795.7500;0.0000;6.8165;0.0000;-795.7500;0.0000;6.8165;1.0000;0.0000;0.0000;0.0000;0.0000
1327;691.72;804.1000;43989.0000;42907.3500;42103.2500;97.4953;0.0110;0.0000;-804.1000;0.0000;6.8165;0.0000;-804.1000;0.0000;6.8165;1.0000;0.0000;0.0000;0.0000;0.0000
1328;692.01;790.5500;43548.3000;42307.3000;41516.7500;97.0976;0.0128;0.0000;-790.5500;0.0000;6.8165;0.0000;-790.5500;0.0000;6.8165;1.0000;0.0000;0.0000;0.0000;0.0000
1329;692.29;802.9500;43074.3000;41469.9000;40666.9500;96.2045;0.0168;0.0000;-802.9500;0.0000;6.8165;0.0000;-802.9500;0.0000;6.8165;1.0000;0.0000;0.0000;0.0000;0.0000
1330;692.57;793.0500;43015.0000;41726.7500;40933.7000;96.9489;0.0135;0.0000;-793.0500;0.0000;6.8165;0.0000;-793.0500;0.0000;6.8165;1.0000;0.0000;0.0000;0.0000;0.0000
1331;692.86;780.0500;42685.2000;41504.5500;40724.5000;97.1826;0.0124;0.0000;-780.0500;0.0000;6.8165;0.0000;-780.0500;0.0000;6.8165;1.0000;0.0000;0.0000;0.0000;0.0000
1332;693.14;780.0000;41920.3500;40645.7000;39865.7000;96.9017;0.0137;0.0000;-780.0000;0.0000;6.8165;0.0000;-780.0000;0.0000;6.8165;1.0000;0.0000;0.0000;0.0000;0.0000
1333;693.42;785.6500;41437.7500;40085.0000;39299.3500;96.6724;0.0147;0.0000;-785.6500;0.0000;6.8165;0.0000;-785.6500;0.0000;6.8165;1.0000;0.0000;0.0000;0.0000;0.0000
1334;693.70;778.1000;40781.3500;39441.1500;38663.0500;96.6498;0.0148;0.0000;-778.1000;0.0000;6.8165;0.0000;-778.1000;0.0000;6.8165;1.0000;0.0000;0.0000;0.0000;0.0000
1335;693.99;806.8500;41303.4500;39797.1500;38990.3000;96.2804;0.0165;0.0000;-806.8500;0.0000;6.8165;0.0000;-806.8500;0.0000;6.8165;1.0000;0.0000;0.0000;0.0000;0.0000
1336;694.27;782.3500;41774.3500;40254.6500;39472.3000;96.2927;0.0164;0.0000;-782.3500;0.0000;6.8165;0.0000;-782.3500;0.0000;6.8165;1.0000;0.0000;0.0000;0.0000;0.0000
1337;694.55;782.9000;41521.0000;40323.5000;39540.6000;97.0605;0.0130;0.0000;-782.9000;0.0000;6.8165;0.0000;-782.9000;0.0000;6.8165;1.0000;0.0000;0.0000;0.0000;0.0000
1338;694.84;796.7000;40590.6500;39717.9500;38921.2500;97.8070;0.0096;0.0000;-796.7000;0.0000;6.8165;0.0000;-796.7000;0.0000;6.8165;1.0000;0.0000;0.0000;0.0000;0.0000
1339;695.12;780.0500;40082.7500;39256.0000;38475.9500;97.8965;0.0092;0.0000;-780.0500;0.0000;6.8165;0.0000;-780.0500;0.0000;6.8165;1.0000;0.0000;0.0000;0.0000;0.0000
1340;695.40;787.6000;39767.3000;38638.8500;37851.2500;97.1050;0.0128;0.0000;-787.6000;0.0000;6.8165;0.0000;-787.6000;0.0000;6.8165;1.0000;0.0000;0.0000;0.0000;0.0000
1341;695.68;777.4000;39487.9500;38489.6500;37712.2500;97.4211;0.0113;0.0000;-777.4000;0.0000;6.8165;0.0000;-777.4000;0.0000;6.8165;1.0000;0.0000;0.0000;0.0000;0.0000
1342;695.96;793.1000;39217.2000;38207.7000;37414.6000;97.3727;0.0116;0.0000;-793.1000;0.0000;6.8165;0.0000;-793.1000;0.0000;6.8165;1.0000;0.0000;0.0000;0.0000;0.0000
1343;696.25;784.9500;38864.7000;37470.1500;36685.2000;96.3378;0.0162;0.0000;-784.9500;0.0000;6.8165;0.0000;-784.9500;0.0000;6.8165;1.0000;0.0000;0.0000;0.0000;0.0000
1344;696.53;774.7000;38792.3000;37136.4000;36361.7000;95.6444;0.0193;0.0000;-774.7000;0.0000;6.8165;0.0000;-774.7000;0.0000;6.8165;1.0000;0.0000;0.0000;0.0000;0.0000
1345;696.81;780.7500;38743.1000;36969.7000;36188.9500;95.3285;0.0208;0.0000;-780.7500;0.0000;6.8165;0.0000;-780.7500;0.0000;6.8165;1.0000;0.0000;0.0000;0.0000;0.0000
1346;697.09;781.6000;38937.9500;37173.8500;36392.2500;95.3767;0.0206;0.0000;-781.6000;0.0000;6.8165;0.0000;-781.6000;0.0000;6.8165;1.0000;0.0000;0.0000;0.0000;0.0000
1347;697.37;789.5500;38329.2000;36610.0500;35820.5000;95.4204;0.0204;0.0000;-789.5500;0.0000;6.8165;0.0000;-789.5500;0.0000;6.8165;1.0000;0.0000;0.0000;0.0000;0.0000
1348;697.65;778.8000;38156.6000;36404.2500;35625.4500;95.3118;0.0209;0.0000;-778.8000;0.0000;6.8165;0.0000;-778.8000;0.0000;6.8165;1.0000;0.0000;0.0000;0.0000;0.0000
1349;697.94;776.1500;37916.4500;36029.0000;35252.8500;94.9181;0.0227;0.0000;-776.1500;0.0000;6.8165;0.0000;-776.1500;0.0000;6.8165;1.0000;0.0000;0.0000;0.0000;0.0000
1350;698.22;776.2500;37235.3000;35798.6500;35022.4000;96.0596;0.0175;0.0000;-776.2500;0.0000;6.8165;0.0000;-776.2500;0.0000;6.8165;1.0000;0.0000;0.0000;0.0000;0.0000
1351;698.50;790.3000;37186.4000;35996.0000;35205.7000;96.7293;0.0144;0.0000;-790.3000;0.0000;6.8165;0.0000;-790.3000;0.0000;6.8165;1.0000;0.0000;0.0000;0.0000;0.0000
1352;698.78;793.5500;36894.1500;35532.2500;34738.7000;96.2275;0.0167;0.0000;-793.5500;0.0000;6.8165;0.0000;-793.5500;0.0000;6.8165;1.0000;0.0000;0.0000;0.0000;0.0000
1353;699.06;784.6000;36631.9000;35097.1500;34312.5500;95.7186;0.0190;0.0000;-784.6000;0.0000;6.8165;0.0000;-784.6000;0.0000;6.8165;1.0000;0.0000;0.0000;0.0000;0.0000
1354;699.34;794.5000;36729.0500;35138.8000;34344.3000;95.5746;0.0197;0.0000;-794.5000;0.0000;6.8165;0.0000;-794.5000;0.0000;6.8165;1.0000;0.0000;0.0000;0.0000;0.0000
1355;699.62;791.4500;36650.9000;35343.9000;34552.4500;96.3552;0.0161;0.0000;-791.4500;0.0000;6.8165;0.0000;-791.4500;0.0000;6.8165;1.0000;0.0000;0.0000;0.0000;0.0000
1356;699.90;773.5000;36562.2000;35394.1500;34620.6500;96.7363;0.0144;0.0000;-773.5000;0.0000;6.8165;0.0000;-773.5000;0.0000;6.8165;1.0000;0.0000;0.0000;0.0000;0.0000
1357;700.18;785.5000;36031.3500;34699.8500;33914.3500;96.2223;0.0167;0.0000;-785.5000;0.0000;6.8165;0.0000;-785.5000;0.0000;6.8165;1.0000;0.0000;0.0000;0.0000;0.0000
1358;700.46;778.4000;36016.3000;34532.1000;33753.7000;95.7881;0.0187;0.0000;-778.4000;0.0000;6.8165;0.0000;-778.4000;0.0000;6.8165;1.0000;0.0000;0.0000;0.0000;0.0000
1359;700.74;792.7000;35700.9000;34428.2500;33635.5500;96.3543;0.0161;0.0000;-792.7000;0.0000;6.8165;0.0000;-792.7000;0.0000;6.8165;1.0000;0.0000;0.0000;0.0000;0.0000
1360;701.03;782.9000;35216.8000;33834.5500;33051.6500;95.9858;0.0178;0.0000;-782.9000;0.0000;6.8165;0.0000;-782.9000;0.0000;6.8165;1.0000;0.0000;0.0000;0.0000;0.0000
1361;701.31;788.3500;34121.6500;33196.1500;32407.8000;97.2235;0.0122;0.0000;-788.3500;0.0000;6.8165;0.0000;-788.3500;0.0000;6.8165;1.0000;0.0000;0.0000;0.0000;0.0000
1362;701.59;777.2500;33520.3000;33269.2500;32492.0000;99.2333;0.0033;0.0000;-777.2500;0.0000;6.8165;0.0000;-777.2500;0.0000;6.8165;1.0000;0.0000;0.0000;0.0000;0.0000
1363;701.87;791.6500;33149.1000;32759.2000;31967.5500;98.7950;0.0053;0.0000;-791.6500;0.0000;6.8165;0.0000;-791.6500;0.0000;6.8165;1.0000;0.0000;0.0000;0.0000;0.0000
1364;702.15;782.2000;33455.4500;32497.2000;31715.0000;97.0672;0.0129;0.0000;-782.2000;0.0000;6.8165;0.0000;-782.2000;0.0000;6.8165;1.0000;0.0000;0.0000;0.0000;0.0000
1365;702.43;789.9500;33992.2500;32880.6000;32090.6500;96.6519;0.0148;0.0000;-789.9500;0.0000;6.8165;0.0000;-789.9500;0.0000;6.8165;1.0000;0.0000;0.0000;0.0000;0.0000
1366;702.71;773.9500;33531.2000;32757.1000;31983.1500;97.6369;0.0104;0.0000;-773.9500;0.0000;6.8165;0.0000;-773.9500;0.0000;6.8165;1.0000;0.0000;0.0000;0.0000;0.0000
1367;702.98;769.3000;33387.1500;32432.6500;31663.3500;97.0737;0.0129;0.0000;-769.3000;0.0000;6.8165;0.0000;-769.3000;0.0000;6.8165;1.0000;0.0000;0.0000;0.0000;0.0000
1368;703.26;784.3000;33009.5000;31685.2000;30900.9000;95.8905;0.0182;0.0000;-784.3000;0.0000;6.8165;0.0000;-784.3000;0.0000;6.8165;1.0000;0.0000;0.0000;0.0000;0.0000
1369;703.54;797.9500;32870.8000;31290.6000;30492.6500;95.0731;0.0219;0.0000;-797.9500;0.0000;6.8165;0.0000;-797.9500;0.0000;6.8165;1.0000;0.0000;0.0000;0.0000;0.0000
1370;703.82;791.4500;32980.6000;31382.8000;30591.3500;95.0362;0.0221;0.0000;-791.4500;0.0000;6.8165;0.0000;-791.4500;0.0000;6.8165;1.0000;0.0000;0.0000;0.0000;0.0000
1371;704.10;794.2500;32545.1500;31256.3500;30462.1000;95.9409;0.0180;0.0000;-794.2500;0.0000;6.8165;0.0000;-794.2500;0.0000;6.8165;1.0000;0.0000;0.0000;0.0000;0.0000
1372;704.38;791.9000;31546.2000;30660.6000;29868.7000;97.1204;0.0127;0.0000;-791.9000;0.0000;6.8165;0.0000;-791.9000;0.0000;6.8165;1.0000;0.0000;0.0000;0.0000;0.0000
1373;704.66;772.7500;31412.1500;30533.3500;29760.6000;97.1318;0.0126;0.0000;-772.7500;0.0000;6.8165;0.0000;-772.7500;0.0000;6.8165;1.0000;0.0000;0.0000;0.0000;0.0000
1374;704.94;775.8000;30724.2000;30034.8500;29259.0500;97.6982;0.0101;0.0000;-775.8000;0.0000;6.8165;0.0000;-775.8000;0.0000;6.8165;1.0000;0.0000;0.0000;0.0000;0.0000
1375;705.22;782.7000;31025.7500;30219.1000;29436.4000;97.3328;0.0117;0.0000;-782.7000;0.0000;6.8165;0.0000;-782.7000;0.0000;6.8165;1.0000;0.0000;0.0000;0.0000;0.0000
1376;705.50;797.7000;30694.4500;29974.3500;29176.6500;97.5914;0.0106;0.0000;-797.7000;0.0000;6.8165;0.0000;-797.7000;0.0000;6.8165;1.0000;0.0000;0.0000;0.0000;0.0000
1377;705.78;783.9500;30690.4500;29906.4500;29122.5000;97.3785;0.0115;0.0000;-783.9500;0.0000;6.8165;0.0000;-783.9500;0.0000;6.8165;1.0000;0.0000;0.0000;0.0000;0.0000
1378;706.05;781.9000;30565.0000;29428.6000;28646.7000;96.1844;0.0169;0.0000;-781.9000;0.0000;6.8165;0.0000;-781.9000;0.0000;6.8165;1.0000;0.0000;0.0000;0.0000;0.0000
1379;706.33;777.0500;30528.1500;29130.6500;28353.6000;95.3027;0.0209;0.0000;-777.0500;0.0000;6.8165;0.0000;-777.0500;0.0000;6.8165;1.0000;0.0000;0.0000;0.0000;0.0000
1380;706.61;793.1000;30419.1500;28909.4000;28116.3000;94.9040;0.0227;0.0000;-793.1000;0.0000;6.8165;0.0000;-793.1000;0.0000;6.8165;1.0000;0.0000;0.0000;0.0000;0.0000
1381;706.89;794.8500;30513.1500;29111.7000;28316.8500;95.2842;0.0210;0.0000;-794.8500;0.0000;6.8165;0.0000;-794.8500;0.0000;6.8165;1.0000;0.0000;0.0000;0.0000;0.0000
1382;707.17;785.7500;30148.5000;28862.7000;28076.9500;95.6210;0.0194;0.0000;-785.7500;0.0000;6.8165;0.0000;-785.7500;0.0000;6.8165;1.0000;0.0000;0.0000;0.0000;0.0000
1383;707.45;794.9500;29664.0000;28662.0000;27867.0500;96.5292;0.0153;0.0000;-794.9500;0.0000;6.8165;0.0000;-794.9500;0.0000;6.8165;1.0000;0.0000;0.0000;0.0000;0.0000
1384;707.72;790.9500;29147.2000;28320.8500;27529.9000;97.0858;0.0128;0.0000;-790.9500;0.0000;6.8165;0.0000;-790.9500;0.0000;6.8165;1.0000;0.0000;0.0000;0.0000;0.0000
1385;708.00;780.6000;28997.5500;28375.7500;27595.1500;97.7964;0.0097;0.0000;-780.6000;0.0000;6.8165;0.0000;-780.6000;0.0000;6.8165;1.0000;0.0000;0.0000;0.0000;0.0000
1386;708.28;785.0000;29001.6000;28527.8000;27742.8000;98.3208;0.0074;0.0000;-785.0000;0.0000;6.8165;0.0000;-785.0000;0.0000;6.8165;1.0000;0.0000;0.0000;0.0000;0.0000
1387;708.56;792.6000;28791.9500;28150.1500;27357.5500;97.7078;0.0101;0.0000;-792.6000;0.0000;6.8165;0.0000;-792.6000;0.0000;6.8165;1.0000;0.0000;0.0000;0.0000;0.0000
1388;708.83;782.4000;28229.4000;27422.3000;26639.9000;97.0594;0.0130;0.0000;-782.4000;0.0000;6.8165;0.0000;-782.4000;0.0000;6.8165;1.0000;0.0000;0.0000;0.0000;0.0000
1389;709.11;777.9500;27917.5000;26881.3500;26103.4000;96.1821;0.0169;0.0000;-777.9500;0.0000;6.8165;0.0000;-777.9500;0.0000;6.8165;1.0000;0.0000;0.0000;0.0000;0.0000
1390;709.39;787.1500;27833.6000;26803.3500;26016.2000;96.1908;0.0169;0.0000;-787.1500;0.0000;6.8165;0.0000;-787.1500;0.0000;6.8165;1.0000;0.0000;0.0000;0.0000;0.0000
1391;709.67;777.2500;27932.0500;27098.7500;26321.5000;96.9313;0.0135;0.0000;-777.2500;0.0000;6.8165;0.0000;-777.2500;0.0000;6.8165;1.0000;0.0000;0.0000;0.0000;0.0000
1392;709.94;778.8000;27928.7500;26879.1500;26100.3500;96.1341;0.0171;0.0000;-778.8000;0.0000;6.8165;0.0000;-778.8000;0.0000;6.8165;1.0000;0.0000;0.0000;0.0000;0.0000
1393;710.22;795.2500;28076.0000;26756.0500;25960.8000;95.1616;0.0215;0.0000;-795.2500;0.0000;6.8165;0.0000;-795.2500;0.0000;6.8165;1.0000;0.0000;0.0000;0.0000;0.0000
1394;710.50;790.3500;27397.1000;26662.0000;25871.6500;97.2372;0.0122;0.0000;-790.3500;0.0000;6.8165;0.0000;-790.3500;0.0000;6.8165;1.0000;0.0000;0.0000;0.0000;0.0000
1395;710.77;786.1500;27266.8500;26516.8500;25730.7000;97.1677;0.0125;0.0000;-786.1500;0.0000;6.8165;0.0000;-786.1500;0.0000;6.8165;1.0000;0.0000;0.0000;0.0000;0.0000
1396;711.05;791.8000;27257.5000;26698.0000;25906.2000;97.8859;0.0093;0.0000;-791.8000;0.0000;6.8165;0.0000;-791.8000;0.0000;6.8165;1.0000;0.0000;0.0000;0.0000;0.0000
1397;711.33;798.3000;27004.2000;26387.9500;25589.6500;97.6484;0.0103;0.0000;-798.3000;0.0000;6.8165;0.0000;-798.3000;0.0000;6.8165;1.0000;0.0000;0.0000;0.0000;0.0000
1398;711.60;805.8500;27006.6500;26085.1000;25279.2500;96.4827;0.0156;0.0000;-805.8500;0.0000;6.8165;0.0000;-805.8500;0.0000;6.8165;1.0000;0.0000;0.0000;0.0000;0.0000
1399;711.88;799.7500;26574.4500;25606.1000;24806.3500;96.2430;0.0166;0.0000;-799.7500;0.0000;6.8165;0.0000;-799.7500;0.0000;6.8165;1.0000;0.0000;0.0000;0.0000;0.0000
1400;712.16;778.2500;26407.1500;25442.8500;24664.6000;96.2375;0.0167;0.0000;-778.2500;0.0000;6.8165;0.0000;-778.2500;0.0000;6.8165;1.0000;0.0000;0.0000;0.0000;0.0000
1401;712.43;775.3500;26472.3500;25267.9500;24492.6000;95.3131;0.0208;0.0000;-775.3500;0.0000;6.8165;0.0000;-775.3500;0.0000;6.8165;1.0000;0.0000;0.0000;0.0000;0.0000
1402;712.71;777.5500;26622.1500;25518.4500;24740.9000;95.7295;0.0190;0.0000;-777.5500;0.0000;6.8165;0.0000;-777.5500;0.0000;6.8165;1.0000;0.0000;0.0000;0.0000;0.0000
1403;712.99;772.2000;26106.4000;25055.7500;24283.5500;95.8528;0.0184;0.0000;-772.2000;0.0000;6.8165;0.0000;-772.2000;0.0000;6.8165;1.0000;0.0000;0.0000;0.0000;0.0000
1404;713.26;781.4000;25677.7000;24811.1000;24029.7000;96.5192;0.0154;0.0000;-781.4000;0.0000;6.8165;0.0000;-781.4000;0.0000;6.8165;1.0000;0.0000;0.0000;0.0000;0.0000
1405;713.54;773.6500;25827.0500;25275.8500;24502.2000;97.7999;0.0097;0.0000;-773.6500;0.0000;6.8165;0.0000;-773.6500;0.0000;6.8165;1.0000;0.0000;0.0000;0.0000;0.0000
1406;713.81;795.4000;25891.8500;25164.8000;24369.4000;97.1030;0.0128;0.0000;-795.4000;0.0000;6.8165;0.0000;-795.4000;0.0000;6.8165;1.0000;0.0000;0.0000;0.0000;0.0000
1407;714.09;788.6500;25721.5500;24716.0000;23927.3500;95.9670;0.0179;0.0000;-788.6500;0.0000;6.8165;0.0000;-788.6500;0.0000;6.8165;1.0000;0.0000;0.0000;0.0000;0.0000
1408;714.36;781.9000;25186.3000;24312.9500;23531.0500;96.4213;0.0158;0.0000;-781.9000;0.0000;6.8165;0.0000;-781.9000;0.0000;6.8165;1.0000;0.0000;0.0000;0.0000;0.0000
1409;714.64;773.9500;24864.9000;23906.5000;23132.5500;96.0217;0.0176;0.0000;-773.9500;0.0000;6.8165;0.0000;-773.9500;0.0000;6.8165;1.0000;0.0000;0.0000;0.0000;0.0000
1410;714.92;803.9000;24342.3500;23272.0000;22468.1000;95.4528;0.0202;0.0000;-803.9000;0.0000;6.8165;0.0000;-803.9000;0.0000;6.8165;1.0000;0.0000;0.0000;0.0000;0.0000
1411;715.19;779.9500;24124.7500;23310.6500;22530.7000;96.5127;0.0154;0.0000;-779.9500;0.0000;6.8165;0.0000;-779.9500;0.0000;6.8165;1.0000;0.0000;0.0000;0.0000;0.0000
1412;715.47;793.7500;23569.5500;22934.6000;22140.8500;97.2122;0.0123;0.0000;-793.7500;0.0000;6.8165;0.0000;-793.7500;0.0000;6.8165;1.0000;0.0000;0.0000;0.0000;0.0000
1413;715.74;773.4000;22986.9500;22325.5000;21552.1000;97.0223;0.0131;0.0000;-773.4000;0.0000;6.8165;0.0000;-773.4000;0.0000;6.8165;1.0000;0.0000;0.0000;0.0000;0.0000
1414;716.02;775.3500;22545.8500;21870.4500;21095.1000;96.8976;0.0137;0.0000;-775.3500;0.0000;6.8165;0.0000;-775.3500;0.0000;6.8165;1.0000;0.0000;0.0000;0.0000;0.0000
1415;716.29;772.6000;22236.1000;21676.2500;20903.6500;97.3916;0.0115;0.0000;-772.6000;0.0000;6.8165;0.0000;-772.6000;0.0000;6.8165;1.0000;0.0000;0.0000;0.0000;0.0000
1416;716.57;783.5000;22118.8500;21400.6000;20617.1000;96.6335;0.0149;0.0000;-783.5000;0.0000;6.8165;0.0000;-783.5000;0.0000;6.8165;1.0000;0.0000;0.0000;0.0000;0.0000
1417;716.84;783.3500;22121.3000;21464.6500;20681.3000;96.9226;0.0136;0.0000;-783.3500;0.0000;6.8165;0.0000;-783.3500;0.0000;6.8165;1.0000;0.0000;0.0000;0.0000;0.0000
1418;717.12;780.6500;21968.6000;21361.4500;20580.8000;97.1345;0.0126;0.0000;-780.6500;0.0000;6.8165;0.0000;-780.6500;0.0000;6.8165;1.0000;0.0000;0.0000;0.0000;0.0000
1419;717.39;798.2500;21429.0500;20615.8000;19817.5500;96.0581;0.0175;0.0000;-798.2500;0.0000;6.8165;0.0000;-798.2500;0.0000;6.8165;1.0000;0.0000;0.0000;0.0000;0.0000
1420;717.66;784.3500;21057.7000;20221.5500;19437.2000;95.8756;0.0183;0.0000;-784.3500;0.0000;6.8165;0.0000;-784.3500;0.0000;6.8165;1.0000;0.0000;0.0000;0.0000;0.0000
1421;717.94;783.8000;20894.5500;20035.3500;19251.5500;95.7277;0.0190;0.0000;-783.8000;0.0000;6.8165;0.0000;-783.8000;0.0000;6.8165;1.0000;0.0000;0.0000;0.0000;0.0000
1422;718.21;785.2000;20687.6000;20125.6500;19340.4500;97.1765;0.0124;0.0000;-785.2000;0.0000;6.8165;0.0000;-785.2000;0.0000;6.8165;1.0000;0.0000;0.0000;0.0000;0.0000
1423;718.49;786.0500;20164.4500;19721.0000;18934.9500;97.7116;0.0101;0.0000;-786.0500;0.0000;6.8165;0.0000;-786.0500;0.0000;6.8165;1.0000;0.0000;0.0000;0.0000;0.0000
1424;718.76;784.2000;19735.1500;19210.5000;18426.3000;97.2315;0.0122;0.0000;-784.2000;0.0000;6.8165;0.0000;-784.2000;0.0000;6.8165;1.0000;0.0000;0.0000;0.0000;0.0000
1425;719.03;791.3500;19547.9000;19131.4000;18340.0500;97.7794;0.0098;0.0000;-791.3500;0.0000;6.8165;0.0000;-791.3500;0.0000;6.8165;1.0000;0.0000;0.0000;0.0000;0.0000
1426;719.31;771.9000;19410.7000;18986.0000;18214.1000;97.7214;0.0100;0.0000;-771.9000;0.0000;6.8165;0.0000;-771.9000;0.0000;6.8165;1.0000;0.0000;0.0000;0.0000;0.0000
1427;719.58;778.5500;18912.4000;18484.3500;17705.8000;97.6395;0.0104;0.0000;-778.5500;0.0000;6.8165;0.0000;-778.5500;0.0000;6.8165;1.0000;0.0000;0.0000;0.0000;0.0000
1428;719.86;782.6500;18693.9000;18108.0500;17325.4000;96.7292;0.0144;0.0000;-782.6500;0.0000;6.8165;0.0000;-782.6500;0.0000;6.8165;1.0000;0.0000;0.0000;0.0000;0.0000
1429;720.13;778.3000;18346.9500;17784.5500;17006.2500;96.7988;0.0141;0.0000;-778.3000;0.0000;6.8165;0.0000;-778.3000;0.0000;6.8165;1.0000;0.0000;0.0000;0.0000;0.0000
1430;720.40;792.3500;17862.9000;17411.6000;16619.2500;97.3563;0.0116;0.0000;-792.3500;0.0000;6.8165;0.0000;-792.3500;0.0000;6.8165;1.0000;0.0000;0.0000;0.0000;0.0000
1431;720.68;776.4000;17510.7000;16919.3500;16142.9500;96.4662;0.0156;0.0000;-776.4000;0.0000;6.8165;0.0000;-776.4000;0.0000;6.8165;1.0000;0.0000;0.0000;0.0000;0.0000
1432;720.95;801.4000;17025.8500;16397.8500;15596.4500;96.1293;0.0171;0.0000;-801.4000;0.0000;6.8165;0.0000;-801.4000;0.0000;6.8165;1.0000;0.0000;0.0000;0.0000;0.0000
1433;721.22;784.0500;16625.2500;16179.9000;15395.8500;97.1887;0.0124;0.0000;-784.0500;0.0000;6.8165;0.0000;-784.0500;0.0000;6.8165;1.0000;0.0000;0.0000;0.0000;0.0000
1434;721.50;786.5500;16321.1500;15821.3500;15034.8000;96.7827;0.0142;0.0000;-786.5500;0.0000;6.8165;0.0000;-786.5500;0.0000;6.8165;1.0000;0.0000;0.0000;0.0000;0.0000
1435;721.77;781.3500;16340.4000;15767.4500;14986.1000;96.3176;0.0163;0.0000;-781.3500;0.0000;6.8165;0.0000;-781.3500;0.0000;6.8165;1.0000;0.0000;0.0000;0.0000;0.0000
1436;722.04;782.5500;16189.5500;15642.9000;14860.3500;96.4519;0.0157;0.0000;-782.5500;0.0000;6.8165;0.0000;-782.5500;0.0000;6.8165;1.0000;0.0000;0.0000;0.0000;0.0000
1437;722.31;783.5000;15979.8500;15439.2000;14655.7000;96.4422;0.0157;0.0000;-783.5000;0.0000;6.8165;0.0000;-783.5000;0.0000;6.8165;1.0000;0.0000;0.0000;0.0000;0.0000
1438;722.59;763.2500;15677.6500;15128.9500;14365.7000;96.3210;0.0163;0.0000;-763.2500;0.0000;6.8165;0.0000;-763.2500;0.0000;6.8165;1.0000;0.0000;0.0000;0.0000;0.0000
1439;722.86;784.8500;15306.0000;14871.3000;14086.4500;97.0064;0.0132;0.0000;-784.8500;0.0000;6.8165;0.0000;-784.8500;0.0000;6.8165;1.0000;0.0000;0.0000;0.0000;0.0000
1440;723.13;793.1500;15235.3500;14668.9500;13875.8000;96.0782;0.0174;0.0000;-793.1500;0.0000;6.8165;0.0000;-793.1500;0.0000;6.8165;1.0000;0.0000;0.0000;0.0000;0.0000
1441;723.40;777.6500;14993.6500;14432.2000;13654.5500;96.0506;0.0175;0.0000;-777.6500;0.0000;6.8165;0.0000;-777.6500;0.0000;6.8165;1.0000;0.0000;0.0000;0.0000;0.0000
1442;723.68;787.5500;14644.0000;14109.8500;13322.3000;96.1451;0.0171;0.0000;-787.5500;0.0000;6.8165;0.0000;-787.5500;0.0000;6.8165;1.0000;0.0000;0.0000;0.0000;0.0000
1443;723.95;789.1500;14296.0500;13800.5500;13011.4000;96.3315;0.0162;0.0000;-789.1500;0.0000;6.8165;0.0000;-789.1500;0.0000;6.8165;1.0000;0.0000;0.0000;0.0000;0.0000
1444;724.22;782.0000;14012.9500;13471.7000;12689.7000;95.9092;0.0181;0.0000;-782.0000;0.0000;6.8165;0.0000;-782.0000;0.0000;6.8165;1.0000;0.0000;0.0000;0.0000;0.0000
1445;724.49;778.2000;13849.7500;13266.2500;12488.0500;95.5361;0.0198;0.0000;-778.2000;0.0000;6.8165;0.0000;-778.2000;0.0000;6.8165;1.0000;0.0000;0.0000;0.0000;0.0000
1446;724.76;787.5500;13595.4000;13142.3000;12354.7500;96.4623;0.0156;0.0000;-787.5500;0.0000;6.8165;0.0000;-787.5500;0.0000;6.8165;1.0000;0.0000;0.0000;0.0000;0.0000
1447;725.04;791.1000;13466.5000;13119.5000;12328.4000;97.2624;0.0121;0.0000;-791.1000;0.0000;6.8165;0.0000;-791.1000;0.0000;6.8165;1.0000;0.0000;0.0000;0.0000;0.0000
1448;725.31;777.0500;13286.5500;12913.8500;12136.8000;97.0207;0.0131;0.0000;-777.0500;0.0000;6.8165;0.0000;-777.0500;0.0000;6.8165;1.0000;0.0000;0.0000;0.0000;0.0000
1449;725.58;792.5000;13263.9500;12625.5000;11833.0000;94.8807;0.0228;0.0000;-792.5000;0.0000;6.8165;0.0000;-792.5000;0.0000;6.8165;1.0000;0.0000;0.0000;0.0000;0.0000
1450;725.85;783.3000;13098.8000;12554.0000;11770.7000;95.5763;0.0196;0.0000;-783.3000;0.0000;6.8165;0.0000;-783.3000;0.0000;6.8165;1.0000;0.0000;0.0000;0.0000;0.0000
1451;726.12;789.4000;13070.9500;12431.6000;11642.2000;94.7942;0.0232;0.0000;-789.4000;0.0000;6.8165;0.0000;-789.4000;0.0000;6.8165;1.0000;0.0000;0.0000;0.0000;0.0000
1452;726.39;799.9000;13066.7500;12404.7000;11604.8000;94.6029;0.0241;0.0000;-799.9000;0.0000;6.8165;0.0000;-799.9000;0.0000;6.8165;1.0000;0.0000;0.0000;0.0000;0.0000
1453;726.66;794.3500;12931.7500;12221.7500;11427.4000;94.1503;0.0262;0.0000;-794.3500;0.0000;6.8165;0.0000;-794.3500;0.0000;6.8165;1.0000;0.0000;0.0000;0.0000;0.0000
1454;726.93;782.5500;12650.1500;12100.2500;11317.7000;95.3664;0.0206;0.0000;-782.5500;0.0000;6.8165;0.0000;-782.5500;0.0000;6.8165;1.0000;0.0000;0.0000;0.0000;0.0000
1455;727.21;792.6500;12425.3000;11990.4000;11197.7500;96.2614;0.0165;0.0000;-792.6500;0.0000;6.8165;0.0000;-792.6500;0.0000;6.8165;1.0000;0.0000;0.0000;0.0000;0.0000
1456;727.48;769.1500;12256.3000;11942.5500;11173.4000;97.2687;0.0120;0.0000;-769.1500;0.0000;6.8165;0.0000;-769.1500;0.0000;6.8165;1.0000;0.0000;0.0000;0.0000;0.0000
1457;727.75;782.0500;12201.7500;11764.2000;10982.1500;96.1685;0.0170;0.0000;-782.0500;0.0000;6.8165;0.0000;-782.0500;0.0000;6.8165;1.0000;0.0000;0.0000;0.0000;0.0000
1458;728.02;787.6500;12033.7000;11518.5000;10730.8500;95.4188;0.0204;0.0000;-787.6500;0.0000;6.8165;0.0000;-787.6500;0.0000;6.8165;1.0000;0.0000;0.0000;0.0000;0.0000
1459;728.29;776.5000;11975.6000;11562.1000;10785.6000;96.3077;0.0163;0.0000;-776.5000;0.0000;6.8165;0.0000;-776.5000;0.0000;6.8165;1.0000;0.0000;0.0000;0.0000;0.0000
1460;728.56;790.6000;11887.5500;11358.8000;10568.2000;95.2352;0.0212;0.0000;-790.6000;0.0000;6.8165;0.0000;-790.6000;0.0000;6.8165;1.0000;0.0000;0.0000;0.0000;0.0000
1461;728.83;780.2500;11986.9500;11350.6500;10570.4000;94.3221;0.0254;0.0000;-780.2500;0.0000;6.8165;0.0000;-780.2500;0.0000;6.8165;1.0000;0.0000;0.0000;0.0000;0.0000
1462;729.10;771.4500;12021.2500;11425.5500;10654.1000;94.7048;0.0236;0.0000;-771.4500;0.0000;6.8165;0.0000;-771.4500;0.0000;6.8165;1.0000;0.0000;0.0000;0.0000;0.0000
1463;729.37;789.4000;11951.2500;11492.7000;10703.3000;95.8918;0.0182;0.0000;-789.4000;0.0000;6.8165;0.0000;-789.4000;0.0000;6.8165;1.0000;0.0000;0.0000;0.0000;0.0000
1464;729.64;790.2500;11810.9000;11407.5000;10617.2500;96.3396;0.0162;0.0000;-790.2500;0.0000;6.8165;0.0000;-790.2500;0.0000;6.8165;1.0000;0.0000;0.0000;0.0000;0.0000
1465;729.91;796.6500;11637.8500;11302.7500;10506.1000;96.9090;0.0136;0.0000;-796.6500;0.0000;6.8165;0.0000;-796.6500;0.0000;6.8165;1.0000;0.0000;0.0000;0.0000;0.0000
1466;730.18;783.5500;11625.7500;11251.1500;10467.6000;96.5450;0.0153;0.0000;-783.5500;0.0000;6.8165;0.0000;-783.5500;0.0000;6.8165;1.0000;0.0000;0.0000;0.0000;0.0000
1467;730.45;786.2500;11414.3500;11002.6000;10216.3500;96.1258;0.0172;0.0000;-786.2500;0.0000;6.8165;0.0000;-786.2500;0.0000;6.8165;1.0000;0.0000;0.0000;0.0000;0.0000
1468;730.72;777.8000;11340.7500;10929.1500;10151.3500;96.1034;0.0173;0.0000;-777.8000;0.0000;6.8165;0.0000;-777.8000;0.0000;6.8165;1.0000;0.0000;0.0000;0.0000;0.0000
1469;730.99;786.8500;11286.9500;10826.8500;10040.0000;95.6181;0.0195;0.0000;-786.8500;0.0000;6.8165;0.0000;-786.8500;0.0000;6.8165;1.0000;0.0000;0.0000;0.0000;0.0000
1470;731.26;779.7500;11249.4500;10758.8000;9979.0500;95.3136;0.0208;0.0000;-779.7500;0.0000;6.8165;0.0000;-779.7500;0.0000;6.8165;1.0000;0.0000;0.0000;0.0000;0.0000
1471;731.53;797.0500;11300.0500;10847.0500;10050.0000;95.6869;0.0191;0.0000;-797.0500;0.0000;6.8165;0.0000;-797.0500;0.0000;6.8165;1.0000;0.0000;0.0000;0.0000;0.0000
1472;731.80;786.2000;11281.9500;10867.6500;10081.4500;96.0527;0.0175;0.0000;-786.2000;0.0000;6.8165;0.0000;-786.2000;0.0000;6.8165;1.0000;0.0000;0.0000;0.0000;0.0000
1473;732.06;777.6500;11161.1500;10745.6500;9968.0000;95.9985;0.0177;0.0000;-777.6500;0.0000;6.8165;0.0000;-777.6500;0.0000;6.8165;1.0000;0.0000;0.0000;0.0000;0.0000
1474;732.33;787.1500;11370.4000;10709.5500;9922.4000;93.7557;0.0280;0.0000;-787.1500;0.0000;6.8165;0.0000;-787.1500;0.0000;6.8165;1.0000;0.0000;0.0000;0.0000;0.0000
1475;732.60;783.8500;11282.7500;10693.2000;9909.3500;94.3846;0.0251;0.0000;-783.8500;0.0000;6.8165;0.0000;-783.8500;0.0000;6.8165;1.0000;0.0000;0.0000;0.0000;0.0000
1476;732.87;785.1000;11394.9000;10930.0500;10144.9500;95.6187;0.0195;0.0000;-785.1000;0.0000;6.8165;0.0000;-785.1000;0.0000;6.8165;1.0000;0.0000;0.0000;0.0000;0.0000
1477;733.14;774.9500;11530.4000;11000.6000;10225.6500;95.0741;0.0219;0.0000;-774.9500;0.0000;6.8165;0.0000;-774.9500;0.0000;6.8165;1.0000;0.0000;0.0000;0.0000;0.0000
1478;733.41;787.3000;11435.5500;10956.3000;10169.0000;95.4993;0.0200;0.0000;-787.3000;0.0000;6.8165;0.0000;-787.3000;0.0000;6.8165;1.0000;0.0000;0.0000;0.0000;0.0000
1479;733.68;784.0500;11331.1000;10871.9500;10087.9000;95.6467;0.0193;0.0000;-784.0500;0.0000;6.8165;0.0000;-784.0500;0.0000;6.8165;1.0000;0.0000;0.0000;0.0000;0.0000
1480;733.95;777.3500;11197.3000;10797.4000;10020.0500;96.1622;0.0170;0.0000;-777.3500;0.0000;6.8165;0.0000;-777.3500;0.0000;6.8165;1.0000;0.0000;0.0000;0.0000;0.0000
1481;734.21;779.8500;11026.6500;10668.4000;9888.5500;96.5038;0.0155;0.0000;-779.8500;0.0000;6.8165;0.0000;-779.8500;0.0000;6.8165;1.0000;0.0000;0.0000;0.0000;0.0000
1482;734.48;790.8000;10856.4500;10385.6000;9594.8000;95.3222;0.0208;0.0000;-790.8000;0.0000;6.8165;0.0000;-790.8000;0.0000;6.8165;1.0000;0.0000;0.0000;0.0000;0.0000
1483;734.75;792.6000;10782.1000;10249.1000;9456.5000;94.6644;0.0238;0.0000;-792.6000;0.0000;6.8165;0.0000;-792.6000;0.0000;6.8165;1.0000;0.0000;0.0000;0.0000;0.0000
1484;735.02;777.5500;10617.1500;10128.7500;9351.2000;95.0364;0.0221;0.0000;-777.5500;0.0000;6.8165;0.0000;-777.5500;0.0000;6.8165;1.0000;0.0000;0.0000;0.0000;0.0000
1485;735.29;778.3000;10410.0500;9969.3500;9191.0500;95.4245;0.0203;0.0000;-778.3000;0.0000;6.8165;0.0000;-778.3000;0.0000;6.8165;1.0000;0.0000;0.0000;0.0000;0.0000
1486;735.55;792.6000;10199.0500;9775.9500;8983.3500;95.5020;0.0200;0.0000;-792.6000;0.0000;6.8165;0.0000;-792.6000;0.0000;6.8165;1.0000;0.0000;0.0000;0.0000;0.0000
1487;735.82;794.0500;10012.6500;9644.0500;8850.0000;96.0016;0.0177;0.0000;-794.0500;0.0000;6.8165;0.0000;-794.0500;0.0000;6.8165;1.0000;0.0000;0.0000;0.0000;0.0000
1488;736.09;778.4500;9677.7500;9344.5000;8566.0500;96.2553;0.0166;0.0000;-778.4500;0.0000;6.8165;0.0000;-778.4500;0.0000;6.8165;1.0000;0.0000;0.0000;0.0000;0.0000
1489;736.36;784.1000;9532.3000;9174.7500;8390.6500;95.9129;0.0181;0.0000;-784.1000;0.0000;6.8165;0.0000;-784.1000;0.0000;6.8165;1.0000;0.0000;0.0000;0.0000;0.0000
1490;736.62;783.1000;9451.0500;9079.0500;8295.9500;95.7083;0.0191;0.0000;-783.1000;0.0000;6.8165;0.0000;-783.1000;0.0000;6.8165;1.0000;0.0000;0.0000;0.0000;0.0000
1491;736.89;787.5500;9367.4000;8934.6000;8147.0500;94.9556;0.0225;0.0000;-787.5500;0.0000;6.8165;0.0000;-787.5500;0.0000;6.8165;1.0000;0.0000;0.0000;0.0000;0.0000
1492;737.16;778.9500;9219.3500;8780.6500;8001.7000;94.8024;0.0232;0.0000;-778.9500;0.0000;6.8165;0.0000;-778.9500;0.0000;6.8165;1.0000;0.0000;0.0000;0.0000;0.0000
1493;737.43;791.9000;9037.3500;8686.6500;7894.7500;95.7467;0.0189;0.0000;-791.9000;0.0000;6.8165;0.0000;-791.9000;0.0000;6.8165;1.0000;0.0000;0.0000;0.0000;0.0000
1494;737.69;782.5000;8880.9000;8495.2000;7712.7000;95.2373;0.0212;0.0000;-782.5000;0.0000;6.8165;0.0000;-782.5000;0.0000;6.8165;1.0000;0.0000;0.0000;0.0000;0.0000
1495;737.96;796.0000;8724.8500;8346.9500;7550.9500;95.2339;0.0212;0.0000;-796.0000;0.0000;6.8165;0.0000;-796.0000;0.0000;6.8165;1.0000;0.0000;0.0000;0.0000;0.0000
1496;738.23;784.0000;8618.3000;8288.2500;7504.2500;95.7871;0.0187;0.0000;-784.0000;0.0000;6.8165;0.0000;-784.0000;0.0000;6.8165;1.0000;0.0000;0.0000;0.0000;0.0000
1497;738.49;795.4500;8531.7000;8182.3500;7386.9000;95.4842;0.0201;0.0000;-795.4500;0.0000;6.8165;0.0000;-795.4500;0.0000;6.8165;1.0000;0.0000;0.0000;0.0000;0.0000
1498;738.76;790.7500;8339.1500;7978.8000;7188.0500;95.2261;0.0212;0.0000;-790.7500;0.0000;6.8165;0.0000;-790.7500;0.0000;6.8165;1.0000;0.0000;0.0000;0.0000;0.0000
1499;739.03;789.6000;8278.9000;7918.1500;7128.5500;95.1831;0.0214;0.0000;-789.6000;0.0000;6.8165;0.0000;-789.6000;0.0000;6.8165;1.0000;0.0000;0.0000;0.0000;0.0000
1500;739.29;784.0500;8199.9500;7835.8500;7051.8000;95.0903;0.0219;0.0000;-784.0500;0.0000;6.8165;0.0000;-784.0500;0.0000;6.8165;1.0000;0.0000;0.0000;0.0000;0.0000
1501;739.56;793.2500;8141.9000;7773.7000;6980.4500;94.9896;0.0223;0.0000;-793.2500;0.0000;6.8165;0.0000;-793.2500;0.0000;6.8165;1.0000;0.0000;0.0000;0.0000;0.0000
1502;739.83;776.1500;7994.4000;7580.7500;6804.6000;94.2694;0.0256;0.0000;-776.1500;0.0000;6.8165;0.0000;-776.1500;0.0000;6.8165;1.0000;0.0000;0.0000;0.0000;0.0000
1503;740.09;776.0500;7791.1000;7439.6500;6663.6000;94.9901;0.0223;0.0000;-776.0500;0.0000;6.8165;0.0000;-776.0500;0.0000;6.8165;1.0000;0.0000;0.0000;0.0000;0.0000
1504;740.36;787.3500;7743.9000;7359.3000;6571.9500;94.4714;0.0247;0.0000;-787.3500;0.0000;6.8165;0.0000;-787.3500;0.0000;6.8165;1.0000;0.0000;0.0000;0.0000;0.0000
1505;740.62;788.1000;7555.4500;7139.8000;6351.7000;93.8580;0.0275;0.0000;-788.1000;0.0000;6.8165;0.0000;-788.1000;0.0000;6.8165;1.0000;0.0000;0.0000;0.0000;0.0000
1506;740.89;795.5000;7412.5000;7086.8000;6291.3000;95.0778;0.0219;0.0000;-795.5000;0.0000;6.8165;0.0000;-795.5000;0.0000;6.8165;1.0000;0.0000;0.0000;0.0000;0.0000
1507;741.16;793.1500;7361.1000;7027.8000;6234.6500;94.9254;0.0226;0.0000;-793.1500;0.0000;6.8165;0.0000;-793.1500;0.0000;6.8165;1.0000;0.0000;0.0000;0.0000;0.0000
1508;741.42;782.0000;7285.4000;6908.7000;6126.7000;94.2076;0.0259;0.0000;-782.0000;0.0000;6.8165;0.0000;-782.0000;0.0000;6.8165;1.0000;0.0000;0.0000;0.0000;0.0000
1509;741.69;782.4000;7117.3500;6729.6500;5947.2500;93.8800;0.0274;0.0000;-782.4000;0.0000;6.8165;0.0000;-782.4000;0.0000;6.8165;1.0000;0.0000;0.0000;0.0000;0.0000
1510;741.95;783.8500;6954.5000;6596.7500;5812.9000;94.2024;0.0259;0.0000;-783.8500;0.0000;6.8165;0.0000;-783.8500;0.0000;6.8165;1.0000;0.0000;0.0000;0.0000;0.0000
1511;742.22;797.7500;6900.4500;6549.1000;5751.3500;94.2427;0.0258;0.0000;-797.7500;0.0000;6.8165;0.0000;-797.7500;0.0000;6.8165;1.0000;0.0000;0.0000;0.0000;0.0000
1512;742.48;803.2500;6677.9000;6299.0000;5495.7500;93.5503;0.0290;0.0000;-803.2500;0.0000;6.8165;0.0000;-803.2500;0.0000;6.8165;1.0000;0.0000;0.0000;0.0000;0.0000
1513;742.75;794.2000;6517.8000;6158.8000;5364.6000;93.7277;0.0281;0.0000;-794.2000;0.0000;6.8165;0.0000;-794.2000;0.0000;6.8165;1.0000;0.0000;0.0000;0.0000;0.0000
1514;743.01;781.0500;6376.5000;6077.9500;5296.9000;94.6644;0.0238;0.0000;-781.0500;0.0000;6.8165;0.0000;-781.0500;0.0000;6.8165;1.0000;0.0000;0.0000;0.0000;0.0000
1515;743.28;772.8500;6240.7000;5929.0000;5156.1500;94.2994;0.0255;0.0000;-772.8500;0.0000;6.8165;0.0000;-772.8500;0.0000;6.8165;1.0000;0.0000;0.0000;0.0000;0.0000
1516;743.54;773.1500;6043.0500;5717.6500;4944.5000;93.8253;0.0277;0.0000;-773.1500;0.0000;6.8165;0.0000;-773.1500;0.0000;6.8165;1.0000;0.0000;0.0000;0.0000;0.0000
1517;743.81;788.1500;5872.2000;5578.5500;4790.4000;94.2241;0.0258;0.0000;-788.1500;0.0000;6.8165;0.0000;-788.1500;0.0000;6.8165;1.0000;0.0000;0.0000;0.0000;0.0000
1518;744.07;769.7500;5724.1500;5443.0000;4673.2500;94.3252;0.0254;0.0000;-769.7500;0.0000;6.8165;0.0000;-769.7500;0.0000;6.8165;1.0000;0.0000;0.0000;0.0000;0.0000
1519;744.34;778.8000;5612.8500;5355.9000;4577.1000;94.6846;0.0237;0.0000;-778.8000;0.0000;6.8165;0.0000;-778.8000;0.0000;6.8165;1.0000;0.0000;0.0000;0.0000;0.0000
1520;744.60;778.4000;5422.6500;5159.7500;4381.3500;94.3392;0.0253;0.0000;-778.4000;0.0000;6.8165;0.0000;-778.4000;0.0000;6.8165;1.0000;0.0000;0.0000;0.0000;0.0000
1521;744.87;784.4000;5374.7000;5046.4500;4262.0500;92.8491;0.0322;0.0000;-784.4000;0.0000;6.8165;0.0000;-784.4000;0.0000;6.8165;1.0000;0.0000;0.0000;0.0000;0.0000
1522;745.13;784.1500;5274.2000;4938.7500;4154.6000;92.5290;0.0337;0.0000;-784.1500;0.0000;6.8165;0.0000;-784.1500;0.0000;6.8165;1.0000;0.0000;0.0000;0.0000;0.0000
1523;745.39;780.6000;5142.0500;4850.0000;4069.4000;93.3038;0.0301;0.0000;-780.6000;0.0000;6.8165;0.0000;-780.6000;0.0000;6.8165;1.0000;0.0000;0.0000;0.0000;0.0000
1524;745.66;799.2500;4963.7000;4726.1000;3926.8500;94.2946;0.0255;0.0000;-799.2500;0.0000;6.8165;0.0000;-799.2500;0.0000;6.8165;1.0000;0.0000;0.0000;0.0000;0.0000
1525;745.92;783.0000;4795.7500;4559.8500;3776.8500;94.1212;0.0263;0.0000;-783.0000;0.0000;6.8165;0.0000;-783.0000;0.0000;6.8165;1.0000;0.0000;0.0000;0.0000;0.0000
1526;746.19;776.8000;4708.9000;4426.5000;3649.7000;92.8181;0.0324;0.0000;-776.8000;0.0000;6.8165;0.0000;-776.8000;0.0000;6.8165;1.0000;0.0000;0.0000;0.0000;0.0000
1527;746.45;773.4500;4578.4500;4327.0500;3553.6000;93.3929;0.0297;0.0000;-773.4500;0.0000;6.8165;0.0000;-773.4500;0.0000;6.8165;1.0000;0.0000;0.0000;0.0000;0.0000
1528;746.71;766.7000;4485.5000;4171.3000;3404.6000;91.5510;0.0383;0.0000;-766.7000;0.0000;6.8165;0.0000;-766.7000;0.0000;6.8165;1.0000;0.0000;0.0000;0.0000;0.0000
1529;746.98;777.3500;4390.4000;4131.6000;3354.2500;92.8371;0.0323;0.0000;-777.3500;0.0000;6.8165;0.0000;-777.3500;0.0000;6.8165;1.0000;0.0000;0.0000;0.0000;0.0000
1530;747.24;788.2000;4294.5500;4024.0000;3235.8000;92.2840;0.0349;0.0000;-788.2000;0.0000;6.8165;0.0000;-788.2000;0.0000;6.8165;1.0000;0.0000;0.0000;0.0000;0.0000
1531;747.50;780.3500;4218.0000;3960.5500;3180.2000;92.5109;0.0338;0.0000;-780.3500;0.0000;6.8165;0.0000;-780.3500;0.0000;6.8165;1.0000;0.0000;0.0000;0.0000;0.0000
1532;747.77;786.2000;4104.0500;3819.7000;3033.5000;91.4297;0.0389;0.0000;-786.2000;0.0000;6.8165;0.0000;-786.2000;0.0000;6.8165;1.0000;0.0000;0.0000;0.0000;0.0000
1533;748.03;784.3500;3997.6500;3753.8500;2969.5000;92.4128;0.0343;0.0000;-784.3500;0.0000;6.8165;0.0000;-784.3500;0.0000;6.8165;1.0000;0.0000;0.0000;0.0000;0.0000
1534;748.29;798.4000;3961.2500;3702.8000;2904.4000;91.8286;0.0370;0.0000;-798.4000;0.0000;6.8165;0.0000;-798.4000;0.0000;6.8165;1.0000;0.0000;0.0000;0.0000;0.0000
1535;748.56;793.4000;3817.2000;3637.2500;2843.8500;94.0489;0.0266;0.0000;-793.4000;0.0000;6.8165;0.0000;-793.4000;0.0000;6.8165;1.0000;0.0000;0.0000;0.0000;0.0000
1536;748.82;793.8000;3714.1000;3538.4500;2744.6500;93.9852;0.0269;0.0000;-793.8000;0.0000;6.8165;0.0000;-793.8000;0.0000;6.8165;1.0000;0.0000;0.0000;0.0000;0.0000
1537;749.08;782.4000;3727.1000;3556.4000;2774.0000;94.2031;0.0259;0.0000;-782.4000;0.0000;6.8165;0.0000;-782.4000;0.0000;6.8165;1.0000;0.0000;0.0000;0.0000;0.0000
1538;749.34;789.0500;3719.0500;3498.4500;2709.4000;92.4710;0.0340;0.0000;-789.0500;0.0000;6.8165;0.0000;-789.0500;0.0000;6.8165;1.0000;0.0000;0.0000;0.0000;0.0000
1539;749.61;790.1500;3669.9000;3477.1500;2687.0000;93.3067;0.0301;0.0000;-790.1500;0.0000;6.8165;0.0000;-790.1500;0.0000;6.8165;1.0000;0.0000;0.0000;0.0000;0.0000
1540;749.87;789.7500;3564.8500;3410.1000;2620.3500;94.4236;0.0249;0.0000;-789.7500;0.0000;6.8165;0.0000;-789.7500;0.0000;6.8165;1.0000;0.0000;0.0000;0.0000;0.0000
1541;750.13;786.8500;3512.3500;3335.2500;2548.4000;93.5021;0.0292;0.0000;-786.8500;0.0000;6.8165;0.0000;-786.8500;0.0000;6.8165;1.0000;0.0000;0.0000;0.0000;0.0000
1542;750.39;788.4500;3475.9000;3284.0500;2495.6000;92.8613;0.0322;0.0000;-788.4500;0.0000;6.8165;0.0000;-788.4500;0.0000;6.8165;1.0000;0.0000;0.0000;0.0000;0.0000
1543;750.65;784.6000;3405.2500;3197.4000;2412.8000;92.0688;0.0359;0.0000;-784.6000;0.0000;6.8165;0.0000;-784.6000;0.0000;6.8165;1.0000;0.0000;0.0000;0.0000;0.0000
1544;750.92;774.0000;3325.3500;3144.3500;2370.3500;92.9057;0.0320;0.0000;-774.0000;0.0000;6.8165;0.0000;-774.0000;0.0000;6.8165;1.0000;0.0000;0.0000;0.0000;0.0000
1545;751.18;785.1500;3299.8000;3127.9000;2342.7500;93.1641;0.0308;0.0000;-785.1500;0.0000;6.8165;0.0000;-785.1500;0.0000;6.8165;1.0000;0.0000;0.0000;0.0000;0.0000
1546;751.44;791.8000;3292.1500;3084.2000;2292.4000;91.6832;0.0377;0.0000;-791.8000;0.0000;6.8165;0.0000;-791.8000;0.0000;6.8165;1.0000;0.0000;0.0000;0.0000;0.0000
1547;751.70;785.9500;3202.0500;3031.8000;2245.8500;92.9535;0.0317;0.0000;-785.9500;0.0000;6.8165;0.0000;-785.9500;0.0000;6.8165;1.0000;0.0000;0.0000;0.0000;0.0000
1548;751.96;786.3500;3128.0500;2951.4000;2165.0500;92.4563;0.0341;0.0000;-786.3500;0.0000;6.8165;0.0000;-786.3500;0.0000;6.8165;1.0000;0.0000;0.0000;0.0000;0.0000
1549;752.23;787.3000;3078.9000;2939.5500;2152.2500;93.9191;0.0272;0.0000;-787.3000;0.0000;6.8165;0.0000;-787.3000;0.0000;6.8165;1.0000;0.0000;0.0000;0.0000;0.0000
1550;752.49;781.1500;3025.2000;2894.0500;2112.9000;94.1557;0.0262;0.0000;-781.1500;0.0000;6.8165;0.0000;-781.1500;0.0000;6.8165;1.0000;0.0000;0.0000;0.0000;0.0000
1551;752.75;781.2000;2957.0000;2822.4500;2041.2500;93.8161;0.0277;0.0000;-781.2000;0.0000;6.8165;0.0000;-781.2000;0.0000;6.8165;1.0000;0.0000;0.0000;0.0000;0.0000
1552;753.01;774.6000;2957.2000;2786.0500;2011.4500;92.1584;0.0355;0.0000;-774.6000;0.0000;6.8165;0.0000;-774.6000;0.0000;6.8165;1.0000;0.0000;0.0000;0.0000;0.0000
1553;753.27;795.1500;2972.8000;2803.3500;2008.2000;92.2187;0.0352;0.0000;-795.1500;0.0000;6.8165;0.0000;-795.1500;0.0000;6.8165;1.0000;0.0000;0.0000;0.0000;0.0000
1554;753.53;787.7500;2947.7500;2787.2500;1999.5000;92.5694;0.0335;0.0000;-787.7500;0.0000;6.8165;0.0000;-787.7500;0.0000;6.8165;1.0000;0.0000;0.0000;0.0000;0.0000
1555;753.79;790.3000;2878.6000;2727.4000;1937.1000;92.7597;0.0326;0.0000;-790.3000;0.0000;6.8165;0.0000;-790.3000;0.0000;6.8165;1.0000;0.0000;0.0000;0.0000;0.0000
1556;754.05;788.5500;2825.7000;2695.8500;1907.3000;93.6259;0.0286;0.0000;-788.5500;0.0000;6.8165;0.0000;-788.5500;0.0000;6.8165;1.0000;0.0000;0.0000;0.0000;0.0000
1557;754.31;795.2500;2784.7000;2650.6000;1855.3500;93.2594;0.0303;0.0000;-795.2500;0.0000;6.8165;0.0000;-795.2500;0.0000;6.8165;1.0000;0.0000;0.0000;0.0000;0.0000
1558;754.57;787.9500;2709.2500;2557.7000;1769.7500;92.1121;0.0357;0.0000;-787.9500;0.0000;6.8165;0.0000;-787.9500;0.0000;6.8165;1.0000;0.0000;0.0000;0.0000;0.0000
1559;754.84;789.8000;2673.7000;2515.8000;1726.0000;91.6185;0.0380;0.0000;-789.8000;0.0000;6.8165;0.0000;-789.8000;0.0000;6.8165;1.0000;0.0000;0.0000;0.0000;0.0000
1560;755.10;787.5500;2669.2000;2530.1500;1742.6000;92.6102;0.0333;0.0000;-787.5500;0.0000;6.8165;0.0000;-787.5500;0.0000;6.8165;1.0000;0.0000;0.0000;0.0000;0.0000
1561;755.36;797.0500;2671.9500;2545.4500;1748.4000;93.2530;0.0303;0.0000;-797.0500;0.0000;6.8165;0.0000;-797.0500;0.0000;6.8165;1.0000;0.0000;0.0000;0.0000;0.0000
1562;755.62;789.4000;2628.2500;2515.8000;1726.4000;93.8848;0.0274;0.0000;-789.4000;0.0000;6.8165;0.0000;-789.4000;0.0000;6.8165;1.0000;0.0000;0.0000;0.0000;0.0000
1563;755.88;765.9000;2598.0500;2484.6500;1718.7500;93.8106;0.0277;0.0000;-765.9000;0.0000;6.8165;0.0000;-765.9000;0.0000;6.8165;1.0000;0.0000;0.0000;0.0000;0.0000
1564;756.14;780.0000;2618.8500;2492.3500;1712.3500;93.1207;0.0310;0.0000;-780.0000;0.0000;6.8165;0.0000;-780.0000;0.0000;6.8165;1.0000;0.0000;0.0000;0.0000;0.0000
1565;756.40;780.2000;2562.1500;2427.9500;1647.7500;92.4689;0.0340;0.0000;-780.2000;0.0000;6.8165;0.0000;-780.2000;0.0000;6.8165;1.0000;0.0000;0.0000;0.0000;0.0000
1566;756.66;777.8000;2518.3000;2395.6000;1617.8000;92.9503;0.0317;0.0000;-777.8000;0.0000;6.8165;0.0000;-777.8000;0.0000;6.8165;1.0000;0.0000;0.0000;0.0000;0.0000
1567;756.92;786.7000;2511.8000;2388.2000;1601.5000;92.8352;0.0323;0.0000;-786.7000;0.0000;6.8165;0.0000;-786.7000;0.0000;6.8165;1.0000;0.0000;0.0000;0.0000;0.0000
1568;757.18;782.1500;2448.4000;2378.0000;1595.8500;95.7749;0.0187;0.0000;-782.1500;0.0000;6.8165;0.0000;-782.1500;0.0000;6.8165;1.0000;0.0000;0.0000;0.0000;0.0000
1569;757.43;787.2500;2476.2000;2347.1000;1559.8500;92.3562;0.0345;0.0000;-787.2500;0.0000;6.8165;0.0000;-787.2500;0.0000;6.8165;1.0000;0.0000;0.0000;0.0000;0.0000
1570;757.69;792.4500;2433.5000;2333.2000;1540.7500;93.8881;0.0274;0.0000;-792.4500;0.0000;6.8165;0.0000;-792.4500;0.0000;6.8165;1.0000;0.0000;0.0000;0.0000;0.0000
1571;757.95;796.2000;2455.2000;2317.2000;1521.0000;91.6817;0.0377;0.0000;-796.2000;0.0000;6.8165;0.0000;-796.2000;0.0000;6.8165;1.0000;0.0000;0.0000;0.0000;0.0000
1572;758.21;798.1000;2432.8500;2286.2500;1488.1500;91.0323;0.0408;0.0000;-798.1000;0.0000;6.8165;0.0000;-798.1000;0.0000;6.8165;1.0000;0.0000;0.0000;0.0000;0.0000
1573;758.47;785.1500;2423.4500;2288.0000;1502.8500;91.7323;0.0375;0.0000;-785.1500;0.0000;6.8165;0.0000;-785.1500;0.0000;6.8165;1.0000;0.0000;0.0000;0.0000;0.0000
1574;758.73;785.6000;2399.6500;2262.4000;1476.8000;91.4965;0.0386;0.0000;-785.6000;0.0000;6.8165;0.0000;-785.6000;0.0000;6.8165;1.0000;0.0000;0.0000;0.0000;0.0000
1575;758.99;776.4500;2426.4000;2259.0000;1482.5500;89.8542;0.0465;0.0000;-776.4500;0.0000;6.8165;0.0000;-776.4500;0.0000;6.8165;1.0000;0.0000;0.0000;0.0000;0.0000
1576;759.25;787.0500;2442.2000;2269.0000;1481.9500;89.5357;0.0480;0.0000;-787.0500;0.0000;6.8165;0.0000;-787.0500;0.0000;6.8165;1.0000;0.0000;0.0000;0.0000;0.0000
1577;759.51;783.5500;2414.2000;2250.3000;1466.7500;89.9488;0.0460;0.0000;-783.5500;0.0000;6.8165;0.0000;-783.5500;0.0000;6.8165;1.0000;0.0000;0.0000;0.0000;0.0000
1578;759.77;782.5000;2435.8500;2263.1500;1480.6500;89.5545;0.0479;0.0000;-782.5000;0.0000;6.8165;0.0000;-782.5000;0.0000;6.8165;1.0000;0.0000;0.0000;0.0000;0.0000
1579;760.02;781.7500;2417.6500;2277.4500;1495.7000;91.4298;0.0389;0.0000;-781.7500;0.0000;6.8165;0.0000;-781.7500;0.0000;6.8165;1.0000;0.0000;0.0000;0.0000;0.0000
1580;760.28;802.1000;2384.2000;2266.7000;1464.6000;92.5732;0.0335;0.0000;-802.1000;0.0000;6.8165;0.0000;-802.1000;0.0000;6.8165;1.0000;0.0000;0.0000;0.0000;0.0000
1581;760.54;795.9000;2401.1500;2263.3500;1467.4500;91.4157;0.0390;0.0000;-795.9000;0.0000;6.8165;0.0000;-795.9000;0.0000;6.8165;1.0000;0.0000;0.0000;0.0000;0.0000
1582;760.80;791.6000;2415.8000;2275.2500;1483.6500;91.3465;0.0393;0.0000;-791.6000;0.0000;6.8165;0.0000;-791.6000;0.0000;6.8165;1.0000;0.0000;0.0000;0.0000;0.0000
1583;761.06;778.1500;2408.6000;2266.5500;1488.4000;91.2877;0.0396;0.0000;-778.1500;0.0000;6.8165;0.0000;-778.1500;0.0000;6.8165;1.0000;0.0000;0.0000;0.0000;0.0000
1584;761.32;784.9000;2380.9500;2216.7000;1431.8000;89.7090;0.0472;0.0000;-784.9000;0.0000;6.8165;0.0000;-784.9000;0.0000;6.8165;1.0000;0.0000;0.0000;0.0000;0.0000
1585;761.57;784.1500;2341.7500;2231.6500;1447.5000;92.9314;0.0318;0.0000;-784.1500;0.0000;6.8165;0.0000;-784.1500;0.0000;6.8165;1.0000;0.0000;0.0000;0.0000;0.0000
1586;761.83;778.9500;2360.6500;2242.4000;1463.4500;92.5239;0.0337;0.0000;-778.9500;0.0000;6.8165;0.0000;-778.9500;0.0000;6.8165;1.0000;0.0000;0.0000;0.0000;0.0000
1587;762.09;782.9500;2368.6500;2251.6000;1468.6500;92.6184;0.0333;0.0000;-782.9500;0.0000;6.8165;0.0000;-782.9500;0.0000;6.8165;1.0000;0.0000;0.0000;0.0000;0.0000
1588;762.35;794.6000;2348.4000;2211.6000;1417.0000;91.1958;0.0400;0.0000;-794.6000;0.0000;6.8165;0.0000;-794.6000;0.0000;6.8165;1.0000;0.0000;0.0000;0.0000;0.0000
1589;762.60;781.9500;2357.3500;2208.9000;1426.9500;90.5770;0.0430;0.0000;-781.9500;0.0000;6.8165;0.0000;-781.9500;0.0000;6.8165;1.0000;0.0000;0.0000;0.0000;0.0000
1590;762.86;779.2500;2358.8500;2241.8000;1462.5500;92.5899;0.0334;0.0000;-779.2500;0.0000;6.8165;0.0000;-779.2500;0.0000;6.8165;1.0000;0.0000;0.0000;0.0000;0.0000
1591;763.12;770.7000;2379.3000;2278.0500;1507.3500;93.7057;0.0282;0.0000;-770.7000;0.0000;6.8165;0.0000;-770.7000;0.0000;6.8165;1.0000;0.0000;0.0000;0.0000;0.0000
1592;763.38;781.5000;2381.0500;2252.9000;1471.4000;91.9884;0.0363;0.0000;-781.5000;0.0000;6.8165;0.0000;-781.5000;0.0000;6.8165;1.0000;0.0000;0.0000;0.0000;0.0000
1593;763.63;770.1500;2439.9000;2295.1500;1525.0000;91.3310;0.0394;0.0000;-770.1500;0.0000;6.8165;0.0000;-770.1500;0.0000;6.8165;1.0000;0.0000;0.0000;0.0000;0.0000
1594;763.89;787.5500;2528.5000;2363.0500;1575.5000;90.4966;0.0434;0.0000;-787.5500;0.0000;6.8165;0.0000;-787.5500;0.0000;6.8165;1.0000;0.0000;0.0000;0.0000;0.0000
1595;764.15;775.5000;2638.5500;2463.2000;1687.7000;90.5880;0.0429;0.0000;-775.5000;0.0000;6.8165;0.0000;-775.5000;0.0000;6.8165;1.0000;0.0000;0.0000;0.0000;0.0000
1596;764.40;784.2000;2718.7500;2606.4000;1822.2000;94.1924;0.0260;0.0000;-784.2000;0.0000;6.8165;0.0000;-784.2000;0.0000;6.8165;1.0000;0.0000;0.0000;0.0000;0.0000
1597;764.66;786.1000;2818.1000;2714.1500;1928.0500;94.8844;0.0228;0.0000;-786.1000;0.0000;6.8165;0.0000;-786.1000;0.0000;6.8165;1.0000;0.0000;0.0000;0.0000;0.0000
1598;764.92;789.2500;2985.5000;2852.0000;2062.7500;93.9215;0.0272;0.0000;-789.2500;0.0000;6.8165;0.0000;-789.2500;0.0000;6.8165;1.0000;0.0000;0.0000;0.0000;0.0000
1599;765.17;791.1000;3066.3000;2963.9000;2172.8000;95.4993;0.0200;0.0000;-791.1000;0.0000;6.8165;0.0000;-791.1000;0.0000;6.8165;1.0000;0.0000;0.0000;0.0000;0.0000
1600;765.43;800.2500;3052.1000;2937.1500;2136.9000;94.8953;0.0228;0.0000;-800.2500;0.0000;6.8165;0.0000;-800.2500;0.0000;6.8165;1.0000;0.0000;0.0000;0.0000;0.0000
1601;765.69;792.6500;3058.8500;2915.6500;2123.0000;93.6811;0.0283;0.0000;-792.6500;0.0000;6.8165;0.0000;-792.6500;0.0000;6.8165;1.0000;0.0000;0.0000;0.0000;0.0000
1602;765.94;801.8500;3002.6500;2861.0500;2059.2000;93.5660;0.0289;0.0000;-801.8500;0.0000;6.8165;0.0000;-801.8500;0.0000;6.8165;1.0000;0.0000;0.0000;0.0000;0.0000
1603;766.20;782.3500;2862.0500;2741.2500;1958.9000;94.1915;0.0260;0.0000;-782.3500;0.0000;6.8165;0.0000;-782.3500;0.0000;6.8165;1.0000;0.0000;0.0000;0.0000;0.0000
1604;766.45;773.7000;2696.7000;2586.1000;1812.4000;94.2486;0.0257;0.0000;-773.7000;0.0000;6.8165;0.0000;-773.7000;0.0000;6.8165;1.0000;0.0000;0.0000;0.0000;0.0000
1605;766.71;785.0500;2638.3000;2478.8500;1693.8000;91.3962;0.0391;0.0000;-785.0500;0.0000;6.8165;0.0000;-785.0500;0.0000;6.8165;1.0000;0.0000;0.0000;0.0000;0.0000
1606;766.97;795.0500;2563.6500;2421.9000;1626.8500;91.9852;0.0363;0.0000;-795.0500;0.0000;6.8165;0.0000;-795.0500;0.0000;6.8165;1.0000;0.0000;0.0000;0.0000;0.0000
1607;767.22;796.9000;2436.2500;2284.8000;1487.9000;90.7616;0.0421;0.0000;-796.9000;0.0000;6.8165;0.0000;-796.9000;0.0000;6.8165;1.0000;0.0000;0.0000;0.0000;0.0000
1608;767.48;797.8000;2304.8500;2180.5500;1382.7500;91.7521;0.0374;0.0000;-797.8000;0.0000;6.8165;0.0000;-797.8000;0.0000;6.8165;1.0000;0.0000;0.0000;0.0000;0.0000
1609;767.73;802.3500;2260.6500;2100.2000;1297.8500;88.9975;0.0506;0.0000;-802.3500;0.0000;6.8165;0.0000;-802.3500;0.0000;6.8165;1.0000;0.0000;0.0000;0.0000;0.0000
1610;767.99;797.5000;2191.0000;2035.7000;1238.2000;88.8554;0.0513;0.0000;-797.5000;0.0000;6.8165;0.0000;-797.5000;0.0000;6.8165;1.0000;0.0000;0.0000;0.0000;0.0000
1611;768.24;790.2000;2140.5000;1984.3500;1194.1500;88.4359;0.0534;0.0000;-790.2000;0.0000;6.8165;0.0000;-790.2000;0.0000;6.8165;1.0000;0.0000;0.0000;0.0000;0.0000
1612;768.50;792.5000;2083.9500;1926.8500;1134.3500;87.8354;0.0563;0.0000;-792.5000;0.0000;6.8165;0.0000;-792.5000;0.0000;6.8165;1.0000;0.0000;0.0000;0.0000;0.0000
1613;768.75;788.7500;2021.6000;1904.2000;1115.4500;90.4773;0.0435;0.0000;-788.7500;0.0000;6.8165;0.0000;-788.7500;0.0000;6.8165;1.0000;0.0000;0.0000;0.0000;0.0000
1614;769.01;793.7000;2000.1000;1867.5500;1073.8500;89.0128;0.0505;0.0000;-793.7000;0.0000;6.8165;0.0000;-793.7000;0.0000;6.8165;1.0000;0.0000;0.0000;0.0000;0.0000
1615;769.26;790.1500;1940.5000;1812.0500;1021.9000;88.8338;0.0514;0.0000;-790.1500;0.0000;6.8165;0.0000;-790.1500;0.0000;6.8165;1.0000;0.0000;0.0000;0.0000;0.0000
1616;769.52;786.2500;1896.3000;1805.8000;1019.5500;91.8472;0.0369;0.0000;-786.2500;0.0000;6.8165;0.0000;-786.2500;0.0000;6.8165;1.0000;0.0000;0.0000;0.0000;0.0000
1617;769.77;773.3500;1893.6000;1763.2000;989.8500;88.3597;0.0537;0.0000;-773.3500;0.0000;6.8165;0.0000;-773.3500;0.0000;6.8165;1.0000;0.0000;0.0000;0.0000;0.0000
1618;770.03;785.2500;1861.8500;1739.8500;954.6000;88.6680;0.0522;0.0000;-785.2500;0.0000;6.8165;0.0000;-785.2500;0.0000;6.8165;1.0000;0.0000;0.0000;0.0000;0.0000
1619;770.28;784.9500;1828.2500;1694.2000;909.2500;87.1513;0.0597;0.0000;-784.9500;0.0000;6.8165;0.0000;-784.9500;0.0000;6.8165;1.0000;0.0000;0.0000;0.0000;0.0000
1620;770.54;801.1500;1799.6000;1690.9000;889.7500;89.1131;0.0501;0.0000;-801.1500;0.0000;6.8165;0.0000;-801.1500;0.0000;6.8165;1.0000;0.0000;0.0000;0.0000;0.0000
1621;770.79;799.5000;1810.5500;1678.5500;879.0500;86.9443;0.0608;0.0000;-799.5000;0.0000;6.8165;0.0000;-799.5000;0.0000;6.8165;1.0000;0.0000;0.0000;0.0000;0.0000
1622;771.04;789.3000;1787.9500;1670.3000;881.0000;88.2191;0.0544;0.0000;-789.3000;0.0000;6.8165;0.0000;-789.3000;0.0000;6.8165;1.0000;0.0000;0.0000;0.0000;0.0000
1623;771.30;796.7500;1774.7500;1650.4500;853.7000;87.2904;0.0590;0.0000;-796.7500;0.0000;6.8165;0.0000;-796.7500;0.0000;6.8165;1.0000;0.0000;0.0000;0.0000;0.0000
1624;771.55;787.6500;1758.1000;1621.1500;833.5000;85.8880;0.0661;0.0000;-787.6500;0.0000;6.8165;0.0000;-787.6500;0.0000;6.8165;1.0000;0.0000;0.0000;0.0000;0.0000
1625;771.81;790.8500;1706.4500;1603.7500;812.9000;88.7833;0.0517;0.0000;-790.8500;0.0000;6.8165;0.0000;-790.8500;0.0000;6.8165;1.0000;0.0000;0.0000;0.0000;0.0000
1626;772.06;782.2000;1699.2500;1573.9000;791.7000;86.3312;0.0638;0.0000;-782.2000;0.0000;6.8165;0.0000;-782.2000;0.0000;6.8165;1.0000;0.0000;0.0000;0.0000;0.0000
1627;772.31;787.2500;1681.5500;1553.0500;765.8000;85.6312;0.0674;0.0000;-787.2500;0.0000;6.8165;0.0000;-787.2500;0.0000;6.8165;1.0000;0.0000;0.0000;0.0000;0.0000
1628;772.57;780.8500;1675.8500;1542.0000;761.1500;85.0447;0.0704;0.0000;-780.8500;0.0000;6.8165;0.0000;-780.8500;0.0000;6.8165;1.0000;0.0000;0.0000;0.0000;0.0000
1629;772.82;787.5500;1681.8000;1540.3500;752.8000;84.1823;0.0748;0.0000;-787.5500;0.0000;6.8165;0.0000;-787.5500;0.0000;6.8165;1.0000;0.0000;0.0000;0.0000;0.0000
1630;773.07;778.3000;1655.0000;1519.1000;740.8000;84.4987;0.0732;0.0000;-778.3000;0.0000;6.8165;0.0000;-778.3000;0.0000;6.8165;1.0000;0.0000;0.0000;0.0000;0.0000
1631;773.33;785.7000;1635.6000;1511.7000;726.0000;85.4218;0.0684;0.0000;-785.7000;0.0000;6.8165;0.0000;-785.7000;0.0000;6.8165;1.0000;0.0000;0.0000;0.0000;0.0000
1632;773.58;795.8000;1621.8500;1495.1500;699.3500;84.6619;0.0723;0.0000;-795.8000;0.0000;6.8165;0.0000;-795.8000;0.0000;6.8165;1.0000;0.0000;0.0000;0.0000;0.0000
1633;773.83;787.7500;1609.5000;1482.9000;695.1500;84.5939;0.0727;0.0000;-787.7500;0.0000;6.8165;0.0000;-787.7500;0.0000;6.8165;1.0000;0.0000;0.0000;0.0000;0.0000
1634;774.09;773.4000;1601.9500;1485.2000;711.8000;85.9091;0.0660;0.0000;-773.4000;0.0000;6.8165;0.0000;-773.4000;0.0000;6.8165;1.0000;0.0000;0.0000;0.0000;0.0000
1635;774.34;782.4000;1577.2000;1455.8000;673.4000;84.7257;0.0720;0.0000;-782.4000;0.0000;6.8165;0.0000;-782.4000;0.0000;6.8165;1.0000;0.0000;0.0000;0.0000;0.0000
1636;774.59;778.3000;1563.3500;1445.8500;667.5500;85.0328;0.0704;0.0000;-778.3000;0.0000;6.8165;0.0000;-778.3000;0.0000;6.8165;1.0000;0.0000;0.0000;0.0000;0.0000
1637;774.85;771.0000;1547.0000;1436.6000;665.6000;85.7732;0.0666;0.0000;-771.0000;0.0000;6.8165;0.0000;-771.0000;0.0000;6.8165;1.0000;0.0000;0.0000;0.0000;0.0000
1638;775.10;793.4000;1549.4000;1436.8000;643.4000;85.1058;0.0700;0.0000;-793.4000;0.0000;6.8165;0.0000;-793.4000;0.0000;6.8165;1.0000;0.0000;0.0000;0.0000;0.0000
1639;775.35;791.9500;1554.9500;1424.5000;632.5500;82.9030;0.0814;0.0000;-791.9500;0.0000;6.8165;0.0000;-791.9500;0.0000;6.8165;1.0000;0.0000;0.0000;0.0000;0.0000
1640;775.60;788.3000;1519.3000;1399.4000;611.1000;83.5978;0.0778;0.0000;-788.3000;0.0000;6.8165;0.0000;-788.3000;0.0000;6.8165;1.0000;0.0000;0.0000;0.0000;0.0000
1641;775.85;791.1000;1522.9500;1399.3000;608.2000;83.1045;0.0804;0.0000;-791.1000;0.0000;6.8165;0.0000;-791.1000;0.0000;6.8165;1.0000;0.0000;0.0000;0.0000;0.0000
1642;776.11;787.4500;1513.9000;1389.5500;602.1000;82.8825;0.0815;0.0000;-787.4500;0.0000;6.8165;0.0000;-787.4500;0.0000;6.8165;1.0000;0.0000;0.0000;0.0000;0.0000
1643;776.36;783.9500;1482.6500;1391.1500;607.2000;86.9043;0.0610;0.0000;-783.9500;0.0000;6.8165;0.0000;-783.9500;0.0000;6.8165;1.0000;0.0000;0.0000;0.0000;0.0000
1644;776.61;791.2500;1489.1000;1376.5500;585.3000;83.8719;0.0764;0.0000;-791.2500;0.0000;6.8165;0.0000;-791.2500;0.0000;6.8165;1.0000;0.0000;0.0000;0.0000;0.0000
1645;776.86;791.1000;1489.7000;1379.8000;588.7000;84.2685;0.0743;0.0000;-791.1000;0.0000;6.8165;0.0000;-791.1000;0.0000;6.8165;1.0000;0.0000;0.0000;0.0000;0.0000
1646;777.11;772.6500;1494.1000;1375.6500;603.0000;83.5817;0.0779;0.0000;-772.6500;0.0000;6.8165;0.0000;-772.6500;0.0000;6.8165;1.0000;0.0000;0.0000;0.0000;0.0000
1647;777.37;789.9000;1483.7000;1378.4500;588.5500;84.8299;0.0715;0.0000;-789.9000;0.0000;6.8165;0.0000;-789.9000;0.0000;6.8165;1.0000;0.0000;0.0000;0.0000;0.0000
1648;777.62;788.8000;1482.7000;1366.9500;578.1500;83.3189;0.0793;0.0000;-788.8000;0.0000;6.8165;0.0000;-788.8000;0.0000;6.8165;1.0000;0.0000;0.0000;0.0000;0.0000
1649;777.87;795.8500;1466.6500;1356.1000;560.2500;83.5197;0.0782;0.0000;-795.8500;0.0000;6.8165;0.0000;-795.8500;0.0000;6.8165;1.0000;0.0000;0.0000;0.0000;0.0000
1650;778.12;787.2500;1463.9500;1348.8000;561.5500;82.9836;0.0810;0.0000;-787.2500;0.0000;6.8165;0.0000;-787.2500;0.0000;6.8165;1.0000;0.0000;0.0000;0.0000;0.0000
1651;778.37;791.1000;1448.1500;1313.8000;522.7000;79.5525;0.0993;0.0000;-791.1000;0.0000;6.8165;0.0000;-791.1000;0.0000;6.8165;1.0000;0.0000;0.0000;0.0000;0.0000
1652;778.62;787.1000;1439.4000;1333.8000;546.7000;83.8111;0.0767;0.0000;-787.1000;0.0000;6.8165;0.0000;-787.1000;0.0000;6.8165;1.0000;0.0000;0.0000;0.0000;0.0000
1653;778.87;786.5500;1441.3500;1339.4500;552.9000;84.4380;0.0735;0.0000;-786.5500;0.0000;6.8165;0.0000;-786.5500;0.0000;6.8165;1.0000;0.0000;0.0000;0.0000;0.0000
1654;779.12;788.5000;1434.1000;1327.0500;538.5500;83.4185;0.0787;0.0000;-788.5000;0.0000;6.8165;0.0000;-788.5000;0.0000;6.8165;1.0000;0.0000;0.0000;0.0000;0.0000
1655;779.38;793.3000;1424.8500;1302.6500;509.3500;80.6508;0.0934;0.0000;-793.3000;0.0000;6.8165;0.0000;-793.3000;0.0000;6.8165;1.0000;0.0000;0.0000;0.0000;0.0000
1656;779.63;794.7000;1434.2000;1313.0500;518.3500;81.0555;0.0912;0.0000;-794.7000;0.0000;6.8165;0.0000;-794.7000;0.0000;6.8165;1.0000;0.0000;0.0000;0.0000;0.0000
1657;779.88;782.5000;1439.4000;1307.0500;524.5500;79.8523;0.0977;0.0000;-782.5000;0.0000;6.8165;0.0000;-782.5000;0.0000;6.8165;1.0000;0.0000;0.0000;0.0000;0.0000
1658;780.13;782.9500;1421.4000;1294.8500;511.9000;80.1786;0.0959;0.0000;-782.9500;0.0000;6.8165;0.0000;-782.9500;0.0000;6.8165;1.0000;0.0000;0.0000;0.0000;0.0000
1659;780.38;798.5000;1416.7000;1313.4000;514.9000;83.2902;0.0794;0.0000;-798.5000;0.0000;6.8165;0.0000;-798.5000;0.0000;6.8165;1.0000;0.0000;0.0000;0.0000;0.0000
1660;780.63;805.8500;1416.5500;1295.1000;489.2500;80.1130;0.0963;0.0000;-805.8500;0.0000;6.8165;0.0000;-805.8500;0.0000;6.8165;1.0000;0.0000;0.0000;0.0000;0.0000
1661;780.88;785.3000;1414.9000;1300.2000;514.9000;81.7821;0.0873;0.0000;-785.3000;0.0000;6.8165;0.0000;-785.3000;0.0000;6.8165;1.0000;0.0000;0.0000;0.0000;0.0000
1662;781.13;785.8000;1409.7000;1302.5000;516.7000;82.8178;0.0819;0.0000;-785.8000;0.0000;6.8165;0.0000;-785.8000;0.0000;6.8165;1.0000;0.0000;0.0000;0.0000;0.0000
1663;781.38;792.3500;1412.1000;1293.6000;501.2500;80.8794;0.0922;0.0000;-792.3500;0.0000;6.8165;0.0000;-792.3500;0.0000;6.8165;1.0000;0.0000;0.0000;0.0000;0.0000
1664;781.63;778.5000;1410.0000;1292.9000;514.4000;81.4568;0.0891;0.0000;-778.5000;0.0000;6.8165;0.0000;-778.5000;0.0000;6.8165;1.0000;0.0000;0.0000;0.0000;0.0000
1665;781.88;791.5000;1400.4500;1285.5000;494.0000;81.1232;0.0909;0.0000;-791.5000;0.0000;6.8165;0.0000;-791.5000;0.0000;6.8165;1.0000;0.0000;0.0000;0.0000;0.0000
1666;782.13;795.9500;1393.9000;1294.6000;498.6500;83.3933;0.0789;0.0000;-795.9500;0.0000;6.8165;0.0000;-795.9500;0.0000;6.8165;1.0000;0.0000;0.0000;0.0000;0.0000
1667;782.38;788.6500;1385.4500;1279.4000;490.7500;82.2302;0.0850;0.0000;-788.6500;0.0000;6.8165;0.0000;-788.6500;0.0000;6.8165;1.0000;0.0000;0.0000;0.0000;0.0000
1668;782.63;780.7500;1414.7500;1275.3500;494.6000;78.0126;0.1078;0.0000;-780.7500;0.0000;6.8165;0.0000;-780.7500;0.0000;6.8165;1.0000;0.0000;0.0000;0.0000;0.0000
1669;782.88;791.2000;1413.5500;1293.4500;502.2500;80.7022;0.0931;0.0000;-791.2000;0.0000;6.8165;0.0000;-791.2000;0.0000;6.8165;1.0000;0.0000;0.0000;0.0000;0.0000
1670;783.13;789.2000;1398.6500;1302.9500;513.7500;84.2973;0.0742;0.0000;-789.2000;0.0000;6.8165;0.0000;-789.2000;0.0000;6.8165;1.0000;0.0000;0.0000;0.0000;0.0000
1671;783.38;792.5000;1395.3500;1285.0500;492.5500;81.7036;0.0878;0.0000;-792.5000;0.0000;6.8165;0.0000;-792.5000;0.0000;6.8165;1.0000;0.0000;0.0000;0.0000;0.0000
1672;783.62;803.2500;1396.1000;1287.7500;484.5000;81.7239;0.0877;0.0000;-803.2500;0.0000;6.8165;0.0000;-803.2500;0.0000;6.8165;1.0000;0.0000;0.0000;0.0000;0.0000
1673;783.87;792.3500;1397.4500;1289.1000;496.7500;82.0939;0.0857;0.0000;-792.3500;0.0000;6.8165;0.0000;-792.3500;0.0000;6.8165;1.0000;0.0000;0.0000;0.0000;0.0000
1674;784.12;774.2000;1404.6500;1289.1000;514.9000;81.6718;0.0879;0.0000;-774.2000;0.0000;6.8165;0.0000;-774.2000;0.0000;6.8165;1.0000;0.0000;0.0000;0.0000;0.0000
1675;784.37;784.0500;1421.4000;1266.0000;481.9500;75.6178;0.1214;0.0000;-784.0500;0.0000;6.8165;0.0000;-784.0500;0.0000;6.8165;1.0000;0.0000;0.0000;0.0000;0.0000
1676;784.62;783.2000;1409.8000;1289.3500;506.1500;80.7772;0.0927;0.0000;-783.2000;0.0000;6.8165;0.0000;-783.2000;0.0000;6.8165;1.0000;0.0000;0.0000;0.0000;0.0000
1677;784.87;788.6000;1420.5000;1306.5500;517.9500;81.9671;0.0864;0.0000;-788.6000;0.0000;6.8165;0.0000;-788.6000;0.0000;6.8165;1.0000;0.0000;0.0000;0.0000;0.0000
1678;785.12;799.4500;1418.2500;1283.2500;483.8000;78.1836;0.1069;0.0000;-799.4500;0.0000;6.8165;0.0000;-799.4500;0.0000;6.8165;1.0000;0.0000;0.0000;0.0000;0.0000
1679;785.37;794.6500;1417.6000;1273.6500;479.0000;76.8922;0.1141;0.0000;-794.6500;0.0000;6.8165;0.0000;-794.6500;0.0000;6.8165;1.0000;0.0000;0.0000;0.0000;0.0000
1680;785.61;787.8000;1405.0500;1267.7000;479.9000;77.7481;0.1093;0.0000;-787.8000;0.0000;6.8165;0.0000;-787.8000;0.0000;6.8165;1.0000;0.0000;0.0000;0.0000;0.0000
1681;785.86;785.6500;1404.1000;1278.3000;492.6500;79.6588;0.0988;0.0000;-785.6500;0.0000;6.8165;0.0000;-785.6500;0.0000;6.8165;1.0000;0.0000;0.0000;0.0000;0.0000
1682;786.11;790.4000;1402.0500;1276.0500;485.6500;79.4000;0.1002;0.0000;-790.4000;0.0000;6.8165;0.0000;-790.4000;0.0000;6.8165;1.0000;0.0000;0.0000;0.0000;0.0000
1683;786.36;794.3000;1423.3500;1254.6000;460.3000;73.1738;0.1356;0.0000;-794.3000;0.0000;6.8165;0.0000;-794.3000;0.0000;6.8165;1.0000;0.0000;0.0000;0.0000;0.0000
1684;786.61;800.1500;1394.8000;1265.4500;465.3000;78.2477;0.1065;0.0000;-800.1500;0.0000;6.8165;0.0000;-800.1500;0.0000;6.8165;1.0000;0.0000;0.0000;0.0000;0.0000
1685;786.85;800.5000;1418.5500;1259.1500;458.6500;74.2092;0.1295;0.0000;-800.5000;0.0000;6.8165;0.0000;-800.5000;0.0000;6.8165;1.0000;0.0000;0.0000;0.0000;0.0000
1686;787.10;784.9000;1383.4500;1248.7000;463.8000;77.4873;0.1108;0.0000;-784.9000;0.0000;6.8165;0.0000;-784.9000;0.0000;6.8165;1.0000;0.0000;0.0000;0.0000;0.0000
1687;787.35;780.7000;1412.3500;1241.9000;461.2000;73.0151;0.1366;0.0000;-780.7000;0.0000;6.8165;0.0000;-780.7000;0.0000;6.8165;1.0000;0.0000;0.0000;0.0000;0.0000
1688;787.60;777.3500;1394.9500;1258.1500;480.8000;77.8497;0.1087;0.0000;-777.3500;0.0000;6.8165;0.0000;-777.3500;0.0000;6.8165;1.0000;0.0000;0.0000;0.0000;0.0000
1689;787.84;785.0500;1382.4000;1268.8000;483.7500;80.9827;0.0916;0.0000;-785.0500;0.0000;6.8165;0.0000;-785.0500;0.0000;6.8165;1.0000;0.0000;0.0000;0.0000;0.0000
1690;788.09;783.5500;1400.2000;1267.0500;483.5000;78.4075;0.1056;0.0000;-783.5500;0.0000;6.8165;0.0000;-783.5500;0.0000;6.8165;1.0000;0.0000;0.0000;0.0000;0.0000
1691;788.34;793.1000;1397.2000;1269.6500;476.5500;78.8859;0.1030;0.0000;-793.1000;0.0000;6.8165;0.0000;-793.1000;0.0000;6.8165;1.0000;0.0000;0.0000;0.0000;0.0000
1692;788.59;778.6500;1382.8500;1265.1500;486.5000;80.5197;0.0941;0.0000;-778.6500;0.0000;6.8165;0.0000;-778.6500;0.0000;6.8165;1.0000;0.0000;0.0000;0.0000;0.0000
1693;788.83;777.0000;1376.0000;1271.0500;494.0500;82.4791;0.0837;0.0000;-777.0000;0.0000;6.8165;0.0000;-777.0000;0.0000;6.8165;1.0000;0.0000;0.0000;0.0000;0.0000
1694;789.08;782.9000;1390.4500;1276.2500;493.3500;81.2032;0.0904;0.0000;-782.9000;0.0000;6.8165;0.0000;-782.9000;0.0000;6.8165;1.0000;0.0000;0.0000;0.0000;0.0000
1695;789.33;798.4500;1412.5500;1281.7500;483.3000;78.7005;0.1040;0.0000;-798.4500;0.0000;6.8165;0.0000;-798.4500;0.0000;6.8165;1.0000;0.0000;0.0000;0.0000;0.0000
1696;789.57;777.2500;1422.4000;1285.6000;508.3500;78.7956;0.1035;0.0000;-777.2500;0.0000;6.8165;0.0000;-777.2500;0.0000;6.8165;1.0000;0.0000;0.0000;0.0000;0.0000
1697;789.82;798.1000;1431.5500;1289.7500;491.6500;77.6146;0.1101;0.0000;-798.1000;0.0000;6.8165;0.0000;-798.1000;0.0000;6.8165;1.0000;0.0000;0.0000;0.0000;0.0000
1698;790.07;774.4000;1432.8500;1284.1500;509.7500;77.4167;0.1112;0.0000;-774.4000;0.0000;6.8165;0.0000;-774.4000;0.0000;6.8165;1.0000;0.0000;0.0000;0.0000;0.0000
1699;790.31;782.2500;1442.0000;1280.5000;498.2500;75.5210;0.1219;0.0000;-782.2500;0.0000;6.8165;0.0000;-782.2500;0.0000;6.8165;1.0000;0.0000;0.0000;0.0000;0.0000
1700;790.56;780.4500;1449.4000;1289.7000;509.2500;76.1268;0.1185;0.0000;-780.4500;0.0000;6.8165;0.0000;-780.4500;0.0000;6.8165;1.0000;0.0000;0.0000;0.0000;0.0000
1701;790.80;784.9500;1425.8500;1293.5500;508.6000;79.3572;0.1004;0.0000;-784.9500;0.0000;6.8165;0.0000;-784.9500;0.0000;6.8165;1.0000;0.0000;0.0000;0.0000;0.0000
1702;791.05;790.3000;1434.0000;1271.7000;481.4000;74.7864;0.1262;0.0000;-790.3000;0.0000;6.8165;0.0000;-790.3000;0.0000;6.8165;1.0000;0.0000;0.0000;0.0000;0.0000
1703;791.30;778.1000;1420.1000;1264.9000;486.8000;75.8255;0.1202;0.0000;-778.1000;0.0000;6.8165;0.0000;-778.1000;0.0000;6.8165;1.0000;0.0000;0.0000;0.0000;0.0000
1704;791.54;783.5000;1413.1000;1281.0500;497.5500;79.0264;0.1022;0.0000;-783.5000;0.0000;6.8165;0.0000;-783.5000;0.0000;6.8165;1.0000;0.0000;0.0000;0.0000;0.0000
1705;791.79;790.8500;1407.6500;1254.6000;463.7500;75.1864;0.1239;0.0000;-790.8500;0.0000;6.8165;0.0000;-790.8500;0.0000;6.8165;1.0000;0.0000;0.0000;0.0000;0.0000
1706;792.03;777.5000;1402.8000;1250.3000;472.8000;75.6117;0.1214;0.0000;-777.5000;0.0000;6.8165;0.0000;-777.5000;0.0000;6.8165;1.0000;0.0000;0.0000;0.0000;0.0000
1707;792.28;791.0500;1371.7000;1227.5500;436.5000;75.1744;0.1239;0.0000;-791.0500;0.0000;6.8165;0.0000;-791.0500;0.0000;6.8165;1.0000;0.0000;0.0000;0.0000;0.0000
1708;792.53;781.1500;1353.8500;1219.7500;438.6000;76.5846;0.1159;0.0000;-781.1500;0.0000;6.8165;0.0000;-781.1500;0.0000;6.8165;1.0000;0.0000;0.0000;0.0000;0.0000
1709;792.77;796.8500;1366.8500;1198.4000;401.5500;70.4474;0.1521;0.0000;-796.8500;0.0000;6.8165;0.0000;-796.8500;0.0000;6.8165;1.0000;0.0000;0.0000;0.0000;0.0000
1710;793.02;782.5000;1335.4500;1189.6500;407.1500;73.6323;0.1329;0.0000;-782.5000;0.0000;6.8165;0.0000;-782.5000;0.0000;6.8165;1.0000;0.0000;0.0000;0.0000;0.0000
1711;793.26;792.2000;1331.2000;1183.9000;391.7000;72.6716;0.1386;0.0000;-792.2000;0.0000;6.8165;0.0000;-792.2000;0.0000;6.8165;1.0000;0.0000;0.0000;0.0000;0.0000
1712;793.51;785.5500;1340.4000;1169.2000;383.6500;69.1448;0.1602;0.0000;-785.5500;0.0000;6.8165;0.0000;-785.5500;0.0000;6.8165;1.0000;0.0000;0.0000;0.0000;0.0000
1713;793.75;782.6500;1299.7000;1163.9500;381.3000;73.7453;0.1323;0.0000;-782.6500;0.0000;6.8165;0.0000;-782.6500;0.0000;6.8165;1.0000;0.0000;0.0000;0.0000;0.0000
1714;794.00;796.6500;1312.4500;1148.5000;351.8500;68.2144;0.1661;0.0000;-796.6500;0.0000;6.8165;0.0000;-796.6500;0.0000;6.8165;1.0000;0.0000;0.0000;0.0000;0.0000
1715;794.24;779.6000;1310.6000;1129.0500;349.4500;65.8098;0.1817;0.0000;-779.6000;0.0000;6.8165;0.0000;-779.6000;0.0000;6.8165;1.0000;0.0000;0.0000;0.0000;0.0000
1716;794.49;780.5000;1294.2000;1138.7000;358.2000;69.7294;0.1566;0.0000;-780.5000;0.0000;6.8165;0.0000;-780.5000;0.0000;6.8165;1.0000;0.0000;0.0000;0.0000;0.0000
1717;794.73;780.2500;1273.8000;1124.8500;344.6000;69.8207;0.1560;0.0000;-780.2500;0.0000;6.8165;0.0000;-780.2500;0.0000;6.8165;1.0000;0.0000;0.0000;0.0000;0.0000
1718;794.97;783.3500;1284.2000;1121.4500;338.1000;67.5052;0.1707;0.0000;-783.3500;0.0000;6.8165;0.0000;-783.3500;0.0000;6.8165;1.0000;0.0000;0.0000;0.0000;0.0000
1719;795.22;788.0000;1269.9000;1115.8500;327.8500;68.0328;0.1673;0.0000;-788.0000;0.0000;6.8165;0.0000;-788.0000;0.0000;6.8165;1.0000;0.0000;0.0000;0.0000;0.0000
1720;795.46;793.3500;1265.9500;1109.9000;316.5500;66.9805;0.1741;0.0000;-793.3500;0.0000;6.8165;0.0000;-793.3500;0.0000;6.8165;1.0000;0.0000;0.0000;0.0000;0.0000
1721;795.71;794.1500;1237.4000;1098.8000;304.6500;68.7310;0.1628;0.0000;-794.1500;0.0000;6.8165;0.0000;-794.1500;0.0000;6.8165;1.0000;0.0000;0.0000;0.0000;0.0000
1722;795.95;790.9000;1248.2000;1102.5500;311.6500;68.1500;0.1665;0.0000;-790.9000;0.0000;6.8165;0.0000;-790.9000;0.0000;6.8165;1.0000;0.0000;0.0000;0.0000;0.0000
1723;796.19;796.8500;1233.8500;1093.4500;296.6000;67.8719;0.1683;0.0000;-796.8500;0.0000;6.8165;0.0000;-796.8500;0.0000;6.8165;1.0000;0.0000;0.0000;0.0000;0.0000
1724;796.44;789.5500;1236.3500;1098.3500;308.8000;69.1137;0.1604;0.0000;-789.5500;0.0000;6.8165;0.0000;-789.5500;0.0000;6.8165;1.0000;0.0000;0.0000;0.0000;0.0000
1725;796.68;789.0500;1245.8500;1079.7000;290.6500;63.6274;0.1964;0.0000;-789.0500;0.0000;6.8165;0.0000;-789.0500;0.0000;6.8165;1.0000;0.0000;0.0000;0.0000;0.0000
1726;796.93;782.7000;1228.1500;1074.1500;291.4500;65.4282;0.1842;0.0000;-782.7000;0.0000;6.8165;0.0000;-782.7000;0.0000;6.8165;1.0000;0.0000;0.0000;0.0000;0.0000
1727;797.17;789.5500;1231.4500;1069.2500;279.7000;63.2949;0.1986;0.0000;-789.5500;0.0000;6.8165;0.0000;-789.5500;0.0000;6.8165;1.0000;0.0000;0.0000;0.0000;0.0000
1728;797.41;798.6000;1239.1500;1062.8000;264.2000;59.9705;0.2221;0.0000;-798.6000;0.0000;6.8165;0.0000;-798.6000;0.0000;6.8165;1.0000;0.0000;0.0000;0.0000;0.0000
1729;797.66;787.1500;1239.9000;1061.4500;274.3000;60.5853;0.2176;0.0000;-787.1500;0.0000;6.8165;0.0000;-787.1500;0.0000;6.8165;1.0000;0.0000;0.0000;0.0000;0.0000
1730;797.90;785.6000;1231.7000;1054.7500;269.1500;60.3340;0.2194;0.0000;-785.6000;0.0000;6.8165;0.0000;-785.6000;0.0000;6.8165;1.0000;0.0000;0.0000;0.0000;0.0000
1731;798.14;783.6000;1218.8000;1050.0000;266.4000;61.2132;0.2132;0.0000;-783.6000;0.0000;6.8165;0.0000;-783.6000;0.0000;6.8165;1.0000;0.0000;0.0000;0.0000;0.0000
1732;798.39;796.5500;1216.8500;1046.3500;249.8000;59.4337;0.2260;0.0000;-796.5500;0.0000;6.8165;0.0000;-796.5500;0.0000;6.8165;1.0000;0.0000;0.0000;0.0000;0.0000
1733;798.63;783.3000;1223.7500;1053.4500;270.1500;61.3350;0.2123;0.0000;-783.3000;0.0000;6.8165;0.0000;-783.3000;0.0000;6.8165;1.0000;0.0000;0.0000;0.0000;0.0000
1734;798.87;796.6500;1226.5000;1036.6000;239.9500;55.8218;0.2532;0.0000;-796.6500;0.0000;6.8165;0.0000;-796.6500;0.0000;6.8165;1.0000;0.0000;0.0000;0.0000;0.0000
1735;799.11;790.4000;1203.2500;1041.7000;251.3000;60.8696;0.2156;0.0000;-790.4000;0.0000;6.8165;0.0000;-790.4000;0.0000;6.8165;1.0000;0.0000;0.0000;0.0000;0.0000
1736;799.36;792.7500;1214.7500;1018.4500;225.7000;53.4834;0.2718;0.0000;-792.7500;0.0000;6.8165;0.0000;-792.7500;0.0000;6.8165;1.0000;0.0000;0.0000;0.0000;0.0000
1737;799.60;785.8000;1203.0500;1040.8500;255.0500;61.1264;0.2138;0.0000;-785.8000;0.0000;6.8165;0.0000;-785.8000;0.0000;6.8165;1.0000;0.0000;0.0000;0.0000;0.0000
1738;799.84;795.2500;1194.5000;1018.1000;222.8500;55.8172;0.2532;0.0000;-795.2500;0.0000;6.8165;0.0000;-795.2500;0.0000;6.8165;1.0000;0.0000;0.0000;0.0000;0.0000
1739;800.08;787.8500;1185.0500;1007.9000;220.0500;55.4003;0.2565;0.0000;-787.8500;0.0000;6.8165;0.0000;-787.8500;0.0000;6.8165;1.0000;0.0000;0.0000;0.0000;0.0000
1740;800.33;794.3000;1178.1500;1018.4500;224.1500;58.3952;0.2336;0.0000;-794.3000;0.0000;6.8165;0.0000;-794.3000;0.0000;6.8165;1.0000;0.0000;0.0000;0.0000;0.0000
1741;800.57;774.6500;1167.6000;1016.5000;241.8500;61.5473;0.2108;0.0000;-774.6500;0.0000;6.8165;0.0000;-774.6500;0.0000;6.8165;1.0000;0.0000;0.0000;0.0000;0.0000
1742;800.81;797.9000;1176.1000;1007.9500;210.0500;55.5394;0.2554;0.0000;-797.9000;0.0000;6.8165;0.0000;-797.9000;0.0000;6.8165;1.0000;0.0000;0.0000;0.0000;0.0000
1743;801.05;788.6000;1171.5000;992.6000;204.0000;53.2776;0.2735;0.0000;-788.6000;0.0000;6.8165;0.0000;-788.6000;0.0000;6.8165;1.0000;0.0000;0.0000;0.0000;0.0000
1744;801.29;785.2000;1159.0000;997.6500;212.4500;56.8352;0.2454;0.0000;-785.2000;0.0000;6.8165;0.0000;-785.2000;0.0000;6.8165;1.0000;0.0000;0.0000;0.0000;0.0000
1745;801.54;788.5000;1199.9500;997.1000;208.6000;50.6987;0.2950;0.0000;-788.5000;0.0000;6.8165;0.0000;-788.5000;0.0000;6.8165;1.0000;0.0000;0.0000;0.0000;0.0000
1746;801.78;787.4000;1168.4000;986.8500;199.4500;52.3491;0.2811;0.0000;-787.4000;0.0000;6.8165;0.0000;-787.4000;0.0000;6.8165;1.0000;0.0000;0.0000;0.0000;0.0000
1747;802.02;792.8500;1178.7000;998.2000;205.3500;53.2202;0.2739;0.0000;-792.8500;0.0000;6.8165;0.0000;-792.8500;0.0000;6.8165;1.0000;0.0000;0.0000;0.0000;0.0000
1748;802.26;792.0500;1164.5500;983.2000;191.1500;51.3154;0.2898;0.0000;-792.0500;0.0000;6.8165;0.0000;-792.0500;0.0000;6.8165;1.0000;0.0000;0.0000;0.0000;0.0000
1749;802.50;793.3500;1157.7000;976.1500;182.8000;50.1715;0.2995;0.0000;-793.3500;0.0000;6.8165;0.0000;-793.3500;0.0000;6.8165;1.0000;0.0000;0.0000;0.0000;0.0000
1750;802.74;785.2000;1152.7500;960.0000;174.8000;47.5582;0.3228;0.0000;-785.2000;0.0000;6.8165;0.0000;-785.2000;0.0000;6.8165;1.0000;0.0000;0.0000;0.0000;0.0000
1751;802.98;786.0500;1168.0500;972.6500;186.6000;48.8482;0.3112;0.0000;-786.0500;0.0000;6.8165;0.0000;-786.0500;0.0000;6.8165;1.0000;0.0000;0.0000;0.0000;0.0000
1752;803.22;795.1000;1149.8000;980.4000;185.3000;52.2413;0.2820;0.0000;-795.1000;0.0000;6.8165;0.0000;-795.1000;0.0000;6.8165;1.0000;0.0000;0.0000;0.0000;0.0000
1753;803.47;792.2500;1142.4000;973.2000;180.9500;51.6779;0.2867;0.0000;-792.2500;0.0000;6.8165;0.0000;-792.2500;0.0000;6.8165;1.0000;0.0000;0.0000;0.0000;0.0000
1754;803.71;787.0500;1138.3500;976.3000;189.2500;53.8713;0.2686;0.0000;-787.0500;0.0000;6.8165;0.0000;-787.0500;0.0000;6.8165;1.0000;0.0000;0.0000;0.0000;0.0000
1755;803.95;793.5500;1152.9000;958.3000;164.7500;45.8467;0.3387;0.0000;-793.5500;0.0000;6.8165;0.0000;-793.5500;0.0000;6.8165;1.0000;0.0000;0.0000;0.0000;0.0000
1756;804.19;782.4000;1145.3000;966.6500;184.2500;50.7716;0.2944;0.0000;-782.4000;0.0000;6.8165;0.0000;-782.4000;0.0000;6.8165;1.0000;0.0000;0.0000;0.0000;0.0000
1757;804.43;778.9000;1160.3500;965.4500;186.5500;48.9055;0.3106;0.0000;-778.9000;0.0000;6.8165;0.0000;-778.9000;0.0000;6.8165;1.0000;0.0000;0.0000;0.0000;0.0000
1758;804.67;796.8500;1155.5000;966.5000;169.6500;47.3024;0.3251;0.0000;-796.8500;0.0000;6.8165;0.0000;-796.8500;0.0000;6.8165;1.0000;0.0000;0.0000;0.0000;0.0000
1759;804.91;784.0000;1141.4500;967.8000;183.8000;51.4198;0.2889;0.0000;-784.0000;0.0000;6.8165;0.0000;-784.0000;0.0000;6.8165;1.0000;0.0000;0.0000;0.0000;0.0000
1760;805.15;796.6000;1133.3500;959.9500;163.3500;48.5078;0.3142;0.0000;-796.6000;0.0000;6.8165;0.0000;-796.6000;0.0000;6.8165;1.0000;0.0000;0.0000;0.0000;0.0000
1761;805.39;793.4500;1143.2000;945.1000;151.6500;43.3595;0.3629;0.0000;-793.4500;0.0000;6.8165;0.0000;-793.4500;0.0000;6.8165;1.0000;0.0000;0.0000;0.0000;0.0000
1762;805.63;782.9000;1135.8000;947.0000;164.1000;46.5004;0.3325;0.0000;-782.9000;0.0000;6.8165;0.0000;-782.9000;0.0000;6.8165;1.0000;0.0000;0.0000;0.0000;0.0000
1763;805.87;786.1000;1126.6500;938.1500;152.0500;44.6484;0.3502;0.0000;-786.1000;0.0000;6.8165;0.0000;-786.1000;0.0000;6.8165;1.0000;0.0000;0.0000;0.0000;0.0000
1764;806.11;782.7000;1132.3500;944.6000;161.9000;46.3034;0.3344;0.0000;-782.7000;0.0000;6.8165;0.0000;-782.7000;0.0000;6.8165;1.0000;0.0000;0.0000;0.0000;0.0000
1765;806.35;799.4000;1144.7000;941.4500;142.0500;41.1381;0.3858;0.0000;-799.4000;0.0000;6.8165;0.0000;-799.4000;0.0000;6.8165;1.0000;0.0000;0.0000;0.0000;0.0000
1766;806.59;793.4000;1130.2500;939.1500;145.7500;43.2685;0.3638;0.0000;-793.4000;0.0000;6.8165;0.0000;-793.4000;0.0000;6.8165;1.0000;0.0000;0.0000;0.0000;0.0000
1767;806.83;786.7000;1131.0500;959.5000;172.8000;50.1815;0.2995;0.0000;-786.7000;0.0000;6.8165;0.0000;-786.7000;0.0000;6.8165;1.0000;0.0000;0.0000;0.0000;0.0000
1768;807.07;789.6000;1119.9000;941.5000;151.9000;45.9885;0.3374;0.0000;-789.6000;0.0000;6.8165;0.0000;-789.6000;0.0000;6.8165;1.0000;0.0000;0.0000;0.0000;0.0000
1769;807.31;796.3000;1155.2500;954.0000;157.7000;43.9337;0.3572;0.0000;-796.3000;0.0000;6.8165;0.0000;-796.3000;0.0000;6.8165;1.0000;0.0000;0.0000;0.0000;0.0000
1770;807.54;787.8500;1130.5000;933.6500;145.8000;42.5507;0.3711;0.0000;-787.8500;0.0000;6.8165;0.0000;-787.8500;0.0000;6.8165;1.0000;0.0000;0.0000;0.0000;0.0000
1771;807.78;787.0000;1114.0500;946.2000;159.2000;48.6776;0.3127;0.0000;-787.0000;0.0000;6.8165;0.0000;-787.0000;0.0000;6.8165;1.0000;0.0000;0.0000;0.0000;0.0000
1772;808.02;802.7500;1127.4500;952.5000;149.7500;46.1195;0.3361;0.0000;-802.7500;0.0000;6.8165;0.0000;-802.7500;0.0000;6.8165;1.0000;0.0000;0.0000;0.0000;0.0000
1773;808.26;802.1000;1130.5500;937.3500;135.2500;41.1783;0.3853;0.0000;-802.1000;0.0000;6.8165;0.0000;-802.1000;0.0000;6.8165;1.0000;0.0000;0.0000;0.0000;0.0000
1774;808.50;803.5500;1136.1000;941.9500;138.4000;41.6178;0.3807;0.0000;-803.5500;0.0000;6.8165;0.0000;-803.5500;0.0000;6.8165;1.0000;0.0000;0.0000;0.0000;0.0000
1775;808.74;785.7000;1132.8500;935.9000;150.2000;43.2666;0.3638;0.0000;-785.7000;0.0000;6.8165;0.0000;-785.7000;0.0000;6.8165;1.0000;0.0000;0.0000;0.0000;0.0000
1776;808.98;781.5500;1136.5000;932.7500;151.2000;42.5975;0.3706;0.0000;-781.5500;0.0000;6.8165;0.0000;-781.5500;0.0000;6.8165;1.0000;0.0000;0.0000;0.0000;0.0000
1777;809.22;788.1000;1107.8000;940.9000;152.8000;47.7948;0.3206;0.0000;-788.1000;0.0000;6.8165;0.0000;-788.1000;0.0000;6.8165;1.0000;0.0000;0.0000;0.0000;0.0000
1778;809.45;789.6000;1116.1000;923.7000;134.1000;41.0720;0.3865;0.0000;-789.6000;0.0000;6.8165;0.0000;-789.6000;0.0000;6.8165;1.0000;0.0000;0.0000;0.0000;0.0000
1779;809.69;793.2500;1151.6000;929.5500;136.3000;38.0354;0.4198;0.0000;-793.2500;0.0000;6.8165;0.0000;-793.2500;0.0000;6.8165;1.0000;0.0000;0.0000;0.0000;0.0000
1780;809.93;786.3000;1141.3500;918.3000;132.0000;37.1779;0.4297;0.0000;-786.3000;0.0000;6.8165;0.0000;-786.3000;0.0000;6.8165;1.0000;0.0000;0.0000;0.0000;0.0000
1781;810.17;774.4500;1144.1500;932.9500;158.5000;42.8726;0.3678;0.0000;-774.4500;0.0000;6.8165;0.0000;-774.4500;0.0000;6.8165;1.0000;0.0000;0.0000;0.0000;0.0000
1782;810.41;784.6500;1126.2500;930.0500;145.4000;42.5644;0.3710;0.0000;-784.6500;0.0000;6.8165;0.0000;-784.6500;0.0000;6.8165;1.0000;0.0000;0.0000;0.0000;0.0000
1783;810.64;788.5000;1123.4000;937.4500;148.9500;44.4760;0.3519;0.0000;-788.5000;0.0000;6.8165;0.0000;-788.5000;0.0000;6.8165;1.0000;0.0000;0.0000;0.0000;0.0000
1784;810.88;790.6000;1151.1500;939.1500;148.5500;41.2009;0.3851;0.0000;-790.6000;0.0000;6.8165;0.0000;-790.6000;0.0000;6.8165;1.0000;0.0000;0.0000;0.0000;0.0000
1785;811.12;799.4000;1141.0500;928.9000;129.5000;37.9043;0.4213;0.0000;-799.4000;0.0000;6.8165;0.0000;-799.4000;0.0000;6.8165;1.0000;0.0000;0.0000;0.0000;0.0000
1786;811.36;783.8500;1129.6000;939.0000;155.1500;44.8735;0.3480;0.0000;-783.8500;0.0000;6.8165;0.0000;-783.8500;0.0000;6.8165;1.0000;0.0000;0.0000;0.0000;0.0000
1787;811.59;776.9000;1142.2500;928.5000;151.6000;41.4945;0.3820;0.0000;-776.9000;0.0000;6.8165;0.0000;-776.9000;0.0000;6.8165;1.0000;0.0000;0.0000;0.0000;0.0000
1788;811.83;774.0500;1133.3500;929.4500;155.4000;43.2508;0.3640;0.0000;-774.0500;0.0000;6.8165;0.0000;-774.0500;0.0000;6.8165;1.0000;0.0000;0.0000;0.0000;0.0000
1789;812.07;785.2000;1137.5000;934.9000;149.7000;42.4922;0.3717;0.0000;-785.2000;0.0000;6.8165;0.0000;-785.2000;0.0000;6.8165;1.0000;0.0000;0.0000;0.0000;0.0000
1790;812.31;776.7000;1151.5000;940.4500;163.7500;43.6900;0.3596;0.0000;-776.7000;0.0000;6.8165;0.0000;-776.7000;0.0000;6.8165;1.0000;0.0000;0.0000;0.0000;0.0000
1791;812.54;780.9500;1143.6000;939.1500;158.2000;43.6233;0.3603;0.0000;-780.9500;0.0000;6.8165;0.0000;-780.9500;0.0000;6.8165;1.0000;0.0000;0.0000;0.0000;0.0000
1792;812.78;788.1000;1159.2000;926.9000;138.8000;37.4023;0.4271;0.0000;-788.1000;0.0000;6.8165;0.0000;-788.1000;0.0000;6.8165;1.0000;0.0000;0.0000;0.0000;0.0000
1793;813.02;783.6000;1164.5500;934.9500;151.3500;39.7296;0.4009;0.0000;-783.6000;0.0000;6.8165;0.0000;-783.6000;0.0000;6.8165;1.0000;0.0000;0.0000;0.0000;0.0000
1794;813.25;778.4500;1156.2000;922.6500;144.2000;38.1734;0.4182;0.0000;-778.4500;0.0000;6.8165;0.0000;-778.4500;0.0000;6.8165;1.0000;0.0000;0.0000;0.0000;0.0000
1795;813.49;773.4500;1162.8000;931.5500;158.1000;40.6061;0.3914;0.0000;-773.4500;0.0000;6.8165;0.0000;-773.4500;0.0000;6.8165;1.0000;0.0000;0.0000;0.0000;0.0000
1796;813.73;792.6000;1151.2500;935.3000;142.7000;39.7881;0.4002;0.0000;-792.6000;0.0000;6.8165;0.0000;-792.6000;0.0000;6.8165;1.0000;0.0000;0.0000;0.0000;0.0000
1797;813.96;782.2000;1164.7500;938.7000;156.5000;40.9097;0.3882;0.0000;-782.2000;0.0000;6.8165;0.0000;-782.2000;0.0000;6.8165;1.0000;0.0000;0.0000;0.0000;0.0000
1798;814.20;781.9000;1162.2500;924.1000;142.2000;37.3866;0.4273;0.0000;-781.9000;0.0000;6.8165;0.0000;-781.9000;0.0000;6.8165;1.0000;0.0000;0.0000;0.0000;0.0000
1799;814.44;783.6000;1161.9500;922.0000;138.4000;36.5799;0.4368;0.0000;-783.6000;0.0000;6.8165;0.0000;-783.6000;0.0000;6.8165;1.0000;0.0000;0.0000;0.0000;0.0000
1800;814.67;785.1000;1164.3000;930.0500;144.9500;38.2252;0.4177;0.0000;-785.1000;0.0000;6.8165;0.0000;-785.1000;0.0000;6.8165;1.0000;0.0000;0.0000;0.0000;0.0000
1801;814.91;773.6500;1174.9000;935.5000;161.8500;40.3364;0.3943;0.0000;-773.6500;0.0000;6.8165;0.0000;-773.6500;0.0000;6.8165;1.0000;0.0000;0.0000;0.0000;0.0000
1802;815.14;781.3000;1180.0500;944.8000;163.5000;41.0031;0.3872;0.0000;-781.3000;0.0000;6.8165;0.0000;-781.3000;0.0000;6.8165;1.0000;0.0000;0.0000;0.0000;0.0000
1803;815.38;783.5000;1173.7500;936.2500;152.7500;39.1416;0.4074;0.0000;-783.5000;0.0000;6.8165;0.0000;-783.5000;0.0000;6.8165;1.0000;0.0000;0.0000;0.0000;0.0000
1804;815.61;788.0500;1177.6500;942.9000;154.8500;39.7459;0.4007;0.0000;-788.0500;0.0000;6.8165;0.0000;-788.0500;0.0000;6.8165;1.0000;0.0000;0.0000;0.0000;0.0000
1805;815.85;792.2000;1174.5000;940.9500;148.7500;38.9092;0.4099;0.0000;-792.2000;0.0000;6.8165;0.0000;-792.2000;0.0000;6.8165;1.0000;0.0000;0.0000;0.0000;0.0000
1806;816.09;776.2000;1165.6000;933.0000;156.8000;40.2671;0.3950;0.0000;-776.2000;0.0000;6.8165;0.0000;-776.2000;0.0000;6.8165;1.0000;0.0000;0.0000;0.0000;0.0000
1807;816.32;779.3000;1181.7000;950.8000;171.5000;42.6193;0.3704;0.0000;-779.3000;0.0000;6.8165;0.0000;-779.3000;0.0000;6.8165;1.0000;0.0000;0.0000;0.0000;0.0000
1808;816.56;786.3000;1175.5500;945.8500;159.5500;40.9891;0.3873;0.0000;-786.3000;0.0000;6.8165;0.0000;-786.3000;0.0000;6.8165;1.0000;0.0000;0.0000;0.0000;0.0000
1809;816.79;791.8500;1188.9000;932.9000;141.0500;35.5245;0.4495;0.0000;-791.8500;0.0000;6.8165;0.0000;-791.8500;0.0000;6.8165;1.0000;0.0000;0.0000;0.0000;0.0000
1810;817.03;784.3500;1189.0000;947.6000;163.2500;40.3435;0.3942;0.0000;-784.3500;0.0000;6.8165;0.0000;-784.3500;0.0000;6.8165;1.0000;0.0000;0.0000;0.0000;0.0000
1811;817.26;803.2000;1184.3500;951.8000;148.6000;38.9873;0.4091;0.0000;-803.2000;0.0000;6.8165;0.0000;-803.2000;0.0000;6.8165;1.0000;0.0000;0.0000;0.0000;0.0000
1812;817.50;773.5500;1188.6500;957.2500;183.7000;44.2544;0.3540;0.0000;-773.5500;0.0000;6.8165;0.0000;-773.5500;0.0000;6.8165;1.0000;0.0000;0.0000;0.0000;0.0000
1813;817.73;784.6500;1192.6500;963.1000;178.4500;43.7377;0.3591;0.0000;-784.6500;0.0000;6.8165;0.0000;-784.6500;0.0000;6.8165;1.0000;0.0000;0.0000;0.0000;0.0000
1814;817.97;782.5500;1196.5500;950.0000;167.4500;40.4469;0.3931;0.0000;-782.5500;0.0000;6.8165;0.0000;-782.5500;0.0000;6.8165;1.0000;0.0000;0.0000;0.0000;0.0000
1815;818.20;798.1500;1202.8000;942.5500;144.4000;35.6852;0.4475;0.0000;-798.1500;0.0000;6.8165;0.0000;-798.1500;0.0000;6.8165;1.0000;0.0000;0.0000;0.0000;0.0000
1816;818.43;779.6500;1196.9000;958.8500;179.2000;42.9479;0.3671;0.0000;-779.6500;0.0000;6.8165;0.0000;-779.6500;0.0000;6.8165;1.0000;0.0000;0.0000;0.0000;0.0000
1817;818.67;790.3500;1213.1000;956.4500;166.1000;39.2904;0.4057;0.0000;-790.3500;0.0000;6.8165;0.0000;-790.3500;0.0000;6.8165;1.0000;0.0000;0.0000;0.0000;0.0000
1818;818.90;793.7500;1188.7000;971.0500;177.3000;44.8918;0.3478;0.0000;-793.7500;0.0000;6.8165;0.0000;-793.7500;0.0000;6.8165;1.0000;0.0000;0.0000;0.0000;0.0000
1819;819.14;788.9000;1204.5500;956.6500;167.7500;40.3585;0.3941;0.0000;-788.9000;0.0000;6.8165;0.0000;-788.9000;0.0000;6.8165;1.0000;0.0000;0.0000;0.0000;0.0000
1820;819.37;778.8000;1201.2500;954.1000;175.3000;41.4960;0.3820;0.0000;-778.8000;0.0000;6.8165;0.0000;-778.8000;0.0000;6.8165;1.0000;0.0000;0.0000;0.0000;0.0000
1821;819.61;786.7500;1223.9500;962.5500;175.8000;40.2104;0.3957;0.0000;-786.7500;0.0000;6.8165;0.0000;-786.7500;0.0000;6.8165;1.0000;0.0000;0.0000;0.0000;0.0000
1822;819.84;790.7500;1221.1500;972.8500;182.1000;42.3095;0.3736;0.0000;-790.7500;0.0000;6.8165;0.0000;-790.7500;0.0000;6.8165;1.0000;0.0000;0.0000;0.0000;0.0000
1823;820.07;788.8500;1212.8500;977.2500;188.4000;44.4340;0.3523;0.0000;-788.8500;0.0000;6.8165;0.0000;-788.8500;0.0000;6.8165;1.0000;0.0000;0.0000;0.0000;0.0000
1824;820.31;788.2500;1237.4500;981.5500;193.3000;43.0321;0.3662;0.0000;-788.2500;0.0000;6.8165;0.0000;-788.2500;0.0000;6.8165;1.0000;0.0000;0.0000;0.0000;0.0000
1825;820.54;783.2000;1218.2000;1005.7000;222.5000;51.1494;0.2912;0.0000;-783.2000;0.0000;6.8165;0.0000;-783.2000;0.0000;6.8165;1.0000;0.0000;0.0000;0.0000;0.0000
1826;820.77;785.8500;1229.8500;994.7500;208.9000;47.0495;0.3274;0.0000;-785.8500;0.0000;6.8165;0.0000;-785.8500;0.0000;6.8165;1.0000;0.0000;0.0000;0.0000;0.0000
1827;821.01;785.7000;1255.5500;1004.7000;219.0000;46.6106;0.3315;0.0000;-785.7000;0.0000;6.8165;0.0000;-785.7000;0.0000;6.8165;1.0000;0.0000;0.0000;0.0000;0.0000
1828;821.24;780.0500;1259.1000;1016.6000;236.5500;49.3790;0.3065;0.0000;-780.0500;0.0000;6.8165;0.0000;-780.0500;0.0000;6.8165;1.0000;0.0000;0.0000;0.0000;0.0000
1829;821.47;795.7500;1259.6000;1029.6500;233.9000;50.4258;0.2973;0.0000;-795.7500;0.0000;6.8165;0.0000;-795.7500;0.0000;6.8165;1.0000;0.0000;0.0000;0.0000;0.0000
1830;821.71;785.1000;1274.6500;1025.1500;240.0500;49.0348;0.3095;0.0000;-785.1000;0.0000;6.8165;0.0000;-785.1000;0.0000;6.8165;1.0000;0.0000;0.0000;0.0000;0.0000
1831;821.94;779.7000;1298.6000;1065.1500;285.4500;55.0106;0.2596;0.0000;-779.7000;0.0000;6.8165;0.0000;-779.7000;0.0000;6.8165;1.0000;0.0000;0.0000;0.0000;0.0000
1832;822.17;782.7500;1310.9500;1081.5000;298.7500;56.5600;0.2475;0.0000;-782.7500;0.0000;6.8165;0.0000;-782.7500;0.0000;6.8165;1.0000;0.0000;0.0000;0.0000;0.0000
1833;822.40;786.7000;1331.8000;1094.2000;307.5000;56.4117;0.2486;0.0000;-786.7000;0.0000;6.8165;0.0000;-786.7000;0.0000;6.8165;1.0000;0.0000;0.0000;0.0000;0.0000
1834;822.64;794.5000;1361.6500;1094.5500;300.0500;52.9049;0.2765;0.0000;-794.5000;0.0000;6.8165;0.0000;-794.5000;0.0000;6.8165;1.0000;0.0000;0.0000;0.0000;0.0000
1835;822.87;798.4500;1381.1500;1142.1000;343.6500;58.9755;0.2293;0.0000;-798.4500;0.0000;6.8165;0.0000;-798.4500;0.0000;6.8165;1.0000;0.0000;0.0000;0.0000;0.0000
1836;823.10;795.1000;1435.7000;1168.8500;373.7500;58.3437;0.2340;0.0000;-795.1000;0.0000;6.8165;0.0000;-795.1000;0.0000;6.8165;1.0000;0.0000;0.0000;0.0000;0.0000
1837;823.33;787.7000;1469.7500;1208.6000;420.9000;61.7110;0.2096;0.0000;-787.7000;0.0000;6.8165;0.0000;-787.7000;0.0000;6.8165;1.0000;0.0000;0.0000;0.0000;0.0000
1838;823.57;799.3000;1525.5500;1267.0500;467.7500;64.4062;0.1911;0.0000;-799.3000;0.0000;6.8165;0.0000;-799.3000;0.0000;6.8165;1.0000;0.0000;0.0000;0.0000;0.0000
1839;823.80;799.0500;1576.8500;1327.0000;527.9500;67.8773;0.1683;0.0000;-799.0500;0.0000;6.8165;0.0000;-799.0500;0.0000;6.8165;1.0000;0.0000;0.0000;0.0000;0.0000
1840;824.03;792.1500;1630.2500;1382.0500;589.9000;70.3854;0.1525;0.0000;-792.1500;0.0000;6.8165;0.0000;-792.1500;0.0000;6.8165;1.0000;0.0000;0.0000;0.0000;0.0000
1841;824.26;781.7500;1686.0500;1408.6000;626.8500;69.3188;0.1591;0.0000;-781.7500;0.0000;6.8165;0.0000;-781.7500;0.0000;6.8165;1.0000;0.0000;0.0000;0.0000;0.0000
1842;824.49;775.0000;1711.1000;1451.7000;676.7000;72.2893;0.1409;0.0000;-775.0000;0.0000;6.8165;0.0000;-775.0000;0.0000;6.8165;1.0000;0.0000;0.0000;0.0000;0.0000
1843;824.73;774.1500;1754.3000;1472.8500;698.7000;71.2850;0.1470;0.0000;-774.1500;0.0000;6.8165;0.0000;-774.1500;0.0000;6.8165;1.0000;0.0000;0.0000;0.0000;0.0000
1844;824.96;786.5500;1769.0500;1491.8000;705.2500;71.7812;0.1440;0.0000;-786.5500;0.0000;6.8165;0.0000;-786.5500;0.0000;6.8165;1.0000;0.0000;0.0000;0.0000;0.0000
1845;825.19;780.4000;1789.8000;1490.1000;709.7000;70.3091;0.1530;0.0000;-780.4000;0.0000;6.8165;0.0000;-780.4000;0.0000;6.8165;1.0000;0.0000;0.0000;0.0000;0.0000
1846;825.42;776.7000;1766.0500;1482.9500;706.2500;71.3853;0.1464;0.0000;-776.7000;0.0000;6.8165;0.0000;-776.7000;0.0000;6.8165;1.0000;0.0000;0.0000;0.0000;0.0000
1847;825.65;780.0000;1748.6500;1446.9000;666.9000;68.8484;0.1621;0.0000;-780.0000;0.0000;6.8165;0.0000;-780.0000;0.0000;6.8165;1.0000;0.0000;0.0000;0.0000;0.0000
1848;825.88;779.7500;1693.6500;1417.2000;637.4500;69.7505;0.1565;0.0000;-779.7500;0.0000;6.8165;0.0000;-779.7500;0.0000;6.8165;1.0000;0.0000;0.0000;0.0000;0.0000
1849;826.11;787.3500;1666.0000;1380.7000;593.3500;67.5297;0.1705;0.0000;-787.3500;0.0000;6.8165;0.0000;-787.3500;0.0000;6.8165;1.0000;0.0000;0.0000;0.0000;0.0000
1850;826.34;793.7500;1636.8000;1368.3000;574.5500;68.1514;0.1665;0.0000;-793.7500;0.0000;6.8165;0.0000;-793.7500;0.0000;6.8165;1.0000;0.0000;0.0000;0.0000;0.0000
1851;826.57;799.2000;1579.5000;1321.7500;522.5500;66.9678;0.1741;0.0000;-799.2000;0.0000;6.8165;0.0000;-799.2000;0.0000;6.8165;1.0000;0.0000;0.0000;0.0000;0.0000
1852;826.81;789.3500;1558.8500;1280.0500;490.7000;63.7687;0.1954;0.0000;-789.3500;0.0000;6.8165;0.0000;-789.3500;0.0000;6.8165;1.0000;0.0000;0.0000;0.0000;0.0000
1853;827.04;780.1000;1536.0500;1260.6000;480.5000;63.5624;0.1968;0.0000;-780.1000;0.0000;6.8165;0.0000;-780.1000;0.0000;6.8165;1.0000;0.0000;0.0000;0.0000;0.0000
1854;827.27;775.0500;1515.4000;1243.9000;468.8500;63.3282;0.1984;0.0000;-775.0500;0.0000;6.8165;0.0000;-775.0500;0.0000;6.8165;1.0000;0.0000;0.0000;0.0000;0.0000
1855;827.50;782.7500;1503.6500;1224.2000;441.4500;61.2360;0.2130;0.0000;-782.7500;0.0000;6.8165;0.0000;-782.7500;0.0000;6.8165;1.0000;0.0000;0.0000;0.0000;0.0000
1856;827.73;784.9500;1477.8000;1222.8500;437.9000;63.2027;0.1993;0.0000;-784.9500;0.0000;6.8165;0.0000;-784.9500;0.0000;6.8165;1.0000;0.0000;0.0000;0.0000;0.0000
1857;827.96;797.0500;1461.0000;1215.9000;418.8500;63.0846;0.2001;0.0000;-797.0500;0.0000;6.8165;0.0000;-797.0500;0.0000;6.8165;1.0000;0.0000;0.0000;0.0000;0.0000
1858;828.19;779.8000;1483.3000;1220.3000;440.5000;62.6155;0.2033;0.0000;-779.8000;0.0000;6.8165;0.0000;-779.8000;0.0000;6.8165;1.0000;0.0000;0.0000;0.0000;0.0000
1859;828.42;781.7500;1469.7500;1230.7000;448.9500;65.2544;0.1854;0.0000;-781.7500;0.0000;6.8165;0.0000;-781.7500;0.0000;6.8165;1.0000;0.0000;0.0000;0.0000;0.0000
1860;828.65;799.4000;1501.1000;1239.0000;439.6000;62.6479;0.2031;0.0000;-799.4000;0.0000;6.8165;0.0000;-799.4000;0.0000;6.8165;1.0000;0.0000;0.0000;0.0000;0.0000
1861;828.88;792.0000;1516.2500;1249.6500;457.6500;63.1895;0.1994;0.0000;-792.0000;0.0000;6.8165;0.0000;-792.0000;0.0000;6.8165;1.0000;0.0000;0.0000;0.0000;0.0000
1862;829.11;781.9500;1521.5500;1246.4500;464.5000;62.8042;0.2020;0.0000;-781.9500;0.0000;6.8165;0.0000;-781.9500;0.0000;6.8165;1.0000;0.0000;0.0000;0.0000;0.0000
1863;829.34;795.2000;1533.9500;1260.6000;465.4000;62.9983;0.2007;0.0000;-795.2000;0.0000;6.8165;0.0000;-795.2000;0.0000;6.8165;1.0000;0.0000;0.0000;0.0000;0.0000
1864;829.57;787.7500;1516.3500;1256.5000;468.7500;64.3357;0.1915;0.0000;-787.7500;0.0000;6.8165;0.0000;-787.7500;0.0000;6.8165;1.0000;0.0000;0.0000;0.0000;0.0000
1865;829.80;776.4000;1504.5500;1238.3500;461.9500;63.4416;0.1976;0.0000;-776.4000;0.0000;6.8165;0.0000;-776.4000;0.0000;6.8165;1.0000;0.0000;0.0000;0.0000;0.0000
1866;830.03;785.5500;1500.3500;1228.5500;443.0000;61.9754;0.2078;0.0000;-785.5500;0.0000;6.8165;0.0000;-785.5500;0.0000;6.8165;1.0000;0.0000;0.0000;0.0000;0.0000
1867;830.25;770.6000;1471.0500;1208.0500;437.4500;62.4527;0.2044;0.0000;-770.6000;0.0000;6.8165;0.0000;-770.6000;0.0000;6.8165;1.0000;0.0000;0.0000;0.0000;0.0000
1868;830.48;791.4000;1468.0500;1187.6000;396.2000;58.5532;0.2324;0.0000;-791.4000;0.0000;6.8165;0.0000;-791.4000;0.0000;6.8165;1.0000;0.0000;0.0000;0.0000;0.0000
1869;830.71;795.7500;1438.2500;1167.5000;371.7500;57.8599;0.2376;0.0000;-795.7500;0.0000;6.8165;0.0000;-795.7500;0.0000;6.8165;1.0000;0.0000;0.0000;0.0000;0.0000
1870;830.94;783.2000;1393.1000;1134.2000;351.0000;57.5504;0.2400;0.0000;-783.2000;0.0000;6.8165;0.0000;-783.2000;0.0000;6.8165;1.0000;0.0000;0.0000;0.0000;0.0000
1871;831.17;771.8500;1362.5500;1115.0500;343.2000;58.1006;0.2358;0.0000;-771.8500;0.0000;6.8165;0.0000;-771.8500;0.0000;6.8165;1.0000;0.0000;0.0000;0.0000;0.0000
1872;831.40;780.1000;1350.0500;1084.5000;304.4000;53.4082;0.2724;0.0000;-780.1000;0.0000;6.8165;0.0000;-780.1000;0.0000;6.8165;1.0000;0.0000;0.0000;0.0000;0.0000
1873;831.63;794.5000;1335.0000;1051.2000;256.7000;47.4931;0.3234;0.0000;-794.5000;0.0000;6.8165;0.0000;-794.5000;0.0000;6.8165;1.0000;0.0000;0.0000;0.0000;0.0000
1874;831.86;786.6000;1303.2500;1046.8500;260.2500;50.3726;0.2978;0.0000;-786.6000;0.0000;6.8165;0.0000;-786.6000;0.0000;6.8165;1.0000;0.0000;0.0000;0.0000;0.0000
1875;832.08;774.6000;1266.5500;1035.7500;261.1500;53.0847;0.2750;0.0000;-774.6000;0.0000;6.8165;0.0000;-774.6000;0.0000;6.8165;1.0000;0.0000;0.0000;0.0000;0.0000
1876;832.31;789.3000;1248.0500;1023.4000;234.1000;51.0300;0.2922;0.0000;-789.3000;0.0000;6.8165;0.0000;-789.3000;0.0000;6.8165;1.0000;0.0000;0.0000;0.0000;0.0000
1877;832.54;787.4000;1256.4000;1009.2000;221.8000;47.2921;0.3252;0.0000;-787.4000;0.0000;6.8165;0.0000;-787.4000;0.0000;6.8165;1.0000;0.0000;0.0000;0.0000;0.0000
1878;832.77;782.9500;1248.4000;991.9000;208.9500;44.8920;0.3478;0.0000;-782.9500;0.0000;6.8165;0.0000;-782.9500;0.0000;6.8165;1.0000;0.0000;0.0000;0.0000;0.0000
1879;833.00;778.5000;1251.0000;997.1500;218.6500;46.2751;0.3347;0.0000;-778.5000;0.0000;6.8165;0.0000;-778.5000;0.0000;6.8165;1.0000;0.0000;0.0000;0.0000;0.0000
1880;833.22;770.5000;1257.5500;989.1000;218.6000;44.8825;0.3479;0.0000;-770.5000;0.0000;6.8165;0.0000;-770.5000;0.0000;6.8165;1.0000;0.0000;0.0000;0.0000;0.0000
1881;833.45;781.3500;1247.5500;995.9000;214.5500;46.0210;0.3370;0.0000;-781.3500;0.0000;6.8165;0.0000;-781.3500;0.0000;6.8165;1.0000;0.0000;0.0000;0.0000;0.0000
1882;833.68;780.1500;1248.2500;990.1000;209.9500;44.8515;0.3482;0.0000;-780.1500;0.0000;6.8165;0.0000;-780.1500;0.0000;6.8165;1.0000;0.0000;0.0000;0.0000;0.0000
1883;833.91;782.6500;1239.7500;971.2500;188.6000;41.2601;0.3845;0.0000;-782.6500;0.0000;6.8165;0.0000;-782.6500;0.0000;6.8165;1.0000;0.0000;0.0000;0.0000;0.0000
1884;834.13;785.8000;1241.7000;972.1000;186.3000;40.8642;0.3887;0.0000;-785.8000;0.0000;6.8165;0.0000;-785.8000;0.0000;6.8165;1.0000;0.0000;0.0000;0.0000;0.0000
1885;834.36;791.5500;1238.2000;989.0000;197.4500;44.2069;0.3545;0.0000;-791.5500;0.0000;6.8165;0.0000;-791.5500;0.0000;6.8165;1.0000;0.0000;0.0000;0.0000;0.0000
1886;834.59;806.1500;1245.4500;981.6500;175.5000;39.9499;0.3985;0.0000;-806.1500;0.0000;6.8165;0.0000;-806.1500;0.0000;6.8165;1.0000;0.0000;0.0000;0.0000;0.0000
1887;834.82;794.3500;1252.8000;997.7000;203.3500;44.3560;0.3530;0.0000;-794.3500;0.0000;6.8165;0.0000;-794.3500;0.0000;6.8165;1.0000;0.0000;0.0000;0.0000;0.0000
1888;835.04;780.1500;1269.3000;1006.7500;226.6000;46.3253;0.3342;0.0000;-780.1500;0.0000;6.8165;0.0000;-780.1500;0.0000;6.8165;1.0000;0.0000;0.0000;0.0000;0.0000
1889;835.27;785.5000;1279.1000;1028.3000;242.8000;49.1896;0.3081;0.0000;-785.5000;0.0000;6.8165;0.0000;-785.5000;0.0000;6.8165;1.0000;0.0000;0.0000;0.0000;0.0000
1890;835.50;782.9500;1308.1000;1038.8500;255.9000;48.7289;0.3122;0.0000;-782.9500;0.0000;6.8165;0.0000;-782.9500;0.0000;6.8165;1.0000;0.0000;0.0000;0.0000;0.0000
1891;835.72;796.5500;1314.6000;1048.5000;251.9500;48.6343;0.3131;0.0000;-796.5500;0.0000;6.8165;0.0000;-796.5500;0.0000;6.8165;1.0000;0.0000;0.0000;0.0000;0.0000
1892;835.95;780.3000;1339.8500;1054.7000;274.4000;49.0394;0.3095;0.0000;-780.3000;0.0000;6.8165;0.0000;-780.3000;0.0000;6.8165;1.0000;0.0000;0.0000;0.0000;0.0000
1893;836.18;781.0500;1334.0000;1066.2000;285.1500;51.5689;0.2876;0.0000;-781.0500;0.0000;6.8165;0.0000;-781.0500;0.0000;6.8165;1.0000;0.0000;0.0000;0.0000;0.0000
1894;836.40;788.4000;1318.6000;1075.1500;286.7500;54.0834;0.2669;0.0000;-788.4000;0.0000;6.8165;0.0000;-788.4000;0.0000;6.8165;1.0000;0.0000;0.0000;0.0000;0.0000
1895;836.63;784.3000;1318.9000;1060.0500;275.7500;51.5806;0.2875;0.0000;-784.3000;0.0000;6.8165;0.0000;-784.3000;0.0000;6.8165;1.0000;0.0000;0.0000;0.0000;0.0000
1896;836.86;782.6000;1337.1500;1070.2500;287.6500;51.8709;0.2851;0.0000;-782.6000;0.0000;6.8165;0.0000;-782.6000;0.0000;6.8165;1.0000;0.0000;0.0000;0.0000;0.0000
1897;837.08;796.1500;1305.8500;1041.0000;244.8500;48.0381;0.3184;0.0000;-796.1500;0.0000;6.8165;0.0000;-796.1500;0.0000;6.8165;1.0000;0.0000;0.0000;0.0000;0.0000
1898;837.31;788.4000;1293.1500;1053.1000;264.7000;52.4418;0.2803;0.0000;-788.4000;0.0000;6.8165;0.0000;-788.4000;0.0000;6.8165;1.0000;0.0000;0.0000;0.0000;0.0000
1899;837.53;782.2500;1287.2000;1038.7000;256.4500;50.7872;0.2942;0.0000;-782.2500;0.0000;6.8165;0.0000;-782.2500;0.0000;6.8165;1.0000;0.0000;0.0000;0.0000;0.0000
1900;837.76;780.9000;1251.1000;1016.1000;235.2000;50.0213;0.3008;0.0000;-780.9000;0.0000;6.8165;0.0000;-780.9000;0.0000;6.8165;1.0000;0.0000;0.0000;0.0000;0.0000
1901;837.99;778.1500;1240.5000;1001.3500;223.2000;48.2751;0.3163;0.0000;-778.1500;0.0000;6.8165;0.0000;-778.1500;0.0000;6.8165;1.0000;0.0000;0.0000;0.0000;0.0000
1902;838.21;795.2500;1253.1500;977.5500;182.3000;39.8122;0.4000;0.0000;-795.2500;0.0000;6.8165;0.0000;-795.2500;0.0000;6.8165;1.0000;0.0000;0.0000;0.0000;0.0000
1903;838.44;790.7000;1220.0000;970.9500;180.2500;41.9870;0.3769;0.0000;-790.7000;0.0000;6.8165;0.0000;-790.7000;0.0000;6.8165;1.0000;0.0000;0.0000;0.0000;0.0000
1904;838.66;795.0500;1213.4500;967.7000;172.6500;41.2643;0.3844;0.0000;-795.0500;0.0000;6.8165;0.0000;-795.0500;0.0000;6.8165;1.0000;0.0000;0.0000;0.0000;0.0000
1905;838.89;781.2500;1201.8000;956.3500;175.1000;41.6360;0.3805;0.0000;-781.2500;0.0000;6.8165;0.0000;-781.2500;0.0000;6.8165;1.0000;0.0000;0.0000;0.0000;0.0000
1906;839.11;783.7500;1209.9500;955.6500;171.9000;40.3332;0.3943;0.0000;-783.7500;0.0000;6.8165;0.0000;-783.7500;0.0000;6.8165;1.0000;0.0000;0.0000;0.0000;0.0000
1907;839.34;792.9500;1202.4000;942.8500;149.9000;36.6101;0.4364;0.0000;-792.9500;0.0000;6.8165;0.0000;-792.9500;0.0000;6.8165;1.0000;0.0000;0.0000;0.0000;0.0000
1908;839.56;779.5500;1212.0500;932.0500;152.5000;35.2601;0.4527;0.0000;-779.5500;0.0000;6.8165;0.0000;-779.5500;0.0000;6.8165;1.0000;0.0000;0.0000;0.0000;0.0000
1909;839.79;789.9500;1204.2500;947.8000;157.8500;38.1004;0.4191;0.0000;-789.9500;0.0000;6.8165;0.0000;-789.9500;0.0000;6.8165;1.0000;0.0000;0.0000;0.0000;0.0000
1910;840.01;782.3500;1188.8000;948.0500;165.7000;40.7676;0.3897;0.0000;-782.3500;0.0000;6.8165;0.0000;-782.3500;0.0000;6.8165;1.0000;0.0000;0.0000;0.0000;0.0000
1911;840.24;796.2500;1187.5500;938.1000;141.8500;36.2510;0.4407;0.0000;-796.2500;0.0000;6.8165;0.0000;-796.2500;0.0000;6.8165;1.0000;0.0000;0.0000;0.0000;0.0000
1912;840.46;786.6500;1199.1500;938.2000;151.5500;36.7394;0.4349;0.0000;-786.6500;0.0000;6.8165;0.0000;-786.6500;0.0000;6.8165;1.0000;0.0000;0.0000;0.0000;0.0000
1913;840.69;785.1000;1194.5000;924.1500;139.0500;33.9643;0.4690;0.0000;-785.1000;0.0000;6.8165;0.0000;-785.1000;0.0000;6.8165;1.0000;0.0000;0.0000;0.0000;0.0000
1914;840.91;798.1500;1182.5500;933.1000;134.9500;35.1067;0.4546;0.0000;-798.1500;0.0000;6.8165;0.0000;-798.1500;0.0000;6.8165;1.0000;0.0000;0.0000;0.0000;0.0000
1915;841.13;794.2000;1173.3000;937.5000;143.3000;37.8001;0.4225;0.0000;-794.2000;0.0000;6.8165;0.0000;-794.2000;0.0000;6.8165;1.0000;0.0000;0.0000;0.0000;0.0000
1916;841.36;788.2500;1187.3500;925.3500;137.1000;34.3523;0.4640;0.0000;-788.2500;0.0000;6.8165;0.0000;-788.2500;0.0000;6.8165;1.0000;0.0000;0.0000;0.0000;0.0000
1917;841.58;780.0000;1189.4000;931.6500;151.6500;37.0420;0.4313;0.0000;-780.0000;0.0000;6.8165;0.0000;-780.0000;0.0000;6.8165;1.0000;0.0000;0.0000;0.0000;0.0000
1918;841.81;781.9500;1184.2000;927.7500;145.8000;36.2461;0.4407;0.0000;-781.9500;0.0000;6.8165;0.0000;-781.9500;0.0000;6.8165;1.0000;0.0000;0.0000;0.0000;0.0000
1919;842.03;786.8500;1190.7000;952.8500;166.0000;41.1044;0.3861;0.0000;-786.8500;0.0000;6.8165;0.0000;-786.8500;0.0000;6.8165;1.0000;0.0000;0.0000;0.0000;0.0000
1920;842.25;795.6000;1204.3500;935.1500;139.5500;34.1407;0.4667;0.0000;-795.6000;0.0000;6.8165;0.0000;-795.6000;0.0000;6.8165;1.0000;0.0000;0.0000;0.0000;0.0000
1921;842.48;795.3500;1199.6500;952.4000;157.0500;38.8449;0.4107;0.0000;-795.3500;0.0000;6.8165;0.0000;-795.3500;0.0000;6.8165;1.0000;0.0000;0.0000;0.0000;0.0000
1922;842.70;780.4000;1220.2500;962.1000;181.7000;41.3095;0.3839;0.0000;-780.4000;0.0000;6.8165;0.0000;-780.4000;0.0000;6.8165;1.0000;0.0000;0.0000;0.0000;0.0000
1923;842.92;792.8500;1212.2500;957.1000;164.2500;39.1631;0.4071;0.0000;-792.8500;0.0000;6.8165;0.0000;-792.8500;0.0000;6.8165;1.0000;0.0000;0.0000;0.0000;0.0000
1924;843.15;800.8500;1213.6500;966.4000;165.5500;40.1042;0.3968;0.0000;-800.8500;0.0000;6.8165;0.0000;-800.8500;0.0000;6.8165;1.0000;0.0000;0.0000;0.0000;0.0000
1925;843.37;793.6500;1199.7500;952.4000;158.7500;39.0914;0.4079;0.0000;-793.6500;0.0000;6.8165;0.0000;-793.6500;0.0000;6.8165;1.0000;0.0000;0.0000;0.0000;0.0000
1926;843.59;788.9500;1198.6000;950.5500;161.6000;39.4483;0.4040;0.0000;-788.9500;0.0000;6.8165;0.0000;-788.9500;0.0000;6.8165;1.0000;0.0000;0.0000;0.0000;0.0000
1927;843.82;796.0000;1195.1500;932.2500;136.2500;34.1350;0.4668;0.0000;-796.0000;0.0000;6.8165;0.0000;-796.0000;0.0000;6.8165;1.0000;0.0000;0.0000;0.0000;0.0000
1928;844.04;788.5000;1156.2000;940.0500;151.5500;41.2157;0.3849;0.0000;-788.5000;0.0000;6.8165;0.0000;-788.5000;0.0000;6.8165;1.0000;0.0000;0.0000;0.0000;0.0000
1929;844.26;786.5000;1173.1000;924.1000;137.6000;35.5923;0.4486;0.0000;-786.5000;0.0000;6.8165;0.0000;-786.5000;0.0000;6.8165;1.0000;0.0000;0.0000;0.0000;0.0000
1930;844.49;790.7000;1171.8000;919.5500;128.8500;33.8100;0.4710;0.0000;-790.7000;0.0000;6.8165;0.0000;-790.7000;0.0000;6.8165;1.0000;0.0000;0.0000;0.0000;0.0000
1931;844.71;789.1000;1161.0500;927.2000;138.1000;37.1286;0.4303;0.0000;-789.1000;0.0000;6.8165;0.0000;-789.1000;0.0000;6.8165;1.0000;0.0000;0.0000;0.0000;0.0000
1932;844.93;789.1500;1151.1000;928.0000;138.8500;38.3617;0.4161;0.0000;-789.1500;0.0000;6.8165;0.0000;-789.1500;0.0000;6.8165;1.0000;0.0000;0.0000;0.0000;0.0000
1933;845.15;794.8000;1135.8000;902.5500;107.7500;31.5982;0.5003;0.0000;-794.8000;0.0000;6.8165;0.0000;-794.8000;0.0000;6.8165;1.0000;0.0000;0.0000;0.0000;0.0000
1934;845.38;792.0000;1137.8000;891.3500;99.3500;28.7305;0.5417;0.0000;-792.0000;0.0000;6.8165;0.0000;-792.0000;0.0000;6.8165;1.0000;0.0000;0.0000;0.0000;0.0000
1935;845.60;798.1000;1142.5000;899.4500;101.3500;29.4280;0.5312;0.0000;-798.1000;0.0000;6.8165;0.0000;-798.1000;0.0000;6.8165;1.0000;0.0000;0.0000;0.0000;0.0000
1936;845.82;789.9000;1157.1500;891.5000;101.6000;27.6651;0.5581;0.0000;-789.9000;0.0000;6.8165;0.0000;-789.9000;0.0000;6.8165;1.0000;0.0000;0.0000;0.0000;0.0000
1937;846.04;775.9000;1132.3000;902.8000;126.9000;35.6061;0.4485;0.0000;-775.9000;0.0000;6.8165;0.0000;-775.9000;0.0000;6.8165;1.0000;0.0000;0.0000;0.0000;0.0000
1938;846.26;784.6000;1147.0500;887.5500;102.9500;28.4039;0.5466;0.0000;-784.6000;0.0000;6.8165;0.0000;-784.6000;0.0000;6.8165;1.0000;0.0000;0.0000;0.0000;0.0000
1939;846.48;778.9500;1132.0500;905.3000;126.3500;35.7831;0.4463;0.0000;-778.9500;0.0000;6.8165;0.0000;-778.9500;0.0000;6.8165;1.0000;0.0000;0.0000;0.0000;0.0000
1940;846.71;787.7500;1123.8000;883.5000;95.7500;28.4928;0.5453;0.0000;-787.7500;0.0000;6.8165;0.0000;-787.7500;0.0000;6.8165;1.0000;0.0000;0.0000;0.0000;0.0000
1941;846.93;780.1000;1125.8500;888.5500;108.4500;31.3666;0.5035;0.0000;-780.1000;0.0000;6.8165;0.0000;-780.1000;0.0000;6.8165;1.0000;0.0000;0.0000;0.0000;0.0000
1942;847.15;790.4000;1129.4000;866.4500;76.0500;22.4336;0.6491;0.0000;-790.4000;0.0000;6.8165;0.0000;-790.4000;0.0000;6.8165;1.0000;0.0000;0.0000;0.0000;0.0000
1943;847.37;786.0500;1138.8000;880.4500;94.4000;26.7612;0.5725;0.0000;-786.0500;0.0000;6.8165;0.0000;-786.0500;0.0000;6.8165;1.0000;0.0000;0.0000;0.0000;0.0000
1944;847.59;775.7500;1118.7500;877.0000;101.2500;29.5190;0.5299;0.0000;-775.7500;0.0000;6.8165;0.0000;-775.7500;0.0000;6.8165;1.0000;0.0000;0.0000;0.0000;0.0000
1945;847.81;785.8000;1117.1000;879.8000;94.0000;28.3731;0.5471;0.0000;-785.8000;0.0000;6.8165;0.0000;-785.8000;0.0000;6.8165;1.0000;0.0000;0.0000;0.0000;0.0000
1946;848.03;774.3500;1119.3500;891.3500;117.0000;33.9130;0.4696;0.0000;-774.3500;0.0000;6.8165;0.0000;-774.3500;0.0000;6.8165;1.0000;0.0000;0.0000;0.0000;0.0000
1947;848.26;780.3000;1134.4500;885.8500;105.5500;29.8038;0.5257;0.0000;-780.3000;0.0000;6.8165;0.0000;-780.3000;0.0000;6.8165;1.0000;0.0000;0.0000;0.0000;0.0000
1948;848.48;789.7000;1132.5500;884.5500;94.8500;27.6652;0.5581;0.0000;-789.7000;0.0000;6.8165;0.0000;-789.7000;0.0000;6.8165;1.0000;0.0000;0.0000;0.0000;0.0000
1949;848.70;806.4000;1119.5500;879.7500;73.3500;23.4233;0.6304;0.0000;-806.4000;0.0000;6.8165;0.0000;-806.4000;0.0000;6.8165;1.0000;0.0000;0.0000;0.0000;0.0000
1950;848.92;785.9500;1108.0500;885.2500;99.3000;30.8289;0.5110;0.0000;-785.9500;0.0000;6.8165;0.0000;-785.9500;0.0000;6.8165;1.0000;0.0000;0.0000;0.0000;0.0000
1951;849.14;792.8500;1111.8000;893.8000;100.9500;31.6507;0.4996;0.0000;-792.8500;0.0000;6.8165;0.0000;-792.8500;0.0000;6.8165;1.0000;0.0000;0.0000;0.0000;0.0000
1952;849.36;786.5000;1119.2000;874.7000;88.2000;26.5104;0.5766;0.0000;-786.5000;0.0000;6.8165;0.0000;-786.5000;0.0000;6.8165;1.0000;0.0000;0.0000;0.0000;0.0000
1953;849.58;777.8500;1116.8000;884.7500;106.9000;31.5386;0.5012;0.0000;-777.8500;0.0000;6.8165;0.0000;-777.8500;0.0000;6.8165;1.0000;0.0000;0.0000;0.0000;0.0000
1954;849.80;783.6000;1113.8000;871.0000;87.4000;26.4688;0.5773;0.0000;-783.6000;0.0000;6.8165;0.0000;-783.6000;0.0000;6.8165;1.0000;0.0000;0.0000;0.0000;0.0000
1955;850.02;789.9500;1115.2000;875.4000;85.4500;26.2721;0.5805;0.0000;-789.9500;0.0000;6.8165;0.0000;-789.9500;0.0000;6.8165;1.0000;0.0000;0.0000;0.0000;0.0000
1956;850.24;797.5000;1099.7500;875.3000;77.8000;25.7403;0.5894;0.0000;-797.5000;0.0000;6.8165;0.0000;-797.5000;0.0000;6.8165;1.0000;0.0000;0.0000;0.0000;0.0000
1957;850.46;795.8500;1105.5000;868.0500;72.2000;23.3166;0.6323;0.0000;-795.8500;0.0000;6.8165;0.0000;-795.8500;0.0000;6.8165;1.0000;0.0000;0.0000;0.0000;0.0000
1958;850.68;795.9000;1108.6500;883.3000;87.4000;27.9456;0.5537;0.0000;-795.9000;0.0000;6.8165;0.0000;-795.9000;0.0000;6.8165;1.0000;0.0000;0.0000;0.0000;0.0000
1959;850.90;782.1000;1104.9000;866.6000;84.5000;26.1772;0.5821;0.0000;-782.1000;0.0000;6.8165;0.0000;-782.1000;0.0000;6.8165;1.0000;0.0000;0.0000;0.0000;0.0000
1960;851.12;789.3000;1101.0000;876.0500;86.7500;27.8312;0.5555;0.0000;-789.3000;0.0000;6.8165;0.0000;-789.3000;0.0000;6.8165;1.0000;0.0000;0.0000;0.0000;0.0000
1961;851.34;766.6500;1112.8000;881.0500;114.4000;33.0493;0.4808;0.0000;-766.6500;0.0000;6.8165;0.0000;-766.6500;0.0000;6.8165;1.0000;0.0000;0.0000;0.0000;0.0000
1962;851.56;779.8500;1113.2500;875.2500;95.4000;28.6143;0.5434;0.0000;-779.8500;0.0000;6.8165;0.0000;-779.8500;0.0000;6.8165;1.0000;0.0000;0.0000;0.0000;0.0000
1963;851.78;791.5000;1076.7000;880.4000;88.9000;31.1711;0.5062;0.0000;-791.5000;0.0000;6.8165;0.0000;-791.5000;0.0000;6.8165;1.0000;0.0000;0.0000;0.0000;0.0000
1964;852.00;782.2500;1106.6500;859.2000;76.9500;23.7207;0.6249;0.0000;-782.2500;0.0000;6.8165;0.0000;-782.2500;0.0000;6.8165;1.0000;0.0000;0.0000;0.0000;0.0000
1965;852.21;769.8000;1096.1500;869.5500;99.7500;30.5653;0.5148;0.0000;-769.8000;0.0000;6.8165;0.0000;-769.8000;0.0000;6.8165;1.0000;0.0000;0.0000;0.0000;0.0000
1966;852.43;782.4000;1108.4000;877.9000;95.5000;29.2945;0.5332;0.0000;-782.4000;0.0000;6.8165;0.0000;-782.4000;0.0000;6.8165;1.0000;0.0000;0.0000;0.0000;0.0000
1967;852.65;789.0000;1087.2500;875.6000;86.6000;29.0360;0.5371;0.0000;-789.0000;0.0000;6.8165;0.0000;-789.0000;0.0000;6.8165;1.0000;0.0000;0.0000;0.0000;0.0000
1968;852.87;787.7500;1105.5500;866.2500;78.5000;24.7011;0.6073;0.0000;-787.7500;0.0000;6.8165;0.0000;-787.7500;0.0000;6.8165;1.0000;0.0000;0.0000;0.0000;0.0000
1969;853.09;786.3000;1089.5500;866.5000;80.2000;26.4468;0.5776;0.0000;-786.3000;0.0000;6.8165;0.0000;-786.3000;0.0000;6.8165;1.0000;0.0000;0.0000;0.0000;0.0000
1970;853.31;792.5500;1098.1000;876.1500;83.6000;27.3605;0.5629;0.0000;-792.5500;0.0000;6.8165;0.0000;-792.5500;0.0000;6.8165;1.0000;0.0000;0.0000;0.0000;0.0000
1971;853.53;779.5000;1105.3000;859.9500;80.4500;24.6931;0.6074;0.0000;-779.5000;0.0000;6.8165;0.0000;-779.5000;0.0000;6.8165;1.0000;0.0000;0.0000;0.0000;0.0000
1972;853.74;780.4500;1105.8500;849.7500;69.3000;21.2969;0.6717;0.0000;-780.4500;0.0000;6.8165;0.0000;-780.4500;0.0000;6.8165;1.0000;0.0000;0.0000;0.0000;0.0000
1973;853.96;769.8500;1102.5000;866.9000;97.0500;29.1748;0.5350;0.0000;-769.8500;0.0000;6.8165;0.0000;-769.8500;0.0000;6.8165;1.0000;0.0000;0.0000;0.0000;0.0000
1974;854.18;794.4000;1112.0000;870.6500;76.2500;24.0082;0.6196;0.0000;-794.4000;0.0000;6.8165;0.0000;-794.4000;0.0000;6.8165;1.0000;0.0000;0.0000;0.0000;0.0000
1975;854.40;795.4000;1086.8500;858.7500;63.3500;21.7361;0.6628;0.0000;-795.4000;0.0000;6.8165;0.0000;-795.4000;0.0000;6.8165;1.0000;0.0000;0.0000;0.0000;0.0000
1976;854.62;797.4500;1094.4500;855.9000;58.4500;19.6801;0.7060;0.0000;-797.4500;0.0000;6.8165;0.0000;-797.4500;0.0000;6.8165;1.0000;0.0000;0.0000;0.0000;0.0000
1977;854.83;785.1000;1080.3500;869.3500;84.2500;28.5351;0.5446;0.0000;-785.1000;0.0000;6.8165;0.0000;-785.1000;0.0000;6.8165;1.0000;0.0000;0.0000;0.0000;0.0000
1978;855.05;787.9000;1096.4500;860.3000;72.4000;23.4646;0.6296;0.0000;-787.9000;0.0000;6.8165;0.0000;-787.9000;0.0000;6.8165;1.0000;0.0000;0.0000;0.0000;0.0000
1979;855.27;790.8000;1079.8500;849.5500;58.7500;20.3252;0.6920;0.0000;-790.8000;0.0000;6.8165;0.0000;-790.8000;0.0000;6.8165;1.0000;0.0000;0.0000;0.0000;0.0000
1980;855.49;778.4000;1092.1500;849.0500;70.6500;22.5179;0.6475;0.0000;-778.4000;0.0000;6.8165;0.0000;-778.4000;0.0000;6.8165;1.0000;0.0000;0.0000;0.0000;0.0000
1981;855.71;790.3000;1063.2500;859.1000;68.8000;25.2061;0.5985;0.0000;-790.3000;0.0000;6.8165;0.0000;-790.3000;0.0000;6.8165;1.0000;0.0000;0.0000;0.0000;0.0000
1982;855.92;778.6000;1081.0000;864.7000;86.1000;28.4722;0.5456;0.0000;-778.6000;0.0000;6.8165;0.0000;-778.6000;0.0000;6.8165;1.0000;0.0000;0.0000;0.0000;0.0000
1983;856.14;796.7000;1068.0000;859.4000;62.7000;23.1109;0.6362;0.0000;-796.7000;0.0000;6.8165;0.0000;-796.7000;0.0000;6.8165;1.0000;0.0000;0.0000;0.0000;0.0000
1984;856.36;784.9500;1080.1500;855.6500;70.7000;23.9499;0.6207;0.0000;-784.9500;0.0000;6.8165;0.0000;-784.9500;0.0000;6.8165;1.0000;0.0000;0.0000;0.0000;0.0000
1985;856.57;791.7000;1070.8500;869.4500;77.7500;27.8524;0.5551;0.0000;-791.7000;0.0000;6.8165;0.0000;-791.7000;0.0000;6.8165;1.0000;0.0000;0.0000;0.0000;0.0000
1986;856.79;789.9000;1058.0000;855.2500;65.3500;24.3752;0.6131;0.0000;-789.9000;0.0000;6.8165;0.0000;-789.9000;0.0000;6.8165;1.0000;0.0000;0.0000;0.0000;0.0000
1987;857.01;781.4500;1069.7000;858.7500;77.3000;26.8170;0.5716;0.0000;-781.4500;0.0000;6.8165;0.0000;-781.4500;0.0000;6.8165;1.0000;0.0000;0.0000;0.0000;0.0000
1988;857.22;795.8000;1083.6500;870.3500;74.5500;25.8989;0.5867;0.0000;-795.8000;0.0000;6.8165;0.0000;-795.8000;0.0000;6.8165;1.0000;0.0000;0.0000;0.0000;0.0000
1989;857.44;782.7500;1085.1500;850.1500;67.4000;22.2884;0.6519;0.0000;-782.7500;0.0000;6.8165;0.0000;-782.7500;0.0000;6.8165;1.0000;0.0000;0.0000;0.0000;0.0000
1990;857.66;787.0000;1068.9000;859.7500;72.7500;25.8070;0.5883;0.0000;-787.0000;0.0000;6.8165;0.0000;-787.0000;0.0000;6.8165;1.0000;0.0000;0.0000;0.0000;0.0000
1991;857.87;772.3500;1080.4000;854.3000;81.9500;26.6028;0.5751;0.0000;-772.3500;0.0000;6.8165;0.0000;-772.3500;0.0000;6.8165;1.0000;0.0000;0.0000;0.0000;0.0000
1992;858.09;794.8000;1047.3500;857.4500;62.6500;24.8070;0.6054;0.0000;-794.8000;0.0000;6.8165;0.0000;-794.8000;0.0000;6.8165;1.0000;0.0000;0.0000;0.0000;0.0000
1993;858.31;796.2500;1063.7500;844.5000;48.2500;18.0374;0.7438;0.0000;-796.2500;0.0000;6.8165;0.0000;-796.2500;0.0000;6.8165;1.0000;0.0000;0.0000;0.0000;0.0000
1994;858.52;787.8000;1069.9000;850.9000;63.1000;22.3680;0.6504;0.0000;-787.8000;0.0000;6.8165;0.0000;-787.8000;0.0000;6.8165;1.0000;0.0000;0.0000;0.0000;0.0000
1995;858.74;775.8000;1073.5000;847.3000;71.5000;24.0175;0.6195;0.0000;-775.8000;0.0000;6.8165;0.0000;-775.8000;0.0000;6.8165;1.0000;0.0000;0.0000;0.0000;0.0000
1996;858.95;782.8000;1048.2500;841.7000;58.9000;22.1887;0.6539;0.0000;-782.8000;0.0000;6.8165;0.0000;-782.8000;0.0000;6.8165;1.0000;0.0000;0.0000;0.0000;0.0000
1997;859.17;773.3000;1062.0000;857.0000;83.7000;28.9920;0.5377;0.0000;-773.3000;0.0000;6.8165;0.0000;-773.3000;0.0000;6.8165;1.0000;0.0000;0.0000;0.0000;0.0000
1998;859.39;773.2500;1059.4000;840.9000;67.6500;23.6414;0.6263;0.0000;-773.2500;0.0000;6.8165;0.0000;-773.2500;0.0000;6.8165;1.0000;0.0000;0.0000;0.0000;0.0000
1999;859.60;780.7500;1066.8500;849.1000;68.3500;23.8902;0.6218;0.0000;-780.7500;0.0000;6.8165;0.0000;-780.7500;0.0000;6.8165;1.0000;0.0000;0.0000;0.0000;0.0000
2000;859.82;793.3000;1071.5500;856.9000;63.6000;22.8571;0.6410;0.0000;-793.3000;0.0000;6.8165;0.0000;-793.3000;0.0000;6.8165;1.0000;0.0000;0.0000;0.0000;0.0000
2001;860.03;783.6000;1057.9000;845.9500;62.3500;22.7306;0.6434;0.0000;-783.6000;0.0000;6.8165;0.0000;-783.6000;0.0000;6.8165;1.0000;0.0000;0.0000;0.0000;0.0000
2002;860.25;799.4500;1049.8500;828.7000;29.2500;11.6813;0.9325;0.0000;-799.4500;0.0000;6.8165;0.0000;-799.4500;0.0000;6.8165;1.0000;0.0000;0.0000;0.0000;0.0000
2003;860.46;785.9000;1044.9000;839.7000;53.8000;20.7722;0.6825;0.0000;-785.9000;0.0000;6.8165;0.0000;-785.9000;0.0000;6.8165;1.0000;0.0000;0.0000;0.0000;0.0000
2004;860.68;786.1500;1046.7500;837.2500;51.1000;19.6086;0.7076;0.0000;-786.1500;0.0000;6.8165;0.0000;-786.1500;0.0000;6.8165;1.0000;0.0000;0.0000;0.0000;0.0000
2005;860.89;779.4000;1035.5000;854.0500;74.6500;29.1488;0.5354;0.0000;-779.4000;0.0000;6.8165;0.0000;-779.4000;0.0000;6.8165;1.0000;0.0000;0.0000;0.0000;0.0000
2006;861.11;786.0000;1053.5000;844.1000;58.1000;21.7196;0.6631;0.0000;-786.0000;0.0000;6.8165;0.0000;-786.0000;0.0000;6.8165;1.0000;0.0000;0.0000;0.0000;0.0000
2007;861.32;790.7000;1050.2500;833.4500;42.7500;16.4708;0.7833;0.0000;-790.7000;0.0000;6.8165;0.0000;-790.7000;0.0000;6.8165;1.0000;0.0000;0.0000;0.0000;0.0000
2008;861.54;788.4000;1039.7500;832.8000;44.4000;17.6646;0.7529;0.0000;-788.4000;0.0000;6.8165;0.0000;-788.4000;0.0000;6.8165;1.0000;0.0000;0.0000;0.0000;0.0000
2009;861.75;779.3000;1030.7000;821.7000;42.4000;16.8656;0.7730;0.0000;-779.3000;0.0000;6.8165;0.0000;-779.3000;0.0000;6.8165;1.0000;0.0000;0.0000;0.0000;0.0000
2010;861.96;795.9500;1019.1000;836.9000;40.9500;18.3509;0.7363;0.0000;-795.9500;0.0000;6.8165;0.0000;-795.9500;0.0000;6.8165;1.0000;0.0000;0.0000;0.0000;0.0000
2011;862.18;800.8500;1027.9000;844.4000;43.5500;19.1808;0.7171;0.0000;-800.8500;0.0000;6.8165;0.0000;-800.8500;0.0000;6.8165;1.0000;0.0000;0.0000;0.0000;0.0000
2012;862.39;788.8500;1029.4000;817.0500;28.2000;11.7231;0.9310;0.0000;-788.8500;0.0000;6.8165;0.0000;-788.8500;0.0000;6.8165;1.0000;0.0000;0.0000;0.0000;0.0000
2013;862.61;775.2500;1028.9500;830.3000;55.0500;21.6989;0.6636;0.0000;-775.2500;0.0000;6.8165;0.0000;-775.2500;0.0000;6.8165;1.0000;0.0000;0.0000;0.0000;0.0000
2014;862.82;773.1500;1024.4500;828.1500;55.0000;21.8862;0.6598;0.0000;-773.1500;0.0000;6.8165;0.0000;-773.1500;0.0000;6.8165;1.0000;0.0000;0.0000;0.0000;0.0000
2015;863.03;775.6000;1016.2500;836.0000;60.4000;25.0987;0.6003;0.0000;-775.6000;0.0000;6.8165;0.0000;-775.6000;0.0000;6.8165;1.0000;0.0000;0.0000;0.0000;0.0000
2016;863.25;783.7000;1014.0500;826.2500;42.5500;18.4719;0.7335;0.0000;-783.7000;0.0000;6.8165;0.0000;-783.7000;0.0000;6.8165;1.0000;0.0000;0.0000;0.0000;0.0000
2017;863.46;789.8500;1008.0000;829.6500;39.8000;18.2443;0.7389;0.0000;-789.8500;0.0000;6.8165;0.0000;-789.8500;0.0000;6.8165;1.0000;0.0000;0.0000;0.0000;0.0000
2018;863.68;773.8000;1019.4500;832.6500;58.8500;23.9568;0.6206;0.0000;-773.8000;0.0000;6.8165;0.0000;-773.8000;0.0000;6.8165;1.0000;0.0000;0.0000;0.0000;0.0000
2019;863.89;769.4000;1006.6500;841.9500;72.5500;30.5796;0.5146;0.0000;-769.4000;0.0000;6.8165;0.0000;-769.4000;0.0000;6.8165;1.0000;0.0000;0.0000;0.0000;0.0000
2020;864.10;775.1500;1001.4500;813.6500;38.5000;17.0128;0.7692;0.0000;-775.1500;0.0000;6.8165;0.0000;-775.1500;0.0000;6.8165;1.0000;0.0000;0.0000;0.0000;0.0000
2021;864.32;780.3000;993.0000;828.8000;48.5000;22.8021;0.6420;0.0000;-780.3000;0.0000;6.8165;0.0000;-780.3000;0.0000;6.8165;1.0000;0.0000;0.0000;0.0000;0.0000
2022;864.53;792.9500;1004.8000;828.0500;35.1000;16.5683;0.7807;0.0000;-792.9500;0.0000;6.8165;0.0000;-792.9500;0.0000;6.8165;1.0000;0.0000;0.0000;0.0000;0.0000
2023;864.74;782.1500;995.3500;821.3000;39.1500;18.3630;0.7361;0.0000;-782.1500;0.0000;6.8165;0.0000;-782.1500;0.0000;6.8165;1.0000;0.0000;0.0000;0.0000;0.0000
2024;864.95;775.6500;1009.3500;829.3500;53.7000;22.9782;0.6387;0.0000;-775.6500;0.0000;6.8165;0.0000;-775.6500;0.0000;6.8165;1.0000;0.0000;0.0000;0.0000;0.0000
2025;865.17;793.5500;1021.7500;822.1000;28.5500;12.5110;0.9027;0.0000;-793.5500;0.0000;6.8165;0.0000;-793.5500;0.0000;6.8165;1.0000;0.0000;0.0000;0.0000;0.0000
2026;865.38;795.0500;1007.7000;816.5500;21.5000;10.1105;0.9952;0.0000;-795.0500;0.0000;6.8165;0.0000;-795.0500;0.0000;6.8165;1.0000;0.0000;0.0000;0.0000;0.0000
2027;865.59;799.9500;994.7500;816.6500;16.7000;8.5729;1.0669;0.0000;-799.9500;0.0000;6.8165;0.0000;-799.9500;0.0000;6.8165;1.0000;0.0000;0.0000;0.0000;0.0000
2028;865.81;790.2000;1005.5500;809.5000;19.3000;8.9622;1.0476;0.0000;-790.2000;0.0000;6.8165;0.0000;-790.2000;0.0000;6.8165;1.0000;0.0000;0.0000;0.0000;0.0000
2029;866.02;789.2500;1004.9000;811.3000;22.0500;10.2249;0.9903;0.0000;-789.2500;0.0000;6.8165;0.0000;-789.2500;0.0000;6.8165;1.0000;0.0000;0.0000;0.0000;0.0000
2030;866.23;798.7500;985.1000;813.9000;15.1500;8.1299;1.0899;0.0000;-798.7500;0.0000;6.8165;0.0000;-798.7500;0.0000;6.8165;1.0000;0.0000;0.0000;0.0000;0.0000
2031;866.44;786.2500;996.1000;821.2500;35.0000;16.6786;0.7778;0.0000;-786.2500;0.0000;6.8165;0.0000;-786.2500;0.0000;6.8165;1.0000;0.0000;0.0000;0.0000;0.0000
2032;866.65;788.2500;991.6500;814.0000;25.7500;12.6598;0.8976;0.0000;-788.2500;0.0000;6.8165;0.0000;-788.2500;0.0000;6.8165;1.0000;0.0000;0.0000;0.0000;0.0000
2033;866.87;795.8000;990.0500;804.5500;8.7500;4.5045;1.3464;0.0000;-795.8000;0.0000;6.8165;0.0000;-795.8000;0.0000;6.8165;1.0000;0.0000;0.0000;0.0000;0.0000
2034;867.08;790.1000;992.6500;816.7500;26.6500;13.1572;0.8808;0.0000;-790.1000;0.0000;6.8165;0.0000;-790.1000;0.0000;6.8165;1.0000;0.0000;0.0000;0.0000;0.0000
2035;867.29;798.0000;1003.4500;816.5000;18.5000;9.0046;1.0455;0.0000;-798.0000;0.0000;6.8165;0.0000;-798.0000;0.0000;6.8165;1.0000;0.0000;0.0000;0.0000;0.0000
2036;867.50;796.3000;1002.9500;811.1000;14.8000;7.1619;1.1450;0.0000;-796.3000;0.0000;6.8165;0.0000;-796.3000;0.0000;6.8165;1.0000;0.0000;0.0000;0.0000;0.0000
2037;867.71;790.6000;984.5500;810.1000;19.5000;10.0541;0.9977;0.0000;-790.6000;0.0000;6.8165;0.0000;-790.6000;0.0000;6.8165;1.0000;0.0000;0.0000;0.0000;0.0000
2038;867.92;790.4500;989.8000;806.0500;15.6000;7.8254;1.1065;0.0000;-790.4500;0.0000;6.8165;0.0000;-790.4500;0.0000;6.8165;1.0000;0.0000;0.0000;0.0000;0.0000
2039;868.14;802.4500;963.0000;802.0500;-0.4000;0.0000;6.8165;0.0000;-802.4500;0.0000;6.8165;0.0000;-802.4500;0.0000;6.8165;1.0000;0.0000;0.0000;0.0000;0.0000
2040;868.35;802.6500;968.8000;812.2000;9.5500;5.7478;1.2405;0.0000;-802.6500;0.0000;6.8165;0.0000;-802.6500;0.0000;6.8165;1.0000;0.0000;0.0000;0.0000;0.0000
2041;868.56;802.2500;984.2500;809.9000;7.6500;4.2033;1.3764;0.0000;-802.2500;0.0000;6.8165;0.0000;-802.2500;0.0000;6.8165;1.0000;0.0000;0.0000;0.0000;0.0000
2042;868.77;790.7000;983.0000;815.2500;24.5500;12.7665;0.8939;0.0000;-790.7000;0.0000;6.8165;0.0000;-790.7000;0.0000;6.8165;1.0000;0.0000;0.0000;0.0000;0.0000
2043;868.98;790.5000;977.7500;802.8500;12.3500;6.5955;1.1808;0.0000;-790.5000;0.0000;6.8165;0.0000;-790.5000;0.0000;6.8165;1.0000;0.0000;0.0000;0.0000;0.0000
2044;869.19;797.7500;994.0500;804.3500;6.6000;3.3622;1.4734;0.0000;-797.7500;0.0000;6.8165;0.0000;-797.7500;0.0000;6.8165;1.0000;0.0000;0.0000;0.0000;0.0000
2045;869.40;775.6500;995.4500;809.4000;33.7500;15.3549;0.8138;0.0000;-775.6500;0.0000;6.8165;0.0000;-775.6500;0.0000;6.8165;1.0000;0.0000;0.0000;0.0000;0.0000
2046;869.61;785.1500;968.9500;813.7500;28.6000;15.5604;0.8080;0.0000;-785.1500;0.0000;6.8165;0.0000;-785.1500;0.0000;6.8165;1.0000;0.0000;0.0000;0.0000;0.0000
2047;869.82;784.3000;986.9000;812.4000;28.1000;13.8697;0.8579;0.0000;-784.3000;0.0000;6.8165;0.0000;-784.3000;0.0000;6.8165;1.0000;0.0000;0.0000;0.0000;0.0000
