Date;2006-11-30 12:31:48
title;IBD
model;BTC112
c code;IBD
operator;
port1;0
baud1;3
pixel_start;0
pixel_end;2047
step;1
units;1
bkcolor;16777215
show_mode;0
data_mode;0
pixel_mode;0
intigration times;5
average number;20
spectrometer_type ;14
yaxis;1
yaxis_min;0
yaxis_max;65535
xaxis;1
xaxis_min;0
xaxis_max;2047
coefs_a0;231.943084241822
coefs_a1;0.406994147595924
coefs_a2;-4.3775084135389E-5
coefs_a3;-1.3768865065993E-9
coefs_b0;-728.069070757367
coefs_b1;3.36508502946526
coefs_b2;-0.0019617714298974
coefs_b3;2.01154622732E-6
all_data_save;1
select_option;-1
interval_time;50
pixel_num;2048
sel_pixel_start;0
sel_pixel_end;2047
sel_pixel_delta;1
dark_compensate;0
dark_compensate_value_1;0
dark_compensate_value_2;0
dark_compensate_value_3;0
monitor pixel_0;0
monitor pixel_1;0
monitor pixel_2;0
monitor pixel_3;0
monitor pixel_4;0
monitor pixel_5;0
vertical_line3_wv;250
vertical_line4_wv;250
vertical_line_flag;0
vertical_line_ratio;0
overlay_js;0
Pixel;Wavelength;Dark;Reference;Raw data #1;Dark Subtracted #1;%TR #1;Absorbance #1;Raw data #2;Dark Subtracted #2;%TR #2;Absorbance #2;Raw data #3;Dark Subtracted #3;%TR #3;Absorbance #3;Errands Ref;Errands Fit;Irradiance_1;Irradiance_2;Irradiance_3
0;231.94;798.4000;783.7000;787.7000;-10.7000;72.7891;0.1379;0.0000;-798.4000;110.0000;-0.0414;0.0000;-798.4000;110.0000;-0.0414;1.0000;0.0000;0.0000;0.0000;0.0000
1;232.35;798.4000;783.7000;787.7000;-10.7000;72.7891;0.1379;0.0000;-798.4000;110.0000;-0.0414;0.0000;-798.4000;110.0000;-0.0414;1.0000;0.0000;0.0000;0.0000;0.0000
2;232.76;791.3500;791.9000;801.1000;9.7500;110.0000;-0.0414;0.0000;-791.3500;0.0000;6.8165;0.0000;-791.3500;0.0000;6.8165;1.0000;0.0000;0.0000;0.0000;0.0000
3;233.16;753.0000;679.0500;768.7500;15.7500;0.0000;6.8165;0.0000;-753.0000;110.0000;-0.0414;0.0000;-753.0000;110.0000;-0.0414;1.0000;0.0000;0.0000;0.0000;0.0000
4;233.57;786.1500;777.2500;791.7500;5.6000;0.0000;6.8165;0.0000;-786.1500;0.0000;6.8165;0.0000;-786.1500;0.0000;6.8165;1.0000;0.0000;0.0000;0.0000;0.0000
5;233.98;791.5500;797.2000;778.1500;-13.4000;0.0000;6.8165;0.0000;-791.5500;0.0000;6.8165;0.0000;-791.5500;0.0000;6.8165;1.0000;0.0000;0.0000;0.0000;0.0000
6;234.38;799.5000;782.6000;788.3000;-11.2000;66.2722;0.1787;0.0000;-799.5000;110.0000;-0.0414;0.0000;-799.5000;110.0000;-0.0414;1.0000;0.0000;0.0000;0.0000;0.0000
7;234.79;797.6500;780.6500;782.3000;-15.3500;90.2941;0.0443;0.0000;-797.6500;0.0000;6.8165;0.0000;-797.6500;0.0000;6.8165;1.0000;0.0000;0.0000;0.0000;0.0000
8;235.20;798.2500;795.4000;798.7000;0.4500;0.0000;6.8165;0.0000;-798.2500;110.0000;-0.0414;0.0000;-798.2500;110.0000;-0.0414;1.0000;0.0000;0.0000;0.0000;0.0000
9;235.60;777.8500;797.0000;790.0500;12.2000;63.7076;0.1958;0.0000;-777.8500;0.0000;6.8165;0.0000;-777.8500;0.0000;6.8165;1.0000;0.0000;0.0000;0.0000;0.0000
10;236.01;780.6500;791.6000;787.2000;6.5500;59.8174;0.2232;0.0000;-780.6500;0.0000;6.8165;0.0000;-780.6500;0.0000;6.8165;1.0000;0.0000;0.0000;0.0000;0.0000
11;236.41;785.7500;801.9500;788.7000;2.9500;18.2099;0.7397;0.0000;-785.7500;0.0000;6.8165;0.0000;-785.7500;0.0000;6.8165;1.0000;0.0000;0.0000;0.0000;0.0000
12;236.82;791.8500;788.1000;791.9000;0.0500;0.0000;6.8165;0.0000;-791.8500;0.0000;6.8165;0.0000;-791.8500;0.0000;6.8165;1.0000;0.0000;0.0000;0.0000;0.0000
13;237.23;788.1500;787.7000;783.0500;-5.1000;110.0000;-0.0414;0.0000;-788.1500;0.0000;6.8165;0.0000;-788.1500;0.0000;6.8165;1.0000;0.0000;0.0000;0.0000;0.0000
14;237.63;792.8500;775.0000;787.9000;-4.9500;27.7311;0.5570;0.0000;-792.8500;110.0000;-0.0414;0.0000;-792.8500;110.0000;-0.0414;1.0000;0.0000;0.0000;0.0000;0.0000
15;238.04;779.1000;790.5000;794.7500;15.6500;110.0000;-0.0414;0.0000;-779.1000;0.0000;6.8165;0.0000;-779.1000;0.0000;6.8165;1.0000;0.0000;0.0000;0.0000;0.0000
16;238.44;789.3000;781.9000;802.0500;12.7500;0.0000;6.8165;0.0000;-789.3000;0.0000;6.8165;0.0000;-789.3000;0.0000;6.8165;1.0000;0.0000;0.0000;0.0000;0.0000
17;238.85;790.2000;786.4500;786.5500;-3.6500;97.3333;0.0117;0.0000;-790.2000;110.0000;-0.0414;0.0000;-790.2000;110.0000;-0.0414;1.0000;0.0000;0.0000;0.0000;0.0000
18;239.25;785.8000;793.9500;782.4500;-3.3500;0.0000;6.8165;0.0000;-785.8000;110.0000;-0.0414;0.0000;-785.8000;110.0000;-0.0414;1.0000;0.0000;0.0000;0.0000;0.0000
19;239.66;785.1000;787.0000;789.8500;4.7500;110.0000;-0.0414;0.0000;-785.1000;110.0000;-0.0414;0.0000;-785.1000;110.0000;-0.0414;1.0000;0.0000;0.0000;0.0000;0.0000
20;240.07;777.3500;781.4000;777.4500;0.1000;2.4691;1.6075;0.0000;-777.3500;110.0000;-0.0414;0.0000;-777.3500;110.0000;-0.0414;1.0000;0.0000;0.0000;0.0000;0.0000
21;240.47;782.9500;786.0500;773.1500;-9.8000;0.0000;6.8165;0.0000;-782.9500;0.0000;6.8165;0.0000;-782.9500;0.0000;6.8165;1.0000;0.0000;0.0000;0.0000;0.0000
22;240.88;768.9500;789.2000;787.2500;18.3000;90.3704;0.0440;0.0000;-768.9500;0.0000;6.8165;0.0000;-768.9500;0.0000;6.8165;1.0000;0.0000;0.0000;0.0000;0.0000
23;241.28;798.3500;782.8000;791.8500;-6.5000;41.8006;0.3788;0.0000;-798.3500;110.0000;-0.0414;0.0000;-798.3500;110.0000;-0.0414;1.0000;0.0000;0.0000;0.0000;0.0000
24;241.69;792.4000;791.8500;772.1000;-20.3000;110.0000;-0.0414;0.0000;-792.4000;110.0000;-0.0414;0.0000;-792.4000;110.0000;-0.0414;1.0000;0.0000;0.0000;0.0000;0.0000
25;242.09;782.3500;770.2500;782.0500;-0.3000;2.4793;1.6057;0.0000;-782.3500;0.0000;6.8165;0.0000;-782.3500;0.0000;6.8165;1.0000;0.0000;0.0000;0.0000;0.0000
26;242.50;790.4000;788.0500;771.8500;-18.5500;110.0000;-0.0414;0.0000;-790.4000;110.0000;-0.0414;0.0000;-790.4000;110.0000;-0.0414;1.0000;0.0000;0.0000;0.0000;0.0000
27;242.90;800.2000;784.5500;781.5000;-18.7000;110.0000;-0.0414;0.0000;-800.2000;110.0000;-0.0414;0.0000;-800.2000;110.0000;-0.0414;1.0000;0.0000;0.0000;0.0000;0.0000
28;243.30;786.1500;796.0000;774.4000;-11.7500;0.0000;6.8165;0.0000;-786.1500;0.0000;6.8165;0.0000;-786.1500;0.0000;6.8165;1.0000;0.0000;0.0000;0.0000;0.0000
29;243.71;793.6000;790.2000;769.4500;-24.1500;110.0000;-0.0414;0.0000;-793.6000;110.0000;-0.0414;0.0000;-793.6000;110.0000;-0.0414;1.0000;0.0000;0.0000;0.0000;0.0000
30;244.11;792.3500;788.0000;782.8000;-9.5500;110.0000;-0.0414;0.0000;-792.3500;110.0000;-0.0414;0.0000;-792.3500;110.0000;-0.0414;1.0000;0.0000;0.0000;0.0000;0.0000
31;244.52;794.7000;771.5500;776.4000;-18.3000;79.0497;0.1021;0.0000;-794.7000;110.0000;-0.0414;0.0000;-794.7000;110.0000;-0.0414;1.0000;0.0000;0.0000;0.0000;0.0000
32;244.92;796.1000;776.6000;780.1500;-15.9500;81.7949;0.0873;0.0000;-796.1000;110.0000;-0.0414;0.0000;-796.1000;110.0000;-0.0414;1.0000;0.0000;0.0000;0.0000;0.0000
33;245.33;788.1000;776.7000;792.1000;4.0000;0.0000;6.8165;0.0000;-788.1000;110.0000;-0.0414;0.0000;-788.1000;110.0000;-0.0414;1.0000;0.0000;0.0000;0.0000;0.0000
34;245.73;779.3500;776.3000;794.2500;14.9000;0.0000;6.8165;0.0000;-779.3500;0.0000;6.8165;0.0000;-779.3500;0.0000;6.8165;1.0000;0.0000;0.0000;0.0000;0.0000
35;246.13;783.8000;807.8000;808.6000;24.8000;103.3333;-0.0142;0.0000;-783.8000;0.0000;6.8165;0.0000;-783.8000;0.0000;6.8165;1.0000;0.0000;0.0000;0.0000;0.0000
36;246.54;788.9000;864.7000;848.8000;59.9000;79.0237;0.1022;0.0000;-788.9000;0.0000;6.8165;0.0000;-788.9000;0.0000;6.8165;1.0000;0.0000;0.0000;0.0000;0.0000
37;246.94;782.7000;858.4000;862.4000;79.7000;105.2840;-0.0224;0.0000;-782.7000;0.0000;6.8165;0.0000;-782.7000;0.0000;6.8165;1.0000;0.0000;0.0000;0.0000;0.0000
38;247.35;788.7000;850.8500;872.5000;83.8000;110.0000;-0.0414;0.0000;-788.7000;0.0000;6.8165;0.0000;-788.7000;0.0000;6.8165;1.0000;0.0000;0.0000;0.0000;0.0000
39;247.75;778.1000;865.9500;861.0500;82.9500;94.4223;0.0249;0.0000;-778.1000;0.0000;6.8165;0.0000;-778.1000;0.0000;6.8165;1.0000;0.0000;0.0000;0.0000;0.0000
40;248.15;776.6000;854.8000;848.1000;71.5000;91.4322;0.0389;0.0000;-776.6000;0.0000;6.8165;0.0000;-776.6000;0.0000;6.8165;1.0000;0.0000;0.0000;0.0000;0.0000
41;248.56;784.9500;846.6500;859.5500;74.6000;110.0000;-0.0414;0.0000;-784.9500;0.0000;6.8165;0.0000;-784.9500;0.0000;6.8165;1.0000;0.0000;0.0000;0.0000;0.0000
42;248.96;790.0000;862.7000;852.1000;62.1000;85.4195;0.0684;0.0000;-790.0000;0.0000;6.8165;0.0000;-790.0000;0.0000;6.8165;1.0000;0.0000;0.0000;0.0000;0.0000
43;249.36;786.6500;853.8000;861.6500;75.0000;110.0000;-0.0414;0.0000;-786.6500;0.0000;6.8165;0.0000;-786.6500;0.0000;6.8165;1.0000;0.0000;0.0000;0.0000;0.0000
44;249.77;775.8000;848.1500;855.4000;79.6000;110.0000;-0.0414;0.0000;-775.8000;0.0000;6.8165;0.0000;-775.8000;0.0000;6.8165;1.0000;0.0000;0.0000;0.0000;0.0000
45;250.17;778.7000;840.6000;853.4500;74.7500;110.0000;-0.0414;0.0000;-778.7000;0.0000;6.8165;0.0000;-778.7000;0.0000;6.8165;1.0000;0.0000;0.0000;0.0000;0.0000
46;250.57;789.2500;873.6500;863.9000;74.6500;88.4479;0.0533;0.0000;-789.2500;0.0000;6.8165;0.0000;-789.2500;0.0000;6.8165;1.0000;0.0000;0.0000;0.0000;0.0000
47;250.97;790.3500;856.3500;856.6500;66.3000;100.4545;-0.0020;0.0000;-790.3500;0.0000;6.8165;0.0000;-790.3500;0.0000;6.8165;1.0000;0.0000;0.0000;0.0000;0.0000
48;251.38;779.2000;857.6000;855.0500;75.8500;96.7474;0.0144;0.0000;-779.2000;0.0000;6.8165;0.0000;-779.2000;0.0000;6.8165;1.0000;0.0000;0.0000;0.0000;0.0000
49;251.78;804.6500;858.3000;846.9500;42.3000;78.8444;0.1032;0.0000;-804.6500;0.0000;6.8165;0.0000;-804.6500;0.0000;6.8165;1.0000;0.0000;0.0000;0.0000;0.0000
50;252.18;774.8000;876.0500;846.4500;71.6500;70.7654;0.1502;0.0000;-774.8000;0.0000;6.8165;0.0000;-774.8000;0.0000;6.8165;1.0000;0.0000;0.0000;0.0000;0.0000
51;252.59;794.2500;856.8500;866.9500;72.7000;110.0000;-0.0414;0.0000;-794.2500;0.0000;6.8165;0.0000;-794.2500;0.0000;6.8165;1.0000;0.0000;0.0000;0.0000;0.0000
52;252.99;796.8500;867.2000;854.4000;57.5500;81.8053;0.0872;0.0000;-796.8500;0.0000;6.8165;0.0000;-796.8500;0.0000;6.8165;1.0000;0.0000;0.0000;0.0000;0.0000
53;253.39;802.3000;870.6000;851.1000;48.8000;71.4495;0.1460;0.0000;-802.3000;0.0000;6.8165;0.0000;-802.3000;0.0000;6.8165;1.0000;0.0000;0.0000;0.0000;0.0000
54;253.79;784.5000;871.4500;860.5500;76.0500;87.4641;0.0582;0.0000;-784.5000;0.0000;6.8165;0.0000;-784.5000;0.0000;6.8165;1.0000;0.0000;0.0000;0.0000;0.0000
55;254.20;787.3000;865.9500;854.0000;66.7000;84.8061;0.0716;0.0000;-787.3000;0.0000;6.8165;0.0000;-787.3000;0.0000;6.8165;1.0000;0.0000;0.0000;0.0000;0.0000
56;254.60;782.7500;850.3000;855.4500;72.7000;107.6240;-0.0319;0.0000;-782.7500;0.0000;6.8165;0.0000;-782.7500;0.0000;6.8165;1.0000;0.0000;0.0000;0.0000;0.0000
57;255.00;785.4500;871.5500;851.5500;66.1000;76.7712;0.1148;0.0000;-785.4500;0.0000;6.8165;0.0000;-785.4500;0.0000;6.8165;1.0000;0.0000;0.0000;0.0000;0.0000
58;255.40;782.8500;851.0500;860.3000;77.4500;110.0000;-0.0414;0.0000;-782.8500;0.0000;6.8165;0.0000;-782.8500;0.0000;6.8165;1.0000;0.0000;0.0000;0.0000;0.0000
59;255.80;785.1000;880.5500;843.4000;58.3000;61.0791;0.2141;0.0000;-785.1000;0.0000;6.8165;0.0000;-785.1000;0.0000;6.8165;1.0000;0.0000;0.0000;0.0000;0.0000
60;256.20;777.2500;878.5000;860.9000;83.6500;82.6173;0.0829;0.0000;-777.2500;0.0000;6.8165;0.0000;-777.2500;0.0000;6.8165;1.0000;0.0000;0.0000;0.0000;0.0000
61;256.61;787.8500;875.9500;849.0500;61.2000;69.4665;0.1582;0.0000;-787.8500;0.0000;6.8165;0.0000;-787.8500;0.0000;6.8165;1.0000;0.0000;0.0000;0.0000;0.0000
62;257.01;793.2000;865.3500;853.6500;60.4500;83.7838;0.0768;0.0000;-793.2000;0.0000;6.8165;0.0000;-793.2000;0.0000;6.8165;1.0000;0.0000;0.0000;0.0000;0.0000
63;257.41;781.1000;855.8500;853.6000;72.5000;96.9900;0.0133;0.0000;-781.1000;0.0000;6.8165;0.0000;-781.1000;0.0000;6.8165;1.0000;0.0000;0.0000;0.0000;0.0000
64;257.81;783.3000;863.4000;857.3500;74.0500;92.4469;0.0341;0.0000;-783.3000;0.0000;6.8165;0.0000;-783.3000;0.0000;6.8165;1.0000;0.0000;0.0000;0.0000;0.0000
65;258.21;792.5000;857.7000;851.1000;58.6000;89.8773;0.0463;0.0000;-792.5000;0.0000;6.8165;0.0000;-792.5000;0.0000;6.8165;1.0000;0.0000;0.0000;0.0000;0.0000
66;258.61;795.8500;868.4500;850.6000;54.7500;75.4132;0.1226;0.0000;-795.8500;0.0000;6.8165;0.0000;-795.8500;0.0000;6.8165;1.0000;0.0000;0.0000;0.0000;0.0000
67;259.01;777.0000;857.6500;851.1000;74.1000;91.8785;0.0368;0.0000;-777.0000;0.0000;6.8165;0.0000;-777.0000;0.0000;6.8165;1.0000;0.0000;0.0000;0.0000;0.0000
68;259.42;796.4500;862.3000;859.9000;63.4500;96.3554;0.0161;0.0000;-796.4500;0.0000;6.8165;0.0000;-796.4500;0.0000;6.8165;1.0000;0.0000;0.0000;0.0000;0.0000
69;259.82;781.6000;855.4000;868.5500;86.9500;110.0000;-0.0414;0.0000;-781.6000;0.0000;6.8165;0.0000;-781.6000;0.0000;6.8165;1.0000;0.0000;0.0000;0.0000;0.0000
70;260.22;775.3000;857.0000;846.8000;71.5000;87.5153;0.0579;0.0000;-775.3000;0.0000;6.8165;0.0000;-775.3000;0.0000;6.8165;1.0000;0.0000;0.0000;0.0000;0.0000
71;260.62;786.0500;868.4500;847.4000;61.3500;74.4539;0.1281;0.0000;-786.0500;0.0000;6.8165;0.0000;-786.0500;0.0000;6.8165;1.0000;0.0000;0.0000;0.0000;0.0000
72;261.02;785.6500;870.8000;858.8000;73.1500;85.9072;0.0660;0.0000;-785.6500;0.0000;6.8165;0.0000;-785.6500;0.0000;6.8165;1.0000;0.0000;0.0000;0.0000;0.0000
73;261.42;784.9500;861.2500;865.0500;80.1000;104.9803;-0.0211;0.0000;-784.9500;0.0000;6.8165;0.0000;-784.9500;0.0000;6.8165;1.0000;0.0000;0.0000;0.0000;0.0000
74;261.82;787.9000;870.2500;867.7000;79.8000;96.9035;0.0137;0.0000;-787.9000;0.0000;6.8165;0.0000;-787.9000;0.0000;6.8165;1.0000;0.0000;0.0000;0.0000;0.0000
75;262.22;774.2000;856.6000;870.4500;96.2500;110.0000;-0.0414;0.0000;-774.2000;0.0000;6.8165;0.0000;-774.2000;0.0000;6.8165;1.0000;0.0000;0.0000;0.0000;0.0000
76;262.62;783.8500;871.1500;846.8000;62.9500;72.1077;0.1420;0.0000;-783.8500;0.0000;6.8165;0.0000;-783.8500;0.0000;6.8165;1.0000;0.0000;0.0000;0.0000;0.0000
77;263.02;788.0000;863.2000;857.7500;69.7500;92.7527;0.0327;0.0000;-788.0000;0.0000;6.8165;0.0000;-788.0000;0.0000;6.8165;1.0000;0.0000;0.0000;0.0000;0.0000
78;263.42;788.4500;860.5000;849.1500;60.7000;84.2471;0.0744;0.0000;-788.4500;0.0000;6.8165;0.0000;-788.4500;0.0000;6.8165;1.0000;0.0000;0.0000;0.0000;0.0000
79;263.82;790.8500;862.7000;858.0000;67.1500;93.4586;0.0294;0.0000;-790.8500;0.0000;6.8165;0.0000;-790.8500;0.0000;6.8165;1.0000;0.0000;0.0000;0.0000;0.0000
80;264.22;786.5500;864.1500;854.3500;67.8000;87.3711;0.0586;0.0000;-786.5500;0.0000;6.8165;0.0000;-786.5500;0.0000;6.8165;1.0000;0.0000;0.0000;0.0000;0.0000
81;264.62;793.5000;861.0500;857.3500;63.8500;94.5226;0.0245;0.0000;-793.5000;0.0000;6.8165;0.0000;-793.5000;0.0000;6.8165;1.0000;0.0000;0.0000;0.0000;0.0000
82;265.02;790.8000;880.3500;851.3000;60.5000;67.5600;0.1703;0.0000;-790.8000;0.0000;6.8165;0.0000;-790.8000;0.0000;6.8165;1.0000;0.0000;0.0000;0.0000;0.0000
83;265.42;784.7000;857.8000;845.7000;61.0000;83.4473;0.0786;0.0000;-784.7000;0.0000;6.8165;0.0000;-784.7000;0.0000;6.8165;1.0000;0.0000;0.0000;0.0000;0.0000
84;265.82;791.7000;860.5000;863.4500;71.7500;104.2878;-0.0182;0.0000;-791.7000;0.0000;6.8165;0.0000;-791.7000;0.0000;6.8165;1.0000;0.0000;0.0000;0.0000;0.0000
85;266.22;797.7500;874.4000;869.4500;71.7000;93.5421;0.0290;0.0000;-797.7500;0.0000;6.8165;0.0000;-797.7500;0.0000;6.8165;1.0000;0.0000;0.0000;0.0000;0.0000
86;266.62;785.6000;874.7500;862.6000;77.0000;86.3713;0.0636;0.0000;-785.6000;0.0000;6.8165;0.0000;-785.6000;0.0000;6.8165;1.0000;0.0000;0.0000;0.0000;0.0000
87;267.02;785.6500;875.5000;861.2000;75.5500;84.0846;0.0753;0.0000;-785.6500;0.0000;6.8165;0.0000;-785.6500;0.0000;6.8165;1.0000;0.0000;0.0000;0.0000;0.0000
88;267.42;790.3500;866.0000;857.5500;67.2000;88.8301;0.0514;0.0000;-790.3500;0.0000;6.8165;0.0000;-790.3500;0.0000;6.8165;1.0000;0.0000;0.0000;0.0000;0.0000
89;267.82;786.6000;871.4500;862.9000;76.3000;89.9234;0.0461;0.0000;-786.6000;0.0000;6.8165;0.0000;-786.6000;0.0000;6.8165;1.0000;0.0000;0.0000;0.0000;0.0000
90;268.22;777.7500;873.2500;869.0000;91.2500;95.5497;0.0198;0.0000;-777.7500;0.0000;6.8165;0.0000;-777.7500;0.0000;6.8165;1.0000;0.0000;0.0000;0.0000;0.0000
91;268.62;786.7000;855.1500;863.2500;76.5500;110.0000;-0.0414;0.0000;-786.7000;0.0000;6.8165;0.0000;-786.7000;0.0000;6.8165;1.0000;0.0000;0.0000;0.0000;0.0000
92;269.01;781.1000;869.3000;855.5500;74.4500;84.4104;0.0736;0.0000;-781.1000;0.0000;6.8165;0.0000;-781.1000;0.0000;6.8165;1.0000;0.0000;0.0000;0.0000;0.0000
93;269.41;796.6000;869.1000;848.0500;51.4500;70.9655;0.1490;0.0000;-796.6000;0.0000;6.8165;0.0000;-796.6000;0.0000;6.8165;1.0000;0.0000;0.0000;0.0000;0.0000
94;269.81;788.3000;878.3500;858.0000;69.7000;77.4014;0.1113;0.0000;-788.3000;0.0000;6.8165;0.0000;-788.3000;0.0000;6.8165;1.0000;0.0000;0.0000;0.0000;0.0000
95;270.21;776.8000;883.8000;875.2000;98.4000;91.9626;0.0364;0.0000;-776.8000;0.0000;6.8165;0.0000;-776.8000;0.0000;6.8165;1.0000;0.0000;0.0000;0.0000;0.0000
96;270.61;791.2000;871.0000;849.4500;58.2500;72.9950;0.1367;0.0000;-791.2000;0.0000;6.8165;0.0000;-791.2000;0.0000;6.8165;1.0000;0.0000;0.0000;0.0000;0.0000
97;271.01;780.1000;862.9000;871.3000;91.2000;110.0000;-0.0414;0.0000;-780.1000;0.0000;6.8165;0.0000;-780.1000;0.0000;6.8165;1.0000;0.0000;0.0000;0.0000;0.0000
98;271.41;780.7500;867.3000;858.8500;78.1000;90.2369;0.0446;0.0000;-780.7500;0.0000;6.8165;0.0000;-780.7500;0.0000;6.8165;1.0000;0.0000;0.0000;0.0000;0.0000
99;271.81;786.4000;860.5000;867.4500;81.0500;109.3792;-0.0389;0.0000;-786.4000;0.0000;6.8165;0.0000;-786.4000;0.0000;6.8165;1.0000;0.0000;0.0000;0.0000;0.0000
100;272.20;784.3000;870.6500;851.6500;67.3500;77.9965;0.1079;0.0000;-784.3000;0.0000;6.8165;0.0000;-784.3000;0.0000;6.8165;1.0000;0.0000;0.0000;0.0000;0.0000
101;272.60;778.7000;867.2500;858.2000;79.5000;89.7798;0.0468;0.0000;-778.7000;0.0000;6.8165;0.0000;-778.7000;0.0000;6.8165;1.0000;0.0000;0.0000;0.0000;0.0000
102;273.00;791.3500;863.1000;864.5500;73.2000;102.0209;-0.0087;0.0000;-791.3500;0.0000;6.8165;0.0000;-791.3500;0.0000;6.8165;1.0000;0.0000;0.0000;0.0000;0.0000
103;273.40;790.5000;875.3500;870.7000;80.2000;94.5197;0.0245;0.0000;-790.5000;0.0000;6.8165;0.0000;-790.5000;0.0000;6.8165;1.0000;0.0000;0.0000;0.0000;0.0000
104;273.80;777.5500;862.2000;869.7000;92.1500;108.8600;-0.0369;0.0000;-777.5500;0.0000;6.8165;0.0000;-777.5500;0.0000;6.8165;1.0000;0.0000;0.0000;0.0000;0.0000
105;274.19;789.8000;870.9000;853.2500;63.4500;78.2367;0.1066;0.0000;-789.8000;0.0000;6.8165;0.0000;-789.8000;0.0000;6.8165;1.0000;0.0000;0.0000;0.0000;0.0000
106;274.59;794.7000;854.0000;865.9000;71.2000;110.0000;-0.0414;0.0000;-794.7000;0.0000;6.8165;0.0000;-794.7000;0.0000;6.8165;1.0000;0.0000;0.0000;0.0000;0.0000
107;274.99;782.0500;872.0500;875.2000;93.1500;103.5000;-0.0149;0.0000;-782.0500;0.0000;6.8165;0.0000;-782.0500;0.0000;6.8165;1.0000;0.0000;0.0000;0.0000;0.0000
108;275.39;794.8000;853.7500;868.8500;74.0500;110.0000;-0.0414;0.0000;-794.8000;0.0000;6.8165;0.0000;-794.8000;0.0000;6.8165;1.0000;0.0000;0.0000;0.0000;0.0000
109;275.78;772.7000;867.9000;861.1500;88.4500;92.9097;0.0319;0.0000;-772.7000;0.0000;6.8165;0.0000;-772.7000;0.0000;6.8165;1.0000;0.0000;0.0000;0.0000;0.0000
110;276.18;785.5000;868.0500;850.8000;65.3000;79.1036;0.1018;0.0000;-785.5000;0.0000;6.8165;0.0000;-785.5000;0.0000;6.8165;1.0000;0.0000;0.0000;0.0000;0.0000
111;276.58;800.1500;888.6500;850.9500;50.8000;57.4011;0.2411;0.0000;-800.1500;0.0000;6.8165;0.0000;-800.1500;0.0000;6.8165;1.0000;0.0000;0.0000;0.0000;0.0000
112;276.98;793.8500;874.7500;869.7000;75.8500;93.7577;0.0280;0.0000;-793.8500;0.0000;6.8165;0.0000;-793.8500;0.0000;6.8165;1.0000;0.0000;0.0000;0.0000;0.0000
113;277.37;794.1000;861.9500;868.8000;74.7000;110.0000;-0.0414;0.0000;-794.1000;0.0000;6.8165;0.0000;-794.1000;0.0000;6.8165;1.0000;0.0000;0.0000;0.0000;0.0000
114;277.77;796.0500;866.8000;855.2000;59.1500;83.6042;0.0778;0.0000;-796.0500;0.0000;6.8165;0.0000;-796.0500;0.0000;6.8165;1.0000;0.0000;0.0000;0.0000;0.0000
115;278.17;772.2500;875.1000;862.0500;89.8000;87.3116;0.0589;0.0000;-772.2500;0.0000;6.8165;0.0000;-772.2500;0.0000;6.8165;1.0000;0.0000;0.0000;0.0000;0.0000
116;278.56;783.4500;867.8500;863.0500;79.6000;94.3128;0.0254;0.0000;-783.4500;0.0000;6.8165;0.0000;-783.4500;0.0000;6.8165;1.0000;0.0000;0.0000;0.0000;0.0000
117;278.96;783.4500;888.7000;839.9500;56.5000;53.6817;0.2702;0.0000;-783.4500;0.0000;6.8165;0.0000;-783.4500;0.0000;6.8165;1.0000;0.0000;0.0000;0.0000;0.0000
118;279.36;785.3000;883.2500;866.4500;81.1500;82.8484;0.0817;0.0000;-785.3000;0.0000;6.8165;0.0000;-785.3000;0.0000;6.8165;1.0000;0.0000;0.0000;0.0000;0.0000
119;279.75;778.2500;868.9500;857.0000;78.7500;86.8247;0.0614;0.0000;-778.2500;0.0000;6.8165;0.0000;-778.2500;0.0000;6.8165;1.0000;0.0000;0.0000;0.0000;0.0000
120;280.15;788.5000;878.7500;855.0500;66.5500;73.7396;0.1323;0.0000;-788.5000;0.0000;6.8165;0.0000;-788.5000;0.0000;6.8165;1.0000;0.0000;0.0000;0.0000;0.0000
121;280.55;786.3500;876.4500;853.9000;67.5500;74.9723;0.1251;0.0000;-786.3500;0.0000;6.8165;0.0000;-786.3500;0.0000;6.8165;1.0000;0.0000;0.0000;0.0000;0.0000
122;280.94;783.3500;872.3500;872.7500;89.4000;100.4494;-0.0019;0.0000;-783.3500;0.0000;6.8165;0.0000;-783.3500;0.0000;6.8165;1.0000;0.0000;0.0000;0.0000;0.0000
123;281.34;792.2000;873.6500;861.7500;69.5500;85.3898;0.0686;0.0000;-792.2000;0.0000;6.8165;0.0000;-792.2000;0.0000;6.8165;1.0000;0.0000;0.0000;0.0000;0.0000
124;281.73;775.2500;885.0500;874.7500;99.5000;90.6193;0.0428;0.0000;-775.2500;0.0000;6.8165;0.0000;-775.2500;0.0000;6.8165;1.0000;0.0000;0.0000;0.0000;0.0000
125;282.13;784.7500;875.3500;881.0000;96.2500;106.2362;-0.0263;0.0000;-784.7500;0.0000;6.8165;0.0000;-784.7500;0.0000;6.8165;1.0000;0.0000;0.0000;0.0000;0.0000
126;282.53;772.8000;887.2000;882.3000;109.5000;95.7168;0.0190;0.0000;-772.8000;0.0000;6.8165;0.0000;-772.8000;0.0000;6.8165;1.0000;0.0000;0.0000;0.0000;0.0000
127;282.92;774.4000;875.1500;873.3000;98.9000;98.1638;0.0080;0.0000;-774.4000;0.0000;6.8165;0.0000;-774.4000;0.0000;6.8165;1.0000;0.0000;0.0000;0.0000;0.0000
128;283.32;778.2500;871.2500;858.7000;80.4500;86.5054;0.0630;0.0000;-778.2500;0.0000;6.8165;0.0000;-778.2500;0.0000;6.8165;1.0000;0.0000;0.0000;0.0000;0.0000
129;283.71;778.0000;877.2500;872.8500;94.8500;95.5668;0.0197;0.0000;-778.0000;0.0000;6.8165;0.0000;-778.0000;0.0000;6.8165;1.0000;0.0000;0.0000;0.0000;0.0000
130;284.11;781.8000;882.7500;865.1500;83.3500;82.5656;0.0832;0.0000;-781.8000;0.0000;6.8165;0.0000;-781.8000;0.0000;6.8165;1.0000;0.0000;0.0000;0.0000;0.0000
131;284.50;790.0500;890.1500;893.4000;103.3500;103.2468;-0.0139;0.0000;-790.0500;0.0000;6.8165;0.0000;-790.0500;0.0000;6.8165;1.0000;0.0000;0.0000;0.0000;0.0000
132;284.90;796.6000;894.3000;880.6000;84.0000;85.9775;0.0656;0.0000;-796.6000;0.0000;6.8165;0.0000;-796.6000;0.0000;6.8165;1.0000;0.0000;0.0000;0.0000;0.0000
133;285.30;790.3500;883.8500;884.2000;93.8500;100.3743;-0.0016;0.0000;-790.3500;0.0000;6.8165;0.0000;-790.3500;0.0000;6.8165;1.0000;0.0000;0.0000;0.0000;0.0000
134;285.69;791.9000;898.4500;874.4500;82.5500;77.4754;0.1108;0.0000;-791.9000;0.0000;6.8165;0.0000;-791.9000;0.0000;6.8165;1.0000;0.0000;0.0000;0.0000;0.0000
135;286.09;800.2000;892.0000;868.4500;68.2500;74.3464;0.1287;0.0000;-800.2000;0.0000;6.8165;0.0000;-800.2000;0.0000;6.8165;1.0000;0.0000;0.0000;0.0000;0.0000
136;286.48;786.6500;899.7000;870.1000;83.4500;73.8169;0.1318;0.0000;-786.6500;0.0000;6.8165;0.0000;-786.6500;0.0000;6.8165;1.0000;0.0000;0.0000;0.0000;0.0000
137;286.88;777.5000;884.2500;881.5000;104.0000;97.4239;0.0113;0.0000;-777.5000;0.0000;6.8165;0.0000;-777.5000;0.0000;6.8165;1.0000;0.0000;0.0000;0.0000;0.0000
138;287.27;795.0000;886.9500;875.3500;80.3500;87.3844;0.0586;0.0000;-795.0000;0.0000;6.8165;0.0000;-795.0000;0.0000;6.8165;1.0000;0.0000;0.0000;0.0000;0.0000
139;287.67;780.4000;884.9000;877.7500;97.3500;93.1579;0.0308;0.0000;-780.4000;0.0000;6.8165;0.0000;-780.4000;0.0000;6.8165;1.0000;0.0000;0.0000;0.0000;0.0000
140;288.06;788.2500;901.6500;878.6000;90.3500;79.6737;0.0987;0.0000;-788.2500;0.0000;6.8165;0.0000;-788.2500;0.0000;6.8165;1.0000;0.0000;0.0000;0.0000;0.0000
141;288.46;786.3500;890.7500;882.4000;96.0500;92.0019;0.0362;0.0000;-786.3500;0.0000;6.8165;0.0000;-786.3500;0.0000;6.8165;1.0000;0.0000;0.0000;0.0000;0.0000
142;288.85;785.4500;905.6000;885.7500;100.3000;83.4790;0.0784;0.0000;-785.4500;0.0000;6.8165;0.0000;-785.4500;0.0000;6.8165;1.0000;0.0000;0.0000;0.0000;0.0000
143;289.24;778.0000;906.0000;882.0500;104.0500;81.2891;0.0900;0.0000;-778.0000;0.0000;6.8165;0.0000;-778.0000;0.0000;6.8165;1.0000;0.0000;0.0000;0.0000;0.0000
144;289.64;794.9000;914.7000;872.5500;77.6500;64.8164;0.1883;0.0000;-794.9000;0.0000;6.8165;0.0000;-794.9000;0.0000;6.8165;1.0000;0.0000;0.0000;0.0000;0.0000
145;290.03;806.0500;907.3500;861.7500;55.7000;54.9852;0.2598;0.0000;-806.0500;0.0000;6.8165;0.0000;-806.0500;0.0000;6.8165;1.0000;0.0000;0.0000;0.0000;0.0000
146;290.43;800.2000;914.0000;886.8000;86.6000;76.0984;0.1186;0.0000;-800.2000;0.0000;6.8165;0.0000;-800.2000;0.0000;6.8165;1.0000;0.0000;0.0000;0.0000;0.0000
147;290.82;789.7500;917.3000;872.9500;83.2000;65.2293;0.1856;0.0000;-789.7500;0.0000;6.8165;0.0000;-789.7500;0.0000;6.8165;1.0000;0.0000;0.0000;0.0000;0.0000
148;291.21;782.7000;924.7500;887.7000;105.0000;73.9176;0.1313;0.0000;-782.7000;0.0000;6.8165;0.0000;-782.7000;0.0000;6.8165;1.0000;0.0000;0.0000;0.0000;0.0000
149;291.61;775.9500;917.7500;886.9000;110.9500;78.2440;0.1065;0.0000;-775.9500;0.0000;6.8165;0.0000;-775.9500;0.0000;6.8165;1.0000;0.0000;0.0000;0.0000;0.0000
150;292.00;781.3000;902.2000;890.3500;109.0500;90.1985;0.0448;0.0000;-781.3000;0.0000;6.8165;0.0000;-781.3000;0.0000;6.8165;1.0000;0.0000;0.0000;0.0000;0.0000
151;292.40;793.9000;917.7000;890.0000;96.1000;77.6252;0.1100;0.0000;-793.9000;0.0000;6.8165;0.0000;-793.9000;0.0000;6.8165;1.0000;0.0000;0.0000;0.0000;0.0000
152;292.79;796.0500;914.2500;884.7000;88.6500;75.0000;0.1249;0.0000;-796.0500;0.0000;6.8165;0.0000;-796.0500;0.0000;6.8165;1.0000;0.0000;0.0000;0.0000;0.0000
153;293.18;787.8500;903.8000;876.3000;88.4500;76.2829;0.1176;0.0000;-787.8500;0.0000;6.8165;0.0000;-787.8500;0.0000;6.8165;1.0000;0.0000;0.0000;0.0000;0.0000
154;293.58;791.2000;920.7500;885.7000;94.5000;72.9448;0.1370;0.0000;-791.2000;0.0000;6.8165;0.0000;-791.2000;0.0000;6.8165;1.0000;0.0000;0.0000;0.0000;0.0000
155;293.97;793.1500;907.1500;896.4000;103.2500;90.5702;0.0430;0.0000;-793.1500;0.0000;6.8165;0.0000;-793.1500;0.0000;6.8165;1.0000;0.0000;0.0000;0.0000;0.0000
156;294.36;782.6500;898.8000;900.6500;118.0000;101.5928;-0.0069;0.0000;-782.6500;0.0000;6.8165;0.0000;-782.6500;0.0000;6.8165;1.0000;0.0000;0.0000;0.0000;0.0000
157;294.76;779.3000;914.8500;886.6000;107.3000;79.1590;0.1015;0.0000;-779.3000;0.0000;6.8165;0.0000;-779.3000;0.0000;6.8165;1.0000;0.0000;0.0000;0.0000;0.0000
158;295.15;779.1000;907.9000;891.3500;112.2500;87.1506;0.0597;0.0000;-779.1000;0.0000;6.8165;0.0000;-779.1000;0.0000;6.8165;1.0000;0.0000;0.0000;0.0000;0.0000
159;295.54;787.5500;906.3500;890.0500;102.5000;86.2795;0.0641;0.0000;-787.5500;0.0000;6.8165;0.0000;-787.5500;0.0000;6.8165;1.0000;0.0000;0.0000;0.0000;0.0000
160;295.94;769.0000;914.3000;899.4000;130.4000;89.7454;0.0470;0.0000;-769.0000;0.0000;6.8165;0.0000;-769.0000;0.0000;6.8165;1.0000;0.0000;0.0000;0.0000;0.0000
161;296.33;773.8000;915.5500;888.4000;114.6000;80.8466;0.0923;0.0000;-773.8000;0.0000;6.8165;0.0000;-773.8000;0.0000;6.8165;1.0000;0.0000;0.0000;0.0000;0.0000
162;296.72;786.3500;936.2000;891.2000;104.8500;69.9700;0.1551;0.0000;-786.3500;0.0000;6.8165;0.0000;-786.3500;0.0000;6.8165;1.0000;0.0000;0.0000;0.0000;0.0000
163;297.11;765.1500;926.0500;877.3500;112.2000;69.7328;0.1566;0.0000;-765.1500;0.0000;6.8165;0.0000;-765.1500;0.0000;6.8165;1.0000;0.0000;0.0000;0.0000;0.0000
164;297.51;771.1500;907.5000;883.6500;112.5000;82.5083;0.0835;0.0000;-771.1500;0.0000;6.8165;0.0000;-771.1500;0.0000;6.8165;1.0000;0.0000;0.0000;0.0000;0.0000
165;297.90;778.6500;922.6000;896.6500;118.0000;81.9729;0.0863;0.0000;-778.6500;0.0000;6.8165;0.0000;-778.6500;0.0000;6.8165;1.0000;0.0000;0.0000;0.0000;0.0000
166;298.29;772.3500;907.2500;885.6000;113.2500;83.9511;0.0760;0.0000;-772.3500;0.0000;6.8165;0.0000;-772.3500;0.0000;6.8165;1.0000;0.0000;0.0000;0.0000;0.0000
167;298.68;784.3500;918.5500;876.2000;91.8500;68.4426;0.1647;0.0000;-784.3500;0.0000;6.8165;0.0000;-784.3500;0.0000;6.8165;1.0000;0.0000;0.0000;0.0000;0.0000
168;299.08;781.3000;928.0500;872.2000;90.9000;61.9421;0.2080;0.0000;-781.3000;0.0000;6.8165;0.0000;-781.3000;0.0000;6.8165;1.0000;0.0000;0.0000;0.0000;0.0000
169;299.47;785.7500;931.0000;876.4000;90.6500;62.4096;0.2047;0.0000;-785.7500;0.0000;6.8165;0.0000;-785.7500;0.0000;6.8165;1.0000;0.0000;0.0000;0.0000;0.0000
170;299.86;791.3000;921.0000;889.5000;98.2000;75.7132;0.1208;0.0000;-791.3000;0.0000;6.8165;0.0000;-791.3000;0.0000;6.8165;1.0000;0.0000;0.0000;0.0000;0.0000
171;300.25;785.5000;907.7500;882.7500;97.2500;79.5501;0.0994;0.0000;-785.5000;0.0000;6.8165;0.0000;-785.5000;0.0000;6.8165;1.0000;0.0000;0.0000;0.0000;0.0000
172;300.64;776.8500;926.8500;888.4000;111.5500;74.3667;0.1286;0.0000;-776.8500;0.0000;6.8165;0.0000;-776.8500;0.0000;6.8165;1.0000;0.0000;0.0000;0.0000;0.0000
173;301.04;790.0500;923.9000;905.9500;115.9000;86.5895;0.0625;0.0000;-790.0500;0.0000;6.8165;0.0000;-790.0500;0.0000;6.8165;1.0000;0.0000;0.0000;0.0000;0.0000
174;301.43;785.1000;913.8000;891.8000;106.7000;82.9060;0.0814;0.0000;-785.1000;0.0000;6.8165;0.0000;-785.1000;0.0000;6.8165;1.0000;0.0000;0.0000;0.0000;0.0000
175;301.82;782.4500;918.3500;885.6500;103.2000;75.9382;0.1195;0.0000;-782.4500;0.0000;6.8165;0.0000;-782.4500;0.0000;6.8165;1.0000;0.0000;0.0000;0.0000;0.0000
176;302.21;785.7000;912.1500;895.9500;110.2500;87.1886;0.0595;0.0000;-785.7000;0.0000;6.8165;0.0000;-785.7000;0.0000;6.8165;1.0000;0.0000;0.0000;0.0000;0.0000
177;302.60;776.0500;923.6000;901.7000;125.6500;85.1576;0.0698;0.0000;-776.0500;0.0000;6.8165;0.0000;-776.0500;0.0000;6.8165;1.0000;0.0000;0.0000;0.0000;0.0000
178;302.99;776.6000;925.0000;900.3000;123.7000;83.3558;0.0791;0.0000;-776.6000;0.0000;6.8165;0.0000;-776.6000;0.0000;6.8165;1.0000;0.0000;0.0000;0.0000;0.0000
179;303.38;784.1500;917.2000;894.6500;110.5000;83.0515;0.0807;0.0000;-784.1500;0.0000;6.8165;0.0000;-784.1500;0.0000;6.8165;1.0000;0.0000;0.0000;0.0000;0.0000
180;303.78;788.6500;922.7000;892.1500;103.5000;77.2100;0.1123;0.0000;-788.6500;0.0000;6.8165;0.0000;-788.6500;0.0000;6.8165;1.0000;0.0000;0.0000;0.0000;0.0000
181;304.17;793.2000;928.0500;893.6000;100.4000;74.4531;0.1281;0.0000;-793.2000;0.0000;6.8165;0.0000;-793.2000;0.0000;6.8165;1.0000;0.0000;0.0000;0.0000;0.0000
182;304.56;781.7000;924.1000;887.4500;105.7500;74.2626;0.1292;0.0000;-781.7000;0.0000;6.8165;0.0000;-781.7000;0.0000;6.8165;1.0000;0.0000;0.0000;0.0000;0.0000
183;304.95;785.6500;940.9000;891.2000;105.5500;67.9871;0.1676;0.0000;-785.6500;0.0000;6.8165;0.0000;-785.6500;0.0000;6.8165;1.0000;0.0000;0.0000;0.0000;0.0000
184;305.34;781.1000;920.3000;883.0000;101.9000;73.2040;0.1355;0.0000;-781.1000;0.0000;6.8165;0.0000;-781.1000;0.0000;6.8165;1.0000;0.0000;0.0000;0.0000;0.0000
185;305.73;792.5500;917.9000;887.0000;94.4500;75.3490;0.1229;0.0000;-792.5500;0.0000;6.8165;0.0000;-792.5500;0.0000;6.8165;1.0000;0.0000;0.0000;0.0000;0.0000
186;306.12;779.8000;917.7000;903.1000;123.3000;89.4126;0.0486;0.0000;-779.8000;0.0000;6.8165;0.0000;-779.8000;0.0000;6.8165;1.0000;0.0000;0.0000;0.0000;0.0000
187;306.51;790.4500;929.2000;895.6500;105.2000;75.8198;0.1202;0.0000;-790.4500;0.0000;6.8165;0.0000;-790.4500;0.0000;6.8165;1.0000;0.0000;0.0000;0.0000;0.0000
188;306.90;792.1000;908.9000;899.3500;107.2500;91.8236;0.0370;0.0000;-792.1000;0.0000;6.8165;0.0000;-792.1000;0.0000;6.8165;1.0000;0.0000;0.0000;0.0000;0.0000
189;307.29;773.6000;923.4000;901.4000;127.8000;85.3138;0.0690;0.0000;-773.6000;0.0000;6.8165;0.0000;-773.6000;0.0000;6.8165;1.0000;0.0000;0.0000;0.0000;0.0000
190;307.68;772.4000;915.9000;897.9000;125.5000;87.4564;0.0582;0.0000;-772.4000;0.0000;6.8165;0.0000;-772.4000;0.0000;6.8165;1.0000;0.0000;0.0000;0.0000;0.0000
191;308.07;791.5000;931.1000;894.0000;102.5000;73.4241;0.1342;0.0000;-791.5000;0.0000;6.8165;0.0000;-791.5000;0.0000;6.8165;1.0000;0.0000;0.0000;0.0000;0.0000
192;308.46;792.0000;914.2000;901.8000;109.8000;89.8527;0.0465;0.0000;-792.0000;0.0000;6.8165;0.0000;-792.0000;0.0000;6.8165;1.0000;0.0000;0.0000;0.0000;0.0000
193;308.85;780.9000;929.9500;896.7500;115.8500;77.7256;0.1094;0.0000;-780.9000;0.0000;6.8165;0.0000;-780.9000;0.0000;6.8165;1.0000;0.0000;0.0000;0.0000;0.0000
194;309.24;773.1000;929.5500;894.9500;121.8500;77.8843;0.1086;0.0000;-773.1000;0.0000;6.8165;0.0000;-773.1000;0.0000;6.8165;1.0000;0.0000;0.0000;0.0000;0.0000
195;309.63;783.2000;932.2000;901.1000;117.9000;79.1275;0.1017;0.0000;-783.2000;0.0000;6.8165;0.0000;-783.2000;0.0000;6.8165;1.0000;0.0000;0.0000;0.0000;0.0000
196;310.02;782.9000;946.0000;905.2500;122.3500;75.0153;0.1248;0.0000;-782.9000;0.0000;6.8165;0.0000;-782.9000;0.0000;6.8165;1.0000;0.0000;0.0000;0.0000;0.0000
197;310.41;795.0500;943.2500;888.6000;93.5500;63.1242;0.1998;0.0000;-795.0500;0.0000;6.8165;0.0000;-795.0500;0.0000;6.8165;1.0000;0.0000;0.0000;0.0000;0.0000
198;310.80;772.4000;937.2000;891.1500;118.7500;72.0570;0.1423;0.0000;-772.4000;0.0000;6.8165;0.0000;-772.4000;0.0000;6.8165;1.0000;0.0000;0.0000;0.0000;0.0000
199;311.19;776.0500;927.2500;901.3500;125.3000;82.8704;0.0816;0.0000;-776.0500;0.0000;6.8165;0.0000;-776.0500;0.0000;6.8165;1.0000;0.0000;0.0000;0.0000;0.0000
200;311.58;780.1000;937.4000;895.9000;115.8000;73.6173;0.1330;0.0000;-780.1000;0.0000;6.8165;0.0000;-780.1000;0.0000;6.8165;1.0000;0.0000;0.0000;0.0000;0.0000
201;311.97;784.4000;919.5500;885.5000;101.1000;74.8058;0.1261;0.0000;-784.4000;0.0000;6.8165;0.0000;-784.4000;0.0000;6.8165;1.0000;0.0000;0.0000;0.0000;0.0000
202;312.36;777.3500;941.6000;903.0500;125.7000;76.5297;0.1162;0.0000;-777.3500;0.0000;6.8165;0.0000;-777.3500;0.0000;6.8165;1.0000;0.0000;0.0000;0.0000;0.0000
203;312.75;790.6500;924.4500;894.2500;103.6000;77.4290;0.1111;0.0000;-790.6500;0.0000;6.8165;0.0000;-790.6500;0.0000;6.8165;1.0000;0.0000;0.0000;0.0000;0.0000
204;313.14;789.0500;919.4000;895.1500;106.1000;81.3962;0.0894;0.0000;-789.0500;0.0000;6.8165;0.0000;-789.0500;0.0000;6.8165;1.0000;0.0000;0.0000;0.0000;0.0000
205;313.53;790.8500;928.1500;893.2000;102.3500;74.5448;0.1276;0.0000;-790.8500;0.0000;6.8165;0.0000;-790.8500;0.0000;6.8165;1.0000;0.0000;0.0000;0.0000;0.0000
206;313.91;793.8500;925.5500;902.9000;109.0500;82.8018;0.0820;0.0000;-793.8500;0.0000;6.8165;0.0000;-793.8500;0.0000;6.8165;1.0000;0.0000;0.0000;0.0000;0.0000
207;314.30;783.4500;935.9500;890.5000;107.0500;70.1967;0.1537;0.0000;-783.4500;0.0000;6.8165;0.0000;-783.4500;0.0000;6.8165;1.0000;0.0000;0.0000;0.0000;0.0000
208;314.69;776.7500;932.5000;896.4000;119.6500;76.8218;0.1145;0.0000;-776.7500;0.0000;6.8165;0.0000;-776.7500;0.0000;6.8165;1.0000;0.0000;0.0000;0.0000;0.0000
209;315.08;775.1000;937.5000;890.6000;115.5000;71.1207;0.1480;0.0000;-775.1000;0.0000;6.8165;0.0000;-775.1000;0.0000;6.8165;1.0000;0.0000;0.0000;0.0000;0.0000
210;315.47;778.8000;934.4500;894.2500;115.4500;74.1728;0.1298;0.0000;-778.8000;0.0000;6.8165;0.0000;-778.8000;0.0000;6.8165;1.0000;0.0000;0.0000;0.0000;0.0000
211;315.86;783.6500;933.3500;901.4500;117.8000;78.6907;0.1041;0.0000;-783.6500;0.0000;6.8165;0.0000;-783.6500;0.0000;6.8165;1.0000;0.0000;0.0000;0.0000;0.0000
212;316.25;765.9500;933.8000;892.3500;126.4000;75.3053;0.1232;0.0000;-765.9500;0.0000;6.8165;0.0000;-765.9500;0.0000;6.8165;1.0000;0.0000;0.0000;0.0000;0.0000
213;316.63;787.8500;927.0500;895.8000;107.9500;77.5503;0.1104;0.0000;-787.8500;0.0000;6.8165;0.0000;-787.8500;0.0000;6.8165;1.0000;0.0000;0.0000;0.0000;0.0000
214;317.02;788.9000;940.6500;881.6000;92.7000;61.0873;0.2140;0.0000;-788.9000;0.0000;6.8165;0.0000;-788.9000;0.0000;6.8165;1.0000;0.0000;0.0000;0.0000;0.0000
215;317.41;788.5500;929.3000;898.6500;110.1000;78.2238;0.1067;0.0000;-788.5500;0.0000;6.8165;0.0000;-788.5500;0.0000;6.8165;1.0000;0.0000;0.0000;0.0000;0.0000
216;317.80;790.2000;925.3500;901.8500;111.6500;82.6119;0.0830;0.0000;-790.2000;0.0000;6.8165;0.0000;-790.2000;0.0000;6.8165;1.0000;0.0000;0.0000;0.0000;0.0000
217;318.19;768.6000;935.1000;903.3000;134.7000;80.9009;0.0920;0.0000;-768.6000;0.0000;6.8165;0.0000;-768.6000;0.0000;6.8165;1.0000;0.0000;0.0000;0.0000;0.0000
218;318.57;791.0000;924.0500;892.6000;101.6000;76.3623;0.1171;0.0000;-791.0000;0.0000;6.8165;0.0000;-791.0000;0.0000;6.8165;1.0000;0.0000;0.0000;0.0000;0.0000
219;318.96;786.1500;948.4500;905.6000;119.4500;73.5983;0.1331;0.0000;-786.1500;0.0000;6.8165;0.0000;-786.1500;0.0000;6.8165;1.0000;0.0000;0.0000;0.0000;0.0000
220;319.35;784.2500;957.4500;900.1000;115.8500;66.8880;0.1747;0.0000;-784.2500;0.0000;6.8165;0.0000;-784.2500;0.0000;6.8165;1.0000;0.0000;0.0000;0.0000;0.0000
221;319.74;780.7000;945.3500;910.9000;130.2000;79.0768;0.1020;0.0000;-780.7000;0.0000;6.8165;0.0000;-780.7000;0.0000;6.8165;1.0000;0.0000;0.0000;0.0000;0.0000
222;320.12;778.9000;943.8500;905.7500;126.8500;76.9021;0.1141;0.0000;-778.9000;0.0000;6.8165;0.0000;-778.9000;0.0000;6.8165;1.0000;0.0000;0.0000;0.0000;0.0000
223;320.51;782.7500;935.8000;904.2500;121.5000;79.3858;0.1003;0.0000;-782.7500;0.0000;6.8165;0.0000;-782.7500;0.0000;6.8165;1.0000;0.0000;0.0000;0.0000;0.0000
224;320.90;792.2500;932.3000;892.4500;100.2000;71.5459;0.1454;0.0000;-792.2500;0.0000;6.8165;0.0000;-792.2500;0.0000;6.8165;1.0000;0.0000;0.0000;0.0000;0.0000
225;321.28;772.5500;942.3000;905.9500;133.4000;78.5862;0.1047;0.0000;-772.5500;0.0000;6.8165;0.0000;-772.5500;0.0000;6.8165;1.0000;0.0000;0.0000;0.0000;0.0000
226;321.67;784.8500;948.6000;894.5500;109.7000;66.9924;0.1740;0.0000;-784.8500;0.0000;6.8165;0.0000;-784.8500;0.0000;6.8165;1.0000;0.0000;0.0000;0.0000;0.0000
227;322.06;780.6000;935.1500;909.4500;128.8500;83.3711;0.0790;0.0000;-780.6000;0.0000;6.8165;0.0000;-780.6000;0.0000;6.8165;1.0000;0.0000;0.0000;0.0000;0.0000
228;322.45;782.6000;936.0000;898.9500;116.3500;75.8475;0.1201;0.0000;-782.6000;0.0000;6.8165;0.0000;-782.6000;0.0000;6.8165;1.0000;0.0000;0.0000;0.0000;0.0000
229;322.83;786.7000;948.5000;909.8500;123.1500;76.1125;0.1185;0.0000;-786.7000;0.0000;6.8165;0.0000;-786.7000;0.0000;6.8165;1.0000;0.0000;0.0000;0.0000;0.0000
230;323.22;785.1000;941.9500;891.9500;106.8500;68.1224;0.1667;0.0000;-785.1000;0.0000;6.8165;0.0000;-785.1000;0.0000;6.8165;1.0000;0.0000;0.0000;0.0000;0.0000
231;323.61;795.1500;953.6500;899.7500;104.6000;65.9937;0.1805;0.0000;-795.1500;0.0000;6.8165;0.0000;-795.1500;0.0000;6.8165;1.0000;0.0000;0.0000;0.0000;0.0000
232;323.99;792.9000;954.6500;915.5000;122.6000;75.7960;0.1204;0.0000;-792.9000;0.0000;6.8165;0.0000;-792.9000;0.0000;6.8165;1.0000;0.0000;0.0000;0.0000;0.0000
233;324.38;798.0500;944.7500;893.6500;95.6000;65.1670;0.1860;0.0000;-798.0500;0.0000;6.8165;0.0000;-798.0500;0.0000;6.8165;1.0000;0.0000;0.0000;0.0000;0.0000
234;324.77;791.2000;960.9500;908.1000;116.9000;68.8660;0.1620;0.0000;-791.2000;0.0000;6.8165;0.0000;-791.2000;0.0000;6.8165;1.0000;0.0000;0.0000;0.0000;0.0000
235;325.15;782.6000;945.0000;917.2000;134.6000;82.8818;0.0815;0.0000;-782.6000;0.0000;6.8165;0.0000;-782.6000;0.0000;6.8165;1.0000;0.0000;0.0000;0.0000;0.0000
236;325.54;785.8000;939.8500;897.5000;111.7000;72.5089;0.1396;0.0000;-785.8000;0.0000;6.8165;0.0000;-785.8000;0.0000;6.8165;1.0000;0.0000;0.0000;0.0000;0.0000
237;325.92;785.8500;940.8500;914.9500;129.1000;83.2903;0.0794;0.0000;-785.8500;0.0000;6.8165;0.0000;-785.8500;0.0000;6.8165;1.0000;0.0000;0.0000;0.0000;0.0000
238;326.31;798.1500;946.3500;905.9000;107.7500;72.7058;0.1384;0.0000;-798.1500;0.0000;6.8165;0.0000;-798.1500;0.0000;6.8165;1.0000;0.0000;0.0000;0.0000;0.0000
239;326.70;805.9000;935.1500;920.0500;114.1500;88.3172;0.0540;0.0000;-805.9000;0.0000;6.8165;0.0000;-805.9000;0.0000;6.8165;1.0000;0.0000;0.0000;0.0000;0.0000
240;327.08;788.0000;960.9000;912.3000;124.3000;71.8913;0.1433;0.0000;-788.0000;0.0000;6.8165;0.0000;-788.0000;0.0000;6.8165;1.0000;0.0000;0.0000;0.0000;0.0000
241;327.47;801.1000;948.0000;917.9000;116.8000;79.5099;0.0996;0.0000;-801.1000;0.0000;6.8165;0.0000;-801.1000;0.0000;6.8165;1.0000;0.0000;0.0000;0.0000;0.0000
242;327.85;790.7500;953.9000;897.0000;106.2500;65.1241;0.1863;0.0000;-790.7500;0.0000;6.8165;0.0000;-790.7500;0.0000;6.8165;1.0000;0.0000;0.0000;0.0000;0.0000
243;328.24;765.2500;945.3500;928.9500;163.7000;90.8939;0.0415;0.0000;-765.2500;0.0000;6.8165;0.0000;-765.2500;0.0000;6.8165;1.0000;0.0000;0.0000;0.0000;0.0000
244;328.62;779.0000;968.3500;915.3500;136.3500;72.0095;0.1426;0.0000;-779.0000;0.0000;6.8165;0.0000;-779.0000;0.0000;6.8165;1.0000;0.0000;0.0000;0.0000;0.0000
245;329.01;782.4500;946.6500;923.5000;141.0500;85.9013;0.0660;0.0000;-782.4500;0.0000;6.8165;0.0000;-782.4500;0.0000;6.8165;1.0000;0.0000;0.0000;0.0000;0.0000
246;329.39;804.7500;944.2000;912.2000;107.4500;77.0527;0.1132;0.0000;-804.7500;0.0000;6.8165;0.0000;-804.7500;0.0000;6.8165;1.0000;0.0000;0.0000;0.0000;0.0000
247;329.78;783.9500;960.9500;907.8500;123.9000;70.0000;0.1549;0.0000;-783.9500;0.0000;6.8165;0.0000;-783.9500;0.0000;6.8165;1.0000;0.0000;0.0000;0.0000;0.0000
248;330.16;774.2000;958.2500;922.7000;148.5000;80.6846;0.0932;0.0000;-774.2000;0.0000;6.8165;0.0000;-774.2000;0.0000;6.8165;1.0000;0.0000;0.0000;0.0000;0.0000
249;330.55;799.1000;963.1000;901.4500;102.3500;62.4085;0.2048;0.0000;-799.1000;0.0000;6.8165;0.0000;-799.1000;0.0000;6.8165;1.0000;0.0000;0.0000;0.0000;0.0000
250;330.93;777.4000;960.8500;911.0000;133.6000;72.8264;0.1377;0.0000;-777.4000;0.0000;6.8165;0.0000;-777.4000;0.0000;6.8165;1.0000;0.0000;0.0000;0.0000;0.0000
251;331.32;768.6500;962.6000;913.2500;144.6000;74.5553;0.1275;0.0000;-768.6500;0.0000;6.8165;0.0000;-768.6500;0.0000;6.8165;1.0000;0.0000;0.0000;0.0000;0.0000
252;331.70;794.2000;947.9000;907.6500;113.4500;73.8126;0.1319;0.0000;-794.2000;0.0000;6.8165;0.0000;-794.2000;0.0000;6.8165;1.0000;0.0000;0.0000;0.0000;0.0000
253;332.09;791.6000;948.5500;903.8500;112.2500;71.5196;0.1456;0.0000;-791.6000;0.0000;6.8165;0.0000;-791.6000;0.0000;6.8165;1.0000;0.0000;0.0000;0.0000;0.0000
254;332.47;785.4500;951.4000;905.4000;119.9500;72.2808;0.1410;0.0000;-785.4500;0.0000;6.8165;0.0000;-785.4500;0.0000;6.8165;1.0000;0.0000;0.0000;0.0000;0.0000
255;332.86;787.7000;967.3000;914.3500;126.6500;70.5178;0.1517;0.0000;-787.7000;0.0000;6.8165;0.0000;-787.7000;0.0000;6.8165;1.0000;0.0000;0.0000;0.0000;0.0000
256;333.24;772.5500;947.7000;909.8000;137.2500;78.3614;0.1059;0.0000;-772.5500;0.0000;6.8165;0.0000;-772.5500;0.0000;6.8165;1.0000;0.0000;0.0000;0.0000;0.0000
257;333.63;786.5000;956.7500;905.9500;119.4500;70.1615;0.1539;0.0000;-786.5000;0.0000;6.8165;0.0000;-786.5000;0.0000;6.8165;1.0000;0.0000;0.0000;0.0000;0.0000
258;334.01;784.8500;955.1500;903.2500;118.4000;69.5244;0.1579;0.0000;-784.8500;0.0000;6.8165;0.0000;-784.8500;0.0000;6.8165;1.0000;0.0000;0.0000;0.0000;0.0000
259;334.39;792.8500;948.5000;909.2000;116.3500;74.7510;0.1264;0.0000;-792.8500;0.0000;6.8165;0.0000;-792.8500;0.0000;6.8165;1.0000;0.0000;0.0000;0.0000;0.0000
260;334.78;794.3500;968.1500;903.9000;109.5500;63.0322;0.2004;0.0000;-794.3500;0.0000;6.8165;0.0000;-794.3500;0.0000;6.8165;1.0000;0.0000;0.0000;0.0000;0.0000
261;335.16;770.9500;947.3000;906.9500;136.0000;77.1194;0.1128;0.0000;-770.9500;0.0000;6.8165;0.0000;-770.9500;0.0000;6.8165;1.0000;0.0000;0.0000;0.0000;0.0000
262;335.55;787.4000;956.8000;927.4000;140.0000;82.6446;0.0828;0.0000;-787.4000;0.0000;6.8165;0.0000;-787.4000;0.0000;6.8165;1.0000;0.0000;0.0000;0.0000;0.0000
263;335.93;770.2500;949.9000;920.8500;150.6000;83.8297;0.0766;0.0000;-770.2500;0.0000;6.8165;0.0000;-770.2500;0.0000;6.8165;1.0000;0.0000;0.0000;0.0000;0.0000
264;336.31;788.1500;952.7000;912.6500;124.5000;75.6609;0.1211;0.0000;-788.1500;0.0000;6.8165;0.0000;-788.1500;0.0000;6.8165;1.0000;0.0000;0.0000;0.0000;0.0000
265;336.70;791.2500;965.6000;903.1000;111.8500;64.1526;0.1928;0.0000;-791.2500;0.0000;6.8165;0.0000;-791.2500;0.0000;6.8165;1.0000;0.0000;0.0000;0.0000;0.0000
266;337.08;785.1500;963.6000;915.3500;130.2000;72.9616;0.1369;0.0000;-785.1500;0.0000;6.8165;0.0000;-785.1500;0.0000;6.8165;1.0000;0.0000;0.0000;0.0000;0.0000
267;337.46;773.8500;958.1500;900.3500;126.5000;68.6381;0.1634;0.0000;-773.8500;0.0000;6.8165;0.0000;-773.8500;0.0000;6.8165;1.0000;0.0000;0.0000;0.0000;0.0000
268;337.85;789.4000;966.3000;918.8000;129.4000;73.1487;0.1358;0.0000;-789.4000;0.0000;6.8165;0.0000;-789.4000;0.0000;6.8165;1.0000;0.0000;0.0000;0.0000;0.0000
269;338.23;780.2000;986.2000;924.0500;143.8500;69.8301;0.1560;0.0000;-780.2000;0.0000;6.8165;0.0000;-780.2000;0.0000;6.8165;1.0000;0.0000;0.0000;0.0000;0.0000
270;338.61;773.5500;965.1000;933.8500;160.3000;83.6857;0.0773;0.0000;-773.5500;0.0000;6.8165;0.0000;-773.5500;0.0000;6.8165;1.0000;0.0000;0.0000;0.0000;0.0000
271;339.00;797.6500;949.4500;911.2000;113.5500;74.8024;0.1261;0.0000;-797.6500;0.0000;6.8165;0.0000;-797.6500;0.0000;6.8165;1.0000;0.0000;0.0000;0.0000;0.0000
272;339.38;781.0000;951.9000;927.6500;146.6500;85.8104;0.0665;0.0000;-781.0000;0.0000;6.8165;0.0000;-781.0000;0.0000;6.8165;1.0000;0.0000;0.0000;0.0000;0.0000
273;339.76;770.9000;954.8000;919.8500;148.9500;80.9951;0.0915;0.0000;-770.9000;0.0000;6.8165;0.0000;-770.9000;0.0000;6.8165;1.0000;0.0000;0.0000;0.0000;0.0000
274;340.14;782.1500;939.5500;910.8500;128.7000;81.7662;0.0874;0.0000;-782.1500;0.0000;6.8165;0.0000;-782.1500;0.0000;6.8165;1.0000;0.0000;0.0000;0.0000;0.0000
275;340.53;784.0000;953.7000;923.2000;139.2000;82.0271;0.0860;0.0000;-784.0000;0.0000;6.8165;0.0000;-784.0000;0.0000;6.8165;1.0000;0.0000;0.0000;0.0000;0.0000
276;340.91;775.8500;943.6500;921.0000;145.1500;86.5018;0.0630;0.0000;-775.8500;0.0000;6.8165;0.0000;-775.8500;0.0000;6.8165;1.0000;0.0000;0.0000;0.0000;0.0000
277;341.29;779.0500;961.5500;915.6000;136.5500;74.8219;0.1260;0.0000;-779.0500;0.0000;6.8165;0.0000;-779.0500;0.0000;6.8165;1.0000;0.0000;0.0000;0.0000;0.0000
278;341.67;769.1000;963.9500;921.6000;152.5000;78.2653;0.1064;0.0000;-769.1000;0.0000;6.8165;0.0000;-769.1000;0.0000;6.8165;1.0000;0.0000;0.0000;0.0000;0.0000
279;342.06;788.2000;961.5500;909.9000;121.7000;70.2048;0.1536;0.0000;-788.2000;0.0000;6.8165;0.0000;-788.2000;0.0000;6.8165;1.0000;0.0000;0.0000;0.0000;0.0000
280;342.44;782.5000;969.7500;909.4500;126.9500;67.7971;0.1688;0.0000;-782.5000;0.0000;6.8165;0.0000;-782.5000;0.0000;6.8165;1.0000;0.0000;0.0000;0.0000;0.0000
281;342.82;770.1500;967.7500;897.2000;127.0500;64.2966;0.1918;0.0000;-770.1500;0.0000;6.8165;0.0000;-770.1500;0.0000;6.8165;1.0000;0.0000;0.0000;0.0000;0.0000
282;343.20;789.0500;965.5500;900.8500;111.8000;63.3428;0.1983;0.0000;-789.0500;0.0000;6.8165;0.0000;-789.0500;0.0000;6.8165;1.0000;0.0000;0.0000;0.0000;0.0000
283;343.59;786.4500;974.7000;921.6500;135.2000;71.8194;0.1438;0.0000;-786.4500;0.0000;6.8165;0.0000;-786.4500;0.0000;6.8165;1.0000;0.0000;0.0000;0.0000;0.0000
284;343.97;785.6500;964.4000;898.2500;112.6000;62.9930;0.2007;0.0000;-785.6500;0.0000;6.8165;0.0000;-785.6500;0.0000;6.8165;1.0000;0.0000;0.0000;0.0000;0.0000
285;344.35;789.1500;972.6000;937.6500;148.5000;80.9485;0.0918;0.0000;-789.1500;0.0000;6.8165;0.0000;-789.1500;0.0000;6.8165;1.0000;0.0000;0.0000;0.0000;0.0000
286;344.73;777.3000;960.6500;927.6000;150.3000;81.9744;0.0863;0.0000;-777.3000;0.0000;6.8165;0.0000;-777.3000;0.0000;6.8165;1.0000;0.0000;0.0000;0.0000;0.0000
287;345.11;775.2000;959.5500;912.0500;136.8500;74.2338;0.1294;0.0000;-775.2000;0.0000;6.8165;0.0000;-775.2000;0.0000;6.8165;1.0000;0.0000;0.0000;0.0000;0.0000
288;345.49;781.7000;958.2500;916.7000;135.0000;76.4656;0.1165;0.0000;-781.7000;0.0000;6.8165;0.0000;-781.7000;0.0000;6.8165;1.0000;0.0000;0.0000;0.0000;0.0000
289;345.88;781.2000;970.9000;925.8000;144.6000;76.2256;0.1179;0.0000;-781.2000;0.0000;6.8165;0.0000;-781.2000;0.0000;6.8165;1.0000;0.0000;0.0000;0.0000;0.0000
290;346.26;782.2500;955.0500;926.6500;144.4000;83.5648;0.0780;0.0000;-782.2500;0.0000;6.8165;0.0000;-782.2500;0.0000;6.8165;1.0000;0.0000;0.0000;0.0000;0.0000
291;346.64;790.5500;964.6000;905.6000;115.0500;66.1017;0.1798;0.0000;-790.5500;0.0000;6.8165;0.0000;-790.5500;0.0000;6.8165;1.0000;0.0000;0.0000;0.0000;0.0000
292;347.02;787.7000;964.0500;922.3000;134.6000;76.3255;0.1173;0.0000;-787.7000;0.0000;6.8165;0.0000;-787.7000;0.0000;6.8165;1.0000;0.0000;0.0000;0.0000;0.0000
293;347.40;787.2000;955.2500;928.6000;141.4000;84.1416;0.0750;0.0000;-787.2000;0.0000;6.8165;0.0000;-787.2000;0.0000;6.8165;1.0000;0.0000;0.0000;0.0000;0.0000
294;347.78;782.3000;955.7000;919.3500;137.0500;79.0369;0.1022;0.0000;-782.3000;0.0000;6.8165;0.0000;-782.3000;0.0000;6.8165;1.0000;0.0000;0.0000;0.0000;0.0000
295;348.16;799.2000;960.5000;914.6500;115.4500;71.5747;0.1452;0.0000;-799.2000;0.0000;6.8165;0.0000;-799.2000;0.0000;6.8165;1.0000;0.0000;0.0000;0.0000;0.0000
296;348.54;793.9000;955.5000;914.7500;120.8500;74.7834;0.1262;0.0000;-793.9000;0.0000;6.8165;0.0000;-793.9000;0.0000;6.8165;1.0000;0.0000;0.0000;0.0000;0.0000
297;348.92;784.5500;944.4000;933.0000;148.4500;92.8683;0.0321;0.0000;-784.5500;0.0000;6.8165;0.0000;-784.5500;0.0000;6.8165;1.0000;0.0000;0.0000;0.0000;0.0000
298;349.30;765.5500;969.3000;919.9000;154.3500;75.7546;0.1206;0.0000;-765.5500;0.0000;6.8165;0.0000;-765.5500;0.0000;6.8165;1.0000;0.0000;0.0000;0.0000;0.0000
299;349.68;778.9500;974.0500;918.5500;139.6000;71.5530;0.1454;0.0000;-778.9500;0.0000;6.8165;0.0000;-778.9500;0.0000;6.8165;1.0000;0.0000;0.0000;0.0000;0.0000
300;350.06;777.3500;970.4000;935.8000;158.4500;82.0772;0.0858;0.0000;-777.3500;0.0000;6.8165;0.0000;-777.3500;0.0000;6.8165;1.0000;0.0000;0.0000;0.0000;0.0000
301;350.44;776.3000;967.1000;913.4000;137.1000;71.8553;0.1435;0.0000;-776.3000;0.0000;6.8165;0.0000;-776.3000;0.0000;6.8165;1.0000;0.0000;0.0000;0.0000;0.0000
302;350.82;787.0500;962.7500;923.7500;136.7000;77.8031;0.1090;0.0000;-787.0500;0.0000;6.8165;0.0000;-787.0500;0.0000;6.8165;1.0000;0.0000;0.0000;0.0000;0.0000
303;351.21;770.4500;967.2500;925.6000;155.1500;78.8364;0.1033;0.0000;-770.4500;0.0000;6.8165;0.0000;-770.4500;0.0000;6.8165;1.0000;0.0000;0.0000;0.0000;0.0000
304;351.59;769.6500;973.4500;914.8500;145.2000;71.2463;0.1472;0.0000;-769.6500;0.0000;6.8165;0.0000;-769.6500;0.0000;6.8165;1.0000;0.0000;0.0000;0.0000;0.0000
305;351.97;777.8000;983.2500;918.6500;140.8500;68.5568;0.1639;0.0000;-777.8000;0.0000;6.8165;0.0000;-777.8000;0.0000;6.8165;1.0000;0.0000;0.0000;0.0000;0.0000
306;352.34;780.7500;980.5500;919.1500;138.4000;69.2693;0.1595;0.0000;-780.7500;0.0000;6.8165;0.0000;-780.7500;0.0000;6.8165;1.0000;0.0000;0.0000;0.0000;0.0000
307;352.72;776.3000;976.1500;932.5000;156.2000;78.1586;0.1070;0.0000;-776.3000;0.0000;6.8165;0.0000;-776.3000;0.0000;6.8165;1.0000;0.0000;0.0000;0.0000;0.0000
308;353.10;793.3000;976.1000;920.9500;127.6500;69.8304;0.1560;0.0000;-793.3000;0.0000;6.8165;0.0000;-793.3000;0.0000;6.8165;1.0000;0.0000;0.0000;0.0000;0.0000
309;353.48;788.8500;965.3000;922.1000;133.2500;75.5171;0.1220;0.0000;-788.8500;0.0000;6.8165;0.0000;-788.8500;0.0000;6.8165;1.0000;0.0000;0.0000;0.0000;0.0000
310;353.86;795.1000;966.5000;920.4500;125.3500;73.1330;0.1359;0.0000;-795.1000;0.0000;6.8165;0.0000;-795.1000;0.0000;6.8165;1.0000;0.0000;0.0000;0.0000;0.0000
311;354.24;775.3500;973.0500;923.7500;148.4000;75.0632;0.1246;0.0000;-775.3500;0.0000;6.8165;0.0000;-775.3500;0.0000;6.8165;1.0000;0.0000;0.0000;0.0000;0.0000
312;354.62;791.0500;973.1000;921.8000;130.7500;71.8209;0.1437;0.0000;-791.0500;0.0000;6.8165;0.0000;-791.0500;0.0000;6.8165;1.0000;0.0000;0.0000;0.0000;0.0000
313;355.00;789.8500;986.7000;920.6500;130.8000;66.4465;0.1775;0.0000;-789.8500;0.0000;6.8165;0.0000;-789.8500;0.0000;6.8165;1.0000;0.0000;0.0000;0.0000;0.0000
314;355.38;786.6500;981.5000;926.4000;139.7500;71.7218;0.1443;0.0000;-786.6500;0.0000;6.8165;0.0000;-786.6500;0.0000;6.8165;1.0000;0.0000;0.0000;0.0000;0.0000
315;355.76;790.9500;961.7000;926.9500;136.0000;79.6486;0.0988;0.0000;-790.9500;0.0000;6.8165;0.0000;-790.9500;0.0000;6.8165;1.0000;0.0000;0.0000;0.0000;0.0000
316;356.14;784.3000;994.2000;936.9500;152.6500;72.7251;0.1383;0.0000;-784.3000;0.0000;6.8165;0.0000;-784.3000;0.0000;6.8165;1.0000;0.0000;0.0000;0.0000;0.0000
317;356.52;790.4000;984.5000;930.1000;139.7000;71.9732;0.1428;0.0000;-790.4000;0.0000;6.8165;0.0000;-790.4000;0.0000;6.8165;1.0000;0.0000;0.0000;0.0000;0.0000
318;356.90;772.0500;989.2500;923.9000;151.8500;69.9125;0.1554;0.0000;-772.0500;0.0000;6.8165;0.0000;-772.0500;0.0000;6.8165;1.0000;0.0000;0.0000;0.0000;0.0000
319;357.27;791.1000;984.9000;930.2000;139.1000;71.7750;0.1440;0.0000;-791.1000;0.0000;6.8165;0.0000;-791.1000;0.0000;6.8165;1.0000;0.0000;0.0000;0.0000;0.0000
320;357.65;789.1000;995.3500;937.8500;148.7500;72.1212;0.1419;0.0000;-789.1000;0.0000;6.8165;0.0000;-789.1000;0.0000;6.8165;1.0000;0.0000;0.0000;0.0000;0.0000
321;358.03;775.7500;976.5500;939.5500;163.8000;81.5737;0.0884;0.0000;-775.7500;0.0000;6.8165;0.0000;-775.7500;0.0000;6.8165;1.0000;0.0000;0.0000;0.0000;0.0000
322;358.41;786.4000;980.6000;919.0500;132.6500;68.3059;0.1655;0.0000;-786.4000;0.0000;6.8165;0.0000;-786.4000;0.0000;6.8165;1.0000;0.0000;0.0000;0.0000;0.0000
323;358.79;768.5000;991.4500;932.0000;163.5000;73.3348;0.1347;0.0000;-768.5000;0.0000;6.8165;0.0000;-768.5000;0.0000;6.8165;1.0000;0.0000;0.0000;0.0000;0.0000
324;359.17;771.2500;998.0500;913.7500;142.5000;62.8307;0.2018;0.0000;-771.2500;0.0000;6.8165;0.0000;-771.2500;0.0000;6.8165;1.0000;0.0000;0.0000;0.0000;0.0000
325;359.55;787.9500;986.0500;944.9000;156.9500;79.2277;0.1011;0.0000;-787.9500;0.0000;6.8165;0.0000;-787.9500;0.0000;6.8165;1.0000;0.0000;0.0000;0.0000;0.0000
326;359.92;785.4500;985.1000;937.7000;152.2500;76.2585;0.1177;0.0000;-785.4500;0.0000;6.8165;0.0000;-785.4500;0.0000;6.8165;1.0000;0.0000;0.0000;0.0000;0.0000
327;360.30;773.8000;982.3500;945.5000;171.7000;82.3304;0.0844;0.0000;-773.8000;0.0000;6.8165;0.0000;-773.8000;0.0000;6.8165;1.0000;0.0000;0.0000;0.0000;0.0000
328;360.68;782.1000;971.8000;920.1500;138.0500;72.7728;0.1380;0.0000;-782.1000;0.0000;6.8165;0.0000;-782.1000;0.0000;6.8165;1.0000;0.0000;0.0000;0.0000;0.0000
329;361.06;779.0500;969.6500;937.2000;158.1500;82.9748;0.0811;0.0000;-779.0500;0.0000;6.8165;0.0000;-779.0500;0.0000;6.8165;1.0000;0.0000;0.0000;0.0000;0.0000
330;361.43;788.0000;983.5500;937.0000;149.0000;76.1953;0.1181;0.0000;-788.0000;0.0000;6.8165;0.0000;-788.0000;0.0000;6.8165;1.0000;0.0000;0.0000;0.0000;0.0000
331;361.81;787.3500;980.6500;931.2500;143.9000;74.4439;0.1282;0.0000;-787.3500;0.0000;6.8165;0.0000;-787.3500;0.0000;6.8165;1.0000;0.0000;0.0000;0.0000;0.0000
332;362.19;785.9500;988.3500;954.9000;168.9500;83.4733;0.0785;0.0000;-785.9500;0.0000;6.8165;0.0000;-785.9500;0.0000;6.8165;1.0000;0.0000;0.0000;0.0000;0.0000
333;362.57;779.8000;983.3000;930.8000;151.0000;74.2015;0.1296;0.0000;-779.8000;0.0000;6.8165;0.0000;-779.8000;0.0000;6.8165;1.0000;0.0000;0.0000;0.0000;0.0000
334;362.94;783.9500;1003.0500;933.3000;149.3500;68.1652;0.1664;0.0000;-783.9500;0.0000;6.8165;0.0000;-783.9500;0.0000;6.8165;1.0000;0.0000;0.0000;0.0000;0.0000
335;363.32;764.1000;982.3000;943.0000;178.9000;81.9890;0.0862;0.0000;-764.1000;0.0000;6.8165;0.0000;-764.1000;0.0000;6.8165;1.0000;0.0000;0.0000;0.0000;0.0000
336;363.70;784.7500;995.8000;942.5000;157.7500;74.7453;0.1264;0.0000;-784.7500;0.0000;6.8165;0.0000;-784.7500;0.0000;6.8165;1.0000;0.0000;0.0000;0.0000;0.0000
337;364.08;766.8000;1003.4000;938.0500;171.2500;72.3795;0.1404;0.0000;-766.8000;0.0000;6.8165;0.0000;-766.8000;0.0000;6.8165;1.0000;0.0000;0.0000;0.0000;0.0000
338;364.45;779.7000;982.7500;934.7000;155.0000;76.3359;0.1173;0.0000;-779.7000;0.0000;6.8165;0.0000;-779.7000;0.0000;6.8165;1.0000;0.0000;0.0000;0.0000;0.0000
339;364.83;785.1000;995.0000;949.7500;164.6500;78.4421;0.1055;0.0000;-785.1000;0.0000;6.8165;0.0000;-785.1000;0.0000;6.8165;1.0000;0.0000;0.0000;0.0000;0.0000
340;365.21;779.3000;994.8500;936.8500;157.5500;73.0921;0.1361;0.0000;-779.3000;0.0000;6.8165;0.0000;-779.3000;0.0000;6.8165;1.0000;0.0000;0.0000;0.0000;0.0000
341;365.58;775.6000;994.9500;932.2500;156.6500;71.4155;0.1462;0.0000;-775.6000;0.0000;6.8165;0.0000;-775.6000;0.0000;6.8165;1.0000;0.0000;0.0000;0.0000;0.0000
342;365.96;790.7500;995.3000;939.6000;148.8500;72.7695;0.1381;0.0000;-790.7500;0.0000;6.8165;0.0000;-790.7500;0.0000;6.8165;1.0000;0.0000;0.0000;0.0000;0.0000
343;366.34;790.4000;993.2000;939.4500;149.0500;73.4961;0.1337;0.0000;-790.4000;0.0000;6.8165;0.0000;-790.4000;0.0000;6.8165;1.0000;0.0000;0.0000;0.0000;0.0000
344;366.71;777.7500;1002.2000;936.5500;158.8000;70.7507;0.1503;0.0000;-777.7500;0.0000;6.8165;0.0000;-777.7500;0.0000;6.8165;1.0000;0.0000;0.0000;0.0000;0.0000
345;367.09;793.0500;995.7500;923.0500;130.0000;64.1342;0.1929;0.0000;-793.0500;0.0000;6.8165;0.0000;-793.0500;0.0000;6.8165;1.0000;0.0000;0.0000;0.0000;0.0000
346;367.47;782.0500;997.7000;938.8500;156.8000;72.7104;0.1384;0.0000;-782.0500;0.0000;6.8165;0.0000;-782.0500;0.0000;6.8165;1.0000;0.0000;0.0000;0.0000;0.0000
347;367.84;797.8000;999.4500;928.9000;131.1000;65.0136;0.1870;0.0000;-797.8000;0.0000;6.8165;0.0000;-797.8000;0.0000;6.8165;1.0000;0.0000;0.0000;0.0000;0.0000
348;368.22;790.7000;991.8000;928.5500;137.8500;68.5480;0.1640;0.0000;-790.7000;0.0000;6.8165;0.0000;-790.7000;0.0000;6.8165;1.0000;0.0000;0.0000;0.0000;0.0000
349;368.59;792.4000;1005.2000;935.3500;142.9500;67.1758;0.1728;0.0000;-792.4000;0.0000;6.8165;0.0000;-792.4000;0.0000;6.8165;1.0000;0.0000;0.0000;0.0000;0.0000
350;368.97;785.8000;977.3000;936.5000;150.7000;78.6945;0.1041;0.0000;-785.8000;0.0000;6.8165;0.0000;-785.8000;0.0000;6.8165;1.0000;0.0000;0.0000;0.0000;0.0000
351;369.35;788.1500;1001.7000;932.5500;144.4000;67.6188;0.1699;0.0000;-788.1500;0.0000;6.8165;0.0000;-788.1500;0.0000;6.8165;1.0000;0.0000;0.0000;0.0000;0.0000
352;369.72;788.7000;1011.0000;931.1000;142.4000;64.0576;0.1934;0.0000;-788.7000;0.0000;6.8165;0.0000;-788.7000;0.0000;6.8165;1.0000;0.0000;0.0000;0.0000;0.0000
353;370.10;764.0000;993.8000;930.8000;166.8000;72.5849;0.1392;0.0000;-764.0000;0.0000;6.8165;0.0000;-764.0000;0.0000;6.8165;1.0000;0.0000;0.0000;0.0000;0.0000
354;370.47;779.9000;1002.6500;926.1500;146.2500;65.6566;0.1827;0.0000;-779.9000;0.0000;6.8165;0.0000;-779.9000;0.0000;6.8165;1.0000;0.0000;0.0000;0.0000;0.0000
355;370.85;790.7500;1010.3500;936.0000;145.2500;66.1430;0.1795;0.0000;-790.7500;0.0000;6.8165;0.0000;-790.7500;0.0000;6.8165;1.0000;0.0000;0.0000;0.0000;0.0000
356;371.22;786.5500;1006.8500;942.3000;155.7500;70.6990;0.1506;0.0000;-786.5500;0.0000;6.8165;0.0000;-786.5500;0.0000;6.8165;1.0000;0.0000;0.0000;0.0000;0.0000
357;371.60;786.7500;1002.6000;940.4000;153.6500;71.1837;0.1476;0.0000;-786.7500;0.0000;6.8165;0.0000;-786.7500;0.0000;6.8165;1.0000;0.0000;0.0000;0.0000;0.0000
358;371.97;777.5000;1016.0000;950.8500;173.3500;72.6834;0.1386;0.0000;-777.5000;0.0000;6.8165;0.0000;-777.5000;0.0000;6.8165;1.0000;0.0000;0.0000;0.0000;0.0000
359;372.35;771.2500;993.7500;937.3000;166.0500;74.6292;0.1271;0.0000;-771.2500;0.0000;6.8165;0.0000;-771.2500;0.0000;6.8165;1.0000;0.0000;0.0000;0.0000;0.0000
360;372.72;780.3500;986.9000;944.2000;163.8500;79.3270;0.1006;0.0000;-780.3500;0.0000;6.8165;0.0000;-780.3500;0.0000;6.8165;1.0000;0.0000;0.0000;0.0000;0.0000
361;373.10;784.9500;1010.2500;938.1500;153.2000;67.9982;0.1675;0.0000;-784.9500;0.0000;6.8165;0.0000;-784.9500;0.0000;6.8165;1.0000;0.0000;0.0000;0.0000;0.0000
362;373.47;783.0500;991.9000;945.2000;162.1500;77.6395;0.1099;0.0000;-783.0500;0.0000;6.8165;0.0000;-783.0500;0.0000;6.8165;1.0000;0.0000;0.0000;0.0000;0.0000
363;373.85;801.0000;1008.5500;953.5500;152.5500;73.5004;0.1337;0.0000;-801.0000;0.0000;6.8165;0.0000;-801.0000;0.0000;6.8165;1.0000;0.0000;0.0000;0.0000;0.0000
364;374.22;773.0000;988.0500;939.8000;166.8000;77.5634;0.1103;0.0000;-773.0000;0.0000;6.8165;0.0000;-773.0000;0.0000;6.8165;1.0000;0.0000;0.0000;0.0000;0.0000
365;374.60;788.4500;1010.3500;941.5500;153.1000;68.9950;0.1612;0.0000;-788.4500;0.0000;6.8165;0.0000;-788.4500;0.0000;6.8165;1.0000;0.0000;0.0000;0.0000;0.0000
366;374.97;779.9000;1000.5000;937.4500;157.5500;71.4189;0.1462;0.0000;-779.9000;0.0000;6.8165;0.0000;-779.9000;0.0000;6.8165;1.0000;0.0000;0.0000;0.0000;0.0000
367;375.35;781.4000;1005.6000;953.6500;172.2500;76.8287;0.1145;0.0000;-781.4000;0.0000;6.8165;0.0000;-781.4000;0.0000;6.8165;1.0000;0.0000;0.0000;0.0000;0.0000
368;375.72;792.1500;1006.0000;943.9000;151.7500;70.9610;0.1490;0.0000;-792.1500;0.0000;6.8165;0.0000;-792.1500;0.0000;6.8165;1.0000;0.0000;0.0000;0.0000;0.0000
369;376.09;769.4000;1006.3000;943.0500;173.6500;73.3010;0.1349;0.0000;-769.4000;0.0000;6.8165;0.0000;-769.4000;0.0000;6.8165;1.0000;0.0000;0.0000;0.0000;0.0000
370;376.47;780.0500;1018.0000;939.2500;159.2000;66.9048;0.1745;0.0000;-780.0500;0.0000;6.8165;0.0000;-780.0500;0.0000;6.8165;1.0000;0.0000;0.0000;0.0000;0.0000
371;376.84;789.4500;1008.0000;938.3000;148.8500;68.1080;0.1668;0.0000;-789.4500;0.0000;6.8165;0.0000;-789.4500;0.0000;6.8165;1.0000;0.0000;0.0000;0.0000;0.0000
372;377.22;781.7500;1016.9000;956.3000;174.5500;74.2292;0.1294;0.0000;-781.7500;0.0000;6.8165;0.0000;-781.7500;0.0000;6.8165;1.0000;0.0000;0.0000;0.0000;0.0000
373;377.59;782.7500;1008.2000;945.1500;162.4000;72.0337;0.1425;0.0000;-782.7500;0.0000;6.8165;0.0000;-782.7500;0.0000;6.8165;1.0000;0.0000;0.0000;0.0000;0.0000
374;377.96;781.3000;1021.9000;941.8000;160.5000;66.7082;0.1758;0.0000;-781.3000;0.0000;6.8165;0.0000;-781.3000;0.0000;6.8165;1.0000;0.0000;0.0000;0.0000;0.0000
375;378.34;779.9500;1009.8500;937.9000;157.9500;68.7038;0.1630;0.0000;-779.9500;0.0000;6.8165;0.0000;-779.9500;0.0000;6.8165;1.0000;0.0000;0.0000;0.0000;0.0000
376;378.71;788.0500;1013.3500;946.3000;158.2500;70.2397;0.1534;0.0000;-788.0500;0.0000;6.8165;0.0000;-788.0500;0.0000;6.8165;1.0000;0.0000;0.0000;0.0000;0.0000
377;379.08;778.6000;1019.5000;951.9000;173.3000;71.9386;0.1430;0.0000;-778.6000;0.0000;6.8165;0.0000;-778.6000;0.0000;6.8165;1.0000;0.0000;0.0000;0.0000;0.0000
378;379.46;785.1500;1013.3000;950.7500;165.6000;72.5838;0.1392;0.0000;-785.1500;0.0000;6.8165;0.0000;-785.1500;0.0000;6.8165;1.0000;0.0000;0.0000;0.0000;0.0000
379;379.83;786.3000;1017.5500;945.2000;158.9000;68.7135;0.1630;0.0000;-786.3000;0.0000;6.8165;0.0000;-786.3000;0.0000;6.8165;1.0000;0.0000;0.0000;0.0000;0.0000
380;380.20;783.4000;1005.7000;954.2500;170.8500;76.8556;0.1143;0.0000;-783.4000;0.0000;6.8165;0.0000;-783.4000;0.0000;6.8165;1.0000;0.0000;0.0000;0.0000;0.0000
381;380.58;782.3500;1036.2000;934.0000;151.6500;59.7400;0.2237;0.0000;-782.3500;0.0000;6.8165;0.0000;-782.3500;0.0000;6.8165;1.0000;0.0000;0.0000;0.0000;0.0000
382;380.95;790.1000;1010.1500;954.3000;164.2000;74.6194;0.1271;0.0000;-790.1000;0.0000;6.8165;0.0000;-790.1000;0.0000;6.8165;1.0000;0.0000;0.0000;0.0000;0.0000
383;381.32;782.0500;1021.4500;941.4500;159.4000;66.5831;0.1766;0.0000;-782.0500;0.0000;6.8165;0.0000;-782.0500;0.0000;6.8165;1.0000;0.0000;0.0000;0.0000;0.0000
384;381.70;778.0500;1021.5000;948.0500;170.0000;69.8295;0.1560;0.0000;-778.0500;0.0000;6.8165;0.0000;-778.0500;0.0000;6.8165;1.0000;0.0000;0.0000;0.0000;0.0000
385;382.07;788.1500;1028.1500;962.1500;174.0000;72.5000;0.1397;0.0000;-788.1500;0.0000;6.8165;0.0000;-788.1500;0.0000;6.8165;1.0000;0.0000;0.0000;0.0000;0.0000
386;382.44;788.2000;1038.7500;973.1500;184.9500;73.8176;0.1318;0.0000;-788.2000;0.0000;6.8165;0.0000;-788.2000;0.0000;6.8165;1.0000;0.0000;0.0000;0.0000;0.0000
387;382.81;794.7000;1042.7000;977.0000;182.3000;73.5081;0.1337;0.0000;-794.7000;0.0000;6.8165;0.0000;-794.7000;0.0000;6.8165;1.0000;0.0000;0.0000;0.0000;0.0000
388;383.19;778.3500;1034.7500;977.5000;199.1500;77.6716;0.1097;0.0000;-778.3500;0.0000;6.8165;0.0000;-778.3500;0.0000;6.8165;1.0000;0.0000;0.0000;0.0000;0.0000
389;383.56;774.7500;1065.7000;984.7000;209.9500;72.1602;0.1417;0.0000;-774.7500;0.0000;6.8165;0.0000;-774.7500;0.0000;6.8165;1.0000;0.0000;0.0000;0.0000;0.0000
390;383.93;777.3000;1067.6000;1001.7500;224.4500;77.3166;0.1117;0.0000;-777.3000;0.0000;6.8165;0.0000;-777.3000;0.0000;6.8165;1.0000;0.0000;0.0000;0.0000;0.0000
391;384.30;782.4500;1076.2500;1003.5000;221.0500;75.2383;0.1236;0.0000;-782.4500;0.0000;6.8165;0.0000;-782.4500;0.0000;6.8165;1.0000;0.0000;0.0000;0.0000;0.0000
392;384.68;781.7000;1077.5000;1015.9500;234.2500;79.1920;0.1013;0.0000;-781.7000;0.0000;6.8165;0.0000;-781.7000;0.0000;6.8165;1.0000;0.0000;0.0000;0.0000;0.0000
393;385.05;784.1500;1093.5500;1013.8500;229.7000;74.2405;0.1294;0.0000;-784.1500;0.0000;6.8165;0.0000;-784.1500;0.0000;6.8165;1.0000;0.0000;0.0000;0.0000;0.0000
394;385.42;777.3500;1095.8000;1039.8500;262.5000;82.4305;0.0839;0.0000;-777.3500;0.0000;6.8165;0.0000;-777.3500;0.0000;6.8165;1.0000;0.0000;0.0000;0.0000;0.0000
395;385.79;787.2000;1104.3500;1052.9500;265.7500;83.7932;0.0768;0.0000;-787.2000;0.0000;6.8165;0.0000;-787.2000;0.0000;6.8165;1.0000;0.0000;0.0000;0.0000;0.0000
396;386.16;783.4000;1127.7500;1064.5000;281.1000;81.6321;0.0881;0.0000;-783.4000;0.0000;6.8165;0.0000;-783.4000;0.0000;6.8165;1.0000;0.0000;0.0000;0.0000;0.0000
397;386.53;786.5000;1130.6500;1067.0000;280.5000;81.5052;0.0888;0.0000;-786.5000;0.0000;6.8165;0.0000;-786.5000;0.0000;6.8165;1.0000;0.0000;0.0000;0.0000;0.0000
398;386.91;793.4000;1142.5500;1101.1000;307.7000;88.1283;0.0549;0.0000;-793.4000;0.0000;6.8165;0.0000;-793.4000;0.0000;6.8165;1.0000;0.0000;0.0000;0.0000;0.0000
399;387.28;796.0000;1159.4500;1095.8500;299.8500;82.5010;0.0835;0.0000;-796.0000;0.0000;6.8165;0.0000;-796.0000;0.0000;6.8165;1.0000;0.0000;0.0000;0.0000;0.0000
400;387.65;785.5500;1168.5000;1107.2000;321.6500;83.9927;0.0758;0.0000;-785.5500;0.0000;6.8165;0.0000;-785.5500;0.0000;6.8165;1.0000;0.0000;0.0000;0.0000;0.0000
401;388.02;790.8000;1178.8500;1104.9000;314.1000;80.9432;0.0918;0.0000;-790.8000;0.0000;6.8165;0.0000;-790.8000;0.0000;6.8165;1.0000;0.0000;0.0000;0.0000;0.0000
402;388.39;777.5000;1186.2000;1130.8000;353.3000;86.4448;0.0633;0.0000;-777.5000;0.0000;6.8165;0.0000;-777.5000;0.0000;6.8165;1.0000;0.0000;0.0000;0.0000;0.0000
403;388.76;782.2500;1214.6000;1110.6000;328.3500;75.9454;0.1195;0.0000;-782.2500;0.0000;6.8165;0.0000;-782.2500;0.0000;6.8165;1.0000;0.0000;0.0000;0.0000;0.0000
404;389.13;797.0000;1203.1500;1150.0500;353.0500;86.9260;0.0609;0.0000;-797.0000;0.0000;6.8165;0.0000;-797.0000;0.0000;6.8165;1.0000;0.0000;0.0000;0.0000;0.0000
405;389.50;796.1500;1228.9000;1162.5000;366.3500;84.6563;0.0723;0.0000;-796.1500;0.0000;6.8165;0.0000;-796.1500;0.0000;6.8165;1.0000;0.0000;0.0000;0.0000;0.0000
406;389.87;786.4000;1237.1000;1203.4500;417.0500;92.5338;0.0337;0.0000;-786.4000;0.0000;6.8165;0.0000;-786.4000;0.0000;6.8165;1.0000;0.0000;0.0000;0.0000;0.0000
407;390.25;787.0000;1264.0500;1199.3500;412.3500;86.4375;0.0633;0.0000;-787.0000;0.0000;6.8165;0.0000;-787.0000;0.0000;6.8165;1.0000;0.0000;0.0000;0.0000;0.0000
408;390.62;779.4500;1280.4500;1248.6500;469.2000;93.6527;0.0285;0.0000;-779.4500;0.0000;6.8165;0.0000;-779.4500;0.0000;6.8165;1.0000;0.0000;0.0000;0.0000;0.0000
409;390.99;778.8500;1316.3500;1281.8000;502.9500;93.5721;0.0289;0.0000;-778.8500;0.0000;6.8165;0.0000;-778.8500;0.0000;6.8165;1.0000;0.0000;0.0000;0.0000;0.0000
410;391.36;781.9500;1364.7500;1317.9500;536.0000;91.9698;0.0364;0.0000;-781.9500;0.0000;6.8165;0.0000;-781.9500;0.0000;6.8165;1.0000;0.0000;0.0000;0.0000;0.0000
411;391.73;778.7000;1389.6000;1366.8500;588.1500;96.2760;0.0165;0.0000;-778.7000;0.0000;6.8165;0.0000;-778.7000;0.0000;6.8165;1.0000;0.0000;0.0000;0.0000;0.0000
412;392.10;786.8500;1414.4500;1414.2000;627.3500;99.9602;0.0002;0.0000;-786.8500;0.0000;6.8165;0.0000;-786.8500;0.0000;6.8165;1.0000;0.0000;0.0000;0.0000;0.0000
413;392.47;789.2000;1456.3500;1458.9000;669.7000;100.3822;-0.0017;0.0000;-789.2000;0.0000;6.8165;0.0000;-789.2000;0.0000;6.8165;1.0000;0.0000;0.0000;0.0000;0.0000
414;392.84;790.3500;1502.9500;1503.7500;713.4000;100.1123;-0.0005;0.0000;-790.3500;0.0000;6.8165;0.0000;-790.3500;0.0000;6.8165;1.0000;0.0000;0.0000;0.0000;0.0000
415;393.21;785.5500;1542.4000;1523.6500;738.1000;97.5226;0.0109;0.0000;-785.5500;0.0000;6.8165;0.0000;-785.5500;0.0000;6.8165;1.0000;0.0000;0.0000;0.0000;0.0000
416;393.58;783.3000;1572.8500;1547.6500;764.3500;96.8083;0.0141;0.0000;-783.3000;0.0000;6.8165;0.0000;-783.3000;0.0000;6.8165;1.0000;0.0000;0.0000;0.0000;0.0000
417;393.95;781.7500;1594.1000;1619.8500;838.1000;103.1698;-0.0136;0.0000;-781.7500;0.0000;6.8165;0.0000;-781.7500;0.0000;6.8165;1.0000;0.0000;0.0000;0.0000;0.0000
418;394.32;780.3000;1634.0000;1677.2000;896.9000;105.0603;-0.0214;0.0000;-780.3000;0.0000;6.8165;0.0000;-780.3000;0.0000;6.8165;1.0000;0.0000;0.0000;0.0000;0.0000
419;394.69;787.1000;1692.6500;1725.4000;938.3000;103.6166;-0.0154;0.0000;-787.1000;0.0000;6.8165;0.0000;-787.1000;0.0000;6.8165;1.0000;0.0000;0.0000;0.0000;0.0000
420;395.06;783.2500;1738.2500;1784.3500;1001.1000;104.8272;-0.0205;0.0000;-783.2500;0.0000;6.8165;0.0000;-783.2500;0.0000;6.8165;1.0000;0.0000;0.0000;0.0000;0.0000
421;395.43;782.4500;1788.6500;1848.9000;1066.4500;105.9879;-0.0253;0.0000;-782.4500;0.0000;6.8165;0.0000;-782.4500;0.0000;6.8165;1.0000;0.0000;0.0000;0.0000;0.0000
422;395.80;793.9500;1832.3500;1897.2500;1103.3000;106.2500;-0.0263;0.0000;-793.9500;0.0000;6.8165;0.0000;-793.9500;0.0000;6.8165;1.0000;0.0000;0.0000;0.0000;0.0000
423;396.16;783.8500;1886.2500;1947.7500;1163.9000;105.5787;-0.0236;0.0000;-783.8500;0.0000;6.8165;0.0000;-783.8500;0.0000;6.8165;1.0000;0.0000;0.0000;0.0000;0.0000
424;396.53;780.2000;1943.3000;2002.7000;1222.5000;105.1070;-0.0216;0.0000;-780.2000;0.0000;6.8165;0.0000;-780.2000;0.0000;6.8165;1.0000;0.0000;0.0000;0.0000;0.0000
425;396.90;764.9500;1980.7000;2044.8000;1279.8500;105.2725;-0.0223;0.0000;-764.9500;0.0000;6.8165;0.0000;-764.9500;0.0000;6.8165;1.0000;0.0000;0.0000;0.0000;0.0000
426;397.27;768.1000;2075.2000;2166.7500;1398.6500;107.0041;-0.0294;0.0000;-768.1000;0.0000;6.8165;0.0000;-768.1000;0.0000;6.8165;1.0000;0.0000;0.0000;0.0000;0.0000
427;397.64;790.7000;2119.4500;2235.9500;1445.2500;108.7676;-0.0365;0.0000;-790.7000;0.0000;6.8165;0.0000;-790.7000;0.0000;6.8165;1.0000;0.0000;0.0000;0.0000;0.0000
428;398.01;772.8500;2144.6000;2243.7000;1470.8500;107.2243;-0.0303;0.0000;-772.8500;0.0000;6.8165;0.0000;-772.8500;0.0000;6.8165;1.0000;0.0000;0.0000;0.0000;0.0000
429;398.38;791.7000;2190.4000;2335.0500;1543.3500;110.0000;-0.0414;0.0000;-791.7000;0.0000;6.8165;0.0000;-791.7000;0.0000;6.8165;1.0000;0.0000;0.0000;0.0000;0.0000
430;398.75;783.5000;2201.1000;2306.8500;1523.3500;107.4598;-0.0312;0.0000;-783.5000;0.0000;6.8165;0.0000;-783.5000;0.0000;6.8165;1.0000;0.0000;0.0000;0.0000;0.0000
431;399.12;784.9000;2303.8500;2447.6000;1662.7000;109.4638;-0.0393;0.0000;-784.9000;0.0000;6.8165;0.0000;-784.9000;0.0000;6.8165;1.0000;0.0000;0.0000;0.0000;0.0000
432;399.48;790.8000;2374.8000;2509.5000;1718.7000;108.5038;-0.0354;0.0000;-790.8000;0.0000;6.8165;0.0000;-790.8000;0.0000;6.8165;1.0000;0.0000;0.0000;0.0000;0.0000
433;399.85;782.9000;2364.9000;2498.0000;1715.1000;108.4134;-0.0351;0.0000;-782.9000;0.0000;6.8165;0.0000;-782.9000;0.0000;6.8165;1.0000;0.0000;0.0000;0.0000;0.0000
434;400.22;801.8500;2397.2000;2585.8500;1784.0000;110.0000;-0.0414;0.0000;-801.8500;0.0000;6.8165;0.0000;-801.8500;0.0000;6.8165;1.0000;0.0000;0.0000;0.0000;0.0000
435;400.59;788.1000;2505.5500;2695.6000;1907.5000;110.0000;-0.0414;0.0000;-788.1000;0.0000;6.8165;0.0000;-788.1000;0.0000;6.8165;1.0000;0.0000;0.0000;0.0000;0.0000
436;400.96;792.7000;2491.6000;2703.3000;1910.6000;110.0000;-0.0414;0.0000;-792.7000;0.0000;6.8165;0.0000;-792.7000;0.0000;6.8165;1.0000;0.0000;0.0000;0.0000;0.0000
437;401.32;784.4500;2534.1000;2692.6500;1908.2000;109.0618;-0.0377;0.0000;-784.4500;0.0000;6.8165;0.0000;-784.4500;0.0000;6.8165;1.0000;0.0000;0.0000;0.0000;0.0000
438;401.69;793.9500;2601.4500;2831.1000;2037.1500;110.0000;-0.0414;0.0000;-793.9500;0.0000;6.8165;0.0000;-793.9500;0.0000;6.8165;1.0000;0.0000;0.0000;0.0000;0.0000
439;402.06;789.5000;2683.3500;2888.0000;2098.5000;110.0000;-0.0414;0.0000;-789.5000;0.0000;6.8165;0.0000;-789.5000;0.0000;6.8165;1.0000;0.0000;0.0000;0.0000;0.0000
440;402.43;781.7000;2667.8500;2932.9500;2151.2500;110.0000;-0.0414;0.0000;-781.7000;0.0000;6.8165;0.0000;-781.7000;0.0000;6.8165;1.0000;0.0000;0.0000;0.0000;0.0000
441;402.80;778.3000;2758.0000;2995.5500;2217.2500;110.0000;-0.0414;0.0000;-778.3000;0.0000;6.8165;0.0000;-778.3000;0.0000;6.8165;1.0000;0.0000;0.0000;0.0000;0.0000
442;403.16;784.8500;2788.6000;3042.4000;2257.5500;110.0000;-0.0414;0.0000;-784.8500;0.0000;6.8165;0.0000;-784.8500;0.0000;6.8165;1.0000;0.0000;0.0000;0.0000;0.0000
443;403.53;783.6500;2770.7500;3065.8500;2282.2000;110.0000;-0.0414;0.0000;-783.6500;0.0000;6.8165;0.0000;-783.6500;0.0000;6.8165;1.0000;0.0000;0.0000;0.0000;0.0000
444;403.90;782.6500;2972.2500;3270.9000;2488.2500;110.0000;-0.0414;0.0000;-782.6500;0.0000;6.8165;0.0000;-782.6500;0.0000;6.8165;1.0000;0.0000;0.0000;0.0000;0.0000
445;404.27;785.4500;2960.8000;3259.4000;2473.9500;110.0000;-0.0414;0.0000;-785.4500;0.0000;6.8165;0.0000;-785.4500;0.0000;6.8165;1.0000;0.0000;0.0000;0.0000;0.0000
446;404.63;779.8500;3040.1500;3360.8000;2580.9500;110.0000;-0.0414;0.0000;-779.8500;0.0000;6.8165;0.0000;-779.8500;0.0000;6.8165;1.0000;0.0000;0.0000;0.0000;0.0000
447;405.00;787.7000;3154.4000;3488.5000;2700.8000;110.0000;-0.0414;0.0000;-787.7000;0.0000;6.8165;0.0000;-787.7000;0.0000;6.8165;1.0000;0.0000;0.0000;0.0000;0.0000
448;405.37;787.5000;3211.0000;3610.7500;2823.2500;110.0000;-0.0414;0.0000;-787.5000;0.0000;6.8165;0.0000;-787.5000;0.0000;6.8165;1.0000;0.0000;0.0000;0.0000;0.0000
449;405.73;781.0500;3286.4500;3706.9000;2925.8500;110.0000;-0.0414;0.0000;-781.0500;0.0000;6.8165;0.0000;-781.0500;0.0000;6.8165;1.0000;0.0000;0.0000;0.0000;0.0000
450;406.10;788.6500;3421.6500;3845.1000;3056.4500;110.0000;-0.0414;0.0000;-788.6500;0.0000;6.8165;0.0000;-788.6500;0.0000;6.8165;1.0000;0.0000;0.0000;0.0000;0.0000
451;406.47;784.2500;3495.5000;3922.2000;3137.9500;110.0000;-0.0414;0.0000;-784.2500;0.0000;6.8165;0.0000;-784.2500;0.0000;6.8165;1.0000;0.0000;0.0000;0.0000;0.0000
452;406.83;789.8500;3620.3500;4116.2000;3326.3500;110.0000;-0.0414;0.0000;-789.8500;0.0000;6.8165;0.0000;-789.8500;0.0000;6.8165;1.0000;0.0000;0.0000;0.0000;0.0000
453;407.20;773.8500;3666.4500;4190.4500;3416.6000;110.0000;-0.0414;0.0000;-773.8500;0.0000;6.8165;0.0000;-773.8500;0.0000;6.8165;1.0000;0.0000;0.0000;0.0000;0.0000
454;407.57;783.1500;3848.1000;4379.3000;3596.1500;110.0000;-0.0414;0.0000;-783.1500;0.0000;6.8165;0.0000;-783.1500;0.0000;6.8165;1.0000;0.0000;0.0000;0.0000;0.0000
455;407.93;774.8000;3869.0000;4420.9000;3646.1000;110.0000;-0.0414;0.0000;-774.8000;0.0000;6.8165;0.0000;-774.8000;0.0000;6.8165;1.0000;0.0000;0.0000;0.0000;0.0000
456;408.30;773.8000;3897.2000;4438.8000;3665.0000;110.0000;-0.0414;0.0000;-773.8000;0.0000;6.8165;0.0000;-773.8000;0.0000;6.8165;1.0000;0.0000;0.0000;0.0000;0.0000
457;408.67;779.8000;4045.5000;4537.1000;3757.3000;110.0000;-0.0414;0.0000;-779.8000;0.0000;6.8165;0.0000;-779.8000;0.0000;6.8165;1.0000;0.0000;0.0000;0.0000;0.0000
458;409.03;774.3500;4169.5500;4740.9000;3966.5500;110.0000;-0.0414;0.0000;-774.3500;0.0000;6.8165;0.0000;-774.3500;0.0000;6.8165;1.0000;0.0000;0.0000;0.0000;0.0000
459;409.40;792.3000;4169.8000;4743.1000;3950.8000;110.0000;-0.0414;0.0000;-792.3000;0.0000;6.8165;0.0000;-792.3000;0.0000;6.8165;1.0000;0.0000;0.0000;0.0000;0.0000
460;409.76;782.0500;4342.4500;4953.1000;4171.0500;110.0000;-0.0414;0.0000;-782.0500;0.0000;6.8165;0.0000;-782.0500;0.0000;6.8165;1.0000;0.0000;0.0000;0.0000;0.0000
461;410.13;768.3000;4242.9000;4845.4500;4077.1500;110.0000;-0.0414;0.0000;-768.3000;0.0000;6.8165;0.0000;-768.3000;0.0000;6.8165;1.0000;0.0000;0.0000;0.0000;0.0000
462;410.50;797.2500;4338.6500;5017.3500;4220.1000;110.0000;-0.0414;0.0000;-797.2500;0.0000;6.8165;0.0000;-797.2500;0.0000;6.8165;1.0000;0.0000;0.0000;0.0000;0.0000
463;410.86;790.1000;4448.6000;5183.6000;4393.5000;110.0000;-0.0414;0.0000;-790.1000;0.0000;6.8165;0.0000;-790.1000;0.0000;6.8165;1.0000;0.0000;0.0000;0.0000;0.0000
464;411.23;786.4000;4522.1000;5245.0000;4458.6000;110.0000;-0.0414;0.0000;-786.4000;0.0000;6.8165;0.0000;-786.4000;0.0000;6.8165;1.0000;0.0000;0.0000;0.0000;0.0000
465;411.59;786.2500;4661.4000;5409.2500;4623.0000;110.0000;-0.0414;0.0000;-786.2500;0.0000;6.8165;0.0000;-786.2500;0.0000;6.8165;1.0000;0.0000;0.0000;0.0000;0.0000
466;411.96;781.7500;4636.0000;5392.5000;4610.7500;110.0000;-0.0414;0.0000;-781.7500;0.0000;6.8165;0.0000;-781.7500;0.0000;6.8165;1.0000;0.0000;0.0000;0.0000;0.0000
467;412.32;781.2000;4704.1500;5561.8000;4780.6000;110.0000;-0.0414;0.0000;-781.2000;0.0000;6.8165;0.0000;-781.2000;0.0000;6.8165;1.0000;0.0000;0.0000;0.0000;0.0000
468;412.69;777.5000;4927.5000;5739.8500;4962.3500;110.0000;-0.0414;0.0000;-777.5000;0.0000;6.8165;0.0000;-777.5000;0.0000;6.8165;1.0000;0.0000;0.0000;0.0000;0.0000
469;413.05;784.7500;5063.2500;5841.4500;5056.7000;110.0000;-0.0414;0.0000;-784.7500;0.0000;6.8165;0.0000;-784.7500;0.0000;6.8165;1.0000;0.0000;0.0000;0.0000;0.0000
470;413.42;794.0500;4973.2000;5765.1000;4971.0500;110.0000;-0.0414;0.0000;-794.0500;0.0000;6.8165;0.0000;-794.0500;0.0000;6.8165;1.0000;0.0000;0.0000;0.0000;0.0000
471;413.78;783.1000;5262.8500;6118.7000;5335.6000;110.0000;-0.0414;0.0000;-783.1000;0.0000;6.8165;0.0000;-783.1000;0.0000;6.8165;1.0000;0.0000;0.0000;0.0000;0.0000
472;414.15;774.1000;5327.9000;6259.9000;5485.8000;110.0000;-0.0414;0.0000;-774.1000;0.0000;6.8165;0.0000;-774.1000;0.0000;6.8165;1.0000;0.0000;0.0000;0.0000;0.0000
473;414.51;774.5500;5264.8000;6146.4000;5371.8500;110.0000;-0.0414;0.0000;-774.5500;0.0000;6.8165;0.0000;-774.5500;0.0000;6.8165;1.0000;0.0000;0.0000;0.0000;0.0000
474;414.88;774.5000;5347.8000;6325.4500;5550.9500;110.0000;-0.0414;0.0000;-774.5000;0.0000;6.8165;0.0000;-774.5000;0.0000;6.8165;1.0000;0.0000;0.0000;0.0000;0.0000
475;415.24;770.2000;5553.9500;6592.1000;5821.9000;110.0000;-0.0414;0.0000;-770.2000;0.0000;6.8165;0.0000;-770.2000;0.0000;6.8165;1.0000;0.0000;0.0000;0.0000;0.0000
476;415.61;783.8000;5659.1500;6681.2000;5897.4000;110.0000;-0.0414;0.0000;-783.8000;0.0000;6.8165;0.0000;-783.8000;0.0000;6.8165;1.0000;0.0000;0.0000;0.0000;0.0000
477;415.97;780.8000;5604.1000;6540.1000;5759.3000;110.0000;-0.0414;0.0000;-780.8000;0.0000;6.8165;0.0000;-780.8000;0.0000;6.8165;1.0000;0.0000;0.0000;0.0000;0.0000
478;416.33;771.0000;5782.5000;6822.6000;6051.6000;110.0000;-0.0414;0.0000;-771.0000;0.0000;6.8165;0.0000;-771.0000;0.0000;6.8165;1.0000;0.0000;0.0000;0.0000;0.0000
479;416.70;770.8500;5916.4000;6979.8000;6208.9500;110.0000;-0.0414;0.0000;-770.8500;0.0000;6.8165;0.0000;-770.8500;0.0000;6.8165;1.0000;0.0000;0.0000;0.0000;0.0000
480;417.06;786.4500;6125.3500;7177.7500;6391.3000;110.0000;-0.0414;0.0000;-786.4500;0.0000;6.8165;0.0000;-786.4500;0.0000;6.8165;1.0000;0.0000;0.0000;0.0000;0.0000
481;417.43;779.9500;6075.8500;7167.2500;6387.3000;110.0000;-0.0414;0.0000;-779.9500;0.0000;6.8165;0.0000;-779.9500;0.0000;6.8165;1.0000;0.0000;0.0000;0.0000;0.0000
482;417.79;785.6500;6093.2500;7165.7500;6380.1000;110.0000;-0.0414;0.0000;-785.6500;0.0000;6.8165;0.0000;-785.6500;0.0000;6.8165;1.0000;0.0000;0.0000;0.0000;0.0000
483;418.15;786.3500;6151.9500;7141.6500;6355.3000;110.0000;-0.0414;0.0000;-786.3500;0.0000;6.8165;0.0000;-786.3500;0.0000;6.8165;1.0000;0.0000;0.0000;0.0000;0.0000
484;418.52;778.5000;6325.3000;7489.8500;6711.3500;110.0000;-0.0414;0.0000;-778.5000;0.0000;6.8165;0.0000;-778.5000;0.0000;6.8165;1.0000;0.0000;0.0000;0.0000;0.0000
485;418.88;787.9000;6445.1500;7627.0500;6839.1500;110.0000;-0.0414;0.0000;-787.9000;0.0000;6.8165;0.0000;-787.9000;0.0000;6.8165;1.0000;0.0000;0.0000;0.0000;0.0000
486;419.24;770.7500;6655.7500;7915.1000;7144.3500;110.0000;-0.0414;0.0000;-770.7500;0.0000;6.8165;0.0000;-770.7500;0.0000;6.8165;1.0000;0.0000;0.0000;0.0000;0.0000
487;419.61;790.1500;6626.4000;7950.1500;7160.0000;110.0000;-0.0414;0.0000;-790.1500;0.0000;6.8165;0.0000;-790.1500;0.0000;6.8165;1.0000;0.0000;0.0000;0.0000;0.0000
488;419.97;762.6500;6654.4500;7958.4500;7195.8000;110.0000;-0.0414;0.0000;-762.6500;0.0000;6.8165;0.0000;-762.6500;0.0000;6.8165;1.0000;0.0000;0.0000;0.0000;0.0000
489;420.33;785.1500;6944.1000;8373.7500;7588.6000;110.0000;-0.0414;0.0000;-785.1500;0.0000;6.8165;0.0000;-785.1500;0.0000;6.8165;1.0000;0.0000;0.0000;0.0000;0.0000
490;420.70;781.2000;6916.0000;8252.2500;7471.0500;110.0000;-0.0414;0.0000;-781.2000;0.0000;6.8165;0.0000;-781.2000;0.0000;6.8165;1.0000;0.0000;0.0000;0.0000;0.0000
491;421.06;775.4500;7091.9500;8478.5500;7703.1000;110.0000;-0.0414;0.0000;-775.4500;0.0000;6.8165;0.0000;-775.4500;0.0000;6.8165;1.0000;0.0000;0.0000;0.0000;0.0000
492;421.42;782.6500;7222.9500;8626.3500;7843.7000;110.0000;-0.0414;0.0000;-782.6500;0.0000;6.8165;0.0000;-782.6500;0.0000;6.8165;1.0000;0.0000;0.0000;0.0000;0.0000
493;421.79;794.0000;7278.1000;8756.7500;7962.7500;110.0000;-0.0414;0.0000;-794.0000;0.0000;6.8165;0.0000;-794.0000;0.0000;6.8165;1.0000;0.0000;0.0000;0.0000;0.0000
494;422.15;785.4000;7271.5500;8754.2500;7968.8500;110.0000;-0.0414;0.0000;-785.4000;0.0000;6.8165;0.0000;-785.4000;0.0000;6.8165;1.0000;0.0000;0.0000;0.0000;0.0000
495;422.51;791.6500;7407.5000;8910.5000;8118.8500;110.0000;-0.0414;0.0000;-791.6500;0.0000;6.8165;0.0000;-791.6500;0.0000;6.8165;1.0000;0.0000;0.0000;0.0000;0.0000
496;422.87;773.7500;7640.4000;9123.5000;8349.7500;110.0000;-0.0414;0.0000;-773.7500;0.0000;6.8165;0.0000;-773.7500;0.0000;6.8165;1.0000;0.0000;0.0000;0.0000;0.0000
497;423.24;791.5500;7727.0000;9257.4500;8465.9000;110.0000;-0.0414;0.0000;-791.5500;0.0000;6.8165;0.0000;-791.5500;0.0000;6.8165;1.0000;0.0000;0.0000;0.0000;0.0000
498;423.60;787.7000;7811.8000;9412.5500;8624.8500;110.0000;-0.0414;0.0000;-787.7000;0.0000;6.8165;0.0000;-787.7000;0.0000;6.8165;1.0000;0.0000;0.0000;0.0000;0.0000
499;423.96;788.2500;7938.8500;9583.8000;8795.5500;110.0000;-0.0414;0.0000;-788.2500;0.0000;6.8165;0.0000;-788.2500;0.0000;6.8165;1.0000;0.0000;0.0000;0.0000;0.0000
500;424.32;789.7500;8076.2000;9779.9000;8990.1500;110.0000;-0.0414;0.0000;-789.7500;0.0000;6.8165;0.0000;-789.7500;0.0000;6.8165;1.0000;0.0000;0.0000;0.0000;0.0000
501;424.69;787.8500;8151.5500;9902.5500;9114.7000;110.0000;-0.0414;0.0000;-787.8500;0.0000;6.8165;0.0000;-787.8500;0.0000;6.8165;1.0000;0.0000;0.0000;0.0000;0.0000
502;425.05;785.6000;8575.5000;10476.4500;9690.8500;110.0000;-0.0414;0.0000;-785.6000;0.0000;6.8165;0.0000;-785.6000;0.0000;6.8165;1.0000;0.0000;0.0000;0.0000;0.0000
503;425.41;805.5500;8870.8000;10941.7500;10136.2000;110.0000;-0.0414;0.0000;-805.5500;0.0000;6.8165;0.0000;-805.5500;0.0000;6.8165;1.0000;0.0000;0.0000;0.0000;0.0000
504;425.77;784.8000;8737.0500;10726.4000;9941.6000;110.0000;-0.0414;0.0000;-784.8000;0.0000;6.8165;0.0000;-784.8000;0.0000;6.8165;1.0000;0.0000;0.0000;0.0000;0.0000
505;426.13;798.6000;8861.7500;10750.9000;9952.3000;110.0000;-0.0414;0.0000;-798.6000;0.0000;6.8165;0.0000;-798.6000;0.0000;6.8165;1.0000;0.0000;0.0000;0.0000;0.0000
506;426.50;774.2500;8713.9500;10789.8000;10015.5500;110.0000;-0.0414;0.0000;-774.2500;0.0000;6.8165;0.0000;-774.2500;0.0000;6.8165;1.0000;0.0000;0.0000;0.0000;0.0000
507;426.86;778.6000;8908.4500;10863.0000;10084.4000;110.0000;-0.0414;0.0000;-778.6000;0.0000;6.8165;0.0000;-778.6000;0.0000;6.8165;1.0000;0.0000;0.0000;0.0000;0.0000
508;427.22;782.4000;9330.7000;11530.4000;10748.0000;110.0000;-0.0414;0.0000;-782.4000;0.0000;6.8165;0.0000;-782.4000;0.0000;6.8165;1.0000;0.0000;0.0000;0.0000;0.0000
509;427.58;796.2500;9195.0500;11240.0500;10443.8000;110.0000;-0.0414;0.0000;-796.2500;0.0000;6.8165;0.0000;-796.2500;0.0000;6.8165;1.0000;0.0000;0.0000;0.0000;0.0000
510;427.94;779.9500;9573.4500;11732.5500;10952.6000;110.0000;-0.0414;0.0000;-779.9500;0.0000;6.8165;0.0000;-779.9500;0.0000;6.8165;1.0000;0.0000;0.0000;0.0000;0.0000
511;428.30;777.0500;9878.5000;12134.6000;11357.5500;110.0000;-0.0414;0.0000;-777.0500;0.0000;6.8165;0.0000;-777.0500;0.0000;6.8165;1.0000;0.0000;0.0000;0.0000;0.0000
512;428.66;777.1000;9589.9000;11847.5000;11070.4000;110.0000;-0.0414;0.0000;-777.1000;0.0000;6.8165;0.0000;-777.1000;0.0000;6.8165;1.0000;0.0000;0.0000;0.0000;0.0000
513;429.02;792.6500;9824.0500;12204.0500;11411.4000;110.0000;-0.0414;0.0000;-792.6500;0.0000;6.8165;0.0000;-792.6500;0.0000;6.8165;1.0000;0.0000;0.0000;0.0000;0.0000
514;429.39;792.0500;9997.9500;12263.4500;11471.4000;110.0000;-0.0414;0.0000;-792.0500;0.0000;6.8165;0.0000;-792.0500;0.0000;6.8165;1.0000;0.0000;0.0000;0.0000;0.0000
515;429.75;768.6000;10151.5000;12408.2000;11639.6000;110.0000;-0.0414;0.0000;-768.6000;0.0000;6.8165;0.0000;-768.6000;0.0000;6.8165;1.0000;0.0000;0.0000;0.0000;0.0000
516;430.11;784.6500;10232.6000;12698.9500;11914.3000;110.0000;-0.0414;0.0000;-784.6500;0.0000;6.8165;0.0000;-784.6500;0.0000;6.8165;1.0000;0.0000;0.0000;0.0000;0.0000
517;430.47;774.4500;10429.3000;12905.4500;12131.0000;110.0000;-0.0414;0.0000;-774.4500;0.0000;6.8165;0.0000;-774.4500;0.0000;6.8165;1.0000;0.0000;0.0000;0.0000;0.0000
518;430.83;783.7500;10419.6500;13026.3500;12242.6000;110.0000;-0.0414;0.0000;-783.7500;0.0000;6.8165;0.0000;-783.7500;0.0000;6.8165;1.0000;0.0000;0.0000;0.0000;0.0000
519;431.19;779.6000;10748.4000;13407.2500;12627.6500;110.0000;-0.0414;0.0000;-779.6000;0.0000;6.8165;0.0000;-779.6000;0.0000;6.8165;1.0000;0.0000;0.0000;0.0000;0.0000
520;431.55;792.9500;10430.9000;13038.1500;12245.2000;110.0000;-0.0414;0.0000;-792.9500;0.0000;6.8165;0.0000;-792.9500;0.0000;6.8165;1.0000;0.0000;0.0000;0.0000;0.0000
521;431.91;789.6000;10826.7500;13667.5000;12877.9000;110.0000;-0.0414;0.0000;-789.6000;0.0000;6.8165;0.0000;-789.6000;0.0000;6.8165;1.0000;0.0000;0.0000;0.0000;0.0000
522;432.27;788.8000;11092.1500;14067.2500;13278.4500;110.0000;-0.0414;0.0000;-788.8000;0.0000;6.8165;0.0000;-788.8000;0.0000;6.8165;1.0000;0.0000;0.0000;0.0000;0.0000
523;432.63;786.9000;10999.1000;13885.6000;13098.7000;110.0000;-0.0414;0.0000;-786.9000;0.0000;6.8165;0.0000;-786.9000;0.0000;6.8165;1.0000;0.0000;0.0000;0.0000;0.0000
524;432.99;791.6500;11186.8500;14071.6500;13280.0000;110.0000;-0.0414;0.0000;-791.6500;0.0000;6.8165;0.0000;-791.6500;0.0000;6.8165;1.0000;0.0000;0.0000;0.0000;0.0000
525;433.35;789.3500;11142.0500;14226.1500;13436.8000;110.0000;-0.0414;0.0000;-789.3500;0.0000;6.8165;0.0000;-789.3500;0.0000;6.8165;1.0000;0.0000;0.0000;0.0000;0.0000
526;433.71;799.2000;11345.5500;14189.0500;13389.8500;110.0000;-0.0414;0.0000;-799.2000;0.0000;6.8165;0.0000;-799.2000;0.0000;6.8165;1.0000;0.0000;0.0000;0.0000;0.0000
527;434.07;780.0500;12001.3500;15017.1500;14237.1000;110.0000;-0.0414;0.0000;-780.0500;0.0000;6.8165;0.0000;-780.0500;0.0000;6.8165;1.0000;0.0000;0.0000;0.0000;0.0000
528;434.43;784.4000;11855.2000;14863.1500;14078.7500;110.0000;-0.0414;0.0000;-784.4000;0.0000;6.8165;0.0000;-784.4000;0.0000;6.8165;1.0000;0.0000;0.0000;0.0000;0.0000
529;434.79;790.6000;11900.1000;15077.7000;14287.1000;110.0000;-0.0414;0.0000;-790.6000;0.0000;6.8165;0.0000;-790.6000;0.0000;6.8165;1.0000;0.0000;0.0000;0.0000;0.0000
530;435.15;780.7000;12268.6500;15464.5000;14683.8000;110.0000;-0.0414;0.0000;-780.7000;0.0000;6.8165;0.0000;-780.7000;0.0000;6.8165;1.0000;0.0000;0.0000;0.0000;0.0000
531;435.51;784.4000;12439.7000;15841.7500;15057.3500;110.0000;-0.0414;0.0000;-784.4000;0.0000;6.8165;0.0000;-784.4000;0.0000;6.8165;1.0000;0.0000;0.0000;0.0000;0.0000
532;435.87;791.1000;12531.7500;15852.2000;15061.1000;110.0000;-0.0414;0.0000;-791.1000;0.0000;6.8165;0.0000;-791.1000;0.0000;6.8165;1.0000;0.0000;0.0000;0.0000;0.0000
533;436.23;781.6500;12899.7000;16480.2500;15698.6000;110.0000;-0.0414;0.0000;-781.6500;0.0000;6.8165;0.0000;-781.6500;0.0000;6.8165;1.0000;0.0000;0.0000;0.0000;0.0000
534;436.59;792.6000;13292.5000;16935.3000;16142.7000;110.0000;-0.0414;0.0000;-792.6000;0.0000;6.8165;0.0000;-792.6000;0.0000;6.8165;1.0000;0.0000;0.0000;0.0000;0.0000
535;436.94;780.1000;13551.7500;16871.8500;16091.7500;110.0000;-0.0414;0.0000;-780.1000;0.0000;6.8165;0.0000;-780.1000;0.0000;6.8165;1.0000;0.0000;0.0000;0.0000;0.0000
536;437.30;783.1500;13595.1000;17080.7500;16297.6000;110.0000;-0.0414;0.0000;-783.1500;0.0000;6.8165;0.0000;-783.1500;0.0000;6.8165;1.0000;0.0000;0.0000;0.0000;0.0000
537;437.66;784.4000;13459.7000;17163.4500;16379.0500;110.0000;-0.0414;0.0000;-784.4000;0.0000;6.8165;0.0000;-784.4000;0.0000;6.8165;1.0000;0.0000;0.0000;0.0000;0.0000
538;438.02;783.9000;13997.4000;17773.1000;16989.2000;110.0000;-0.0414;0.0000;-783.9000;0.0000;6.8165;0.0000;-783.9000;0.0000;6.8165;1.0000;0.0000;0.0000;0.0000;0.0000
539;438.38;781.9000;14330.1000;18197.1500;17415.2500;110.0000;-0.0414;0.0000;-781.9000;0.0000;6.8165;0.0000;-781.9000;0.0000;6.8165;1.0000;0.0000;0.0000;0.0000;0.0000
540;438.74;789.6000;14281.1000;18147.1500;17357.5500;110.0000;-0.0414;0.0000;-789.6000;0.0000;6.8165;0.0000;-789.6000;0.0000;6.8165;1.0000;0.0000;0.0000;0.0000;0.0000
541;439.10;788.7500;13975.3500;17926.6500;17137.9000;110.0000;-0.0414;0.0000;-788.7500;0.0000;6.8165;0.0000;-788.7500;0.0000;6.8165;1.0000;0.0000;0.0000;0.0000;0.0000
542;439.46;789.1500;14402.6500;18160.8500;17371.7000;110.0000;-0.0414;0.0000;-789.1500;0.0000;6.8165;0.0000;-789.1500;0.0000;6.8165;1.0000;0.0000;0.0000;0.0000;0.0000
543;439.81;787.2500;14484.9500;18276.9000;17489.6500;110.0000;-0.0414;0.0000;-787.2500;0.0000;6.8165;0.0000;-787.2500;0.0000;6.8165;1.0000;0.0000;0.0000;0.0000;0.0000
544;440.17;792.5000;14070.9000;17952.0500;17159.5500;110.0000;-0.0414;0.0000;-792.5000;0.0000;6.8165;0.0000;-792.5000;0.0000;6.8165;1.0000;0.0000;0.0000;0.0000;0.0000
545;440.53;781.2000;14457.1500;18479.5500;17698.3500;110.0000;-0.0414;0.0000;-781.2000;0.0000;6.8165;0.0000;-781.2000;0.0000;6.8165;1.0000;0.0000;0.0000;0.0000;0.0000
546;440.89;778.7500;14616.3000;18559.2000;17780.4500;110.0000;-0.0414;0.0000;-778.7500;0.0000;6.8165;0.0000;-778.7500;0.0000;6.8165;1.0000;0.0000;0.0000;0.0000;0.0000
547;441.25;785.1500;14713.7500;18564.2500;17779.1000;110.0000;-0.0414;0.0000;-785.1500;0.0000;6.8165;0.0000;-785.1500;0.0000;6.8165;1.0000;0.0000;0.0000;0.0000;0.0000
548;441.60;792.1000;14689.3500;18703.0000;17910.9000;110.0000;-0.0414;0.0000;-792.1000;0.0000;6.8165;0.0000;-792.1000;0.0000;6.8165;1.0000;0.0000;0.0000;0.0000;0.0000
549;441.96;794.7000;15206.9500;19306.3000;18511.6000;110.0000;-0.0414;0.0000;-794.7000;0.0000;6.8165;0.0000;-794.7000;0.0000;6.8165;1.0000;0.0000;0.0000;0.0000;0.0000
550;442.32;780.6500;14996.6000;18887.8500;18107.2000;110.0000;-0.0414;0.0000;-780.6500;0.0000;6.8165;0.0000;-780.6500;0.0000;6.8165;1.0000;0.0000;0.0000;0.0000;0.0000
551;442.68;802.3000;14663.2000;18819.9000;18017.6000;110.0000;-0.0414;0.0000;-802.3000;0.0000;6.8165;0.0000;-802.3000;0.0000;6.8165;1.0000;0.0000;0.0000;0.0000;0.0000
552;443.03;781.6000;15631.0000;20065.2000;19283.6000;110.0000;-0.0414;0.0000;-781.6000;0.0000;6.8165;0.0000;-781.6000;0.0000;6.8165;1.0000;0.0000;0.0000;0.0000;0.0000
553;443.39;790.9500;15147.2000;19223.8000;18432.8500;110.0000;-0.0414;0.0000;-790.9500;0.0000;6.8165;0.0000;-790.9500;0.0000;6.8165;1.0000;0.0000;0.0000;0.0000;0.0000
554;443.75;803.1000;16213.4000;20664.3500;19861.2500;110.0000;-0.0414;0.0000;-803.1000;0.0000;6.8165;0.0000;-803.1000;0.0000;6.8165;1.0000;0.0000;0.0000;0.0000;0.0000
555;444.11;791.2500;16070.7000;20608.3000;19817.0500;110.0000;-0.0414;0.0000;-791.2500;0.0000;6.8165;0.0000;-791.2500;0.0000;6.8165;1.0000;0.0000;0.0000;0.0000;0.0000
556;444.46;801.3000;15856.5500;20202.1500;19400.8500;110.0000;-0.0414;0.0000;-801.3000;0.0000;6.8165;0.0000;-801.3000;0.0000;6.8165;1.0000;0.0000;0.0000;0.0000;0.0000
557;444.82;791.4000;15968.9500;20144.6000;19353.2000;110.0000;-0.0414;0.0000;-791.4000;0.0000;6.8165;0.0000;-791.4000;0.0000;6.8165;1.0000;0.0000;0.0000;0.0000;0.0000
558;445.18;800.9000;15914.0000;20423.7000;19622.8000;110.0000;-0.0414;0.0000;-800.9000;0.0000;6.8165;0.0000;-800.9000;0.0000;6.8165;1.0000;0.0000;0.0000;0.0000;0.0000
559;445.53;790.6000;16124.6500;20695.6500;19905.0500;110.0000;-0.0414;0.0000;-790.6000;0.0000;6.8165;0.0000;-790.6000;0.0000;6.8165;1.0000;0.0000;0.0000;0.0000;0.0000
560;445.89;805.5000;16398.9500;20977.3500;20171.8500;110.0000;-0.0414;0.0000;-805.5000;0.0000;6.8165;0.0000;-805.5000;0.0000;6.8165;1.0000;0.0000;0.0000;0.0000;0.0000
561;446.25;796.6500;16888.8500;21596.3000;20799.6500;110.0000;-0.0414;0.0000;-796.6500;0.0000;6.8165;0.0000;-796.6500;0.0000;6.8165;1.0000;0.0000;0.0000;0.0000;0.0000
562;446.60;790.5000;16435.4000;20977.7000;20187.2000;110.0000;-0.0414;0.0000;-790.5000;0.0000;6.8165;0.0000;-790.5000;0.0000;6.8165;1.0000;0.0000;0.0000;0.0000;0.0000
563;446.96;793.3000;16603.0500;21212.0500;20418.7500;110.0000;-0.0414;0.0000;-793.3000;0.0000;6.8165;0.0000;-793.3000;0.0000;6.8165;1.0000;0.0000;0.0000;0.0000;0.0000
564;447.32;799.2500;17004.4500;21710.1000;20910.8500;110.0000;-0.0414;0.0000;-799.2500;0.0000;6.8165;0.0000;-799.2500;0.0000;6.8165;1.0000;0.0000;0.0000;0.0000;0.0000
565;447.67;778.8500;17501.9500;22439.3000;21660.4500;110.0000;-0.0414;0.0000;-778.8500;0.0000;6.8165;0.0000;-778.8500;0.0000;6.8165;1.0000;0.0000;0.0000;0.0000;0.0000
566;448.03;789.0500;17424.4000;22133.4000;21344.3500;110.0000;-0.0414;0.0000;-789.0500;0.0000;6.8165;0.0000;-789.0500;0.0000;6.8165;1.0000;0.0000;0.0000;0.0000;0.0000
567;448.38;782.1000;17616.7500;22552.1500;21770.0500;110.0000;-0.0414;0.0000;-782.1000;0.0000;6.8165;0.0000;-782.1000;0.0000;6.8165;1.0000;0.0000;0.0000;0.0000;0.0000
568;448.74;789.6000;18450.5000;23794.1000;23004.5000;110.0000;-0.0414;0.0000;-789.6000;0.0000;6.8165;0.0000;-789.6000;0.0000;6.8165;1.0000;0.0000;0.0000;0.0000;0.0000
569;449.10;793.3500;18072.9500;23253.7000;22460.3500;110.0000;-0.0414;0.0000;-793.3500;0.0000;6.8165;0.0000;-793.3500;0.0000;6.8165;1.0000;0.0000;0.0000;0.0000;0.0000
570;449.45;787.5000;19159.8500;24878.3500;24090.8500;110.0000;-0.0414;0.0000;-787.5000;0.0000;6.8165;0.0000;-787.5000;0.0000;6.8165;1.0000;0.0000;0.0000;0.0000;0.0000
571;449.81;791.6000;20450.9500;26479.4500;25687.8500;110.0000;-0.0414;0.0000;-791.6000;0.0000;6.8165;0.0000;-791.6000;0.0000;6.8165;1.0000;0.0000;0.0000;0.0000;0.0000
572;450.16;786.0500;20991.5000;26989.2500;26203.2000;110.0000;-0.0414;0.0000;-786.0500;0.0000;6.8165;0.0000;-786.0500;0.0000;6.8165;1.0000;0.0000;0.0000;0.0000;0.0000
573;450.52;799.3000;22259.9500;28498.7500;27699.4500;110.0000;-0.0414;0.0000;-799.3000;0.0000;6.8165;0.0000;-799.3000;0.0000;6.8165;1.0000;0.0000;0.0000;0.0000;0.0000
574;450.87;794.2500;21223.5500;27321.4000;26527.1500;110.0000;-0.0414;0.0000;-794.2500;0.0000;6.8165;0.0000;-794.2500;0.0000;6.8165;1.0000;0.0000;0.0000;0.0000;0.0000
575;451.23;776.4500;20437.6000;26277.6500;25501.2000;110.0000;-0.0414;0.0000;-776.4500;0.0000;6.8165;0.0000;-776.4500;0.0000;6.8165;1.0000;0.0000;0.0000;0.0000;0.0000
576;451.59;804.9500;20602.4000;26266.0000;25461.0500;110.0000;-0.0414;0.0000;-804.9500;0.0000;6.8165;0.0000;-804.9500;0.0000;6.8165;1.0000;0.0000;0.0000;0.0000;0.0000
577;451.94;787.6000;20173.7500;26064.1500;25276.5500;110.0000;-0.0414;0.0000;-787.6000;0.0000;6.8165;0.0000;-787.6000;0.0000;6.8165;1.0000;0.0000;0.0000;0.0000;0.0000
578;452.30;793.9000;20919.0000;26599.6000;25805.7000;110.0000;-0.0414;0.0000;-793.9000;0.0000;6.8165;0.0000;-793.9000;0.0000;6.8165;1.0000;0.0000;0.0000;0.0000;0.0000
579;452.65;798.6000;20981.5000;26308.5500;25509.9500;110.0000;-0.0414;0.0000;-798.6000;0.0000;6.8165;0.0000;-798.6000;0.0000;6.8165;1.0000;0.0000;0.0000;0.0000;0.0000
580;453.01;805.0500;21367.1000;27126.9000;26321.8500;110.0000;-0.0414;0.0000;-805.0500;0.0000;6.8165;0.0000;-805.0500;0.0000;6.8165;1.0000;0.0000;0.0000;0.0000;0.0000
581;453.36;788.3500;20869.7000;26669.7000;25881.3500;110.0000;-0.0414;0.0000;-788.3500;0.0000;6.8165;0.0000;-788.3500;0.0000;6.8165;1.0000;0.0000;0.0000;0.0000;0.0000
582;453.71;797.5000;20159.2500;25498.2500;24700.7500;110.0000;-0.0414;0.0000;-797.5000;0.0000;6.8165;0.0000;-797.5000;0.0000;6.8165;1.0000;0.0000;0.0000;0.0000;0.0000
583;454.07;801.9000;20497.8000;26045.3000;25243.4000;110.0000;-0.0414;0.0000;-801.9000;0.0000;6.8165;0.0000;-801.9000;0.0000;6.8165;1.0000;0.0000;0.0000;0.0000;0.0000
584;454.42;796.4000;20391.2500;26060.9000;25264.5000;110.0000;-0.0414;0.0000;-796.4000;0.0000;6.8165;0.0000;-796.4000;0.0000;6.8165;1.0000;0.0000;0.0000;0.0000;0.0000
585;454.78;797.4000;21345.3500;27025.9000;26228.5000;110.0000;-0.0414;0.0000;-797.4000;0.0000;6.8165;0.0000;-797.4000;0.0000;6.8165;1.0000;0.0000;0.0000;0.0000;0.0000
586;455.13;798.0000;21159.9000;26784.9000;25986.9000;110.0000;-0.0414;0.0000;-798.0000;0.0000;6.8165;0.0000;-798.0000;0.0000;6.8165;1.0000;0.0000;0.0000;0.0000;0.0000
587;455.49;799.5000;21928.3500;27859.1500;27059.6500;110.0000;-0.0414;0.0000;-799.5000;0.0000;6.8165;0.0000;-799.5000;0.0000;6.8165;1.0000;0.0000;0.0000;0.0000;0.0000
588;455.84;799.3500;21084.1500;26961.6500;26162.3000;110.0000;-0.0414;0.0000;-799.3500;0.0000;6.8165;0.0000;-799.3500;0.0000;6.8165;1.0000;0.0000;0.0000;0.0000;0.0000
589;456.19;804.4000;22126.5500;28247.9000;27443.5000;110.0000;-0.0414;0.0000;-804.4000;0.0000;6.8165;0.0000;-804.4000;0.0000;6.8165;1.0000;0.0000;0.0000;0.0000;0.0000
590;456.55;790.1000;22632.7500;28961.5000;28171.4000;110.0000;-0.0414;0.0000;-790.1000;0.0000;6.8165;0.0000;-790.1000;0.0000;6.8165;1.0000;0.0000;0.0000;0.0000;0.0000
591;456.90;794.6500;23042.7000;29609.7000;28815.0500;110.0000;-0.0414;0.0000;-794.6500;0.0000;6.8165;0.0000;-794.6500;0.0000;6.8165;1.0000;0.0000;0.0000;0.0000;0.0000
592;457.26;787.6500;23484.9500;30073.4000;29285.7500;110.0000;-0.0414;0.0000;-787.6500;0.0000;6.8165;0.0000;-787.6500;0.0000;6.8165;1.0000;0.0000;0.0000;0.0000;0.0000
593;457.61;782.8000;23383.7000;29927.1000;29144.3000;110.0000;-0.0414;0.0000;-782.8000;0.0000;6.8165;0.0000;-782.8000;0.0000;6.8165;1.0000;0.0000;0.0000;0.0000;0.0000
594;457.96;792.1500;24014.4000;30425.7500;29633.6000;110.0000;-0.0414;0.0000;-792.1500;0.0000;6.8165;0.0000;-792.1500;0.0000;6.8165;1.0000;0.0000;0.0000;0.0000;0.0000
595;458.32;780.5000;24874.3000;31774.1000;30993.6000;110.0000;-0.0414;0.0000;-780.5000;0.0000;6.8165;0.0000;-780.5000;0.0000;6.8165;1.0000;0.0000;0.0000;0.0000;0.0000
596;458.67;786.9000;24375.8500;30870.5000;30083.6000;110.0000;-0.0414;0.0000;-786.9000;0.0000;6.8165;0.0000;-786.9000;0.0000;6.8165;1.0000;0.0000;0.0000;0.0000;0.0000
597;459.02;795.5500;24847.8000;31199.1000;30403.5500;110.0000;-0.0414;0.0000;-795.5500;0.0000;6.8165;0.0000;-795.5500;0.0000;6.8165;1.0000;0.0000;0.0000;0.0000;0.0000
598;459.38;781.9500;24811.5500;31429.4000;30647.4500;110.0000;-0.0414;0.0000;-781.9500;0.0000;6.8165;0.0000;-781.9500;0.0000;6.8165;1.0000;0.0000;0.0000;0.0000;0.0000
599;459.73;784.0000;24785.4000;31681.6500;30897.6500;110.0000;-0.0414;0.0000;-784.0000;0.0000;6.8165;0.0000;-784.0000;0.0000;6.8165;1.0000;0.0000;0.0000;0.0000;0.0000
600;460.08;772.3500;24593.9500;31039.8000;30267.4500;110.0000;-0.0414;0.0000;-772.3500;0.0000;6.8165;0.0000;-772.3500;0.0000;6.8165;1.0000;0.0000;0.0000;0.0000;0.0000
601;460.44;778.1000;25258.2000;31959.2500;31181.1500;110.0000;-0.0414;0.0000;-778.1000;0.0000;6.8165;0.0000;-778.1000;0.0000;6.8165;1.0000;0.0000;0.0000;0.0000;0.0000
602;460.79;776.7500;25088.7000;31644.6500;30867.9000;110.0000;-0.0414;0.0000;-776.7500;0.0000;6.8165;0.0000;-776.7500;0.0000;6.8165;1.0000;0.0000;0.0000;0.0000;0.0000
603;461.14;782.9500;25855.8000;32615.5000;31832.5500;110.0000;-0.0414;0.0000;-782.9500;0.0000;6.8165;0.0000;-782.9500;0.0000;6.8165;1.0000;0.0000;0.0000;0.0000;0.0000
604;461.49;786.6500;25791.2500;32858.9000;32072.2500;110.0000;-0.0414;0.0000;-786.6500;0.0000;6.8165;0.0000;-786.6500;0.0000;6.8165;1.0000;0.0000;0.0000;0.0000;0.0000
605;461.85;781.6000;26285.9500;33131.2500;32349.6500;110.0000;-0.0414;0.0000;-781.6000;0.0000;6.8165;0.0000;-781.6000;0.0000;6.8165;1.0000;0.0000;0.0000;0.0000;0.0000
606;462.20;786.7000;27192.9000;33976.1500;33189.4500;110.0000;-0.0414;0.0000;-786.7000;0.0000;6.8165;0.0000;-786.7000;0.0000;6.8165;1.0000;0.0000;0.0000;0.0000;0.0000
607;462.55;785.6000;26589.1000;33088.5000;32302.9000;110.0000;-0.0414;0.0000;-785.6000;0.0000;6.8165;0.0000;-785.6000;0.0000;6.8165;1.0000;0.0000;0.0000;0.0000;0.0000
608;462.90;783.3500;27797.1500;34697.7000;33914.3500;110.0000;-0.0414;0.0000;-783.3500;0.0000;6.8165;0.0000;-783.3500;0.0000;6.8165;1.0000;0.0000;0.0000;0.0000;0.0000
609;463.26;780.9500;28777.3500;35864.1500;35083.2000;110.0000;-0.0414;0.0000;-780.9500;0.0000;6.8165;0.0000;-780.9500;0.0000;6.8165;1.0000;0.0000;0.0000;0.0000;0.0000
610;463.61;787.0000;28237.9000;35167.8000;34380.8000;110.0000;-0.0414;0.0000;-787.0000;0.0000;6.8165;0.0000;-787.0000;0.0000;6.8165;1.0000;0.0000;0.0000;0.0000;0.0000
611;463.96;797.2000;27889.8000;35074.5500;34277.3500;110.0000;-0.0414;0.0000;-797.2000;0.0000;6.8165;0.0000;-797.2000;0.0000;6.8165;1.0000;0.0000;0.0000;0.0000;0.0000
612;464.31;807.0000;28358.0000;35755.8500;34948.8500;110.0000;-0.0414;0.0000;-807.0000;0.0000;6.8165;0.0000;-807.0000;0.0000;6.8165;1.0000;0.0000;0.0000;0.0000;0.0000
613;464.66;797.2500;28112.1500;35238.3500;34441.1000;110.0000;-0.0414;0.0000;-797.2500;0.0000;6.8165;0.0000;-797.2500;0.0000;6.8165;1.0000;0.0000;0.0000;0.0000;0.0000
614;465.02;789.4500;28121.1000;35075.1500;34285.7000;110.0000;-0.0414;0.0000;-789.4500;0.0000;6.8165;0.0000;-789.4500;0.0000;6.8165;1.0000;0.0000;0.0000;0.0000;0.0000
615;465.37;793.6500;28931.7500;35821.9000;35028.2500;110.0000;-0.0414;0.0000;-793.6500;0.0000;6.8165;0.0000;-793.6500;0.0000;6.8165;1.0000;0.0000;0.0000;0.0000;0.0000
616;465.72;786.1000;28748.7500;35955.5000;35169.4000;110.0000;-0.0414;0.0000;-786.1000;0.0000;6.8165;0.0000;-786.1000;0.0000;6.8165;1.0000;0.0000;0.0000;0.0000;0.0000
617;466.07;794.3500;28190.4500;35218.9500;34424.6000;110.0000;-0.0414;0.0000;-794.3500;0.0000;6.8165;0.0000;-794.3500;0.0000;6.8165;1.0000;0.0000;0.0000;0.0000;0.0000
618;466.42;784.5000;29325.1000;36624.0000;35839.5000;110.0000;-0.0414;0.0000;-784.5000;0.0000;6.8165;0.0000;-784.5000;0.0000;6.8165;1.0000;0.0000;0.0000;0.0000;0.0000
619;466.77;783.9500;29390.4000;36922.7000;36138.7500;110.0000;-0.0414;0.0000;-783.9500;0.0000;6.8165;0.0000;-783.9500;0.0000;6.8165;1.0000;0.0000;0.0000;0.0000;0.0000
620;467.12;773.1000;30296.1000;37798.1000;37025.0000;110.0000;-0.0414;0.0000;-773.1000;0.0000;6.8165;0.0000;-773.1000;0.0000;6.8165;1.0000;0.0000;0.0000;0.0000;0.0000
621;467.48;794.3500;31832.4000;39582.5500;38788.2000;110.0000;-0.0414;0.0000;-794.3500;0.0000;6.8165;0.0000;-794.3500;0.0000;6.8165;1.0000;0.0000;0.0000;0.0000;0.0000
622;467.83;781.9000;33537.3500;41878.3500;41096.4500;110.0000;-0.0414;0.0000;-781.9000;0.0000;6.8165;0.0000;-781.9000;0.0000;6.8165;1.0000;0.0000;0.0000;0.0000;0.0000
623;468.18;793.1000;33581.5500;41961.5000;41168.4000;110.0000;-0.0414;0.0000;-793.1000;0.0000;6.8165;0.0000;-793.1000;0.0000;6.8165;1.0000;0.0000;0.0000;0.0000;0.0000
624;468.53;777.7000;34227.1500;42272.3000;41494.6000;110.0000;-0.0414;0.0000;-777.7000;0.0000;6.8165;0.0000;-777.7000;0.0000;6.8165;1.0000;0.0000;0.0000;0.0000;0.0000
625;468.88;769.5000;33317.8500;41338.2000;40568.7000;110.0000;-0.0414;0.0000;-769.5000;0.0000;6.8165;0.0000;-769.5000;0.0000;6.8165;1.0000;0.0000;0.0000;0.0000;0.0000
626;469.23;784.5500;33330.6500;40974.5500;40190.0000;110.0000;-0.0414;0.0000;-784.5500;0.0000;6.8165;0.0000;-784.5500;0.0000;6.8165;1.0000;0.0000;0.0000;0.0000;0.0000
627;469.58;788.1000;33501.0000;40959.2500;40171.1500;110.0000;-0.0414;0.0000;-788.1000;0.0000;6.8165;0.0000;-788.1000;0.0000;6.8165;1.0000;0.0000;0.0000;0.0000;0.0000
628;469.93;777.8000;33051.9000;40631.1500;39853.3500;110.0000;-0.0414;0.0000;-777.8000;0.0000;6.8165;0.0000;-777.8000;0.0000;6.8165;1.0000;0.0000;0.0000;0.0000;0.0000
629;470.28;792.0000;32997.2000;40704.0500;39912.0500;110.0000;-0.0414;0.0000;-792.0000;0.0000;6.8165;0.0000;-792.0000;0.0000;6.8165;1.0000;0.0000;0.0000;0.0000;0.0000
630;470.63;780.6000;32537.5000;39870.6500;39090.0500;110.0000;-0.0414;0.0000;-780.6000;0.0000;6.8165;0.0000;-780.6000;0.0000;6.8165;1.0000;0.0000;0.0000;0.0000;0.0000
631;470.98;790.1500;32453.8500;39455.8500;38665.7000;110.0000;-0.0414;0.0000;-790.1500;0.0000;6.8165;0.0000;-790.1500;0.0000;6.8165;1.0000;0.0000;0.0000;0.0000;0.0000
632;471.33;800.2000;31731.4000;38587.6000;37787.4000;110.0000;-0.0414;0.0000;-800.2000;0.0000;6.8165;0.0000;-800.2000;0.0000;6.8165;1.0000;0.0000;0.0000;0.0000;0.0000
633;471.68;791.1500;32259.2000;39346.4500;38555.3000;110.0000;-0.0414;0.0000;-791.1500;0.0000;6.8165;0.0000;-791.1500;0.0000;6.8165;1.0000;0.0000;0.0000;0.0000;0.0000
634;472.03;779.6000;31622.5000;38737.0500;37957.4500;110.0000;-0.0414;0.0000;-779.6000;0.0000;6.8165;0.0000;-779.6000;0.0000;6.8165;1.0000;0.0000;0.0000;0.0000;0.0000
635;472.38;795.6000;31195.6000;38246.9500;37451.3500;110.0000;-0.0414;0.0000;-795.6000;0.0000;6.8165;0.0000;-795.6000;0.0000;6.8165;1.0000;0.0000;0.0000;0.0000;0.0000
636;472.73;787.6500;32501.0500;40508.2000;39720.5500;110.0000;-0.0414;0.0000;-787.6500;0.0000;6.8165;0.0000;-787.6500;0.0000;6.8165;1.0000;0.0000;0.0000;0.0000;0.0000
637;473.08;785.9500;34298.6000;42541.6500;41755.7000;110.0000;-0.0414;0.0000;-785.9500;0.0000;6.8165;0.0000;-785.9500;0.0000;6.8165;1.0000;0.0000;0.0000;0.0000;0.0000
638;473.43;779.3500;36246.1500;44029.6500;43250.3000;110.0000;-0.0414;0.0000;-779.3500;0.0000;6.8165;0.0000;-779.3500;0.0000;6.8165;1.0000;0.0000;0.0000;0.0000;0.0000
639;473.78;789.4500;37886.2000;45551.1500;44761.7000;110.0000;-0.0414;0.0000;-789.4500;0.0000;6.8165;0.0000;-789.4500;0.0000;6.8165;1.0000;0.0000;0.0000;0.0000;0.0000
640;474.13;785.9000;36619.0500;45105.7500;44319.8500;110.0000;-0.0414;0.0000;-785.9000;0.0000;6.8165;0.0000;-785.9000;0.0000;6.8165;1.0000;0.0000;0.0000;0.0000;0.0000
641;474.48;792.7500;35499.2000;43521.4000;42728.6500;110.0000;-0.0414;0.0000;-792.7500;0.0000;6.8165;0.0000;-792.7500;0.0000;6.8165;1.0000;0.0000;0.0000;0.0000;0.0000
642;474.83;784.7500;32801.7500;39870.7500;39086.0000;110.0000;-0.0414;0.0000;-784.7500;0.0000;6.8165;0.0000;-784.7500;0.0000;6.8165;1.0000;0.0000;0.0000;0.0000;0.0000
643;475.18;786.8000;32349.0500;39444.8500;38658.0500;110.0000;-0.0414;0.0000;-786.8000;0.0000;6.8165;0.0000;-786.8000;0.0000;6.8165;1.0000;0.0000;0.0000;0.0000;0.0000
644;475.52;782.5500;31983.4500;38904.0500;38121.5000;110.0000;-0.0414;0.0000;-782.5500;0.0000;6.8165;0.0000;-782.5500;0.0000;6.8165;1.0000;0.0000;0.0000;0.0000;0.0000
645;475.87;793.9000;32007.8000;38813.8500;38019.9500;110.0000;-0.0414;0.0000;-793.9000;0.0000;6.8165;0.0000;-793.9000;0.0000;6.8165;1.0000;0.0000;0.0000;0.0000;0.0000
646;476.22;798.7500;31846.6500;38506.9500;37708.2000;110.0000;-0.0414;0.0000;-798.7500;0.0000;6.8165;0.0000;-798.7500;0.0000;6.8165;1.0000;0.0000;0.0000;0.0000;0.0000
647;476.57;781.3000;31570.7500;38358.6500;37577.3500;110.0000;-0.0414;0.0000;-781.3000;0.0000;6.8165;0.0000;-781.3000;0.0000;6.8165;1.0000;0.0000;0.0000;0.0000;0.0000
648;476.92;781.9500;31101.9500;37963.4500;37181.5000;110.0000;-0.0414;0.0000;-781.9500;0.0000;6.8165;0.0000;-781.9500;0.0000;6.8165;1.0000;0.0000;0.0000;0.0000;0.0000
649;477.27;794.9500;31403.5500;38122.8500;37327.9000;110.0000;-0.0414;0.0000;-794.9500;0.0000;6.8165;0.0000;-794.9500;0.0000;6.8165;1.0000;0.0000;0.0000;0.0000;0.0000
650;477.62;785.9000;32125.2000;38887.2500;38101.3500;110.0000;-0.0414;0.0000;-785.9000;0.0000;6.8165;0.0000;-785.9000;0.0000;6.8165;1.0000;0.0000;0.0000;0.0000;0.0000
651;477.96;803.0500;31679.8000;38374.2000;37571.1500;110.0000;-0.0414;0.0000;-803.0500;0.0000;6.8165;0.0000;-803.0500;0.0000;6.8165;1.0000;0.0000;0.0000;0.0000;0.0000
652;478.31;791.1500;32004.3500;38606.7000;37815.5500;110.0000;-0.0414;0.0000;-791.1500;0.0000;6.8165;0.0000;-791.1500;0.0000;6.8165;1.0000;0.0000;0.0000;0.0000;0.0000
653;478.66;784.2000;32535.4500;39323.9000;38539.7000;110.0000;-0.0414;0.0000;-784.2000;0.0000;6.8165;0.0000;-784.2000;0.0000;6.8165;1.0000;0.0000;0.0000;0.0000;0.0000
654;479.01;786.9500;33162.7500;39708.7000;38921.7500;110.0000;-0.0414;0.0000;-786.9500;0.0000;6.8165;0.0000;-786.9500;0.0000;6.8165;1.0000;0.0000;0.0000;0.0000;0.0000
655;479.36;768.5500;33024.4500;39524.9500;38756.4000;110.0000;-0.0414;0.0000;-768.5500;0.0000;6.8165;0.0000;-768.5500;0.0000;6.8165;1.0000;0.0000;0.0000;0.0000;0.0000
656;479.70;782.1000;33319.8000;40167.1500;39385.0500;110.0000;-0.0414;0.0000;-782.1000;0.0000;6.8165;0.0000;-782.1000;0.0000;6.8165;1.0000;0.0000;0.0000;0.0000;0.0000
657;480.05;780.1500;33758.1500;40764.6500;39984.5000;110.0000;-0.0414;0.0000;-780.1500;0.0000;6.8165;0.0000;-780.1500;0.0000;6.8165;1.0000;0.0000;0.0000;0.0000;0.0000
658;480.40;790.9000;34953.1000;42250.9000;41460.0000;110.0000;-0.0414;0.0000;-790.9000;0.0000;6.8165;0.0000;-790.9000;0.0000;6.8165;1.0000;0.0000;0.0000;0.0000;0.0000
659;480.75;794.0500;35642.2000;42932.0500;42138.0000;110.0000;-0.0414;0.0000;-794.0500;0.0000;6.8165;0.0000;-794.0500;0.0000;6.8165;1.0000;0.0000;0.0000;0.0000;0.0000
660;481.09;784.6500;36707.8000;44403.3000;43618.6500;110.0000;-0.0414;0.0000;-784.6500;0.0000;6.8165;0.0000;-784.6500;0.0000;6.8165;1.0000;0.0000;0.0000;0.0000;0.0000
661;481.44;790.1000;37086.7500;45084.5000;44294.4000;110.0000;-0.0414;0.0000;-790.1000;0.0000;6.8165;0.0000;-790.1000;0.0000;6.8165;1.0000;0.0000;0.0000;0.0000;0.0000
662;481.79;769.1000;37600.4500;45429.3500;44660.2500;110.0000;-0.0414;0.0000;-769.1000;0.0000;6.8165;0.0000;-769.1000;0.0000;6.8165;1.0000;0.0000;0.0000;0.0000;0.0000
663;482.14;796.6000;38088.2000;45489.1500;44692.5500;110.0000;-0.0414;0.0000;-796.6000;0.0000;6.8165;0.0000;-796.6000;0.0000;6.8165;1.0000;0.0000;0.0000;0.0000;0.0000
664;482.48;789.6500;38488.0000;45833.2000;45043.5500;110.0000;-0.0414;0.0000;-789.6500;0.0000;6.8165;0.0000;-789.6500;0.0000;6.8165;1.0000;0.0000;0.0000;0.0000;0.0000
665;482.83;777.7000;38457.3500;46242.4500;45464.7500;110.0000;-0.0414;0.0000;-777.7000;0.0000;6.8165;0.0000;-777.7000;0.0000;6.8165;1.0000;0.0000;0.0000;0.0000;0.0000
666;483.18;771.9000;38747.0000;46332.6500;45560.7500;110.0000;-0.0414;0.0000;-771.9000;0.0000;6.8165;0.0000;-771.9000;0.0000;6.8165;1.0000;0.0000;0.0000;0.0000;0.0000
667;483.52;796.1000;39450.4500;47079.7500;46283.6500;110.0000;-0.0414;0.0000;-796.1000;0.0000;6.8165;0.0000;-796.1000;0.0000;6.8165;1.0000;0.0000;0.0000;0.0000;0.0000
668;483.87;773.4500;39274.9500;47008.4000;46234.9500;110.0000;-0.0414;0.0000;-773.4500;0.0000;6.8165;0.0000;-773.4500;0.0000;6.8165;1.0000;0.0000;0.0000;0.0000;0.0000
669;484.22;783.4500;39356.0500;47012.1000;46228.6500;110.0000;-0.0414;0.0000;-783.4500;0.0000;6.8165;0.0000;-783.4500;0.0000;6.8165;1.0000;0.0000;0.0000;0.0000;0.0000
670;484.56;789.9500;39532.5500;47167.4000;46377.4500;110.0000;-0.0414;0.0000;-789.9500;0.0000;6.8165;0.0000;-789.9500;0.0000;6.8165;1.0000;0.0000;0.0000;0.0000;0.0000
671;484.91;783.3000;39500.5500;46787.3500;46004.0500;110.0000;-0.0414;0.0000;-783.3000;0.0000;6.8165;0.0000;-783.3000;0.0000;6.8165;1.0000;0.0000;0.0000;0.0000;0.0000
672;485.26;790.0500;39397.6500;46456.2500;45666.2000;110.0000;-0.0414;0.0000;-790.0500;0.0000;6.8165;0.0000;-790.0500;0.0000;6.8165;1.0000;0.0000;0.0000;0.0000;0.0000
673;485.60;785.5000;38785.4500;46325.1000;45539.6000;110.0000;-0.0414;0.0000;-785.5000;0.0000;6.8165;0.0000;-785.5000;0.0000;6.8165;1.0000;0.0000;0.0000;0.0000;0.0000
674;485.95;790.5000;38473.9000;45991.2500;45200.7500;110.0000;-0.0414;0.0000;-790.5000;0.0000;6.8165;0.0000;-790.5000;0.0000;6.8165;1.0000;0.0000;0.0000;0.0000;0.0000
675;486.30;792.7500;38236.7000;45096.8500;44304.1000;110.0000;-0.0414;0.0000;-792.7500;0.0000;6.8165;0.0000;-792.7500;0.0000;6.8165;1.0000;0.0000;0.0000;0.0000;0.0000
676;486.64;785.8500;38527.6500;45791.1000;45005.2500;110.0000;-0.0414;0.0000;-785.8500;0.0000;6.8165;0.0000;-785.8500;0.0000;6.8165;1.0000;0.0000;0.0000;0.0000;0.0000
677;486.99;788.1500;38367.9500;46035.4000;45247.2500;110.0000;-0.0414;0.0000;-788.1500;0.0000;6.8165;0.0000;-788.1500;0.0000;6.8165;1.0000;0.0000;0.0000;0.0000;0.0000
678;487.33;797.8500;38603.0000;45839.1000;45041.2500;110.0000;-0.0414;0.0000;-797.8500;0.0000;6.8165;0.0000;-797.8500;0.0000;6.8165;1.0000;0.0000;0.0000;0.0000;0.0000
679;487.68;785.4500;38439.7000;45723.0500;44937.6000;110.0000;-0.0414;0.0000;-785.4500;0.0000;6.8165;0.0000;-785.4500;0.0000;6.8165;1.0000;0.0000;0.0000;0.0000;0.0000
680;488.02;804.6500;38962.6500;46362.3500;45557.7000;110.0000;-0.0414;0.0000;-804.6500;0.0000;6.8165;0.0000;-804.6500;0.0000;6.8165;1.0000;0.0000;0.0000;0.0000;0.0000
681;488.37;791.1500;39147.5000;46119.1000;45327.9500;110.0000;-0.0414;0.0000;-791.1500;0.0000;6.8165;0.0000;-791.1500;0.0000;6.8165;1.0000;0.0000;0.0000;0.0000;0.0000
682;488.72;794.6500;39566.9000;46390.5000;45595.8500;110.0000;-0.0414;0.0000;-794.6500;0.0000;6.8165;0.0000;-794.6500;0.0000;6.8165;1.0000;0.0000;0.0000;0.0000;0.0000
683;489.06;798.0500;39279.3000;46557.5000;45759.4500;110.0000;-0.0414;0.0000;-798.0500;0.0000;6.8165;0.0000;-798.0500;0.0000;6.8165;1.0000;0.0000;0.0000;0.0000;0.0000
684;489.41;784.2000;39448.5500;46956.6000;46172.4000;110.0000;-0.0414;0.0000;-784.2000;0.0000;6.8165;0.0000;-784.2000;0.0000;6.8165;1.0000;0.0000;0.0000;0.0000;0.0000
685;489.75;793.3500;39411.1000;47078.2000;46284.8500;110.0000;-0.0414;0.0000;-793.3500;0.0000;6.8165;0.0000;-793.3500;0.0000;6.8165;1.0000;0.0000;0.0000;0.0000;0.0000
686;490.10;790.9500;39512.9500;47252.9500;46462.0000;110.0000;-0.0414;0.0000;-790.9500;0.0000;6.8165;0.0000;-790.9500;0.0000;6.8165;1.0000;0.0000;0.0000;0.0000;0.0000
687;490.44;784.4000;39863.1500;47366.2500;46581.8500;110.0000;-0.0414;0.0000;-784.4000;0.0000;6.8165;0.0000;-784.4000;0.0000;6.8165;1.0000;0.0000;0.0000;0.0000;0.0000
688;490.79;790.4500;40515.7500;48121.3500;47330.9000;110.0000;-0.0414;0.0000;-790.4500;0.0000;6.8165;0.0000;-790.4500;0.0000;6.8165;1.0000;0.0000;0.0000;0.0000;0.0000
689;491.13;794.7500;40434.5000;48248.8500;47454.1000;110.0000;-0.0414;0.0000;-794.7500;0.0000;6.8165;0.0000;-794.7500;0.0000;6.8165;1.0000;0.0000;0.0000;0.0000;0.0000
690;491.48;775.9500;41256.9500;49633.8500;48857.9000;110.0000;-0.0414;0.0000;-775.9500;0.0000;6.8165;0.0000;-775.9500;0.0000;6.8165;1.0000;0.0000;0.0000;0.0000;0.0000
691;491.82;780.2500;42780.4000;50915.6500;50135.4000;110.0000;-0.0414;0.0000;-780.2500;0.0000;6.8165;0.0000;-780.2500;0.0000;6.8165;1.0000;0.0000;0.0000;0.0000;0.0000
692;492.16;787.9500;44018.2000;52031.7000;51243.7500;110.0000;-0.0414;0.0000;-787.9500;0.0000;6.8165;0.0000;-787.9500;0.0000;6.8165;1.0000;0.0000;0.0000;0.0000;0.0000
693;492.51;781.2500;44460.6500;52901.3500;52120.1000;110.0000;-0.0414;0.0000;-781.2500;0.0000;6.8165;0.0000;-781.2500;0.0000;6.8165;1.0000;0.0000;0.0000;0.0000;0.0000
694;492.85;781.5000;44293.3500;53077.0000;52295.5000;110.0000;-0.0414;0.0000;-781.5000;0.0000;6.8165;0.0000;-781.5000;0.0000;6.8165;1.0000;0.0000;0.0000;0.0000;0.0000
695;493.20;777.0500;43898.2500;52254.0000;51476.9500;110.0000;-0.0414;0.0000;-777.0500;0.0000;6.8165;0.0000;-777.0500;0.0000;6.8165;1.0000;0.0000;0.0000;0.0000;0.0000
696;493.54;782.0500;44383.3500;52114.1000;51332.0500;110.0000;-0.0414;0.0000;-782.0500;0.0000;6.8165;0.0000;-782.0500;0.0000;6.8165;1.0000;0.0000;0.0000;0.0000;0.0000
697;493.89;776.0000;43851.8000;51481.7000;50705.7000;110.0000;-0.0414;0.0000;-776.0000;0.0000;6.8165;0.0000;-776.0000;0.0000;6.8165;1.0000;0.0000;0.0000;0.0000;0.0000
698;494.23;784.9000;43494.1000;51358.4000;50573.5000;110.0000;-0.0414;0.0000;-784.9000;0.0000;6.8165;0.0000;-784.9000;0.0000;6.8165;1.0000;0.0000;0.0000;0.0000;0.0000
699;494.57;801.2000;42652.9000;50349.7000;49548.5000;110.0000;-0.0414;0.0000;-801.2000;0.0000;6.8165;0.0000;-801.2000;0.0000;6.8165;1.0000;0.0000;0.0000;0.0000;0.0000
700;494.92;802.9500;43168.0000;49999.3500;49196.4000;110.0000;-0.0414;0.0000;-802.9500;0.0000;6.8165;0.0000;-802.9500;0.0000;6.8165;1.0000;0.0000;0.0000;0.0000;0.0000
701;495.26;784.1000;42649.7000;49929.5500;49145.4500;110.0000;-0.0414;0.0000;-784.1000;0.0000;6.8165;0.0000;-784.1000;0.0000;6.8165;1.0000;0.0000;0.0000;0.0000;0.0000
702;495.60;785.2000;42068.2000;49215.8000;48430.6000;110.0000;-0.0414;0.0000;-785.2000;0.0000;6.8165;0.0000;-785.2000;0.0000;6.8165;1.0000;0.0000;0.0000;0.0000;0.0000
703;495.95;798.8000;41949.3500;48579.9500;47781.1500;110.0000;-0.0414;0.0000;-798.8000;0.0000;6.8165;0.0000;-798.8000;0.0000;6.8165;1.0000;0.0000;0.0000;0.0000;0.0000
704;496.29;795.9000;41880.7000;48310.9500;47515.0500;110.0000;-0.0414;0.0000;-795.9000;0.0000;6.8165;0.0000;-795.9000;0.0000;6.8165;1.0000;0.0000;0.0000;0.0000;0.0000
705;496.63;801.5500;41824.1000;47598.6000;46797.0500;110.0000;-0.0414;0.0000;-801.5500;0.0000;6.8165;0.0000;-801.5500;0.0000;6.8165;1.0000;0.0000;0.0000;0.0000;0.0000
706;496.98;794.4000;41645.5500;46499.8000;45705.4000;110.0000;-0.0414;0.0000;-794.4000;0.0000;6.8165;0.0000;-794.4000;0.0000;6.8165;1.0000;0.0000;0.0000;0.0000;0.0000
707;497.32;797.8000;41862.1500;46161.8500;45364.0500;110.0000;-0.0414;0.0000;-797.8000;0.0000;6.8165;0.0000;-797.8000;0.0000;6.8165;1.0000;0.0000;0.0000;0.0000;0.0000
708;497.66;780.1000;41301.9000;45339.8500;44559.7500;109.9649;-0.0413;0.0000;-780.1000;0.0000;6.8165;0.0000;-780.1000;0.0000;6.8165;1.0000;0.0000;0.0000;0.0000;0.0000
709;498.01;793.5500;41088.3500;44485.8500;43692.3000;108.4316;-0.0352;0.0000;-793.5500;0.0000;6.8165;0.0000;-793.5500;0.0000;6.8165;1.0000;0.0000;0.0000;0.0000;0.0000
710;498.35;782.5500;41637.3500;44168.8000;43386.2500;106.1962;-0.0261;0.0000;-782.5500;0.0000;6.8165;0.0000;-782.5500;0.0000;6.8165;1.0000;0.0000;0.0000;0.0000;0.0000
711;498.69;795.4000;41575.8000;43575.3500;42779.9500;104.9032;-0.0208;0.0000;-795.4000;0.0000;6.8165;0.0000;-795.4000;0.0000;6.8165;1.0000;0.0000;0.0000;0.0000;0.0000
712;499.03;794.3000;41389.8000;42789.5500;41995.2500;103.4480;-0.0147;0.0000;-794.3000;0.0000;6.8165;0.0000;-794.3000;0.0000;6.8165;1.0000;0.0000;0.0000;0.0000;0.0000
713;499.38;794.7000;41230.9000;42211.1500;41416.4500;102.4242;-0.0104;0.0000;-794.7000;0.0000;6.8165;0.0000;-794.7000;0.0000;6.8165;1.0000;0.0000;0.0000;0.0000;0.0000
714;499.72;805.4000;41491.1000;41643.0000;40837.6000;100.3733;-0.0016;0.0000;-805.4000;0.0000;6.8165;0.0000;-805.4000;0.0000;6.8165;1.0000;0.0000;0.0000;0.0000;0.0000
715;500.06;786.4000;41380.7500;40825.3000;40038.9000;98.6317;0.0060;0.0000;-786.4000;0.0000;6.8165;0.0000;-786.4000;0.0000;6.8165;1.0000;0.0000;0.0000;0.0000;0.0000
716;500.40;782.9500;41236.1500;40077.2000;39294.2500;97.1351;0.0126;0.0000;-782.9500;0.0000;6.8165;0.0000;-782.9500;0.0000;6.8165;1.0000;0.0000;0.0000;0.0000;0.0000
717;500.75;777.2500;41249.3000;39686.5000;38909.2500;96.1386;0.0171;0.0000;-777.2500;0.0000;6.8165;0.0000;-777.2500;0.0000;6.8165;1.0000;0.0000;0.0000;0.0000;0.0000
718;501.09;806.3000;41126.2000;38484.5500;37678.2500;93.4483;0.0294;0.0000;-806.3000;0.0000;6.8165;0.0000;-806.3000;0.0000;6.8165;1.0000;0.0000;0.0000;0.0000;0.0000
719;501.43;777.7000;41078.5000;37231.6500;36453.9500;90.4547;0.0436;0.0000;-777.7000;0.0000;6.8165;0.0000;-777.7000;0.0000;6.8165;1.0000;0.0000;0.0000;0.0000;0.0000
720;501.77;786.9500;41269.9500;36569.2000;35782.2500;88.3883;0.0536;0.0000;-786.9500;0.0000;6.8165;0.0000;-786.9500;0.0000;6.8165;1.0000;0.0000;0.0000;0.0000;0.0000
721;502.11;800.8500;41448.3500;36296.2000;35495.3500;87.3248;0.0589;0.0000;-800.8500;0.0000;6.8165;0.0000;-800.8500;0.0000;6.8165;1.0000;0.0000;0.0000;0.0000;0.0000
722;502.46;782.5000;41511.1500;35644.4000;34861.9000;85.5955;0.0675;0.0000;-782.5000;0.0000;6.8165;0.0000;-782.5000;0.0000;6.8165;1.0000;0.0000;0.0000;0.0000;0.0000
723;502.80;788.0000;41294.5500;35163.9000;34375.9000;84.8650;0.0713;0.0000;-788.0000;0.0000;6.8165;0.0000;-788.0000;0.0000;6.8165;1.0000;0.0000;0.0000;0.0000;0.0000
724;503.14;776.4000;41388.6500;34344.1000;33567.7000;82.6541;0.0827;0.0000;-776.4000;0.0000;6.8165;0.0000;-776.4000;0.0000;6.8165;1.0000;0.0000;0.0000;0.0000;0.0000
725;503.48;774.4000;41717.7500;33313.1000;32538.7000;79.4725;0.0998;0.0000;-774.4000;0.0000;6.8165;0.0000;-774.4000;0.0000;6.8165;1.0000;0.0000;0.0000;0.0000;0.0000
726;503.82;788.7500;42019.4500;32868.1000;32079.3500;77.8045;0.1090;0.0000;-788.7500;0.0000;6.8165;0.0000;-788.7500;0.0000;6.8165;1.0000;0.0000;0.0000;0.0000;0.0000
727;504.16;781.3500;42147.0000;32666.2500;31884.9000;77.0806;0.1131;0.0000;-781.3500;0.0000;6.8165;0.0000;-781.3500;0.0000;6.8165;1.0000;0.0000;0.0000;0.0000;0.0000
728;504.50;801.1500;42280.6500;31856.1500;31055.0000;74.8683;0.1257;0.0000;-801.1500;0.0000;6.8165;0.0000;-801.1500;0.0000;6.8165;1.0000;0.0000;0.0000;0.0000;0.0000
729;504.84;788.1000;42475.8000;31244.0500;30455.9500;73.0574;0.1363;0.0000;-788.1000;0.0000;6.8165;0.0000;-788.1000;0.0000;6.8165;1.0000;0.0000;0.0000;0.0000;0.0000
730;505.19;786.9500;41678.0500;30972.3500;30185.4000;73.8190;0.1318;0.0000;-786.9500;0.0000;6.8165;0.0000;-786.9500;0.0000;6.8165;1.0000;0.0000;0.0000;0.0000;0.0000
731;505.53;791.6500;41121.0500;30420.4000;29628.7500;73.4669;0.1339;0.0000;-791.6500;0.0000;6.8165;0.0000;-791.6500;0.0000;6.8165;1.0000;0.0000;0.0000;0.0000;0.0000
732;505.87;784.7000;41707.2500;30109.0000;29324.3000;71.6580;0.1447;0.0000;-784.7000;0.0000;6.8165;0.0000;-784.7000;0.0000;6.8165;1.0000;0.0000;0.0000;0.0000;0.0000
733;506.21;791.7500;42060.4000;29985.5500;29193.8000;70.7409;0.1503;0.0000;-791.7500;0.0000;6.8165;0.0000;-791.7500;0.0000;6.8165;1.0000;0.0000;0.0000;0.0000;0.0000
734;506.55;802.9500;42073.4500;29732.4500;28929.5000;70.0973;0.1543;0.0000;-802.9500;0.0000;6.8165;0.0000;-802.9500;0.0000;6.8165;1.0000;0.0000;0.0000;0.0000;0.0000
735;506.89;807.2500;41981.2500;29310.8000;28503.5500;69.2271;0.1597;0.0000;-807.2500;0.0000;6.8165;0.0000;-807.2500;0.0000;6.8165;1.0000;0.0000;0.0000;0.0000;0.0000
736;507.23;792.7000;42080.0500;28981.0000;28188.3000;68.2735;0.1657;0.0000;-792.7000;0.0000;6.8165;0.0000;-792.7000;0.0000;6.8165;1.0000;0.0000;0.0000;0.0000;0.0000
737;507.57;778.0000;42342.9000;28747.5000;27969.5000;67.2912;0.1720;0.0000;-778.0000;0.0000;6.8165;0.0000;-778.0000;0.0000;6.8165;1.0000;0.0000;0.0000;0.0000;0.0000
738;507.91;788.3000;42532.5000;28680.6000;27892.3000;66.8172;0.1751;0.0000;-788.3000;0.0000;6.8165;0.0000;-788.3000;0.0000;6.8165;1.0000;0.0000;0.0000;0.0000;0.0000
739;508.25;781.5000;42778.8000;28435.2000;27653.7000;65.8464;0.1815;0.0000;-781.5000;0.0000;6.8165;0.0000;-781.5000;0.0000;6.8165;1.0000;0.0000;0.0000;0.0000;0.0000
740;508.59;796.4000;42696.1000;28150.3500;27353.9500;65.2844;0.1852;0.0000;-796.4000;0.0000;6.8165;0.0000;-796.4000;0.0000;6.8165;1.0000;0.0000;0.0000;0.0000;0.0000
741;508.93;794.0000;42611.6000;28059.0000;27265.0000;65.1998;0.1858;0.0000;-794.0000;0.0000;6.8165;0.0000;-794.0000;0.0000;6.8165;1.0000;0.0000;0.0000;0.0000;0.0000
742;509.27;791.9000;42149.6000;27766.7500;26974.8500;65.2233;0.1856;0.0000;-791.9000;0.0000;6.8165;0.0000;-791.9000;0.0000;6.8165;1.0000;0.0000;0.0000;0.0000;0.0000
743;509.61;779.8000;42160.2000;27855.8000;27076.0000;65.4319;0.1842;0.0000;-779.8000;0.0000;6.8165;0.0000;-779.8000;0.0000;6.8165;1.0000;0.0000;0.0000;0.0000;0.0000
744;509.95;799.3000;42701.1500;27956.3000;27157.0000;64.8110;0.1884;0.0000;-799.3000;0.0000;6.8165;0.0000;-799.3000;0.0000;6.8165;1.0000;0.0000;0.0000;0.0000;0.0000
745;510.29;793.6000;42866.4500;28129.6500;27336.0500;64.9731;0.1873;0.0000;-793.6000;0.0000;6.8165;0.0000;-793.6000;0.0000;6.8165;1.0000;0.0000;0.0000;0.0000;0.0000
746;510.63;782.2500;43015.2000;28150.9500;27368.7000;64.8041;0.1884;0.0000;-782.2500;0.0000;6.8165;0.0000;-782.2500;0.0000;6.8165;1.0000;0.0000;0.0000;0.0000;0.0000
747;510.97;780.6500;42633.2500;28049.0500;27268.4000;65.1534;0.1861;0.0000;-780.6500;0.0000;6.8165;0.0000;-780.6500;0.0000;6.8165;1.0000;0.0000;0.0000;0.0000;0.0000
748;511.31;800.3500;42211.3000;28027.1500;27226.8000;65.7478;0.1821;0.0000;-800.3500;0.0000;6.8165;0.0000;-800.3500;0.0000;6.8165;1.0000;0.0000;0.0000;0.0000;0.0000
749;511.65;801.6500;42336.6500;27738.3000;26936.6500;64.8529;0.1881;0.0000;-801.6500;0.0000;6.8165;0.0000;-801.6500;0.0000;6.8165;1.0000;0.0000;0.0000;0.0000;0.0000
750;511.98;790.8000;43001.9500;27767.5000;26976.7000;63.9089;0.1944;0.0000;-790.8000;0.0000;6.8165;0.0000;-790.8000;0.0000;6.8165;1.0000;0.0000;0.0000;0.0000;0.0000
751;512.32;796.8500;43212.2000;27881.8000;27084.9500;63.8565;0.1948;0.0000;-796.8500;0.0000;6.8165;0.0000;-796.8500;0.0000;6.8165;1.0000;0.0000;0.0000;0.0000;0.0000
752;512.66;796.6500;42746.3000;28023.7500;27227.1000;64.9042;0.1877;0.0000;-796.6500;0.0000;6.8165;0.0000;-796.6500;0.0000;6.8165;1.0000;0.0000;0.0000;0.0000;0.0000
753;513.00;786.0000;43046.1000;28033.2000;27247.2000;64.4750;0.1906;0.0000;-786.0000;0.0000;6.8165;0.0000;-786.0000;0.0000;6.8165;1.0000;0.0000;0.0000;0.0000;0.0000
754;513.34;783.1500;43830.8500;27924.1000;27140.9500;63.0485;0.2003;0.0000;-783.1500;0.0000;6.8165;0.0000;-783.1500;0.0000;6.8165;1.0000;0.0000;0.0000;0.0000;0.0000
755;513.68;792.8500;43841.6000;28051.1500;27258.3000;63.3196;0.1985;0.0000;-792.8500;0.0000;6.8165;0.0000;-792.8500;0.0000;6.8165;1.0000;0.0000;0.0000;0.0000;0.0000
756;514.02;810.6500;44187.7500;28206.6500;27396.0000;63.1577;0.1996;0.0000;-810.6500;0.0000;6.8165;0.0000;-810.6500;0.0000;6.8165;1.0000;0.0000;0.0000;0.0000;0.0000
757;514.36;790.9500;44093.3500;28095.2000;27304.2500;63.0548;0.2003;0.0000;-790.9500;0.0000;6.8165;0.0000;-790.9500;0.0000;6.8165;1.0000;0.0000;0.0000;0.0000;0.0000
758;514.69;791.4500;43836.0000;27847.3000;27055.8500;62.8555;0.2017;0.0000;-791.4500;0.0000;6.8165;0.0000;-791.4500;0.0000;6.8165;1.0000;0.0000;0.0000;0.0000;0.0000
759;515.03;781.5500;44084.6500;27599.1000;26817.5500;61.9299;0.2081;0.0000;-781.5500;0.0000;6.8165;0.0000;-781.5500;0.0000;6.8165;1.0000;0.0000;0.0000;0.0000;0.0000
760;515.37;789.6000;43786.2500;27454.8500;26665.2500;62.0170;0.2075;0.0000;-789.6000;0.0000;6.8165;0.0000;-789.6000;0.0000;6.8165;1.0000;0.0000;0.0000;0.0000;0.0000
761;515.71;783.6000;43748.9500;27165.4000;26381.8000;61.4025;0.2118;0.0000;-783.6000;0.0000;6.8165;0.0000;-783.6000;0.0000;6.8165;1.0000;0.0000;0.0000;0.0000;0.0000
762;516.05;792.6500;43820.3500;26723.7500;25931.1000;60.2661;0.2199;0.0000;-792.6500;0.0000;6.8165;0.0000;-792.6500;0.0000;6.8165;1.0000;0.0000;0.0000;0.0000;0.0000
763;516.38;778.7000;44500.9000;26435.8000;25657.1000;58.6821;0.2315;0.0000;-778.7000;0.0000;6.8165;0.0000;-778.7000;0.0000;6.8165;1.0000;0.0000;0.0000;0.0000;0.0000
764;516.72;796.8000;44680.6500;26322.2000;25525.4000;58.1658;0.2353;0.0000;-796.8000;0.0000;6.8165;0.0000;-796.8000;0.0000;6.8165;1.0000;0.0000;0.0000;0.0000;0.0000
765;517.06;792.0000;44356.3000;25940.9500;25148.9500;57.7283;0.2386;0.0000;-792.0000;0.0000;6.8165;0.0000;-792.0000;0.0000;6.8165;1.0000;0.0000;0.0000;0.0000;0.0000
766;517.40;793.7000;44207.3500;25528.8500;24735.1500;56.9755;0.2443;0.0000;-793.7000;0.0000;6.8165;0.0000;-793.7000;0.0000;6.8165;1.0000;0.0000;0.0000;0.0000;0.0000
767;517.73;806.8000;44689.1500;25120.9000;24314.1000;55.4075;0.2564;0.0000;-806.8000;0.0000;6.8165;0.0000;-806.8000;0.0000;6.8165;1.0000;0.0000;0.0000;0.0000;0.0000
768;518.07;780.2000;44563.4000;24525.4000;23745.2000;54.2336;0.2657;0.0000;-780.2000;0.0000;6.8165;0.0000;-780.2000;0.0000;6.8165;1.0000;0.0000;0.0000;0.0000;0.0000
769;518.41;793.7500;44873.6500;24187.2500;23393.5000;53.0707;0.2751;0.0000;-793.7500;0.0000;6.8165;0.0000;-793.7500;0.0000;6.8165;1.0000;0.0000;0.0000;0.0000;0.0000
770;518.75;792.6500;45118.6000;23675.0500;22882.4000;51.6230;0.2872;0.0000;-792.6500;0.0000;6.8165;0.0000;-792.6500;0.0000;6.8165;1.0000;0.0000;0.0000;0.0000;0.0000
771;519.08;800.2000;45128.6500;23157.6500;22357.4500;50.4359;0.2973;0.0000;-800.2000;0.0000;6.8165;0.0000;-800.2000;0.0000;6.8165;1.0000;0.0000;0.0000;0.0000;0.0000
772;519.42;796.0000;44968.6000;22511.8000;21715.8000;49.1612;0.3084;0.0000;-796.0000;0.0000;6.8165;0.0000;-796.0000;0.0000;6.8165;1.0000;0.0000;0.0000;0.0000;0.0000
773;519.76;800.2500;45280.9000;21845.9000;21045.6500;47.3142;0.3250;0.0000;-800.2500;0.0000;6.8165;0.0000;-800.2500;0.0000;6.8165;1.0000;0.0000;0.0000;0.0000;0.0000
774;520.09;783.3000;45463.4500;21364.2000;20580.9000;46.0627;0.3367;0.0000;-783.3000;0.0000;6.8165;0.0000;-783.3000;0.0000;6.8165;1.0000;0.0000;0.0000;0.0000;0.0000
775;520.43;789.6000;45232.9000;20792.1000;20002.5000;45.0068;0.3467;0.0000;-789.6000;0.0000;6.8165;0.0000;-789.6000;0.0000;6.8165;1.0000;0.0000;0.0000;0.0000;0.0000
776;520.77;772.9000;45064.7000;20110.5000;19337.6000;43.6595;0.3599;0.0000;-772.9000;0.0000;6.8165;0.0000;-772.9000;0.0000;6.8165;1.0000;0.0000;0.0000;0.0000;0.0000
777;521.10;781.1000;44715.9500;19546.6500;18765.5500;42.7122;0.3694;0.0000;-781.1000;0.0000;6.8165;0.0000;-781.1000;0.0000;6.8165;1.0000;0.0000;0.0000;0.0000;0.0000
778;521.44;795.5000;44687.0500;18881.1500;18085.6500;41.2053;0.3850;0.0000;-795.5000;0.0000;6.8165;0.0000;-795.5000;0.0000;6.8165;1.0000;0.0000;0.0000;0.0000;0.0000
779;521.78;787.2000;45343.5000;18142.7000;17355.5000;38.9518;0.4095;0.0000;-787.2000;0.0000;6.8165;0.0000;-787.2000;0.0000;6.8165;1.0000;0.0000;0.0000;0.0000;0.0000
780;522.11;778.3000;45772.5000;17704.0500;16925.7500;37.6176;0.4246;0.0000;-778.3000;0.0000;6.8165;0.0000;-778.3000;0.0000;6.8165;1.0000;0.0000;0.0000;0.0000;0.0000
781;522.45;786.3000;45900.6500;16977.4500;16191.1500;35.8891;0.4450;0.0000;-786.3000;0.0000;6.8165;0.0000;-786.3000;0.0000;6.8165;1.0000;0.0000;0.0000;0.0000;0.0000
782;522.78;792.7000;45133.9000;16210.6000;15417.9000;34.7710;0.4588;0.0000;-792.7000;0.0000;6.8165;0.0000;-792.7000;0.0000;6.8165;1.0000;0.0000;0.0000;0.0000;0.0000
783;523.12;790.7500;45047.4000;15573.5000;14782.7500;33.4023;0.4762;0.0000;-790.7500;0.0000;6.8165;0.0000;-790.7500;0.0000;6.8165;1.0000;0.0000;0.0000;0.0000;0.0000
784;523.46;789.3500;45752.4000;15033.4000;14244.0500;31.6795;0.4992;0.0000;-789.3500;0.0000;6.8165;0.0000;-789.3500;0.0000;6.8165;1.0000;0.0000;0.0000;0.0000;0.0000
785;523.79;791.0500;45894.8500;14516.7000;13725.6500;30.4312;0.5167;0.0000;-791.0500;0.0000;6.8165;0.0000;-791.0500;0.0000;6.8165;1.0000;0.0000;0.0000;0.0000;0.0000
786;524.13;787.3000;45891.9500;13929.1000;13141.8000;29.1362;0.5356;0.0000;-787.3000;0.0000;6.8165;0.0000;-787.3000;0.0000;6.8165;1.0000;0.0000;0.0000;0.0000;0.0000
787;524.46;791.5000;45589.3500;13357.9500;12566.4500;28.0515;0.5520;0.0000;-791.5000;0.0000;6.8165;0.0000;-791.5000;0.0000;6.8165;1.0000;0.0000;0.0000;0.0000;0.0000
788;524.80;792.0000;45018.3000;12735.2000;11943.2000;27.0047;0.5686;0.0000;-792.0000;0.0000;6.8165;0.0000;-792.0000;0.0000;6.8165;1.0000;0.0000;0.0000;0.0000;0.0000
789;525.13;792.9000;45364.4000;12120.8500;11327.9500;25.4152;0.5949;0.0000;-792.9000;0.0000;6.8165;0.0000;-792.9000;0.0000;6.8165;1.0000;0.0000;0.0000;0.0000;0.0000
790;525.47;803.4000;46657.8500;11626.8500;10823.4500;23.6039;0.6270;0.0000;-803.4000;0.0000;6.8165;0.0000;-803.4000;0.0000;6.8165;1.0000;0.0000;0.0000;0.0000;0.0000
791;525.80;791.7500;47038.8500;11116.4000;10324.6500;22.3250;0.6512;0.0000;-791.7500;0.0000;6.8165;0.0000;-791.7500;0.0000;6.8165;1.0000;0.0000;0.0000;0.0000;0.0000
792;526.14;780.7000;46611.0000;10655.6000;9874.9000;21.5467;0.6666;0.0000;-780.7000;0.0000;6.8165;0.0000;-780.7000;0.0000;6.8165;1.0000;0.0000;0.0000;0.0000;0.0000
793;526.47;793.3500;46258.3000;10301.8500;9508.5000;20.9139;0.6796;0.0000;-793.3500;0.0000;6.8165;0.0000;-793.3500;0.0000;6.8165;1.0000;0.0000;0.0000;0.0000;0.0000
794;526.81;793.7500;45705.0000;9794.5000;9000.7500;20.0412;0.6981;0.0000;-793.7500;0.0000;6.8165;0.0000;-793.7500;0.0000;6.8165;1.0000;0.0000;0.0000;0.0000;0.0000
795;527.14;786.8000;46397.5500;9399.8500;8613.0500;18.8838;0.7239;0.0000;-786.8000;0.0000;6.8165;0.0000;-786.8000;0.0000;6.8165;1.0000;0.0000;0.0000;0.0000;0.0000
796;527.48;780.8000;46870.1000;8997.1000;8216.3000;17.8269;0.7489;0.0000;-780.8000;0.0000;6.8165;0.0000;-780.8000;0.0000;6.8165;1.0000;0.0000;0.0000;0.0000;0.0000
797;527.81;802.0000;47069.9000;8643.5500;7841.5500;16.9481;0.7709;0.0000;-802.0000;0.0000;6.8165;0.0000;-802.0000;0.0000;6.8165;1.0000;0.0000;0.0000;0.0000;0.0000
798;528.15;792.1500;46396.7500;8291.2500;7499.1000;16.4437;0.7840;0.0000;-792.1500;0.0000;6.8165;0.0000;-792.1500;0.0000;6.8165;1.0000;0.0000;0.0000;0.0000;0.0000
799;528.48;801.5500;46126.2500;7963.3500;7161.8000;15.8011;0.8013;0.0000;-801.5500;0.0000;6.8165;0.0000;-801.5500;0.0000;6.8165;1.0000;0.0000;0.0000;0.0000;0.0000
800;528.82;790.1500;46150.0500;7688.6000;6898.4500;15.2083;0.8179;0.0000;-790.1500;0.0000;6.8165;0.0000;-790.1500;0.0000;6.8165;1.0000;0.0000;0.0000;0.0000;0.0000
801;529.15;786.2000;47053.1000;7352.6000;6566.4000;14.1924;0.8479;0.0000;-786.2000;0.0000;6.8165;0.0000;-786.2000;0.0000;6.8165;1.0000;0.0000;0.0000;0.0000;0.0000
802;529.49;785.0000;47413.9000;7103.1000;6318.1000;13.5498;0.8681;0.0000;-785.0000;0.0000;6.8165;0.0000;-785.0000;0.0000;6.8165;1.0000;0.0000;0.0000;0.0000;0.0000
803;529.82;797.4000;47088.1000;6871.8500;6074.4500;13.1224;0.8820;0.0000;-797.4000;0.0000;6.8165;0.0000;-797.4000;0.0000;6.8165;1.0000;0.0000;0.0000;0.0000;0.0000
804;530.15;800.0500;46494.8000;6542.6000;5742.5500;12.5672;0.9008;0.0000;-800.0500;0.0000;6.8165;0.0000;-800.0500;0.0000;6.8165;1.0000;0.0000;0.0000;0.0000;0.0000
805;530.49;778.2000;46371.4000;6241.9000;5463.7000;11.9836;0.9214;0.0000;-778.2000;0.0000;6.8165;0.0000;-778.2000;0.0000;6.8165;1.0000;0.0000;0.0000;0.0000;0.0000
806;530.82;787.9500;46458.1500;6024.5500;5236.6000;11.4661;0.9406;0.0000;-787.9500;0.0000;6.8165;0.0000;-787.9500;0.0000;6.8165;1.0000;0.0000;0.0000;0.0000;0.0000
807;531.16;795.0500;46274.2000;5760.9500;4965.9000;10.9191;0.9618;0.0000;-795.0500;0.0000;6.8165;0.0000;-795.0500;0.0000;6.8165;1.0000;0.0000;0.0000;0.0000;0.0000
808;531.49;790.2000;46835.0500;5533.1000;4742.9000;10.3006;0.9871;0.0000;-790.2000;0.0000;6.8165;0.0000;-790.2000;0.0000;6.8165;1.0000;0.0000;0.0000;0.0000;0.0000
809;531.82;795.8500;47010.1500;5351.7000;4555.8500;9.8581;1.0062;0.0000;-795.8500;0.0000;6.8165;0.0000;-795.8500;0.0000;6.8165;1.0000;0.0000;0.0000;0.0000;0.0000
810;532.16;791.9000;46406.4000;5127.2500;4335.3500;9.5043;1.0221;0.0000;-791.9000;0.0000;6.8165;0.0000;-791.9000;0.0000;6.8165;1.0000;0.0000;0.0000;0.0000;0.0000
811;532.49;779.5500;45936.2500;5024.0500;4244.5000;9.3995;1.0269;0.0000;-779.5500;0.0000;6.8165;0.0000;-779.5500;0.0000;6.8165;1.0000;0.0000;0.0000;0.0000;0.0000
812;532.82;791.2000;46490.2500;4789.2500;3998.0500;8.7487;1.0581;0.0000;-791.2000;0.0000;6.8165;0.0000;-791.2000;0.0000;6.8165;1.0000;0.0000;0.0000;0.0000;0.0000
813;533.16;780.9000;46345.0500;4655.6500;3874.7500;8.5039;1.0704;0.0000;-780.9000;0.0000;6.8165;0.0000;-780.9000;0.0000;6.8165;1.0000;0.0000;0.0000;0.0000;0.0000
814;533.49;799.5000;45838.4500;4421.7000;3622.2000;8.0424;1.0946;0.0000;-799.5000;0.0000;6.8165;0.0000;-799.5000;0.0000;6.8165;1.0000;0.0000;0.0000;0.0000;0.0000
815;533.82;788.2500;46066.0000;4307.2000;3518.9500;7.7719;1.1095;0.0000;-788.2500;0.0000;6.8165;0.0000;-788.2500;0.0000;6.8165;1.0000;0.0000;0.0000;0.0000;0.0000
816;534.15;802.4000;45880.6500;4141.4000;3339.0000;7.4071;1.1304;0.0000;-802.4000;0.0000;6.8165;0.0000;-802.4000;0.0000;6.8165;1.0000;0.0000;0.0000;0.0000;0.0000
817;534.49;786.8500;45588.9500;4008.7000;3221.8500;7.1913;1.1432;0.0000;-786.8500;0.0000;6.8165;0.0000;-786.8500;0.0000;6.8165;1.0000;0.0000;0.0000;0.0000;0.0000
818;534.82;796.5500;46052.8000;3857.5000;3060.9500;6.7636;1.1698;0.0000;-796.5500;0.0000;6.8165;0.0000;-796.5500;0.0000;6.8165;1.0000;0.0000;0.0000;0.0000;0.0000
819;535.15;795.5500;46145.3500;3716.6500;2921.1000;6.4413;1.1910;0.0000;-795.5500;0.0000;6.8165;0.0000;-795.5500;0.0000;6.8165;1.0000;0.0000;0.0000;0.0000;0.0000
820;535.48;792.1500;45664.2000;3617.8500;2825.7000;6.2972;1.2008;0.0000;-792.1500;0.0000;6.8165;0.0000;-792.1500;0.0000;6.8165;1.0000;0.0000;0.0000;0.0000;0.0000
821;535.82;788.5000;45754.2000;3526.5000;2738.0000;6.0891;1.2154;0.0000;-788.5000;0.0000;6.8165;0.0000;-788.5000;0.0000;6.8165;1.0000;0.0000;0.0000;0.0000;0.0000
822;536.15;781.7000;46028.2000;3433.8000;2652.1000;5.8614;1.2320;0.0000;-781.7000;0.0000;6.8165;0.0000;-781.7000;0.0000;6.8165;1.0000;0.0000;0.0000;0.0000;0.0000
823;536.48;787.0500;46103.5500;3294.8500;2507.8000;5.5340;1.2570;0.0000;-787.0500;0.0000;6.8165;0.0000;-787.0500;0.0000;6.8165;1.0000;0.0000;0.0000;0.0000;0.0000
824;536.81;801.0000;46057.4500;3239.2000;2438.2000;5.3875;1.2686;0.0000;-801.0000;0.0000;6.8165;0.0000;-801.0000;0.0000;6.8165;1.0000;0.0000;0.0000;0.0000;0.0000
825;537.15;791.8000;45913.8000;3113.4500;2321.6500;5.1453;1.2886;0.0000;-791.8000;0.0000;6.8165;0.0000;-791.8000;0.0000;6.8165;1.0000;0.0000;0.0000;0.0000;0.0000
826;537.48;783.5500;46250.1000;3067.2000;2283.6500;5.0227;1.2991;0.0000;-783.5500;0.0000;6.8165;0.0000;-783.5500;0.0000;6.8165;1.0000;0.0000;0.0000;0.0000;0.0000
827;537.81;799.8000;46503.9500;2984.0000;2184.2000;4.7790;1.3207;0.0000;-799.8000;0.0000;6.8165;0.0000;-799.8000;0.0000;6.8165;1.0000;0.0000;0.0000;0.0000;0.0000
828;538.14;794.2000;45819.2000;2911.2000;2117.0000;4.7018;1.3277;0.0000;-794.2000;0.0000;6.8165;0.0000;-794.2000;0.0000;6.8165;1.0000;0.0000;0.0000;0.0000;0.0000
829;538.47;789.0000;45998.9500;2805.7500;2016.7500;4.4609;1.3506;0.0000;-789.0000;0.0000;6.8165;0.0000;-789.0000;0.0000;6.8165;1.0000;0.0000;0.0000;0.0000;0.0000
830;538.80;792.0000;46057.1500;2747.0500;1955.0500;4.3191;1.3646;0.0000;-792.0000;0.0000;6.8165;0.0000;-792.0000;0.0000;6.8165;1.0000;0.0000;0.0000;0.0000;0.0000
831;539.14;794.6500;46008.8000;2706.0500;1911.4000;4.2274;1.3739;0.0000;-794.6500;0.0000;6.8165;0.0000;-794.6500;0.0000;6.8165;1.0000;0.0000;0.0000;0.0000;0.0000
832;539.47;788.6500;46110.6500;2668.6500;1880.0000;4.1481;1.3822;0.0000;-788.6500;0.0000;6.8165;0.0000;-788.6500;0.0000;6.8165;1.0000;0.0000;0.0000;0.0000;0.0000
833;539.80;787.9500;46254.3500;2558.7000;1770.7500;3.8946;1.4095;0.0000;-787.9500;0.0000;6.8165;0.0000;-787.9500;0.0000;6.8165;1.0000;0.0000;0.0000;0.0000;0.0000
834;540.13;794.8500;46424.0500;2553.3500;1758.5000;3.8539;1.4141;0.0000;-794.8500;0.0000;6.8165;0.0000;-794.8500;0.0000;6.8165;1.0000;0.0000;0.0000;0.0000;0.0000
835;540.46;796.2000;46513.9500;2504.1000;1707.9000;3.7357;1.4276;0.0000;-796.2000;0.0000;6.8165;0.0000;-796.2000;0.0000;6.8165;1.0000;0.0000;0.0000;0.0000;0.0000
836;540.79;787.6500;46349.9000;2433.4000;1645.7500;3.6121;1.4422;0.0000;-787.6500;0.0000;6.8165;0.0000;-787.6500;0.0000;6.8165;1.0000;0.0000;0.0000;0.0000;0.0000
837;541.12;796.9500;46376.7500;2379.5500;1582.6000;3.4722;1.4594;0.0000;-796.9500;0.0000;6.8165;0.0000;-796.9500;0.0000;6.8165;1.0000;0.0000;0.0000;0.0000;0.0000
838;541.45;787.4000;46788.7500;2354.7500;1567.3500;3.4072;1.4676;0.0000;-787.4000;0.0000;6.8165;0.0000;-787.4000;0.0000;6.8165;1.0000;0.0000;0.0000;0.0000;0.0000
839;541.78;787.3500;47451.7500;2297.3500;1510.0000;3.2359;1.4900;0.0000;-787.3500;0.0000;6.8165;0.0000;-787.3500;0.0000;6.8165;1.0000;0.0000;0.0000;0.0000;0.0000
840;542.11;793.6000;47641.6000;2303.2500;1509.6500;3.2224;1.4918;0.0000;-793.6000;0.0000;6.8165;0.0000;-793.6000;0.0000;6.8165;1.0000;0.0000;0.0000;0.0000;0.0000
841;542.44;780.6500;47362.4000;2255.6000;1474.9500;3.1664;1.4994;0.0000;-780.6500;0.0000;6.8165;0.0000;-780.6500;0.0000;6.8165;1.0000;0.0000;0.0000;0.0000;0.0000
842;542.78;795.9500;47184.5500;2221.9000;1425.9500;3.0739;1.5123;0.0000;-795.9500;0.0000;6.8165;0.0000;-795.9500;0.0000;6.8165;1.0000;0.0000;0.0000;0.0000;0.0000
843;543.11;795.6500;47229.7500;2172.1000;1376.4500;2.9643;1.5281;0.0000;-795.6500;0.0000;6.8165;0.0000;-795.6500;0.0000;6.8165;1.0000;0.0000;0.0000;0.0000;0.0000
844;543.44;793.7500;47481.4500;2158.3000;1364.5500;2.9227;1.5342;0.0000;-793.7500;0.0000;6.8165;0.0000;-793.7500;0.0000;6.8165;1.0000;0.0000;0.0000;0.0000;0.0000
845;543.77;797.4500;48036.3500;2112.1000;1314.6500;2.7830;1.5555;0.0000;-797.4500;0.0000;6.8165;0.0000;-797.4500;0.0000;6.8165;1.0000;0.0000;0.0000;0.0000;0.0000
846;544.10;784.2500;48047.0000;2071.6500;1287.4000;2.7239;1.5648;0.0000;-784.2500;0.0000;6.8165;0.0000;-784.2500;0.0000;6.8165;1.0000;0.0000;0.0000;0.0000;0.0000
847;544.43;801.7500;48272.3000;2044.5000;1242.7500;2.6179;1.5820;0.0000;-801.7500;0.0000;6.8165;0.0000;-801.7500;0.0000;6.8165;1.0000;0.0000;0.0000;0.0000;0.0000
848;544.76;793.7000;48102.9500;2016.8000;1223.1000;2.5853;1.5875;0.0000;-793.7000;0.0000;6.8165;0.0000;-793.7000;0.0000;6.8165;1.0000;0.0000;0.0000;0.0000;0.0000
849;545.09;788.6000;47999.1500;1990.1500;1201.5500;2.5451;1.5943;0.0000;-788.6000;0.0000;6.8165;0.0000;-788.6000;0.0000;6.8165;1.0000;0.0000;0.0000;0.0000;0.0000
850;545.42;790.0500;47982.0000;1971.0000;1180.9500;2.5024;1.6016;0.0000;-790.0500;0.0000;6.8165;0.0000;-790.0500;0.0000;6.8165;1.0000;0.0000;0.0000;0.0000;0.0000
851;545.74;797.3500;48362.6000;1927.0500;1129.7000;2.3751;1.6243;0.0000;-797.3500;0.0000;6.8165;0.0000;-797.3500;0.0000;6.8165;1.0000;0.0000;0.0000;0.0000;0.0000
852;546.07;790.5500;48401.8000;1919.8000;1129.2500;2.3718;1.6249;0.0000;-790.5500;0.0000;6.8165;0.0000;-790.5500;0.0000;6.8165;1.0000;0.0000;0.0000;0.0000;0.0000
853;546.40;796.1500;48708.2500;1881.3000;1085.1500;2.2649;1.6450;0.0000;-796.1500;0.0000;6.8165;0.0000;-796.1500;0.0000;6.8165;1.0000;0.0000;0.0000;0.0000;0.0000
854;546.73;792.2500;48796.0500;1852.4000;1060.1500;2.2085;1.6559;0.0000;-792.2500;0.0000;6.8165;0.0000;-792.2500;0.0000;6.8165;1.0000;0.0000;0.0000;0.0000;0.0000
855;547.06;805.0500;48406.6500;1841.0500;1036.0000;2.1764;1.6623;0.0000;-805.0500;0.0000;6.8165;0.0000;-805.0500;0.0000;6.8165;1.0000;0.0000;0.0000;0.0000;0.0000
856;547.39;792.7500;48995.4000;1805.9000;1013.1500;2.1019;1.6774;0.0000;-792.7500;0.0000;6.8165;0.0000;-792.7500;0.0000;6.8165;1.0000;0.0000;0.0000;0.0000;0.0000
857;547.72;791.2000;49369.6500;1795.0500;1003.8500;2.0665;1.6848;0.0000;-791.2000;0.0000;6.8165;0.0000;-791.2000;0.0000;6.8165;1.0000;0.0000;0.0000;0.0000;0.0000
858;548.05;798.9500;49706.9500;1763.6000;964.6500;1.9724;1.7050;0.0000;-798.9500;0.0000;6.8165;0.0000;-798.9500;0.0000;6.8165;1.0000;0.0000;0.0000;0.0000;0.0000
859;548.38;790.3500;49727.0500;1744.4500;954.1000;1.9497;1.7100;0.0000;-790.3500;0.0000;6.8165;0.0000;-790.3500;0.0000;6.8165;1.0000;0.0000;0.0000;0.0000;0.0000
860;548.71;780.5500;50360.5000;1741.0000;960.4500;1.9372;1.7128;0.0000;-780.5500;0.0000;6.8165;0.0000;-780.5500;0.0000;6.8165;1.0000;0.0000;0.0000;0.0000;0.0000
861;549.03;787.3500;50455.2000;1732.8000;945.4500;1.9035;1.7204;0.0000;-787.3500;0.0000;6.8165;0.0000;-787.3500;0.0000;6.8165;1.0000;0.0000;0.0000;0.0000;0.0000
862;549.36;798.5500;50257.2500;1693.8000;895.2500;1.8101;1.7423;0.0000;-798.5500;0.0000;6.8165;0.0000;-798.5500;0.0000;6.8165;1.0000;0.0000;0.0000;0.0000;0.0000
863;549.69;792.2500;50808.3000;1687.9500;895.7000;1.7908;1.7469;0.0000;-792.2500;0.0000;6.8165;0.0000;-792.2500;0.0000;6.8165;1.0000;0.0000;0.0000;0.0000;0.0000
864;550.02;800.6500;50823.3500;1686.0000;885.3500;1.7699;1.7521;0.0000;-800.6500;0.0000;6.8165;0.0000;-800.6500;0.0000;6.8165;1.0000;0.0000;0.0000;0.0000;0.0000
865;550.35;785.9000;50207.1000;1670.5000;884.6000;1.7899;1.7472;0.0000;-785.9000;0.0000;6.8165;0.0000;-785.9000;0.0000;6.8165;1.0000;0.0000;0.0000;0.0000;0.0000
866;550.68;793.7000;50129.4000;1645.4000;851.7000;1.7263;1.7629;0.0000;-793.7000;0.0000;6.8165;0.0000;-793.7000;0.0000;6.8165;1.0000;0.0000;0.0000;0.0000;0.0000
867;551.00;792.4500;50880.2000;1628.3500;835.9000;1.6689;1.7776;0.0000;-792.4500;0.0000;6.8165;0.0000;-792.4500;0.0000;6.8165;1.0000;0.0000;0.0000;0.0000;0.0000
868;551.33;788.7000;51399.1500;1626.4000;837.7000;1.6552;1.7812;0.0000;-788.7000;0.0000;6.8165;0.0000;-788.7000;0.0000;6.8165;1.0000;0.0000;0.0000;0.0000;0.0000
869;551.66;785.9000;51663.0500;1622.0000;836.1000;1.6434;1.7843;0.0000;-785.9000;0.0000;6.8165;0.0000;-785.9000;0.0000;6.8165;1.0000;0.0000;0.0000;0.0000;0.0000
870;551.99;792.7500;51389.6000;1582.2000;789.4500;1.5603;1.8068;0.0000;-792.7500;0.0000;6.8165;0.0000;-792.7500;0.0000;6.8165;1.0000;0.0000;0.0000;0.0000;0.0000
871;552.32;799.1000;51093.7000;1587.6000;788.5000;1.5678;1.8047;0.0000;-799.1000;0.0000;6.8165;0.0000;-799.1000;0.0000;6.8165;1.0000;0.0000;0.0000;0.0000;0.0000
872;552.64;785.7500;51285.6000;1563.8000;778.0500;1.5407;1.8123;0.0000;-785.7500;0.0000;6.8165;0.0000;-785.7500;0.0000;6.8165;1.0000;0.0000;0.0000;0.0000;0.0000
873;552.97;795.4000;51956.1000;1549.1500;753.7500;1.4733;1.8317;0.0000;-795.4000;0.0000;6.8165;0.0000;-795.4000;0.0000;6.8165;1.0000;0.0000;0.0000;0.0000;0.0000
874;553.30;792.4000;52269.1000;1550.1000;757.7000;1.4719;1.8321;0.0000;-792.4000;0.0000;6.8165;0.0000;-792.4000;0.0000;6.8165;1.0000;0.0000;0.0000;0.0000;0.0000
875;553.63;800.9500;52349.5500;1538.3000;737.3500;1.4304;1.8445;0.0000;-800.9500;0.0000;6.8165;0.0000;-800.9500;0.0000;6.8165;1.0000;0.0000;0.0000;0.0000;0.0000
876;553.95;800.9500;51977.9500;1521.1000;720.1500;1.4072;1.8517;0.0000;-800.9500;0.0000;6.8165;0.0000;-800.9500;0.0000;6.8165;1.0000;0.0000;0.0000;0.0000;0.0000
877;554.28;799.0500;51943.9000;1519.3500;720.3000;1.4084;1.8513;0.0000;-799.0500;0.0000;6.8165;0.0000;-799.0500;0.0000;6.8165;1.0000;0.0000;0.0000;0.0000;0.0000
878;554.61;793.8500;52266.6500;1495.9000;702.0500;1.3639;1.8652;0.0000;-793.8500;0.0000;6.8165;0.0000;-793.8500;0.0000;6.8165;1.0000;0.0000;0.0000;0.0000;0.0000
879;554.93;790.4500;52261.9500;1482.9500;692.5000;1.3454;1.8711;0.0000;-790.4500;0.0000;6.8165;0.0000;-790.4500;0.0000;6.8165;1.0000;0.0000;0.0000;0.0000;0.0000
880;555.26;797.7500;52811.5500;1484.7000;686.9500;1.3207;1.8792;0.0000;-797.7500;0.0000;6.8165;0.0000;-797.7500;0.0000;6.8165;1.0000;0.0000;0.0000;0.0000;0.0000
881;555.59;793.0000;53141.1500;1463.2000;670.2000;1.2803;1.8927;0.0000;-793.0000;0.0000;6.8165;0.0000;-793.0000;0.0000;6.8165;1.0000;0.0000;0.0000;0.0000;0.0000
882;555.91;786.6000;53125.7500;1467.3000;680.7000;1.3006;1.8859;0.0000;-786.6000;0.0000;6.8165;0.0000;-786.6000;0.0000;6.8165;1.0000;0.0000;0.0000;0.0000;0.0000
883;556.24;780.7500;53068.0000;1448.0500;667.3000;1.2762;1.8941;0.0000;-780.7500;0.0000;6.8165;0.0000;-780.7500;0.0000;6.8165;1.0000;0.0000;0.0000;0.0000;0.0000
884;556.57;799.6500;53258.7000;1440.8000;641.1500;1.2222;1.9129;0.0000;-799.6500;0.0000;6.8165;0.0000;-799.6500;0.0000;6.8165;1.0000;0.0000;0.0000;0.0000;0.0000
885;556.89;781.1500;53161.4500;1423.0500;641.9000;1.2255;1.9117;0.0000;-781.1500;0.0000;6.8165;0.0000;-781.1500;0.0000;6.8165;1.0000;0.0000;0.0000;0.0000;0.0000
886;557.22;790.1000;54045.4000;1412.7000;622.6000;1.1691;1.9322;0.0000;-790.1000;0.0000;6.8165;0.0000;-790.1000;0.0000;6.8165;1.0000;0.0000;0.0000;0.0000;0.0000
887;557.55;794.8000;54403.8000;1436.1000;641.3000;1.1963;1.9222;0.0000;-794.8000;0.0000;6.8165;0.0000;-794.8000;0.0000;6.8165;1.0000;0.0000;0.0000;0.0000;0.0000
888;557.87;787.3000;53830.0000;1398.7500;611.4500;1.1528;1.9383;0.0000;-787.3000;0.0000;6.8165;0.0000;-787.3000;0.0000;6.8165;1.0000;0.0000;0.0000;0.0000;0.0000
889;558.20;786.5500;53465.6500;1405.0500;618.5000;1.1741;1.9303;0.0000;-786.5500;0.0000;6.8165;0.0000;-786.5500;0.0000;6.8165;1.0000;0.0000;0.0000;0.0000;0.0000
890;558.52;785.0500;54038.7000;1396.5500;611.5000;1.1483;1.9400;0.0000;-785.0500;0.0000;6.8165;0.0000;-785.0500;0.0000;6.8165;1.0000;0.0000;0.0000;0.0000;0.0000
891;558.85;789.0500;54115.3500;1388.4500;599.4000;1.1240;1.9492;0.0000;-789.0500;0.0000;6.8165;0.0000;-789.0500;0.0000;6.8165;1.0000;0.0000;0.0000;0.0000;0.0000
892;559.17;799.8000;54249.6000;1381.9000;582.1000;1.0891;1.9629;0.0000;-799.8000;0.0000;6.8165;0.0000;-799.8000;0.0000;6.8165;1.0000;0.0000;0.0000;0.0000;0.0000
893;559.50;796.1000;54488.7500;1391.5000;595.4000;1.1089;1.9551;0.0000;-796.1000;0.0000;6.8165;0.0000;-796.1000;0.0000;6.8165;1.0000;0.0000;0.0000;0.0000;0.0000
894;559.83;796.6500;54347.7000;1362.7000;566.0500;1.0570;1.9759;0.0000;-796.6500;0.0000;6.8165;0.0000;-796.6500;0.0000;6.8165;1.0000;0.0000;0.0000;0.0000;0.0000
895;560.15;769.1000;54055.8500;1348.7500;579.6500;1.0878;1.9635;0.0000;-769.1000;0.0000;6.8165;0.0000;-769.1000;0.0000;6.8165;1.0000;0.0000;0.0000;0.0000;0.0000
896;560.48;782.4000;53921.1500;1341.8000;559.4000;1.0527;1.9777;0.0000;-782.4000;0.0000;6.8165;0.0000;-782.4000;0.0000;6.8165;1.0000;0.0000;0.0000;0.0000;0.0000
897;560.80;783.0500;54172.8000;1338.6500;555.6000;1.0406;1.9827;0.0000;-783.0500;0.0000;6.8165;0.0000;-783.0500;0.0000;6.8165;1.0000;0.0000;0.0000;0.0000;0.0000
898;561.13;795.0000;54599.4500;1328.8000;533.8000;0.9921;2.0034;0.0000;-795.0000;0.0000;6.8165;0.0000;-795.0000;0.0000;6.8165;1.0000;0.0000;0.0000;0.0000;0.0000
899;561.45;797.1500;54833.8000;1328.4000;531.2500;0.9831;2.0074;0.0000;-797.1500;0.0000;6.8165;0.0000;-797.1500;0.0000;6.8165;1.0000;0.0000;0.0000;0.0000;0.0000
900;561.78;788.0000;55286.1000;1310.3000;522.3000;0.9584;2.0185;0.0000;-788.0000;0.0000;6.8165;0.0000;-788.0000;0.0000;6.8165;1.0000;0.0000;0.0000;0.0000;0.0000
901;562.10;792.7500;55083.2500;1326.2000;533.4500;0.9826;2.0076;0.0000;-792.7500;0.0000;6.8165;0.0000;-792.7500;0.0000;6.8165;1.0000;0.0000;0.0000;0.0000;0.0000
902;562.43;786.1500;55008.0500;1318.8500;532.7000;0.9824;2.0077;0.0000;-786.1500;0.0000;6.8165;0.0000;-786.1500;0.0000;6.8165;1.0000;0.0000;0.0000;0.0000;0.0000
903;562.75;791.7500;55420.9000;1315.0000;523.2500;0.9578;2.0187;0.0000;-791.7500;0.0000;6.8165;0.0000;-791.7500;0.0000;6.8165;1.0000;0.0000;0.0000;0.0000;0.0000
904;563.07;787.7000;55403.4500;1302.4500;514.7500;0.9425;2.0257;0.0000;-787.7000;0.0000;6.8165;0.0000;-787.7000;0.0000;6.8165;1.0000;0.0000;0.0000;0.0000;0.0000
905;563.40;789.7500;55095.1500;1291.0500;501.3000;0.9231;2.0347;0.0000;-789.7500;0.0000;6.8165;0.0000;-789.7500;0.0000;6.8165;1.0000;0.0000;0.0000;0.0000;0.0000
906;563.72;786.8000;55395.4000;1293.4500;506.6500;0.9278;2.0326;0.0000;-786.8000;0.0000;6.8165;0.0000;-786.8000;0.0000;6.8165;1.0000;0.0000;0.0000;0.0000;0.0000
907;564.05;789.3500;55481.9500;1286.8000;497.4500;0.9095;2.0412;0.0000;-789.3500;0.0000;6.8165;0.0000;-789.3500;0.0000;6.8165;1.0000;0.0000;0.0000;0.0000;0.0000
908;564.37;797.1500;55984.8500;1286.4500;489.3000;0.8866;2.0523;0.0000;-797.1500;0.0000;6.8165;0.0000;-797.1500;0.0000;6.8165;1.0000;0.0000;0.0000;0.0000;0.0000
909;564.70;790.5500;55565.5000;1284.4000;493.8500;0.9016;2.0450;0.0000;-790.5500;0.0000;6.8165;0.0000;-790.5500;0.0000;6.8165;1.0000;0.0000;0.0000;0.0000;0.0000
910;565.02;784.9000;55938.6500;1264.1500;479.2500;0.8689;2.0610;0.0000;-784.9000;0.0000;6.8165;0.0000;-784.9000;0.0000;6.8165;1.0000;0.0000;0.0000;0.0000;0.0000
911;565.34;787.4500;55161.2500;1262.3000;474.8500;0.8733;2.0588;0.0000;-787.4500;0.0000;6.8165;0.0000;-787.4500;0.0000;6.8165;1.0000;0.0000;0.0000;0.0000;0.0000
912;565.67;792.2000;55270.3000;1255.5000;463.3000;0.8504;2.0704;0.0000;-792.2000;0.0000;6.8165;0.0000;-792.2000;0.0000;6.8165;1.0000;0.0000;0.0000;0.0000;0.0000
913;565.99;793.9000;55580.9500;1253.7000;459.8000;0.8392;2.0761;0.0000;-793.9000;0.0000;6.8165;0.0000;-793.9000;0.0000;6.8165;1.0000;0.0000;0.0000;0.0000;0.0000
914;566.31;783.0000;56025.8500;1259.3000;476.3000;0.8622;2.0644;0.0000;-783.0000;0.0000;6.8165;0.0000;-783.0000;0.0000;6.8165;1.0000;0.0000;0.0000;0.0000;0.0000
915;566.64;789.7500;55528.0000;1262.7500;473.0000;0.8641;2.0634;0.0000;-789.7500;0.0000;6.8165;0.0000;-789.7500;0.0000;6.8165;1.0000;0.0000;0.0000;0.0000;0.0000
916;566.96;775.3000;55706.6000;1265.1000;489.8000;0.8917;2.0498;0.0000;-775.3000;0.0000;6.8165;0.0000;-775.3000;0.0000;6.8165;1.0000;0.0000;0.0000;0.0000;0.0000
917;567.29;800.5500;56016.7000;1247.9000;447.3500;0.8102;2.0914;0.0000;-800.5500;0.0000;6.8165;0.0000;-800.5500;0.0000;6.8165;1.0000;0.0000;0.0000;0.0000;0.0000
918;567.61;791.5500;56375.6500;1251.9000;460.3500;0.8282;2.0819;0.0000;-791.5500;0.0000;6.8165;0.0000;-791.5500;0.0000;6.8165;1.0000;0.0000;0.0000;0.0000;0.0000
919;567.93;786.8500;56819.7500;1247.0000;460.1500;0.8212;2.0855;0.0000;-786.8500;0.0000;6.8165;0.0000;-786.8500;0.0000;6.8165;1.0000;0.0000;0.0000;0.0000;0.0000
920;568.25;800.8000;56629.2500;1248.9500;448.1500;0.8027;2.0954;0.0000;-800.8000;0.0000;6.8165;0.0000;-800.8000;0.0000;6.8165;1.0000;0.0000;0.0000;0.0000;0.0000
921;568.58;793.1000;56454.7500;1226.3500;433.2500;0.7784;2.1088;0.0000;-793.1000;0.0000;6.8165;0.0000;-793.1000;0.0000;6.8165;1.0000;0.0000;0.0000;0.0000;0.0000
922;568.90;796.0000;56184.0000;1223.1500;427.1500;0.7712;2.1128;0.0000;-796.0000;0.0000;6.8165;0.0000;-796.0000;0.0000;6.8165;1.0000;0.0000;0.0000;0.0000;0.0000
923;569.22;796.0000;56022.1000;1220.4500;424.4500;0.7686;2.1143;0.0000;-796.0000;0.0000;6.8165;0.0000;-796.0000;0.0000;6.8165;1.0000;0.0000;0.0000;0.0000;0.0000
924;569.55;788.4000;56204.2500;1213.2500;424.8500;0.7667;2.1154;0.0000;-788.4000;0.0000;6.8165;0.0000;-788.4000;0.0000;6.8165;1.0000;0.0000;0.0000;0.0000;0.0000
925;569.87;792.2000;56356.4000;1221.9000;429.7000;0.7733;2.1116;0.0000;-792.2000;0.0000;6.8165;0.0000;-792.2000;0.0000;6.8165;1.0000;0.0000;0.0000;0.0000;0.0000
926;570.19;793.9000;57083.9500;1206.7000;412.8000;0.7333;2.1347;0.0000;-793.9000;0.0000;6.8165;0.0000;-793.9000;0.0000;6.8165;1.0000;0.0000;0.0000;0.0000;0.0000
927;570.51;786.7500;57154.9000;1205.3000;418.5500;0.7425;2.1293;0.0000;-786.7500;0.0000;6.8165;0.0000;-786.7500;0.0000;6.8165;1.0000;0.0000;0.0000;0.0000;0.0000
928;570.83;787.6000;57102.7000;1199.9000;412.3000;0.7321;2.1354;0.0000;-787.6000;0.0000;6.8165;0.0000;-787.6000;0.0000;6.8165;1.0000;0.0000;0.0000;0.0000;0.0000
929;571.16;795.1500;56812.1000;1204.8500;409.7000;0.7314;2.1359;0.0000;-795.1500;0.0000;6.8165;0.0000;-795.1500;0.0000;6.8165;1.0000;0.0000;0.0000;0.0000;0.0000
930;571.48;789.5000;56362.1000;1188.4000;398.9000;0.7178;2.1440;0.0000;-789.5000;0.0000;6.8165;0.0000;-789.5000;0.0000;6.8165;1.0000;0.0000;0.0000;0.0000;0.0000
931;571.80;797.0000;56362.1000;1207.5500;410.5500;0.7389;2.1314;0.0000;-797.0000;0.0000;6.8165;0.0000;-797.0000;0.0000;6.8165;1.0000;0.0000;0.0000;0.0000;0.0000
932;572.12;795.6000;56643.7500;1207.0000;411.4000;0.7366;2.1327;0.0000;-795.6000;0.0000;6.8165;0.0000;-795.6000;0.0000;6.8165;1.0000;0.0000;0.0000;0.0000;0.0000
933;572.44;779.1000;56395.5500;1174.9000;395.8000;0.7117;2.1477;0.0000;-779.1000;0.0000;6.8165;0.0000;-779.1000;0.0000;6.8165;1.0000;0.0000;0.0000;0.0000;0.0000
934;572.77;786.1000;56499.2000;1192.6500;406.5500;0.7297;2.1368;0.0000;-786.1000;0.0000;6.8165;0.0000;-786.1000;0.0000;6.8165;1.0000;0.0000;0.0000;0.0000;0.0000
935;573.09;791.7000;55688.1000;1181.7500;390.0500;0.7105;2.1484;0.0000;-791.7000;0.0000;6.8165;0.0000;-791.7000;0.0000;6.8165;1.0000;0.0000;0.0000;0.0000;0.0000
936;573.41;787.6000;56244.6000;1186.8000;399.2000;0.7198;2.1428;0.0000;-787.6000;0.0000;6.8165;0.0000;-787.6000;0.0000;6.8165;1.0000;0.0000;0.0000;0.0000;0.0000
937;573.73;803.3000;56666.8500;1185.3500;382.0500;0.6839;2.1650;0.0000;-803.3000;0.0000;6.8165;0.0000;-803.3000;0.0000;6.8165;1.0000;0.0000;0.0000;0.0000;0.0000
938;574.05;783.0500;56808.8000;1183.8000;400.7500;0.7153;2.1455;0.0000;-783.0500;0.0000;6.8165;0.0000;-783.0500;0.0000;6.8165;1.0000;0.0000;0.0000;0.0000;0.0000
939;574.37;777.8000;57658.6000;1158.8500;381.0500;0.6699;2.1740;0.0000;-777.8000;0.0000;6.8165;0.0000;-777.8000;0.0000;6.8165;1.0000;0.0000;0.0000;0.0000;0.0000
940;574.69;787.7000;56968.7000;1179.8000;392.1000;0.6979;2.1562;0.0000;-787.7000;0.0000;6.8165;0.0000;-787.7000;0.0000;6.8165;1.0000;0.0000;0.0000;0.0000;0.0000
941;575.02;792.3500;56406.3000;1150.7500;358.4000;0.6444;2.1908;0.0000;-792.3500;0.0000;6.8165;0.0000;-792.3500;0.0000;6.8165;1.0000;0.0000;0.0000;0.0000;0.0000
942;575.34;787.3500;56149.0000;1164.2000;376.8500;0.6807;2.1670;0.0000;-787.3500;0.0000;6.8165;0.0000;-787.3500;0.0000;6.8165;1.0000;0.0000;0.0000;0.0000;0.0000
943;575.66;795.2500;56861.2000;1166.4000;371.1500;0.6620;2.1791;0.0000;-795.2500;0.0000;6.8165;0.0000;-795.2500;0.0000;6.8165;1.0000;0.0000;0.0000;0.0000;0.0000
944;575.98;793.5500;57045.1000;1159.8500;366.3000;0.6512;2.1863;0.0000;-793.5500;0.0000;6.8165;0.0000;-793.5500;0.0000;6.8165;1.0000;0.0000;0.0000;0.0000;0.0000
945;576.30;785.9000;56648.4000;1162.9000;377.0000;0.6749;2.1708;0.0000;-785.9000;0.0000;6.8165;0.0000;-785.9000;0.0000;6.8165;1.0000;0.0000;0.0000;0.0000;0.0000
946;576.62;797.3500;56567.4000;1147.2500;349.9000;0.6274;2.2025;0.0000;-797.3500;0.0000;6.8165;0.0000;-797.3500;0.0000;6.8165;1.0000;0.0000;0.0000;0.0000;0.0000
947;576.94;802.0500;56574.2000;1145.5500;343.5000;0.6159;2.2105;0.0000;-802.0500;0.0000;6.8165;0.0000;-802.0500;0.0000;6.8165;1.0000;0.0000;0.0000;0.0000;0.0000
948;577.26;797.7500;56293.8500;1157.8000;360.0500;0.6488;2.1879;0.0000;-797.7500;0.0000;6.8165;0.0000;-797.7500;0.0000;6.8165;1.0000;0.0000;0.0000;0.0000;0.0000
949;577.58;792.3000;56409.6500;1157.6500;365.3500;0.6569;2.1825;0.0000;-792.3000;0.0000;6.8165;0.0000;-792.3000;0.0000;6.8165;1.0000;0.0000;0.0000;0.0000;0.0000
950;577.90;774.3500;57030.0000;1141.3500;367.0000;0.6524;2.1855;0.0000;-774.3500;0.0000;6.8165;0.0000;-774.3500;0.0000;6.8165;1.0000;0.0000;0.0000;0.0000;0.0000
951;578.22;792.2500;56721.4000;1145.8500;353.6000;0.6322;2.1991;0.0000;-792.2500;0.0000;6.8165;0.0000;-792.2500;0.0000;6.8165;1.0000;0.0000;0.0000;0.0000;0.0000
952;578.54;789.2000;56719.9000;1150.6000;361.4000;0.6462;2.1897;0.0000;-789.2000;0.0000;6.8165;0.0000;-789.2000;0.0000;6.8165;1.0000;0.0000;0.0000;0.0000;0.0000
953;578.86;795.2500;56135.2500;1119.8000;324.5500;0.5865;2.2318;0.0000;-795.2500;0.0000;6.8165;0.0000;-795.2500;0.0000;6.8165;1.0000;0.0000;0.0000;0.0000;0.0000
954;579.18;791.2500;56313.4000;1145.3500;354.1000;0.6378;2.1953;0.0000;-791.2500;0.0000;6.8165;0.0000;-791.2500;0.0000;6.8165;1.0000;0.0000;0.0000;0.0000;0.0000
955;579.50;789.5500;55939.9500;1136.6000;347.0500;0.6293;2.2012;0.0000;-789.5500;0.0000;6.8165;0.0000;-789.5500;0.0000;6.8165;1.0000;0.0000;0.0000;0.0000;0.0000
956;579.82;796.5000;55666.3500;1122.6500;326.1500;0.5944;2.2259;0.0000;-796.5000;0.0000;6.8165;0.0000;-796.5000;0.0000;6.8165;1.0000;0.0000;0.0000;0.0000;0.0000
957;580.14;791.7500;55361.1000;1121.7000;329.9500;0.6046;2.2185;0.0000;-791.7500;0.0000;6.8165;0.0000;-791.7500;0.0000;6.8165;1.0000;0.0000;0.0000;0.0000;0.0000
958;580.46;786.4500;55056.3000;1119.5500;333.1000;0.6138;2.2120;0.0000;-786.4500;0.0000;6.8165;0.0000;-786.4500;0.0000;6.8165;1.0000;0.0000;0.0000;0.0000;0.0000
959;580.78;791.5000;55262.3500;1116.3000;324.8000;0.5963;2.2245;0.0000;-791.5000;0.0000;6.8165;0.0000;-791.5000;0.0000;6.8165;1.0000;0.0000;0.0000;0.0000;0.0000
960;581.10;798.3500;55055.5500;1122.7500;324.4000;0.5979;2.2234;0.0000;-798.3500;0.0000;6.8165;0.0000;-798.3500;0.0000;6.8165;1.0000;0.0000;0.0000;0.0000;0.0000
961;581.42;791.2000;55312.7000;1121.0000;329.8000;0.6049;2.2183;0.0000;-791.2000;0.0000;6.8165;0.0000;-791.2000;0.0000;6.8165;1.0000;0.0000;0.0000;0.0000;0.0000
962;581.73;806.8500;55482.2500;1117.1000;310.2500;0.5674;2.2461;0.0000;-806.8500;0.0000;6.8165;0.0000;-806.8500;0.0000;6.8165;1.0000;0.0000;0.0000;0.0000;0.0000
963;582.05;776.8000;55005.5500;1116.8000;340.0000;0.6270;2.2028;0.0000;-776.8000;0.0000;6.8165;0.0000;-776.8000;0.0000;6.8165;1.0000;0.0000;0.0000;0.0000;0.0000
964;582.37;781.7000;55612.5500;1109.2000;327.5000;0.5973;2.2238;0.0000;-781.7000;0.0000;6.8165;0.0000;-781.7000;0.0000;6.8165;1.0000;0.0000;0.0000;0.0000;0.0000
965;582.69;786.9500;55480.7500;1106.6000;319.6500;0.5844;2.2333;0.0000;-786.9500;0.0000;6.8165;0.0000;-786.9500;0.0000;6.8165;1.0000;0.0000;0.0000;0.0000;0.0000
966;583.01;782.0500;55502.4500;1105.6000;323.5500;0.5913;2.2282;0.0000;-782.0500;0.0000;6.8165;0.0000;-782.0500;0.0000;6.8165;1.0000;0.0000;0.0000;0.0000;0.0000
967;583.33;793.4000;54615.4000;1098.5000;305.1000;0.5669;2.2465;0.0000;-793.4000;0.0000;6.8165;0.0000;-793.4000;0.0000;6.8165;1.0000;0.0000;0.0000;0.0000;0.0000
968;583.65;805.1500;55005.9000;1100.5000;295.3500;0.5449;2.2637;0.0000;-805.1500;0.0000;6.8165;0.0000;-805.1500;0.0000;6.8165;1.0000;0.0000;0.0000;0.0000;0.0000
969;583.96;784.8500;54668.4000;1103.5500;318.7000;0.5915;2.2281;0.0000;-784.8500;0.0000;6.8165;0.0000;-784.8500;0.0000;6.8165;1.0000;0.0000;0.0000;0.0000;0.0000
970;584.28;786.8500;54429.8000;1123.8000;336.9500;0.6281;2.2019;0.0000;-786.8500;0.0000;6.8165;0.0000;-786.8500;0.0000;6.8165;1.0000;0.0000;0.0000;0.0000;0.0000
971;584.60;784.8000;54627.2500;1105.0000;320.2000;0.5947;2.2257;0.0000;-784.8000;0.0000;6.8165;0.0000;-784.8000;0.0000;6.8165;1.0000;0.0000;0.0000;0.0000;0.0000
972;584.92;797.5000;54725.3000;1100.2500;302.7500;0.5614;2.2507;0.0000;-797.5000;0.0000;6.8165;0.0000;-797.5000;0.0000;6.8165;1.0000;0.0000;0.0000;0.0000;0.0000
973;585.24;790.3000;54362.9000;1094.5500;304.2500;0.5679;2.2457;0.0000;-790.3000;0.0000;6.8165;0.0000;-790.3000;0.0000;6.8165;1.0000;0.0000;0.0000;0.0000;0.0000
974;585.55;796.7500;54420.8000;1105.3000;308.5500;0.5754;2.2400;0.0000;-796.7500;0.0000;6.8165;0.0000;-796.7500;0.0000;6.8165;1.0000;0.0000;0.0000;0.0000;0.0000
975;585.87;782.6000;54532.7000;1099.0500;316.4500;0.5887;2.2301;0.0000;-782.6000;0.0000;6.8165;0.0000;-782.6000;0.0000;6.8165;1.0000;0.0000;0.0000;0.0000;0.0000
976;586.19;778.6000;54531.1500;1095.2000;316.6000;0.5890;2.2299;0.0000;-778.6000;0.0000;6.8165;0.0000;-778.6000;0.0000;6.8165;1.0000;0.0000;0.0000;0.0000;0.0000
977;586.51;802.0000;53833.2500;1104.5500;302.5500;0.5705;2.2437;0.0000;-802.0000;0.0000;6.8165;0.0000;-802.0000;0.0000;6.8165;1.0000;0.0000;0.0000;0.0000;0.0000
978;586.83;789.8000;54358.0000;1096.3500;306.5500;0.5723;2.2424;0.0000;-789.8000;0.0000;6.8165;0.0000;-789.8000;0.0000;6.8165;1.0000;0.0000;0.0000;0.0000;0.0000
979;587.14;790.9500;54475.2000;1086.2500;295.3000;0.5501;2.2596;0.0000;-790.9500;0.0000;6.8165;0.0000;-790.9500;0.0000;6.8165;1.0000;0.0000;0.0000;0.0000;0.0000
980;587.46;792.5000;54606.0000;1093.5500;301.0500;0.5594;2.2523;0.0000;-792.5000;0.0000;6.8165;0.0000;-792.5000;0.0000;6.8165;1.0000;0.0000;0.0000;0.0000;0.0000
981;587.78;788.0000;54614.3500;1101.8500;313.8500;0.5831;2.2343;0.0000;-788.0000;0.0000;6.8165;0.0000;-788.0000;0.0000;6.8165;1.0000;0.0000;0.0000;0.0000;0.0000
982;588.09;795.2000;53477.5000;1100.8500;305.6500;0.5802;2.2364;0.0000;-795.2000;0.0000;6.8165;0.0000;-795.2000;0.0000;6.8165;1.0000;0.0000;0.0000;0.0000;0.0000
983;588.41;776.1500;53602.1000;1084.6000;308.4500;0.5839;2.2337;0.0000;-776.1500;0.0000;6.8165;0.0000;-776.1500;0.0000;6.8165;1.0000;0.0000;0.0000;0.0000;0.0000
984;588.73;780.7000;53781.4500;1097.0500;316.3500;0.5969;2.2241;0.0000;-780.7000;0.0000;6.8165;0.0000;-780.7000;0.0000;6.8165;1.0000;0.0000;0.0000;0.0000;0.0000
985;589.04;781.6500;53667.2500;1091.8000;310.1500;0.5865;2.2318;0.0000;-781.6500;0.0000;6.8165;0.0000;-781.6500;0.0000;6.8165;1.0000;0.0000;0.0000;0.0000;0.0000
986;589.36;792.6000;53776.3500;1084.0500;291.4500;0.5501;2.2596;0.0000;-792.6000;0.0000;6.8165;0.0000;-792.6000;0.0000;6.8165;1.0000;0.0000;0.0000;0.0000;0.0000
987;589.68;778.1000;54264.4000;1101.4500;323.3500;0.6045;2.2186;0.0000;-778.1000;0.0000;6.8165;0.0000;-778.1000;0.0000;6.8165;1.0000;0.0000;0.0000;0.0000;0.0000
988;589.99;785.2000;54546.5000;1081.7000;296.5000;0.5515;2.2584;0.0000;-785.2000;0.0000;6.8165;0.0000;-785.2000;0.0000;6.8165;1.0000;0.0000;0.0000;0.0000;0.0000
989;590.31;795.3500;54820.6000;1079.5500;284.2000;0.5261;2.2790;0.0000;-795.3500;0.0000;6.8165;0.0000;-795.3500;0.0000;6.8165;1.0000;0.0000;0.0000;0.0000;0.0000
990;590.63;791.9000;54239.7000;1092.1000;300.2000;0.5617;2.2505;0.0000;-791.9000;0.0000;6.8165;0.0000;-791.9000;0.0000;6.8165;1.0000;0.0000;0.0000;0.0000;0.0000
991;590.94;786.4000;53768.3000;1080.5500;294.1500;0.5552;2.2556;0.0000;-786.4000;0.0000;6.8165;0.0000;-786.4000;0.0000;6.8165;1.0000;0.0000;0.0000;0.0000;0.0000
992;591.26;791.4500;53111.0500;1083.0000;291.5500;0.5572;2.2540;0.0000;-791.4500;0.0000;6.8165;0.0000;-791.4500;0.0000;6.8165;1.0000;0.0000;0.0000;0.0000;0.0000
993;591.58;784.6500;54031.6000;1084.8500;300.2000;0.5638;2.2489;0.0000;-784.6500;0.0000;6.8165;0.0000;-784.6500;0.0000;6.8165;1.0000;0.0000;0.0000;0.0000;0.0000
994;591.89;797.2500;54253.7000;1097.1500;299.9000;0.5610;2.2510;0.0000;-797.2500;0.0000;6.8165;0.0000;-797.2500;0.0000;6.8165;1.0000;0.0000;0.0000;0.0000;0.0000
995;592.21;801.1500;54289.6500;1083.6000;282.4500;0.5281;2.2773;0.0000;-801.1500;0.0000;6.8165;0.0000;-801.1500;0.0000;6.8165;1.0000;0.0000;0.0000;0.0000;0.0000
996;592.52;796.4000;54304.2000;1092.9000;296.5000;0.5541;2.2564;0.0000;-796.4000;0.0000;6.8165;0.0000;-796.4000;0.0000;6.8165;1.0000;0.0000;0.0000;0.0000;0.0000
997;592.84;791.1500;54026.6000;1098.8000;307.6500;0.5779;2.2381;0.0000;-791.1500;0.0000;6.8165;0.0000;-791.1500;0.0000;6.8165;1.0000;0.0000;0.0000;0.0000;0.0000
998;593.15;792.2000;54177.1500;1100.7000;308.5000;0.5779;2.2382;0.0000;-792.2000;0.0000;6.8165;0.0000;-792.2000;0.0000;6.8165;1.0000;0.0000;0.0000;0.0000;0.0000
999;593.47;795.3000;53941.0000;1076.4500;281.1500;0.5290;2.2765;0.0000;-795.3000;0.0000;6.8165;0.0000;-795.3000;0.0000;6.8165;1.0000;0.0000;0.0000;0.0000;0.0000
1000;593.79;788.8000;54310.0000;1081.8000;293.0000;0.5474;2.2617;0.0000;-788.8000;0.0000;6.8165;0.0000;-788.8000;0.0000;6.8165;1.0000;0.0000;0.0000;0.0000;0.0000
1001;594.10;791.3000;54815.1500;1075.8000;284.5000;0.5266;2.2785;0.0000;-791.3000;0.0000;6.8165;0.0000;-791.3000;0.0000;6.8165;1.0000;0.0000;0.0000;0.0000;0.0000
1002;594.42;805.1500;55285.2500;1085.7000;280.5500;0.5150;2.2882;0.0000;-805.1500;0.0000;6.8165;0.0000;-805.1500;0.0000;6.8165;1.0000;0.0000;0.0000;0.0000;0.0000
1003;594.73;787.8000;55449.5000;1066.9500;279.1500;0.5107;2.2918;0.0000;-787.8000;0.0000;6.8165;0.0000;-787.8000;0.0000;6.8165;1.0000;0.0000;0.0000;0.0000;0.0000
1004;595.05;807.4000;55191.0000;1079.7000;272.3000;0.5007;2.3004;0.0000;-807.4000;0.0000;6.8165;0.0000;-807.4000;0.0000;6.8165;1.0000;0.0000;0.0000;0.0000;0.0000
1005;595.36;778.5500;54854.1500;1105.3000;326.7500;0.6042;2.2188;0.0000;-778.5500;0.0000;6.8165;0.0000;-778.5500;0.0000;6.8165;1.0000;0.0000;0.0000;0.0000;0.0000
1006;595.68;777.1000;54185.9500;1079.1000;302.0000;0.5654;2.2476;0.0000;-777.1000;0.0000;6.8165;0.0000;-777.1000;0.0000;6.8165;1.0000;0.0000;0.0000;0.0000;0.0000
1007;595.99;780.9500;54298.1000;1077.4500;296.5000;0.5540;2.2565;0.0000;-780.9500;0.0000;6.8165;0.0000;-780.9500;0.0000;6.8165;1.0000;0.0000;0.0000;0.0000;0.0000
1008;596.30;784.1500;54132.8000;1062.7000;278.5500;0.5221;2.2822;0.0000;-784.1500;0.0000;6.8165;0.0000;-784.1500;0.0000;6.8165;1.0000;0.0000;0.0000;0.0000;0.0000
1009;596.62;782.7500;54557.8500;1074.6000;291.8500;0.5427;2.2654;0.0000;-782.7500;0.0000;6.8165;0.0000;-782.7500;0.0000;6.8165;1.0000;0.0000;0.0000;0.0000;0.0000
1010;596.93;788.0000;55188.2500;1085.5000;297.5000;0.5469;2.2621;0.0000;-788.0000;0.0000;6.8165;0.0000;-788.0000;0.0000;6.8165;1.0000;0.0000;0.0000;0.0000;0.0000
1011;597.25;778.4000;55425.8000;1086.6500;308.2500;0.5641;2.2487;0.0000;-778.4000;0.0000;6.8165;0.0000;-778.4000;0.0000;6.8165;1.0000;0.0000;0.0000;0.0000;0.0000
1012;597.56;786.2000;55229.4000;1075.9000;289.7000;0.5321;2.2740;0.0000;-786.2000;0.0000;6.8165;0.0000;-786.2000;0.0000;6.8165;1.0000;0.0000;0.0000;0.0000;0.0000
1013;597.88;799.2000;54923.2500;1079.7500;280.5500;0.5183;2.2854;0.0000;-799.2000;0.0000;6.8165;0.0000;-799.2000;0.0000;6.8165;1.0000;0.0000;0.0000;0.0000;0.0000
1014;598.19;781.3000;54851.2500;1071.6500;290.3500;0.5370;2.2700;0.0000;-781.3000;0.0000;6.8165;0.0000;-781.3000;0.0000;6.8165;1.0000;0.0000;0.0000;0.0000;0.0000
1015;598.50;775.2000;54329.9000;1071.1500;295.9500;0.5526;2.2576;0.0000;-775.2000;0.0000;6.8165;0.0000;-775.2000;0.0000;6.8165;1.0000;0.0000;0.0000;0.0000;0.0000
1016;598.82;782.2500;54312.2500;1086.1500;303.9000;0.5677;2.2459;0.0000;-782.2500;0.0000;6.8165;0.0000;-782.2500;0.0000;6.8165;1.0000;0.0000;0.0000;0.0000;0.0000
1017;599.13;787.1000;54759.1500;1073.3000;286.2000;0.5303;2.2755;0.0000;-787.1000;0.0000;6.8165;0.0000;-787.1000;0.0000;6.8165;1.0000;0.0000;0.0000;0.0000;0.0000
1018;599.45;790.8000;55177.7500;1089.5500;298.7500;0.5493;2.2602;0.0000;-790.8000;0.0000;6.8165;0.0000;-790.8000;0.0000;6.8165;1.0000;0.0000;0.0000;0.0000;0.0000
1019;599.76;800.1500;55501.4500;1092.9500;292.8000;0.5353;2.2714;0.0000;-800.1500;0.0000;6.8165;0.0000;-800.1500;0.0000;6.8165;1.0000;0.0000;0.0000;0.0000;0.0000
1020;600.07;778.9500;55770.9500;1079.3500;300.4000;0.5463;2.2626;0.0000;-778.9500;0.0000;6.8165;0.0000;-778.9500;0.0000;6.8165;1.0000;0.0000;0.0000;0.0000;0.0000
1021;600.39;781.1500;55344.3000;1076.7000;295.5500;0.5417;2.2663;0.0000;-781.1500;0.0000;6.8165;0.0000;-781.1500;0.0000;6.8165;1.0000;0.0000;0.0000;0.0000;0.0000
1022;600.70;787.3000;55363.0000;1076.2000;288.9000;0.5294;2.2763;0.0000;-787.3000;0.0000;6.8165;0.0000;-787.3000;0.0000;6.8165;1.0000;0.0000;0.0000;0.0000;0.0000
1023;601.01;793.2000;55013.2500;1078.2000;285.0000;0.5256;2.2793;0.0000;-793.2000;0.0000;6.8165;0.0000;-793.2000;0.0000;6.8165;1.0000;0.0000;0.0000;0.0000;0.0000
1024;601.33;791.6500;54844.4500;1080.8000;289.1500;0.5349;2.2717;0.0000;-791.6500;0.0000;6.8165;0.0000;-791.6500;0.0000;6.8165;1.0000;0.0000;0.0000;0.0000;0.0000
1025;601.64;785.1000;55551.2000;1078.0500;292.9500;0.5349;2.2717;0.0000;-785.1000;0.0000;6.8165;0.0000;-785.1000;0.0000;6.8165;1.0000;0.0000;0.0000;0.0000;0.0000
1026;601.95;795.3500;55650.6500;1074.2500;278.9000;0.5084;2.2938;0.0000;-795.3500;0.0000;6.8165;0.0000;-795.3500;0.0000;6.8165;1.0000;0.0000;0.0000;0.0000;0.0000
1027;602.26;793.8500;55929.1500;1063.1000;269.2500;0.4883;2.3113;0.0000;-793.8500;0.0000;6.8165;0.0000;-793.8500;0.0000;6.8165;1.0000;0.0000;0.0000;0.0000;0.0000
1028;602.58;793.7500;55707.0000;1077.4000;283.6500;0.5165;2.2869;0.0000;-793.7500;0.0000;6.8165;0.0000;-793.7500;0.0000;6.8165;1.0000;0.0000;0.0000;0.0000;0.0000
1029;602.89;776.8000;55181.4500;1067.6500;290.8500;0.5346;2.2720;0.0000;-776.8000;0.0000;6.8165;0.0000;-776.8000;0.0000;6.8165;1.0000;0.0000;0.0000;0.0000;0.0000
1030;603.20;778.8000;55151.4000;1078.0500;299.2500;0.5504;2.2593;0.0000;-778.8000;0.0000;6.8165;0.0000;-778.8000;0.0000;6.8165;1.0000;0.0000;0.0000;0.0000;0.0000
1031;603.51;784.0000;54658.5000;1084.3000;300.3000;0.5574;2.2538;0.0000;-784.0000;0.0000;6.8165;0.0000;-784.0000;0.0000;6.8165;1.0000;0.0000;0.0000;0.0000;0.0000
1032;603.83;809.7500;55305.0500;1083.8000;274.0500;0.5029;2.2985;0.0000;-809.7500;0.0000;6.8165;0.0000;-809.7500;0.0000;6.8165;1.0000;0.0000;0.0000;0.0000;0.0000
1033;604.14;788.4500;56072.7500;1076.7500;288.3000;0.5215;2.2828;0.0000;-788.4500;0.0000;6.8165;0.0000;-788.4500;0.0000;6.8165;1.0000;0.0000;0.0000;0.0000;0.0000
1034;604.45;797.0000;55991.3500;1070.7500;273.7500;0.4960;2.3045;0.0000;-797.0000;0.0000;6.8165;0.0000;-797.0000;0.0000;6.8165;1.0000;0.0000;0.0000;0.0000;0.0000
1035;604.76;776.4500;55612.8500;1084.0000;307.5500;0.5609;2.2512;0.0000;-776.4500;0.0000;6.8165;0.0000;-776.4500;0.0000;6.8165;1.0000;0.0000;0.0000;0.0000;0.0000
1036;605.07;782.4500;55781.7000;1078.1000;295.6500;0.5376;2.2696;0.0000;-782.4500;0.0000;6.8165;0.0000;-782.4500;0.0000;6.8165;1.0000;0.0000;0.0000;0.0000;0.0000
1037;605.39;795.3000;55637.6000;1064.0500;268.7500;0.4900;2.3098;0.0000;-795.3000;0.0000;6.8165;0.0000;-795.3000;0.0000;6.8165;1.0000;0.0000;0.0000;0.0000;0.0000
1038;605.70;793.0000;55844.2500;1069.2500;276.2500;0.5018;2.2995;0.0000;-793.0000;0.0000;6.8165;0.0000;-793.0000;0.0000;6.8165;1.0000;0.0000;0.0000;0.0000;0.0000
1039;606.01;787.9000;55433.9500;1095.6000;307.7000;0.5631;2.2494;0.0000;-787.9000;0.0000;6.8165;0.0000;-787.9000;0.0000;6.8165;1.0000;0.0000;0.0000;0.0000;0.0000
1040;606.32;796.3500;56068.9000;1089.6000;293.2500;0.5306;2.2753;0.0000;-796.3500;0.0000;6.8165;0.0000;-796.3500;0.0000;6.8165;1.0000;0.0000;0.0000;0.0000;0.0000
1041;606.63;784.0000;55911.3000;1078.6000;294.6000;0.5344;2.2721;0.0000;-784.0000;0.0000;6.8165;0.0000;-784.0000;0.0000;6.8165;1.0000;0.0000;0.0000;0.0000;0.0000
1042;606.94;772.6000;55892.1000;1069.6500;297.0500;0.5389;2.2685;0.0000;-772.6000;0.0000;6.8165;0.0000;-772.6000;0.0000;6.8165;1.0000;0.0000;0.0000;0.0000;0.0000
1043;607.26;786.6500;55872.0500;1078.5000;291.8500;0.5298;2.2759;0.0000;-786.6500;0.0000;6.8165;0.0000;-786.6500;0.0000;6.8165;1.0000;0.0000;0.0000;0.0000;0.0000
1044;607.57;789.8000;56135.1000;1073.3500;283.5500;0.5123;2.2905;0.0000;-789.8000;0.0000;6.8165;0.0000;-789.8000;0.0000;6.8165;1.0000;0.0000;0.0000;0.0000;0.0000
1045;607.88;783.6500;56324.4000;1080.3000;296.6500;0.5341;2.2724;0.0000;-783.6500;0.0000;6.8165;0.0000;-783.6500;0.0000;6.8165;1.0000;0.0000;0.0000;0.0000;0.0000
1046;608.19;794.1000;55968.0000;1080.6500;286.5500;0.5194;2.2845;0.0000;-794.1000;0.0000;6.8165;0.0000;-794.1000;0.0000;6.8165;1.0000;0.0000;0.0000;0.0000;0.0000
1047;608.50;787.7000;55207.1500;1091.9000;304.2000;0.5590;2.2526;0.0000;-787.7000;0.0000;6.8165;0.0000;-787.7000;0.0000;6.8165;1.0000;0.0000;0.0000;0.0000;0.0000
1048;608.81;768.9000;55159.9000;1096.7500;327.8500;0.6028;2.2199;0.0000;-768.9000;0.0000;6.8165;0.0000;-768.9000;0.0000;6.8165;1.0000;0.0000;0.0000;0.0000;0.0000
1049;609.12;780.0500;55404.1500;1084.1500;304.1000;0.5567;2.2544;0.0000;-780.0500;0.0000;6.8165;0.0000;-780.0500;0.0000;6.8165;1.0000;0.0000;0.0000;0.0000;0.0000
1050;609.43;782.6000;56140.7500;1089.6500;307.0500;0.5547;2.2560;0.0000;-782.6000;0.0000;6.8165;0.0000;-782.6000;0.0000;6.8165;1.0000;0.0000;0.0000;0.0000;0.0000
1051;609.74;786.9000;56659.8500;1090.5500;303.6500;0.5435;2.2648;0.0000;-786.9000;0.0000;6.8165;0.0000;-786.9000;0.0000;6.8165;1.0000;0.0000;0.0000;0.0000;0.0000
1052;610.05;787.6500;56983.5000;1083.9500;296.3000;0.5273;2.2780;0.0000;-787.6500;0.0000;6.8165;0.0000;-787.6500;0.0000;6.8165;1.0000;0.0000;0.0000;0.0000;0.0000
1053;610.36;785.7500;56358.5500;1079.6000;293.8500;0.5288;2.2767;0.0000;-785.7500;0.0000;6.8165;0.0000;-785.7500;0.0000;6.8165;1.0000;0.0000;0.0000;0.0000;0.0000
1054;610.67;788.9000;55567.5500;1096.7000;307.8000;0.5619;2.2503;0.0000;-788.9000;0.0000;6.8165;0.0000;-788.9000;0.0000;6.8165;1.0000;0.0000;0.0000;0.0000;0.0000
1055;610.98;797.3000;55357.2500;1099.4000;302.1000;0.5537;2.2567;0.0000;-797.3000;0.0000;6.8165;0.0000;-797.3000;0.0000;6.8165;1.0000;0.0000;0.0000;0.0000;0.0000
1056;611.29;797.6000;55074.9500;1086.7000;289.1000;0.5326;2.2736;0.0000;-797.6000;0.0000;6.8165;0.0000;-797.6000;0.0000;6.8165;1.0000;0.0000;0.0000;0.0000;0.0000
1057;611.60;796.7000;55212.6500;1090.4000;293.7000;0.5397;2.2678;0.0000;-796.7000;0.0000;6.8165;0.0000;-796.7000;0.0000;6.8165;1.0000;0.0000;0.0000;0.0000;0.0000
1058;611.91;792.9500;55919.7500;1093.7500;300.8000;0.5457;2.2631;0.0000;-792.9500;0.0000;6.8165;0.0000;-792.9500;0.0000;6.8165;1.0000;0.0000;0.0000;0.0000;0.0000
1059;612.22;786.3500;55791.7000;1095.0000;308.6500;0.5611;2.2509;0.0000;-786.3500;0.0000;6.8165;0.0000;-786.3500;0.0000;6.8165;1.0000;0.0000;0.0000;0.0000;0.0000
1060;612.53;786.2500;55948.9000;1093.6500;307.4000;0.5573;2.2539;0.0000;-786.2500;0.0000;6.8165;0.0000;-786.2500;0.0000;6.8165;1.0000;0.0000;0.0000;0.0000;0.0000
1061;612.84;794.7500;56782.2000;1093.8500;299.1000;0.5342;2.2723;0.0000;-794.7500;0.0000;6.8165;0.0000;-794.7500;0.0000;6.8165;1.0000;0.0000;0.0000;0.0000;0.0000
1062;613.15;779.6000;56228.0500;1108.4500;328.8500;0.5931;2.2269;0.0000;-779.6000;0.0000;6.8165;0.0000;-779.6000;0.0000;6.8165;1.0000;0.0000;0.0000;0.0000;0.0000
1063;613.46;776.1000;56040.8500;1094.4000;318.3000;0.5760;2.2396;0.0000;-776.1000;0.0000;6.8165;0.0000;-776.1000;0.0000;6.8165;1.0000;0.0000;0.0000;0.0000;0.0000
1064;613.77;779.9500;56228.1500;1096.6000;316.6500;0.5711;2.2433;0.0000;-779.9500;0.0000;6.8165;0.0000;-779.9500;0.0000;6.8165;1.0000;0.0000;0.0000;0.0000;0.0000
1065;614.08;809.1500;56218.1000;1088.0000;278.8500;0.5033;2.2982;0.0000;-809.1500;0.0000;6.8165;0.0000;-809.1500;0.0000;6.8165;1.0000;0.0000;0.0000;0.0000;0.0000
1066;614.39;791.5000;56203.6500;1084.3000;292.8000;0.5284;2.2770;0.0000;-791.5000;0.0000;6.8165;0.0000;-791.5000;0.0000;6.8165;1.0000;0.0000;0.0000;0.0000;0.0000
1067;614.70;785.4000;56508.4000;1083.2500;297.8500;0.5345;2.2720;0.0000;-785.4000;0.0000;6.8165;0.0000;-785.4000;0.0000;6.8165;1.0000;0.0000;0.0000;0.0000;0.0000
1068;615.00;780.0500;56558.1500;1081.6500;301.6000;0.5407;2.2670;0.0000;-780.0500;0.0000;6.8165;0.0000;-780.0500;0.0000;6.8165;1.0000;0.0000;0.0000;0.0000;0.0000
1069;615.31;796.1000;56556.7500;1096.9500;300.8500;0.5395;2.2680;0.0000;-796.1000;0.0000;6.8165;0.0000;-796.1000;0.0000;6.8165;1.0000;0.0000;0.0000;0.0000;0.0000
1070;615.62;802.7500;56433.4000;1083.6500;280.9000;0.5049;2.2968;0.0000;-802.7500;0.0000;6.8165;0.0000;-802.7500;0.0000;6.8165;1.0000;0.0000;0.0000;0.0000;0.0000
1071;615.93;781.2500;56470.2500;1101.0500;319.8000;0.5743;2.2409;0.0000;-781.2500;0.0000;6.8165;0.0000;-781.2500;0.0000;6.8165;1.0000;0.0000;0.0000;0.0000;0.0000
1072;616.24;777.4000;55873.6500;1097.4000;320.0000;0.5808;2.2360;0.0000;-777.4000;0.0000;6.8165;0.0000;-777.4000;0.0000;6.8165;1.0000;0.0000;0.0000;0.0000;0.0000
1073;616.55;777.7500;55499.3000;1092.0500;314.3000;0.5744;2.2408;0.0000;-777.7500;0.0000;6.8165;0.0000;-777.7500;0.0000;6.8165;1.0000;0.0000;0.0000;0.0000;0.0000
1074;616.86;787.7000;55785.5500;1099.7500;312.0500;0.5674;2.2461;0.0000;-787.7000;0.0000;6.8165;0.0000;-787.7000;0.0000;6.8165;1.0000;0.0000;0.0000;0.0000;0.0000
1075;617.16;785.2000;55939.1000;1114.0500;328.8500;0.5962;2.2246;0.0000;-785.2000;0.0000;6.8165;0.0000;-785.2000;0.0000;6.8165;1.0000;0.0000;0.0000;0.0000;0.0000
1076;617.47;793.8500;56090.2000;1096.7500;302.9000;0.5478;2.2614;0.0000;-793.8500;0.0000;6.8165;0.0000;-793.8500;0.0000;6.8165;1.0000;0.0000;0.0000;0.0000;0.0000
1077;617.78;789.1000;56444.5500;1114.6000;325.5000;0.5848;2.2330;0.0000;-789.1000;0.0000;6.8165;0.0000;-789.1000;0.0000;6.8165;1.0000;0.0000;0.0000;0.0000;0.0000
1078;618.09;787.1500;56249.6500;1102.8000;315.6500;0.5691;2.2448;0.0000;-787.1500;0.0000;6.8165;0.0000;-787.1500;0.0000;6.8165;1.0000;0.0000;0.0000;0.0000;0.0000
1079;618.40;794.3000;56570.7500;1091.5500;297.2500;0.5329;2.2733;0.0000;-794.3000;0.0000;6.8165;0.0000;-794.3000;0.0000;6.8165;1.0000;0.0000;0.0000;0.0000;0.0000
1080;618.70;798.8000;55828.8500;1107.8000;309.0000;0.5615;2.2506;0.0000;-798.8000;0.0000;6.8165;0.0000;-798.8000;0.0000;6.8165;1.0000;0.0000;0.0000;0.0000;0.0000
1081;619.01;795.9000;55161.5500;1104.8500;308.9500;0.5683;2.2454;0.0000;-795.9000;0.0000;6.8165;0.0000;-795.9000;0.0000;6.8165;1.0000;0.0000;0.0000;0.0000;0.0000
1082;619.32;778.2000;55726.8000;1114.6000;336.4000;0.6122;2.2131;0.0000;-778.2000;0.0000;6.8165;0.0000;-778.2000;0.0000;6.8165;1.0000;0.0000;0.0000;0.0000;0.0000
1083;619.63;790.2000;56021.9500;1111.2500;321.0500;0.5813;2.2356;0.0000;-790.2000;0.0000;6.8165;0.0000;-790.2000;0.0000;6.8165;1.0000;0.0000;0.0000;0.0000;0.0000
1084;619.93;796.7000;56052.3000;1099.7500;303.0500;0.5485;2.2609;0.0000;-796.7000;0.0000;6.8165;0.0000;-796.7000;0.0000;6.8165;1.0000;0.0000;0.0000;0.0000;0.0000
1085;620.24;796.9000;56247.3500;1097.8500;300.9500;0.5427;2.2654;0.0000;-796.9000;0.0000;6.8165;0.0000;-796.9000;0.0000;6.8165;1.0000;0.0000;0.0000;0.0000;0.0000
1086;620.55;783.9000;56386.4000;1117.5000;333.6000;0.6000;2.2219;0.0000;-783.9000;0.0000;6.8165;0.0000;-783.9000;0.0000;6.8165;1.0000;0.0000;0.0000;0.0000;0.0000
1087;620.85;796.3500;56501.5000;1124.2500;327.9000;0.5886;2.2302;0.0000;-796.3500;0.0000;6.8165;0.0000;-796.3500;0.0000;6.8165;1.0000;0.0000;0.0000;0.0000;0.0000
1088;621.16;797.2500;56136.1000;1117.2500;320.0000;0.5783;2.2379;0.0000;-797.2500;0.0000;6.8165;0.0000;-797.2500;0.0000;6.8165;1.0000;0.0000;0.0000;0.0000;0.0000
1089;621.47;792.4000;56304.1500;1096.3000;303.9000;0.5475;2.2617;0.0000;-792.4000;0.0000;6.8165;0.0000;-792.4000;0.0000;6.8165;1.0000;0.0000;0.0000;0.0000;0.0000
1090;621.77;779.8000;56264.6500;1121.6000;341.8000;0.6160;2.2104;0.0000;-779.8000;0.0000;6.8165;0.0000;-779.8000;0.0000;6.8165;1.0000;0.0000;0.0000;0.0000;0.0000
1091;622.08;795.6500;56034.6500;1120.1500;324.5000;0.5874;2.2310;0.0000;-795.6500;0.0000;6.8165;0.0000;-795.6500;0.0000;6.8165;1.0000;0.0000;0.0000;0.0000;0.0000
1092;622.39;790.8500;55452.1000;1124.5000;333.6500;0.6104;2.2144;0.0000;-790.8500;0.0000;6.8165;0.0000;-790.8500;0.0000;6.8165;1.0000;0.0000;0.0000;0.0000;0.0000
1093;622.69;786.6000;55883.9000;1120.2000;333.6000;0.6055;2.2179;0.0000;-786.6000;0.0000;6.8165;0.0000;-786.6000;0.0000;6.8165;1.0000;0.0000;0.0000;0.0000;0.0000
1094;623.00;785.8500;55658.0500;1108.7500;322.9000;0.5885;2.2303;0.0000;-785.8500;0.0000;6.8165;0.0000;-785.8500;0.0000;6.8165;1.0000;0.0000;0.0000;0.0000;0.0000
1095;623.31;779.9500;55851.6500;1117.8000;337.8500;0.6135;2.2122;0.0000;-779.9500;0.0000;6.8165;0.0000;-779.9500;0.0000;6.8165;1.0000;0.0000;0.0000;0.0000;0.0000
1096;623.61;781.8000;55920.8500;1103.9000;322.1000;0.5842;2.2335;0.0000;-781.8000;0.0000;6.8165;0.0000;-781.8000;0.0000;6.8165;1.0000;0.0000;0.0000;0.0000;0.0000
1097;623.92;784.3000;55951.0000;1118.4500;334.1500;0.6057;2.2177;0.0000;-784.3000;0.0000;6.8165;0.0000;-784.3000;0.0000;6.8165;1.0000;0.0000;0.0000;0.0000;0.0000
1098;624.22;772.4000;55487.5500;1111.6000;339.2000;0.6199;2.2077;0.0000;-772.4000;0.0000;6.8165;0.0000;-772.4000;0.0000;6.8165;1.0000;0.0000;0.0000;0.0000;0.0000
1099;624.53;784.8000;55098.2000;1104.2000;319.4000;0.5881;2.2306;0.0000;-784.8000;0.0000;6.8165;0.0000;-784.8000;0.0000;6.8165;1.0000;0.0000;0.0000;0.0000;0.0000
1100;624.84;787.0500;54413.3500;1120.8500;333.8000;0.6225;2.2059;0.0000;-787.0500;0.0000;6.8165;0.0000;-787.0500;0.0000;6.8165;1.0000;0.0000;0.0000;0.0000;0.0000
1101;625.14;783.1000;54319.7000;1117.7500;334.6500;0.6251;2.2041;0.0000;-783.1000;0.0000;6.8165;0.0000;-783.1000;0.0000;6.8165;1.0000;0.0000;0.0000;0.0000;0.0000
1102;625.45;787.6000;54526.3500;1124.6000;337.0000;0.6271;2.2027;0.0000;-787.6000;0.0000;6.8165;0.0000;-787.6000;0.0000;6.8165;1.0000;0.0000;0.0000;0.0000;0.0000
1103;625.75;772.3500;55568.0000;1140.7500;368.4000;0.6723;2.1724;0.0000;-772.3500;0.0000;6.8165;0.0000;-772.3500;0.0000;6.8165;1.0000;0.0000;0.0000;0.0000;0.0000
1104;626.06;791.2500;55831.4000;1131.7000;340.4500;0.6185;2.2086;0.0000;-791.2500;0.0000;6.8165;0.0000;-791.2500;0.0000;6.8165;1.0000;0.0000;0.0000;0.0000;0.0000
1105;626.36;783.8500;55616.5500;1143.0000;359.1500;0.6550;2.1838;0.0000;-783.8500;0.0000;6.8165;0.0000;-783.8500;0.0000;6.8165;1.0000;0.0000;0.0000;0.0000;0.0000
1106;626.67;798.5500;55700.1500;1121.1500;322.6000;0.5876;2.2309;0.0000;-798.5500;0.0000;6.8165;0.0000;-798.5500;0.0000;6.8165;1.0000;0.0000;0.0000;0.0000;0.0000
1107;626.97;783.5500;55491.6500;1129.1500;345.6000;0.6317;2.1995;0.0000;-783.5500;0.0000;6.8165;0.0000;-783.5500;0.0000;6.8165;1.0000;0.0000;0.0000;0.0000;0.0000
1108;627.28;783.0500;54878.9000;1122.2000;339.1500;0.6269;2.2028;0.0000;-783.0500;0.0000;6.8165;0.0000;-783.0500;0.0000;6.8165;1.0000;0.0000;0.0000;0.0000;0.0000
1109;627.58;803.9000;54681.7000;1141.4500;337.5500;0.6265;2.2031;0.0000;-803.9000;0.0000;6.8165;0.0000;-803.9000;0.0000;6.8165;1.0000;0.0000;0.0000;0.0000;0.0000
1110;627.89;791.8500;54667.4000;1143.8000;351.9500;0.6533;2.1849;0.0000;-791.8500;0.0000;6.8165;0.0000;-791.8500;0.0000;6.8165;1.0000;0.0000;0.0000;0.0000;0.0000
1111;628.19;785.2500;54538.7000;1139.7000;354.4500;0.6594;2.1809;0.0000;-785.2500;0.0000;6.8165;0.0000;-785.2500;0.0000;6.8165;1.0000;0.0000;0.0000;0.0000;0.0000
1112;628.50;795.4500;55048.4500;1149.7000;354.2500;0.6530;2.1851;0.0000;-795.4500;0.0000;6.8165;0.0000;-795.4500;0.0000;6.8165;1.0000;0.0000;0.0000;0.0000;0.0000
1113;628.80;788.4500;54933.2000;1144.5000;356.0500;0.6576;2.1820;0.0000;-788.4500;0.0000;6.8165;0.0000;-788.4500;0.0000;6.8165;1.0000;0.0000;0.0000;0.0000;0.0000
1114;629.11;764.0500;54965.7000;1141.1500;377.1000;0.6957;2.1576;0.0000;-764.0500;0.0000;6.8165;0.0000;-764.0500;0.0000;6.8165;1.0000;0.0000;0.0000;0.0000;0.0000
1115;629.41;776.8000;54968.1000;1123.2000;346.4000;0.6392;2.1944;0.0000;-776.8000;0.0000;6.8165;0.0000;-776.8000;0.0000;6.8165;1.0000;0.0000;0.0000;0.0000;0.0000
1116;629.71;785.0500;54528.8000;1137.1000;352.0500;0.6551;2.1837;0.0000;-785.0500;0.0000;6.8165;0.0000;-785.0500;0.0000;6.8165;1.0000;0.0000;0.0000;0.0000;0.0000
1117;630.02;797.7500;54199.6000;1136.9000;339.1500;0.6351;2.1972;0.0000;-797.7500;0.0000;6.8165;0.0000;-797.7500;0.0000;6.8165;1.0000;0.0000;0.0000;0.0000;0.0000
1118;630.32;802.1500;53570.6500;1143.0500;340.9000;0.6460;2.1897;0.0000;-802.1500;0.0000;6.8165;0.0000;-802.1500;0.0000;6.8165;1.0000;0.0000;0.0000;0.0000;0.0000
1119;630.63;788.1000;53070.4500;1151.8000;363.7000;0.6956;2.1576;0.0000;-788.1000;0.0000;6.8165;0.0000;-788.1000;0.0000;6.8165;1.0000;0.0000;0.0000;0.0000;0.0000
1120;630.93;791.9500;54172.1500;1158.0500;366.1000;0.6858;2.1638;0.0000;-791.9500;0.0000;6.8165;0.0000;-791.9500;0.0000;6.8165;1.0000;0.0000;0.0000;0.0000;0.0000
1121;631.23;783.5000;54970.6000;1147.8000;364.3000;0.6723;2.1724;0.0000;-783.5000;0.0000;6.8165;0.0000;-783.5000;0.0000;6.8165;1.0000;0.0000;0.0000;0.0000;0.0000
1122;631.54;786.4500;54974.6500;1154.9500;368.5000;0.6800;2.1675;0.0000;-786.4500;0.0000;6.8165;0.0000;-786.4500;0.0000;6.8165;1.0000;0.0000;0.0000;0.0000;0.0000
1123;631.84;797.4500;54813.4500;1153.5500;356.1000;0.6592;2.1810;0.0000;-797.4500;0.0000;6.8165;0.0000;-797.4500;0.0000;6.8165;1.0000;0.0000;0.0000;0.0000;0.0000
1124;632.14;796.3500;54605.5000;1137.0500;340.7000;0.6332;2.1985;0.0000;-796.3500;0.0000;6.8165;0.0000;-796.3500;0.0000;6.8165;1.0000;0.0000;0.0000;0.0000;0.0000
1125;632.45;779.4500;54011.4000;1147.4000;367.9500;0.6912;2.1604;0.0000;-779.4500;0.0000;6.8165;0.0000;-779.4500;0.0000;6.8165;1.0000;0.0000;0.0000;0.0000;0.0000
1126;632.75;783.5500;54108.0500;1158.3000;374.7500;0.7028;2.1532;0.0000;-783.5500;0.0000;6.8165;0.0000;-783.5500;0.0000;6.8165;1.0000;0.0000;0.0000;0.0000;0.0000
1127;633.05;789.3000;53378.0000;1154.6500;365.3500;0.6947;2.1582;0.0000;-789.3000;0.0000;6.8165;0.0000;-789.3000;0.0000;6.8165;1.0000;0.0000;0.0000;0.0000;0.0000
1128;633.36;790.4500;53617.5000;1156.4000;365.9500;0.6927;2.1594;0.0000;-790.4500;0.0000;6.8165;0.0000;-790.4500;0.0000;6.8165;1.0000;0.0000;0.0000;0.0000;0.0000
1129;633.66;796.8500;53657.1000;1156.7000;359.8500;0.6808;2.1670;0.0000;-796.8500;0.0000;6.8165;0.0000;-796.8500;0.0000;6.8165;1.0000;0.0000;0.0000;0.0000;0.0000
1130;633.96;785.5000;54422.8500;1149.1000;363.6000;0.6779;2.1688;0.0000;-785.5000;0.0000;6.8165;0.0000;-785.5000;0.0000;6.8165;1.0000;0.0000;0.0000;0.0000;0.0000
1131;634.27;791.7000;54319.4500;1157.4500;365.7500;0.6833;2.1654;0.0000;-791.7000;0.0000;6.8165;0.0000;-791.7000;0.0000;6.8165;1.0000;0.0000;0.0000;0.0000;0.0000
1132;634.57;782.2500;54394.7500;1155.5500;373.3000;0.6963;2.1572;0.0000;-782.2500;0.0000;6.8165;0.0000;-782.2500;0.0000;6.8165;1.0000;0.0000;0.0000;0.0000;0.0000
1133;634.87;791.9000;54376.6000;1181.3000;389.4000;0.7267;2.1386;0.0000;-791.9000;0.0000;6.8165;0.0000;-791.9000;0.0000;6.8165;1.0000;0.0000;0.0000;0.0000;0.0000
1134;635.17;789.5000;53875.2500;1183.3000;393.8000;0.7418;2.1297;0.0000;-789.5000;0.0000;6.8165;0.0000;-789.5000;0.0000;6.8165;1.0000;0.0000;0.0000;0.0000;0.0000
1135;635.48;783.2000;52982.1500;1178.9000;395.7000;0.7581;2.1203;0.0000;-783.2000;0.0000;6.8165;0.0000;-783.2000;0.0000;6.8165;1.0000;0.0000;0.0000;0.0000;0.0000
1136;635.78;794.5500;52903.2500;1185.5500;391.0000;0.7504;2.1247;0.0000;-794.5500;0.0000;6.8165;0.0000;-794.5500;0.0000;6.8165;1.0000;0.0000;0.0000;0.0000;0.0000
1137;636.08;790.1000;52512.2500;1170.6000;380.5000;0.7357;2.1333;0.0000;-790.1000;0.0000;6.8165;0.0000;-790.1000;0.0000;6.8165;1.0000;0.0000;0.0000;0.0000;0.0000
1138;636.38;789.7500;52585.5000;1173.8000;384.0500;0.7415;2.1299;0.0000;-789.7500;0.0000;6.8165;0.0000;-789.7500;0.0000;6.8165;1.0000;0.0000;0.0000;0.0000;0.0000
1139;636.68;782.9500;52767.2000;1187.4500;404.5000;0.7781;2.1090;0.0000;-782.9500;0.0000;6.8165;0.0000;-782.9500;0.0000;6.8165;1.0000;0.0000;0.0000;0.0000;0.0000
1140;636.99;788.5500;53361.5500;1190.3500;401.8000;0.7643;2.1168;0.0000;-788.5500;0.0000;6.8165;0.0000;-788.5500;0.0000;6.8165;1.0000;0.0000;0.0000;0.0000;0.0000
1141;637.29;784.4000;53764.3500;1199.5000;415.1000;0.7835;2.1060;0.0000;-784.4000;0.0000;6.8165;0.0000;-784.4000;0.0000;6.8165;1.0000;0.0000;0.0000;0.0000;0.0000
1142;637.59;796.6000;53093.2000;1191.2500;394.6500;0.7546;2.1223;0.0000;-796.6000;0.0000;6.8165;0.0000;-796.6000;0.0000;6.8165;1.0000;0.0000;0.0000;0.0000;0.0000
1143;637.89;796.6000;52522.2000;1185.7500;389.1500;0.7523;2.1236;0.0000;-796.6000;0.0000;6.8165;0.0000;-796.6000;0.0000;6.8165;1.0000;0.0000;0.0000;0.0000;0.0000
1144;638.19;778.2500;53003.5000;1203.8000;425.5500;0.8148;2.0889;0.0000;-778.2500;0.0000;6.8165;0.0000;-778.2500;0.0000;6.8165;1.0000;0.0000;0.0000;0.0000;0.0000
1145;638.49;797.6500;52544.0000;1186.4500;388.8000;0.7514;2.1242;0.0000;-797.6500;0.0000;6.8165;0.0000;-797.6500;0.0000;6.8165;1.0000;0.0000;0.0000;0.0000;0.0000
1146;638.80;803.8500;52131.5000;1192.6500;388.8000;0.7575;2.1206;0.0000;-803.8500;0.0000;6.8165;0.0000;-803.8500;0.0000;6.8165;1.0000;0.0000;0.0000;0.0000;0.0000
1147;639.10;795.2000;51917.3000;1202.6000;407.4000;0.7969;2.0986;0.0000;-795.2000;0.0000;6.8165;0.0000;-795.2000;0.0000;6.8165;1.0000;0.0000;0.0000;0.0000;0.0000
1148;639.40;783.3500;52106.9500;1200.3500;417.0000;0.8125;2.0902;0.0000;-783.3500;0.0000;6.8165;0.0000;-783.3500;0.0000;6.8165;1.0000;0.0000;0.0000;0.0000;0.0000
1149;639.70;790.6000;52221.8000;1192.7500;402.1500;0.7819;2.1068;0.0000;-790.6000;0.0000;6.8165;0.0000;-790.6000;0.0000;6.8165;1.0000;0.0000;0.0000;0.0000;0.0000
1150;640.00;784.5000;52424.3000;1205.7000;421.2000;0.8156;2.0885;0.0000;-784.5000;0.0000;6.8165;0.0000;-784.5000;0.0000;6.8165;1.0000;0.0000;0.0000;0.0000;0.0000
1151;640.30;778.7000;52697.7500;1207.9000;429.2000;0.8267;2.0827;0.0000;-778.7000;0.0000;6.8165;0.0000;-778.7000;0.0000;6.8165;1.0000;0.0000;0.0000;0.0000;0.0000
1152;640.60;790.3500;52764.3500;1210.0500;419.7000;0.8075;2.0928;0.0000;-790.3500;0.0000;6.8165;0.0000;-790.3500;0.0000;6.8165;1.0000;0.0000;0.0000;0.0000;0.0000
1153;640.90;780.2500;53005.9500;1209.4000;429.1500;0.8217;2.0853;0.0000;-780.2500;0.0000;6.8165;0.0000;-780.2500;0.0000;6.8165;1.0000;0.0000;0.0000;0.0000;0.0000
1154;641.20;789.5500;52297.2500;1201.6000;412.0500;0.8000;2.0969;0.0000;-789.5500;0.0000;6.8165;0.0000;-789.5500;0.0000;6.8165;1.0000;0.0000;0.0000;0.0000;0.0000
1155;641.50;789.1500;52283.4500;1229.0500;439.9000;0.8543;2.0684;0.0000;-789.1500;0.0000;6.8165;0.0000;-789.1500;0.0000;6.8165;1.0000;0.0000;0.0000;0.0000;0.0000
1156;641.80;776.9500;52026.6500;1215.6500;438.7000;0.8560;2.0675;0.0000;-776.9500;0.0000;6.8165;0.0000;-776.9500;0.0000;6.8165;1.0000;0.0000;0.0000;0.0000;0.0000
1157;642.10;785.7500;52202.1000;1232.2500;446.5000;0.8684;2.0613;0.0000;-785.7500;0.0000;6.8165;0.0000;-785.7500;0.0000;6.8165;1.0000;0.0000;0.0000;0.0000;0.0000
1158;642.40;789.1000;51770.6000;1245.2000;456.1000;0.8946;2.0484;0.0000;-789.1000;0.0000;6.8165;0.0000;-789.1000;0.0000;6.8165;1.0000;0.0000;0.0000;0.0000;0.0000
1159;642.70;787.2000;52047.7000;1225.7500;438.5500;0.8555;2.0678;0.0000;-787.2000;0.0000;6.8165;0.0000;-787.2000;0.0000;6.8165;1.0000;0.0000;0.0000;0.0000;0.0000
1160;643.00;772.7000;51884.9000;1228.7000;456.0000;0.8922;2.0496;0.0000;-772.7000;0.0000;6.8165;0.0000;-772.7000;0.0000;6.8165;1.0000;0.0000;0.0000;0.0000;0.0000
1161;643.30;779.0000;51821.8500;1240.4000;461.4000;0.9039;2.0439;0.0000;-779.0000;0.0000;6.8165;0.0000;-779.0000;0.0000;6.8165;1.0000;0.0000;0.0000;0.0000;0.0000
1162;643.60;788.2000;51185.9000;1248.9500;460.7500;0.9142;2.0389;0.0000;-788.2000;0.0000;6.8165;0.0000;-788.2000;0.0000;6.8165;1.0000;0.0000;0.0000;0.0000;0.0000
1163;643.90;792.1500;50692.4500;1238.0500;445.9000;0.8936;2.0489;0.0000;-792.1500;0.0000;6.8165;0.0000;-792.1500;0.0000;6.8165;1.0000;0.0000;0.0000;0.0000;0.0000
1164;644.20;788.9500;50546.2500;1252.6500;463.7000;0.9319;2.0306;0.0000;-788.9500;0.0000;6.8165;0.0000;-788.9500;0.0000;6.8165;1.0000;0.0000;0.0000;0.0000;0.0000
1165;644.50;785.4500;50442.5000;1266.9500;481.5000;0.9697;2.0134;0.0000;-785.4500;0.0000;6.8165;0.0000;-785.4500;0.0000;6.8165;1.0000;0.0000;0.0000;0.0000;0.0000
1166;644.80;780.9000;50131.6500;1255.5500;474.6500;0.9618;2.0169;0.0000;-780.9000;0.0000;6.8165;0.0000;-780.9000;0.0000;6.8165;1.0000;0.0000;0.0000;0.0000;0.0000
1167;645.10;786.7000;50644.4000;1277.6500;490.9500;0.9847;2.0067;0.0000;-786.7000;0.0000;6.8165;0.0000;-786.7000;0.0000;6.8165;1.0000;0.0000;0.0000;0.0000;0.0000
1168;645.40;779.0500;51145.7000;1273.5000;494.4500;0.9817;2.0080;0.0000;-779.0500;0.0000;6.8165;0.0000;-779.0500;0.0000;6.8165;1.0000;0.0000;0.0000;0.0000;0.0000
1169;645.70;778.1500;51180.8000;1267.4500;489.3000;0.9708;2.0129;0.0000;-778.1500;0.0000;6.8165;0.0000;-778.1500;0.0000;6.8165;1.0000;0.0000;0.0000;0.0000;0.0000
1170;646.00;785.2000;50353.8000;1275.6000;490.4000;0.9893;2.0047;0.0000;-785.2000;0.0000;6.8165;0.0000;-785.2000;0.0000;6.8165;1.0000;0.0000;0.0000;0.0000;0.0000
1171;646.30;778.8000;50825.9000;1285.7500;506.9500;1.0129;1.9944;0.0000;-778.8000;0.0000;6.8165;0.0000;-778.8000;0.0000;6.8165;1.0000;0.0000;0.0000;0.0000;0.0000
1172;646.59;785.5500;50867.8500;1295.3000;509.7500;1.0178;1.9923;0.0000;-785.5500;0.0000;6.8165;0.0000;-785.5500;0.0000;6.8165;1.0000;0.0000;0.0000;0.0000;0.0000
1173;646.89;786.2500;50867.6000;1305.1500;518.9000;1.0361;1.9846;0.0000;-786.2500;0.0000;6.8165;0.0000;-786.2500;0.0000;6.8165;1.0000;0.0000;0.0000;0.0000;0.0000
1174;647.19;777.5500;50478.6000;1302.2000;524.6500;1.0556;1.9765;0.0000;-777.5500;0.0000;6.8165;0.0000;-777.5500;0.0000;6.8165;1.0000;0.0000;0.0000;0.0000;0.0000
1175;647.49;783.9500;50501.6000;1299.2500;515.3000;1.0365;1.9845;0.0000;-783.9500;0.0000;6.8165;0.0000;-783.9500;0.0000;6.8165;1.0000;0.0000;0.0000;0.0000;0.0000
1176;647.79;787.4500;50850.9000;1321.5500;534.1000;1.0668;1.9719;0.0000;-787.4500;0.0000;6.8165;0.0000;-787.4500;0.0000;6.8165;1.0000;0.0000;0.0000;0.0000;0.0000
1177;648.09;787.9000;50840.4500;1317.3000;529.4000;1.0577;1.9756;0.0000;-787.9000;0.0000;6.8165;0.0000;-787.9000;0.0000;6.8165;1.0000;0.0000;0.0000;0.0000;0.0000
1178;648.39;790.3500;51094.9000;1328.9000;538.5500;1.0706;1.9704;0.0000;-790.3500;0.0000;6.8165;0.0000;-790.3500;0.0000;6.8165;1.0000;0.0000;0.0000;0.0000;0.0000
1179;648.68;784.5500;51903.5000;1329.9500;545.4000;1.0669;1.9719;0.0000;-784.5500;0.0000;6.8165;0.0000;-784.5500;0.0000;6.8165;1.0000;0.0000;0.0000;0.0000;0.0000
1180;648.98;778.9500;51355.2000;1332.6500;553.7000;1.0948;1.9607;0.0000;-778.9500;0.0000;6.8165;0.0000;-778.9500;0.0000;6.8165;1.0000;0.0000;0.0000;0.0000;0.0000
1181;649.28;790.3000;51837.6500;1320.4500;530.1500;1.0385;1.9836;0.0000;-790.3000;0.0000;6.8165;0.0000;-790.3000;0.0000;6.8165;1.0000;0.0000;0.0000;0.0000;0.0000
1182;649.58;772.0000;52265.0000;1332.0500;560.0500;1.0876;1.9635;0.0000;-772.0000;0.0000;6.8165;0.0000;-772.0000;0.0000;6.8165;1.0000;0.0000;0.0000;0.0000;0.0000
1183;649.87;778.4000;51843.0000;1343.2000;564.8000;1.1060;1.9562;0.0000;-778.4000;0.0000;6.8165;0.0000;-778.4000;0.0000;6.8165;1.0000;0.0000;0.0000;0.0000;0.0000
1184;650.17;778.4500;50986.7000;1350.1500;571.7000;1.1387;1.9436;0.0000;-778.4500;0.0000;6.8165;0.0000;-778.4500;0.0000;6.8165;1.0000;0.0000;0.0000;0.0000;0.0000
1185;650.47;780.1000;49817.5000;1367.0000;586.9000;1.1968;1.9220;0.0000;-780.1000;0.0000;6.8165;0.0000;-780.1000;0.0000;6.8165;1.0000;0.0000;0.0000;0.0000;0.0000
1186;650.77;778.7000;50084.3000;1349.2000;570.5000;1.1571;1.9366;0.0000;-778.7000;0.0000;6.8165;0.0000;-778.7000;0.0000;6.8165;1.0000;0.0000;0.0000;0.0000;0.0000
1187;651.06;789.9500;50636.7500;1359.7000;569.7500;1.1430;1.9420;0.0000;-789.9500;0.0000;6.8165;0.0000;-789.9500;0.0000;6.8165;1.0000;0.0000;0.0000;0.0000;0.0000
1188;651.36;780.2000;50072.2000;1368.1000;587.9000;1.1927;1.9235;0.0000;-780.2000;0.0000;6.8165;0.0000;-780.2000;0.0000;6.8165;1.0000;0.0000;0.0000;0.0000;0.0000
1189;651.66;795.7000;50156.2000;1362.2500;566.5500;1.1478;1.9401;0.0000;-795.7000;0.0000;6.8165;0.0000;-795.7000;0.0000;6.8165;1.0000;0.0000;0.0000;0.0000;0.0000
1190;651.96;777.5500;51058.7500;1371.7000;594.1500;1.1817;1.9275;0.0000;-777.5500;0.0000;6.8165;0.0000;-777.5500;0.0000;6.8165;1.0000;0.0000;0.0000;0.0000;0.0000
1191;652.25;777.0500;50748.9500;1366.6000;589.5500;1.1798;1.9282;0.0000;-777.0500;0.0000;6.8165;0.0000;-777.0500;0.0000;6.8165;1.0000;0.0000;0.0000;0.0000;0.0000
1192;652.55;787.1500;49708.0500;1393.6500;606.5000;1.2398;1.9067;0.0000;-787.1500;0.0000;6.8165;0.0000;-787.1500;0.0000;6.8165;1.0000;0.0000;0.0000;0.0000;0.0000
1193;652.85;786.6000;48651.0000;1382.6000;596.0000;1.2452;1.9048;0.0000;-786.6000;0.0000;6.8165;0.0000;-786.6000;0.0000;6.8165;1.0000;0.0000;0.0000;0.0000;0.0000
1194;653.14;793.1000;48716.7500;1387.3000;594.2000;1.2399;1.9066;0.0000;-793.1000;0.0000;6.8165;0.0000;-793.1000;0.0000;6.8165;1.0000;0.0000;0.0000;0.0000;0.0000
1195;653.44;783.5000;49000.8000;1405.4500;621.9500;1.2899;1.8894;0.0000;-783.5000;0.0000;6.8165;0.0000;-783.5000;0.0000;6.8165;1.0000;0.0000;0.0000;0.0000;0.0000
1196;653.74;787.2500;48756.5000;1422.8000;635.5500;1.3249;1.8778;0.0000;-787.2500;0.0000;6.8165;0.0000;-787.2500;0.0000;6.8165;1.0000;0.0000;0.0000;0.0000;0.0000
1197;654.03;791.1500;49034.7500;1409.7500;618.6000;1.2822;1.8920;0.0000;-791.1500;0.0000;6.8165;0.0000;-791.1500;0.0000;6.8165;1.0000;0.0000;0.0000;0.0000;0.0000
1198;654.33;792.5000;49457.5500;1410.8500;618.3500;1.2706;1.8960;0.0000;-792.5000;0.0000;6.8165;0.0000;-792.5000;0.0000;6.8165;1.0000;0.0000;0.0000;0.0000;0.0000
1199;654.62;787.8000;49817.9000;1422.8000;635.0000;1.2951;1.8877;0.0000;-787.8000;0.0000;6.8165;0.0000;-787.8000;0.0000;6.8165;1.0000;0.0000;0.0000;0.0000;0.0000
1200;654.92;783.9500;49190.0500;1423.6000;639.6500;1.3214;1.8790;0.0000;-783.9500;0.0000;6.8165;0.0000;-783.9500;0.0000;6.8165;1.0000;0.0000;0.0000;0.0000;0.0000
1201;655.22;793.1500;48306.6500;1445.7500;652.6000;1.3735;1.8622;0.0000;-793.1500;0.0000;6.8165;0.0000;-793.1500;0.0000;6.8165;1.0000;0.0000;0.0000;0.0000;0.0000
1202;655.51;786.8500;48671.4000;1452.3500;665.5000;1.3898;1.8570;0.0000;-786.8500;0.0000;6.8165;0.0000;-786.8500;0.0000;6.8165;1.0000;0.0000;0.0000;0.0000;0.0000
1203;655.81;788.7500;48510.0000;1455.3500;666.6000;1.3969;1.8548;0.0000;-788.7500;0.0000;6.8165;0.0000;-788.7500;0.0000;6.8165;1.0000;0.0000;0.0000;0.0000;0.0000
1204;656.10;799.6000;48363.8000;1440.4500;640.8500;1.3473;1.8705;0.0000;-799.6000;0.0000;6.8165;0.0000;-799.6000;0.0000;6.8165;1.0000;0.0000;0.0000;0.0000;0.0000
1205;656.40;788.7000;48417.0000;1453.6000;664.9000;1.3960;1.8551;0.0000;-788.7000;0.0000;6.8165;0.0000;-788.7000;0.0000;6.8165;1.0000;0.0000;0.0000;0.0000;0.0000
1206;656.69;795.6500;49207.9500;1471.2000;675.5500;1.3954;1.8553;0.0000;-795.6500;0.0000;6.8165;0.0000;-795.6500;0.0000;6.8165;1.0000;0.0000;0.0000;0.0000;0.0000
1207;656.99;782.5000;49145.7000;1495.3500;712.8500;1.4740;1.8315;0.0000;-782.5000;0.0000;6.8165;0.0000;-782.5000;0.0000;6.8165;1.0000;0.0000;0.0000;0.0000;0.0000
1208;657.29;793.7500;47652.0500;1486.8500;693.1000;1.4791;1.8300;0.0000;-793.7500;0.0000;6.8165;0.0000;-793.7500;0.0000;6.8165;1.0000;0.0000;0.0000;0.0000;0.0000
1209;657.58;783.6000;47159.7000;1503.2000;719.6000;1.5517;1.8092;0.0000;-783.6000;0.0000;6.8165;0.0000;-783.6000;0.0000;6.8165;1.0000;0.0000;0.0000;0.0000;0.0000
1210;657.88;786.5500;47872.1000;1514.6000;728.0500;1.5462;1.8107;0.0000;-786.5500;0.0000;6.8165;0.0000;-786.5500;0.0000;6.8165;1.0000;0.0000;0.0000;0.0000;0.0000
1211;658.17;783.8500;47361.7000;1530.8000;746.9500;1.6037;1.7949;0.0000;-783.8500;0.0000;6.8165;0.0000;-783.8500;0.0000;6.8165;1.0000;0.0000;0.0000;0.0000;0.0000
1212;658.47;787.7500;46965.0500;1531.3500;743.6000;1.6103;1.7931;0.0000;-787.7500;0.0000;6.8165;0.0000;-787.7500;0.0000;6.8165;1.0000;0.0000;0.0000;0.0000;0.0000
1213;658.76;791.6000;47036.4000;1518.5000;726.9000;1.5719;1.8036;0.0000;-791.6000;0.0000;6.8165;0.0000;-791.6000;0.0000;6.8165;1.0000;0.0000;0.0000;0.0000;0.0000
1214;659.05;789.4000;47844.3500;1545.2000;755.8000;1.6062;1.7942;0.0000;-789.4000;0.0000;6.8165;0.0000;-789.4000;0.0000;6.8165;1.0000;0.0000;0.0000;0.0000;0.0000
1215;659.35;775.3000;48324.2000;1544.7500;769.4500;1.6182;1.7910;0.0000;-775.3000;0.0000;6.8165;0.0000;-775.3000;0.0000;6.8165;1.0000;0.0000;0.0000;0.0000;0.0000
1216;659.64;768.8500;47653.7000;1542.7500;773.9000;1.6506;1.7823;0.0000;-768.8500;0.0000;6.8165;0.0000;-768.8500;0.0000;6.8165;1.0000;0.0000;0.0000;0.0000;0.0000
1217;659.94;765.7000;47337.7000;1575.6000;809.9000;1.7390;1.7597;0.0000;-765.7000;0.0000;6.8165;0.0000;-765.7000;0.0000;6.8165;1.0000;0.0000;0.0000;0.0000;0.0000
1218;660.23;779.7000;47794.2500;1614.8500;835.1500;1.7764;1.7505;0.0000;-779.7000;0.0000;6.8165;0.0000;-779.7000;0.0000;6.8165;1.0000;0.0000;0.0000;0.0000;0.0000
1219;660.53;793.7500;48009.8500;1614.9500;821.2000;1.7392;1.7596;0.0000;-793.7500;0.0000;6.8165;0.0000;-793.7500;0.0000;6.8165;1.0000;0.0000;0.0000;0.0000;0.0000
1220;660.82;778.8000;47757.1500;1634.4500;855.6500;1.8214;1.7396;0.0000;-778.8000;0.0000;6.8165;0.0000;-778.8000;0.0000;6.8165;1.0000;0.0000;0.0000;0.0000;0.0000
1221;661.11;766.2000;48136.8500;1645.7000;879.5000;1.8566;1.7313;0.0000;-766.2000;0.0000;6.8165;0.0000;-766.2000;0.0000;6.8165;1.0000;0.0000;0.0000;0.0000;0.0000
1222;661.41;785.6500;48497.5000;1658.0500;872.4000;1.8285;1.7379;0.0000;-785.6500;0.0000;6.8165;0.0000;-785.6500;0.0000;6.8165;1.0000;0.0000;0.0000;0.0000;0.0000
1223;661.70;763.7500;48021.0000;1659.7000;895.9500;1.8959;1.7222;0.0000;-763.7500;0.0000;6.8165;0.0000;-763.7500;0.0000;6.8165;1.0000;0.0000;0.0000;0.0000;0.0000
1224;662.00;778.6000;47810.1000;1680.0000;901.4000;1.9166;1.7175;0.0000;-778.6000;0.0000;6.8165;0.0000;-778.6000;0.0000;6.8165;1.0000;0.0000;0.0000;0.0000;0.0000
1225;662.29;777.2000;47498.2000;1690.9500;913.7500;1.9558;1.7087;0.0000;-777.2000;0.0000;6.8165;0.0000;-777.2000;0.0000;6.8165;1.0000;0.0000;0.0000;0.0000;0.0000
1226;662.58;789.7000;47668.9500;1695.9500;906.2500;1.9332;1.7137;0.0000;-789.7000;0.0000;6.8165;0.0000;-789.7000;0.0000;6.8165;1.0000;0.0000;0.0000;0.0000;0.0000
1227;662.88;792.2500;47274.6000;1719.0500;926.8000;1.9939;1.7003;0.0000;-792.2500;0.0000;6.8165;0.0000;-792.2500;0.0000;6.8165;1.0000;0.0000;0.0000;0.0000;0.0000
1228;663.17;784.8000;47072.8000;1730.8000;946.0000;2.0437;1.6896;0.0000;-784.8000;0.0000;6.8165;0.0000;-784.8000;0.0000;6.8165;1.0000;0.0000;0.0000;0.0000;0.0000
1229;663.46;779.8500;47723.8500;1766.0000;986.1500;2.1007;1.6776;0.0000;-779.8500;0.0000;6.8165;0.0000;-779.8500;0.0000;6.8165;1.0000;0.0000;0.0000;0.0000;0.0000
1230;663.76;796.6500;47620.8000;1787.5500;990.9000;2.1162;1.6744;0.0000;-796.6500;0.0000;6.8165;0.0000;-796.6500;0.0000;6.8165;1.0000;0.0000;0.0000;0.0000;0.0000
1231;664.05;795.1500;47696.3500;1800.3000;1005.1500;2.1431;1.6690;0.0000;-795.1500;0.0000;6.8165;0.0000;-795.1500;0.0000;6.8165;1.0000;0.0000;0.0000;0.0000;0.0000
1232;664.34;790.9000;47424.7000;1804.9500;1014.0500;2.1745;1.6626;0.0000;-790.9000;0.0000;6.8165;0.0000;-790.9000;0.0000;6.8165;1.0000;0.0000;0.0000;0.0000;0.0000
1233;664.64;780.6000;47307.6000;1797.4500;1016.8500;2.1855;1.6604;0.0000;-780.6000;0.0000;6.8165;0.0000;-780.6000;0.0000;6.8165;1.0000;0.0000;0.0000;0.0000;0.0000
1234;664.93;790.4500;46932.1500;1847.5000;1057.0500;2.2909;1.6400;0.0000;-790.4500;0.0000;6.8165;0.0000;-790.4500;0.0000;6.8165;1.0000;0.0000;0.0000;0.0000;0.0000
1235;665.22;788.1000;46357.9000;1830.7500;1042.6500;2.2880;1.6405;0.0000;-788.1000;0.0000;6.8165;0.0000;-788.1000;0.0000;6.8165;1.0000;0.0000;0.0000;0.0000;0.0000
1236;665.51;804.9500;46524.4000;1860.0000;1055.0500;2.3077;1.6368;0.0000;-804.9500;0.0000;6.8165;0.0000;-804.9500;0.0000;6.8165;1.0000;0.0000;0.0000;0.0000;0.0000
1237;665.81;776.7500;46936.7500;1870.4500;1093.7000;2.3694;1.6254;0.0000;-776.7500;0.0000;6.8165;0.0000;-776.7500;0.0000;6.8165;1.0000;0.0000;0.0000;0.0000;0.0000
1238;666.10;779.8500;47219.1500;1888.6500;1108.8000;2.3876;1.6220;0.0000;-779.8500;0.0000;6.8165;0.0000;-779.8500;0.0000;6.8165;1.0000;0.0000;0.0000;0.0000;0.0000
1239;666.39;771.2500;46823.2500;1912.6000;1141.3500;2.4784;1.6058;0.0000;-771.2500;0.0000;6.8165;0.0000;-771.2500;0.0000;6.8165;1.0000;0.0000;0.0000;0.0000;0.0000
1240;666.68;772.6000;46590.0000;1950.3500;1177.7500;2.5705;1.5900;0.0000;-772.6000;0.0000;6.8165;0.0000;-772.6000;0.0000;6.8165;1.0000;0.0000;0.0000;0.0000;0.0000
1241;666.97;775.3500;46203.9000;1992.8000;1217.4500;2.6799;1.5719;0.0000;-775.3500;0.0000;6.8165;0.0000;-775.3500;0.0000;6.8165;1.0000;0.0000;0.0000;0.0000;0.0000
1242;667.27;790.6000;46446.3500;2021.5000;1230.9000;2.6960;1.5693;0.0000;-790.6000;0.0000;6.8165;0.0000;-790.6000;0.0000;6.8165;1.0000;0.0000;0.0000;0.0000;0.0000
1243;667.56;784.5000;46585.1500;2038.9000;1254.4000;2.7388;1.5624;0.0000;-784.5000;0.0000;6.8165;0.0000;-784.5000;0.0000;6.8165;1.0000;0.0000;0.0000;0.0000;0.0000
1244;667.85;784.7000;46741.7000;2057.1500;1272.4500;2.7688;1.5577;0.0000;-784.7000;0.0000;6.8165;0.0000;-784.7000;0.0000;6.8165;1.0000;0.0000;0.0000;0.0000;0.0000
1245;668.14;784.8500;46901.1000;2067.0000;1282.1500;2.7803;1.5559;0.0000;-784.8500;0.0000;6.8165;0.0000;-784.8500;0.0000;6.8165;1.0000;0.0000;0.0000;0.0000;0.0000
1246;668.43;792.8000;47113.8000;2095.2000;1302.4000;2.8117;1.5510;0.0000;-792.8000;0.0000;6.8165;0.0000;-792.8000;0.0000;6.8165;1.0000;0.0000;0.0000;0.0000;0.0000
1247;668.72;782.5500;47180.1500;2109.6500;1327.1000;2.8603;1.5436;0.0000;-782.5500;0.0000;6.8165;0.0000;-782.5500;0.0000;6.8165;1.0000;0.0000;0.0000;0.0000;0.0000
1248;669.02;785.0500;46790.7500;2132.2500;1347.2000;2.9283;1.5334;0.0000;-785.0500;0.0000;6.8165;0.0000;-785.0500;0.0000;6.8165;1.0000;0.0000;0.0000;0.0000;0.0000
1249;669.31;787.1500;46117.5000;2161.1500;1374.0000;3.0311;1.5184;0.0000;-787.1500;0.0000;6.8165;0.0000;-787.1500;0.0000;6.8165;1.0000;0.0000;0.0000;0.0000;0.0000
1250;669.60;774.9500;46484.1000;2200.6500;1425.7000;3.1191;1.5060;0.0000;-774.9500;0.0000;6.8165;0.0000;-774.9500;0.0000;6.8165;1.0000;0.0000;0.0000;0.0000;0.0000
1251;669.89;780.9500;46272.4500;2228.3000;1447.3500;3.1816;1.4974;0.0000;-780.9500;0.0000;6.8165;0.0000;-780.9500;0.0000;6.8165;1.0000;0.0000;0.0000;0.0000;0.0000
1252;670.18;789.3000;46556.9500;2306.0000;1516.7000;3.3139;1.4797;0.0000;-789.3000;0.0000;6.8165;0.0000;-789.3000;0.0000;6.8165;1.0000;0.0000;0.0000;0.0000;0.0000
1253;670.47;784.9000;46508.9000;2349.8000;1564.9000;3.4225;1.4657;0.0000;-784.9000;0.0000;6.8165;0.0000;-784.9000;0.0000;6.8165;1.0000;0.0000;0.0000;0.0000;0.0000
1254;670.76;794.7500;46335.0500;2363.3000;1568.5500;3.4443;1.4629;0.0000;-794.7500;0.0000;6.8165;0.0000;-794.7500;0.0000;6.8165;1.0000;0.0000;0.0000;0.0000;0.0000
1255;671.05;776.6500;46375.5000;2350.0500;1573.4000;3.4505;1.4621;0.0000;-776.6500;0.0000;6.8165;0.0000;-776.6500;0.0000;6.8165;1.0000;0.0000;0.0000;0.0000;0.0000
1256;671.34;778.5500;46375.7000;2394.2500;1615.7000;3.5434;1.4506;0.0000;-778.5500;0.0000;6.8165;0.0000;-778.5500;0.0000;6.8165;1.0000;0.0000;0.0000;0.0000;0.0000
1257;671.63;793.8500;45274.6500;2437.2500;1643.4000;3.6946;1.4324;0.0000;-793.8500;0.0000;6.8165;0.0000;-793.8500;0.0000;6.8165;1.0000;0.0000;0.0000;0.0000;0.0000
1258;671.92;778.9000;45531.6000;2491.2500;1712.3500;3.8262;1.4172;0.0000;-778.9000;0.0000;6.8165;0.0000;-778.9000;0.0000;6.8165;1.0000;0.0000;0.0000;0.0000;0.0000
1259;672.21;793.2500;45992.3500;2553.0000;1759.7500;3.8933;1.4097;0.0000;-793.2500;0.0000;6.8165;0.0000;-793.2500;0.0000;6.8165;1.0000;0.0000;0.0000;0.0000;0.0000
1260;672.50;785.2500;45933.2500;2591.4000;1806.1500;4.0005;1.3979;0.0000;-785.2500;0.0000;6.8165;0.0000;-785.2500;0.0000;6.8165;1.0000;0.0000;0.0000;0.0000;0.0000
1261;672.79;792.8500;46102.8500;2609.3500;1816.5000;4.0090;1.3970;0.0000;-792.8500;0.0000;6.8165;0.0000;-792.8500;0.0000;6.8165;1.0000;0.0000;0.0000;0.0000;0.0000
1262;673.08;792.8500;46420.1000;2667.1500;1874.3000;4.1079;1.3864;0.0000;-792.8500;0.0000;6.8165;0.0000;-792.8500;0.0000;6.8165;1.0000;0.0000;0.0000;0.0000;0.0000
1263;673.37;791.9000;46726.3500;2696.0000;1904.1000;4.1453;1.3824;0.0000;-791.9000;0.0000;6.8165;0.0000;-791.9000;0.0000;6.8165;1.0000;0.0000;0.0000;0.0000;0.0000
1264;673.66;791.1000;46382.2000;2743.7000;1952.6000;4.2829;1.3683;0.0000;-791.1000;0.0000;6.8165;0.0000;-791.1000;0.0000;6.8165;1.0000;0.0000;0.0000;0.0000;0.0000
1265;673.95;788.9000;45163.9000;2767.6500;1978.7500;4.4592;1.3507;0.0000;-788.9000;0.0000;6.8165;0.0000;-788.9000;0.0000;6.8165;1.0000;0.0000;0.0000;0.0000;0.0000
1266;674.24;785.0000;44719.1500;2837.1000;2052.1000;4.6709;1.3306;0.0000;-785.0000;0.0000;6.8165;0.0000;-785.0000;0.0000;6.8165;1.0000;0.0000;0.0000;0.0000;0.0000
1267;674.53;778.3500;45317.1000;2898.8000;2120.4500;4.7609;1.3223;0.0000;-778.3500;0.0000;6.8165;0.0000;-778.3500;0.0000;6.8165;1.0000;0.0000;0.0000;0.0000;0.0000
1268;674.82;796.3000;46005.5000;2941.3500;2145.0500;4.7447;1.3238;0.0000;-796.3000;0.0000;6.8165;0.0000;-796.3000;0.0000;6.8165;1.0000;0.0000;0.0000;0.0000;0.0000
1269;675.11;798.1500;46188.4500;2949.7000;2151.5500;4.7401;1.3242;0.0000;-798.1500;0.0000;6.8165;0.0000;-798.1500;0.0000;6.8165;1.0000;0.0000;0.0000;0.0000;0.0000
1270;675.40;780.5500;45754.3000;2987.4500;2206.9000;4.9071;1.3092;0.0000;-780.5500;0.0000;6.8165;0.0000;-780.5500;0.0000;6.8165;1.0000;0.0000;0.0000;0.0000;0.0000
1271;675.69;776.5500;45814.1000;3052.5000;2275.9500;5.0534;1.2964;0.0000;-776.5500;0.0000;6.8165;0.0000;-776.5500;0.0000;6.8165;1.0000;0.0000;0.0000;0.0000;0.0000
1272;675.98;766.0500;46198.7500;3028.7500;2262.7000;4.9803;1.3027;0.0000;-766.0500;0.0000;6.8165;0.0000;-766.0500;0.0000;6.8165;1.0000;0.0000;0.0000;0.0000;0.0000
1273;676.27;777.0000;45572.3000;3112.6000;2335.6000;5.2139;1.2828;0.0000;-777.0000;0.0000;6.8165;0.0000;-777.0000;0.0000;6.8165;1.0000;0.0000;0.0000;0.0000;0.0000
1274;676.56;782.3500;44953.9000;3214.8500;2432.5000;5.5069;1.2591;0.0000;-782.3500;0.0000;6.8165;0.0000;-782.3500;0.0000;6.8165;1.0000;0.0000;0.0000;0.0000;0.0000
1275;676.84;780.9000;43956.3500;3291.3000;2510.4000;5.8144;1.2355;0.0000;-780.9000;0.0000;6.8165;0.0000;-780.9000;0.0000;6.8165;1.0000;0.0000;0.0000;0.0000;0.0000
1276;677.13;786.4000;44522.0500;3398.8000;2612.4000;5.9732;1.2238;0.0000;-786.4000;0.0000;6.8165;0.0000;-786.4000;0.0000;6.8165;1.0000;0.0000;0.0000;0.0000;0.0000
1277;677.42;779.7500;44787.0500;3475.7500;2696.0000;6.1263;1.2128;0.0000;-779.7500;0.0000;6.8165;0.0000;-779.7500;0.0000;6.8165;1.0000;0.0000;0.0000;0.0000;0.0000
1278;677.71;777.1000;45050.7500;3491.3500;2714.2500;6.1306;1.2125;0.0000;-777.1000;0.0000;6.8165;0.0000;-777.1000;0.0000;6.8165;1.0000;0.0000;0.0000;0.0000;0.0000
1279;678.00;781.9500;45283.8000;3605.8500;2823.9000;6.3456;1.1975;0.0000;-781.9500;0.0000;6.8165;0.0000;-781.9500;0.0000;6.8165;1.0000;0.0000;0.0000;0.0000;0.0000
1280;678.29;786.9500;45976.4500;3703.7000;2916.7500;6.4545;1.1901;0.0000;-786.9500;0.0000;6.8165;0.0000;-786.9500;0.0000;6.8165;1.0000;0.0000;0.0000;0.0000;0.0000
1281;678.58;790.2000;45483.1000;3735.5000;2945.3000;6.5901;1.1811;0.0000;-790.2000;0.0000;6.8165;0.0000;-790.2000;0.0000;6.8165;1.0000;0.0000;0.0000;0.0000;0.0000
1282;678.86;780.4000;44532.4000;3802.5000;3022.1000;6.9073;1.1607;0.0000;-780.4000;0.0000;6.8165;0.0000;-780.4000;0.0000;6.8165;1.0000;0.0000;0.0000;0.0000;0.0000
1283;679.15;771.4500;44302.1500;3906.2000;3134.7500;7.2012;1.1426;0.0000;-771.4500;0.0000;6.8165;0.0000;-771.4500;0.0000;6.8165;1.0000;0.0000;0.0000;0.0000;0.0000
1284;679.44;799.7500;44200.7000;4005.2500;3205.5000;7.3858;1.1316;0.0000;-799.7500;0.0000;6.8165;0.0000;-799.7500;0.0000;6.8165;1.0000;0.0000;0.0000;0.0000;0.0000
1285;679.73;782.0000;43904.3500;4101.4000;3319.4000;7.6976;1.1136;0.0000;-782.0000;0.0000;6.8165;0.0000;-782.0000;0.0000;6.8165;1.0000;0.0000;0.0000;0.0000;0.0000
1286;680.01;801.9000;43792.4000;4228.0000;3426.1000;7.9694;1.0986;0.0000;-801.9000;0.0000;6.8165;0.0000;-801.9000;0.0000;6.8165;1.0000;0.0000;0.0000;0.0000;0.0000
1287;680.30;787.2500;44165.2500;4298.1500;3510.9000;8.0937;1.0919;0.0000;-787.2500;0.0000;6.8165;0.0000;-787.2500;0.0000;6.8165;1.0000;0.0000;0.0000;0.0000;0.0000
1288;680.59;788.6000;44865.2000;4454.7000;3666.1000;8.3176;1.0800;0.0000;-788.6000;0.0000;6.8165;0.0000;-788.6000;0.0000;6.8165;1.0000;0.0000;0.0000;0.0000;0.0000
1289;680.88;779.2000;44934.6000;4519.2500;3740.0500;8.4702;1.0721;0.0000;-779.2000;0.0000;6.8165;0.0000;-779.2000;0.0000;6.8165;1.0000;0.0000;0.0000;0.0000;0.0000
1290;681.16;794.1500;45330.2000;4594.4000;3800.2500;8.5330;1.0689;0.0000;-794.1500;0.0000;6.8165;0.0000;-794.1500;0.0000;6.8165;1.0000;0.0000;0.0000;0.0000;0.0000
1291;681.45;783.0500;44977.9500;4762.9000;3979.8500;9.0052;1.0455;0.0000;-783.0500;0.0000;6.8165;0.0000;-783.0500;0.0000;6.8165;1.0000;0.0000;0.0000;0.0000;0.0000
1292;681.74;784.5000;44516.6500;4907.0500;4122.5500;9.4268;1.0256;0.0000;-784.5000;0.0000;6.8165;0.0000;-784.5000;0.0000;6.8165;1.0000;0.0000;0.0000;0.0000;0.0000
1293;682.02;775.3000;44730.4500;5023.5500;4248.2500;9.6650;1.0148;0.0000;-775.3000;0.0000;6.8165;0.0000;-775.3000;0.0000;6.8165;1.0000;0.0000;0.0000;0.0000;0.0000
1294;682.31;789.6500;44733.3500;5145.1500;4355.5000;9.9115;1.0039;0.0000;-789.6500;0.0000;6.8165;0.0000;-789.6500;0.0000;6.8165;1.0000;0.0000;0.0000;0.0000;0.0000
1295;682.60;789.8000;45088.1000;5286.2500;4496.4500;10.1504;0.9935;0.0000;-789.8000;0.0000;6.8165;0.0000;-789.8000;0.0000;6.8165;1.0000;0.0000;0.0000;0.0000;0.0000
1296;682.88;789.6500;46053.8500;5407.2500;4617.6000;10.2014;0.9913;0.0000;-789.6500;0.0000;6.8165;0.0000;-789.6500;0.0000;6.8165;1.0000;0.0000;0.0000;0.0000;0.0000
1297;683.17;807.6500;46960.4500;5526.4500;4718.8000;10.2243;0.9904;0.0000;-807.6500;0.0000;6.8165;0.0000;-807.6500;0.0000;6.8165;1.0000;0.0000;0.0000;0.0000;0.0000
1298;683.46;786.2000;47184.3500;5727.5500;4941.3500;10.6499;0.9727;0.0000;-786.2000;0.0000;6.8165;0.0000;-786.2000;0.0000;6.8165;1.0000;0.0000;0.0000;0.0000;0.0000
1299;683.74;778.7000;47297.0500;5968.1000;5189.4000;11.1556;0.9525;0.0000;-778.7000;0.0000;6.8165;0.0000;-778.7000;0.0000;6.8165;1.0000;0.0000;0.0000;0.0000;0.0000
1300;684.03;780.3500;47247.1500;6107.0000;5326.6500;11.4633;0.9407;0.0000;-780.3500;0.0000;6.8165;0.0000;-780.3500;0.0000;6.8165;1.0000;0.0000;0.0000;0.0000;0.0000
1301;684.32;786.5000;46374.2000;6117.0000;5330.5000;11.6928;0.9321;0.0000;-786.5000;0.0000;6.8165;0.0000;-786.5000;0.0000;6.8165;1.0000;0.0000;0.0000;0.0000;0.0000
1302;684.60;780.3000;45931.8500;6325.8000;5545.5000;12.2820;0.9107;0.0000;-780.3000;0.0000;6.8165;0.0000;-780.3000;0.0000;6.8165;1.0000;0.0000;0.0000;0.0000;0.0000
1303;684.89;780.8000;45478.2000;6563.7500;5782.9500;12.9380;0.8881;0.0000;-780.8000;0.0000;6.8165;0.0000;-780.8000;0.0000;6.8165;1.0000;0.0000;0.0000;0.0000;0.0000
1304;685.17;776.8000;44783.5000;6588.2000;5811.4000;13.2057;0.8792;0.0000;-776.8000;0.0000;6.8165;0.0000;-776.8000;0.0000;6.8165;1.0000;0.0000;0.0000;0.0000;0.0000
1305;685.46;775.6000;44653.8500;6844.0500;6068.4500;13.8302;0.8592;0.0000;-775.6000;0.0000;6.8165;0.0000;-775.6000;0.0000;6.8165;1.0000;0.0000;0.0000;0.0000;0.0000
1306;685.75;787.5000;44481.0500;6869.7500;6082.2500;13.9202;0.8564;0.0000;-787.5000;0.0000;6.8165;0.0000;-787.5000;0.0000;6.8165;1.0000;0.0000;0.0000;0.0000;0.0000
1307;686.03;789.2000;44390.9500;6945.6500;6156.4500;14.1197;0.8502;0.0000;-789.2000;0.0000;6.8165;0.0000;-789.2000;0.0000;6.8165;1.0000;0.0000;0.0000;0.0000;0.0000
1308;686.32;789.4000;43897.0000;7084.8000;6295.4000;14.6039;0.8355;0.0000;-789.4000;0.0000;6.8165;0.0000;-789.4000;0.0000;6.8165;1.0000;0.0000;0.0000;0.0000;0.0000
1309;686.60;788.3000;44128.6500;7192.1500;6403.8500;14.7757;0.8305;0.0000;-788.3000;0.0000;6.8165;0.0000;-788.3000;0.0000;6.8165;1.0000;0.0000;0.0000;0.0000;0.0000
1310;686.89;792.1000;44252.3000;7396.2500;6604.1500;15.1959;0.8183;0.0000;-792.1000;0.0000;6.8165;0.0000;-792.1000;0.0000;6.8165;1.0000;0.0000;0.0000;0.0000;0.0000
1311;687.17;794.1500;44247.1500;7524.4500;6730.3000;15.4887;0.8100;0.0000;-794.1500;0.0000;6.8165;0.0000;-794.1500;0.0000;6.8165;1.0000;0.0000;0.0000;0.0000;0.0000
1312;687.46;775.9000;44860.3500;7718.4500;6942.5500;15.7483;0.8028;0.0000;-775.9000;0.0000;6.8165;0.0000;-775.9000;0.0000;6.8165;1.0000;0.0000;0.0000;0.0000;0.0000
1313;687.74;787.2000;44469.9500;7944.6500;7157.4500;16.3851;0.7856;0.0000;-787.2000;0.0000;6.8165;0.0000;-787.2000;0.0000;6.8165;1.0000;0.0000;0.0000;0.0000;0.0000
1314;688.03;785.3500;43861.3500;8151.9000;7366.5500;17.1013;0.7670;0.0000;-785.3500;0.0000;6.8165;0.0000;-785.3500;0.0000;6.8165;1.0000;0.0000;0.0000;0.0000;0.0000
1315;688.31;796.2000;43356.9500;8467.4000;7671.2000;18.0241;0.7441;0.0000;-796.2000;0.0000;6.8165;0.0000;-796.2000;0.0000;6.8165;1.0000;0.0000;0.0000;0.0000;0.0000
1316;688.60;786.3500;42588.4500;8669.3000;7882.9500;18.8578;0.7245;0.0000;-786.3500;0.0000;6.8165;0.0000;-786.3500;0.0000;6.8165;1.0000;0.0000;0.0000;0.0000;0.0000
1317;688.88;778.9500;42617.7500;8820.8000;8041.8500;19.2210;0.7162;0.0000;-778.9500;0.0000;6.8165;0.0000;-778.9500;0.0000;6.8165;1.0000;0.0000;0.0000;0.0000;0.0000
1318;689.17;777.8500;42765.9000;8775.3500;7997.5000;19.0471;0.7202;0.0000;-777.8500;0.0000;6.8165;0.0000;-777.8500;0.0000;6.8165;1.0000;0.0000;0.0000;0.0000;0.0000
1319;689.45;791.3000;43087.9500;9015.4000;8224.1000;19.4439;0.7112;0.0000;-791.3000;0.0000;6.8165;0.0000;-791.3000;0.0000;6.8165;1.0000;0.0000;0.0000;0.0000;0.0000
1320;689.73;795.0500;42746.0500;9264.4500;8469.4000;20.1888;0.6949;0.0000;-795.0500;0.0000;6.8165;0.0000;-795.0500;0.0000;6.8165;1.0000;0.0000;0.0000;0.0000;0.0000
1321;690.02;790.9500;42847.2000;9540.6500;8749.7000;20.8048;0.6818;0.0000;-790.9500;0.0000;6.8165;0.0000;-790.9500;0.0000;6.8165;1.0000;0.0000;0.0000;0.0000;0.0000
1322;690.30;774.4000;42467.2000;9756.8500;8982.4500;21.5444;0.6667;0.0000;-774.4000;0.0000;6.8165;0.0000;-774.4000;0.0000;6.8165;1.0000;0.0000;0.0000;0.0000;0.0000
1323;690.59;783.3500;42860.3000;9905.4000;9122.0500;21.6794;0.6640;0.0000;-783.3500;0.0000;6.8165;0.0000;-783.3500;0.0000;6.8165;1.0000;0.0000;0.0000;0.0000;0.0000
1324;690.87;772.8000;42406.6000;10073.8000;9301.0000;22.3400;0.6509;0.0000;-772.8000;0.0000;6.8165;0.0000;-772.8000;0.0000;6.8165;1.0000;0.0000;0.0000;0.0000;0.0000
1325;691.15;790.5000;41654.1000;10224.8000;9434.3000;23.0873;0.6366;0.0000;-790.5000;0.0000;6.8165;0.0000;-790.5000;0.0000;6.8165;1.0000;0.0000;0.0000;0.0000;0.0000
1326;691.44;783.5500;41577.9000;10347.5000;9563.9500;23.4443;0.6300;0.0000;-783.5500;0.0000;6.8165;0.0000;-783.5500;0.0000;6.8165;1.0000;0.0000;0.0000;0.0000;0.0000
1327;691.72;799.1000;40962.1500;10324.1000;9525.0000;23.7158;0.6250;0.0000;-799.1000;0.0000;6.8165;0.0000;-799.1000;0.0000;6.8165;1.0000;0.0000;0.0000;0.0000;0.0000
1328;692.01;778.6000;41072.3500;10584.1500;9805.5500;24.3352;0.6138;0.0000;-778.6000;0.0000;6.8165;0.0000;-778.6000;0.0000;6.8165;1.0000;0.0000;0.0000;0.0000;0.0000
1329;692.29;778.3000;40078.0000;10688.3500;9910.0500;25.2166;0.5983;0.0000;-778.3000;0.0000;6.8165;0.0000;-778.3000;0.0000;6.8165;1.0000;0.0000;0.0000;0.0000;0.0000
1330;692.57;774.5500;39959.1000;10940.6000;10166.0500;25.9440;0.5860;0.0000;-774.5500;0.0000;6.8165;0.0000;-774.5500;0.0000;6.8165;1.0000;0.0000;0.0000;0.0000;0.0000
1331;692.86;783.2500;39474.5000;11123.8000;10340.5500;26.7258;0.5731;0.0000;-783.2500;0.0000;6.8165;0.0000;-783.2500;0.0000;6.8165;1.0000;0.0000;0.0000;0.0000;0.0000
1332;693.14;774.5000;39277.1000;11145.2500;10370.7500;26.9352;0.5697;0.0000;-774.5000;0.0000;6.8165;0.0000;-774.5000;0.0000;6.8165;1.0000;0.0000;0.0000;0.0000;0.0000
1333;693.42;786.8000;39272.1000;11395.0000;10608.2000;27.5643;0.5597;0.0000;-786.8000;0.0000;6.8165;0.0000;-786.8000;0.0000;6.8165;1.0000;0.0000;0.0000;0.0000;0.0000
1334;693.70;778.4500;39026.0500;11477.0000;10698.5500;27.9718;0.5533;0.0000;-778.4500;0.0000;6.8165;0.0000;-778.4500;0.0000;6.8165;1.0000;0.0000;0.0000;0.0000;0.0000
1335;693.99;772.0500;39206.7500;11664.9500;10892.9000;28.3413;0.5476;0.0000;-772.0500;0.0000;6.8165;0.0000;-772.0500;0.0000;6.8165;1.0000;0.0000;0.0000;0.0000;0.0000
1336;694.27;786.8500;38896.6500;11636.8500;10850.0000;28.4704;0.5456;0.0000;-786.8500;0.0000;6.8165;0.0000;-786.8500;0.0000;6.8165;1.0000;0.0000;0.0000;0.0000;0.0000
1337;694.55;790.9500;38900.2000;11668.6500;10877.7000;28.5435;0.5445;0.0000;-790.9500;0.0000;6.8165;0.0000;-790.9500;0.0000;6.8165;1.0000;0.0000;0.0000;0.0000;0.0000
1338;694.84;783.1500;38402.5000;11605.8000;10822.6500;28.7688;0.5411;0.0000;-783.1500;0.0000;6.8165;0.0000;-783.1500;0.0000;6.8165;1.0000;0.0000;0.0000;0.0000;0.0000
1339;695.12;783.1000;38071.3000;11874.4000;11091.3000;29.7448;0.5266;0.0000;-783.1000;0.0000;6.8165;0.0000;-783.1000;0.0000;6.8165;1.0000;0.0000;0.0000;0.0000;0.0000
1340;695.40;787.4000;37423.7000;12018.2000;11230.8000;30.6548;0.5135;0.0000;-787.4000;0.0000;6.8165;0.0000;-787.4000;0.0000;6.8165;1.0000;0.0000;0.0000;0.0000;0.0000
1341;695.68;784.6500;37212.5000;12045.8000;11261.1500;30.9136;0.5099;0.0000;-784.6500;0.0000;6.8165;0.0000;-784.6500;0.0000;6.8165;1.0000;0.0000;0.0000;0.0000;0.0000
1342;695.96;785.3000;36897.1500;12038.8500;11253.5500;31.1630;0.5064;0.0000;-785.3000;0.0000;6.8165;0.0000;-785.3000;0.0000;6.8165;1.0000;0.0000;0.0000;0.0000;0.0000
1343;696.25;787.4000;36485.5500;11992.2000;11204.8000;31.3876;0.5032;0.0000;-787.4000;0.0000;6.8165;0.0000;-787.4000;0.0000;6.8165;1.0000;0.0000;0.0000;0.0000;0.0000
1344;696.53;784.1000;36269.5500;12178.0500;11393.9500;32.1088;0.4934;0.0000;-784.1000;0.0000;6.8165;0.0000;-784.1000;0.0000;6.8165;1.0000;0.0000;0.0000;0.0000;0.0000
1345;696.81;794.6500;36055.5500;12239.2000;11444.5500;32.4568;0.4887;0.0000;-794.6500;0.0000;6.8165;0.0000;-794.6500;0.0000;6.8165;1.0000;0.0000;0.0000;0.0000;0.0000
1346;697.09;790.6500;36594.8500;12179.6500;11389.0000;31.8091;0.4974;0.0000;-790.6500;0.0000;6.8165;0.0000;-790.6500;0.0000;6.8165;1.0000;0.0000;0.0000;0.0000;0.0000
1347;697.37;787.6000;36601.6500;12034.4000;11246.8000;31.4033;0.5030;0.0000;-787.6000;0.0000;6.8165;0.0000;-787.6000;0.0000;6.8165;1.0000;0.0000;0.0000;0.0000;0.0000
1348;697.65;791.2500;36166.8000;12185.6000;11394.3500;32.2097;0.4920;0.0000;-791.2500;0.0000;6.8165;0.0000;-791.2500;0.0000;6.8165;1.0000;0.0000;0.0000;0.0000;0.0000
1349;697.94;777.7500;35044.6000;12203.6500;11425.9000;33.3439;0.4770;0.0000;-777.7500;0.0000;6.8165;0.0000;-777.7500;0.0000;6.8165;1.0000;0.0000;0.0000;0.0000;0.0000
1350;698.22;781.7500;34168.1500;12221.8000;11440.0500;34.2656;0.4651;0.0000;-781.7500;0.0000;6.8165;0.0000;-781.7500;0.0000;6.8165;1.0000;0.0000;0.0000;0.0000;0.0000
1351;698.50;774.7000;34293.4000;12347.7000;11573.0000;34.5270;0.4618;0.0000;-774.7000;0.0000;6.8165;0.0000;-774.7000;0.0000;6.8165;1.0000;0.0000;0.0000;0.0000;0.0000
1352;698.78;782.3000;34521.3000;12291.5000;11509.2000;34.1125;0.4671;0.0000;-782.3000;0.0000;6.8165;0.0000;-782.3000;0.0000;6.8165;1.0000;0.0000;0.0000;0.0000;0.0000
1353;699.06;783.4000;34581.6500;12361.5500;11578.1500;34.2567;0.4653;0.0000;-783.4000;0.0000;6.8165;0.0000;-783.4000;0.0000;6.8165;1.0000;0.0000;0.0000;0.0000;0.0000
1354;699.34;796.0500;34614.3000;12243.5500;11447.5000;33.8501;0.4704;0.0000;-796.0500;0.0000;6.8165;0.0000;-796.0500;0.0000;6.8165;1.0000;0.0000;0.0000;0.0000;0.0000
1355;699.62;790.4500;34599.3000;12133.1000;11342.6500;33.5494;0.4743;0.0000;-790.4500;0.0000;6.8165;0.0000;-790.4500;0.0000;6.8165;1.0000;0.0000;0.0000;0.0000;0.0000
1356;699.90;792.0500;34333.4000;12095.6000;11303.5500;33.7003;0.4724;0.0000;-792.0500;0.0000;6.8165;0.0000;-792.0500;0.0000;6.8165;1.0000;0.0000;0.0000;0.0000;0.0000
1357;700.18;792.7500;33633.2000;11993.8500;11201.1000;34.1076;0.4671;0.0000;-792.7500;0.0000;6.8165;0.0000;-792.7500;0.0000;6.8165;1.0000;0.0000;0.0000;0.0000;0.0000
1358;700.46;785.8500;33384.1500;12075.9000;11290.0500;34.6339;0.4605;0.0000;-785.8500;0.0000;6.8165;0.0000;-785.8500;0.0000;6.8165;1.0000;0.0000;0.0000;0.0000;0.0000
1359;700.74;779.0000;33181.8000;11909.4500;11130.4500;34.3503;0.4641;0.0000;-779.0000;0.0000;6.8165;0.0000;-779.0000;0.0000;6.8165;1.0000;0.0000;0.0000;0.0000;0.0000
1360;701.03;779.0000;32788.2000;11734.4000;10955.4000;34.2258;0.4656;0.0000;-779.0000;0.0000;6.8165;0.0000;-779.0000;0.0000;6.8165;1.0000;0.0000;0.0000;0.0000;0.0000
1361;701.31;762.8000;32553.8500;11670.0000;10907.2000;34.3090;0.4646;0.0000;-762.8000;0.0000;6.8165;0.0000;-762.8000;0.0000;6.8165;1.0000;0.0000;0.0000;0.0000;0.0000
1362;701.59;792.8500;32508.0000;11675.3500;10882.5000;34.3133;0.4645;0.0000;-792.8500;0.0000;6.8165;0.0000;-792.8500;0.0000;6.8165;1.0000;0.0000;0.0000;0.0000;0.0000
1363;701.87;778.7000;31740.0000;11343.5000;10564.8000;34.1226;0.4670;0.0000;-778.7000;0.0000;6.8165;0.0000;-778.7000;0.0000;6.8165;1.0000;0.0000;0.0000;0.0000;0.0000
1364;702.15;800.4000;31617.0500;11275.4500;10475.0500;33.9915;0.4686;0.0000;-800.4000;0.0000;6.8165;0.0000;-800.4000;0.0000;6.8165;1.0000;0.0000;0.0000;0.0000;0.0000
1365;702.43;797.2500;31871.0000;11262.1000;10464.8500;33.6775;0.4727;0.0000;-797.2500;0.0000;6.8165;0.0000;-797.2500;0.0000;6.8165;1.0000;0.0000;0.0000;0.0000;0.0000
1366;702.71;785.9500;31370.2000;10947.4500;10161.5000;33.2246;0.4785;0.0000;-785.9500;0.0000;6.8165;0.0000;-785.9500;0.0000;6.8165;1.0000;0.0000;0.0000;0.0000;0.0000
1367;702.98;762.8500;31145.9000;10756.9000;9994.0500;32.8935;0.4829;0.0000;-762.8500;0.0000;6.8165;0.0000;-762.8500;0.0000;6.8165;1.0000;0.0000;0.0000;0.0000;0.0000
1368;703.26;778.0500;30898.1000;10478.5000;9700.4500;32.2060;0.4921;0.0000;-778.0500;0.0000;6.8165;0.0000;-778.0500;0.0000;6.8165;1.0000;0.0000;0.0000;0.0000;0.0000
1369;703.54;783.6000;30339.8500;10325.3000;9541.7000;32.2832;0.4910;0.0000;-783.6000;0.0000;6.8165;0.0000;-783.6000;0.0000;6.8165;1.0000;0.0000;0.0000;0.0000;0.0000
1370;703.82;785.4000;30354.5500;10311.7500;9526.3500;32.2172;0.4919;0.0000;-785.4000;0.0000;6.8165;0.0000;-785.4000;0.0000;6.8165;1.0000;0.0000;0.0000;0.0000;0.0000
1371;704.10;793.2000;29885.3000;10186.8000;9393.6000;32.2892;0.4909;0.0000;-793.2000;0.0000;6.8165;0.0000;-793.2000;0.0000;6.8165;1.0000;0.0000;0.0000;0.0000;0.0000
1372;704.38;790.3500;29406.7500;9795.1000;9004.7500;31.4671;0.5021;0.0000;-790.3500;0.0000;6.8165;0.0000;-790.3500;0.0000;6.8165;1.0000;0.0000;0.0000;0.0000;0.0000
1373;704.66;793.6000;30034.0000;9745.2000;8951.6000;30.6138;0.5141;0.0000;-793.6000;0.0000;6.8165;0.0000;-793.6000;0.0000;6.8165;1.0000;0.0000;0.0000;0.0000;0.0000
1374;704.94;788.9000;29650.8500;9746.0000;8957.1000;31.0343;0.5082;0.0000;-788.9000;0.0000;6.8165;0.0000;-788.9000;0.0000;6.8165;1.0000;0.0000;0.0000;0.0000;0.0000
1375;705.22;787.2000;29214.9000;9832.4500;9045.2500;31.8184;0.4973;0.0000;-787.2000;0.0000;6.8165;0.0000;-787.2000;0.0000;6.8165;1.0000;0.0000;0.0000;0.0000;0.0000
1376;705.50;790.6000;28766.7500;9784.8000;8994.2000;32.1495;0.4928;0.0000;-790.6000;0.0000;6.8165;0.0000;-790.6000;0.0000;6.8165;1.0000;0.0000;0.0000;0.0000;0.0000
1377;705.78;786.7500;28572.8000;9615.2500;8828.5000;31.7731;0.4979;0.0000;-786.7500;0.0000;6.8165;0.0000;-786.7500;0.0000;6.8165;1.0000;0.0000;0.0000;0.0000;0.0000
1378;706.05;785.2000;28493.7500;9388.2500;8603.0500;31.0484;0.5080;0.0000;-785.2000;0.0000;6.8165;0.0000;-785.2000;0.0000;6.8165;1.0000;0.0000;0.0000;0.0000;0.0000
1379;706.33;790.2500;28618.1500;9283.7500;8493.5000;30.5215;0.5154;0.0000;-790.2500;0.0000;6.8165;0.0000;-790.2500;0.0000;6.8165;1.0000;0.0000;0.0000;0.0000;0.0000
1380;706.61;782.4000;28640.6000;9129.2500;8346.8500;29.9619;0.5234;0.0000;-782.4000;0.0000;6.8165;0.0000;-782.4000;0.0000;6.8165;1.0000;0.0000;0.0000;0.0000;0.0000
1381;706.89;773.5000;28271.2500;9030.7000;8257.2000;30.0286;0.5225;0.0000;-773.5000;0.0000;6.8165;0.0000;-773.5000;0.0000;6.8165;1.0000;0.0000;0.0000;0.0000;0.0000
1382;707.17;772.4500;28197.5000;8990.5000;8218.0500;29.9655;0.5234;0.0000;-772.4500;0.0000;6.8165;0.0000;-772.4500;0.0000;6.8165;1.0000;0.0000;0.0000;0.0000;0.0000
1383;707.45;788.2500;27661.2500;8806.2500;8018.0000;29.8366;0.5253;0.0000;-788.2500;0.0000;6.8165;0.0000;-788.2500;0.0000;6.8165;1.0000;0.0000;0.0000;0.0000;0.0000
1384;707.72;791.1000;27186.9500;8670.7500;7879.6500;29.8519;0.5250;0.0000;-791.1000;0.0000;6.8165;0.0000;-791.1000;0.0000;6.8165;1.0000;0.0000;0.0000;0.0000;0.0000
1385;708.00;776.7000;26922.7500;8517.2000;7740.5000;29.6049;0.5286;0.0000;-776.7000;0.0000;6.8165;0.0000;-776.7000;0.0000;6.8165;1.0000;0.0000;0.0000;0.0000;0.0000
1386;708.28;786.2500;26808.2500;8466.0000;7679.7500;29.5125;0.5300;0.0000;-786.2500;0.0000;6.8165;0.0000;-786.2500;0.0000;6.8165;1.0000;0.0000;0.0000;0.0000;0.0000
1387;708.56;782.7000;26681.2000;8365.9000;7583.2000;29.2805;0.5334;0.0000;-782.7000;0.0000;6.8165;0.0000;-782.7000;0.0000;6.8165;1.0000;0.0000;0.0000;0.0000;0.0000
1388;708.83;789.9000;26859.7500;8367.1000;7577.2000;29.0650;0.5366;0.0000;-789.9000;0.0000;6.8165;0.0000;-789.9000;0.0000;6.8165;1.0000;0.0000;0.0000;0.0000;0.0000
1389;709.11;780.3000;26532.1000;8183.1000;7402.8000;28.7467;0.5414;0.0000;-780.3000;0.0000;6.8165;0.0000;-780.3000;0.0000;6.8165;1.0000;0.0000;0.0000;0.0000;0.0000
1390;709.39;789.4000;26505.7000;8087.4000;7298.0000;28.3789;0.5470;0.0000;-789.4000;0.0000;6.8165;0.0000;-789.4000;0.0000;6.8165;1.0000;0.0000;0.0000;0.0000;0.0000
1391;709.67;779.4500;26616.8500;7978.8500;7199.4000;27.8643;0.5550;0.0000;-779.4500;0.0000;6.8165;0.0000;-779.4500;0.0000;6.8165;1.0000;0.0000;0.0000;0.0000;0.0000
1392;709.94;784.2500;26140.6500;7702.1000;6917.8500;27.2825;0.5641;0.0000;-784.2500;0.0000;6.8165;0.0000;-784.2500;0.0000;6.8165;1.0000;0.0000;0.0000;0.0000;0.0000
1393;710.22;781.5500;25727.7500;7614.0500;6832.5000;27.3889;0.5624;0.0000;-781.5500;0.0000;6.8165;0.0000;-781.5500;0.0000;6.8165;1.0000;0.0000;0.0000;0.0000;0.0000
1394;710.50;780.6000;25320.9000;7473.1000;6692.5000;27.2715;0.5643;0.0000;-780.6000;0.0000;6.8165;0.0000;-780.6000;0.0000;6.8165;1.0000;0.0000;0.0000;0.0000;0.0000
1395;710.77;795.8000;25144.4500;7379.2500;6583.4500;27.0383;0.5680;0.0000;-795.8000;0.0000;6.8165;0.0000;-795.8000;0.0000;6.8165;1.0000;0.0000;0.0000;0.0000;0.0000
1396;711.05;785.2000;25004.8500;7388.5500;6603.3500;27.2644;0.5644;0.0000;-785.2000;0.0000;6.8165;0.0000;-785.2000;0.0000;6.8165;1.0000;0.0000;0.0000;0.0000;0.0000
1397;711.33;792.6500;24759.5000;7302.4500;6509.8000;27.1617;0.5660;0.0000;-792.6500;0.0000;6.8165;0.0000;-792.6500;0.0000;6.8165;1.0000;0.0000;0.0000;0.0000;0.0000
1398;711.60;771.2500;24643.6500;7146.2500;6375.0000;26.7045;0.5734;0.0000;-771.2500;0.0000;6.8165;0.0000;-771.2500;0.0000;6.8165;1.0000;0.0000;0.0000;0.0000;0.0000
1399;711.88;774.1500;24998.8000;7071.7000;6297.5500;25.9965;0.5851;0.0000;-774.1500;0.0000;6.8165;0.0000;-774.1500;0.0000;6.8165;1.0000;0.0000;0.0000;0.0000;0.0000
1400;712.16;782.8000;25126.6500;7023.5500;6240.7500;25.6358;0.5912;0.0000;-782.8000;0.0000;6.8165;0.0000;-782.8000;0.0000;6.8165;1.0000;0.0000;0.0000;0.0000;0.0000
1401;712.43;787.1500;24885.1000;6917.6500;6130.5000;25.4399;0.5945;0.0000;-787.1500;0.0000;6.8165;0.0000;-787.1500;0.0000;6.8165;1.0000;0.0000;0.0000;0.0000;0.0000
1402;712.71;785.8500;24794.2000;6925.8000;6139.9500;25.5742;0.5922;0.0000;-785.8500;0.0000;6.8165;0.0000;-785.8500;0.0000;6.8165;1.0000;0.0000;0.0000;0.0000;0.0000
1403;712.99;782.7000;24423.1500;6837.0000;6054.3000;25.6099;0.5916;0.0000;-782.7000;0.0000;6.8165;0.0000;-782.7000;0.0000;6.8165;1.0000;0.0000;0.0000;0.0000;0.0000
1404;713.26;786.9000;24054.4500;6725.1000;5938.2000;25.5214;0.5931;0.0000;-786.9000;0.0000;6.8165;0.0000;-786.9000;0.0000;6.8165;1.0000;0.0000;0.0000;0.0000;0.0000
1405;713.54;799.8000;23933.6500;6654.9500;5855.1500;25.3099;0.5967;0.0000;-799.8000;0.0000;6.8165;0.0000;-799.8000;0.0000;6.8165;1.0000;0.0000;0.0000;0.0000;0.0000
1406;713.81;792.3500;24155.5500;6631.1000;5838.7500;24.9912;0.6022;0.0000;-792.3500;0.0000;6.8165;0.0000;-792.3500;0.0000;6.8165;1.0000;0.0000;0.0000;0.0000;0.0000
1407;714.09;782.8000;23886.7500;6436.9000;5654.1000;24.4724;0.6113;0.0000;-782.8000;0.0000;6.8165;0.0000;-782.8000;0.0000;6.8165;1.0000;0.0000;0.0000;0.0000;0.0000
1408;714.36;782.0000;23186.7000;6345.2000;5563.2000;24.8305;0.6050;0.0000;-782.0000;0.0000;6.8165;0.0000;-782.0000;0.0000;6.8165;1.0000;0.0000;0.0000;0.0000;0.0000
1409;714.64;789.6500;22727.9000;6335.4000;5545.7500;25.2789;0.5972;0.0000;-789.6500;0.0000;6.8165;0.0000;-789.6500;0.0000;6.8165;1.0000;0.0000;0.0000;0.0000;0.0000
1410;714.92;787.6000;22316.1000;6140.1500;5352.5500;24.8626;0.6045;0.0000;-787.6000;0.0000;6.8165;0.0000;-787.6000;0.0000;6.8165;1.0000;0.0000;0.0000;0.0000;0.0000
1411;715.19;784.4000;22300.2000;6025.4500;5241.0500;24.3591;0.6133;0.0000;-784.4000;0.0000;6.8165;0.0000;-784.4000;0.0000;6.8165;1.0000;0.0000;0.0000;0.0000;0.0000
1412;715.47;784.6500;21982.2500;5890.2500;5105.6000;24.0857;0.6182;0.0000;-784.6500;0.0000;6.8165;0.0000;-784.6500;0.0000;6.8165;1.0000;0.0000;0.0000;0.0000;0.0000
1413;715.74;785.2500;21654.0000;5865.1500;5079.9000;24.3421;0.6136;0.0000;-785.2500;0.0000;6.8165;0.0000;-785.2500;0.0000;6.8165;1.0000;0.0000;0.0000;0.0000;0.0000
1414;716.02;793.7000;21396.0000;5709.0500;4915.3500;23.8583;0.6224;0.0000;-793.7000;0.0000;6.8165;0.0000;-793.7000;0.0000;6.8165;1.0000;0.0000;0.0000;0.0000;0.0000
1415;716.29;780.4000;21111.7000;5683.6000;4903.2000;24.1165;0.6177;0.0000;-780.4000;0.0000;6.8165;0.0000;-780.4000;0.0000;6.8165;1.0000;0.0000;0.0000;0.0000;0.0000
1416;716.57;776.3000;20836.8500;5602.0500;4825.7500;24.0559;0.6188;0.0000;-776.3000;0.0000;6.8165;0.0000;-776.3000;0.0000;6.8165;1.0000;0.0000;0.0000;0.0000;0.0000
1417;716.84;776.0500;20587.4000;5539.6000;4763.5500;24.0446;0.6190;0.0000;-776.0500;0.0000;6.8165;0.0000;-776.0500;0.0000;6.8165;1.0000;0.0000;0.0000;0.0000;0.0000
1418;717.12;786.5000;20192.5500;5492.8500;4706.3500;24.2520;0.6153;0.0000;-786.5000;0.0000;6.8165;0.0000;-786.5000;0.0000;6.8165;1.0000;0.0000;0.0000;0.0000;0.0000
1419;717.39;781.2000;20001.1500;5414.2000;4633.0000;24.1052;0.6179;0.0000;-781.2000;0.0000;6.8165;0.0000;-781.2000;0.0000;6.8165;1.0000;0.0000;0.0000;0.0000;0.0000
1420;717.66;784.1500;19886.0000;5327.0000;4542.8500;23.7823;0.6237;0.0000;-784.1500;0.0000;6.8165;0.0000;-784.1500;0.0000;6.8165;1.0000;0.0000;0.0000;0.0000;0.0000
1421;717.94;770.0000;19646.5000;5259.3500;4489.3500;23.7827;0.6237;0.0000;-770.0000;0.0000;6.8165;0.0000;-770.0000;0.0000;6.8165;1.0000;0.0000;0.0000;0.0000;0.0000
1422;718.21;790.2000;19218.9000;5218.5500;4428.3500;24.0296;0.6193;0.0000;-790.2000;0.0000;6.8165;0.0000;-790.2000;0.0000;6.8165;1.0000;0.0000;0.0000;0.0000;0.0000
1423;718.49;789.0000;18676.5000;5142.7500;4353.7500;24.3396;0.6137;0.0000;-789.0000;0.0000;6.8165;0.0000;-789.0000;0.0000;6.8165;1.0000;0.0000;0.0000;0.0000;0.0000
1424;718.76;780.1500;18406.7000;5079.6000;4299.4500;24.3919;0.6128;0.0000;-780.1500;0.0000;6.8165;0.0000;-780.1500;0.0000;6.8165;1.0000;0.0000;0.0000;0.0000;0.0000
1425;719.03;770.8500;18142.5000;4980.7500;4209.9000;24.2343;0.6156;0.0000;-770.8500;0.0000;6.8165;0.0000;-770.8500;0.0000;6.8165;1.0000;0.0000;0.0000;0.0000;0.0000
1426;719.31;771.2000;17860.7000;4883.7500;4112.5500;24.0648;0.6186;0.0000;-771.2000;0.0000;6.8165;0.0000;-771.2000;0.0000;6.8165;1.0000;0.0000;0.0000;0.0000;0.0000
1427;719.58;782.4000;17865.2500;4776.6500;3994.2500;23.3816;0.6311;0.0000;-782.4000;0.0000;6.8165;0.0000;-782.4000;0.0000;6.8165;1.0000;0.0000;0.0000;0.0000;0.0000
1428;719.86;780.4000;17413.1500;4675.5000;3895.1000;23.4183;0.6304;0.0000;-780.4000;0.0000;6.8165;0.0000;-780.4000;0.0000;6.8165;1.0000;0.0000;0.0000;0.0000;0.0000
1429;720.13;791.0500;17349.7500;4633.0000;3841.9500;23.2020;0.6345;0.0000;-791.0500;0.0000;6.8165;0.0000;-791.0500;0.0000;6.8165;1.0000;0.0000;0.0000;0.0000;0.0000
1430;720.40;769.6000;17211.1500;4577.2000;3807.6000;23.1584;0.6353;0.0000;-769.6000;0.0000;6.8165;0.0000;-769.6000;0.0000;6.8165;1.0000;0.0000;0.0000;0.0000;0.0000
1431;720.68;793.8000;16996.6000;4509.3500;3715.5500;22.9315;0.6396;0.0000;-793.8000;0.0000;6.8165;0.0000;-793.8000;0.0000;6.8165;1.0000;0.0000;0.0000;0.0000;0.0000
1432;720.95;786.0500;16672.0000;4419.5500;3633.5000;22.8724;0.6407;0.0000;-786.0500;0.0000;6.8165;0.0000;-786.0500;0.0000;6.8165;1.0000;0.0000;0.0000;0.0000;0.0000
1433;721.22;785.3500;16462.0000;4385.4500;3600.1000;22.9647;0.6389;0.0000;-785.3500;0.0000;6.8165;0.0000;-785.3500;0.0000;6.8165;1.0000;0.0000;0.0000;0.0000;0.0000
1434;721.50;785.5000;15812.8000;4391.5500;3606.0500;23.9967;0.6198;0.0000;-785.5000;0.0000;6.8165;0.0000;-785.5000;0.0000;6.8165;1.0000;0.0000;0.0000;0.0000;0.0000
1435;721.77;781.2000;15524.5500;4365.8000;3584.6000;24.3133;0.6142;0.0000;-781.2000;0.0000;6.8165;0.0000;-781.2000;0.0000;6.8165;1.0000;0.0000;0.0000;0.0000;0.0000
1436;722.04;788.8000;15126.1000;4247.0000;3458.2000;24.1203;0.6176;0.0000;-788.8000;0.0000;6.8165;0.0000;-788.8000;0.0000;6.8165;1.0000;0.0000;0.0000;0.0000;0.0000
1437;722.31;794.0000;14741.6500;4133.9500;3339.9500;23.9463;0.6208;0.0000;-794.0000;0.0000;6.8165;0.0000;-794.0000;0.0000;6.8165;1.0000;0.0000;0.0000;0.0000;0.0000
1438;722.59;793.4000;14505.9500;4097.4000;3304.0000;24.0947;0.6181;0.0000;-793.4000;0.0000;6.8165;0.0000;-793.4000;0.0000;6.8165;1.0000;0.0000;0.0000;0.0000;0.0000
1439;722.86;797.7500;14350.8000;4077.1500;3279.4000;24.1968;0.6162;0.0000;-797.7500;0.0000;6.8165;0.0000;-797.7500;0.0000;6.8165;1.0000;0.0000;0.0000;0.0000;0.0000
1440;723.13;785.6000;14153.8500;4014.9500;3229.3500;24.1569;0.6170;0.0000;-785.6000;0.0000;6.8165;0.0000;-785.6000;0.0000;6.8165;1.0000;0.0000;0.0000;0.0000;0.0000
1441;723.40;795.9000;14227.2000;3985.1500;3189.2500;23.7449;0.6244;0.0000;-795.9000;0.0000;6.8165;0.0000;-795.9000;0.0000;6.8165;1.0000;0.0000;0.0000;0.0000;0.0000
1442;723.68;786.4500;14100.5500;3969.5500;3183.1000;23.9077;0.6215;0.0000;-786.4500;0.0000;6.8165;0.0000;-786.4500;0.0000;6.8165;1.0000;0.0000;0.0000;0.0000;0.0000
1443;723.95;799.5000;13682.7000;3970.6500;3171.1500;24.6146;0.6088;0.0000;-799.5000;0.0000;6.8165;0.0000;-799.5000;0.0000;6.8165;1.0000;0.0000;0.0000;0.0000;0.0000
1444;724.22;773.2500;13374.4500;3940.3500;3167.1000;25.1333;0.5998;0.0000;-773.2500;0.0000;6.8165;0.0000;-773.2500;0.0000;6.8165;1.0000;0.0000;0.0000;0.0000;0.0000
1445;724.49;776.1000;13356.1500;3957.0000;3180.9000;25.2853;0.5971;0.0000;-776.1000;0.0000;6.8165;0.0000;-776.1000;0.0000;6.8165;1.0000;0.0000;0.0000;0.0000;0.0000
1446;724.76;781.9000;13117.6000;3887.9000;3106.0000;25.1790;0.5990;0.0000;-781.9000;0.0000;6.8165;0.0000;-781.9000;0.0000;6.8165;1.0000;0.0000;0.0000;0.0000;0.0000
1447;725.04;795.5500;12911.4500;3901.7000;3106.1500;25.6370;0.5911;0.0000;-795.5500;0.0000;6.8165;0.0000;-795.5500;0.0000;6.8165;1.0000;0.0000;0.0000;0.0000;0.0000
1448;725.31;776.5000;12631.4000;3907.2000;3130.7000;26.4085;0.5783;0.0000;-776.5000;0.0000;6.8165;0.0000;-776.5000;0.0000;6.8165;1.0000;0.0000;0.0000;0.0000;0.0000
1449;725.58;784.4500;12455.3000;3883.4000;3098.9500;26.5529;0.5759;0.0000;-784.4500;0.0000;6.8165;0.0000;-784.4500;0.0000;6.8165;1.0000;0.0000;0.0000;0.0000;0.0000
1450;725.85;778.5000;12313.3000;3855.9500;3077.4500;26.6797;0.5738;0.0000;-778.5000;0.0000;6.8165;0.0000;-778.5000;0.0000;6.8165;1.0000;0.0000;0.0000;0.0000;0.0000
1451;726.12;780.0500;12109.8000;3846.8000;3066.7500;27.0681;0.5675;0.0000;-780.0500;0.0000;6.8165;0.0000;-780.0500;0.0000;6.8165;1.0000;0.0000;0.0000;0.0000;0.0000
1452;726.39;774.4000;11945.1500;3844.4500;3070.0500;27.4829;0.5609;0.0000;-774.4000;0.0000;6.8165;0.0000;-774.4000;0.0000;6.8165;1.0000;0.0000;0.0000;0.0000;0.0000
1453;726.66;783.1500;11726.9500;3850.8500;3067.7000;28.0314;0.5524;0.0000;-783.1500;0.0000;6.8165;0.0000;-783.1500;0.0000;6.8165;1.0000;0.0000;0.0000;0.0000;0.0000
1454;726.93;784.7000;11657.5500;3811.3500;3026.6500;27.8368;0.5554;0.0000;-784.7000;0.0000;6.8165;0.0000;-784.7000;0.0000;6.8165;1.0000;0.0000;0.0000;0.0000;0.0000
1455;727.21;798.6000;11754.1000;3875.8000;3077.2000;28.0882;0.5515;0.0000;-798.6000;0.0000;6.8165;0.0000;-798.6000;0.0000;6.8165;1.0000;0.0000;0.0000;0.0000;0.0000
1456;727.48;783.9000;11635.9500;3880.3000;3096.4000;28.5329;0.5447;0.0000;-783.9000;0.0000;6.8165;0.0000;-783.9000;0.0000;6.8165;1.0000;0.0000;0.0000;0.0000;0.0000
1457;727.75;773.6500;11585.8500;3922.1000;3148.4500;29.1194;0.5358;0.0000;-773.6500;0.0000;6.8165;0.0000;-773.6500;0.0000;6.8165;1.0000;0.0000;0.0000;0.0000;0.0000
1458;728.02;775.4000;11221.2500;3909.0500;3133.6500;29.9990;0.5229;0.0000;-775.4000;0.0000;6.8165;0.0000;-775.4000;0.0000;6.8165;1.0000;0.0000;0.0000;0.0000;0.0000
1459;728.29;782.7500;11250.9500;3996.0500;3213.3000;30.6958;0.5129;0.0000;-782.7500;0.0000;6.8165;0.0000;-782.7500;0.0000;6.8165;1.0000;0.0000;0.0000;0.0000;0.0000
1460;728.56;781.5000;10984.1000;4000.8000;3219.3000;31.5537;0.5009;0.0000;-781.5000;0.0000;6.8165;0.0000;-781.5000;0.0000;6.8165;1.0000;0.0000;0.0000;0.0000;0.0000
1461;728.83;782.4500;10919.0000;4039.1500;3256.7000;32.1283;0.4931;0.0000;-782.4500;0.0000;6.8165;0.0000;-782.4500;0.0000;6.8165;1.0000;0.0000;0.0000;0.0000;0.0000
1462;729.10;788.4000;10834.8000;4062.1000;3273.7000;32.5858;0.4870;0.0000;-788.4000;0.0000;6.8165;0.0000;-788.4000;0.0000;6.8165;1.0000;0.0000;0.0000;0.0000;0.0000
1463;729.37;787.7000;10895.5500;4096.2500;3308.5500;32.7325;0.4850;0.0000;-787.7000;0.0000;6.8165;0.0000;-787.7000;0.0000;6.8165;1.0000;0.0000;0.0000;0.0000;0.0000
1464;729.64;783.2500;10890.1000;4059.4500;3276.2000;32.4156;0.4892;0.0000;-783.2500;0.0000;6.8165;0.0000;-783.2500;0.0000;6.8165;1.0000;0.0000;0.0000;0.0000;0.0000
1465;729.91;777.8500;10854.6500;4118.8000;3340.9500;33.1549;0.4795;0.0000;-777.8500;0.0000;6.8165;0.0000;-777.8500;0.0000;6.8165;1.0000;0.0000;0.0000;0.0000;0.0000
1466;730.18;813.0500;10819.1500;4191.4500;3378.4000;33.7634;0.4716;0.0000;-813.0500;0.0000;6.8165;0.0000;-813.0500;0.0000;6.8165;1.0000;0.0000;0.0000;0.0000;0.0000
1467;730.45;793.6500;10552.2500;4173.8500;3380.2000;34.6382;0.4604;0.0000;-793.6500;0.0000;6.8165;0.0000;-793.6500;0.0000;6.8165;1.0000;0.0000;0.0000;0.0000;0.0000
1468;730.72;800.5000;10461.5000;4263.9500;3463.4500;35.8498;0.4455;0.0000;-800.5000;0.0000;6.8165;0.0000;-800.5000;0.0000;6.8165;1.0000;0.0000;0.0000;0.0000;0.0000
1469;730.99;790.1000;10368.9500;4276.4000;3486.3000;36.3958;0.4389;0.0000;-790.1000;0.0000;6.8165;0.0000;-790.1000;0.0000;6.8165;1.0000;0.0000;0.0000;0.0000;0.0000
1470;731.26;790.8500;10248.5500;4363.5000;3572.6500;37.7750;0.4228;0.0000;-790.8500;0.0000;6.8165;0.0000;-790.8500;0.0000;6.8165;1.0000;0.0000;0.0000;0.0000;0.0000
1471;731.53;773.5000;10205.1500;4442.2500;3668.7500;38.8983;0.4101;0.0000;-773.5000;0.0000;6.8165;0.0000;-773.5000;0.0000;6.8165;1.0000;0.0000;0.0000;0.0000;0.0000
1472;731.80;786.1000;10310.4500;4439.1000;3653.0000;38.3543;0.4162;0.0000;-786.1000;0.0000;6.8165;0.0000;-786.1000;0.0000;6.8165;1.0000;0.0000;0.0000;0.0000;0.0000
1473;732.06;792.2500;10180.1000;4477.5500;3685.3000;39.2561;0.4061;0.0000;-792.2500;0.0000;6.8165;0.0000;-792.2500;0.0000;6.8165;1.0000;0.0000;0.0000;0.0000;0.0000
1474;732.33;779.3000;10331.2000;4586.4500;3807.1500;39.8575;0.3995;0.0000;-779.3000;0.0000;6.8165;0.0000;-779.3000;0.0000;6.8165;1.0000;0.0000;0.0000;0.0000;0.0000
1475;732.60;770.8000;10155.2000;4598.7000;3827.9000;40.7900;0.3894;0.0000;-770.8000;0.0000;6.8165;0.0000;-770.8000;0.0000;6.8165;1.0000;0.0000;0.0000;0.0000;0.0000
1476;732.87;785.8500;10132.7500;4620.3000;3834.4500;41.0238;0.3870;0.0000;-785.8500;0.0000;6.8165;0.0000;-785.8500;0.0000;6.8165;1.0000;0.0000;0.0000;0.0000;0.0000
1477;733.14;774.2500;10116.3000;4704.0500;3929.8000;42.0657;0.3761;0.0000;-774.2500;0.0000;6.8165;0.0000;-774.2500;0.0000;6.8165;1.0000;0.0000;0.0000;0.0000;0.0000
1478;733.41;779.3500;10099.0000;4737.6000;3958.2500;42.4721;0.3719;0.0000;-779.3500;0.0000;6.8165;0.0000;-779.3500;0.0000;6.8165;1.0000;0.0000;0.0000;0.0000;0.0000
1479;733.68;779.8000;10074.6500;4707.5000;3927.7000;42.2567;0.3741;0.0000;-779.8000;0.0000;6.8165;0.0000;-779.8000;0.0000;6.8165;1.0000;0.0000;0.0000;0.0000;0.0000
1480;733.95;798.1500;10084.2000;4732.4000;3934.2500;42.3673;0.3730;0.0000;-798.1500;0.0000;6.8165;0.0000;-798.1500;0.0000;6.8165;1.0000;0.0000;0.0000;0.0000;0.0000
1481;734.21;795.2500;9922.8000;4687.8000;3892.5500;42.6462;0.3701;0.0000;-795.2500;0.0000;6.8165;0.0000;-795.2500;0.0000;6.8165;1.0000;0.0000;0.0000;0.0000;0.0000
1482;734.48;800.5000;9760.0500;4644.6000;3844.1000;42.9051;0.3675;0.0000;-800.5000;0.0000;6.8165;0.0000;-800.5000;0.0000;6.8165;1.0000;0.0000;0.0000;0.0000;0.0000
1483;734.75;788.7500;9616.4000;4618.3500;3829.6000;43.3819;0.3627;0.0000;-788.7500;0.0000;6.8165;0.0000;-788.7500;0.0000;6.8165;1.0000;0.0000;0.0000;0.0000;0.0000
1484;735.02;780.6000;9452.2500;4606.1500;3825.5500;44.1156;0.3554;0.0000;-780.6000;0.0000;6.8165;0.0000;-780.6000;0.0000;6.8165;1.0000;0.0000;0.0000;0.0000;0.0000
1485;735.29;776.6000;9282.1500;4488.2000;3711.6000;43.6374;0.3601;0.0000;-776.6000;0.0000;6.8165;0.0000;-776.6000;0.0000;6.8165;1.0000;0.0000;0.0000;0.0000;0.0000
1486;735.55;785.2000;9185.8000;4350.3500;3565.1500;42.4392;0.3722;0.0000;-785.2000;0.0000;6.8165;0.0000;-785.2000;0.0000;6.8165;1.0000;0.0000;0.0000;0.0000;0.0000
1487;735.82;780.2500;9110.4000;4347.7000;3567.4500;42.8258;0.3683;0.0000;-780.2500;0.0000;6.8165;0.0000;-780.2500;0.0000;6.8165;1.0000;0.0000;0.0000;0.0000;0.0000
1488;736.09;779.4000;8870.7500;4215.5000;3436.1000;42.4663;0.3720;0.0000;-779.4000;0.0000;6.8165;0.0000;-779.4000;0.0000;6.8165;1.0000;0.0000;0.0000;0.0000;0.0000
1489;736.36;783.4000;8683.1000;4157.0500;3373.6500;42.7061;0.3695;0.0000;-783.4000;0.0000;6.8165;0.0000;-783.4000;0.0000;6.8165;1.0000;0.0000;0.0000;0.0000;0.0000
1490;736.62;789.3500;8511.2000;4030.4500;3241.1000;41.9731;0.3770;0.0000;-789.3500;0.0000;6.8165;0.0000;-789.3500;0.0000;6.8165;1.0000;0.0000;0.0000;0.0000;0.0000
1491;736.89;788.2000;8409.2500;3996.5000;3208.3000;42.0979;0.3757;0.0000;-788.2000;0.0000;6.8165;0.0000;-788.2000;0.0000;6.8165;1.0000;0.0000;0.0000;0.0000;0.0000
1492;737.16;790.3500;8278.3500;3920.4500;3130.1000;41.8015;0.3788;0.0000;-790.3500;0.0000;6.8165;0.0000;-790.3500;0.0000;6.8165;1.0000;0.0000;0.0000;0.0000;0.0000
1493;737.43;775.0000;8226.6500;3794.3000;3019.3000;40.5185;0.3923;0.0000;-775.0000;0.0000;6.8165;0.0000;-775.0000;0.0000;6.8165;1.0000;0.0000;0.0000;0.0000;0.0000
1494;737.69;778.9000;8190.4000;3749.1000;2970.2000;40.0756;0.3971;0.0000;-778.9000;0.0000;6.8165;0.0000;-778.9000;0.0000;6.8165;1.0000;0.0000;0.0000;0.0000;0.0000
1495;737.96;798.7500;8093.5000;3659.4500;2860.7000;39.2159;0.4065;0.0000;-798.7500;0.0000;6.8165;0.0000;-798.7500;0.0000;6.8165;1.0000;0.0000;0.0000;0.0000;0.0000
1496;738.23;775.0000;8054.5000;3618.7500;2843.7500;39.0652;0.4082;0.0000;-775.0000;0.0000;6.8165;0.0000;-775.0000;0.0000;6.8165;1.0000;0.0000;0.0000;0.0000;0.0000
1497;738.49;794.7500;7798.1000;3558.9500;2764.2000;39.4697;0.4037;0.0000;-794.7500;0.0000;6.8165;0.0000;-794.7500;0.0000;6.8165;1.0000;0.0000;0.0000;0.0000;0.0000
1498;738.76;785.6000;7664.3000;3485.4500;2699.8500;39.2494;0.4062;0.0000;-785.6000;0.0000;6.8165;0.0000;-785.6000;0.0000;6.8165;1.0000;0.0000;0.0000;0.0000;0.0000
1499;739.03;779.3000;7606.8000;3451.3500;2672.0500;39.1366;0.4074;0.0000;-779.3000;0.0000;6.8165;0.0000;-779.3000;0.0000;6.8165;1.0000;0.0000;0.0000;0.0000;0.0000
1500;739.29;780.8500;7472.2000;3379.9000;2599.0500;38.8419;0.4107;0.0000;-780.8500;0.0000;6.8165;0.0000;-780.8500;0.0000;6.8165;1.0000;0.0000;0.0000;0.0000;0.0000
1501;739.56;774.4500;7427.3500;3356.1500;2581.7000;38.8056;0.4111;0.0000;-774.4500;0.0000;6.8165;0.0000;-774.4500;0.0000;6.8165;1.0000;0.0000;0.0000;0.0000;0.0000
1502;739.83;776.3000;7339.1500;3278.1500;2501.8500;38.1214;0.4188;0.0000;-776.3000;0.0000;6.8165;0.0000;-776.3000;0.0000;6.8165;1.0000;0.0000;0.0000;0.0000;0.0000
1503;740.09;792.3000;7168.2000;3194.5500;2402.2500;37.6770;0.4239;0.0000;-792.3000;0.0000;6.8165;0.0000;-792.3000;0.0000;6.8165;1.0000;0.0000;0.0000;0.0000;0.0000
1504;740.36;791.4000;7169.5000;3152.9500;2361.5500;37.0259;0.4315;0.0000;-791.4000;0.0000;6.8165;0.0000;-791.4000;0.0000;6.8165;1.0000;0.0000;0.0000;0.0000;0.0000
1505;740.62;766.7500;6937.6500;3079.6500;2312.9000;37.4808;0.4262;0.0000;-766.7500;0.0000;6.8165;0.0000;-766.7500;0.0000;6.8165;1.0000;0.0000;0.0000;0.0000;0.0000
1506;740.89;775.2000;6807.8500;3001.8500;2226.6500;36.9100;0.4329;0.0000;-775.2000;0.0000;6.8165;0.0000;-775.2000;0.0000;6.8165;1.0000;0.0000;0.0000;0.0000;0.0000
1507;741.16;787.9500;6693.0000;2969.7000;2181.7500;36.9472;0.4324;0.0000;-787.9500;0.0000;6.8165;0.0000;-787.9500;0.0000;6.8165;1.0000;0.0000;0.0000;0.0000;0.0000
1508;741.42;782.3000;6513.4500;2875.5000;2093.2000;36.5232;0.4374;0.0000;-782.3000;0.0000;6.8165;0.0000;-782.3000;0.0000;6.8165;1.0000;0.0000;0.0000;0.0000;0.0000
1509;741.69;787.7000;6378.6500;2797.8500;2010.1500;35.9536;0.4443;0.0000;-787.7000;0.0000;6.8165;0.0000;-787.7000;0.0000;6.8165;1.0000;0.0000;0.0000;0.0000;0.0000
1510;741.95;785.8500;6329.9000;2774.5000;1988.6500;35.8700;0.4453;0.0000;-785.8500;0.0000;6.8165;0.0000;-785.8500;0.0000;6.8165;1.0000;0.0000;0.0000;0.0000;0.0000
1511;742.22;774.1500;6195.0500;2737.4500;1963.3000;36.2172;0.4411;0.0000;-774.1500;0.0000;6.8165;0.0000;-774.1500;0.0000;6.8165;1.0000;0.0000;0.0000;0.0000;0.0000
1512;742.48;773.3500;6005.8000;2673.1000;1899.7500;36.3071;0.4400;0.0000;-773.3500;0.0000;6.8165;0.0000;-773.3500;0.0000;6.8165;1.0000;0.0000;0.0000;0.0000;0.0000
1513;742.75;780.8500;5925.6500;2618.7500;1837.9000;35.7234;0.4470;0.0000;-780.8500;0.0000;6.8165;0.0000;-780.8500;0.0000;6.8165;1.0000;0.0000;0.0000;0.0000;0.0000
1514;743.01;778.0500;5827.7500;2538.5500;1760.5000;34.8635;0.4576;0.0000;-778.0500;0.0000;6.8165;0.0000;-778.0500;0.0000;6.8165;1.0000;0.0000;0.0000;0.0000;0.0000
1515;743.28;779.3000;5762.5500;2499.0000;1719.7000;34.5096;0.4621;0.0000;-779.3000;0.0000;6.8165;0.0000;-779.3000;0.0000;6.8165;1.0000;0.0000;0.0000;0.0000;0.0000
1516;743.54;780.1500;5615.7000;2422.9000;1642.7500;33.9724;0.4689;0.0000;-780.1500;0.0000;6.8165;0.0000;-780.1500;0.0000;6.8165;1.0000;0.0000;0.0000;0.0000;0.0000
1517;743.81;790.6500;5481.4000;2378.7000;1588.0500;33.8549;0.4704;0.0000;-790.6500;0.0000;6.8165;0.0000;-790.6500;0.0000;6.8165;1.0000;0.0000;0.0000;0.0000;0.0000
1518;744.07;787.9000;5319.9000;2309.0500;1521.1500;33.5647;0.4741;0.0000;-787.9000;0.0000;6.8165;0.0000;-787.9000;0.0000;6.8165;1.0000;0.0000;0.0000;0.0000;0.0000
1519;744.34;772.4500;5192.0500;2257.9000;1485.4500;33.6105;0.4735;0.0000;-772.4500;0.0000;6.8165;0.0000;-772.4500;0.0000;6.8165;1.0000;0.0000;0.0000;0.0000;0.0000
1520;744.60;799.1000;5016.4500;2205.7000;1406.6000;33.3527;0.4769;0.0000;-799.1000;0.0000;6.8165;0.0000;-799.1000;0.0000;6.8165;1.0000;0.0000;0.0000;0.0000;0.0000
1521;744.87;776.7500;4904.3500;2170.7000;1393.9500;33.7714;0.4715;0.0000;-776.7500;0.0000;6.8165;0.0000;-776.7500;0.0000;6.8165;1.0000;0.0000;0.0000;0.0000;0.0000
1522;745.13;786.0000;4802.4000;2156.5000;1370.5000;34.1226;0.4670;0.0000;-786.0000;0.0000;6.8165;0.0000;-786.0000;0.0000;6.8165;1.0000;0.0000;0.0000;0.0000;0.0000
1523;745.39;802.2500;4666.9500;2105.7000;1303.4500;33.7271;0.4720;0.0000;-802.2500;0.0000;6.8165;0.0000;-802.2500;0.0000;6.8165;1.0000;0.0000;0.0000;0.0000;0.0000
1524;745.66;783.0000;4550.2500;2055.6000;1272.6000;33.7806;0.4713;0.0000;-783.0000;0.0000;6.8165;0.0000;-783.0000;0.0000;6.8165;1.0000;0.0000;0.0000;0.0000;0.0000
1525;745.92;781.7000;4421.3000;2016.6500;1234.9500;33.9309;0.4694;0.0000;-781.7000;0.0000;6.8165;0.0000;-781.7000;0.0000;6.8165;1.0000;0.0000;0.0000;0.0000;0.0000
1526;746.19;787.5500;4295.3000;1984.4500;1196.9000;34.1216;0.4670;0.0000;-787.5500;0.0000;6.8165;0.0000;-787.5500;0.0000;6.8165;1.0000;0.0000;0.0000;0.0000;0.0000
1527;746.45;792.9500;4205.7000;1936.6500;1143.7000;33.5126;0.4748;0.0000;-792.9500;0.0000;6.8165;0.0000;-792.9500;0.0000;6.8165;1.0000;0.0000;0.0000;0.0000;0.0000
1528;746.71;800.4000;4150.2000;1915.9000;1115.5000;33.3005;0.4775;0.0000;-800.4000;0.0000;6.8165;0.0000;-800.4000;0.0000;6.8165;1.0000;0.0000;0.0000;0.0000;0.0000
1529;746.98;789.1500;4065.6000;1884.6500;1095.5000;33.4356;0.4758;0.0000;-789.1500;0.0000;6.8165;0.0000;-789.1500;0.0000;6.8165;1.0000;0.0000;0.0000;0.0000;0.0000
1530;747.24;786.3000;3943.3000;1861.5000;1075.2000;34.0576;0.4678;0.0000;-786.3000;0.0000;6.8165;0.0000;-786.3000;0.0000;6.8165;1.0000;0.0000;0.0000;0.0000;0.0000
1531;747.50;780.5000;3878.6000;1848.6500;1068.1500;34.4776;0.4625;0.0000;-780.5000;0.0000;6.8165;0.0000;-780.5000;0.0000;6.8165;1.0000;0.0000;0.0000;0.0000;0.0000
1532;747.77;775.5500;3708.4500;1798.0500;1022.5000;34.8631;0.4576;0.0000;-775.5500;0.0000;6.8165;0.0000;-775.5500;0.0000;6.8165;1.0000;0.0000;0.0000;0.0000;0.0000
1533;748.03;786.0500;3654.1000;1774.4500;988.4000;34.4624;0.4627;0.0000;-786.0500;0.0000;6.8165;0.0000;-786.0500;0.0000;6.8165;1.0000;0.0000;0.0000;0.0000;0.0000
1534;748.29;786.0500;3580.5500;1757.3000;971.2500;34.7558;0.4590;0.0000;-786.0500;0.0000;6.8165;0.0000;-786.0500;0.0000;6.8165;1.0000;0.0000;0.0000;0.0000;0.0000
1535;748.56;781.5000;3546.3500;1710.9500;929.4500;33.6167;0.4734;0.0000;-781.5000;0.0000;6.8165;0.0000;-781.5000;0.0000;6.8165;1.0000;0.0000;0.0000;0.0000;0.0000
1536;748.82;793.8000;3479.8500;1687.9500;894.1500;33.2887;0.4777;0.0000;-793.8000;0.0000;6.8165;0.0000;-793.8000;0.0000;6.8165;1.0000;0.0000;0.0000;0.0000;0.0000
1537;749.08;776.1000;3421.2500;1661.2000;885.1000;33.4612;0.4755;0.0000;-776.1000;0.0000;6.8165;0.0000;-776.1000;0.0000;6.8165;1.0000;0.0000;0.0000;0.0000;0.0000
1538;749.34;784.9000;3339.5000;1659.8000;874.9000;34.2480;0.4654;0.0000;-784.9000;0.0000;6.8165;0.0000;-784.9000;0.0000;6.8165;1.0000;0.0000;0.0000;0.0000;0.0000
1539;749.61;782.0500;3281.4500;1640.0500;858.0000;34.3282;0.4643;0.0000;-782.0500;0.0000;6.8165;0.0000;-782.0500;0.0000;6.8165;1.0000;0.0000;0.0000;0.0000;0.0000
1540;749.87;788.1500;3231.7500;1623.7000;835.5500;34.1934;0.4661;0.0000;-788.1500;0.0000;6.8165;0.0000;-788.1500;0.0000;6.8165;1.0000;0.0000;0.0000;0.0000;0.0000
1541;750.13;777.3500;3204.1000;1598.4500;821.1000;33.8354;0.4706;0.0000;-777.3500;0.0000;6.8165;0.0000;-777.3500;0.0000;6.8165;1.0000;0.0000;0.0000;0.0000;0.0000
1542;750.39;784.6500;3128.5500;1607.0500;822.4000;35.0868;0.4549;0.0000;-784.6500;0.0000;6.8165;0.0000;-784.6500;0.0000;6.8165;1.0000;0.0000;0.0000;0.0000;0.0000
1543;750.65;778.1000;3108.0000;1578.6500;800.5500;34.3598;0.4639;0.0000;-778.1000;0.0000;6.8165;0.0000;-778.1000;0.0000;6.8165;1.0000;0.0000;0.0000;0.0000;0.0000
1544;750.92;785.2500;3066.7500;1572.4000;787.1500;34.5014;0.4622;0.0000;-785.2500;0.0000;6.8165;0.0000;-785.2500;0.0000;6.8165;1.0000;0.0000;0.0000;0.0000;0.0000
1545;751.18;784.7000;2990.2000;1539.3500;754.6500;34.2167;0.4658;0.0000;-784.7000;0.0000;6.8165;0.0000;-784.7000;0.0000;6.8165;1.0000;0.0000;0.0000;0.0000;0.0000
1546;751.44;793.5000;2938.3000;1533.4000;739.9000;34.4974;0.4622;0.0000;-793.5000;0.0000;6.8165;0.0000;-793.5000;0.0000;6.8165;1.0000;0.0000;0.0000;0.0000;0.0000
1547;751.70;789.0000;2888.9500;1523.8500;734.8500;34.9937;0.4560;0.0000;-789.0000;0.0000;6.8165;0.0000;-789.0000;0.0000;6.8165;1.0000;0.0000;0.0000;0.0000;0.0000
1548;751.96;794.4000;2816.8500;1513.9500;719.5500;35.5781;0.4488;0.0000;-794.4000;0.0000;6.8165;0.0000;-794.4000;0.0000;6.8165;1.0000;0.0000;0.0000;0.0000;0.0000
1549;752.23;784.9500;2789.3500;1488.0500;703.1000;35.0778;0.4550;0.0000;-784.9500;0.0000;6.8165;0.0000;-784.9500;0.0000;6.8165;1.0000;0.0000;0.0000;0.0000;0.0000
1550;752.49;788.8000;2780.6000;1493.3500;704.5500;35.3725;0.4513;0.0000;-788.8000;0.0000;6.8165;0.0000;-788.8000;0.0000;6.8165;1.0000;0.0000;0.0000;0.0000;0.0000
1551;752.75;786.5000;2763.1000;1468.7000;682.2000;34.5138;0.4620;0.0000;-786.5000;0.0000;6.8165;0.0000;-786.5000;0.0000;6.8165;1.0000;0.0000;0.0000;0.0000;0.0000
1552;753.01;797.6000;2726.9000;1458.2000;660.6000;34.2404;0.4655;0.0000;-797.6000;0.0000;6.8165;0.0000;-797.6000;0.0000;6.8165;1.0000;0.0000;0.0000;0.0000;0.0000
1553;753.27;789.2500;2692.6500;1447.2000;657.9500;34.5671;0.4613;0.0000;-789.2500;0.0000;6.8165;0.0000;-789.2500;0.0000;6.8165;1.0000;0.0000;0.0000;0.0000;0.0000
1554;753.53;787.7500;2696.4000;1429.7500;642.0000;33.6363;0.4732;0.0000;-787.7500;0.0000;6.8165;0.0000;-787.7500;0.0000;6.8165;1.0000;0.0000;0.0000;0.0000;0.0000
1555;753.79;792.5000;2643.8000;1433.3000;640.8000;34.6135;0.4608;0.0000;-792.5000;0.0000;6.8165;0.0000;-792.5000;0.0000;6.8165;1.0000;0.0000;0.0000;0.0000;0.0000
1556;754.05;791.1000;2574.6500;1405.6500;614.5500;34.4566;0.4627;0.0000;-791.1000;0.0000;6.8165;0.0000;-791.1000;0.0000;6.8165;1.0000;0.0000;0.0000;0.0000;0.0000
1557;754.31;792.3500;2547.8500;1409.5500;617.2000;35.1581;0.4540;0.0000;-792.3500;0.0000;6.8165;0.0000;-792.3500;0.0000;6.8165;1.0000;0.0000;0.0000;0.0000;0.0000
1558;754.57;787.3000;2518.9500;1380.0500;592.7500;34.2304;0.4656;0.0000;-787.3000;0.0000;6.8165;0.0000;-787.3000;0.0000;6.8165;1.0000;0.0000;0.0000;0.0000;0.0000
1559;754.84;784.6000;2484.6500;1386.0500;601.4500;35.3784;0.4513;0.0000;-784.6000;0.0000;6.8165;0.0000;-784.6000;0.0000;6.8165;1.0000;0.0000;0.0000;0.0000;0.0000
1560;755.10;800.5000;2420.7000;1387.9000;587.4000;36.2548;0.4406;0.0000;-800.5000;0.0000;6.8165;0.0000;-800.5000;0.0000;6.8165;1.0000;0.0000;0.0000;0.0000;0.0000
1561;755.36;778.1000;2430.1500;1376.3500;598.2500;36.2126;0.4411;0.0000;-778.1000;0.0000;6.8165;0.0000;-778.1000;0.0000;6.8165;1.0000;0.0000;0.0000;0.0000;0.0000
1562;755.62;793.0500;2365.8000;1362.4000;569.3500;36.2009;0.4413;0.0000;-793.0500;0.0000;6.8165;0.0000;-793.0500;0.0000;6.8165;1.0000;0.0000;0.0000;0.0000;0.0000
1563;755.88;781.9500;2371.6000;1362.8000;580.8500;36.5395;0.4372;0.0000;-781.9500;0.0000;6.8165;0.0000;-781.9500;0.0000;6.8165;1.0000;0.0000;0.0000;0.0000;0.0000
1564;756.14;779.7000;2363.9500;1362.1000;582.4000;36.7619;0.4346;0.0000;-779.7000;0.0000;6.8165;0.0000;-779.7000;0.0000;6.8165;1.0000;0.0000;0.0000;0.0000;0.0000
1565;756.40;788.1500;2323.2500;1355.1000;566.9500;36.9324;0.4326;0.0000;-788.1500;0.0000;6.8165;0.0000;-788.1500;0.0000;6.8165;1.0000;0.0000;0.0000;0.0000;0.0000
1566;756.66;786.3000;2341.7000;1340.6500;554.3500;35.6403;0.4481;0.0000;-786.3000;0.0000;6.8165;0.0000;-786.3000;0.0000;6.8165;1.0000;0.0000;0.0000;0.0000;0.0000
1567;756.92;776.8500;2304.6500;1333.3500;556.5000;36.4249;0.4386;0.0000;-776.8500;0.0000;6.8165;0.0000;-776.8500;0.0000;6.8165;1.0000;0.0000;0.0000;0.0000;0.0000
1568;757.18;782.8500;2268.1000;1324.9500;542.1000;36.4989;0.4377;0.0000;-782.8500;0.0000;6.8165;0.0000;-782.8500;0.0000;6.8165;1.0000;0.0000;0.0000;0.0000;0.0000
1569;757.43;793.4000;2258.3000;1335.5500;542.1500;37.0094;0.4317;0.0000;-793.4000;0.0000;6.8165;0.0000;-793.4000;0.0000;6.8165;1.0000;0.0000;0.0000;0.0000;0.0000
1570;757.69;790.1500;2230.5000;1311.3000;521.1500;36.1822;0.4415;0.0000;-790.1500;0.0000;6.8165;0.0000;-790.1500;0.0000;6.8165;1.0000;0.0000;0.0000;0.0000;0.0000
1571;757.95;779.0000;2222.2000;1338.7500;559.7500;38.7853;0.4113;0.0000;-779.0000;0.0000;6.8165;0.0000;-779.0000;0.0000;6.8165;1.0000;0.0000;0.0000;0.0000;0.0000
1572;758.21;781.2000;2224.0000;1331.4500;550.2500;38.1376;0.4186;0.0000;-781.2000;0.0000;6.8165;0.0000;-781.2000;0.0000;6.8165;1.0000;0.0000;0.0000;0.0000;0.0000
1573;758.47;795.9500;2208.0000;1323.0000;527.0500;37.3252;0.4280;0.0000;-795.9500;0.0000;6.8165;0.0000;-795.9500;0.0000;6.8165;1.0000;0.0000;0.0000;0.0000;0.0000
1574;758.73;794.8500;2211.0500;1327.7500;532.9000;37.6289;0.4245;0.0000;-794.8500;0.0000;6.8165;0.0000;-794.8500;0.0000;6.8165;1.0000;0.0000;0.0000;0.0000;0.0000
1575;758.99;788.2000;2194.6000;1322.2000;534.0000;37.9693;0.4206;0.0000;-788.2000;0.0000;6.8165;0.0000;-788.2000;0.0000;6.8165;1.0000;0.0000;0.0000;0.0000;0.0000
1576;759.25;801.0000;2213.9000;1314.2500;513.2500;36.3260;0.4398;0.0000;-801.0000;0.0000;6.8165;0.0000;-801.0000;0.0000;6.8165;1.0000;0.0000;0.0000;0.0000;0.0000
1577;759.51;793.2000;2182.3000;1318.3000;525.1000;37.8015;0.4225;0.0000;-793.2000;0.0000;6.8165;0.0000;-793.2000;0.0000;6.8165;1.0000;0.0000;0.0000;0.0000;0.0000
1578;759.77;778.6500;2163.2000;1341.0000;562.3500;40.6161;0.3913;0.0000;-778.6500;0.0000;6.8165;0.0000;-778.6500;0.0000;6.8165;1.0000;0.0000;0.0000;0.0000;0.0000
1579;760.02;779.9000;2150.6000;1336.4500;556.5500;40.6033;0.3914;0.0000;-779.9000;0.0000;6.8165;0.0000;-779.9000;0.0000;6.8165;1.0000;0.0000;0.0000;0.0000;0.0000
1580;760.28;785.7000;2154.9000;1331.4500;545.7500;39.8590;0.3995;0.0000;-785.7000;0.0000;6.8165;0.0000;-785.7000;0.0000;6.8165;1.0000;0.0000;0.0000;0.0000;0.0000
1581;760.54;790.6500;2146.1000;1319.0500;528.4000;38.9834;0.4091;0.0000;-790.6500;0.0000;6.8165;0.0000;-790.6500;0.0000;6.8165;1.0000;0.0000;0.0000;0.0000;0.0000
1582;760.80;786.2000;2152.7500;1337.0000;550.8000;40.3059;0.3946;0.0000;-786.2000;0.0000;6.8165;0.0000;-786.2000;0.0000;6.8165;1.0000;0.0000;0.0000;0.0000;0.0000
1583;761.06;787.6500;2157.5500;1329.2500;541.6000;39.5357;0.4030;0.0000;-787.6500;0.0000;6.8165;0.0000;-787.6500;0.0000;6.8165;1.0000;0.0000;0.0000;0.0000;0.0000
1584;761.32;788.0000;2182.7000;1328.3000;540.3000;38.7395;0.4118;0.0000;-788.0000;0.0000;6.8165;0.0000;-788.0000;0.0000;6.8165;1.0000;0.0000;0.0000;0.0000;0.0000
1585;761.57;774.2000;2172.3500;1325.5500;551.3500;39.4343;0.4041;0.0000;-774.2000;0.0000;6.8165;0.0000;-774.2000;0.0000;6.8165;1.0000;0.0000;0.0000;0.0000;0.0000
1586;761.83;776.4000;2161.7000;1329.0000;552.6000;39.8903;0.3991;0.0000;-776.4000;0.0000;6.8165;0.0000;-776.4000;0.0000;6.8165;1.0000;0.0000;0.0000;0.0000;0.0000
1587;762.09;793.4000;2139.0500;1342.3000;548.9000;40.7907;0.3894;0.0000;-793.4000;0.0000;6.8165;0.0000;-793.4000;0.0000;6.8165;1.0000;0.0000;0.0000;0.0000;0.0000
1588;762.35;785.5500;2132.8500;1323.1000;537.5500;39.8983;0.3990;0.0000;-785.5500;0.0000;6.8165;0.0000;-785.5500;0.0000;6.8165;1.0000;0.0000;0.0000;0.0000;0.0000
1589;762.60;786.5500;2136.9000;1326.1500;539.6000;39.9600;0.3984;0.0000;-786.5500;0.0000;6.8165;0.0000;-786.5500;0.0000;6.8165;1.0000;0.0000;0.0000;0.0000;0.0000
1590;762.86;784.9500;2119.3000;1343.7000;558.7500;41.8743;0.3781;0.0000;-784.9500;0.0000;6.8165;0.0000;-784.9500;0.0000;6.8165;1.0000;0.0000;0.0000;0.0000;0.0000
1591;763.12;785.1500;2146.2000;1335.1500;550.0000;40.4100;0.3935;0.0000;-785.1500;0.0000;6.8165;0.0000;-785.1500;0.0000;6.8165;1.0000;0.0000;0.0000;0.0000;0.0000
1592;763.38;782.9500;2192.7500;1372.5000;589.5500;41.8180;0.3786;0.0000;-782.9500;0.0000;6.8165;0.0000;-782.9500;0.0000;6.8165;1.0000;0.0000;0.0000;0.0000;0.0000
1593;763.63;787.4000;2224.6500;1380.1500;592.7500;41.2420;0.3847;0.0000;-787.4000;0.0000;6.8165;0.0000;-787.4000;0.0000;6.8165;1.0000;0.0000;0.0000;0.0000;0.0000
1594;763.89;785.0000;2251.3500;1420.5500;635.5500;43.3423;0.3631;0.0000;-785.0000;0.0000;6.8165;0.0000;-785.0000;0.0000;6.8165;1.0000;0.0000;0.0000;0.0000;0.0000
1595;764.15;787.6000;2319.8500;1469.1500;681.5500;44.4803;0.3518;0.0000;-787.6000;0.0000;6.8165;0.0000;-787.6000;0.0000;6.8165;1.0000;0.0000;0.0000;0.0000;0.0000
1596;764.40;780.5000;2390.0500;1514.8000;734.3000;45.6214;0.3408;0.0000;-780.5000;0.0000;6.8165;0.0000;-780.5000;0.0000;6.8165;1.0000;0.0000;0.0000;0.0000;0.0000
1597;764.66;774.9000;2457.7000;1578.3500;803.4500;47.7448;0.3211;0.0000;-774.9000;0.0000;6.8165;0.0000;-774.9000;0.0000;6.8165;1.0000;0.0000;0.0000;0.0000;0.0000
1598;764.92;780.9500;2536.9500;1579.7500;798.8000;45.4897;0.3421;0.0000;-780.9500;0.0000;6.8165;0.0000;-780.9500;0.0000;6.8165;1.0000;0.0000;0.0000;0.0000;0.0000
1599;765.17;787.1000;2592.9000;1597.1000;810.0000;44.8555;0.3482;0.0000;-787.1000;0.0000;6.8165;0.0000;-787.1000;0.0000;6.8165;1.0000;0.0000;0.0000;0.0000;0.0000
1600;765.43;783.5000;2621.7000;1573.1500;789.6500;42.9578;0.3670;0.0000;-783.5000;0.0000;6.8165;0.0000;-783.5000;0.0000;6.8165;1.0000;0.0000;0.0000;0.0000;0.0000
1601;765.69;782.0500;2575.6000;1541.4000;759.3500;42.3378;0.3733;0.0000;-782.0500;0.0000;6.8165;0.0000;-782.0500;0.0000;6.8165;1.0000;0.0000;0.0000;0.0000;0.0000
1602;765.94;785.4500;2520.4500;1521.6000;736.1500;42.4294;0.3723;0.0000;-785.4500;0.0000;6.8165;0.0000;-785.4500;0.0000;6.8165;1.0000;0.0000;0.0000;0.0000;0.0000
1603;766.20;785.8000;2457.7000;1491.3500;705.5500;42.2005;0.3747;0.0000;-785.8000;0.0000;6.8165;0.0000;-785.8000;0.0000;6.8165;1.0000;0.0000;0.0000;0.0000;0.0000
1604;766.45;778.4000;2401.7000;1466.8500;688.4500;42.4105;0.3725;0.0000;-778.4000;0.0000;6.8165;0.0000;-778.4000;0.0000;6.8165;1.0000;0.0000;0.0000;0.0000;0.0000
1605;766.71;785.1000;2300.4500;1409.5000;624.4000;41.2050;0.3851;0.0000;-785.1000;0.0000;6.8165;0.0000;-785.1000;0.0000;6.8165;1.0000;0.0000;0.0000;0.0000;0.0000
1606;766.97;790.8500;2187.4000;1371.5500;580.7000;41.5810;0.3811;0.0000;-790.8500;0.0000;6.8165;0.0000;-790.8500;0.0000;6.8165;1.0000;0.0000;0.0000;0.0000;0.0000
1607;767.22;793.8000;2120.6500;1356.4000;562.6000;42.4012;0.3726;0.0000;-793.8000;0.0000;6.8165;0.0000;-793.8000;0.0000;6.8165;1.0000;0.0000;0.0000;0.0000;0.0000
1608;767.48;787.7500;2065.1500;1328.5500;540.8000;42.3360;0.3733;0.0000;-787.7500;0.0000;6.8165;0.0000;-787.7500;0.0000;6.8165;1.0000;0.0000;0.0000;0.0000;0.0000
1609;767.73;783.1000;2018.6500;1310.4000;527.3000;42.6774;0.3698;0.0000;-783.1000;0.0000;6.8165;0.0000;-783.1000;0.0000;6.8165;1.0000;0.0000;0.0000;0.0000;0.0000
1610;767.99;768.5000;1982.1500;1301.4000;532.9000;43.9089;0.3574;0.0000;-768.5000;0.0000;6.8165;0.0000;-768.5000;0.0000;6.8165;1.0000;0.0000;0.0000;0.0000;0.0000
1611;768.24;787.0000;1931.1000;1258.4500;471.4500;41.2071;0.3850;0.0000;-787.0000;0.0000;6.8165;0.0000;-787.0000;0.0000;6.8165;1.0000;0.0000;0.0000;0.0000;0.0000
1612;768.50;783.2000;1894.6000;1234.5000;451.3000;40.6064;0.3914;0.0000;-783.2000;0.0000;6.8165;0.0000;-783.2000;0.0000;6.8165;1.0000;0.0000;0.0000;0.0000;0.0000
1613;768.75;775.9000;1869.3500;1241.3500;465.4500;42.5671;0.3709;0.0000;-775.9000;0.0000;6.8165;0.0000;-775.9000;0.0000;6.8165;1.0000;0.0000;0.0000;0.0000;0.0000
1614;769.01;791.8000;1838.9000;1227.1000;435.3000;41.5720;0.3812;0.0000;-791.8000;0.0000;6.8165;0.0000;-791.8000;0.0000;6.8165;1.0000;0.0000;0.0000;0.0000;0.0000
1615;769.26;779.7500;1808.0500;1236.4000;456.6500;44.4082;0.3525;0.0000;-779.7500;0.0000;6.8165;0.0000;-779.7500;0.0000;6.8165;1.0000;0.0000;0.0000;0.0000;0.0000
1616;769.52;788.2000;1792.9000;1216.3000;428.1000;42.6097;0.3705;0.0000;-788.2000;0.0000;6.8165;0.0000;-788.2000;0.0000;6.8165;1.0000;0.0000;0.0000;0.0000;0.0000
1617;769.77;786.2000;1742.9500;1197.6500;411.4500;43.0050;0.3665;0.0000;-786.2000;0.0000;6.8165;0.0000;-786.2000;0.0000;6.8165;1.0000;0.0000;0.0000;0.0000;0.0000
1618;770.03;778.9000;1711.6500;1181.5500;402.6500;43.1681;0.3648;0.0000;-778.9000;0.0000;6.8165;0.0000;-778.9000;0.0000;6.8165;1.0000;0.0000;0.0000;0.0000;0.0000
1619;770.28;792.1500;1691.8500;1183.4500;391.3000;43.4923;0.3616;0.0000;-792.1500;0.0000;6.8165;0.0000;-792.1500;0.0000;6.8165;1.0000;0.0000;0.0000;0.0000;0.0000
1620;770.54;795.4500;1689.2500;1179.6000;384.1500;42.9794;0.3667;0.0000;-795.4500;0.0000;6.8165;0.0000;-795.4500;0.0000;6.8165;1.0000;0.0000;0.0000;0.0000;0.0000
1621;770.79;779.0000;1676.8500;1174.9500;395.9500;44.0998;0.3556;0.0000;-779.0000;0.0000;6.8165;0.0000;-779.0000;0.0000;6.8165;1.0000;0.0000;0.0000;0.0000;0.0000
1622;771.04;785.5500;1653.9500;1165.9500;380.4000;43.8047;0.3585;0.0000;-785.5500;0.0000;6.8165;0.0000;-785.5500;0.0000;6.8165;1.0000;0.0000;0.0000;0.0000;0.0000
1623;771.30;798.0500;1636.4000;1168.8500;370.8000;44.2297;0.3543;0.0000;-798.0500;0.0000;6.8165;0.0000;-798.0500;0.0000;6.8165;1.0000;0.0000;0.0000;0.0000;0.0000
1624;771.55;773.8000;1619.4000;1169.0500;395.2500;46.7420;0.3303;0.0000;-773.8000;0.0000;6.8165;0.0000;-773.8000;0.0000;6.8165;1.0000;0.0000;0.0000;0.0000;0.0000
1625;771.81;780.3500;1609.8000;1163.3500;383.0000;46.1752;0.3356;0.0000;-780.3500;0.0000;6.8165;0.0000;-780.3500;0.0000;6.8165;1.0000;0.0000;0.0000;0.0000;0.0000
1626;772.06;778.4000;1588.1000;1169.2000;390.8000;48.2648;0.3164;0.0000;-778.4000;0.0000;6.8165;0.0000;-778.4000;0.0000;6.8165;1.0000;0.0000;0.0000;0.0000;0.0000
1627;772.31;786.5500;1568.2000;1149.2000;362.6500;46.3954;0.3335;0.0000;-786.5500;0.0000;6.8165;0.0000;-786.5500;0.0000;6.8165;1.0000;0.0000;0.0000;0.0000;0.0000
1628;772.57;784.1000;1570.1000;1134.5000;350.4000;44.5802;0.3509;0.0000;-784.1000;0.0000;6.8165;0.0000;-784.1000;0.0000;6.8165;1.0000;0.0000;0.0000;0.0000;0.0000
1629;772.82;787.1000;1560.9000;1132.6500;345.5500;44.6562;0.3501;0.0000;-787.1000;0.0000;6.8165;0.0000;-787.1000;0.0000;6.8165;1.0000;0.0000;0.0000;0.0000;0.0000
1630;773.07;777.1000;1535.2500;1123.1500;346.0500;45.6440;0.3406;0.0000;-777.1000;0.0000;6.8165;0.0000;-777.1000;0.0000;6.8165;1.0000;0.0000;0.0000;0.0000;0.0000
1631;773.33;787.4500;1520.5000;1117.6500;330.2000;45.0447;0.3464;0.0000;-787.4500;0.0000;6.8165;0.0000;-787.4500;0.0000;6.8165;1.0000;0.0000;0.0000;0.0000;0.0000
1632;773.58;780.6000;1531.9000;1118.4500;337.8500;44.9687;0.3471;0.0000;-780.6000;0.0000;6.8165;0.0000;-780.6000;0.0000;6.8165;1.0000;0.0000;0.0000;0.0000;0.0000
1633;773.83;785.7500;1493.6000;1119.3500;333.6000;47.1286;0.3267;0.0000;-785.7500;0.0000;6.8165;0.0000;-785.7500;0.0000;6.8165;1.0000;0.0000;0.0000;0.0000;0.0000
1634;774.09;784.2500;1505.5500;1109.3500;325.1000;45.0714;0.3461;0.0000;-784.2500;0.0000;6.8165;0.0000;-784.2500;0.0000;6.8165;1.0000;0.0000;0.0000;0.0000;0.0000
1635;774.34;781.6500;1494.4000;1117.5000;335.8500;47.1203;0.3268;0.0000;-781.6500;0.0000;6.8165;0.0000;-781.6500;0.0000;6.8165;1.0000;0.0000;0.0000;0.0000;0.0000
1636;774.59;784.6000;1477.0000;1107.6500;323.0500;46.6566;0.3311;0.0000;-784.6000;0.0000;6.8165;0.0000;-784.6000;0.0000;6.8165;1.0000;0.0000;0.0000;0.0000;0.0000
1637;774.85;781.6500;1463.6000;1095.3500;313.7000;46.0004;0.3372;0.0000;-781.6500;0.0000;6.8165;0.0000;-781.6500;0.0000;6.8165;1.0000;0.0000;0.0000;0.0000;0.0000
1638;775.10;788.9000;1450.9000;1100.1500;311.2500;47.0166;0.3277;0.0000;-788.9000;0.0000;6.8165;0.0000;-788.9000;0.0000;6.8165;1.0000;0.0000;0.0000;0.0000;0.0000
1639;775.35;780.7000;1443.1000;1097.4000;316.7000;47.8110;0.3205;0.0000;-780.7000;0.0000;6.8165;0.0000;-780.7000;0.0000;6.8165;1.0000;0.0000;0.0000;0.0000;0.0000
1640;775.60;791.5000;1423.4500;1085.6000;294.1000;46.5385;0.3322;0.0000;-791.5000;0.0000;6.8165;0.0000;-791.5000;0.0000;6.8165;1.0000;0.0000;0.0000;0.0000;0.0000
1641;775.85;798.6500;1423.8500;1102.7500;304.1000;48.6404;0.3130;0.0000;-798.6500;0.0000;6.8165;0.0000;-798.6500;0.0000;6.8165;1.0000;0.0000;0.0000;0.0000;0.0000
1642;776.11;800.0000;1402.0500;1074.7000;274.7000;45.6274;0.3408;0.0000;-800.0000;0.0000;6.8165;0.0000;-800.0000;0.0000;6.8165;1.0000;0.0000;0.0000;0.0000;0.0000
1643;776.36;790.2000;1405.7000;1079.1000;288.9000;46.9374;0.3285;0.0000;-790.2000;0.0000;6.8165;0.0000;-790.2000;0.0000;6.8165;1.0000;0.0000;0.0000;0.0000;0.0000
1644;776.61;784.1000;1419.6500;1073.0500;288.9500;45.4646;0.3423;0.0000;-784.1000;0.0000;6.8165;0.0000;-784.1000;0.0000;6.8165;1.0000;0.0000;0.0000;0.0000;0.0000
1645;776.86;777.6500;1394.9500;1076.9000;299.2500;48.4772;0.3145;0.0000;-777.6500;0.0000;6.8165;0.0000;-777.6500;0.0000;6.8165;1.0000;0.0000;0.0000;0.0000;0.0000
1646;777.11;784.2000;1395.9000;1078.3500;294.1500;48.0873;0.3180;0.0000;-784.2000;0.0000;6.8165;0.0000;-784.2000;0.0000;6.8165;1.0000;0.0000;0.0000;0.0000;0.0000
1647;777.37;775.1500;1378.1000;1081.2000;306.0500;50.7588;0.2945;0.0000;-775.1500;0.0000;6.8165;0.0000;-775.1500;0.0000;6.8165;1.0000;0.0000;0.0000;0.0000;0.0000
1648;777.62;775.7000;1391.5000;1059.2000;283.5000;46.0377;0.3369;0.0000;-775.7000;0.0000;6.8165;0.0000;-775.7000;0.0000;6.8165;1.0000;0.0000;0.0000;0.0000;0.0000
1649;777.87;784.1000;1360.3500;1069.5000;285.4000;49.5271;0.3052;0.0000;-784.1000;0.0000;6.8165;0.0000;-784.1000;0.0000;6.8165;1.0000;0.0000;0.0000;0.0000;0.0000
1650;778.12;788.8000;1373.7500;1067.3500;278.5500;47.6195;0.3222;0.0000;-788.8000;0.0000;6.8165;0.0000;-788.8000;0.0000;6.8165;1.0000;0.0000;0.0000;0.0000;0.0000
1651;778.37;785.2000;1374.4000;1057.7500;272.5500;46.2576;0.3348;0.0000;-785.2000;0.0000;6.8165;0.0000;-785.2000;0.0000;6.8165;1.0000;0.0000;0.0000;0.0000;0.0000
1652;778.62;789.2000;1360.3500;1057.1500;267.9500;46.9141;0.3287;0.0000;-789.2000;0.0000;6.8165;0.0000;-789.2000;0.0000;6.8165;1.0000;0.0000;0.0000;0.0000;0.0000
1653;778.87;786.3500;1364.9500;1054.1500;267.8000;46.2841;0.3346;0.0000;-786.3500;0.0000;6.8165;0.0000;-786.3500;0.0000;6.8165;1.0000;0.0000;0.0000;0.0000;0.0000
1654;779.12;789.1000;1354.9000;1062.0500;272.9500;48.2414;0.3166;0.0000;-789.1000;0.0000;6.8165;0.0000;-789.1000;0.0000;6.8165;1.0000;0.0000;0.0000;0.0000;0.0000
1655;779.38;784.3000;1346.1500;1065.0000;280.7000;49.9600;0.3014;0.0000;-784.3000;0.0000;6.8165;0.0000;-784.3000;0.0000;6.8165;1.0000;0.0000;0.0000;0.0000;0.0000
1656;779.63;781.8500;1352.3500;1060.0500;278.2000;48.7642;0.3119;0.0000;-781.8500;0.0000;6.8165;0.0000;-781.8500;0.0000;6.8165;1.0000;0.0000;0.0000;0.0000;0.0000
1657;779.88;799.1000;1326.6500;1049.0500;249.9500;47.3794;0.3244;0.0000;-799.1000;0.0000;6.8165;0.0000;-799.1000;0.0000;6.8165;1.0000;0.0000;0.0000;0.0000;0.0000
1658;780.13;785.6500;1341.7000;1047.5500;261.9000;47.1001;0.3270;0.0000;-785.6500;0.0000;6.8165;0.0000;-785.6500;0.0000;6.8165;1.0000;0.0000;0.0000;0.0000;0.0000
1659;780.38;792.9500;1339.9500;1053.5000;260.5500;47.6325;0.3221;0.0000;-792.9500;0.0000;6.8165;0.0000;-792.9500;0.0000;6.8165;1.0000;0.0000;0.0000;0.0000;0.0000
1660;780.63;783.1000;1333.7500;1047.8500;264.7500;48.0795;0.3180;0.0000;-783.1000;0.0000;6.8165;0.0000;-783.1000;0.0000;6.8165;1.0000;0.0000;0.0000;0.0000;0.0000
1661;780.88;789.0500;1349.1500;1050.1500;261.1000;46.6167;0.3315;0.0000;-789.0500;0.0000;6.8165;0.0000;-789.0500;0.0000;6.8165;1.0000;0.0000;0.0000;0.0000;0.0000
1662;781.13;788.7000;1338.5500;1052.2500;263.5500;47.9313;0.3194;0.0000;-788.7000;0.0000;6.8165;0.0000;-788.7000;0.0000;6.8165;1.0000;0.0000;0.0000;0.0000;0.0000
1663;781.38;773.8500;1321.8000;1050.3000;276.4500;50.4517;0.2971;0.0000;-773.8500;0.0000;6.8165;0.0000;-773.8500;0.0000;6.8165;1.0000;0.0000;0.0000;0.0000;0.0000
1664;781.63;782.2500;1339.7500;1040.4000;258.1500;46.3049;0.3344;0.0000;-782.2500;0.0000;6.8165;0.0000;-782.2500;0.0000;6.8165;1.0000;0.0000;0.0000;0.0000;0.0000
1665;781.88;791.3000;1323.3000;1029.6500;238.3500;44.8026;0.3487;0.0000;-791.3000;0.0000;6.8165;0.0000;-791.3000;0.0000;6.8165;1.0000;0.0000;0.0000;0.0000;0.0000
1666;782.13;790.1500;1328.0000;1063.4500;273.3000;50.8134;0.2940;0.0000;-790.1500;0.0000;6.8165;0.0000;-790.1500;0.0000;6.8165;1.0000;0.0000;0.0000;0.0000;0.0000
1667;782.38;790.8500;1344.2500;1059.9500;269.1000;48.6267;0.3131;0.0000;-790.8500;0.0000;6.8165;0.0000;-790.8500;0.0000;6.8165;1.0000;0.0000;0.0000;0.0000;0.0000
1668;782.63;784.1000;1343.5500;1059.3500;275.2500;49.2001;0.3080;0.0000;-784.1000;0.0000;6.8165;0.0000;-784.1000;0.0000;6.8165;1.0000;0.0000;0.0000;0.0000;0.0000
1669;782.88;779.8000;1332.3500;1049.3000;269.5000;48.7739;0.3118;0.0000;-779.8000;0.0000;6.8165;0.0000;-779.8000;0.0000;6.8165;1.0000;0.0000;0.0000;0.0000;0.0000
1670;783.13;776.3000;1329.3500;1063.5000;287.2000;51.9302;0.2846;0.0000;-776.3000;0.0000;6.8165;0.0000;-776.3000;0.0000;6.8165;1.0000;0.0000;0.0000;0.0000;0.0000
1671;783.38;781.6000;1345.5500;1052.4500;270.8500;48.0273;0.3185;0.0000;-781.6000;0.0000;6.8165;0.0000;-781.6000;0.0000;6.8165;1.0000;0.0000;0.0000;0.0000;0.0000
1672;783.62;778.2500;1330.1000;1064.5500;286.3000;51.8800;0.2850;0.0000;-778.2500;0.0000;6.8165;0.0000;-778.2500;0.0000;6.8165;1.0000;0.0000;0.0000;0.0000;0.0000
1673;783.87;802.1000;1331.7000;1067.2500;265.1500;50.0661;0.3005;0.0000;-802.1000;0.0000;6.8165;0.0000;-802.1000;0.0000;6.8165;1.0000;0.0000;0.0000;0.0000;0.0000
1674;784.12;786.0500;1332.3500;1082.3000;296.2500;54.2284;0.2658;0.0000;-786.0500;0.0000;6.8165;0.0000;-786.0500;0.0000;6.8165;1.0000;0.0000;0.0000;0.0000;0.0000
1675;784.37;773.3500;1341.9000;1063.6500;290.3000;51.0597;0.2919;0.0000;-773.3500;0.0000;6.8165;0.0000;-773.3500;0.0000;6.8165;1.0000;0.0000;0.0000;0.0000;0.0000
1676;784.62;795.3000;1331.8500;1052.8500;257.5500;48.0011;0.3187;0.0000;-795.3000;0.0000;6.8165;0.0000;-795.3000;0.0000;6.8165;1.0000;0.0000;0.0000;0.0000;0.0000
1677;784.87;790.9500;1323.9500;1056.5000;265.5500;49.8218;0.3026;0.0000;-790.9500;0.0000;6.8165;0.0000;-790.9500;0.0000;6.8165;1.0000;0.0000;0.0000;0.0000;0.0000
1678;785.12;780.2000;1315.2000;1067.8000;287.6000;53.7570;0.2696;0.0000;-780.2000;0.0000;6.8165;0.0000;-780.2000;0.0000;6.8165;1.0000;0.0000;0.0000;0.0000;0.0000
1679;785.37;788.4000;1348.2500;1079.2000;290.8000;51.9425;0.2845;0.0000;-788.4000;0.0000;6.8165;0.0000;-788.4000;0.0000;6.8165;1.0000;0.0000;0.0000;0.0000;0.0000
1680;785.61;785.9000;1323.1000;1079.2500;293.3500;54.6072;0.2627;0.0000;-785.9000;0.0000;6.8165;0.0000;-785.9000;0.0000;6.8165;1.0000;0.0000;0.0000;0.0000;0.0000
1681;785.86;770.2000;1335.5000;1062.4500;292.2500;51.6982;0.2865;0.0000;-770.2000;0.0000;6.8165;0.0000;-770.2000;0.0000;6.8165;1.0000;0.0000;0.0000;0.0000;0.0000
1682;786.11;781.2500;1338.7000;1063.9500;282.7000;50.7131;0.2949;0.0000;-781.2500;0.0000;6.8165;0.0000;-781.2500;0.0000;6.8165;1.0000;0.0000;0.0000;0.0000;0.0000
1683;786.36;799.8500;1336.5000;1065.5500;265.7000;49.5109;0.3053;0.0000;-799.8500;0.0000;6.8165;0.0000;-799.8500;0.0000;6.8165;1.0000;0.0000;0.0000;0.0000;0.0000
1684;786.61;795.2500;1327.9500;1080.5000;285.2500;53.5480;0.2713;0.0000;-795.2500;0.0000;6.8165;0.0000;-795.2500;0.0000;6.8165;1.0000;0.0000;0.0000;0.0000;0.0000
1685;786.85;787.7000;1325.2500;1070.0500;282.3500;52.5253;0.2796;0.0000;-787.7000;0.0000;6.8165;0.0000;-787.7000;0.0000;6.8165;1.0000;0.0000;0.0000;0.0000;0.0000
1686;787.10;789.3500;1327.9500;1081.9500;292.6000;54.3260;0.2650;0.0000;-789.3500;0.0000;6.8165;0.0000;-789.3500;0.0000;6.8165;1.0000;0.0000;0.0000;0.0000;0.0000
1687;787.35;796.8500;1303.8000;1071.7000;274.8500;54.2164;0.2659;0.0000;-796.8500;0.0000;6.8165;0.0000;-796.8500;0.0000;6.8165;1.0000;0.0000;0.0000;0.0000;0.0000
1688;787.60;787.5000;1340.2500;1076.8500;289.3500;52.3474;0.2811;0.0000;-787.5000;0.0000;6.8165;0.0000;-787.5000;0.0000;6.8165;1.0000;0.0000;0.0000;0.0000;0.0000
1689;787.84;778.6500;1342.3500;1063.4500;284.8000;50.5233;0.2965;0.0000;-778.6500;0.0000;6.8165;0.0000;-778.6500;0.0000;6.8165;1.0000;0.0000;0.0000;0.0000;0.0000
1690;788.09;794.1500;1342.0000;1079.2000;285.0500;52.0307;0.2837;0.0000;-794.1500;0.0000;6.8165;0.0000;-794.1500;0.0000;6.8165;1.0000;0.0000;0.0000;0.0000;0.0000
1691;788.34;789.6000;1353.6500;1072.3500;282.7500;50.1285;0.2999;0.0000;-789.6000;0.0000;6.8165;0.0000;-789.6000;0.0000;6.8165;1.0000;0.0000;0.0000;0.0000;0.0000
1692;788.59;781.1000;1339.9000;1086.7000;305.6000;54.6886;0.2621;0.0000;-781.1000;0.0000;6.8165;0.0000;-781.1000;0.0000;6.8165;1.0000;0.0000;0.0000;0.0000;0.0000
1693;788.83;784.5500;1343.7000;1086.3500;301.8000;53.9748;0.2678;0.0000;-784.5500;0.0000;6.8165;0.0000;-784.5500;0.0000;6.8165;1.0000;0.0000;0.0000;0.0000;0.0000
1694;789.08;770.1000;1340.2500;1083.0500;312.9500;54.8891;0.2605;0.0000;-770.1000;0.0000;6.8165;0.0000;-770.1000;0.0000;6.8165;1.0000;0.0000;0.0000;0.0000;0.0000
1695;789.33;772.1500;1346.5500;1093.8000;321.6500;55.9976;0.2518;0.0000;-772.1500;0.0000;6.8165;0.0000;-772.1500;0.0000;6.8165;1.0000;0.0000;0.0000;0.0000;0.0000
1696;789.57;782.2500;1362.8500;1104.8000;322.5500;55.5546;0.2553;0.0000;-782.2500;0.0000;6.8165;0.0000;-782.2500;0.0000;6.8165;1.0000;0.0000;0.0000;0.0000;0.0000
1697;789.82;784.6000;1346.2000;1095.4500;310.8500;55.3508;0.2569;0.0000;-784.6000;0.0000;6.8165;0.0000;-784.6000;0.0000;6.8165;1.0000;0.0000;0.0000;0.0000;0.0000
1698;790.07;788.4500;1364.3500;1105.0000;316.5500;54.9661;0.2599;0.0000;-788.4500;0.0000;6.8165;0.0000;-788.4500;0.0000;6.8165;1.0000;0.0000;0.0000;0.0000;0.0000
1699;790.31;788.1000;1361.7000;1101.0000;312.9000;54.5502;0.2632;0.0000;-788.1000;0.0000;6.8165;0.0000;-788.1000;0.0000;6.8165;1.0000;0.0000;0.0000;0.0000;0.0000
1700;790.56;785.7500;1345.5000;1100.8000;315.0500;56.2841;0.2496;0.0000;-785.7500;0.0000;6.8165;0.0000;-785.7500;0.0000;6.8165;1.0000;0.0000;0.0000;0.0000;0.0000
1701;790.80;776.7500;1351.3500;1111.7000;334.9500;58.2927;0.2344;0.0000;-776.7500;0.0000;6.8165;0.0000;-776.7500;0.0000;6.8165;1.0000;0.0000;0.0000;0.0000;0.0000
1702;791.05;790.9000;1349.5000;1097.2000;306.3000;54.8335;0.2610;0.0000;-790.9000;0.0000;6.8165;0.0000;-790.9000;0.0000;6.8165;1.0000;0.0000;0.0000;0.0000;0.0000
1703;791.30;788.2500;1345.6500;1091.6500;303.4000;54.4313;0.2642;0.0000;-788.2500;0.0000;6.8165;0.0000;-788.2500;0.0000;6.8165;1.0000;0.0000;0.0000;0.0000;0.0000
1704;791.54;783.7000;1338.9500;1094.2000;310.5000;55.9208;0.2524;0.0000;-783.7000;0.0000;6.8165;0.0000;-783.7000;0.0000;6.8165;1.0000;0.0000;0.0000;0.0000;0.0000
1705;791.79;776.1000;1318.5500;1102.0500;325.9500;60.0885;0.2212;0.0000;-776.1000;0.0000;6.8165;0.0000;-776.1000;0.0000;6.8165;1.0000;0.0000;0.0000;0.0000;0.0000
1706;792.03;776.0500;1337.2000;1087.4000;311.3500;55.4843;0.2558;0.0000;-776.0500;0.0000;6.8165;0.0000;-776.0500;0.0000;6.8165;1.0000;0.0000;0.0000;0.0000;0.0000
1707;792.28;787.5000;1327.3500;1094.4000;306.9000;56.8491;0.2453;0.0000;-787.5000;0.0000;6.8165;0.0000;-787.5000;0.0000;6.8165;1.0000;0.0000;0.0000;0.0000;0.0000
1708;792.53;785.1500;1318.2000;1090.0500;304.9000;57.1991;0.2426;0.0000;-785.1500;0.0000;6.8165;0.0000;-785.1500;0.0000;6.8165;1.0000;0.0000;0.0000;0.0000;0.0000
1709;792.77;784.5500;1308.7000;1075.9000;291.3500;55.5852;0.2550;0.0000;-784.5500;0.0000;6.8165;0.0000;-784.5500;0.0000;6.8165;1.0000;0.0000;0.0000;0.0000;0.0000
1710;793.02;784.5500;1301.3500;1051.6500;267.1000;51.6834;0.2866;0.0000;-784.5500;0.0000;6.8165;0.0000;-784.5500;0.0000;6.8165;1.0000;0.0000;0.0000;0.0000;0.0000
1711;793.26;784.9500;1296.6000;1052.8000;267.8500;52.3502;0.2811;0.0000;-784.9500;0.0000;6.8165;0.0000;-784.9500;0.0000;6.8165;1.0000;0.0000;0.0000;0.0000;0.0000
1712;793.51;775.4000;1300.9000;1056.8000;281.4000;53.5490;0.2712;0.0000;-775.4000;0.0000;6.8165;0.0000;-775.4000;0.0000;6.8165;1.0000;0.0000;0.0000;0.0000;0.0000
1713;793.75;785.2000;1287.2000;1052.9000;267.7000;53.3267;0.2731;0.0000;-785.2000;0.0000;6.8165;0.0000;-785.2000;0.0000;6.8165;1.0000;0.0000;0.0000;0.0000;0.0000
1714;794.00;788.3500;1287.2000;1065.5500;277.2000;55.5678;0.2552;0.0000;-788.3500;0.0000;6.8165;0.0000;-788.3500;0.0000;6.8165;1.0000;0.0000;0.0000;0.0000;0.0000
1715;794.24;778.1000;1268.2000;1064.7500;286.6500;58.4881;0.2329;0.0000;-778.1000;0.0000;6.8165;0.0000;-778.1000;0.0000;6.8165;1.0000;0.0000;0.0000;0.0000;0.0000
1716;794.49;774.5000;1272.4500;1059.2000;284.7000;57.1744;0.2428;0.0000;-774.5000;0.0000;6.8165;0.0000;-774.5000;0.0000;6.8165;1.0000;0.0000;0.0000;0.0000;0.0000
1717;794.73;774.8000;1258.3000;1044.6500;269.8500;55.8118;0.2533;0.0000;-774.8000;0.0000;6.8165;0.0000;-774.8000;0.0000;6.8165;1.0000;0.0000;0.0000;0.0000;0.0000
1718;794.97;787.9500;1256.7500;1056.7500;268.8000;57.3379;0.2416;0.0000;-787.9500;0.0000;6.8165;0.0000;-787.9500;0.0000;6.8165;1.0000;0.0000;0.0000;0.0000;0.0000
1719;795.22;776.2500;1237.2500;1039.1000;262.8500;57.0174;0.2440;0.0000;-776.2500;0.0000;6.8165;0.0000;-776.2500;0.0000;6.8165;1.0000;0.0000;0.0000;0.0000;0.0000
1720;795.46;780.7500;1263.1500;1036.5500;255.8000;53.0265;0.2755;0.0000;-780.7500;0.0000;6.8165;0.0000;-780.7500;0.0000;6.8165;1.0000;0.0000;0.0000;0.0000;0.0000
1721;795.71;788.8500;1252.4000;1032.0000;243.1500;52.4539;0.2802;0.0000;-788.8500;0.0000;6.8165;0.0000;-788.8500;0.0000;6.8165;1.0000;0.0000;0.0000;0.0000;0.0000
1722;795.95;789.7000;1233.9000;1031.6000;241.9000;54.4575;0.2639;0.0000;-789.7000;0.0000;6.8165;0.0000;-789.7000;0.0000;6.8165;1.0000;0.0000;0.0000;0.0000;0.0000
1723;796.19;777.3000;1228.8500;1027.3500;250.0500;55.3759;0.2567;0.0000;-777.3000;0.0000;6.8165;0.0000;-777.3000;0.0000;6.8165;1.0000;0.0000;0.0000;0.0000;0.0000
1724;796.44;781.5000;1229.7500;1044.1000;262.6000;58.5834;0.2322;0.0000;-781.5000;0.0000;6.8165;0.0000;-781.5000;0.0000;6.8165;1.0000;0.0000;0.0000;0.0000;0.0000
1725;796.68;790.3000;1218.3000;1013.6000;223.3000;52.1729;0.2826;0.0000;-790.3000;0.0000;6.8165;0.0000;-790.3000;0.0000;6.8165;1.0000;0.0000;0.0000;0.0000;0.0000
1726;796.93;782.7000;1234.1000;1020.9500;238.2500;52.7802;0.2775;0.0000;-782.7000;0.0000;6.8165;0.0000;-782.7000;0.0000;6.8165;1.0000;0.0000;0.0000;0.0000;0.0000
1727;797.17;778.1000;1220.3000;1037.6000;259.5000;58.6839;0.2315;0.0000;-778.1000;0.0000;6.8165;0.0000;-778.1000;0.0000;6.8165;1.0000;0.0000;0.0000;0.0000;0.0000
1728;797.41;800.0500;1233.7500;1038.7000;238.6500;55.0265;0.2594;0.0000;-800.0500;0.0000;6.8165;0.0000;-800.0500;0.0000;6.8165;1.0000;0.0000;0.0000;0.0000;0.0000
1729;797.66;788.7000;1226.6000;1043.3000;254.6000;58.1411;0.2355;0.0000;-788.7000;0.0000;6.8165;0.0000;-788.7000;0.0000;6.8165;1.0000;0.0000;0.0000;0.0000;0.0000
1730;797.90;780.9500;1223.0500;1038.5000;257.5500;58.2561;0.2347;0.0000;-780.9500;0.0000;6.8165;0.0000;-780.9500;0.0000;6.8165;1.0000;0.0000;0.0000;0.0000;0.0000
1731;798.14;784.8500;1220.5000;1035.7500;250.9000;57.5921;0.2396;0.0000;-784.8500;0.0000;6.8165;0.0000;-784.8500;0.0000;6.8165;1.0000;0.0000;0.0000;0.0000;0.0000
1732;798.39;780.4000;1222.7500;1030.8500;250.4500;56.6181;0.2470;0.0000;-780.4000;0.0000;6.8165;0.0000;-780.4000;0.0000;6.8165;1.0000;0.0000;0.0000;0.0000;0.0000
1733;798.63;787.5000;1203.6000;1015.5500;228.0500;54.8065;0.2612;0.0000;-787.5000;0.0000;6.8165;0.0000;-787.5000;0.0000;6.8165;1.0000;0.0000;0.0000;0.0000;0.0000
1734;798.87;788.8500;1200.5000;1008.9000;220.0500;53.4556;0.2720;0.0000;-788.8500;0.0000;6.8165;0.0000;-788.8500;0.0000;6.8165;1.0000;0.0000;0.0000;0.0000;0.0000
1735;799.11;778.0500;1203.8000;1019.4000;241.3500;56.6882;0.2465;0.0000;-778.0500;0.0000;6.8165;0.0000;-778.0500;0.0000;6.8165;1.0000;0.0000;0.0000;0.0000;0.0000
1736;799.36;784.9000;1194.7500;1017.7500;232.8500;56.8135;0.2455;0.0000;-784.9000;0.0000;6.8165;0.0000;-784.9000;0.0000;6.8165;1.0000;0.0000;0.0000;0.0000;0.0000
1737;799.60;790.2000;1194.7000;1022.4000;232.2000;57.4042;0.2411;0.0000;-790.2000;0.0000;6.8165;0.0000;-790.2000;0.0000;6.8165;1.0000;0.0000;0.0000;0.0000;0.0000
1738;799.84;780.7500;1188.5500;1012.4000;231.6500;56.8048;0.2456;0.0000;-780.7500;0.0000;6.8165;0.0000;-780.7500;0.0000;6.8165;1.0000;0.0000;0.0000;0.0000;0.0000
1739;800.08;772.8000;1189.4500;1019.0500;246.2500;59.1024;0.2284;0.0000;-772.8000;0.0000;6.8165;0.0000;-772.8000;0.0000;6.8165;1.0000;0.0000;0.0000;0.0000;0.0000
1740;800.33;789.0000;1187.8000;1010.6500;221.6500;55.5792;0.2551;0.0000;-789.0000;0.0000;6.8165;0.0000;-789.0000;0.0000;6.8165;1.0000;0.0000;0.0000;0.0000;0.0000
1741;800.57;782.9500;1178.2000;1003.3500;220.4000;55.7622;0.2537;0.0000;-782.9500;0.0000;6.8165;0.0000;-782.9500;0.0000;6.8165;1.0000;0.0000;0.0000;0.0000;0.0000
1742;800.81;772.3000;1179.7000;1008.2500;235.9500;57.9161;0.2372;0.0000;-772.3000;0.0000;6.8165;0.0000;-772.3000;0.0000;6.8165;1.0000;0.0000;0.0000;0.0000;0.0000
1743;801.05;791.0500;1163.1500;1005.5000;214.4500;57.6324;0.2393;0.0000;-791.0500;0.0000;6.8165;0.0000;-791.0500;0.0000;6.8165;1.0000;0.0000;0.0000;0.0000;0.0000
1744;801.29;785.2000;1173.4000;1008.3500;223.1500;57.4833;0.2405;0.0000;-785.2000;0.0000;6.8165;0.0000;-785.2000;0.0000;6.8165;1.0000;0.0000;0.0000;0.0000;0.0000
1745;801.54;788.1500;1167.7500;1011.0500;222.9000;58.7197;0.2312;0.0000;-788.1500;0.0000;6.8165;0.0000;-788.1500;0.0000;6.8165;1.0000;0.0000;0.0000;0.0000;0.0000
1746;801.78;784.2500;1151.2500;1002.8500;218.6000;59.5640;0.2250;0.0000;-784.2500;0.0000;6.8165;0.0000;-784.2500;0.0000;6.8165;1.0000;0.0000;0.0000;0.0000;0.0000
1747;802.02;782.3500;1164.3500;1013.8500;231.5000;60.6021;0.2175;0.0000;-782.3500;0.0000;6.8165;0.0000;-782.3500;0.0000;6.8165;1.0000;0.0000;0.0000;0.0000;0.0000
1748;802.26;788.6000;1176.2500;1008.7000;220.1000;56.7780;0.2458;0.0000;-788.6000;0.0000;6.8165;0.0000;-788.6000;0.0000;6.8165;1.0000;0.0000;0.0000;0.0000;0.0000
1749;802.50;772.9000;1164.3000;1015.3500;242.4500;61.9443;0.2080;0.0000;-772.9000;0.0000;6.8165;0.0000;-772.9000;0.0000;6.8165;1.0000;0.0000;0.0000;0.0000;0.0000
1750;802.74;782.0500;1153.5500;1009.2500;227.2000;61.1575;0.2136;0.0000;-782.0500;0.0000;6.8165;0.0000;-782.0500;0.0000;6.8165;1.0000;0.0000;0.0000;0.0000;0.0000
1751;802.98;789.1000;1155.2000;996.0500;206.9500;56.5283;0.2477;0.0000;-789.1000;0.0000;6.8165;0.0000;-789.1000;0.0000;6.8165;1.0000;0.0000;0.0000;0.0000;0.0000
1752;803.22;776.5000;1148.9000;1012.6500;236.1500;63.4130;0.1978;0.0000;-776.5000;0.0000;6.8165;0.0000;-776.5000;0.0000;6.8165;1.0000;0.0000;0.0000;0.0000;0.0000
1753;803.47;779.1500;1157.1000;1015.4500;236.3000;62.5215;0.2040;0.0000;-779.1500;0.0000;6.8165;0.0000;-779.1500;0.0000;6.8165;1.0000;0.0000;0.0000;0.0000;0.0000
1754;803.71;787.3500;1146.2000;991.3500;204.0000;56.8483;0.2453;0.0000;-787.3500;0.0000;6.8165;0.0000;-787.3500;0.0000;6.8165;1.0000;0.0000;0.0000;0.0000;0.0000
1755;803.95;788.2000;1174.8500;985.5000;197.3000;51.0281;0.2922;0.0000;-788.2000;0.0000;6.8165;0.0000;-788.2000;0.0000;6.8165;1.0000;0.0000;0.0000;0.0000;0.0000
1756;804.19;790.8500;1152.0500;1004.2500;213.4000;59.0808;0.2286;0.0000;-790.8500;0.0000;6.8165;0.0000;-790.8500;0.0000;6.8165;1.0000;0.0000;0.0000;0.0000;0.0000
1757;804.43;786.1500;1143.9500;1007.9500;221.8000;61.9899;0.2077;0.0000;-786.1500;0.0000;6.8165;0.0000;-786.1500;0.0000;6.8165;1.0000;0.0000;0.0000;0.0000;0.0000
1758;804.67;784.1000;1144.9500;1003.1500;219.0500;60.7039;0.2168;0.0000;-784.1000;0.0000;6.8165;0.0000;-784.1000;0.0000;6.8165;1.0000;0.0000;0.0000;0.0000;0.0000
1759;804.91;779.2500;1146.4500;1000.5000;221.2500;60.2533;0.2200;0.0000;-779.2500;0.0000;6.8165;0.0000;-779.2500;0.0000;6.8165;1.0000;0.0000;0.0000;0.0000;0.0000
1760;805.15;784.3000;1145.2000;1010.4500;226.1500;62.6628;0.2030;0.0000;-784.3000;0.0000;6.8165;0.0000;-784.3000;0.0000;6.8165;1.0000;0.0000;0.0000;0.0000;0.0000
1761;805.39;790.8000;1146.8000;993.8000;203.0000;57.0225;0.2440;0.0000;-790.8000;0.0000;6.8165;0.0000;-790.8000;0.0000;6.8165;1.0000;0.0000;0.0000;0.0000;0.0000
1762;805.63;779.5500;1149.0000;998.5000;218.9500;59.2638;0.2272;0.0000;-779.5500;0.0000;6.8165;0.0000;-779.5500;0.0000;6.8165;1.0000;0.0000;0.0000;0.0000;0.0000
1763;805.87;783.7500;1140.3500;1008.0500;224.3000;62.8996;0.2014;0.0000;-783.7500;0.0000;6.8165;0.0000;-783.7500;0.0000;6.8165;1.0000;0.0000;0.0000;0.0000;0.0000
1764;806.11;783.2500;1133.1500;987.9000;204.6500;58.4881;0.2329;0.0000;-783.2500;0.0000;6.8165;0.0000;-783.2500;0.0000;6.8165;1.0000;0.0000;0.0000;0.0000;0.0000
1765;806.35;792.8500;1132.1000;983.9000;191.0500;56.3154;0.2494;0.0000;-792.8500;0.0000;6.8165;0.0000;-792.8500;0.0000;6.8165;1.0000;0.0000;0.0000;0.0000;0.0000
1766;806.59;794.9500;1155.7500;994.0000;199.0500;55.1691;0.2583;0.0000;-794.9500;0.0000;6.8165;0.0000;-794.9500;0.0000;6.8165;1.0000;0.0000;0.0000;0.0000;0.0000
1767;806.83;791.9000;1149.9000;976.0500;184.1500;51.4385;0.2887;0.0000;-791.9000;0.0000;6.8165;0.0000;-791.9000;0.0000;6.8165;1.0000;0.0000;0.0000;0.0000;0.0000
1768;807.07;791.6500;1144.0000;994.5000;202.8500;57.5706;0.2398;0.0000;-791.6500;0.0000;6.8165;0.0000;-791.6500;0.0000;6.8165;1.0000;0.0000;0.0000;0.0000;0.0000
1769;807.31;791.0000;1147.3500;983.8000;192.8000;54.1041;0.2668;0.0000;-791.0000;0.0000;6.8165;0.0000;-791.0000;0.0000;6.8165;1.0000;0.0000;0.0000;0.0000;0.0000
1770;807.54;788.9000;1138.1000;992.0000;203.1000;58.1615;0.2354;0.0000;-788.9000;0.0000;6.8165;0.0000;-788.9000;0.0000;6.8165;1.0000;0.0000;0.0000;0.0000;0.0000
1771;807.78;784.8000;1142.8500;991.4500;206.6500;57.7154;0.2387;0.0000;-784.8000;0.0000;6.8165;0.0000;-784.8000;0.0000;6.8165;1.0000;0.0000;0.0000;0.0000;0.0000
1772;808.02;783.4500;1142.8000;1010.9500;227.5000;63.3088;0.1985;0.0000;-783.4500;0.0000;6.8165;0.0000;-783.4500;0.0000;6.8165;1.0000;0.0000;0.0000;0.0000;0.0000
1773;808.26;787.9000;1138.7500;989.1000;201.2000;57.3464;0.2415;0.0000;-787.9000;0.0000;6.8165;0.0000;-787.9000;0.0000;6.8165;1.0000;0.0000;0.0000;0.0000;0.0000
1774;808.50;782.7000;1138.3000;997.9500;215.2500;60.5315;0.2180;0.0000;-782.7000;0.0000;6.8165;0.0000;-782.7000;0.0000;6.8165;1.0000;0.0000;0.0000;0.0000;0.0000
1775;808.74;787.3500;1147.0500;994.1500;206.8000;57.4924;0.2404;0.0000;-787.3500;0.0000;6.8165;0.0000;-787.3500;0.0000;6.8165;1.0000;0.0000;0.0000;0.0000;0.0000
1776;808.98;778.3500;1143.5500;999.1000;220.7500;60.4463;0.2186;0.0000;-778.3500;0.0000;6.8165;0.0000;-778.3500;0.0000;6.8165;1.0000;0.0000;0.0000;0.0000;0.0000
1777;809.22;782.5500;1134.2500;991.8500;209.3000;59.5109;0.2254;0.0000;-782.5500;0.0000;6.8165;0.0000;-782.5500;0.0000;6.8165;1.0000;0.0000;0.0000;0.0000;0.0000
1778;809.45;777.5000;1175.0500;1005.1500;227.6500;57.2632;0.2421;0.0000;-777.5000;0.0000;6.8165;0.0000;-777.5000;0.0000;6.8165;1.0000;0.0000;0.0000;0.0000;0.0000
1779;809.69;788.4000;1138.4000;1006.7000;218.3000;62.3714;0.2050;0.0000;-788.4000;0.0000;6.8165;0.0000;-788.4000;0.0000;6.8165;1.0000;0.0000;0.0000;0.0000;0.0000
1780;809.93;794.8500;1138.8500;995.2000;200.3500;58.2413;0.2348;0.0000;-794.8500;0.0000;6.8165;0.0000;-794.8500;0.0000;6.8165;1.0000;0.0000;0.0000;0.0000;0.0000
1781;810.17;781.2500;1144.0500;1007.3500;226.1000;62.3208;0.2054;0.0000;-781.2500;0.0000;6.8165;0.0000;-781.2500;0.0000;6.8165;1.0000;0.0000;0.0000;0.0000;0.0000
1782;810.41;775.7500;1151.0000;1006.4000;230.6500;61.4657;0.2114;0.0000;-775.7500;0.0000;6.8165;0.0000;-775.7500;0.0000;6.8165;1.0000;0.0000;0.0000;0.0000;0.0000
1783;810.64;788.6000;1158.2000;1017.2500;228.6500;61.8642;0.2086;0.0000;-788.6000;0.0000;6.8165;0.0000;-788.6000;0.0000;6.8165;1.0000;0.0000;0.0000;0.0000;0.0000
1784;810.88;786.2500;1148.2500;1000.2000;213.9500;59.1022;0.2284;0.0000;-786.2500;0.0000;6.8165;0.0000;-786.2500;0.0000;6.8165;1.0000;0.0000;0.0000;0.0000;0.0000
1785;811.12;779.9000;1155.6500;997.6500;217.7500;57.9508;0.2369;0.0000;-779.9000;0.0000;6.8165;0.0000;-779.9000;0.0000;6.8165;1.0000;0.0000;0.0000;0.0000;0.0000
1786;811.36;775.9500;1152.7500;991.4500;215.5000;57.1921;0.2427;0.0000;-775.9500;0.0000;6.8165;0.0000;-775.9500;0.0000;6.8165;1.0000;0.0000;0.0000;0.0000;0.0000
1787;811.59;789.8500;1162.5000;998.4500;208.6000;55.9775;0.2520;0.0000;-789.8500;0.0000;6.8165;0.0000;-789.8500;0.0000;6.8165;1.0000;0.0000;0.0000;0.0000;0.0000
1788;811.83;781.2000;1145.6500;1007.3500;226.1500;62.0524;0.2072;0.0000;-781.2000;0.0000;6.8165;0.0000;-781.2000;0.0000;6.8165;1.0000;0.0000;0.0000;0.0000;0.0000
1789;812.07;786.5500;1154.2000;1013.5500;227.0000;61.7435;0.2094;0.0000;-786.5500;0.0000;6.8165;0.0000;-786.5500;0.0000;6.8165;1.0000;0.0000;0.0000;0.0000;0.0000
1790;812.31;800.5500;1172.2500;1023.0500;222.5000;59.8601;0.2229;0.0000;-800.5500;0.0000;6.8165;0.0000;-800.5500;0.0000;6.8165;1.0000;0.0000;0.0000;0.0000;0.0000
1791;812.54;793.5500;1178.5000;1005.3500;211.8000;55.0201;0.2595;0.0000;-793.5500;0.0000;6.8165;0.0000;-793.5500;0.0000;6.8165;1.0000;0.0000;0.0000;0.0000;0.0000
1792;812.78;787.1500;1182.7500;1009.4500;222.3000;56.1931;0.2503;0.0000;-787.1500;0.0000;6.8165;0.0000;-787.1500;0.0000;6.8165;1.0000;0.0000;0.0000;0.0000;0.0000
1793;813.02;793.9500;1159.7000;1015.6000;221.6500;60.6015;0.2175;0.0000;-793.9500;0.0000;6.8165;0.0000;-793.9500;0.0000;6.8165;1.0000;0.0000;0.0000;0.0000;0.0000
1794;813.25;807.3500;1171.5500;1020.2500;212.9000;58.4569;0.2332;0.0000;-807.3500;0.0000;6.8165;0.0000;-807.3500;0.0000;6.8165;1.0000;0.0000;0.0000;0.0000;0.0000
1795;813.49;789.2500;1182.1000;1027.6000;238.3500;60.6720;0.2170;0.0000;-789.2500;0.0000;6.8165;0.0000;-789.2500;0.0000;6.8165;1.0000;0.0000;0.0000;0.0000;0.0000
1796;813.73;785.3000;1176.1000;1023.2500;237.9500;60.8879;0.2155;0.0000;-785.3000;0.0000;6.8165;0.0000;-785.3000;0.0000;6.8165;1.0000;0.0000;0.0000;0.0000;0.0000
1797;813.96;774.1500;1162.9500;1009.9000;235.7500;60.6353;0.2173;0.0000;-774.1500;0.0000;6.8165;0.0000;-774.1500;0.0000;6.8165;1.0000;0.0000;0.0000;0.0000;0.0000
1798;814.20;795.8000;1176.7500;1034.8000;239.0000;62.7379;0.2025;0.0000;-795.8000;0.0000;6.8165;0.0000;-795.8000;0.0000;6.8165;1.0000;0.0000;0.0000;0.0000;0.0000
1799;814.44;785.4500;1163.0500;1012.8000;227.3500;60.2092;0.2203;0.0000;-785.4500;0.0000;6.8165;0.0000;-785.4500;0.0000;6.8165;1.0000;0.0000;0.0000;0.0000;0.0000
1800;814.67;774.4500;1186.3500;1037.8500;263.4000;63.9476;0.1942;0.0000;-774.4500;0.0000;6.8165;0.0000;-774.4500;0.0000;6.8165;1.0000;0.0000;0.0000;0.0000;0.0000
1801;814.91;768.5000;1160.8000;1043.3000;274.8000;70.0484;0.1546;0.0000;-768.5000;0.0000;6.8165;0.0000;-768.5000;0.0000;6.8165;1.0000;0.0000;0.0000;0.0000;0.0000
1802;815.14;767.7500;1166.7000;1043.7500;276.0000;69.1816;0.1600;0.0000;-767.7500;0.0000;6.8165;0.0000;-767.7500;0.0000;6.8165;1.0000;0.0000;0.0000;0.0000;0.0000
1803;815.38;791.1000;1176.0500;1032.4500;241.3500;62.6965;0.2028;0.0000;-791.1000;0.0000;6.8165;0.0000;-791.1000;0.0000;6.8165;1.0000;0.0000;0.0000;0.0000;0.0000
1804;815.61;767.4500;1183.1500;1017.5500;250.1000;60.1636;0.2207;0.0000;-767.4500;0.0000;6.8165;0.0000;-767.4500;0.0000;6.8165;1.0000;0.0000;0.0000;0.0000;0.0000
1805;815.85;783.5500;1173.2500;1041.9500;258.4000;66.3074;0.1784;0.0000;-783.5500;0.0000;6.8165;0.0000;-783.5500;0.0000;6.8165;1.0000;0.0000;0.0000;0.0000;0.0000
1806;816.09;784.7000;1167.7000;1030.2000;245.5000;64.0992;0.1931;0.0000;-784.7000;0.0000;6.8165;0.0000;-784.7000;0.0000;6.8165;1.0000;0.0000;0.0000;0.0000;0.0000
1807;816.32;782.8000;1192.8500;1036.8000;254.0000;61.9437;0.2080;0.0000;-782.8000;0.0000;6.8165;0.0000;-782.8000;0.0000;6.8165;1.0000;0.0000;0.0000;0.0000;0.0000
1808;816.56;785.1500;1195.9500;1044.1000;258.9500;63.0355;0.2004;0.0000;-785.1500;0.0000;6.8165;0.0000;-785.1500;0.0000;6.8165;1.0000;0.0000;0.0000;0.0000;0.0000
1809;816.79;788.2500;1178.2000;1037.3000;249.0500;63.8672;0.1947;0.0000;-788.2500;0.0000;6.8165;0.0000;-788.2500;0.0000;6.8165;1.0000;0.0000;0.0000;0.0000;0.0000
1810;817.03;777.5500;1178.2500;1041.5000;263.9500;65.8722;0.1813;0.0000;-777.5500;0.0000;6.8165;0.0000;-777.5500;0.0000;6.8165;1.0000;0.0000;0.0000;0.0000;0.0000
1811;817.26;788.7500;1196.6500;1043.6500;254.9000;62.4908;0.2042;0.0000;-788.7500;0.0000;6.8165;0.0000;-788.7500;0.0000;6.8165;1.0000;0.0000;0.0000;0.0000;0.0000
1812;817.50;775.0500;1192.2000;1046.5000;271.4500;65.0725;0.1866;0.0000;-775.0500;0.0000;6.8165;0.0000;-775.0500;0.0000;6.8165;1.0000;0.0000;0.0000;0.0000;0.0000
1813;817.73;798.0500;1200.6000;1034.6000;236.5500;58.7629;0.2309;0.0000;-798.0500;0.0000;6.8165;0.0000;-798.0500;0.0000;6.8165;1.0000;0.0000;0.0000;0.0000;0.0000
1814;817.97;793.8000;1197.4000;1037.2500;243.4500;60.3196;0.2195;0.0000;-793.8000;0.0000;6.8165;0.0000;-793.8000;0.0000;6.8165;1.0000;0.0000;0.0000;0.0000;0.0000
1815;818.20;785.6000;1211.1000;1051.5000;265.9000;62.4912;0.2042;0.0000;-785.6000;0.0000;6.8165;0.0000;-785.6000;0.0000;6.8165;1.0000;0.0000;0.0000;0.0000;0.0000
1816;818.43;791.4000;1200.1500;1049.6500;258.2500;63.1804;0.1994;0.0000;-791.4000;0.0000;6.8165;0.0000;-791.4000;0.0000;6.8165;1.0000;0.0000;0.0000;0.0000;0.0000
1817;818.67;783.1500;1216.3500;1045.3500;262.2000;60.5263;0.2181;0.0000;-783.1500;0.0000;6.8165;0.0000;-783.1500;0.0000;6.8165;1.0000;0.0000;0.0000;0.0000;0.0000
1818;818.90;788.6500;1206.6000;1058.8500;270.2000;64.6489;0.1894;0.0000;-788.6500;0.0000;6.8165;0.0000;-788.6500;0.0000;6.8165;1.0000;0.0000;0.0000;0.0000;0.0000
1819;819.14;806.1000;1203.9000;1052.9000;246.8000;62.0412;0.2073;0.0000;-806.1000;0.0000;6.8165;0.0000;-806.1000;0.0000;6.8165;1.0000;0.0000;0.0000;0.0000;0.0000
1820;819.37;789.9500;1202.1500;1048.4000;258.4500;62.7001;0.2027;0.0000;-789.9500;0.0000;6.8165;0.0000;-789.9500;0.0000;6.8165;1.0000;0.0000;0.0000;0.0000;0.0000
1821;819.61;795.1000;1230.0500;1065.8500;270.7500;62.2485;0.2059;0.0000;-795.1000;0.0000;6.8165;0.0000;-795.1000;0.0000;6.8165;1.0000;0.0000;0.0000;0.0000;0.0000
1822;819.84;787.7500;1210.4000;1058.8500;271.1000;64.1429;0.1929;0.0000;-787.7500;0.0000;6.8165;0.0000;-787.7500;0.0000;6.8165;1.0000;0.0000;0.0000;0.0000;0.0000
1823;820.07;773.8000;1209.0500;1061.1500;287.3500;66.0195;0.1803;0.0000;-773.8000;0.0000;6.8165;0.0000;-773.8000;0.0000;6.8165;1.0000;0.0000;0.0000;0.0000;0.0000
1824;820.31;783.1500;1238.1000;1069.1500;286.0000;62.8641;0.2016;0.0000;-783.1500;0.0000;6.8165;0.0000;-783.1500;0.0000;6.8165;1.0000;0.0000;0.0000;0.0000;0.0000
1825;820.54;792.3500;1219.0000;1071.4000;279.0500;65.4049;0.1844;0.0000;-792.3500;0.0000;6.8165;0.0000;-792.3500;0.0000;6.8165;1.0000;0.0000;0.0000;0.0000;0.0000
1826;820.77;784.1500;1242.3000;1062.3000;278.1500;60.7116;0.2167;0.0000;-784.1500;0.0000;6.8165;0.0000;-784.1500;0.0000;6.8165;1.0000;0.0000;0.0000;0.0000;0.0000
1827;821.01;780.9500;1249.3000;1075.6000;294.6500;62.9124;0.2013;0.0000;-780.9500;0.0000;6.8165;0.0000;-780.9500;0.0000;6.8165;1.0000;0.0000;0.0000;0.0000;0.0000
1828;821.24;785.8500;1254.7500;1081.9000;296.0500;63.1371;0.1997;0.0000;-785.8500;0.0000;6.8165;0.0000;-785.8500;0.0000;6.8165;1.0000;0.0000;0.0000;0.0000;0.0000
1829;821.47;787.1000;1270.8000;1110.3500;323.2500;66.8286;0.1750;0.0000;-787.1000;0.0000;6.8165;0.0000;-787.1000;0.0000;6.8165;1.0000;0.0000;0.0000;0.0000;0.0000
1830;821.71;786.4000;1265.2000;1102.7500;316.3500;66.0714;0.1800;0.0000;-786.4000;0.0000;6.8165;0.0000;-786.4000;0.0000;6.8165;1.0000;0.0000;0.0000;0.0000;0.0000
1831;821.94;781.6500;1276.3000;1109.7000;328.0500;66.3196;0.1784;0.0000;-781.6500;0.0000;6.8165;0.0000;-781.6500;0.0000;6.8165;1.0000;0.0000;0.0000;0.0000;0.0000
1832;822.17;788.8000;1291.4000;1129.6500;340.8500;67.8173;0.1687;0.0000;-788.8000;0.0000;6.8165;0.0000;-788.8000;0.0000;6.8165;1.0000;0.0000;0.0000;0.0000;0.0000
1833;822.40;781.6500;1302.8000;1127.9000;346.2500;66.4396;0.1776;0.0000;-781.6500;0.0000;6.8165;0.0000;-781.6500;0.0000;6.8165;1.0000;0.0000;0.0000;0.0000;0.0000
1834;822.64;773.2500;1323.1500;1134.5500;361.3000;65.7029;0.1824;0.0000;-773.2500;0.0000;6.8165;0.0000;-773.2500;0.0000;6.8165;1.0000;0.0000;0.0000;0.0000;0.0000
1835;822.87;782.7000;1334.2000;1168.6500;385.9500;69.9819;0.1550;0.0000;-782.7000;0.0000;6.8165;0.0000;-782.7000;0.0000;6.8165;1.0000;0.0000;0.0000;0.0000;0.0000
1836;823.10;779.3000;1369.9000;1179.9500;400.6500;67.8378;0.1685;0.0000;-779.3000;0.0000;6.8165;0.0000;-779.3000;0.0000;6.8165;1.0000;0.0000;0.0000;0.0000;0.0000
1837;823.33;791.2500;1388.1000;1196.5500;405.3000;67.9065;0.1681;0.0000;-791.2500;0.0000;6.8165;0.0000;-791.2500;0.0000;6.8165;1.0000;0.0000;0.0000;0.0000;0.0000
1838;823.57;777.0500;1421.5500;1220.0500;443.0000;68.7355;0.1628;0.0000;-777.0500;0.0000;6.8165;0.0000;-777.0500;0.0000;6.8165;1.0000;0.0000;0.0000;0.0000;0.0000
1839;823.80;782.7500;1447.6000;1245.7500;463.0000;69.6398;0.1571;0.0000;-782.7500;0.0000;6.8165;0.0000;-782.7500;0.0000;6.8165;1.0000;0.0000;0.0000;0.0000;0.0000
1840;824.03;781.0000;1469.8000;1265.9000;484.9000;70.3978;0.1524;0.0000;-781.0000;0.0000;6.8165;0.0000;-781.0000;0.0000;6.8165;1.0000;0.0000;0.0000;0.0000;0.0000
1841;824.26;773.2000;1505.4500;1273.2500;500.0500;68.2895;0.1656;0.0000;-773.2000;0.0000;6.8165;0.0000;-773.2000;0.0000;6.8165;1.0000;0.0000;0.0000;0.0000;0.0000
1842;824.49;786.6500;1547.5000;1257.2500;470.6000;61.8519;0.2086;0.0000;-786.6500;0.0000;6.8165;0.0000;-786.6500;0.0000;6.8165;1.0000;0.0000;0.0000;0.0000;0.0000
1843;824.73;771.7000;1552.8000;1272.4000;500.7000;64.1019;0.1931;0.0000;-771.7000;0.0000;6.8165;0.0000;-771.7000;0.0000;6.8165;1.0000;0.0000;0.0000;0.0000;0.0000
1844;824.96;785.9500;1570.1500;1265.1000;479.1500;61.1005;0.2140;0.0000;-785.9500;0.0000;6.8165;0.0000;-785.9500;0.0000;6.8165;1.0000;0.0000;0.0000;0.0000;0.0000
1845;825.19;781.3500;1563.6000;1264.1500;482.8000;61.7194;0.2096;0.0000;-781.3500;0.0000;6.8165;0.0000;-781.3500;0.0000;6.8165;1.0000;0.0000;0.0000;0.0000;0.0000
1846;825.42;792.8500;1564.1500;1255.7500;462.9000;60.0156;0.2217;0.0000;-792.8500;0.0000;6.8165;0.0000;-792.8500;0.0000;6.8165;1.0000;0.0000;0.0000;0.0000;0.0000
1847;825.65;785.5000;1557.5500;1249.6500;464.1500;60.1192;0.2210;0.0000;-785.5000;0.0000;6.8165;0.0000;-785.5000;0.0000;6.8165;1.0000;0.0000;0.0000;0.0000;0.0000
1848;825.88;783.7500;1534.2000;1209.5000;425.7500;56.7326;0.2462;0.0000;-783.7500;0.0000;6.8165;0.0000;-783.7500;0.0000;6.8165;1.0000;0.0000;0.0000;0.0000;0.0000
1849;826.11;780.9000;1500.5000;1208.5000;427.6000;59.4219;0.2261;0.0000;-780.9000;0.0000;6.8165;0.0000;-780.9000;0.0000;6.8165;1.0000;0.0000;0.0000;0.0000;0.0000
1850;826.34;788.8500;1486.3500;1199.8500;411.0000;58.9247;0.2297;0.0000;-788.8500;0.0000;6.8165;0.0000;-788.8500;0.0000;6.8165;1.0000;0.0000;0.0000;0.0000;0.0000
1851;826.57;791.8000;1466.7000;1197.9000;406.1000;60.1719;0.2206;0.0000;-791.8000;0.0000;6.8165;0.0000;-791.8000;0.0000;6.8165;1.0000;0.0000;0.0000;0.0000;0.0000
1852;826.81;792.3500;1459.1000;1186.7000;394.3500;59.1451;0.2281;0.0000;-792.3500;0.0000;6.8165;0.0000;-792.3500;0.0000;6.8165;1.0000;0.0000;0.0000;0.0000;0.0000
1853;827.04;780.4500;1452.9000;1192.0000;411.5500;61.2016;0.2132;0.0000;-780.4500;0.0000;6.8165;0.0000;-780.4500;0.0000;6.8165;1.0000;0.0000;0.0000;0.0000;0.0000
1854;827.27;769.9000;1414.0500;1169.8500;399.9500;62.0896;0.2070;0.0000;-769.9000;0.0000;6.8165;0.0000;-769.9000;0.0000;6.8165;1.0000;0.0000;0.0000;0.0000;0.0000
1855;827.50;778.9000;1425.3500;1162.6000;383.7000;59.3549;0.2265;0.0000;-778.9000;0.0000;6.8165;0.0000;-778.9000;0.0000;6.8165;1.0000;0.0000;0.0000;0.0000;0.0000
1856;827.73;780.2000;1391.5000;1150.8000;370.6000;60.6249;0.2173;0.0000;-780.2000;0.0000;6.8165;0.0000;-780.2000;0.0000;6.8165;1.0000;0.0000;0.0000;0.0000;0.0000
1857;827.96;780.2000;1387.3500;1163.0000;382.8000;63.0487;0.2003;0.0000;-780.2000;0.0000;6.8165;0.0000;-780.2000;0.0000;6.8165;1.0000;0.0000;0.0000;0.0000;0.0000
1858;828.19;786.5500;1393.8500;1159.5500;373.0000;61.4194;0.2117;0.0000;-786.5500;0.0000;6.8165;0.0000;-786.5500;0.0000;6.8165;1.0000;0.0000;0.0000;0.0000;0.0000
1859;828.42;775.6000;1399.3000;1178.8000;403.2000;64.6465;0.1895;0.0000;-775.6000;0.0000;6.8165;0.0000;-775.6000;0.0000;6.8165;1.0000;0.0000;0.0000;0.0000;0.0000
1860;828.65;776.3500;1404.3000;1184.1500;407.8000;64.9415;0.1875;0.0000;-776.3500;0.0000;6.8165;0.0000;-776.3500;0.0000;6.8165;1.0000;0.0000;0.0000;0.0000;0.0000
1861;828.88;779.8500;1399.2000;1185.5500;405.7000;65.5042;0.1837;0.0000;-779.8500;0.0000;6.8165;0.0000;-779.8500;0.0000;6.8165;1.0000;0.0000;0.0000;0.0000;0.0000
1862;829.11;785.4000;1423.0000;1167.6000;382.2000;59.9435;0.2223;0.0000;-785.4000;0.0000;6.8165;0.0000;-785.4000;0.0000;6.8165;1.0000;0.0000;0.0000;0.0000;0.0000
1863;829.34;771.4000;1425.1500;1174.6000;403.2000;61.6750;0.2099;0.0000;-771.4000;0.0000;6.8165;0.0000;-771.4000;0.0000;6.8165;1.0000;0.0000;0.0000;0.0000;0.0000
1864;829.57;773.1500;1423.1500;1168.8500;395.7000;60.8769;0.2155;0.0000;-773.1500;0.0000;6.8165;0.0000;-773.1500;0.0000;6.8165;1.0000;0.0000;0.0000;0.0000;0.0000
1865;829.80;780.5000;1426.9000;1181.3500;400.8500;62.0127;0.2075;0.0000;-780.5000;0.0000;6.8165;0.0000;-780.5000;0.0000;6.8165;1.0000;0.0000;0.0000;0.0000;0.0000
1866;830.03;782.1000;1414.0000;1152.8500;370.7500;58.6723;0.2316;0.0000;-782.1000;0.0000;6.8165;0.0000;-782.1000;0.0000;6.8165;1.0000;0.0000;0.0000;0.0000;0.0000
1867;830.25;782.5000;1385.1500;1143.0000;360.5000;59.8191;0.2232;0.0000;-782.5000;0.0000;6.8165;0.0000;-782.5000;0.0000;6.8165;1.0000;0.0000;0.0000;0.0000;0.0000
1868;830.48;781.6500;1377.9000;1128.1500;346.5000;58.1132;0.2357;0.0000;-781.6500;0.0000;6.8165;0.0000;-781.6500;0.0000;6.8165;1.0000;0.0000;0.0000;0.0000;0.0000
1869;830.71;777.7000;1345.8500;1126.0000;348.3000;61.3042;0.2125;0.0000;-777.7000;0.0000;6.8165;0.0000;-777.7000;0.0000;6.8165;1.0000;0.0000;0.0000;0.0000;0.0000
1870;830.94;781.4000;1338.8500;1130.5500;349.1500;62.6334;0.2032;0.0000;-781.4000;0.0000;6.8165;0.0000;-781.4000;0.0000;6.8165;1.0000;0.0000;0.0000;0.0000;0.0000
1871;831.17;781.0500;1313.2500;1101.3000;320.2500;60.1747;0.2206;0.0000;-781.0500;0.0000;6.8165;0.0000;-781.0500;0.0000;6.8165;1.0000;0.0000;0.0000;0.0000;0.0000
1872;831.40;784.9500;1317.1500;1091.6500;306.7000;57.6287;0.2394;0.0000;-784.9500;0.0000;6.8165;0.0000;-784.9500;0.0000;6.8165;1.0000;0.0000;0.0000;0.0000;0.0000
1873;831.63;779.1500;1288.6000;1095.9000;316.7500;62.1749;0.2064;0.0000;-779.1500;0.0000;6.8165;0.0000;-779.1500;0.0000;6.8165;1.0000;0.0000;0.0000;0.0000;0.0000
1874;831.86;797.0500;1284.2000;1092.3500;295.3000;60.6179;0.2174;0.0000;-797.0500;0.0000;6.8165;0.0000;-797.0500;0.0000;6.8165;1.0000;0.0000;0.0000;0.0000;0.0000
1875;832.08;781.3500;1272.4500;1075.9000;294.5500;59.9776;0.2220;0.0000;-781.3500;0.0000;6.8165;0.0000;-781.3500;0.0000;6.8165;1.0000;0.0000;0.0000;0.0000;0.0000
1876;832.31;796.0500;1264.8000;1067.6000;271.5500;57.9307;0.2371;0.0000;-796.0500;0.0000;6.8165;0.0000;-796.0500;0.0000;6.8165;1.0000;0.0000;0.0000;0.0000;0.0000
1877;832.54;778.5000;1254.3000;1063.4000;284.9000;59.8781;0.2227;0.0000;-778.5000;0.0000;6.8165;0.0000;-778.5000;0.0000;6.8165;1.0000;0.0000;0.0000;0.0000;0.0000
1878;832.77;798.0000;1239.5000;1061.5000;263.5000;59.6829;0.2242;0.0000;-798.0000;0.0000;6.8165;0.0000;-798.0000;0.0000;6.8165;1.0000;0.0000;0.0000;0.0000;0.0000
1879;833.00;779.3500;1260.4500;1077.5500;298.2000;61.9830;0.2077;0.0000;-779.3500;0.0000;6.8165;0.0000;-779.3500;0.0000;6.8165;1.0000;0.0000;0.0000;0.0000;0.0000
1880;833.22;790.0500;1235.2500;1077.6000;287.5500;64.5889;0.1898;0.0000;-790.0500;0.0000;6.8165;0.0000;-790.0500;0.0000;6.8165;1.0000;0.0000;0.0000;0.0000;0.0000
1881;833.45;791.3500;1242.2000;1049.1500;257.8000;57.1809;0.2427;0.0000;-791.3500;0.0000;6.8165;0.0000;-791.3500;0.0000;6.8165;1.0000;0.0000;0.0000;0.0000;0.0000
1882;833.68;794.0000;1234.1500;1057.3500;263.3500;59.8319;0.2231;0.0000;-794.0000;0.0000;6.8165;0.0000;-794.0000;0.0000;6.8165;1.0000;0.0000;0.0000;0.0000;0.0000
1883;833.91;798.8500;1241.2000;1051.3500;252.5000;57.0815;0.2435;0.0000;-798.8500;0.0000;6.8165;0.0000;-798.8500;0.0000;6.8165;1.0000;0.0000;0.0000;0.0000;0.0000
1884;834.13;796.6000;1224.6000;1037.5000;240.9000;56.2850;0.2496;0.0000;-796.6000;0.0000;6.8165;0.0000;-796.6000;0.0000;6.8165;1.0000;0.0000;0.0000;0.0000;0.0000
1885;834.36;799.9000;1217.9500;1041.0000;241.1000;57.6725;0.2390;0.0000;-799.9000;0.0000;6.8165;0.0000;-799.9000;0.0000;6.8165;1.0000;0.0000;0.0000;0.0000;0.0000
1886;834.59;790.1000;1223.2500;1065.1000;275.0000;63.4884;0.1973;0.0000;-790.1000;0.0000;6.8165;0.0000;-790.1000;0.0000;6.8165;1.0000;0.0000;0.0000;0.0000;0.0000
1887;834.82;784.9500;1230.7500;1073.1000;288.1500;64.6366;0.1895;0.0000;-784.9500;0.0000;6.8165;0.0000;-784.9500;0.0000;6.8165;1.0000;0.0000;0.0000;0.0000;0.0000
1888;835.04;788.8000;1242.3000;1094.7000;305.9000;67.4531;0.1710;0.0000;-788.8000;0.0000;6.8165;0.0000;-788.8000;0.0000;6.8165;1.0000;0.0000;0.0000;0.0000;0.0000
1889;835.27;789.8000;1256.6500;1095.4000;305.6000;65.4600;0.1840;0.0000;-789.8000;0.0000;6.8165;0.0000;-789.8000;0.0000;6.8165;1.0000;0.0000;0.0000;0.0000;0.0000
1890;835.50;787.3000;1273.1500;1090.3000;303.0000;62.3649;0.2051;0.0000;-787.3000;0.0000;6.8165;0.0000;-787.3000;0.0000;6.8165;1.0000;0.0000;0.0000;0.0000;0.0000
1891;835.72;767.0500;1286.5000;1086.6500;319.6000;61.5266;0.2109;0.0000;-767.0500;0.0000;6.8165;0.0000;-767.0500;0.0000;6.8165;1.0000;0.0000;0.0000;0.0000;0.0000
1892;835.95;780.6500;1275.9000;1104.7000;324.0500;65.4316;0.1842;0.0000;-780.6500;0.0000;6.8165;0.0000;-780.6500;0.0000;6.8165;1.0000;0.0000;0.0000;0.0000;0.0000
1893;836.18;767.8500;1262.6000;1096.0000;328.1500;66.3264;0.1783;0.0000;-767.8500;0.0000;6.8165;0.0000;-767.8500;0.0000;6.8165;1.0000;0.0000;0.0000;0.0000;0.0000
1894;836.40;775.9500;1277.6000;1076.6000;300.6500;59.9322;0.2223;0.0000;-775.9500;0.0000;6.8165;0.0000;-775.9500;0.0000;6.8165;1.0000;0.0000;0.0000;0.0000;0.0000
1895;836.63;781.5500;1293.9500;1087.3000;305.7500;59.6702;0.2242;0.0000;-781.5500;0.0000;6.8165;0.0000;-781.5500;0.0000;6.8165;1.0000;0.0000;0.0000;0.0000;0.0000
1896;836.86;780.2000;1279.9000;1082.6000;302.4000;60.5163;0.2181;0.0000;-780.2000;0.0000;6.8165;0.0000;-780.2000;0.0000;6.8165;1.0000;0.0000;0.0000;0.0000;0.0000
1897;837.08;782.9000;1257.9500;1080.4500;297.5500;62.6355;0.2032;0.0000;-782.9000;0.0000;6.8165;0.0000;-782.9000;0.0000;6.8165;1.0000;0.0000;0.0000;0.0000;0.0000
1898;837.31;789.5500;1255.4500;1059.8500;270.3000;58.0167;0.2364;0.0000;-789.5500;0.0000;6.8165;0.0000;-789.5500;0.0000;6.8165;1.0000;0.0000;0.0000;0.0000;0.0000
1899;837.53;790.7000;1242.4500;1081.0000;290.3000;64.2612;0.1921;0.0000;-790.7000;0.0000;6.8165;0.0000;-790.7000;0.0000;6.8165;1.0000;0.0000;0.0000;0.0000;0.0000
1900;837.76;802.9500;1252.5500;1061.6000;258.6500;57.5289;0.2401;0.0000;-802.9500;0.0000;6.8165;0.0000;-802.9500;0.0000;6.8165;1.0000;0.0000;0.0000;0.0000;0.0000
1901;837.99;783.0500;1226.5000;1042.3000;259.2500;58.4621;0.2331;0.0000;-783.0500;0.0000;6.8165;0.0000;-783.0500;0.0000;6.8165;1.0000;0.0000;0.0000;0.0000;0.0000
1902;838.21;796.5500;1222.9500;1054.1500;257.6000;60.4128;0.2189;0.0000;-796.5500;0.0000;6.8165;0.0000;-796.5500;0.0000;6.8165;1.0000;0.0000;0.0000;0.0000;0.0000
1903;838.44;789.1500;1225.2000;1046.4000;257.2500;58.9955;0.2292;0.0000;-789.1500;0.0000;6.8165;0.0000;-789.1500;0.0000;6.8165;1.0000;0.0000;0.0000;0.0000;0.0000
1904;838.66;787.3500;1206.4000;1035.3500;248.0000;59.1815;0.2278;0.0000;-787.3500;0.0000;6.8165;0.0000;-787.3500;0.0000;6.8165;1.0000;0.0000;0.0000;0.0000;0.0000
1905;838.89;789.3000;1195.9500;1044.1000;254.8000;62.6583;0.2030;0.0000;-789.3000;0.0000;6.8165;0.0000;-789.3000;0.0000;6.8165;1.0000;0.0000;0.0000;0.0000;0.0000
1906;839.11;784.8000;1199.1000;1027.8500;243.0500;58.6652;0.2316;0.0000;-784.8000;0.0000;6.8165;0.0000;-784.8000;0.0000;6.8165;1.0000;0.0000;0.0000;0.0000;0.0000
1907;839.34;791.2000;1188.0000;1025.8000;234.6000;59.1230;0.2282;0.0000;-791.2000;0.0000;6.8165;0.0000;-791.2000;0.0000;6.8165;1.0000;0.0000;0.0000;0.0000;0.0000
1908;839.56;786.0500;1181.0500;1032.1000;246.0500;62.2911;0.2056;0.0000;-786.0500;0.0000;6.8165;0.0000;-786.0500;0.0000;6.8165;1.0000;0.0000;0.0000;0.0000;0.0000
1909;839.79;790.5500;1183.8000;1033.9500;243.4000;61.8945;0.2083;0.0000;-790.5500;0.0000;6.8165;0.0000;-790.5500;0.0000;6.8165;1.0000;0.0000;0.0000;0.0000;0.0000
1910;840.01;793.8000;1192.9500;1038.9000;245.1000;61.4055;0.2118;0.0000;-793.8000;0.0000;6.8165;0.0000;-793.8000;0.0000;6.8165;1.0000;0.0000;0.0000;0.0000;0.0000
1911;840.24;795.8500;1168.9500;1028.2000;232.3500;62.2755;0.2057;0.0000;-795.8500;0.0000;6.8165;0.0000;-795.8500;0.0000;6.8165;1.0000;0.0000;0.0000;0.0000;0.0000
1912;840.46;783.4000;1188.2500;1020.0000;236.6000;58.4414;0.2333;0.0000;-783.4000;0.0000;6.8165;0.0000;-783.4000;0.0000;6.8165;1.0000;0.0000;0.0000;0.0000;0.0000
1913;840.69;790.5500;1182.8000;1024.9000;234.3500;59.7451;0.2237;0.0000;-790.5500;0.0000;6.8165;0.0000;-790.5500;0.0000;6.8165;1.0000;0.0000;0.0000;0.0000;0.0000
1914;840.91;789.6500;1183.6000;1045.1500;255.5000;64.8559;0.1881;0.0000;-789.6500;0.0000;6.8165;0.0000;-789.6500;0.0000;6.8165;1.0000;0.0000;0.0000;0.0000;0.0000
1915;841.13;787.3500;1175.2500;1022.2500;234.9000;60.5568;0.2178;0.0000;-787.3500;0.0000;6.8165;0.0000;-787.3500;0.0000;6.8165;1.0000;0.0000;0.0000;0.0000;0.0000
1916;841.36;798.8000;1186.1000;1043.6000;244.8000;63.2068;0.1992;0.0000;-798.8000;0.0000;6.8165;0.0000;-798.8000;0.0000;6.8165;1.0000;0.0000;0.0000;0.0000;0.0000
1917;841.58;794.7500;1168.4500;1049.7500;255.0000;68.2366;0.1660;0.0000;-794.7500;0.0000;6.8165;0.0000;-794.7500;0.0000;6.8165;1.0000;0.0000;0.0000;0.0000;0.0000
1918;841.81;777.0000;1170.1000;1029.9500;252.9500;64.3475;0.1915;0.0000;-777.0000;0.0000;6.8165;0.0000;-777.0000;0.0000;6.8165;1.0000;0.0000;0.0000;0.0000;0.0000
1919;842.03;778.0500;1195.6500;1042.1500;264.1000;63.2423;0.1990;0.0000;-778.0500;0.0000;6.8165;0.0000;-778.0500;0.0000;6.8165;1.0000;0.0000;0.0000;0.0000;0.0000
1920;842.25;779.8500;1187.6000;1031.5000;251.6500;61.7167;0.2096;0.0000;-779.8500;0.0000;6.8165;0.0000;-779.8500;0.0000;6.8165;1.0000;0.0000;0.0000;0.0000;0.0000
1921;842.48;788.7000;1184.6500;1029.8500;241.1500;60.9042;0.2154;0.0000;-788.7000;0.0000;6.8165;0.0000;-788.7000;0.0000;6.8165;1.0000;0.0000;0.0000;0.0000;0.0000
1922;842.70;795.7000;1178.5500;1055.2500;259.5500;67.7942;0.1688;0.0000;-795.7000;0.0000;6.8165;0.0000;-795.7000;0.0000;6.8165;1.0000;0.0000;0.0000;0.0000;0.0000
1923;842.92;782.5500;1191.1000;1036.1500;253.6000;62.0732;0.2071;0.0000;-782.5500;0.0000;6.8165;0.0000;-782.5500;0.0000;6.8165;1.0000;0.0000;0.0000;0.0000;0.0000
1924;843.15;777.7500;1196.3500;1040.7500;263.0000;62.8285;0.2018;0.0000;-777.7500;0.0000;6.8165;0.0000;-777.7500;0.0000;6.8165;1.0000;0.0000;0.0000;0.0000;0.0000
1925;843.37;776.9500;1179.8500;1029.5500;252.6000;62.6955;0.2028;0.0000;-776.9500;0.0000;6.8165;0.0000;-776.9500;0.0000;6.8165;1.0000;0.0000;0.0000;0.0000;0.0000
1926;843.59;779.1500;1185.3500;1032.2000;253.0500;62.2969;0.2055;0.0000;-779.1500;0.0000;6.8165;0.0000;-779.1500;0.0000;6.8165;1.0000;0.0000;0.0000;0.0000;0.0000
1927;843.82;784.7500;1183.0500;1015.8000;231.0500;58.0090;0.2365;0.0000;-784.7500;0.0000;6.8165;0.0000;-784.7500;0.0000;6.8165;1.0000;0.0000;0.0000;0.0000;0.0000
1928;844.04;784.2500;1179.0500;1011.1000;226.8500;57.4595;0.2406;0.0000;-784.2500;0.0000;6.8165;0.0000;-784.2500;0.0000;6.8165;1.0000;0.0000;0.0000;0.0000;0.0000
1929;844.26;777.6500;1167.5000;1014.4500;236.8000;60.7413;0.2165;0.0000;-777.6500;0.0000;6.8165;0.0000;-777.6500;0.0000;6.8165;1.0000;0.0000;0.0000;0.0000;0.0000
1930;844.49;785.0500;1179.3500;1020.5500;235.5000;59.7261;0.2238;0.0000;-785.0500;0.0000;6.8165;0.0000;-785.0500;0.0000;6.8165;1.0000;0.0000;0.0000;0.0000;0.0000
1931;844.71;782.5500;1161.9500;1007.0000;224.4500;59.1592;0.2280;0.0000;-782.5500;0.0000;6.8165;0.0000;-782.5500;0.0000;6.8165;1.0000;0.0000;0.0000;0.0000;0.0000
1932;844.93;793.9500;1169.5000;1005.4500;211.5000;56.3174;0.2494;0.0000;-793.9500;0.0000;6.8165;0.0000;-793.9500;0.0000;6.8165;1.0000;0.0000;0.0000;0.0000;0.0000
1933;845.15;800.8500;1154.9000;1013.6500;212.8000;60.1045;0.2211;0.0000;-800.8500;0.0000;6.8165;0.0000;-800.8500;0.0000;6.8165;1.0000;0.0000;0.0000;0.0000;0.0000
1934;845.38;780.8500;1132.7000;1013.2500;232.4000;66.0509;0.1801;0.0000;-780.8500;0.0000;6.8165;0.0000;-780.8500;0.0000;6.8165;1.0000;0.0000;0.0000;0.0000;0.0000
1935;845.60;779.0000;1120.7000;996.0500;217.0500;63.5206;0.1971;0.0000;-779.0000;0.0000;6.8165;0.0000;-779.0000;0.0000;6.8165;1.0000;0.0000;0.0000;0.0000;0.0000
1936;845.82;785.5000;1146.0000;1004.5000;219.0000;60.7490;0.2165;0.0000;-785.5000;0.0000;6.8165;0.0000;-785.5000;0.0000;6.8165;1.0000;0.0000;0.0000;0.0000;0.0000
1937;846.04;810.4000;1155.8500;1000.0000;189.6000;54.8849;0.2605;0.0000;-810.4000;0.0000;6.8165;0.0000;-810.4000;0.0000;6.8165;1.0000;0.0000;0.0000;0.0000;0.0000
1938;846.26;790.5500;1154.6500;1003.4500;212.9000;58.4729;0.2330;0.0000;-790.5500;0.0000;6.8165;0.0000;-790.5500;0.0000;6.8165;1.0000;0.0000;0.0000;0.0000;0.0000
1939;846.48;786.8500;1145.4000;1013.0000;226.1500;63.0735;0.2002;0.0000;-786.8500;0.0000;6.8165;0.0000;-786.8500;0.0000;6.8165;1.0000;0.0000;0.0000;0.0000;0.0000
1940;846.71;782.4500;1139.2000;1005.1000;222.6500;62.4107;0.2047;0.0000;-782.4500;0.0000;6.8165;0.0000;-782.4500;0.0000;6.8165;1.0000;0.0000;0.0000;0.0000;0.0000
1941;846.93;777.3500;1122.4000;1002.2500;224.9000;65.1790;0.1859;0.0000;-777.3500;0.0000;6.8165;0.0000;-777.3500;0.0000;6.8165;1.0000;0.0000;0.0000;0.0000;0.0000
1942;847.15;802.5500;1132.8000;1006.5500;204.0000;61.7714;0.2092;0.0000;-802.5500;0.0000;6.8165;0.0000;-802.5500;0.0000;6.8165;1.0000;0.0000;0.0000;0.0000;0.0000
1943;847.37;789.6500;1130.6000;1003.5000;213.8500;62.7218;0.2026;0.0000;-789.6500;0.0000;6.8165;0.0000;-789.6500;0.0000;6.8165;1.0000;0.0000;0.0000;0.0000;0.0000
1944;847.59;780.0500;1117.8500;990.8000;210.7500;62.3890;0.2049;0.0000;-780.0500;0.0000;6.8165;0.0000;-780.0500;0.0000;6.8165;1.0000;0.0000;0.0000;0.0000;0.0000
1945;847.81;784.5500;1110.0500;998.6500;214.1000;65.7757;0.1819;0.0000;-784.5500;0.0000;6.8165;0.0000;-784.5500;0.0000;6.8165;1.0000;0.0000;0.0000;0.0000;0.0000
1946;848.03;791.7500;1139.2000;1001.4000;209.6500;60.3396;0.2194;0.0000;-791.7500;0.0000;6.8165;0.0000;-791.7500;0.0000;6.8165;1.0000;0.0000;0.0000;0.0000;0.0000
1947;848.26;787.7000;1122.8000;989.0500;201.3500;60.0865;0.2212;0.0000;-787.7000;0.0000;6.8165;0.0000;-787.7000;0.0000;6.8165;1.0000;0.0000;0.0000;0.0000;0.0000
1948;848.48;775.0500;1126.1000;994.5500;219.5000;62.5267;0.2039;0.0000;-775.0500;0.0000;6.8165;0.0000;-775.0500;0.0000;6.8165;1.0000;0.0000;0.0000;0.0000;0.0000
1949;848.70;775.2000;1134.8500;991.5000;216.3000;60.1418;0.2208;0.0000;-775.2000;0.0000;6.8165;0.0000;-775.2000;0.0000;6.8165;1.0000;0.0000;0.0000;0.0000;0.0000
1950;848.92;787.2500;1121.2500;989.5500;202.3000;60.5689;0.2178;0.0000;-787.2500;0.0000;6.8165;0.0000;-787.2500;0.0000;6.8165;1.0000;0.0000;0.0000;0.0000;0.0000
1951;849.14;790.0000;1142.0500;995.2500;205.2500;58.3014;0.2343;0.0000;-790.0000;0.0000;6.8165;0.0000;-790.0000;0.0000;6.8165;1.0000;0.0000;0.0000;0.0000;0.0000
1952;849.36;784.6500;1130.8500;999.1500;214.5000;61.9584;0.2079;0.0000;-784.6500;0.0000;6.8165;0.0000;-784.6500;0.0000;6.8165;1.0000;0.0000;0.0000;0.0000;0.0000
1953;849.58;777.8500;1115.5000;1002.4000;224.5500;66.5038;0.1772;0.0000;-777.8500;0.0000;6.8165;0.0000;-777.8500;0.0000;6.8165;1.0000;0.0000;0.0000;0.0000;0.0000
1954;849.80;782.5500;1119.8000;1004.8500;222.3000;65.9155;0.1810;0.0000;-782.5500;0.0000;6.8165;0.0000;-782.5500;0.0000;6.8165;1.0000;0.0000;0.0000;0.0000;0.0000
1955;850.02;792.1000;1116.1000;1001.9500;209.8500;64.7685;0.1886;0.0000;-792.1000;0.0000;6.8165;0.0000;-792.1000;0.0000;6.8165;1.0000;0.0000;0.0000;0.0000;0.0000
1956;850.24;790.3500;1113.8500;988.6500;198.3000;61.2983;0.2126;0.0000;-790.3500;0.0000;6.8165;0.0000;-790.3500;0.0000;6.8165;1.0000;0.0000;0.0000;0.0000;0.0000
1957;850.46;783.9000;1102.7500;1000.1000;216.2000;67.8062;0.1687;0.0000;-783.9000;0.0000;6.8165;0.0000;-783.9000;0.0000;6.8165;1.0000;0.0000;0.0000;0.0000;0.0000
1958;850.68;798.4000;1137.2000;996.0500;197.6500;58.3383;0.2340;0.0000;-798.4000;0.0000;6.8165;0.0000;-798.4000;0.0000;6.8165;1.0000;0.0000;0.0000;0.0000;0.0000
1959;850.90;780.3500;1118.0500;993.0000;212.6500;62.9701;0.2009;0.0000;-780.3500;0.0000;6.8165;0.0000;-780.3500;0.0000;6.8165;1.0000;0.0000;0.0000;0.0000;0.0000
1960;851.12;785.6000;1119.9000;982.6500;197.0500;58.9441;0.2296;0.0000;-785.6000;0.0000;6.8165;0.0000;-785.6000;0.0000;6.8165;1.0000;0.0000;0.0000;0.0000;0.0000
1961;851.34;783.3000;1113.1000;988.7500;205.4500;62.2953;0.2055;0.0000;-783.3000;0.0000;6.8165;0.0000;-783.3000;0.0000;6.8165;1.0000;0.0000;0.0000;0.0000;0.0000
1962;851.56;788.1500;1135.2500;1002.9500;214.8000;61.8842;0.2084;0.0000;-788.1500;0.0000;6.8165;0.0000;-788.1500;0.0000;6.8165;1.0000;0.0000;0.0000;0.0000;0.0000
1963;851.78;784.6000;1108.9000;980.2500;195.6500;60.3299;0.2195;0.0000;-784.6000;0.0000;6.8165;0.0000;-784.6000;0.0000;6.8165;1.0000;0.0000;0.0000;0.0000;0.0000
1964;852.00;800.0000;1115.2500;980.4500;180.4500;57.2403;0.2423;0.0000;-800.0000;0.0000;6.8165;0.0000;-800.0000;0.0000;6.8165;1.0000;0.0000;0.0000;0.0000;0.0000
1965;852.21;785.5500;1116.9500;993.2500;207.7000;62.6735;0.2029;0.0000;-785.5500;0.0000;6.8165;0.0000;-785.5500;0.0000;6.8165;1.0000;0.0000;0.0000;0.0000;0.0000
1966;852.43;784.1000;1118.7000;997.8000;213.7000;63.8673;0.1947;0.0000;-784.1000;0.0000;6.8165;0.0000;-784.1000;0.0000;6.8165;1.0000;0.0000;0.0000;0.0000;0.0000
1967;852.65;794.9500;1123.2000;998.6000;203.6500;62.0411;0.2073;0.0000;-794.9500;0.0000;6.8165;0.0000;-794.9500;0.0000;6.8165;1.0000;0.0000;0.0000;0.0000;0.0000
1968;852.87;788.4000;1124.6000;1001.3500;212.9500;63.3403;0.1983;0.0000;-788.4000;0.0000;6.8165;0.0000;-788.4000;0.0000;6.8165;1.0000;0.0000;0.0000;0.0000;0.0000
1969;853.09;792.0000;1107.4000;987.9500;195.9500;62.1275;0.2067;0.0000;-792.0000;0.0000;6.8165;0.0000;-792.0000;0.0000;6.8165;1.0000;0.0000;0.0000;0.0000;0.0000
1970;853.31;780.0000;1116.8500;990.7000;210.7000;62.5501;0.2038;0.0000;-780.0000;0.0000;6.8165;0.0000;-780.0000;0.0000;6.8165;1.0000;0.0000;0.0000;0.0000;0.0000
1971;853.53;785.2500;1092.1000;973.9500;188.7000;61.4958;0.2112;0.0000;-785.2500;0.0000;6.8165;0.0000;-785.2500;0.0000;6.8165;1.0000;0.0000;0.0000;0.0000;0.0000
1972;853.74;780.2000;1095.5500;984.0000;203.8000;64.6266;0.1896;0.0000;-780.2000;0.0000;6.8165;0.0000;-780.2000;0.0000;6.8165;1.0000;0.0000;0.0000;0.0000;0.0000
1973;853.96;780.1500;1101.8000;976.1000;195.9500;60.9203;0.2152;0.0000;-780.1500;0.0000;6.8165;0.0000;-780.1500;0.0000;6.8165;1.0000;0.0000;0.0000;0.0000;0.0000
1974;854.18;778.5000;1093.7000;971.4500;192.9500;61.2151;0.2131;0.0000;-778.5000;0.0000;6.8165;0.0000;-778.5000;0.0000;6.8165;1.0000;0.0000;0.0000;0.0000;0.0000
1975;854.40;781.9500;1103.2000;979.9000;197.9500;61.6187;0.2103;0.0000;-781.9500;0.0000;6.8165;0.0000;-781.9500;0.0000;6.8165;1.0000;0.0000;0.0000;0.0000;0.0000
1976;854.62;779.9000;1084.6500;985.0000;205.1000;67.3011;0.1720;0.0000;-779.9000;0.0000;6.8165;0.0000;-779.9000;0.0000;6.8165;1.0000;0.0000;0.0000;0.0000;0.0000
1977;854.83;782.8000;1095.1500;971.3000;188.5000;60.3490;0.2193;0.0000;-782.8000;0.0000;6.8165;0.0000;-782.8000;0.0000;6.8165;1.0000;0.0000;0.0000;0.0000;0.0000
1978;855.05;787.9500;1094.9000;982.7000;194.7500;63.4468;0.1976;0.0000;-787.9500;0.0000;6.8165;0.0000;-787.9500;0.0000;6.8165;1.0000;0.0000;0.0000;0.0000;0.0000
1979;855.27;772.5500;1087.7500;986.4000;213.8500;67.8458;0.1685;0.0000;-772.5500;0.0000;6.8165;0.0000;-772.5500;0.0000;6.8165;1.0000;0.0000;0.0000;0.0000;0.0000
1980;855.49;782.3000;1093.6500;984.1000;201.8000;64.8145;0.1883;0.0000;-782.3000;0.0000;6.8165;0.0000;-782.3000;0.0000;6.8165;1.0000;0.0000;0.0000;0.0000;0.0000
1981;855.71;790.1500;1093.9000;981.4000;191.2500;62.9630;0.2009;0.0000;-790.1500;0.0000;6.8165;0.0000;-790.1500;0.0000;6.8165;1.0000;0.0000;0.0000;0.0000;0.0000
1982;855.92;783.1500;1073.7000;986.1000;202.9500;69.8503;0.1558;0.0000;-783.1500;0.0000;6.8165;0.0000;-783.1500;0.0000;6.8165;1.0000;0.0000;0.0000;0.0000;0.0000
1983;856.14;791.4000;1089.9500;977.7500;186.3500;62.4184;0.2047;0.0000;-791.4000;0.0000;6.8165;0.0000;-791.4000;0.0000;6.8165;1.0000;0.0000;0.0000;0.0000;0.0000
1984;856.36;776.9500;1085.3500;964.2500;187.3000;60.7328;0.2166;0.0000;-776.9500;0.0000;6.8165;0.0000;-776.9500;0.0000;6.8165;1.0000;0.0000;0.0000;0.0000;0.0000
1985;856.57;777.4000;1089.7500;963.0500;185.6500;59.4365;0.2259;0.0000;-777.4000;0.0000;6.8165;0.0000;-777.4000;0.0000;6.8165;1.0000;0.0000;0.0000;0.0000;0.0000
1986;856.79;786.1500;1079.2500;972.2000;186.0500;63.4766;0.1974;0.0000;-786.1500;0.0000;6.8165;0.0000;-786.1500;0.0000;6.8165;1.0000;0.0000;0.0000;0.0000;0.0000
1987;857.01;779.9500;1094.8500;981.5500;201.6000;64.0203;0.1937;0.0000;-779.9500;0.0000;6.8165;0.0000;-779.9500;0.0000;6.8165;1.0000;0.0000;0.0000;0.0000;0.0000
1988;857.22;789.8000;1091.7500;961.8000;172.0000;56.9631;0.2444;0.0000;-789.8000;0.0000;6.8165;0.0000;-789.8000;0.0000;6.8165;1.0000;0.0000;0.0000;0.0000;0.0000
1989;857.44;784.9500;1084.6000;974.2000;189.2500;63.1570;0.1996;0.0000;-784.9500;0.0000;6.8165;0.0000;-784.9500;0.0000;6.8165;1.0000;0.0000;0.0000;0.0000;0.0000
1990;857.66;779.3000;1095.8000;972.4000;193.1000;61.0111;0.2146;0.0000;-779.3000;0.0000;6.8165;0.0000;-779.3000;0.0000;6.8165;1.0000;0.0000;0.0000;0.0000;0.0000
1991;857.87;785.4000;1071.2000;974.4000;189.0000;66.1302;0.1796;0.0000;-785.4000;0.0000;6.8165;0.0000;-785.4000;0.0000;6.8165;1.0000;0.0000;0.0000;0.0000;0.0000
1992;858.09;778.0500;1067.3500;966.8000;188.7500;65.2437;0.1855;0.0000;-778.0500;0.0000;6.8165;0.0000;-778.0500;0.0000;6.8165;1.0000;0.0000;0.0000;0.0000;0.0000
1993;858.31;783.3000;1079.8000;965.0000;181.7000;61.2816;0.2127;0.0000;-783.3000;0.0000;6.8165;0.0000;-783.3000;0.0000;6.8165;1.0000;0.0000;0.0000;0.0000;0.0000
1994;858.52;787.1500;1068.7500;977.3500;190.2000;67.5426;0.1704;0.0000;-787.1500;0.0000;6.8165;0.0000;-787.1500;0.0000;6.8165;1.0000;0.0000;0.0000;0.0000;0.0000
1995;858.74;783.6000;1081.4500;975.7000;192.1000;64.4956;0.1905;0.0000;-783.6000;0.0000;6.8165;0.0000;-783.6000;0.0000;6.8165;1.0000;0.0000;0.0000;0.0000;0.0000
1996;858.95;789.5000;1079.3000;956.7000;167.2000;57.6950;0.2389;0.0000;-789.5000;0.0000;6.8165;0.0000;-789.5000;0.0000;6.8165;1.0000;0.0000;0.0000;0.0000;0.0000
1997;859.17;785.7000;1075.8500;959.3000;173.6000;59.8311;0.2231;0.0000;-785.7000;0.0000;6.8165;0.0000;-785.7000;0.0000;6.8165;1.0000;0.0000;0.0000;0.0000;0.0000
1998;859.39;782.1000;1067.7000;960.2000;178.1000;62.3599;0.2051;0.0000;-782.1000;0.0000;6.8165;0.0000;-782.1000;0.0000;6.8165;1.0000;0.0000;0.0000;0.0000;0.0000
1999;859.60;789.3000;1080.4000;977.3000;188.0000;64.5826;0.1899;0.0000;-789.3000;0.0000;6.8165;0.0000;-789.3000;0.0000;6.8165;1.0000;0.0000;0.0000;0.0000;0.0000
2000;859.82;798.1500;1061.8500;967.1000;168.9500;64.0690;0.1934;0.0000;-798.1500;0.0000;6.8165;0.0000;-798.1500;0.0000;6.8165;1.0000;0.0000;0.0000;0.0000;0.0000
2001;860.03;801.4000;1073.9000;965.9500;164.5500;60.3853;0.2191;0.0000;-801.4000;0.0000;6.8165;0.0000;-801.4000;0.0000;6.8165;1.0000;0.0000;0.0000;0.0000;0.0000
2002;860.25;793.6000;1071.4000;954.7000;161.1000;57.9914;0.2366;0.0000;-793.6000;0.0000;6.8165;0.0000;-793.6000;0.0000;6.8165;1.0000;0.0000;0.0000;0.0000;0.0000
2003;860.46;777.4500;1064.0500;975.2500;197.8000;69.0161;0.1610;0.0000;-777.4500;0.0000;6.8165;0.0000;-777.4500;0.0000;6.8165;1.0000;0.0000;0.0000;0.0000;0.0000
2004;860.68;792.3500;1061.5000;970.4500;178.1000;66.1713;0.1793;0.0000;-792.3500;0.0000;6.8165;0.0000;-792.3500;0.0000;6.8165;1.0000;0.0000;0.0000;0.0000;0.0000
2005;860.89;786.2000;1043.0500;951.6000;165.4000;64.3956;0.1911;0.0000;-786.2000;0.0000;6.8165;0.0000;-786.2000;0.0000;6.8165;1.0000;0.0000;0.0000;0.0000;0.0000
2006;861.11;787.4000;1063.9500;957.8500;170.4500;61.6344;0.2102;0.0000;-787.4000;0.0000;6.8165;0.0000;-787.4000;0.0000;6.8165;1.0000;0.0000;0.0000;0.0000;0.0000
2007;861.32;784.9500;1041.4000;963.6500;178.7000;69.6822;0.1569;0.0000;-784.9500;0.0000;6.8165;0.0000;-784.9500;0.0000;6.8165;1.0000;0.0000;0.0000;0.0000;0.0000
2008;861.54;799.0500;1052.0000;955.6000;156.5500;61.8897;0.2084;0.0000;-799.0500;0.0000;6.8165;0.0000;-799.0500;0.0000;6.8165;1.0000;0.0000;0.0000;0.0000;0.0000
2009;861.75;791.3500;1046.7500;933.3500;142.0000;55.5991;0.2549;0.0000;-791.3500;0.0000;6.8165;0.0000;-791.3500;0.0000;6.8165;1.0000;0.0000;0.0000;0.0000;0.0000
2010;861.96;778.3000;1032.2500;948.6500;170.3500;67.0801;0.1734;0.0000;-778.3000;0.0000;6.8165;0.0000;-778.3000;0.0000;6.8165;1.0000;0.0000;0.0000;0.0000;0.0000
2011;862.18;769.2500;1046.3500;944.0000;174.7500;63.0639;0.2002;0.0000;-769.2500;0.0000;6.8165;0.0000;-769.2500;0.0000;6.8165;1.0000;0.0000;0.0000;0.0000;0.0000
2012;862.39;786.3000;1040.0500;943.1500;156.8500;61.8128;0.2089;0.0000;-786.3000;0.0000;6.8165;0.0000;-786.3000;0.0000;6.8165;1.0000;0.0000;0.0000;0.0000;0.0000
2013;862.61;790.7000;1036.6500;939.3000;148.6000;60.4188;0.2188;0.0000;-790.7000;0.0000;6.8165;0.0000;-790.7000;0.0000;6.8165;1.0000;0.0000;0.0000;0.0000;0.0000
2014;862.82;774.9500;1027.4500;935.7500;160.8000;63.6832;0.1960;0.0000;-774.9500;0.0000;6.8165;0.0000;-774.9500;0.0000;6.8165;1.0000;0.0000;0.0000;0.0000;0.0000
2015;863.03;781.1000;1027.4500;938.9500;157.8500;64.0755;0.1933;0.0000;-781.1000;0.0000;6.8165;0.0000;-781.1000;0.0000;6.8165;1.0000;0.0000;0.0000;0.0000;0.0000
2016;863.25;778.9500;1040.9500;926.8000;147.8500;56.4313;0.2485;0.0000;-778.9500;0.0000;6.8165;0.0000;-778.9500;0.0000;6.8165;1.0000;0.0000;0.0000;0.0000;0.0000
2017;863.46;781.8500;1026.9000;929.7000;147.8500;60.3346;0.2194;0.0000;-781.8500;0.0000;6.8165;0.0000;-781.8500;0.0000;6.8165;1.0000;0.0000;0.0000;0.0000;0.0000
2018;863.68;768.7000;1017.2500;933.6000;164.9000;66.3448;0.1782;0.0000;-768.7000;0.0000;6.8165;0.0000;-768.7000;0.0000;6.8165;1.0000;0.0000;0.0000;0.0000;0.0000
2019;863.89;770.2500;1023.8500;936.2000;165.9500;65.4377;0.1842;0.0000;-770.2500;0.0000;6.8165;0.0000;-770.2500;0.0000;6.8165;1.0000;0.0000;0.0000;0.0000;0.0000
2020;864.10;797.5500;1019.3500;927.1000;129.5500;58.4085;0.2335;0.0000;-797.5500;0.0000;6.8165;0.0000;-797.5500;0.0000;6.8165;1.0000;0.0000;0.0000;0.0000;0.0000
2021;864.32;790.9500;1019.4500;926.6500;135.7000;59.3873;0.2263;0.0000;-790.9500;0.0000;6.8165;0.0000;-790.9500;0.0000;6.8165;1.0000;0.0000;0.0000;0.0000;0.0000
2022;864.53;778.5000;1011.5500;936.1000;157.6000;67.6250;0.1699;0.0000;-778.5000;0.0000;6.8165;0.0000;-778.5000;0.0000;6.8165;1.0000;0.0000;0.0000;0.0000;0.0000
2023;864.74;794.9000;1011.9500;945.3500;150.4500;69.3158;0.1592;0.0000;-794.9000;0.0000;6.8165;0.0000;-794.9000;0.0000;6.8165;1.0000;0.0000;0.0000;0.0000;0.0000
2024;864.95;785.8500;1035.5500;921.4000;135.5500;54.2851;0.2653;0.0000;-785.8500;0.0000;6.8165;0.0000;-785.8500;0.0000;6.8165;1.0000;0.0000;0.0000;0.0000;0.0000
2025;865.17;792.1000;1019.6000;930.9500;138.8500;61.0330;0.2144;0.0000;-792.1000;0.0000;6.8165;0.0000;-792.1000;0.0000;6.8165;1.0000;0.0000;0.0000;0.0000;0.0000
2026;865.38;794.3500;1026.7000;942.9000;148.5500;63.9337;0.1943;0.0000;-794.3500;0.0000;6.8165;0.0000;-794.3500;0.0000;6.8165;1.0000;0.0000;0.0000;0.0000;0.0000
2027;865.59;786.3500;1013.2500;943.6000;157.2500;69.3037;0.1592;0.0000;-786.3500;0.0000;6.8165;0.0000;-786.3500;0.0000;6.8165;1.0000;0.0000;0.0000;0.0000;0.0000
2028;865.81;793.8500;1005.7500;944.9000;151.0500;71.2836;0.1470;0.0000;-793.8500;0.0000;6.8165;0.0000;-793.8500;0.0000;6.8165;1.0000;0.0000;0.0000;0.0000;0.0000
2029;866.02;769.8500;1011.7500;931.8000;161.9500;66.9492;0.1743;0.0000;-769.8500;0.0000;6.8165;0.0000;-769.8500;0.0000;6.8165;1.0000;0.0000;0.0000;0.0000;0.0000
2030;866.23;778.9500;999.9500;930.0000;151.0500;68.3484;0.1653;0.0000;-778.9500;0.0000;6.8165;0.0000;-778.9500;0.0000;6.8165;1.0000;0.0000;0.0000;0.0000;0.0000
2031;866.44;780.2000;1009.7500;943.5000;163.3000;71.1392;0.1479;0.0000;-780.2000;0.0000;6.8165;0.0000;-780.2000;0.0000;6.8165;1.0000;0.0000;0.0000;0.0000;0.0000
2032;866.65;776.6500;1007.1500;934.3000;157.6500;68.3948;0.1650;0.0000;-776.6500;0.0000;6.8165;0.0000;-776.6500;0.0000;6.8165;1.0000;0.0000;0.0000;0.0000;0.0000
2033;866.87;767.8500;998.1000;925.9000;158.0500;68.6428;0.1634;0.0000;-767.8500;0.0000;6.8165;0.0000;-767.8500;0.0000;6.8165;1.0000;0.0000;0.0000;0.0000;0.0000
2034;867.08;791.7000;1005.7000;928.4000;136.7000;63.8785;0.1946;0.0000;-791.7000;0.0000;6.8165;0.0000;-791.7000;0.0000;6.8165;1.0000;0.0000;0.0000;0.0000;0.0000
2035;867.29;786.4000;1001.0500;941.5000;155.1000;72.2572;0.1411;0.0000;-786.4000;0.0000;6.8165;0.0000;-786.4000;0.0000;6.8165;1.0000;0.0000;0.0000;0.0000;0.0000
2036;867.50;779.2000;1015.1500;925.0000;145.8000;61.7928;0.2091;0.0000;-779.2000;0.0000;6.8165;0.0000;-779.2000;0.0000;6.8165;1.0000;0.0000;0.0000;0.0000;0.0000
2037;867.71;787.1500;999.9000;929.3000;142.1500;66.8155;0.1751;0.0000;-787.1500;0.0000;6.8165;0.0000;-787.1500;0.0000;6.8165;1.0000;0.0000;0.0000;0.0000;0.0000
2038;867.92;774.5500;1004.4000;928.5500;154.0000;67.0002;0.1739;0.0000;-774.5500;0.0000;6.8165;0.0000;-774.5500;0.0000;6.8165;1.0000;0.0000;0.0000;0.0000;0.0000
2039;868.14;781.7000;989.7000;929.4500;147.7500;71.0337;0.1485;0.0000;-781.7000;0.0000;6.8165;0.0000;-781.7000;0.0000;6.8165;1.0000;0.0000;0.0000;0.0000;0.0000
2040;868.35;790.3500;998.7000;932.3500;142.0000;68.1545;0.1665;0.0000;-790.3500;0.0000;6.8165;0.0000;-790.3500;0.0000;6.8165;1.0000;0.0000;0.0000;0.0000;0.0000
2041;868.56;782.4500;978.1500;932.2500;149.8000;76.5457;0.1161;0.0000;-782.4500;0.0000;6.8165;0.0000;-782.4500;0.0000;6.8165;1.0000;0.0000;0.0000;0.0000;0.0000
2042;868.77;791.5000;1008.0500;940.2000;148.7000;68.6677;0.1632;0.0000;-791.5000;0.0000;6.8165;0.0000;-791.5000;0.0000;6.8165;1.0000;0.0000;0.0000;0.0000;0.0000
2043;868.98;771.2000;993.4500;923.0500;151.8500;68.3240;0.1654;0.0000;-771.2000;0.0000;6.8165;0.0000;-771.2000;0.0000;6.8165;1.0000;0.0000;0.0000;0.0000;0.0000
2044;869.19;794.3500;1007.3500;906.7000;112.3500;52.7465;0.2778;0.0000;-794.3500;0.0000;6.8165;0.0000;-794.3500;0.0000;6.8165;1.0000;0.0000;0.0000;0.0000;0.0000
2045;869.40;773.9000;971.4500;920.9500;147.0500;74.4369;0.1282;0.0000;-773.9000;0.0000;6.8165;0.0000;-773.9000;0.0000;6.8165;1.0000;0.0000;0.0000;0.0000;0.0000
2046;869.61;780.0500;1003.5500;911.1000;131.0500;58.6353;0.2318;0.0000;-780.0500;0.0000;6.8165;0.0000;-780.0500;0.0000;6.8165;1.0000;0.0000;0.0000;0.0000;0.0000
2047;869.82;784.0000;1003.1500;924.9000;140.9000;64.2939;0.1918;0.0000;-784.0000;0.0000;6.8165;0.0000;-784.0000;0.0000;6.8165;1.0000;0.0000;0.0000;0.0000;0.0000
