Date;2006-12-03 13:59:34
title;IBD
model;BTC112
c code;IBD
operator;
port1;0
baud1;3
pixel_start;0
pixel_end;2047
step;1
units;1
bkcolor;16777215
show_mode;0
data_mode;0
pixel_mode;0
intigration times;5
average number;20
spectrometer_type ;14
yaxis;1
yaxis_min;0
yaxis_max;65535
xaxis;1
xaxis_min;0
xaxis_max;2047
coefs_a0;231.943084241822
coefs_a1;0.406994147595924
coefs_a2;-4.3775084135389E-5
coefs_a3;-1.3768865065993E-9
coefs_b0;-728.069070757367
coefs_b1;3.36508502946526
coefs_b2;-0.0019617714298974
coefs_b3;2.01154622732E-6
all_data_save;1
select_option;-1
interval_time;50
pixel_num;2048
sel_pixel_start;0
sel_pixel_end;2047
sel_pixel_delta;1
dark_compensate;0
dark_compensate_value_1;0
dark_compensate_value_2;0
dark_compensate_value_3;0
monitor pixel_0;0
monitor pixel_1;0
monitor pixel_2;0
monitor pixel_3;0
monitor pixel_4;0
monitor pixel_5;0
vertical_line3_wv;250
vertical_line4_wv;250
vertical_line_flag;0
vertical_line_ratio;0
overlay_js;0
Pixel;Wavelength;Dark;Reference;Raw data #1;Dark Subtracted #1;%TR #1;Absorbance #1;Raw data #2;Dark Subtracted #2;%TR #2;Absorbance #2;Raw data #3;Dark Subtracted #3;%TR #3;Absorbance #3;Errands Ref;Errands Fit;Irradiance_1;Irradiance_2;Irradiance_3
0;231.94;782.0500;773.1500;758.0500;-24.0000;110.0000;-0.0414;0.0000;-782.0500;0.0000;6.8165;0.0000;-782.0500;0.0000;6.8165;1.0000;0.0000;0.0000;0.0000;0.0000
1;232.35;782.0500;773.1500;758.0500;-24.0000;110.0000;-0.0414;0.0000;-782.0500;0.0000;6.8165;0.0000;-782.0500;0.0000;6.8165;1.0000;0.0000;0.0000;0.0000;0.0000
2;232.76;785.2500;776.0000;782.2500;-3.0000;32.4324;0.4890;0.0000;-785.2500;0.0000;6.8165;0.0000;-785.2500;0.0000;6.8165;1.0000;0.0000;0.0000;0.0000;0.0000
3;233.16;738.4000;752.1500;699.8500;-38.5500;0.0000;6.8165;0.0000;-738.4000;0.0000;6.8165;0.0000;-738.4000;0.0000;6.8165;1.0000;0.0000;0.0000;0.0000;0.0000
4;233.57;795.0000;772.8500;759.6500;-35.3500;110.0000;-0.0414;0.0000;-795.0000;0.0000;6.8165;0.0000;-795.0000;0.0000;6.8165;1.0000;0.0000;0.0000;0.0000;0.0000
5;233.98;788.2000;770.3000;776.1500;-12.0500;67.3184;0.1719;0.0000;-788.2000;0.0000;6.8165;0.0000;-788.2000;0.0000;6.8165;1.0000;0.0000;0.0000;0.0000;0.0000
6;234.38;789.6000;771.0500;790.8000;1.2000;0.0000;6.8165;0.0000;-789.6000;0.0000;6.8165;0.0000;-789.6000;0.0000;6.8165;1.0000;0.0000;0.0000;0.0000;0.0000
7;234.79;815.2000;781.5000;784.0500;-31.1500;92.4332;0.0342;0.0000;-815.2000;0.0000;6.8165;0.0000;-815.2000;0.0000;6.8165;1.0000;0.0000;0.0000;0.0000;0.0000
8;235.20;809.9500;778.3000;770.9500;-39.0000;110.0000;-0.0414;0.0000;-809.9500;0.0000;6.8165;0.0000;-809.9500;0.0000;6.8165;1.0000;0.0000;0.0000;0.0000;0.0000
9;235.60;796.0000;776.4500;774.3000;-21.7000;110.0000;-0.0414;0.0000;-796.0000;0.0000;6.8165;0.0000;-796.0000;0.0000;6.8165;1.0000;0.0000;0.0000;0.0000;0.0000
10;236.01;786.6000;767.6000;776.6500;-9.9500;52.3684;0.2809;0.0000;-786.6000;0.0000;6.8165;0.0000;-786.6000;0.0000;6.8165;1.0000;0.0000;0.0000;0.0000;0.0000
11;236.41;799.6500;757.1500;770.1000;-29.5500;69.5294;0.1578;0.0000;-799.6500;0.0000;6.8165;0.0000;-799.6500;0.0000;6.8165;1.0000;0.0000;0.0000;0.0000;0.0000
12;236.82;790.1500;773.1000;772.6500;-17.5000;102.6393;-0.0113;0.0000;-790.1500;0.0000;6.8165;0.0000;-790.1500;0.0000;6.8165;1.0000;0.0000;0.0000;0.0000;0.0000
13;237.23;798.5000;793.2500;770.7500;-27.7500;110.0000;-0.0414;0.0000;-798.5000;0.0000;6.8165;0.0000;-798.5000;0.0000;6.8165;1.0000;0.0000;0.0000;0.0000;0.0000
14;237.63;798.7500;775.0000;762.6500;-36.1000;110.0000;-0.0414;0.0000;-798.7500;0.0000;6.8165;0.0000;-798.7500;0.0000;6.8165;1.0000;0.0000;0.0000;0.0000;0.0000
15;238.04;786.8500;788.7500;772.9000;-13.9500;0.0000;6.8165;0.0000;-786.8500;0.0000;6.8165;0.0000;-786.8500;0.0000;6.8165;1.0000;0.0000;0.0000;0.0000;0.0000
16;238.44;797.8500;771.6000;769.2000;-28.6500;109.1429;-0.0380;0.0000;-797.8500;0.0000;6.8165;0.0000;-797.8500;0.0000;6.8165;1.0000;0.0000;0.0000;0.0000;0.0000
17;238.85;788.6500;781.5500;773.0500;-15.6000;110.0000;-0.0414;0.0000;-788.6500;0.0000;6.8165;0.0000;-788.6500;0.0000;6.8165;1.0000;0.0000;0.0000;0.0000;0.0000
18;239.25;802.4000;776.0000;778.3500;-24.0500;91.0985;0.0405;0.0000;-802.4000;0.0000;6.8165;0.0000;-802.4000;0.0000;6.8165;1.0000;0.0000;0.0000;0.0000;0.0000
19;239.66;782.8500;769.1500;783.0500;0.2000;0.0000;6.8165;0.0000;-782.8500;0.0000;6.8165;0.0000;-782.8500;0.0000;6.8165;1.0000;0.0000;0.0000;0.0000;0.0000
20;240.07;775.7000;779.7000;778.0000;2.3000;57.5000;0.2403;0.0000;-775.7000;0.0000;6.8165;0.0000;-775.7000;0.0000;6.8165;1.0000;0.0000;0.0000;0.0000;0.0000
21;240.47;781.7000;784.5000;773.7500;-7.9500;0.0000;6.8165;0.0000;-781.7000;0.0000;6.8165;0.0000;-781.7000;0.0000;6.8165;1.0000;0.0000;0.0000;0.0000;0.0000
22;240.88;789.2500;780.7000;764.7000;-24.5500;110.0000;-0.0414;0.0000;-789.2500;0.0000;6.8165;0.0000;-789.2500;0.0000;6.8165;1.0000;0.0000;0.0000;0.0000;0.0000
23;241.28;770.8000;764.2500;782.5000;11.7000;0.0000;6.8165;0.0000;-770.8000;0.0000;6.8165;0.0000;-770.8000;0.0000;6.8165;1.0000;0.0000;0.0000;0.0000;0.0000
24;241.69;792.3500;782.9500;775.8500;-16.5000;110.0000;-0.0414;0.0000;-792.3500;0.0000;6.8165;0.0000;-792.3500;0.0000;6.8165;1.0000;0.0000;0.0000;0.0000;0.0000
25;242.09;790.1000;769.4500;779.3000;-10.8000;52.3002;0.2815;0.0000;-790.1000;0.0000;6.8165;0.0000;-790.1000;0.0000;6.8165;1.0000;0.0000;0.0000;0.0000;0.0000
26;242.50;790.4500;757.9500;769.8500;-20.6000;63.3846;0.1980;0.0000;-790.4500;0.0000;6.8165;0.0000;-790.4500;0.0000;6.8165;1.0000;0.0000;0.0000;0.0000;0.0000
27;242.90;786.4500;781.9500;766.5000;-19.9500;110.0000;-0.0414;0.0000;-786.4500;0.0000;6.8165;0.0000;-786.4500;0.0000;6.8165;1.0000;0.0000;0.0000;0.0000;0.0000
28;243.30;788.4000;772.8000;783.7500;-4.6500;29.8077;0.5257;0.0000;-788.4000;0.0000;6.8165;0.0000;-788.4000;0.0000;6.8165;1.0000;0.0000;0.0000;0.0000;0.0000
29;243.71;791.3000;762.9000;779.2500;-12.0500;42.4296;0.3723;0.0000;-791.3000;0.0000;6.8165;0.0000;-791.3000;0.0000;6.8165;1.0000;0.0000;0.0000;0.0000;0.0000
30;244.11;785.5500;768.6500;765.8000;-19.7500;110.0000;-0.0414;0.0000;-785.5500;0.0000;6.8165;0.0000;-785.5500;0.0000;6.8165;1.0000;0.0000;0.0000;0.0000;0.0000
31;244.52;786.7000;766.9000;774.2000;-12.5000;63.1313;0.1998;0.0000;-786.7000;0.0000;6.8165;0.0000;-786.7000;0.0000;6.8165;1.0000;0.0000;0.0000;0.0000;0.0000
32;244.92;791.0000;775.2000;777.1500;-13.8500;87.6582;0.0572;0.0000;-791.0000;0.0000;6.8165;0.0000;-791.0000;0.0000;6.8165;1.0000;0.0000;0.0000;0.0000;0.0000
33;245.33;788.9000;770.4000;766.4000;-22.5000;110.0000;-0.0414;0.0000;-788.9000;0.0000;6.8165;0.0000;-788.9000;0.0000;6.8165;1.0000;0.0000;0.0000;0.0000;0.0000
34;245.73;769.8000;762.7500;761.7000;-8.1000;110.0000;-0.0414;0.0000;-769.8000;0.0000;6.8165;0.0000;-769.8000;0.0000;6.8165;1.0000;0.0000;0.0000;0.0000;0.0000
35;246.13;778.1500;773.7000;785.8500;7.7000;0.0000;6.8165;0.0000;-778.1500;0.0000;6.8165;0.0000;-778.1500;0.0000;6.8165;1.0000;0.0000;0.0000;0.0000;0.0000
36;246.54;796.3000;782.7000;842.2500;45.9500;0.0000;6.8165;0.0000;-796.3000;0.0000;6.8165;0.0000;-796.3000;0.0000;6.8165;1.0000;0.0000;0.0000;0.0000;0.0000
37;246.94;783.0500;793.2000;844.0500;61.0000;110.0000;-0.0414;0.0000;-783.0500;0.0000;6.8165;0.0000;-783.0500;0.0000;6.8165;1.0000;0.0000;0.0000;0.0000;0.0000
38;247.35;783.4000;799.5000;840.6000;57.2000;110.0000;-0.0414;0.0000;-783.4000;0.0000;6.8165;0.0000;-783.4000;0.0000;6.8165;1.0000;0.0000;0.0000;0.0000;0.0000
39;247.75;786.4500;808.7500;839.8500;53.4000;110.0000;-0.0414;0.0000;-786.4500;0.0000;6.8165;0.0000;-786.4500;0.0000;6.8165;1.0000;0.0000;0.0000;0.0000;0.0000
40;248.15;784.7000;794.5000;846.5000;61.8000;110.0000;-0.0414;0.0000;-784.7000;0.0000;6.8165;0.0000;-784.7000;0.0000;6.8165;1.0000;0.0000;0.0000;0.0000;0.0000
41;248.56;797.0000;782.5500;843.1500;46.1500;0.0000;6.8165;0.0000;-797.0000;0.0000;6.8165;0.0000;-797.0000;0.0000;6.8165;1.0000;0.0000;0.0000;0.0000;0.0000
42;248.96;791.6000;787.0000;833.5000;41.9000;0.0000;6.8165;0.0000;-791.6000;0.0000;6.8165;0.0000;-791.6000;0.0000;6.8165;1.0000;0.0000;0.0000;0.0000;0.0000
43;249.36;792.5500;801.9500;837.7500;45.2000;110.0000;-0.0414;0.0000;-792.5500;0.0000;6.8165;0.0000;-792.5500;0.0000;6.8165;1.0000;0.0000;0.0000;0.0000;0.0000
44;249.77;775.2500;802.6500;844.8500;69.6000;110.0000;-0.0414;0.0000;-775.2500;0.0000;6.8165;0.0000;-775.2500;0.0000;6.8165;1.0000;0.0000;0.0000;0.0000;0.0000
45;250.17;791.1500;793.8500;839.3500;48.2000;110.0000;-0.0414;0.0000;-791.1500;0.0000;6.8165;0.0000;-791.1500;0.0000;6.8165;1.0000;0.0000;0.0000;0.0000;0.0000
46;250.57;788.2500;790.1000;845.3500;57.1000;110.0000;-0.0414;0.0000;-788.2500;0.0000;6.8165;0.0000;-788.2500;0.0000;6.8165;1.0000;0.0000;0.0000;0.0000;0.0000
47;250.97;787.5500;785.2500;862.3000;74.7500;0.0000;6.8165;0.0000;-787.5500;0.0000;6.8165;0.0000;-787.5500;0.0000;6.8165;1.0000;0.0000;0.0000;0.0000;0.0000
48;251.38;787.1000;781.6500;834.6500;47.5500;0.0000;6.8165;0.0000;-787.1000;0.0000;6.8165;0.0000;-787.1000;0.0000;6.8165;1.0000;0.0000;0.0000;0.0000;0.0000
49;251.78;791.0000;786.2000;841.5500;50.5500;0.0000;6.8165;0.0000;-791.0000;0.0000;6.8165;0.0000;-791.0000;0.0000;6.8165;1.0000;0.0000;0.0000;0.0000;0.0000
50;252.18;780.6500;794.6000;844.9000;64.2500;110.0000;-0.0414;0.0000;-780.6500;0.0000;6.8165;0.0000;-780.6500;0.0000;6.8165;1.0000;0.0000;0.0000;0.0000;0.0000
51;252.59;780.0000;809.3000;850.3500;70.3500;110.0000;-0.0414;0.0000;-780.0000;0.0000;6.8165;0.0000;-780.0000;0.0000;6.8165;1.0000;0.0000;0.0000;0.0000;0.0000
52;252.99;783.4500;788.2500;848.0500;64.6000;110.0000;-0.0414;0.0000;-783.4500;0.0000;6.8165;0.0000;-783.4500;0.0000;6.8165;1.0000;0.0000;0.0000;0.0000;0.0000
53;253.39;780.7000;801.2500;865.1500;84.4500;110.0000;-0.0414;0.0000;-780.7000;0.0000;6.8165;0.0000;-780.7000;0.0000;6.8165;1.0000;0.0000;0.0000;0.0000;0.0000
54;253.79;784.9000;794.0500;852.3500;67.4500;110.0000;-0.0414;0.0000;-784.9000;0.0000;6.8165;0.0000;-784.9000;0.0000;6.8165;1.0000;0.0000;0.0000;0.0000;0.0000
55;254.20;780.9500;789.3500;847.2500;66.3000;110.0000;-0.0414;0.0000;-780.9500;0.0000;6.8165;0.0000;-780.9500;0.0000;6.8165;1.0000;0.0000;0.0000;0.0000;0.0000
56;254.60;787.2000;805.4000;841.3000;54.1000;110.0000;-0.0414;0.0000;-787.2000;0.0000;6.8165;0.0000;-787.2000;0.0000;6.8165;1.0000;0.0000;0.0000;0.0000;0.0000
57;255.00;784.4000;811.3000;835.1500;50.7500;110.0000;-0.0414;0.0000;-784.4000;0.0000;6.8165;0.0000;-784.4000;0.0000;6.8165;1.0000;0.0000;0.0000;0.0000;0.0000
58;255.40;794.1500;777.5000;847.3000;53.1500;0.0000;6.8165;0.0000;-794.1500;0.0000;6.8165;0.0000;-794.1500;0.0000;6.8165;1.0000;0.0000;0.0000;0.0000;0.0000
59;255.80;797.5000;794.2000;853.8500;56.3500;0.0000;6.8165;0.0000;-797.5000;0.0000;6.8165;0.0000;-797.5000;0.0000;6.8165;1.0000;0.0000;0.0000;0.0000;0.0000
60;256.20;805.6500;802.4500;843.2500;37.6000;0.0000;6.8165;0.0000;-805.6500;0.0000;6.8165;0.0000;-805.6500;0.0000;6.8165;1.0000;0.0000;0.0000;0.0000;0.0000
61;256.61;793.5000;799.7500;839.5000;46.0000;110.0000;-0.0414;0.0000;-793.5000;0.0000;6.8165;0.0000;-793.5000;0.0000;6.8165;1.0000;0.0000;0.0000;0.0000;0.0000
62;257.01;789.5500;795.5500;853.6000;64.0500;110.0000;-0.0414;0.0000;-789.5500;0.0000;6.8165;0.0000;-789.5500;0.0000;6.8165;1.0000;0.0000;0.0000;0.0000;0.0000
63;257.41;787.9000;801.2500;855.7000;67.8000;110.0000;-0.0414;0.0000;-787.9000;0.0000;6.8165;0.0000;-787.9000;0.0000;6.8165;1.0000;0.0000;0.0000;0.0000;0.0000
64;257.81;799.6500;775.5000;838.3500;38.7000;0.0000;6.8165;0.0000;-799.6500;0.0000;6.8165;0.0000;-799.6500;0.0000;6.8165;1.0000;0.0000;0.0000;0.0000;0.0000
65;258.21;790.3500;792.8500;843.0000;52.6500;110.0000;-0.0414;0.0000;-790.3500;0.0000;6.8165;0.0000;-790.3500;0.0000;6.8165;1.0000;0.0000;0.0000;0.0000;0.0000
66;258.61;765.8500;781.2500;841.0000;75.1500;110.0000;-0.0414;0.0000;-765.8500;0.0000;6.8165;0.0000;-765.8500;0.0000;6.8165;1.0000;0.0000;0.0000;0.0000;0.0000
67;259.01;790.8000;803.1500;843.9500;53.1500;110.0000;-0.0414;0.0000;-790.8000;0.0000;6.8165;0.0000;-790.8000;0.0000;6.8165;1.0000;0.0000;0.0000;0.0000;0.0000
68;259.42;784.4500;797.6000;824.9000;40.4500;110.0000;-0.0414;0.0000;-784.4500;0.0000;6.8165;0.0000;-784.4500;0.0000;6.8165;1.0000;0.0000;0.0000;0.0000;0.0000
69;259.82;794.5500;788.3500;833.2500;38.7000;0.0000;6.8165;0.0000;-794.5500;0.0000;6.8165;0.0000;-794.5500;0.0000;6.8165;1.0000;0.0000;0.0000;0.0000;0.0000
70;260.22;803.1500;787.5500;838.7500;35.6000;0.0000;6.8165;0.0000;-803.1500;0.0000;6.8165;0.0000;-803.1500;0.0000;6.8165;1.0000;0.0000;0.0000;0.0000;0.0000
71;260.62;784.7000;776.8500;849.0000;64.3000;0.0000;6.8165;0.0000;-784.7000;0.0000;6.8165;0.0000;-784.7000;0.0000;6.8165;1.0000;0.0000;0.0000;0.0000;0.0000
72;261.02;791.5000;791.5500;838.8500;47.3500;110.0000;-0.0414;0.0000;-791.5000;0.0000;6.8165;0.0000;-791.5000;0.0000;6.8165;1.0000;0.0000;0.0000;0.0000;0.0000
73;261.42;798.4500;795.9500;845.6000;47.1500;0.0000;6.8165;0.0000;-798.4500;0.0000;6.8165;0.0000;-798.4500;0.0000;6.8165;1.0000;0.0000;0.0000;0.0000;0.0000
74;261.82;780.9500;786.6000;851.6000;70.6500;110.0000;-0.0414;0.0000;-780.9500;0.0000;6.8165;0.0000;-780.9500;0.0000;6.8165;1.0000;0.0000;0.0000;0.0000;0.0000
75;262.22;781.6500;802.2000;843.4500;61.8000;110.0000;-0.0414;0.0000;-781.6500;0.0000;6.8165;0.0000;-781.6500;0.0000;6.8165;1.0000;0.0000;0.0000;0.0000;0.0000
76;262.62;794.1000;791.6000;854.6500;60.5500;0.0000;6.8165;0.0000;-794.1000;0.0000;6.8165;0.0000;-794.1000;0.0000;6.8165;1.0000;0.0000;0.0000;0.0000;0.0000
77;263.02;791.0000;802.4000;853.6500;62.6500;110.0000;-0.0414;0.0000;-791.0000;0.0000;6.8165;0.0000;-791.0000;0.0000;6.8165;1.0000;0.0000;0.0000;0.0000;0.0000
78;263.42;792.7500;801.8000;859.4000;66.6500;110.0000;-0.0414;0.0000;-792.7500;0.0000;6.8165;0.0000;-792.7500;0.0000;6.8165;1.0000;0.0000;0.0000;0.0000;0.0000
79;263.82;803.7500;800.7000;857.8000;54.0500;0.0000;6.8165;0.0000;-803.7500;0.0000;6.8165;0.0000;-803.7500;0.0000;6.8165;1.0000;0.0000;0.0000;0.0000;0.0000
80;264.22;790.9500;799.1000;847.3500;56.4000;110.0000;-0.0414;0.0000;-790.9500;0.0000;6.8165;0.0000;-790.9500;0.0000;6.8165;1.0000;0.0000;0.0000;0.0000;0.0000
81;264.62;789.0000;801.1000;858.0500;69.0500;110.0000;-0.0414;0.0000;-789.0000;0.0000;6.8165;0.0000;-789.0000;0.0000;6.8165;1.0000;0.0000;0.0000;0.0000;0.0000
82;265.02;789.8500;807.7500;848.5000;58.6500;110.0000;-0.0414;0.0000;-789.8500;0.0000;6.8165;0.0000;-789.8500;0.0000;6.8165;1.0000;0.0000;0.0000;0.0000;0.0000
83;265.42;784.0500;798.5500;851.6500;67.6000;110.0000;-0.0414;0.0000;-784.0500;0.0000;6.8165;0.0000;-784.0500;0.0000;6.8165;1.0000;0.0000;0.0000;0.0000;0.0000
84;265.82;773.9500;800.4000;847.2500;73.3000;110.0000;-0.0414;0.0000;-773.9500;0.0000;6.8165;0.0000;-773.9500;0.0000;6.8165;1.0000;0.0000;0.0000;0.0000;0.0000
85;266.22;784.2500;776.6000;856.2000;71.9500;0.0000;6.8165;0.0000;-784.2500;0.0000;6.8165;0.0000;-784.2500;0.0000;6.8165;1.0000;0.0000;0.0000;0.0000;0.0000
86;266.62;790.4000;790.6000;847.0000;56.6000;110.0000;-0.0414;0.0000;-790.4000;0.0000;6.8165;0.0000;-790.4000;0.0000;6.8165;1.0000;0.0000;0.0000;0.0000;0.0000
87;267.02;782.7500;784.1500;859.0000;76.2500;110.0000;-0.0414;0.0000;-782.7500;0.0000;6.8165;0.0000;-782.7500;0.0000;6.8165;1.0000;0.0000;0.0000;0.0000;0.0000
88;267.42;786.6000;792.8000;854.7500;68.1500;110.0000;-0.0414;0.0000;-786.6000;0.0000;6.8165;0.0000;-786.6000;0.0000;6.8165;1.0000;0.0000;0.0000;0.0000;0.0000
89;267.82;782.7500;792.3500;846.1500;63.4000;110.0000;-0.0414;0.0000;-782.7500;0.0000;6.8165;0.0000;-782.7500;0.0000;6.8165;1.0000;0.0000;0.0000;0.0000;0.0000
90;268.22;795.9000;804.1000;846.1500;50.2500;110.0000;-0.0414;0.0000;-795.9000;0.0000;6.8165;0.0000;-795.9000;0.0000;6.8165;1.0000;0.0000;0.0000;0.0000;0.0000
91;268.62;778.6500;793.8000;860.7500;82.1000;110.0000;-0.0414;0.0000;-778.6500;0.0000;6.8165;0.0000;-778.6500;0.0000;6.8165;1.0000;0.0000;0.0000;0.0000;0.0000
92;269.01;787.8000;794.2500;852.8000;65.0000;110.0000;-0.0414;0.0000;-787.8000;0.0000;6.8165;0.0000;-787.8000;0.0000;6.8165;1.0000;0.0000;0.0000;0.0000;0.0000
93;269.41;769.2000;808.0500;858.7500;89.5500;110.0000;-0.0414;0.0000;-769.2000;0.0000;6.8165;0.0000;-769.2000;0.0000;6.8165;1.0000;0.0000;0.0000;0.0000;0.0000
94;269.81;791.5500;782.1000;847.8000;56.2500;0.0000;6.8165;0.0000;-791.5500;0.0000;6.8165;0.0000;-791.5500;0.0000;6.8165;1.0000;0.0000;0.0000;0.0000;0.0000
95;270.21;795.0500;797.6500;849.1000;54.0500;110.0000;-0.0414;0.0000;-795.0500;0.0000;6.8165;0.0000;-795.0500;0.0000;6.8165;1.0000;0.0000;0.0000;0.0000;0.0000
96;270.61;788.3500;794.0000;835.7000;47.3500;110.0000;-0.0414;0.0000;-788.3500;0.0000;6.8165;0.0000;-788.3500;0.0000;6.8165;1.0000;0.0000;0.0000;0.0000;0.0000
97;271.01;800.5000;801.1000;853.3500;52.8500;110.0000;-0.0414;0.0000;-800.5000;0.0000;6.8165;0.0000;-800.5000;0.0000;6.8165;1.0000;0.0000;0.0000;0.0000;0.0000
98;271.41;782.9000;792.0500;857.2500;74.3500;110.0000;-0.0414;0.0000;-782.9000;0.0000;6.8165;0.0000;-782.9000;0.0000;6.8165;1.0000;0.0000;0.0000;0.0000;0.0000
99;271.81;785.6500;792.8500;848.4000;62.7500;110.0000;-0.0414;0.0000;-785.6500;0.0000;6.8165;0.0000;-785.6500;0.0000;6.8165;1.0000;0.0000;0.0000;0.0000;0.0000
100;272.20;797.0500;786.3000;848.8500;51.8000;0.0000;6.8165;0.0000;-797.0500;0.0000;6.8165;0.0000;-797.0500;0.0000;6.8165;1.0000;0.0000;0.0000;0.0000;0.0000
101;272.60;779.2500;804.9500;852.5000;73.2500;110.0000;-0.0414;0.0000;-779.2500;0.0000;6.8165;0.0000;-779.2500;0.0000;6.8165;1.0000;0.0000;0.0000;0.0000;0.0000
102;273.00;800.4000;795.3000;852.9000;52.5000;0.0000;6.8165;0.0000;-800.4000;0.0000;6.8165;0.0000;-800.4000;0.0000;6.8165;1.0000;0.0000;0.0000;0.0000;0.0000
103;273.40;790.7500;787.2500;854.5500;63.8000;0.0000;6.8165;0.0000;-790.7500;0.0000;6.8165;0.0000;-790.7500;0.0000;6.8165;1.0000;0.0000;0.0000;0.0000;0.0000
104;273.80;770.9000;785.6500;867.4000;96.5000;110.0000;-0.0414;0.0000;-770.9000;0.0000;6.8165;0.0000;-770.9000;0.0000;6.8165;1.0000;0.0000;0.0000;0.0000;0.0000
105;274.19;785.0000;791.4500;862.5500;77.5500;110.0000;-0.0414;0.0000;-785.0000;0.0000;6.8165;0.0000;-785.0000;0.0000;6.8165;1.0000;0.0000;0.0000;0.0000;0.0000
106;274.59;791.9000;796.4500;848.6000;56.7000;110.0000;-0.0414;0.0000;-791.9000;0.0000;6.8165;0.0000;-791.9000;0.0000;6.8165;1.0000;0.0000;0.0000;0.0000;0.0000
107;274.99;800.4000;801.9000;865.8500;65.4500;110.0000;-0.0414;0.0000;-800.4000;0.0000;6.8165;0.0000;-800.4000;0.0000;6.8165;1.0000;0.0000;0.0000;0.0000;0.0000
108;275.39;788.4000;793.8500;862.0500;73.6500;110.0000;-0.0414;0.0000;-788.4000;0.0000;6.8165;0.0000;-788.4000;0.0000;6.8165;1.0000;0.0000;0.0000;0.0000;0.0000
109;275.78;764.3500;796.0000;860.8000;96.4500;110.0000;-0.0414;0.0000;-764.3500;0.0000;6.8165;0.0000;-764.3500;0.0000;6.8165;1.0000;0.0000;0.0000;0.0000;0.0000
110;276.18;775.9000;794.5000;865.9000;90.0000;110.0000;-0.0414;0.0000;-775.9000;0.0000;6.8165;0.0000;-775.9000;0.0000;6.8165;1.0000;0.0000;0.0000;0.0000;0.0000
111;276.58;780.9500;793.1500;863.0000;82.0500;110.0000;-0.0414;0.0000;-780.9500;0.0000;6.8165;0.0000;-780.9500;0.0000;6.8165;1.0000;0.0000;0.0000;0.0000;0.0000
112;276.98;782.4000;782.0000;874.3000;91.9000;0.0000;6.8165;0.0000;-782.4000;0.0000;6.8165;0.0000;-782.4000;0.0000;6.8165;1.0000;0.0000;0.0000;0.0000;0.0000
113;277.37;789.1500;798.4500;870.3500;81.2000;110.0000;-0.0414;0.0000;-789.1500;0.0000;6.8165;0.0000;-789.1500;0.0000;6.8165;1.0000;0.0000;0.0000;0.0000;0.0000
114;277.77;783.5000;796.6500;869.3000;85.8000;110.0000;-0.0414;0.0000;-783.5000;0.0000;6.8165;0.0000;-783.5000;0.0000;6.8165;1.0000;0.0000;0.0000;0.0000;0.0000
115;278.17;785.7500;804.1000;864.0500;78.3000;110.0000;-0.0414;0.0000;-785.7500;0.0000;6.8165;0.0000;-785.7500;0.0000;6.8165;1.0000;0.0000;0.0000;0.0000;0.0000
116;278.56;782.4500;800.3500;861.2000;78.7500;110.0000;-0.0414;0.0000;-782.4500;0.0000;6.8165;0.0000;-782.4500;0.0000;6.8165;1.0000;0.0000;0.0000;0.0000;0.0000
117;278.96;797.5000;792.7500;853.1500;55.6500;0.0000;6.8165;0.0000;-797.5000;0.0000;6.8165;0.0000;-797.5000;0.0000;6.8165;1.0000;0.0000;0.0000;0.0000;0.0000
118;279.36;788.7500;815.4000;858.0500;69.3000;110.0000;-0.0414;0.0000;-788.7500;0.0000;6.8165;0.0000;-788.7500;0.0000;6.8165;1.0000;0.0000;0.0000;0.0000;0.0000
119;279.75;792.7000;800.9500;858.5000;65.8000;110.0000;-0.0414;0.0000;-792.7000;0.0000;6.8165;0.0000;-792.7000;0.0000;6.8165;1.0000;0.0000;0.0000;0.0000;0.0000
120;280.15;799.0500;787.1500;846.7500;47.7000;0.0000;6.8165;0.0000;-799.0500;0.0000;6.8165;0.0000;-799.0500;0.0000;6.8165;1.0000;0.0000;0.0000;0.0000;0.0000
121;280.55;769.3000;809.0500;855.3000;86.0000;110.0000;-0.0414;0.0000;-769.3000;0.0000;6.8165;0.0000;-769.3000;0.0000;6.8165;1.0000;0.0000;0.0000;0.0000;0.0000
122;280.94;785.5000;809.8000;848.4000;62.9000;110.0000;-0.0414;0.0000;-785.5000;0.0000;6.8165;0.0000;-785.5000;0.0000;6.8165;1.0000;0.0000;0.0000;0.0000;0.0000
123;281.34;772.8500;804.0500;866.0500;93.2000;110.0000;-0.0414;0.0000;-772.8500;0.0000;6.8165;0.0000;-772.8500;0.0000;6.8165;1.0000;0.0000;0.0000;0.0000;0.0000
124;281.73;787.3500;794.2000;863.6000;76.2500;110.0000;-0.0414;0.0000;-787.3500;0.0000;6.8165;0.0000;-787.3500;0.0000;6.8165;1.0000;0.0000;0.0000;0.0000;0.0000
125;282.13;794.6000;795.3500;863.7500;69.1500;110.0000;-0.0414;0.0000;-794.6000;0.0000;6.8165;0.0000;-794.6000;0.0000;6.8165;1.0000;0.0000;0.0000;0.0000;0.0000
126;282.53;786.0500;798.9000;860.2500;74.2000;110.0000;-0.0414;0.0000;-786.0500;0.0000;6.8165;0.0000;-786.0500;0.0000;6.8165;1.0000;0.0000;0.0000;0.0000;0.0000
127;282.92;782.0500;807.0500;842.0500;60.0000;110.0000;-0.0414;0.0000;-782.0500;0.0000;6.8165;0.0000;-782.0500;0.0000;6.8165;1.0000;0.0000;0.0000;0.0000;0.0000
128;283.32;786.4500;801.5500;863.3000;76.8500;110.0000;-0.0414;0.0000;-786.4500;0.0000;6.8165;0.0000;-786.4500;0.0000;6.8165;1.0000;0.0000;0.0000;0.0000;0.0000
129;283.71;782.6000;793.6500;869.7000;87.1000;110.0000;-0.0414;0.0000;-782.6000;0.0000;6.8165;0.0000;-782.6000;0.0000;6.8165;1.0000;0.0000;0.0000;0.0000;0.0000
130;284.11;792.4500;804.4000;855.9000;63.4500;110.0000;-0.0414;0.0000;-792.4500;0.0000;6.8165;0.0000;-792.4500;0.0000;6.8165;1.0000;0.0000;0.0000;0.0000;0.0000
131;284.50;795.3500;825.2500;851.9000;56.5500;110.0000;-0.0414;0.0000;-795.3500;0.0000;6.8165;0.0000;-795.3500;0.0000;6.8165;1.0000;0.0000;0.0000;0.0000;0.0000
132;284.90;787.9500;812.2500;870.0500;82.1000;110.0000;-0.0414;0.0000;-787.9500;0.0000;6.8165;0.0000;-787.9500;0.0000;6.8165;1.0000;0.0000;0.0000;0.0000;0.0000
133;285.30;783.6500;799.5000;866.9000;83.2500;110.0000;-0.0414;0.0000;-783.6500;0.0000;6.8165;0.0000;-783.6500;0.0000;6.8165;1.0000;0.0000;0.0000;0.0000;0.0000
134;285.69;779.8000;789.0000;885.1500;105.3500;110.0000;-0.0414;0.0000;-779.8000;0.0000;6.8165;0.0000;-779.8000;0.0000;6.8165;1.0000;0.0000;0.0000;0.0000;0.0000
135;286.09;798.8000;802.5500;872.7000;73.9000;110.0000;-0.0414;0.0000;-798.8000;0.0000;6.8165;0.0000;-798.8000;0.0000;6.8165;1.0000;0.0000;0.0000;0.0000;0.0000
136;286.48;779.4500;820.4000;877.4000;97.9500;110.0000;-0.0414;0.0000;-779.4500;0.0000;6.8165;0.0000;-779.4500;0.0000;6.8165;1.0000;0.0000;0.0000;0.0000;0.0000
137;286.88;785.2500;814.5000;870.8500;85.6000;110.0000;-0.0414;0.0000;-785.2500;0.0000;6.8165;0.0000;-785.2500;0.0000;6.8165;1.0000;0.0000;0.0000;0.0000;0.0000
138;287.27;800.9500;809.6500;882.8500;81.9000;110.0000;-0.0414;0.0000;-800.9500;0.0000;6.8165;0.0000;-800.9500;0.0000;6.8165;1.0000;0.0000;0.0000;0.0000;0.0000
139;287.67;778.1000;790.5500;882.0500;103.9500;110.0000;-0.0414;0.0000;-778.1000;0.0000;6.8165;0.0000;-778.1000;0.0000;6.8165;1.0000;0.0000;0.0000;0.0000;0.0000
140;288.06;777.5000;820.9000;887.0000;109.5000;110.0000;-0.0414;0.0000;-777.5000;0.0000;6.8165;0.0000;-777.5000;0.0000;6.8165;1.0000;0.0000;0.0000;0.0000;0.0000
141;288.46;783.3500;802.7500;883.3000;99.9500;110.0000;-0.0414;0.0000;-783.3500;0.0000;6.8165;0.0000;-783.3500;0.0000;6.8165;1.0000;0.0000;0.0000;0.0000;0.0000
142;288.85;783.5000;796.6000;878.5000;95.0000;110.0000;-0.0414;0.0000;-783.5000;0.0000;6.8165;0.0000;-783.5000;0.0000;6.8165;1.0000;0.0000;0.0000;0.0000;0.0000
143;289.24;786.9000;807.8000;867.7500;80.8500;110.0000;-0.0414;0.0000;-786.9000;0.0000;6.8165;0.0000;-786.9000;0.0000;6.8165;1.0000;0.0000;0.0000;0.0000;0.0000
144;289.64;779.0500;801.1000;876.0500;97.0000;110.0000;-0.0414;0.0000;-779.0500;0.0000;6.8165;0.0000;-779.0500;0.0000;6.8165;1.0000;0.0000;0.0000;0.0000;0.0000
145;290.03;789.5000;809.9000;890.1000;100.6000;110.0000;-0.0414;0.0000;-789.5000;0.0000;6.8165;0.0000;-789.5000;0.0000;6.8165;1.0000;0.0000;0.0000;0.0000;0.0000
146;290.43;784.5500;805.7000;885.2000;100.6500;110.0000;-0.0414;0.0000;-784.5500;0.0000;6.8165;0.0000;-784.5500;0.0000;6.8165;1.0000;0.0000;0.0000;0.0000;0.0000
147;290.82;782.2000;822.6000;885.1500;102.9500;110.0000;-0.0414;0.0000;-782.2000;0.0000;6.8165;0.0000;-782.2000;0.0000;6.8165;1.0000;0.0000;0.0000;0.0000;0.0000
148;291.21;793.6000;818.9500;882.0000;88.4000;110.0000;-0.0414;0.0000;-793.6000;0.0000;6.8165;0.0000;-793.6000;0.0000;6.8165;1.0000;0.0000;0.0000;0.0000;0.0000
149;291.61;785.2000;811.7000;882.1000;96.9000;110.0000;-0.0414;0.0000;-785.2000;0.0000;6.8165;0.0000;-785.2000;0.0000;6.8165;1.0000;0.0000;0.0000;0.0000;0.0000
150;292.00;793.3500;812.4000;889.9500;96.6000;110.0000;-0.0414;0.0000;-793.3500;0.0000;6.8165;0.0000;-793.3500;0.0000;6.8165;1.0000;0.0000;0.0000;0.0000;0.0000
151;292.40;786.9500;801.5500;898.1000;111.1500;110.0000;-0.0414;0.0000;-786.9500;0.0000;6.8165;0.0000;-786.9500;0.0000;6.8165;1.0000;0.0000;0.0000;0.0000;0.0000
152;292.79;793.6500;807.7000;875.0500;81.4000;110.0000;-0.0414;0.0000;-793.6500;0.0000;6.8165;0.0000;-793.6500;0.0000;6.8165;1.0000;0.0000;0.0000;0.0000;0.0000
153;293.18;786.4500;806.8500;888.8000;102.3500;110.0000;-0.0414;0.0000;-786.4500;0.0000;6.8165;0.0000;-786.4500;0.0000;6.8165;1.0000;0.0000;0.0000;0.0000;0.0000
154;293.58;776.1500;799.5000;881.9000;105.7500;110.0000;-0.0414;0.0000;-776.1500;0.0000;6.8165;0.0000;-776.1500;0.0000;6.8165;1.0000;0.0000;0.0000;0.0000;0.0000
155;293.97;788.6000;806.8500;890.7000;102.1000;110.0000;-0.0414;0.0000;-788.6000;0.0000;6.8165;0.0000;-788.6000;0.0000;6.8165;1.0000;0.0000;0.0000;0.0000;0.0000
156;294.36;785.5500;793.9000;881.2500;95.7000;110.0000;-0.0414;0.0000;-785.5500;0.0000;6.8165;0.0000;-785.5500;0.0000;6.8165;1.0000;0.0000;0.0000;0.0000;0.0000
157;294.76;790.6000;817.0500;895.5500;104.9500;110.0000;-0.0414;0.0000;-790.6000;0.0000;6.8165;0.0000;-790.6000;0.0000;6.8165;1.0000;0.0000;0.0000;0.0000;0.0000
158;295.15;770.4500;817.5500;888.2500;117.8000;110.0000;-0.0414;0.0000;-770.4500;0.0000;6.8165;0.0000;-770.4500;0.0000;6.8165;1.0000;0.0000;0.0000;0.0000;0.0000
159;295.54;794.4000;828.8000;876.5000;82.1000;110.0000;-0.0414;0.0000;-794.4000;0.0000;6.8165;0.0000;-794.4000;0.0000;6.8165;1.0000;0.0000;0.0000;0.0000;0.0000
160;295.94;790.4500;809.2500;882.1000;91.6500;110.0000;-0.0414;0.0000;-790.4500;0.0000;6.8165;0.0000;-790.4500;0.0000;6.8165;1.0000;0.0000;0.0000;0.0000;0.0000
161;296.33;789.0000;813.8500;898.4000;109.4000;110.0000;-0.0414;0.0000;-789.0000;0.0000;6.8165;0.0000;-789.0000;0.0000;6.8165;1.0000;0.0000;0.0000;0.0000;0.0000
162;296.72;788.6500;808.4000;883.9000;95.2500;110.0000;-0.0414;0.0000;-788.6500;0.0000;6.8165;0.0000;-788.6500;0.0000;6.8165;1.0000;0.0000;0.0000;0.0000;0.0000
163;297.11;789.0000;814.3500;893.7500;104.7500;110.0000;-0.0414;0.0000;-789.0000;0.0000;6.8165;0.0000;-789.0000;0.0000;6.8165;1.0000;0.0000;0.0000;0.0000;0.0000
164;297.51;778.9500;821.2000;885.3500;106.4000;110.0000;-0.0414;0.0000;-778.9500;0.0000;6.8165;0.0000;-778.9500;0.0000;6.8165;1.0000;0.0000;0.0000;0.0000;0.0000
165;297.90;796.9500;822.6500;887.1500;90.2000;110.0000;-0.0414;0.0000;-796.9500;0.0000;6.8165;0.0000;-796.9500;0.0000;6.8165;1.0000;0.0000;0.0000;0.0000;0.0000
166;298.29;801.2500;818.7500;905.1000;103.8500;110.0000;-0.0414;0.0000;-801.2500;0.0000;6.8165;0.0000;-801.2500;0.0000;6.8165;1.0000;0.0000;0.0000;0.0000;0.0000
167;298.68;786.7000;817.1500;870.1000;83.4000;110.0000;-0.0414;0.0000;-786.7000;0.0000;6.8165;0.0000;-786.7000;0.0000;6.8165;1.0000;0.0000;0.0000;0.0000;0.0000
168;299.08;789.9500;811.5500;893.2500;103.3000;110.0000;-0.0414;0.0000;-789.9500;0.0000;6.8165;0.0000;-789.9500;0.0000;6.8165;1.0000;0.0000;0.0000;0.0000;0.0000
169;299.47;781.7500;812.9500;887.6000;105.8500;110.0000;-0.0414;0.0000;-781.7500;0.0000;6.8165;0.0000;-781.7500;0.0000;6.8165;1.0000;0.0000;0.0000;0.0000;0.0000
170;299.86;768.0500;822.1500;888.5000;120.4500;110.0000;-0.0414;0.0000;-768.0500;0.0000;6.8165;0.0000;-768.0500;0.0000;6.8165;1.0000;0.0000;0.0000;0.0000;0.0000
171;300.25;797.3500;817.0000;888.3000;90.9500;110.0000;-0.0414;0.0000;-797.3500;0.0000;6.8165;0.0000;-797.3500;0.0000;6.8165;1.0000;0.0000;0.0000;0.0000;0.0000
172;300.64;775.6500;818.4500;901.1000;125.4500;110.0000;-0.0414;0.0000;-775.6500;0.0000;6.8165;0.0000;-775.6500;0.0000;6.8165;1.0000;0.0000;0.0000;0.0000;0.0000
173;301.04;787.1000;797.1000;905.6500;118.5500;110.0000;-0.0414;0.0000;-787.1000;0.0000;6.8165;0.0000;-787.1000;0.0000;6.8165;1.0000;0.0000;0.0000;0.0000;0.0000
174;301.43;782.8500;830.2500;893.2000;110.3500;110.0000;-0.0414;0.0000;-782.8500;0.0000;6.8165;0.0000;-782.8500;0.0000;6.8165;1.0000;0.0000;0.0000;0.0000;0.0000
175;301.82;778.4000;817.7500;892.1500;113.7500;110.0000;-0.0414;0.0000;-778.4000;0.0000;6.8165;0.0000;-778.4000;0.0000;6.8165;1.0000;0.0000;0.0000;0.0000;0.0000
176;302.21;768.1500;813.2000;890.2500;122.1000;110.0000;-0.0414;0.0000;-768.1500;0.0000;6.8165;0.0000;-768.1500;0.0000;6.8165;1.0000;0.0000;0.0000;0.0000;0.0000
177;302.60;781.8000;817.6500;901.5000;119.7000;110.0000;-0.0414;0.0000;-781.8000;0.0000;6.8165;0.0000;-781.8000;0.0000;6.8165;1.0000;0.0000;0.0000;0.0000;0.0000
178;302.99;781.0000;820.2500;886.7000;105.7000;110.0000;-0.0414;0.0000;-781.0000;0.0000;6.8165;0.0000;-781.0000;0.0000;6.8165;1.0000;0.0000;0.0000;0.0000;0.0000
179;303.38;778.1500;811.3000;885.9000;107.7500;110.0000;-0.0414;0.0000;-778.1500;0.0000;6.8165;0.0000;-778.1500;0.0000;6.8165;1.0000;0.0000;0.0000;0.0000;0.0000
180;303.78;797.0500;813.1500;899.3000;102.2500;110.0000;-0.0414;0.0000;-797.0500;0.0000;6.8165;0.0000;-797.0500;0.0000;6.8165;1.0000;0.0000;0.0000;0.0000;0.0000
181;304.17;776.0500;822.7000;896.2500;120.2000;110.0000;-0.0414;0.0000;-776.0500;0.0000;6.8165;0.0000;-776.0500;0.0000;6.8165;1.0000;0.0000;0.0000;0.0000;0.0000
182;304.56;782.3000;810.8500;889.0000;106.7000;110.0000;-0.0414;0.0000;-782.3000;0.0000;6.8165;0.0000;-782.3000;0.0000;6.8165;1.0000;0.0000;0.0000;0.0000;0.0000
183;304.95;781.1500;802.6500;896.7500;115.6000;110.0000;-0.0414;0.0000;-781.1500;0.0000;6.8165;0.0000;-781.1500;0.0000;6.8165;1.0000;0.0000;0.0000;0.0000;0.0000
184;305.34;794.2500;819.8000;890.7000;96.4500;110.0000;-0.0414;0.0000;-794.2500;0.0000;6.8165;0.0000;-794.2500;0.0000;6.8165;1.0000;0.0000;0.0000;0.0000;0.0000
185;305.73;789.6500;818.4000;889.0500;99.4000;110.0000;-0.0414;0.0000;-789.6500;0.0000;6.8165;0.0000;-789.6500;0.0000;6.8165;1.0000;0.0000;0.0000;0.0000;0.0000
186;306.12;781.2000;813.2500;891.6000;110.4000;110.0000;-0.0414;0.0000;-781.2000;0.0000;6.8165;0.0000;-781.2000;0.0000;6.8165;1.0000;0.0000;0.0000;0.0000;0.0000
187;306.51;787.3500;812.1500;895.9000;108.5500;110.0000;-0.0414;0.0000;-787.3500;0.0000;6.8165;0.0000;-787.3500;0.0000;6.8165;1.0000;0.0000;0.0000;0.0000;0.0000
188;306.90;788.5500;828.0500;899.6000;111.0500;110.0000;-0.0414;0.0000;-788.5500;0.0000;6.8165;0.0000;-788.5500;0.0000;6.8165;1.0000;0.0000;0.0000;0.0000;0.0000
189;307.29;806.1000;821.3000;898.0000;91.9000;110.0000;-0.0414;0.0000;-806.1000;0.0000;6.8165;0.0000;-806.1000;0.0000;6.8165;1.0000;0.0000;0.0000;0.0000;0.0000
190;307.68;785.5500;824.5500;903.3000;117.7500;110.0000;-0.0414;0.0000;-785.5500;0.0000;6.8165;0.0000;-785.5500;0.0000;6.8165;1.0000;0.0000;0.0000;0.0000;0.0000
191;308.07;782.8500;835.1000;896.8000;113.9500;110.0000;-0.0414;0.0000;-782.8500;0.0000;6.8165;0.0000;-782.8500;0.0000;6.8165;1.0000;0.0000;0.0000;0.0000;0.0000
192;308.46;793.1000;812.2000;904.6000;111.5000;110.0000;-0.0414;0.0000;-793.1000;0.0000;6.8165;0.0000;-793.1000;0.0000;6.8165;1.0000;0.0000;0.0000;0.0000;0.0000
193;308.85;788.2000;822.8000;893.3000;105.1000;110.0000;-0.0414;0.0000;-788.2000;0.0000;6.8165;0.0000;-788.2000;0.0000;6.8165;1.0000;0.0000;0.0000;0.0000;0.0000
194;309.24;794.0000;823.5000;911.9000;117.9000;110.0000;-0.0414;0.0000;-794.0000;0.0000;6.8165;0.0000;-794.0000;0.0000;6.8165;1.0000;0.0000;0.0000;0.0000;0.0000
195;309.63;787.9000;814.5000;907.8000;119.9000;110.0000;-0.0414;0.0000;-787.9000;0.0000;6.8165;0.0000;-787.9000;0.0000;6.8165;1.0000;0.0000;0.0000;0.0000;0.0000
196;310.02;779.8000;831.6500;911.8500;132.0500;110.0000;-0.0414;0.0000;-779.8000;0.0000;6.8165;0.0000;-779.8000;0.0000;6.8165;1.0000;0.0000;0.0000;0.0000;0.0000
197;310.41;790.0500;829.1000;902.9500;112.9000;110.0000;-0.0414;0.0000;-790.0500;0.0000;6.8165;0.0000;-790.0500;0.0000;6.8165;1.0000;0.0000;0.0000;0.0000;0.0000
198;310.80;785.8500;831.7500;902.0000;116.1500;110.0000;-0.0414;0.0000;-785.8500;0.0000;6.8165;0.0000;-785.8500;0.0000;6.8165;1.0000;0.0000;0.0000;0.0000;0.0000
199;311.19;766.6000;817.8500;909.6000;143.0000;110.0000;-0.0414;0.0000;-766.6000;0.0000;6.8165;0.0000;-766.6000;0.0000;6.8165;1.0000;0.0000;0.0000;0.0000;0.0000
200;311.58;782.6000;826.8000;920.4500;137.8500;110.0000;-0.0414;0.0000;-782.6000;0.0000;6.8165;0.0000;-782.6000;0.0000;6.8165;1.0000;0.0000;0.0000;0.0000;0.0000
201;311.97;778.8000;824.4500;909.3000;130.5000;110.0000;-0.0414;0.0000;-778.8000;0.0000;6.8165;0.0000;-778.8000;0.0000;6.8165;1.0000;0.0000;0.0000;0.0000;0.0000
202;312.36;791.2000;821.3500;910.0000;118.8000;110.0000;-0.0414;0.0000;-791.2000;0.0000;6.8165;0.0000;-791.2000;0.0000;6.8165;1.0000;0.0000;0.0000;0.0000;0.0000
203;312.75;779.1000;833.9000;918.4500;139.3500;110.0000;-0.0414;0.0000;-779.1000;0.0000;6.8165;0.0000;-779.1000;0.0000;6.8165;1.0000;0.0000;0.0000;0.0000;0.0000
204;313.14;784.8500;814.5500;885.5000;100.6500;110.0000;-0.0414;0.0000;-784.8500;0.0000;6.8165;0.0000;-784.8500;0.0000;6.8165;1.0000;0.0000;0.0000;0.0000;0.0000
205;313.53;768.6000;810.9500;914.6000;146.0000;110.0000;-0.0414;0.0000;-768.6000;0.0000;6.8165;0.0000;-768.6000;0.0000;6.8165;1.0000;0.0000;0.0000;0.0000;0.0000
206;313.91;788.7500;825.8000;895.4500;106.7000;110.0000;-0.0414;0.0000;-788.7500;0.0000;6.8165;0.0000;-788.7500;0.0000;6.8165;1.0000;0.0000;0.0000;0.0000;0.0000
207;314.30;782.1500;820.5500;898.5000;116.3500;110.0000;-0.0414;0.0000;-782.1500;0.0000;6.8165;0.0000;-782.1500;0.0000;6.8165;1.0000;0.0000;0.0000;0.0000;0.0000
208;314.69;788.8000;813.3000;894.4500;105.6500;110.0000;-0.0414;0.0000;-788.8000;0.0000;6.8165;0.0000;-788.8000;0.0000;6.8165;1.0000;0.0000;0.0000;0.0000;0.0000
209;315.08;790.0500;827.0500;908.0000;117.9500;110.0000;-0.0414;0.0000;-790.0500;0.0000;6.8165;0.0000;-790.0500;0.0000;6.8165;1.0000;0.0000;0.0000;0.0000;0.0000
210;315.47;800.5000;819.2000;906.5500;106.0500;110.0000;-0.0414;0.0000;-800.5000;0.0000;6.8165;0.0000;-800.5000;0.0000;6.8165;1.0000;0.0000;0.0000;0.0000;0.0000
211;315.86;781.5000;828.5000;903.3500;121.8500;110.0000;-0.0414;0.0000;-781.5000;0.0000;6.8165;0.0000;-781.5000;0.0000;6.8165;1.0000;0.0000;0.0000;0.0000;0.0000
212;316.25;781.4000;824.7500;905.8500;124.4500;110.0000;-0.0414;0.0000;-781.4000;0.0000;6.8165;0.0000;-781.4000;0.0000;6.8165;1.0000;0.0000;0.0000;0.0000;0.0000
213;316.63;789.9500;825.4000;892.7500;102.8000;110.0000;-0.0414;0.0000;-789.9500;0.0000;6.8165;0.0000;-789.9500;0.0000;6.8165;1.0000;0.0000;0.0000;0.0000;0.0000
214;317.02;784.3500;825.8000;905.8500;121.5000;110.0000;-0.0414;0.0000;-784.3500;0.0000;6.8165;0.0000;-784.3500;0.0000;6.8165;1.0000;0.0000;0.0000;0.0000;0.0000
215;317.41;774.5000;823.3000;919.5000;145.0000;110.0000;-0.0414;0.0000;-774.5000;0.0000;6.8165;0.0000;-774.5000;0.0000;6.8165;1.0000;0.0000;0.0000;0.0000;0.0000
216;317.80;784.5000;817.3000;917.7500;133.2500;110.0000;-0.0414;0.0000;-784.5000;0.0000;6.8165;0.0000;-784.5000;0.0000;6.8165;1.0000;0.0000;0.0000;0.0000;0.0000
217;318.19;782.6000;822.9000;910.0500;127.4500;110.0000;-0.0414;0.0000;-782.6000;0.0000;6.8165;0.0000;-782.6000;0.0000;6.8165;1.0000;0.0000;0.0000;0.0000;0.0000
218;318.57;780.2000;840.5500;900.3000;120.1000;110.0000;-0.0414;0.0000;-780.2000;0.0000;6.8165;0.0000;-780.2000;0.0000;6.8165;1.0000;0.0000;0.0000;0.0000;0.0000
219;318.96;804.7500;832.8500;919.6500;114.9000;110.0000;-0.0414;0.0000;-804.7500;0.0000;6.8165;0.0000;-804.7500;0.0000;6.8165;1.0000;0.0000;0.0000;0.0000;0.0000
220;319.35;803.1500;836.6500;919.8000;116.6500;110.0000;-0.0414;0.0000;-803.1500;0.0000;6.8165;0.0000;-803.1500;0.0000;6.8165;1.0000;0.0000;0.0000;0.0000;0.0000
221;319.74;786.2500;846.5500;912.7000;126.4500;110.0000;-0.0414;0.0000;-786.2500;0.0000;6.8165;0.0000;-786.2500;0.0000;6.8165;1.0000;0.0000;0.0000;0.0000;0.0000
222;320.12;774.0000;832.1000;914.3500;140.3500;110.0000;-0.0414;0.0000;-774.0000;0.0000;6.8165;0.0000;-774.0000;0.0000;6.8165;1.0000;0.0000;0.0000;0.0000;0.0000
223;320.51;779.6000;833.0000;923.4500;143.8500;110.0000;-0.0414;0.0000;-779.6000;0.0000;6.8165;0.0000;-779.6000;0.0000;6.8165;1.0000;0.0000;0.0000;0.0000;0.0000
224;320.90;783.4000;825.4500;933.0000;149.6000;110.0000;-0.0414;0.0000;-783.4000;0.0000;6.8165;0.0000;-783.4000;0.0000;6.8165;1.0000;0.0000;0.0000;0.0000;0.0000
225;321.28;785.4500;834.8000;914.2500;128.8000;110.0000;-0.0414;0.0000;-785.4500;0.0000;6.8165;0.0000;-785.4500;0.0000;6.8165;1.0000;0.0000;0.0000;0.0000;0.0000
226;321.67;778.1000;834.2000;929.4500;151.3500;110.0000;-0.0414;0.0000;-778.1000;0.0000;6.8165;0.0000;-778.1000;0.0000;6.8165;1.0000;0.0000;0.0000;0.0000;0.0000
227;322.06;786.9000;820.2000;942.0000;155.1000;110.0000;-0.0414;0.0000;-786.9000;0.0000;6.8165;0.0000;-786.9000;0.0000;6.8165;1.0000;0.0000;0.0000;0.0000;0.0000
228;322.45;769.2500;826.5000;935.9500;166.7000;110.0000;-0.0414;0.0000;-769.2500;0.0000;6.8165;0.0000;-769.2500;0.0000;6.8165;1.0000;0.0000;0.0000;0.0000;0.0000
229;322.83;766.6500;830.5500;913.5000;146.8500;110.0000;-0.0414;0.0000;-766.6500;0.0000;6.8165;0.0000;-766.6500;0.0000;6.8165;1.0000;0.0000;0.0000;0.0000;0.0000
230;323.22;794.4500;829.9000;926.3000;131.8500;110.0000;-0.0414;0.0000;-794.4500;0.0000;6.8165;0.0000;-794.4500;0.0000;6.8165;1.0000;0.0000;0.0000;0.0000;0.0000
231;323.61;784.3500;830.2500;928.0000;143.6500;110.0000;-0.0414;0.0000;-784.3500;0.0000;6.8165;0.0000;-784.3500;0.0000;6.8165;1.0000;0.0000;0.0000;0.0000;0.0000
232;323.99;794.0000;822.8500;920.0500;126.0500;110.0000;-0.0414;0.0000;-794.0000;0.0000;6.8165;0.0000;-794.0000;0.0000;6.8165;1.0000;0.0000;0.0000;0.0000;0.0000
233;324.38;780.2000;827.7500;926.9500;146.7500;110.0000;-0.0414;0.0000;-780.2000;0.0000;6.8165;0.0000;-780.2000;0.0000;6.8165;1.0000;0.0000;0.0000;0.0000;0.0000
234;324.77;784.4500;824.8000;927.2000;142.7500;110.0000;-0.0414;0.0000;-784.4500;0.0000;6.8165;0.0000;-784.4500;0.0000;6.8165;1.0000;0.0000;0.0000;0.0000;0.0000
235;325.15;777.7500;826.7000;924.0000;146.2500;110.0000;-0.0414;0.0000;-777.7500;0.0000;6.8165;0.0000;-777.7500;0.0000;6.8165;1.0000;0.0000;0.0000;0.0000;0.0000
236;325.54;794.8500;821.5500;925.7500;130.9000;110.0000;-0.0414;0.0000;-794.8500;0.0000;6.8165;0.0000;-794.8500;0.0000;6.8165;1.0000;0.0000;0.0000;0.0000;0.0000
237;325.92;793.0500;824.1000;927.9500;134.9000;110.0000;-0.0414;0.0000;-793.0500;0.0000;6.8165;0.0000;-793.0500;0.0000;6.8165;1.0000;0.0000;0.0000;0.0000;0.0000
238;326.31;771.4000;829.7500;928.3500;156.9500;110.0000;-0.0414;0.0000;-771.4000;0.0000;6.8165;0.0000;-771.4000;0.0000;6.8165;1.0000;0.0000;0.0000;0.0000;0.0000
239;326.70;786.4500;837.9500;921.1500;134.7000;110.0000;-0.0414;0.0000;-786.4500;0.0000;6.8165;0.0000;-786.4500;0.0000;6.8165;1.0000;0.0000;0.0000;0.0000;0.0000
240;327.08;789.3000;831.5000;910.6500;121.3500;110.0000;-0.0414;0.0000;-789.3000;0.0000;6.8165;0.0000;-789.3000;0.0000;6.8165;1.0000;0.0000;0.0000;0.0000;0.0000
241;327.47;775.0000;821.9000;930.0000;155.0000;110.0000;-0.0414;0.0000;-775.0000;0.0000;6.8165;0.0000;-775.0000;0.0000;6.8165;1.0000;0.0000;0.0000;0.0000;0.0000
242;327.85;782.8000;824.2500;916.1500;133.3500;110.0000;-0.0414;0.0000;-782.8000;0.0000;6.8165;0.0000;-782.8000;0.0000;6.8165;1.0000;0.0000;0.0000;0.0000;0.0000
243;328.24;783.9500;821.3000;916.2000;132.2500;110.0000;-0.0414;0.0000;-783.9500;0.0000;6.8165;0.0000;-783.9500;0.0000;6.8165;1.0000;0.0000;0.0000;0.0000;0.0000
244;328.62;786.8000;835.6500;916.1500;129.3500;110.0000;-0.0414;0.0000;-786.8000;0.0000;6.8165;0.0000;-786.8000;0.0000;6.8165;1.0000;0.0000;0.0000;0.0000;0.0000
245;329.01;782.9500;827.4000;923.6000;140.6500;110.0000;-0.0414;0.0000;-782.9500;0.0000;6.8165;0.0000;-782.9500;0.0000;6.8165;1.0000;0.0000;0.0000;0.0000;0.0000
246;329.39;789.6500;842.5000;926.4000;136.7500;110.0000;-0.0414;0.0000;-789.6500;0.0000;6.8165;0.0000;-789.6500;0.0000;6.8165;1.0000;0.0000;0.0000;0.0000;0.0000
247;329.78;781.3000;831.0500;920.7000;139.4000;110.0000;-0.0414;0.0000;-781.3000;0.0000;6.8165;0.0000;-781.3000;0.0000;6.8165;1.0000;0.0000;0.0000;0.0000;0.0000
248;330.16;793.1500;823.7000;924.3000;131.1500;110.0000;-0.0414;0.0000;-793.1500;0.0000;6.8165;0.0000;-793.1500;0.0000;6.8165;1.0000;0.0000;0.0000;0.0000;0.0000
249;330.55;773.4000;838.8000;930.5500;157.1500;110.0000;-0.0414;0.0000;-773.4000;0.0000;6.8165;0.0000;-773.4000;0.0000;6.8165;1.0000;0.0000;0.0000;0.0000;0.0000
250;330.93;797.1000;839.8000;935.2000;138.1000;110.0000;-0.0414;0.0000;-797.1000;0.0000;6.8165;0.0000;-797.1000;0.0000;6.8165;1.0000;0.0000;0.0000;0.0000;0.0000
251;331.32;796.9000;840.8500;938.8500;141.9500;110.0000;-0.0414;0.0000;-796.9000;0.0000;6.8165;0.0000;-796.9000;0.0000;6.8165;1.0000;0.0000;0.0000;0.0000;0.0000
252;331.70;796.3000;838.6500;933.7500;137.4500;110.0000;-0.0414;0.0000;-796.3000;0.0000;6.8165;0.0000;-796.3000;0.0000;6.8165;1.0000;0.0000;0.0000;0.0000;0.0000
253;332.09;778.2500;854.1000;934.7500;156.5000;110.0000;-0.0414;0.0000;-778.2500;0.0000;6.8165;0.0000;-778.2500;0.0000;6.8165;1.0000;0.0000;0.0000;0.0000;0.0000
254;332.47;792.8500;862.0000;940.1000;147.2500;110.0000;-0.0414;0.0000;-792.8500;0.0000;6.8165;0.0000;-792.8500;0.0000;6.8165;1.0000;0.0000;0.0000;0.0000;0.0000
255;332.86;783.2000;829.4000;942.2000;159.0000;110.0000;-0.0414;0.0000;-783.2000;0.0000;6.8165;0.0000;-783.2000;0.0000;6.8165;1.0000;0.0000;0.0000;0.0000;0.0000
256;333.24;787.7000;834.1500;947.7000;160.0000;110.0000;-0.0414;0.0000;-787.7000;0.0000;6.8165;0.0000;-787.7000;0.0000;6.8165;1.0000;0.0000;0.0000;0.0000;0.0000
257;333.63;780.8500;832.4000;947.0500;166.2000;110.0000;-0.0414;0.0000;-780.8500;0.0000;6.8165;0.0000;-780.8500;0.0000;6.8165;1.0000;0.0000;0.0000;0.0000;0.0000
258;334.01;786.4000;843.5000;926.8500;140.4500;110.0000;-0.0414;0.0000;-786.4000;0.0000;6.8165;0.0000;-786.4000;0.0000;6.8165;1.0000;0.0000;0.0000;0.0000;0.0000
259;334.39;774.5500;840.5500;939.1500;164.6000;110.0000;-0.0414;0.0000;-774.5500;0.0000;6.8165;0.0000;-774.5500;0.0000;6.8165;1.0000;0.0000;0.0000;0.0000;0.0000
260;334.78;782.0000;840.5500;927.9000;145.9000;110.0000;-0.0414;0.0000;-782.0000;0.0000;6.8165;0.0000;-782.0000;0.0000;6.8165;1.0000;0.0000;0.0000;0.0000;0.0000
261;335.16;783.6000;843.0500;937.1500;153.5500;110.0000;-0.0414;0.0000;-783.6000;0.0000;6.8165;0.0000;-783.6000;0.0000;6.8165;1.0000;0.0000;0.0000;0.0000;0.0000
262;335.55;793.2000;836.4000;933.7500;140.5500;110.0000;-0.0414;0.0000;-793.2000;0.0000;6.8165;0.0000;-793.2000;0.0000;6.8165;1.0000;0.0000;0.0000;0.0000;0.0000
263;335.93;791.9500;838.4000;940.9500;149.0000;110.0000;-0.0414;0.0000;-791.9500;0.0000;6.8165;0.0000;-791.9500;0.0000;6.8165;1.0000;0.0000;0.0000;0.0000;0.0000
264;336.31;779.5000;834.8500;928.9000;149.4000;110.0000;-0.0414;0.0000;-779.5000;0.0000;6.8165;0.0000;-779.5000;0.0000;6.8165;1.0000;0.0000;0.0000;0.0000;0.0000
265;336.70;783.9000;843.2500;927.4500;143.5500;110.0000;-0.0414;0.0000;-783.9000;0.0000;6.8165;0.0000;-783.9000;0.0000;6.8165;1.0000;0.0000;0.0000;0.0000;0.0000
266;337.08;788.9000;846.1500;937.3500;148.4500;110.0000;-0.0414;0.0000;-788.9000;0.0000;6.8165;0.0000;-788.9000;0.0000;6.8165;1.0000;0.0000;0.0000;0.0000;0.0000
267;337.46;780.8500;843.2000;952.7500;171.9000;110.0000;-0.0414;0.0000;-780.8500;0.0000;6.8165;0.0000;-780.8500;0.0000;6.8165;1.0000;0.0000;0.0000;0.0000;0.0000
268;337.85;786.1000;838.4500;941.6500;155.5500;110.0000;-0.0414;0.0000;-786.1000;0.0000;6.8165;0.0000;-786.1000;0.0000;6.8165;1.0000;0.0000;0.0000;0.0000;0.0000
269;338.23;780.9500;850.7500;938.5000;157.5500;110.0000;-0.0414;0.0000;-780.9500;0.0000;6.8165;0.0000;-780.9500;0.0000;6.8165;1.0000;0.0000;0.0000;0.0000;0.0000
270;338.61;784.6500;841.1500;949.2000;164.5500;110.0000;-0.0414;0.0000;-784.6500;0.0000;6.8165;0.0000;-784.6500;0.0000;6.8165;1.0000;0.0000;0.0000;0.0000;0.0000
271;339.00;798.6500;836.3000;936.5000;137.8500;110.0000;-0.0414;0.0000;-798.6500;0.0000;6.8165;0.0000;-798.6500;0.0000;6.8165;1.0000;0.0000;0.0000;0.0000;0.0000
272;339.38;787.5000;838.2000;935.2000;147.7000;110.0000;-0.0414;0.0000;-787.5000;0.0000;6.8165;0.0000;-787.5000;0.0000;6.8165;1.0000;0.0000;0.0000;0.0000;0.0000
273;339.76;801.9500;836.3500;944.1000;142.1500;110.0000;-0.0414;0.0000;-801.9500;0.0000;6.8165;0.0000;-801.9500;0.0000;6.8165;1.0000;0.0000;0.0000;0.0000;0.0000
274;340.14;787.8500;840.3500;935.1000;147.2500;110.0000;-0.0414;0.0000;-787.8500;0.0000;6.8165;0.0000;-787.8500;0.0000;6.8165;1.0000;0.0000;0.0000;0.0000;0.0000
275;340.53;798.7000;843.0000;937.6500;138.9500;110.0000;-0.0414;0.0000;-798.7000;0.0000;6.8165;0.0000;-798.7000;0.0000;6.8165;1.0000;0.0000;0.0000;0.0000;0.0000
276;340.91;788.1500;834.3500;943.2000;155.0500;110.0000;-0.0414;0.0000;-788.1500;0.0000;6.8165;0.0000;-788.1500;0.0000;6.8165;1.0000;0.0000;0.0000;0.0000;0.0000
277;341.29;781.3500;846.6500;938.7500;157.4000;110.0000;-0.0414;0.0000;-781.3500;0.0000;6.8165;0.0000;-781.3500;0.0000;6.8165;1.0000;0.0000;0.0000;0.0000;0.0000
278;341.67;791.1500;840.1000;940.0000;148.8500;110.0000;-0.0414;0.0000;-791.1500;0.0000;6.8165;0.0000;-791.1500;0.0000;6.8165;1.0000;0.0000;0.0000;0.0000;0.0000
279;342.06;796.3000;835.0500;938.7000;142.4000;110.0000;-0.0414;0.0000;-796.3000;0.0000;6.8165;0.0000;-796.3000;0.0000;6.8165;1.0000;0.0000;0.0000;0.0000;0.0000
280;342.44;784.6500;847.8000;938.9000;154.2500;110.0000;-0.0414;0.0000;-784.6500;0.0000;6.8165;0.0000;-784.6500;0.0000;6.8165;1.0000;0.0000;0.0000;0.0000;0.0000
281;342.82;775.0000;844.3500;959.3500;184.3500;110.0000;-0.0414;0.0000;-775.0000;0.0000;6.8165;0.0000;-775.0000;0.0000;6.8165;1.0000;0.0000;0.0000;0.0000;0.0000
282;343.20;772.5000;836.2000;937.1500;164.6500;110.0000;-0.0414;0.0000;-772.5000;0.0000;6.8165;0.0000;-772.5000;0.0000;6.8165;1.0000;0.0000;0.0000;0.0000;0.0000
283;343.59;772.4500;832.8000;959.5500;187.1000;110.0000;-0.0414;0.0000;-772.4500;0.0000;6.8165;0.0000;-772.4500;0.0000;6.8165;1.0000;0.0000;0.0000;0.0000;0.0000
284;343.97;793.7000;837.6500;936.4500;142.7500;110.0000;-0.0414;0.0000;-793.7000;0.0000;6.8165;0.0000;-793.7000;0.0000;6.8165;1.0000;0.0000;0.0000;0.0000;0.0000
285;344.35;792.5500;846.1000;960.8500;168.3000;110.0000;-0.0414;0.0000;-792.5500;0.0000;6.8165;0.0000;-792.5500;0.0000;6.8165;1.0000;0.0000;0.0000;0.0000;0.0000
286;344.73;782.2000;841.8500;977.4500;195.2500;110.0000;-0.0414;0.0000;-782.2000;0.0000;6.8165;0.0000;-782.2000;0.0000;6.8165;1.0000;0.0000;0.0000;0.0000;0.0000
287;345.11;773.7000;860.0500;940.8500;167.1500;110.0000;-0.0414;0.0000;-773.7000;0.0000;6.8165;0.0000;-773.7000;0.0000;6.8165;1.0000;0.0000;0.0000;0.0000;0.0000
288;345.49;776.7000;847.0500;947.8500;171.1500;110.0000;-0.0414;0.0000;-776.7000;0.0000;6.8165;0.0000;-776.7000;0.0000;6.8165;1.0000;0.0000;0.0000;0.0000;0.0000
289;345.88;775.8500;842.5500;954.8000;178.9500;110.0000;-0.0414;0.0000;-775.8500;0.0000;6.8165;0.0000;-775.8500;0.0000;6.8165;1.0000;0.0000;0.0000;0.0000;0.0000
290;346.26;785.6500;844.3000;948.5000;162.8500;110.0000;-0.0414;0.0000;-785.6500;0.0000;6.8165;0.0000;-785.6500;0.0000;6.8165;1.0000;0.0000;0.0000;0.0000;0.0000
291;346.64;783.2500;839.3500;957.6000;174.3500;110.0000;-0.0414;0.0000;-783.2500;0.0000;6.8165;0.0000;-783.2500;0.0000;6.8165;1.0000;0.0000;0.0000;0.0000;0.0000
292;347.02;788.6000;859.5500;955.6000;167.0000;110.0000;-0.0414;0.0000;-788.6000;0.0000;6.8165;0.0000;-788.6000;0.0000;6.8165;1.0000;0.0000;0.0000;0.0000;0.0000
293;347.40;767.7500;851.3500;950.2500;182.5000;110.0000;-0.0414;0.0000;-767.7500;0.0000;6.8165;0.0000;-767.7500;0.0000;6.8165;1.0000;0.0000;0.0000;0.0000;0.0000
294;347.78;778.4500;851.9000;947.6000;169.1500;110.0000;-0.0414;0.0000;-778.4500;0.0000;6.8165;0.0000;-778.4500;0.0000;6.8165;1.0000;0.0000;0.0000;0.0000;0.0000
295;348.16;794.7500;855.9500;930.5000;135.7500;110.0000;-0.0414;0.0000;-794.7500;0.0000;6.8165;0.0000;-794.7500;0.0000;6.8165;1.0000;0.0000;0.0000;0.0000;0.0000
296;348.54;785.7500;846.7000;966.6500;180.9000;110.0000;-0.0414;0.0000;-785.7500;0.0000;6.8165;0.0000;-785.7500;0.0000;6.8165;1.0000;0.0000;0.0000;0.0000;0.0000
297;348.92;782.3000;844.7500;961.6000;179.3000;110.0000;-0.0414;0.0000;-782.3000;0.0000;6.8165;0.0000;-782.3000;0.0000;6.8165;1.0000;0.0000;0.0000;0.0000;0.0000
298;349.30;790.0500;854.9000;963.8500;173.8000;110.0000;-0.0414;0.0000;-790.0500;0.0000;6.8165;0.0000;-790.0500;0.0000;6.8165;1.0000;0.0000;0.0000;0.0000;0.0000
299;349.68;775.2500;850.0000;954.0500;178.8000;110.0000;-0.0414;0.0000;-775.2500;0.0000;6.8165;0.0000;-775.2500;0.0000;6.8165;1.0000;0.0000;0.0000;0.0000;0.0000
300;350.06;785.2500;847.2000;955.1500;169.9000;110.0000;-0.0414;0.0000;-785.2500;0.0000;6.8165;0.0000;-785.2500;0.0000;6.8165;1.0000;0.0000;0.0000;0.0000;0.0000
301;350.44;792.0500;843.5500;969.1500;177.1000;110.0000;-0.0414;0.0000;-792.0500;0.0000;6.8165;0.0000;-792.0500;0.0000;6.8165;1.0000;0.0000;0.0000;0.0000;0.0000
302;350.82;788.7500;859.2500;953.8500;165.1000;110.0000;-0.0414;0.0000;-788.7500;0.0000;6.8165;0.0000;-788.7500;0.0000;6.8165;1.0000;0.0000;0.0000;0.0000;0.0000
303;351.21;786.7000;846.3500;950.3500;163.6500;110.0000;-0.0414;0.0000;-786.7000;0.0000;6.8165;0.0000;-786.7000;0.0000;6.8165;1.0000;0.0000;0.0000;0.0000;0.0000
304;351.59;788.1500;852.5000;959.9500;171.8000;110.0000;-0.0414;0.0000;-788.1500;0.0000;6.8165;0.0000;-788.1500;0.0000;6.8165;1.0000;0.0000;0.0000;0.0000;0.0000
305;351.97;797.8500;843.0000;958.9000;161.0500;110.0000;-0.0414;0.0000;-797.8500;0.0000;6.8165;0.0000;-797.8500;0.0000;6.8165;1.0000;0.0000;0.0000;0.0000;0.0000
306;352.34;780.5500;859.3500;955.9000;175.3500;110.0000;-0.0414;0.0000;-780.5500;0.0000;6.8165;0.0000;-780.5500;0.0000;6.8165;1.0000;0.0000;0.0000;0.0000;0.0000
307;352.72;784.2000;849.2000;953.9500;169.7500;110.0000;-0.0414;0.0000;-784.2000;0.0000;6.8165;0.0000;-784.2000;0.0000;6.8165;1.0000;0.0000;0.0000;0.0000;0.0000
308;353.10;790.1000;863.0000;958.5500;168.4500;110.0000;-0.0414;0.0000;-790.1000;0.0000;6.8165;0.0000;-790.1000;0.0000;6.8165;1.0000;0.0000;0.0000;0.0000;0.0000
309;353.48;776.9500;849.9000;967.4500;190.5000;110.0000;-0.0414;0.0000;-776.9500;0.0000;6.8165;0.0000;-776.9500;0.0000;6.8165;1.0000;0.0000;0.0000;0.0000;0.0000
310;353.86;779.7500;850.2500;953.8000;174.0500;110.0000;-0.0414;0.0000;-779.7500;0.0000;6.8165;0.0000;-779.7500;0.0000;6.8165;1.0000;0.0000;0.0000;0.0000;0.0000
311;354.24;787.7000;842.3500;969.9500;182.2500;110.0000;-0.0414;0.0000;-787.7000;0.0000;6.8165;0.0000;-787.7000;0.0000;6.8165;1.0000;0.0000;0.0000;0.0000;0.0000
312;354.62;775.4000;843.1500;967.4500;192.0500;110.0000;-0.0414;0.0000;-775.4000;0.0000;6.8165;0.0000;-775.4000;0.0000;6.8165;1.0000;0.0000;0.0000;0.0000;0.0000
313;355.00;784.7500;861.9000;964.9500;180.2000;110.0000;-0.0414;0.0000;-784.7500;0.0000;6.8165;0.0000;-784.7500;0.0000;6.8165;1.0000;0.0000;0.0000;0.0000;0.0000
314;355.38;785.2000;844.9000;976.1500;190.9500;110.0000;-0.0414;0.0000;-785.2000;0.0000;6.8165;0.0000;-785.2000;0.0000;6.8165;1.0000;0.0000;0.0000;0.0000;0.0000
315;355.76;793.8000;844.4500;952.6000;158.8000;110.0000;-0.0414;0.0000;-793.8000;0.0000;6.8165;0.0000;-793.8000;0.0000;6.8165;1.0000;0.0000;0.0000;0.0000;0.0000
316;356.14;791.0000;849.8500;970.1000;179.1000;110.0000;-0.0414;0.0000;-791.0000;0.0000;6.8165;0.0000;-791.0000;0.0000;6.8165;1.0000;0.0000;0.0000;0.0000;0.0000
317;356.52;786.4500;853.7500;975.2500;188.8000;110.0000;-0.0414;0.0000;-786.4500;0.0000;6.8165;0.0000;-786.4500;0.0000;6.8165;1.0000;0.0000;0.0000;0.0000;0.0000
318;356.90;773.0000;849.6000;967.7000;194.7000;110.0000;-0.0414;0.0000;-773.0000;0.0000;6.8165;0.0000;-773.0000;0.0000;6.8165;1.0000;0.0000;0.0000;0.0000;0.0000
319;357.27;782.1500;841.9000;983.8500;201.7000;110.0000;-0.0414;0.0000;-782.1500;0.0000;6.8165;0.0000;-782.1500;0.0000;6.8165;1.0000;0.0000;0.0000;0.0000;0.0000
320;357.65;782.2000;846.8500;977.0500;194.8500;110.0000;-0.0414;0.0000;-782.2000;0.0000;6.8165;0.0000;-782.2000;0.0000;6.8165;1.0000;0.0000;0.0000;0.0000;0.0000
321;358.03;800.0500;867.0500;965.5500;165.5000;110.0000;-0.0414;0.0000;-800.0500;0.0000;6.8165;0.0000;-800.0500;0.0000;6.8165;1.0000;0.0000;0.0000;0.0000;0.0000
322;358.41;795.3000;856.9500;960.2500;164.9500;110.0000;-0.0414;0.0000;-795.3000;0.0000;6.8165;0.0000;-795.3000;0.0000;6.8165;1.0000;0.0000;0.0000;0.0000;0.0000
323;358.79;786.7500;849.2500;956.2000;169.4500;110.0000;-0.0414;0.0000;-786.7500;0.0000;6.8165;0.0000;-786.7500;0.0000;6.8165;1.0000;0.0000;0.0000;0.0000;0.0000
324;359.17;787.4000;843.1500;952.9500;165.5500;110.0000;-0.0414;0.0000;-787.4000;0.0000;6.8165;0.0000;-787.4000;0.0000;6.8165;1.0000;0.0000;0.0000;0.0000;0.0000
325;359.55;781.5000;845.6000;969.4000;187.9000;110.0000;-0.0414;0.0000;-781.5000;0.0000;6.8165;0.0000;-781.5000;0.0000;6.8165;1.0000;0.0000;0.0000;0.0000;0.0000
326;359.92;781.5500;856.2000;962.8500;181.3000;110.0000;-0.0414;0.0000;-781.5500;0.0000;6.8165;0.0000;-781.5500;0.0000;6.8165;1.0000;0.0000;0.0000;0.0000;0.0000
327;360.30;781.7000;834.9000;954.3500;172.6500;110.0000;-0.0414;0.0000;-781.7000;0.0000;6.8165;0.0000;-781.7000;0.0000;6.8165;1.0000;0.0000;0.0000;0.0000;0.0000
328;360.68;777.8500;855.0000;963.1000;185.2500;110.0000;-0.0414;0.0000;-777.8500;0.0000;6.8165;0.0000;-777.8500;0.0000;6.8165;1.0000;0.0000;0.0000;0.0000;0.0000
329;361.06;776.0000;840.3500;962.6000;186.6000;110.0000;-0.0414;0.0000;-776.0000;0.0000;6.8165;0.0000;-776.0000;0.0000;6.8165;1.0000;0.0000;0.0000;0.0000;0.0000
330;361.43;792.9000;852.0000;955.4000;162.5000;110.0000;-0.0414;0.0000;-792.9000;0.0000;6.8165;0.0000;-792.9000;0.0000;6.8165;1.0000;0.0000;0.0000;0.0000;0.0000
331;361.81;787.6000;846.9000;954.9500;167.3500;110.0000;-0.0414;0.0000;-787.6000;0.0000;6.8165;0.0000;-787.6000;0.0000;6.8165;1.0000;0.0000;0.0000;0.0000;0.0000
332;362.19;779.9500;851.7000;985.3500;205.4000;110.0000;-0.0414;0.0000;-779.9500;0.0000;6.8165;0.0000;-779.9500;0.0000;6.8165;1.0000;0.0000;0.0000;0.0000;0.0000
333;362.57;795.4500;850.6000;982.5500;187.1000;110.0000;-0.0414;0.0000;-795.4500;0.0000;6.8165;0.0000;-795.4500;0.0000;6.8165;1.0000;0.0000;0.0000;0.0000;0.0000
334;362.94;791.0000;849.7000;977.9000;186.9000;110.0000;-0.0414;0.0000;-791.0000;0.0000;6.8165;0.0000;-791.0000;0.0000;6.8165;1.0000;0.0000;0.0000;0.0000;0.0000
335;363.32;785.0000;851.7000;959.8500;174.8500;110.0000;-0.0414;0.0000;-785.0000;0.0000;6.8165;0.0000;-785.0000;0.0000;6.8165;1.0000;0.0000;0.0000;0.0000;0.0000
336;363.70;794.2500;860.5000;983.8500;189.6000;110.0000;-0.0414;0.0000;-794.2500;0.0000;6.8165;0.0000;-794.2500;0.0000;6.8165;1.0000;0.0000;0.0000;0.0000;0.0000
337;364.08;805.6000;859.1000;974.2000;168.6000;110.0000;-0.0414;0.0000;-805.6000;0.0000;6.8165;0.0000;-805.6000;0.0000;6.8165;1.0000;0.0000;0.0000;0.0000;0.0000
338;364.45;781.0500;858.8500;984.7500;203.7000;110.0000;-0.0414;0.0000;-781.0500;0.0000;6.8165;0.0000;-781.0500;0.0000;6.8165;1.0000;0.0000;0.0000;0.0000;0.0000
339;364.83;780.4000;852.0500;990.7500;210.3500;110.0000;-0.0414;0.0000;-780.4000;0.0000;6.8165;0.0000;-780.4000;0.0000;6.8165;1.0000;0.0000;0.0000;0.0000;0.0000
340;365.21;792.0000;867.4000;982.0000;190.0000;110.0000;-0.0414;0.0000;-792.0000;0.0000;6.8165;0.0000;-792.0000;0.0000;6.8165;1.0000;0.0000;0.0000;0.0000;0.0000
341;365.58;781.2500;856.1000;972.6500;191.4000;110.0000;-0.0414;0.0000;-781.2500;0.0000;6.8165;0.0000;-781.2500;0.0000;6.8165;1.0000;0.0000;0.0000;0.0000;0.0000
342;365.96;789.0000;853.4000;976.7000;187.7000;110.0000;-0.0414;0.0000;-789.0000;0.0000;6.8165;0.0000;-789.0000;0.0000;6.8165;1.0000;0.0000;0.0000;0.0000;0.0000
343;366.34;788.8500;848.7500;986.2500;197.4000;110.0000;-0.0414;0.0000;-788.8500;0.0000;6.8165;0.0000;-788.8500;0.0000;6.8165;1.0000;0.0000;0.0000;0.0000;0.0000
344;366.71;778.2000;847.5000;981.2500;203.0500;110.0000;-0.0414;0.0000;-778.2000;0.0000;6.8165;0.0000;-778.2000;0.0000;6.8165;1.0000;0.0000;0.0000;0.0000;0.0000
345;367.09;791.4000;843.9000;970.4500;179.0500;110.0000;-0.0414;0.0000;-791.4000;0.0000;6.8165;0.0000;-791.4000;0.0000;6.8165;1.0000;0.0000;0.0000;0.0000;0.0000
346;367.47;780.2000;851.9500;967.3500;187.1500;110.0000;-0.0414;0.0000;-780.2000;0.0000;6.8165;0.0000;-780.2000;0.0000;6.8165;1.0000;0.0000;0.0000;0.0000;0.0000
347;367.84;776.3500;845.2500;974.5000;198.1500;110.0000;-0.0414;0.0000;-776.3500;0.0000;6.8165;0.0000;-776.3500;0.0000;6.8165;1.0000;0.0000;0.0000;0.0000;0.0000
348;368.22;785.7500;841.7000;985.4000;199.6500;110.0000;-0.0414;0.0000;-785.7500;0.0000;6.8165;0.0000;-785.7500;0.0000;6.8165;1.0000;0.0000;0.0000;0.0000;0.0000
349;368.59;778.9000;847.5000;976.7000;197.8000;110.0000;-0.0414;0.0000;-778.9000;0.0000;6.8165;0.0000;-778.9000;0.0000;6.8165;1.0000;0.0000;0.0000;0.0000;0.0000
350;368.97;765.4500;850.6500;976.9500;211.5000;110.0000;-0.0414;0.0000;-765.4500;0.0000;6.8165;0.0000;-765.4500;0.0000;6.8165;1.0000;0.0000;0.0000;0.0000;0.0000
351;369.35;783.9000;858.2000;986.5000;202.6000;110.0000;-0.0414;0.0000;-783.9000;0.0000;6.8165;0.0000;-783.9000;0.0000;6.8165;1.0000;0.0000;0.0000;0.0000;0.0000
352;369.72;775.6500;861.4000;967.3000;191.6500;110.0000;-0.0414;0.0000;-775.6500;0.0000;6.8165;0.0000;-775.6500;0.0000;6.8165;1.0000;0.0000;0.0000;0.0000;0.0000
353;370.10;782.2000;846.6000;964.6500;182.4500;110.0000;-0.0414;0.0000;-782.2000;0.0000;6.8165;0.0000;-782.2000;0.0000;6.8165;1.0000;0.0000;0.0000;0.0000;0.0000
354;370.47;785.0500;852.7500;972.3000;187.2500;110.0000;-0.0414;0.0000;-785.0500;0.0000;6.8165;0.0000;-785.0500;0.0000;6.8165;1.0000;0.0000;0.0000;0.0000;0.0000
355;370.85;792.5000;860.8000;986.6000;194.1000;110.0000;-0.0414;0.0000;-792.5000;0.0000;6.8165;0.0000;-792.5000;0.0000;6.8165;1.0000;0.0000;0.0000;0.0000;0.0000
356;371.22;797.3000;855.3500;977.3000;180.0000;110.0000;-0.0414;0.0000;-797.3000;0.0000;6.8165;0.0000;-797.3000;0.0000;6.8165;1.0000;0.0000;0.0000;0.0000;0.0000
357;371.60;789.5500;850.7500;970.4000;180.8500;110.0000;-0.0414;0.0000;-789.5500;0.0000;6.8165;0.0000;-789.5500;0.0000;6.8165;1.0000;0.0000;0.0000;0.0000;0.0000
358;371.97;780.3500;848.5000;972.1500;191.8000;110.0000;-0.0414;0.0000;-780.3500;0.0000;6.8165;0.0000;-780.3500;0.0000;6.8165;1.0000;0.0000;0.0000;0.0000;0.0000
359;372.35;785.2500;858.7500;969.2000;183.9500;110.0000;-0.0414;0.0000;-785.2500;0.0000;6.8165;0.0000;-785.2500;0.0000;6.8165;1.0000;0.0000;0.0000;0.0000;0.0000
360;372.72;786.1500;855.4500;991.9000;205.7500;110.0000;-0.0414;0.0000;-786.1500;0.0000;6.8165;0.0000;-786.1500;0.0000;6.8165;1.0000;0.0000;0.0000;0.0000;0.0000
361;373.10;809.5000;859.3500;966.5000;157.0000;110.0000;-0.0414;0.0000;-809.5000;0.0000;6.8165;0.0000;-809.5000;0.0000;6.8165;1.0000;0.0000;0.0000;0.0000;0.0000
362;373.47;771.6500;847.3500;979.6500;208.0000;110.0000;-0.0414;0.0000;-771.6500;0.0000;6.8165;0.0000;-771.6500;0.0000;6.8165;1.0000;0.0000;0.0000;0.0000;0.0000
363;373.85;790.9500;851.7500;981.2000;190.2500;110.0000;-0.0414;0.0000;-790.9500;0.0000;6.8165;0.0000;-790.9500;0.0000;6.8165;1.0000;0.0000;0.0000;0.0000;0.0000
364;374.22;795.9000;861.3000;976.5500;180.6500;110.0000;-0.0414;0.0000;-795.9000;0.0000;6.8165;0.0000;-795.9000;0.0000;6.8165;1.0000;0.0000;0.0000;0.0000;0.0000
365;374.60;791.2000;862.7500;993.3500;202.1500;110.0000;-0.0414;0.0000;-791.2000;0.0000;6.8165;0.0000;-791.2000;0.0000;6.8165;1.0000;0.0000;0.0000;0.0000;0.0000
366;374.97;790.1000;860.6000;978.5500;188.4500;110.0000;-0.0414;0.0000;-790.1000;0.0000;6.8165;0.0000;-790.1000;0.0000;6.8165;1.0000;0.0000;0.0000;0.0000;0.0000
367;375.35;789.1500;852.4000;1001.0000;211.8500;110.0000;-0.0414;0.0000;-789.1500;0.0000;6.8165;0.0000;-789.1500;0.0000;6.8165;1.0000;0.0000;0.0000;0.0000;0.0000
368;375.72;788.4500;861.6000;1009.9500;221.5000;110.0000;-0.0414;0.0000;-788.4500;0.0000;6.8165;0.0000;-788.4500;0.0000;6.8165;1.0000;0.0000;0.0000;0.0000;0.0000
369;376.09;778.8500;856.4000;1009.9000;231.0500;110.0000;-0.0414;0.0000;-778.8500;0.0000;6.8165;0.0000;-778.8500;0.0000;6.8165;1.0000;0.0000;0.0000;0.0000;0.0000
370;376.47;779.2500;854.6500;1004.7000;225.4500;110.0000;-0.0414;0.0000;-779.2500;0.0000;6.8165;0.0000;-779.2500;0.0000;6.8165;1.0000;0.0000;0.0000;0.0000;0.0000
371;376.84;792.4500;870.3500;998.0000;205.5500;110.0000;-0.0414;0.0000;-792.4500;0.0000;6.8165;0.0000;-792.4500;0.0000;6.8165;1.0000;0.0000;0.0000;0.0000;0.0000
372;377.22;800.6500;870.8000;1006.3500;205.7000;110.0000;-0.0414;0.0000;-800.6500;0.0000;6.8165;0.0000;-800.6500;0.0000;6.8165;1.0000;0.0000;0.0000;0.0000;0.0000
373;377.59;784.1500;857.1000;994.5500;210.4000;110.0000;-0.0414;0.0000;-784.1500;0.0000;6.8165;0.0000;-784.1500;0.0000;6.8165;1.0000;0.0000;0.0000;0.0000;0.0000
374;377.96;793.2000;866.0500;987.6000;194.4000;110.0000;-0.0414;0.0000;-793.2000;0.0000;6.8165;0.0000;-793.2000;0.0000;6.8165;1.0000;0.0000;0.0000;0.0000;0.0000
375;378.34;788.0500;863.1500;994.7500;206.7000;110.0000;-0.0414;0.0000;-788.0500;0.0000;6.8165;0.0000;-788.0500;0.0000;6.8165;1.0000;0.0000;0.0000;0.0000;0.0000
376;378.71;780.1500;871.1500;1009.2500;229.1000;110.0000;-0.0414;0.0000;-780.1500;0.0000;6.8165;0.0000;-780.1500;0.0000;6.8165;1.0000;0.0000;0.0000;0.0000;0.0000
377;379.08;782.8500;861.5000;998.8000;215.9500;110.0000;-0.0414;0.0000;-782.8500;0.0000;6.8165;0.0000;-782.8500;0.0000;6.8165;1.0000;0.0000;0.0000;0.0000;0.0000
378;379.46;773.7500;855.3000;991.5500;217.8000;110.0000;-0.0414;0.0000;-773.7500;0.0000;6.8165;0.0000;-773.7500;0.0000;6.8165;1.0000;0.0000;0.0000;0.0000;0.0000
379;379.83;802.6500;871.8500;1009.2000;206.5500;110.0000;-0.0414;0.0000;-802.6500;0.0000;6.8165;0.0000;-802.6500;0.0000;6.8165;1.0000;0.0000;0.0000;0.0000;0.0000
380;380.20;786.6000;854.9000;996.9000;210.3000;110.0000;-0.0414;0.0000;-786.6000;0.0000;6.8165;0.0000;-786.6000;0.0000;6.8165;1.0000;0.0000;0.0000;0.0000;0.0000
381;380.58;776.7000;846.6500;996.3500;219.6500;110.0000;-0.0414;0.0000;-776.7000;0.0000;6.8165;0.0000;-776.7000;0.0000;6.8165;1.0000;0.0000;0.0000;0.0000;0.0000
382;380.95;780.9500;859.6000;999.3000;218.3500;110.0000;-0.0414;0.0000;-780.9500;0.0000;6.8165;0.0000;-780.9500;0.0000;6.8165;1.0000;0.0000;0.0000;0.0000;0.0000
383;381.32;786.9500;850.3500;995.5000;208.5500;110.0000;-0.0414;0.0000;-786.9500;0.0000;6.8165;0.0000;-786.9500;0.0000;6.8165;1.0000;0.0000;0.0000;0.0000;0.0000
384;381.70;772.1500;867.7500;1001.0000;228.8500;110.0000;-0.0414;0.0000;-772.1500;0.0000;6.8165;0.0000;-772.1500;0.0000;6.8165;1.0000;0.0000;0.0000;0.0000;0.0000
385;382.07;789.7000;878.2000;1008.1000;218.4000;110.0000;-0.0414;0.0000;-789.7000;0.0000;6.8165;0.0000;-789.7000;0.0000;6.8165;1.0000;0.0000;0.0000;0.0000;0.0000
386;382.44;792.0500;873.1000;1012.2000;220.1500;110.0000;-0.0414;0.0000;-792.0500;0.0000;6.8165;0.0000;-792.0500;0.0000;6.8165;1.0000;0.0000;0.0000;0.0000;0.0000
387;382.81;782.3500;882.8500;1023.0000;240.6500;110.0000;-0.0414;0.0000;-782.3500;0.0000;6.8165;0.0000;-782.3500;0.0000;6.8165;1.0000;0.0000;0.0000;0.0000;0.0000
388;383.19;782.9500;890.0000;1035.9000;252.9500;110.0000;-0.0414;0.0000;-782.9500;0.0000;6.8165;0.0000;-782.9500;0.0000;6.8165;1.0000;0.0000;0.0000;0.0000;0.0000
389;383.56;792.7500;890.9500;1024.8500;232.1000;110.0000;-0.0414;0.0000;-792.7500;0.0000;6.8165;0.0000;-792.7500;0.0000;6.8165;1.0000;0.0000;0.0000;0.0000;0.0000
390;383.93;779.1500;896.3500;1040.1500;261.0000;110.0000;-0.0414;0.0000;-779.1500;0.0000;6.8165;0.0000;-779.1500;0.0000;6.8165;1.0000;0.0000;0.0000;0.0000;0.0000
391;384.30;799.5500;893.2500;1035.4000;235.8500;110.0000;-0.0414;0.0000;-799.5500;0.0000;6.8165;0.0000;-799.5500;0.0000;6.8165;1.0000;0.0000;0.0000;0.0000;0.0000
392;384.68;799.4000;888.9500;1033.9000;234.5000;110.0000;-0.0414;0.0000;-799.4000;0.0000;6.8165;0.0000;-799.4000;0.0000;6.8165;1.0000;0.0000;0.0000;0.0000;0.0000
393;385.05;773.6500;909.6500;1058.5000;284.8500;110.0000;-0.0414;0.0000;-773.6500;0.0000;6.8165;0.0000;-773.6500;0.0000;6.8165;1.0000;0.0000;0.0000;0.0000;0.0000
394;385.42;795.6500;913.8500;1057.3500;261.7000;110.0000;-0.0414;0.0000;-795.6500;0.0000;6.8165;0.0000;-795.6500;0.0000;6.8165;1.0000;0.0000;0.0000;0.0000;0.0000
395;385.79;790.0000;926.4000;1088.1500;298.1500;110.0000;-0.0414;0.0000;-790.0000;0.0000;6.8165;0.0000;-790.0000;0.0000;6.8165;1.0000;0.0000;0.0000;0.0000;0.0000
396;386.16;782.8500;935.8500;1081.1500;298.3000;110.0000;-0.0414;0.0000;-782.8500;0.0000;6.8165;0.0000;-782.8500;0.0000;6.8165;1.0000;0.0000;0.0000;0.0000;0.0000
397;386.53;796.6000;934.8500;1103.2000;306.6000;110.0000;-0.0414;0.0000;-796.6000;0.0000;6.8165;0.0000;-796.6000;0.0000;6.8165;1.0000;0.0000;0.0000;0.0000;0.0000
398;386.91;786.0500;947.9500;1113.6500;327.6000;110.0000;-0.0414;0.0000;-786.0500;0.0000;6.8165;0.0000;-786.0500;0.0000;6.8165;1.0000;0.0000;0.0000;0.0000;0.0000
399;387.28;785.1000;954.1500;1114.0500;328.9500;110.0000;-0.0414;0.0000;-785.1000;0.0000;6.8165;0.0000;-785.1000;0.0000;6.8165;1.0000;0.0000;0.0000;0.0000;0.0000
400;387.65;779.9000;960.9500;1126.2500;346.3500;110.0000;-0.0414;0.0000;-779.9000;0.0000;6.8165;0.0000;-779.9000;0.0000;6.8165;1.0000;0.0000;0.0000;0.0000;0.0000
401;388.02;779.9500;977.1000;1131.1000;351.1500;110.0000;-0.0414;0.0000;-779.9500;0.0000;6.8165;0.0000;-779.9500;0.0000;6.8165;1.0000;0.0000;0.0000;0.0000;0.0000
402;388.39;781.6500;982.6000;1143.4000;361.7500;110.0000;-0.0414;0.0000;-781.6500;0.0000;6.8165;0.0000;-781.6500;0.0000;6.8165;1.0000;0.0000;0.0000;0.0000;0.0000
403;388.76;781.6000;966.0500;1146.2000;364.6000;110.0000;-0.0414;0.0000;-781.6000;0.0000;6.8165;0.0000;-781.6000;0.0000;6.8165;1.0000;0.0000;0.0000;0.0000;0.0000
404;389.13;795.9000;987.8500;1168.5500;372.6500;110.0000;-0.0414;0.0000;-795.9000;0.0000;6.8165;0.0000;-795.9000;0.0000;6.8165;1.0000;0.0000;0.0000;0.0000;0.0000
405;389.50;788.0500;1004.8500;1172.8000;384.7500;110.0000;-0.0414;0.0000;-788.0500;0.0000;6.8165;0.0000;-788.0500;0.0000;6.8165;1.0000;0.0000;0.0000;0.0000;0.0000
406;389.87;771.3500;1031.8500;1189.6500;418.3000;110.0000;-0.0414;0.0000;-771.3500;0.0000;6.8165;0.0000;-771.3500;0.0000;6.8165;1.0000;0.0000;0.0000;0.0000;0.0000
407;390.25;774.1000;1050.9500;1219.4000;445.3000;110.0000;-0.0414;0.0000;-774.1000;0.0000;6.8165;0.0000;-774.1000;0.0000;6.8165;1.0000;0.0000;0.0000;0.0000;0.0000
408;390.62;790.6500;1052.7500;1244.7500;454.1000;110.0000;-0.0414;0.0000;-790.6500;0.0000;6.8165;0.0000;-790.6500;0.0000;6.8165;1.0000;0.0000;0.0000;0.0000;0.0000
409;390.99;789.0500;1094.2000;1255.3000;466.2500;110.0000;-0.0414;0.0000;-789.0500;0.0000;6.8165;0.0000;-789.0500;0.0000;6.8165;1.0000;0.0000;0.0000;0.0000;0.0000
410;391.36;799.8500;1127.0000;1298.5000;498.6500;110.0000;-0.0414;0.0000;-799.8500;0.0000;6.8165;0.0000;-799.8500;0.0000;6.8165;1.0000;0.0000;0.0000;0.0000;0.0000
411;391.73;782.2000;1149.8500;1331.2500;549.0500;110.0000;-0.0414;0.0000;-782.2000;0.0000;6.8165;0.0000;-782.2000;0.0000;6.8165;1.0000;0.0000;0.0000;0.0000;0.0000
412;392.10;798.3000;1182.4000;1373.0500;574.7500;110.0000;-0.0414;0.0000;-798.3000;0.0000;6.8165;0.0000;-798.3000;0.0000;6.8165;1.0000;0.0000;0.0000;0.0000;0.0000
413;392.47;773.1000;1206.4500;1429.3500;656.2500;110.0000;-0.0414;0.0000;-773.1000;0.0000;6.8165;0.0000;-773.1000;0.0000;6.8165;1.0000;0.0000;0.0000;0.0000;0.0000
414;392.84;793.9500;1240.6500;1427.9000;633.9500;110.0000;-0.0414;0.0000;-793.9500;0.0000;6.8165;0.0000;-793.9500;0.0000;6.8165;1.0000;0.0000;0.0000;0.0000;0.0000
415;393.21;788.7000;1264.7000;1465.6500;676.9500;110.0000;-0.0414;0.0000;-788.7000;0.0000;6.8165;0.0000;-788.7000;0.0000;6.8165;1.0000;0.0000;0.0000;0.0000;0.0000
416;393.58;783.9000;1310.3000;1498.4500;714.5500;110.0000;-0.0414;0.0000;-783.9000;0.0000;6.8165;0.0000;-783.9000;0.0000;6.8165;1.0000;0.0000;0.0000;0.0000;0.0000
417;393.95;790.5500;1319.7500;1548.4000;757.8500;110.0000;-0.0414;0.0000;-790.5500;0.0000;6.8165;0.0000;-790.5500;0.0000;6.8165;1.0000;0.0000;0.0000;0.0000;0.0000
418;394.32;780.0500;1349.0500;1597.5000;817.4500;110.0000;-0.0414;0.0000;-780.0500;0.0000;6.8165;0.0000;-780.0500;0.0000;6.8165;1.0000;0.0000;0.0000;0.0000;0.0000
419;394.69;806.2500;1386.1000;1633.1500;826.9000;110.0000;-0.0414;0.0000;-806.2500;0.0000;6.8165;0.0000;-806.2500;0.0000;6.8165;1.0000;0.0000;0.0000;0.0000;0.0000
420;395.06;789.8500;1397.2000;1687.8000;897.9500;110.0000;-0.0414;0.0000;-789.8500;0.0000;6.8165;0.0000;-789.8500;0.0000;6.8165;1.0000;0.0000;0.0000;0.0000;0.0000
421;395.43;804.4000;1451.0000;1717.9000;913.5000;110.0000;-0.0414;0.0000;-804.4000;0.0000;6.8165;0.0000;-804.4000;0.0000;6.8165;1.0000;0.0000;0.0000;0.0000;0.0000
422;395.80;786.7000;1476.4500;1790.4000;1003.7000;110.0000;-0.0414;0.0000;-786.7000;0.0000;6.8165;0.0000;-786.7000;0.0000;6.8165;1.0000;0.0000;0.0000;0.0000;0.0000
423;396.16;792.9500;1520.3500;1844.5500;1051.6000;110.0000;-0.0414;0.0000;-792.9500;0.0000;6.8165;0.0000;-792.9500;0.0000;6.8165;1.0000;0.0000;0.0000;0.0000;0.0000
424;396.53;775.4500;1548.4000;1899.1500;1123.7000;110.0000;-0.0414;0.0000;-775.4500;0.0000;6.8165;0.0000;-775.4500;0.0000;6.8165;1.0000;0.0000;0.0000;0.0000;0.0000
425;396.90;775.9000;1577.9500;1919.9500;1144.0500;110.0000;-0.0414;0.0000;-775.9000;0.0000;6.8165;0.0000;-775.9000;0.0000;6.8165;1.0000;0.0000;0.0000;0.0000;0.0000
426;397.27;784.5500;1624.4000;2016.3000;1231.7500;110.0000;-0.0414;0.0000;-784.5500;0.0000;6.8165;0.0000;-784.5500;0.0000;6.8165;1.0000;0.0000;0.0000;0.0000;0.0000
427;397.64;789.7500;1672.1500;2043.1500;1253.4000;110.0000;-0.0414;0.0000;-789.7500;0.0000;6.8165;0.0000;-789.7500;0.0000;6.8165;1.0000;0.0000;0.0000;0.0000;0.0000
428;398.01;786.3000;1654.5500;2053.5500;1267.2500;110.0000;-0.0414;0.0000;-786.3000;0.0000;6.8165;0.0000;-786.3000;0.0000;6.8165;1.0000;0.0000;0.0000;0.0000;0.0000
429;398.38;781.9500;1715.9000;2138.5500;1356.6000;110.0000;-0.0414;0.0000;-781.9500;0.0000;6.8165;0.0000;-781.9500;0.0000;6.8165;1.0000;0.0000;0.0000;0.0000;0.0000
430;398.75;776.4500;1698.4500;2117.3500;1340.9000;110.0000;-0.0414;0.0000;-776.4500;0.0000;6.8165;0.0000;-776.4500;0.0000;6.8165;1.0000;0.0000;0.0000;0.0000;0.0000
431;399.12;783.3000;1756.4000;2198.3500;1415.0500;110.0000;-0.0414;0.0000;-783.3000;0.0000;6.8165;0.0000;-783.3000;0.0000;6.8165;1.0000;0.0000;0.0000;0.0000;0.0000
432;399.48;788.1500;1808.5000;2258.0500;1469.9000;110.0000;-0.0414;0.0000;-788.1500;0.0000;6.8165;0.0000;-788.1500;0.0000;6.8165;1.0000;0.0000;0.0000;0.0000;0.0000
433;399.85;779.5000;1783.4500;2247.5000;1468.0000;110.0000;-0.0414;0.0000;-779.5000;0.0000;6.8165;0.0000;-779.5000;0.0000;6.8165;1.0000;0.0000;0.0000;0.0000;0.0000
434;400.22;771.9000;1808.0500;2299.8500;1527.9500;110.0000;-0.0414;0.0000;-771.9000;0.0000;6.8165;0.0000;-771.9000;0.0000;6.8165;1.0000;0.0000;0.0000;0.0000;0.0000
435;400.59;782.3000;1858.5000;2377.6500;1595.3500;110.0000;-0.0414;0.0000;-782.3000;0.0000;6.8165;0.0000;-782.3000;0.0000;6.8165;1.0000;0.0000;0.0000;0.0000;0.0000
436;400.96;789.5500;1844.1000;2388.2000;1598.6500;110.0000;-0.0414;0.0000;-789.5500;0.0000;6.8165;0.0000;-789.5500;0.0000;6.8165;1.0000;0.0000;0.0000;0.0000;0.0000
437;401.32;785.1500;1847.7500;2387.6500;1602.5000;110.0000;-0.0414;0.0000;-785.1500;0.0000;6.8165;0.0000;-785.1500;0.0000;6.8165;1.0000;0.0000;0.0000;0.0000;0.0000
438;401.69;796.7500;1855.4000;2446.1500;1649.4000;110.0000;-0.0414;0.0000;-796.7500;0.0000;6.8165;0.0000;-796.7500;0.0000;6.8165;1.0000;0.0000;0.0000;0.0000;0.0000
439;402.06;788.6000;1904.4000;2470.1000;1681.5000;110.0000;-0.0414;0.0000;-788.6000;0.0000;6.8165;0.0000;-788.6000;0.0000;6.8165;1.0000;0.0000;0.0000;0.0000;0.0000
440;402.43;778.7500;1870.1000;2488.7000;1709.9500;110.0000;-0.0414;0.0000;-778.7500;0.0000;6.8165;0.0000;-778.7500;0.0000;6.8165;1.0000;0.0000;0.0000;0.0000;0.0000
441;402.80;769.1000;1872.3000;2517.5500;1748.4500;110.0000;-0.0414;0.0000;-769.1000;0.0000;6.8165;0.0000;-769.1000;0.0000;6.8165;1.0000;0.0000;0.0000;0.0000;0.0000
442;403.16;779.3500;1892.7000;2573.8500;1794.5000;110.0000;-0.0414;0.0000;-779.3500;0.0000;6.8165;0.0000;-779.3500;0.0000;6.8165;1.0000;0.0000;0.0000;0.0000;0.0000
443;403.53;778.0000;1860.3500;2647.7000;1869.7000;110.0000;-0.0414;0.0000;-778.0000;0.0000;6.8165;0.0000;-778.0000;0.0000;6.8165;1.0000;0.0000;0.0000;0.0000;0.0000
444;403.90;787.0500;1941.6000;2832.3000;2045.2500;110.0000;-0.0414;0.0000;-787.0500;0.0000;6.8165;0.0000;-787.0500;0.0000;6.8165;1.0000;0.0000;0.0000;0.0000;0.0000
445;404.27;790.8500;1905.2500;2864.7000;2073.8500;110.0000;-0.0414;0.0000;-790.8500;0.0000;6.8165;0.0000;-790.8500;0.0000;6.8165;1.0000;0.0000;0.0000;0.0000;0.0000
446;404.63;795.9500;1924.0500;2918.1500;2122.2000;110.0000;-0.0414;0.0000;-795.9500;0.0000;6.8165;0.0000;-795.9500;0.0000;6.8165;1.0000;0.0000;0.0000;0.0000;0.0000
447;405.00;782.5500;1940.0000;3108.7500;2326.2000;110.0000;-0.0414;0.0000;-782.5500;0.0000;6.8165;0.0000;-782.5500;0.0000;6.8165;1.0000;0.0000;0.0000;0.0000;0.0000
448;405.37;782.6000;1973.5000;3192.0000;2409.4000;110.0000;-0.0414;0.0000;-782.6000;0.0000;6.8165;0.0000;-782.6000;0.0000;6.8165;1.0000;0.0000;0.0000;0.0000;0.0000
449;405.73;783.4500;1998.2500;3264.1500;2480.7000;110.0000;-0.0414;0.0000;-783.4500;0.0000;6.8165;0.0000;-783.4500;0.0000;6.8165;1.0000;0.0000;0.0000;0.0000;0.0000
450;406.10;795.7000;2010.7000;3366.3000;2570.6000;110.0000;-0.0414;0.0000;-795.7000;0.0000;6.8165;0.0000;-795.7000;0.0000;6.8165;1.0000;0.0000;0.0000;0.0000;0.0000
451;406.47;789.1000;2019.1500;3461.1000;2672.0000;110.0000;-0.0414;0.0000;-789.1000;0.0000;6.8165;0.0000;-789.1000;0.0000;6.8165;1.0000;0.0000;0.0000;0.0000;0.0000
452;406.83;779.6000;2057.5000;3642.4000;2862.8000;110.0000;-0.0414;0.0000;-779.6000;0.0000;6.8165;0.0000;-779.6000;0.0000;6.8165;1.0000;0.0000;0.0000;0.0000;0.0000
453;407.20;772.0500;2058.1500;3719.2000;2947.1500;110.0000;-0.0414;0.0000;-772.0500;0.0000;6.8165;0.0000;-772.0500;0.0000;6.8165;1.0000;0.0000;0.0000;0.0000;0.0000
454;407.57;786.6000;2092.6000;3959.0000;3172.4000;110.0000;-0.0414;0.0000;-786.6000;0.0000;6.8165;0.0000;-786.6000;0.0000;6.8165;1.0000;0.0000;0.0000;0.0000;0.0000
455;407.93;788.1000;2099.6000;3987.9000;3199.8000;110.0000;-0.0414;0.0000;-788.1000;0.0000;6.8165;0.0000;-788.1000;0.0000;6.8165;1.0000;0.0000;0.0000;0.0000;0.0000
456;408.30;786.8500;2100.2500;4074.8000;3287.9500;110.0000;-0.0414;0.0000;-786.8500;0.0000;6.8165;0.0000;-786.8500;0.0000;6.8165;1.0000;0.0000;0.0000;0.0000;0.0000
457;408.67;776.9000;2097.9000;4183.2000;3406.3000;110.0000;-0.0414;0.0000;-776.9000;0.0000;6.8165;0.0000;-776.9000;0.0000;6.8165;1.0000;0.0000;0.0000;0.0000;0.0000
458;409.03;791.7500;2147.6500;4339.9000;3548.1500;110.0000;-0.0414;0.0000;-791.7500;0.0000;6.8165;0.0000;-791.7500;0.0000;6.8165;1.0000;0.0000;0.0000;0.0000;0.0000
459;409.40;766.6000;2157.3000;4364.8500;3598.2500;110.0000;-0.0414;0.0000;-766.6000;0.0000;6.8165;0.0000;-766.6000;0.0000;6.8165;1.0000;0.0000;0.0000;0.0000;0.0000
460;409.76;783.8500;2222.5500;4596.7000;3812.8500;110.0000;-0.0414;0.0000;-783.8500;0.0000;6.8165;0.0000;-783.8500;0.0000;6.8165;1.0000;0.0000;0.0000;0.0000;0.0000
461;410.13;794.6500;2162.9000;4491.6500;3697.0000;110.0000;-0.0414;0.0000;-794.6500;0.0000;6.8165;0.0000;-794.6500;0.0000;6.8165;1.0000;0.0000;0.0000;0.0000;0.0000
462;410.50;786.6000;2251.5500;4619.0500;3832.4500;110.0000;-0.0414;0.0000;-786.6000;0.0000;6.8165;0.0000;-786.6000;0.0000;6.8165;1.0000;0.0000;0.0000;0.0000;0.0000
463;410.86;779.7000;2292.0500;4740.5000;3960.8000;110.0000;-0.0414;0.0000;-779.7000;0.0000;6.8165;0.0000;-779.7000;0.0000;6.8165;1.0000;0.0000;0.0000;0.0000;0.0000
464;411.23;779.1500;2295.4500;4814.2500;4035.1000;110.0000;-0.0414;0.0000;-779.1500;0.0000;6.8165;0.0000;-779.1500;0.0000;6.8165;1.0000;0.0000;0.0000;0.0000;0.0000
465;411.59;791.9000;2393.0500;4940.6500;4148.7500;110.0000;-0.0414;0.0000;-791.9000;0.0000;6.8165;0.0000;-791.9000;0.0000;6.8165;1.0000;0.0000;0.0000;0.0000;0.0000
466;411.96;787.7000;2463.4000;4925.7000;4138.0000;110.0000;-0.0414;0.0000;-787.7000;0.0000;6.8165;0.0000;-787.7000;0.0000;6.8165;1.0000;0.0000;0.0000;0.0000;0.0000
467;412.32;786.0000;2549.5500;5068.5500;4282.5500;110.0000;-0.0414;0.0000;-786.0000;0.0000;6.8165;0.0000;-786.0000;0.0000;6.8165;1.0000;0.0000;0.0000;0.0000;0.0000
468;412.69;786.1500;2699.9000;5281.7500;4495.6000;110.0000;-0.0414;0.0000;-786.1500;0.0000;6.8165;0.0000;-786.1500;0.0000;6.8165;1.0000;0.0000;0.0000;0.0000;0.0000
469;413.05;786.7500;2841.6000;5409.8000;4623.0500;110.0000;-0.0414;0.0000;-786.7500;0.0000;6.8165;0.0000;-786.7500;0.0000;6.8165;1.0000;0.0000;0.0000;0.0000;0.0000
470;413.42;785.5500;2928.6500;5337.5000;4551.9500;110.0000;-0.0414;0.0000;-785.5500;0.0000;6.8165;0.0000;-785.5500;0.0000;6.8165;1.0000;0.0000;0.0000;0.0000;0.0000
471;413.78;778.4000;3202.4000;5650.7500;4872.3500;110.0000;-0.0414;0.0000;-778.4000;0.0000;6.8165;0.0000;-778.4000;0.0000;6.8165;1.0000;0.0000;0.0000;0.0000;0.0000
472;414.15;770.9000;3335.9000;5758.3500;4987.4500;110.0000;-0.0414;0.0000;-770.9000;0.0000;6.8165;0.0000;-770.9000;0.0000;6.8165;1.0000;0.0000;0.0000;0.0000;0.0000
473;414.51;786.6000;3346.8500;5668.3000;4881.7000;110.0000;-0.0414;0.0000;-786.6000;0.0000;6.8165;0.0000;-786.6000;0.0000;6.8165;1.0000;0.0000;0.0000;0.0000;0.0000
474;414.88;780.0500;3373.5000;5835.2000;5055.1500;110.0000;-0.0414;0.0000;-780.0500;0.0000;6.8165;0.0000;-780.0500;0.0000;6.8165;1.0000;0.0000;0.0000;0.0000;0.0000
475;415.24;793.9500;3353.1000;6072.9500;5279.0000;110.0000;-0.0414;0.0000;-793.9500;0.0000;6.8165;0.0000;-793.9500;0.0000;6.8165;1.0000;0.0000;0.0000;0.0000;0.0000
476;415.61;783.6000;3256.4000;6103.1500;5319.5500;110.0000;-0.0414;0.0000;-783.6000;0.0000;6.8165;0.0000;-783.6000;0.0000;6.8165;1.0000;0.0000;0.0000;0.0000;0.0000
477;415.97;798.7500;3014.9500;6044.3000;5245.5500;110.0000;-0.0414;0.0000;-798.7500;0.0000;6.8165;0.0000;-798.7500;0.0000;6.8165;1.0000;0.0000;0.0000;0.0000;0.0000
478;416.33;804.9500;2957.5500;6267.2500;5462.3000;110.0000;-0.0414;0.0000;-804.9500;0.0000;6.8165;0.0000;-804.9500;0.0000;6.8165;1.0000;0.0000;0.0000;0.0000;0.0000
479;416.70;788.0500;2862.0000;6387.2000;5599.1500;110.0000;-0.0414;0.0000;-788.0500;0.0000;6.8165;0.0000;-788.0500;0.0000;6.8165;1.0000;0.0000;0.0000;0.0000;0.0000
480;417.06;787.7000;2860.9000;6660.6000;5872.9000;110.0000;-0.0414;0.0000;-787.7000;0.0000;6.8165;0.0000;-787.7000;0.0000;6.8165;1.0000;0.0000;0.0000;0.0000;0.0000
481;417.43;790.1500;2756.5500;6661.1500;5871.0000;110.0000;-0.0414;0.0000;-790.1500;0.0000;6.8165;0.0000;-790.1500;0.0000;6.8165;1.0000;0.0000;0.0000;0.0000;0.0000
482;417.79;788.6000;2659.9000;6625.3000;5836.7000;110.0000;-0.0414;0.0000;-788.6000;0.0000;6.8165;0.0000;-788.6000;0.0000;6.8165;1.0000;0.0000;0.0000;0.0000;0.0000
483;418.15;778.3000;2614.7000;6636.5000;5858.2000;110.0000;-0.0414;0.0000;-778.3000;0.0000;6.8165;0.0000;-778.3000;0.0000;6.8165;1.0000;0.0000;0.0000;0.0000;0.0000
484;418.52;785.7500;2659.7500;6959.3500;6173.6000;110.0000;-0.0414;0.0000;-785.7500;0.0000;6.8165;0.0000;-785.7500;0.0000;6.8165;1.0000;0.0000;0.0000;0.0000;0.0000
485;418.88;790.6500;2654.8000;7018.8500;6228.2000;110.0000;-0.0414;0.0000;-790.6500;0.0000;6.8165;0.0000;-790.6500;0.0000;6.8165;1.0000;0.0000;0.0000;0.0000;0.0000
486;419.24;789.7000;2723.3500;7288.3000;6498.6000;110.0000;-0.0414;0.0000;-789.7000;0.0000;6.8165;0.0000;-789.7000;0.0000;6.8165;1.0000;0.0000;0.0000;0.0000;0.0000
487;419.61;795.2000;2728.0000;7323.9000;6528.7000;110.0000;-0.0414;0.0000;-795.2000;0.0000;6.8165;0.0000;-795.2000;0.0000;6.8165;1.0000;0.0000;0.0000;0.0000;0.0000
488;419.97;795.8500;2734.6500;7452.6500;6656.8000;110.0000;-0.0414;0.0000;-795.8500;0.0000;6.8165;0.0000;-795.8500;0.0000;6.8165;1.0000;0.0000;0.0000;0.0000;0.0000
489;420.33;780.3500;2833.4500;7791.9000;7011.5500;110.0000;-0.0414;0.0000;-780.3500;0.0000;6.8165;0.0000;-780.3500;0.0000;6.8165;1.0000;0.0000;0.0000;0.0000;0.0000
490;420.70;786.5000;2816.0000;7676.9000;6890.4000;110.0000;-0.0414;0.0000;-786.5000;0.0000;6.8165;0.0000;-786.5000;0.0000;6.8165;1.0000;0.0000;0.0000;0.0000;0.0000
491;421.06;792.3000;2892.5000;7818.2500;7025.9500;110.0000;-0.0414;0.0000;-792.3000;0.0000;6.8165;0.0000;-792.3000;0.0000;6.8165;1.0000;0.0000;0.0000;0.0000;0.0000
492;421.42;780.7500;2963.0000;7941.3500;7160.6000;110.0000;-0.0414;0.0000;-780.7500;0.0000;6.8165;0.0000;-780.7500;0.0000;6.8165;1.0000;0.0000;0.0000;0.0000;0.0000
493;421.79;792.8500;2982.3000;8002.7000;7209.8500;110.0000;-0.0414;0.0000;-792.8500;0.0000;6.8165;0.0000;-792.8500;0.0000;6.8165;1.0000;0.0000;0.0000;0.0000;0.0000
494;422.15;785.0500;3030.2000;8001.5000;7216.4500;110.0000;-0.0414;0.0000;-785.0500;0.0000;6.8165;0.0000;-785.0500;0.0000;6.8165;1.0000;0.0000;0.0000;0.0000;0.0000
495;422.51;777.2500;3138.3000;8157.9500;7380.7000;110.0000;-0.0414;0.0000;-777.2500;0.0000;6.8165;0.0000;-777.2500;0.0000;6.8165;1.0000;0.0000;0.0000;0.0000;0.0000
496;422.87;781.9000;3250.1000;8368.8000;7586.9000;110.0000;-0.0414;0.0000;-781.9000;0.0000;6.8165;0.0000;-781.9000;0.0000;6.8165;1.0000;0.0000;0.0000;0.0000;0.0000
497;423.24;789.6500;3344.6000;8496.4000;7706.7500;110.0000;-0.0414;0.0000;-789.6500;0.0000;6.8165;0.0000;-789.6500;0.0000;6.8165;1.0000;0.0000;0.0000;0.0000;0.0000
498;423.60;789.0000;3440.5000;8610.6500;7821.6500;110.0000;-0.0414;0.0000;-789.0000;0.0000;6.8165;0.0000;-789.0000;0.0000;6.8165;1.0000;0.0000;0.0000;0.0000;0.0000
499;423.96;796.6500;3589.8000;8762.7500;7966.1000;110.0000;-0.0414;0.0000;-796.6500;0.0000;6.8165;0.0000;-796.6500;0.0000;6.8165;1.0000;0.0000;0.0000;0.0000;0.0000
500;424.32;791.5500;3726.5000;8887.6000;8096.0500;110.0000;-0.0414;0.0000;-791.5500;0.0000;6.8165;0.0000;-791.5500;0.0000;6.8165;1.0000;0.0000;0.0000;0.0000;0.0000
501;424.69;789.8500;3818.0500;8912.1500;8122.3000;110.0000;-0.0414;0.0000;-789.8500;0.0000;6.8165;0.0000;-789.8500;0.0000;6.8165;1.0000;0.0000;0.0000;0.0000;0.0000
502;425.05;782.3000;4125.3500;9422.1500;8639.8500;110.0000;-0.0414;0.0000;-782.3000;0.0000;6.8165;0.0000;-782.3000;0.0000;6.8165;1.0000;0.0000;0.0000;0.0000;0.0000
503;425.41;788.2500;4372.8500;9737.0000;8948.7500;110.0000;-0.0414;0.0000;-788.2500;0.0000;6.8165;0.0000;-788.2500;0.0000;6.8165;1.0000;0.0000;0.0000;0.0000;0.0000
504;425.77;783.6000;4405.9000;9621.1000;8837.5000;110.0000;-0.0414;0.0000;-783.6000;0.0000;6.8165;0.0000;-783.6000;0.0000;6.8165;1.0000;0.0000;0.0000;0.0000;0.0000
505;426.13;794.8000;4576.9000;9664.4500;8869.6500;110.0000;-0.0414;0.0000;-794.8000;0.0000;6.8165;0.0000;-794.8000;0.0000;6.8165;1.0000;0.0000;0.0000;0.0000;0.0000
506;426.50;793.3500;4678.8000;9609.8500;8816.5000;110.0000;-0.0414;0.0000;-793.3500;0.0000;6.8165;0.0000;-793.3500;0.0000;6.8165;1.0000;0.0000;0.0000;0.0000;0.0000
507;426.86;785.4000;4830.9000;9663.7000;8878.3000;110.0000;-0.0414;0.0000;-785.4000;0.0000;6.8165;0.0000;-785.4000;0.0000;6.8165;1.0000;0.0000;0.0000;0.0000;0.0000
508;427.22;780.4000;5265.4500;10166.3000;9385.9000;110.0000;-0.0414;0.0000;-780.4000;0.0000;6.8165;0.0000;-780.4000;0.0000;6.8165;1.0000;0.0000;0.0000;0.0000;0.0000
509;427.58;791.8000;5260.2500;10082.9500;9291.1500;110.0000;-0.0414;0.0000;-791.8000;0.0000;6.8165;0.0000;-791.8000;0.0000;6.8165;1.0000;0.0000;0.0000;0.0000;0.0000
510;427.94;797.5000;5586.9500;10395.7500;9598.2500;110.0000;-0.0414;0.0000;-797.5000;0.0000;6.8165;0.0000;-797.5000;0.0000;6.8165;1.0000;0.0000;0.0000;0.0000;0.0000
511;428.30;794.4500;5798.5500;10474.9500;9680.5000;110.0000;-0.0414;0.0000;-794.4500;0.0000;6.8165;0.0000;-794.4500;0.0000;6.8165;1.0000;0.0000;0.0000;0.0000;0.0000
512;428.66;773.4500;5652.9000;10066.6000;9293.1500;110.0000;-0.0414;0.0000;-773.4500;0.0000;6.8165;0.0000;-773.4500;0.0000;6.8165;1.0000;0.0000;0.0000;0.0000;0.0000
513;429.02;786.7500;5694.4000;10018.5000;9231.7500;110.0000;-0.0414;0.0000;-786.7500;0.0000;6.8165;0.0000;-786.7500;0.0000;6.8165;1.0000;0.0000;0.0000;0.0000;0.0000
514;429.39;777.4500;5701.4500;9800.5500;9023.1000;110.0000;-0.0414;0.0000;-777.4500;0.0000;6.8165;0.0000;-777.4500;0.0000;6.8165;1.0000;0.0000;0.0000;0.0000;0.0000
515;429.75;780.9500;5697.2500;9537.5000;8756.5500;110.0000;-0.0414;0.0000;-780.9500;0.0000;6.8165;0.0000;-780.9500;0.0000;6.8165;1.0000;0.0000;0.0000;0.0000;0.0000
516;430.11;789.6500;5602.5000;9205.5500;8415.9000;110.0000;-0.0414;0.0000;-789.6500;0.0000;6.8165;0.0000;-789.6500;0.0000;6.8165;1.0000;0.0000;0.0000;0.0000;0.0000
517;430.47;792.8000;5499.5500;8923.6500;8130.8500;110.0000;-0.0414;0.0000;-792.8000;0.0000;6.8165;0.0000;-792.8000;0.0000;6.8165;1.0000;0.0000;0.0000;0.0000;0.0000
518;430.83;795.3500;5275.4000;8755.8500;7960.5000;110.0000;-0.0414;0.0000;-795.3500;0.0000;6.8165;0.0000;-795.3500;0.0000;6.8165;1.0000;0.0000;0.0000;0.0000;0.0000
519;431.19;780.7000;5181.2500;8870.1500;8089.4500;110.0000;-0.0414;0.0000;-780.7000;0.0000;6.8165;0.0000;-780.7000;0.0000;6.8165;1.0000;0.0000;0.0000;0.0000;0.0000
520;431.55;778.8000;4765.4500;8626.7000;7847.9000;110.0000;-0.0414;0.0000;-778.8000;0.0000;6.8165;0.0000;-778.8000;0.0000;6.8165;1.0000;0.0000;0.0000;0.0000;0.0000
521;431.91;786.4500;4710.1000;9021.3500;8234.9000;110.0000;-0.0414;0.0000;-786.4500;0.0000;6.8165;0.0000;-786.4500;0.0000;6.8165;1.0000;0.0000;0.0000;0.0000;0.0000
522;432.27;785.3000;4566.9000;9360.8000;8575.5000;110.0000;-0.0414;0.0000;-785.3000;0.0000;6.8165;0.0000;-785.3000;0.0000;6.8165;1.0000;0.0000;0.0000;0.0000;0.0000
523;432.63;795.0000;4320.9500;9394.6000;8599.6000;110.0000;-0.0414;0.0000;-795.0000;0.0000;6.8165;0.0000;-795.0000;0.0000;6.8165;1.0000;0.0000;0.0000;0.0000;0.0000
524;432.99;779.2500;4147.9500;9581.2500;8802.0000;110.0000;-0.0414;0.0000;-779.2500;0.0000;6.8165;0.0000;-779.2500;0.0000;6.8165;1.0000;0.0000;0.0000;0.0000;0.0000
525;433.35;775.5500;4021.5500;9827.4500;9051.9000;110.0000;-0.0414;0.0000;-775.5500;0.0000;6.8165;0.0000;-775.5500;0.0000;6.8165;1.0000;0.0000;0.0000;0.0000;0.0000
526;433.71;787.1000;3858.6000;9797.1500;9010.0500;110.0000;-0.0414;0.0000;-787.1000;0.0000;6.8165;0.0000;-787.1000;0.0000;6.8165;1.0000;0.0000;0.0000;0.0000;0.0000
527;434.07;795.4000;3870.7000;10342.5500;9547.1500;110.0000;-0.0414;0.0000;-795.4000;0.0000;6.8165;0.0000;-795.4000;0.0000;6.8165;1.0000;0.0000;0.0000;0.0000;0.0000
528;434.43;782.2500;3676.5000;10172.9500;9390.7000;110.0000;-0.0414;0.0000;-782.2500;0.0000;6.8165;0.0000;-782.2500;0.0000;6.8165;1.0000;0.0000;0.0000;0.0000;0.0000
529;434.79;803.2500;3588.2500;10296.0500;9492.8000;110.0000;-0.0414;0.0000;-803.2500;0.0000;6.8165;0.0000;-803.2500;0.0000;6.8165;1.0000;0.0000;0.0000;0.0000;0.0000
530;435.15;785.3000;3554.7000;10501.8000;9716.5000;110.0000;-0.0414;0.0000;-785.3000;0.0000;6.8165;0.0000;-785.3000;0.0000;6.8165;1.0000;0.0000;0.0000;0.0000;0.0000
531;435.51;803.2500;3481.0000;10567.1000;9763.8500;110.0000;-0.0414;0.0000;-803.2500;0.0000;6.8165;0.0000;-803.2500;0.0000;6.8165;1.0000;0.0000;0.0000;0.0000;0.0000
532;435.87;768.5000;3389.8000;10690.5500;9922.0500;110.0000;-0.0414;0.0000;-768.5000;0.0000;6.8165;0.0000;-768.5000;0.0000;6.8165;1.0000;0.0000;0.0000;0.0000;0.0000
533;436.23;792.4000;3376.4500;11031.0500;10238.6500;110.0000;-0.0414;0.0000;-792.4000;0.0000;6.8165;0.0000;-792.4000;0.0000;6.8165;1.0000;0.0000;0.0000;0.0000;0.0000
534;436.59;799.5000;3406.3500;11219.5000;10420.0000;110.0000;-0.0414;0.0000;-799.5000;0.0000;6.8165;0.0000;-799.5000;0.0000;6.8165;1.0000;0.0000;0.0000;0.0000;0.0000
535;436.94;801.7000;3352.6500;11208.7000;10407.0000;110.0000;-0.0414;0.0000;-801.7000;0.0000;6.8165;0.0000;-801.7000;0.0000;6.8165;1.0000;0.0000;0.0000;0.0000;0.0000
536;437.30;784.7000;3305.6500;11411.5000;10626.8000;110.0000;-0.0414;0.0000;-784.7000;0.0000;6.8165;0.0000;-784.7000;0.0000;6.8165;1.0000;0.0000;0.0000;0.0000;0.0000
537;437.66;803.8000;3251.1500;11245.0500;10441.2500;110.0000;-0.0414;0.0000;-803.8000;0.0000;6.8165;0.0000;-803.8000;0.0000;6.8165;1.0000;0.0000;0.0000;0.0000;0.0000
538;438.02;782.2000;3281.2500;11547.6500;10765.4500;110.0000;-0.0414;0.0000;-782.2000;0.0000;6.8165;0.0000;-782.2000;0.0000;6.8165;1.0000;0.0000;0.0000;0.0000;0.0000
539;438.38;787.3000;3282.9000;11739.9000;10952.6000;110.0000;-0.0414;0.0000;-787.3000;0.0000;6.8165;0.0000;-787.3000;0.0000;6.8165;1.0000;0.0000;0.0000;0.0000;0.0000
540;438.74;797.0500;3248.5500;11804.3000;11007.2500;110.0000;-0.0414;0.0000;-797.0500;0.0000;6.8165;0.0000;-797.0500;0.0000;6.8165;1.0000;0.0000;0.0000;0.0000;0.0000
541;439.10;792.9500;3161.9500;11392.1000;10599.1500;110.0000;-0.0414;0.0000;-792.9500;0.0000;6.8165;0.0000;-792.9500;0.0000;6.8165;1.0000;0.0000;0.0000;0.0000;0.0000
542;439.46;789.8000;3178.9000;11597.0500;10807.2500;110.0000;-0.0414;0.0000;-789.8000;0.0000;6.8165;0.0000;-789.8000;0.0000;6.8165;1.0000;0.0000;0.0000;0.0000;0.0000
543;439.81;781.3000;3136.7000;11705.2000;10923.9000;110.0000;-0.0414;0.0000;-781.3000;0.0000;6.8165;0.0000;-781.3000;0.0000;6.8165;1.0000;0.0000;0.0000;0.0000;0.0000
544;440.17;776.4500;3067.9500;11482.8000;10706.3500;110.0000;-0.0414;0.0000;-776.4500;0.0000;6.8165;0.0000;-776.4500;0.0000;6.8165;1.0000;0.0000;0.0000;0.0000;0.0000
545;440.53;795.3000;3129.7000;11927.3500;11132.0500;110.0000;-0.0414;0.0000;-795.3000;0.0000;6.8165;0.0000;-795.3000;0.0000;6.8165;1.0000;0.0000;0.0000;0.0000;0.0000
546;440.89;798.2000;3114.6000;11965.1500;11166.9500;110.0000;-0.0414;0.0000;-798.2000;0.0000;6.8165;0.0000;-798.2000;0.0000;6.8165;1.0000;0.0000;0.0000;0.0000;0.0000
547;441.25;789.3500;3074.5500;12043.7000;11254.3500;110.0000;-0.0414;0.0000;-789.3500;0.0000;6.8165;0.0000;-789.3500;0.0000;6.8165;1.0000;0.0000;0.0000;0.0000;0.0000
548;441.60;786.0500;3073.6500;12178.7500;11392.7000;110.0000;-0.0414;0.0000;-786.0500;0.0000;6.8165;0.0000;-786.0500;0.0000;6.8165;1.0000;0.0000;0.0000;0.0000;0.0000
549;441.96;779.4000;3097.2500;12522.8500;11743.4500;110.0000;-0.0414;0.0000;-779.4000;0.0000;6.8165;0.0000;-779.4000;0.0000;6.8165;1.0000;0.0000;0.0000;0.0000;0.0000
550;442.32;780.9000;3076.3000;12328.7500;11547.8500;110.0000;-0.0414;0.0000;-780.9000;0.0000;6.8165;0.0000;-780.9000;0.0000;6.8165;1.0000;0.0000;0.0000;0.0000;0.0000
551;442.68;787.6000;2989.7500;12197.3000;11409.7000;110.0000;-0.0414;0.0000;-787.6000;0.0000;6.8165;0.0000;-787.6000;0.0000;6.8165;1.0000;0.0000;0.0000;0.0000;0.0000
552;443.03;794.7000;3144.6500;13041.3000;12246.6000;110.0000;-0.0414;0.0000;-794.7000;0.0000;6.8165;0.0000;-794.7000;0.0000;6.8165;1.0000;0.0000;0.0000;0.0000;0.0000
553;443.39;766.8000;3051.9000;12704.3000;11937.5000;110.0000;-0.0414;0.0000;-766.8000;0.0000;6.8165;0.0000;-766.8000;0.0000;6.8165;1.0000;0.0000;0.0000;0.0000;0.0000
554;443.75;773.1000;3193.9000;13607.6000;12834.5000;110.0000;-0.0414;0.0000;-773.1000;0.0000;6.8165;0.0000;-773.1000;0.0000;6.8165;1.0000;0.0000;0.0000;0.0000;0.0000
555;444.11;781.5500;3169.7000;13379.5000;12597.9500;110.0000;-0.0414;0.0000;-781.5500;0.0000;6.8165;0.0000;-781.5500;0.0000;6.8165;1.0000;0.0000;0.0000;0.0000;0.0000
556;444.46;788.7500;3103.8000;13262.9500;12474.2000;110.0000;-0.0414;0.0000;-788.7500;0.0000;6.8165;0.0000;-788.7500;0.0000;6.8165;1.0000;0.0000;0.0000;0.0000;0.0000
557;444.82;795.6000;3070.3500;13215.0000;12419.4000;110.0000;-0.0414;0.0000;-795.6000;0.0000;6.8165;0.0000;-795.6000;0.0000;6.8165;1.0000;0.0000;0.0000;0.0000;0.0000
558;445.18;786.4500;3099.3000;13232.8500;12446.4000;110.0000;-0.0414;0.0000;-786.4500;0.0000;6.8165;0.0000;-786.4500;0.0000;6.8165;1.0000;0.0000;0.0000;0.0000;0.0000
559;445.53;786.2000;3102.6000;13477.8000;12691.6000;110.0000;-0.0414;0.0000;-786.2000;0.0000;6.8165;0.0000;-786.2000;0.0000;6.8165;1.0000;0.0000;0.0000;0.0000;0.0000
560;445.89;786.9000;3145.7500;13580.3000;12793.4000;110.0000;-0.0414;0.0000;-786.9000;0.0000;6.8165;0.0000;-786.9000;0.0000;6.8165;1.0000;0.0000;0.0000;0.0000;0.0000
561;446.25;788.8500;3179.1000;14078.6000;13289.7500;110.0000;-0.0414;0.0000;-788.8500;0.0000;6.8165;0.0000;-788.8500;0.0000;6.8165;1.0000;0.0000;0.0000;0.0000;0.0000
562;446.60;792.4500;3106.0000;13736.9000;12944.4500;110.0000;-0.0414;0.0000;-792.4500;0.0000;6.8165;0.0000;-792.4500;0.0000;6.8165;1.0000;0.0000;0.0000;0.0000;0.0000
563;446.96;797.0500;3136.9000;13891.5500;13094.5000;110.0000;-0.0414;0.0000;-797.0500;0.0000;6.8165;0.0000;-797.0500;0.0000;6.8165;1.0000;0.0000;0.0000;0.0000;0.0000
564;447.32;800.7000;3141.9000;14163.1000;13362.4000;110.0000;-0.0414;0.0000;-800.7000;0.0000;6.8165;0.0000;-800.7000;0.0000;6.8165;1.0000;0.0000;0.0000;0.0000;0.0000
565;447.67;794.2500;3242.5500;14733.3500;13939.1000;110.0000;-0.0414;0.0000;-794.2500;0.0000;6.8165;0.0000;-794.2500;0.0000;6.8165;1.0000;0.0000;0.0000;0.0000;0.0000
566;448.03;800.1500;3205.9000;14742.9000;13942.7500;110.0000;-0.0414;0.0000;-800.1500;0.0000;6.8165;0.0000;-800.1500;0.0000;6.8165;1.0000;0.0000;0.0000;0.0000;0.0000
567;448.38;796.4000;3215.5000;15015.3000;14218.9000;110.0000;-0.0414;0.0000;-796.4000;0.0000;6.8165;0.0000;-796.4000;0.0000;6.8165;1.0000;0.0000;0.0000;0.0000;0.0000
568;448.74;794.2000;3351.7500;15925.4500;15131.2500;110.0000;-0.0414;0.0000;-794.2000;0.0000;6.8165;0.0000;-794.2000;0.0000;6.8165;1.0000;0.0000;0.0000;0.0000;0.0000
569;449.10;796.4000;3288.2000;15817.9500;15021.5500;110.0000;-0.0414;0.0000;-796.4000;0.0000;6.8165;0.0000;-796.4000;0.0000;6.8165;1.0000;0.0000;0.0000;0.0000;0.0000
570;449.45;795.7500;3454.3000;17100.4000;16304.6500;110.0000;-0.0414;0.0000;-795.7500;0.0000;6.8165;0.0000;-795.7500;0.0000;6.8165;1.0000;0.0000;0.0000;0.0000;0.0000
571;449.81;800.7000;3635.8000;18451.8500;17651.1500;110.0000;-0.0414;0.0000;-800.7000;0.0000;6.8165;0.0000;-800.7000;0.0000;6.8165;1.0000;0.0000;0.0000;0.0000;0.0000
572;450.16;788.8000;3751.9000;19409.2000;18620.4000;110.0000;-0.0414;0.0000;-788.8000;0.0000;6.8165;0.0000;-788.8000;0.0000;6.8165;1.0000;0.0000;0.0000;0.0000;0.0000
573;450.52;798.5500;3978.7000;20999.2500;20200.7000;110.0000;-0.0414;0.0000;-798.5500;0.0000;6.8165;0.0000;-798.5500;0.0000;6.8165;1.0000;0.0000;0.0000;0.0000;0.0000
574;450.87;804.6500;3860.7000;20459.2000;19654.5500;110.0000;-0.0414;0.0000;-804.6500;0.0000;6.8165;0.0000;-804.6500;0.0000;6.8165;1.0000;0.0000;0.0000;0.0000;0.0000
575;451.23;803.0000;3671.8000;19280.0000;18477.0000;110.0000;-0.0414;0.0000;-803.0000;0.0000;6.8165;0.0000;-803.0000;0.0000;6.8165;1.0000;0.0000;0.0000;0.0000;0.0000
576;451.59;801.8500;3642.9000;19219.1000;18417.2500;110.0000;-0.0414;0.0000;-801.8500;0.0000;6.8165;0.0000;-801.8500;0.0000;6.8165;1.0000;0.0000;0.0000;0.0000;0.0000
577;451.94;794.4000;3569.6000;18968.4000;18174.0000;110.0000;-0.0414;0.0000;-794.4000;0.0000;6.8165;0.0000;-794.4000;0.0000;6.8165;1.0000;0.0000;0.0000;0.0000;0.0000
578;452.30;800.2000;3643.8000;19470.0500;18669.8500;110.0000;-0.0414;0.0000;-800.2000;0.0000;6.8165;0.0000;-800.2000;0.0000;6.8165;1.0000;0.0000;0.0000;0.0000;0.0000
579;452.65;785.0500;3671.0000;19747.3500;18962.3000;110.0000;-0.0414;0.0000;-785.0500;0.0000;6.8165;0.0000;-785.0500;0.0000;6.8165;1.0000;0.0000;0.0000;0.0000;0.0000
580;453.01;793.6000;3768.4000;20548.5000;19754.9000;110.0000;-0.0414;0.0000;-793.6000;0.0000;6.8165;0.0000;-793.6000;0.0000;6.8165;1.0000;0.0000;0.0000;0.0000;0.0000
581;453.36;785.2500;3666.5500;19820.2000;19034.9500;110.0000;-0.0414;0.0000;-785.2500;0.0000;6.8165;0.0000;-785.2500;0.0000;6.8165;1.0000;0.0000;0.0000;0.0000;0.0000
582;453.71;797.6500;3512.3500;18896.3500;18098.7000;110.0000;-0.0414;0.0000;-797.6500;0.0000;6.8165;0.0000;-797.6500;0.0000;6.8165;1.0000;0.0000;0.0000;0.0000;0.0000
583;454.07;788.7500;3550.0000;19272.9000;18484.1500;110.0000;-0.0414;0.0000;-788.7500;0.0000;6.8165;0.0000;-788.7500;0.0000;6.8165;1.0000;0.0000;0.0000;0.0000;0.0000
584;454.42;778.9500;3559.6500;19411.0000;18632.0500;110.0000;-0.0414;0.0000;-778.9500;0.0000;6.8165;0.0000;-778.9500;0.0000;6.8165;1.0000;0.0000;0.0000;0.0000;0.0000
585;454.78;775.4500;3661.6500;20251.1000;19475.6500;110.0000;-0.0414;0.0000;-775.4500;0.0000;6.8165;0.0000;-775.4500;0.0000;6.8165;1.0000;0.0000;0.0000;0.0000;0.0000
586;455.13;785.5000;3650.0500;20302.6500;19517.1500;110.0000;-0.0414;0.0000;-785.5000;0.0000;6.8165;0.0000;-785.5000;0.0000;6.8165;1.0000;0.0000;0.0000;0.0000;0.0000
587;455.49;808.5000;3761.7500;21193.9500;20385.4500;110.0000;-0.0414;0.0000;-808.5000;0.0000;6.8165;0.0000;-808.5000;0.0000;6.8165;1.0000;0.0000;0.0000;0.0000;0.0000
588;455.84;789.4500;3634.0500;20360.5000;19571.0500;110.0000;-0.0414;0.0000;-789.4500;0.0000;6.8165;0.0000;-789.4500;0.0000;6.8165;1.0000;0.0000;0.0000;0.0000;0.0000
589;456.19;794.7500;3808.5000;21376.9000;20582.1500;110.0000;-0.0414;0.0000;-794.7500;0.0000;6.8165;0.0000;-794.7500;0.0000;6.8165;1.0000;0.0000;0.0000;0.0000;0.0000
590;456.55;796.2000;3878.5000;22065.7500;21269.5500;110.0000;-0.0414;0.0000;-796.2000;0.0000;6.8165;0.0000;-796.2000;0.0000;6.8165;1.0000;0.0000;0.0000;0.0000;0.0000
591;456.90;781.8500;3956.0500;22296.9000;21515.0500;110.0000;-0.0414;0.0000;-781.8500;0.0000;6.8165;0.0000;-781.8500;0.0000;6.8165;1.0000;0.0000;0.0000;0.0000;0.0000
592;457.26;797.6500;4000.1000;22514.5500;21716.9000;110.0000;-0.0414;0.0000;-797.6500;0.0000;6.8165;0.0000;-797.6500;0.0000;6.8165;1.0000;0.0000;0.0000;0.0000;0.0000
593;457.61;794.8500;3979.1000;22323.3500;21528.5000;110.0000;-0.0414;0.0000;-794.8500;0.0000;6.8165;0.0000;-794.8500;0.0000;6.8165;1.0000;0.0000;0.0000;0.0000;0.0000
594;457.96;805.1000;4067.2000;22898.6500;22093.5500;110.0000;-0.0414;0.0000;-805.1000;0.0000;6.8165;0.0000;-805.1000;0.0000;6.8165;1.0000;0.0000;0.0000;0.0000;0.0000
595;458.32;795.0000;4202.9000;23785.0000;22990.0000;110.0000;-0.0414;0.0000;-795.0000;0.0000;6.8165;0.0000;-795.0000;0.0000;6.8165;1.0000;0.0000;0.0000;0.0000;0.0000
596;458.67;798.7500;4108.9500;23129.2500;22330.5000;110.0000;-0.0414;0.0000;-798.7500;0.0000;6.8165;0.0000;-798.7500;0.0000;6.8165;1.0000;0.0000;0.0000;0.0000;0.0000
597;459.02;790.1000;4140.1500;23200.9500;22410.8500;110.0000;-0.0414;0.0000;-790.1000;0.0000;6.8165;0.0000;-790.1000;0.0000;6.8165;1.0000;0.0000;0.0000;0.0000;0.0000
598;459.38;803.7000;4098.5000;22841.2500;22037.5500;110.0000;-0.0414;0.0000;-803.7000;0.0000;6.8165;0.0000;-803.7000;0.0000;6.8165;1.0000;0.0000;0.0000;0.0000;0.0000
599;459.73;791.7500;4163.5000;22780.4500;21988.7000;110.0000;-0.0414;0.0000;-791.7500;0.0000;6.8165;0.0000;-791.7500;0.0000;6.8165;1.0000;0.0000;0.0000;0.0000;0.0000
600;460.08;801.8500;4108.7000;22317.6000;21515.7500;110.0000;-0.0414;0.0000;-801.8500;0.0000;6.8165;0.0000;-801.8500;0.0000;6.8165;1.0000;0.0000;0.0000;0.0000;0.0000
601;460.44;792.2500;4178.2000;22756.0000;21963.7500;110.0000;-0.0414;0.0000;-792.2500;0.0000;6.8165;0.0000;-792.2500;0.0000;6.8165;1.0000;0.0000;0.0000;0.0000;0.0000
602;460.79;789.3500;4168.1500;22618.6000;21829.2500;110.0000;-0.0414;0.0000;-789.3500;0.0000;6.8165;0.0000;-789.3500;0.0000;6.8165;1.0000;0.0000;0.0000;0.0000;0.0000
603;461.14;796.8000;4250.6000;23372.9500;22576.1500;110.0000;-0.0414;0.0000;-796.8000;0.0000;6.8165;0.0000;-796.8000;0.0000;6.8165;1.0000;0.0000;0.0000;0.0000;0.0000
604;461.49;799.5000;4303.8500;23465.3500;22665.8500;110.0000;-0.0414;0.0000;-799.5000;0.0000;6.8165;0.0000;-799.5000;0.0000;6.8165;1.0000;0.0000;0.0000;0.0000;0.0000
605;461.85;799.5000;4343.1000;23699.9000;22900.4000;110.0000;-0.0414;0.0000;-799.5000;0.0000;6.8165;0.0000;-799.5000;0.0000;6.8165;1.0000;0.0000;0.0000;0.0000;0.0000
606;462.20;791.3500;4449.8500;24378.4000;23587.0500;110.0000;-0.0414;0.0000;-791.3500;0.0000;6.8165;0.0000;-791.3500;0.0000;6.8165;1.0000;0.0000;0.0000;0.0000;0.0000
607;462.55;788.1000;4410.9500;23850.7500;23062.6500;110.0000;-0.0414;0.0000;-788.1000;0.0000;6.8165;0.0000;-788.1000;0.0000;6.8165;1.0000;0.0000;0.0000;0.0000;0.0000
608;462.90;790.0000;4614.4000;25254.8500;24464.8500;110.0000;-0.0414;0.0000;-790.0000;0.0000;6.8165;0.0000;-790.0000;0.0000;6.8165;1.0000;0.0000;0.0000;0.0000;0.0000
609;463.26;782.3000;4760.7000;26267.4500;25485.1500;110.0000;-0.0414;0.0000;-782.3000;0.0000;6.8165;0.0000;-782.3000;0.0000;6.8165;1.0000;0.0000;0.0000;0.0000;0.0000
610;463.61;792.9000;4709.9000;25799.2500;25006.3500;110.0000;-0.0414;0.0000;-792.9000;0.0000;6.8165;0.0000;-792.9000;0.0000;6.8165;1.0000;0.0000;0.0000;0.0000;0.0000
611;463.96;791.3500;4687.9500;25804.0000;25012.6500;110.0000;-0.0414;0.0000;-791.3500;0.0000;6.8165;0.0000;-791.3500;0.0000;6.8165;1.0000;0.0000;0.0000;0.0000;0.0000
612;464.31;786.3500;4764.5000;26187.0000;25400.6500;110.0000;-0.0414;0.0000;-786.3500;0.0000;6.8165;0.0000;-786.3500;0.0000;6.8165;1.0000;0.0000;0.0000;0.0000;0.0000
613;464.66;784.0500;4613.9000;25380.7000;24596.6500;110.0000;-0.0414;0.0000;-784.0500;0.0000;6.8165;0.0000;-784.0500;0.0000;6.8165;1.0000;0.0000;0.0000;0.0000;0.0000
614;465.02;778.8000;4611.1000;25130.5500;24351.7500;110.0000;-0.0414;0.0000;-778.8000;0.0000;6.8165;0.0000;-778.8000;0.0000;6.8165;1.0000;0.0000;0.0000;0.0000;0.0000
615;465.37;791.6500;4659.2500;25628.4500;24836.8000;110.0000;-0.0414;0.0000;-791.6500;0.0000;6.8165;0.0000;-791.6500;0.0000;6.8165;1.0000;0.0000;0.0000;0.0000;0.0000
616;465.72;794.1000;4671.8000;25472.8000;24678.7000;110.0000;-0.0414;0.0000;-794.1000;0.0000;6.8165;0.0000;-794.1000;0.0000;6.8165;1.0000;0.0000;0.0000;0.0000;0.0000
617;466.07;788.2000;4599.4500;25017.5000;24229.3000;110.0000;-0.0414;0.0000;-788.2000;0.0000;6.8165;0.0000;-788.2000;0.0000;6.8165;1.0000;0.0000;0.0000;0.0000;0.0000
618;466.42;797.7000;4749.8500;25877.4500;25079.7500;110.0000;-0.0414;0.0000;-797.7000;0.0000;6.8165;0.0000;-797.7000;0.0000;6.8165;1.0000;0.0000;0.0000;0.0000;0.0000
619;466.77;797.1000;4811.9000;25913.7500;25116.6500;110.0000;-0.0414;0.0000;-797.1000;0.0000;6.8165;0.0000;-797.1000;0.0000;6.8165;1.0000;0.0000;0.0000;0.0000;0.0000
620;467.12;786.1000;4936.0000;26816.3000;26030.2000;110.0000;-0.0414;0.0000;-786.1000;0.0000;6.8165;0.0000;-786.1000;0.0000;6.8165;1.0000;0.0000;0.0000;0.0000;0.0000
621;467.48;799.4500;5204.8500;28499.2000;27699.7500;110.0000;-0.0414;0.0000;-799.4500;0.0000;6.8165;0.0000;-799.4500;0.0000;6.8165;1.0000;0.0000;0.0000;0.0000;0.0000
622;467.83;792.8500;5508.0000;30423.2500;29630.4000;110.0000;-0.0414;0.0000;-792.8500;0.0000;6.8165;0.0000;-792.8500;0.0000;6.8165;1.0000;0.0000;0.0000;0.0000;0.0000
623;468.18;792.2000;5534.9500;30383.0500;29590.8500;110.0000;-0.0414;0.0000;-792.2000;0.0000;6.8165;0.0000;-792.2000;0.0000;6.8165;1.0000;0.0000;0.0000;0.0000;0.0000
624;468.53;803.0500;5603.8500;30770.7000;29967.6500;110.0000;-0.0414;0.0000;-803.0500;0.0000;6.8165;0.0000;-803.0500;0.0000;6.8165;1.0000;0.0000;0.0000;0.0000;0.0000
625;468.88;795.5500;5537.1000;29881.0500;29085.5000;110.0000;-0.0414;0.0000;-795.5500;0.0000;6.8165;0.0000;-795.5500;0.0000;6.8165;1.0000;0.0000;0.0000;0.0000;0.0000
626;469.23;779.0500;5425.6500;29366.0500;28587.0000;110.0000;-0.0414;0.0000;-779.0500;0.0000;6.8165;0.0000;-779.0500;0.0000;6.8165;1.0000;0.0000;0.0000;0.0000;0.0000
627;469.58;782.9500;5445.1000;29056.3500;28273.4000;110.0000;-0.0414;0.0000;-782.9500;0.0000;6.8165;0.0000;-782.9500;0.0000;6.8165;1.0000;0.0000;0.0000;0.0000;0.0000
628;469.93;795.9500;5364.4500;28274.2000;27478.2500;110.0000;-0.0414;0.0000;-795.9500;0.0000;6.8165;0.0000;-795.9500;0.0000;6.8165;1.0000;0.0000;0.0000;0.0000;0.0000
629;470.28;793.4500;5317.5000;27886.8500;27093.4000;110.0000;-0.0414;0.0000;-793.4500;0.0000;6.8165;0.0000;-793.4500;0.0000;6.8165;1.0000;0.0000;0.0000;0.0000;0.0000
630;470.63;789.7500;5230.1500;27138.1000;26348.3500;110.0000;-0.0414;0.0000;-789.7500;0.0000;6.8165;0.0000;-789.7500;0.0000;6.8165;1.0000;0.0000;0.0000;0.0000;0.0000
631;470.98;787.4000;5168.2500;26792.3500;26004.9500;110.0000;-0.0414;0.0000;-787.4000;0.0000;6.8165;0.0000;-787.4000;0.0000;6.8165;1.0000;0.0000;0.0000;0.0000;0.0000
632;471.33;778.6000;5020.1500;25764.8500;24986.2500;110.0000;-0.0414;0.0000;-778.6000;0.0000;6.8165;0.0000;-778.6000;0.0000;6.8165;1.0000;0.0000;0.0000;0.0000;0.0000
633;471.68;790.8500;5094.9500;25806.4000;25015.5500;110.0000;-0.0414;0.0000;-790.8500;0.0000;6.8165;0.0000;-790.8500;0.0000;6.8165;1.0000;0.0000;0.0000;0.0000;0.0000
634;472.03;790.5000;5025.2500;24904.4500;24113.9500;110.0000;-0.0414;0.0000;-790.5000;0.0000;6.8165;0.0000;-790.5000;0.0000;6.8165;1.0000;0.0000;0.0000;0.0000;0.0000
635;472.38;783.9000;4933.9500;24393.0000;23609.1000;110.0000;-0.0414;0.0000;-783.9000;0.0000;6.8165;0.0000;-783.9000;0.0000;6.8165;1.0000;0.0000;0.0000;0.0000;0.0000
636;472.73;794.1000;5113.8000;25507.5000;24713.4000;110.0000;-0.0414;0.0000;-794.1000;0.0000;6.8165;0.0000;-794.1000;0.0000;6.8165;1.0000;0.0000;0.0000;0.0000;0.0000
637;473.08;779.1500;5318.5000;26825.7500;26046.6000;110.0000;-0.0414;0.0000;-779.1500;0.0000;6.8165;0.0000;-779.1500;0.0000;6.8165;1.0000;0.0000;0.0000;0.0000;0.0000
638;473.43;775.9000;5595.7000;28503.3000;27727.4000;110.0000;-0.0414;0.0000;-775.9000;0.0000;6.8165;0.0000;-775.9000;0.0000;6.8165;1.0000;0.0000;0.0000;0.0000;0.0000
639;473.78;784.4500;5879.3000;30553.7000;29769.2500;110.0000;-0.0414;0.0000;-784.4500;0.0000;6.8165;0.0000;-784.4500;0.0000;6.8165;1.0000;0.0000;0.0000;0.0000;0.0000
640;474.13;787.9500;5826.5000;30395.4000;29607.4500;110.0000;-0.0414;0.0000;-787.9500;0.0000;6.8165;0.0000;-787.9500;0.0000;6.8165;1.0000;0.0000;0.0000;0.0000;0.0000
641;474.48;786.6000;5535.3500;28797.5500;28010.9500;110.0000;-0.0414;0.0000;-786.6000;0.0000;6.8165;0.0000;-786.6000;0.0000;6.8165;1.0000;0.0000;0.0000;0.0000;0.0000
642;474.83;766.5000;5089.3500;26318.6500;25552.1500;110.0000;-0.0414;0.0000;-766.5000;0.0000;6.8165;0.0000;-766.5000;0.0000;6.8165;1.0000;0.0000;0.0000;0.0000;0.0000
643;475.18;770.0500;5008.7500;26334.2500;25564.2000;110.0000;-0.0414;0.0000;-770.0500;0.0000;6.8165;0.0000;-770.0500;0.0000;6.8165;1.0000;0.0000;0.0000;0.0000;0.0000
644;475.52;782.4500;4949.2500;26101.7500;25319.3000;110.0000;-0.0414;0.0000;-782.4500;0.0000;6.8165;0.0000;-782.4500;0.0000;6.8165;1.0000;0.0000;0.0000;0.0000;0.0000
645;475.87;772.2000;4946.7000;26157.9000;25385.7000;110.0000;-0.0414;0.0000;-772.2000;0.0000;6.8165;0.0000;-772.2000;0.0000;6.8165;1.0000;0.0000;0.0000;0.0000;0.0000
646;476.22;795.6000;4878.9000;25752.0500;24956.4500;110.0000;-0.0414;0.0000;-795.6000;0.0000;6.8165;0.0000;-795.6000;0.0000;6.8165;1.0000;0.0000;0.0000;0.0000;0.0000
647;476.57;791.4000;4884.5500;25311.3000;24519.9000;110.0000;-0.0414;0.0000;-791.4000;0.0000;6.8165;0.0000;-791.4000;0.0000;6.8165;1.0000;0.0000;0.0000;0.0000;0.0000
648;476.92;780.0000;4830.1500;24524.0500;23744.0500;110.0000;-0.0414;0.0000;-780.0000;0.0000;6.8165;0.0000;-780.0000;0.0000;6.8165;1.0000;0.0000;0.0000;0.0000;0.0000
649;477.27;783.5500;4861.2000;24210.5500;23427.0000;110.0000;-0.0414;0.0000;-783.5500;0.0000;6.8165;0.0000;-783.5500;0.0000;6.8165;1.0000;0.0000;0.0000;0.0000;0.0000
650;477.62;785.0500;4929.1000;24286.6000;23501.5500;110.0000;-0.0414;0.0000;-785.0500;0.0000;6.8165;0.0000;-785.0500;0.0000;6.8165;1.0000;0.0000;0.0000;0.0000;0.0000
651;477.96;779.7000;4935.3000;23977.6000;23197.9000;110.0000;-0.0414;0.0000;-779.7000;0.0000;6.8165;0.0000;-779.7000;0.0000;6.8165;1.0000;0.0000;0.0000;0.0000;0.0000
652;478.31;801.7000;4948.3000;23824.8500;23023.1500;110.0000;-0.0414;0.0000;-801.7000;0.0000;6.8165;0.0000;-801.7000;0.0000;6.8165;1.0000;0.0000;0.0000;0.0000;0.0000
653;478.66;797.0500;5029.5000;24217.5000;23420.4500;110.0000;-0.0414;0.0000;-797.0500;0.0000;6.8165;0.0000;-797.0500;0.0000;6.8165;1.0000;0.0000;0.0000;0.0000;0.0000
654;479.01;789.0000;5028.6500;24533.5500;23744.5500;110.0000;-0.0414;0.0000;-789.0000;0.0000;6.8165;0.0000;-789.0000;0.0000;6.8165;1.0000;0.0000;0.0000;0.0000;0.0000
655;479.36;794.0000;5113.5000;24698.1500;23904.1500;110.0000;-0.0414;0.0000;-794.0000;0.0000;6.8165;0.0000;-794.0000;0.0000;6.8165;1.0000;0.0000;0.0000;0.0000;0.0000
656;479.70;786.1500;5181.5500;25380.0500;24593.9000;110.0000;-0.0414;0.0000;-786.1500;0.0000;6.8165;0.0000;-786.1500;0.0000;6.8165;1.0000;0.0000;0.0000;0.0000;0.0000
657;480.05;791.5000;5195.9500;25650.4000;24858.9000;110.0000;-0.0414;0.0000;-791.5000;0.0000;6.8165;0.0000;-791.5000;0.0000;6.8165;1.0000;0.0000;0.0000;0.0000;0.0000
658;480.40;791.6000;5359.6500;26675.2500;25883.6500;110.0000;-0.0414;0.0000;-791.6000;0.0000;6.8165;0.0000;-791.6000;0.0000;6.8165;1.0000;0.0000;0.0000;0.0000;0.0000
659;480.75;801.4500;5482.3500;27570.2000;26768.7500;110.0000;-0.0414;0.0000;-801.4500;0.0000;6.8165;0.0000;-801.4500;0.0000;6.8165;1.0000;0.0000;0.0000;0.0000;0.0000
660;481.09;791.9000;5689.6000;28974.2000;28182.3000;110.0000;-0.0414;0.0000;-791.9000;0.0000;6.8165;0.0000;-791.9000;0.0000;6.8165;1.0000;0.0000;0.0000;0.0000;0.0000
661;481.44;792.6500;5813.9000;29975.1000;29182.4500;110.0000;-0.0414;0.0000;-792.6500;0.0000;6.8165;0.0000;-792.6500;0.0000;6.8165;1.0000;0.0000;0.0000;0.0000;0.0000
662;481.79;791.1000;5859.5500;30633.5000;29842.4000;110.0000;-0.0414;0.0000;-791.1000;0.0000;6.8165;0.0000;-791.1000;0.0000;6.8165;1.0000;0.0000;0.0000;0.0000;0.0000
663;482.14;784.4000;5938.2500;31209.7000;30425.3000;110.0000;-0.0414;0.0000;-784.4000;0.0000;6.8165;0.0000;-784.4000;0.0000;6.8165;1.0000;0.0000;0.0000;0.0000;0.0000
664;482.48;792.1500;5907.3000;31878.4000;31086.2500;110.0000;-0.0414;0.0000;-792.1500;0.0000;6.8165;0.0000;-792.1500;0.0000;6.8165;1.0000;0.0000;0.0000;0.0000;0.0000
665;482.83;791.7500;5913.3500;32612.8500;31821.1000;110.0000;-0.0414;0.0000;-791.7500;0.0000;6.8165;0.0000;-791.7500;0.0000;6.8165;1.0000;0.0000;0.0000;0.0000;0.0000
666;483.18;781.0500;5962.6000;33132.8500;32351.8000;110.0000;-0.0414;0.0000;-781.0500;0.0000;6.8165;0.0000;-781.0500;0.0000;6.8165;1.0000;0.0000;0.0000;0.0000;0.0000
667;483.52;772.7000;6021.5500;34269.7000;33497.0000;110.0000;-0.0414;0.0000;-772.7000;0.0000;6.8165;0.0000;-772.7000;0.0000;6.8165;1.0000;0.0000;0.0000;0.0000;0.0000
668;483.87;777.6500;5996.8000;34786.5000;34008.8500;110.0000;-0.0414;0.0000;-777.6500;0.0000;6.8165;0.0000;-777.6500;0.0000;6.8165;1.0000;0.0000;0.0000;0.0000;0.0000
669;484.22;789.6000;5965.0500;35342.1500;34552.5500;110.0000;-0.0414;0.0000;-789.6000;0.0000;6.8165;0.0000;-789.6000;0.0000;6.8165;1.0000;0.0000;0.0000;0.0000;0.0000
670;484.56;781.8000;5973.8500;36232.3000;35450.5000;110.0000;-0.0414;0.0000;-781.8000;0.0000;6.8165;0.0000;-781.8000;0.0000;6.8165;1.0000;0.0000;0.0000;0.0000;0.0000
671;484.91;796.7500;6018.9500;36955.4500;36158.7000;110.0000;-0.0414;0.0000;-796.7500;0.0000;6.8165;0.0000;-796.7500;0.0000;6.8165;1.0000;0.0000;0.0000;0.0000;0.0000
672;485.26;784.1000;5868.0500;37108.3000;36324.2000;110.0000;-0.0414;0.0000;-784.1000;0.0000;6.8165;0.0000;-784.1000;0.0000;6.8165;1.0000;0.0000;0.0000;0.0000;0.0000
673;485.60;782.6000;5875.1500;37222.6000;36440.0000;110.0000;-0.0414;0.0000;-782.6000;0.0000;6.8165;0.0000;-782.6000;0.0000;6.8165;1.0000;0.0000;0.0000;0.0000;0.0000
674;485.95;787.7000;5870.6000;37665.7500;36878.0500;110.0000;-0.0414;0.0000;-787.7000;0.0000;6.8165;0.0000;-787.7000;0.0000;6.8165;1.0000;0.0000;0.0000;0.0000;0.0000
675;486.30;789.6500;5773.9500;37571.5000;36781.8500;110.0000;-0.0414;0.0000;-789.6500;0.0000;6.8165;0.0000;-789.6500;0.0000;6.8165;1.0000;0.0000;0.0000;0.0000;0.0000
676;486.64;790.3000;5818.1000;38475.9500;37685.6500;110.0000;-0.0414;0.0000;-790.3000;0.0000;6.8165;0.0000;-790.3000;0.0000;6.8165;1.0000;0.0000;0.0000;0.0000;0.0000
677;486.99;811.1000;5827.3000;38771.0500;37959.9500;110.0000;-0.0414;0.0000;-811.1000;0.0000;6.8165;0.0000;-811.1000;0.0000;6.8165;1.0000;0.0000;0.0000;0.0000;0.0000
678;487.33;788.3500;5848.9000;39121.6500;38333.3000;110.0000;-0.0414;0.0000;-788.3500;0.0000;6.8165;0.0000;-788.3500;0.0000;6.8165;1.0000;0.0000;0.0000;0.0000;0.0000
679;487.68;769.1500;5845.3500;39517.3500;38748.2000;110.0000;-0.0414;0.0000;-769.1500;0.0000;6.8165;0.0000;-769.1500;0.0000;6.8165;1.0000;0.0000;0.0000;0.0000;0.0000
680;488.02;802.3500;5838.4500;40076.7500;39274.4000;110.0000;-0.0414;0.0000;-802.3500;0.0000;6.8165;0.0000;-802.3500;0.0000;6.8165;1.0000;0.0000;0.0000;0.0000;0.0000
681;488.37;799.1000;5837.6500;40364.2500;39565.1500;110.0000;-0.0414;0.0000;-799.1000;0.0000;6.8165;0.0000;-799.1000;0.0000;6.8165;1.0000;0.0000;0.0000;0.0000;0.0000
682;488.72;799.8500;5866.0500;40962.7000;40162.8500;110.0000;-0.0414;0.0000;-799.8500;0.0000;6.8165;0.0000;-799.8500;0.0000;6.8165;1.0000;0.0000;0.0000;0.0000;0.0000
683;489.06;783.1000;5954.4500;41766.0500;40982.9500;110.0000;-0.0414;0.0000;-783.1000;0.0000;6.8165;0.0000;-783.1000;0.0000;6.8165;1.0000;0.0000;0.0000;0.0000;0.0000
684;489.41;790.8000;5980.0500;42557.1000;41766.3000;110.0000;-0.0414;0.0000;-790.8000;0.0000;6.8165;0.0000;-790.8000;0.0000;6.8165;1.0000;0.0000;0.0000;0.0000;0.0000
685;489.75;791.4500;5960.5500;42643.5000;41852.0500;110.0000;-0.0414;0.0000;-791.4500;0.0000;6.8165;0.0000;-791.4500;0.0000;6.8165;1.0000;0.0000;0.0000;0.0000;0.0000
686;490.10;789.9000;5979.9000;43120.6000;42330.7000;110.0000;-0.0414;0.0000;-789.9000;0.0000;6.8165;0.0000;-789.9000;0.0000;6.8165;1.0000;0.0000;0.0000;0.0000;0.0000
687;490.44;806.5500;5951.0000;43090.8000;42284.2500;110.0000;-0.0414;0.0000;-806.5500;0.0000;6.8165;0.0000;-806.5500;0.0000;6.8165;1.0000;0.0000;0.0000;0.0000;0.0000
688;490.79;806.8000;6069.0000;44385.4000;43578.6000;110.0000;-0.0414;0.0000;-806.8000;0.0000;6.8165;0.0000;-806.8000;0.0000;6.8165;1.0000;0.0000;0.0000;0.0000;0.0000
689;491.13;805.7500;6085.1500;44642.0500;43836.3000;110.0000;-0.0414;0.0000;-805.7500;0.0000;6.8165;0.0000;-805.7500;0.0000;6.8165;1.0000;0.0000;0.0000;0.0000;0.0000
690;491.48;785.3500;6191.2000;45819.2500;45033.9000;110.0000;-0.0414;0.0000;-785.3500;0.0000;6.8165;0.0000;-785.3500;0.0000;6.8165;1.0000;0.0000;0.0000;0.0000;0.0000
691;491.82;792.9000;6417.1000;48197.2500;47404.3500;110.0000;-0.0414;0.0000;-792.9000;0.0000;6.8165;0.0000;-792.9000;0.0000;6.8165;1.0000;0.0000;0.0000;0.0000;0.0000
692;492.16;784.6500;6611.7500;50113.2000;49328.5500;110.0000;-0.0414;0.0000;-784.6500;0.0000;6.8165;0.0000;-784.6500;0.0000;6.8165;1.0000;0.0000;0.0000;0.0000;0.0000
693;492.51;799.8000;6702.2500;50869.9500;50070.1500;110.0000;-0.0414;0.0000;-799.8000;0.0000;6.8165;0.0000;-799.8000;0.0000;6.8165;1.0000;0.0000;0.0000;0.0000;0.0000
694;492.85;794.0500;6745.7500;50993.4500;50199.4000;110.0000;-0.0414;0.0000;-794.0500;0.0000;6.8165;0.0000;-794.0500;0.0000;6.8165;1.0000;0.0000;0.0000;0.0000;0.0000
695;493.20;793.4000;6642.8500;50204.9500;49411.5500;110.0000;-0.0414;0.0000;-793.4000;0.0000;6.8165;0.0000;-793.4000;0.0000;6.8165;1.0000;0.0000;0.0000;0.0000;0.0000
696;493.54;776.8000;6599.9500;50382.9500;49606.1500;110.0000;-0.0414;0.0000;-776.8000;0.0000;6.8165;0.0000;-776.8000;0.0000;6.8165;1.0000;0.0000;0.0000;0.0000;0.0000
697;493.89;780.4000;6506.2500;49440.2000;48659.8000;110.0000;-0.0414;0.0000;-780.4000;0.0000;6.8165;0.0000;-780.4000;0.0000;6.8165;1.0000;0.0000;0.0000;0.0000;0.0000
698;494.23;796.6500;6482.5000;48903.1000;48106.4500;110.0000;-0.0414;0.0000;-796.6500;0.0000;6.8165;0.0000;-796.6500;0.0000;6.8165;1.0000;0.0000;0.0000;0.0000;0.0000
699;494.57;793.5500;6370.2000;47932.3000;47138.7500;110.0000;-0.0414;0.0000;-793.5500;0.0000;6.8165;0.0000;-793.5500;0.0000;6.8165;1.0000;0.0000;0.0000;0.0000;0.0000
700;494.92;795.8000;6354.6500;47607.9500;46812.1500;110.0000;-0.0414;0.0000;-795.8000;0.0000;6.8165;0.0000;-795.8000;0.0000;6.8165;1.0000;0.0000;0.0000;0.0000;0.0000
701;495.26;802.6000;6281.3500;47077.7500;46275.1500;110.0000;-0.0414;0.0000;-802.6000;0.0000;6.8165;0.0000;-802.6000;0.0000;6.8165;1.0000;0.0000;0.0000;0.0000;0.0000
702;495.60;789.2000;6308.2500;47233.8500;46444.6500;110.0000;-0.0414;0.0000;-789.2000;0.0000;6.8165;0.0000;-789.2000;0.0000;6.8165;1.0000;0.0000;0.0000;0.0000;0.0000
703;495.95;779.1000;6254.1000;46644.6000;45865.5000;110.0000;-0.0414;0.0000;-779.1000;0.0000;6.8165;0.0000;-779.1000;0.0000;6.8165;1.0000;0.0000;0.0000;0.0000;0.0000
704;496.29;799.6000;6258.7000;46449.9500;45650.3500;110.0000;-0.0414;0.0000;-799.6000;0.0000;6.8165;0.0000;-799.6000;0.0000;6.8165;1.0000;0.0000;0.0000;0.0000;0.0000
705;496.63;796.4000;6216.5500;46001.2500;45204.8500;110.0000;-0.0414;0.0000;-796.4000;0.0000;6.8165;0.0000;-796.4000;0.0000;6.8165;1.0000;0.0000;0.0000;0.0000;0.0000
706;496.98;803.4000;6170.8500;45585.5500;44782.1500;110.0000;-0.0414;0.0000;-803.4000;0.0000;6.8165;0.0000;-803.4000;0.0000;6.8165;1.0000;0.0000;0.0000;0.0000;0.0000
707;497.32;787.5500;6172.9500;45776.5000;44988.9500;110.0000;-0.0414;0.0000;-787.5500;0.0000;6.8165;0.0000;-787.5500;0.0000;6.8165;1.0000;0.0000;0.0000;0.0000;0.0000
708;497.66;769.3500;6194.3500;45511.6500;44742.3000;110.0000;-0.0414;0.0000;-769.3500;0.0000;6.8165;0.0000;-769.3500;0.0000;6.8165;1.0000;0.0000;0.0000;0.0000;0.0000
709;498.01;784.2500;6123.6500;44984.3000;44200.0500;110.0000;-0.0414;0.0000;-784.2500;0.0000;6.8165;0.0000;-784.2500;0.0000;6.8165;1.0000;0.0000;0.0000;0.0000;0.0000
710;498.35;788.6500;6188.6000;45044.6000;44255.9500;110.0000;-0.0414;0.0000;-788.6500;0.0000;6.8165;0.0000;-788.6500;0.0000;6.8165;1.0000;0.0000;0.0000;0.0000;0.0000
711;498.69;796.0000;6190.2000;44917.7500;44121.7500;110.0000;-0.0414;0.0000;-796.0000;0.0000;6.8165;0.0000;-796.0000;0.0000;6.8165;1.0000;0.0000;0.0000;0.0000;0.0000
712;499.03;789.9500;6156.1000;44716.2500;43926.3000;110.0000;-0.0414;0.0000;-789.9500;0.0000;6.8165;0.0000;-789.9500;0.0000;6.8165;1.0000;0.0000;0.0000;0.0000;0.0000
713;499.38;788.2500;6188.1500;44360.1500;43571.9000;110.0000;-0.0414;0.0000;-788.2500;0.0000;6.8165;0.0000;-788.2500;0.0000;6.8165;1.0000;0.0000;0.0000;0.0000;0.0000
714;499.72;794.2500;6167.0000;44065.5500;43271.3000;110.0000;-0.0414;0.0000;-794.2500;0.0000;6.8165;0.0000;-794.2500;0.0000;6.8165;1.0000;0.0000;0.0000;0.0000;0.0000
715;500.06;784.0000;6208.5500;44023.4000;43239.4000;110.0000;-0.0414;0.0000;-784.0000;0.0000;6.8165;0.0000;-784.0000;0.0000;6.8165;1.0000;0.0000;0.0000;0.0000;0.0000
716;500.40;785.2500;6154.8000;43960.3500;43175.1000;110.0000;-0.0414;0.0000;-785.2500;0.0000;6.8165;0.0000;-785.2500;0.0000;6.8165;1.0000;0.0000;0.0000;0.0000;0.0000
717;500.75;797.1500;6193.8000;44110.0500;43312.9000;110.0000;-0.0414;0.0000;-797.1500;0.0000;6.8165;0.0000;-797.1500;0.0000;6.8165;1.0000;0.0000;0.0000;0.0000;0.0000
718;501.09;790.4500;6137.7000;43475.1500;42684.7000;110.0000;-0.0414;0.0000;-790.4500;0.0000;6.8165;0.0000;-790.4500;0.0000;6.8165;1.0000;0.0000;0.0000;0.0000;0.0000
719;501.43;786.4500;6183.5500;43172.6500;42386.2000;110.0000;-0.0414;0.0000;-786.4500;0.0000;6.8165;0.0000;-786.4500;0.0000;6.8165;1.0000;0.0000;0.0000;0.0000;0.0000
720;501.77;792.2000;6261.1000;43452.0500;42659.8500;110.0000;-0.0414;0.0000;-792.2000;0.0000;6.8165;0.0000;-792.2000;0.0000;6.8165;1.0000;0.0000;0.0000;0.0000;0.0000
721;502.11;782.8500;6248.4000;43497.2500;42714.4000;110.0000;-0.0414;0.0000;-782.8500;0.0000;6.8165;0.0000;-782.8500;0.0000;6.8165;1.0000;0.0000;0.0000;0.0000;0.0000
722;502.46;777.4500;6187.7000;42598.3500;41820.9000;110.0000;-0.0414;0.0000;-777.4500;0.0000;6.8165;0.0000;-777.4500;0.0000;6.8165;1.0000;0.0000;0.0000;0.0000;0.0000
723;502.80;778.4500;6203.0000;42864.7000;42086.2500;110.0000;-0.0414;0.0000;-778.4500;0.0000;6.8165;0.0000;-778.4500;0.0000;6.8165;1.0000;0.0000;0.0000;0.0000;0.0000
724;503.14;791.4500;6238.0000;42671.3500;41879.9000;110.0000;-0.0414;0.0000;-791.4500;0.0000;6.8165;0.0000;-791.4500;0.0000;6.8165;1.0000;0.0000;0.0000;0.0000;0.0000
725;503.48;787.9000;6204.2500;42394.6000;41606.7000;110.0000;-0.0414;0.0000;-787.9000;0.0000;6.8165;0.0000;-787.9000;0.0000;6.8165;1.0000;0.0000;0.0000;0.0000;0.0000
726;503.82;786.3500;6284.0500;42810.5000;42024.1500;110.0000;-0.0414;0.0000;-786.3500;0.0000;6.8165;0.0000;-786.3500;0.0000;6.8165;1.0000;0.0000;0.0000;0.0000;0.0000
727;504.16;789.7000;6348.7000;42819.3000;42029.6000;110.0000;-0.0414;0.0000;-789.7000;0.0000;6.8165;0.0000;-789.7000;0.0000;6.8165;1.0000;0.0000;0.0000;0.0000;0.0000
728;504.50;800.5500;6340.5500;42226.9500;41426.4000;110.0000;-0.0414;0.0000;-800.5500;0.0000;6.8165;0.0000;-800.5500;0.0000;6.8165;1.0000;0.0000;0.0000;0.0000;0.0000
729;504.84;778.4500;6279.5000;41853.7000;41075.2500;110.0000;-0.0414;0.0000;-778.4500;0.0000;6.8165;0.0000;-778.4500;0.0000;6.8165;1.0000;0.0000;0.0000;0.0000;0.0000
730;505.19;798.1000;6345.3000;41992.9000;41194.8000;110.0000;-0.0414;0.0000;-798.1000;0.0000;6.8165;0.0000;-798.1000;0.0000;6.8165;1.0000;0.0000;0.0000;0.0000;0.0000
731;505.53;797.1500;6377.1500;42090.5000;41293.3500;110.0000;-0.0414;0.0000;-797.1500;0.0000;6.8165;0.0000;-797.1500;0.0000;6.8165;1.0000;0.0000;0.0000;0.0000;0.0000
732;505.87;795.9500;6317.7500;41509.0500;40713.1000;110.0000;-0.0414;0.0000;-795.9500;0.0000;6.8165;0.0000;-795.9500;0.0000;6.8165;1.0000;0.0000;0.0000;0.0000;0.0000
733;506.21;780.6000;6254.9500;40860.8000;40080.2000;110.0000;-0.0414;0.0000;-780.6000;0.0000;6.8165;0.0000;-780.6000;0.0000;6.8165;1.0000;0.0000;0.0000;0.0000;0.0000
734;506.55;785.3000;6306.6500;40837.3500;40052.0500;110.0000;-0.0414;0.0000;-785.3000;0.0000;6.8165;0.0000;-785.3000;0.0000;6.8165;1.0000;0.0000;0.0000;0.0000;0.0000
735;506.89;797.8000;6373.4000;40893.6500;40095.8500;110.0000;-0.0414;0.0000;-797.8000;0.0000;6.8165;0.0000;-797.8000;0.0000;6.8165;1.0000;0.0000;0.0000;0.0000;0.0000
736;507.23;793.9000;6318.0000;40359.6500;39565.7500;110.0000;-0.0414;0.0000;-793.9000;0.0000;6.8165;0.0000;-793.9000;0.0000;6.8165;1.0000;0.0000;0.0000;0.0000;0.0000
737;507.57;793.4500;6261.8000;39535.1500;38741.7000;110.0000;-0.0414;0.0000;-793.4500;0.0000;6.8165;0.0000;-793.4500;0.0000;6.8165;1.0000;0.0000;0.0000;0.0000;0.0000
738;507.91;792.5500;6315.6500;39389.9500;38597.4000;110.0000;-0.0414;0.0000;-792.5500;0.0000;6.8165;0.0000;-792.5500;0.0000;6.8165;1.0000;0.0000;0.0000;0.0000;0.0000
739;508.25;794.1500;6317.1500;39058.6000;38264.4500;110.0000;-0.0414;0.0000;-794.1500;0.0000;6.8165;0.0000;-794.1500;0.0000;6.8165;1.0000;0.0000;0.0000;0.0000;0.0000
740;508.59;801.8500;6333.1500;38514.5000;37712.6500;110.0000;-0.0414;0.0000;-801.8500;0.0000;6.8165;0.0000;-801.8500;0.0000;6.8165;1.0000;0.0000;0.0000;0.0000;0.0000
741;508.93;797.1000;6322.7500;37796.6500;36999.5500;110.0000;-0.0414;0.0000;-797.1000;0.0000;6.8165;0.0000;-797.1000;0.0000;6.8165;1.0000;0.0000;0.0000;0.0000;0.0000
742;509.27;800.0500;6320.1000;36947.5000;36147.4500;110.0000;-0.0414;0.0000;-800.0500;0.0000;6.8165;0.0000;-800.0500;0.0000;6.8165;1.0000;0.0000;0.0000;0.0000;0.0000
743;509.61;792.3500;6351.4000;36445.4000;35653.0500;110.0000;-0.0414;0.0000;-792.3500;0.0000;6.8165;0.0000;-792.3500;0.0000;6.8165;1.0000;0.0000;0.0000;0.0000;0.0000
744;509.95;790.9500;6440.3500;36116.7000;35325.7500;110.0000;-0.0414;0.0000;-790.9500;0.0000;6.8165;0.0000;-790.9500;0.0000;6.8165;1.0000;0.0000;0.0000;0.0000;0.0000
745;510.29;800.2000;6461.1500;35130.2500;34330.0500;110.0000;-0.0414;0.0000;-800.2000;0.0000;6.8165;0.0000;-800.2000;0.0000;6.8165;1.0000;0.0000;0.0000;0.0000;0.0000
746;510.63;797.1500;6422.8500;34263.2000;33466.0500;110.0000;-0.0414;0.0000;-797.1500;0.0000;6.8165;0.0000;-797.1500;0.0000;6.8165;1.0000;0.0000;0.0000;0.0000;0.0000
747;510.97;783.7500;6435.5500;33564.1000;32780.3500;110.0000;-0.0414;0.0000;-783.7500;0.0000;6.8165;0.0000;-783.7500;0.0000;6.8165;1.0000;0.0000;0.0000;0.0000;0.0000
748;511.31;785.8500;6467.5500;32850.1500;32064.3000;110.0000;-0.0414;0.0000;-785.8500;0.0000;6.8165;0.0000;-785.8500;0.0000;6.8165;1.0000;0.0000;0.0000;0.0000;0.0000
749;511.65;800.3500;6443.6000;32255.4000;31455.0500;110.0000;-0.0414;0.0000;-800.3500;0.0000;6.8165;0.0000;-800.3500;0.0000;6.8165;1.0000;0.0000;0.0000;0.0000;0.0000
750;511.98;789.1500;6499.7500;31866.4000;31077.2500;110.0000;-0.0414;0.0000;-789.1500;0.0000;6.8165;0.0000;-789.1500;0.0000;6.8165;1.0000;0.0000;0.0000;0.0000;0.0000
751;512.32;784.8500;6598.3500;31737.9500;30953.1000;110.0000;-0.0414;0.0000;-784.8500;0.0000;6.8165;0.0000;-784.8500;0.0000;6.8165;1.0000;0.0000;0.0000;0.0000;0.0000
752;512.66;782.5000;6571.5000;31271.1500;30488.6500;110.0000;-0.0414;0.0000;-782.5000;0.0000;6.8165;0.0000;-782.5000;0.0000;6.8165;1.0000;0.0000;0.0000;0.0000;0.0000
753;513.00;804.2000;6611.6000;30965.6500;30161.4500;110.0000;-0.0414;0.0000;-804.2000;0.0000;6.8165;0.0000;-804.2000;0.0000;6.8165;1.0000;0.0000;0.0000;0.0000;0.0000
754;513.34;796.5000;6634.6500;30926.9000;30130.4000;110.0000;-0.0414;0.0000;-796.5000;0.0000;6.8165;0.0000;-796.5000;0.0000;6.8165;1.0000;0.0000;0.0000;0.0000;0.0000
755;513.68;781.6000;6685.6500;31281.3500;30499.7500;110.0000;-0.0414;0.0000;-781.6000;0.0000;6.8165;0.0000;-781.6000;0.0000;6.8165;1.0000;0.0000;0.0000;0.0000;0.0000
756;514.02;777.8500;6695.8500;31191.1500;30413.3000;110.0000;-0.0414;0.0000;-777.8500;0.0000;6.8165;0.0000;-777.8500;0.0000;6.8165;1.0000;0.0000;0.0000;0.0000;0.0000
757;514.36;781.4000;6643.0000;31556.0000;30774.6000;110.0000;-0.0414;0.0000;-781.4000;0.0000;6.8165;0.0000;-781.4000;0.0000;6.8165;1.0000;0.0000;0.0000;0.0000;0.0000
758;514.69;786.5500;6674.5500;31594.6000;30808.0500;110.0000;-0.0414;0.0000;-786.5500;0.0000;6.8165;0.0000;-786.5500;0.0000;6.8165;1.0000;0.0000;0.0000;0.0000;0.0000
759;515.03;781.8000;6728.8500;32090.9500;31309.1500;110.0000;-0.0414;0.0000;-781.8000;0.0000;6.8165;0.0000;-781.8000;0.0000;6.8165;1.0000;0.0000;0.0000;0.0000;0.0000
760;515.37;795.8500;6732.2000;32612.7000;31816.8500;110.0000;-0.0414;0.0000;-795.8500;0.0000;6.8165;0.0000;-795.8500;0.0000;6.8165;1.0000;0.0000;0.0000;0.0000;0.0000
761;515.71;788.1500;6670.9500;32741.3500;31953.2000;110.0000;-0.0414;0.0000;-788.1500;0.0000;6.8165;0.0000;-788.1500;0.0000;6.8165;1.0000;0.0000;0.0000;0.0000;0.0000
762;516.05;797.4500;6685.1500;33095.1000;32297.6500;110.0000;-0.0414;0.0000;-797.4500;0.0000;6.8165;0.0000;-797.4500;0.0000;6.8165;1.0000;0.0000;0.0000;0.0000;0.0000
763;516.38;795.8500;6676.6000;33698.9000;32903.0500;110.0000;-0.0414;0.0000;-795.8500;0.0000;6.8165;0.0000;-795.8500;0.0000;6.8165;1.0000;0.0000;0.0000;0.0000;0.0000
764;516.72;798.5500;6746.9500;34534.1000;33735.5500;110.0000;-0.0414;0.0000;-798.5500;0.0000;6.8165;0.0000;-798.5500;0.0000;6.8165;1.0000;0.0000;0.0000;0.0000;0.0000
765;517.06;798.9000;6797.5500;35182.0000;34383.1000;110.0000;-0.0414;0.0000;-798.9000;0.0000;6.8165;0.0000;-798.9000;0.0000;6.8165;1.0000;0.0000;0.0000;0.0000;0.0000
766;517.40;794.1500;6826.5000;35859.1000;35064.9500;110.0000;-0.0414;0.0000;-794.1500;0.0000;6.8165;0.0000;-794.1500;0.0000;6.8165;1.0000;0.0000;0.0000;0.0000;0.0000
767;517.73;789.4500;6850.3000;36335.1000;35545.6500;110.0000;-0.0414;0.0000;-789.4500;0.0000;6.8165;0.0000;-789.4500;0.0000;6.8165;1.0000;0.0000;0.0000;0.0000;0.0000
768;518.07;766.8000;6820.1000;36487.3000;35720.5000;110.0000;-0.0414;0.0000;-766.8000;0.0000;6.8165;0.0000;-766.8000;0.0000;6.8165;1.0000;0.0000;0.0000;0.0000;0.0000
769;518.41;787.5000;6834.5500;36957.0500;36169.5500;110.0000;-0.0414;0.0000;-787.5000;0.0000;6.8165;0.0000;-787.5000;0.0000;6.8165;1.0000;0.0000;0.0000;0.0000;0.0000
770;518.75;790.8000;6903.0500;37305.0500;36514.2500;110.0000;-0.0414;0.0000;-790.8000;0.0000;6.8165;0.0000;-790.8000;0.0000;6.8165;1.0000;0.0000;0.0000;0.0000;0.0000
771;519.08;800.1000;6904.4000;37468.1000;36668.0000;110.0000;-0.0414;0.0000;-800.1000;0.0000;6.8165;0.0000;-800.1000;0.0000;6.8165;1.0000;0.0000;0.0000;0.0000;0.0000
772;519.42;802.0000;6982.1000;37358.9500;36556.9500;110.0000;-0.0414;0.0000;-802.0000;0.0000;6.8165;0.0000;-802.0000;0.0000;6.8165;1.0000;0.0000;0.0000;0.0000;0.0000
773;519.76;795.4500;6932.7500;37396.0500;36600.6000;110.0000;-0.0414;0.0000;-795.4500;0.0000;6.8165;0.0000;-795.4500;0.0000;6.8165;1.0000;0.0000;0.0000;0.0000;0.0000
774;520.09;795.7500;6926.6000;37572.3500;36776.6000;110.0000;-0.0414;0.0000;-795.7500;0.0000;6.8165;0.0000;-795.7500;0.0000;6.8165;1.0000;0.0000;0.0000;0.0000;0.0000
775;520.43;789.7500;6963.9000;37835.7500;37046.0000;110.0000;-0.0414;0.0000;-789.7500;0.0000;6.8165;0.0000;-789.7500;0.0000;6.8165;1.0000;0.0000;0.0000;0.0000;0.0000
776;520.77;800.0000;7027.3500;37537.9500;36737.9500;110.0000;-0.0414;0.0000;-800.0000;0.0000;6.8165;0.0000;-800.0000;0.0000;6.8165;1.0000;0.0000;0.0000;0.0000;0.0000
777;521.10;798.7000;7018.1500;36902.7000;36104.0000;110.0000;-0.0414;0.0000;-798.7000;0.0000;6.8165;0.0000;-798.7000;0.0000;6.8165;1.0000;0.0000;0.0000;0.0000;0.0000
778;521.44;792.4000;6972.4000;36242.3000;35449.9000;110.0000;-0.0414;0.0000;-792.4000;0.0000;6.8165;0.0000;-792.4000;0.0000;6.8165;1.0000;0.0000;0.0000;0.0000;0.0000
779;521.78;797.0500;7031.1000;35716.7500;34919.7000;110.0000;-0.0414;0.0000;-797.0500;0.0000;6.8165;0.0000;-797.0500;0.0000;6.8165;1.0000;0.0000;0.0000;0.0000;0.0000
780;522.11;785.3000;7069.4500;34717.2000;33931.9000;110.0000;-0.0414;0.0000;-785.3000;0.0000;6.8165;0.0000;-785.3000;0.0000;6.8165;1.0000;0.0000;0.0000;0.0000;0.0000
781;522.45;794.7000;7068.6000;33709.8500;32915.1500;110.0000;-0.0414;0.0000;-794.7000;0.0000;6.8165;0.0000;-794.7000;0.0000;6.8165;1.0000;0.0000;0.0000;0.0000;0.0000
782;522.78;796.0500;7099.9500;32346.2500;31550.2000;110.0000;-0.0414;0.0000;-796.0500;0.0000;6.8165;0.0000;-796.0500;0.0000;6.8165;1.0000;0.0000;0.0000;0.0000;0.0000
783;523.12;794.3500;7087.5500;31018.5500;30224.2000;110.0000;-0.0414;0.0000;-794.3500;0.0000;6.8165;0.0000;-794.3500;0.0000;6.8165;1.0000;0.0000;0.0000;0.0000;0.0000
784;523.46;790.9000;7056.2500;29751.2500;28960.3500;110.0000;-0.0414;0.0000;-790.9000;0.0000;6.8165;0.0000;-790.9000;0.0000;6.8165;1.0000;0.0000;0.0000;0.0000;0.0000
785;523.79;805.0000;7071.6500;28399.9000;27594.9000;110.0000;-0.0414;0.0000;-805.0000;0.0000;6.8165;0.0000;-805.0000;0.0000;6.8165;1.0000;0.0000;0.0000;0.0000;0.0000
786;524.13;789.0500;7136.8000;27644.6500;26855.6000;110.0000;-0.0414;0.0000;-789.0500;0.0000;6.8165;0.0000;-789.0500;0.0000;6.8165;1.0000;0.0000;0.0000;0.0000;0.0000
787;524.46;781.4000;7132.7500;26568.8500;25787.4500;110.0000;-0.0414;0.0000;-781.4000;0.0000;6.8165;0.0000;-781.4000;0.0000;6.8165;1.0000;0.0000;0.0000;0.0000;0.0000
788;524.80;796.5500;7108.0500;26009.7000;25213.1500;110.0000;-0.0414;0.0000;-796.5500;0.0000;6.8165;0.0000;-796.5500;0.0000;6.8165;1.0000;0.0000;0.0000;0.0000;0.0000
789;525.13;798.4500;7133.3500;25575.9500;24777.5000;110.0000;-0.0414;0.0000;-798.4500;0.0000;6.8165;0.0000;-798.4500;0.0000;6.8165;1.0000;0.0000;0.0000;0.0000;0.0000
790;525.47;783.0500;7193.2000;25514.7500;24731.7000;110.0000;-0.0414;0.0000;-783.0500;0.0000;6.8165;0.0000;-783.0500;0.0000;6.8165;1.0000;0.0000;0.0000;0.0000;0.0000
791;525.80;790.3000;7227.9500;25240.5000;24450.2000;110.0000;-0.0414;0.0000;-790.3000;0.0000;6.8165;0.0000;-790.3000;0.0000;6.8165;1.0000;0.0000;0.0000;0.0000;0.0000
792;526.14;781.8500;7270.3000;25328.1500;24546.3000;110.0000;-0.0414;0.0000;-781.8500;0.0000;6.8165;0.0000;-781.8500;0.0000;6.8165;1.0000;0.0000;0.0000;0.0000;0.0000
793;526.47;800.9500;7223.4000;25272.5000;24471.5500;110.0000;-0.0414;0.0000;-800.9500;0.0000;6.8165;0.0000;-800.9500;0.0000;6.8165;1.0000;0.0000;0.0000;0.0000;0.0000
794;526.81;791.0500;7228.3000;25046.3500;24255.3000;110.0000;-0.0414;0.0000;-791.0500;0.0000;6.8165;0.0000;-791.0500;0.0000;6.8165;1.0000;0.0000;0.0000;0.0000;0.0000
795;527.14;801.3000;7254.6500;24949.1500;24147.8500;110.0000;-0.0414;0.0000;-801.3000;0.0000;6.8165;0.0000;-801.3000;0.0000;6.8165;1.0000;0.0000;0.0000;0.0000;0.0000
796;527.48;778.4000;7345.8500;24824.7500;24046.3500;110.0000;-0.0414;0.0000;-778.4000;0.0000;6.8165;0.0000;-778.4000;0.0000;6.8165;1.0000;0.0000;0.0000;0.0000;0.0000
797;527.81;796.1500;7302.0000;24354.0500;23557.9000;110.0000;-0.0414;0.0000;-796.1500;0.0000;6.8165;0.0000;-796.1500;0.0000;6.8165;1.0000;0.0000;0.0000;0.0000;0.0000
798;528.15;784.3000;7310.7000;23761.8000;22977.5000;110.0000;-0.0414;0.0000;-784.3000;0.0000;6.8165;0.0000;-784.3000;0.0000;6.8165;1.0000;0.0000;0.0000;0.0000;0.0000
799;528.48;789.2000;7317.3000;23256.1500;22466.9500;110.0000;-0.0414;0.0000;-789.2000;0.0000;6.8165;0.0000;-789.2000;0.0000;6.8165;1.0000;0.0000;0.0000;0.0000;0.0000
800;528.82;786.7500;7428.0500;23011.5500;22224.8000;110.0000;-0.0414;0.0000;-786.7500;0.0000;6.8165;0.0000;-786.7500;0.0000;6.8165;1.0000;0.0000;0.0000;0.0000;0.0000
801;529.15;799.9000;7466.3500;22768.4000;21968.5000;110.0000;-0.0414;0.0000;-799.9000;0.0000;6.8165;0.0000;-799.9000;0.0000;6.8165;1.0000;0.0000;0.0000;0.0000;0.0000
802;529.49;798.5000;7508.9000;22849.3000;22050.8000;110.0000;-0.0414;0.0000;-798.5000;0.0000;6.8165;0.0000;-798.5000;0.0000;6.8165;1.0000;0.0000;0.0000;0.0000;0.0000
803;529.82;794.1000;7465.9500;22736.2500;21942.1500;110.0000;-0.0414;0.0000;-794.1000;0.0000;6.8165;0.0000;-794.1000;0.0000;6.8165;1.0000;0.0000;0.0000;0.0000;0.0000
804;530.15;790.5500;7424.3000;22598.7500;21808.2000;110.0000;-0.0414;0.0000;-790.5500;0.0000;6.8165;0.0000;-790.5500;0.0000;6.8165;1.0000;0.0000;0.0000;0.0000;0.0000
805;530.49;803.5500;7507.6000;22911.7500;22108.2000;110.0000;-0.0414;0.0000;-803.5500;0.0000;6.8165;0.0000;-803.5500;0.0000;6.8165;1.0000;0.0000;0.0000;0.0000;0.0000
806;530.82;807.1500;7613.7000;23260.1000;22452.9500;110.0000;-0.0414;0.0000;-807.1500;0.0000;6.8165;0.0000;-807.1500;0.0000;6.8165;1.0000;0.0000;0.0000;0.0000;0.0000
807;531.16;799.7000;7618.6000;23288.3000;22488.6000;110.0000;-0.0414;0.0000;-799.7000;0.0000;6.8165;0.0000;-799.7000;0.0000;6.8165;1.0000;0.0000;0.0000;0.0000;0.0000
808;531.49;786.9500;7602.5500;23442.3500;22655.4000;110.0000;-0.0414;0.0000;-786.9500;0.0000;6.8165;0.0000;-786.9500;0.0000;6.8165;1.0000;0.0000;0.0000;0.0000;0.0000
809;531.82;787.3000;7597.9500;23407.9000;22620.6000;110.0000;-0.0414;0.0000;-787.3000;0.0000;6.8165;0.0000;-787.3000;0.0000;6.8165;1.0000;0.0000;0.0000;0.0000;0.0000
810;532.16;802.5000;7627.8000;23375.2000;22572.7000;110.0000;-0.0414;0.0000;-802.5000;0.0000;6.8165;0.0000;-802.5000;0.0000;6.8165;1.0000;0.0000;0.0000;0.0000;0.0000
811;532.49;782.4000;7718.2500;23814.3500;23031.9500;110.0000;-0.0414;0.0000;-782.4000;0.0000;6.8165;0.0000;-782.4000;0.0000;6.8165;1.0000;0.0000;0.0000;0.0000;0.0000
812;532.82;799.0500;7690.2500;24102.9500;23303.9000;110.0000;-0.0414;0.0000;-799.0500;0.0000;6.8165;0.0000;-799.0500;0.0000;6.8165;1.0000;0.0000;0.0000;0.0000;0.0000
813;533.16;805.9500;7717.8500;24526.3000;23720.3500;110.0000;-0.0414;0.0000;-805.9500;0.0000;6.8165;0.0000;-805.9500;0.0000;6.8165;1.0000;0.0000;0.0000;0.0000;0.0000
814;533.49;782.1500;7689.0000;24579.4500;23797.3000;110.0000;-0.0414;0.0000;-782.1500;0.0000;6.8165;0.0000;-782.1500;0.0000;6.8165;1.0000;0.0000;0.0000;0.0000;0.0000
815;533.82;781.2500;7778.3500;25374.6000;24593.3500;110.0000;-0.0414;0.0000;-781.2500;0.0000;6.8165;0.0000;-781.2500;0.0000;6.8165;1.0000;0.0000;0.0000;0.0000;0.0000
816;534.15;778.9500;7794.7500;26330.5000;25551.5500;110.0000;-0.0414;0.0000;-778.9500;0.0000;6.8165;0.0000;-778.9500;0.0000;6.8165;1.0000;0.0000;0.0000;0.0000;0.0000
817;534.49;787.1000;7773.9000;27126.1500;26339.0500;110.0000;-0.0414;0.0000;-787.1000;0.0000;6.8165;0.0000;-787.1000;0.0000;6.8165;1.0000;0.0000;0.0000;0.0000;0.0000
818;534.82;787.2500;7750.2000;28013.9000;27226.6500;110.0000;-0.0414;0.0000;-787.2500;0.0000;6.8165;0.0000;-787.2500;0.0000;6.8165;1.0000;0.0000;0.0000;0.0000;0.0000
819;535.15;796.4500;7812.5500;29413.1000;28616.6500;110.0000;-0.0414;0.0000;-796.4500;0.0000;6.8165;0.0000;-796.4500;0.0000;6.8165;1.0000;0.0000;0.0000;0.0000;0.0000
820;535.48;789.8500;7860.7000;30912.6500;30122.8000;110.0000;-0.0414;0.0000;-789.8500;0.0000;6.8165;0.0000;-789.8500;0.0000;6.8165;1.0000;0.0000;0.0000;0.0000;0.0000
821;535.82;788.9000;7881.1500;31993.2500;31204.3500;110.0000;-0.0414;0.0000;-788.9000;0.0000;6.8165;0.0000;-788.9000;0.0000;6.8165;1.0000;0.0000;0.0000;0.0000;0.0000
822;536.15;795.2500;7946.6500;33655.2500;32860.0000;110.0000;-0.0414;0.0000;-795.2500;0.0000;6.8165;0.0000;-795.2500;0.0000;6.8165;1.0000;0.0000;0.0000;0.0000;0.0000
823;536.48;787.0500;7921.4500;34723.0000;33935.9500;110.0000;-0.0414;0.0000;-787.0500;0.0000;6.8165;0.0000;-787.0500;0.0000;6.8165;1.0000;0.0000;0.0000;0.0000;0.0000
824;536.81;789.4000;7949.0000;35927.5500;35138.1500;110.0000;-0.0414;0.0000;-789.4000;0.0000;6.8165;0.0000;-789.4000;0.0000;6.8165;1.0000;0.0000;0.0000;0.0000;0.0000
825;537.15;796.7500;8004.8000;37134.0500;36337.3000;110.0000;-0.0414;0.0000;-796.7500;0.0000;6.8165;0.0000;-796.7500;0.0000;6.8165;1.0000;0.0000;0.0000;0.0000;0.0000
826;537.48;798.8000;8145.2500;38686.0500;37887.2500;110.0000;-0.0414;0.0000;-798.8000;0.0000;6.8165;0.0000;-798.8000;0.0000;6.8165;1.0000;0.0000;0.0000;0.0000;0.0000
827;537.81;791.9000;8133.7500;39534.2000;38742.3000;110.0000;-0.0414;0.0000;-791.9000;0.0000;6.8165;0.0000;-791.9000;0.0000;6.8165;1.0000;0.0000;0.0000;0.0000;0.0000
828;538.14;790.3500;8134.4500;40079.5000;39289.1500;110.0000;-0.0414;0.0000;-790.3500;0.0000;6.8165;0.0000;-790.3500;0.0000;6.8165;1.0000;0.0000;0.0000;0.0000;0.0000
829;538.47;795.4000;8199.3500;40894.6000;40099.2000;110.0000;-0.0414;0.0000;-795.4000;0.0000;6.8165;0.0000;-795.4000;0.0000;6.8165;1.0000;0.0000;0.0000;0.0000;0.0000
830;538.80;805.2500;8326.5500;42163.5000;41358.2500;110.0000;-0.0414;0.0000;-805.2500;0.0000;6.8165;0.0000;-805.2500;0.0000;6.8165;1.0000;0.0000;0.0000;0.0000;0.0000
831;539.14;803.1000;8397.0000;43483.6000;42680.5000;110.0000;-0.0414;0.0000;-803.1000;0.0000;6.8165;0.0000;-803.1000;0.0000;6.8165;1.0000;0.0000;0.0000;0.0000;0.0000
832;539.47;786.0000;8404.8500;43999.0000;43213.0000;110.0000;-0.0414;0.0000;-786.0000;0.0000;6.8165;0.0000;-786.0000;0.0000;6.8165;1.0000;0.0000;0.0000;0.0000;0.0000
833;539.80;802.6500;8500.3500;44745.4500;43942.8000;110.0000;-0.0414;0.0000;-802.6500;0.0000;6.8165;0.0000;-802.6500;0.0000;6.8165;1.0000;0.0000;0.0000;0.0000;0.0000
834;540.13;782.8000;8552.7500;45395.4000;44612.6000;110.0000;-0.0414;0.0000;-782.8000;0.0000;6.8165;0.0000;-782.8000;0.0000;6.8165;1.0000;0.0000;0.0000;0.0000;0.0000
835;540.46;796.8500;8641.1500;46396.6000;45599.7500;110.0000;-0.0414;0.0000;-796.8500;0.0000;6.8165;0.0000;-796.8500;0.0000;6.8165;1.0000;0.0000;0.0000;0.0000;0.0000
836;540.79;792.8000;8828.8000;47403.1500;46610.3500;110.0000;-0.0414;0.0000;-792.8000;0.0000;6.8165;0.0000;-792.8000;0.0000;6.8165;1.0000;0.0000;0.0000;0.0000;0.0000
837;541.12;782.3500;8757.9000;47619.5000;46837.1500;110.0000;-0.0414;0.0000;-782.3500;0.0000;6.8165;0.0000;-782.3500;0.0000;6.8165;1.0000;0.0000;0.0000;0.0000;0.0000
838;541.45;799.3500;8794.8000;47719.8500;46920.5000;110.0000;-0.0414;0.0000;-799.3500;0.0000;6.8165;0.0000;-799.3500;0.0000;6.8165;1.0000;0.0000;0.0000;0.0000;0.0000
839;541.78;782.2500;8921.2500;48472.1000;47689.8500;110.0000;-0.0414;0.0000;-782.2500;0.0000;6.8165;0.0000;-782.2500;0.0000;6.8165;1.0000;0.0000;0.0000;0.0000;0.0000
840;542.11;796.1500;9122.2500;49870.8000;49074.6500;110.0000;-0.0414;0.0000;-796.1500;0.0000;6.8165;0.0000;-796.1500;0.0000;6.8165;1.0000;0.0000;0.0000;0.0000;0.0000
841;542.44;798.6500;9270.8500;50477.5000;49678.8500;110.0000;-0.0414;0.0000;-798.6500;0.0000;6.8165;0.0000;-798.6500;0.0000;6.8165;1.0000;0.0000;0.0000;0.0000;0.0000
842;542.78;787.0500;9278.3000;50632.7500;49845.7000;110.0000;-0.0414;0.0000;-787.0500;0.0000;6.8165;0.0000;-787.0500;0.0000;6.8165;1.0000;0.0000;0.0000;0.0000;0.0000
843;543.11;796.9500;9296.4000;50603.9000;49806.9500;110.0000;-0.0414;0.0000;-796.9500;0.0000;6.8165;0.0000;-796.9500;0.0000;6.8165;1.0000;0.0000;0.0000;0.0000;0.0000
844;543.44;790.9500;9445.0500;51037.4000;50246.4500;110.0000;-0.0414;0.0000;-790.9500;0.0000;6.8165;0.0000;-790.9500;0.0000;6.8165;1.0000;0.0000;0.0000;0.0000;0.0000
845;543.77;782.6500;9613.1000;51667.9500;50885.3000;110.0000;-0.0414;0.0000;-782.6500;0.0000;6.8165;0.0000;-782.6500;0.0000;6.8165;1.0000;0.0000;0.0000;0.0000;0.0000
846;544.10;789.6500;9766.4000;52433.8500;51644.2000;110.0000;-0.0414;0.0000;-789.6500;0.0000;6.8165;0.0000;-789.6500;0.0000;6.8165;1.0000;0.0000;0.0000;0.0000;0.0000
847;544.43;805.1000;9804.5500;52600.3500;51795.2500;110.0000;-0.0414;0.0000;-805.1000;0.0000;6.8165;0.0000;-805.1000;0.0000;6.8165;1.0000;0.0000;0.0000;0.0000;0.0000
848;544.76;804.3500;9727.4500;52074.3500;51270.0000;110.0000;-0.0414;0.0000;-804.3500;0.0000;6.8165;0.0000;-804.3500;0.0000;6.8165;1.0000;0.0000;0.0000;0.0000;0.0000
849;545.09;788.4500;9946.7000;52470.7000;51682.2500;110.0000;-0.0414;0.0000;-788.4500;0.0000;6.8165;0.0000;-788.4500;0.0000;6.8165;1.0000;0.0000;0.0000;0.0000;0.0000
850;545.42;797.8000;10091.0500;53015.6000;52217.8000;110.0000;-0.0414;0.0000;-797.8000;0.0000;6.8165;0.0000;-797.8000;0.0000;6.8165;1.0000;0.0000;0.0000;0.0000;0.0000
851;545.74;779.8500;10297.7000;53712.0000;52932.1500;110.0000;-0.0414;0.0000;-779.8500;0.0000;6.8165;0.0000;-779.8500;0.0000;6.8165;1.0000;0.0000;0.0000;0.0000;0.0000
852;546.07;788.4000;10407.7500;54209.1000;53420.7000;110.0000;-0.0414;0.0000;-788.4000;0.0000;6.8165;0.0000;-788.4000;0.0000;6.8165;1.0000;0.0000;0.0000;0.0000;0.0000
853;546.40;804.9500;10497.6000;54230.0500;53425.1000;110.0000;-0.0414;0.0000;-804.9500;0.0000;6.8165;0.0000;-804.9500;0.0000;6.8165;1.0000;0.0000;0.0000;0.0000;0.0000
854;546.73;807.0500;10673.6500;54203.8000;53396.7500;110.0000;-0.0414;0.0000;-807.0500;0.0000;6.8165;0.0000;-807.0500;0.0000;6.8165;1.0000;0.0000;0.0000;0.0000;0.0000
855;547.06;787.6500;10841.5500;54642.3000;53854.6500;110.0000;-0.0414;0.0000;-787.6500;0.0000;6.8165;0.0000;-787.6500;0.0000;6.8165;1.0000;0.0000;0.0000;0.0000;0.0000
856;547.39;804.4000;11045.3500;55012.9000;54208.5000;110.0000;-0.0414;0.0000;-804.4000;0.0000;6.8165;0.0000;-804.4000;0.0000;6.8165;1.0000;0.0000;0.0000;0.0000;0.0000
857;547.72;795.5000;11255.4000;55119.6500;54324.1500;110.0000;-0.0414;0.0000;-795.5000;0.0000;6.8165;0.0000;-795.5000;0.0000;6.8165;1.0000;0.0000;0.0000;0.0000;0.0000
858;548.05;783.9500;11310.5000;55133.8000;54349.8500;110.0000;-0.0414;0.0000;-783.9500;0.0000;6.8165;0.0000;-783.9500;0.0000;6.8165;1.0000;0.0000;0.0000;0.0000;0.0000
859;548.38;788.2000;11419.7500;54922.5000;54134.3000;110.0000;-0.0414;0.0000;-788.2000;0.0000;6.8165;0.0000;-788.2000;0.0000;6.8165;1.0000;0.0000;0.0000;0.0000;0.0000
860;548.71;796.5500;11577.8000;55123.1000;54326.5500;110.0000;-0.0414;0.0000;-796.5500;0.0000;6.8165;0.0000;-796.5500;0.0000;6.8165;1.0000;0.0000;0.0000;0.0000;0.0000
861;549.03;800.2000;11884.7500;55828.5000;55028.3000;110.0000;-0.0414;0.0000;-800.2000;0.0000;6.8165;0.0000;-800.2000;0.0000;6.8165;1.0000;0.0000;0.0000;0.0000;0.0000
862;549.36;783.8000;12141.2500;56381.7500;55597.9500;110.0000;-0.0414;0.0000;-783.8000;0.0000;6.8165;0.0000;-783.8000;0.0000;6.8165;1.0000;0.0000;0.0000;0.0000;0.0000
863;549.69;800.5500;12262.2500;56461.0500;55660.5000;110.0000;-0.0414;0.0000;-800.5500;0.0000;6.8165;0.0000;-800.5500;0.0000;6.8165;1.0000;0.0000;0.0000;0.0000;0.0000
864;550.02;792.5500;12524.9500;56409.1000;55616.5500;110.0000;-0.0414;0.0000;-792.5500;0.0000;6.8165;0.0000;-792.5500;0.0000;6.8165;1.0000;0.0000;0.0000;0.0000;0.0000
865;550.35;801.4500;12677.5500;56474.8500;55673.4000;110.0000;-0.0414;0.0000;-801.4500;0.0000;6.8165;0.0000;-801.4500;0.0000;6.8165;1.0000;0.0000;0.0000;0.0000;0.0000
866;550.68;800.6000;12944.6000;56875.1000;56074.5000;110.0000;-0.0414;0.0000;-800.6000;0.0000;6.8165;0.0000;-800.6000;0.0000;6.8165;1.0000;0.0000;0.0000;0.0000;0.0000
867;551.00;810.5000;13265.1000;57155.8500;56345.3500;110.0000;-0.0414;0.0000;-810.5000;0.0000;6.8165;0.0000;-810.5000;0.0000;6.8165;1.0000;0.0000;0.0000;0.0000;0.0000
868;551.33;789.2000;13489.0000;57585.5500;56796.3500;110.0000;-0.0414;0.0000;-789.2000;0.0000;6.8165;0.0000;-789.2000;0.0000;6.8165;1.0000;0.0000;0.0000;0.0000;0.0000
869;551.66;798.6500;13765.6500;57736.6500;56938.0000;110.0000;-0.0414;0.0000;-798.6500;0.0000;6.8165;0.0000;-798.6500;0.0000;6.8165;1.0000;0.0000;0.0000;0.0000;0.0000
870;551.99;808.0000;13922.0500;57094.1500;56286.1500;110.0000;-0.0414;0.0000;-808.0000;0.0000;6.8165;0.0000;-808.0000;0.0000;6.8165;1.0000;0.0000;0.0000;0.0000;0.0000
871;552.32;800.5000;14146.8000;57211.5500;56411.0500;110.0000;-0.0414;0.0000;-800.5000;0.0000;6.8165;0.0000;-800.5000;0.0000;6.8165;1.0000;0.0000;0.0000;0.0000;0.0000
872;552.64;795.0500;14503.8500;58038.6500;57243.6000;110.0000;-0.0414;0.0000;-795.0500;0.0000;6.8165;0.0000;-795.0500;0.0000;6.8165;1.0000;0.0000;0.0000;0.0000;0.0000
873;552.97;789.7500;14846.5000;58495.2000;57705.4500;110.0000;-0.0414;0.0000;-789.7500;0.0000;6.8165;0.0000;-789.7500;0.0000;6.8165;1.0000;0.0000;0.0000;0.0000;0.0000
874;553.30;785.4000;15087.7000;58538.2500;57752.8500;110.0000;-0.0414;0.0000;-785.4000;0.0000;6.8165;0.0000;-785.4000;0.0000;6.8165;1.0000;0.0000;0.0000;0.0000;0.0000
875;553.63;792.7500;15412.6500;58563.4000;57770.6500;110.0000;-0.0414;0.0000;-792.7500;0.0000;6.8165;0.0000;-792.7500;0.0000;6.8165;1.0000;0.0000;0.0000;0.0000;0.0000
876;553.95;788.1000;15690.0500;58144.2500;57356.1500;110.0000;-0.0414;0.0000;-788.1000;0.0000;6.8165;0.0000;-788.1000;0.0000;6.8165;1.0000;0.0000;0.0000;0.0000;0.0000
877;554.28;801.5500;16027.9500;58338.7500;57537.2000;110.0000;-0.0414;0.0000;-801.5500;0.0000;6.8165;0.0000;-801.5500;0.0000;6.8165;1.0000;0.0000;0.0000;0.0000;0.0000
878;554.61;791.4500;16356.3500;58817.0500;58025.6000;110.0000;-0.0414;0.0000;-791.4500;0.0000;6.8165;0.0000;-791.4500;0.0000;6.8165;1.0000;0.0000;0.0000;0.0000;0.0000
879;554.93;790.9000;16506.7000;58459.6500;57668.7500;110.0000;-0.0414;0.0000;-790.9000;0.0000;6.8165;0.0000;-790.9000;0.0000;6.8165;1.0000;0.0000;0.0000;0.0000;0.0000
880;555.26;783.1000;16913.3500;59125.4500;58342.3500;110.0000;-0.0414;0.0000;-783.1000;0.0000;6.8165;0.0000;-783.1000;0.0000;6.8165;1.0000;0.0000;0.0000;0.0000;0.0000
881;555.59;788.5500;17328.9000;59300.5500;58512.0000;110.0000;-0.0414;0.0000;-788.5500;0.0000;6.8165;0.0000;-788.5500;0.0000;6.8165;1.0000;0.0000;0.0000;0.0000;0.0000
882;555.91;793.4000;17716.2500;59160.3500;58366.9500;110.0000;-0.0414;0.0000;-793.4000;0.0000;6.8165;0.0000;-793.4000;0.0000;6.8165;1.0000;0.0000;0.0000;0.0000;0.0000
883;556.24;789.9000;18026.7000;59148.8500;58358.9500;110.0000;-0.0414;0.0000;-789.9000;0.0000;6.8165;0.0000;-789.9000;0.0000;6.8165;1.0000;0.0000;0.0000;0.0000;0.0000
884;556.57;787.4000;18266.8500;59303.0000;58515.6000;110.0000;-0.0414;0.0000;-787.4000;0.0000;6.8165;0.0000;-787.4000;0.0000;6.8165;1.0000;0.0000;0.0000;0.0000;0.0000
885;556.89;794.7000;18568.9500;58729.1000;57934.4000;110.0000;-0.0414;0.0000;-794.7000;0.0000;6.8165;0.0000;-794.7000;0.0000;6.8165;1.0000;0.0000;0.0000;0.0000;0.0000
886;557.22;787.0000;18979.9500;59165.0500;58378.0500;110.0000;-0.0414;0.0000;-787.0000;0.0000;6.8165;0.0000;-787.0000;0.0000;6.8165;1.0000;0.0000;0.0000;0.0000;0.0000
887;557.55;770.9000;19432.9000;59326.3500;58555.4500;110.0000;-0.0414;0.0000;-770.9000;0.0000;6.8165;0.0000;-770.9000;0.0000;6.8165;1.0000;0.0000;0.0000;0.0000;0.0000
888;557.87;796.3500;19821.2000;59204.8500;58408.5000;110.0000;-0.0414;0.0000;-796.3500;0.0000;6.8165;0.0000;-796.3500;0.0000;6.8165;1.0000;0.0000;0.0000;0.0000;0.0000
889;558.20;798.4500;20168.0000;59280.4000;58481.9500;110.0000;-0.0414;0.0000;-798.4500;0.0000;6.8165;0.0000;-798.4500;0.0000;6.8165;1.0000;0.0000;0.0000;0.0000;0.0000
890;558.52;792.5000;20471.9000;59007.5000;58215.0000;110.0000;-0.0414;0.0000;-792.5000;0.0000;6.8165;0.0000;-792.5000;0.0000;6.8165;1.0000;0.0000;0.0000;0.0000;0.0000
891;558.85;794.0000;20983.0500;59074.9500;58280.9500;110.0000;-0.0414;0.0000;-794.0000;0.0000;6.8165;0.0000;-794.0000;0.0000;6.8165;1.0000;0.0000;0.0000;0.0000;0.0000
892;559.17;800.1500;21255.4000;59148.3500;58348.2000;110.0000;-0.0414;0.0000;-800.1500;0.0000;6.8165;0.0000;-800.1500;0.0000;6.8165;1.0000;0.0000;0.0000;0.0000;0.0000
893;559.50;785.9000;21786.9500;59088.8500;58302.9500;110.0000;-0.0414;0.0000;-785.9000;0.0000;6.8165;0.0000;-785.9000;0.0000;6.8165;1.0000;0.0000;0.0000;0.0000;0.0000
894;559.83;797.2000;22139.1000;59175.2000;58378.0000;110.0000;-0.0414;0.0000;-797.2000;0.0000;6.8165;0.0000;-797.2000;0.0000;6.8165;1.0000;0.0000;0.0000;0.0000;0.0000
895;560.15;810.2000;22379.8000;58862.3000;58052.1000;110.0000;-0.0414;0.0000;-810.2000;0.0000;6.8165;0.0000;-810.2000;0.0000;6.8165;1.0000;0.0000;0.0000;0.0000;0.0000
896;560.48;805.0000;22801.8500;58368.6000;57563.6000;110.0000;-0.0414;0.0000;-805.0000;0.0000;6.8165;0.0000;-805.0000;0.0000;6.8165;1.0000;0.0000;0.0000;0.0000;0.0000
897;560.80;803.7500;23300.3500;58037.6500;57233.9000;110.0000;-0.0414;0.0000;-803.7500;0.0000;6.8165;0.0000;-803.7500;0.0000;6.8165;1.0000;0.0000;0.0000;0.0000;0.0000
898;561.13;792.4500;23829.5500;58053.1000;57260.6500;110.0000;-0.0414;0.0000;-792.4500;0.0000;6.8165;0.0000;-792.4500;0.0000;6.8165;1.0000;0.0000;0.0000;0.0000;0.0000
899;561.45;780.5000;24071.6000;58106.4500;57325.9500;110.0000;-0.0414;0.0000;-780.5000;0.0000;6.8165;0.0000;-780.5000;0.0000;6.8165;1.0000;0.0000;0.0000;0.0000;0.0000
900;561.78;805.0500;24373.2500;57860.3000;57055.2500;110.0000;-0.0414;0.0000;-805.0500;0.0000;6.8165;0.0000;-805.0500;0.0000;6.8165;1.0000;0.0000;0.0000;0.0000;0.0000
901;562.10;793.3000;24976.2000;57544.6500;56751.3500;110.0000;-0.0414;0.0000;-793.3000;0.0000;6.8165;0.0000;-793.3000;0.0000;6.8165;1.0000;0.0000;0.0000;0.0000;0.0000
902;562.43;807.0000;25330.4500;57173.1000;56366.1000;110.0000;-0.0414;0.0000;-807.0000;0.0000;6.8165;0.0000;-807.0000;0.0000;6.8165;1.0000;0.0000;0.0000;0.0000;0.0000
903;562.75;795.1000;25718.1000;57057.7500;56262.6500;110.0000;-0.0414;0.0000;-795.1000;0.0000;6.8165;0.0000;-795.1000;0.0000;6.8165;1.0000;0.0000;0.0000;0.0000;0.0000
904;563.07;783.0000;26151.0000;56542.2500;55759.2500;110.0000;-0.0414;0.0000;-783.0000;0.0000;6.8165;0.0000;-783.0000;0.0000;6.8165;1.0000;0.0000;0.0000;0.0000;0.0000
905;563.40;805.4000;26458.6500;56020.5500;55215.1500;110.0000;-0.0414;0.0000;-805.4000;0.0000;6.8165;0.0000;-805.4000;0.0000;6.8165;1.0000;0.0000;0.0000;0.0000;0.0000
906;563.72;794.6000;26622.9500;55609.4500;54814.8500;110.0000;-0.0414;0.0000;-794.6000;0.0000;6.8165;0.0000;-794.6000;0.0000;6.8165;1.0000;0.0000;0.0000;0.0000;0.0000
907;564.05;789.4500;26908.0000;54862.1000;54072.6500;110.0000;-0.0414;0.0000;-789.4500;0.0000;6.8165;0.0000;-789.4500;0.0000;6.8165;1.0000;0.0000;0.0000;0.0000;0.0000
908;564.37;788.5500;27451.5000;54253.5000;53464.9500;110.0000;-0.0414;0.0000;-788.5500;0.0000;6.8165;0.0000;-788.5500;0.0000;6.8165;1.0000;0.0000;0.0000;0.0000;0.0000
909;564.70;790.0000;27876.6000;53490.7500;52700.7500;110.0000;-0.0414;0.0000;-790.0000;0.0000;6.8165;0.0000;-790.0000;0.0000;6.8165;1.0000;0.0000;0.0000;0.0000;0.0000
910;565.02;784.2000;28435.8000;53475.3500;52691.1500;110.0000;-0.0414;0.0000;-784.2000;0.0000;6.8165;0.0000;-784.2000;0.0000;6.8165;1.0000;0.0000;0.0000;0.0000;0.0000
911;565.34;793.2000;28615.8500;52199.3500;51406.1500;110.0000;-0.0414;0.0000;-793.2000;0.0000;6.8165;0.0000;-793.2000;0.0000;6.8165;1.0000;0.0000;0.0000;0.0000;0.0000
912;565.67;809.3500;28832.3000;50645.2500;49835.9000;110.0000;-0.0414;0.0000;-809.3500;0.0000;6.8165;0.0000;-809.3500;0.0000;6.8165;1.0000;0.0000;0.0000;0.0000;0.0000
913;565.99;786.7000;28864.5000;48536.2000;47749.5000;110.0000;-0.0414;0.0000;-786.7000;0.0000;6.8165;0.0000;-786.7000;0.0000;6.8165;1.0000;0.0000;0.0000;0.0000;0.0000
914;566.31;800.7000;29568.5500;47668.1000;46867.4000;110.0000;-0.0414;0.0000;-800.7000;0.0000;6.8165;0.0000;-800.7000;0.0000;6.8165;1.0000;0.0000;0.0000;0.0000;0.0000
915;566.64;800.8000;29948.3500;45693.4500;44892.6500;110.0000;-0.0414;0.0000;-800.8000;0.0000;6.8165;0.0000;-800.8000;0.0000;6.8165;1.0000;0.0000;0.0000;0.0000;0.0000
916;566.96;805.7000;30367.4000;43483.7000;42678.0000;110.0000;-0.0414;0.0000;-805.7000;0.0000;6.8165;0.0000;-805.7000;0.0000;6.8165;1.0000;0.0000;0.0000;0.0000;0.0000
917;567.29;804.3500;30393.0500;40956.0500;40151.7000;110.0000;-0.0414;0.0000;-804.3500;0.0000;6.8165;0.0000;-804.3500;0.0000;6.8165;1.0000;0.0000;0.0000;0.0000;0.0000
918;567.61;793.0000;30648.2000;37836.9500;37043.9500;110.0000;-0.0414;0.0000;-793.0000;0.0000;6.8165;0.0000;-793.0000;0.0000;6.8165;1.0000;0.0000;0.0000;0.0000;0.0000
919;567.93;796.4000;30906.7000;34060.8000;33264.4000;110.0000;-0.0414;0.0000;-796.4000;0.0000;6.8165;0.0000;-796.4000;0.0000;6.8165;1.0000;0.0000;0.0000;0.0000;0.0000
920;568.25;801.2000;31414.2000;30061.0000;29259.8000;95.5797;0.0196;0.0000;-801.2000;0.0000;6.8165;0.0000;-801.2000;0.0000;6.8165;1.0000;0.0000;0.0000;0.0000;0.0000
921;568.58;786.0000;31764.1500;26068.6500;25282.6500;81.6145;0.0882;0.0000;-786.0000;0.0000;6.8165;0.0000;-786.0000;0.0000;6.8165;1.0000;0.0000;0.0000;0.0000;0.0000
922;568.90;805.9000;31952.8500;22091.3500;21285.4500;68.3388;0.1653;0.0000;-805.9000;0.0000;6.8165;0.0000;-805.9000;0.0000;6.8165;1.0000;0.0000;0.0000;0.0000;0.0000
923;569.22;788.0500;31987.4000;17854.4000;17066.3500;54.7010;0.2620;0.0000;-788.0500;0.0000;6.8165;0.0000;-788.0500;0.0000;6.8165;1.0000;0.0000;0.0000;0.0000;0.0000
924;569.55;801.6000;32307.0500;14139.6000;13338.0000;42.3355;0.3733;0.0000;-801.6000;0.0000;6.8165;0.0000;-801.6000;0.0000;6.8165;1.0000;0.0000;0.0000;0.0000;0.0000
925;569.87;794.8000;32583.7500;10895.4000;10100.6000;31.7739;0.4979;0.0000;-794.8000;0.0000;6.8165;0.0000;-794.8000;0.0000;6.8165;1.0000;0.0000;0.0000;0.0000;0.0000
926;570.19;788.9000;32927.6000;8417.5000;7628.6000;23.7365;0.6246;0.0000;-788.9000;0.0000;6.8165;0.0000;-788.9000;0.0000;6.8165;1.0000;0.0000;0.0000;0.0000;0.0000
927;570.51;790.2500;33276.9000;6407.3000;5617.0500;17.2903;0.7622;0.0000;-790.2500;0.0000;6.8165;0.0000;-790.2500;0.0000;6.8165;1.0000;0.0000;0.0000;0.0000;0.0000
928;570.83;797.6500;33647.7000;5058.3500;4260.7000;12.9701;0.8871;0.0000;-797.6500;0.0000;6.8165;0.0000;-797.6500;0.0000;6.8165;1.0000;0.0000;0.0000;0.0000;0.0000
929;571.16;780.2500;33621.0000;4094.8500;3314.6000;10.0929;0.9960;0.0000;-780.2500;0.0000;6.8165;0.0000;-780.2500;0.0000;6.8165;1.0000;0.0000;0.0000;0.0000;0.0000
930;571.48;797.5500;33752.8500;3450.4500;2652.9000;8.0500;1.0942;0.0000;-797.5500;0.0000;6.8165;0.0000;-797.5500;0.0000;6.8165;1.0000;0.0000;0.0000;0.0000;0.0000
931;571.80;793.3000;33983.4000;3020.4500;2227.1500;6.7103;1.1733;0.0000;-793.3000;0.0000;6.8165;0.0000;-793.3000;0.0000;6.8165;1.0000;0.0000;0.0000;0.0000;0.0000
932;572.12;798.1000;34269.3000;2747.7500;1949.6500;5.8249;1.2347;0.0000;-798.1000;0.0000;6.8165;0.0000;-798.1000;0.0000;6.8165;1.0000;0.0000;0.0000;0.0000;0.0000
933;572.44;780.4000;34348.0000;2574.9500;1794.5500;5.3461;1.2720;0.0000;-780.4000;0.0000;6.8165;0.0000;-780.4000;0.0000;6.8165;1.0000;0.0000;0.0000;0.0000;0.0000
934;572.77;779.1500;34825.1000;2533.6000;1754.4500;5.1532;1.2879;0.0000;-779.1500;0.0000;6.8165;0.0000;-779.1500;0.0000;6.8165;1.0000;0.0000;0.0000;0.0000;0.0000
935;573.09;787.6500;34965.9000;2535.0000;1747.3500;5.1125;1.2914;0.0000;-787.6500;0.0000;6.8165;0.0000;-787.6500;0.0000;6.8165;1.0000;0.0000;0.0000;0.0000;0.0000
936;573.41;789.1500;35157.8000;2632.3500;1843.2000;5.3630;1.2706;0.0000;-789.1500;0.0000;6.8165;0.0000;-789.1500;0.0000;6.8165;1.0000;0.0000;0.0000;0.0000;0.0000
937;573.73;796.5500;35359.2000;2669.8500;1873.3000;5.4200;1.2660;0.0000;-796.5500;0.0000;6.8165;0.0000;-796.5500;0.0000;6.8165;1.0000;0.0000;0.0000;0.0000;0.0000
938;574.05;803.5500;35336.4500;2791.7500;1988.2000;5.7574;1.2398;0.0000;-803.5500;0.0000;6.8165;0.0000;-803.5500;0.0000;6.8165;1.0000;0.0000;0.0000;0.0000;0.0000
939;574.37;793.3000;35252.2500;2939.8000;2146.5000;6.2292;1.2056;0.0000;-793.3000;0.0000;6.8165;0.0000;-793.3000;0.0000;6.8165;1.0000;0.0000;0.0000;0.0000;0.0000
940;574.69;799.8000;35434.0500;3109.2000;2309.4000;6.6680;1.1760;0.0000;-799.8000;0.0000;6.8165;0.0000;-799.8000;0.0000;6.8165;1.0000;0.0000;0.0000;0.0000;0.0000
941;575.02;798.2500;35786.9000;3210.6500;2412.4000;6.8948;1.1615;0.0000;-798.2500;0.0000;6.8165;0.0000;-798.2500;0.0000;6.8165;1.0000;0.0000;0.0000;0.0000;0.0000
942;575.34;791.3500;36191.0500;3305.2500;2513.9000;7.1015;1.1487;0.0000;-791.3500;0.0000;6.8165;0.0000;-791.3500;0.0000;6.8165;1.0000;0.0000;0.0000;0.0000;0.0000
943;575.66;794.6000;36464.3000;3364.2000;2569.6000;7.2039;1.1424;0.0000;-794.6000;0.0000;6.8165;0.0000;-794.6000;0.0000;6.8165;1.0000;0.0000;0.0000;0.0000;0.0000
944;575.98;802.9500;36425.9000;3414.4000;2611.4500;7.3308;1.1348;0.0000;-802.9500;0.0000;6.8165;0.0000;-802.9500;0.0000;6.8165;1.0000;0.0000;0.0000;0.0000;0.0000
945;576.30;807.0500;36553.9500;3394.4500;2587.4000;7.2381;1.1404;0.0000;-807.0500;0.0000;6.8165;0.0000;-807.0500;0.0000;6.8165;1.0000;0.0000;0.0000;0.0000;0.0000
946;576.62;799.8000;36177.6000;3376.0500;2576.2500;7.2821;1.1377;0.0000;-799.8000;0.0000;6.8165;0.0000;-799.8000;0.0000;6.8165;1.0000;0.0000;0.0000;0.0000;0.0000
947;576.94;788.0500;36538.0000;3466.4500;2678.4000;7.4920;1.1254;0.0000;-788.0500;0.0000;6.8165;0.0000;-788.0500;0.0000;6.8165;1.0000;0.0000;0.0000;0.0000;0.0000
948;577.26;790.8500;37094.3500;3565.5500;2774.7000;7.6431;1.1167;0.0000;-790.8500;0.0000;6.8165;0.0000;-790.8500;0.0000;6.8165;1.0000;0.0000;0.0000;0.0000;0.0000
949;577.58;785.3000;37395.1500;3750.1500;2964.8500;8.0985;1.0916;0.0000;-785.3000;0.0000;6.8165;0.0000;-785.3000;0.0000;6.8165;1.0000;0.0000;0.0000;0.0000;0.0000
950;577.90;791.5500;37195.4000;3938.3500;3146.8000;8.6441;1.0633;0.0000;-791.5500;0.0000;6.8165;0.0000;-791.5500;0.0000;6.8165;1.0000;0.0000;0.0000;0.0000;0.0000
951;578.22;780.8000;37197.4000;4135.5500;3354.7500;9.2121;1.0356;0.0000;-780.8000;0.0000;6.8165;0.0000;-780.8000;0.0000;6.8165;1.0000;0.0000;0.0000;0.0000;0.0000
952;578.54;794.1500;37081.7500;4367.6500;3573.5000;9.8477;1.0067;0.0000;-794.1500;0.0000;6.8165;0.0000;-794.1500;0.0000;6.8165;1.0000;0.0000;0.0000;0.0000;0.0000
953;578.86;806.7000;37043.1000;4569.1500;3762.4500;10.3831;0.9837;0.0000;-806.7000;0.0000;6.8165;0.0000;-806.7000;0.0000;6.8165;1.0000;0.0000;0.0000;0.0000;0.0000
954;579.18;799.0000;37325.2500;4816.5500;4017.5500;10.9991;0.9586;0.0000;-799.0000;0.0000;6.8165;0.0000;-799.0000;0.0000;6.8165;1.0000;0.0000;0.0000;0.0000;0.0000
955;579.50;799.9500;37620.5000;5005.0000;4205.0500;11.4204;0.9423;0.0000;-799.9500;0.0000;6.8165;0.0000;-799.9500;0.0000;6.8165;1.0000;0.0000;0.0000;0.0000;0.0000
956;579.82;797.2000;37860.0500;5226.3000;4429.1000;11.9502;0.9226;0.0000;-797.2000;0.0000;6.8165;0.0000;-797.2000;0.0000;6.8165;1.0000;0.0000;0.0000;0.0000;0.0000
957;580.14;784.7000;38036.3500;5415.3500;4630.6500;12.4307;0.9055;0.0000;-784.7000;0.0000;6.8165;0.0000;-784.7000;0.0000;6.8165;1.0000;0.0000;0.0000;0.0000;0.0000
958;580.46;792.9500;37593.3000;5464.8000;4671.8500;12.6951;0.8964;0.0000;-792.9500;0.0000;6.8165;0.0000;-792.9500;0.0000;6.8165;1.0000;0.0000;0.0000;0.0000;0.0000
959;580.78;798.3500;37939.3500;5460.4500;4662.1000;12.5524;0.9013;0.0000;-798.3500;0.0000;6.8165;0.0000;-798.3500;0.0000;6.8165;1.0000;0.0000;0.0000;0.0000;0.0000
960;581.10;801.7000;38139.6500;5254.7000;4453.0000;11.9262;0.9235;0.0000;-801.7000;0.0000;6.8165;0.0000;-801.7000;0.0000;6.8165;1.0000;0.0000;0.0000;0.0000;0.0000
961;581.42;787.4500;38472.9500;4924.2500;4136.8000;10.9772;0.9595;0.0000;-787.4500;0.0000;6.8165;0.0000;-787.4500;0.0000;6.8165;1.0000;0.0000;0.0000;0.0000;0.0000
962;581.73;799.8500;38822.6500;4550.8500;3751.0000;9.8651;1.0059;0.0000;-799.8500;0.0000;6.8165;0.0000;-799.8500;0.0000;6.8165;1.0000;0.0000;0.0000;0.0000;0.0000
963;582.05;777.6500;39083.0500;4080.5000;3302.8500;8.6224;1.0644;0.0000;-777.6500;0.0000;6.8165;0.0000;-777.6500;0.0000;6.8165;1.0000;0.0000;0.0000;0.0000;0.0000
964;582.37;772.9000;38560.2500;3637.8000;2864.9000;7.5816;1.1202;0.0000;-772.9000;0.0000;6.8165;0.0000;-772.9000;0.0000;6.8165;1.0000;0.0000;0.0000;0.0000;0.0000
965;582.69;779.8000;38817.6000;3222.2500;2442.4500;6.4211;1.1924;0.0000;-779.8000;0.0000;6.8165;0.0000;-779.8000;0.0000;6.8165;1.0000;0.0000;0.0000;0.0000;0.0000
966;583.01;791.7000;39568.3000;2838.5000;2046.8000;5.2784;1.2775;0.0000;-791.7000;0.0000;6.8165;0.0000;-791.7000;0.0000;6.8165;1.0000;0.0000;0.0000;0.0000;0.0000
967;583.33;786.7500;39791.8000;2522.9500;1736.2000;4.4512;1.3515;0.0000;-786.7500;0.0000;6.8165;0.0000;-786.7500;0.0000;6.8165;1.0000;0.0000;0.0000;0.0000;0.0000
968;583.65;803.3000;40581.4000;2307.0000;1503.7000;3.7802;1.4225;0.0000;-803.3000;0.0000;6.8165;0.0000;-803.3000;0.0000;6.8165;1.0000;0.0000;0.0000;0.0000;0.0000
969;583.96;787.2500;40784.4500;2125.5500;1338.3000;3.3460;1.4755;0.0000;-787.2500;0.0000;6.8165;0.0000;-787.2500;0.0000;6.8165;1.0000;0.0000;0.0000;0.0000;0.0000
970;584.28;795.3500;40803.8500;1951.4000;1156.0500;2.8895;1.5392;0.0000;-795.3500;0.0000;6.8165;0.0000;-795.3500;0.0000;6.8165;1.0000;0.0000;0.0000;0.0000;0.0000
971;584.60;787.2000;40782.5500;1873.1000;1085.9000;2.7151;1.5662;0.0000;-787.2000;0.0000;6.8165;0.0000;-787.2000;0.0000;6.8165;1.0000;0.0000;0.0000;0.0000;0.0000
972;584.92;797.1500;41186.0000;1785.8500;988.7000;2.4480;1.6112;0.0000;-797.1500;0.0000;6.8165;0.0000;-797.1500;0.0000;6.8165;1.0000;0.0000;0.0000;0.0000;0.0000
973;585.24;794.6000;41921.6500;1764.4500;969.8500;2.3582;1.6274;0.0000;-794.6000;0.0000;6.8165;0.0000;-794.6000;0.0000;6.8165;1.0000;0.0000;0.0000;0.0000;0.0000
974;585.55;792.8000;42591.2000;1756.8000;964.0000;2.3063;1.6371;0.0000;-792.8000;0.0000;6.8165;0.0000;-792.8000;0.0000;6.8165;1.0000;0.0000;0.0000;0.0000;0.0000
975;585.87;793.1000;42851.3000;1751.1000;958.0000;2.2778;1.6425;0.0000;-793.1000;0.0000;6.8165;0.0000;-793.1000;0.0000;6.8165;1.0000;0.0000;0.0000;0.0000;0.0000
976;586.19;794.7000;42879.6000;1774.4500;979.7500;2.3280;1.6330;0.0000;-794.7000;0.0000;6.8165;0.0000;-794.7000;0.0000;6.8165;1.0000;0.0000;0.0000;0.0000;0.0000
977;586.51;804.4000;42840.0500;1832.6000;1028.2000;2.4460;1.6115;0.0000;-804.4000;0.0000;6.8165;0.0000;-804.4000;0.0000;6.8165;1.0000;0.0000;0.0000;0.0000;0.0000
978;586.83;803.7000;43216.1000;1901.2000;1097.5000;2.5877;1.5871;0.0000;-803.7000;0.0000;6.8165;0.0000;-803.7000;0.0000;6.8165;1.0000;0.0000;0.0000;0.0000;0.0000
979;587.14;794.1000;43607.9000;2000.6000;1206.5000;2.8180;1.5501;0.0000;-794.1000;0.0000;6.8165;0.0000;-794.1000;0.0000;6.8165;1.0000;0.0000;0.0000;0.0000;0.0000
980;587.46;795.9500;44402.4500;2122.1500;1326.2000;3.0413;1.5169;0.0000;-795.9500;0.0000;6.8165;0.0000;-795.9500;0.0000;6.8165;1.0000;0.0000;0.0000;0.0000;0.0000
981;587.78;799.4500;44954.8500;2248.0500;1448.6000;3.2807;1.4840;0.0000;-799.4500;0.0000;6.8165;0.0000;-799.4500;0.0000;6.8165;1.0000;0.0000;0.0000;0.0000;0.0000
982;588.09;808.1500;44893.7000;2410.6500;1602.5000;3.6350;1.4395;0.0000;-808.1500;0.0000;6.8165;0.0000;-808.1500;0.0000;6.8165;1.0000;0.0000;0.0000;0.0000;0.0000
983;588.41;784.1500;45488.4000;2561.7500;1777.6000;3.9764;1.4005;0.0000;-784.1500;0.0000;6.8165;0.0000;-784.1500;0.0000;6.8165;1.0000;0.0000;0.0000;0.0000;0.0000
984;588.73;801.0500;46484.0500;2756.7500;1955.7000;4.2810;1.3685;0.0000;-801.0500;0.0000;6.8165;0.0000;-801.0500;0.0000;6.8165;1.0000;0.0000;0.0000;0.0000;0.0000
985;589.04;792.6000;46711.1500;3017.4500;2224.8500;4.8452;1.3147;0.0000;-792.6000;0.0000;6.8165;0.0000;-792.6000;0.0000;6.8165;1.0000;0.0000;0.0000;0.0000;0.0000
986;589.36;804.5000;47012.2000;3244.1000;2439.6000;5.2796;1.2774;0.0000;-804.5000;0.0000;6.8165;0.0000;-804.5000;0.0000;6.8165;1.0000;0.0000;0.0000;0.0000;0.0000
987;589.68;789.2000;47347.9000;3443.9000;2654.7000;5.7018;1.2440;0.0000;-789.2000;0.0000;6.8165;0.0000;-789.2000;0.0000;6.8165;1.0000;0.0000;0.0000;0.0000;0.0000
988;589.99;799.3000;47445.1000;3616.3500;2817.0500;6.0392;1.2190;0.0000;-799.3000;0.0000;6.8165;0.0000;-799.3000;0.0000;6.8165;1.0000;0.0000;0.0000;0.0000;0.0000
989;590.31;784.2000;48242.1000;3852.4000;3068.2000;6.4651;1.1894;0.0000;-784.2000;0.0000;6.8165;0.0000;-784.2000;0.0000;6.8165;1.0000;0.0000;0.0000;0.0000;0.0000
990;590.63;797.7500;48292.5500;3924.5000;3126.7500;6.5834;1.1816;0.0000;-797.7500;0.0000;6.8165;0.0000;-797.7500;0.0000;6.8165;1.0000;0.0000;0.0000;0.0000;0.0000
991;590.94;794.4500;49029.0500;4117.4500;3323.0000;6.8892;1.1618;0.0000;-794.4500;0.0000;6.8165;0.0000;-794.4500;0.0000;6.8165;1.0000;0.0000;0.0000;0.0000;0.0000
992;591.26;778.6500;49634.6000;4181.1500;3402.5000;6.9644;1.1571;0.0000;-778.6500;0.0000;6.8165;0.0000;-778.6500;0.0000;6.8165;1.0000;0.0000;0.0000;0.0000;0.0000
993;591.58;774.0500;49747.9000;4316.6500;3542.6000;7.2337;1.1406;0.0000;-774.0500;0.0000;6.8165;0.0000;-774.0500;0.0000;6.8165;1.0000;0.0000;0.0000;0.0000;0.0000
994;591.89;782.9500;49200.2500;4407.1500;3624.2000;7.4853;1.1258;0.0000;-782.9500;0.0000;6.8165;0.0000;-782.9500;0.0000;6.8165;1.0000;0.0000;0.0000;0.0000;0.0000
995;592.21;796.4500;49591.2500;4500.0000;3703.5500;7.5901;1.1198;0.0000;-796.4500;0.0000;6.8165;0.0000;-796.4500;0.0000;6.8165;1.0000;0.0000;0.0000;0.0000;0.0000
996;592.52;803.2000;50488.9000;4744.9000;3941.7000;7.9333;1.1005;0.0000;-803.2000;0.0000;6.8165;0.0000;-803.2000;0.0000;6.8165;1.0000;0.0000;0.0000;0.0000;0.0000
997;592.84;791.4000;51004.7500;5041.5000;4250.1000;8.4641;1.0724;0.0000;-791.4000;0.0000;6.8165;0.0000;-791.4000;0.0000;6.8165;1.0000;0.0000;0.0000;0.0000;0.0000
998;593.15;781.3000;51694.0000;5409.8500;4628.5500;9.0912;1.0414;0.0000;-781.3000;0.0000;6.8165;0.0000;-781.3000;0.0000;6.8165;1.0000;0.0000;0.0000;0.0000;0.0000
999;593.47;789.7500;51628.6500;5743.7000;4953.9500;9.7444;1.0112;0.0000;-789.7500;0.0000;6.8165;0.0000;-789.7500;0.0000;6.8165;1.0000;0.0000;0.0000;0.0000;0.0000
1000;593.79;782.3500;51742.2500;6163.9500;5381.6000;10.5605;0.9763;0.0000;-782.3500;0.0000;6.8165;0.0000;-782.3500;0.0000;6.8165;1.0000;0.0000;0.0000;0.0000;0.0000
1001;594.10;802.3000;51678.8000;6749.1500;5946.8500;11.6888;0.9322;0.0000;-802.3000;0.0000;6.8165;0.0000;-802.3000;0.0000;6.8165;1.0000;0.0000;0.0000;0.0000;0.0000
1002;594.42;793.1000;52679.0500;7263.5500;6470.4500;12.4705;0.9041;0.0000;-793.1000;0.0000;6.8165;0.0000;-793.1000;0.0000;6.8165;1.0000;0.0000;0.0000;0.0000;0.0000
1003;594.73;795.5000;53302.3000;8001.6000;7206.1000;13.7241;0.8625;0.0000;-795.5000;0.0000;6.8165;0.0000;-795.5000;0.0000;6.8165;1.0000;0.0000;0.0000;0.0000;0.0000
1004;595.05;795.5500;53759.7000;8803.5500;8008.0000;15.1197;0.8205;0.0000;-795.5500;0.0000;6.8165;0.0000;-795.5500;0.0000;6.8165;1.0000;0.0000;0.0000;0.0000;0.0000
1005;595.36;800.0000;54375.7000;9788.6000;8988.6000;16.7774;0.7753;0.0000;-800.0000;0.0000;6.8165;0.0000;-800.0000;0.0000;6.8165;1.0000;0.0000;0.0000;0.0000;0.0000
1006;595.68;794.6500;53866.3500;10711.7000;9917.0500;18.6861;0.7285;0.0000;-794.6500;0.0000;6.8165;0.0000;-794.6500;0.0000;6.8165;1.0000;0.0000;0.0000;0.0000;0.0000
1007;595.99;803.2500;53773.0500;11810.2500;11007.0000;20.7798;0.6824;0.0000;-803.2500;0.0000;6.8165;0.0000;-803.2500;0.0000;6.8165;1.0000;0.0000;0.0000;0.0000;0.0000
1008;596.30;801.7000;54731.7500;12965.6000;12163.9000;22.5550;0.6468;0.0000;-801.7000;0.0000;6.8165;0.0000;-801.7000;0.0000;6.8165;1.0000;0.0000;0.0000;0.0000;0.0000
1009;596.62;806.4000;54769.2000;14061.6500;13255.2500;24.5637;0.6097;0.0000;-806.4000;0.0000;6.8165;0.0000;-806.4000;0.0000;6.8165;1.0000;0.0000;0.0000;0.0000;0.0000
1010;596.93;785.0000;55162.1000;15211.9500;14426.9500;26.5313;0.5762;0.0000;-785.0000;0.0000;6.8165;0.0000;-785.0000;0.0000;6.8165;1.0000;0.0000;0.0000;0.0000;0.0000
1011;597.25;794.1000;55467.4000;16363.7500;15569.6500;28.4776;0.5455;0.0000;-794.1000;0.0000;6.8165;0.0000;-794.1000;0.0000;6.8165;1.0000;0.0000;0.0000;0.0000;0.0000
1012;597.56;791.1500;55361.9000;17131.0000;16339.8500;29.9425;0.5237;0.0000;-791.1500;0.0000;6.8165;0.0000;-791.1500;0.0000;6.8165;1.0000;0.0000;0.0000;0.0000;0.0000
1013;597.88;792.5500;55364.3500;18168.1500;17375.6000;31.8399;0.4970;0.0000;-792.5500;0.0000;6.8165;0.0000;-792.5500;0.0000;6.8165;1.0000;0.0000;0.0000;0.0000;0.0000
1014;598.19;795.3500;55812.9000;19046.9000;18251.5500;33.1741;0.4792;0.0000;-795.3500;0.0000;6.8165;0.0000;-795.3500;0.0000;6.8165;1.0000;0.0000;0.0000;0.0000;0.0000
1015;598.50;787.1000;55961.5000;19789.6500;19002.5500;34.4409;0.4629;0.0000;-787.1000;0.0000;6.8165;0.0000;-787.1000;0.0000;6.8165;1.0000;0.0000;0.0000;0.0000;0.0000
1016;598.82;786.8500;56051.5500;20582.8000;19795.9500;35.8202;0.4459;0.0000;-786.8500;0.0000;6.8165;0.0000;-786.8500;0.0000;6.8165;1.0000;0.0000;0.0000;0.0000;0.0000
1017;599.13;791.4000;55801.9000;21026.7500;20235.3500;36.7845;0.4343;0.0000;-791.4000;0.0000;6.8165;0.0000;-791.4000;0.0000;6.8165;1.0000;0.0000;0.0000;0.0000;0.0000
1018;599.45;794.5500;56376.0500;22104.1500;21309.6000;38.3394;0.4164;0.0000;-794.5500;0.0000;6.8165;0.0000;-794.5500;0.0000;6.8165;1.0000;0.0000;0.0000;0.0000;0.0000
1019;599.76;799.5500;55750.1000;22765.1500;21965.6000;39.9734;0.3982;0.0000;-799.5500;0.0000;6.8165;0.0000;-799.5500;0.0000;6.8165;1.0000;0.0000;0.0000;0.0000;0.0000
1020;600.07;794.4000;56100.7500;23716.6500;22922.2500;41.4460;0.3825;0.0000;-794.4000;0.0000;6.8165;0.0000;-794.4000;0.0000;6.8165;1.0000;0.0000;0.0000;0.0000;0.0000
1021;600.39;791.6000;56819.6000;24298.5500;23506.9500;41.9557;0.3772;0.0000;-791.6000;0.0000;6.8165;0.0000;-791.6000;0.0000;6.8165;1.0000;0.0000;0.0000;0.0000;0.0000
1022;600.70;798.8500;57362.3000;25238.2000;24439.3500;43.2070;0.3644;0.0000;-798.8500;0.0000;6.8165;0.0000;-798.8500;0.0000;6.8165;1.0000;0.0000;0.0000;0.0000;0.0000
1023;601.01;796.3000;56873.1500;26015.4500;25219.1500;44.9725;0.3471;0.0000;-796.3000;0.0000;6.8165;0.0000;-796.3000;0.0000;6.8165;1.0000;0.0000;0.0000;0.0000;0.0000
1024;601.33;790.2000;56931.1000;26981.4000;26191.2000;46.6526;0.3311;0.0000;-790.2000;0.0000;6.8165;0.0000;-790.2000;0.0000;6.8165;1.0000;0.0000;0.0000;0.0000;0.0000
1025;601.64;795.7500;57305.3500;28253.3500;27457.6000;48.5893;0.3135;0.0000;-795.7500;0.0000;6.8165;0.0000;-795.7500;0.0000;6.8165;1.0000;0.0000;0.0000;0.0000;0.0000
1026;601.95;783.3000;57369.6500;29055.3500;28272.0500;49.9627;0.3014;0.0000;-783.3000;0.0000;6.8165;0.0000;-783.3000;0.0000;6.8165;1.0000;0.0000;0.0000;0.0000;0.0000
1027;602.26;787.5000;57141.1000;29834.2500;29046.7500;51.5437;0.2878;0.0000;-787.5000;0.0000;6.8165;0.0000;-787.5000;0.0000;6.8165;1.0000;0.0000;0.0000;0.0000;0.0000
1028;602.58;780.4500;56479.0000;30255.8000;29475.3500;52.9194;0.2764;0.0000;-780.4500;0.0000;6.8165;0.0000;-780.4500;0.0000;6.8165;1.0000;0.0000;0.0000;0.0000;0.0000
1029;602.89;777.3000;56399.0500;30841.0000;30063.7000;54.0503;0.2672;0.0000;-777.3000;0.0000;6.8165;0.0000;-777.3000;0.0000;6.8165;1.0000;0.0000;0.0000;0.0000;0.0000
1030;603.20;802.5000;56872.1000;31860.7000;31058.2000;55.3922;0.2566;0.0000;-802.5000;0.0000;6.8165;0.0000;-802.5000;0.0000;6.8165;1.0000;0.0000;0.0000;0.0000;0.0000
1031;603.51;796.6000;57065.8000;32515.5500;31718.9500;56.3700;0.2490;0.0000;-796.6000;0.0000;6.8165;0.0000;-796.6000;0.0000;6.8165;1.0000;0.0000;0.0000;0.0000;0.0000
1032;603.83;804.3000;57337.5500;34099.7000;33295.4000;58.8953;0.2299;0.0000;-804.3000;0.0000;6.8165;0.0000;-804.3000;0.0000;6.8165;1.0000;0.0000;0.0000;0.0000;0.0000
1033;604.14;793.3500;57293.5000;35073.5500;34280.2000;60.6728;0.2170;0.0000;-793.3500;0.0000;6.8165;0.0000;-793.3500;0.0000;6.8165;1.0000;0.0000;0.0000;0.0000;0.0000
1034;604.45;787.7000;56967.0500;35361.2000;34573.5000;61.5413;0.2108;0.0000;-787.7000;0.0000;6.8165;0.0000;-787.7000;0.0000;6.8165;1.0000;0.0000;0.0000;0.0000;0.0000
1035;604.76;789.4000;56754.2000;36488.0000;35698.6000;63.7876;0.1953;0.0000;-789.4000;0.0000;6.8165;0.0000;-789.4000;0.0000;6.8165;1.0000;0.0000;0.0000;0.0000;0.0000
1036;605.07;800.0500;56598.9000;36800.7500;36000.7000;64.5187;0.1903;0.0000;-800.0500;0.0000;6.8165;0.0000;-800.0500;0.0000;6.8165;1.0000;0.0000;0.0000;0.0000;0.0000
1037;605.39;790.5500;56921.8500;37509.1500;36718.6000;65.4156;0.1843;0.0000;-790.5500;0.0000;6.8165;0.0000;-790.5500;0.0000;6.8165;1.0000;0.0000;0.0000;0.0000;0.0000
1038;605.70;806.3500;56797.0500;38310.4000;37504.0500;66.9826;0.1740;0.0000;-806.3500;0.0000;6.8165;0.0000;-806.3500;0.0000;6.8165;1.0000;0.0000;0.0000;0.0000;0.0000
1039;606.01;787.6000;57468.7500;39071.5500;38283.9500;67.5426;0.1704;0.0000;-787.6000;0.0000;6.8165;0.0000;-787.6000;0.0000;6.8165;1.0000;0.0000;0.0000;0.0000;0.0000
1040;606.32;793.7000;57910.4500;40033.3500;39239.6500;68.7008;0.1630;0.0000;-793.7000;0.0000;6.8165;0.0000;-793.7000;0.0000;6.8165;1.0000;0.0000;0.0000;0.0000;0.0000
1041;606.63;791.3500;57110.3000;39878.0500;39086.7000;69.4024;0.1586;0.0000;-791.3500;0.0000;6.8165;0.0000;-791.3500;0.0000;6.8165;1.0000;0.0000;0.0000;0.0000;0.0000
1042;606.94;794.0000;57236.4500;40071.0500;39277.0500;69.5878;0.1575;0.0000;-794.0000;0.0000;6.8165;0.0000;-794.0000;0.0000;6.8165;1.0000;0.0000;0.0000;0.0000;0.0000
1043;607.26;788.7000;57305.7000;40146.2000;39357.5000;69.6383;0.1572;0.0000;-788.7000;0.0000;6.8165;0.0000;-788.7000;0.0000;6.8165;1.0000;0.0000;0.0000;0.0000;0.0000
1044;607.57;808.2500;57654.3500;40555.7500;39747.5000;69.9212;0.1554;0.0000;-808.2500;0.0000;6.8165;0.0000;-808.2500;0.0000;6.8165;1.0000;0.0000;0.0000;0.0000;0.0000
1045;607.88;790.5000;57078.8500;40745.3000;39954.8000;70.9824;0.1488;0.0000;-790.5000;0.0000;6.8165;0.0000;-790.5000;0.0000;6.8165;1.0000;0.0000;0.0000;0.0000;0.0000
1046;608.19;798.3000;57483.6500;40994.1500;40195.8500;70.9105;0.1493;0.0000;-798.3000;0.0000;6.8165;0.0000;-798.3000;0.0000;6.8165;1.0000;0.0000;0.0000;0.0000;0.0000
1047;608.50;798.1500;57391.8500;41456.9000;40658.7500;71.8432;0.1436;0.0000;-798.1500;0.0000;6.8165;0.0000;-798.1500;0.0000;6.8165;1.0000;0.0000;0.0000;0.0000;0.0000
1048;608.81;786.2000;57143.5500;41519.2000;40733.0000;72.2763;0.1410;0.0000;-786.2000;0.0000;6.8165;0.0000;-786.2000;0.0000;6.8165;1.0000;0.0000;0.0000;0.0000;0.0000
1049;609.12;791.4000;57038.1000;41823.2500;41031.8500;72.9498;0.1370;0.0000;-791.4000;0.0000;6.8165;0.0000;-791.4000;0.0000;6.8165;1.0000;0.0000;0.0000;0.0000;0.0000
1050;609.43;788.7000;57476.2500;42228.1500;41439.4500;73.1015;0.1361;0.0000;-788.7000;0.0000;6.8165;0.0000;-788.7000;0.0000;6.8165;1.0000;0.0000;0.0000;0.0000;0.0000
1051;609.74;783.9000;57564.1500;42505.2500;41721.3500;73.4786;0.1338;0.0000;-783.9000;0.0000;6.8165;0.0000;-783.9000;0.0000;6.8165;1.0000;0.0000;0.0000;0.0000;0.0000
1052;610.05;794.3000;57994.1000;43351.9500;42557.6500;74.4017;0.1284;0.0000;-794.3000;0.0000;6.8165;0.0000;-794.3000;0.0000;6.8165;1.0000;0.0000;0.0000;0.0000;0.0000
1053;610.36;789.3500;58078.1500;43696.9500;42907.6000;74.8970;0.1255;0.0000;-789.3500;0.0000;6.8165;0.0000;-789.3500;0.0000;6.8165;1.0000;0.0000;0.0000;0.0000;0.0000
1054;610.67;775.0000;57144.4000;43967.9000;43192.9000;76.6247;0.1156;0.0000;-775.0000;0.0000;6.8165;0.0000;-775.0000;0.0000;6.8165;1.0000;0.0000;0.0000;0.0000;0.0000
1055;610.98;786.2000;56796.3500;44055.2000;43269.0000;77.2521;0.1121;0.0000;-786.2000;0.0000;6.8165;0.0000;-786.2000;0.0000;6.8165;1.0000;0.0000;0.0000;0.0000;0.0000
1056;611.29;787.3500;56830.4000;44663.4000;43876.0500;78.2899;0.1063;0.0000;-787.3500;0.0000;6.8165;0.0000;-787.3500;0.0000;6.8165;1.0000;0.0000;0.0000;0.0000;0.0000
1057;611.60;782.5000;57134.6000;45505.1000;44722.6000;79.3628;0.1004;0.0000;-782.5000;0.0000;6.8165;0.0000;-782.5000;0.0000;6.8165;1.0000;0.0000;0.0000;0.0000;0.0000
1058;611.91;788.3500;57749.8500;46243.4500;45455.1000;79.7997;0.0980;0.0000;-788.3500;0.0000;6.8165;0.0000;-788.3500;0.0000;6.8165;1.0000;0.0000;0.0000;0.0000;0.0000
1059;612.22;786.4000;57055.5000;46403.3500;45616.9500;81.0693;0.0911;0.0000;-786.4000;0.0000;6.8165;0.0000;-786.4000;0.0000;6.8165;1.0000;0.0000;0.0000;0.0000;0.0000
1060;612.53;783.7500;57240.3500;47616.5500;46832.8000;82.9536;0.0812;0.0000;-783.7500;0.0000;6.8165;0.0000;-783.7500;0.0000;6.8165;1.0000;0.0000;0.0000;0.0000;0.0000
1061;612.84;792.1500;57845.5500;49108.4500;48316.3000;84.6861;0.0722;0.0000;-792.1500;0.0000;6.8165;0.0000;-792.1500;0.0000;6.8165;1.0000;0.0000;0.0000;0.0000;0.0000
1062;613.15;802.2000;57426.6500;49897.6000;49095.4000;86.7035;0.0620;0.0000;-802.2000;0.0000;6.8165;0.0000;-802.2000;0.0000;6.8165;1.0000;0.0000;0.0000;0.0000;0.0000
1063;613.46;785.3000;57363.3500;50605.2000;49819.9000;88.0552;0.0552;0.0000;-785.3000;0.0000;6.8165;0.0000;-785.3000;0.0000;6.8165;1.0000;0.0000;0.0000;0.0000;0.0000
1064;613.77;782.0500;57492.9500;50983.4000;50201.3500;88.5215;0.0530;0.0000;-782.0500;0.0000;6.8165;0.0000;-782.0500;0.0000;6.8165;1.0000;0.0000;0.0000;0.0000;0.0000
1065;614.08;789.0000;57508.8500;51328.8500;50539.8500;89.1043;0.0501;0.0000;-789.0000;0.0000;6.8165;0.0000;-789.0000;0.0000;6.8165;1.0000;0.0000;0.0000;0.0000;0.0000
1066;614.39;793.3500;57322.1500;51889.3000;51095.9500;90.3892;0.0439;0.0000;-793.3500;0.0000;6.8165;0.0000;-793.3500;0.0000;6.8165;1.0000;0.0000;0.0000;0.0000;0.0000
1067;614.70;810.2000;57800.6000;52914.2000;52104.0000;91.4259;0.0389;0.0000;-810.2000;0.0000;6.8165;0.0000;-810.2000;0.0000;6.8165;1.0000;0.0000;0.0000;0.0000;0.0000
1068;615.00;796.3500;57356.7500;53462.5000;52666.1500;93.1149;0.0310;0.0000;-796.3500;0.0000;6.8165;0.0000;-796.3500;0.0000;6.8165;1.0000;0.0000;0.0000;0.0000;0.0000
1069;615.31;789.0000;57341.1000;54372.7500;53583.7500;94.7511;0.0234;0.0000;-789.0000;0.0000;6.8165;0.0000;-789.0000;0.0000;6.8165;1.0000;0.0000;0.0000;0.0000;0.0000
1070;615.62;778.2000;57694.0500;54269.7500;53491.5500;93.9836;0.0269;0.0000;-778.2000;0.0000;6.8165;0.0000;-778.2000;0.0000;6.8165;1.0000;0.0000;0.0000;0.0000;0.0000
1071;615.93;776.8500;58285.3000;54904.5500;54127.7000;94.1213;0.0263;0.0000;-776.8500;0.0000;6.8165;0.0000;-776.8500;0.0000;6.8165;1.0000;0.0000;0.0000;0.0000;0.0000
1072;616.24;801.2500;58237.2500;55594.9500;54793.7000;95.3996;0.0205;0.0000;-801.2500;0.0000;6.8165;0.0000;-801.2500;0.0000;6.8165;1.0000;0.0000;0.0000;0.0000;0.0000
1073;616.55;798.0500;57921.8500;55770.7000;54972.6500;96.2342;0.0167;0.0000;-798.0500;0.0000;6.8165;0.0000;-798.0500;0.0000;6.8165;1.0000;0.0000;0.0000;0.0000;0.0000
1074;616.86;783.4000;57406.4500;56122.8000;55339.4000;97.7330;0.0100;0.0000;-783.4000;0.0000;6.8165;0.0000;-783.4000;0.0000;6.8165;1.0000;0.0000;0.0000;0.0000;0.0000
1075;617.16;800.0500;56977.2500;55675.2500;54875.2000;97.6823;0.0102;0.0000;-800.0500;0.0000;6.8165;0.0000;-800.0500;0.0000;6.8165;1.0000;0.0000;0.0000;0.0000;0.0000
1076;617.47;797.5500;57022.1000;55822.4500;55024.9000;97.8663;0.0094;0.0000;-797.5500;0.0000;6.8165;0.0000;-797.5500;0.0000;6.8165;1.0000;0.0000;0.0000;0.0000;0.0000
1077;617.78;778.7000;57829.3500;56514.9000;55736.2000;97.6960;0.0101;0.0000;-778.7000;0.0000;6.8165;0.0000;-778.7000;0.0000;6.8165;1.0000;0.0000;0.0000;0.0000;0.0000
1078;618.09;788.2500;57513.9000;56677.4500;55889.2000;98.5254;0.0065;0.0000;-788.2500;0.0000;6.8165;0.0000;-788.2500;0.0000;6.8165;1.0000;0.0000;0.0000;0.0000;0.0000
1079;618.40;786.4000;57859.2000;57111.9000;56325.5000;98.6906;0.0057;0.0000;-786.4000;0.0000;6.8165;0.0000;-786.4000;0.0000;6.8165;1.0000;0.0000;0.0000;0.0000;0.0000
1080;618.70;796.4500;57960.0500;56716.1000;55919.6500;97.8239;0.0096;0.0000;-796.4500;0.0000;6.8165;0.0000;-796.4500;0.0000;6.8165;1.0000;0.0000;0.0000;0.0000;0.0000
1081;619.01;776.3500;57610.4000;57037.3500;56261.0000;98.9917;0.0044;0.0000;-776.3500;0.0000;6.8165;0.0000;-776.3500;0.0000;6.8165;1.0000;0.0000;0.0000;0.0000;0.0000
1082;619.32;783.0000;57864.4500;57130.1000;56347.1000;98.7135;0.0056;0.0000;-783.0000;0.0000;6.8165;0.0000;-783.0000;0.0000;6.8165;1.0000;0.0000;0.0000;0.0000;0.0000
1083;619.63;800.0500;57891.0500;57363.6500;56563.6000;99.0762;0.0040;0.0000;-800.0500;0.0000;6.8165;0.0000;-800.0500;0.0000;6.8165;1.0000;0.0000;0.0000;0.0000;0.0000
1084;619.93;785.6000;57895.9000;56930.1500;56144.5500;98.3090;0.0074;0.0000;-785.6000;0.0000;6.8165;0.0000;-785.6000;0.0000;6.8165;1.0000;0.0000;0.0000;0.0000;0.0000
1085;620.24;800.9000;58177.5500;56801.3000;56000.4000;97.6014;0.0105;0.0000;-800.9000;0.0000;6.8165;0.0000;-800.9000;0.0000;6.8165;1.0000;0.0000;0.0000;0.0000;0.0000
1086;620.55;778.8000;58077.9000;56575.5000;55796.7000;97.3780;0.0115;0.0000;-778.8000;0.0000;6.8165;0.0000;-778.8000;0.0000;6.8165;1.0000;0.0000;0.0000;0.0000;0.0000
1087;620.85;789.4500;57997.9000;56793.2000;56003.7500;97.8942;0.0092;0.0000;-789.4500;0.0000;6.8165;0.0000;-789.4500;0.0000;6.8165;1.0000;0.0000;0.0000;0.0000;0.0000
1088;621.16;792.6500;57398.4000;56652.8000;55860.1500;98.6828;0.0058;0.0000;-792.6500;0.0000;6.8165;0.0000;-792.6500;0.0000;6.8165;1.0000;0.0000;0.0000;0.0000;0.0000
1089;621.47;794.9000;56974.1000;56375.2500;55580.3500;98.9340;0.0047;0.0000;-794.9000;0.0000;6.8165;0.0000;-794.9000;0.0000;6.8165;1.0000;0.0000;0.0000;0.0000;0.0000
1090;621.77;797.1500;57448.9500;55986.3500;55189.2000;97.4183;0.0114;0.0000;-797.1500;0.0000;6.8165;0.0000;-797.1500;0.0000;6.8165;1.0000;0.0000;0.0000;0.0000;0.0000
1091;622.08;795.3500;57759.5500;56432.8500;55637.5000;97.6710;0.0102;0.0000;-795.3500;0.0000;6.8165;0.0000;-795.3500;0.0000;6.8165;1.0000;0.0000;0.0000;0.0000;0.0000
1092;622.39;797.4000;57200.2000;55515.5000;54718.1000;97.0131;0.0132;0.0000;-797.4000;0.0000;6.8165;0.0000;-797.4000;0.0000;6.8165;1.0000;0.0000;0.0000;0.0000;0.0000
1093;622.69;785.3000;57231.0500;55137.7500;54352.4500;96.2915;0.0164;0.0000;-785.3000;0.0000;6.8165;0.0000;-785.3000;0.0000;6.8165;1.0000;0.0000;0.0000;0.0000;0.0000
1094;623.00;789.6500;56762.9500;54642.3000;53852.6500;96.2113;0.0168;0.0000;-789.6500;0.0000;6.8165;0.0000;-789.6500;0.0000;6.8165;1.0000;0.0000;0.0000;0.0000;0.0000
1095;623.31;774.4500;56953.5000;54965.2500;54190.8000;96.4609;0.0156;0.0000;-774.4500;0.0000;6.8165;0.0000;-774.4500;0.0000;6.8165;1.0000;0.0000;0.0000;0.0000;0.0000
1096;623.61;788.3000;56918.1500;55467.6500;54679.3500;97.4158;0.0114;0.0000;-788.3000;0.0000;6.8165;0.0000;-788.3000;0.0000;6.8165;1.0000;0.0000;0.0000;0.0000;0.0000
1097;623.92;795.8000;57124.1500;55615.4000;54819.6000;97.3215;0.0118;0.0000;-795.8000;0.0000;6.8165;0.0000;-795.8000;0.0000;6.8165;1.0000;0.0000;0.0000;0.0000;0.0000
1098;624.22;788.8500;56770.7000;55537.5500;54748.7000;97.7972;0.0097;0.0000;-788.8500;0.0000;6.8165;0.0000;-788.8500;0.0000;6.8165;1.0000;0.0000;0.0000;0.0000;0.0000
1099;624.53;776.5500;57394.1000;55168.5500;54392.0000;96.0692;0.0174;0.0000;-776.5500;0.0000;6.8165;0.0000;-776.5500;0.0000;6.8165;1.0000;0.0000;0.0000;0.0000;0.0000
1100;624.84;778.5000;56673.5000;54833.9500;54055.4500;96.7089;0.0145;0.0000;-778.5000;0.0000;6.8165;0.0000;-778.5000;0.0000;6.8165;1.0000;0.0000;0.0000;0.0000;0.0000
1101;625.14;787.6000;56336.5500;54226.1000;53438.5000;96.2007;0.0168;0.0000;-787.6000;0.0000;6.8165;0.0000;-787.6000;0.0000;6.8165;1.0000;0.0000;0.0000;0.0000;0.0000
1102;625.45;783.2000;56216.9000;54186.4500;53403.2500;96.3372;0.0162;0.0000;-783.2000;0.0000;6.8165;0.0000;-783.2000;0.0000;6.8165;1.0000;0.0000;0.0000;0.0000;0.0000
1103;625.75;787.7500;56371.9000;54500.2000;53712.4500;96.6327;0.0149;0.0000;-787.7500;0.0000;6.8165;0.0000;-787.7500;0.0000;6.8165;1.0000;0.0000;0.0000;0.0000;0.0000
1104;626.06;802.5500;56777.1000;54377.0000;53574.4500;95.7122;0.0190;0.0000;-802.5500;0.0000;6.8165;0.0000;-802.5500;0.0000;6.8165;1.0000;0.0000;0.0000;0.0000;0.0000
1105;626.36;796.7500;56934.4000;54364.1500;53567.4000;95.4215;0.0204;0.0000;-796.7500;0.0000;6.8165;0.0000;-796.7500;0.0000;6.8165;1.0000;0.0000;0.0000;0.0000;0.0000
1106;626.67;778.2000;56563.5000;54829.7500;54051.5500;96.8921;0.0137;0.0000;-778.2000;0.0000;6.8165;0.0000;-778.2000;0.0000;6.8165;1.0000;0.0000;0.0000;0.0000;0.0000
1107;626.97;789.4000;55862.1000;54473.6500;53684.2500;97.4789;0.0111;0.0000;-789.4000;0.0000;6.8165;0.0000;-789.4000;0.0000;6.8165;1.0000;0.0000;0.0000;0.0000;0.0000
1108;627.28;801.6500;55263.3000;54118.2000;53316.5500;97.8974;0.0092;0.0000;-801.6500;0.0000;6.8165;0.0000;-801.6500;0.0000;6.8165;1.0000;0.0000;0.0000;0.0000;0.0000
1109;627.58;798.2000;55259.0000;53759.0500;52960.8500;97.2458;0.0121;0.0000;-798.2000;0.0000;6.8165;0.0000;-798.2000;0.0000;6.8165;1.0000;0.0000;0.0000;0.0000;0.0000
1110;627.89;790.0000;55282.8500;53795.1000;53005.1000;97.2698;0.0120;0.0000;-790.0000;0.0000;6.8165;0.0000;-790.0000;0.0000;6.8165;1.0000;0.0000;0.0000;0.0000;0.0000
1111;628.19;797.9000;55206.4000;52874.0000;52076.1000;95.7132;0.0190;0.0000;-797.9000;0.0000;6.8165;0.0000;-797.9000;0.0000;6.8165;1.0000;0.0000;0.0000;0.0000;0.0000
1112;628.50;783.7500;55496.1000;52927.0500;52143.3000;95.3044;0.0209;0.0000;-783.7500;0.0000;6.8165;0.0000;-783.7500;0.0000;6.8165;1.0000;0.0000;0.0000;0.0000;0.0000
1113;628.80;776.8000;55504.3000;53292.3000;52515.5000;95.9582;0.0179;0.0000;-776.8000;0.0000;6.8165;0.0000;-776.8000;0.0000;6.8165;1.0000;0.0000;0.0000;0.0000;0.0000
1114;629.11;790.6500;55213.7000;52942.7000;52152.0500;95.8271;0.0185;0.0000;-790.6500;0.0000;6.8165;0.0000;-790.6500;0.0000;6.8165;1.0000;0.0000;0.0000;0.0000;0.0000
1115;629.41;778.0000;54923.1500;52885.8500;52107.8500;96.2373;0.0167;0.0000;-778.0000;0.0000;6.8165;0.0000;-778.0000;0.0000;6.8165;1.0000;0.0000;0.0000;0.0000;0.0000
1116;629.71;792.7500;54606.0000;52665.0500;51872.3000;96.3932;0.0160;0.0000;-792.7500;0.0000;6.8165;0.0000;-792.7500;0.0000;6.8165;1.0000;0.0000;0.0000;0.0000;0.0000
1117;630.02;777.5000;54384.0500;52730.5500;51953.0500;96.9155;0.0136;0.0000;-777.5000;0.0000;6.8165;0.0000;-777.5000;0.0000;6.8165;1.0000;0.0000;0.0000;0.0000;0.0000
1118;630.32;787.3500;54753.2000;52751.0500;51963.7000;96.2900;0.0164;0.0000;-787.3500;0.0000;6.8165;0.0000;-787.3500;0.0000;6.8165;1.0000;0.0000;0.0000;0.0000;0.0000
1119;630.63;779.7500;55083.2000;52498.6000;51718.8500;95.2404;0.0212;0.0000;-779.7500;0.0000;6.8165;0.0000;-779.7500;0.0000;6.8165;1.0000;0.0000;0.0000;0.0000;0.0000
1120;630.93;789.3500;55426.4500;52727.9500;51938.6000;95.0610;0.0220;0.0000;-789.3500;0.0000;6.8165;0.0000;-789.3500;0.0000;6.8165;1.0000;0.0000;0.0000;0.0000;0.0000
1121;631.23;801.3000;55699.1500;52747.8500;51946.5500;94.6240;0.0240;0.0000;-801.3000;0.0000;6.8165;0.0000;-801.3000;0.0000;6.8165;1.0000;0.0000;0.0000;0.0000;0.0000
1122;631.54;803.5000;54984.4500;52635.2500;51831.7500;95.6642;0.0193;0.0000;-803.5000;0.0000;6.8165;0.0000;-803.5000;0.0000;6.8165;1.0000;0.0000;0.0000;0.0000;0.0000
1123;631.84;790.6500;54515.8500;52150.8000;51360.1500;95.5979;0.0196;0.0000;-790.6500;0.0000;6.8165;0.0000;-790.6500;0.0000;6.8165;1.0000;0.0000;0.0000;0.0000;0.0000
1124;632.14;783.1500;54560.6500;52457.9500;51674.8000;96.0900;0.0173;0.0000;-783.1500;0.0000;6.8165;0.0000;-783.1500;0.0000;6.8165;1.0000;0.0000;0.0000;0.0000;0.0000
1125;632.45;783.4000;54435.1500;52547.1500;51763.7500;96.4810;0.0156;0.0000;-783.4000;0.0000;6.8165;0.0000;-783.4000;0.0000;6.8165;1.0000;0.0000;0.0000;0.0000;0.0000
1126;632.75;799.2000;54817.4000;53084.9000;52285.7000;96.7927;0.0142;0.0000;-799.2000;0.0000;6.8165;0.0000;-799.2000;0.0000;6.8165;1.0000;0.0000;0.0000;0.0000;0.0000
1127;633.05;774.7500;54528.0000;52574.5500;51799.8000;96.3659;0.0161;0.0000;-774.7500;0.0000;6.8165;0.0000;-774.7500;0.0000;6.8165;1.0000;0.0000;0.0000;0.0000;0.0000
1128;633.36;794.4500;54583.8500;52997.4000;52202.9500;97.0506;0.0130;0.0000;-794.4500;0.0000;6.8165;0.0000;-794.4500;0.0000;6.8165;1.0000;0.0000;0.0000;0.0000;0.0000
1129;633.66;778.1500;53759.4000;52295.6000;51517.4500;97.2371;0.0122;0.0000;-778.1500;0.0000;6.8165;0.0000;-778.1500;0.0000;6.8165;1.0000;0.0000;0.0000;0.0000;0.0000
1130;633.96;787.0500;53151.5500;51792.7500;51005.7000;97.4051;0.0114;0.0000;-787.0500;0.0000;6.8165;0.0000;-787.0500;0.0000;6.8165;1.0000;0.0000;0.0000;0.0000;0.0000
1131;634.27;790.0000;53471.1500;52029.8000;51239.8000;97.2640;0.0120;0.0000;-790.0000;0.0000;6.8165;0.0000;-790.0000;0.0000;6.8165;1.0000;0.0000;0.0000;0.0000;0.0000
1132;634.57;784.6500;53483.8000;51843.1000;51058.4500;96.8867;0.0137;0.0000;-784.6500;0.0000;6.8165;0.0000;-784.6500;0.0000;6.8165;1.0000;0.0000;0.0000;0.0000;0.0000
1133;634.87;790.9000;53711.9500;51761.8500;50970.9500;96.3151;0.0163;0.0000;-790.9000;0.0000;6.8165;0.0000;-790.9000;0.0000;6.8165;1.0000;0.0000;0.0000;0.0000;0.0000
1134;635.17;780.3000;54064.1000;52516.7500;51736.4500;97.0960;0.0128;0.0000;-780.3000;0.0000;6.8165;0.0000;-780.3000;0.0000;6.8165;1.0000;0.0000;0.0000;0.0000;0.0000
1135;635.48;782.1000;54299.5000;52144.0500;51361.9500;95.9724;0.0179;0.0000;-782.1000;0.0000;6.8165;0.0000;-782.1000;0.0000;6.8165;1.0000;0.0000;0.0000;0.0000;0.0000
1136;635.78;782.0500;53961.9500;52254.4000;51472.3500;96.7891;0.0142;0.0000;-782.0500;0.0000;6.8165;0.0000;-782.0500;0.0000;6.8165;1.0000;0.0000;0.0000;0.0000;0.0000
1137;636.08;796.3000;52904.2000;51809.3500;51013.0500;97.8989;0.0092;0.0000;-796.3000;0.0000;6.8165;0.0000;-796.3000;0.0000;6.8165;1.0000;0.0000;0.0000;0.0000;0.0000
1138;636.38;791.3500;52584.5000;51408.9500;50617.6000;97.7303;0.0100;0.0000;-791.3500;0.0000;6.8165;0.0000;-791.3500;0.0000;6.8165;1.0000;0.0000;0.0000;0.0000;0.0000
1139;636.68;782.3500;52214.7000;51478.0500;50695.7000;98.5677;0.0063;0.0000;-782.3500;0.0000;6.8165;0.0000;-782.3500;0.0000;6.8165;1.0000;0.0000;0.0000;0.0000;0.0000
1140;636.99;783.2500;52262.1500;51867.0500;51083.8000;99.2325;0.0033;0.0000;-783.2500;0.0000;6.8165;0.0000;-783.2500;0.0000;6.8165;1.0000;0.0000;0.0000;0.0000;0.0000
1141;637.29;801.3500;52727.2000;52021.8000;51220.4500;98.6415;0.0059;0.0000;-801.3500;0.0000;6.8165;0.0000;-801.3500;0.0000;6.8165;1.0000;0.0000;0.0000;0.0000;0.0000
1142;637.59;800.2000;53921.1000;52272.5000;51472.3000;96.8965;0.0137;0.0000;-800.2000;0.0000;6.8165;0.0000;-800.2000;0.0000;6.8165;1.0000;0.0000;0.0000;0.0000;0.0000
1143;637.89;775.7500;53743.2000;52098.0500;51322.3000;96.8940;0.0137;0.0000;-775.7500;0.0000;6.8165;0.0000;-775.7500;0.0000;6.8165;1.0000;0.0000;0.0000;0.0000;0.0000
1144;638.19;785.2000;53105.6000;51864.9000;51079.7000;97.6286;0.0104;0.0000;-785.2000;0.0000;6.8165;0.0000;-785.2000;0.0000;6.8165;1.0000;0.0000;0.0000;0.0000;0.0000
1145;638.49;799.2500;52745.1500;51283.2500;50484.0000;97.1857;0.0124;0.0000;-799.2500;0.0000;6.8165;0.0000;-799.2500;0.0000;6.8165;1.0000;0.0000;0.0000;0.0000;0.0000
1146;638.80;794.9000;52996.7500;51394.7500;50599.8500;96.9311;0.0135;0.0000;-794.9000;0.0000;6.8165;0.0000;-794.9000;0.0000;6.8165;1.0000;0.0000;0.0000;0.0000;0.0000
1147;639.10;788.2500;52790.5500;51110.8000;50322.5500;96.7699;0.0143;0.0000;-788.2500;0.0000;6.8165;0.0000;-788.2500;0.0000;6.8165;1.0000;0.0000;0.0000;0.0000;0.0000
1148;639.40;786.8500;52518.0000;51260.0500;50473.2000;97.5683;0.0107;0.0000;-786.8500;0.0000;6.8165;0.0000;-786.8500;0.0000;6.8165;1.0000;0.0000;0.0000;0.0000;0.0000
1149;639.70;782.3500;52377.4500;51134.3000;50351.9500;97.5906;0.0106;0.0000;-782.3500;0.0000;6.8165;0.0000;-782.3500;0.0000;6.8165;1.0000;0.0000;0.0000;0.0000;0.0000
1150;640.00;784.2500;52319.0500;51094.4500;50310.2000;97.6237;0.0104;0.0000;-784.2500;0.0000;6.8165;0.0000;-784.2500;0.0000;6.8165;1.0000;0.0000;0.0000;0.0000;0.0000
1151;640.30;787.8000;52464.4000;51165.7000;50377.9000;97.4869;0.0111;0.0000;-787.8000;0.0000;6.8165;0.0000;-787.8000;0.0000;6.8165;1.0000;0.0000;0.0000;0.0000;0.0000
1152;640.60;796.0000;51817.8500;50608.4000;49812.4000;97.6295;0.0104;0.0000;-796.0000;0.0000;6.8165;0.0000;-796.0000;0.0000;6.8165;1.0000;0.0000;0.0000;0.0000;0.0000
1153;640.90;788.2500;52417.0500;50546.9500;49758.7000;96.3778;0.0160;0.0000;-788.2500;0.0000;6.8165;0.0000;-788.2500;0.0000;6.8165;1.0000;0.0000;0.0000;0.0000;0.0000
1154;641.20;783.0500;52130.9500;50505.0000;49721.9500;96.8335;0.0140;0.0000;-783.0500;0.0000;6.8165;0.0000;-783.0500;0.0000;6.8165;1.0000;0.0000;0.0000;0.0000;0.0000
1155;641.50;791.6500;52603.6000;50404.2500;49612.6000;95.7551;0.0188;0.0000;-791.6500;0.0000;6.8165;0.0000;-791.6500;0.0000;6.8165;1.0000;0.0000;0.0000;0.0000;0.0000
1156;641.80;793.2000;52533.3000;51037.2500;50244.0500;97.1085;0.0127;0.0000;-793.2000;0.0000;6.8165;0.0000;-793.2000;0.0000;6.8165;1.0000;0.0000;0.0000;0.0000;0.0000
1157;642.10;804.1000;52310.6500;51194.0500;50389.9500;97.8321;0.0095;0.0000;-804.1000;0.0000;6.8165;0.0000;-804.1000;0.0000;6.8165;1.0000;0.0000;0.0000;0.0000;0.0000
1158;642.40;783.3500;52025.1000;50597.5500;49814.2000;97.2141;0.0123;0.0000;-783.3500;0.0000;6.8165;0.0000;-783.3500;0.0000;6.8165;1.0000;0.0000;0.0000;0.0000;0.0000
1159;642.70;786.4500;51638.2500;50173.7000;49387.2500;97.1200;0.0127;0.0000;-786.4500;0.0000;6.8165;0.0000;-786.4500;0.0000;6.8165;1.0000;0.0000;0.0000;0.0000;0.0000
1160;643.00;793.9500;51318.5000;50196.7500;49402.8000;97.7798;0.0098;0.0000;-793.9500;0.0000;6.8165;0.0000;-793.9500;0.0000;6.8165;1.0000;0.0000;0.0000;0.0000;0.0000
1161;643.30;797.3500;51325.8000;50546.1000;49748.7500;98.4569;0.0068;0.0000;-797.3500;0.0000;6.8165;0.0000;-797.3500;0.0000;6.8165;1.0000;0.0000;0.0000;0.0000;0.0000
1162;643.60;784.9000;51280.5000;50325.4000;49540.5000;98.1085;0.0083;0.0000;-784.9000;0.0000;6.8165;0.0000;-784.9000;0.0000;6.8165;1.0000;0.0000;0.0000;0.0000;0.0000
1163;643.90;793.8000;51321.8500;49861.0000;49067.2000;97.1088;0.0127;0.0000;-793.8000;0.0000;6.8165;0.0000;-793.8000;0.0000;6.8165;1.0000;0.0000;0.0000;0.0000;0.0000
1164;644.20;788.8000;52002.2000;50242.4000;49453.6000;96.5638;0.0152;0.0000;-788.8000;0.0000;6.8165;0.0000;-788.8000;0.0000;6.8165;1.0000;0.0000;0.0000;0.0000;0.0000
1165;644.50;794.3000;51934.9500;50363.8000;49569.5000;96.9278;0.0136;0.0000;-794.3000;0.0000;6.8165;0.0000;-794.3000;0.0000;6.8165;1.0000;0.0000;0.0000;0.0000;0.0000
1166;644.80;780.6500;51297.6500;49888.6000;49107.9500;97.2107;0.0123;0.0000;-780.6500;0.0000;6.8165;0.0000;-780.6500;0.0000;6.8165;1.0000;0.0000;0.0000;0.0000;0.0000
1167;645.10;786.8500;50813.5500;49235.7000;48448.8500;96.8460;0.0139;0.0000;-786.8500;0.0000;6.8165;0.0000;-786.8500;0.0000;6.8165;1.0000;0.0000;0.0000;0.0000;0.0000
1168;645.40;790.4500;50513.9000;49778.8000;48988.3500;98.5216;0.0065;0.0000;-790.4500;0.0000;6.8165;0.0000;-790.4500;0.0000;6.8165;1.0000;0.0000;0.0000;0.0000;0.0000
1169;645.70;784.3500;50875.4500;50296.9500;49512.6000;98.8451;0.0050;0.0000;-784.3500;0.0000;6.8165;0.0000;-784.3500;0.0000;6.8165;1.0000;0.0000;0.0000;0.0000;0.0000
1170;646.00;774.0000;50802.2500;49749.3500;48975.3500;97.8954;0.0092;0.0000;-774.0000;0.0000;6.8165;0.0000;-774.0000;0.0000;6.8165;1.0000;0.0000;0.0000;0.0000;0.0000
1171;646.30;784.4000;51372.4500;50416.5500;49632.1500;98.1104;0.0083;0.0000;-784.4000;0.0000;6.8165;0.0000;-784.4000;0.0000;6.8165;1.0000;0.0000;0.0000;0.0000;0.0000
1172;646.59;787.5500;51297.3000;50333.4000;49545.8500;98.0917;0.0084;0.0000;-787.5500;0.0000;6.8165;0.0000;-787.5500;0.0000;6.8165;1.0000;0.0000;0.0000;0.0000;0.0000
1173;646.89;778.5000;51601.3000;50661.7500;49883.2500;98.1513;0.0081;0.0000;-778.5000;0.0000;6.8165;0.0000;-778.5000;0.0000;6.8165;1.0000;0.0000;0.0000;0.0000;0.0000
1174;647.19;795.8000;51967.2500;50157.7000;49361.9000;96.4638;0.0156;0.0000;-795.8000;0.0000;6.8165;0.0000;-795.8000;0.0000;6.8165;1.0000;0.0000;0.0000;0.0000;0.0000
1175;647.49;795.9000;51545.4500;49796.0500;49000.1500;96.5529;0.0152;0.0000;-795.9000;0.0000;6.8165;0.0000;-795.9000;0.0000;6.8165;1.0000;0.0000;0.0000;0.0000;0.0000
1176;647.79;778.0000;50860.8000;49887.1000;49109.1000;98.0558;0.0085;0.0000;-778.0000;0.0000;6.8165;0.0000;-778.0000;0.0000;6.8165;1.0000;0.0000;0.0000;0.0000;0.0000
1177;648.09;784.4500;50440.3000;49595.2500;48810.8000;98.2982;0.0075;0.0000;-784.4500;0.0000;6.8165;0.0000;-784.4500;0.0000;6.8165;1.0000;0.0000;0.0000;0.0000;0.0000
1178;648.39;780.3500;51211.6000;50113.9000;49333.5500;97.8234;0.0096;0.0000;-780.3500;0.0000;6.8165;0.0000;-780.3500;0.0000;6.8165;1.0000;0.0000;0.0000;0.0000;0.0000
1179;648.68;792.1500;51226.7000;50235.8500;49443.7000;98.0354;0.0086;0.0000;-792.1500;0.0000;6.8165;0.0000;-792.1500;0.0000;6.8165;1.0000;0.0000;0.0000;0.0000;0.0000
1180;648.98;810.9500;50878.7000;49795.7000;48984.7500;97.8369;0.0095;0.0000;-810.9500;0.0000;6.8165;0.0000;-810.9500;0.0000;6.8165;1.0000;0.0000;0.0000;0.0000;0.0000
1181;649.28;791.9000;51350.3500;50135.4000;49343.5000;97.5969;0.0106;0.0000;-791.9000;0.0000;6.8165;0.0000;-791.9000;0.0000;6.8165;1.0000;0.0000;0.0000;0.0000;0.0000
1182;649.58;775.2000;51291.6500;49820.8000;49045.6000;97.0884;0.0128;0.0000;-775.2000;0.0000;6.8165;0.0000;-775.2000;0.0000;6.8165;1.0000;0.0000;0.0000;0.0000;0.0000
1183;649.87;779.7000;50840.5000;49545.7500;48766.0500;97.4136;0.0114;0.0000;-779.7000;0.0000;6.8165;0.0000;-779.7000;0.0000;6.8165;1.0000;0.0000;0.0000;0.0000;0.0000
1184;650.17;788.1000;50631.2000;49442.8500;48654.7500;97.6158;0.0105;0.0000;-788.1000;0.0000;6.8165;0.0000;-788.1000;0.0000;6.8165;1.0000;0.0000;0.0000;0.0000;0.0000
1185;650.47;786.4500;50353.9000;49420.5500;48634.1000;98.1170;0.0083;0.0000;-786.4500;0.0000;6.8165;0.0000;-786.4500;0.0000;6.8165;1.0000;0.0000;0.0000;0.0000;0.0000
1186;650.77;777.0500;50181.1000;49290.4000;48513.3500;98.1971;0.0079;0.0000;-777.0500;0.0000;6.8165;0.0000;-777.0500;0.0000;6.8165;1.0000;0.0000;0.0000;0.0000;0.0000
1187;651.06;796.5000;50281.0000;49231.8000;48435.3000;97.8797;0.0093;0.0000;-796.5000;0.0000;6.8165;0.0000;-796.5000;0.0000;6.8165;1.0000;0.0000;0.0000;0.0000;0.0000
1188;651.36;802.2000;50261.7500;49135.8000;48333.6000;97.7235;0.0100;0.0000;-802.2000;0.0000;6.8165;0.0000;-802.2000;0.0000;6.8165;1.0000;0.0000;0.0000;0.0000;0.0000
1189;651.66;777.8000;50554.6000;49327.4000;48549.6000;97.5346;0.0108;0.0000;-777.8000;0.0000;6.8165;0.0000;-777.8000;0.0000;6.8165;1.0000;0.0000;0.0000;0.0000;0.0000
1190;651.96;786.3000;50827.0500;49129.7000;48343.4000;96.6081;0.0150;0.0000;-786.3000;0.0000;6.8165;0.0000;-786.3000;0.0000;6.8165;1.0000;0.0000;0.0000;0.0000;0.0000
1191;652.25;791.0000;50060.0500;48283.1000;47492.1000;96.3934;0.0160;0.0000;-791.0000;0.0000;6.8165;0.0000;-791.0000;0.0000;6.8165;1.0000;0.0000;0.0000;0.0000;0.0000
1192;652.55;793.0000;49219.4500;48025.7500;47232.7500;97.5350;0.0108;0.0000;-793.0000;0.0000;6.8165;0.0000;-793.0000;0.0000;6.8165;1.0000;0.0000;0.0000;0.0000;0.0000
1193;652.85;783.3500;48552.2500;47561.9500;46778.6000;97.9269;0.0091;0.0000;-783.3500;0.0000;6.8165;0.0000;-783.3500;0.0000;6.8165;1.0000;0.0000;0.0000;0.0000;0.0000
1194;653.14;791.3500;48386.4500;46963.9000;46172.5500;97.0111;0.0132;0.0000;-791.3500;0.0000;6.8165;0.0000;-791.3500;0.0000;6.8165;1.0000;0.0000;0.0000;0.0000;0.0000
1195;653.44;795.1000;48166.4500;46671.3500;45876.2500;96.8439;0.0139;0.0000;-795.1000;0.0000;6.8165;0.0000;-795.1000;0.0000;6.8165;1.0000;0.0000;0.0000;0.0000;0.0000
1196;653.74;787.0500;48645.4500;46879.4500;46092.4000;96.3099;0.0163;0.0000;-787.0500;0.0000;6.8165;0.0000;-787.0500;0.0000;6.8165;1.0000;0.0000;0.0000;0.0000;0.0000
1197;654.03;781.8500;48721.5000;47154.1000;46372.2500;96.7305;0.0144;0.0000;-781.8500;0.0000;6.8165;0.0000;-781.8500;0.0000;6.8165;1.0000;0.0000;0.0000;0.0000;0.0000
1198;654.33;792.4500;48119.4500;46906.7000;46114.2500;97.4375;0.0113;0.0000;-792.4500;0.0000;6.8165;0.0000;-792.4500;0.0000;6.8165;1.0000;0.0000;0.0000;0.0000;0.0000
1199;654.62;780.9000;48225.8500;47134.9000;46354.0000;97.7006;0.0101;0.0000;-780.9000;0.0000;6.8165;0.0000;-780.9000;0.0000;6.8165;1.0000;0.0000;0.0000;0.0000;0.0000
1200;654.92;779.6500;48033.4000;46787.7500;46008.1000;97.3639;0.0116;0.0000;-779.6500;0.0000;6.8165;0.0000;-779.6500;0.0000;6.8165;1.0000;0.0000;0.0000;0.0000;0.0000
1201;655.22;787.2000;47664.4500;45993.0500;45205.8500;96.4345;0.0158;0.0000;-787.2000;0.0000;6.8165;0.0000;-787.2000;0.0000;6.8165;1.0000;0.0000;0.0000;0.0000;0.0000
1202;655.51;798.7000;47671.4500;46511.9500;45713.2500;97.5263;0.0109;0.0000;-798.7000;0.0000;6.8165;0.0000;-798.7000;0.0000;6.8165;1.0000;0.0000;0.0000;0.0000;0.0000
1203;655.81;781.7500;47371.8500;46656.2500;45874.5000;98.4641;0.0067;0.0000;-781.7500;0.0000;6.8165;0.0000;-781.7500;0.0000;6.8165;1.0000;0.0000;0.0000;0.0000;0.0000
1204;656.10;792.4000;47434.3500;46490.7000;45698.3000;97.9768;0.0089;0.0000;-792.4000;0.0000;6.8165;0.0000;-792.4000;0.0000;6.8165;1.0000;0.0000;0.0000;0.0000;0.0000
1205;656.40;803.1500;47375.6000;46332.4500;45529.3000;97.7602;0.0098;0.0000;-803.1500;0.0000;6.8165;0.0000;-803.1500;0.0000;6.8165;1.0000;0.0000;0.0000;0.0000;0.0000
1206;656.69;789.7000;47986.9500;46840.6000;46050.9000;97.5712;0.0107;0.0000;-789.7000;0.0000;6.8165;0.0000;-789.7000;0.0000;6.8165;1.0000;0.0000;0.0000;0.0000;0.0000
1207;656.99;787.8500;47694.0000;46556.2000;45768.3500;97.5743;0.0107;0.0000;-787.8500;0.0000;6.8165;0.0000;-787.8500;0.0000;6.8165;1.0000;0.0000;0.0000;0.0000;0.0000
1208;657.29;782.7500;47420.4000;46296.8500;45514.1000;97.5909;0.0106;0.0000;-782.7500;0.0000;6.8165;0.0000;-782.7500;0.0000;6.8165;1.0000;0.0000;0.0000;0.0000;0.0000
1209;657.58;783.2500;47251.6000;46071.4000;45288.1500;97.4602;0.0112;0.0000;-783.2500;0.0000;6.8165;0.0000;-783.2500;0.0000;6.8165;1.0000;0.0000;0.0000;0.0000;0.0000
1210;657.88;803.3500;46928.5000;45894.3500;45091.0000;97.7579;0.0098;0.0000;-803.3500;0.0000;6.8165;0.0000;-803.3500;0.0000;6.8165;1.0000;0.0000;0.0000;0.0000;0.0000
1211;658.17;787.7000;46545.4500;45716.5500;44928.8500;98.1885;0.0079;0.0000;-787.7000;0.0000;6.8165;0.0000;-787.7000;0.0000;6.8165;1.0000;0.0000;0.0000;0.0000;0.0000
1212;658.47;779.0000;46824.1500;45777.2000;44998.2000;97.7263;0.0100;0.0000;-779.0000;0.0000;6.8165;0.0000;-779.0000;0.0000;6.8165;1.0000;0.0000;0.0000;0.0000;0.0000
1213;658.76;801.1000;47067.0500;45890.1000;45089.0000;97.4561;0.0112;0.0000;-801.1000;0.0000;6.8165;0.0000;-801.1000;0.0000;6.8165;1.0000;0.0000;0.0000;0.0000;0.0000
1214;659.05;797.5000;46978.0000;45756.1500;44958.6500;97.3542;0.0116;0.0000;-797.5000;0.0000;6.8165;0.0000;-797.5000;0.0000;6.8165;1.0000;0.0000;0.0000;0.0000;0.0000
1215;659.35;792.2500;46991.4000;45162.6500;44370.4000;96.0416;0.0175;0.0000;-792.2500;0.0000;6.8165;0.0000;-792.2500;0.0000;6.8165;1.0000;0.0000;0.0000;0.0000;0.0000
1216;659.64;805.5000;46695.3500;44894.4000;44088.9000;96.0755;0.0174;0.0000;-805.5000;0.0000;6.8165;0.0000;-805.5000;0.0000;6.8165;1.0000;0.0000;0.0000;0.0000;0.0000
1217;659.94;786.7500;46753.5500;45239.5500;44452.8000;96.7063;0.0145;0.0000;-786.7500;0.0000;6.8165;0.0000;-786.7500;0.0000;6.8165;1.0000;0.0000;0.0000;0.0000;0.0000
1218;660.23;785.4000;46621.8500;45427.0000;44641.6000;97.3932;0.0115;0.0000;-785.4000;0.0000;6.8165;0.0000;-785.4000;0.0000;6.8165;1.0000;0.0000;0.0000;0.0000;0.0000
1219;660.53;778.6500;46148.0000;45336.8500;44558.2000;98.2121;0.0078;0.0000;-778.6500;0.0000;6.8165;0.0000;-778.6500;0.0000;6.8165;1.0000;0.0000;0.0000;0.0000;0.0000
1220;660.82;796.5000;46489.3500;45232.2000;44435.7000;97.2487;0.0121;0.0000;-796.5000;0.0000;6.8165;0.0000;-796.5000;0.0000;6.8165;1.0000;0.0000;0.0000;0.0000;0.0000
1221;661.11;804.0000;46259.7000;45356.9000;44552.9000;98.0139;0.0087;0.0000;-804.0000;0.0000;6.8165;0.0000;-804.0000;0.0000;6.8165;1.0000;0.0000;0.0000;0.0000;0.0000
1222;661.41;789.0500;46556.3500;45429.6500;44640.6000;97.5382;0.0108;0.0000;-789.0500;0.0000;6.8165;0.0000;-789.0500;0.0000;6.8165;1.0000;0.0000;0.0000;0.0000;0.0000
1223;661.70;786.5500;46763.0500;44879.0000;44092.4500;95.9021;0.0182;0.0000;-786.5500;0.0000;6.8165;0.0000;-786.5500;0.0000;6.8165;1.0000;0.0000;0.0000;0.0000;0.0000
1224;662.00;788.8000;46524.3000;44902.6500;44113.8500;96.4543;0.0157;0.0000;-788.8000;0.0000;6.8165;0.0000;-788.8000;0.0000;6.8165;1.0000;0.0000;0.0000;0.0000;0.0000
1225;662.29;793.1500;46730.1000;44972.9000;44179.7500;96.1748;0.0169;0.0000;-793.1500;0.0000;6.8165;0.0000;-793.1500;0.0000;6.8165;1.0000;0.0000;0.0000;0.0000;0.0000
1226;662.58;802.4000;46803.7000;45020.0000;44217.6000;96.1225;0.0172;0.0000;-802.4000;0.0000;6.8165;0.0000;-802.4000;0.0000;6.8165;1.0000;0.0000;0.0000;0.0000;0.0000
1227;662.88;784.3500;46637.3500;45100.9000;44316.5500;96.6492;0.0148;0.0000;-784.3500;0.0000;6.8165;0.0000;-784.3500;0.0000;6.8165;1.0000;0.0000;0.0000;0.0000;0.0000
1228;663.17;790.7500;46509.9000;44861.1500;44070.4000;96.3937;0.0160;0.0000;-790.7500;0.0000;6.8165;0.0000;-790.7500;0.0000;6.8165;1.0000;0.0000;0.0000;0.0000;0.0000
1229;663.46;777.9000;46877.5000;44634.5000;43856.6000;95.1344;0.0217;0.0000;-777.9000;0.0000;6.8165;0.0000;-777.9000;0.0000;6.8165;1.0000;0.0000;0.0000;0.0000;0.0000
1230;663.76;784.7500;46550.6000;44608.5500;43823.8000;95.7566;0.0188;0.0000;-784.7500;0.0000;6.8165;0.0000;-784.7500;0.0000;6.8165;1.0000;0.0000;0.0000;0.0000;0.0000
1231;664.05;775.6500;46326.0000;43917.5500;43141.9000;94.7126;0.0236;0.0000;-775.6500;0.0000;6.8165;0.0000;-775.6500;0.0000;6.8165;1.0000;0.0000;0.0000;0.0000;0.0000
1232;664.34;777.2500;46154.8000;43874.1500;43096.9000;94.9741;0.0224;0.0000;-777.2500;0.0000;6.8165;0.0000;-777.2500;0.0000;6.8165;1.0000;0.0000;0.0000;0.0000;0.0000
1233;664.64;795.9000;46268.3500;44380.8500;43584.9500;95.8491;0.0184;0.0000;-795.9000;0.0000;6.8165;0.0000;-795.9000;0.0000;6.8165;1.0000;0.0000;0.0000;0.0000;0.0000
1234;664.93;790.0000;46627.7000;44913.6500;44123.6500;96.2606;0.0166;0.0000;-790.0000;0.0000;6.8165;0.0000;-790.0000;0.0000;6.8165;1.0000;0.0000;0.0000;0.0000;0.0000
1235;665.22;797.1000;46340.5500;44812.6000;44015.5000;96.6451;0.0148;0.0000;-797.1000;0.0000;6.8165;0.0000;-797.1000;0.0000;6.8165;1.0000;0.0000;0.0000;0.0000;0.0000
1236;665.51;794.4000;46376.4000;44487.8000;43693.4000;95.8567;0.0184;0.0000;-794.4000;0.0000;6.8165;0.0000;-794.4000;0.0000;6.8165;1.0000;0.0000;0.0000;0.0000;0.0000
1237;665.81;780.2000;46542.4000;44268.6500;43488.4500;95.0314;0.0221;0.0000;-780.2000;0.0000;6.8165;0.0000;-780.2000;0.0000;6.8165;1.0000;0.0000;0.0000;0.0000;0.0000
1238;666.10;779.9500;46157.8000;44312.5000;43532.5500;95.9335;0.0180;0.0000;-779.9500;0.0000;6.8165;0.0000;-779.9500;0.0000;6.8165;1.0000;0.0000;0.0000;0.0000;0.0000
1239;666.39;794.0500;45417.6000;43203.0000;42408.9500;95.0371;0.0221;0.0000;-794.0500;0.0000;6.8165;0.0000;-794.0500;0.0000;6.8165;1.0000;0.0000;0.0000;0.0000;0.0000
1240;666.68;781.6000;45491.1500;42909.5000;42127.9000;94.2257;0.0258;0.0000;-781.6000;0.0000;6.8165;0.0000;-781.6000;0.0000;6.8165;1.0000;0.0000;0.0000;0.0000;0.0000
1241;666.97;795.8000;46088.7500;43353.2000;42557.4000;93.9603;0.0271;0.0000;-795.8000;0.0000;6.8165;0.0000;-795.8000;0.0000;6.8165;1.0000;0.0000;0.0000;0.0000;0.0000
1242;667.27;787.8000;46010.5500;43582.5500;42794.7500;94.6310;0.0240;0.0000;-787.8000;0.0000;6.8165;0.0000;-787.8000;0.0000;6.8165;1.0000;0.0000;0.0000;0.0000;0.0000
1243;667.56;792.2500;46027.0500;43796.2000;43003.9500;95.0683;0.0220;0.0000;-792.2500;0.0000;6.8165;0.0000;-792.2500;0.0000;6.8165;1.0000;0.0000;0.0000;0.0000;0.0000
1244;667.85;791.7500;46087.0000;43396.4500;42604.7000;94.0600;0.0266;0.0000;-791.7500;0.0000;6.8165;0.0000;-791.7500;0.0000;6.8165;1.0000;0.0000;0.0000;0.0000;0.0000
1245;668.14;801.1500;46315.2000;43360.8000;42559.6500;93.5088;0.0291;0.0000;-801.1500;0.0000;6.8165;0.0000;-801.1500;0.0000;6.8165;1.0000;0.0000;0.0000;0.0000;0.0000
1246;668.43;795.9500;45646.9500;43035.2000;42239.2500;94.1768;0.0261;0.0000;-795.9500;0.0000;6.8165;0.0000;-795.9500;0.0000;6.8165;1.0000;0.0000;0.0000;0.0000;0.0000
1247;668.72;798.5000;45028.2000;42734.1500;41935.6500;94.8133;0.0231;0.0000;-798.5000;0.0000;6.8165;0.0000;-798.5000;0.0000;6.8165;1.0000;0.0000;0.0000;0.0000;0.0000
1248;669.02;794.3500;45542.1500;42467.7000;41673.3500;93.1294;0.0309;0.0000;-794.3500;0.0000;6.8165;0.0000;-794.3500;0.0000;6.8165;1.0000;0.0000;0.0000;0.0000;0.0000
1249;669.31;785.9000;46039.4500;42335.9500;41550.0500;91.8161;0.0371;0.0000;-785.9000;0.0000;6.8165;0.0000;-785.9000;0.0000;6.8165;1.0000;0.0000;0.0000;0.0000;0.0000
1250;669.60;794.5000;46298.5500;42303.5500;41509.0500;91.2206;0.0399;0.0000;-794.5000;0.0000;6.8165;0.0000;-794.5000;0.0000;6.8165;1.0000;0.0000;0.0000;0.0000;0.0000
1251;669.89;784.8000;46212.3000;42517.2000;41732.4000;91.8659;0.0368;0.0000;-784.8000;0.0000;6.8165;0.0000;-784.8000;0.0000;6.8165;1.0000;0.0000;0.0000;0.0000;0.0000
1252;670.18;781.9000;46224.4000;42730.4500;41948.5500;92.3113;0.0347;0.0000;-781.9000;0.0000;6.8165;0.0000;-781.9000;0.0000;6.8165;1.0000;0.0000;0.0000;0.0000;0.0000
1253;670.47;788.8500;46244.7000;43044.0500;42255.2000;92.9588;0.0317;0.0000;-788.8500;0.0000;6.8165;0.0000;-788.8500;0.0000;6.8165;1.0000;0.0000;0.0000;0.0000;0.0000
1254;670.76;775.6000;45617.0500;42444.1500;41668.5500;92.9242;0.0319;0.0000;-775.6000;0.0000;6.8165;0.0000;-775.6000;0.0000;6.8165;1.0000;0.0000;0.0000;0.0000;0.0000
1255;671.05;787.1000;45372.5000;41469.8500;40682.7500;91.2468;0.0398;0.0000;-787.1000;0.0000;6.8165;0.0000;-787.1000;0.0000;6.8165;1.0000;0.0000;0.0000;0.0000;0.0000
1256;671.34;784.4000;45670.1000;41908.0500;41123.6500;91.6186;0.0380;0.0000;-784.4000;0.0000;6.8165;0.0000;-784.4000;0.0000;6.8165;1.0000;0.0000;0.0000;0.0000;0.0000
1257;671.63;794.1500;45209.7000;41803.3500;41009.2000;92.3307;0.0347;0.0000;-794.1500;0.0000;6.8165;0.0000;-794.1500;0.0000;6.8165;1.0000;0.0000;0.0000;0.0000;0.0000
1258;671.92;783.0500;44960.2500;41394.7000;40611.6500;91.9290;0.0365;0.0000;-783.0500;0.0000;6.8165;0.0000;-783.0500;0.0000;6.8165;1.0000;0.0000;0.0000;0.0000;0.0000
1259;672.21;783.8500;45295.1000;41278.7500;40494.9000;90.9768;0.0411;0.0000;-783.8500;0.0000;6.8165;0.0000;-783.8500;0.0000;6.8165;1.0000;0.0000;0.0000;0.0000;0.0000
1260;672.50;774.4000;46388.6500;41711.9500;40937.5500;89.7473;0.0470;0.0000;-774.4000;0.0000;6.8165;0.0000;-774.4000;0.0000;6.8165;1.0000;0.0000;0.0000;0.0000;0.0000
1261;672.79;779.8000;46696.1000;42474.2500;41694.4500;90.8053;0.0419;0.0000;-779.8000;0.0000;6.8165;0.0000;-779.8000;0.0000;6.8165;1.0000;0.0000;0.0000;0.0000;0.0000
1262;673.08;790.1500;46268.7000;42671.2500;41881.1000;92.0898;0.0358;0.0000;-790.1500;0.0000;6.8165;0.0000;-790.1500;0.0000;6.8165;1.0000;0.0000;0.0000;0.0000;0.0000
1263;673.37;789.9000;45191.8500;41437.2500;40647.3500;91.5441;0.0384;0.0000;-789.9000;0.0000;6.8165;0.0000;-789.9000;0.0000;6.8165;1.0000;0.0000;0.0000;0.0000;0.0000
1264;673.66;783.7000;45170.1000;41137.2000;40353.5000;90.9141;0.0414;0.0000;-783.7000;0.0000;6.8165;0.0000;-783.7000;0.0000;6.8165;1.0000;0.0000;0.0000;0.0000;0.0000
1265;673.95;775.9000;45258.8500;40834.2000;40058.3000;90.0532;0.0455;0.0000;-775.9000;0.0000;6.8165;0.0000;-775.9000;0.0000;6.8165;1.0000;0.0000;0.0000;0.0000;0.0000
1266;674.24;788.5500;44175.8500;40454.5500;39666.0000;91.4231;0.0389;0.0000;-788.5500;0.0000;6.8165;0.0000;-788.5500;0.0000;6.8165;1.0000;0.0000;0.0000;0.0000;0.0000
1267;674.53;779.7500;44240.3000;40298.1500;39518.4000;90.9294;0.0413;0.0000;-779.7500;0.0000;6.8165;0.0000;-779.7500;0.0000;6.8165;1.0000;0.0000;0.0000;0.0000;0.0000
1268;674.82;798.6500;45334.0000;40495.0500;39696.4000;89.1346;0.0500;0.0000;-798.6500;0.0000;6.8165;0.0000;-798.6500;0.0000;6.8165;1.0000;0.0000;0.0000;0.0000;0.0000
1269;675.11;795.5500;45694.3000;41129.2500;40333.7000;89.8326;0.0466;0.0000;-795.5500;0.0000;6.8165;0.0000;-795.5500;0.0000;6.8165;1.0000;0.0000;0.0000;0.0000;0.0000
1270;675.40;794.8000;45613.4000;41914.8000;41120.0000;91.7476;0.0374;0.0000;-794.8000;0.0000;6.8165;0.0000;-794.8000;0.0000;6.8165;1.0000;0.0000;0.0000;0.0000;0.0000
1271;675.69;787.7000;45541.6000;41621.6500;40833.9500;91.2411;0.0398;0.0000;-787.7000;0.0000;6.8165;0.0000;-787.7000;0.0000;6.8165;1.0000;0.0000;0.0000;0.0000;0.0000
1272;675.98;789.5500;45342.9000;41187.7500;40398.2000;90.6738;0.0425;0.0000;-789.5500;0.0000;6.8165;0.0000;-789.5500;0.0000;6.8165;1.0000;0.0000;0.0000;0.0000;0.0000
1273;676.27;783.7000;45199.1000;41310.4500;40526.7500;91.2448;0.0398;0.0000;-783.7000;0.0000;6.8165;0.0000;-783.7000;0.0000;6.8165;1.0000;0.0000;0.0000;0.0000;0.0000
1274;676.56;783.3000;44711.4000;41101.9500;40318.6500;91.7833;0.0372;0.0000;-783.3000;0.0000;6.8165;0.0000;-783.3000;0.0000;6.8165;1.0000;0.0000;0.0000;0.0000;0.0000
1275;676.84;787.1500;44141.3000;40128.1500;39341.0000;90.7433;0.0422;0.0000;-787.1500;0.0000;6.8165;0.0000;-787.1500;0.0000;6.8165;1.0000;0.0000;0.0000;0.0000;0.0000
1276;677.13;780.5500;44883.3000;39391.8000;38611.2500;87.5484;0.0578;0.0000;-780.5500;0.0000;6.8165;0.0000;-780.5500;0.0000;6.8165;1.0000;0.0000;0.0000;0.0000;0.0000
1277;677.42;788.0000;45648.9500;39785.6000;38997.6000;86.9299;0.0608;0.0000;-788.0000;0.0000;6.8165;0.0000;-788.0000;0.0000;6.8165;1.0000;0.0000;0.0000;0.0000;0.0000
1278;677.71;794.7500;45251.4500;40174.2500;39379.5000;88.5794;0.0527;0.0000;-794.7500;0.0000;6.8165;0.0000;-794.7500;0.0000;6.8165;1.0000;0.0000;0.0000;0.0000;0.0000
1279;678.00;786.5000;45149.1000;39950.2500;39163.7500;88.2810;0.0541;0.0000;-786.5000;0.0000;6.8165;0.0000;-786.5000;0.0000;6.8165;1.0000;0.0000;0.0000;0.0000;0.0000
1280;678.29;792.8000;45559.7000;40076.3500;39283.5500;87.7513;0.0567;0.0000;-792.8000;0.0000;6.8165;0.0000;-792.8000;0.0000;6.8165;1.0000;0.0000;0.0000;0.0000;0.0000
1281;678.58;783.3500;45455.9000;40053.5000;39270.1500;87.9067;0.0560;0.0000;-783.3500;0.0000;6.8165;0.0000;-783.3500;0.0000;6.8165;1.0000;0.0000;0.0000;0.0000;0.0000
1282;678.86;767.4500;44169.6000;39475.1000;38707.6500;89.1837;0.0497;0.0000;-767.4500;0.0000;6.8165;0.0000;-767.4500;0.0000;6.8165;1.0000;0.0000;0.0000;0.0000;0.0000
1283;679.15;785.0500;43175.9000;38624.1000;37839.0500;89.2623;0.0493;0.0000;-785.0500;0.0000;6.8165;0.0000;-785.0500;0.0000;6.8165;1.0000;0.0000;0.0000;0.0000;0.0000
1284;679.44;792.9000;43559.6000;38051.9500;37259.0500;87.1216;0.0599;0.0000;-792.9000;0.0000;6.8165;0.0000;-792.9000;0.0000;6.8165;1.0000;0.0000;0.0000;0.0000;0.0000
1285;679.73;785.6000;44330.2000;37776.9000;36991.3000;84.9504;0.0708;0.0000;-785.6000;0.0000;6.8165;0.0000;-785.6000;0.0000;6.8165;1.0000;0.0000;0.0000;0.0000;0.0000
1286;680.01;795.3000;44131.1000;38108.4500;37313.1500;86.1024;0.0650;0.0000;-795.3000;0.0000;6.8165;0.0000;-795.3000;0.0000;6.8165;1.0000;0.0000;0.0000;0.0000;0.0000
1287;680.30;796.3000;44165.3000;37976.0000;37179.7000;85.7287;0.0669;0.0000;-796.3000;0.0000;6.8165;0.0000;-796.3000;0.0000;6.8165;1.0000;0.0000;0.0000;0.0000;0.0000
1288;680.59;791.7500;45201.6000;38640.8500;37849.1000;85.2268;0.0694;0.0000;-791.7500;0.0000;6.8165;0.0000;-791.7500;0.0000;6.8165;1.0000;0.0000;0.0000;0.0000;0.0000
1289;680.88;773.6500;45189.7000;38620.9000;37847.2500;85.2108;0.0695;0.0000;-773.6500;0.0000;6.8165;0.0000;-773.6500;0.0000;6.8165;1.0000;0.0000;0.0000;0.0000;0.0000
1290;681.16;791.1500;45473.8000;39088.2000;38297.0500;85.7090;0.0670;0.0000;-791.1500;0.0000;6.8165;0.0000;-791.1500;0.0000;6.8165;1.0000;0.0000;0.0000;0.0000;0.0000
1291;681.45;766.6000;44541.4000;38325.3000;37558.7000;85.7998;0.0665;0.0000;-766.6000;0.0000;6.8165;0.0000;-766.6000;0.0000;6.8165;1.0000;0.0000;0.0000;0.0000;0.0000
1292;681.74;788.5500;44070.3500;38263.8000;37475.2500;86.5843;0.0626;0.0000;-788.5500;0.0000;6.8165;0.0000;-788.5500;0.0000;6.8165;1.0000;0.0000;0.0000;0.0000;0.0000
1293;682.02;782.2000;44705.8500;38103.4500;37321.2500;84.9685;0.0707;0.0000;-782.2000;0.0000;6.8165;0.0000;-782.2000;0.0000;6.8165;1.0000;0.0000;0.0000;0.0000;0.0000
1294;682.31;779.5500;45336.0000;37905.4500;37125.9000;83.3233;0.0792;0.0000;-779.5500;0.0000;6.8165;0.0000;-779.5500;0.0000;6.8165;1.0000;0.0000;0.0000;0.0000;0.0000
1295;682.60;790.2500;46003.8500;38030.0500;37239.8000;82.3642;0.0843;0.0000;-790.2500;0.0000;6.8165;0.0000;-790.2500;0.0000;6.8165;1.0000;0.0000;0.0000;0.0000;0.0000
1296;682.88;770.0000;46692.6000;38725.1500;37955.1500;82.6503;0.0828;0.0000;-770.0000;0.0000;6.8165;0.0000;-770.0000;0.0000;6.8165;1.0000;0.0000;0.0000;0.0000;0.0000
1297;683.17;772.9000;47984.5500;39280.0500;38507.1500;81.5628;0.0885;0.0000;-772.9000;0.0000;6.8165;0.0000;-772.9000;0.0000;6.8165;1.0000;0.0000;0.0000;0.0000;0.0000
1298;683.46;792.0000;48550.3000;40128.3500;39336.3500;82.3655;0.0843;0.0000;-792.0000;0.0000;6.8165;0.0000;-792.0000;0.0000;6.8165;1.0000;0.0000;0.0000;0.0000;0.0000
1299;683.74;783.1500;47851.2500;40450.1000;39666.9500;84.2757;0.0743;0.0000;-783.1500;0.0000;6.8165;0.0000;-783.1500;0.0000;6.8165;1.0000;0.0000;0.0000;0.0000;0.0000
1300;684.03;788.6500;46829.5000;39012.8500;38224.2000;83.0224;0.0808;0.0000;-788.6500;0.0000;6.8165;0.0000;-788.6500;0.0000;6.8165;1.0000;0.0000;0.0000;0.0000;0.0000
1301;684.32;781.3500;46176.8000;37791.8000;37010.4500;81.5290;0.0887;0.0000;-781.3500;0.0000;6.8165;0.0000;-781.3500;0.0000;6.8165;1.0000;0.0000;0.0000;0.0000;0.0000
1302;684.60;776.3000;46736.1500;37527.3500;36751.0500;79.9634;0.0971;0.0000;-776.3000;0.0000;6.8165;0.0000;-776.3000;0.0000;6.8165;1.0000;0.0000;0.0000;0.0000;0.0000
1303;684.89;779.8500;46755.7500;37435.4000;36655.5500;79.7277;0.0984;0.0000;-779.8500;0.0000;6.8165;0.0000;-779.8500;0.0000;6.8165;1.0000;0.0000;0.0000;0.0000;0.0000
1304;685.17;779.1000;46359.7000;37449.4000;36670.3000;80.4516;0.0945;0.0000;-779.1000;0.0000;6.8165;0.0000;-779.1000;0.0000;6.8165;1.0000;0.0000;0.0000;0.0000;0.0000
1305;685.46;782.0000;46436.7500;37548.9500;36766.9500;80.5326;0.0940;0.0000;-782.0000;0.0000;6.8165;0.0000;-782.0000;0.0000;6.8165;1.0000;0.0000;0.0000;0.0000;0.0000
1306;685.75;792.8000;46486.6000;37558.0500;36765.2500;80.4600;0.0944;0.0000;-792.8000;0.0000;6.8165;0.0000;-792.8000;0.0000;6.8165;1.0000;0.0000;0.0000;0.0000;0.0000
1307;686.03;783.0000;46354.6000;37732.6000;36949.6000;81.0803;0.0911;0.0000;-783.0000;0.0000;6.8165;0.0000;-783.0000;0.0000;6.8165;1.0000;0.0000;0.0000;0.0000;0.0000
1308;686.32;778.5500;45403.5500;37398.9000;36620.3500;82.0624;0.0859;0.0000;-778.5500;0.0000;6.8165;0.0000;-778.5500;0.0000;6.8165;1.0000;0.0000;0.0000;0.0000;0.0000
1309;686.60;785.0500;44706.2000;37036.4500;36251.4000;82.5375;0.0833;0.0000;-785.0500;0.0000;6.8165;0.0000;-785.0500;0.0000;6.8165;1.0000;0.0000;0.0000;0.0000;0.0000
1310;686.89;784.4000;44314.0000;36520.5500;35736.1500;82.0962;0.0857;0.0000;-784.4000;0.0000;6.8165;0.0000;-784.4000;0.0000;6.8165;1.0000;0.0000;0.0000;0.0000;0.0000
1311;687.17;789.3000;43553.8500;36481.5500;35692.2500;83.4622;0.0785;0.0000;-789.3000;0.0000;6.8165;0.0000;-789.3000;0.0000;6.8165;1.0000;0.0000;0.0000;0.0000;0.0000
1312;687.46;775.4000;43647.5500;36557.5000;35782.1000;83.4623;0.0785;0.0000;-775.4000;0.0000;6.8165;0.0000;-775.4000;0.0000;6.8165;1.0000;0.0000;0.0000;0.0000;0.0000
1313;687.74;780.1500;43967.3000;36710.0000;35929.8500;83.1957;0.0799;0.0000;-780.1500;0.0000;6.8165;0.0000;-780.1500;0.0000;6.8165;1.0000;0.0000;0.0000;0.0000;0.0000
1314;688.03;783.8500;44561.8500;37395.8500;36612.0000;83.6310;0.0776;0.0000;-783.8500;0.0000;6.8165;0.0000;-783.8500;0.0000;6.8165;1.0000;0.0000;0.0000;0.0000;0.0000
1315;688.31;784.4500;44952.3500;37739.7000;36955.2500;83.6699;0.0774;0.0000;-784.4500;0.0000;6.8165;0.0000;-784.4500;0.0000;6.8165;1.0000;0.0000;0.0000;0.0000;0.0000
1316;688.60;788.2500;44992.1500;38089.1500;37300.9000;84.3837;0.0737;0.0000;-788.2500;0.0000;6.8165;0.0000;-788.2500;0.0000;6.8165;1.0000;0.0000;0.0000;0.0000;0.0000
1317;688.88;803.1000;44798.2500;38445.2000;37642.1000;85.5597;0.0677;0.0000;-803.1000;0.0000;6.8165;0.0000;-803.1000;0.0000;6.8165;1.0000;0.0000;0.0000;0.0000;0.0000
1318;689.17;780.8000;44003.0000;38154.1500;37373.3500;86.4679;0.0631;0.0000;-780.8000;0.0000;6.8165;0.0000;-780.8000;0.0000;6.8165;1.0000;0.0000;0.0000;0.0000;0.0000
1319;689.45;773.7500;43508.5500;37942.2500;37168.5000;86.9748;0.0606;0.0000;-773.7500;0.0000;6.8165;0.0000;-773.7500;0.0000;6.8165;1.0000;0.0000;0.0000;0.0000;0.0000
1320;689.73;790.5000;43305.8000;37414.0000;36623.5000;86.1419;0.0648;0.0000;-790.5000;0.0000;6.8165;0.0000;-790.5000;0.0000;6.8165;1.0000;0.0000;0.0000;0.0000;0.0000
1321;690.02;786.9000;43004.8000;37290.5500;36503.6500;86.4649;0.0632;0.0000;-786.9000;0.0000;6.8165;0.0000;-786.9000;0.0000;6.8165;1.0000;0.0000;0.0000;0.0000;0.0000
1322;690.30;785.9500;42624.2500;36908.2000;36122.2500;86.3378;0.0638;0.0000;-785.9500;0.0000;6.8165;0.0000;-785.9500;0.0000;6.8165;1.0000;0.0000;0.0000;0.0000;0.0000
1323;690.59;785.1000;42211.7000;37047.5000;36262.4000;87.5341;0.0578;0.0000;-785.1000;0.0000;6.8165;0.0000;-785.1000;0.0000;6.8165;1.0000;0.0000;0.0000;0.0000;0.0000
1324;690.87;786.8000;42183.7000;36921.4500;36134.6500;87.2883;0.0590;0.0000;-786.8000;0.0000;6.8165;0.0000;-786.8000;0.0000;6.8165;1.0000;0.0000;0.0000;0.0000;0.0000
1325;691.15;783.7000;42278.1000;37088.8500;36305.1500;87.4941;0.0580;0.0000;-783.7000;0.0000;6.8165;0.0000;-783.7000;0.0000;6.8165;1.0000;0.0000;0.0000;0.0000;0.0000
1326;691.44;795.7500;42051.9000;37046.3000;36250.5500;87.8670;0.0562;0.0000;-795.7500;0.0000;6.8165;0.0000;-795.7500;0.0000;6.8165;1.0000;0.0000;0.0000;0.0000;0.0000
1327;691.72;804.1000;42023.6000;36864.6500;36060.5500;87.4842;0.0581;0.0000;-804.1000;0.0000;6.8165;0.0000;-804.1000;0.0000;6.8165;1.0000;0.0000;0.0000;0.0000;0.0000
1328;692.01;790.5500;41652.3500;36941.3000;36150.7500;88.4708;0.0532;0.0000;-790.5500;0.0000;6.8165;0.0000;-790.5500;0.0000;6.8165;1.0000;0.0000;0.0000;0.0000;0.0000
1329;692.29;802.9500;40560.5500;36300.6500;35497.7000;89.2853;0.0492;0.0000;-802.9500;0.0000;6.8165;0.0000;-802.9500;0.0000;6.8165;1.0000;0.0000;0.0000;0.0000;0.0000
1330;692.57;793.0500;40311.9500;35976.7500;35183.7000;89.0301;0.0505;0.0000;-793.0500;0.0000;6.8165;0.0000;-793.0500;0.0000;6.8165;1.0000;0.0000;0.0000;0.0000;0.0000
1331;692.86;780.0500;40028.1500;35758.4000;34978.3500;89.1211;0.0500;0.0000;-780.0500;0.0000;6.8165;0.0000;-780.0500;0.0000;6.8165;1.0000;0.0000;0.0000;0.0000;0.0000
1332;693.14;780.0000;39575.3500;35691.9500;34911.9500;89.9900;0.0458;0.0000;-780.0000;0.0000;6.8165;0.0000;-780.0000;0.0000;6.8165;1.0000;0.0000;0.0000;0.0000;0.0000
1333;693.42;785.6500;38888.3000;35777.9000;34992.2500;91.8368;0.0370;0.0000;-785.6500;0.0000;6.8165;0.0000;-785.6500;0.0000;6.8165;1.0000;0.0000;0.0000;0.0000;0.0000
1334;693.70;778.1000;38637.2500;35374.9000;34596.8000;91.3829;0.0391;0.0000;-778.1000;0.0000;6.8165;0.0000;-778.1000;0.0000;6.8165;1.0000;0.0000;0.0000;0.0000;0.0000
1335;693.99;806.8500;38953.7500;35396.3500;34589.5000;90.6745;0.0425;0.0000;-806.8500;0.0000;6.8165;0.0000;-806.8500;0.0000;6.8165;1.0000;0.0000;0.0000;0.0000;0.0000
1336;694.27;782.3500;38889.0500;35625.8000;34843.4500;91.4365;0.0389;0.0000;-782.3500;0.0000;6.8165;0.0000;-782.3500;0.0000;6.8165;1.0000;0.0000;0.0000;0.0000;0.0000
1337;694.55;782.9000;38837.3000;36002.5500;35219.6500;92.5508;0.0336;0.0000;-782.9000;0.0000;6.8165;0.0000;-782.9000;0.0000;6.8165;1.0000;0.0000;0.0000;0.0000;0.0000
1338;694.84;796.7000;38274.5500;35676.8000;34880.1000;93.0686;0.0312;0.0000;-796.7000;0.0000;6.8165;0.0000;-796.7000;0.0000;6.8165;1.0000;0.0000;0.0000;0.0000;0.0000
1339;695.12;780.0500;37988.7500;34692.1000;33912.0500;91.1401;0.0403;0.0000;-780.0500;0.0000;6.8165;0.0000;-780.0500;0.0000;6.8165;1.0000;0.0000;0.0000;0.0000;0.0000
1340;695.40;787.6000;37306.8000;34236.7500;33449.1500;91.5933;0.0381;0.0000;-787.6000;0.0000;6.8165;0.0000;-787.6000;0.0000;6.8165;1.0000;0.0000;0.0000;0.0000;0.0000
1341;695.68;777.4000;37127.2500;33826.2500;33048.8500;90.9188;0.0413;0.0000;-777.4000;0.0000;6.8165;0.0000;-777.4000;0.0000;6.8165;1.0000;0.0000;0.0000;0.0000;0.0000
1342;695.96;793.1000;36181.2500;33829.2000;33036.1000;93.3536;0.0299;0.0000;-793.1000;0.0000;6.8165;0.0000;-793.1000;0.0000;6.8165;1.0000;0.0000;0.0000;0.0000;0.0000
1343;696.25;784.9500;35472.0000;33244.3500;32459.4000;93.5779;0.0288;0.0000;-784.9500;0.0000;6.8165;0.0000;-784.9500;0.0000;6.8165;1.0000;0.0000;0.0000;0.0000;0.0000
1344;696.53;774.7000;35549.2500;33043.0000;32268.3000;92.7929;0.0325;0.0000;-774.7000;0.0000;6.8165;0.0000;-774.7000;0.0000;6.8165;1.0000;0.0000;0.0000;0.0000;0.0000
1345;696.81;780.7500;35348.8500;33062.8000;32282.0500;93.3868;0.0297;0.0000;-780.7500;0.0000;6.8165;0.0000;-780.7500;0.0000;6.8165;1.0000;0.0000;0.0000;0.0000;0.0000
1346;697.09;781.6000;35577.4500;33070.2500;32288.6500;92.7945;0.0325;0.0000;-781.6000;0.0000;6.8165;0.0000;-781.6000;0.0000;6.8165;1.0000;0.0000;0.0000;0.0000;0.0000
1347;697.37;789.5500;35472.0000;32879.4500;32089.9000;92.5249;0.0337;0.0000;-789.5500;0.0000;6.8165;0.0000;-789.5500;0.0000;6.8165;1.0000;0.0000;0.0000;0.0000;0.0000
1348;697.65;778.8000;35650.9500;33188.1500;32409.3500;92.9376;0.0318;0.0000;-778.8000;0.0000;6.8165;0.0000;-778.8000;0.0000;6.8165;1.0000;0.0000;0.0000;0.0000;0.0000
1349;697.94;776.1500;35386.7000;33071.2000;32295.0500;93.3098;0.0301;0.0000;-776.1500;0.0000;6.8165;0.0000;-776.1500;0.0000;6.8165;1.0000;0.0000;0.0000;0.0000;0.0000
1350;698.22;776.2500;34842.2000;32756.6000;31980.3500;93.8778;0.0274;0.0000;-776.2500;0.0000;6.8165;0.0000;-776.2500;0.0000;6.8165;1.0000;0.0000;0.0000;0.0000;0.0000
1351;698.50;790.3000;34616.3000;32545.1000;31754.8000;93.8769;0.0274;0.0000;-790.3000;0.0000;6.8165;0.0000;-790.3000;0.0000;6.8165;1.0000;0.0000;0.0000;0.0000;0.0000
1352;698.78;793.5500;34269.9500;32397.8000;31604.2500;94.4076;0.0250;0.0000;-793.5500;0.0000;6.8165;0.0000;-793.5500;0.0000;6.8165;1.0000;0.0000;0.0000;0.0000;0.0000
1353;699.06;784.6000;33817.7000;32158.4500;31373.8500;94.9770;0.0224;0.0000;-784.6000;0.0000;6.8165;0.0000;-784.6000;0.0000;6.8165;1.0000;0.0000;0.0000;0.0000;0.0000
1354;699.34;794.5000;33341.1000;31679.6500;30885.1500;94.8952;0.0228;0.0000;-794.5000;0.0000;6.8165;0.0000;-794.5000;0.0000;6.8165;1.0000;0.0000;0.0000;0.0000;0.0000
1355;699.62;791.4500;33197.7000;31574.7500;30783.3000;94.9919;0.0223;0.0000;-791.4500;0.0000;6.8165;0.0000;-791.4500;0.0000;6.8165;1.0000;0.0000;0.0000;0.0000;0.0000
1356;699.90;773.5000;33633.7500;31928.8000;31155.3000;94.8115;0.0231;0.0000;-773.5000;0.0000;6.8165;0.0000;-773.5000;0.0000;6.8165;1.0000;0.0000;0.0000;0.0000;0.0000
1357;700.18;785.5000;33233.5500;31894.0000;31108.5000;95.8717;0.0183;0.0000;-785.5000;0.0000;6.8165;0.0000;-785.5000;0.0000;6.8165;1.0000;0.0000;0.0000;0.0000;0.0000
1358;700.46;778.4000;33427.0500;31903.8500;31125.4500;95.3346;0.0207;0.0000;-778.4000;0.0000;6.8165;0.0000;-778.4000;0.0000;6.8165;1.0000;0.0000;0.0000;0.0000;0.0000
1359;700.74;792.7000;33339.7500;31506.3500;30713.6500;94.3669;0.0252;0.0000;-792.7000;0.0000;6.8165;0.0000;-792.7000;0.0000;6.8165;1.0000;0.0000;0.0000;0.0000;0.0000
1360;701.03;782.9000;33071.2500;31161.6500;30378.7500;94.0858;0.0265;0.0000;-782.9000;0.0000;6.8165;0.0000;-782.9000;0.0000;6.8165;1.0000;0.0000;0.0000;0.0000;0.0000
1361;701.31;788.3500;32720.9500;31009.3000;30220.9500;94.6398;0.0239;0.0000;-788.3500;0.0000;6.8165;0.0000;-788.3500;0.0000;6.8165;1.0000;0.0000;0.0000;0.0000;0.0000
1362;701.59;777.2500;32361.0500;31158.2000;30380.9500;96.1916;0.0169;0.0000;-777.2500;0.0000;6.8165;0.0000;-777.2500;0.0000;6.8165;1.0000;0.0000;0.0000;0.0000;0.0000
1363;701.87;791.6500;31572.4000;30432.7500;29641.1000;96.2975;0.0164;0.0000;-791.6500;0.0000;6.8165;0.0000;-791.6500;0.0000;6.8165;1.0000;0.0000;0.0000;0.0000;0.0000
1364;702.15;782.2000;30990.0000;29748.1000;28965.9000;95.8888;0.0182;0.0000;-782.2000;0.0000;6.8165;0.0000;-782.2000;0.0000;6.8165;1.0000;0.0000;0.0000;0.0000;0.0000
1365;702.43;789.9500;30887.0500;29417.2500;28627.3000;95.1165;0.0217;0.0000;-789.9500;0.0000;6.8165;0.0000;-789.9500;0.0000;6.8165;1.0000;0.0000;0.0000;0.0000;0.0000
1366;702.71;773.9500;30744.5000;29271.0500;28497.1000;95.0837;0.0219;0.0000;-773.9500;0.0000;6.8165;0.0000;-773.9500;0.0000;6.8165;1.0000;0.0000;0.0000;0.0000;0.0000
1367;702.98;769.3000;30825.7000;29497.0000;28727.7000;95.5793;0.0196;0.0000;-769.3000;0.0000;6.8165;0.0000;-769.3000;0.0000;6.8165;1.0000;0.0000;0.0000;0.0000;0.0000
1368;703.26;784.3000;30434.9500;29149.5000;28365.2000;95.6647;0.0192;0.0000;-784.3000;0.0000;6.8165;0.0000;-784.3000;0.0000;6.8165;1.0000;0.0000;0.0000;0.0000;0.0000
1369;703.54;797.9500;30079.9500;28879.3500;28081.4000;95.8999;0.0182;0.0000;-797.9500;0.0000;6.8165;0.0000;-797.9500;0.0000;6.8165;1.0000;0.0000;0.0000;0.0000;0.0000
1370;703.82;791.4500;30169.1500;28984.3000;28192.8500;95.9668;0.0179;0.0000;-791.4500;0.0000;6.8165;0.0000;-791.4500;0.0000;6.8165;1.0000;0.0000;0.0000;0.0000;0.0000
1371;704.10;794.2500;29959.4500;28877.5500;28083.3000;96.2904;0.0164;0.0000;-794.2500;0.0000;6.8165;0.0000;-794.2500;0.0000;6.8165;1.0000;0.0000;0.0000;0.0000;0.0000
1372;704.38;791.9000;29218.2500;28538.0500;27746.1500;97.6071;0.0105;0.0000;-791.9000;0.0000;6.8165;0.0000;-791.9000;0.0000;6.8165;1.0000;0.0000;0.0000;0.0000;0.0000
1373;704.66;772.7500;29002.3000;28521.6500;27748.9000;98.2974;0.0075;0.0000;-772.7500;0.0000;6.8165;0.0000;-772.7500;0.0000;6.8165;1.0000;0.0000;0.0000;0.0000;0.0000
1374;704.94;775.8000;28436.1500;27820.0500;27044.2500;97.7726;0.0098;0.0000;-775.8000;0.0000;6.8165;0.0000;-775.8000;0.0000;6.8165;1.0000;0.0000;0.0000;0.0000;0.0000
1375;705.22;782.7000;28480.5500;27480.3500;26697.6500;96.3889;0.0160;0.0000;-782.7000;0.0000;6.8165;0.0000;-782.7000;0.0000;6.8165;1.0000;0.0000;0.0000;0.0000;0.0000
1376;705.50;797.7000;28629.4500;27351.3000;26553.6000;95.4076;0.0204;0.0000;-797.7000;0.0000;6.8165;0.0000;-797.7000;0.0000;6.8165;1.0000;0.0000;0.0000;0.0000;0.0000
1377;705.78;783.9500;28315.4000;27363.4000;26579.4500;96.5421;0.0153;0.0000;-783.9500;0.0000;6.8165;0.0000;-783.9500;0.0000;6.8165;1.0000;0.0000;0.0000;0.0000;0.0000
1378;706.05;781.9000;28063.9500;26891.2500;26109.3500;95.7016;0.0191;0.0000;-781.9000;0.0000;6.8165;0.0000;-781.9000;0.0000;6.8165;1.0000;0.0000;0.0000;0.0000;0.0000
1379;706.33;777.0500;27935.5500;26614.1000;25837.0500;95.1343;0.0217;0.0000;-777.0500;0.0000;6.8165;0.0000;-777.0500;0.0000;6.8165;1.0000;0.0000;0.0000;0.0000;0.0000
1380;706.61;793.1000;27695.1000;26276.4500;25483.3500;94.7266;0.0235;0.0000;-793.1000;0.0000;6.8165;0.0000;-793.1000;0.0000;6.8165;1.0000;0.0000;0.0000;0.0000;0.0000
1381;706.89;794.8500;27869.1500;26500.0000;25705.1500;94.9430;0.0225;0.0000;-794.8500;0.0000;6.8165;0.0000;-794.8500;0.0000;6.8165;1.0000;0.0000;0.0000;0.0000;0.0000
1382;707.17;785.7500;27829.0000;26697.0500;25911.3000;95.8143;0.0186;0.0000;-785.7500;0.0000;6.8165;0.0000;-785.7500;0.0000;6.8165;1.0000;0.0000;0.0000;0.0000;0.0000
1383;707.45;794.9500;27421.7500;26381.9000;25586.9500;96.0947;0.0173;0.0000;-794.9500;0.0000;6.8165;0.0000;-794.9500;0.0000;6.8165;1.0000;0.0000;0.0000;0.0000;0.0000
1384;707.72;790.9500;26873.4500;26099.1000;25308.1500;97.0312;0.0131;0.0000;-790.9500;0.0000;6.8165;0.0000;-790.9500;0.0000;6.8165;1.0000;0.0000;0.0000;0.0000;0.0000
1385;708.00;780.6000;26944.3500;25559.0000;24778.4000;94.7051;0.0236;0.0000;-780.6000;0.0000;6.8165;0.0000;-780.6000;0.0000;6.8165;1.0000;0.0000;0.0000;0.0000;0.0000
1386;708.28;785.0000;26941.2500;25527.8000;24742.8000;94.5961;0.0241;0.0000;-785.0000;0.0000;6.8165;0.0000;-785.0000;0.0000;6.8165;1.0000;0.0000;0.0000;0.0000;0.0000
1387;708.56;792.6000;26725.0500;25524.4500;24731.8500;95.3703;0.0206;0.0000;-792.6000;0.0000;6.8165;0.0000;-792.6000;0.0000;6.8165;1.0000;0.0000;0.0000;0.0000;0.0000
1388;708.83;782.4000;26658.7500;25746.4500;24964.0500;96.4744;0.0156;0.0000;-782.4000;0.0000;6.8165;0.0000;-782.4000;0.0000;6.8165;1.0000;0.0000;0.0000;0.0000;0.0000
1389;709.11;777.9500;26294.5500;25440.3000;24662.3500;96.6522;0.0148;0.0000;-777.9500;0.0000;6.8165;0.0000;-777.9500;0.0000;6.8165;1.0000;0.0000;0.0000;0.0000;0.0000
1390;709.39;787.1500;26532.6000;25275.2000;24488.0500;95.1160;0.0217;0.0000;-787.1500;0.0000;6.8165;0.0000;-787.1500;0.0000;6.8165;1.0000;0.0000;0.0000;0.0000;0.0000
1391;709.67;777.2500;26384.7500;25403.5000;24626.2500;96.1681;0.0170;0.0000;-777.2500;0.0000;6.8165;0.0000;-777.2500;0.0000;6.8165;1.0000;0.0000;0.0000;0.0000;0.0000
1392;709.94;778.8000;26009.5000;25184.6500;24405.8500;96.7308;0.0144;0.0000;-778.8000;0.0000;6.8165;0.0000;-778.8000;0.0000;6.8165;1.0000;0.0000;0.0000;0.0000;0.0000
1393;710.22;795.2500;25949.1500;25361.7500;24566.5000;97.6648;0.0103;0.0000;-795.2500;0.0000;6.8165;0.0000;-795.2500;0.0000;6.8165;1.0000;0.0000;0.0000;0.0000;0.0000
1394;710.50;790.3500;26104.0000;25153.5000;24363.1500;96.2451;0.0166;0.0000;-790.3500;0.0000;6.8165;0.0000;-790.3500;0.0000;6.8165;1.0000;0.0000;0.0000;0.0000;0.0000
1395;710.77;786.1500;25752.4500;25439.7500;24653.6000;98.7475;0.0055;0.0000;-786.1500;0.0000;6.8165;0.0000;-786.1500;0.0000;6.8165;1.0000;0.0000;0.0000;0.0000;0.0000
1396;711.05;791.8000;25578.4000;25187.6000;24395.8000;98.4233;0.0069;0.0000;-791.8000;0.0000;6.8165;0.0000;-791.8000;0.0000;6.8165;1.0000;0.0000;0.0000;0.0000;0.0000
1397;711.33;798.3000;25503.4000;24801.6500;24003.3500;97.1595;0.0125;0.0000;-798.3000;0.0000;6.8165;0.0000;-798.3000;0.0000;6.8165;1.0000;0.0000;0.0000;0.0000;0.0000
1398;711.60;805.8500;25420.5500;24616.9000;23811.0500;96.7351;0.0144;0.0000;-805.8500;0.0000;6.8165;0.0000;-805.8500;0.0000;6.8165;1.0000;0.0000;0.0000;0.0000;0.0000
1399;711.88;799.7500;25237.0000;24606.6500;23806.9000;97.4205;0.0113;0.0000;-799.7500;0.0000;6.8165;0.0000;-799.7500;0.0000;6.8165;1.0000;0.0000;0.0000;0.0000;0.0000
1400;712.16;778.2500;25082.5000;24420.9000;23642.6500;97.2778;0.0120;0.0000;-778.2500;0.0000;6.8165;0.0000;-778.2500;0.0000;6.8165;1.0000;0.0000;0.0000;0.0000;0.0000
1401;712.43;775.3500;24942.8000;24056.3000;23280.9500;96.3318;0.0162;0.0000;-775.3500;0.0000;6.8165;0.0000;-775.3500;0.0000;6.8165;1.0000;0.0000;0.0000;0.0000;0.0000
1402;712.71;777.5500;25148.4000;24196.7000;23419.1500;96.0949;0.0173;0.0000;-777.5500;0.0000;6.8165;0.0000;-777.5500;0.0000;6.8165;1.0000;0.0000;0.0000;0.0000;0.0000
1403;712.99;772.2000;25138.0500;24230.8000;23458.6000;96.2766;0.0165;0.0000;-772.2000;0.0000;6.8165;0.0000;-772.2000;0.0000;6.8165;1.0000;0.0000;0.0000;0.0000;0.0000
1404;713.26;781.4000;24654.1000;23754.2000;22972.8000;96.2304;0.0167;0.0000;-781.4000;0.0000;6.8165;0.0000;-781.4000;0.0000;6.8165;1.0000;0.0000;0.0000;0.0000;0.0000
1405;713.54;773.6500;24428.2500;23554.0000;22780.3500;96.3041;0.0164;0.0000;-773.6500;0.0000;6.8165;0.0000;-773.6500;0.0000;6.8165;1.0000;0.0000;0.0000;0.0000;0.0000
1406;713.81;795.4000;24321.2500;23306.5000;22511.1000;95.6867;0.0191;0.0000;-795.4000;0.0000;6.8165;0.0000;-795.4000;0.0000;6.8165;1.0000;0.0000;0.0000;0.0000;0.0000
1407;714.09;788.6500;23974.0500;22778.4500;21989.8000;94.8433;0.0230;0.0000;-788.6500;0.0000;6.8165;0.0000;-788.6500;0.0000;6.8165;1.0000;0.0000;0.0000;0.0000;0.0000
1408;714.36;781.9000;23802.1500;22362.2000;21580.3000;93.7449;0.0281;0.0000;-781.9000;0.0000;6.8165;0.0000;-781.9000;0.0000;6.8165;1.0000;0.0000;0.0000;0.0000;0.0000
1409;714.64;773.9500;23487.6000;22325.3500;21551.4000;94.8830;0.0228;0.0000;-773.9500;0.0000;6.8165;0.0000;-773.9500;0.0000;6.8165;1.0000;0.0000;0.0000;0.0000;0.0000
1410;714.92;803.9000;22919.4000;22198.0000;21394.1000;96.7380;0.0144;0.0000;-803.9000;0.0000;6.8165;0.0000;-803.9000;0.0000;6.8165;1.0000;0.0000;0.0000;0.0000;0.0000
1411;715.19;779.9500;22802.4500;22199.4500;21419.5000;97.2619;0.0121;0.0000;-779.9500;0.0000;6.8165;0.0000;-779.9500;0.0000;6.8165;1.0000;0.0000;0.0000;0.0000;0.0000
1412;715.47;793.7500;22360.7000;21802.5500;21008.8000;97.4120;0.0114;0.0000;-793.7500;0.0000;6.8165;0.0000;-793.7500;0.0000;6.8165;1.0000;0.0000;0.0000;0.0000;0.0000
1413;715.74;773.4000;21823.6000;21154.0000;20380.6000;96.8190;0.0140;0.0000;-773.4000;0.0000;6.8165;0.0000;-773.4000;0.0000;6.8165;1.0000;0.0000;0.0000;0.0000;0.0000
1414;716.02;775.3500;21280.7500;20681.2500;19905.9000;97.0764;0.0129;0.0000;-775.3500;0.0000;6.8165;0.0000;-775.3500;0.0000;6.8165;1.0000;0.0000;0.0000;0.0000;0.0000
1415;716.29;772.6000;20974.1000;20293.6500;19521.0500;96.6317;0.0149;0.0000;-772.6000;0.0000;6.8165;0.0000;-772.6000;0.0000;6.8165;1.0000;0.0000;0.0000;0.0000;0.0000
1416;716.57;783.5000;20742.3000;20175.5500;19392.0500;97.1604;0.0125;0.0000;-783.5000;0.0000;6.8165;0.0000;-783.5000;0.0000;6.8165;1.0000;0.0000;0.0000;0.0000;0.0000
1417;716.84;783.3500;20687.5500;20089.1500;19305.8000;96.9936;0.0133;0.0000;-783.3500;0.0000;6.8165;0.0000;-783.3500;0.0000;6.8165;1.0000;0.0000;0.0000;0.0000;0.0000
1418;717.12;780.6500;20546.7000;19973.2500;19192.6000;97.0988;0.0128;0.0000;-780.6500;0.0000;6.8165;0.0000;-780.6500;0.0000;6.8165;1.0000;0.0000;0.0000;0.0000;0.0000
1419;717.39;798.2500;20063.3000;19569.1500;18770.9000;97.4350;0.0113;0.0000;-798.2500;0.0000;6.8165;0.0000;-798.2500;0.0000;6.8165;1.0000;0.0000;0.0000;0.0000;0.0000
1420;717.66;784.3500;19647.8000;19051.2000;18266.8500;96.8373;0.0140;0.0000;-784.3500;0.0000;6.8165;0.0000;-784.3500;0.0000;6.8165;1.0000;0.0000;0.0000;0.0000;0.0000
1421;717.94;783.8000;19405.3500;18804.1000;18020.3000;96.7712;0.0143;0.0000;-783.8000;0.0000;6.8165;0.0000;-783.8000;0.0000;6.8165;1.0000;0.0000;0.0000;0.0000;0.0000
1422;718.21;785.2000;19337.1000;18508.7000;17723.5000;95.5347;0.0198;0.0000;-785.2000;0.0000;6.8165;0.0000;-785.2000;0.0000;6.8165;1.0000;0.0000;0.0000;0.0000;0.0000
1423;718.49;786.0500;18971.0000;18024.7500;17238.7000;94.7965;0.0232;0.0000;-786.0500;0.0000;6.8165;0.0000;-786.0500;0.0000;6.8165;1.0000;0.0000;0.0000;0.0000;0.0000
1424;718.76;784.2000;18501.0500;17762.9000;16978.7000;95.8336;0.0185;0.0000;-784.2000;0.0000;6.8165;0.0000;-784.2000;0.0000;6.8165;1.0000;0.0000;0.0000;0.0000;0.0000
1425;719.03;791.3500;18239.3500;17489.4500;16698.1000;95.7021;0.0191;0.0000;-791.3500;0.0000;6.8165;0.0000;-791.3500;0.0000;6.8165;1.0000;0.0000;0.0000;0.0000;0.0000
1426;719.31;771.9000;18034.3000;17256.8500;16484.9500;95.4963;0.0200;0.0000;-771.9000;0.0000;6.8165;0.0000;-771.9000;0.0000;6.8165;1.0000;0.0000;0.0000;0.0000;0.0000
1427;719.58;778.5500;17522.9500;16972.9500;16194.4000;96.7153;0.0145;0.0000;-778.5500;0.0000;6.8165;0.0000;-778.5500;0.0000;6.8165;1.0000;0.0000;0.0000;0.0000;0.0000
1428;719.86;782.6500;17166.8500;16481.0000;15698.3500;95.8140;0.0186;0.0000;-782.6500;0.0000;6.8165;0.0000;-782.6500;0.0000;6.8165;1.0000;0.0000;0.0000;0.0000;0.0000
1429;720.13;778.3000;16960.2500;16280.8500;15502.5500;95.8015;0.0186;0.0000;-778.3000;0.0000;6.8165;0.0000;-778.3000;0.0000;6.8165;1.0000;0.0000;0.0000;0.0000;0.0000
1430;720.40;792.3500;16640.9000;15919.6000;15127.2500;95.4488;0.0202;0.0000;-792.3500;0.0000;6.8165;0.0000;-792.3500;0.0000;6.8165;1.0000;0.0000;0.0000;0.0000;0.0000
1431;720.68;776.4000;16307.4000;15554.2000;14777.8000;95.1503;0.0216;0.0000;-776.4000;0.0000;6.8165;0.0000;-776.4000;0.0000;6.8165;1.0000;0.0000;0.0000;0.0000;0.0000
1432;720.95;801.4000;15951.2000;15108.8500;14307.4500;94.4399;0.0248;0.0000;-801.4000;0.0000;6.8165;0.0000;-801.4000;0.0000;6.8165;1.0000;0.0000;0.0000;0.0000;0.0000
1433;721.22;784.0500;15585.1000;14829.7000;14045.6500;94.8963;0.0228;0.0000;-784.0500;0.0000;6.8165;0.0000;-784.0500;0.0000;6.8165;1.0000;0.0000;0.0000;0.0000;0.0000
1434;721.50;786.5500;15259.8500;14487.3000;13700.7500;94.6622;0.0238;0.0000;-786.5500;0.0000;6.8165;0.0000;-786.5500;0.0000;6.8165;1.0000;0.0000;0.0000;0.0000;0.0000
1435;721.77;781.3500;15047.2500;14445.2500;13663.9000;95.7801;0.0187;0.0000;-781.3500;0.0000;6.8165;0.0000;-781.3500;0.0000;6.8165;1.0000;0.0000;0.0000;0.0000;0.0000
1436;722.04;782.5500;14811.5500;14208.5500;13426.0000;95.7018;0.0191;0.0000;-782.5500;0.0000;6.8165;0.0000;-782.5500;0.0000;6.8165;1.0000;0.0000;0.0000;0.0000;0.0000
1437;722.31;783.5000;14905.7500;13997.5500;13214.0500;93.5690;0.0289;0.0000;-783.5000;0.0000;6.8165;0.0000;-783.5000;0.0000;6.8165;1.0000;0.0000;0.0000;0.0000;0.0000
1438;722.59;763.2500;14708.0500;13848.2000;13084.9500;93.8339;0.0276;0.0000;-763.2500;0.0000;6.8165;0.0000;-763.2500;0.0000;6.8165;1.0000;0.0000;0.0000;0.0000;0.0000
1439;722.86;784.8500;14201.2500;13469.1500;12684.3000;94.5432;0.0244;0.0000;-784.8500;0.0000;6.8165;0.0000;-784.8500;0.0000;6.8165;1.0000;0.0000;0.0000;0.0000;0.0000
1440;723.13;793.1500;13914.3500;13065.1000;12271.9500;93.5276;0.0291;0.0000;-793.1500;0.0000;6.8165;0.0000;-793.1500;0.0000;6.8165;1.0000;0.0000;0.0000;0.0000;0.0000
1441;723.40;777.6500;13917.7500;12931.0000;12153.3500;92.4905;0.0339;0.0000;-777.6500;0.0000;6.8165;0.0000;-777.6500;0.0000;6.8165;1.0000;0.0000;0.0000;0.0000;0.0000
1442;723.68;787.5500;13725.3500;12859.3500;12071.8000;93.3064;0.0301;0.0000;-787.5500;0.0000;6.8165;0.0000;-787.5500;0.0000;6.8165;1.0000;0.0000;0.0000;0.0000;0.0000
1443;723.95;789.1500;13293.3500;12675.1500;11886.0000;95.0561;0.0220;0.0000;-789.1500;0.0000;6.8165;0.0000;-789.1500;0.0000;6.8165;1.0000;0.0000;0.0000;0.0000;0.0000
1444;724.22;782.0000;12939.5500;12231.4500;11449.4500;94.1756;0.0261;0.0000;-782.0000;0.0000;6.8165;0.0000;-782.0000;0.0000;6.8165;1.0000;0.0000;0.0000;0.0000;0.0000
1445;724.49;778.2000;12867.7500;12046.0500;11267.8500;93.2032;0.0306;0.0000;-778.2000;0.0000;6.8165;0.0000;-778.2000;0.0000;6.8165;1.0000;0.0000;0.0000;0.0000;0.0000
1446;724.76;787.5500;12836.7000;11856.9000;11069.3500;91.8683;0.0368;0.0000;-787.5500;0.0000;6.8165;0.0000;-787.5500;0.0000;6.8165;1.0000;0.0000;0.0000;0.0000;0.0000
1447;725.04;791.1000;12753.7500;11663.0500;10871.9500;90.8825;0.0415;0.0000;-791.1000;0.0000;6.8165;0.0000;-791.1000;0.0000;6.8165;1.0000;0.0000;0.0000;0.0000;0.0000
1448;725.31;777.0500;12574.0500;11321.5000;10544.4500;89.3825;0.0487;0.0000;-777.0500;0.0000;6.8165;0.0000;-777.0500;0.0000;6.8165;1.0000;0.0000;0.0000;0.0000;0.0000
1449;725.58;792.5000;12378.9500;11207.1000;10414.6000;89.8860;0.0463;0.0000;-792.5000;0.0000;6.8165;0.0000;-792.5000;0.0000;6.8165;1.0000;0.0000;0.0000;0.0000;0.0000
1450;725.85;783.3000;12115.5000;11048.6500;10265.3500;90.5857;0.0429;0.0000;-783.3000;0.0000;6.8165;0.0000;-783.3000;0.0000;6.8165;1.0000;0.0000;0.0000;0.0000;0.0000
1451;726.12;789.4000;12014.5500;10826.0000;10036.6000;89.4117;0.0486;0.0000;-789.4000;0.0000;6.8165;0.0000;-789.4000;0.0000;6.8165;1.0000;0.0000;0.0000;0.0000;0.0000
1452;726.39;799.9000;11940.7000;10781.7500;9981.8500;89.5972;0.0477;0.0000;-799.9000;0.0000;6.8165;0.0000;-799.9000;0.0000;6.8165;1.0000;0.0000;0.0000;0.0000;0.0000
1453;726.66;794.3500;11833.3500;10657.4500;9863.1000;89.3478;0.0489;0.0000;-794.3500;0.0000;6.8165;0.0000;-794.3500;0.0000;6.8165;1.0000;0.0000;0.0000;0.0000;0.0000
1454;726.93;782.5500;11640.8000;10485.8500;9703.3000;89.3634;0.0488;0.0000;-782.5500;0.0000;6.8165;0.0000;-782.5500;0.0000;6.8165;1.0000;0.0000;0.0000;0.0000;0.0000
1455;727.21;792.6500;11419.3000;10245.0500;9452.4000;88.9500;0.0509;0.0000;-792.6500;0.0000;6.8165;0.0000;-792.6500;0.0000;6.8165;1.0000;0.0000;0.0000;0.0000;0.0000
1456;727.48;769.1500;11388.4000;10092.9000;9323.7500;87.8005;0.0565;0.0000;-769.1500;0.0000;6.8165;0.0000;-769.1500;0.0000;6.8165;1.0000;0.0000;0.0000;0.0000;0.0000
1457;727.75;782.0500;11333.7000;10078.3500;9296.3000;88.1028;0.0550;0.0000;-782.0500;0.0000;6.8165;0.0000;-782.0500;0.0000;6.8165;1.0000;0.0000;0.0000;0.0000;0.0000
1458;728.02;787.6500;11113.5500;9871.1000;9083.4500;87.9676;0.0557;0.0000;-787.6500;0.0000;6.8165;0.0000;-787.6500;0.0000;6.8165;1.0000;0.0000;0.0000;0.0000;0.0000
1459;728.29;776.5000;11226.9000;9933.9500;9157.4500;87.6277;0.0574;0.0000;-776.5000;0.0000;6.8165;0.0000;-776.5000;0.0000;6.8165;1.0000;0.0000;0.0000;0.0000;0.0000
1460;728.56;790.6000;11121.0500;9707.5500;8916.9500;86.3171;0.0639;0.0000;-790.6000;0.0000;6.8165;0.0000;-790.6000;0.0000;6.8165;1.0000;0.0000;0.0000;0.0000;0.0000
1461;728.83;780.2500;11063.1500;9470.5000;8690.2500;84.5117;0.0731;0.0000;-780.2500;0.0000;6.8165;0.0000;-780.2500;0.0000;6.8165;1.0000;0.0000;0.0000;0.0000;0.0000
1462;729.10;771.4500;10954.0000;9186.7000;8415.2500;82.6438;0.0828;0.0000;-771.4500;0.0000;6.8165;0.0000;-771.4500;0.0000;6.8165;1.0000;0.0000;0.0000;0.0000;0.0000
1463;729.37;789.4000;10927.5000;9163.2000;8373.8000;82.5973;0.0830;0.0000;-789.4000;0.0000;6.8165;0.0000;-789.4000;0.0000;6.8165;1.0000;0.0000;0.0000;0.0000;0.0000
1464;729.64;790.2500;10869.8500;8954.3000;8164.0500;80.9958;0.0915;0.0000;-790.2500;0.0000;6.8165;0.0000;-790.2500;0.0000;6.8165;1.0000;0.0000;0.0000;0.0000;0.0000
1465;729.91;796.6500;10745.5000;8762.8500;7966.2000;80.0716;0.0965;0.0000;-796.6500;0.0000;6.8165;0.0000;-796.6500;0.0000;6.8165;1.0000;0.0000;0.0000;0.0000;0.0000
1466;730.18;783.5500;10720.2000;8578.8000;7795.2500;78.4495;0.1054;0.0000;-783.5500;0.0000;6.8165;0.0000;-783.5500;0.0000;6.8165;1.0000;0.0000;0.0000;0.0000;0.0000
1467;730.45;786.2500;10623.4000;8336.5000;7550.2500;76.7524;0.1149;0.0000;-786.2500;0.0000;6.8165;0.0000;-786.2500;0.0000;6.8165;1.0000;0.0000;0.0000;0.0000;0.0000
1468;730.72;777.8000;10673.0500;8191.7000;7413.9000;74.9238;0.1254;0.0000;-777.8000;0.0000;6.8165;0.0000;-777.8000;0.0000;6.8165;1.0000;0.0000;0.0000;0.0000;0.0000
1469;730.99;786.8500;10601.1000;7899.9500;7113.1000;72.4773;0.1398;0.0000;-786.8500;0.0000;6.8165;0.0000;-786.8500;0.0000;6.8165;1.0000;0.0000;0.0000;0.0000;0.0000
1470;731.26;779.7500;10553.4500;7697.9500;6918.2000;70.7838;0.1501;0.0000;-779.7500;0.0000;6.8165;0.0000;-779.7500;0.0000;6.8165;1.0000;0.0000;0.0000;0.0000;0.0000
1471;731.53;797.0500;10531.1500;7608.0000;6810.9500;69.9700;0.1551;0.0000;-797.0500;0.0000;6.8165;0.0000;-797.0500;0.0000;6.8165;1.0000;0.0000;0.0000;0.0000;0.0000
1472;731.80;786.2000;10508.5000;7427.8500;6641.6500;68.3136;0.1655;0.0000;-786.2000;0.0000;6.8165;0.0000;-786.2000;0.0000;6.8165;1.0000;0.0000;0.0000;0.0000;0.0000
1473;732.06;777.6500;10490.9500;7151.5500;6373.9000;65.6203;0.1830;0.0000;-777.6500;0.0000;6.8165;0.0000;-777.6500;0.0000;6.8165;1.0000;0.0000;0.0000;0.0000;0.0000
1474;732.33;787.1500;10680.4000;6943.2000;6156.0500;62.2247;0.2060;0.0000;-787.1500;0.0000;6.8165;0.0000;-787.1500;0.0000;6.8165;1.0000;0.0000;0.0000;0.0000;0.0000
1475;732.60;783.8500;10690.5000;6703.0000;5919.1500;59.7493;0.2237;0.0000;-783.8500;0.0000;6.8165;0.0000;-783.8500;0.0000;6.8165;1.0000;0.0000;0.0000;0.0000;0.0000
1476;732.87;785.1000;10710.0000;6503.4500;5718.3500;57.6162;0.2395;0.0000;-785.1000;0.0000;6.8165;0.0000;-785.1000;0.0000;6.8165;1.0000;0.0000;0.0000;0.0000;0.0000
1477;733.14;774.9500;10822.4000;6305.1000;5530.1500;55.0403;0.2593;0.0000;-774.9500;0.0000;6.8165;0.0000;-774.9500;0.0000;6.8165;1.0000;0.0000;0.0000;0.0000;0.0000
1478;733.41;787.3000;10824.6000;6060.0500;5272.7500;52.5316;0.2796;0.0000;-787.3000;0.0000;6.8165;0.0000;-787.3000;0.0000;6.8165;1.0000;0.0000;0.0000;0.0000;0.0000
1479;733.68;784.0500;10646.9000;5699.2500;4915.2000;49.8355;0.3025;0.0000;-784.0500;0.0000;6.8165;0.0000;-784.0500;0.0000;6.8165;1.0000;0.0000;0.0000;0.0000;0.0000
1480;733.95;777.3500;10546.2500;5363.0000;4585.6500;46.9413;0.3284;0.0000;-777.3500;0.0000;6.8165;0.0000;-777.3500;0.0000;6.8165;1.0000;0.0000;0.0000;0.0000;0.0000
1481;734.21;779.8500;10361.5500;5061.8000;4281.9500;44.6888;0.3498;0.0000;-779.8500;0.0000;6.8165;0.0000;-779.8500;0.0000;6.8165;1.0000;0.0000;0.0000;0.0000;0.0000
1482;734.48;790.8000;10107.5000;4680.8500;3890.0500;41.7535;0.3793;0.0000;-790.8000;0.0000;6.8165;0.0000;-790.8000;0.0000;6.8165;1.0000;0.0000;0.0000;0.0000;0.0000
1483;734.75;792.6000;10072.0500;4349.3500;3556.7500;38.3293;0.4165;0.0000;-792.6000;0.0000;6.8165;0.0000;-792.6000;0.0000;6.8165;1.0000;0.0000;0.0000;0.0000;0.0000
1484;735.02;777.5500;9987.7000;4071.9000;3294.3500;35.7687;0.4465;0.0000;-777.5500;0.0000;6.8165;0.0000;-777.5500;0.0000;6.8165;1.0000;0.0000;0.0000;0.0000;0.0000
1485;735.29;778.3000;9832.6500;3791.4500;3013.1500;33.2785;0.4778;0.0000;-778.3000;0.0000;6.8165;0.0000;-778.3000;0.0000;6.8165;1.0000;0.0000;0.0000;0.0000;0.0000
1486;735.55;792.6000;9558.4000;3523.0000;2730.4000;31.1483;0.5066;0.0000;-792.6000;0.0000;6.8165;0.0000;-792.6000;0.0000;6.8165;1.0000;0.0000;0.0000;0.0000;0.0000
1487;735.82;794.0500;9400.8500;3240.7000;2446.6500;28.4269;0.5463;0.0000;-794.0500;0.0000;6.8165;0.0000;-794.0500;0.0000;6.8165;1.0000;0.0000;0.0000;0.0000;0.0000
1488;736.09;778.4500;9184.7000;2969.9500;2191.5000;26.0699;0.5839;0.0000;-778.4500;0.0000;6.8165;0.0000;-778.4500;0.0000;6.8165;1.0000;0.0000;0.0000;0.0000;0.0000
1489;736.36;784.1000;9024.8000;2818.5000;2034.4000;24.6872;0.6075;0.0000;-784.1000;0.0000;6.8165;0.0000;-784.1000;0.0000;6.8165;1.0000;0.0000;0.0000;0.0000;0.0000
1490;736.62;783.1000;8887.4500;2647.3000;1864.2000;23.0025;0.6382;0.0000;-783.1000;0.0000;6.8165;0.0000;-783.1000;0.0000;6.8165;1.0000;0.0000;0.0000;0.0000;0.0000
1491;736.89;787.5500;8680.5000;2514.1500;1726.6000;21.8752;0.6600;0.0000;-787.5500;0.0000;6.8165;0.0000;-787.5500;0.0000;6.8165;1.0000;0.0000;0.0000;0.0000;0.0000
1492;737.16;778.9500;8539.5500;2393.5500;1614.6000;20.8051;0.6818;0.0000;-778.9500;0.0000;6.8165;0.0000;-778.9500;0.0000;6.8165;1.0000;0.0000;0.0000;0.0000;0.0000
1493;737.43;791.9000;8391.4000;2298.3000;1506.4000;19.8224;0.7028;0.0000;-791.9000;0.0000;6.8165;0.0000;-791.9000;0.0000;6.8165;1.0000;0.0000;0.0000;0.0000;0.0000
1494;737.69;782.5000;8312.1500;2214.1500;1431.6500;19.0135;0.7209;0.0000;-782.5000;0.0000;6.8165;0.0000;-782.5000;0.0000;6.8165;1.0000;0.0000;0.0000;0.0000;0.0000
1495;737.96;796.0000;8142.9000;2106.5000;1310.5000;17.8375;0.7487;0.0000;-796.0000;0.0000;6.8165;0.0000;-796.0000;0.0000;6.8165;1.0000;0.0000;0.0000;0.0000;0.0000
1496;738.23;784.0000;8017.0000;2060.5500;1276.5500;17.6490;0.7533;0.0000;-784.0000;0.0000;6.8165;0.0000;-784.0000;0.0000;6.8165;1.0000;0.0000;0.0000;0.0000;0.0000
1497;738.49;795.4500;7902.8500;2010.6500;1215.2000;17.0977;0.7671;0.0000;-795.4500;0.0000;6.8165;0.0000;-795.4500;0.0000;6.8165;1.0000;0.0000;0.0000;0.0000;0.0000
1498;738.76;790.7500;7745.4500;1990.0500;1199.3000;17.2445;0.7634;0.0000;-790.7500;0.0000;6.8165;0.0000;-790.7500;0.0000;6.8165;1.0000;0.0000;0.0000;0.0000;0.0000
1499;739.03;789.6000;7702.8500;1949.1000;1159.5000;16.7721;0.7754;0.0000;-789.6000;0.0000;6.8165;0.0000;-789.6000;0.0000;6.8165;1.0000;0.0000;0.0000;0.0000;0.0000
1500;739.29;784.0500;7614.8500;1930.8000;1146.7500;16.7879;0.7750;0.0000;-784.0500;0.0000;6.8165;0.0000;-784.0500;0.0000;6.8165;1.0000;0.0000;0.0000;0.0000;0.0000
1501;739.56;793.2500;7523.9500;1913.2000;1119.9500;16.6394;0.7789;0.0000;-793.2500;0.0000;6.8165;0.0000;-793.2500;0.0000;6.8165;1.0000;0.0000;0.0000;0.0000;0.0000
1502;739.83;776.1500;7368.8500;1900.2000;1124.0500;17.0499;0.7683;0.0000;-776.1500;0.0000;6.8165;0.0000;-776.1500;0.0000;6.8165;1.0000;0.0000;0.0000;0.0000;0.0000
1503;740.09;776.0500;7269.5500;1860.6500;1084.6000;16.7029;0.7772;0.0000;-776.0500;0.0000;6.8165;0.0000;-776.0500;0.0000;6.8165;1.0000;0.0000;0.0000;0.0000;0.0000
1504;740.36;787.3500;7279.5000;1864.3500;1077.0000;16.5893;0.7802;0.0000;-787.3500;0.0000;6.8165;0.0000;-787.3500;0.0000;6.8165;1.0000;0.0000;0.0000;0.0000;0.0000
1505;740.62;788.1000;7119.0000;1852.0500;1063.9500;16.8057;0.7745;0.0000;-788.1000;0.0000;6.8165;0.0000;-788.1000;0.0000;6.8165;1.0000;0.0000;0.0000;0.0000;0.0000
1506;740.89;795.5000;6972.6500;1826.9500;1031.4500;16.6978;0.7773;0.0000;-795.5000;0.0000;6.8165;0.0000;-795.5000;0.0000;6.8165;1.0000;0.0000;0.0000;0.0000;0.0000
1507;741.16;793.1500;6849.1500;1835.9000;1042.7500;17.2185;0.7640;0.0000;-793.1500;0.0000;6.8165;0.0000;-793.1500;0.0000;6.8165;1.0000;0.0000;0.0000;0.0000;0.0000
1508;741.42;782.0000;6672.9000;1776.2500;994.2500;16.8777;0.7727;0.0000;-782.0000;0.0000;6.8165;0.0000;-782.0000;0.0000;6.8165;1.0000;0.0000;0.0000;0.0000;0.0000
1509;741.69;782.4000;6542.1500;1765.9000;983.5000;17.0754;0.7676;0.0000;-782.4000;0.0000;6.8165;0.0000;-782.4000;0.0000;6.8165;1.0000;0.0000;0.0000;0.0000;0.0000
1510;741.95;783.8500;6452.1500;1765.2000;981.3500;17.3130;0.7616;0.0000;-783.8500;0.0000;6.8165;0.0000;-783.8500;0.0000;6.8165;1.0000;0.0000;0.0000;0.0000;0.0000
1511;742.22;797.7500;6419.7000;1766.1000;968.3500;17.2245;0.7639;0.0000;-797.7500;0.0000;6.8165;0.0000;-797.7500;0.0000;6.8165;1.0000;0.0000;0.0000;0.0000;0.0000
1512;742.48;803.2500;6165.1000;1743.3000;940.0500;17.5322;0.7562;0.0000;-803.2500;0.0000;6.8165;0.0000;-803.2500;0.0000;6.8165;1.0000;0.0000;0.0000;0.0000;0.0000
1513;742.75;794.2000;6004.4500;1744.8500;950.6500;18.2458;0.7388;0.0000;-794.2000;0.0000;6.8165;0.0000;-794.2000;0.0000;6.8165;1.0000;0.0000;0.0000;0.0000;0.0000
1514;743.01;781.0500;5866.7500;1742.3500;961.3000;18.9020;0.7235;0.0000;-781.0500;0.0000;6.8165;0.0000;-781.0500;0.0000;6.8165;1.0000;0.0000;0.0000;0.0000;0.0000
1515;743.28;772.8500;5719.5500;1728.7000;955.8500;19.3230;0.7139;0.0000;-772.8500;0.0000;6.8165;0.0000;-772.8500;0.0000;6.8165;1.0000;0.0000;0.0000;0.0000;0.0000
1516;743.54;773.1500;5568.8500;1743.5000;970.3500;20.2338;0.6939;0.0000;-773.1500;0.0000;6.8165;0.0000;-773.1500;0.0000;6.8165;1.0000;0.0000;0.0000;0.0000;0.0000
1517;743.81;788.1500;5495.7000;1768.2000;980.0500;20.8187;0.6815;0.0000;-788.1500;0.0000;6.8165;0.0000;-788.1500;0.0000;6.8165;1.0000;0.0000;0.0000;0.0000;0.0000
1518;744.07;769.7500;5321.4000;1735.8500;966.1000;21.2253;0.6731;0.0000;-769.7500;0.0000;6.8165;0.0000;-769.7500;0.0000;6.8165;1.0000;0.0000;0.0000;0.0000;0.0000
1519;744.34;778.8000;5232.0000;1755.1000;976.3000;21.9236;0.6591;0.0000;-778.8000;0.0000;6.8165;0.0000;-778.8000;0.0000;6.8165;1.0000;0.0000;0.0000;0.0000;0.0000
1520;744.60;778.4000;5070.7000;1719.6000;941.2000;21.9276;0.6590;0.0000;-778.4000;0.0000;6.8165;0.0000;-778.4000;0.0000;6.8165;1.0000;0.0000;0.0000;0.0000;0.0000
1521;744.87;784.4000;4918.5500;1710.8000;926.4000;22.4085;0.6496;0.0000;-784.4000;0.0000;6.8165;0.0000;-784.4000;0.0000;6.8165;1.0000;0.0000;0.0000;0.0000;0.0000
1522;745.13;784.1500;4790.1500;1711.7500;927.6000;23.1553;0.6354;0.0000;-784.1500;0.0000;6.8165;0.0000;-784.1500;0.0000;6.8165;1.0000;0.0000;0.0000;0.0000;0.0000
1523;745.39;780.6000;4634.3500;1717.6000;937.0000;24.3140;0.6141;0.0000;-780.6000;0.0000;6.8165;0.0000;-780.6000;0.0000;6.8165;1.0000;0.0000;0.0000;0.0000;0.0000
1524;745.66;799.2500;4495.4500;1679.5500;880.3000;23.8164;0.6231;0.0000;-799.2500;0.0000;6.8165;0.0000;-799.2500;0.0000;6.8165;1.0000;0.0000;0.0000;0.0000;0.0000
1525;745.92;783.0000;4434.4500;1642.3000;859.3000;23.5331;0.6283;0.0000;-783.0000;0.0000;6.8165;0.0000;-783.0000;0.0000;6.8165;1.0000;0.0000;0.0000;0.0000;0.0000
1526;746.19;776.8000;4291.0000;1612.3500;835.5500;23.7764;0.6239;0.0000;-776.8000;0.0000;6.8165;0.0000;-776.8000;0.0000;6.8165;1.0000;0.0000;0.0000;0.0000;0.0000
1527;746.45;773.4500;4167.4000;1602.7500;829.3000;24.4347;0.6120;0.0000;-773.4500;0.0000;6.8165;0.0000;-773.4500;0.0000;6.8165;1.0000;0.0000;0.0000;0.0000;0.0000
1528;746.71;766.7000;4040.9500;1557.2500;790.5500;24.1445;0.6172;0.0000;-766.7000;0.0000;6.8165;0.0000;-766.7000;0.0000;6.8165;1.0000;0.0000;0.0000;0.0000;0.0000
1529;746.98;777.3500;3984.3500;1534.5000;757.1500;23.6093;0.6269;0.0000;-777.3500;0.0000;6.8165;0.0000;-777.3500;0.0000;6.8165;1.0000;0.0000;0.0000;0.0000;0.0000
1530;747.24;788.2000;3902.5000;1517.2500;729.0500;23.4098;0.6306;0.0000;-788.2000;0.0000;6.8165;0.0000;-788.2000;0.0000;6.8165;1.0000;0.0000;0.0000;0.0000;0.0000
1531;747.50;780.3500;3836.0500;1480.6000;700.2500;22.9162;0.6399;0.0000;-780.3500;0.0000;6.8165;0.0000;-780.3500;0.0000;6.8165;1.0000;0.0000;0.0000;0.0000;0.0000
1532;747.77;786.2000;3716.2500;1455.8000;669.6000;22.8529;0.6411;0.0000;-786.2000;0.0000;6.8165;0.0000;-786.2000;0.0000;6.8165;1.0000;0.0000;0.0000;0.0000;0.0000
1533;748.03;784.3500;3645.6500;1436.5500;652.2000;22.7938;0.6422;0.0000;-784.3500;0.0000;6.8165;0.0000;-784.3500;0.0000;6.8165;1.0000;0.0000;0.0000;0.0000;0.0000
1534;748.29;798.4000;3604.2000;1435.7000;637.3000;22.7137;0.6437;0.0000;-798.4000;0.0000;6.8165;0.0000;-798.4000;0.0000;6.8165;1.0000;0.0000;0.0000;0.0000;0.0000
1535;748.56;793.4000;3520.5500;1420.4000;627.0000;22.9910;0.6384;0.0000;-793.4000;0.0000;6.8165;0.0000;-793.4000;0.0000;6.8165;1.0000;0.0000;0.0000;0.0000;0.0000
1536;748.82;793.8000;3419.3500;1392.3500;598.5500;22.7971;0.6421;0.0000;-793.8000;0.0000;6.8165;0.0000;-793.8000;0.0000;6.8165;1.0000;0.0000;0.0000;0.0000;0.0000
1537;749.08;782.4000;3334.5500;1368.8000;586.4000;22.9767;0.6387;0.0000;-782.4000;0.0000;6.8165;0.0000;-782.4000;0.0000;6.8165;1.0000;0.0000;0.0000;0.0000;0.0000
1538;749.34;789.0500;3291.4000;1341.9000;552.8500;22.0932;0.6557;0.0000;-789.0500;0.0000;6.8165;0.0000;-789.0500;0.0000;6.8165;1.0000;0.0000;0.0000;0.0000;0.0000
1539;749.61;790.1500;3305.8500;1361.4500;571.3000;22.7094;0.6438;0.0000;-790.1500;0.0000;6.8165;0.0000;-790.1500;0.0000;6.8165;1.0000;0.0000;0.0000;0.0000;0.0000
1540;749.87;789.7500;3252.5000;1368.2000;578.4500;23.4880;0.6292;0.0000;-789.7500;0.0000;6.8165;0.0000;-789.7500;0.0000;6.8165;1.0000;0.0000;0.0000;0.0000;0.0000
1541;750.13;786.8500;3168.0500;1353.1500;566.3000;23.7821;0.6237;0.0000;-786.8500;0.0000;6.8165;0.0000;-786.8500;0.0000;6.8165;1.0000;0.0000;0.0000;0.0000;0.0000
1542;750.39;788.4500;3098.1000;1347.6500;559.2000;24.2115;0.6160;0.0000;-788.4500;0.0000;6.8165;0.0000;-788.4500;0.0000;6.8165;1.0000;0.0000;0.0000;0.0000;0.0000
1543;750.65;784.6000;3053.8500;1346.3000;561.7000;24.7527;0.6064;0.0000;-784.6000;0.0000;6.8165;0.0000;-784.6000;0.0000;6.8165;1.0000;0.0000;0.0000;0.0000;0.0000
1544;750.92;774.0000;3000.9000;1358.5500;584.5500;26.2495;0.5809;0.0000;-774.0000;0.0000;6.8165;0.0000;-774.0000;0.0000;6.8165;1.0000;0.0000;0.0000;0.0000;0.0000
1545;751.18;785.1500;2971.3500;1364.3500;579.2000;26.4935;0.5769;0.0000;-785.1500;0.0000;6.8165;0.0000;-785.1500;0.0000;6.8165;1.0000;0.0000;0.0000;0.0000;0.0000
1546;751.44;791.8000;2907.4500;1365.2500;573.4500;27.1051;0.5669;0.0000;-791.8000;0.0000;6.8165;0.0000;-791.8000;0.0000;6.8165;1.0000;0.0000;0.0000;0.0000;0.0000
1547;751.70;785.9500;2864.7000;1367.3000;581.3500;27.9663;0.5534;0.0000;-785.9500;0.0000;6.8165;0.0000;-785.9500;0.0000;6.8165;1.0000;0.0000;0.0000;0.0000;0.0000
1548;751.96;786.3500;2783.9000;1381.1500;594.8000;29.7765;0.5261;0.0000;-786.3500;0.0000;6.8165;0.0000;-786.3500;0.0000;6.8165;1.0000;0.0000;0.0000;0.0000;0.0000
1549;752.23;787.3000;2706.4500;1381.8500;594.5500;30.9799;0.5089;0.0000;-787.3000;0.0000;6.8165;0.0000;-787.3000;0.0000;6.8165;1.0000;0.0000;0.0000;0.0000;0.0000
1550;752.49;781.1500;2692.1000;1390.1500;609.0000;31.8690;0.4966;0.0000;-781.1500;0.0000;6.8165;0.0000;-781.1500;0.0000;6.8165;1.0000;0.0000;0.0000;0.0000;0.0000
1551;752.75;781.2000;2658.7000;1406.0000;624.8000;33.2783;0.4778;0.0000;-781.2000;0.0000;6.8165;0.0000;-781.2000;0.0000;6.8165;1.0000;0.0000;0.0000;0.0000;0.0000
1552;753.01;774.6000;2634.1000;1412.7000;638.1000;34.3157;0.4645;0.0000;-774.6000;0.0000;6.8165;0.0000;-774.6000;0.0000;6.8165;1.0000;0.0000;0.0000;0.0000;0.0000
1553;753.27;795.1500;2606.2500;1414.8000;619.6500;34.2140;0.4658;0.0000;-795.1500;0.0000;6.8165;0.0000;-795.1500;0.0000;6.8165;1.0000;0.0000;0.0000;0.0000;0.0000
1554;753.53;787.7500;2592.9000;1421.7500;634.0000;35.1217;0.4544;0.0000;-787.7500;0.0000;6.8165;0.0000;-787.7500;0.0000;6.8165;1.0000;0.0000;0.0000;0.0000;0.0000
1555;753.79;790.3000;2578.2500;1437.9000;647.6000;36.2203;0.4410;0.0000;-790.3000;0.0000;6.8165;0.0000;-790.3000;0.0000;6.8165;1.0000;0.0000;0.0000;0.0000;0.0000
1556;754.05;788.5500;2544.5500;1441.4500;652.9000;37.1811;0.4297;0.0000;-788.5500;0.0000;6.8165;0.0000;-788.5500;0.0000;6.8165;1.0000;0.0000;0.0000;0.0000;0.0000
1557;754.31;795.2500;2506.0000;1461.5000;666.2500;38.9449;0.4095;0.0000;-795.2500;0.0000;6.8165;0.0000;-795.2500;0.0000;6.8165;1.0000;0.0000;0.0000;0.0000;0.0000
1558;754.57;787.9500;2445.8000;1439.5000;651.5500;39.3009;0.4056;0.0000;-787.9500;0.0000;6.8165;0.0000;-787.9500;0.0000;6.8165;1.0000;0.0000;0.0000;0.0000;0.0000
1559;754.84;789.8000;2398.0500;1465.1500;675.3500;41.9928;0.3768;0.0000;-789.8000;0.0000;6.8165;0.0000;-789.8000;0.0000;6.8165;1.0000;0.0000;0.0000;0.0000;0.0000
1560;755.10;787.5500;2375.5500;1452.6500;665.1000;41.8829;0.3780;0.0000;-787.5500;0.0000;6.8165;0.0000;-787.5500;0.0000;6.8165;1.0000;0.0000;0.0000;0.0000;0.0000
1561;755.36;797.0500;2379.9000;1467.0000;669.9500;42.3256;0.3734;0.0000;-797.0500;0.0000;6.8165;0.0000;-797.0500;0.0000;6.8165;1.0000;0.0000;0.0000;0.0000;0.0000
1562;755.62;789.4000;2341.2000;1458.4000;669.0000;43.1112;0.3654;0.0000;-789.4000;0.0000;6.8165;0.0000;-789.4000;0.0000;6.8165;1.0000;0.0000;0.0000;0.0000;0.0000
1563;755.88;765.9000;2326.7000;1500.2000;734.3000;47.0464;0.3275;0.0000;-765.9000;0.0000;6.8165;0.0000;-765.9000;0.0000;6.8165;1.0000;0.0000;0.0000;0.0000;0.0000
1564;756.14;780.0000;2285.8500;1501.2000;721.2000;47.8932;0.3197;0.0000;-780.0000;0.0000;6.8165;0.0000;-780.0000;0.0000;6.8165;1.0000;0.0000;0.0000;0.0000;0.0000
1565;756.40;780.2000;2284.0500;1499.0500;718.8500;47.8006;0.3206;0.0000;-780.2000;0.0000;6.8165;0.0000;-780.2000;0.0000;6.8165;1.0000;0.0000;0.0000;0.0000;0.0000
1566;756.66;777.8000;2229.1500;1507.1500;729.3500;50.2532;0.2988;0.0000;-777.8000;0.0000;6.8165;0.0000;-777.8000;0.0000;6.8165;1.0000;0.0000;0.0000;0.0000;0.0000
1567;756.92;786.7000;2204.9000;1493.3000;706.6000;49.8237;0.3026;0.0000;-786.7000;0.0000;6.8165;0.0000;-786.7000;0.0000;6.8165;1.0000;0.0000;0.0000;0.0000;0.0000
1568;757.18;782.1500;2212.0500;1506.3500;724.2000;50.6469;0.2954;0.0000;-782.1500;0.0000;6.8165;0.0000;-782.1500;0.0000;6.8165;1.0000;0.0000;0.0000;0.0000;0.0000
1569;757.43;787.2500;2211.8500;1531.4500;744.2000;52.2392;0.2820;0.0000;-787.2500;0.0000;6.8165;0.0000;-787.2500;0.0000;6.8165;1.0000;0.0000;0.0000;0.0000;0.0000
1570;757.69;792.4500;2202.2000;1527.4000;734.9500;52.1334;0.2829;0.0000;-792.4500;0.0000;6.8165;0.0000;-792.4500;0.0000;6.8165;1.0000;0.0000;0.0000;0.0000;0.0000
1571;757.95;796.2000;2211.1500;1553.2500;757.0500;53.5037;0.2716;0.0000;-796.2000;0.0000;6.8165;0.0000;-796.2000;0.0000;6.8165;1.0000;0.0000;0.0000;0.0000;0.0000
1572;758.21;798.1000;2189.6500;1578.4500;780.3500;56.0778;0.2512;0.0000;-798.1000;0.0000;6.8165;0.0000;-798.1000;0.0000;6.8165;1.0000;0.0000;0.0000;0.0000;0.0000
1573;758.47;785.1500;2142.7000;1581.4500;796.3000;58.6571;0.2317;0.0000;-785.1500;0.0000;6.8165;0.0000;-785.1500;0.0000;6.8165;1.0000;0.0000;0.0000;0.0000;0.0000
1574;758.73;785.6000;2132.3000;1578.5500;792.9500;58.8810;0.2300;0.0000;-785.6000;0.0000;6.8165;0.0000;-785.6000;0.0000;6.8165;1.0000;0.0000;0.0000;0.0000;0.0000
1575;758.99;776.4500;2126.1500;1590.4000;813.9500;60.3060;0.2196;0.0000;-776.4500;0.0000;6.8165;0.0000;-776.4500;0.0000;6.8165;1.0000;0.0000;0.0000;0.0000;0.0000
1576;759.25;787.0500;2137.3000;1605.3500;818.3000;60.6036;0.2175;0.0000;-787.0500;0.0000;6.8165;0.0000;-787.0500;0.0000;6.8165;1.0000;0.0000;0.0000;0.0000;0.0000
1577;759.51;783.5500;2132.4500;1620.2000;836.6500;62.0246;0.2074;0.0000;-783.5500;0.0000;6.8165;0.0000;-783.5500;0.0000;6.8165;1.0000;0.0000;0.0000;0.0000;0.0000
1578;759.77;782.5000;2161.4000;1651.5500;869.0500;63.0249;0.2005;0.0000;-782.5000;0.0000;6.8165;0.0000;-782.5000;0.0000;6.8165;1.0000;0.0000;0.0000;0.0000;0.0000
1579;760.02;781.7500;2157.1000;1643.4000;861.6500;62.6495;0.2031;0.0000;-781.7500;0.0000;6.8165;0.0000;-781.7500;0.0000;6.8165;1.0000;0.0000;0.0000;0.0000;0.0000
1580;760.28;802.1000;2152.5500;1670.7500;868.6500;64.3230;0.1916;0.0000;-802.1000;0.0000;6.8165;0.0000;-802.1000;0.0000;6.8165;1.0000;0.0000;0.0000;0.0000;0.0000
1581;760.54;795.9000;2144.6000;1697.4500;901.5500;66.8459;0.1749;0.0000;-795.9000;0.0000;6.8165;0.0000;-795.9000;0.0000;6.8165;1.0000;0.0000;0.0000;0.0000;0.0000
1582;760.80;791.6000;2147.7000;1692.1500;900.5500;66.4073;0.1778;0.0000;-791.6000;0.0000;6.8165;0.0000;-791.6000;0.0000;6.8165;1.0000;0.0000;0.0000;0.0000;0.0000
1583;761.06;778.1500;2152.2000;1699.2500;921.1000;67.0354;0.1737;0.0000;-778.1500;0.0000;6.8165;0.0000;-778.1500;0.0000;6.8165;1.0000;0.0000;0.0000;0.0000;0.0000
1584;761.32;784.9000;2138.0500;1718.5500;933.6500;68.9983;0.1612;0.0000;-784.9000;0.0000;6.8165;0.0000;-784.9000;0.0000;6.8165;1.0000;0.0000;0.0000;0.0000;0.0000
1585;761.57;784.1500;2108.0500;1690.1500;906.0000;68.4342;0.1647;0.0000;-784.1500;0.0000;6.8165;0.0000;-784.1500;0.0000;6.8165;1.0000;0.0000;0.0000;0.0000;0.0000
1586;761.83;778.9500;2102.4500;1717.5000;938.5500;70.9142;0.1493;0.0000;-778.9500;0.0000;6.8165;0.0000;-778.9500;0.0000;6.8165;1.0000;0.0000;0.0000;0.0000;0.0000
1587;762.09;782.9500;2132.2500;1718.0000;935.0500;69.2989;0.1593;0.0000;-782.9500;0.0000;6.8165;0.0000;-782.9500;0.0000;6.8165;1.0000;0.0000;0.0000;0.0000;0.0000
1588;762.35;794.6000;2144.8000;1750.4500;955.8500;70.7932;0.1500;0.0000;-794.6000;0.0000;6.8165;0.0000;-794.6000;0.0000;6.8165;1.0000;0.0000;0.0000;0.0000;0.0000
1589;762.60;781.9500;2147.3000;1757.0500;975.1000;71.4176;0.1462;0.0000;-781.9500;0.0000;6.8165;0.0000;-781.9500;0.0000;6.8165;1.0000;0.0000;0.0000;0.0000;0.0000
1590;762.86;779.2500;2143.6000;1772.8000;993.5500;72.8222;0.1377;0.0000;-779.2500;0.0000;6.8165;0.0000;-779.2500;0.0000;6.8165;1.0000;0.0000;0.0000;0.0000;0.0000
1591;763.12;770.7000;2150.8500;1815.9500;1045.2500;75.7345;0.1207;0.0000;-770.7000;0.0000;6.8165;0.0000;-770.7000;0.0000;6.8165;1.0000;0.0000;0.0000;0.0000;0.0000
1592;763.38;781.5000;2172.6500;1874.1500;1092.6500;78.5429;0.1049;0.0000;-781.5000;0.0000;6.8165;0.0000;-781.5000;0.0000;6.8165;1.0000;0.0000;0.0000;0.0000;0.0000
1593;763.63;770.1500;2246.2000;1883.6000;1113.4500;75.4344;0.1224;0.0000;-770.1500;0.0000;6.8165;0.0000;-770.1500;0.0000;6.8165;1.0000;0.0000;0.0000;0.0000;0.0000
1594;763.89;787.5500;2317.5500;1952.0500;1164.5000;76.1111;0.1186;0.0000;-787.5500;0.0000;6.8165;0.0000;-787.5500;0.0000;6.8165;1.0000;0.0000;0.0000;0.0000;0.0000
1595;764.15;775.5000;2463.6500;2054.7500;1279.2500;75.7782;0.1205;0.0000;-775.5000;0.0000;6.8165;0.0000;-775.5000;0.0000;6.8165;1.0000;0.0000;0.0000;0.0000;0.0000
1596;764.40;784.2000;2600.0500;2189.9000;1405.7000;77.4128;0.1112;0.0000;-784.2000;0.0000;6.8165;0.0000;-784.2000;0.0000;6.8165;1.0000;0.0000;0.0000;0.0000;0.0000
1597;764.66;786.1000;2697.7500;2298.4500;1512.3500;79.1123;0.1018;0.0000;-786.1000;0.0000;6.8165;0.0000;-786.1000;0.0000;6.8165;1.0000;0.0000;0.0000;0.0000;0.0000
1598;764.92;789.2500;2836.9500;2395.9500;1606.7000;78.4636;0.1053;0.0000;-789.2500;0.0000;6.8165;0.0000;-789.2500;0.0000;6.8165;1.0000;0.0000;0.0000;0.0000;0.0000
1599;765.17;791.1000;2912.3000;2463.8500;1672.7500;78.8587;0.1032;0.0000;-791.1000;0.0000;6.8165;0.0000;-791.1000;0.0000;6.8165;1.0000;0.0000;0.0000;0.0000;0.0000
1600;765.43;800.2500;2859.8500;2443.5000;1643.2500;79.7849;0.0981;0.0000;-800.2500;0.0000;6.8165;0.0000;-800.2500;0.0000;6.8165;1.0000;0.0000;0.0000;0.0000;0.0000
1601;765.69;792.6500;2799.5500;2402.4000;1609.7500;80.2108;0.0958;0.0000;-792.6500;0.0000;6.8165;0.0000;-792.6500;0.0000;6.8165;1.0000;0.0000;0.0000;0.0000;0.0000
1602;765.94;801.8500;2696.4000;2312.3500;1510.5000;79.7287;0.0984;0.0000;-801.8500;0.0000;6.8165;0.0000;-801.8500;0.0000;6.8165;1.0000;0.0000;0.0000;0.0000;0.0000
1603;766.20;782.3500;2593.0500;2198.2500;1415.9000;78.1963;0.1068;0.0000;-782.3500;0.0000;6.8165;0.0000;-782.3500;0.0000;6.8165;1.0000;0.0000;0.0000;0.0000;0.0000
1604;766.45;773.7000;2442.4500;2115.4500;1341.7500;80.4045;0.0947;0.0000;-773.7000;0.0000;6.8165;0.0000;-773.7000;0.0000;6.8165;1.0000;0.0000;0.0000;0.0000;0.0000
1605;766.71;785.0500;2360.3500;2056.8500;1271.8000;80.7338;0.0929;0.0000;-785.0500;0.0000;6.8165;0.0000;-785.0500;0.0000;6.8165;1.0000;0.0000;0.0000;0.0000;0.0000
1606;766.97;795.0500;2272.7000;2018.5000;1223.4500;82.7970;0.0820;0.0000;-795.0500;0.0000;6.8165;0.0000;-795.0500;0.0000;6.8165;1.0000;0.0000;0.0000;0.0000;0.0000
1607;767.22;796.9000;2154.6000;1946.3500;1149.4500;84.6616;0.0723;0.0000;-796.9000;0.0000;6.8165;0.0000;-796.9000;0.0000;6.8165;1.0000;0.0000;0.0000;0.0000;0.0000
1608;767.48;797.8000;2047.3500;1849.0500;1051.2500;84.1303;0.0750;0.0000;-797.8000;0.0000;6.8165;0.0000;-797.8000;0.0000;6.8165;1.0000;0.0000;0.0000;0.0000;0.0000
1609;767.73;802.3500;1927.5500;1794.3000;991.9500;88.1577;0.0547;0.0000;-802.3500;0.0000;6.8165;0.0000;-802.3500;0.0000;6.8165;1.0000;0.0000;0.0000;0.0000;0.0000
1610;767.99;797.5000;1891.0000;1728.8000;931.3000;85.1669;0.0697;0.0000;-797.5000;0.0000;6.8165;0.0000;-797.5000;0.0000;6.8165;1.0000;0.0000;0.0000;0.0000;0.0000
1611;768.24;790.2000;1855.7500;1694.8000;904.6000;84.8951;0.0711;0.0000;-790.2000;0.0000;6.8165;0.0000;-790.2000;0.0000;6.8165;1.0000;0.0000;0.0000;0.0000;0.0000
1612;768.50;792.5000;1815.8000;1685.0000;892.5000;87.2178;0.0594;0.0000;-792.5000;0.0000;6.8165;0.0000;-792.5000;0.0000;6.8165;1.0000;0.0000;0.0000;0.0000;0.0000
1613;768.75;788.7500;1776.8000;1646.5000;857.7500;86.8124;0.0614;0.0000;-788.7500;0.0000;6.8165;0.0000;-788.7500;0.0000;6.8165;1.0000;0.0000;0.0000;0.0000;0.0000
1614;769.01;793.7000;1779.8000;1624.5500;830.8500;84.2562;0.0744;0.0000;-793.7000;0.0000;6.8165;0.0000;-793.7000;0.0000;6.8165;1.0000;0.0000;0.0000;0.0000;0.0000
1615;769.26;790.1500;1741.4500;1633.4500;843.3000;88.6471;0.0523;0.0000;-790.1500;0.0000;6.8165;0.0000;-790.1500;0.0000;6.8165;1.0000;0.0000;0.0000;0.0000;0.0000
1616;769.52;786.2500;1713.5000;1609.9500;823.7000;88.8326;0.0514;0.0000;-786.2500;0.0000;6.8165;0.0000;-786.2500;0.0000;6.8165;1.0000;0.0000;0.0000;0.0000;0.0000
1617;769.77;773.3500;1715.1000;1581.8500;808.5000;85.8508;0.0663;0.0000;-773.3500;0.0000;6.8165;0.0000;-773.3500;0.0000;6.8165;1.0000;0.0000;0.0000;0.0000;0.0000
1618;770.03;785.2500;1657.7500;1588.8000;803.5500;92.0974;0.0358;0.0000;-785.2500;0.0000;6.8165;0.0000;-785.2500;0.0000;6.8165;1.0000;0.0000;0.0000;0.0000;0.0000
1619;770.28;784.9500;1628.1500;1558.0000;773.0500;91.6805;0.0377;0.0000;-784.9500;0.0000;6.8165;0.0000;-784.9500;0.0000;6.8165;1.0000;0.0000;0.0000;0.0000;0.0000
1620;770.54;801.1500;1608.4500;1552.3000;751.1500;93.0447;0.0313;0.0000;-801.1500;0.0000;6.8165;0.0000;-801.1500;0.0000;6.8165;1.0000;0.0000;0.0000;0.0000;0.0000
1621;770.79;799.5000;1581.4500;1525.2000;725.7000;92.8064;0.0324;0.0000;-799.5000;0.0000;6.8165;0.0000;-799.5000;0.0000;6.8165;1.0000;0.0000;0.0000;0.0000;0.0000
1622;771.04;789.3000;1548.2000;1528.9000;739.6000;97.4568;0.0112;0.0000;-789.3000;0.0000;6.8165;0.0000;-789.3000;0.0000;6.8165;1.0000;0.0000;0.0000;0.0000;0.0000
1623;771.30;796.7500;1571.9500;1523.0000;726.2500;93.6855;0.0283;0.0000;-796.7500;0.0000;6.8165;0.0000;-796.7500;0.0000;6.8165;1.0000;0.0000;0.0000;0.0000;0.0000
1624;771.55;787.6500;1543.0500;1507.9000;720.2500;95.3468;0.0207;0.0000;-787.6500;0.0000;6.8165;0.0000;-787.6500;0.0000;6.8165;1.0000;0.0000;0.0000;0.0000;0.0000
1625;771.81;790.8500;1506.5500;1502.2500;711.4000;99.3992;0.0026;0.0000;-790.8500;0.0000;6.8165;0.0000;-790.8500;0.0000;6.8165;1.0000;0.0000;0.0000;0.0000;0.0000
1626;772.06;782.2000;1509.7000;1476.8000;694.6000;95.4777;0.0201;0.0000;-782.2000;0.0000;6.8165;0.0000;-782.2000;0.0000;6.8165;1.0000;0.0000;0.0000;0.0000;0.0000
1627;772.31;787.2500;1467.6000;1465.9000;678.6500;99.7501;0.0011;0.0000;-787.2500;0.0000;6.8165;0.0000;-787.2500;0.0000;6.8165;1.0000;0.0000;0.0000;0.0000;0.0000
1628;772.57;780.8500;1469.6000;1449.3000;668.4500;97.0526;0.0130;0.0000;-780.8500;0.0000;6.8165;0.0000;-780.8500;0.0000;6.8165;1.0000;0.0000;0.0000;0.0000;0.0000
1629;772.82;787.5500;1456.6500;1432.0500;644.5000;96.3234;0.0163;0.0000;-787.5500;0.0000;6.8165;0.0000;-787.5500;0.0000;6.8165;1.0000;0.0000;0.0000;0.0000;0.0000
1630;773.07;778.3000;1436.1500;1417.3500;639.0500;97.1422;0.0126;0.0000;-778.3000;0.0000;6.8165;0.0000;-778.3000;0.0000;6.8165;1.0000;0.0000;0.0000;0.0000;0.0000
1631;773.33;785.7000;1431.7000;1418.5000;632.8000;97.9567;0.0090;0.0000;-785.7000;0.0000;6.8165;0.0000;-785.7000;0.0000;6.8165;1.0000;0.0000;0.0000;0.0000;0.0000
1632;773.58;795.8000;1424.4000;1402.4000;606.6000;96.5002;0.0155;0.0000;-795.8000;0.0000;6.8165;0.0000;-795.8000;0.0000;6.8165;1.0000;0.0000;0.0000;0.0000;0.0000
1633;773.83;787.7500;1411.8500;1415.0500;627.3000;100.5127;-0.0022;0.0000;-787.7500;0.0000;6.8165;0.0000;-787.7500;0.0000;6.8165;1.0000;0.0000;0.0000;0.0000;0.0000
1634;774.09;773.4000;1416.4500;1392.1000;618.7000;96.2134;0.0168;0.0000;-773.4000;0.0000;6.8165;0.0000;-773.4000;0.0000;6.8165;1.0000;0.0000;0.0000;0.0000;0.0000
1635;774.34;782.4000;1382.3500;1389.8000;607.4000;101.2418;-0.0054;0.0000;-782.4000;0.0000;6.8165;0.0000;-782.4000;0.0000;6.8165;1.0000;0.0000;0.0000;0.0000;0.0000
1636;774.59;778.3000;1383.6000;1375.2000;596.9000;98.6123;0.0061;0.0000;-778.3000;0.0000;6.8165;0.0000;-778.3000;0.0000;6.8165;1.0000;0.0000;0.0000;0.0000;0.0000
1637;774.85;771.0000;1367.7500;1372.9000;601.9000;100.8630;-0.0037;0.0000;-771.0000;0.0000;6.8165;0.0000;-771.0000;0.0000;6.8165;1.0000;0.0000;0.0000;0.0000;0.0000
1638;775.10;793.4000;1361.8000;1353.9500;560.5500;98.6189;0.0060;0.0000;-793.4000;0.0000;6.8165;0.0000;-793.4000;0.0000;6.8165;1.0000;0.0000;0.0000;0.0000;0.0000
1639;775.35;791.9500;1328.6000;1356.5000;564.5500;105.1989;-0.0220;0.0000;-791.9500;0.0000;6.8165;0.0000;-791.9500;0.0000;6.8165;1.0000;0.0000;0.0000;0.0000;0.0000
1640;775.60;788.3000;1337.9500;1335.4000;547.1000;99.5361;0.0020;0.0000;-788.3000;0.0000;6.8165;0.0000;-788.3000;0.0000;6.8165;1.0000;0.0000;0.0000;0.0000;0.0000
1641;775.85;791.1000;1332.0000;1344.8500;553.7500;102.3757;-0.0102;0.0000;-791.1000;0.0000;6.8165;0.0000;-791.1000;0.0000;6.8165;1.0000;0.0000;0.0000;0.0000;0.0000
1642;776.11;787.4500;1305.5500;1323.9000;536.4500;103.5418;-0.0151;0.0000;-787.4500;0.0000;6.8165;0.0000;-787.4500;0.0000;6.8165;1.0000;0.0000;0.0000;0.0000;0.0000
1643;776.36;783.9500;1306.0000;1316.8500;532.9000;102.0783;-0.0089;0.0000;-783.9500;0.0000;6.8165;0.0000;-783.9500;0.0000;6.8165;1.0000;0.0000;0.0000;0.0000;0.0000
1644;776.61;791.2500;1308.0500;1311.5500;520.3000;100.6772;-0.0029;0.0000;-791.2500;0.0000;6.8165;0.0000;-791.2500;0.0000;6.8165;1.0000;0.0000;0.0000;0.0000;0.0000
1645;776.86;791.1000;1316.6500;1285.5000;494.4000;94.0729;0.0265;0.0000;-791.1000;0.0000;6.8165;0.0000;-791.1000;0.0000;6.8165;1.0000;0.0000;0.0000;0.0000;0.0000
1646;777.11;772.6500;1304.8000;1278.9500;506.3000;95.1423;0.0216;0.0000;-772.6500;0.0000;6.8165;0.0000;-772.6500;0.0000;6.8165;1.0000;0.0000;0.0000;0.0000;0.0000
1647;777.37;789.9000;1281.9500;1277.4000;487.5000;99.0753;0.0040;0.0000;-789.9000;0.0000;6.8165;0.0000;-789.9000;0.0000;6.8165;1.0000;0.0000;0.0000;0.0000;0.0000
1648;777.62;788.8000;1304.4500;1288.9500;500.1500;96.9941;0.0133;0.0000;-788.8000;0.0000;6.8165;0.0000;-788.8000;0.0000;6.8165;1.0000;0.0000;0.0000;0.0000;0.0000
1649;777.87;795.8500;1285.3000;1297.6000;501.7500;102.5130;-0.0108;0.0000;-795.8500;0.0000;6.8165;0.0000;-795.8500;0.0000;6.8165;1.0000;0.0000;0.0000;0.0000;0.0000
1650;778.12;787.2500;1298.4000;1293.2500;506.0000;98.9925;0.0044;0.0000;-787.2500;0.0000;6.8165;0.0000;-787.2500;0.0000;6.8165;1.0000;0.0000;0.0000;0.0000;0.0000
1651;778.37;791.1000;1272.2000;1273.8500;482.7500;100.3430;-0.0015;0.0000;-791.1000;0.0000;6.8165;0.0000;-791.1000;0.0000;6.8165;1.0000;0.0000;0.0000;0.0000;0.0000
1652;778.62;787.1000;1275.0000;1282.6000;495.5000;101.5577;-0.0067;0.0000;-787.1000;0.0000;6.8165;0.0000;-787.1000;0.0000;6.8165;1.0000;0.0000;0.0000;0.0000;0.0000
1653;778.87;786.5500;1275.3000;1268.7000;482.1500;98.6496;0.0059;0.0000;-786.5500;0.0000;6.8165;0.0000;-786.5500;0.0000;6.8165;1.0000;0.0000;0.0000;0.0000;0.0000
1654;779.12;788.5000;1251.9000;1266.7500;478.2500;103.2046;-0.0137;0.0000;-788.5000;0.0000;6.8165;0.0000;-788.5000;0.0000;6.8165;1.0000;0.0000;0.0000;0.0000;0.0000
1655;779.38;793.3000;1262.9000;1248.6000;455.3000;96.9549;0.0134;0.0000;-793.3000;0.0000;6.8165;0.0000;-793.3000;0.0000;6.8165;1.0000;0.0000;0.0000;0.0000;0.0000
1656;779.63;794.7000;1253.1000;1260.3000;465.6000;101.5707;-0.0068;0.0000;-794.7000;0.0000;6.8165;0.0000;-794.7000;0.0000;6.8165;1.0000;0.0000;0.0000;0.0000;0.0000
1657;779.88;782.5000;1251.7500;1244.3500;461.8500;98.4230;0.0069;0.0000;-782.5000;0.0000;6.8165;0.0000;-782.5000;0.0000;6.8165;1.0000;0.0000;0.0000;0.0000;0.0000
1658;780.13;782.9500;1228.7000;1229.1000;446.1500;100.0897;-0.0004;0.0000;-782.9500;0.0000;6.8165;0.0000;-782.9500;0.0000;6.8165;1.0000;0.0000;0.0000;0.0000;0.0000
1659;780.38;798.5000;1247.5000;1247.9500;449.4500;100.1002;-0.0004;0.0000;-798.5000;0.0000;6.8165;0.0000;-798.5000;0.0000;6.8165;1.0000;0.0000;0.0000;0.0000;0.0000
1660;780.63;805.8500;1247.3000;1233.2500;427.4000;96.8173;0.0140;0.0000;-805.8500;0.0000;6.8165;0.0000;-805.8500;0.0000;6.8165;1.0000;0.0000;0.0000;0.0000;0.0000
1661;780.88;785.3000;1229.0500;1226.7000;441.4000;99.4704;0.0023;0.0000;-785.3000;0.0000;6.8165;0.0000;-785.3000;0.0000;6.8165;1.0000;0.0000;0.0000;0.0000;0.0000
1662;781.13;785.8000;1236.9500;1217.4000;431.6000;95.6666;0.0192;0.0000;-785.8000;0.0000;6.8165;0.0000;-785.8000;0.0000;6.8165;1.0000;0.0000;0.0000;0.0000;0.0000
1663;781.38;792.3500;1245.6000;1214.7500;422.4000;93.1936;0.0306;0.0000;-792.3500;0.0000;6.8165;0.0000;-792.3500;0.0000;6.8165;1.0000;0.0000;0.0000;0.0000;0.0000
1664;781.63;778.5000;1252.3000;1216.8000;438.3000;92.5074;0.0338;0.0000;-778.5000;0.0000;6.8165;0.0000;-778.5000;0.0000;6.8165;1.0000;0.0000;0.0000;0.0000;0.0000
1665;781.88;791.5000;1251.4500;1204.9500;413.4500;89.8902;0.0463;0.0000;-791.5000;0.0000;6.8165;0.0000;-791.5000;0.0000;6.8165;1.0000;0.0000;0.0000;0.0000;0.0000
1666;782.13;795.9500;1222.3000;1205.9000;409.9500;96.1534;0.0170;0.0000;-795.9500;0.0000;6.8165;0.0000;-795.9500;0.0000;6.8165;1.0000;0.0000;0.0000;0.0000;0.0000
1667;782.38;788.6500;1252.8000;1212.1500;423.5000;91.2421;0.0398;0.0000;-788.6500;0.0000;6.8165;0.0000;-788.6500;0.0000;6.8165;1.0000;0.0000;0.0000;0.0000;0.0000
1668;782.63;780.7500;1244.2500;1205.9000;425.1500;91.7260;0.0375;0.0000;-780.7500;0.0000;6.8165;0.0000;-780.7500;0.0000;6.8165;1.0000;0.0000;0.0000;0.0000;0.0000
1669;782.88;791.2000;1252.3000;1182.4500;391.2500;84.8514;0.0713;0.0000;-791.2000;0.0000;6.8165;0.0000;-791.2000;0.0000;6.8165;1.0000;0.0000;0.0000;0.0000;0.0000
1670;783.13;789.2000;1231.9000;1214.1000;424.9000;95.9792;0.0178;0.0000;-789.2000;0.0000;6.8165;0.0000;-789.2000;0.0000;6.8165;1.0000;0.0000;0.0000;0.0000;0.0000
1671;783.38;792.5000;1240.7000;1206.0500;413.5500;92.2691;0.0349;0.0000;-792.5000;0.0000;6.8165;0.0000;-792.5000;0.0000;6.8165;1.0000;0.0000;0.0000;0.0000;0.0000
1672;783.62;803.2500;1233.2500;1192.2000;388.9500;90.4535;0.0436;0.0000;-803.2500;0.0000;6.8165;0.0000;-803.2500;0.0000;6.8165;1.0000;0.0000;0.0000;0.0000;0.0000
1673;783.87;792.3500;1228.8000;1196.1500;403.8000;92.5192;0.0338;0.0000;-792.3500;0.0000;6.8165;0.0000;-792.3500;0.0000;6.8165;1.0000;0.0000;0.0000;0.0000;0.0000
1674;784.12;774.2000;1251.4000;1189.4000;415.2000;87.0075;0.0604;0.0000;-774.2000;0.0000;6.8165;0.0000;-774.2000;0.0000;6.8165;1.0000;0.0000;0.0000;0.0000;0.0000
1675;784.37;784.0500;1252.7500;1192.4500;408.4000;87.1346;0.0598;0.0000;-784.0500;0.0000;6.8165;0.0000;-784.0500;0.0000;6.8165;1.0000;0.0000;0.0000;0.0000;0.0000
1676;784.62;783.2000;1250.5000;1200.8000;417.6000;89.3644;0.0488;0.0000;-783.2000;0.0000;6.8165;0.0000;-783.2000;0.0000;6.8165;1.0000;0.0000;0.0000;0.0000;0.0000
1677;784.87;788.6000;1249.5000;1194.5500;405.9500;88.0777;0.0551;0.0000;-788.6000;0.0000;6.8165;0.0000;-788.6000;0.0000;6.8165;1.0000;0.0000;0.0000;0.0000;0.0000
1678;785.12;799.4500;1234.2000;1186.0500;386.6000;88.9247;0.0510;0.0000;-799.4500;0.0000;6.8165;0.0000;-799.4500;0.0000;6.8165;1.0000;0.0000;0.0000;0.0000;0.0000
1679;785.37;794.6500;1245.0500;1174.3000;379.6500;84.2917;0.0742;0.0000;-794.6500;0.0000;6.8165;0.0000;-794.6500;0.0000;6.8165;1.0000;0.0000;0.0000;0.0000;0.0000
1680;785.61;787.8000;1257.6000;1186.6500;398.8500;84.8978;0.0711;0.0000;-787.8000;0.0000;6.8165;0.0000;-787.8000;0.0000;6.8165;1.0000;0.0000;0.0000;0.0000;0.0000
1681;785.86;785.6500;1246.2500;1153.5500;367.9000;79.8741;0.0976;0.0000;-785.6500;0.0000;6.8165;0.0000;-785.6500;0.0000;6.8165;1.0000;0.0000;0.0000;0.0000;0.0000
1682;786.11;790.4000;1267.2500;1149.9500;359.5500;75.4011;0.1226;0.0000;-790.4000;0.0000;6.8165;0.0000;-790.4000;0.0000;6.8165;1.0000;0.0000;0.0000;0.0000;0.0000
1683;786.36;794.3000;1250.8000;1154.8000;360.5000;78.9704;0.1025;0.0000;-794.3000;0.0000;6.8165;0.0000;-794.3000;0.0000;6.8165;1.0000;0.0000;0.0000;0.0000;0.0000
1684;786.61;800.1500;1244.4500;1159.4000;359.2500;80.8575;0.0923;0.0000;-800.1500;0.0000;6.8165;0.0000;-800.1500;0.0000;6.8165;1.0000;0.0000;0.0000;0.0000;0.0000
1685;786.85;800.5000;1246.8000;1152.4500;351.9500;78.8595;0.1031;0.0000;-800.5000;0.0000;6.8165;0.0000;-800.5000;0.0000;6.8165;1.0000;0.0000;0.0000;0.0000;0.0000
1686;787.10;784.9000;1237.5000;1146.3000;361.4000;79.8498;0.0977;0.0000;-784.9000;0.0000;6.8165;0.0000;-784.9000;0.0000;6.8165;1.0000;0.0000;0.0000;0.0000;0.0000
1687;787.35;780.7000;1250.1000;1129.5500;348.8500;74.3183;0.1289;0.0000;-780.7000;0.0000;6.8165;0.0000;-780.7000;0.0000;6.8165;1.0000;0.0000;0.0000;0.0000;0.0000
1688;787.60;777.3500;1236.2000;1132.7000;355.3500;77.4436;0.1110;0.0000;-777.3500;0.0000;6.8165;0.0000;-777.3500;0.0000;6.8165;1.0000;0.0000;0.0000;0.0000;0.0000
1689;787.84;785.0500;1249.1500;1149.7500;364.7000;78.5822;0.1047;0.0000;-785.0500;0.0000;6.8165;0.0000;-785.0500;0.0000;6.8165;1.0000;0.0000;0.0000;0.0000;0.0000
1690;788.09;783.5500;1242.8000;1138.5500;355.0000;77.2999;0.1118;0.0000;-783.5500;0.0000;6.8165;0.0000;-783.5500;0.0000;6.8165;1.0000;0.0000;0.0000;0.0000;0.0000
1691;788.34;793.1000;1253.2000;1136.9500;343.8500;74.7338;0.1265;0.0000;-793.1000;0.0000;6.8165;0.0000;-793.1000;0.0000;6.8165;1.0000;0.0000;0.0000;0.0000;0.0000
1692;788.59;778.6500;1247.8000;1145.2000;366.5500;78.1307;0.1072;0.0000;-778.6500;0.0000;6.8165;0.0000;-778.6500;0.0000;6.8165;1.0000;0.0000;0.0000;0.0000;0.0000
1693;788.83;777.0000;1261.5000;1143.7000;366.7000;75.6863;0.1210;0.0000;-777.0000;0.0000;6.8165;0.0000;-777.0000;0.0000;6.8165;1.0000;0.0000;0.0000;0.0000;0.0000
1694;789.08;782.9000;1260.7000;1148.0500;365.1500;76.4232;0.1168;0.0000;-782.9000;0.0000;6.8165;0.0000;-782.9000;0.0000;6.8165;1.0000;0.0000;0.0000;0.0000;0.0000
1695;789.33;798.4500;1276.3500;1148.9000;350.4500;73.3312;0.1347;0.0000;-798.4500;0.0000;6.8165;0.0000;-798.4500;0.0000;6.8165;1.0000;0.0000;0.0000;0.0000;0.0000
1696;789.57;777.2500;1259.8500;1153.2500;376.0000;77.9113;0.1084;0.0000;-777.2500;0.0000;6.8165;0.0000;-777.2500;0.0000;6.8165;1.0000;0.0000;0.0000;0.0000;0.0000
1697;789.82;798.1000;1274.0500;1148.2500;350.1500;73.5687;0.1333;0.0000;-798.1000;0.0000;6.8165;0.0000;-798.1000;0.0000;6.8165;1.0000;0.0000;0.0000;0.0000;0.0000
1698;790.07;774.4000;1285.2500;1125.1500;350.7500;68.6601;0.1633;0.0000;-774.4000;0.0000;6.8165;0.0000;-774.4000;0.0000;6.8165;1.0000;0.0000;0.0000;0.0000;0.0000
1699;790.31;782.2500;1286.9500;1137.7500;355.5000;70.4379;0.1522;0.0000;-782.2500;0.0000;6.8165;0.0000;-782.2500;0.0000;6.8165;1.0000;0.0000;0.0000;0.0000;0.0000
1700;790.56;780.4500;1285.4000;1126.6000;346.1500;68.5513;0.1640;0.0000;-780.4500;0.0000;6.8165;0.0000;-780.4500;0.0000;6.8165;1.0000;0.0000;0.0000;0.0000;0.0000
1701;790.80;784.9500;1270.4500;1136.6500;351.7000;72.4408;0.1400;0.0000;-784.9500;0.0000;6.8165;0.0000;-784.9500;0.0000;6.8165;1.0000;0.0000;0.0000;0.0000;0.0000
1702;791.05;790.3000;1296.7500;1127.9500;337.6500;66.6700;0.1761;0.0000;-790.3000;0.0000;6.8165;0.0000;-790.3000;0.0000;6.8165;1.0000;0.0000;0.0000;0.0000;0.0000
1703;791.30;778.1000;1277.1500;1113.8500;335.7500;67.2778;0.1721;0.0000;-778.1000;0.0000;6.8165;0.0000;-778.1000;0.0000;6.8165;1.0000;0.0000;0.0000;0.0000;0.0000
1704;791.54;783.5000;1248.7000;1102.4000;318.9000;68.5512;0.1640;0.0000;-783.5000;0.0000;6.8165;0.0000;-783.5000;0.0000;6.8165;1.0000;0.0000;0.0000;0.0000;0.0000
1705;791.79;790.8500;1249.9000;1095.1500;304.3000;66.2891;0.1786;0.0000;-790.8500;0.0000;6.8165;0.0000;-790.8500;0.0000;6.8165;1.0000;0.0000;0.0000;0.0000;0.0000
1706;792.03;777.5000;1237.3000;1081.1000;303.6000;66.0287;0.1803;0.0000;-777.5000;0.0000;6.8165;0.0000;-777.5000;0.0000;6.8165;1.0000;0.0000;0.0000;0.0000;0.0000
1707;792.28;791.0500;1200.0500;1085.8000;294.7500;72.0660;0.1423;0.0000;-791.0500;0.0000;6.8165;0.0000;-791.0500;0.0000;6.8165;1.0000;0.0000;0.0000;0.0000;0.0000
1708;792.53;781.1500;1207.8000;1069.6000;288.4500;67.6081;0.1700;0.0000;-781.1500;0.0000;6.8165;0.0000;-781.1500;0.0000;6.8165;1.0000;0.0000;0.0000;0.0000;0.0000
1709;792.77;796.8500;1215.7000;1063.4500;266.6000;63.6505;0.1962;0.0000;-796.8500;0.0000;6.8165;0.0000;-796.8500;0.0000;6.8165;1.0000;0.0000;0.0000;0.0000;0.0000
1710;793.02;782.5000;1217.4000;1052.5500;270.0500;62.0947;0.2069;0.0000;-782.5000;0.0000;6.8165;0.0000;-782.5000;0.0000;6.8165;1.0000;0.0000;0.0000;0.0000;0.0000
1711;793.26;792.2000;1186.1500;1055.8000;263.6000;66.9120;0.1745;0.0000;-792.2000;0.0000;6.8165;0.0000;-792.2000;0.0000;6.8165;1.0000;0.0000;0.0000;0.0000;0.0000
1712;793.51;785.5500;1184.3500;1064.4500;278.9000;69.9348;0.1553;0.0000;-785.5500;0.0000;6.8165;0.0000;-785.5500;0.0000;6.8165;1.0000;0.0000;0.0000;0.0000;0.0000
1713;793.75;782.6500;1165.4000;1045.2500;262.6000;68.6088;0.1636;0.0000;-782.6500;0.0000;6.8165;0.0000;-782.6500;0.0000;6.8165;1.0000;0.0000;0.0000;0.0000;0.0000
1714;794.00;796.6500;1144.2000;1025.9000;229.2500;65.9617;0.1807;0.0000;-796.6500;0.0000;6.8165;0.0000;-796.6500;0.0000;6.8165;1.0000;0.0000;0.0000;0.0000;0.0000
1715;794.24;779.6000;1131.2000;1034.1000;254.5000;72.3834;0.1404;0.0000;-779.6000;0.0000;6.8165;0.0000;-779.6000;0.0000;6.8165;1.0000;0.0000;0.0000;0.0000;0.0000
1716;794.49;780.5000;1115.9500;1020.8500;240.3500;71.6500;0.1448;0.0000;-780.5000;0.0000;6.8165;0.0000;-780.5000;0.0000;6.8165;1.0000;0.0000;0.0000;0.0000;0.0000
1717;794.73;780.2500;1143.9000;1006.5000;226.2500;62.2164;0.2061;0.0000;-780.2500;0.0000;6.8165;0.0000;-780.2500;0.0000;6.8165;1.0000;0.0000;0.0000;0.0000;0.0000
1718;794.97;783.3500;1122.5000;1011.7500;228.4000;67.3448;0.1717;0.0000;-783.3500;0.0000;6.8165;0.0000;-783.3500;0.0000;6.8165;1.0000;0.0000;0.0000;0.0000;0.0000
1719;795.22;788.0000;1124.4000;1009.5500;221.5500;65.8591;0.1814;0.0000;-788.0000;0.0000;6.8165;0.0000;-788.0000;0.0000;6.8165;1.0000;0.0000;0.0000;0.0000;0.0000
1720;795.46;793.3500;1112.4000;1007.6000;214.2500;67.1525;0.1729;0.0000;-793.3500;0.0000;6.8165;0.0000;-793.3500;0.0000;6.8165;1.0000;0.0000;0.0000;0.0000;0.0000
1721;795.71;794.1500;1098.3500;1003.5000;209.3500;68.8199;0.1623;0.0000;-794.1500;0.0000;6.8165;0.0000;-794.1500;0.0000;6.8165;1.0000;0.0000;0.0000;0.0000;0.0000
1722;795.95;790.9000;1092.1000;1004.4000;213.5000;70.8831;0.1495;0.0000;-790.9000;0.0000;6.8165;0.0000;-790.9000;0.0000;6.8165;1.0000;0.0000;0.0000;0.0000;0.0000
1723;796.19;796.8500;1101.0500;1005.0000;208.1500;68.4254;0.1648;0.0000;-796.8500;0.0000;6.8165;0.0000;-796.8500;0.0000;6.8165;1.0000;0.0000;0.0000;0.0000;0.0000
1724;796.44;789.5500;1104.5500;1008.8000;219.2500;69.6032;0.1574;0.0000;-789.5500;0.0000;6.8165;0.0000;-789.5500;0.0000;6.8165;1.0000;0.0000;0.0000;0.0000;0.0000
1725;796.68;789.0500;1097.6000;1022.3500;233.3000;75.6117;0.1214;0.0000;-789.0500;0.0000;6.8165;0.0000;-789.0500;0.0000;6.8165;1.0000;0.0000;0.0000;0.0000;0.0000
1726;796.93;782.7000;1084.2000;1009.9500;227.2500;75.3731;0.1228;0.0000;-782.7000;0.0000;6.8165;0.0000;-782.7000;0.0000;6.8165;1.0000;0.0000;0.0000;0.0000;0.0000
1727;797.17;789.5500;1079.9500;1000.2500;210.7000;72.5551;0.1393;0.0000;-789.5500;0.0000;6.8165;0.0000;-789.5500;0.0000;6.8165;1.0000;0.0000;0.0000;0.0000;0.0000
1728;797.41;798.6000;1082.7500;992.8000;194.2000;68.3442;0.1653;0.0000;-798.6000;0.0000;6.8165;0.0000;-798.6000;0.0000;6.8165;1.0000;0.0000;0.0000;0.0000;0.0000
1729;797.66;787.1500;1077.4500;1012.7500;225.6000;77.7127;0.1095;0.0000;-787.1500;0.0000;6.8165;0.0000;-787.1500;0.0000;6.8165;1.0000;0.0000;0.0000;0.0000;0.0000
1730;797.90;785.6000;1084.2500;999.7500;214.1500;71.7060;0.1444;0.0000;-785.6000;0.0000;6.8165;0.0000;-785.6000;0.0000;6.8165;1.0000;0.0000;0.0000;0.0000;0.0000
1731;798.14;783.6000;1089.2000;1000.0500;216.4500;70.8279;0.1498;0.0000;-783.6000;0.0000;6.8165;0.0000;-783.6000;0.0000;6.8165;1.0000;0.0000;0.0000;0.0000;0.0000
1732;798.39;796.5500;1082.9500;993.5500;197.0000;68.7849;0.1625;0.0000;-796.5500;0.0000;6.8165;0.0000;-796.5500;0.0000;6.8165;1.0000;0.0000;0.0000;0.0000;0.0000
1733;798.63;783.3000;1079.7000;991.1000;207.8000;70.1080;0.1542;0.0000;-783.3000;0.0000;6.8165;0.0000;-783.3000;0.0000;6.8165;1.0000;0.0000;0.0000;0.0000;0.0000
1734;798.87;796.6500;1099.1500;990.8500;194.2000;64.1983;0.1925;0.0000;-796.6500;0.0000;6.8165;0.0000;-796.6500;0.0000;6.8165;1.0000;0.0000;0.0000;0.0000;0.0000
1735;799.11;790.4000;1064.7000;992.6000;202.2000;73.7149;0.1324;0.0000;-790.4000;0.0000;6.8165;0.0000;-790.4000;0.0000;6.8165;1.0000;0.0000;0.0000;0.0000;0.0000
1736;799.36;792.7500;1063.8500;994.0000;201.2500;74.2346;0.1294;0.0000;-792.7500;0.0000;6.8165;0.0000;-792.7500;0.0000;6.8165;1.0000;0.0000;0.0000;0.0000;0.0000
1737;799.60;785.8000;1053.8000;999.2000;213.4000;79.6269;0.0989;0.0000;-785.8000;0.0000;6.8165;0.0000;-785.8000;0.0000;6.8165;1.0000;0.0000;0.0000;0.0000;0.0000
1738;799.84;795.2500;1046.0000;996.0500;200.8000;80.0798;0.0965;0.0000;-795.2500;0.0000;6.8165;0.0000;-795.2500;0.0000;6.8165;1.0000;0.0000;0.0000;0.0000;0.0000
1739;800.08;787.8500;1043.8000;978.2000;190.3500;74.3700;0.1286;0.0000;-787.8500;0.0000;6.8165;0.0000;-787.8500;0.0000;6.8165;1.0000;0.0000;0.0000;0.0000;0.0000
1740;800.33;794.3000;1057.1500;996.5500;202.2500;76.9450;0.1138;0.0000;-794.3000;0.0000;6.8165;0.0000;-794.3000;0.0000;6.8165;1.0000;0.0000;0.0000;0.0000;0.0000
1741;800.57;774.6500;1055.7000;991.4500;216.8000;77.1393;0.1127;0.0000;-774.6500;0.0000;6.8165;0.0000;-774.6500;0.0000;6.8165;1.0000;0.0000;0.0000;0.0000;0.0000
1742;800.81;797.9000;1028.9000;986.8000;188.9000;81.7749;0.0874;0.0000;-797.9000;0.0000;6.8165;0.0000;-797.9000;0.0000;6.8165;1.0000;0.0000;0.0000;0.0000;0.0000
1743;801.05;788.6000;1019.2000;1000.2000;211.6000;91.7606;0.0373;0.0000;-788.6000;0.0000;6.8165;0.0000;-788.6000;0.0000;6.8165;1.0000;0.0000;0.0000;0.0000;0.0000
1744;801.29;785.2000;1023.0000;984.2000;199.0000;83.6838;0.0774;0.0000;-785.2000;0.0000;6.8165;0.0000;-785.2000;0.0000;6.8165;1.0000;0.0000;0.0000;0.0000;0.0000
1745;801.54;788.5000;1011.8000;968.3500;179.8500;80.5419;0.0940;0.0000;-788.5000;0.0000;6.8165;0.0000;-788.5000;0.0000;6.8165;1.0000;0.0000;0.0000;0.0000;0.0000
1746;801.78;787.4000;1011.8500;975.1500;187.7500;83.6489;0.0775;0.0000;-787.4000;0.0000;6.8165;0.0000;-787.4000;0.0000;6.8165;1.0000;0.0000;0.0000;0.0000;0.0000
1747;802.02;792.8500;1011.8500;989.4000;196.5500;89.7489;0.0470;0.0000;-792.8500;0.0000;6.8165;0.0000;-792.8500;0.0000;6.8165;1.0000;0.0000;0.0000;0.0000;0.0000
1748;802.26;792.0500;1023.8000;982.5500;190.5000;82.2006;0.0851;0.0000;-792.0500;0.0000;6.8165;0.0000;-792.0500;0.0000;6.8165;1.0000;0.0000;0.0000;0.0000;0.0000
1749;802.50;793.3500;1014.9000;974.6500;181.3000;81.8325;0.0871;0.0000;-793.3500;0.0000;6.8165;0.0000;-793.3500;0.0000;6.8165;1.0000;0.0000;0.0000;0.0000;0.0000
1750;802.74;785.2000;995.4500;982.8500;197.6500;94.0071;0.0268;0.0000;-785.2000;0.0000;6.8165;0.0000;-785.2000;0.0000;6.8165;1.0000;0.0000;0.0000;0.0000;0.0000
1751;802.98;786.0500;1018.8500;971.1000;185.0500;79.4888;0.0997;0.0000;-786.0500;0.0000;6.8165;0.0000;-786.0500;0.0000;6.8165;1.0000;0.0000;0.0000;0.0000;0.0000
1752;803.22;795.1000;1009.4500;1007.4500;212.3500;99.0669;0.0041;0.0000;-795.1000;0.0000;6.8165;0.0000;-795.1000;0.0000;6.8165;1.0000;0.0000;0.0000;0.0000;0.0000
1753;803.47;792.2500;1014.2500;976.6500;184.4000;83.0631;0.0806;0.0000;-792.2500;0.0000;6.8165;0.0000;-792.2500;0.0000;6.8165;1.0000;0.0000;0.0000;0.0000;0.0000
1754;803.71;787.0500;1005.9500;976.4500;189.4000;86.5235;0.0629;0.0000;-787.0500;0.0000;6.8165;0.0000;-787.0500;0.0000;6.8165;1.0000;0.0000;0.0000;0.0000;0.0000
1755;803.95;793.5500;1012.1500;969.8000;176.2500;80.6267;0.0935;0.0000;-793.5500;0.0000;6.8165;0.0000;-793.5500;0.0000;6.8165;1.0000;0.0000;0.0000;0.0000;0.0000
1756;804.19;782.4000;1013.1500;962.0000;179.6000;77.8332;0.1088;0.0000;-782.4000;0.0000;6.8165;0.0000;-782.4000;0.0000;6.8165;1.0000;0.0000;0.0000;0.0000;0.0000
1757;804.43;778.9000;1009.5500;984.6500;205.7500;89.2044;0.0496;0.0000;-778.9000;0.0000;6.8165;0.0000;-778.9000;0.0000;6.8165;1.0000;0.0000;0.0000;0.0000;0.0000
1758;804.67;796.8500;1013.5000;981.9000;185.0500;85.4143;0.0685;0.0000;-796.8500;0.0000;6.8165;0.0000;-796.8500;0.0000;6.8165;1.0000;0.0000;0.0000;0.0000;0.0000
1759;804.91;784.0000;999.0000;979.7000;195.7000;91.0233;0.0408;0.0000;-784.0000;0.0000;6.8165;0.0000;-784.0000;0.0000;6.8165;1.0000;0.0000;0.0000;0.0000;0.0000
1760;805.15;796.6000;1011.4000;977.2500;180.6500;84.1015;0.0752;0.0000;-796.6000;0.0000;6.8165;0.0000;-796.6000;0.0000;6.8165;1.0000;0.0000;0.0000;0.0000;0.0000
1761;805.39;793.4500;1003.4000;979.0000;185.5500;88.3782;0.0537;0.0000;-793.4500;0.0000;6.8165;0.0000;-793.4500;0.0000;6.8165;1.0000;0.0000;0.0000;0.0000;0.0000
1762;805.63;782.9000;990.1500;970.0500;187.1500;90.3016;0.0443;0.0000;-782.9000;0.0000;6.8165;0.0000;-782.9000;0.0000;6.8165;1.0000;0.0000;0.0000;0.0000;0.0000
1763;805.87;786.1000;981.5500;973.3000;187.2000;95.7790;0.0187;0.0000;-786.1000;0.0000;6.8165;0.0000;-786.1000;0.0000;6.8165;1.0000;0.0000;0.0000;0.0000;0.0000
1764;806.11;782.7000;979.3500;976.3000;193.6000;98.4490;0.0068;0.0000;-782.7000;0.0000;6.8165;0.0000;-782.7000;0.0000;6.8165;1.0000;0.0000;0.0000;0.0000;0.0000
1765;806.35;799.4000;984.7500;967.8500;168.4500;90.8821;0.0415;0.0000;-799.4000;0.0000;6.8165;0.0000;-799.4000;0.0000;6.8165;1.0000;0.0000;0.0000;0.0000;0.0000
1766;806.59;793.4000;978.7500;974.2000;180.8000;97.5452;0.0108;0.0000;-793.4000;0.0000;6.8165;0.0000;-793.4000;0.0000;6.8165;1.0000;0.0000;0.0000;0.0000;0.0000
1767;806.83;786.7000;981.9500;969.7500;183.0500;93.7516;0.0280;0.0000;-786.7000;0.0000;6.8165;0.0000;-786.7000;0.0000;6.8165;1.0000;0.0000;0.0000;0.0000;0.0000
1768;807.07;789.6000;992.1000;964.5500;174.9500;86.3951;0.0635;0.0000;-789.6000;0.0000;6.8165;0.0000;-789.6000;0.0000;6.8165;1.0000;0.0000;0.0000;0.0000;0.0000
1769;807.31;796.3000;985.3500;977.6000;181.3000;95.9006;0.0182;0.0000;-796.3000;0.0000;6.8165;0.0000;-796.3000;0.0000;6.8165;1.0000;0.0000;0.0000;0.0000;0.0000
1770;807.54;787.8500;971.2500;955.9500;168.1000;91.6576;0.0378;0.0000;-787.8500;0.0000;6.8165;0.0000;-787.8500;0.0000;6.8165;1.0000;0.0000;0.0000;0.0000;0.0000
1771;807.78;787.0000;971.5500;977.4000;190.4000;103.1699;-0.0136;0.0000;-787.0000;0.0000;6.8165;0.0000;-787.0000;0.0000;6.8165;1.0000;0.0000;0.0000;0.0000;0.0000
1772;808.02;802.7500;981.7000;978.5500;175.8000;98.2397;0.0077;0.0000;-802.7500;0.0000;6.8165;0.0000;-802.7500;0.0000;6.8165;1.0000;0.0000;0.0000;0.0000;0.0000
1773;808.26;802.1000;965.4500;974.3500;172.2500;105.4484;-0.0230;0.0000;-802.1000;0.0000;6.8165;0.0000;-802.1000;0.0000;6.8165;1.0000;0.0000;0.0000;0.0000;0.0000
1774;808.50;803.5500;976.7000;970.7500;167.2000;96.5637;0.0152;0.0000;-803.5500;0.0000;6.8165;0.0000;-803.5500;0.0000;6.8165;1.0000;0.0000;0.0000;0.0000;0.0000
1775;808.74;785.7000;972.1500;978.8000;193.1000;103.5666;-0.0152;0.0000;-785.7000;0.0000;6.8165;0.0000;-785.7000;0.0000;6.8165;1.0000;0.0000;0.0000;0.0000;0.0000
1776;808.98;781.5500;967.7500;984.0500;202.5000;108.7540;-0.0364;0.0000;-781.5500;0.0000;6.8165;0.0000;-781.5500;0.0000;6.8165;1.0000;0.0000;0.0000;0.0000;0.0000
1777;809.22;788.1000;963.5000;969.5000;181.4000;103.4208;-0.0146;0.0000;-788.1000;0.0000;6.8165;0.0000;-788.1000;0.0000;6.8165;1.0000;0.0000;0.0000;0.0000;0.0000
1778;809.45;789.6000;972.0000;982.1000;192.5000;105.5373;-0.0234;0.0000;-789.6000;0.0000;6.8165;0.0000;-789.6000;0.0000;6.8165;1.0000;0.0000;0.0000;0.0000;0.0000
1779;809.69;793.2500;972.0500;979.9000;186.6500;104.3904;-0.0187;0.0000;-793.2500;0.0000;6.8165;0.0000;-793.2500;0.0000;6.8165;1.0000;0.0000;0.0000;0.0000;0.0000
1780;809.93;786.3000;978.6500;977.0500;190.7500;99.1682;0.0036;0.0000;-786.3000;0.0000;6.8165;0.0000;-786.3000;0.0000;6.8165;1.0000;0.0000;0.0000;0.0000;0.0000
1781;810.17;774.4500;975.4500;983.8500;209.4000;104.1791;-0.0178;0.0000;-774.4500;0.0000;6.8165;0.0000;-774.4500;0.0000;6.8165;1.0000;0.0000;0.0000;0.0000;0.0000
1782;810.41;784.6500;970.0500;1001.9000;217.2500;110.0000;-0.0414;0.0000;-784.6500;0.0000;6.8165;0.0000;-784.6500;0.0000;6.8165;1.0000;0.0000;0.0000;0.0000;0.0000
1783;810.64;788.5000;964.5500;991.3000;202.8000;110.0000;-0.0414;0.0000;-788.5000;0.0000;6.8165;0.0000;-788.5000;0.0000;6.8165;1.0000;0.0000;0.0000;0.0000;0.0000
1784;810.88;790.6000;976.1000;976.4000;185.8000;100.1617;-0.0007;0.0000;-790.6000;0.0000;6.8165;0.0000;-790.6000;0.0000;6.8165;1.0000;0.0000;0.0000;0.0000;0.0000
1785;811.12;799.4000;969.6500;997.7500;198.3500;110.0000;-0.0414;0.0000;-799.4000;0.0000;6.8165;0.0000;-799.4000;0.0000;6.8165;1.0000;0.0000;0.0000;0.0000;0.0000
1786;811.36;783.8500;972.4500;997.0000;213.1500;110.0000;-0.0414;0.0000;-783.8500;0.0000;6.8165;0.0000;-783.8500;0.0000;6.8165;1.0000;0.0000;0.0000;0.0000;0.0000
1787;811.59;776.9000;969.0000;999.7500;222.8500;110.0000;-0.0414;0.0000;-776.9000;0.0000;6.8165;0.0000;-776.9000;0.0000;6.8165;1.0000;0.0000;0.0000;0.0000;0.0000
1788;811.83;774.0500;983.8500;1004.8500;230.8000;110.0000;-0.0414;0.0000;-774.0500;0.0000;6.8165;0.0000;-774.0500;0.0000;6.8165;1.0000;0.0000;0.0000;0.0000;0.0000
1789;812.07;785.2000;984.9000;1016.8500;231.6500;110.0000;-0.0414;0.0000;-785.2000;0.0000;6.8165;0.0000;-785.2000;0.0000;6.8165;1.0000;0.0000;0.0000;0.0000;0.0000
1790;812.31;776.7000;969.5500;1007.5500;230.8500;110.0000;-0.0414;0.0000;-776.7000;0.0000;6.8165;0.0000;-776.7000;0.0000;6.8165;1.0000;0.0000;0.0000;0.0000;0.0000
1791;812.54;780.9500;990.4000;1008.5500;227.6000;108.6656;-0.0361;0.0000;-780.9500;0.0000;6.8165;0.0000;-780.9500;0.0000;6.8165;1.0000;0.0000;0.0000;0.0000;0.0000
1792;812.78;788.1000;982.3500;1015.7000;227.6000;110.0000;-0.0414;0.0000;-788.1000;0.0000;6.8165;0.0000;-788.1000;0.0000;6.8165;1.0000;0.0000;0.0000;0.0000;0.0000
1793;813.02;783.6000;981.3500;1001.6000;218.0000;110.0000;-0.0414;0.0000;-783.6000;0.0000;6.8165;0.0000;-783.6000;0.0000;6.8165;1.0000;0.0000;0.0000;0.0000;0.0000
1794;813.25;778.4500;975.7500;1025.5500;247.1000;110.0000;-0.0414;0.0000;-778.4500;0.0000;6.8165;0.0000;-778.4500;0.0000;6.8165;1.0000;0.0000;0.0000;0.0000;0.0000
1795;813.49;773.4500;980.4000;1022.4500;249.0000;110.0000;-0.0414;0.0000;-773.4500;0.0000;6.8165;0.0000;-773.4500;0.0000;6.8165;1.0000;0.0000;0.0000;0.0000;0.0000
1796;813.73;792.6000;962.5500;1016.2500;223.6500;110.0000;-0.0414;0.0000;-792.6000;0.0000;6.8165;0.0000;-792.6000;0.0000;6.8165;1.0000;0.0000;0.0000;0.0000;0.0000
1797;813.96;782.2000;973.4500;1014.2500;232.0500;110.0000;-0.0414;0.0000;-782.2000;0.0000;6.8165;0.0000;-782.2000;0.0000;6.8165;1.0000;0.0000;0.0000;0.0000;0.0000
1798;814.20;781.9000;972.8000;1033.4500;251.5500;110.0000;-0.0414;0.0000;-781.9000;0.0000;6.8165;0.0000;-781.9000;0.0000;6.8165;1.0000;0.0000;0.0000;0.0000;0.0000
1799;814.44;783.6000;977.9500;1035.7000;252.1000;110.0000;-0.0414;0.0000;-783.6000;0.0000;6.8165;0.0000;-783.6000;0.0000;6.8165;1.0000;0.0000;0.0000;0.0000;0.0000
1800;814.67;785.1000;965.9500;1037.1500;252.0500;110.0000;-0.0414;0.0000;-785.1000;0.0000;6.8165;0.0000;-785.1000;0.0000;6.8165;1.0000;0.0000;0.0000;0.0000;0.0000
1801;814.91;773.6500;975.6000;1027.0500;253.4000;110.0000;-0.0414;0.0000;-773.6500;0.0000;6.8165;0.0000;-773.6500;0.0000;6.8165;1.0000;0.0000;0.0000;0.0000;0.0000
1802;815.14;781.3000;963.3500;1032.0000;250.7000;110.0000;-0.0414;0.0000;-781.3000;0.0000;6.8165;0.0000;-781.3000;0.0000;6.8165;1.0000;0.0000;0.0000;0.0000;0.0000
1803;815.38;783.5000;972.6500;1035.7500;252.2500;110.0000;-0.0414;0.0000;-783.5000;0.0000;6.8165;0.0000;-783.5000;0.0000;6.8165;1.0000;0.0000;0.0000;0.0000;0.0000
1804;815.61;788.0500;975.6000;1032.0500;244.0000;110.0000;-0.0414;0.0000;-788.0500;0.0000;6.8165;0.0000;-788.0500;0.0000;6.8165;1.0000;0.0000;0.0000;0.0000;0.0000
1805;815.85;792.2000;965.8500;1036.4000;244.2000;110.0000;-0.0414;0.0000;-792.2000;0.0000;6.8165;0.0000;-792.2000;0.0000;6.8165;1.0000;0.0000;0.0000;0.0000;0.0000
1806;816.09;776.2000;968.4500;1033.6500;257.4500;110.0000;-0.0414;0.0000;-776.2000;0.0000;6.8165;0.0000;-776.2000;0.0000;6.8165;1.0000;0.0000;0.0000;0.0000;0.0000
1807;816.32;779.3000;971.9000;1047.6500;268.3500;110.0000;-0.0414;0.0000;-779.3000;0.0000;6.8165;0.0000;-779.3000;0.0000;6.8165;1.0000;0.0000;0.0000;0.0000;0.0000
1808;816.56;786.3000;973.1500;1043.3500;257.0500;110.0000;-0.0414;0.0000;-786.3000;0.0000;6.8165;0.0000;-786.3000;0.0000;6.8165;1.0000;0.0000;0.0000;0.0000;0.0000
1809;816.79;791.8500;990.6000;1043.8500;252.0000;110.0000;-0.0414;0.0000;-791.8500;0.0000;6.8165;0.0000;-791.8500;0.0000;6.8165;1.0000;0.0000;0.0000;0.0000;0.0000
1810;817.03;784.3500;970.0000;1056.9000;272.5500;110.0000;-0.0414;0.0000;-784.3500;0.0000;6.8165;0.0000;-784.3500;0.0000;6.8165;1.0000;0.0000;0.0000;0.0000;0.0000
1811;817.26;803.2000;995.2000;1062.1500;258.9500;110.0000;-0.0414;0.0000;-803.2000;0.0000;6.8165;0.0000;-803.2000;0.0000;6.8165;1.0000;0.0000;0.0000;0.0000;0.0000
1812;817.50;773.5500;979.0000;1072.3000;298.7500;110.0000;-0.0414;0.0000;-773.5500;0.0000;6.8165;0.0000;-773.5500;0.0000;6.8165;1.0000;0.0000;0.0000;0.0000;0.0000
1813;817.73;784.6500;990.7000;1071.9500;287.3000;110.0000;-0.0414;0.0000;-784.6500;0.0000;6.8165;0.0000;-784.6500;0.0000;6.8165;1.0000;0.0000;0.0000;0.0000;0.0000
1814;817.97;782.5500;982.1000;1072.2500;289.7000;110.0000;-0.0414;0.0000;-782.5500;0.0000;6.8165;0.0000;-782.5500;0.0000;6.8165;1.0000;0.0000;0.0000;0.0000;0.0000
1815;818.20;798.1500;1012.2000;1072.4000;274.2500;110.0000;-0.0414;0.0000;-798.1500;0.0000;6.8165;0.0000;-798.1500;0.0000;6.8165;1.0000;0.0000;0.0000;0.0000;0.0000
1816;818.43;779.6500;1007.3500;1079.3500;299.7000;110.0000;-0.0414;0.0000;-779.6500;0.0000;6.8165;0.0000;-779.6500;0.0000;6.8165;1.0000;0.0000;0.0000;0.0000;0.0000
1817;818.67;790.3500;991.8000;1073.5500;283.2000;110.0000;-0.0414;0.0000;-790.3500;0.0000;6.8165;0.0000;-790.3500;0.0000;6.8165;1.0000;0.0000;0.0000;0.0000;0.0000
1818;818.90;793.7500;1001.8000;1088.1500;294.4000;110.0000;-0.0414;0.0000;-793.7500;0.0000;6.8165;0.0000;-793.7500;0.0000;6.8165;1.0000;0.0000;0.0000;0.0000;0.0000
1819;819.14;788.9000;997.6000;1067.0500;278.1500;110.0000;-0.0414;0.0000;-788.9000;0.0000;6.8165;0.0000;-788.9000;0.0000;6.8165;1.0000;0.0000;0.0000;0.0000;0.0000
1820;819.37;778.8000;1015.4000;1080.2500;301.4500;110.0000;-0.0414;0.0000;-778.8000;0.0000;6.8165;0.0000;-778.8000;0.0000;6.8165;1.0000;0.0000;0.0000;0.0000;0.0000
1821;819.61;786.7500;1003.3000;1088.7500;302.0000;110.0000;-0.0414;0.0000;-786.7500;0.0000;6.8165;0.0000;-786.7500;0.0000;6.8165;1.0000;0.0000;0.0000;0.0000;0.0000
1822;819.84;790.7500;1021.0500;1099.2000;308.4500;110.0000;-0.0414;0.0000;-790.7500;0.0000;6.8165;0.0000;-790.7500;0.0000;6.8165;1.0000;0.0000;0.0000;0.0000;0.0000
1823;820.07;788.8500;1021.5000;1104.2000;315.3500;110.0000;-0.0414;0.0000;-788.8500;0.0000;6.8165;0.0000;-788.8500;0.0000;6.8165;1.0000;0.0000;0.0000;0.0000;0.0000
1824;820.31;788.2500;1017.4000;1116.5500;328.3000;110.0000;-0.0414;0.0000;-788.2500;0.0000;6.8165;0.0000;-788.2500;0.0000;6.8165;1.0000;0.0000;0.0000;0.0000;0.0000
1825;820.54;783.2000;1019.0500;1120.3500;337.1500;110.0000;-0.0414;0.0000;-783.2000;0.0000;6.8165;0.0000;-783.2000;0.0000;6.8165;1.0000;0.0000;0.0000;0.0000;0.0000
1826;820.77;785.8500;1051.9000;1099.2000;313.3500;110.0000;-0.0414;0.0000;-785.8500;0.0000;6.8165;0.0000;-785.8500;0.0000;6.8165;1.0000;0.0000;0.0000;0.0000;0.0000
1827;821.01;785.7000;1034.2000;1122.5500;336.8500;110.0000;-0.0414;0.0000;-785.7000;0.0000;6.8165;0.0000;-785.7000;0.0000;6.8165;1.0000;0.0000;0.0000;0.0000;0.0000
1828;821.24;780.0500;1053.0500;1127.6500;347.6000;110.0000;-0.0414;0.0000;-780.0500;0.0000;6.8165;0.0000;-780.0500;0.0000;6.8165;1.0000;0.0000;0.0000;0.0000;0.0000
1829;821.47;795.7500;1071.3500;1132.5000;336.7500;110.0000;-0.0414;0.0000;-795.7500;0.0000;6.8165;0.0000;-795.7500;0.0000;6.8165;1.0000;0.0000;0.0000;0.0000;0.0000
1830;821.71;785.1000;1076.9000;1145.6000;360.5000;110.0000;-0.0414;0.0000;-785.1000;0.0000;6.8165;0.0000;-785.1000;0.0000;6.8165;1.0000;0.0000;0.0000;0.0000;0.0000
1831;821.94;779.7000;1093.3500;1135.3000;355.6000;110.0000;-0.0414;0.0000;-779.7000;0.0000;6.8165;0.0000;-779.7000;0.0000;6.8165;1.0000;0.0000;0.0000;0.0000;0.0000
1832;822.17;782.7500;1114.1000;1156.5000;373.7500;110.0000;-0.0414;0.0000;-782.7500;0.0000;6.8165;0.0000;-782.7500;0.0000;6.8165;1.0000;0.0000;0.0000;0.0000;0.0000
1833;822.40;786.7000;1129.2500;1157.6500;370.9500;108.2908;-0.0346;0.0000;-786.7000;0.0000;6.8165;0.0000;-786.7000;0.0000;6.8165;1.0000;0.0000;0.0000;0.0000;0.0000
1834;822.64;794.5000;1151.5500;1199.8000;405.3000;110.0000;-0.0414;0.0000;-794.5000;0.0000;6.8165;0.0000;-794.5000;0.0000;6.8165;1.0000;0.0000;0.0000;0.0000;0.0000
1835;822.87;798.4500;1166.9500;1202.0000;403.5500;109.5115;-0.0395;0.0000;-798.4500;0.0000;6.8165;0.0000;-798.4500;0.0000;6.8165;1.0000;0.0000;0.0000;0.0000;0.0000
1836;823.10;795.1000;1248.0500;1264.3500;469.2500;103.5986;-0.0154;0.0000;-795.1000;0.0000;6.8165;0.0000;-795.1000;0.0000;6.8165;1.0000;0.0000;0.0000;0.0000;0.0000
1837;823.33;787.7000;1257.8500;1273.9000;486.2000;103.4138;-0.0146;0.0000;-787.7000;0.0000;6.8165;0.0000;-787.7000;0.0000;6.8165;1.0000;0.0000;0.0000;0.0000;0.0000
1838;823.57;799.3000;1325.0000;1315.3500;516.0500;98.1644;0.0080;0.0000;-799.3000;0.0000;6.8165;0.0000;-799.3000;0.0000;6.8165;1.0000;0.0000;0.0000;0.0000;0.0000
1839;823.80;799.0500;1377.3500;1356.6000;557.5500;96.4119;0.0159;0.0000;-799.0500;0.0000;6.8165;0.0000;-799.0500;0.0000;6.8165;1.0000;0.0000;0.0000;0.0000;0.0000
1840;824.03;792.1500;1435.7500;1407.8000;615.6500;95.6572;0.0193;0.0000;-792.1500;0.0000;6.8165;0.0000;-792.1500;0.0000;6.8165;1.0000;0.0000;0.0000;0.0000;0.0000
1841;824.26;781.7500;1470.5500;1423.6000;641.8500;93.1838;0.0307;0.0000;-781.7500;0.0000;6.8165;0.0000;-781.7500;0.0000;6.8165;1.0000;0.0000;0.0000;0.0000;0.0000
1842;824.49;775.0000;1497.1500;1443.8000;668.8000;92.6123;0.0333;0.0000;-775.0000;0.0000;6.8165;0.0000;-775.0000;0.0000;6.8165;1.0000;0.0000;0.0000;0.0000;0.0000
1843;824.73;774.1500;1521.1000;1460.6500;686.5000;91.9071;0.0367;0.0000;-774.1500;0.0000;6.8165;0.0000;-774.1500;0.0000;6.8165;1.0000;0.0000;0.0000;0.0000;0.0000
1844;824.96;786.5500;1504.3000;1484.8000;698.2500;97.2832;0.0120;0.0000;-786.5500;0.0000;6.8165;0.0000;-786.5500;0.0000;6.8165;1.0000;0.0000;0.0000;0.0000;0.0000
1845;825.19;780.4000;1497.9000;1481.2500;700.8500;97.6794;0.0102;0.0000;-780.4000;0.0000;6.8165;0.0000;-780.4000;0.0000;6.8165;1.0000;0.0000;0.0000;0.0000;0.0000
1846;825.42;776.7000;1484.2500;1457.9000;681.2000;96.2759;0.0165;0.0000;-776.7000;0.0000;6.8165;0.0000;-776.7000;0.0000;6.8165;1.0000;0.0000;0.0000;0.0000;0.0000
1847;825.65;780.0000;1468.5500;1437.7000;657.7000;95.5196;0.0199;0.0000;-780.0000;0.0000;6.8165;0.0000;-780.0000;0.0000;6.8165;1.0000;0.0000;0.0000;0.0000;0.0000
1848;825.88;779.7500;1435.8500;1420.1000;640.3500;97.5995;0.0106;0.0000;-779.7500;0.0000;6.8165;0.0000;-779.7500;0.0000;6.8165;1.0000;0.0000;0.0000;0.0000;0.0000
1849;826.11;787.3500;1400.5500;1405.9000;618.5500;100.8725;-0.0038;0.0000;-787.3500;0.0000;6.8165;0.0000;-787.3500;0.0000;6.8165;1.0000;0.0000;0.0000;0.0000;0.0000
1850;826.34;793.7500;1371.9500;1406.6500;612.9000;106.0014;-0.0253;0.0000;-793.7500;0.0000;6.8165;0.0000;-793.7500;0.0000;6.8165;1.0000;0.0000;0.0000;0.0000;0.0000
1851;826.57;799.2000;1342.6500;1358.9000;559.7000;102.9902;-0.0128;0.0000;-799.2000;0.0000;6.8165;0.0000;-799.2000;0.0000;6.8165;1.0000;0.0000;0.0000;0.0000;0.0000
1852;826.81;789.3500;1329.3500;1342.3500;553.0000;102.4074;-0.0103;0.0000;-789.3500;0.0000;6.8165;0.0000;-789.3500;0.0000;6.8165;1.0000;0.0000;0.0000;0.0000;0.0000
1853;827.04;780.1000;1301.9500;1350.7500;570.6500;109.3513;-0.0388;0.0000;-780.1000;0.0000;6.8165;0.0000;-780.1000;0.0000;6.8165;1.0000;0.0000;0.0000;0.0000;0.0000
1854;827.27;775.0500;1285.0000;1323.1000;548.0500;107.4713;-0.0313;0.0000;-775.0500;0.0000;6.8165;0.0000;-775.0500;0.0000;6.8165;1.0000;0.0000;0.0000;0.0000;0.0000
1855;827.50;782.7500;1273.4000;1313.4000;530.6500;108.1525;-0.0340;0.0000;-782.7500;0.0000;6.8165;0.0000;-782.7500;0.0000;6.8165;1.0000;0.0000;0.0000;0.0000;0.0000
1856;827.73;784.9500;1271.9500;1292.1000;507.1500;104.1376;-0.0176;0.0000;-784.9500;0.0000;6.8165;0.0000;-784.9500;0.0000;6.8165;1.0000;0.0000;0.0000;0.0000;0.0000
1857;827.96;797.0500;1268.6000;1311.6000;514.5500;109.1189;-0.0379;0.0000;-797.0500;0.0000;6.8165;0.0000;-797.0500;0.0000;6.8165;1.0000;0.0000;0.0000;0.0000;0.0000
1858;828.19;779.8000;1263.3500;1309.4000;529.6000;109.5233;-0.0395;0.0000;-779.8000;0.0000;6.8165;0.0000;-779.8000;0.0000;6.8165;1.0000;0.0000;0.0000;0.0000;0.0000
1859;828.42;781.7500;1285.7000;1309.7000;527.9500;104.7624;-0.0202;0.0000;-781.7500;0.0000;6.8165;0.0000;-781.7500;0.0000;6.8165;1.0000;0.0000;0.0000;0.0000;0.0000
1860;828.65;799.4000;1308.8500;1333.1500;533.7500;104.7698;-0.0202;0.0000;-799.4000;0.0000;6.8165;0.0000;-799.4000;0.0000;6.8165;1.0000;0.0000;0.0000;0.0000;0.0000
1861;828.88;792.0000;1330.4500;1356.3000;564.3000;104.8008;-0.0204;0.0000;-792.0000;0.0000;6.8165;0.0000;-792.0000;0.0000;6.8165;1.0000;0.0000;0.0000;0.0000;0.0000
1862;829.11;781.9500;1317.9500;1349.9500;568.0000;105.9701;-0.0252;0.0000;-781.9500;0.0000;6.8165;0.0000;-781.9500;0.0000;6.8165;1.0000;0.0000;0.0000;0.0000;0.0000
1863;829.34;795.2000;1340.5000;1364.7000;569.5000;104.4379;-0.0189;0.0000;-795.2000;0.0000;6.8165;0.0000;-795.2000;0.0000;6.8165;1.0000;0.0000;0.0000;0.0000;0.0000
1864;829.57;787.7500;1332.3000;1372.1500;584.4000;107.3180;-0.0307;0.0000;-787.7500;0.0000;6.8165;0.0000;-787.7500;0.0000;6.8165;1.0000;0.0000;0.0000;0.0000;0.0000
1865;829.80;776.4000;1343.1000;1331.7000;555.3000;97.9884;0.0088;0.0000;-776.4000;0.0000;6.8165;0.0000;-776.4000;0.0000;6.8165;1.0000;0.0000;0.0000;0.0000;0.0000
1866;830.03;785.5500;1300.4500;1317.6500;532.1000;103.3405;-0.0143;0.0000;-785.5500;0.0000;6.8165;0.0000;-785.5500;0.0000;6.8165;1.0000;0.0000;0.0000;0.0000;0.0000
1867;830.25;770.6000;1279.2500;1295.0000;524.4000;103.0964;-0.0132;0.0000;-770.6000;0.0000;6.8165;0.0000;-770.6000;0.0000;6.8165;1.0000;0.0000;0.0000;0.0000;0.0000
1868;830.48;791.4000;1261.0000;1276.5500;485.1500;103.3113;-0.0141;0.0000;-791.4000;0.0000;6.8165;0.0000;-791.4000;0.0000;6.8165;1.0000;0.0000;0.0000;0.0000;0.0000
1869;830.71;795.7500;1260.9000;1274.3000;478.5500;102.8808;-0.0123;0.0000;-795.7500;0.0000;6.8165;0.0000;-795.7500;0.0000;6.8165;1.0000;0.0000;0.0000;0.0000;0.0000
1870;830.94;783.2000;1222.4500;1257.5500;474.3500;107.9909;-0.0334;0.0000;-783.2000;0.0000;6.8165;0.0000;-783.2000;0.0000;6.8165;1.0000;0.0000;0.0000;0.0000;0.0000
1871;831.17;771.8500;1183.4500;1235.0000;463.1500;110.0000;-0.0414;0.0000;-771.8500;0.0000;6.8165;0.0000;-771.8500;0.0000;6.8165;1.0000;0.0000;0.0000;0.0000;0.0000
1872;831.40;780.1000;1160.6000;1221.4000;441.3000;110.0000;-0.0414;0.0000;-780.1000;0.0000;6.8165;0.0000;-780.1000;0.0000;6.8165;1.0000;0.0000;0.0000;0.0000;0.0000
1873;831.63;794.5000;1134.2500;1210.3500;415.8500;110.0000;-0.0414;0.0000;-794.5000;0.0000;6.8165;0.0000;-794.5000;0.0000;6.8165;1.0000;0.0000;0.0000;0.0000;0.0000
1874;831.86;786.6000;1118.5500;1188.5500;401.9500;110.0000;-0.0414;0.0000;-786.6000;0.0000;6.8165;0.0000;-786.6000;0.0000;6.8165;1.0000;0.0000;0.0000;0.0000;0.0000
1875;832.08;774.6000;1111.9000;1177.8000;403.2000;110.0000;-0.0414;0.0000;-774.6000;0.0000;6.8165;0.0000;-774.6000;0.0000;6.8165;1.0000;0.0000;0.0000;0.0000;0.0000
1876;832.31;789.3000;1109.3500;1173.5000;384.2000;110.0000;-0.0414;0.0000;-789.3000;0.0000;6.8165;0.0000;-789.3000;0.0000;6.8165;1.0000;0.0000;0.0000;0.0000;0.0000
1877;832.54;787.4000;1099.3500;1185.9000;398.5000;110.0000;-0.0414;0.0000;-787.4000;0.0000;6.8165;0.0000;-787.4000;0.0000;6.8165;1.0000;0.0000;0.0000;0.0000;0.0000
1878;832.77;782.9500;1072.1000;1162.3500;379.4000;110.0000;-0.0414;0.0000;-782.9500;0.0000;6.8165;0.0000;-782.9500;0.0000;6.8165;1.0000;0.0000;0.0000;0.0000;0.0000
1879;833.00;778.5000;1066.0500;1164.1000;385.6000;110.0000;-0.0414;0.0000;-778.5000;0.0000;6.8165;0.0000;-778.5000;0.0000;6.8165;1.0000;0.0000;0.0000;0.0000;0.0000
1880;833.22;770.5000;1046.5500;1160.9000;390.4000;110.0000;-0.0414;0.0000;-770.5000;0.0000;6.8165;0.0000;-770.5000;0.0000;6.8165;1.0000;0.0000;0.0000;0.0000;0.0000
1881;833.45;781.3500;1047.9000;1156.6000;375.2500;110.0000;-0.0414;0.0000;-781.3500;0.0000;6.8165;0.0000;-781.3500;0.0000;6.8165;1.0000;0.0000;0.0000;0.0000;0.0000
1882;833.68;780.1500;1045.2500;1174.7000;394.5500;110.0000;-0.0414;0.0000;-780.1500;0.0000;6.8165;0.0000;-780.1500;0.0000;6.8165;1.0000;0.0000;0.0000;0.0000;0.0000
1883;833.91;782.6500;1053.7000;1155.3500;372.7000;110.0000;-0.0414;0.0000;-782.6500;0.0000;6.8165;0.0000;-782.6500;0.0000;6.8165;1.0000;0.0000;0.0000;0.0000;0.0000
1884;834.13;785.8000;1050.0500;1163.4500;377.6500;110.0000;-0.0414;0.0000;-785.8000;0.0000;6.8165;0.0000;-785.8000;0.0000;6.8165;1.0000;0.0000;0.0000;0.0000;0.0000
1885;834.36;791.5500;1053.4000;1175.9000;384.3500;110.0000;-0.0414;0.0000;-791.5500;0.0000;6.8165;0.0000;-791.5500;0.0000;6.8165;1.0000;0.0000;0.0000;0.0000;0.0000
1886;834.59;806.1500;1055.1500;1186.5500;380.4000;110.0000;-0.0414;0.0000;-806.1500;0.0000;6.8165;0.0000;-806.1500;0.0000;6.8165;1.0000;0.0000;0.0000;0.0000;0.0000
1887;834.82;794.3500;1045.9500;1186.0500;391.7000;110.0000;-0.0414;0.0000;-794.3500;0.0000;6.8165;0.0000;-794.3500;0.0000;6.8165;1.0000;0.0000;0.0000;0.0000;0.0000
1888;835.04;780.1500;1076.3500;1201.5000;421.3500;110.0000;-0.0414;0.0000;-780.1500;0.0000;6.8165;0.0000;-780.1500;0.0000;6.8165;1.0000;0.0000;0.0000;0.0000;0.0000
1889;835.27;785.5000;1086.2500;1217.8000;432.3000;110.0000;-0.0414;0.0000;-785.5000;0.0000;6.8165;0.0000;-785.5000;0.0000;6.8165;1.0000;0.0000;0.0000;0.0000;0.0000
1890;835.50;782.9500;1102.1500;1236.5000;453.5500;110.0000;-0.0414;0.0000;-782.9500;0.0000;6.8165;0.0000;-782.9500;0.0000;6.8165;1.0000;0.0000;0.0000;0.0000;0.0000
1891;835.72;796.5500;1104.5000;1214.3500;417.8000;110.0000;-0.0414;0.0000;-796.5500;0.0000;6.8165;0.0000;-796.5500;0.0000;6.8165;1.0000;0.0000;0.0000;0.0000;0.0000
1892;835.95;780.3000;1094.9500;1250.5500;470.2500;110.0000;-0.0414;0.0000;-780.3000;0.0000;6.8165;0.0000;-780.3000;0.0000;6.8165;1.0000;0.0000;0.0000;0.0000;0.0000
1893;836.18;781.0500;1103.5000;1249.9500;468.9000;110.0000;-0.0414;0.0000;-781.0500;0.0000;6.8165;0.0000;-781.0500;0.0000;6.8165;1.0000;0.0000;0.0000;0.0000;0.0000
1894;836.40;788.4000;1094.8000;1231.7500;443.3500;110.0000;-0.0414;0.0000;-788.4000;0.0000;6.8165;0.0000;-788.4000;0.0000;6.8165;1.0000;0.0000;0.0000;0.0000;0.0000
1895;836.63;784.3000;1090.4500;1222.1500;437.8500;110.0000;-0.0414;0.0000;-784.3000;0.0000;6.8165;0.0000;-784.3000;0.0000;6.8165;1.0000;0.0000;0.0000;0.0000;0.0000
1896;836.86;782.6000;1110.9000;1210.8500;428.2500;110.0000;-0.0414;0.0000;-782.6000;0.0000;6.8165;0.0000;-782.6000;0.0000;6.8165;1.0000;0.0000;0.0000;0.0000;0.0000
1897;837.08;796.1500;1058.7000;1208.9500;412.8000;110.0000;-0.0414;0.0000;-796.1500;0.0000;6.8165;0.0000;-796.1500;0.0000;6.8165;1.0000;0.0000;0.0000;0.0000;0.0000
1898;837.31;788.4000;1068.9000;1209.1000;420.7000;110.0000;-0.0414;0.0000;-788.4000;0.0000;6.8165;0.0000;-788.4000;0.0000;6.8165;1.0000;0.0000;0.0000;0.0000;0.0000
1899;837.53;782.2500;1043.1000;1173.4000;391.1500;110.0000;-0.0414;0.0000;-782.2500;0.0000;6.8165;0.0000;-782.2500;0.0000;6.8165;1.0000;0.0000;0.0000;0.0000;0.0000
1900;837.76;780.9000;1030.6500;1190.4500;409.5500;110.0000;-0.0414;0.0000;-780.9000;0.0000;6.8165;0.0000;-780.9000;0.0000;6.8165;1.0000;0.0000;0.0000;0.0000;0.0000
1901;837.99;778.1500;1008.9500;1165.2500;387.1000;110.0000;-0.0414;0.0000;-778.1500;0.0000;6.8165;0.0000;-778.1500;0.0000;6.8165;1.0000;0.0000;0.0000;0.0000;0.0000
1902;838.21;795.2500;1026.3500;1170.4000;375.1500;110.0000;-0.0414;0.0000;-795.2500;0.0000;6.8165;0.0000;-795.2500;0.0000;6.8165;1.0000;0.0000;0.0000;0.0000;0.0000
1903;838.44;790.7000;1009.3000;1158.0000;367.3000;110.0000;-0.0414;0.0000;-790.7000;0.0000;6.8165;0.0000;-790.7000;0.0000;6.8165;1.0000;0.0000;0.0000;0.0000;0.0000
1904;838.66;795.0500;997.3000;1145.3000;350.2500;110.0000;-0.0414;0.0000;-795.0500;0.0000;6.8165;0.0000;-795.0500;0.0000;6.8165;1.0000;0.0000;0.0000;0.0000;0.0000
1905;838.89;781.2500;999.0000;1141.6500;360.4000;110.0000;-0.0414;0.0000;-781.2500;0.0000;6.8165;0.0000;-781.2500;0.0000;6.8165;1.0000;0.0000;0.0000;0.0000;0.0000
1906;839.11;783.7500;998.7500;1151.3500;367.6000;110.0000;-0.0414;0.0000;-783.7500;0.0000;6.8165;0.0000;-783.7500;0.0000;6.8165;1.0000;0.0000;0.0000;0.0000;0.0000
1907;839.34;792.9500;985.6500;1127.2500;334.3000;110.0000;-0.0414;0.0000;-792.9500;0.0000;6.8165;0.0000;-792.9500;0.0000;6.8165;1.0000;0.0000;0.0000;0.0000;0.0000
1908;839.56;779.5500;991.8000;1129.9000;350.3500;110.0000;-0.0414;0.0000;-779.5500;0.0000;6.8165;0.0000;-779.5500;0.0000;6.8165;1.0000;0.0000;0.0000;0.0000;0.0000
1909;839.79;789.9500;975.5000;1135.1000;345.1500;110.0000;-0.0414;0.0000;-789.9500;0.0000;6.8165;0.0000;-789.9500;0.0000;6.8165;1.0000;0.0000;0.0000;0.0000;0.0000
1910;840.01;782.3500;966.5500;1137.5500;355.2000;110.0000;-0.0414;0.0000;-782.3500;0.0000;6.8165;0.0000;-782.3500;0.0000;6.8165;1.0000;0.0000;0.0000;0.0000;0.0000
1911;840.24;796.2500;947.6000;1128.3500;332.1000;110.0000;-0.0414;0.0000;-796.2500;0.0000;6.8165;0.0000;-796.2500;0.0000;6.8165;1.0000;0.0000;0.0000;0.0000;0.0000
1912;840.46;786.6500;962.1000;1098.5500;311.9000;110.0000;-0.0414;0.0000;-786.6500;0.0000;6.8165;0.0000;-786.6500;0.0000;6.8165;1.0000;0.0000;0.0000;0.0000;0.0000
1913;840.69;785.1000;964.9500;1125.3500;340.2500;110.0000;-0.0414;0.0000;-785.1000;0.0000;6.8165;0.0000;-785.1000;0.0000;6.8165;1.0000;0.0000;0.0000;0.0000;0.0000
1914;840.91;798.1500;962.6500;1108.4000;310.2500;110.0000;-0.0414;0.0000;-798.1500;0.0000;6.8165;0.0000;-798.1500;0.0000;6.8165;1.0000;0.0000;0.0000;0.0000;0.0000
1915;841.13;794.2000;953.7000;1106.3000;312.1000;110.0000;-0.0414;0.0000;-794.2000;0.0000;6.8165;0.0000;-794.2000;0.0000;6.8165;1.0000;0.0000;0.0000;0.0000;0.0000
1916;841.36;788.2500;960.6000;1140.8000;352.5500;110.0000;-0.0414;0.0000;-788.2500;0.0000;6.8165;0.0000;-788.2500;0.0000;6.8165;1.0000;0.0000;0.0000;0.0000;0.0000
1917;841.58;780.0000;962.9500;1143.5500;363.5500;110.0000;-0.0414;0.0000;-780.0000;0.0000;6.8165;0.0000;-780.0000;0.0000;6.8165;1.0000;0.0000;0.0000;0.0000;0.0000
1918;841.81;781.9500;973.6000;1139.9500;358.0000;110.0000;-0.0414;0.0000;-781.9500;0.0000;6.8165;0.0000;-781.9500;0.0000;6.8165;1.0000;0.0000;0.0000;0.0000;0.0000
1919;842.03;786.8500;991.3500;1146.3000;359.4500;110.0000;-0.0414;0.0000;-786.8500;0.0000;6.8165;0.0000;-786.8500;0.0000;6.8165;1.0000;0.0000;0.0000;0.0000;0.0000
1920;842.25;795.6000;1000.6500;1143.4500;347.8500;110.0000;-0.0414;0.0000;-795.6000;0.0000;6.8165;0.0000;-795.6000;0.0000;6.8165;1.0000;0.0000;0.0000;0.0000;0.0000
1921;842.48;795.3500;997.5000;1134.4000;339.0500;110.0000;-0.0414;0.0000;-795.3500;0.0000;6.8165;0.0000;-795.3500;0.0000;6.8165;1.0000;0.0000;0.0000;0.0000;0.0000
1922;842.70;780.4000;999.1500;1144.2500;363.8500;110.0000;-0.0414;0.0000;-780.4000;0.0000;6.8165;0.0000;-780.4000;0.0000;6.8165;1.0000;0.0000;0.0000;0.0000;0.0000
1923;842.92;792.8500;998.1000;1156.3500;363.5000;110.0000;-0.0414;0.0000;-792.8500;0.0000;6.8165;0.0000;-792.8500;0.0000;6.8165;1.0000;0.0000;0.0000;0.0000;0.0000
1924;843.15;800.8500;980.0000;1157.5000;356.6500;110.0000;-0.0414;0.0000;-800.8500;0.0000;6.8165;0.0000;-800.8500;0.0000;6.8165;1.0000;0.0000;0.0000;0.0000;0.0000
1925;843.37;793.6500;970.1000;1143.0500;349.4000;110.0000;-0.0414;0.0000;-793.6500;0.0000;6.8165;0.0000;-793.6500;0.0000;6.8165;1.0000;0.0000;0.0000;0.0000;0.0000
1926;843.59;788.9500;996.7000;1122.4500;333.5000;110.0000;-0.0414;0.0000;-788.9500;0.0000;6.8165;0.0000;-788.9500;0.0000;6.8165;1.0000;0.0000;0.0000;0.0000;0.0000
1927;843.82;796.0000;962.8500;1137.3000;341.3000;110.0000;-0.0414;0.0000;-796.0000;0.0000;6.8165;0.0000;-796.0000;0.0000;6.8165;1.0000;0.0000;0.0000;0.0000;0.0000
1928;844.04;788.5000;961.4500;1123.3500;334.8500;110.0000;-0.0414;0.0000;-788.5000;0.0000;6.8165;0.0000;-788.5000;0.0000;6.8165;1.0000;0.0000;0.0000;0.0000;0.0000
1929;844.26;786.5000;964.2000;1092.8000;306.3000;110.0000;-0.0414;0.0000;-786.5000;0.0000;6.8165;0.0000;-786.5000;0.0000;6.8165;1.0000;0.0000;0.0000;0.0000;0.0000
1930;844.49;790.7000;945.6500;1104.1000;313.4000;110.0000;-0.0414;0.0000;-790.7000;0.0000;6.8165;0.0000;-790.7000;0.0000;6.8165;1.0000;0.0000;0.0000;0.0000;0.0000
1931;844.71;789.1000;962.9500;1109.9500;320.8500;110.0000;-0.0414;0.0000;-789.1000;0.0000;6.8165;0.0000;-789.1000;0.0000;6.8165;1.0000;0.0000;0.0000;0.0000;0.0000
1932;844.93;789.1500;959.4000;1093.5000;304.3500;110.0000;-0.0414;0.0000;-789.1500;0.0000;6.8165;0.0000;-789.1500;0.0000;6.8165;1.0000;0.0000;0.0000;0.0000;0.0000
1933;845.15;794.8000;943.9500;1082.2000;287.4000;110.0000;-0.0414;0.0000;-794.8000;0.0000;6.8165;0.0000;-794.8000;0.0000;6.8165;1.0000;0.0000;0.0000;0.0000;0.0000
1934;845.38;792.0000;936.4500;1093.5000;301.5000;110.0000;-0.0414;0.0000;-792.0000;0.0000;6.8165;0.0000;-792.0000;0.0000;6.8165;1.0000;0.0000;0.0000;0.0000;0.0000
1935;845.60;798.1000;947.6500;1082.4000;284.3000;110.0000;-0.0414;0.0000;-798.1000;0.0000;6.8165;0.0000;-798.1000;0.0000;6.8165;1.0000;0.0000;0.0000;0.0000;0.0000
1936;845.82;789.9000;938.5500;1102.1000;312.2000;110.0000;-0.0414;0.0000;-789.9000;0.0000;6.8165;0.0000;-789.9000;0.0000;6.8165;1.0000;0.0000;0.0000;0.0000;0.0000
1937;846.04;775.9000;929.6500;1089.9500;314.0500;110.0000;-0.0414;0.0000;-775.9000;0.0000;6.8165;0.0000;-775.9000;0.0000;6.8165;1.0000;0.0000;0.0000;0.0000;0.0000
1938;846.26;784.6000;942.6500;1091.2500;306.6500;110.0000;-0.0414;0.0000;-784.6000;0.0000;6.8165;0.0000;-784.6000;0.0000;6.8165;1.0000;0.0000;0.0000;0.0000;0.0000
1939;846.48;778.9500;929.4000;1084.1000;305.1500;110.0000;-0.0414;0.0000;-778.9500;0.0000;6.8165;0.0000;-778.9500;0.0000;6.8165;1.0000;0.0000;0.0000;0.0000;0.0000
1940;846.71;787.7500;930.3500;1072.1000;284.3500;110.0000;-0.0414;0.0000;-787.7500;0.0000;6.8165;0.0000;-787.7500;0.0000;6.8165;1.0000;0.0000;0.0000;0.0000;0.0000
1941;846.93;780.1000;930.1500;1072.1500;292.0500;110.0000;-0.0414;0.0000;-780.1000;0.0000;6.8165;0.0000;-780.1000;0.0000;6.8165;1.0000;0.0000;0.0000;0.0000;0.0000
1942;847.15;790.4000;923.2000;1053.7000;263.3000;110.0000;-0.0414;0.0000;-790.4000;0.0000;6.8165;0.0000;-790.4000;0.0000;6.8165;1.0000;0.0000;0.0000;0.0000;0.0000
1943;847.37;786.0500;932.2000;1065.1000;279.0500;110.0000;-0.0414;0.0000;-786.0500;0.0000;6.8165;0.0000;-786.0500;0.0000;6.8165;1.0000;0.0000;0.0000;0.0000;0.0000
1944;847.59;775.7500;923.2000;1061.2500;285.5000;110.0000;-0.0414;0.0000;-775.7500;0.0000;6.8165;0.0000;-775.7500;0.0000;6.8165;1.0000;0.0000;0.0000;0.0000;0.0000
1945;847.81;785.8000;917.6000;1059.1000;273.3000;110.0000;-0.0414;0.0000;-785.8000;0.0000;6.8165;0.0000;-785.8000;0.0000;6.8165;1.0000;0.0000;0.0000;0.0000;0.0000
1946;848.03;774.3500;911.1000;1064.5000;290.1500;110.0000;-0.0414;0.0000;-774.3500;0.0000;6.8165;0.0000;-774.3500;0.0000;6.8165;1.0000;0.0000;0.0000;0.0000;0.0000
1947;848.26;780.3000;929.6000;1055.1000;274.8000;110.0000;-0.0414;0.0000;-780.3000;0.0000;6.8165;0.0000;-780.3000;0.0000;6.8165;1.0000;0.0000;0.0000;0.0000;0.0000
1948;848.48;789.7000;917.0500;1044.5500;254.8500;110.0000;-0.0414;0.0000;-789.7000;0.0000;6.8165;0.0000;-789.7000;0.0000;6.8165;1.0000;0.0000;0.0000;0.0000;0.0000
1949;848.70;806.4000;909.7500;1061.8500;255.4500;110.0000;-0.0414;0.0000;-806.4000;0.0000;6.8165;0.0000;-806.4000;0.0000;6.8165;1.0000;0.0000;0.0000;0.0000;0.0000
1950;848.92;785.9500;924.9000;1056.9000;270.9500;110.0000;-0.0414;0.0000;-785.9500;0.0000;6.8165;0.0000;-785.9500;0.0000;6.8165;1.0000;0.0000;0.0000;0.0000;0.0000
1951;849.14;792.8500;923.4500;1054.0500;261.2000;110.0000;-0.0414;0.0000;-792.8500;0.0000;6.8165;0.0000;-792.8500;0.0000;6.8165;1.0000;0.0000;0.0000;0.0000;0.0000
1952;849.36;786.5000;920.5000;1065.9000;279.4000;110.0000;-0.0414;0.0000;-786.5000;0.0000;6.8165;0.0000;-786.5000;0.0000;6.8165;1.0000;0.0000;0.0000;0.0000;0.0000
1953;849.58;777.8500;924.7000;1046.5000;268.6500;110.0000;-0.0414;0.0000;-777.8500;0.0000;6.8165;0.0000;-777.8500;0.0000;6.8165;1.0000;0.0000;0.0000;0.0000;0.0000
1954;849.80;783.6000;930.9000;1053.4000;269.8000;110.0000;-0.0414;0.0000;-783.6000;0.0000;6.8165;0.0000;-783.6000;0.0000;6.8165;1.0000;0.0000;0.0000;0.0000;0.0000
1955;850.02;789.9500;918.1500;1050.2500;260.3000;110.0000;-0.0414;0.0000;-789.9500;0.0000;6.8165;0.0000;-789.9500;0.0000;6.8165;1.0000;0.0000;0.0000;0.0000;0.0000
1956;850.24;797.5000;920.4000;1046.7500;249.2500;110.0000;-0.0414;0.0000;-797.5000;0.0000;6.8165;0.0000;-797.5000;0.0000;6.8165;1.0000;0.0000;0.0000;0.0000;0.0000
1957;850.46;795.8500;929.4000;1054.2000;258.3500;110.0000;-0.0414;0.0000;-795.8500;0.0000;6.8165;0.0000;-795.8500;0.0000;6.8165;1.0000;0.0000;0.0000;0.0000;0.0000
1958;850.68;795.9000;926.6500;1052.1000;256.2000;110.0000;-0.0414;0.0000;-795.9000;0.0000;6.8165;0.0000;-795.9000;0.0000;6.8165;1.0000;0.0000;0.0000;0.0000;0.0000
1959;850.90;782.1000;911.3500;1041.6500;259.5500;110.0000;-0.0414;0.0000;-782.1000;0.0000;6.8165;0.0000;-782.1000;0.0000;6.8165;1.0000;0.0000;0.0000;0.0000;0.0000
1960;851.12;789.3000;907.3000;1053.8000;264.5000;110.0000;-0.0414;0.0000;-789.3000;0.0000;6.8165;0.0000;-789.3000;0.0000;6.8165;1.0000;0.0000;0.0000;0.0000;0.0000
1961;851.34;766.6500;919.3500;1061.8500;295.2000;110.0000;-0.0414;0.0000;-766.6500;0.0000;6.8165;0.0000;-766.6500;0.0000;6.8165;1.0000;0.0000;0.0000;0.0000;0.0000
1962;851.56;779.8500;920.0500;1068.4500;288.6000;110.0000;-0.0414;0.0000;-779.8500;0.0000;6.8165;0.0000;-779.8500;0.0000;6.8165;1.0000;0.0000;0.0000;0.0000;0.0000
1963;851.78;791.5000;926.9000;1055.6500;264.1500;110.0000;-0.0414;0.0000;-791.5000;0.0000;6.8165;0.0000;-791.5000;0.0000;6.8165;1.0000;0.0000;0.0000;0.0000;0.0000
1964;852.00;782.2500;918.7500;1060.7000;278.4500;110.0000;-0.0414;0.0000;-782.2500;0.0000;6.8165;0.0000;-782.2500;0.0000;6.8165;1.0000;0.0000;0.0000;0.0000;0.0000
1965;852.21;769.8000;929.6000;1035.7000;265.9000;110.0000;-0.0414;0.0000;-769.8000;0.0000;6.8165;0.0000;-769.8000;0.0000;6.8165;1.0000;0.0000;0.0000;0.0000;0.0000
1966;852.43;782.4000;923.9000;1041.2000;258.8000;110.0000;-0.0414;0.0000;-782.4000;0.0000;6.8165;0.0000;-782.4000;0.0000;6.8165;1.0000;0.0000;0.0000;0.0000;0.0000
1967;852.65;789.0000;901.9000;1034.8500;245.8500;110.0000;-0.0414;0.0000;-789.0000;0.0000;6.8165;0.0000;-789.0000;0.0000;6.8165;1.0000;0.0000;0.0000;0.0000;0.0000
1968;852.87;787.7500;922.0000;1049.2500;261.5000;110.0000;-0.0414;0.0000;-787.7500;0.0000;6.8165;0.0000;-787.7500;0.0000;6.8165;1.0000;0.0000;0.0000;0.0000;0.0000
1969;853.09;786.3000;920.3000;1047.6500;261.3500;110.0000;-0.0414;0.0000;-786.3000;0.0000;6.8165;0.0000;-786.3000;0.0000;6.8165;1.0000;0.0000;0.0000;0.0000;0.0000
1970;853.31;792.5500;921.0000;1042.7000;250.1500;110.0000;-0.0414;0.0000;-792.5500;0.0000;6.8165;0.0000;-792.5500;0.0000;6.8165;1.0000;0.0000;0.0000;0.0000;0.0000
1971;853.53;779.5000;925.0000;1038.8500;259.3500;110.0000;-0.0414;0.0000;-779.5000;0.0000;6.8165;0.0000;-779.5000;0.0000;6.8165;1.0000;0.0000;0.0000;0.0000;0.0000
1972;853.74;780.4500;923.2000;1033.1500;252.7000;110.0000;-0.0414;0.0000;-780.4500;0.0000;6.8165;0.0000;-780.4500;0.0000;6.8165;1.0000;0.0000;0.0000;0.0000;0.0000
1973;853.96;769.8500;909.7000;1028.4000;258.5500;110.0000;-0.0414;0.0000;-769.8500;0.0000;6.8165;0.0000;-769.8500;0.0000;6.8165;1.0000;0.0000;0.0000;0.0000;0.0000
1974;854.18;794.4000;913.6500;1031.5000;237.1000;110.0000;-0.0414;0.0000;-794.4000;0.0000;6.8165;0.0000;-794.4000;0.0000;6.8165;1.0000;0.0000;0.0000;0.0000;0.0000
1975;854.40;795.4000;921.9500;1037.4000;242.0000;110.0000;-0.0414;0.0000;-795.4000;0.0000;6.8165;0.0000;-795.4000;0.0000;6.8165;1.0000;0.0000;0.0000;0.0000;0.0000
1976;854.62;797.4500;922.7000;1023.8000;226.3500;110.0000;-0.0414;0.0000;-797.4500;0.0000;6.8165;0.0000;-797.4500;0.0000;6.8165;1.0000;0.0000;0.0000;0.0000;0.0000
1977;854.83;785.1000;931.7500;1020.7000;235.6000;110.0000;-0.0414;0.0000;-785.1000;0.0000;6.8165;0.0000;-785.1000;0.0000;6.8165;1.0000;0.0000;0.0000;0.0000;0.0000
1978;855.05;787.9000;930.1500;1017.6000;229.7000;110.0000;-0.0414;0.0000;-787.9000;0.0000;6.8165;0.0000;-787.9000;0.0000;6.8165;1.0000;0.0000;0.0000;0.0000;0.0000
1979;855.27;790.8000;915.7000;1031.1500;240.3500;110.0000;-0.0414;0.0000;-790.8000;0.0000;6.8165;0.0000;-790.8000;0.0000;6.8165;1.0000;0.0000;0.0000;0.0000;0.0000
1980;855.49;778.4000;908.7000;1028.9500;250.5500;110.0000;-0.0414;0.0000;-778.4000;0.0000;6.8165;0.0000;-778.4000;0.0000;6.8165;1.0000;0.0000;0.0000;0.0000;0.0000
1981;855.71;790.3000;929.3000;1018.4500;228.1500;110.0000;-0.0414;0.0000;-790.3000;0.0000;6.8165;0.0000;-790.3000;0.0000;6.8165;1.0000;0.0000;0.0000;0.0000;0.0000
1982;855.92;778.6000;924.3500;1010.8000;232.2000;110.0000;-0.0414;0.0000;-778.6000;0.0000;6.8165;0.0000;-778.6000;0.0000;6.8165;1.0000;0.0000;0.0000;0.0000;0.0000
1983;856.14;796.7000;918.8000;1010.4000;213.7000;110.0000;-0.0414;0.0000;-796.7000;0.0000;6.8165;0.0000;-796.7000;0.0000;6.8165;1.0000;0.0000;0.0000;0.0000;0.0000
1984;856.36;784.9500;929.1000;1020.2500;235.3000;110.0000;-0.0414;0.0000;-784.9500;0.0000;6.8165;0.0000;-784.9500;0.0000;6.8165;1.0000;0.0000;0.0000;0.0000;0.0000
1985;856.57;791.7000;929.4000;1009.5500;217.8500;110.0000;-0.0414;0.0000;-791.7000;0.0000;6.8165;0.0000;-791.7000;0.0000;6.8165;1.0000;0.0000;0.0000;0.0000;0.0000
1986;856.79;789.9000;915.7000;1019.1500;229.2500;110.0000;-0.0414;0.0000;-789.9000;0.0000;6.8165;0.0000;-789.9000;0.0000;6.8165;1.0000;0.0000;0.0000;0.0000;0.0000
1987;857.01;781.4500;925.4500;1028.8000;247.3500;110.0000;-0.0414;0.0000;-781.4500;0.0000;6.8165;0.0000;-781.4500;0.0000;6.8165;1.0000;0.0000;0.0000;0.0000;0.0000
1988;857.22;795.8000;934.9000;1023.7500;227.9500;110.0000;-0.0414;0.0000;-795.8000;0.0000;6.8165;0.0000;-795.8000;0.0000;6.8165;1.0000;0.0000;0.0000;0.0000;0.0000
1989;857.44;782.7500;934.0000;1008.3500;225.6000;110.0000;-0.0414;0.0000;-782.7500;0.0000;6.8165;0.0000;-782.7500;0.0000;6.8165;1.0000;0.0000;0.0000;0.0000;0.0000
1990;857.66;787.0000;921.2000;1013.6500;226.6500;110.0000;-0.0414;0.0000;-787.0000;0.0000;6.8165;0.0000;-787.0000;0.0000;6.8165;1.0000;0.0000;0.0000;0.0000;0.0000
1991;857.87;772.3500;926.0500;1024.9500;252.6000;110.0000;-0.0414;0.0000;-772.3500;0.0000;6.8165;0.0000;-772.3500;0.0000;6.8165;1.0000;0.0000;0.0000;0.0000;0.0000
1992;858.09;794.8000;908.7000;1020.0000;225.2000;110.0000;-0.0414;0.0000;-794.8000;0.0000;6.8165;0.0000;-794.8000;0.0000;6.8165;1.0000;0.0000;0.0000;0.0000;0.0000
1993;858.31;796.2500;918.6500;1009.2500;213.0000;110.0000;-0.0414;0.0000;-796.2500;0.0000;6.8165;0.0000;-796.2500;0.0000;6.8165;1.0000;0.0000;0.0000;0.0000;0.0000
1994;858.52;787.8000;931.8500;1005.2500;217.4500;110.0000;-0.0414;0.0000;-787.8000;0.0000;6.8165;0.0000;-787.8000;0.0000;6.8165;1.0000;0.0000;0.0000;0.0000;0.0000
1995;858.74;775.8000;916.2500;1000.3000;224.5000;110.0000;-0.0414;0.0000;-775.8000;0.0000;6.8165;0.0000;-775.8000;0.0000;6.8165;1.0000;0.0000;0.0000;0.0000;0.0000
1996;858.95;782.8000;911.2000;1005.3500;222.5500;110.0000;-0.0414;0.0000;-782.8000;0.0000;6.8165;0.0000;-782.8000;0.0000;6.8165;1.0000;0.0000;0.0000;0.0000;0.0000
1997;859.17;773.3000;907.2500;1007.9500;234.6500;110.0000;-0.0414;0.0000;-773.3000;0.0000;6.8165;0.0000;-773.3000;0.0000;6.8165;1.0000;0.0000;0.0000;0.0000;0.0000
1998;859.39;773.2500;895.7000;1001.3000;228.0500;110.0000;-0.0414;0.0000;-773.2500;0.0000;6.8165;0.0000;-773.2500;0.0000;6.8165;1.0000;0.0000;0.0000;0.0000;0.0000
1999;859.60;780.7500;917.0000;996.8000;216.0500;110.0000;-0.0414;0.0000;-780.7500;0.0000;6.8165;0.0000;-780.7500;0.0000;6.8165;1.0000;0.0000;0.0000;0.0000;0.0000
2000;859.82;793.3000;909.5500;989.1000;195.8000;110.0000;-0.0414;0.0000;-793.3000;0.0000;6.8165;0.0000;-793.3000;0.0000;6.8165;1.0000;0.0000;0.0000;0.0000;0.0000
2001;860.03;783.6000;916.0500;980.5500;196.9500;110.0000;-0.0414;0.0000;-783.6000;0.0000;6.8165;0.0000;-783.6000;0.0000;6.8165;1.0000;0.0000;0.0000;0.0000;0.0000
2002;860.25;799.4500;907.1000;985.7500;186.3000;110.0000;-0.0414;0.0000;-799.4500;0.0000;6.8165;0.0000;-799.4500;0.0000;6.8165;1.0000;0.0000;0.0000;0.0000;0.0000
2003;860.46;785.9000;896.1000;979.8000;193.9000;110.0000;-0.0414;0.0000;-785.9000;0.0000;6.8165;0.0000;-785.9000;0.0000;6.8165;1.0000;0.0000;0.0000;0.0000;0.0000
2004;860.68;786.1500;908.8000;990.7500;204.6000;110.0000;-0.0414;0.0000;-786.1500;0.0000;6.8165;0.0000;-786.1500;0.0000;6.8165;1.0000;0.0000;0.0000;0.0000;0.0000
2005;860.89;779.4000;903.3000;950.0000;170.6000;110.0000;-0.0414;0.0000;-779.4000;0.0000;6.8165;0.0000;-779.4000;0.0000;6.8165;1.0000;0.0000;0.0000;0.0000;0.0000
2006;861.11;786.0000;896.6000;960.9500;174.9500;110.0000;-0.0414;0.0000;-786.0000;0.0000;6.8165;0.0000;-786.0000;0.0000;6.8165;1.0000;0.0000;0.0000;0.0000;0.0000
2007;861.32;790.7000;893.9500;964.2500;173.5500;110.0000;-0.0414;0.0000;-790.7000;0.0000;6.8165;0.0000;-790.7000;0.0000;6.8165;1.0000;0.0000;0.0000;0.0000;0.0000
2008;861.54;788.4000;899.1000;945.2500;156.8500;110.0000;-0.0414;0.0000;-788.4000;0.0000;6.8165;0.0000;-788.4000;0.0000;6.8165;1.0000;0.0000;0.0000;0.0000;0.0000
2009;861.75;779.3000;899.6500;951.1500;171.8500;110.0000;-0.0414;0.0000;-779.3000;0.0000;6.8165;0.0000;-779.3000;0.0000;6.8165;1.0000;0.0000;0.0000;0.0000;0.0000
2010;861.96;795.9500;881.1500;935.0000;139.0500;110.0000;-0.0414;0.0000;-795.9500;0.0000;6.8165;0.0000;-795.9500;0.0000;6.8165;1.0000;0.0000;0.0000;0.0000;0.0000
2011;862.18;800.8500;894.2000;948.9000;148.0500;110.0000;-0.0414;0.0000;-800.8500;0.0000;6.8165;0.0000;-800.8500;0.0000;6.8165;1.0000;0.0000;0.0000;0.0000;0.0000
2012;862.39;788.8500;887.4000;953.7000;164.8500;110.0000;-0.0414;0.0000;-788.8500;0.0000;6.8165;0.0000;-788.8500;0.0000;6.8165;1.0000;0.0000;0.0000;0.0000;0.0000
2013;862.61;775.2500;868.5500;944.2500;169.0000;110.0000;-0.0414;0.0000;-775.2500;0.0000;6.8165;0.0000;-775.2500;0.0000;6.8165;1.0000;0.0000;0.0000;0.0000;0.0000
2014;862.82;773.1500;877.6000;950.9500;177.8000;110.0000;-0.0414;0.0000;-773.1500;0.0000;6.8165;0.0000;-773.1500;0.0000;6.8165;1.0000;0.0000;0.0000;0.0000;0.0000
2015;863.03;775.6000;883.0500;935.0500;159.4500;110.0000;-0.0414;0.0000;-775.6000;0.0000;6.8165;0.0000;-775.6000;0.0000;6.8165;1.0000;0.0000;0.0000;0.0000;0.0000
2016;863.25;783.7000;876.0500;931.0500;147.3500;110.0000;-0.0414;0.0000;-783.7000;0.0000;6.8165;0.0000;-783.7000;0.0000;6.8165;1.0000;0.0000;0.0000;0.0000;0.0000
2017;863.46;789.8500;874.8500;915.9500;126.1000;110.0000;-0.0414;0.0000;-789.8500;0.0000;6.8165;0.0000;-789.8500;0.0000;6.8165;1.0000;0.0000;0.0000;0.0000;0.0000
2018;863.68;773.8000;876.4000;918.4500;144.6500;110.0000;-0.0414;0.0000;-773.8000;0.0000;6.8165;0.0000;-773.8000;0.0000;6.8165;1.0000;0.0000;0.0000;0.0000;0.0000
2019;863.89;769.4000;871.4000;937.7500;168.3500;110.0000;-0.0414;0.0000;-769.4000;0.0000;6.8165;0.0000;-769.4000;0.0000;6.8165;1.0000;0.0000;0.0000;0.0000;0.0000
2020;864.10;775.1500;872.7000;940.6000;165.4500;110.0000;-0.0414;0.0000;-775.1500;0.0000;6.8165;0.0000;-775.1500;0.0000;6.8165;1.0000;0.0000;0.0000;0.0000;0.0000
2021;864.32;780.3000;870.6500;926.4000;146.1000;110.0000;-0.0414;0.0000;-780.3000;0.0000;6.8165;0.0000;-780.3000;0.0000;6.8165;1.0000;0.0000;0.0000;0.0000;0.0000
2022;864.53;792.9500;868.7000;927.9500;135.0000;110.0000;-0.0414;0.0000;-792.9500;0.0000;6.8165;0.0000;-792.9500;0.0000;6.8165;1.0000;0.0000;0.0000;0.0000;0.0000
2023;864.74;782.1500;868.7500;926.7000;144.5500;110.0000;-0.0414;0.0000;-782.1500;0.0000;6.8165;0.0000;-782.1500;0.0000;6.8165;1.0000;0.0000;0.0000;0.0000;0.0000
2024;864.95;775.6500;872.5500;930.7500;155.1000;110.0000;-0.0414;0.0000;-775.6500;0.0000;6.8165;0.0000;-775.6500;0.0000;6.8165;1.0000;0.0000;0.0000;0.0000;0.0000
2025;865.17;793.5500;859.9000;936.9500;143.4000;110.0000;-0.0414;0.0000;-793.5500;0.0000;6.8165;0.0000;-793.5500;0.0000;6.8165;1.0000;0.0000;0.0000;0.0000;0.0000
2026;865.38;795.0500;852.5500;927.9500;132.9000;110.0000;-0.0414;0.0000;-795.0500;0.0000;6.8165;0.0000;-795.0500;0.0000;6.8165;1.0000;0.0000;0.0000;0.0000;0.0000
2027;865.59;799.9500;871.5500;923.4500;123.5000;110.0000;-0.0414;0.0000;-799.9500;0.0000;6.8165;0.0000;-799.9500;0.0000;6.8165;1.0000;0.0000;0.0000;0.0000;0.0000
2028;865.81;790.2000;859.5000;922.0500;131.8500;110.0000;-0.0414;0.0000;-790.2000;0.0000;6.8165;0.0000;-790.2000;0.0000;6.8165;1.0000;0.0000;0.0000;0.0000;0.0000
2029;866.02;789.2500;867.1000;931.1500;141.9000;110.0000;-0.0414;0.0000;-789.2500;0.0000;6.8165;0.0000;-789.2500;0.0000;6.8165;1.0000;0.0000;0.0000;0.0000;0.0000
2030;866.23;798.7500;860.7500;912.7500;114.0000;110.0000;-0.0414;0.0000;-798.7500;0.0000;6.8165;0.0000;-798.7500;0.0000;6.8165;1.0000;0.0000;0.0000;0.0000;0.0000
2031;866.44;786.2500;848.9000;910.8000;124.5500;110.0000;-0.0414;0.0000;-786.2500;0.0000;6.8165;0.0000;-786.2500;0.0000;6.8165;1.0000;0.0000;0.0000;0.0000;0.0000
2032;866.65;788.2500;845.1500;914.0000;125.7500;110.0000;-0.0414;0.0000;-788.2500;0.0000;6.8165;0.0000;-788.2500;0.0000;6.8165;1.0000;0.0000;0.0000;0.0000;0.0000
2033;866.87;795.8000;843.5500;900.7500;104.9500;110.0000;-0.0414;0.0000;-795.8000;0.0000;6.8165;0.0000;-795.8000;0.0000;6.8165;1.0000;0.0000;0.0000;0.0000;0.0000
2034;867.08;790.1000;839.6000;909.6000;119.5000;110.0000;-0.0414;0.0000;-790.1000;0.0000;6.8165;0.0000;-790.1000;0.0000;6.8165;1.0000;0.0000;0.0000;0.0000;0.0000
2035;867.29;798.0000;858.9500;918.7000;120.7000;110.0000;-0.0414;0.0000;-798.0000;0.0000;6.8165;0.0000;-798.0000;0.0000;6.8165;1.0000;0.0000;0.0000;0.0000;0.0000
2036;867.50;796.3000;848.2000;899.0000;102.7000;110.0000;-0.0414;0.0000;-796.3000;0.0000;6.8165;0.0000;-796.3000;0.0000;6.8165;1.0000;0.0000;0.0000;0.0000;0.0000
2037;867.71;790.6000;844.8500;918.0000;127.4000;110.0000;-0.0414;0.0000;-790.6000;0.0000;6.8165;0.0000;-790.6000;0.0000;6.8165;1.0000;0.0000;0.0000;0.0000;0.0000
2038;867.92;790.4500;846.6000;919.5500;129.1000;110.0000;-0.0414;0.0000;-790.4500;0.0000;6.8165;0.0000;-790.4500;0.0000;6.8165;1.0000;0.0000;0.0000;0.0000;0.0000
2039;868.14;802.4500;837.2000;915.2500;112.8000;110.0000;-0.0414;0.0000;-802.4500;0.0000;6.8165;0.0000;-802.4500;0.0000;6.8165;1.0000;0.0000;0.0000;0.0000;0.0000
2040;868.35;802.6500;859.3000;903.9000;101.2500;110.0000;-0.0414;0.0000;-802.6500;0.0000;6.8165;0.0000;-802.6500;0.0000;6.8165;1.0000;0.0000;0.0000;0.0000;0.0000
2041;868.56;802.2500;856.7000;915.8500;113.6000;110.0000;-0.0414;0.0000;-802.2500;0.0000;6.8165;0.0000;-802.2500;0.0000;6.8165;1.0000;0.0000;0.0000;0.0000;0.0000
2042;868.77;790.7000;845.7000;912.4000;121.7000;110.0000;-0.0414;0.0000;-790.7000;0.0000;6.8165;0.0000;-790.7000;0.0000;6.8165;1.0000;0.0000;0.0000;0.0000;0.0000
2043;868.98;790.5000;847.9000;925.5000;135.0000;110.0000;-0.0414;0.0000;-790.5000;0.0000;6.8165;0.0000;-790.5000;0.0000;6.8165;1.0000;0.0000;0.0000;0.0000;0.0000
2044;869.19;797.7500;839.2500;927.8500;130.1000;110.0000;-0.0414;0.0000;-797.7500;0.0000;6.8165;0.0000;-797.7500;0.0000;6.8165;1.0000;0.0000;0.0000;0.0000;0.0000
2045;869.40;775.6500;838.3000;923.6000;147.9500;110.0000;-0.0414;0.0000;-775.6500;0.0000;6.8165;0.0000;-775.6500;0.0000;6.8165;1.0000;0.0000;0.0000;0.0000;0.0000
2046;869.61;785.1500;843.4000;911.2500;126.1000;110.0000;-0.0414;0.0000;-785.1500;0.0000;6.8165;0.0000;-785.1500;0.0000;6.8165;1.0000;0.0000;0.0000;0.0000;0.0000
2047;869.82;784.3000;840.7500;911.0000;126.7000;110.0000;-0.0414;0.0000;-784.3000;0.0000;6.8165;0.0000;-784.3000;0.0000;6.8165;1.0000;0.0000;0.0000;0.0000;0.0000
