Date;2006-11-30 12:38:13
title;IBD
model;BTC112
c code;IBD
operator;
port1;0
baud1;3
pixel_start;0
pixel_end;2047
step;1
units;1
bkcolor;16777215
show_mode;0
data_mode;0
pixel_mode;0
intigration times;5
average number;20
spectrometer_type ;14
yaxis;1
yaxis_min;0
yaxis_max;65535
xaxis;1
xaxis_min;0
xaxis_max;2047
coefs_a0;231.943084241822
coefs_a1;0.406994147595924
coefs_a2;-4.3775084135389E-5
coefs_a3;-1.3768865065993E-9
coefs_b0;-728.069070757367
coefs_b1;3.36508502946526
coefs_b2;-0.0019617714298974
coefs_b3;2.01154622732E-6
all_data_save;1
select_option;-1
interval_time;50
pixel_num;2048
sel_pixel_start;0
sel_pixel_end;2047
sel_pixel_delta;1
dark_compensate;0
dark_compensate_value_1;0
dark_compensate_value_2;0
dark_compensate_value_3;0
monitor pixel_0;0
monitor pixel_1;0
monitor pixel_2;0
monitor pixel_3;0
monitor pixel_4;0
monitor pixel_5;0
vertical_line3_wv;250
vertical_line4_wv;250
vertical_line_flag;0
vertical_line_ratio;0
overlay_js;0
Pixel;Wavelength;Dark;Reference;Raw data #1;Dark Subtracted #1;%TR #1;Absorbance #1;Raw data #2;Dark Subtracted #2;%TR #2;Absorbance #2;Raw data #3;Dark Subtracted #3;%TR #3;Absorbance #3;Errands Ref;Errands Fit;Irradiance_1;Irradiance_2;Irradiance_3
0;231.94;798.4000;783.7000;783.3500;-15.0500;102.3810;-0.0102;0.0000;-798.4000;110.0000;-0.0414;0.0000;-798.4000;110.0000;-0.0414;1.0000;0.0000;0.0000;0.0000;0.0000
1;232.35;798.4000;783.7000;783.3500;-15.0500;102.3810;-0.0102;0.0000;-798.4000;110.0000;-0.0414;0.0000;-798.4000;110.0000;-0.0414;1.0000;0.0000;0.0000;0.0000;0.0000
2;232.76;791.3500;791.9000;786.9500;-4.4000;0.0000;6.8165;0.0000;-791.3500;0.0000;6.8165;0.0000;-791.3500;0.0000;6.8165;1.0000;0.0000;0.0000;0.0000;0.0000
3;233.16;753.0000;679.0500;750.3500;-2.6500;3.5835;1.4457;0.0000;-753.0000;110.0000;-0.0414;0.0000;-753.0000;110.0000;-0.0414;1.0000;0.0000;0.0000;0.0000;0.0000
4;233.57;786.1500;777.2500;774.2000;-11.9500;110.0000;-0.0414;0.0000;-786.1500;0.0000;6.8165;0.0000;-786.1500;0.0000;6.8165;1.0000;0.0000;0.0000;0.0000;0.0000
5;233.98;791.5500;797.2000;787.3000;-4.2500;0.0000;6.8165;0.0000;-791.5500;0.0000;6.8165;0.0000;-791.5500;0.0000;6.8165;1.0000;0.0000;0.0000;0.0000;0.0000
6;234.38;799.5000;782.6000;778.2000;-21.3000;110.0000;-0.0414;0.0000;-799.5000;110.0000;-0.0414;0.0000;-799.5000;110.0000;-0.0414;1.0000;0.0000;0.0000;0.0000;0.0000
7;234.79;797.6500;780.6500;801.2000;3.5500;0.0000;6.8165;0.0000;-797.6500;0.0000;6.8165;0.0000;-797.6500;0.0000;6.8165;1.0000;0.0000;0.0000;0.0000;0.0000
8;235.20;798.2500;795.4000;778.9500;-19.3000;110.0000;-0.0414;0.0000;-798.2500;110.0000;-0.0414;0.0000;-798.2500;110.0000;-0.0414;1.0000;0.0000;0.0000;0.0000;0.0000
9;235.60;777.8500;797.0000;791.0000;13.1500;68.6684;0.1632;0.0000;-777.8500;0.0000;6.8165;0.0000;-777.8500;0.0000;6.8165;1.0000;0.0000;0.0000;0.0000;0.0000
10;236.01;780.6500;791.6000;795.2500;14.6000;110.0000;-0.0414;0.0000;-780.6500;0.0000;6.8165;0.0000;-780.6500;0.0000;6.8165;1.0000;0.0000;0.0000;0.0000;0.0000
11;236.41;785.7500;801.9500;796.2500;10.5000;64.8148;0.1883;0.0000;-785.7500;0.0000;6.8165;0.0000;-785.7500;0.0000;6.8165;1.0000;0.0000;0.0000;0.0000;0.0000
12;236.82;791.8500;788.1000;795.6000;3.7500;0.0000;6.8165;0.0000;-791.8500;0.0000;6.8165;0.0000;-791.8500;0.0000;6.8165;1.0000;0.0000;0.0000;0.0000;0.0000
13;237.23;788.1500;787.7000;789.5000;1.3500;0.0000;6.8165;0.0000;-788.1500;0.0000;6.8165;0.0000;-788.1500;0.0000;6.8165;1.0000;0.0000;0.0000;0.0000;0.0000
14;237.63;792.8500;775.0000;792.5500;-0.3000;1.6807;1.7745;0.0000;-792.8500;110.0000;-0.0414;0.0000;-792.8500;110.0000;-0.0414;1.0000;0.0000;0.0000;0.0000;0.0000
15;238.04;779.1000;790.5000;772.9000;-6.2000;0.0000;6.8165;0.0000;-779.1000;0.0000;6.8165;0.0000;-779.1000;0.0000;6.8165;1.0000;0.0000;0.0000;0.0000;0.0000
16;238.44;789.3000;781.9000;786.7500;-2.5500;34.4595;0.4627;0.0000;-789.3000;0.0000;6.8165;0.0000;-789.3000;0.0000;6.8165;1.0000;0.0000;0.0000;0.0000;0.0000
17;238.85;790.2000;786.4500;786.0000;-4.2000;110.0000;-0.0414;0.0000;-790.2000;110.0000;-0.0414;0.0000;-790.2000;110.0000;-0.0414;1.0000;0.0000;0.0000;0.0000;0.0000
18;239.25;785.8000;793.9500;797.1500;11.3500;110.0000;-0.0414;0.0000;-785.8000;110.0000;-0.0414;0.0000;-785.8000;110.0000;-0.0414;1.0000;0.0000;0.0000;0.0000;0.0000
19;239.66;785.1000;787.0000;781.3000;-3.8000;0.0000;6.8165;0.0000;-785.1000;110.0000;-0.0414;0.0000;-785.1000;110.0000;-0.0414;1.0000;0.0000;0.0000;0.0000;0.0000
20;240.07;777.3500;781.4000;786.6500;9.3000;110.0000;-0.0414;0.0000;-777.3500;110.0000;-0.0414;0.0000;-777.3500;110.0000;-0.0414;1.0000;0.0000;0.0000;0.0000;0.0000
21;240.47;782.9500;786.0500;775.8000;-7.1500;0.0000;6.8165;0.0000;-782.9500;0.0000;6.8165;0.0000;-782.9500;0.0000;6.8165;1.0000;0.0000;0.0000;0.0000;0.0000
22;240.88;768.9500;789.2000;791.4000;22.4500;110.0000;-0.0414;0.0000;-768.9500;0.0000;6.8165;0.0000;-768.9500;0.0000;6.8165;1.0000;0.0000;0.0000;0.0000;0.0000
23;241.28;798.3500;782.8000;792.6000;-5.7500;36.9775;0.4321;0.0000;-798.3500;110.0000;-0.0414;0.0000;-798.3500;110.0000;-0.0414;1.0000;0.0000;0.0000;0.0000;0.0000
24;241.69;792.4000;791.8500;768.7000;-23.7000;110.0000;-0.0414;0.0000;-792.4000;110.0000;-0.0414;0.0000;-792.4000;110.0000;-0.0414;1.0000;0.0000;0.0000;0.0000;0.0000
25;242.09;782.3500;770.2500;770.7000;-11.6500;96.2810;0.0165;0.0000;-782.3500;0.0000;6.8165;0.0000;-782.3500;0.0000;6.8165;1.0000;0.0000;0.0000;0.0000;0.0000
26;242.50;790.4000;788.0500;784.8500;-5.5500;110.0000;-0.0414;0.0000;-790.4000;110.0000;-0.0414;0.0000;-790.4000;110.0000;-0.0414;1.0000;0.0000;0.0000;0.0000;0.0000
27;242.90;800.2000;784.5500;772.7500;-27.4500;110.0000;-0.0414;0.0000;-800.2000;110.0000;-0.0414;0.0000;-800.2000;110.0000;-0.0414;1.0000;0.0000;0.0000;0.0000;0.0000
28;243.30;786.1500;796.0000;778.9500;-7.2000;0.0000;6.8165;0.0000;-786.1500;0.0000;6.8165;0.0000;-786.1500;0.0000;6.8165;1.0000;0.0000;0.0000;0.0000;0.0000
29;243.71;793.6000;790.2000;787.1000;-6.5000;110.0000;-0.0414;0.0000;-793.6000;110.0000;-0.0414;0.0000;-793.6000;110.0000;-0.0414;1.0000;0.0000;0.0000;0.0000;0.0000
30;244.11;792.3500;788.0000;780.3000;-12.0500;110.0000;-0.0414;0.0000;-792.3500;110.0000;-0.0414;0.0000;-792.3500;110.0000;-0.0414;1.0000;0.0000;0.0000;0.0000;0.0000
31;244.52;794.7000;771.5500;780.9000;-13.8000;59.6112;0.2247;0.0000;-794.7000;110.0000;-0.0414;0.0000;-794.7000;110.0000;-0.0414;1.0000;0.0000;0.0000;0.0000;0.0000
32;244.92;796.1000;776.6000;767.1000;-29.0000;110.0000;-0.0414;0.0000;-796.1000;110.0000;-0.0414;0.0000;-796.1000;110.0000;-0.0414;1.0000;0.0000;0.0000;0.0000;0.0000
33;245.33;788.1000;776.7000;779.5000;-8.6000;75.4386;0.1224;0.0000;-788.1000;110.0000;-0.0414;0.0000;-788.1000;110.0000;-0.0414;1.0000;0.0000;0.0000;0.0000;0.0000
34;245.73;779.3500;776.3000;788.8000;9.4500;0.0000;6.8165;0.0000;-779.3500;0.0000;6.8165;0.0000;-779.3500;0.0000;6.8165;1.0000;0.0000;0.0000;0.0000;0.0000
35;246.13;783.8000;807.8000;793.3000;9.5000;39.5833;0.4025;0.0000;-783.8000;0.0000;6.8165;0.0000;-783.8000;0.0000;6.8165;1.0000;0.0000;0.0000;0.0000;0.0000
36;246.54;788.9000;864.7000;843.7000;54.8000;72.2955;0.1409;0.0000;-788.9000;0.0000;6.8165;0.0000;-788.9000;0.0000;6.8165;1.0000;0.0000;0.0000;0.0000;0.0000
37;246.94;782.7000;858.4000;825.6000;42.9000;56.6711;0.2466;0.0000;-782.7000;0.0000;6.8165;0.0000;-782.7000;0.0000;6.8165;1.0000;0.0000;0.0000;0.0000;0.0000
38;247.35;788.7000;850.8500;838.3000;49.6000;79.8069;0.0980;0.0000;-788.7000;0.0000;6.8165;0.0000;-788.7000;0.0000;6.8165;1.0000;0.0000;0.0000;0.0000;0.0000
39;247.75;778.1000;865.9500;841.1500;63.0500;71.7701;0.1441;0.0000;-778.1000;0.0000;6.8165;0.0000;-778.1000;0.0000;6.8165;1.0000;0.0000;0.0000;0.0000;0.0000
40;248.15;776.6000;854.8000;840.7500;64.1500;82.0332;0.0860;0.0000;-776.6000;0.0000;6.8165;0.0000;-776.6000;0.0000;6.8165;1.0000;0.0000;0.0000;0.0000;0.0000
41;248.56;784.9500;846.6500;833.8000;48.8500;79.1734;0.1014;0.0000;-784.9500;0.0000;6.8165;0.0000;-784.9500;0.0000;6.8165;1.0000;0.0000;0.0000;0.0000;0.0000
42;248.96;790.0000;862.7000;823.7000;33.7000;46.3549;0.3339;0.0000;-790.0000;0.0000;6.8165;0.0000;-790.0000;0.0000;6.8165;1.0000;0.0000;0.0000;0.0000;0.0000
43;249.36;786.6500;853.8000;818.3000;31.6500;47.1333;0.3267;0.0000;-786.6500;0.0000;6.8165;0.0000;-786.6500;0.0000;6.8165;1.0000;0.0000;0.0000;0.0000;0.0000
44;249.77;775.8000;848.1500;823.3500;47.5500;65.7222;0.1823;0.0000;-775.8000;0.0000;6.8165;0.0000;-775.8000;0.0000;6.8165;1.0000;0.0000;0.0000;0.0000;0.0000
45;250.17;778.7000;840.6000;857.5000;78.8000;110.0000;-0.0414;0.0000;-778.7000;0.0000;6.8165;0.0000;-778.7000;0.0000;6.8165;1.0000;0.0000;0.0000;0.0000;0.0000
46;250.57;789.2500;873.6500;846.1500;56.9000;67.4171;0.1712;0.0000;-789.2500;0.0000;6.8165;0.0000;-789.2500;0.0000;6.8165;1.0000;0.0000;0.0000;0.0000;0.0000
47;250.97;790.3500;856.3500;843.8000;53.4500;80.9848;0.0916;0.0000;-790.3500;0.0000;6.8165;0.0000;-790.3500;0.0000;6.8165;1.0000;0.0000;0.0000;0.0000;0.0000
48;251.38;779.2000;857.6000;839.5000;60.3000;76.9133;0.1140;0.0000;-779.2000;0.0000;6.8165;0.0000;-779.2000;0.0000;6.8165;1.0000;0.0000;0.0000;0.0000;0.0000
49;251.78;804.6500;858.3000;834.6000;29.9500;55.8248;0.2532;0.0000;-804.6500;0.0000;6.8165;0.0000;-804.6500;0.0000;6.8165;1.0000;0.0000;0.0000;0.0000;0.0000
50;252.18;774.8000;876.0500;828.4500;53.6500;52.9877;0.2758;0.0000;-774.8000;0.0000;6.8165;0.0000;-774.8000;0.0000;6.8165;1.0000;0.0000;0.0000;0.0000;0.0000
51;252.59;794.2500;856.8500;841.8000;47.5500;75.9585;0.1194;0.0000;-794.2500;0.0000;6.8165;0.0000;-794.2500;0.0000;6.8165;1.0000;0.0000;0.0000;0.0000;0.0000
52;252.99;796.8500;867.2000;835.3000;38.4500;54.6553;0.2624;0.0000;-796.8500;0.0000;6.8165;0.0000;-796.8500;0.0000;6.8165;1.0000;0.0000;0.0000;0.0000;0.0000
53;253.39;802.3000;870.6000;837.2000;34.9000;51.0981;0.2916;0.0000;-802.3000;0.0000;6.8165;0.0000;-802.3000;0.0000;6.8165;1.0000;0.0000;0.0000;0.0000;0.0000
54;253.79;784.5000;871.4500;824.0500;39.5500;45.4859;0.3421;0.0000;-784.5000;0.0000;6.8165;0.0000;-784.5000;0.0000;6.8165;1.0000;0.0000;0.0000;0.0000;0.0000
55;254.20;787.3000;865.9500;824.4500;37.1500;47.2346;0.3257;0.0000;-787.3000;0.0000;6.8165;0.0000;-787.3000;0.0000;6.8165;1.0000;0.0000;0.0000;0.0000;0.0000
56;254.60;782.7500;850.3000;843.6000;60.8500;90.0814;0.0454;0.0000;-782.7500;0.0000;6.8165;0.0000;-782.7500;0.0000;6.8165;1.0000;0.0000;0.0000;0.0000;0.0000
57;255.00;785.4500;871.5500;840.1000;54.6500;63.4727;0.1974;0.0000;-785.4500;0.0000;6.8165;0.0000;-785.4500;0.0000;6.8165;1.0000;0.0000;0.0000;0.0000;0.0000
58;255.40;782.8500;851.0500;835.0500;52.2000;76.5396;0.1161;0.0000;-782.8500;0.0000;6.8165;0.0000;-782.8500;0.0000;6.8165;1.0000;0.0000;0.0000;0.0000;0.0000
59;255.80;785.1000;880.5500;839.2000;54.1000;56.6789;0.2466;0.0000;-785.1000;0.0000;6.8165;0.0000;-785.1000;0.0000;6.8165;1.0000;0.0000;0.0000;0.0000;0.0000
60;256.20;777.2500;878.5000;840.7000;63.4500;62.6667;0.2030;0.0000;-777.2500;0.0000;6.8165;0.0000;-777.2500;0.0000;6.8165;1.0000;0.0000;0.0000;0.0000;0.0000
61;256.61;787.8500;875.9500;823.4500;35.6000;40.4086;0.3935;0.0000;-787.8500;0.0000;6.8165;0.0000;-787.8500;0.0000;6.8165;1.0000;0.0000;0.0000;0.0000;0.0000
62;257.01;793.2000;865.3500;843.2000;50.0000;69.3001;0.1593;0.0000;-793.2000;0.0000;6.8165;0.0000;-793.2000;0.0000;6.8165;1.0000;0.0000;0.0000;0.0000;0.0000
63;257.41;781.1000;855.8500;833.8000;52.7000;70.5017;0.1518;0.0000;-781.1000;0.0000;6.8165;0.0000;-781.1000;0.0000;6.8165;1.0000;0.0000;0.0000;0.0000;0.0000
64;257.81;783.3000;863.4000;840.0500;56.7500;70.8489;0.1497;0.0000;-783.3000;0.0000;6.8165;0.0000;-783.3000;0.0000;6.8165;1.0000;0.0000;0.0000;0.0000;0.0000
65;258.21;792.5000;857.7000;839.0500;46.5500;71.3957;0.1463;0.0000;-792.5000;0.0000;6.8165;0.0000;-792.5000;0.0000;6.8165;1.0000;0.0000;0.0000;0.0000;0.0000
66;258.61;795.8500;868.4500;837.0000;41.1500;56.6804;0.2466;0.0000;-795.8500;0.0000;6.8165;0.0000;-795.8500;0.0000;6.8165;1.0000;0.0000;0.0000;0.0000;0.0000
67;259.01;777.0000;857.6500;842.7000;65.7000;81.4631;0.0890;0.0000;-777.0000;0.0000;6.8165;0.0000;-777.0000;0.0000;6.8165;1.0000;0.0000;0.0000;0.0000;0.0000
68;259.42;796.4500;862.3000;849.4500;53.0000;80.4860;0.0943;0.0000;-796.4500;0.0000;6.8165;0.0000;-796.4500;0.0000;6.8165;1.0000;0.0000;0.0000;0.0000;0.0000
69;259.82;781.6000;855.4000;825.6500;44.0500;59.6883;0.2241;0.0000;-781.6000;0.0000;6.8165;0.0000;-781.6000;0.0000;6.8165;1.0000;0.0000;0.0000;0.0000;0.0000
70;260.22;775.3000;857.0000;837.5000;62.2000;76.1322;0.1184;0.0000;-775.3000;0.0000;6.8165;0.0000;-775.3000;0.0000;6.8165;1.0000;0.0000;0.0000;0.0000;0.0000
71;260.62;786.0500;868.4500;842.1500;56.1000;68.0825;0.1670;0.0000;-786.0500;0.0000;6.8165;0.0000;-786.0500;0.0000;6.8165;1.0000;0.0000;0.0000;0.0000;0.0000
72;261.02;785.6500;870.8000;828.8500;43.2000;50.7340;0.2947;0.0000;-785.6500;0.0000;6.8165;0.0000;-785.6500;0.0000;6.8165;1.0000;0.0000;0.0000;0.0000;0.0000
73;261.42;784.9500;861.2500;839.1500;54.2000;71.0354;0.1485;0.0000;-784.9500;0.0000;6.8165;0.0000;-784.9500;0.0000;6.8165;1.0000;0.0000;0.0000;0.0000;0.0000
74;261.82;787.9000;870.2500;835.4000;47.5000;57.6806;0.2390;0.0000;-787.9000;0.0000;6.8165;0.0000;-787.9000;0.0000;6.8165;1.0000;0.0000;0.0000;0.0000;0.0000
75;262.22;774.2000;856.6000;836.1500;61.9500;75.1820;0.1239;0.0000;-774.2000;0.0000;6.8165;0.0000;-774.2000;0.0000;6.8165;1.0000;0.0000;0.0000;0.0000;0.0000
76;262.62;783.8500;871.1500;841.4500;57.6000;65.9794;0.1806;0.0000;-783.8500;0.0000;6.8165;0.0000;-783.8500;0.0000;6.8165;1.0000;0.0000;0.0000;0.0000;0.0000
77;263.02;788.0000;863.2000;837.0000;49.0000;65.1596;0.1860;0.0000;-788.0000;0.0000;6.8165;0.0000;-788.0000;0.0000;6.8165;1.0000;0.0000;0.0000;0.0000;0.0000
78;263.42;788.4500;860.5000;831.9500;43.5000;60.3747;0.2191;0.0000;-788.4500;0.0000;6.8165;0.0000;-788.4500;0.0000;6.8165;1.0000;0.0000;0.0000;0.0000;0.0000
79;263.82;790.8500;862.7000;832.4000;41.5500;57.8288;0.2379;0.0000;-790.8500;0.0000;6.8165;0.0000;-790.8500;0.0000;6.8165;1.0000;0.0000;0.0000;0.0000;0.0000
80;264.22;786.5500;864.1500;842.2500;55.7000;71.7784;0.1440;0.0000;-786.5500;0.0000;6.8165;0.0000;-786.5500;0.0000;6.8165;1.0000;0.0000;0.0000;0.0000;0.0000
81;264.62;793.5000;861.0500;842.4500;48.9500;72.4648;0.1399;0.0000;-793.5000;0.0000;6.8165;0.0000;-793.5000;0.0000;6.8165;1.0000;0.0000;0.0000;0.0000;0.0000
82;265.02;790.8000;880.3500;835.9500;45.1500;50.4188;0.2974;0.0000;-790.8000;0.0000;6.8165;0.0000;-790.8000;0.0000;6.8165;1.0000;0.0000;0.0000;0.0000;0.0000
83;265.42;784.7000;857.8000;836.0000;51.3000;70.1778;0.1538;0.0000;-784.7000;0.0000;6.8165;0.0000;-784.7000;0.0000;6.8165;1.0000;0.0000;0.0000;0.0000;0.0000
84;265.82;791.7000;860.5000;838.2000;46.5000;67.5872;0.1701;0.0000;-791.7000;0.0000;6.8165;0.0000;-791.7000;0.0000;6.8165;1.0000;0.0000;0.0000;0.0000;0.0000
85;266.22;797.7500;874.4000;828.7500;31.0000;40.4436;0.3932;0.0000;-797.7500;0.0000;6.8165;0.0000;-797.7500;0.0000;6.8165;1.0000;0.0000;0.0000;0.0000;0.0000
86;266.62;785.6000;874.7500;832.8500;47.2500;53.0006;0.2757;0.0000;-785.6000;0.0000;6.8165;0.0000;-785.6000;0.0000;6.8165;1.0000;0.0000;0.0000;0.0000;0.0000
87;267.02;785.6500;875.5000;842.5500;56.9000;63.3278;0.1984;0.0000;-785.6500;0.0000;6.8165;0.0000;-785.6500;0.0000;6.8165;1.0000;0.0000;0.0000;0.0000;0.0000
88;267.42;790.3500;866.0000;853.2000;62.8500;83.0800;0.0805;0.0000;-790.3500;0.0000;6.8165;0.0000;-790.3500;0.0000;6.8165;1.0000;0.0000;0.0000;0.0000;0.0000
89;267.82;786.6000;871.4500;836.1500;49.5500;58.3972;0.2336;0.0000;-786.6000;0.0000;6.8165;0.0000;-786.6000;0.0000;6.8165;1.0000;0.0000;0.0000;0.0000;0.0000
90;268.22;777.7500;873.2500;836.1500;58.4000;61.1518;0.2136;0.0000;-777.7500;0.0000;6.8165;0.0000;-777.7500;0.0000;6.8165;1.0000;0.0000;0.0000;0.0000;0.0000
91;268.62;786.7000;855.1500;823.7000;37.0000;54.0541;0.2672;0.0000;-786.7000;0.0000;6.8165;0.0000;-786.7000;0.0000;6.8165;1.0000;0.0000;0.0000;0.0000;0.0000
92;269.01;781.1000;869.3000;843.4000;62.3000;70.6349;0.1510;0.0000;-781.1000;0.0000;6.8165;0.0000;-781.1000;0.0000;6.8165;1.0000;0.0000;0.0000;0.0000;0.0000
93;269.41;796.6000;869.1000;831.8500;35.2500;48.6207;0.3132;0.0000;-796.6000;0.0000;6.8165;0.0000;-796.6000;0.0000;6.8165;1.0000;0.0000;0.0000;0.0000;0.0000
94;269.81;788.3000;878.3500;830.6500;42.3500;47.0294;0.3276;0.0000;-788.3000;0.0000;6.8165;0.0000;-788.3000;0.0000;6.8165;1.0000;0.0000;0.0000;0.0000;0.0000
95;270.21;776.8000;883.8000;839.2500;62.4500;58.3645;0.2339;0.0000;-776.8000;0.0000;6.8165;0.0000;-776.8000;0.0000;6.8165;1.0000;0.0000;0.0000;0.0000;0.0000
96;270.61;791.2000;871.0000;845.4000;54.2000;67.9198;0.1680;0.0000;-791.2000;0.0000;6.8165;0.0000;-791.2000;0.0000;6.8165;1.0000;0.0000;0.0000;0.0000;0.0000
97;271.01;780.1000;862.9000;840.6000;60.5000;73.0676;0.1363;0.0000;-780.1000;0.0000;6.8165;0.0000;-780.1000;0.0000;6.8165;1.0000;0.0000;0.0000;0.0000;0.0000
98;271.41;780.7500;867.3000;847.5000;66.7500;77.1231;0.1128;0.0000;-780.7500;0.0000;6.8165;0.0000;-780.7500;0.0000;6.8165;1.0000;0.0000;0.0000;0.0000;0.0000
99;271.81;786.4000;860.5000;855.3500;68.9500;93.0499;0.0313;0.0000;-786.4000;0.0000;6.8165;0.0000;-786.4000;0.0000;6.8165;1.0000;0.0000;0.0000;0.0000;0.0000
100;272.20;784.3000;870.6500;834.0000;49.7000;57.5565;0.2399;0.0000;-784.3000;0.0000;6.8165;0.0000;-784.3000;0.0000;6.8165;1.0000;0.0000;0.0000;0.0000;0.0000
101;272.60;778.7000;867.2500;828.2000;49.5000;55.9006;0.2526;0.0000;-778.7000;0.0000;6.8165;0.0000;-778.7000;0.0000;6.8165;1.0000;0.0000;0.0000;0.0000;0.0000
102;273.00;791.3500;863.1000;842.2500;50.9000;70.9408;0.1491;0.0000;-791.3500;0.0000;6.8165;0.0000;-791.3500;0.0000;6.8165;1.0000;0.0000;0.0000;0.0000;0.0000
103;273.40;790.5000;875.3500;838.0000;47.5000;55.9811;0.2520;0.0000;-790.5000;0.0000;6.8165;0.0000;-790.5000;0.0000;6.8165;1.0000;0.0000;0.0000;0.0000;0.0000
104;273.80;777.5500;862.2000;855.5000;77.9500;92.0851;0.0358;0.0000;-777.5500;0.0000;6.8165;0.0000;-777.5500;0.0000;6.8165;1.0000;0.0000;0.0000;0.0000;0.0000
105;274.19;789.8000;870.9000;837.8500;48.0500;59.2478;0.2273;0.0000;-789.8000;0.0000;6.8165;0.0000;-789.8000;0.0000;6.8165;1.0000;0.0000;0.0000;0.0000;0.0000
106;274.59;794.7000;854.0000;836.0500;41.3500;69.7302;0.1566;0.0000;-794.7000;0.0000;6.8165;0.0000;-794.7000;0.0000;6.8165;1.0000;0.0000;0.0000;0.0000;0.0000
107;274.99;782.0500;872.0500;826.3500;44.3000;49.2222;0.3078;0.0000;-782.0500;0.0000;6.8165;0.0000;-782.0500;0.0000;6.8165;1.0000;0.0000;0.0000;0.0000;0.0000
108;275.39;794.8000;853.7500;846.6500;51.8500;87.9559;0.0557;0.0000;-794.8000;0.0000;6.8165;0.0000;-794.8000;0.0000;6.8165;1.0000;0.0000;0.0000;0.0000;0.0000
109;275.78;772.7000;867.9000;862.3500;89.6500;94.1702;0.0261;0.0000;-772.7000;0.0000;6.8165;0.0000;-772.7000;0.0000;6.8165;1.0000;0.0000;0.0000;0.0000;0.0000
110;276.18;785.5000;868.0500;839.8500;54.3500;65.8389;0.1815;0.0000;-785.5000;0.0000;6.8165;0.0000;-785.5000;0.0000;6.8165;1.0000;0.0000;0.0000;0.0000;0.0000
111;276.58;800.1500;888.6500;844.9500;44.8000;50.6215;0.2957;0.0000;-800.1500;0.0000;6.8165;0.0000;-800.1500;0.0000;6.8165;1.0000;0.0000;0.0000;0.0000;0.0000
112;276.98;793.8500;874.7500;826.6000;32.7500;40.4821;0.3927;0.0000;-793.8500;0.0000;6.8165;0.0000;-793.8500;0.0000;6.8165;1.0000;0.0000;0.0000;0.0000;0.0000
113;277.37;794.1000;861.9500;844.2500;50.1500;73.9130;0.1313;0.0000;-794.1000;0.0000;6.8165;0.0000;-794.1000;0.0000;6.8165;1.0000;0.0000;0.0000;0.0000;0.0000
114;277.77;796.0500;866.8000;840.6500;44.6000;63.0389;0.2004;0.0000;-796.0500;0.0000;6.8165;0.0000;-796.0500;0.0000;6.8165;1.0000;0.0000;0.0000;0.0000;0.0000
115;278.17;772.2500;875.1000;841.7500;69.5000;67.5741;0.1702;0.0000;-772.2500;0.0000;6.8165;0.0000;-772.2500;0.0000;6.8165;1.0000;0.0000;0.0000;0.0000;0.0000
116;278.56;783.4500;867.8500;846.2500;62.8000;74.4076;0.1284;0.0000;-783.4500;0.0000;6.8165;0.0000;-783.4500;0.0000;6.8165;1.0000;0.0000;0.0000;0.0000;0.0000
117;278.96;783.4500;888.7000;831.9500;48.5000;46.0808;0.3365;0.0000;-783.4500;0.0000;6.8165;0.0000;-783.4500;0.0000;6.8165;1.0000;0.0000;0.0000;0.0000;0.0000
118;279.36;785.3000;883.2500;838.2500;52.9500;54.0582;0.2671;0.0000;-785.3000;0.0000;6.8165;0.0000;-785.3000;0.0000;6.8165;1.0000;0.0000;0.0000;0.0000;0.0000
119;279.75;778.2500;868.9500;852.1000;73.8500;81.4223;0.0893;0.0000;-778.2500;0.0000;6.8165;0.0000;-778.2500;0.0000;6.8165;1.0000;0.0000;0.0000;0.0000;0.0000
120;280.15;788.5000;878.7500;846.7500;58.2500;64.5429;0.1902;0.0000;-788.5000;0.0000;6.8165;0.0000;-788.5000;0.0000;6.8165;1.0000;0.0000;0.0000;0.0000;0.0000
121;280.55;786.3500;876.4500;851.9500;65.6000;72.8080;0.1378;0.0000;-786.3500;0.0000;6.8165;0.0000;-786.3500;0.0000;6.8165;1.0000;0.0000;0.0000;0.0000;0.0000
122;280.94;783.3500;872.3500;842.7500;59.4000;66.7416;0.1756;0.0000;-783.3500;0.0000;6.8165;0.0000;-783.3500;0.0000;6.8165;1.0000;0.0000;0.0000;0.0000;0.0000
123;281.34;792.2000;873.6500;833.3000;41.1000;50.4604;0.2970;0.0000;-792.2000;0.0000;6.8165;0.0000;-792.2000;0.0000;6.8165;1.0000;0.0000;0.0000;0.0000;0.0000
124;281.73;775.2500;885.0500;836.4000;61.1500;55.6922;0.2542;0.0000;-775.2500;0.0000;6.8165;0.0000;-775.2500;0.0000;6.8165;1.0000;0.0000;0.0000;0.0000;0.0000
125;282.13;784.7500;875.3500;836.4000;51.6500;57.0088;0.2441;0.0000;-784.7500;0.0000;6.8165;0.0000;-784.7500;0.0000;6.8165;1.0000;0.0000;0.0000;0.0000;0.0000
126;282.53;772.8000;887.2000;841.3500;68.5500;59.9213;0.2224;0.0000;-772.8000;0.0000;6.8165;0.0000;-772.8000;0.0000;6.8165;1.0000;0.0000;0.0000;0.0000;0.0000
127;282.92;774.4000;875.1500;839.7000;65.3000;64.8139;0.1883;0.0000;-774.4000;0.0000;6.8165;0.0000;-774.4000;0.0000;6.8165;1.0000;0.0000;0.0000;0.0000;0.0000
128;283.32;778.2500;871.2500;847.0000;68.7500;73.9247;0.1312;0.0000;-778.2500;0.0000;6.8165;0.0000;-778.2500;0.0000;6.8165;1.0000;0.0000;0.0000;0.0000;0.0000
129;283.71;778.0000;877.2500;843.0500;65.0500;65.5416;0.1835;0.0000;-778.0000;0.0000;6.8165;0.0000;-778.0000;0.0000;6.8165;1.0000;0.0000;0.0000;0.0000;0.0000
130;284.11;781.8000;882.7500;840.3500;58.5500;57.9990;0.2366;0.0000;-781.8000;0.0000;6.8165;0.0000;-781.8000;0.0000;6.8165;1.0000;0.0000;0.0000;0.0000;0.0000
131;284.50;790.0500;890.1500;855.1500;65.1000;65.0350;0.1869;0.0000;-790.0500;0.0000;6.8165;0.0000;-790.0500;0.0000;6.8165;1.0000;0.0000;0.0000;0.0000;0.0000
132;284.90;796.6000;894.3000;844.1000;47.5000;48.6182;0.3132;0.0000;-796.6000;0.0000;6.8165;0.0000;-796.6000;0.0000;6.8165;1.0000;0.0000;0.0000;0.0000;0.0000
133;285.30;790.3500;883.8500;854.2000;63.8500;68.2888;0.1657;0.0000;-790.3500;0.0000;6.8165;0.0000;-790.3500;0.0000;6.8165;1.0000;0.0000;0.0000;0.0000;0.0000
134;285.69;791.9000;898.4500;856.0000;64.1000;60.1595;0.2207;0.0000;-791.9000;0.0000;6.8165;0.0000;-791.9000;0.0000;6.8165;1.0000;0.0000;0.0000;0.0000;0.0000
135;286.09;800.2000;892.0000;845.6500;45.4500;49.5098;0.3053;0.0000;-800.2000;0.0000;6.8165;0.0000;-800.2000;0.0000;6.8165;1.0000;0.0000;0.0000;0.0000;0.0000
136;286.48;786.6500;899.7000;853.9500;67.3000;59.5312;0.2253;0.0000;-786.6500;0.0000;6.8165;0.0000;-786.6500;0.0000;6.8165;1.0000;0.0000;0.0000;0.0000;0.0000
137;286.88;777.5000;884.2500;840.7500;63.2500;59.2506;0.2273;0.0000;-777.5000;0.0000;6.8165;0.0000;-777.5000;0.0000;6.8165;1.0000;0.0000;0.0000;0.0000;0.0000
138;287.27;795.0000;886.9500;846.9000;51.9000;56.4437;0.2484;0.0000;-795.0000;0.0000;6.8165;0.0000;-795.0000;0.0000;6.8165;1.0000;0.0000;0.0000;0.0000;0.0000
139;287.67;780.4000;884.9000;845.1000;64.7000;61.9139;0.2082;0.0000;-780.4000;0.0000;6.8165;0.0000;-780.4000;0.0000;6.8165;1.0000;0.0000;0.0000;0.0000;0.0000
140;288.06;788.2500;901.6500;848.8500;60.6000;53.4392;0.2721;0.0000;-788.2500;0.0000;6.8165;0.0000;-788.2500;0.0000;6.8165;1.0000;0.0000;0.0000;0.0000;0.0000
141;288.46;786.3500;890.7500;853.4500;67.1000;64.2720;0.1920;0.0000;-786.3500;0.0000;6.8165;0.0000;-786.3500;0.0000;6.8165;1.0000;0.0000;0.0000;0.0000;0.0000
142;288.85;785.4500;905.6000;850.4000;64.9500;54.0574;0.2671;0.0000;-785.4500;0.0000;6.8165;0.0000;-785.4500;0.0000;6.8165;1.0000;0.0000;0.0000;0.0000;0.0000
143;289.24;778.0000;906.0000;854.9000;76.9000;60.0781;0.2213;0.0000;-778.0000;0.0000;6.8165;0.0000;-778.0000;0.0000;6.8165;1.0000;0.0000;0.0000;0.0000;0.0000
144;289.64;794.9000;914.7000;848.1000;53.2000;44.4073;0.3525;0.0000;-794.9000;0.0000;6.8165;0.0000;-794.9000;0.0000;6.8165;1.0000;0.0000;0.0000;0.0000;0.0000
145;290.03;806.0500;907.3500;837.8000;31.7500;31.3425;0.5039;0.0000;-806.0500;0.0000;6.8165;0.0000;-806.0500;0.0000;6.8165;1.0000;0.0000;0.0000;0.0000;0.0000
146;290.43;800.2000;914.0000;850.7000;50.5000;44.3761;0.3529;0.0000;-800.2000;0.0000;6.8165;0.0000;-800.2000;0.0000;6.8165;1.0000;0.0000;0.0000;0.0000;0.0000
147;290.82;789.7500;917.3000;861.7500;72.0000;56.4485;0.2483;0.0000;-789.7500;0.0000;6.8165;0.0000;-789.7500;0.0000;6.8165;1.0000;0.0000;0.0000;0.0000;0.0000
148;291.21;782.7000;924.7500;859.9500;77.2500;54.3823;0.2645;0.0000;-782.7000;0.0000;6.8165;0.0000;-782.7000;0.0000;6.8165;1.0000;0.0000;0.0000;0.0000;0.0000
149;291.61;775.9500;917.7500;853.9500;78.0000;55.0071;0.2596;0.0000;-775.9500;0.0000;6.8165;0.0000;-775.9500;0.0000;6.8165;1.0000;0.0000;0.0000;0.0000;0.0000
150;292.00;781.3000;902.2000;860.1000;78.8000;65.1778;0.1859;0.0000;-781.3000;0.0000;6.8165;0.0000;-781.3000;0.0000;6.8165;1.0000;0.0000;0.0000;0.0000;0.0000
151;292.40;793.9000;917.7000;847.9500;54.0500;43.6591;0.3599;0.0000;-793.9000;0.0000;6.8165;0.0000;-793.9000;0.0000;6.8165;1.0000;0.0000;0.0000;0.0000;0.0000
152;292.79;796.0500;914.2500;852.4500;56.4000;47.7157;0.3213;0.0000;-796.0500;0.0000;6.8165;0.0000;-796.0500;0.0000;6.8165;1.0000;0.0000;0.0000;0.0000;0.0000
153;293.18;787.8500;903.8000;857.1500;69.3000;59.7671;0.2235;0.0000;-787.8500;0.0000;6.8165;0.0000;-787.8500;0.0000;6.8165;1.0000;0.0000;0.0000;0.0000;0.0000
154;293.58;791.2000;920.7500;863.1500;71.9500;55.5384;0.2554;0.0000;-791.2000;0.0000;6.8165;0.0000;-791.2000;0.0000;6.8165;1.0000;0.0000;0.0000;0.0000;0.0000
155;293.97;793.1500;907.1500;852.3500;59.2000;51.9298;0.2846;0.0000;-793.1500;0.0000;6.8165;0.0000;-793.1500;0.0000;6.8165;1.0000;0.0000;0.0000;0.0000;0.0000
156;294.36;782.6500;898.8000;843.0000;60.3500;51.9587;0.2843;0.0000;-782.6500;0.0000;6.8165;0.0000;-782.6500;0.0000;6.8165;1.0000;0.0000;0.0000;0.0000;0.0000
157;294.76;779.3000;914.8500;860.0500;80.7500;59.5721;0.2250;0.0000;-779.3000;0.0000;6.8165;0.0000;-779.3000;0.0000;6.8165;1.0000;0.0000;0.0000;0.0000;0.0000
158;295.15;779.1000;907.9000;837.9500;58.8500;45.6910;0.3402;0.0000;-779.1000;0.0000;6.8165;0.0000;-779.1000;0.0000;6.8165;1.0000;0.0000;0.0000;0.0000;0.0000
159;295.54;787.5500;906.3500;852.5000;64.9500;54.6717;0.2622;0.0000;-787.5500;0.0000;6.8165;0.0000;-787.5500;0.0000;6.8165;1.0000;0.0000;0.0000;0.0000;0.0000
160;295.94;769.0000;914.3000;856.5500;87.5500;60.2546;0.2200;0.0000;-769.0000;0.0000;6.8165;0.0000;-769.0000;0.0000;6.8165;1.0000;0.0000;0.0000;0.0000;0.0000
161;296.33;773.8000;915.5500;867.6500;93.8500;66.2081;0.1791;0.0000;-773.8000;0.0000;6.8165;0.0000;-773.8000;0.0000;6.8165;1.0000;0.0000;0.0000;0.0000;0.0000
162;296.72;786.3500;936.2000;863.3000;76.9500;51.3514;0.2894;0.0000;-786.3500;0.0000;6.8165;0.0000;-786.3500;0.0000;6.8165;1.0000;0.0000;0.0000;0.0000;0.0000
163;297.11;765.1500;926.0500;869.8500;104.7000;65.0715;0.1866;0.0000;-765.1500;0.0000;6.8165;0.0000;-765.1500;0.0000;6.8165;1.0000;0.0000;0.0000;0.0000;0.0000
164;297.51;771.1500;907.5000;863.8500;92.7000;67.9868;0.1676;0.0000;-771.1500;0.0000;6.8165;0.0000;-771.1500;0.0000;6.8165;1.0000;0.0000;0.0000;0.0000;0.0000
165;297.90;778.6500;922.6000;859.4500;80.8000;56.1306;0.2508;0.0000;-778.6500;0.0000;6.8165;0.0000;-778.6500;0.0000;6.8165;1.0000;0.0000;0.0000;0.0000;0.0000
166;298.29;772.3500;907.2500;856.5500;84.2000;62.4166;0.2047;0.0000;-772.3500;0.0000;6.8165;0.0000;-772.3500;0.0000;6.8165;1.0000;0.0000;0.0000;0.0000;0.0000
167;298.68;784.3500;918.5500;860.2500;75.9000;56.5574;0.2475;0.0000;-784.3500;0.0000;6.8165;0.0000;-784.3500;0.0000;6.8165;1.0000;0.0000;0.0000;0.0000;0.0000
168;299.08;781.3000;928.0500;847.8500;66.5500;45.3492;0.3434;0.0000;-781.3000;0.0000;6.8165;0.0000;-781.3000;0.0000;6.8165;1.0000;0.0000;0.0000;0.0000;0.0000
169;299.47;785.7500;931.0000;847.6500;61.9000;42.6162;0.3704;0.0000;-785.7500;0.0000;6.8165;0.0000;-785.7500;0.0000;6.8165;1.0000;0.0000;0.0000;0.0000;0.0000
170;299.86;791.3000;921.0000;855.4000;64.1000;49.4217;0.3061;0.0000;-791.3000;0.0000;6.8165;0.0000;-791.3000;0.0000;6.8165;1.0000;0.0000;0.0000;0.0000;0.0000
171;300.25;785.5000;907.7500;865.5500;80.0500;65.4806;0.1839;0.0000;-785.5000;0.0000;6.8165;0.0000;-785.5000;0.0000;6.8165;1.0000;0.0000;0.0000;0.0000;0.0000
172;300.64;776.8500;926.8500;861.1500;84.3000;56.2000;0.2503;0.0000;-776.8500;0.0000;6.8165;0.0000;-776.8500;0.0000;6.8165;1.0000;0.0000;0.0000;0.0000;0.0000
173;301.04;790.0500;923.9000;858.6000;68.5500;51.2140;0.2906;0.0000;-790.0500;0.0000;6.8165;0.0000;-790.0500;0.0000;6.8165;1.0000;0.0000;0.0000;0.0000;0.0000
174;301.43;785.1000;913.8000;857.5500;72.4500;56.2937;0.2495;0.0000;-785.1000;0.0000;6.8165;0.0000;-785.1000;0.0000;6.8165;1.0000;0.0000;0.0000;0.0000;0.0000
175;301.82;782.4500;918.3500;849.1000;66.6500;49.0434;0.3094;0.0000;-782.4500;0.0000;6.8165;0.0000;-782.4500;0.0000;6.8165;1.0000;0.0000;0.0000;0.0000;0.0000
176;302.21;785.7000;912.1500;863.0500;77.3500;61.1704;0.2135;0.0000;-785.7000;0.0000;6.8165;0.0000;-785.7000;0.0000;6.8165;1.0000;0.0000;0.0000;0.0000;0.0000
177;302.60;776.0500;923.6000;851.6000;75.5500;51.2030;0.2907;0.0000;-776.0500;0.0000;6.8165;0.0000;-776.0500;0.0000;6.8165;1.0000;0.0000;0.0000;0.0000;0.0000
178;302.99;776.6000;925.0000;858.6500;82.0500;55.2898;0.2574;0.0000;-776.6000;0.0000;6.8165;0.0000;-776.6000;0.0000;6.8165;1.0000;0.0000;0.0000;0.0000;0.0000
179;303.38;784.1500;917.2000;850.1500;66.0000;49.6054;0.3045;0.0000;-784.1500;0.0000;6.8165;0.0000;-784.1500;0.0000;6.8165;1.0000;0.0000;0.0000;0.0000;0.0000
180;303.78;788.6500;922.7000;857.8000;69.1500;51.5852;0.2875;0.0000;-788.6500;0.0000;6.8165;0.0000;-788.6500;0.0000;6.8165;1.0000;0.0000;0.0000;0.0000;0.0000
181;304.17;793.2000;928.0500;853.5000;60.3000;44.7164;0.3495;0.0000;-793.2000;0.0000;6.8165;0.0000;-793.2000;0.0000;6.8165;1.0000;0.0000;0.0000;0.0000;0.0000
182;304.56;781.7000;924.1000;864.8000;83.1000;58.3567;0.2339;0.0000;-781.7000;0.0000;6.8165;0.0000;-781.7000;0.0000;6.8165;1.0000;0.0000;0.0000;0.0000;0.0000
183;304.95;785.6500;940.9000;839.1500;53.5000;34.4605;0.4627;0.0000;-785.6500;0.0000;6.8165;0.0000;-785.6500;0.0000;6.8165;1.0000;0.0000;0.0000;0.0000;0.0000
184;305.34;781.1000;920.3000;853.1000;72.0000;51.7241;0.2863;0.0000;-781.1000;0.0000;6.8165;0.0000;-781.1000;0.0000;6.8165;1.0000;0.0000;0.0000;0.0000;0.0000
185;305.73;792.5500;917.9000;852.7000;60.1500;47.9856;0.3189;0.0000;-792.5500;0.0000;6.8165;0.0000;-792.5500;0.0000;6.8165;1.0000;0.0000;0.0000;0.0000;0.0000
186;306.12;779.8000;917.7000;855.5500;75.7500;54.9311;0.2602;0.0000;-779.8000;0.0000;6.8165;0.0000;-779.8000;0.0000;6.8165;1.0000;0.0000;0.0000;0.0000;0.0000
187;306.51;790.4500;929.2000;859.2000;68.7500;49.5495;0.3050;0.0000;-790.4500;0.0000;6.8165;0.0000;-790.4500;0.0000;6.8165;1.0000;0.0000;0.0000;0.0000;0.0000
188;306.90;792.1000;908.9000;855.9500;63.8500;54.6661;0.2623;0.0000;-792.1000;0.0000;6.8165;0.0000;-792.1000;0.0000;6.8165;1.0000;0.0000;0.0000;0.0000;0.0000
189;307.29;773.6000;923.4000;853.8000;80.2000;53.5381;0.2713;0.0000;-773.6000;0.0000;6.8165;0.0000;-773.6000;0.0000;6.8165;1.0000;0.0000;0.0000;0.0000;0.0000
190;307.68;772.4000;915.9000;859.0000;86.6000;60.3484;0.2193;0.0000;-772.4000;0.0000;6.8165;0.0000;-772.4000;0.0000;6.8165;1.0000;0.0000;0.0000;0.0000;0.0000
191;308.07;791.5000;931.1000;855.2500;63.7500;45.6662;0.3404;0.0000;-791.5000;0.0000;6.8165;0.0000;-791.5000;0.0000;6.8165;1.0000;0.0000;0.0000;0.0000;0.0000
192;308.46;792.0000;914.2000;855.8500;63.8500;52.2504;0.2819;0.0000;-792.0000;0.0000;6.8165;0.0000;-792.0000;0.0000;6.8165;1.0000;0.0000;0.0000;0.0000;0.0000
193;308.85;780.9000;929.9500;865.0500;84.1500;56.4576;0.2483;0.0000;-780.9000;0.0000;6.8165;0.0000;-780.9000;0.0000;6.8165;1.0000;0.0000;0.0000;0.0000;0.0000
194;309.24;773.1000;929.5500;863.0000;89.9000;57.4624;0.2406;0.0000;-773.1000;0.0000;6.8165;0.0000;-773.1000;0.0000;6.8165;1.0000;0.0000;0.0000;0.0000;0.0000
195;309.63;783.2000;932.2000;867.6000;84.4000;56.6443;0.2468;0.0000;-783.2000;0.0000;6.8165;0.0000;-783.2000;0.0000;6.8165;1.0000;0.0000;0.0000;0.0000;0.0000
196;310.02;782.9000;946.0000;862.8500;79.9500;49.0190;0.3096;0.0000;-782.9000;0.0000;6.8165;0.0000;-782.9000;0.0000;6.8165;1.0000;0.0000;0.0000;0.0000;0.0000
197;310.41;795.0500;943.2500;866.4500;71.4000;48.1781;0.3171;0.0000;-795.0500;0.0000;6.8165;0.0000;-795.0500;0.0000;6.8165;1.0000;0.0000;0.0000;0.0000;0.0000
198;310.80;772.4000;937.2000;869.6500;97.2500;59.0109;0.2291;0.0000;-772.4000;0.0000;6.8165;0.0000;-772.4000;0.0000;6.8165;1.0000;0.0000;0.0000;0.0000;0.0000
199;311.19;776.0500;927.2500;856.9000;80.8500;53.4722;0.2719;0.0000;-776.0500;0.0000;6.8165;0.0000;-776.0500;0.0000;6.8165;1.0000;0.0000;0.0000;0.0000;0.0000
200;311.58;780.1000;937.4000;857.7000;77.6000;49.3325;0.3069;0.0000;-780.1000;0.0000;6.8165;0.0000;-780.1000;0.0000;6.8165;1.0000;0.0000;0.0000;0.0000;0.0000
201;311.97;784.4000;919.5500;859.9000;75.5000;55.8639;0.2529;0.0000;-784.4000;0.0000;6.8165;0.0000;-784.4000;0.0000;6.8165;1.0000;0.0000;0.0000;0.0000;0.0000
202;312.36;777.3500;941.6000;862.4500;85.1000;51.8113;0.2856;0.0000;-777.3500;0.0000;6.8165;0.0000;-777.3500;0.0000;6.8165;1.0000;0.0000;0.0000;0.0000;0.0000
203;312.75;790.6500;924.4500;856.2500;65.6000;49.0284;0.3096;0.0000;-790.6500;0.0000;6.8165;0.0000;-790.6500;0.0000;6.8165;1.0000;0.0000;0.0000;0.0000;0.0000
204;313.14;789.0500;919.4000;853.8000;64.7500;49.6740;0.3039;0.0000;-789.0500;0.0000;6.8165;0.0000;-789.0500;0.0000;6.8165;1.0000;0.0000;0.0000;0.0000;0.0000
205;313.53;790.8500;928.1500;857.2000;66.3500;48.3248;0.3158;0.0000;-790.8500;0.0000;6.8165;0.0000;-790.8500;0.0000;6.8165;1.0000;0.0000;0.0000;0.0000;0.0000
206;313.91;793.8500;925.5500;869.2500;75.4000;57.2513;0.2422;0.0000;-793.8500;0.0000;6.8165;0.0000;-793.8500;0.0000;6.8165;1.0000;0.0000;0.0000;0.0000;0.0000
207;314.30;783.4500;935.9500;874.4500;91.0000;59.6721;0.2242;0.0000;-783.4500;0.0000;6.8165;0.0000;-783.4500;0.0000;6.8165;1.0000;0.0000;0.0000;0.0000;0.0000
208;314.69;776.7500;932.5000;862.6500;85.9000;55.1525;0.2584;0.0000;-776.7500;0.0000;6.8165;0.0000;-776.7500;0.0000;6.8165;1.0000;0.0000;0.0000;0.0000;0.0000
209;315.08;775.1000;937.5000;860.6000;85.5000;52.6478;0.2786;0.0000;-775.1000;0.0000;6.8165;0.0000;-775.1000;0.0000;6.8165;1.0000;0.0000;0.0000;0.0000;0.0000
210;315.47;778.8000;934.4500;858.7500;79.9500;51.3652;0.2893;0.0000;-778.8000;0.0000;6.8165;0.0000;-778.8000;0.0000;6.8165;1.0000;0.0000;0.0000;0.0000;0.0000
211;315.86;783.6500;933.3500;860.6500;77.0000;51.4362;0.2887;0.0000;-783.6500;0.0000;6.8165;0.0000;-783.6500;0.0000;6.8165;1.0000;0.0000;0.0000;0.0000;0.0000
212;316.25;765.9500;933.8000;871.6000;105.6500;62.9431;0.2011;0.0000;-765.9500;0.0000;6.8165;0.0000;-765.9500;0.0000;6.8165;1.0000;0.0000;0.0000;0.0000;0.0000
213;316.63;787.8500;927.0500;870.6500;82.8000;59.4828;0.2256;0.0000;-787.8500;0.0000;6.8165;0.0000;-787.8500;0.0000;6.8165;1.0000;0.0000;0.0000;0.0000;0.0000
214;317.02;788.9000;940.6500;873.5500;84.6500;55.7825;0.2535;0.0000;-788.9000;0.0000;6.8165;0.0000;-788.9000;0.0000;6.8165;1.0000;0.0000;0.0000;0.0000;0.0000
215;317.41;788.5500;929.3000;862.1000;73.5500;52.2558;0.2819;0.0000;-788.5500;0.0000;6.8165;0.0000;-788.5500;0.0000;6.8165;1.0000;0.0000;0.0000;0.0000;0.0000
216;317.80;790.2000;925.3500;874.1500;83.9500;62.1162;0.2068;0.0000;-790.2000;0.0000;6.8165;0.0000;-790.2000;0.0000;6.8165;1.0000;0.0000;0.0000;0.0000;0.0000
217;318.19;768.6000;935.1000;858.0000;89.4000;53.6937;0.2701;0.0000;-768.6000;0.0000;6.8165;0.0000;-768.6000;0.0000;6.8165;1.0000;0.0000;0.0000;0.0000;0.0000
218;318.57;791.0000;924.0500;869.7000;78.7000;59.1507;0.2280;0.0000;-791.0000;0.0000;6.8165;0.0000;-791.0000;0.0000;6.8165;1.0000;0.0000;0.0000;0.0000;0.0000
219;318.96;786.1500;948.4500;867.9000;81.7500;50.3697;0.2978;0.0000;-786.1500;0.0000;6.8165;0.0000;-786.1500;0.0000;6.8165;1.0000;0.0000;0.0000;0.0000;0.0000
220;319.35;784.2500;957.4500;887.7000;103.4500;59.7286;0.2238;0.0000;-784.2500;0.0000;6.8165;0.0000;-784.2500;0.0000;6.8165;1.0000;0.0000;0.0000;0.0000;0.0000
221;319.74;780.7000;945.3500;867.7000;87.0000;52.8394;0.2770;0.0000;-780.7000;0.0000;6.8165;0.0000;-780.7000;0.0000;6.8165;1.0000;0.0000;0.0000;0.0000;0.0000
222;320.12;778.9000;943.8500;868.9500;90.0500;54.5923;0.2629;0.0000;-778.9000;0.0000;6.8165;0.0000;-778.9000;0.0000;6.8165;1.0000;0.0000;0.0000;0.0000;0.0000
223;320.51;782.7500;935.8000;877.9000;95.1500;62.1692;0.2064;0.0000;-782.7500;0.0000;6.8165;0.0000;-782.7500;0.0000;6.8165;1.0000;0.0000;0.0000;0.0000;0.0000
224;320.90;792.2500;932.3000;865.5000;73.2500;52.3027;0.2815;0.0000;-792.2500;0.0000;6.8165;0.0000;-792.2500;0.0000;6.8165;1.0000;0.0000;0.0000;0.0000;0.0000
225;321.28;772.5500;942.3000;867.6500;95.1000;56.0236;0.2516;0.0000;-772.5500;0.0000;6.8165;0.0000;-772.5500;0.0000;6.8165;1.0000;0.0000;0.0000;0.0000;0.0000
226;321.67;784.8500;948.6000;881.3000;96.4500;58.9008;0.2299;0.0000;-784.8500;0.0000;6.8165;0.0000;-784.8500;0.0000;6.8165;1.0000;0.0000;0.0000;0.0000;0.0000
227;322.06;780.6000;935.1500;862.2500;81.6500;52.8308;0.2771;0.0000;-780.6000;0.0000;6.8165;0.0000;-780.6000;0.0000;6.8165;1.0000;0.0000;0.0000;0.0000;0.0000
228;322.45;782.6000;936.0000;866.7500;84.1500;54.8566;0.2608;0.0000;-782.6000;0.0000;6.8165;0.0000;-782.6000;0.0000;6.8165;1.0000;0.0000;0.0000;0.0000;0.0000
229;322.83;786.7000;948.5000;865.9000;79.2000;48.9493;0.3103;0.0000;-786.7000;0.0000;6.8165;0.0000;-786.7000;0.0000;6.8165;1.0000;0.0000;0.0000;0.0000;0.0000
230;323.22;785.1000;941.9500;865.4000;80.3000;51.1954;0.2908;0.0000;-785.1000;0.0000;6.8165;0.0000;-785.1000;0.0000;6.8165;1.0000;0.0000;0.0000;0.0000;0.0000
231;323.61;795.1500;953.6500;865.0000;69.8500;44.0694;0.3559;0.0000;-795.1500;0.0000;6.8165;0.0000;-795.1500;0.0000;6.8165;1.0000;0.0000;0.0000;0.0000;0.0000
232;323.99;792.9000;954.6500;874.6500;81.7500;50.5410;0.2964;0.0000;-792.9000;0.0000;6.8165;0.0000;-792.9000;0.0000;6.8165;1.0000;0.0000;0.0000;0.0000;0.0000
233;324.38;798.0500;944.7500;855.0000;56.9500;38.8207;0.4109;0.0000;-798.0500;0.0000;6.8165;0.0000;-798.0500;0.0000;6.8165;1.0000;0.0000;0.0000;0.0000;0.0000
234;324.77;791.2000;960.9500;865.0500;73.8500;43.5052;0.3615;0.0000;-791.2000;0.0000;6.8165;0.0000;-791.2000;0.0000;6.8165;1.0000;0.0000;0.0000;0.0000;0.0000
235;325.15;782.6000;945.0000;871.9000;89.3000;54.9877;0.2597;0.0000;-782.6000;0.0000;6.8165;0.0000;-782.6000;0.0000;6.8165;1.0000;0.0000;0.0000;0.0000;0.0000
236;325.54;785.8000;939.8500;869.7500;83.9500;54.4953;0.2636;0.0000;-785.8000;0.0000;6.8165;0.0000;-785.8000;0.0000;6.8165;1.0000;0.0000;0.0000;0.0000;0.0000
237;325.92;785.8500;940.8500;867.6500;81.8000;52.7742;0.2776;0.0000;-785.8500;0.0000;6.8165;0.0000;-785.8500;0.0000;6.8165;1.0000;0.0000;0.0000;0.0000;0.0000
238;326.31;798.1500;946.3500;868.0000;69.8500;47.1323;0.3267;0.0000;-798.1500;0.0000;6.8165;0.0000;-798.1500;0.0000;6.8165;1.0000;0.0000;0.0000;0.0000;0.0000
239;326.70;805.9000;935.1500;869.6500;63.7500;49.3230;0.3070;0.0000;-805.9000;0.0000;6.8165;0.0000;-805.9000;0.0000;6.8165;1.0000;0.0000;0.0000;0.0000;0.0000
240;327.08;788.0000;960.9000;869.1000;81.1000;46.9057;0.3288;0.0000;-788.0000;0.0000;6.8165;0.0000;-788.0000;0.0000;6.8165;1.0000;0.0000;0.0000;0.0000;0.0000
241;327.47;801.1000;948.0000;871.1500;70.0500;47.6855;0.3216;0.0000;-801.1000;0.0000;6.8165;0.0000;-801.1000;0.0000;6.8165;1.0000;0.0000;0.0000;0.0000;0.0000
242;327.85;790.7500;953.9000;869.0500;78.3000;47.9926;0.3188;0.0000;-790.7500;0.0000;6.8165;0.0000;-790.7500;0.0000;6.8165;1.0000;0.0000;0.0000;0.0000;0.0000
243;328.24;765.2500;945.3500;875.4000;110.1500;61.1605;0.2135;0.0000;-765.2500;0.0000;6.8165;0.0000;-765.2500;0.0000;6.8165;1.0000;0.0000;0.0000;0.0000;0.0000
244;328.62;779.0000;968.3500;870.9000;91.9000;48.5345;0.3139;0.0000;-779.0000;0.0000;6.8165;0.0000;-779.0000;0.0000;6.8165;1.0000;0.0000;0.0000;0.0000;0.0000
245;329.01;782.4500;946.6500;872.5000;90.0500;54.8417;0.2609;0.0000;-782.4500;0.0000;6.8165;0.0000;-782.4500;0.0000;6.8165;1.0000;0.0000;0.0000;0.0000;0.0000
246;329.39;804.7500;944.2000;859.9000;55.1500;39.5482;0.4029;0.0000;-804.7500;0.0000;6.8165;0.0000;-804.7500;0.0000;6.8165;1.0000;0.0000;0.0000;0.0000;0.0000
247;329.78;783.9500;960.9500;866.0500;82.1000;46.3842;0.3336;0.0000;-783.9500;0.0000;6.8165;0.0000;-783.9500;0.0000;6.8165;1.0000;0.0000;0.0000;0.0000;0.0000
248;330.16;774.2000;958.2500;874.6500;100.4500;54.5776;0.2630;0.0000;-774.2000;0.0000;6.8165;0.0000;-774.2000;0.0000;6.8165;1.0000;0.0000;0.0000;0.0000;0.0000
249;330.55;799.1000;963.1000;866.1500;67.0500;40.8841;0.3884;0.0000;-799.1000;0.0000;6.8165;0.0000;-799.1000;0.0000;6.8165;1.0000;0.0000;0.0000;0.0000;0.0000
250;330.93;777.4000;960.8500;876.8500;99.4500;54.2110;0.2659;0.0000;-777.4000;0.0000;6.8165;0.0000;-777.4000;0.0000;6.8165;1.0000;0.0000;0.0000;0.0000;0.0000
251;331.32;768.6500;962.6000;871.2000;102.5500;52.8745;0.2768;0.0000;-768.6500;0.0000;6.8165;0.0000;-768.6500;0.0000;6.8165;1.0000;0.0000;0.0000;0.0000;0.0000
252;331.70;794.2000;947.9000;868.2500;74.0500;48.1783;0.3171;0.0000;-794.2000;0.0000;6.8165;0.0000;-794.2000;0.0000;6.8165;1.0000;0.0000;0.0000;0.0000;0.0000
253;332.09;791.6000;948.5500;873.5000;81.9000;52.1822;0.2825;0.0000;-791.6000;0.0000;6.8165;0.0000;-791.6000;0.0000;6.8165;1.0000;0.0000;0.0000;0.0000;0.0000
254;332.47;785.4500;951.4000;875.1000;89.6500;54.0223;0.2674;0.0000;-785.4500;0.0000;6.8165;0.0000;-785.4500;0.0000;6.8165;1.0000;0.0000;0.0000;0.0000;0.0000
255;332.86;787.7000;967.3000;865.8500;78.1500;43.5134;0.3614;0.0000;-787.7000;0.0000;6.8165;0.0000;-787.7000;0.0000;6.8165;1.0000;0.0000;0.0000;0.0000;0.0000
256;333.24;772.5500;947.7000;862.3500;89.8000;51.2703;0.2901;0.0000;-772.5500;0.0000;6.8165;0.0000;-772.5500;0.0000;6.8165;1.0000;0.0000;0.0000;0.0000;0.0000
257;333.63;786.5000;956.7500;872.8500;86.3500;50.7195;0.2948;0.0000;-786.5000;0.0000;6.8165;0.0000;-786.5000;0.0000;6.8165;1.0000;0.0000;0.0000;0.0000;0.0000
258;334.01;784.8500;955.1500;874.3500;89.5000;52.5543;0.2794;0.0000;-784.8500;0.0000;6.8165;0.0000;-784.8500;0.0000;6.8165;1.0000;0.0000;0.0000;0.0000;0.0000
259;334.39;792.8500;948.5000;872.3000;79.4500;51.0440;0.2921;0.0000;-792.8500;0.0000;6.8165;0.0000;-792.8500;0.0000;6.8165;1.0000;0.0000;0.0000;0.0000;0.0000
260;334.78;794.3500;968.1500;885.1000;90.7500;52.2152;0.2822;0.0000;-794.3500;0.0000;6.8165;0.0000;-794.3500;0.0000;6.8165;1.0000;0.0000;0.0000;0.0000;0.0000
261;335.16;770.9500;947.3000;878.1000;107.1500;60.7599;0.2164;0.0000;-770.9500;0.0000;6.8165;0.0000;-770.9500;0.0000;6.8165;1.0000;0.0000;0.0000;0.0000;0.0000
262;335.55;787.4000;956.8000;868.0000;80.6000;47.5797;0.3226;0.0000;-787.4000;0.0000;6.8165;0.0000;-787.4000;0.0000;6.8165;1.0000;0.0000;0.0000;0.0000;0.0000
263;335.93;770.2500;949.9000;879.9500;109.7000;61.0632;0.2142;0.0000;-770.2500;0.0000;6.8165;0.0000;-770.2500;0.0000;6.8165;1.0000;0.0000;0.0000;0.0000;0.0000
264;336.31;788.1500;952.7000;869.1500;81.0000;49.2252;0.3078;0.0000;-788.1500;0.0000;6.8165;0.0000;-788.1500;0.0000;6.8165;1.0000;0.0000;0.0000;0.0000;0.0000
265;336.70;791.2500;965.6000;882.6500;91.4000;52.4233;0.2805;0.0000;-791.2500;0.0000;6.8165;0.0000;-791.2500;0.0000;6.8165;1.0000;0.0000;0.0000;0.0000;0.0000
266;337.08;785.1500;963.6000;889.2500;104.1000;58.3357;0.2341;0.0000;-785.1500;0.0000;6.8165;0.0000;-785.1500;0.0000;6.8165;1.0000;0.0000;0.0000;0.0000;0.0000
267;337.46;773.8500;958.1500;878.8000;104.9500;56.9452;0.2445;0.0000;-773.8500;0.0000;6.8165;0.0000;-773.8500;0.0000;6.8165;1.0000;0.0000;0.0000;0.0000;0.0000
268;337.85;789.4000;966.3000;867.4500;78.0500;44.1210;0.3554;0.0000;-789.4000;0.0000;6.8165;0.0000;-789.4000;0.0000;6.8165;1.0000;0.0000;0.0000;0.0000;0.0000
269;338.23;780.2000;986.2000;872.5000;92.3000;44.8058;0.3487;0.0000;-780.2000;0.0000;6.8165;0.0000;-780.2000;0.0000;6.8165;1.0000;0.0000;0.0000;0.0000;0.0000
270;338.61;773.5500;965.1000;872.2000;98.6500;51.5009;0.2882;0.0000;-773.5500;0.0000;6.8165;0.0000;-773.5500;0.0000;6.8165;1.0000;0.0000;0.0000;0.0000;0.0000
271;339.00;797.6500;949.4500;872.1500;74.5000;49.0777;0.3091;0.0000;-797.6500;0.0000;6.8165;0.0000;-797.6500;0.0000;6.8165;1.0000;0.0000;0.0000;0.0000;0.0000
272;339.38;781.0000;951.9000;875.5500;94.5500;55.3248;0.2571;0.0000;-781.0000;0.0000;6.8165;0.0000;-781.0000;0.0000;6.8165;1.0000;0.0000;0.0000;0.0000;0.0000
273;339.76;770.9000;954.8000;868.8000;97.9000;53.2355;0.2738;0.0000;-770.9000;0.0000;6.8165;0.0000;-770.9000;0.0000;6.8165;1.0000;0.0000;0.0000;0.0000;0.0000
274;340.14;782.1500;939.5500;884.4500;102.3000;64.9936;0.1871;0.0000;-782.1500;0.0000;6.8165;0.0000;-782.1500;0.0000;6.8165;1.0000;0.0000;0.0000;0.0000;0.0000
275;340.53;784.0000;953.7000;886.4000;102.4000;60.3418;0.2194;0.0000;-784.0000;0.0000;6.8165;0.0000;-784.0000;0.0000;6.8165;1.0000;0.0000;0.0000;0.0000;0.0000
276;340.91;775.8500;943.6500;872.7000;96.8500;57.7175;0.2387;0.0000;-775.8500;0.0000;6.8165;0.0000;-775.8500;0.0000;6.8165;1.0000;0.0000;0.0000;0.0000;0.0000
277;341.29;779.0500;961.5500;879.6500;100.6000;55.1233;0.2587;0.0000;-779.0500;0.0000;6.8165;0.0000;-779.0500;0.0000;6.8165;1.0000;0.0000;0.0000;0.0000;0.0000
278;341.67;769.1000;963.9500;891.8000;122.7000;62.9715;0.2009;0.0000;-769.1000;0.0000;6.8165;0.0000;-769.1000;0.0000;6.8165;1.0000;0.0000;0.0000;0.0000;0.0000
279;342.06;788.2000;961.5500;869.9500;81.7500;47.1589;0.3264;0.0000;-788.2000;0.0000;6.8165;0.0000;-788.2000;0.0000;6.8165;1.0000;0.0000;0.0000;0.0000;0.0000
280;342.44;782.5000;969.7500;884.1000;101.6000;54.2590;0.2655;0.0000;-782.5000;0.0000;6.8165;0.0000;-782.5000;0.0000;6.8165;1.0000;0.0000;0.0000;0.0000;0.0000
281;342.82;770.1500;967.7500;895.3000;125.1500;63.3350;0.1984;0.0000;-770.1500;0.0000;6.8165;0.0000;-770.1500;0.0000;6.8165;1.0000;0.0000;0.0000;0.0000;0.0000
282;343.20;789.0500;965.5500;879.3000;90.2500;51.1331;0.2913;0.0000;-789.0500;0.0000;6.8165;0.0000;-789.0500;0.0000;6.8165;1.0000;0.0000;0.0000;0.0000;0.0000
283;343.59;786.4500;974.7000;873.8500;87.4000;46.4276;0.3332;0.0000;-786.4500;0.0000;6.8165;0.0000;-786.4500;0.0000;6.8165;1.0000;0.0000;0.0000;0.0000;0.0000
284;343.97;785.6500;964.4000;877.9500;92.3000;51.6364;0.2870;0.0000;-785.6500;0.0000;6.8165;0.0000;-785.6500;0.0000;6.8165;1.0000;0.0000;0.0000;0.0000;0.0000
285;344.35;789.1500;972.6000;876.9000;87.7500;47.8332;0.3203;0.0000;-789.1500;0.0000;6.8165;0.0000;-789.1500;0.0000;6.8165;1.0000;0.0000;0.0000;0.0000;0.0000
286;344.73;777.3000;960.6500;884.8500;107.5500;58.6583;0.2317;0.0000;-777.3000;0.0000;6.8165;0.0000;-777.3000;0.0000;6.8165;1.0000;0.0000;0.0000;0.0000;0.0000
287;345.11;775.2000;959.5500;875.3000;100.1000;54.2989;0.2652;0.0000;-775.2000;0.0000;6.8165;0.0000;-775.2000;0.0000;6.8165;1.0000;0.0000;0.0000;0.0000;0.0000
288;345.49;781.7000;958.2500;878.8500;97.1500;55.0269;0.2594;0.0000;-781.7000;0.0000;6.8165;0.0000;-781.7000;0.0000;6.8165;1.0000;0.0000;0.0000;0.0000;0.0000
289;345.88;781.2000;970.9000;873.7000;92.5000;48.7612;0.3119;0.0000;-781.2000;0.0000;6.8165;0.0000;-781.2000;0.0000;6.8165;1.0000;0.0000;0.0000;0.0000;0.0000
290;346.26;782.2500;955.0500;880.2500;98.0000;56.7130;0.2463;0.0000;-782.2500;0.0000;6.8165;0.0000;-782.2500;0.0000;6.8165;1.0000;0.0000;0.0000;0.0000;0.0000
291;346.64;790.5500;964.6000;884.1500;93.6000;53.7777;0.2694;0.0000;-790.5500;0.0000;6.8165;0.0000;-790.5500;0.0000;6.8165;1.0000;0.0000;0.0000;0.0000;0.0000
292;347.02;787.7000;964.0500;878.0500;90.3500;51.2333;0.2904;0.0000;-787.7000;0.0000;6.8165;0.0000;-787.7000;0.0000;6.8165;1.0000;0.0000;0.0000;0.0000;0.0000
293;347.40;787.2000;955.2500;898.6500;111.4500;66.3195;0.1784;0.0000;-787.2000;0.0000;6.8165;0.0000;-787.2000;0.0000;6.8165;1.0000;0.0000;0.0000;0.0000;0.0000
294;347.78;782.3000;955.7000;888.9000;106.6000;61.4764;0.2113;0.0000;-782.3000;0.0000;6.8165;0.0000;-782.3000;0.0000;6.8165;1.0000;0.0000;0.0000;0.0000;0.0000
295;348.16;799.2000;960.5000;890.3000;91.1000;56.4786;0.2481;0.0000;-799.2000;0.0000;6.8165;0.0000;-799.2000;0.0000;6.8165;1.0000;0.0000;0.0000;0.0000;0.0000
296;348.54;793.9000;955.5000;888.3000;94.4000;58.4158;0.2335;0.0000;-793.9000;0.0000;6.8165;0.0000;-793.9000;0.0000;6.8165;1.0000;0.0000;0.0000;0.0000;0.0000
297;348.92;784.5500;944.4000;878.2500;93.7000;58.6175;0.2320;0.0000;-784.5500;0.0000;6.8165;0.0000;-784.5500;0.0000;6.8165;1.0000;0.0000;0.0000;0.0000;0.0000
298;349.30;765.5500;969.3000;885.6000;120.0500;58.9202;0.2297;0.0000;-765.5500;0.0000;6.8165;0.0000;-765.5500;0.0000;6.8165;1.0000;0.0000;0.0000;0.0000;0.0000
299;349.68;778.9500;974.0500;891.2000;112.2500;57.5346;0.2401;0.0000;-778.9500;0.0000;6.8165;0.0000;-778.9500;0.0000;6.8165;1.0000;0.0000;0.0000;0.0000;0.0000
300;350.06;777.3500;970.4000;890.2500;112.9000;58.4823;0.2330;0.0000;-777.3500;0.0000;6.8165;0.0000;-777.3500;0.0000;6.8165;1.0000;0.0000;0.0000;0.0000;0.0000
301;350.44;776.3000;967.1000;882.1500;105.8500;55.4769;0.2559;0.0000;-776.3000;0.0000;6.8165;0.0000;-776.3000;0.0000;6.8165;1.0000;0.0000;0.0000;0.0000;0.0000
302;350.82;787.0500;962.7500;882.5000;95.4500;54.3256;0.2650;0.0000;-787.0500;0.0000;6.8165;0.0000;-787.0500;0.0000;6.8165;1.0000;0.0000;0.0000;0.0000;0.0000
303;351.21;770.4500;967.2500;870.5500;100.1000;50.8638;0.2936;0.0000;-770.4500;0.0000;6.8165;0.0000;-770.4500;0.0000;6.8165;1.0000;0.0000;0.0000;0.0000;0.0000
304;351.59;769.6500;973.4500;879.8500;110.2000;54.0726;0.2670;0.0000;-769.6500;0.0000;6.8165;0.0000;-769.6500;0.0000;6.8165;1.0000;0.0000;0.0000;0.0000;0.0000
305;351.97;777.8000;983.2500;886.9000;109.1000;53.1029;0.2749;0.0000;-777.8000;0.0000;6.8165;0.0000;-777.8000;0.0000;6.8165;1.0000;0.0000;0.0000;0.0000;0.0000
306;352.34;780.7500;980.5500;896.8000;116.0500;58.0831;0.2360;0.0000;-780.7500;0.0000;6.8165;0.0000;-780.7500;0.0000;6.8165;1.0000;0.0000;0.0000;0.0000;0.0000
307;352.72;776.3000;976.1500;890.1000;113.8000;56.9427;0.2446;0.0000;-776.3000;0.0000;6.8165;0.0000;-776.3000;0.0000;6.8165;1.0000;0.0000;0.0000;0.0000;0.0000
308;353.10;793.3000;976.1000;887.6500;94.3500;51.6138;0.2872;0.0000;-793.3000;0.0000;6.8165;0.0000;-793.3000;0.0000;6.8165;1.0000;0.0000;0.0000;0.0000;0.0000
309;353.48;788.8500;965.3000;892.2500;103.4000;58.6002;0.2321;0.0000;-788.8500;0.0000;6.8165;0.0000;-788.8500;0.0000;6.8165;1.0000;0.0000;0.0000;0.0000;0.0000
310;353.86;795.1000;966.5000;898.8500;103.7500;60.5309;0.2180;0.0000;-795.1000;0.0000;6.8165;0.0000;-795.1000;0.0000;6.8165;1.0000;0.0000;0.0000;0.0000;0.0000
311;354.24;775.3500;973.0500;893.1000;117.7500;59.5599;0.2250;0.0000;-775.3500;0.0000;6.8165;0.0000;-775.3500;0.0000;6.8165;1.0000;0.0000;0.0000;0.0000;0.0000
312;354.62;791.0500;973.1000;906.0000;114.9500;63.1420;0.1997;0.0000;-791.0500;0.0000;6.8165;0.0000;-791.0500;0.0000;6.8165;1.0000;0.0000;0.0000;0.0000;0.0000
313;355.00;789.8500;986.7000;889.5000;99.6500;50.6223;0.2957;0.0000;-789.8500;0.0000;6.8165;0.0000;-789.8500;0.0000;6.8165;1.0000;0.0000;0.0000;0.0000;0.0000
314;355.38;786.6500;981.5000;883.4500;96.8000;49.6792;0.3038;0.0000;-786.6500;0.0000;6.8165;0.0000;-786.6500;0.0000;6.8165;1.0000;0.0000;0.0000;0.0000;0.0000
315;355.76;790.9500;961.7000;895.9000;104.9500;61.4641;0.2114;0.0000;-790.9500;0.0000;6.8165;0.0000;-790.9500;0.0000;6.8165;1.0000;0.0000;0.0000;0.0000;0.0000
316;356.14;784.3000;994.2000;886.0500;101.7500;48.4755;0.3145;0.0000;-784.3000;0.0000;6.8165;0.0000;-784.3000;0.0000;6.8165;1.0000;0.0000;0.0000;0.0000;0.0000
317;356.52;790.4000;984.5000;885.2000;94.8000;48.8408;0.3112;0.0000;-790.4000;0.0000;6.8165;0.0000;-790.4000;0.0000;6.8165;1.0000;0.0000;0.0000;0.0000;0.0000
318;356.90;772.0500;989.2500;873.7000;101.6500;46.8002;0.3298;0.0000;-772.0500;0.0000;6.8165;0.0000;-772.0500;0.0000;6.8165;1.0000;0.0000;0.0000;0.0000;0.0000
319;357.27;791.1000;984.9000;881.6000;90.5000;46.6976;0.3307;0.0000;-791.1000;0.0000;6.8165;0.0000;-791.1000;0.0000;6.8165;1.0000;0.0000;0.0000;0.0000;0.0000
320;357.65;789.1000;995.3500;886.8500;97.7500;47.3939;0.3243;0.0000;-789.1000;0.0000;6.8165;0.0000;-789.1000;0.0000;6.8165;1.0000;0.0000;0.0000;0.0000;0.0000
321;358.03;775.7500;976.5500;901.8000;126.0500;62.7739;0.2022;0.0000;-775.7500;0.0000;6.8165;0.0000;-775.7500;0.0000;6.8165;1.0000;0.0000;0.0000;0.0000;0.0000
322;358.41;786.4000;980.6000;888.3500;101.9500;52.4974;0.2799;0.0000;-786.4000;0.0000;6.8165;0.0000;-786.4000;0.0000;6.8165;1.0000;0.0000;0.0000;0.0000;0.0000
323;358.79;768.5000;991.4500;888.9500;120.4500;54.0256;0.2674;0.0000;-768.5000;0.0000;6.8165;0.0000;-768.5000;0.0000;6.8165;1.0000;0.0000;0.0000;0.0000;0.0000
324;359.17;771.2500;998.0500;887.9000;116.6500;51.4330;0.2888;0.0000;-771.2500;0.0000;6.8165;0.0000;-771.2500;0.0000;6.8165;1.0000;0.0000;0.0000;0.0000;0.0000
325;359.55;787.9500;986.0500;890.4500;102.5000;51.7415;0.2862;0.0000;-787.9500;0.0000;6.8165;0.0000;-787.9500;0.0000;6.8165;1.0000;0.0000;0.0000;0.0000;0.0000
326;359.92;785.4500;985.1000;897.3000;111.8500;56.0230;0.2516;0.0000;-785.4500;0.0000;6.8165;0.0000;-785.4500;0.0000;6.8165;1.0000;0.0000;0.0000;0.0000;0.0000
327;360.30;773.8000;982.3500;891.5500;117.7500;56.4613;0.2482;0.0000;-773.8000;0.0000;6.8165;0.0000;-773.8000;0.0000;6.8165;1.0000;0.0000;0.0000;0.0000;0.0000
328;360.68;782.1000;971.8000;893.6000;111.5000;58.7770;0.2308;0.0000;-782.1000;0.0000;6.8165;0.0000;-782.1000;0.0000;6.8165;1.0000;0.0000;0.0000;0.0000;0.0000
329;361.06;779.0500;969.6500;894.9500;115.9000;60.8080;0.2160;0.0000;-779.0500;0.0000;6.8165;0.0000;-779.0500;0.0000;6.8165;1.0000;0.0000;0.0000;0.0000;0.0000
330;361.43;788.0000;983.5500;903.9500;115.9500;59.2943;0.2270;0.0000;-788.0000;0.0000;6.8165;0.0000;-788.0000;0.0000;6.8165;1.0000;0.0000;0.0000;0.0000;0.0000
331;361.81;787.3500;980.6500;889.2500;101.9000;52.7160;0.2781;0.0000;-787.3500;0.0000;6.8165;0.0000;-787.3500;0.0000;6.8165;1.0000;0.0000;0.0000;0.0000;0.0000
332;362.19;785.9500;988.3500;879.9000;93.9500;46.4180;0.3333;0.0000;-785.9500;0.0000;6.8165;0.0000;-785.9500;0.0000;6.8165;1.0000;0.0000;0.0000;0.0000;0.0000
333;362.57;779.8000;983.3000;900.1500;120.3500;59.1400;0.2281;0.0000;-779.8000;0.0000;6.8165;0.0000;-779.8000;0.0000;6.8165;1.0000;0.0000;0.0000;0.0000;0.0000
334;362.94;783.9500;1003.0500;887.2000;103.2500;47.1246;0.3268;0.0000;-783.9500;0.0000;6.8165;0.0000;-783.9500;0.0000;6.8165;1.0000;0.0000;0.0000;0.0000;0.0000
335;363.32;764.1000;982.3000;884.8000;120.7000;55.3162;0.2571;0.0000;-764.1000;0.0000;6.8165;0.0000;-764.1000;0.0000;6.8165;1.0000;0.0000;0.0000;0.0000;0.0000
336;363.70;784.7500;995.8000;879.7000;94.9500;44.9893;0.3469;0.0000;-784.7500;0.0000;6.8165;0.0000;-784.7500;0.0000;6.8165;1.0000;0.0000;0.0000;0.0000;0.0000
337;364.08;766.8000;1003.4000;897.6000;130.8000;55.2832;0.2574;0.0000;-766.8000;0.0000;6.8165;0.0000;-766.8000;0.0000;6.8165;1.0000;0.0000;0.0000;0.0000;0.0000
338;364.45;779.7000;982.7500;891.9500;112.2500;55.2820;0.2574;0.0000;-779.7000;0.0000;6.8165;0.0000;-779.7000;0.0000;6.8165;1.0000;0.0000;0.0000;0.0000;0.0000
339;364.83;785.1000;995.0000;903.7500;118.6500;56.5269;0.2477;0.0000;-785.1000;0.0000;6.8165;0.0000;-785.1000;0.0000;6.8165;1.0000;0.0000;0.0000;0.0000;0.0000
340;365.21;779.3000;994.8500;901.1000;121.8000;56.5066;0.2479;0.0000;-779.3000;0.0000;6.8165;0.0000;-779.3000;0.0000;6.8165;1.0000;0.0000;0.0000;0.0000;0.0000
341;365.58;775.6000;994.9500;896.7500;121.1500;55.2314;0.2578;0.0000;-775.6000;0.0000;6.8165;0.0000;-775.6000;0.0000;6.8165;1.0000;0.0000;0.0000;0.0000;0.0000
342;365.96;790.7500;995.3000;882.0500;91.3000;44.6346;0.3503;0.0000;-790.7500;0.0000;6.8165;0.0000;-790.7500;0.0000;6.8165;1.0000;0.0000;0.0000;0.0000;0.0000
343;366.34;790.4000;993.2000;882.3500;91.9500;45.3402;0.3435;0.0000;-790.4000;0.0000;6.8165;0.0000;-790.4000;0.0000;6.8165;1.0000;0.0000;0.0000;0.0000;0.0000
344;366.71;777.7500;1002.2000;901.3000;123.5500;55.0457;0.2593;0.0000;-777.7500;0.0000;6.8165;0.0000;-777.7500;0.0000;6.8165;1.0000;0.0000;0.0000;0.0000;0.0000
345;367.09;793.0500;995.7500;882.4000;89.3500;44.0799;0.3558;0.0000;-793.0500;0.0000;6.8165;0.0000;-793.0500;0.0000;6.8165;1.0000;0.0000;0.0000;0.0000;0.0000
346;367.47;782.0500;997.7000;900.1500;118.1000;54.7647;0.2615;0.0000;-782.0500;0.0000;6.8165;0.0000;-782.0500;0.0000;6.8165;1.0000;0.0000;0.0000;0.0000;0.0000
347;367.84;797.8000;999.4500;903.4500;105.6500;52.3928;0.2807;0.0000;-797.8000;0.0000;6.8165;0.0000;-797.8000;0.0000;6.8165;1.0000;0.0000;0.0000;0.0000;0.0000
348;368.22;790.7000;991.8000;887.0500;96.3500;47.9115;0.3196;0.0000;-790.7000;0.0000;6.8165;0.0000;-790.7000;0.0000;6.8165;1.0000;0.0000;0.0000;0.0000;0.0000
349;368.59;792.4000;1005.2000;892.0500;99.6500;46.8280;0.3295;0.0000;-792.4000;0.0000;6.8165;0.0000;-792.4000;0.0000;6.8165;1.0000;0.0000;0.0000;0.0000;0.0000
350;368.97;785.8000;977.3000;886.3000;100.5000;52.4804;0.2800;0.0000;-785.8000;0.0000;6.8165;0.0000;-785.8000;0.0000;6.8165;1.0000;0.0000;0.0000;0.0000;0.0000
351;369.35;788.1500;1001.7000;890.9000;102.7500;48.1152;0.3177;0.0000;-788.1500;0.0000;6.8165;0.0000;-788.1500;0.0000;6.8165;1.0000;0.0000;0.0000;0.0000;0.0000
352;369.72;788.7000;1011.0000;896.6500;107.9500;48.5605;0.3137;0.0000;-788.7000;0.0000;6.8165;0.0000;-788.7000;0.0000;6.8165;1.0000;0.0000;0.0000;0.0000;0.0000
353;370.10;764.0000;993.8000;911.8500;147.8500;64.3386;0.1915;0.0000;-764.0000;0.0000;6.8165;0.0000;-764.0000;0.0000;6.8165;1.0000;0.0000;0.0000;0.0000;0.0000
354;370.47;779.9000;1002.6500;889.2500;109.3500;49.0909;0.3090;0.0000;-779.9000;0.0000;6.8165;0.0000;-779.9000;0.0000;6.8165;1.0000;0.0000;0.0000;0.0000;0.0000
355;370.85;790.7500;1010.3500;896.8000;106.0500;48.2923;0.3161;0.0000;-790.7500;0.0000;6.8165;0.0000;-790.7500;0.0000;6.8165;1.0000;0.0000;0.0000;0.0000;0.0000
356;371.22;786.5500;1006.8500;894.3000;107.7500;48.9106;0.3106;0.0000;-786.5500;0.0000;6.8165;0.0000;-786.5500;0.0000;6.8165;1.0000;0.0000;0.0000;0.0000;0.0000
357;371.60;786.7500;1002.6000;902.4500;115.7000;53.6020;0.2708;0.0000;-786.7500;0.0000;6.8165;0.0000;-786.7500;0.0000;6.8165;1.0000;0.0000;0.0000;0.0000;0.0000
358;371.97;777.5000;1016.0000;904.6000;127.1000;53.2914;0.2733;0.0000;-777.5000;0.0000;6.8165;0.0000;-777.5000;0.0000;6.8165;1.0000;0.0000;0.0000;0.0000;0.0000
359;372.35;771.2500;993.7500;906.7000;135.4500;60.8764;0.2156;0.0000;-771.2500;0.0000;6.8165;0.0000;-771.2500;0.0000;6.8165;1.0000;0.0000;0.0000;0.0000;0.0000
360;372.72;780.3500;986.9000;897.8500;117.5000;56.8870;0.2450;0.0000;-780.3500;0.0000;6.8165;0.0000;-780.3500;0.0000;6.8165;1.0000;0.0000;0.0000;0.0000;0.0000
361;373.10;784.9500;1010.2500;895.5000;110.5500;49.0679;0.3092;0.0000;-784.9500;0.0000;6.8165;0.0000;-784.9500;0.0000;6.8165;1.0000;0.0000;0.0000;0.0000;0.0000
362;373.47;783.0500;991.9000;901.1000;118.0500;56.5238;0.2478;0.0000;-783.0500;0.0000;6.8165;0.0000;-783.0500;0.0000;6.8165;1.0000;0.0000;0.0000;0.0000;0.0000
363;373.85;801.0000;1008.5500;892.9000;91.9000;44.2785;0.3538;0.0000;-801.0000;0.0000;6.8165;0.0000;-801.0000;0.0000;6.8165;1.0000;0.0000;0.0000;0.0000;0.0000
364;374.22;773.0000;988.0500;895.2000;122.2000;56.8240;0.2455;0.0000;-773.0000;0.0000;6.8165;0.0000;-773.0000;0.0000;6.8165;1.0000;0.0000;0.0000;0.0000;0.0000
365;374.60;788.4500;1010.3500;910.3000;121.8500;54.9121;0.2603;0.0000;-788.4500;0.0000;6.8165;0.0000;-788.4500;0.0000;6.8165;1.0000;0.0000;0.0000;0.0000;0.0000
366;374.97;779.9000;1000.5000;902.9000;123.0000;55.7570;0.2537;0.0000;-779.9000;0.0000;6.8165;0.0000;-779.9000;0.0000;6.8165;1.0000;0.0000;0.0000;0.0000;0.0000
367;375.35;781.4000;1005.6000;905.5500;124.1500;55.3747;0.2567;0.0000;-781.4000;0.0000;6.8165;0.0000;-781.4000;0.0000;6.8165;1.0000;0.0000;0.0000;0.0000;0.0000
368;375.72;792.1500;1006.0000;908.9500;116.8000;54.6177;0.2627;0.0000;-792.1500;0.0000;6.8165;0.0000;-792.1500;0.0000;6.8165;1.0000;0.0000;0.0000;0.0000;0.0000
369;376.09;769.4000;1006.3000;901.1000;131.7000;55.5931;0.2550;0.0000;-769.4000;0.0000;6.8165;0.0000;-769.4000;0.0000;6.8165;1.0000;0.0000;0.0000;0.0000;0.0000
370;376.47;780.0500;1018.0000;890.6500;110.6000;46.4804;0.3327;0.0000;-780.0500;0.0000;6.8165;0.0000;-780.0500;0.0000;6.8165;1.0000;0.0000;0.0000;0.0000;0.0000
371;376.84;789.4500;1008.0000;897.5500;108.1000;49.4624;0.3057;0.0000;-789.4500;0.0000;6.8165;0.0000;-789.4500;0.0000;6.8165;1.0000;0.0000;0.0000;0.0000;0.0000
372;377.22;781.7500;1016.9000;917.7500;136.0000;57.8354;0.2378;0.0000;-781.7500;0.0000;6.8165;0.0000;-781.7500;0.0000;6.8165;1.0000;0.0000;0.0000;0.0000;0.0000
373;377.59;782.7500;1008.2000;906.1500;123.4000;54.7350;0.2617;0.0000;-782.7500;0.0000;6.8165;0.0000;-782.7500;0.0000;6.8165;1.0000;0.0000;0.0000;0.0000;0.0000
374;377.96;781.3000;1021.9000;901.3000;120.0000;49.8753;0.3021;0.0000;-781.3000;0.0000;6.8165;0.0000;-781.3000;0.0000;6.8165;1.0000;0.0000;0.0000;0.0000;0.0000
375;378.34;779.9500;1009.8500;899.7500;119.8000;52.1096;0.2831;0.0000;-779.9500;0.0000;6.8165;0.0000;-779.9500;0.0000;6.8165;1.0000;0.0000;0.0000;0.0000;0.0000
376;378.71;788.0500;1013.3500;905.7000;117.6500;52.2193;0.2822;0.0000;-788.0500;0.0000;6.8165;0.0000;-788.0500;0.0000;6.8165;1.0000;0.0000;0.0000;0.0000;0.0000
377;379.08;778.6000;1019.5000;905.8500;127.2500;52.8227;0.2772;0.0000;-778.6000;0.0000;6.8165;0.0000;-778.6000;0.0000;6.8165;1.0000;0.0000;0.0000;0.0000;0.0000
378;379.46;785.1500;1013.3000;907.2500;122.1000;53.5174;0.2715;0.0000;-785.1500;0.0000;6.8165;0.0000;-785.1500;0.0000;6.8165;1.0000;0.0000;0.0000;0.0000;0.0000
379;379.83;786.3000;1017.5500;905.2000;118.9000;51.4162;0.2889;0.0000;-786.3000;0.0000;6.8165;0.0000;-786.3000;0.0000;6.8165;1.0000;0.0000;0.0000;0.0000;0.0000
380;380.20;783.4000;1005.7000;912.7000;129.3000;58.1646;0.2353;0.0000;-783.4000;0.0000;6.8165;0.0000;-783.4000;0.0000;6.8165;1.0000;0.0000;0.0000;0.0000;0.0000
381;380.58;782.3500;1036.2000;903.8500;121.5000;47.8629;0.3200;0.0000;-782.3500;0.0000;6.8165;0.0000;-782.3500;0.0000;6.8165;1.0000;0.0000;0.0000;0.0000;0.0000
382;380.95;790.1000;1010.1500;901.7500;111.6500;50.7385;0.2947;0.0000;-790.1000;0.0000;6.8165;0.0000;-790.1000;0.0000;6.8165;1.0000;0.0000;0.0000;0.0000;0.0000
383;381.32;782.0500;1021.4500;902.7500;120.7000;50.4177;0.2974;0.0000;-782.0500;0.0000;6.8165;0.0000;-782.0500;0.0000;6.8165;1.0000;0.0000;0.0000;0.0000;0.0000
384;381.70;778.0500;1021.5000;914.3500;136.3000;55.9869;0.2519;0.0000;-778.0500;0.0000;6.8165;0.0000;-778.0500;0.0000;6.8165;1.0000;0.0000;0.0000;0.0000;0.0000
385;382.07;788.1500;1028.1500;920.8000;132.6500;55.2708;0.2575;0.0000;-788.1500;0.0000;6.8165;0.0000;-788.1500;0.0000;6.8165;1.0000;0.0000;0.0000;0.0000;0.0000
386;382.44;788.2000;1038.7500;922.4000;134.2000;53.5622;0.2711;0.0000;-788.2000;0.0000;6.8165;0.0000;-788.2000;0.0000;6.8165;1.0000;0.0000;0.0000;0.0000;0.0000
387;382.81;794.7000;1042.7000;929.4000;134.7000;54.3145;0.2651;0.0000;-794.7000;0.0000;6.8165;0.0000;-794.7000;0.0000;6.8165;1.0000;0.0000;0.0000;0.0000;0.0000
388;383.19;778.3500;1034.7500;921.2500;142.9000;55.7332;0.2539;0.0000;-778.3500;0.0000;6.8165;0.0000;-778.3500;0.0000;6.8165;1.0000;0.0000;0.0000;0.0000;0.0000
389;383.56;774.7500;1065.7000;939.8500;165.1000;56.7451;0.2461;0.0000;-774.7500;0.0000;6.8165;0.0000;-774.7500;0.0000;6.8165;1.0000;0.0000;0.0000;0.0000;0.0000
390;383.93;777.3000;1067.6000;954.4500;177.1500;61.0231;0.2145;0.0000;-777.3000;0.0000;6.8165;0.0000;-777.3000;0.0000;6.8165;1.0000;0.0000;0.0000;0.0000;0.0000
391;384.30;782.4500;1076.2500;973.2000;190.7500;64.9251;0.1876;0.0000;-782.4500;0.0000;6.8165;0.0000;-782.4500;0.0000;6.8165;1.0000;0.0000;0.0000;0.0000;0.0000
392;384.68;781.7000;1077.5000;973.5000;191.8000;64.8411;0.1881;0.0000;-781.7000;0.0000;6.8165;0.0000;-781.7000;0.0000;6.8165;1.0000;0.0000;0.0000;0.0000;0.0000
393;385.05;784.1500;1093.5500;969.1000;184.9500;59.7770;0.2235;0.0000;-784.1500;0.0000;6.8165;0.0000;-784.1500;0.0000;6.8165;1.0000;0.0000;0.0000;0.0000;0.0000
394;385.42;777.3500;1095.8000;982.6000;205.2500;64.4528;0.1908;0.0000;-777.3500;0.0000;6.8165;0.0000;-777.3500;0.0000;6.8165;1.0000;0.0000;0.0000;0.0000;0.0000
395;385.79;787.2000;1104.3500;993.3500;206.1500;65.0008;0.1871;0.0000;-787.2000;0.0000;6.8165;0.0000;-787.2000;0.0000;6.8165;1.0000;0.0000;0.0000;0.0000;0.0000
396;386.16;783.4000;1127.7500;1001.0500;217.6500;63.2060;0.1992;0.0000;-783.4000;0.0000;6.8165;0.0000;-783.4000;0.0000;6.8165;1.0000;0.0000;0.0000;0.0000;0.0000
397;386.53;786.5000;1130.6500;1024.9500;238.4500;69.2866;0.1594;0.0000;-786.5000;0.0000;6.8165;0.0000;-786.5000;0.0000;6.8165;1.0000;0.0000;0.0000;0.0000;0.0000
398;386.91;793.4000;1142.5500;1023.7500;230.3500;65.9745;0.1806;0.0000;-793.4000;0.0000;6.8165;0.0000;-793.4000;0.0000;6.8165;1.0000;0.0000;0.0000;0.0000;0.0000
399;387.28;796.0000;1159.4500;1039.0000;243.0000;66.8593;0.1748;0.0000;-796.0000;0.0000;6.8165;0.0000;-796.0000;0.0000;6.8165;1.0000;0.0000;0.0000;0.0000;0.0000
400;387.65;785.5500;1168.5000;1039.9500;254.4000;66.4316;0.1776;0.0000;-785.5500;0.0000;6.8165;0.0000;-785.5500;0.0000;6.8165;1.0000;0.0000;0.0000;0.0000;0.0000
401;388.02;790.8000;1178.8500;1059.1500;268.3500;69.1535;0.1602;0.0000;-790.8000;0.0000;6.8165;0.0000;-790.8000;0.0000;6.8165;1.0000;0.0000;0.0000;0.0000;0.0000
402;388.39;777.5000;1186.2000;1086.6000;309.1000;75.6300;0.1213;0.0000;-777.5000;0.0000;6.8165;0.0000;-777.5000;0.0000;6.8165;1.0000;0.0000;0.0000;0.0000;0.0000
403;388.76;782.2500;1214.6000;1092.8500;310.6000;71.8399;0.1436;0.0000;-782.2500;0.0000;6.8165;0.0000;-782.2500;0.0000;6.8165;1.0000;0.0000;0.0000;0.0000;0.0000
404;389.13;797.0000;1203.1500;1089.2500;292.2500;71.9562;0.1429;0.0000;-797.0000;0.0000;6.8165;0.0000;-797.0000;0.0000;6.8165;1.0000;0.0000;0.0000;0.0000;0.0000
405;389.50;796.1500;1228.9000;1092.6500;296.5000;68.5153;0.1642;0.0000;-796.1500;0.0000;6.8165;0.0000;-796.1500;0.0000;6.8165;1.0000;0.0000;0.0000;0.0000;0.0000
406;389.87;786.4000;1237.1000;1107.2000;320.8000;71.1782;0.1477;0.0000;-786.4000;0.0000;6.8165;0.0000;-786.4000;0.0000;6.8165;1.0000;0.0000;0.0000;0.0000;0.0000
407;390.25;787.0000;1264.0500;1125.6000;338.6000;70.9779;0.1489;0.0000;-787.0000;0.0000;6.8165;0.0000;-787.0000;0.0000;6.8165;1.0000;0.0000;0.0000;0.0000;0.0000
408;390.62;779.4500;1280.4500;1156.6000;377.1500;75.2794;0.1233;0.0000;-779.4500;0.0000;6.8165;0.0000;-779.4500;0.0000;6.8165;1.0000;0.0000;0.0000;0.0000;0.0000
409;390.99;778.8500;1316.3500;1166.5000;387.6500;72.1209;0.1419;0.0000;-778.8500;0.0000;6.8165;0.0000;-778.8500;0.0000;6.8165;1.0000;0.0000;0.0000;0.0000;0.0000
410;391.36;781.9500;1364.7500;1216.4500;434.5000;74.5539;0.1275;0.0000;-781.9500;0.0000;6.8165;0.0000;-781.9500;0.0000;6.8165;1.0000;0.0000;0.0000;0.0000;0.0000
411;391.73;778.7000;1389.6000;1239.5000;460.8000;75.4297;0.1225;0.0000;-778.7000;0.0000;6.8165;0.0000;-778.7000;0.0000;6.8165;1.0000;0.0000;0.0000;0.0000;0.0000
412;392.10;786.8500;1414.4500;1279.4000;492.5500;78.4815;0.1052;0.0000;-786.8500;0.0000;6.8165;0.0000;-786.8500;0.0000;6.8165;1.0000;0.0000;0.0000;0.0000;0.0000
413;392.47;789.2000;1456.3500;1343.0500;553.8500;83.0173;0.0808;0.0000;-789.2000;0.0000;6.8165;0.0000;-789.2000;0.0000;6.8165;1.0000;0.0000;0.0000;0.0000;0.0000
414;392.84;790.3500;1502.9500;1351.5000;561.1500;78.7468;0.1038;0.0000;-790.3500;0.0000;6.8165;0.0000;-790.3500;0.0000;6.8165;1.0000;0.0000;0.0000;0.0000;0.0000
415;393.21;785.5500;1542.4000;1396.0000;610.4500;80.6567;0.0934;0.0000;-785.5500;0.0000;6.8165;0.0000;-785.5500;0.0000;6.8165;1.0000;0.0000;0.0000;0.0000;0.0000
416;393.58;783.3000;1572.8500;1430.1000;646.8000;81.9201;0.0866;0.0000;-783.3000;0.0000;6.8165;0.0000;-783.3000;0.0000;6.8165;1.0000;0.0000;0.0000;0.0000;0.0000
417;393.95;781.7500;1594.1000;1454.5000;672.7500;82.8153;0.0819;0.0000;-781.7500;0.0000;6.8165;0.0000;-781.7500;0.0000;6.8165;1.0000;0.0000;0.0000;0.0000;0.0000
418;394.32;780.3000;1634.0000;1528.4000;748.1000;87.6303;0.0573;0.0000;-780.3000;0.0000;6.8165;0.0000;-780.3000;0.0000;6.8165;1.0000;0.0000;0.0000;0.0000;0.0000
419;394.69;787.1000;1692.6500;1522.6500;735.5500;81.2269;0.0903;0.0000;-787.1000;0.0000;6.8165;0.0000;-787.1000;0.0000;6.8165;1.0000;0.0000;0.0000;0.0000;0.0000
420;395.06;783.2500;1738.2500;1580.1500;796.9000;83.4450;0.0786;0.0000;-783.2500;0.0000;6.8165;0.0000;-783.2500;0.0000;6.8165;1.0000;0.0000;0.0000;0.0000;0.0000
421;395.43;782.4500;1788.6500;1649.3000;866.8500;86.1509;0.0647;0.0000;-782.4500;0.0000;6.8165;0.0000;-782.4500;0.0000;6.8165;1.0000;0.0000;0.0000;0.0000;0.0000
422;395.80;793.9500;1832.3500;1701.4500;907.5000;87.3941;0.0585;0.0000;-793.9500;0.0000;6.8165;0.0000;-793.9500;0.0000;6.8165;1.0000;0.0000;0.0000;0.0000;0.0000
423;396.16;783.8500;1886.2500;1753.8000;969.9500;87.9853;0.0556;0.0000;-783.8500;0.0000;6.8165;0.0000;-783.8500;0.0000;6.8165;1.0000;0.0000;0.0000;0.0000;0.0000
424;396.53;780.2000;1943.3000;1818.7000;1038.5000;89.2872;0.0492;0.0000;-780.2000;0.0000;6.8165;0.0000;-780.2000;0.0000;6.8165;1.0000;0.0000;0.0000;0.0000;0.0000
425;396.90;764.9500;1980.7000;1859.4500;1094.5000;90.0267;0.0456;0.0000;-764.9500;0.0000;6.8165;0.0000;-764.9500;0.0000;6.8165;1.0000;0.0000;0.0000;0.0000;0.0000
426;397.27;768.1000;2075.2000;1942.2500;1174.1500;89.8286;0.0466;0.0000;-768.1000;0.0000;6.8165;0.0000;-768.1000;0.0000;6.8165;1.0000;0.0000;0.0000;0.0000;0.0000
427;397.64;790.7000;2119.4500;1977.4000;1186.7000;89.3095;0.0491;0.0000;-790.7000;0.0000;6.8165;0.0000;-790.7000;0.0000;6.8165;1.0000;0.0000;0.0000;0.0000;0.0000
428;398.01;772.8500;2144.6000;1989.9000;1217.0500;88.7224;0.0520;0.0000;-772.8500;0.0000;6.8165;0.0000;-772.8500;0.0000;6.8165;1.0000;0.0000;0.0000;0.0000;0.0000
429;398.38;791.7000;2190.4000;2088.6000;1296.9000;92.7218;0.0328;0.0000;-791.7000;0.0000;6.8165;0.0000;-791.7000;0.0000;6.8165;1.0000;0.0000;0.0000;0.0000;0.0000
430;398.75;783.5000;2201.1000;2113.0500;1329.5500;93.7888;0.0278;0.0000;-783.5000;0.0000;6.8165;0.0000;-783.5000;0.0000;6.8165;1.0000;0.0000;0.0000;0.0000;0.0000
431;399.12;784.9000;2303.8500;2181.7000;1396.8000;91.9583;0.0364;0.0000;-784.9000;0.0000;6.8165;0.0000;-784.9000;0.0000;6.8165;1.0000;0.0000;0.0000;0.0000;0.0000
432;399.48;790.8000;2374.8000;2261.3000;1470.5000;92.8346;0.0323;0.0000;-790.8000;0.0000;6.8165;0.0000;-790.8000;0.0000;6.8165;1.0000;0.0000;0.0000;0.0000;0.0000
433;399.85;782.9000;2364.9000;2234.1000;1451.2000;91.7320;0.0375;0.0000;-782.9000;0.0000;6.8165;0.0000;-782.9000;0.0000;6.8165;1.0000;0.0000;0.0000;0.0000;0.0000
434;400.22;801.8500;2397.2000;2295.2000;1493.3500;93.6064;0.0287;0.0000;-801.8500;0.0000;6.8165;0.0000;-801.8500;0.0000;6.8165;1.0000;0.0000;0.0000;0.0000;0.0000
435;400.59;788.1000;2505.5500;2377.5500;1589.4500;92.5471;0.0336;0.0000;-788.1000;0.0000;6.8165;0.0000;-788.1000;0.0000;6.8165;1.0000;0.0000;0.0000;0.0000;0.0000
436;400.96;792.7000;2491.6000;2400.9500;1608.2500;94.6642;0.0238;0.0000;-792.7000;0.0000;6.8165;0.0000;-792.7000;0.0000;6.8165;1.0000;0.0000;0.0000;0.0000;0.0000
437;401.32;784.4500;2534.1000;2410.3000;1625.8500;92.9243;0.0319;0.0000;-784.4500;0.0000;6.8165;0.0000;-784.4500;0.0000;6.8165;1.0000;0.0000;0.0000;0.0000;0.0000
438;401.69;793.9500;2601.4500;2500.0000;1706.0500;94.3873;0.0251;0.0000;-793.9500;0.0000;6.8165;0.0000;-793.9500;0.0000;6.8165;1.0000;0.0000;0.0000;0.0000;0.0000
439;402.06;789.5000;2683.3500;2541.9500;1752.4500;92.5337;0.0337;0.0000;-789.5000;0.0000;6.8165;0.0000;-789.5000;0.0000;6.8165;1.0000;0.0000;0.0000;0.0000;0.0000
440;402.43;781.7000;2667.8500;2585.7000;1804.0000;95.6446;0.0193;0.0000;-781.7000;0.0000;6.8165;0.0000;-781.7000;0.0000;6.8165;1.0000;0.0000;0.0000;0.0000;0.0000
441;402.80;778.3000;2758.0000;2636.0500;1857.7500;93.8400;0.0276;0.0000;-778.3000;0.0000;6.8165;0.0000;-778.3000;0.0000;6.8165;1.0000;0.0000;0.0000;0.0000;0.0000
442;403.16;784.8500;2788.6000;2670.8500;1886.0000;94.1235;0.0263;0.0000;-784.8500;0.0000;6.8165;0.0000;-784.8500;0.0000;6.8165;1.0000;0.0000;0.0000;0.0000;0.0000
443;403.53;783.6500;2770.7500;2701.9500;1918.3000;96.5377;0.0153;0.0000;-783.6500;0.0000;6.8165;0.0000;-783.6500;0.0000;6.8165;1.0000;0.0000;0.0000;0.0000;0.0000
444;403.90;782.6500;2972.2500;2881.9000;2099.2500;95.8737;0.0183;0.0000;-782.6500;0.0000;6.8165;0.0000;-782.6500;0.0000;6.8165;1.0000;0.0000;0.0000;0.0000;0.0000
445;404.27;785.4500;2960.8000;2863.4500;2078.0000;95.5249;0.0199;0.0000;-785.4500;0.0000;6.8165;0.0000;-785.4500;0.0000;6.8165;1.0000;0.0000;0.0000;0.0000;0.0000
446;404.63;779.8500;3040.1500;2934.7500;2154.9000;95.3369;0.0207;0.0000;-779.8500;0.0000;6.8165;0.0000;-779.8500;0.0000;6.8165;1.0000;0.0000;0.0000;0.0000;0.0000
447;405.00;787.7000;3154.4000;3054.6000;2266.9000;95.7832;0.0187;0.0000;-787.7000;0.0000;6.8165;0.0000;-787.7000;0.0000;6.8165;1.0000;0.0000;0.0000;0.0000;0.0000
448;405.37;787.5000;3211.0000;3138.1000;2350.6000;96.9920;0.0133;0.0000;-787.5000;0.0000;6.8165;0.0000;-787.5000;0.0000;6.8165;1.0000;0.0000;0.0000;0.0000;0.0000
449;405.73;781.0500;3286.4500;3227.6000;2446.5500;97.6511;0.0103;0.0000;-781.0500;0.0000;6.8165;0.0000;-781.0500;0.0000;6.8165;1.0000;0.0000;0.0000;0.0000;0.0000
450;406.10;788.6500;3421.6500;3323.7500;2535.1000;96.2818;0.0165;0.0000;-788.6500;0.0000;6.8165;0.0000;-788.6500;0.0000;6.8165;1.0000;0.0000;0.0000;0.0000;0.0000
451;406.47;784.2500;3495.5000;3370.3000;2586.0500;95.3822;0.0205;0.0000;-784.2500;0.0000;6.8165;0.0000;-784.2500;0.0000;6.8165;1.0000;0.0000;0.0000;0.0000;0.0000
452;406.83;789.8500;3620.3500;3571.5000;2781.6500;98.2742;0.0076;0.0000;-789.8500;0.0000;6.8165;0.0000;-789.8500;0.0000;6.8165;1.0000;0.0000;0.0000;0.0000;0.0000
453;407.20;773.8500;3666.4500;3576.0000;2802.1500;96.8731;0.0138;0.0000;-773.8500;0.0000;6.8165;0.0000;-773.8500;0.0000;6.8165;1.0000;0.0000;0.0000;0.0000;0.0000
454;407.57;783.1500;3848.1000;3763.5000;2980.3500;97.2398;0.0122;0.0000;-783.1500;0.0000;6.8165;0.0000;-783.1500;0.0000;6.8165;1.0000;0.0000;0.0000;0.0000;0.0000
455;407.93;774.8000;3869.0000;3794.8500;3020.0500;97.6036;0.0105;0.0000;-774.8000;0.0000;6.8165;0.0000;-774.8000;0.0000;6.8165;1.0000;0.0000;0.0000;0.0000;0.0000
456;408.30;773.8000;3897.2000;3858.6000;3084.8000;98.7642;0.0054;0.0000;-773.8000;0.0000;6.8165;0.0000;-773.8000;0.0000;6.8165;1.0000;0.0000;0.0000;0.0000;0.0000
457;408.67;779.8000;4045.5000;3950.2500;3170.4500;97.0833;0.0129;0.0000;-779.8000;0.0000;6.8165;0.0000;-779.8000;0.0000;6.8165;1.0000;0.0000;0.0000;0.0000;0.0000
458;409.03;774.3500;4169.5500;4120.1000;3345.7500;98.5435;0.0064;0.0000;-774.3500;0.0000;6.8165;0.0000;-774.3500;0.0000;6.8165;1.0000;0.0000;0.0000;0.0000;0.0000
459;409.40;792.3000;4169.8000;4096.2000;3303.9000;97.8209;0.0096;0.0000;-792.3000;0.0000;6.8165;0.0000;-792.3000;0.0000;6.8165;1.0000;0.0000;0.0000;0.0000;0.0000
460;409.76;782.0500;4342.4500;4251.9000;3469.8500;97.4567;0.0112;0.0000;-782.0500;0.0000;6.8165;0.0000;-782.0500;0.0000;6.8165;1.0000;0.0000;0.0000;0.0000;0.0000
461;410.13;768.3000;4242.9000;4175.4000;3407.1000;98.0573;0.0085;0.0000;-768.3000;0.0000;6.8165;0.0000;-768.3000;0.0000;6.8165;1.0000;0.0000;0.0000;0.0000;0.0000
462;410.50;797.2500;4338.6500;4305.5500;3508.3000;99.0653;0.0041;0.0000;-797.2500;0.0000;6.8165;0.0000;-797.2500;0.0000;6.8165;1.0000;0.0000;0.0000;0.0000;0.0000
463;410.86;790.1000;4448.6000;4361.2000;3571.1000;97.6110;0.0105;0.0000;-790.1000;0.0000;6.8165;0.0000;-790.1000;0.0000;6.8165;1.0000;0.0000;0.0000;0.0000;0.0000
464;411.23;786.4000;4522.1000;4461.5500;3675.1500;98.3792;0.0071;0.0000;-786.4000;0.0000;6.8165;0.0000;-786.4000;0.0000;6.8165;1.0000;0.0000;0.0000;0.0000;0.0000
465;411.59;786.2500;4661.4000;4556.4000;3770.1500;97.2904;0.0119;0.0000;-786.2500;0.0000;6.8165;0.0000;-786.2500;0.0000;6.8165;1.0000;0.0000;0.0000;0.0000;0.0000
466;411.96;781.7500;4636.0000;4583.9000;3802.1500;98.6482;0.0059;0.0000;-781.7500;0.0000;6.8165;0.0000;-781.7500;0.0000;6.8165;1.0000;0.0000;0.0000;0.0000;0.0000
467;412.32;781.2000;4704.1500;4694.9500;3913.7500;99.7655;0.0010;0.0000;-781.2000;0.0000;6.8165;0.0000;-781.2000;0.0000;6.8165;1.0000;0.0000;0.0000;0.0000;0.0000
468;412.69;777.5000;4927.5000;4892.1500;4114.6500;99.1482;0.0037;0.0000;-777.5000;0.0000;6.8165;0.0000;-777.5000;0.0000;6.8165;1.0000;0.0000;0.0000;0.0000;0.0000
469;413.05;784.7500;5063.2500;4960.9500;4176.2000;97.6090;0.0105;0.0000;-784.7500;0.0000;6.8165;0.0000;-784.7500;0.0000;6.8165;1.0000;0.0000;0.0000;0.0000;0.0000
470;413.42;794.0500;4973.2000;4912.1000;4118.0500;98.5380;0.0064;0.0000;-794.0500;0.0000;6.8165;0.0000;-794.0500;0.0000;6.8165;1.0000;0.0000;0.0000;0.0000;0.0000
471;413.78;783.1000;5262.8500;5235.0000;4451.9000;99.3783;0.0027;0.0000;-783.1000;0.0000;6.8165;0.0000;-783.1000;0.0000;6.8165;1.0000;0.0000;0.0000;0.0000;0.0000
472;414.15;774.1000;5327.9000;5300.7000;4526.6000;99.4027;0.0026;0.0000;-774.1000;0.0000;6.8165;0.0000;-774.1000;0.0000;6.8165;1.0000;0.0000;0.0000;0.0000;0.0000
473;414.51;774.5500;5264.8000;5196.0000;4421.4500;98.4678;0.0067;0.0000;-774.5500;0.0000;6.8165;0.0000;-774.5500;0.0000;6.8165;1.0000;0.0000;0.0000;0.0000;0.0000
474;414.88;774.5000;5347.8000;5369.3000;4594.8000;100.4701;-0.0020;0.0000;-774.5000;0.0000;6.8165;0.0000;-774.5000;0.0000;6.8165;1.0000;0.0000;0.0000;0.0000;0.0000
475;415.24;770.2000;5553.9500;5594.6000;4824.4000;100.8498;-0.0037;0.0000;-770.2000;0.0000;6.8165;0.0000;-770.2000;0.0000;6.8165;1.0000;0.0000;0.0000;0.0000;0.0000
476;415.61;783.8000;5659.1500;5640.8000;4857.0000;99.6236;0.0016;0.0000;-783.8000;0.0000;6.8165;0.0000;-783.8000;0.0000;6.8165;1.0000;0.0000;0.0000;0.0000;0.0000
477;415.97;780.8000;5604.1000;5583.5000;4802.7000;99.5729;0.0019;0.0000;-780.8000;0.0000;6.8165;0.0000;-780.8000;0.0000;6.8165;1.0000;0.0000;0.0000;0.0000;0.0000
478;416.33;771.0000;5782.5000;5783.7000;5012.7000;100.0239;-0.0001;0.0000;-771.0000;0.0000;6.8165;0.0000;-771.0000;0.0000;6.8165;1.0000;0.0000;0.0000;0.0000;0.0000
479;416.70;770.8500;5916.4000;5874.0500;5103.2000;99.1770;0.0036;0.0000;-770.8500;0.0000;6.8165;0.0000;-770.8500;0.0000;6.8165;1.0000;0.0000;0.0000;0.0000;0.0000
480;417.06;786.4500;6125.3500;6092.4500;5306.0000;99.3838;0.0027;0.0000;-786.4500;0.0000;6.8165;0.0000;-786.4500;0.0000;6.8165;1.0000;0.0000;0.0000;0.0000;0.0000
481;417.43;779.9500;6075.8500;6110.5500;5330.6000;100.6552;-0.0028;0.0000;-779.9500;0.0000;6.8165;0.0000;-779.9500;0.0000;6.8165;1.0000;0.0000;0.0000;0.0000;0.0000
482;417.79;785.6500;6093.2500;6091.0500;5305.4000;99.9586;0.0002;0.0000;-785.6500;0.0000;6.8165;0.0000;-785.6500;0.0000;6.8165;1.0000;0.0000;0.0000;0.0000;0.0000
483;418.15;786.3500;6151.9500;6115.0000;5328.6500;99.3114;0.0030;0.0000;-786.3500;0.0000;6.8165;0.0000;-786.3500;0.0000;6.8165;1.0000;0.0000;0.0000;0.0000;0.0000
484;418.52;778.5000;6325.3000;6343.0000;5564.5000;100.3191;-0.0014;0.0000;-778.5000;0.0000;6.8165;0.0000;-778.5000;0.0000;6.8165;1.0000;0.0000;0.0000;0.0000;0.0000
485;418.88;787.9000;6445.1500;6474.3500;5686.4500;100.5162;-0.0022;0.0000;-787.9000;0.0000;6.8165;0.0000;-787.9000;0.0000;6.8165;1.0000;0.0000;0.0000;0.0000;0.0000
486;419.24;770.7500;6655.7500;6695.4500;5924.7000;100.6746;-0.0029;0.0000;-770.7500;0.0000;6.8165;0.0000;-770.7500;0.0000;6.8165;1.0000;0.0000;0.0000;0.0000;0.0000
487;419.61;790.1500;6626.4000;6682.2500;5892.1000;100.9570;-0.0041;0.0000;-790.1500;0.0000;6.8165;0.0000;-790.1500;0.0000;6.8165;1.0000;0.0000;0.0000;0.0000;0.0000
488;419.97;762.6500;6654.4500;6674.7000;5912.0500;100.3437;-0.0015;0.0000;-762.6500;0.0000;6.8165;0.0000;-762.6500;0.0000;6.8165;1.0000;0.0000;0.0000;0.0000;0.0000
489;420.33;785.1500;6944.1000;7011.0000;6225.8500;101.0862;-0.0047;0.0000;-785.1500;0.0000;6.8165;0.0000;-785.1500;0.0000;6.8165;1.0000;0.0000;0.0000;0.0000;0.0000
490;420.70;781.2000;6916.0000;6950.2500;6169.0500;100.5583;-0.0024;0.0000;-781.2000;0.0000;6.8165;0.0000;-781.2000;0.0000;6.8165;1.0000;0.0000;0.0000;0.0000;0.0000
491;421.06;775.4500;7091.9500;7096.8500;6321.4000;100.0776;-0.0003;0.0000;-775.4500;0.0000;6.8165;0.0000;-775.4500;0.0000;6.8165;1.0000;0.0000;0.0000;0.0000;0.0000
492;421.42;782.6500;7222.9500;7171.5500;6388.9000;99.2019;0.0035;0.0000;-782.6500;0.0000;6.8165;0.0000;-782.6500;0.0000;6.8165;1.0000;0.0000;0.0000;0.0000;0.0000
493;421.79;794.0000;7278.1000;7289.1500;6495.1500;100.1704;-0.0007;0.0000;-794.0000;0.0000;6.8165;0.0000;-794.0000;0.0000;6.8165;1.0000;0.0000;0.0000;0.0000;0.0000
494;422.15;785.4000;7271.5500;7263.7000;6478.3000;99.8790;0.0005;0.0000;-785.4000;0.0000;6.8165;0.0000;-785.4000;0.0000;6.8165;1.0000;0.0000;0.0000;0.0000;0.0000
495;422.51;791.6500;7407.5000;7434.0500;6642.4000;100.4013;-0.0017;0.0000;-791.6500;0.0000;6.8165;0.0000;-791.6500;0.0000;6.8165;1.0000;0.0000;0.0000;0.0000;0.0000
496;422.87;773.7500;7640.4000;7572.6000;6798.8500;99.0126;0.0043;0.0000;-773.7500;0.0000;6.8165;0.0000;-773.7500;0.0000;6.8165;1.0000;0.0000;0.0000;0.0000;0.0000
497;423.24;791.5500;7727.0000;7612.4500;6820.9000;98.3483;0.0072;0.0000;-791.5500;0.0000;6.8165;0.0000;-791.5500;0.0000;6.8165;1.0000;0.0000;0.0000;0.0000;0.0000
498;423.60;787.7000;7811.8000;7867.3000;7079.6000;100.7901;-0.0034;0.0000;-787.7000;0.0000;6.8165;0.0000;-787.7000;0.0000;6.8165;1.0000;0.0000;0.0000;0.0000;0.0000
499;423.96;788.2500;7938.8500;7963.1500;7174.9000;100.3398;-0.0015;0.0000;-788.2500;0.0000;6.8165;0.0000;-788.2500;0.0000;6.8165;1.0000;0.0000;0.0000;0.0000;0.0000
500;424.32;789.7500;8076.2000;8149.1500;7359.4000;101.0012;-0.0043;0.0000;-789.7500;0.0000;6.8165;0.0000;-789.7500;0.0000;6.8165;1.0000;0.0000;0.0000;0.0000;0.0000
501;424.69;787.8500;8151.5500;8230.8500;7443.0000;101.0769;-0.0047;0.0000;-787.8500;0.0000;6.8165;0.0000;-787.8500;0.0000;6.8165;1.0000;0.0000;0.0000;0.0000;0.0000
502;425.05;785.6000;8575.5000;8672.5500;7886.9500;101.2458;-0.0054;0.0000;-785.6000;0.0000;6.8165;0.0000;-785.6000;0.0000;6.8165;1.0000;0.0000;0.0000;0.0000;0.0000
503;425.41;805.5500;8870.8000;8999.0500;8193.5000;101.5902;-0.0069;0.0000;-805.5500;0.0000;6.8165;0.0000;-805.5500;0.0000;6.8165;1.0000;0.0000;0.0000;0.0000;0.0000
504;425.77;784.8000;8737.0500;8751.5000;7966.7000;100.1817;-0.0008;0.0000;-784.8000;0.0000;6.8165;0.0000;-784.8000;0.0000;6.8165;1.0000;0.0000;0.0000;0.0000;0.0000
505;426.13;798.6000;8861.7500;8780.9500;7982.3500;98.9979;0.0044;0.0000;-798.6000;0.0000;6.8165;0.0000;-798.6000;0.0000;6.8165;1.0000;0.0000;0.0000;0.0000;0.0000
506;426.50;774.2500;8713.9500;8776.2500;8002.0000;100.7847;-0.0034;0.0000;-774.2500;0.0000;6.8165;0.0000;-774.2500;0.0000;6.8165;1.0000;0.0000;0.0000;0.0000;0.0000
507;426.86;778.6000;8908.4500;8826.2500;8047.6500;98.9889;0.0044;0.0000;-778.6000;0.0000;6.8165;0.0000;-778.6000;0.0000;6.8165;1.0000;0.0000;0.0000;0.0000;0.0000
508;427.22;782.4000;9330.7000;9201.7000;8419.3000;98.4909;0.0066;0.0000;-782.4000;0.0000;6.8165;0.0000;-782.4000;0.0000;6.8165;1.0000;0.0000;0.0000;0.0000;0.0000
509;427.58;796.2500;9195.0500;9109.7000;8313.4500;98.9838;0.0044;0.0000;-796.2500;0.0000;6.8165;0.0000;-796.2500;0.0000;6.8165;1.0000;0.0000;0.0000;0.0000;0.0000
510;427.94;779.9500;9573.4500;9515.4500;8735.5000;99.3404;0.0029;0.0000;-779.9500;0.0000;6.8165;0.0000;-779.9500;0.0000;6.8165;1.0000;0.0000;0.0000;0.0000;0.0000
511;428.30;777.0500;9878.5000;9799.1000;9022.0500;99.1276;0.0038;0.0000;-777.0500;0.0000;6.8165;0.0000;-777.0500;0.0000;6.8165;1.0000;0.0000;0.0000;0.0000;0.0000
512;428.66;777.1000;9589.9000;9506.8500;8729.7500;99.0576;0.0041;0.0000;-777.1000;0.0000;6.8165;0.0000;-777.1000;0.0000;6.8165;1.0000;0.0000;0.0000;0.0000;0.0000
513;429.02;792.6500;9824.0500;9687.8000;8895.1500;98.4914;0.0066;0.0000;-792.6500;0.0000;6.8165;0.0000;-792.6500;0.0000;6.8165;1.0000;0.0000;0.0000;0.0000;0.0000
514;429.39;792.0500;9997.9500;9832.3000;9040.2500;98.2006;0.0079;0.0000;-792.0500;0.0000;6.8165;0.0000;-792.0500;0.0000;6.8165;1.0000;0.0000;0.0000;0.0000;0.0000
515;429.75;768.6000;10151.5000;9979.6500;9211.0500;98.1685;0.0080;0.0000;-768.6000;0.0000;6.8165;0.0000;-768.6000;0.0000;6.8165;1.0000;0.0000;0.0000;0.0000;0.0000
516;430.11;784.6500;10232.6000;10052.7500;9268.1000;98.0964;0.0083;0.0000;-784.6500;0.0000;6.8165;0.0000;-784.6500;0.0000;6.8165;1.0000;0.0000;0.0000;0.0000;0.0000
517;430.47;774.4500;10429.3000;10253.3500;9478.9000;98.1776;0.0080;0.0000;-774.4500;0.0000;6.8165;0.0000;-774.4500;0.0000;6.8165;1.0000;0.0000;0.0000;0.0000;0.0000
518;430.83;783.7500;10419.6500;10331.5000;9547.7500;99.0852;0.0040;0.0000;-783.7500;0.0000;6.8165;0.0000;-783.7500;0.0000;6.8165;1.0000;0.0000;0.0000;0.0000;0.0000
519;431.19;779.6000;10748.4000;10668.2500;9888.6500;99.1960;0.0035;0.0000;-779.6000;0.0000;6.8165;0.0000;-779.6000;0.0000;6.8165;1.0000;0.0000;0.0000;0.0000;0.0000
520;431.55;792.9500;10430.9000;10240.2000;9447.2500;98.0214;0.0087;0.0000;-792.9500;0.0000;6.8165;0.0000;-792.9500;0.0000;6.8165;1.0000;0.0000;0.0000;0.0000;0.0000
521;431.91;789.6000;10826.7500;10782.3500;9992.7500;99.5576;0.0019;0.0000;-789.6000;0.0000;6.8165;0.0000;-789.6000;0.0000;6.8165;1.0000;0.0000;0.0000;0.0000;0.0000
522;432.27;788.8000;11092.1500;11087.4500;10298.6500;99.9544;0.0002;0.0000;-788.8000;0.0000;6.8165;0.0000;-788.8000;0.0000;6.8165;1.0000;0.0000;0.0000;0.0000;0.0000
523;432.63;786.9000;10999.1000;10887.2000;10100.3000;98.9043;0.0048;0.0000;-786.9000;0.0000;6.8165;0.0000;-786.9000;0.0000;6.8165;1.0000;0.0000;0.0000;0.0000;0.0000
524;432.99;791.6500;11186.8500;11131.8500;10340.2000;99.4709;0.0023;0.0000;-791.6500;0.0000;6.8165;0.0000;-791.6500;0.0000;6.8165;1.0000;0.0000;0.0000;0.0000;0.0000
525;433.35;789.3500;11142.0500;11171.9000;10382.5500;100.2883;-0.0013;0.0000;-789.3500;0.0000;6.8165;0.0000;-789.3500;0.0000;6.8165;1.0000;0.0000;0.0000;0.0000;0.0000
526;433.71;799.2000;11345.5500;11175.6500;10376.4500;98.3890;0.0071;0.0000;-799.2000;0.0000;6.8165;0.0000;-799.2000;0.0000;6.8165;1.0000;0.0000;0.0000;0.0000;0.0000
527;434.07;780.0500;12001.3500;11760.0500;10980.0000;97.8496;0.0094;0.0000;-780.0500;0.0000;6.8165;0.0000;-780.0500;0.0000;6.8165;1.0000;0.0000;0.0000;0.0000;0.0000
528;434.43;784.4000;11855.2000;11625.1000;10840.7000;97.9216;0.0091;0.0000;-784.4000;0.0000;6.8165;0.0000;-784.4000;0.0000;6.8165;1.0000;0.0000;0.0000;0.0000;0.0000
529;434.79;790.6000;11900.1000;11718.7000;10928.1000;98.3672;0.0071;0.0000;-790.6000;0.0000;6.8165;0.0000;-790.6000;0.0000;6.8165;1.0000;0.0000;0.0000;0.0000;0.0000
530;435.15;780.7000;12268.6500;12049.9500;11269.2500;98.0963;0.0083;0.0000;-780.7000;0.0000;6.8165;0.0000;-780.7000;0.0000;6.8165;1.0000;0.0000;0.0000;0.0000;0.0000
531;435.51;784.4000;12439.7000;12222.9000;11438.5000;98.1399;0.0082;0.0000;-784.4000;0.0000;6.8165;0.0000;-784.4000;0.0000;6.8165;1.0000;0.0000;0.0000;0.0000;0.0000
532;435.87;791.1000;12531.7500;12362.2000;11571.1000;98.5559;0.0063;0.0000;-791.1000;0.0000;6.8165;0.0000;-791.1000;0.0000;6.8165;1.0000;0.0000;0.0000;0.0000;0.0000
533;436.23;781.6500;12899.7000;12733.4000;11951.7500;98.6277;0.0060;0.0000;-781.6500;0.0000;6.8165;0.0000;-781.6500;0.0000;6.8165;1.0000;0.0000;0.0000;0.0000;0.0000
534;436.59;792.6000;13292.5000;13017.5500;12224.9500;97.8004;0.0097;0.0000;-792.6000;0.0000;6.8165;0.0000;-792.6000;0.0000;6.8165;1.0000;0.0000;0.0000;0.0000;0.0000
535;436.94;780.1000;13551.7500;13189.1500;12409.0500;97.1609;0.0125;0.0000;-780.1000;0.0000;6.8165;0.0000;-780.1000;0.0000;6.8165;1.0000;0.0000;0.0000;0.0000;0.0000
536;437.30;783.1500;13595.1000;13347.4500;12564.3000;98.0670;0.0085;0.0000;-783.1500;0.0000;6.8165;0.0000;-783.1500;0.0000;6.8165;1.0000;0.0000;0.0000;0.0000;0.0000
537;437.66;784.4000;13459.7000;13213.0000;12428.6000;98.0537;0.0085;0.0000;-784.4000;0.0000;6.8165;0.0000;-784.4000;0.0000;6.8165;1.0000;0.0000;0.0000;0.0000;0.0000
538;438.02;783.9000;13997.4000;13647.0000;12863.1000;97.3482;0.0117;0.0000;-783.9000;0.0000;6.8165;0.0000;-783.9000;0.0000;6.8165;1.0000;0.0000;0.0000;0.0000;0.0000
539;438.38;781.9000;14330.1000;13942.2000;13160.3000;97.1369;0.0126;0.0000;-781.9000;0.0000;6.8165;0.0000;-781.9000;0.0000;6.8165;1.0000;0.0000;0.0000;0.0000;0.0000
540;438.74;789.6000;14281.1000;14017.7500;13228.1500;98.0480;0.0086;0.0000;-789.6000;0.0000;6.8165;0.0000;-789.6000;0.0000;6.8165;1.0000;0.0000;0.0000;0.0000;0.0000
541;439.10;788.7500;13975.3500;13786.5500;12997.8000;98.5682;0.0063;0.0000;-788.7500;0.0000;6.8165;0.0000;-788.7500;0.0000;6.8165;1.0000;0.0000;0.0000;0.0000;0.0000
542;439.46;789.1500;14402.6500;14094.8500;13305.7000;97.7390;0.0099;0.0000;-789.1500;0.0000;6.8165;0.0000;-789.1500;0.0000;6.8165;1.0000;0.0000;0.0000;0.0000;0.0000
543;439.81;787.2500;14484.9500;14186.0500;13398.8000;97.8179;0.0096;0.0000;-787.2500;0.0000;6.8165;0.0000;-787.2500;0.0000;6.8165;1.0000;0.0000;0.0000;0.0000;0.0000
544;440.17;792.5000;14070.9000;13911.3000;13118.8000;98.7980;0.0053;0.0000;-792.5000;0.0000;6.8165;0.0000;-792.5000;0.0000;6.8165;1.0000;0.0000;0.0000;0.0000;0.0000
545;440.53;781.2000;14457.1500;14348.8500;13567.6500;99.2081;0.0035;0.0000;-781.2000;0.0000;6.8165;0.0000;-781.2000;0.0000;6.8165;1.0000;0.0000;0.0000;0.0000;0.0000
546;440.89;778.7500;14616.3000;14303.3500;13524.6000;97.7384;0.0099;0.0000;-778.7500;0.0000;6.8165;0.0000;-778.7500;0.0000;6.8165;1.0000;0.0000;0.0000;0.0000;0.0000
547;441.25;785.1500;14713.7500;14234.1500;13449.0000;96.5567;0.0152;0.0000;-785.1500;0.0000;6.8165;0.0000;-785.1500;0.0000;6.8165;1.0000;0.0000;0.0000;0.0000;0.0000
548;441.60;792.1000;14689.3500;14332.9500;13540.8500;97.4355;0.0113;0.0000;-792.1000;0.0000;6.8165;0.0000;-792.1000;0.0000;6.8165;1.0000;0.0000;0.0000;0.0000;0.0000
549;441.96;794.7000;15206.9500;14713.8500;13919.1500;96.5786;0.0151;0.0000;-794.7000;0.0000;6.8165;0.0000;-794.7000;0.0000;6.8165;1.0000;0.0000;0.0000;0.0000;0.0000
550;442.32;780.6500;14996.6000;14452.3000;13671.6500;96.1712;0.0170;0.0000;-780.6500;0.0000;6.8165;0.0000;-780.6500;0.0000;6.8165;1.0000;0.0000;0.0000;0.0000;0.0000
551;442.68;802.3000;14663.2000;14284.7000;13482.4000;97.2693;0.0120;0.0000;-802.3000;0.0000;6.8165;0.0000;-802.3000;0.0000;6.8165;1.0000;0.0000;0.0000;0.0000;0.0000
552;443.03;781.6000;15631.0000;15144.0000;14362.4000;96.7204;0.0145;0.0000;-781.6000;0.0000;6.8165;0.0000;-781.6000;0.0000;6.8165;1.0000;0.0000;0.0000;0.0000;0.0000
553;443.39;790.9500;15147.2000;14640.0500;13849.1000;96.4674;0.0156;0.0000;-790.9500;0.0000;6.8165;0.0000;-790.9500;0.0000;6.8165;1.0000;0.0000;0.0000;0.0000;0.0000
554;443.75;803.1000;16213.4000;15694.7500;14891.6500;96.6344;0.0149;0.0000;-803.1000;0.0000;6.8165;0.0000;-803.1000;0.0000;6.8165;1.0000;0.0000;0.0000;0.0000;0.0000
555;444.11;791.2500;16070.7000;15637.7500;14846.5000;97.1665;0.0125;0.0000;-791.2500;0.0000;6.8165;0.0000;-791.2500;0.0000;6.8165;1.0000;0.0000;0.0000;0.0000;0.0000
556;444.46;801.3000;15856.5500;15378.0000;14576.7000;96.8214;0.0140;0.0000;-801.3000;0.0000;6.8165;0.0000;-801.3000;0.0000;6.8165;1.0000;0.0000;0.0000;0.0000;0.0000
557;444.82;791.4000;15968.9500;15481.3000;14689.9000;96.7870;0.0142;0.0000;-791.4000;0.0000;6.8165;0.0000;-791.4000;0.0000;6.8165;1.0000;0.0000;0.0000;0.0000;0.0000
558;445.18;800.9000;15914.0000;15469.8000;14668.9000;97.0608;0.0130;0.0000;-800.9000;0.0000;6.8165;0.0000;-800.9000;0.0000;6.8165;1.0000;0.0000;0.0000;0.0000;0.0000
559;445.53;790.6000;16124.6500;15735.7000;14945.1000;97.4635;0.0112;0.0000;-790.6000;0.0000;6.8165;0.0000;-790.6000;0.0000;6.8165;1.0000;0.0000;0.0000;0.0000;0.0000
560;445.89;805.5000;16398.9500;15918.4500;15112.9500;96.9186;0.0136;0.0000;-805.5000;0.0000;6.8165;0.0000;-805.5000;0.0000;6.8165;1.0000;0.0000;0.0000;0.0000;0.0000
561;446.25;796.6500;16888.8500;16386.7500;15590.1000;96.8799;0.0138;0.0000;-796.6500;0.0000;6.8165;0.0000;-796.6500;0.0000;6.8165;1.0000;0.0000;0.0000;0.0000;0.0000
562;446.60;790.5000;16435.4000;15925.4000;15134.9000;96.7402;0.0144;0.0000;-790.5000;0.0000;6.8165;0.0000;-790.5000;0.0000;6.8165;1.0000;0.0000;0.0000;0.0000;0.0000
563;446.96;793.3000;16603.0500;16045.3500;15252.0500;96.4724;0.0156;0.0000;-793.3000;0.0000;6.8165;0.0000;-793.3000;0.0000;6.8165;1.0000;0.0000;0.0000;0.0000;0.0000
564;447.32;799.2500;17004.4500;16348.0500;15548.8000;95.9494;0.0180;0.0000;-799.2500;0.0000;6.8165;0.0000;-799.2500;0.0000;6.8165;1.0000;0.0000;0.0000;0.0000;0.0000
565;447.67;778.8500;17501.9500;16773.2500;15994.4000;95.6426;0.0193;0.0000;-778.8500;0.0000;6.8165;0.0000;-778.8500;0.0000;6.8165;1.0000;0.0000;0.0000;0.0000;0.0000
566;448.03;789.0500;17424.4000;16582.3000;15793.2500;94.9379;0.0226;0.0000;-789.0500;0.0000;6.8165;0.0000;-789.0500;0.0000;6.8165;1.0000;0.0000;0.0000;0.0000;0.0000
567;448.38;782.1000;17616.7500;16708.4500;15926.3500;94.6046;0.0241;0.0000;-782.1000;0.0000;6.8165;0.0000;-782.1000;0.0000;6.8165;1.0000;0.0000;0.0000;0.0000;0.0000
568;448.74;789.6000;18450.5000;17382.9000;16593.3000;93.9550;0.0271;0.0000;-789.6000;0.0000;6.8165;0.0000;-789.6000;0.0000;6.8165;1.0000;0.0000;0.0000;0.0000;0.0000
569;449.10;793.3500;18072.9500;17072.4500;16279.1000;94.2099;0.0259;0.0000;-793.3500;0.0000;6.8165;0.0000;-793.3500;0.0000;6.8165;1.0000;0.0000;0.0000;0.0000;0.0000
570;449.45;787.5000;19159.8500;18173.2500;17385.7500;94.6300;0.0240;0.0000;-787.5000;0.0000;6.8165;0.0000;-787.5000;0.0000;6.8165;1.0000;0.0000;0.0000;0.0000;0.0000
571;449.81;791.6000;20450.9500;19400.2500;18608.6500;94.6555;0.0239;0.0000;-791.6000;0.0000;6.8165;0.0000;-791.6000;0.0000;6.8165;1.0000;0.0000;0.0000;0.0000;0.0000
572;450.16;786.0500;20991.5000;19911.3000;19125.2500;94.6539;0.0239;0.0000;-786.0500;0.0000;6.8165;0.0000;-786.0500;0.0000;6.8165;1.0000;0.0000;0.0000;0.0000;0.0000
573;450.52;799.3000;22259.9500;21238.5000;20439.2000;95.2404;0.0212;0.0000;-799.3000;0.0000;6.8165;0.0000;-799.3000;0.0000;6.8165;1.0000;0.0000;0.0000;0.0000;0.0000
574;450.87;794.2500;21223.5500;20508.5000;19714.2500;96.4999;0.0155;0.0000;-794.2500;0.0000;6.8165;0.0000;-794.2500;0.0000;6.8165;1.0000;0.0000;0.0000;0.0000;0.0000
575;451.23;776.4500;20437.6000;19642.4500;18866.0000;95.9557;0.0179;0.0000;-776.4500;0.0000;6.8165;0.0000;-776.4500;0.0000;6.8165;1.0000;0.0000;0.0000;0.0000;0.0000
576;451.59;804.9500;20602.4000;19618.0000;18813.0500;95.0276;0.0222;0.0000;-804.9500;0.0000;6.8165;0.0000;-804.9500;0.0000;6.8165;1.0000;0.0000;0.0000;0.0000;0.0000
577;451.94;787.6000;20173.7500;19285.0000;18497.4000;95.4155;0.0204;0.0000;-787.6000;0.0000;6.8165;0.0000;-787.6000;0.0000;6.8165;1.0000;0.0000;0.0000;0.0000;0.0000
578;452.30;793.9000;20919.0000;19763.0500;18969.1500;94.2562;0.0257;0.0000;-793.9000;0.0000;6.8165;0.0000;-793.9000;0.0000;6.8165;1.0000;0.0000;0.0000;0.0000;0.0000
579;452.65;798.6000;20981.5000;19538.2500;18739.6500;92.8491;0.0322;0.0000;-798.6000;0.0000;6.8165;0.0000;-798.6000;0.0000;6.8165;1.0000;0.0000;0.0000;0.0000;0.0000
580;453.01;805.0500;21367.1000;20152.0500;19347.0000;94.0908;0.0265;0.0000;-805.0500;0.0000;6.8165;0.0000;-805.0500;0.0000;6.8165;1.0000;0.0000;0.0000;0.0000;0.0000
581;453.36;788.3500;20869.7000;19733.1000;18944.7500;94.3400;0.0253;0.0000;-788.3500;0.0000;6.8165;0.0000;-788.3500;0.0000;6.8165;1.0000;0.0000;0.0000;0.0000;0.0000
582;453.71;797.5000;20159.2500;18818.1000;18020.6000;93.0732;0.0312;0.0000;-797.5000;0.0000;6.8165;0.0000;-797.5000;0.0000;6.8165;1.0000;0.0000;0.0000;0.0000;0.0000
583;454.07;801.9000;20497.8000;19127.0500;18325.1500;93.0404;0.0313;0.0000;-801.9000;0.0000;6.8165;0.0000;-801.9000;0.0000;6.8165;1.0000;0.0000;0.0000;0.0000;0.0000
584;454.42;796.4000;20391.2500;19034.0000;18237.6000;93.0734;0.0312;0.0000;-796.4000;0.0000;6.8165;0.0000;-796.4000;0.0000;6.8165;1.0000;0.0000;0.0000;0.0000;0.0000
585;454.78;797.4000;21345.3500;19701.1500;18903.7500;91.9982;0.0362;0.0000;-797.4000;0.0000;6.8165;0.0000;-797.4000;0.0000;6.8165;1.0000;0.0000;0.0000;0.0000;0.0000
586;455.13;798.0000;21159.9000;19442.5000;18644.5000;91.5656;0.0383;0.0000;-798.0000;0.0000;6.8165;0.0000;-798.0000;0.0000;6.8165;1.0000;0.0000;0.0000;0.0000;0.0000
587;455.49;799.5000;21928.3500;20181.3000;19381.8000;91.7314;0.0375;0.0000;-799.5000;0.0000;6.8165;0.0000;-799.5000;0.0000;6.8165;1.0000;0.0000;0.0000;0.0000;0.0000
588;455.84;799.3500;21084.1500;19449.1500;18649.8000;91.9398;0.0365;0.0000;-799.3500;0.0000;6.8165;0.0000;-799.3500;0.0000;6.8165;1.0000;0.0000;0.0000;0.0000;0.0000
589;456.19;804.4000;22126.5500;20376.7000;19572.3000;91.7933;0.0372;0.0000;-804.4000;0.0000;6.8165;0.0000;-804.4000;0.0000;6.8165;1.0000;0.0000;0.0000;0.0000;0.0000
590;456.55;790.1000;22632.7500;20851.5000;20061.4000;91.8451;0.0369;0.0000;-790.1000;0.0000;6.8165;0.0000;-790.1000;0.0000;6.8165;1.0000;0.0000;0.0000;0.0000;0.0000
591;456.90;794.6500;23042.7000;21216.0000;20421.3500;91.7894;0.0372;0.0000;-794.6500;0.0000;6.8165;0.0000;-794.6500;0.0000;6.8165;1.0000;0.0000;0.0000;0.0000;0.0000
592;457.26;787.6500;23484.9500;21567.8000;20780.1500;91.5534;0.0383;0.0000;-787.6500;0.0000;6.8165;0.0000;-787.6500;0.0000;6.8165;1.0000;0.0000;0.0000;0.0000;0.0000
593;457.61;782.8000;23383.7000;21334.6500;20551.8500;90.9338;0.0413;0.0000;-782.8000;0.0000;6.8165;0.0000;-782.8000;0.0000;6.8165;1.0000;0.0000;0.0000;0.0000;0.0000
594;457.96;792.1500;24014.4000;21740.1000;20947.9500;90.2064;0.0448;0.0000;-792.1500;0.0000;6.8165;0.0000;-792.1500;0.0000;6.8165;1.0000;0.0000;0.0000;0.0000;0.0000
595;458.32;780.5000;24874.3000;22652.7500;21872.2500;90.7796;0.0420;0.0000;-780.5000;0.0000;6.8165;0.0000;-780.5000;0.0000;6.8165;1.0000;0.0000;0.0000;0.0000;0.0000
596;458.67;786.9000;24375.8500;22052.2000;21265.3000;90.1494;0.0450;0.0000;-786.9000;0.0000;6.8165;0.0000;-786.9000;0.0000;6.8165;1.0000;0.0000;0.0000;0.0000;0.0000
597;459.02;795.5500;24847.8000;22380.6000;21585.0500;89.7423;0.0470;0.0000;-795.5500;0.0000;6.8165;0.0000;-795.5500;0.0000;6.8165;1.0000;0.0000;0.0000;0.0000;0.0000
598;459.38;781.9500;24811.5500;22485.0500;21703.1000;90.3182;0.0442;0.0000;-781.9500;0.0000;6.8165;0.0000;-781.9500;0.0000;6.8165;1.0000;0.0000;0.0000;0.0000;0.0000
599;459.73;784.0000;24785.4000;22366.3500;21582.3500;89.9212;0.0461;0.0000;-784.0000;0.0000;6.8165;0.0000;-784.0000;0.0000;6.8165;1.0000;0.0000;0.0000;0.0000;0.0000
600;460.08;772.3500;24593.9500;22114.2000;21341.8500;89.5903;0.0477;0.0000;-772.3500;0.0000;6.8165;0.0000;-772.3500;0.0000;6.8165;1.0000;0.0000;0.0000;0.0000;0.0000
601;460.44;778.1000;25258.2000;22523.7000;21745.6000;88.8297;0.0514;0.0000;-778.1000;0.0000;6.8165;0.0000;-778.1000;0.0000;6.8165;1.0000;0.0000;0.0000;0.0000;0.0000
602;460.79;776.7500;25088.7000;22340.1000;21563.3500;88.6944;0.0521;0.0000;-776.7500;0.0000;6.8165;0.0000;-776.7500;0.0000;6.8165;1.0000;0.0000;0.0000;0.0000;0.0000
603;461.14;782.9500;25855.8000;22952.7500;22169.8000;88.4215;0.0534;0.0000;-782.9500;0.0000;6.8165;0.0000;-782.9500;0.0000;6.8165;1.0000;0.0000;0.0000;0.0000;0.0000
604;461.49;786.6500;25791.2500;23150.9000;22364.2500;89.4405;0.0485;0.0000;-786.6500;0.0000;6.8165;0.0000;-786.6500;0.0000;6.8165;1.0000;0.0000;0.0000;0.0000;0.0000
605;461.85;781.6000;26285.9500;23456.4000;22674.8000;88.9056;0.0511;0.0000;-781.6000;0.0000;6.8165;0.0000;-781.6000;0.0000;6.8165;1.0000;0.0000;0.0000;0.0000;0.0000
606;462.20;786.7000;27192.9000;24044.0000;23257.3000;88.0751;0.0551;0.0000;-786.7000;0.0000;6.8165;0.0000;-786.7000;0.0000;6.8165;1.0000;0.0000;0.0000;0.0000;0.0000
607;462.55;785.6000;26589.1000;23280.8000;22495.2000;87.1789;0.0596;0.0000;-785.6000;0.0000;6.8165;0.0000;-785.6000;0.0000;6.8165;1.0000;0.0000;0.0000;0.0000;0.0000
608;462.90;783.3500;27797.1500;24475.1000;23691.7500;87.7024;0.0570;0.0000;-783.3500;0.0000;6.8165;0.0000;-783.3500;0.0000;6.8165;1.0000;0.0000;0.0000;0.0000;0.0000
609;463.26;780.9500;28777.3500;25335.2000;24554.2500;87.7050;0.0570;0.0000;-780.9500;0.0000;6.8165;0.0000;-780.9500;0.0000;6.8165;1.0000;0.0000;0.0000;0.0000;0.0000
610;463.61;787.0000;28237.9000;24784.7500;23997.7500;87.4206;0.0584;0.0000;-787.0000;0.0000;6.8165;0.0000;-787.0000;0.0000;6.8165;1.0000;0.0000;0.0000;0.0000;0.0000
611;463.96;797.2000;27889.8000;24814.8000;24017.6000;88.6500;0.0523;0.0000;-797.2000;0.0000;6.8165;0.0000;-797.2000;0.0000;6.8165;1.0000;0.0000;0.0000;0.0000;0.0000
612;464.31;807.0000;28358.0000;25144.6500;24337.6500;88.3367;0.0539;0.0000;-807.0000;0.0000;6.8165;0.0000;-807.0000;0.0000;6.8165;1.0000;0.0000;0.0000;0.0000;0.0000
613;464.66;797.2500;28112.1500;24679.7500;23882.5000;87.4340;0.0583;0.0000;-797.2500;0.0000;6.8165;0.0000;-797.2500;0.0000;6.8165;1.0000;0.0000;0.0000;0.0000;0.0000
614;465.02;789.4500;28121.1000;24453.5000;23664.0500;86.5811;0.0626;0.0000;-789.4500;0.0000;6.8165;0.0000;-789.4500;0.0000;6.8165;1.0000;0.0000;0.0000;0.0000;0.0000
615;465.37;793.6500;28931.7500;25013.7000;24220.0500;86.0756;0.0651;0.0000;-793.6500;0.0000;6.8165;0.0000;-793.6500;0.0000;6.8165;1.0000;0.0000;0.0000;0.0000;0.0000
616;465.72;786.1000;28748.7500;25052.7000;24266.6000;86.7822;0.0616;0.0000;-786.1000;0.0000;6.8165;0.0000;-786.1000;0.0000;6.8165;1.0000;0.0000;0.0000;0.0000;0.0000
617;466.07;794.3500;28190.4500;24372.5500;23578.2000;86.0641;0.0652;0.0000;-794.3500;0.0000;6.8165;0.0000;-794.3500;0.0000;6.8165;1.0000;0.0000;0.0000;0.0000;0.0000
618;466.42;784.5000;29325.1000;25355.8000;24571.3000;86.0924;0.0650;0.0000;-784.5000;0.0000;6.8165;0.0000;-784.5000;0.0000;6.8165;1.0000;0.0000;0.0000;0.0000;0.0000
619;466.77;783.9500;29390.4000;25291.9000;24507.9500;85.6728;0.0672;0.0000;-783.9500;0.0000;6.8165;0.0000;-783.9500;0.0000;6.8165;1.0000;0.0000;0.0000;0.0000;0.0000
620;467.12;773.1000;30296.1000;25783.6000;25010.5000;84.7153;0.0720;0.0000;-773.1000;0.0000;6.8165;0.0000;-773.1000;0.0000;6.8165;1.0000;0.0000;0.0000;0.0000;0.0000
621;467.48;794.3500;31832.4000;27033.8000;26239.4500;84.5396;0.0729;0.0000;-794.3500;0.0000;6.8165;0.0000;-794.3500;0.0000;6.8165;1.0000;0.0000;0.0000;0.0000;0.0000
622;467.83;781.9000;33537.3500;28747.9500;27966.0500;85.3783;0.0687;0.0000;-781.9000;0.0000;6.8165;0.0000;-781.9000;0.0000;6.8165;1.0000;0.0000;0.0000;0.0000;0.0000
623;468.18;793.1000;33581.5500;28722.8500;27929.7500;85.1817;0.0697;0.0000;-793.1000;0.0000;6.8165;0.0000;-793.1000;0.0000;6.8165;1.0000;0.0000;0.0000;0.0000;0.0000
624;468.53;777.7000;34227.1500;28857.5000;28079.8000;83.9470;0.0760;0.0000;-777.7000;0.0000;6.8165;0.0000;-777.7000;0.0000;6.8165;1.0000;0.0000;0.0000;0.0000;0.0000
625;468.88;769.5000;33317.8500;28131.5500;27362.0500;84.0659;0.0754;0.0000;-769.5000;0.0000;6.8165;0.0000;-769.5000;0.0000;6.8165;1.0000;0.0000;0.0000;0.0000;0.0000
626;469.23;784.5500;33330.6500;28110.2500;27325.7000;83.9600;0.0759;0.0000;-784.5500;0.0000;6.8165;0.0000;-784.5500;0.0000;6.8165;1.0000;0.0000;0.0000;0.0000;0.0000
627;469.58;788.1000;33501.0000;27962.0000;27173.9000;83.0678;0.0806;0.0000;-788.1000;0.0000;6.8165;0.0000;-788.1000;0.0000;6.8165;1.0000;0.0000;0.0000;0.0000;0.0000
628;469.93;777.8000;33051.9000;27329.5500;26551.7500;82.2695;0.0848;0.0000;-777.8000;0.0000;6.8165;0.0000;-777.8000;0.0000;6.8165;1.0000;0.0000;0.0000;0.0000;0.0000
629;470.28;792.0000;32997.2000;27095.5000;26303.5000;81.6747;0.0879;0.0000;-792.0000;0.0000;6.8165;0.0000;-792.0000;0.0000;6.8165;1.0000;0.0000;0.0000;0.0000;0.0000
630;470.63;780.6000;32537.5000;26547.9000;25767.3000;81.1392;0.0908;0.0000;-780.6000;0.0000;6.8165;0.0000;-780.6000;0.0000;6.8165;1.0000;0.0000;0.0000;0.0000;0.0000
631;470.98;790.1500;32453.8500;26561.8500;25771.7000;81.3919;0.0894;0.0000;-790.1500;0.0000;6.8165;0.0000;-790.1500;0.0000;6.8165;1.0000;0.0000;0.0000;0.0000;0.0000
632;471.33;800.2000;31731.4000;25630.3000;24830.1000;80.2753;0.0954;0.0000;-800.2000;0.0000;6.8165;0.0000;-800.2000;0.0000;6.8165;1.0000;0.0000;0.0000;0.0000;0.0000
633;471.68;791.1500;32259.2000;25853.0000;25061.8500;79.6422;0.0989;0.0000;-791.1500;0.0000;6.8165;0.0000;-791.1500;0.0000;6.8165;1.0000;0.0000;0.0000;0.0000;0.0000
634;472.03;779.6000;31622.5000;25293.2000;24513.6000;79.4789;0.0997;0.0000;-779.6000;0.0000;6.8165;0.0000;-779.6000;0.0000;6.8165;1.0000;0.0000;0.0000;0.0000;0.0000
635;472.38;795.6000;31195.6000;24890.9000;24095.3000;79.2609;0.1009;0.0000;-795.6000;0.0000;6.8165;0.0000;-795.6000;0.0000;6.8165;1.0000;0.0000;0.0000;0.0000;0.0000
636;472.73;787.6500;32501.0500;26006.1500;25218.5000;79.5200;0.0995;0.0000;-787.6500;0.0000;6.8165;0.0000;-787.6500;0.0000;6.8165;1.0000;0.0000;0.0000;0.0000;0.0000
637;473.08;785.9500;34298.6000;27051.6500;26265.7000;78.3755;0.1058;0.0000;-785.9500;0.0000;6.8165;0.0000;-785.9500;0.0000;6.8165;1.0000;0.0000;0.0000;0.0000;0.0000
638;473.43;779.3500;36246.1500;28398.7500;27619.4000;77.8740;0.1086;0.0000;-779.3500;0.0000;6.8165;0.0000;-779.3500;0.0000;6.8165;1.0000;0.0000;0.0000;0.0000;0.0000
639;473.78;789.4500;37886.2000;29827.2500;29037.8000;78.2759;0.1064;0.0000;-789.4500;0.0000;6.8165;0.0000;-789.4500;0.0000;6.8165;1.0000;0.0000;0.0000;0.0000;0.0000
640;474.13;785.9000;36619.0500;29537.0500;28751.1500;80.2362;0.0956;0.0000;-785.9000;0.0000;6.8165;0.0000;-785.9000;0.0000;6.8165;1.0000;0.0000;0.0000;0.0000;0.0000
641;474.48;792.7500;35499.2000;28340.0500;27547.3000;79.3723;0.1003;0.0000;-792.7500;0.0000;6.8165;0.0000;-792.7500;0.0000;6.8165;1.0000;0.0000;0.0000;0.0000;0.0000
642;474.83;784.7500;32801.7500;25827.4000;25042.6500;78.2167;0.1067;0.0000;-784.7500;0.0000;6.8165;0.0000;-784.7500;0.0000;6.8165;1.0000;0.0000;0.0000;0.0000;0.0000
643;475.18;786.8000;32349.0500;25360.0500;24573.2500;77.8565;0.1087;0.0000;-786.8000;0.0000;6.8165;0.0000;-786.8000;0.0000;6.8165;1.0000;0.0000;0.0000;0.0000;0.0000
644;475.52;782.5500;31983.4500;24943.1000;24160.5500;77.4354;0.1111;0.0000;-782.5500;0.0000;6.8165;0.0000;-782.5500;0.0000;6.8165;1.0000;0.0000;0.0000;0.0000;0.0000
645;475.87;793.9000;32007.8000;24592.6000;23798.7000;76.2439;0.1178;0.0000;-793.9000;0.0000;6.8165;0.0000;-793.9000;0.0000;6.8165;1.0000;0.0000;0.0000;0.0000;0.0000
646;476.22;798.7500;31846.6500;24045.1000;23246.3500;74.8725;0.1257;0.0000;-798.7500;0.0000;6.8165;0.0000;-798.7500;0.0000;6.8165;1.0000;0.0000;0.0000;0.0000;0.0000
647;476.57;781.3000;31570.7500;23823.8500;23042.5500;74.8391;0.1259;0.0000;-781.3000;0.0000;6.8165;0.0000;-781.3000;0.0000;6.8165;1.0000;0.0000;0.0000;0.0000;0.0000
648;476.92;781.9500;31101.9500;23388.4000;22606.4500;74.5595;0.1275;0.0000;-781.9500;0.0000;6.8165;0.0000;-781.9500;0.0000;6.8165;1.0000;0.0000;0.0000;0.0000;0.0000
649;477.27;794.9500;31403.5500;23453.3500;22658.4000;74.0263;0.1306;0.0000;-794.9500;0.0000;6.8165;0.0000;-794.9500;0.0000;6.8165;1.0000;0.0000;0.0000;0.0000;0.0000
650;477.62;785.9000;32125.2000;23771.9500;22986.0500;73.3458;0.1346;0.0000;-785.9000;0.0000;6.8165;0.0000;-785.9000;0.0000;6.8165;1.0000;0.0000;0.0000;0.0000;0.0000
651;477.96;803.0500;31679.8000;23564.3500;22761.3000;73.7166;0.1324;0.0000;-803.0500;0.0000;6.8165;0.0000;-803.0500;0.0000;6.8165;1.0000;0.0000;0.0000;0.0000;0.0000
652;478.31;791.1500;32004.3500;23520.8500;22729.7000;72.8208;0.1377;0.0000;-791.1500;0.0000;6.8165;0.0000;-791.1500;0.0000;6.8165;1.0000;0.0000;0.0000;0.0000;0.0000
653;478.66;784.2000;32535.4500;23769.4000;22985.2000;72.3915;0.1403;0.0000;-784.2000;0.0000;6.8165;0.0000;-784.2000;0.0000;6.8165;1.0000;0.0000;0.0000;0.0000;0.0000
654;479.01;786.9500;33162.7500;24044.2500;23257.3000;71.8354;0.1437;0.0000;-786.9500;0.0000;6.8165;0.0000;-786.9500;0.0000;6.8165;1.0000;0.0000;0.0000;0.0000;0.0000
655;479.36;768.5500;33024.4500;24137.3000;23368.7500;72.4480;0.1400;0.0000;-768.5500;0.0000;6.8165;0.0000;-768.5500;0.0000;6.8165;1.0000;0.0000;0.0000;0.0000;0.0000
656;479.70;782.1000;33319.8000;24410.1500;23628.0500;72.6175;0.1390;0.0000;-782.1000;0.0000;6.8165;0.0000;-782.1000;0.0000;6.8165;1.0000;0.0000;0.0000;0.0000;0.0000
657;480.05;780.1500;33758.1500;24375.5000;23595.3500;71.5488;0.1454;0.0000;-780.1500;0.0000;6.8165;0.0000;-780.1500;0.0000;6.8165;1.0000;0.0000;0.0000;0.0000;0.0000
658;480.40;790.9000;34953.1000;25089.7500;24298.8500;71.1279;0.1480;0.0000;-790.9000;0.0000;6.8165;0.0000;-790.9000;0.0000;6.8165;1.0000;0.0000;0.0000;0.0000;0.0000
659;480.75;794.0500;35642.2000;25274.1500;24480.1000;70.2479;0.1534;0.0000;-794.0500;0.0000;6.8165;0.0000;-794.0500;0.0000;6.8165;1.0000;0.0000;0.0000;0.0000;0.0000
660;481.09;784.6500;36707.8000;25947.8000;25163.1500;70.0472;0.1546;0.0000;-784.6500;0.0000;6.8165;0.0000;-784.6500;0.0000;6.8165;1.0000;0.0000;0.0000;0.0000;0.0000
661;481.44;790.1000;37086.7500;26351.7500;25561.6500;70.4243;0.1523;0.0000;-790.1000;0.0000;6.8165;0.0000;-790.1000;0.0000;6.8165;1.0000;0.0000;0.0000;0.0000;0.0000
662;481.79;769.1000;37600.4500;26719.1000;25950.0000;70.4563;0.1521;0.0000;-769.1000;0.0000;6.8165;0.0000;-769.1000;0.0000;6.8165;1.0000;0.0000;0.0000;0.0000;0.0000
663;482.14;796.6000;38088.2000;26637.7000;25841.1000;69.2947;0.1593;0.0000;-796.6000;0.0000;6.8165;0.0000;-796.6000;0.0000;6.8165;1.0000;0.0000;0.0000;0.0000;0.0000
664;482.48;789.6500;38488.0000;26732.1000;25942.4500;68.8159;0.1623;0.0000;-789.6500;0.0000;6.8165;0.0000;-789.6500;0.0000;6.8165;1.0000;0.0000;0.0000;0.0000;0.0000
665;482.83;777.7000;38457.3500;26912.5000;26134.8000;69.3605;0.1589;0.0000;-777.7000;0.0000;6.8165;0.0000;-777.7000;0.0000;6.8165;1.0000;0.0000;0.0000;0.0000;0.0000
666;483.18;771.9000;38747.0000;26727.2500;25955.3500;68.3483;0.1653;0.0000;-771.9000;0.0000;6.8165;0.0000;-771.9000;0.0000;6.8165;1.0000;0.0000;0.0000;0.0000;0.0000
667;483.52;796.1000;39450.4500;26811.0000;26014.9000;67.3014;0.1720;0.0000;-796.1000;0.0000;6.8165;0.0000;-796.1000;0.0000;6.8165;1.0000;0.0000;0.0000;0.0000;0.0000
668;483.87;773.4500;39274.9500;26651.6000;25878.1500;67.2134;0.1725;0.0000;-773.4500;0.0000;6.8165;0.0000;-773.4500;0.0000;6.8165;1.0000;0.0000;0.0000;0.0000;0.0000
669;484.22;783.4500;39356.0500;26707.8500;25924.4000;67.2094;0.1726;0.0000;-783.4500;0.0000;6.8165;0.0000;-783.4500;0.0000;6.8165;1.0000;0.0000;0.0000;0.0000;0.0000
670;484.56;789.9500;39532.5500;26912.8500;26122.9000;67.4268;0.1712;0.0000;-789.9500;0.0000;6.8165;0.0000;-789.9500;0.0000;6.8165;1.0000;0.0000;0.0000;0.0000;0.0000
671;484.91;783.3000;39500.5500;26709.1000;25925.8000;66.9619;0.1742;0.0000;-783.3000;0.0000;6.8165;0.0000;-783.3000;0.0000;6.8165;1.0000;0.0000;0.0000;0.0000;0.0000
672;485.26;790.0500;39397.6500;26406.6000;25616.5500;66.3511;0.1782;0.0000;-790.0500;0.0000;6.8165;0.0000;-790.0500;0.0000;6.8165;1.0000;0.0000;0.0000;0.0000;0.0000
673;485.60;785.5000;38785.4500;26038.2000;25252.7000;66.4546;0.1775;0.0000;-785.5000;0.0000;6.8165;0.0000;-785.5000;0.0000;6.8165;1.0000;0.0000;0.0000;0.0000;0.0000
674;485.95;790.5000;38473.9000;25580.6000;24790.1000;65.7852;0.1819;0.0000;-790.5000;0.0000;6.8165;0.0000;-790.5000;0.0000;6.8165;1.0000;0.0000;0.0000;0.0000;0.0000
675;486.30;792.7500;38236.7000;25255.0500;24462.3000;65.3304;0.1849;0.0000;-792.7500;0.0000;6.8165;0.0000;-792.7500;0.0000;6.8165;1.0000;0.0000;0.0000;0.0000;0.0000
676;486.64;785.8500;38527.6500;25504.4000;24718.5500;65.4938;0.1838;0.0000;-785.8500;0.0000;6.8165;0.0000;-785.8500;0.0000;6.8165;1.0000;0.0000;0.0000;0.0000;0.0000
677;486.99;788.1500;38367.9500;25209.8000;24421.6500;64.9861;0.1872;0.0000;-788.1500;0.0000;6.8165;0.0000;-788.1500;0.0000;6.8165;1.0000;0.0000;0.0000;0.0000;0.0000
678;487.33;797.8500;38603.0000;25016.4500;24218.6000;64.0616;0.1934;0.0000;-797.8500;0.0000;6.8165;0.0000;-797.8500;0.0000;6.8165;1.0000;0.0000;0.0000;0.0000;0.0000
679;487.68;785.4500;38439.7000;24699.5500;23914.1000;63.5097;0.1972;0.0000;-785.4500;0.0000;6.8165;0.0000;-785.4500;0.0000;6.8165;1.0000;0.0000;0.0000;0.0000;0.0000
680;488.02;804.6500;38962.6500;24672.8000;23868.1500;62.5508;0.2038;0.0000;-804.6500;0.0000;6.8165;0.0000;-804.6500;0.0000;6.8165;1.0000;0.0000;0.0000;0.0000;0.0000
681;488.37;791.1500;39147.5000;24635.6000;23844.4500;62.1656;0.2064;0.0000;-791.1500;0.0000;6.8165;0.0000;-791.1500;0.0000;6.8165;1.0000;0.0000;0.0000;0.0000;0.0000
682;488.72;794.6500;39566.9000;24695.9000;23901.2500;61.6452;0.2101;0.0000;-794.6500;0.0000;6.8165;0.0000;-794.6500;0.0000;6.8165;1.0000;0.0000;0.0000;0.0000;0.0000
683;489.06;798.0500;39279.3000;24847.6000;24049.5500;62.4968;0.2041;0.0000;-798.0500;0.0000;6.8165;0.0000;-798.0500;0.0000;6.8165;1.0000;0.0000;0.0000;0.0000;0.0000
684;489.41;784.2000;39448.5500;24914.9500;24130.7500;62.4109;0.2047;0.0000;-784.2000;0.0000;6.8165;0.0000;-784.2000;0.0000;6.8165;1.0000;0.0000;0.0000;0.0000;0.0000
685;489.75;793.3500;39411.1000;24637.1500;23843.8000;61.7431;0.2094;0.0000;-793.3500;0.0000;6.8165;0.0000;-793.3500;0.0000;6.8165;1.0000;0.0000;0.0000;0.0000;0.0000
686;490.10;790.9500;39512.9500;24722.4000;23931.4500;61.8032;0.2090;0.0000;-790.9500;0.0000;6.8165;0.0000;-790.9500;0.0000;6.8165;1.0000;0.0000;0.0000;0.0000;0.0000
687;490.44;784.4000;39863.1500;24613.4000;23829.0000;60.9769;0.2148;0.0000;-784.4000;0.0000;6.8165;0.0000;-784.4000;0.0000;6.8165;1.0000;0.0000;0.0000;0.0000;0.0000
688;490.79;790.4500;40515.7500;24844.8500;24054.4000;60.5518;0.2179;0.0000;-790.4500;0.0000;6.8165;0.0000;-790.4500;0.0000;6.8165;1.0000;0.0000;0.0000;0.0000;0.0000
689;491.13;794.7500;40434.5000;24733.7000;23938.9500;60.3913;0.2190;0.0000;-794.7500;0.0000;6.8165;0.0000;-794.7500;0.0000;6.8165;1.0000;0.0000;0.0000;0.0000;0.0000
690;491.48;775.9500;41256.9500;25091.2500;24315.3000;60.0660;0.2214;0.0000;-775.9500;0.0000;6.8165;0.0000;-775.9500;0.0000;6.8165;1.0000;0.0000;0.0000;0.0000;0.0000
691;491.82;780.2500;42780.4000;25803.8500;25023.6000;59.5798;0.2249;0.0000;-780.2500;0.0000;6.8165;0.0000;-780.2500;0.0000;6.8165;1.0000;0.0000;0.0000;0.0000;0.0000
692;492.16;787.9500;44018.2000;26170.6500;25382.7000;58.7151;0.2312;0.0000;-787.9500;0.0000;6.8165;0.0000;-787.9500;0.0000;6.8165;1.0000;0.0000;0.0000;0.0000;0.0000
693;492.51;781.2500;44460.6500;26482.7000;25701.4500;58.8411;0.2303;0.0000;-781.2500;0.0000;6.8165;0.0000;-781.2500;0.0000;6.8165;1.0000;0.0000;0.0000;0.0000;0.0000
694;492.85;781.5000;44293.3500;26349.3500;25567.8500;58.7607;0.2309;0.0000;-781.5000;0.0000;6.8165;0.0000;-781.5000;0.0000;6.8165;1.0000;0.0000;0.0000;0.0000;0.0000
695;493.20;777.0500;43898.2500;25991.4500;25214.4000;58.4733;0.2330;0.0000;-777.0500;0.0000;6.8165;0.0000;-777.0500;0.0000;6.8165;1.0000;0.0000;0.0000;0.0000;0.0000
696;493.54;782.0500;44383.3500;25981.3000;25199.2500;57.7947;0.2381;0.0000;-782.0500;0.0000;6.8165;0.0000;-782.0500;0.0000;6.8165;1.0000;0.0000;0.0000;0.0000;0.0000
697;493.89;776.0000;43851.8000;25513.6500;24737.6500;57.4282;0.2409;0.0000;-776.0000;0.0000;6.8165;0.0000;-776.0000;0.0000;6.8165;1.0000;0.0000;0.0000;0.0000;0.0000
698;494.23;784.9000;43494.1000;25216.1000;24431.2000;57.2036;0.2426;0.0000;-784.9000;0.0000;6.8165;0.0000;-784.9000;0.0000;6.8165;1.0000;0.0000;0.0000;0.0000;0.0000
699;494.57;801.2000;42652.9000;24677.7500;23876.5500;57.0504;0.2437;0.0000;-801.2000;0.0000;6.8165;0.0000;-801.2000;0.0000;6.8165;1.0000;0.0000;0.0000;0.0000;0.0000
700;494.92;802.9500;43168.0000;24609.6000;23806.6500;56.1941;0.2503;0.0000;-802.9500;0.0000;6.8165;0.0000;-802.9500;0.0000;6.8165;1.0000;0.0000;0.0000;0.0000;0.0000
701;495.26;784.1000;42649.7000;24291.4500;23507.3500;56.1496;0.2507;0.0000;-784.1000;0.0000;6.8165;0.0000;-784.1000;0.0000;6.8165;1.0000;0.0000;0.0000;0.0000;0.0000
702;495.60;785.2000;42068.2000;24081.6500;23296.4500;56.4311;0.2485;0.0000;-785.2000;0.0000;6.8165;0.0000;-785.2000;0.0000;6.8165;1.0000;0.0000;0.0000;0.0000;0.0000
703;495.95;798.8000;41949.3500;23785.7500;22986.9500;55.8606;0.2529;0.0000;-798.8000;0.0000;6.8165;0.0000;-798.8000;0.0000;6.8165;1.0000;0.0000;0.0000;0.0000;0.0000
704;496.29;795.9000;41880.7000;23737.0000;22941.1000;55.8384;0.2531;0.0000;-795.9000;0.0000;6.8165;0.0000;-795.9000;0.0000;6.8165;1.0000;0.0000;0.0000;0.0000;0.0000
705;496.63;801.5500;41824.1000;23486.1000;22684.5500;55.2978;0.2573;0.0000;-801.5500;0.0000;6.8165;0.0000;-801.5500;0.0000;6.8165;1.0000;0.0000;0.0000;0.0000;0.0000
706;496.98;794.4000;41645.5500;22995.8000;22201.4000;54.3471;0.2648;0.0000;-794.4000;0.0000;6.8165;0.0000;-794.4000;0.0000;6.8165;1.0000;0.0000;0.0000;0.0000;0.0000
707;497.32;797.8000;41862.1500;23018.6000;22220.8000;54.1121;0.2667;0.0000;-797.8000;0.0000;6.8165;0.0000;-797.8000;0.0000;6.8165;1.0000;0.0000;0.0000;0.0000;0.0000
708;497.66;780.1000;41301.9000;22917.0000;22136.9000;54.6296;0.2626;0.0000;-780.1000;0.0000;6.8165;0.0000;-780.1000;0.0000;6.8165;1.0000;0.0000;0.0000;0.0000;0.0000
709;498.01;793.5500;41088.3500;22773.3000;21979.7500;54.5474;0.2632;0.0000;-793.5500;0.0000;6.8165;0.0000;-793.5500;0.0000;6.8165;1.0000;0.0000;0.0000;0.0000;0.0000
710;498.35;782.5500;41637.3500;22687.8000;21905.2500;53.6173;0.2707;0.0000;-782.5500;0.0000;6.8165;0.0000;-782.5500;0.0000;6.8165;1.0000;0.0000;0.0000;0.0000;0.0000
711;498.69;795.4000;41575.8000;22652.2500;21856.8500;53.5965;0.2709;0.0000;-795.4000;0.0000;6.8165;0.0000;-795.4000;0.0000;6.8165;1.0000;0.0000;0.0000;0.0000;0.0000
712;499.03;794.3000;41389.8000;22482.7500;21688.4500;53.4257;0.2722;0.0000;-794.3000;0.0000;6.8165;0.0000;-794.3000;0.0000;6.8165;1.0000;0.0000;0.0000;0.0000;0.0000
713;499.38;794.7000;41230.9000;22213.0000;21418.3000;52.9681;0.2760;0.0000;-794.7000;0.0000;6.8165;0.0000;-794.7000;0.0000;6.8165;1.0000;0.0000;0.0000;0.0000;0.0000
714;499.72;805.4000;41491.1000;22235.5500;21430.1500;52.6724;0.2784;0.0000;-805.4000;0.0000;6.8165;0.0000;-805.4000;0.0000;6.8165;1.0000;0.0000;0.0000;0.0000;0.0000
715;500.06;786.4000;41380.7500;22207.5500;21421.1500;52.7688;0.2776;0.0000;-786.4000;0.0000;6.8165;0.0000;-786.4000;0.0000;6.8165;1.0000;0.0000;0.0000;0.0000;0.0000
716;500.40;782.9500;41236.1500;21884.4500;21101.5000;52.1627;0.2826;0.0000;-782.9500;0.0000;6.8165;0.0000;-782.9500;0.0000;6.8165;1.0000;0.0000;0.0000;0.0000;0.0000
717;500.75;777.2500;41249.3000;21839.6500;21062.4000;52.0418;0.2836;0.0000;-777.2500;0.0000;6.8165;0.0000;-777.2500;0.0000;6.8165;1.0000;0.0000;0.0000;0.0000;0.0000
718;501.09;806.3000;41126.2000;21701.6500;20895.3500;51.8239;0.2855;0.0000;-806.3000;0.0000;6.8165;0.0000;-806.3000;0.0000;6.8165;1.0000;0.0000;0.0000;0.0000;0.0000
719;501.43;777.7000;41078.5000;21528.2000;20750.5000;51.4891;0.2883;0.0000;-777.7000;0.0000;6.8165;0.0000;-777.7000;0.0000;6.8165;1.0000;0.0000;0.0000;0.0000;0.0000
720;501.77;786.9500;41269.9500;21618.9000;20831.9500;51.4585;0.2885;0.0000;-786.9500;0.0000;6.8165;0.0000;-786.9500;0.0000;6.8165;1.0000;0.0000;0.0000;0.0000;0.0000
721;502.11;800.8500;41448.3500;21445.3500;20644.5000;50.7891;0.2942;0.0000;-800.8500;0.0000;6.8165;0.0000;-800.8500;0.0000;6.8165;1.0000;0.0000;0.0000;0.0000;0.0000
722;502.46;782.5000;41511.1500;21048.3500;20265.8500;49.7582;0.3031;0.0000;-782.5000;0.0000;6.8165;0.0000;-782.5000;0.0000;6.8165;1.0000;0.0000;0.0000;0.0000;0.0000
723;502.80;788.0000;41294.5500;21000.5000;20212.5000;49.8993;0.3019;0.0000;-788.0000;0.0000;6.8165;0.0000;-788.0000;0.0000;6.8165;1.0000;0.0000;0.0000;0.0000;0.0000
724;503.14;776.4000;41388.6500;20779.2500;20002.8500;49.2532;0.3076;0.0000;-776.4000;0.0000;6.8165;0.0000;-776.4000;0.0000;6.8165;1.0000;0.0000;0.0000;0.0000;0.0000
725;503.48;774.4000;41717.7500;20673.6500;19899.2500;48.6019;0.3133;0.0000;-774.4000;0.0000;6.8165;0.0000;-774.4000;0.0000;6.8165;1.0000;0.0000;0.0000;0.0000;0.0000
726;503.82;788.7500;42019.4500;20612.6500;19823.9000;48.0804;0.3180;0.0000;-788.7500;0.0000;6.8165;0.0000;-788.7500;0.0000;6.8165;1.0000;0.0000;0.0000;0.0000;0.0000
727;504.16;781.3500;42147.0000;20724.0500;19942.7000;48.2108;0.3169;0.0000;-781.3500;0.0000;6.8165;0.0000;-781.3500;0.0000;6.8165;1.0000;0.0000;0.0000;0.0000;0.0000
728;504.50;801.1500;42280.6500;20722.1000;19920.9500;48.0260;0.3185;0.0000;-801.1500;0.0000;6.8165;0.0000;-801.1500;0.0000;6.8165;1.0000;0.0000;0.0000;0.0000;0.0000
729;504.84;788.1000;42475.8000;20710.1000;19922.0000;47.7887;0.3207;0.0000;-788.1000;0.0000;6.8165;0.0000;-788.1000;0.0000;6.8165;1.0000;0.0000;0.0000;0.0000;0.0000
730;505.19;786.9500;41678.0500;20658.3500;19871.4000;48.5959;0.3134;0.0000;-786.9500;0.0000;6.8165;0.0000;-786.9500;0.0000;6.8165;1.0000;0.0000;0.0000;0.0000;0.0000
731;505.53;791.6500;41121.0500;20316.3000;19524.6500;48.4129;0.3150;0.0000;-791.6500;0.0000;6.8165;0.0000;-791.6500;0.0000;6.8165;1.0000;0.0000;0.0000;0.0000;0.0000
732;505.87;784.7000;41707.2500;20301.9500;19517.2500;47.6931;0.3215;0.0000;-784.7000;0.0000;6.8165;0.0000;-784.7000;0.0000;6.8165;1.0000;0.0000;0.0000;0.0000;0.0000
733;506.21;791.7500;42060.4000;19934.8500;19143.1000;46.3865;0.3336;0.0000;-791.7500;0.0000;6.8165;0.0000;-791.7500;0.0000;6.8165;1.0000;0.0000;0.0000;0.0000;0.0000
734;506.55;802.9500;42073.4500;19622.8000;18819.8500;45.6012;0.3410;0.0000;-802.9500;0.0000;6.8165;0.0000;-802.9500;0.0000;6.8165;1.0000;0.0000;0.0000;0.0000;0.0000
735;506.89;807.2500;41981.2500;19584.3500;18777.1000;45.6043;0.3410;0.0000;-807.2500;0.0000;6.8165;0.0000;-807.2500;0.0000;6.8165;1.0000;0.0000;0.0000;0.0000;0.0000
736;507.23;792.7000;42080.0500;19594.9000;18802.2000;45.5399;0.3416;0.0000;-792.7000;0.0000;6.8165;0.0000;-792.7000;0.0000;6.8165;1.0000;0.0000;0.0000;0.0000;0.0000
737;507.57;778.0000;42342.9000;19434.1000;18656.1000;44.8843;0.3479;0.0000;-778.0000;0.0000;6.8165;0.0000;-778.0000;0.0000;6.8165;1.0000;0.0000;0.0000;0.0000;0.0000
738;507.91;788.3000;42532.5000;19561.3000;18773.0000;44.9715;0.3471;0.0000;-788.3000;0.0000;6.8165;0.0000;-788.3000;0.0000;6.8165;1.0000;0.0000;0.0000;0.0000;0.0000
739;508.25;781.5000;42778.8000;19439.1000;18657.6000;44.4257;0.3524;0.0000;-781.5000;0.0000;6.8165;0.0000;-781.5000;0.0000;6.8165;1.0000;0.0000;0.0000;0.0000;0.0000
740;508.59;796.4000;42696.1000;19198.0500;18401.6500;43.9183;0.3574;0.0000;-796.4000;0.0000;6.8165;0.0000;-796.4000;0.0000;6.8165;1.0000;0.0000;0.0000;0.0000;0.0000
741;508.93;794.0000;42611.6000;19109.6000;18315.6000;43.7988;0.3585;0.0000;-794.0000;0.0000;6.8165;0.0000;-794.0000;0.0000;6.8165;1.0000;0.0000;0.0000;0.0000;0.0000
742;509.27;791.9000;42149.6000;18970.7500;18178.8500;43.9552;0.3570;0.0000;-791.9000;0.0000;6.8165;0.0000;-791.9000;0.0000;6.8165;1.0000;0.0000;0.0000;0.0000;0.0000
743;509.61;779.8000;42160.2000;18883.0000;18103.2000;43.7482;0.3590;0.0000;-779.8000;0.0000;6.8165;0.0000;-779.8000;0.0000;6.8165;1.0000;0.0000;0.0000;0.0000;0.0000
744;509.95;799.3000;42701.1500;18789.5000;17990.2000;42.9341;0.3672;0.0000;-799.3000;0.0000;6.8165;0.0000;-799.3000;0.0000;6.8165;1.0000;0.0000;0.0000;0.0000;0.0000
745;510.29;793.6000;42866.4500;18565.4500;17771.8500;42.2407;0.3743;0.0000;-793.6000;0.0000;6.8165;0.0000;-793.6000;0.0000;6.8165;1.0000;0.0000;0.0000;0.0000;0.0000
746;510.63;782.2500;43015.2000;18450.8000;17668.5500;41.8359;0.3785;0.0000;-782.2500;0.0000;6.8165;0.0000;-782.2500;0.0000;6.8165;1.0000;0.0000;0.0000;0.0000;0.0000
747;510.97;780.6500;42633.2500;18562.7000;17782.0500;42.4873;0.3717;0.0000;-780.6500;0.0000;6.8165;0.0000;-780.6500;0.0000;6.8165;1.0000;0.0000;0.0000;0.0000;0.0000
748;511.31;800.3500;42211.3000;18382.6500;17582.3000;42.4581;0.3720;0.0000;-800.3500;0.0000;6.8165;0.0000;-800.3500;0.0000;6.8165;1.0000;0.0000;0.0000;0.0000;0.0000
749;511.65;801.6500;42336.6500;18399.6500;17598.0000;42.3691;0.3730;0.0000;-801.6500;0.0000;6.8165;0.0000;-801.6500;0.0000;6.8165;1.0000;0.0000;0.0000;0.0000;0.0000
750;511.98;790.8000;43001.9500;18343.4500;17552.6500;41.5830;0.3811;0.0000;-790.8000;0.0000;6.8165;0.0000;-790.8000;0.0000;6.8165;1.0000;0.0000;0.0000;0.0000;0.0000
751;512.32;796.8500;43212.2000;18295.5000;17498.6500;41.2555;0.3845;0.0000;-796.8500;0.0000;6.8165;0.0000;-796.8500;0.0000;6.8165;1.0000;0.0000;0.0000;0.0000;0.0000
752;512.66;796.6500;42746.3000;18219.3000;17422.6500;41.5323;0.3816;0.0000;-796.6500;0.0000;6.8165;0.0000;-796.6500;0.0000;6.8165;1.0000;0.0000;0.0000;0.0000;0.0000
753;513.00;786.0000;43046.1000;17950.4500;17164.4500;40.6162;0.3913;0.0000;-786.0000;0.0000;6.8165;0.0000;-786.0000;0.0000;6.8165;1.0000;0.0000;0.0000;0.0000;0.0000
754;513.34;783.1500;43830.8500;17999.7000;17216.5500;39.9941;0.3980;0.0000;-783.1500;0.0000;6.8165;0.0000;-783.1500;0.0000;6.8165;1.0000;0.0000;0.0000;0.0000;0.0000
755;513.68;792.8500;43841.6000;17962.2500;17169.4000;39.8836;0.3992;0.0000;-792.8500;0.0000;6.8165;0.0000;-792.8500;0.0000;6.8165;1.0000;0.0000;0.0000;0.0000;0.0000
756;514.02;810.6500;44187.7500;17913.4000;17102.7500;39.4281;0.4042;0.0000;-810.6500;0.0000;6.8165;0.0000;-810.6500;0.0000;6.8165;1.0000;0.0000;0.0000;0.0000;0.0000
757;514.36;790.9500;44093.3500;18028.7500;17237.8000;39.8080;0.4000;0.0000;-790.9500;0.0000;6.8165;0.0000;-790.9500;0.0000;6.8165;1.0000;0.0000;0.0000;0.0000;0.0000
758;514.69;791.4500;43836.0000;17925.6000;17134.1500;39.8056;0.4001;0.0000;-791.4500;0.0000;6.8165;0.0000;-791.4500;0.0000;6.8165;1.0000;0.0000;0.0000;0.0000;0.0000
759;515.03;781.5500;44084.6500;17684.6000;16903.0500;39.0343;0.4086;0.0000;-781.5500;0.0000;6.8165;0.0000;-781.5500;0.0000;6.8165;1.0000;0.0000;0.0000;0.0000;0.0000
760;515.37;789.6000;43786.2500;17537.5500;16747.9500;38.9518;0.4095;0.0000;-789.6000;0.0000;6.8165;0.0000;-789.6000;0.0000;6.8165;1.0000;0.0000;0.0000;0.0000;0.0000
761;515.71;783.6000;43748.9500;17452.6500;16669.0500;38.7965;0.4112;0.0000;-783.6000;0.0000;6.8165;0.0000;-783.6000;0.0000;6.8165;1.0000;0.0000;0.0000;0.0000;0.0000
762;516.05;792.6500;43820.3500;17388.0000;16595.3500;38.5690;0.4138;0.0000;-792.6500;0.0000;6.8165;0.0000;-792.6500;0.0000;6.8165;1.0000;0.0000;0.0000;0.0000;0.0000
763;516.38;778.7000;44500.9000;17286.0000;16507.3000;37.7550;0.4230;0.0000;-778.7000;0.0000;6.8165;0.0000;-778.7000;0.0000;6.8165;1.0000;0.0000;0.0000;0.0000;0.0000
764;516.72;796.8000;44680.6500;17193.0500;16396.2500;37.3628;0.4276;0.0000;-796.8000;0.0000;6.8165;0.0000;-796.8000;0.0000;6.8165;1.0000;0.0000;0.0000;0.0000;0.0000
765;517.06;792.0000;44356.3000;17111.0500;16319.0500;37.4597;0.4264;0.0000;-792.0000;0.0000;6.8165;0.0000;-792.0000;0.0000;6.8165;1.0000;0.0000;0.0000;0.0000;0.0000
766;517.40;793.7000;44207.3500;17088.5000;16294.8000;37.5338;0.4256;0.0000;-793.7000;0.0000;6.8165;0.0000;-793.7000;0.0000;6.8165;1.0000;0.0000;0.0000;0.0000;0.0000
767;517.73;806.8000;44689.1500;17032.0000;16225.2000;36.9743;0.4321;0.0000;-806.8000;0.0000;6.8165;0.0000;-806.8000;0.0000;6.8165;1.0000;0.0000;0.0000;0.0000;0.0000
768;518.07;780.2000;44563.4000;16914.8000;16134.6000;36.8511;0.4335;0.0000;-780.2000;0.0000;6.8165;0.0000;-780.2000;0.0000;6.8165;1.0000;0.0000;0.0000;0.0000;0.0000
769;518.41;793.7500;44873.6500;17002.2000;16208.4500;36.7706;0.4345;0.0000;-793.7500;0.0000;6.8165;0.0000;-793.7500;0.0000;6.8165;1.0000;0.0000;0.0000;0.0000;0.0000
770;518.75;792.6500;45118.6000;17010.9000;16218.2500;36.5886;0.4367;0.0000;-792.6500;0.0000;6.8165;0.0000;-792.6500;0.0000;6.8165;1.0000;0.0000;0.0000;0.0000;0.0000
771;519.08;800.2000;45128.6500;17130.5500;16330.3500;36.8394;0.4337;0.0000;-800.2000;0.0000;6.8165;0.0000;-800.2000;0.0000;6.8165;1.0000;0.0000;0.0000;0.0000;0.0000
772;519.42;796.0000;44968.6000;16959.1000;16163.1000;36.5908;0.4366;0.0000;-796.0000;0.0000;6.8165;0.0000;-796.0000;0.0000;6.8165;1.0000;0.0000;0.0000;0.0000;0.0000
773;519.76;800.2500;45280.9000;16847.2500;16047.0000;36.0764;0.4428;0.0000;-800.2500;0.0000;6.8165;0.0000;-800.2500;0.0000;6.8165;1.0000;0.0000;0.0000;0.0000;0.0000
774;520.09;783.3000;45463.4500;16682.6500;15899.3500;35.5848;0.4487;0.0000;-783.3000;0.0000;6.8165;0.0000;-783.3000;0.0000;6.8165;1.0000;0.0000;0.0000;0.0000;0.0000
775;520.43;789.6000;45232.9000;16579.0500;15789.4500;35.5272;0.4494;0.0000;-789.6000;0.0000;6.8165;0.0000;-789.6000;0.0000;6.8165;1.0000;0.0000;0.0000;0.0000;0.0000
776;520.77;772.9000;45064.7000;16563.8500;15790.9500;35.6521;0.4479;0.0000;-772.9000;0.0000;6.8165;0.0000;-772.9000;0.0000;6.8165;1.0000;0.0000;0.0000;0.0000;0.0000
777;521.10;781.1000;44715.9500;16582.7000;15801.6000;35.9660;0.4441;0.0000;-781.1000;0.0000;6.8165;0.0000;-781.1000;0.0000;6.8165;1.0000;0.0000;0.0000;0.0000;0.0000
778;521.44;795.5000;44687.0500;16471.0000;15675.5000;35.7142;0.4472;0.0000;-795.5000;0.0000;6.8165;0.0000;-795.5000;0.0000;6.8165;1.0000;0.0000;0.0000;0.0000;0.0000
779;521.78;787.2000;45343.5000;16441.3500;15654.1500;35.1334;0.4543;0.0000;-787.2000;0.0000;6.8165;0.0000;-787.2000;0.0000;6.8165;1.0000;0.0000;0.0000;0.0000;0.0000
780;522.11;778.3000;45772.5000;16151.3000;15373.0000;34.1666;0.4664;0.0000;-778.3000;0.0000;6.8165;0.0000;-778.3000;0.0000;6.8165;1.0000;0.0000;0.0000;0.0000;0.0000
781;522.45;786.3000;45900.6500;16188.2000;15401.9000;34.1397;0.4667;0.0000;-786.3000;0.0000;6.8165;0.0000;-786.3000;0.0000;6.8165;1.0000;0.0000;0.0000;0.0000;0.0000
782;522.78;792.7000;45133.9000;16256.6500;15463.9500;34.8749;0.4575;0.0000;-792.7000;0.0000;6.8165;0.0000;-792.7000;0.0000;6.8165;1.0000;0.0000;0.0000;0.0000;0.0000
783;523.12;790.7500;45047.4000;16161.8000;15371.0500;34.7316;0.4593;0.0000;-790.7500;0.0000;6.8165;0.0000;-790.7500;0.0000;6.8165;1.0000;0.0000;0.0000;0.0000;0.0000
784;523.46;789.3500;45752.4000;16036.4000;15247.0500;33.9102;0.4697;0.0000;-789.3500;0.0000;6.8165;0.0000;-789.3500;0.0000;6.8165;1.0000;0.0000;0.0000;0.0000;0.0000
785;523.79;791.0500;45894.8500;15868.8000;15077.7500;33.4290;0.4759;0.0000;-791.0500;0.0000;6.8165;0.0000;-791.0500;0.0000;6.8165;1.0000;0.0000;0.0000;0.0000;0.0000
786;524.13;787.3000;45891.9500;15795.6000;15008.3000;33.2744;0.4779;0.0000;-787.3000;0.0000;6.8165;0.0000;-787.3000;0.0000;6.8165;1.0000;0.0000;0.0000;0.0000;0.0000
787;524.46;791.5000;45589.3500;15717.6500;14926.1500;33.3189;0.4773;0.0000;-791.5000;0.0000;6.8165;0.0000;-791.5000;0.0000;6.8165;1.0000;0.0000;0.0000;0.0000;0.0000
788;524.80;792.0000;45018.3000;15469.9000;14677.9000;33.1882;0.4790;0.0000;-792.0000;0.0000;6.8165;0.0000;-792.0000;0.0000;6.8165;1.0000;0.0000;0.0000;0.0000;0.0000
789;525.13;792.9000;45364.4000;15375.6500;14582.7500;32.7177;0.4852;0.0000;-792.9000;0.0000;6.8165;0.0000;-792.9000;0.0000;6.8165;1.0000;0.0000;0.0000;0.0000;0.0000
790;525.47;803.4000;46657.8500;15322.9500;14519.5500;31.6644;0.4994;0.0000;-803.4000;0.0000;6.8165;0.0000;-803.4000;0.0000;6.8165;1.0000;0.0000;0.0000;0.0000;0.0000
791;525.80;791.7500;47038.8500;15342.4000;14550.6500;31.4628;0.5022;0.0000;-791.7500;0.0000;6.8165;0.0000;-791.7500;0.0000;6.8165;1.0000;0.0000;0.0000;0.0000;0.0000
792;526.14;780.7000;46611.0000;15209.1000;14428.4000;31.4822;0.5019;0.0000;-780.7000;0.0000;6.8165;0.0000;-780.7000;0.0000;6.8165;1.0000;0.0000;0.0000;0.0000;0.0000
793;526.47;793.3500;46258.3000;15361.2000;14567.8500;32.0419;0.4943;0.0000;-793.3500;0.0000;6.8165;0.0000;-793.3500;0.0000;6.8165;1.0000;0.0000;0.0000;0.0000;0.0000
794;526.81;793.7500;45705.0000;15460.2500;14666.5000;32.6566;0.4860;0.0000;-793.7500;0.0000;6.8165;0.0000;-793.7500;0.0000;6.8165;1.0000;0.0000;0.0000;0.0000;0.0000
795;527.14;786.8000;46397.5500;15581.2500;14794.4500;32.4363;0.4890;0.0000;-786.8000;0.0000;6.8165;0.0000;-786.8000;0.0000;6.8165;1.0000;0.0000;0.0000;0.0000;0.0000
796;527.48;780.8000;46870.1000;15500.8000;14720.0000;31.9380;0.4957;0.0000;-780.8000;0.0000;6.8165;0.0000;-780.8000;0.0000;6.8165;1.0000;0.0000;0.0000;0.0000;0.0000
797;527.81;802.0000;47069.9000;15408.4000;14606.4000;31.5692;0.5007;0.0000;-802.0000;0.0000;6.8165;0.0000;-802.0000;0.0000;6.8165;1.0000;0.0000;0.0000;0.0000;0.0000
798;528.15;792.1500;46396.7500;15352.8000;14560.6500;31.9280;0.4958;0.0000;-792.1500;0.0000;6.8165;0.0000;-792.1500;0.0000;6.8165;1.0000;0.0000;0.0000;0.0000;0.0000
799;528.48;801.5500;46126.2500;15093.0000;14291.4500;31.5313;0.5013;0.0000;-801.5500;0.0000;6.8165;0.0000;-801.5500;0.0000;6.8165;1.0000;0.0000;0.0000;0.0000;0.0000
800;528.82;790.1500;46150.0500;15071.1000;14280.9500;31.4836;0.5019;0.0000;-790.1500;0.0000;6.8165;0.0000;-790.1500;0.0000;6.8165;1.0000;0.0000;0.0000;0.0000;0.0000
801;529.15;786.2000;47053.1000;15193.6500;14407.4500;31.1399;0.5067;0.0000;-786.2000;0.0000;6.8165;0.0000;-786.2000;0.0000;6.8165;1.0000;0.0000;0.0000;0.0000;0.0000
802;529.49;785.0000;47413.9000;15148.1000;14363.1000;30.8030;0.5114;0.0000;-785.0000;0.0000;6.8165;0.0000;-785.0000;0.0000;6.8165;1.0000;0.0000;0.0000;0.0000;0.0000
803;529.82;797.4000;47088.1000;15052.9500;14255.5500;30.7957;0.5115;0.0000;-797.4000;0.0000;6.8165;0.0000;-797.4000;0.0000;6.8165;1.0000;0.0000;0.0000;0.0000;0.0000
804;530.15;800.0500;46494.8000;14921.0500;14121.0000;30.9029;0.5100;0.0000;-800.0500;0.0000;6.8165;0.0000;-800.0500;0.0000;6.8165;1.0000;0.0000;0.0000;0.0000;0.0000
805;530.49;778.2000;46371.4000;14897.3000;14119.1000;30.9676;0.5091;0.0000;-778.2000;0.0000;6.8165;0.0000;-778.2000;0.0000;6.8165;1.0000;0.0000;0.0000;0.0000;0.0000
806;530.82;787.9500;46458.1500;15022.2500;14234.3000;31.1676;0.5063;0.0000;-787.9500;0.0000;6.8165;0.0000;-787.9500;0.0000;6.8165;1.0000;0.0000;0.0000;0.0000;0.0000
807;531.16;795.0500;46274.2000;15004.3500;14209.3000;31.2435;0.5052;0.0000;-795.0500;0.0000;6.8165;0.0000;-795.0500;0.0000;6.8165;1.0000;0.0000;0.0000;0.0000;0.0000
808;531.49;790.2000;46835.0500;14982.8500;14192.6500;30.8235;0.5111;0.0000;-790.2000;0.0000;6.8165;0.0000;-790.2000;0.0000;6.8165;1.0000;0.0000;0.0000;0.0000;0.0000
809;531.82;795.8500;47010.1500;14822.3500;14026.5000;30.3510;0.5178;0.0000;-795.8500;0.0000;6.8165;0.0000;-795.8500;0.0000;6.8165;1.0000;0.0000;0.0000;0.0000;0.0000
810;532.16;791.9000;46406.4000;14648.7000;13856.8000;30.3781;0.5174;0.0000;-791.9000;0.0000;6.8165;0.0000;-791.9000;0.0000;6.8165;1.0000;0.0000;0.0000;0.0000;0.0000
811;532.49;779.5500;45936.2500;14618.5500;13839.0000;30.6466;0.5136;0.0000;-779.5500;0.0000;6.8165;0.0000;-779.5500;0.0000;6.8165;1.0000;0.0000;0.0000;0.0000;0.0000
812;532.82;791.2000;46490.2500;14801.0500;14009.8500;30.6568;0.5135;0.0000;-791.2000;0.0000;6.8165;0.0000;-791.2000;0.0000;6.8165;1.0000;0.0000;0.0000;0.0000;0.0000
813;533.16;780.9000;46345.0500;14793.3000;14012.4000;30.7531;0.5121;0.0000;-780.9000;0.0000;6.8165;0.0000;-780.9000;0.0000;6.8165;1.0000;0.0000;0.0000;0.0000;0.0000
814;533.49;799.5000;45838.4500;14741.3500;13941.8500;30.9551;0.5093;0.0000;-799.5000;0.0000;6.8165;0.0000;-799.5000;0.0000;6.8165;1.0000;0.0000;0.0000;0.0000;0.0000
815;533.82;788.2500;46066.0000;14764.5000;13976.2500;30.8678;0.5105;0.0000;-788.2500;0.0000;6.8165;0.0000;-788.2500;0.0000;6.8165;1.0000;0.0000;0.0000;0.0000;0.0000
816;534.15;802.4000;45880.6500;14770.5500;13968.1500;30.9865;0.5088;0.0000;-802.4000;0.0000;6.8165;0.0000;-802.4000;0.0000;6.8165;1.0000;0.0000;0.0000;0.0000;0.0000
817;534.49;786.8500;45588.9500;14631.7000;13844.8500;30.9022;0.5100;0.0000;-786.8500;0.0000;6.8165;0.0000;-786.8500;0.0000;6.8165;1.0000;0.0000;0.0000;0.0000;0.0000
818;534.82;796.5500;46052.8000;14509.9000;13713.3500;30.3016;0.5185;0.0000;-796.5500;0.0000;6.8165;0.0000;-796.5500;0.0000;6.8165;1.0000;0.0000;0.0000;0.0000;0.0000
819;535.15;795.5500;46145.3500;14521.4000;13725.8500;30.2666;0.5190;0.0000;-795.5500;0.0000;6.8165;0.0000;-795.5500;0.0000;6.8165;1.0000;0.0000;0.0000;0.0000;0.0000
820;535.48;792.1500;45664.2000;14440.7000;13648.5500;30.4166;0.5169;0.0000;-792.1500;0.0000;6.8165;0.0000;-792.1500;0.0000;6.8165;1.0000;0.0000;0.0000;0.0000;0.0000
821;535.82;788.5000;45754.2000;14390.4000;13601.9000;30.2495;0.5193;0.0000;-788.5000;0.0000;6.8165;0.0000;-788.5000;0.0000;6.8165;1.0000;0.0000;0.0000;0.0000;0.0000
822;536.15;781.7000;46028.2000;14665.2000;13883.5000;30.6841;0.5131;0.0000;-781.7000;0.0000;6.8165;0.0000;-781.7000;0.0000;6.8165;1.0000;0.0000;0.0000;0.0000;0.0000
823;536.48;787.0500;46103.5500;14691.4000;13904.3500;30.6828;0.5131;0.0000;-787.0500;0.0000;6.8165;0.0000;-787.0500;0.0000;6.8165;1.0000;0.0000;0.0000;0.0000;0.0000
824;536.81;801.0000;46057.4500;14720.5500;13919.5500;30.7571;0.5121;0.0000;-801.0000;0.0000;6.8165;0.0000;-801.0000;0.0000;6.8165;1.0000;0.0000;0.0000;0.0000;0.0000
825;537.15;791.8000;45913.8000;14666.9500;13875.1500;30.7503;0.5122;0.0000;-791.8000;0.0000;6.8165;0.0000;-791.8000;0.0000;6.8165;1.0000;0.0000;0.0000;0.0000;0.0000
826;537.48;783.5500;46250.1000;14650.6500;13867.1000;30.4996;0.5157;0.0000;-783.5500;0.0000;6.8165;0.0000;-783.5500;0.0000;6.8165;1.0000;0.0000;0.0000;0.0000;0.0000
827;537.81;799.8000;46503.9500;14547.0500;13747.2500;30.0788;0.5217;0.0000;-799.8000;0.0000;6.8165;0.0000;-799.8000;0.0000;6.8165;1.0000;0.0000;0.0000;0.0000;0.0000
828;538.14;794.2000;45819.2000;14760.2000;13966.0000;31.0183;0.5084;0.0000;-794.2000;0.0000;6.8165;0.0000;-794.2000;0.0000;6.8165;1.0000;0.0000;0.0000;0.0000;0.0000
829;538.47;789.0000;45998.9500;14930.3500;14141.3500;31.2793;0.5047;0.0000;-789.0000;0.0000;6.8165;0.0000;-789.0000;0.0000;6.8165;1.0000;0.0000;0.0000;0.0000;0.0000
830;538.80;792.0000;46057.1500;15077.8500;14285.8500;31.5604;0.5009;0.0000;-792.0000;0.0000;6.8165;0.0000;-792.0000;0.0000;6.8165;1.0000;0.0000;0.0000;0.0000;0.0000
831;539.14;794.6500;46008.8000;15116.1500;14321.5000;31.6748;0.4993;0.0000;-794.6500;0.0000;6.8165;0.0000;-794.6500;0.0000;6.8165;1.0000;0.0000;0.0000;0.0000;0.0000
832;539.47;788.6500;46110.6500;15001.9500;14213.3000;31.3607;0.5036;0.0000;-788.6500;0.0000;6.8165;0.0000;-788.6500;0.0000;6.8165;1.0000;0.0000;0.0000;0.0000;0.0000
833;539.80;787.9500;46254.3500;14937.0000;14149.0500;31.1198;0.5070;0.0000;-787.9500;0.0000;6.8165;0.0000;-787.9500;0.0000;6.8165;1.0000;0.0000;0.0000;0.0000;0.0000
834;540.13;794.8500;46424.0500;15161.2000;14366.3500;31.4850;0.5019;0.0000;-794.8500;0.0000;6.8165;0.0000;-794.8500;0.0000;6.8165;1.0000;0.0000;0.0000;0.0000;0.0000
835;540.46;796.2000;46513.9500;15325.0500;14528.8500;31.7795;0.4979;0.0000;-796.2000;0.0000;6.8165;0.0000;-796.2000;0.0000;6.8165;1.0000;0.0000;0.0000;0.0000;0.0000
836;540.79;787.6500;46349.9000;15466.8500;14679.2000;32.2179;0.4919;0.0000;-787.6500;0.0000;6.8165;0.0000;-787.6500;0.0000;6.8165;1.0000;0.0000;0.0000;0.0000;0.0000
837;541.12;796.9500;46376.7500;15721.8500;14924.9000;32.7445;0.4849;0.0000;-796.9500;0.0000;6.8165;0.0000;-796.9500;0.0000;6.8165;1.0000;0.0000;0.0000;0.0000;0.0000
838;541.45;787.4000;46788.7500;15615.7500;14828.3500;32.2346;0.4917;0.0000;-787.4000;0.0000;6.8165;0.0000;-787.4000;0.0000;6.8165;1.0000;0.0000;0.0000;0.0000;0.0000
839;541.78;787.3500;47451.7500;15651.8000;14864.4500;31.8539;0.4968;0.0000;-787.3500;0.0000;6.8165;0.0000;-787.3500;0.0000;6.8165;1.0000;0.0000;0.0000;0.0000;0.0000
840;542.11;793.6000;47641.6000;15992.2000;15198.6000;32.4424;0.4889;0.0000;-793.6000;0.0000;6.8165;0.0000;-793.6000;0.0000;6.8165;1.0000;0.0000;0.0000;0.0000;0.0000
841;542.44;780.6500;47362.4000;16325.7500;15545.1000;33.3717;0.4766;0.0000;-780.6500;0.0000;6.8165;0.0000;-780.6500;0.0000;6.8165;1.0000;0.0000;0.0000;0.0000;0.0000
842;542.78;795.9500;47184.5500;16388.8500;15592.9000;33.6136;0.4735;0.0000;-795.9500;0.0000;6.8165;0.0000;-795.9500;0.0000;6.8165;1.0000;0.0000;0.0000;0.0000;0.0000
843;543.11;795.6500;47229.7500;16345.9500;15550.3000;33.4890;0.4751;0.0000;-795.6500;0.0000;6.8165;0.0000;-795.6500;0.0000;6.8165;1.0000;0.0000;0.0000;0.0000;0.0000
844;543.44;793.7500;47481.4500;16298.5000;15504.7500;33.2095;0.4787;0.0000;-793.7500;0.0000;6.8165;0.0000;-793.7500;0.0000;6.8165;1.0000;0.0000;0.0000;0.0000;0.0000
845;543.77;797.4500;48036.3500;16453.6000;15656.1500;33.1425;0.4796;0.0000;-797.4500;0.0000;6.8165;0.0000;-797.4500;0.0000;6.8165;1.0000;0.0000;0.0000;0.0000;0.0000
846;544.10;784.2500;48047.0000;16645.7500;15861.5000;33.5603;0.4742;0.0000;-784.2500;0.0000;6.8165;0.0000;-784.2500;0.0000;6.8165;1.0000;0.0000;0.0000;0.0000;0.0000
847;544.43;801.7500;48272.3000;16669.5000;15867.7500;33.4265;0.4759;0.0000;-801.7500;0.0000;6.8165;0.0000;-801.7500;0.0000;6.8165;1.0000;0.0000;0.0000;0.0000;0.0000
848;544.76;793.7000;48102.9500;16701.7500;15908.0500;33.6257;0.4733;0.0000;-793.7000;0.0000;6.8165;0.0000;-793.7000;0.0000;6.8165;1.0000;0.0000;0.0000;0.0000;0.0000
849;545.09;788.6000;47999.1500;16946.2000;16157.6000;34.2246;0.4657;0.0000;-788.6000;0.0000;6.8165;0.0000;-788.6000;0.0000;6.8165;1.0000;0.0000;0.0000;0.0000;0.0000
850;545.42;790.0500;47982.0000;17222.9500;16432.9000;34.8214;0.4582;0.0000;-790.0500;0.0000;6.8165;0.0000;-790.0500;0.0000;6.8165;1.0000;0.0000;0.0000;0.0000;0.0000
851;545.74;797.3500;48362.6000;17224.0500;16426.7000;34.5351;0.4617;0.0000;-797.3500;0.0000;6.8165;0.0000;-797.3500;0.0000;6.8165;1.0000;0.0000;0.0000;0.0000;0.0000
852;546.07;790.5500;48401.8000;17273.8500;16483.3000;34.6206;0.4607;0.0000;-790.5500;0.0000;6.8165;0.0000;-790.5500;0.0000;6.8165;1.0000;0.0000;0.0000;0.0000;0.0000
853;546.40;796.1500;48708.2500;17308.4500;16512.3000;34.4637;0.4626;0.0000;-796.1500;0.0000;6.8165;0.0000;-796.1500;0.0000;6.8165;1.0000;0.0000;0.0000;0.0000;0.0000
854;546.73;792.2500;48796.0500;17686.9500;16894.7000;35.1945;0.4535;0.0000;-792.2500;0.0000;6.8165;0.0000;-792.2500;0.0000;6.8165;1.0000;0.0000;0.0000;0.0000;0.0000
855;547.06;805.0500;48406.6500;17925.2500;17120.2000;35.9656;0.4441;0.0000;-805.0500;0.0000;6.8165;0.0000;-805.0500;0.0000;6.8165;1.0000;0.0000;0.0000;0.0000;0.0000
856;547.39;792.7500;48995.4000;18073.9000;17281.1500;35.8510;0.4455;0.0000;-792.7500;0.0000;6.8165;0.0000;-792.7500;0.0000;6.8165;1.0000;0.0000;0.0000;0.0000;0.0000
857;547.72;791.2000;49369.6500;18089.0500;17297.8500;35.6081;0.4485;0.0000;-791.2000;0.0000;6.8165;0.0000;-791.2000;0.0000;6.8165;1.0000;0.0000;0.0000;0.0000;0.0000
858;548.05;798.9500;49706.9500;18235.4000;17436.4500;35.6515;0.4479;0.0000;-798.9500;0.0000;6.8165;0.0000;-798.9500;0.0000;6.8165;1.0000;0.0000;0.0000;0.0000;0.0000
859;548.38;790.3500;49727.0500;18603.3500;17813.0000;36.4001;0.4389;0.0000;-790.3500;0.0000;6.8165;0.0000;-790.3500;0.0000;6.8165;1.0000;0.0000;0.0000;0.0000;0.0000
860;548.71;780.5500;50360.5000;18765.5000;17984.9500;36.2746;0.4404;0.0000;-780.5500;0.0000;6.8165;0.0000;-780.5500;0.0000;6.8165;1.0000;0.0000;0.0000;0.0000;0.0000
861;549.03;787.3500;50455.2000;18912.8500;18125.5000;36.4934;0.4378;0.0000;-787.3500;0.0000;6.8165;0.0000;-787.3500;0.0000;6.8165;1.0000;0.0000;0.0000;0.0000;0.0000
862;549.36;798.5500;50257.2500;19156.2000;18357.6500;37.1171;0.4304;0.0000;-798.5500;0.0000;6.8165;0.0000;-798.5500;0.0000;6.8165;1.0000;0.0000;0.0000;0.0000;0.0000
863;549.69;792.2500;50808.3000;19143.8500;18351.6000;36.6914;0.4354;0.0000;-792.2500;0.0000;6.8165;0.0000;-792.2500;0.0000;6.8165;1.0000;0.0000;0.0000;0.0000;0.0000
864;550.02;800.6500;50823.3500;19420.3000;18619.6500;37.2224;0.4292;0.0000;-800.6500;0.0000;6.8165;0.0000;-800.6500;0.0000;6.8165;1.0000;0.0000;0.0000;0.0000;0.0000
865;550.35;785.9000;50207.1000;19749.4000;18963.5000;38.3712;0.4160;0.0000;-785.9000;0.0000;6.8165;0.0000;-785.9000;0.0000;6.8165;1.0000;0.0000;0.0000;0.0000;0.0000
866;550.68;793.7000;50129.4000;20011.9500;19218.2500;38.9540;0.4094;0.0000;-793.7000;0.0000;6.8165;0.0000;-793.7000;0.0000;6.8165;1.0000;0.0000;0.0000;0.0000;0.0000
867;551.00;792.4500;50880.2000;20053.4500;19261.0000;38.4545;0.4151;0.0000;-792.4500;0.0000;6.8165;0.0000;-792.4500;0.0000;6.8165;1.0000;0.0000;0.0000;0.0000;0.0000
868;551.33;788.7000;51399.1500;20082.4500;19293.7500;38.1221;0.4188;0.0000;-788.7000;0.0000;6.8165;0.0000;-788.7000;0.0000;6.8165;1.0000;0.0000;0.0000;0.0000;0.0000
869;551.66;785.9000;51663.0500;20128.3500;19342.4500;38.0180;0.4200;0.0000;-785.9000;0.0000;6.8165;0.0000;-785.9000;0.0000;6.8165;1.0000;0.0000;0.0000;0.0000;0.0000
870;551.99;792.7500;51389.6000;20316.2000;19523.4500;38.5863;0.4136;0.0000;-792.7500;0.0000;6.8165;0.0000;-792.7500;0.0000;6.8165;1.0000;0.0000;0.0000;0.0000;0.0000
871;552.32;799.1000;51093.7000;20358.8000;19559.7000;38.8903;0.4102;0.0000;-799.1000;0.0000;6.8165;0.0000;-799.1000;0.0000;6.8165;1.0000;0.0000;0.0000;0.0000;0.0000
872;552.64;785.7500;51285.6000;20642.8000;19857.0500;39.3210;0.4054;0.0000;-785.7500;0.0000;6.8165;0.0000;-785.7500;0.0000;6.8165;1.0000;0.0000;0.0000;0.0000;0.0000
873;552.97;795.4000;51956.1000;20702.3000;19906.9000;38.9105;0.4099;0.0000;-795.4000;0.0000;6.8165;0.0000;-795.4000;0.0000;6.8165;1.0000;0.0000;0.0000;0.0000;0.0000
874;553.30;792.4000;52269.1000;20887.1000;20094.7000;39.0365;0.4085;0.0000;-792.4000;0.0000;6.8165;0.0000;-792.4000;0.0000;6.8165;1.0000;0.0000;0.0000;0.0000;0.0000
875;553.63;800.9500;52349.5500;21160.9500;20360.0000;39.4967;0.4034;0.0000;-800.9500;0.0000;6.8165;0.0000;-800.9500;0.0000;6.8165;1.0000;0.0000;0.0000;0.0000;0.0000
876;553.95;800.9500;51977.9500;21131.5000;20330.5500;39.7260;0.4009;0.0000;-800.9500;0.0000;6.8165;0.0000;-800.9500;0.0000;6.8165;1.0000;0.0000;0.0000;0.0000;0.0000
877;554.28;799.0500;51943.9000;20984.7500;20185.7000;39.4677;0.4038;0.0000;-799.0500;0.0000;6.8165;0.0000;-799.0500;0.0000;6.8165;1.0000;0.0000;0.0000;0.0000;0.0000
878;554.61;793.8500;52266.6500;21253.5000;20459.6500;39.7485;0.4007;0.0000;-793.8500;0.0000;6.8165;0.0000;-793.8500;0.0000;6.8165;1.0000;0.0000;0.0000;0.0000;0.0000
879;554.93;790.4500;52261.9500;21497.1000;20706.6500;40.2294;0.3955;0.0000;-790.4500;0.0000;6.8165;0.0000;-790.4500;0.0000;6.8165;1.0000;0.0000;0.0000;0.0000;0.0000
880;555.26;797.7500;52811.5500;21596.0500;20798.3000;39.9861;0.3981;0.0000;-797.7500;0.0000;6.8165;0.0000;-797.7500;0.0000;6.8165;1.0000;0.0000;0.0000;0.0000;0.0000
881;555.59;793.0000;53141.1500;21641.2000;20848.2000;39.8260;0.3998;0.0000;-793.0000;0.0000;6.8165;0.0000;-793.0000;0.0000;6.8165;1.0000;0.0000;0.0000;0.0000;0.0000
882;555.91;786.6000;53125.7500;21767.2000;20980.6000;40.0859;0.3970;0.0000;-786.6000;0.0000;6.8165;0.0000;-786.6000;0.0000;6.8165;1.0000;0.0000;0.0000;0.0000;0.0000
883;556.24;780.7500;53068.0000;21899.9500;21119.2000;40.3907;0.3937;0.0000;-780.7500;0.0000;6.8165;0.0000;-780.7500;0.0000;6.8165;1.0000;0.0000;0.0000;0.0000;0.0000
884;556.57;799.6500;53258.7000;22101.3500;21301.7000;40.6063;0.3914;0.0000;-799.6500;0.0000;6.8165;0.0000;-799.6500;0.0000;6.8165;1.0000;0.0000;0.0000;0.0000;0.0000
885;556.89;781.1500;53161.4500;21915.3000;21134.1500;40.3475;0.3942;0.0000;-781.1500;0.0000;6.8165;0.0000;-781.1500;0.0000;6.8165;1.0000;0.0000;0.0000;0.0000;0.0000
886;557.22;790.1000;54045.4000;22055.1000;21265.0000;39.9303;0.3987;0.0000;-790.1000;0.0000;6.8165;0.0000;-790.1000;0.0000;6.8165;1.0000;0.0000;0.0000;0.0000;0.0000
887;557.55;794.8000;54403.8000;21939.6500;21144.8500;39.4427;0.4040;0.0000;-794.8000;0.0000;6.8165;0.0000;-794.8000;0.0000;6.8165;1.0000;0.0000;0.0000;0.0000;0.0000
888;557.87;787.3000;53830.0000;22098.2000;21310.9000;40.1769;0.3960;0.0000;-787.3000;0.0000;6.8165;0.0000;-787.3000;0.0000;6.8165;1.0000;0.0000;0.0000;0.0000;0.0000
889;558.20;786.5500;53465.6500;22136.1500;21349.6000;40.5276;0.3922;0.0000;-786.5500;0.0000;6.8165;0.0000;-786.5500;0.0000;6.8165;1.0000;0.0000;0.0000;0.0000;0.0000
890;558.52;785.0500;54038.7000;22043.8000;21258.7500;39.9198;0.3988;0.0000;-785.0500;0.0000;6.8165;0.0000;-785.0500;0.0000;6.8165;1.0000;0.0000;0.0000;0.0000;0.0000
891;558.85;789.0500;54115.3500;22220.6000;21431.5500;40.1895;0.3959;0.0000;-789.0500;0.0000;6.8165;0.0000;-789.0500;0.0000;6.8165;1.0000;0.0000;0.0000;0.0000;0.0000
892;559.17;799.8000;54249.6000;22335.5000;21535.7000;40.2915;0.3948;0.0000;-799.8000;0.0000;6.8165;0.0000;-799.8000;0.0000;6.8165;1.0000;0.0000;0.0000;0.0000;0.0000
893;559.50;796.1000;54488.7500;22201.7500;21405.6500;39.8670;0.3994;0.0000;-796.1000;0.0000;6.8165;0.0000;-796.1000;0.0000;6.8165;1.0000;0.0000;0.0000;0.0000;0.0000
894;559.83;796.6500;54347.7000;22187.3500;21390.7000;39.9445;0.3985;0.0000;-796.6500;0.0000;6.8165;0.0000;-796.6500;0.0000;6.8165;1.0000;0.0000;0.0000;0.0000;0.0000
895;560.15;769.1000;54055.8500;22340.4000;21571.3000;40.4815;0.3927;0.0000;-769.1000;0.0000;6.8165;0.0000;-769.1000;0.0000;6.8165;1.0000;0.0000;0.0000;0.0000;0.0000
896;560.48;782.4000;53921.1500;22308.7500;21526.3500;40.5097;0.3924;0.0000;-782.4000;0.0000;6.8165;0.0000;-782.4000;0.0000;6.8165;1.0000;0.0000;0.0000;0.0000;0.0000
897;560.80;783.0500;54172.8000;22090.9500;21307.9000;39.9101;0.3989;0.0000;-783.0500;0.0000;6.8165;0.0000;-783.0500;0.0000;6.8165;1.0000;0.0000;0.0000;0.0000;0.0000
898;561.13;795.0000;54599.4500;21996.8500;21201.8500;39.4054;0.4044;0.0000;-795.0000;0.0000;6.8165;0.0000;-795.0000;0.0000;6.8165;1.0000;0.0000;0.0000;0.0000;0.0000
899;561.45;797.1500;54833.8000;21968.3000;21171.1500;39.1792;0.4069;0.0000;-797.1500;0.0000;6.8165;0.0000;-797.1500;0.0000;6.8165;1.0000;0.0000;0.0000;0.0000;0.0000
900;561.78;788.0000;55286.1000;22109.7500;21321.7500;39.1238;0.4076;0.0000;-788.0000;0.0000;6.8165;0.0000;-788.0000;0.0000;6.8165;1.0000;0.0000;0.0000;0.0000;0.0000
901;562.10;792.7500;55083.2500;22202.3000;21409.5500;39.4352;0.4041;0.0000;-792.7500;0.0000;6.8165;0.0000;-792.7500;0.0000;6.8165;1.0000;0.0000;0.0000;0.0000;0.0000
902;562.43;786.1500;55008.0500;22190.4000;21404.2500;39.4753;0.4037;0.0000;-786.1500;0.0000;6.8165;0.0000;-786.1500;0.0000;6.8165;1.0000;0.0000;0.0000;0.0000;0.0000
903;562.75;791.7500;55420.9000;22126.5500;21334.8000;39.0539;0.4083;0.0000;-791.7500;0.0000;6.8165;0.0000;-791.7500;0.0000;6.8165;1.0000;0.0000;0.0000;0.0000;0.0000
904;563.07;787.7000;55403.4500;21987.3500;21199.6500;38.8160;0.4110;0.0000;-787.7000;0.0000;6.8165;0.0000;-787.7000;0.0000;6.8165;1.0000;0.0000;0.0000;0.0000;0.0000
905;563.40;789.7500;55095.1500;21694.2500;20904.5000;38.4943;0.4146;0.0000;-789.7500;0.0000;6.8165;0.0000;-789.7500;0.0000;6.8165;1.0000;0.0000;0.0000;0.0000;0.0000
906;563.72;786.8000;55395.4000;21529.2500;20742.4500;37.9839;0.4204;0.0000;-786.8000;0.0000;6.8165;0.0000;-786.8000;0.0000;6.8165;1.0000;0.0000;0.0000;0.0000;0.0000
907;564.05;789.3500;55481.9500;21433.6500;20644.3000;37.7461;0.4231;0.0000;-789.3500;0.0000;6.8165;0.0000;-789.3500;0.0000;6.8165;1.0000;0.0000;0.0000;0.0000;0.0000
908;564.37;797.1500;55984.8500;21605.5000;20808.3500;37.7047;0.4236;0.0000;-797.1500;0.0000;6.8165;0.0000;-797.1500;0.0000;6.8165;1.0000;0.0000;0.0000;0.0000;0.0000
909;564.70;790.5500;55565.5000;21499.7000;20709.1500;37.8077;0.4224;0.0000;-790.5500;0.0000;6.8165;0.0000;-790.5500;0.0000;6.8165;1.0000;0.0000;0.0000;0.0000;0.0000
910;565.02;784.9000;55938.6500;21715.7500;20930.8500;37.9500;0.4208;0.0000;-784.9000;0.0000;6.8165;0.0000;-784.9000;0.0000;6.8165;1.0000;0.0000;0.0000;0.0000;0.0000
911;565.34;787.4500;55161.2500;21636.1500;20848.7000;38.3433;0.4163;0.0000;-787.4500;0.0000;6.8165;0.0000;-787.4500;0.0000;6.8165;1.0000;0.0000;0.0000;0.0000;0.0000
912;565.67;792.2000;55270.3000;21323.9500;20531.7500;37.6881;0.4238;0.0000;-792.2000;0.0000;6.8165;0.0000;-792.2000;0.0000;6.8165;1.0000;0.0000;0.0000;0.0000;0.0000
913;565.99;793.9000;55580.9500;21200.9500;20407.0500;37.2479;0.4289;0.0000;-793.9000;0.0000;6.8165;0.0000;-793.9000;0.0000;6.8165;1.0000;0.0000;0.0000;0.0000;0.0000
914;566.31;783.0000;56025.8500;21207.5000;20424.5000;36.9722;0.4321;0.0000;-783.0000;0.0000;6.8165;0.0000;-783.0000;0.0000;6.8165;1.0000;0.0000;0.0000;0.0000;0.0000
915;566.64;789.7500;55528.0000;20981.4500;20191.7000;36.8877;0.4331;0.0000;-789.7500;0.0000;6.8165;0.0000;-789.7500;0.0000;6.8165;1.0000;0.0000;0.0000;0.0000;0.0000
916;566.96;775.3000;55706.6000;20685.6000;19910.3000;36.2458;0.4407;0.0000;-775.3000;0.0000;6.8165;0.0000;-775.3000;0.0000;6.8165;1.0000;0.0000;0.0000;0.0000;0.0000
917;567.29;800.5500;56016.7000;20321.4000;19520.8500;35.3535;0.4516;0.0000;-800.5500;0.0000;6.8165;0.0000;-800.5500;0.0000;6.8165;1.0000;0.0000;0.0000;0.0000;0.0000
918;567.61;791.5500;56375.6500;20247.8500;19456.3000;35.0034;0.4559;0.0000;-791.5500;0.0000;6.8165;0.0000;-791.5500;0.0000;6.8165;1.0000;0.0000;0.0000;0.0000;0.0000
919;567.93;786.8500;56819.7500;20122.8500;19336.0000;34.5083;0.4621;0.0000;-786.8500;0.0000;6.8165;0.0000;-786.8500;0.0000;6.8165;1.0000;0.0000;0.0000;0.0000;0.0000
920;568.25;800.8000;56629.2500;20031.1500;19230.3500;34.4454;0.4629;0.0000;-800.8000;0.0000;6.8165;0.0000;-800.8000;0.0000;6.8165;1.0000;0.0000;0.0000;0.0000;0.0000
921;568.58;793.1000;56454.7500;20049.9500;19256.8500;34.5963;0.4610;0.0000;-793.1000;0.0000;6.8165;0.0000;-793.1000;0.0000;6.8165;1.0000;0.0000;0.0000;0.0000;0.0000
922;568.90;796.0000;56184.0000;19984.9000;19188.9000;34.6445;0.4604;0.0000;-796.0000;0.0000;6.8165;0.0000;-796.0000;0.0000;6.8165;1.0000;0.0000;0.0000;0.0000;0.0000
923;569.22;796.0000;56022.1000;19649.7000;18853.7000;34.1391;0.4667;0.0000;-796.0000;0.0000;6.8165;0.0000;-796.0000;0.0000;6.8165;1.0000;0.0000;0.0000;0.0000;0.0000
924;569.55;788.4000;56204.2500;19514.0500;18725.6500;33.7911;0.4712;0.0000;-788.4000;0.0000;6.8165;0.0000;-788.4000;0.0000;6.8165;1.0000;0.0000;0.0000;0.0000;0.0000
925;569.87;792.2000;56356.4000;19443.8500;18651.6500;33.5677;0.4741;0.0000;-792.2000;0.0000;6.8165;0.0000;-792.2000;0.0000;6.8165;1.0000;0.0000;0.0000;0.0000;0.0000
926;570.19;793.9000;57083.9500;19195.1500;18401.2500;32.6901;0.4856;0.0000;-793.9000;0.0000;6.8165;0.0000;-793.9000;0.0000;6.8165;1.0000;0.0000;0.0000;0.0000;0.0000
927;570.51;786.7500;57154.9000;18916.3500;18129.6000;32.1628;0.4926;0.0000;-786.7500;0.0000;6.8165;0.0000;-786.7500;0.0000;6.8165;1.0000;0.0000;0.0000;0.0000;0.0000
928;570.83;787.6000;57102.7000;18974.2000;18186.6000;32.2944;0.4909;0.0000;-787.6000;0.0000;6.8165;0.0000;-787.6000;0.0000;6.8165;1.0000;0.0000;0.0000;0.0000;0.0000
929;571.16;795.1500;56812.1000;18746.0000;17950.8500;32.0454;0.4942;0.0000;-795.1500;0.0000;6.8165;0.0000;-795.1500;0.0000;6.8165;1.0000;0.0000;0.0000;0.0000;0.0000
930;571.48;789.5000;56362.1000;18542.9500;17753.4500;31.9464;0.4956;0.0000;-789.5000;0.0000;6.8165;0.0000;-789.5000;0.0000;6.8165;1.0000;0.0000;0.0000;0.0000;0.0000
931;571.80;797.0000;56362.1000;18235.6500;17438.6500;31.3842;0.5033;0.0000;-797.0000;0.0000;6.8165;0.0000;-797.0000;0.0000;6.8165;1.0000;0.0000;0.0000;0.0000;0.0000
932;572.12;795.6000;56643.7500;18143.4500;17347.8500;31.0625;0.5078;0.0000;-795.6000;0.0000;6.8165;0.0000;-795.6000;0.0000;6.8165;1.0000;0.0000;0.0000;0.0000;0.0000
933;572.44;779.1000;56395.5500;17887.1000;17108.0000;30.7607;0.5120;0.0000;-779.1000;0.0000;6.8165;0.0000;-779.1000;0.0000;6.8165;1.0000;0.0000;0.0000;0.0000;0.0000
934;572.77;786.1000;56499.2000;17816.7500;17030.6500;30.5685;0.5147;0.0000;-786.1000;0.0000;6.8165;0.0000;-786.1000;0.0000;6.8165;1.0000;0.0000;0.0000;0.0000;0.0000
935;573.09;791.7000;55688.1000;17463.4500;16671.7500;30.3695;0.5176;0.0000;-791.7000;0.0000;6.8165;0.0000;-791.7000;0.0000;6.8165;1.0000;0.0000;0.0000;0.0000;0.0000
936;573.41;787.6000;56244.6000;17509.6000;16722.0000;30.1531;0.5207;0.0000;-787.6000;0.0000;6.8165;0.0000;-787.6000;0.0000;6.8165;1.0000;0.0000;0.0000;0.0000;0.0000
937;573.73;803.3000;56666.8500;17393.5000;16590.2000;29.6977;0.5273;0.0000;-803.3000;0.0000;6.8165;0.0000;-803.3000;0.0000;6.8165;1.0000;0.0000;0.0000;0.0000;0.0000
938;574.05;783.0500;56808.8000;17012.8500;16229.8000;28.9685;0.5381;0.0000;-783.0500;0.0000;6.8165;0.0000;-783.0500;0.0000;6.8165;1.0000;0.0000;0.0000;0.0000;0.0000
939;574.37;777.8000;57658.6000;16874.5000;16096.7000;28.2990;0.5482;0.0000;-777.8000;0.0000;6.8165;0.0000;-777.8000;0.0000;6.8165;1.0000;0.0000;0.0000;0.0000;0.0000
940;574.69;787.7000;56968.7000;16607.2000;15819.5000;28.1581;0.5504;0.0000;-787.7000;0.0000;6.8165;0.0000;-787.7000;0.0000;6.8165;1.0000;0.0000;0.0000;0.0000;0.0000
941;575.02;792.3500;56406.3000;16475.8000;15683.4500;28.2006;0.5497;0.0000;-792.3500;0.0000;6.8165;0.0000;-792.3500;0.0000;6.8165;1.0000;0.0000;0.0000;0.0000;0.0000
942;575.34;787.3500;56149.0000;16372.8000;15585.4500;28.1521;0.5505;0.0000;-787.3500;0.0000;6.8165;0.0000;-787.3500;0.0000;6.8165;1.0000;0.0000;0.0000;0.0000;0.0000
943;575.66;795.2500;56861.2000;16190.9500;15395.7000;27.4600;0.5613;0.0000;-795.2500;0.0000;6.8165;0.0000;-795.2500;0.0000;6.8165;1.0000;0.0000;0.0000;0.0000;0.0000
944;575.98;793.5500;57045.1000;15949.9000;15156.3500;26.9439;0.5695;0.0000;-793.5500;0.0000;6.8165;0.0000;-793.5500;0.0000;6.8165;1.0000;0.0000;0.0000;0.0000;0.0000
945;576.30;785.9000;56648.4000;15847.8000;15061.9000;26.9625;0.5692;0.0000;-785.9000;0.0000;6.8165;0.0000;-785.9000;0.0000;6.8165;1.0000;0.0000;0.0000;0.0000;0.0000
946;576.62;797.3500;56567.4000;15654.4000;14857.0500;26.6398;0.5745;0.0000;-797.3500;0.0000;6.8165;0.0000;-797.3500;0.0000;6.8165;1.0000;0.0000;0.0000;0.0000;0.0000
947;576.94;802.0500;56574.2000;15286.6500;14484.6000;25.9710;0.5855;0.0000;-802.0500;0.0000;6.8165;0.0000;-802.0500;0.0000;6.8165;1.0000;0.0000;0.0000;0.0000;0.0000
948;577.26;797.7500;56293.8500;15050.5000;14252.7500;25.6824;0.5904;0.0000;-797.7500;0.0000;6.8165;0.0000;-797.7500;0.0000;6.8165;1.0000;0.0000;0.0000;0.0000;0.0000
949;577.58;792.3000;56409.6500;14774.4500;13982.1500;25.1399;0.5996;0.0000;-792.3000;0.0000;6.8165;0.0000;-792.3000;0.0000;6.8165;1.0000;0.0000;0.0000;0.0000;0.0000
950;577.90;774.3500;57030.0000;14488.5000;13714.1500;24.3783;0.6130;0.0000;-774.3500;0.0000;6.8165;0.0000;-774.3500;0.0000;6.8165;1.0000;0.0000;0.0000;0.0000;0.0000
951;578.22;792.2500;56721.4000;14506.1500;13713.9000;24.5201;0.6105;0.0000;-792.2500;0.0000;6.8165;0.0000;-792.2500;0.0000;6.8165;1.0000;0.0000;0.0000;0.0000;0.0000
952;578.54;789.2000;56719.9000;14338.7500;13549.5500;24.2256;0.6157;0.0000;-789.2000;0.0000;6.8165;0.0000;-789.2000;0.0000;6.8165;1.0000;0.0000;0.0000;0.0000;0.0000
953;578.86;795.2500;56135.2500;14012.5500;13217.3000;23.8838;0.6219;0.0000;-795.2500;0.0000;6.8165;0.0000;-795.2500;0.0000;6.8165;1.0000;0.0000;0.0000;0.0000;0.0000
954;579.18;791.2500;56313.4000;13845.1500;13053.9000;23.5112;0.6287;0.0000;-791.2500;0.0000;6.8165;0.0000;-791.2500;0.0000;6.8165;1.0000;0.0000;0.0000;0.0000;0.0000
955;579.50;789.5500;55939.9500;13526.2000;12736.6500;23.0944;0.6365;0.0000;-789.5500;0.0000;6.8165;0.0000;-789.5500;0.0000;6.8165;1.0000;0.0000;0.0000;0.0000;0.0000
956;579.82;796.5000;55666.3500;13322.3000;12525.8000;22.8282;0.6415;0.0000;-796.5000;0.0000;6.8165;0.0000;-796.5000;0.0000;6.8165;1.0000;0.0000;0.0000;0.0000;0.0000
957;580.14;791.7500;55361.1000;13182.8000;12391.0500;22.7070;0.6438;0.0000;-791.7500;0.0000;6.8165;0.0000;-791.7500;0.0000;6.8165;1.0000;0.0000;0.0000;0.0000;0.0000
958;580.46;786.4500;55056.3000;12865.6500;12079.2000;22.2577;0.6525;0.0000;-786.4500;0.0000;6.8165;0.0000;-786.4500;0.0000;6.8165;1.0000;0.0000;0.0000;0.0000;0.0000
959;580.78;791.5000;55262.3500;12741.0000;11949.5000;21.9374;0.6588;0.0000;-791.5000;0.0000;6.8165;0.0000;-791.5000;0.0000;6.8165;1.0000;0.0000;0.0000;0.0000;0.0000
960;581.10;798.3500;55055.5500;12492.0000;11693.6500;21.5523;0.6665;0.0000;-798.3500;0.0000;6.8165;0.0000;-798.3500;0.0000;6.8165;1.0000;0.0000;0.0000;0.0000;0.0000
961;581.42;791.2000;55312.7000;12290.0000;11498.8000;21.0904;0.6759;0.0000;-791.2000;0.0000;6.8165;0.0000;-791.2000;0.0000;6.8165;1.0000;0.0000;0.0000;0.0000;0.0000
962;581.73;806.8500;55482.2500;12188.2500;11381.4000;20.8163;0.6816;0.0000;-806.8500;0.0000;6.8165;0.0000;-806.8500;0.0000;6.8165;1.0000;0.0000;0.0000;0.0000;0.0000
963;582.05;776.8000;55005.5500;12073.0500;11296.2500;20.8307;0.6813;0.0000;-776.8000;0.0000;6.8165;0.0000;-776.8000;0.0000;6.8165;1.0000;0.0000;0.0000;0.0000;0.0000
964;582.37;781.7000;55612.5500;11882.3500;11100.6500;20.2453;0.6937;0.0000;-781.7000;0.0000;6.8165;0.0000;-781.7000;0.0000;6.8165;1.0000;0.0000;0.0000;0.0000;0.0000
965;582.69;786.9500;55480.7500;11717.5000;10930.5500;19.9850;0.6993;0.0000;-786.9500;0.0000;6.8165;0.0000;-786.9500;0.0000;6.8165;1.0000;0.0000;0.0000;0.0000;0.0000
966;583.01;782.0500;55502.4500;11533.2500;10751.2000;19.6475;0.7067;0.0000;-782.0500;0.0000;6.8165;0.0000;-782.0500;0.0000;6.8165;1.0000;0.0000;0.0000;0.0000;0.0000
967;583.33;793.4000;54615.4000;11295.3500;10501.9500;19.5124;0.7097;0.0000;-793.4000;0.0000;6.8165;0.0000;-793.4000;0.0000;6.8165;1.0000;0.0000;0.0000;0.0000;0.0000
968;583.65;805.1500;55005.9000;11172.0500;10366.9000;19.1269;0.7184;0.0000;-805.1500;0.0000;6.8165;0.0000;-805.1500;0.0000;6.8165;1.0000;0.0000;0.0000;0.0000;0.0000
969;583.96;784.8500;54668.4000;10902.4000;10117.5500;18.7767;0.7264;0.0000;-784.8500;0.0000;6.8165;0.0000;-784.8500;0.0000;6.8165;1.0000;0.0000;0.0000;0.0000;0.0000
970;584.28;786.8500;54429.8000;10835.7500;10048.9000;18.7329;0.7274;0.0000;-786.8500;0.0000;6.8165;0.0000;-786.8500;0.0000;6.8165;1.0000;0.0000;0.0000;0.0000;0.0000
971;584.60;784.8000;54627.2500;10909.8500;10125.0500;18.8050;0.7257;0.0000;-784.8000;0.0000;6.8165;0.0000;-784.8000;0.0000;6.8165;1.0000;0.0000;0.0000;0.0000;0.0000
972;584.92;797.5000;54725.3000;10710.7500;9913.2500;18.3824;0.7356;0.0000;-797.5000;0.0000;6.8165;0.0000;-797.5000;0.0000;6.8165;1.0000;0.0000;0.0000;0.0000;0.0000
973;585.24;790.3000;54362.9000;10565.0000;9774.7000;18.2457;0.7388;0.0000;-790.3000;0.0000;6.8165;0.0000;-790.3000;0.0000;6.8165;1.0000;0.0000;0.0000;0.0000;0.0000
974;585.55;796.7500;54420.8000;10424.2500;9627.5000;17.9537;0.7458;0.0000;-796.7500;0.0000;6.8165;0.0000;-796.7500;0.0000;6.8165;1.0000;0.0000;0.0000;0.0000;0.0000
975;585.87;782.6000;54532.7000;10248.3500;9465.7500;17.6107;0.7542;0.0000;-782.6000;0.0000;6.8165;0.0000;-782.6000;0.0000;6.8165;1.0000;0.0000;0.0000;0.0000;0.0000
976;586.19;778.6000;54531.1500;10044.3500;9265.7500;17.2378;0.7635;0.0000;-778.6000;0.0000;6.8165;0.0000;-778.6000;0.0000;6.8165;1.0000;0.0000;0.0000;0.0000;0.0000
977;586.51;802.0000;53833.2500;10010.8000;9208.8000;17.3649;0.7603;0.0000;-802.0000;0.0000;6.8165;0.0000;-802.0000;0.0000;6.8165;1.0000;0.0000;0.0000;0.0000;0.0000
978;586.83;789.8000;54358.0000;10074.3000;9284.5000;17.3321;0.7611;0.0000;-789.8000;0.0000;6.8165;0.0000;-789.8000;0.0000;6.8165;1.0000;0.0000;0.0000;0.0000;0.0000
979;587.14;790.9500;54475.2000;9983.2000;9192.2500;17.1228;0.7664;0.0000;-790.9500;0.0000;6.8165;0.0000;-790.9500;0.0000;6.8165;1.0000;0.0000;0.0000;0.0000;0.0000
980;587.46;792.5000;54606.0000;9781.9000;8989.4000;16.7047;0.7772;0.0000;-792.5000;0.0000;6.8165;0.0000;-792.5000;0.0000;6.8165;1.0000;0.0000;0.0000;0.0000;0.0000
981;587.78;788.0000;54614.3500;9684.8000;8896.8000;16.5287;0.7818;0.0000;-788.0000;0.0000;6.8165;0.0000;-788.0000;0.0000;6.8165;1.0000;0.0000;0.0000;0.0000;0.0000
982;588.09;795.2000;53477.5000;9593.4500;8798.2500;16.7006;0.7773;0.0000;-795.2000;0.0000;6.8165;0.0000;-795.2000;0.0000;6.8165;1.0000;0.0000;0.0000;0.0000;0.0000
983;588.41;776.1500;53602.1000;9658.1000;8881.9500;16.8136;0.7743;0.0000;-776.1500;0.0000;6.8165;0.0000;-776.1500;0.0000;6.8165;1.0000;0.0000;0.0000;0.0000;0.0000
984;588.73;780.7000;53781.4500;9510.5500;8729.8500;16.4712;0.7833;0.0000;-780.7000;0.0000;6.8165;0.0000;-780.7000;0.0000;6.8165;1.0000;0.0000;0.0000;0.0000;0.0000
985;589.04;781.6500;53667.2500;9387.4000;8605.7500;16.2724;0.7885;0.0000;-781.6500;0.0000;6.8165;0.0000;-781.6500;0.0000;6.8165;1.0000;0.0000;0.0000;0.0000;0.0000
986;589.36;792.6000;53776.3500;9318.3500;8525.7500;16.0913;0.7934;0.0000;-792.6000;0.0000;6.8165;0.0000;-792.6000;0.0000;6.8165;1.0000;0.0000;0.0000;0.0000;0.0000
987;589.68;778.1000;54264.4000;9328.4000;8550.3000;15.9860;0.7963;0.0000;-778.1000;0.0000;6.8165;0.0000;-778.1000;0.0000;6.8165;1.0000;0.0000;0.0000;0.0000;0.0000
988;589.99;785.2000;54546.5000;9250.2000;8465.0000;15.7455;0.8028;0.0000;-785.2000;0.0000;6.8165;0.0000;-785.2000;0.0000;6.8165;1.0000;0.0000;0.0000;0.0000;0.0000
989;590.31;795.3500;54820.6000;9225.6000;8430.2500;15.6043;0.8068;0.0000;-795.3500;0.0000;6.8165;0.0000;-795.3500;0.0000;6.8165;1.0000;0.0000;0.0000;0.0000;0.0000
990;590.63;791.9000;54239.7000;9053.6500;8261.7500;15.4576;0.8109;0.0000;-791.9000;0.0000;6.8165;0.0000;-791.9000;0.0000;6.8165;1.0000;0.0000;0.0000;0.0000;0.0000
991;590.94;786.4000;53768.3000;9087.6500;8301.2500;15.6681;0.8050;0.0000;-786.4000;0.0000;6.8165;0.0000;-786.4000;0.0000;6.8165;1.0000;0.0000;0.0000;0.0000;0.0000
992;591.26;791.4500;53111.0500;9048.8000;8257.3500;15.7825;0.8018;0.0000;-791.4500;0.0000;6.8165;0.0000;-791.4500;0.0000;6.8165;1.0000;0.0000;0.0000;0.0000;0.0000
993;591.58;784.6500;54031.6000;9093.8000;8309.1500;15.6049;0.8067;0.0000;-784.6500;0.0000;6.8165;0.0000;-784.6500;0.0000;6.8165;1.0000;0.0000;0.0000;0.0000;0.0000
994;591.89;797.2500;54253.7000;9125.3500;8328.1000;15.5792;0.8075;0.0000;-797.2500;0.0000;6.8165;0.0000;-797.2500;0.0000;6.8165;1.0000;0.0000;0.0000;0.0000;0.0000
995;592.21;801.1500;54289.6500;9068.4500;8267.3000;15.4562;0.8109;0.0000;-801.1500;0.0000;6.8165;0.0000;-801.1500;0.0000;6.8165;1.0000;0.0000;0.0000;0.0000;0.0000
996;592.52;796.4000;54304.2000;9005.4500;8209.0500;15.3418;0.8141;0.0000;-796.4000;0.0000;6.8165;0.0000;-796.4000;0.0000;6.8165;1.0000;0.0000;0.0000;0.0000;0.0000
997;592.84;791.1500;54026.6000;8968.0500;8176.9000;15.3599;0.8136;0.0000;-791.1500;0.0000;6.8165;0.0000;-791.1500;0.0000;6.8165;1.0000;0.0000;0.0000;0.0000;0.0000
998;593.15;792.2000;54177.1500;9040.2500;8248.0500;15.4501;0.8111;0.0000;-792.2000;0.0000;6.8165;0.0000;-792.2000;0.0000;6.8165;1.0000;0.0000;0.0000;0.0000;0.0000
999;593.47;795.3000;53941.0000;8985.7000;8190.4000;15.4112;0.8122;0.0000;-795.3000;0.0000;6.8165;0.0000;-795.3000;0.0000;6.8165;1.0000;0.0000;0.0000;0.0000;0.0000
1000;593.79;788.8000;54310.0000;8959.8500;8171.0500;15.2669;0.8162;0.0000;-788.8000;0.0000;6.8165;0.0000;-788.8000;0.0000;6.8165;1.0000;0.0000;0.0000;0.0000;0.0000
1001;594.10;791.3000;54815.1500;8864.4000;8073.1000;14.9436;0.8255;0.0000;-791.3000;0.0000;6.8165;0.0000;-791.3000;0.0000;6.8165;1.0000;0.0000;0.0000;0.0000;0.0000
1002;594.42;805.1500;55285.2500;8834.1500;8029.0000;14.7375;0.8316;0.0000;-805.1500;0.0000;6.8165;0.0000;-805.1500;0.0000;6.8165;1.0000;0.0000;0.0000;0.0000;0.0000
1003;594.73;787.8000;55449.5000;8830.2500;8042.4500;14.7131;0.8323;0.0000;-787.8000;0.0000;6.8165;0.0000;-787.8000;0.0000;6.8165;1.0000;0.0000;0.0000;0.0000;0.0000
1004;595.05;807.4000;55191.0000;8894.2500;8086.8500;14.8700;0.8277;0.0000;-807.4000;0.0000;6.8165;0.0000;-807.4000;0.0000;6.8165;1.0000;0.0000;0.0000;0.0000;0.0000
1005;595.36;778.5500;54854.1500;8922.3000;8143.7500;15.0599;0.8222;0.0000;-778.5500;0.0000;6.8165;0.0000;-778.5500;0.0000;6.8165;1.0000;0.0000;0.0000;0.0000;0.0000
1006;595.68;777.1000;54185.9500;8977.7500;8200.6500;15.3545;0.8138;0.0000;-777.1000;0.0000;6.8165;0.0000;-777.1000;0.0000;6.8165;1.0000;0.0000;0.0000;0.0000;0.0000
1007;595.99;780.9500;54298.1000;8977.0000;8196.0500;15.3148;0.8149;0.0000;-780.9500;0.0000;6.8165;0.0000;-780.9500;0.0000;6.8165;1.0000;0.0000;0.0000;0.0000;0.0000
1008;596.30;784.1500;54132.8000;9114.5000;8330.3500;15.6149;0.8065;0.0000;-784.1500;0.0000;6.8165;0.0000;-784.1500;0.0000;6.8165;1.0000;0.0000;0.0000;0.0000;0.0000
1009;596.62;782.7500;54557.8500;9146.5500;8363.8000;15.5533;0.8082;0.0000;-782.7500;0.0000;6.8165;0.0000;-782.7500;0.0000;6.8165;1.0000;0.0000;0.0000;0.0000;0.0000
1010;596.93;788.0000;55188.2500;9111.6000;8323.6000;15.3007;0.8153;0.0000;-788.0000;0.0000;6.8165;0.0000;-788.0000;0.0000;6.8165;1.0000;0.0000;0.0000;0.0000;0.0000
1011;597.25;778.4000;55425.8000;9191.2000;8412.8000;15.3947;0.8126;0.0000;-778.4000;0.0000;6.8165;0.0000;-778.4000;0.0000;6.8165;1.0000;0.0000;0.0000;0.0000;0.0000
1012;597.56;786.2000;55229.4000;9196.8000;8410.6000;15.4484;0.8111;0.0000;-786.2000;0.0000;6.8165;0.0000;-786.2000;0.0000;6.8165;1.0000;0.0000;0.0000;0.0000;0.0000
1013;597.88;799.2000;54923.2500;9358.9500;8559.7500;15.8151;0.8009;0.0000;-799.2000;0.0000;6.8165;0.0000;-799.2000;0.0000;6.8165;1.0000;0.0000;0.0000;0.0000;0.0000
1014;598.19;781.3000;54851.2500;9467.0500;8685.7500;16.0639;0.7941;0.0000;-781.3000;0.0000;6.8165;0.0000;-781.3000;0.0000;6.8165;1.0000;0.0000;0.0000;0.0000;0.0000
1015;598.50;775.2000;54329.9000;9339.2000;8564.0000;15.9911;0.7961;0.0000;-775.2000;0.0000;6.8165;0.0000;-775.2000;0.0000;6.8165;1.0000;0.0000;0.0000;0.0000;0.0000
1016;598.82;782.2500;54312.2500;9336.5500;8554.3000;15.9804;0.7964;0.0000;-782.2500;0.0000;6.8165;0.0000;-782.2500;0.0000;6.8165;1.0000;0.0000;0.0000;0.0000;0.0000
1017;599.13;787.1000;54759.1500;9268.3500;8481.2500;15.7142;0.8037;0.0000;-787.1000;0.0000;6.8165;0.0000;-787.1000;0.0000;6.8165;1.0000;0.0000;0.0000;0.0000;0.0000
1018;599.45;790.8000;55177.7500;9243.1500;8452.3500;15.5411;0.8085;0.0000;-790.8000;0.0000;6.8165;0.0000;-790.8000;0.0000;6.8165;1.0000;0.0000;0.0000;0.0000;0.0000
1019;599.76;800.1500;55501.4500;9192.7500;8392.6000;15.3426;0.8141;0.0000;-800.1500;0.0000;6.8165;0.0000;-800.1500;0.0000;6.8165;1.0000;0.0000;0.0000;0.0000;0.0000
1020;600.07;778.9500;55770.9500;9251.4500;8472.5000;15.4068;0.8123;0.0000;-778.9500;0.0000;6.8165;0.0000;-778.9500;0.0000;6.8165;1.0000;0.0000;0.0000;0.0000;0.0000
1021;600.39;781.1500;55344.3000;9307.9000;8526.7500;15.6273;0.8061;0.0000;-781.1500;0.0000;6.8165;0.0000;-781.1500;0.0000;6.8165;1.0000;0.0000;0.0000;0.0000;0.0000
1022;600.70;787.3000;55363.0000;9280.3500;8493.0500;15.5620;0.8079;0.0000;-787.3000;0.0000;6.8165;0.0000;-787.3000;0.0000;6.8165;1.0000;0.0000;0.0000;0.0000;0.0000
1023;601.01;793.2000;55013.2500;9440.5500;8647.3500;15.9486;0.7973;0.0000;-793.2000;0.0000;6.8165;0.0000;-793.2000;0.0000;6.8165;1.0000;0.0000;0.0000;0.0000;0.0000
1024;601.33;791.6500;54844.4500;9431.0500;8639.4000;15.9833;0.7963;0.0000;-791.6500;0.0000;6.8165;0.0000;-791.6500;0.0000;6.8165;1.0000;0.0000;0.0000;0.0000;0.0000
1025;601.64;785.1000;55551.2000;9378.9500;8593.8500;15.6919;0.8043;0.0000;-785.1000;0.0000;6.8165;0.0000;-785.1000;0.0000;6.8165;1.0000;0.0000;0.0000;0.0000;0.0000
1026;601.95;795.3500;55650.6500;9381.4000;8586.0500;15.6522;0.8054;0.0000;-795.3500;0.0000;6.8165;0.0000;-795.3500;0.0000;6.8165;1.0000;0.0000;0.0000;0.0000;0.0000
1027;602.26;793.8500;55929.1500;9513.0500;8719.2000;15.8142;0.8010;0.0000;-793.8500;0.0000;6.8165;0.0000;-793.8500;0.0000;6.8165;1.0000;0.0000;0.0000;0.0000;0.0000
1028;602.58;793.7500;55707.0000;9544.5500;8750.8000;15.9357;0.7976;0.0000;-793.7500;0.0000;6.8165;0.0000;-793.7500;0.0000;6.8165;1.0000;0.0000;0.0000;0.0000;0.0000
1029;602.89;776.8000;55181.4500;9614.6500;8837.8500;16.2447;0.7893;0.0000;-776.8000;0.0000;6.8165;0.0000;-776.8000;0.0000;6.8165;1.0000;0.0000;0.0000;0.0000;0.0000
1030;603.20;778.8000;55151.4000;9646.3000;8867.5000;16.3088;0.7876;0.0000;-778.8000;0.0000;6.8165;0.0000;-778.8000;0.0000;6.8165;1.0000;0.0000;0.0000;0.0000;0.0000
1031;603.51;784.0000;54658.5000;9561.8500;8777.8500;16.2931;0.7880;0.0000;-784.0000;0.0000;6.8165;0.0000;-784.0000;0.0000;6.8165;1.0000;0.0000;0.0000;0.0000;0.0000
1032;603.83;809.7500;55305.0500;9533.5000;8723.7500;16.0083;0.7957;0.0000;-809.7500;0.0000;6.8165;0.0000;-809.7500;0.0000;6.8165;1.0000;0.0000;0.0000;0.0000;0.0000
1033;604.14;788.4500;56072.7500;9471.5500;8683.1000;15.7063;0.8039;0.0000;-788.4500;0.0000;6.8165;0.0000;-788.4500;0.0000;6.8165;1.0000;0.0000;0.0000;0.0000;0.0000
1034;604.45;797.0000;55991.3500;9532.8000;8735.8000;15.8273;0.8006;0.0000;-797.0000;0.0000;6.8165;0.0000;-797.0000;0.0000;6.8165;1.0000;0.0000;0.0000;0.0000;0.0000
1035;604.76;776.4500;55612.8500;9563.3000;8786.8500;16.0238;0.7952;0.0000;-776.4500;0.0000;6.8165;0.0000;-776.4500;0.0000;6.8165;1.0000;0.0000;0.0000;0.0000;0.0000
1036;605.07;782.4500;55781.7000;9635.9500;8853.5000;16.0975;0.7932;0.0000;-782.4500;0.0000;6.8165;0.0000;-782.4500;0.0000;6.8165;1.0000;0.0000;0.0000;0.0000;0.0000
1037;605.39;795.3000;55637.6000;9714.3500;8919.0500;16.2631;0.7888;0.0000;-795.3000;0.0000;6.8165;0.0000;-795.3000;0.0000;6.8165;1.0000;0.0000;0.0000;0.0000;0.0000
1038;605.70;793.0000;55844.2500;9780.2000;8987.2000;16.3252;0.7871;0.0000;-793.0000;0.0000;6.8165;0.0000;-793.0000;0.0000;6.8165;1.0000;0.0000;0.0000;0.0000;0.0000
1039;606.01;787.9000;55433.9500;9815.2500;9027.3500;16.5197;0.7820;0.0000;-787.9000;0.0000;6.8165;0.0000;-787.9000;0.0000;6.8165;1.0000;0.0000;0.0000;0.0000;0.0000
1040;606.32;796.3500;56068.9000;9778.5000;8982.1500;16.2507;0.7891;0.0000;-796.3500;0.0000;6.8165;0.0000;-796.3500;0.0000;6.8165;1.0000;0.0000;0.0000;0.0000;0.0000
1041;606.63;784.0000;55911.3000;9732.0000;8948.0000;16.2315;0.7896;0.0000;-784.0000;0.0000;6.8165;0.0000;-784.0000;0.0000;6.8165;1.0000;0.0000;0.0000;0.0000;0.0000
1042;606.94;772.6000;55892.1000;9742.7500;8970.1500;16.2740;0.7885;0.0000;-772.6000;0.0000;6.8165;0.0000;-772.6000;0.0000;6.8165;1.0000;0.0000;0.0000;0.0000;0.0000
1043;607.26;786.6500;55872.0500;9762.2000;8975.5500;16.2939;0.7880;0.0000;-786.6500;0.0000;6.8165;0.0000;-786.6500;0.0000;6.8165;1.0000;0.0000;0.0000;0.0000;0.0000
1044;607.57;789.8000;56135.1000;9842.1500;9052.3500;16.3561;0.7863;0.0000;-789.8000;0.0000;6.8165;0.0000;-789.8000;0.0000;6.8165;1.0000;0.0000;0.0000;0.0000;0.0000
1045;607.88;783.6500;56324.4000;9845.9500;9062.3000;16.3165;0.7874;0.0000;-783.6500;0.0000;6.8165;0.0000;-783.6500;0.0000;6.8165;1.0000;0.0000;0.0000;0.0000;0.0000
1046;608.19;794.1000;55968.0000;9942.2000;9148.1000;16.5805;0.7804;0.0000;-794.1000;0.0000;6.8165;0.0000;-794.1000;0.0000;6.8165;1.0000;0.0000;0.0000;0.0000;0.0000
1047;608.50;787.7000;55207.1500;10038.8000;9251.1000;16.9996;0.7696;0.0000;-787.7000;0.0000;6.8165;0.0000;-787.7000;0.0000;6.8165;1.0000;0.0000;0.0000;0.0000;0.0000
1048;608.81;768.9000;55159.9000;9992.4500;9223.5500;16.9579;0.7706;0.0000;-768.9000;0.0000;6.8165;0.0000;-768.9000;0.0000;6.8165;1.0000;0.0000;0.0000;0.0000;0.0000
1049;609.12;780.0500;55404.1500;9993.4500;9213.4000;16.8669;0.7730;0.0000;-780.0500;0.0000;6.8165;0.0000;-780.0500;0.0000;6.8165;1.0000;0.0000;0.0000;0.0000;0.0000
1050;609.43;782.6000;56140.7500;10059.5500;9276.9500;16.7581;0.7758;0.0000;-782.6000;0.0000;6.8165;0.0000;-782.6000;0.0000;6.8165;1.0000;0.0000;0.0000;0.0000;0.0000
1051;609.74;786.9000;56659.8500;10048.8500;9261.9500;16.5768;0.7805;0.0000;-786.9000;0.0000;6.8165;0.0000;-786.9000;0.0000;6.8165;1.0000;0.0000;0.0000;0.0000;0.0000
1052;610.05;787.6500;56983.5000;10051.4000;9263.7500;16.4848;0.7829;0.0000;-787.6500;0.0000;6.8165;0.0000;-787.6500;0.0000;6.8165;1.0000;0.0000;0.0000;0.0000;0.0000
1053;610.36;785.7500;56358.5500;9995.4000;9209.6500;16.5722;0.7806;0.0000;-785.7500;0.0000;6.8165;0.0000;-785.7500;0.0000;6.8165;1.0000;0.0000;0.0000;0.0000;0.0000
1054;610.67;788.9000;55567.5500;10069.5500;9280.6500;16.9421;0.7710;0.0000;-788.9000;0.0000;6.8165;0.0000;-788.9000;0.0000;6.8165;1.0000;0.0000;0.0000;0.0000;0.0000
1055;610.98;797.3000;55357.2500;10070.8000;9273.5000;16.9969;0.7696;0.0000;-797.3000;0.0000;6.8165;0.0000;-797.3000;0.0000;6.8165;1.0000;0.0000;0.0000;0.0000;0.0000
1056;611.29;797.6000;55074.9500;10083.0500;9285.4500;17.1074;0.7668;0.0000;-797.6000;0.0000;6.8165;0.0000;-797.6000;0.0000;6.8165;1.0000;0.0000;0.0000;0.0000;0.0000
1057;611.60;796.7000;55212.6500;10121.1500;9324.4500;17.1355;0.7661;0.0000;-796.7000;0.0000;6.8165;0.0000;-796.7000;0.0000;6.8165;1.0000;0.0000;0.0000;0.0000;0.0000
1058;611.91;792.9500;55919.7500;10214.5500;9421.6000;17.0908;0.7672;0.0000;-792.9500;0.0000;6.8165;0.0000;-792.9500;0.0000;6.8165;1.0000;0.0000;0.0000;0.0000;0.0000
1059;612.22;786.3500;55791.7000;10170.0500;9383.7000;17.0596;0.7680;0.0000;-786.3500;0.0000;6.8165;0.0000;-786.3500;0.0000;6.8165;1.0000;0.0000;0.0000;0.0000;0.0000
1060;612.53;786.2500;55948.9000;10045.0500;9258.8000;16.7845;0.7751;0.0000;-786.2500;0.0000;6.8165;0.0000;-786.2500;0.0000;6.8165;1.0000;0.0000;0.0000;0.0000;0.0000
1061;612.84;794.7500;56782.2000;10161.3000;9366.5500;16.7297;0.7765;0.0000;-794.7500;0.0000;6.8165;0.0000;-794.7500;0.0000;6.8165;1.0000;0.0000;0.0000;0.0000;0.0000
1062;613.15;779.6000;56228.0500;10107.7500;9328.1500;16.8231;0.7741;0.0000;-779.6000;0.0000;6.8165;0.0000;-779.6000;0.0000;6.8165;1.0000;0.0000;0.0000;0.0000;0.0000
1063;613.46;776.1000;56040.8500;10201.7000;9425.6000;17.0554;0.7681;0.0000;-776.1000;0.0000;6.8165;0.0000;-776.1000;0.0000;6.8165;1.0000;0.0000;0.0000;0.0000;0.0000
1064;613.77;779.9500;56228.1500;10165.5000;9385.5500;16.9267;0.7714;0.0000;-779.9500;0.0000;6.8165;0.0000;-779.9500;0.0000;6.8165;1.0000;0.0000;0.0000;0.0000;0.0000
1065;614.08;809.1500;56218.1000;10124.0000;9314.8500;16.8111;0.7744;0.0000;-809.1500;0.0000;6.8165;0.0000;-809.1500;0.0000;6.8165;1.0000;0.0000;0.0000;0.0000;0.0000
1066;614.39;791.5000;56203.6500;10205.2500;9413.7500;16.9886;0.7698;0.0000;-791.5000;0.0000;6.8165;0.0000;-791.5000;0.0000;6.8165;1.0000;0.0000;0.0000;0.0000;0.0000
1067;614.70;785.4000;56508.4000;10271.3500;9485.9500;17.0234;0.7690;0.0000;-785.4000;0.0000;6.8165;0.0000;-785.4000;0.0000;6.8165;1.0000;0.0000;0.0000;0.0000;0.0000
1068;615.00;780.0500;56558.1500;10294.1500;9514.1000;17.0571;0.7681;0.0000;-780.0500;0.0000;6.8165;0.0000;-780.0500;0.0000;6.8165;1.0000;0.0000;0.0000;0.0000;0.0000
1069;615.31;796.1000;56556.7500;10291.4000;9495.3000;17.0287;0.7688;0.0000;-796.1000;0.0000;6.8165;0.0000;-796.1000;0.0000;6.8165;1.0000;0.0000;0.0000;0.0000;0.0000
1070;615.62;802.7500;56433.4000;10367.2500;9564.5000;17.1929;0.7647;0.0000;-802.7500;0.0000;6.8165;0.0000;-802.7500;0.0000;6.8165;1.0000;0.0000;0.0000;0.0000;0.0000
1071;615.93;781.2500;56470.2500;10360.7000;9579.4500;17.2017;0.7644;0.0000;-781.2500;0.0000;6.8165;0.0000;-781.2500;0.0000;6.8165;1.0000;0.0000;0.0000;0.0000;0.0000
1072;616.24;777.4000;55873.6500;10328.6000;9551.2000;17.3355;0.7611;0.0000;-777.4000;0.0000;6.8165;0.0000;-777.4000;0.0000;6.8165;1.0000;0.0000;0.0000;0.0000;0.0000
1073;616.55;777.7500;55499.3000;10308.5000;9530.7500;17.4168;0.7590;0.0000;-777.7500;0.0000;6.8165;0.0000;-777.7500;0.0000;6.8165;1.0000;0.0000;0.0000;0.0000;0.0000
1074;616.86;787.7000;55785.5500;10337.6000;9549.9000;17.3641;0.7603;0.0000;-787.7000;0.0000;6.8165;0.0000;-787.7000;0.0000;6.8165;1.0000;0.0000;0.0000;0.0000;0.0000
1075;617.16;785.2000;55939.1000;10268.6000;9483.4000;17.1944;0.7646;0.0000;-785.2000;0.0000;6.8165;0.0000;-785.2000;0.0000;6.8165;1.0000;0.0000;0.0000;0.0000;0.0000
1076;617.47;793.8500;56090.2000;10355.4500;9561.6000;17.2916;0.7622;0.0000;-793.8500;0.0000;6.8165;0.0000;-793.8500;0.0000;6.8165;1.0000;0.0000;0.0000;0.0000;0.0000
1077;617.78;789.1000;56444.5500;10480.0500;9690.9500;17.4124;0.7591;0.0000;-789.1000;0.0000;6.8165;0.0000;-789.1000;0.0000;6.8165;1.0000;0.0000;0.0000;0.0000;0.0000
1078;618.09;787.1500;56249.6500;10410.2000;9623.0500;17.3506;0.7607;0.0000;-787.1500;0.0000;6.8165;0.0000;-787.1500;0.0000;6.8165;1.0000;0.0000;0.0000;0.0000;0.0000
1079;618.40;794.3000;56570.7500;10474.5500;9680.2500;17.3554;0.7606;0.0000;-794.3000;0.0000;6.8165;0.0000;-794.3000;0.0000;6.8165;1.0000;0.0000;0.0000;0.0000;0.0000
1080;618.70;798.8000;55828.8500;10379.9500;9581.1500;17.4108;0.7592;0.0000;-798.8000;0.0000;6.8165;0.0000;-798.8000;0.0000;6.8165;1.0000;0.0000;0.0000;0.0000;0.0000
1081;619.01;795.9000;55161.5500;10351.5000;9555.6000;17.5765;0.7551;0.0000;-795.9000;0.0000;6.8165;0.0000;-795.9000;0.0000;6.8165;1.0000;0.0000;0.0000;0.0000;0.0000
1082;619.32;778.2000;55726.8000;10356.3500;9578.1500;17.4311;0.7587;0.0000;-778.2000;0.0000;6.8165;0.0000;-778.2000;0.0000;6.8165;1.0000;0.0000;0.0000;0.0000;0.0000
1083;619.63;790.2000;56021.9500;10384.3500;9594.1500;17.3707;0.7602;0.0000;-790.2000;0.0000;6.8165;0.0000;-790.2000;0.0000;6.8165;1.0000;0.0000;0.0000;0.0000;0.0000
1084;619.93;796.7000;56052.3000;10360.7500;9564.0500;17.3087;0.7617;0.0000;-796.7000;0.0000;6.8165;0.0000;-796.7000;0.0000;6.8165;1.0000;0.0000;0.0000;0.0000;0.0000
1085;620.24;796.9000;56247.3500;10380.0000;9583.1000;17.2823;0.7624;0.0000;-796.9000;0.0000;6.8165;0.0000;-796.9000;0.0000;6.8165;1.0000;0.0000;0.0000;0.0000;0.0000
1086;620.55;783.9000;56386.4000;10332.2500;9548.3500;17.1725;0.7652;0.0000;-783.9000;0.0000;6.8165;0.0000;-783.9000;0.0000;6.8165;1.0000;0.0000;0.0000;0.0000;0.0000
1087;620.85;796.3500;56501.5000;10343.4500;9547.1000;17.1386;0.7660;0.0000;-796.3500;0.0000;6.8165;0.0000;-796.3500;0.0000;6.8165;1.0000;0.0000;0.0000;0.0000;0.0000
1088;621.16;797.2500;56136.1000;10308.4000;9511.1500;17.1871;0.7648;0.0000;-797.2500;0.0000;6.8165;0.0000;-797.2500;0.0000;6.8165;1.0000;0.0000;0.0000;0.0000;0.0000
1089;621.47;792.4000;56304.1500;10287.3000;9494.9000;17.1043;0.7669;0.0000;-792.4000;0.0000;6.8165;0.0000;-792.4000;0.0000;6.8165;1.0000;0.0000;0.0000;0.0000;0.0000
1090;621.77;779.8000;56264.6500;10271.9500;9492.1500;17.1076;0.7668;0.0000;-779.8000;0.0000;6.8165;0.0000;-779.8000;0.0000;6.8165;1.0000;0.0000;0.0000;0.0000;0.0000
1091;622.08;795.6500;56034.6500;10198.8000;9403.1500;17.0227;0.7690;0.0000;-795.6500;0.0000;6.8165;0.0000;-795.6500;0.0000;6.8165;1.0000;0.0000;0.0000;0.0000;0.0000
1092;622.39;790.8500;55452.1000;10052.7500;9261.9000;16.9442;0.7710;0.0000;-790.8500;0.0000;6.8165;0.0000;-790.8500;0.0000;6.8165;1.0000;0.0000;0.0000;0.0000;0.0000
1093;622.69;786.6000;55883.9000;10149.8000;9363.2000;16.9939;0.7697;0.0000;-786.6000;0.0000;6.8165;0.0000;-786.6000;0.0000;6.8165;1.0000;0.0000;0.0000;0.0000;0.0000
1094;623.00;785.8500;55658.0500;10100.9500;9315.1000;16.9760;0.7702;0.0000;-785.8500;0.0000;6.8165;0.0000;-785.8500;0.0000;6.8165;1.0000;0.0000;0.0000;0.0000;0.0000
1095;623.31;779.9500;55851.6500;10194.9000;9414.9500;17.0958;0.7671;0.0000;-779.9500;0.0000;6.8165;0.0000;-779.9500;0.0000;6.8165;1.0000;0.0000;0.0000;0.0000;0.0000
1096;623.61;781.8000;55920.8500;10310.3500;9528.5500;17.2809;0.7624;0.0000;-781.8000;0.0000;6.8165;0.0000;-781.8000;0.0000;6.8165;1.0000;0.0000;0.0000;0.0000;0.0000
1097;623.92;784.3000;55951.0000;10134.0000;9349.7000;16.9481;0.7709;0.0000;-784.3000;0.0000;6.8165;0.0000;-784.3000;0.0000;6.8165;1.0000;0.0000;0.0000;0.0000;0.0000
1098;624.22;772.4000;55487.5500;10081.5500;9309.1500;17.0138;0.7692;0.0000;-772.4000;0.0000;6.8165;0.0000;-772.4000;0.0000;6.8165;1.0000;0.0000;0.0000;0.0000;0.0000
1099;624.53;784.8000;55098.2000;10063.9000;9279.1000;17.0844;0.7674;0.0000;-784.8000;0.0000;6.8165;0.0000;-784.8000;0.0000;6.8165;1.0000;0.0000;0.0000;0.0000;0.0000
1100;624.84;787.0500;54413.3500;10022.3500;9235.3000;17.2216;0.7639;0.0000;-787.0500;0.0000;6.8165;0.0000;-787.0500;0.0000;6.8165;1.0000;0.0000;0.0000;0.0000;0.0000
1101;625.14;783.1000;54319.7000;10027.9500;9244.8500;17.2683;0.7628;0.0000;-783.1000;0.0000;6.8165;0.0000;-783.1000;0.0000;6.8165;1.0000;0.0000;0.0000;0.0000;0.0000
1102;625.45;787.6000;54526.3500;10084.8500;9297.2500;17.3008;0.7619;0.0000;-787.6000;0.0000;6.8165;0.0000;-787.6000;0.0000;6.8165;1.0000;0.0000;0.0000;0.0000;0.0000
1103;625.75;772.3500;55568.0000;9954.0500;9181.7000;16.7563;0.7758;0.0000;-772.3500;0.0000;6.8165;0.0000;-772.3500;0.0000;6.8165;1.0000;0.0000;0.0000;0.0000;0.0000
1104;626.06;791.2500;55831.4000;9955.1000;9163.8500;16.6494;0.7786;0.0000;-791.2500;0.0000;6.8165;0.0000;-791.2500;0.0000;6.8165;1.0000;0.0000;0.0000;0.0000;0.0000
1105;626.36;783.8500;55616.5500;9914.7500;9130.9000;16.6523;0.7785;0.0000;-783.8500;0.0000;6.8165;0.0000;-783.8500;0.0000;6.8165;1.0000;0.0000;0.0000;0.0000;0.0000
1106;626.67;798.5500;55700.1500;9932.7000;9134.1500;16.6373;0.7789;0.0000;-798.5500;0.0000;6.8165;0.0000;-798.5500;0.0000;6.8165;1.0000;0.0000;0.0000;0.0000;0.0000
1107;626.97;783.5500;55491.6500;9823.0000;9039.4500;16.5231;0.7819;0.0000;-783.5500;0.0000;6.8165;0.0000;-783.5500;0.0000;6.8165;1.0000;0.0000;0.0000;0.0000;0.0000
1108;627.28;783.0500;54878.9000;9858.3000;9075.2500;16.7762;0.7753;0.0000;-783.0500;0.0000;6.8165;0.0000;-783.0500;0.0000;6.8165;1.0000;0.0000;0.0000;0.0000;0.0000
1109;627.58;803.9000;54681.7000;9803.0500;8999.1500;16.7029;0.7772;0.0000;-803.9000;0.0000;6.8165;0.0000;-803.9000;0.0000;6.8165;1.0000;0.0000;0.0000;0.0000;0.0000
1110;627.89;791.8500;54667.4000;9779.8500;8988.0000;16.6829;0.7777;0.0000;-791.8500;0.0000;6.8165;0.0000;-791.8500;0.0000;6.8165;1.0000;0.0000;0.0000;0.0000;0.0000
1111;628.19;785.2500;54538.7000;9789.5500;9004.3000;16.7511;0.7760;0.0000;-785.2500;0.0000;6.8165;0.0000;-785.2500;0.0000;6.8165;1.0000;0.0000;0.0000;0.0000;0.0000
1112;628.50;795.4500;55048.4500;9803.6000;9008.1500;16.6040;0.7798;0.0000;-795.4500;0.0000;6.8165;0.0000;-795.4500;0.0000;6.8165;1.0000;0.0000;0.0000;0.0000;0.0000
1113;628.80;788.4500;54933.2000;9792.5500;9004.1000;16.6297;0.7791;0.0000;-788.4500;0.0000;6.8165;0.0000;-788.4500;0.0000;6.8165;1.0000;0.0000;0.0000;0.0000;0.0000
1114;629.11;764.0500;54965.7000;9749.6000;8985.5500;16.5780;0.7805;0.0000;-764.0500;0.0000;6.8165;0.0000;-764.0500;0.0000;6.8165;1.0000;0.0000;0.0000;0.0000;0.0000
1115;629.41;776.8000;54968.1000;9713.9000;8937.1000;16.4918;0.7827;0.0000;-776.8000;0.0000;6.8165;0.0000;-776.8000;0.0000;6.8165;1.0000;0.0000;0.0000;0.0000;0.0000
1116;629.71;785.0500;54528.8000;9655.0000;8869.9500;16.5042;0.7824;0.0000;-785.0500;0.0000;6.8165;0.0000;-785.0500;0.0000;6.8165;1.0000;0.0000;0.0000;0.0000;0.0000
1117;630.02;797.7500;54199.6000;9621.4500;8823.7000;16.5232;0.7819;0.0000;-797.7500;0.0000;6.8165;0.0000;-797.7500;0.0000;6.8165;1.0000;0.0000;0.0000;0.0000;0.0000
1118;630.32;802.1500;53570.6500;9512.1500;8710.0000;16.5061;0.7824;0.0000;-802.1500;0.0000;6.8165;0.0000;-802.1500;0.0000;6.8165;1.0000;0.0000;0.0000;0.0000;0.0000
1119;630.63;788.1000;53070.4500;9474.1500;8686.0500;16.6137;0.7795;0.0000;-788.1000;0.0000;6.8165;0.0000;-788.1000;0.0000;6.8165;1.0000;0.0000;0.0000;0.0000;0.0000
1120;630.93;791.9500;54172.1500;9582.0500;8790.1000;16.4670;0.7834;0.0000;-791.9500;0.0000;6.8165;0.0000;-791.9500;0.0000;6.8165;1.0000;0.0000;0.0000;0.0000;0.0000
1121;631.23;783.5000;54970.6000;9590.6500;8807.1500;16.2532;0.7891;0.0000;-783.5000;0.0000;6.8165;0.0000;-783.5000;0.0000;6.8165;1.0000;0.0000;0.0000;0.0000;0.0000
1122;631.54;786.4500;54974.6500;9510.5000;8724.0500;16.0995;0.7932;0.0000;-786.4500;0.0000;6.8165;0.0000;-786.4500;0.0000;6.8165;1.0000;0.0000;0.0000;0.0000;0.0000
1123;631.84;797.4500;54813.4500;9509.4000;8711.9500;16.1285;0.7924;0.0000;-797.4500;0.0000;6.8165;0.0000;-797.4500;0.0000;6.8165;1.0000;0.0000;0.0000;0.0000;0.0000
1124;632.14;796.3500;54605.5000;9416.4500;8620.1000;16.0198;0.7953;0.0000;-796.3500;0.0000;6.8165;0.0000;-796.3500;0.0000;6.8165;1.0000;0.0000;0.0000;0.0000;0.0000
1125;632.45;779.4500;54011.4000;9250.4500;8471.0000;15.9134;0.7982;0.0000;-779.4500;0.0000;6.8165;0.0000;-779.4500;0.0000;6.8165;1.0000;0.0000;0.0000;0.0000;0.0000
1126;632.75;783.5500;54108.0500;9302.7500;8519.2000;15.9761;0.7965;0.0000;-783.5500;0.0000;6.8165;0.0000;-783.5500;0.0000;6.8165;1.0000;0.0000;0.0000;0.0000;0.0000
1127;633.05;789.3000;53378.0000;9233.7000;8444.4000;16.0574;0.7943;0.0000;-789.3000;0.0000;6.8165;0.0000;-789.3000;0.0000;6.8165;1.0000;0.0000;0.0000;0.0000;0.0000
1128;633.36;790.4500;53617.5000;9321.0500;8530.6000;16.1482;0.7919;0.0000;-790.4500;0.0000;6.8165;0.0000;-790.4500;0.0000;6.8165;1.0000;0.0000;0.0000;0.0000;0.0000
1129;633.66;796.8500;53657.1000;9203.7000;8406.8500;15.9039;0.7985;0.0000;-796.8500;0.0000;6.8165;0.0000;-796.8500;0.0000;6.8165;1.0000;0.0000;0.0000;0.0000;0.0000
1130;633.96;785.5000;54422.8500;9105.7500;8320.2500;15.5120;0.8093;0.0000;-785.5000;0.0000;6.8165;0.0000;-785.5000;0.0000;6.8165;1.0000;0.0000;0.0000;0.0000;0.0000
1131;634.27;791.7000;54319.4500;9132.4000;8340.7000;15.5820;0.8074;0.0000;-791.7000;0.0000;6.8165;0.0000;-791.7000;0.0000;6.8165;1.0000;0.0000;0.0000;0.0000;0.0000
1132;634.57;782.2500;54394.7500;9100.7500;8318.5000;15.5160;0.8092;0.0000;-782.2500;0.0000;6.8165;0.0000;-782.2500;0.0000;6.8165;1.0000;0.0000;0.0000;0.0000;0.0000
1133;634.87;791.9000;54376.6000;8975.4000;8183.5000;15.2721;0.8161;0.0000;-791.9000;0.0000;6.8165;0.0000;-791.9000;0.0000;6.8165;1.0000;0.0000;0.0000;0.0000;0.0000
1134;635.17;789.5000;53875.2500;9037.8000;8248.3000;15.5377;0.8086;0.0000;-789.5000;0.0000;6.8165;0.0000;-789.5000;0.0000;6.8165;1.0000;0.0000;0.0000;0.0000;0.0000
1135;635.48;783.2000;52982.1500;8949.3500;8166.1500;15.6443;0.8056;0.0000;-783.2000;0.0000;6.8165;0.0000;-783.2000;0.0000;6.8165;1.0000;0.0000;0.0000;0.0000;0.0000
1136;635.78;794.5500;52903.2500;8903.1500;8108.6000;15.5609;0.8080;0.0000;-794.5500;0.0000;6.8165;0.0000;-794.5500;0.0000;6.8165;1.0000;0.0000;0.0000;0.0000;0.0000
1137;636.08;790.1000;52512.2500;8860.5000;8070.4000;15.6034;0.8068;0.0000;-790.1000;0.0000;6.8165;0.0000;-790.1000;0.0000;6.8165;1.0000;0.0000;0.0000;0.0000;0.0000
1138;636.38;789.7500;52585.5000;8896.4000;8106.6500;15.6512;0.8055;0.0000;-789.7500;0.0000;6.8165;0.0000;-789.7500;0.0000;6.8165;1.0000;0.0000;0.0000;0.0000;0.0000
1139;636.68;782.9500;52767.2000;8804.9000;8021.9500;15.4315;0.8116;0.0000;-782.9500;0.0000;6.8165;0.0000;-782.9500;0.0000;6.8165;1.0000;0.0000;0.0000;0.0000;0.0000
1140;636.99;788.5500;53361.5500;8755.8500;7967.3000;15.1547;0.8195;0.0000;-788.5500;0.0000;6.8165;0.0000;-788.5500;0.0000;6.8165;1.0000;0.0000;0.0000;0.0000;0.0000
1141;637.29;784.4000;53764.3500;8700.9000;7916.5000;14.9424;0.8256;0.0000;-784.4000;0.0000;6.8165;0.0000;-784.4000;0.0000;6.8165;1.0000;0.0000;0.0000;0.0000;0.0000
1142;637.59;796.6000;53093.2000;8726.8000;7930.2000;15.1639;0.8192;0.0000;-796.6000;0.0000;6.8165;0.0000;-796.6000;0.0000;6.8165;1.0000;0.0000;0.0000;0.0000;0.0000
1143;637.89;796.6000;52522.2000;8598.6500;7802.0500;15.0835;0.8215;0.0000;-796.6000;0.0000;6.8165;0.0000;-796.6000;0.0000;6.8165;1.0000;0.0000;0.0000;0.0000;0.0000
1144;638.19;778.2500;53003.5000;8598.2500;7820.0000;14.9736;0.8247;0.0000;-778.2500;0.0000;6.8165;0.0000;-778.2500;0.0000;6.8165;1.0000;0.0000;0.0000;0.0000;0.0000
1145;638.49;797.6500;52544.0000;8596.2500;7798.6000;15.0708;0.8219;0.0000;-797.6500;0.0000;6.8165;0.0000;-797.6500;0.0000;6.8165;1.0000;0.0000;0.0000;0.0000;0.0000
1146;638.80;803.8500;52131.5000;8634.9000;7831.0500;15.2570;0.8165;0.0000;-803.8500;0.0000;6.8165;0.0000;-803.8500;0.0000;6.8165;1.0000;0.0000;0.0000;0.0000;0.0000
1147;639.10;795.2000;51917.3000;8580.6000;7785.4000;15.2290;0.8173;0.0000;-795.2000;0.0000;6.8165;0.0000;-795.2000;0.0000;6.8165;1.0000;0.0000;0.0000;0.0000;0.0000
1148;639.40;783.3500;52106.9500;8490.9500;7707.6000;15.0177;0.8234;0.0000;-783.3500;0.0000;6.8165;0.0000;-783.3500;0.0000;6.8165;1.0000;0.0000;0.0000;0.0000;0.0000
1149;639.70;790.6000;52221.8000;8475.0500;7684.4500;14.9412;0.8256;0.0000;-790.6000;0.0000;6.8165;0.0000;-790.6000;0.0000;6.8165;1.0000;0.0000;0.0000;0.0000;0.0000
1150;640.00;784.5000;52424.3000;8472.2500;7687.7500;14.8873;0.8272;0.0000;-784.5000;0.0000;6.8165;0.0000;-784.5000;0.0000;6.8165;1.0000;0.0000;0.0000;0.0000;0.0000
1151;640.30;778.7000;52697.7500;8560.6500;7781.9500;14.9886;0.8242;0.0000;-778.7000;0.0000;6.8165;0.0000;-778.7000;0.0000;6.8165;1.0000;0.0000;0.0000;0.0000;0.0000
1152;640.60;790.3500;52764.3500;8455.1000;7664.7500;14.7473;0.8313;0.0000;-790.3500;0.0000;6.8165;0.0000;-790.3500;0.0000;6.8165;1.0000;0.0000;0.0000;0.0000;0.0000
1153;640.90;780.2500;53005.9500;8485.3500;7705.1000;14.7535;0.8311;0.0000;-780.2500;0.0000;6.8165;0.0000;-780.2500;0.0000;6.8165;1.0000;0.0000;0.0000;0.0000;0.0000
1154;641.20;789.5500;52297.2500;8430.9000;7641.3500;14.8354;0.8287;0.0000;-789.5500;0.0000;6.8165;0.0000;-789.5500;0.0000;6.8165;1.0000;0.0000;0.0000;0.0000;0.0000
1155;641.50;789.1500;52283.4500;8457.4000;7668.2500;14.8915;0.8271;0.0000;-789.1500;0.0000;6.8165;0.0000;-789.1500;0.0000;6.8165;1.0000;0.0000;0.0000;0.0000;0.0000
1156;641.80;776.9500;52026.6500;8434.8000;7657.8500;14.9422;0.8256;0.0000;-776.9500;0.0000;6.8165;0.0000;-776.9500;0.0000;6.8165;1.0000;0.0000;0.0000;0.0000;0.0000
1157;642.10;785.7500;52202.1000;8342.5000;7556.7500;14.6972;0.8328;0.0000;-785.7500;0.0000;6.8165;0.0000;-785.7500;0.0000;6.8165;1.0000;0.0000;0.0000;0.0000;0.0000
1158;642.40;789.1000;51770.6000;8301.3500;7512.2500;14.7352;0.8316;0.0000;-789.1000;0.0000;6.8165;0.0000;-789.1000;0.0000;6.8165;1.0000;0.0000;0.0000;0.0000;0.0000
1159;642.70;787.2000;52047.7000;8324.4000;7537.2000;14.7037;0.8326;0.0000;-787.2000;0.0000;6.8165;0.0000;-787.2000;0.0000;6.8165;1.0000;0.0000;0.0000;0.0000;0.0000
1160;643.00;772.7000;51884.9000;8272.5500;7499.8500;14.6733;0.8335;0.0000;-772.7000;0.0000;6.8165;0.0000;-772.7000;0.0000;6.8165;1.0000;0.0000;0.0000;0.0000;0.0000
1161;643.30;779.0000;51821.8500;8240.4000;7461.4000;14.6179;0.8351;0.0000;-779.0000;0.0000;6.8165;0.0000;-779.0000;0.0000;6.8165;1.0000;0.0000;0.0000;0.0000;0.0000
1162;643.60;788.2000;51185.9000;8201.6500;7413.4500;14.7099;0.8324;0.0000;-788.2000;0.0000;6.8165;0.0000;-788.2000;0.0000;6.8165;1.0000;0.0000;0.0000;0.0000;0.0000
1163;643.90;792.1500;50692.4500;8265.9500;7473.8000;14.9775;0.8246;0.0000;-792.1500;0.0000;6.8165;0.0000;-792.1500;0.0000;6.8165;1.0000;0.0000;0.0000;0.0000;0.0000
1164;644.20;788.9500;50546.2500;8317.8500;7528.9000;15.1312;0.8201;0.0000;-788.9500;0.0000;6.8165;0.0000;-788.9500;0.0000;6.8165;1.0000;0.0000;0.0000;0.0000;0.0000
1165;644.50;785.4500;50442.5000;8225.3500;7439.9000;14.9826;0.8244;0.0000;-785.4500;0.0000;6.8165;0.0000;-785.4500;0.0000;6.8165;1.0000;0.0000;0.0000;0.0000;0.0000
1166;644.80;780.9000;50131.6500;8164.4500;7383.5500;14.9614;0.8250;0.0000;-780.9000;0.0000;6.8165;0.0000;-780.9000;0.0000;6.8165;1.0000;0.0000;0.0000;0.0000;0.0000
1167;645.10;786.7000;50644.4000;8233.5500;7446.8500;14.9362;0.8258;0.0000;-786.7000;0.0000;6.8165;0.0000;-786.7000;0.0000;6.8165;1.0000;0.0000;0.0000;0.0000;0.0000
1168;645.40;779.0500;51145.7000;8166.2500;7387.2000;14.6668;0.8337;0.0000;-779.0500;0.0000;6.8165;0.0000;-779.0500;0.0000;6.8165;1.0000;0.0000;0.0000;0.0000;0.0000
1169;645.70;778.1500;51180.8000;8246.9500;7468.8000;14.8183;0.8292;0.0000;-778.1500;0.0000;6.8165;0.0000;-778.1500;0.0000;6.8165;1.0000;0.0000;0.0000;0.0000;0.0000
1170;646.00;785.2000;50353.8000;8194.5000;7409.3000;14.9476;0.8254;0.0000;-785.2000;0.0000;6.8165;0.0000;-785.2000;0.0000;6.8165;1.0000;0.0000;0.0000;0.0000;0.0000
1171;646.30;778.8000;50825.9000;8236.4000;7457.6000;14.9012;0.8268;0.0000;-778.8000;0.0000;6.8165;0.0000;-778.8000;0.0000;6.8165;1.0000;0.0000;0.0000;0.0000;0.0000
1172;646.59;785.5500;50867.8500;8256.9000;7471.3500;14.9181;0.8263;0.0000;-785.5500;0.0000;6.8165;0.0000;-785.5500;0.0000;6.8165;1.0000;0.0000;0.0000;0.0000;0.0000
1173;646.89;786.2500;50867.6000;8282.3000;7496.0500;14.9677;0.8248;0.0000;-786.2500;0.0000;6.8165;0.0000;-786.2500;0.0000;6.8165;1.0000;0.0000;0.0000;0.0000;0.0000
1174;647.19;777.5500;50478.6000;8198.7500;7421.2000;14.9317;0.8259;0.0000;-777.5500;0.0000;6.8165;0.0000;-777.5500;0.0000;6.8165;1.0000;0.0000;0.0000;0.0000;0.0000
1175;647.49;783.9500;50501.6000;8222.8000;7438.8500;14.9622;0.8250;0.0000;-783.9500;0.0000;6.8165;0.0000;-783.9500;0.0000;6.8165;1.0000;0.0000;0.0000;0.0000;0.0000
1176;647.79;787.4500;50850.9000;8268.5000;7481.0500;14.9431;0.8256;0.0000;-787.4500;0.0000;6.8165;0.0000;-787.4500;0.0000;6.8165;1.0000;0.0000;0.0000;0.0000;0.0000
1177;648.09;787.9000;50840.4500;8316.7000;7528.8000;15.0418;0.8227;0.0000;-787.9000;0.0000;6.8165;0.0000;-787.9000;0.0000;6.8165;1.0000;0.0000;0.0000;0.0000;0.0000
1178;648.39;790.3500;51094.9000;8302.1500;7511.8000;14.9326;0.8259;0.0000;-790.3500;0.0000;6.8165;0.0000;-790.3500;0.0000;6.8165;1.0000;0.0000;0.0000;0.0000;0.0000
1179;648.68;784.5500;51903.5000;8281.3000;7496.7500;14.6653;0.8337;0.0000;-784.5500;0.0000;6.8165;0.0000;-784.5500;0.0000;6.8165;1.0000;0.0000;0.0000;0.0000;0.0000
1180;648.98;778.9500;51355.2000;8313.5000;7534.5500;14.8974;0.8269;0.0000;-778.9500;0.0000;6.8165;0.0000;-778.9500;0.0000;6.8165;1.0000;0.0000;0.0000;0.0000;0.0000
1181;649.28;790.3000;51837.6500;8214.8500;7424.5500;14.5444;0.8373;0.0000;-790.3000;0.0000;6.8165;0.0000;-790.3000;0.0000;6.8165;1.0000;0.0000;0.0000;0.0000;0.0000
1182;649.58;772.0000;52265.0000;8233.3500;7461.3500;14.4900;0.8389;0.0000;-772.0000;0.0000;6.8165;0.0000;-772.0000;0.0000;6.8165;1.0000;0.0000;0.0000;0.0000;0.0000
1183;649.87;778.4000;51843.0000;8321.5000;7543.1000;14.7717;0.8306;0.0000;-778.4000;0.0000;6.8165;0.0000;-778.4000;0.0000;6.8165;1.0000;0.0000;0.0000;0.0000;0.0000
1184;650.17;778.4500;50986.7000;8298.0500;7519.6000;14.9768;0.8246;0.0000;-778.4500;0.0000;6.8165;0.0000;-778.4500;0.0000;6.8165;1.0000;0.0000;0.0000;0.0000;0.0000
1185;650.47;780.1000;49817.5000;8321.6500;7541.5500;15.3792;0.8131;0.0000;-780.1000;0.0000;6.8165;0.0000;-780.1000;0.0000;6.8165;1.0000;0.0000;0.0000;0.0000;0.0000
1186;650.77;778.7000;50084.3000;8290.0000;7511.3000;15.2342;0.8172;0.0000;-778.7000;0.0000;6.8165;0.0000;-778.7000;0.0000;6.8165;1.0000;0.0000;0.0000;0.0000;0.0000
1187;651.06;789.9500;50636.7500;8318.5500;7528.6000;15.1035;0.8209;0.0000;-789.9500;0.0000;6.8165;0.0000;-789.9500;0.0000;6.8165;1.0000;0.0000;0.0000;0.0000;0.0000
1188;651.36;780.2000;50072.2000;8242.2500;7462.0500;15.1385;0.8199;0.0000;-780.2000;0.0000;6.8165;0.0000;-780.2000;0.0000;6.8165;1.0000;0.0000;0.0000;0.0000;0.0000
1189;651.66;795.7000;50156.2000;8160.3000;7364.6000;14.9200;0.8262;0.0000;-795.7000;0.0000;6.8165;0.0000;-795.7000;0.0000;6.8165;1.0000;0.0000;0.0000;0.0000;0.0000
1190;651.96;777.5500;51058.7500;8187.3500;7409.8000;14.7367;0.8316;0.0000;-777.5500;0.0000;6.8165;0.0000;-777.5500;0.0000;6.8165;1.0000;0.0000;0.0000;0.0000;0.0000
1191;652.25;777.0500;50748.9500;8138.9500;7361.9000;14.7321;0.8317;0.0000;-777.0500;0.0000;6.8165;0.0000;-777.0500;0.0000;6.8165;1.0000;0.0000;0.0000;0.0000;0.0000
1192;652.55;787.1500;49708.0500;8124.0500;7336.9000;14.9975;0.8240;0.0000;-787.1500;0.0000;6.8165;0.0000;-787.1500;0.0000;6.8165;1.0000;0.0000;0.0000;0.0000;0.0000
1193;652.85;786.6000;48651.0000;8098.4000;7311.8000;15.2761;0.8160;0.0000;-786.6000;0.0000;6.8165;0.0000;-786.6000;0.0000;6.8165;1.0000;0.0000;0.0000;0.0000;0.0000
1194;653.14;793.1000;48716.7500;8086.0500;7292.9500;15.2179;0.8176;0.0000;-793.1000;0.0000;6.8165;0.0000;-793.1000;0.0000;6.8165;1.0000;0.0000;0.0000;0.0000;0.0000
1195;653.44;783.5000;49000.8000;8150.6500;7367.1500;15.2791;0.8159;0.0000;-783.5000;0.0000;6.8165;0.0000;-783.5000;0.0000;6.8165;1.0000;0.0000;0.0000;0.0000;0.0000
1196;653.74;787.2500;48756.5000;8161.8500;7374.6000;15.3736;0.8132;0.0000;-787.2500;0.0000;6.8165;0.0000;-787.2500;0.0000;6.8165;1.0000;0.0000;0.0000;0.0000;0.0000
1197;654.03;791.1500;49034.7500;8180.7500;7389.6000;15.3173;0.8148;0.0000;-791.1500;0.0000;6.8165;0.0000;-791.1500;0.0000;6.8165;1.0000;0.0000;0.0000;0.0000;0.0000
1198;654.33;792.5000;49457.5500;8274.9000;7482.4000;15.3753;0.8132;0.0000;-792.5000;0.0000;6.8165;0.0000;-792.5000;0.0000;6.8165;1.0000;0.0000;0.0000;0.0000;0.0000
1199;654.62;787.8000;49817.9000;8285.6000;7497.8000;15.2922;0.8155;0.0000;-787.8000;0.0000;6.8165;0.0000;-787.8000;0.0000;6.8165;1.0000;0.0000;0.0000;0.0000;0.0000
1200;654.92;783.9500;49190.0500;8305.9000;7521.9500;15.5393;0.8086;0.0000;-783.9500;0.0000;6.8165;0.0000;-783.9500;0.0000;6.8165;1.0000;0.0000;0.0000;0.0000;0.0000
1201;655.22;793.1500;48306.6500;8264.3500;7471.2000;15.7244;0.8034;0.0000;-793.1500;0.0000;6.8165;0.0000;-793.1500;0.0000;6.8165;1.0000;0.0000;0.0000;0.0000;0.0000
1202;655.51;786.8500;48671.4000;8264.7500;7477.9000;15.6165;0.8064;0.0000;-786.8500;0.0000;6.8165;0.0000;-786.8500;0.0000;6.8165;1.0000;0.0000;0.0000;0.0000;0.0000
1203;655.81;788.7500;48510.0000;8310.3000;7521.5500;15.7614;0.8024;0.0000;-788.7500;0.0000;6.8165;0.0000;-788.7500;0.0000;6.8165;1.0000;0.0000;0.0000;0.0000;0.0000
1204;656.10;799.6000;48363.8000;8405.1000;7605.5000;15.9900;0.7962;0.0000;-799.6000;0.0000;6.8165;0.0000;-799.6000;0.0000;6.8165;1.0000;0.0000;0.0000;0.0000;0.0000
1205;656.40;788.7000;48417.0000;8357.3000;7568.6000;15.8910;0.7988;0.0000;-788.7000;0.0000;6.8165;0.0000;-788.7000;0.0000;6.8165;1.0000;0.0000;0.0000;0.0000;0.0000
1206;656.69;795.6500;49207.9500;8336.2500;7540.6000;15.5758;0.8075;0.0000;-795.6500;0.0000;6.8165;0.0000;-795.6500;0.0000;6.8165;1.0000;0.0000;0.0000;0.0000;0.0000
1207;656.99;782.5000;49145.7000;8287.6500;7505.1500;15.5183;0.8092;0.0000;-782.5000;0.0000;6.8165;0.0000;-782.5000;0.0000;6.8165;1.0000;0.0000;0.0000;0.0000;0.0000
1208;657.29;793.7500;47652.0500;8333.1000;7539.3500;16.0897;0.7935;0.0000;-793.7500;0.0000;6.8165;0.0000;-793.7500;0.0000;6.8165;1.0000;0.0000;0.0000;0.0000;0.0000
1209;657.58;783.6000;47159.7000;8349.0500;7565.4500;16.3133;0.7875;0.0000;-783.6000;0.0000;6.8165;0.0000;-783.6000;0.0000;6.8165;1.0000;0.0000;0.0000;0.0000;0.0000
1210;657.88;786.5500;47872.1000;8489.1000;7702.5500;16.3586;0.7863;0.0000;-786.5500;0.0000;6.8165;0.0000;-786.5500;0.0000;6.8165;1.0000;0.0000;0.0000;0.0000;0.0000
1211;658.17;783.8500;47361.7000;8604.3000;7820.4500;16.7901;0.7749;0.0000;-783.8500;0.0000;6.8165;0.0000;-783.8500;0.0000;6.8165;1.0000;0.0000;0.0000;0.0000;0.0000
1212;658.47;787.7500;46965.0500;8596.6000;7808.8500;16.9106;0.7718;0.0000;-787.7500;0.0000;6.8165;0.0000;-787.7500;0.0000;6.8165;1.0000;0.0000;0.0000;0.0000;0.0000
1213;658.76;791.6000;47036.4000;8523.3000;7731.7000;16.7191;0.7768;0.0000;-791.6000;0.0000;6.8165;0.0000;-791.6000;0.0000;6.8165;1.0000;0.0000;0.0000;0.0000;0.0000
1214;659.05;789.4000;47844.3500;8522.9000;7733.5000;16.4350;0.7842;0.0000;-789.4000;0.0000;6.8165;0.0000;-789.4000;0.0000;6.8165;1.0000;0.0000;0.0000;0.0000;0.0000
1215;659.35;775.3000;48324.2000;8631.2000;7855.9000;16.5217;0.7819;0.0000;-775.3000;0.0000;6.8165;0.0000;-775.3000;0.0000;6.8165;1.0000;0.0000;0.0000;0.0000;0.0000
1216;659.64;768.8500;47653.7000;8600.9000;7832.0500;16.7049;0.7772;0.0000;-768.8500;0.0000;6.8165;0.0000;-768.8500;0.0000;6.8165;1.0000;0.0000;0.0000;0.0000;0.0000
1217;659.94;765.7000;47337.7000;8732.2500;7966.5500;17.1059;0.7669;0.0000;-765.7000;0.0000;6.8165;0.0000;-765.7000;0.0000;6.8165;1.0000;0.0000;0.0000;0.0000;0.0000
1218;660.23;779.7000;47794.2500;8826.0500;8046.3500;17.1146;0.7666;0.0000;-779.7000;0.0000;6.8165;0.0000;-779.7000;0.0000;6.8165;1.0000;0.0000;0.0000;0.0000;0.0000
1219;660.53;793.7500;48009.8500;8837.1500;8043.4000;17.0353;0.7687;0.0000;-793.7500;0.0000;6.8165;0.0000;-793.7500;0.0000;6.8165;1.0000;0.0000;0.0000;0.0000;0.0000
1220;660.82;778.8000;47757.1500;8980.3000;8201.5000;17.4580;0.7580;0.0000;-778.8000;0.0000;6.8165;0.0000;-778.8000;0.0000;6.8165;1.0000;0.0000;0.0000;0.0000;0.0000
1221;661.11;766.2000;48136.8500;8947.3000;8181.1000;17.2704;0.7627;0.0000;-766.2000;0.0000;6.8165;0.0000;-766.2000;0.0000;6.8165;1.0000;0.0000;0.0000;0.0000;0.0000
1222;661.41;785.6500;48497.5000;8932.2500;8146.6000;17.0746;0.7676;0.0000;-785.6500;0.0000;6.8165;0.0000;-785.6500;0.0000;6.8165;1.0000;0.0000;0.0000;0.0000;0.0000
1223;661.70;763.7500;48021.0000;8960.3500;8196.6000;17.3446;0.7608;0.0000;-763.7500;0.0000;6.8165;0.0000;-763.7500;0.0000;6.8165;1.0000;0.0000;0.0000;0.0000;0.0000
1224;662.00;778.6000;47810.1000;9028.9500;8250.3500;17.5422;0.7559;0.0000;-778.6000;0.0000;6.8165;0.0000;-778.6000;0.0000;6.8165;1.0000;0.0000;0.0000;0.0000;0.0000
1225;662.29;777.2000;47498.2000;9116.8000;8339.6000;17.8498;0.7484;0.0000;-777.2000;0.0000;6.8165;0.0000;-777.2000;0.0000;6.8165;1.0000;0.0000;0.0000;0.0000;0.0000
1226;662.58;789.7000;47668.9500;9226.0000;8436.3000;17.9958;0.7448;0.0000;-789.7000;0.0000;6.8165;0.0000;-789.7000;0.0000;6.8165;1.0000;0.0000;0.0000;0.0000;0.0000
1227;662.88;792.2500;47274.6000;9153.5000;8361.2500;17.9880;0.7450;0.0000;-792.2500;0.0000;6.8165;0.0000;-792.2500;0.0000;6.8165;1.0000;0.0000;0.0000;0.0000;0.0000
1228;663.17;784.8000;47072.8000;9169.5000;8384.7000;18.1142;0.7420;0.0000;-784.8000;0.0000;6.8165;0.0000;-784.8000;0.0000;6.8165;1.0000;0.0000;0.0000;0.0000;0.0000
1229;663.46;779.8500;47723.8500;9201.4500;8421.6000;17.9397;0.7462;0.0000;-779.8500;0.0000;6.8165;0.0000;-779.8500;0.0000;6.8165;1.0000;0.0000;0.0000;0.0000;0.0000
1230;663.76;796.6500;47620.8000;9250.7000;8454.0500;18.0549;0.7434;0.0000;-796.6500;0.0000;6.8165;0.0000;-796.6500;0.0000;6.8165;1.0000;0.0000;0.0000;0.0000;0.0000
1231;664.05;795.1500;47696.3500;9358.4000;8563.2500;18.2581;0.7385;0.0000;-795.1500;0.0000;6.8165;0.0000;-795.1500;0.0000;6.8165;1.0000;0.0000;0.0000;0.0000;0.0000
1232;664.34;790.9000;47424.7000;9463.9000;8673.0000;18.5981;0.7305;0.0000;-790.9000;0.0000;6.8165;0.0000;-790.9000;0.0000;6.8165;1.0000;0.0000;0.0000;0.0000;0.0000
1233;664.64;780.6000;47307.6000;9595.4000;8814.8000;18.9456;0.7225;0.0000;-780.6000;0.0000;6.8165;0.0000;-780.6000;0.0000;6.8165;1.0000;0.0000;0.0000;0.0000;0.0000
1234;664.93;790.4500;46932.1500;9639.1500;8848.7000;19.1772;0.7172;0.0000;-790.4500;0.0000;6.8165;0.0000;-790.4500;0.0000;6.8165;1.0000;0.0000;0.0000;0.0000;0.0000
1235;665.22;788.1000;46357.9000;9552.2000;8764.1000;19.2323;0.7160;0.0000;-788.1000;0.0000;6.8165;0.0000;-788.1000;0.0000;6.8165;1.0000;0.0000;0.0000;0.0000;0.0000
1236;665.51;804.9500;46524.4000;9563.2000;8758.2500;19.1565;0.7177;0.0000;-804.9500;0.0000;6.8165;0.0000;-804.9500;0.0000;6.8165;1.0000;0.0000;0.0000;0.0000;0.0000
1237;665.81;776.7500;46936.7500;9632.8500;8856.1000;19.1857;0.7170;0.0000;-776.7500;0.0000;6.8165;0.0000;-776.7500;0.0000;6.8165;1.0000;0.0000;0.0000;0.0000;0.0000
1238;666.10;779.8500;47219.1500;9610.4000;8830.5500;19.0153;0.7209;0.0000;-779.8500;0.0000;6.8165;0.0000;-779.8500;0.0000;6.8165;1.0000;0.0000;0.0000;0.0000;0.0000
1239;666.39;771.2500;46823.2500;9805.3500;9034.1000;19.6172;0.7074;0.0000;-771.2500;0.0000;6.8165;0.0000;-771.2500;0.0000;6.8165;1.0000;0.0000;0.0000;0.0000;0.0000
1240;666.68;772.6000;46590.0000;9969.0000;9196.4000;20.0719;0.6974;0.0000;-772.6000;0.0000;6.8165;0.0000;-772.6000;0.0000;6.8165;1.0000;0.0000;0.0000;0.0000;0.0000
1241;666.97;775.3500;46203.9000;10137.5000;9362.1500;20.6085;0.6860;0.0000;-775.3500;0.0000;6.8165;0.0000;-775.3500;0.0000;6.8165;1.0000;0.0000;0.0000;0.0000;0.0000
1242;667.27;790.6000;46446.3500;10201.7500;9411.1500;20.6133;0.6859;0.0000;-790.6000;0.0000;6.8165;0.0000;-790.6000;0.0000;6.8165;1.0000;0.0000;0.0000;0.0000;0.0000
1243;667.56;784.5000;46585.1500;10231.1000;9446.6000;20.6255;0.6856;0.0000;-784.5000;0.0000;6.8165;0.0000;-784.5000;0.0000;6.8165;1.0000;0.0000;0.0000;0.0000;0.0000
1244;667.85;784.7000;46741.7000;10192.1000;9407.4000;20.4700;0.6889;0.0000;-784.7000;0.0000;6.8165;0.0000;-784.7000;0.0000;6.8165;1.0000;0.0000;0.0000;0.0000;0.0000
1245;668.14;784.8500;46901.1000;10338.1000;9553.2500;20.7156;0.6837;0.0000;-784.8500;0.0000;6.8165;0.0000;-784.8500;0.0000;6.8165;1.0000;0.0000;0.0000;0.0000;0.0000
1246;668.43;792.8000;47113.8000;10407.3500;9614.5500;20.7564;0.6828;0.0000;-792.8000;0.0000;6.8165;0.0000;-792.8000;0.0000;6.8165;1.0000;0.0000;0.0000;0.0000;0.0000
1247;668.72;782.5500;47180.1500;10508.2500;9725.7000;20.9616;0.6786;0.0000;-782.5500;0.0000;6.8165;0.0000;-782.5500;0.0000;6.8165;1.0000;0.0000;0.0000;0.0000;0.0000
1248;669.02;785.0500;46790.7500;10562.3000;9777.2500;21.2523;0.6726;0.0000;-785.0500;0.0000;6.8165;0.0000;-785.0500;0.0000;6.8165;1.0000;0.0000;0.0000;0.0000;0.0000
1249;669.31;787.1500;46117.5000;10608.3000;9821.1500;21.6657;0.6642;0.0000;-787.1500;0.0000;6.8165;0.0000;-787.1500;0.0000;6.8165;1.0000;0.0000;0.0000;0.0000;0.0000
1250;669.60;774.9500;46484.1000;10761.7500;9986.8000;21.8486;0.6606;0.0000;-774.9500;0.0000;6.8165;0.0000;-774.9500;0.0000;6.8165;1.0000;0.0000;0.0000;0.0000;0.0000
1251;669.89;780.9500;46272.4500;10777.8000;9996.8500;21.9752;0.6581;0.0000;-780.9500;0.0000;6.8165;0.0000;-780.9500;0.0000;6.8165;1.0000;0.0000;0.0000;0.0000;0.0000
1252;670.18;789.3000;46556.9500;10925.7000;10136.4000;22.1475;0.6547;0.0000;-789.3000;0.0000;6.8165;0.0000;-789.3000;0.0000;6.8165;1.0000;0.0000;0.0000;0.0000;0.0000
1253;670.47;784.9000;46508.9000;11086.3000;10301.4000;22.5295;0.6472;0.0000;-784.9000;0.0000;6.8165;0.0000;-784.9000;0.0000;6.8165;1.0000;0.0000;0.0000;0.0000;0.0000
1254;670.76;794.7500;46335.0500;11169.2000;10374.4500;22.7808;0.6424;0.0000;-794.7500;0.0000;6.8165;0.0000;-794.7500;0.0000;6.8165;1.0000;0.0000;0.0000;0.0000;0.0000
1255;671.05;776.6500;46375.5000;11153.4500;10376.8000;22.7567;0.6429;0.0000;-776.6500;0.0000;6.8165;0.0000;-776.6500;0.0000;6.8165;1.0000;0.0000;0.0000;0.0000;0.0000
1256;671.34;778.5500;46375.7000;11405.0500;10626.5000;23.3052;0.6325;0.0000;-778.5500;0.0000;6.8165;0.0000;-778.5500;0.0000;6.8165;1.0000;0.0000;0.0000;0.0000;0.0000
1257;671.63;793.8500;45274.6500;11475.0000;10681.1500;24.0129;0.6196;0.0000;-793.8500;0.0000;6.8165;0.0000;-793.8500;0.0000;6.8165;1.0000;0.0000;0.0000;0.0000;0.0000
1258;671.92;778.9000;45531.6000;11544.0500;10765.1500;24.0547;0.6188;0.0000;-778.9000;0.0000;6.8165;0.0000;-778.9000;0.0000;6.8165;1.0000;0.0000;0.0000;0.0000;0.0000
1259;672.21;793.2500;45992.3500;11678.1000;10884.8500;24.0820;0.6183;0.0000;-793.2500;0.0000;6.8165;0.0000;-793.2500;0.0000;6.8165;1.0000;0.0000;0.0000;0.0000;0.0000
1260;672.50;785.2500;45933.2500;11803.6500;11018.4000;24.4051;0.6125;0.0000;-785.2500;0.0000;6.8165;0.0000;-785.2500;0.0000;6.8165;1.0000;0.0000;0.0000;0.0000;0.0000
1261;672.79;792.8500;46102.8500;11747.3500;10954.5000;24.1768;0.6166;0.0000;-792.8500;0.0000;6.8165;0.0000;-792.8500;0.0000;6.8165;1.0000;0.0000;0.0000;0.0000;0.0000
1262;673.08;792.8500;46420.1000;11810.6500;11017.8000;24.1474;0.6171;0.0000;-792.8500;0.0000;6.8165;0.0000;-792.8500;0.0000;6.8165;1.0000;0.0000;0.0000;0.0000;0.0000
1263;673.37;791.9000;46726.3500;12016.6000;11224.7000;24.4363;0.6120;0.0000;-791.9000;0.0000;6.8165;0.0000;-791.9000;0.0000;6.8165;1.0000;0.0000;0.0000;0.0000;0.0000
1264;673.66;791.1000;46382.2000;12324.4500;11533.3500;25.2974;0.5969;0.0000;-791.1000;0.0000;6.8165;0.0000;-791.1000;0.0000;6.8165;1.0000;0.0000;0.0000;0.0000;0.0000
1265;673.95;788.9000;45163.9000;12389.0000;11600.1000;26.1411;0.5827;0.0000;-788.9000;0.0000;6.8165;0.0000;-788.9000;0.0000;6.8165;1.0000;0.0000;0.0000;0.0000;0.0000
1266;674.24;785.0000;44719.1500;12514.3000;11729.3000;26.6975;0.5735;0.0000;-785.0000;0.0000;6.8165;0.0000;-785.0000;0.0000;6.8165;1.0000;0.0000;0.0000;0.0000;0.0000
1267;674.53;778.3500;45317.1000;12518.0500;11739.7000;26.3584;0.5791;0.0000;-778.3500;0.0000;6.8165;0.0000;-778.3500;0.0000;6.8165;1.0000;0.0000;0.0000;0.0000;0.0000
1268;674.82;796.3000;46005.5000;12438.9500;11642.6500;25.7528;0.5892;0.0000;-796.3000;0.0000;6.8165;0.0000;-796.3000;0.0000;6.8165;1.0000;0.0000;0.0000;0.0000;0.0000
1269;675.11;798.1500;46188.4500;12619.9500;11821.8000;26.0448;0.5843;0.0000;-798.1500;0.0000;6.8165;0.0000;-798.1500;0.0000;6.8165;1.0000;0.0000;0.0000;0.0000;0.0000
1270;675.40;780.5500;45754.3000;12850.8500;12070.3000;26.8385;0.5712;0.0000;-780.5500;0.0000;6.8165;0.0000;-780.5500;0.0000;6.8165;1.0000;0.0000;0.0000;0.0000;0.0000
1271;675.69;776.5500;45814.1000;13049.6000;12273.0500;27.2507;0.5646;0.0000;-776.5500;0.0000;6.8165;0.0000;-776.5500;0.0000;6.8165;1.0000;0.0000;0.0000;0.0000;0.0000
1272;675.98;766.0500;46198.7500;13152.5000;12386.4500;27.2633;0.5644;0.0000;-766.0500;0.0000;6.8165;0.0000;-766.0500;0.0000;6.8165;1.0000;0.0000;0.0000;0.0000;0.0000
1273;676.27;777.0000;45572.3000;13181.0000;12404.0000;27.6904;0.5577;0.0000;-777.0000;0.0000;6.8165;0.0000;-777.0000;0.0000;6.8165;1.0000;0.0000;0.0000;0.0000;0.0000
1274;676.56;782.3500;44953.9000;13377.8000;12595.4500;28.5148;0.5449;0.0000;-782.3500;0.0000;6.8165;0.0000;-782.3500;0.0000;6.8165;1.0000;0.0000;0.0000;0.0000;0.0000
1275;676.84;780.9000;43956.3500;13222.4500;12441.5500;28.8163;0.5404;0.0000;-780.9000;0.0000;6.8165;0.0000;-780.9000;0.0000;6.8165;1.0000;0.0000;0.0000;0.0000;0.0000
1276;677.13;786.4000;44522.0500;13409.8000;12623.4000;28.8630;0.5397;0.0000;-786.4000;0.0000;6.8165;0.0000;-786.4000;0.0000;6.8165;1.0000;0.0000;0.0000;0.0000;0.0000
1277;677.42;779.7500;44787.0500;13570.6000;12790.8500;29.0653;0.5366;0.0000;-779.7500;0.0000;6.8165;0.0000;-779.7500;0.0000;6.8165;1.0000;0.0000;0.0000;0.0000;0.0000
1278;677.71;777.1000;45050.7500;13748.0500;12970.9500;29.2972;0.5332;0.0000;-777.1000;0.0000;6.8165;0.0000;-777.1000;0.0000;6.8165;1.0000;0.0000;0.0000;0.0000;0.0000
1279;678.00;781.9500;45283.8000;13947.0500;13165.1000;29.5833;0.5290;0.0000;-781.9500;0.0000;6.8165;0.0000;-781.9500;0.0000;6.8165;1.0000;0.0000;0.0000;0.0000;0.0000
1280;678.29;786.9500;45976.4500;14115.4500;13328.5000;29.4947;0.5303;0.0000;-786.9500;0.0000;6.8165;0.0000;-786.9500;0.0000;6.8165;1.0000;0.0000;0.0000;0.0000;0.0000
1281;678.58;790.2000;45483.1000;14323.0500;13532.8500;30.2796;0.5188;0.0000;-790.2000;0.0000;6.8165;0.0000;-790.2000;0.0000;6.8165;1.0000;0.0000;0.0000;0.0000;0.0000
1282;678.86;780.4000;44532.4000;14623.4000;13843.0000;31.6397;0.4998;0.0000;-780.4000;0.0000;6.8165;0.0000;-780.4000;0.0000;6.8165;1.0000;0.0000;0.0000;0.0000;0.0000
1283;679.15;771.4500;44302.1500;14684.5500;13913.1000;31.9616;0.4954;0.0000;-771.4500;0.0000;6.8165;0.0000;-771.4500;0.0000;6.8165;1.0000;0.0000;0.0000;0.0000;0.0000
1284;679.44;799.7500;44200.7000;14731.9500;13932.2000;32.1011;0.4935;0.0000;-799.7500;0.0000;6.8165;0.0000;-799.7500;0.0000;6.8165;1.0000;0.0000;0.0000;0.0000;0.0000
1285;679.73;782.0000;43904.3500;14685.9000;13903.9000;32.2429;0.4916;0.0000;-782.0000;0.0000;6.8165;0.0000;-782.0000;0.0000;6.8165;1.0000;0.0000;0.0000;0.0000;0.0000
1286;680.01;801.9000;43792.4000;14838.3000;14036.4000;32.6500;0.4861;0.0000;-801.9000;0.0000;6.8165;0.0000;-801.9000;0.0000;6.8165;1.0000;0.0000;0.0000;0.0000;0.0000
1287;680.30;787.2500;44165.2500;14908.8000;14121.5500;32.5546;0.4874;0.0000;-787.2500;0.0000;6.8165;0.0000;-787.2500;0.0000;6.8165;1.0000;0.0000;0.0000;0.0000;0.0000
1288;680.59;788.6000;44865.2000;15227.6500;14439.0500;32.7590;0.4847;0.0000;-788.6000;0.0000;6.8165;0.0000;-788.6000;0.0000;6.8165;1.0000;0.0000;0.0000;0.0000;0.0000
1289;680.88;779.2000;44934.6000;15433.2500;14654.0500;33.1874;0.4790;0.0000;-779.2000;0.0000;6.8165;0.0000;-779.2000;0.0000;6.8165;1.0000;0.0000;0.0000;0.0000;0.0000
1290;681.16;794.1500;45330.2000;15981.9000;15187.7500;34.1021;0.4672;0.0000;-794.1500;0.0000;6.8165;0.0000;-794.1500;0.0000;6.8165;1.0000;0.0000;0.0000;0.0000;0.0000
1291;681.45;783.0500;44977.9500;16194.5500;15411.5000;34.8717;0.4575;0.0000;-783.0500;0.0000;6.8165;0.0000;-783.0500;0.0000;6.8165;1.0000;0.0000;0.0000;0.0000;0.0000
1292;681.74;784.5000;44516.6500;16055.9000;15271.4000;34.9203;0.4569;0.0000;-784.5000;0.0000;6.8165;0.0000;-784.5000;0.0000;6.8165;1.0000;0.0000;0.0000;0.0000;0.0000
1293;682.02;775.3000;44730.4500;16433.7500;15658.4500;35.6237;0.4483;0.0000;-775.3000;0.0000;6.8165;0.0000;-775.3000;0.0000;6.8165;1.0000;0.0000;0.0000;0.0000;0.0000
1294;682.31;789.6500;44733.3500;16612.6500;15823.0000;36.0074;0.4436;0.0000;-789.6500;0.0000;6.8165;0.0000;-789.6500;0.0000;6.8165;1.0000;0.0000;0.0000;0.0000;0.0000
1295;682.60;789.8000;45088.1000;16939.2500;16149.4500;36.4561;0.4382;0.0000;-789.8000;0.0000;6.8165;0.0000;-789.8000;0.0000;6.8165;1.0000;0.0000;0.0000;0.0000;0.0000
1296;682.88;789.6500;46053.8500;17179.4500;16389.8000;36.2092;0.4412;0.0000;-789.6500;0.0000;6.8165;0.0000;-789.6500;0.0000;6.8165;1.0000;0.0000;0.0000;0.0000;0.0000
1297;683.17;807.6500;46960.4500;17457.1000;16649.4500;36.0746;0.4428;0.0000;-807.6500;0.0000;6.8165;0.0000;-807.6500;0.0000;6.8165;1.0000;0.0000;0.0000;0.0000;0.0000
1298;683.46;786.2000;47184.3500;17804.2000;17018.0000;36.6782;0.4356;0.0000;-786.2000;0.0000;6.8165;0.0000;-786.2000;0.0000;6.8165;1.0000;0.0000;0.0000;0.0000;0.0000
1299;683.74;778.7000;47297.0500;17974.6000;17195.9000;36.9658;0.4322;0.0000;-778.7000;0.0000;6.8165;0.0000;-778.7000;0.0000;6.8165;1.0000;0.0000;0.0000;0.0000;0.0000
1300;684.03;780.3500;47247.1500;18144.3500;17364.0000;37.3686;0.4275;0.0000;-780.3500;0.0000;6.8165;0.0000;-780.3500;0.0000;6.8165;1.0000;0.0000;0.0000;0.0000;0.0000
1301;684.32;786.5000;46374.2000;17845.0500;17058.5500;37.4192;0.4269;0.0000;-786.5000;0.0000;6.8165;0.0000;-786.5000;0.0000;6.8165;1.0000;0.0000;0.0000;0.0000;0.0000
1302;684.60;780.3000;45931.8500;18052.2000;17271.9000;38.2532;0.4173;0.0000;-780.3000;0.0000;6.8165;0.0000;-780.3000;0.0000;6.8165;1.0000;0.0000;0.0000;0.0000;0.0000
1303;684.89;780.8000;45478.2000;18364.4500;17583.6500;39.3393;0.4052;0.0000;-780.8000;0.0000;6.8165;0.0000;-780.8000;0.0000;6.8165;1.0000;0.0000;0.0000;0.0000;0.0000
1304;685.17;776.8000;44783.5000;18615.9000;17839.1000;40.5372;0.3921;0.0000;-776.8000;0.0000;6.8165;0.0000;-776.8000;0.0000;6.8165;1.0000;0.0000;0.0000;0.0000;0.0000
1305;685.46;775.6000;44653.8500;18729.9500;17954.3500;40.9186;0.3881;0.0000;-775.6000;0.0000;6.8165;0.0000;-775.6000;0.0000;6.8165;1.0000;0.0000;0.0000;0.0000;0.0000
1306;685.75;787.5000;44481.0500;18528.9000;17741.4000;40.6042;0.3914;0.0000;-787.5000;0.0000;6.8165;0.0000;-787.5000;0.0000;6.8165;1.0000;0.0000;0.0000;0.0000;0.0000
1307;686.03;789.2000;44390.9500;18749.6000;17960.4000;41.1919;0.3852;0.0000;-789.2000;0.0000;6.8165;0.0000;-789.2000;0.0000;6.8165;1.0000;0.0000;0.0000;0.0000;0.0000
1308;686.32;789.4000;43897.0000;18953.4500;18164.0500;42.1365;0.3753;0.0000;-789.4000;0.0000;6.8165;0.0000;-789.4000;0.0000;6.8165;1.0000;0.0000;0.0000;0.0000;0.0000
1309;686.60;788.3000;44128.6500;19126.0500;18337.7500;42.3110;0.3735;0.0000;-788.3000;0.0000;6.8165;0.0000;-788.3000;0.0000;6.8165;1.0000;0.0000;0.0000;0.0000;0.0000
1310;686.89;792.1000;44252.3000;18978.6000;18186.5000;41.8463;0.3783;0.0000;-792.1000;0.0000;6.8165;0.0000;-792.1000;0.0000;6.8165;1.0000;0.0000;0.0000;0.0000;0.0000
1311;687.17;794.1500;44247.1500;18684.2000;17890.0500;41.1710;0.3854;0.0000;-794.1500;0.0000;6.8165;0.0000;-794.1500;0.0000;6.8165;1.0000;0.0000;0.0000;0.0000;0.0000
1312;687.46;775.9000;44860.3500;18753.8500;17977.9500;40.7807;0.3895;0.0000;-775.9000;0.0000;6.8165;0.0000;-775.9000;0.0000;6.8165;1.0000;0.0000;0.0000;0.0000;0.0000
1313;687.74;787.2000;44469.9500;18992.8500;18205.6500;41.6770;0.3801;0.0000;-787.2000;0.0000;6.8165;0.0000;-787.2000;0.0000;6.8165;1.0000;0.0000;0.0000;0.0000;0.0000
1314;688.03;785.3500;43861.3500;19427.0000;18641.6500;43.2762;0.3638;0.0000;-785.3500;0.0000;6.8165;0.0000;-785.3500;0.0000;6.8165;1.0000;0.0000;0.0000;0.0000;0.0000
1315;688.31;796.2000;43356.9500;19514.1500;18717.9500;43.9794;0.3568;0.0000;-796.2000;0.0000;6.8165;0.0000;-796.2000;0.0000;6.8165;1.0000;0.0000;0.0000;0.0000;0.0000
1316;688.60;786.3500;42588.4500;19696.3500;18910.0000;45.2370;0.3445;0.0000;-786.3500;0.0000;6.8165;0.0000;-786.3500;0.0000;6.8165;1.0000;0.0000;0.0000;0.0000;0.0000
1317;688.88;778.9500;42617.7500;19982.0500;19203.1000;45.8978;0.3382;0.0000;-778.9500;0.0000;6.8165;0.0000;-778.9500;0.0000;6.8165;1.0000;0.0000;0.0000;0.0000;0.0000
1318;689.17;777.8500;42765.9000;20029.0000;19251.1500;45.8491;0.3387;0.0000;-777.8500;0.0000;6.8165;0.0000;-777.8500;0.0000;6.8165;1.0000;0.0000;0.0000;0.0000;0.0000
1319;689.45;791.3000;43087.9500;20274.5000;19483.2000;46.0632;0.3366;0.0000;-791.3000;0.0000;6.8165;0.0000;-791.3000;0.0000;6.8165;1.0000;0.0000;0.0000;0.0000;0.0000
1320;689.73;795.0500;42746.0500;20318.0000;19522.9500;46.5375;0.3322;0.0000;-795.0500;0.0000;6.8165;0.0000;-795.0500;0.0000;6.8165;1.0000;0.0000;0.0000;0.0000;0.0000
1321;690.02;790.9500;42847.2000;20474.0500;19683.1000;46.8018;0.3297;0.0000;-790.9500;0.0000;6.8165;0.0000;-790.9500;0.0000;6.8165;1.0000;0.0000;0.0000;0.0000;0.0000
1322;690.30;774.4000;42467.2000;20363.8500;19589.4500;46.9852;0.3280;0.0000;-774.4000;0.0000;6.8165;0.0000;-774.4000;0.0000;6.8165;1.0000;0.0000;0.0000;0.0000;0.0000
1323;690.59;783.3500;42860.3000;20319.5500;19536.2000;46.4297;0.3332;0.0000;-783.3500;0.0000;6.8165;0.0000;-783.3500;0.0000;6.8165;1.0000;0.0000;0.0000;0.0000;0.0000
1324;690.87;772.8000;42406.6000;20149.9000;19377.1000;46.5418;0.3322;0.0000;-772.8000;0.0000;6.8165;0.0000;-772.8000;0.0000;6.8165;1.0000;0.0000;0.0000;0.0000;0.0000
1325;691.15;790.5000;41654.1000;20190.1000;19399.6000;47.4740;0.3235;0.0000;-790.5000;0.0000;6.8165;0.0000;-790.5000;0.0000;6.8165;1.0000;0.0000;0.0000;0.0000;0.0000
1326;691.44;783.5500;41577.9000;20356.1500;19572.6000;47.9787;0.3190;0.0000;-783.5500;0.0000;6.8165;0.0000;-783.5500;0.0000;6.8165;1.0000;0.0000;0.0000;0.0000;0.0000
1327;691.72;799.1000;40962.1500;20478.2000;19679.1000;48.9980;0.3098;0.0000;-799.1000;0.0000;6.8165;0.0000;-799.1000;0.0000;6.8165;1.0000;0.0000;0.0000;0.0000;0.0000
1328;692.01;778.6000;41072.3500;20658.4000;19879.8000;49.3372;0.3068;0.0000;-778.6000;0.0000;6.8165;0.0000;-778.6000;0.0000;6.8165;1.0000;0.0000;0.0000;0.0000;0.0000
1329;692.29;778.3000;40078.0000;20776.5500;19998.2500;50.8865;0.2934;0.0000;-778.3000;0.0000;6.8165;0.0000;-778.3000;0.0000;6.8165;1.0000;0.0000;0.0000;0.0000;0.0000
1330;692.57;774.5500;39959.1000;20916.1000;20141.5500;51.4018;0.2890;0.0000;-774.5500;0.0000;6.8165;0.0000;-774.5500;0.0000;6.8165;1.0000;0.0000;0.0000;0.0000;0.0000
1331;692.86;783.2500;39474.5000;20674.5500;19891.3000;51.4103;0.2889;0.0000;-783.2500;0.0000;6.8165;0.0000;-783.2500;0.0000;6.8165;1.0000;0.0000;0.0000;0.0000;0.0000
1332;693.14;774.5000;39277.1000;20642.1000;19867.6000;51.6007;0.2873;0.0000;-774.5000;0.0000;6.8165;0.0000;-774.5000;0.0000;6.8165;1.0000;0.0000;0.0000;0.0000;0.0000
1333;693.42;786.8000;39272.1000;20908.7500;20121.9500;52.2848;0.2816;0.0000;-786.8000;0.0000;6.8165;0.0000;-786.8000;0.0000;6.8165;1.0000;0.0000;0.0000;0.0000;0.0000
1334;693.70;778.4500;39026.0500;21017.8000;20239.3500;52.9167;0.2764;0.0000;-778.4500;0.0000;6.8165;0.0000;-778.4500;0.0000;6.8165;1.0000;0.0000;0.0000;0.0000;0.0000
1335;693.99;772.0500;39206.7500;20776.5500;20004.5000;52.0480;0.2836;0.0000;-772.0500;0.0000;6.8165;0.0000;-772.0500;0.0000;6.8165;1.0000;0.0000;0.0000;0.0000;0.0000
1336;694.27;786.8500;38896.6500;20481.9000;19695.0500;51.6798;0.2867;0.0000;-786.8500;0.0000;6.8165;0.0000;-786.8500;0.0000;6.8165;1.0000;0.0000;0.0000;0.0000;0.0000
1337;694.55;790.9500;38900.2000;20448.0500;19657.1000;51.5809;0.2875;0.0000;-790.9500;0.0000;6.8165;0.0000;-790.9500;0.0000;6.8165;1.0000;0.0000;0.0000;0.0000;0.0000
1338;694.84;783.1500;38402.5000;20591.2000;19808.0500;52.6539;0.2786;0.0000;-783.1500;0.0000;6.8165;0.0000;-783.1500;0.0000;6.8165;1.0000;0.0000;0.0000;0.0000;0.0000
1339;695.12;783.1000;38071.3000;20713.0500;19929.9500;53.4484;0.2721;0.0000;-783.1000;0.0000;6.8165;0.0000;-783.1000;0.0000;6.8165;1.0000;0.0000;0.0000;0.0000;0.0000
1340;695.40;787.4000;37423.7000;20623.4500;19836.0500;54.1432;0.2665;0.0000;-787.4000;0.0000;6.8165;0.0000;-787.4000;0.0000;6.8165;1.0000;0.0000;0.0000;0.0000;0.0000
1341;695.68;784.6500;37212.5000;20480.9500;19696.3000;54.0693;0.2670;0.0000;-784.6500;0.0000;6.8165;0.0000;-784.6500;0.0000;6.8165;1.0000;0.0000;0.0000;0.0000;0.0000
1342;695.96;785.3000;36897.1500;20527.1000;19741.8000;54.6685;0.2623;0.0000;-785.3000;0.0000;6.8165;0.0000;-785.3000;0.0000;6.8165;1.0000;0.0000;0.0000;0.0000;0.0000
1343;696.25;787.4000;36485.5500;20349.8000;19562.4000;54.7995;0.2612;0.0000;-787.4000;0.0000;6.8165;0.0000;-787.4000;0.0000;6.8165;1.0000;0.0000;0.0000;0.0000;0.0000
1344;696.53;784.1000;36269.5500;20531.7000;19747.6000;55.6499;0.2545;0.0000;-784.1000;0.0000;6.8165;0.0000;-784.1000;0.0000;6.8165;1.0000;0.0000;0.0000;0.0000;0.0000
1345;696.81;794.6500;36055.5500;20558.3000;19763.6500;56.0498;0.2514;0.0000;-794.6500;0.0000;6.8165;0.0000;-794.6500;0.0000;6.8165;1.0000;0.0000;0.0000;0.0000;0.0000
1346;697.09;790.6500;36594.8500;20564.3000;19773.6500;55.2272;0.2578;0.0000;-790.6500;0.0000;6.8165;0.0000;-790.6500;0.0000;6.8165;1.0000;0.0000;0.0000;0.0000;0.0000
1347;697.37;787.6000;36601.6500;20322.9500;19535.3500;54.5466;0.2632;0.0000;-787.6000;0.0000;6.8165;0.0000;-787.6000;0.0000;6.8165;1.0000;0.0000;0.0000;0.0000;0.0000
1348;697.65;791.2500;36166.8000;20462.8500;19671.6000;55.6079;0.2549;0.0000;-791.2500;0.0000;6.8165;0.0000;-791.2500;0.0000;6.8165;1.0000;0.0000;0.0000;0.0000;0.0000
1349;697.94;777.7500;35044.6000;20516.0500;19738.3000;57.6017;0.2396;0.0000;-777.7500;0.0000;6.8165;0.0000;-777.7500;0.0000;6.8165;1.0000;0.0000;0.0000;0.0000;0.0000
1350;698.22;781.7500;34168.1500;20199.0000;19417.2500;58.1592;0.2354;0.0000;-781.7500;0.0000;6.8165;0.0000;-781.7500;0.0000;6.8165;1.0000;0.0000;0.0000;0.0000;0.0000
1351;698.50;774.7000;34293.4000;20198.1000;19423.4000;57.9480;0.2370;0.0000;-774.7000;0.0000;6.8165;0.0000;-774.7000;0.0000;6.8165;1.0000;0.0000;0.0000;0.0000;0.0000
1352;698.78;782.3000;34521.3000;20195.7500;19413.4500;57.5401;0.2400;0.0000;-782.3000;0.0000;6.8165;0.0000;-782.3000;0.0000;6.8165;1.0000;0.0000;0.0000;0.0000;0.0000
1353;699.06;783.4000;34581.6500;20410.8500;19627.4500;58.0724;0.2360;0.0000;-783.4000;0.0000;6.8165;0.0000;-783.4000;0.0000;6.8165;1.0000;0.0000;0.0000;0.0000;0.0000
1354;699.34;796.0500;34614.3000;20390.0500;19594.0000;57.9391;0.2370;0.0000;-796.0500;0.0000;6.8165;0.0000;-796.0500;0.0000;6.8165;1.0000;0.0000;0.0000;0.0000;0.0000
1355;699.62;790.4500;34599.3000;20272.7500;19482.3000;57.6249;0.2394;0.0000;-790.4500;0.0000;6.8165;0.0000;-790.4500;0.0000;6.8165;1.0000;0.0000;0.0000;0.0000;0.0000
1356;699.90;792.0500;34333.4000;20455.7500;19663.7000;58.6252;0.2319;0.0000;-792.0500;0.0000;6.8165;0.0000;-792.0500;0.0000;6.8165;1.0000;0.0000;0.0000;0.0000;0.0000
1357;700.18;792.7500;33633.2000;20325.6000;19532.8500;59.4780;0.2256;0.0000;-792.7500;0.0000;6.8165;0.0000;-792.7500;0.0000;6.8165;1.0000;0.0000;0.0000;0.0000;0.0000
1358;700.46;785.8500;33384.1500;20538.6000;19752.7500;60.5944;0.2176;0.0000;-785.8500;0.0000;6.8165;0.0000;-785.8500;0.0000;6.8165;1.0000;0.0000;0.0000;0.0000;0.0000
1359;700.74;779.0000;33181.8000;20418.9500;19639.9500;60.6119;0.2174;0.0000;-779.0000;0.0000;6.8165;0.0000;-779.0000;0.0000;6.8165;1.0000;0.0000;0.0000;0.0000;0.0000
1360;701.03;779.0000;32788.2000;20326.2500;19547.2500;61.0676;0.2142;0.0000;-779.0000;0.0000;6.8165;0.0000;-779.0000;0.0000;6.8165;1.0000;0.0000;0.0000;0.0000;0.0000
1361;701.31;762.8000;32553.8500;20372.6500;19609.8500;61.6836;0.2098;0.0000;-762.8000;0.0000;6.8165;0.0000;-762.8000;0.0000;6.8165;1.0000;0.0000;0.0000;0.0000;0.0000
1362;701.59;792.8500;32508.0000;20344.8000;19551.9500;61.6486;0.2101;0.0000;-792.8500;0.0000;6.8165;0.0000;-792.8500;0.0000;6.8165;1.0000;0.0000;0.0000;0.0000;0.0000
1363;701.87;778.7000;31740.0000;20106.5500;19327.8500;62.4258;0.2046;0.0000;-778.7000;0.0000;6.8165;0.0000;-778.7000;0.0000;6.8165;1.0000;0.0000;0.0000;0.0000;0.0000
1364;702.15;800.4000;31617.0500;19990.8500;19190.4500;62.2730;0.2057;0.0000;-800.4000;0.0000;6.8165;0.0000;-800.4000;0.0000;6.8165;1.0000;0.0000;0.0000;0.0000;0.0000
1365;702.43;797.2500;31871.0000;20140.6500;19343.4000;62.2500;0.2059;0.0000;-797.2500;0.0000;6.8165;0.0000;-797.2500;0.0000;6.8165;1.0000;0.0000;0.0000;0.0000;0.0000
1366;702.71;785.9500;31370.2000;19905.5000;19119.5500;62.5144;0.2040;0.0000;-785.9500;0.0000;6.8165;0.0000;-785.9500;0.0000;6.8165;1.0000;0.0000;0.0000;0.0000;0.0000
1367;702.98;762.8500;31145.9000;20066.0500;19303.2000;63.5328;0.1970;0.0000;-762.8500;0.0000;6.8165;0.0000;-762.8500;0.0000;6.8165;1.0000;0.0000;0.0000;0.0000;0.0000
1368;703.26;778.0500;30898.1000;19764.8000;18986.7500;63.0369;0.2004;0.0000;-778.0500;0.0000;6.8165;0.0000;-778.0500;0.0000;6.8165;1.0000;0.0000;0.0000;0.0000;0.0000
1369;703.54;783.6000;30339.8500;19820.7000;19037.1000;64.4097;0.1910;0.0000;-783.6000;0.0000;6.8165;0.0000;-783.6000;0.0000;6.8165;1.0000;0.0000;0.0000;0.0000;0.0000
1370;703.82;785.4000;30354.5500;19967.4000;19182.0000;64.8717;0.1879;0.0000;-785.4000;0.0000;6.8165;0.0000;-785.4000;0.0000;6.8165;1.0000;0.0000;0.0000;0.0000;0.0000
1371;704.10;793.2000;29885.3000;19549.1000;18755.9000;64.4708;0.1906;0.0000;-793.2000;0.0000;6.8165;0.0000;-793.2000;0.0000;6.8165;1.0000;0.0000;0.0000;0.0000;0.0000
1372;704.38;790.3500;29406.7500;19083.9000;18293.5500;63.9268;0.1943;0.0000;-790.3500;0.0000;6.8165;0.0000;-790.3500;0.0000;6.8165;1.0000;0.0000;0.0000;0.0000;0.0000
1373;704.66;793.6000;30034.0000;19213.6500;18420.0500;62.9952;0.2007;0.0000;-793.6000;0.0000;6.8165;0.0000;-793.6000;0.0000;6.8165;1.0000;0.0000;0.0000;0.0000;0.0000
1374;704.94;788.9000;29650.8500;19066.4000;18277.5000;63.3273;0.1984;0.0000;-788.9000;0.0000;6.8165;0.0000;-788.9000;0.0000;6.8165;1.0000;0.0000;0.0000;0.0000;0.0000
1375;705.22;787.2000;29214.9000;19199.9000;18412.7000;64.7703;0.1886;0.0000;-787.2000;0.0000;6.8165;0.0000;-787.2000;0.0000;6.8165;1.0000;0.0000;0.0000;0.0000;0.0000
1376;705.50;790.6000;28766.7500;18805.9500;18015.3500;64.3954;0.1911;0.0000;-790.6000;0.0000;6.8165;0.0000;-790.6000;0.0000;6.8165;1.0000;0.0000;0.0000;0.0000;0.0000
1377;705.78;786.7500;28572.8000;18750.2500;17963.5000;64.6493;0.1894;0.0000;-786.7500;0.0000;6.8165;0.0000;-786.7500;0.0000;6.8165;1.0000;0.0000;0.0000;0.0000;0.0000
1378;706.05;785.2000;28493.7500;18743.3500;17958.1500;64.8109;0.1884;0.0000;-785.2000;0.0000;6.8165;0.0000;-785.2000;0.0000;6.8165;1.0000;0.0000;0.0000;0.0000;0.0000
1379;706.33;790.2500;28618.1500;18659.4500;17869.2000;64.2133;0.1924;0.0000;-790.2500;0.0000;6.8165;0.0000;-790.2500;0.0000;6.8165;1.0000;0.0000;0.0000;0.0000;0.0000
1380;706.61;782.4000;28640.6000;18435.1500;17652.7500;63.3664;0.1981;0.0000;-782.4000;0.0000;6.8165;0.0000;-782.4000;0.0000;6.8165;1.0000;0.0000;0.0000;0.0000;0.0000
1381;706.89;773.5000;28271.2500;18417.7500;17644.2500;64.1662;0.1927;0.0000;-773.5000;0.0000;6.8165;0.0000;-773.5000;0.0000;6.8165;1.0000;0.0000;0.0000;0.0000;0.0000
1382;707.17;772.4500;28197.5000;18690.9500;17918.5000;65.3363;0.1848;0.0000;-772.4500;0.0000;6.8165;0.0000;-772.4500;0.0000;6.8165;1.0000;0.0000;0.0000;0.0000;0.0000
1383;707.45;788.2500;27661.2500;18706.2500;17918.0000;66.6766;0.1760;0.0000;-788.2500;0.0000;6.8165;0.0000;-788.2500;0.0000;6.8165;1.0000;0.0000;0.0000;0.0000;0.0000
1384;707.72;791.1000;27186.9500;18573.3500;17782.2500;67.3676;0.1715;0.0000;-791.1000;0.0000;6.8165;0.0000;-791.1000;0.0000;6.8165;1.0000;0.0000;0.0000;0.0000;0.0000
1385;708.00;776.7000;26922.7500;18543.8500;17767.1500;67.9535;0.1678;0.0000;-776.7000;0.0000;6.8165;0.0000;-776.7000;0.0000;6.8165;1.0000;0.0000;0.0000;0.0000;0.0000
1386;708.28;786.2500;26808.2500;18427.5500;17641.3000;67.7938;0.1688;0.0000;-786.2500;0.0000;6.8165;0.0000;-786.2500;0.0000;6.8165;1.0000;0.0000;0.0000;0.0000;0.0000
1387;708.56;782.7000;26681.2000;18310.8500;17528.1500;67.6802;0.1695;0.0000;-782.7000;0.0000;6.8165;0.0000;-782.7000;0.0000;6.8165;1.0000;0.0000;0.0000;0.0000;0.0000
1388;708.83;789.9000;26859.7500;18344.9000;17555.0000;67.3383;0.1717;0.0000;-789.9000;0.0000;6.8165;0.0000;-789.9000;0.0000;6.8165;1.0000;0.0000;0.0000;0.0000;0.0000
1389;709.11;780.3000;26532.1000;18056.0000;17275.7000;67.0854;0.1734;0.0000;-780.3000;0.0000;6.8165;0.0000;-780.3000;0.0000;6.8165;1.0000;0.0000;0.0000;0.0000;0.0000
1390;709.39;789.4000;26505.7000;18013.5000;17224.1000;66.9774;0.1741;0.0000;-789.4000;0.0000;6.8165;0.0000;-789.4000;0.0000;6.8165;1.0000;0.0000;0.0000;0.0000;0.0000
1391;709.67;779.4500;26616.8500;17975.4000;17195.9500;66.5545;0.1768;0.0000;-779.4500;0.0000;6.8165;0.0000;-779.4500;0.0000;6.8165;1.0000;0.0000;0.0000;0.0000;0.0000
1392;709.94;784.2500;26140.6500;17626.4500;16842.2000;66.4219;0.1777;0.0000;-784.2500;0.0000;6.8165;0.0000;-784.2500;0.0000;6.8165;1.0000;0.0000;0.0000;0.0000;0.0000
1393;710.22;781.5500;25727.7500;17745.7500;16964.2000;68.0031;0.1675;0.0000;-781.5500;0.0000;6.8165;0.0000;-781.5500;0.0000;6.8165;1.0000;0.0000;0.0000;0.0000;0.0000
1394;710.50;780.6000;25320.9000;17672.7000;16892.1000;68.8341;0.1622;0.0000;-780.6000;0.0000;6.8165;0.0000;-780.6000;0.0000;6.8165;1.0000;0.0000;0.0000;0.0000;0.0000
1395;710.77;795.8000;25144.4500;17705.7000;16909.9000;69.4490;0.1583;0.0000;-795.8000;0.0000;6.8165;0.0000;-795.8000;0.0000;6.8165;1.0000;0.0000;0.0000;0.0000;0.0000
1396;711.05;785.2000;25004.8500;17783.6000;16998.4000;70.1843;0.1538;0.0000;-785.2000;0.0000;6.8165;0.0000;-785.2000;0.0000;6.8165;1.0000;0.0000;0.0000;0.0000;0.0000
1397;711.33;792.6500;24759.5000;17578.0000;16785.3500;70.0357;0.1547;0.0000;-792.6500;0.0000;6.8165;0.0000;-792.6500;0.0000;6.8165;1.0000;0.0000;0.0000;0.0000;0.0000
1398;711.60;771.2500;24643.6500;17400.7000;16629.4500;69.6597;0.1570;0.0000;-771.2500;0.0000;6.8165;0.0000;-771.2500;0.0000;6.8165;1.0000;0.0000;0.0000;0.0000;0.0000
1399;711.88;774.1500;24998.8000;17317.3500;16543.2000;68.2908;0.1656;0.0000;-774.1500;0.0000;6.8165;0.0000;-774.1500;0.0000;6.8165;1.0000;0.0000;0.0000;0.0000;0.0000
1400;712.16;782.8000;25126.6500;17181.3000;16398.5000;67.3620;0.1716;0.0000;-782.8000;0.0000;6.8165;0.0000;-782.8000;0.0000;6.8165;1.0000;0.0000;0.0000;0.0000;0.0000
1401;712.43;787.1500;24885.1000;17212.8500;16425.7000;68.1622;0.1665;0.0000;-787.1500;0.0000;6.8165;0.0000;-787.1500;0.0000;6.8165;1.0000;0.0000;0.0000;0.0000;0.0000
1402;712.71;785.8500;24794.2000;17212.1000;16426.2500;68.4189;0.1648;0.0000;-785.8500;0.0000;6.8165;0.0000;-785.8500;0.0000;6.8165;1.0000;0.0000;0.0000;0.0000;0.0000
1403;712.99;782.7000;24423.1500;17068.6000;16285.9000;68.8900;0.1618;0.0000;-782.7000;0.0000;6.8165;0.0000;-782.7000;0.0000;6.8165;1.0000;0.0000;0.0000;0.0000;0.0000
1404;713.26;786.9000;24054.4500;16840.2500;16053.3500;68.9946;0.1612;0.0000;-786.9000;0.0000;6.8165;0.0000;-786.9000;0.0000;6.8165;1.0000;0.0000;0.0000;0.0000;0.0000
1405;713.54;799.8000;23933.6500;16752.4000;15952.6000;68.9578;0.1614;0.0000;-799.8000;0.0000;6.8165;0.0000;-799.8000;0.0000;6.8165;1.0000;0.0000;0.0000;0.0000;0.0000
1406;713.81;792.3500;24155.5500;16631.9500;15839.6000;67.7972;0.1688;0.0000;-792.3500;0.0000;6.8165;0.0000;-792.3500;0.0000;6.8165;1.0000;0.0000;0.0000;0.0000;0.0000
1407;714.09;782.8000;23886.7500;16469.7500;15686.9500;67.8973;0.1681;0.0000;-782.8000;0.0000;6.8165;0.0000;-782.8000;0.0000;6.8165;1.0000;0.0000;0.0000;0.0000;0.0000
1408;714.36;782.0000;23186.7000;16454.7500;15672.7500;69.9530;0.1552;0.0000;-782.0000;0.0000;6.8165;0.0000;-782.0000;0.0000;6.8165;1.0000;0.0000;0.0000;0.0000;0.0000
1409;714.64;789.6500;22727.9000;16259.7000;15470.0500;70.5163;0.1517;0.0000;-789.6500;0.0000;6.8165;0.0000;-789.6500;0.0000;6.8165;1.0000;0.0000;0.0000;0.0000;0.0000
1410;714.92;787.6000;22316.1000;16126.3500;15338.7500;71.2486;0.1472;0.0000;-787.6000;0.0000;6.8165;0.0000;-787.6000;0.0000;6.8165;1.0000;0.0000;0.0000;0.0000;0.0000
1411;715.19;784.4000;22300.2000;16059.9000;15275.5000;70.9967;0.1488;0.0000;-784.4000;0.0000;6.8165;0.0000;-784.4000;0.0000;6.8165;1.0000;0.0000;0.0000;0.0000;0.0000
1412;715.47;784.6500;21982.2500;15831.5000;15046.8500;70.9837;0.1488;0.0000;-784.6500;0.0000;6.8165;0.0000;-784.6500;0.0000;6.8165;1.0000;0.0000;0.0000;0.0000;0.0000
1413;715.74;785.2500;21654.0000;15649.1000;14863.8500;71.2254;0.1474;0.0000;-785.2500;0.0000;6.8165;0.0000;-785.2500;0.0000;6.8165;1.0000;0.0000;0.0000;0.0000;0.0000
1414;716.02;793.7000;21396.0000;15392.7500;14599.0500;70.8613;0.1496;0.0000;-793.7000;0.0000;6.8165;0.0000;-793.7000;0.0000;6.8165;1.0000;0.0000;0.0000;0.0000;0.0000
1415;716.29;780.4000;21111.7000;15197.7000;14417.3000;70.9118;0.1493;0.0000;-780.4000;0.0000;6.8165;0.0000;-780.4000;0.0000;6.8165;1.0000;0.0000;0.0000;0.0000;0.0000
1416;716.57;776.3000;20836.8500;14983.5500;14207.2500;70.8218;0.1498;0.0000;-776.3000;0.0000;6.8165;0.0000;-776.3000;0.0000;6.8165;1.0000;0.0000;0.0000;0.0000;0.0000
1417;716.84;776.0500;20587.4000;14737.1000;13961.0500;70.4700;0.1520;0.0000;-776.0500;0.0000;6.8165;0.0000;-776.0500;0.0000;6.8165;1.0000;0.0000;0.0000;0.0000;0.0000
1418;717.12;786.5000;20192.5500;14458.5000;13672.0000;70.4523;0.1521;0.0000;-786.5000;0.0000;6.8165;0.0000;-786.5000;0.0000;6.8165;1.0000;0.0000;0.0000;0.0000;0.0000
1419;717.39;781.2000;20001.1500;14372.2000;13591.0000;70.7130;0.1505;0.0000;-781.2000;0.0000;6.8165;0.0000;-781.2000;0.0000;6.8165;1.0000;0.0000;0.0000;0.0000;0.0000
1420;717.66;784.1500;19886.0000;14233.3000;13449.1500;70.4076;0.1524;0.0000;-784.1500;0.0000;6.8165;0.0000;-784.1500;0.0000;6.8165;1.0000;0.0000;0.0000;0.0000;0.0000
1421;717.94;770.0000;19646.5000;14186.4500;13416.4500;71.0749;0.1483;0.0000;-770.0000;0.0000;6.8165;0.0000;-770.0000;0.0000;6.8165;1.0000;0.0000;0.0000;0.0000;0.0000
1422;718.21;790.2000;19218.9000;14160.9500;13370.7500;72.5540;0.1393;0.0000;-790.2000;0.0000;6.8165;0.0000;-790.2000;0.0000;6.8165;1.0000;0.0000;0.0000;0.0000;0.0000
1423;718.49;789.0000;18676.5000;13900.5500;13111.5500;73.3001;0.1349;0.0000;-789.0000;0.0000;6.8165;0.0000;-789.0000;0.0000;6.8165;1.0000;0.0000;0.0000;0.0000;0.0000
1424;718.76;780.1500;18406.7000;13689.9000;12909.7500;73.2404;0.1352;0.0000;-780.1500;0.0000;6.8165;0.0000;-780.1500;0.0000;6.8165;1.0000;0.0000;0.0000;0.0000;0.0000
1425;719.03;770.8500;18142.5000;13367.5000;12596.6500;72.5127;0.1396;0.0000;-770.8500;0.0000;6.8165;0.0000;-770.8500;0.0000;6.8165;1.0000;0.0000;0.0000;0.0000;0.0000
1426;719.31;771.2000;17860.7000;13178.8000;12407.6000;72.6036;0.1390;0.0000;-771.2000;0.0000;6.8165;0.0000;-771.2000;0.0000;6.8165;1.0000;0.0000;0.0000;0.0000;0.0000
1427;719.58;782.4000;17865.2500;13001.0500;12218.6500;71.5258;0.1455;0.0000;-782.4000;0.0000;6.8165;0.0000;-782.4000;0.0000;6.8165;1.0000;0.0000;0.0000;0.0000;0.0000
1428;719.86;780.4000;17413.1500;12836.7000;12056.3000;72.4853;0.1398;0.0000;-780.4000;0.0000;6.8165;0.0000;-780.4000;0.0000;6.8165;1.0000;0.0000;0.0000;0.0000;0.0000
1429;720.13;791.0500;17349.7500;12811.7000;12020.6500;72.5942;0.1391;0.0000;-791.0500;0.0000;6.8165;0.0000;-791.0500;0.0000;6.8165;1.0000;0.0000;0.0000;0.0000;0.0000
1430;720.40;769.6000;17211.1500;12680.1000;11910.5000;72.4415;0.1400;0.0000;-769.6000;0.0000;6.8165;0.0000;-769.6000;0.0000;6.8165;1.0000;0.0000;0.0000;0.0000;0.0000
1431;720.68;793.8000;16996.6000;12385.4000;11591.6000;71.5407;0.1454;0.0000;-793.8000;0.0000;6.8165;0.0000;-793.8000;0.0000;6.8165;1.0000;0.0000;0.0000;0.0000;0.0000
1432;720.95;786.0500;16672.0000;12227.7500;11441.7000;72.0240;0.1425;0.0000;-786.0500;0.0000;6.8165;0.0000;-786.0500;0.0000;6.8165;1.0000;0.0000;0.0000;0.0000;0.0000
1433;721.22;785.3500;16462.0000;12108.2000;11322.8500;72.2275;0.1413;0.0000;-785.3500;0.0000;6.8165;0.0000;-785.3500;0.0000;6.8165;1.0000;0.0000;0.0000;0.0000;0.0000
1434;721.50;785.5000;15812.8000;11805.9500;11020.4500;73.3362;0.1347;0.0000;-785.5000;0.0000;6.8165;0.0000;-785.5000;0.0000;6.8165;1.0000;0.0000;0.0000;0.0000;0.0000
1435;721.77;781.2000;15524.5500;11669.5500;10888.3500;73.8526;0.1316;0.0000;-781.2000;0.0000;6.8165;0.0000;-781.2000;0.0000;6.8165;1.0000;0.0000;0.0000;0.0000;0.0000
1436;722.04;788.8000;15126.1000;11418.9000;10630.1000;74.1430;0.1299;0.0000;-788.8000;0.0000;6.8165;0.0000;-788.8000;0.0000;6.8165;1.0000;0.0000;0.0000;0.0000;0.0000
1437;722.31;794.0000;14741.6500;11289.7500;10495.7500;75.2510;0.1235;0.0000;-794.0000;0.0000;6.8165;0.0000;-794.0000;0.0000;6.8165;1.0000;0.0000;0.0000;0.0000;0.0000
1438;722.59;793.4000;14505.9500;11047.2500;10253.8500;74.7771;0.1262;0.0000;-793.4000;0.0000;6.8165;0.0000;-793.4000;0.0000;6.8165;1.0000;0.0000;0.0000;0.0000;0.0000
1439;722.86;797.7500;14350.8000;10902.6000;10104.8500;74.5578;0.1275;0.0000;-797.7500;0.0000;6.8165;0.0000;-797.7500;0.0000;6.8165;1.0000;0.0000;0.0000;0.0000;0.0000
1440;723.13;785.6000;14153.8500;10714.9000;9929.3000;74.2752;0.1292;0.0000;-785.6000;0.0000;6.8165;0.0000;-785.6000;0.0000;6.8165;1.0000;0.0000;0.0000;0.0000;0.0000
1441;723.40;795.9000;14227.2000;10601.9000;9806.0000;73.0086;0.1366;0.0000;-795.9000;0.0000;6.8165;0.0000;-795.9000;0.0000;6.8165;1.0000;0.0000;0.0000;0.0000;0.0000
1442;723.68;786.4500;14100.5500;10488.9500;9702.5000;72.8739;0.1374;0.0000;-786.4500;0.0000;6.8165;0.0000;-786.4500;0.0000;6.8165;1.0000;0.0000;0.0000;0.0000;0.0000
1443;723.95;799.5000;13682.7000;10279.2500;9479.7500;73.5823;0.1332;0.0000;-799.5000;0.0000;6.8165;0.0000;-799.5000;0.0000;6.8165;1.0000;0.0000;0.0000;0.0000;0.0000
1444;724.22;773.2500;13374.4500;10077.6000;9304.3500;73.8370;0.1317;0.0000;-773.2500;0.0000;6.8165;0.0000;-773.2500;0.0000;6.8165;1.0000;0.0000;0.0000;0.0000;0.0000
1445;724.49;776.1000;13356.1500;9981.9000;9205.8000;73.1778;0.1356;0.0000;-776.1000;0.0000;6.8165;0.0000;-776.1000;0.0000;6.8165;1.0000;0.0000;0.0000;0.0000;0.0000
1446;724.76;781.9000;13117.6000;9718.4500;8936.5500;72.4446;0.1400;0.0000;-781.9000;0.0000;6.8165;0.0000;-781.9000;0.0000;6.8165;1.0000;0.0000;0.0000;0.0000;0.0000
1447;725.04;795.5500;12911.4500;9585.7000;8790.1500;72.5505;0.1394;0.0000;-795.5500;0.0000;6.8165;0.0000;-795.5500;0.0000;6.8165;1.0000;0.0000;0.0000;0.0000;0.0000
1448;725.31;776.5000;12631.4000;9573.4500;8796.9500;74.2052;0.1296;0.0000;-776.5000;0.0000;6.8165;0.0000;-776.5000;0.0000;6.8165;1.0000;0.0000;0.0000;0.0000;0.0000
1449;725.58;784.4500;12455.3000;9529.0000;8744.5500;74.9264;0.1254;0.0000;-784.4500;0.0000;6.8165;0.0000;-784.4500;0.0000;6.8165;1.0000;0.0000;0.0000;0.0000;0.0000
1450;725.85;778.5000;12313.3000;9278.5500;8500.0500;73.6905;0.1326;0.0000;-778.5000;0.0000;6.8165;0.0000;-778.5000;0.0000;6.8165;1.0000;0.0000;0.0000;0.0000;0.0000
1451;726.12;780.0500;12109.8000;9117.4500;8337.4000;73.5886;0.1332;0.0000;-780.0500;0.0000;6.8165;0.0000;-780.0500;0.0000;6.8165;1.0000;0.0000;0.0000;0.0000;0.0000
1452;726.39;774.4000;11945.1500;9091.1000;8316.7000;74.4507;0.1281;0.0000;-774.4000;0.0000;6.8165;0.0000;-774.4000;0.0000;6.8165;1.0000;0.0000;0.0000;0.0000;0.0000
1453;726.66;783.1500;11726.9500;8984.1000;8200.9500;74.9370;0.1253;0.0000;-783.1500;0.0000;6.8165;0.0000;-783.1500;0.0000;6.8165;1.0000;0.0000;0.0000;0.0000;0.0000
1454;726.93;784.7000;11657.5500;8940.7500;8156.0500;75.0130;0.1249;0.0000;-784.7000;0.0000;6.8165;0.0000;-784.7000;0.0000;6.8165;1.0000;0.0000;0.0000;0.0000;0.0000
1455;727.21;798.6000;11754.1000;8970.3500;8171.7500;74.5904;0.1273;0.0000;-798.6000;0.0000;6.8165;0.0000;-798.6000;0.0000;6.8165;1.0000;0.0000;0.0000;0.0000;0.0000
1456;727.48;783.9000;11635.9500;8875.2500;8091.3500;74.5606;0.1275;0.0000;-783.9000;0.0000;6.8165;0.0000;-783.9000;0.0000;6.8165;1.0000;0.0000;0.0000;0.0000;0.0000
1457;727.75;773.6500;11585.8500;8748.1000;7974.4500;73.7542;0.1322;0.0000;-773.6500;0.0000;6.8165;0.0000;-773.6500;0.0000;6.8165;1.0000;0.0000;0.0000;0.0000;0.0000
1458;728.02;775.4000;11221.2500;8596.8500;7821.4500;74.8761;0.1257;0.0000;-775.4000;0.0000;6.8165;0.0000;-775.4000;0.0000;6.8165;1.0000;0.0000;0.0000;0.0000;0.0000
1459;728.29;782.7500;11250.9500;8675.8500;7893.1000;75.4007;0.1226;0.0000;-782.7500;0.0000;6.8165;0.0000;-782.7500;0.0000;6.8165;1.0000;0.0000;0.0000;0.0000;0.0000
1460;728.56;781.5000;10984.1000;8495.6500;7714.1500;75.6096;0.1214;0.0000;-781.5000;0.0000;6.8165;0.0000;-781.5000;0.0000;6.8165;1.0000;0.0000;0.0000;0.0000;0.0000
1461;728.83;782.4500;10919.0000;8571.8500;7789.4000;76.8447;0.1144;0.0000;-782.4500;0.0000;6.8165;0.0000;-782.4500;0.0000;6.8165;1.0000;0.0000;0.0000;0.0000;0.0000
1462;729.10;788.4000;10834.8000;8495.0500;7706.6500;76.7106;0.1151;0.0000;-788.4000;0.0000;6.8165;0.0000;-788.4000;0.0000;6.8165;1.0000;0.0000;0.0000;0.0000;0.0000
1463;729.37;787.7000;10895.5500;8421.5500;7633.8500;75.5240;0.1219;0.0000;-787.7000;0.0000;6.8165;0.0000;-787.7000;0.0000;6.8165;1.0000;0.0000;0.0000;0.0000;0.0000
1464;729.64;783.2500;10890.1000;8321.1500;7537.9000;74.5821;0.1274;0.0000;-783.2500;0.0000;6.8165;0.0000;-783.2500;0.0000;6.8165;1.0000;0.0000;0.0000;0.0000;0.0000
1465;729.91;777.8500;10854.6500;8200.8500;7423.0000;73.6643;0.1327;0.0000;-777.8500;0.0000;6.8165;0.0000;-777.8500;0.0000;6.8165;1.0000;0.0000;0.0000;0.0000;0.0000
1466;730.18;813.0500;10819.1500;8229.7000;7416.6500;74.1213;0.1301;0.0000;-813.0500;0.0000;6.8165;0.0000;-813.0500;0.0000;6.8165;1.0000;0.0000;0.0000;0.0000;0.0000
1467;730.45;793.6500;10552.2500;8197.9000;7404.2500;75.8741;0.1199;0.0000;-793.6500;0.0000;6.8165;0.0000;-793.6500;0.0000;6.8165;1.0000;0.0000;0.0000;0.0000;0.0000
1468;730.72;800.5000;10461.5000;8193.7000;7393.2000;76.5262;0.1162;0.0000;-800.5000;0.0000;6.8165;0.0000;-800.5000;0.0000;6.8165;1.0000;0.0000;0.0000;0.0000;0.0000
1469;730.99;790.1000;10368.9500;8057.9000;7267.8000;75.8734;0.1199;0.0000;-790.1000;0.0000;6.8165;0.0000;-790.1000;0.0000;6.8165;1.0000;0.0000;0.0000;0.0000;0.0000
1470;731.26;790.8500;10248.5500;7976.0500;7185.2000;75.9720;0.1193;0.0000;-790.8500;0.0000;6.8165;0.0000;-790.8500;0.0000;6.8165;1.0000;0.0000;0.0000;0.0000;0.0000
1471;731.53;773.5000;10205.1500;7960.7500;7187.2500;76.2035;0.1180;0.0000;-773.5000;0.0000;6.8165;0.0000;-773.5000;0.0000;6.8165;1.0000;0.0000;0.0000;0.0000;0.0000
1472;731.80;786.1000;10310.4500;7874.4500;7088.3500;74.4235;0.1283;0.0000;-786.1000;0.0000;6.8165;0.0000;-786.1000;0.0000;6.8165;1.0000;0.0000;0.0000;0.0000;0.0000
1473;732.06;792.2500;10180.1000;7847.3000;7055.0500;75.1509;0.1241;0.0000;-792.2500;0.0000;6.8165;0.0000;-792.2500;0.0000;6.8165;1.0000;0.0000;0.0000;0.0000;0.0000
1474;732.33;779.3000;10331.2000;8034.2500;7254.9500;75.9530;0.1195;0.0000;-779.3000;0.0000;6.8165;0.0000;-779.3000;0.0000;6.8165;1.0000;0.0000;0.0000;0.0000;0.0000
1475;732.60;770.8000;10155.2000;8077.9000;7307.1000;77.8643;0.1087;0.0000;-770.8000;0.0000;6.8165;0.0000;-770.8000;0.0000;6.8165;1.0000;0.0000;0.0000;0.0000;0.0000
1476;732.87;785.8500;10132.7500;8190.6000;7404.7500;79.2215;0.1012;0.0000;-785.8500;0.0000;6.8165;0.0000;-785.8500;0.0000;6.8165;1.0000;0.0000;0.0000;0.0000;0.0000
1477;733.14;774.2500;10116.3000;8111.0500;7336.8000;78.5352;0.1049;0.0000;-774.2500;0.0000;6.8165;0.0000;-774.2500;0.0000;6.8165;1.0000;0.0000;0.0000;0.0000;0.0000
1478;733.41;779.3500;10099.0000;7974.7000;7195.3500;77.2062;0.1123;0.0000;-779.3500;0.0000;6.8165;0.0000;-779.3500;0.0000;6.8165;1.0000;0.0000;0.0000;0.0000;0.0000
1479;733.68;779.8000;10074.6500;7877.5000;7097.7000;76.3616;0.1171;0.0000;-779.8000;0.0000;6.8165;0.0000;-779.8000;0.0000;6.8165;1.0000;0.0000;0.0000;0.0000;0.0000
1480;733.95;798.1500;10084.2000;7929.4500;7131.3000;76.7958;0.1147;0.0000;-798.1500;0.0000;6.8165;0.0000;-798.1500;0.0000;6.8165;1.0000;0.0000;0.0000;0.0000;0.0000
1481;734.21;795.2500;9922.8000;7772.8500;6977.6000;76.4455;0.1166;0.0000;-795.2500;0.0000;6.8165;0.0000;-795.2500;0.0000;6.8165;1.0000;0.0000;0.0000;0.0000;0.0000
1482;734.48;800.5000;9760.0500;7749.6500;6949.1500;77.5614;0.1104;0.0000;-800.5000;0.0000;6.8165;0.0000;-800.5000;0.0000;6.8165;1.0000;0.0000;0.0000;0.0000;0.0000
1483;734.75;788.7500;9616.4000;7591.6500;6802.9000;77.0635;0.1132;0.0000;-788.7500;0.0000;6.8165;0.0000;-788.7500;0.0000;6.8165;1.0000;0.0000;0.0000;0.0000;0.0000
1484;735.02;780.6000;9452.2500;7378.9500;6598.3500;76.0911;0.1187;0.0000;-780.6000;0.0000;6.8165;0.0000;-780.6000;0.0000;6.8165;1.0000;0.0000;0.0000;0.0000;0.0000
1485;735.29;776.6000;9282.1500;7233.7500;6457.1500;75.9169;0.1197;0.0000;-776.6000;0.0000;6.8165;0.0000;-776.6000;0.0000;6.8165;1.0000;0.0000;0.0000;0.0000;0.0000
1486;735.55;785.2000;9185.8000;7068.6000;6283.4000;74.7970;0.1261;0.0000;-785.2000;0.0000;6.8165;0.0000;-785.2000;0.0000;6.8165;1.0000;0.0000;0.0000;0.0000;0.0000
1487;735.82;780.2500;9110.4000;7084.1000;6303.8500;75.6751;0.1210;0.0000;-780.2500;0.0000;6.8165;0.0000;-780.2500;0.0000;6.8165;1.0000;0.0000;0.0000;0.0000;0.0000
1488;736.09;779.4000;8870.7500;6939.2500;6159.8500;76.1288;0.1185;0.0000;-779.4000;0.0000;6.8165;0.0000;-779.4000;0.0000;6.8165;1.0000;0.0000;0.0000;0.0000;0.0000
1489;736.36;783.4000;8683.1000;6867.8000;6084.4000;77.0206;0.1134;0.0000;-783.4000;0.0000;6.8165;0.0000;-783.4000;0.0000;6.8165;1.0000;0.0000;0.0000;0.0000;0.0000
1490;736.62;789.3500;8511.2000;6755.3500;5966.0000;77.2613;0.1120;0.0000;-789.3500;0.0000;6.8165;0.0000;-789.3500;0.0000;6.8165;1.0000;0.0000;0.0000;0.0000;0.0000
1491;736.89;788.2000;8409.2500;6606.3000;5818.1000;76.3425;0.1172;0.0000;-788.2000;0.0000;6.8165;0.0000;-788.2000;0.0000;6.8165;1.0000;0.0000;0.0000;0.0000;0.0000
1492;737.16;790.3500;8278.3500;6550.1500;5759.8000;76.9204;0.1140;0.0000;-790.3500;0.0000;6.8165;0.0000;-790.3500;0.0000;6.8165;1.0000;0.0000;0.0000;0.0000;0.0000
1493;737.43;775.0000;8226.6500;6444.5000;5669.5000;76.0838;0.1187;0.0000;-775.0000;0.0000;6.8165;0.0000;-775.0000;0.0000;6.8165;1.0000;0.0000;0.0000;0.0000;0.0000
1494;737.69;778.9000;8190.4000;6369.1500;5590.2500;75.4267;0.1225;0.0000;-778.9000;0.0000;6.8165;0.0000;-778.9000;0.0000;6.8165;1.0000;0.0000;0.0000;0.0000;0.0000
1495;737.96;798.7500;8093.5000;6320.0500;5521.3000;75.6887;0.1210;0.0000;-798.7500;0.0000;6.8165;0.0000;-798.7500;0.0000;6.8165;1.0000;0.0000;0.0000;0.0000;0.0000
1496;738.23;775.0000;8054.5000;6289.5000;5514.5000;75.7538;0.1206;0.0000;-775.0000;0.0000;6.8165;0.0000;-775.0000;0.0000;6.8165;1.0000;0.0000;0.0000;0.0000;0.0000
1497;738.49;794.7500;7798.1000;6301.1500;5506.4000;78.6252;0.1044;0.0000;-794.7500;0.0000;6.8165;0.0000;-794.7500;0.0000;6.8165;1.0000;0.0000;0.0000;0.0000;0.0000
1498;738.76;785.6000;7664.3000;6203.3000;5417.7000;78.7605;0.1037;0.0000;-785.6000;0.0000;6.8165;0.0000;-785.6000;0.0000;6.8165;1.0000;0.0000;0.0000;0.0000;0.0000
1499;739.03;779.3000;7606.8000;6125.7000;5346.4000;78.3068;0.1062;0.0000;-779.3000;0.0000;6.8165;0.0000;-779.3000;0.0000;6.8165;1.0000;0.0000;0.0000;0.0000;0.0000
1500;739.29;780.8500;7472.2000;5988.8500;5208.0000;77.8318;0.1088;0.0000;-780.8500;0.0000;6.8165;0.0000;-780.8500;0.0000;6.8165;1.0000;0.0000;0.0000;0.0000;0.0000
1501;739.56;774.4500;7427.3500;5925.0500;5150.6000;77.4189;0.1112;0.0000;-774.4500;0.0000;6.8165;0.0000;-774.4500;0.0000;6.8165;1.0000;0.0000;0.0000;0.0000;0.0000
1502;739.83;776.3000;7339.1500;5872.3500;5096.0500;77.6500;0.1099;0.0000;-776.3000;0.0000;6.8165;0.0000;-776.3000;0.0000;6.8165;1.0000;0.0000;0.0000;0.0000;0.0000
1503;740.09;792.3000;7168.2000;5823.7500;5031.4500;78.9136;0.1028;0.0000;-792.3000;0.0000;6.8165;0.0000;-792.3000;0.0000;6.8165;1.0000;0.0000;0.0000;0.0000;0.0000
1504;740.36;791.4000;7169.5000;5686.1000;4894.7000;76.7423;0.1150;0.0000;-791.4000;0.0000;6.8165;0.0000;-791.4000;0.0000;6.8165;1.0000;0.0000;0.0000;0.0000;0.0000
1505;740.62;766.7500;6937.6500;5569.8000;4803.0500;77.8339;0.1088;0.0000;-766.7500;0.0000;6.8165;0.0000;-766.7500;0.0000;6.8165;1.0000;0.0000;0.0000;0.0000;0.0000
1506;740.89;775.2000;6807.8500;5456.2500;4681.0500;77.5953;0.1102;0.0000;-775.2000;0.0000;6.8165;0.0000;-775.2000;0.0000;6.8165;1.0000;0.0000;0.0000;0.0000;0.0000
1507;741.16;787.9500;6693.0000;5387.0000;4599.0500;77.8833;0.1086;0.0000;-787.9500;0.0000;6.8165;0.0000;-787.9500;0.0000;6.8165;1.0000;0.0000;0.0000;0.0000;0.0000
1508;741.42;782.3000;6513.4500;5266.5500;4484.2500;78.2435;0.1066;0.0000;-782.3000;0.0000;6.8165;0.0000;-782.3000;0.0000;6.8165;1.0000;0.0000;0.0000;0.0000;0.0000
1509;741.69;787.7000;6378.6500;5103.4000;4315.7000;77.1908;0.1124;0.0000;-787.7000;0.0000;6.8165;0.0000;-787.7000;0.0000;6.8165;1.0000;0.0000;0.0000;0.0000;0.0000
1510;741.95;785.8500;6329.9000;5048.6500;4262.8000;76.8896;0.1141;0.0000;-785.8500;0.0000;6.8165;0.0000;-785.8500;0.0000;6.8165;1.0000;0.0000;0.0000;0.0000;0.0000
1511;742.22;774.1500;6195.0500;5019.5000;4245.3500;78.3145;0.1062;0.0000;-774.1500;0.0000;6.8165;0.0000;-774.1500;0.0000;6.8165;1.0000;0.0000;0.0000;0.0000;0.0000
1512;742.48;773.3500;6005.8000;4854.4000;4081.0500;77.9950;0.1079;0.0000;-773.3500;0.0000;6.8165;0.0000;-773.3500;0.0000;6.8165;1.0000;0.0000;0.0000;0.0000;0.0000
1513;742.75;780.8500;5925.6500;4788.4000;4007.5500;77.8952;0.1085;0.0000;-780.8500;0.0000;6.8165;0.0000;-780.8500;0.0000;6.8165;1.0000;0.0000;0.0000;0.0000;0.0000
1514;743.01;778.0500;5827.7500;4699.7000;3921.6500;77.6610;0.1098;0.0000;-778.0500;0.0000;6.8165;0.0000;-778.0500;0.0000;6.8165;1.0000;0.0000;0.0000;0.0000;0.0000
1515;743.28;779.3000;5762.5500;4612.1000;3832.8000;76.9137;0.1140;0.0000;-779.3000;0.0000;6.8165;0.0000;-779.3000;0.0000;6.8165;1.0000;0.0000;0.0000;0.0000;0.0000
1516;743.54;780.1500;5615.7000;4514.2000;3734.0500;77.2208;0.1123;0.0000;-780.1500;0.0000;6.8165;0.0000;-780.1500;0.0000;6.8165;1.0000;0.0000;0.0000;0.0000;0.0000
1517;743.81;790.6500;5481.4000;4424.2500;3633.6000;77.4631;0.1109;0.0000;-790.6500;0.0000;6.8165;0.0000;-790.6500;0.0000;6.8165;1.0000;0.0000;0.0000;0.0000;0.0000
1518;744.07;787.9000;5319.9000;4292.6500;3504.7500;77.3334;0.1116;0.0000;-787.9000;0.0000;6.8165;0.0000;-787.9000;0.0000;6.8165;1.0000;0.0000;0.0000;0.0000;0.0000
1519;744.34;772.4500;5192.0500;4215.4000;3442.9500;77.9018;0.1085;0.0000;-772.4500;0.0000;6.8165;0.0000;-772.4500;0.0000;6.8165;1.0000;0.0000;0.0000;0.0000;0.0000
1520;744.60;799.1000;5016.4500;4081.2500;3282.1500;77.8249;0.1089;0.0000;-799.1000;0.0000;6.8165;0.0000;-799.1000;0.0000;6.8165;1.0000;0.0000;0.0000;0.0000;0.0000
1521;744.87;776.7500;4904.3500;3964.6500;3187.9000;77.2337;0.1122;0.0000;-776.7500;0.0000;6.8165;0.0000;-776.7500;0.0000;6.8165;1.0000;0.0000;0.0000;0.0000;0.0000
1522;745.13;786.0000;4802.4000;3873.5500;3087.5500;76.8736;0.1142;0.0000;-786.0000;0.0000;6.8165;0.0000;-786.0000;0.0000;6.8165;1.0000;0.0000;0.0000;0.0000;0.0000
1523;745.39;802.2500;4666.9500;3769.1500;2966.9000;76.7692;0.1148;0.0000;-802.2500;0.0000;6.8165;0.0000;-802.2500;0.0000;6.8165;1.0000;0.0000;0.0000;0.0000;0.0000
1524;745.66;783.0000;4550.2500;3699.8500;2916.8500;77.4265;0.1111;0.0000;-783.0000;0.0000;6.8165;0.0000;-783.0000;0.0000;6.8165;1.0000;0.0000;0.0000;0.0000;0.0000
1525;745.92;781.7000;4421.3000;3575.0500;2793.3500;76.7488;0.1149;0.0000;-781.7000;0.0000;6.8165;0.0000;-781.7000;0.0000;6.8165;1.0000;0.0000;0.0000;0.0000;0.0000
1526;746.19;787.5500;4295.3000;3521.3500;2733.8000;77.9360;0.1083;0.0000;-787.5500;0.0000;6.8165;0.0000;-787.5500;0.0000;6.8165;1.0000;0.0000;0.0000;0.0000;0.0000
1527;746.45;792.9500;4205.7000;3484.5000;2691.5500;78.8675;0.1031;0.0000;-792.9500;0.0000;6.8165;0.0000;-792.9500;0.0000;6.8165;1.0000;0.0000;0.0000;0.0000;0.0000
1528;746.71;800.4000;4150.2000;3394.4000;2594.0000;77.4375;0.1110;0.0000;-800.4000;0.0000;6.8165;0.0000;-800.4000;0.0000;6.8165;1.0000;0.0000;0.0000;0.0000;0.0000
1529;746.98;789.1500;4065.6000;3361.5000;2572.3500;78.5103;0.1051;0.0000;-789.1500;0.0000;6.8165;0.0000;-789.1500;0.0000;6.8165;1.0000;0.0000;0.0000;0.0000;0.0000
1530;747.24;786.3000;3943.3000;3262.1500;2475.8500;78.4241;0.1056;0.0000;-786.3000;0.0000;6.8165;0.0000;-786.3000;0.0000;6.8165;1.0000;0.0000;0.0000;0.0000;0.0000
1531;747.50;780.5000;3878.6000;3214.1000;2433.6000;78.5514;0.1048;0.0000;-780.5000;0.0000;6.8165;0.0000;-780.5000;0.0000;6.8165;1.0000;0.0000;0.0000;0.0000;0.0000
1532;747.77;775.5500;3708.4500;3114.2500;2338.7000;79.7402;0.0983;0.0000;-775.5500;0.0000;6.8165;0.0000;-775.5500;0.0000;6.8165;1.0000;0.0000;0.0000;0.0000;0.0000
1533;748.03;786.0500;3654.1000;3065.8000;2279.7500;79.4878;0.0997;0.0000;-786.0500;0.0000;6.8165;0.0000;-786.0500;0.0000;6.8165;1.0000;0.0000;0.0000;0.0000;0.0000
1534;748.29;786.0500;3580.5500;3030.4500;2244.4000;80.3149;0.0952;0.0000;-786.0500;0.0000;6.8165;0.0000;-786.0500;0.0000;6.8165;1.0000;0.0000;0.0000;0.0000;0.0000
1535;748.56;781.5000;3546.3500;2964.9000;2183.4000;78.9699;0.1025;0.0000;-781.5000;0.0000;6.8165;0.0000;-781.5000;0.0000;6.8165;1.0000;0.0000;0.0000;0.0000;0.0000
1536;748.82;793.8000;3479.8500;2896.6500;2102.8500;78.2878;0.1063;0.0000;-793.8000;0.0000;6.8165;0.0000;-793.8000;0.0000;6.8165;1.0000;0.0000;0.0000;0.0000;0.0000
1537;749.08;776.1000;3421.2500;2877.6500;2101.5500;79.4492;0.0999;0.0000;-776.1000;0.0000;6.8165;0.0000;-776.1000;0.0000;6.8165;1.0000;0.0000;0.0000;0.0000;0.0000
1538;749.34;784.9000;3339.5000;2802.3500;2017.4500;78.9732;0.1025;0.0000;-784.9000;0.0000;6.8165;0.0000;-784.9000;0.0000;6.8165;1.0000;0.0000;0.0000;0.0000;0.0000
1539;749.61;782.0500;3281.4500;2763.8000;1981.7500;79.2890;0.1008;0.0000;-782.0500;0.0000;6.8165;0.0000;-782.0500;0.0000;6.8165;1.0000;0.0000;0.0000;0.0000;0.0000
1540;749.87;788.1500;3231.7500;2708.8000;1920.6500;78.5992;0.1046;0.0000;-788.1500;0.0000;6.8165;0.0000;-788.1500;0.0000;6.8165;1.0000;0.0000;0.0000;0.0000;0.0000
1541;750.13;777.3500;3204.1000;2659.5500;1882.2000;77.5605;0.1104;0.0000;-777.3500;0.0000;6.8165;0.0000;-777.3500;0.0000;6.8165;1.0000;0.0000;0.0000;0.0000;0.0000
1542;750.39;784.6500;3128.5500;2638.2000;1853.5500;79.0797;0.1019;0.0000;-784.6500;0.0000;6.8165;0.0000;-784.6500;0.0000;6.8165;1.0000;0.0000;0.0000;0.0000;0.0000
1543;750.65;778.1000;3108.0000;2594.3500;1816.2500;77.9540;0.1082;0.0000;-778.1000;0.0000;6.8165;0.0000;-778.1000;0.0000;6.8165;1.0000;0.0000;0.0000;0.0000;0.0000
1544;750.92;785.2500;3066.7500;2553.0500;1767.8000;77.4841;0.1108;0.0000;-785.2500;0.0000;6.8165;0.0000;-785.2500;0.0000;6.8165;1.0000;0.0000;0.0000;0.0000;0.0000
1545;751.18;784.7000;2990.2000;2523.1500;1738.4500;78.8234;0.1033;0.0000;-784.7000;0.0000;6.8165;0.0000;-784.7000;0.0000;6.8165;1.0000;0.0000;0.0000;0.0000;0.0000
1546;751.44;793.5000;2938.3000;2506.5500;1713.0500;79.8699;0.0976;0.0000;-793.5000;0.0000;6.8165;0.0000;-793.5000;0.0000;6.8165;1.0000;0.0000;0.0000;0.0000;0.0000
1547;751.70;789.0000;2888.9500;2434.5000;1645.5000;78.3590;0.1059;0.0000;-789.0000;0.0000;6.8165;0.0000;-789.0000;0.0000;6.8165;1.0000;0.0000;0.0000;0.0000;0.0000
1548;751.96;794.4000;2816.8500;2372.7000;1578.3000;78.0390;0.1077;0.0000;-794.4000;0.0000;6.8165;0.0000;-794.4000;0.0000;6.8165;1.0000;0.0000;0.0000;0.0000;0.0000
1549;752.23;784.9500;2789.3500;2352.3500;1567.4000;78.1980;0.1068;0.0000;-784.9500;0.0000;6.8165;0.0000;-784.9500;0.0000;6.8165;1.0000;0.0000;0.0000;0.0000;0.0000
1550;752.49;788.8000;2780.6000;2345.0500;1556.2500;78.1328;0.1072;0.0000;-788.8000;0.0000;6.8165;0.0000;-788.8000;0.0000;6.8165;1.0000;0.0000;0.0000;0.0000;0.0000
1551;752.75;786.5000;2763.1000;2295.6500;1509.1500;76.3508;0.1172;0.0000;-786.5000;0.0000;6.8165;0.0000;-786.5000;0.0000;6.8165;1.0000;0.0000;0.0000;0.0000;0.0000
1552;753.01;797.6000;2726.9000;2277.3000;1479.7000;76.6962;0.1152;0.0000;-797.6000;0.0000;6.8165;0.0000;-797.6000;0.0000;6.8165;1.0000;0.0000;0.0000;0.0000;0.0000
1553;753.27;789.2500;2692.6500;2274.6000;1485.3500;78.0367;0.1077;0.0000;-789.2500;0.0000;6.8165;0.0000;-789.2500;0.0000;6.8165;1.0000;0.0000;0.0000;0.0000;0.0000
1554;753.53;787.7500;2696.4000;2239.4500;1451.7000;76.0590;0.1188;0.0000;-787.7500;0.0000;6.8165;0.0000;-787.7500;0.0000;6.8165;1.0000;0.0000;0.0000;0.0000;0.0000
1555;753.79;792.5000;2643.8000;2208.9000;1416.4000;76.5084;0.1163;0.0000;-792.5000;0.0000;6.8165;0.0000;-792.5000;0.0000;6.8165;1.0000;0.0000;0.0000;0.0000;0.0000
1556;754.05;791.1000;2574.6500;2164.5500;1373.4500;77.0065;0.1135;0.0000;-791.1000;0.0000;6.8165;0.0000;-791.1000;0.0000;6.8165;1.0000;0.0000;0.0000;0.0000;0.0000
1557;754.31;792.3500;2547.8500;2155.3500;1363.0000;77.6417;0.1099;0.0000;-792.3500;0.0000;6.8165;0.0000;-792.3500;0.0000;6.8165;1.0000;0.0000;0.0000;0.0000;0.0000
1558;754.57;787.3000;2518.9500;2130.3500;1343.0500;77.5590;0.1104;0.0000;-787.3000;0.0000;6.8165;0.0000;-787.3000;0.0000;6.8165;1.0000;0.0000;0.0000;0.0000;0.0000
1559;754.84;784.6000;2484.6500;2090.5500;1305.9500;76.8183;0.1145;0.0000;-784.6000;0.0000;6.8165;0.0000;-784.6000;0.0000;6.8165;1.0000;0.0000;0.0000;0.0000;0.0000
1560;755.10;800.5000;2420.7000;2057.0000;1256.5000;77.5522;0.1104;0.0000;-800.5000;0.0000;6.8165;0.0000;-800.5000;0.0000;6.8165;1.0000;0.0000;0.0000;0.0000;0.0000
1561;755.36;778.1000;2430.1500;2060.7000;1282.6000;77.6369;0.1099;0.0000;-778.1000;0.0000;6.8165;0.0000;-778.1000;0.0000;6.8165;1.0000;0.0000;0.0000;0.0000;0.0000
1562;755.62;793.0500;2365.8000;2023.0000;1229.9500;78.2038;0.1068;0.0000;-793.0500;0.0000;6.8165;0.0000;-793.0500;0.0000;6.8165;1.0000;0.0000;0.0000;0.0000;0.0000
1563;755.88;781.9500;2371.6000;1999.1000;1217.1500;76.5672;0.1160;0.0000;-781.9500;0.0000;6.8165;0.0000;-781.9500;0.0000;6.8165;1.0000;0.0000;0.0000;0.0000;0.0000
1564;756.14;779.7000;2363.9500;1945.8000;1166.1000;73.6058;0.1331;0.0000;-779.7000;0.0000;6.8165;0.0000;-779.7000;0.0000;6.8165;1.0000;0.0000;0.0000;0.0000;0.0000
1565;756.40;788.1500;2323.2500;1951.7500;1163.6000;75.7996;0.1203;0.0000;-788.1500;0.0000;6.8165;0.0000;-788.1500;0.0000;6.8165;1.0000;0.0000;0.0000;0.0000;0.0000
1566;756.66;786.3000;2341.7000;1961.4500;1175.1500;75.5529;0.1217;0.0000;-786.3000;0.0000;6.8165;0.0000;-786.3000;0.0000;6.8165;1.0000;0.0000;0.0000;0.0000;0.0000
1567;756.92;776.8500;2304.6500;1934.5500;1157.7000;75.7756;0.1205;0.0000;-776.8500;0.0000;6.8165;0.0000;-776.8500;0.0000;6.8165;1.0000;0.0000;0.0000;0.0000;0.0000
1568;757.18;782.8500;2268.1000;1930.3000;1147.4500;77.2564;0.1121;0.0000;-782.8500;0.0000;6.8165;0.0000;-782.8500;0.0000;6.8165;1.0000;0.0000;0.0000;0.0000;0.0000
1569;757.43;793.4000;2258.3000;1945.9000;1152.5000;78.6743;0.1042;0.0000;-793.4000;0.0000;6.8165;0.0000;-793.4000;0.0000;6.8165;1.0000;0.0000;0.0000;0.0000;0.0000
1570;757.69;790.1500;2230.5000;1934.8500;1144.7000;79.4737;0.0998;0.0000;-790.1500;0.0000;6.8165;0.0000;-790.1500;0.0000;6.8165;1.0000;0.0000;0.0000;0.0000;0.0000
1571;757.95;779.0000;2222.2000;1917.5500;1138.5500;78.8907;0.1030;0.0000;-779.0000;0.0000;6.8165;0.0000;-779.0000;0.0000;6.8165;1.0000;0.0000;0.0000;0.0000;0.0000
1572;758.21;781.2000;2224.0000;1901.9500;1120.7500;77.6788;0.1097;0.0000;-781.2000;0.0000;6.8165;0.0000;-781.2000;0.0000;6.8165;1.0000;0.0000;0.0000;0.0000;0.0000
1573;758.47;795.9500;2208.0000;1910.1000;1114.1500;78.9030;0.1029;0.0000;-795.9500;0.0000;6.8165;0.0000;-795.9500;0.0000;6.8165;1.0000;0.0000;0.0000;0.0000;0.0000
1574;758.73;794.8500;2211.0500;1893.6000;1098.7500;77.5844;0.1102;0.0000;-794.8500;0.0000;6.8165;0.0000;-794.8500;0.0000;6.8165;1.0000;0.0000;0.0000;0.0000;0.0000
1575;758.99;788.2000;2194.6000;1885.0000;1096.8000;77.9863;0.1080;0.0000;-788.2000;0.0000;6.8165;0.0000;-788.2000;0.0000;6.8165;1.0000;0.0000;0.0000;0.0000;0.0000
1576;759.25;801.0000;2213.9000;1861.0500;1060.0500;75.0265;0.1248;0.0000;-801.0000;0.0000;6.8165;0.0000;-801.0000;0.0000;6.8165;1.0000;0.0000;0.0000;0.0000;0.0000
1577;759.51;793.2000;2182.3000;1863.4500;1070.2500;77.0463;0.1132;0.0000;-793.2000;0.0000;6.8165;0.0000;-793.2000;0.0000;6.8165;1.0000;0.0000;0.0000;0.0000;0.0000
1578;759.77;778.6500;2163.2000;1865.9000;1087.2500;78.5273;0.1050;0.0000;-778.6500;0.0000;6.8165;0.0000;-778.6500;0.0000;6.8165;1.0000;0.0000;0.0000;0.0000;0.0000
1579;760.02;779.9000;2150.6000;1839.2500;1059.3500;77.2853;0.1119;0.0000;-779.9000;0.0000;6.8165;0.0000;-779.9000;0.0000;6.8165;1.0000;0.0000;0.0000;0.0000;0.0000
1580;760.28;785.7000;2154.9000;1855.3500;1069.6500;78.1223;0.1072;0.0000;-785.7000;0.0000;6.8165;0.0000;-785.7000;0.0000;6.8165;1.0000;0.0000;0.0000;0.0000;0.0000
1581;760.54;790.6500;2146.1000;1839.2500;1048.6000;77.3618;0.1115;0.0000;-790.6500;0.0000;6.8165;0.0000;-790.6500;0.0000;6.8165;1.0000;0.0000;0.0000;0.0000;0.0000
1582;760.80;786.2000;2152.7500;1829.6500;1043.4500;76.3565;0.1172;0.0000;-786.2000;0.0000;6.8165;0.0000;-786.2000;0.0000;6.8165;1.0000;0.0000;0.0000;0.0000;0.0000
1583;761.06;787.6500;2157.5500;1816.6500;1029.0000;75.1150;0.1243;0.0000;-787.6500;0.0000;6.8165;0.0000;-787.6500;0.0000;6.8165;1.0000;0.0000;0.0000;0.0000;0.0000
1584;761.32;788.0000;2182.7000;1825.7500;1037.7500;74.4067;0.1284;0.0000;-788.0000;0.0000;6.8165;0.0000;-788.0000;0.0000;6.8165;1.0000;0.0000;0.0000;0.0000;0.0000
1585;761.57;774.2000;2172.3500;1831.8000;1057.6000;75.6428;0.1212;0.0000;-774.2000;0.0000;6.8165;0.0000;-774.2000;0.0000;6.8165;1.0000;0.0000;0.0000;0.0000;0.0000
1586;761.83;776.4000;2161.7000;1834.8500;1058.4500;76.4058;0.1169;0.0000;-776.4000;0.0000;6.8165;0.0000;-776.4000;0.0000;6.8165;1.0000;0.0000;0.0000;0.0000;0.0000
1587;762.09;793.4000;2139.0500;1830.5000;1037.1000;77.0706;0.1131;0.0000;-793.4000;0.0000;6.8165;0.0000;-793.4000;0.0000;6.8165;1.0000;0.0000;0.0000;0.0000;0.0000
1588;762.35;785.5500;2132.8500;1817.3500;1031.8000;76.5828;0.1159;0.0000;-785.5500;0.0000;6.8165;0.0000;-785.5500;0.0000;6.8165;1.0000;0.0000;0.0000;0.0000;0.0000
1589;762.60;786.5500;2136.9000;1831.1000;1044.5500;77.3540;0.1115;0.0000;-786.5500;0.0000;6.8165;0.0000;-786.5500;0.0000;6.8165;1.0000;0.0000;0.0000;0.0000;0.0000
1590;762.86;784.9500;2119.3000;1831.1500;1046.2000;78.4052;0.1057;0.0000;-784.9500;0.0000;6.8165;0.0000;-784.9500;0.0000;6.8165;1.0000;0.0000;0.0000;0.0000;0.0000
1591;763.12;785.1500;2146.2000;1841.8500;1056.7000;77.6386;0.1099;0.0000;-785.1500;0.0000;6.8165;0.0000;-785.1500;0.0000;6.8165;1.0000;0.0000;0.0000;0.0000;0.0000
1592;763.38;782.9500;2192.7500;1868.4000;1085.4500;76.9932;0.1135;0.0000;-782.9500;0.0000;6.8165;0.0000;-782.9500;0.0000;6.8165;1.0000;0.0000;0.0000;0.0000;0.0000
1593;763.63;787.4000;2224.6500;1901.4000;1114.0000;77.5091;0.1106;0.0000;-787.4000;0.0000;6.8165;0.0000;-787.4000;0.0000;6.8165;1.0000;0.0000;0.0000;0.0000;0.0000
1594;763.89;785.0000;2251.3500;1956.7000;1171.7000;79.9059;0.0974;0.0000;-785.0000;0.0000;6.8165;0.0000;-785.0000;0.0000;6.8165;1.0000;0.0000;0.0000;0.0000;0.0000
1595;764.15;787.6000;2319.8500;2018.5500;1230.9500;80.3361;0.0951;0.0000;-787.6000;0.0000;6.8165;0.0000;-787.6000;0.0000;6.8165;1.0000;0.0000;0.0000;0.0000;0.0000
1596;764.40;780.5000;2390.0500;2112.3000;1331.8000;82.7436;0.0823;0.0000;-780.5000;0.0000;6.8165;0.0000;-780.5000;0.0000;6.8165;1.0000;0.0000;0.0000;0.0000;0.0000
1597;764.66;774.9000;2457.7000;2206.4000;1431.5000;85.0666;0.0702;0.0000;-774.9000;0.0000;6.8165;0.0000;-774.9000;0.0000;6.8165;1.0000;0.0000;0.0000;0.0000;0.0000
1598;764.92;780.9500;2536.9500;2280.7000;1499.7500;85.4072;0.0685;0.0000;-780.9500;0.0000;6.8165;0.0000;-780.9500;0.0000;6.8165;1.0000;0.0000;0.0000;0.0000;0.0000
1599;765.17;787.1000;2592.9000;2300.1000;1513.0000;83.7856;0.0768;0.0000;-787.1000;0.0000;6.8165;0.0000;-787.1000;0.0000;6.8165;1.0000;0.0000;0.0000;0.0000;0.0000
1600;765.43;783.5000;2621.7000;2310.2500;1526.7500;83.0568;0.0806;0.0000;-783.5000;0.0000;6.8165;0.0000;-783.5000;0.0000;6.8165;1.0000;0.0000;0.0000;0.0000;0.0000
1601;765.69;782.0500;2575.6000;2233.5000;1451.4500;80.9261;0.0919;0.0000;-782.0500;0.0000;6.8165;0.0000;-782.0500;0.0000;6.8165;1.0000;0.0000;0.0000;0.0000;0.0000
1602;765.94;785.4500;2520.4500;2164.5000;1379.0500;79.4841;0.0997;0.0000;-785.4500;0.0000;6.8165;0.0000;-785.4500;0.0000;6.8165;1.0000;0.0000;0.0000;0.0000;0.0000
1603;766.20;785.8000;2457.7000;2081.8500;1296.0500;77.5196;0.1106;0.0000;-785.8000;0.0000;6.8165;0.0000;-785.8000;0.0000;6.8165;1.0000;0.0000;0.0000;0.0000;0.0000
1604;766.45;778.4000;2401.7000;2026.7500;1248.3500;76.9020;0.1141;0.0000;-778.4000;0.0000;6.8165;0.0000;-778.4000;0.0000;6.8165;1.0000;0.0000;0.0000;0.0000;0.0000
1605;766.71;785.1000;2300.4500;1945.6000;1160.5000;76.5830;0.1159;0.0000;-785.1000;0.0000;6.8165;0.0000;-785.1000;0.0000;6.8165;1.0000;0.0000;0.0000;0.0000;0.0000
1606;766.97;790.8500;2187.4000;1889.9000;1099.0500;78.6975;0.1040;0.0000;-790.8500;0.0000;6.8165;0.0000;-790.8500;0.0000;6.8165;1.0000;0.0000;0.0000;0.0000;0.0000
1607;767.22;793.8000;2120.6500;1847.0500;1053.2500;79.3797;0.1003;0.0000;-793.8000;0.0000;6.8165;0.0000;-793.8000;0.0000;6.8165;1.0000;0.0000;0.0000;0.0000;0.0000
1608;767.48;787.7500;2065.1500;1797.1000;1009.3500;79.0160;0.1023;0.0000;-787.7500;0.0000;6.8165;0.0000;-787.7500;0.0000;6.8165;1.0000;0.0000;0.0000;0.0000;0.0000
1609;767.73;783.1000;2018.6500;1756.6000;973.5000;78.7908;0.1035;0.0000;-783.1000;0.0000;6.8165;0.0000;-783.1000;0.0000;6.8165;1.0000;0.0000;0.0000;0.0000;0.0000
1610;767.99;768.5000;1982.1500;1708.9500;940.4500;77.4894;0.1108;0.0000;-768.5000;0.0000;6.8165;0.0000;-768.5000;0.0000;6.8165;1.0000;0.0000;0.0000;0.0000;0.0000
1611;768.24;787.0000;1931.1000;1645.2500;858.2500;75.0153;0.1249;0.0000;-787.0000;0.0000;6.8165;0.0000;-787.0000;0.0000;6.8165;1.0000;0.0000;0.0000;0.0000;0.0000
1612;768.50;783.2000;1894.6000;1606.9500;823.7500;74.1182;0.1301;0.0000;-783.2000;0.0000;6.8165;0.0000;-783.2000;0.0000;6.8165;1.0000;0.0000;0.0000;0.0000;0.0000
1613;768.75;775.9000;1869.3500;1579.9500;804.0500;73.5333;0.1335;0.0000;-775.9000;0.0000;6.8165;0.0000;-775.9000;0.0000;6.8165;1.0000;0.0000;0.0000;0.0000;0.0000
1614;769.01;791.8000;1838.9000;1564.7000;772.9000;73.8134;0.1319;0.0000;-791.8000;0.0000;6.8165;0.0000;-791.8000;0.0000;6.8165;1.0000;0.0000;0.0000;0.0000;0.0000
1615;769.26;779.7500;1808.0500;1544.9500;765.2000;74.4141;0.1283;0.0000;-779.7500;0.0000;6.8165;0.0000;-779.7500;0.0000;6.8165;1.0000;0.0000;0.0000;0.0000;0.0000
1616;769.52;788.2000;1792.9000;1524.1000;735.9000;73.2457;0.1352;0.0000;-788.2000;0.0000;6.8165;0.0000;-788.2000;0.0000;6.8165;1.0000;0.0000;0.0000;0.0000;0.0000
1617;769.77;786.2000;1742.9500;1514.9000;728.7000;76.1641;0.1182;0.0000;-786.2000;0.0000;6.8165;0.0000;-786.2000;0.0000;6.8165;1.0000;0.0000;0.0000;0.0000;0.0000
1618;770.03;778.9000;1711.6500;1498.0000;719.1000;77.0946;0.1130;0.0000;-778.9000;0.0000;6.8165;0.0000;-778.9000;0.0000;6.8165;1.0000;0.0000;0.0000;0.0000;0.0000
1619;770.28;792.1500;1691.8500;1464.8000;672.6500;74.7638;0.1263;0.0000;-792.1500;0.0000;6.8165;0.0000;-792.1500;0.0000;6.8165;1.0000;0.0000;0.0000;0.0000;0.0000
1620;770.54;795.4500;1689.2500;1450.2500;654.8000;73.2602;0.1351;0.0000;-795.4500;0.0000;6.8165;0.0000;-795.4500;0.0000;6.8165;1.0000;0.0000;0.0000;0.0000;0.0000
1621;770.79;779.0000;1676.8500;1430.4000;651.4000;72.5511;0.1394;0.0000;-779.0000;0.0000;6.8165;0.0000;-779.0000;0.0000;6.8165;1.0000;0.0000;0.0000;0.0000;0.0000
1622;771.04;785.5500;1653.9500;1425.4500;639.9000;73.6872;0.1326;0.0000;-785.5500;0.0000;6.8165;0.0000;-785.5500;0.0000;6.8165;1.0000;0.0000;0.0000;0.0000;0.0000
1623;771.30;798.0500;1636.4000;1394.2500;596.2000;71.1159;0.1480;0.0000;-798.0500;0.0000;6.8165;0.0000;-798.0500;0.0000;6.8165;1.0000;0.0000;0.0000;0.0000;0.0000
1624;771.55;773.8000;1619.4000;1370.6000;596.8000;70.5771;0.1513;0.0000;-773.8000;0.0000;6.8165;0.0000;-773.8000;0.0000;6.8165;1.0000;0.0000;0.0000;0.0000;0.0000
1625;771.81;780.3500;1609.8000;1377.9500;597.6000;72.0477;0.1424;0.0000;-780.3500;0.0000;6.8165;0.0000;-780.3500;0.0000;6.8165;1.0000;0.0000;0.0000;0.0000;0.0000
1626;772.06;778.4000;1588.1000;1374.7500;596.3500;73.6507;0.1328;0.0000;-778.4000;0.0000;6.8165;0.0000;-778.4000;0.0000;6.8165;1.0000;0.0000;0.0000;0.0000;0.0000
1627;772.31;786.5500;1568.2000;1373.6500;587.1000;75.1103;0.1243;0.0000;-786.5500;0.0000;6.8165;0.0000;-786.5500;0.0000;6.8165;1.0000;0.0000;0.0000;0.0000;0.0000
1628;772.57;784.1000;1570.1000;1351.2000;567.1000;72.1501;0.1418;0.0000;-784.1000;0.0000;6.8165;0.0000;-784.1000;0.0000;6.8165;1.0000;0.0000;0.0000;0.0000;0.0000
1629;772.82;787.1000;1560.9000;1336.4000;549.3000;70.9873;0.1488;0.0000;-787.1000;0.0000;6.8165;0.0000;-787.1000;0.0000;6.8165;1.0000;0.0000;0.0000;0.0000;0.0000
1630;773.07;777.1000;1535.2500;1326.9500;549.8500;72.5252;0.1395;0.0000;-777.1000;0.0000;6.8165;0.0000;-777.1000;0.0000;6.8165;1.0000;0.0000;0.0000;0.0000;0.0000
1631;773.33;787.4500;1520.5000;1305.0000;517.5500;70.6023;0.1512;0.0000;-787.4500;0.0000;6.8165;0.0000;-787.4500;0.0000;6.8165;1.0000;0.0000;0.0000;0.0000;0.0000
1632;773.58;780.6000;1531.9000;1325.3000;544.7000;72.5010;0.1397;0.0000;-780.6000;0.0000;6.8165;0.0000;-780.6000;0.0000;6.8165;1.0000;0.0000;0.0000;0.0000;0.0000
1633;773.83;785.7500;1493.6000;1311.1000;525.3500;74.2177;0.1295;0.0000;-785.7500;0.0000;6.8165;0.0000;-785.7500;0.0000;6.8165;1.0000;0.0000;0.0000;0.0000;0.0000
1634;774.09;784.2500;1505.5500;1327.7000;543.4500;75.3431;0.1230;0.0000;-784.2500;0.0000;6.8165;0.0000;-784.2500;0.0000;6.8165;1.0000;0.0000;0.0000;0.0000;0.0000
1635;774.34;781.6500;1494.4000;1301.8000;520.1500;72.9779;0.1368;0.0000;-781.6500;0.0000;6.8165;0.0000;-781.6500;0.0000;6.8165;1.0000;0.0000;0.0000;0.0000;0.0000
1636;774.59;784.6000;1477.0000;1277.8500;493.2500;71.2377;0.1473;0.0000;-784.6000;0.0000;6.8165;0.0000;-784.6000;0.0000;6.8165;1.0000;0.0000;0.0000;0.0000;0.0000
1637;774.85;781.6500;1463.6000;1282.5500;500.9000;73.4511;0.1340;0.0000;-781.6500;0.0000;6.8165;0.0000;-781.6500;0.0000;6.8165;1.0000;0.0000;0.0000;0.0000;0.0000
1638;775.10;788.9000;1450.9000;1276.3500;487.4500;73.6329;0.1329;0.0000;-788.9000;0.0000;6.8165;0.0000;-788.9000;0.0000;6.8165;1.0000;0.0000;0.0000;0.0000;0.0000
1639;775.35;780.7000;1443.1000;1276.3000;495.6000;74.8188;0.1260;0.0000;-780.7000;0.0000;6.8165;0.0000;-780.7000;0.0000;6.8165;1.0000;0.0000;0.0000;0.0000;0.0000
1640;775.60;791.5000;1423.4500;1251.3000;459.8000;72.7589;0.1381;0.0000;-791.5000;0.0000;6.8165;0.0000;-791.5000;0.0000;6.8165;1.0000;0.0000;0.0000;0.0000;0.0000
1641;775.85;798.6500;1423.8500;1252.6500;454.0000;72.6168;0.1390;0.0000;-798.6500;0.0000;6.8165;0.0000;-798.6500;0.0000;6.8165;1.0000;0.0000;0.0000;0.0000;0.0000
1642;776.11;800.0000;1402.0500;1242.0000;442.0000;73.4158;0.1342;0.0000;-800.0000;0.0000;6.8165;0.0000;-800.0000;0.0000;6.8165;1.0000;0.0000;0.0000;0.0000;0.0000
1643;776.36;790.2000;1405.7000;1223.5500;433.3500;70.4062;0.1524;0.0000;-790.2000;0.0000;6.8165;0.0000;-790.2000;0.0000;6.8165;1.0000;0.0000;0.0000;0.0000;0.0000
1644;776.61;784.1000;1419.6500;1210.3500;426.2500;67.0679;0.1735;0.0000;-784.1000;0.0000;6.8165;0.0000;-784.1000;0.0000;6.8165;1.0000;0.0000;0.0000;0.0000;0.0000
1645;776.86;777.6500;1394.9500;1220.3000;442.6500;71.7074;0.1444;0.0000;-777.6500;0.0000;6.8165;0.0000;-777.6500;0.0000;6.8165;1.0000;0.0000;0.0000;0.0000;0.0000
1646;777.11;784.2000;1395.9000;1216.9500;432.7500;70.7455;0.1503;0.0000;-784.2000;0.0000;6.8165;0.0000;-784.2000;0.0000;6.8165;1.0000;0.0000;0.0000;0.0000;0.0000
1647;777.37;775.1500;1378.1000;1230.0000;454.8500;75.4374;0.1224;0.0000;-775.1500;0.0000;6.8165;0.0000;-775.1500;0.0000;6.8165;1.0000;0.0000;0.0000;0.0000;0.0000
1648;777.62;775.7000;1391.5000;1214.3000;438.6000;71.2244;0.1474;0.0000;-775.7000;0.0000;6.8165;0.0000;-775.7000;0.0000;6.8165;1.0000;0.0000;0.0000;0.0000;0.0000
1649;777.87;784.1000;1360.3500;1212.5000;428.4000;74.3427;0.1288;0.0000;-784.1000;0.0000;6.8165;0.0000;-784.1000;0.0000;6.8165;1.0000;0.0000;0.0000;0.0000;0.0000
1650;778.12;788.8000;1373.7500;1223.1000;434.3000;74.2457;0.1293;0.0000;-788.8000;0.0000;6.8165;0.0000;-788.8000;0.0000;6.8165;1.0000;0.0000;0.0000;0.0000;0.0000
1651;778.37;785.2000;1374.4000;1201.1000;415.9000;70.5872;0.1513;0.0000;-785.2000;0.0000;6.8165;0.0000;-785.2000;0.0000;6.8165;1.0000;0.0000;0.0000;0.0000;0.0000
1652;778.62;789.2000;1360.3500;1195.8000;406.6000;71.1897;0.1476;0.0000;-789.2000;0.0000;6.8165;0.0000;-789.2000;0.0000;6.8165;1.0000;0.0000;0.0000;0.0000;0.0000
1653;778.87;786.3500;1364.9500;1205.5500;419.2000;72.4507;0.1400;0.0000;-786.3500;0.0000;6.8165;0.0000;-786.3500;0.0000;6.8165;1.0000;0.0000;0.0000;0.0000;0.0000
1654;779.12;789.1000;1354.9000;1203.1500;414.0500;73.1796;0.1356;0.0000;-789.1000;0.0000;6.8165;0.0000;-789.1000;0.0000;6.8165;1.0000;0.0000;0.0000;0.0000;0.0000
1655;779.38;784.3000;1346.1500;1167.8500;383.5500;68.2656;0.1658;0.0000;-784.3000;0.0000;6.8165;0.0000;-784.3000;0.0000;6.8165;1.0000;0.0000;0.0000;0.0000;0.0000
1656;779.63;781.8500;1352.3500;1176.1500;394.3000;69.1148;0.1604;0.0000;-781.8500;0.0000;6.8165;0.0000;-781.8500;0.0000;6.8165;1.0000;0.0000;0.0000;0.0000;0.0000
1657;779.88;799.1000;1326.6500;1170.8500;371.7500;70.4673;0.1520;0.0000;-799.1000;0.0000;6.8165;0.0000;-799.1000;0.0000;6.8165;1.0000;0.0000;0.0000;0.0000;0.0000
1658;780.13;785.6500;1341.7000;1176.9500;391.3000;70.3714;0.1526;0.0000;-785.6500;0.0000;6.8165;0.0000;-785.6500;0.0000;6.8165;1.0000;0.0000;0.0000;0.0000;0.0000
1659;780.38;792.9500;1339.9500;1179.3500;386.4000;70.6399;0.1510;0.0000;-792.9500;0.0000;6.8165;0.0000;-792.9500;0.0000;6.8165;1.0000;0.0000;0.0000;0.0000;0.0000
1660;780.63;783.1000;1333.7500;1165.7000;382.6000;69.4815;0.1581;0.0000;-783.1000;0.0000;6.8165;0.0000;-783.1000;0.0000;6.8165;1.0000;0.0000;0.0000;0.0000;0.0000
1661;780.88;789.0500;1349.1500;1183.5500;394.5000;70.4339;0.1522;0.0000;-789.0500;0.0000;6.8165;0.0000;-789.0500;0.0000;6.8165;1.0000;0.0000;0.0000;0.0000;0.0000
1662;781.13;788.7000;1338.5500;1169.0500;380.3500;69.1734;0.1601;0.0000;-788.7000;0.0000;6.8165;0.0000;-788.7000;0.0000;6.8165;1.0000;0.0000;0.0000;0.0000;0.0000
1663;781.38;773.8500;1321.8000;1161.0000;387.1500;70.6543;0.1509;0.0000;-773.8500;0.0000;6.8165;0.0000;-773.8500;0.0000;6.8165;1.0000;0.0000;0.0000;0.0000;0.0000
1664;781.63;782.2500;1339.7500;1168.2500;386.0000;69.2377;0.1597;0.0000;-782.2500;0.0000;6.8165;0.0000;-782.2500;0.0000;6.8165;1.0000;0.0000;0.0000;0.0000;0.0000
1665;781.88;791.3000;1323.3000;1184.4000;393.1000;73.8910;0.1314;0.0000;-791.3000;0.0000;6.8165;0.0000;-791.3000;0.0000;6.8165;1.0000;0.0000;0.0000;0.0000;0.0000
1666;782.13;790.1500;1328.0000;1174.9500;384.8000;71.5441;0.1454;0.0000;-790.1500;0.0000;6.8165;0.0000;-790.1500;0.0000;6.8165;1.0000;0.0000;0.0000;0.0000;0.0000
1667;782.38;790.8500;1344.2500;1193.3000;402.4500;72.7232;0.1383;0.0000;-790.8500;0.0000;6.8165;0.0000;-790.8500;0.0000;6.8165;1.0000;0.0000;0.0000;0.0000;0.0000
1668;782.63;784.1000;1343.5500;1171.3000;387.2000;69.2108;0.1598;0.0000;-784.1000;0.0000;6.8165;0.0000;-784.1000;0.0000;6.8165;1.0000;0.0000;0.0000;0.0000;0.0000
1669;782.88;779.8000;1332.3500;1172.0000;392.2000;70.9800;0.1489;0.0000;-779.8000;0.0000;6.8165;0.0000;-779.8000;0.0000;6.8165;1.0000;0.0000;0.0000;0.0000;0.0000
1670;783.13;776.3000;1329.3500;1176.4500;400.1500;72.3533;0.1405;0.0000;-776.3000;0.0000;6.8165;0.0000;-776.3000;0.0000;6.8165;1.0000;0.0000;0.0000;0.0000;0.0000
1671;783.38;781.6000;1345.5500;1171.1500;389.5500;69.0753;0.1607;0.0000;-781.6000;0.0000;6.8165;0.0000;-781.6000;0.0000;6.8165;1.0000;0.0000;0.0000;0.0000;0.0000
1672;783.62;778.2500;1330.1000;1160.8000;382.5500;69.3214;0.1591;0.0000;-778.2500;0.0000;6.8165;0.0000;-778.2500;0.0000;6.8165;1.0000;0.0000;0.0000;0.0000;0.0000
1673;783.87;802.1000;1331.7000;1174.6000;372.5000;70.3361;0.1528;0.0000;-802.1000;0.0000;6.8165;0.0000;-802.1000;0.0000;6.8165;1.0000;0.0000;0.0000;0.0000;0.0000
1674;784.12;786.0500;1332.3500;1171.6500;385.6000;70.5839;0.1513;0.0000;-786.0500;0.0000;6.8165;0.0000;-786.0500;0.0000;6.8165;1.0000;0.0000;0.0000;0.0000;0.0000
1675;784.37;773.3500;1341.9000;1184.0500;410.7000;72.2364;0.1412;0.0000;-773.3500;0.0000;6.8165;0.0000;-773.3500;0.0000;6.8165;1.0000;0.0000;0.0000;0.0000;0.0000
1676;784.62;795.3000;1331.8500;1182.6500;387.3500;72.1927;0.1415;0.0000;-795.3000;0.0000;6.8165;0.0000;-795.3000;0.0000;6.8165;1.0000;0.0000;0.0000;0.0000;0.0000
1677;784.87;790.9500;1323.9500;1180.1000;389.1500;73.0113;0.1366;0.0000;-790.9500;0.0000;6.8165;0.0000;-790.9500;0.0000;6.8165;1.0000;0.0000;0.0000;0.0000;0.0000
1678;785.12;780.2000;1315.2000;1173.2000;393.0000;73.4579;0.1340;0.0000;-780.2000;0.0000;6.8165;0.0000;-780.2000;0.0000;6.8165;1.0000;0.0000;0.0000;0.0000;0.0000
1679;785.37;788.4000;1348.2500;1174.1500;385.7500;68.9024;0.1618;0.0000;-788.4000;0.0000;6.8165;0.0000;-788.4000;0.0000;6.8165;1.0000;0.0000;0.0000;0.0000;0.0000
1680;785.61;785.9000;1323.1000;1186.6500;400.7500;74.5998;0.1273;0.0000;-785.9000;0.0000;6.8165;0.0000;-785.9000;0.0000;6.8165;1.0000;0.0000;0.0000;0.0000;0.0000
1681;785.86;770.2000;1335.5000;1175.2500;405.0500;71.6522;0.1448;0.0000;-770.2000;0.0000;6.8165;0.0000;-770.2000;0.0000;6.8165;1.0000;0.0000;0.0000;0.0000;0.0000
1682;786.11;781.2500;1338.7000;1157.3000;376.0500;67.4590;0.1710;0.0000;-781.2500;0.0000;6.8165;0.0000;-781.2500;0.0000;6.8165;1.0000;0.0000;0.0000;0.0000;0.0000
1683;786.36;799.8500;1336.5000;1175.6500;375.8000;70.0270;0.1547;0.0000;-799.8500;0.0000;6.8165;0.0000;-799.8500;0.0000;6.8165;1.0000;0.0000;0.0000;0.0000;0.0000
1684;786.61;795.2500;1327.9500;1174.8500;379.6000;71.2596;0.1472;0.0000;-795.2500;0.0000;6.8165;0.0000;-795.2500;0.0000;6.8165;1.0000;0.0000;0.0000;0.0000;0.0000
1685;786.85;787.7000;1325.2500;1174.1000;386.4000;71.8817;0.1434;0.0000;-787.7000;0.0000;6.8165;0.0000;-787.7000;0.0000;6.8165;1.0000;0.0000;0.0000;0.0000;0.0000
1686;787.10;789.3500;1327.9500;1164.1000;374.7500;69.5785;0.1575;0.0000;-789.3500;0.0000;6.8165;0.0000;-789.3500;0.0000;6.8165;1.0000;0.0000;0.0000;0.0000;0.0000
1687;787.35;796.8500;1303.8000;1188.3000;391.4500;77.2167;0.1123;0.0000;-796.8500;0.0000;6.8165;0.0000;-796.8500;0.0000;6.8165;1.0000;0.0000;0.0000;0.0000;0.0000
1688;787.60;787.5000;1340.2500;1179.5500;392.0500;70.9272;0.1492;0.0000;-787.5000;0.0000;6.8165;0.0000;-787.5000;0.0000;6.8165;1.0000;0.0000;0.0000;0.0000;0.0000
1689;787.84;778.6500;1342.3500;1159.7500;381.1000;67.6069;0.1700;0.0000;-778.6500;0.0000;6.8165;0.0000;-778.6500;0.0000;6.8165;1.0000;0.0000;0.0000;0.0000;0.0000
1690;788.09;794.1500;1342.0000;1177.7000;383.5500;70.0100;0.1548;0.0000;-794.1500;0.0000;6.8165;0.0000;-794.1500;0.0000;6.8165;1.0000;0.0000;0.0000;0.0000;0.0000
1691;788.34;789.6000;1353.6500;1190.7500;401.1500;71.1196;0.1480;0.0000;-789.6000;0.0000;6.8165;0.0000;-789.6000;0.0000;6.8165;1.0000;0.0000;0.0000;0.0000;0.0000
1692;788.59;781.1000;1339.9000;1194.3500;413.2500;73.9531;0.1310;0.0000;-781.1000;0.0000;6.8165;0.0000;-781.1000;0.0000;6.8165;1.0000;0.0000;0.0000;0.0000;0.0000
1693;788.83;784.5500;1343.7000;1193.2500;408.7000;73.0931;0.1361;0.0000;-784.5500;0.0000;6.8165;0.0000;-784.5500;0.0000;6.8165;1.0000;0.0000;0.0000;0.0000;0.0000
1694;789.08;770.1000;1340.2500;1173.5000;403.4000;70.7533;0.1503;0.0000;-770.1000;0.0000;6.8165;0.0000;-770.1000;0.0000;6.8165;1.0000;0.0000;0.0000;0.0000;0.0000
1695;789.33;772.1500;1346.5500;1192.9500;420.8000;73.2591;0.1351;0.0000;-772.1500;0.0000;6.8165;0.0000;-772.1500;0.0000;6.8165;1.0000;0.0000;0.0000;0.0000;0.0000
1696;789.57;782.2500;1362.8500;1181.5000;399.2500;68.7651;0.1626;0.0000;-782.2500;0.0000;6.8165;0.0000;-782.2500;0.0000;6.8165;1.0000;0.0000;0.0000;0.0000;0.0000
1697;789.82;784.6000;1346.2000;1184.0500;399.4500;71.1271;0.1480;0.0000;-784.6000;0.0000;6.8165;0.0000;-784.6000;0.0000;6.8165;1.0000;0.0000;0.0000;0.0000;0.0000
1698;790.07;788.4500;1364.3500;1203.7000;415.2500;72.1045;0.1420;0.0000;-788.4500;0.0000;6.8165;0.0000;-788.4500;0.0000;6.8165;1.0000;0.0000;0.0000;0.0000;0.0000
1699;790.31;788.1000;1361.7000;1204.1000;416.0000;72.5244;0.1395;0.0000;-788.1000;0.0000;6.8165;0.0000;-788.1000;0.0000;6.8165;1.0000;0.0000;0.0000;0.0000;0.0000
1700;790.56;785.7500;1345.5000;1183.6500;397.9000;71.0853;0.1482;0.0000;-785.7500;0.0000;6.8165;0.0000;-785.7500;0.0000;6.8165;1.0000;0.0000;0.0000;0.0000;0.0000
1701;790.80;776.7500;1351.3500;1208.5000;431.7500;75.1392;0.1241;0.0000;-776.7500;0.0000;6.8165;0.0000;-776.7500;0.0000;6.8165;1.0000;0.0000;0.0000;0.0000;0.0000
1702;791.05;790.9000;1349.5000;1201.2000;410.3000;73.4515;0.1340;0.0000;-790.9000;0.0000;6.8165;0.0000;-790.9000;0.0000;6.8165;1.0000;0.0000;0.0000;0.0000;0.0000
1703;791.30;788.2500;1345.6500;1188.6500;400.4000;71.8335;0.1437;0.0000;-788.2500;0.0000;6.8165;0.0000;-788.2500;0.0000;6.8165;1.0000;0.0000;0.0000;0.0000;0.0000
1704;791.54;783.7000;1338.9500;1173.1000;389.4000;70.1306;0.1541;0.0000;-783.7000;0.0000;6.8165;0.0000;-783.7000;0.0000;6.8165;1.0000;0.0000;0.0000;0.0000;0.0000
1705;791.79;776.1000;1318.5500;1167.2500;391.1500;72.1080;0.1420;0.0000;-776.1000;0.0000;6.8165;0.0000;-776.1000;0.0000;6.8165;1.0000;0.0000;0.0000;0.0000;0.0000
1706;792.03;776.0500;1337.2000;1169.5500;393.5000;70.1239;0.1541;0.0000;-776.0500;0.0000;6.8165;0.0000;-776.0500;0.0000;6.8165;1.0000;0.0000;0.0000;0.0000;0.0000
1707;792.28;787.5000;1327.3500;1182.0000;394.5000;73.0759;0.1362;0.0000;-787.5000;0.0000;6.8165;0.0000;-787.5000;0.0000;6.8165;1.0000;0.0000;0.0000;0.0000;0.0000
1708;792.53;785.1500;1318.2000;1169.3000;384.1500;72.0664;0.1423;0.0000;-785.1500;0.0000;6.8165;0.0000;-785.1500;0.0000;6.8165;1.0000;0.0000;0.0000;0.0000;0.0000
1709;792.77;784.5500;1308.7000;1145.1000;360.5500;68.7876;0.1625;0.0000;-784.5500;0.0000;6.8165;0.0000;-784.5500;0.0000;6.8165;1.0000;0.0000;0.0000;0.0000;0.0000
1710;793.02;784.5500;1301.3500;1143.9000;359.3500;69.5337;0.1578;0.0000;-784.5500;0.0000;6.8165;0.0000;-784.5500;0.0000;6.8165;1.0000;0.0000;0.0000;0.0000;0.0000
1711;793.26;784.9500;1296.6000;1140.8000;355.8500;69.5495;0.1577;0.0000;-784.9500;0.0000;6.8165;0.0000;-784.9500;0.0000;6.8165;1.0000;0.0000;0.0000;0.0000;0.0000
1712;793.51;775.4000;1300.9000;1159.7500;384.3500;73.1399;0.1358;0.0000;-775.4000;0.0000;6.8165;0.0000;-775.4000;0.0000;6.8165;1.0000;0.0000;0.0000;0.0000;0.0000
1713;793.75;785.2000;1287.2000;1135.3500;350.1500;69.7510;0.1564;0.0000;-785.2000;0.0000;6.8165;0.0000;-785.2000;0.0000;6.8165;1.0000;0.0000;0.0000;0.0000;0.0000
1714;794.00;788.3500;1287.2000;1124.5500;336.2000;67.3950;0.1714;0.0000;-788.3500;0.0000;6.8165;0.0000;-788.3500;0.0000;6.8165;1.0000;0.0000;0.0000;0.0000;0.0000
1715;794.24;778.1000;1268.2000;1129.6000;351.5000;71.7201;0.1444;0.0000;-778.1000;0.0000;6.8165;0.0000;-778.1000;0.0000;6.8165;1.0000;0.0000;0.0000;0.0000;0.0000
1716;794.49;774.5000;1272.4500;1122.8000;348.3000;69.9468;0.1552;0.0000;-774.5000;0.0000;6.8165;0.0000;-774.5000;0.0000;6.8165;1.0000;0.0000;0.0000;0.0000;0.0000
1717;794.73;774.8000;1258.3000;1125.0500;350.2500;72.4405;0.1400;0.0000;-774.8000;0.0000;6.8165;0.0000;-774.8000;0.0000;6.8165;1.0000;0.0000;0.0000;0.0000;0.0000
1718;794.97;787.9500;1256.7500;1109.6000;321.6500;68.6113;0.1636;0.0000;-787.9500;0.0000;6.8165;0.0000;-787.9500;0.0000;6.8165;1.0000;0.0000;0.0000;0.0000;0.0000
1719;795.22;776.2500;1237.2500;1108.6000;332.3500;72.0933;0.1421;0.0000;-776.2500;0.0000;6.8165;0.0000;-776.2500;0.0000;6.8165;1.0000;0.0000;0.0000;0.0000;0.0000
1720;795.46;780.7500;1263.1500;1114.7500;334.0000;69.2371;0.1597;0.0000;-780.7500;0.0000;6.8165;0.0000;-780.7500;0.0000;6.8165;1.0000;0.0000;0.0000;0.0000;0.0000
1721;795.71;788.8500;1252.4000;1087.5000;298.6500;64.4267;0.1909;0.0000;-788.8500;0.0000;6.8165;0.0000;-788.8500;0.0000;6.8165;1.0000;0.0000;0.0000;0.0000;0.0000
1722;795.95;789.7000;1233.9000;1106.4000;316.7000;71.2967;0.1469;0.0000;-789.7000;0.0000;6.8165;0.0000;-789.7000;0.0000;6.8165;1.0000;0.0000;0.0000;0.0000;0.0000
1723;796.19;777.3000;1228.8500;1091.0500;313.7500;69.4829;0.1581;0.0000;-777.3000;0.0000;6.8165;0.0000;-777.3000;0.0000;6.8165;1.0000;0.0000;0.0000;0.0000;0.0000
1724;796.44;781.5000;1229.7500;1115.2500;333.7500;74.4562;0.1281;0.0000;-781.5000;0.0000;6.8165;0.0000;-781.5000;0.0000;6.8165;1.0000;0.0000;0.0000;0.0000;0.0000
1725;796.68;790.3000;1218.3000;1087.2500;296.9500;69.3808;0.1588;0.0000;-790.3000;0.0000;6.8165;0.0000;-790.3000;0.0000;6.8165;1.0000;0.0000;0.0000;0.0000;0.0000
1726;796.93;782.7000;1234.1000;1087.9000;305.2000;67.6119;0.1700;0.0000;-782.7000;0.0000;6.8165;0.0000;-782.7000;0.0000;6.8165;1.0000;0.0000;0.0000;0.0000;0.0000
1727;797.17;778.1000;1220.3000;1088.1500;310.0500;70.1153;0.1542;0.0000;-778.1000;0.0000;6.8165;0.0000;-778.1000;0.0000;6.8165;1.0000;0.0000;0.0000;0.0000;0.0000
1728;797.41;800.0500;1233.7500;1092.1500;292.1000;67.3507;0.1717;0.0000;-800.0500;0.0000;6.8165;0.0000;-800.0500;0.0000;6.8165;1.0000;0.0000;0.0000;0.0000;0.0000
1729;797.66;788.7000;1226.6000;1068.1000;279.4000;63.8045;0.1951;0.0000;-788.7000;0.0000;6.8165;0.0000;-788.7000;0.0000;6.8165;1.0000;0.0000;0.0000;0.0000;0.0000
1730;797.90;780.9500;1223.0500;1084.0000;303.0500;68.5478;0.1640;0.0000;-780.9500;0.0000;6.8165;0.0000;-780.9500;0.0000;6.8165;1.0000;0.0000;0.0000;0.0000;0.0000
1731;798.14;784.8500;1220.5000;1076.4000;291.5500;66.9230;0.1744;0.0000;-784.8500;0.0000;6.8165;0.0000;-784.8500;0.0000;6.8165;1.0000;0.0000;0.0000;0.0000;0.0000
1732;798.39;780.4000;1222.7500;1087.7000;307.3000;69.4699;0.1582;0.0000;-780.4000;0.0000;6.8165;0.0000;-780.4000;0.0000;6.8165;1.0000;0.0000;0.0000;0.0000;0.0000
1733;798.63;787.5000;1203.6000;1062.2000;274.7000;66.0178;0.1803;0.0000;-787.5000;0.0000;6.8165;0.0000;-787.5000;0.0000;6.8165;1.0000;0.0000;0.0000;0.0000;0.0000
1734;798.87;788.8500;1200.5000;1072.4500;283.6000;68.8935;0.1618;0.0000;-788.8500;0.0000;6.8165;0.0000;-788.8500;0.0000;6.8165;1.0000;0.0000;0.0000;0.0000;0.0000
1735;799.11;778.0500;1203.8000;1061.0500;283.0000;66.4709;0.1774;0.0000;-778.0500;0.0000;6.8165;0.0000;-778.0500;0.0000;6.8165;1.0000;0.0000;0.0000;0.0000;0.0000
1736;799.36;784.9000;1194.7500;1055.8000;270.9000;66.0974;0.1798;0.0000;-784.9000;0.0000;6.8165;0.0000;-784.9000;0.0000;6.8165;1.0000;0.0000;0.0000;0.0000;0.0000
1737;799.60;790.2000;1194.7000;1066.3000;276.1000;68.2571;0.1659;0.0000;-790.2000;0.0000;6.8165;0.0000;-790.2000;0.0000;6.8165;1.0000;0.0000;0.0000;0.0000;0.0000
1738;799.84;780.7500;1188.5500;1043.9500;263.2000;64.5414;0.1902;0.0000;-780.7500;0.0000;6.8165;0.0000;-780.7500;0.0000;6.8165;1.0000;0.0000;0.0000;0.0000;0.0000
1739;800.08;772.8000;1189.4500;1059.7500;286.9500;68.8708;0.1620;0.0000;-772.8000;0.0000;6.8165;0.0000;-772.8000;0.0000;6.8165;1.0000;0.0000;0.0000;0.0000;0.0000
1740;800.33;789.0000;1187.8000;1052.4000;263.4000;66.0481;0.1801;0.0000;-789.0000;0.0000;6.8165;0.0000;-789.0000;0.0000;6.8165;1.0000;0.0000;0.0000;0.0000;0.0000
1741;800.57;782.9500;1178.2000;1050.9500;268.0000;67.8052;0.1687;0.0000;-782.9500;0.0000;6.8165;0.0000;-782.9500;0.0000;6.8165;1.0000;0.0000;0.0000;0.0000;0.0000
1742;800.81;772.3000;1179.7000;1048.5500;276.2500;67.8081;0.1687;0.0000;-772.3000;0.0000;6.8165;0.0000;-772.3000;0.0000;6.8165;1.0000;0.0000;0.0000;0.0000;0.0000
1743;801.05;791.0500;1163.1500;1060.8500;269.8000;72.5074;0.1396;0.0000;-791.0500;0.0000;6.8165;0.0000;-791.0500;0.0000;6.8165;1.0000;0.0000;0.0000;0.0000;0.0000
1744;801.29;785.2000;1173.4000;1063.6000;278.4000;71.7156;0.1444;0.0000;-785.2000;0.0000;6.8165;0.0000;-785.2000;0.0000;6.8165;1.0000;0.0000;0.0000;0.0000;0.0000
1745;801.54;788.1500;1167.7500;1052.1500;264.0000;69.5469;0.1577;0.0000;-788.1500;0.0000;6.8165;0.0000;-788.1500;0.0000;6.8165;1.0000;0.0000;0.0000;0.0000;0.0000
1746;801.78;784.2500;1151.2500;1024.1000;239.8500;65.3542;0.1847;0.0000;-784.2500;0.0000;6.8165;0.0000;-784.2500;0.0000;6.8165;1.0000;0.0000;0.0000;0.0000;0.0000
1747;802.02;782.3500;1164.3500;1036.7500;254.4000;66.5969;0.1765;0.0000;-782.3500;0.0000;6.8165;0.0000;-782.3500;0.0000;6.8165;1.0000;0.0000;0.0000;0.0000;0.0000
1748;802.26;788.6000;1176.2500;1046.2000;257.6000;66.4517;0.1775;0.0000;-788.6000;0.0000;6.8165;0.0000;-788.6000;0.0000;6.8165;1.0000;0.0000;0.0000;0.0000;0.0000
1749;802.50;772.9000;1164.3000;1035.1500;262.2500;67.0031;0.1739;0.0000;-772.9000;0.0000;6.8165;0.0000;-772.9000;0.0000;6.8165;1.0000;0.0000;0.0000;0.0000;0.0000
1750;802.74;782.0500;1153.5500;1020.6000;238.5500;64.2127;0.1924;0.0000;-782.0500;0.0000;6.8165;0.0000;-782.0500;0.0000;6.8165;1.0000;0.0000;0.0000;0.0000;0.0000
1751;802.98;789.1000;1155.2000;1037.8500;248.7500;67.9459;0.1678;0.0000;-789.1000;0.0000;6.8165;0.0000;-789.1000;0.0000;6.8165;1.0000;0.0000;0.0000;0.0000;0.0000
1752;803.22;776.5000;1148.9000;1022.5000;246.0000;66.0580;0.1801;0.0000;-776.5000;0.0000;6.8165;0.0000;-776.5000;0.0000;6.8165;1.0000;0.0000;0.0000;0.0000;0.0000
1753;803.47;779.1500;1157.1000;1034.7000;255.5500;67.6148;0.1700;0.0000;-779.1500;0.0000;6.8165;0.0000;-779.1500;0.0000;6.8165;1.0000;0.0000;0.0000;0.0000;0.0000
1754;803.71;787.3500;1146.2000;1019.2000;231.8500;64.6092;0.1897;0.0000;-787.3500;0.0000;6.8165;0.0000;-787.3500;0.0000;6.8165;1.0000;0.0000;0.0000;0.0000;0.0000
1755;803.95;788.2000;1174.8500;1017.0000;228.8000;59.1750;0.2279;0.0000;-788.2000;0.0000;6.8165;0.0000;-788.2000;0.0000;6.8165;1.0000;0.0000;0.0000;0.0000;0.0000
1756;804.19;790.8500;1152.0500;1022.3000;231.4500;64.0781;0.1933;0.0000;-790.8500;0.0000;6.8165;0.0000;-790.8500;0.0000;6.8165;1.0000;0.0000;0.0000;0.0000;0.0000
1757;804.43;786.1500;1143.9500;1028.7500;242.6000;67.8032;0.1687;0.0000;-786.1500;0.0000;6.8165;0.0000;-786.1500;0.0000;6.8165;1.0000;0.0000;0.0000;0.0000;0.0000
1758;804.67;784.1000;1144.9500;1026.8500;242.7500;67.2717;0.1722;0.0000;-784.1000;0.0000;6.8165;0.0000;-784.1000;0.0000;6.8165;1.0000;0.0000;0.0000;0.0000;0.0000
1759;804.91;779.2500;1146.4500;1023.2000;243.9500;66.4352;0.1776;0.0000;-779.2500;0.0000;6.8165;0.0000;-779.2500;0.0000;6.8165;1.0000;0.0000;0.0000;0.0000;0.0000
1760;805.15;784.3000;1145.2000;1026.9000;242.6000;67.2208;0.1725;0.0000;-784.3000;0.0000;6.8165;0.0000;-784.3000;0.0000;6.8165;1.0000;0.0000;0.0000;0.0000;0.0000
1761;805.39;790.8000;1146.8000;1008.3500;217.5500;61.1096;0.2139;0.0000;-790.8000;0.0000;6.8165;0.0000;-790.8000;0.0000;6.8165;1.0000;0.0000;0.0000;0.0000;0.0000
1762;805.63;779.5500;1149.0000;1017.1500;237.6000;64.3118;0.1917;0.0000;-779.5500;0.0000;6.8165;0.0000;-779.5500;0.0000;6.8165;1.0000;0.0000;0.0000;0.0000;0.0000
1763;805.87;783.7500;1140.3500;1024.3500;240.6000;67.4706;0.1709;0.0000;-783.7500;0.0000;6.8165;0.0000;-783.7500;0.0000;6.8165;1.0000;0.0000;0.0000;0.0000;0.0000
1764;806.11;783.2500;1133.1500;1029.9000;246.6500;70.4916;0.1519;0.0000;-783.2500;0.0000;6.8165;0.0000;-783.2500;0.0000;6.8165;1.0000;0.0000;0.0000;0.0000;0.0000
1765;806.35;792.8500;1132.1000;1023.8000;230.9500;68.0766;0.1670;0.0000;-792.8500;0.0000;6.8165;0.0000;-792.8500;0.0000;6.8165;1.0000;0.0000;0.0000;0.0000;0.0000
1766;806.59;794.9500;1155.7500;1022.4500;227.5000;63.0543;0.2003;0.0000;-794.9500;0.0000;6.8165;0.0000;-794.9500;0.0000;6.8165;1.0000;0.0000;0.0000;0.0000;0.0000
1767;806.83;791.9000;1149.9000;1017.2500;225.3500;62.9469;0.2010;0.0000;-791.9000;0.0000;6.8165;0.0000;-791.9000;0.0000;6.8165;1.0000;0.0000;0.0000;0.0000;0.0000
1768;807.07;791.6500;1144.0000;1021.5500;229.9000;65.2476;0.1854;0.0000;-791.6500;0.0000;6.8165;0.0000;-791.6500;0.0000;6.8165;1.0000;0.0000;0.0000;0.0000;0.0000
1769;807.31;791.0000;1147.3500;1011.8000;220.8000;61.9616;0.2079;0.0000;-791.0000;0.0000;6.8165;0.0000;-791.0000;0.0000;6.8165;1.0000;0.0000;0.0000;0.0000;0.0000
1770;807.54;788.9000;1138.1000;1017.9500;229.0500;65.5928;0.1831;0.0000;-788.9000;0.0000;6.8165;0.0000;-788.9000;0.0000;6.8165;1.0000;0.0000;0.0000;0.0000;0.0000
1771;807.78;784.8000;1142.8500;1025.1500;240.3500;67.1275;0.1731;0.0000;-784.8000;0.0000;6.8165;0.0000;-784.8000;0.0000;6.8165;1.0000;0.0000;0.0000;0.0000;0.0000
1772;808.02;783.4500;1142.8000;1004.0000;220.5500;61.3747;0.2120;0.0000;-783.4500;0.0000;6.8165;0.0000;-783.4500;0.0000;6.8165;1.0000;0.0000;0.0000;0.0000;0.0000
1773;808.26;787.9000;1138.7500;1003.5500;215.6500;61.4650;0.2114;0.0000;-787.9000;0.0000;6.8165;0.0000;-787.9000;0.0000;6.8165;1.0000;0.0000;0.0000;0.0000;0.0000
1774;808.50;782.7000;1138.3000;1029.7000;247.0000;69.4601;0.1583;0.0000;-782.7000;0.0000;6.8165;0.0000;-782.7000;0.0000;6.8165;1.0000;0.0000;0.0000;0.0000;0.0000
1775;808.74;787.3500;1147.0500;1021.0500;233.7000;64.9708;0.1873;0.0000;-787.3500;0.0000;6.8165;0.0000;-787.3500;0.0000;6.8165;1.0000;0.0000;0.0000;0.0000;0.0000
1776;808.98;778.3500;1143.5500;1038.6000;260.2500;71.2623;0.1471;0.0000;-778.3500;0.0000;6.8165;0.0000;-778.3500;0.0000;6.8165;1.0000;0.0000;0.0000;0.0000;0.0000
1777;809.22;782.5500;1134.2500;1017.0000;234.4500;66.6619;0.1761;0.0000;-782.5500;0.0000;6.8165;0.0000;-782.5500;0.0000;6.8165;1.0000;0.0000;0.0000;0.0000;0.0000
1778;809.45;777.5000;1175.0500;1031.5500;254.0500;63.9039;0.1945;0.0000;-777.5000;0.0000;6.8165;0.0000;-777.5000;0.0000;6.8165;1.0000;0.0000;0.0000;0.0000;0.0000
1779;809.69;788.4000;1138.4000;1039.0500;250.6500;71.6143;0.1450;0.0000;-788.4000;0.0000;6.8165;0.0000;-788.4000;0.0000;6.8165;1.0000;0.0000;0.0000;0.0000;0.0000
1780;809.93;794.8500;1138.8500;1018.4500;223.6000;65.0000;0.1871;0.0000;-794.8500;0.0000;6.8165;0.0000;-794.8500;0.0000;6.8165;1.0000;0.0000;0.0000;0.0000;0.0000
1781;810.17;781.2500;1144.0500;1007.7500;226.5000;62.4311;0.2046;0.0000;-781.2500;0.0000;6.8165;0.0000;-781.2500;0.0000;6.8165;1.0000;0.0000;0.0000;0.0000;0.0000
1782;810.41;775.7500;1151.0000;1034.1500;258.4000;68.8608;0.1620;0.0000;-775.7500;0.0000;6.8165;0.0000;-775.7500;0.0000;6.8165;1.0000;0.0000;0.0000;0.0000;0.0000
1783;810.64;788.6000;1158.2000;1046.0000;257.4000;69.6429;0.1571;0.0000;-788.6000;0.0000;6.8165;0.0000;-788.6000;0.0000;6.8165;1.0000;0.0000;0.0000;0.0000;0.0000
1784;810.88;786.2500;1148.2500;1021.5000;235.2500;64.9862;0.1872;0.0000;-786.2500;0.0000;6.8165;0.0000;-786.2500;0.0000;6.8165;1.0000;0.0000;0.0000;0.0000;0.0000
1785;811.12;779.9000;1155.6500;1013.8500;233.9500;62.2621;0.2058;0.0000;-779.9000;0.0000;6.8165;0.0000;-779.9000;0.0000;6.8165;1.0000;0.0000;0.0000;0.0000;0.0000
1786;811.36;775.9500;1152.7500;1016.2500;240.3000;63.7739;0.1954;0.0000;-775.9500;0.0000;6.8165;0.0000;-775.9500;0.0000;6.8165;1.0000;0.0000;0.0000;0.0000;0.0000
1787;811.59;789.8500;1162.5000;1028.5500;238.7000;64.0547;0.1934;0.0000;-789.8500;0.0000;6.8165;0.0000;-789.8500;0.0000;6.8165;1.0000;0.0000;0.0000;0.0000;0.0000
1788;811.83;781.2000;1145.6500;1031.3000;250.1000;68.6240;0.1635;0.0000;-781.2000;0.0000;6.8165;0.0000;-781.2000;0.0000;6.8165;1.0000;0.0000;0.0000;0.0000;0.0000
1789;812.07;786.5500;1154.2000;1031.8500;245.3000;66.7211;0.1757;0.0000;-786.5500;0.0000;6.8165;0.0000;-786.5500;0.0000;6.8165;1.0000;0.0000;0.0000;0.0000;0.0000
1790;812.31;800.5500;1172.2500;1025.6000;225.0500;60.5461;0.2179;0.0000;-800.5500;0.0000;6.8165;0.0000;-800.5500;0.0000;6.8165;1.0000;0.0000;0.0000;0.0000;0.0000
1791;812.54;793.5500;1178.5000;1040.5500;247.0000;64.1642;0.1927;0.0000;-793.5500;0.0000;6.8165;0.0000;-793.5500;0.0000;6.8165;1.0000;0.0000;0.0000;0.0000;0.0000
1792;812.78;787.1500;1182.7500;1047.4000;260.2500;65.7861;0.1819;0.0000;-787.1500;0.0000;6.8165;0.0000;-787.1500;0.0000;6.8165;1.0000;0.0000;0.0000;0.0000;0.0000
1793;813.02;793.9500;1159.7000;1039.6500;245.7000;67.1770;0.1728;0.0000;-793.9500;0.0000;6.8165;0.0000;-793.9500;0.0000;6.8165;1.0000;0.0000;0.0000;0.0000;0.0000
1794;813.25;807.3500;1171.5500;1035.6000;228.2500;62.6716;0.2029;0.0000;-807.3500;0.0000;6.8165;0.0000;-807.3500;0.0000;6.8165;1.0000;0.0000;0.0000;0.0000;0.0000
1795;813.49;789.2500;1182.1000;1040.0000;250.7500;63.8284;0.1950;0.0000;-789.2500;0.0000;6.8165;0.0000;-789.2500;0.0000;6.8165;1.0000;0.0000;0.0000;0.0000;0.0000
1796;813.73;785.3000;1176.1000;1020.5000;235.2000;60.1842;0.2205;0.0000;-785.3000;0.0000;6.8165;0.0000;-785.3000;0.0000;6.8165;1.0000;0.0000;0.0000;0.0000;0.0000
1797;813.96;774.1500;1162.9500;1021.3000;247.1500;63.5674;0.1968;0.0000;-774.1500;0.0000;6.8165;0.0000;-774.1500;0.0000;6.8165;1.0000;0.0000;0.0000;0.0000;0.0000
1798;814.20;795.8000;1176.7500;1039.9500;244.1500;64.0898;0.1932;0.0000;-795.8000;0.0000;6.8165;0.0000;-795.8000;0.0000;6.8165;1.0000;0.0000;0.0000;0.0000;0.0000
1799;814.44;785.4500;1163.0500;1035.3000;249.8500;66.1679;0.1794;0.0000;-785.4500;0.0000;6.8165;0.0000;-785.4500;0.0000;6.8165;1.0000;0.0000;0.0000;0.0000;0.0000
1800;814.67;774.4500;1186.3500;1039.5000;265.0500;64.3481;0.1915;0.0000;-774.4500;0.0000;6.8165;0.0000;-774.4500;0.0000;6.8165;1.0000;0.0000;0.0000;0.0000;0.0000
1801;814.91;768.5000;1160.8000;1057.3500;288.8500;73.6299;0.1329;0.0000;-768.5000;0.0000;6.8165;0.0000;-768.5000;0.0000;6.8165;1.0000;0.0000;0.0000;0.0000;0.0000
1802;815.14;767.7500;1166.7000;1046.6500;278.9000;69.9085;0.1555;0.0000;-767.7500;0.0000;6.8165;0.0000;-767.7500;0.0000;6.8165;1.0000;0.0000;0.0000;0.0000;0.0000
1803;815.38;791.1000;1176.0500;1042.6500;251.5500;65.3461;0.1848;0.0000;-791.1000;0.0000;6.8165;0.0000;-791.1000;0.0000;6.8165;1.0000;0.0000;0.0000;0.0000;0.0000
1804;815.61;767.4500;1183.1500;1057.4500;290.0000;69.7618;0.1564;0.0000;-767.4500;0.0000;6.8165;0.0000;-767.4500;0.0000;6.8165;1.0000;0.0000;0.0000;0.0000;0.0000
1805;815.85;783.5500;1173.2500;1054.2500;270.7000;69.4637;0.1582;0.0000;-783.5500;0.0000;6.8165;0.0000;-783.5500;0.0000;6.8165;1.0000;0.0000;0.0000;0.0000;0.0000
1806;816.09;784.7000;1167.7000;1049.2000;264.5000;69.0601;0.1608;0.0000;-784.7000;0.0000;6.8165;0.0000;-784.7000;0.0000;6.8165;1.0000;0.0000;0.0000;0.0000;0.0000
1807;816.32;782.8000;1192.8500;1052.6000;269.8000;65.7969;0.1818;0.0000;-782.8000;0.0000;6.8165;0.0000;-782.8000;0.0000;6.8165;1.0000;0.0000;0.0000;0.0000;0.0000
1808;816.56;785.1500;1195.9500;1052.2000;267.0500;65.0073;0.1870;0.0000;-785.1500;0.0000;6.8165;0.0000;-785.1500;0.0000;6.8165;1.0000;0.0000;0.0000;0.0000;0.0000
1809;816.79;788.2500;1178.2000;1060.2500;272.0000;69.7525;0.1564;0.0000;-788.2500;0.0000;6.8165;0.0000;-788.2500;0.0000;6.8165;1.0000;0.0000;0.0000;0.0000;0.0000
1810;817.03;777.5500;1178.2500;1056.4500;278.9000;69.6032;0.1574;0.0000;-777.5500;0.0000;6.8165;0.0000;-777.5500;0.0000;6.8165;1.0000;0.0000;0.0000;0.0000;0.0000
1811;817.26;788.7500;1196.6500;1087.0500;298.3000;73.1307;0.1359;0.0000;-788.7500;0.0000;6.8165;0.0000;-788.7500;0.0000;6.8165;1.0000;0.0000;0.0000;0.0000;0.0000
1812;817.50;775.0500;1192.2000;1065.2500;290.2000;69.5673;0.1576;0.0000;-775.0500;0.0000;6.8165;0.0000;-775.0500;0.0000;6.8165;1.0000;0.0000;0.0000;0.0000;0.0000
1813;817.73;798.0500;1200.6000;1066.3000;268.2500;66.6377;0.1763;0.0000;-798.0500;0.0000;6.8165;0.0000;-798.0500;0.0000;6.8165;1.0000;0.0000;0.0000;0.0000;0.0000
1814;817.97;793.8000;1197.4000;1071.3000;277.5000;68.7562;0.1627;0.0000;-793.8000;0.0000;6.8165;0.0000;-793.8000;0.0000;6.8165;1.0000;0.0000;0.0000;0.0000;0.0000
1815;818.20;785.6000;1211.1000;1074.3000;288.7000;67.8496;0.1685;0.0000;-785.6000;0.0000;6.8165;0.0000;-785.6000;0.0000;6.8165;1.0000;0.0000;0.0000;0.0000;0.0000
1816;818.43;791.4000;1200.1500;1057.4000;266.0000;65.0765;0.1866;0.0000;-791.4000;0.0000;6.8165;0.0000;-791.4000;0.0000;6.8165;1.0000;0.0000;0.0000;0.0000;0.0000
1817;818.67;783.1500;1216.3500;1076.7500;293.6000;67.7747;0.1689;0.0000;-783.1500;0.0000;6.8165;0.0000;-783.1500;0.0000;6.8165;1.0000;0.0000;0.0000;0.0000;0.0000
1818;818.90;788.6500;1206.6000;1064.1500;275.5000;65.9170;0.1810;0.0000;-788.6500;0.0000;6.8165;0.0000;-788.6500;0.0000;6.8165;1.0000;0.0000;0.0000;0.0000;0.0000
1819;819.14;806.1000;1203.9000;1080.6500;274.5500;69.0171;0.1610;0.0000;-806.1000;0.0000;6.8165;0.0000;-806.1000;0.0000;6.8165;1.0000;0.0000;0.0000;0.0000;0.0000
1820;819.37;789.9500;1202.1500;1079.2000;289.2500;70.1722;0.1538;0.0000;-789.9500;0.0000;6.8165;0.0000;-789.9500;0.0000;6.8165;1.0000;0.0000;0.0000;0.0000;0.0000
1821;819.61;795.1000;1230.0500;1091.8500;296.7500;68.2262;0.1660;0.0000;-795.1000;0.0000;6.8165;0.0000;-795.1000;0.0000;6.8165;1.0000;0.0000;0.0000;0.0000;0.0000
1822;819.84;787.7500;1210.4000;1074.5000;286.7500;67.8457;0.1685;0.0000;-787.7500;0.0000;6.8165;0.0000;-787.7500;0.0000;6.8165;1.0000;0.0000;0.0000;0.0000;0.0000
1823;820.07;773.8000;1209.0500;1080.5500;306.7500;70.4767;0.1520;0.0000;-773.8000;0.0000;6.8165;0.0000;-773.8000;0.0000;6.8165;1.0000;0.0000;0.0000;0.0000;0.0000
1824;820.31;783.1500;1238.1000;1091.9500;308.8000;67.8756;0.1683;0.0000;-783.1500;0.0000;6.8165;0.0000;-783.1500;0.0000;6.8165;1.0000;0.0000;0.0000;0.0000;0.0000
1825;820.54;792.3500;1219.0000;1108.1000;315.7500;74.0068;0.1307;0.0000;-792.3500;0.0000;6.8165;0.0000;-792.3500;0.0000;6.8165;1.0000;0.0000;0.0000;0.0000;0.0000
1826;820.77;784.1500;1242.3000;1093.6500;309.5000;67.5543;0.1703;0.0000;-784.1500;0.0000;6.8165;0.0000;-784.1500;0.0000;6.8165;1.0000;0.0000;0.0000;0.0000;0.0000
1827;821.01;780.9500;1249.3000;1110.7500;329.8000;70.4174;0.1523;0.0000;-780.9500;0.0000;6.8165;0.0000;-780.9500;0.0000;6.8165;1.0000;0.0000;0.0000;0.0000;0.0000
1828;821.24;785.8500;1254.7500;1113.0500;327.2000;69.7803;0.1563;0.0000;-785.8500;0.0000;6.8165;0.0000;-785.8500;0.0000;6.8165;1.0000;0.0000;0.0000;0.0000;0.0000
1829;821.47;787.1000;1270.8000;1127.0000;339.9000;70.2708;0.1532;0.0000;-787.1000;0.0000;6.8165;0.0000;-787.1000;0.0000;6.8165;1.0000;0.0000;0.0000;0.0000;0.0000
1830;821.71;786.4000;1265.2000;1129.1500;342.7500;71.5852;0.1452;0.0000;-786.4000;0.0000;6.8165;0.0000;-786.4000;0.0000;6.8165;1.0000;0.0000;0.0000;0.0000;0.0000
1831;821.94;781.6500;1276.3000;1132.3500;350.7000;70.8986;0.1494;0.0000;-781.6500;0.0000;6.8165;0.0000;-781.6500;0.0000;6.8165;1.0000;0.0000;0.0000;0.0000;0.0000
1832;822.17;788.8000;1291.4000;1161.1500;372.3500;74.0848;0.1303;0.0000;-788.8000;0.0000;6.8165;0.0000;-788.8000;0.0000;6.8165;1.0000;0.0000;0.0000;0.0000;0.0000
1833;822.40;781.6500;1302.8000;1169.4500;387.8000;74.4124;0.1284;0.0000;-781.6500;0.0000;6.8165;0.0000;-781.6500;0.0000;6.8165;1.0000;0.0000;0.0000;0.0000;0.0000
1834;822.64;773.2500;1323.1500;1172.6500;399.4000;72.6314;0.1389;0.0000;-773.2500;0.0000;6.8165;0.0000;-773.2500;0.0000;6.8165;1.0000;0.0000;0.0000;0.0000;0.0000
1835;822.87;782.7000;1334.2000;1192.9000;410.2000;74.3790;0.1285;0.0000;-782.7000;0.0000;6.8165;0.0000;-782.7000;0.0000;6.8165;1.0000;0.0000;0.0000;0.0000;0.0000
1836;823.10;779.3000;1369.9000;1221.1500;441.8500;74.8137;0.1260;0.0000;-779.3000;0.0000;6.8165;0.0000;-779.3000;0.0000;6.8165;1.0000;0.0000;0.0000;0.0000;0.0000
1837;823.33;791.2500;1388.1000;1238.9000;447.6500;75.0021;0.1249;0.0000;-791.2500;0.0000;6.8165;0.0000;-791.2500;0.0000;6.8165;1.0000;0.0000;0.0000;0.0000;0.0000
1838;823.57;777.0500;1421.5500;1295.2000;518.1500;80.3957;0.0948;0.0000;-777.0500;0.0000;6.8165;0.0000;-777.0500;0.0000;6.8165;1.0000;0.0000;0.0000;0.0000;0.0000
1839;823.80;782.7500;1447.6000;1312.6500;529.9000;79.7022;0.0985;0.0000;-782.7500;0.0000;6.8165;0.0000;-782.7500;0.0000;6.8165;1.0000;0.0000;0.0000;0.0000;0.0000
1840;824.03;781.0000;1469.8000;1327.3500;546.3500;79.3191;0.1006;0.0000;-781.0000;0.0000;6.8165;0.0000;-781.0000;0.0000;6.8165;1.0000;0.0000;0.0000;0.0000;0.0000
1841;824.26;773.2000;1505.4500;1365.4500;592.2500;80.8808;0.0922;0.0000;-773.2000;0.0000;6.8165;0.0000;-773.2000;0.0000;6.8165;1.0000;0.0000;0.0000;0.0000;0.0000
1842;824.49;786.6500;1547.5000;1378.7000;592.0500;77.8143;0.1089;0.0000;-786.6500;0.0000;6.8165;0.0000;-786.6500;0.0000;6.8165;1.0000;0.0000;0.0000;0.0000;0.0000
1843;824.73;771.7000;1552.8000;1368.0500;596.3500;76.3475;0.1172;0.0000;-771.7000;0.0000;6.8165;0.0000;-771.7000;0.0000;6.8165;1.0000;0.0000;0.0000;0.0000;0.0000
1844;824.96;785.9500;1570.1500;1395.8500;609.9000;77.7735;0.1092;0.0000;-785.9500;0.0000;6.8165;0.0000;-785.9500;0.0000;6.8165;1.0000;0.0000;0.0000;0.0000;0.0000
1845;825.19;781.3500;1563.6000;1375.7500;594.4000;75.9859;0.1193;0.0000;-781.3500;0.0000;6.8165;0.0000;-781.3500;0.0000;6.8165;1.0000;0.0000;0.0000;0.0000;0.0000
1846;825.42;792.8500;1564.1500;1356.0000;563.1500;73.0131;0.1366;0.0000;-792.8500;0.0000;6.8165;0.0000;-792.8500;0.0000;6.8165;1.0000;0.0000;0.0000;0.0000;0.0000
1847;825.65;785.5000;1557.5500;1359.7500;574.2500;74.3799;0.1285;0.0000;-785.5000;0.0000;6.8165;0.0000;-785.5000;0.0000;6.8165;1.0000;0.0000;0.0000;0.0000;0.0000
1848;825.88;783.7500;1534.2000;1336.5000;552.7500;73.6558;0.1328;0.0000;-783.7500;0.0000;6.8165;0.0000;-783.7500;0.0000;6.8165;1.0000;0.0000;0.0000;0.0000;0.0000
1849;826.11;780.9000;1500.5000;1313.4000;532.5000;73.9994;0.1308;0.0000;-780.9000;0.0000;6.8165;0.0000;-780.9000;0.0000;6.8165;1.0000;0.0000;0.0000;0.0000;0.0000
1850;826.34;788.8500;1486.3500;1310.3500;521.5000;74.7670;0.1263;0.0000;-788.8500;0.0000;6.8165;0.0000;-788.8500;0.0000;6.8165;1.0000;0.0000;0.0000;0.0000;0.0000
1851;826.57;791.8000;1466.7000;1270.3000;478.5000;70.8994;0.1494;0.0000;-791.8000;0.0000;6.8165;0.0000;-791.8000;0.0000;6.8165;1.0000;0.0000;0.0000;0.0000;0.0000
1852;826.81;792.3500;1459.1000;1270.9500;478.6000;71.7810;0.1440;0.0000;-792.3500;0.0000;6.8165;0.0000;-792.3500;0.0000;6.8165;1.0000;0.0000;0.0000;0.0000;0.0000
1853;827.04;780.4500;1452.9000;1270.3500;489.9000;72.8530;0.1376;0.0000;-780.4500;0.0000;6.8165;0.0000;-780.4500;0.0000;6.8165;1.0000;0.0000;0.0000;0.0000;0.0000
1854;827.27;769.9000;1414.0500;1238.8000;468.9000;72.7936;0.1379;0.0000;-769.9000;0.0000;6.8165;0.0000;-769.9000;0.0000;6.8165;1.0000;0.0000;0.0000;0.0000;0.0000
1855;827.50;778.9000;1425.3500;1233.1000;454.2000;70.2607;0.1533;0.0000;-778.9000;0.0000;6.8165;0.0000;-778.9000;0.0000;6.8165;1.0000;0.0000;0.0000;0.0000;0.0000
1856;827.73;780.2000;1391.5000;1240.7000;460.5000;75.3313;0.1230;0.0000;-780.2000;0.0000;6.8165;0.0000;-780.2000;0.0000;6.8165;1.0000;0.0000;0.0000;0.0000;0.0000
1857;827.96;780.2000;1387.3500;1220.8000;440.6000;72.5686;0.1393;0.0000;-780.2000;0.0000;6.8165;0.0000;-780.2000;0.0000;6.8165;1.0000;0.0000;0.0000;0.0000;0.0000
1858;828.19;786.5500;1393.8500;1233.6000;447.0500;73.6127;0.1330;0.0000;-786.5500;0.0000;6.8165;0.0000;-786.5500;0.0000;6.8165;1.0000;0.0000;0.0000;0.0000;0.0000
1859;828.42;775.6000;1399.3000;1249.0000;473.4000;75.9019;0.1197;0.0000;-775.6000;0.0000;6.8165;0.0000;-775.6000;0.0000;6.8165;1.0000;0.0000;0.0000;0.0000;0.0000
1860;828.65;776.3500;1404.3000;1264.9500;488.6000;77.8087;0.1090;0.0000;-776.3500;0.0000;6.8165;0.0000;-776.3500;0.0000;6.8165;1.0000;0.0000;0.0000;0.0000;0.0000
1861;828.88;779.8500;1399.2000;1256.2000;476.3500;76.9113;0.1140;0.0000;-779.8500;0.0000;6.8165;0.0000;-779.8500;0.0000;6.8165;1.0000;0.0000;0.0000;0.0000;0.0000
1862;829.11;785.4000;1423.0000;1261.5000;476.1000;74.6706;0.1269;0.0000;-785.4000;0.0000;6.8165;0.0000;-785.4000;0.0000;6.8165;1.0000;0.0000;0.0000;0.0000;0.0000
1863;829.34;771.4000;1425.1500;1257.3000;485.9000;74.3250;0.1289;0.0000;-771.4000;0.0000;6.8165;0.0000;-771.4000;0.0000;6.8165;1.0000;0.0000;0.0000;0.0000;0.0000
1864;829.57;773.1500;1423.1500;1259.4500;486.3000;74.8154;0.1260;0.0000;-773.1500;0.0000;6.8165;0.0000;-773.1500;0.0000;6.8165;1.0000;0.0000;0.0000;0.0000;0.0000
1865;829.80;780.5000;1426.9000;1256.1500;475.6500;73.5845;0.1332;0.0000;-780.5000;0.0000;6.8165;0.0000;-780.5000;0.0000;6.8165;1.0000;0.0000;0.0000;0.0000;0.0000
1866;830.03;782.1000;1414.0000;1233.1000;451.0000;71.3721;0.1465;0.0000;-782.1000;0.0000;6.8165;0.0000;-782.1000;0.0000;6.8165;1.0000;0.0000;0.0000;0.0000;0.0000
1867;830.25;782.5000;1385.1500;1237.8000;455.3000;75.5497;0.1218;0.0000;-782.5000;0.0000;6.8165;0.0000;-782.5000;0.0000;6.8165;1.0000;0.0000;0.0000;0.0000;0.0000
1868;830.48;781.6500;1377.9000;1212.4500;430.8000;72.2516;0.1412;0.0000;-781.6500;0.0000;6.8165;0.0000;-781.6500;0.0000;6.8165;1.0000;0.0000;0.0000;0.0000;0.0000
1869;830.71;777.7000;1345.8500;1214.2500;436.5500;76.8371;0.1144;0.0000;-777.7000;0.0000;6.8165;0.0000;-777.7000;0.0000;6.8165;1.0000;0.0000;0.0000;0.0000;0.0000
1870;830.94;781.4000;1338.8500;1197.1500;415.7500;74.5807;0.1274;0.0000;-781.4000;0.0000;6.8165;0.0000;-781.4000;0.0000;6.8165;1.0000;0.0000;0.0000;0.0000;0.0000
1871;831.17;781.0500;1313.2500;1167.5500;386.5000;72.6231;0.1389;0.0000;-781.0500;0.0000;6.8165;0.0000;-781.0500;0.0000;6.8165;1.0000;0.0000;0.0000;0.0000;0.0000
1872;831.40;784.9500;1317.1500;1141.8500;356.9000;67.0613;0.1735;0.0000;-784.9500;0.0000;6.8165;0.0000;-784.9500;0.0000;6.8165;1.0000;0.0000;0.0000;0.0000;0.0000
1873;831.63;779.1500;1288.6000;1123.5000;344.3500;67.5925;0.1701;0.0000;-779.1500;0.0000;6.8165;0.0000;-779.1500;0.0000;6.8165;1.0000;0.0000;0.0000;0.0000;0.0000
1874;831.86;797.0500;1284.2000;1145.0000;347.9500;71.4256;0.1461;0.0000;-797.0500;0.0000;6.8165;0.0000;-797.0500;0.0000;6.8165;1.0000;0.0000;0.0000;0.0000;0.0000
1875;832.08;781.3500;1272.4500;1129.4000;348.0500;70.8715;0.1495;0.0000;-781.3500;0.0000;6.8165;0.0000;-781.3500;0.0000;6.8165;1.0000;0.0000;0.0000;0.0000;0.0000
1876;832.31;796.0500;1264.8000;1119.9500;323.9000;69.0987;0.1605;0.0000;-796.0500;0.0000;6.8165;0.0000;-796.0500;0.0000;6.8165;1.0000;0.0000;0.0000;0.0000;0.0000
1877;832.54;778.5000;1254.3000;1098.4500;319.9500;67.2446;0.1723;0.0000;-778.5000;0.0000;6.8165;0.0000;-778.5000;0.0000;6.8165;1.0000;0.0000;0.0000;0.0000;0.0000
1878;832.77;798.0000;1239.5000;1107.8500;309.8500;70.1812;0.1538;0.0000;-798.0000;0.0000;6.8165;0.0000;-798.0000;0.0000;6.8165;1.0000;0.0000;0.0000;0.0000;0.0000
1879;833.00;779.3500;1260.4500;1108.2500;328.9000;68.3642;0.1652;0.0000;-779.3500;0.0000;6.8165;0.0000;-779.3500;0.0000;6.8165;1.0000;0.0000;0.0000;0.0000;0.0000
1880;833.22;790.0500;1235.2500;1116.4000;326.3500;73.3041;0.1349;0.0000;-790.0500;0.0000;6.8165;0.0000;-790.0500;0.0000;6.8165;1.0000;0.0000;0.0000;0.0000;0.0000
1881;833.45;791.3500;1242.2000;1104.0000;312.6500;69.3468;0.1590;0.0000;-791.3500;0.0000;6.8165;0.0000;-791.3500;0.0000;6.8165;1.0000;0.0000;0.0000;0.0000;0.0000
1882;833.68;794.0000;1234.1500;1099.8000;305.8000;69.4763;0.1582;0.0000;-794.0000;0.0000;6.8165;0.0000;-794.0000;0.0000;6.8165;1.0000;0.0000;0.0000;0.0000;0.0000
1883;833.91;798.8500;1241.2000;1093.3000;294.4500;66.5649;0.1768;0.0000;-798.8500;0.0000;6.8165;0.0000;-798.8500;0.0000;6.8165;1.0000;0.0000;0.0000;0.0000;0.0000
1884;834.13;796.6000;1224.6000;1092.2500;295.6500;69.0771;0.1607;0.0000;-796.6000;0.0000;6.8165;0.0000;-796.6000;0.0000;6.8165;1.0000;0.0000;0.0000;0.0000;0.0000
1885;834.36;799.9000;1217.9500;1106.4000;306.5000;73.3166;0.1348;0.0000;-799.9000;0.0000;6.8165;0.0000;-799.9000;0.0000;6.8165;1.0000;0.0000;0.0000;0.0000;0.0000
1886;834.59;790.1000;1223.2500;1103.1500;313.0500;72.2729;0.1410;0.0000;-790.1000;0.0000;6.8165;0.0000;-790.1000;0.0000;6.8165;1.0000;0.0000;0.0000;0.0000;0.0000
1887;834.82;784.9500;1230.7500;1099.0500;314.1000;70.4576;0.1521;0.0000;-784.9500;0.0000;6.8165;0.0000;-784.9500;0.0000;6.8165;1.0000;0.0000;0.0000;0.0000;0.0000
1888;835.04;788.8000;1242.3000;1106.9500;318.1500;70.1544;0.1539;0.0000;-788.8000;0.0000;6.8165;0.0000;-788.8000;0.0000;6.8165;1.0000;0.0000;0.0000;0.0000;0.0000
1889;835.27;789.8000;1256.6500;1127.3500;337.5500;72.3037;0.1408;0.0000;-789.8000;0.0000;6.8165;0.0000;-789.8000;0.0000;6.8165;1.0000;0.0000;0.0000;0.0000;0.0000
1890;835.50;787.3000;1273.1500;1132.0500;344.7500;70.9581;0.1490;0.0000;-787.3000;0.0000;6.8165;0.0000;-787.3000;0.0000;6.8165;1.0000;0.0000;0.0000;0.0000;0.0000
1891;835.72;767.0500;1286.5000;1139.2500;372.2000;71.6527;0.1448;0.0000;-767.0500;0.0000;6.8165;0.0000;-767.0500;0.0000;6.8165;1.0000;0.0000;0.0000;0.0000;0.0000
1892;835.95;780.6500;1275.9000;1141.0500;360.4000;72.7713;0.1380;0.0000;-780.6500;0.0000;6.8165;0.0000;-780.6500;0.0000;6.8165;1.0000;0.0000;0.0000;0.0000;0.0000
1893;836.18;767.8500;1262.6000;1142.0000;374.1500;75.6241;0.1213;0.0000;-767.8500;0.0000;6.8165;0.0000;-767.8500;0.0000;6.8165;1.0000;0.0000;0.0000;0.0000;0.0000
1894;836.40;775.9500;1277.6000;1120.2000;344.2500;68.6235;0.1635;0.0000;-775.9500;0.0000;6.8165;0.0000;-775.9500;0.0000;6.8165;1.0000;0.0000;0.0000;0.0000;0.0000
1895;836.63;781.5500;1293.9500;1141.7500;360.2000;70.2966;0.1531;0.0000;-781.5500;0.0000;6.8165;0.0000;-781.5500;0.0000;6.8165;1.0000;0.0000;0.0000;0.0000;0.0000
1896;836.86;780.2000;1279.9000;1135.3000;355.1000;71.0626;0.1484;0.0000;-780.2000;0.0000;6.8165;0.0000;-780.2000;0.0000;6.8165;1.0000;0.0000;0.0000;0.0000;0.0000
1897;837.08;782.9000;1257.9500;1137.2500;354.3500;74.5921;0.1273;0.0000;-782.9000;0.0000;6.8165;0.0000;-782.9000;0.0000;6.8165;1.0000;0.0000;0.0000;0.0000;0.0000
1898;837.31;789.5500;1255.4500;1130.5000;340.9500;73.1809;0.1356;0.0000;-789.5500;0.0000;6.8165;0.0000;-789.5500;0.0000;6.8165;1.0000;0.0000;0.0000;0.0000;0.0000
1899;837.53;790.7000;1242.4500;1123.3000;332.6000;73.6248;0.1330;0.0000;-790.7000;0.0000;6.8165;0.0000;-790.7000;0.0000;6.8165;1.0000;0.0000;0.0000;0.0000;0.0000
1900;837.76;802.9500;1252.5500;1103.3000;300.3500;66.8038;0.1752;0.0000;-802.9500;0.0000;6.8165;0.0000;-802.9500;0.0000;6.8165;1.0000;0.0000;0.0000;0.0000;0.0000
1901;837.99;783.0500;1226.5000;1094.7000;311.6500;70.2785;0.1532;0.0000;-783.0500;0.0000;6.8165;0.0000;-783.0500;0.0000;6.8165;1.0000;0.0000;0.0000;0.0000;0.0000
1902;838.21;796.5500;1222.9500;1093.9000;297.3500;69.7350;0.1565;0.0000;-796.5500;0.0000;6.8165;0.0000;-796.5500;0.0000;6.8165;1.0000;0.0000;0.0000;0.0000;0.0000
1903;838.44;789.1500;1225.2000;1076.4500;287.3000;65.8869;0.1812;0.0000;-789.1500;0.0000;6.8165;0.0000;-789.1500;0.0000;6.8165;1.0000;0.0000;0.0000;0.0000;0.0000
1904;838.66;787.3500;1206.4000;1071.4000;284.0500;67.7843;0.1689;0.0000;-787.3500;0.0000;6.8165;0.0000;-787.3500;0.0000;6.8165;1.0000;0.0000;0.0000;0.0000;0.0000
1905;838.89;789.3000;1195.9500;1082.1000;292.8000;72.0030;0.1426;0.0000;-789.3000;0.0000;6.8165;0.0000;-789.3000;0.0000;6.8165;1.0000;0.0000;0.0000;0.0000;0.0000
1906;839.11;784.8000;1199.1000;1058.6500;273.8500;66.0994;0.1798;0.0000;-784.8000;0.0000;6.8165;0.0000;-784.8000;0.0000;6.8165;1.0000;0.0000;0.0000;0.0000;0.0000
1907;839.34;791.2000;1188.0000;1050.8500;259.6500;65.4360;0.1842;0.0000;-791.2000;0.0000;6.8165;0.0000;-791.2000;0.0000;6.8165;1.0000;0.0000;0.0000;0.0000;0.0000
1908;839.56;786.0500;1181.0500;1054.8000;268.7500;68.0380;0.1672;0.0000;-786.0500;0.0000;6.8165;0.0000;-786.0500;0.0000;6.8165;1.0000;0.0000;0.0000;0.0000;0.0000
1909;839.79;790.5500;1183.8000;1052.4500;261.9000;66.5989;0.1765;0.0000;-790.5500;0.0000;6.8165;0.0000;-790.5500;0.0000;6.8165;1.0000;0.0000;0.0000;0.0000;0.0000
1910;840.01;793.8000;1192.9500;1059.6000;265.8000;66.5915;0.1766;0.0000;-793.8000;0.0000;6.8165;0.0000;-793.8000;0.0000;6.8165;1.0000;0.0000;0.0000;0.0000;0.0000
1911;840.24;795.8500;1168.9500;1058.7000;262.8500;70.4503;0.1521;0.0000;-795.8500;0.0000;6.8165;0.0000;-795.8500;0.0000;6.8165;1.0000;0.0000;0.0000;0.0000;0.0000
1912;840.46;783.4000;1188.2500;1056.0500;272.6500;67.3459;0.1717;0.0000;-783.4000;0.0000;6.8165;0.0000;-783.4000;0.0000;6.8165;1.0000;0.0000;0.0000;0.0000;0.0000
1913;840.69;790.5500;1182.8000;1053.0000;262.4500;66.9089;0.1745;0.0000;-790.5500;0.0000;6.8165;0.0000;-790.5500;0.0000;6.8165;1.0000;0.0000;0.0000;0.0000;0.0000
1914;840.91;789.6500;1183.6000;1071.7500;282.1000;71.6081;0.1450;0.0000;-789.6500;0.0000;6.8165;0.0000;-789.6500;0.0000;6.8165;1.0000;0.0000;0.0000;0.0000;0.0000
1915;841.13;787.3500;1175.2500;1052.6500;265.3000;68.3939;0.1650;0.0000;-787.3500;0.0000;6.8165;0.0000;-787.3500;0.0000;6.8165;1.0000;0.0000;0.0000;0.0000;0.0000
1916;841.36;798.8000;1186.1000;1056.9000;258.1000;66.6408;0.1763;0.0000;-798.8000;0.0000;6.8165;0.0000;-798.8000;0.0000;6.8165;1.0000;0.0000;0.0000;0.0000;0.0000
1917;841.58;794.7500;1168.4500;1049.0000;254.2500;68.0359;0.1673;0.0000;-794.7500;0.0000;6.8165;0.0000;-794.7500;0.0000;6.8165;1.0000;0.0000;0.0000;0.0000;0.0000
1918;841.81;777.0000;1170.1000;1049.4500;272.4500;69.3081;0.1592;0.0000;-777.0000;0.0000;6.8165;0.0000;-777.0000;0.0000;6.8165;1.0000;0.0000;0.0000;0.0000;0.0000
1919;842.03;778.0500;1195.6500;1079.7500;301.7000;72.2462;0.1412;0.0000;-778.0500;0.0000;6.8165;0.0000;-778.0500;0.0000;6.8165;1.0000;0.0000;0.0000;0.0000;0.0000
1920;842.25;779.8500;1187.6000;1073.0500;293.2000;71.9068;0.1432;0.0000;-779.8500;0.0000;6.8165;0.0000;-779.8500;0.0000;6.8165;1.0000;0.0000;0.0000;0.0000;0.0000
1921;842.48;788.7000;1184.6500;1063.0000;274.3000;69.2764;0.1594;0.0000;-788.7000;0.0000;6.8165;0.0000;-788.7000;0.0000;6.8165;1.0000;0.0000;0.0000;0.0000;0.0000
1922;842.70;795.7000;1178.5500;1057.3000;261.6000;68.3296;0.1654;0.0000;-795.7000;0.0000;6.8165;0.0000;-795.7000;0.0000;6.8165;1.0000;0.0000;0.0000;0.0000;0.0000
1923;842.92;782.5500;1191.1000;1062.9000;280.3500;68.6207;0.1635;0.0000;-782.5500;0.0000;6.8165;0.0000;-782.5500;0.0000;6.8165;1.0000;0.0000;0.0000;0.0000;0.0000
1924;843.15;777.7500;1196.3500;1054.7000;276.9500;66.1610;0.1794;0.0000;-777.7500;0.0000;6.8165;0.0000;-777.7500;0.0000;6.8165;1.0000;0.0000;0.0000;0.0000;0.0000
1925;843.37;776.9500;1179.8500;1078.7000;301.7500;74.8945;0.1255;0.0000;-776.9500;0.0000;6.8165;0.0000;-776.9500;0.0000;6.8165;1.0000;0.0000;0.0000;0.0000;0.0000
1926;843.59;779.1500;1185.3500;1044.4000;265.2500;65.3003;0.1851;0.0000;-779.1500;0.0000;6.8165;0.0000;-779.1500;0.0000;6.8165;1.0000;0.0000;0.0000;0.0000;0.0000
1927;843.82;784.7500;1183.0500;1066.5500;281.8000;70.7507;0.1503;0.0000;-784.7500;0.0000;6.8165;0.0000;-784.7500;0.0000;6.8165;1.0000;0.0000;0.0000;0.0000;0.0000
1928;844.04;784.2500;1179.0500;1049.5500;265.3000;67.1986;0.1726;0.0000;-784.2500;0.0000;6.8165;0.0000;-784.2500;0.0000;6.8165;1.0000;0.0000;0.0000;0.0000;0.0000
1929;844.26;777.6500;1167.5000;1045.4000;267.7500;68.6803;0.1632;0.0000;-777.6500;0.0000;6.8165;0.0000;-777.6500;0.0000;6.8165;1.0000;0.0000;0.0000;0.0000;0.0000
1930;844.49;785.0500;1179.3500;1046.1000;261.0500;66.2059;0.1791;0.0000;-785.0500;0.0000;6.8165;0.0000;-785.0500;0.0000;6.8165;1.0000;0.0000;0.0000;0.0000;0.0000
1931;844.71;782.5500;1161.9500;1048.6000;266.0500;70.1239;0.1541;0.0000;-782.5500;0.0000;6.8165;0.0000;-782.5500;0.0000;6.8165;1.0000;0.0000;0.0000;0.0000;0.0000
1932;844.93;793.9500;1169.5000;1045.0000;251.0500;66.8486;0.1749;0.0000;-793.9500;0.0000;6.8165;0.0000;-793.9500;0.0000;6.8165;1.0000;0.0000;0.0000;0.0000;0.0000
1933;845.15;800.8500;1154.9000;1039.5000;238.6500;67.4057;0.1713;0.0000;-800.8500;0.0000;6.8165;0.0000;-800.8500;0.0000;6.8165;1.0000;0.0000;0.0000;0.0000;0.0000
1934;845.38;780.8500;1132.7000;1051.3500;270.5000;76.8794;0.1142;0.0000;-780.8500;0.0000;6.8165;0.0000;-780.8500;0.0000;6.8165;1.0000;0.0000;0.0000;0.0000;0.0000
1935;845.60;779.0000;1120.7000;1030.3500;251.3500;73.5587;0.1334;0.0000;-779.0000;0.0000;6.8165;0.0000;-779.0000;0.0000;6.8165;1.0000;0.0000;0.0000;0.0000;0.0000
1936;845.82;785.5000;1146.0000;1033.3500;247.8500;68.7517;0.1627;0.0000;-785.5000;0.0000;6.8165;0.0000;-785.5000;0.0000;6.8165;1.0000;0.0000;0.0000;0.0000;0.0000
1937;846.04;810.4000;1155.8500;1029.2000;218.8000;63.3377;0.1983;0.0000;-810.4000;0.0000;6.8165;0.0000;-810.4000;0.0000;6.8165;1.0000;0.0000;0.0000;0.0000;0.0000
1938;846.26;790.5500;1154.6500;1021.5500;231.0000;63.4441;0.1976;0.0000;-790.5500;0.0000;6.8165;0.0000;-790.5500;0.0000;6.8165;1.0000;0.0000;0.0000;0.0000;0.0000
1939;846.48;786.8500;1145.4000;1021.7500;234.9000;65.5139;0.1837;0.0000;-786.8500;0.0000;6.8165;0.0000;-786.8500;0.0000;6.8165;1.0000;0.0000;0.0000;0.0000;0.0000
1940;846.71;782.4500;1139.2000;1006.5000;224.0500;62.8031;0.2020;0.0000;-782.4500;0.0000;6.8165;0.0000;-782.4500;0.0000;6.8165;1.0000;0.0000;0.0000;0.0000;0.0000
1941;846.93;777.3500;1122.4000;1017.3500;240.0000;69.5551;0.1577;0.0000;-777.3500;0.0000;6.8165;0.0000;-777.3500;0.0000;6.8165;1.0000;0.0000;0.0000;0.0000;0.0000
1942;847.15;802.5500;1132.8000;1005.8500;203.3000;61.5594;0.2107;0.0000;-802.5500;0.0000;6.8165;0.0000;-802.5500;0.0000;6.8165;1.0000;0.0000;0.0000;0.0000;0.0000
1943;847.37;789.6500;1130.6000;999.1000;209.4500;61.4313;0.2116;0.0000;-789.6500;0.0000;6.8165;0.0000;-789.6500;0.0000;6.8165;1.0000;0.0000;0.0000;0.0000;0.0000
1944;847.59;780.0500;1117.8500;1011.2500;231.2000;68.4429;0.1647;0.0000;-780.0500;0.0000;6.8165;0.0000;-780.0500;0.0000;6.8165;1.0000;0.0000;0.0000;0.0000;0.0000
1945;847.81;784.5500;1110.0500;1020.5000;235.9500;72.4885;0.1397;0.0000;-784.5500;0.0000;6.8165;0.0000;-784.5500;0.0000;6.8165;1.0000;0.0000;0.0000;0.0000;0.0000
1946;848.03;791.7500;1139.2000;1007.1000;215.3500;61.9801;0.2077;0.0000;-791.7500;0.0000;6.8165;0.0000;-791.7500;0.0000;6.8165;1.0000;0.0000;0.0000;0.0000;0.0000
1947;848.26;787.7000;1122.8000;999.9500;212.2500;63.3393;0.1983;0.0000;-787.7000;0.0000;6.8165;0.0000;-787.7000;0.0000;6.8165;1.0000;0.0000;0.0000;0.0000;0.0000
1948;848.48;775.0500;1126.1000;1007.8000;232.7500;66.3011;0.1785;0.0000;-775.0500;0.0000;6.8165;0.0000;-775.0500;0.0000;6.8165;1.0000;0.0000;0.0000;0.0000;0.0000
1949;848.70;775.2000;1134.8500;996.1500;220.9500;61.4347;0.2116;0.0000;-775.2000;0.0000;6.8165;0.0000;-775.2000;0.0000;6.8165;1.0000;0.0000;0.0000;0.0000;0.0000
1950;848.92;787.2500;1121.2500;1016.0000;228.7500;68.4880;0.1644;0.0000;-787.2500;0.0000;6.8165;0.0000;-787.2500;0.0000;6.8165;1.0000;0.0000;0.0000;0.0000;0.0000
1951;849.14;790.0000;1142.0500;1008.9000;218.9000;62.1787;0.2064;0.0000;-790.0000;0.0000;6.8165;0.0000;-790.0000;0.0000;6.8165;1.0000;0.0000;0.0000;0.0000;0.0000
1952;849.36;784.6500;1130.8500;1004.7000;220.0500;63.5615;0.1968;0.0000;-784.6500;0.0000;6.8165;0.0000;-784.6500;0.0000;6.8165;1.0000;0.0000;0.0000;0.0000;0.0000
1953;849.58;777.8500;1115.5000;986.0500;208.2000;61.6615;0.2100;0.0000;-777.8500;0.0000;6.8165;0.0000;-777.8500;0.0000;6.8165;1.0000;0.0000;0.0000;0.0000;0.0000
1954;849.80;782.5500;1119.8000;1023.7000;241.1500;71.5048;0.1457;0.0000;-782.5500;0.0000;6.8165;0.0000;-782.5500;0.0000;6.8165;1.0000;0.0000;0.0000;0.0000;0.0000
1955;850.02;792.1000;1116.1000;1021.0500;228.9500;70.6636;0.1508;0.0000;-792.1000;0.0000;6.8165;0.0000;-792.1000;0.0000;6.8165;1.0000;0.0000;0.0000;0.0000;0.0000
1956;850.24;790.3500;1113.8500;1007.0000;216.6500;66.9706;0.1741;0.0000;-790.3500;0.0000;6.8165;0.0000;-790.3500;0.0000;6.8165;1.0000;0.0000;0.0000;0.0000;0.0000
1957;850.46;783.9000;1102.7500;1002.4000;218.5000;68.5275;0.1641;0.0000;-783.9000;0.0000;6.8165;0.0000;-783.9000;0.0000;6.8165;1.0000;0.0000;0.0000;0.0000;0.0000
1958;850.68;798.4000;1137.2000;993.2000;194.8000;57.4970;0.2404;0.0000;-798.4000;0.0000;6.8165;0.0000;-798.4000;0.0000;6.8165;1.0000;0.0000;0.0000;0.0000;0.0000
1959;850.90;780.3500;1118.0500;990.7500;210.4000;62.3038;0.2055;0.0000;-780.3500;0.0000;6.8165;0.0000;-780.3500;0.0000;6.8165;1.0000;0.0000;0.0000;0.0000;0.0000
1960;851.12;785.6000;1119.9000;992.9000;207.3000;62.0102;0.2075;0.0000;-785.6000;0.0000;6.8165;0.0000;-785.6000;0.0000;6.8165;1.0000;0.0000;0.0000;0.0000;0.0000
1961;851.34;783.3000;1113.1000;1006.5000;223.2000;67.6774;0.1696;0.0000;-783.3000;0.0000;6.8165;0.0000;-783.3000;0.0000;6.8165;1.0000;0.0000;0.0000;0.0000;0.0000
1962;851.56;788.1500;1135.2500;1001.7500;213.6000;61.5385;0.2109;0.0000;-788.1500;0.0000;6.8165;0.0000;-788.1500;0.0000;6.8165;1.0000;0.0000;0.0000;0.0000;0.0000
1963;851.78;784.6000;1108.9000;998.8000;214.2000;66.0500;0.1801;0.0000;-784.6000;0.0000;6.8165;0.0000;-784.6000;0.0000;6.8165;1.0000;0.0000;0.0000;0.0000;0.0000
1964;852.00;800.0000;1115.2500;984.7500;184.7500;58.6043;0.2321;0.0000;-800.0000;0.0000;6.8165;0.0000;-800.0000;0.0000;6.8165;1.0000;0.0000;0.0000;0.0000;0.0000
1965;852.21;785.5500;1116.9500;993.6000;208.0500;62.7791;0.2022;0.0000;-785.5500;0.0000;6.8165;0.0000;-785.5500;0.0000;6.8165;1.0000;0.0000;0.0000;0.0000;0.0000
1966;852.43;784.1000;1118.7000;977.9000;193.8000;57.9199;0.2372;0.0000;-784.1000;0.0000;6.8165;0.0000;-784.1000;0.0000;6.8165;1.0000;0.0000;0.0000;0.0000;0.0000
1967;852.65;794.9500;1123.2000;995.1500;200.2000;60.9901;0.2147;0.0000;-794.9500;0.0000;6.8165;0.0000;-794.9500;0.0000;6.8165;1.0000;0.0000;0.0000;0.0000;0.0000
1968;852.87;788.4000;1124.6000;1011.6000;223.2000;66.3891;0.1779;0.0000;-788.4000;0.0000;6.8165;0.0000;-788.4000;0.0000;6.8165;1.0000;0.0000;0.0000;0.0000;0.0000
1969;853.09;792.0000;1107.4000;993.8000;201.8000;63.9822;0.1939;0.0000;-792.0000;0.0000;6.8165;0.0000;-792.0000;0.0000;6.8165;1.0000;0.0000;0.0000;0.0000;0.0000
1970;853.31;780.0000;1116.8500;980.3000;200.3000;59.4627;0.2258;0.0000;-780.0000;0.0000;6.8165;0.0000;-780.0000;0.0000;6.8165;1.0000;0.0000;0.0000;0.0000;0.0000
1971;853.53;785.2500;1092.1000;979.7000;194.4500;63.3697;0.1981;0.0000;-785.2500;0.0000;6.8165;0.0000;-785.2500;0.0000;6.8165;1.0000;0.0000;0.0000;0.0000;0.0000
1972;853.74;780.2000;1095.5500;985.1500;204.9500;64.9913;0.1871;0.0000;-780.2000;0.0000;6.8165;0.0000;-780.2000;0.0000;6.8165;1.0000;0.0000;0.0000;0.0000;0.0000
1973;853.96;780.1500;1101.8000;991.1500;211.0000;65.5993;0.1831;0.0000;-780.1500;0.0000;6.8165;0.0000;-780.1500;0.0000;6.8165;1.0000;0.0000;0.0000;0.0000;0.0000
1974;854.18;778.5000;1093.7000;990.4000;211.9000;67.2272;0.1725;0.0000;-778.5000;0.0000;6.8165;0.0000;-778.5000;0.0000;6.8165;1.0000;0.0000;0.0000;0.0000;0.0000
1975;854.40;781.9500;1103.2000;973.0000;191.0500;59.4708;0.2257;0.0000;-781.9500;0.0000;6.8165;0.0000;-781.9500;0.0000;6.8165;1.0000;0.0000;0.0000;0.0000;0.0000
1976;854.62;779.9000;1084.6500;970.9000;191.0000;62.6743;0.2029;0.0000;-779.9000;0.0000;6.8165;0.0000;-779.9000;0.0000;6.8165;1.0000;0.0000;0.0000;0.0000;0.0000
1977;854.83;782.8000;1095.1500;977.4500;194.6500;62.3179;0.2054;0.0000;-782.8000;0.0000;6.8165;0.0000;-782.8000;0.0000;6.8165;1.0000;0.0000;0.0000;0.0000;0.0000
1978;855.05;787.9500;1094.9000;993.4500;205.5000;66.9490;0.1743;0.0000;-787.9500;0.0000;6.8165;0.0000;-787.9500;0.0000;6.8165;1.0000;0.0000;0.0000;0.0000;0.0000
1979;855.27;772.5500;1087.7500;983.4500;210.9000;66.9099;0.1745;0.0000;-772.5500;0.0000;6.8165;0.0000;-772.5500;0.0000;6.8165;1.0000;0.0000;0.0000;0.0000;0.0000
1980;855.49;782.3000;1093.6500;992.4000;210.1000;67.4803;0.1708;0.0000;-782.3000;0.0000;6.8165;0.0000;-782.3000;0.0000;6.8165;1.0000;0.0000;0.0000;0.0000;0.0000
1981;855.71;790.1500;1093.9000;974.2000;184.0500;60.5926;0.2176;0.0000;-790.1500;0.0000;6.8165;0.0000;-790.1500;0.0000;6.8165;1.0000;0.0000;0.0000;0.0000;0.0000
1982;855.92;783.1500;1073.7000;993.4000;210.2500;72.3628;0.1405;0.0000;-783.1500;0.0000;6.8165;0.0000;-783.1500;0.0000;6.8165;1.0000;0.0000;0.0000;0.0000;0.0000
1983;856.14;791.4000;1089.9500;993.3500;201.9500;67.6436;0.1698;0.0000;-791.4000;0.0000;6.8165;0.0000;-791.4000;0.0000;6.8165;1.0000;0.0000;0.0000;0.0000;0.0000
1984;856.36;776.9500;1085.3500;995.3000;218.3500;70.8009;0.1500;0.0000;-776.9500;0.0000;6.8165;0.0000;-776.9500;0.0000;6.8165;1.0000;0.0000;0.0000;0.0000;0.0000
1985;856.57;777.4000;1089.7500;994.8500;217.4500;69.6174;0.1573;0.0000;-777.4000;0.0000;6.8165;0.0000;-777.4000;0.0000;6.8165;1.0000;0.0000;0.0000;0.0000;0.0000
1986;856.79;786.1500;1079.2500;972.2500;186.1000;63.4937;0.1973;0.0000;-786.1500;0.0000;6.8165;0.0000;-786.1500;0.0000;6.8165;1.0000;0.0000;0.0000;0.0000;0.0000
1987;857.01;779.9500;1094.8500;983.2000;203.2500;64.5443;0.1901;0.0000;-779.9500;0.0000;6.8165;0.0000;-779.9500;0.0000;6.8165;1.0000;0.0000;0.0000;0.0000;0.0000
1988;857.22;789.8000;1091.7500;983.2500;193.4500;64.0669;0.1934;0.0000;-789.8000;0.0000;6.8165;0.0000;-789.8000;0.0000;6.8165;1.0000;0.0000;0.0000;0.0000;0.0000
1989;857.44;784.9500;1084.6000;977.9500;193.0000;64.4085;0.1911;0.0000;-784.9500;0.0000;6.8165;0.0000;-784.9500;0.0000;6.8165;1.0000;0.0000;0.0000;0.0000;0.0000
1990;857.66;779.3000;1095.8000;985.2000;205.9000;65.0553;0.1867;0.0000;-779.3000;0.0000;6.8165;0.0000;-779.3000;0.0000;6.8165;1.0000;0.0000;0.0000;0.0000;0.0000
1991;857.87;785.4000;1071.2000;972.3000;186.9000;65.3954;0.1845;0.0000;-785.4000;0.0000;6.8165;0.0000;-785.4000;0.0000;6.8165;1.0000;0.0000;0.0000;0.0000;0.0000
1992;858.09;778.0500;1067.3500;970.5500;192.5000;66.5399;0.1769;0.0000;-778.0500;0.0000;6.8165;0.0000;-778.0500;0.0000;6.8165;1.0000;0.0000;0.0000;0.0000;0.0000
1993;858.31;783.3000;1079.8000;971.4000;188.1000;63.4401;0.1976;0.0000;-783.3000;0.0000;6.8165;0.0000;-783.3000;0.0000;6.8165;1.0000;0.0000;0.0000;0.0000;0.0000
1994;858.52;787.1500;1068.7500;979.0500;191.9000;68.1463;0.1666;0.0000;-787.1500;0.0000;6.8165;0.0000;-787.1500;0.0000;6.8165;1.0000;0.0000;0.0000;0.0000;0.0000
1995;858.74;783.6000;1081.4500;975.9000;192.3000;64.5627;0.1900;0.0000;-783.6000;0.0000;6.8165;0.0000;-783.6000;0.0000;6.8165;1.0000;0.0000;0.0000;0.0000;0.0000
1996;858.95;789.5000;1079.3000;960.9500;171.4500;59.1615;0.2280;0.0000;-789.5000;0.0000;6.8165;0.0000;-789.5000;0.0000;6.8165;1.0000;0.0000;0.0000;0.0000;0.0000
1997;859.17;785.7000;1075.8500;969.5000;183.8000;63.3465;0.1983;0.0000;-785.7000;0.0000;6.8165;0.0000;-785.7000;0.0000;6.8165;1.0000;0.0000;0.0000;0.0000;0.0000
1998;859.39;782.1000;1067.7000;957.0500;174.9500;61.2570;0.2128;0.0000;-782.1000;0.0000;6.8165;0.0000;-782.1000;0.0000;6.8165;1.0000;0.0000;0.0000;0.0000;0.0000
1999;859.60;789.3000;1080.4000;971.7500;182.4500;62.6761;0.2029;0.0000;-789.3000;0.0000;6.8165;0.0000;-789.3000;0.0000;6.8165;1.0000;0.0000;0.0000;0.0000;0.0000
2000;859.82;798.1500;1061.8500;963.8000;165.6500;62.8176;0.2019;0.0000;-798.1500;0.0000;6.8165;0.0000;-798.1500;0.0000;6.8165;1.0000;0.0000;0.0000;0.0000;0.0000
2001;860.03;801.4000;1073.9000;972.2500;170.8500;62.6972;0.2028;0.0000;-801.4000;0.0000;6.8165;0.0000;-801.4000;0.0000;6.8165;1.0000;0.0000;0.0000;0.0000;0.0000
2002;860.25;793.6000;1071.4000;959.2500;165.6500;59.6292;0.2245;0.0000;-793.6000;0.0000;6.8165;0.0000;-793.6000;0.0000;6.8165;1.0000;0.0000;0.0000;0.0000;0.0000
2003;860.46;777.4500;1064.0500;955.5000;178.0500;62.1249;0.2067;0.0000;-777.4500;0.0000;6.8165;0.0000;-777.4500;0.0000;6.8165;1.0000;0.0000;0.0000;0.0000;0.0000
2004;860.68;792.3500;1061.5000;964.2500;171.9000;63.8677;0.1947;0.0000;-792.3500;0.0000;6.8165;0.0000;-792.3500;0.0000;6.8165;1.0000;0.0000;0.0000;0.0000;0.0000
2005;860.89;786.2000;1043.0500;954.9500;168.7500;65.6998;0.1824;0.0000;-786.2000;0.0000;6.8165;0.0000;-786.2000;0.0000;6.8165;1.0000;0.0000;0.0000;0.0000;0.0000
2006;861.11;787.4000;1063.9500;962.6500;175.2500;63.3701;0.1981;0.0000;-787.4000;0.0000;6.8165;0.0000;-787.4000;0.0000;6.8165;1.0000;0.0000;0.0000;0.0000;0.0000
2007;861.32;784.9500;1041.4000;961.5000;176.5500;68.8438;0.1621;0.0000;-784.9500;0.0000;6.8165;0.0000;-784.9500;0.0000;6.8165;1.0000;0.0000;0.0000;0.0000;0.0000
2008;861.54;799.0500;1052.0000;952.9500;153.9000;60.8421;0.2158;0.0000;-799.0500;0.0000;6.8165;0.0000;-799.0500;0.0000;6.8165;1.0000;0.0000;0.0000;0.0000;0.0000
2009;861.75;791.3500;1046.7500;957.9500;166.6000;65.2310;0.1855;0.0000;-791.3500;0.0000;6.8165;0.0000;-791.3500;0.0000;6.8165;1.0000;0.0000;0.0000;0.0000;0.0000
2010;861.96;778.3000;1032.2500;939.0500;160.7500;63.2999;0.1986;0.0000;-778.3000;0.0000;6.8165;0.0000;-778.3000;0.0000;6.8165;1.0000;0.0000;0.0000;0.0000;0.0000
2011;862.18;769.2500;1046.3500;964.5000;195.2500;70.4619;0.1520;0.0000;-769.2500;0.0000;6.8165;0.0000;-769.2500;0.0000;6.8165;1.0000;0.0000;0.0000;0.0000;0.0000
2012;862.39;786.3000;1040.0500;963.3500;177.0500;69.7734;0.1563;0.0000;-786.3000;0.0000;6.8165;0.0000;-786.3000;0.0000;6.8165;1.0000;0.0000;0.0000;0.0000;0.0000
2013;862.61;790.7000;1036.6500;939.9500;149.2500;60.6831;0.2169;0.0000;-790.7000;0.0000;6.8165;0.0000;-790.7000;0.0000;6.8165;1.0000;0.0000;0.0000;0.0000;0.0000
2014;862.82;774.9500;1027.4500;950.9000;175.9500;69.6832;0.1569;0.0000;-774.9500;0.0000;6.8165;0.0000;-774.9500;0.0000;6.8165;1.0000;0.0000;0.0000;0.0000;0.0000
2015;863.03;781.1000;1027.4500;934.9000;153.8000;62.4315;0.2046;0.0000;-781.1000;0.0000;6.8165;0.0000;-781.1000;0.0000;6.8165;1.0000;0.0000;0.0000;0.0000;0.0000
2016;863.25;778.9500;1040.9500;955.8500;176.9000;67.5191;0.1706;0.0000;-778.9500;0.0000;6.8165;0.0000;-778.9500;0.0000;6.8165;1.0000;0.0000;0.0000;0.0000;0.0000
2017;863.46;781.8500;1026.9000;940.1500;158.3000;64.5991;0.1898;0.0000;-781.8500;0.0000;6.8165;0.0000;-781.8500;0.0000;6.8165;1.0000;0.0000;0.0000;0.0000;0.0000
2018;863.68;768.7000;1017.2500;949.9000;181.2000;72.9028;0.1373;0.0000;-768.7000;0.0000;6.8165;0.0000;-768.7000;0.0000;6.8165;1.0000;0.0000;0.0000;0.0000;0.0000
2019;863.89;770.2500;1023.8500;937.7000;167.4500;66.0292;0.1803;0.0000;-770.2500;0.0000;6.8165;0.0000;-770.2500;0.0000;6.8165;1.0000;0.0000;0.0000;0.0000;0.0000
2020;864.10;797.5500;1019.3500;940.6500;143.1000;64.5176;0.1903;0.0000;-797.5500;0.0000;6.8165;0.0000;-797.5500;0.0000;6.8165;1.0000;0.0000;0.0000;0.0000;0.0000
2021;864.32;790.9500;1019.4500;945.2000;154.2500;67.5055;0.1707;0.0000;-790.9500;0.0000;6.8165;0.0000;-790.9500;0.0000;6.8165;1.0000;0.0000;0.0000;0.0000;0.0000
2022;864.53;778.5000;1011.5500;938.0000;159.5000;68.4402;0.1647;0.0000;-778.5000;0.0000;6.8165;0.0000;-778.5000;0.0000;6.8165;1.0000;0.0000;0.0000;0.0000;0.0000
2023;864.74;794.9000;1011.9500;938.2000;143.3000;66.0217;0.1803;0.0000;-794.9000;0.0000;6.8165;0.0000;-794.9000;0.0000;6.8165;1.0000;0.0000;0.0000;0.0000;0.0000
2024;864.95;785.8500;1035.5500;946.7500;160.9000;64.4373;0.1909;0.0000;-785.8500;0.0000;6.8165;0.0000;-785.8500;0.0000;6.8165;1.0000;0.0000;0.0000;0.0000;0.0000
2025;865.17;792.1000;1019.6000;954.6500;162.5500;71.4505;0.1460;0.0000;-792.1000;0.0000;6.8165;0.0000;-792.1000;0.0000;6.8165;1.0000;0.0000;0.0000;0.0000;0.0000
2026;865.38;794.3500;1026.7000;936.6000;142.2500;61.2223;0.2131;0.0000;-794.3500;0.0000;6.8165;0.0000;-794.3500;0.0000;6.8165;1.0000;0.0000;0.0000;0.0000;0.0000
2027;865.59;786.3500;1013.2500;927.6000;141.2500;62.2521;0.2058;0.0000;-786.3500;0.0000;6.8165;0.0000;-786.3500;0.0000;6.8165;1.0000;0.0000;0.0000;0.0000;0.0000
2028;865.81;793.8500;1005.7500;931.2000;137.3500;64.8183;0.1883;0.0000;-793.8500;0.0000;6.8165;0.0000;-793.8500;0.0000;6.8165;1.0000;0.0000;0.0000;0.0000;0.0000
2029;866.02;769.8500;1011.7500;929.1500;159.3000;65.8537;0.1814;0.0000;-769.8500;0.0000;6.8165;0.0000;-769.8500;0.0000;6.8165;1.0000;0.0000;0.0000;0.0000;0.0000
2030;866.23;778.9500;999.9500;929.9500;151.0000;68.3258;0.1654;0.0000;-778.9500;0.0000;6.8165;0.0000;-778.9500;0.0000;6.8165;1.0000;0.0000;0.0000;0.0000;0.0000
2031;866.44;780.2000;1009.7500;929.8000;149.6000;65.1710;0.1859;0.0000;-780.2000;0.0000;6.8165;0.0000;-780.2000;0.0000;6.8165;1.0000;0.0000;0.0000;0.0000;0.0000
2032;866.65;776.6500;1007.1500;935.5500;158.9000;68.9371;0.1615;0.0000;-776.6500;0.0000;6.8165;0.0000;-776.6500;0.0000;6.8165;1.0000;0.0000;0.0000;0.0000;0.0000
2033;866.87;767.8500;998.1000;924.7000;156.8500;68.1216;0.1667;0.0000;-767.8500;0.0000;6.8165;0.0000;-767.8500;0.0000;6.8165;1.0000;0.0000;0.0000;0.0000;0.0000
2034;867.08;791.7000;1005.7000;925.0000;133.3000;62.2897;0.2056;0.0000;-791.7000;0.0000;6.8165;0.0000;-791.7000;0.0000;6.8165;1.0000;0.0000;0.0000;0.0000;0.0000
2035;867.29;786.4000;1001.0500;938.2000;151.8000;70.7198;0.1505;0.0000;-786.4000;0.0000;6.8165;0.0000;-786.4000;0.0000;6.8165;1.0000;0.0000;0.0000;0.0000;0.0000
2036;867.50;779.2000;1015.1500;936.3000;157.1000;66.5819;0.1766;0.0000;-779.2000;0.0000;6.8165;0.0000;-779.2000;0.0000;6.8165;1.0000;0.0000;0.0000;0.0000;0.0000
2037;867.71;787.1500;999.9000;927.2000;140.0500;65.8284;0.1816;0.0000;-787.1500;0.0000;6.8165;0.0000;-787.1500;0.0000;6.8165;1.0000;0.0000;0.0000;0.0000;0.0000
2038;867.92;774.5500;1004.4000;939.9500;165.4000;71.9600;0.1429;0.0000;-774.5500;0.0000;6.8165;0.0000;-774.5500;0.0000;6.8165;1.0000;0.0000;0.0000;0.0000;0.0000
2039;868.14;781.7000;989.7000;926.9000;145.2000;69.8077;0.1561;0.0000;-781.7000;0.0000;6.8165;0.0000;-781.7000;0.0000;6.8165;1.0000;0.0000;0.0000;0.0000;0.0000
2040;868.35;790.3500;998.7000;919.7000;129.3500;62.0830;0.2070;0.0000;-790.3500;0.0000;6.8165;0.0000;-790.3500;0.0000;6.8165;1.0000;0.0000;0.0000;0.0000;0.0000
2041;868.56;782.4500;978.1500;926.6000;144.1500;73.6587;0.1328;0.0000;-782.4500;0.0000;6.8165;0.0000;-782.4500;0.0000;6.8165;1.0000;0.0000;0.0000;0.0000;0.0000
2042;868.77;791.5000;1008.0500;938.8000;147.3000;68.0212;0.1674;0.0000;-791.5000;0.0000;6.8165;0.0000;-791.5000;0.0000;6.8165;1.0000;0.0000;0.0000;0.0000;0.0000
2043;868.98;771.2000;993.4500;928.2000;157.0000;70.6412;0.1509;0.0000;-771.2000;0.0000;6.8165;0.0000;-771.2000;0.0000;6.8165;1.0000;0.0000;0.0000;0.0000;0.0000
2044;869.19;794.3500;1007.3500;924.8500;130.5000;61.2676;0.2128;0.0000;-794.3500;0.0000;6.8165;0.0000;-794.3500;0.0000;6.8165;1.0000;0.0000;0.0000;0.0000;0.0000
2045;869.40;773.9000;971.4500;917.2000;143.3000;72.5386;0.1394;0.0000;-773.9000;0.0000;6.8165;0.0000;-773.9000;0.0000;6.8165;1.0000;0.0000;0.0000;0.0000;0.0000
2046;869.61;780.0500;1003.5500;924.8500;144.8000;64.7875;0.1885;0.0000;-780.0500;0.0000;6.8165;0.0000;-780.0500;0.0000;6.8165;1.0000;0.0000;0.0000;0.0000;0.0000
2047;869.82;784.0000;1003.1500;928.4500;144.4500;65.9138;0.1810;0.0000;-784.0000;0.0000;6.8165;0.0000;-784.0000;0.0000;6.8165;1.0000;0.0000;0.0000;0.0000;0.0000
