Pixel,Wavelength,Dark,Reference,Raw data #1,Dark Subtracted #1,%TR #1,Absorbance #1,Raw data #2,Dark Subtracted #2,%TR #2,Absorbance #2,Raw data #3,Dark Subtracted #3,%TR #3,Absorbance #3,Errands Ref,Errands Fit,Irradiance_1,Irradiance_2,Irradiance_3
0,231.94,763.6,775.15,767.3,3.7,32.0346,0.4944,0.0,-763.6,0.0,6.8165,0.0,-763.6,0.0,6.8165,1.0,0.0,0.0,0.0,0.0
1,232.35,763.6,775.15,767.3,3.7,32.0346,0.4944,0.0,-763.6,0.0,6.8165,0.0,-763.6,0.0,6.8165,1.0,0.0,0.0,0.0,0.0
2,232.76,787.05,806.05,773.25,-13.8,0.0,6.8165,0.0,-787.05,110.0,-0.0414,0.0,-787.05,110.0,-0.0414,1.0,0.0,0.0,0.0,0.0
3,233.16,745.9,781.4,753.65,7.75,21.831,0.6609,0.0,-745.9,0.0,6.8165,0.0,-745.9,0.0,6.8165,1.0,0.0,0.0,0.0,0.0
4,233.57,781.1,795.45,769.0,-12.1,0.0,6.8165,0.0,-781.1,110.0,-0.0414,0.0,-781.1,110.0,-0.0414,1.0,0.0,0.0,0.0,0.0
5,233.98,783.5,783.8,769.55,-13.95,0.0,6.8165,0.0,-783.5,0.0,6.8165,0.0,-783.5,0.0,6.8165,1.0,0.0,0.0,0.0,0.0
6,234.38,778.05,789.3,781.4,3.35,29.7778,0.5261,0.0,-778.05,0.0,6.8165,0.0,-778.05,0.0,6.8165,1.0,0.0,0.0,0.0,0.0
7,234.79,791.45,786.6,793.15,1.7,0.0,6.8165,0.0,-791.45,110.0,-0.0414,0.0,-791.45,110.0,-0.0414,1.0,0.0,0.0,0.0,0.0
8,235.2,783.05,782.65,787.2,4.15,0.0,6.8165,0.0,-783.05,110.0,-0.0414,0.0,-783.05,110.0,-0.0414,1.0,0.0,0.0,0.0,0.0
9,235.6,784.25,799.95,790.75,6.5,41.4013,0.383,0.0,-784.25,0.0,6.8165,0.0,-784.25,0.0,6.8165,1.0,0.0,0.0,0.0,0.0
10,236.01,783.95,795.4,781.0,-2.95,0.0,6.8165,0.0,-783.95,110.0,-0.0414,0.0,-783.95,110.0,-0.0414,1.0,0.0,0.0,0.0,0.0
11,236.41,782.85,785.6,789.7,6.85,110.0,-0.0414,0.0,-782.85,110.0,-0.0414,0.0,-782.85,110.0,-0.0414,1.0,0.0,0.0,0.0,0.0
12,236.82,773.0,796.9,783.95,10.95,45.8159,0.339,0.0,-773.0,0.0,6.8165,0.0,-773.0,0.0,6.8165,1.0,0.0,0.0,0.0,0.0
13,237.23,782.1,797.05,791.05,8.95,59.8662,0.2228,0.0,-782.1,0.0,6.8165,0.0,-782.1,0.0,6.8165,1.0,0.0,0.0,0.0,0.0
14,237.63,784.5,794.0,788.1,3.6,37.8947,0.4214,0.0,-784.5,0.0,6.8165,0.0,-784.5,0.0,6.8165,1.0,0.0,0.0,0.0,0.0
15,238.04,780.15,803.35,781.3,1.15,4.9569,1.3048,0.0,-780.15,110.0,-0.0414,0.0,-780.15,110.0,-0.0414,1.0,0.0,0.0,0.0,0.0
16,238.44,784.85,771.05,782.85,-2.0,14.4928,0.8388,0.0,-784.85,0.0,6.8165,0.0,-784.85,0.0,6.8165,1.0,0.0,0.0,0.0,0.0
17,238.85,800.85,791.3,768.95,-31.9,110.0,-0.0414,0.0,-800.85,110.0,-0.0414,0.0,-800.85,110.0,-0.0414,1.0,0.0,0.0,0.0,0.0
18,239.25,786.75,787.05,760.6,-26.15,0.0,6.8165,0.0,-786.75,0.0,6.8165,0.0,-786.75,0.0,6.8165,1.0,0.0,0.0,0.0,0.0
19,239.66,777.95,804.05,775.6,-2.35,0.0,6.8165,0.0,-777.95,0.0,6.8165,0.0,-777.95,0.0,6.8165,1.0,0.0,0.0,0.0,0.0
20,240.07,777.7,784.4,774.2,-3.5,0.0,6.8165,0.0,-777.7,0.0,6.8165,0.0,-777.7,0.0,6.8165,1.0,0.0,0.0,0.0,0.0
21,240.47,782.35,791.5,768.95,-13.4,0.0,6.8165,0.0,-782.35,0.0,6.8165,0.0,-782.35,0.0,6.8165,1.0,0.0,0.0,0.0,0.0
22,240.88,782.4,793.35,770.5,-11.9,0.0,6.8165,0.0,-782.4,0.0,6.8165,0.0,-782.4,0.0,6.8165,1.0,0.0,0.0,0.0,0.0
23,241.28,777.3,787.3,776.5,-0.8,0.0,6.8165,0.0,-777.3,0.0,6.8165,0.0,-777.3,0.0,6.8165,1.0,0.0,0.0,0.0,0.0
24,241.69,776.15,776.2,780.7,4.55,110.0,-0.0414,0.0,-776.15,0.0,6.8165,0.0,-776.15,0.0,6.8165,1.0,0.0,0.0,0.0,0.0
25,242.09,781.45,777.7,779.05,-2.4,64.0,0.1938,0.0,-781.45,0.0,6.8165,0.0,-781.45,0.0,6.8165,1.0,0.0,0.0,0.0,0.0
26,242.5,780.0,780.2,788.65,8.65,110.0,-0.0414,0.0,-780.0,110.0,-0.0414,0.0,-780.0,110.0,-0.0414,1.0,0.0,0.0,0.0,0.0
27,242.9,795.35,776.7,779.65,-15.7,84.1823,0.0748,0.0,-795.35,110.0,-0.0414,0.0,-795.35,110.0,-0.0414,1.0,0.0,0.0,0.0,0.0
28,243.3,780.65,770.8,761.7,-18.95,110.0,-0.0414,0.0,-780.65,110.0,-0.0414,0.0,-780.65,110.0,-0.0414,1.0,0.0,0.0,0.0,0.0
29,243.71,773.15,775.45,778.7,5.55,110.0,-0.0414,0.0,-773.15,0.0,6.8165,0.0,-773.15,0.0,6.8165,1.0,0.0,0.0,0.0,0.0
30,244.11,786.85,760.65,783.75,-3.1,11.8321,0.9269,0.0,-786.85,110.0,-0.0414,0.0,-786.85,110.0,-0.0414,1.0,0.0,0.0,0.0,0.0
31,244.52,763.85,766.3,760.05,-3.8,0.0,6.8165,0.0,-763.85,0.0,6.8165,0.0,-763.85,0.0,6.8165,1.0,0.0,0.0,0.0,0.0
32,244.92,777.7,790.6,777.2,-0.5,0.0,6.8165,0.0,-777.7,110.0,-0.0414,0.0,-777.7,110.0,-0.0414,1.0,0.0,0.0,0.0,0.0
33,245.33,782.75,786.0,783.55,0.8,24.6154,0.6088,0.0,-782.75,0.0,6.8165,0.0,-782.75,0.0,6.8165,1.0,0.0,0.0,0.0,0.0
34,245.73,784.8,778.35,781.35,-3.45,53.4884,0.2717,0.0,-784.8,110.0,-0.0414,0.0,-784.8,110.0,-0.0414,1.0,0.0,0.0,0.0,0.0
35,246.13,778.3,807.15,780.3,2.0,6.9324,1.1591,0.0,-778.3,0.0,6.8165,0.0,-778.3,0.0,6.8165,1.0,0.0,0.0,0.0,0.0
36,246.54,768.9,885.4,780.25,11.35,9.7425,1.0113,0.0,-768.9,0.0,6.8165,0.0,-768.9,0.0,6.8165,1.0,0.0,0.0,0.0,0.0
37,246.94,789.8,862.9,791.25,1.45,1.9836,1.7025,0.0,-789.8,0.0,6.8165,0.0,-789.8,0.0,6.8165,1.0,0.0,0.0,0.0,0.0
38,247.35,786.75,861.1,774.15,-12.6,0.0,6.8165,0.0,-786.75,0.0,6.8165,0.0,-786.75,0.0,6.8165,1.0,0.0,0.0,0.0,0.0
39,247.75,783.85,883.35,781.1,-2.75,0.0,6.8165,0.0,-783.85,0.0,6.8165,0.0,-783.85,0.0,6.8165,1.0,0.0,0.0,0.0,0.0
40,248.15,780.05,866.7,777.95,-2.1,0.0,6.8165,0.0,-780.05,0.0,6.8165,0.0,-780.05,0.0,6.8165,1.0,0.0,0.0,0.0,0.0
41,248.56,790.35,873.7,783.9,-6.45,0.0,6.8165,0.0,-790.35,0.0,6.8165,0.0,-790.35,0.0,6.8165,1.0,0.0,0.0,0.0,0.0
42,248.96,766.8,876.4,780.45,13.65,12.4544,0.9047,0.0,-766.8,0.0,6.8165,0.0,-766.8,0.0,6.8165,1.0,0.0,0.0,0.0,0.0
43,249.36,785.05,881.6,785.5,0.45,0.4661,2.3315,0.0,-785.05,0.0,6.8165,0.0,-785.05,0.0,6.8165,1.0,0.0,0.0,0.0,0.0
44,249.77,780.2,888.45,782.15,1.95,1.8014,1.7444,0.0,-780.2,0.0,6.8165,0.0,-780.2,0.0,6.8165,1.0,0.0,0.0,0.0,0.0
45,250.17,768.65,879.0,793.0,24.35,22.0662,0.6563,0.0,-768.65,0.0,6.8165,0.0,-768.65,0.0,6.8165,1.0,0.0,0.0,0.0,0.0
46,250.57,773.25,879.0,777.05,3.8,3.5934,1.4445,0.0,-773.25,0.0,6.8165,0.0,-773.25,0.0,6.8165,1.0,0.0,0.0,0.0,0.0
47,250.97,789.45,859.7,789.5,0.05,0.0712,3.1477,0.0,-789.45,0.0,6.8165,0.0,-789.45,0.0,6.8165,1.0,0.0,0.0,0.0,0.0
48,251.38,775.2,869.25,784.7,9.5,10.101,0.9956,0.0,-775.2,0.0,6.8165,0.0,-775.2,0.0,6.8165,1.0,0.0,0.0,0.0,0.0
49,251.78,769.65,889.4,790.3,20.65,17.2443,0.7634,0.0,-769.65,0.0,6.8165,0.0,-769.65,0.0,6.8165,1.0,0.0,0.0,0.0,0.0
50,252.18,784.45,883.25,779.0,-5.45,0.0,6.8165,0.0,-784.45,0.0,6.8165,0.0,-784.45,0.0,6.8165,1.0,0.0,0.0,0.0,0.0
51,252.59,772.8,860.7,776.5,3.7,4.2093,1.3758,0.0,-772.8,0.0,6.8165,0.0,-772.8,0.0,6.8165,1.0,0.0,0.0,0.0,0.0
52,252.99,786.35,850.35,780.05,-6.3,0.0,6.8165,0.0,-786.35,0.0,6.8165,0.0,-786.35,0.0,6.8165,1.0,0.0,0.0,0.0,0.0
53,253.39,770.95,873.75,772.5,1.55,1.5078,1.8217,0.0,-770.95,0.0,6.8165,0.0,-770.95,0.0,6.8165,1.0,0.0,0.0,0.0,0.0
54,253.79,777.65,874.3,779.8,2.15,2.2245,1.6528,0.0,-777.65,0.0,6.8165,0.0,-777.65,0.0,6.8165,1.0,0.0,0.0,0.0,0.0
55,254.2,771.25,874.7,762.25,-9.0,0.0,6.8165,0.0,-771.25,0.0,6.8165,0.0,-771.25,0.0,6.8165,1.0,0.0,0.0,0.0,0.0
56,254.6,778.3,862.4,776.45,-1.85,0.0,6.8165,0.0,-778.3,0.0,6.8165,0.0,-778.3,0.0,6.8165,1.0,0.0,0.0,0.0,0.0
57,255.0,764.35,872.9,766.8,2.45,2.257,1.6465,0.0,-764.35,0.0,6.8165,0.0,-764.35,0.0,6.8165,1.0,0.0,0.0,0.0,0.0
58,255.4,773.85,884.45,778.05,4.2,3.7975,1.4205,0.0,-773.85,0.0,6.8165,0.0,-773.85,0.0,6.8165,1.0,0.0,0.0,0.0,0.0
59,255.8,766.1,877.2,774.2,8.1,7.2907,1.1372,0.0,-766.1,0.0,6.8165,0.0,-766.1,0.0,6.8165,1.0,0.0,0.0,0.0,0.0
60,256.2,777.8,867.6,782.35,4.55,5.0668,1.2953,0.0,-777.8,0.0,6.8165,0.0,-777.8,0.0,6.8165,1.0,0.0,0.0,0.0,0.0
61,256.61,775.55,867.95,771.8,-3.75,0.0,6.8165,0.0,-775.55,0.0,6.8165,0.0,-775.55,0.0,6.8165,1.0,0.0,0.0,0.0,0.0
62,257.01,783.85,861.85,778.1,-5.75,0.0,6.8165,0.0,-783.85,0.0,6.8165,0.0,-783.85,0.0,6.8165,1.0,0.0,0.0,0.0,0.0
63,257.41,780.15,864.25,772.65,-7.5,0.0,6.8165,0.0,-780.15,0.0,6.8165,0.0,-780.15,0.0,6.8165,1.0,0.0,0.0,0.0,0.0
64,257.81,771.4,885.65,775.3,3.9,3.4136,1.4668,0.0,-771.4,0.0,6.8165,0.0,-771.4,0.0,6.8165,1.0,0.0,0.0,0.0,0.0
65,258.21,762.6,883.1,767.25,4.65,3.8589,1.4135,0.0,-762.6,0.0,6.8165,0.0,-762.6,0.0,6.8165,1.0,0.0,0.0,0.0,0.0
66,258.61,775.6,875.65,796.85,21.25,21.2394,0.6729,0.0,-775.6,0.0,6.8165,0.0,-775.6,0.0,6.8165,1.0,0.0,0.0,0.0,0.0
67,259.01,793.05,879.35,768.95,-24.1,0.0,6.8165,0.0,-793.05,0.0,6.8165,0.0,-793.05,0.0,6.8165,1.0,0.0,0.0,0.0,0.0
68,259.42,781.9,880.2,785.35,3.45,3.5097,1.4547,0.0,-781.9,0.0,6.8165,0.0,-781.9,0.0,6.8165,1.0,0.0,0.0,0.0,0.0
69,259.82,787.7,879.2,768.7,-19.0,0.0,6.8165,0.0,-787.7,0.0,6.8165,0.0,-787.7,0.0,6.8165,1.0,0.0,0.0,0.0,0.0
70,260.22,781.75,892.75,767.05,-14.7,0.0,6.8165,0.0,-781.75,0.0,6.8165,0.0,-781.75,0.0,6.8165,1.0,0.0,0.0,0.0,0.0
71,260.62,775.1,880.95,769.45,-5.65,0.0,6.8165,0.0,-775.1,0.0,6.8165,0.0,-775.1,0.0,6.8165,1.0,0.0,0.0,0.0,0.0
72,261.02,778.0,882.5,783.95,5.95,5.6938,1.2446,0.0,-778.0,0.0,6.8165,0.0,-778.0,0.0,6.8165,1.0,0.0,0.0,0.0,0.0
73,261.42,785.55,877.05,779.2,-6.35,0.0,6.8165,0.0,-785.55,0.0,6.8165,0.0,-785.55,0.0,6.8165,1.0,0.0,0.0,0.0,0.0
74,261.82,763.55,881.85,767.2,3.65,3.0854,1.5107,0.0,-763.55,0.0,6.8165,0.0,-763.55,0.0,6.8165,1.0,0.0,0.0,0.0,0.0
75,262.22,783.5,879.4,776.8,-6.7,0.0,6.8165,0.0,-783.5,0.0,6.8165,0.0,-783.5,0.0,6.8165,1.0,0.0,0.0,0.0,0.0
76,262.62,756.05,866.55,767.35,11.3,10.2262,0.9903,0.0,-756.05,0.0,6.8165,0.0,-756.05,0.0,6.8165,1.0,0.0,0.0,0.0,0.0
77,263.02,779.4,881.5,763.0,-16.4,0.0,6.8165,0.0,-779.4,0.0,6.8165,0.0,-779.4,0.0,6.8165,1.0,0.0,0.0,0.0,0.0
78,263.42,787.35,887.1,769.15,-18.2,0.0,6.8165,0.0,-787.35,0.0,6.8165,0.0,-787.35,0.0,6.8165,1.0,0.0,0.0,0.0,0.0
79,263.82,779.25,876.25,783.25,4.0,4.1237,1.3847,0.0,-779.25,0.0,6.8165,0.0,-779.25,0.0,6.8165,1.0,0.0,0.0,0.0,0.0
80,264.22,772.35,877.6,768.8,-3.55,0.0,6.8165,0.0,-772.35,0.0,6.8165,0.0,-772.35,0.0,6.8165,1.0,0.0,0.0,0.0,0.0
81,264.62,785.4,860.3,776.3,-9.1,0.0,6.8165,0.0,-785.4,0.0,6.8165,0.0,-785.4,0.0,6.8165,1.0,0.0,0.0,0.0,0.0
82,265.02,778.55,887.45,785.15,6.6,6.0606,1.2175,0.0,-778.55,0.0,6.8165,0.0,-778.55,0.0,6.8165,1.0,0.0,0.0,0.0,0.0
83,265.42,774.55,878.0,783.95,9.4,9.0865,1.0416,0.0,-774.55,0.0,6.8165,0.0,-774.55,0.0,6.8165,1.0,0.0,0.0,0.0,0.0
84,265.82,772.45,867.35,781.35,8.9,9.3783,1.0279,0.0,-772.45,0.0,6.8165,0.0,-772.45,0.0,6.8165,1.0,0.0,0.0,0.0,0.0
85,266.22,774.7,878.85,777.95,3.25,3.1205,1.5058,0.0,-774.7,0.0,6.8165,0.0,-774.7,0.0,6.8165,1.0,0.0,0.0,0.0,0.0
86,266.62,787.0,879.7,779.45,-7.55,0.0,6.8165,0.0,-787.0,0.0,6.8165,0.0,-787.0,0.0,6.8165,1.0,0.0,0.0,0.0,0.0
87,267.02,780.6,879.15,781.95,1.35,1.3699,1.8633,0.0,-780.6,0.0,6.8165,0.0,-780.6,0.0,6.8165,1.0,0.0,0.0,0.0,0.0
88,267.42,764.6,879.9,770.0,5.4,4.6834,1.3294,0.0,-764.6,0.0,6.8165,0.0,-764.6,0.0,6.8165,1.0,0.0,0.0,0.0,0.0
89,267.82,775.35,880.7,771.1,-4.25,0.0,6.8165,0.0,-775.35,0.0,6.8165,0.0,-775.35,0.0,6.8165,1.0,0.0,0.0,0.0,0.0
90,268.22,773.2,887.6,771.0,-2.2,0.0,6.8165,0.0,-773.2,0.0,6.8165,0.0,-773.2,0.0,6.8165,1.0,0.0,0.0,0.0,0.0
91,268.62,773.55,879.15,776.8,3.25,3.0777,1.5118,0.0,-773.55,0.0,6.8165,0.0,-773.55,0.0,6.8165,1.0,0.0,0.0,0.0,0.0
92,269.01,774.6,889.5,774.55,-0.05,0.0,6.8165,0.0,-774.6,0.0,6.8165,0.0,-774.6,0.0,6.8165,1.0,0.0,0.0,0.0,0.0
93,269.41,787.35,883.6,784.45,-2.9,0.0,6.8165,0.0,-787.35,0.0,6.8165,0.0,-787.35,0.0,6.8165,1.0,0.0,0.0,0.0,0.0
94,269.81,779.65,879.6,790.9,11.25,11.2556,0.9486,0.0,-779.65,0.0,6.8165,0.0,-779.65,0.0,6.8165,1.0,0.0,0.0,0.0,0.0
95,270.21,772.9,888.1,771.85,-1.05,0.0,6.8165,0.0,-772.9,0.0,6.8165,0.0,-772.9,0.0,6.8165,1.0,0.0,0.0,0.0,0.0
96,270.61,791.1,904.75,784.05,-7.05,0.0,6.8165,0.0,-791.1,0.0,6.8165,0.0,-791.1,0.0,6.8165,1.0,0.0,0.0,0.0,0.0
97,271.01,776.15,902.25,771.7,-4.45,0.0,6.8165,0.0,-776.15,0.0,6.8165,0.0,-776.15,0.0,6.8165,1.0,0.0,0.0,0.0,0.0
98,271.41,774.7,884.5,768.0,-6.7,0.0,6.8165,0.0,-774.7,0.0,6.8165,0.0,-774.7,0.0,6.8165,1.0,0.0,0.0,0.0,0.0
99,271.81,783.25,894.2,795.75,12.5,11.2663,0.9482,0.0,-783.25,0.0,6.8165,0.0,-783.25,0.0,6.8165,1.0,0.0,0.0,0.0,0.0
100,272.2,776.8,890.0,795.1,18.3,16.1661,0.7914,0.0,-776.8,0.0,6.8165,0.0,-776.8,0.0,6.8165,1.0,0.0,0.0,0.0,0.0
101,272.6,783.9,886.85,780.0,-3.9,0.0,6.8165,0.0,-783.9,0.0,6.8165,0.0,-783.9,0.0,6.8165,1.0,0.0,0.0,0.0,0.0
102,273.0,796.05,896.7,778.5,-17.55,0.0,6.8165,0.0,-796.05,0.0,6.8165,0.0,-796.05,0.0,6.8165,1.0,0.0,0.0,0.0,0.0
103,273.4,792.95,888.15,782.6,-10.35,0.0,6.8165,0.0,-792.95,0.0,6.8165,0.0,-792.95,0.0,6.8165,1.0,0.0,0.0,0.0,0.0
104,273.8,781.0,883.35,774.1,-6.9,0.0,6.8165,0.0,-781.0,0.0,6.8165,0.0,-781.0,0.0,6.8165,1.0,0.0,0.0,0.0,0.0
105,274.19,780.75,888.6,780.35,-0.4,0.0,6.8165,0.0,-780.75,0.0,6.8165,0.0,-780.75,0.0,6.8165,1.0,0.0,0.0,0.0,0.0
106,274.59,764.9,889.8,786.75,21.85,17.494,0.7571,0.0,-764.9,0.0,6.8165,0.0,-764.9,0.0,6.8165,1.0,0.0,0.0,0.0,0.0
107,274.99,773.4,892.1,788.4,15.0,12.6369,0.8984,0.0,-773.4,0.0,6.8165,0.0,-773.4,0.0,6.8165,1.0,0.0,0.0,0.0,0.0
108,275.39,778.9,872.1,772.45,-6.45,0.0,6.8165,0.0,-778.9,0.0,6.8165,0.0,-778.9,0.0,6.8165,1.0,0.0,0.0,0.0,0.0
109,275.78,774.2,885.9,777.4,3.2,2.8648,1.5429,0.0,-774.2,0.0,6.8165,0.0,-774.2,0.0,6.8165,1.0,0.0,0.0,0.0,0.0
110,276.18,773.35,886.9,787.3,13.95,12.2853,0.9106,0.0,-773.35,0.0,6.8165,0.0,-773.35,0.0,6.8165,1.0,0.0,0.0,0.0,0.0
111,276.58,779.55,888.4,780.75,1.2,1.1024,1.9576,0.0,-779.55,0.0,6.8165,0.0,-779.55,0.0,6.8165,1.0,0.0,0.0,0.0,0.0
112,276.98,774.75,882.7,791.45,16.7,15.4701,0.8105,0.0,-774.75,0.0,6.8165,0.0,-774.75,0.0,6.8165,1.0,0.0,0.0,0.0,0.0
113,277.37,783.45,876.8,789.6,6.15,6.5881,1.1812,0.0,-783.45,0.0,6.8165,0.0,-783.45,0.0,6.8165,1.0,0.0,0.0,0.0,0.0
114,277.77,784.3,895.45,792.75,8.45,7.6023,1.1191,0.0,-784.3,0.0,6.8165,0.0,-784.3,0.0,6.8165,1.0,0.0,0.0,0.0,0.0
115,278.17,777.8,899.15,776.7,-1.1,0.0,6.8165,0.0,-777.8,0.0,6.8165,0.0,-777.8,0.0,6.8165,1.0,0.0,0.0,0.0,0.0
116,278.56,774.05,883.6,785.95,11.9,10.8626,0.9641,0.0,-774.05,0.0,6.8165,0.0,-774.05,0.0,6.8165,1.0,0.0,0.0,0.0,0.0
117,278.96,783.15,901.65,775.95,-7.2,0.0,6.8165,0.0,-783.15,0.0,6.8165,0.0,-783.15,0.0,6.8165,1.0,0.0,0.0,0.0,0.0
118,279.36,776.85,892.4,790.1,13.25,11.4669,0.9406,0.0,-776.85,0.0,6.8165,0.0,-776.85,0.0,6.8165,1.0,0.0,0.0,0.0,0.0
119,279.75,776.25,892.15,792.6,16.35,14.107,0.8506,0.0,-776.25,0.0,6.8165,0.0,-776.25,0.0,6.8165,1.0,0.0,0.0,0.0,0.0
120,280.15,774.7,916.55,772.05,-2.65,0.0,6.8165,0.0,-774.7,0.0,6.8165,0.0,-774.7,0.0,6.8165,1.0,0.0,0.0,0.0,0.0
121,280.55,777.5,905.9,791.3,13.8,10.7477,0.9687,0.0,-777.5,0.0,6.8165,0.0,-777.5,0.0,6.8165,1.0,0.0,0.0,0.0,0.0
122,280.94,785.25,899.3,795.25,10.0,8.7681,1.0571,0.0,-785.25,0.0,6.8165,0.0,-785.25,0.0,6.8165,1.0,0.0,0.0,0.0,0.0
123,281.34,789.65,896.25,781.45,-8.2,0.0,6.8165,0.0,-789.65,0.0,6.8165,0.0,-789.65,0.0,6.8165,1.0,0.0,0.0,0.0,0.0
124,281.73,796.2,891.9,783.7,-12.5,0.0,6.8165,0.0,-796.2,0.0,6.8165,0.0,-796.2,0.0,6.8165,1.0,0.0,0.0,0.0,0.0
125,282.13,803.75,904.35,785.0,-18.75,0.0,6.8165,0.0,-803.75,0.0,6.8165,0.0,-803.75,0.0,6.8165,1.0,0.0,0.0,0.0,0.0
126,282.53,789.6,900.5,796.45,6.85,6.1767,1.2092,0.0,-789.6,0.0,6.8165,0.0,-789.6,0.0,6.8165,1.0,0.0,0.0,0.0,0.0
127,282.92,778.2,903.35,789.7,11.5,9.189,1.0367,0.0,-778.2,0.0,6.8165,0.0,-778.2,0.0,6.8165,1.0,0.0,0.0,0.0,0.0
128,283.32,783.25,898.9,771.35,-11.9,0.0,6.8165,0.0,-783.25,0.0,6.8165,0.0,-783.25,0.0,6.8165,1.0,0.0,0.0,0.0,0.0
129,283.71,794.2,897.45,778.3,-15.9,0.0,6.8165,0.0,-794.2,0.0,6.8165,0.0,-794.2,0.0,6.8165,1.0,0.0,0.0,0.0,0.0
130,284.11,788.35,906.6,779.6,-8.75,0.0,6.8165,0.0,-788.35,0.0,6.8165,0.0,-788.35,0.0,6.8165,1.0,0.0,0.0,0.0,0.0
131,284.5,773.95,902.6,773.6,-0.35,0.0,6.8165,0.0,-773.95,0.0,6.8165,0.0,-773.95,0.0,6.8165,1.0,0.0,0.0,0.0,0.0
132,284.9,787.8,919.05,780.45,-7.35,0.0,6.8165,0.0,-787.8,0.0,6.8165,0.0,-787.8,0.0,6.8165,1.0,0.0,0.0,0.0,0.0
133,285.3,776.45,919.7,783.35,6.9,4.8168,1.3172,0.0,-776.45,0.0,6.8165,0.0,-776.45,0.0,6.8165,1.0,0.0,0.0,0.0,0.0
134,285.69,771.65,918.45,786.75,15.1,10.2861,0.9877,0.0,-771.65,0.0,6.8165,0.0,-771.65,0.0,6.8165,1.0,0.0,0.0,0.0,0.0
135,286.09,786.85,902.25,784.75,-2.1,0.0,6.8165,0.0,-786.85,0.0,6.8165,0.0,-786.85,0.0,6.8165,1.0,0.0,0.0,0.0,0.0
136,286.48,779.2,893.3,785.65,6.45,5.6529,1.2477,0.0,-779.2,0.0,6.8165,0.0,-779.2,0.0,6.8165,1.0,0.0,0.0,0.0,0.0
137,286.88,773.0,917.4,786.4,13.4,9.2798,1.0325,0.0,-773.0,0.0,6.8165,0.0,-773.0,0.0,6.8165,1.0,0.0,0.0,0.0,0.0
138,287.27,765.7,918.55,770.8,5.1,3.3366,1.4767,0.0,-765.7,0.0,6.8165,0.0,-765.7,0.0,6.8165,1.0,0.0,0.0,0.0,0.0
139,287.67,782.45,923.1,786.0,3.55,2.524,1.5979,0.0,-782.45,0.0,6.8165,0.0,-782.45,0.0,6.8165,1.0,0.0,0.0,0.0,0.0
140,288.06,781.9,907.1,775.1,-6.8,0.0,6.8165,0.0,-781.9,0.0,6.8165,0.0,-781.9,0.0,6.8165,1.0,0.0,0.0,0.0,0.0
141,288.46,775.75,912.55,781.45,5.7,4.1667,1.3802,0.0,-775.75,0.0,6.8165,0.0,-775.75,0.0,6.8165,1.0,0.0,0.0,0.0,0.0
142,288.85,773.35,908.9,768.15,-5.2,0.0,6.8165,0.0,-773.35,0.0,6.8165,0.0,-773.35,0.0,6.8165,1.0,0.0,0.0,0.0,0.0
143,289.24,772.0,917.35,783.9,11.9,8.1871,1.0869,0.0,-772.0,0.0,6.8165,0.0,-772.0,0.0,6.8165,1.0,0.0,0.0,0.0,0.0
144,289.64,763.8,901.2,780.95,17.15,12.4818,0.9037,0.0,-763.8,0.0,6.8165,0.0,-763.8,0.0,6.8165,1.0,0.0,0.0,0.0,0.0
145,290.03,764.1,920.95,793.85,29.75,18.9672,0.722,0.0,-764.1,0.0,6.8165,0.0,-764.1,0.0,6.8165,1.0,0.0,0.0,0.0,0.0
146,290.43,782.35,926.35,786.95,4.6,3.1944,1.4956,0.0,-782.35,0.0,6.8165,0.0,-782.35,0.0,6.8165,1.0,0.0,0.0,0.0,0.0
147,290.82,777.5,915.8,779.1,1.6,1.1569,1.9367,0.0,-777.5,0.0,6.8165,0.0,-777.5,0.0,6.8165,1.0,0.0,0.0,0.0,0.0
148,291.21,772.25,920.4,775.5,3.25,2.1937,1.6588,0.0,-772.25,0.0,6.8165,0.0,-772.25,0.0,6.8165,1.0,0.0,0.0,0.0,0.0
149,291.61,771.85,912.1,787.7,15.85,11.3012,0.9469,0.0,-771.85,0.0,6.8165,0.0,-771.85,0.0,6.8165,1.0,0.0,0.0,0.0,0.0
150,292.0,788.5,949.05,786.25,-2.25,0.0,6.8165,0.0,-788.5,0.0,6.8165,0.0,-788.5,0.0,6.8165,1.0,0.0,0.0,0.0,0.0
151,292.4,773.65,927.5,782.35,8.7,5.6549,1.2476,0.0,-773.65,0.0,6.8165,0.0,-773.65,0.0,6.8165,1.0,0.0,0.0,0.0,0.0
152,292.79,779.1,929.4,771.1,-8.0,0.0,6.8165,0.0,-779.1,0.0,6.8165,0.0,-779.1,0.0,6.8165,1.0,0.0,0.0,0.0,0.0
153,293.18,780.9,933.4,776.35,-4.55,0.0,6.8165,0.0,-780.9,0.0,6.8165,0.0,-780.9,0.0,6.8165,1.0,0.0,0.0,0.0,0.0
154,293.58,776.05,931.1,775.75,-0.3,0.0,6.8165,0.0,-776.05,0.0,6.8165,0.0,-776.05,0.0,6.8165,1.0,0.0,0.0,0.0,0.0
155,293.97,785.35,923.55,789.25,3.9,2.822,1.5494,0.0,-785.35,0.0,6.8165,0.0,-785.35,0.0,6.8165,1.0,0.0,0.0,0.0,0.0
156,294.36,779.85,936.9,784.45,4.6,2.929,1.5333,0.0,-779.85,0.0,6.8165,0.0,-779.85,0.0,6.8165,1.0,0.0,0.0,0.0,0.0
157,294.76,787.1,939.85,766.9,-20.2,0.0,6.8165,0.0,-787.1,0.0,6.8165,0.0,-787.1,0.0,6.8165,1.0,0.0,0.0,0.0,0.0
158,295.15,778.2,952.35,779.5,1.3,0.7465,2.127,0.0,-778.2,0.0,6.8165,0.0,-778.2,0.0,6.8165,1.0,0.0,0.0,0.0,0.0
159,295.54,785.6,928.2,780.55,-5.05,0.0,6.8165,0.0,-785.6,0.0,6.8165,0.0,-785.6,0.0,6.8165,1.0,0.0,0.0,0.0,0.0
160,295.94,787.8,929.15,785.1,-2.7,0.0,6.8165,0.0,-787.8,0.0,6.8165,0.0,-787.8,0.0,6.8165,1.0,0.0,0.0,0.0,0.0
161,296.33,772.5,935.2,789.2,16.7,10.2643,0.9887,0.0,-772.5,0.0,6.8165,0.0,-772.5,0.0,6.8165,1.0,0.0,0.0,0.0,0.0
162,296.72,770.15,932.9,775.45,5.3,3.2565,1.4872,0.0,-770.15,0.0,6.8165,0.0,-770.15,0.0,6.8165,1.0,0.0,0.0,0.0,0.0
163,297.11,765.15,934.05,784.65,19.5,11.5453,0.9376,0.0,-765.15,0.0,6.8165,0.0,-765.15,0.0,6.8165,1.0,0.0,0.0,0.0,0.0
164,297.51,775.3,924.1,777.2,1.9,1.2769,1.8938,0.0,-775.3,0.0,6.8165,0.0,-775.3,0.0,6.8165,1.0,0.0,0.0,0.0,0.0
165,297.9,773.95,920.35,785.05,11.1,7.582,1.1202,0.0,-773.95,0.0,6.8165,0.0,-773.95,0.0,6.8165,1.0,0.0,0.0,0.0,0.0
166,298.29,762.5,931.9,793.55,31.05,18.3294,0.7369,0.0,-762.5,0.0,6.8165,0.0,-762.5,0.0,6.8165,1.0,0.0,0.0,0.0,0.0
167,298.68,768.85,929.6,800.6,31.75,19.7512,0.7044,0.0,-768.85,0.0,6.8165,0.0,-768.85,0.0,6.8165,1.0,0.0,0.0,0.0,0.0
168,299.08,770.7,930.05,787.2,16.5,10.3546,0.9849,0.0,-770.7,0.0,6.8165,0.0,-770.7,0.0,6.8165,1.0,0.0,0.0,0.0,0.0
169,299.47,768.7,931.0,773.45,4.75,2.9267,1.5336,0.0,-768.7,0.0,6.8165,0.0,-768.7,0.0,6.8165,1.0,0.0,0.0,0.0,0.0
170,299.86,782.7,937.55,774.4,-8.3,0.0,6.8165,0.0,-782.7,0.0,6.8165,0.0,-782.7,0.0,6.8165,1.0,0.0,0.0,0.0,0.0
171,300.25,770.85,945.2,774.1,3.25,1.8641,1.7295,0.0,-770.85,0.0,6.8165,0.0,-770.85,0.0,6.8165,1.0,0.0,0.0,0.0,0.0
172,300.64,755.8,941.65,781.15,25.35,13.64,0.8652,0.0,-755.8,0.0,6.8165,0.0,-755.8,0.0,6.8165,1.0,0.0,0.0,0.0,0.0
173,301.04,773.5,947.85,785.5,12.0,6.8827,1.1622,0.0,-773.5,0.0,6.8165,0.0,-773.5,0.0,6.8165,1.0,0.0,0.0,0.0,0.0
174,301.43,787.55,956.05,775.2,-12.35,0.0,6.8165,0.0,-787.55,0.0,6.8165,0.0,-787.55,0.0,6.8165,1.0,0.0,0.0,0.0,0.0
175,301.82,789.05,952.55,771.75,-17.3,0.0,6.8165,0.0,-789.05,0.0,6.8165,0.0,-789.05,0.0,6.8165,1.0,0.0,0.0,0.0,0.0
176,302.21,786.6,928.6,771.55,-15.05,0.0,6.8165,0.0,-786.6,0.0,6.8165,0.0,-786.6,0.0,6.8165,1.0,0.0,0.0,0.0,0.0
177,302.6,785.15,935.75,780.8,-4.35,0.0,6.8165,0.0,-785.15,0.0,6.8165,0.0,-785.15,0.0,6.8165,1.0,0.0,0.0,0.0,0.0
178,302.99,775.2,925.5,781.55,6.35,4.2249,1.3742,0.0,-775.2,0.0,6.8165,0.0,-775.2,0.0,6.8165,1.0,0.0,0.0,0.0,0.0
179,303.38,786.2,958.35,791.4,5.2,3.0206,1.5199,0.0,-786.2,0.0,6.8165,0.0,-786.2,0.0,6.8165,1.0,0.0,0.0,0.0,0.0
180,303.78,781.05,942.5,791.1,10.05,6.2248,1.2059,0.0,-781.05,0.0,6.8165,0.0,-781.05,0.0,6.8165,1.0,0.0,0.0,0.0,0.0
181,304.17,786.95,947.4,777.7,-9.25,0.0,6.8165,0.0,-786.95,0.0,6.8165,0.0,-786.95,0.0,6.8165,1.0,0.0,0.0,0.0,0.0
182,304.56,769.55,933.1,773.4,3.85,2.354,1.6282,0.0,-769.55,0.0,6.8165,0.0,-769.55,0.0,6.8165,1.0,0.0,0.0,0.0,0.0
183,304.95,779.15,955.2,796.55,17.4,9.8836,1.0051,0.0,-779.15,0.0,6.8165,0.0,-779.15,0.0,6.8165,1.0,0.0,0.0,0.0,0.0
184,305.34,784.8,935.2,790.55,5.75,3.8231,1.4176,0.0,-784.8,0.0,6.8165,0.0,-784.8,0.0,6.8165,1.0,0.0,0.0,0.0,0.0
185,305.73,773.35,942.1,792.1,18.75,11.1111,0.9542,0.0,-773.35,0.0,6.8165,0.0,-773.35,0.0,6.8165,1.0,0.0,0.0,0.0,0.0
186,306.12,787.65,947.5,783.65,-4.0,0.0,6.8165,0.0,-787.65,0.0,6.8165,0.0,-787.65,0.0,6.8165,1.0,0.0,0.0,0.0,0.0
187,306.51,786.3,950.55,783.75,-2.55,0.0,6.8165,0.0,-786.3,0.0,6.8165,0.0,-786.3,0.0,6.8165,1.0,0.0,0.0,0.0,0.0
188,306.9,783.15,939.65,776.45,-6.7,0.0,6.8165,0.0,-783.15,0.0,6.8165,0.0,-783.15,0.0,6.8165,1.0,0.0,0.0,0.0,0.0
189,307.29,778.85,940.5,785.75,6.9,4.2685,1.3697,0.0,-778.85,0.0,6.8165,0.0,-778.85,0.0,6.8165,1.0,0.0,0.0,0.0,0.0
190,307.68,775.95,941.3,773.6,-2.35,0.0,6.8165,0.0,-775.95,0.0,6.8165,0.0,-775.95,0.0,6.8165,1.0,0.0,0.0,0.0,0.0
191,308.07,789.3,944.8,776.05,-13.25,0.0,6.8165,0.0,-789.3,0.0,6.8165,0.0,-789.3,0.0,6.8165,1.0,0.0,0.0,0.0,0.0
192,308.46,784.55,951.4,786.7,2.15,1.2886,1.8899,0.0,-784.55,0.0,6.8165,0.0,-784.55,0.0,6.8165,1.0,0.0,0.0,0.0,0.0
193,308.85,779.4,943.1,773.85,-5.55,0.0,6.8165,0.0,-779.4,0.0,6.8165,0.0,-779.4,0.0,6.8165,1.0,0.0,0.0,0.0,0.0
194,309.24,780.7,952.75,780.05,-0.65,0.0,6.8165,0.0,-780.7,0.0,6.8165,0.0,-780.7,0.0,6.8165,1.0,0.0,0.0,0.0,0.0
195,309.63,786.5,933.35,787.4,0.9,0.6129,2.2126,0.0,-786.5,0.0,6.8165,0.0,-786.5,0.0,6.8165,1.0,0.0,0.0,0.0,0.0
196,310.02,776.45,951.0,791.2,14.75,8.4503,1.0731,0.0,-776.45,0.0,6.8165,0.0,-776.45,0.0,6.8165,1.0,0.0,0.0,0.0,0.0
197,310.41,780.0,955.15,778.7,-1.3,0.0,6.8165,0.0,-780.0,0.0,6.8165,0.0,-780.0,0.0,6.8165,1.0,0.0,0.0,0.0,0.0
198,310.8,776.85,956.8,769.4,-7.45,0.0,6.8165,0.0,-776.85,0.0,6.8165,0.0,-776.85,0.0,6.8165,1.0,0.0,0.0,0.0,0.0
199,311.19,766.85,956.4,785.05,18.2,9.6017,1.0177,0.0,-766.85,0.0,6.8165,0.0,-766.85,0.0,6.8165,1.0,0.0,0.0,0.0,0.0
200,311.58,772.75,950.95,787.5,14.75,8.2772,1.0821,0.0,-772.75,0.0,6.8165,0.0,-772.75,0.0,6.8165,1.0,0.0,0.0,0.0,0.0
201,311.97,776.55,953.35,787.75,11.2,6.3348,1.1983,0.0,-776.55,0.0,6.8165,0.0,-776.55,0.0,6.8165,1.0,0.0,0.0,0.0,0.0
202,312.36,766.8,966.55,785.5,18.7,9.3617,1.0286,0.0,-766.8,0.0,6.8165,0.0,-766.8,0.0,6.8165,1.0,0.0,0.0,0.0,0.0
203,312.75,778.2,962.4,769.15,-9.05,0.0,6.8165,0.0,-778.2,0.0,6.8165,0.0,-778.2,0.0,6.8165,1.0,0.0,0.0,0.0,0.0
204,313.14,773.6,956.05,790.4,16.8,9.208,1.0358,0.0,-773.6,0.0,6.8165,0.0,-773.6,0.0,6.8165,1.0,0.0,0.0,0.0,0.0
205,313.53,777.85,951.15,779.65,1.8,1.0387,1.9835,0.0,-777.85,0.0,6.8165,0.0,-777.85,0.0,6.8165,1.0,0.0,0.0,0.0,0.0
206,313.91,763.85,948.9,785.35,21.5,11.6185,0.9349,0.0,-763.85,0.0,6.8165,0.0,-763.85,0.0,6.8165,1.0,0.0,0.0,0.0,0.0
207,314.3,777.75,950.6,801.7,23.95,13.8559,0.8584,0.0,-777.75,0.0,6.8165,0.0,-777.75,0.0,6.8165,1.0,0.0,0.0,0.0,0.0
208,314.69,783.95,959.5,792.9,8.95,5.0983,1.2926,0.0,-783.95,0.0,6.8165,0.0,-783.95,0.0,6.8165,1.0,0.0,0.0,0.0,0.0
209,315.08,794.3,951.55,792.05,-2.25,0.0,6.8165,0.0,-794.3,0.0,6.8165,0.0,-794.3,0.0,6.8165,1.0,0.0,0.0,0.0,0.0
210,315.47,782.35,945.2,786.15,3.8,2.3334,1.632,0.0,-782.35,0.0,6.8165,0.0,-782.35,0.0,6.8165,1.0,0.0,0.0,0.0,0.0
211,315.86,790.0,966.0,795.3,5.3,3.0114,1.5212,0.0,-790.0,0.0,6.8165,0.0,-790.0,0.0,6.8165,1.0,0.0,0.0,0.0,0.0
212,316.25,777.8,953.2,779.15,1.35,0.7697,2.1137,0.0,-777.8,0.0,6.8165,0.0,-777.8,0.0,6.8165,1.0,0.0,0.0,0.0,0.0
213,316.63,786.9,965.55,784.0,-2.9,0.0,6.8165,0.0,-786.9,0.0,6.8165,0.0,-786.9,0.0,6.8165,1.0,0.0,0.0,0.0,0.0
214,317.02,782.05,950.55,778.55,-3.5,0.0,6.8165,0.0,-782.05,0.0,6.8165,0.0,-782.05,0.0,6.8165,1.0,0.0,0.0,0.0,0.0
215,317.41,785.15,966.0,781.75,-3.4,0.0,6.8165,0.0,-785.15,0.0,6.8165,0.0,-785.15,0.0,6.8165,1.0,0.0,0.0,0.0,0.0
216,317.8,776.1,955.0,782.5,6.4,3.5774,1.4464,0.0,-776.1,0.0,6.8165,0.0,-776.1,0.0,6.8165,1.0,0.0,0.0,0.0,0.0
217,318.19,780.85,958.2,792.7,11.85,6.6817,1.1751,0.0,-780.85,0.0,6.8165,0.0,-780.85,0.0,6.8165,1.0,0.0,0.0,0.0,0.0
218,318.57,753.95,963.55,791.0,37.05,17.6765,0.7526,0.0,-753.95,0.0,6.8165,0.0,-753.95,0.0,6.8165,1.0,0.0,0.0,0.0,0.0
219,318.96,778.4,957.55,785.55,7.15,3.9911,1.3989,0.0,-778.4,0.0,6.8165,0.0,-778.4,0.0,6.8165,1.0,0.0,0.0,0.0,0.0
220,319.35,778.3,965.5,796.4,18.1,9.6688,1.0146,0.0,-778.3,0.0,6.8165,0.0,-778.3,0.0,6.8165,1.0,0.0,0.0,0.0,0.0
221,319.74,779.8,970.9,769.7,-10.1,0.0,6.8165,0.0,-779.8,0.0,6.8165,0.0,-779.8,0.0,6.8165,1.0,0.0,0.0,0.0,0.0
222,320.12,757.45,966.25,779.8,22.35,10.704,0.9705,0.0,-757.45,0.0,6.8165,0.0,-757.45,0.0,6.8165,1.0,0.0,0.0,0.0,0.0
223,320.51,765.45,959.5,784.25,18.8,9.6882,1.0138,0.0,-765.45,0.0,6.8165,0.0,-765.45,0.0,6.8165,1.0,0.0,0.0,0.0,0.0
224,320.9,781.85,952.75,785.65,3.8,2.2235,1.653,0.0,-781.85,0.0,6.8165,0.0,-781.85,0.0,6.8165,1.0,0.0,0.0,0.0,0.0
225,321.28,773.2,966.9,782.7,9.5,4.9045,1.3094,0.0,-773.2,0.0,6.8165,0.0,-773.2,0.0,6.8165,1.0,0.0,0.0,0.0,0.0
226,321.67,773.55,962.95,787.2,13.65,7.207,1.1422,0.0,-773.55,0.0,6.8165,0.0,-773.55,0.0,6.8165,1.0,0.0,0.0,0.0,0.0
227,322.06,773.9,958.25,786.05,12.15,6.5907,1.1811,0.0,-773.9,0.0,6.8165,0.0,-773.9,0.0,6.8165,1.0,0.0,0.0,0.0,0.0
228,322.45,775.7,962.9,785.15,9.45,5.0481,1.2969,0.0,-775.7,0.0,6.8165,0.0,-775.7,0.0,6.8165,1.0,0.0,0.0,0.0,0.0
229,322.83,768.45,982.75,777.2,8.75,4.0831,1.389,0.0,-768.45,0.0,6.8165,0.0,-768.45,0.0,6.8165,1.0,0.0,0.0,0.0,0.0
230,323.22,772.65,968.7,796.4,23.75,12.1143,0.9167,0.0,-772.65,0.0,6.8165,0.0,-772.65,0.0,6.8165,1.0,0.0,0.0,0.0,0.0
231,323.61,770.4,964.9,802.9,32.5,16.7095,0.777,0.0,-770.4,0.0,6.8165,0.0,-770.4,0.0,6.8165,1.0,0.0,0.0,0.0,0.0
232,323.99,775.3,976.7,778.25,2.95,1.4647,1.8342,0.0,-775.3,0.0,6.8165,0.0,-775.3,0.0,6.8165,1.0,0.0,0.0,0.0,0.0
233,324.38,785.65,971.2,777.2,-8.45,0.0,6.8165,0.0,-785.65,0.0,6.8165,0.0,-785.65,0.0,6.8165,1.0,0.0,0.0,0.0,0.0
234,324.77,780.65,962.7,791.5,10.85,5.9599,1.2248,0.0,-780.65,0.0,6.8165,0.0,-780.65,0.0,6.8165,1.0,0.0,0.0,0.0,0.0
235,325.15,762.85,979.75,786.6,23.75,10.9497,0.9606,0.0,-762.85,0.0,6.8165,0.0,-762.85,0.0,6.8165,1.0,0.0,0.0,0.0,0.0
236,325.54,783.85,986.2,779.85,-4.0,0.0,6.8165,0.0,-783.85,0.0,6.8165,0.0,-783.85,0.0,6.8165,1.0,0.0,0.0,0.0,0.0
237,325.92,784.25,964.5,780.55,-3.7,0.0,6.8165,0.0,-784.25,0.0,6.8165,0.0,-784.25,0.0,6.8165,1.0,0.0,0.0,0.0,0.0
238,326.31,780.75,963.75,770.5,-10.25,0.0,6.8165,0.0,-780.75,0.0,6.8165,0.0,-780.75,0.0,6.8165,1.0,0.0,0.0,0.0,0.0
239,326.7,780.65,969.35,783.3,2.65,1.4043,1.8525,0.0,-780.65,0.0,6.8165,0.0,-780.65,0.0,6.8165,1.0,0.0,0.0,0.0,0.0
240,327.08,784.8,981.0,789.65,4.85,2.472,1.607,0.0,-784.8,0.0,6.8165,0.0,-784.8,0.0,6.8165,1.0,0.0,0.0,0.0,0.0
241,327.47,774.85,967.45,794.1,19.25,9.9948,1.0002,0.0,-774.85,0.0,6.8165,0.0,-774.85,0.0,6.8165,1.0,0.0,0.0,0.0,0.0
242,327.85,775.1,974.35,783.15,8.05,4.0402,1.3936,0.0,-775.1,0.0,6.8165,0.0,-775.1,0.0,6.8165,1.0,0.0,0.0,0.0,0.0
243,328.24,771.7,978.1,776.55,4.85,2.3498,1.629,0.0,-771.7,0.0,6.8165,0.0,-771.7,0.0,6.8165,1.0,0.0,0.0,0.0,0.0
244,328.62,790.0,971.35,790.9,0.9,0.4963,2.3043,0.0,-790.0,0.0,6.8165,0.0,-790.0,0.0,6.8165,1.0,0.0,0.0,0.0,0.0
245,329.01,783.3,976.55,778.5,-4.8,0.0,6.8165,0.0,-783.3,0.0,6.8165,0.0,-783.3,0.0,6.8165,1.0,0.0,0.0,0.0,0.0
246,329.39,773.75,991.75,786.7,12.95,5.9404,1.2262,0.0,-773.75,0.0,6.8165,0.0,-773.75,0.0,6.8165,1.0,0.0,0.0,0.0,0.0
247,329.78,774.75,981.5,793.75,19.0,9.1898,1.0367,0.0,-774.75,0.0,6.8165,0.0,-774.75,0.0,6.8165,1.0,0.0,0.0,0.0,0.0
248,330.16,774.5,975.8,784.25,9.75,4.8435,1.3148,0.0,-774.5,0.0,6.8165,0.0,-774.5,0.0,6.8165,1.0,0.0,0.0,0.0,0.0
249,330.55,779.6,979.2,785.75,6.15,3.0812,1.5113,0.0,-779.6,0.0,6.8165,0.0,-779.6,0.0,6.8165,1.0,0.0,0.0,0.0,0.0
250,330.93,775.35,996.4,777.2,1.85,0.8369,2.0773,0.0,-775.35,0.0,6.8165,0.0,-775.35,0.0,6.8165,1.0,0.0,0.0,0.0,0.0
251,331.32,783.6,985.05,793.8,10.2,5.0633,1.2956,0.0,-783.6,0.0,6.8165,0.0,-783.6,0.0,6.8165,1.0,0.0,0.0,0.0,0.0
252,331.7,758.5,984.55,778.0,19.5,8.6264,1.0642,0.0,-758.5,0.0,6.8165,0.0,-758.5,0.0,6.8165,1.0,0.0,0.0,0.0,0.0
253,332.09,775.6,996.35,785.5,9.9,4.4847,1.3483,0.0,-775.6,0.0,6.8165,0.0,-775.6,0.0,6.8165,1.0,0.0,0.0,0.0,0.0
254,332.47,777.65,999.45,772.5,-5.15,0.0,6.8165,0.0,-777.65,0.0,6.8165,0.0,-777.65,0.0,6.8165,1.0,0.0,0.0,0.0,0.0
255,332.86,782.35,985.0,787.9,5.55,2.7387,1.5625,0.0,-782.35,0.0,6.8165,0.0,-782.35,0.0,6.8165,1.0,0.0,0.0,0.0,0.0
256,333.24,773.6,977.05,769.5,-4.1,0.0,6.8165,0.0,-773.6,0.0,6.8165,0.0,-773.6,0.0,6.8165,1.0,0.0,0.0,0.0,0.0
257,333.63,783.7,988.15,787.5,3.8,1.8586,1.7308,0.0,-783.7,0.0,6.8165,0.0,-783.7,0.0,6.8165,1.0,0.0,0.0,0.0,0.0
258,334.01,778.25,978.15,785.5,7.25,3.6268,1.4405,0.0,-778.25,0.0,6.8165,0.0,-778.25,0.0,6.8165,1.0,0.0,0.0,0.0,0.0
259,334.39,771.4,986.15,786.0,14.6,6.7986,1.1676,0.0,-771.4,0.0,6.8165,0.0,-771.4,0.0,6.8165,1.0,0.0,0.0,0.0,0.0
260,334.78,772.8,985.75,782.25,9.45,4.4377,1.3528,0.0,-772.8,0.0,6.8165,0.0,-772.8,0.0,6.8165,1.0,0.0,0.0,0.0,0.0
261,335.16,773.2,980.6,791.2,18.0,8.6789,1.0615,0.0,-773.2,0.0,6.8165,0.0,-773.2,0.0,6.8165,1.0,0.0,0.0,0.0,0.0
262,335.55,785.8,990.65,791.65,5.85,2.8557,1.5443,0.0,-785.8,0.0,6.8165,0.0,-785.8,0.0,6.8165,1.0,0.0,0.0,0.0,0.0
263,335.93,789.1,982.5,790.25,1.15,0.5946,2.2258,0.0,-789.1,0.0,6.8165,0.0,-789.1,0.0,6.8165,1.0,0.0,0.0,0.0,0.0
264,336.31,778.2,987.7,793.85,15.65,7.4702,1.1267,0.0,-778.2,0.0,6.8165,0.0,-778.2,0.0,6.8165,1.0,0.0,0.0,0.0,0.0
265,336.7,783.55,983.25,794.15,10.6,5.308,1.2751,0.0,-783.55,0.0,6.8165,0.0,-783.55,0.0,6.8165,1.0,0.0,0.0,0.0,0.0
266,337.08,794.8,998.4,790.75,-4.05,0.0,6.8165,0.0,-794.8,0.0,6.8165,0.0,-794.8,0.0,6.8165,1.0,0.0,0.0,0.0,0.0
267,337.46,788.9,998.1,782.5,-6.4,0.0,6.8165,0.0,-788.9,0.0,6.8165,0.0,-788.9,0.0,6.8165,1.0,0.0,0.0,0.0,0.0
268,337.85,775.9,989.5,797.3,21.4,10.0187,0.9992,0.0,-775.9,0.0,6.8165,0.0,-775.9,0.0,6.8165,1.0,0.0,0.0,0.0,0.0
269,338.23,787.75,991.7,795.15,7.4,3.6283,1.4403,0.0,-787.75,0.0,6.8165,0.0,-787.75,0.0,6.8165,1.0,0.0,0.0,0.0,0.0
270,338.61,767.7,1007.0,787.25,19.55,8.1697,1.0878,0.0,-767.7,0.0,6.8165,0.0,-767.7,0.0,6.8165,1.0,0.0,0.0,0.0,0.0
271,339.0,792.65,993.1,778.1,-14.55,0.0,6.8165,0.0,-792.65,0.0,6.8165,0.0,-792.65,0.0,6.8165,1.0,0.0,0.0,0.0,0.0
272,339.38,788.6,997.6,769.15,-19.45,0.0,6.8165,0.0,-788.6,0.0,6.8165,0.0,-788.6,0.0,6.8165,1.0,0.0,0.0,0.0,0.0
273,339.76,776.55,992.5,793.25,16.7,7.7333,1.1116,0.0,-776.55,0.0,6.8165,0.0,-776.55,0.0,6.8165,1.0,0.0,0.0,0.0,0.0
274,340.14,773.15,1004.25,794.75,21.6,9.3466,1.0293,0.0,-773.15,0.0,6.8165,0.0,-773.15,0.0,6.8165,1.0,0.0,0.0,0.0,0.0
275,340.53,773.7,1002.85,787.85,14.15,6.175,1.2094,0.0,-773.7,0.0,6.8165,0.0,-773.7,0.0,6.8165,1.0,0.0,0.0,0.0,0.0
276,340.91,795.55,995.9,780.4,-15.15,0.0,6.8165,0.0,-795.55,0.0,6.8165,0.0,-795.55,0.0,6.8165,1.0,0.0,0.0,0.0,0.0
277,341.29,774.65,985.5,781.3,6.65,3.1539,1.5012,0.0,-774.65,0.0,6.8165,0.0,-774.65,0.0,6.8165,1.0,0.0,0.0,0.0,0.0
278,341.67,793.05,979.8,784.3,-8.75,0.0,6.8165,0.0,-793.05,0.0,6.8165,0.0,-793.05,0.0,6.8165,1.0,0.0,0.0,0.0,0.0
279,342.06,776.2,992.35,790.45,14.25,6.5926,1.1809,0.0,-776.2,0.0,6.8165,0.0,-776.2,0.0,6.8165,1.0,0.0,0.0,0.0,0.0
280,342.44,782.7,997.35,783.1,0.4,0.1863,2.7297,0.0,-782.7,0.0,6.8165,0.0,-782.7,0.0,6.8165,1.0,0.0,0.0,0.0,0.0
281,342.82,774.75,1001.05,778.6,3.85,1.7013,1.7692,0.0,-774.75,0.0,6.8165,0.0,-774.75,0.0,6.8165,1.0,0.0,0.0,0.0,0.0
282,343.2,785.1,1001.4,784.3,-0.8,0.0,6.8165,0.0,-785.1,0.0,6.8165,0.0,-785.1,0.0,6.8165,1.0,0.0,0.0,0.0,0.0
283,343.59,774.9,1002.65,789.4,14.5,6.3666,1.1961,0.0,-774.9,0.0,6.8165,0.0,-774.9,0.0,6.8165,1.0,0.0,0.0,0.0,0.0
284,343.97,776.45,992.45,777.65,1.2,0.5556,2.2553,0.0,-776.45,0.0,6.8165,0.0,-776.45,0.0,6.8165,1.0,0.0,0.0,0.0,0.0
285,344.35,779.45,996.65,795.1,15.65,7.2053,1.1423,0.0,-779.45,0.0,6.8165,0.0,-779.45,0.0,6.8165,1.0,0.0,0.0,0.0,0.0
286,344.73,776.45,997.5,786.0,9.55,4.3203,1.3645,0.0,-776.45,0.0,6.8165,0.0,-776.45,0.0,6.8165,1.0,0.0,0.0,0.0,0.0
287,345.11,773.45,1006.2,804.85,31.4,13.4909,0.87,0.0,-773.45,0.0,6.8165,0.0,-773.45,0.0,6.8165,1.0,0.0,0.0,0.0,0.0
288,345.49,786.45,996.45,795.95,9.5,4.5238,1.3445,0.0,-786.45,0.0,6.8165,0.0,-786.45,0.0,6.8165,1.0,0.0,0.0,0.0,0.0
289,345.88,778.55,986.0,791.45,12.9,6.2184,1.2063,0.0,-778.55,0.0,6.8165,0.0,-778.55,0.0,6.8165,1.0,0.0,0.0,0.0,0.0
290,346.26,780.65,1010.8,779.95,-0.7,0.0,6.8165,0.0,-780.65,0.0,6.8165,0.0,-780.65,0.0,6.8165,1.0,0.0,0.0,0.0,0.0
291,346.64,783.05,1019.4,785.35,2.3,0.9731,2.0118,0.0,-783.05,0.0,6.8165,0.0,-783.05,0.0,6.8165,1.0,0.0,0.0,0.0,0.0
292,347.02,781.75,993.55,789.1,7.35,3.4703,1.4596,0.0,-781.75,0.0,6.8165,0.0,-781.75,0.0,6.8165,1.0,0.0,0.0,0.0,0.0
293,347.4,792.0,993.3,797.6,5.6,2.7819,1.5557,0.0,-792.0,0.0,6.8165,0.0,-792.0,0.0,6.8165,1.0,0.0,0.0,0.0,0.0
294,347.78,789.85,1005.95,800.45,10.6,4.9051,1.3093,0.0,-789.85,0.0,6.8165,0.0,-789.85,0.0,6.8165,1.0,0.0,0.0,0.0,0.0
295,348.16,789.3,1006.2,792.85,3.55,1.6367,1.786,0.0,-789.3,0.0,6.8165,0.0,-789.3,0.0,6.8165,1.0,0.0,0.0,0.0,0.0
296,348.54,768.8,998.85,787.2,18.4,7.9983,1.097,0.0,-768.8,0.0,6.8165,0.0,-768.8,0.0,6.8165,1.0,0.0,0.0,0.0,0.0
297,348.92,788.8,1000.6,778.2,-10.6,0.0,6.8165,0.0,-788.8,0.0,6.8165,0.0,-788.8,0.0,6.8165,1.0,0.0,0.0,0.0,0.0
298,349.3,779.45,1016.4,800.6,21.15,8.9259,1.0493,0.0,-779.45,0.0,6.8165,0.0,-779.45,0.0,6.8165,1.0,0.0,0.0,0.0,0.0
299,349.68,787.9,1014.6,781.7,-6.2,0.0,6.8165,0.0,-787.9,0.0,6.8165,0.0,-787.9,0.0,6.8165,1.0,0.0,0.0,0.0,0.0
300,350.06,771.6,1013.2,783.05,11.45,4.7392,1.3243,0.0,-771.6,0.0,6.8165,0.0,-771.6,0.0,6.8165,1.0,0.0,0.0,0.0,0.0
301,350.44,787.25,1002.7,785.45,-1.8,0.0,6.8165,0.0,-787.25,0.0,6.8165,0.0,-787.25,0.0,6.8165,1.0,0.0,0.0,0.0,0.0
302,350.82,774.8,1017.65,791.4,16.6,6.8355,1.1652,0.0,-774.8,0.0,6.8165,0.0,-774.8,0.0,6.8165,1.0,0.0,0.0,0.0,0.0
303,351.21,763.7,1012.25,780.35,16.65,6.6989,1.174,0.0,-763.7,0.0,6.8165,0.0,-763.7,0.0,6.8165,1.0,0.0,0.0,0.0,0.0
304,351.59,778.8,1016.25,788.6,9.8,4.1272,1.3843,0.0,-778.8,0.0,6.8165,0.0,-778.8,0.0,6.8165,1.0,0.0,0.0,0.0,0.0
305,351.97,770.45,1036.2,787.85,17.4,6.5475,1.1839,0.0,-770.45,0.0,6.8165,0.0,-770.45,0.0,6.8165,1.0,0.0,0.0,0.0,0.0
306,352.34,782.75,1014.55,781.05,-1.7,0.0,6.8165,0.0,-782.75,0.0,6.8165,0.0,-782.75,0.0,6.8165,1.0,0.0,0.0,0.0,0.0
307,352.72,777.85,1008.8,784.55,6.7,2.9011,1.5374,0.0,-777.85,0.0,6.8165,0.0,-777.85,0.0,6.8165,1.0,0.0,0.0,0.0,0.0
308,353.1,784.75,1023.55,789.7,4.95,2.0729,1.6834,0.0,-784.75,0.0,6.8165,0.0,-784.75,0.0,6.8165,1.0,0.0,0.0,0.0,0.0
309,353.48,784.35,1024.25,781.0,-3.35,0.0,6.8165,0.0,-784.35,0.0,6.8165,0.0,-784.35,0.0,6.8165,1.0,0.0,0.0,0.0,0.0
310,353.86,781.5,1009.05,780.0,-1.5,0.0,6.8165,0.0,-781.5,0.0,6.8165,0.0,-781.5,0.0,6.8165,1.0,0.0,0.0,0.0,0.0
311,354.24,784.65,1006.15,801.95,17.3,7.8104,1.1073,0.0,-784.65,0.0,6.8165,0.0,-784.65,0.0,6.8165,1.0,0.0,0.0,0.0,0.0
312,354.62,772.7,1004.15,786.95,14.25,6.1568,1.2106,0.0,-772.7,0.0,6.8165,0.0,-772.7,0.0,6.8165,1.0,0.0,0.0,0.0,0.0
313,355.0,767.75,1025.2,786.8,19.05,7.3995,1.1308,0.0,-767.75,0.0,6.8165,0.0,-767.75,0.0,6.8165,1.0,0.0,0.0,0.0,0.0
314,355.38,772.1,1011.25,790.15,18.05,7.5476,1.1222,0.0,-772.1,0.0,6.8165,0.0,-772.1,0.0,6.8165,1.0,0.0,0.0,0.0,0.0
315,355.76,779.85,1023.15,783.9,4.05,1.6646,1.7787,0.0,-779.85,0.0,6.8165,0.0,-779.85,0.0,6.8165,1.0,0.0,0.0,0.0,0.0
316,356.14,772.6,1027.0,782.85,10.25,4.0291,1.3948,0.0,-772.6,0.0,6.8165,0.0,-772.6,0.0,6.8165,1.0,0.0,0.0,0.0,0.0
317,356.52,774.15,1023.05,788.4,14.25,5.7252,1.2422,0.0,-774.15,0.0,6.8165,0.0,-774.15,0.0,6.8165,1.0,0.0,0.0,0.0,0.0
318,356.9,767.2,1007.15,785.6,18.4,7.6683,1.1153,0.0,-767.2,0.0,6.8165,0.0,-767.2,0.0,6.8165,1.0,0.0,0.0,0.0,0.0
319,357.27,771.0,1009.35,789.6,18.6,7.8037,1.1077,0.0,-771.0,0.0,6.8165,0.0,-771.0,0.0,6.8165,1.0,0.0,0.0,0.0,0.0
320,357.65,769.25,1011.8,786.05,16.8,6.9264,1.1595,0.0,-769.25,0.0,6.8165,0.0,-769.25,0.0,6.8165,1.0,0.0,0.0,0.0,0.0
321,358.03,781.6,1008.95,785.55,3.95,1.7374,1.7601,0.0,-781.6,0.0,6.8165,0.0,-781.6,0.0,6.8165,1.0,0.0,0.0,0.0,0.0
322,358.41,767.55,1019.65,797.65,30.1,11.9397,0.923,0.0,-767.55,0.0,6.8165,0.0,-767.55,0.0,6.8165,1.0,0.0,0.0,0.0,0.0
323,358.79,774.55,1021.85,803.85,29.3,11.848,0.9264,0.0,-774.55,0.0,6.8165,0.0,-774.55,0.0,6.8165,1.0,0.0,0.0,0.0,0.0
324,359.17,767.8,1027.75,785.05,17.25,6.6359,1.1781,0.0,-767.8,0.0,6.8165,0.0,-767.8,0.0,6.8165,1.0,0.0,0.0,0.0,0.0
325,359.55,786.45,1035.25,793.3,6.85,2.7532,1.5602,0.0,-786.45,0.0,6.8165,0.0,-786.45,0.0,6.8165,1.0,0.0,0.0,0.0,0.0
326,359.92,777.25,1027.35,780.25,3.0,1.1995,1.921,0.0,-777.25,0.0,6.8165,0.0,-777.25,0.0,6.8165,1.0,0.0,0.0,0.0,0.0
327,360.3,782.2,1025.95,789.0,6.8,2.7897,1.5544,0.0,-782.2,0.0,6.8165,0.0,-782.2,0.0,6.8165,1.0,0.0,0.0,0.0,0.0
328,360.68,780.0,1041.3,794.0,14.0,5.3578,1.271,0.0,-780.0,0.0,6.8165,0.0,-780.0,0.0,6.8165,1.0,0.0,0.0,0.0,0.0
329,361.06,785.0,1026.1,777.5,-7.5,0.0,6.8165,0.0,-785.0,0.0,6.8165,0.0,-785.0,0.0,6.8165,1.0,0.0,0.0,0.0,0.0
330,361.43,791.15,1020.65,789.4,-1.75,0.0,6.8165,0.0,-791.15,0.0,6.8165,0.0,-791.15,0.0,6.8165,1.0,0.0,0.0,0.0,0.0
331,361.81,773.65,1050.6,791.25,17.6,6.3549,1.1969,0.0,-773.65,0.0,6.8165,0.0,-773.65,0.0,6.8165,1.0,0.0,0.0,0.0,0.0
332,362.19,768.45,1030.95,800.05,31.6,12.0381,0.9194,0.0,-768.45,0.0,6.8165,0.0,-768.45,0.0,6.8165,1.0,0.0,0.0,0.0,0.0
333,362.57,763.0,1032.5,790.0,27.0,10.0186,0.9992,0.0,-763.0,0.0,6.8165,0.0,-763.0,0.0,6.8165,1.0,0.0,0.0,0.0,0.0
334,362.94,777.5,1014.95,783.7,6.2,2.6111,1.5832,0.0,-777.5,0.0,6.8165,0.0,-777.5,0.0,6.8165,1.0,0.0,0.0,0.0,0.0
335,363.32,765.1,1018.7,786.75,21.65,8.5371,1.0687,0.0,-765.1,0.0,6.8165,0.0,-765.1,0.0,6.8165,1.0,0.0,0.0,0.0,0.0
336,363.7,777.3,1037.75,781.1,3.8,1.459,1.8359,0.0,-777.3,0.0,6.8165,0.0,-777.3,0.0,6.8165,1.0,0.0,0.0,0.0,0.0
337,364.08,766.7,1041.1,785.25,18.55,6.7602,1.17,0.0,-766.7,0.0,6.8165,0.0,-766.7,0.0,6.8165,1.0,0.0,0.0,0.0,0.0
338,364.45,769.8,1021.85,777.55,7.75,3.0748,1.5122,0.0,-769.8,0.0,6.8165,0.0,-769.8,0.0,6.8165,1.0,0.0,0.0,0.0,0.0
339,364.83,774.2,1020.85,778.65,4.45,1.8042,1.7437,0.0,-774.2,0.0,6.8165,0.0,-774.2,0.0,6.8165,1.0,0.0,0.0,0.0,0.0
340,365.21,757.9,1032.0,793.75,35.85,13.0792,0.8834,0.0,-757.9,0.0,6.8165,0.0,-757.9,0.0,6.8165,1.0,0.0,0.0,0.0,0.0
341,365.58,781.1,1030.95,788.55,7.45,2.9818,1.5255,0.0,-781.1,0.0,6.8165,0.0,-781.1,0.0,6.8165,1.0,0.0,0.0,0.0,0.0
342,365.96,771.0,1032.25,792.1,21.1,8.0766,1.0928,0.0,-771.0,0.0,6.8165,0.0,-771.0,0.0,6.8165,1.0,0.0,0.0,0.0,0.0
343,366.34,775.75,1020.35,789.0,13.25,5.417,1.2662,0.0,-775.75,0.0,6.8165,0.0,-775.75,0.0,6.8165,1.0,0.0,0.0,0.0,0.0
344,366.71,776.2,1039.2,795.3,19.1,7.2624,1.1389,0.0,-776.2,0.0,6.8165,0.0,-776.2,0.0,6.8165,1.0,0.0,0.0,0.0,0.0
345,367.09,778.1,1032.3,787.9,9.8,3.8552,1.4139,0.0,-778.1,0.0,6.8165,0.0,-778.1,0.0,6.8165,1.0,0.0,0.0,0.0,0.0
346,367.47,781.35,1019.75,790.45,9.1,3.8171,1.4183,0.0,-781.35,0.0,6.8165,0.0,-781.35,0.0,6.8165,1.0,0.0,0.0,0.0,0.0
347,367.84,779.4,1025.55,797.35,17.95,7.2923,1.1371,0.0,-779.4,0.0,6.8165,0.0,-779.4,0.0,6.8165,1.0,0.0,0.0,0.0,0.0
348,368.22,768.8,1015.6,789.35,20.55,8.3266,1.0795,0.0,-768.8,0.0,6.8165,0.0,-768.8,0.0,6.8165,1.0,0.0,0.0,0.0,0.0
349,368.59,783.85,1037.7,785.05,1.2,0.4727,2.3254,0.0,-783.85,0.0,6.8165,0.0,-783.85,0.0,6.8165,1.0,0.0,0.0,0.0,0.0
350,368.97,784.55,1037.75,778.05,-6.5,0.0,6.8165,0.0,-784.55,0.0,6.8165,0.0,-784.55,0.0,6.8165,1.0,0.0,0.0,0.0,0.0
351,369.35,781.8,1030.7,786.65,4.85,1.9486,1.7103,0.0,-781.8,0.0,6.8165,0.0,-781.8,0.0,6.8165,1.0,0.0,0.0,0.0,0.0
352,369.72,783.3,1027.5,784.95,1.65,0.6757,2.1703,0.0,-783.3,0.0,6.8165,0.0,-783.3,0.0,6.8165,1.0,0.0,0.0,0.0,0.0
353,370.1,785.45,1030.95,788.25,2.8,1.1405,1.9429,0.0,-785.45,0.0,6.8165,0.0,-785.45,0.0,6.8165,1.0,0.0,0.0,0.0,0.0
354,370.47,787.9,1052.7,788.4,0.5,0.1888,2.7239,0.0,-787.9,0.0,6.8165,0.0,-787.9,0.0,6.8165,1.0,0.0,0.0,0.0,0.0
355,370.85,777.05,1032.5,786.85,9.8,3.8364,1.4161,0.0,-777.05,0.0,6.8165,0.0,-777.05,0.0,6.8165,1.0,0.0,0.0,0.0,0.0
356,371.22,794.9,1039.7,779.5,-15.4,0.0,6.8165,0.0,-794.9,0.0,6.8165,0.0,-794.9,0.0,6.8165,1.0,0.0,0.0,0.0,0.0
357,371.6,780.35,1032.5,794.7,14.35,5.6911,1.2448,0.0,-780.35,0.0,6.8165,0.0,-780.35,0.0,6.8165,1.0,0.0,0.0,0.0,0.0
358,371.97,773.35,1032.8,794.25,20.9,8.0555,1.0939,0.0,-773.35,0.0,6.8165,0.0,-773.35,0.0,6.8165,1.0,0.0,0.0,0.0,0.0
359,372.35,784.1,1035.45,786.8,2.7,1.0742,1.9689,0.0,-784.1,0.0,6.8165,0.0,-784.1,0.0,6.8165,1.0,0.0,0.0,0.0,0.0
360,372.72,787.0,1032.25,794.15,7.15,2.9154,1.5353,0.0,-787.0,0.0,6.8165,0.0,-787.0,0.0,6.8165,1.0,0.0,0.0,0.0,0.0
361,373.1,780.55,1041.25,784.0,3.45,1.3234,1.8783,0.0,-780.55,0.0,6.8165,0.0,-780.55,0.0,6.8165,1.0,0.0,0.0,0.0,0.0
362,373.47,791.95,1047.55,787.65,-4.3,0.0,6.8165,0.0,-791.95,0.0,6.8165,0.0,-791.95,0.0,6.8165,1.0,0.0,0.0,0.0,0.0
363,373.85,771.15,1042.35,813.95,42.8,15.7817,0.8018,0.0,-771.15,0.0,6.8165,0.0,-771.15,0.0,6.8165,1.0,0.0,0.0,0.0,0.0
364,374.22,790.75,1034.6,799.2,8.45,3.4652,1.4603,0.0,-790.75,0.0,6.8165,0.0,-790.75,0.0,6.8165,1.0,0.0,0.0,0.0,0.0
365,374.6,779.95,1045.4,798.95,19.0,7.1577,1.1452,0.0,-779.95,0.0,6.8165,0.0,-779.95,0.0,6.8165,1.0,0.0,0.0,0.0,0.0
366,374.97,783.85,1046.7,787.95,4.1,1.5598,1.8069,0.0,-783.85,0.0,6.8165,0.0,-783.85,0.0,6.8165,1.0,0.0,0.0,0.0,0.0
367,375.35,782.25,1046.25,786.55,4.3,1.6288,1.7881,0.0,-782.25,0.0,6.8165,0.0,-782.25,0.0,6.8165,1.0,0.0,0.0,0.0,0.0
368,375.72,782.2,1050.35,784.3,2.1,0.7831,2.1062,0.0,-782.2,0.0,6.8165,0.0,-782.2,0.0,6.8165,1.0,0.0,0.0,0.0,0.0
369,376.09,774.65,1043.3,791.25,16.6,6.179,1.2091,0.0,-774.65,0.0,6.8165,0.0,-774.65,0.0,6.8165,1.0,0.0,0.0,0.0,0.0
370,376.47,769.1,1040.4,798.65,29.55,10.892,0.9629,0.0,-769.1,0.0,6.8165,0.0,-769.1,0.0,6.8165,1.0,0.0,0.0,0.0,0.0
371,376.84,768.95,1057.35,793.45,24.5,8.4951,1.0708,0.0,-768.95,0.0,6.8165,0.0,-768.95,0.0,6.8165,1.0,0.0,0.0,0.0,0.0
372,377.22,774.3,1038.7,801.4,27.1,10.2496,0.9893,0.0,-774.3,0.0,6.8165,0.0,-774.3,0.0,6.8165,1.0,0.0,0.0,0.0,0.0
373,377.59,782.5,1057.1,800.5,18.0,6.555,1.1834,0.0,-782.5,0.0,6.8165,0.0,-782.5,0.0,6.8165,1.0,0.0,0.0,0.0,0.0
374,377.96,779.45,1041.0,802.5,23.05,8.8128,1.0549,0.0,-779.45,0.0,6.8165,0.0,-779.45,0.0,6.8165,1.0,0.0,0.0,0.0,0.0
375,378.34,779.1,1049.9,790.35,11.25,4.1544,1.3815,0.0,-779.1,0.0,6.8165,0.0,-779.1,0.0,6.8165,1.0,0.0,0.0,0.0,0.0
376,378.71,770.9,1056.0,799.5,28.6,10.0316,0.9986,0.0,-770.9,0.0,6.8165,0.0,-770.9,0.0,6.8165,1.0,0.0,0.0,0.0,0.0
377,379.08,769.4,1050.6,780.2,10.8,3.8407,1.4156,0.0,-769.4,0.0,6.8165,0.0,-769.4,0.0,6.8165,1.0,0.0,0.0,0.0,0.0
378,379.46,787.4,1059.3,785.6,-1.8,0.0,6.8165,0.0,-787.4,0.0,6.8165,0.0,-787.4,0.0,6.8165,1.0,0.0,0.0,0.0,0.0
379,379.83,780.75,1057.8,797.35,16.6,5.9917,1.2225,0.0,-780.75,0.0,6.8165,0.0,-780.75,0.0,6.8165,1.0,0.0,0.0,0.0,0.0
380,380.2,771.4,1052.8,795.25,23.85,8.4755,1.0718,0.0,-771.4,0.0,6.8165,0.0,-771.4,0.0,6.8165,1.0,0.0,0.0,0.0,0.0
381,380.58,772.65,1056.1,802.15,29.5,10.4075,0.9827,0.0,-772.65,0.0,6.8165,0.0,-772.65,0.0,6.8165,1.0,0.0,0.0,0.0,0.0
382,380.95,773.4,1073.05,795.65,22.25,7.4253,1.1293,0.0,-773.4,0.0,6.8165,0.0,-773.4,0.0,6.8165,1.0,0.0,0.0,0.0,0.0
383,381.32,779.2,1058.35,788.75,9.55,3.4211,1.4658,0.0,-779.2,0.0,6.8165,0.0,-779.2,0.0,6.8165,1.0,0.0,0.0,0.0,0.0
384,381.7,788.9,1057.05,807.3,18.4,6.8618,1.1636,0.0,-788.9,0.0,6.8165,0.0,-788.9,0.0,6.8165,1.0,0.0,0.0,0.0,0.0
385,382.07,781.05,1054.05,794.95,13.9,5.0916,1.2931,0.0,-781.05,0.0,6.8165,0.0,-781.05,0.0,6.8165,1.0,0.0,0.0,0.0,0.0
386,382.44,775.2,1082.55,799.65,24.45,7.9551,1.0994,0.0,-775.2,0.0,6.8165,0.0,-775.2,0.0,6.8165,1.0,0.0,0.0,0.0,0.0
387,382.81,771.3,1066.65,786.3,15.0,5.0787,1.2942,0.0,-771.3,0.0,6.8165,0.0,-771.3,0.0,6.8165,1.0,0.0,0.0,0.0,0.0
388,383.19,778.35,1093.75,802.2,23.85,7.5618,1.1214,0.0,-778.35,0.0,6.8165,0.0,-778.35,0.0,6.8165,1.0,0.0,0.0,0.0,0.0
389,383.56,781.05,1080.8,798.5,17.45,5.8215,1.235,0.0,-781.05,0.0,6.8165,0.0,-781.05,0.0,6.8165,1.0,0.0,0.0,0.0,0.0
390,383.93,786.0,1086.6,784.0,-2.0,0.0,6.8165,0.0,-786.0,0.0,6.8165,0.0,-786.0,0.0,6.8165,1.0,0.0,0.0,0.0,0.0
391,384.3,781.8,1102.35,789.7,7.9,2.4645,1.6083,0.0,-781.8,0.0,6.8165,0.0,-781.8,0.0,6.8165,1.0,0.0,0.0,0.0,0.0
392,384.68,768.6,1104.1,788.7,20.1,5.9911,1.2225,0.0,-768.6,0.0,6.8165,0.0,-768.6,0.0,6.8165,1.0,0.0,0.0,0.0,0.0
393,385.05,785.4,1093.6,798.75,13.35,4.3316,1.3634,0.0,-785.4,0.0,6.8165,0.0,-785.4,0.0,6.8165,1.0,0.0,0.0,0.0,0.0
394,385.42,762.3,1103.4,791.8,29.5,8.6485,1.0631,0.0,-762.3,0.0,6.8165,0.0,-762.3,0.0,6.8165,1.0,0.0,0.0,0.0,0.0
395,385.79,764.3,1120.65,791.15,26.85,7.5347,1.1229,0.0,-764.3,0.0,6.8165,0.0,-764.3,0.0,6.8165,1.0,0.0,0.0,0.0,0.0
396,386.16,792.0,1131.9,788.0,-4.0,0.0,6.8165,0.0,-792.0,0.0,6.8165,0.0,-792.0,0.0,6.8165,1.0,0.0,0.0,0.0,0.0
397,386.53,777.35,1104.05,794.85,17.5,5.3566,1.2711,0.0,-777.35,0.0,6.8165,0.0,-777.35,0.0,6.8165,1.0,0.0,0.0,0.0,0.0
398,386.91,777.6,1154.25,802.1,24.5,6.5047,1.1868,0.0,-777.6,0.0,6.8165,0.0,-777.6,0.0,6.8165,1.0,0.0,0.0,0.0,0.0
399,387.28,763.85,1151.5,789.0,25.15,6.4878,1.1879,0.0,-763.85,0.0,6.8165,0.0,-763.85,0.0,6.8165,1.0,0.0,0.0,0.0,0.0
400,387.65,774.0,1147.3,795.5,21.5,5.7594,1.2396,0.0,-774.0,0.0,6.8165,0.0,-774.0,0.0,6.8165,1.0,0.0,0.0,0.0,0.0
401,388.02,779.55,1185.65,795.6,16.05,3.9522,1.4032,0.0,-779.55,0.0,6.8165,0.0,-779.55,0.0,6.8165,1.0,0.0,0.0,0.0,0.0
402,388.39,772.55,1190.15,803.05,30.5,7.3036,1.1365,0.0,-772.55,0.0,6.8165,0.0,-772.55,0.0,6.8165,1.0,0.0,0.0,0.0,0.0
403,388.76,784.4,1190.25,805.95,21.55,5.3098,1.2749,0.0,-784.4,0.0,6.8165,0.0,-784.4,0.0,6.8165,1.0,0.0,0.0,0.0,0.0
404,389.13,775.45,1191.45,799.0,23.55,5.6611,1.2471,0.0,-775.45,0.0,6.8165,0.0,-775.45,0.0,6.8165,1.0,0.0,0.0,0.0,0.0
405,389.5,779.7,1195.5,798.55,18.85,4.5334,1.3436,0.0,-779.7,0.0,6.8165,0.0,-779.7,0.0,6.8165,1.0,0.0,0.0,0.0,0.0
406,389.87,784.75,1221.15,791.15,6.4,1.4665,1.8337,0.0,-784.75,0.0,6.8165,0.0,-784.75,0.0,6.8165,1.0,0.0,0.0,0.0,0.0
407,390.25,777.0,1228.8,797.05,20.05,4.4378,1.3528,0.0,-777.0,0.0,6.8165,0.0,-777.0,0.0,6.8165,1.0,0.0,0.0,0.0,0.0
408,390.62,791.8,1249.4,796.45,4.65,1.0162,1.993,0.0,-791.8,0.0,6.8165,0.0,-791.8,0.0,6.8165,1.0,0.0,0.0,0.0,0.0
409,390.99,785.4,1263.65,812.0,26.6,5.5619,1.2548,0.0,-785.4,0.0,6.8165,0.0,-785.4,0.0,6.8165,1.0,0.0,0.0,0.0,0.0
410,391.36,784.9,1286.2,816.0,31.1,6.2039,1.2073,0.0,-784.9,0.0,6.8165,0.0,-784.9,0.0,6.8165,1.0,0.0,0.0,0.0,0.0
411,391.73,775.25,1326.6,798.15,22.9,4.1534,1.3816,0.0,-775.25,0.0,6.8165,0.0,-775.25,0.0,6.8165,1.0,0.0,0.0,0.0,0.0
412,392.1,777.85,1356.15,804.55,26.7,4.617,1.3356,0.0,-777.85,0.0,6.8165,0.0,-777.85,0.0,6.8165,1.0,0.0,0.0,0.0,0.0
413,392.47,771.9,1384.6,799.35,27.45,4.4802,1.3487,0.0,-771.9,0.0,6.8165,0.0,-771.9,0.0,6.8165,1.0,0.0,0.0,0.0,0.0
414,392.84,790.6,1423.95,812.9,22.3,3.521,1.4533,0.0,-790.6,0.0,6.8165,0.0,-790.6,0.0,6.8165,1.0,0.0,0.0,0.0,0.0
415,393.21,776.9,1432.15,819.0,42.1,6.425,1.1921,0.0,-776.9,0.0,6.8165,0.0,-776.9,0.0,6.8165,1.0,0.0,0.0,0.0,0.0
416,393.58,785.45,1453.2,795.95,10.5,1.5724,1.8034,0.0,-785.45,0.0,6.8165,0.0,-785.45,0.0,6.8165,1.0,0.0,0.0,0.0,0.0
417,393.95,780.3,1508.15,818.65,38.35,5.2689,1.2783,0.0,-780.3,0.0,6.8165,0.0,-780.3,0.0,6.8165,1.0,0.0,0.0,0.0,0.0
418,394.32,768.9,1535.75,824.65,55.75,7.27,1.1385,0.0,-768.9,0.0,6.8165,0.0,-768.9,0.0,6.8165,1.0,0.0,0.0,0.0,0.0
419,394.69,777.6,1565.05,818.2,40.6,5.1559,1.2877,0.0,-777.6,0.0,6.8165,0.0,-777.6,0.0,6.8165,1.0,0.0,0.0,0.0,0.0
420,395.06,773.4,1588.1,814.35,40.95,5.0264,1.2987,0.0,-773.4,0.0,6.8165,0.0,-773.4,0.0,6.8165,1.0,0.0,0.0,0.0,0.0
421,395.43,777.05,1637.45,828.65,51.6,5.9972,1.2221,0.0,-777.05,0.0,6.8165,0.0,-777.05,0.0,6.8165,1.0,0.0,0.0,0.0,0.0
422,395.8,782.1,1676.05,815.0,32.9,3.6803,1.4341,0.0,-782.1,0.0,6.8165,0.0,-782.1,0.0,6.8165,1.0,0.0,0.0,0.0,0.0
423,396.16,779.55,1722.7,839.8,60.25,6.3882,1.1946,0.0,-779.55,0.0,6.8165,0.0,-779.55,0.0,6.8165,1.0,0.0,0.0,0.0,0.0
424,396.53,775.1,1775.4,821.75,46.65,4.6636,1.3313,0.0,-775.1,0.0,6.8165,0.0,-775.1,0.0,6.8165,1.0,0.0,0.0,0.0,0.0
425,396.9,780.75,1782.3,832.55,51.8,5.172,1.2863,0.0,-780.75,0.0,6.8165,0.0,-780.75,0.0,6.8165,1.0,0.0,0.0,0.0,0.0
426,397.27,771.2,1875.5,823.9,52.7,4.7723,1.3213,0.0,-771.2,0.0,6.8165,0.0,-771.2,0.0,6.8165,1.0,0.0,0.0,0.0,0.0
427,397.64,777.85,1901.4,848.6,70.75,6.297,1.2009,0.0,-777.85,0.0,6.8165,0.0,-777.85,0.0,6.8165,1.0,0.0,0.0,0.0,0.0
428,398.01,773.0,1924.1,843.3,70.3,6.1072,1.2142,0.0,-773.0,0.0,6.8165,0.0,-773.0,0.0,6.8165,1.0,0.0,0.0,0.0,0.0
429,398.38,766.0,2001.3,843.8,77.8,6.2981,1.2008,0.0,-766.0,0.0,6.8165,0.0,-766.0,0.0,6.8165,1.0,0.0,0.0,0.0,0.0
430,398.75,776.15,2010.65,847.4,71.25,5.7716,1.2387,0.0,-776.15,0.0,6.8165,0.0,-776.15,0.0,6.8165,1.0,0.0,0.0,0.0,0.0
431,399.12,781.65,2055.6,850.35,68.7,5.3927,1.2682,0.0,-781.65,0.0,6.8165,0.0,-781.65,0.0,6.8165,1.0,0.0,0.0,0.0,0.0
432,399.48,758.6,2142.05,840.6,82.0,5.9272,1.2271,0.0,-758.6,0.0,6.8165,0.0,-758.6,0.0,6.8165,1.0,0.0,0.0,0.0,0.0
433,399.85,784.65,2122.15,840.45,55.8,4.172,1.3797,0.0,-784.65,0.0,6.8165,0.0,-784.65,0.0,6.8165,1.0,0.0,0.0,0.0,0.0
434,400.22,775.95,2189.65,853.45,77.5,5.4821,1.2611,0.0,-775.95,0.0,6.8165,0.0,-775.95,0.0,6.8165,1.0,0.0,0.0,0.0,0.0
435,400.59,779.6,2259.7,862.55,82.95,5.6044,1.2515,0.0,-779.6,0.0,6.8165,0.0,-779.6,0.0,6.8165,1.0,0.0,0.0,0.0,0.0
436,400.96,775.8,2281.1,849.5,73.7,4.896,1.3102,0.0,-775.8,0.0,6.8165,0.0,-775.8,0.0,6.8165,1.0,0.0,0.0,0.0,0.0
437,401.32,781.5,2298.7,864.35,82.85,5.4607,1.2628,0.0,-781.5,0.0,6.8165,0.0,-781.5,0.0,6.8165,1.0,0.0,0.0,0.0,0.0
438,401.69,771.75,2364.85,858.35,86.6,5.4359,1.2647,0.0,-771.75,0.0,6.8165,0.0,-771.75,0.0,6.8165,1.0,0.0,0.0,0.0,0.0
439,402.06,773.4,2406.65,872.75,99.35,6.083,1.2159,0.0,-773.4,0.0,6.8165,0.0,-773.4,0.0,6.8165,1.0,0.0,0.0,0.0,0.0
440,402.43,775.95,2441.2,872.05,96.1,5.7709,1.2388,0.0,-775.95,0.0,6.8165,0.0,-775.95,0.0,6.8165,1.0,0.0,0.0,0.0,0.0
441,402.8,783.2,2467.3,876.55,93.35,5.543,1.2563,0.0,-783.2,0.0,6.8165,0.0,-783.2,0.0,6.8165,1.0,0.0,0.0,0.0,0.0
442,403.16,792.35,2509.25,869.7,77.35,4.5052,1.3463,0.0,-792.35,0.0,6.8165,0.0,-792.35,0.0,6.8165,1.0,0.0,0.0,0.0,0.0
443,403.53,784.15,2511.6,884.1,99.95,5.786,1.2376,0.0,-784.15,0.0,6.8165,0.0,-784.15,0.0,6.8165,1.0,0.0,0.0,0.0,0.0
444,403.9,782.75,2639.1,888.9,106.15,5.7182,1.2427,0.0,-782.75,0.0,6.8165,0.0,-782.75,0.0,6.8165,1.0,0.0,0.0,0.0,0.0
445,404.27,780.0,2659.4,874.05,94.05,5.0043,1.3007,0.0,-780.0,0.0,6.8165,0.0,-780.0,0.0,6.8165,1.0,0.0,0.0,0.0,0.0
446,404.63,779.4,2726.95,898.75,119.35,6.1282,1.2127,0.0,-779.4,0.0,6.8165,0.0,-779.4,0.0,6.8165,1.0,0.0,0.0,0.0,0.0
447,405.0,803.65,2817.45,903.1,99.45,4.9384,1.3064,0.0,-803.65,0.0,6.8165,0.0,-803.65,0.0,6.8165,1.0,0.0,0.0,0.0,0.0
448,405.37,797.6,2880.05,926.1,128.5,6.1706,1.2097,0.0,-797.6,0.0,6.8165,0.0,-797.6,0.0,6.8165,1.0,0.0,0.0,0.0,0.0
449,405.73,771.9,2948.15,913.35,141.45,6.4997,1.1871,0.0,-771.9,0.0,6.8165,0.0,-771.9,0.0,6.8165,1.0,0.0,0.0,0.0,0.0
450,406.1,773.3,3033.55,917.7,144.4,6.3887,1.1946,0.0,-773.3,0.0,6.8165,0.0,-773.3,0.0,6.8165,1.0,0.0,0.0,0.0,0.0
451,406.47,788.65,3117.8,902.85,114.2,4.9031,1.3095,0.0,-788.65,0.0,6.8165,0.0,-788.65,0.0,6.8165,1.0,0.0,0.0,0.0,0.0
452,406.83,784.55,3220.05,902.6,118.05,4.8471,1.3145,0.0,-784.55,0.0,6.8165,0.0,-784.55,0.0,6.8165,1.0,0.0,0.0,0.0,0.0
453,407.2,786.0,3277.85,914.45,128.45,5.1548,1.2878,0.0,-786.0,0.0,6.8165,0.0,-786.0,0.0,6.8165,1.0,0.0,0.0,0.0,0.0
454,407.57,770.75,3432.5,932.55,161.8,6.0787,1.2162,0.0,-770.75,0.0,6.8165,0.0,-770.75,0.0,6.8165,1.0,0.0,0.0,0.0,0.0
455,407.93,782.7,3432.7,928.8,146.1,5.5132,1.2586,0.0,-782.7,0.0,6.8165,0.0,-782.7,0.0,6.8165,1.0,0.0,0.0,0.0,0.0
456,408.3,777.4,3513.8,939.55,162.15,5.9257,1.2273,0.0,-777.4,0.0,6.8165,0.0,-777.4,0.0,6.8165,1.0,0.0,0.0,0.0,0.0
457,408.67,778.7,3615.3,930.3,151.6,5.3444,1.2721,0.0,-778.7,0.0,6.8165,0.0,-778.7,0.0,6.8165,1.0,0.0,0.0,0.0,0.0
458,409.03,761.2,3759.4,938.35,177.15,5.9085,1.2285,0.0,-761.2,0.0,6.8165,0.0,-761.2,0.0,6.8165,1.0,0.0,0.0,0.0,0.0
459,409.4,769.85,3771.95,939.0,169.15,5.6344,1.2492,0.0,-769.85,0.0,6.8165,0.0,-769.85,0.0,6.8165,1.0,0.0,0.0,0.0,0.0
460,409.76,758.5,3924.15,958.6,200.1,6.321,1.1992,0.0,-758.5,0.0,6.8165,0.0,-758.5,0.0,6.8165,1.0,0.0,0.0,0.0,0.0
461,410.13,774.5,3847.35,955.0,180.5,5.874,1.2311,0.0,-774.5,0.0,6.8165,0.0,-774.5,0.0,6.8165,1.0,0.0,0.0,0.0,0.0
462,410.5,777.65,3956.85,966.6,188.95,5.9433,1.226,0.0,-777.65,0.0,6.8165,0.0,-777.65,0.0,6.8165,1.0,0.0,0.0,0.0,0.0
463,410.86,786.3,4062.05,956.85,170.55,5.2064,1.2835,0.0,-786.3,0.0,6.8165,0.0,-786.3,0.0,6.8165,1.0,0.0,0.0,0.0,0.0
464,411.23,787.9,4089.35,965.4,177.5,5.3764,1.2695,0.0,-787.9,0.0,6.8165,0.0,-787.9,0.0,6.8165,1.0,0.0,0.0,0.0,0.0
465,411.59,782.95,4156.55,975.15,192.2,5.6972,1.2443,0.0,-782.95,0.0,6.8165,0.0,-782.95,0.0,6.8165,1.0,0.0,0.0,0.0,0.0
466,411.96,778.2,4165.8,963.35,185.15,5.4655,1.2624,0.0,-778.2,0.0,6.8165,0.0,-778.2,0.0,6.8165,1.0,0.0,0.0,0.0,0.0
467,412.32,782.75,4272.35,990.95,208.2,5.9663,1.2243,0.0,-782.75,0.0,6.8165,0.0,-782.75,0.0,6.8165,1.0,0.0,0.0,0.0,0.0
468,412.69,786.95,4433.95,991.35,204.4,5.6046,1.2515,0.0,-786.95,0.0,6.8165,0.0,-786.95,0.0,6.8165,1.0,0.0,0.0,0.0,0.0
469,413.05,785.8,4532.45,1002.65,216.85,5.7878,1.2375,0.0,-785.8,0.0,6.8165,0.0,-785.8,0.0,6.8165,1.0,0.0,0.0,0.0,0.0
470,413.42,790.7,4513.45,999.3,208.6,5.6034,1.2515,0.0,-790.7,0.0,6.8165,0.0,-790.7,0.0,6.8165,1.0,0.0,0.0,0.0,0.0
471,413.78,789.0,4780.05,996.3,207.3,5.1941,1.2845,0.0,-789.0,0.0,6.8165,0.0,-789.0,0.0,6.8165,1.0,0.0,0.0,0.0,0.0
472,414.15,781.75,4865.7,998.0,216.25,5.2951,1.2761,0.0,-781.75,0.0,6.8165,0.0,-781.75,0.0,6.8165,1.0,0.0,0.0,0.0,0.0
473,414.51,782.35,4753.9,1005.85,223.5,5.6275,1.2497,0.0,-782.35,0.0,6.8165,0.0,-782.35,0.0,6.8165,1.0,0.0,0.0,0.0,0.0
474,414.88,775.75,4882.7,1005.1,229.35,5.5844,1.253,0.0,-775.75,0.0,6.8165,0.0,-775.75,0.0,6.8165,1.0,0.0,0.0,0.0,0.0
475,415.24,780.35,5112.85,1025.0,244.65,5.6469,1.2482,0.0,-780.35,0.0,6.8165,0.0,-780.35,0.0,6.8165,1.0,0.0,0.0,0.0,0.0
476,415.61,786.75,5169.05,1019.7,232.95,5.3157,1.2744,0.0,-786.75,0.0,6.8165,0.0,-786.75,0.0,6.8165,1.0,0.0,0.0,0.0,0.0
477,415.97,784.4,5076.75,1022.3,237.9,5.5424,1.2563,0.0,-784.4,0.0,6.8165,0.0,-784.4,0.0,6.8165,1.0,0.0,0.0,0.0,0.0
478,416.33,783.1,5322.45,1043.2,260.1,5.7299,1.2419,0.0,-783.1,0.0,6.8165,0.0,-783.1,0.0,6.8165,1.0,0.0,0.0,0.0,0.0
479,416.7,770.7,5420.95,1040.2,269.5,5.7954,1.2369,0.0,-770.7,0.0,6.8165,0.0,-770.7,0.0,6.8165,1.0,0.0,0.0,0.0,0.0
480,417.06,774.1,5665.3,1034.2,260.1,5.3177,1.2743,0.0,-774.1,0.0,6.8165,0.0,-774.1,0.0,6.8165,1.0,0.0,0.0,0.0,0.0
481,417.43,777.2,5659.05,1051.45,274.25,5.6177,1.2504,0.0,-777.2,0.0,6.8165,0.0,-777.2,0.0,6.8165,1.0,0.0,0.0,0.0,0.0
482,417.79,778.55,5649.15,1044.45,265.9,5.4593,1.2629,0.0,-778.55,0.0,6.8165,0.0,-778.55,0.0,6.8165,1.0,0.0,0.0,0.0,0.0
483,418.15,774.0,5630.55,1049.9,275.9,5.681,1.2456,0.0,-774.0,0.0,6.8165,0.0,-774.0,0.0,6.8165,1.0,0.0,0.0,0.0,0.0
484,418.52,760.15,5869.0,1067.2,307.05,6.0102,1.2211,0.0,-760.15,0.0,6.8165,0.0,-760.15,0.0,6.8165,1.0,0.0,0.0,0.0,0.0
485,418.88,774.05,5940.4,1076.85,302.8,5.861,1.232,0.0,-774.05,0.0,6.8165,0.0,-774.05,0.0,6.8165,1.0,0.0,0.0,0.0,0.0
486,419.24,774.15,6143.05,1087.9,313.75,5.8438,1.2333,0.0,-774.15,0.0,6.8165,0.0,-774.15,0.0,6.8165,1.0,0.0,0.0,0.0,0.0
487,419.61,774.9,6115.4,1067.4,292.5,5.477,1.2615,0.0,-774.9,0.0,6.8165,0.0,-774.9,0.0,6.8165,1.0,0.0,0.0,0.0,0.0
488,419.97,758.8,6185.9,1080.25,321.45,5.9231,1.2275,0.0,-758.8,0.0,6.8165,0.0,-758.8,0.0,6.8165,1.0,0.0,0.0,0.0,0.0
489,420.33,786.6,6422.1,1114.9,328.3,5.8256,1.2347,0.0,-786.6,0.0,6.8165,0.0,-786.6,0.0,6.8165,1.0,0.0,0.0,0.0,0.0
490,420.7,769.7,6389.65,1091.55,321.85,5.7269,1.2421,0.0,-769.7,0.0,6.8165,0.0,-769.7,0.0,6.8165,1.0,0.0,0.0,0.0,0.0
491,421.06,772.6,6578.4,1116.4,343.8,5.9217,1.2276,0.0,-772.6,0.0,6.8165,0.0,-772.6,0.0,6.8165,1.0,0.0,0.0,0.0,0.0
492,421.42,775.35,6711.6,1115.6,340.25,5.7317,1.2417,0.0,-775.35,0.0,6.8165,0.0,-775.35,0.0,6.8165,1.0,0.0,0.0,0.0,0.0
493,421.79,787.05,6760.9,1132.25,345.2,5.7785,1.2382,0.0,-787.05,0.0,6.8165,0.0,-787.05,0.0,6.8165,1.0,0.0,0.0,0.0,0.0
494,422.15,782.95,6760.95,1135.45,352.5,5.8966,1.2294,0.0,-782.95,0.0,6.8165,0.0,-782.95,0.0,6.8165,1.0,0.0,0.0,0.0,0.0
495,422.51,779.9,6915.4,1125.85,345.95,5.6385,1.2488,0.0,-779.9,0.0,6.8165,0.0,-779.9,0.0,6.8165,1.0,0.0,0.0,0.0,0.0
496,422.87,779.55,7124.7,1148.05,368.5,5.8076,1.236,0.0,-779.55,0.0,6.8165,0.0,-779.55,0.0,6.8165,1.0,0.0,0.0,0.0,0.0
497,423.24,773.55,7162.95,1148.95,375.4,5.8754,1.231,0.0,-773.55,0.0,6.8165,0.0,-773.55,0.0,6.8165,1.0,0.0,0.0,0.0,0.0
498,423.6,780.7,7335.55,1137.05,356.35,5.4364,1.2647,0.0,-780.7,0.0,6.8165,0.0,-780.7,0.0,6.8165,1.0,0.0,0.0,0.0,0.0
499,423.96,805.05,7469.35,1170.65,365.6,5.4859,1.2607,0.0,-805.05,0.0,6.8165,0.0,-805.05,0.0,6.8165,1.0,0.0,0.0,0.0,0.0
500,424.32,780.6,7600.2,1172.4,391.8,5.7452,1.2407,0.0,-780.6,0.0,6.8165,0.0,-780.6,0.0,6.8165,1.0,0.0,0.0,0.0,0.0
501,424.69,777.35,7700.15,1181.5,404.15,5.838,1.2337,0.0,-777.35,0.0,6.8165,0.0,-777.35,0.0,6.8165,1.0,0.0,0.0,0.0,0.0
502,425.05,785.25,8035.8,1188.7,403.45,5.5644,1.2546,0.0,-785.25,0.0,6.8165,0.0,-785.25,0.0,6.8165,1.0,0.0,0.0,0.0,0.0
503,425.41,787.05,8391.05,1215.45,428.4,5.6339,1.2492,0.0,-787.05,0.0,6.8165,0.0,-787.05,0.0,6.8165,1.0,0.0,0.0,0.0,0.0
504,425.77,774.7,8271.45,1194.85,420.15,5.6044,1.2515,0.0,-774.7,0.0,6.8165,0.0,-774.7,0.0,6.8165,1.0,0.0,0.0,0.0,0.0
505,426.13,773.75,8338.55,1209.1,435.35,5.7549,1.24,0.0,-773.75,0.0,6.8165,0.0,-773.75,0.0,6.8165,1.0,0.0,0.0,0.0,0.0
506,426.5,788.65,8286.25,1200.7,412.05,5.4958,1.26,0.0,-788.65,0.0,6.8165,0.0,-788.65,0.0,6.8165,1.0,0.0,0.0,0.0,0.0
507,426.86,766.55,8361.05,1218.3,451.75,5.9484,1.2256,0.0,-766.55,0.0,6.8165,0.0,-766.55,0.0,6.8165,1.0,0.0,0.0,0.0,0.0
508,427.22,788.15,8859.15,1250.65,462.5,5.7304,1.2418,0.0,-788.15,0.0,6.8165,0.0,-788.15,0.0,6.8165,1.0,0.0,0.0,0.0,0.0
509,427.58,775.45,8682.75,1226.15,450.7,5.6998,1.2441,0.0,-775.45,0.0,6.8165,0.0,-775.45,0.0,6.8165,1.0,0.0,0.0,0.0,0.0
510,427.94,790.55,9042.5,1246.1,455.55,5.5205,1.258,0.0,-790.55,0.0,6.8165,0.0,-790.55,0.0,6.8165,1.0,0.0,0.0,0.0,0.0
511,428.3,776.95,9342.15,1269.5,492.55,5.7506,1.2403,0.0,-776.95,0.0,6.8165,0.0,-776.95,0.0,6.8165,1.0,0.0,0.0,0.0,0.0
512,428.66,780.4,9143.75,1278.45,498.05,5.9551,1.2251,0.0,-780.4,0.0,6.8165,0.0,-780.4,0.0,6.8165,1.0,0.0,0.0,0.0,0.0
513,429.02,781.6,9352.3,1275.9,494.3,5.7673,1.239,0.0,-781.6,0.0,6.8165,0.0,-781.6,0.0,6.8165,1.0,0.0,0.0,0.0,0.0
514,429.39,764.75,9481.1,1257.65,492.9,5.6549,1.2476,0.0,-764.75,0.0,6.8165,0.0,-764.75,0.0,6.8165,1.0,0.0,0.0,0.0,0.0
515,429.75,789.05,9673.6,1263.2,474.15,5.3368,1.2727,0.0,-789.05,0.0,6.8165,0.0,-789.05,0.0,6.8165,1.0,0.0,0.0,0.0,0.0
516,430.11,776.45,9808.65,1278.45,502.0,5.5579,1.2551,0.0,-776.45,0.0,6.8165,0.0,-776.45,0.0,6.8165,1.0,0.0,0.0,0.0,0.0
517,430.47,777.1,9949.9,1283.0,505.9,5.5152,1.2584,0.0,-777.1,0.0,6.8165,0.0,-777.1,0.0,6.8165,1.0,0.0,0.0,0.0,0.0
518,430.83,779.9,10053.7,1306.8,526.9,5.6816,1.2455,0.0,-779.9,0.0,6.8165,0.0,-779.9,0.0,6.8165,1.0,0.0,0.0,0.0,0.0
519,431.19,777.5,10392.15,1326.25,548.75,5.7074,1.2436,0.0,-777.5,0.0,6.8165,0.0,-777.5,0.0,6.8165,1.0,0.0,0.0,0.0,0.0
520,431.55,780.5,10038.65,1304.1,523.6,5.6556,1.2475,0.0,-780.5,0.0,6.8165,0.0,-780.5,0.0,6.8165,1.0,0.0,0.0,0.0,0.0
521,431.91,775.9,10472.2,1321.15,545.25,5.6233,1.25,0.0,-775.9,0.0,6.8165,0.0,-775.9,0.0,6.8165,1.0,0.0,0.0,0.0,0.0
522,432.27,777.4,10739.1,1339.2,561.8,5.6396,1.2488,0.0,-777.4,0.0,6.8165,0.0,-777.4,0.0,6.8165,1.0,0.0,0.0,0.0,0.0
523,432.63,774.35,10677.1,1353.7,579.35,5.8504,1.2328,0.0,-774.35,0.0,6.8165,0.0,-774.35,0.0,6.8165,1.0,0.0,0.0,0.0,0.0
524,432.99,774.3,10802.95,1350.8,576.5,5.7485,1.2404,0.0,-774.3,0.0,6.8165,0.0,-774.3,0.0,6.8165,1.0,0.0,0.0,0.0,0.0
525,433.35,794.5,10978.25,1357.85,563.35,5.5319,1.2571,0.0,-794.5,0.0,6.8165,0.0,-794.5,0.0,6.8165,1.0,0.0,0.0,0.0,0.0
526,433.71,786.05,10969.0,1357.1,571.05,5.6079,1.2512,0.0,-786.05,0.0,6.8165,0.0,-786.05,0.0,6.8165,1.0,0.0,0.0,0.0,0.0
527,434.07,788.8,11589.8,1404.05,615.25,5.6962,1.2444,0.0,-788.8,0.0,6.8165,0.0,-788.8,0.0,6.8165,1.0,0.0,0.0,0.0,0.0
528,434.43,791.95,11408.9,1398.55,606.6,5.7135,1.2431,0.0,-791.95,0.0,6.8165,0.0,-791.95,0.0,6.8165,1.0,0.0,0.0,0.0,0.0
529,434.79,790.3,11592.2,1396.2,605.9,5.6092,1.2511,0.0,-790.3,0.0,6.8165,0.0,-790.3,0.0,6.8165,1.0,0.0,0.0,0.0,0.0
530,435.15,780.3,11963.15,1432.45,652.15,5.8317,1.2342,0.0,-780.3,0.0,6.8165,0.0,-780.3,0.0,6.8165,1.0,0.0,0.0,0.0,0.0
531,435.51,788.0,12226.0,1435.3,647.3,5.6592,1.2472,0.0,-788.0,0.0,6.8165,0.0,-788.0,0.0,6.8165,1.0,0.0,0.0,0.0,0.0
532,435.87,779.8,12323.05,1440.05,660.25,5.7198,1.2426,0.0,-779.8,0.0,6.8165,0.0,-779.8,0.0,6.8165,1.0,0.0,0.0,0.0,0.0
533,436.23,784.2,12693.5,1445.4,661.2,5.552,1.2556,0.0,-784.2,0.0,6.8165,0.0,-784.2,0.0,6.8165,1.0,0.0,0.0,0.0,0.0
534,436.59,786.3,12985.9,1476.0,689.7,5.6535,1.2477,0.0,-786.3,0.0,6.8165,0.0,-786.3,0.0,6.8165,1.0,0.0,0.0,0.0,0.0
535,436.94,788.1,13124.8,1490.3,702.2,5.692,1.2447,0.0,-788.1,0.0,6.8165,0.0,-788.1,0.0,6.8165,1.0,0.0,0.0,0.0,0.0
536,437.3,784.4,13407.15,1498.2,713.8,5.6549,1.2476,0.0,-784.4,0.0,6.8165,0.0,-784.4,0.0,6.8165,1.0,0.0,0.0,0.0,0.0
537,437.66,782.4,13409.3,1502.05,719.65,5.6993,1.2442,0.0,-782.4,0.0,6.8165,0.0,-782.4,0.0,6.8165,1.0,0.0,0.0,0.0,0.0
538,438.02,792.5,13803.5,1539.85,747.35,5.744,1.2408,0.0,-792.5,0.0,6.8165,0.0,-792.5,0.0,6.8165,1.0,0.0,0.0,0.0,0.0
539,438.38,787.0,14143.5,1540.35,753.35,5.6403,1.2487,0.0,-787.0,0.0,6.8165,0.0,-787.0,0.0,6.8165,1.0,0.0,0.0,0.0,0.0
540,438.74,788.85,14159.25,1550.65,761.8,5.6977,1.2443,0.0,-788.85,0.0,6.8165,0.0,-788.85,0.0,6.8165,1.0,0.0,0.0,0.0,0.0
541,439.1,785.1,13979.5,1544.5,759.4,5.7555,1.2399,0.0,-785.1,0.0,6.8165,0.0,-785.1,0.0,6.8165,1.0,0.0,0.0,0.0,0.0
542,439.46,771.25,14316.25,1550.75,779.5,5.7549,1.24,0.0,-771.25,0.0,6.8165,0.0,-771.25,0.0,6.8165,1.0,0.0,0.0,0.0,0.0
543,439.81,786.85,14409.85,1547.9,761.05,5.5865,1.2529,0.0,-786.85,0.0,6.8165,0.0,-786.85,0.0,6.8165,1.0,0.0,0.0,0.0,0.0
544,440.17,785.5,14190.3,1550.85,765.35,5.7095,1.2434,0.0,-785.5,0.0,6.8165,0.0,-785.5,0.0,6.8165,1.0,0.0,0.0,0.0,0.0
545,440.53,791.45,14670.45,1577.45,786.0,5.6632,1.2469,0.0,-791.45,0.0,6.8165,0.0,-791.45,0.0,6.8165,1.0,0.0,0.0,0.0,0.0
546,440.89,789.0,14656.7,1581.0,792.0,5.7111,1.2433,0.0,-789.0,0.0,6.8165,0.0,-789.0,0.0,6.8165,1.0,0.0,0.0,0.0,0.0
547,441.25,791.4,14589.2,1579.8,788.4,5.714,1.2431,0.0,-791.4,0.0,6.8165,0.0,-791.4,0.0,6.8165,1.0,0.0,0.0,0.0,0.0
548,441.6,786.4,14788.2,1590.45,804.05,5.7425,1.2409,0.0,-786.4,0.0,6.8165,0.0,-786.4,0.0,6.8165,1.0,0.0,0.0,0.0,0.0
549,441.96,800.7,15157.05,1610.95,810.25,5.6438,1.2484,0.0,-800.7,0.0,6.8165,0.0,-800.7,0.0,6.8165,1.0,0.0,0.0,0.0,0.0
550,442.32,793.8,14882.5,1568.15,774.35,5.4962,1.2599,0.0,-793.8,0.0,6.8165,0.0,-793.8,0.0,6.8165,1.0,0.0,0.0,0.0,0.0
551,442.68,787.35,14842.55,1599.15,811.8,5.7758,1.2384,0.0,-787.35,0.0,6.8165,0.0,-787.35,0.0,6.8165,1.0,0.0,0.0,0.0,0.0
552,443.03,773.8,15893.35,1641.6,867.8,5.7396,1.2411,0.0,-773.8,0.0,6.8165,0.0,-773.8,0.0,6.8165,1.0,0.0,0.0,0.0,0.0
553,443.39,792.3,15304.6,1631.75,839.45,5.7844,1.2377,0.0,-792.3,0.0,6.8165,0.0,-792.3,0.0,6.8165,1.0,0.0,0.0,0.0,0.0
554,443.75,796.15,16432.35,1694.4,898.25,5.7447,1.2407,0.0,-796.15,0.0,6.8165,0.0,-796.15,0.0,6.8165,1.0,0.0,0.0,0.0,0.0
555,444.11,798.45,16471.45,1680.9,882.45,5.6304,1.2495,0.0,-798.45,0.0,6.8165,0.0,-798.45,0.0,6.8165,1.0,0.0,0.0,0.0,0.0
556,444.46,792.35,16232.7,1657.8,865.45,5.6051,1.2514,0.0,-792.35,0.0,6.8165,0.0,-792.35,0.0,6.8165,1.0,0.0,0.0,0.0,0.0
557,444.82,795.15,16182.45,1656.15,861.0,5.5955,1.2522,0.0,-795.15,0.0,6.8165,0.0,-795.15,0.0,6.8165,1.0,0.0,0.0,0.0,0.0
558,445.18,794.6,16366.6,1693.45,898.85,5.7722,1.2387,0.0,-794.6,0.0,6.8165,0.0,-794.6,0.0,6.8165,1.0,0.0,0.0,0.0,0.0
559,445.53,792.75,16620.45,1693.55,900.8,5.6913,1.2448,0.0,-792.75,0.0,6.8165,0.0,-792.75,0.0,6.8165,1.0,0.0,0.0,0.0,0.0
560,445.89,792.2,16850.25,1702.9,910.7,5.6713,1.2463,0.0,-792.2,0.0,6.8165,0.0,-792.2,0.0,6.8165,1.0,0.0,0.0,0.0,0.0
561,446.25,789.4,17210.4,1744.6,955.2,5.8169,1.2353,0.0,-789.4,0.0,6.8165,0.0,-789.4,0.0,6.8165,1.0,0.0,0.0,0.0,0.0
562,446.6,793.75,16806.75,1705.65,911.9,5.6947,1.2445,0.0,-793.75,0.0,6.8165,0.0,-793.75,0.0,6.8165,1.0,0.0,0.0,0.0,0.0
563,446.96,790.05,16978.25,1724.05,934.0,5.7696,1.2389,0.0,-790.05,0.0,6.8165,0.0,-790.05,0.0,6.8165,1.0,0.0,0.0,0.0,0.0
564,447.32,790.1,17404.4,1750.45,960.35,5.7803,1.2381,0.0,-790.1,0.0,6.8165,0.0,-790.1,0.0,6.8165,1.0,0.0,0.0,0.0,0.0
565,447.67,793.35,17925.1,1770.25,976.9,5.7023,1.244,0.0,-793.35,0.0,6.8165,0.0,-793.35,0.0,6.8165,1.0,0.0,0.0,0.0,0.0
566,448.03,794.5,17736.15,1767.2,972.7,5.7415,1.241,0.0,-794.5,0.0,6.8165,0.0,-794.5,0.0,6.8165,1.0,0.0,0.0,0.0,0.0
567,448.38,797.55,17926.9,1776.1,978.55,5.7127,1.2432,0.0,-797.55,0.0,6.8165,0.0,-797.55,0.0,6.8165,1.0,0.0,0.0,0.0,0.0
568,448.74,785.5,18830.95,1818.35,1032.85,5.7236,1.2423,0.0,-785.5,0.0,6.8165,0.0,-785.5,0.0,6.8165,1.0,0.0,0.0,0.0,0.0
569,449.1,785.5,18349.75,1792.1,1006.6,5.731,1.2418,0.0,-785.5,0.0,6.8165,0.0,-785.5,0.0,6.8165,1.0,0.0,0.0,0.0,0.0
570,449.45,792.0,19583.45,1871.1,1079.1,5.7425,1.2409,0.0,-792.0,0.0,6.8165,0.0,-792.0,0.0,6.8165,1.0,0.0,0.0,0.0,0.0
571,449.81,790.5,20660.85,1923.15,1132.65,5.7002,1.2441,0.0,-790.5,0.0,6.8165,0.0,-790.5,0.0,6.8165,1.0,0.0,0.0,0.0,0.0
572,450.16,795.95,21097.05,1954.95,1159.0,5.7091,1.2434,0.0,-795.95,0.0,6.8165,0.0,-795.95,0.0,6.8165,1.0,0.0,0.0,0.0,0.0
573,450.52,800.25,22430.9,2054.15,1253.9,5.7969,1.2368,0.0,-800.25,0.0,6.8165,0.0,-800.25,0.0,6.8165,1.0,0.0,0.0,0.0,0.0
574,450.87,803.05,22219.85,2065.7,1262.65,5.8956,1.2295,0.0,-803.05,0.0,6.8165,0.0,-803.05,0.0,6.8165,1.0,0.0,0.0,0.0,0.0
575,451.23,784.0,21791.75,1997.65,1213.65,5.7772,1.2383,0.0,-784.0,0.0,6.8165,0.0,-784.0,0.0,6.8165,1.0,0.0,0.0,0.0,0.0
576,451.59,780.45,21589.55,1984.05,1203.6,5.784,1.2378,0.0,-780.45,0.0,6.8165,0.0,-780.45,0.0,6.8165,1.0,0.0,0.0,0.0,0.0
577,451.94,795.55,21418.95,1953.95,1158.4,5.6169,1.2505,0.0,-795.55,0.0,6.8165,0.0,-795.55,0.0,6.8165,1.0,0.0,0.0,0.0,0.0
578,452.3,797.8,21621.95,1984.3,1186.5,5.6977,1.2443,0.0,-797.8,0.0,6.8165,0.0,-797.8,0.0,6.8165,1.0,0.0,0.0,0.0,0.0
579,452.65,794.35,21464.2,1985.1,1190.75,5.7608,1.2395,0.0,-794.35,0.0,6.8165,0.0,-794.35,0.0,6.8165,1.0,0.0,0.0,0.0,0.0
580,453.01,791.65,22181.4,2032.2,1240.55,5.7997,1.2366,0.0,-791.65,0.0,6.8165,0.0,-791.65,0.0,6.8165,1.0,0.0,0.0,0.0,0.0
581,453.36,799.55,22030.3,2052.25,1252.7,5.9004,1.2291,0.0,-799.55,0.0,6.8165,0.0,-799.55,0.0,6.8165,1.0,0.0,0.0,0.0,0.0
582,453.71,795.5,20956.75,1983.0,1187.5,5.89,1.2299,0.0,-795.5,0.0,6.8165,0.0,-795.5,0.0,6.8165,1.0,0.0,0.0,0.0,0.0
583,454.07,815.65,21234.15,1983.1,1167.45,5.7176,1.2428,0.0,-815.65,0.0,6.8165,0.0,-815.65,0.0,6.8165,1.0,0.0,0.0,0.0,0.0
584,454.42,804.55,21217.15,1975.4,1170.85,5.7359,1.2414,0.0,-804.55,0.0,6.8165,0.0,-804.55,0.0,6.8165,1.0,0.0,0.0,0.0,0.0
585,454.78,797.45,22005.2,2020.2,1222.75,5.7656,1.2392,0.0,-797.45,0.0,6.8165,0.0,-797.45,0.0,6.8165,1.0,0.0,0.0,0.0,0.0
586,455.13,802.1,21801.3,2036.85,1234.75,5.88,1.2306,0.0,-802.1,0.0,6.8165,0.0,-802.1,0.0,6.8165,1.0,0.0,0.0,0.0,0.0
587,455.49,795.1,22651.75,2064.15,1269.05,5.8062,1.2361,0.0,-795.1,0.0,6.8165,0.0,-795.1,0.0,6.8165,1.0,0.0,0.0,0.0,0.0
588,455.84,798.3,21766.75,2031.75,1233.45,5.8824,1.2304,0.0,-798.3,0.0,6.8165,0.0,-798.3,0.0,6.8165,1.0,0.0,0.0,0.0,0.0
589,456.19,791.7,22982.95,2078.35,1286.65,5.798,1.2367,0.0,-791.7,0.0,6.8165,0.0,-791.7,0.0,6.8165,1.0,0.0,0.0,0.0,0.0
590,456.55,795.1,23387.15,2132.8,1337.7,5.9211,1.2276,0.0,-795.1,0.0,6.8165,0.0,-795.1,0.0,6.8165,1.0,0.0,0.0,0.0,0.0
591,456.9,787.95,23875.95,2130.8,1342.85,5.8162,1.2354,0.0,-787.95,0.0,6.8165,0.0,-787.95,0.0,6.8165,1.0,0.0,0.0,0.0,0.0
592,457.26,788.6,24257.85,2195.55,1406.95,5.9949,1.2222,0.0,-788.6,0.0,6.8165,0.0,-788.6,0.0,6.8165,1.0,0.0,0.0,0.0,0.0
593,457.61,791.05,24203.45,2142.2,1351.15,5.7711,1.2387,0.0,-791.05,0.0,6.8165,0.0,-791.05,0.0,6.8165,1.0,0.0,0.0,0.0,0.0
594,457.96,801.05,24796.6,2195.4,1394.35,5.8109,1.2358,0.0,-801.05,0.0,6.8165,0.0,-801.05,0.0,6.8165,1.0,0.0,0.0,0.0,0.0
595,458.32,792.4,26071.8,2280.5,1488.1,5.8866,1.2301,0.0,-792.4,0.0,6.8165,0.0,-792.4,0.0,6.8165,1.0,0.0,0.0,0.0,0.0
596,458.67,797.0,25325.9,2246.9,1449.9,5.911,1.2283,0.0,-797.0,0.0,6.8165,0.0,-797.0,0.0,6.8165,1.0,0.0,0.0,0.0,0.0
597,459.02,800.7,25875.7,2273.6,1472.9,5.874,1.2311,0.0,-800.7,0.0,6.8165,0.0,-800.7,0.0,6.8165,1.0,0.0,0.0,0.0,0.0
598,459.38,792.55,26012.8,2281.15,1488.6,5.9024,1.229,0.0,-792.55,0.0,6.8165,0.0,-792.55,0.0,6.8165,1.0,0.0,0.0,0.0,0.0
599,459.73,786.75,26210.1,2297.95,1511.2,5.9441,1.2259,0.0,-786.75,0.0,6.8165,0.0,-786.75,0.0,6.8165,1.0,0.0,0.0,0.0,0.0
600,460.08,790.3,25817.9,2287.0,1496.7,5.9802,1.2233,0.0,-790.3,0.0,6.8165,0.0,-790.3,0.0,6.8165,1.0,0.0,0.0,0.0,0.0
601,460.44,791.1,26455.45,2300.45,1509.35,5.8811,1.2305,0.0,-791.1,0.0,6.8165,0.0,-791.1,0.0,6.8165,1.0,0.0,0.0,0.0,0.0
602,460.79,786.8,26286.95,2291.1,1504.3,5.8992,1.2292,0.0,-786.8,0.0,6.8165,0.0,-786.8,0.0,6.8165,1.0,0.0,0.0,0.0,0.0
603,461.14,787.15,27185.95,2346.45,1559.3,5.9067,1.2287,0.0,-787.15,0.0,6.8165,0.0,-787.15,0.0,6.8165,1.0,0.0,0.0,0.0,0.0
604,461.49,788.95,27385.85,2375.75,1586.8,5.9661,1.2243,0.0,-788.95,0.0,6.8165,0.0,-788.95,0.0,6.8165,1.0,0.0,0.0,0.0,0.0
605,461.85,793.4,27617.85,2385.0,1591.6,5.9334,1.2267,0.0,-793.4,0.0,6.8165,0.0,-793.4,0.0,6.8165,1.0,0.0,0.0,0.0,0.0
606,462.2,792.5,28205.85,2434.2,1641.7,5.9887,1.2227,0.0,-792.5,0.0,6.8165,0.0,-792.5,0.0,6.8165,1.0,0.0,0.0,0.0,0.0
607,462.55,802.6,27351.6,2420.7,1618.1,6.0948,1.215,0.0,-802.6,0.0,6.8165,0.0,-802.6,0.0,6.8165,1.0,0.0,0.0,0.0,0.0
608,462.9,793.5,28798.5,2486.2,1692.7,6.0443,1.2187,0.0,-793.5,0.0,6.8165,0.0,-793.5,0.0,6.8165,1.0,0.0,0.0,0.0,0.0
609,463.26,797.1,29899.1,2571.25,1774.15,6.0963,1.2149,0.0,-797.1,0.0,6.8165,0.0,-797.1,0.0,6.8165,1.0,0.0,0.0,0.0,0.0
610,463.61,792.65,29395.6,2521.35,1728.7,6.0438,1.2187,0.0,-792.65,0.0,6.8165,0.0,-792.65,0.0,6.8165,1.0,0.0,0.0,0.0,0.0
611,463.96,799.5,29471.8,2546.8,1747.3,6.094,1.2151,0.0,-799.5,0.0,6.8165,0.0,-799.5,0.0,6.8165,1.0,0.0,0.0,0.0,0.0
612,464.31,798.25,30131.7,2591.1,1792.85,6.112,1.2138,0.0,-798.25,0.0,6.8165,0.0,-798.25,0.0,6.8165,1.0,0.0,0.0,0.0,0.0
613,464.66,777.1,29675.85,2529.7,1752.6,6.0646,1.2172,0.0,-777.1,0.0,6.8165,0.0,-777.1,0.0,6.8165,1.0,0.0,0.0,0.0,0.0
614,465.02,790.5,29786.85,2520.45,1729.95,5.9661,1.2243,0.0,-790.5,0.0,6.8165,0.0,-790.5,0.0,6.8165,1.0,0.0,0.0,0.0,0.0
615,465.37,788.05,30421.95,2567.45,1779.4,6.0046,1.2215,0.0,-788.05,0.0,6.8165,0.0,-788.05,0.0,6.8165,1.0,0.0,0.0,0.0,0.0
616,465.72,788.15,30477.3,2583.25,1795.1,6.0463,1.2185,0.0,-788.15,0.0,6.8165,0.0,-788.15,0.0,6.8165,1.0,0.0,0.0,0.0,0.0
617,466.07,797.05,30084.2,2548.8,1751.75,5.9813,1.2232,0.0,-797.05,0.0,6.8165,0.0,-797.05,0.0,6.8165,1.0,0.0,0.0,0.0,0.0
618,466.42,796.2,31139.55,2641.4,1845.2,6.0811,1.216,0.0,-796.2,0.0,6.8165,0.0,-796.2,0.0,6.8165,1.0,0.0,0.0,0.0,0.0
619,466.77,782.3,30989.65,2618.05,1835.75,6.0772,1.2163,0.0,-782.3,0.0,6.8165,0.0,-782.3,0.0,6.8165,1.0,0.0,0.0,0.0,0.0
620,467.12,782.7,31492.85,2678.0,1895.3,6.1716,1.2096,0.0,-782.7,0.0,6.8165,0.0,-782.7,0.0,6.8165,1.0,0.0,0.0,0.0,0.0
621,467.48,794.95,32798.55,2767.05,1972.1,6.1621,1.2103,0.0,-794.95,0.0,6.8165,0.0,-794.95,0.0,6.8165,1.0,0.0,0.0,0.0,0.0
622,467.83,789.15,34666.85,2921.05,2131.9,6.2929,1.2011,0.0,-789.15,0.0,6.8165,0.0,-789.15,0.0,6.8165,1.0,0.0,0.0,0.0,0.0
623,468.18,794.25,34758.6,2946.9,2152.65,6.338,1.198,0.0,-794.25,0.0,6.8165,0.0,-794.25,0.0,6.8165,1.0,0.0,0.0,0.0,0.0
624,468.53,793.7,35364.4,3002.9,2209.2,6.3904,1.1945,0.0,-793.7,0.0,6.8165,0.0,-793.7,0.0,6.8165,1.0,0.0,0.0,0.0,0.0
625,468.88,784.9,34929.25,2963.5,2178.6,6.3806,1.1951,0.0,-784.9,0.0,6.8165,0.0,-784.9,0.0,6.8165,1.0,0.0,0.0,0.0,0.0
626,469.23,788.15,35126.75,2948.5,2160.35,6.2913,1.2013,0.0,-788.15,0.0,6.8165,0.0,-788.15,0.0,6.8165,1.0,0.0,0.0,0.0,0.0
627,469.58,783.4,35276.2,2960.65,2177.25,6.3122,1.1998,0.0,-783.4,0.0,6.8165,0.0,-783.4,0.0,6.8165,1.0,0.0,0.0,0.0,0.0
628,469.93,796.95,35057.0,2939.8,2142.85,6.2547,1.2038,0.0,-796.95,0.0,6.8165,0.0,-796.95,0.0,6.8165,1.0,0.0,0.0,0.0,0.0
629,470.28,785.5,34992.35,2953.55,2168.05,6.3381,1.198,0.0,-785.5,0.0,6.8165,0.0,-785.5,0.0,6.8165,1.0,0.0,0.0,0.0,0.0
630,470.63,787.8,34539.6,2896.8,2109.0,6.2486,1.2042,0.0,-787.8,0.0,6.8165,0.0,-787.8,0.0,6.8165,1.0,0.0,0.0,0.0,0.0
631,470.98,771.65,34413.1,2883.7,2112.05,6.2781,1.2022,0.0,-771.65,0.0,6.8165,0.0,-771.65,0.0,6.8165,1.0,0.0,0.0,0.0,0.0
632,471.33,782.2,33744.6,2828.5,2046.3,6.208,1.207,0.0,-782.2,0.0,6.8165,0.0,-782.2,0.0,6.8165,1.0,0.0,0.0,0.0,0.0
633,471.68,790.45,34704.0,2880.6,2090.15,6.1632,1.2102,0.0,-790.45,0.0,6.8165,0.0,-790.45,0.0,6.8165,1.0,0.0,0.0,0.0,0.0
634,472.03,807.2,34067.6,2816.45,2009.25,6.041,1.2189,0.0,-807.2,0.0,6.8165,0.0,-807.2,0.0,6.8165,1.0,0.0,0.0,0.0,0.0
635,472.38,790.35,33425.4,2780.0,1989.65,6.0967,1.2149,0.0,-790.35,0.0,6.8165,0.0,-790.35,0.0,6.8165,1.0,0.0,0.0,0.0,0.0
636,472.73,786.85,34943.9,2879.35,2092.5,6.1261,1.2128,0.0,-786.85,0.0,6.8165,0.0,-786.85,0.0,6.8165,1.0,0.0,0.0,0.0,0.0
637,473.08,795.15,36071.15,2977.6,2182.45,6.1868,1.2085,0.0,-795.15,0.0,6.8165,0.0,-795.15,0.0,6.8165,1.0,0.0,0.0,0.0,0.0
638,473.43,782.75,37260.4,3068.1,2285.35,6.2651,1.2031,0.0,-782.75,0.0,6.8165,0.0,-782.75,0.0,6.8165,1.0,0.0,0.0,0.0,0.0
639,473.78,799.5,39382.3,3231.2,2431.7,6.3025,1.2005,0.0,-799.5,0.0,6.8165,0.0,-799.5,0.0,6.8165,1.0,0.0,0.0,0.0,0.0
640,474.13,797.55,40109.35,3263.0,2465.45,6.2715,1.2026,0.0,-797.55,0.0,6.8165,0.0,-797.55,0.0,6.8165,1.0,0.0,0.0,0.0,0.0
641,474.48,797.65,39701.45,3219.9,2422.25,6.2263,1.2058,0.0,-797.65,0.0,6.8165,0.0,-797.65,0.0,6.8165,1.0,0.0,0.0,0.0,0.0
642,474.83,788.2,36242.35,2970.75,2182.55,6.156,1.2107,0.0,-788.2,0.0,6.8165,0.0,-788.2,0.0,6.8165,1.0,0.0,0.0,0.0,0.0
643,475.18,781.35,35754.85,2919.4,2138.05,6.1133,1.2137,0.0,-781.35,0.0,6.8165,0.0,-781.35,0.0,6.8165,1.0,0.0,0.0,0.0,0.0
644,475.52,780.45,35080.0,2873.2,2092.75,6.1014,1.2146,0.0,-780.45,0.0,6.8165,0.0,-780.45,0.0,6.8165,1.0,0.0,0.0,0.0,0.0
645,475.87,786.4,34828.25,2875.35,2088.95,6.1364,1.2121,0.0,-786.4,0.0,6.8165,0.0,-786.4,0.0,6.8165,1.0,0.0,0.0,0.0,0.0
646,476.22,806.6,34457.1,2863.95,2057.35,6.1139,1.2137,0.0,-806.6,0.0,6.8165,0.0,-806.6,0.0,6.8165,1.0,0.0,0.0,0.0,0.0
647,476.57,797.75,34404.05,2814.05,2016.3,5.9998,1.2219,0.0,-797.75,0.0,6.8165,0.0,-797.75,0.0,6.8165,1.0,0.0,0.0,0.0,0.0
648,476.92,783.55,34088.25,2798.95,2015.4,6.0514,1.2181,0.0,-783.55,0.0,6.8165,0.0,-783.55,0.0,6.8165,1.0,0.0,0.0,0.0,0.0
649,477.27,777.5,34145.3,2814.3,2036.8,6.1041,1.2144,0.0,-777.5,0.0,6.8165,0.0,-777.5,0.0,6.8165,1.0,0.0,0.0,0.0,0.0
650,477.62,787.4,34820.05,2866.9,2079.5,6.1103,1.2139,0.0,-787.4,0.0,6.8165,0.0,-787.4,0.0,6.8165,1.0,0.0,0.0,0.0,0.0
651,477.96,785.45,34585.8,2862.1,2076.65,6.1439,1.2116,0.0,-785.45,0.0,6.8165,0.0,-785.45,0.0,6.8165,1.0,0.0,0.0,0.0,0.0
652,478.31,790.1,34558.5,2848.1,2058.0,6.0945,1.2151,0.0,-790.1,0.0,6.8165,0.0,-790.1,0.0,6.8165,1.0,0.0,0.0,0.0,0.0
653,478.66,783.35,35011.95,2916.6,2133.25,6.2324,1.2053,0.0,-783.35,0.0,6.8165,0.0,-783.35,0.0,6.8165,1.0,0.0,0.0,0.0,0.0
654,479.01,788.3,35405.7,2947.8,2159.5,6.2382,1.2049,0.0,-788.3,0.0,6.8165,0.0,-788.3,0.0,6.8165,1.0,0.0,0.0,0.0,0.0
655,479.36,777.75,35385.4,2913.25,2135.5,6.1706,1.2097,0.0,-777.75,0.0,6.8165,0.0,-777.75,0.0,6.8165,1.0,0.0,0.0,0.0,0.0
656,479.7,791.55,35918.1,2968.15,2176.6,6.1965,1.2079,0.0,-791.55,0.0,6.8165,0.0,-791.55,0.0,6.8165,1.0,0.0,0.0,0.0,0.0
657,480.05,790.3,36324.1,3011.9,2221.6,6.2521,1.204,0.0,-790.3,0.0,6.8165,0.0,-790.3,0.0,6.8165,1.0,0.0,0.0,0.0,0.0
658,480.4,788.3,37391.0,3082.25,2293.95,6.2672,1.2029,0.0,-788.3,0.0,6.8165,0.0,-788.3,0.0,6.8165,1.0,0.0,0.0,0.0,0.0
659,480.75,786.55,38203.75,3151.9,2365.35,6.3216,1.1992,0.0,-786.55,0.0,6.8165,0.0,-786.55,0.0,6.8165,1.0,0.0,0.0,0.0,0.0
660,481.09,770.3,39395.0,3239.85,2469.55,6.3937,1.1942,0.0,-770.3,0.0,6.8165,0.0,-770.3,0.0,6.8165,1.0,0.0,0.0,0.0,0.0
661,481.44,781.5,40069.05,3306.0,2524.5,6.4257,1.1921,0.0,-781.5,0.0,6.8165,0.0,-781.5,0.0,6.8165,1.0,0.0,0.0,0.0,0.0
662,481.79,777.35,40661.3,3351.5,2574.15,6.4541,1.1902,0.0,-777.35,0.0,6.8165,0.0,-777.35,0.0,6.8165,1.0,0.0,0.0,0.0,0.0
663,482.14,767.2,41071.1,3375.8,2608.6,6.4723,1.1889,0.0,-767.2,0.0,6.8165,0.0,-767.2,0.0,6.8165,1.0,0.0,0.0,0.0,0.0
664,482.48,779.05,41596.8,3397.4,2618.35,6.4147,1.1928,0.0,-779.05,0.0,6.8165,0.0,-779.05,0.0,6.8165,1.0,0.0,0.0,0.0,0.0
665,482.83,770.15,42083.35,3433.8,2663.65,6.4475,1.1906,0.0,-770.15,0.0,6.8165,0.0,-770.15,0.0,6.8165,1.0,0.0,0.0,0.0,0.0
666,483.18,765.4,41920.0,3400.25,2634.85,6.4023,1.1937,0.0,-765.4,0.0,6.8165,0.0,-765.4,0.0,6.8165,1.0,0.0,0.0,0.0,0.0
667,483.52,793.1,42439.45,3450.95,2657.85,6.382,1.195,0.0,-793.1,0.0,6.8165,0.0,-793.1,0.0,6.8165,1.0,0.0,0.0,0.0,0.0
668,483.87,774.15,42565.7,3475.4,2701.25,6.4636,1.1895,0.0,-774.15,0.0,6.8165,0.0,-774.15,0.0,6.8165,1.0,0.0,0.0,0.0,0.0
669,484.22,795.2,42910.0,3461.1,2665.9,6.3301,1.1986,0.0,-795.2,0.0,6.8165,0.0,-795.2,0.0,6.8165,1.0,0.0,0.0,0.0,0.0
670,484.56,799.15,43129.15,3478.8,2679.65,6.3304,1.1986,0.0,-799.15,0.0,6.8165,0.0,-799.15,0.0,6.8165,1.0,0.0,0.0,0.0,0.0
671,484.91,783.45,43335.9,3491.0,2707.55,6.3629,1.1963,0.0,-783.45,0.0,6.8165,0.0,-783.45,0.0,6.8165,1.0,0.0,0.0,0.0,0.0
672,485.26,773.25,42954.55,3470.2,2696.95,6.3937,1.1942,0.0,-773.25,0.0,6.8165,0.0,-773.25,0.0,6.8165,1.0,0.0,0.0,0.0,0.0
673,485.6,786.1,42574.4,3449.15,2663.05,6.3727,1.1957,0.0,-786.1,0.0,6.8165,0.0,-786.1,0.0,6.8165,1.0,0.0,0.0,0.0,0.0
674,485.95,800.6,42383.8,3437.35,2636.75,6.3409,1.1978,0.0,-800.6,0.0,6.8165,0.0,-800.6,0.0,6.8165,1.0,0.0,0.0,0.0,0.0
675,486.3,777.85,41945.2,3396.35,2618.5,6.3606,1.1965,0.0,-777.85,0.0,6.8165,0.0,-777.85,0.0,6.8165,1.0,0.0,0.0,0.0,0.0
676,486.64,793.45,42060.05,3415.4,2621.95,6.3537,1.197,0.0,-793.45,0.0,6.8165,0.0,-793.45,0.0,6.8165,1.0,0.0,0.0,0.0,0.0
677,486.99,796.45,42147.25,3442.15,2645.7,6.3982,1.1939,0.0,-796.45,0.0,6.8165,0.0,-796.45,0.0,6.8165,1.0,0.0,0.0,0.0,0.0
678,487.33,789.7,42388.9,3443.35,2653.65,6.3791,1.1952,0.0,-789.7,0.0,6.8165,0.0,-789.7,0.0,6.8165,1.0,0.0,0.0,0.0,0.0
679,487.68,783.05,42236.65,3433.7,2650.65,6.3943,1.1942,0.0,-783.05,0.0,6.8165,0.0,-783.05,0.0,6.8165,1.0,0.0,0.0,0.0,0.0
680,488.02,780.2,42771.4,3473.9,2693.7,6.4149,1.1928,0.0,-780.2,0.0,6.8165,0.0,-780.2,0.0,6.8165,1.0,0.0,0.0,0.0,0.0
681,488.37,782.45,42623.05,3496.25,2713.8,6.486,1.188,0.0,-782.45,0.0,6.8165,0.0,-782.45,0.0,6.8165,1.0,0.0,0.0,0.0,0.0
682,488.72,781.35,42991.25,3493.95,2712.6,6.4265,1.192,0.0,-781.35,0.0,6.8165,0.0,-781.35,0.0,6.8165,1.0,0.0,0.0,0.0,0.0
683,489.06,791.95,43252.4,3524.95,2733.0,6.4366,1.1913,0.0,-791.95,0.0,6.8165,0.0,-791.95,0.0,6.8165,1.0,0.0,0.0,0.0,0.0
684,489.41,774.7,43763.95,3541.35,2766.65,6.4357,1.1914,0.0,-774.7,0.0,6.8165,0.0,-774.7,0.0,6.8165,1.0,0.0,0.0,0.0,0.0
685,489.75,796.65,43514.0,3532.05,2735.4,6.4035,1.1936,0.0,-796.65,0.0,6.8165,0.0,-796.65,0.0,6.8165,1.0,0.0,0.0,0.0,0.0
686,490.1,794.2,43644.9,3583.95,2789.75,6.5104,1.1864,0.0,-794.2,0.0,6.8165,0.0,-794.2,0.0,6.8165,1.0,0.0,0.0,0.0,0.0
687,490.44,782.15,43695.3,3529.9,2747.75,6.403,1.1936,0.0,-782.15,0.0,6.8165,0.0,-782.15,0.0,6.8165,1.0,0.0,0.0,0.0,0.0
688,490.79,791.55,44419.9,3624.5,2832.95,6.4934,1.1875,0.0,-791.55,0.0,6.8165,0.0,-791.55,0.0,6.8165,1.0,0.0,0.0,0.0,0.0
689,491.13,790.7,44483.2,3631.8,2841.1,6.5025,1.1869,0.0,-790.7,0.0,6.8165,0.0,-790.7,0.0,6.8165,1.0,0.0,0.0,0.0,0.0
690,491.48,790.1,45124.35,3688.15,2898.05,6.5368,1.1846,0.0,-790.1,0.0,6.8165,0.0,-790.1,0.0,6.8165,1.0,0.0,0.0,0.0,0.0
691,491.82,783.9,46218.9,3784.2,3000.3,6.6035,1.1802,0.0,-783.9,0.0,6.8165,0.0,-783.9,0.0,6.8165,1.0,0.0,0.0,0.0,0.0
692,492.16,795.8,47602.15,3895.45,3099.65,6.6223,1.179,0.0,-795.8,0.0,6.8165,0.0,-795.8,0.0,6.8165,1.0,0.0,0.0,0.0,0.0
693,492.51,798.15,48595.15,3965.05,3166.9,6.6257,1.1788,0.0,-798.15,0.0,6.8165,0.0,-798.15,0.0,6.8165,1.0,0.0,0.0,0.0,0.0
694,492.85,782.25,48969.9,4025.35,3243.1,6.7301,1.172,0.0,-782.25,0.0,6.8165,0.0,-782.25,0.0,6.8165,1.0,0.0,0.0,0.0,0.0
695,493.2,803.9,48289.0,3983.95,3180.05,6.6969,1.1741,0.0,-803.9,0.0,6.8165,0.0,-803.9,0.0,6.8165,1.0,0.0,0.0,0.0,0.0
696,493.54,797.4,48657.2,3966.75,3169.35,6.6222,1.179,0.0,-797.4,0.0,6.8165,0.0,-797.4,0.0,6.8165,1.0,0.0,0.0,0.0,0.0
697,493.89,787.15,47893.65,3953.55,3166.4,6.7218,1.1725,0.0,-787.15,0.0,6.8165,0.0,-787.15,0.0,6.8165,1.0,0.0,0.0,0.0,0.0
698,494.23,791.9,48029.45,3949.25,3157.35,6.684,1.175,0.0,-791.9,0.0,6.8165,0.0,-791.9,0.0,6.8165,1.0,0.0,0.0,0.0,0.0
699,494.57,795.55,47316.9,3911.85,3116.3,6.6986,1.174,0.0,-795.55,0.0,6.8165,0.0,-795.55,0.0,6.8165,1.0,0.0,0.0,0.0,0.0
700,494.92,801.5,47234.6,3872.85,3071.35,6.6146,1.1795,0.0,-801.5,0.0,6.8165,0.0,-801.5,0.0,6.8165,1.0,0.0,0.0,0.0,0.0
701,495.26,792.05,47069.4,3858.6,3066.55,6.6265,1.1787,0.0,-792.05,0.0,6.8165,0.0,-792.05,0.0,6.8165,1.0,0.0,0.0,0.0,0.0
702,495.6,805.75,46513.45,3866.15,3060.4,6.6956,1.1742,0.0,-805.75,0.0,6.8165,0.0,-805.75,0.0,6.8165,1.0,0.0,0.0,0.0,0.0
703,495.95,808.85,46334.75,3800.5,2991.65,6.5713,1.1823,0.0,-808.85,0.0,6.8165,0.0,-808.85,0.0,6.8165,1.0,0.0,0.0,0.0,0.0
704,496.29,796.95,46539.05,3801.65,3004.7,6.5688,1.1825,0.0,-796.95,0.0,6.8165,0.0,-796.95,0.0,6.8165,1.0,0.0,0.0,0.0,0.0
705,496.63,792.75,46388.4,3800.85,3008.1,6.5973,1.1806,0.0,-792.75,0.0,6.8165,0.0,-792.75,0.0,6.8165,1.0,0.0,0.0,0.0,0.0
706,496.98,793.8,45836.65,3782.8,2989.0,6.6359,1.1781,0.0,-793.8,0.0,6.8165,0.0,-793.8,0.0,6.8165,1.0,0.0,0.0,0.0,0.0
707,497.32,792.9,46271.0,3815.5,3022.6,6.6463,1.1774,0.0,-792.9,0.0,6.8165,0.0,-792.9,0.0,6.8165,1.0,0.0,0.0,0.0,0.0
708,497.66,799.15,46076.25,3785.0,2985.85,6.5946,1.1808,0.0,-799.15,0.0,6.8165,0.0,-799.15,0.0,6.8165,1.0,0.0,0.0,0.0,0.0
709,498.01,792.15,46071.7,3777.15,2985.0,6.5924,1.181,0.0,-792.15,0.0,6.8165,0.0,-792.15,0.0,6.8165,1.0,0.0,0.0,0.0,0.0
710,498.35,801.15,46131.4,3832.3,3031.15,6.6868,1.1748,0.0,-801.15,0.0,6.8165,0.0,-801.15,0.0,6.8165,1.0,0.0,0.0,0.0,0.0
711,498.69,790.3,45964.65,3806.05,3015.75,6.6758,1.1755,0.0,-790.3,0.0,6.8165,0.0,-790.3,0.0,6.8165,1.0,0.0,0.0,0.0,0.0
712,499.03,805.3,45876.35,3814.45,3009.15,6.6765,1.1755,0.0,-805.3,0.0,6.8165,0.0,-805.3,0.0,6.8165,1.0,0.0,0.0,0.0,0.0
713,499.38,793.25,45775.8,3796.5,3003.25,6.6765,1.1755,0.0,-793.25,0.0,6.8165,0.0,-793.25,0.0,6.8165,1.0,0.0,0.0,0.0,0.0
714,499.72,782.65,46034.6,3813.55,3030.9,6.6978,1.1741,0.0,-782.65,0.0,6.8165,0.0,-782.65,0.0,6.8165,1.0,0.0,0.0,0.0,0.0
715,500.06,799.85,46119.55,3805.55,3005.7,6.6322,1.1783,0.0,-799.85,0.0,6.8165,0.0,-799.85,0.0,6.8165,1.0,0.0,0.0,0.0,0.0
716,500.4,789.45,45809.8,3824.05,3034.6,6.7405,1.1713,0.0,-789.45,0.0,6.8165,0.0,-789.45,0.0,6.8165,1.0,0.0,0.0,0.0,0.0
717,500.75,785.8,46062.9,3836.7,3050.9,6.7383,1.1715,0.0,-785.8,0.0,6.8165,0.0,-785.8,0.0,6.8165,1.0,0.0,0.0,0.0,0.0
718,501.09,796.9,45925.05,3825.25,3028.35,6.7106,1.1732,0.0,-796.9,0.0,6.8165,0.0,-796.9,0.0,6.8165,1.0,0.0,0.0,0.0,0.0
719,501.43,802.45,45990.65,3858.1,3055.65,6.7621,1.1699,0.0,-802.45,0.0,6.8165,0.0,-802.45,0.0,6.8165,1.0,0.0,0.0,0.0,0.0
720,501.77,797.35,46077.75,3834.45,3037.1,6.7073,1.1735,0.0,-797.35,0.0,6.8165,0.0,-797.35,0.0,6.8165,1.0,0.0,0.0,0.0,0.0
721,502.11,806.4,46166.75,3870.7,3064.3,6.7555,1.1703,0.0,-806.4,0.0,6.8165,0.0,-806.4,0.0,6.8165,1.0,0.0,0.0,0.0,0.0
722,502.46,800.55,45781.25,3861.55,3061.0,6.8051,1.1672,0.0,-800.55,0.0,6.8165,0.0,-800.55,0.0,6.8165,1.0,0.0,0.0,0.0,0.0
723,502.8,812.8,46010.2,3891.6,3078.8,6.8119,1.1667,0.0,-812.8,0.0,6.8165,0.0,-812.8,0.0,6.8165,1.0,0.0,0.0,0.0,0.0
724,503.14,795.3,46448.9,3893.9,3098.6,6.7872,1.1683,0.0,-795.3,0.0,6.8165,0.0,-795.3,0.0,6.8165,1.0,0.0,0.0,0.0,0.0
725,503.48,799.1,46586.15,3896.65,3097.55,6.7651,1.1697,0.0,-799.1,0.0,6.8165,0.0,-799.1,0.0,6.8165,1.0,0.0,0.0,0.0,0.0
726,503.82,805.25,46640.55,3918.65,3113.4,6.7926,1.168,0.0,-805.25,0.0,6.8165,0.0,-805.25,0.0,6.8165,1.0,0.0,0.0,0.0,0.0
727,504.16,810.6,46598.85,3939.35,3128.75,6.8331,1.1654,0.0,-810.6,0.0,6.8165,0.0,-810.6,0.0,6.8165,1.0,0.0,0.0,0.0,0.0
728,504.5,783.7,46463.55,3936.15,3152.45,6.9012,1.1611,0.0,-783.7,0.0,6.8165,0.0,-783.7,0.0,6.8165,1.0,0.0,0.0,0.0,0.0
729,504.84,814.0,46610.8,3933.5,3119.5,6.8116,1.1668,0.0,-814.0,0.0,6.8165,0.0,-814.0,0.0,6.8165,1.0,0.0,0.0,0.0,0.0
730,505.19,795.7,46667.4,3927.45,3131.75,6.8272,1.1658,0.0,-795.7,0.0,6.8165,0.0,-795.7,0.0,6.8165,1.0,0.0,0.0,0.0,0.0
731,505.53,792.75,46528.0,3912.85,3120.1,6.8221,1.1661,0.0,-792.75,0.0,6.8165,0.0,-792.75,0.0,6.8165,1.0,0.0,0.0,0.0,0.0
732,505.87,787.05,46667.65,3940.2,3153.15,6.8725,1.1629,0.0,-787.05,0.0,6.8165,0.0,-787.05,0.0,6.8165,1.0,0.0,0.0,0.0,0.0
733,506.21,793.0,46970.6,3954.1,3161.1,6.8455,1.1646,0.0,-793.0,0.0,6.8165,0.0,-793.0,0.0,6.8165,1.0,0.0,0.0,0.0,0.0
734,506.55,801.25,46889.95,3939.5,3138.25,6.8092,1.1669,0.0,-801.25,0.0,6.8165,0.0,-801.25,0.0,6.8165,1.0,0.0,0.0,0.0,0.0
735,506.89,807.65,46992.05,3956.1,3148.45,6.8171,1.1664,0.0,-807.65,0.0,6.8165,0.0,-807.65,0.0,6.8165,1.0,0.0,0.0,0.0,0.0
736,507.23,797.75,47131.5,3957.7,3159.95,6.82,1.1662,0.0,-797.75,0.0,6.8165,0.0,-797.75,0.0,6.8165,1.0,0.0,0.0,0.0,0.0
737,507.57,812.55,46980.6,3991.3,3178.75,6.8852,1.1621,0.0,-812.55,0.0,6.8165,0.0,-812.55,0.0,6.8165,1.0,0.0,0.0,0.0,0.0
738,507.91,794.3,47224.8,3986.9,3192.6,6.8761,1.1627,0.0,-794.3,0.0,6.8165,0.0,-794.3,0.0,6.8165,1.0,0.0,0.0,0.0,0.0
739,508.25,793.95,47413.1,3990.3,3196.35,6.8563,1.1639,0.0,-793.95,0.0,6.8165,0.0,-793.95,0.0,6.8165,1.0,0.0,0.0,0.0,0.0
740,508.59,796.65,47334.65,4009.05,3212.4,6.9027,1.161,0.0,-796.65,0.0,6.8165,0.0,-796.65,0.0,6.8165,1.0,0.0,0.0,0.0,0.0
741,508.93,805.4,47515.8,4006.55,3201.15,6.8532,1.1641,0.0,-805.4,0.0,6.8165,0.0,-805.4,0.0,6.8165,1.0,0.0,0.0,0.0,0.0
742,509.27,793.6,47614.9,3990.25,3196.65,6.8273,1.1657,0.0,-793.6,0.0,6.8165,0.0,-793.6,0.0,6.8165,1.0,0.0,0.0,0.0,0.0
743,509.61,783.95,47561.55,4017.1,3233.15,6.9117,1.1604,0.0,-783.95,0.0,6.8165,0.0,-783.95,0.0,6.8165,1.0,0.0,0.0,0.0,0.0
744,509.95,802.7,47665.05,4051.85,3249.15,6.9334,1.1591,0.0,-802.7,0.0,6.8165,0.0,-802.7,0.0,6.8165,1.0,0.0,0.0,0.0,0.0
745,510.29,798.25,47817.35,4062.7,3264.45,6.9428,1.1585,0.0,-798.25,0.0,6.8165,0.0,-798.25,0.0,6.8165,1.0,0.0,0.0,0.0,0.0
746,510.63,794.7,48194.05,4069.85,3275.15,6.9097,1.1605,0.0,-794.7,0.0,6.8165,0.0,-794.7,0.0,6.8165,1.0,0.0,0.0,0.0,0.0
747,510.97,803.5,48159.5,4062.15,3258.65,6.8812,1.1623,0.0,-803.5,0.0,6.8165,0.0,-803.5,0.0,6.8165,1.0,0.0,0.0,0.0,0.0
748,511.31,793.55,48199.9,4099.9,3306.35,6.9745,1.1565,0.0,-793.55,0.0,6.8165,0.0,-793.55,0.0,6.8165,1.0,0.0,0.0,0.0,0.0
749,511.65,798.45,48094.5,4087.15,3288.7,6.9534,1.1578,0.0,-798.45,0.0,6.8165,0.0,-798.45,0.0,6.8165,1.0,0.0,0.0,0.0,0.0
750,511.98,795.0,48521.6,4121.95,3326.95,6.9709,1.1567,0.0,-795.0,0.0,6.8165,0.0,-795.0,0.0,6.8165,1.0,0.0,0.0,0.0,0.0
751,512.32,800.3,48755.7,4148.9,3348.6,6.9827,1.156,0.0,-800.3,0.0,6.8165,0.0,-800.3,0.0,6.8165,1.0,0.0,0.0,0.0,0.0
752,512.66,808.55,48658.2,4132.65,3324.1,6.947,1.1582,0.0,-808.55,0.0,6.8165,0.0,-808.55,0.0,6.8165,1.0,0.0,0.0,0.0,0.0
753,513.0,805.2,48613.2,4135.2,3330.0,6.9654,1.1571,0.0,-805.2,0.0,6.8165,0.0,-805.2,0.0,6.8165,1.0,0.0,0.0,0.0,0.0
754,513.34,805.6,48800.15,4150.55,3344.95,6.9694,1.1568,0.0,-805.6,0.0,6.8165,0.0,-805.6,0.0,6.8165,1.0,0.0,0.0,0.0,0.0
755,513.68,804.95,49005.85,4178.1,3373.15,6.9981,1.155,0.0,-804.95,0.0,6.8165,0.0,-804.95,0.0,6.8165,1.0,0.0,0.0,0.0,0.0
756,514.02,810.75,49471.05,4256.95,3446.2,7.0822,1.1498,0.0,-810.75,0.0,6.8165,0.0,-810.75,0.0,6.8165,1.0,0.0,0.0,0.0,0.0
757,514.36,802.85,49578.05,4231.35,3428.5,7.0292,1.1531,0.0,-802.85,0.0,6.8165,0.0,-802.85,0.0,6.8165,1.0,0.0,0.0,0.0,0.0
758,514.69,814.05,49516.55,4235.4,3421.35,7.025,1.1534,0.0,-814.05,0.0,6.8165,0.0,-814.05,0.0,6.8165,1.0,0.0,0.0,0.0,0.0
759,515.03,804.8,49778.1,4262.6,3457.8,7.0606,1.1512,0.0,-804.8,0.0,6.8165,0.0,-804.8,0.0,6.8165,1.0,0.0,0.0,0.0,0.0
760,515.37,800.15,49749.65,4273.4,3473.25,7.0956,1.149,0.0,-800.15,0.0,6.8165,0.0,-800.15,0.0,6.8165,1.0,0.0,0.0,0.0,0.0
761,515.71,805.7,49722.4,4256.25,3450.55,7.0539,1.1516,0.0,-805.7,0.0,6.8165,0.0,-805.7,0.0,6.8165,1.0,0.0,0.0,0.0,0.0
762,516.05,798.65,49736.75,4272.15,3473.5,7.0977,1.1489,0.0,-798.65,0.0,6.8165,0.0,-798.65,0.0,6.8165,1.0,0.0,0.0,0.0,0.0
763,516.38,798.45,49980.6,4294.7,3496.25,7.1088,1.1482,0.0,-798.45,0.0,6.8165,0.0,-798.45,0.0,6.8165,1.0,0.0,0.0,0.0,0.0
764,516.72,793.25,50351.95,4290.95,3497.7,7.0577,1.1513,0.0,-793.25,0.0,6.8165,0.0,-793.25,0.0,6.8165,1.0,0.0,0.0,0.0,0.0
765,517.06,800.35,50185.0,4319.65,3519.3,7.1263,1.1471,0.0,-800.35,0.0,6.8165,0.0,-800.35,0.0,6.8165,1.0,0.0,0.0,0.0,0.0
766,517.4,796.95,50265.9,4310.85,3513.9,7.1032,1.1485,0.0,-796.95,0.0,6.8165,0.0,-796.95,0.0,6.8165,1.0,0.0,0.0,0.0,0.0
767,517.73,786.7,50484.45,4335.65,3548.95,7.1411,1.1462,0.0,-786.7,0.0,6.8165,0.0,-786.7,0.0,6.8165,1.0,0.0,0.0,0.0,0.0
768,518.07,778.1,50376.1,4355.65,3577.55,7.2131,1.1419,0.0,-778.1,0.0,6.8165,0.0,-778.1,0.0,6.8165,1.0,0.0,0.0,0.0,0.0
769,518.41,792.9,50408.2,4358.7,3565.8,7.1869,1.1435,0.0,-792.9,0.0,6.8165,0.0,-792.9,0.0,6.8165,1.0,0.0,0.0,0.0,0.0
770,518.75,807.55,50668.15,4367.05,3559.5,7.1389,1.1464,0.0,-807.55,0.0,6.8165,0.0,-807.55,0.0,6.8165,1.0,0.0,0.0,0.0,0.0
771,519.08,811.0,51124.05,4400.45,3589.45,7.1342,1.1467,0.0,-811.0,0.0,6.8165,0.0,-811.0,0.0,6.8165,1.0,0.0,0.0,0.0,0.0
772,519.42,811.4,50978.1,4406.65,3595.25,7.1666,1.1447,0.0,-811.4,0.0,6.8165,0.0,-811.4,0.0,6.8165,1.0,0.0,0.0,0.0,0.0
773,519.76,799.2,51075.85,4415.3,3616.1,7.1924,1.1431,0.0,-799.2,0.0,6.8165,0.0,-799.2,0.0,6.8165,1.0,0.0,0.0,0.0,0.0
774,520.09,811.35,51250.8,4459.3,3647.95,7.2323,1.1407,0.0,-811.35,0.0,6.8165,0.0,-811.35,0.0,6.8165,1.0,0.0,0.0,0.0,0.0
775,520.43,796.55,51065.55,4444.8,3648.25,7.2575,1.1392,0.0,-796.55,0.0,6.8165,0.0,-796.55,0.0,6.8165,1.0,0.0,0.0,0.0,0.0
776,520.77,815.7,50994.15,4429.15,3613.45,7.2012,1.1426,0.0,-815.7,0.0,6.8165,0.0,-815.7,0.0,6.8165,1.0,0.0,0.0,0.0,0.0
777,521.1,801.05,51154.15,4467.35,3666.3,7.2812,1.1378,0.0,-801.05,0.0,6.8165,0.0,-801.05,0.0,6.8165,1.0,0.0,0.0,0.0,0.0
778,521.44,806.3,51136.6,4454.3,3648.0,7.2481,1.1398,0.0,-806.3,0.0,6.8165,0.0,-806.3,0.0,6.8165,1.0,0.0,0.0,0.0,0.0
779,521.78,790.75,51287.45,4462.25,3671.5,7.2708,1.1384,0.0,-790.75,0.0,6.8165,0.0,-790.75,0.0,6.8165,1.0,0.0,0.0,0.0,0.0
780,522.11,806.65,51187.05,4478.05,3671.4,7.2874,1.1374,0.0,-806.65,0.0,6.8165,0.0,-806.65,0.0,6.8165,1.0,0.0,0.0,0.0,0.0
781,522.45,814.2,51505.7,4475.15,3660.95,7.222,1.1413,0.0,-814.2,0.0,6.8165,0.0,-814.2,0.0,6.8165,1.0,0.0,0.0,0.0,0.0
782,522.78,816.45,51286.8,4463.05,3646.6,7.2252,1.1411,0.0,-816.45,0.0,6.8165,0.0,-816.45,0.0,6.8165,1.0,0.0,0.0,0.0,0.0
783,523.12,804.65,51667.15,4505.15,3700.5,7.2755,1.1381,0.0,-804.65,0.0,6.8165,0.0,-804.65,0.0,6.8165,1.0,0.0,0.0,0.0,0.0
784,523.46,816.5,51934.95,4503.35,3686.85,7.2124,1.1419,0.0,-816.5,0.0,6.8165,0.0,-816.5,0.0,6.8165,1.0,0.0,0.0,0.0,0.0
785,523.79,798.95,51419.95,4495.8,3696.85,7.303,1.1365,0.0,-798.95,0.0,6.8165,0.0,-798.95,0.0,6.8165,1.0,0.0,0.0,0.0,0.0
786,524.13,795.6,51516.2,4531.05,3735.45,7.3648,1.1328,0.0,-795.6,0.0,6.8165,0.0,-795.6,0.0,6.8165,1.0,0.0,0.0,0.0,0.0
787,524.46,813.95,51630.75,4501.4,3687.45,7.2564,1.1393,0.0,-813.95,0.0,6.8165,0.0,-813.95,0.0,6.8165,1.0,0.0,0.0,0.0,0.0
788,524.8,819.0,51658.5,4516.4,3697.4,7.2727,1.1383,0.0,-819.0,0.0,6.8165,0.0,-819.0,0.0,6.8165,1.0,0.0,0.0,0.0,0.0
789,525.13,804.7,51668.5,4560.1,3755.4,7.3832,1.1318,0.0,-804.7,0.0,6.8165,0.0,-804.7,0.0,6.8165,1.0,0.0,0.0,0.0,0.0
790,525.47,788.9,52007.3,4543.4,3754.5,7.3304,1.1349,0.0,-788.9,0.0,6.8165,0.0,-788.9,0.0,6.8165,1.0,0.0,0.0,0.0,0.0
791,525.8,811.75,51951.6,4547.2,3735.45,7.3044,1.1364,0.0,-811.75,0.0,6.8165,0.0,-811.75,0.0,6.8165,1.0,0.0,0.0,0.0,0.0
792,526.14,804.2,51842.55,4574.5,3770.3,7.3872,1.1315,0.0,-804.2,0.0,6.8165,0.0,-804.2,0.0,6.8165,1.0,0.0,0.0,0.0,0.0
793,526.47,810.8,52183.85,4574.35,3763.55,7.3259,1.1351,0.0,-810.8,0.0,6.8165,0.0,-810.8,0.0,6.8165,1.0,0.0,0.0,0.0,0.0
794,526.81,795.5,51857.9,4533.7,3738.2,7.3208,1.1354,0.0,-795.5,0.0,6.8165,0.0,-795.5,0.0,6.8165,1.0,0.0,0.0,0.0,0.0
795,527.14,785.2,52036.9,4598.95,3813.75,7.4412,1.1284,0.0,-785.2,0.0,6.8165,0.0,-785.2,0.0,6.8165,1.0,0.0,0.0,0.0,0.0
796,527.48,806.8,52188.3,4578.85,3772.05,7.3413,1.1342,0.0,-806.8,0.0,6.8165,0.0,-806.8,0.0,6.8165,1.0,0.0,0.0,0.0,0.0
797,527.81,812.7,52354.0,4606.15,3793.45,7.36,1.1331,0.0,-812.7,0.0,6.8165,0.0,-812.7,0.0,6.8165,1.0,0.0,0.0,0.0,0.0
798,528.15,801.1,52288.9,4606.95,3805.85,7.3918,1.1313,0.0,-801.1,0.0,6.8165,0.0,-801.1,0.0,6.8165,1.0,0.0,0.0,0.0,0.0
799,528.48,797.7,52410.75,4599.75,3802.05,7.3665,1.1327,0.0,-797.7,0.0,6.8165,0.0,-797.7,0.0,6.8165,1.0,0.0,0.0,0.0,0.0
800,528.82,802.9,52658.35,4667.95,3865.05,7.4535,1.1276,0.0,-802.9,0.0,6.8165,0.0,-802.9,0.0,6.8165,1.0,0.0,0.0,0.0,0.0
801,529.15,807.35,52817.25,4645.15,3837.8,7.379,1.132,0.0,-807.35,0.0,6.8165,0.0,-807.35,0.0,6.8165,1.0,0.0,0.0,0.0,0.0
802,529.49,797.2,53031.95,4685.2,3888.0,7.4433,1.1282,0.0,-797.2,0.0,6.8165,0.0,-797.2,0.0,6.8165,1.0,0.0,0.0,0.0,0.0
803,529.82,810.65,53215.1,4727.35,3916.7,7.474,1.1264,0.0,-810.65,0.0,6.8165,0.0,-810.65,0.0,6.8165,1.0,0.0,0.0,0.0,0.0
804,530.15,812.2,52796.05,4703.15,3890.95,7.4849,1.1258,0.0,-812.2,0.0,6.8165,0.0,-812.2,0.0,6.8165,1.0,0.0,0.0,0.0,0.0
805,530.49,804.7,52638.45,4658.85,3854.15,7.4356,1.1287,0.0,-804.7,0.0,6.8165,0.0,-804.7,0.0,6.8165,1.0,0.0,0.0,0.0,0.0
806,530.82,792.25,52762.65,4674.75,3882.5,7.4706,1.1266,0.0,-792.25,0.0,6.8165,0.0,-792.25,0.0,6.8165,1.0,0.0,0.0,0.0,0.0
807,531.16,808.8,52538.9,4637.15,3828.35,7.4006,1.1307,0.0,-808.8,0.0,6.8165,0.0,-808.8,0.0,6.8165,1.0,0.0,0.0,0.0,0.0
808,531.49,802.6,52574.0,4692.75,3890.15,7.5141,1.1241,0.0,-802.6,0.0,6.8165,0.0,-802.6,0.0,6.8165,1.0,0.0,0.0,0.0,0.0
809,531.82,810.8,52783.7,4699.45,3888.65,7.4821,1.126,0.0,-810.8,0.0,6.8165,0.0,-810.8,0.0,6.8165,1.0,0.0,0.0,0.0,0.0
810,532.16,801.65,52552.1,4652.95,3851.3,7.4421,1.1283,0.0,-801.65,0.0,6.8165,0.0,-801.65,0.0,6.8165,1.0,0.0,0.0,0.0,0.0
811,532.49,809.9,52522.45,4639.75,3829.85,7.406,1.1304,0.0,-809.9,0.0,6.8165,0.0,-809.9,0.0,6.8165,1.0,0.0,0.0,0.0,0.0
812,532.82,809.45,52401.0,4677.05,3867.6,7.4966,1.1251,0.0,-809.45,0.0,6.8165,0.0,-809.45,0.0,6.8165,1.0,0.0,0.0,0.0,0.0
813,533.16,802.35,52653.1,4683.4,3881.05,7.485,1.1258,0.0,-802.35,0.0,6.8165,0.0,-802.35,0.0,6.8165,1.0,0.0,0.0,0.0,0.0
814,533.49,788.3,52300.3,4613.9,3825.6,7.4266,1.1292,0.0,-788.3,0.0,6.8165,0.0,-788.3,0.0,6.8165,1.0,0.0,0.0,0.0,0.0
815,533.82,808.5,52412.1,4650.4,3841.9,7.445,1.1281,0.0,-808.5,0.0,6.8165,0.0,-808.5,0.0,6.8165,1.0,0.0,0.0,0.0,0.0
816,534.15,797.75,52421.4,4645.95,3848.2,7.4543,1.1276,0.0,-797.75,0.0,6.8165,0.0,-797.75,0.0,6.8165,1.0,0.0,0.0,0.0,0.0
817,534.49,803.95,52030.9,4647.55,3843.6,7.5031,1.1248,0.0,-803.95,0.0,6.8165,0.0,-803.95,0.0,6.8165,1.0,0.0,0.0,0.0,0.0
818,534.82,798.9,52065.05,4650.25,3851.35,7.5125,1.1242,0.0,-798.9,0.0,6.8165,0.0,-798.9,0.0,6.8165,1.0,0.0,0.0,0.0,0.0
819,535.15,788.5,52051.65,4643.0,3854.5,7.519,1.1238,0.0,-788.5,0.0,6.8165,0.0,-788.5,0.0,6.8165,1.0,0.0,0.0,0.0,0.0
820,535.48,798.4,51943.0,4611.85,3813.45,7.4562,1.1275,0.0,-798.4,0.0,6.8165,0.0,-798.4,0.0,6.8165,1.0,0.0,0.0,0.0,0.0
821,535.82,815.3,51630.45,4607.05,3791.75,7.4618,1.1272,0.0,-815.3,0.0,6.8165,0.0,-815.3,0.0,6.8165,1.0,0.0,0.0,0.0,0.0
822,536.15,797.05,51844.2,4626.55,3829.5,7.5019,1.1248,0.0,-797.05,0.0,6.8165,0.0,-797.05,0.0,6.8165,1.0,0.0,0.0,0.0,0.0
823,536.48,797.85,51698.55,4595.05,3797.2,7.46,1.1273,0.0,-797.85,0.0,6.8165,0.0,-797.85,0.0,6.8165,1.0,0.0,0.0,0.0,0.0
824,536.81,808.5,51932.55,4637.9,3829.4,7.4904,1.1255,0.0,-808.5,0.0,6.8165,0.0,-808.5,0.0,6.8165,1.0,0.0,0.0,0.0,0.0
825,537.15,787.2,51799.6,4629.8,3842.6,7.5327,1.1231,0.0,-787.2,0.0,6.8165,0.0,-787.2,0.0,6.8165,1.0,0.0,0.0,0.0,0.0
826,537.48,794.45,52358.35,4689.9,3895.45,7.5546,1.1218,0.0,-794.45,0.0,6.8165,0.0,-794.45,0.0,6.8165,1.0,0.0,0.0,0.0,0.0
827,537.81,794.4,52333.8,4685.1,3890.7,7.549,1.1221,0.0,-794.4,0.0,6.8165,0.0,-794.4,0.0,6.8165,1.0,0.0,0.0,0.0,0.0
828,538.14,778.0,51998.9,4637.55,3859.55,7.5351,1.1229,0.0,-778.0,0.0,6.8165,0.0,-778.0,0.0,6.8165,1.0,0.0,0.0,0.0,0.0
829,538.47,794.45,52080.6,4669.05,3874.6,7.5549,1.1218,0.0,-794.45,0.0,6.8165,0.0,-794.45,0.0,6.8165,1.0,0.0,0.0,0.0,0.0
830,538.8,797.65,51909.65,4679.35,3881.7,7.5945,1.1195,0.0,-797.65,0.0,6.8165,0.0,-797.65,0.0,6.8165,1.0,0.0,0.0,0.0,0.0
831,539.14,805.2,52013.4,4682.45,3877.25,7.5715,1.1208,0.0,-805.2,0.0,6.8165,0.0,-805.2,0.0,6.8165,1.0,0.0,0.0,0.0,0.0
832,539.47,798.2,52064.2,4689.85,3891.65,7.5911,1.1197,0.0,-798.2,0.0,6.8165,0.0,-798.2,0.0,6.8165,1.0,0.0,0.0,0.0,0.0
833,539.8,796.45,52037.65,4684.35,3887.9,7.5874,1.1199,0.0,-796.45,0.0,6.8165,0.0,-796.45,0.0,6.8165,1.0,0.0,0.0,0.0,0.0
834,540.13,782.65,52273.85,4688.7,3906.05,7.5859,1.12,0.0,-782.65,0.0,6.8165,0.0,-782.65,0.0,6.8165,1.0,0.0,0.0,0.0,0.0
835,540.46,796.2,52238.4,4717.3,3921.1,7.6223,1.1179,0.0,-796.2,0.0,6.8165,0.0,-796.2,0.0,6.8165,1.0,0.0,0.0,0.0,0.0
836,540.79,786.65,52742.7,4798.85,4012.2,7.7223,1.1123,0.0,-786.65,0.0,6.8165,0.0,-786.65,0.0,6.8165,1.0,0.0,0.0,0.0,0.0
837,541.12,790.2,52660.65,4746.4,3956.2,7.6271,1.1176,0.0,-790.2,0.0,6.8165,0.0,-790.2,0.0,6.8165,1.0,0.0,0.0,0.0,0.0
838,541.45,790.65,52856.05,4758.6,3967.95,7.6211,1.118,0.0,-790.65,0.0,6.8165,0.0,-790.65,0.0,6.8165,1.0,0.0,0.0,0.0,0.0
839,541.78,803.55,53112.25,4751.8,3948.25,7.548,1.1222,0.0,-803.55,0.0,6.8165,0.0,-803.55,0.0,6.8165,1.0,0.0,0.0,0.0,0.0
840,542.11,793.75,53140.8,4765.0,3971.25,7.5864,1.12,0.0,-793.75,0.0,6.8165,0.0,-793.75,0.0,6.8165,1.0,0.0,0.0,0.0,0.0
841,542.44,791.4,53417.05,4823.35,4031.95,7.6616,1.1157,0.0,-791.4,0.0,6.8165,0.0,-791.4,0.0,6.8165,1.0,0.0,0.0,0.0,0.0
842,542.78,792.3,53320.6,4802.15,4009.85,7.6337,1.1173,0.0,-792.3,0.0,6.8165,0.0,-792.3,0.0,6.8165,1.0,0.0,0.0,0.0,0.0
843,543.11,819.75,53294.3,4824.4,4004.65,7.6316,1.1174,0.0,-819.75,0.0,6.8165,0.0,-819.75,0.0,6.8165,1.0,0.0,0.0,0.0,0.0
844,543.44,803.6,53171.1,4809.65,4006.05,7.6499,1.1163,0.0,-803.6,0.0,6.8165,0.0,-803.6,0.0,6.8165,1.0,0.0,0.0,0.0,0.0
845,543.77,785.15,53364.5,4847.35,4062.2,7.7258,1.1121,0.0,-785.15,0.0,6.8165,0.0,-785.15,0.0,6.8165,1.0,0.0,0.0,0.0,0.0
846,544.1,795.9,53712.95,4864.95,4069.05,7.6895,1.1141,0.0,-795.9,0.0,6.8165,0.0,-795.9,0.0,6.8165,1.0,0.0,0.0,0.0,0.0
847,544.43,792.1,53673.3,4869.2,4077.1,7.7099,1.1129,0.0,-792.1,0.0,6.8165,0.0,-792.1,0.0,6.8165,1.0,0.0,0.0,0.0,0.0
848,544.76,790.45,53359.1,4861.55,4071.1,7.7443,1.111,0.0,-790.45,0.0,6.8165,0.0,-790.45,0.0,6.8165,1.0,0.0,0.0,0.0,0.0
849,545.09,797.7,53602.15,4872.8,4075.1,7.7173,1.1125,0.0,-797.7,0.0,6.8165,0.0,-797.7,0.0,6.8165,1.0,0.0,0.0,0.0,0.0
850,545.42,802.85,53809.45,4887.2,4084.35,7.7054,1.1132,0.0,-802.85,0.0,6.8165,0.0,-802.85,0.0,6.8165,1.0,0.0,0.0,0.0,0.0
851,545.74,807.55,53866.8,4906.15,4098.6,7.7246,1.1121,0.0,-807.55,0.0,6.8165,0.0,-807.55,0.0,6.8165,1.0,0.0,0.0,0.0,0.0
852,546.07,791.2,54113.45,4907.85,4116.65,7.7203,1.1124,0.0,-791.2,0.0,6.8165,0.0,-791.2,0.0,6.8165,1.0,0.0,0.0,0.0,0.0
853,546.4,783.4,54337.15,4930.65,4147.25,7.7441,1.111,0.0,-783.4,0.0,6.8165,0.0,-783.4,0.0,6.8165,1.0,0.0,0.0,0.0,0.0
854,546.73,804.75,54707.05,4963.3,4158.55,7.715,1.1127,0.0,-804.75,0.0,6.8165,0.0,-804.75,0.0,6.8165,1.0,0.0,0.0,0.0,0.0
855,547.06,800.55,54460.35,4912.2,4111.65,7.6624,1.1156,0.0,-800.55,0.0,6.8165,0.0,-800.55,0.0,6.8165,1.0,0.0,0.0,0.0,0.0
856,547.39,793.25,55056.7,5003.95,4210.7,7.7597,1.1102,0.0,-793.25,0.0,6.8165,0.0,-793.25,0.0,6.8165,1.0,0.0,0.0,0.0,0.0
857,547.72,803.2,55117.55,4982.85,4179.65,7.6953,1.1138,0.0,-803.2,0.0,6.8165,0.0,-803.2,0.0,6.8165,1.0,0.0,0.0,0.0,0.0
858,548.05,802.15,55229.65,5050.05,4247.9,7.8047,1.1076,0.0,-802.15,0.0,6.8165,0.0,-802.15,0.0,6.8165,1.0,0.0,0.0,0.0,0.0
859,548.38,795.9,55499.95,5003.1,4207.2,7.6908,1.114,0.0,-795.9,0.0,6.8165,0.0,-795.9,0.0,6.8165,1.0,0.0,0.0,0.0,0.0
860,548.71,800.4,55860.25,5033.7,4233.3,7.6885,1.1142,0.0,-800.4,0.0,6.8165,0.0,-800.4,0.0,6.8165,1.0,0.0,0.0,0.0,0.0
861,549.03,808.75,56051.15,5039.35,4230.6,7.6582,1.1159,0.0,-808.75,0.0,6.8165,0.0,-808.75,0.0,6.8165,1.0,0.0,0.0,0.0,0.0
862,549.36,801.85,56252.6,5089.4,4287.55,7.7322,1.1117,0.0,-801.85,0.0,6.8165,0.0,-801.85,0.0,6.8165,1.0,0.0,0.0,0.0,0.0
863,549.69,802.35,56291.15,5127.0,4324.65,7.7937,1.1083,0.0,-802.35,0.0,6.8165,0.0,-802.35,0.0,6.8165,1.0,0.0,0.0,0.0,0.0
864,550.02,793.95,56473.25,5117.4,4323.45,7.7649,1.1099,0.0,-793.95,0.0,6.8165,0.0,-793.95,0.0,6.8165,1.0,0.0,0.0,0.0,0.0
865,550.35,802.35,56534.45,5143.35,4341.0,7.789,1.1085,0.0,-802.35,0.0,6.8165,0.0,-802.35,0.0,6.8165,1.0,0.0,0.0,0.0,0.0
866,550.68,794.95,56427.0,5084.2,4289.25,7.71,1.1129,0.0,-794.95,0.0,6.8165,0.0,-794.95,0.0,6.8165,1.0,0.0,0.0,0.0,0.0
867,551.0,799.6,56655.4,5157.0,4357.4,7.8012,1.1078,0.0,-799.6,0.0,6.8165,0.0,-799.6,0.0,6.8165,1.0,0.0,0.0,0.0,0.0
868,551.33,802.65,56992.65,5206.65,4404.0,7.8377,1.1058,0.0,-802.65,0.0,6.8165,0.0,-802.65,0.0,6.8165,1.0,0.0,0.0,0.0,0.0
869,551.66,797.35,56993.4,5202.0,4404.65,7.838,1.1058,0.0,-797.35,0.0,6.8165,0.0,-797.35,0.0,6.8165,1.0,0.0,0.0,0.0,0.0
870,551.99,793.9,57208.55,5200.0,4406.1,7.8102,1.1073,0.0,-793.9,0.0,6.8165,0.0,-793.9,0.0,6.8165,1.0,0.0,0.0,0.0,0.0
871,552.32,802.55,57120.85,5194.7,4392.15,7.7988,1.108,0.0,-802.55,0.0,6.8165,0.0,-802.55,0.0,6.8165,1.0,0.0,0.0,0.0,0.0
872,552.64,798.45,57540.6,5207.05,4408.6,7.7695,1.1096,0.0,-798.45,0.0,6.8165,0.0,-798.45,0.0,6.8165,1.0,0.0,0.0,0.0,0.0
873,552.97,809.15,57667.65,5263.85,4454.7,7.8347,1.106,0.0,-809.15,0.0,6.8165,0.0,-809.15,0.0,6.8165,1.0,0.0,0.0,0.0,0.0
874,553.3,802.45,57725.95,5259.2,4456.75,7.8294,1.1063,0.0,-802.45,0.0,6.8165,0.0,-802.45,0.0,6.8165,1.0,0.0,0.0,0.0,0.0
875,553.63,799.7,58047.95,5293.25,4493.55,7.8492,1.1052,0.0,-799.7,0.0,6.8165,0.0,-799.7,0.0,6.8165,1.0,0.0,0.0,0.0,0.0
876,553.95,800.85,58388.55,5337.5,4536.65,7.8778,1.1036,0.0,-800.85,0.0,6.8165,0.0,-800.85,0.0,6.8165,1.0,0.0,0.0,0.0,0.0
877,554.28,805.1,58147.0,5309.55,4504.45,7.8554,1.1048,0.0,-805.1,0.0,6.8165,0.0,-805.1,0.0,6.8165,1.0,0.0,0.0,0.0,0.0
878,554.61,802.8,58208.05,5272.35,4469.55,7.786,1.1087,0.0,-802.8,0.0,6.8165,0.0,-802.8,0.0,6.8165,1.0,0.0,0.0,0.0,0.0
879,554.93,801.95,58248.35,5340.85,4538.9,7.9011,1.1023,0.0,-801.95,0.0,6.8165,0.0,-801.95,0.0,6.8165,1.0,0.0,0.0,0.0,0.0
880,555.26,817.45,58367.35,5374.25,4556.8,7.918,1.1014,0.0,-817.45,0.0,6.8165,0.0,-817.45,0.0,6.8165,1.0,0.0,0.0,0.0,0.0
881,555.59,797.75,58535.4,5359.65,4561.9,7.9011,1.1023,0.0,-797.75,0.0,6.8165,0.0,-797.75,0.0,6.8165,1.0,0.0,0.0,0.0,0.0
882,555.91,800.4,58654.3,5350.85,4550.45,7.8654,1.1043,0.0,-800.4,0.0,6.8165,0.0,-800.4,0.0,6.8165,1.0,0.0,0.0,0.0,0.0
883,556.24,817.55,59107.85,5380.3,4562.75,7.8276,1.1064,0.0,-817.55,0.0,6.8165,0.0,-817.55,0.0,6.8165,1.0,0.0,0.0,0.0,0.0
884,556.57,813.45,59249.15,5398.65,4585.2,7.8466,1.1053,0.0,-813.45,0.0,6.8165,0.0,-813.45,0.0,6.8165,1.0,0.0,0.0,0.0,0.0
885,556.89,800.85,58848.9,5309.7,4508.85,7.7674,1.1097,0.0,-800.85,0.0,6.8165,0.0,-800.85,0.0,6.8165,1.0,0.0,0.0,0.0,0.0
886,557.22,796.2,59117.5,5371.25,4575.05,7.8446,1.1054,0.0,-796.2,0.0,6.8165,0.0,-796.2,0.0,6.8165,1.0,0.0,0.0,0.0,0.0
887,557.55,793.85,59203.85,5427.15,4633.3,7.9324,1.1006,0.0,-793.85,0.0,6.8165,0.0,-793.85,0.0,6.8165,1.0,0.0,0.0,0.0,0.0
888,557.87,807.0,59007.2,5405.0,4598.0,7.9003,1.1024,0.0,-807.0,0.0,6.8165,0.0,-807.0,0.0,6.8165,1.0,0.0,0.0,0.0,0.0
889,558.2,809.9,59178.6,5412.65,4602.75,7.8856,1.1032,0.0,-809.9,0.0,6.8165,0.0,-809.9,0.0,6.8165,1.0,0.0,0.0,0.0,0.0
890,558.52,805.7,59552.2,5404.25,4598.55,7.8278,1.1064,0.0,-805.7,0.0,6.8165,0.0,-805.7,0.0,6.8165,1.0,0.0,0.0,0.0,0.0
891,558.85,804.8,59780.2,5445.8,4641.0,7.8694,1.1041,0.0,-804.8,0.0,6.8165,0.0,-804.8,0.0,6.8165,1.0,0.0,0.0,0.0,0.0
892,559.17,803.1,59757.6,5416.35,4613.25,7.8251,1.1065,0.0,-803.1,0.0,6.8165,0.0,-803.1,0.0,6.8165,1.0,0.0,0.0,0.0,0.0
893,559.5,797.3,59934.4,5490.25,4692.95,7.9357,1.1004,0.0,-797.3,0.0,6.8165,0.0,-797.3,0.0,6.8165,1.0,0.0,0.0,0.0,0.0
894,559.83,802.45,60060.75,5462.5,4660.05,7.864,1.1044,0.0,-802.45,0.0,6.8165,0.0,-802.45,0.0,6.8165,1.0,0.0,0.0,0.0,0.0
895,560.15,816.45,60062.1,5464.1,4647.65,7.8447,1.1054,0.0,-816.45,0.0,6.8165,0.0,-816.45,0.0,6.8165,1.0,0.0,0.0,0.0,0.0
896,560.48,797.9,60146.25,5415.75,4617.85,7.7809,1.109,0.0,-797.9,0.0,6.8165,0.0,-797.9,0.0,6.8165,1.0,0.0,0.0,0.0,0.0
897,560.8,811.5,60131.25,5468.0,4656.5,7.8498,1.1051,0.0,-811.5,0.0,6.8165,0.0,-811.5,0.0,6.8165,1.0,0.0,0.0,0.0,0.0
898,561.13,810.75,59884.05,5443.5,4632.75,7.8424,1.1056,0.0,-810.75,0.0,6.8165,0.0,-810.75,0.0,6.8165,1.0,0.0,0.0,0.0,0.0
899,561.45,809.25,59710.05,5455.25,4646.0,7.8878,1.103,0.0,-809.25,0.0,6.8165,0.0,-809.25,0.0,6.8165,1.0,0.0,0.0,0.0,0.0
900,561.78,806.45,59933.9,5486.85,4680.4,7.9158,1.1015,0.0,-806.45,0.0,6.8165,0.0,-806.45,0.0,6.8165,1.0,0.0,0.0,0.0,0.0
901,562.1,813.15,60071.25,5480.5,4667.35,7.8763,1.1037,0.0,-813.15,0.0,6.8165,0.0,-813.15,0.0,6.8165,1.0,0.0,0.0,0.0,0.0
902,562.43,793.55,59734.35,5468.45,4674.9,7.9315,1.1006,0.0,-793.55,0.0,6.8165,0.0,-793.55,0.0,6.8165,1.0,0.0,0.0,0.0,0.0
903,562.75,794.75,60195.85,5486.95,4692.2,7.8992,1.1024,0.0,-794.75,0.0,6.8165,0.0,-794.75,0.0,6.8165,1.0,0.0,0.0,0.0,0.0
904,563.07,802.15,60482.2,5532.95,4730.8,7.9269,1.1009,0.0,-802.15,0.0,6.8165,0.0,-802.15,0.0,6.8165,1.0,0.0,0.0,0.0,0.0
905,563.4,809.55,60636.45,5488.0,4678.45,7.82,1.1068,0.0,-809.55,0.0,6.8165,0.0,-809.55,0.0,6.8165,1.0,0.0,0.0,0.0,0.0
906,563.72,810.55,60442.6,5468.6,4658.05,7.8113,1.1073,0.0,-810.55,0.0,6.8165,0.0,-810.55,0.0,6.8165,1.0,0.0,0.0,0.0,0.0
907,564.05,805.7,60668.0,5505.6,4699.9,7.8512,1.1051,0.0,-805.7,0.0,6.8165,0.0,-805.7,0.0,6.8165,1.0,0.0,0.0,0.0,0.0
908,564.37,792.8,61099.6,5549.7,4756.9,7.8878,1.103,0.0,-792.8,0.0,6.8165,0.0,-792.8,0.0,6.8165,1.0,0.0,0.0,0.0,0.0
909,564.7,801.7,60691.35,5509.2,4707.5,7.8603,1.1046,0.0,-801.7,0.0,6.8165,0.0,-801.7,0.0,6.8165,1.0,0.0,0.0,0.0,0.0
910,565.02,800.9,60951.3,5496.45,4695.55,7.8063,1.1076,0.0,-800.9,0.0,6.8165,0.0,-800.9,0.0,6.8165,1.0,0.0,0.0,0.0,0.0
911,565.34,804.9,60840.75,5508.1,4703.2,7.834,1.106,0.0,-804.9,0.0,6.8165,0.0,-804.9,0.0,6.8165,1.0,0.0,0.0,0.0,0.0
912,565.67,809.8,60956.3,5489.85,4680.05,7.7811,1.109,0.0,-809.8,0.0,6.8165,0.0,-809.8,0.0,6.8165,1.0,0.0,0.0,0.0,0.0
913,565.99,808.55,60987.45,5519.5,4710.95,7.8282,1.1063,0.0,-808.55,0.0,6.8165,0.0,-808.55,0.0,6.8165,1.0,0.0,0.0,0.0,0.0
914,566.31,798.7,61165.55,5534.05,4735.35,7.8443,1.1054,0.0,-798.7,0.0,6.8165,0.0,-798.7,0.0,6.8165,1.0,0.0,0.0,0.0,0.0
915,566.64,802.8,60795.85,5472.25,4669.45,7.7833,1.1088,0.0,-802.8,0.0,6.8165,0.0,-802.8,0.0,6.8165,1.0,0.0,0.0,0.0,0.0
916,566.96,815.35,61033.55,5491.5,4676.15,7.7653,1.1098,0.0,-815.35,0.0,6.8165,0.0,-815.35,0.0,6.8165,1.0,0.0,0.0,0.0,0.0
917,567.29,795.6,60954.3,5497.85,4702.25,7.8164,1.107,0.0,-795.6,0.0,6.8165,0.0,-795.6,0.0,6.8165,1.0,0.0,0.0,0.0,0.0
918,567.61,806.1,60846.6,5521.6,4715.5,7.8539,1.1049,0.0,-806.1,0.0,6.8165,0.0,-806.1,0.0,6.8165,1.0,0.0,0.0,0.0,0.0
919,567.93,789.65,60859.8,5525.25,4735.6,7.8834,1.1033,0.0,-789.65,0.0,6.8165,0.0,-789.65,0.0,6.8165,1.0,0.0,0.0,0.0,0.0
920,568.25,796.4,60788.35,5500.75,4704.35,7.8416,1.1056,0.0,-796.4,0.0,6.8165,0.0,-796.4,0.0,6.8165,1.0,0.0,0.0,0.0,0.0
921,568.58,815.5,60677.9,5472.35,4656.85,7.7793,1.1091,0.0,-815.5,0.0,6.8165,0.0,-815.5,0.0,6.8165,1.0,0.0,0.0,0.0,0.0
922,568.9,802.85,60857.0,5485.5,4682.65,7.7974,1.1081,0.0,-802.85,0.0,6.8165,0.0,-802.85,0.0,6.8165,1.0,0.0,0.0,0.0,0.0
923,569.22,801.9,60921.4,5523.45,4721.55,7.8536,1.1049,0.0,-801.9,0.0,6.8165,0.0,-801.9,0.0,6.8165,1.0,0.0,0.0,0.0,0.0
924,569.55,790.45,61107.9,5481.6,4691.15,7.7774,1.1092,0.0,-790.45,0.0,6.8165,0.0,-790.45,0.0,6.8165,1.0,0.0,0.0,0.0,0.0
925,569.87,788.1,61224.55,5532.5,4744.4,7.8502,1.1051,0.0,-788.1,0.0,6.8165,0.0,-788.1,0.0,6.8165,1.0,0.0,0.0,0.0,0.0
926,570.19,795.95,61188.1,5548.05,4752.1,7.8687,1.1041,0.0,-795.95,0.0,6.8165,0.0,-795.95,0.0,6.8165,1.0,0.0,0.0,0.0,0.0
927,570.51,813.8,60970.75,5478.75,4664.95,7.7546,1.1104,0.0,-813.8,0.0,6.8165,0.0,-813.8,0.0,6.8165,1.0,0.0,0.0,0.0,0.0
928,570.83,810.75,61062.35,5419.0,4608.25,7.6483,1.1164,0.0,-810.75,0.0,6.8165,0.0,-810.75,0.0,6.8165,1.0,0.0,0.0,0.0,0.0
929,571.16,805.2,61147.1,5479.1,4673.9,7.7457,1.1109,0.0,-805.2,0.0,6.8165,0.0,-805.2,0.0,6.8165,1.0,0.0,0.0,0.0,0.0
930,571.48,812.65,61372.95,5439.35,4626.7,7.6398,1.1169,0.0,-812.65,0.0,6.8165,0.0,-812.65,0.0,6.8165,1.0,0.0,0.0,0.0,0.0
931,571.8,811.7,61588.95,5445.2,4633.5,7.6237,1.1178,0.0,-811.7,0.0,6.8165,0.0,-811.7,0.0,6.8165,1.0,0.0,0.0,0.0,0.0
932,572.12,809.65,61591.2,5484.2,4674.55,7.6907,1.114,0.0,-809.65,0.0,6.8165,0.0,-809.65,0.0,6.8165,1.0,0.0,0.0,0.0,0.0
933,572.44,800.55,61176.5,5419.3,4618.75,7.65,1.1163,0.0,-800.55,0.0,6.8165,0.0,-800.55,0.0,6.8165,1.0,0.0,0.0,0.0,0.0
934,572.77,819.4,61378.1,5467.6,4648.2,7.6755,1.1149,0.0,-819.4,0.0,6.8165,0.0,-819.4,0.0,6.8165,1.0,0.0,0.0,0.0,0.0
935,573.09,809.35,60859.45,5409.45,4600.1,7.6604,1.1157,0.0,-809.35,0.0,6.8165,0.0,-809.35,0.0,6.8165,1.0,0.0,0.0,0.0,0.0
936,573.41,810.9,60798.7,5428.05,4617.15,7.6968,1.1137,0.0,-810.9,0.0,6.8165,0.0,-810.9,0.0,6.8165,1.0,0.0,0.0,0.0,0.0
937,573.73,800.25,60704.7,5455.7,4655.45,7.7715,1.1095,0.0,-800.25,0.0,6.8165,0.0,-800.25,0.0,6.8165,1.0,0.0,0.0,0.0,0.0
938,574.05,797.15,60850.75,5403.45,4606.3,7.6703,1.1152,0.0,-797.15,0.0,6.8165,0.0,-797.15,0.0,6.8165,1.0,0.0,0.0,0.0,0.0
939,574.37,803.3,60583.3,5412.25,4608.95,7.7099,1.113,0.0,-803.3,0.0,6.8165,0.0,-803.3,0.0,6.8165,1.0,0.0,0.0,0.0,0.0
940,574.69,806.4,60409.7,5384.95,4578.55,7.6817,1.1145,0.0,-806.4,0.0,6.8165,0.0,-806.4,0.0,6.8165,1.0,0.0,0.0,0.0,0.0
941,575.02,805.55,60705.5,5399.5,4593.95,7.6694,1.1152,0.0,-805.55,0.0,6.8165,0.0,-805.55,0.0,6.8165,1.0,0.0,0.0,0.0,0.0
942,575.34,798.5,60466.85,5402.2,4603.7,7.7155,1.1126,0.0,-798.5,0.0,6.8165,0.0,-798.5,0.0,6.8165,1.0,0.0,0.0,0.0,0.0
943,575.66,802.05,60458.1,5373.25,4571.2,7.6626,1.1156,0.0,-802.05,0.0,6.8165,0.0,-802.05,0.0,6.8165,1.0,0.0,0.0,0.0,0.0
944,575.98,794.7,60475.5,5366.15,4571.45,7.6598,1.1158,0.0,-794.7,0.0,6.8165,0.0,-794.7,0.0,6.8165,1.0,0.0,0.0,0.0,0.0
945,576.3,796.85,60614.0,5343.05,4546.2,7.6002,1.1192,0.0,-796.85,0.0,6.8165,0.0,-796.85,0.0,6.8165,1.0,0.0,0.0,0.0,0.0
946,576.62,802.0,60485.75,5294.3,4492.3,7.5268,1.1234,0.0,-802.0,0.0,6.8165,0.0,-802.0,0.0,6.8165,1.0,0.0,0.0,0.0,0.0
947,576.94,806.15,60953.35,5323.3,4517.15,7.5102,1.1244,0.0,-806.15,0.0,6.8165,0.0,-806.15,0.0,6.8165,1.0,0.0,0.0,0.0,0.0
948,577.26,800.25,60645.35,5303.05,4502.8,7.5241,1.1235,0.0,-800.25,0.0,6.8165,0.0,-800.25,0.0,6.8165,1.0,0.0,0.0,0.0,0.0
949,577.58,813.65,60396.3,5309.45,4495.8,7.5455,1.1223,0.0,-813.65,0.0,6.8165,0.0,-813.65,0.0,6.8165,1.0,0.0,0.0,0.0,0.0
950,577.9,807.55,60605.05,5298.15,4490.6,7.5097,1.1244,0.0,-807.55,0.0,6.8165,0.0,-807.55,0.0,6.8165,1.0,0.0,0.0,0.0,0.0
951,578.22,802.2,60044.55,5235.25,4433.05,7.4829,1.1259,0.0,-802.2,0.0,6.8165,0.0,-802.2,0.0,6.8165,1.0,0.0,0.0,0.0,0.0
952,578.54,805.85,60103.45,5233.95,4428.1,7.4676,1.1268,0.0,-805.85,0.0,6.8165,0.0,-805.85,0.0,6.8165,1.0,0.0,0.0,0.0,0.0
953,578.86,825.0,59579.45,5170.0,4345.0,7.3952,1.1311,0.0,-825.0,0.0,6.8165,0.0,-825.0,0.0,6.8165,1.0,0.0,0.0,0.0,0.0
954,579.18,807.6,59555.4,5171.35,4363.75,7.4279,1.1291,0.0,-807.6,0.0,6.8165,0.0,-807.6,0.0,6.8165,1.0,0.0,0.0,0.0,0.0
955,579.5,806.9,59272.15,5142.7,4335.8,7.416,1.1298,0.0,-806.9,0.0,6.8165,0.0,-806.9,0.0,6.8165,1.0,0.0,0.0,0.0,0.0
956,579.82,809.2,59245.75,5126.8,4317.6,7.3885,1.1314,0.0,-809.2,0.0,6.8165,0.0,-809.2,0.0,6.8165,1.0,0.0,0.0,0.0,0.0
957,580.14,799.35,59295.85,5111.45,4312.1,7.3716,1.1324,0.0,-799.35,0.0,6.8165,0.0,-799.35,0.0,6.8165,1.0,0.0,0.0,0.0,0.0
958,580.46,796.0,59025.7,5069.8,4273.8,7.3396,1.1343,0.0,-796.0,0.0,6.8165,0.0,-796.0,0.0,6.8165,1.0,0.0,0.0,0.0,0.0
959,580.78,819.1,58802.25,5083.7,4264.6,7.3549,1.1334,0.0,-819.1,0.0,6.8165,0.0,-819.1,0.0,6.8165,1.0,0.0,0.0,0.0,0.0
960,581.1,810.95,58468.45,5016.35,4205.4,7.2938,1.137,0.0,-810.95,0.0,6.8165,0.0,-810.95,0.0,6.8165,1.0,0.0,0.0,0.0,0.0
961,581.42,800.2,58542.45,5006.1,4205.9,7.2839,1.1376,0.0,-800.2,0.0,6.8165,0.0,-800.2,0.0,6.8165,1.0,0.0,0.0,0.0,0.0
962,581.73,819.05,58234.15,5021.25,4202.2,7.319,1.1355,0.0,-819.05,0.0,6.8165,0.0,-819.05,0.0,6.8165,1.0,0.0,0.0,0.0,0.0
963,582.05,793.5,57938.65,4984.8,4191.3,7.3345,1.1346,0.0,-793.5,0.0,6.8165,0.0,-793.5,0.0,6.8165,1.0,0.0,0.0,0.0,0.0
964,582.37,823.05,57878.55,4929.0,4105.95,7.1964,1.1429,0.0,-823.05,0.0,6.8165,0.0,-823.05,0.0,6.8165,1.0,0.0,0.0,0.0,0.0
965,582.69,797.2,57724.15,4930.8,4133.6,7.2612,1.139,0.0,-797.2,0.0,6.8165,0.0,-797.2,0.0,6.8165,1.0,0.0,0.0,0.0,0.0
966,583.01,799.2,57924.75,4942.15,4142.95,7.2524,1.1395,0.0,-799.2,0.0,6.8165,0.0,-799.2,0.0,6.8165,1.0,0.0,0.0,0.0,0.0
967,583.33,801.25,57538.85,4859.9,4058.65,7.1534,1.1455,0.0,-801.25,0.0,6.8165,0.0,-801.25,0.0,6.8165,1.0,0.0,0.0,0.0,0.0
968,583.65,805.0,57632.2,4860.05,4055.05,7.1358,1.1466,0.0,-805.0,0.0,6.8165,0.0,-805.0,0.0,6.8165,1.0,0.0,0.0,0.0,0.0
969,583.96,803.7,57080.1,4858.05,4054.35,7.2044,1.1424,0.0,-803.7,0.0,6.8165,0.0,-803.7,0.0,6.8165,1.0,0.0,0.0,0.0,0.0
970,584.28,785.35,57193.2,4831.95,4046.6,7.1738,1.1442,0.0,-785.35,0.0,6.8165,0.0,-785.35,0.0,6.8165,1.0,0.0,0.0,0.0,0.0
971,584.6,804.5,57179.1,4816.8,4012.3,7.1172,1.1477,0.0,-804.5,0.0,6.8165,0.0,-804.5,0.0,6.8165,1.0,0.0,0.0,0.0,0.0
972,584.92,804.7,57146.95,4799.05,3994.35,7.0894,1.1494,0.0,-804.7,0.0,6.8165,0.0,-804.7,0.0,6.8165,1.0,0.0,0.0,0.0,0.0
973,585.24,793.4,56853.15,4796.55,4003.15,7.1409,1.1462,0.0,-793.4,0.0,6.8165,0.0,-793.4,0.0,6.8165,1.0,0.0,0.0,0.0,0.0
974,585.55,799.55,57036.75,4786.8,3987.25,7.0901,1.1494,0.0,-799.55,0.0,6.8165,0.0,-799.55,0.0,6.8165,1.0,0.0,0.0,0.0,0.0
975,585.87,801.5,57026.7,4783.65,3982.15,7.0825,1.1498,0.0,-801.5,0.0,6.8165,0.0,-801.5,0.0,6.8165,1.0,0.0,0.0,0.0,0.0
976,586.19,791.3,56792.55,4735.55,3944.25,7.0431,1.1522,0.0,-791.3,0.0,6.8165,0.0,-791.3,0.0,6.8165,1.0,0.0,0.0,0.0,0.0
977,586.51,793.95,56794.75,4692.2,3898.25,6.9611,1.1573,0.0,-793.95,0.0,6.8165,0.0,-793.95,0.0,6.8165,1.0,0.0,0.0,0.0,0.0
978,586.83,802.9,56477.55,4725.1,3922.2,7.0449,1.1521,0.0,-802.9,0.0,6.8165,0.0,-802.9,0.0,6.8165,1.0,0.0,0.0,0.0,0.0
979,587.14,815.2,56119.1,4680.05,3864.85,6.9884,1.1556,0.0,-815.2,0.0,6.8165,0.0,-815.2,0.0,6.8165,1.0,0.0,0.0,0.0,0.0
980,587.46,806.6,56096.25,4694.95,3888.35,7.0327,1.1529,0.0,-806.6,0.0,6.8165,0.0,-806.6,0.0,6.8165,1.0,0.0,0.0,0.0,0.0
981,587.78,808.65,56336.25,4666.45,3857.8,6.9475,1.1582,0.0,-808.65,0.0,6.8165,0.0,-808.65,0.0,6.8165,1.0,0.0,0.0,0.0,0.0
982,588.09,807.4,56460.75,4636.65,3829.25,6.8805,1.1624,0.0,-807.4,0.0,6.8165,0.0,-807.4,0.0,6.8165,1.0,0.0,0.0,0.0,0.0
983,588.41,813.9,56205.3,4639.65,3825.75,6.9068,1.1607,0.0,-813.9,0.0,6.8165,0.0,-813.9,0.0,6.8165,1.0,0.0,0.0,0.0,0.0
984,588.73,822.0,56249.9,4602.5,3780.5,6.8206,1.1662,0.0,-822.0,0.0,6.8165,0.0,-822.0,0.0,6.8165,1.0,0.0,0.0,0.0,0.0
985,589.04,812.3,56024.65,4587.8,3775.5,6.8381,1.1651,0.0,-812.3,0.0,6.8165,0.0,-812.3,0.0,6.8165,1.0,0.0,0.0,0.0,0.0
986,589.36,820.35,56198.45,4543.45,3723.1,6.7231,1.1724,0.0,-820.35,0.0,6.8165,0.0,-820.35,0.0,6.8165,1.0,0.0,0.0,0.0,0.0
987,589.68,813.6,55975.3,4574.95,3761.35,6.8188,1.1663,0.0,-813.6,0.0,6.8165,0.0,-813.6,0.0,6.8165,1.0,0.0,0.0,0.0,0.0
988,589.99,804.25,55677.1,4561.15,3756.9,6.8466,1.1645,0.0,-804.25,0.0,6.8165,0.0,-804.25,0.0,6.8165,1.0,0.0,0.0,0.0,0.0
989,590.31,796.45,55858.5,4548.45,3752.0,6.8141,1.1666,0.0,-796.45,0.0,6.8165,0.0,-796.45,0.0,6.8165,1.0,0.0,0.0,0.0,0.0
990,590.63,792.65,55601.55,4502.75,3710.1,6.7692,1.1695,0.0,-792.65,0.0,6.8165,0.0,-792.65,0.0,6.8165,1.0,0.0,0.0,0.0,0.0
991,590.94,803.9,55821.6,4484.65,3680.75,6.6901,1.1746,0.0,-803.9,0.0,6.8165,0.0,-803.9,0.0,6.8165,1.0,0.0,0.0,0.0,0.0
992,591.26,807.5,55461.95,4464.45,3656.95,6.691,1.1745,0.0,-807.5,0.0,6.8165,0.0,-807.5,0.0,6.8165,1.0,0.0,0.0,0.0,0.0
993,591.58,811.25,55359.8,4539.8,3728.55,6.8353,1.1652,0.0,-811.25,0.0,6.8165,0.0,-811.25,0.0,6.8165,1.0,0.0,0.0,0.0,0.0
994,591.89,801.25,55473.55,4469.05,3667.8,6.7087,1.1734,0.0,-801.25,0.0,6.8165,0.0,-801.25,0.0,6.8165,1.0,0.0,0.0,0.0,0.0
995,592.21,804.2,55276.75,4456.75,3652.55,6.7053,1.1736,0.0,-804.2,0.0,6.8165,0.0,-804.2,0.0,6.8165,1.0,0.0,0.0,0.0,0.0
996,592.52,795.95,55391.55,4402.55,3606.6,6.606,1.1801,0.0,-795.95,0.0,6.8165,0.0,-795.95,0.0,6.8165,1.0,0.0,0.0,0.0,0.0
997,592.84,802.15,55530.1,4420.3,3618.15,6.6112,1.1797,0.0,-802.15,0.0,6.8165,0.0,-802.15,0.0,6.8165,1.0,0.0,0.0,0.0,0.0
998,593.15,800.25,55636.3,4383.4,3583.15,6.5343,1.1848,0.0,-800.25,0.0,6.8165,0.0,-800.25,0.0,6.8165,1.0,0.0,0.0,0.0,0.0
999,593.47,801.25,55513.95,4395.8,3594.55,6.5699,1.1824,0.0,-801.25,0.0,6.8165,0.0,-801.25,0.0,6.8165,1.0,0.0,0.0,0.0,0.0
1000,593.79,810.9,55317.2,4337.45,3526.55,6.47,1.1891,0.0,-810.9,0.0,6.8165,0.0,-810.9,0.0,6.8165,1.0,0.0,0.0,0.0,0.0
1001,594.1,797.6,55419.5,4364.75,3567.15,6.5306,1.185,0.0,-797.6,0.0,6.8165,0.0,-797.6,0.0,6.8165,1.0,0.0,0.0,0.0,0.0
1002,594.42,796.85,55484.15,4345.8,3548.95,6.4895,1.1878,0.0,-796.85,0.0,6.8165,0.0,-796.85,0.0,6.8165,1.0,0.0,0.0,0.0,0.0
1003,594.73,794.7,55369.55,4286.0,3491.3,6.3973,1.194,0.0,-794.7,0.0,6.8165,0.0,-794.7,0.0,6.8165,1.0,0.0,0.0,0.0,0.0
1004,595.05,810.3,55157.1,4287.75,3477.45,6.3986,1.1939,0.0,-810.3,0.0,6.8165,0.0,-810.3,0.0,6.8165,1.0,0.0,0.0,0.0,0.0
1005,595.36,788.65,55182.65,4302.05,3513.4,6.4592,1.1898,0.0,-788.65,0.0,6.8165,0.0,-788.65,0.0,6.8165,1.0,0.0,0.0,0.0,0.0
1006,595.68,804.05,55272.45,4320.85,3516.8,6.4566,1.19,0.0,-804.05,0.0,6.8165,0.0,-804.05,0.0,6.8165,1.0,0.0,0.0,0.0,0.0
1007,595.99,807.5,55022.5,4269.15,3461.65,6.385,1.1948,0.0,-807.5,0.0,6.8165,0.0,-807.5,0.0,6.8165,1.0,0.0,0.0,0.0,0.0
1008,596.3,797.85,54925.6,4298.6,3500.75,6.4676,1.1893,0.0,-797.85,0.0,6.8165,0.0,-797.85,0.0,6.8165,1.0,0.0,0.0,0.0,0.0
1009,596.62,809.0,54987.05,4246.65,3437.65,6.3451,1.1976,0.0,-809.0,0.0,6.8165,0.0,-809.0,0.0,6.8165,1.0,0.0,0.0,0.0,0.0
1010,596.93,811.55,55310.0,4239.55,3428.0,6.2901,1.2013,0.0,-811.55,0.0,6.8165,0.0,-811.55,0.0,6.8165,1.0,0.0,0.0,0.0,0.0
1011,597.25,823.35,55285.65,4226.55,3403.2,6.2487,1.2042,0.0,-823.35,0.0,6.8165,0.0,-823.35,0.0,6.8165,1.0,0.0,0.0,0.0,0.0
1012,597.56,811.4,54835.7,4196.5,3385.1,6.2659,1.203,0.0,-811.4,0.0,6.8165,0.0,-811.4,0.0,6.8165,1.0,0.0,0.0,0.0,0.0
1013,597.88,814.05,54912.6,4194.25,3380.2,6.2482,1.2042,0.0,-814.05,0.0,6.8165,0.0,-814.05,0.0,6.8165,1.0,0.0,0.0,0.0,0.0
1014,598.19,811.9,55417.75,4171.0,3359.1,6.1515,1.211,0.0,-811.9,0.0,6.8165,0.0,-811.9,0.0,6.8165,1.0,0.0,0.0,0.0,0.0
1015,598.5,813.65,54942.4,4160.3,3346.65,6.1828,1.2088,0.0,-813.65,0.0,6.8165,0.0,-813.65,0.0,6.8165,1.0,0.0,0.0,0.0,0.0
1016,598.82,815.25,54782.95,4133.85,3318.6,6.1492,1.2112,0.0,-815.25,0.0,6.8165,0.0,-815.25,0.0,6.8165,1.0,0.0,0.0,0.0,0.0
1017,599.13,812.45,54358.7,4109.8,3297.35,6.1579,1.2106,0.0,-812.45,0.0,6.8165,0.0,-812.45,0.0,6.8165,1.0,0.0,0.0,0.0,0.0
1018,599.45,809.85,54849.5,4124.95,3315.1,6.1346,1.2122,0.0,-809.85,0.0,6.8165,0.0,-809.85,0.0,6.8165,1.0,0.0,0.0,0.0,0.0
1019,599.76,805.05,54539.65,4060.0,3254.95,6.0575,1.2177,0.0,-805.05,0.0,6.8165,0.0,-805.05,0.0,6.8165,1.0,0.0,0.0,0.0,0.0
1020,600.07,821.55,54850.75,4081.8,3260.25,6.0342,1.2194,0.0,-821.55,0.0,6.8165,0.0,-821.55,0.0,6.8165,1.0,0.0,0.0,0.0,0.0
1021,600.39,801.15,54416.6,4043.4,3242.25,6.0472,1.2184,0.0,-801.15,0.0,6.8165,0.0,-801.15,0.0,6.8165,1.0,0.0,0.0,0.0,0.0
1022,600.7,801.55,54222.15,4033.15,3231.6,6.0494,1.2183,0.0,-801.55,0.0,6.8165,0.0,-801.55,0.0,6.8165,1.0,0.0,0.0,0.0,0.0
1023,601.01,803.25,54342.9,4037.05,3233.8,6.04,1.219,0.0,-803.25,0.0,6.8165,0.0,-803.25,0.0,6.8165,1.0,0.0,0.0,0.0,0.0
1024,601.33,802.85,54101.1,4012.2,3209.35,6.0215,1.2203,0.0,-802.85,0.0,6.8165,0.0,-802.85,0.0,6.8165,1.0,0.0,0.0,0.0,0.0
1025,601.64,812.6,54252.1,4003.55,3190.95,5.9711,1.2239,0.0,-812.6,0.0,6.8165,0.0,-812.6,0.0,6.8165,1.0,0.0,0.0,0.0,0.0
1026,601.95,800.85,54191.9,4015.6,3214.75,6.0211,1.2203,0.0,-800.85,0.0,6.8165,0.0,-800.85,0.0,6.8165,1.0,0.0,0.0,0.0,0.0
1027,602.26,812.15,54382.75,4018.5,3206.35,5.9853,1.2229,0.0,-812.15,0.0,6.8165,0.0,-812.15,0.0,6.8165,1.0,0.0,0.0,0.0,0.0
1028,602.58,810.3,53886.15,3907.75,3097.45,5.8359,1.2339,0.0,-810.3,0.0,6.8165,0.0,-810.3,0.0,6.8165,1.0,0.0,0.0,0.0,0.0
1029,602.89,803.7,53995.85,3884.85,3081.15,5.7925,1.2371,0.0,-803.7,0.0,6.8165,0.0,-803.7,0.0,6.8165,1.0,0.0,0.0,0.0,0.0
1030,603.2,807.45,54419.6,3901.95,3094.5,5.772,1.2387,0.0,-807.45,0.0,6.8165,0.0,-807.45,0.0,6.8165,1.0,0.0,0.0,0.0,0.0
1031,603.51,804.85,54159.1,3893.4,3088.55,5.7888,1.2374,0.0,-804.85,0.0,6.8165,0.0,-804.85,0.0,6.8165,1.0,0.0,0.0,0.0,0.0
1032,603.83,811.85,54098.05,3888.95,3077.1,5.7747,1.2385,0.0,-811.85,0.0,6.8165,0.0,-811.85,0.0,6.8165,1.0,0.0,0.0,0.0,0.0
1033,604.14,804.55,54102.05,3847.85,3043.3,5.71,1.2434,0.0,-804.55,0.0,6.8165,0.0,-804.55,0.0,6.8165,1.0,0.0,0.0,0.0,0.0
1034,604.45,807.95,53831.95,3835.95,3028.0,5.7106,1.2433,0.0,-807.95,0.0,6.8165,0.0,-807.95,0.0,6.8165,1.0,0.0,0.0,0.0,0.0
1035,604.76,812.3,53802.25,3828.15,3015.85,5.6914,1.2448,0.0,-812.3,0.0,6.8165,0.0,-812.3,0.0,6.8165,1.0,0.0,0.0,0.0,0.0
1036,605.07,817.8,53953.95,3807.7,2989.9,5.6269,1.2497,0.0,-817.8,0.0,6.8165,0.0,-817.8,0.0,6.8165,1.0,0.0,0.0,0.0,0.0
1037,605.39,816.4,53977.85,3791.3,2974.9,5.596,1.2521,0.0,-816.4,0.0,6.8165,0.0,-816.4,0.0,6.8165,1.0,0.0,0.0,0.0,0.0
1038,605.7,812.25,53713.1,3773.4,2961.15,5.5975,1.252,0.0,-812.25,0.0,6.8165,0.0,-812.25,0.0,6.8165,1.0,0.0,0.0,0.0,0.0
1039,606.01,804.1,53571.45,3773.0,2968.9,5.6264,1.2498,0.0,-804.1,0.0,6.8165,0.0,-804.1,0.0,6.8165,1.0,0.0,0.0,0.0,0.0
1040,606.32,810.05,53748.3,3764.2,2954.15,5.5804,1.2533,0.0,-810.05,0.0,6.8165,0.0,-810.05,0.0,6.8165,1.0,0.0,0.0,0.0,0.0
1041,606.63,841.0,53380.05,3713.7,2872.7,5.4677,1.2622,0.0,-841.0,0.0,6.8165,0.0,-841.0,0.0,6.8165,1.0,0.0,0.0,0.0,0.0
1042,606.94,821.1,53272.9,3707.4,2886.3,5.5028,1.2594,0.0,-821.1,0.0,6.8165,0.0,-821.1,0.0,6.8165,1.0,0.0,0.0,0.0,0.0
1043,607.26,810.7,53001.95,3670.05,2859.35,5.4786,1.2613,0.0,-810.7,0.0,6.8165,0.0,-810.7,0.0,6.8165,1.0,0.0,0.0,0.0,0.0
1044,607.57,820.95,53233.15,3681.7,2860.75,5.4582,1.263,0.0,-820.95,0.0,6.8165,0.0,-820.95,0.0,6.8165,1.0,0.0,0.0,0.0,0.0
1045,607.88,827.25,52795.85,3627.85,2800.6,5.389,1.2685,0.0,-827.25,0.0,6.8165,0.0,-827.25,0.0,6.8165,1.0,0.0,0.0,0.0,0.0
1046,608.19,809.3,52780.9,3610.8,2801.5,5.3904,1.2684,0.0,-809.3,0.0,6.8165,0.0,-809.3,0.0,6.8165,1.0,0.0,0.0,0.0,0.0
1047,608.5,815.25,52710.65,3643.05,2827.8,5.449,1.2637,0.0,-815.25,0.0,6.8165,0.0,-815.25,0.0,6.8165,1.0,0.0,0.0,0.0,0.0
1048,608.81,810.8,52835.8,3602.05,2791.25,5.3652,1.2704,0.0,-810.8,0.0,6.8165,0.0,-810.8,0.0,6.8165,1.0,0.0,0.0,0.0,0.0
1049,609.12,804.4,53017.25,3593.45,2789.05,5.3417,1.2723,0.0,-804.4,0.0,6.8165,0.0,-804.4,0.0,6.8165,1.0,0.0,0.0,0.0,0.0
1050,609.43,802.6,52835.25,3575.25,2772.65,5.3287,1.2734,0.0,-802.6,0.0,6.8165,0.0,-802.6,0.0,6.8165,1.0,0.0,0.0,0.0,0.0
1051,609.74,809.25,52551.95,3573.0,2763.75,5.3413,1.2724,0.0,-809.25,0.0,6.8165,0.0,-809.25,0.0,6.8165,1.0,0.0,0.0,0.0,0.0
1052,610.05,798.95,53175.7,3575.95,2777.0,5.302,1.2756,0.0,-798.95,0.0,6.8165,0.0,-798.95,0.0,6.8165,1.0,0.0,0.0,0.0,0.0
1053,610.36,811.4,53263.35,3504.05,2692.65,5.1336,1.2896,0.0,-811.4,0.0,6.8165,0.0,-811.4,0.0,6.8165,1.0,0.0,0.0,0.0,0.0
1054,610.67,821.7,53010.2,3505.7,2684.0,5.1429,1.2888,0.0,-821.7,0.0,6.8165,0.0,-821.7,0.0,6.8165,1.0,0.0,0.0,0.0,0.0
1055,610.98,823.6,52726.65,3484.2,2660.6,5.1261,1.2902,0.0,-823.6,0.0,6.8165,0.0,-823.6,0.0,6.8165,1.0,0.0,0.0,0.0,0.0
1056,611.29,812.25,52353.4,3482.4,2670.15,5.1806,1.2856,0.0,-812.25,0.0,6.8165,0.0,-812.25,0.0,6.8165,1.0,0.0,0.0,0.0,0.0
1057,611.6,791.0,52270.6,3469.25,2678.25,5.2025,1.2838,0.0,-791.0,0.0,6.8165,0.0,-791.0,0.0,6.8165,1.0,0.0,0.0,0.0,0.0
1058,611.91,822.1,52569.25,3441.85,2619.75,5.0626,1.2956,0.0,-822.1,0.0,6.8165,0.0,-822.1,0.0,6.8165,1.0,0.0,0.0,0.0,0.0
1059,612.22,801.25,52371.1,3415.6,2614.35,5.0695,1.295,0.0,-801.25,0.0,6.8165,0.0,-801.25,0.0,6.8165,1.0,0.0,0.0,0.0,0.0
1060,612.53,813.6,52426.35,3409.85,2596.25,5.0302,1.2984,0.0,-813.6,0.0,6.8165,0.0,-813.6,0.0,6.8165,1.0,0.0,0.0,0.0,0.0
1061,612.84,819.2,52510.6,3404.3,2585.1,5.001,1.3009,0.0,-819.2,0.0,6.8165,0.0,-819.2,0.0,6.8165,1.0,0.0,0.0,0.0,0.0
1062,613.15,797.9,52236.2,3347.4,2549.5,4.9564,1.3048,0.0,-797.9,0.0,6.8165,0.0,-797.9,0.0,6.8165,1.0,0.0,0.0,0.0,0.0
1063,613.46,792.85,52249.45,3332.9,2540.05,4.9363,1.3066,0.0,-792.85,0.0,6.8165,0.0,-792.85,0.0,6.8165,1.0,0.0,0.0,0.0,0.0
1064,613.77,823.25,52236.5,3307.4,2484.15,4.8317,1.3159,0.0,-823.25,0.0,6.8165,0.0,-823.25,0.0,6.8165,1.0,0.0,0.0,0.0,0.0
1065,614.08,801.35,52032.55,3316.85,2515.5,4.9101,1.3089,0.0,-801.35,0.0,6.8165,0.0,-801.35,0.0,6.8165,1.0,0.0,0.0,0.0,0.0
1066,614.39,810.75,51867.3,3292.25,2481.5,4.8603,1.3133,0.0,-810.75,0.0,6.8165,0.0,-810.75,0.0,6.8165,1.0,0.0,0.0,0.0,0.0
1067,614.7,823.1,51809.85,3265.65,2442.55,4.7906,1.3196,0.0,-823.1,0.0,6.8165,0.0,-823.1,0.0,6.8165,1.0,0.0,0.0,0.0,0.0
1068,615.0,815.8,51621.8,3262.7,2446.9,4.8162,1.3173,0.0,-815.8,0.0,6.8165,0.0,-815.8,0.0,6.8165,1.0,0.0,0.0,0.0,0.0
1069,615.31,825.0,51614.05,3225.3,2400.3,4.726,1.3255,0.0,-825.0,0.0,6.8165,0.0,-825.0,0.0,6.8165,1.0,0.0,0.0,0.0,0.0
1070,615.62,818.75,51543.0,3214.85,2396.1,4.7238,1.3257,0.0,-818.75,0.0,6.8165,0.0,-818.75,0.0,6.8165,1.0,0.0,0.0,0.0,0.0
1071,615.93,812.0,51787.7,3195.75,2383.75,4.6762,1.3301,0.0,-812.0,0.0,6.8165,0.0,-812.0,0.0,6.8165,1.0,0.0,0.0,0.0,0.0
1072,616.24,809.5,51578.05,3198.9,2389.4,4.7065,1.3273,0.0,-809.5,0.0,6.8165,0.0,-809.5,0.0,6.8165,1.0,0.0,0.0,0.0,0.0
1073,616.55,810.55,51521.65,3169.7,2359.15,4.6521,1.3323,0.0,-810.55,0.0,6.8165,0.0,-810.55,0.0,6.8165,1.0,0.0,0.0,0.0,0.0
1074,616.86,816.9,51474.5,3153.65,2336.75,4.6128,1.336,0.0,-816.9,0.0,6.8165,0.0,-816.9,0.0,6.8165,1.0,0.0,0.0,0.0,0.0
1075,617.16,816.6,51314.35,3181.15,2364.55,4.6825,1.3295,0.0,-816.6,0.0,6.8165,0.0,-816.6,0.0,6.8165,1.0,0.0,0.0,0.0,0.0
1076,617.47,805.35,51215.95,3130.9,2325.55,4.6132,1.336,0.0,-805.35,0.0,6.8165,0.0,-805.35,0.0,6.8165,1.0,0.0,0.0,0.0,0.0
1077,617.78,795.1,51514.45,3118.5,2323.4,4.5809,1.339,0.0,-795.1,0.0,6.8165,0.0,-795.1,0.0,6.8165,1.0,0.0,0.0,0.0,0.0
1078,618.09,823.95,50949.15,3073.85,2249.9,4.4886,1.3479,0.0,-823.95,0.0,6.8165,0.0,-823.95,0.0,6.8165,1.0,0.0,0.0,0.0,0.0
1079,618.4,806.1,51045.65,3083.8,2277.7,4.5337,1.3435,0.0,-806.1,0.0,6.8165,0.0,-806.1,0.0,6.8165,1.0,0.0,0.0,0.0,0.0
1080,618.7,792.65,50805.35,3042.3,2249.65,4.4982,1.347,0.0,-792.65,0.0,6.8165,0.0,-792.65,0.0,6.8165,1.0,0.0,0.0,0.0,0.0
1081,619.01,808.4,50709.5,3039.2,2230.8,4.4704,1.3496,0.0,-808.4,0.0,6.8165,0.0,-808.4,0.0,6.8165,1.0,0.0,0.0,0.0,0.0
1082,619.32,809.9,50804.65,3041.9,2232.0,4.4645,1.3502,0.0,-809.9,0.0,6.8165,0.0,-809.9,0.0,6.8165,1.0,0.0,0.0,0.0,0.0
1083,619.63,811.0,50583.75,3002.3,2191.3,4.4026,1.3563,0.0,-811.0,0.0,6.8165,0.0,-811.0,0.0,6.8165,1.0,0.0,0.0,0.0,0.0
1084,619.93,789.5,50277.65,2971.7,2182.2,4.4095,1.3556,0.0,-789.5,0.0,6.8165,0.0,-789.5,0.0,6.8165,1.0,0.0,0.0,0.0,0.0
1085,620.24,799.0,50448.2,2956.75,2157.75,4.346,1.3619,0.0,-799.0,0.0,6.8165,0.0,-799.0,0.0,6.8165,1.0,0.0,0.0,0.0,0.0
1086,620.55,791.2,50378.0,2968.2,2177.0,4.3903,1.3575,0.0,-791.2,0.0,6.8165,0.0,-791.2,0.0,6.8165,1.0,0.0,0.0,0.0,0.0
1087,620.85,805.95,50564.7,2942.6,2136.65,4.294,1.3671,0.0,-805.95,0.0,6.8165,0.0,-805.95,0.0,6.8165,1.0,0.0,0.0,0.0,0.0
1088,621.16,809.45,50201.85,2919.5,2110.05,4.272,1.3694,0.0,-809.45,0.0,6.8165,0.0,-809.45,0.0,6.8165,1.0,0.0,0.0,0.0,0.0
1089,621.47,807.15,49885.85,2906.25,2099.1,4.277,1.3689,0.0,-807.15,0.0,6.8165,0.0,-807.15,0.0,6.8165,1.0,0.0,0.0,0.0,0.0
1090,621.77,796.7,50017.4,2878.75,2082.05,4.23,1.3737,0.0,-796.7,0.0,6.8165,0.0,-796.7,0.0,6.8165,1.0,0.0,0.0,0.0,0.0
1091,622.08,793.9,50289.85,2876.5,2082.6,4.2076,1.376,0.0,-793.9,0.0,6.8165,0.0,-793.9,0.0,6.8165,1.0,0.0,0.0,0.0,0.0
1092,622.39,821.8,49885.1,2828.85,2007.05,4.0907,1.3882,0.0,-821.8,0.0,6.8165,0.0,-821.8,0.0,6.8165,1.0,0.0,0.0,0.0,0.0
1093,622.69,813.25,49767.45,2821.75,2008.5,4.1028,1.3869,0.0,-813.25,0.0,6.8165,0.0,-813.25,0.0,6.8165,1.0,0.0,0.0,0.0,0.0
1094,623.0,806.45,49548.6,2798.3,1991.85,4.0865,1.3886,0.0,-806.45,0.0,6.8165,0.0,-806.45,0.0,6.8165,1.0,0.0,0.0,0.0,0.0
1095,623.31,806.45,49496.45,2779.45,1973.0,4.0522,1.3923,0.0,-806.45,0.0,6.8165,0.0,-806.45,0.0,6.8165,1.0,0.0,0.0,0.0,0.0
1096,623.61,802.85,49507.0,2758.25,1955.4,4.0149,1.3963,0.0,-802.85,0.0,6.8165,0.0,-802.85,0.0,6.8165,1.0,0.0,0.0,0.0,0.0
1097,623.92,801.85,49517.5,2762.9,1961.05,4.0255,1.3952,0.0,-801.85,0.0,6.8165,0.0,-801.85,0.0,6.8165,1.0,0.0,0.0,0.0,0.0
1098,624.22,813.15,49280.2,2690.05,1876.9,3.8725,1.412,0.0,-813.15,0.0,6.8165,0.0,-813.15,0.0,6.8165,1.0,0.0,0.0,0.0,0.0
1099,624.53,810.0,48987.65,2708.9,1898.9,3.9415,1.4043,0.0,-810.0,0.0,6.8165,0.0,-810.0,0.0,6.8165,1.0,0.0,0.0,0.0,0.0
1100,624.84,805.45,48641.2,2689.05,1883.6,3.9376,1.4048,0.0,-805.45,0.0,6.8165,0.0,-805.45,0.0,6.8165,1.0,0.0,0.0,0.0,0.0
1101,625.14,806.8,48517.6,2672.4,1865.6,3.9102,1.4078,0.0,-806.8,0.0,6.8165,0.0,-806.8,0.0,6.8165,1.0,0.0,0.0,0.0,0.0
1102,625.45,805.2,48550.85,2641.4,1836.2,3.8458,1.415,0.0,-805.2,0.0,6.8165,0.0,-805.2,0.0,6.8165,1.0,0.0,0.0,0.0,0.0
1103,625.75,802.05,48399.1,2627.8,1825.75,3.8358,1.4161,0.0,-802.05,0.0,6.8165,0.0,-802.05,0.0,6.8165,1.0,0.0,0.0,0.0,0.0
1104,626.06,793.6,48127.05,2593.05,1799.45,3.8016,1.42,0.0,-793.6,0.0,6.8165,0.0,-793.6,0.0,6.8165,1.0,0.0,0.0,0.0,0.0
1105,626.36,811.75,47932.4,2566.05,1754.3,3.723,1.4291,0.0,-811.75,0.0,6.8165,0.0,-811.75,0.0,6.8165,1.0,0.0,0.0,0.0,0.0
1106,626.67,811.1,48207.05,2566.35,1755.25,3.7034,1.4314,0.0,-811.1,0.0,6.8165,0.0,-811.1,0.0,6.8165,1.0,0.0,0.0,0.0,0.0
1107,626.97,790.75,48259.6,2569.05,1778.3,3.7462,1.4264,0.0,-790.75,0.0,6.8165,0.0,-790.75,0.0,6.8165,1.0,0.0,0.0,0.0,0.0
1108,627.28,795.05,48291.55,2538.4,1743.35,3.6705,1.4353,0.0,-795.05,0.0,6.8165,0.0,-795.05,0.0,6.8165,1.0,0.0,0.0,0.0,0.0
1109,627.58,803.95,47890.35,2525.05,1721.1,3.6552,1.4371,0.0,-803.95,0.0,6.8165,0.0,-803.95,0.0,6.8165,1.0,0.0,0.0,0.0,0.0
1110,627.89,802.55,47660.75,2478.7,1676.15,3.5771,1.4465,0.0,-802.55,0.0,6.8165,0.0,-802.55,0.0,6.8165,1.0,0.0,0.0,0.0,0.0
1111,628.19,801.8,47491.55,2457.15,1655.35,3.5454,1.4503,0.0,-801.8,0.0,6.8165,0.0,-801.8,0.0,6.8165,1.0,0.0,0.0,0.0,0.0
1112,628.5,799.2,47526.75,2446.65,1647.45,3.5257,1.4528,0.0,-799.2,0.0,6.8165,0.0,-799.2,0.0,6.8165,1.0,0.0,0.0,0.0,0.0
1113,628.8,793.1,47139.65,2445.4,1652.3,3.5651,1.4479,0.0,-793.1,0.0,6.8165,0.0,-793.1,0.0,6.8165,1.0,0.0,0.0,0.0,0.0
1114,629.11,790.05,46764.35,2429.15,1639.1,3.5653,1.4479,0.0,-790.05,0.0,6.8165,0.0,-790.05,0.0,6.8165,1.0,0.0,0.0,0.0,0.0
1115,629.41,807.15,47066.45,2424.0,1616.85,3.4952,1.4565,0.0,-807.15,0.0,6.8165,0.0,-807.15,0.0,6.8165,1.0,0.0,0.0,0.0,0.0
1116,629.71,799.8,46652.9,2390.0,1590.2,3.468,1.4599,0.0,-799.8,0.0,6.8165,0.0,-799.8,0.0,6.8165,1.0,0.0,0.0,0.0,0.0
1117,630.02,803.8,46667.5,2387.75,1583.95,3.4536,1.4617,0.0,-803.8,0.0,6.8165,0.0,-803.8,0.0,6.8165,1.0,0.0,0.0,0.0,0.0
1118,630.32,801.75,46686.75,2349.8,1548.05,3.3738,1.4719,0.0,-801.75,0.0,6.8165,0.0,-801.75,0.0,6.8165,1.0,0.0,0.0,0.0,0.0
1119,630.63,798.7,46335.2,2341.95,1543.25,3.389,1.4699,0.0,-798.7,0.0,6.8165,0.0,-798.7,0.0,6.8165,1.0,0.0,0.0,0.0,0.0
1120,630.93,784.25,46373.75,2342.65,1558.4,3.4183,1.4662,0.0,-784.25,0.0,6.8165,0.0,-784.25,0.0,6.8165,1.0,0.0,0.0,0.0,0.0
1121,631.23,793.45,46013.4,2319.35,1525.9,3.3744,1.4718,0.0,-793.45,0.0,6.8165,0.0,-793.45,0.0,6.8165,1.0,0.0,0.0,0.0,0.0
1122,631.54,811.0,45788.1,2299.3,1488.3,3.309,1.4803,0.0,-811.0,0.0,6.8165,0.0,-811.0,0.0,6.8165,1.0,0.0,0.0,0.0,0.0
1123,631.84,814.45,45867.15,2289.05,1474.6,3.2731,1.485,0.0,-814.45,0.0,6.8165,0.0,-814.45,0.0,6.8165,1.0,0.0,0.0,0.0,0.0
1124,632.14,797.5,45625.3,2266.55,1469.05,3.2771,1.4845,0.0,-797.5,0.0,6.8165,0.0,-797.5,0.0,6.8165,1.0,0.0,0.0,0.0,0.0
1125,632.45,809.5,45424.5,2248.15,1438.65,3.2246,1.4915,0.0,-809.5,0.0,6.8165,0.0,-809.5,0.0,6.8165,1.0,0.0,0.0,0.0,0.0
1126,632.75,820.4,45686.6,2238.3,1417.9,3.1603,1.5003,0.0,-820.4,0.0,6.8165,0.0,-820.4,0.0,6.8165,1.0,0.0,0.0,0.0,0.0
1127,633.05,822.65,45200.55,2192.2,1369.55,3.0861,1.5106,0.0,-822.65,0.0,6.8165,0.0,-822.65,0.0,6.8165,1.0,0.0,0.0,0.0,0.0
1128,633.36,810.2,45452.65,2203.15,1392.95,3.1202,1.5058,0.0,-810.2,0.0,6.8165,0.0,-810.2,0.0,6.8165,1.0,0.0,0.0,0.0,0.0
1129,633.66,796.2,45448.45,2221.2,1425.0,3.1913,1.496,0.0,-796.2,0.0,6.8165,0.0,-796.2,0.0,6.8165,1.0,0.0,0.0,0.0,0.0
1130,633.96,788.4,44897.45,2173.0,1384.6,3.139,1.5032,0.0,-788.4,0.0,6.8165,0.0,-788.4,0.0,6.8165,1.0,0.0,0.0,0.0,0.0
1131,634.27,802.5,44997.75,2170.7,1368.2,3.0958,1.5092,0.0,-802.5,0.0,6.8165,0.0,-802.5,0.0,6.8165,1.0,0.0,0.0,0.0,0.0
1132,634.57,803.8,44913.0,2149.35,1345.55,3.0505,1.5156,0.0,-803.8,0.0,6.8165,0.0,-803.8,0.0,6.8165,1.0,0.0,0.0,0.0,0.0
1133,634.87,809.1,44506.25,2146.0,1336.9,3.0595,1.5144,0.0,-809.1,0.0,6.8165,0.0,-809.1,0.0,6.8165,1.0,0.0,0.0,0.0,0.0
1134,635.17,804.0,44237.2,2119.8,1315.8,3.0295,1.5186,0.0,-804.0,0.0,6.8165,0.0,-804.0,0.0,6.8165,1.0,0.0,0.0,0.0,0.0
1135,635.48,800.2,44125.95,2082.8,1282.6,2.9604,1.5287,0.0,-800.2,0.0,6.8165,0.0,-800.2,0.0,6.8165,1.0,0.0,0.0,0.0,0.0
1136,635.78,798.15,44535.25,2103.75,1305.6,2.9851,1.525,0.0,-798.15,0.0,6.8165,0.0,-798.15,0.0,6.8165,1.0,0.0,0.0,0.0,0.0
1137,636.08,799.25,44050.1,2070.9,1271.65,2.9402,1.5316,0.0,-799.25,0.0,6.8165,0.0,-799.25,0.0,6.8165,1.0,0.0,0.0,0.0,0.0
1138,636.38,805.75,44386.7,2046.4,1240.65,2.8468,1.5456,0.0,-805.75,0.0,6.8165,0.0,-805.75,0.0,6.8165,1.0,0.0,0.0,0.0,0.0
1139,636.68,824.0,44070.8,2036.15,1212.15,2.8029,1.5524,0.0,-824.0,0.0,6.8165,0.0,-824.0,0.0,6.8165,1.0,0.0,0.0,0.0,0.0
1140,636.99,802.15,44298.05,2035.6,1233.45,2.8358,1.5473,0.0,-802.15,0.0,6.8165,0.0,-802.15,0.0,6.8165,1.0,0.0,0.0,0.0,0.0
1141,637.29,796.65,44075.2,2028.55,1231.9,2.8464,1.5457,0.0,-796.65,0.0,6.8165,0.0,-796.65,0.0,6.8165,1.0,0.0,0.0,0.0,0.0
1142,637.59,802.25,43693.9,1998.4,1196.15,2.7888,1.5546,0.0,-802.25,0.0,6.8165,0.0,-802.25,0.0,6.8165,1.0,0.0,0.0,0.0,0.0
1143,637.89,802.75,43629.45,1982.9,1180.15,2.7556,1.5598,0.0,-802.75,0.0,6.8165,0.0,-802.75,0.0,6.8165,1.0,0.0,0.0,0.0,0.0
1144,638.19,807.2,43587.8,1972.3,1165.1,2.7234,1.5649,0.0,-807.2,0.0,6.8165,0.0,-807.2,0.0,6.8165,1.0,0.0,0.0,0.0,0.0
1145,638.49,802.1,43167.75,1938.05,1135.95,2.6813,1.5717,0.0,-802.1,0.0,6.8165,0.0,-802.1,0.0,6.8165,1.0,0.0,0.0,0.0,0.0
1146,638.8,799.85,43397.5,1936.9,1137.05,2.6693,1.5736,0.0,-799.85,0.0,6.8165,0.0,-799.85,0.0,6.8165,1.0,0.0,0.0,0.0,0.0
1147,639.1,795.65,43232.8,1923.05,1127.4,2.6566,1.5757,0.0,-795.65,0.0,6.8165,0.0,-795.65,0.0,6.8165,1.0,0.0,0.0,0.0,0.0
1148,639.4,797.55,43051.8,1926.0,1128.45,2.6706,1.5734,0.0,-797.55,0.0,6.8165,0.0,-797.55,0.0,6.8165,1.0,0.0,0.0,0.0,0.0
1149,639.7,798.75,43168.15,1909.85,1111.1,2.6224,1.5813,0.0,-798.75,0.0,6.8165,0.0,-798.75,0.0,6.8165,1.0,0.0,0.0,0.0,0.0
1150,640.0,817.5,42963.05,1901.4,1083.9,2.5718,1.5898,0.0,-817.5,0.0,6.8165,0.0,-817.5,0.0,6.8165,1.0,0.0,0.0,0.0,0.0
1151,640.3,802.25,42949.35,1886.4,1084.15,2.5723,1.5897,0.0,-802.25,0.0,6.8165,0.0,-802.25,0.0,6.8165,1.0,0.0,0.0,0.0,0.0
1152,640.6,799.25,42490.6,1870.7,1071.45,2.57,1.5901,0.0,-799.25,0.0,6.8165,0.0,-799.25,0.0,6.8165,1.0,0.0,0.0,0.0,0.0
1153,640.9,809.95,42628.9,1863.1,1053.15,2.5184,1.5989,0.0,-809.95,0.0,6.8165,0.0,-809.95,0.0,6.8165,1.0,0.0,0.0,0.0,0.0
1154,641.2,793.65,42329.9,1851.95,1058.3,2.5479,1.5938,0.0,-793.65,0.0,6.8165,0.0,-793.65,0.0,6.8165,1.0,0.0,0.0,0.0,0.0
1155,641.5,798.9,42451.25,1833.0,1034.1,2.4827,1.6051,0.0,-798.9,0.0,6.8165,0.0,-798.9,0.0,6.8165,1.0,0.0,0.0,0.0,0.0
1156,641.8,794.55,42060.8,1808.2,1013.65,2.4564,1.6097,0.0,-794.55,0.0,6.8165,0.0,-794.55,0.0,6.8165,1.0,0.0,0.0,0.0,0.0
1157,642.1,794.7,42222.85,1794.4,999.7,2.4131,1.6174,0.0,-794.7,0.0,6.8165,0.0,-794.7,0.0,6.8165,1.0,0.0,0.0,0.0,0.0
1158,642.4,799.0,41974.05,1797.55,998.55,2.4251,1.6153,0.0,-799.0,0.0,6.8165,0.0,-799.0,0.0,6.8165,1.0,0.0,0.0,0.0,0.0
1159,642.7,803.7,42131.95,1789.35,985.65,2.3849,1.6225,0.0,-803.7,0.0,6.8165,0.0,-803.7,0.0,6.8165,1.0,0.0,0.0,0.0,0.0
1160,643.0,803.5,41979.9,1761.15,957.65,2.3257,1.6334,0.0,-803.5,0.0,6.8165,0.0,-803.5,0.0,6.8165,1.0,0.0,0.0,0.0,0.0
1161,643.3,809.35,41865.8,1756.8,947.45,2.3077,1.6368,0.0,-809.35,0.0,6.8165,0.0,-809.35,0.0,6.8165,1.0,0.0,0.0,0.0,0.0
1162,643.6,801.45,41916.35,1749.55,948.1,2.306,1.6371,0.0,-801.45,0.0,6.8165,0.0,-801.45,0.0,6.8165,1.0,0.0,0.0,0.0,0.0
1163,643.9,798.05,41777.7,1718.55,920.5,2.2462,1.6485,0.0,-798.05,0.0,6.8165,0.0,-798.05,0.0,6.8165,1.0,0.0,0.0,0.0,0.0
1164,644.2,780.65,41793.6,1732.5,951.85,2.3209,1.6344,0.0,-780.65,0.0,6.8165,0.0,-780.65,0.0,6.8165,1.0,0.0,0.0,0.0,0.0
1165,644.5,795.9,41625.65,1701.45,905.55,2.2179,1.6541,0.0,-795.9,0.0,6.8165,0.0,-795.9,0.0,6.8165,1.0,0.0,0.0,0.0,0.0
1166,644.8,799.6,41624.5,1696.25,896.65,2.1963,1.6583,0.0,-799.6,0.0,6.8165,0.0,-799.6,0.0,6.8165,1.0,0.0,0.0,0.0,0.0
1167,645.1,787.85,41213.1,1690.7,902.85,2.2334,1.651,0.0,-787.85,0.0,6.8165,0.0,-787.85,0.0,6.8165,1.0,0.0,0.0,0.0,0.0
1168,645.4,785.45,41046.0,1673.5,888.05,2.2058,1.6564,0.0,-785.45,0.0,6.8165,0.0,-785.45,0.0,6.8165,1.0,0.0,0.0,0.0,0.0
1169,645.7,786.35,41370.75,1668.9,882.55,2.1746,1.6626,0.0,-786.35,0.0,6.8165,0.0,-786.35,0.0,6.8165,1.0,0.0,0.0,0.0,0.0
1170,646.0,784.9,40845.8,1648.9,864.0,2.1567,1.6662,0.0,-784.9,0.0,6.8165,0.0,-784.9,0.0,6.8165,1.0,0.0,0.0,0.0,0.0
1171,646.3,786.0,41104.7,1647.95,861.95,2.1378,1.67,0.0,-786.0,0.0,6.8165,0.0,-786.0,0.0,6.8165,1.0,0.0,0.0,0.0,0.0
1172,646.59,803.1,40688.3,1634.85,831.75,2.0854,1.6808,0.0,-803.1,0.0,6.8165,0.0,-803.1,0.0,6.8165,1.0,0.0,0.0,0.0,0.0
1173,646.89,781.75,41019.05,1632.95,851.2,2.1155,1.6746,0.0,-781.75,0.0,6.8165,0.0,-781.75,0.0,6.8165,1.0,0.0,0.0,0.0,0.0
1174,647.19,778.15,40669.0,1623.55,845.4,2.1193,1.6738,0.0,-778.15,0.0,6.8165,0.0,-778.15,0.0,6.8165,1.0,0.0,0.0,0.0,0.0
1175,647.49,783.75,40557.6,1611.95,828.2,2.0823,1.6815,0.0,-783.75,0.0,6.8165,0.0,-783.75,0.0,6.8165,1.0,0.0,0.0,0.0,0.0
1176,647.79,778.7,40732.3,1622.75,844.05,2.1126,1.6752,0.0,-778.7,0.0,6.8165,0.0,-778.7,0.0,6.8165,1.0,0.0,0.0,0.0,0.0
1177,648.09,793.7,40631.8,1612.0,818.3,2.0541,1.6874,0.0,-793.7,0.0,6.8165,0.0,-793.7,0.0,6.8165,1.0,0.0,0.0,0.0,0.0
1178,648.39,791.2,40743.05,1584.2,793.0,1.9849,1.7023,0.0,-791.2,0.0,6.8165,0.0,-791.2,0.0,6.8165,1.0,0.0,0.0,0.0,0.0
1179,648.68,792.0,40517.2,1588.15,796.15,2.0041,1.6981,0.0,-792.0,0.0,6.8165,0.0,-792.0,0.0,6.8165,1.0,0.0,0.0,0.0,0.0
1180,648.98,782.3,40058.4,1571.1,788.8,2.0083,1.6972,0.0,-782.3,0.0,6.8165,0.0,-782.3,0.0,6.8165,1.0,0.0,0.0,0.0,0.0
1181,649.28,779.6,40335.7,1567.25,787.65,1.9912,1.7009,0.0,-779.6,0.0,6.8165,0.0,-779.6,0.0,6.8165,1.0,0.0,0.0,0.0,0.0
1182,649.58,796.55,40194.15,1535.05,738.5,1.8745,1.7271,0.0,-796.55,0.0,6.8165,0.0,-796.55,0.0,6.8165,1.0,0.0,0.0,0.0,0.0
1183,649.87,795.2,39999.1,1528.65,733.45,1.8709,1.728,0.0,-795.2,0.0,6.8165,0.0,-795.2,0.0,6.8165,1.0,0.0,0.0,0.0,0.0
1184,650.17,795.55,40012.4,1529.85,734.3,1.8724,1.7276,0.0,-795.55,0.0,6.8165,0.0,-795.55,0.0,6.8165,1.0,0.0,0.0,0.0,0.0
1185,650.47,795.4,40144.7,1532.35,736.95,1.8728,1.7275,0.0,-795.4,0.0,6.8165,0.0,-795.4,0.0,6.8165,1.0,0.0,0.0,0.0,0.0
1186,650.77,789.0,39910.85,1509.7,720.7,1.8422,1.7347,0.0,-789.0,0.0,6.8165,0.0,-789.0,0.0,6.8165,1.0,0.0,0.0,0.0,0.0
1187,651.06,780.25,39528.9,1498.55,718.3,1.8537,1.732,0.0,-780.25,0.0,6.8165,0.0,-780.25,0.0,6.8165,1.0,0.0,0.0,0.0,0.0
1188,651.36,788.15,39115.05,1478.85,690.7,1.8021,1.7442,0.0,-788.15,0.0,6.8165,0.0,-788.15,0.0,6.8165,1.0,0.0,0.0,0.0,0.0
1189,651.66,775.55,39075.15,1445.15,669.6,1.7483,1.7574,0.0,-775.55,0.0,6.8165,0.0,-775.55,0.0,6.8165,1.0,0.0,0.0,0.0,0.0
1190,651.96,785.55,39061.7,1453.35,667.8,1.7447,1.7583,0.0,-785.55,0.0,6.8165,0.0,-785.55,0.0,6.8165,1.0,0.0,0.0,0.0,0.0
1191,652.25,779.65,38805.6,1458.5,678.85,1.7852,1.7483,0.0,-779.65,0.0,6.8165,0.0,-779.65,0.0,6.8165,1.0,0.0,0.0,0.0,0.0
1192,652.55,782.55,38402.15,1434.45,651.9,1.7329,1.7612,0.0,-782.55,0.0,6.8165,0.0,-782.55,0.0,6.8165,1.0,0.0,0.0,0.0,0.0
1193,652.85,781.5,37868.05,1405.45,623.95,1.6824,1.7741,0.0,-781.5,0.0,6.8165,0.0,-781.5,0.0,6.8165,1.0,0.0,0.0,0.0,0.0
1194,653.14,784.55,37937.55,1404.7,620.15,1.6692,1.7775,0.0,-784.55,0.0,6.8165,0.0,-784.55,0.0,6.8165,1.0,0.0,0.0,0.0,0.0
1195,653.44,788.25,37870.2,1402.05,613.8,1.6553,1.7811,0.0,-788.25,0.0,6.8165,0.0,-788.25,0.0,6.8165,1.0,0.0,0.0,0.0,0.0
1196,653.74,769.85,37517.25,1385.05,615.2,1.6741,1.7762,0.0,-769.85,0.0,6.8165,0.0,-769.85,0.0,6.8165,1.0,0.0,0.0,0.0,0.0
1197,654.03,773.8,37453.85,1383.15,609.35,1.6613,1.7796,0.0,-773.8,0.0,6.8165,0.0,-773.8,0.0,6.8165,1.0,0.0,0.0,0.0,0.0
1198,654.33,783.55,37232.75,1380.2,596.65,1.6369,1.786,0.0,-783.55,0.0,6.8165,0.0,-783.55,0.0,6.8165,1.0,0.0,0.0,0.0,0.0
1199,654.62,787.15,37165.3,1370.4,583.25,1.6033,1.795,0.0,-787.15,0.0,6.8165,0.0,-787.15,0.0,6.8165,1.0,0.0,0.0,0.0,0.0
1200,654.92,780.65,37263.65,1372.75,592.1,1.6229,1.7897,0.0,-780.65,0.0,6.8165,0.0,-780.65,0.0,6.8165,1.0,0.0,0.0,0.0,0.0
1201,655.22,784.25,36911.45,1346.3,562.05,1.5558,1.8081,0.0,-784.25,0.0,6.8165,0.0,-784.25,0.0,6.8165,1.0,0.0,0.0,0.0,0.0
1202,655.51,798.9,37150.4,1349.85,550.95,1.5156,1.8194,0.0,-798.9,0.0,6.8165,0.0,-798.9,0.0,6.8165,1.0,0.0,0.0,0.0,0.0
1203,655.81,781.65,36996.55,1342.45,560.8,1.5485,1.8101,0.0,-781.65,0.0,6.8165,0.0,-781.65,0.0,6.8165,1.0,0.0,0.0,0.0,0.0
1204,656.1,792.65,36916.25,1334.75,542.1,1.5007,1.8237,0.0,-792.65,0.0,6.8165,0.0,-792.65,0.0,6.8165,1.0,0.0,0.0,0.0,0.0
1205,656.4,778.3,36664.8,1326.0,547.7,1.5262,1.8164,0.0,-778.3,0.0,6.8165,0.0,-778.3,0.0,6.8165,1.0,0.0,0.0,0.0,0.0
1206,656.69,794.1,37087.9,1317.85,523.75,1.4431,1.8407,0.0,-794.1,0.0,6.8165,0.0,-794.1,0.0,6.8165,1.0,0.0,0.0,0.0,0.0
1207,656.99,792.0,37077.9,1304.55,512.55,1.4125,1.85,0.0,-792.0,0.0,6.8165,0.0,-792.0,0.0,6.8165,1.0,0.0,0.0,0.0,0.0
1208,657.29,791.4,36765.2,1308.05,516.65,1.4362,1.8428,0.0,-791.4,0.0,6.8165,0.0,-791.4,0.0,6.8165,1.0,0.0,0.0,0.0,0.0
1209,657.58,790.8,36490.4,1290.5,499.7,1.3997,1.854,0.0,-790.8,0.0,6.8165,0.0,-790.8,0.0,6.8165,1.0,0.0,0.0,0.0,0.0
1210,657.88,788.1,36697.7,1290.1,502.0,1.398,1.8545,0.0,-788.1,0.0,6.8165,0.0,-788.1,0.0,6.8165,1.0,0.0,0.0,0.0,0.0
1211,658.17,782.2,36442.55,1307.65,525.45,1.4735,1.8317,0.0,-782.2,0.0,6.8165,0.0,-782.2,0.0,6.8165,1.0,0.0,0.0,0.0,0.0
1212,658.47,792.45,36461.65,1276.85,484.4,1.358,1.8671,0.0,-792.45,0.0,6.8165,0.0,-792.45,0.0,6.8165,1.0,0.0,0.0,0.0,0.0
1213,658.76,790.75,36157.85,1277.0,486.25,1.3749,1.8617,0.0,-790.75,0.0,6.8165,0.0,-790.75,0.0,6.8165,1.0,0.0,0.0,0.0,0.0
1214,659.05,796.85,36239.9,1261.7,464.85,1.3115,1.8822,0.0,-796.85,0.0,6.8165,0.0,-796.85,0.0,6.8165,1.0,0.0,0.0,0.0,0.0
1215,659.35,785.3,36422.95,1256.5,471.2,1.3222,1.8787,0.0,-785.3,0.0,6.8165,0.0,-785.3,0.0,6.8165,1.0,0.0,0.0,0.0,0.0
1216,659.64,795.1,36277.35,1266.35,471.25,1.3281,1.8768,0.0,-795.1,0.0,6.8165,0.0,-795.1,0.0,6.8165,1.0,0.0,0.0,0.0,0.0
1217,659.94,804.9,36328.75,1261.7,456.8,1.2859,1.8908,0.0,-804.9,0.0,6.8165,0.0,-804.9,0.0,6.8165,1.0,0.0,0.0,0.0,0.0
1218,660.23,780.3,36056.9,1239.3,459.0,1.3011,1.8857,0.0,-780.3,0.0,6.8165,0.0,-780.3,0.0,6.8165,1.0,0.0,0.0,0.0,0.0
1219,660.53,798.6,35929.95,1222.0,423.4,1.2052,1.9189,0.0,-798.6,0.0,6.8165,0.0,-798.6,0.0,6.8165,1.0,0.0,0.0,0.0,0.0
1220,660.82,792.45,35966.6,1237.75,445.3,1.266,1.8976,0.0,-792.45,0.0,6.8165,0.0,-792.45,0.0,6.8165,1.0,0.0,0.0,0.0,0.0
1221,661.11,800.3,35899.35,1218.35,418.05,1.1911,1.9241,0.0,-800.3,0.0,6.8165,0.0,-800.3,0.0,6.8165,1.0,0.0,0.0,0.0,0.0
1222,661.41,785.15,35852.5,1206.65,421.5,1.202,1.9201,0.0,-785.15,0.0,6.8165,0.0,-785.15,0.0,6.8165,1.0,0.0,0.0,0.0,0.0
1223,661.7,793.45,35901.3,1190.6,397.15,1.1312,1.9464,0.0,-793.45,0.0,6.8165,0.0,-793.45,0.0,6.8165,1.0,0.0,0.0,0.0,0.0
1224,662.0,773.55,35778.15,1206.7,433.15,1.2374,1.9075,0.0,-773.55,0.0,6.8165,0.0,-773.55,0.0,6.8165,1.0,0.0,0.0,0.0,0.0
1225,662.29,776.9,35505.1,1192.8,415.9,1.1976,1.9217,0.0,-776.9,0.0,6.8165,0.0,-776.9,0.0,6.8165,1.0,0.0,0.0,0.0,0.0
1226,662.58,777.95,35446.5,1200.95,423.0,1.2201,1.9136,0.0,-777.95,0.0,6.8165,0.0,-777.95,0.0,6.8165,1.0,0.0,0.0,0.0,0.0
1227,662.88,786.85,35286.8,1200.35,413.5,1.1986,1.9213,0.0,-786.85,0.0,6.8165,0.0,-786.85,0.0,6.8165,1.0,0.0,0.0,0.0,0.0
1228,663.17,791.55,35045.0,1181.45,389.9,1.1383,1.9438,0.0,-791.55,0.0,6.8165,0.0,-791.55,0.0,6.8165,1.0,0.0,0.0,0.0,0.0
1229,663.46,795.95,35273.4,1175.45,379.5,1.1007,1.9583,0.0,-795.95,0.0,6.8165,0.0,-795.95,0.0,6.8165,1.0,0.0,0.0,0.0,0.0
1230,663.76,798.0,35151.0,1173.1,375.1,1.0919,1.9618,0.0,-798.0,0.0,6.8165,0.0,-798.0,0.0,6.8165,1.0,0.0,0.0,0.0,0.0
1231,664.05,778.5,35474.6,1154.95,376.45,1.085,1.9646,0.0,-778.5,0.0,6.8165,0.0,-778.5,0.0,6.8165,1.0,0.0,0.0,0.0,0.0
1232,664.34,773.0,35200.55,1169.25,396.25,1.151,1.9389,0.0,-773.0,0.0,6.8165,0.0,-773.0,0.0,6.8165,1.0,0.0,0.0,0.0,0.0
1233,664.64,776.15,35132.55,1149.45,373.3,1.0866,1.9639,0.0,-776.15,0.0,6.8165,0.0,-776.15,0.0,6.8165,1.0,0.0,0.0,0.0,0.0
1234,664.93,798.45,35201.3,1149.1,350.65,1.0192,1.9917,0.0,-798.45,0.0,6.8165,0.0,-798.45,0.0,6.8165,1.0,0.0,0.0,0.0,0.0
1235,665.22,790.05,34825.35,1156.35,366.3,1.0762,1.9681,0.0,-790.05,0.0,6.8165,0.0,-790.05,0.0,6.8165,1.0,0.0,0.0,0.0,0.0
1236,665.51,793.95,35067.45,1155.55,361.6,1.055,1.9767,0.0,-793.95,0.0,6.8165,0.0,-793.95,0.0,6.8165,1.0,0.0,0.0,0.0,0.0
1237,665.81,796.55,35000.95,1129.4,332.85,0.9731,2.0118,0.0,-796.55,0.0,6.8165,0.0,-796.55,0.0,6.8165,1.0,0.0,0.0,0.0,0.0
1238,666.1,782.85,34974.1,1149.35,366.5,1.0719,1.9698,0.0,-782.85,0.0,6.8165,0.0,-782.85,0.0,6.8165,1.0,0.0,0.0,0.0,0.0
1239,666.39,790.7,35151.7,1134.35,343.65,1.0001,1.9999,0.0,-790.7,0.0,6.8165,0.0,-790.7,0.0,6.8165,1.0,0.0,0.0,0.0,0.0
1240,666.68,792.4,35120.45,1131.15,338.75,0.9868,2.0058,0.0,-792.4,0.0,6.8165,0.0,-792.4,0.0,6.8165,1.0,0.0,0.0,0.0,0.0
1241,666.97,791.0,34944.55,1115.2,324.2,0.9492,2.0226,0.0,-791.0,0.0,6.8165,0.0,-791.0,0.0,6.8165,1.0,0.0,0.0,0.0,0.0
1242,667.27,796.55,34807.05,1112.9,316.35,0.9302,2.0314,0.0,-796.55,0.0,6.8165,0.0,-796.55,0.0,6.8165,1.0,0.0,0.0,0.0,0.0
1243,667.56,788.3,34976.4,1116.15,327.85,0.959,2.0182,0.0,-788.3,0.0,6.8165,0.0,-788.3,0.0,6.8165,1.0,0.0,0.0,0.0,0.0
1244,667.85,786.4,34946.35,1091.8,305.4,0.894,2.0486,0.0,-786.4,0.0,6.8165,0.0,-786.4,0.0,6.8165,1.0,0.0,0.0,0.0,0.0
1245,668.14,794.7,34938.95,1106.3,311.6,0.9126,2.0397,0.0,-794.7,0.0,6.8165,0.0,-794.7,0.0,6.8165,1.0,0.0,0.0,0.0,0.0
1246,668.43,792.15,34675.4,1087.45,295.3,0.8715,2.0597,0.0,-792.15,0.0,6.8165,0.0,-792.15,0.0,6.8165,1.0,0.0,0.0,0.0,0.0
1247,668.72,799.85,34523.15,1086.0,286.15,0.8485,2.0713,0.0,-799.85,0.0,6.8165,0.0,-799.85,0.0,6.8165,1.0,0.0,0.0,0.0,0.0
1248,669.02,782.05,34518.9,1092.9,310.85,0.9214,2.0356,0.0,-782.05,0.0,6.8165,0.0,-782.05,0.0,6.8165,1.0,0.0,0.0,0.0,0.0
1249,669.31,774.6,34518.8,1093.9,319.3,0.9462,2.024,0.0,-774.6,0.0,6.8165,0.0,-774.6,0.0,6.8165,1.0,0.0,0.0,0.0,0.0
1250,669.6,781.05,34512.65,1110.55,329.5,0.9768,2.0102,0.0,-781.05,0.0,6.8165,0.0,-781.05,0.0,6.8165,1.0,0.0,0.0,0.0,0.0
1251,669.89,777.9,34369.15,1089.65,311.75,0.9281,2.0324,0.0,-777.9,0.0,6.8165,0.0,-777.9,0.0,6.8165,1.0,0.0,0.0,0.0,0.0
1252,670.18,787.1,34412.4,1073.0,285.9,0.8503,2.0705,0.0,-787.1,0.0,6.8165,0.0,-787.1,0.0,6.8165,1.0,0.0,0.0,0.0,0.0
1253,670.47,780.2,34203.7,1056.0,275.8,0.8252,2.0835,0.0,-780.2,0.0,6.8165,0.0,-780.2,0.0,6.8165,1.0,0.0,0.0,0.0,0.0
1254,670.76,785.25,34069.65,1056.9,271.65,0.8161,2.0882,0.0,-785.25,0.0,6.8165,0.0,-785.25,0.0,6.8165,1.0,0.0,0.0,0.0,0.0
1255,671.05,777.5,33911.7,1068.6,291.1,0.8785,2.0562,0.0,-777.5,0.0,6.8165,0.0,-777.5,0.0,6.8165,1.0,0.0,0.0,0.0,0.0
1256,671.34,779.2,34360.55,1043.35,264.15,0.7866,2.1042,0.0,-779.2,0.0,6.8165,0.0,-779.2,0.0,6.8165,1.0,0.0,0.0,0.0,0.0
1257,671.63,774.45,34158.2,1038.1,263.65,0.7898,2.1025,0.0,-774.45,0.0,6.8165,0.0,-774.45,0.0,6.8165,1.0,0.0,0.0,0.0,0.0
1258,671.92,783.45,34180.65,1041.45,258.0,0.7725,2.1121,0.0,-783.45,0.0,6.8165,0.0,-783.45,0.0,6.8165,1.0,0.0,0.0,0.0,0.0
1259,672.21,777.15,34221.2,1058.0,280.85,0.8398,2.0758,0.0,-777.15,0.0,6.8165,0.0,-777.15,0.0,6.8165,1.0,0.0,0.0,0.0,0.0
1260,672.5,787.45,34330.35,1036.2,248.75,0.7416,2.1298,0.0,-787.45,0.0,6.8165,0.0,-787.45,0.0,6.8165,1.0,0.0,0.0,0.0,0.0
1261,672.79,773.05,34151.4,1034.75,261.7,0.784,2.1057,0.0,-773.05,0.0,6.8165,0.0,-773.05,0.0,6.8165,1.0,0.0,0.0,0.0,0.0
1262,673.08,788.75,34178.9,1042.95,254.2,0.7613,2.1184,0.0,-788.75,0.0,6.8165,0.0,-788.75,0.0,6.8165,1.0,0.0,0.0,0.0,0.0
1263,673.37,795.9,34007.1,1023.5,227.6,0.6853,2.1641,0.0,-795.9,0.0,6.8165,0.0,-795.9,0.0,6.8165,1.0,0.0,0.0,0.0,0.0
1264,673.66,787.7,33988.65,1013.05,225.35,0.6787,2.1683,0.0,-787.7,0.0,6.8165,0.0,-787.7,0.0,6.8165,1.0,0.0,0.0,0.0,0.0
1265,673.95,778.5,33795.3,1017.55,239.05,0.724,2.1402,0.0,-778.5,0.0,6.8165,0.0,-778.5,0.0,6.8165,1.0,0.0,0.0,0.0,0.0
1266,674.24,776.15,33698.45,1021.35,245.2,0.7448,2.128,0.0,-776.15,0.0,6.8165,0.0,-776.15,0.0,6.8165,1.0,0.0,0.0,0.0,0.0
1267,674.53,791.0,33800.4,1032.95,241.95,0.733,2.1349,0.0,-791.0,0.0,6.8165,0.0,-791.0,0.0,6.8165,1.0,0.0,0.0,0.0,0.0
1268,674.82,777.05,33676.6,1014.1,237.05,0.7205,2.1423,0.0,-777.05,0.0,6.8165,0.0,-777.05,0.0,6.8165,1.0,0.0,0.0,0.0,0.0
1269,675.11,784.75,33606.6,995.3,210.55,0.6415,2.1928,0.0,-784.75,0.0,6.8165,0.0,-784.75,0.0,6.8165,1.0,0.0,0.0,0.0,0.0
1270,675.4,789.75,33676.6,1003.5,213.75,0.65,2.1871,0.0,-789.75,0.0,6.8165,0.0,-789.75,0.0,6.8165,1.0,0.0,0.0,0.0,0.0
1271,675.69,794.5,33590.6,995.45,200.95,0.6127,2.2127,0.0,-794.5,0.0,6.8165,0.0,-794.5,0.0,6.8165,1.0,0.0,0.0,0.0,0.0
1272,675.98,783.05,33440.35,988.55,205.5,0.6293,2.2012,0.0,-783.05,0.0,6.8165,0.0,-783.05,0.0,6.8165,1.0,0.0,0.0,0.0,0.0
1273,676.27,783.2,33417.3,997.85,214.65,0.6577,2.1819,0.0,-783.2,0.0,6.8165,0.0,-783.2,0.0,6.8165,1.0,0.0,0.0,0.0,0.0
1274,676.56,777.2,33668.45,989.3,212.1,0.6449,2.1905,0.0,-777.2,0.0,6.8165,0.0,-777.2,0.0,6.8165,1.0,0.0,0.0,0.0,0.0
1275,676.84,784.35,33467.75,988.05,203.7,0.6233,2.2053,0.0,-784.35,0.0,6.8165,0.0,-784.35,0.0,6.8165,1.0,0.0,0.0,0.0,0.0
1276,677.13,790.75,33724.8,975.95,185.2,0.5623,2.25,0.0,-790.75,0.0,6.8165,0.0,-790.75,0.0,6.8165,1.0,0.0,0.0,0.0,0.0
1277,677.42,779.25,33355.7,994.35,215.1,0.6603,2.1803,0.0,-779.25,0.0,6.8165,0.0,-779.25,0.0,6.8165,1.0,0.0,0.0,0.0,0.0
1278,677.71,778.4,33077.25,986.65,208.25,0.6448,2.1906,0.0,-778.4,0.0,6.8165,0.0,-778.4,0.0,6.8165,1.0,0.0,0.0,0.0,0.0
1279,678.0,769.25,33089.25,960.8,191.55,0.5927,2.2272,0.0,-769.25,0.0,6.8165,0.0,-769.25,0.0,6.8165,1.0,0.0,0.0,0.0,0.0
1280,678.29,774.1,33068.4,966.5,192.4,0.5958,2.2249,0.0,-774.1,0.0,6.8165,0.0,-774.1,0.0,6.8165,1.0,0.0,0.0,0.0,0.0
1281,678.58,781.1,33278.1,961.55,180.45,0.5553,2.2555,0.0,-781.1,0.0,6.8165,0.0,-781.1,0.0,6.8165,1.0,0.0,0.0,0.0,0.0
1282,678.86,780.35,33273.35,973.4,193.05,0.5941,2.2261,0.0,-780.35,0.0,6.8165,0.0,-780.35,0.0,6.8165,1.0,0.0,0.0,0.0,0.0
1283,679.15,781.15,33026.75,969.85,188.7,0.5852,2.2327,0.0,-781.15,0.0,6.8165,0.0,-781.15,0.0,6.8165,1.0,0.0,0.0,0.0,0.0
1284,679.44,779.85,32959.5,957.65,177.8,0.5525,2.2576,0.0,-779.85,0.0,6.8165,0.0,-779.85,0.0,6.8165,1.0,0.0,0.0,0.0,0.0
1285,679.73,785.0,32862.35,945.05,160.05,0.499,2.3019,0.0,-785.0,0.0,6.8165,0.0,-785.0,0.0,6.8165,1.0,0.0,0.0,0.0,0.0
1286,680.01,784.25,33251.95,953.5,169.25,0.5213,2.2829,0.0,-784.25,0.0,6.8165,0.0,-784.25,0.0,6.8165,1.0,0.0,0.0,0.0,0.0
1287,680.3,763.5,33213.1,952.6,189.1,0.5827,2.2345,0.0,-763.5,0.0,6.8165,0.0,-763.5,0.0,6.8165,1.0,0.0,0.0,0.0,0.0
1288,680.59,766.65,33376.9,940.1,173.45,0.5319,2.2742,0.0,-766.65,0.0,6.8165,0.0,-766.65,0.0,6.8165,1.0,0.0,0.0,0.0,0.0
1289,680.88,784.05,32817.75,943.5,159.45,0.4978,2.303,0.0,-784.05,0.0,6.8165,0.0,-784.05,0.0,6.8165,1.0,0.0,0.0,0.0,0.0
1290,681.16,788.75,33090.75,952.9,164.15,0.5082,2.294,0.0,-788.75,0.0,6.8165,0.0,-788.75,0.0,6.8165,1.0,0.0,0.0,0.0,0.0
1291,681.45,773.65,33138.6,956.2,182.55,0.564,2.2487,0.0,-773.65,0.0,6.8165,0.0,-773.65,0.0,6.8165,1.0,0.0,0.0,0.0,0.0
1292,681.74,788.3,33080.35,939.55,151.25,0.4684,2.3294,0.0,-788.3,0.0,6.8165,0.0,-788.3,0.0,6.8165,1.0,0.0,0.0,0.0,0.0
1293,682.02,763.7,33184.0,936.95,173.25,0.5344,2.2721,0.0,-763.7,0.0,6.8165,0.0,-763.7,0.0,6.8165,1.0,0.0,0.0,0.0,0.0
1294,682.31,773.15,33447.85,948.1,174.95,0.5354,2.2713,0.0,-773.15,0.0,6.8165,0.0,-773.15,0.0,6.8165,1.0,0.0,0.0,0.0,0.0
1295,682.6,783.55,33513.15,932.7,149.15,0.4557,2.3413,0.0,-783.55,0.0,6.8165,0.0,-783.55,0.0,6.8165,1.0,0.0,0.0,0.0,0.0
1296,682.88,786.6,34013.2,954.4,167.8,0.505,2.2967,0.0,-786.6,0.0,6.8165,0.0,-786.6,0.0,6.8165,1.0,0.0,0.0,0.0,0.0
1297,683.17,782.75,34390.55,947.45,164.7,0.4901,2.3097,0.0,-782.75,0.0,6.8165,0.0,-782.75,0.0,6.8165,1.0,0.0,0.0,0.0,0.0
1298,683.46,795.45,34457.8,947.95,152.5,0.453,2.3439,0.0,-795.45,0.0,6.8165,0.0,-795.45,0.0,6.8165,1.0,0.0,0.0,0.0,0.0
1299,683.74,776.15,34598.35,933.85,157.7,0.4663,2.3314,0.0,-776.15,0.0,6.8165,0.0,-776.15,0.0,6.8165,1.0,0.0,0.0,0.0,0.0
1300,684.03,794.15,34535.65,939.7,145.55,0.4314,2.3652,0.0,-794.15,0.0,6.8165,0.0,-794.15,0.0,6.8165,1.0,0.0,0.0,0.0,0.0
1301,684.32,791.65,33987.5,936.6,144.95,0.4367,2.3599,0.0,-791.65,0.0,6.8165,0.0,-791.65,0.0,6.8165,1.0,0.0,0.0,0.0,0.0
1302,684.6,785.05,33822.25,917.45,132.4,0.4008,2.3971,0.0,-785.05,0.0,6.8165,0.0,-785.05,0.0,6.8165,1.0,0.0,0.0,0.0,0.0
1303,684.89,787.25,33783.5,916.95,129.7,0.3931,2.4055,0.0,-787.25,0.0,6.8165,0.0,-787.25,0.0,6.8165,1.0,0.0,0.0,0.0,0.0
1304,685.17,788.5,33538.25,917.55,129.05,0.394,2.4044,0.0,-788.5,0.0,6.8165,0.0,-788.5,0.0,6.8165,1.0,0.0,0.0,0.0,0.0
1305,685.46,789.95,33176.2,914.15,124.2,0.3835,2.4162,0.0,-789.95,0.0,6.8165,0.0,-789.95,0.0,6.8165,1.0,0.0,0.0,0.0,0.0
1306,685.75,779.7,32879.5,922.45,142.75,0.4447,2.3519,0.0,-779.7,0.0,6.8165,0.0,-779.7,0.0,6.8165,1.0,0.0,0.0,0.0,0.0
1307,686.03,773.6,32636.65,906.45,132.85,0.4169,2.3799,0.0,-773.6,0.0,6.8165,0.0,-773.6,0.0,6.8165,1.0,0.0,0.0,0.0,0.0
1308,686.32,782.25,32283.1,904.25,122.0,0.3873,2.412,0.0,-782.25,0.0,6.8165,0.0,-782.25,0.0,6.8165,1.0,0.0,0.0,0.0,0.0
1309,686.6,785.45,32352.3,911.15,125.7,0.3982,2.3999,0.0,-785.45,0.0,6.8165,0.0,-785.45,0.0,6.8165,1.0,0.0,0.0,0.0,0.0
1310,686.89,793.65,32297.5,899.0,105.35,0.3344,2.4757,0.0,-793.65,0.0,6.8165,0.0,-793.65,0.0,6.8165,1.0,0.0,0.0,0.0,0.0
1311,687.17,785.05,32251.5,906.1,121.05,0.3847,2.4149,0.0,-785.05,0.0,6.8165,0.0,-785.05,0.0,6.8165,1.0,0.0,0.0,0.0,0.0
1312,687.46,778.4,32322.4,892.1,113.7,0.3604,2.4432,0.0,-778.4,0.0,6.8165,0.0,-778.4,0.0,6.8165,1.0,0.0,0.0,0.0,0.0
1313,687.74,792.7,32026.2,910.0,117.3,0.3756,2.4253,0.0,-792.7,0.0,6.8165,0.0,-792.7,0.0,6.8165,1.0,0.0,0.0,0.0,0.0
1314,688.03,779.65,31929.05,896.5,116.85,0.3751,2.4258,0.0,-779.65,0.0,6.8165,0.0,-779.65,0.0,6.8165,1.0,0.0,0.0,0.0,0.0
1315,688.31,783.1,31688.05,901.25,118.15,0.3823,2.4176,0.0,-783.1,0.0,6.8165,0.0,-783.1,0.0,6.8165,1.0,0.0,0.0,0.0,0.0
1316,688.6,782.15,31681.85,895.0,112.85,0.3652,2.4375,0.0,-782.15,0.0,6.8165,0.0,-782.15,0.0,6.8165,1.0,0.0,0.0,0.0,0.0
1317,688.88,766.2,31788.65,905.25,139.05,0.4482,2.3485,0.0,-766.2,0.0,6.8165,0.0,-766.2,0.0,6.8165,1.0,0.0,0.0,0.0,0.0
1318,689.17,777.75,31861.15,900.5,122.75,0.3949,2.4035,0.0,-777.75,0.0,6.8165,0.0,-777.75,0.0,6.8165,1.0,0.0,0.0,0.0,0.0
1319,689.45,785.75,31861.45,896.85,111.1,0.3575,2.4467,0.0,-785.75,0.0,6.8165,0.0,-785.75,0.0,6.8165,1.0,0.0,0.0,0.0,0.0
1320,689.73,773.65,31490.8,898.4,124.75,0.4061,2.3913,0.0,-773.65,0.0,6.8165,0.0,-773.65,0.0,6.8165,1.0,0.0,0.0,0.0,0.0
1321,690.02,785.1,31233.0,896.2,111.1,0.3649,2.4378,0.0,-785.1,0.0,6.8165,0.0,-785.1,0.0,6.8165,1.0,0.0,0.0,0.0,0.0
1322,690.3,786.25,30793.35,877.45,91.2,0.3039,2.5172,0.0,-786.25,0.0,6.8165,0.0,-786.25,0.0,6.8165,1.0,0.0,0.0,0.0,0.0
1323,690.59,785.4,30567.85,884.45,99.05,0.3326,2.4781,0.0,-785.4,0.0,6.8165,0.0,-785.4,0.0,6.8165,1.0,0.0,0.0,0.0,0.0
1324,690.87,781.55,30416.15,885.6,104.05,0.3511,2.4546,0.0,-781.55,0.0,6.8165,0.0,-781.55,0.0,6.8165,1.0,0.0,0.0,0.0,0.0
1325,691.15,795.75,30218.3,882.05,86.3,0.2933,2.5327,0.0,-795.75,0.0,6.8165,0.0,-795.75,0.0,6.8165,1.0,0.0,0.0,0.0,0.0
1326,691.44,801.5,30018.0,875.1,73.6,0.2519,2.5988,0.0,-801.5,0.0,6.8165,0.0,-801.5,0.0,6.8165,1.0,0.0,0.0,0.0,0.0
1327,691.72,773.7,29739.15,871.5,97.8,0.3376,2.4715,0.0,-773.7,0.0,6.8165,0.0,-773.7,0.0,6.8165,1.0,0.0,0.0,0.0,0.0
1328,692.01,786.35,29765.1,888.3,101.95,0.3518,2.4537,0.0,-786.35,0.0,6.8165,0.0,-786.35,0.0,6.8165,1.0,0.0,0.0,0.0,0.0
1329,692.29,782.2,29320.2,883.85,101.65,0.3562,2.4483,0.0,-782.2,0.0,6.8165,0.0,-782.2,0.0,6.8165,1.0,0.0,0.0,0.0,0.0
1330,692.57,779.35,29207.25,867.3,87.95,0.3094,2.5095,0.0,-779.35,0.0,6.8165,0.0,-779.35,0.0,6.8165,1.0,0.0,0.0,0.0,0.0
1331,692.86,769.85,29145.3,859.55,89.7,0.3161,2.5002,0.0,-769.85,0.0,6.8165,0.0,-769.85,0.0,6.8165,1.0,0.0,0.0,0.0,0.0
1332,693.14,774.6,29048.95,864.15,89.55,0.3167,2.4993,0.0,-774.6,0.0,6.8165,0.0,-774.6,0.0,6.8165,1.0,0.0,0.0,0.0,0.0
1333,693.42,781.85,28860.55,862.85,81.0,0.2885,2.5399,0.0,-781.85,0.0,6.8165,0.0,-781.85,0.0,6.8165,1.0,0.0,0.0,0.0,0.0
1334,693.7,783.15,28521.2,870.65,87.5,0.3155,2.5011,0.0,-783.15,0.0,6.8165,0.0,-783.15,0.0,6.8165,1.0,0.0,0.0,0.0,0.0
1335,693.99,789.65,28447.0,868.95,79.3,0.2867,2.5425,0.0,-789.65,0.0,6.8165,0.0,-789.65,0.0,6.8165,1.0,0.0,0.0,0.0,0.0
1336,694.27,775.25,28131.8,833.9,58.65,0.2144,2.6688,0.0,-775.25,0.0,6.8165,0.0,-775.25,0.0,6.8165,1.0,0.0,0.0,0.0,0.0
1337,694.55,791.2,27970.35,856.7,65.5,0.241,2.618,0.0,-791.2,0.0,6.8165,0.0,-791.2,0.0,6.8165,1.0,0.0,0.0,0.0,0.0
1338,694.84,785.25,27910.25,851.25,66.0,0.2433,2.6138,0.0,-785.25,0.0,6.8165,0.0,-785.25,0.0,6.8165,1.0,0.0,0.0,0.0,0.0
1339,695.12,768.45,27699.0,852.8,84.35,0.3132,2.5042,0.0,-768.45,0.0,6.8165,0.0,-768.45,0.0,6.8165,1.0,0.0,0.0,0.0,0.0
1340,695.4,788.25,27483.45,843.55,55.3,0.2072,2.6837,0.0,-788.25,0.0,6.8165,0.0,-788.25,0.0,6.8165,1.0,0.0,0.0,0.0,0.0
1341,695.68,772.45,27422.85,857.0,84.55,0.3173,2.4986,0.0,-772.45,0.0,6.8165,0.0,-772.45,0.0,6.8165,1.0,0.0,0.0,0.0,0.0
1342,695.96,778.0,27200.0,838.2,60.2,0.2278,2.6424,0.0,-778.0,0.0,6.8165,0.0,-778.0,0.0,6.8165,1.0,0.0,0.0,0.0,0.0
1343,696.25,781.3,26832.25,849.3,68.0,0.261,2.5833,0.0,-781.3,0.0,6.8165,0.0,-781.3,0.0,6.8165,1.0,0.0,0.0,0.0,0.0
1344,696.53,776.05,26669.65,848.25,72.2,0.2788,2.5547,0.0,-776.05,0.0,6.8165,0.0,-776.05,0.0,6.8165,1.0,0.0,0.0,0.0,0.0
1345,696.81,774.25,26749.8,840.4,66.15,0.2547,2.594,0.0,-774.25,0.0,6.8165,0.0,-774.25,0.0,6.8165,1.0,0.0,0.0,0.0,0.0
1346,697.09,765.1,26857.55,840.3,75.2,0.2882,2.5403,0.0,-765.1,0.0,6.8165,0.0,-765.1,0.0,6.8165,1.0,0.0,0.0,0.0,0.0
1347,697.37,769.6,26444.35,842.7,73.1,0.2847,2.5456,0.0,-769.6,0.0,6.8165,0.0,-769.6,0.0,6.8165,1.0,0.0,0.0,0.0,0.0
1348,697.65,777.9,26248.6,842.35,64.45,0.253,2.5968,0.0,-777.9,0.0,6.8165,0.0,-777.9,0.0,6.8165,1.0,0.0,0.0,0.0,0.0
1349,697.94,770.1,26026.5,844.05,73.95,0.2928,2.5334,0.0,-770.1,0.0,6.8165,0.0,-770.1,0.0,6.8165,1.0,0.0,0.0,0.0,0.0
1350,698.22,774.5,25820.65,832.85,58.35,0.233,2.6327,0.0,-774.5,0.0,6.8165,0.0,-774.5,0.0,6.8165,1.0,0.0,0.0,0.0,0.0
1351,698.5,759.25,25519.9,840.65,81.4,0.3287,2.4831,0.0,-759.25,0.0,6.8165,0.0,-759.25,0.0,6.8165,1.0,0.0,0.0,0.0,0.0
1352,698.78,772.35,25435.95,839.5,67.15,0.2723,2.565,0.0,-772.35,0.0,6.8165,0.0,-772.35,0.0,6.8165,1.0,0.0,0.0,0.0,0.0
1353,699.06,774.3,25487.65,836.8,62.5,0.2529,2.5971,0.0,-774.3,0.0,6.8165,0.0,-774.3,0.0,6.8165,1.0,0.0,0.0,0.0,0.0
1354,699.34,779.25,25330.85,841.15,61.9,0.2521,2.5984,0.0,-779.25,0.0,6.8165,0.0,-779.25,0.0,6.8165,1.0,0.0,0.0,0.0,0.0
1355,699.62,792.1,25292.65,833.95,41.85,0.1708,2.7675,0.0,-792.1,0.0,6.8165,0.0,-792.1,0.0,6.8165,1.0,0.0,0.0,0.0,0.0
1356,699.9,783.5,25404.25,829.7,46.2,0.1876,2.7267,0.0,-783.5,0.0,6.8165,0.0,-783.5,0.0,6.8165,1.0,0.0,0.0,0.0,0.0
1357,700.18,787.0,24941.4,824.6,37.6,0.1557,2.8078,0.0,-787.0,0.0,6.8165,0.0,-787.0,0.0,6.8165,1.0,0.0,0.0,0.0,0.0
1358,700.46,774.65,24941.85,823.35,48.7,0.2015,2.6957,0.0,-774.65,0.0,6.8165,0.0,-774.65,0.0,6.8165,1.0,0.0,0.0,0.0,0.0
1359,700.74,786.0,24606.2,821.95,35.95,0.1509,2.8212,0.0,-786.0,0.0,6.8165,0.0,-786.0,0.0,6.8165,1.0,0.0,0.0,0.0,0.0
1360,701.03,797.45,24406.35,807.25,9.8,0.0415,3.3818,0.0,-797.45,0.0,6.8165,0.0,-797.45,0.0,6.8165,1.0,0.0,0.0,0.0,0.0
1361,701.31,774.25,24207.9,817.3,43.05,0.1837,2.7359,0.0,-774.25,0.0,6.8165,0.0,-774.25,0.0,6.8165,1.0,0.0,0.0,0.0,0.0
1362,701.59,781.35,24260.45,831.45,50.1,0.2134,2.6708,0.0,-781.35,0.0,6.8165,0.0,-781.35,0.0,6.8165,1.0,0.0,0.0,0.0,0.0
1363,701.87,788.55,23901.05,826.2,37.65,0.1629,2.7881,0.0,-788.55,0.0,6.8165,0.0,-788.55,0.0,6.8165,1.0,0.0,0.0,0.0,0.0
1364,702.15,774.75,23738.2,823.9,49.15,0.214,2.6695,0.0,-774.75,0.0,6.8165,0.0,-774.75,0.0,6.8165,1.0,0.0,0.0,0.0,0.0
1365,702.43,794.75,23483.45,818.55,23.8,0.1049,2.9792,0.0,-794.75,0.0,6.8165,0.0,-794.75,0.0,6.8165,1.0,0.0,0.0,0.0,0.0
1366,702.71,785.25,23201.15,822.4,37.15,0.1657,2.7806,0.0,-785.25,0.0,6.8165,0.0,-785.25,0.0,6.8165,1.0,0.0,0.0,0.0,0.0
1367,702.98,772.05,23177.4,816.45,44.4,0.1982,2.703,0.0,-772.05,0.0,6.8165,0.0,-772.05,0.0,6.8165,1.0,0.0,0.0,0.0,0.0
1368,703.26,766.65,22957.2,811.85,45.2,0.2037,2.691,0.0,-766.65,0.0,6.8165,0.0,-766.65,0.0,6.8165,1.0,0.0,0.0,0.0,0.0
1369,703.54,783.9,22898.35,822.55,38.65,0.1748,2.7575,0.0,-783.9,0.0,6.8165,0.0,-783.9,0.0,6.8165,1.0,0.0,0.0,0.0,0.0
1370,703.82,761.6,22800.85,809.95,48.35,0.2194,2.6588,0.0,-761.6,0.0,6.8165,0.0,-761.6,0.0,6.8165,1.0,0.0,0.0,0.0,0.0
1371,704.1,777.6,22455.8,811.85,34.25,0.158,2.8014,0.0,-777.6,0.0,6.8165,0.0,-777.6,0.0,6.8165,1.0,0.0,0.0,0.0,0.0
1372,704.38,774.5,21954.7,807.65,33.15,0.1565,2.8054,0.0,-774.5,0.0,6.8165,0.0,-774.5,0.0,6.8165,1.0,0.0,0.0,0.0,0.0
1373,704.66,775.25,22045.5,813.5,38.25,0.1798,2.7451,0.0,-775.25,0.0,6.8165,0.0,-775.25,0.0,6.8165,1.0,0.0,0.0,0.0,0.0
1374,704.94,777.85,21772.75,820.2,42.35,0.2017,2.6953,0.0,-777.85,0.0,6.8165,0.0,-777.85,0.0,6.8165,1.0,0.0,0.0,0.0,0.0
1375,705.22,778.5,21844.6,822.95,44.45,0.211,2.6757,0.0,-778.5,0.0,6.8165,0.0,-778.5,0.0,6.8165,1.0,0.0,0.0,0.0,0.0
1376,705.5,775.15,21915.45,803.5,28.35,0.1341,2.8726,0.0,-775.15,0.0,6.8165,0.0,-775.15,0.0,6.8165,1.0,0.0,0.0,0.0,0.0
1377,705.78,789.6,21575.2,814.95,25.35,0.122,2.9138,0.0,-789.6,0.0,6.8165,0.0,-789.6,0.0,6.8165,1.0,0.0,0.0,0.0,0.0
1378,706.05,782.45,21374.2,816.7,34.25,0.1663,2.779,0.0,-782.45,0.0,6.8165,0.0,-782.45,0.0,6.8165,1.0,0.0,0.0,0.0,0.0
1379,706.33,775.35,21387.7,817.9,42.55,0.2064,2.6852,0.0,-775.35,0.0,6.8165,0.0,-775.35,0.0,6.8165,1.0,0.0,0.0,0.0,0.0
1380,706.61,776.6,21219.5,810.25,33.65,0.1646,2.7836,0.0,-776.6,0.0,6.8165,0.0,-776.6,0.0,6.8165,1.0,0.0,0.0,0.0,0.0
1381,706.89,793.35,21022.35,809.2,15.85,0.0784,3.1059,0.0,-793.35,0.0,6.8165,0.0,-793.35,0.0,6.8165,1.0,0.0,0.0,0.0,0.0
1382,707.17,783.3,20767.3,806.35,23.05,0.1153,2.938,0.0,-783.3,0.0,6.8165,0.0,-783.3,0.0,6.8165,1.0,0.0,0.0,0.0,0.0
1383,707.45,784.6,20626.6,816.3,31.7,0.1598,2.7965,0.0,-784.6,0.0,6.8165,0.0,-784.6,0.0,6.8165,1.0,0.0,0.0,0.0,0.0
1384,707.72,776.85,20512.85,819.75,42.9,0.2174,2.6628,0.0,-776.85,0.0,6.8165,0.0,-776.85,0.0,6.8165,1.0,0.0,0.0,0.0,0.0
1385,708.0,789.55,20439.0,819.2,29.65,0.1509,2.8213,0.0,-789.55,0.0,6.8165,0.0,-789.55,0.0,6.8165,1.0,0.0,0.0,0.0,0.0
1386,708.28,786.2,20363.35,815.4,29.2,0.1492,2.8264,0.0,-786.2,0.0,6.8165,0.0,-786.2,0.0,6.8165,1.0,0.0,0.0,0.0,0.0
1387,708.56,782.9,20107.25,809.15,26.25,0.1358,2.867,0.0,-782.9,0.0,6.8165,0.0,-782.9,0.0,6.8165,1.0,0.0,0.0,0.0,0.0
1388,708.83,786.95,20055.3,808.2,21.25,0.1103,2.9575,0.0,-786.95,0.0,6.8165,0.0,-786.95,0.0,6.8165,1.0,0.0,0.0,0.0,0.0
1389,709.11,788.6,19718.15,796.75,8.15,0.0431,3.366,0.0,-788.6,0.0,6.8165,0.0,-788.6,0.0,6.8165,1.0,0.0,0.0,0.0,0.0
1390,709.39,772.8,19580.15,803.5,30.7,0.1632,2.7872,0.0,-772.8,0.0,6.8165,0.0,-772.8,0.0,6.8165,1.0,0.0,0.0,0.0,0.0
1391,709.67,782.2,19559.35,809.7,27.5,0.1465,2.8343,0.0,-782.2,0.0,6.8165,0.0,-782.2,0.0,6.8165,1.0,0.0,0.0,0.0,0.0
1392,709.94,778.0,19482.3,798.25,20.25,0.1083,2.9655,0.0,-778.0,0.0,6.8165,0.0,-778.0,0.0,6.8165,1.0,0.0,0.0,0.0,0.0
1393,710.22,780.45,19291.1,793.15,12.7,0.0686,3.1636,0.0,-780.45,0.0,6.8165,0.0,-780.45,0.0,6.8165,1.0,0.0,0.0,0.0,0.0
1394,710.5,776.45,19058.55,803.95,27.5,0.1504,2.8227,0.0,-776.45,0.0,6.8165,0.0,-776.45,0.0,6.8165,1.0,0.0,0.0,0.0,0.0
1395,710.77,769.45,18956.7,805.1,35.65,0.196,2.7077,0.0,-769.45,0.0,6.8165,0.0,-769.45,0.0,6.8165,1.0,0.0,0.0,0.0,0.0
1396,711.05,784.5,19038.1,810.8,26.3,0.1441,2.8414,0.0,-784.5,0.0,6.8165,0.0,-784.5,0.0,6.8165,1.0,0.0,0.0,0.0,0.0
1397,711.33,779.9,18915.65,799.45,19.55,0.1078,2.9674,0.0,-779.9,0.0,6.8165,0.0,-779.9,0.0,6.8165,1.0,0.0,0.0,0.0,0.0
1398,711.6,777.1,18862.6,801.75,24.65,0.1363,2.8655,0.0,-777.1,0.0,6.8165,0.0,-777.1,0.0,6.8165,1.0,0.0,0.0,0.0,0.0
1399,711.88,776.65,18870.3,788.75,12.1,0.0669,3.1747,0.0,-776.65,0.0,6.8165,0.0,-776.65,0.0,6.8165,1.0,0.0,0.0,0.0,0.0
1400,712.16,783.3,18677.6,807.5,24.2,0.1352,2.8689,0.0,-783.3,0.0,6.8165,0.0,-783.3,0.0,6.8165,1.0,0.0,0.0,0.0,0.0
1401,712.43,779.35,18392.5,807.75,28.4,0.1612,2.7925,0.0,-779.35,0.0,6.8165,0.0,-779.35,0.0,6.8165,1.0,0.0,0.0,0.0,0.0
1402,712.71,765.6,18337.0,802.8,37.2,0.2117,2.6743,0.0,-765.6,0.0,6.8165,0.0,-765.6,0.0,6.8165,1.0,0.0,0.0,0.0,0.0
1403,712.99,760.75,17914.1,801.75,41.0,0.239,2.6216,0.0,-760.75,0.0,6.8165,0.0,-760.75,0.0,6.8165,1.0,0.0,0.0,0.0,0.0
1404,713.26,788.05,17626.8,797.75,9.7,0.0576,3.2395,0.0,-788.05,0.0,6.8165,0.0,-788.05,0.0,6.8165,1.0,0.0,0.0,0.0,0.0
1405,713.54,783.3,17578.65,802.8,19.5,0.1161,2.9352,0.0,-783.3,0.0,6.8165,0.0,-783.3,0.0,6.8165,1.0,0.0,0.0,0.0,0.0
1406,713.81,788.25,17526.4,802.65,14.4,0.086,3.0653,0.0,-788.25,0.0,6.8165,0.0,-788.25,0.0,6.8165,1.0,0.0,0.0,0.0,0.0
1407,714.09,770.1,17423.0,811.25,41.15,0.2471,2.6071,0.0,-770.1,0.0,6.8165,0.0,-770.1,0.0,6.8165,1.0,0.0,0.0,0.0,0.0
1408,714.36,778.55,17324.45,805.65,27.1,0.1638,2.7857,0.0,-778.55,0.0,6.8165,0.0,-778.55,0.0,6.8165,1.0,0.0,0.0,0.0,0.0
1409,714.64,774.55,17068.9,811.75,37.2,0.2283,2.6415,0.0,-774.55,0.0,6.8165,0.0,-774.55,0.0,6.8165,1.0,0.0,0.0,0.0,0.0
1410,714.92,779.45,16860.5,796.5,17.05,0.106,2.9746,0.0,-779.45,0.0,6.8165,0.0,-779.45,0.0,6.8165,1.0,0.0,0.0,0.0,0.0
1411,715.19,785.45,16696.2,809.25,23.8,0.1496,2.8251,0.0,-785.45,0.0,6.8165,0.0,-785.45,0.0,6.8165,1.0,0.0,0.0,0.0,0.0
1412,715.47,784.15,16463.95,805.7,21.55,0.1374,2.8619,0.0,-784.15,0.0,6.8165,0.0,-784.15,0.0,6.8165,1.0,0.0,0.0,0.0,0.0
1413,715.74,790.25,16337.1,803.55,13.3,0.0855,3.0678,0.0,-790.25,0.0,6.8165,0.0,-790.25,0.0,6.8165,1.0,0.0,0.0,0.0,0.0
1414,716.02,796.05,16039.15,807.85,11.8,0.0774,3.1112,0.0,-796.05,0.0,6.8165,0.0,-796.05,0.0,6.8165,1.0,0.0,0.0,0.0,0.0
1415,716.29,781.0,15925.4,795.6,14.6,0.0964,3.0159,0.0,-781.0,0.0,6.8165,0.0,-781.0,0.0,6.8165,1.0,0.0,0.0,0.0,0.0
1416,716.57,776.35,15739.7,801.15,24.8,0.1657,2.7806,0.0,-776.35,0.0,6.8165,0.0,-776.35,0.0,6.8165,1.0,0.0,0.0,0.0,0.0
1417,716.84,788.05,15698.4,801.4,13.35,0.0895,3.048,0.0,-788.05,0.0,6.8165,0.0,-788.05,0.0,6.8165,1.0,0.0,0.0,0.0,0.0
1418,717.12,783.95,15498.75,784.25,0.3,0.002,4.6906,0.0,-783.95,0.0,6.8165,0.0,-783.95,0.0,6.8165,1.0,0.0,0.0,0.0,0.0
1419,717.39,776.3,15290.65,796.7,20.4,0.1406,2.8522,0.0,-776.3,0.0,6.8165,0.0,-776.3,0.0,6.8165,1.0,0.0,0.0,0.0,0.0
1420,717.66,775.95,15039.35,793.05,17.1,0.1199,2.9212,0.0,-775.95,0.0,6.8165,0.0,-775.95,0.0,6.8165,1.0,0.0,0.0,0.0,0.0
1421,717.94,769.25,14887.8,806.75,37.5,0.2656,2.5758,0.0,-769.25,0.0,6.8165,0.0,-769.25,0.0,6.8165,1.0,0.0,0.0,0.0,0.0
1422,718.21,790.75,14743.45,810.6,19.85,0.1423,2.8469,0.0,-790.75,0.0,6.8165,0.0,-790.75,0.0,6.8165,1.0,0.0,0.0,0.0,0.0
1423,718.49,779.75,14505.4,792.85,13.1,0.0954,3.0203,0.0,-779.75,0.0,6.8165,0.0,-779.75,0.0,6.8165,1.0,0.0,0.0,0.0,0.0
1424,718.76,779.5,14395.35,799.45,19.95,0.1465,2.8341,0.0,-779.5,0.0,6.8165,0.0,-779.5,0.0,6.8165,1.0,0.0,0.0,0.0,0.0
1425,719.03,769.25,14088.1,776.8,7.55,0.0567,3.2465,0.0,-769.25,0.0,6.8165,0.0,-769.25,0.0,6.8165,1.0,0.0,0.0,0.0,0.0
1426,719.31,777.9,13944.35,801.85,23.95,0.1819,2.7402,0.0,-777.9,0.0,6.8165,0.0,-777.9,0.0,6.8165,1.0,0.0,0.0,0.0,0.0
1427,719.58,781.75,13616.8,782.4,0.65,0.0051,4.2955,0.0,-781.75,0.0,6.8165,0.0,-781.75,0.0,6.8165,1.0,0.0,0.0,0.0,0.0
1428,719.86,783.65,13422.9,800.45,16.8,0.1329,2.8764,0.0,-783.65,0.0,6.8165,0.0,-783.65,0.0,6.8165,1.0,0.0,0.0,0.0,0.0
1429,720.13,767.75,13206.6,789.25,21.5,0.1728,2.7623,0.0,-767.75,0.0,6.8165,0.0,-767.75,0.0,6.8165,1.0,0.0,0.0,0.0,0.0
1430,720.4,771.0,12907.95,791.45,20.45,0.1685,2.7734,0.0,-771.0,0.0,6.8165,0.0,-771.0,0.0,6.8165,1.0,0.0,0.0,0.0,0.0
1431,720.68,766.25,12706.2,787.35,21.1,0.1767,2.7527,0.0,-766.25,0.0,6.8165,0.0,-766.25,0.0,6.8165,1.0,0.0,0.0,0.0,0.0
1432,720.95,776.8,12483.8,793.05,16.25,0.1388,2.8576,0.0,-776.8,0.0,6.8165,0.0,-776.8,0.0,6.8165,1.0,0.0,0.0,0.0,0.0
1433,721.22,775.3,12232.1,794.35,19.05,0.1663,2.7792,0.0,-775.3,0.0,6.8165,0.0,-775.3,0.0,6.8165,1.0,0.0,0.0,0.0,0.0
1434,721.5,776.65,11997.7,779.35,2.7,0.0241,3.6187,0.0,-776.65,0.0,6.8165,0.0,-776.65,0.0,6.8165,1.0,0.0,0.0,0.0,0.0
1435,721.77,781.8,11840.05,796.35,14.55,0.1316,2.8808,0.0,-781.8,0.0,6.8165,0.0,-781.8,0.0,6.8165,1.0,0.0,0.0,0.0,0.0
1436,722.04,780.15,11746.7,793.5,13.35,0.1217,2.9146,0.0,-780.15,0.0,6.8165,0.0,-780.15,0.0,6.8165,1.0,0.0,0.0,0.0,0.0
1437,722.31,779.35,11522.0,798.8,19.45,0.1811,2.7422,0.0,-779.35,0.0,6.8165,0.0,-779.35,0.0,6.8165,1.0,0.0,0.0,0.0,0.0
1438,722.59,787.4,11448.9,793.45,6.05,0.0567,3.2461,0.0,-787.4,0.0,6.8165,0.0,-787.4,0.0,6.8165,1.0,0.0,0.0,0.0,0.0
1439,722.86,796.4,11278.35,801.55,5.15,0.0491,3.3086,0.0,-796.4,0.0,6.8165,0.0,-796.4,0.0,6.8165,1.0,0.0,0.0,0.0,0.0
1440,723.13,788.45,11146.35,789.15,0.7,0.0068,4.1702,0.0,-788.45,0.0,6.8165,0.0,-788.45,0.0,6.8165,1.0,0.0,0.0,0.0,0.0
1441,723.4,781.35,10947.35,792.3,10.95,0.1077,2.9677,0.0,-781.35,0.0,6.8165,0.0,-781.35,0.0,6.8165,1.0,0.0,0.0,0.0,0.0
1442,723.68,784.05,10755.25,773.8,-10.25,0.0,6.8165,0.0,-784.05,0.0,6.8165,0.0,-784.05,0.0,6.8165,1.0,0.0,0.0,0.0,0.0
1443,723.95,775.15,10546.75,771.75,-3.4,0.0,6.8165,0.0,-775.15,0.0,6.8165,0.0,-775.15,0.0,6.8165,1.0,0.0,0.0,0.0,0.0
1444,724.22,774.65,10399.85,785.95,11.3,0.1174,2.9303,0.0,-774.65,0.0,6.8165,0.0,-774.65,0.0,6.8165,1.0,0.0,0.0,0.0,0.0
1445,724.49,784.3,10286.15,787.3,3.0,0.0316,3.5007,0.0,-784.3,0.0,6.8165,0.0,-784.3,0.0,6.8165,1.0,0.0,0.0,0.0,0.0
1446,724.76,779.9,10150.6,782.5,2.6,0.0277,3.5568,0.0,-779.9,0.0,6.8165,0.0,-779.9,0.0,6.8165,1.0,0.0,0.0,0.0,0.0
1447,725.04,776.7,10049.0,790.45,13.75,0.1483,2.8289,0.0,-776.7,0.0,6.8165,0.0,-776.7,0.0,6.8165,1.0,0.0,0.0,0.0,0.0
1448,725.31,773.85,9855.7,776.6,2.75,0.0303,3.5188,0.0,-773.85,0.0,6.8165,0.0,-773.85,0.0,6.8165,1.0,0.0,0.0,0.0,0.0
1449,725.58,772.75,9741.2,781.4,8.65,0.0964,3.0157,0.0,-772.75,0.0,6.8165,0.0,-772.75,0.0,6.8165,1.0,0.0,0.0,0.0,0.0
1450,725.85,772.9,9574.2,790.3,17.4,0.1977,2.704,0.0,-772.9,0.0,6.8165,0.0,-772.9,0.0,6.8165,1.0,0.0,0.0,0.0,0.0
1451,726.12,778.95,9417.55,787.15,8.2,0.0949,3.0226,0.0,-778.95,0.0,6.8165,0.0,-778.95,0.0,6.8165,1.0,0.0,0.0,0.0,0.0
1452,726.39,788.35,9260.1,792.65,4.3,0.0508,3.2945,0.0,-788.35,0.0,6.8165,0.0,-788.35,0.0,6.8165,1.0,0.0,0.0,0.0,0.0
1453,726.66,781.45,9173.6,780.65,-0.8,0.0,6.8165,0.0,-781.45,0.0,6.8165,0.0,-781.45,0.0,6.8165,1.0,0.0,0.0,0.0,0.0
1454,726.93,772.35,9062.95,782.9,10.55,0.1273,2.8953,0.0,-772.35,0.0,6.8165,0.0,-772.35,0.0,6.8165,1.0,0.0,0.0,0.0,0.0
1455,727.21,780.85,9023.45,790.35,9.5,0.1153,2.9383,0.0,-780.85,0.0,6.8165,0.0,-780.85,0.0,6.8165,1.0,0.0,0.0,0.0,0.0
1456,727.48,772.6,8903.5,796.4,23.8,0.2927,2.5336,0.0,-772.6,0.0,6.8165,0.0,-772.6,0.0,6.8165,1.0,0.0,0.0,0.0,0.0
1457,727.75,790.45,8844.2,791.8,1.35,0.0168,3.7757,0.0,-790.45,0.0,6.8165,0.0,-790.45,0.0,6.8165,1.0,0.0,0.0,0.0,0.0
1458,728.02,775.5,8672.7,791.2,15.7,0.1988,2.7016,0.0,-775.5,0.0,6.8165,0.0,-775.5,0.0,6.8165,1.0,0.0,0.0,0.0,0.0
1459,728.29,766.85,8727.85,789.5,22.65,0.2845,2.5459,0.0,-766.85,0.0,6.8165,0.0,-766.85,0.0,6.8165,1.0,0.0,0.0,0.0,0.0
1460,728.56,771.65,8570.6,790.65,19.0,0.2436,2.6133,0.0,-771.65,0.0,6.8165,0.0,-771.65,0.0,6.8165,1.0,0.0,0.0,0.0,0.0
1461,728.83,782.2,8645.95,783.2,1.0,0.0127,3.8956,0.0,-782.2,0.0,6.8165,0.0,-782.2,0.0,6.8165,1.0,0.0,0.0,0.0,0.0
1462,729.1,771.85,8605.3,790.35,18.5,0.2362,2.6268,0.0,-771.85,0.0,6.8165,0.0,-771.85,0.0,6.8165,1.0,0.0,0.0,0.0,0.0
1463,729.37,773.85,8557.45,786.2,12.35,0.1587,2.7995,0.0,-773.85,0.0,6.8165,0.0,-773.85,0.0,6.8165,1.0,0.0,0.0,0.0,0.0
1464,729.64,789.9,8516.75,798.35,8.45,0.1094,2.9611,0.0,-789.9,0.0,6.8165,0.0,-789.9,0.0,6.8165,1.0,0.0,0.0,0.0,0.0
1465,729.91,775.55,8371.8,798.0,22.45,0.2955,2.5294,0.0,-775.55,0.0,6.8165,0.0,-775.55,0.0,6.8165,1.0,0.0,0.0,0.0,0.0
1466,730.18,787.35,8331.2,785.8,-1.55,0.0,6.8165,0.0,-787.35,0.0,6.8165,0.0,-787.35,0.0,6.8165,1.0,0.0,0.0,0.0,0.0
1467,730.45,786.05,8215.65,796.8,10.75,0.1447,2.8396,0.0,-786.05,0.0,6.8165,0.0,-786.05,0.0,6.8165,1.0,0.0,0.0,0.0,0.0
1468,730.72,782.75,8249.25,796.7,13.95,0.1868,2.7285,0.0,-782.75,0.0,6.8165,0.0,-782.75,0.0,6.8165,1.0,0.0,0.0,0.0,0.0
1469,730.99,787.85,8150.9,792.35,4.5,0.0611,3.2138,0.0,-787.85,0.0,6.8165,0.0,-787.85,0.0,6.8165,1.0,0.0,0.0,0.0,0.0
1470,731.26,781.2,8053.3,782.45,1.25,0.0172,3.7647,0.0,-781.2,0.0,6.8165,0.0,-781.2,0.0,6.8165,1.0,0.0,0.0,0.0,0.0
1471,731.53,785.6,8125.35,788.8,3.2,0.0436,3.3605,0.0,-785.6,0.0,6.8165,0.0,-785.6,0.0,6.8165,1.0,0.0,0.0,0.0,0.0
1472,731.8,799.95,8081.9,783.45,-16.5,0.0,6.8165,0.0,-799.95,0.0,6.8165,0.0,-799.95,0.0,6.8165,1.0,0.0,0.0,0.0,0.0
1473,732.06,783.3,8065.45,795.35,12.05,0.1655,2.7813,0.0,-783.3,0.0,6.8165,0.0,-783.3,0.0,6.8165,1.0,0.0,0.0,0.0,0.0
1474,732.33,772.55,8118.3,784.3,11.75,0.16,2.796,0.0,-772.55,0.0,6.8165,0.0,-772.55,0.0,6.8165,1.0,0.0,0.0,0.0,0.0
1475,732.6,779.1,7971.2,802.2,23.1,0.3212,2.4932,0.0,-779.1,0.0,6.8165,0.0,-779.1,0.0,6.8165,1.0,0.0,0.0,0.0,0.0
1476,732.87,779.6,8038.2,781.0,1.4,0.0193,3.7147,0.0,-779.6,0.0,6.8165,0.0,-779.6,0.0,6.8165,1.0,0.0,0.0,0.0,0.0
1477,733.14,790.0,8026.05,796.9,6.9,0.0954,3.0207,0.0,-790.0,0.0,6.8165,0.0,-790.0,0.0,6.8165,1.0,0.0,0.0,0.0,0.0
1478,733.41,779.4,7959.05,780.85,1.45,0.0202,3.6947,0.0,-779.4,0.0,6.8165,0.0,-779.4,0.0,6.8165,1.0,0.0,0.0,0.0,0.0
1479,733.68,781.85,7868.1,790.5,8.65,0.1221,2.9134,0.0,-781.85,0.0,6.8165,0.0,-781.85,0.0,6.8165,1.0,0.0,0.0,0.0,0.0
1480,733.95,788.5,7853.45,781.25,-7.25,0.0,6.8165,0.0,-788.5,0.0,6.8165,0.0,-788.5,0.0,6.8165,1.0,0.0,0.0,0.0,0.0
1481,734.21,786.35,7776.35,789.6,3.25,0.0465,3.3326,0.0,-786.35,0.0,6.8165,0.0,-786.35,0.0,6.8165,1.0,0.0,0.0,0.0,0.0
1482,734.48,767.15,7716.2,793.7,26.55,0.3821,2.4179,0.0,-767.15,0.0,6.8165,0.0,-767.15,0.0,6.8165,1.0,0.0,0.0,0.0,0.0
1483,734.75,771.9,7686.5,784.85,12.95,0.1873,2.7275,0.0,-771.9,0.0,6.8165,0.0,-771.9,0.0,6.8165,1.0,0.0,0.0,0.0,0.0
1484,735.02,760.8,7559.6,772.8,12.0,0.1765,2.7533,0.0,-760.8,0.0,6.8165,0.0,-760.8,0.0,6.8165,1.0,0.0,0.0,0.0,0.0
1485,735.29,787.6,7434.75,782.15,-5.45,0.0,6.8165,0.0,-787.6,0.0,6.8165,0.0,-787.6,0.0,6.8165,1.0,0.0,0.0,0.0,0.0
1486,735.55,781.3,7319.85,777.1,-4.2,0.0,6.8165,0.0,-781.3,0.0,6.8165,0.0,-781.3,0.0,6.8165,1.0,0.0,0.0,0.0,0.0
1487,735.82,762.35,7230.9,811.15,48.8,0.7544,2.1224,0.0,-762.35,0.0,6.8165,0.0,-762.35,0.0,6.8165,1.0,0.0,0.0,0.0,0.0
1488,736.09,776.1,7092.3,788.0,11.9,0.1884,2.7249,0.0,-776.1,0.0,6.8165,0.0,-776.1,0.0,6.8165,1.0,0.0,0.0,0.0,0.0
1489,736.36,784.3,7094.4,789.5,5.2,0.0824,3.084,0.0,-784.3,0.0,6.8165,0.0,-784.3,0.0,6.8165,1.0,0.0,0.0,0.0,0.0
1490,736.62,777.8,6933.4,797.15,19.35,0.3143,2.5026,0.0,-777.8,0.0,6.8165,0.0,-777.8,0.0,6.8165,1.0,0.0,0.0,0.0,0.0
1491,736.89,781.4,6847.75,784.9,3.5,0.0577,3.2389,0.0,-781.4,0.0,6.8165,0.0,-781.4,0.0,6.8165,1.0,0.0,0.0,0.0,0.0
1492,737.16,777.8,6703.5,788.3,10.5,0.1772,2.7516,0.0,-777.8,0.0,6.8165,0.0,-777.8,0.0,6.8165,1.0,0.0,0.0,0.0,0.0
1493,737.43,781.1,6570.2,785.15,4.05,0.07,3.1552,0.0,-781.1,0.0,6.8165,0.0,-781.1,0.0,6.8165,1.0,0.0,0.0,0.0,0.0
1494,737.69,773.6,6560.55,798.45,24.85,0.4294,2.3671,0.0,-773.6,0.0,6.8165,0.0,-773.6,0.0,6.8165,1.0,0.0,0.0,0.0,0.0
1495,737.96,791.85,6472.6,781.1,-10.75,0.0,6.8165,0.0,-791.85,0.0,6.8165,0.0,-791.85,0.0,6.8165,1.0,0.0,0.0,0.0,0.0
1496,738.23,799.0,6420.85,785.25,-13.75,0.0,6.8165,0.0,-799.0,0.0,6.8165,0.0,-799.0,0.0,6.8165,1.0,0.0,0.0,0.0,0.0
1497,738.49,779.45,6319.3,786.8,7.35,0.1327,2.8772,0.0,-779.45,0.0,6.8165,0.0,-779.45,0.0,6.8165,1.0,0.0,0.0,0.0,0.0
1498,738.76,789.45,6160.25,791.2,1.75,0.0326,3.487,0.0,-789.45,0.0,6.8165,0.0,-789.45,0.0,6.8165,1.0,0.0,0.0,0.0,0.0
1499,739.03,781.3,6115.65,790.6,9.3,0.1743,2.7586,0.0,-781.3,0.0,6.8165,0.0,-781.3,0.0,6.8165,1.0,0.0,0.0,0.0,0.0
1500,739.29,788.7,5976.95,785.55,-3.15,0.0,6.8165,0.0,-788.7,0.0,6.8165,0.0,-788.7,0.0,6.8165,1.0,0.0,0.0,0.0,0.0
1501,739.56,784.25,5992.65,791.65,7.4,0.1421,2.8475,0.0,-784.25,0.0,6.8165,0.0,-784.25,0.0,6.8165,1.0,0.0,0.0,0.0,0.0
1502,739.83,778.1,5920.7,782.7,4.6,0.0894,3.0484,0.0,-778.1,0.0,6.8165,0.0,-778.1,0.0,6.8165,1.0,0.0,0.0,0.0,0.0
1503,740.09,782.55,5828.55,789.0,6.45,0.1278,2.8934,0.0,-782.55,0.0,6.8165,0.0,-782.55,0.0,6.8165,1.0,0.0,0.0,0.0,0.0
1504,740.36,785.1,5809.05,793.0,7.9,0.1572,2.8034,0.0,-785.1,0.0,6.8165,0.0,-785.1,0.0,6.8165,1.0,0.0,0.0,0.0,0.0
1505,740.62,787.35,5644.0,777.8,-9.55,0.0,6.8165,0.0,-787.35,0.0,6.8165,0.0,-787.35,0.0,6.8165,1.0,0.0,0.0,0.0,0.0
1506,740.89,775.85,5602.15,780.9,5.05,0.1046,2.9803,0.0,-775.85,0.0,6.8165,0.0,-775.85,0.0,6.8165,1.0,0.0,0.0,0.0,0.0
1507,741.16,772.6,5557.4,784.95,12.35,0.2581,2.5882,0.0,-772.6,0.0,6.8165,0.0,-772.6,0.0,6.8165,1.0,0.0,0.0,0.0,0.0
1508,741.42,778.4,5455.3,779.9,1.5,0.0321,3.4939,0.0,-778.4,0.0,6.8165,0.0,-778.4,0.0,6.8165,1.0,0.0,0.0,0.0,0.0
1509,741.69,792.35,5392.5,795.95,3.6,0.0783,3.1065,0.0,-792.35,0.0,6.8165,0.0,-792.35,0.0,6.8165,1.0,0.0,0.0,0.0,0.0
1510,741.95,768.0,5297.55,786.95,18.95,0.4184,2.3784,0.0,-768.0,0.0,6.8165,0.0,-768.0,0.0,6.8165,1.0,0.0,0.0,0.0,0.0
1511,742.22,774.9,5155.4,782.55,7.65,0.1746,2.7579,0.0,-774.9,0.0,6.8165,0.0,-774.9,0.0,6.8165,1.0,0.0,0.0,0.0,0.0
1512,742.48,775.3,4982.15,777.25,1.95,0.0464,3.3339,0.0,-775.3,0.0,6.8165,0.0,-775.3,0.0,6.8165,1.0,0.0,0.0,0.0,0.0
1513,742.75,778.25,4910.45,790.3,12.05,0.2916,2.5352,0.0,-778.25,0.0,6.8165,0.0,-778.25,0.0,6.8165,1.0,0.0,0.0,0.0,0.0
1514,743.01,772.1,4788.25,789.35,17.25,0.4295,2.367,0.0,-772.1,0.0,6.8165,0.0,-772.1,0.0,6.8165,1.0,0.0,0.0,0.0,0.0
1515,743.28,768.8,4714.95,788.6,19.8,0.5018,2.2995,0.0,-768.8,0.0,6.8165,0.0,-768.8,0.0,6.8165,1.0,0.0,0.0,0.0,0.0
1516,743.54,774.8,4583.4,777.05,2.25,0.0591,3.2286,0.0,-774.8,0.0,6.8165,0.0,-774.8,0.0,6.8165,1.0,0.0,0.0,0.0,0.0
1517,743.81,773.45,4471.7,780.0,6.55,0.1771,2.7518,0.0,-773.45,0.0,6.8165,0.0,-773.45,0.0,6.8165,1.0,0.0,0.0,0.0,0.0
1518,744.07,781.75,4362.25,783.35,1.6,0.0447,3.3498,0.0,-781.75,0.0,6.8165,0.0,-781.75,0.0,6.8165,1.0,0.0,0.0,0.0,0.0
1519,744.34,782.05,4333.15,782.8,0.75,0.0211,3.6753,0.0,-782.05,0.0,6.8165,0.0,-782.05,0.0,6.8165,1.0,0.0,0.0,0.0,0.0
1520,744.6,784.15,4243.15,772.9,-11.25,0.0,6.8165,0.0,-784.15,0.0,6.8165,0.0,-784.15,0.0,6.8165,1.0,0.0,0.0,0.0,0.0
1521,744.87,762.5,4177.05,791.2,28.7,0.8405,2.0755,0.0,-762.5,0.0,6.8165,0.0,-762.5,0.0,6.8165,1.0,0.0,0.0,0.0,0.0
1522,745.13,753.5,4063.0,792.3,38.8,1.1724,1.9309,0.0,-753.5,0.0,6.8165,0.0,-753.5,0.0,6.8165,1.0,0.0,0.0,0.0,0.0
1523,745.39,780.5,3961.9,783.75,3.25,0.1022,2.9907,0.0,-780.5,0.0,6.8165,0.0,-780.5,0.0,6.8165,1.0,0.0,0.0,0.0,0.0
1524,745.66,784.15,3871.3,779.15,-5.0,0.0,6.8165,0.0,-784.15,0.0,6.8165,0.0,-784.15,0.0,6.8165,1.0,0.0,0.0,0.0,0.0
1525,745.92,779.05,3788.15,775.3,-3.75,0.0,6.8165,0.0,-779.05,0.0,6.8165,0.0,-779.05,0.0,6.8165,1.0,0.0,0.0,0.0,0.0
1526,746.19,778.15,3684.55,781.65,3.5,0.1204,2.9193,0.0,-778.15,0.0,6.8165,0.0,-778.15,0.0,6.8165,1.0,0.0,0.0,0.0,0.0
1527,746.45,785.85,3617.8,795.45,9.6,0.339,2.4698,0.0,-785.85,0.0,6.8165,0.0,-785.85,0.0,6.8165,1.0,0.0,0.0,0.0,0.0
1528,746.71,782.2,3524.85,775.8,-6.4,0.0,6.8165,0.0,-782.2,0.0,6.8165,0.0,-782.2,0.0,6.8165,1.0,0.0,0.0,0.0,0.0
1529,746.98,773.1,3440.5,789.0,15.9,0.5961,2.2247,0.0,-773.1,0.0,6.8165,0.0,-773.1,0.0,6.8165,1.0,0.0,0.0,0.0,0.0
1530,747.24,781.9,3376.0,782.85,0.95,0.0366,3.4363,0.0,-781.9,0.0,6.8165,0.0,-781.9,0.0,6.8165,1.0,0.0,0.0,0.0,0.0
1531,747.5,780.0,3302.2,782.2,2.2,0.0872,3.0594,0.0,-780.0,0.0,6.8165,0.0,-780.0,0.0,6.8165,1.0,0.0,0.0,0.0,0.0
1532,747.77,779.2,3231.3,780.25,1.05,0.0428,3.3683,0.0,-779.2,0.0,6.8165,0.0,-779.2,0.0,6.8165,1.0,0.0,0.0,0.0,0.0
1533,748.03,773.45,3198.4,789.6,16.15,0.666,2.1765,0.0,-773.45,0.0,6.8165,0.0,-773.45,0.0,6.8165,1.0,0.0,0.0,0.0,0.0
1534,748.29,781.25,3117.05,782.95,1.7,0.0728,3.138,0.0,-781.25,0.0,6.8165,0.0,-781.25,0.0,6.8165,1.0,0.0,0.0,0.0,0.0
1535,748.56,772.2,3060.2,786.95,14.75,0.6447,2.1907,0.0,-772.2,0.0,6.8165,0.0,-772.2,0.0,6.8165,1.0,0.0,0.0,0.0,0.0
1536,748.82,769.2,3002.15,769.55,0.35,0.0157,3.8048,0.0,-769.2,0.0,6.8165,0.0,-769.2,0.0,6.8165,1.0,0.0,0.0,0.0,0.0
1537,749.08,776.15,2946.85,775.8,-0.35,0.0,6.8165,0.0,-776.15,0.0,6.8165,0.0,-776.15,0.0,6.8165,1.0,0.0,0.0,0.0,0.0
1538,749.34,771.1,2902.75,801.1,30.0,1.4074,1.8516,0.0,-771.1,0.0,6.8165,0.0,-771.1,0.0,6.8165,1.0,0.0,0.0,0.0,0.0
1539,749.61,766.95,2862.25,782.35,15.4,0.735,2.1337,0.0,-766.95,0.0,6.8165,0.0,-766.95,0.0,6.8165,1.0,0.0,0.0,0.0,0.0
1540,749.87,779.2,2791.5,775.7,-3.5,0.0,6.8165,0.0,-779.2,0.0,6.8165,0.0,-779.2,0.0,6.8165,1.0,0.0,0.0,0.0,0.0
1541,750.13,777.35,2768.5,782.9,5.55,0.2787,2.5548,0.0,-777.35,0.0,6.8165,0.0,-777.35,0.0,6.8165,1.0,0.0,0.0,0.0,0.0
1542,750.39,778.3,2696.4,783.9,5.6,0.292,2.5347,0.0,-778.3,0.0,6.8165,0.0,-778.3,0.0,6.8165,1.0,0.0,0.0,0.0,0.0
1543,750.65,780.0,2684.95,784.5,4.5,0.2362,2.6267,0.0,-780.0,0.0,6.8165,0.0,-780.0,0.0,6.8165,1.0,0.0,0.0,0.0,0.0
1544,750.92,770.1,2644.7,776.4,6.3,0.3361,2.4736,0.0,-770.1,0.0,6.8165,0.0,-770.1,0.0,6.8165,1.0,0.0,0.0,0.0,0.0
1545,751.18,775.6,2614.35,788.05,12.45,0.6771,2.1694,0.0,-775.6,0.0,6.8165,0.0,-775.6,0.0,6.8165,1.0,0.0,0.0,0.0,0.0
1546,751.44,781.2,2587.95,766.0,-15.2,0.0,6.8165,0.0,-781.2,0.0,6.8165,0.0,-781.2,0.0,6.8165,1.0,0.0,0.0,0.0,0.0
1547,751.7,777.5,2550.45,796.95,19.45,1.097,1.9598,0.0,-777.5,0.0,6.8165,0.0,-777.5,0.0,6.8165,1.0,0.0,0.0,0.0,0.0
1548,751.96,778.75,2497.65,772.7,-6.05,0.0,6.8165,0.0,-778.75,0.0,6.8165,0.0,-778.75,0.0,6.8165,1.0,0.0,0.0,0.0,0.0
1549,752.23,783.95,2472.75,795.7,11.75,0.6958,2.1575,0.0,-783.95,0.0,6.8165,0.0,-783.95,0.0,6.8165,1.0,0.0,0.0,0.0,0.0
1550,752.49,770.0,2448.05,801.3,31.3,1.8653,1.7293,0.0,-770.0,0.0,6.8165,0.0,-770.0,0.0,6.8165,1.0,0.0,0.0,0.0,0.0
1551,752.75,776.1,2401.65,780.5,4.4,0.2707,2.5675,0.0,-776.1,0.0,6.8165,0.0,-776.1,0.0,6.8165,1.0,0.0,0.0,0.0,0.0
1552,753.01,782.25,2360.6,794.55,12.3,0.7793,2.1083,0.0,-782.25,0.0,6.8165,0.0,-782.25,0.0,6.8165,1.0,0.0,0.0,0.0,0.0
1553,753.27,771.25,2346.75,777.4,6.15,0.3904,2.4085,0.0,-771.25,0.0,6.8165,0.0,-771.25,0.0,6.8165,1.0,0.0,0.0,0.0,0.0
1554,753.53,790.85,2347.85,780.2,-10.65,0.0,6.8165,0.0,-790.85,0.0,6.8165,0.0,-790.85,0.0,6.8165,1.0,0.0,0.0,0.0,0.0
1555,753.79,781.8,2322.5,778.6,-3.2,0.0,6.8165,0.0,-781.8,0.0,6.8165,0.0,-781.8,0.0,6.8165,1.0,0.0,0.0,0.0,0.0
1556,754.05,787.85,2295.4,779.9,-7.95,0.0,6.8165,0.0,-787.85,0.0,6.8165,0.0,-787.85,0.0,6.8165,1.0,0.0,0.0,0.0,0.0
1557,754.31,782.15,2255.3,793.8,11.65,0.7908,2.1019,0.0,-782.15,0.0,6.8165,0.0,-782.15,0.0,6.8165,1.0,0.0,0.0,0.0,0.0
1558,754.57,781.1,2226.4,778.6,-2.5,0.0,6.8165,0.0,-781.1,0.0,6.8165,0.0,-781.1,0.0,6.8165,1.0,0.0,0.0,0.0,0.0
1559,754.84,786.9,2199.7,771.05,-15.85,0.0,6.8165,0.0,-786.9,0.0,6.8165,0.0,-786.9,0.0,6.8165,1.0,0.0,0.0,0.0,0.0
1560,755.1,786.05,2157.5,789.85,3.8,0.2771,2.5574,0.0,-786.05,0.0,6.8165,0.0,-786.05,0.0,6.8165,1.0,0.0,0.0,0.0,0.0
1561,755.36,782.25,2148.8,791.5,9.25,0.6769,2.1695,0.0,-782.25,0.0,6.8165,0.0,-782.25,0.0,6.8165,1.0,0.0,0.0,0.0,0.0
1562,755.62,769.2,2102.85,770.1,0.9,0.0675,3.1708,0.0,-769.2,0.0,6.8165,0.0,-769.2,0.0,6.8165,1.0,0.0,0.0,0.0,0.0
1563,755.88,775.4,2140.1,784.45,9.05,0.6631,2.1784,0.0,-775.4,0.0,6.8165,0.0,-775.4,0.0,6.8165,1.0,0.0,0.0,0.0,0.0
1564,756.14,773.7,2093.2,791.15,17.45,1.3225,1.8786,0.0,-773.7,0.0,6.8165,0.0,-773.7,0.0,6.8165,1.0,0.0,0.0,0.0,0.0
1565,756.4,777.75,2050.4,769.95,-7.8,0.0,6.8165,0.0,-777.75,0.0,6.8165,0.0,-777.75,0.0,6.8165,1.0,0.0,0.0,0.0,0.0
1566,756.66,791.3,2060.65,785.4,-5.9,0.0,6.8165,0.0,-791.3,0.0,6.8165,0.0,-791.3,0.0,6.8165,1.0,0.0,0.0,0.0,0.0
1567,756.92,777.5,2040.65,775.65,-1.85,0.0,6.8165,0.0,-777.5,0.0,6.8165,0.0,-777.5,0.0,6.8165,1.0,0.0,0.0,0.0,0.0
1568,757.18,789.9,2029.15,767.0,-22.9,0.0,6.8165,0.0,-789.9,0.0,6.8165,0.0,-789.9,0.0,6.8165,1.0,0.0,0.0,0.0,0.0
1569,757.43,791.15,2035.45,773.6,-17.55,0.0,6.8165,0.0,-791.15,0.0,6.8165,0.0,-791.15,0.0,6.8165,1.0,0.0,0.0,0.0,0.0
1570,757.69,778.6,2024.6,789.6,11.0,0.8828,2.0541,0.0,-778.6,0.0,6.8165,0.0,-778.6,0.0,6.8165,1.0,0.0,0.0,0.0,0.0
1571,757.95,780.8,2028.95,783.45,2.65,0.2123,2.673,0.0,-780.8,0.0,6.8165,0.0,-780.8,0.0,6.8165,1.0,0.0,0.0,0.0,0.0
1572,758.21,769.6,1976.25,786.4,16.8,1.3923,1.8563,0.0,-769.6,0.0,6.8165,0.0,-769.6,0.0,6.8165,1.0,0.0,0.0,0.0,0.0
1573,758.47,766.35,1989.2,787.95,21.6,1.7664,1.7529,0.0,-766.35,0.0,6.8165,0.0,-766.35,0.0,6.8165,1.0,0.0,0.0,0.0,0.0
1574,758.73,786.25,1975.8,780.95,-5.3,0.0,6.8165,0.0,-786.25,0.0,6.8165,0.0,-786.25,0.0,6.8165,1.0,0.0,0.0,0.0,0.0
1575,758.99,770.3,1967.35,792.5,22.2,1.8546,1.7318,0.0,-770.3,0.0,6.8165,0.0,-770.3,0.0,6.8165,1.0,0.0,0.0,0.0,0.0
1576,759.25,789.2,1943.8,787.05,-2.15,0.0,6.8165,0.0,-789.2,0.0,6.8165,0.0,-789.2,0.0,6.8165,1.0,0.0,0.0,0.0,0.0
1577,759.51,803.4,1954.3,790.65,-12.75,0.0,6.8165,0.0,-803.4,0.0,6.8165,0.0,-803.4,0.0,6.8165,1.0,0.0,0.0,0.0,0.0
1578,759.77,782.45,1955.75,794.95,12.5,1.0654,1.9725,0.0,-782.45,0.0,6.8165,0.0,-782.45,0.0,6.8165,1.0,0.0,0.0,0.0,0.0
1579,760.02,778.75,1948.45,785.05,6.3,0.5386,2.2687,0.0,-778.75,0.0,6.8165,0.0,-778.75,0.0,6.8165,1.0,0.0,0.0,0.0,0.0
1580,760.28,790.5,1955.9,782.15,-8.35,0.0,6.8165,0.0,-790.5,0.0,6.8165,0.0,-790.5,0.0,6.8165,1.0,0.0,0.0,0.0,0.0
1581,760.54,790.3,1950.9,795.4,5.1,0.4394,2.3571,0.0,-790.3,0.0,6.8165,0.0,-790.3,0.0,6.8165,1.0,0.0,0.0,0.0,0.0
1582,760.8,779.95,1946.3,780.95,1.0,0.0857,3.0668,0.0,-779.95,0.0,6.8165,0.0,-779.95,0.0,6.8165,1.0,0.0,0.0,0.0,0.0
1583,761.06,783.05,1953.05,794.85,11.8,1.0085,1.9963,0.0,-783.05,0.0,6.8165,0.0,-783.05,0.0,6.8165,1.0,0.0,0.0,0.0,0.0
1584,761.32,770.45,1940.7,790.1,19.65,1.6791,1.7749,0.0,-770.45,0.0,6.8165,0.0,-770.45,0.0,6.8165,1.0,0.0,0.0,0.0,0.0
1585,761.57,782.1,1948.15,782.6,0.5,0.0429,3.3677,0.0,-782.1,0.0,6.8165,0.0,-782.1,0.0,6.8165,1.0,0.0,0.0,0.0,0.0
1586,761.83,787.35,1919.9,776.5,-10.85,0.0,6.8165,0.0,-787.35,0.0,6.8165,0.0,-787.35,0.0,6.8165,1.0,0.0,0.0,0.0,0.0
1587,762.09,773.6,1932.6,782.7,9.1,0.7852,2.105,0.0,-773.6,0.0,6.8165,0.0,-773.6,0.0,6.8165,1.0,0.0,0.0,0.0,0.0
1588,762.35,766.5,1927.25,783.15,16.65,1.4344,1.8433,0.0,-766.5,0.0,6.8165,0.0,-766.5,0.0,6.8165,1.0,0.0,0.0,0.0,0.0
1589,762.6,778.8,1918.75,784.75,5.95,0.522,2.2824,0.0,-778.8,0.0,6.8165,0.0,-778.8,0.0,6.8165,1.0,0.0,0.0,0.0,0.0
1590,762.86,773.25,1923.65,783.85,10.6,0.9214,2.0355,0.0,-773.25,0.0,6.8165,0.0,-773.25,0.0,6.8165,1.0,0.0,0.0,0.0,0.0
1591,763.12,791.9,1955.6,776.0,-15.9,0.0,6.8165,0.0,-791.9,0.0,6.8165,0.0,-791.9,0.0,6.8165,1.0,0.0,0.0,0.0,0.0
1592,763.38,783.8,1975.75,783.9,0.1,0.0084,4.0763,0.0,-783.8,0.0,6.8165,0.0,-783.8,0.0,6.8165,1.0,0.0,0.0,0.0,0.0
1593,763.63,779.6,2008.6,766.4,-13.2,0.0,6.8165,0.0,-779.6,0.0,6.8165,0.0,-779.6,0.0,6.8165,1.0,0.0,0.0,0.0,0.0
1594,763.89,777.5,2043.2,789.7,12.2,0.9639,2.016,0.0,-777.5,0.0,6.8165,0.0,-777.5,0.0,6.8165,1.0,0.0,0.0,0.0,0.0
1595,764.15,766.0,2120.45,780.85,14.85,1.0964,1.96,0.0,-766.0,0.0,6.8165,0.0,-766.0,0.0,6.8165,1.0,0.0,0.0,0.0,0.0
1596,764.4,778.45,2213.65,787.05,8.6,0.5992,2.2224,0.0,-778.45,0.0,6.8165,0.0,-778.45,0.0,6.8165,1.0,0.0,0.0,0.0,0.0
1597,764.66,769.2,2288.3,779.75,10.55,0.6945,2.1583,0.0,-769.2,0.0,6.8165,0.0,-769.2,0.0,6.8165,1.0,0.0,0.0,0.0,0.0
1598,764.92,765.75,2283.5,786.6,20.85,1.3737,1.8621,0.0,-765.75,0.0,6.8165,0.0,-765.75,0.0,6.8165,1.0,0.0,0.0,0.0,0.0
1599,765.17,771.9,2327.65,773.9,2.0,0.1286,2.8909,0.0,-771.9,0.0,6.8165,0.0,-771.9,0.0,6.8165,1.0,0.0,0.0,0.0,0.0
1600,765.43,771.6,2272.35,787.25,15.65,1.0428,1.9818,0.0,-771.6,0.0,6.8165,0.0,-771.6,0.0,6.8165,1.0,0.0,0.0,0.0,0.0
1601,765.69,780.2,2224.6,781.1,0.9,0.0623,3.2054,0.0,-780.2,0.0,6.8165,0.0,-780.2,0.0,6.8165,1.0,0.0,0.0,0.0,0.0
1602,765.94,771.25,2207.1,783.2,11.95,0.8323,2.0797,0.0,-771.25,0.0,6.8165,0.0,-771.25,0.0,6.8165,1.0,0.0,0.0,0.0,0.0
1603,766.2,780.45,2113.6,787.55,7.1,0.5326,2.2736,0.0,-780.45,0.0,6.8165,0.0,-780.45,0.0,6.8165,1.0,0.0,0.0,0.0,0.0
1604,766.45,769.45,2044.35,778.3,8.85,0.6942,2.1585,0.0,-769.45,0.0,6.8165,0.0,-769.45,0.0,6.8165,1.0,0.0,0.0,0.0,0.0
1605,766.71,773.8,1971.35,791.45,17.65,1.4738,1.8315,0.0,-773.8,0.0,6.8165,0.0,-773.8,0.0,6.8165,1.0,0.0,0.0,0.0,0.0
1606,766.97,779.2,1929.75,787.85,8.65,0.7518,2.1239,0.0,-779.2,0.0,6.8165,0.0,-779.2,0.0,6.8165,1.0,0.0,0.0,0.0,0.0
1607,767.22,777.6,1874.5,784.35,6.75,0.6154,2.2109,0.0,-777.6,0.0,6.8165,0.0,-777.6,0.0,6.8165,1.0,0.0,0.0,0.0,0.0
1608,767.48,785.2,1859.0,786.3,1.1,0.1024,2.9895,0.0,-785.2,0.0,6.8165,0.0,-785.2,0.0,6.8165,1.0,0.0,0.0,0.0,0.0
1609,767.73,773.85,1815.15,794.85,21.0,2.0167,1.6954,0.0,-773.85,0.0,6.8165,0.0,-773.85,0.0,6.8165,1.0,0.0,0.0,0.0,0.0
1610,767.99,781.65,1777.25,768.35,-13.3,0.0,6.8165,0.0,-781.65,0.0,6.8165,0.0,-781.65,0.0,6.8165,1.0,0.0,0.0,0.0,0.0
1611,768.24,776.55,1767.8,789.2,12.65,1.2762,1.8941,0.0,-776.55,0.0,6.8165,0.0,-776.55,0.0,6.8165,1.0,0.0,0.0,0.0,0.0
1612,768.5,777.5,1709.2,778.1,0.6,0.0644,3.1911,0.0,-777.5,0.0,6.8165,0.0,-777.5,0.0,6.8165,1.0,0.0,0.0,0.0,0.0
1613,768.75,786.25,1698.5,792.4,6.15,0.6742,2.1712,0.0,-786.25,0.0,6.8165,0.0,-786.25,0.0,6.8165,1.0,0.0,0.0,0.0,0.0
1614,769.01,782.5,1669.05,775.15,-7.35,0.0,6.8165,0.0,-782.5,0.0,6.8165,0.0,-782.5,0.0,6.8165,1.0,0.0,0.0,0.0,0.0
1615,769.26,777.75,1659.55,770.45,-7.3,0.0,6.8165,0.0,-777.75,0.0,6.8165,0.0,-777.75,0.0,6.8165,1.0,0.0,0.0,0.0,0.0
1616,769.52,767.8,1657.65,779.4,11.6,1.3036,1.8849,0.0,-767.8,0.0,6.8165,0.0,-767.8,0.0,6.8165,1.0,0.0,0.0,0.0,0.0
1617,769.77,783.8,1625.05,776.6,-7.2,0.0,6.8165,0.0,-783.8,0.0,6.8165,0.0,-783.8,0.0,6.8165,1.0,0.0,0.0,0.0,0.0
1618,770.03,784.6,1609.3,787.7,3.1,0.3759,2.4249,0.0,-784.6,0.0,6.8165,0.0,-784.6,0.0,6.8165,1.0,0.0,0.0,0.0,0.0
1619,770.28,758.2,1585.2,780.15,21.95,2.6542,1.5761,0.0,-758.2,0.0,6.8165,0.0,-758.2,0.0,6.8165,1.0,0.0,0.0,0.0,0.0
1620,770.54,774.55,1554.5,779.35,4.8,0.6154,2.2108,0.0,-774.55,0.0,6.8165,0.0,-774.55,0.0,6.8165,1.0,0.0,0.0,0.0,0.0
1621,770.79,777.35,1533.7,769.2,-8.15,0.0,6.8165,0.0,-777.35,0.0,6.8165,0.0,-777.35,0.0,6.8165,1.0,0.0,0.0,0.0,0.0
1622,771.04,770.55,1539.05,781.45,10.9,1.4183,1.8482,0.0,-770.55,0.0,6.8165,0.0,-770.55,0.0,6.8165,1.0,0.0,0.0,0.0,0.0
1623,771.3,776.1,1522.55,771.75,-4.35,0.0,6.8165,0.0,-776.1,0.0,6.8165,0.0,-776.1,0.0,6.8165,1.0,0.0,0.0,0.0,0.0
1624,771.55,773.9,1490.8,790.5,16.6,2.3155,1.6354,0.0,-773.9,0.0,6.8165,0.0,-773.9,0.0,6.8165,1.0,0.0,0.0,0.0,0.0
1625,771.81,791.45,1513.0,789.95,-1.5,0.0,6.8165,0.0,-791.45,0.0,6.8165,0.0,-791.45,0.0,6.8165,1.0,0.0,0.0,0.0,0.0
1626,772.06,777.85,1467.55,779.2,1.35,0.1957,2.7083,0.0,-777.85,0.0,6.8165,0.0,-777.85,0.0,6.8165,1.0,0.0,0.0,0.0,0.0
1627,772.31,783.25,1450.3,782.8,-0.45,0.0,6.8165,0.0,-783.25,0.0,6.8165,0.0,-783.25,0.0,6.8165,1.0,0.0,0.0,0.0,0.0
1628,772.57,782.25,1451.95,792.65,10.4,1.5529,1.8088,0.0,-782.25,0.0,6.8165,0.0,-782.25,0.0,6.8165,1.0,0.0,0.0,0.0,0.0
1629,772.82,775.75,1429.75,789.9,14.15,2.1636,1.6648,0.0,-775.75,0.0,6.8165,0.0,-775.75,0.0,6.8165,1.0,0.0,0.0,0.0,0.0
1630,773.07,768.35,1453.55,770.25,1.9,0.2773,2.5571,0.0,-768.35,0.0,6.8165,0.0,-768.35,0.0,6.8165,1.0,0.0,0.0,0.0,0.0
1631,773.33,763.8,1436.8,785.6,21.8,3.2392,1.4896,0.0,-763.8,0.0,6.8165,0.0,-763.8,0.0,6.8165,1.0,0.0,0.0,0.0,0.0
1632,773.58,768.6,1416.6,786.9,18.3,2.8241,1.5491,0.0,-768.6,0.0,6.8165,0.0,-768.6,0.0,6.8165,1.0,0.0,0.0,0.0,0.0
1633,773.83,783.25,1407.9,783.4,0.15,0.024,3.6195,0.0,-783.25,0.0,6.8165,0.0,-783.25,0.0,6.8165,1.0,0.0,0.0,0.0,0.0
1634,774.09,776.2,1390.4,780.4,4.2,0.6838,2.1651,0.0,-776.2,0.0,6.8165,0.0,-776.2,0.0,6.8165,1.0,0.0,0.0,0.0,0.0
1635,774.34,779.0,1398.7,781.25,2.25,0.3631,2.44,0.0,-779.0,0.0,6.8165,0.0,-779.0,0.0,6.8165,1.0,0.0,0.0,0.0,0.0
1636,774.59,782.25,1383.75,790.4,8.15,1.3549,1.8681,0.0,-782.25,0.0,6.8165,0.0,-782.25,0.0,6.8165,1.0,0.0,0.0,0.0,0.0
1637,774.85,776.1,1381.3,767.5,-8.6,0.0,6.8165,0.0,-776.1,0.0,6.8165,0.0,-776.1,0.0,6.8165,1.0,0.0,0.0,0.0,0.0
1638,775.1,785.7,1380.85,774.3,-11.4,0.0,6.8165,0.0,-785.7,0.0,6.8165,0.0,-785.7,0.0,6.8165,1.0,0.0,0.0,0.0,0.0
1639,775.35,778.0,1367.9,794.35,16.35,2.7717,1.5573,0.0,-778.0,0.0,6.8165,0.0,-778.0,0.0,6.8165,1.0,0.0,0.0,0.0,0.0
1640,775.6,773.15,1341.0,784.75,11.6,2.0428,1.6898,0.0,-773.15,0.0,6.8165,0.0,-773.15,0.0,6.8165,1.0,0.0,0.0,0.0,0.0
1641,775.85,772.25,1349.9,793.8,21.55,3.7306,1.4282,0.0,-772.25,0.0,6.8165,0.0,-772.25,0.0,6.8165,1.0,0.0,0.0,0.0,0.0
1642,776.11,779.0,1335.55,784.2,5.2,0.9343,2.0295,0.0,-779.0,0.0,6.8165,0.0,-779.0,0.0,6.8165,1.0,0.0,0.0,0.0,0.0
1643,776.36,777.55,1314.3,785.45,7.9,1.4718,1.8321,0.0,-777.55,0.0,6.8165,0.0,-777.55,0.0,6.8165,1.0,0.0,0.0,0.0,0.0
1644,776.61,781.15,1312.65,759.1,-22.05,0.0,6.8165,0.0,-781.15,0.0,6.8165,0.0,-781.15,0.0,6.8165,1.0,0.0,0.0,0.0,0.0
1645,776.86,784.0,1307.4,792.3,8.3,1.5858,1.7998,0.0,-784.0,0.0,6.8165,0.0,-784.0,0.0,6.8165,1.0,0.0,0.0,0.0,0.0
1646,777.11,768.95,1290.7,783.0,14.05,2.6929,1.5698,0.0,-768.95,0.0,6.8165,0.0,-768.95,0.0,6.8165,1.0,0.0,0.0,0.0,0.0
1647,777.37,776.25,1284.6,784.55,8.3,1.6327,1.7871,0.0,-776.25,0.0,6.8165,0.0,-776.25,0.0,6.8165,1.0,0.0,0.0,0.0,0.0
1648,777.62,786.45,1295.1,768.35,-18.1,0.0,6.8165,0.0,-786.45,0.0,6.8165,0.0,-786.45,0.0,6.8165,1.0,0.0,0.0,0.0,0.0
1649,777.87,782.55,1296.9,772.5,-10.05,0.0,6.8165,0.0,-782.55,0.0,6.8165,0.0,-782.55,0.0,6.8165,1.0,0.0,0.0,0.0,0.0
1650,778.12,767.0,1288.55,782.6,15.6,2.9911,1.5242,0.0,-767.0,0.0,6.8165,0.0,-767.0,0.0,6.8165,1.0,0.0,0.0,0.0,0.0
1651,778.37,771.45,1272.85,784.85,13.4,2.6725,1.5731,0.0,-771.45,0.0,6.8165,0.0,-771.45,0.0,6.8165,1.0,0.0,0.0,0.0,0.0
1652,778.62,780.35,1284.65,769.7,-10.65,0.0,6.8165,0.0,-780.35,0.0,6.8165,0.0,-780.35,0.0,6.8165,1.0,0.0,0.0,0.0,0.0
1653,778.87,787.55,1272.25,780.25,-7.3,0.0,6.8165,0.0,-787.55,0.0,6.8165,0.0,-787.55,0.0,6.8165,1.0,0.0,0.0,0.0,0.0
1654,779.12,771.6,1268.95,777.35,5.75,1.1561,1.937,0.0,-771.6,0.0,6.8165,0.0,-771.6,0.0,6.8165,1.0,0.0,0.0,0.0,0.0
1655,779.38,779.7,1270.75,777.1,-2.6,0.0,6.8165,0.0,-779.7,0.0,6.8165,0.0,-779.7,0.0,6.8165,1.0,0.0,0.0,0.0,0.0
1656,779.63,770.45,1268.25,775.6,5.15,1.0346,1.9852,0.0,-770.45,0.0,6.8165,0.0,-770.45,0.0,6.8165,1.0,0.0,0.0,0.0,0.0
1657,779.88,777.9,1256.15,782.15,4.25,0.8887,2.0513,0.0,-777.9,0.0,6.8165,0.0,-777.9,0.0,6.8165,1.0,0.0,0.0,0.0,0.0
1658,780.13,766.85,1257.95,786.85,20.0,4.0725,1.3901,0.0,-766.85,0.0,6.8165,0.0,-766.85,0.0,6.8165,1.0,0.0,0.0,0.0,0.0
1659,780.38,790.0,1260.95,785.85,-4.15,0.0,6.8165,0.0,-790.0,0.0,6.8165,0.0,-790.0,0.0,6.8165,1.0,0.0,0.0,0.0,0.0
1660,780.63,771.2,1254.2,789.55,18.35,3.7992,1.4203,0.0,-771.2,0.0,6.8165,0.0,-771.2,0.0,6.8165,1.0,0.0,0.0,0.0,0.0
1661,780.88,776.65,1262.4,781.95,5.3,1.0911,1.9621,0.0,-776.65,0.0,6.8165,0.0,-776.65,0.0,6.8165,1.0,0.0,0.0,0.0,0.0
1662,781.13,787.95,1275.3,793.85,5.9,1.2106,1.917,0.0,-787.95,0.0,6.8165,0.0,-787.95,0.0,6.8165,1.0,0.0,0.0,0.0,0.0
1663,781.38,784.05,1247.85,787.9,3.85,0.8301,2.0809,0.0,-784.05,0.0,6.8165,0.0,-784.05,0.0,6.8165,1.0,0.0,0.0,0.0,0.0
1664,781.63,770.85,1256.05,786.85,16.0,3.2976,1.4818,0.0,-770.85,0.0,6.8165,0.0,-770.85,0.0,6.8165,1.0,0.0,0.0,0.0,0.0
1665,781.88,786.3,1243.85,794.95,8.65,1.8905,1.7234,0.0,-786.3,0.0,6.8165,0.0,-786.3,0.0,6.8165,1.0,0.0,0.0,0.0,0.0
1666,782.13,793.75,1249.3,779.35,-14.4,0.0,6.8165,0.0,-793.75,0.0,6.8165,0.0,-793.75,0.0,6.8165,1.0,0.0,0.0,0.0,0.0
1667,782.38,778.15,1265.3,772.3,-5.85,0.0,6.8165,0.0,-778.15,0.0,6.8165,0.0,-778.15,0.0,6.8165,1.0,0.0,0.0,0.0,0.0
1668,782.63,789.05,1244.25,788.45,-0.6,0.0,6.8165,0.0,-789.05,0.0,6.8165,0.0,-789.05,0.0,6.8165,1.0,0.0,0.0,0.0,0.0
1669,782.88,775.8,1250.35,777.8,2.0,0.4215,2.3753,0.0,-775.8,0.0,6.8165,0.0,-775.8,0.0,6.8165,1.0,0.0,0.0,0.0,0.0
1670,783.13,779.65,1251.7,782.0,2.35,0.4978,2.3029,0.0,-779.65,0.0,6.8165,0.0,-779.65,0.0,6.8165,1.0,0.0,0.0,0.0,0.0
1671,783.38,779.1,1246.85,787.3,8.2,1.7531,1.7562,0.0,-779.1,0.0,6.8165,0.0,-779.1,0.0,6.8165,1.0,0.0,0.0,0.0,0.0
1672,783.62,789.5,1245.95,778.65,-10.85,0.0,6.8165,0.0,-789.5,0.0,6.8165,0.0,-789.5,0.0,6.8165,1.0,0.0,0.0,0.0,0.0
1673,783.87,778.1,1239.85,779.8,1.7,0.3682,2.434,0.0,-778.1,0.0,6.8165,0.0,-778.1,0.0,6.8165,1.0,0.0,0.0,0.0,0.0
1674,784.12,776.55,1257.8,786.55,10.0,2.0779,1.6824,0.0,-776.55,0.0,6.8165,0.0,-776.55,0.0,6.8165,1.0,0.0,0.0,0.0,0.0
1675,784.37,782.6,1236.35,790.0,7.4,1.6309,1.7876,0.0,-782.6,0.0,6.8165,0.0,-782.6,0.0,6.8165,1.0,0.0,0.0,0.0,0.0
1676,784.62,784.1,1229.75,793.95,9.85,2.2103,1.6556,0.0,-784.1,0.0,6.8165,0.0,-784.1,0.0,6.8165,1.0,0.0,0.0,0.0,0.0
1677,784.87,796.75,1259.8,780.65,-16.1,0.0,6.8165,0.0,-796.75,0.0,6.8165,0.0,-796.75,0.0,6.8165,1.0,0.0,0.0,0.0,0.0
1678,785.12,778.75,1236.8,776.8,-1.95,0.0,6.8165,0.0,-778.75,0.0,6.8165,0.0,-778.75,0.0,6.8165,1.0,0.0,0.0,0.0,0.0
1679,785.37,773.8,1233.4,786.55,12.75,2.7742,1.5569,0.0,-773.8,0.0,6.8165,0.0,-773.8,0.0,6.8165,1.0,0.0,0.0,0.0,0.0
1680,785.61,774.2,1225.85,788.45,14.25,3.1551,1.501,0.0,-774.2,0.0,6.8165,0.0,-774.2,0.0,6.8165,1.0,0.0,0.0,0.0,0.0
1681,785.86,768.15,1240.35,788.85,20.7,4.3837,1.3582,0.0,-768.15,0.0,6.8165,0.0,-768.15,0.0,6.8165,1.0,0.0,0.0,0.0,0.0
1682,786.11,788.05,1238.1,783.8,-4.25,0.0,6.8165,0.0,-788.05,0.0,6.8165,0.0,-788.05,0.0,6.8165,1.0,0.0,0.0,0.0,0.0
1683,786.36,780.6,1228.3,779.4,-1.2,0.0,6.8165,0.0,-780.6,0.0,6.8165,0.0,-780.6,0.0,6.8165,1.0,0.0,0.0,0.0,0.0
1684,786.61,765.3,1230.25,772.5,7.2,1.5486,1.8101,0.0,-765.3,0.0,6.8165,0.0,-765.3,0.0,6.8165,1.0,0.0,0.0,0.0,0.0
1685,786.85,780.55,1241.3,795.9,15.35,3.3315,1.4774,0.0,-780.55,0.0,6.8165,0.0,-780.55,0.0,6.8165,1.0,0.0,0.0,0.0,0.0
1686,787.1,778.4,1246.65,795.7,17.3,3.6946,1.4324,0.0,-778.4,0.0,6.8165,0.0,-778.4,0.0,6.8165,1.0,0.0,0.0,0.0,0.0
1687,787.35,773.05,1233.55,777.7,4.65,1.0098,1.9958,0.0,-773.05,0.0,6.8165,0.0,-773.05,0.0,6.8165,1.0,0.0,0.0,0.0,0.0
1688,787.6,791.65,1247.1,783.05,-8.6,0.0,6.8165,0.0,-791.65,0.0,6.8165,0.0,-791.65,0.0,6.8165,1.0,0.0,0.0,0.0,0.0
1689,787.84,772.15,1247.95,781.8,9.65,2.0282,1.6929,0.0,-772.15,0.0,6.8165,0.0,-772.15,0.0,6.8165,1.0,0.0,0.0,0.0,0.0
1690,788.09,770.2,1251.4,776.05,5.85,1.2157,1.9152,0.0,-770.2,0.0,6.8165,0.0,-770.2,0.0,6.8165,1.0,0.0,0.0,0.0,0.0
1691,788.34,776.55,1246.85,772.05,-4.5,0.0,6.8165,0.0,-776.55,0.0,6.8165,0.0,-776.55,0.0,6.8165,1.0,0.0,0.0,0.0,0.0
1692,788.59,768.45,1272.1,780.35,11.9,2.3628,1.6266,0.0,-768.45,0.0,6.8165,0.0,-768.45,0.0,6.8165,1.0,0.0,0.0,0.0,0.0
1693,788.83,781.7,1263.95,775.45,-6.25,0.0,6.8165,0.0,-781.7,0.0,6.8165,0.0,-781.7,0.0,6.8165,1.0,0.0,0.0,0.0,0.0
1694,789.08,785.7,1271.9,776.6,-9.1,0.0,6.8165,0.0,-785.7,0.0,6.8165,0.0,-785.7,0.0,6.8165,1.0,0.0,0.0,0.0,0.0
1695,789.33,774.8,1258.05,782.65,7.85,1.6244,1.7893,0.0,-774.8,0.0,6.8165,0.0,-774.8,0.0,6.8165,1.0,0.0,0.0,0.0,0.0
1696,789.57,779.9,1266.35,785.7,5.8,1.1923,1.9236,0.0,-779.9,0.0,6.8165,0.0,-779.9,0.0,6.8165,1.0,0.0,0.0,0.0,0.0
1697,789.82,771.95,1271.2,788.3,16.35,3.2749,1.4848,0.0,-771.95,0.0,6.8165,0.0,-771.95,0.0,6.8165,1.0,0.0,0.0,0.0,0.0
1698,790.07,769.3,1269.7,797.7,28.4,5.6755,1.246,0.0,-769.3,0.0,6.8165,0.0,-769.3,0.0,6.8165,1.0,0.0,0.0,0.0,0.0
1699,790.31,777.55,1277.5,774.6,-2.95,0.0,6.8165,0.0,-777.55,0.0,6.8165,0.0,-777.55,0.0,6.8165,1.0,0.0,0.0,0.0,0.0
1700,790.56,781.0,1264.5,778.5,-2.5,0.0,6.8165,0.0,-781.0,0.0,6.8165,0.0,-781.0,0.0,6.8165,1.0,0.0,0.0,0.0,0.0
1701,790.8,778.1,1271.4,783.3,5.2,1.0541,1.9771,0.0,-778.1,0.0,6.8165,0.0,-778.1,0.0,6.8165,1.0,0.0,0.0,0.0,0.0
1702,791.05,775.5,1265.85,786.9,11.4,2.3249,1.6336,0.0,-775.5,0.0,6.8165,0.0,-775.5,0.0,6.8165,1.0,0.0,0.0,0.0,0.0
1703,791.3,768.85,1261.85,779.2,10.35,2.0994,1.6779,0.0,-768.85,0.0,6.8165,0.0,-768.85,0.0,6.8165,1.0,0.0,0.0,0.0,0.0
1704,791.54,778.6,1252.1,773.85,-4.75,0.0,6.8165,0.0,-778.6,0.0,6.8165,0.0,-778.6,0.0,6.8165,1.0,0.0,0.0,0.0,0.0
1705,791.79,768.3,1251.45,780.65,12.35,2.5561,1.5924,0.0,-768.3,0.0,6.8165,0.0,-768.3,0.0,6.8165,1.0,0.0,0.0,0.0,0.0
1706,792.03,774.6,1235.0,770.15,-4.45,0.0,6.8165,0.0,-774.6,0.0,6.8165,0.0,-774.6,0.0,6.8165,1.0,0.0,0.0,0.0,0.0
1707,792.28,770.0,1232.1,773.35,3.35,0.725,2.1397,0.0,-770.0,0.0,6.8165,0.0,-770.0,0.0,6.8165,1.0,0.0,0.0,0.0,0.0
1708,792.53,767.6,1214.25,783.45,15.85,3.5486,1.4499,0.0,-767.6,0.0,6.8165,0.0,-767.6,0.0,6.8165,1.0,0.0,0.0,0.0,0.0
1709,792.77,769.95,1232.2,793.9,23.95,5.1812,1.2856,0.0,-769.95,0.0,6.8165,0.0,-769.95,0.0,6.8165,1.0,0.0,0.0,0.0,0.0
1710,793.02,774.95,1204.05,788.15,13.2,3.0762,1.512,0.0,-774.95,0.0,6.8165,0.0,-774.95,0.0,6.8165,1.0,0.0,0.0,0.0,0.0
1711,793.26,763.1,1210.95,782.45,19.35,4.3206,1.3645,0.0,-763.1,0.0,6.8165,0.0,-763.1,0.0,6.8165,1.0,0.0,0.0,0.0,0.0
1712,793.51,771.9,1194.2,802.4,30.5,7.2224,1.1413,0.0,-771.9,0.0,6.8165,0.0,-771.9,0.0,6.8165,1.0,0.0,0.0,0.0,0.0
1713,793.75,767.35,1185.3,784.6,17.25,4.1273,1.3843,0.0,-767.35,0.0,6.8165,0.0,-767.35,0.0,6.8165,1.0,0.0,0.0,0.0,0.0
1714,794.0,771.2,1189.45,781.7,10.5,2.5105,1.6002,0.0,-771.2,0.0,6.8165,0.0,-771.2,0.0,6.8165,1.0,0.0,0.0,0.0,0.0
1715,794.24,772.25,1165.5,775.35,3.1,0.7883,2.1033,0.0,-772.25,0.0,6.8165,0.0,-772.25,0.0,6.8165,1.0,0.0,0.0,0.0,0.0
1716,794.49,778.25,1174.3,774.85,-3.4,0.0,6.8165,0.0,-778.25,0.0,6.8165,0.0,-778.25,0.0,6.8165,1.0,0.0,0.0,0.0,0.0
1717,794.73,775.65,1172.9,775.75,0.1,0.0252,3.5991,0.0,-775.65,0.0,6.8165,0.0,-775.65,0.0,6.8165,1.0,0.0,0.0,0.0,0.0
1718,794.97,774.3,1163.7,780.05,5.75,1.4766,1.8307,0.0,-774.3,0.0,6.8165,0.0,-774.3,0.0,6.8165,1.0,0.0,0.0,0.0,0.0
1719,795.22,767.4,1158.05,796.0,28.6,7.3211,1.1354,0.0,-767.4,0.0,6.8165,0.0,-767.4,0.0,6.8165,1.0,0.0,0.0,0.0,0.0
1720,795.46,779.0,1148.1,787.6,8.6,2.33,1.6326,0.0,-779.0,0.0,6.8165,0.0,-779.0,0.0,6.8165,1.0,0.0,0.0,0.0,0.0
1721,795.71,776.4,1138.1,799.35,22.95,6.345,1.1976,0.0,-776.4,0.0,6.8165,0.0,-776.4,0.0,6.8165,1.0,0.0,0.0,0.0,0.0
1722,795.95,782.0,1146.4,785.0,3.0,0.8233,2.0845,0.0,-782.0,0.0,6.8165,0.0,-782.0,0.0,6.8165,1.0,0.0,0.0,0.0,0.0
1723,796.19,782.55,1167.5,782.95,0.4,0.1039,2.9833,0.0,-782.55,0.0,6.8165,0.0,-782.55,0.0,6.8165,1.0,0.0,0.0,0.0,0.0
1724,796.44,779.2,1131.1,784.25,5.05,1.4351,1.8431,0.0,-779.2,0.0,6.8165,0.0,-779.2,0.0,6.8165,1.0,0.0,0.0,0.0,0.0
1725,796.68,781.35,1140.25,787.35,6.0,1.6718,1.7768,0.0,-781.35,0.0,6.8165,0.0,-781.35,0.0,6.8165,1.0,0.0,0.0,0.0,0.0
1726,796.93,782.2,1139.95,793.9,11.7,3.2704,1.4854,0.0,-782.2,0.0,6.8165,0.0,-782.2,0.0,6.8165,1.0,0.0,0.0,0.0,0.0
1727,797.17,785.7,1146.4,805.7,20.0,5.5448,1.2561,0.0,-785.7,0.0,6.8165,0.0,-785.7,0.0,6.8165,1.0,0.0,0.0,0.0,0.0
1728,797.41,780.3,1142.5,791.9,11.6,3.2027,1.4945,0.0,-780.3,0.0,6.8165,0.0,-780.3,0.0,6.8165,1.0,0.0,0.0,0.0,0.0
1729,797.66,787.1,1150.55,784.65,-2.45,0.0,6.8165,0.0,-787.1,0.0,6.8165,0.0,-787.1,0.0,6.8165,1.0,0.0,0.0,0.0,0.0
1730,797.9,776.6,1131.45,786.3,9.7,2.7335,1.5633,0.0,-776.6,0.0,6.8165,0.0,-776.6,0.0,6.8165,1.0,0.0,0.0,0.0,0.0
1731,798.14,779.3,1128.3,788.1,8.8,2.5215,1.5983,0.0,-779.3,0.0,6.8165,0.0,-779.3,0.0,6.8165,1.0,0.0,0.0,0.0,0.0
1732,798.39,769.05,1126.6,782.95,13.9,3.8876,1.4103,0.0,-769.05,0.0,6.8165,0.0,-769.05,0.0,6.8165,1.0,0.0,0.0,0.0,0.0
1733,798.63,774.65,1119.05,774.75,0.1,0.029,3.5371,0.0,-774.65,0.0,6.8165,0.0,-774.65,0.0,6.8165,1.0,0.0,0.0,0.0,0.0
1734,798.87,784.3,1124.6,788.05,3.75,1.102,1.9578,0.0,-784.3,0.0,6.8165,0.0,-784.3,0.0,6.8165,1.0,0.0,0.0,0.0,0.0
1735,799.11,770.8,1109.2,780.2,9.4,2.7778,1.5563,0.0,-770.8,0.0,6.8165,0.0,-770.8,0.0,6.8165,1.0,0.0,0.0,0.0,0.0
1736,799.36,775.9,1098.35,787.9,12.0,3.7215,1.4293,0.0,-775.9,0.0,6.8165,0.0,-775.9,0.0,6.8165,1.0,0.0,0.0,0.0,0.0
1737,799.6,787.25,1092.55,784.5,-2.75,0.0,6.8165,0.0,-787.25,0.0,6.8165,0.0,-787.25,0.0,6.8165,1.0,0.0,0.0,0.0,0.0
1738,799.84,783.3,1100.15,785.5,2.2,0.6943,2.1584,0.0,-783.3,0.0,6.8165,0.0,-783.3,0.0,6.8165,1.0,0.0,0.0,0.0,0.0
1739,800.08,789.1,1104.9,780.95,-8.15,0.0,6.8165,0.0,-789.1,0.0,6.8165,0.0,-789.1,0.0,6.8165,1.0,0.0,0.0,0.0,0.0
1740,800.33,788.4,1082.9,777.65,-10.75,0.0,6.8165,0.0,-788.4,0.0,6.8165,0.0,-788.4,0.0,6.8165,1.0,0.0,0.0,0.0,0.0
1741,800.57,789.3,1088.65,775.95,-13.35,0.0,6.8165,0.0,-789.3,0.0,6.8165,0.0,-789.3,0.0,6.8165,1.0,0.0,0.0,0.0,0.0
1742,800.81,775.05,1076.45,776.1,1.05,0.3484,2.458,0.0,-775.05,0.0,6.8165,0.0,-775.05,0.0,6.8165,1.0,0.0,0.0,0.0,0.0
1743,801.05,776.1,1100.05,790.85,14.75,4.5532,1.3417,0.0,-776.1,0.0,6.8165,0.0,-776.1,0.0,6.8165,1.0,0.0,0.0,0.0,0.0
1744,801.29,783.4,1081.6,782.6,-0.8,0.0,6.8165,0.0,-783.4,0.0,6.8165,0.0,-783.4,0.0,6.8165,1.0,0.0,0.0,0.0,0.0
1745,801.54,792.1,1093.0,781.55,-10.55,0.0,6.8165,0.0,-792.1,0.0,6.8165,0.0,-792.1,0.0,6.8165,1.0,0.0,0.0,0.0,0.0
1746,801.78,769.2,1085.95,782.7,13.5,4.262,1.3704,0.0,-769.2,0.0,6.8165,0.0,-769.2,0.0,6.8165,1.0,0.0,0.0,0.0,0.0
1747,802.02,782.6,1086.75,784.8,2.2,0.7233,2.1407,0.0,-782.6,0.0,6.8165,0.0,-782.6,0.0,6.8165,1.0,0.0,0.0,0.0,0.0
1748,802.26,769.0,1089.7,790.9,21.9,6.8288,1.1657,0.0,-769.0,0.0,6.8165,0.0,-769.0,0.0,6.8165,1.0,0.0,0.0,0.0,0.0
1749,802.5,770.05,1061.7,782.65,12.6,4.3202,1.3645,0.0,-770.05,0.0,6.8165,0.0,-770.05,0.0,6.8165,1.0,0.0,0.0,0.0,0.0
1750,802.74,789.35,1083.15,794.75,5.4,1.838,1.7357,0.0,-789.35,0.0,6.8165,0.0,-789.35,0.0,6.8165,1.0,0.0,0.0,0.0,0.0
1751,802.98,776.3,1087.95,778.1,1.8,0.5776,2.2384,0.0,-776.3,0.0,6.8165,0.0,-776.3,0.0,6.8165,1.0,0.0,0.0,0.0,0.0
1752,803.22,786.9,1077.75,785.8,-1.1,0.0,6.8165,0.0,-786.9,0.0,6.8165,0.0,-786.9,0.0,6.8165,1.0,0.0,0.0,0.0,0.0
1753,803.47,782.7,1075.25,780.15,-2.55,0.0,6.8165,0.0,-782.7,0.0,6.8165,0.0,-782.7,0.0,6.8165,1.0,0.0,0.0,0.0,0.0
1754,803.71,768.45,1063.0,784.9,16.45,5.5848,1.253,0.0,-768.45,0.0,6.8165,0.0,-768.45,0.0,6.8165,1.0,0.0,0.0,0.0,0.0
1755,803.95,784.75,1069.25,796.4,11.65,4.0949,1.3878,0.0,-784.75,0.0,6.8165,0.0,-784.75,0.0,6.8165,1.0,0.0,0.0,0.0,0.0
1756,804.19,796.45,1060.05,781.85,-14.6,0.0,6.8165,0.0,-796.45,0.0,6.8165,0.0,-796.45,0.0,6.8165,1.0,0.0,0.0,0.0,0.0
1757,804.43,803.0,1073.0,792.55,-10.45,0.0,6.8165,0.0,-803.0,0.0,6.8165,0.0,-803.0,0.0,6.8165,1.0,0.0,0.0,0.0,0.0
1758,804.67,781.2,1067.35,789.4,8.2,2.8656,1.5428,0.0,-781.2,0.0,6.8165,0.0,-781.2,0.0,6.8165,1.0,0.0,0.0,0.0,0.0
1759,804.91,784.1,1069.4,787.9,3.8,1.3319,1.8755,0.0,-784.1,0.0,6.8165,0.0,-784.1,0.0,6.8165,1.0,0.0,0.0,0.0,0.0
1760,805.15,773.25,1076.65,780.25,7.0,2.3072,1.6369,0.0,-773.25,0.0,6.8165,0.0,-773.25,0.0,6.8165,1.0,0.0,0.0,0.0,0.0
1761,805.39,780.1,1053.2,792.5,12.4,4.5405,1.3429,0.0,-780.1,0.0,6.8165,0.0,-780.1,0.0,6.8165,1.0,0.0,0.0,0.0,0.0
1762,805.63,790.5,1075.35,781.65,-8.85,0.0,6.8165,0.0,-790.5,0.0,6.8165,0.0,-790.5,0.0,6.8165,1.0,0.0,0.0,0.0,0.0
1763,805.87,788.2,1053.0,781.85,-6.35,0.0,6.8165,0.0,-788.2,0.0,6.8165,0.0,-788.2,0.0,6.8165,1.0,0.0,0.0,0.0,0.0
1764,806.11,774.95,1041.35,785.05,10.1,3.7913,1.4212,0.0,-774.95,0.0,6.8165,0.0,-774.95,0.0,6.8165,1.0,0.0,0.0,0.0,0.0
1765,806.35,783.5,1049.2,800.85,17.35,6.5299,1.1851,0.0,-783.5,0.0,6.8165,0.0,-783.5,0.0,6.8165,1.0,0.0,0.0,0.0,0.0
1766,806.59,774.9,1055.7,773.7,-1.2,0.0,6.8165,0.0,-774.9,0.0,6.8165,0.0,-774.9,0.0,6.8165,1.0,0.0,0.0,0.0,0.0
1767,806.83,780.55,1046.95,778.9,-1.65,0.0,6.8165,0.0,-780.55,0.0,6.8165,0.0,-780.55,0.0,6.8165,1.0,0.0,0.0,0.0,0.0
1768,807.07,789.95,1052.25,791.05,1.1,0.4194,2.3774,0.0,-789.95,0.0,6.8165,0.0,-789.95,0.0,6.8165,1.0,0.0,0.0,0.0,0.0
1769,807.31,790.6,1063.4,784.5,-6.1,0.0,6.8165,0.0,-790.6,0.0,6.8165,0.0,-790.6,0.0,6.8165,1.0,0.0,0.0,0.0,0.0
1770,807.54,765.95,1048.55,782.15,16.2,5.7325,1.2417,0.0,-765.95,0.0,6.8165,0.0,-765.95,0.0,6.8165,1.0,0.0,0.0,0.0,0.0
1771,807.78,768.75,1033.7,787.95,19.2,7.2467,1.1399,0.0,-768.75,0.0,6.8165,0.0,-768.75,0.0,6.8165,1.0,0.0,0.0,0.0,0.0
1772,808.02,764.2,1045.4,776.8,12.6,4.4808,1.3486,0.0,-764.2,0.0,6.8165,0.0,-764.2,0.0,6.8165,1.0,0.0,0.0,0.0,0.0
1773,808.26,776.15,1042.35,783.15,7.0,2.6296,1.5801,0.0,-776.15,0.0,6.8165,0.0,-776.15,0.0,6.8165,1.0,0.0,0.0,0.0,0.0
1774,808.5,777.25,1051.95,781.8,4.55,1.6564,1.7808,0.0,-777.25,0.0,6.8165,0.0,-777.25,0.0,6.8165,1.0,0.0,0.0,0.0,0.0
1775,808.74,776.55,1051.35,789.65,13.1,4.7671,1.3217,0.0,-776.55,0.0,6.8165,0.0,-776.55,0.0,6.8165,1.0,0.0,0.0,0.0,0.0
1776,808.98,760.3,1044.35,777.45,17.15,6.0377,1.2191,0.0,-760.3,0.0,6.8165,0.0,-760.3,0.0,6.8165,1.0,0.0,0.0,0.0,0.0
1777,809.22,768.7,1034.7,791.95,23.25,8.7406,1.0585,0.0,-768.7,0.0,6.8165,0.0,-768.7,0.0,6.8165,1.0,0.0,0.0,0.0,0.0
1778,809.45,783.45,1053.0,799.1,15.65,5.806,1.2361,0.0,-783.45,0.0,6.8165,0.0,-783.45,0.0,6.8165,1.0,0.0,0.0,0.0,0.0
1779,809.69,777.5,1066.95,786.6,9.1,3.1439,1.5025,0.0,-777.5,0.0,6.8165,0.0,-777.5,0.0,6.8165,1.0,0.0,0.0,0.0,0.0
1780,809.93,771.55,1058.0,779.8,8.25,2.8801,1.5406,0.0,-771.55,0.0,6.8165,0.0,-771.55,0.0,6.8165,1.0,0.0,0.0,0.0,0.0
1781,810.17,767.75,1042.45,788.6,20.85,7.5901,1.1198,0.0,-767.75,0.0,6.8165,0.0,-767.75,0.0,6.8165,1.0,0.0,0.0,0.0,0.0
1782,810.41,788.85,1059.65,791.55,2.7,0.997,2.0013,0.0,-788.85,0.0,6.8165,0.0,-788.85,0.0,6.8165,1.0,0.0,0.0,0.0,0.0
1783,810.64,776.25,1052.4,775.0,-1.25,0.0,6.8165,0.0,-776.25,0.0,6.8165,0.0,-776.25,0.0,6.8165,1.0,0.0,0.0,0.0,0.0
1784,810.88,772.7,1054.05,775.25,2.55,0.9063,2.0427,0.0,-772.7,0.0,6.8165,0.0,-772.7,0.0,6.8165,1.0,0.0,0.0,0.0,0.0
1785,811.12,786.5,1050.4,769.0,-17.5,0.0,6.8165,0.0,-786.5,0.0,6.8165,0.0,-786.5,0.0,6.8165,1.0,0.0,0.0,0.0,0.0
1786,811.36,784.15,1061.3,796.7,12.55,4.5282,1.3441,0.0,-784.15,0.0,6.8165,0.0,-784.15,0.0,6.8165,1.0,0.0,0.0,0.0,0.0
1787,811.59,789.0,1055.55,783.45,-5.55,0.0,6.8165,0.0,-789.0,0.0,6.8165,0.0,-789.0,0.0,6.8165,1.0,0.0,0.0,0.0,0.0
1788,811.83,778.65,1065.65,794.15,15.5,5.4007,1.2676,0.0,-778.65,0.0,6.8165,0.0,-778.65,0.0,6.8165,1.0,0.0,0.0,0.0,0.0
1789,812.07,778.1,1067.3,771.7,-6.4,0.0,6.8165,0.0,-778.1,0.0,6.8165,0.0,-778.1,0.0,6.8165,1.0,0.0,0.0,0.0,0.0
1790,812.31,784.75,1062.15,772.8,-11.95,0.0,6.8165,0.0,-784.75,0.0,6.8165,0.0,-784.75,0.0,6.8165,1.0,0.0,0.0,0.0,0.0
1791,812.54,786.6,1063.95,784.95,-1.65,0.0,6.8165,0.0,-786.6,0.0,6.8165,0.0,-786.6,0.0,6.8165,1.0,0.0,0.0,0.0,0.0
1792,812.78,777.0,1056.85,790.8,13.8,4.9312,1.307,0.0,-777.0,0.0,6.8165,0.0,-777.0,0.0,6.8165,1.0,0.0,0.0,0.0,0.0
1793,813.02,768.6,1072.75,777.9,9.3,3.0577,1.5146,0.0,-768.6,0.0,6.8165,0.0,-768.6,0.0,6.8165,1.0,0.0,0.0,0.0,0.0
1794,813.25,768.15,1062.7,795.05,26.9,9.1326,1.0394,0.0,-768.15,0.0,6.8165,0.0,-768.15,0.0,6.8165,1.0,0.0,0.0,0.0,0.0
1795,813.49,775.25,1054.8,774.0,-1.25,0.0,6.8165,0.0,-775.25,0.0,6.8165,0.0,-775.25,0.0,6.8165,1.0,0.0,0.0,0.0,0.0
1796,813.73,777.75,1070.9,770.45,-7.3,0.0,6.8165,0.0,-777.75,0.0,6.8165,0.0,-777.75,0.0,6.8165,1.0,0.0,0.0,0.0,0.0
1797,813.96,784.5,1064.7,783.2,-1.3,0.0,6.8165,0.0,-784.5,0.0,6.8165,0.0,-784.5,0.0,6.8165,1.0,0.0,0.0,0.0,0.0
1798,814.2,785.85,1060.6,793.2,7.35,2.6752,1.5727,0.0,-785.85,0.0,6.8165,0.0,-785.85,0.0,6.8165,1.0,0.0,0.0,0.0,0.0
1799,814.44,762.65,1073.85,789.5,26.85,8.6279,1.0641,0.0,-762.65,0.0,6.8165,0.0,-762.65,0.0,6.8165,1.0,0.0,0.0,0.0,0.0
1800,814.67,771.3,1076.85,780.75,9.45,3.0928,1.5097,0.0,-771.3,0.0,6.8165,0.0,-771.3,0.0,6.8165,1.0,0.0,0.0,0.0,0.0
1801,814.91,779.05,1076.95,781.65,2.6,0.8728,2.0591,0.0,-779.05,0.0,6.8165,0.0,-779.05,0.0,6.8165,1.0,0.0,0.0,0.0,0.0
1802,815.14,779.8,1074.85,782.05,2.25,0.7626,2.1177,0.0,-779.8,0.0,6.8165,0.0,-779.8,0.0,6.8165,1.0,0.0,0.0,0.0,0.0
1803,815.38,776.6,1059.7,774.65,-1.95,0.0,6.8165,0.0,-776.6,0.0,6.8165,0.0,-776.6,0.0,6.8165,1.0,0.0,0.0,0.0,0.0
1804,815.61,773.15,1093.4,792.15,19.0,5.9329,1.2267,0.0,-773.15,0.0,6.8165,0.0,-773.15,0.0,6.8165,1.0,0.0,0.0,0.0,0.0
1805,815.85,762.05,1077.9,800.05,38.0,12.031,0.9197,0.0,-762.05,0.0,6.8165,0.0,-762.05,0.0,6.8165,1.0,0.0,0.0,0.0,0.0
1806,816.09,770.4,1085.95,799.5,29.1,9.222,1.0352,0.0,-770.4,0.0,6.8165,0.0,-770.4,0.0,6.8165,1.0,0.0,0.0,0.0,0.0
1807,816.32,778.45,1086.9,809.45,31.0,10.0503,0.9978,0.0,-778.45,0.0,6.8165,0.0,-778.45,0.0,6.8165,1.0,0.0,0.0,0.0,0.0
1808,816.56,783.0,1082.9,781.25,-1.75,0.0,6.8165,0.0,-783.0,0.0,6.8165,0.0,-783.0,0.0,6.8165,1.0,0.0,0.0,0.0,0.0
1809,816.79,785.1,1079.95,795.35,10.25,3.4763,1.4589,0.0,-785.1,0.0,6.8165,0.0,-785.1,0.0,6.8165,1.0,0.0,0.0,0.0,0.0
1810,817.03,782.95,1088.4,803.1,20.15,6.5968,1.1807,0.0,-782.95,0.0,6.8165,0.0,-782.95,0.0,6.8165,1.0,0.0,0.0,0.0,0.0
1811,817.26,772.7,1077.5,790.45,17.75,5.8235,1.2348,0.0,-772.7,0.0,6.8165,0.0,-772.7,0.0,6.8165,1.0,0.0,0.0,0.0,0.0
1812,817.5,783.05,1086.45,791.1,8.05,2.6533,1.5762,0.0,-783.05,0.0,6.8165,0.0,-783.05,0.0,6.8165,1.0,0.0,0.0,0.0,0.0
1813,817.73,792.75,1097.65,793.85,1.1,0.3608,2.4428,0.0,-792.75,0.0,6.8165,0.0,-792.75,0.0,6.8165,1.0,0.0,0.0,0.0,0.0
1814,817.97,786.2,1099.95,798.9,12.7,4.0478,1.3928,0.0,-786.2,0.0,6.8165,0.0,-786.2,0.0,6.8165,1.0,0.0,0.0,0.0,0.0
1815,818.2,782.55,1105.3,794.3,11.75,3.6406,1.4388,0.0,-782.55,0.0,6.8165,0.0,-782.55,0.0,6.8165,1.0,0.0,0.0,0.0,0.0
1816,818.43,775.3,1106.8,792.75,17.45,5.264,1.2787,0.0,-775.3,0.0,6.8165,0.0,-775.3,0.0,6.8165,1.0,0.0,0.0,0.0,0.0
1817,818.67,776.1,1109.55,788.5,12.4,3.7187,1.4296,0.0,-776.1,0.0,6.8165,0.0,-776.1,0.0,6.8165,1.0,0.0,0.0,0.0,0.0
1818,818.9,786.15,1113.3,797.7,11.55,3.5305,1.4522,0.0,-786.15,0.0,6.8165,0.0,-786.15,0.0,6.8165,1.0,0.0,0.0,0.0,0.0
1819,819.14,785.2,1109.85,778.5,-6.7,0.0,6.8165,0.0,-785.2,0.0,6.8165,0.0,-785.2,0.0,6.8165,1.0,0.0,0.0,0.0,0.0
1820,819.37,787.45,1114.1,782.7,-4.75,0.0,6.8165,0.0,-787.45,0.0,6.8165,0.0,-787.45,0.0,6.8165,1.0,0.0,0.0,0.0,0.0
1821,819.61,783.3,1125.15,788.15,4.85,1.4188,1.8481,0.0,-783.3,0.0,6.8165,0.0,-783.3,0.0,6.8165,1.0,0.0,0.0,0.0,0.0
1822,819.84,781.35,1128.15,791.95,10.6,3.0565,1.5148,0.0,-781.35,0.0,6.8165,0.0,-781.35,0.0,6.8165,1.0,0.0,0.0,0.0,0.0
1823,820.07,777.15,1126.4,784.65,7.5,2.1475,1.6681,0.0,-777.15,0.0,6.8165,0.0,-777.15,0.0,6.8165,1.0,0.0,0.0,0.0,0.0
1824,820.31,798.25,1131.85,794.8,-3.45,0.0,6.8165,0.0,-798.25,0.0,6.8165,0.0,-798.25,0.0,6.8165,1.0,0.0,0.0,0.0,0.0
1825,820.54,788.1,1129.65,797.45,9.35,2.7375,1.5626,0.0,-788.1,0.0,6.8165,0.0,-788.1,0.0,6.8165,1.0,0.0,0.0,0.0,0.0
1826,820.77,792.3,1128.05,788.3,-4.0,0.0,6.8165,0.0,-792.3,0.0,6.8165,0.0,-792.3,0.0,6.8165,1.0,0.0,0.0,0.0,0.0
1827,821.01,779.65,1116.95,787.9,8.25,2.4459,1.6116,0.0,-779.65,0.0,6.8165,0.0,-779.65,0.0,6.8165,1.0,0.0,0.0,0.0,0.0
1828,821.24,760.2,1140.4,787.75,27.55,7.2462,1.1399,0.0,-760.2,0.0,6.8165,0.0,-760.2,0.0,6.8165,1.0,0.0,0.0,0.0,0.0
1829,821.47,775.55,1165.85,780.3,4.75,1.217,1.9147,0.0,-775.55,0.0,6.8165,0.0,-775.55,0.0,6.8165,1.0,0.0,0.0,0.0,0.0
1830,821.71,783.15,1180.2,778.7,-4.45,0.0,6.8165,0.0,-783.15,0.0,6.8165,0.0,-783.15,0.0,6.8165,1.0,0.0,0.0,0.0,0.0
1831,821.94,792.45,1179.35,782.75,-9.7,0.0,6.8165,0.0,-792.45,0.0,6.8165,0.0,-792.45,0.0,6.8165,1.0,0.0,0.0,0.0,0.0
1832,822.17,785.2,1179.45,782.45,-2.75,0.0,6.8165,0.0,-785.2,0.0,6.8165,0.0,-785.2,0.0,6.8165,1.0,0.0,0.0,0.0,0.0
1833,822.4,783.75,1204.6,779.75,-4.0,0.0,6.8165,0.0,-783.75,0.0,6.8165,0.0,-783.75,0.0,6.8165,1.0,0.0,0.0,0.0,0.0
1834,822.64,764.9,1223.9,792.05,27.15,5.915,1.228,0.0,-764.9,0.0,6.8165,0.0,-764.9,0.0,6.8165,1.0,0.0,0.0,0.0,0.0
1835,822.87,769.25,1251.4,781.35,12.1,2.5096,1.6004,0.0,-769.25,0.0,6.8165,0.0,-769.25,0.0,6.8165,1.0,0.0,0.0,0.0,0.0
1836,823.1,772.45,1297.1,791.25,18.8,3.5833,1.4457,0.0,-772.45,0.0,6.8165,0.0,-772.45,0.0,6.8165,1.0,0.0,0.0,0.0,0.0
1837,823.33,784.15,1313.4,780.15,-4.0,0.0,6.8165,0.0,-784.15,0.0,6.8165,0.0,-784.15,0.0,6.8165,1.0,0.0,0.0,0.0,0.0
1838,823.57,764.1,1342.95,795.0,30.9,5.3382,1.2726,0.0,-764.1,0.0,6.8165,0.0,-764.1,0.0,6.8165,1.0,0.0,0.0,0.0,0.0
1839,823.8,769.4,1356.5,800.15,30.75,5.2376,1.2809,0.0,-769.4,0.0,6.8165,0.0,-769.4,0.0,6.8165,1.0,0.0,0.0,0.0,0.0
1840,824.03,778.35,1382.3,796.7,18.35,3.0383,1.5174,0.0,-778.35,0.0,6.8165,0.0,-778.35,0.0,6.8165,1.0,0.0,0.0,0.0,0.0
1841,824.26,791.75,1401.55,794.45,2.7,0.4428,2.3538,0.0,-791.75,0.0,6.8165,0.0,-791.75,0.0,6.8165,1.0,0.0,0.0,0.0,0.0
1842,824.49,782.85,1408.8,801.8,18.95,3.0274,1.5189,0.0,-782.85,0.0,6.8165,0.0,-782.85,0.0,6.8165,1.0,0.0,0.0,0.0,0.0
1843,824.73,781.6,1417.4,802.85,21.25,3.3422,1.476,0.0,-781.6,0.0,6.8165,0.0,-781.6,0.0,6.8165,1.0,0.0,0.0,0.0,0.0
1844,824.96,774.2,1417.55,786.6,12.4,1.9274,1.715,0.0,-774.2,0.0,6.8165,0.0,-774.2,0.0,6.8165,1.0,0.0,0.0,0.0,0.0
1845,825.19,772.6,1398.05,791.05,18.45,2.9499,1.5302,0.0,-772.6,0.0,6.8165,0.0,-772.6,0.0,6.8165,1.0,0.0,0.0,0.0,0.0
1846,825.42,786.15,1385.9,786.1,-0.05,0.0,6.8165,0.0,-786.15,0.0,6.8165,0.0,-786.15,0.0,6.8165,1.0,0.0,0.0,0.0,0.0
1847,825.65,768.85,1396.0,789.8,20.95,3.3405,1.4762,0.0,-768.85,0.0,6.8165,0.0,-768.85,0.0,6.8165,1.0,0.0,0.0,0.0,0.0
1848,825.88,782.35,1360.2,792.95,10.6,1.8344,1.7365,0.0,-782.35,0.0,6.8165,0.0,-782.35,0.0,6.8165,1.0,0.0,0.0,0.0,0.0
1849,826.11,766.75,1353.25,787.1,20.35,3.4697,1.4597,0.0,-766.75,0.0,6.8165,0.0,-766.75,0.0,6.8165,1.0,0.0,0.0,0.0,0.0
1850,826.34,775.6,1325.55,793.4,17.8,3.2367,1.4899,0.0,-775.6,0.0,6.8165,0.0,-775.6,0.0,6.8165,1.0,0.0,0.0,0.0,0.0
1851,826.57,781.0,1308.3,794.7,13.7,2.5981,1.5853,0.0,-781.0,0.0,6.8165,0.0,-781.0,0.0,6.8165,1.0,0.0,0.0,0.0,0.0
1852,826.81,781.8,1301.85,777.7,-4.1,0.0,6.8165,0.0,-781.8,0.0,6.8165,0.0,-781.8,0.0,6.8165,1.0,0.0,0.0,0.0,0.0
1853,827.04,783.65,1302.9,797.3,13.65,2.6288,1.5802,0.0,-783.65,0.0,6.8165,0.0,-783.65,0.0,6.8165,1.0,0.0,0.0,0.0,0.0
1854,827.27,777.1,1265.2,791.15,14.05,2.8785,1.5408,0.0,-777.1,0.0,6.8165,0.0,-777.1,0.0,6.8165,1.0,0.0,0.0,0.0,0.0
1855,827.5,779.4,1261.25,791.15,11.75,2.4385,1.6129,0.0,-779.4,0.0,6.8165,0.0,-779.4,0.0,6.8165,1.0,0.0,0.0,0.0,0.0
1856,827.73,775.35,1264.95,795.1,19.75,4.0339,1.3943,0.0,-775.35,0.0,6.8165,0.0,-775.35,0.0,6.8165,1.0,0.0,0.0,0.0,0.0
1857,827.96,780.8,1255.2,797.9,17.1,3.6046,1.4431,0.0,-780.8,0.0,6.8165,0.0,-780.8,0.0,6.8165,1.0,0.0,0.0,0.0,0.0
1858,828.19,778.35,1265.2,791.9,13.55,2.7832,1.5555,0.0,-778.35,0.0,6.8165,0.0,-778.35,0.0,6.8165,1.0,0.0,0.0,0.0,0.0
1859,828.42,764.05,1280.95,783.85,19.8,3.8305,1.4167,0.0,-764.05,0.0,6.8165,0.0,-764.05,0.0,6.8165,1.0,0.0,0.0,0.0,0.0
1860,828.65,757.7,1297.65,778.95,21.25,3.9355,1.405,0.0,-757.7,0.0,6.8165,0.0,-757.7,0.0,6.8165,1.0,0.0,0.0,0.0,0.0
1861,828.88,768.7,1298.8,794.6,25.9,4.8859,1.3111,0.0,-768.7,0.0,6.8165,0.0,-768.7,0.0,6.8165,1.0,0.0,0.0,0.0,0.0
1862,829.11,774.4,1285.45,785.0,10.6,2.0742,1.6832,0.0,-774.4,0.0,6.8165,0.0,-774.4,0.0,6.8165,1.0,0.0,0.0,0.0,0.0
1863,829.34,774.3,1297.55,788.05,13.75,2.6278,1.5804,0.0,-774.3,0.0,6.8165,0.0,-774.3,0.0,6.8165,1.0,0.0,0.0,0.0,0.0
1864,829.57,790.55,1287.75,807.45,16.9,3.399,1.4686,0.0,-790.55,0.0,6.8165,0.0,-790.55,0.0,6.8165,1.0,0.0,0.0,0.0,0.0
1865,829.8,780.5,1267.35,789.6,9.1,1.8692,1.7284,0.0,-780.5,0.0,6.8165,0.0,-780.5,0.0,6.8165,1.0,0.0,0.0,0.0,0.0
1866,830.03,786.5,1260.65,805.7,19.2,4.0494,1.3926,0.0,-786.5,0.0,6.8165,0.0,-786.5,0.0,6.8165,1.0,0.0,0.0,0.0,0.0
1867,830.25,769.35,1241.85,786.85,17.5,3.7037,1.4314,0.0,-769.35,0.0,6.8165,0.0,-769.35,0.0,6.8165,1.0,0.0,0.0,0.0,0.0
1868,830.48,786.4,1217.7,802.4,16.0,3.7097,1.4307,0.0,-786.4,0.0,6.8165,0.0,-786.4,0.0,6.8165,1.0,0.0,0.0,0.0,0.0
1869,830.71,770.2,1210.55,777.65,7.45,1.6918,1.7716,0.0,-770.2,0.0,6.8165,0.0,-770.2,0.0,6.8165,1.0,0.0,0.0,0.0,0.0
1870,830.94,784.45,1198.4,787.65,3.2,0.773,2.1118,0.0,-784.45,0.0,6.8165,0.0,-784.45,0.0,6.8165,1.0,0.0,0.0,0.0,0.0
1871,831.17,774.9,1179.55,794.05,19.15,4.7325,1.3249,0.0,-774.9,0.0,6.8165,0.0,-774.9,0.0,6.8165,1.0,0.0,0.0,0.0,0.0
1872,831.4,784.6,1173.25,794.2,9.6,2.4701,1.6073,0.0,-784.6,0.0,6.8165,0.0,-784.6,0.0,6.8165,1.0,0.0,0.0,0.0,0.0
1873,831.63,783.75,1165.0,765.85,-17.9,0.0,6.8165,0.0,-783.75,0.0,6.8165,0.0,-783.75,0.0,6.8165,1.0,0.0,0.0,0.0,0.0
1874,831.86,780.0,1148.5,786.45,6.45,1.7503,1.7569,0.0,-780.0,0.0,6.8165,0.0,-780.0,0.0,6.8165,1.0,0.0,0.0,0.0,0.0
1875,832.08,780.7,1151.45,788.2,7.5,2.0229,1.694,0.0,-780.7,0.0,6.8165,0.0,-780.7,0.0,6.8165,1.0,0.0,0.0,0.0,0.0
1876,832.31,775.1,1162.25,778.9,3.8,0.9815,2.0081,0.0,-775.1,0.0,6.8165,0.0,-775.1,0.0,6.8165,1.0,0.0,0.0,0.0,0.0
1877,832.54,766.0,1152.9,793.1,27.1,7.0044,1.1546,0.0,-766.0,0.0,6.8165,0.0,-766.0,0.0,6.8165,1.0,0.0,0.0,0.0,0.0
1878,832.77,770.75,1157.7,790.6,19.85,5.1299,1.2899,0.0,-770.75,0.0,6.8165,0.0,-770.75,0.0,6.8165,1.0,0.0,0.0,0.0,0.0
1879,833.0,775.45,1152.75,778.45,3.0,0.7951,2.0996,0.0,-775.45,0.0,6.8165,0.0,-775.45,0.0,6.8165,1.0,0.0,0.0,0.0,0.0
1880,833.22,796.85,1123.25,789.8,-7.05,0.0,6.8165,0.0,-796.85,0.0,6.8165,0.0,-796.85,0.0,6.8165,1.0,0.0,0.0,0.0,0.0
1881,833.45,774.3,1138.0,783.05,8.75,2.4058,1.6187,0.0,-774.3,0.0,6.8165,0.0,-774.3,0.0,6.8165,1.0,0.0,0.0,0.0,0.0
1882,833.68,769.8,1130.8,778.45,8.65,2.3961,1.6205,0.0,-769.8,0.0,6.8165,0.0,-769.8,0.0,6.8165,1.0,0.0,0.0,0.0,0.0
1883,833.91,790.9,1134.5,798.05,7.15,2.0809,1.6817,0.0,-790.9,0.0,6.8165,0.0,-790.9,0.0,6.8165,1.0,0.0,0.0,0.0,0.0
1884,834.13,765.65,1130.85,777.7,12.05,3.2996,1.4815,0.0,-765.65,0.0,6.8165,0.0,-765.65,0.0,6.8165,1.0,0.0,0.0,0.0,0.0
1885,834.36,772.95,1147.05,789.45,16.5,4.4106,1.3555,0.0,-772.95,0.0,6.8165,0.0,-772.95,0.0,6.8165,1.0,0.0,0.0,0.0,0.0
1886,834.59,772.1,1159.25,791.45,19.35,4.9981,1.3012,0.0,-772.1,0.0,6.8165,0.0,-772.1,0.0,6.8165,1.0,0.0,0.0,0.0,0.0
1887,834.82,774.55,1147.05,784.7,10.15,2.7248,1.5647,0.0,-774.55,0.0,6.8165,0.0,-774.55,0.0,6.8165,1.0,0.0,0.0,0.0,0.0
1888,835.04,785.5,1147.85,784.95,-0.55,0.0,6.8165,0.0,-785.5,0.0,6.8165,0.0,-785.5,0.0,6.8165,1.0,0.0,0.0,0.0,0.0
1889,835.27,761.35,1149.55,783.05,21.7,5.5899,1.2526,0.0,-761.35,0.0,6.8165,0.0,-761.35,0.0,6.8165,1.0,0.0,0.0,0.0,0.0
1890,835.5,779.5,1163.95,792.0,12.5,3.2514,1.4879,0.0,-779.5,0.0,6.8165,0.0,-779.5,0.0,6.8165,1.0,0.0,0.0,0.0,0.0
1891,835.72,768.3,1162.0,795.3,27.0,6.858,1.1638,0.0,-768.3,0.0,6.8165,0.0,-768.3,0.0,6.8165,1.0,0.0,0.0,0.0,0.0
1892,835.95,777.25,1163.65,796.0,18.75,4.8525,1.314,0.0,-777.25,0.0,6.8165,0.0,-777.25,0.0,6.8165,1.0,0.0,0.0,0.0,0.0
1893,836.18,772.05,1162.75,788.75,16.7,4.2744,1.3691,0.0,-772.05,0.0,6.8165,0.0,-772.05,0.0,6.8165,1.0,0.0,0.0,0.0,0.0
1894,836.4,771.3,1160.5,784.75,13.45,3.4558,1.4615,0.0,-771.3,0.0,6.8165,0.0,-771.3,0.0,6.8165,1.0,0.0,0.0,0.0,0.0
1895,836.63,782.7,1166.65,791.8,9.1,2.3701,1.6252,0.0,-782.7,0.0,6.8165,0.0,-782.7,0.0,6.8165,1.0,0.0,0.0,0.0,0.0
1896,836.86,784.3,1145.5,786.75,2.45,0.6783,2.1686,0.0,-784.3,0.0,6.8165,0.0,-784.3,0.0,6.8165,1.0,0.0,0.0,0.0,0.0
1897,837.08,780.55,1154.3,786.15,5.6,1.4983,1.8244,0.0,-780.55,0.0,6.8165,0.0,-780.55,0.0,6.8165,1.0,0.0,0.0,0.0,0.0
1898,837.31,779.55,1145.1,783.45,3.9,1.0669,1.9719,0.0,-779.55,0.0,6.8165,0.0,-779.55,0.0,6.8165,1.0,0.0,0.0,0.0,0.0
1899,837.53,780.75,1143.5,788.6,7.85,2.164,1.6647,0.0,-780.75,0.0,6.8165,0.0,-780.75,0.0,6.8165,1.0,0.0,0.0,0.0,0.0
1900,837.76,777.4,1137.65,782.95,5.55,1.5406,1.8123,0.0,-777.4,0.0,6.8165,0.0,-777.4,0.0,6.8165,1.0,0.0,0.0,0.0,0.0
1901,837.99,772.4,1119.6,813.0,40.6,11.6935,0.9321,0.0,-772.4,0.0,6.8165,0.0,-772.4,0.0,6.8165,1.0,0.0,0.0,0.0,0.0
1902,838.21,772.55,1124.75,790.85,18.3,5.1959,1.2843,0.0,-772.55,0.0,6.8165,0.0,-772.55,0.0,6.8165,1.0,0.0,0.0,0.0,0.0
1903,838.44,787.5,1134.7,781.3,-6.2,0.0,6.8165,0.0,-787.5,0.0,6.8165,0.0,-787.5,0.0,6.8165,1.0,0.0,0.0,0.0,0.0
1904,838.66,793.1,1094.9,788.8,-4.3,0.0,6.8165,0.0,-793.1,0.0,6.8165,0.0,-793.1,0.0,6.8165,1.0,0.0,0.0,0.0,0.0
1905,838.89,782.5,1120.95,787.3,4.8,1.4182,1.8483,0.0,-782.5,0.0,6.8165,0.0,-782.5,0.0,6.8165,1.0,0.0,0.0,0.0,0.0
1906,839.11,775.55,1113.25,788.6,13.05,3.8644,1.4129,0.0,-775.55,0.0,6.8165,0.0,-775.55,0.0,6.8165,1.0,0.0,0.0,0.0,0.0
1907,839.34,779.2,1102.1,785.9,6.7,2.0749,1.683,0.0,-779.2,0.0,6.8165,0.0,-779.2,0.0,6.8165,1.0,0.0,0.0,0.0,0.0
1908,839.56,787.25,1101.9,792.6,5.35,1.7003,1.7695,0.0,-787.25,0.0,6.8165,0.0,-787.25,0.0,6.8165,1.0,0.0,0.0,0.0,0.0
1909,839.79,784.35,1079.95,793.4,9.05,3.0616,1.5141,0.0,-784.35,0.0,6.8165,0.0,-784.35,0.0,6.8165,1.0,0.0,0.0,0.0,0.0
1910,840.01,789.25,1096.15,787.25,-2.0,0.0,6.8165,0.0,-789.25,0.0,6.8165,0.0,-789.25,0.0,6.8165,1.0,0.0,0.0,0.0,0.0
1911,840.24,790.65,1084.05,790.4,-0.25,0.0,6.8165,0.0,-790.65,0.0,6.8165,0.0,-790.65,0.0,6.8165,1.0,0.0,0.0,0.0,0.0
1912,840.46,778.85,1072.55,785.1,6.25,2.128,1.672,0.0,-778.85,0.0,6.8165,0.0,-778.85,0.0,6.8165,1.0,0.0,0.0,0.0,0.0
1913,840.69,783.95,1075.9,784.8,0.85,0.2911,2.5359,0.0,-783.95,0.0,6.8165,0.0,-783.95,0.0,6.8165,1.0,0.0,0.0,0.0,0.0
1914,840.91,780.45,1074.3,797.25,16.8,5.7172,1.2428,0.0,-780.45,0.0,6.8165,0.0,-780.45,0.0,6.8165,1.0,0.0,0.0,0.0,0.0
1915,841.13,784.05,1080.25,800.7,16.65,5.6212,1.2502,0.0,-784.05,0.0,6.8165,0.0,-784.05,0.0,6.8165,1.0,0.0,0.0,0.0,0.0
1916,841.36,780.05,1095.4,798.9,18.85,5.9775,1.2235,0.0,-780.05,0.0,6.8165,0.0,-780.05,0.0,6.8165,1.0,0.0,0.0,0.0,0.0
1917,841.58,778.95,1102.2,795.35,16.4,5.0735,1.2947,0.0,-778.95,0.0,6.8165,0.0,-778.95,0.0,6.8165,1.0,0.0,0.0,0.0,0.0
1918,841.81,773.2,1098.5,782.8,9.6,2.9511,1.53,0.0,-773.2,0.0,6.8165,0.0,-773.2,0.0,6.8165,1.0,0.0,0.0,0.0,0.0
1919,842.03,769.7,1102.25,806.7,37.0,11.1261,0.9537,0.0,-769.7,0.0,6.8165,0.0,-769.7,0.0,6.8165,1.0,0.0,0.0,0.0,0.0
1920,842.25,777.6,1112.85,783.95,6.35,1.8941,1.7226,0.0,-777.6,0.0,6.8165,0.0,-777.6,0.0,6.8165,1.0,0.0,0.0,0.0,0.0
1921,842.48,778.1,1119.15,788.7,10.6,3.108,1.5075,0.0,-778.1,0.0,6.8165,0.0,-778.1,0.0,6.8165,1.0,0.0,0.0,0.0,0.0
1922,842.7,796.0,1096.25,786.5,-9.5,0.0,6.8165,0.0,-796.0,0.0,6.8165,0.0,-796.0,0.0,6.8165,1.0,0.0,0.0,0.0,0.0
1923,842.92,781.9,1100.85,794.8,12.9,4.0445,1.3931,0.0,-781.9,0.0,6.8165,0.0,-781.9,0.0,6.8165,1.0,0.0,0.0,0.0,0.0
1924,843.15,789.55,1083.3,793.2,3.65,1.2426,1.9057,0.0,-789.55,0.0,6.8165,0.0,-789.55,0.0,6.8165,1.0,0.0,0.0,0.0,0.0
1925,843.37,782.2,1091.5,793.95,11.75,3.7989,1.4203,0.0,-782.2,0.0,6.8165,0.0,-782.2,0.0,6.8165,1.0,0.0,0.0,0.0,0.0
1926,843.59,794.6,1100.65,796.85,2.25,0.7352,2.1336,0.0,-794.6,0.0,6.8165,0.0,-794.6,0.0,6.8165,1.0,0.0,0.0,0.0,0.0
1927,843.82,792.9,1089.7,786.4,-6.5,0.0,6.8165,0.0,-792.9,0.0,6.8165,0.0,-792.9,0.0,6.8165,1.0,0.0,0.0,0.0,0.0
1928,844.04,773.4,1069.7,806.85,33.45,11.2892,0.9473,0.0,-773.4,0.0,6.8165,0.0,-773.4,0.0,6.8165,1.0,0.0,0.0,0.0,0.0
1929,844.26,782.55,1087.25,787.2,4.65,1.5261,1.8164,0.0,-782.55,0.0,6.8165,0.0,-782.55,0.0,6.8165,1.0,0.0,0.0,0.0,0.0
1930,844.49,771.55,1066.0,782.2,10.65,3.6169,1.4417,0.0,-771.55,0.0,6.8165,0.0,-771.55,0.0,6.8165,1.0,0.0,0.0,0.0,0.0
1931,844.71,784.4,1065.8,778.1,-6.3,0.0,6.8165,0.0,-784.4,0.0,6.8165,0.0,-784.4,0.0,6.8165,1.0,0.0,0.0,0.0,0.0
1932,844.93,787.75,1063.35,783.65,-4.1,0.0,6.8165,0.0,-787.75,0.0,6.8165,0.0,-787.75,0.0,6.8165,1.0,0.0,0.0,0.0,0.0
1933,845.15,771.9,1045.85,799.35,27.45,10.0201,0.9991,0.0,-771.9,0.0,6.8165,0.0,-771.9,0.0,6.8165,1.0,0.0,0.0,0.0,0.0
1934,845.38,781.65,1060.15,793.85,12.2,4.3806,1.3585,0.0,-781.65,0.0,6.8165,0.0,-781.65,0.0,6.8165,1.0,0.0,0.0,0.0,0.0
1935,845.6,770.4,1042.3,786.7,16.3,5.9949,1.2222,0.0,-770.4,0.0,6.8165,0.0,-770.4,0.0,6.8165,1.0,0.0,0.0,0.0,0.0
1936,845.82,772.9,1055.1,785.15,12.25,4.3409,1.3624,0.0,-772.9,0.0,6.8165,0.0,-772.9,0.0,6.8165,1.0,0.0,0.0,0.0,0.0
1937,846.04,778.8,1054.35,783.6,4.8,1.742,1.759,0.0,-778.8,0.0,6.8165,0.0,-778.8,0.0,6.8165,1.0,0.0,0.0,0.0,0.0
1938,846.26,784.2,1044.7,781.35,-2.85,0.0,6.8165,0.0,-784.2,0.0,6.8165,0.0,-784.2,0.0,6.8165,1.0,0.0,0.0,0.0,0.0
1939,846.48,776.75,1037.4,776.4,-0.35,0.0,6.8165,0.0,-776.75,0.0,6.8165,0.0,-776.75,0.0,6.8165,1.0,0.0,0.0,0.0,0.0
1940,846.71,770.3,1042.05,794.75,24.45,8.9972,1.0459,0.0,-770.3,0.0,6.8165,0.0,-770.3,0.0,6.8165,1.0,0.0,0.0,0.0,0.0
1941,846.93,770.95,1039.25,789.65,18.7,6.9698,1.1568,0.0,-770.95,0.0,6.8165,0.0,-770.95,0.0,6.8165,1.0,0.0,0.0,0.0,0.0
1942,847.15,779.6,1024.75,781.5,1.9,0.775,2.1107,0.0,-779.6,0.0,6.8165,0.0,-779.6,0.0,6.8165,1.0,0.0,0.0,0.0,0.0
1943,847.37,777.4,1039.05,774.65,-2.75,0.0,6.8165,0.0,-777.4,0.0,6.8165,0.0,-777.4,0.0,6.8165,1.0,0.0,0.0,0.0,0.0
1944,847.59,777.35,1038.3,771.4,-5.95,0.0,6.8165,0.0,-777.35,0.0,6.8165,0.0,-777.35,0.0,6.8165,1.0,0.0,0.0,0.0,0.0
1945,847.81,780.8,1046.55,777.8,-3.0,0.0,6.8165,0.0,-780.8,0.0,6.8165,0.0,-780.8,0.0,6.8165,1.0,0.0,0.0,0.0,0.0
1946,848.03,771.95,1034.1,767.45,-4.5,0.0,6.8165,0.0,-771.95,0.0,6.8165,0.0,-771.95,0.0,6.8165,1.0,0.0,0.0,0.0,0.0
1947,848.26,774.75,1032.45,793.05,18.3,7.1013,1.1487,0.0,-774.75,0.0,6.8165,0.0,-774.75,0.0,6.8165,1.0,0.0,0.0,0.0,0.0
1948,848.48,778.6,1034.45,784.45,5.85,2.2865,1.6408,0.0,-778.6,0.0,6.8165,0.0,-778.6,0.0,6.8165,1.0,0.0,0.0,0.0,0.0
1949,848.7,776.25,1049.15,794.2,17.95,6.5775,1.1819,0.0,-776.25,0.0,6.8165,0.0,-776.25,0.0,6.8165,1.0,0.0,0.0,0.0,0.0
1950,848.92,775.8,1031.05,774.9,-0.9,0.0,6.8165,0.0,-775.8,0.0,6.8165,0.0,-775.8,0.0,6.8165,1.0,0.0,0.0,0.0,0.0
1951,849.14,778.2,1028.05,803.15,24.95,9.986,1.0006,0.0,-778.2,0.0,6.8165,0.0,-778.2,0.0,6.8165,1.0,0.0,0.0,0.0,0.0
1952,849.36,779.0,1051.85,776.7,-2.3,0.0,6.8165,0.0,-779.0,0.0,6.8165,0.0,-779.0,0.0,6.8165,1.0,0.0,0.0,0.0,0.0
1953,849.58,778.8,1051.6,792.6,13.8,5.0587,1.296,0.0,-778.8,0.0,6.8165,0.0,-778.8,0.0,6.8165,1.0,0.0,0.0,0.0,0.0
1954,849.8,779.75,1035.45,770.6,-9.15,0.0,6.8165,0.0,-779.75,0.0,6.8165,0.0,-779.75,0.0,6.8165,1.0,0.0,0.0,0.0,0.0
1955,850.02,785.75,1039.05,783.0,-2.75,0.0,6.8165,0.0,-785.75,0.0,6.8165,0.0,-785.75,0.0,6.8165,1.0,0.0,0.0,0.0,0.0
1956,850.24,770.05,1040.6,777.4,7.35,2.7167,1.566,0.0,-770.05,0.0,6.8165,0.0,-770.05,0.0,6.8165,1.0,0.0,0.0,0.0,0.0
1957,850.46,778.5,1041.7,781.7,3.2,1.2158,1.9151,0.0,-778.5,0.0,6.8165,0.0,-778.5,0.0,6.8165,1.0,0.0,0.0,0.0,0.0
1958,850.68,774.95,1039.75,783.1,8.15,3.0778,1.5118,0.0,-774.95,0.0,6.8165,0.0,-774.95,0.0,6.8165,1.0,0.0,0.0,0.0,0.0
1959,850.9,782.75,1026.45,777.1,-5.65,0.0,6.8165,0.0,-782.75,0.0,6.8165,0.0,-782.75,0.0,6.8165,1.0,0.0,0.0,0.0,0.0
1960,851.12,790.65,1032.45,781.6,-9.05,0.0,6.8165,0.0,-790.65,0.0,6.8165,0.0,-790.65,0.0,6.8165,1.0,0.0,0.0,0.0,0.0
1961,851.34,791.4,1042.6,786.2,-5.2,0.0,6.8165,0.0,-791.4,0.0,6.8165,0.0,-791.4,0.0,6.8165,1.0,0.0,0.0,0.0,0.0
1962,851.56,781.35,1030.5,769.55,-11.8,0.0,6.8165,0.0,-781.35,0.0,6.8165,0.0,-781.35,0.0,6.8165,1.0,0.0,0.0,0.0,0.0
1963,851.78,772.8,1029.3,782.95,10.15,3.9571,1.4026,0.0,-772.8,0.0,6.8165,0.0,-772.8,0.0,6.8165,1.0,0.0,0.0,0.0,0.0
1964,852.0,768.7,1026.8,778.75,10.05,3.8938,1.4096,0.0,-768.7,0.0,6.8165,0.0,-768.7,0.0,6.8165,1.0,0.0,0.0,0.0,0.0
1965,852.21,775.1,1026.4,776.9,1.8,0.7163,2.1449,0.0,-775.1,0.0,6.8165,0.0,-775.1,0.0,6.8165,1.0,0.0,0.0,0.0,0.0
1966,852.43,779.6,1019.3,792.9,13.3,5.5486,1.2558,0.0,-779.6,0.0,6.8165,0.0,-779.6,0.0,6.8165,1.0,0.0,0.0,0.0,0.0
1967,852.65,768.7,1014.25,782.4,13.7,5.5793,1.2534,0.0,-768.7,0.0,6.8165,0.0,-768.7,0.0,6.8165,1.0,0.0,0.0,0.0,0.0
1968,852.87,784.0,1012.35,781.55,-2.45,0.0,6.8165,0.0,-784.0,0.0,6.8165,0.0,-784.0,0.0,6.8165,1.0,0.0,0.0,0.0,0.0
1969,853.09,758.25,1019.85,784.55,26.3,10.0535,0.9977,0.0,-758.25,0.0,6.8165,0.0,-758.25,0.0,6.8165,1.0,0.0,0.0,0.0,0.0
1970,853.31,777.15,1024.2,787.05,9.9,4.0073,1.3971,0.0,-777.15,0.0,6.8165,0.0,-777.15,0.0,6.8165,1.0,0.0,0.0,0.0,0.0
1971,853.53,785.15,1024.5,789.3,4.15,1.7339,1.761,0.0,-785.15,0.0,6.8165,0.0,-785.15,0.0,6.8165,1.0,0.0,0.0,0.0,0.0
1972,853.74,788.35,1027.6,791.75,3.4,1.4211,1.8474,0.0,-788.35,0.0,6.8165,0.0,-788.35,0.0,6.8165,1.0,0.0,0.0,0.0,0.0
1973,853.96,769.55,1024.0,779.55,10.0,3.93,1.4056,0.0,-769.55,0.0,6.8165,0.0,-769.55,0.0,6.8165,1.0,0.0,0.0,0.0,0.0
1974,854.18,783.55,1016.1,785.5,1.95,0.8385,2.0765,0.0,-783.55,0.0,6.8165,0.0,-783.55,0.0,6.8165,1.0,0.0,0.0,0.0,0.0
1975,854.4,797.8,1010.25,789.45,-8.35,0.0,6.8165,0.0,-797.8,0.0,6.8165,0.0,-797.8,0.0,6.8165,1.0,0.0,0.0,0.0,0.0
1976,854.62,778.3,998.3,787.75,9.45,4.2955,1.367,0.0,-778.3,0.0,6.8165,0.0,-778.3,0.0,6.8165,1.0,0.0,0.0,0.0,0.0
1977,854.83,780.3,1005.95,786.5,6.2,2.7476,1.561,0.0,-780.3,0.0,6.8165,0.0,-780.3,0.0,6.8165,1.0,0.0,0.0,0.0,0.0
1978,855.05,778.8,1015.25,796.6,17.8,7.528,1.1233,0.0,-778.8,0.0,6.8165,0.0,-778.8,0.0,6.8165,1.0,0.0,0.0,0.0,0.0
1979,855.27,778.05,1012.45,782.3,4.25,1.8131,1.7416,0.0,-778.05,0.0,6.8165,0.0,-778.05,0.0,6.8165,1.0,0.0,0.0,0.0,0.0
1980,855.49,783.25,1014.9,786.4,3.15,1.3598,1.8665,0.0,-783.25,0.0,6.8165,0.0,-783.25,0.0,6.8165,1.0,0.0,0.0,0.0,0.0
1981,855.71,786.55,999.25,793.2,6.65,3.1265,1.5049,0.0,-786.55,0.0,6.8165,0.0,-786.55,0.0,6.8165,1.0,0.0,0.0,0.0,0.0
1982,855.92,769.9,1018.65,802.05,32.15,12.9246,0.8886,0.0,-769.9,0.0,6.8165,0.0,-769.9,0.0,6.8165,1.0,0.0,0.0,0.0,0.0
1983,856.14,772.0,1016.15,783.65,11.65,4.7717,1.3213,0.0,-772.0,0.0,6.8165,0.0,-772.0,0.0,6.8165,1.0,0.0,0.0,0.0,0.0
1984,856.36,791.6,1016.4,805.1,13.5,6.0053,1.2215,0.0,-791.6,0.0,6.8165,0.0,-791.6,0.0,6.8165,1.0,0.0,0.0,0.0,0.0
1985,856.57,778.5,1009.15,788.85,10.35,4.4873,1.348,0.0,-778.5,0.0,6.8165,0.0,-778.5,0.0,6.8165,1.0,0.0,0.0,0.0,0.0
1986,856.79,774.95,1009.55,788.15,13.2,5.6266,1.2498,0.0,-774.95,0.0,6.8165,0.0,-774.95,0.0,6.8165,1.0,0.0,0.0,0.0,0.0
1987,857.01,783.8,1011.4,792.3,8.5,3.7346,1.4278,0.0,-783.8,0.0,6.8165,0.0,-783.8,0.0,6.8165,1.0,0.0,0.0,0.0,0.0
1988,857.22,784.3,1005.95,782.65,-1.65,0.0,6.8165,0.0,-784.3,0.0,6.8165,0.0,-784.3,0.0,6.8165,1.0,0.0,0.0,0.0,0.0
1989,857.44,789.45,1003.85,791.85,2.4,1.1194,1.951,0.0,-789.45,0.0,6.8165,0.0,-789.45,0.0,6.8165,1.0,0.0,0.0,0.0,0.0
1990,857.66,787.55,1019.2,789.95,2.4,1.036,1.9846,0.0,-787.55,0.0,6.8165,0.0,-787.55,0.0,6.8165,1.0,0.0,0.0,0.0,0.0
1991,857.87,785.7,1001.3,785.0,-0.7,0.0,6.8165,0.0,-785.7,0.0,6.8165,0.0,-785.7,0.0,6.8165,1.0,0.0,0.0,0.0,0.0
1992,858.09,783.15,985.9,792.85,9.7,4.7842,1.3202,0.0,-783.15,0.0,6.8165,0.0,-783.15,0.0,6.8165,1.0,0.0,0.0,0.0,0.0
1993,858.31,773.75,1000.4,787.9,14.15,6.2431,1.2046,0.0,-773.75,0.0,6.8165,0.0,-773.75,0.0,6.8165,1.0,0.0,0.0,0.0,0.0
1994,858.52,782.0,993.25,786.5,4.5,2.1302,1.6716,0.0,-782.0,0.0,6.8165,0.0,-782.0,0.0,6.8165,1.0,0.0,0.0,0.0,0.0
1995,858.74,786.45,998.65,773.65,-12.8,0.0,6.8165,0.0,-786.45,0.0,6.8165,0.0,-786.45,0.0,6.8165,1.0,0.0,0.0,0.0,0.0
1996,858.95,767.7,989.6,788.05,20.35,9.1708,1.0376,0.0,-767.7,0.0,6.8165,0.0,-767.7,0.0,6.8165,1.0,0.0,0.0,0.0,0.0
1997,859.17,780.35,991.95,793.85,13.5,6.38,1.1952,0.0,-780.35,0.0,6.8165,0.0,-780.35,0.0,6.8165,1.0,0.0,0.0,0.0,0.0
1998,859.39,780.95,976.9,781.1,0.15,0.0766,3.1161,0.0,-780.95,0.0,6.8165,0.0,-780.95,0.0,6.8165,1.0,0.0,0.0,0.0,0.0
1999,859.6,791.9,992.0,782.7,-9.2,0.0,6.8165,0.0,-791.9,0.0,6.8165,0.0,-791.9,0.0,6.8165,1.0,0.0,0.0,0.0,0.0
2000,859.82,788.95,1001.6,776.75,-12.2,0.0,6.8165,0.0,-788.95,0.0,6.8165,0.0,-788.95,0.0,6.8165,1.0,0.0,0.0,0.0,0.0
2001,860.03,783.05,988.0,769.3,-13.75,0.0,6.8165,0.0,-783.05,0.0,6.8165,0.0,-783.05,0.0,6.8165,1.0,0.0,0.0,0.0,0.0
2002,860.25,781.45,992.6,793.35,11.9,5.6358,1.249,0.0,-781.45,0.0,6.8165,0.0,-781.45,0.0,6.8165,1.0,0.0,0.0,0.0,0.0
2003,860.46,779.4,982.0,784.6,5.2,2.5666,1.5906,0.0,-779.4,0.0,6.8165,0.0,-779.4,0.0,6.8165,1.0,0.0,0.0,0.0,0.0
2004,860.68,770.65,981.05,793.45,22.8,10.8365,0.9651,0.0,-770.65,0.0,6.8165,0.0,-770.65,0.0,6.8165,1.0,0.0,0.0,0.0,0.0
2005,860.89,776.35,975.4,778.3,1.95,0.9797,2.0089,0.0,-776.35,0.0,6.8165,0.0,-776.35,0.0,6.8165,1.0,0.0,0.0,0.0,0.0
2006,861.11,787.5,991.05,787.4,-0.1,0.0,6.8165,0.0,-787.5,0.0,6.8165,0.0,-787.5,0.0,6.8165,1.0,0.0,0.0,0.0,0.0
2007,861.32,780.0,976.85,784.6,4.6,2.3368,1.6314,0.0,-780.0,0.0,6.8165,0.0,-780.0,0.0,6.8165,1.0,0.0,0.0,0.0,0.0
2008,861.54,775.05,971.6,800.7,25.65,13.0501,0.8844,0.0,-775.05,0.0,6.8165,0.0,-775.05,0.0,6.8165,1.0,0.0,0.0,0.0,0.0
2009,861.75,781.4,978.2,787.8,6.4,3.252,1.4878,0.0,-781.4,0.0,6.8165,0.0,-781.4,0.0,6.8165,1.0,0.0,0.0,0.0,0.0
2010,861.96,785.4,968.65,793.45,8.05,4.3929,1.3572,0.0,-785.4,0.0,6.8165,0.0,-785.4,0.0,6.8165,1.0,0.0,0.0,0.0,0.0
2011,862.18,791.85,970.65,790.6,-1.25,0.0,6.8165,0.0,-791.85,0.0,6.8165,0.0,-791.85,0.0,6.8165,1.0,0.0,0.0,0.0,0.0
2012,862.39,797.25,971.75,798.65,1.4,0.8023,2.0957,0.0,-797.25,0.0,6.8165,0.0,-797.25,0.0,6.8165,1.0,0.0,0.0,0.0,0.0
2013,862.61,774.05,968.65,774.7,0.65,0.334,2.4762,0.0,-774.05,0.0,6.8165,0.0,-774.05,0.0,6.8165,1.0,0.0,0.0,0.0,0.0
2014,862.82,786.5,949.9,781.25,-5.25,0.0,6.8165,0.0,-786.5,0.0,6.8165,0.0,-786.5,0.0,6.8165,1.0,0.0,0.0,0.0,0.0
2015,863.03,778.2,949.25,799.35,21.15,12.3648,0.9078,0.0,-778.2,0.0,6.8165,0.0,-778.2,0.0,6.8165,1.0,0.0,0.0,0.0,0.0
2016,863.25,765.05,952.9,779.65,14.6,7.7722,1.1095,0.0,-765.05,0.0,6.8165,0.0,-765.05,0.0,6.8165,1.0,0.0,0.0,0.0,0.0
2017,863.46,781.6,948.4,784.4,2.8,1.6787,1.775,0.0,-781.6,0.0,6.8165,0.0,-781.6,0.0,6.8165,1.0,0.0,0.0,0.0,0.0
2018,863.68,783.45,952.9,776.35,-7.1,0.0,6.8165,0.0,-783.45,0.0,6.8165,0.0,-783.45,0.0,6.8165,1.0,0.0,0.0,0.0,0.0
2019,863.89,779.5,952.6,785.85,6.35,3.6684,1.4355,0.0,-779.5,0.0,6.8165,0.0,-779.5,0.0,6.8165,1.0,0.0,0.0,0.0,0.0
2020,864.1,761.7,946.4,795.8,34.1,18.4624,0.7337,0.0,-761.7,0.0,6.8165,0.0,-761.7,0.0,6.8165,1.0,0.0,0.0,0.0,0.0
2021,864.32,769.65,943.65,798.95,29.3,16.8391,0.7737,0.0,-769.65,0.0,6.8165,0.0,-769.65,0.0,6.8165,1.0,0.0,0.0,0.0,0.0
2022,864.53,781.25,951.6,773.2,-8.05,0.0,6.8165,0.0,-781.25,0.0,6.8165,0.0,-781.25,0.0,6.8165,1.0,0.0,0.0,0.0,0.0
2023,864.74,792.5,944.1,782.65,-9.85,0.0,6.8165,0.0,-792.5,0.0,6.8165,0.0,-792.5,0.0,6.8165,1.0,0.0,0.0,0.0,0.0
2024,864.95,779.7,949.25,765.3,-14.4,0.0,6.8165,0.0,-779.7,0.0,6.8165,0.0,-779.7,0.0,6.8165,1.0,0.0,0.0,0.0,0.0
2025,865.17,771.9,947.4,785.1,13.2,7.5214,1.1237,0.0,-771.9,0.0,6.8165,0.0,-771.9,0.0,6.8165,1.0,0.0,0.0,0.0,0.0
2026,865.38,761.95,918.25,778.5,16.55,10.5886,0.9752,0.0,-761.95,0.0,6.8165,0.0,-761.95,0.0,6.8165,1.0,0.0,0.0,0.0,0.0
2027,865.59,786.65,920.3,787.45,0.8,0.5986,2.2229,0.0,-786.65,0.0,6.8165,0.0,-786.65,0.0,6.8165,1.0,0.0,0.0,0.0,0.0
2028,865.81,765.2,944.15,779.4,14.2,7.9352,1.1004,0.0,-765.2,0.0,6.8165,0.0,-765.2,0.0,6.8165,1.0,0.0,0.0,0.0,0.0
2029,866.02,777.3,955.15,782.8,5.5,3.0925,1.5097,0.0,-777.3,0.0,6.8165,0.0,-777.3,0.0,6.8165,1.0,0.0,0.0,0.0,0.0
2030,866.23,765.2,934.75,781.4,16.2,9.5547,1.0198,0.0,-765.2,0.0,6.8165,0.0,-765.2,0.0,6.8165,1.0,0.0,0.0,0.0,0.0
2031,866.44,776.2,940.85,770.75,-5.45,0.0,6.8165,0.0,-776.2,0.0,6.8165,0.0,-776.2,0.0,6.8165,1.0,0.0,0.0,0.0,0.0
2032,866.65,769.0,937.7,789.15,20.15,11.9443,0.9228,0.0,-769.0,0.0,6.8165,0.0,-769.0,0.0,6.8165,1.0,0.0,0.0,0.0,0.0
2033,866.87,769.15,939.05,777.1,7.95,4.6792,1.3298,0.0,-769.15,0.0,6.8165,0.0,-769.15,0.0,6.8165,1.0,0.0,0.0,0.0,0.0
2034,867.08,776.5,935.9,781.4,4.9,3.074,1.5123,0.0,-776.5,0.0,6.8165,0.0,-776.5,0.0,6.8165,1.0,0.0,0.0,0.0,0.0
2035,867.29,782.7,943.0,781.45,-1.25,0.0,6.8165,0.0,-782.7,0.0,6.8165,0.0,-782.7,0.0,6.8165,1.0,0.0,0.0,0.0,0.0
2036,867.5,762.15,935.8,777.55,15.4,8.8684,1.0522,0.0,-762.15,0.0,6.8165,0.0,-762.15,0.0,6.8165,1.0,0.0,0.0,0.0,0.0
2037,867.71,769.95,932.65,788.9,18.95,11.6472,0.9338,0.0,-769.95,0.0,6.8165,0.0,-769.95,0.0,6.8165,1.0,0.0,0.0,0.0,0.0
2038,867.92,777.1,939.15,789.4,12.3,7.5902,1.1197,0.0,-777.1,0.0,6.8165,0.0,-777.1,0.0,6.8165,1.0,0.0,0.0,0.0,0.0
2039,868.14,774.95,926.7,779.05,4.1,2.7018,1.5683,0.0,-774.95,0.0,6.8165,0.0,-774.95,0.0,6.8165,1.0,0.0,0.0,0.0,0.0
2040,868.35,788.55,931.1,787.2,-1.35,0.0,6.8165,0.0,-788.55,0.0,6.8165,0.0,-788.55,0.0,6.8165,1.0,0.0,0.0,0.0,0.0
2041,868.56,772.55,925.65,771.5,-1.05,0.0,6.8165,0.0,-772.55,0.0,6.8165,0.0,-772.55,0.0,6.8165,1.0,0.0,0.0,0.0,0.0
2042,868.77,772.0,924.05,768.25,-3.75,0.0,6.8165,0.0,-772.0,0.0,6.8165,0.0,-772.0,0.0,6.8165,1.0,0.0,0.0,0.0,0.0
2043,868.98,789.4,930.3,785.95,-3.45,0.0,6.8165,0.0,-789.4,0.0,6.8165,0.0,-789.4,0.0,6.8165,1.0,0.0,0.0,0.0,0.0
2044,869.19,781.35,933.0,779.5,-1.85,0.0,6.8165,0.0,-781.35,0.0,6.8165,0.0,-781.35,0.0,6.8165,1.0,0.0,0.0,0.0,0.0
2045,869.4,787.85,925.25,776.5,-11.35,0.0,6.8165,0.0,-787.85,0.0,6.8165,0.0,-787.85,0.0,6.8165,1.0,0.0,0.0,0.0,0.0
2046,869.61,771.8,921.4,765.3,-6.5,0.0,6.8165,0.0,-771.8,0.0,6.8165,0.0,-771.8,0.0,6.8165,1.0,0.0,0.0,0.0,0.0
2047,869.82,778.4,937.0,764.2,-14.2,0.0,6.8165,0.0,-778.4,0.0,6.8165,0.0,-778.4,0.0,6.8165,1.0,0.0,0.0,0.0,0.0
