Pixel,Wavelength,Dark,Reference,Raw data #1,Dark Subtracted #1,%TR #1,Absorbance #1,Raw data #2,Dark Subtracted #2,%TR #2,Absorbance #2,Raw data #3,Dark Subtracted #3,%TR #3,Absorbance #3,Errands Ref,Errands Fit,Irradiance_1,Irradiance_2,Irradiance_3
0,231.94,782.05,781.2,770.0,-12.05,110.0,-0.0414,0.0,-782.05,110.0,-0.0414,0.0,-782.05,110.0,-0.0414,1.0,0.0,0.0,0.0,0.0
1,232.35,782.05,781.2,770.0,-12.05,110.0,-0.0414,0.0,-782.05,110.0,-0.0414,0.0,-782.05,110.0,-0.0414,1.0,0.0,0.0,0.0,0.0
2,232.76,785.25,784.8,764.65,-20.6,110.0,-0.0414,0.0,-785.25,110.0,-0.0414,0.0,-785.25,110.0,-0.0414,1.0,0.0,0.0,0.0,0.0
3,233.16,738.4,747.1,687.85,-50.55,0.0,6.8165,0.0,-738.4,0.0,6.8165,0.0,-738.4,0.0,6.8165,1.0,0.0,0.0,0.0,0.0
4,233.57,795.0,782.1,766.3,-28.7,110.0,-0.0414,0.0,-795.0,110.0,-0.0414,0.0,-795.0,110.0,-0.0414,1.0,0.0,0.0,0.0,0.0
5,233.98,788.2,796.1,770.1,-18.1,0.0,6.8165,0.0,-788.2,110.0,-0.0414,0.0,-788.2,110.0,-0.0414,1.0,0.0,0.0,0.0,0.0
6,234.38,789.6,776.05,777.8,-11.8,87.0849,0.0601,0.0,-789.6,110.0,-0.0414,0.0,-789.6,110.0,-0.0414,1.0,0.0,0.0,0.0,0.0
7,234.79,815.2,780.4,768.3,-46.9,110.0,-0.0414,0.0,-815.2,110.0,-0.0414,0.0,-815.2,110.0,-0.0414,1.0,0.0,0.0,0.0,0.0
8,235.2,809.95,775.5,777.75,-32.2,93.4688,0.0293,0.0,-809.95,110.0,-0.0414,0.0,-809.95,110.0,-0.0414,1.0,0.0,0.0,0.0,0.0
9,235.6,796.0,795.1,772.6,-23.4,110.0,-0.0414,0.0,-796.0,110.0,-0.0414,0.0,-796.0,110.0,-0.0414,1.0,0.0,0.0,0.0,0.0
10,236.01,786.6,782.2,775.55,-11.05,110.0,-0.0414,0.0,-786.6,110.0,-0.0414,0.0,-786.6,110.0,-0.0414,1.0,0.0,0.0,0.0,0.0
11,236.41,799.65,780.05,778.3,-21.35,108.9286,-0.0371,0.0,-799.65,110.0,-0.0414,0.0,-799.65,110.0,-0.0414,1.0,0.0,0.0,0.0,0.0
12,236.82,790.15,788.95,772.95,-17.2,110.0,-0.0414,0.0,-790.15,0.0,6.8165,0.0,-790.15,0.0,6.8165,1.0,0.0,0.0,0.0,0.0
13,237.23,798.5,775.55,774.95,-23.55,102.6144,-0.0112,0.0,-798.5,110.0,-0.0414,0.0,-798.5,110.0,-0.0414,1.0,0.0,0.0,0.0,0.0
14,237.63,798.75,751.95,768.6,-30.15,64.4231,0.191,0.0,-798.75,110.0,-0.0414,0.0,-798.75,110.0,-0.0414,1.0,0.0,0.0,0.0,0.0
15,238.04,786.85,791.75,777.8,-9.05,0.0,6.8165,0.0,-786.85,110.0,-0.0414,0.0,-786.85,110.0,-0.0414,1.0,0.0,0.0,0.0,0.0
16,238.44,797.85,773.85,771.2,-26.65,110.0,-0.0414,0.0,-797.85,110.0,-0.0414,0.0,-797.85,110.0,-0.0414,1.0,0.0,0.0,0.0,0.0
17,238.85,788.65,779.45,769.2,-19.45,110.0,-0.0414,0.0,-788.65,110.0,-0.0414,0.0,-788.65,110.0,-0.0414,1.0,0.0,0.0,0.0,0.0
18,239.25,802.4,780.55,773.7,-28.7,110.0,-0.0414,0.0,-802.4,110.0,-0.0414,0.0,-802.4,110.0,-0.0414,1.0,0.0,0.0,0.0,0.0
19,239.66,782.85,761.9,769.2,-13.65,65.1551,0.1861,0.0,-782.85,110.0,-0.0414,0.0,-782.85,110.0,-0.0414,1.0,0.0,0.0,0.0,0.0
20,240.07,775.7,758.0,766.8,-8.9,50.2825,0.2986,0.0,-775.7,110.0,-0.0414,0.0,-775.7,110.0,-0.0414,1.0,0.0,0.0,0.0,0.0
21,240.47,781.7,777.0,773.75,-7.95,110.0,-0.0414,0.0,-781.7,110.0,-0.0414,0.0,-781.7,110.0,-0.0414,1.0,0.0,0.0,0.0,0.0
22,240.88,789.25,776.0,780.2,-9.05,68.3019,0.1656,0.0,-789.25,110.0,-0.0414,0.0,-789.25,110.0,-0.0414,1.0,0.0,0.0,0.0,0.0
23,241.28,770.8,792.2,783.7,12.9,60.2804,0.2198,0.0,-770.8,0.0,6.8165,0.0,-770.8,0.0,6.8165,1.0,0.0,0.0,0.0,0.0
24,241.69,792.35,775.7,765.0,-27.35,110.0,-0.0414,0.0,-792.35,110.0,-0.0414,0.0,-792.35,110.0,-0.0414,1.0,0.0,0.0,0.0,0.0
25,242.09,790.1,765.4,776.65,-13.45,54.4534,0.264,0.0,-790.1,110.0,-0.0414,0.0,-790.1,110.0,-0.0414,1.0,0.0,0.0,0.0,0.0
26,242.5,790.45,781.45,794.95,4.5,0.0,6.8165,0.0,-790.45,110.0,-0.0414,0.0,-790.45,110.0,-0.0414,1.0,0.0,0.0,0.0,0.0
27,242.9,786.45,787.95,771.2,-15.25,0.0,6.8165,0.0,-786.45,110.0,-0.0414,0.0,-786.45,110.0,-0.0414,1.0,0.0,0.0,0.0,0.0
28,243.3,788.4,786.5,776.15,-12.25,110.0,-0.0414,0.0,-788.4,110.0,-0.0414,0.0,-788.4,110.0,-0.0414,1.0,0.0,0.0,0.0,0.0
29,243.71,791.3,778.95,770.0,-21.3,110.0,-0.0414,0.0,-791.3,110.0,-0.0414,0.0,-791.3,110.0,-0.0414,1.0,0.0,0.0,0.0,0.0
30,244.11,785.55,782.85,772.7,-12.85,110.0,-0.0414,0.0,-785.55,110.0,-0.0414,0.0,-785.55,110.0,-0.0414,1.0,0.0,0.0,0.0,0.0
31,244.52,786.7,777.15,771.95,-14.75,110.0,-0.0414,0.0,-786.7,110.0,-0.0414,0.0,-786.7,110.0,-0.0414,1.0,0.0,0.0,0.0,0.0
32,244.92,791.0,769.3,761.85,-29.15,110.0,-0.0414,0.0,-791.0,110.0,-0.0414,0.0,-791.0,110.0,-0.0414,1.0,0.0,0.0,0.0,0.0
33,245.33,788.9,782.85,765.35,-23.55,110.0,-0.0414,0.0,-788.9,0.0,6.8165,0.0,-788.9,0.0,6.8165,1.0,0.0,0.0,0.0,0.0
34,245.73,769.8,762.9,762.8,-7.0,101.4493,-0.0062,0.0,-769.8,0.0,6.8165,0.0,-769.8,0.0,6.8165,1.0,0.0,0.0,0.0,0.0
35,246.13,778.15,791.4,757.1,-21.05,0.0,6.8165,0.0,-778.15,0.0,6.8165,0.0,-778.15,0.0,6.8165,1.0,0.0,0.0,0.0,0.0
36,246.54,796.3,854.7,777.9,-18.4,0.0,6.8165,0.0,-796.3,0.0,6.8165,0.0,-796.3,0.0,6.8165,1.0,0.0,0.0,0.0,0.0
37,246.94,783.05,842.4,779.75,-3.3,0.0,6.8165,0.0,-783.05,0.0,6.8165,0.0,-783.05,0.0,6.8165,1.0,0.0,0.0,0.0,0.0
38,247.35,783.4,852.25,778.5,-4.9,0.0,6.8165,0.0,-783.4,0.0,6.8165,0.0,-783.4,0.0,6.8165,1.0,0.0,0.0,0.0,0.0
39,247.75,786.45,860.8,784.35,-2.1,0.0,6.8165,0.0,-786.45,0.0,6.8165,0.0,-786.45,0.0,6.8165,1.0,0.0,0.0,0.0,0.0
40,248.15,784.7,857.45,776.8,-7.9,0.0,6.8165,0.0,-784.7,0.0,6.8165,0.0,-784.7,0.0,6.8165,1.0,0.0,0.0,0.0,0.0
41,248.56,797.0,868.95,785.9,-11.1,0.0,6.8165,0.0,-797.0,0.0,6.8165,0.0,-797.0,0.0,6.8165,1.0,0.0,0.0,0.0,0.0
42,248.96,791.6,841.65,769.75,-21.85,0.0,6.8165,0.0,-791.6,0.0,6.8165,0.0,-791.6,0.0,6.8165,1.0,0.0,0.0,0.0,0.0
43,249.36,792.55,852.15,769.75,-22.8,0.0,6.8165,0.0,-792.55,0.0,6.8165,0.0,-792.55,0.0,6.8165,1.0,0.0,0.0,0.0,0.0
44,249.77,775.25,841.25,765.15,-10.1,0.0,6.8165,0.0,-775.25,0.0,6.8165,0.0,-775.25,0.0,6.8165,1.0,0.0,0.0,0.0,0.0
45,250.17,791.15,856.3,782.95,-8.2,0.0,6.8165,0.0,-791.15,0.0,6.8165,0.0,-791.15,0.0,6.8165,1.0,0.0,0.0,0.0,0.0
46,250.57,788.25,848.6,774.1,-14.15,0.0,6.8165,0.0,-788.25,0.0,6.8165,0.0,-788.25,0.0,6.8165,1.0,0.0,0.0,0.0,0.0
47,250.97,787.55,854.25,762.75,-24.8,0.0,6.8165,0.0,-787.55,0.0,6.8165,0.0,-787.55,0.0,6.8165,1.0,0.0,0.0,0.0,0.0
48,251.38,787.1,845.05,771.4,-15.7,0.0,6.8165,0.0,-787.1,0.0,6.8165,0.0,-787.1,0.0,6.8165,1.0,0.0,0.0,0.0,0.0
49,251.78,791.0,860.6,783.7,-7.3,0.0,6.8165,0.0,-791.0,0.0,6.8165,0.0,-791.0,0.0,6.8165,1.0,0.0,0.0,0.0,0.0
50,252.18,780.65,866.7,782.7,2.05,2.3823,1.623,0.0,-780.65,0.0,6.8165,0.0,-780.65,0.0,6.8165,1.0,0.0,0.0,0.0,0.0
51,252.59,780.0,852.75,790.1,10.1,13.8832,0.8575,0.0,-780.0,0.0,6.8165,0.0,-780.0,0.0,6.8165,1.0,0.0,0.0,0.0,0.0
52,252.99,783.45,862.85,774.6,-8.85,0.0,6.8165,0.0,-783.45,0.0,6.8165,0.0,-783.45,0.0,6.8165,1.0,0.0,0.0,0.0,0.0
53,253.39,780.7,854.45,775.4,-5.3,0.0,6.8165,0.0,-780.7,0.0,6.8165,0.0,-780.7,0.0,6.8165,1.0,0.0,0.0,0.0,0.0
54,253.79,784.9,857.7,763.55,-21.35,0.0,6.8165,0.0,-784.9,0.0,6.8165,0.0,-784.9,0.0,6.8165,1.0,0.0,0.0,0.0,0.0
55,254.2,780.95,862.9,773.55,-7.4,0.0,6.8165,0.0,-780.95,0.0,6.8165,0.0,-780.95,0.0,6.8165,1.0,0.0,0.0,0.0,0.0
56,254.6,787.2,854.3,771.0,-16.2,0.0,6.8165,0.0,-787.2,0.0,6.8165,0.0,-787.2,0.0,6.8165,1.0,0.0,0.0,0.0,0.0
57,255.0,784.4,859.85,772.2,-12.2,0.0,6.8165,0.0,-784.4,0.0,6.8165,0.0,-784.4,0.0,6.8165,1.0,0.0,0.0,0.0,0.0
58,255.4,794.15,870.55,785.35,-8.8,0.0,6.8165,0.0,-794.15,0.0,6.8165,0.0,-794.15,0.0,6.8165,1.0,0.0,0.0,0.0,0.0
59,255.8,797.5,849.8,781.45,-16.05,0.0,6.8165,0.0,-797.5,0.0,6.8165,0.0,-797.5,0.0,6.8165,1.0,0.0,0.0,0.0,0.0
60,256.2,805.65,840.15,782.85,-22.8,0.0,6.8165,0.0,-805.65,0.0,6.8165,0.0,-805.65,0.0,6.8165,1.0,0.0,0.0,0.0,0.0
61,256.61,793.5,862.5,787.75,-5.75,0.0,6.8165,0.0,-793.5,0.0,6.8165,0.0,-793.5,0.0,6.8165,1.0,0.0,0.0,0.0,0.0
62,257.01,789.55,868.4,772.05,-17.5,0.0,6.8165,0.0,-789.55,0.0,6.8165,0.0,-789.55,0.0,6.8165,1.0,0.0,0.0,0.0,0.0
63,257.41,787.9,850.75,779.6,-8.3,0.0,6.8165,0.0,-787.9,0.0,6.8165,0.0,-787.9,0.0,6.8165,1.0,0.0,0.0,0.0,0.0
64,257.81,799.65,860.7,786.55,-13.1,0.0,6.8165,0.0,-799.65,0.0,6.8165,0.0,-799.65,0.0,6.8165,1.0,0.0,0.0,0.0,0.0
65,258.21,790.35,859.15,771.6,-18.75,0.0,6.8165,0.0,-790.35,0.0,6.8165,0.0,-790.35,0.0,6.8165,1.0,0.0,0.0,0.0,0.0
66,258.61,765.85,850.75,781.2,15.35,18.0801,0.7428,0.0,-765.85,0.0,6.8165,0.0,-765.85,0.0,6.8165,1.0,0.0,0.0,0.0,0.0
67,259.01,790.8,852.1,765.4,-25.4,0.0,6.8165,0.0,-790.8,0.0,6.8165,0.0,-790.8,0.0,6.8165,1.0,0.0,0.0,0.0,0.0
68,259.42,784.45,866.55,776.65,-7.8,0.0,6.8165,0.0,-784.45,0.0,6.8165,0.0,-784.45,0.0,6.8165,1.0,0.0,0.0,0.0,0.0
69,259.82,794.55,852.55,767.15,-27.4,0.0,6.8165,0.0,-794.55,0.0,6.8165,0.0,-794.55,0.0,6.8165,1.0,0.0,0.0,0.0,0.0
70,260.22,803.15,859.9,770.35,-32.8,0.0,6.8165,0.0,-803.15,0.0,6.8165,0.0,-803.15,0.0,6.8165,1.0,0.0,0.0,0.0,0.0
71,260.62,784.7,858.65,776.6,-8.1,0.0,6.8165,0.0,-784.7,0.0,6.8165,0.0,-784.7,0.0,6.8165,1.0,0.0,0.0,0.0,0.0
72,261.02,791.5,847.55,769.45,-22.05,0.0,6.8165,0.0,-791.5,0.0,6.8165,0.0,-791.5,0.0,6.8165,1.0,0.0,0.0,0.0,0.0
73,261.42,798.45,867.4,762.9,-35.55,0.0,6.8165,0.0,-798.45,0.0,6.8165,0.0,-798.45,0.0,6.8165,1.0,0.0,0.0,0.0,0.0
74,261.82,780.95,850.0,777.15,-3.8,0.0,6.8165,0.0,-780.95,0.0,6.8165,0.0,-780.95,0.0,6.8165,1.0,0.0,0.0,0.0,0.0
75,262.22,781.65,864.3,780.6,-1.05,0.0,6.8165,0.0,-781.65,0.0,6.8165,0.0,-781.65,0.0,6.8165,1.0,0.0,0.0,0.0,0.0
76,262.62,794.1,841.05,768.35,-25.75,0.0,6.8165,0.0,-794.1,0.0,6.8165,0.0,-794.1,0.0,6.8165,1.0,0.0,0.0,0.0,0.0
77,263.02,791.0,852.7,772.45,-18.55,0.0,6.8165,0.0,-791.0,0.0,6.8165,0.0,-791.0,0.0,6.8165,1.0,0.0,0.0,0.0,0.0
78,263.42,792.75,851.0,783.45,-9.3,0.0,6.8165,0.0,-792.75,0.0,6.8165,0.0,-792.75,0.0,6.8165,1.0,0.0,0.0,0.0,0.0
79,263.82,803.75,865.35,786.1,-17.65,0.0,6.8165,0.0,-803.75,0.0,6.8165,0.0,-803.75,0.0,6.8165,1.0,0.0,0.0,0.0,0.0
80,264.22,790.95,870.0,778.05,-12.9,0.0,6.8165,0.0,-790.95,0.0,6.8165,0.0,-790.95,0.0,6.8165,1.0,0.0,0.0,0.0,0.0
81,264.62,789.0,879.95,785.25,-3.75,0.0,6.8165,0.0,-789.0,0.0,6.8165,0.0,-789.0,0.0,6.8165,1.0,0.0,0.0,0.0,0.0
82,265.02,789.85,858.75,782.5,-7.35,0.0,6.8165,0.0,-789.85,0.0,6.8165,0.0,-789.85,0.0,6.8165,1.0,0.0,0.0,0.0,0.0
83,265.42,784.05,862.1,782.15,-1.9,0.0,6.8165,0.0,-784.05,0.0,6.8165,0.0,-784.05,0.0,6.8165,1.0,0.0,0.0,0.0,0.0
84,265.82,773.95,856.65,786.1,12.15,14.6917,0.8329,0.0,-773.95,0.0,6.8165,0.0,-773.95,0.0,6.8165,1.0,0.0,0.0,0.0,0.0
85,266.22,784.25,871.75,777.6,-6.65,0.0,6.8165,0.0,-784.25,0.0,6.8165,0.0,-784.25,0.0,6.8165,1.0,0.0,0.0,0.0,0.0
86,266.62,790.4,874.7,780.75,-9.65,0.0,6.8165,0.0,-790.4,0.0,6.8165,0.0,-790.4,0.0,6.8165,1.0,0.0,0.0,0.0,0.0
87,267.02,782.75,853.9,767.2,-15.55,0.0,6.8165,0.0,-782.75,0.0,6.8165,0.0,-782.75,0.0,6.8165,1.0,0.0,0.0,0.0,0.0
88,267.42,786.6,856.5,771.55,-15.05,0.0,6.8165,0.0,-786.6,0.0,6.8165,0.0,-786.6,0.0,6.8165,1.0,0.0,0.0,0.0,0.0
89,267.82,782.75,849.2,772.8,-9.95,0.0,6.8165,0.0,-782.75,0.0,6.8165,0.0,-782.75,0.0,6.8165,1.0,0.0,0.0,0.0,0.0
90,268.22,795.9,858.75,764.65,-31.25,0.0,6.8165,0.0,-795.9,0.0,6.8165,0.0,-795.9,0.0,6.8165,1.0,0.0,0.0,0.0,0.0
91,268.62,778.65,861.65,779.05,0.4,0.4819,2.317,0.0,-778.65,0.0,6.8165,0.0,-778.65,0.0,6.8165,1.0,0.0,0.0,0.0,0.0
92,269.01,787.8,863.35,772.4,-15.4,0.0,6.8165,0.0,-787.8,0.0,6.8165,0.0,-787.8,0.0,6.8165,1.0,0.0,0.0,0.0,0.0
93,269.41,769.2,885.45,777.75,8.55,7.3548,1.1334,0.0,-769.2,0.0,6.8165,0.0,-769.2,0.0,6.8165,1.0,0.0,0.0,0.0,0.0
94,269.81,791.55,870.85,781.0,-10.55,0.0,6.8165,0.0,-791.55,0.0,6.8165,0.0,-791.55,0.0,6.8165,1.0,0.0,0.0,0.0,0.0
95,270.21,795.05,858.1,782.55,-12.5,0.0,6.8165,0.0,-795.05,0.0,6.8165,0.0,-795.05,0.0,6.8165,1.0,0.0,0.0,0.0,0.0
96,270.61,788.35,873.5,775.05,-13.3,0.0,6.8165,0.0,-788.35,0.0,6.8165,0.0,-788.35,0.0,6.8165,1.0,0.0,0.0,0.0,0.0
97,271.01,800.5,863.5,777.05,-23.45,0.0,6.8165,0.0,-800.5,0.0,6.8165,0.0,-800.5,0.0,6.8165,1.0,0.0,0.0,0.0,0.0
98,271.41,782.9,875.9,765.95,-16.95,0.0,6.8165,0.0,-782.9,0.0,6.8165,0.0,-782.9,0.0,6.8165,1.0,0.0,0.0,0.0,0.0
99,271.81,785.65,858.45,765.0,-20.65,0.0,6.8165,0.0,-785.65,0.0,6.8165,0.0,-785.65,0.0,6.8165,1.0,0.0,0.0,0.0,0.0
100,272.2,797.05,860.85,780.5,-16.55,0.0,6.8165,0.0,-797.05,0.0,6.8165,0.0,-797.05,0.0,6.8165,1.0,0.0,0.0,0.0,0.0
101,272.6,779.25,863.35,776.55,-2.7,0.0,6.8165,0.0,-779.25,0.0,6.8165,0.0,-779.25,0.0,6.8165,1.0,0.0,0.0,0.0,0.0
102,273.0,800.4,859.3,792.8,-7.6,0.0,6.8165,0.0,-800.4,0.0,6.8165,0.0,-800.4,0.0,6.8165,1.0,0.0,0.0,0.0,0.0
103,273.4,790.75,869.0,784.1,-6.65,0.0,6.8165,0.0,-790.75,0.0,6.8165,0.0,-790.75,0.0,6.8165,1.0,0.0,0.0,0.0,0.0
104,273.8,770.9,859.65,773.95,3.05,3.4366,1.4639,0.0,-770.9,0.0,6.8165,0.0,-770.9,0.0,6.8165,1.0,0.0,0.0,0.0,0.0
105,274.19,785.0,861.3,775.6,-9.4,0.0,6.8165,0.0,-785.0,0.0,6.8165,0.0,-785.0,0.0,6.8165,1.0,0.0,0.0,0.0,0.0
106,274.59,791.9,854.15,775.9,-16.0,0.0,6.8165,0.0,-791.9,0.0,6.8165,0.0,-791.9,0.0,6.8165,1.0,0.0,0.0,0.0,0.0
107,274.99,800.4,871.5,779.8,-20.6,0.0,6.8165,0.0,-800.4,0.0,6.8165,0.0,-800.4,0.0,6.8165,1.0,0.0,0.0,0.0,0.0
108,275.39,788.4,860.75,790.6,2.2,3.0408,1.517,0.0,-788.4,0.0,6.8165,0.0,-788.4,0.0,6.8165,1.0,0.0,0.0,0.0,0.0
109,275.78,764.35,875.4,787.05,22.7,20.4412,0.6895,0.0,-764.35,0.0,6.8165,0.0,-764.35,0.0,6.8165,1.0,0.0,0.0,0.0,0.0
110,276.18,775.9,870.6,785.1,9.2,9.7149,1.0126,0.0,-775.9,0.0,6.8165,0.0,-775.9,0.0,6.8165,1.0,0.0,0.0,0.0,0.0
111,276.58,780.95,873.65,774.75,-6.2,0.0,6.8165,0.0,-780.95,0.0,6.8165,0.0,-780.95,0.0,6.8165,1.0,0.0,0.0,0.0,0.0
112,276.98,782.4,868.85,774.85,-7.55,0.0,6.8165,0.0,-782.4,0.0,6.8165,0.0,-782.4,0.0,6.8165,1.0,0.0,0.0,0.0,0.0
113,277.37,789.15,873.45,790.6,1.45,1.72,1.7645,0.0,-789.15,0.0,6.8165,0.0,-789.15,0.0,6.8165,1.0,0.0,0.0,0.0,0.0
114,277.77,783.5,875.4,784.75,1.25,1.3602,1.8664,0.0,-783.5,0.0,6.8165,0.0,-783.5,0.0,6.8165,1.0,0.0,0.0,0.0,0.0
115,278.17,785.75,865.55,770.95,-14.8,0.0,6.8165,0.0,-785.75,0.0,6.8165,0.0,-785.75,0.0,6.8165,1.0,0.0,0.0,0.0,0.0
116,278.56,782.45,860.6,775.3,-7.15,0.0,6.8165,0.0,-782.45,0.0,6.8165,0.0,-782.45,0.0,6.8165,1.0,0.0,0.0,0.0,0.0
117,278.96,797.5,869.8,774.95,-22.55,0.0,6.8165,0.0,-797.5,0.0,6.8165,0.0,-797.5,0.0,6.8165,1.0,0.0,0.0,0.0,0.0
118,279.36,788.75,864.9,787.15,-1.6,0.0,6.8165,0.0,-788.75,0.0,6.8165,0.0,-788.75,0.0,6.8165,1.0,0.0,0.0,0.0,0.0
119,279.75,792.7,868.1,768.85,-23.85,0.0,6.8165,0.0,-792.7,0.0,6.8165,0.0,-792.7,0.0,6.8165,1.0,0.0,0.0,0.0,0.0
120,280.15,799.05,879.35,792.35,-6.7,0.0,6.8165,0.0,-799.05,0.0,6.8165,0.0,-799.05,0.0,6.8165,1.0,0.0,0.0,0.0,0.0
121,280.55,769.3,878.15,772.85,3.55,3.2614,1.4866,0.0,-769.3,0.0,6.8165,0.0,-769.3,0.0,6.8165,1.0,0.0,0.0,0.0,0.0
122,280.94,785.5,894.9,797.55,12.05,11.0146,0.958,0.0,-785.5,0.0,6.8165,0.0,-785.5,0.0,6.8165,1.0,0.0,0.0,0.0,0.0
123,281.34,772.85,869.4,777.9,5.05,5.2305,1.2815,0.0,-772.85,0.0,6.8165,0.0,-772.85,0.0,6.8165,1.0,0.0,0.0,0.0,0.0
124,281.73,787.35,877.1,786.65,-0.7,0.0,6.8165,0.0,-787.35,0.0,6.8165,0.0,-787.35,0.0,6.8165,1.0,0.0,0.0,0.0,0.0
125,282.13,794.6,889.85,787.95,-6.65,0.0,6.8165,0.0,-794.6,0.0,6.8165,0.0,-794.6,0.0,6.8165,1.0,0.0,0.0,0.0,0.0
126,282.53,786.05,886.25,786.25,0.2,0.1996,2.6998,0.0,-786.05,0.0,6.8165,0.0,-786.05,0.0,6.8165,1.0,0.0,0.0,0.0,0.0
127,282.92,782.05,880.4,796.55,14.5,14.7433,0.8314,0.0,-782.05,0.0,6.8165,0.0,-782.05,0.0,6.8165,1.0,0.0,0.0,0.0,0.0
128,283.32,786.45,880.0,788.9,2.45,2.6189,1.5819,0.0,-786.45,0.0,6.8165,0.0,-786.45,0.0,6.8165,1.0,0.0,0.0,0.0,0.0
129,283.71,782.6,886.35,787.05,4.45,4.2892,1.3676,0.0,-782.6,0.0,6.8165,0.0,-782.6,0.0,6.8165,1.0,0.0,0.0,0.0,0.0
130,284.11,792.45,886.65,779.75,-12.7,0.0,6.8165,0.0,-792.45,0.0,6.8165,0.0,-792.45,0.0,6.8165,1.0,0.0,0.0,0.0,0.0
131,284.5,795.35,896.7,791.4,-3.95,0.0,6.8165,0.0,-795.35,0.0,6.8165,0.0,-795.35,0.0,6.8165,1.0,0.0,0.0,0.0,0.0
132,284.9,787.95,892.3,785.0,-2.95,0.0,6.8165,0.0,-787.95,0.0,6.8165,0.0,-787.95,0.0,6.8165,1.0,0.0,0.0,0.0,0.0
133,285.3,783.65,877.1,778.65,-5.0,0.0,6.8165,0.0,-783.65,0.0,6.8165,0.0,-783.65,0.0,6.8165,1.0,0.0,0.0,0.0,0.0
134,285.69,779.8,881.5,792.4,12.6,12.3894,0.907,0.0,-779.8,0.0,6.8165,0.0,-779.8,0.0,6.8165,1.0,0.0,0.0,0.0,0.0
135,286.09,798.8,893.45,797.2,-1.6,0.0,6.8165,0.0,-798.8,0.0,6.8165,0.0,-798.8,0.0,6.8165,1.0,0.0,0.0,0.0,0.0
136,286.48,779.45,897.2,798.05,18.6,15.7962,0.8014,0.0,-779.45,0.0,6.8165,0.0,-779.45,0.0,6.8165,1.0,0.0,0.0,0.0,0.0
137,286.88,785.25,880.25,793.6,8.35,8.7895,1.056,0.0,-785.25,0.0,6.8165,0.0,-785.25,0.0,6.8165,1.0,0.0,0.0,0.0,0.0
138,287.27,800.95,894.45,795.3,-5.65,0.0,6.8165,0.0,-800.95,0.0,6.8165,0.0,-800.95,0.0,6.8165,1.0,0.0,0.0,0.0,0.0
139,287.67,778.1,897.25,789.05,10.95,9.1901,1.0367,0.0,-778.1,0.0,6.8165,0.0,-778.1,0.0,6.8165,1.0,0.0,0.0,0.0,0.0
140,288.06,777.5,894.4,780.85,3.35,2.8657,1.5428,0.0,-777.5,0.0,6.8165,0.0,-777.5,0.0,6.8165,1.0,0.0,0.0,0.0,0.0
141,288.46,783.35,880.1,787.8,4.45,4.5995,1.3373,0.0,-783.35,0.0,6.8165,0.0,-783.35,0.0,6.8165,1.0,0.0,0.0,0.0,0.0
142,288.85,783.5,896.45,798.85,15.35,13.5901,0.8668,0.0,-783.5,0.0,6.8165,0.0,-783.5,0.0,6.8165,1.0,0.0,0.0,0.0,0.0
143,289.24,786.9,902.25,787.1,0.2,0.1734,2.761,0.0,-786.9,0.0,6.8165,0.0,-786.9,0.0,6.8165,1.0,0.0,0.0,0.0,0.0
144,289.64,779.05,905.4,801.5,22.45,17.7681,0.7504,0.0,-779.05,0.0,6.8165,0.0,-779.05,0.0,6.8165,1.0,0.0,0.0,0.0,0.0
145,290.03,789.5,900.5,781.7,-7.8,0.0,6.8165,0.0,-789.5,0.0,6.8165,0.0,-789.5,0.0,6.8165,1.0,0.0,0.0,0.0,0.0
146,290.43,784.55,901.35,780.0,-4.55,0.0,6.8165,0.0,-784.55,0.0,6.8165,0.0,-784.55,0.0,6.8165,1.0,0.0,0.0,0.0,0.0
147,290.82,782.2,904.1,796.65,14.45,11.854,0.9261,0.0,-782.2,0.0,6.8165,0.0,-782.2,0.0,6.8165,1.0,0.0,0.0,0.0,0.0
148,291.21,793.6,908.3,796.0,2.4,2.0924,1.6794,0.0,-793.6,0.0,6.8165,0.0,-793.6,0.0,6.8165,1.0,0.0,0.0,0.0,0.0
149,291.61,785.2,915.25,779.75,-5.45,0.0,6.8165,0.0,-785.2,0.0,6.8165,0.0,-785.2,0.0,6.8165,1.0,0.0,0.0,0.0,0.0
150,292.0,793.35,903.8,803.7,10.35,9.3708,1.0282,0.0,-793.35,0.0,6.8165,0.0,-793.35,0.0,6.8165,1.0,0.0,0.0,0.0,0.0
151,292.4,786.95,899.85,800.25,13.3,11.7803,0.9288,0.0,-786.95,0.0,6.8165,0.0,-786.95,0.0,6.8165,1.0,0.0,0.0,0.0,0.0
152,292.79,793.65,907.55,783.0,-10.65,0.0,6.8165,0.0,-793.65,0.0,6.8165,0.0,-793.65,0.0,6.8165,1.0,0.0,0.0,0.0,0.0
153,293.18,786.45,907.05,787.15,0.7,0.5804,2.2362,0.0,-786.45,0.0,6.8165,0.0,-786.45,0.0,6.8165,1.0,0.0,0.0,0.0,0.0
154,293.58,776.15,910.25,782.4,6.25,4.6607,1.3315,0.0,-776.15,0.0,6.8165,0.0,-776.15,0.0,6.8165,1.0,0.0,0.0,0.0,0.0
155,293.97,788.6,895.2,786.5,-2.1,0.0,6.8165,0.0,-788.6,0.0,6.8165,0.0,-788.6,0.0,6.8165,1.0,0.0,0.0,0.0,0.0
156,294.36,785.55,921.8,784.6,-0.95,0.0,6.8165,0.0,-785.55,0.0,6.8165,0.0,-785.55,0.0,6.8165,1.0,0.0,0.0,0.0,0.0
157,294.76,790.6,914.05,779.05,-11.55,0.0,6.8165,0.0,-790.6,0.0,6.8165,0.0,-790.6,0.0,6.8165,1.0,0.0,0.0,0.0,0.0
158,295.15,770.45,901.85,785.25,14.8,11.2633,0.9483,0.0,-770.45,0.0,6.8165,0.0,-770.45,0.0,6.8165,1.0,0.0,0.0,0.0,0.0
159,295.54,794.4,909.2,794.7,0.3,0.2613,2.5828,0.0,-794.4,0.0,6.8165,0.0,-794.4,0.0,6.8165,1.0,0.0,0.0,0.0,0.0
160,295.94,790.45,894.25,778.6,-11.85,0.0,6.8165,0.0,-790.45,0.0,6.8165,0.0,-790.45,0.0,6.8165,1.0,0.0,0.0,0.0,0.0
161,296.33,789.0,912.15,781.35,-7.65,0.0,6.8165,0.0,-789.0,0.0,6.8165,0.0,-789.0,0.0,6.8165,1.0,0.0,0.0,0.0,0.0
162,296.72,788.65,909.6,792.15,3.5,2.8938,1.5385,0.0,-788.65,0.0,6.8165,0.0,-788.65,0.0,6.8165,1.0,0.0,0.0,0.0,0.0
163,297.11,789.0,915.2,803.8,14.8,11.7274,0.9308,0.0,-789.0,0.0,6.8165,0.0,-789.0,0.0,6.8165,1.0,0.0,0.0,0.0,0.0
164,297.51,778.95,904.1,792.6,13.65,10.9069,0.9623,0.0,-778.95,0.0,6.8165,0.0,-778.95,0.0,6.8165,1.0,0.0,0.0,0.0,0.0
165,297.9,796.95,911.25,789.55,-7.4,0.0,6.8165,0.0,-796.95,0.0,6.8165,0.0,-796.95,0.0,6.8165,1.0,0.0,0.0,0.0,0.0
166,298.29,801.25,917.75,784.0,-17.25,0.0,6.8165,0.0,-801.25,0.0,6.8165,0.0,-801.25,0.0,6.8165,1.0,0.0,0.0,0.0,0.0
167,298.68,786.7,928.9,795.9,9.2,6.4698,1.1891,0.0,-786.7,0.0,6.8165,0.0,-786.7,0.0,6.8165,1.0,0.0,0.0,0.0,0.0
168,299.08,789.95,920.9,791.8,1.85,1.4128,1.8499,0.0,-789.95,0.0,6.8165,0.0,-789.95,0.0,6.8165,1.0,0.0,0.0,0.0,0.0
169,299.47,781.75,914.55,794.15,12.4,9.3373,1.0298,0.0,-781.75,0.0,6.8165,0.0,-781.75,0.0,6.8165,1.0,0.0,0.0,0.0,0.0
170,299.86,768.05,919.05,793.2,25.15,16.6556,0.7784,0.0,-768.05,0.0,6.8165,0.0,-768.05,0.0,6.8165,1.0,0.0,0.0,0.0,0.0
171,300.25,797.35,909.05,791.5,-5.85,0.0,6.8165,0.0,-797.35,0.0,6.8165,0.0,-797.35,0.0,6.8165,1.0,0.0,0.0,0.0,0.0
172,300.64,775.65,914.75,789.6,13.95,10.0288,0.9988,0.0,-775.65,0.0,6.8165,0.0,-775.65,0.0,6.8165,1.0,0.0,0.0,0.0,0.0
173,301.04,787.1,918.35,779.1,-8.0,0.0,6.8165,0.0,-787.1,0.0,6.8165,0.0,-787.1,0.0,6.8165,1.0,0.0,0.0,0.0,0.0
174,301.43,782.85,905.6,795.05,12.2,9.9389,1.0027,0.0,-782.85,0.0,6.8165,0.0,-782.85,0.0,6.8165,1.0,0.0,0.0,0.0,0.0
175,301.82,778.4,924.25,807.3,28.9,19.8149,0.703,0.0,-778.4,0.0,6.8165,0.0,-778.4,0.0,6.8165,1.0,0.0,0.0,0.0,0.0
176,302.21,768.15,909.5,780.65,12.5,8.8433,1.0534,0.0,-768.15,0.0,6.8165,0.0,-768.15,0.0,6.8165,1.0,0.0,0.0,0.0,0.0
177,302.6,781.8,908.45,797.65,15.85,12.5148,0.9026,0.0,-781.8,0.0,6.8165,0.0,-781.8,0.0,6.8165,1.0,0.0,0.0,0.0,0.0
178,302.99,781.0,916.4,786.7,5.7,4.2097,1.3757,0.0,-781.0,0.0,6.8165,0.0,-781.0,0.0,6.8165,1.0,0.0,0.0,0.0,0.0
179,303.38,778.15,929.75,780.35,2.2,1.4512,1.8383,0.0,-778.15,0.0,6.8165,0.0,-778.15,0.0,6.8165,1.0,0.0,0.0,0.0,0.0
180,303.78,797.05,927.25,791.85,-5.2,0.0,6.8165,0.0,-797.05,0.0,6.8165,0.0,-797.05,0.0,6.8165,1.0,0.0,0.0,0.0,0.0
181,304.17,776.05,917.15,772.3,-3.75,0.0,6.8165,0.0,-776.05,0.0,6.8165,0.0,-776.05,0.0,6.8165,1.0,0.0,0.0,0.0,0.0
182,304.56,782.3,912.5,801.65,19.35,14.8618,0.8279,0.0,-782.3,0.0,6.8165,0.0,-782.3,0.0,6.8165,1.0,0.0,0.0,0.0,0.0
183,304.95,781.15,926.5,785.15,4.0,2.752,1.5604,0.0,-781.15,0.0,6.8165,0.0,-781.15,0.0,6.8165,1.0,0.0,0.0,0.0,0.0
184,305.34,794.25,919.15,790.8,-3.45,0.0,6.8165,0.0,-794.25,0.0,6.8165,0.0,-794.25,0.0,6.8165,1.0,0.0,0.0,0.0,0.0
185,305.73,789.65,926.75,782.8,-6.85,0.0,6.8165,0.0,-789.65,0.0,6.8165,0.0,-789.65,0.0,6.8165,1.0,0.0,0.0,0.0,0.0
186,306.12,781.2,923.95,792.65,11.45,8.021,1.0958,0.0,-781.2,0.0,6.8165,0.0,-781.2,0.0,6.8165,1.0,0.0,0.0,0.0,0.0
187,306.51,787.35,928.35,804.9,17.55,12.4468,0.9049,0.0,-787.35,0.0,6.8165,0.0,-787.35,0.0,6.8165,1.0,0.0,0.0,0.0,0.0
188,306.9,788.55,915.9,803.95,15.4,12.0927,0.9175,0.0,-788.55,0.0,6.8165,0.0,-788.55,0.0,6.8165,1.0,0.0,0.0,0.0,0.0
189,307.29,806.1,915.1,784.8,-21.3,0.0,6.8165,0.0,-806.1,0.0,6.8165,0.0,-806.1,0.0,6.8165,1.0,0.0,0.0,0.0,0.0
190,307.68,785.55,915.3,792.15,6.6,5.0867,1.2936,0.0,-785.55,0.0,6.8165,0.0,-785.55,0.0,6.8165,1.0,0.0,0.0,0.0,0.0
191,308.07,782.85,918.55,786.0,3.15,2.3213,1.6343,0.0,-782.85,0.0,6.8165,0.0,-782.85,0.0,6.8165,1.0,0.0,0.0,0.0,0.0
192,308.46,793.1,924.25,782.3,-10.8,0.0,6.8165,0.0,-793.1,0.0,6.8165,0.0,-793.1,0.0,6.8165,1.0,0.0,0.0,0.0,0.0
193,308.85,788.2,917.55,793.45,5.25,4.0588,1.3916,0.0,-788.2,0.0,6.8165,0.0,-788.2,0.0,6.8165,1.0,0.0,0.0,0.0,0.0
194,309.24,794.0,916.35,791.65,-2.35,0.0,6.8165,0.0,-794.0,0.0,6.8165,0.0,-794.0,0.0,6.8165,1.0,0.0,0.0,0.0,0.0
195,309.63,787.9,928.25,778.2,-9.7,0.0,6.8165,0.0,-787.9,0.0,6.8165,0.0,-787.9,0.0,6.8165,1.0,0.0,0.0,0.0,0.0
196,310.02,779.8,935.0,788.05,8.25,5.3157,1.2744,0.0,-779.8,0.0,6.8165,0.0,-779.8,0.0,6.8165,1.0,0.0,0.0,0.0,0.0
197,310.41,790.05,926.2,782.9,-7.15,0.0,6.8165,0.0,-790.05,0.0,6.8165,0.0,-790.05,0.0,6.8165,1.0,0.0,0.0,0.0,0.0
198,310.8,785.85,935.2,805.75,19.9,13.3244,0.8754,0.0,-785.85,0.0,6.8165,0.0,-785.85,0.0,6.8165,1.0,0.0,0.0,0.0,0.0
199,311.19,766.6,924.8,790.9,24.3,15.3603,0.8136,0.0,-766.6,0.0,6.8165,0.0,-766.6,0.0,6.8165,1.0,0.0,0.0,0.0,0.0
200,311.58,782.6,927.9,794.25,11.65,8.0179,1.0959,0.0,-782.6,0.0,6.8165,0.0,-782.6,0.0,6.8165,1.0,0.0,0.0,0.0,0.0
201,311.97,778.8,938.65,797.35,18.55,11.6046,0.9354,0.0,-778.8,0.0,6.8165,0.0,-778.8,0.0,6.8165,1.0,0.0,0.0,0.0,0.0
202,312.36,791.2,936.55,792.2,1.0,0.688,2.1624,0.0,-791.2,0.0,6.8165,0.0,-791.2,0.0,6.8165,1.0,0.0,0.0,0.0,0.0
203,312.75,779.1,926.35,792.25,13.15,8.9304,1.0491,0.0,-779.1,0.0,6.8165,0.0,-779.1,0.0,6.8165,1.0,0.0,0.0,0.0,0.0
204,313.14,784.85,921.85,789.85,5.0,3.6496,1.4378,0.0,-784.85,0.0,6.8165,0.0,-784.85,0.0,6.8165,1.0,0.0,0.0,0.0,0.0
205,313.53,768.6,941.1,791.4,22.8,13.2174,0.8789,0.0,-768.6,0.0,6.8165,0.0,-768.6,0.0,6.8165,1.0,0.0,0.0,0.0,0.0
206,313.91,788.75,922.85,792.45,3.7,2.7591,1.5592,0.0,-788.75,0.0,6.8165,0.0,-788.75,0.0,6.8165,1.0,0.0,0.0,0.0,0.0
207,314.3,782.15,938.1,785.1,2.95,1.8916,1.7232,0.0,-782.15,0.0,6.8165,0.0,-782.15,0.0,6.8165,1.0,0.0,0.0,0.0,0.0
208,314.69,788.8,922.0,786.4,-2.4,0.0,6.8165,0.0,-788.8,0.0,6.8165,0.0,-788.8,0.0,6.8165,1.0,0.0,0.0,0.0,0.0
209,315.08,790.05,938.5,799.3,9.25,6.2311,1.2054,0.0,-790.05,0.0,6.8165,0.0,-790.05,0.0,6.8165,1.0,0.0,0.0,0.0,0.0
210,315.47,800.5,934.35,788.85,-11.65,0.0,6.8165,0.0,-800.5,0.0,6.8165,0.0,-800.5,0.0,6.8165,1.0,0.0,0.0,0.0,0.0
211,315.86,781.5,924.8,788.5,7.0,4.8849,1.3111,0.0,-781.5,0.0,6.8165,0.0,-781.5,0.0,6.8165,1.0,0.0,0.0,0.0,0.0
212,316.25,781.4,944.2,785.15,3.75,2.3034,1.6376,0.0,-781.4,0.0,6.8165,0.0,-781.4,0.0,6.8165,1.0,0.0,0.0,0.0,0.0
213,316.63,789.95,927.85,801.1,11.15,8.0856,1.0923,0.0,-789.95,0.0,6.8165,0.0,-789.95,0.0,6.8165,1.0,0.0,0.0,0.0,0.0
214,317.02,784.35,937.55,783.4,-0.95,0.0,6.8165,0.0,-784.35,0.0,6.8165,0.0,-784.35,0.0,6.8165,1.0,0.0,0.0,0.0,0.0
215,317.41,774.5,944.0,780.75,6.25,3.6873,1.4333,0.0,-774.5,0.0,6.8165,0.0,-774.5,0.0,6.8165,1.0,0.0,0.0,0.0,0.0
216,317.8,784.5,938.8,797.75,13.25,8.5872,1.0662,0.0,-784.5,0.0,6.8165,0.0,-784.5,0.0,6.8165,1.0,0.0,0.0,0.0,0.0
217,318.19,782.6,924.05,805.2,22.6,15.9774,0.7965,0.0,-782.6,0.0,6.8165,0.0,-782.6,0.0,6.8165,1.0,0.0,0.0,0.0,0.0
218,318.57,780.2,926.3,802.8,22.6,15.4689,0.8105,0.0,-780.2,0.0,6.8165,0.0,-780.2,0.0,6.8165,1.0,0.0,0.0,0.0,0.0
219,318.96,804.75,931.4,791.6,-13.15,0.0,6.8165,0.0,-804.75,0.0,6.8165,0.0,-804.75,0.0,6.8165,1.0,0.0,0.0,0.0,0.0
220,319.35,803.15,950.3,774.35,-28.8,0.0,6.8165,0.0,-803.15,0.0,6.8165,0.0,-803.15,0.0,6.8165,1.0,0.0,0.0,0.0,0.0
221,319.74,786.25,950.7,790.5,4.25,2.5844,1.5876,0.0,-786.25,0.0,6.8165,0.0,-786.25,0.0,6.8165,1.0,0.0,0.0,0.0,0.0
222,320.12,774.0,947.6,779.7,5.7,3.2834,1.4837,0.0,-774.0,0.0,6.8165,0.0,-774.0,0.0,6.8165,1.0,0.0,0.0,0.0,0.0
223,320.51,779.6,943.45,793.7,14.1,8.6054,1.0652,0.0,-779.6,0.0,6.8165,0.0,-779.6,0.0,6.8165,1.0,0.0,0.0,0.0,0.0
224,320.9,783.4,925.85,793.8,10.4,7.3008,1.1366,0.0,-783.4,0.0,6.8165,0.0,-783.4,0.0,6.8165,1.0,0.0,0.0,0.0,0.0
225,321.28,785.45,946.25,785.65,0.2,0.1244,2.9053,0.0,-785.45,0.0,6.8165,0.0,-785.45,0.0,6.8165,1.0,0.0,0.0,0.0,0.0
226,321.67,778.1,941.95,787.3,9.2,5.6149,1.2507,0.0,-778.1,0.0,6.8165,0.0,-778.1,0.0,6.8165,1.0,0.0,0.0,0.0,0.0
227,322.06,786.9,942.35,790.15,3.25,2.0907,1.6797,0.0,-786.9,0.0,6.8165,0.0,-786.9,0.0,6.8165,1.0,0.0,0.0,0.0,0.0
228,322.45,769.25,950.8,780.55,11.3,6.2242,1.2059,0.0,-769.25,0.0,6.8165,0.0,-769.25,0.0,6.8165,1.0,0.0,0.0,0.0,0.0
229,322.83,766.65,928.05,780.05,13.4,8.3024,1.0808,0.0,-766.65,0.0,6.8165,0.0,-766.65,0.0,6.8165,1.0,0.0,0.0,0.0,0.0
230,323.22,794.45,942.05,800.0,5.55,3.7602,1.4248,0.0,-794.45,0.0,6.8165,0.0,-794.45,0.0,6.8165,1.0,0.0,0.0,0.0,0.0
231,323.61,784.35,929.55,793.6,9.25,6.3705,1.1958,0.0,-784.35,0.0,6.8165,0.0,-784.35,0.0,6.8165,1.0,0.0,0.0,0.0,0.0
232,323.99,794.0,945.85,790.5,-3.5,0.0,6.8165,0.0,-794.0,0.0,6.8165,0.0,-794.0,0.0,6.8165,1.0,0.0,0.0,0.0,0.0
233,324.38,780.2,953.45,797.35,17.15,9.899,1.0044,0.0,-780.2,0.0,6.8165,0.0,-780.2,0.0,6.8165,1.0,0.0,0.0,0.0,0.0
234,324.77,784.45,939.85,797.35,12.9,8.3012,1.0809,0.0,-784.45,0.0,6.8165,0.0,-784.45,0.0,6.8165,1.0,0.0,0.0,0.0,0.0
235,325.15,777.75,942.35,804.05,26.3,15.9781,0.7965,0.0,-777.75,0.0,6.8165,0.0,-777.75,0.0,6.8165,1.0,0.0,0.0,0.0,0.0
236,325.54,794.85,932.4,807.2,12.35,8.9786,1.0468,0.0,-794.85,0.0,6.8165,0.0,-794.85,0.0,6.8165,1.0,0.0,0.0,0.0,0.0
237,325.92,793.05,962.75,802.25,9.2,5.4213,1.2659,0.0,-793.05,0.0,6.8165,0.0,-793.05,0.0,6.8165,1.0,0.0,0.0,0.0,0.0
238,326.31,771.4,942.25,797.15,25.75,15.0717,0.8218,0.0,-771.4,0.0,6.8165,0.0,-771.4,0.0,6.8165,1.0,0.0,0.0,0.0,0.0
239,326.7,786.45,949.55,792.8,6.35,3.8933,1.4097,0.0,-786.45,0.0,6.8165,0.0,-786.45,0.0,6.8165,1.0,0.0,0.0,0.0,0.0
240,327.08,789.3,940.2,794.15,4.85,3.214,1.4929,0.0,-789.3,0.0,6.8165,0.0,-789.3,0.0,6.8165,1.0,0.0,0.0,0.0,0.0
241,327.47,775.0,944.35,794.15,19.15,11.3079,0.9466,0.0,-775.0,0.0,6.8165,0.0,-775.0,0.0,6.8165,1.0,0.0,0.0,0.0,0.0
242,327.85,782.8,942.8,791.6,8.8,5.5,1.2596,0.0,-782.8,0.0,6.8165,0.0,-782.8,0.0,6.8165,1.0,0.0,0.0,0.0,0.0
243,328.24,783.95,950.7,795.9,11.95,7.1664,1.1447,0.0,-783.95,0.0,6.8165,0.0,-783.95,0.0,6.8165,1.0,0.0,0.0,0.0,0.0
244,328.62,786.8,950.25,803.45,16.65,10.1866,0.992,0.0,-786.8,0.0,6.8165,0.0,-786.8,0.0,6.8165,1.0,0.0,0.0,0.0,0.0
245,329.01,782.95,963.2,801.75,18.8,10.43,0.9817,0.0,-782.95,0.0,6.8165,0.0,-782.95,0.0,6.8165,1.0,0.0,0.0,0.0,0.0
246,329.39,789.65,944.95,797.8,8.15,5.2479,1.28,0.0,-789.65,0.0,6.8165,0.0,-789.65,0.0,6.8165,1.0,0.0,0.0,0.0,0.0
247,329.78,781.3,946.25,795.35,14.05,8.5177,1.0697,0.0,-781.3,0.0,6.8165,0.0,-781.3,0.0,6.8165,1.0,0.0,0.0,0.0,0.0
248,330.16,793.15,951.8,800.1,6.95,4.3807,1.3585,0.0,-793.15,0.0,6.8165,0.0,-793.15,0.0,6.8165,1.0,0.0,0.0,0.0,0.0
249,330.55,773.4,951.05,788.0,14.6,8.2184,1.0852,0.0,-773.4,0.0,6.8165,0.0,-773.4,0.0,6.8165,1.0,0.0,0.0,0.0,0.0
250,330.93,797.1,964.2,796.35,-0.75,0.0,6.8165,0.0,-797.1,0.0,6.8165,0.0,-797.1,0.0,6.8165,1.0,0.0,0.0,0.0,0.0
251,331.32,796.9,949.1,790.05,-6.85,0.0,6.8165,0.0,-796.9,0.0,6.8165,0.0,-796.9,0.0,6.8165,1.0,0.0,0.0,0.0,0.0
252,331.7,796.3,962.4,790.7,-5.6,0.0,6.8165,0.0,-796.3,0.0,6.8165,0.0,-796.3,0.0,6.8165,1.0,0.0,0.0,0.0,0.0
253,332.09,778.25,964.35,792.35,14.1,7.5766,1.1205,0.0,-778.25,0.0,6.8165,0.0,-778.25,0.0,6.8165,1.0,0.0,0.0,0.0,0.0
254,332.47,792.85,970.3,802.3,9.45,5.3254,1.2736,0.0,-792.85,0.0,6.8165,0.0,-792.85,0.0,6.8165,1.0,0.0,0.0,0.0,0.0
255,332.86,783.2,947.55,793.2,10.0,6.0846,1.2158,0.0,-783.2,0.0,6.8165,0.0,-783.2,0.0,6.8165,1.0,0.0,0.0,0.0,0.0
256,333.24,787.7,966.1,796.95,9.25,5.185,1.2853,0.0,-787.7,0.0,6.8165,0.0,-787.7,0.0,6.8165,1.0,0.0,0.0,0.0,0.0
257,333.63,780.85,950.3,785.4,4.55,2.6852,1.571,0.0,-780.85,0.0,6.8165,0.0,-780.85,0.0,6.8165,1.0,0.0,0.0,0.0,0.0
258,334.01,786.4,951.6,789.35,2.95,1.7857,1.7482,0.0,-786.4,0.0,6.8165,0.0,-786.4,0.0,6.8165,1.0,0.0,0.0,0.0,0.0
259,334.39,774.55,965.3,793.6,19.05,9.9869,1.0006,0.0,-774.55,0.0,6.8165,0.0,-774.55,0.0,6.8165,1.0,0.0,0.0,0.0,0.0
260,334.78,782.0,971.45,789.4,7.4,3.906,1.4083,0.0,-782.0,0.0,6.8165,0.0,-782.0,0.0,6.8165,1.0,0.0,0.0,0.0,0.0
261,335.16,783.6,958.9,792.5,8.9,5.077,1.2944,0.0,-783.6,0.0,6.8165,0.0,-783.6,0.0,6.8165,1.0,0.0,0.0,0.0,0.0
262,335.55,793.2,952.6,804.75,11.55,7.2459,1.1399,0.0,-793.2,0.0,6.8165,0.0,-793.2,0.0,6.8165,1.0,0.0,0.0,0.0,0.0
263,335.93,791.95,942.2,793.1,1.15,0.7654,2.1161,0.0,-791.95,0.0,6.8165,0.0,-791.95,0.0,6.8165,1.0,0.0,0.0,0.0,0.0
264,336.31,779.5,959.75,803.35,23.85,13.2316,0.8784,0.0,-779.5,0.0,6.8165,0.0,-779.5,0.0,6.8165,1.0,0.0,0.0,0.0,0.0
265,336.7,783.9,961.5,789.65,5.75,3.2376,1.4898,0.0,-783.9,0.0,6.8165,0.0,-783.9,0.0,6.8165,1.0,0.0,0.0,0.0,0.0
266,337.08,788.9,968.7,796.2,7.3,4.0601,1.3915,0.0,-788.9,0.0,6.8165,0.0,-788.9,0.0,6.8165,1.0,0.0,0.0,0.0,0.0
267,337.46,780.85,974.85,774.15,-6.7,0.0,6.8165,0.0,-780.85,0.0,6.8165,0.0,-780.85,0.0,6.8165,1.0,0.0,0.0,0.0,0.0
268,337.85,786.1,959.55,798.8,12.7,7.322,1.1354,0.0,-786.1,0.0,6.8165,0.0,-786.1,0.0,6.8165,1.0,0.0,0.0,0.0,0.0
269,338.23,780.95,956.6,798.4,17.45,9.9345,1.0029,0.0,-780.95,0.0,6.8165,0.0,-780.95,0.0,6.8165,1.0,0.0,0.0,0.0,0.0
270,338.61,784.65,960.4,794.15,9.5,5.4054,1.2672,0.0,-784.65,0.0,6.8165,0.0,-784.65,0.0,6.8165,1.0,0.0,0.0,0.0,0.0
271,339.0,798.65,978.8,810.0,11.35,6.3003,1.2006,0.0,-798.65,0.0,6.8165,0.0,-798.65,0.0,6.8165,1.0,0.0,0.0,0.0,0.0
272,339.38,787.5,968.6,795.3,7.8,4.307,1.3658,0.0,-787.5,0.0,6.8165,0.0,-787.5,0.0,6.8165,1.0,0.0,0.0,0.0,0.0
273,339.76,801.95,969.45,791.8,-10.15,0.0,6.8165,0.0,-801.95,0.0,6.8165,0.0,-801.95,0.0,6.8165,1.0,0.0,0.0,0.0,0.0
274,340.14,787.85,961.3,789.6,1.75,1.0089,1.9961,0.0,-787.85,0.0,6.8165,0.0,-787.85,0.0,6.8165,1.0,0.0,0.0,0.0,0.0
275,340.53,798.7,964.6,793.95,-4.75,0.0,6.8165,0.0,-798.7,0.0,6.8165,0.0,-798.7,0.0,6.8165,1.0,0.0,0.0,0.0,0.0
276,340.91,788.15,947.35,791.9,3.75,2.3555,1.6279,0.0,-788.15,0.0,6.8165,0.0,-788.15,0.0,6.8165,1.0,0.0,0.0,0.0,0.0
277,341.29,781.35,961.85,790.7,9.35,5.1801,1.2857,0.0,-781.35,0.0,6.8165,0.0,-781.35,0.0,6.8165,1.0,0.0,0.0,0.0,0.0
278,341.67,791.15,965.15,803.35,12.2,7.0115,1.1542,0.0,-791.15,0.0,6.8165,0.0,-791.15,0.0,6.8165,1.0,0.0,0.0,0.0,0.0
279,342.06,796.3,956.2,800.8,4.5,2.8143,1.5506,0.0,-796.3,0.0,6.8165,0.0,-796.3,0.0,6.8165,1.0,0.0,0.0,0.0,0.0
280,342.44,784.65,957.4,784.95,0.3,0.1737,2.7603,0.0,-784.65,0.0,6.8165,0.0,-784.65,0.0,6.8165,1.0,0.0,0.0,0.0,0.0
281,342.82,775.0,947.5,791.75,16.75,9.7101,1.0128,0.0,-775.0,0.0,6.8165,0.0,-775.0,0.0,6.8165,1.0,0.0,0.0,0.0,0.0
282,343.2,772.5,970.05,805.65,33.15,16.7806,0.7752,0.0,-772.5,0.0,6.8165,0.0,-772.5,0.0,6.8165,1.0,0.0,0.0,0.0,0.0
283,343.59,772.45,969.7,790.65,18.2,9.2269,1.0349,0.0,-772.45,0.0,6.8165,0.0,-772.45,0.0,6.8165,1.0,0.0,0.0,0.0,0.0
284,343.97,793.7,980.4,799.35,5.65,3.0262,1.5191,0.0,-793.7,0.0,6.8165,0.0,-793.7,0.0,6.8165,1.0,0.0,0.0,0.0,0.0
285,344.35,792.55,978.45,803.8,11.25,6.0516,1.2181,0.0,-792.55,0.0,6.8165,0.0,-792.55,0.0,6.8165,1.0,0.0,0.0,0.0,0.0
286,344.73,782.2,977.95,793.95,11.75,6.0026,1.2217,0.0,-782.2,0.0,6.8165,0.0,-782.2,0.0,6.8165,1.0,0.0,0.0,0.0,0.0
287,345.11,773.7,973.15,794.6,20.9,10.4788,0.9797,0.0,-773.7,0.0,6.8165,0.0,-773.7,0.0,6.8165,1.0,0.0,0.0,0.0,0.0
288,345.49,776.7,962.95,787.95,11.25,6.0403,1.2189,0.0,-776.7,0.0,6.8165,0.0,-776.7,0.0,6.8165,1.0,0.0,0.0,0.0,0.0
289,345.88,775.85,981.2,788.2,12.35,6.0141,1.2208,0.0,-775.85,0.0,6.8165,0.0,-775.85,0.0,6.8165,1.0,0.0,0.0,0.0,0.0
290,346.26,785.65,987.95,775.2,-10.45,0.0,6.8165,0.0,-785.65,0.0,6.8165,0.0,-785.65,0.0,6.8165,1.0,0.0,0.0,0.0,0.0
291,346.64,783.25,976.75,801.05,17.8,9.199,1.0363,0.0,-783.25,0.0,6.8165,0.0,-783.25,0.0,6.8165,1.0,0.0,0.0,0.0,0.0
292,347.02,788.6,972.75,788.95,0.35,0.1901,2.7211,0.0,-788.6,0.0,6.8165,0.0,-788.6,0.0,6.8165,1.0,0.0,0.0,0.0,0.0
293,347.4,767.75,954.4,783.95,16.2,8.6793,1.0615,0.0,-767.75,0.0,6.8165,0.0,-767.75,0.0,6.8165,1.0,0.0,0.0,0.0,0.0
294,347.78,778.45,980.95,795.7,17.25,8.5185,1.0696,0.0,-778.45,0.0,6.8165,0.0,-778.45,0.0,6.8165,1.0,0.0,0.0,0.0,0.0
295,348.16,794.75,969.6,798.15,3.4,1.9445,1.7112,0.0,-794.75,0.0,6.8165,0.0,-794.75,0.0,6.8165,1.0,0.0,0.0,0.0,0.0
296,348.54,785.75,975.55,792.9,7.15,3.7671,1.424,0.0,-785.75,0.0,6.8165,0.0,-785.75,0.0,6.8165,1.0,0.0,0.0,0.0,0.0
297,348.92,782.3,968.95,784.9,2.6,1.393,1.8561,0.0,-782.3,0.0,6.8165,0.0,-782.3,0.0,6.8165,1.0,0.0,0.0,0.0,0.0
298,349.3,790.05,970.85,797.15,7.1,3.927,1.4059,0.0,-790.05,0.0,6.8165,0.0,-790.05,0.0,6.8165,1.0,0.0,0.0,0.0,0.0
299,349.68,775.25,967.05,793.65,18.4,9.5933,1.018,0.0,-775.25,0.0,6.8165,0.0,-775.25,0.0,6.8165,1.0,0.0,0.0,0.0,0.0
300,350.06,785.25,964.15,795.35,10.1,5.6456,1.2483,0.0,-785.25,0.0,6.8165,0.0,-785.25,0.0,6.8165,1.0,0.0,0.0,0.0,0.0
301,350.44,792.05,970.7,805.1,13.05,7.3048,1.1364,0.0,-792.05,0.0,6.8165,0.0,-792.05,0.0,6.8165,1.0,0.0,0.0,0.0,0.0
302,350.82,788.75,992.6,800.3,11.55,5.6659,1.2467,0.0,-788.75,0.0,6.8165,0.0,-788.75,0.0,6.8165,1.0,0.0,0.0,0.0,0.0
303,351.21,786.7,970.85,788.35,1.65,0.896,2.0477,0.0,-786.7,0.0,6.8165,0.0,-786.7,0.0,6.8165,1.0,0.0,0.0,0.0,0.0
304,351.59,788.15,972.7,803.45,15.3,8.2904,1.0814,0.0,-788.15,0.0,6.8165,0.0,-788.15,0.0,6.8165,1.0,0.0,0.0,0.0,0.0
305,351.97,797.85,969.35,801.3,3.45,2.0117,1.6964,0.0,-797.85,0.0,6.8165,0.0,-797.85,0.0,6.8165,1.0,0.0,0.0,0.0,0.0
306,352.34,780.55,975.15,802.25,21.7,11.1511,0.9527,0.0,-780.55,0.0,6.8165,0.0,-780.55,0.0,6.8165,1.0,0.0,0.0,0.0,0.0
307,352.72,784.2,983.75,781.3,-2.9,0.0,6.8165,0.0,-784.2,0.0,6.8165,0.0,-784.2,0.0,6.8165,1.0,0.0,0.0,0.0,0.0
308,353.1,790.1,991.45,789.3,-0.8,0.0,6.8165,0.0,-790.1,0.0,6.8165,0.0,-790.1,0.0,6.8165,1.0,0.0,0.0,0.0,0.0
309,353.48,776.95,993.9,797.75,20.8,9.5875,1.0183,0.0,-776.95,0.0,6.8165,0.0,-776.95,0.0,6.8165,1.0,0.0,0.0,0.0,0.0
310,353.86,779.75,993.95,798.85,19.1,8.9169,1.0498,0.0,-779.75,0.0,6.8165,0.0,-779.75,0.0,6.8165,1.0,0.0,0.0,0.0,0.0
311,354.24,787.7,994.45,800.0,12.3,5.9492,1.2255,0.0,-787.7,0.0,6.8165,0.0,-787.7,0.0,6.8165,1.0,0.0,0.0,0.0,0.0
312,354.62,775.4,983.55,797.1,21.7,10.4252,0.9819,0.0,-775.4,0.0,6.8165,0.0,-775.4,0.0,6.8165,1.0,0.0,0.0,0.0,0.0
313,355.0,784.75,985.5,785.55,0.8,0.3985,2.3996,0.0,-784.75,0.0,6.8165,0.0,-784.75,0.0,6.8165,1.0,0.0,0.0,0.0,0.0
314,355.38,785.2,968.35,797.6,12.4,6.7704,1.1694,0.0,-785.2,0.0,6.8165,0.0,-785.2,0.0,6.8165,1.0,0.0,0.0,0.0,0.0
315,355.76,793.8,980.7,800.55,6.75,3.6116,1.4423,0.0,-793.8,0.0,6.8165,0.0,-793.8,0.0,6.8165,1.0,0.0,0.0,0.0,0.0
316,356.14,791.0,990.0,792.75,1.75,0.8794,2.0558,0.0,-791.0,0.0,6.8165,0.0,-791.0,0.0,6.8165,1.0,0.0,0.0,0.0,0.0
317,356.52,786.45,989.55,796.15,9.7,4.776,1.3209,0.0,-786.45,0.0,6.8165,0.0,-786.45,0.0,6.8165,1.0,0.0,0.0,0.0,0.0
318,356.9,773.0,987.05,805.7,32.7,15.2768,0.816,0.0,-773.0,0.0,6.8165,0.0,-773.0,0.0,6.8165,1.0,0.0,0.0,0.0,0.0
319,357.27,782.15,997.25,799.85,17.7,8.2287,1.0847,0.0,-782.15,0.0,6.8165,0.0,-782.15,0.0,6.8165,1.0,0.0,0.0,0.0,0.0
320,357.65,782.2,996.75,807.25,25.05,11.6756,0.9327,0.0,-782.2,0.0,6.8165,0.0,-782.2,0.0,6.8165,1.0,0.0,0.0,0.0,0.0
321,358.03,800.05,984.3,812.35,12.3,6.6757,1.1755,0.0,-800.05,0.0,6.8165,0.0,-800.05,0.0,6.8165,1.0,0.0,0.0,0.0,0.0
322,358.41,795.3,993.7,813.15,17.85,8.997,1.0459,0.0,-795.3,0.0,6.8165,0.0,-795.3,0.0,6.8165,1.0,0.0,0.0,0.0,0.0
323,358.79,786.75,990.3,798.3,11.55,5.6743,1.2461,0.0,-786.75,0.0,6.8165,0.0,-786.75,0.0,6.8165,1.0,0.0,0.0,0.0,0.0
324,359.17,787.4,999.3,794.25,6.85,3.2327,1.4904,0.0,-787.4,0.0,6.8165,0.0,-787.4,0.0,6.8165,1.0,0.0,0.0,0.0,0.0
325,359.55,781.5,999.85,810.15,28.65,13.1211,0.882,0.0,-781.5,0.0,6.8165,0.0,-781.5,0.0,6.8165,1.0,0.0,0.0,0.0,0.0
326,359.92,781.55,986.8,792.75,11.2,5.4568,1.2631,0.0,-781.55,0.0,6.8165,0.0,-781.55,0.0,6.8165,1.0,0.0,0.0,0.0,0.0
327,360.3,781.7,980.55,796.45,14.75,7.4177,1.1297,0.0,-781.7,0.0,6.8165,0.0,-781.7,0.0,6.8165,1.0,0.0,0.0,0.0,0.0
328,360.68,777.85,978.95,801.7,23.85,11.8598,0.9259,0.0,-777.85,0.0,6.8165,0.0,-777.85,0.0,6.8165,1.0,0.0,0.0,0.0,0.0
329,361.06,776.0,995.85,790.5,14.5,6.5954,1.1808,0.0,-776.0,0.0,6.8165,0.0,-776.0,0.0,6.8165,1.0,0.0,0.0,0.0,0.0
330,361.43,792.9,999.6,795.75,2.85,1.3788,1.8605,0.0,-792.9,0.0,6.8165,0.0,-792.9,0.0,6.8165,1.0,0.0,0.0,0.0,0.0
331,361.81,787.6,996.8,800.6,13.0,6.2141,1.2066,0.0,-787.6,0.0,6.8165,0.0,-787.6,0.0,6.8165,1.0,0.0,0.0,0.0,0.0
332,362.19,779.95,997.5,791.15,11.2,5.1482,1.2883,0.0,-779.95,0.0,6.8165,0.0,-779.95,0.0,6.8165,1.0,0.0,0.0,0.0,0.0
333,362.57,795.45,990.9,802.25,6.8,3.4792,1.4585,0.0,-795.45,0.0,6.8165,0.0,-795.45,0.0,6.8165,1.0,0.0,0.0,0.0,0.0
334,362.94,791.0,991.9,794.8,3.8,1.8915,1.7232,0.0,-791.0,0.0,6.8165,0.0,-791.0,0.0,6.8165,1.0,0.0,0.0,0.0,0.0
335,363.32,785.0,984.0,790.05,5.05,2.5377,1.5956,0.0,-785.0,0.0,6.8165,0.0,-785.0,0.0,6.8165,1.0,0.0,0.0,0.0,0.0
336,363.7,794.25,980.75,800.95,6.7,3.5925,1.4446,0.0,-794.25,0.0,6.8165,0.0,-794.25,0.0,6.8165,1.0,0.0,0.0,0.0,0.0
337,364.08,805.6,991.0,788.6,-17.0,0.0,6.8165,0.0,-805.6,0.0,6.8165,0.0,-805.6,0.0,6.8165,1.0,0.0,0.0,0.0,0.0
338,364.45,781.05,999.4,796.65,15.6,7.1445,1.146,0.0,-781.05,0.0,6.8165,0.0,-781.05,0.0,6.8165,1.0,0.0,0.0,0.0,0.0
339,364.83,780.4,996.1,802.6,22.2,10.2921,0.9875,0.0,-780.4,0.0,6.8165,0.0,-780.4,0.0,6.8165,1.0,0.0,0.0,0.0,0.0
340,365.21,792.0,979.9,792.55,0.55,0.2927,2.5336,0.0,-792.0,0.0,6.8165,0.0,-792.0,0.0,6.8165,1.0,0.0,0.0,0.0,0.0
341,365.58,781.25,1003.4,797.0,15.75,7.0898,1.1494,0.0,-781.25,0.0,6.8165,0.0,-781.25,0.0,6.8165,1.0,0.0,0.0,0.0,0.0
342,365.96,789.0,1017.6,781.95,-7.05,0.0,6.8165,0.0,-789.0,0.0,6.8165,0.0,-789.0,0.0,6.8165,1.0,0.0,0.0,0.0,0.0
343,366.34,788.85,996.45,809.95,21.1,10.1638,0.9929,0.0,-788.85,0.0,6.8165,0.0,-788.85,0.0,6.8165,1.0,0.0,0.0,0.0,0.0
344,366.71,778.2,994.95,795.65,17.45,8.0507,1.0942,0.0,-778.2,0.0,6.8165,0.0,-778.2,0.0,6.8165,1.0,0.0,0.0,0.0,0.0
345,367.09,791.4,997.8,797.4,6.0,2.907,1.5366,0.0,-791.4,0.0,6.8165,0.0,-791.4,0.0,6.8165,1.0,0.0,0.0,0.0,0.0
346,367.47,780.2,997.35,791.7,11.5,5.2959,1.2761,0.0,-780.2,0.0,6.8165,0.0,-780.2,0.0,6.8165,1.0,0.0,0.0,0.0,0.0
347,367.84,776.35,1007.95,801.15,24.8,10.7081,0.9703,0.0,-776.35,0.0,6.8165,0.0,-776.35,0.0,6.8165,1.0,0.0,0.0,0.0,0.0
348,368.22,785.75,1015.5,801.6,15.85,6.8988,1.1612,0.0,-785.75,0.0,6.8165,0.0,-785.75,0.0,6.8165,1.0,0.0,0.0,0.0,0.0
349,368.59,778.9,988.3,793.35,14.45,6.9007,1.1611,0.0,-778.9,0.0,6.8165,0.0,-778.9,0.0,6.8165,1.0,0.0,0.0,0.0,0.0
350,368.97,765.45,1006.45,806.1,40.65,16.8672,0.773,0.0,-765.45,0.0,6.8165,0.0,-765.45,0.0,6.8165,1.0,0.0,0.0,0.0,0.0
351,369.35,783.9,996.95,791.45,7.55,3.5438,1.4505,0.0,-783.9,0.0,6.8165,0.0,-783.9,0.0,6.8165,1.0,0.0,0.0,0.0,0.0
352,369.72,775.65,1003.3,791.95,16.3,7.1601,1.1451,0.0,-775.65,0.0,6.8165,0.0,-775.65,0.0,6.8165,1.0,0.0,0.0,0.0,0.0
353,370.1,782.2,1006.65,789.85,7.65,3.4083,1.4675,0.0,-782.2,0.0,6.8165,0.0,-782.2,0.0,6.8165,1.0,0.0,0.0,0.0,0.0
354,370.47,785.05,1007.05,803.85,18.8,8.4685,1.0722,0.0,-785.05,0.0,6.8165,0.0,-785.05,0.0,6.8165,1.0,0.0,0.0,0.0,0.0
355,370.85,792.5,999.6,797.3,4.8,2.3177,1.6349,0.0,-792.5,0.0,6.8165,0.0,-792.5,0.0,6.8165,1.0,0.0,0.0,0.0,0.0
356,371.22,797.3,1004.65,793.4,-3.9,0.0,6.8165,0.0,-797.3,0.0,6.8165,0.0,-797.3,0.0,6.8165,1.0,0.0,0.0,0.0,0.0
357,371.6,789.55,992.55,795.05,5.5,2.7094,1.5671,0.0,-789.55,0.0,6.8165,0.0,-789.55,0.0,6.8165,1.0,0.0,0.0,0.0,0.0
358,371.97,780.35,1003.3,804.2,23.85,10.6975,0.9707,0.0,-780.35,0.0,6.8165,0.0,-780.35,0.0,6.8165,1.0,0.0,0.0,0.0,0.0
359,372.35,785.25,1005.4,798.55,13.3,6.0413,1.2189,0.0,-785.25,0.0,6.8165,0.0,-785.25,0.0,6.8165,1.0,0.0,0.0,0.0,0.0
360,372.72,786.15,1011.5,790.05,3.9,1.7306,1.7618,0.0,-786.15,0.0,6.8165,0.0,-786.15,0.0,6.8165,1.0,0.0,0.0,0.0,0.0
361,373.1,809.5,995.25,782.05,-27.45,0.0,6.8165,0.0,-809.5,0.0,6.8165,0.0,-809.5,0.0,6.8165,1.0,0.0,0.0,0.0,0.0
362,373.47,771.65,1002.75,802.95,31.3,13.5439,0.8683,0.0,-771.65,0.0,6.8165,0.0,-771.65,0.0,6.8165,1.0,0.0,0.0,0.0,0.0
363,373.85,790.95,1006.6,800.85,9.9,4.5908,1.3381,0.0,-790.95,0.0,6.8165,0.0,-790.95,0.0,6.8165,1.0,0.0,0.0,0.0,0.0
364,374.22,795.9,1005.3,795.25,-0.65,0.0,6.8165,0.0,-795.9,0.0,6.8165,0.0,-795.9,0.0,6.8165,1.0,0.0,0.0,0.0,0.0
365,374.6,791.2,1006.95,812.0,20.8,9.6408,1.0159,0.0,-791.2,0.0,6.8165,0.0,-791.2,0.0,6.8165,1.0,0.0,0.0,0.0,0.0
366,374.97,790.1,999.15,789.7,-0.4,0.0,6.8165,0.0,-790.1,0.0,6.8165,0.0,-790.1,0.0,6.8165,1.0,0.0,0.0,0.0,0.0
367,375.35,789.15,997.6,802.9,13.75,6.5963,1.1807,0.0,-789.15,0.0,6.8165,0.0,-789.15,0.0,6.8165,1.0,0.0,0.0,0.0,0.0
368,375.72,788.45,995.45,802.45,14.0,6.7633,1.1698,0.0,-788.45,0.0,6.8165,0.0,-788.45,0.0,6.8165,1.0,0.0,0.0,0.0,0.0
369,376.09,778.85,1004.65,799.35,20.5,9.0788,1.042,0.0,-778.85,0.0,6.8165,0.0,-778.85,0.0,6.8165,1.0,0.0,0.0,0.0,0.0
370,376.47,779.25,1015.15,810.9,31.65,13.4167,0.8724,0.0,-779.25,0.0,6.8165,0.0,-779.25,0.0,6.8165,1.0,0.0,0.0,0.0,0.0
371,376.84,792.45,1005.75,800.3,7.85,3.6803,1.4341,0.0,-792.45,0.0,6.8165,0.0,-792.45,0.0,6.8165,1.0,0.0,0.0,0.0,0.0
372,377.22,800.65,1017.05,798.1,-2.55,0.0,6.8165,0.0,-800.65,0.0,6.8165,0.0,-800.65,0.0,6.8165,1.0,0.0,0.0,0.0,0.0
373,377.59,784.15,1021.7,791.4,7.25,3.052,1.5154,0.0,-784.15,0.0,6.8165,0.0,-784.15,0.0,6.8165,1.0,0.0,0.0,0.0,0.0
374,377.96,793.2,1006.4,806.25,13.05,6.121,1.2132,0.0,-793.2,0.0,6.8165,0.0,-793.2,0.0,6.8165,1.0,0.0,0.0,0.0,0.0
375,378.34,788.05,1016.9,799.3,11.25,4.9159,1.3084,0.0,-788.05,0.0,6.8165,0.0,-788.05,0.0,6.8165,1.0,0.0,0.0,0.0,0.0
376,378.71,780.15,1025.75,808.1,27.95,11.3803,0.9438,0.0,-780.15,0.0,6.8165,0.0,-780.15,0.0,6.8165,1.0,0.0,0.0,0.0,0.0
377,379.08,782.85,1041.45,806.05,23.2,8.9714,1.0471,0.0,-782.85,0.0,6.8165,0.0,-782.85,0.0,6.8165,1.0,0.0,0.0,0.0,0.0
378,379.46,773.75,1027.1,799.95,26.2,10.3414,0.9854,0.0,-773.75,0.0,6.8165,0.0,-773.75,0.0,6.8165,1.0,0.0,0.0,0.0,0.0
379,379.83,802.65,1023.45,802.8,0.15,0.0679,3.1679,0.0,-802.65,0.0,6.8165,0.0,-802.65,0.0,6.8165,1.0,0.0,0.0,0.0,0.0
380,380.2,786.6,1013.55,803.4,16.8,7.4025,1.1306,0.0,-786.6,0.0,6.8165,0.0,-786.6,0.0,6.8165,1.0,0.0,0.0,0.0,0.0
381,380.58,776.7,1019.35,793.5,16.8,6.9236,1.1597,0.0,-776.7,0.0,6.8165,0.0,-776.7,0.0,6.8165,1.0,0.0,0.0,0.0,0.0
382,380.95,780.95,1030.95,795.4,14.45,5.78,1.2381,0.0,-780.95,0.0,6.8165,0.0,-780.95,0.0,6.8165,1.0,0.0,0.0,0.0,0.0
383,381.32,786.95,1035.15,796.4,9.45,3.8074,1.4194,0.0,-786.95,0.0,6.8165,0.0,-786.95,0.0,6.8165,1.0,0.0,0.0,0.0,0.0
384,381.7,772.15,1033.0,789.0,16.85,6.4597,1.1898,0.0,-772.15,0.0,6.8165,0.0,-772.15,0.0,6.8165,1.0,0.0,0.0,0.0,0.0
385,382.07,789.7,1025.8,805.55,15.85,6.7133,1.1731,0.0,-789.7,0.0,6.8165,0.0,-789.7,0.0,6.8165,1.0,0.0,0.0,0.0,0.0
386,382.44,792.05,1041.85,804.05,12.0,4.8038,1.3184,0.0,-792.05,0.0,6.8165,0.0,-792.05,0.0,6.8165,1.0,0.0,0.0,0.0,0.0
387,382.81,782.35,1043.05,800.65,18.3,7.0196,1.1537,0.0,-782.35,0.0,6.8165,0.0,-782.35,0.0,6.8165,1.0,0.0,0.0,0.0,0.0
388,383.19,782.95,1061.0,798.0,15.05,5.4127,1.2666,0.0,-782.95,0.0,6.8165,0.0,-782.95,0.0,6.8165,1.0,0.0,0.0,0.0,0.0
389,383.56,792.75,1063.75,792.9,0.15,0.0554,3.2569,0.0,-792.75,0.0,6.8165,0.0,-792.75,0.0,6.8165,1.0,0.0,0.0,0.0,0.0
390,383.93,779.15,1062.75,797.05,17.9,6.3117,1.1999,0.0,-779.15,0.0,6.8165,0.0,-779.15,0.0,6.8165,1.0,0.0,0.0,0.0,0.0
391,384.3,799.55,1074.75,795.1,-4.45,0.0,6.8165,0.0,-799.55,0.0,6.8165,0.0,-799.55,0.0,6.8165,1.0,0.0,0.0,0.0,0.0
392,384.68,799.4,1082.8,811.45,12.05,4.2519,1.3714,0.0,-799.4,0.0,6.8165,0.0,-799.4,0.0,6.8165,1.0,0.0,0.0,0.0,0.0
393,385.05,773.65,1089.85,810.25,36.6,11.575,0.9365,0.0,-773.65,0.0,6.8165,0.0,-773.65,0.0,6.8165,1.0,0.0,0.0,0.0,0.0
394,385.42,795.65,1095.45,787.85,-7.8,0.0,6.8165,0.0,-795.65,0.0,6.8165,0.0,-795.65,0.0,6.8165,1.0,0.0,0.0,0.0,0.0
395,385.79,790.0,1109.6,794.45,4.45,1.3924,1.8562,0.0,-790.0,0.0,6.8165,0.0,-790.0,0.0,6.8165,1.0,0.0,0.0,0.0,0.0
396,386.16,782.85,1117.4,794.85,12.0,3.5869,1.4453,0.0,-782.85,0.0,6.8165,0.0,-782.85,0.0,6.8165,1.0,0.0,0.0,0.0,0.0
397,386.53,796.6,1117.4,800.05,3.45,1.0754,1.9684,0.0,-796.6,0.0,6.8165,0.0,-796.6,0.0,6.8165,1.0,0.0,0.0,0.0,0.0
398,386.91,786.05,1127.05,797.7,11.65,3.4164,1.4664,0.0,-786.05,0.0,6.8165,0.0,-786.05,0.0,6.8165,1.0,0.0,0.0,0.0,0.0
399,387.28,785.1,1142.05,792.1,7.0,1.9611,1.7075,0.0,-785.1,0.0,6.8165,0.0,-785.1,0.0,6.8165,1.0,0.0,0.0,0.0,0.0
400,387.65,779.9,1140.95,798.6,18.7,5.1793,1.2857,0.0,-779.9,0.0,6.8165,0.0,-779.9,0.0,6.8165,1.0,0.0,0.0,0.0,0.0
401,388.02,779.95,1165.8,802.1,22.15,5.7406,1.241,0.0,-779.95,0.0,6.8165,0.0,-779.95,0.0,6.8165,1.0,0.0,0.0,0.0,0.0
402,388.39,781.65,1157.8,799.65,18.0,4.7853,1.3201,0.0,-781.65,0.0,6.8165,0.0,-781.65,0.0,6.8165,1.0,0.0,0.0,0.0,0.0
403,388.76,781.6,1191.85,800.1,18.5,4.5094,1.3459,0.0,-781.6,0.0,6.8165,0.0,-781.6,0.0,6.8165,1.0,0.0,0.0,0.0,0.0
404,389.13,795.9,1195.75,802.4,6.5,1.6256,1.789,0.0,-795.9,0.0,6.8165,0.0,-795.9,0.0,6.8165,1.0,0.0,0.0,0.0,0.0
405,389.5,788.05,1200.4,810.8,22.75,5.5172,1.2583,0.0,-788.05,0.0,6.8165,0.0,-788.05,0.0,6.8165,1.0,0.0,0.0,0.0,0.0
406,389.87,771.35,1229.0,808.55,37.2,8.1285,1.09,0.0,-771.35,0.0,6.8165,0.0,-771.35,0.0,6.8165,1.0,0.0,0.0,0.0,0.0
407,390.25,774.1,1237.6,812.75,38.65,8.3387,1.0789,0.0,-774.1,0.0,6.8165,0.0,-774.1,0.0,6.8165,1.0,0.0,0.0,0.0,0.0
408,390.62,790.65,1264.95,810.25,19.6,4.1324,1.3838,0.0,-790.65,0.0,6.8165,0.0,-790.65,0.0,6.8165,1.0,0.0,0.0,0.0,0.0
409,390.99,789.05,1284.9,812.1,23.05,4.6486,1.3327,0.0,-789.05,0.0,6.8165,0.0,-789.05,0.0,6.8165,1.0,0.0,0.0,0.0,0.0
410,391.36,799.85,1329.75,806.4,6.55,1.2361,1.908,0.0,-799.85,0.0,6.8165,0.0,-799.85,0.0,6.8165,1.0,0.0,0.0,0.0,0.0
411,391.73,782.2,1339.3,806.25,24.05,4.317,1.3648,0.0,-782.2,0.0,6.8165,0.0,-782.2,0.0,6.8165,1.0,0.0,0.0,0.0,0.0
412,392.1,798.3,1382.8,806.65,8.35,1.4286,1.8451,0.0,-798.3,0.0,6.8165,0.0,-798.3,0.0,6.8165,1.0,0.0,0.0,0.0,0.0
413,392.47,773.1,1430.1,807.5,34.4,5.2359,1.281,0.0,-773.1,0.0,6.8165,0.0,-773.1,0.0,6.8165,1.0,0.0,0.0,0.0,0.0
414,392.84,793.95,1451.9,806.2,12.25,1.8618,1.7301,0.0,-793.95,0.0,6.8165,0.0,-793.95,0.0,6.8165,1.0,0.0,0.0,0.0,0.0
415,393.21,788.7,1448.55,798.9,10.2,1.5458,1.8108,0.0,-788.7,0.0,6.8165,0.0,-788.7,0.0,6.8165,1.0,0.0,0.0,0.0,0.0
416,393.58,783.9,1492.8,796.35,12.45,1.7562,1.7554,0.0,-783.9,0.0,6.8165,0.0,-783.9,0.0,6.8165,1.0,0.0,0.0,0.0,0.0
417,393.95,790.55,1540.25,801.4,10.85,1.4472,1.8395,0.0,-790.55,0.0,6.8165,0.0,-790.55,0.0,6.8165,1.0,0.0,0.0,0.0,0.0
418,394.32,780.05,1584.45,791.05,11.0,1.3675,1.8641,0.0,-780.05,0.0,6.8165,0.0,-780.05,0.0,6.8165,1.0,0.0,0.0,0.0,0.0
419,394.69,806.25,1600.2,807.55,1.3,0.1637,2.7858,0.0,-806.25,0.0,6.8165,0.0,-806.25,0.0,6.8165,1.0,0.0,0.0,0.0,0.0
420,395.06,789.85,1644.4,799.15,9.3,1.0883,1.9633,0.0,-789.85,0.0,6.8165,0.0,-789.85,0.0,6.8165,1.0,0.0,0.0,0.0,0.0
421,395.43,804.4,1705.55,792.65,-11.75,0.0,6.8165,0.0,-804.4,0.0,6.8165,0.0,-804.4,0.0,6.8165,1.0,0.0,0.0,0.0,0.0
422,395.8,786.7,1721.5,790.0,3.3,0.353,2.4522,0.0,-786.7,0.0,6.8165,0.0,-786.7,0.0,6.8165,1.0,0.0,0.0,0.0,0.0
423,396.16,792.95,1786.9,808.05,15.1,1.5192,1.8184,0.0,-792.95,0.0,6.8165,0.0,-792.95,0.0,6.8165,1.0,0.0,0.0,0.0,0.0
424,396.53,775.45,1840.7,801.35,25.9,2.4314,1.6142,0.0,-775.45,0.0,6.8165,0.0,-775.45,0.0,6.8165,1.0,0.0,0.0,0.0,0.0
425,396.9,775.9,1863.35,801.55,25.65,2.3587,1.6273,0.0,-775.9,0.0,6.8165,0.0,-775.9,0.0,6.8165,1.0,0.0,0.0,0.0,0.0
426,397.27,784.55,1921.95,806.1,21.55,1.8947,1.7225,0.0,-784.55,0.0,6.8165,0.0,-784.55,0.0,6.8165,1.0,0.0,0.0,0.0,0.0
427,397.64,789.75,1985.45,799.2,9.45,0.7903,2.1022,0.0,-789.75,0.0,6.8165,0.0,-789.75,0.0,6.8165,1.0,0.0,0.0,0.0,0.0
428,398.01,786.3,1986.8,797.2,10.9,0.908,2.0419,0.0,-786.3,0.0,6.8165,0.0,-786.3,0.0,6.8165,1.0,0.0,0.0,0.0,0.0
429,398.38,781.95,2066.45,811.3,29.35,2.2849,1.6411,0.0,-781.95,0.0,6.8165,0.0,-781.95,0.0,6.8165,1.0,0.0,0.0,0.0,0.0
430,398.75,776.45,2057.45,813.15,36.7,2.8649,1.5429,0.0,-776.45,0.0,6.8165,0.0,-776.45,0.0,6.8165,1.0,0.0,0.0,0.0,0.0
431,399.12,783.3,2116.6,789.8,6.5,0.4875,2.312,0.0,-783.3,0.0,6.8165,0.0,-783.3,0.0,6.8165,1.0,0.0,0.0,0.0,0.0
432,399.48,788.15,2192.4,801.05,12.9,0.9186,2.0369,0.0,-788.15,0.0,6.8165,0.0,-788.15,0.0,6.8165,1.0,0.0,0.0,0.0,0.0
433,399.85,779.5,2189.75,797.8,18.3,1.2976,1.8868,0.0,-779.5,0.0,6.8165,0.0,-779.5,0.0,6.8165,1.0,0.0,0.0,0.0,0.0
434,400.22,771.9,2216.3,804.75,32.85,2.2743,1.6432,0.0,-771.9,0.0,6.8165,0.0,-771.9,0.0,6.8165,1.0,0.0,0.0,0.0,0.0
435,400.59,782.3,2312.4,800.7,18.4,1.2025,1.9199,0.0,-782.3,0.0,6.8165,0.0,-782.3,0.0,6.8165,1.0,0.0,0.0,0.0,0.0
436,400.96,789.55,2320.45,802.5,12.95,0.8459,2.0727,0.0,-789.55,0.0,6.8165,0.0,-789.55,0.0,6.8165,1.0,0.0,0.0,0.0,0.0
437,401.32,785.15,2362.85,780.1,-5.05,0.0,6.8165,0.0,-785.15,0.0,6.8165,0.0,-785.15,0.0,6.8165,1.0,0.0,0.0,0.0,0.0
438,401.69,796.75,2406.15,812.8,16.05,0.9973,2.0012,0.0,-796.75,0.0,6.8165,0.0,-796.75,0.0,6.8165,1.0,0.0,0.0,0.0,0.0
439,402.06,788.6,2430.95,811.1,22.5,1.37,1.8633,0.0,-788.6,0.0,6.8165,0.0,-788.6,0.0,6.8165,1.0,0.0,0.0,0.0,0.0
440,402.43,778.75,2495.95,802.8,24.05,1.4005,1.8537,0.0,-778.75,0.0,6.8165,0.0,-778.75,0.0,6.8165,1.0,0.0,0.0,0.0,0.0
441,402.8,769.1,2538.4,806.05,36.95,2.0884,1.6802,0.0,-769.1,0.0,6.8165,0.0,-769.1,0.0,6.8165,1.0,0.0,0.0,0.0,0.0
442,403.16,779.35,2572.1,803.85,24.5,1.3666,1.8644,0.0,-779.35,0.0,6.8165,0.0,-779.35,0.0,6.8165,1.0,0.0,0.0,0.0,0.0
443,403.53,778.0,2570.55,797.05,19.05,1.0627,1.9736,0.0,-778.0,0.0,6.8165,0.0,-778.0,0.0,6.8165,1.0,0.0,0.0,0.0,0.0
444,403.9,787.05,2743.1,803.3,16.25,0.8308,2.0805,0.0,-787.05,0.0,6.8165,0.0,-787.05,0.0,6.8165,1.0,0.0,0.0,0.0,0.0
445,404.27,790.85,2716.3,805.2,14.35,0.7453,2.1277,0.0,-790.85,0.0,6.8165,0.0,-790.85,0.0,6.8165,1.0,0.0,0.0,0.0,0.0
446,404.63,795.95,2804.05,812.4,16.45,0.8192,2.0866,0.0,-795.95,0.0,6.8165,0.0,-795.95,0.0,6.8165,1.0,0.0,0.0,0.0,0.0
447,405.0,782.55,2913.55,802.35,19.8,0.9291,2.0319,0.0,-782.55,0.0,6.8165,0.0,-782.55,0.0,6.8165,1.0,0.0,0.0,0.0,0.0
448,405.37,782.6,2969.25,797.55,14.95,0.6837,2.1651,0.0,-782.6,0.0,6.8165,0.0,-782.6,0.0,6.8165,1.0,0.0,0.0,0.0,0.0
449,405.73,783.45,3009.2,792.45,9.0,0.4044,2.3932,0.0,-783.45,0.0,6.8165,0.0,-783.45,0.0,6.8165,1.0,0.0,0.0,0.0,0.0
450,406.1,795.7,3104.5,809.9,14.2,0.615,2.2111,0.0,-795.7,0.0,6.8165,0.0,-795.7,0.0,6.8165,1.0,0.0,0.0,0.0,0.0
451,406.47,789.1,3163.95,805.35,16.25,0.6843,2.1648,0.0,-789.1,0.0,6.8165,0.0,-789.1,0.0,6.8165,1.0,0.0,0.0,0.0,0.0
452,406.83,779.6,3292.75,812.85,33.25,1.323,1.8784,0.0,-779.6,0.0,6.8165,0.0,-779.6,0.0,6.8165,1.0,0.0,0.0,0.0,0.0
453,407.2,772.05,3331.0,794.7,22.65,0.8851,2.053,0.0,-772.05,0.0,6.8165,0.0,-772.05,0.0,6.8165,1.0,0.0,0.0,0.0,0.0
454,407.57,786.6,3478.35,813.75,27.15,1.0086,1.9963,0.0,-786.6,0.0,6.8165,0.0,-786.6,0.0,6.8165,1.0,0.0,0.0,0.0,0.0
455,407.93,788.1,3466.3,799.1,11.0,0.4107,2.3865,0.0,-788.1,0.0,6.8165,0.0,-788.1,0.0,6.8165,1.0,0.0,0.0,0.0,0.0
456,408.3,786.85,3550.4,799.8,12.95,0.4686,2.3292,0.0,-786.85,0.0,6.8165,0.0,-786.85,0.0,6.8165,1.0,0.0,0.0,0.0,0.0
457,408.67,776.9,3649.3,800.15,23.25,0.8094,2.0918,0.0,-776.9,0.0,6.8165,0.0,-776.9,0.0,6.8165,1.0,0.0,0.0,0.0,0.0
458,409.03,791.75,3779.9,811.35,19.6,0.6559,2.1831,0.0,-791.75,0.0,6.8165,0.0,-791.75,0.0,6.8165,1.0,0.0,0.0,0.0,0.0
459,409.4,766.6,3773.85,811.75,45.15,1.5014,1.8235,0.0,-766.6,0.0,6.8165,0.0,-766.6,0.0,6.8165,1.0,0.0,0.0,0.0,0.0
460,409.76,783.85,3905.05,804.8,20.95,0.6712,2.1731,0.0,-783.85,0.0,6.8165,0.0,-783.85,0.0,6.8165,1.0,0.0,0.0,0.0,0.0
461,410.13,794.65,3815.9,802.95,8.3,0.2747,2.5611,0.0,-794.65,0.0,6.8165,0.0,-794.65,0.0,6.8165,1.0,0.0,0.0,0.0,0.0
462,410.5,786.6,3954.15,794.75,8.15,0.2573,2.5896,0.0,-786.6,0.0,6.8165,0.0,-786.6,0.0,6.8165,1.0,0.0,0.0,0.0,0.0
463,410.86,779.7,4042.35,799.95,20.25,0.6207,2.2071,0.0,-779.7,0.0,6.8165,0.0,-779.7,0.0,6.8165,1.0,0.0,0.0,0.0,0.0
464,411.23,779.15,4107.1,792.45,13.3,0.3996,2.3983,0.0,-779.15,0.0,6.8165,0.0,-779.15,0.0,6.8165,1.0,0.0,0.0,0.0,0.0
465,411.59,791.9,4230.35,811.7,19.8,0.5758,2.2397,0.0,-791.9,0.0,6.8165,0.0,-791.9,0.0,6.8165,1.0,0.0,0.0,0.0,0.0
466,411.96,787.7,4159.6,795.75,8.05,0.2387,2.6221,0.0,-787.7,0.0,6.8165,0.0,-787.7,0.0,6.8165,1.0,0.0,0.0,0.0,0.0
467,412.32,786.0,4265.5,791.85,5.85,0.1681,2.7744,0.0,-786.0,0.0,6.8165,0.0,-786.0,0.0,6.8165,1.0,0.0,0.0,0.0,0.0
468,412.69,786.15,4409.8,803.15,17.0,0.4691,2.3287,0.0,-786.15,0.0,6.8165,0.0,-786.15,0.0,6.8165,1.0,0.0,0.0,0.0,0.0
469,413.05,786.75,4529.9,796.8,10.05,0.2685,2.5711,0.0,-786.75,0.0,6.8165,0.0,-786.75,0.0,6.8165,1.0,0.0,0.0,0.0,0.0
470,413.42,785.55,4457.6,807.2,21.65,0.5896,2.2295,0.0,-785.55,0.0,6.8165,0.0,-785.55,0.0,6.8165,1.0,0.0,0.0,0.0,0.0
471,413.78,778.4,4730.55,789.4,11.0,0.2783,2.5554,0.0,-778.4,0.0,6.8165,0.0,-778.4,0.0,6.8165,1.0,0.0,0.0,0.0,0.0
472,414.15,770.9,4777.5,805.85,34.95,0.8723,2.0593,0.0,-770.9,0.0,6.8165,0.0,-770.9,0.0,6.8165,1.0,0.0,0.0,0.0,0.0
473,414.51,786.6,4702.6,800.75,14.15,0.3613,2.4421,0.0,-786.6,0.0,6.8165,0.0,-786.6,0.0,6.8165,1.0,0.0,0.0,0.0,0.0
474,414.88,780.05,4842.6,807.6,27.55,0.6781,2.1687,0.0,-780.05,0.0,6.8165,0.0,-780.05,0.0,6.8165,1.0,0.0,0.0,0.0,0.0
475,415.24,793.95,5018.65,809.5,15.55,0.3681,2.4341,0.0,-793.95,0.0,6.8165,0.0,-793.95,0.0,6.8165,1.0,0.0,0.0,0.0,0.0
476,415.61,783.6,5094.85,799.1,15.5,0.3595,2.4443,0.0,-783.6,0.0,6.8165,0.0,-783.6,0.0,6.8165,1.0,0.0,0.0,0.0,0.0
477,415.97,798.75,5049.65,823.25,24.5,0.5763,2.2393,0.0,-798.75,0.0,6.8165,0.0,-798.75,0.0,6.8165,1.0,0.0,0.0,0.0,0.0
478,416.33,804.95,5168.25,823.6,18.65,0.4274,2.3691,0.0,-804.95,0.0,6.8165,0.0,-804.95,0.0,6.8165,1.0,0.0,0.0,0.0,0.0
479,416.7,788.05,5284.55,804.0,15.95,0.3547,2.4501,0.0,-788.05,0.0,6.8165,0.0,-788.05,0.0,6.8165,1.0,0.0,0.0,0.0,0.0
480,417.06,787.7,5507.0,790.85,3.15,0.0667,3.1756,0.0,-787.7,0.0,6.8165,0.0,-787.7,0.0,6.8165,1.0,0.0,0.0,0.0,0.0
481,417.43,790.15,5516.6,804.35,14.2,0.3004,2.5222,0.0,-790.15,0.0,6.8165,0.0,-790.15,0.0,6.8165,1.0,0.0,0.0,0.0,0.0
482,417.79,788.6,5522.0,830.05,41.45,0.8757,2.0576,0.0,-788.6,0.0,6.8165,0.0,-788.6,0.0,6.8165,1.0,0.0,0.0,0.0,0.0
483,418.15,778.3,5494.3,803.3,25.0,0.5301,2.2756,0.0,-778.3,0.0,6.8165,0.0,-778.3,0.0,6.8165,1.0,0.0,0.0,0.0,0.0
484,418.52,785.75,5694.25,800.3,14.55,0.2964,2.5281,0.0,-785.75,0.0,6.8165,0.0,-785.75,0.0,6.8165,1.0,0.0,0.0,0.0,0.0
485,418.88,790.65,5751.15,801.35,10.7,0.2157,2.6661,0.0,-790.65,0.0,6.8165,0.0,-790.65,0.0,6.8165,1.0,0.0,0.0,0.0,0.0
486,419.24,789.7,5996.15,804.95,15.25,0.2929,2.5333,0.0,-789.7,0.0,6.8165,0.0,-789.7,0.0,6.8165,1.0,0.0,0.0,0.0,0.0
487,419.61,795.2,6019.85,817.55,22.35,0.4278,2.3688,0.0,-795.2,0.0,6.8165,0.0,-795.2,0.0,6.8165,1.0,0.0,0.0,0.0,0.0
488,419.97,795.85,6026.25,814.15,18.3,0.3499,2.4561,0.0,-795.85,0.0,6.8165,0.0,-795.85,0.0,6.8165,1.0,0.0,0.0,0.0,0.0
489,420.33,780.35,6348.45,803.8,23.45,0.4211,2.3756,0.0,-780.35,0.0,6.8165,0.0,-780.35,0.0,6.8165,1.0,0.0,0.0,0.0,0.0
490,420.7,786.5,6250.3,804.45,17.95,0.3285,2.4834,0.0,-786.5,0.0,6.8165,0.0,-786.5,0.0,6.8165,1.0,0.0,0.0,0.0,0.0
491,421.06,792.3,6437.7,798.35,6.05,0.1072,2.9699,0.0,-792.3,0.0,6.8165,0.0,-792.3,0.0,6.8165,1.0,0.0,0.0,0.0,0.0
492,421.42,780.75,6517.15,817.0,36.25,0.6319,2.1993,0.0,-780.75,0.0,6.8165,0.0,-780.75,0.0,6.8165,1.0,0.0,0.0,0.0,0.0
493,421.79,792.85,6593.35,806.7,13.85,0.2388,2.622,0.0,-792.85,0.0,6.8165,0.0,-792.85,0.0,6.8165,1.0,0.0,0.0,0.0,0.0
494,422.15,785.05,6582.3,798.6,13.55,0.2337,2.6313,0.0,-785.05,0.0,6.8165,0.0,-785.05,0.0,6.8165,1.0,0.0,0.0,0.0,0.0
495,422.51,777.25,6682.3,797.0,19.75,0.3345,2.4757,0.0,-777.25,0.0,6.8165,0.0,-777.25,0.0,6.8165,1.0,0.0,0.0,0.0,0.0
496,422.87,781.9,6841.3,804.9,23.0,0.3796,2.4207,0.0,-781.9,0.0,6.8165,0.0,-781.9,0.0,6.8165,1.0,0.0,0.0,0.0,0.0
497,423.24,789.65,6932.4,800.05,10.4,0.1693,2.7713,0.0,-789.65,0.0,6.8165,0.0,-789.65,0.0,6.8165,1.0,0.0,0.0,0.0,0.0
498,423.6,789.0,7033.2,812.55,23.55,0.3771,2.4235,0.0,-789.0,0.0,6.8165,0.0,-789.0,0.0,6.8165,1.0,0.0,0.0,0.0,0.0
499,423.96,796.65,7164.95,796.0,-0.65,0.0,6.8165,0.0,-796.65,0.0,6.8165,0.0,-796.65,0.0,6.8165,1.0,0.0,0.0,0.0,0.0
500,424.32,791.55,7268.3,797.4,5.85,0.0903,3.0442,0.0,-791.55,0.0,6.8165,0.0,-791.55,0.0,6.8165,1.0,0.0,0.0,0.0,0.0
501,424.69,789.85,7355.25,809.15,19.3,0.294,2.5317,0.0,-789.85,0.0,6.8165,0.0,-789.85,0.0,6.8165,1.0,0.0,0.0,0.0,0.0
502,425.05,782.3,7707.15,804.35,22.05,0.3184,2.497,0.0,-782.3,0.0,6.8165,0.0,-782.3,0.0,6.8165,1.0,0.0,0.0,0.0,0.0
503,425.41,788.25,8027.35,815.4,27.15,0.375,2.4259,0.0,-788.25,0.0,6.8165,0.0,-788.25,0.0,6.8165,1.0,0.0,0.0,0.0,0.0
504,425.77,783.6,7837.6,817.4,33.8,0.4792,2.3195,0.0,-783.6,0.0,6.8165,0.0,-783.6,0.0,6.8165,1.0,0.0,0.0,0.0,0.0
505,426.13,794.8,7938.1,786.2,-8.6,0.0,6.8165,0.0,-794.8,0.0,6.8165,0.0,-794.8,0.0,6.8165,1.0,0.0,0.0,0.0,0.0
506,426.5,793.35,7916.45,800.6,7.25,0.1018,2.9923,0.0,-793.35,0.0,6.8165,0.0,-793.35,0.0,6.8165,1.0,0.0,0.0,0.0,0.0
507,426.86,785.4,7952.45,798.15,12.75,0.1779,2.7498,0.0,-785.4,0.0,6.8165,0.0,-785.4,0.0,6.8165,1.0,0.0,0.0,0.0,0.0
508,427.22,780.4,8391.8,803.5,23.1,0.3035,2.5179,0.0,-780.4,0.0,6.8165,0.0,-780.4,0.0,6.8165,1.0,0.0,0.0,0.0,0.0
509,427.58,791.8,8215.85,808.65,16.85,0.227,2.644,0.0,-791.8,0.0,6.8165,0.0,-791.8,0.0,6.8165,1.0,0.0,0.0,0.0,0.0
510,427.94,797.5,8576.0,796.6,-0.9,0.0,6.8165,0.0,-797.5,0.0,6.8165,0.0,-797.5,0.0,6.8165,1.0,0.0,0.0,0.0,0.0
511,428.3,794.45,8912.9,806.25,11.8,0.1453,2.8376,0.0,-794.45,0.0,6.8165,0.0,-794.45,0.0,6.8165,1.0,0.0,0.0,0.0,0.0
512,428.66,773.45,8596.85,806.1,32.65,0.4173,2.3795,0.0,-773.45,0.0,6.8165,0.0,-773.45,0.0,6.8165,1.0,0.0,0.0,0.0,0.0
513,429.02,786.75,8763.0,804.0,17.25,0.2163,2.665,0.0,-786.75,0.0,6.8165,0.0,-786.75,0.0,6.8165,1.0,0.0,0.0,0.0,0.0
514,429.39,777.45,8900.45,798.0,20.55,0.253,2.5969,0.0,-777.45,0.0,6.8165,0.0,-777.45,0.0,6.8165,1.0,0.0,0.0,0.0,0.0
515,429.75,780.95,9076.6,785.55,4.6,0.0555,3.2561,0.0,-780.95,0.0,6.8165,0.0,-780.95,0.0,6.8165,1.0,0.0,0.0,0.0,0.0
516,430.11,789.65,9156.65,802.7,13.05,0.156,2.807,0.0,-789.65,0.0,6.8165,0.0,-789.65,0.0,6.8165,1.0,0.0,0.0,0.0,0.0
517,430.47,792.8,9381.35,808.1,15.3,0.1781,2.7492,0.0,-792.8,0.0,6.8165,0.0,-792.8,0.0,6.8165,1.0,0.0,0.0,0.0,0.0
518,430.83,795.35,9457.55,789.95,-5.4,0.0,6.8165,0.0,-795.35,0.0,6.8165,0.0,-795.35,0.0,6.8165,1.0,0.0,0.0,0.0,0.0
519,431.19,780.7,9605.8,789.85,9.15,0.1037,2.9843,0.0,-780.7,0.0,6.8165,0.0,-780.7,0.0,6.8165,1.0,0.0,0.0,0.0,0.0
520,431.55,778.8,9383.75,792.8,14.0,0.1627,2.7886,0.0,-778.8,0.0,6.8165,0.0,-778.8,0.0,6.8165,1.0,0.0,0.0,0.0,0.0
521,431.91,786.45,9725.1,815.7,29.25,0.3272,2.4851,0.0,-786.45,0.0,6.8165,0.0,-786.45,0.0,6.8165,1.0,0.0,0.0,0.0,0.0
522,432.27,785.3,9999.45,801.95,16.65,0.1807,2.743,0.0,-785.3,0.0,6.8165,0.0,-785.3,0.0,6.8165,1.0,0.0,0.0,0.0,0.0
523,432.63,795.0,9909.75,829.7,34.7,0.3807,2.4194,0.0,-795.0,0.0,6.8165,0.0,-795.0,0.0,6.8165,1.0,0.0,0.0,0.0,0.0
524,432.99,779.25,10100.3,795.6,16.35,0.1754,2.7559,0.0,-779.25,0.0,6.8165,0.0,-779.25,0.0,6.8165,1.0,0.0,0.0,0.0,0.0
525,433.35,775.55,10240.9,794.75,19.2,0.2028,2.6928,0.0,-775.55,0.0,6.8165,0.0,-775.55,0.0,6.8165,1.0,0.0,0.0,0.0,0.0
526,433.71,787.1,10248.35,814.45,27.35,0.2891,2.539,0.0,-787.1,0.0,6.8165,0.0,-787.1,0.0,6.8165,1.0,0.0,0.0,0.0,0.0
527,434.07,795.4,10787.7,804.05,8.65,0.0866,3.0626,0.0,-795.4,0.0,6.8165,0.0,-795.4,0.0,6.8165,1.0,0.0,0.0,0.0,0.0
528,434.43,782.25,10712.55,794.75,12.5,0.1259,2.9001,0.0,-782.25,0.0,6.8165,0.0,-782.25,0.0,6.8165,1.0,0.0,0.0,0.0,0.0
529,434.79,803.25,10828.2,810.15,6.9,0.0688,3.1622,0.0,-803.25,0.0,6.8165,0.0,-803.25,0.0,6.8165,1.0,0.0,0.0,0.0,0.0
530,435.15,785.3,11048.55,805.75,20.45,0.1993,2.7006,0.0,-785.3,0.0,6.8165,0.0,-785.3,0.0,6.8165,1.0,0.0,0.0,0.0,0.0
531,435.51,803.25,11301.95,811.3,8.05,0.0767,3.1153,0.0,-803.25,0.0,6.8165,0.0,-803.25,0.0,6.8165,1.0,0.0,0.0,0.0,0.0
532,435.87,768.5,11327.1,795.0,26.5,0.251,2.6004,0.0,-768.5,0.0,6.8165,0.0,-768.5,0.0,6.8165,1.0,0.0,0.0,0.0,0.0
533,436.23,792.4,11695.5,809.35,16.95,0.1555,2.8084,0.0,-792.4,0.0,6.8165,0.0,-792.4,0.0,6.8165,1.0,0.0,0.0,0.0,0.0
534,436.59,799.5,11929.15,803.85,4.35,0.0391,3.408,0.0,-799.5,0.0,6.8165,0.0,-799.5,0.0,6.8165,1.0,0.0,0.0,0.0,0.0
535,436.94,801.7,12113.1,796.35,-5.35,0.0,6.8165,0.0,-801.7,0.0,6.8165,0.0,-801.7,0.0,6.8165,1.0,0.0,0.0,0.0,0.0
536,437.3,784.7,12310.9,802.05,17.35,0.1505,2.8224,0.0,-784.7,0.0,6.8165,0.0,-784.7,0.0,6.8165,1.0,0.0,0.0,0.0,0.0
537,437.66,803.8,12222.3,802.6,-1.2,0.0,6.8165,0.0,-803.8,0.0,6.8165,0.0,-803.8,0.0,6.8165,1.0,0.0,0.0,0.0,0.0
538,438.02,782.2,12650.15,795.05,12.85,0.1083,2.9655,0.0,-782.2,0.0,6.8165,0.0,-782.2,0.0,6.8165,1.0,0.0,0.0,0.0,0.0
539,438.38,787.3,12940.75,810.45,23.15,0.1905,2.7201,0.0,-787.3,0.0,6.8165,0.0,-787.3,0.0,6.8165,1.0,0.0,0.0,0.0,0.0
540,438.74,797.05,13078.2,800.45,3.4,0.0277,3.5578,0.0,-797.05,0.0,6.8165,0.0,-797.05,0.0,6.8165,1.0,0.0,0.0,0.0,0.0
541,439.1,792.95,12701.4,806.1,13.15,0.1104,2.9569,0.0,-792.95,0.0,6.8165,0.0,-792.95,0.0,6.8165,1.0,0.0,0.0,0.0,0.0
542,439.46,789.8,12907.25,802.05,12.25,0.1011,2.9953,0.0,-789.8,0.0,6.8165,0.0,-789.8,0.0,6.8165,1.0,0.0,0.0,0.0,0.0
543,439.81,781.3,13138.85,801.45,20.15,0.1631,2.7877,0.0,-781.3,0.0,6.8165,0.0,-781.3,0.0,6.8165,1.0,0.0,0.0,0.0,0.0
544,440.17,776.45,12955.9,805.4,28.95,0.2377,2.624,0.0,-776.45,0.0,6.8165,0.0,-776.45,0.0,6.8165,1.0,0.0,0.0,0.0,0.0
545,440.53,795.3,13222.2,809.65,14.35,0.1155,2.9375,0.0,-795.3,0.0,6.8165,0.0,-795.3,0.0,6.8165,1.0,0.0,0.0,0.0,0.0
546,440.89,798.2,13253.3,815.55,17.35,0.1393,2.856,0.0,-798.2,0.0,6.8165,0.0,-798.2,0.0,6.8165,1.0,0.0,0.0,0.0,0.0
547,441.25,789.35,13314.35,809.7,20.35,0.1625,2.7892,0.0,-789.35,0.0,6.8165,0.0,-789.35,0.0,6.8165,1.0,0.0,0.0,0.0,0.0
548,441.6,786.05,13481.65,814.9,28.85,0.2272,2.6435,0.0,-786.05,0.0,6.8165,0.0,-786.05,0.0,6.8165,1.0,0.0,0.0,0.0,0.0
549,441.96,779.4,13702.7,827.15,47.75,0.3695,2.4324,0.0,-779.4,0.0,6.8165,0.0,-779.4,0.0,6.8165,1.0,0.0,0.0,0.0,0.0
550,442.32,780.9,13522.6,829.15,48.25,0.3787,2.4217,0.0,-780.9,0.0,6.8165,0.0,-780.9,0.0,6.8165,1.0,0.0,0.0,0.0,0.0
551,442.68,787.6,13399.95,810.7,23.1,0.1832,2.7372,0.0,-787.6,0.0,6.8165,0.0,-787.6,0.0,6.8165,1.0,0.0,0.0,0.0,0.0
552,443.03,794.7,14253.35,811.15,16.45,0.1222,2.9128,0.0,-794.7,0.0,6.8165,0.0,-794.7,0.0,6.8165,1.0,0.0,0.0,0.0,0.0
553,443.39,766.8,13780.5,815.3,48.5,0.3727,2.4287,0.0,-766.8,0.0,6.8165,0.0,-766.8,0.0,6.8165,1.0,0.0,0.0,0.0,0.0
554,443.75,773.1,14825.55,807.1,34.0,0.242,2.6163,0.0,-773.1,0.0,6.8165,0.0,-773.1,0.0,6.8165,1.0,0.0,0.0,0.0,0.0
555,444.11,781.55,14691.8,809.3,27.75,0.1995,2.7001,0.0,-781.55,0.0,6.8165,0.0,-781.55,0.0,6.8165,1.0,0.0,0.0,0.0,0.0
556,444.46,788.75,14529.1,824.7,35.95,0.2616,2.5823,0.0,-788.75,0.0,6.8165,0.0,-788.75,0.0,6.8165,1.0,0.0,0.0,0.0,0.0
557,444.82,795.6,14497.4,798.05,2.45,0.0179,3.7476,0.0,-795.6,0.0,6.8165,0.0,-795.6,0.0,6.8165,1.0,0.0,0.0,0.0,0.0
558,445.18,786.45,14488.45,806.75,20.3,0.1482,2.8293,0.0,-786.45,0.0,6.8165,0.0,-786.45,0.0,6.8165,1.0,0.0,0.0,0.0,0.0
559,445.53,786.2,14732.85,823.35,37.15,0.2664,2.5745,0.0,-786.2,0.0,6.8165,0.0,-786.2,0.0,6.8165,1.0,0.0,0.0,0.0,0.0
560,445.89,786.9,14933.7,819.1,32.2,0.2276,2.6428,0.0,-786.9,0.0,6.8165,0.0,-786.9,0.0,6.8165,1.0,0.0,0.0,0.0,0.0
561,446.25,788.85,15432.9,811.45,22.6,0.1543,2.8116,0.0,-788.85,0.0,6.8165,0.0,-788.85,0.0,6.8165,1.0,0.0,0.0,0.0,0.0
562,446.6,792.45,15086.3,828.5,36.05,0.2522,2.5982,0.0,-792.45,0.0,6.8165,0.0,-792.45,0.0,6.8165,1.0,0.0,0.0,0.0,0.0
563,446.96,797.05,15088.6,812.95,15.9,0.1113,2.9537,0.0,-797.05,0.0,6.8165,0.0,-797.05,0.0,6.8165,1.0,0.0,0.0,0.0,0.0
564,447.32,800.7,15512.8,813.95,13.25,0.0901,3.0455,0.0,-800.7,0.0,6.8165,0.0,-800.7,0.0,6.8165,1.0,0.0,0.0,0.0,0.0
565,447.67,794.25,15932.85,823.95,29.7,0.1962,2.7073,0.0,-794.25,0.0,6.8165,0.0,-794.25,0.0,6.8165,1.0,0.0,0.0,0.0,0.0
566,448.03,800.15,15869.7,813.85,13.7,0.0909,3.0414,0.0,-800.15,0.0,6.8165,0.0,-800.15,0.0,6.8165,1.0,0.0,0.0,0.0,0.0
567,448.38,796.4,16017.2,834.85,38.45,0.2526,2.5975,0.0,-796.4,0.0,6.8165,0.0,-796.4,0.0,6.8165,1.0,0.0,0.0,0.0,0.0
568,448.74,794.2,16762.8,823.7,29.5,0.1847,2.7334,0.0,-794.2,0.0,6.8165,0.0,-794.2,0.0,6.8165,1.0,0.0,0.0,0.0,0.0
569,449.1,796.4,16555.45,831.75,35.35,0.2243,2.6491,0.0,-796.4,0.0,6.8165,0.0,-796.4,0.0,6.8165,1.0,0.0,0.0,0.0,0.0
570,449.45,795.75,17581.1,825.45,29.7,0.1769,2.7522,0.0,-795.75,0.0,6.8165,0.0,-795.75,0.0,6.8165,1.0,0.0,0.0,0.0,0.0
571,449.81,800.7,18736.65,818.6,17.9,0.0998,3.0009,0.0,-800.7,0.0,6.8165,0.0,-800.7,0.0,6.8165,1.0,0.0,0.0,0.0,0.0
572,450.16,788.8,19307.6,826.6,37.8,0.2041,2.6901,0.0,-788.8,0.0,6.8165,0.0,-788.8,0.0,6.8165,1.0,0.0,0.0,0.0,0.0
573,450.52,798.55,20507.6,819.25,20.7,0.105,2.9787,0.0,-798.55,0.0,6.8165,0.0,-798.55,0.0,6.8165,1.0,0.0,0.0,0.0,0.0
574,450.87,804.65,19706.3,828.6,23.95,0.1267,2.8972,0.0,-804.65,0.0,6.8165,0.0,-804.65,0.0,6.8165,1.0,0.0,0.0,0.0,0.0
575,451.23,803.0,18793.05,835.55,32.55,0.1809,2.7425,0.0,-803.0,0.0,6.8165,0.0,-803.0,0.0,6.8165,1.0,0.0,0.0,0.0,0.0
576,451.59,801.85,18857.05,811.0,9.15,0.0507,3.2952,0.0,-801.85,0.0,6.8165,0.0,-801.85,0.0,6.8165,1.0,0.0,0.0,0.0,0.0
577,451.94,794.4,18728.55,819.1,24.7,0.1377,2.861,0.0,-794.4,0.0,6.8165,0.0,-794.4,0.0,6.8165,1.0,0.0,0.0,0.0,0.0
578,452.3,800.2,19080.95,832.1,31.9,0.1745,2.7582,0.0,-800.2,0.0,6.8165,0.0,-800.2,0.0,6.8165,1.0,0.0,0.0,0.0,0.0
579,452.65,785.05,19104.25,811.55,26.5,0.1447,2.8397,0.0,-785.05,0.0,6.8165,0.0,-785.05,0.0,6.8165,1.0,0.0,0.0,0.0,0.0
580,453.01,793.6,19648.8,837.1,43.5,0.2307,2.6369,0.0,-793.6,0.0,6.8165,0.0,-793.6,0.0,6.8165,1.0,0.0,0.0,0.0,0.0
581,453.36,785.25,19111.75,820.55,35.3,0.1926,2.7153,0.0,-785.25,0.0,6.8165,0.0,-785.25,0.0,6.8165,1.0,0.0,0.0,0.0,0.0
582,453.71,797.65,18241.45,817.1,19.45,0.1115,2.9527,0.0,-797.65,0.0,6.8165,0.0,-797.65,0.0,6.8165,1.0,0.0,0.0,0.0,0.0
583,454.07,788.75,18685.45,831.65,42.9,0.2397,2.6203,0.0,-788.75,0.0,6.8165,0.0,-788.75,0.0,6.8165,1.0,0.0,0.0,0.0,0.0
584,454.42,778.95,18717.6,835.45,56.5,0.315,2.5017,0.0,-778.95,0.0,6.8165,0.0,-778.95,0.0,6.8165,1.0,0.0,0.0,0.0,0.0
585,454.78,775.45,19544.4,828.3,52.85,0.2816,2.5504,0.0,-775.45,0.0,6.8165,0.0,-775.45,0.0,6.8165,1.0,0.0,0.0,0.0,0.0
586,455.13,785.5,19540.3,828.4,42.9,0.2287,2.6407,0.0,-785.5,0.0,6.8165,0.0,-785.5,0.0,6.8165,1.0,0.0,0.0,0.0,0.0
587,455.49,808.5,20268.25,822.95,14.45,0.0743,3.1293,0.0,-808.5,0.0,6.8165,0.0,-808.5,0.0,6.8165,1.0,0.0,0.0,0.0,0.0
588,455.84,789.45,19393.45,820.8,31.35,0.1685,2.7734,0.0,-789.45,0.0,6.8165,0.0,-789.45,0.0,6.8165,1.0,0.0,0.0,0.0,0.0
589,456.19,794.75,20441.2,820.6,25.85,0.1316,2.8808,0.0,-794.75,0.0,6.8165,0.0,-794.75,0.0,6.8165,1.0,0.0,0.0,0.0,0.0
590,456.55,796.2,20996.95,833.15,36.95,0.1829,2.7378,0.0,-796.2,0.0,6.8165,0.0,-796.2,0.0,6.8165,1.0,0.0,0.0,0.0,0.0
591,456.9,781.85,21459.05,833.6,51.75,0.2503,2.6016,0.0,-781.85,0.0,6.8165,0.0,-781.85,0.0,6.8165,1.0,0.0,0.0,0.0,0.0
592,457.26,797.65,21664.9,816.9,19.25,0.0922,3.035,0.0,-797.65,0.0,6.8165,0.0,-797.65,0.0,6.8165,1.0,0.0,0.0,0.0,0.0
593,457.61,794.85,21570.4,824.0,29.15,0.1403,2.8529,0.0,-794.85,0.0,6.8165,0.0,-794.85,0.0,6.8165,1.0,0.0,0.0,0.0,0.0
594,457.96,805.1,22123.5,800.85,-4.25,0.0,6.8165,0.0,-805.1,0.0,6.8165,0.0,-805.1,0.0,6.8165,1.0,0.0,0.0,0.0,0.0
595,458.32,795.0,23093.7,821.7,26.7,0.1197,2.9218,0.0,-795.0,0.0,6.8165,0.0,-795.0,0.0,6.8165,1.0,0.0,0.0,0.0,0.0
596,458.67,798.75,22657.7,817.2,18.45,0.0844,3.0736,0.0,-798.75,0.0,6.8165,0.0,-798.75,0.0,6.8165,1.0,0.0,0.0,0.0,0.0
597,459.02,790.1,22694.95,820.35,30.25,0.1381,2.8598,0.0,-790.1,0.0,6.8165,0.0,-790.1,0.0,6.8165,1.0,0.0,0.0,0.0,0.0
598,459.38,803.7,22664.95,822.35,18.65,0.0853,3.069,0.0,-803.7,0.0,6.8165,0.0,-803.7,0.0,6.8165,1.0,0.0,0.0,0.0,0.0
599,459.73,791.75,22936.1,819.55,27.8,0.1255,2.9012,0.0,-791.75,0.0,6.8165,0.0,-791.75,0.0,6.8165,1.0,0.0,0.0,0.0,0.0
600,460.08,801.85,22940.85,822.95,21.1,0.0953,3.0209,0.0,-801.85,0.0,6.8165,0.0,-801.85,0.0,6.8165,1.0,0.0,0.0,0.0,0.0
601,460.44,792.25,23384.6,829.85,37.6,0.1664,2.7788,0.0,-792.25,0.0,6.8165,0.0,-792.25,0.0,6.8165,1.0,0.0,0.0,0.0,0.0
602,460.79,789.35,23173.7,824.75,35.4,0.1581,2.8009,0.0,-789.35,0.0,6.8165,0.0,-789.35,0.0,6.8165,1.0,0.0,0.0,0.0,0.0
603,461.14,796.8,24004.1,816.7,19.9,0.0857,3.0668,0.0,-796.8,0.0,6.8165,0.0,-796.8,0.0,6.8165,1.0,0.0,0.0,0.0,0.0
604,461.49,799.5,24330.25,821.15,21.65,0.092,3.0362,0.0,-799.5,0.0,6.8165,0.0,-799.5,0.0,6.8165,1.0,0.0,0.0,0.0,0.0
605,461.85,799.5,24547.95,821.8,22.3,0.0939,3.0273,0.0,-799.5,0.0,6.8165,0.0,-799.5,0.0,6.8165,1.0,0.0,0.0,0.0,0.0
606,462.2,791.35,25213.35,829.6,38.25,0.1566,2.8051,0.0,-791.35,0.0,6.8165,0.0,-791.35,0.0,6.8165,1.0,0.0,0.0,0.0,0.0
607,462.55,788.1,24845.35,819.4,31.3,0.1301,2.8857,0.0,-788.1,0.0,6.8165,0.0,-788.1,0.0,6.8165,1.0,0.0,0.0,0.0,0.0
608,462.9,790.0,26634.2,817.55,27.55,0.1066,2.9722,0.0,-790.0,0.0,6.8165,0.0,-790.0,0.0,6.8165,1.0,0.0,0.0,0.0,0.0
609,463.26,782.3,27125.75,830.9,48.6,0.1845,2.734,0.0,-782.3,0.0,6.8165,0.0,-782.3,0.0,6.8165,1.0,0.0,0.0,0.0,0.0
610,463.61,792.9,26540.0,809.25,16.35,0.0635,3.1972,0.0,-792.9,0.0,6.8165,0.0,-792.9,0.0,6.8165,1.0,0.0,0.0,0.0,0.0
611,463.96,791.35,26361.7,824.2,32.85,0.1285,2.8912,0.0,-791.35,0.0,6.8165,0.0,-791.35,0.0,6.8165,1.0,0.0,0.0,0.0,0.0
612,464.31,786.35,27077.25,847.7,61.35,0.2334,2.632,0.0,-786.35,0.0,6.8165,0.0,-786.35,0.0,6.8165,1.0,0.0,0.0,0.0,0.0
613,464.66,784.05,26334.2,830.9,46.85,0.1834,2.7367,0.0,-784.05,0.0,6.8165,0.0,-784.05,0.0,6.8165,1.0,0.0,0.0,0.0,0.0
614,465.02,778.8,26205.1,829.75,50.95,0.2004,2.6981,0.0,-778.8,0.0,6.8165,0.0,-778.8,0.0,6.8165,1.0,0.0,0.0,0.0,0.0
615,465.37,791.65,26777.75,827.45,35.8,0.1378,2.8609,0.0,-791.65,0.0,6.8165,0.0,-791.65,0.0,6.8165,1.0,0.0,0.0,0.0,0.0
616,465.72,794.1,27119.55,819.2,25.1,0.0953,3.0207,0.0,-794.1,0.0,6.8165,0.0,-794.1,0.0,6.8165,1.0,0.0,0.0,0.0,0.0
617,466.07,788.2,26776.05,821.6,33.4,0.1285,2.891,0.0,-788.2,0.0,6.8165,0.0,-788.2,0.0,6.8165,1.0,0.0,0.0,0.0,0.0
618,466.42,797.7,27840.75,840.2,42.5,0.1572,2.8037,0.0,-797.7,0.0,6.8165,0.0,-797.7,0.0,6.8165,1.0,0.0,0.0,0.0,0.0
619,466.77,797.1,27976.05,831.5,34.4,0.1266,2.8977,0.0,-797.1,0.0,6.8165,0.0,-797.1,0.0,6.8165,1.0,0.0,0.0,0.0,0.0
620,467.12,786.1,28892.4,826.3,40.2,0.143,2.8446,0.0,-786.1,0.0,6.8165,0.0,-786.1,0.0,6.8165,1.0,0.0,0.0,0.0,0.0
621,467.48,799.45,30545.65,828.05,28.6,0.0961,3.0171,0.0,-799.45,0.0,6.8165,0.0,-799.45,0.0,6.8165,1.0,0.0,0.0,0.0,0.0
622,467.83,792.85,32338.3,830.3,37.45,0.1187,2.9255,0.0,-792.85,0.0,6.8165,0.0,-792.85,0.0,6.8165,1.0,0.0,0.0,0.0,0.0
623,468.18,792.2,32243.15,831.6,39.4,0.1253,2.9021,0.0,-792.2,0.0,6.8165,0.0,-792.2,0.0,6.8165,1.0,0.0,0.0,0.0,0.0
624,468.53,803.05,32883.1,826.7,23.65,0.0737,3.1324,0.0,-803.05,0.0,6.8165,0.0,-803.05,0.0,6.8165,1.0,0.0,0.0,0.0,0.0
625,468.88,795.55,32156.6,816.4,20.85,0.0665,3.1773,0.0,-795.55,0.0,6.8165,0.0,-795.55,0.0,6.8165,1.0,0.0,0.0,0.0,0.0
626,469.23,779.05,31681.8,825.1,46.05,0.149,2.8268,0.0,-779.05,0.0,6.8165,0.0,-779.05,0.0,6.8165,1.0,0.0,0.0,0.0,0.0
627,469.58,782.95,31726.05,826.6,43.65,0.1411,2.8506,0.0,-782.95,0.0,6.8165,0.0,-782.95,0.0,6.8165,1.0,0.0,0.0,0.0,0.0
628,469.93,795.95,31421.05,832.35,36.4,0.1189,2.925,0.0,-795.95,0.0,6.8165,0.0,-795.95,0.0,6.8165,1.0,0.0,0.0,0.0,0.0
629,470.28,793.45,31523.7,824.8,31.35,0.102,2.9913,0.0,-793.45,0.0,6.8165,0.0,-793.45,0.0,6.8165,1.0,0.0,0.0,0.0,0.0
630,470.63,789.75,30942.0,833.7,43.95,0.1458,2.8364,0.0,-789.75,0.0,6.8165,0.0,-789.75,0.0,6.8165,1.0,0.0,0.0,0.0,0.0
631,470.98,787.4,30489.55,839.75,52.35,0.1762,2.7539,0.0,-787.4,0.0,6.8165,0.0,-787.4,0.0,6.8165,1.0,0.0,0.0,0.0,0.0
632,471.33,778.6,29661.65,844.3,65.7,0.2275,2.6431,0.0,-778.6,0.0,6.8165,0.0,-778.6,0.0,6.8165,1.0,0.0,0.0,0.0,0.0
633,471.68,790.85,30480.85,839.5,48.65,0.1639,2.7855,0.0,-790.85,0.0,6.8165,0.0,-790.85,0.0,6.8165,1.0,0.0,0.0,0.0,0.0
634,472.03,790.5,29791.65,847.65,57.15,0.1971,2.7054,0.0,-790.5,0.0,6.8165,0.0,-790.5,0.0,6.8165,1.0,0.0,0.0,0.0,0.0
635,472.38,783.9,29183.05,846.25,62.35,0.2195,2.6585,0.0,-783.9,0.0,6.8165,0.0,-783.9,0.0,6.8165,1.0,0.0,0.0,0.0,0.0
636,472.73,794.1,30688.55,841.95,47.85,0.1601,2.7957,0.0,-794.1,0.0,6.8165,0.0,-794.1,0.0,6.8165,1.0,0.0,0.0,0.0,0.0
637,473.08,779.15,32447.4,848.7,69.55,0.2196,2.6583,0.0,-779.15,0.0,6.8165,0.0,-779.15,0.0,6.8165,1.0,0.0,0.0,0.0,0.0
638,473.43,775.9,34478.45,856.7,80.8,0.2397,2.6203,0.0,-775.9,0.0,6.8165,0.0,-775.9,0.0,6.8165,1.0,0.0,0.0,0.0,0.0
639,473.78,784.45,36124.2,847.65,63.2,0.1788,2.7475,0.0,-784.45,0.0,6.8165,0.0,-784.45,0.0,6.8165,1.0,0.0,0.0,0.0,0.0
640,474.13,787.95,34967.45,865.0,77.05,0.2254,2.647,0.0,-787.95,0.0,6.8165,0.0,-787.95,0.0,6.8165,1.0,0.0,0.0,0.0,0.0
641,474.48,786.6,33444.95,855.7,69.1,0.2116,2.6745,0.0,-786.6,0.0,6.8165,0.0,-786.6,0.0,6.8165,1.0,0.0,0.0,0.0,0.0
642,474.83,766.5,30618.3,855.8,89.3,0.2991,2.5241,0.0,-766.5,0.0,6.8165,0.0,-766.5,0.0,6.8165,1.0,0.0,0.0,0.0,0.0
643,475.18,770.05,30473.35,855.15,85.1,0.2865,2.5429,0.0,-770.05,0.0,6.8165,0.0,-770.05,0.0,6.8165,1.0,0.0,0.0,0.0,0.0
644,475.52,782.45,30063.55,871.7,89.25,0.3048,2.516,0.0,-782.45,0.0,6.8165,0.0,-782.45,0.0,6.8165,1.0,0.0,0.0,0.0,0.0
645,475.87,772.2,29931.9,874.0,101.8,0.3491,2.457,0.0,-772.2,0.0,6.8165,0.0,-772.2,0.0,6.8165,1.0,0.0,0.0,0.0,0.0
646,476.22,795.6,29511.7,886.2,90.6,0.3155,2.501,0.0,-795.6,0.0,6.8165,0.0,-795.6,0.0,6.8165,1.0,0.0,0.0,0.0,0.0
647,476.57,791.4,29487.4,875.6,84.2,0.2934,2.5325,0.0,-791.4,0.0,6.8165,0.0,-791.4,0.0,6.8165,1.0,0.0,0.0,0.0,0.0
648,476.92,780.0,29133.95,877.05,97.05,0.3423,2.4656,0.0,-780.0,0.0,6.8165,0.0,-780.0,0.0,6.8165,1.0,0.0,0.0,0.0,0.0
649,477.27,783.55,29379.4,896.25,112.7,0.3941,2.4044,0.0,-783.55,0.0,6.8165,0.0,-783.55,0.0,6.8165,1.0,0.0,0.0,0.0,0.0
650,477.62,785.05,30183.45,907.1,122.05,0.4152,2.3818,0.0,-785.05,0.0,6.8165,0.0,-785.05,0.0,6.8165,1.0,0.0,0.0,0.0,0.0
651,477.96,779.7,29734.95,900.15,120.45,0.416,2.3809,0.0,-779.7,0.0,6.8165,0.0,-779.7,0.0,6.8165,1.0,0.0,0.0,0.0,0.0
652,478.31,801.7,29857.85,917.55,115.85,0.3987,2.3993,0.0,-801.7,0.0,6.8165,0.0,-801.7,0.0,6.8165,1.0,0.0,0.0,0.0,0.0
653,478.66,797.05,30401.75,937.0,139.95,0.4727,2.3254,0.0,-797.05,0.0,6.8165,0.0,-797.05,0.0,6.8165,1.0,0.0,0.0,0.0,0.0
654,479.01,789.0,31016.6,957.75,168.75,0.5583,2.2532,0.0,-789.0,0.0,6.8165,0.0,-789.0,0.0,6.8165,1.0,0.0,0.0,0.0,0.0
655,479.36,794.0,31101.15,970.95,176.95,0.5839,2.2337,0.0,-794.0,0.0,6.8165,0.0,-794.0,0.0,6.8165,1.0,0.0,0.0,0.0,0.0
656,479.7,786.15,31706.75,1003.8,217.65,0.7039,2.1525,0.0,-786.15,0.0,6.8165,0.0,-786.15,0.0,6.8165,1.0,0.0,0.0,0.0,0.0
657,480.05,791.5,32186.15,1029.6,238.1,0.7584,2.1201,0.0,-791.5,0.0,6.8165,0.0,-791.5,0.0,6.8165,1.0,0.0,0.0,0.0,0.0
658,480.4,791.6,33439.05,1089.75,298.15,0.9132,2.0394,0.0,-791.6,0.0,6.8165,0.0,-791.6,0.0,6.8165,1.0,0.0,0.0,0.0,0.0
659,480.75,801.45,34262.85,1143.2,341.75,1.0213,1.9908,0.0,-801.45,0.0,6.8165,0.0,-801.45,0.0,6.8165,1.0,0.0,0.0,0.0,0.0
660,481.09,791.9,35173.05,1194.7,402.8,1.1716,1.9312,0.0,-791.9,0.0,6.8165,0.0,-791.9,0.0,6.8165,1.0,0.0,0.0,0.0,0.0
661,481.44,792.65,35913.15,1266.5,473.85,1.3492,1.8699,0.0,-792.65,0.0,6.8165,0.0,-792.65,0.0,6.8165,1.0,0.0,0.0,0.0,0.0
662,481.79,791.1,36543.0,1364.1,573.0,1.6027,1.7951,0.0,-791.1,0.0,6.8165,0.0,-791.1,0.0,6.8165,1.0,0.0,0.0,0.0,0.0
663,482.14,784.4,36803.6,1502.6,718.2,1.9939,1.7003,0.0,-784.4,0.0,6.8165,0.0,-784.4,0.0,6.8165,1.0,0.0,0.0,0.0,0.0
664,482.48,792.15,37258.75,1679.4,887.25,2.433,1.6138,0.0,-792.15,0.0,6.8165,0.0,-792.15,0.0,6.8165,1.0,0.0,0.0,0.0,0.0
665,482.83,791.75,37420.0,1899.15,1107.4,3.0233,1.5195,0.0,-791.75,0.0,6.8165,0.0,-791.75,0.0,6.8165,1.0,0.0,0.0,0.0,0.0
666,483.18,781.05,37096.5,2192.8,1411.75,3.8875,1.4103,0.0,-781.05,0.0,6.8165,0.0,-781.05,0.0,6.8165,1.0,0.0,0.0,0.0,0.0
667,483.52,772.7,37537.7,2555.15,1782.45,4.8482,1.3144,0.0,-772.7,0.0,6.8165,0.0,-772.7,0.0,6.8165,1.0,0.0,0.0,0.0,0.0
668,483.87,777.65,37613.25,3102.65,2325.0,6.3118,1.1998,0.0,-777.65,0.0,6.8165,0.0,-777.65,0.0,6.8165,1.0,0.0,0.0,0.0,0.0
669,484.22,789.6,37804.6,3769.85,2980.25,8.0515,1.0941,0.0,-789.6,0.0,6.8165,0.0,-789.6,0.0,6.8165,1.0,0.0,0.0,0.0,0.0
670,484.56,781.8,37757.2,4659.5,3877.7,10.4872,0.9793,0.0,-781.8,0.0,6.8165,0.0,-781.8,0.0,6.8165,1.0,0.0,0.0,0.0,0.0
671,484.91,796.75,37651.05,5940.05,5143.3,13.9558,0.8552,0.0,-796.75,0.0,6.8165,0.0,-796.75,0.0,6.8165,1.0,0.0,0.0,0.0,0.0
672,485.26,784.1,37264.8,7565.65,6781.55,18.5894,0.7307,0.0,-784.1,0.0,6.8165,0.0,-784.1,0.0,6.8165,1.0,0.0,0.0,0.0,0.0
673,485.6,782.6,37084.55,9658.05,8875.45,24.449,0.6117,0.0,-782.6,0.0,6.8165,0.0,-782.6,0.0,6.8165,1.0,0.0,0.0,0.0,0.0
674,485.95,787.7,37186.55,12252.65,11464.95,31.4981,0.5017,0.0,-787.7,0.0,6.8165,0.0,-787.7,0.0,6.8165,1.0,0.0,0.0,0.0,0.0
675,486.3,789.65,36729.95,15147.4,14357.75,39.9489,0.3985,0.0,-789.65,0.0,6.8165,0.0,-789.65,0.0,6.8165,1.0,0.0,0.0,0.0,0.0
676,486.64,790.3,36789.4,18512.45,17722.15,49.2294,0.3078,0.0,-790.3,0.0,6.8165,0.0,-790.3,0.0,6.8165,1.0,0.0,0.0,0.0,0.0
677,486.99,811.1,36843.2,21755.0,20943.9,58.1257,0.2356,0.0,-811.1,0.0,6.8165,0.0,-811.1,0.0,6.8165,1.0,0.0,0.0,0.0,0.0
678,487.33,788.35,37081.75,24769.2,23980.85,66.075,0.18,0.0,-788.35,0.0,6.8165,0.0,-788.35,0.0,6.8165,1.0,0.0,0.0,0.0,0.0
679,487.68,769.15,36927.95,27008.2,26239.05,72.5662,0.1393,0.0,-769.15,0.0,6.8165,0.0,-769.15,0.0,6.8165,1.0,0.0,0.0,0.0,0.0
680,488.02,802.35,37470.5,29086.25,28283.9,77.1348,0.1127,0.0,-802.35,0.0,6.8165,0.0,-802.35,0.0,6.8165,1.0,0.0,0.0,0.0,0.0
681,488.37,799.1,37346.0,30255.1,29456.0,80.5978,0.0937,0.0,-799.1,0.0,6.8165,0.0,-799.1,0.0,6.8165,1.0,0.0,0.0,0.0,0.0
682,488.72,799.85,37496.9,31097.6,30297.75,82.5618,0.0832,0.0,-799.85,0.0,6.8165,0.0,-799.85,0.0,6.8165,1.0,0.0,0.0,0.0,0.0
683,489.06,783.1,37778.65,31393.2,30610.1,82.74,0.0823,0.0,-783.1,0.0,6.8165,0.0,-783.1,0.0,6.8165,1.0,0.0,0.0,0.0,0.0
684,489.41,790.8,38000.75,31679.35,30888.55,83.0115,0.0809,0.0,-790.8,0.0,6.8165,0.0,-790.8,0.0,6.8165,1.0,0.0,0.0,0.0,0.0
685,489.75,791.45,38177.85,31468.7,30677.25,82.0546,0.0859,0.0,-791.45,0.0,6.8165,0.0,-791.45,0.0,6.8165,1.0,0.0,0.0,0.0,0.0
686,490.1,789.9,38265.7,31566.95,30777.05,82.1251,0.0855,0.0,-789.9,0.0,6.8165,0.0,-789.9,0.0,6.8165,1.0,0.0,0.0,0.0,0.0
687,490.44,806.55,38278.95,31166.0,30359.45,81.0182,0.0914,0.0,-806.55,0.0,6.8165,0.0,-806.55,0.0,6.8165,1.0,0.0,0.0,0.0,0.0
688,490.79,806.8,39175.25,31547.2,30740.4,80.119,0.0963,0.0,-806.8,0.0,6.8165,0.0,-806.8,0.0,6.8165,1.0,0.0,0.0,0.0,0.0
689,491.13,805.75,39225.1,31188.3,30382.55,79.0814,0.1019,0.0,-805.75,0.0,6.8165,0.0,-805.75,0.0,6.8165,1.0,0.0,0.0,0.0,0.0
690,491.48,785.35,39950.5,31535.6,30750.25,78.5143,0.1051,0.0,-785.35,0.0,6.8165,0.0,-785.35,0.0,6.8165,1.0,0.0,0.0,0.0,0.0
691,491.82,792.9,41544.8,32225.35,31432.45,77.1313,0.1128,0.0,-792.9,0.0,6.8165,0.0,-792.9,0.0,6.8165,1.0,0.0,0.0,0.0,0.0
692,492.16,784.65,42912.65,32945.55,32160.9,76.3409,0.1172,0.0,-784.65,0.0,6.8165,0.0,-784.65,0.0,6.8165,1.0,0.0,0.0,0.0,0.0
693,492.51,799.8,43509.8,33309.15,32509.35,76.1165,0.1185,0.0,-799.8,0.0,6.8165,0.0,-799.8,0.0,6.8165,1.0,0.0,0.0,0.0,0.0
694,492.85,794.05,43528.6,33157.75,32363.7,75.7319,0.1207,0.0,-794.05,0.0,6.8165,0.0,-794.05,0.0,6.8165,1.0,0.0,0.0,0.0,0.0
695,493.2,793.4,43007.05,32721.8,31928.4,75.6353,0.1213,0.0,-793.4,0.0,6.8165,0.0,-793.4,0.0,6.8165,1.0,0.0,0.0,0.0,0.0
696,493.54,776.8,43151.6,32865.0,32088.2,75.7247,0.1208,0.0,-776.8,0.0,6.8165,0.0,-776.8,0.0,6.8165,1.0,0.0,0.0,0.0,0.0
697,493.89,780.4,42369.95,32435.8,31655.4,76.1138,0.1185,0.0,-780.4,0.0,6.8165,0.0,-780.4,0.0,6.8165,1.0,0.0,0.0,0.0,0.0
698,494.23,796.65,42149.65,32679.4,31882.75,77.099,0.113,0.0,-796.65,0.0,6.8165,0.0,-796.65,0.0,6.8165,1.0,0.0,0.0,0.0,0.0
699,494.57,793.55,41504.05,32176.0,31382.45,77.0869,0.113,0.0,-793.55,0.0,6.8165,0.0,-793.55,0.0,6.8165,1.0,0.0,0.0,0.0,0.0
700,494.92,795.8,41394.95,31612.75,30816.95,75.9054,0.1197,0.0,-795.8,0.0,6.8165,0.0,-795.8,0.0,6.8165,1.0,0.0,0.0,0.0,0.0
701,495.26,802.6,41418.8,30437.15,29634.55,72.9624,0.1369,0.0,-802.6,0.0,6.8165,0.0,-802.6,0.0,6.8165,1.0,0.0,0.0,0.0,0.0
702,495.6,789.2,41181.65,28322.6,27533.4,68.1647,0.1664,0.0,-789.2,0.0,6.8165,0.0,-789.2,0.0,6.8165,1.0,0.0,0.0,0.0,0.0
703,495.95,779.1,40697.05,25339.65,24560.55,61.5276,0.2109,0.0,-779.1,0.0,6.8165,0.0,-779.1,0.0,6.8165,1.0,0.0,0.0,0.0,0.0
704,496.29,799.6,40953.35,21938.25,21138.65,52.6443,0.2786,0.0,-799.6,0.0,6.8165,0.0,-799.6,0.0,6.8165,1.0,0.0,0.0,0.0,0.0
705,496.63,796.4,40743.05,17810.8,17014.4,42.5928,0.3707,0.0,-796.4,0.0,6.8165,0.0,-796.4,0.0,6.8165,1.0,0.0,0.0,0.0,0.0
706,496.98,803.4,40455.4,13871.15,13067.75,32.9561,0.4821,0.0,-803.4,0.0,6.8165,0.0,-803.4,0.0,6.8165,1.0,0.0,0.0,0.0,0.0
707,497.32,787.55,40450.85,10835.15,10047.6,25.3322,0.5963,0.0,-787.55,0.0,6.8165,0.0,-787.55,0.0,6.8165,1.0,0.0,0.0,0.0,0.0
708,497.66,769.35,40280.15,8310.9,7541.55,19.0873,0.7193,0.0,-769.35,0.0,6.8165,0.0,-769.35,0.0,6.8165,1.0,0.0,0.0,0.0,0.0
709,498.01,784.25,40260.2,6400.5,5616.25,14.227,0.8469,0.0,-784.25,0.0,6.8165,0.0,-784.25,0.0,6.8165,1.0,0.0,0.0,0.0,0.0
710,498.35,788.65,40123.75,5001.35,4212.7,10.7098,0.9702,0.0,-788.65,0.0,6.8165,0.0,-788.65,0.0,6.8165,1.0,0.0,0.0,0.0,0.0
711,498.69,796.0,40221.65,3958.55,3162.55,8.0216,1.0957,0.0,-796.0,0.0,6.8165,0.0,-796.0,0.0,6.8165,1.0,0.0,0.0,0.0,0.0
712,499.03,789.95,40032.75,3205.0,2415.05,6.1541,1.2108,0.0,-789.95,0.0,6.8165,0.0,-789.95,0.0,6.8165,1.0,0.0,0.0,0.0,0.0
713,499.38,788.25,40015.05,2653.9,1865.65,4.7561,1.3228,0.0,-788.25,0.0,6.8165,0.0,-788.25,0.0,6.8165,1.0,0.0,0.0,0.0,0.0
714,499.72,794.25,40041.3,2275.45,1481.2,3.774,1.4232,0.0,-794.25,0.0,6.8165,0.0,-794.25,0.0,6.8165,1.0,0.0,0.0,0.0,0.0
715,500.06,784.0,40323.5,1948.0,1164.0,2.9439,1.5311,0.0,-784.0,0.0,6.8165,0.0,-784.0,0.0,6.8165,1.0,0.0,0.0,0.0,0.0
716,500.4,785.25,40294.7,1730.95,945.7,2.3936,1.6209,0.0,-785.25,0.0,6.8165,0.0,-785.25,0.0,6.8165,1.0,0.0,0.0,0.0,0.0
717,500.75,797.15,40480.8,1540.25,743.1,1.8726,1.7276,0.0,-797.15,0.0,6.8165,0.0,-797.15,0.0,6.8165,1.0,0.0,0.0,0.0,0.0
718,501.09,790.45,40227.45,1428.95,638.5,1.619,1.7907,0.0,-790.45,0.0,6.8165,0.0,-790.45,0.0,6.8165,1.0,0.0,0.0,0.0,0.0
719,501.43,786.45,40154.9,1313.05,526.6,1.3376,1.8737,0.0,-786.45,0.0,6.8165,0.0,-786.45,0.0,6.8165,1.0,0.0,0.0,0.0,0.0
720,501.77,792.2,40672.75,1242.3,450.1,1.1286,1.9475,0.0,-792.2,0.0,6.8165,0.0,-792.2,0.0,6.8165,1.0,0.0,0.0,0.0,0.0
721,502.11,782.85,41202.5,1177.25,394.4,0.9758,2.0107,0.0,-782.85,0.0,6.8165,0.0,-782.85,0.0,6.8165,1.0,0.0,0.0,0.0,0.0
722,502.46,777.45,40417.5,1118.0,340.55,0.8591,2.066,0.0,-777.45,0.0,6.8165,0.0,-777.45,0.0,6.8165,1.0,0.0,0.0,0.0,0.0
723,502.8,778.45,40650.8,1085.5,307.05,0.7701,2.1135,0.0,-778.45,0.0,6.8165,0.0,-778.45,0.0,6.8165,1.0,0.0,0.0,0.0,0.0
724,503.14,791.45,40688.05,1042.3,250.85,0.6288,2.2015,0.0,-791.45,0.0,6.8165,0.0,-791.45,0.0,6.8165,1.0,0.0,0.0,0.0,0.0
725,503.48,787.9,41074.4,998.15,210.25,0.5219,2.2824,0.0,-787.9,0.0,6.8165,0.0,-787.9,0.0,6.8165,1.0,0.0,0.0,0.0,0.0
726,503.82,786.35,41260.8,991.1,204.75,0.5059,2.296,0.0,-786.35,0.0,6.8165,0.0,-786.35,0.0,6.8165,1.0,0.0,0.0,0.0,0.0
727,504.16,789.7,40991.55,953.5,163.8,0.4074,2.3899,0.0,-789.7,0.0,6.8165,0.0,-789.7,0.0,6.8165,1.0,0.0,0.0,0.0,0.0
728,504.5,800.55,40879.5,946.1,145.55,0.3632,2.4399,0.0,-800.55,0.0,6.8165,0.0,-800.55,0.0,6.8165,1.0,0.0,0.0,0.0,0.0
729,504.84,778.45,41301.15,935.2,156.75,0.3868,2.4125,0.0,-778.45,0.0,6.8165,0.0,-778.45,0.0,6.8165,1.0,0.0,0.0,0.0,0.0
730,505.19,798.1,41428.8,916.4,118.3,0.2912,2.5359,0.0,-798.1,0.0,6.8165,0.0,-798.1,0.0,6.8165,1.0,0.0,0.0,0.0,0.0
731,505.53,797.15,41260.45,910.25,113.1,0.2795,2.5536,0.0,-797.15,0.0,6.8165,0.0,-797.15,0.0,6.8165,1.0,0.0,0.0,0.0,0.0
732,505.87,795.95,40879.05,897.65,101.7,0.2537,2.5956,0.0,-795.95,0.0,6.8165,0.0,-795.95,0.0,6.8165,1.0,0.0,0.0,0.0,0.0
733,506.21,780.6,41144.45,899.7,119.1,0.2951,2.5301,0.0,-780.6,0.0,6.8165,0.0,-780.6,0.0,6.8165,1.0,0.0,0.0,0.0,0.0
734,506.55,785.3,41319.85,876.6,91.3,0.2252,2.6474,0.0,-785.3,0.0,6.8165,0.0,-785.3,0.0,6.8165,1.0,0.0,0.0,0.0,0.0
735,506.89,797.8,41162.1,891.7,93.9,0.2326,2.6333,0.0,-797.8,0.0,6.8165,0.0,-797.8,0.0,6.8165,1.0,0.0,0.0,0.0,0.0
736,507.23,793.9,41159.25,863.3,69.4,0.1719,2.7646,0.0,-793.9,0.0,6.8165,0.0,-793.9,0.0,6.8165,1.0,0.0,0.0,0.0,0.0
737,507.57,793.45,41226.05,873.75,80.3,0.1986,2.702,0.0,-793.45,0.0,6.8165,0.0,-793.45,0.0,6.8165,1.0,0.0,0.0,0.0,0.0
738,507.91,792.55,41792.0,867.9,75.35,0.1838,2.7357,0.0,-792.55,0.0,6.8165,0.0,-792.55,0.0,6.8165,1.0,0.0,0.0,0.0,0.0
739,508.25,794.15,41894.6,864.0,69.85,0.1699,2.7697,0.0,-794.15,0.0,6.8165,0.0,-794.15,0.0,6.8165,1.0,0.0,0.0,0.0,0.0
740,508.59,801.85,41549.25,856.75,54.9,0.1347,2.8705,0.0,-801.85,0.0,6.8165,0.0,-801.85,0.0,6.8165,1.0,0.0,0.0,0.0,0.0
741,508.93,797.1,41724.7,859.0,61.9,0.1512,2.8203,0.0,-797.1,0.0,6.8165,0.0,-797.1,0.0,6.8165,1.0,0.0,0.0,0.0,0.0
742,509.27,800.05,41872.3,861.3,61.25,0.1491,2.8264,0.0,-800.05,0.0,6.8165,0.0,-800.05,0.0,6.8165,1.0,0.0,0.0,0.0,0.0
743,509.61,792.35,42043.95,856.85,64.5,0.1564,2.8059,0.0,-792.35,0.0,6.8165,0.0,-792.35,0.0,6.8165,1.0,0.0,0.0,0.0,0.0
744,509.95,790.95,42342.95,848.25,57.3,0.1379,2.8604,0.0,-790.95,0.0,6.8165,0.0,-790.95,0.0,6.8165,1.0,0.0,0.0,0.0,0.0
745,510.29,800.2,42087.45,842.35,42.15,0.1021,2.991,0.0,-800.2,0.0,6.8165,0.0,-800.2,0.0,6.8165,1.0,0.0,0.0,0.0,0.0
746,510.63,797.15,42136.2,847.25,50.1,0.1212,2.9165,0.0,-797.15,0.0,6.8165,0.0,-797.15,0.0,6.8165,1.0,0.0,0.0,0.0,0.0
747,510.97,783.75,42238.8,852.1,68.35,0.1649,2.7828,0.0,-783.75,0.0,6.8165,0.0,-783.75,0.0,6.8165,1.0,0.0,0.0,0.0,0.0
748,511.31,785.85,42408.7,841.05,55.2,0.1326,2.8774,0.0,-785.85,0.0,6.8165,0.0,-785.85,0.0,6.8165,1.0,0.0,0.0,0.0,0.0
749,511.65,800.35,42797.85,830.25,29.9,0.0712,3.1476,0.0,-800.35,0.0,6.8165,0.0,-800.35,0.0,6.8165,1.0,0.0,0.0,0.0,0.0
750,511.98,789.15,42775.45,835.85,46.7,0.1112,2.9538,0.0,-789.15,0.0,6.8165,0.0,-789.15,0.0,6.8165,1.0,0.0,0.0,0.0,0.0
751,512.32,784.85,42722.25,829.05,44.2,0.1054,2.9772,0.0,-784.85,0.0,6.8165,0.0,-784.85,0.0,6.8165,1.0,0.0,0.0,0.0,0.0
752,512.66,782.5,42799.2,838.3,55.8,0.1328,2.8768,0.0,-782.5,0.0,6.8165,0.0,-782.5,0.0,6.8165,1.0,0.0,0.0,0.0,0.0
753,513.0,804.2,42959.9,833.95,29.75,0.0706,3.1514,0.0,-804.2,0.0,6.8165,0.0,-804.2,0.0,6.8165,1.0,0.0,0.0,0.0,0.0
754,513.34,796.5,43067.25,833.3,36.8,0.0871,3.0602,0.0,-796.5,0.0,6.8165,0.0,-796.5,0.0,6.8165,1.0,0.0,0.0,0.0,0.0
755,513.68,781.6,43307.15,828.45,46.85,0.1102,2.9579,0.0,-781.6,0.0,6.8165,0.0,-781.6,0.0,6.8165,1.0,0.0,0.0,0.0,0.0
756,514.02,777.85,44057.35,836.95,59.1,0.1366,2.8647,0.0,-777.85,0.0,6.8165,0.0,-777.85,0.0,6.8165,1.0,0.0,0.0,0.0,0.0
757,514.36,781.4,43919.65,842.75,61.35,0.1422,2.847,0.0,-781.4,0.0,6.8165,0.0,-781.4,0.0,6.8165,1.0,0.0,0.0,0.0,0.0
758,514.69,786.55,43819.05,836.15,49.6,0.1153,2.9383,0.0,-786.55,0.0,6.8165,0.0,-786.55,0.0,6.8165,1.0,0.0,0.0,0.0,0.0
759,515.03,781.8,44240.85,835.95,54.15,0.1246,2.9045,0.0,-781.8,0.0,6.8165,0.0,-781.8,0.0,6.8165,1.0,0.0,0.0,0.0,0.0
760,515.37,795.85,44196.4,834.35,38.5,0.0887,3.052,0.0,-795.85,0.0,6.8165,0.0,-795.85,0.0,6.8165,1.0,0.0,0.0,0.0,0.0
761,515.71,788.15,44117.05,834.5,46.35,0.107,2.9707,0.0,-788.15,0.0,6.8165,0.0,-788.15,0.0,6.8165,1.0,0.0,0.0,0.0,0.0
762,516.05,797.45,44065.5,831.1,33.65,0.0778,3.1092,0.0,-797.45,0.0,6.8165,0.0,-797.45,0.0,6.8165,1.0,0.0,0.0,0.0,0.0
763,516.38,795.85,44232.8,822.6,26.75,0.0616,3.2105,0.0,-795.85,0.0,6.8165,0.0,-795.85,0.0,6.8165,1.0,0.0,0.0,0.0,0.0
764,516.72,798.55,44668.25,820.05,21.5,0.049,3.3097,0.0,-798.55,0.0,6.8165,0.0,-798.55,0.0,6.8165,1.0,0.0,0.0,0.0,0.0
765,517.06,798.9,44487.3,817.65,18.75,0.0429,3.3674,0.0,-798.9,0.0,6.8165,0.0,-798.9,0.0,6.8165,1.0,0.0,0.0,0.0,0.0
766,517.4,794.15,44553.15,823.15,29.0,0.0663,3.1787,0.0,-794.15,0.0,6.8165,0.0,-794.15,0.0,6.8165,1.0,0.0,0.0,0.0,0.0
767,517.73,789.45,44704.65,829.75,40.3,0.0918,3.0373,0.0,-789.45,0.0,6.8165,0.0,-789.45,0.0,6.8165,1.0,0.0,0.0,0.0,0.0
768,518.07,766.8,45014.0,804.5,37.7,0.0852,3.0695,0.0,-766.8,0.0,6.8165,0.0,-766.8,0.0,6.8165,1.0,0.0,0.0,0.0,0.0
769,518.41,787.5,45795.0,817.4,29.9,0.0664,3.1776,0.0,-787.5,0.0,6.8165,0.0,-787.5,0.0,6.8165,1.0,0.0,0.0,0.0,0.0
770,518.75,790.8,45548.65,824.4,33.6,0.0751,3.1245,0.0,-790.8,0.0,6.8165,0.0,-790.8,0.0,6.8165,1.0,0.0,0.0,0.0,0.0
771,519.08,800.1,45354.15,819.9,19.8,0.0444,3.3522,0.0,-800.1,0.0,6.8165,0.0,-800.1,0.0,6.8165,1.0,0.0,0.0,0.0,0.0
772,519.42,802.0,45166.3,822.6,20.6,0.0464,3.3332,0.0,-802.0,0.0,6.8165,0.0,-802.0,0.0,6.8165,1.0,0.0,0.0,0.0,0.0
773,519.76,795.45,45309.0,820.5,25.05,0.0563,3.2497,0.0,-795.45,0.0,6.8165,0.0,-795.45,0.0,6.8165,1.0,0.0,0.0,0.0,0.0
774,520.09,795.75,45918.55,829.95,34.2,0.0758,3.1204,0.0,-795.75,0.0,6.8165,0.0,-795.75,0.0,6.8165,1.0,0.0,0.0,0.0,0.0
775,520.43,789.75,45882.7,809.45,19.7,0.0437,3.3596,0.0,-789.75,0.0,6.8165,0.0,-789.75,0.0,6.8165,1.0,0.0,0.0,0.0,0.0
776,520.77,800.0,45298.45,825.7,25.7,0.0578,3.2384,0.0,-800.0,0.0,6.8165,0.0,-800.0,0.0,6.8165,1.0,0.0,0.0,0.0,0.0
777,521.1,798.7,45274.65,816.0,17.3,0.0389,3.4101,0.0,-798.7,0.0,6.8165,0.0,-798.7,0.0,6.8165,1.0,0.0,0.0,0.0,0.0
778,521.44,792.4,45261.65,817.3,24.9,0.056,3.2519,0.0,-792.4,0.0,6.8165,0.0,-792.4,0.0,6.8165,1.0,0.0,0.0,0.0,0.0
779,521.78,797.05,46065.75,815.1,18.05,0.0399,3.3993,0.0,-797.05,0.0,6.8165,0.0,-797.05,0.0,6.8165,1.0,0.0,0.0,0.0,0.0
780,522.11,785.3,46254.15,813.45,28.15,0.0619,3.2082,0.0,-785.3,0.0,6.8165,0.0,-785.3,0.0,6.8165,1.0,0.0,0.0,0.0,0.0
781,522.45,794.7,45904.4,811.65,16.95,0.0376,3.4251,0.0,-794.7,0.0,6.8165,0.0,-794.7,0.0,6.8165,1.0,0.0,0.0,0.0,0.0
782,522.78,796.05,45425.05,806.8,10.75,0.0241,3.6182,0.0,-796.05,0.0,6.8165,0.0,-796.05,0.0,6.8165,1.0,0.0,0.0,0.0,0.0
783,523.12,794.35,46062.35,804.4,10.05,0.0222,3.6536,0.0,-794.35,0.0,6.8165,0.0,-794.35,0.0,6.8165,1.0,0.0,0.0,0.0,0.0
784,523.46,790.9,46251.85,811.4,20.5,0.0451,3.3459,0.0,-790.9,0.0,6.8165,0.0,-790.9,0.0,6.8165,1.0,0.0,0.0,0.0,0.0
785,523.79,805.0,46224.95,801.65,-3.35,0.0,6.8165,0.0,-805.0,0.0,6.8165,0.0,-805.0,0.0,6.8165,1.0,0.0,0.0,0.0,0.0
786,524.13,789.05,46160.15,814.5,25.45,0.0561,3.2511,0.0,-789.05,0.0,6.8165,0.0,-789.05,0.0,6.8165,1.0,0.0,0.0,0.0,0.0
787,524.46,781.4,46070.8,811.4,30.0,0.0662,3.1789,0.0,-781.4,0.0,6.8165,0.0,-781.4,0.0,6.8165,1.0,0.0,0.0,0.0,0.0
788,524.8,796.55,46605.05,813.25,16.7,0.0365,3.4382,0.0,-796.55,0.0,6.8165,0.0,-796.55,0.0,6.8165,1.0,0.0,0.0,0.0,0.0
789,525.13,798.45,46135.0,810.85,12.4,0.0274,3.563,0.0,-798.45,0.0,6.8165,0.0,-798.45,0.0,6.8165,1.0,0.0,0.0,0.0,0.0
790,525.47,783.05,46030.25,805.7,22.65,0.0501,3.3005,0.0,-783.05,0.0,6.8165,0.0,-783.05,0.0,6.8165,1.0,0.0,0.0,0.0,0.0
791,525.8,790.3,46183.05,806.2,15.9,0.035,3.4556,0.0,-790.3,0.0,6.8165,0.0,-790.3,0.0,6.8165,1.0,0.0,0.0,0.0,0.0
792,526.14,781.85,46467.75,822.65,40.8,0.0893,3.0491,0.0,-781.85,0.0,6.8165,0.0,-781.85,0.0,6.8165,1.0,0.0,0.0,0.0,0.0
793,526.47,800.95,46607.15,825.25,24.3,0.053,3.2753,0.0,-800.95,0.0,6.8165,0.0,-800.95,0.0,6.8165,1.0,0.0,0.0,0.0,0.0
794,526.81,791.05,46468.1,806.75,15.7,0.0344,3.4638,0.0,-791.05,0.0,6.8165,0.0,-791.05,0.0,6.8165,1.0,0.0,0.0,0.0,0.0
795,527.14,801.3,46346.55,814.55,13.25,0.0291,3.5362,0.0,-801.3,0.0,6.8165,0.0,-801.3,0.0,6.8165,1.0,0.0,0.0,0.0,0.0
796,527.48,778.4,46526.55,818.4,40.0,0.0874,3.0583,0.0,-778.4,0.0,6.8165,0.0,-778.4,0.0,6.8165,1.0,0.0,0.0,0.0,0.0
797,527.81,796.15,46747.55,810.25,14.1,0.0307,3.5131,0.0,-796.15,0.0,6.8165,0.0,-796.15,0.0,6.8165,1.0,0.0,0.0,0.0,0.0
798,528.15,784.3,46554.8,808.75,24.45,0.0534,3.2723,0.0,-784.3,0.0,6.8165,0.0,-784.3,0.0,6.8165,1.0,0.0,0.0,0.0,0.0
799,528.48,789.2,46507.1,803.8,14.6,0.0319,3.4957,0.0,-789.2,0.0,6.8165,0.0,-789.2,0.0,6.8165,1.0,0.0,0.0,0.0,0.0
800,528.82,786.75,46850.9,799.45,12.7,0.0276,3.5596,0.0,-786.75,0.0,6.8165,0.0,-786.75,0.0,6.8165,1.0,0.0,0.0,0.0,0.0
801,529.15,799.9,47188.8,820.7,20.8,0.0448,3.3484,0.0,-799.9,0.0,6.8165,0.0,-799.9,0.0,6.8165,1.0,0.0,0.0,0.0,0.0
802,529.49,798.5,47535.0,795.35,-3.15,0.0,6.8165,0.0,-798.5,0.0,6.8165,0.0,-798.5,0.0,6.8165,1.0,0.0,0.0,0.0,0.0
803,529.82,794.1,47483.8,804.4,10.3,0.0221,3.6564,0.0,-794.1,0.0,6.8165,0.0,-794.1,0.0,6.8165,1.0,0.0,0.0,0.0,0.0
804,530.15,790.55,47138.75,809.5,18.95,0.0409,3.3884,0.0,-790.55,0.0,6.8165,0.0,-790.55,0.0,6.8165,1.0,0.0,0.0,0.0,0.0
805,530.49,803.55,46565.75,805.05,1.5,0.0033,4.4844,0.0,-803.55,0.0,6.8165,0.0,-803.55,0.0,6.8165,1.0,0.0,0.0,0.0,0.0
806,530.82,807.15,47339.9,813.25,6.1,0.0131,3.8824,0.0,-807.15,0.0,6.8165,0.0,-807.15,0.0,6.8165,1.0,0.0,0.0,0.0,0.0
807,531.16,799.7,47334.75,813.3,13.6,0.0292,3.5342,0.0,-799.7,0.0,6.8165,0.0,-799.7,0.0,6.8165,1.0,0.0,0.0,0.0,0.0
808,531.49,786.95,47373.8,805.7,18.75,0.0402,3.3953,0.0,-786.95,0.0,6.8165,0.0,-786.95,0.0,6.8165,1.0,0.0,0.0,0.0,0.0
809,531.82,787.3,47328.95,800.25,12.95,0.0278,3.5556,0.0,-787.3,0.0,6.8165,0.0,-787.3,0.0,6.8165,1.0,0.0,0.0,0.0,0.0
810,532.16,802.5,46600.05,802.05,-0.45,0.0,6.8165,0.0,-802.5,0.0,6.8165,0.0,-802.5,0.0,6.8165,1.0,0.0,0.0,0.0,0.0
811,532.49,782.4,46661.6,802.2,19.8,0.0432,3.365,0.0,-782.4,0.0,6.8165,0.0,-782.4,0.0,6.8165,1.0,0.0,0.0,0.0,0.0
812,532.82,799.05,47138.7,808.1,9.05,0.0195,3.7093,0.0,-799.05,0.0,6.8165,0.0,-799.05,0.0,6.8165,1.0,0.0,0.0,0.0,0.0
813,533.16,805.95,47147.35,804.1,-1.85,0.0,6.8165,0.0,-805.95,0.0,6.8165,0.0,-805.95,0.0,6.8165,1.0,0.0,0.0,0.0,0.0
814,533.49,782.15,46677.75,822.4,40.25,0.0877,3.057,0.0,-782.15,0.0,6.8165,0.0,-782.15,0.0,6.8165,1.0,0.0,0.0,0.0,0.0
815,533.82,781.25,46554.5,805.9,24.65,0.0539,3.2688,0.0,-781.25,0.0,6.8165,0.0,-781.25,0.0,6.8165,1.0,0.0,0.0,0.0,0.0
816,534.15,778.95,46555.6,807.05,28.1,0.0614,3.2119,0.0,-778.95,0.0,6.8165,0.0,-778.95,0.0,6.8165,1.0,0.0,0.0,0.0,0.0
817,534.49,787.1,46614.8,803.15,16.05,0.035,3.4557,0.0,-787.1,0.0,6.8165,0.0,-787.1,0.0,6.8165,1.0,0.0,0.0,0.0,0.0
818,534.82,787.25,46651.95,826.2,38.95,0.0849,3.071,0.0,-787.25,0.0,6.8165,0.0,-787.25,0.0,6.8165,1.0,0.0,0.0,0.0,0.0
819,535.15,796.45,46826.5,816.5,20.05,0.0436,3.3609,0.0,-796.45,0.0,6.8165,0.0,-796.45,0.0,6.8165,1.0,0.0,0.0,0.0,0.0
820,535.48,789.85,46727.65,807.9,18.05,0.0393,3.4057,0.0,-789.85,0.0,6.8165,0.0,-789.85,0.0,6.8165,1.0,0.0,0.0,0.0,0.0
821,535.82,788.9,46276.5,799.55,10.65,0.0234,3.6305,0.0,-788.9,0.0,6.8165,0.0,-788.9,0.0,6.8165,1.0,0.0,0.0,0.0,0.0
822,536.15,795.25,46205.25,812.0,16.75,0.0369,3.4331,0.0,-795.25,0.0,6.8165,0.0,-795.25,0.0,6.8165,1.0,0.0,0.0,0.0,0.0
823,536.48,787.05,46571.0,810.0,22.95,0.0501,3.2999,0.0,-787.05,0.0,6.8165,0.0,-787.05,0.0,6.8165,1.0,0.0,0.0,0.0,0.0
824,536.81,789.4,46693.25,808.65,19.25,0.0419,3.3774,0.0,-789.4,0.0,6.8165,0.0,-789.4,0.0,6.8165,1.0,0.0,0.0,0.0,0.0
825,537.15,796.75,46503.35,809.45,12.7,0.0278,3.5562,0.0,-796.75,0.0,6.8165,0.0,-796.75,0.0,6.8165,1.0,0.0,0.0,0.0,0.0
826,537.48,798.8,46714.95,814.95,16.15,0.0352,3.4538,0.0,-798.8,0.0,6.8165,0.0,-798.8,0.0,6.8165,1.0,0.0,0.0,0.0,0.0
827,537.81,791.9,46366.35,782.0,-9.9,0.0,6.8165,0.0,-791.9,0.0,6.8165,0.0,-791.9,0.0,6.8165,1.0,0.0,0.0,0.0,0.0
828,538.14,790.35,46135.5,810.0,19.65,0.0433,3.3632,0.0,-790.35,0.0,6.8165,0.0,-790.35,0.0,6.8165,1.0,0.0,0.0,0.0,0.0
829,538.47,795.4,46586.65,814.95,19.55,0.0427,3.3696,0.0,-795.4,0.0,6.8165,0.0,-795.4,0.0,6.8165,1.0,0.0,0.0,0.0,0.0
830,538.8,805.25,47075.1,805.05,-0.2,0.0,6.8165,0.0,-805.25,0.0,6.8165,0.0,-805.25,0.0,6.8165,1.0,0.0,0.0,0.0,0.0
831,539.14,803.1,47006.75,816.85,13.75,0.0298,3.5264,0.0,-803.1,0.0,6.8165,0.0,-803.1,0.0,6.8165,1.0,0.0,0.0,0.0,0.0
832,539.47,786.0,46730.25,793.45,7.45,0.0162,3.7901,0.0,-786.0,0.0,6.8165,0.0,-786.0,0.0,6.8165,1.0,0.0,0.0,0.0,0.0
833,539.8,802.65,46583.8,799.55,-3.1,0.0,6.8165,0.0,-802.65,0.0,6.8165,0.0,-802.65,0.0,6.8165,1.0,0.0,0.0,0.0,0.0
834,540.13,782.8,46886.05,807.15,24.35,0.0528,3.2772,0.0,-782.8,0.0,6.8165,0.0,-782.8,0.0,6.8165,1.0,0.0,0.0,0.0,0.0
835,540.46,796.85,47390.1,825.85,29.0,0.0622,3.2059,0.0,-796.85,0.0,6.8165,0.0,-796.85,0.0,6.8165,1.0,0.0,0.0,0.0,0.0
836,540.79,792.8,47629.45,813.6,20.8,0.0444,3.3525,0.0,-792.8,0.0,6.8165,0.0,-792.8,0.0,6.8165,1.0,0.0,0.0,0.0,0.0
837,541.12,782.35,47245.0,797.6,15.25,0.0328,3.4838,0.0,-782.35,0.0,6.8165,0.0,-782.35,0.0,6.8165,1.0,0.0,0.0,0.0,0.0
838,541.45,799.35,47411.8,792.4,-6.95,0.0,6.8165,0.0,-799.35,0.0,6.8165,0.0,-799.35,0.0,6.8165,1.0,0.0,0.0,0.0,0.0
839,541.78,782.25,47832.0,799.65,17.4,0.037,3.432,0.0,-782.25,0.0,6.8165,0.0,-782.25,0.0,6.8165,1.0,0.0,0.0,0.0,0.0
840,542.11,796.15,47582.8,810.2,14.05,0.03,3.5224,0.0,-796.15,0.0,6.8165,0.0,-796.15,0.0,6.8165,1.0,0.0,0.0,0.0,0.0
841,542.44,798.65,47742.3,810.5,11.85,0.0252,3.5979,0.0,-798.65,0.0,6.8165,0.0,-798.65,0.0,6.8165,1.0,0.0,0.0,0.0,0.0
842,542.78,787.05,48267.45,808.7,21.65,0.0456,3.3411,0.0,-787.05,0.0,6.8165,0.0,-787.05,0.0,6.8165,1.0,0.0,0.0,0.0,0.0
843,543.11,796.95,48388.35,798.75,1.8,0.0038,4.4223,0.0,-796.95,0.0,6.8165,0.0,-796.95,0.0,6.8165,1.0,0.0,0.0,0.0,0.0
844,543.44,790.95,48473.35,812.25,21.3,0.0447,3.35,0.0,-790.95,0.0,6.8165,0.0,-790.95,0.0,6.8165,1.0,0.0,0.0,0.0,0.0
845,543.77,782.65,48288.45,818.15,35.5,0.0747,3.1265,0.0,-782.65,0.0,6.8165,0.0,-782.65,0.0,6.8165,1.0,0.0,0.0,0.0,0.0
846,544.1,789.65,48346.15,810.05,20.4,0.0429,3.3676,0.0,-789.65,0.0,6.8165,0.0,-789.65,0.0,6.8165,1.0,0.0,0.0,0.0,0.0
847,544.43,805.1,48427.15,806.5,1.4,0.0029,4.5317,0.0,-805.1,0.0,6.8165,0.0,-805.1,0.0,6.8165,1.0,0.0,0.0,0.0,0.0
848,544.76,804.35,48345.55,805.4,1.05,0.0022,4.6559,0.0,-804.35,0.0,6.8165,0.0,-804.35,0.0,6.8165,1.0,0.0,0.0,0.0,0.0
849,545.09,788.45,49017.4,793.1,4.65,0.0096,4.0159,0.0,-788.45,0.0,6.8165,0.0,-788.45,0.0,6.8165,1.0,0.0,0.0,0.0,0.0
850,545.42,797.8,49458.1,817.6,19.8,0.0407,3.3905,0.0,-797.8,0.0,6.8165,0.0,-797.8,0.0,6.8165,1.0,0.0,0.0,0.0,0.0
851,545.74,779.85,49198.25,803.65,23.8,0.0492,3.3084,0.0,-779.85,0.0,6.8165,0.0,-779.85,0.0,6.8165,1.0,0.0,0.0,0.0,0.0
852,546.07,788.4,48772.4,804.4,16.0,0.0333,3.477,0.0,-788.4,0.0,6.8165,0.0,-788.4,0.0,6.8165,1.0,0.0,0.0,0.0,0.0
853,546.4,804.95,49074.7,800.9,-4.05,0.0,6.8165,0.0,-804.95,0.0,6.8165,0.0,-804.95,0.0,6.8165,1.0,0.0,0.0,0.0,0.0
854,546.73,807.05,49339.35,807.1,0.05,0.0001,5.9871,0.0,-807.05,0.0,6.8165,0.0,-807.05,0.0,6.8165,1.0,0.0,0.0,0.0,0.0
855,547.06,787.65,49745.3,806.4,18.75,0.0383,3.4168,0.0,-787.65,0.0,6.8165,0.0,-787.65,0.0,6.8165,1.0,0.0,0.0,0.0,0.0
856,547.39,804.4,50258.65,800.6,-3.8,0.0,6.8165,0.0,-804.4,0.0,6.8165,0.0,-804.4,0.0,6.8165,1.0,0.0,0.0,0.0,0.0
857,547.72,795.5,50034.85,798.95,3.45,0.007,4.1545,0.0,-795.5,0.0,6.8165,0.0,-795.5,0.0,6.8165,1.0,0.0,0.0,0.0,0.0
858,548.05,783.95,49956.2,806.8,22.85,0.0465,3.3328,0.0,-783.95,0.0,6.8165,0.0,-783.95,0.0,6.8165,1.0,0.0,0.0,0.0,0.0
859,548.38,788.2,49978.5,803.2,15.0,0.0305,3.5158,0.0,-788.2,0.0,6.8165,0.0,-788.2,0.0,6.8165,1.0,0.0,0.0,0.0,0.0
860,548.71,796.55,50536.25,797.4,0.85,0.0017,4.7673,0.0,-796.55,0.0,6.8165,0.0,-796.55,0.0,6.8165,1.0,0.0,0.0,0.0,0.0
861,549.03,800.2,51088.5,799.45,-0.75,0.0,6.8165,0.0,-800.2,0.0,6.8165,0.0,-800.2,0.0,6.8165,1.0,0.0,0.0,0.0,0.0
862,549.36,783.8,50751.1,792.8,9.0,0.018,3.7444,0.0,-783.8,0.0,6.8165,0.0,-783.8,0.0,6.8165,1.0,0.0,0.0,0.0,0.0
863,549.69,800.55,51554.2,808.65,8.1,0.016,3.797,0.0,-800.55,0.0,6.8165,0.0,-800.55,0.0,6.8165,1.0,0.0,0.0,0.0,0.0
864,550.02,792.55,51175.15,807.95,15.4,0.0306,3.5148,0.0,-792.55,0.0,6.8165,0.0,-792.55,0.0,6.8165,1.0,0.0,0.0,0.0,0.0
865,550.35,801.45,51354.55,813.65,12.2,0.0241,3.6174,0.0,-801.45,0.0,6.8165,0.0,-801.45,0.0,6.8165,1.0,0.0,0.0,0.0,0.0
866,550.68,800.6,51990.15,804.55,3.95,0.0077,4.1126,0.0,-800.6,0.0,6.8165,0.0,-800.6,0.0,6.8165,1.0,0.0,0.0,0.0,0.0
867,551.0,810.5,52178.45,800.85,-9.65,0.0,6.8165,0.0,-810.5,0.0,6.8165,0.0,-810.5,0.0,6.8165,1.0,0.0,0.0,0.0,0.0
868,551.33,789.2,52125.05,801.15,11.95,0.0233,3.6331,0.0,-789.2,0.0,6.8165,0.0,-789.2,0.0,6.8165,1.0,0.0,0.0,0.0,0.0
869,551.66,798.65,52423.75,810.0,11.35,0.022,3.6579,0.0,-798.65,0.0,6.8165,0.0,-798.65,0.0,6.8165,1.0,0.0,0.0,0.0,0.0
870,551.99,808.0,52089.55,809.0,1.0,0.002,4.71,0.0,-808.0,0.0,6.8165,0.0,-808.0,0.0,6.8165,1.0,0.0,0.0,0.0,0.0
871,552.32,800.5,52001.75,798.5,-2.0,0.0,6.8165,0.0,-800.5,0.0,6.8165,0.0,-800.5,0.0,6.8165,1.0,0.0,0.0,0.0,0.0
872,552.64,795.05,52175.6,808.35,13.3,0.0259,3.5869,0.0,-795.05,0.0,6.8165,0.0,-795.05,0.0,6.8165,1.0,0.0,0.0,0.0,0.0
873,552.97,789.75,52258.8,808.0,18.25,0.0355,3.4503,0.0,-789.75,0.0,6.8165,0.0,-789.75,0.0,6.8165,1.0,0.0,0.0,0.0,0.0
874,553.3,785.4,52403.45,796.25,10.85,0.021,3.6774,0.0,-785.4,0.0,6.8165,0.0,-785.4,0.0,6.8165,1.0,0.0,0.0,0.0,0.0
875,553.63,792.75,53237.65,810.5,17.75,0.0338,3.4705,0.0,-792.75,0.0,6.8165,0.0,-792.75,0.0,6.8165,1.0,0.0,0.0,0.0,0.0
876,553.95,788.1,53489.05,806.7,18.6,0.0353,3.4523,0.0,-788.1,0.0,6.8165,0.0,-788.1,0.0,6.8165,1.0,0.0,0.0,0.0,0.0
877,554.28,801.55,53553.15,814.45,12.9,0.0245,3.6116,0.0,-801.55,0.0,6.8165,0.0,-801.55,0.0,6.8165,1.0,0.0,0.0,0.0,0.0
878,554.61,791.45,53303.85,798.05,6.6,0.0126,3.9007,0.0,-791.45,0.0,6.8165,0.0,-791.45,0.0,6.8165,1.0,0.0,0.0,0.0,0.0
879,554.93,790.9,53276.55,805.0,14.1,0.0269,3.5708,0.0,-790.9,0.0,6.8165,0.0,-790.9,0.0,6.8165,1.0,0.0,0.0,0.0,0.0
880,555.26,783.1,54024.2,795.5,12.4,0.0233,3.6328,0.0,-783.1,0.0,6.8165,0.0,-783.1,0.0,6.8165,1.0,0.0,0.0,0.0,0.0
881,555.59,788.55,54578.6,807.3,18.75,0.0349,3.4577,0.0,-788.55,0.0,6.8165,0.0,-788.55,0.0,6.8165,1.0,0.0,0.0,0.0,0.0
882,555.91,793.4,54601.7,793.95,0.55,0.001,4.9905,0.0,-793.4,0.0,6.8165,0.0,-793.4,0.0,6.8165,1.0,0.0,0.0,0.0,0.0
883,556.24,789.9,54683.4,805.6,15.7,0.0291,3.5356,0.0,-789.9,0.0,6.8165,0.0,-789.9,0.0,6.8165,1.0,0.0,0.0,0.0,0.0
884,556.57,787.4,54264.85,803.55,16.15,0.0302,3.52,0.0,-787.4,0.0,6.8165,0.0,-787.4,0.0,6.8165,1.0,0.0,0.0,0.0,0.0
885,556.89,794.7,53907.4,805.45,10.75,0.0202,3.6938,0.0,-794.7,0.0,6.8165,0.0,-794.7,0.0,6.8165,1.0,0.0,0.0,0.0,0.0
886,557.22,787.0,54053.5,795.0,8.0,0.015,3.8234,0.0,-787.0,0.0,6.8165,0.0,-787.0,0.0,6.8165,1.0,0.0,0.0,0.0,0.0
887,557.55,770.9,54387.55,804.3,33.4,0.0623,3.2056,0.0,-770.9,0.0,6.8165,0.0,-770.9,0.0,6.8165,1.0,0.0,0.0,0.0,0.0
888,557.87,796.35,54402.4,801.95,5.6,0.0104,3.981,0.0,-796.35,0.0,6.8165,0.0,-796.35,0.0,6.8165,1.0,0.0,0.0,0.0,0.0
889,558.2,798.45,54233.15,814.4,15.95,0.0298,3.5251,0.0,-798.45,0.0,6.8165,0.0,-798.45,0.0,6.8165,1.0,0.0,0.0,0.0,0.0
890,558.52,792.5,54466.8,800.1,7.6,0.0142,3.849,0.0,-792.5,0.0,6.8165,0.0,-792.5,0.0,6.8165,1.0,0.0,0.0,0.0,0.0
891,558.85,794.0,54754.2,796.1,2.1,0.0039,4.4099,0.0,-794.0,0.0,6.8165,0.0,-794.0,0.0,6.8165,1.0,0.0,0.0,0.0,0.0
892,559.17,800.15,54793.8,790.55,-9.6,0.0,6.8165,0.0,-800.15,0.0,6.8165,0.0,-800.15,0.0,6.8165,1.0,0.0,0.0,0.0,0.0
893,559.5,785.9,55618.85,801.35,15.45,0.0282,3.5501,0.0,-785.9,0.0,6.8165,0.0,-785.9,0.0,6.8165,1.0,0.0,0.0,0.0,0.0
894,559.83,797.2,55592.7,816.75,19.55,0.0357,3.4476,0.0,-797.2,0.0,6.8165,0.0,-797.2,0.0,6.8165,1.0,0.0,0.0,0.0,0.0
895,560.15,810.2,55481.75,800.0,-10.2,0.0,6.8165,0.0,-810.2,0.0,6.8165,0.0,-810.2,0.0,6.8165,1.0,0.0,0.0,0.0,0.0
896,560.48,805.0,55570.65,805.85,0.85,0.0016,4.8091,0.0,-805.0,0.0,6.8165,0.0,-805.0,0.0,6.8165,1.0,0.0,0.0,0.0,0.0
897,560.8,803.75,54993.55,810.65,6.9,0.0127,3.8951,0.0,-803.75,0.0,6.8165,0.0,-803.75,0.0,6.8165,1.0,0.0,0.0,0.0,0.0
898,561.13,792.45,55543.15,814.0,21.55,0.0394,3.4049,0.0,-792.45,0.0,6.8165,0.0,-792.45,0.0,6.8165,1.0,0.0,0.0,0.0,0.0
899,561.45,780.5,55985.35,810.55,30.05,0.0544,3.2641,0.0,-780.5,0.0,6.8165,0.0,-780.5,0.0,6.8165,1.0,0.0,0.0,0.0,0.0
900,561.78,805.05,55936.4,798.05,-7.0,0.0,6.8165,0.0,-805.05,0.0,6.8165,0.0,-805.05,0.0,6.8165,1.0,0.0,0.0,0.0,0.0
901,562.1,793.3,55555.25,796.6,3.3,0.006,4.22,0.0,-793.3,0.0,6.8165,0.0,-793.3,0.0,6.8165,1.0,0.0,0.0,0.0,0.0
902,562.43,807.0,55983.15,793.3,-13.7,0.0,6.8165,0.0,-807.0,0.0,6.8165,0.0,-807.0,0.0,6.8165,1.0,0.0,0.0,0.0,0.0
903,562.75,795.1,55829.75,809.75,14.65,0.0266,3.5748,0.0,-795.1,0.0,6.8165,0.0,-795.1,0.0,6.8165,1.0,0.0,0.0,0.0,0.0
904,563.07,783.0,56206.0,813.3,30.3,0.0547,3.2622,0.0,-783.0,0.0,6.8165,0.0,-783.0,0.0,6.8165,1.0,0.0,0.0,0.0,0.0
905,563.4,805.4,56160.75,803.0,-2.4,0.0,6.8165,0.0,-805.4,0.0,6.8165,0.0,-805.4,0.0,6.8165,1.0,0.0,0.0,0.0,0.0
906,563.72,794.6,55505.65,817.1,22.5,0.0411,3.3859,0.0,-794.6,0.0,6.8165,0.0,-794.6,0.0,6.8165,1.0,0.0,0.0,0.0,0.0
907,564.05,789.45,55943.85,799.75,10.3,0.0187,3.7287,0.0,-789.45,0.0,6.8165,0.0,-789.45,0.0,6.8165,1.0,0.0,0.0,0.0,0.0
908,564.37,788.55,56468.75,803.5,14.95,0.0268,3.5711,0.0,-788.55,0.0,6.8165,0.0,-788.55,0.0,6.8165,1.0,0.0,0.0,0.0,0.0
909,564.7,790.0,56340.7,787.75,-2.25,0.0,6.8165,0.0,-790.0,0.0,6.8165,0.0,-790.0,0.0,6.8165,1.0,0.0,0.0,0.0,0.0
910,565.02,784.2,56549.35,813.75,29.55,0.053,3.2758,0.0,-784.2,0.0,6.8165,0.0,-784.2,0.0,6.8165,1.0,0.0,0.0,0.0,0.0
911,565.34,793.2,56664.95,821.05,27.85,0.0498,3.3024,0.0,-793.2,0.0,6.8165,0.0,-793.2,0.0,6.8165,1.0,0.0,0.0,0.0,0.0
912,565.67,809.35,56754.9,811.55,2.2,0.0039,4.4053,0.0,-809.35,0.0,6.8165,0.0,-809.35,0.0,6.8165,1.0,0.0,0.0,0.0,0.0
913,565.99,786.7,56594.35,806.8,20.1,0.036,3.4435,0.0,-786.7,0.0,6.8165,0.0,-786.7,0.0,6.8165,1.0,0.0,0.0,0.0,0.0
914,566.31,800.7,56937.45,807.55,6.85,0.0122,3.9136,0.0,-800.7,0.0,6.8165,0.0,-800.7,0.0,6.8165,1.0,0.0,0.0,0.0,0.0
915,566.64,800.8,57017.5,801.9,1.1,0.002,4.7085,0.0,-800.8,0.0,6.8165,0.0,-800.8,0.0,6.8165,1.0,0.0,0.0,0.0,0.0
916,566.96,805.7,57251.2,815.45,9.75,0.0173,3.7626,0.0,-805.7,0.0,6.8165,0.0,-805.7,0.0,6.8165,1.0,0.0,0.0,0.0,0.0
917,567.29,804.35,57439.35,816.15,11.8,0.0208,3.6812,0.0,-804.35,0.0,6.8165,0.0,-804.35,0.0,6.8165,1.0,0.0,0.0,0.0,0.0
918,567.61,793.0,57104.3,814.0,21.0,0.0373,3.4284,0.0,-793.0,0.0,6.8165,0.0,-793.0,0.0,6.8165,1.0,0.0,0.0,0.0,0.0
919,567.93,796.4,56618.7,788.7,-7.7,0.0,6.8165,0.0,-796.4,0.0,6.8165,0.0,-796.4,0.0,6.8165,1.0,0.0,0.0,0.0,0.0
920,568.25,801.2,57399.85,793.0,-8.2,0.0,6.8165,0.0,-801.2,0.0,6.8165,0.0,-801.2,0.0,6.8165,1.0,0.0,0.0,0.0,0.0
921,568.58,786.0,57629.1,784.35,-1.65,0.0,6.8165,0.0,-786.0,0.0,6.8165,0.0,-786.0,0.0,6.8165,1.0,0.0,0.0,0.0,0.0
922,568.9,805.9,57272.65,798.8,-7.1,0.0,6.8165,0.0,-805.9,0.0,6.8165,0.0,-805.9,0.0,6.8165,1.0,0.0,0.0,0.0,0.0
923,569.22,788.05,57762.3,814.6,26.55,0.0466,3.3316,0.0,-788.05,0.0,6.8165,0.0,-788.05,0.0,6.8165,1.0,0.0,0.0,0.0,0.0
924,569.55,801.6,57806.6,785.55,-16.05,0.0,6.8165,0.0,-801.6,0.0,6.8165,0.0,-801.6,0.0,6.8165,1.0,0.0,0.0,0.0,0.0
925,569.87,794.8,57489.85,809.85,15.05,0.0265,3.576,0.0,-794.8,0.0,6.8165,0.0,-794.8,0.0,6.8165,1.0,0.0,0.0,0.0,0.0
926,570.19,788.9,57946.2,815.35,26.45,0.0463,3.3346,0.0,-788.9,0.0,6.8165,0.0,-788.9,0.0,6.8165,1.0,0.0,0.0,0.0,0.0
927,570.51,790.25,57904.6,809.9,19.65,0.0344,3.4634,0.0,-790.25,0.0,6.8165,0.0,-790.25,0.0,6.8165,1.0,0.0,0.0,0.0,0.0
928,570.83,797.65,57951.85,806.6,8.95,0.0157,3.8052,0.0,-797.65,0.0,6.8165,0.0,-797.65,0.0,6.8165,1.0,0.0,0.0,0.0,0.0
929,571.16,780.25,58062.6,807.5,27.25,0.0476,3.3227,0.0,-780.25,0.0,6.8165,0.0,-780.25,0.0,6.8165,1.0,0.0,0.0,0.0,0.0
930,571.48,797.55,57758.8,798.0,0.45,0.0008,5.1024,0.0,-797.55,0.0,6.8165,0.0,-797.55,0.0,6.8165,1.0,0.0,0.0,0.0,0.0
931,571.8,793.3,57310.75,805.55,12.25,0.0217,3.664,0.0,-793.3,0.0,6.8165,0.0,-793.3,0.0,6.8165,1.0,0.0,0.0,0.0,0.0
932,572.12,798.1,58003.4,809.55,11.45,0.02,3.6986,0.0,-798.1,0.0,6.8165,0.0,-798.1,0.0,6.8165,1.0,0.0,0.0,0.0,0.0
933,572.44,780.4,58009.35,802.25,21.85,0.0382,3.4182,0.0,-780.4,0.0,6.8165,0.0,-780.4,0.0,6.8165,1.0,0.0,0.0,0.0,0.0
934,572.77,779.15,58116.85,816.6,37.45,0.0653,3.185,0.0,-779.15,0.0,6.8165,0.0,-779.15,0.0,6.8165,1.0,0.0,0.0,0.0,0.0
935,573.09,787.65,57989.75,789.45,1.8,0.0031,4.5021,0.0,-787.65,0.0,6.8165,0.0,-787.65,0.0,6.8165,1.0,0.0,0.0,0.0,0.0
936,573.41,789.15,57936.9,790.2,1.05,0.0018,4.7358,0.0,-789.15,0.0,6.8165,0.0,-789.15,0.0,6.8165,1.0,0.0,0.0,0.0,0.0
937,573.73,796.55,57213.15,790.2,-6.35,0.0,6.8165,0.0,-796.55,0.0,6.8165,0.0,-796.55,0.0,6.8165,1.0,0.0,0.0,0.0,0.0
938,574.05,803.55,57253.75,799.0,-4.55,0.0,6.8165,0.0,-803.55,0.0,6.8165,0.0,-803.55,0.0,6.8165,1.0,0.0,0.0,0.0,0.0
939,574.37,793.3,57488.8,788.3,-5.0,0.0,6.8165,0.0,-793.3,0.0,6.8165,0.0,-793.3,0.0,6.8165,1.0,0.0,0.0,0.0,0.0
940,574.69,799.8,57361.95,807.05,7.25,0.0128,3.8922,0.0,-799.8,0.0,6.8165,0.0,-799.8,0.0,6.8165,1.0,0.0,0.0,0.0,0.0
941,575.02,798.25,57948.0,794.4,-3.85,0.0,6.8165,0.0,-798.25,0.0,6.8165,0.0,-798.25,0.0,6.8165,1.0,0.0,0.0,0.0,0.0
942,575.34,791.35,58003.75,800.0,8.65,0.0151,3.8205,0.0,-791.35,0.0,6.8165,0.0,-791.35,0.0,6.8165,1.0,0.0,0.0,0.0,0.0
943,575.66,794.6,57735.6,796.55,1.95,0.0034,4.4654,0.0,-794.6,0.0,6.8165,0.0,-794.6,0.0,6.8165,1.0,0.0,0.0,0.0,0.0
944,575.98,802.95,58247.6,799.75,-3.2,0.0,6.8165,0.0,-802.95,0.0,6.8165,0.0,-802.95,0.0,6.8165,1.0,0.0,0.0,0.0,0.0
945,576.3,807.05,58163.4,786.7,-20.35,0.0,6.8165,0.0,-807.05,0.0,6.8165,0.0,-807.05,0.0,6.8165,1.0,0.0,0.0,0.0,0.0
946,576.62,799.8,57624.9,798.95,-0.85,0.0,6.8165,0.0,-799.8,0.0,6.8165,0.0,-799.8,0.0,6.8165,1.0,0.0,0.0,0.0,0.0
947,576.94,788.05,58025.9,792.25,4.2,0.0073,4.1344,0.0,-788.05,0.0,6.8165,0.0,-788.05,0.0,6.8165,1.0,0.0,0.0,0.0,0.0
948,577.26,790.85,58113.95,790.55,-0.3,0.0,6.8165,0.0,-790.85,0.0,6.8165,0.0,-790.85,0.0,6.8165,1.0,0.0,0.0,0.0,0.0
949,577.58,785.3,57700.8,803.1,17.8,0.0313,3.5048,0.0,-785.3,0.0,6.8165,0.0,-785.3,0.0,6.8165,1.0,0.0,0.0,0.0,0.0
950,577.9,791.55,57361.55,809.05,17.5,0.0309,3.5095,0.0,-791.55,0.0,6.8165,0.0,-791.55,0.0,6.8165,1.0,0.0,0.0,0.0,0.0
951,578.22,780.8,57568.5,801.75,20.95,0.0369,3.4331,0.0,-780.8,0.0,6.8165,0.0,-780.8,0.0,6.8165,1.0,0.0,0.0,0.0,0.0
952,578.54,794.15,57198.6,798.55,4.4,0.0078,4.1079,0.0,-794.15,0.0,6.8165,0.0,-794.15,0.0,6.8165,1.0,0.0,0.0,0.0,0.0
953,578.86,806.7,56484.05,782.1,-24.6,0.0,6.8165,0.0,-806.7,0.0,6.8165,0.0,-806.7,0.0,6.8165,1.0,0.0,0.0,0.0,0.0
954,579.18,799.0,56974.05,799.8,0.8,0.0014,4.8465,0.0,-799.0,0.0,6.8165,0.0,-799.0,0.0,6.8165,1.0,0.0,0.0,0.0,0.0
955,579.5,799.95,56736.6,796.7,-3.25,0.0,6.8165,0.0,-799.95,0.0,6.8165,0.0,-799.95,0.0,6.8165,1.0,0.0,0.0,0.0,0.0
956,579.82,797.2,56375.15,793.95,-3.25,0.0,6.8165,0.0,-797.2,0.0,6.8165,0.0,-797.2,0.0,6.8165,1.0,0.0,0.0,0.0,0.0
957,580.14,784.7,56166.45,791.4,6.7,0.0121,3.9173,0.0,-784.7,0.0,6.8165,0.0,-784.7,0.0,6.8165,1.0,0.0,0.0,0.0,0.0
958,580.46,792.95,55944.95,784.35,-8.6,0.0,6.8165,0.0,-792.95,0.0,6.8165,0.0,-792.95,0.0,6.8165,1.0,0.0,0.0,0.0,0.0
959,580.78,798.35,56915.4,788.25,-10.1,0.0,6.8165,0.0,-798.35,0.0,6.8165,0.0,-798.35,0.0,6.8165,1.0,0.0,0.0,0.0,0.0
960,581.1,801.7,56297.15,793.85,-7.85,0.0,6.8165,0.0,-801.7,0.0,6.8165,0.0,-801.7,0.0,6.8165,1.0,0.0,0.0,0.0,0.0
961,581.42,787.45,56313.5,790.95,3.5,0.0063,4.2004,0.0,-787.45,0.0,6.8165,0.0,-787.45,0.0,6.8165,1.0,0.0,0.0,0.0,0.0
962,581.73,799.85,56198.45,795.0,-4.85,0.0,6.8165,0.0,-799.85,0.0,6.8165,0.0,-799.85,0.0,6.8165,1.0,0.0,0.0,0.0,0.0
963,582.05,777.65,55809.1,793.5,15.85,0.0288,3.5406,0.0,-777.65,0.0,6.8165,0.0,-777.65,0.0,6.8165,1.0,0.0,0.0,0.0,0.0
964,582.37,772.9,55846.4,794.35,21.45,0.0389,3.4095,0.0,-772.9,0.0,6.8165,0.0,-772.9,0.0,6.8165,1.0,0.0,0.0,0.0,0.0
965,582.69,779.8,55735.45,797.8,18.0,0.0328,3.4847,0.0,-779.8,0.0,6.8165,0.0,-779.8,0.0,6.8165,1.0,0.0,0.0,0.0,0.0
966,583.01,791.7,55932.3,799.5,7.8,0.0141,3.8494,0.0,-791.7,0.0,6.8165,0.0,-791.7,0.0,6.8165,1.0,0.0,0.0,0.0,0.0
967,583.33,786.75,55517.25,803.05,16.3,0.0298,3.526,0.0,-786.75,0.0,6.8165,0.0,-786.75,0.0,6.8165,1.0,0.0,0.0,0.0,0.0
968,583.65,803.3,55569.65,795.35,-7.95,0.0,6.8165,0.0,-803.3,0.0,6.8165,0.0,-803.3,0.0,6.8165,1.0,0.0,0.0,0.0,0.0
969,583.96,787.25,55269.85,805.1,17.85,0.0328,3.4846,0.0,-787.25,0.0,6.8165,0.0,-787.25,0.0,6.8165,1.0,0.0,0.0,0.0,0.0
970,584.28,795.35,55304.25,806.5,11.15,0.0205,3.6892,0.0,-795.35,0.0,6.8165,0.0,-795.35,0.0,6.8165,1.0,0.0,0.0,0.0,0.0
971,584.6,787.2,55733.2,797.55,10.35,0.0188,3.725,0.0,-787.2,0.0,6.8165,0.0,-787.2,0.0,6.8165,1.0,0.0,0.0,0.0,0.0
972,584.92,797.15,55559.3,784.85,-12.3,0.0,6.8165,0.0,-797.15,0.0,6.8165,0.0,-797.15,0.0,6.8165,1.0,0.0,0.0,0.0,0.0
973,585.24,794.6,55178.4,798.55,3.95,0.0073,4.1389,0.0,-794.6,0.0,6.8165,0.0,-794.6,0.0,6.8165,1.0,0.0,0.0,0.0,0.0
974,585.55,792.8,55190.9,801.85,9.05,0.0166,3.7789,0.0,-792.8,0.0,6.8165,0.0,-792.8,0.0,6.8165,1.0,0.0,0.0,0.0,0.0
975,585.87,793.1,55302.3,810.55,17.45,0.032,3.4947,0.0,-793.1,0.0,6.8165,0.0,-793.1,0.0,6.8165,1.0,0.0,0.0,0.0,0.0
976,586.19,794.7,55480.2,797.4,2.7,0.0049,4.3065,0.0,-794.7,0.0,6.8165,0.0,-794.7,0.0,6.8165,1.0,0.0,0.0,0.0,0.0
977,586.51,804.4,55600.35,796.45,-7.95,0.0,6.8165,0.0,-804.4,0.0,6.8165,0.0,-804.4,0.0,6.8165,1.0,0.0,0.0,0.0,0.0
978,586.83,803.7,55405.5,791.05,-12.65,0.0,6.8165,0.0,-803.7,0.0,6.8165,0.0,-803.7,0.0,6.8165,1.0,0.0,0.0,0.0,0.0
979,587.14,794.1,54879.7,806.65,12.55,0.0232,3.6344,0.0,-794.1,0.0,6.8165,0.0,-794.1,0.0,6.8165,1.0,0.0,0.0,0.0,0.0
980,587.46,795.95,54660.6,803.3,7.35,0.0136,3.865,0.0,-795.95,0.0,6.8165,0.0,-795.95,0.0,6.8165,1.0,0.0,0.0,0.0,0.0
981,587.78,799.45,54900.3,801.9,2.45,0.0045,4.344,0.0,-799.45,0.0,6.8165,0.0,-799.45,0.0,6.8165,1.0,0.0,0.0,0.0,0.0
982,588.09,808.15,54721.05,791.95,-16.2,0.0,6.8165,0.0,-808.15,0.0,6.8165,0.0,-808.15,0.0,6.8165,1.0,0.0,0.0,0.0,0.0
983,588.41,784.15,54915.9,798.7,14.55,0.0269,3.5706,0.0,-784.15,0.0,6.8165,0.0,-784.15,0.0,6.8165,1.0,0.0,0.0,0.0,0.0
984,588.73,801.05,55126.5,777.9,-23.15,0.0,6.8165,0.0,-801.05,0.0,6.8165,0.0,-801.05,0.0,6.8165,1.0,0.0,0.0,0.0,0.0
985,589.04,792.6,54597.2,815.25,22.65,0.0421,3.3758,0.0,-792.6,0.0,6.8165,0.0,-792.6,0.0,6.8165,1.0,0.0,0.0,0.0,0.0
986,589.36,804.5,55142.3,794.5,-10.0,0.0,6.8165,0.0,-804.5,0.0,6.8165,0.0,-804.5,0.0,6.8165,1.0,0.0,0.0,0.0,0.0
987,589.68,789.2,55527.4,806.6,17.4,0.0318,3.4977,0.0,-789.2,0.0,6.8165,0.0,-789.2,0.0,6.8165,1.0,0.0,0.0,0.0,0.0
988,589.99,799.3,55191.55,787.2,-12.1,0.0,6.8165,0.0,-799.3,0.0,6.8165,0.0,-799.3,0.0,6.8165,1.0,0.0,0.0,0.0,0.0
989,590.31,784.2,55509.0,796.9,12.7,0.0232,3.6344,0.0,-784.2,0.0,6.8165,0.0,-784.2,0.0,6.8165,1.0,0.0,0.0,0.0,0.0
990,590.63,797.75,55156.5,797.55,-0.2,0.0,6.8165,0.0,-797.75,0.0,6.8165,0.0,-797.75,0.0,6.8165,1.0,0.0,0.0,0.0,0.0
991,590.94,794.45,55600.25,788.0,-6.45,0.0,6.8165,0.0,-794.45,0.0,6.8165,0.0,-794.45,0.0,6.8165,1.0,0.0,0.0,0.0,0.0
992,591.26,778.65,55678.2,804.3,25.65,0.0467,3.3305,0.0,-778.65,0.0,6.8165,0.0,-778.65,0.0,6.8165,1.0,0.0,0.0,0.0,0.0
993,591.58,774.05,55465.15,810.5,36.45,0.0666,3.1762,0.0,-774.05,0.0,6.8165,0.0,-774.05,0.0,6.8165,1.0,0.0,0.0,0.0,0.0
994,591.89,782.95,54630.85,794.7,11.75,0.0218,3.6611,0.0,-782.95,0.0,6.8165,0.0,-782.95,0.0,6.8165,1.0,0.0,0.0,0.0,0.0
995,592.21,796.45,54397.75,794.75,-1.7,0.0,6.8165,0.0,-796.45,0.0,6.8165,0.0,-796.45,0.0,6.8165,1.0,0.0,0.0,0.0,0.0
996,592.52,803.2,55181.4,810.75,7.55,0.0139,3.8575,0.0,-803.2,0.0,6.8165,0.0,-803.2,0.0,6.8165,1.0,0.0,0.0,0.0,0.0
997,592.84,791.4,55027.95,798.25,6.85,0.0126,3.8986,0.0,-791.4,0.0,6.8165,0.0,-791.4,0.0,6.8165,1.0,0.0,0.0,0.0,0.0
998,593.15,781.3,55103.0,798.8,17.5,0.0322,3.4919,0.0,-781.3,0.0,6.8165,0.0,-781.3,0.0,6.8165,1.0,0.0,0.0,0.0,0.0
999,593.47,789.75,55239.1,795.0,5.25,0.0096,4.0158,0.0,-789.75,0.0,6.8165,0.0,-789.75,0.0,6.8165,1.0,0.0,0.0,0.0,0.0
1000,593.79,782.35,54775.9,796.4,14.05,0.026,3.5847,0.0,-782.35,0.0,6.8165,0.0,-782.35,0.0,6.8165,1.0,0.0,0.0,0.0,0.0
1001,594.1,802.3,54676.35,794.9,-7.4,0.0,6.8165,0.0,-802.3,0.0,6.8165,0.0,-802.3,0.0,6.8165,1.0,0.0,0.0,0.0,0.0
1002,594.42,793.1,55309.75,810.65,17.55,0.0322,3.4923,0.0,-793.1,0.0,6.8165,0.0,-793.1,0.0,6.8165,1.0,0.0,0.0,0.0,0.0
1003,594.73,795.5,55171.1,791.6,-3.9,0.0,6.8165,0.0,-795.5,0.0,6.8165,0.0,-795.5,0.0,6.8165,1.0,0.0,0.0,0.0,0.0
1004,595.05,795.55,55506.7,802.0,6.45,0.0118,3.9285,0.0,-795.55,0.0,6.8165,0.0,-795.55,0.0,6.8165,1.0,0.0,0.0,0.0,0.0
1005,595.36,800.0,55898.45,793.8,-6.2,0.0,6.8165,0.0,-800.0,0.0,6.8165,0.0,-800.0,0.0,6.8165,1.0,0.0,0.0,0.0,0.0
1006,595.68,794.65,56012.95,792.8,-1.85,0.0,6.8165,0.0,-794.65,0.0,6.8165,0.0,-794.65,0.0,6.8165,1.0,0.0,0.0,0.0,0.0
1007,595.99,803.25,55630.5,794.45,-8.8,0.0,6.8165,0.0,-803.25,0.0,6.8165,0.0,-803.25,0.0,6.8165,1.0,0.0,0.0,0.0,0.0
1008,596.3,801.7,55205.5,794.9,-6.8,0.0,6.8165,0.0,-801.7,0.0,6.8165,0.0,-801.7,0.0,6.8165,1.0,0.0,0.0,0.0,0.0
1009,596.62,806.4,55820.9,797.3,-9.1,0.0,6.8165,0.0,-806.4,0.0,6.8165,0.0,-806.4,0.0,6.8165,1.0,0.0,0.0,0.0,0.0
1010,596.93,785.0,55898.05,789.05,4.05,0.0073,4.1338,0.0,-785.0,0.0,6.8165,0.0,-785.0,0.0,6.8165,1.0,0.0,0.0,0.0,0.0
1011,597.25,794.1,55660.1,808.55,14.45,0.0263,3.5794,0.0,-794.1,0.0,6.8165,0.0,-794.1,0.0,6.8165,1.0,0.0,0.0,0.0,0.0
1012,597.56,791.15,55301.7,797.75,6.6,0.0121,3.9169,0.0,-791.15,0.0,6.8165,0.0,-791.15,0.0,6.8165,1.0,0.0,0.0,0.0,0.0
1013,597.88,792.55,55367.3,789.95,-2.6,0.0,6.8165,0.0,-792.55,0.0,6.8165,0.0,-792.55,0.0,6.8165,1.0,0.0,0.0,0.0,0.0
1014,598.19,795.35,55728.4,791.2,-4.15,0.0,6.8165,0.0,-795.35,0.0,6.8165,0.0,-795.35,0.0,6.8165,1.0,0.0,0.0,0.0,0.0
1015,598.5,787.1,55978.95,808.55,21.45,0.0389,3.4104,0.0,-787.1,0.0,6.8165,0.0,-787.1,0.0,6.8165,1.0,0.0,0.0,0.0,0.0
1016,598.82,786.85,56264.4,792.2,5.35,0.0096,4.0158,0.0,-786.85,0.0,6.8165,0.0,-786.85,0.0,6.8165,1.0,0.0,0.0,0.0,0.0
1017,599.13,791.4,56077.8,793.65,2.25,0.0041,4.3904,0.0,-791.4,0.0,6.8165,0.0,-791.4,0.0,6.8165,1.0,0.0,0.0,0.0,0.0
1018,599.45,794.55,56289.05,792.75,-1.8,0.0,6.8165,0.0,-794.55,0.0,6.8165,0.0,-794.55,0.0,6.8165,1.0,0.0,0.0,0.0,0.0
1019,599.76,799.55,55231.6,805.4,5.85,0.0107,3.9687,0.0,-799.55,0.0,6.8165,0.0,-799.55,0.0,6.8165,1.0,0.0,0.0,0.0,0.0
1020,600.07,794.4,55560.85,785.5,-8.9,0.0,6.8165,0.0,-794.4,0.0,6.8165,0.0,-794.4,0.0,6.8165,1.0,0.0,0.0,0.0,0.0
1021,600.39,791.6,56174.25,802.4,10.8,0.0195,3.7099,0.0,-791.6,0.0,6.8165,0.0,-791.6,0.0,6.8165,1.0,0.0,0.0,0.0,0.0
1022,600.7,798.85,56218.7,786.45,-12.4,0.0,6.8165,0.0,-798.85,0.0,6.8165,0.0,-798.85,0.0,6.8165,1.0,0.0,0.0,0.0,0.0
1023,601.01,796.3,55940.85,778.35,-17.95,0.0,6.8165,0.0,-796.3,0.0,6.8165,0.0,-796.3,0.0,6.8165,1.0,0.0,0.0,0.0,0.0
1024,601.33,790.2,55894.85,784.2,-6.0,0.0,6.8165,0.0,-790.2,0.0,6.8165,0.0,-790.2,0.0,6.8165,1.0,0.0,0.0,0.0,0.0
1025,601.64,795.75,55574.85,784.55,-11.2,0.0,6.8165,0.0,-795.75,0.0,6.8165,0.0,-795.75,0.0,6.8165,1.0,0.0,0.0,0.0,0.0
1026,601.95,783.3,56039.9,784.2,0.9,0.0016,4.7881,0.0,-783.3,0.0,6.8165,0.0,-783.3,0.0,6.8165,1.0,0.0,0.0,0.0,0.0
1027,602.26,787.5,56041.2,784.3,-3.2,0.0,6.8165,0.0,-787.5,0.0,6.8165,0.0,-787.5,0.0,6.8165,1.0,0.0,0.0,0.0,0.0
1028,602.58,780.45,56106.05,791.05,10.6,0.0192,3.7176,0.0,-780.45,0.0,6.8165,0.0,-780.45,0.0,6.8165,1.0,0.0,0.0,0.0,0.0
1029,602.89,777.3,56489.8,784.65,7.35,0.0132,3.8797,0.0,-777.3,0.0,6.8165,0.0,-777.3,0.0,6.8165,1.0,0.0,0.0,0.0,0.0
1030,603.2,802.5,56547.4,794.35,-8.15,0.0,6.8165,0.0,-802.5,0.0,6.8165,0.0,-802.5,0.0,6.8165,1.0,0.0,0.0,0.0,0.0
1031,603.51,796.6,56221.05,795.95,-0.65,0.0,6.8165,0.0,-796.6,0.0,6.8165,0.0,-796.6,0.0,6.8165,1.0,0.0,0.0,0.0,0.0
1032,603.83,804.3,56709.95,776.3,-28.0,0.0,6.8165,0.0,-804.3,0.0,6.8165,0.0,-804.3,0.0,6.8165,1.0,0.0,0.0,0.0,0.0
1033,604.14,793.35,56999.3,796.45,3.1,0.0055,4.2584,0.0,-793.35,0.0,6.8165,0.0,-793.35,0.0,6.8165,1.0,0.0,0.0,0.0,0.0
1034,604.45,787.7,56518.1,787.65,-0.05,0.0,6.8165,0.0,-787.7,0.0,6.8165,0.0,-787.7,0.0,6.8165,1.0,0.0,0.0,0.0,0.0
1035,604.76,789.4,56575.15,785.65,-3.75,0.0,6.8165,0.0,-789.4,0.0,6.8165,0.0,-789.4,0.0,6.8165,1.0,0.0,0.0,0.0,0.0
1036,605.07,800.05,56385.05,790.0,-10.05,0.0,6.8165,0.0,-800.05,0.0,6.8165,0.0,-800.05,0.0,6.8165,1.0,0.0,0.0,0.0,0.0
1037,605.39,790.55,56179.65,790.85,0.3,0.0005,5.2663,0.0,-790.55,0.0,6.8165,0.0,-790.55,0.0,6.8165,1.0,0.0,0.0,0.0,0.0
1038,605.7,806.35,56294.35,799.9,-6.45,0.0,6.8165,0.0,-806.35,0.0,6.8165,0.0,-806.35,0.0,6.8165,1.0,0.0,0.0,0.0,0.0
1039,606.01,787.6,56394.7,793.6,6.0,0.0108,3.967,0.0,-787.6,0.0,6.8165,0.0,-787.6,0.0,6.8165,1.0,0.0,0.0,0.0,0.0
1040,606.32,793.7,56543.3,798.45,4.75,0.0085,4.0695,0.0,-793.7,0.0,6.8165,0.0,-793.7,0.0,6.8165,1.0,0.0,0.0,0.0,0.0
1041,606.63,791.35,56122.05,792.55,1.2,0.0022,4.6638,0.0,-791.35,0.0,6.8165,0.0,-791.35,0.0,6.8165,1.0,0.0,0.0,0.0,0.0
1042,606.94,794.0,56199.25,790.05,-3.95,0.0,6.8165,0.0,-794.0,0.0,6.8165,0.0,-794.0,0.0,6.8165,1.0,0.0,0.0,0.0,0.0
1043,607.26,788.7,55964.9,788.4,-0.3,0.0,6.8165,0.0,-788.7,0.0,6.8165,0.0,-788.7,0.0,6.8165,1.0,0.0,0.0,0.0,0.0
1044,607.57,808.25,56463.3,790.5,-17.75,0.0,6.8165,0.0,-808.25,0.0,6.8165,0.0,-808.25,0.0,6.8165,1.0,0.0,0.0,0.0,0.0
1045,607.88,790.5,56226.05,798.65,8.15,0.0147,3.8326,0.0,-790.5,0.0,6.8165,0.0,-790.5,0.0,6.8165,1.0,0.0,0.0,0.0,0.0
1046,608.19,798.3,56742.35,780.3,-18.0,0.0,6.8165,0.0,-798.3,0.0,6.8165,0.0,-798.3,0.0,6.8165,1.0,0.0,0.0,0.0,0.0
1047,608.5,798.15,57167.35,805.15,7.0,0.0124,3.9059,0.0,-798.15,0.0,6.8165,0.0,-798.15,0.0,6.8165,1.0,0.0,0.0,0.0,0.0
1048,608.81,786.2,57055.3,792.95,6.75,0.012,3.921,0.0,-786.2,0.0,6.8165,0.0,-786.2,0.0,6.8165,1.0,0.0,0.0,0.0,0.0
1049,609.12,791.4,56456.55,791.2,-0.2,0.0,6.8165,0.0,-791.4,0.0,6.8165,0.0,-791.4,0.0,6.8165,1.0,0.0,0.0,0.0,0.0
1050,609.43,788.7,56324.0,790.65,1.95,0.0035,4.4545,0.0,-788.7,0.0,6.8165,0.0,-788.7,0.0,6.8165,1.0,0.0,0.0,0.0,0.0
1051,609.74,783.9,56057.15,795.3,11.4,0.0206,3.6856,0.0,-783.9,0.0,6.8165,0.0,-783.9,0.0,6.8165,1.0,0.0,0.0,0.0,0.0
1052,610.05,794.3,57029.85,787.6,-6.7,0.0,6.8165,0.0,-794.3,0.0,6.8165,0.0,-794.3,0.0,6.8165,1.0,0.0,0.0,0.0,0.0
1053,610.36,789.35,56999.4,788.05,-1.3,0.0,6.8165,0.0,-789.35,0.0,6.8165,0.0,-789.35,0.0,6.8165,1.0,0.0,0.0,0.0,0.0
1054,610.67,775.0,56755.55,784.4,9.4,0.0168,3.7749,0.0,-775.0,0.0,6.8165,0.0,-775.0,0.0,6.8165,1.0,0.0,0.0,0.0,0.0
1055,610.98,786.2,57325.05,792.85,6.65,0.0118,3.9295,0.0,-786.2,0.0,6.8165,0.0,-786.2,0.0,6.8165,1.0,0.0,0.0,0.0,0.0
1056,611.29,787.35,57289.65,790.45,3.1,0.0055,4.2607,0.0,-787.35,0.0,6.8165,0.0,-787.35,0.0,6.8165,1.0,0.0,0.0,0.0,0.0
1057,611.6,782.5,56903.6,793.5,11.0,0.0196,3.7077,0.0,-782.5,0.0,6.8165,0.0,-782.5,0.0,6.8165,1.0,0.0,0.0,0.0,0.0
1058,611.91,788.35,57161.75,792.45,4.1,0.0073,4.1383,0.0,-788.35,0.0,6.8165,0.0,-788.35,0.0,6.8165,1.0,0.0,0.0,0.0,0.0
1059,612.22,786.4,56803.9,786.8,0.4,0.0007,5.1463,0.0,-786.4,0.0,6.8165,0.0,-786.4,0.0,6.8165,1.0,0.0,0.0,0.0,0.0
1060,612.53,783.75,56602.1,782.55,-1.2,0.0,6.8165,0.0,-783.75,0.0,6.8165,0.0,-783.75,0.0,6.8165,1.0,0.0,0.0,0.0,0.0
1061,612.84,792.15,57147.6,777.65,-14.5,0.0,6.8165,0.0,-792.15,0.0,6.8165,0.0,-792.15,0.0,6.8165,1.0,0.0,0.0,0.0,0.0
1062,613.15,802.2,57434.85,789.4,-12.8,0.0,6.8165,0.0,-802.2,0.0,6.8165,0.0,-802.2,0.0,6.8165,1.0,0.0,0.0,0.0,0.0
1063,613.46,785.3,57361.15,786.65,1.35,0.0024,4.6223,0.0,-785.3,0.0,6.8165,0.0,-785.3,0.0,6.8165,1.0,0.0,0.0,0.0,0.0
1064,613.77,782.05,57341.85,780.55,-1.5,0.0,6.8165,0.0,-782.05,0.0,6.8165,0.0,-782.05,0.0,6.8165,1.0,0.0,0.0,0.0,0.0
1065,614.08,789.0,57274.95,780.9,-8.1,0.0,6.8165,0.0,-789.0,0.0,6.8165,0.0,-789.0,0.0,6.8165,1.0,0.0,0.0,0.0,0.0
1066,614.39,793.35,57057.7,788.8,-4.55,0.0,6.8165,0.0,-793.35,0.0,6.8165,0.0,-793.35,0.0,6.8165,1.0,0.0,0.0,0.0,0.0
1067,614.7,810.2,57016.3,801.25,-8.95,0.0,6.8165,0.0,-810.2,0.0,6.8165,0.0,-810.2,0.0,6.8165,1.0,0.0,0.0,0.0,0.0
1068,615.0,796.35,57794.35,781.85,-14.5,0.0,6.8165,0.0,-796.35,0.0,6.8165,0.0,-796.35,0.0,6.8165,1.0,0.0,0.0,0.0,0.0
1069,615.31,789.0,57685.4,780.2,-8.8,0.0,6.8165,0.0,-789.0,0.0,6.8165,0.0,-789.0,0.0,6.8165,1.0,0.0,0.0,0.0,0.0
1070,615.62,778.2,57446.65,784.05,5.85,0.0103,3.9862,0.0,-778.2,0.0,6.8165,0.0,-778.2,0.0,6.8165,1.0,0.0,0.0,0.0,0.0
1071,615.93,776.85,57705.05,796.85,20.0,0.0351,3.4543,0.0,-776.85,0.0,6.8165,0.0,-776.85,0.0,6.8165,1.0,0.0,0.0,0.0,0.0
1072,616.24,801.25,57597.55,794.15,-7.1,0.0,6.8165,0.0,-801.25,0.0,6.8165,0.0,-801.25,0.0,6.8165,1.0,0.0,0.0,0.0,0.0
1073,616.55,798.05,57210.1,784.45,-13.6,0.0,6.8165,0.0,-798.05,0.0,6.8165,0.0,-798.05,0.0,6.8165,1.0,0.0,0.0,0.0,0.0
1074,616.86,783.4,57335.35,788.9,5.5,0.0097,4.0121,0.0,-783.4,0.0,6.8165,0.0,-783.4,0.0,6.8165,1.0,0.0,0.0,0.0,0.0
1075,617.16,800.05,57063.55,786.3,-13.75,0.0,6.8165,0.0,-800.05,0.0,6.8165,0.0,-800.05,0.0,6.8165,1.0,0.0,0.0,0.0,0.0
1076,617.47,797.55,56635.75,787.2,-10.35,0.0,6.8165,0.0,-797.55,0.0,6.8165,0.0,-797.55,0.0,6.8165,1.0,0.0,0.0,0.0,0.0
1077,617.78,778.7,57264.2,791.2,12.5,0.0221,3.655,0.0,-778.7,0.0,6.8165,0.0,-778.7,0.0,6.8165,1.0,0.0,0.0,0.0,0.0
1078,618.09,788.25,57253.25,790.1,1.85,0.0033,4.4846,0.0,-788.25,0.0,6.8165,0.0,-788.25,0.0,6.8165,1.0,0.0,0.0,0.0,0.0
1079,618.4,786.4,57278.55,786.3,-0.1,0.0,6.8165,0.0,-786.4,0.0,6.8165,0.0,-786.4,0.0,6.8165,1.0,0.0,0.0,0.0,0.0
1080,618.7,796.45,57484.55,795.95,-0.5,0.0,6.8165,0.0,-796.45,0.0,6.8165,0.0,-796.45,0.0,6.8165,1.0,0.0,0.0,0.0,0.0
1081,619.01,776.35,57533.8,785.15,8.8,0.0155,3.8095,0.0,-776.35,0.0,6.8165,0.0,-776.35,0.0,6.8165,1.0,0.0,0.0,0.0,0.0
1082,619.32,783.0,57788.85,802.65,19.65,0.0345,3.4626,0.0,-783.0,0.0,6.8165,0.0,-783.0,0.0,6.8165,1.0,0.0,0.0,0.0,0.0
1083,619.63,800.05,57571.95,787.4,-12.65,0.0,6.8165,0.0,-800.05,0.0,6.8165,0.0,-800.05,0.0,6.8165,1.0,0.0,0.0,0.0,0.0
1084,619.93,785.6,57540.95,790.8,5.2,0.0092,4.038,0.0,-785.6,0.0,6.8165,0.0,-785.6,0.0,6.8165,1.0,0.0,0.0,0.0,0.0
1085,620.24,800.9,57842.5,799.6,-1.3,0.0,6.8165,0.0,-800.9,0.0,6.8165,0.0,-800.9,0.0,6.8165,1.0,0.0,0.0,0.0,0.0
1086,620.55,778.8,57694.35,803.65,24.85,0.0437,3.3599,0.0,-778.8,0.0,6.8165,0.0,-778.8,0.0,6.8165,1.0,0.0,0.0,0.0,0.0
1087,620.85,789.45,58454.05,796.65,7.2,0.0125,3.9036,0.0,-789.45,0.0,6.8165,0.0,-789.45,0.0,6.8165,1.0,0.0,0.0,0.0,0.0
1088,621.16,792.65,58389.9,786.55,-6.1,0.0,6.8165,0.0,-792.65,0.0,6.8165,0.0,-792.65,0.0,6.8165,1.0,0.0,0.0,0.0,0.0
1089,621.47,794.9,57811.6,796.5,1.6,0.0028,4.5519,0.0,-794.9,0.0,6.8165,0.0,-794.9,0.0,6.8165,1.0,0.0,0.0,0.0,0.0
1090,621.77,797.15,57470.4,790.9,-6.25,0.0,6.8165,0.0,-797.15,0.0,6.8165,0.0,-797.15,0.0,6.8165,1.0,0.0,0.0,0.0,0.0
1091,622.08,795.35,57309.8,790.25,-5.1,0.0,6.8165,0.0,-795.35,0.0,6.8165,0.0,-795.35,0.0,6.8165,1.0,0.0,0.0,0.0,0.0
1092,622.39,797.4,57083.25,778.6,-18.8,0.0,6.8165,0.0,-797.4,0.0,6.8165,0.0,-797.4,0.0,6.8165,1.0,0.0,0.0,0.0,0.0
1093,622.69,785.3,57095.55,784.4,-0.9,0.0,6.8165,0.0,-785.3,0.0,6.8165,0.0,-785.3,0.0,6.8165,1.0,0.0,0.0,0.0,0.0
1094,623.0,789.65,56817.95,779.35,-10.3,0.0,6.8165,0.0,-789.65,0.0,6.8165,0.0,-789.65,0.0,6.8165,1.0,0.0,0.0,0.0,0.0
1095,623.31,774.45,56694.6,786.35,11.9,0.0213,3.672,0.0,-774.45,0.0,6.8165,0.0,-774.45,0.0,6.8165,1.0,0.0,0.0,0.0,0.0
1096,623.61,788.3,57073.6,801.9,13.6,0.0242,3.6169,0.0,-788.3,0.0,6.8165,0.0,-788.3,0.0,6.8165,1.0,0.0,0.0,0.0,0.0
1097,623.92,795.8,56810.15,795.3,-0.5,0.0,6.8165,0.0,-795.8,0.0,6.8165,0.0,-795.8,0.0,6.8165,1.0,0.0,0.0,0.0,0.0
1098,624.22,788.85,57188.95,792.1,3.25,0.0058,4.2394,0.0,-788.85,0.0,6.8165,0.0,-788.85,0.0,6.8165,1.0,0.0,0.0,0.0,0.0
1099,624.53,776.55,57480.75,781.0,4.45,0.0078,4.1053,0.0,-776.55,0.0,6.8165,0.0,-776.55,0.0,6.8165,1.0,0.0,0.0,0.0,0.0
1100,624.84,778.5,56815.45,784.6,6.1,0.0109,3.9631,0.0,-778.5,0.0,6.8165,0.0,-778.5,0.0,6.8165,1.0,0.0,0.0,0.0,0.0
1101,625.14,787.6,56960.3,793.1,5.5,0.0098,4.0092,0.0,-787.6,0.0,6.8165,0.0,-787.6,0.0,6.8165,1.0,0.0,0.0,0.0,0.0
1102,625.45,783.2,56584.35,795.45,12.25,0.022,3.6585,0.0,-783.2,0.0,6.8165,0.0,-783.2,0.0,6.8165,1.0,0.0,0.0,0.0,0.0
1103,625.75,787.75,56342.35,797.25,9.5,0.0171,3.767,0.0,-787.75,0.0,6.8165,0.0,-787.75,0.0,6.8165,1.0,0.0,0.0,0.0,0.0
1104,626.06,802.55,56577.45,788.1,-14.45,0.0,6.8165,0.0,-802.55,0.0,6.8165,0.0,-802.55,0.0,6.8165,1.0,0.0,0.0,0.0,0.0
1105,626.36,796.75,56563.15,794.7,-2.05,0.0,6.8165,0.0,-796.75,0.0,6.8165,0.0,-796.75,0.0,6.8165,1.0,0.0,0.0,0.0,0.0
1106,626.67,778.2,56998.65,788.85,10.65,0.0189,3.7225,0.0,-778.2,0.0,6.8165,0.0,-778.2,0.0,6.8165,1.0,0.0,0.0,0.0,0.0
1107,626.97,789.4,56984.3,786.05,-3.35,0.0,6.8165,0.0,-789.4,0.0,6.8165,0.0,-789.4,0.0,6.8165,1.0,0.0,0.0,0.0,0.0
1108,627.28,801.65,56415.25,789.0,-12.65,0.0,6.8165,0.0,-801.65,0.0,6.8165,0.0,-801.65,0.0,6.8165,1.0,0.0,0.0,0.0,0.0
1109,627.58,798.2,56214.85,786.15,-12.05,0.0,6.8165,0.0,-798.2,0.0,6.8165,0.0,-798.2,0.0,6.8165,1.0,0.0,0.0,0.0,0.0
1110,627.89,790.0,55423.15,778.15,-11.85,0.0,6.8165,0.0,-790.0,0.0,6.8165,0.0,-790.0,0.0,6.8165,1.0,0.0,0.0,0.0,0.0
1111,628.19,797.9,55540.25,784.6,-13.3,0.0,6.8165,0.0,-797.9,0.0,6.8165,0.0,-797.9,0.0,6.8165,1.0,0.0,0.0,0.0,0.0
1112,628.5,783.75,56629.05,779.9,-3.85,0.0,6.8165,0.0,-783.75,0.0,6.8165,0.0,-783.75,0.0,6.8165,1.0,0.0,0.0,0.0,0.0
1113,628.8,776.8,56417.8,789.6,12.8,0.023,3.6382,0.0,-776.8,0.0,6.8165,0.0,-776.8,0.0,6.8165,1.0,0.0,0.0,0.0,0.0
1114,629.11,790.65,56301.15,784.4,-6.25,0.0,6.8165,0.0,-790.65,0.0,6.8165,0.0,-790.65,0.0,6.8165,1.0,0.0,0.0,0.0,0.0
1115,629.41,778.0,56235.4,788.35,10.35,0.0187,3.729,0.0,-778.0,0.0,6.8165,0.0,-778.0,0.0,6.8165,1.0,0.0,0.0,0.0,0.0
1116,629.71,792.75,55640.8,770.35,-22.4,0.0,6.8165,0.0,-792.75,0.0,6.8165,0.0,-792.75,0.0,6.8165,1.0,0.0,0.0,0.0,0.0
1117,630.02,777.5,54878.85,776.05,-1.45,0.0,6.8165,0.0,-777.5,0.0,6.8165,0.0,-777.5,0.0,6.8165,1.0,0.0,0.0,0.0,0.0
1118,630.32,787.35,55193.5,794.8,7.45,0.0137,3.8635,0.0,-787.35,0.0,6.8165,0.0,-787.35,0.0,6.8165,1.0,0.0,0.0,0.0,0.0
1119,630.63,779.75,56133.3,792.4,12.65,0.0229,3.6411,0.0,-779.75,0.0,6.8165,0.0,-779.75,0.0,6.8165,1.0,0.0,0.0,0.0,0.0
1120,630.93,789.35,56832.25,793.25,3.9,0.007,4.1575,0.0,-789.35,0.0,6.8165,0.0,-789.35,0.0,6.8165,1.0,0.0,0.0,0.0,0.0
1121,631.23,801.3,55957.15,793.6,-7.7,0.0,6.8165,0.0,-801.3,0.0,6.8165,0.0,-801.3,0.0,6.8165,1.0,0.0,0.0,0.0,0.0
1122,631.54,803.5,55703.85,785.15,-18.35,0.0,6.8165,0.0,-803.5,0.0,6.8165,0.0,-803.5,0.0,6.8165,1.0,0.0,0.0,0.0,0.0
1123,631.84,790.65,55497.65,795.45,4.8,0.0088,4.0568,0.0,-790.65,0.0,6.8165,0.0,-790.65,0.0,6.8165,1.0,0.0,0.0,0.0,0.0
1124,632.14,783.15,55029.15,787.9,4.75,0.0088,4.0577,0.0,-783.15,0.0,6.8165,0.0,-783.15,0.0,6.8165,1.0,0.0,0.0,0.0,0.0
1125,632.45,783.4,55092.85,784.25,0.85,0.0016,4.8055,0.0,-783.4,0.0,6.8165,0.0,-783.4,0.0,6.8165,1.0,0.0,0.0,0.0,0.0
1126,632.75,799.2,56024.95,793.55,-5.65,0.0,6.8165,0.0,-799.2,0.0,6.8165,0.0,-799.2,0.0,6.8165,1.0,0.0,0.0,0.0,0.0
1127,633.05,774.75,55636.7,785.3,10.55,0.0192,3.716,0.0,-774.75,0.0,6.8165,0.0,-774.75,0.0,6.8165,1.0,0.0,0.0,0.0,0.0
1128,633.36,794.45,55822.75,782.6,-11.85,0.0,6.8165,0.0,-794.45,0.0,6.8165,0.0,-794.45,0.0,6.8165,1.0,0.0,0.0,0.0,0.0
1129,633.66,778.15,55493.35,803.85,25.7,0.047,3.3282,0.0,-778.15,0.0,6.8165,0.0,-778.15,0.0,6.8165,1.0,0.0,0.0,0.0,0.0
1130,633.96,787.05,55369.4,790.55,3.5,0.0064,4.193,0.0,-787.05,0.0,6.8165,0.0,-787.05,0.0,6.8165,1.0,0.0,0.0,0.0,0.0
1131,634.27,790.0,55252.1,790.2,0.2,0.0004,5.4351,0.0,-790.0,0.0,6.8165,0.0,-790.0,0.0,6.8165,1.0,0.0,0.0,0.0,0.0
1132,634.57,784.65,55256.15,798.6,13.95,0.0256,3.5916,0.0,-784.65,0.0,6.8165,0.0,-784.65,0.0,6.8165,1.0,0.0,0.0,0.0,0.0
1133,634.87,790.9,54838.6,792.35,1.45,0.0027,4.5714,0.0,-790.9,0.0,6.8165,0.0,-790.9,0.0,6.8165,1.0,0.0,0.0,0.0,0.0
1134,635.17,780.3,54608.5,794.35,14.05,0.0261,3.5833,0.0,-780.3,0.0,6.8165,0.0,-780.3,0.0,6.8165,1.0,0.0,0.0,0.0,0.0
1135,635.48,782.1,54721.15,786.05,3.95,0.0073,4.1353,0.0,-782.1,0.0,6.8165,0.0,-782.1,0.0,6.8165,1.0,0.0,0.0,0.0,0.0
1136,635.78,782.05,54950.5,780.2,-1.85,0.0,6.8165,0.0,-782.05,0.0,6.8165,0.0,-782.05,0.0,6.8165,1.0,0.0,0.0,0.0,0.0
1137,636.08,796.3,54433.35,775.4,-20.9,0.0,6.8165,0.0,-796.3,0.0,6.8165,0.0,-796.3,0.0,6.8165,1.0,0.0,0.0,0.0,0.0
1138,636.38,791.35,54089.95,797.35,6.0,0.0113,3.9486,0.0,-791.35,0.0,6.8165,0.0,-791.35,0.0,6.8165,1.0,0.0,0.0,0.0,0.0
1139,636.68,782.35,53803.25,783.9,1.55,0.0029,4.5341,0.0,-782.35,0.0,6.8165,0.0,-782.35,0.0,6.8165,1.0,0.0,0.0,0.0,0.0
1140,636.99,783.25,53942.35,786.6,3.35,0.0063,4.2005,0.0,-783.25,0.0,6.8165,0.0,-783.25,0.0,6.8165,1.0,0.0,0.0,0.0,0.0
1141,637.29,801.35,54095.1,794.15,-7.2,0.0,6.8165,0.0,-801.35,0.0,6.8165,0.0,-801.35,0.0,6.8165,1.0,0.0,0.0,0.0,0.0
1142,637.59,800.2,54681.85,799.05,-1.15,0.0,6.8165,0.0,-800.2,0.0,6.8165,0.0,-800.2,0.0,6.8165,1.0,0.0,0.0,0.0,0.0
1143,637.89,775.75,54825.65,783.75,8.0,0.0148,3.8297,0.0,-775.75,0.0,6.8165,0.0,-775.75,0.0,6.8165,1.0,0.0,0.0,0.0,0.0
1144,638.19,785.2,54898.3,785.2,0.0,0.0,6.8165,0.0,-785.2,0.0,6.8165,0.0,-785.2,0.0,6.8165,1.0,0.0,0.0,0.0,0.0
1145,638.49,799.25,54169.5,786.2,-13.05,0.0,6.8165,0.0,-799.25,0.0,6.8165,0.0,-799.25,0.0,6.8165,1.0,0.0,0.0,0.0,0.0
1146,638.8,794.9,54311.15,776.2,-18.7,0.0,6.8165,0.0,-794.9,0.0,6.8165,0.0,-794.9,0.0,6.8165,1.0,0.0,0.0,0.0,0.0
1147,639.1,788.25,54009.9,782.9,-5.35,0.0,6.8165,0.0,-788.25,0.0,6.8165,0.0,-788.25,0.0,6.8165,1.0,0.0,0.0,0.0,0.0
1148,639.4,786.85,53534.3,774.25,-12.6,0.0,6.8165,0.0,-786.85,0.0,6.8165,0.0,-786.85,0.0,6.8165,1.0,0.0,0.0,0.0,0.0
1149,639.7,782.35,53509.15,786.25,3.9,0.0074,4.131,0.0,-782.35,0.0,6.8165,0.0,-782.35,0.0,6.8165,1.0,0.0,0.0,0.0,0.0
1150,640.0,784.25,54325.8,775.35,-8.9,0.0,6.8165,0.0,-784.25,0.0,6.8165,0.0,-784.25,0.0,6.8165,1.0,0.0,0.0,0.0,0.0
1151,640.3,787.8,54288.35,774.15,-13.65,0.0,6.8165,0.0,-787.8,0.0,6.8165,0.0,-787.8,0.0,6.8165,1.0,0.0,0.0,0.0,0.0
1152,640.6,796.0,53991.85,774.2,-21.8,0.0,6.8165,0.0,-796.0,0.0,6.8165,0.0,-796.0,0.0,6.8165,1.0,0.0,0.0,0.0,0.0
1153,640.9,788.25,54535.0,789.45,1.2,0.0022,4.6512,0.0,-788.25,0.0,6.8165,0.0,-788.25,0.0,6.8165,1.0,0.0,0.0,0.0,0.0
1154,641.2,783.05,53960.8,788.2,5.15,0.0097,4.0139,0.0,-783.05,0.0,6.8165,0.0,-783.05,0.0,6.8165,1.0,0.0,0.0,0.0,0.0
1155,641.5,791.65,53632.55,789.2,-2.45,0.0,6.8165,0.0,-791.65,0.0,6.8165,0.0,-791.65,0.0,6.8165,1.0,0.0,0.0,0.0,0.0
1156,641.8,793.2,53285.75,795.25,2.05,0.0039,4.4083,0.0,-793.2,0.0,6.8165,0.0,-793.2,0.0,6.8165,1.0,0.0,0.0,0.0,0.0
1157,642.1,804.1,53681.15,772.65,-31.45,0.0,6.8165,0.0,-804.1,0.0,6.8165,0.0,-804.1,0.0,6.8165,1.0,0.0,0.0,0.0,0.0
1158,642.4,783.35,53329.55,781.6,-1.75,0.0,6.8165,0.0,-783.35,0.0,6.8165,0.0,-783.35,0.0,6.8165,1.0,0.0,0.0,0.0,0.0
1159,642.7,786.45,53692.7,784.6,-1.85,0.0,6.8165,0.0,-786.45,0.0,6.8165,0.0,-786.45,0.0,6.8165,1.0,0.0,0.0,0.0,0.0
1160,643.0,793.95,53214.15,782.6,-11.35,0.0,6.8165,0.0,-793.95,0.0,6.8165,0.0,-793.95,0.0,6.8165,1.0,0.0,0.0,0.0,0.0
1161,643.3,797.35,52627.5,773.0,-24.35,0.0,6.8165,0.0,-797.35,0.0,6.8165,0.0,-797.35,0.0,6.8165,1.0,0.0,0.0,0.0,0.0
1162,643.6,784.9,53028.6,772.45,-12.45,0.0,6.8165,0.0,-784.9,0.0,6.8165,0.0,-784.9,0.0,6.8165,1.0,0.0,0.0,0.0,0.0
1163,643.9,793.8,53474.15,779.35,-14.45,0.0,6.8165,0.0,-793.8,0.0,6.8165,0.0,-793.8,0.0,6.8165,1.0,0.0,0.0,0.0,0.0
1164,644.2,788.8,53976.75,784.75,-4.05,0.0,6.8165,0.0,-788.8,0.0,6.8165,0.0,-788.8,0.0,6.8165,1.0,0.0,0.0,0.0,0.0
1165,644.5,794.3,53448.05,783.9,-10.4,0.0,6.8165,0.0,-794.3,0.0,6.8165,0.0,-794.3,0.0,6.8165,1.0,0.0,0.0,0.0,0.0
1166,644.8,780.65,52871.75,779.45,-1.2,0.0,6.8165,0.0,-780.65,0.0,6.8165,0.0,-780.65,0.0,6.8165,1.0,0.0,0.0,0.0,0.0
1167,645.1,786.85,52919.6,784.5,-2.35,0.0,6.8165,0.0,-786.85,0.0,6.8165,0.0,-786.85,0.0,6.8165,1.0,0.0,0.0,0.0,0.0
1168,645.4,790.45,52022.25,787.95,-2.5,0.0,6.8165,0.0,-790.45,0.0,6.8165,0.0,-790.45,0.0,6.8165,1.0,0.0,0.0,0.0,0.0
1169,645.7,784.35,52203.75,776.8,-7.55,0.0,6.8165,0.0,-784.35,0.0,6.8165,0.0,-784.35,0.0,6.8165,1.0,0.0,0.0,0.0,0.0
1170,646.0,774.0,52268.75,786.25,12.25,0.0238,3.6236,0.0,-774.0,0.0,6.8165,0.0,-774.0,0.0,6.8165,1.0,0.0,0.0,0.0,0.0
1171,646.3,784.4,52825.6,788.45,4.05,0.0078,4.1089,0.0,-784.4,0.0,6.8165,0.0,-784.4,0.0,6.8165,1.0,0.0,0.0,0.0,0.0
1172,646.59,787.55,53242.85,785.5,-2.05,0.0,6.8165,0.0,-787.55,0.0,6.8165,0.0,-787.55,0.0,6.8165,1.0,0.0,0.0,0.0,0.0
1173,646.89,778.5,53677.25,784.5,6.0,0.0113,3.9453,0.0,-778.5,0.0,6.8165,0.0,-778.5,0.0,6.8165,1.0,0.0,0.0,0.0,0.0
1174,647.19,795.8,53506.3,789.5,-6.3,0.0,6.8165,0.0,-795.8,0.0,6.8165,0.0,-795.8,0.0,6.8165,1.0,0.0,0.0,0.0,0.0
1175,647.49,795.9,53067.2,778.0,-17.9,0.0,6.8165,0.0,-795.9,0.0,6.8165,0.0,-795.9,0.0,6.8165,1.0,0.0,0.0,0.0,0.0
1176,647.79,778.0,53106.9,794.5,16.5,0.0315,3.5013,0.0,-778.0,0.0,6.8165,0.0,-778.0,0.0,6.8165,1.0,0.0,0.0,0.0,0.0
1177,648.09,784.45,52035.4,786.65,2.2,0.0043,4.3673,0.0,-784.45,0.0,6.8165,0.0,-784.45,0.0,6.8165,1.0,0.0,0.0,0.0,0.0
1178,648.39,780.35,52574.9,786.7,6.35,0.0123,3.9115,0.0,-780.35,0.0,6.8165,0.0,-780.35,0.0,6.8165,1.0,0.0,0.0,0.0,0.0
1179,648.68,792.15,53358.55,776.15,-16.0,0.0,6.8165,0.0,-792.15,0.0,6.8165,0.0,-792.15,0.0,6.8165,1.0,0.0,0.0,0.0,0.0
1180,648.98,810.95,53140.8,784.95,-26.0,0.0,6.8165,0.0,-810.95,0.0,6.8165,0.0,-810.95,0.0,6.8165,1.0,0.0,0.0,0.0,0.0
1181,649.28,791.9,53661.9,770.35,-21.55,0.0,6.8165,0.0,-791.9,0.0,6.8165,0.0,-791.9,0.0,6.8165,1.0,0.0,0.0,0.0,0.0
1182,649.58,775.2,53391.05,771.7,-3.5,0.0,6.8165,0.0,-775.2,0.0,6.8165,0.0,-775.2,0.0,6.8165,1.0,0.0,0.0,0.0,0.0
1183,649.87,779.7,52411.1,797.35,17.65,0.0342,3.4662,0.0,-779.7,0.0,6.8165,0.0,-779.7,0.0,6.8165,1.0,0.0,0.0,0.0,0.0
1184,650.17,788.1,52025.5,778.45,-9.65,0.0,6.8165,0.0,-788.1,0.0,6.8165,0.0,-788.1,0.0,6.8165,1.0,0.0,0.0,0.0,0.0
1185,650.47,786.45,52236.1,773.75,-12.7,0.0,6.8165,0.0,-786.45,0.0,6.8165,0.0,-786.45,0.0,6.8165,1.0,0.0,0.0,0.0,0.0
1186,650.77,777.05,52216.25,752.2,-24.85,0.0,6.8165,0.0,-777.05,0.0,6.8165,0.0,-777.05,0.0,6.8165,1.0,0.0,0.0,0.0,0.0
1187,651.06,796.5,52465.25,776.2,-20.3,0.0,6.8165,0.0,-796.5,0.0,6.8165,0.0,-796.5,0.0,6.8165,1.0,0.0,0.0,0.0,0.0
1188,651.36,802.2,52119.55,779.4,-22.8,0.0,6.8165,0.0,-802.2,0.0,6.8165,0.0,-802.2,0.0,6.8165,1.0,0.0,0.0,0.0,0.0
1189,651.66,777.8,52669.7,791.45,13.65,0.0263,3.58,0.0,-777.8,0.0,6.8165,0.0,-777.8,0.0,6.8165,1.0,0.0,0.0,0.0,0.0
1190,651.96,786.3,52936.65,782.95,-3.35,0.0,6.8165,0.0,-786.3,0.0,6.8165,0.0,-786.3,0.0,6.8165,1.0,0.0,0.0,0.0,0.0
1191,652.25,791.0,52418.65,784.4,-6.6,0.0,6.8165,0.0,-791.0,0.0,6.8165,0.0,-791.0,0.0,6.8165,1.0,0.0,0.0,0.0,0.0
1192,652.55,793.0,51909.35,775.25,-17.75,0.0,6.8165,0.0,-793.0,0.0,6.8165,0.0,-793.0,0.0,6.8165,1.0,0.0,0.0,0.0,0.0
1193,652.85,783.35,51316.2,777.8,-5.55,0.0,6.8165,0.0,-783.35,0.0,6.8165,0.0,-783.35,0.0,6.8165,1.0,0.0,0.0,0.0,0.0
1194,653.14,791.35,50520.55,770.45,-20.9,0.0,6.8165,0.0,-791.35,0.0,6.8165,0.0,-791.35,0.0,6.8165,1.0,0.0,0.0,0.0,0.0
1195,653.44,795.1,50560.85,785.5,-9.6,0.0,6.8165,0.0,-795.1,0.0,6.8165,0.0,-795.1,0.0,6.8165,1.0,0.0,0.0,0.0,0.0
1196,653.74,787.05,50583.4,784.9,-2.15,0.0,6.8165,0.0,-787.05,0.0,6.8165,0.0,-787.05,0.0,6.8165,1.0,0.0,0.0,0.0,0.0
1197,654.03,781.85,51512.5,768.0,-13.85,0.0,6.8165,0.0,-781.85,0.0,6.8165,0.0,-781.85,0.0,6.8165,1.0,0.0,0.0,0.0,0.0
1198,654.33,792.45,51424.3,778.45,-14.0,0.0,6.8165,0.0,-792.45,0.0,6.8165,0.0,-792.45,0.0,6.8165,1.0,0.0,0.0,0.0,0.0
1199,654.62,780.9,50842.95,774.85,-6.05,0.0,6.8165,0.0,-780.9,0.0,6.8165,0.0,-780.9,0.0,6.8165,1.0,0.0,0.0,0.0,0.0
1200,654.92,779.65,50684.4,772.75,-6.9,0.0,6.8165,0.0,-779.65,0.0,6.8165,0.0,-779.65,0.0,6.8165,1.0,0.0,0.0,0.0,0.0
1201,655.22,787.2,49384.65,775.2,-12.0,0.0,6.8165,0.0,-787.2,0.0,6.8165,0.0,-787.2,0.0,6.8165,1.0,0.0,0.0,0.0,0.0
1202,655.51,798.7,49650.5,786.9,-11.8,0.0,6.8165,0.0,-798.7,0.0,6.8165,0.0,-798.7,0.0,6.8165,1.0,0.0,0.0,0.0,0.0
1203,655.81,781.75,49234.2,772.5,-9.25,0.0,6.8165,0.0,-781.75,0.0,6.8165,0.0,-781.75,0.0,6.8165,1.0,0.0,0.0,0.0,0.0
1204,656.1,792.4,49643.5,776.15,-16.25,0.0,6.8165,0.0,-792.4,0.0,6.8165,0.0,-792.4,0.0,6.8165,1.0,0.0,0.0,0.0,0.0
1205,656.4,803.15,49906.25,767.3,-35.85,0.0,6.8165,0.0,-803.15,0.0,6.8165,0.0,-803.15,0.0,6.8165,1.0,0.0,0.0,0.0,0.0
1206,656.69,789.7,50388.15,791.6,1.9,0.0038,4.4167,0.0,-789.7,0.0,6.8165,0.0,-789.7,0.0,6.8165,1.0,0.0,0.0,0.0,0.0
1207,656.99,787.85,50248.75,776.95,-10.9,0.0,6.8165,0.0,-787.85,0.0,6.8165,0.0,-787.85,0.0,6.8165,1.0,0.0,0.0,0.0,0.0
1208,657.29,782.75,50214.25,778.45,-4.3,0.0,6.8165,0.0,-782.75,0.0,6.8165,0.0,-782.75,0.0,6.8165,1.0,0.0,0.0,0.0,0.0
1209,657.58,783.25,49971.55,775.05,-8.2,0.0,6.8165,0.0,-783.25,0.0,6.8165,0.0,-783.25,0.0,6.8165,1.0,0.0,0.0,0.0,0.0
1210,657.88,803.35,50127.3,771.05,-32.3,0.0,6.8165,0.0,-803.35,0.0,6.8165,0.0,-803.35,0.0,6.8165,1.0,0.0,0.0,0.0,0.0
1211,658.17,787.7,49475.5,781.35,-6.35,0.0,6.8165,0.0,-787.7,0.0,6.8165,0.0,-787.7,0.0,6.8165,1.0,0.0,0.0,0.0,0.0
1212,658.47,779.0,49332.15,779.6,0.6,0.0012,4.9081,0.0,-779.0,0.0,6.8165,0.0,-779.0,0.0,6.8165,1.0,0.0,0.0,0.0,0.0
1213,658.76,801.1,49336.35,777.8,-23.3,0.0,6.8165,0.0,-801.1,0.0,6.8165,0.0,-801.1,0.0,6.8165,1.0,0.0,0.0,0.0,0.0
1214,659.05,797.5,49568.25,776.6,-20.9,0.0,6.8165,0.0,-797.5,0.0,6.8165,0.0,-797.5,0.0,6.8165,1.0,0.0,0.0,0.0,0.0
1215,659.35,792.25,49910.65,775.25,-17.0,0.0,6.8165,0.0,-792.25,0.0,6.8165,0.0,-792.25,0.0,6.8165,1.0,0.0,0.0,0.0,0.0
1216,659.64,805.5,49497.6,782.95,-22.55,0.0,6.8165,0.0,-805.5,0.0,6.8165,0.0,-805.5,0.0,6.8165,1.0,0.0,0.0,0.0,0.0
1217,659.94,786.75,49581.8,769.55,-17.2,0.0,6.8165,0.0,-786.75,0.0,6.8165,0.0,-786.75,0.0,6.8165,1.0,0.0,0.0,0.0,0.0
1218,660.23,785.4,49267.0,785.35,-0.05,0.0,6.8165,0.0,-785.4,0.0,6.8165,0.0,-785.4,0.0,6.8165,1.0,0.0,0.0,0.0,0.0
1219,660.53,778.65,48573.7,788.6,9.95,0.0208,3.6816,0.0,-778.65,0.0,6.8165,0.0,-778.65,0.0,6.8165,1.0,0.0,0.0,0.0,0.0
1220,660.82,796.5,48932.55,782.65,-13.85,0.0,6.8165,0.0,-796.5,0.0,6.8165,0.0,-796.5,0.0,6.8165,1.0,0.0,0.0,0.0,0.0
1221,661.11,804.0,49141.4,784.35,-19.65,0.0,6.8165,0.0,-804.0,0.0,6.8165,0.0,-804.0,0.0,6.8165,1.0,0.0,0.0,0.0,0.0
1222,661.41,789.05,49546.55,777.05,-12.0,0.0,6.8165,0.0,-789.05,0.0,6.8165,0.0,-789.05,0.0,6.8165,1.0,0.0,0.0,0.0,0.0
1223,661.7,786.55,49820.95,769.45,-17.1,0.0,6.8165,0.0,-786.55,0.0,6.8165,0.0,-786.55,0.0,6.8165,1.0,0.0,0.0,0.0,0.0
1224,662.0,788.8,49648.2,773.65,-15.15,0.0,6.8165,0.0,-788.8,0.0,6.8165,0.0,-788.8,0.0,6.8165,1.0,0.0,0.0,0.0,0.0
1225,662.29,793.15,49512.1,787.0,-6.15,0.0,6.8165,0.0,-793.15,0.0,6.8165,0.0,-793.15,0.0,6.8165,1.0,0.0,0.0,0.0,0.0
1226,662.58,802.4,49084.4,779.75,-22.65,0.0,6.8165,0.0,-802.4,0.0,6.8165,0.0,-802.4,0.0,6.8165,1.0,0.0,0.0,0.0,0.0
1227,662.88,784.35,48439.0,782.25,-2.1,0.0,6.8165,0.0,-784.35,0.0,6.8165,0.0,-784.35,0.0,6.8165,1.0,0.0,0.0,0.0,0.0
1228,663.17,790.75,48375.5,770.6,-20.15,0.0,6.8165,0.0,-790.75,0.0,6.8165,0.0,-790.75,0.0,6.8165,1.0,0.0,0.0,0.0,0.0
1229,663.46,777.9,48993.8,791.2,13.3,0.0276,3.5593,0.0,-777.9,0.0,6.8165,0.0,-777.9,0.0,6.8165,1.0,0.0,0.0,0.0,0.0
1230,663.76,784.75,48612.3,779.7,-5.05,0.0,6.8165,0.0,-784.75,0.0,6.8165,0.0,-784.75,0.0,6.8165,1.0,0.0,0.0,0.0,0.0
1231,664.05,775.65,48862.55,774.55,-1.1,0.0,6.8165,0.0,-775.65,0.0,6.8165,0.0,-775.65,0.0,6.8165,1.0,0.0,0.0,0.0,0.0
1232,664.34,777.25,48956.0,770.8,-6.45,0.0,6.8165,0.0,-777.25,0.0,6.8165,0.0,-777.25,0.0,6.8165,1.0,0.0,0.0,0.0,0.0
1233,664.64,795.9,49325.85,776.55,-19.35,0.0,6.8165,0.0,-795.9,0.0,6.8165,0.0,-795.9,0.0,6.8165,1.0,0.0,0.0,0.0,0.0
1234,664.93,790.0,49418.45,764.5,-25.5,0.0,6.8165,0.0,-790.0,0.0,6.8165,0.0,-790.0,0.0,6.8165,1.0,0.0,0.0,0.0,0.0
1235,665.22,797.1,48406.95,791.55,-5.55,0.0,6.8165,0.0,-797.1,0.0,6.8165,0.0,-797.1,0.0,6.8165,1.0,0.0,0.0,0.0,0.0
1236,665.51,794.4,48509.55,773.2,-21.2,0.0,6.8165,0.0,-794.4,0.0,6.8165,0.0,-794.4,0.0,6.8165,1.0,0.0,0.0,0.0,0.0
1237,665.81,780.2,48318.4,775.0,-5.2,0.0,6.8165,0.0,-780.2,0.0,6.8165,0.0,-780.2,0.0,6.8165,1.0,0.0,0.0,0.0,0.0
1238,666.1,779.95,48218.6,773.2,-6.75,0.0,6.8165,0.0,-779.95,0.0,6.8165,0.0,-779.95,0.0,6.8165,1.0,0.0,0.0,0.0,0.0
1239,666.39,794.05,48671.25,792.65,-1.4,0.0,6.8165,0.0,-794.05,0.0,6.8165,0.0,-794.05,0.0,6.8165,1.0,0.0,0.0,0.0,0.0
1240,666.68,781.6,49748.9,794.25,12.65,0.0258,3.5878,0.0,-781.6,0.0,6.8165,0.0,-781.6,0.0,6.8165,1.0,0.0,0.0,0.0,0.0
1241,666.97,795.8,49798.8,767.7,-28.1,0.0,6.8165,0.0,-795.8,0.0,6.8165,0.0,-795.8,0.0,6.8165,1.0,0.0,0.0,0.0,0.0
1242,667.27,787.8,48734.85,773.75,-14.05,0.0,6.8165,0.0,-787.8,0.0,6.8165,0.0,-787.8,0.0,6.8165,1.0,0.0,0.0,0.0,0.0
1243,667.56,792.25,48369.25,784.4,-7.85,0.0,6.8165,0.0,-792.25,0.0,6.8165,0.0,-792.25,0.0,6.8165,1.0,0.0,0.0,0.0,0.0
1244,667.85,791.75,48366.75,789.5,-2.25,0.0,6.8165,0.0,-791.75,0.0,6.8165,0.0,-791.75,0.0,6.8165,1.0,0.0,0.0,0.0,0.0
1245,668.14,801.15,48712.45,779.85,-21.3,0.0,6.8165,0.0,-801.15,0.0,6.8165,0.0,-801.15,0.0,6.8165,1.0,0.0,0.0,0.0,0.0
1246,668.43,795.95,48529.45,781.2,-14.75,0.0,6.8165,0.0,-795.95,0.0,6.8165,0.0,-795.95,0.0,6.8165,1.0,0.0,0.0,0.0,0.0
1247,668.72,798.5,48323.55,792.4,-6.1,0.0,6.8165,0.0,-798.5,0.0,6.8165,0.0,-798.5,0.0,6.8165,1.0,0.0,0.0,0.0,0.0
1248,669.02,794.35,48625.65,794.45,0.1,0.0002,5.6797,0.0,-794.35,0.0,6.8165,0.0,-794.35,0.0,6.8165,1.0,0.0,0.0,0.0,0.0
1249,669.31,785.9,49038.25,784.35,-1.55,0.0,6.8165,0.0,-785.9,0.0,6.8165,0.0,-785.9,0.0,6.8165,1.0,0.0,0.0,0.0,0.0
1250,669.6,794.5,48667.35,789.6,-4.9,0.0,6.8165,0.0,-794.5,0.0,6.8165,0.0,-794.5,0.0,6.8165,1.0,0.0,0.0,0.0,0.0
1251,669.89,784.8,48047.3,786.35,1.55,0.0033,4.4842,0.0,-784.8,0.0,6.8165,0.0,-784.8,0.0,6.8165,1.0,0.0,0.0,0.0,0.0
1252,670.18,781.9,48056.2,780.85,-1.05,0.0,6.8165,0.0,-781.9,0.0,6.8165,0.0,-781.9,0.0,6.8165,1.0,0.0,0.0,0.0,0.0
1253,670.47,788.85,47752.25,779.1,-9.75,0.0,6.8165,0.0,-788.85,0.0,6.8165,0.0,-788.85,0.0,6.8165,1.0,0.0,0.0,0.0,0.0
1254,670.76,775.6,47667.0,795.25,19.65,0.0419,3.3777,0.0,-775.6,0.0,6.8165,0.0,-775.6,0.0,6.8165,1.0,0.0,0.0,0.0,0.0
1255,671.05,787.1,47798.75,772.95,-14.15,0.0,6.8165,0.0,-787.1,0.0,6.8165,0.0,-787.1,0.0,6.8165,1.0,0.0,0.0,0.0,0.0
1256,671.34,784.4,48336.65,784.85,0.45,0.0009,5.024,0.0,-784.4,0.0,6.8165,0.0,-784.4,0.0,6.8165,1.0,0.0,0.0,0.0,0.0
1257,671.63,794.15,48514.55,788.2,-5.95,0.0,6.8165,0.0,-794.15,0.0,6.8165,0.0,-794.15,0.0,6.8165,1.0,0.0,0.0,0.0,0.0
1258,671.92,783.05,48270.8,777.2,-5.85,0.0,6.8165,0.0,-783.05,0.0,6.8165,0.0,-783.05,0.0,6.8165,1.0,0.0,0.0,0.0,0.0
1259,672.21,783.85,48011.1,783.8,-0.05,0.0,6.8165,0.0,-783.85,0.0,6.8165,0.0,-783.85,0.0,6.8165,1.0,0.0,0.0,0.0,0.0
1260,672.5,774.4,48377.9,784.65,10.25,0.0215,3.6669,0.0,-774.4,0.0,6.8165,0.0,-774.4,0.0,6.8165,1.0,0.0,0.0,0.0,0.0
1261,672.79,779.8,47911.2,785.55,5.75,0.0122,3.9136,0.0,-779.8,0.0,6.8165,0.0,-779.8,0.0,6.8165,1.0,0.0,0.0,0.0,0.0
1262,673.08,790.15,48051.15,789.5,-0.65,0.0,6.8165,0.0,-790.15,0.0,6.8165,0.0,-790.15,0.0,6.8165,1.0,0.0,0.0,0.0,0.0
1263,673.37,789.9,48408.4,785.25,-4.65,0.0,6.8165,0.0,-789.9,0.0,6.8165,0.0,-789.9,0.0,6.8165,1.0,0.0,0.0,0.0,0.0
1264,673.66,783.7,49002.85,787.9,4.2,0.0087,4.06,0.0,-783.7,0.0,6.8165,0.0,-783.7,0.0,6.8165,1.0,0.0,0.0,0.0,0.0
1265,673.95,775.9,48383.6,777.05,1.15,0.0024,4.617,0.0,-775.9,0.0,6.8165,0.0,-775.9,0.0,6.8165,1.0,0.0,0.0,0.0,0.0
1266,674.24,788.55,47011.1,786.85,-1.7,0.0,6.8165,0.0,-788.55,0.0,6.8165,0.0,-788.55,0.0,6.8165,1.0,0.0,0.0,0.0,0.0
1267,674.53,779.75,47809.25,777.15,-2.6,0.0,6.8165,0.0,-779.75,0.0,6.8165,0.0,-779.75,0.0,6.8165,1.0,0.0,0.0,0.0,0.0
1268,674.82,798.65,48263.25,775.6,-23.05,0.0,6.8165,0.0,-798.65,0.0,6.8165,0.0,-798.65,0.0,6.8165,1.0,0.0,0.0,0.0,0.0
1269,675.11,795.55,47963.5,788.1,-7.45,0.0,6.8165,0.0,-795.55,0.0,6.8165,0.0,-795.55,0.0,6.8165,1.0,0.0,0.0,0.0,0.0
1270,675.4,794.8,47279.35,790.85,-3.95,0.0,6.8165,0.0,-794.8,0.0,6.8165,0.0,-794.8,0.0,6.8165,1.0,0.0,0.0,0.0,0.0
1271,675.69,787.7,47676.1,786.6,-1.1,0.0,6.8165,0.0,-787.7,0.0,6.8165,0.0,-787.7,0.0,6.8165,1.0,0.0,0.0,0.0,0.0
1272,675.98,789.55,48584.05,782.9,-6.65,0.0,6.8165,0.0,-789.55,0.0,6.8165,0.0,-789.55,0.0,6.8165,1.0,0.0,0.0,0.0,0.0
1273,676.27,783.7,48174.9,780.75,-2.95,0.0,6.8165,0.0,-783.7,0.0,6.8165,0.0,-783.7,0.0,6.8165,1.0,0.0,0.0,0.0,0.0
1274,676.56,783.3,46791.3,783.5,0.2,0.0004,5.3618,0.0,-783.3,0.0,6.8165,0.0,-783.3,0.0,6.8165,1.0,0.0,0.0,0.0,0.0
1275,676.84,787.15,46214.45,781.75,-5.4,0.0,6.8165,0.0,-787.15,0.0,6.8165,0.0,-787.15,0.0,6.8165,1.0,0.0,0.0,0.0,0.0
1276,677.13,780.55,47501.3,792.5,11.95,0.0256,3.5921,0.0,-780.55,0.0,6.8165,0.0,-780.55,0.0,6.8165,1.0,0.0,0.0,0.0,0.0
1277,677.42,788.0,47514.55,793.5,5.5,0.0118,3.9292,0.0,-788.0,0.0,6.8165,0.0,-788.0,0.0,6.8165,1.0,0.0,0.0,0.0,0.0
1278,677.71,794.75,46480.75,797.8,3.05,0.0067,4.1755,0.0,-794.75,0.0,6.8165,0.0,-794.75,0.0,6.8165,1.0,0.0,0.0,0.0,0.0
1279,678.0,786.5,46720.15,786.55,0.05,0.0001,5.9632,0.0,-786.5,0.0,6.8165,0.0,-786.5,0.0,6.8165,1.0,0.0,0.0,0.0,0.0
1280,678.29,792.8,47998.8,781.1,-11.7,0.0,6.8165,0.0,-792.8,0.0,6.8165,0.0,-792.8,0.0,6.8165,1.0,0.0,0.0,0.0,0.0
1281,678.58,783.35,47736.4,783.8,0.45,0.001,5.0185,0.0,-783.35,0.0,6.8165,0.0,-783.35,0.0,6.8165,1.0,0.0,0.0,0.0,0.0
1282,678.86,767.45,46647.05,792.7,25.25,0.055,3.2594,0.0,-767.45,0.0,6.8165,0.0,-767.45,0.0,6.8165,1.0,0.0,0.0,0.0,0.0
1283,679.15,785.05,45980.65,782.85,-2.2,0.0,6.8165,0.0,-785.05,0.0,6.8165,0.0,-785.05,0.0,6.8165,1.0,0.0,0.0,0.0,0.0
1284,679.44,792.9,46577.9,777.95,-14.95,0.0,6.8165,0.0,-792.9,0.0,6.8165,0.0,-792.9,0.0,6.8165,1.0,0.0,0.0,0.0,0.0
1285,679.73,785.6,46503.2,779.5,-6.1,0.0,6.8165,0.0,-785.6,0.0,6.8165,0.0,-785.6,0.0,6.8165,1.0,0.0,0.0,0.0,0.0
1286,680.01,795.3,46188.9,787.35,-7.95,0.0,6.8165,0.0,-795.3,0.0,6.8165,0.0,-795.3,0.0,6.8165,1.0,0.0,0.0,0.0,0.0
1287,680.3,796.3,45796.8,790.9,-5.4,0.0,6.8165,0.0,-796.3,0.0,6.8165,0.0,-796.3,0.0,6.8165,1.0,0.0,0.0,0.0,0.0
1288,680.59,791.75,47205.15,777.65,-14.1,0.0,6.8165,0.0,-791.75,0.0,6.8165,0.0,-791.75,0.0,6.8165,1.0,0.0,0.0,0.0,0.0
1289,680.88,773.65,47909.4,770.65,-3.0,0.0,6.8165,0.0,-773.65,0.0,6.8165,0.0,-773.65,0.0,6.8165,1.0,0.0,0.0,0.0,0.0
1290,681.16,791.15,47448.9,783.95,-7.2,0.0,6.8165,0.0,-791.15,0.0,6.8165,0.0,-791.15,0.0,6.8165,1.0,0.0,0.0,0.0,0.0
1291,681.45,766.6,47147.95,788.0,21.4,0.0461,3.3359,0.0,-766.6,0.0,6.8165,0.0,-766.6,0.0,6.8165,1.0,0.0,0.0,0.0,0.0
1292,681.74,788.55,47188.7,773.15,-15.4,0.0,6.8165,0.0,-788.55,0.0,6.8165,0.0,-788.55,0.0,6.8165,1.0,0.0,0.0,0.0,0.0
1293,682.02,782.2,47402.7,783.35,1.15,0.0025,4.6079,0.0,-782.2,0.0,6.8165,0.0,-782.2,0.0,6.8165,1.0,0.0,0.0,0.0,0.0
1294,682.31,779.55,47218.05,781.3,1.75,0.0038,4.4238,0.0,-779.55,0.0,6.8165,0.0,-779.55,0.0,6.8165,1.0,0.0,0.0,0.0,0.0
1295,682.6,790.25,47655.35,786.8,-3.45,0.0,6.8165,0.0,-790.25,0.0,6.8165,0.0,-790.25,0.0,6.8165,1.0,0.0,0.0,0.0,0.0
1296,682.88,770.0,48612.8,796.45,26.45,0.0553,3.2574,0.0,-770.0,0.0,6.8165,0.0,-770.0,0.0,6.8165,1.0,0.0,0.0,0.0,0.0
1297,683.17,772.9,50287.4,782.7,9.8,0.0198,3.7035,0.0,-772.9,0.0,6.8165,0.0,-772.9,0.0,6.8165,1.0,0.0,0.0,0.0,0.0
1298,683.46,792.0,50309.85,780.6,-11.4,0.0,6.8165,0.0,-792.0,0.0,6.8165,0.0,-792.0,0.0,6.8165,1.0,0.0,0.0,0.0,0.0
1299,683.74,783.15,49343.45,777.7,-5.45,0.0,6.8165,0.0,-783.15,0.0,6.8165,0.0,-783.15,0.0,6.8165,1.0,0.0,0.0,0.0,0.0
1300,684.03,788.65,49353.55,785.05,-3.6,0.0,6.8165,0.0,-788.65,0.0,6.8165,0.0,-788.65,0.0,6.8165,1.0,0.0,0.0,0.0,0.0
1301,684.32,781.35,48739.75,790.35,9.0,0.0188,3.7266,0.0,-781.35,0.0,6.8165,0.0,-781.35,0.0,6.8165,1.0,0.0,0.0,0.0,0.0
1302,684.6,776.3,48765.15,772.15,-4.15,0.0,6.8165,0.0,-776.3,0.0,6.8165,0.0,-776.3,0.0,6.8165,1.0,0.0,0.0,0.0,0.0
1303,684.89,779.85,48297.35,781.0,1.15,0.0024,4.6162,0.0,-779.85,0.0,6.8165,0.0,-779.85,0.0,6.8165,1.0,0.0,0.0,0.0,0.0
1304,685.17,779.1,48084.75,781.6,2.5,0.0053,4.277,0.0,-779.1,0.0,6.8165,0.0,-779.1,0.0,6.8165,1.0,0.0,0.0,0.0,0.0
1305,685.46,782.0,48310.25,787.35,5.35,0.0113,3.9486,0.0,-782.0,0.0,6.8165,0.0,-782.0,0.0,6.8165,1.0,0.0,0.0,0.0,0.0
1306,685.75,792.8,48828.55,778.8,-14.0,0.0,6.8165,0.0,-792.8,0.0,6.8165,0.0,-792.8,0.0,6.8165,1.0,0.0,0.0,0.0,0.0
1307,686.03,783.0,48491.7,779.7,-3.3,0.0,6.8165,0.0,-783.0,0.0,6.8165,0.0,-783.0,0.0,6.8165,1.0,0.0,0.0,0.0,0.0
1308,686.32,778.55,47312.3,778.6,0.05,0.0001,5.9688,0.0,-778.55,0.0,6.8165,0.0,-778.55,0.0,6.8165,1.0,0.0,0.0,0.0,0.0
1309,686.6,785.05,47087.9,770.0,-15.05,0.0,6.8165,0.0,-785.05,0.0,6.8165,0.0,-785.05,0.0,6.8165,1.0,0.0,0.0,0.0,0.0
1310,686.89,784.4,46766.45,781.05,-3.35,0.0,6.8165,0.0,-784.4,0.0,6.8165,0.0,-784.4,0.0,6.8165,1.0,0.0,0.0,0.0,0.0
1311,687.17,789.3,45945.95,787.75,-1.55,0.0,6.8165,0.0,-789.3,0.0,6.8165,0.0,-789.3,0.0,6.8165,1.0,0.0,0.0,0.0,0.0
1312,687.46,775.4,46314.85,763.7,-11.7,0.0,6.8165,0.0,-775.4,0.0,6.8165,0.0,-775.4,0.0,6.8165,1.0,0.0,0.0,0.0,0.0
1313,687.74,780.15,46184.4,785.9,5.75,0.0127,3.8974,0.0,-780.15,0.0,6.8165,0.0,-780.15,0.0,6.8165,1.0,0.0,0.0,0.0,0.0
1314,688.03,783.85,46312.85,780.6,-3.25,0.0,6.8165,0.0,-783.85,0.0,6.8165,0.0,-783.85,0.0,6.8165,1.0,0.0,0.0,0.0,0.0
1315,688.31,784.45,47041.2,774.25,-10.2,0.0,6.8165,0.0,-784.45,0.0,6.8165,0.0,-784.45,0.0,6.8165,1.0,0.0,0.0,0.0,0.0
1316,688.6,788.25,47048.45,785.95,-2.3,0.0,6.8165,0.0,-788.25,0.0,6.8165,0.0,-788.25,0.0,6.8165,1.0,0.0,0.0,0.0,0.0
1317,688.88,803.1,46704.25,780.85,-22.25,0.0,6.8165,0.0,-803.1,0.0,6.8165,0.0,-803.1,0.0,6.8165,1.0,0.0,0.0,0.0,0.0
1318,689.17,780.8,46111.9,780.2,-0.6,0.0,6.8165,0.0,-780.8,0.0,6.8165,0.0,-780.8,0.0,6.8165,1.0,0.0,0.0,0.0,0.0
1319,689.45,773.75,46157.8,775.4,1.65,0.0036,4.4394,0.0,-773.75,0.0,6.8165,0.0,-773.75,0.0,6.8165,1.0,0.0,0.0,0.0,0.0
1320,689.73,790.5,45762.55,770.6,-19.9,0.0,6.8165,0.0,-790.5,0.0,6.8165,0.0,-790.5,0.0,6.8165,1.0,0.0,0.0,0.0,0.0
1321,690.02,786.9,45218.75,770.9,-16.0,0.0,6.8165,0.0,-786.9,0.0,6.8165,0.0,-786.9,0.0,6.8165,1.0,0.0,0.0,0.0,0.0
1322,690.3,785.95,44546.0,777.1,-8.85,0.0,6.8165,0.0,-785.95,0.0,6.8165,0.0,-785.95,0.0,6.8165,1.0,0.0,0.0,0.0,0.0
1323,690.59,785.1,44663.6,779.65,-5.45,0.0,6.8165,0.0,-785.1,0.0,6.8165,0.0,-785.1,0.0,6.8165,1.0,0.0,0.0,0.0,0.0
1324,690.87,786.8,44681.25,771.35,-15.45,0.0,6.8165,0.0,-786.8,0.0,6.8165,0.0,-786.8,0.0,6.8165,1.0,0.0,0.0,0.0,0.0
1325,691.15,783.7,44411.9,796.3,12.6,0.0289,3.5394,0.0,-783.7,0.0,6.8165,0.0,-783.7,0.0,6.8165,1.0,0.0,0.0,0.0,0.0
1326,691.44,795.75,44394.6,784.85,-10.9,0.0,6.8165,0.0,-795.75,0.0,6.8165,0.0,-795.75,0.0,6.8165,1.0,0.0,0.0,0.0,0.0
1327,691.72,804.1,43989.0,776.0,-28.1,0.0,6.8165,0.0,-804.1,0.0,6.8165,0.0,-804.1,0.0,6.8165,1.0,0.0,0.0,0.0,0.0
1328,692.01,790.55,43548.3,786.45,-4.1,0.0,6.8165,0.0,-790.55,0.0,6.8165,0.0,-790.55,0.0,6.8165,1.0,0.0,0.0,0.0,0.0
1329,692.29,802.95,43074.3,792.95,-10.0,0.0,6.8165,0.0,-802.95,0.0,6.8165,0.0,-802.95,0.0,6.8165,1.0,0.0,0.0,0.0,0.0
1330,692.57,793.05,43015.0,780.6,-12.45,0.0,6.8165,0.0,-793.05,0.0,6.8165,0.0,-793.05,0.0,6.8165,1.0,0.0,0.0,0.0,0.0
1331,692.86,780.05,42685.2,788.05,8.0,0.0191,3.7192,0.0,-780.05,0.0,6.8165,0.0,-780.05,0.0,6.8165,1.0,0.0,0.0,0.0,0.0
1332,693.14,780.0,41920.35,783.5,3.5,0.0085,4.0702,0.0,-780.0,0.0,6.8165,0.0,-780.0,0.0,6.8165,1.0,0.0,0.0,0.0,0.0
1333,693.42,785.65,41437.75,783.05,-2.6,0.0,6.8165,0.0,-785.65,0.0,6.8165,0.0,-785.65,0.0,6.8165,1.0,0.0,0.0,0.0,0.0
1334,693.7,778.1,40781.35,782.85,4.75,0.0119,3.9254,0.0,-778.1,0.0,6.8165,0.0,-778.1,0.0,6.8165,1.0,0.0,0.0,0.0,0.0
1335,693.99,806.85,41303.45,797.05,-9.8,0.0,6.8165,0.0,-806.85,0.0,6.8165,0.0,-806.85,0.0,6.8165,1.0,0.0,0.0,0.0,0.0
1336,694.27,782.35,41774.35,782.25,-0.1,0.0,6.8165,0.0,-782.35,0.0,6.8165,0.0,-782.35,0.0,6.8165,1.0,0.0,0.0,0.0,0.0
1337,694.55,782.9,41521.0,778.2,-4.7,0.0,6.8165,0.0,-782.9,0.0,6.8165,0.0,-782.9,0.0,6.8165,1.0,0.0,0.0,0.0,0.0
1338,694.84,796.7,40590.65,788.4,-8.3,0.0,6.8165,0.0,-796.7,0.0,6.8165,0.0,-796.7,0.0,6.8165,1.0,0.0,0.0,0.0,0.0
1339,695.12,780.05,40082.75,785.85,5.8,0.0148,3.831,0.0,-780.05,0.0,6.8165,0.0,-780.05,0.0,6.8165,1.0,0.0,0.0,0.0,0.0
1340,695.4,787.6,39767.3,778.3,-9.3,0.0,6.8165,0.0,-787.6,0.0,6.8165,0.0,-787.6,0.0,6.8165,1.0,0.0,0.0,0.0,0.0
1341,695.68,777.4,39487.95,773.3,-4.1,0.0,6.8165,0.0,-777.4,0.0,6.8165,0.0,-777.4,0.0,6.8165,1.0,0.0,0.0,0.0,0.0
1342,695.96,793.1,39217.2,781.2,-11.9,0.0,6.8165,0.0,-793.1,0.0,6.8165,0.0,-793.1,0.0,6.8165,1.0,0.0,0.0,0.0,0.0
1343,696.25,784.95,38864.7,792.1,7.15,0.0188,3.7264,0.0,-784.95,0.0,6.8165,0.0,-784.95,0.0,6.8165,1.0,0.0,0.0,0.0,0.0
1344,696.53,774.7,38792.3,784.85,10.15,0.0267,3.5735,0.0,-774.7,0.0,6.8165,0.0,-774.7,0.0,6.8165,1.0,0.0,0.0,0.0,0.0
1345,696.81,780.75,38743.1,775.35,-5.4,0.0,6.8165,0.0,-780.75,0.0,6.8165,0.0,-780.75,0.0,6.8165,1.0,0.0,0.0,0.0,0.0
1346,697.09,781.6,38937.95,774.05,-7.55,0.0,6.8165,0.0,-781.6,0.0,6.8165,0.0,-781.6,0.0,6.8165,1.0,0.0,0.0,0.0,0.0
1347,697.37,789.55,38329.2,788.5,-1.05,0.0,6.8165,0.0,-789.55,0.0,6.8165,0.0,-789.55,0.0,6.8165,1.0,0.0,0.0,0.0,0.0
1348,697.65,778.8,38156.6,785.75,6.95,0.0186,3.7306,0.0,-778.8,0.0,6.8165,0.0,-778.8,0.0,6.8165,1.0,0.0,0.0,0.0,0.0
1349,697.94,776.15,37916.45,789.45,13.3,0.0358,3.446,0.0,-776.15,0.0,6.8165,0.0,-776.15,0.0,6.8165,1.0,0.0,0.0,0.0,0.0
1350,698.22,776.25,37235.3,790.15,13.9,0.0381,3.4188,0.0,-776.25,0.0,6.8165,0.0,-776.25,0.0,6.8165,1.0,0.0,0.0,0.0,0.0
1351,698.5,790.3,37186.4,787.95,-2.35,0.0,6.8165,0.0,-790.3,0.0,6.8165,0.0,-790.3,0.0,6.8165,1.0,0.0,0.0,0.0,0.0
1352,698.78,793.55,36894.15,769.4,-24.15,0.0,6.8165,0.0,-793.55,0.0,6.8165,0.0,-793.55,0.0,6.8165,1.0,0.0,0.0,0.0,0.0
1353,699.06,784.6,36631.9,782.95,-1.65,0.0,6.8165,0.0,-784.6,0.0,6.8165,0.0,-784.6,0.0,6.8165,1.0,0.0,0.0,0.0,0.0
1354,699.34,794.5,36729.05,797.6,3.1,0.0086,4.0642,0.0,-794.5,0.0,6.8165,0.0,-794.5,0.0,6.8165,1.0,0.0,0.0,0.0,0.0
1355,699.62,791.45,36650.9,772.85,-18.6,0.0,6.8165,0.0,-791.45,0.0,6.8165,0.0,-791.45,0.0,6.8165,1.0,0.0,0.0,0.0,0.0
1356,699.9,773.5,36562.2,766.05,-7.45,0.0,6.8165,0.0,-773.5,0.0,6.8165,0.0,-773.5,0.0,6.8165,1.0,0.0,0.0,0.0,0.0
1357,700.18,785.5,36031.35,770.35,-15.15,0.0,6.8165,0.0,-785.5,0.0,6.8165,0.0,-785.5,0.0,6.8165,1.0,0.0,0.0,0.0,0.0
1358,700.46,778.4,36016.3,776.75,-1.65,0.0,6.8165,0.0,-778.4,0.0,6.8165,0.0,-778.4,0.0,6.8165,1.0,0.0,0.0,0.0,0.0
1359,700.74,792.7,35700.9,781.95,-10.75,0.0,6.8165,0.0,-792.7,0.0,6.8165,0.0,-792.7,0.0,6.8165,1.0,0.0,0.0,0.0,0.0
1360,701.03,782.9,35216.8,768.6,-14.3,0.0,6.8165,0.0,-782.9,0.0,6.8165,0.0,-782.9,0.0,6.8165,1.0,0.0,0.0,0.0,0.0
1361,701.31,788.35,34121.65,774.35,-14.0,0.0,6.8165,0.0,-788.35,0.0,6.8165,0.0,-788.35,0.0,6.8165,1.0,0.0,0.0,0.0,0.0
1362,701.59,777.25,33520.3,774.05,-3.2,0.0,6.8165,0.0,-777.25,0.0,6.8165,0.0,-777.25,0.0,6.8165,1.0,0.0,0.0,0.0,0.0
1363,701.87,791.65,33149.1,784.4,-7.25,0.0,6.8165,0.0,-791.65,0.0,6.8165,0.0,-791.65,0.0,6.8165,1.0,0.0,0.0,0.0,0.0
1364,702.15,782.2,33455.45,787.25,5.05,0.0155,3.8109,0.0,-782.2,0.0,6.8165,0.0,-782.2,0.0,6.8165,1.0,0.0,0.0,0.0,0.0
1365,702.43,789.95,33992.25,786.85,-3.1,0.0,6.8165,0.0,-789.95,0.0,6.8165,0.0,-789.95,0.0,6.8165,1.0,0.0,0.0,0.0,0.0
1366,702.71,773.95,33531.2,794.6,20.65,0.063,3.2004,0.0,-773.95,0.0,6.8165,0.0,-773.95,0.0,6.8165,1.0,0.0,0.0,0.0,0.0
1367,702.98,769.3,33387.15,781.7,12.4,0.038,3.42,0.0,-769.3,0.0,6.8165,0.0,-769.3,0.0,6.8165,1.0,0.0,0.0,0.0,0.0
1368,703.26,784.3,33009.5,790.15,5.85,0.0182,3.741,0.0,-784.3,0.0,6.8165,0.0,-784.3,0.0,6.8165,1.0,0.0,0.0,0.0,0.0
1369,703.54,797.95,32870.8,772.05,-25.9,0.0,6.8165,0.0,-797.95,0.0,6.8165,0.0,-797.95,0.0,6.8165,1.0,0.0,0.0,0.0,0.0
1370,703.82,791.45,32980.6,774.8,-16.65,0.0,6.8165,0.0,-791.45,0.0,6.8165,0.0,-791.45,0.0,6.8165,1.0,0.0,0.0,0.0,0.0
1371,704.1,794.25,32545.15,778.55,-15.7,0.0,6.8165,0.0,-794.25,0.0,6.8165,0.0,-794.25,0.0,6.8165,1.0,0.0,0.0,0.0,0.0
1372,704.38,791.9,31546.2,776.85,-15.05,0.0,6.8165,0.0,-791.9,0.0,6.8165,0.0,-791.9,0.0,6.8165,1.0,0.0,0.0,0.0,0.0
1373,704.66,772.75,31412.15,769.95,-2.8,0.0,6.8165,0.0,-772.75,0.0,6.8165,0.0,-772.75,0.0,6.8165,1.0,0.0,0.0,0.0,0.0
1374,704.94,775.8,30724.2,765.85,-9.95,0.0,6.8165,0.0,-775.8,0.0,6.8165,0.0,-775.8,0.0,6.8165,1.0,0.0,0.0,0.0,0.0
1375,705.22,782.7,31025.75,764.65,-18.05,0.0,6.8165,0.0,-782.7,0.0,6.8165,0.0,-782.7,0.0,6.8165,1.0,0.0,0.0,0.0,0.0
1376,705.5,797.7,30694.45,768.65,-29.05,0.0,6.8165,0.0,-797.7,0.0,6.8165,0.0,-797.7,0.0,6.8165,1.0,0.0,0.0,0.0,0.0
1377,705.78,783.95,30690.45,774.9,-9.05,0.0,6.8165,0.0,-783.95,0.0,6.8165,0.0,-783.95,0.0,6.8165,1.0,0.0,0.0,0.0,0.0
1378,706.05,781.9,30565.0,762.65,-19.25,0.0,6.8165,0.0,-781.9,0.0,6.8165,0.0,-781.9,0.0,6.8165,1.0,0.0,0.0,0.0,0.0
1379,706.33,777.05,30528.15,774.9,-2.15,0.0,6.8165,0.0,-777.05,0.0,6.8165,0.0,-777.05,0.0,6.8165,1.0,0.0,0.0,0.0,0.0
1380,706.61,793.1,30419.15,784.2,-8.9,0.0,6.8165,0.0,-793.1,0.0,6.8165,0.0,-793.1,0.0,6.8165,1.0,0.0,0.0,0.0,0.0
1381,706.89,794.85,30513.15,779.25,-15.6,0.0,6.8165,0.0,-794.85,0.0,6.8165,0.0,-794.85,0.0,6.8165,1.0,0.0,0.0,0.0,0.0
1382,707.17,785.75,30148.5,771.95,-13.8,0.0,6.8165,0.0,-785.75,0.0,6.8165,0.0,-785.75,0.0,6.8165,1.0,0.0,0.0,0.0,0.0
1383,707.45,794.95,29664.0,780.75,-14.2,0.0,6.8165,0.0,-794.95,0.0,6.8165,0.0,-794.95,0.0,6.8165,1.0,0.0,0.0,0.0,0.0
1384,707.72,790.95,29147.2,780.65,-10.3,0.0,6.8165,0.0,-790.95,0.0,6.8165,0.0,-790.95,0.0,6.8165,1.0,0.0,0.0,0.0,0.0
1385,708.0,780.6,28997.55,780.3,-0.3,0.0,6.8165,0.0,-780.6,0.0,6.8165,0.0,-780.6,0.0,6.8165,1.0,0.0,0.0,0.0,0.0
1386,708.28,785.0,29001.6,787.5,2.5,0.0089,4.0526,0.0,-785.0,0.0,6.8165,0.0,-785.0,0.0,6.8165,1.0,0.0,0.0,0.0,0.0
1387,708.56,792.6,28791.95,775.8,-16.8,0.0,6.8165,0.0,-792.6,0.0,6.8165,0.0,-792.6,0.0,6.8165,1.0,0.0,0.0,0.0,0.0
1388,708.83,782.4,28229.4,776.9,-5.5,0.0,6.8165,0.0,-782.4,0.0,6.8165,0.0,-782.4,0.0,6.8165,1.0,0.0,0.0,0.0,0.0
1389,709.11,777.95,27917.5,774.5,-3.45,0.0,6.8165,0.0,-777.95,0.0,6.8165,0.0,-777.95,0.0,6.8165,1.0,0.0,0.0,0.0,0.0
1390,709.39,787.15,27833.6,769.7,-17.45,0.0,6.8165,0.0,-787.15,0.0,6.8165,0.0,-787.15,0.0,6.8165,1.0,0.0,0.0,0.0,0.0
1391,709.67,777.25,27932.05,777.0,-0.25,0.0,6.8165,0.0,-777.25,0.0,6.8165,0.0,-777.25,0.0,6.8165,1.0,0.0,0.0,0.0,0.0
1392,709.94,778.8,27928.75,791.85,13.05,0.0481,3.3182,0.0,-778.8,0.0,6.8165,0.0,-778.8,0.0,6.8165,1.0,0.0,0.0,0.0,0.0
1393,710.22,795.25,28076.0,773.05,-22.2,0.0,6.8165,0.0,-795.25,0.0,6.8165,0.0,-795.25,0.0,6.8165,1.0,0.0,0.0,0.0,0.0
1394,710.5,790.35,27397.1,766.15,-24.2,0.0,6.8165,0.0,-790.35,0.0,6.8165,0.0,-790.35,0.0,6.8165,1.0,0.0,0.0,0.0,0.0
1395,710.77,786.15,27266.85,774.25,-11.9,0.0,6.8165,0.0,-786.15,0.0,6.8165,0.0,-786.15,0.0,6.8165,1.0,0.0,0.0,0.0,0.0
1396,711.05,791.8,27257.5,780.0,-11.8,0.0,6.8165,0.0,-791.8,0.0,6.8165,0.0,-791.8,0.0,6.8165,1.0,0.0,0.0,0.0,0.0
1397,711.33,798.3,27004.2,787.6,-10.7,0.0,6.8165,0.0,-798.3,0.0,6.8165,0.0,-798.3,0.0,6.8165,1.0,0.0,0.0,0.0,0.0
1398,711.6,805.85,27006.65,791.0,-14.85,0.0,6.8165,0.0,-805.85,0.0,6.8165,0.0,-805.85,0.0,6.8165,1.0,0.0,0.0,0.0,0.0
1399,711.88,799.75,26574.45,786.95,-12.8,0.0,6.8165,0.0,-799.75,0.0,6.8165,0.0,-799.75,0.0,6.8165,1.0,0.0,0.0,0.0,0.0
1400,712.16,778.25,26407.15,786.75,8.5,0.0332,3.4793,0.0,-778.25,0.0,6.8165,0.0,-778.25,0.0,6.8165,1.0,0.0,0.0,0.0,0.0
1401,712.43,775.35,26472.35,786.5,11.15,0.0434,3.3626,0.0,-775.35,0.0,6.8165,0.0,-775.35,0.0,6.8165,1.0,0.0,0.0,0.0,0.0
1402,712.71,777.55,26622.15,775.6,-1.95,0.0,6.8165,0.0,-777.55,0.0,6.8165,0.0,-777.55,0.0,6.8165,1.0,0.0,0.0,0.0,0.0
1403,712.99,772.2,26106.4,790.4,18.2,0.0718,3.1436,0.0,-772.2,0.0,6.8165,0.0,-772.2,0.0,6.8165,1.0,0.0,0.0,0.0,0.0
1404,713.26,781.4,25677.7,775.05,-6.35,0.0,6.8165,0.0,-781.4,0.0,6.8165,0.0,-781.4,0.0,6.8165,1.0,0.0,0.0,0.0,0.0
1405,713.54,773.65,25827.05,793.45,19.8,0.079,3.1022,0.0,-773.65,0.0,6.8165,0.0,-773.65,0.0,6.8165,1.0,0.0,0.0,0.0,0.0
1406,713.81,795.4,25891.85,765.5,-29.9,0.0,6.8165,0.0,-795.4,0.0,6.8165,0.0,-795.4,0.0,6.8165,1.0,0.0,0.0,0.0,0.0
1407,714.09,788.65,25721.55,770.4,-18.25,0.0,6.8165,0.0,-788.65,0.0,6.8165,0.0,-788.65,0.0,6.8165,1.0,0.0,0.0,0.0,0.0
1408,714.36,781.9,25186.3,777.95,-3.95,0.0,6.8165,0.0,-781.9,0.0,6.8165,0.0,-781.9,0.0,6.8165,1.0,0.0,0.0,0.0,0.0
1409,714.64,773.95,24864.9,777.9,3.95,0.0164,3.7853,0.0,-773.95,0.0,6.8165,0.0,-773.95,0.0,6.8165,1.0,0.0,0.0,0.0,0.0
1410,714.92,803.9,24342.35,770.05,-33.85,0.0,6.8165,0.0,-803.9,0.0,6.8165,0.0,-803.9,0.0,6.8165,1.0,0.0,0.0,0.0,0.0
1411,715.19,779.95,24124.75,781.05,1.1,0.0047,4.3268,0.0,-779.95,0.0,6.8165,0.0,-779.95,0.0,6.8165,1.0,0.0,0.0,0.0,0.0
1412,715.47,793.75,23569.55,775.35,-18.4,0.0,6.8165,0.0,-793.75,0.0,6.8165,0.0,-793.75,0.0,6.8165,1.0,0.0,0.0,0.0,0.0
1413,715.74,773.4,22986.95,776.2,2.8,0.0126,3.8995,0.0,-773.4,0.0,6.8165,0.0,-773.4,0.0,6.8165,1.0,0.0,0.0,0.0,0.0
1414,716.02,775.35,22545.85,777.1,1.75,0.008,4.0948,0.0,-775.35,0.0,6.8165,0.0,-775.35,0.0,6.8165,1.0,0.0,0.0,0.0,0.0
1415,716.29,772.6,22236.1,773.8,1.2,0.0056,4.2525,0.0,-772.6,0.0,6.8165,0.0,-772.6,0.0,6.8165,1.0,0.0,0.0,0.0,0.0
1416,716.57,783.5,22118.85,781.55,-1.95,0.0,6.8165,0.0,-783.5,0.0,6.8165,0.0,-783.5,0.0,6.8165,1.0,0.0,0.0,0.0,0.0
1417,716.84,783.35,22121.3,784.95,1.6,0.0075,4.125,0.0,-783.35,0.0,6.8165,0.0,-783.35,0.0,6.8165,1.0,0.0,0.0,0.0,0.0
1418,717.12,780.65,21968.6,780.45,-0.2,0.0,6.8165,0.0,-780.65,0.0,6.8165,0.0,-780.65,0.0,6.8165,1.0,0.0,0.0,0.0,0.0
1419,717.39,798.25,21429.05,771.0,-27.25,0.0,6.8165,0.0,-798.25,0.0,6.8165,0.0,-798.25,0.0,6.8165,1.0,0.0,0.0,0.0,0.0
1420,717.66,784.35,21057.7,765.75,-18.6,0.0,6.8165,0.0,-784.35,0.0,6.8165,0.0,-784.35,0.0,6.8165,1.0,0.0,0.0,0.0,0.0
1421,717.94,783.8,20894.55,773.8,-10.0,0.0,6.8165,0.0,-783.8,0.0,6.8165,0.0,-783.8,0.0,6.8165,1.0,0.0,0.0,0.0,0.0
1422,718.21,785.2,20687.6,787.6,2.4,0.0121,3.9187,0.0,-785.2,0.0,6.8165,0.0,-785.2,0.0,6.8165,1.0,0.0,0.0,0.0,0.0
1423,718.49,786.05,20164.45,783.95,-2.1,0.0,6.8165,0.0,-786.05,0.0,6.8165,0.0,-786.05,0.0,6.8165,1.0,0.0,0.0,0.0,0.0
1424,718.76,784.2,19735.15,768.1,-16.1,0.0,6.8165,0.0,-784.2,0.0,6.8165,0.0,-784.2,0.0,6.8165,1.0,0.0,0.0,0.0,0.0
1425,719.03,791.35,19547.9,775.6,-15.75,0.0,6.8165,0.0,-791.35,0.0,6.8165,0.0,-791.35,0.0,6.8165,1.0,0.0,0.0,0.0,0.0
1426,719.31,771.9,19410.7,777.95,6.05,0.0325,3.4887,0.0,-771.9,0.0,6.8165,0.0,-771.9,0.0,6.8165,1.0,0.0,0.0,0.0,0.0
1427,719.58,778.55,18912.4,791.35,12.8,0.0706,3.1513,0.0,-778.55,0.0,6.8165,0.0,-778.55,0.0,6.8165,1.0,0.0,0.0,0.0,0.0
1428,719.86,782.65,18693.9,790.85,8.2,0.0458,3.3393,0.0,-782.65,0.0,6.8165,0.0,-782.65,0.0,6.8165,1.0,0.0,0.0,0.0,0.0
1429,720.13,778.3,18346.95,768.95,-9.35,0.0,6.8165,0.0,-778.3,0.0,6.8165,0.0,-778.3,0.0,6.8165,1.0,0.0,0.0,0.0,0.0
1430,720.4,792.35,17862.9,788.9,-3.45,0.0,6.8165,0.0,-792.35,0.0,6.8165,0.0,-792.35,0.0,6.8165,1.0,0.0,0.0,0.0,0.0
1431,720.68,776.4,17510.7,780.05,3.65,0.0218,3.6613,0.0,-776.4,0.0,6.8165,0.0,-776.4,0.0,6.8165,1.0,0.0,0.0,0.0,0.0
1432,720.95,801.4,17025.85,778.5,-22.9,0.0,6.8165,0.0,-801.4,0.0,6.8165,0.0,-801.4,0.0,6.8165,1.0,0.0,0.0,0.0,0.0
1433,721.22,784.05,16625.25,778.45,-5.6,0.0,6.8165,0.0,-784.05,0.0,6.8165,0.0,-784.05,0.0,6.8165,1.0,0.0,0.0,0.0,0.0
1434,721.5,786.55,16321.15,791.0,4.45,0.0286,3.5429,0.0,-786.55,0.0,6.8165,0.0,-786.55,0.0,6.8165,1.0,0.0,0.0,0.0,0.0
1435,721.77,781.35,16340.4,784.25,2.9,0.0186,3.7296,0.0,-781.35,0.0,6.8165,0.0,-781.35,0.0,6.8165,1.0,0.0,0.0,0.0,0.0
1436,722.04,782.55,16189.55,787.95,5.4,0.035,3.4553,0.0,-782.55,0.0,6.8165,0.0,-782.55,0.0,6.8165,1.0,0.0,0.0,0.0,0.0
1437,722.31,783.5,15979.85,785.8,2.3,0.0151,3.82,0.0,-783.5,0.0,6.8165,0.0,-783.5,0.0,6.8165,1.0,0.0,0.0,0.0,0.0
1438,722.59,763.25,15677.65,780.1,16.85,0.113,2.947,0.0,-763.25,0.0,6.8165,0.0,-763.25,0.0,6.8165,1.0,0.0,0.0,0.0,0.0
1439,722.86,784.85,15306.0,764.6,-20.25,0.0,6.8165,0.0,-784.85,0.0,6.8165,0.0,-784.85,0.0,6.8165,1.0,0.0,0.0,0.0,0.0
1440,723.13,793.15,15235.35,790.1,-3.05,0.0,6.8165,0.0,-793.15,0.0,6.8165,0.0,-793.15,0.0,6.8165,1.0,0.0,0.0,0.0,0.0
1441,723.4,777.65,14993.65,771.6,-6.05,0.0,6.8165,0.0,-777.65,0.0,6.8165,0.0,-777.65,0.0,6.8165,1.0,0.0,0.0,0.0,0.0
1442,723.68,787.55,14644.0,791.8,4.25,0.0307,3.5133,0.0,-787.55,0.0,6.8165,0.0,-787.55,0.0,6.8165,1.0,0.0,0.0,0.0,0.0
1443,723.95,789.15,14296.05,788.6,-0.55,0.0,6.8165,0.0,-789.15,0.0,6.8165,0.0,-789.15,0.0,6.8165,1.0,0.0,0.0,0.0,0.0
1444,724.22,782.0,14012.95,771.25,-10.75,0.0,6.8165,0.0,-782.0,0.0,6.8165,0.0,-782.0,0.0,6.8165,1.0,0.0,0.0,0.0,0.0
1445,724.49,778.2,13849.75,789.0,10.8,0.0826,3.0829,0.0,-778.2,0.0,6.8165,0.0,-778.2,0.0,6.8165,1.0,0.0,0.0,0.0,0.0
1446,724.76,787.55,13595.4,790.5,2.95,0.023,3.6377,0.0,-787.55,0.0,6.8165,0.0,-787.55,0.0,6.8165,1.0,0.0,0.0,0.0,0.0
1447,725.04,791.1,13466.5,791.75,0.65,0.0051,4.29,0.0,-791.1,0.0,6.8165,0.0,-791.1,0.0,6.8165,1.0,0.0,0.0,0.0,0.0
1448,725.31,777.05,13286.55,779.95,2.9,0.0232,3.6348,0.0,-777.05,0.0,6.8165,0.0,-777.05,0.0,6.8165,1.0,0.0,0.0,0.0,0.0
1449,725.58,792.5,13263.95,789.8,-2.7,0.0,6.8165,0.0,-792.5,0.0,6.8165,0.0,-792.5,0.0,6.8165,1.0,0.0,0.0,0.0,0.0
1450,725.85,783.3,13098.8,782.8,-0.5,0.0,6.8165,0.0,-783.3,0.0,6.8165,0.0,-783.3,0.0,6.8165,1.0,0.0,0.0,0.0,0.0
1451,726.12,789.4,13070.95,778.9,-10.5,0.0,6.8165,0.0,-789.4,0.0,6.8165,0.0,-789.4,0.0,6.8165,1.0,0.0,0.0,0.0,0.0
1452,726.39,799.9,13066.75,798.05,-1.85,0.0,6.8165,0.0,-799.9,0.0,6.8165,0.0,-799.9,0.0,6.8165,1.0,0.0,0.0,0.0,0.0
1453,726.66,794.35,12931.75,779.6,-14.75,0.0,6.8165,0.0,-794.35,0.0,6.8165,0.0,-794.35,0.0,6.8165,1.0,0.0,0.0,0.0,0.0
1454,726.93,782.55,12650.15,773.45,-9.1,0.0,6.8165,0.0,-782.55,0.0,6.8165,0.0,-782.55,0.0,6.8165,1.0,0.0,0.0,0.0,0.0
1455,727.21,792.65,12425.3,785.55,-7.1,0.0,6.8165,0.0,-792.65,0.0,6.8165,0.0,-792.65,0.0,6.8165,1.0,0.0,0.0,0.0,0.0
1456,727.48,769.15,12256.3,778.8,9.65,0.084,3.0757,0.0,-769.15,0.0,6.8165,0.0,-769.15,0.0,6.8165,1.0,0.0,0.0,0.0,0.0
1457,727.75,782.05,12201.75,777.7,-4.35,0.0,6.8165,0.0,-782.05,0.0,6.8165,0.0,-782.05,0.0,6.8165,1.0,0.0,0.0,0.0,0.0
1458,728.02,787.65,12033.7,780.75,-6.9,0.0,6.8165,0.0,-787.65,0.0,6.8165,0.0,-787.65,0.0,6.8165,1.0,0.0,0.0,0.0,0.0
1459,728.29,776.5,11975.6,795.7,19.2,0.1714,2.7659,0.0,-776.5,0.0,6.8165,0.0,-776.5,0.0,6.8165,1.0,0.0,0.0,0.0,0.0
1460,728.56,790.6,11887.55,780.3,-10.3,0.0,6.8165,0.0,-790.6,0.0,6.8165,0.0,-790.6,0.0,6.8165,1.0,0.0,0.0,0.0,0.0
1461,728.83,780.25,11986.95,788.8,8.55,0.0763,3.1175,0.0,-780.25,0.0,6.8165,0.0,-780.25,0.0,6.8165,1.0,0.0,0.0,0.0,0.0
1462,729.1,771.45,12021.25,771.6,0.15,0.0013,4.8751,0.0,-771.45,0.0,6.8165,0.0,-771.45,0.0,6.8165,1.0,0.0,0.0,0.0,0.0
1463,729.37,789.4,11951.25,786.0,-3.4,0.0,6.8165,0.0,-789.4,0.0,6.8165,0.0,-789.4,0.0,6.8165,1.0,0.0,0.0,0.0,0.0
1464,729.64,790.25,11810.9,772.8,-17.45,0.0,6.8165,0.0,-790.25,0.0,6.8165,0.0,-790.25,0.0,6.8165,1.0,0.0,0.0,0.0,0.0
1465,729.91,796.65,11637.85,789.25,-7.4,0.0,6.8165,0.0,-796.65,0.0,6.8165,0.0,-796.65,0.0,6.8165,1.0,0.0,0.0,0.0,0.0
1466,730.18,783.55,11625.75,789.9,6.35,0.0586,3.2323,0.0,-783.55,0.0,6.8165,0.0,-783.55,0.0,6.8165,1.0,0.0,0.0,0.0,0.0
1467,730.45,786.25,11414.35,788.3,2.05,0.0193,3.7147,0.0,-786.25,0.0,6.8165,0.0,-786.25,0.0,6.8165,1.0,0.0,0.0,0.0,0.0
1468,730.72,777.8,11340.75,791.5,13.7,0.1297,2.8871,0.0,-777.8,0.0,6.8165,0.0,-777.8,0.0,6.8165,1.0,0.0,0.0,0.0,0.0
1469,730.99,786.85,11286.95,772.6,-14.25,0.0,6.8165,0.0,-786.85,0.0,6.8165,0.0,-786.85,0.0,6.8165,1.0,0.0,0.0,0.0,0.0
1470,731.26,779.75,11249.45,768.6,-11.15,0.0,6.8165,0.0,-779.75,0.0,6.8165,0.0,-779.75,0.0,6.8165,1.0,0.0,0.0,0.0,0.0
1471,731.53,797.05,11300.05,784.5,-12.55,0.0,6.8165,0.0,-797.05,0.0,6.8165,0.0,-797.05,0.0,6.8165,1.0,0.0,0.0,0.0,0.0
1472,731.8,786.2,11281.95,790.35,4.15,0.0395,3.403,0.0,-786.2,0.0,6.8165,0.0,-786.2,0.0,6.8165,1.0,0.0,0.0,0.0,0.0
1473,732.06,777.65,11161.15,780.55,2.9,0.0279,3.5539,0.0,-777.65,0.0,6.8165,0.0,-777.65,0.0,6.8165,1.0,0.0,0.0,0.0,0.0
1474,732.33,787.15,11370.4,790.3,3.15,0.0298,3.5263,0.0,-787.15,0.0,6.8165,0.0,-787.15,0.0,6.8165,1.0,0.0,0.0,0.0,0.0
1475,732.6,783.85,11282.75,791.7,7.85,0.0748,3.1263,0.0,-783.85,0.0,6.8165,0.0,-783.85,0.0,6.8165,1.0,0.0,0.0,0.0,0.0
1476,732.87,785.1,11394.9,797.05,11.95,0.1126,2.9483,0.0,-785.1,0.0,6.8165,0.0,-785.1,0.0,6.8165,1.0,0.0,0.0,0.0,0.0
1477,733.14,774.95,11530.4,794.5,19.55,0.1818,2.7405,0.0,-774.95,0.0,6.8165,0.0,-774.95,0.0,6.8165,1.0,0.0,0.0,0.0,0.0
1478,733.41,787.3,11435.55,777.6,-9.7,0.0,6.8165,0.0,-787.3,0.0,6.8165,0.0,-787.3,0.0,6.8165,1.0,0.0,0.0,0.0,0.0
1479,733.68,784.05,11331.1,787.65,3.6,0.0341,3.4668,0.0,-784.05,0.0,6.8165,0.0,-784.05,0.0,6.8165,1.0,0.0,0.0,0.0,0.0
1480,733.95,777.35,11197.3,790.45,13.1,0.1257,2.9006,0.0,-777.35,0.0,6.8165,0.0,-777.35,0.0,6.8165,1.0,0.0,0.0,0.0,0.0
1481,734.21,779.85,11026.65,800.65,20.8,0.203,2.6925,0.0,-779.85,0.0,6.8165,0.0,-779.85,0.0,6.8165,1.0,0.0,0.0,0.0,0.0
1482,734.48,790.8,10856.45,787.8,-3.0,0.0,6.8165,0.0,-790.8,0.0,6.8165,0.0,-790.8,0.0,6.8165,1.0,0.0,0.0,0.0,0.0
1483,734.75,792.6,10782.1,778.7,-13.9,0.0,6.8165,0.0,-792.6,0.0,6.8165,0.0,-792.6,0.0,6.8165,1.0,0.0,0.0,0.0,0.0
1484,735.02,777.55,10617.15,792.0,14.45,0.1469,2.8331,0.0,-777.55,0.0,6.8165,0.0,-777.55,0.0,6.8165,1.0,0.0,0.0,0.0,0.0
1485,735.29,778.3,10410.05,795.25,16.95,0.176,2.7545,0.0,-778.3,0.0,6.8165,0.0,-778.3,0.0,6.8165,1.0,0.0,0.0,0.0,0.0
1486,735.55,792.6,10199.05,799.85,7.25,0.0771,3.1131,0.0,-792.6,0.0,6.8165,0.0,-792.6,0.0,6.8165,1.0,0.0,0.0,0.0,0.0
1487,735.82,794.05,10012.65,795.05,1.0,0.0108,3.9647,0.0,-794.05,0.0,6.8165,0.0,-794.05,0.0,6.8165,1.0,0.0,0.0,0.0,0.0
1488,736.09,778.45,9677.75,794.95,16.5,0.1854,2.7319,0.0,-778.45,0.0,6.8165,0.0,-778.45,0.0,6.8165,1.0,0.0,0.0,0.0,0.0
1489,736.36,784.1,9532.3,795.1,11.0,0.1257,2.9005,0.0,-784.1,0.0,6.8165,0.0,-784.1,0.0,6.8165,1.0,0.0,0.0,0.0,0.0
1490,736.62,783.1,9451.05,805.0,21.9,0.2527,2.5975,0.0,-783.1,0.0,6.8165,0.0,-783.1,0.0,6.8165,1.0,0.0,0.0,0.0,0.0
1491,736.89,787.55,9367.4,803.75,16.2,0.1888,2.724,0.0,-787.55,0.0,6.8165,0.0,-787.55,0.0,6.8165,1.0,0.0,0.0,0.0,0.0
1492,737.16,778.95,9219.35,802.1,23.15,0.2743,2.5618,0.0,-778.95,0.0,6.8165,0.0,-778.95,0.0,6.8165,1.0,0.0,0.0,0.0,0.0
1493,737.43,791.9,9037.35,795.9,4.0,0.0485,3.3142,0.0,-791.9,0.0,6.8165,0.0,-791.9,0.0,6.8165,1.0,0.0,0.0,0.0,0.0
1494,737.69,782.5,8880.9,816.4,33.9,0.4186,2.3782,0.0,-782.5,0.0,6.8165,0.0,-782.5,0.0,6.8165,1.0,0.0,0.0,0.0,0.0
1495,737.96,796.0,8724.85,795.5,-0.5,0.0,6.8165,0.0,-796.0,0.0,6.8165,0.0,-796.0,0.0,6.8165,1.0,0.0,0.0,0.0,0.0
1496,738.23,784.0,8618.3,802.5,18.5,0.2361,2.6268,0.0,-784.0,0.0,6.8165,0.0,-784.0,0.0,6.8165,1.0,0.0,0.0,0.0,0.0
1497,738.49,795.45,8531.7,807.65,12.2,0.1577,2.8022,0.0,-795.45,0.0,6.8165,0.0,-795.45,0.0,6.8165,1.0,0.0,0.0,0.0,0.0
1498,738.76,790.75,8339.15,813.75,23.0,0.3047,2.5161,0.0,-790.75,0.0,6.8165,0.0,-790.75,0.0,6.8165,1.0,0.0,0.0,0.0,0.0
1499,739.03,789.6,8278.9,823.45,33.85,0.452,2.3449,0.0,-789.6,0.0,6.8165,0.0,-789.6,0.0,6.8165,1.0,0.0,0.0,0.0,0.0
1500,739.29,784.05,8199.95,811.7,27.65,0.3728,2.4285,0.0,-784.05,0.0,6.8165,0.0,-784.05,0.0,6.8165,1.0,0.0,0.0,0.0,0.0
1501,739.56,793.25,8141.9,812.1,18.85,0.2565,2.5909,0.0,-793.25,0.0,6.8165,0.0,-793.25,0.0,6.8165,1.0,0.0,0.0,0.0,0.0
1502,739.83,776.15,7994.4,829.4,53.25,0.7377,2.1321,0.0,-776.15,0.0,6.8165,0.0,-776.15,0.0,6.8165,1.0,0.0,0.0,0.0,0.0
1503,740.09,776.05,7791.1,821.4,45.35,0.6465,2.1895,0.0,-776.05,0.0,6.8165,0.0,-776.05,0.0,6.8165,1.0,0.0,0.0,0.0,0.0
1504,740.36,787.35,7743.9,833.3,45.95,0.6605,2.1801,0.0,-787.35,0.0,6.8165,0.0,-787.35,0.0,6.8165,1.0,0.0,0.0,0.0,0.0
1505,740.62,788.1,7555.45,840.95,52.85,0.781,2.1074,0.0,-788.1,0.0,6.8165,0.0,-788.1,0.0,6.8165,1.0,0.0,0.0,0.0,0.0
1506,740.89,795.5,7412.5,844.55,49.05,0.7413,2.13,0.0,-795.5,0.0,6.8165,0.0,-795.5,0.0,6.8165,1.0,0.0,0.0,0.0,0.0
1507,741.16,793.15,7361.1,830.85,37.7,0.574,2.2411,0.0,-793.15,0.0,6.8165,0.0,-793.15,0.0,6.8165,1.0,0.0,0.0,0.0,0.0
1508,741.42,782.0,7285.4,834.2,52.2,0.8027,2.0955,0.0,-782.0,0.0,6.8165,0.0,-782.0,0.0,6.8165,1.0,0.0,0.0,0.0,0.0
1509,741.69,782.4,7117.35,839.4,57.0,0.8998,2.0459,0.0,-782.4,0.0,6.8165,0.0,-782.4,0.0,6.8165,1.0,0.0,0.0,0.0,0.0
1510,741.95,783.85,6954.5,835.05,51.2,0.8297,2.0811,0.0,-783.85,0.0,6.8165,0.0,-783.85,0.0,6.8165,1.0,0.0,0.0,0.0,0.0
1511,742.22,797.75,6900.45,853.0,55.25,0.9053,2.0432,0.0,-797.75,0.0,6.8165,0.0,-797.75,0.0,6.8165,1.0,0.0,0.0,0.0,0.0
1512,742.48,803.25,6677.9,847.3,44.05,0.7498,2.125,0.0,-803.25,0.0,6.8165,0.0,-803.25,0.0,6.8165,1.0,0.0,0.0,0.0,0.0
1513,742.75,794.2,6517.8,868.2,74.0,1.2929,1.8884,0.0,-794.2,0.0,6.8165,0.0,-794.2,0.0,6.8165,1.0,0.0,0.0,0.0,0.0
1514,743.01,781.05,6376.5,868.6,87.55,1.5647,1.8056,0.0,-781.05,0.0,6.8165,0.0,-781.05,0.0,6.8165,1.0,0.0,0.0,0.0,0.0
1515,743.28,772.85,6240.7,862.85,90.0,1.646,1.7836,0.0,-772.85,0.0,6.8165,0.0,-772.85,0.0,6.8165,1.0,0.0,0.0,0.0,0.0
1516,743.54,773.15,6043.05,882.15,109.0,2.0684,1.6844,0.0,-773.15,0.0,6.8165,0.0,-773.15,0.0,6.8165,1.0,0.0,0.0,0.0,0.0
1517,743.81,788.15,5872.2,888.85,100.7,1.9807,1.7032,0.0,-788.15,0.0,6.8165,0.0,-788.15,0.0,6.8165,1.0,0.0,0.0,0.0,0.0
1518,744.07,769.75,5724.15,894.9,125.15,2.526,1.5976,0.0,-769.75,0.0,6.8165,0.0,-769.75,0.0,6.8165,1.0,0.0,0.0,0.0,0.0
1519,744.34,778.8,5612.85,895.65,116.85,2.4172,1.6167,0.0,-778.8,0.0,6.8165,0.0,-778.8,0.0,6.8165,1.0,0.0,0.0,0.0,0.0
1520,744.6,778.4,5422.65,911.3,132.9,2.8616,1.5434,0.0,-778.4,0.0,6.8165,0.0,-778.4,0.0,6.8165,1.0,0.0,0.0,0.0,0.0
1521,744.87,784.4,5374.7,914.0,129.6,2.8233,1.5492,0.0,-784.4,0.0,6.8165,0.0,-784.4,0.0,6.8165,1.0,0.0,0.0,0.0,0.0
1522,745.13,784.15,5274.2,929.9,145.75,3.2461,1.4886,0.0,-784.15,0.0,6.8165,0.0,-784.15,0.0,6.8165,1.0,0.0,0.0,0.0,0.0
1523,745.39,780.6,5142.05,919.45,138.85,3.1836,1.4971,0.0,-780.6,0.0,6.8165,0.0,-780.6,0.0,6.8165,1.0,0.0,0.0,0.0,0.0
1524,745.66,799.25,4963.7,948.25,149.0,3.5779,1.4464,0.0,-799.25,0.0,6.8165,0.0,-799.25,0.0,6.8165,1.0,0.0,0.0,0.0,0.0
1525,745.92,783.0,4795.75,947.25,164.25,4.0932,1.3879,0.0,-783.0,0.0,6.8165,0.0,-783.0,0.0,6.8165,1.0,0.0,0.0,0.0,0.0
1526,746.19,776.8,4708.9,966.9,190.1,4.8346,1.3156,0.0,-776.8,0.0,6.8165,0.0,-776.8,0.0,6.8165,1.0,0.0,0.0,0.0,0.0
1527,746.45,773.45,4578.45,983.85,210.4,5.5296,1.2573,0.0,-773.45,0.0,6.8165,0.0,-773.45,0.0,6.8165,1.0,0.0,0.0,0.0,0.0
1528,746.71,766.7,4485.5,992.3,225.6,6.0665,1.2171,0.0,-766.7,0.0,6.8165,0.0,-766.7,0.0,6.8165,1.0,0.0,0.0,0.0,0.0
1529,746.98,777.35,4390.4,996.8,219.45,6.0738,1.2165,0.0,-777.35,0.0,6.8165,0.0,-777.35,0.0,6.8165,1.0,0.0,0.0,0.0,0.0
1530,747.24,788.2,4294.55,1016.3,228.1,6.5053,1.1867,0.0,-788.2,0.0,6.8165,0.0,-788.2,0.0,6.8165,1.0,0.0,0.0,0.0,0.0
1531,747.5,780.35,4218.0,1016.7,236.35,6.8753,1.1627,0.0,-780.35,0.0,6.8165,0.0,-780.35,0.0,6.8165,1.0,0.0,0.0,0.0,0.0
1532,747.77,786.2,4104.05,1032.4,246.2,7.4205,1.1296,0.0,-786.2,0.0,6.8165,0.0,-786.2,0.0,6.8165,1.0,0.0,0.0,0.0,0.0
1533,748.03,784.35,3997.65,1048.05,263.7,8.2065,1.0858,0.0,-784.35,0.0,6.8165,0.0,-784.35,0.0,6.8165,1.0,0.0,0.0,0.0,0.0
1534,748.29,798.4,3961.25,1046.05,247.65,7.83,1.1062,0.0,-798.4,0.0,6.8165,0.0,-798.4,0.0,6.8165,1.0,0.0,0.0,0.0,0.0
1535,748.56,793.4,3817.2,1050.3,256.9,8.4959,1.0708,0.0,-793.4,0.0,6.8165,0.0,-793.4,0.0,6.8165,1.0,0.0,0.0,0.0,0.0
1536,748.82,793.8,3714.1,1063.5,269.7,9.2354,1.0345,0.0,-793.8,0.0,6.8165,0.0,-793.8,0.0,6.8165,1.0,0.0,0.0,0.0,0.0
1537,749.08,782.4,3727.1,1073.7,291.3,9.8923,1.0047,0.0,-782.4,0.0,6.8165,0.0,-782.4,0.0,6.8165,1.0,0.0,0.0,0.0,0.0
1538,749.34,789.05,3719.05,1081.8,292.75,9.9915,1.0004,0.0,-789.05,0.0,6.8165,0.0,-789.05,0.0,6.8165,1.0,0.0,0.0,0.0,0.0
1539,749.61,790.15,3669.9,1073.0,282.85,9.822,1.0078,0.0,-790.15,0.0,6.8165,0.0,-790.15,0.0,6.8165,1.0,0.0,0.0,0.0,0.0
1540,749.87,789.75,3564.85,1086.4,296.65,10.6897,0.971,0.0,-789.75,0.0,6.8165,0.0,-789.75,0.0,6.8165,1.0,0.0,0.0,0.0,0.0
1541,750.13,786.85,3512.35,1077.05,290.2,10.6476,0.9727,0.0,-786.85,0.0,6.8165,0.0,-786.85,0.0,6.8165,1.0,0.0,0.0,0.0,0.0
1542,750.39,788.45,3475.9,1066.7,278.25,10.3537,0.9849,0.0,-788.45,0.0,6.8165,0.0,-788.45,0.0,6.8165,1.0,0.0,0.0,0.0,0.0
1543,750.65,784.6,3405.25,1061.45,276.85,10.5642,0.9762,0.0,-784.6,0.0,6.8165,0.0,-784.6,0.0,6.8165,1.0,0.0,0.0,0.0,0.0
1544,750.92,774.0,3325.35,1075.0,301.0,11.7977,0.9282,0.0,-774.0,0.0,6.8165,0.0,-774.0,0.0,6.8165,1.0,0.0,0.0,0.0,0.0
1545,751.18,785.15,3299.8,1070.65,285.5,11.3535,0.9449,0.0,-785.15,0.0,6.8165,0.0,-785.15,0.0,6.8165,1.0,0.0,0.0,0.0,0.0
1546,751.44,791.8,3292.15,1066.45,274.65,10.9845,0.9592,0.0,-791.8,0.0,6.8165,0.0,-791.8,0.0,6.8165,1.0,0.0,0.0,0.0,0.0
1547,751.7,785.95,3202.05,1061.75,275.8,11.4151,0.9425,0.0,-785.95,0.0,6.8165,0.0,-785.95,0.0,6.8165,1.0,0.0,0.0,0.0,0.0
1548,751.96,786.35,3128.05,1073.25,286.9,12.2518,0.9118,0.0,-786.35,0.0,6.8165,0.0,-786.35,0.0,6.8165,1.0,0.0,0.0,0.0,0.0
1549,752.23,787.3,3078.9,1060.0,272.7,11.9,0.9245,0.0,-787.3,0.0,6.8165,0.0,-787.3,0.0,6.8165,1.0,0.0,0.0,0.0,0.0
1550,752.49,781.15,3025.2,1056.7,275.55,12.2791,0.9108,0.0,-781.15,0.0,6.8165,0.0,-781.15,0.0,6.8165,1.0,0.0,0.0,0.0,0.0
1551,752.75,781.2,2957.0,1061.6,280.4,12.8872,0.8898,0.0,-781.2,0.0,6.8165,0.0,-781.2,0.0,6.8165,1.0,0.0,0.0,0.0,0.0
1552,753.01,774.6,2957.2,1063.85,289.25,13.2525,0.8777,0.0,-774.6,0.0,6.8165,0.0,-774.6,0.0,6.8165,1.0,0.0,0.0,0.0,0.0
1553,753.27,795.15,2972.8,1033.4,238.25,10.9407,0.961,0.0,-795.15,0.0,6.8165,0.0,-795.15,0.0,6.8165,1.0,0.0,0.0,0.0,0.0
1554,753.53,787.75,2947.75,1043.55,255.8,11.8426,0.9266,0.0,-787.75,0.0,6.8165,0.0,-787.75,0.0,6.8165,1.0,0.0,0.0,0.0,0.0
1555,753.79,790.3,2878.6,1043.3,253.0,12.1151,0.9167,0.0,-790.3,0.0,6.8165,0.0,-790.3,0.0,6.8165,1.0,0.0,0.0,0.0,0.0
1556,754.05,788.55,2825.7,1053.15,264.6,12.9887,0.8864,0.0,-788.55,0.0,6.8165,0.0,-788.55,0.0,6.8165,1.0,0.0,0.0,0.0,0.0
1557,754.31,795.25,2784.7,1048.45,253.2,12.7271,0.8953,0.0,-795.25,0.0,6.8165,0.0,-795.25,0.0,6.8165,1.0,0.0,0.0,0.0,0.0
1558,754.57,787.95,2709.25,1038.3,250.35,13.0302,0.885,0.0,-787.95,0.0,6.8165,0.0,-787.95,0.0,6.8165,1.0,0.0,0.0,0.0,0.0
1559,754.84,789.8,2673.7,1037.95,248.15,13.1721,0.8803,0.0,-789.8,0.0,6.8165,0.0,-789.8,0.0,6.8165,1.0,0.0,0.0,0.0,0.0
1560,755.1,787.55,2669.2,1019.75,232.2,12.3402,0.9087,0.0,-787.55,0.0,6.8165,0.0,-787.55,0.0,6.8165,1.0,0.0,0.0,0.0,0.0
1561,755.36,797.05,2671.95,1046.4,249.35,13.2994,0.8762,0.0,-797.05,0.0,6.8165,0.0,-797.05,0.0,6.8165,1.0,0.0,0.0,0.0,0.0
1562,755.62,789.4,2628.25,1028.05,238.65,12.9782,0.8868,0.0,-789.4,0.0,6.8165,0.0,-789.4,0.0,6.8165,1.0,0.0,0.0,0.0,0.0
1563,755.88,765.9,2598.05,1035.4,269.5,14.7095,0.8324,0.0,-765.9,0.0,6.8165,0.0,-765.9,0.0,6.8165,1.0,0.0,0.0,0.0,0.0
1564,756.14,780.0,2618.85,1052.1,272.1,14.7973,0.8298,0.0,-780.0,0.0,6.8165,0.0,-780.0,0.0,6.8165,1.0,0.0,0.0,0.0,0.0
1565,756.4,780.2,2562.15,1032.5,252.3,14.1586,0.849,0.0,-780.2,0.0,6.8165,0.0,-780.2,0.0,6.8165,1.0,0.0,0.0,0.0,0.0
1566,756.66,777.8,2518.3,1044.15,266.35,15.3031,0.8152,0.0,-777.8,0.0,6.8165,0.0,-777.8,0.0,6.8165,1.0,0.0,0.0,0.0,0.0
1567,756.92,786.7,2511.8,1048.95,262.25,15.202,0.8181,0.0,-786.7,0.0,6.8165,0.0,-786.7,0.0,6.8165,1.0,0.0,0.0,0.0,0.0
1568,757.18,782.15,2448.4,1048.5,266.35,15.985,0.7963,0.0,-782.15,0.0,6.8165,0.0,-782.15,0.0,6.8165,1.0,0.0,0.0,0.0,0.0
1569,757.43,787.25,2476.2,1050.65,263.4,15.5955,0.807,0.0,-787.25,0.0,6.8165,0.0,-787.25,0.0,6.8165,1.0,0.0,0.0,0.0,0.0
1570,757.69,792.45,2433.5,1057.4,264.95,16.1452,0.792,0.0,-792.45,0.0,6.8165,0.0,-792.45,0.0,6.8165,1.0,0.0,0.0,0.0,0.0
1571,757.95,796.2,2455.2,1061.0,264.8,15.9614,0.7969,0.0,-796.2,0.0,6.8165,0.0,-796.2,0.0,6.8165,1.0,0.0,0.0,0.0,0.0
1572,758.21,798.1,2432.85,1066.1,268.0,16.3939,0.7853,0.0,-798.1,0.0,6.8165,0.0,-798.1,0.0,6.8165,1.0,0.0,0.0,0.0,0.0
1573,758.47,785.15,2423.45,1075.1,289.95,17.6982,0.7521,0.0,-785.15,0.0,6.8165,0.0,-785.15,0.0,6.8165,1.0,0.0,0.0,0.0,0.0
1574,758.73,785.6,2399.65,1068.5,282.9,17.5273,0.7563,0.0,-785.6,0.0,6.8165,0.0,-785.6,0.0,6.8165,1.0,0.0,0.0,0.0,0.0
1575,758.99,776.45,2426.4,1082.75,306.3,18.5642,0.7313,0.0,-776.45,0.0,6.8165,0.0,-776.45,0.0,6.8165,1.0,0.0,0.0,0.0,0.0
1576,759.25,787.05,2442.2,1100.05,313.0,18.9107,0.7233,0.0,-787.05,0.0,6.8165,0.0,-787.05,0.0,6.8165,1.0,0.0,0.0,0.0,0.0
1577,759.51,783.55,2414.2,1100.2,316.65,19.4186,0.7118,0.0,-783.55,0.0,6.8165,0.0,-783.55,0.0,6.8165,1.0,0.0,0.0,0.0,0.0
1578,759.77,782.5,2435.85,1134.7,352.2,21.3022,0.6716,0.0,-782.5,0.0,6.8165,0.0,-782.5,0.0,6.8165,1.0,0.0,0.0,0.0,0.0
1579,760.02,781.75,2417.65,1132.8,351.05,21.4591,0.6684,0.0,-781.75,0.0,6.8165,0.0,-781.75,0.0,6.8165,1.0,0.0,0.0,0.0,0.0
1580,760.28,802.1,2384.2,1141.8,339.7,21.4715,0.6681,0.0,-802.1,0.0,6.8165,0.0,-802.1,0.0,6.8165,1.0,0.0,0.0,0.0,0.0
1581,760.54,795.9,2401.15,1172.15,376.25,23.4387,0.6301,0.0,-795.9,0.0,6.8165,0.0,-795.9,0.0,6.8165,1.0,0.0,0.0,0.0,0.0
1582,760.8,791.6,2415.8,1156.15,364.55,22.4449,0.6489,0.0,-791.6,0.0,6.8165,0.0,-791.6,0.0,6.8165,1.0,0.0,0.0,0.0,0.0
1583,761.06,778.15,2408.6,1180.35,402.2,24.668,0.6079,0.0,-778.15,0.0,6.8165,0.0,-778.15,0.0,6.8165,1.0,0.0,0.0,0.0,0.0
1584,761.32,784.9,2380.95,1180.55,395.65,24.7893,0.6057,0.0,-784.9,0.0,6.8165,0.0,-784.9,0.0,6.8165,1.0,0.0,0.0,0.0,0.0
1585,761.57,784.15,2341.75,1189.45,405.3,26.0208,0.5847,0.0,-784.15,0.0,6.8165,0.0,-784.15,0.0,6.8165,1.0,0.0,0.0,0.0,0.0
1586,761.83,778.95,2360.65,1206.5,427.55,27.031,0.5681,0.0,-778.95,0.0,6.8165,0.0,-778.95,0.0,6.8165,1.0,0.0,0.0,0.0,0.0
1587,762.09,782.95,2368.65,1225.55,442.6,27.912,0.5542,0.0,-782.95,0.0,6.8165,0.0,-782.95,0.0,6.8165,1.0,0.0,0.0,0.0,0.0
1588,762.35,794.6,2348.4,1227.1,432.5,27.835,0.5554,0.0,-794.6,0.0,6.8165,0.0,-794.6,0.0,6.8165,1.0,0.0,0.0,0.0,0.0
1589,762.6,781.95,2357.35,1257.55,475.6,30.1892,0.5201,0.0,-781.95,0.0,6.8165,0.0,-781.95,0.0,6.8165,1.0,0.0,0.0,0.0,0.0
1590,762.86,779.25,2358.85,1286.65,507.4,32.1221,0.4932,0.0,-779.25,0.0,6.8165,0.0,-779.25,0.0,6.8165,1.0,0.0,0.0,0.0,0.0
1591,763.12,770.7,2379.3,1320.3,549.6,34.1664,0.4664,0.0,-770.7,0.0,6.8165,0.0,-770.7,0.0,6.8165,1.0,0.0,0.0,0.0,0.0
1592,763.38,781.5,2381.05,1334.4,552.9,34.566,0.4614,0.0,-781.5,0.0,6.8165,0.0,-781.5,0.0,6.8165,1.0,0.0,0.0,0.0,0.0
1593,763.63,770.15,2439.9,1382.25,612.1,36.6582,0.4358,0.0,-770.15,0.0,6.8165,0.0,-770.15,0.0,6.8165,1.0,0.0,0.0,0.0,0.0
1594,763.89,787.55,2528.5,1430.65,643.1,36.9396,0.4325,0.0,-787.55,0.0,6.8165,0.0,-787.55,0.0,6.8165,1.0,0.0,0.0,0.0,0.0
1595,764.15,775.5,2638.55,1491.6,716.1,38.437,0.4153,0.0,-775.5,0.0,6.8165,0.0,-775.5,0.0,6.8165,1.0,0.0,0.0,0.0,0.0
1596,764.4,784.2,2718.75,1580.7,796.5,41.1724,0.3854,0.0,-784.2,0.0,6.8165,0.0,-784.2,0.0,6.8165,1.0,0.0,0.0,0.0,0.0
1597,764.66,786.1,2818.1,1641.2,855.1,42.0817,0.3759,0.0,-786.1,0.0,6.8165,0.0,-786.1,0.0,6.8165,1.0,0.0,0.0,0.0,0.0
1598,764.92,789.25,2985.5,1673.45,884.2,40.2595,0.3951,0.0,-789.25,0.0,6.8165,0.0,-789.25,0.0,6.8165,1.0,0.0,0.0,0.0,0.0
1599,765.17,791.1,3066.3,1651.15,860.05,37.8011,0.4225,0.0,-791.1,0.0,6.8165,0.0,-791.1,0.0,6.8165,1.0,0.0,0.0,0.0,0.0
1600,765.43,800.25,3052.1,1620.85,820.6,36.4411,0.4384,0.0,-800.25,0.0,6.8165,0.0,-800.25,0.0,6.8165,1.0,0.0,0.0,0.0,0.0
1601,765.69,792.65,3058.85,1562.95,770.3,33.9908,0.4686,0.0,-792.65,0.0,6.8165,0.0,-792.65,0.0,6.8165,1.0,0.0,0.0,0.0,0.0
1602,765.94,801.85,3002.65,1541.05,739.2,33.5878,0.4738,0.0,-801.85,0.0,6.8165,0.0,-801.85,0.0,6.8165,1.0,0.0,0.0,0.0,0.0
1603,766.2,782.35,2862.05,1453.75,671.4,32.2835,0.491,0.0,-782.35,0.0,6.8165,0.0,-782.35,0.0,6.8165,1.0,0.0,0.0,0.0,0.0
1604,766.45,773.7,2696.7,1395.85,622.15,32.3531,0.4901,0.0,-773.7,0.0,6.8165,0.0,-773.7,0.0,6.8165,1.0,0.0,0.0,0.0,0.0
1605,766.71,785.05,2638.3,1346.1,561.05,30.2738,0.5189,0.0,-785.05,0.0,6.8165,0.0,-785.05,0.0,6.8165,1.0,0.0,0.0,0.0,0.0
1606,766.97,795.05,2563.65,1294.5,499.45,28.2399,0.5491,0.0,-795.05,0.0,6.8165,0.0,-795.05,0.0,6.8165,1.0,0.0,0.0,0.0,0.0
1607,767.22,796.9,2436.25,1270.5,473.6,28.8895,0.5393,0.0,-796.9,0.0,6.8165,0.0,-796.9,0.0,6.8165,1.0,0.0,0.0,0.0,0.0
1608,767.48,797.8,2304.85,1207.35,409.55,27.1756,0.5658,0.0,-797.8,0.0,6.8165,0.0,-797.8,0.0,6.8165,1.0,0.0,0.0,0.0,0.0
1609,767.73,802.35,2260.65,1164.15,361.8,24.8097,0.6054,0.0,-802.35,0.0,6.8165,0.0,-802.35,0.0,6.8165,1.0,0.0,0.0,0.0,0.0
1610,767.99,797.5,2191.0,1157.3,359.8,25.8199,0.588,0.0,-797.5,0.0,6.8165,0.0,-797.5,0.0,6.8165,1.0,0.0,0.0,0.0,0.0
1611,768.24,790.2,2140.5,1110.45,320.25,23.717,0.6249,0.0,-790.2,0.0,6.8165,0.0,-790.2,0.0,6.8165,1.0,0.0,0.0,0.0,0.0
1612,768.5,792.5,2083.95,1102.2,309.7,23.9808,0.6201,0.0,-792.5,0.0,6.8165,0.0,-792.5,0.0,6.8165,1.0,0.0,0.0,0.0,0.0
1613,768.75,788.75,2021.6,1069.9,281.15,22.8049,0.642,0.0,-788.75,0.0,6.8165,0.0,-788.75,0.0,6.8165,1.0,0.0,0.0,0.0,0.0
1614,769.01,793.7,2000.1,1047.6,253.9,21.0461,0.6768,0.0,-793.7,0.0,6.8165,0.0,-793.7,0.0,6.8165,1.0,0.0,0.0,0.0,0.0
1615,769.26,790.15,1940.5,1030.1,239.95,20.8589,0.6807,0.0,-790.15,0.0,6.8165,0.0,-790.15,0.0,6.8165,1.0,0.0,0.0,0.0,0.0
1616,769.52,786.25,1896.3,1022.05,235.8,21.2423,0.6728,0.0,-786.25,0.0,6.8165,0.0,-786.25,0.0,6.8165,1.0,0.0,0.0,0.0,0.0
1617,769.77,773.35,1893.6,979.55,206.2,18.4066,0.735,0.0,-773.35,0.0,6.8165,0.0,-773.35,0.0,6.8165,1.0,0.0,0.0,0.0,0.0
1618,770.03,785.25,1861.85,962.1,176.85,16.4267,0.7844,0.0,-785.25,0.0,6.8165,0.0,-785.25,0.0,6.8165,1.0,0.0,0.0,0.0,0.0
1619,770.28,784.95,1828.25,975.45,190.5,18.2594,0.7385,0.0,-784.95,0.0,6.8165,0.0,-784.95,0.0,6.8165,1.0,0.0,0.0,0.0,0.0
1620,770.54,801.15,1799.6,955.85,154.7,15.494,0.8098,0.0,-801.15,0.0,6.8165,0.0,-801.15,0.0,6.8165,1.0,0.0,0.0,0.0,0.0
1621,770.79,799.5,1810.55,951.15,151.65,14.9993,0.8239,0.0,-799.5,0.0,6.8165,0.0,-799.5,0.0,6.8165,1.0,0.0,0.0,0.0,0.0
1622,771.04,789.3,1787.95,931.25,141.95,14.2142,0.8473,0.0,-789.3,0.0,6.8165,0.0,-789.3,0.0,6.8165,1.0,0.0,0.0,0.0,0.0
1623,771.3,796.75,1774.75,922.5,125.75,12.8579,0.8908,0.0,-796.75,0.0,6.8165,0.0,-796.75,0.0,6.8165,1.0,0.0,0.0,0.0,0.0
1624,771.55,787.65,1758.1,921.9,134.25,13.8338,0.8591,0.0,-787.65,0.0,6.8165,0.0,-787.65,0.0,6.8165,1.0,0.0,0.0,0.0,0.0
1625,771.81,790.85,1706.45,912.1,121.25,13.2427,0.878,0.0,-790.85,0.0,6.8165,0.0,-790.85,0.0,6.8165,1.0,0.0,0.0,0.0,0.0
1626,772.06,782.2,1699.25,909.15,126.95,13.8433,0.8588,0.0,-782.2,0.0,6.8165,0.0,-782.2,0.0,6.8165,1.0,0.0,0.0,0.0,0.0
1627,772.31,787.25,1681.55,886.95,99.7,11.1484,0.9528,0.0,-787.25,0.0,6.8165,0.0,-787.25,0.0,6.8165,1.0,0.0,0.0,0.0,0.0
1628,772.57,780.85,1675.85,887.3,106.45,11.8939,0.9247,0.0,-780.85,0.0,6.8165,0.0,-780.85,0.0,6.8165,1.0,0.0,0.0,0.0,0.0
1629,772.82,787.55,1681.8,885.8,98.25,10.9869,0.9591,0.0,-787.55,0.0,6.8165,0.0,-787.55,0.0,6.8165,1.0,0.0,0.0,0.0,0.0
1630,773.07,778.3,1655.0,884.9,106.6,12.1592,0.9151,0.0,-778.3,0.0,6.8165,0.0,-778.3,0.0,6.8165,1.0,0.0,0.0,0.0,0.0
1631,773.33,785.7,1635.6,863.0,77.3,9.0952,1.0412,0.0,-785.7,0.0,6.8165,0.0,-785.7,0.0,6.8165,1.0,0.0,0.0,0.0,0.0
1632,773.58,795.8,1621.85,867.15,71.35,8.6375,1.0636,0.0,-795.8,0.0,6.8165,0.0,-795.8,0.0,6.8165,1.0,0.0,0.0,0.0,0.0
1633,773.83,787.75,1609.5,869.9,82.15,9.997,1.0001,0.0,-787.75,0.0,6.8165,0.0,-787.75,0.0,6.8165,1.0,0.0,0.0,0.0,0.0
1634,774.09,773.4,1601.95,858.85,85.45,10.3132,0.9866,0.0,-773.4,0.0,6.8165,0.0,-773.4,0.0,6.8165,1.0,0.0,0.0,0.0,0.0
1635,774.34,782.4,1577.2,856.45,74.05,9.3168,1.0307,0.0,-782.4,0.0,6.8165,0.0,-782.4,0.0,6.8165,1.0,0.0,0.0,0.0,0.0
1636,774.59,778.3,1563.35,845.1,66.8,8.509,1.0701,0.0,-778.3,0.0,6.8165,0.0,-778.3,0.0,6.8165,1.0,0.0,0.0,0.0,0.0
1637,774.85,771.0,1547.0,855.35,84.35,10.8698,0.9638,0.0,-771.0,0.0,6.8165,0.0,-771.0,0.0,6.8165,1.0,0.0,0.0,0.0,0.0
1638,775.1,793.4,1549.4,832.5,39.1,5.172,1.2863,0.0,-793.4,0.0,6.8165,0.0,-793.4,0.0,6.8165,1.0,0.0,0.0,0.0,0.0
1639,775.35,791.95,1554.95,824.75,32.8,4.2988,1.3667,0.0,-791.95,0.0,6.8165,0.0,-791.95,0.0,6.8165,1.0,0.0,0.0,0.0,0.0
1640,775.6,788.3,1519.3,834.5,46.2,6.3201,1.1993,0.0,-788.3,0.0,6.8165,0.0,-788.3,0.0,6.8165,1.0,0.0,0.0,0.0,0.0
1641,775.85,791.1,1522.95,830.4,39.3,5.37,1.27,0.0,-791.1,0.0,6.8165,0.0,-791.1,0.0,6.8165,1.0,0.0,0.0,0.0,0.0
1642,776.11,787.45,1513.9,822.05,34.6,4.7629,1.3221,0.0,-787.45,0.0,6.8165,0.0,-787.45,0.0,6.8165,1.0,0.0,0.0,0.0,0.0
1643,776.36,783.95,1482.65,824.95,41.0,5.868,1.2315,0.0,-783.95,0.0,6.8165,0.0,-783.95,0.0,6.8165,1.0,0.0,0.0,0.0,0.0
1644,776.61,791.25,1489.1,825.55,34.3,4.9151,1.3085,0.0,-791.25,0.0,6.8165,0.0,-791.25,0.0,6.8165,1.0,0.0,0.0,0.0,0.0
1645,776.86,791.1,1489.7,823.6,32.5,4.6522,1.3323,0.0,-791.1,0.0,6.8165,0.0,-791.1,0.0,6.8165,1.0,0.0,0.0,0.0,0.0
1646,777.11,772.65,1494.1,824.6,51.95,7.2008,1.1426,0.0,-772.65,0.0,6.8165,0.0,-772.65,0.0,6.8165,1.0,0.0,0.0,0.0,0.0
1647,777.37,789.9,1483.7,817.85,27.95,4.0285,1.3949,0.0,-789.9,0.0,6.8165,0.0,-789.9,0.0,6.8165,1.0,0.0,0.0,0.0,0.0
1648,777.62,788.8,1482.7,825.95,37.15,5.3538,1.2713,0.0,-788.8,0.0,6.8165,0.0,-788.8,0.0,6.8165,1.0,0.0,0.0,0.0,0.0
1649,777.87,795.85,1466.65,821.8,25.95,3.8685,1.4125,0.0,-795.85,0.0,6.8165,0.0,-795.85,0.0,6.8165,1.0,0.0,0.0,0.0,0.0
1650,778.12,787.25,1463.95,823.55,36.3,5.3643,1.2705,0.0,-787.25,0.0,6.8165,0.0,-787.25,0.0,6.8165,1.0,0.0,0.0,0.0,0.0
1651,778.37,791.1,1448.15,808.9,17.8,2.7091,1.5672,0.0,-791.1,0.0,6.8165,0.0,-791.1,0.0,6.8165,1.0,0.0,0.0,0.0,0.0
1652,778.62,787.1,1439.4,808.75,21.65,3.319,1.479,0.0,-787.1,0.0,6.8165,0.0,-787.1,0.0,6.8165,1.0,0.0,0.0,0.0,0.0
1653,778.87,786.55,1441.35,815.05,28.5,4.3525,1.3613,0.0,-786.55,0.0,6.8165,0.0,-786.55,0.0,6.8165,1.0,0.0,0.0,0.0,0.0
1654,779.12,788.5,1434.1,809.45,20.95,3.245,1.4888,0.0,-788.5,0.0,6.8165,0.0,-788.5,0.0,6.8165,1.0,0.0,0.0,0.0,0.0
1655,779.38,793.3,1424.85,817.2,23.9,3.7843,1.422,0.0,-793.3,0.0,6.8165,0.0,-793.3,0.0,6.8165,1.0,0.0,0.0,0.0,0.0
1656,779.63,794.7,1434.2,811.35,16.65,2.6036,1.5844,0.0,-794.7,0.0,6.8165,0.0,-794.7,0.0,6.8165,1.0,0.0,0.0,0.0,0.0
1657,779.88,782.5,1439.4,808.9,26.4,4.0189,1.3959,0.0,-782.5,0.0,6.8165,0.0,-782.5,0.0,6.8165,1.0,0.0,0.0,0.0,0.0
1658,780.13,782.95,1421.4,801.7,18.75,2.9368,1.5321,0.0,-782.95,0.0,6.8165,0.0,-782.95,0.0,6.8165,1.0,0.0,0.0,0.0,0.0
1659,780.38,798.5,1416.7,810.75,12.25,1.9816,1.703,0.0,-798.5,0.0,6.8165,0.0,-798.5,0.0,6.8165,1.0,0.0,0.0,0.0,0.0
1660,780.63,805.85,1416.55,818.7,12.85,2.1041,1.6769,0.0,-805.85,0.0,6.8165,0.0,-805.85,0.0,6.8165,1.0,0.0,0.0,0.0,0.0
1661,780.88,785.3,1414.9,814.65,29.35,4.6617,1.3315,0.0,-785.3,0.0,6.8165,0.0,-785.3,0.0,6.8165,1.0,0.0,0.0,0.0,0.0
1662,781.13,785.8,1409.7,793.45,7.65,1.2262,1.9115,0.0,-785.8,0.0,6.8165,0.0,-785.8,0.0,6.8165,1.0,0.0,0.0,0.0,0.0
1663,781.38,792.35,1412.1,818.65,26.3,4.2436,1.3723,0.0,-792.35,0.0,6.8165,0.0,-792.35,0.0,6.8165,1.0,0.0,0.0,0.0,0.0
1664,781.63,778.5,1410.0,810.85,32.35,5.1227,1.2905,0.0,-778.5,0.0,6.8165,0.0,-778.5,0.0,6.8165,1.0,0.0,0.0,0.0,0.0
1665,781.88,791.5,1400.45,813.5,22.0,3.6128,1.4422,0.0,-791.5,0.0,6.8165,0.0,-791.5,0.0,6.8165,1.0,0.0,0.0,0.0,0.0
1666,782.13,795.95,1393.9,780.8,-15.15,0.0,6.8165,0.0,-795.95,0.0,6.8165,0.0,-795.95,0.0,6.8165,1.0,0.0,0.0,0.0,0.0
1667,782.38,788.65,1385.45,792.35,3.7,0.62,2.2076,0.0,-788.65,0.0,6.8165,0.0,-788.65,0.0,6.8165,1.0,0.0,0.0,0.0,0.0
1668,782.63,780.75,1414.75,817.15,36.4,5.7413,1.241,0.0,-780.75,0.0,6.8165,0.0,-780.75,0.0,6.8165,1.0,0.0,0.0,0.0,0.0
1669,782.88,791.2,1413.55,790.75,-0.45,0.0,6.8165,0.0,-791.2,0.0,6.8165,0.0,-791.2,0.0,6.8165,1.0,0.0,0.0,0.0,0.0
1670,783.13,789.2,1398.65,813.0,23.8,3.9052,1.4084,0.0,-789.2,0.0,6.8165,0.0,-789.2,0.0,6.8165,1.0,0.0,0.0,0.0,0.0
1671,783.38,792.5,1395.35,803.2,10.7,1.7749,1.7508,0.0,-792.5,0.0,6.8165,0.0,-792.5,0.0,6.8165,1.0,0.0,0.0,0.0,0.0
1672,783.62,803.25,1396.1,806.85,3.6,0.6072,2.2166,0.0,-803.25,0.0,6.8165,0.0,-803.25,0.0,6.8165,1.0,0.0,0.0,0.0,0.0
1673,783.87,792.35,1397.45,808.55,16.2,2.6772,1.5723,0.0,-792.35,0.0,6.8165,0.0,-792.35,0.0,6.8165,1.0,0.0,0.0,0.0,0.0
1674,784.12,774.2,1404.65,800.05,25.85,4.1002,1.3872,0.0,-774.2,0.0,6.8165,0.0,-774.2,0.0,6.8165,1.0,0.0,0.0,0.0,0.0
1675,784.37,784.05,1421.4,804.9,20.85,3.2714,1.4853,0.0,-784.05,0.0,6.8165,0.0,-784.05,0.0,6.8165,1.0,0.0,0.0,0.0,0.0
1676,784.62,783.2,1409.8,815.35,32.15,5.1309,1.2898,0.0,-783.2,0.0,6.8165,0.0,-783.2,0.0,6.8165,1.0,0.0,0.0,0.0,0.0
1677,784.87,788.6,1420.5,805.85,17.25,2.7299,1.5639,0.0,-788.6,0.0,6.8165,0.0,-788.6,0.0,6.8165,1.0,0.0,0.0,0.0,0.0
1678,785.12,799.45,1418.25,814.0,14.55,2.3513,1.6287,0.0,-799.45,0.0,6.8165,0.0,-799.45,0.0,6.8165,1.0,0.0,0.0,0.0,0.0
1679,785.37,794.65,1417.6,796.35,1.7,0.2729,2.564,0.0,-794.65,0.0,6.8165,0.0,-794.65,0.0,6.8165,1.0,0.0,0.0,0.0,0.0
1680,785.61,787.8,1405.05,804.95,17.15,2.7785,1.5562,0.0,-787.8,0.0,6.8165,0.0,-787.8,0.0,6.8165,1.0,0.0,0.0,0.0,0.0
1681,785.86,785.65,1404.1,810.7,25.05,4.0504,1.3925,0.0,-785.65,0.0,6.8165,0.0,-785.65,0.0,6.8165,1.0,0.0,0.0,0.0,0.0
1682,786.11,790.4,1402.05,805.35,14.95,2.4442,1.6119,0.0,-790.4,0.0,6.8165,0.0,-790.4,0.0,6.8165,1.0,0.0,0.0,0.0,0.0
1683,786.36,794.3,1423.35,808.15,13.85,2.2017,1.6572,0.0,-794.3,0.0,6.8165,0.0,-794.3,0.0,6.8165,1.0,0.0,0.0,0.0,0.0
1684,786.61,800.15,1394.8,799.9,-0.25,0.0,6.8165,0.0,-800.15,0.0,6.8165,0.0,-800.15,0.0,6.8165,1.0,0.0,0.0,0.0,0.0
1685,786.85,800.5,1418.55,800.35,-0.15,0.0,6.8165,0.0,-800.5,0.0,6.8165,0.0,-800.5,0.0,6.8165,1.0,0.0,0.0,0.0,0.0
1686,787.1,784.9,1383.45,788.9,4.0,0.6683,2.175,0.0,-784.9,0.0,6.8165,0.0,-784.9,0.0,6.8165,1.0,0.0,0.0,0.0,0.0
1687,787.35,780.7,1412.35,798.15,17.45,2.7626,1.5587,0.0,-780.7,0.0,6.8165,0.0,-780.7,0.0,6.8165,1.0,0.0,0.0,0.0,0.0
1688,787.6,777.35,1394.95,797.2,19.85,3.2141,1.4929,0.0,-777.35,0.0,6.8165,0.0,-777.35,0.0,6.8165,1.0,0.0,0.0,0.0,0.0
1689,787.84,785.05,1382.4,797.25,12.2,2.0424,1.6899,0.0,-785.05,0.0,6.8165,0.0,-785.05,0.0,6.8165,1.0,0.0,0.0,0.0,0.0
1690,788.09,783.55,1400.2,801.5,17.95,2.9109,1.536,0.0,-783.55,0.0,6.8165,0.0,-783.55,0.0,6.8165,1.0,0.0,0.0,0.0,0.0
1691,788.34,793.1,1397.2,794.3,1.2,0.1986,2.7019,0.0,-793.1,0.0,6.8165,0.0,-793.1,0.0,6.8165,1.0,0.0,0.0,0.0,0.0
1692,788.59,778.65,1382.85,805.95,27.3,4.5184,1.345,0.0,-778.65,0.0,6.8165,0.0,-778.65,0.0,6.8165,1.0,0.0,0.0,0.0,0.0
1693,788.83,777.0,1376.0,806.05,29.05,4.8497,1.3143,0.0,-777.0,0.0,6.8165,0.0,-777.0,0.0,6.8165,1.0,0.0,0.0,0.0,0.0
1694,789.08,782.9,1390.45,812.4,29.5,4.8556,1.3138,0.0,-782.9,0.0,6.8165,0.0,-782.9,0.0,6.8165,1.0,0.0,0.0,0.0,0.0
1695,789.33,798.45,1412.55,806.35,7.9,1.2864,1.8906,0.0,-798.45,0.0,6.8165,0.0,-798.45,0.0,6.8165,1.0,0.0,0.0,0.0,0.0
1696,789.57,777.25,1422.4,807.5,30.25,4.6888,1.3289,0.0,-777.25,0.0,6.8165,0.0,-777.25,0.0,6.8165,1.0,0.0,0.0,0.0,0.0
1697,789.82,798.1,1431.55,800.05,1.95,0.3078,2.5117,0.0,-798.1,0.0,6.8165,0.0,-798.1,0.0,6.8165,1.0,0.0,0.0,0.0,0.0
1698,790.07,774.4,1432.85,816.5,42.1,6.3938,1.1942,0.0,-774.4,0.0,6.8165,0.0,-774.4,0.0,6.8165,1.0,0.0,0.0,0.0,0.0
1699,790.31,782.25,1442.0,805.75,23.5,3.562,1.4483,0.0,-782.25,0.0,6.8165,0.0,-782.25,0.0,6.8165,1.0,0.0,0.0,0.0,0.0
1700,790.56,780.45,1449.4,800.35,19.9,2.9748,1.5265,0.0,-780.45,0.0,6.8165,0.0,-780.45,0.0,6.8165,1.0,0.0,0.0,0.0,0.0
1701,790.8,784.95,1425.85,803.55,18.6,2.9022,1.5373,0.0,-784.95,0.0,6.8165,0.0,-784.95,0.0,6.8165,1.0,0.0,0.0,0.0,0.0
1702,791.05,790.3,1434.0,804.5,14.2,2.206,1.6564,0.0,-790.3,0.0,6.8165,0.0,-790.3,0.0,6.8165,1.0,0.0,0.0,0.0,0.0
1703,791.3,778.1,1420.1,811.15,33.05,5.148,1.2884,0.0,-778.1,0.0,6.8165,0.0,-778.1,0.0,6.8165,1.0,0.0,0.0,0.0,0.0
1704,791.54,783.5,1413.1,808.85,25.35,4.0264,1.3951,0.0,-783.5,0.0,6.8165,0.0,-783.5,0.0,6.8165,1.0,0.0,0.0,0.0,0.0
1705,791.79,790.85,1407.65,813.2,22.35,3.6235,1.4409,0.0,-790.85,0.0,6.8165,0.0,-790.85,0.0,6.8165,1.0,0.0,0.0,0.0,0.0
1706,792.03,777.5,1402.8,804.7,27.2,4.3499,1.3615,0.0,-777.5,0.0,6.8165,0.0,-777.5,0.0,6.8165,1.0,0.0,0.0,0.0,0.0
1707,792.28,791.05,1371.7,792.25,1.2,0.2067,2.6847,0.0,-791.05,0.0,6.8165,0.0,-791.05,0.0,6.8165,1.0,0.0,0.0,0.0,0.0
1708,792.53,781.15,1353.85,800.7,19.55,3.4137,1.4668,0.0,-781.15,0.0,6.8165,0.0,-781.15,0.0,6.8165,1.0,0.0,0.0,0.0,0.0
1709,792.77,796.85,1366.85,809.0,12.15,2.1316,1.6713,0.0,-796.85,0.0,6.8165,0.0,-796.85,0.0,6.8165,1.0,0.0,0.0,0.0,0.0
1710,793.02,782.5,1335.45,796.2,13.7,2.4776,1.606,0.0,-782.5,0.0,6.8165,0.0,-782.5,0.0,6.8165,1.0,0.0,0.0,0.0,0.0
1711,793.26,792.2,1331.2,810.1,17.9,3.321,1.4787,0.0,-792.2,0.0,6.8165,0.0,-792.2,0.0,6.8165,1.0,0.0,0.0,0.0,0.0
1712,793.51,785.55,1340.4,813.45,27.9,5.0284,1.2986,0.0,-785.55,0.0,6.8165,0.0,-785.55,0.0,6.8165,1.0,0.0,0.0,0.0,0.0
1713,793.75,782.65,1299.7,810.05,27.4,5.2993,1.2758,0.0,-782.65,0.0,6.8165,0.0,-782.65,0.0,6.8165,1.0,0.0,0.0,0.0,0.0
1714,794.0,796.65,1312.45,802.35,5.7,1.1051,1.9566,0.0,-796.65,0.0,6.8165,0.0,-796.65,0.0,6.8165,1.0,0.0,0.0,0.0,0.0
1715,794.24,779.6,1310.6,809.1,29.5,5.5556,1.2553,0.0,-779.6,0.0,6.8165,0.0,-779.6,0.0,6.8165,1.0,0.0,0.0,0.0,0.0
1716,794.49,780.5,1294.2,796.0,15.5,3.0173,1.5204,0.0,-780.5,0.0,6.8165,0.0,-780.5,0.0,6.8165,1.0,0.0,0.0,0.0,0.0
1717,794.73,780.25,1273.8,789.8,9.55,1.935,1.7133,0.0,-780.25,0.0,6.8165,0.0,-780.25,0.0,6.8165,1.0,0.0,0.0,0.0,0.0
1718,794.97,783.35,1284.2,791.05,7.7,1.5374,1.8132,0.0,-783.35,0.0,6.8165,0.0,-783.35,0.0,6.8165,1.0,0.0,0.0,0.0,0.0
1719,795.22,788.0,1269.9,800.2,12.2,2.5316,1.5966,0.0,-788.0,0.0,6.8165,0.0,-788.0,0.0,6.8165,1.0,0.0,0.0,0.0,0.0
1720,795.46,793.35,1265.95,801.85,8.5,1.7986,1.7451,0.0,-793.35,0.0,6.8165,0.0,-793.35,0.0,6.8165,1.0,0.0,0.0,0.0,0.0
1721,795.71,794.15,1237.4,777.1,-17.05,0.0,6.8165,0.0,-794.15,0.0,6.8165,0.0,-794.15,0.0,6.8165,1.0,0.0,0.0,0.0,0.0
1722,795.95,790.9,1248.2,784.0,-6.9,0.0,6.8165,0.0,-790.9,0.0,6.8165,0.0,-790.9,0.0,6.8165,1.0,0.0,0.0,0.0,0.0
1723,796.19,796.85,1233.85,802.4,5.55,1.27,1.8962,0.0,-796.85,0.0,6.8165,0.0,-796.85,0.0,6.8165,1.0,0.0,0.0,0.0,0.0
1724,796.44,789.55,1236.35,791.0,1.45,0.3245,2.4887,0.0,-789.55,0.0,6.8165,0.0,-789.55,0.0,6.8165,1.0,0.0,0.0,0.0,0.0
1725,796.68,789.05,1245.85,791.4,2.35,0.5144,2.2887,0.0,-789.05,0.0,6.8165,0.0,-789.05,0.0,6.8165,1.0,0.0,0.0,0.0,0.0
1726,796.93,782.7,1228.15,794.45,11.75,2.6378,1.5788,0.0,-782.7,0.0,6.8165,0.0,-782.7,0.0,6.8165,1.0,0.0,0.0,0.0,0.0
1727,797.17,789.55,1231.45,806.35,16.8,3.8018,1.42,0.0,-789.55,0.0,6.8165,0.0,-789.55,0.0,6.8165,1.0,0.0,0.0,0.0,0.0
1728,797.41,798.6,1239.15,791.3,-7.3,0.0,6.8165,0.0,-798.6,0.0,6.8165,0.0,-798.6,0.0,6.8165,1.0,0.0,0.0,0.0,0.0
1729,797.66,787.15,1239.9,805.2,18.05,3.9867,1.3994,0.0,-787.15,0.0,6.8165,0.0,-787.15,0.0,6.8165,1.0,0.0,0.0,0.0,0.0
1730,797.9,785.6,1231.7,794.95,9.35,2.0959,1.6786,0.0,-785.6,0.0,6.8165,0.0,-785.6,0.0,6.8165,1.0,0.0,0.0,0.0,0.0
1731,798.14,783.6,1218.8,799.55,15.95,3.665,1.4359,0.0,-783.6,0.0,6.8165,0.0,-783.6,0.0,6.8165,1.0,0.0,0.0,0.0,0.0
1732,798.39,796.55,1216.85,806.25,9.7,2.3079,1.6368,0.0,-796.55,0.0,6.8165,0.0,-796.55,0.0,6.8165,1.0,0.0,0.0,0.0,0.0
1733,798.63,783.3,1223.75,802.75,19.45,4.4159,1.355,0.0,-783.3,0.0,6.8165,0.0,-783.3,0.0,6.8165,1.0,0.0,0.0,0.0,0.0
1734,798.87,796.65,1226.5,797.25,0.6,0.1396,2.8552,0.0,-796.65,0.0,6.8165,0.0,-796.65,0.0,6.8165,1.0,0.0,0.0,0.0,0.0
1735,799.11,790.4,1203.25,798.75,8.35,2.0225,1.6941,0.0,-790.4,0.0,6.8165,0.0,-790.4,0.0,6.8165,1.0,0.0,0.0,0.0,0.0
1736,799.36,792.75,1214.75,791.0,-1.75,0.0,6.8165,0.0,-792.75,0.0,6.8165,0.0,-792.75,0.0,6.8165,1.0,0.0,0.0,0.0,0.0
1737,799.6,785.8,1203.05,793.75,7.95,1.9053,1.72,0.0,-785.8,0.0,6.8165,0.0,-785.8,0.0,6.8165,1.0,0.0,0.0,0.0,0.0
1738,799.84,795.25,1194.5,801.2,5.95,1.4903,1.8267,0.0,-795.25,0.0,6.8165,0.0,-795.25,0.0,6.8165,1.0,0.0,0.0,0.0,0.0
1739,800.08,787.85,1185.05,797.6,9.75,2.4547,1.61,0.0,-787.85,0.0,6.8165,0.0,-787.85,0.0,6.8165,1.0,0.0,0.0,0.0,0.0
1740,800.33,794.3,1178.15,809.9,15.6,4.0641,1.391,0.0,-794.3,0.0,6.8165,0.0,-794.3,0.0,6.8165,1.0,0.0,0.0,0.0,0.0
1741,800.57,774.65,1167.6,797.25,22.6,5.7514,1.2402,0.0,-774.65,0.0,6.8165,0.0,-774.65,0.0,6.8165,1.0,0.0,0.0,0.0,0.0
1742,800.81,797.9,1176.1,794.2,-3.7,0.0,6.8165,0.0,-797.9,0.0,6.8165,0.0,-797.9,0.0,6.8165,1.0,0.0,0.0,0.0,0.0
1743,801.05,788.6,1171.5,798.7,10.1,2.6378,1.5788,0.0,-788.6,0.0,6.8165,0.0,-788.6,0.0,6.8165,1.0,0.0,0.0,0.0,0.0
1744,801.29,785.2,1159.0,806.0,20.8,5.5645,1.2546,0.0,-785.2,0.0,6.8165,0.0,-785.2,0.0,6.8165,1.0,0.0,0.0,0.0,0.0
1745,801.54,788.5,1199.95,788.3,-0.2,0.0,6.8165,0.0,-788.5,0.0,6.8165,0.0,-788.5,0.0,6.8165,1.0,0.0,0.0,0.0,0.0
1746,801.78,787.4,1168.4,802.15,14.75,3.8714,1.4121,0.0,-787.4,0.0,6.8165,0.0,-787.4,0.0,6.8165,1.0,0.0,0.0,0.0,0.0
1747,802.02,792.85,1178.7,782.1,-10.75,0.0,6.8165,0.0,-792.85,0.0,6.8165,0.0,-792.85,0.0,6.8165,1.0,0.0,0.0,0.0,0.0
1748,802.26,792.05,1164.55,791.0,-1.05,0.0,6.8165,0.0,-792.05,0.0,6.8165,0.0,-792.05,0.0,6.8165,1.0,0.0,0.0,0.0,0.0
1749,802.5,793.35,1157.7,794.9,1.55,0.4254,2.3712,0.0,-793.35,0.0,6.8165,0.0,-793.35,0.0,6.8165,1.0,0.0,0.0,0.0,0.0
1750,802.74,785.2,1152.75,797.55,12.35,3.3601,1.4736,0.0,-785.2,0.0,6.8165,0.0,-785.2,0.0,6.8165,1.0,0.0,0.0,0.0,0.0
1751,802.98,786.05,1168.05,796.7,10.65,2.788,1.5547,0.0,-786.05,0.0,6.8165,0.0,-786.05,0.0,6.8165,1.0,0.0,0.0,0.0,0.0
1752,803.22,795.1,1149.8,785.65,-9.45,0.0,6.8165,0.0,-795.1,0.0,6.8165,0.0,-795.1,0.0,6.8165,1.0,0.0,0.0,0.0,0.0
1753,803.47,792.25,1142.4,783.9,-8.35,0.0,6.8165,0.0,-792.25,0.0,6.8165,0.0,-792.25,0.0,6.8165,1.0,0.0,0.0,0.0,0.0
1754,803.71,787.05,1138.35,796.2,9.15,2.6046,1.5843,0.0,-787.05,0.0,6.8165,0.0,-787.05,0.0,6.8165,1.0,0.0,0.0,0.0,0.0
1755,803.95,793.55,1152.9,794.55,1.0,0.2783,2.5555,0.0,-793.55,0.0,6.8165,0.0,-793.55,0.0,6.8165,1.0,0.0,0.0,0.0,0.0
1756,804.19,782.4,1145.3,792.9,10.5,2.8934,1.5386,0.0,-782.4,0.0,6.8165,0.0,-782.4,0.0,6.8165,1.0,0.0,0.0,0.0,0.0
1757,804.43,778.9,1160.35,804.8,25.9,6.7899,1.1681,0.0,-778.9,0.0,6.8165,0.0,-778.9,0.0,6.8165,1.0,0.0,0.0,0.0,0.0
1758,804.67,796.85,1155.5,784.0,-12.85,0.0,6.8165,0.0,-796.85,0.0,6.8165,0.0,-796.85,0.0,6.8165,1.0,0.0,0.0,0.0,0.0
1759,804.91,784.0,1141.45,800.35,16.35,4.5741,1.3397,0.0,-784.0,0.0,6.8165,0.0,-784.0,0.0,6.8165,1.0,0.0,0.0,0.0,0.0
1760,805.15,796.6,1133.35,796.2,-0.4,0.0,6.8165,0.0,-796.6,0.0,6.8165,0.0,-796.6,0.0,6.8165,1.0,0.0,0.0,0.0,0.0
1761,805.39,793.45,1143.2,794.65,1.2,0.3431,2.4646,0.0,-793.45,0.0,6.8165,0.0,-793.45,0.0,6.8165,1.0,0.0,0.0,0.0,0.0
1762,805.63,782.9,1135.8,809.1,26.2,7.4242,1.1294,0.0,-782.9,0.0,6.8165,0.0,-782.9,0.0,6.8165,1.0,0.0,0.0,0.0,0.0
1763,805.87,786.1,1126.65,797.2,11.1,3.2594,1.4869,0.0,-786.1,0.0,6.8165,0.0,-786.1,0.0,6.8165,1.0,0.0,0.0,0.0,0.0
1764,806.11,782.7,1132.35,810.25,27.55,7.8793,1.1035,0.0,-782.7,0.0,6.8165,0.0,-782.7,0.0,6.8165,1.0,0.0,0.0,0.0,0.0
1765,806.35,799.4,1144.7,802.2,2.8,0.8109,2.091,0.0,-799.4,0.0,6.8165,0.0,-799.4,0.0,6.8165,1.0,0.0,0.0,0.0,0.0
1766,806.59,793.4,1130.25,819.85,26.45,7.8522,1.105,0.0,-793.4,0.0,6.8165,0.0,-793.4,0.0,6.8165,1.0,0.0,0.0,0.0,0.0
1767,806.83,786.7,1131.05,801.55,14.85,4.3125,1.3653,0.0,-786.7,0.0,6.8165,0.0,-786.7,0.0,6.8165,1.0,0.0,0.0,0.0,0.0
1768,807.07,789.6,1119.9,808.2,18.6,5.6312,1.2494,0.0,-789.6,0.0,6.8165,0.0,-789.6,0.0,6.8165,1.0,0.0,0.0,0.0,0.0
1769,807.31,796.3,1155.25,809.55,13.25,3.6913,1.4328,0.0,-796.3,0.0,6.8165,0.0,-796.3,0.0,6.8165,1.0,0.0,0.0,0.0,0.0
1770,807.54,787.85,1130.5,806.6,18.75,5.4721,1.2618,0.0,-787.85,0.0,6.8165,0.0,-787.85,0.0,6.8165,1.0,0.0,0.0,0.0,0.0
1771,807.78,787.0,1114.05,795.7,8.7,2.6601,1.5751,0.0,-787.0,0.0,6.8165,0.0,-787.0,0.0,6.8165,1.0,0.0,0.0,0.0,0.0
1772,808.02,802.75,1127.45,789.7,-13.05,0.0,6.8165,0.0,-802.75,0.0,6.8165,0.0,-802.75,0.0,6.8165,1.0,0.0,0.0,0.0,0.0
1773,808.26,802.1,1130.55,806.35,4.25,1.294,1.8881,0.0,-802.1,0.0,6.8165,0.0,-802.1,0.0,6.8165,1.0,0.0,0.0,0.0,0.0
1774,808.5,803.55,1136.1,800.7,-2.85,0.0,6.8165,0.0,-803.55,0.0,6.8165,0.0,-803.55,0.0,6.8165,1.0,0.0,0.0,0.0,0.0
1775,808.74,785.7,1132.85,815.0,29.3,8.4402,1.0736,0.0,-785.7,0.0,6.8165,0.0,-785.7,0.0,6.8165,1.0,0.0,0.0,0.0,0.0
1776,808.98,781.55,1136.5,814.25,32.7,9.2126,1.0356,0.0,-781.55,0.0,6.8165,0.0,-781.55,0.0,6.8165,1.0,0.0,0.0,0.0,0.0
1777,809.22,788.1,1107.8,799.35,11.25,3.5189,1.4536,0.0,-788.1,0.0,6.8165,0.0,-788.1,0.0,6.8165,1.0,0.0,0.0,0.0,0.0
1778,809.45,789.6,1116.1,805.8,16.2,4.9617,1.3044,0.0,-789.6,0.0,6.8165,0.0,-789.6,0.0,6.8165,1.0,0.0,0.0,0.0,0.0
1779,809.69,793.25,1151.6,805.25,12.0,3.3487,1.4751,0.0,-793.25,0.0,6.8165,0.0,-793.25,0.0,6.8165,1.0,0.0,0.0,0.0,0.0
1780,809.93,786.3,1141.35,795.65,9.35,2.6334,1.5795,0.0,-786.3,0.0,6.8165,0.0,-786.3,0.0,6.8165,1.0,0.0,0.0,0.0,0.0
1781,810.17,774.45,1144.15,804.2,29.75,8.0471,1.0944,0.0,-774.45,0.0,6.8165,0.0,-774.45,0.0,6.8165,1.0,0.0,0.0,0.0,0.0
1782,810.41,784.65,1126.25,810.35,25.7,7.5234,1.1236,0.0,-784.65,0.0,6.8165,0.0,-784.65,0.0,6.8165,1.0,0.0,0.0,0.0,0.0
1783,810.64,788.5,1123.4,793.1,4.6,1.3735,1.8622,0.0,-788.5,0.0,6.8165,0.0,-788.5,0.0,6.8165,1.0,0.0,0.0,0.0,0.0
1784,810.88,790.6,1151.15,801.8,11.2,3.1064,1.5077,0.0,-790.6,0.0,6.8165,0.0,-790.6,0.0,6.8165,1.0,0.0,0.0,0.0,0.0
1785,811.12,799.4,1141.05,805.45,6.05,1.7708,1.7518,0.0,-799.4,0.0,6.8165,0.0,-799.4,0.0,6.8165,1.0,0.0,0.0,0.0,0.0
1786,811.36,783.85,1129.6,809.9,26.05,7.5343,1.123,0.0,-783.85,0.0,6.8165,0.0,-783.85,0.0,6.8165,1.0,0.0,0.0,0.0,0.0
1787,811.59,776.9,1142.25,807.15,30.25,8.2797,1.082,0.0,-776.9,0.0,6.8165,0.0,-776.9,0.0,6.8165,1.0,0.0,0.0,0.0,0.0
1788,811.83,774.05,1133.35,806.2,32.15,8.948,1.0483,0.0,-774.05,0.0,6.8165,0.0,-774.05,0.0,6.8165,1.0,0.0,0.0,0.0,0.0
1789,812.07,785.2,1137.5,798.6,13.4,3.8036,1.4198,0.0,-785.2,0.0,6.8165,0.0,-785.2,0.0,6.8165,1.0,0.0,0.0,0.0,0.0
1790,812.31,776.7,1151.5,782.4,5.7,1.5208,1.8179,0.0,-776.7,0.0,6.8165,0.0,-776.7,0.0,6.8165,1.0,0.0,0.0,0.0,0.0
1791,812.54,780.95,1143.6,792.5,11.55,3.1849,1.4969,0.0,-780.95,0.0,6.8165,0.0,-780.95,0.0,6.8165,1.0,0.0,0.0,0.0,0.0
1792,812.78,788.1,1159.2,808.0,19.9,5.3624,1.2706,0.0,-788.1,0.0,6.8165,0.0,-788.1,0.0,6.8165,1.0,0.0,0.0,0.0,0.0
1793,813.02,783.6,1164.55,798.95,15.35,4.0294,1.3948,0.0,-783.6,0.0,6.8165,0.0,-783.6,0.0,6.8165,1.0,0.0,0.0,0.0,0.0
1794,813.25,778.45,1156.2,806.3,27.85,7.3726,1.1324,0.0,-778.45,0.0,6.8165,0.0,-778.45,0.0,6.8165,1.0,0.0,0.0,0.0,0.0
1795,813.49,773.45,1162.8,809.55,36.1,9.2719,1.0328,0.0,-773.45,0.0,6.8165,0.0,-773.45,0.0,6.8165,1.0,0.0,0.0,0.0,0.0
1796,813.73,792.6,1151.25,800.55,7.95,2.2166,1.6543,0.0,-792.6,0.0,6.8165,0.0,-792.6,0.0,6.8165,1.0,0.0,0.0,0.0,0.0
1797,813.96,782.2,1164.75,805.35,23.15,6.0515,1.2181,0.0,-782.2,0.0,6.8165,0.0,-782.2,0.0,6.8165,1.0,0.0,0.0,0.0,0.0
1798,814.2,781.9,1162.25,812.15,30.25,7.9532,1.0995,0.0,-781.9,0.0,6.8165,0.0,-781.9,0.0,6.8165,1.0,0.0,0.0,0.0,0.0
1799,814.44,783.6,1161.95,809.2,25.6,6.7662,1.1697,0.0,-783.6,0.0,6.8165,0.0,-783.6,0.0,6.8165,1.0,0.0,0.0,0.0,0.0
1800,814.67,785.1,1164.3,816.3,31.2,8.2278,1.0847,0.0,-785.1,0.0,6.8165,0.0,-785.1,0.0,6.8165,1.0,0.0,0.0,0.0,0.0
1801,814.91,773.65,1174.9,805.4,31.75,7.9128,1.1017,0.0,-773.65,0.0,6.8165,0.0,-773.65,0.0,6.8165,1.0,0.0,0.0,0.0,0.0
1802,815.14,781.3,1180.05,817.45,36.15,9.0658,1.0426,0.0,-781.3,0.0,6.8165,0.0,-781.3,0.0,6.8165,1.0,0.0,0.0,0.0,0.0
1803,815.38,783.5,1173.75,801.5,18.0,4.6124,1.3361,0.0,-783.5,0.0,6.8165,0.0,-783.5,0.0,6.8165,1.0,0.0,0.0,0.0,0.0
1804,815.61,788.05,1177.65,824.55,36.5,9.3686,1.0283,0.0,-788.05,0.0,6.8165,0.0,-788.05,0.0,6.8165,1.0,0.0,0.0,0.0,0.0
1805,815.85,792.2,1174.5,800.55,8.35,2.1841,1.6607,0.0,-792.2,0.0,6.8165,0.0,-792.2,0.0,6.8165,1.0,0.0,0.0,0.0,0.0
1806,816.09,776.2,1165.6,805.15,28.95,7.4345,1.1287,0.0,-776.2,0.0,6.8165,0.0,-776.2,0.0,6.8165,1.0,0.0,0.0,0.0,0.0
1807,816.32,779.3,1181.7,792.0,12.7,3.1561,1.5009,0.0,-779.3,0.0,6.8165,0.0,-779.3,0.0,6.8165,1.0,0.0,0.0,0.0,0.0
1808,816.56,786.3,1175.55,806.9,20.6,5.2922,1.2764,0.0,-786.3,0.0,6.8165,0.0,-786.3,0.0,6.8165,1.0,0.0,0.0,0.0,0.0
1809,816.79,791.85,1188.9,807.9,16.05,4.0423,1.3934,0.0,-791.85,0.0,6.8165,0.0,-791.85,0.0,6.8165,1.0,0.0,0.0,0.0,0.0
1810,817.03,784.35,1189.0,820.85,36.5,9.0201,1.0448,0.0,-784.35,0.0,6.8165,0.0,-784.35,0.0,6.8165,1.0,0.0,0.0,0.0,0.0
1811,817.26,803.2,1184.35,810.6,7.4,1.9415,1.7119,0.0,-803.2,0.0,6.8165,0.0,-803.2,0.0,6.8165,1.0,0.0,0.0,0.0,0.0
1812,817.5,773.55,1188.65,809.05,35.5,8.5522,1.0679,0.0,-773.55,0.0,6.8165,0.0,-773.55,0.0,6.8165,1.0,0.0,0.0,0.0,0.0
1813,817.73,784.65,1192.65,814.8,30.15,7.3897,1.1314,0.0,-784.65,0.0,6.8165,0.0,-784.65,0.0,6.8165,1.0,0.0,0.0,0.0,0.0
1814,817.97,782.55,1196.55,799.65,17.1,4.1304,1.384,0.0,-782.55,0.0,6.8165,0.0,-782.55,0.0,6.8165,1.0,0.0,0.0,0.0,0.0
1815,818.2,798.15,1202.8,794.85,-3.3,0.0,6.8165,0.0,-798.15,0.0,6.8165,0.0,-798.15,0.0,6.8165,1.0,0.0,0.0,0.0,0.0
1816,818.43,779.65,1196.9,815.25,35.6,8.5321,1.0689,0.0,-779.65,0.0,6.8165,0.0,-779.65,0.0,6.8165,1.0,0.0,0.0,0.0,0.0
1817,818.67,790.35,1213.1,796.65,6.3,1.4902,1.8267,0.0,-790.35,0.0,6.8165,0.0,-790.35,0.0,6.8165,1.0,0.0,0.0,0.0,0.0
1818,818.9,793.75,1188.7,814.85,21.1,5.3424,1.2723,0.0,-793.75,0.0,6.8165,0.0,-793.75,0.0,6.8165,1.0,0.0,0.0,0.0,0.0
1819,819.14,788.9,1204.55,807.1,18.2,4.3787,1.3587,0.0,-788.9,0.0,6.8165,0.0,-788.9,0.0,6.8165,1.0,0.0,0.0,0.0,0.0
1820,819.37,778.8,1201.25,820.65,41.85,9.9065,1.0041,0.0,-778.8,0.0,6.8165,0.0,-778.8,0.0,6.8165,1.0,0.0,0.0,0.0,0.0
1821,819.61,786.75,1223.95,806.8,20.05,4.586,1.3386,0.0,-786.75,0.0,6.8165,0.0,-786.75,0.0,6.8165,1.0,0.0,0.0,0.0,0.0
1822,819.84,790.75,1221.15,819.4,28.65,6.6566,1.1767,0.0,-790.75,0.0,6.8165,0.0,-790.75,0.0,6.8165,1.0,0.0,0.0,0.0,0.0
1823,820.07,788.85,1212.85,816.75,27.9,6.5802,1.1818,0.0,-788.85,0.0,6.8165,0.0,-788.85,0.0,6.8165,1.0,0.0,0.0,0.0,0.0
1824,820.31,788.25,1237.45,811.85,23.6,5.2538,1.2795,0.0,-788.25,0.0,6.8165,0.0,-788.25,0.0,6.8165,1.0,0.0,0.0,0.0,0.0
1825,820.54,783.2,1218.2,814.0,30.8,7.0805,1.1499,0.0,-783.2,0.0,6.8165,0.0,-783.2,0.0,6.8165,1.0,0.0,0.0,0.0,0.0
1826,820.77,785.85,1229.85,835.35,49.5,11.1486,0.9528,0.0,-785.85,0.0,6.8165,0.0,-785.85,0.0,6.8165,1.0,0.0,0.0,0.0,0.0
1827,821.01,785.7,1255.55,827.6,41.9,8.9177,1.0497,0.0,-785.7,0.0,6.8165,0.0,-785.7,0.0,6.8165,1.0,0.0,0.0,0.0,0.0
1828,821.24,780.05,1259.1,826.3,46.25,9.6545,1.0153,0.0,-780.05,0.0,6.8165,0.0,-780.05,0.0,6.8165,1.0,0.0,0.0,0.0,0.0
1829,821.47,795.75,1259.6,834.4,38.65,8.3324,1.0792,0.0,-795.75,0.0,6.8165,0.0,-795.75,0.0,6.8165,1.0,0.0,0.0,0.0,0.0
1830,821.71,785.1,1274.65,833.2,48.1,9.8253,1.0077,0.0,-785.1,0.0,6.8165,0.0,-785.1,0.0,6.8165,1.0,0.0,0.0,0.0,0.0
1831,821.94,779.7,1298.6,847.9,68.2,13.1432,0.8813,0.0,-779.7,0.0,6.8165,0.0,-779.7,0.0,6.8165,1.0,0.0,0.0,0.0,0.0
1832,822.17,782.75,1310.95,838.75,56.0,10.602,0.9746,0.0,-782.75,0.0,6.8165,0.0,-782.75,0.0,6.8165,1.0,0.0,0.0,0.0,0.0
1833,822.4,786.7,1331.8,849.8,63.1,11.5759,0.9364,0.0,-786.7,0.0,6.8165,0.0,-786.7,0.0,6.8165,1.0,0.0,0.0,0.0,0.0
1834,822.64,794.5,1361.65,849.35,54.85,9.6712,1.0145,0.0,-794.5,0.0,6.8165,0.0,-794.5,0.0,6.8165,1.0,0.0,0.0,0.0,0.0
1835,822.87,798.45,1381.15,863.95,65.5,11.2408,0.9492,0.0,-798.45,0.0,6.8165,0.0,-798.45,0.0,6.8165,1.0,0.0,0.0,0.0,0.0
1836,823.1,795.1,1435.7,875.8,80.7,12.5976,0.8997,0.0,-795.1,0.0,6.8165,0.0,-795.1,0.0,6.8165,1.0,0.0,0.0,0.0,0.0
1837,823.33,787.7,1469.75,902.45,114.75,16.8243,0.7741,0.0,-787.7,0.0,6.8165,0.0,-787.7,0.0,6.8165,1.0,0.0,0.0,0.0,0.0
1838,823.57,799.3,1525.55,915.7,116.4,16.0275,0.7951,0.0,-799.3,0.0,6.8165,0.0,-799.3,0.0,6.8165,1.0,0.0,0.0,0.0,0.0
1839,823.8,799.05,1576.85,909.3,110.25,14.1746,0.8485,0.0,-799.05,0.0,6.8165,0.0,-799.05,0.0,6.8165,1.0,0.0,0.0,0.0,0.0
1840,824.03,792.15,1630.25,927.5,135.35,16.1496,0.7918,0.0,-792.15,0.0,6.8165,0.0,-792.15,0.0,6.8165,1.0,0.0,0.0,0.0,0.0
1841,824.26,781.75,1686.05,925.7,143.95,15.9184,0.7981,0.0,-781.75,0.0,6.8165,0.0,-781.75,0.0,6.8165,1.0,0.0,0.0,0.0,0.0
1842,824.49,775.0,1711.1,948.85,173.85,18.5717,0.7311,0.0,-775.0,0.0,6.8165,0.0,-775.0,0.0,6.8165,1.0,0.0,0.0,0.0,0.0
1843,824.73,774.15,1754.3,931.25,157.1,16.0282,0.7951,0.0,-774.15,0.0,6.8165,0.0,-774.15,0.0,6.8165,1.0,0.0,0.0,0.0,0.0
1844,824.96,786.55,1769.05,918.25,131.7,13.4046,0.8727,0.0,-786.55,0.0,6.8165,0.0,-786.55,0.0,6.8165,1.0,0.0,0.0,0.0,0.0
1845,825.19,780.4,1789.8,915.1,134.7,13.3446,0.8747,0.0,-780.4,0.0,6.8165,0.0,-780.4,0.0,6.8165,1.0,0.0,0.0,0.0,0.0
1846,825.42,776.7,1766.05,905.05,128.35,12.9732,0.887,0.0,-776.7,0.0,6.8165,0.0,-776.7,0.0,6.8165,1.0,0.0,0.0,0.0,0.0
1847,825.65,780.0,1748.65,895.65,115.65,11.9393,0.923,0.0,-780.0,0.0,6.8165,0.0,-780.0,0.0,6.8165,1.0,0.0,0.0,0.0,0.0
1848,825.88,779.75,1693.65,892.75,113.0,12.3646,0.9078,0.0,-779.75,0.0,6.8165,0.0,-779.75,0.0,6.8165,1.0,0.0,0.0,0.0,0.0
1849,826.11,787.35,1666.0,884.1,96.75,11.0112,0.9582,0.0,-787.35,0.0,6.8165,0.0,-787.35,0.0,6.8165,1.0,0.0,0.0,0.0,0.0
1850,826.34,793.75,1636.8,881.1,87.35,10.3612,0.9846,0.0,-793.75,0.0,6.8165,0.0,-793.75,0.0,6.8165,1.0,0.0,0.0,0.0,0.0
1851,826.57,799.2,1579.5,870.75,71.55,9.1696,1.0377,0.0,-799.2,0.0,6.8165,0.0,-799.2,0.0,6.8165,1.0,0.0,0.0,0.0,0.0
1852,826.81,789.35,1558.85,852.8,63.45,8.2456,1.0838,0.0,-789.35,0.0,6.8165,0.0,-789.35,0.0,6.8165,1.0,0.0,0.0,0.0,0.0
1853,827.04,780.1,1536.05,858.05,77.95,10.3115,0.9867,0.0,-780.1,0.0,6.8165,0.0,-780.1,0.0,6.8165,1.0,0.0,0.0,0.0,0.0
1854,827.27,775.05,1515.4,844.75,69.7,9.4145,1.0262,0.0,-775.05,0.0,6.8165,0.0,-775.05,0.0,6.8165,1.0,0.0,0.0,0.0,0.0
1855,827.5,782.75,1503.65,851.35,68.6,9.5159,1.0216,0.0,-782.75,0.0,6.8165,0.0,-782.75,0.0,6.8165,1.0,0.0,0.0,0.0,0.0
1856,827.73,784.95,1477.8,841.2,56.25,8.1186,1.0905,0.0,-784.95,0.0,6.8165,0.0,-784.95,0.0,6.8165,1.0,0.0,0.0,0.0,0.0
1857,827.96,797.05,1461.0,845.05,48.0,7.2295,1.1409,0.0,-797.05,0.0,6.8165,0.0,-797.05,0.0,6.8165,1.0,0.0,0.0,0.0,0.0
1858,828.19,779.8,1483.3,844.15,64.35,9.1471,1.0387,0.0,-779.8,0.0,6.8165,0.0,-779.8,0.0,6.8165,1.0,0.0,0.0,0.0,0.0
1859,828.42,781.75,1469.75,850.95,69.2,10.0581,0.9975,0.0,-781.75,0.0,6.8165,0.0,-781.75,0.0,6.8165,1.0,0.0,0.0,0.0,0.0
1860,828.65,799.4,1501.1,865.9,66.5,9.477,1.0233,0.0,-799.4,0.0,6.8165,0.0,-799.4,0.0,6.8165,1.0,0.0,0.0,0.0,0.0
1861,828.88,792.0,1516.25,853.5,61.5,8.4915,1.071,0.0,-792.0,0.0,6.8165,0.0,-792.0,0.0,6.8165,1.0,0.0,0.0,0.0,0.0
1862,829.11,781.95,1521.55,846.95,65.0,8.7885,1.0561,0.0,-781.95,0.0,6.8165,0.0,-781.95,0.0,6.8165,1.0,0.0,0.0,0.0,0.0
1863,829.34,795.2,1533.95,848.2,53.0,7.1743,1.1442,0.0,-795.2,0.0,6.8165,0.0,-795.2,0.0,6.8165,1.0,0.0,0.0,0.0,0.0
1864,829.57,787.75,1516.35,841.8,54.05,7.4183,1.1297,0.0,-787.75,0.0,6.8165,0.0,-787.75,0.0,6.8165,1.0,0.0,0.0,0.0,0.0
1865,829.8,776.4,1504.55,825.25,48.85,6.7088,1.1734,0.0,-776.4,0.0,6.8165,0.0,-776.4,0.0,6.8165,1.0,0.0,0.0,0.0,0.0
1866,830.03,785.55,1500.35,851.3,65.75,9.1984,1.0363,0.0,-785.55,0.0,6.8165,0.0,-785.55,0.0,6.8165,1.0,0.0,0.0,0.0,0.0
1867,830.25,770.6,1471.05,829.5,58.9,8.4089,1.0753,0.0,-770.6,0.0,6.8165,0.0,-770.6,0.0,6.8165,1.0,0.0,0.0,0.0,0.0
1868,830.48,791.4,1468.05,832.1,40.7,6.0149,1.2208,0.0,-791.4,0.0,6.8165,0.0,-791.4,0.0,6.8165,1.0,0.0,0.0,0.0,0.0
1869,830.71,795.75,1438.25,842.0,46.25,7.1984,1.1428,0.0,-795.75,0.0,6.8165,0.0,-795.75,0.0,6.8165,1.0,0.0,0.0,0.0,0.0
1870,830.94,783.2,1393.1,817.65,34.45,5.6485,1.2481,0.0,-783.2,0.0,6.8165,0.0,-783.2,0.0,6.8165,1.0,0.0,0.0,0.0,0.0
1871,831.17,771.85,1362.55,810.9,39.05,6.6108,1.1797,0.0,-771.85,0.0,6.8165,0.0,-771.85,0.0,6.8165,1.0,0.0,0.0,0.0,0.0
1872,831.4,780.1,1350.05,809.8,29.7,5.211,1.2831,0.0,-780.1,0.0,6.8165,0.0,-780.1,0.0,6.8165,1.0,0.0,0.0,0.0,0.0
1873,831.63,794.5,1335.0,805.95,11.45,2.1184,1.674,0.0,-794.5,0.0,6.8165,0.0,-794.5,0.0,6.8165,1.0,0.0,0.0,0.0,0.0
1874,831.86,786.6,1303.25,812.45,25.85,5.0034,1.3007,0.0,-786.6,0.0,6.8165,0.0,-786.6,0.0,6.8165,1.0,0.0,0.0,0.0,0.0
1875,832.08,774.6,1266.55,809.9,35.3,7.1755,1.1441,0.0,-774.6,0.0,6.8165,0.0,-774.6,0.0,6.8165,1.0,0.0,0.0,0.0,0.0
1876,832.31,789.3,1248.05,812.3,23.0,5.0136,1.2998,0.0,-789.3,0.0,6.8165,0.0,-789.3,0.0,6.8165,1.0,0.0,0.0,0.0,0.0
1877,832.54,787.4,1256.4,791.75,4.35,0.9275,2.0327,0.0,-787.4,0.0,6.8165,0.0,-787.4,0.0,6.8165,1.0,0.0,0.0,0.0,0.0
1878,832.77,782.95,1248.4,797.35,14.4,3.0938,1.5095,0.0,-782.95,0.0,6.8165,0.0,-782.95,0.0,6.8165,1.0,0.0,0.0,0.0,0.0
1879,833.0,778.5,1251.0,802.6,24.1,5.1005,1.2924,0.0,-778.5,0.0,6.8165,0.0,-778.5,0.0,6.8165,1.0,0.0,0.0,0.0,0.0
1880,833.22,770.5,1257.55,789.3,18.8,3.86,1.4134,0.0,-770.5,0.0,6.8165,0.0,-770.5,0.0,6.8165,1.0,0.0,0.0,0.0,0.0
1881,833.45,781.35,1247.55,794.05,12.7,2.7242,1.5648,0.0,-781.35,0.0,6.8165,0.0,-781.35,0.0,6.8165,1.0,0.0,0.0,0.0,0.0
1882,833.68,780.15,1248.25,789.75,9.6,2.0508,1.6881,0.0,-780.15,0.0,6.8165,0.0,-780.15,0.0,6.8165,1.0,0.0,0.0,0.0,0.0
1883,833.91,782.65,1239.75,798.1,15.45,3.38,1.4711,0.0,-782.65,0.0,6.8165,0.0,-782.65,0.0,6.8165,1.0,0.0,0.0,0.0,0.0
1884,834.13,785.8,1241.7,794.25,8.45,1.8535,1.732,0.0,-785.8,0.0,6.8165,0.0,-785.8,0.0,6.8165,1.0,0.0,0.0,0.0,0.0
1885,834.36,791.55,1238.2,811.85,20.3,4.5449,1.3425,0.0,-791.55,0.0,6.8165,0.0,-791.55,0.0,6.8165,1.0,0.0,0.0,0.0,0.0
1886,834.59,806.15,1245.45,805.45,-0.7,0.0,6.8165,0.0,-806.15,0.0,6.8165,0.0,-806.15,0.0,6.8165,1.0,0.0,0.0,0.0,0.0
1887,834.82,794.35,1252.8,806.5,12.15,2.6502,1.5767,0.0,-794.35,0.0,6.8165,0.0,-794.35,0.0,6.8165,1.0,0.0,0.0,0.0,0.0
1888,835.04,780.15,1269.3,811.0,30.85,6.3069,1.2002,0.0,-780.15,0.0,6.8165,0.0,-780.15,0.0,6.8165,1.0,0.0,0.0,0.0,0.0
1889,835.27,785.5,1279.1,806.4,20.9,4.2342,1.3732,0.0,-785.5,0.0,6.8165,0.0,-785.5,0.0,6.8165,1.0,0.0,0.0,0.0,0.0
1890,835.5,782.95,1308.1,823.65,40.7,7.7502,1.1107,0.0,-782.95,0.0,6.8165,0.0,-782.95,0.0,6.8165,1.0,0.0,0.0,0.0,0.0
1891,835.72,796.55,1314.6,813.15,16.6,3.2043,1.4943,0.0,-796.55,0.0,6.8165,0.0,-796.55,0.0,6.8165,1.0,0.0,0.0,0.0,0.0
1892,835.95,780.3,1339.85,810.7,30.4,5.4329,1.265,0.0,-780.3,0.0,6.8165,0.0,-780.3,0.0,6.8165,1.0,0.0,0.0,0.0,0.0
1893,836.18,781.05,1334.0,818.55,37.5,6.7818,1.1687,0.0,-781.05,0.0,6.8165,0.0,-781.05,0.0,6.8165,1.0,0.0,0.0,0.0,0.0
1894,836.4,788.4,1318.6,814.65,26.25,4.951,1.3053,0.0,-788.4,0.0,6.8165,0.0,-788.4,0.0,6.8165,1.0,0.0,0.0,0.0,0.0
1895,836.63,784.3,1318.9,805.45,21.15,3.9562,1.4027,0.0,-784.3,0.0,6.8165,0.0,-784.3,0.0,6.8165,1.0,0.0,0.0,0.0,0.0
1896,836.86,782.6,1337.15,782.0,-0.6,0.0,6.8165,0.0,-782.6,0.0,6.8165,0.0,-782.6,0.0,6.8165,1.0,0.0,0.0,0.0,0.0
1897,837.08,796.15,1305.85,810.4,14.25,2.7958,1.5535,0.0,-796.15,0.0,6.8165,0.0,-796.15,0.0,6.8165,1.0,0.0,0.0,0.0,0.0
1898,837.31,788.4,1293.15,824.55,36.15,7.162,1.145,0.0,-788.4,0.0,6.8165,0.0,-788.4,0.0,6.8165,1.0,0.0,0.0,0.0,0.0
1899,837.53,782.25,1287.2,800.15,17.9,3.5449,1.4504,0.0,-782.25,0.0,6.8165,0.0,-782.25,0.0,6.8165,1.0,0.0,0.0,0.0,0.0
1900,837.76,780.9,1251.1,788.85,7.95,1.6908,1.7719,0.0,-780.9,0.0,6.8165,0.0,-780.9,0.0,6.8165,1.0,0.0,0.0,0.0,0.0
1901,837.99,778.15,1240.5,794.9,16.75,3.6228,1.441,0.0,-778.15,0.0,6.8165,0.0,-778.15,0.0,6.8165,1.0,0.0,0.0,0.0,0.0
1902,838.21,795.25,1253.15,785.35,-9.9,0.0,6.8165,0.0,-795.25,0.0,6.8165,0.0,-795.25,0.0,6.8165,1.0,0.0,0.0,0.0,0.0
1903,838.44,790.7,1220.0,801.65,10.95,2.5507,1.5933,0.0,-790.7,0.0,6.8165,0.0,-790.7,0.0,6.8165,1.0,0.0,0.0,0.0,0.0
1904,838.66,795.05,1213.45,795.15,0.1,0.0239,3.6216,0.0,-795.05,0.0,6.8165,0.0,-795.05,0.0,6.8165,1.0,0.0,0.0,0.0,0.0
1905,838.89,781.25,1201.8,789.95,8.7,2.0687,1.6843,0.0,-781.25,0.0,6.8165,0.0,-781.25,0.0,6.8165,1.0,0.0,0.0,0.0,0.0
1906,839.11,783.75,1209.95,785.15,1.4,0.3285,2.4835,0.0,-783.75,0.0,6.8165,0.0,-783.75,0.0,6.8165,1.0,0.0,0.0,0.0,0.0
1907,839.34,792.95,1202.4,782.15,-10.8,0.0,6.8165,0.0,-792.95,0.0,6.8165,0.0,-792.95,0.0,6.8165,1.0,0.0,0.0,0.0,0.0
1908,839.56,779.55,1212.05,772.4,-7.15,0.0,6.8165,0.0,-779.55,0.0,6.8165,0.0,-779.55,0.0,6.8165,1.0,0.0,0.0,0.0,0.0
1909,839.79,789.95,1204.25,776.95,-13.0,0.0,6.8165,0.0,-789.95,0.0,6.8165,0.0,-789.95,0.0,6.8165,1.0,0.0,0.0,0.0,0.0
1910,840.01,782.35,1188.8,776.7,-5.65,0.0,6.8165,0.0,-782.35,0.0,6.8165,0.0,-782.35,0.0,6.8165,1.0,0.0,0.0,0.0,0.0
1911,840.24,796.25,1187.55,790.95,-5.3,0.0,6.8165,0.0,-796.25,0.0,6.8165,0.0,-796.25,0.0,6.8165,1.0,0.0,0.0,0.0,0.0
1912,840.46,786.65,1199.15,785.55,-1.1,0.0,6.8165,0.0,-786.65,0.0,6.8165,0.0,-786.65,0.0,6.8165,1.0,0.0,0.0,0.0,0.0
1913,840.69,785.1,1194.5,779.15,-5.95,0.0,6.8165,0.0,-785.1,0.0,6.8165,0.0,-785.1,0.0,6.8165,1.0,0.0,0.0,0.0,0.0
1914,840.91,798.15,1182.55,782.2,-15.95,0.0,6.8165,0.0,-798.15,0.0,6.8165,0.0,-798.15,0.0,6.8165,1.0,0.0,0.0,0.0,0.0
1915,841.13,794.2,1173.3,793.0,-1.2,0.0,6.8165,0.0,-794.2,0.0,6.8165,0.0,-794.2,0.0,6.8165,1.0,0.0,0.0,0.0,0.0
1916,841.36,788.25,1187.35,792.1,3.85,0.9647,2.0156,0.0,-788.25,0.0,6.8165,0.0,-788.25,0.0,6.8165,1.0,0.0,0.0,0.0,0.0
1917,841.58,780.0,1189.4,789.75,9.75,2.3815,1.6231,0.0,-780.0,0.0,6.8165,0.0,-780.0,0.0,6.8165,1.0,0.0,0.0,0.0,0.0
1918,841.81,781.95,1184.2,793.5,11.55,2.8713,1.5419,0.0,-781.95,0.0,6.8165,0.0,-781.95,0.0,6.8165,1.0,0.0,0.0,0.0,0.0
1919,842.03,786.85,1190.7,804.95,18.1,4.4819,1.3485,0.0,-786.85,0.0,6.8165,0.0,-786.85,0.0,6.8165,1.0,0.0,0.0,0.0,0.0
1920,842.25,795.6,1204.35,790.3,-5.3,0.0,6.8165,0.0,-795.6,0.0,6.8165,0.0,-795.6,0.0,6.8165,1.0,0.0,0.0,0.0,0.0
1921,842.48,795.35,1199.65,799.1,3.75,0.9275,2.0327,0.0,-795.35,0.0,6.8165,0.0,-795.35,0.0,6.8165,1.0,0.0,0.0,0.0,0.0
1922,842.7,780.4,1220.25,781.9,1.5,0.341,2.4672,0.0,-780.4,0.0,6.8165,0.0,-780.4,0.0,6.8165,1.0,0.0,0.0,0.0,0.0
1923,842.92,792.85,1212.25,782.75,-10.1,0.0,6.8165,0.0,-792.85,0.0,6.8165,0.0,-792.85,0.0,6.8165,1.0,0.0,0.0,0.0,0.0
1924,843.15,800.85,1213.65,779.1,-21.75,0.0,6.8165,0.0,-800.85,0.0,6.8165,0.0,-800.85,0.0,6.8165,1.0,0.0,0.0,0.0,0.0
1925,843.37,793.65,1199.75,796.6,2.95,0.7264,2.1388,0.0,-793.65,0.0,6.8165,0.0,-793.65,0.0,6.8165,1.0,0.0,0.0,0.0,0.0
1926,843.59,788.95,1198.6,784.0,-4.95,0.0,6.8165,0.0,-788.95,0.0,6.8165,0.0,-788.95,0.0,6.8165,1.0,0.0,0.0,0.0,0.0
1927,843.82,796.0,1195.15,777.15,-18.85,0.0,6.8165,0.0,-796.0,0.0,6.8165,0.0,-796.0,0.0,6.8165,1.0,0.0,0.0,0.0,0.0
1928,844.04,788.5,1156.2,783.65,-4.85,0.0,6.8165,0.0,-788.5,0.0,6.8165,0.0,-788.5,0.0,6.8165,1.0,0.0,0.0,0.0,0.0
1929,844.26,786.5,1173.1,785.0,-1.5,0.0,6.8165,0.0,-786.5,0.0,6.8165,0.0,-786.5,0.0,6.8165,1.0,0.0,0.0,0.0,0.0
1930,844.49,790.7,1171.8,783.0,-7.7,0.0,6.8165,0.0,-790.7,0.0,6.8165,0.0,-790.7,0.0,6.8165,1.0,0.0,0.0,0.0,0.0
1931,844.71,789.1,1161.05,792.2,3.1,0.8334,2.0791,0.0,-789.1,0.0,6.8165,0.0,-789.1,0.0,6.8165,1.0,0.0,0.0,0.0,0.0
1932,844.93,789.15,1151.1,788.15,-1.0,0.0,6.8165,0.0,-789.15,0.0,6.8165,0.0,-789.15,0.0,6.8165,1.0,0.0,0.0,0.0,0.0
1933,845.15,794.8,1135.8,781.2,-13.6,0.0,6.8165,0.0,-794.8,0.0,6.8165,0.0,-794.8,0.0,6.8165,1.0,0.0,0.0,0.0,0.0
1934,845.38,792.0,1137.8,780.4,-11.6,0.0,6.8165,0.0,-792.0,0.0,6.8165,0.0,-792.0,0.0,6.8165,1.0,0.0,0.0,0.0,0.0
1935,845.6,798.1,1142.5,769.5,-28.6,0.0,6.8165,0.0,-798.1,0.0,6.8165,0.0,-798.1,0.0,6.8165,1.0,0.0,0.0,0.0,0.0
1936,845.82,789.9,1157.15,796.15,6.25,1.7018,1.7691,0.0,-789.9,0.0,6.8165,0.0,-789.9,0.0,6.8165,1.0,0.0,0.0,0.0,0.0
1937,846.04,775.9,1132.3,800.0,24.1,6.7621,1.1699,0.0,-775.9,0.0,6.8165,0.0,-775.9,0.0,6.8165,1.0,0.0,0.0,0.0,0.0
1938,846.26,784.6,1147.05,785.9,1.3,0.3587,2.4453,0.0,-784.6,0.0,6.8165,0.0,-784.6,0.0,6.8165,1.0,0.0,0.0,0.0,0.0
1939,846.48,778.95,1132.05,782.5,3.55,1.0054,1.9977,0.0,-778.95,0.0,6.8165,0.0,-778.95,0.0,6.8165,1.0,0.0,0.0,0.0,0.0
1940,846.71,787.75,1123.8,795.2,7.45,2.2169,1.6542,0.0,-787.75,0.0,6.8165,0.0,-787.75,0.0,6.8165,1.0,0.0,0.0,0.0,0.0
1941,846.93,780.1,1125.85,784.55,4.45,1.2871,1.8904,0.0,-780.1,0.0,6.8165,0.0,-780.1,0.0,6.8165,1.0,0.0,0.0,0.0,0.0
1942,847.15,790.4,1129.4,786.1,-4.3,0.0,6.8165,0.0,-790.4,0.0,6.8165,0.0,-790.4,0.0,6.8165,1.0,0.0,0.0,0.0,0.0
1943,847.37,786.05,1138.8,781.75,-4.3,0.0,6.8165,0.0,-786.05,0.0,6.8165,0.0,-786.05,0.0,6.8165,1.0,0.0,0.0,0.0,0.0
1944,847.59,775.75,1118.75,783.45,7.7,2.2449,1.6488,0.0,-775.75,0.0,6.8165,0.0,-775.75,0.0,6.8165,1.0,0.0,0.0,0.0,0.0
1945,847.81,785.8,1117.1,776.65,-9.15,0.0,6.8165,0.0,-785.8,0.0,6.8165,0.0,-785.8,0.0,6.8165,1.0,0.0,0.0,0.0,0.0
1946,848.03,774.35,1119.35,778.25,3.9,1.1304,1.9468,0.0,-774.35,0.0,6.8165,0.0,-774.35,0.0,6.8165,1.0,0.0,0.0,0.0,0.0
1947,848.26,780.3,1134.45,786.8,6.5,1.8354,1.7363,0.0,-780.3,0.0,6.8165,0.0,-780.3,0.0,6.8165,1.0,0.0,0.0,0.0,0.0
1948,848.48,789.7,1132.55,784.4,-5.3,0.0,6.8165,0.0,-789.7,0.0,6.8165,0.0,-789.7,0.0,6.8165,1.0,0.0,0.0,0.0,0.0
1949,848.7,806.4,1119.55,785.1,-21.3,0.0,6.8165,0.0,-806.4,0.0,6.8165,0.0,-806.4,0.0,6.8165,1.0,0.0,0.0,0.0,0.0
1950,848.92,785.95,1108.05,778.15,-7.8,0.0,6.8165,0.0,-785.95,0.0,6.8165,0.0,-785.95,0.0,6.8165,1.0,0.0,0.0,0.0,0.0
1951,849.14,792.85,1111.8,777.45,-15.4,0.0,6.8165,0.0,-792.85,0.0,6.8165,0.0,-792.85,0.0,6.8165,1.0,0.0,0.0,0.0,0.0
1952,849.36,786.5,1119.2,773.7,-12.8,0.0,6.8165,0.0,-786.5,0.0,6.8165,0.0,-786.5,0.0,6.8165,1.0,0.0,0.0,0.0,0.0
1953,849.58,777.85,1116.8,779.85,2.0,0.5901,2.2291,0.0,-777.85,0.0,6.8165,0.0,-777.85,0.0,6.8165,1.0,0.0,0.0,0.0,0.0
1954,849.8,783.6,1113.8,788.95,5.35,1.6202,1.7904,0.0,-783.6,0.0,6.8165,0.0,-783.6,0.0,6.8165,1.0,0.0,0.0,0.0,0.0
1955,850.02,789.95,1115.2,791.75,1.8,0.5534,2.2569,0.0,-789.95,0.0,6.8165,0.0,-789.95,0.0,6.8165,1.0,0.0,0.0,0.0,0.0
1956,850.24,797.5,1099.75,782.1,-15.4,0.0,6.8165,0.0,-797.5,0.0,6.8165,0.0,-797.5,0.0,6.8165,1.0,0.0,0.0,0.0,0.0
1957,850.46,795.85,1105.5,798.55,2.7,0.872,2.0595,0.0,-795.85,0.0,6.8165,0.0,-795.85,0.0,6.8165,1.0,0.0,0.0,0.0,0.0
1958,850.68,795.9,1108.65,780.75,-15.15,0.0,6.8165,0.0,-795.9,0.0,6.8165,0.0,-795.9,0.0,6.8165,1.0,0.0,0.0,0.0,0.0
1959,850.9,782.1,1104.9,776.1,-6.0,0.0,6.8165,0.0,-782.1,0.0,6.8165,0.0,-782.1,0.0,6.8165,1.0,0.0,0.0,0.0,0.0
1960,851.12,789.3,1101.0,778.5,-10.8,0.0,6.8165,0.0,-789.3,0.0,6.8165,0.0,-789.3,0.0,6.8165,1.0,0.0,0.0,0.0,0.0
1961,851.34,766.65,1112.8,794.25,27.6,7.9734,1.0984,0.0,-766.65,0.0,6.8165,0.0,-766.65,0.0,6.8165,1.0,0.0,0.0,0.0,0.0
1962,851.56,779.85,1113.25,783.7,3.85,1.1548,1.9375,0.0,-779.85,0.0,6.8165,0.0,-779.85,0.0,6.8165,1.0,0.0,0.0,0.0,0.0
1963,851.78,791.5,1076.7,779.1,-12.4,0.0,6.8165,0.0,-791.5,0.0,6.8165,0.0,-791.5,0.0,6.8165,1.0,0.0,0.0,0.0,0.0
1964,852.0,782.25,1106.65,788.25,6.0,1.8496,1.7329,0.0,-782.25,0.0,6.8165,0.0,-782.25,0.0,6.8165,1.0,0.0,0.0,0.0,0.0
1965,852.21,769.8,1096.15,762.0,-7.8,0.0,6.8165,0.0,-769.8,0.0,6.8165,0.0,-769.8,0.0,6.8165,1.0,0.0,0.0,0.0,0.0
1966,852.43,782.4,1108.4,770.7,-11.7,0.0,6.8165,0.0,-782.4,0.0,6.8165,0.0,-782.4,0.0,6.8165,1.0,0.0,0.0,0.0,0.0
1967,852.65,789.0,1087.25,776.0,-13.0,0.0,6.8165,0.0,-789.0,0.0,6.8165,0.0,-789.0,0.0,6.8165,1.0,0.0,0.0,0.0,0.0
1968,852.87,787.75,1105.55,769.5,-18.25,0.0,6.8165,0.0,-787.75,0.0,6.8165,0.0,-787.75,0.0,6.8165,1.0,0.0,0.0,0.0,0.0
1969,853.09,786.3,1089.55,784.0,-2.3,0.0,6.8165,0.0,-786.3,0.0,6.8165,0.0,-786.3,0.0,6.8165,1.0,0.0,0.0,0.0,0.0
1970,853.31,792.55,1098.1,772.65,-19.9,0.0,6.8165,0.0,-792.55,0.0,6.8165,0.0,-792.55,0.0,6.8165,1.0,0.0,0.0,0.0,0.0
1971,853.53,779.5,1105.3,794.7,15.2,4.6654,1.3311,0.0,-779.5,0.0,6.8165,0.0,-779.5,0.0,6.8165,1.0,0.0,0.0,0.0,0.0
1972,853.74,780.45,1105.85,799.05,18.6,5.716,1.2429,0.0,-780.45,0.0,6.8165,0.0,-780.45,0.0,6.8165,1.0,0.0,0.0,0.0,0.0
1973,853.96,769.85,1102.5,792.55,22.7,6.824,1.166,0.0,-769.85,0.0,6.8165,0.0,-769.85,0.0,6.8165,1.0,0.0,0.0,0.0,0.0
1974,854.18,794.4,1112.0,788.2,-6.2,0.0,6.8165,0.0,-794.4,0.0,6.8165,0.0,-794.4,0.0,6.8165,1.0,0.0,0.0,0.0,0.0
1975,854.4,795.4,1086.85,786.5,-8.9,0.0,6.8165,0.0,-795.4,0.0,6.8165,0.0,-795.4,0.0,6.8165,1.0,0.0,0.0,0.0,0.0
1976,854.62,797.45,1094.45,786.6,-10.85,0.0,6.8165,0.0,-797.45,0.0,6.8165,0.0,-797.45,0.0,6.8165,1.0,0.0,0.0,0.0,0.0
1977,854.83,785.1,1080.35,789.95,4.85,1.6427,1.7844,0.0,-785.1,0.0,6.8165,0.0,-785.1,0.0,6.8165,1.0,0.0,0.0,0.0,0.0
1978,855.05,787.9,1096.45,776.3,-11.6,0.0,6.8165,0.0,-787.9,0.0,6.8165,0.0,-787.9,0.0,6.8165,1.0,0.0,0.0,0.0,0.0
1979,855.27,790.8,1079.85,784.25,-6.55,0.0,6.8165,0.0,-790.8,0.0,6.8165,0.0,-790.8,0.0,6.8165,1.0,0.0,0.0,0.0,0.0
1980,855.49,778.4,1092.15,777.7,-0.7,0.0,6.8165,0.0,-778.4,0.0,6.8165,0.0,-778.4,0.0,6.8165,1.0,0.0,0.0,0.0,0.0
1981,855.71,790.3,1063.25,770.8,-19.5,0.0,6.8165,0.0,-790.3,0.0,6.8165,0.0,-790.3,0.0,6.8165,1.0,0.0,0.0,0.0,0.0
1982,855.92,778.6,1081.0,779.25,0.65,0.2149,2.6677,0.0,-778.6,0.0,6.8165,0.0,-778.6,0.0,6.8165,1.0,0.0,0.0,0.0,0.0
1983,856.14,796.7,1068.0,782.25,-14.45,0.0,6.8165,0.0,-796.7,0.0,6.8165,0.0,-796.7,0.0,6.8165,1.0,0.0,0.0,0.0,0.0
1984,856.36,784.95,1080.15,784.4,-0.55,0.0,6.8165,0.0,-784.95,0.0,6.8165,0.0,-784.95,0.0,6.8165,1.0,0.0,0.0,0.0,0.0
1985,856.57,791.7,1070.85,790.15,-1.55,0.0,6.8165,0.0,-791.7,0.0,6.8165,0.0,-791.7,0.0,6.8165,1.0,0.0,0.0,0.0,0.0
1986,856.79,789.9,1058.0,783.95,-5.95,0.0,6.8165,0.0,-789.9,0.0,6.8165,0.0,-789.9,0.0,6.8165,1.0,0.0,0.0,0.0,0.0
1987,857.01,781.45,1069.7,781.25,-0.2,0.0,6.8165,0.0,-781.45,0.0,6.8165,0.0,-781.45,0.0,6.8165,1.0,0.0,0.0,0.0,0.0
1988,857.22,795.8,1083.65,788.2,-7.6,0.0,6.8165,0.0,-795.8,0.0,6.8165,0.0,-795.8,0.0,6.8165,1.0,0.0,0.0,0.0,0.0
1989,857.44,782.75,1085.15,777.8,-4.95,0.0,6.8165,0.0,-782.75,0.0,6.8165,0.0,-782.75,0.0,6.8165,1.0,0.0,0.0,0.0,0.0
1990,857.66,787.0,1068.9,760.0,-27.0,0.0,6.8165,0.0,-787.0,0.0,6.8165,0.0,-787.0,0.0,6.8165,1.0,0.0,0.0,0.0,0.0
1991,857.87,772.35,1080.4,786.55,14.2,4.6096,1.3363,0.0,-772.35,0.0,6.8165,0.0,-772.35,0.0,6.8165,1.0,0.0,0.0,0.0,0.0
1992,858.09,794.8,1047.35,775.55,-19.25,0.0,6.8165,0.0,-794.8,0.0,6.8165,0.0,-794.8,0.0,6.8165,1.0,0.0,0.0,0.0,0.0
1993,858.31,796.25,1063.75,778.55,-17.7,0.0,6.8165,0.0,-796.25,0.0,6.8165,0.0,-796.25,0.0,6.8165,1.0,0.0,0.0,0.0,0.0
1994,858.52,787.8,1069.9,779.65,-8.15,0.0,6.8165,0.0,-787.8,0.0,6.8165,0.0,-787.8,0.0,6.8165,1.0,0.0,0.0,0.0,0.0
1995,858.74,775.8,1073.5,754.75,-21.05,0.0,6.8165,0.0,-775.8,0.0,6.8165,0.0,-775.8,0.0,6.8165,1.0,0.0,0.0,0.0,0.0
1996,858.95,782.8,1048.25,773.25,-9.55,0.0,6.8165,0.0,-782.8,0.0,6.8165,0.0,-782.8,0.0,6.8165,1.0,0.0,0.0,0.0,0.0
1997,859.17,773.3,1062.0,772.35,-0.95,0.0,6.8165,0.0,-773.3,0.0,6.8165,0.0,-773.3,0.0,6.8165,1.0,0.0,0.0,0.0,0.0
1998,859.39,773.25,1059.4,790.05,16.8,5.871,1.2313,0.0,-773.25,0.0,6.8165,0.0,-773.25,0.0,6.8165,1.0,0.0,0.0,0.0,0.0
1999,859.6,780.75,1066.85,770.6,-10.15,0.0,6.8165,0.0,-780.75,0.0,6.8165,0.0,-780.75,0.0,6.8165,1.0,0.0,0.0,0.0,0.0
2000,859.82,793.3,1071.55,764.45,-28.85,0.0,6.8165,0.0,-793.3,0.0,6.8165,0.0,-793.3,0.0,6.8165,1.0,0.0,0.0,0.0,0.0
2001,860.03,783.6,1057.9,763.2,-20.4,0.0,6.8165,0.0,-783.6,0.0,6.8165,0.0,-783.6,0.0,6.8165,1.0,0.0,0.0,0.0,0.0
2002,860.25,799.45,1049.85,782.7,-16.75,0.0,6.8165,0.0,-799.45,0.0,6.8165,0.0,-799.45,0.0,6.8165,1.0,0.0,0.0,0.0,0.0
2003,860.46,785.9,1044.9,773.65,-12.25,0.0,6.8165,0.0,-785.9,0.0,6.8165,0.0,-785.9,0.0,6.8165,1.0,0.0,0.0,0.0,0.0
2004,860.68,786.15,1046.75,773.4,-12.75,0.0,6.8165,0.0,-786.15,0.0,6.8165,0.0,-786.15,0.0,6.8165,1.0,0.0,0.0,0.0,0.0
2005,860.89,779.4,1035.5,771.0,-8.4,0.0,6.8165,0.0,-779.4,0.0,6.8165,0.0,-779.4,0.0,6.8165,1.0,0.0,0.0,0.0,0.0
2006,861.11,786.0,1053.5,780.45,-5.55,0.0,6.8165,0.0,-786.0,0.0,6.8165,0.0,-786.0,0.0,6.8165,1.0,0.0,0.0,0.0,0.0
2007,861.32,790.7,1050.25,776.2,-14.5,0.0,6.8165,0.0,-790.7,0.0,6.8165,0.0,-790.7,0.0,6.8165,1.0,0.0,0.0,0.0,0.0
2008,861.54,788.4,1039.75,758.25,-30.15,0.0,6.8165,0.0,-788.4,0.0,6.8165,0.0,-788.4,0.0,6.8165,1.0,0.0,0.0,0.0,0.0
2009,861.75,779.3,1030.7,762.35,-16.95,0.0,6.8165,0.0,-779.3,0.0,6.8165,0.0,-779.3,0.0,6.8165,1.0,0.0,0.0,0.0,0.0
2010,861.96,795.95,1019.1,775.9,-20.05,0.0,6.8165,0.0,-795.95,0.0,6.8165,0.0,-795.95,0.0,6.8165,1.0,0.0,0.0,0.0,0.0
2011,862.18,800.85,1027.9,778.3,-22.55,0.0,6.8165,0.0,-800.85,0.0,6.8165,0.0,-800.85,0.0,6.8165,1.0,0.0,0.0,0.0,0.0
2012,862.39,788.85,1029.4,773.95,-14.9,0.0,6.8165,0.0,-788.85,0.0,6.8165,0.0,-788.85,0.0,6.8165,1.0,0.0,0.0,0.0,0.0
2013,862.61,775.25,1028.95,770.3,-4.95,0.0,6.8165,0.0,-775.25,0.0,6.8165,0.0,-775.25,0.0,6.8165,1.0,0.0,0.0,0.0,0.0
2014,862.82,773.15,1024.45,776.4,3.25,1.2933,1.8883,0.0,-773.15,0.0,6.8165,0.0,-773.15,0.0,6.8165,1.0,0.0,0.0,0.0,0.0
2015,863.03,775.6,1016.25,765.75,-9.85,0.0,6.8165,0.0,-775.6,0.0,6.8165,0.0,-775.6,0.0,6.8165,1.0,0.0,0.0,0.0,0.0
2016,863.25,783.7,1014.05,750.3,-33.4,0.0,6.8165,0.0,-783.7,0.0,6.8165,0.0,-783.7,0.0,6.8165,1.0,0.0,0.0,0.0,0.0
2017,863.46,789.85,1008.0,770.25,-19.6,0.0,6.8165,0.0,-789.85,0.0,6.8165,0.0,-789.85,0.0,6.8165,1.0,0.0,0.0,0.0,0.0
2018,863.68,773.8,1019.45,767.15,-6.65,0.0,6.8165,0.0,-773.8,0.0,6.8165,0.0,-773.8,0.0,6.8165,1.0,0.0,0.0,0.0,0.0
2019,863.89,769.4,1006.65,777.3,7.9,3.3298,1.4776,0.0,-769.4,0.0,6.8165,0.0,-769.4,0.0,6.8165,1.0,0.0,0.0,0.0,0.0
2020,864.1,775.15,1001.45,761.1,-14.05,0.0,6.8165,0.0,-775.15,0.0,6.8165,0.0,-775.15,0.0,6.8165,1.0,0.0,0.0,0.0,0.0
2021,864.32,780.3,993.0,775.6,-4.7,0.0,6.8165,0.0,-780.3,0.0,6.8165,0.0,-780.3,0.0,6.8165,1.0,0.0,0.0,0.0,0.0
2022,864.53,792.95,1004.8,774.65,-18.3,0.0,6.8165,0.0,-792.95,0.0,6.8165,0.0,-792.95,0.0,6.8165,1.0,0.0,0.0,0.0,0.0
2023,864.74,782.15,995.35,780.1,-2.05,0.0,6.8165,0.0,-782.15,0.0,6.8165,0.0,-782.15,0.0,6.8165,1.0,0.0,0.0,0.0,0.0
2024,864.95,775.65,1009.35,775.7,0.05,0.0214,3.6697,0.0,-775.65,0.0,6.8165,0.0,-775.65,0.0,6.8165,1.0,0.0,0.0,0.0,0.0
2025,865.17,793.55,1021.75,765.6,-27.95,0.0,6.8165,0.0,-793.55,0.0,6.8165,0.0,-793.55,0.0,6.8165,1.0,0.0,0.0,0.0,0.0
2026,865.38,795.05,1007.7,788.55,-6.5,0.0,6.8165,0.0,-795.05,0.0,6.8165,0.0,-795.05,0.0,6.8165,1.0,0.0,0.0,0.0,0.0
2027,865.59,799.95,994.75,776.45,-23.5,0.0,6.8165,0.0,-799.95,0.0,6.8165,0.0,-799.95,0.0,6.8165,1.0,0.0,0.0,0.0,0.0
2028,865.81,790.2,1005.55,782.75,-7.45,0.0,6.8165,0.0,-790.2,0.0,6.8165,0.0,-790.2,0.0,6.8165,1.0,0.0,0.0,0.0,0.0
2029,866.02,789.25,1004.9,783.95,-5.3,0.0,6.8165,0.0,-789.25,0.0,6.8165,0.0,-789.25,0.0,6.8165,1.0,0.0,0.0,0.0,0.0
2030,866.23,798.75,985.1,780.5,-18.25,0.0,6.8165,0.0,-798.75,0.0,6.8165,0.0,-798.75,0.0,6.8165,1.0,0.0,0.0,0.0,0.0
2031,866.44,786.25,996.1,774.75,-11.5,0.0,6.8165,0.0,-786.25,0.0,6.8165,0.0,-786.25,0.0,6.8165,1.0,0.0,0.0,0.0,0.0
2032,866.65,788.25,991.65,774.4,-13.85,0.0,6.8165,0.0,-788.25,0.0,6.8165,0.0,-788.25,0.0,6.8165,1.0,0.0,0.0,0.0,0.0
2033,866.87,795.8,990.05,763.55,-32.25,0.0,6.8165,0.0,-795.8,0.0,6.8165,0.0,-795.8,0.0,6.8165,1.0,0.0,0.0,0.0,0.0
2034,867.08,790.1,992.65,770.5,-19.6,0.0,6.8165,0.0,-790.1,0.0,6.8165,0.0,-790.1,0.0,6.8165,1.0,0.0,0.0,0.0,0.0
2035,867.29,798.0,1003.45,771.8,-26.2,0.0,6.8165,0.0,-798.0,0.0,6.8165,0.0,-798.0,0.0,6.8165,1.0,0.0,0.0,0.0,0.0
2036,867.5,796.3,1002.95,789.25,-7.05,0.0,6.8165,0.0,-796.3,0.0,6.8165,0.0,-796.3,0.0,6.8165,1.0,0.0,0.0,0.0,0.0
2037,867.71,790.6,984.55,783.65,-6.95,0.0,6.8165,0.0,-790.6,0.0,6.8165,0.0,-790.6,0.0,6.8165,1.0,0.0,0.0,0.0,0.0
2038,867.92,790.45,989.8,785.8,-4.65,0.0,6.8165,0.0,-790.45,0.0,6.8165,0.0,-790.45,0.0,6.8165,1.0,0.0,0.0,0.0,0.0
2039,868.14,802.45,963.0,773.2,-29.25,0.0,6.8165,0.0,-802.45,0.0,6.8165,0.0,-802.45,0.0,6.8165,1.0,0.0,0.0,0.0,0.0
2040,868.35,802.65,968.8,779.05,-23.6,0.0,6.8165,0.0,-802.65,0.0,6.8165,0.0,-802.65,0.0,6.8165,1.0,0.0,0.0,0.0,0.0
2041,868.56,802.25,984.25,779.25,-23.0,0.0,6.8165,0.0,-802.25,0.0,6.8165,0.0,-802.25,0.0,6.8165,1.0,0.0,0.0,0.0,0.0
2042,868.77,790.7,983.0,755.95,-34.75,0.0,6.8165,0.0,-790.7,0.0,6.8165,0.0,-790.7,0.0,6.8165,1.0,0.0,0.0,0.0,0.0
2043,868.98,790.5,977.75,786.95,-3.55,0.0,6.8165,0.0,-790.5,0.0,6.8165,0.0,-790.5,0.0,6.8165,1.0,0.0,0.0,0.0,0.0
2044,869.19,797.75,994.05,779.0,-18.75,0.0,6.8165,0.0,-797.75,0.0,6.8165,0.0,-797.75,0.0,6.8165,1.0,0.0,0.0,0.0,0.0
2045,869.4,775.65,995.45,781.85,6.2,2.8207,1.5496,0.0,-775.65,0.0,6.8165,0.0,-775.65,0.0,6.8165,1.0,0.0,0.0,0.0,0.0
2046,869.61,785.15,968.95,779.1,-6.05,0.0,6.8165,0.0,-785.15,0.0,6.8165,0.0,-785.15,0.0,6.8165,1.0,0.0,0.0,0.0,0.0
2047,869.82,784.3,986.9,780.0,-4.3,0.0,6.8165,0.0,-784.3,0.0,6.8165,0.0,-784.3,0.0,6.8165,1.0,0.0,0.0,0.0,0.0
