Pixel,Wavelength,Dark,Reference,Raw data #1,Dark Subtracted #1,%TR #1,Absorbance #1,Raw data #2,Dark Subtracted #2,%TR #2,Absorbance #2,Raw data #3,Dark Subtracted #3,%TR #3,Absorbance #3,Errands Ref,Errands Fit,Irradiance_1,Irradiance_2,Irradiance_3
0,231.94,782.05,781.2,765.35,-16.7,110.0,-0.0414,0.0,-782.05,110.0,-0.0414,0.0,-782.05,110.0,-0.0414,1.0,0.0,0.0,0.0,0.0
1,232.35,782.05,781.2,765.35,-16.7,110.0,-0.0414,0.0,-782.05,110.0,-0.0414,0.0,-782.05,110.0,-0.0414,1.0,0.0,0.0,0.0,0.0
2,232.76,785.25,784.8,755.65,-29.6,110.0,-0.0414,0.0,-785.25,110.0,-0.0414,0.0,-785.25,110.0,-0.0414,1.0,0.0,0.0,0.0,0.0
3,233.16,738.4,747.1,718.1,-20.3,0.0,6.8165,0.0,-738.4,0.0,6.8165,0.0,-738.4,0.0,6.8165,1.0,0.0,0.0,0.0,0.0
4,233.57,795.0,782.1,780.1,-14.9,110.0,-0.0414,0.0,-795.0,110.0,-0.0414,0.0,-795.0,110.0,-0.0414,1.0,0.0,0.0,0.0,0.0
5,233.98,788.2,796.1,766.2,-22.0,0.0,6.8165,0.0,-788.2,110.0,-0.0414,0.0,-788.2,110.0,-0.0414,1.0,0.0,0.0,0.0,0.0
6,234.38,789.6,776.05,772.4,-17.2,110.0,-0.0414,0.0,-789.6,110.0,-0.0414,0.0,-789.6,110.0,-0.0414,1.0,0.0,0.0,0.0,0.0
7,234.79,815.2,780.4,776.85,-38.35,110.0,-0.0414,0.0,-815.2,110.0,-0.0414,0.0,-815.2,110.0,-0.0414,1.0,0.0,0.0,0.0,0.0
8,235.2,809.95,775.5,772.25,-37.7,109.434,-0.0392,0.0,-809.95,110.0,-0.0414,0.0,-809.95,110.0,-0.0414,1.0,0.0,0.0,0.0,0.0
9,235.6,796.0,795.1,772.95,-23.05,110.0,-0.0414,0.0,-796.0,110.0,-0.0414,0.0,-796.0,110.0,-0.0414,1.0,0.0,0.0,0.0,0.0
10,236.01,786.6,782.2,773.1,-13.5,110.0,-0.0414,0.0,-786.6,110.0,-0.0414,0.0,-786.6,110.0,-0.0414,1.0,0.0,0.0,0.0,0.0
11,236.41,799.65,780.05,776.55,-23.1,110.0,-0.0414,0.0,-799.65,110.0,-0.0414,0.0,-799.65,110.0,-0.0414,1.0,0.0,0.0,0.0,0.0
12,236.82,790.15,788.95,780.45,-9.7,110.0,-0.0414,0.0,-790.15,0.0,6.8165,0.0,-790.15,0.0,6.8165,1.0,0.0,0.0,0.0,0.0
13,237.23,798.5,775.55,779.0,-19.5,84.9673,0.0707,0.0,-798.5,110.0,-0.0414,0.0,-798.5,110.0,-0.0414,1.0,0.0,0.0,0.0,0.0
14,237.63,798.75,751.95,788.45,-10.3,22.0085,0.6574,0.0,-798.75,110.0,-0.0414,0.0,-798.75,110.0,-0.0414,1.0,0.0,0.0,0.0,0.0
15,238.04,786.85,791.75,785.2,-1.65,0.0,6.8165,0.0,-786.85,110.0,-0.0414,0.0,-786.85,110.0,-0.0414,1.0,0.0,0.0,0.0,0.0
16,238.44,797.85,773.85,772.15,-25.7,107.0833,-0.0297,0.0,-797.85,110.0,-0.0414,0.0,-797.85,110.0,-0.0414,1.0,0.0,0.0,0.0,0.0
17,238.85,788.65,779.45,779.6,-9.05,98.3696,0.0071,0.0,-788.65,110.0,-0.0414,0.0,-788.65,110.0,-0.0414,1.0,0.0,0.0,0.0,0.0
18,239.25,802.4,780.55,765.6,-36.8,110.0,-0.0414,0.0,-802.4,110.0,-0.0414,0.0,-802.4,110.0,-0.0414,1.0,0.0,0.0,0.0,0.0
19,239.66,782.85,761.9,768.3,-14.55,69.4511,0.1583,0.0,-782.85,110.0,-0.0414,0.0,-782.85,110.0,-0.0414,1.0,0.0,0.0,0.0,0.0
20,240.07,775.7,758.0,779.6,3.9,0.0,6.8165,0.0,-775.7,110.0,-0.0414,0.0,-775.7,110.0,-0.0414,1.0,0.0,0.0,0.0,0.0
21,240.47,781.7,777.0,769.45,-12.25,110.0,-0.0414,0.0,-781.7,110.0,-0.0414,0.0,-781.7,110.0,-0.0414,1.0,0.0,0.0,0.0,0.0
22,240.88,789.25,776.0,785.25,-4.0,30.1887,0.5202,0.0,-789.25,110.0,-0.0414,0.0,-789.25,110.0,-0.0414,1.0,0.0,0.0,0.0,0.0
23,241.28,770.8,792.2,760.65,-10.15,0.0,6.8165,0.0,-770.8,0.0,6.8165,0.0,-770.8,0.0,6.8165,1.0,0.0,0.0,0.0,0.0
24,241.69,792.35,775.7,766.25,-26.1,110.0,-0.0414,0.0,-792.35,110.0,-0.0414,0.0,-792.35,110.0,-0.0414,1.0,0.0,0.0,0.0,0.0
25,242.09,790.1,765.4,768.65,-21.45,86.8421,0.0613,0.0,-790.1,110.0,-0.0414,0.0,-790.1,110.0,-0.0414,1.0,0.0,0.0,0.0,0.0
26,242.5,790.45,781.45,774.85,-15.6,110.0,-0.0414,0.0,-790.45,110.0,-0.0414,0.0,-790.45,110.0,-0.0414,1.0,0.0,0.0,0.0,0.0
27,242.9,786.45,787.95,769.6,-16.85,0.0,6.8165,0.0,-786.45,110.0,-0.0414,0.0,-786.45,110.0,-0.0414,1.0,0.0,0.0,0.0,0.0
28,243.3,788.4,786.5,767.8,-20.6,110.0,-0.0414,0.0,-788.4,110.0,-0.0414,0.0,-788.4,110.0,-0.0414,1.0,0.0,0.0,0.0,0.0
29,243.71,791.3,778.95,770.45,-20.85,110.0,-0.0414,0.0,-791.3,110.0,-0.0414,0.0,-791.3,110.0,-0.0414,1.0,0.0,0.0,0.0,0.0
30,244.11,785.55,782.85,774.7,-10.85,110.0,-0.0414,0.0,-785.55,110.0,-0.0414,0.0,-785.55,110.0,-0.0414,1.0,0.0,0.0,0.0,0.0
31,244.52,786.7,777.15,782.1,-4.6,48.1675,0.3172,0.0,-786.7,110.0,-0.0414,0.0,-786.7,110.0,-0.0414,1.0,0.0,0.0,0.0,0.0
32,244.92,791.0,769.3,765.75,-25.25,110.0,-0.0414,0.0,-791.0,110.0,-0.0414,0.0,-791.0,110.0,-0.0414,1.0,0.0,0.0,0.0,0.0
33,245.33,788.9,782.85,764.25,-24.65,110.0,-0.0414,0.0,-788.9,0.0,6.8165,0.0,-788.9,0.0,6.8165,1.0,0.0,0.0,0.0,0.0
34,245.73,769.8,762.9,765.75,-4.05,58.6957,0.2314,0.0,-769.8,0.0,6.8165,0.0,-769.8,0.0,6.8165,1.0,0.0,0.0,0.0,0.0
35,246.13,778.15,791.4,774.0,-4.15,0.0,6.8165,0.0,-778.15,0.0,6.8165,0.0,-778.15,0.0,6.8165,1.0,0.0,0.0,0.0,0.0
36,246.54,796.3,854.7,804.7,8.4,14.3836,0.8421,0.0,-796.3,0.0,6.8165,0.0,-796.3,0.0,6.8165,1.0,0.0,0.0,0.0,0.0
37,246.94,783.05,842.4,785.2,2.15,3.6226,1.441,0.0,-783.05,0.0,6.8165,0.0,-783.05,0.0,6.8165,1.0,0.0,0.0,0.0,0.0
38,247.35,783.4,852.25,795.9,12.5,18.1554,0.741,0.0,-783.4,0.0,6.8165,0.0,-783.4,0.0,6.8165,1.0,0.0,0.0,0.0,0.0
39,247.75,786.45,860.8,796.75,10.3,13.8534,0.8584,0.0,-786.45,0.0,6.8165,0.0,-786.45,0.0,6.8165,1.0,0.0,0.0,0.0,0.0
40,248.15,784.7,857.45,791.15,6.45,8.866,1.0523,0.0,-784.7,0.0,6.8165,0.0,-784.7,0.0,6.8165,1.0,0.0,0.0,0.0,0.0
41,248.56,797.0,868.95,796.9,-0.1,0.0,6.8165,0.0,-797.0,0.0,6.8165,0.0,-797.0,0.0,6.8165,1.0,0.0,0.0,0.0,0.0
42,248.96,791.6,841.65,800.15,8.55,17.0829,0.7674,0.0,-791.6,0.0,6.8165,0.0,-791.6,0.0,6.8165,1.0,0.0,0.0,0.0,0.0
43,249.36,792.55,852.15,798.4,5.85,9.8154,1.0081,0.0,-792.55,0.0,6.8165,0.0,-792.55,0.0,6.8165,1.0,0.0,0.0,0.0,0.0
44,249.77,775.25,841.25,795.95,20.7,31.3636,0.5036,0.0,-775.25,0.0,6.8165,0.0,-775.25,0.0,6.8165,1.0,0.0,0.0,0.0,0.0
45,250.17,791.15,856.3,779.05,-12.1,0.0,6.8165,0.0,-791.15,0.0,6.8165,0.0,-791.15,0.0,6.8165,1.0,0.0,0.0,0.0,0.0
46,250.57,788.25,848.6,787.9,-0.35,0.0,6.8165,0.0,-788.25,0.0,6.8165,0.0,-788.25,0.0,6.8165,1.0,0.0,0.0,0.0,0.0
47,250.97,787.55,854.25,784.7,-2.85,0.0,6.8165,0.0,-787.55,0.0,6.8165,0.0,-787.55,0.0,6.8165,1.0,0.0,0.0,0.0,0.0
48,251.38,787.1,845.05,802.75,15.65,27.006,0.5685,0.0,-787.1,0.0,6.8165,0.0,-787.1,0.0,6.8165,1.0,0.0,0.0,0.0,0.0
49,251.78,791.0,860.6,792.85,1.85,2.658,1.5754,0.0,-791.0,0.0,6.8165,0.0,-791.0,0.0,6.8165,1.0,0.0,0.0,0.0,0.0
50,252.18,780.65,866.7,794.95,14.3,16.6182,0.7794,0.0,-780.65,0.0,6.8165,0.0,-780.65,0.0,6.8165,1.0,0.0,0.0,0.0,0.0
51,252.59,780.0,852.75,783.3,3.3,4.5361,1.3433,0.0,-780.0,0.0,6.8165,0.0,-780.0,0.0,6.8165,1.0,0.0,0.0,0.0,0.0
52,252.99,783.45,862.85,793.95,10.5,13.2242,0.8786,0.0,-783.45,0.0,6.8165,0.0,-783.45,0.0,6.8165,1.0,0.0,0.0,0.0,0.0
53,253.39,780.7,854.45,781.35,0.65,0.8814,2.0548,0.0,-780.7,0.0,6.8165,0.0,-780.7,0.0,6.8165,1.0,0.0,0.0,0.0,0.0
54,253.79,784.9,857.7,793.1,8.2,11.2637,0.9483,0.0,-784.9,0.0,6.8165,0.0,-784.9,0.0,6.8165,1.0,0.0,0.0,0.0,0.0
55,254.2,780.95,862.9,785.55,4.6,5.6132,1.2508,0.0,-780.95,0.0,6.8165,0.0,-780.95,0.0,6.8165,1.0,0.0,0.0,0.0,0.0
56,254.6,787.2,854.3,799.45,12.25,18.2563,0.7386,0.0,-787.2,0.0,6.8165,0.0,-787.2,0.0,6.8165,1.0,0.0,0.0,0.0,0.0
57,255.0,784.4,859.85,792.55,8.15,10.8019,0.9665,0.0,-784.4,0.0,6.8165,0.0,-784.4,0.0,6.8165,1.0,0.0,0.0,0.0,0.0
58,255.4,794.15,870.55,794.7,0.55,0.7199,2.1427,0.0,-794.15,0.0,6.8165,0.0,-794.15,0.0,6.8165,1.0,0.0,0.0,0.0,0.0
59,255.8,797.5,849.8,799.1,1.6,3.0593,1.5144,0.0,-797.5,0.0,6.8165,0.0,-797.5,0.0,6.8165,1.0,0.0,0.0,0.0,0.0
60,256.2,805.65,840.15,788.95,-16.7,0.0,6.8165,0.0,-805.65,0.0,6.8165,0.0,-805.65,0.0,6.8165,1.0,0.0,0.0,0.0,0.0
61,256.61,793.5,862.5,792.5,-1.0,0.0,6.8165,0.0,-793.5,0.0,6.8165,0.0,-793.5,0.0,6.8165,1.0,0.0,0.0,0.0,0.0
62,257.01,789.55,868.4,792.55,3.0,3.8047,1.4197,0.0,-789.55,0.0,6.8165,0.0,-789.55,0.0,6.8165,1.0,0.0,0.0,0.0,0.0
63,257.41,787.9,850.75,769.95,-17.95,0.0,6.8165,0.0,-787.9,0.0,6.8165,0.0,-787.9,0.0,6.8165,1.0,0.0,0.0,0.0,0.0
64,257.81,799.65,860.7,799.0,-0.65,0.0,6.8165,0.0,-799.65,0.0,6.8165,0.0,-799.65,0.0,6.8165,1.0,0.0,0.0,0.0,0.0
65,258.21,790.35,859.15,806.85,16.5,23.9826,0.6201,0.0,-790.35,0.0,6.8165,0.0,-790.35,0.0,6.8165,1.0,0.0,0.0,0.0,0.0
66,258.61,765.85,850.75,800.95,35.1,41.3428,0.3836,0.0,-765.85,0.0,6.8165,0.0,-765.85,0.0,6.8165,1.0,0.0,0.0,0.0,0.0
67,259.01,790.8,852.1,798.6,7.8,12.7243,0.8954,0.0,-790.8,0.0,6.8165,0.0,-790.8,0.0,6.8165,1.0,0.0,0.0,0.0,0.0
68,259.42,784.45,866.55,779.7,-4.75,0.0,6.8165,0.0,-784.45,0.0,6.8165,0.0,-784.45,0.0,6.8165,1.0,0.0,0.0,0.0,0.0
69,259.82,794.55,852.55,788.05,-6.5,0.0,6.8165,0.0,-794.55,0.0,6.8165,0.0,-794.55,0.0,6.8165,1.0,0.0,0.0,0.0,0.0
70,260.22,803.15,859.9,795.9,-7.25,0.0,6.8165,0.0,-803.15,0.0,6.8165,0.0,-803.15,0.0,6.8165,1.0,0.0,0.0,0.0,0.0
71,260.62,784.7,858.65,801.0,16.3,22.0419,0.6568,0.0,-784.7,0.0,6.8165,0.0,-784.7,0.0,6.8165,1.0,0.0,0.0,0.0,0.0
72,261.02,791.5,847.55,799.25,7.75,13.8269,0.8593,0.0,-791.5,0.0,6.8165,0.0,-791.5,0.0,6.8165,1.0,0.0,0.0,0.0,0.0
73,261.42,798.45,867.4,787.95,-10.5,0.0,6.8165,0.0,-798.45,0.0,6.8165,0.0,-798.45,0.0,6.8165,1.0,0.0,0.0,0.0,0.0
74,261.82,780.95,850.0,782.15,1.2,1.7379,1.76,0.0,-780.95,0.0,6.8165,0.0,-780.95,0.0,6.8165,1.0,0.0,0.0,0.0,0.0
75,262.22,781.65,864.3,775.4,-6.25,0.0,6.8165,0.0,-781.65,0.0,6.8165,0.0,-781.65,0.0,6.8165,1.0,0.0,0.0,0.0,0.0
76,262.62,794.1,841.05,788.5,-5.6,0.0,6.8165,0.0,-794.1,0.0,6.8165,0.0,-794.1,0.0,6.8165,1.0,0.0,0.0,0.0,0.0
77,263.02,791.0,852.7,794.75,3.75,6.0778,1.2163,0.0,-791.0,0.0,6.8165,0.0,-791.0,0.0,6.8165,1.0,0.0,0.0,0.0,0.0
78,263.42,792.75,851.0,805.45,12.7,21.8026,0.6615,0.0,-792.75,0.0,6.8165,0.0,-792.75,0.0,6.8165,1.0,0.0,0.0,0.0,0.0
79,263.82,803.75,865.35,810.4,6.65,10.7955,0.9668,0.0,-803.75,0.0,6.8165,0.0,-803.75,0.0,6.8165,1.0,0.0,0.0,0.0,0.0
80,264.22,790.95,870.0,784.1,-6.85,0.0,6.8165,0.0,-790.95,0.0,6.8165,0.0,-790.95,0.0,6.8165,1.0,0.0,0.0,0.0,0.0
81,264.62,789.0,879.95,776.75,-12.25,0.0,6.8165,0.0,-789.0,0.0,6.8165,0.0,-789.0,0.0,6.8165,1.0,0.0,0.0,0.0,0.0
82,265.02,789.85,858.75,776.05,-13.8,0.0,6.8165,0.0,-789.85,0.0,6.8165,0.0,-789.85,0.0,6.8165,1.0,0.0,0.0,0.0,0.0
83,265.42,784.05,862.1,797.05,13.0,16.656,0.7784,0.0,-784.05,0.0,6.8165,0.0,-784.05,0.0,6.8165,1.0,0.0,0.0,0.0,0.0
84,265.82,773.95,856.65,800.15,26.2,31.6808,0.4992,0.0,-773.95,0.0,6.8165,0.0,-773.95,0.0,6.8165,1.0,0.0,0.0,0.0,0.0
85,266.22,784.25,871.75,782.3,-1.95,0.0,6.8165,0.0,-784.25,0.0,6.8165,0.0,-784.25,0.0,6.8165,1.0,0.0,0.0,0.0,0.0
86,266.62,790.4,874.7,790.7,0.3,0.3559,2.4487,0.0,-790.4,0.0,6.8165,0.0,-790.4,0.0,6.8165,1.0,0.0,0.0,0.0,0.0
87,267.02,782.75,853.9,800.75,18.0,25.2987,0.5969,0.0,-782.75,0.0,6.8165,0.0,-782.75,0.0,6.8165,1.0,0.0,0.0,0.0,0.0
88,267.42,786.6,856.5,804.45,17.85,25.5365,0.5928,0.0,-786.6,0.0,6.8165,0.0,-786.6,0.0,6.8165,1.0,0.0,0.0,0.0,0.0
89,267.82,782.75,849.2,799.45,16.7,25.1317,0.5998,0.0,-782.75,0.0,6.8165,0.0,-782.75,0.0,6.8165,1.0,0.0,0.0,0.0,0.0
90,268.22,795.9,858.75,799.65,3.75,5.9666,1.2243,0.0,-795.9,0.0,6.8165,0.0,-795.9,0.0,6.8165,1.0,0.0,0.0,0.0,0.0
91,268.62,778.65,861.65,796.4,17.75,21.3855,0.6699,0.0,-778.65,0.0,6.8165,0.0,-778.65,0.0,6.8165,1.0,0.0,0.0,0.0,0.0
92,269.01,787.8,863.35,787.85,0.05,0.0662,3.1793,0.0,-787.8,0.0,6.8165,0.0,-787.8,0.0,6.8165,1.0,0.0,0.0,0.0,0.0
93,269.41,769.2,885.45,797.4,28.2,24.2581,0.6151,0.0,-769.2,0.0,6.8165,0.0,-769.2,0.0,6.8165,1.0,0.0,0.0,0.0,0.0
94,269.81,791.55,870.85,799.4,7.85,9.8991,1.0044,0.0,-791.55,0.0,6.8165,0.0,-791.55,0.0,6.8165,1.0,0.0,0.0,0.0,0.0
95,270.21,795.05,858.1,801.45,6.4,10.1507,0.9935,0.0,-795.05,0.0,6.8165,0.0,-795.05,0.0,6.8165,1.0,0.0,0.0,0.0,0.0
96,270.61,788.35,873.5,795.2,6.85,8.0446,1.0945,0.0,-788.35,0.0,6.8165,0.0,-788.35,0.0,6.8165,1.0,0.0,0.0,0.0,0.0
97,271.01,800.5,863.5,792.25,-8.25,0.0,6.8165,0.0,-800.5,0.0,6.8165,0.0,-800.5,0.0,6.8165,1.0,0.0,0.0,0.0,0.0
98,271.41,782.9,875.9,795.95,13.05,14.0323,0.8529,0.0,-782.9,0.0,6.8165,0.0,-782.9,0.0,6.8165,1.0,0.0,0.0,0.0,0.0
99,271.81,785.65,858.45,795.4,9.75,13.3929,0.8731,0.0,-785.65,0.0,6.8165,0.0,-785.65,0.0,6.8165,1.0,0.0,0.0,0.0,0.0
100,272.2,797.05,860.85,801.35,4.3,6.7398,1.1714,0.0,-797.05,0.0,6.8165,0.0,-797.05,0.0,6.8165,1.0,0.0,0.0,0.0,0.0
101,272.6,779.25,863.35,793.5,14.25,16.9441,0.771,0.0,-779.25,0.0,6.8165,0.0,-779.25,0.0,6.8165,1.0,0.0,0.0,0.0,0.0
102,273.0,800.4,859.3,797.6,-2.8,0.0,6.8165,0.0,-800.4,0.0,6.8165,0.0,-800.4,0.0,6.8165,1.0,0.0,0.0,0.0,0.0
103,273.4,790.75,869.0,805.45,14.7,18.7859,0.7262,0.0,-790.75,0.0,6.8165,0.0,-790.75,0.0,6.8165,1.0,0.0,0.0,0.0,0.0
104,273.8,770.9,859.65,801.5,30.6,34.4789,0.4624,0.0,-770.9,0.0,6.8165,0.0,-770.9,0.0,6.8165,1.0,0.0,0.0,0.0,0.0
105,274.19,785.0,861.3,805.4,20.4,26.7366,0.5729,0.0,-785.0,0.0,6.8165,0.0,-785.0,0.0,6.8165,1.0,0.0,0.0,0.0,0.0
106,274.59,791.9,854.15,791.9,0.0,0.0,6.8165,0.0,-791.9,0.0,6.8165,0.0,-791.9,0.0,6.8165,1.0,0.0,0.0,0.0,0.0
107,274.99,800.4,871.5,801.9,1.5,2.1097,1.6758,0.0,-800.4,0.0,6.8165,0.0,-800.4,0.0,6.8165,1.0,0.0,0.0,0.0,0.0
108,275.39,788.4,860.75,797.75,9.35,12.9233,0.8886,0.0,-788.4,0.0,6.8165,0.0,-788.4,0.0,6.8165,1.0,0.0,0.0,0.0,0.0
109,275.78,764.35,875.4,785.05,20.7,18.6403,0.7295,0.0,-764.35,0.0,6.8165,0.0,-764.35,0.0,6.8165,1.0,0.0,0.0,0.0,0.0
110,276.18,775.9,870.6,792.2,16.3,17.2122,0.7642,0.0,-775.9,0.0,6.8165,0.0,-775.9,0.0,6.8165,1.0,0.0,0.0,0.0,0.0
111,276.58,780.95,873.65,794.45,13.5,14.5631,0.8367,0.0,-780.95,0.0,6.8165,0.0,-780.95,0.0,6.8165,1.0,0.0,0.0,0.0,0.0
112,276.98,782.4,868.85,800.5,18.1,20.937,0.6791,0.0,-782.4,0.0,6.8165,0.0,-782.4,0.0,6.8165,1.0,0.0,0.0,0.0,0.0
113,277.37,789.15,873.45,796.1,6.95,8.2444,1.0838,0.0,-789.15,0.0,6.8165,0.0,-789.15,0.0,6.8165,1.0,0.0,0.0,0.0,0.0
114,277.77,783.5,875.4,800.1,16.6,18.0631,0.7432,0.0,-783.5,0.0,6.8165,0.0,-783.5,0.0,6.8165,1.0,0.0,0.0,0.0,0.0
115,278.17,785.75,865.55,797.5,11.75,14.7243,0.832,0.0,-785.75,0.0,6.8165,0.0,-785.75,0.0,6.8165,1.0,0.0,0.0,0.0,0.0
116,278.56,782.45,860.6,799.1,16.65,21.3052,0.6715,0.0,-782.45,0.0,6.8165,0.0,-782.45,0.0,6.8165,1.0,0.0,0.0,0.0,0.0
117,278.96,797.5,869.8,791.55,-5.95,0.0,6.8165,0.0,-797.5,0.0,6.8165,0.0,-797.5,0.0,6.8165,1.0,0.0,0.0,0.0,0.0
118,279.36,788.75,864.9,803.25,14.5,19.0414,0.7203,0.0,-788.75,0.0,6.8165,0.0,-788.75,0.0,6.8165,1.0,0.0,0.0,0.0,0.0
119,279.75,792.7,868.1,804.9,12.2,16.1804,0.791,0.0,-792.7,0.0,6.8165,0.0,-792.7,0.0,6.8165,1.0,0.0,0.0,0.0,0.0
120,280.15,799.05,879.35,801.9,2.85,3.5492,1.4499,0.0,-799.05,0.0,6.8165,0.0,-799.05,0.0,6.8165,1.0,0.0,0.0,0.0,0.0
121,280.55,769.3,878.15,793.4,24.1,22.1406,0.6548,0.0,-769.3,0.0,6.8165,0.0,-769.3,0.0,6.8165,1.0,0.0,0.0,0.0,0.0
122,280.94,785.5,894.9,804.8,19.3,17.6417,0.7535,0.0,-785.5,0.0,6.8165,0.0,-785.5,0.0,6.8165,1.0,0.0,0.0,0.0,0.0
123,281.34,772.85,869.4,825.85,53.0,54.8938,0.2605,0.0,-772.85,0.0,6.8165,0.0,-772.85,0.0,6.8165,1.0,0.0,0.0,0.0,0.0
124,281.73,787.35,877.1,807.1,19.75,22.0056,0.6575,0.0,-787.35,0.0,6.8165,0.0,-787.35,0.0,6.8165,1.0,0.0,0.0,0.0,0.0
125,282.13,794.6,889.85,809.35,14.75,15.4856,0.8101,0.0,-794.6,0.0,6.8165,0.0,-794.6,0.0,6.8165,1.0,0.0,0.0,0.0,0.0
126,282.53,786.05,886.25,815.5,29.45,29.3912,0.5318,0.0,-786.05,0.0,6.8165,0.0,-786.05,0.0,6.8165,1.0,0.0,0.0,0.0,0.0
127,282.92,782.05,880.4,807.9,25.85,26.2837,0.5803,0.0,-782.05,0.0,6.8165,0.0,-782.05,0.0,6.8165,1.0,0.0,0.0,0.0,0.0
128,283.32,786.45,880.0,815.25,28.8,30.7857,0.5117,0.0,-786.45,0.0,6.8165,0.0,-786.45,0.0,6.8165,1.0,0.0,0.0,0.0,0.0
129,283.71,782.6,886.35,809.55,26.95,25.9759,0.5854,0.0,-782.6,0.0,6.8165,0.0,-782.6,0.0,6.8165,1.0,0.0,0.0,0.0,0.0
130,284.11,792.45,886.65,805.65,13.2,14.0127,0.8535,0.0,-792.45,0.0,6.8165,0.0,-792.45,0.0,6.8165,1.0,0.0,0.0,0.0,0.0
131,284.5,795.35,896.7,797.9,2.55,2.516,1.5993,0.0,-795.35,0.0,6.8165,0.0,-795.35,0.0,6.8165,1.0,0.0,0.0,0.0,0.0
132,284.9,787.95,892.3,808.4,20.45,19.5975,0.7078,0.0,-787.95,0.0,6.8165,0.0,-787.95,0.0,6.8165,1.0,0.0,0.0,0.0,0.0
133,285.3,783.65,877.1,804.15,20.5,21.9369,0.6588,0.0,-783.65,0.0,6.8165,0.0,-783.65,0.0,6.8165,1.0,0.0,0.0,0.0,0.0
134,285.69,779.8,881.5,809.85,30.05,29.5477,0.5295,0.0,-779.8,0.0,6.8165,0.0,-779.8,0.0,6.8165,1.0,0.0,0.0,0.0,0.0
135,286.09,798.8,893.45,811.05,12.25,12.9424,0.888,0.0,-798.8,0.0,6.8165,0.0,-798.8,0.0,6.8165,1.0,0.0,0.0,0.0,0.0
136,286.48,779.45,897.2,821.05,41.6,35.3291,0.4519,0.0,-779.45,0.0,6.8165,0.0,-779.45,0.0,6.8165,1.0,0.0,0.0,0.0,0.0
137,286.88,785.25,880.25,814.0,28.75,30.2632,0.5191,0.0,-785.25,0.0,6.8165,0.0,-785.25,0.0,6.8165,1.0,0.0,0.0,0.0,0.0
138,287.27,800.95,894.45,810.75,9.8,10.4813,0.9796,0.0,-800.95,0.0,6.8165,0.0,-800.95,0.0,6.8165,1.0,0.0,0.0,0.0,0.0
139,287.67,778.1,897.25,801.5,23.4,19.6391,0.7069,0.0,-778.1,0.0,6.8165,0.0,-778.1,0.0,6.8165,1.0,0.0,0.0,0.0,0.0
140,288.06,777.5,894.4,806.55,29.05,24.8503,0.6047,0.0,-777.5,0.0,6.8165,0.0,-777.5,0.0,6.8165,1.0,0.0,0.0,0.0,0.0
141,288.46,783.35,880.1,810.65,27.3,28.2171,0.5495,0.0,-783.35,0.0,6.8165,0.0,-783.35,0.0,6.8165,1.0,0.0,0.0,0.0,0.0
142,288.85,783.5,896.45,823.9,40.4,35.768,0.4465,0.0,-783.5,0.0,6.8165,0.0,-783.5,0.0,6.8165,1.0,0.0,0.0,0.0,0.0
143,289.24,786.9,902.25,809.8,22.9,19.8526,0.7022,0.0,-786.9,0.0,6.8165,0.0,-786.9,0.0,6.8165,1.0,0.0,0.0,0.0,0.0
144,289.64,779.05,905.4,814.3,35.25,27.8987,0.5544,0.0,-779.05,0.0,6.8165,0.0,-779.05,0.0,6.8165,1.0,0.0,0.0,0.0,0.0
145,290.03,789.5,900.5,821.7,32.2,29.009,0.5375,0.0,-789.5,0.0,6.8165,0.0,-789.5,0.0,6.8165,1.0,0.0,0.0,0.0,0.0
146,290.43,784.55,901.35,810.25,25.7,22.0034,0.6575,0.0,-784.55,0.0,6.8165,0.0,-784.55,0.0,6.8165,1.0,0.0,0.0,0.0,0.0
147,290.82,782.2,904.1,814.0,31.8,26.087,0.5836,0.0,-782.2,0.0,6.8165,0.0,-782.2,0.0,6.8165,1.0,0.0,0.0,0.0,0.0
148,291.21,793.6,908.3,815.55,21.95,19.1369,0.7181,0.0,-793.6,0.0,6.8165,0.0,-793.6,0.0,6.8165,1.0,0.0,0.0,0.0,0.0
149,291.61,785.2,915.25,811.2,26.0,19.9923,0.6991,0.0,-785.2,0.0,6.8165,0.0,-785.2,0.0,6.8165,1.0,0.0,0.0,0.0,0.0
150,292.0,793.35,903.8,828.2,34.85,31.5527,0.501,0.0,-793.35,0.0,6.8165,0.0,-793.35,0.0,6.8165,1.0,0.0,0.0,0.0,0.0
151,292.4,786.95,899.85,828.15,41.2,36.4925,0.4378,0.0,-786.95,0.0,6.8165,0.0,-786.95,0.0,6.8165,1.0,0.0,0.0,0.0,0.0
152,292.79,793.65,907.55,833.45,39.8,34.9429,0.4566,0.0,-793.65,0.0,6.8165,0.0,-793.65,0.0,6.8165,1.0,0.0,0.0,0.0,0.0
153,293.18,786.45,907.05,825.9,39.45,32.7114,0.4853,0.0,-786.45,0.0,6.8165,0.0,-786.45,0.0,6.8165,1.0,0.0,0.0,0.0,0.0
154,293.58,776.15,910.25,815.45,39.3,29.3065,0.533,0.0,-776.15,0.0,6.8165,0.0,-776.15,0.0,6.8165,1.0,0.0,0.0,0.0,0.0
155,293.97,788.6,895.2,819.9,31.3,29.3621,0.5322,0.0,-788.6,0.0,6.8165,0.0,-788.6,0.0,6.8165,1.0,0.0,0.0,0.0,0.0
156,294.36,785.55,921.8,807.65,22.1,16.2202,0.7899,0.0,-785.55,0.0,6.8165,0.0,-785.55,0.0,6.8165,1.0,0.0,0.0,0.0,0.0
157,294.76,790.6,914.05,820.75,30.15,24.4228,0.6122,0.0,-790.6,0.0,6.8165,0.0,-790.6,0.0,6.8165,1.0,0.0,0.0,0.0,0.0
158,295.15,770.45,901.85,820.05,49.6,37.7473,0.4231,0.0,-770.45,0.0,6.8165,0.0,-770.45,0.0,6.8165,1.0,0.0,0.0,0.0,0.0
159,295.54,794.4,909.2,834.6,40.2,35.0174,0.4557,0.0,-794.4,0.0,6.8165,0.0,-794.4,0.0,6.8165,1.0,0.0,0.0,0.0,0.0
160,295.94,790.45,894.25,819.8,29.35,28.2755,0.5486,0.0,-790.45,0.0,6.8165,0.0,-790.45,0.0,6.8165,1.0,0.0,0.0,0.0,0.0
161,296.33,789.0,912.15,831.25,42.25,34.3078,0.4646,0.0,-789.0,0.0,6.8165,0.0,-789.0,0.0,6.8165,1.0,0.0,0.0,0.0,0.0
162,296.72,788.65,909.6,832.9,44.25,36.5854,0.4367,0.0,-788.65,0.0,6.8165,0.0,-788.65,0.0,6.8165,1.0,0.0,0.0,0.0,0.0
163,297.11,789.0,915.2,823.85,34.85,27.6149,0.5589,0.0,-789.0,0.0,6.8165,0.0,-789.0,0.0,6.8165,1.0,0.0,0.0,0.0,0.0
164,297.51,778.95,904.1,825.2,46.25,36.9557,0.4323,0.0,-778.95,0.0,6.8165,0.0,-778.95,0.0,6.8165,1.0,0.0,0.0,0.0,0.0
165,297.9,796.95,911.25,829.5,32.55,28.4777,0.5455,0.0,-796.95,0.0,6.8165,0.0,-796.95,0.0,6.8165,1.0,0.0,0.0,0.0,0.0
166,298.29,801.25,917.75,826.2,24.95,21.4163,0.6693,0.0,-801.25,0.0,6.8165,0.0,-801.25,0.0,6.8165,1.0,0.0,0.0,0.0,0.0
167,298.68,786.7,928.9,825.8,39.1,27.4965,0.5607,0.0,-786.7,0.0,6.8165,0.0,-786.7,0.0,6.8165,1.0,0.0,0.0,0.0,0.0
168,299.08,789.95,920.9,812.2,22.25,16.9912,0.7698,0.0,-789.95,0.0,6.8165,0.0,-789.95,0.0,6.8165,1.0,0.0,0.0,0.0,0.0
169,299.47,781.75,914.55,824.85,43.1,32.4548,0.4887,0.0,-781.75,0.0,6.8165,0.0,-781.75,0.0,6.8165,1.0,0.0,0.0,0.0,0.0
170,299.86,768.05,919.05,830.15,62.1,41.1258,0.3859,0.0,-768.05,0.0,6.8165,0.0,-768.05,0.0,6.8165,1.0,0.0,0.0,0.0,0.0
171,300.25,797.35,909.05,831.3,33.95,30.3939,0.5172,0.0,-797.35,0.0,6.8165,0.0,-797.35,0.0,6.8165,1.0,0.0,0.0,0.0,0.0
172,300.64,775.65,914.75,828.25,52.6,37.8145,0.4223,0.0,-775.65,0.0,6.8165,0.0,-775.65,0.0,6.8165,1.0,0.0,0.0,0.0,0.0
173,301.04,787.1,918.35,832.25,45.15,34.4,0.4634,0.0,-787.1,0.0,6.8165,0.0,-787.1,0.0,6.8165,1.0,0.0,0.0,0.0,0.0
174,301.43,782.85,905.6,822.65,39.8,32.4236,0.4891,0.0,-782.85,0.0,6.8165,0.0,-782.85,0.0,6.8165,1.0,0.0,0.0,0.0,0.0
175,301.82,778.4,924.25,822.55,44.15,30.2708,0.519,0.0,-778.4,0.0,6.8165,0.0,-778.4,0.0,6.8165,1.0,0.0,0.0,0.0,0.0
176,302.21,768.15,909.5,832.15,64.0,45.2777,0.3441,0.0,-768.15,0.0,6.8165,0.0,-768.15,0.0,6.8165,1.0,0.0,0.0,0.0,0.0
177,302.6,781.8,908.45,835.35,53.55,42.2819,0.3738,0.0,-781.8,0.0,6.8165,0.0,-781.8,0.0,6.8165,1.0,0.0,0.0,0.0,0.0
178,302.99,781.0,916.4,824.15,43.15,31.8685,0.4966,0.0,-781.0,0.0,6.8165,0.0,-781.0,0.0,6.8165,1.0,0.0,0.0,0.0,0.0
179,303.38,778.15,929.75,828.75,50.6,33.3773,0.4765,0.0,-778.15,0.0,6.8165,0.0,-778.15,0.0,6.8165,1.0,0.0,0.0,0.0,0.0
180,303.78,797.05,927.25,836.75,39.7,30.4916,0.5158,0.0,-797.05,0.0,6.8165,0.0,-797.05,0.0,6.8165,1.0,0.0,0.0,0.0,0.0
181,304.17,776.05,917.15,836.0,59.95,42.4876,0.3717,0.0,-776.05,0.0,6.8165,0.0,-776.05,0.0,6.8165,1.0,0.0,0.0,0.0,0.0
182,304.56,782.3,912.5,845.3,63.0,48.3871,0.3153,0.0,-782.3,0.0,6.8165,0.0,-782.3,0.0,6.8165,1.0,0.0,0.0,0.0,0.0
183,304.95,781.15,926.5,848.2,67.05,46.13,0.336,0.0,-781.15,0.0,6.8165,0.0,-781.15,0.0,6.8165,1.0,0.0,0.0,0.0,0.0
184,305.34,794.25,919.15,832.6,38.35,30.7046,0.5128,0.0,-794.25,0.0,6.8165,0.0,-794.25,0.0,6.8165,1.0,0.0,0.0,0.0,0.0
185,305.73,789.65,926.75,842.05,52.4,38.2203,0.4177,0.0,-789.65,0.0,6.8165,0.0,-789.65,0.0,6.8165,1.0,0.0,0.0,0.0,0.0
186,306.12,781.2,923.95,834.25,53.05,37.1629,0.4299,0.0,-781.2,0.0,6.8165,0.0,-781.2,0.0,6.8165,1.0,0.0,0.0,0.0,0.0
187,306.51,787.35,928.35,851.55,64.2,45.5319,0.3417,0.0,-787.35,0.0,6.8165,0.0,-787.35,0.0,6.8165,1.0,0.0,0.0,0.0,0.0
188,306.9,788.55,915.9,851.8,63.25,49.6663,0.3039,0.0,-788.55,0.0,6.8165,0.0,-788.55,0.0,6.8165,1.0,0.0,0.0,0.0,0.0
189,307.29,806.1,915.1,825.4,19.3,17.7064,0.7519,0.0,-806.1,0.0,6.8165,0.0,-806.1,0.0,6.8165,1.0,0.0,0.0,0.0,0.0
190,307.68,785.55,915.3,822.9,37.35,28.7861,0.5408,0.0,-785.55,0.0,6.8165,0.0,-785.55,0.0,6.8165,1.0,0.0,0.0,0.0,0.0
191,308.07,782.85,918.55,831.75,48.9,36.0354,0.4433,0.0,-782.85,0.0,6.8165,0.0,-782.85,0.0,6.8165,1.0,0.0,0.0,0.0,0.0
192,308.46,793.1,924.25,831.4,38.3,29.2032,0.5346,0.0,-793.1,0.0,6.8165,0.0,-793.1,0.0,6.8165,1.0,0.0,0.0,0.0,0.0
193,308.85,788.2,917.55,835.95,47.75,36.9153,0.4328,0.0,-788.2,0.0,6.8165,0.0,-788.2,0.0,6.8165,1.0,0.0,0.0,0.0,0.0
194,309.24,794.0,916.35,834.65,40.65,33.2244,0.4785,0.0,-794.0,0.0,6.8165,0.0,-794.0,0.0,6.8165,1.0,0.0,0.0,0.0,0.0
195,309.63,787.9,928.25,836.95,49.05,34.9483,0.4566,0.0,-787.9,0.0,6.8165,0.0,-787.9,0.0,6.8165,1.0,0.0,0.0,0.0,0.0
196,310.02,779.8,935.0,832.05,52.25,33.6662,0.4728,0.0,-779.8,0.0,6.8165,0.0,-779.8,0.0,6.8165,1.0,0.0,0.0,0.0,0.0
197,310.41,790.05,926.2,831.5,41.45,30.4444,0.5165,0.0,-790.05,0.0,6.8165,0.0,-790.05,0.0,6.8165,1.0,0.0,0.0,0.0,0.0
198,310.8,785.85,935.2,850.75,64.9,43.455,0.362,0.0,-785.85,0.0,6.8165,0.0,-785.85,0.0,6.8165,1.0,0.0,0.0,0.0,0.0
199,311.19,766.6,924.8,838.55,71.95,45.4804,0.3422,0.0,-766.6,0.0,6.8165,0.0,-766.6,0.0,6.8165,1.0,0.0,0.0,0.0,0.0
200,311.58,782.6,927.9,843.3,60.7,41.7756,0.3791,0.0,-782.6,0.0,6.8165,0.0,-782.6,0.0,6.8165,1.0,0.0,0.0,0.0,0.0
201,311.97,778.8,938.65,827.9,49.1,30.7163,0.5126,0.0,-778.8,0.0,6.8165,0.0,-778.8,0.0,6.8165,1.0,0.0,0.0,0.0,0.0
202,312.36,791.2,936.55,830.95,39.75,27.3478,0.5631,0.0,-791.2,0.0,6.8165,0.0,-791.2,0.0,6.8165,1.0,0.0,0.0,0.0,0.0
203,312.75,779.1,926.35,839.55,60.45,41.0526,0.3867,0.0,-779.1,0.0,6.8165,0.0,-779.1,0.0,6.8165,1.0,0.0,0.0,0.0,0.0
204,313.14,784.85,921.85,836.65,51.8,37.8102,0.4224,0.0,-784.85,0.0,6.8165,0.0,-784.85,0.0,6.8165,1.0,0.0,0.0,0.0,0.0
205,313.53,768.6,941.1,837.55,68.95,39.971,0.3983,0.0,-768.6,0.0,6.8165,0.0,-768.6,0.0,6.8165,1.0,0.0,0.0,0.0,0.0
206,313.91,788.75,922.85,847.0,58.25,43.4377,0.3621,0.0,-788.75,0.0,6.8165,0.0,-788.75,0.0,6.8165,1.0,0.0,0.0,0.0,0.0
207,314.3,782.15,938.1,845.25,63.1,40.4617,0.393,0.0,-782.15,0.0,6.8165,0.0,-782.15,0.0,6.8165,1.0,0.0,0.0,0.0,0.0
208,314.69,788.8,922.0,831.95,43.15,32.3949,0.4895,0.0,-788.8,0.0,6.8165,0.0,-788.8,0.0,6.8165,1.0,0.0,0.0,0.0,0.0
209,315.08,790.05,938.5,850.15,60.1,40.485,0.3927,0.0,-790.05,0.0,6.8165,0.0,-790.05,0.0,6.8165,1.0,0.0,0.0,0.0,0.0
210,315.47,800.5,934.35,847.25,46.75,34.9272,0.4568,0.0,-800.5,0.0,6.8165,0.0,-800.5,0.0,6.8165,1.0,0.0,0.0,0.0,0.0
211,315.86,781.5,924.8,841.2,59.7,41.6609,0.3803,0.0,-781.5,0.0,6.8165,0.0,-781.5,0.0,6.8165,1.0,0.0,0.0,0.0,0.0
212,316.25,781.4,944.2,845.85,64.45,39.5885,0.4024,0.0,-781.4,0.0,6.8165,0.0,-781.4,0.0,6.8165,1.0,0.0,0.0,0.0,0.0
213,316.63,789.95,927.85,851.5,61.55,44.6338,0.3503,0.0,-789.95,0.0,6.8165,0.0,-789.95,0.0,6.8165,1.0,0.0,0.0,0.0,0.0
214,317.02,784.35,937.55,849.9,65.55,42.7872,0.3687,0.0,-784.35,0.0,6.8165,0.0,-784.35,0.0,6.8165,1.0,0.0,0.0,0.0,0.0
215,317.41,774.5,944.0,857.5,83.0,48.9676,0.3101,0.0,-774.5,0.0,6.8165,0.0,-774.5,0.0,6.8165,1.0,0.0,0.0,0.0,0.0
216,317.8,784.5,938.8,847.4,62.9,40.7647,0.3897,0.0,-784.5,0.0,6.8165,0.0,-784.5,0.0,6.8165,1.0,0.0,0.0,0.0,0.0
217,318.19,782.6,924.05,842.35,59.75,42.2411,0.3743,0.0,-782.6,0.0,6.8165,0.0,-782.6,0.0,6.8165,1.0,0.0,0.0,0.0,0.0
218,318.57,780.2,926.3,849.0,68.8,47.091,0.3271,0.0,-780.2,0.0,6.8165,0.0,-780.2,0.0,6.8165,1.0,0.0,0.0,0.0,0.0
219,318.96,804.75,931.4,831.8,27.05,21.3581,0.6704,0.0,-804.75,0.0,6.8165,0.0,-804.75,0.0,6.8165,1.0,0.0,0.0,0.0,0.0
220,319.35,803.15,950.3,833.3,30.15,20.4893,0.6885,0.0,-803.15,0.0,6.8165,0.0,-803.15,0.0,6.8165,1.0,0.0,0.0,0.0,0.0
221,319.74,786.25,950.7,845.45,59.2,35.9988,0.4437,0.0,-786.25,0.0,6.8165,0.0,-786.25,0.0,6.8165,1.0,0.0,0.0,0.0,0.0
222,320.12,774.0,947.6,860.6,86.6,49.8848,0.302,0.0,-774.0,0.0,6.8165,0.0,-774.0,0.0,6.8165,1.0,0.0,0.0,0.0,0.0
223,320.51,779.6,943.45,860.95,81.35,49.6491,0.3041,0.0,-779.6,0.0,6.8165,0.0,-779.6,0.0,6.8165,1.0,0.0,0.0,0.0,0.0
224,320.9,783.4,925.85,847.85,64.45,45.2439,0.3444,0.0,-783.4,0.0,6.8165,0.0,-783.4,0.0,6.8165,1.0,0.0,0.0,0.0,0.0
225,321.28,785.45,946.25,847.25,61.8,38.4328,0.4153,0.0,-785.45,0.0,6.8165,0.0,-785.45,0.0,6.8165,1.0,0.0,0.0,0.0,0.0
226,321.67,778.1,941.95,844.8,66.7,40.708,0.3903,0.0,-778.1,0.0,6.8165,0.0,-778.1,0.0,6.8165,1.0,0.0,0.0,0.0,0.0
227,322.06,786.9,942.35,850.2,63.3,40.7205,0.3902,0.0,-786.9,0.0,6.8165,0.0,-786.9,0.0,6.8165,1.0,0.0,0.0,0.0,0.0
228,322.45,769.25,950.8,841.8,72.55,39.9614,0.3984,0.0,-769.25,0.0,6.8165,0.0,-769.25,0.0,6.8165,1.0,0.0,0.0,0.0,0.0
229,322.83,766.65,928.05,867.25,100.6,62.3296,0.2053,0.0,-766.65,0.0,6.8165,0.0,-766.65,0.0,6.8165,1.0,0.0,0.0,0.0,0.0
230,323.22,794.45,942.05,856.55,62.1,42.0732,0.376,0.0,-794.45,0.0,6.8165,0.0,-794.45,0.0,6.8165,1.0,0.0,0.0,0.0,0.0
231,323.61,784.35,929.55,841.55,57.2,39.3939,0.4046,0.0,-784.35,0.0,6.8165,0.0,-784.35,0.0,6.8165,1.0,0.0,0.0,0.0,0.0
232,323.99,794.0,945.85,843.35,49.35,32.4992,0.4881,0.0,-794.0,0.0,6.8165,0.0,-794.0,0.0,6.8165,1.0,0.0,0.0,0.0,0.0
233,324.38,780.2,953.45,856.6,76.4,44.0981,0.3556,0.0,-780.2,0.0,6.8165,0.0,-780.2,0.0,6.8165,1.0,0.0,0.0,0.0,0.0
234,324.77,784.45,939.85,861.55,77.1,49.6139,0.3044,0.0,-784.45,0.0,6.8165,0.0,-784.45,0.0,6.8165,1.0,0.0,0.0,0.0,0.0
235,325.15,777.75,942.35,852.15,74.4,45.2005,0.3449,0.0,-777.75,0.0,6.8165,0.0,-777.75,0.0,6.8165,1.0,0.0,0.0,0.0,0.0
236,325.54,794.85,932.4,865.9,71.05,51.6539,0.2869,0.0,-794.85,0.0,6.8165,0.0,-794.85,0.0,6.8165,1.0,0.0,0.0,0.0,0.0
237,325.92,793.05,962.75,841.4,48.35,28.4915,0.5453,0.0,-793.05,0.0,6.8165,0.0,-793.05,0.0,6.8165,1.0,0.0,0.0,0.0,0.0
238,326.31,771.4,942.25,847.5,76.1,44.542,0.3512,0.0,-771.4,0.0,6.8165,0.0,-771.4,0.0,6.8165,1.0,0.0,0.0,0.0,0.0
239,326.7,786.45,949.55,856.95,70.5,43.225,0.3643,0.0,-786.45,0.0,6.8165,0.0,-786.45,0.0,6.8165,1.0,0.0,0.0,0.0,0.0
240,327.08,789.3,940.2,865.0,75.7,50.1657,0.2996,0.0,-789.3,0.0,6.8165,0.0,-789.3,0.0,6.8165,1.0,0.0,0.0,0.0,0.0
241,327.47,775.0,944.35,867.8,92.8,54.7978,0.2612,0.0,-775.0,0.0,6.8165,0.0,-775.0,0.0,6.8165,1.0,0.0,0.0,0.0,0.0
242,327.85,782.8,942.8,859.9,77.1,48.1875,0.3171,0.0,-782.8,0.0,6.8165,0.0,-782.8,0.0,6.8165,1.0,0.0,0.0,0.0,0.0
243,328.24,783.95,950.7,846.85,62.9,37.7211,0.4234,0.0,-783.95,0.0,6.8165,0.0,-783.95,0.0,6.8165,1.0,0.0,0.0,0.0,0.0
244,328.62,786.8,950.25,855.2,68.4,41.8477,0.3783,0.0,-786.8,0.0,6.8165,0.0,-786.8,0.0,6.8165,1.0,0.0,0.0,0.0,0.0
245,329.01,782.95,963.2,869.95,87.0,48.2663,0.3164,0.0,-782.95,0.0,6.8165,0.0,-782.95,0.0,6.8165,1.0,0.0,0.0,0.0,0.0
246,329.39,789.65,944.95,861.7,72.05,46.3941,0.3335,0.0,-789.65,0.0,6.8165,0.0,-789.65,0.0,6.8165,1.0,0.0,0.0,0.0,0.0
247,329.78,781.3,946.25,859.15,77.85,47.1961,0.3261,0.0,-781.3,0.0,6.8165,0.0,-781.3,0.0,6.8165,1.0,0.0,0.0,0.0,0.0
248,330.16,793.15,951.8,857.4,64.25,40.498,0.3926,0.0,-793.15,0.0,6.8165,0.0,-793.15,0.0,6.8165,1.0,0.0,0.0,0.0,0.0
249,330.55,773.4,951.05,862.6,89.2,50.2111,0.2992,0.0,-773.4,0.0,6.8165,0.0,-773.4,0.0,6.8165,1.0,0.0,0.0,0.0,0.0
250,330.93,797.1,964.2,869.8,72.7,43.5069,0.3614,0.0,-797.1,0.0,6.8165,0.0,-797.1,0.0,6.8165,1.0,0.0,0.0,0.0,0.0
251,331.32,796.9,949.1,869.25,72.35,47.5361,0.323,0.0,-796.9,0.0,6.8165,0.0,-796.9,0.0,6.8165,1.0,0.0,0.0,0.0,0.0
252,331.7,796.3,962.4,873.55,77.25,46.5081,0.3325,0.0,-796.3,0.0,6.8165,0.0,-796.3,0.0,6.8165,1.0,0.0,0.0,0.0,0.0
253,332.09,778.25,964.35,870.1,91.85,49.3552,0.3067,0.0,-778.25,0.0,6.8165,0.0,-778.25,0.0,6.8165,1.0,0.0,0.0,0.0,0.0
254,332.47,792.85,970.3,861.8,68.95,38.856,0.4105,0.0,-792.85,0.0,6.8165,0.0,-792.85,0.0,6.8165,1.0,0.0,0.0,0.0,0.0
255,332.86,783.2,947.55,875.5,92.3,56.1606,0.2506,0.0,-783.2,0.0,6.8165,0.0,-783.2,0.0,6.8165,1.0,0.0,0.0,0.0,0.0
256,333.24,787.7,966.1,862.2,74.5,41.7601,0.3792,0.0,-787.7,0.0,6.8165,0.0,-787.7,0.0,6.8165,1.0,0.0,0.0,0.0,0.0
257,333.63,780.85,950.3,854.2,73.35,43.2871,0.3636,0.0,-780.85,0.0,6.8165,0.0,-780.85,0.0,6.8165,1.0,0.0,0.0,0.0,0.0
258,334.01,786.4,951.6,870.35,83.95,50.8172,0.294,0.0,-786.4,0.0,6.8165,0.0,-786.4,0.0,6.8165,1.0,0.0,0.0,0.0,0.0
259,334.39,774.55,965.3,869.7,95.15,49.882,0.3021,0.0,-774.55,0.0,6.8165,0.0,-774.55,0.0,6.8165,1.0,0.0,0.0,0.0,0.0
260,334.78,782.0,971.45,869.75,87.75,46.3183,0.3342,0.0,-782.0,0.0,6.8165,0.0,-782.0,0.0,6.8165,1.0,0.0,0.0,0.0,0.0
261,335.16,783.6,958.9,870.75,87.15,49.7148,0.3035,0.0,-783.6,0.0,6.8165,0.0,-783.6,0.0,6.8165,1.0,0.0,0.0,0.0,0.0
262,335.55,793.2,952.6,881.45,88.25,55.3639,0.2568,0.0,-793.2,0.0,6.8165,0.0,-793.2,0.0,6.8165,1.0,0.0,0.0,0.0,0.0
263,335.93,791.95,942.2,866.05,74.1,49.3178,0.307,0.0,-791.95,0.0,6.8165,0.0,-791.95,0.0,6.8165,1.0,0.0,0.0,0.0,0.0
264,336.31,779.5,959.75,862.4,82.9,45.9917,0.3373,0.0,-779.5,0.0,6.8165,0.0,-779.5,0.0,6.8165,1.0,0.0,0.0,0.0,0.0
265,336.7,783.9,961.5,872.3,88.4,49.7748,0.303,0.0,-783.9,0.0,6.8165,0.0,-783.9,0.0,6.8165,1.0,0.0,0.0,0.0,0.0
266,337.08,788.9,968.7,870.35,81.45,45.3003,0.3439,0.0,-788.9,0.0,6.8165,0.0,-788.9,0.0,6.8165,1.0,0.0,0.0,0.0,0.0
267,337.46,780.85,974.85,865.65,84.8,43.7113,0.3594,0.0,-780.85,0.0,6.8165,0.0,-780.85,0.0,6.8165,1.0,0.0,0.0,0.0,0.0
268,337.85,786.1,959.55,862.3,76.2,43.932,0.3572,0.0,-786.1,0.0,6.8165,0.0,-786.1,0.0,6.8165,1.0,0.0,0.0,0.0,0.0
269,338.23,780.95,956.6,861.85,80.9,46.0575,0.3367,0.0,-780.95,0.0,6.8165,0.0,-780.95,0.0,6.8165,1.0,0.0,0.0,0.0,0.0
270,338.61,784.65,960.4,868.7,84.05,47.8236,0.3204,0.0,-784.65,0.0,6.8165,0.0,-784.65,0.0,6.8165,1.0,0.0,0.0,0.0,0.0
271,339.0,798.65,978.8,860.5,61.85,34.3325,0.4643,0.0,-798.65,0.0,6.8165,0.0,-798.65,0.0,6.8165,1.0,0.0,0.0,0.0,0.0
272,339.38,787.5,968.6,854.6,67.1,37.0514,0.4312,0.0,-787.5,0.0,6.8165,0.0,-787.5,0.0,6.8165,1.0,0.0,0.0,0.0,0.0
273,339.76,801.95,969.45,866.3,64.35,38.4179,0.4155,0.0,-801.95,0.0,6.8165,0.0,-801.95,0.0,6.8165,1.0,0.0,0.0,0.0,0.0
274,340.14,787.85,961.3,872.1,84.25,48.5731,0.3136,0.0,-787.85,0.0,6.8165,0.0,-787.85,0.0,6.8165,1.0,0.0,0.0,0.0,0.0
275,340.53,798.7,964.6,875.7,77.0,46.4135,0.3334,0.0,-798.7,0.0,6.8165,0.0,-798.7,0.0,6.8165,1.0,0.0,0.0,0.0,0.0
276,340.91,788.15,947.35,857.6,69.45,43.6244,0.3603,0.0,-788.15,0.0,6.8165,0.0,-788.15,0.0,6.8165,1.0,0.0,0.0,0.0,0.0
277,341.29,781.35,961.85,857.95,76.6,42.4377,0.3722,0.0,-781.35,0.0,6.8165,0.0,-781.35,0.0,6.8165,1.0,0.0,0.0,0.0,0.0
278,341.67,791.15,965.15,876.35,85.2,48.9655,0.3101,0.0,-791.15,0.0,6.8165,0.0,-791.15,0.0,6.8165,1.0,0.0,0.0,0.0,0.0
279,342.06,796.3,956.2,888.6,92.3,57.7236,0.2386,0.0,-796.3,0.0,6.8165,0.0,-796.3,0.0,6.8165,1.0,0.0,0.0,0.0,0.0
280,342.44,784.65,957.4,866.95,82.3,47.6411,0.322,0.0,-784.65,0.0,6.8165,0.0,-784.65,0.0,6.8165,1.0,0.0,0.0,0.0,0.0
281,342.82,775.0,947.5,870.8,95.8,55.5362,0.2554,0.0,-775.0,0.0,6.8165,0.0,-775.0,0.0,6.8165,1.0,0.0,0.0,0.0,0.0
282,343.2,772.5,970.05,865.55,93.05,47.102,0.327,0.0,-772.5,0.0,6.8165,0.0,-772.5,0.0,6.8165,1.0,0.0,0.0,0.0,0.0
283,343.59,772.45,969.7,859.45,87.0,44.1065,0.3555,0.0,-772.45,0.0,6.8165,0.0,-772.45,0.0,6.8165,1.0,0.0,0.0,0.0,0.0
284,343.97,793.7,980.4,872.25,78.55,42.0728,0.376,0.0,-793.7,0.0,6.8165,0.0,-793.7,0.0,6.8165,1.0,0.0,0.0,0.0,0.0
285,344.35,792.55,978.45,873.55,81.0,43.5718,0.3608,0.0,-792.55,0.0,6.8165,0.0,-792.55,0.0,6.8165,1.0,0.0,0.0,0.0,0.0
286,344.73,782.2,977.95,880.75,98.55,50.3448,0.298,0.0,-782.2,0.0,6.8165,0.0,-782.2,0.0,6.8165,1.0,0.0,0.0,0.0,0.0
287,345.11,773.7,973.15,869.45,95.75,48.007,0.3187,0.0,-773.7,0.0,6.8165,0.0,-773.7,0.0,6.8165,1.0,0.0,0.0,0.0,0.0
288,345.49,776.7,962.95,879.9,103.2,55.4094,0.2564,0.0,-776.7,0.0,6.8165,0.0,-776.7,0.0,6.8165,1.0,0.0,0.0,0.0,0.0
289,345.88,775.85,981.2,869.05,93.2,45.3859,0.3431,0.0,-775.85,0.0,6.8165,0.0,-775.85,0.0,6.8165,1.0,0.0,0.0,0.0,0.0
290,346.26,785.65,987.95,874.9,89.25,44.1176,0.3554,0.0,-785.65,0.0,6.8165,0.0,-785.65,0.0,6.8165,1.0,0.0,0.0,0.0,0.0
291,346.64,783.25,976.75,884.3,101.05,52.2222,0.2821,0.0,-783.25,0.0,6.8165,0.0,-783.25,0.0,6.8165,1.0,0.0,0.0,0.0,0.0
292,347.02,788.6,972.75,883.8,95.2,51.697,0.2865,0.0,-788.6,0.0,6.8165,0.0,-788.6,0.0,6.8165,1.0,0.0,0.0,0.0,0.0
293,347.4,767.75,954.4,882.3,114.55,61.3716,0.212,0.0,-767.75,0.0,6.8165,0.0,-767.75,0.0,6.8165,1.0,0.0,0.0,0.0,0.0
294,347.78,778.45,980.95,876.4,97.95,48.3704,0.3154,0.0,-778.45,0.0,6.8165,0.0,-778.45,0.0,6.8165,1.0,0.0,0.0,0.0,0.0
295,348.16,794.75,969.6,877.25,82.5,47.1833,0.3262,0.0,-794.75,0.0,6.8165,0.0,-794.75,0.0,6.8165,1.0,0.0,0.0,0.0,0.0
296,348.54,785.75,975.55,884.4,98.65,51.9758,0.2842,0.0,-785.75,0.0,6.8165,0.0,-785.75,0.0,6.8165,1.0,0.0,0.0,0.0,0.0
297,348.92,782.3,968.95,870.15,87.85,47.0667,0.3273,0.0,-782.3,0.0,6.8165,0.0,-782.3,0.0,6.8165,1.0,0.0,0.0,0.0,0.0
298,349.3,790.05,970.85,889.15,99.1,54.8119,0.2611,0.0,-790.05,0.0,6.8165,0.0,-790.05,0.0,6.8165,1.0,0.0,0.0,0.0,0.0
299,349.68,775.25,967.05,879.2,103.95,54.1971,0.266,0.0,-775.25,0.0,6.8165,0.0,-775.25,0.0,6.8165,1.0,0.0,0.0,0.0,0.0
300,350.06,785.25,964.15,873.75,88.5,49.469,0.3057,0.0,-785.25,0.0,6.8165,0.0,-785.25,0.0,6.8165,1.0,0.0,0.0,0.0,0.0
301,350.44,792.05,970.7,891.2,99.15,55.4996,0.2557,0.0,-792.05,0.0,6.8165,0.0,-792.05,0.0,6.8165,1.0,0.0,0.0,0.0,0.0
302,350.82,788.75,992.6,886.4,97.65,47.9029,0.3196,0.0,-788.75,0.0,6.8165,0.0,-788.75,0.0,6.8165,1.0,0.0,0.0,0.0,0.0
303,351.21,786.7,970.85,877.9,91.2,49.5248,0.3052,0.0,-786.7,0.0,6.8165,0.0,-786.7,0.0,6.8165,1.0,0.0,0.0,0.0,0.0
304,351.59,788.15,972.7,880.65,92.5,50.1219,0.3,0.0,-788.15,0.0,6.8165,0.0,-788.15,0.0,6.8165,1.0,0.0,0.0,0.0,0.0
305,351.97,797.85,969.35,863.85,66.0,38.484,0.4147,0.0,-797.85,0.0,6.8165,0.0,-797.85,0.0,6.8165,1.0,0.0,0.0,0.0,0.0
306,352.34,780.55,975.15,888.1,107.55,55.2672,0.2575,0.0,-780.55,0.0,6.8165,0.0,-780.55,0.0,6.8165,1.0,0.0,0.0,0.0,0.0
307,352.72,784.2,983.75,874.85,90.65,45.4272,0.3427,0.0,-784.2,0.0,6.8165,0.0,-784.2,0.0,6.8165,1.0,0.0,0.0,0.0,0.0
308,353.1,790.1,991.45,886.95,96.85,48.1003,0.3179,0.0,-790.1,0.0,6.8165,0.0,-790.1,0.0,6.8165,1.0,0.0,0.0,0.0,0.0
309,353.48,776.95,993.9,885.65,108.7,50.1037,0.3001,0.0,-776.95,0.0,6.8165,0.0,-776.95,0.0,6.8165,1.0,0.0,0.0,0.0,0.0
310,353.86,779.75,993.95,882.5,102.75,47.9692,0.319,0.0,-779.75,0.0,6.8165,0.0,-779.75,0.0,6.8165,1.0,0.0,0.0,0.0,0.0
311,354.24,787.7,994.45,880.8,93.1,45.0302,0.3465,0.0,-787.7,0.0,6.8165,0.0,-787.7,0.0,6.8165,1.0,0.0,0.0,0.0,0.0
312,354.62,775.4,983.55,872.75,97.35,46.7692,0.33,0.0,-775.4,0.0,6.8165,0.0,-775.4,0.0,6.8165,1.0,0.0,0.0,0.0,0.0
313,355.0,784.75,985.5,890.6,105.85,52.7273,0.278,0.0,-784.75,0.0,6.8165,0.0,-784.75,0.0,6.8165,1.0,0.0,0.0,0.0,0.0
314,355.38,785.2,968.35,878.65,93.45,51.0238,0.2922,0.0,-785.2,0.0,6.8165,0.0,-785.2,0.0,6.8165,1.0,0.0,0.0,0.0,0.0
315,355.76,793.8,980.7,876.25,82.45,44.1145,0.3554,0.0,-793.8,0.0,6.8165,0.0,-793.8,0.0,6.8165,1.0,0.0,0.0,0.0,0.0
316,356.14,791.0,990.0,892.55,101.55,51.0302,0.2922,0.0,-791.0,0.0,6.8165,0.0,-791.0,0.0,6.8165,1.0,0.0,0.0,0.0,0.0
317,356.52,786.45,989.55,881.15,94.7,46.6273,0.3314,0.0,-786.45,0.0,6.8165,0.0,-786.45,0.0,6.8165,1.0,0.0,0.0,0.0,0.0
318,356.9,773.0,987.05,896.45,123.45,57.6734,0.239,0.0,-773.0,0.0,6.8165,0.0,-773.0,0.0,6.8165,1.0,0.0,0.0,0.0,0.0
319,357.27,782.15,997.25,881.8,99.65,46.3273,0.3342,0.0,-782.15,0.0,6.8165,0.0,-782.15,0.0,6.8165,1.0,0.0,0.0,0.0,0.0
320,357.65,782.2,996.75,881.55,99.35,46.3062,0.3344,0.0,-782.2,0.0,6.8165,0.0,-782.2,0.0,6.8165,1.0,0.0,0.0,0.0,0.0
321,358.03,800.05,984.3,892.6,92.55,50.2307,0.299,0.0,-800.05,0.0,6.8165,0.0,-800.05,0.0,6.8165,1.0,0.0,0.0,0.0,0.0
322,358.41,795.3,993.7,891.3,96.0,48.3871,0.3153,0.0,-795.3,0.0,6.8165,0.0,-795.3,0.0,6.8165,1.0,0.0,0.0,0.0,0.0
323,358.79,786.75,990.3,886.65,99.9,49.0789,0.3091,0.0,-786.75,0.0,6.8165,0.0,-786.75,0.0,6.8165,1.0,0.0,0.0,0.0,0.0
324,359.17,787.4,999.3,885.35,97.95,46.2246,0.3351,0.0,-787.4,0.0,6.8165,0.0,-787.4,0.0,6.8165,1.0,0.0,0.0,0.0,0.0
325,359.55,781.5,999.85,878.65,97.15,44.4928,0.3517,0.0,-781.5,0.0,6.8165,0.0,-781.5,0.0,6.8165,1.0,0.0,0.0,0.0,0.0
326,359.92,781.55,986.8,899.25,117.7,57.3447,0.2415,0.0,-781.55,0.0,6.8165,0.0,-781.55,0.0,6.8165,1.0,0.0,0.0,0.0,0.0
327,360.3,781.7,980.55,900.1,118.4,59.5424,0.2252,0.0,-781.7,0.0,6.8165,0.0,-781.7,0.0,6.8165,1.0,0.0,0.0,0.0,0.0
328,360.68,777.85,978.95,891.35,113.5,56.4396,0.2484,0.0,-777.85,0.0,6.8165,0.0,-777.85,0.0,6.8165,1.0,0.0,0.0,0.0,0.0
329,361.06,776.0,995.85,890.9,114.9,52.2629,0.2818,0.0,-776.0,0.0,6.8165,0.0,-776.0,0.0,6.8165,1.0,0.0,0.0,0.0,0.0
330,361.43,792.9,999.6,888.5,95.6,46.2506,0.3349,0.0,-792.9,0.0,6.8165,0.0,-792.9,0.0,6.8165,1.0,0.0,0.0,0.0,0.0
331,361.81,787.6,996.8,899.4,111.8,53.4417,0.2721,0.0,-787.6,0.0,6.8165,0.0,-787.6,0.0,6.8165,1.0,0.0,0.0,0.0,0.0
332,362.19,779.95,997.5,884.4,104.45,48.012,0.3187,0.0,-779.95,0.0,6.8165,0.0,-779.95,0.0,6.8165,1.0,0.0,0.0,0.0,0.0
333,362.57,795.45,990.9,895.5,100.05,51.1896,0.2908,0.0,-795.45,0.0,6.8165,0.0,-795.45,0.0,6.8165,1.0,0.0,0.0,0.0,0.0
334,362.94,791.0,991.9,897.6,106.6,53.0612,0.2752,0.0,-791.0,0.0,6.8165,0.0,-791.0,0.0,6.8165,1.0,0.0,0.0,0.0,0.0
335,363.32,785.0,984.0,895.9,110.9,55.7286,0.2539,0.0,-785.0,0.0,6.8165,0.0,-785.0,0.0,6.8165,1.0,0.0,0.0,0.0,0.0
336,363.7,794.25,980.75,906.8,112.55,60.3485,0.2193,0.0,-794.25,0.0,6.8165,0.0,-794.25,0.0,6.8165,1.0,0.0,0.0,0.0,0.0
337,364.08,805.6,991.0,889.2,83.6,45.0917,0.3459,0.0,-805.6,0.0,6.8165,0.0,-805.6,0.0,6.8165,1.0,0.0,0.0,0.0,0.0
338,364.45,781.05,999.4,895.45,114.4,52.3929,0.2807,0.0,-781.05,0.0,6.8165,0.0,-781.05,0.0,6.8165,1.0,0.0,0.0,0.0,0.0
339,364.83,780.4,996.1,893.2,112.8,52.2949,0.2815,0.0,-780.4,0.0,6.8165,0.0,-780.4,0.0,6.8165,1.0,0.0,0.0,0.0,0.0
340,365.21,792.0,979.9,885.05,93.05,49.521,0.3052,0.0,-792.0,0.0,6.8165,0.0,-792.0,0.0,6.8165,1.0,0.0,0.0,0.0,0.0
341,365.58,781.25,1003.4,889.1,107.85,48.5483,0.3138,0.0,-781.25,0.0,6.8165,0.0,-781.25,0.0,6.8165,1.0,0.0,0.0,0.0,0.0
342,365.96,789.0,1017.6,883.4,94.4,41.2948,0.3841,0.0,-789.0,0.0,6.8165,0.0,-789.0,0.0,6.8165,1.0,0.0,0.0,0.0,0.0
343,366.34,788.85,996.45,886.65,97.8,47.1098,0.3269,0.0,-788.85,0.0,6.8165,0.0,-788.85,0.0,6.8165,1.0,0.0,0.0,0.0,0.0
344,366.71,778.2,994.95,889.7,111.5,51.4418,0.2887,0.0,-778.2,0.0,6.8165,0.0,-778.2,0.0,6.8165,1.0,0.0,0.0,0.0,0.0
345,367.09,791.4,997.8,903.5,112.1,54.312,0.2651,0.0,-791.4,0.0,6.8165,0.0,-791.4,0.0,6.8165,1.0,0.0,0.0,0.0,0.0
346,367.47,780.2,997.35,899.5,119.3,54.939,0.2601,0.0,-780.2,0.0,6.8165,0.0,-780.2,0.0,6.8165,1.0,0.0,0.0,0.0,0.0
347,367.84,776.35,1007.95,880.0,103.65,44.7539,0.3492,0.0,-776.35,0.0,6.8165,0.0,-776.35,0.0,6.8165,1.0,0.0,0.0,0.0,0.0
348,368.22,785.75,1015.5,884.5,98.75,42.9815,0.3667,0.0,-785.75,0.0,6.8165,0.0,-785.75,0.0,6.8165,1.0,0.0,0.0,0.0,0.0
349,368.59,778.9,988.3,904.4,125.5,59.9331,0.2223,0.0,-778.9,0.0,6.8165,0.0,-778.9,0.0,6.8165,1.0,0.0,0.0,0.0,0.0
350,368.97,765.45,1006.45,881.2,115.75,48.029,0.3185,0.0,-765.45,0.0,6.8165,0.0,-765.45,0.0,6.8165,1.0,0.0,0.0,0.0,0.0
351,369.35,783.9,996.95,902.2,118.3,55.5269,0.2555,0.0,-783.9,0.0,6.8165,0.0,-783.9,0.0,6.8165,1.0,0.0,0.0,0.0,0.0
352,369.72,775.65,1003.3,900.2,124.55,54.7112,0.2619,0.0,-775.65,0.0,6.8165,0.0,-775.65,0.0,6.8165,1.0,0.0,0.0,0.0,0.0
353,370.1,782.2,1006.65,892.2,110.0,49.0087,0.3097,0.0,-782.2,0.0,6.8165,0.0,-782.2,0.0,6.8165,1.0,0.0,0.0,0.0,0.0
354,370.47,785.05,1007.05,900.1,115.05,51.8243,0.2855,0.0,-785.05,0.0,6.8165,0.0,-785.05,0.0,6.8165,1.0,0.0,0.0,0.0,0.0
355,370.85,792.5,999.6,893.1,100.6,48.5756,0.3136,0.0,-792.5,0.0,6.8165,0.0,-792.5,0.0,6.8165,1.0,0.0,0.0,0.0,0.0
356,371.22,797.3,1004.65,882.1,84.8,40.897,0.3883,0.0,-797.3,0.0,6.8165,0.0,-797.3,0.0,6.8165,1.0,0.0,0.0,0.0,0.0
357,371.6,789.55,992.55,877.85,88.3,43.4975,0.3615,0.0,-789.55,0.0,6.8165,0.0,-789.55,0.0,6.8165,1.0,0.0,0.0,0.0,0.0
358,371.97,780.35,1003.3,884.8,104.45,46.8491,0.3293,0.0,-780.35,0.0,6.8165,0.0,-780.35,0.0,6.8165,1.0,0.0,0.0,0.0,0.0
359,372.35,785.25,1005.4,891.5,106.25,48.2625,0.3164,0.0,-785.25,0.0,6.8165,0.0,-785.25,0.0,6.8165,1.0,0.0,0.0,0.0,0.0
360,372.72,786.15,1011.5,899.15,113.0,50.1442,0.2998,0.0,-786.15,0.0,6.8165,0.0,-786.15,0.0,6.8165,1.0,0.0,0.0,0.0,0.0
361,373.1,809.5,995.25,889.45,79.95,43.0417,0.3661,0.0,-809.5,0.0,6.8165,0.0,-809.5,0.0,6.8165,1.0,0.0,0.0,0.0,0.0
362,373.47,771.65,1002.75,903.85,132.2,57.2047,0.2426,0.0,-771.65,0.0,6.8165,0.0,-771.65,0.0,6.8165,1.0,0.0,0.0,0.0,0.0
363,373.85,790.95,1006.6,915.5,124.55,57.7556,0.2384,0.0,-790.95,0.0,6.8165,0.0,-790.95,0.0,6.8165,1.0,0.0,0.0,0.0,0.0
364,374.22,795.9,1005.3,899.5,103.6,49.4747,0.3056,0.0,-795.9,0.0,6.8165,0.0,-795.9,0.0,6.8165,1.0,0.0,0.0,0.0,0.0
365,374.6,791.2,1006.95,893.5,102.3,47.416,0.3241,0.0,-791.2,0.0,6.8165,0.0,-791.2,0.0,6.8165,1.0,0.0,0.0,0.0,0.0
366,374.97,790.1,999.15,905.1,115.0,55.0108,0.2596,0.0,-790.1,0.0,6.8165,0.0,-790.1,0.0,6.8165,1.0,0.0,0.0,0.0,0.0
367,375.35,789.15,997.6,897.55,108.4,52.0029,0.284,0.0,-789.15,0.0,6.8165,0.0,-789.15,0.0,6.8165,1.0,0.0,0.0,0.0,0.0
368,375.72,788.45,995.45,906.05,117.6,56.8116,0.2456,0.0,-788.45,0.0,6.8165,0.0,-788.45,0.0,6.8165,1.0,0.0,0.0,0.0,0.0
369,376.09,778.85,1004.65,893.05,114.2,50.5757,0.2961,0.0,-778.85,0.0,6.8165,0.0,-778.85,0.0,6.8165,1.0,0.0,0.0,0.0,0.0
370,376.47,779.25,1015.15,912.7,133.45,56.5706,0.2474,0.0,-779.25,0.0,6.8165,0.0,-779.25,0.0,6.8165,1.0,0.0,0.0,0.0,0.0
371,376.84,792.45,1005.75,895.8,103.35,48.4529,0.3147,0.0,-792.45,0.0,6.8165,0.0,-792.45,0.0,6.8165,1.0,0.0,0.0,0.0,0.0
372,377.22,800.65,1017.05,914.15,113.5,52.4492,0.2803,0.0,-800.65,0.0,6.8165,0.0,-800.65,0.0,6.8165,1.0,0.0,0.0,0.0,0.0
373,377.59,784.15,1021.7,910.75,126.6,53.294,0.2733,0.0,-784.15,0.0,6.8165,0.0,-784.15,0.0,6.8165,1.0,0.0,0.0,0.0,0.0
374,377.96,793.2,1006.4,920.25,127.05,59.5919,0.2248,0.0,-793.2,0.0,6.8165,0.0,-793.2,0.0,6.8165,1.0,0.0,0.0,0.0,0.0
375,378.34,788.05,1016.9,908.7,120.65,52.7201,0.278,0.0,-788.05,0.0,6.8165,0.0,-788.05,0.0,6.8165,1.0,0.0,0.0,0.0,0.0
376,378.71,780.15,1025.75,905.05,124.9,50.855,0.2937,0.0,-780.15,0.0,6.8165,0.0,-780.15,0.0,6.8165,1.0,0.0,0.0,0.0,0.0
377,379.08,782.85,1041.45,895.65,112.8,43.6195,0.3603,0.0,-782.85,0.0,6.8165,0.0,-782.85,0.0,6.8165,1.0,0.0,0.0,0.0,0.0
378,379.46,773.75,1027.1,910.45,136.7,53.957,0.268,0.0,-773.75,0.0,6.8165,0.0,-773.75,0.0,6.8165,1.0,0.0,0.0,0.0,0.0
379,379.83,802.65,1023.45,902.2,99.55,45.0861,0.346,0.0,-802.65,0.0,6.8165,0.0,-802.65,0.0,6.8165,1.0,0.0,0.0,0.0,0.0
380,380.2,786.6,1013.55,910.85,124.25,54.7477,0.2616,0.0,-786.6,0.0,6.8165,0.0,-786.6,0.0,6.8165,1.0,0.0,0.0,0.0,0.0
381,380.58,776.7,1019.35,914.15,137.45,56.6454,0.2468,0.0,-776.7,0.0,6.8165,0.0,-776.7,0.0,6.8165,1.0,0.0,0.0,0.0,0.0
382,380.95,780.95,1030.95,909.35,128.4,51.36,0.2894,0.0,-780.95,0.0,6.8165,0.0,-780.95,0.0,6.8165,1.0,0.0,0.0,0.0,0.0
383,381.32,786.95,1035.15,896.25,109.3,44.0371,0.3562,0.0,-786.95,0.0,6.8165,0.0,-786.95,0.0,6.8165,1.0,0.0,0.0,0.0,0.0
384,381.7,772.15,1033.0,898.9,126.75,48.5911,0.3134,0.0,-772.15,0.0,6.8165,0.0,-772.15,0.0,6.8165,1.0,0.0,0.0,0.0,0.0
385,382.07,789.7,1025.8,902.7,113.0,47.8611,0.32,0.0,-789.7,0.0,6.8165,0.0,-789.7,0.0,6.8165,1.0,0.0,0.0,0.0,0.0
386,382.44,792.05,1041.85,907.5,115.45,46.217,0.3352,0.0,-792.05,0.0,6.8165,0.0,-792.05,0.0,6.8165,1.0,0.0,0.0,0.0,0.0
387,382.81,782.35,1043.05,909.55,127.2,48.7917,0.3117,0.0,-782.35,0.0,6.8165,0.0,-782.35,0.0,6.8165,1.0,0.0,0.0,0.0,0.0
388,383.19,782.95,1061.0,921.7,138.75,49.9011,0.3019,0.0,-782.95,0.0,6.8165,0.0,-782.95,0.0,6.8165,1.0,0.0,0.0,0.0,0.0
389,383.56,792.75,1063.75,908.65,115.9,42.7675,0.3689,0.0,-792.75,0.0,6.8165,0.0,-792.75,0.0,6.8165,1.0,0.0,0.0,0.0,0.0
390,383.93,779.15,1062.75,922.6,143.45,50.5818,0.296,0.0,-779.15,0.0,6.8165,0.0,-779.15,0.0,6.8165,1.0,0.0,0.0,0.0,0.0
391,384.3,799.55,1074.75,924.8,125.25,45.5124,0.3419,0.0,-799.55,0.0,6.8165,0.0,-799.55,0.0,6.8165,1.0,0.0,0.0,0.0,0.0
392,384.68,799.4,1082.8,911.45,112.05,39.5378,0.403,0.0,-799.4,0.0,6.8165,0.0,-799.4,0.0,6.8165,1.0,0.0,0.0,0.0,0.0
393,385.05,773.65,1089.85,909.0,135.35,42.8052,0.3685,0.0,-773.65,0.0,6.8165,0.0,-773.65,0.0,6.8165,1.0,0.0,0.0,0.0,0.0
394,385.42,795.65,1095.45,914.65,119.0,39.6931,0.4013,0.0,-795.65,0.0,6.8165,0.0,-795.65,0.0,6.8165,1.0,0.0,0.0,0.0,0.0
395,385.79,790.0,1109.6,906.45,116.45,36.4362,0.4385,0.0,-790.0,0.0,6.8165,0.0,-790.0,0.0,6.8165,1.0,0.0,0.0,0.0,0.0
396,386.16,782.85,1117.4,903.5,120.65,36.0634,0.4429,0.0,-782.85,0.0,6.8165,0.0,-782.85,0.0,6.8165,1.0,0.0,0.0,0.0,0.0
397,386.53,796.6,1117.4,915.35,118.75,37.0168,0.4316,0.0,-796.6,0.0,6.8165,0.0,-796.6,0.0,6.8165,1.0,0.0,0.0,0.0,0.0
398,386.91,786.05,1127.05,911.4,125.35,36.7595,0.4346,0.0,-786.05,0.0,6.8165,0.0,-786.05,0.0,6.8165,1.0,0.0,0.0,0.0,0.0
399,387.28,785.1,1142.05,908.0,122.9,34.4306,0.4631,0.0,-785.1,0.0,6.8165,0.0,-785.1,0.0,6.8165,1.0,0.0,0.0,0.0,0.0
400,387.65,779.9,1140.95,911.4,131.5,36.4215,0.4386,0.0,-779.9,0.0,6.8165,0.0,-779.9,0.0,6.8165,1.0,0.0,0.0,0.0,0.0
401,388.02,779.95,1165.8,908.8,128.85,33.3938,0.4763,0.0,-779.95,0.0,6.8165,0.0,-779.95,0.0,6.8165,1.0,0.0,0.0,0.0,0.0
402,388.39,781.65,1157.8,915.35,133.7,35.5443,0.4492,0.0,-781.65,0.0,6.8165,0.0,-781.65,0.0,6.8165,1.0,0.0,0.0,0.0,0.0
403,388.76,781.6,1191.85,903.4,121.8,29.6892,0.5274,0.0,-781.6,0.0,6.8165,0.0,-781.6,0.0,6.8165,1.0,0.0,0.0,0.0,0.0
404,389.13,795.9,1195.75,923.0,127.1,31.7869,0.4978,0.0,-795.9,0.0,6.8165,0.0,-795.9,0.0,6.8165,1.0,0.0,0.0,0.0,0.0
405,389.5,788.05,1200.4,911.45,123.4,29.926,0.524,0.0,-788.05,0.0,6.8165,0.0,-788.05,0.0,6.8165,1.0,0.0,0.0,0.0,0.0
406,389.87,771.35,1229.0,909.0,137.65,30.0776,0.5218,0.0,-771.35,0.0,6.8165,0.0,-771.35,0.0,6.8165,1.0,0.0,0.0,0.0,0.0
407,390.25,774.1,1237.6,936.7,162.6,35.0809,0.4549,0.0,-774.1,0.0,6.8165,0.0,-774.1,0.0,6.8165,1.0,0.0,0.0,0.0,0.0
408,390.62,790.65,1264.95,907.75,117.1,24.689,0.6075,0.0,-790.65,0.0,6.8165,0.0,-790.65,0.0,6.8165,1.0,0.0,0.0,0.0,0.0
409,390.99,789.05,1284.9,932.45,143.4,28.92,0.5388,0.0,-789.05,0.0,6.8165,0.0,-789.05,0.0,6.8165,1.0,0.0,0.0,0.0,0.0
410,391.36,799.85,1329.75,917.75,117.9,22.2495,0.6527,0.0,-799.85,0.0,6.8165,0.0,-799.85,0.0,6.8165,1.0,0.0,0.0,0.0,0.0
411,391.73,782.2,1339.3,924.35,142.15,25.5161,0.5932,0.0,-782.2,0.0,6.8165,0.0,-782.2,0.0,6.8165,1.0,0.0,0.0,0.0,0.0
412,392.1,798.3,1382.8,921.75,123.45,21.1206,0.6753,0.0,-798.3,0.0,6.8165,0.0,-798.3,0.0,6.8165,1.0,0.0,0.0,0.0,0.0
413,392.47,773.1,1430.1,911.1,138.0,21.0046,0.6777,0.0,-773.1,0.0,6.8165,0.0,-773.1,0.0,6.8165,1.0,0.0,0.0,0.0,0.0
414,392.84,793.95,1451.9,918.5,124.55,18.93,0.7228,0.0,-793.95,0.0,6.8165,0.0,-793.95,0.0,6.8165,1.0,0.0,0.0,0.0,0.0
415,393.21,788.7,1448.55,930.45,141.75,21.4822,0.6679,0.0,-788.7,0.0,6.8165,0.0,-788.7,0.0,6.8165,1.0,0.0,0.0,0.0,0.0
416,393.58,783.9,1492.8,912.05,128.15,18.0773,0.7429,0.0,-783.9,0.0,6.8165,0.0,-783.9,0.0,6.8165,1.0,0.0,0.0,0.0,0.0
417,393.95,790.55,1540.25,911.9,121.35,16.1865,0.7908,0.0,-790.55,0.0,6.8165,0.0,-790.55,0.0,6.8165,1.0,0.0,0.0,0.0,0.0
418,394.32,780.05,1584.45,913.5,133.45,16.59,0.7802,0.0,-780.05,0.0,6.8165,0.0,-780.05,0.0,6.8165,1.0,0.0,0.0,0.0,0.0
419,394.69,806.25,1600.2,926.0,119.75,15.0828,0.8215,0.0,-806.25,0.0,6.8165,0.0,-806.25,0.0,6.8165,1.0,0.0,0.0,0.0,0.0
420,395.06,789.85,1644.4,934.1,144.25,16.8802,0.7726,0.0,-789.85,0.0,6.8165,0.0,-789.85,0.0,6.8165,1.0,0.0,0.0,0.0,0.0
421,395.43,804.4,1705.55,918.15,113.75,12.6228,0.8988,0.0,-804.4,0.0,6.8165,0.0,-804.4,0.0,6.8165,1.0,0.0,0.0,0.0,0.0
422,395.8,786.7,1721.5,919.85,133.15,14.2437,0.8464,0.0,-786.7,0.0,6.8165,0.0,-786.7,0.0,6.8165,1.0,0.0,0.0,0.0,0.0
423,396.16,792.95,1786.9,919.6,126.65,12.7421,0.8948,0.0,-792.95,0.0,6.8165,0.0,-792.95,0.0,6.8165,1.0,0.0,0.0,0.0,0.0
424,396.53,775.45,1840.7,922.55,147.1,13.809,0.8598,0.0,-775.45,0.0,6.8165,0.0,-775.45,0.0,6.8165,1.0,0.0,0.0,0.0,0.0
425,396.9,775.9,1863.35,924.4,148.5,13.6558,0.8647,0.0,-775.9,0.0,6.8165,0.0,-775.9,0.0,6.8165,1.0,0.0,0.0,0.0,0.0
426,397.27,784.55,1921.95,921.85,137.3,12.0714,0.9182,0.0,-784.55,0.0,6.8165,0.0,-784.55,0.0,6.8165,1.0,0.0,0.0,0.0,0.0
427,397.64,789.75,1985.45,936.3,146.55,12.2564,0.9116,0.0,-789.75,0.0,6.8165,0.0,-789.75,0.0,6.8165,1.0,0.0,0.0,0.0,0.0
428,398.01,786.3,1986.8,923.9,137.6,11.4619,0.9407,0.0,-786.3,0.0,6.8165,0.0,-786.3,0.0,6.8165,1.0,0.0,0.0,0.0,0.0
429,398.38,781.95,2066.45,938.5,156.55,12.1876,0.9141,0.0,-781.95,0.0,6.8165,0.0,-781.95,0.0,6.8165,1.0,0.0,0.0,0.0,0.0
430,398.75,776.45,2057.45,926.95,150.5,11.7486,0.93,0.0,-776.45,0.0,6.8165,0.0,-776.45,0.0,6.8165,1.0,0.0,0.0,0.0,0.0
431,399.12,783.3,2116.6,918.3,135.0,10.1253,0.9946,0.0,-783.3,0.0,6.8165,0.0,-783.3,0.0,6.8165,1.0,0.0,0.0,0.0,0.0
432,399.48,788.15,2192.4,935.2,147.05,10.4718,0.98,0.0,-788.15,0.0,6.8165,0.0,-788.15,0.0,6.8165,1.0,0.0,0.0,0.0,0.0
433,399.85,779.5,2189.75,931.0,151.5,10.7428,0.9689,0.0,-779.5,0.0,6.8165,0.0,-779.5,0.0,6.8165,1.0,0.0,0.0,0.0,0.0
434,400.22,771.9,2216.3,938.35,166.45,11.5238,0.9384,0.0,-771.9,0.0,6.8165,0.0,-771.9,0.0,6.8165,1.0,0.0,0.0,0.0,0.0
435,400.59,782.3,2312.4,919.35,137.05,8.9569,1.0478,0.0,-782.3,0.0,6.8165,0.0,-782.3,0.0,6.8165,1.0,0.0,0.0,0.0,0.0
436,400.96,789.55,2320.45,930.45,140.9,9.2037,1.036,0.0,-789.55,0.0,6.8165,0.0,-789.55,0.0,6.8165,1.0,0.0,0.0,0.0,0.0
437,401.32,785.15,2362.85,930.35,145.2,9.2033,1.0361,0.0,-785.15,0.0,6.8165,0.0,-785.15,0.0,6.8165,1.0,0.0,0.0,0.0,0.0
438,401.69,796.75,2406.15,930.7,133.95,8.323,1.0797,0.0,-796.75,0.0,6.8165,0.0,-796.75,0.0,6.8165,1.0,0.0,0.0,0.0,0.0
439,402.06,788.6,2430.95,934.15,145.55,8.8623,1.0525,0.0,-788.6,0.0,6.8165,0.0,-788.6,0.0,6.8165,1.0,0.0,0.0,0.0,0.0
440,402.43,778.75,2495.95,931.55,152.8,8.8982,1.0507,0.0,-778.75,0.0,6.8165,0.0,-778.75,0.0,6.8165,1.0,0.0,0.0,0.0,0.0
441,402.8,769.1,2538.4,925.3,156.2,8.8284,1.0541,0.0,-769.1,0.0,6.8165,0.0,-769.1,0.0,6.8165,1.0,0.0,0.0,0.0,0.0
442,403.16,779.35,2572.1,938.95,159.6,8.9025,1.0505,0.0,-779.35,0.0,6.8165,0.0,-779.35,0.0,6.8165,1.0,0.0,0.0,0.0,0.0
443,403.53,778.0,2570.55,934.05,156.05,8.7055,1.0602,0.0,-778.0,0.0,6.8165,0.0,-778.0,0.0,6.8165,1.0,0.0,0.0,0.0,0.0
444,403.9,787.05,2743.1,932.4,145.35,7.4308,1.129,0.0,-787.05,0.0,6.8165,0.0,-787.05,0.0,6.8165,1.0,0.0,0.0,0.0,0.0
445,404.27,790.85,2716.3,930.45,139.6,7.2503,1.1396,0.0,-790.85,0.0,6.8165,0.0,-790.85,0.0,6.8165,1.0,0.0,0.0,0.0,0.0
446,404.63,795.95,2804.05,938.1,142.15,7.0788,1.15,0.0,-795.95,0.0,6.8165,0.0,-795.95,0.0,6.8165,1.0,0.0,0.0,0.0,0.0
447,405.0,782.55,2913.55,914.95,132.4,6.213,1.2067,0.0,-782.55,0.0,6.8165,0.0,-782.55,0.0,6.8165,1.0,0.0,0.0,0.0,0.0
448,405.37,782.6,2969.25,944.4,161.8,7.3994,1.1308,0.0,-782.6,0.0,6.8165,0.0,-782.6,0.0,6.8165,1.0,0.0,0.0,0.0,0.0
449,405.73,783.45,3009.2,935.0,151.55,6.8089,1.1669,0.0,-783.45,0.0,6.8165,0.0,-783.45,0.0,6.8165,1.0,0.0,0.0,0.0,0.0
450,406.1,795.7,3104.5,956.4,160.7,6.9603,1.1574,0.0,-795.7,0.0,6.8165,0.0,-795.7,0.0,6.8165,1.0,0.0,0.0,0.0,0.0
451,406.47,789.1,3163.95,936.7,147.6,6.2151,1.2065,0.0,-789.1,0.0,6.8165,0.0,-789.1,0.0,6.8165,1.0,0.0,0.0,0.0,0.0
452,406.83,779.6,3292.75,929.55,149.95,5.9666,1.2243,0.0,-779.6,0.0,6.8165,0.0,-779.6,0.0,6.8165,1.0,0.0,0.0,0.0,0.0
453,407.2,772.05,3331.0,940.55,168.5,6.5847,1.1815,0.0,-772.05,0.0,6.8165,0.0,-772.05,0.0,6.8165,1.0,0.0,0.0,0.0,0.0
454,407.57,786.6,3478.35,948.95,162.35,6.0314,1.2196,0.0,-786.6,0.0,6.8165,0.0,-786.6,0.0,6.8165,1.0,0.0,0.0,0.0,0.0
455,407.93,788.1,3466.3,934.95,146.85,5.4832,1.261,0.0,-788.1,0.0,6.8165,0.0,-788.1,0.0,6.8165,1.0,0.0,0.0,0.0,0.0
456,408.3,786.85,3550.4,948.65,161.8,5.8548,1.2325,0.0,-786.85,0.0,6.8165,0.0,-786.85,0.0,6.8165,1.0,0.0,0.0,0.0,0.0
457,408.67,776.9,3649.3,944.25,167.35,5.8261,1.2346,0.0,-776.9,0.0,6.8165,0.0,-776.9,0.0,6.8165,1.0,0.0,0.0,0.0,0.0
458,409.03,791.75,3779.9,947.95,156.2,5.2273,1.2817,0.0,-791.75,0.0,6.8165,0.0,-791.75,0.0,6.8165,1.0,0.0,0.0,0.0,0.0
459,409.4,766.6,3773.85,947.75,181.15,6.0238,1.2201,0.0,-766.6,0.0,6.8165,0.0,-766.6,0.0,6.8165,1.0,0.0,0.0,0.0,0.0
460,409.76,783.85,3905.05,944.75,160.9,5.1551,1.2878,0.0,-783.85,0.0,6.8165,0.0,-783.85,0.0,6.8165,1.0,0.0,0.0,0.0,0.0
461,410.13,794.65,3815.9,946.0,151.35,5.0095,1.3002,0.0,-794.65,0.0,6.8165,0.0,-794.65,0.0,6.8165,1.0,0.0,0.0,0.0,0.0
462,410.5,786.6,3954.15,930.8,144.2,4.5524,1.3418,0.0,-786.6,0.0,6.8165,0.0,-786.6,0.0,6.8165,1.0,0.0,0.0,0.0,0.0
463,410.86,779.7,4042.35,953.25,173.55,5.3193,1.2741,0.0,-779.7,0.0,6.8165,0.0,-779.7,0.0,6.8165,1.0,0.0,0.0,0.0,0.0
464,411.23,779.15,4107.1,939.2,160.05,4.8093,1.3179,0.0,-779.15,0.0,6.8165,0.0,-779.15,0.0,6.8165,1.0,0.0,0.0,0.0,0.0
465,411.59,791.9,4230.35,940.65,148.75,4.3261,1.3639,0.0,-791.9,0.0,6.8165,0.0,-791.9,0.0,6.8165,1.0,0.0,0.0,0.0,0.0
466,411.96,787.7,4159.6,953.9,166.2,4.929,1.3072,0.0,-787.7,0.0,6.8165,0.0,-787.7,0.0,6.8165,1.0,0.0,0.0,0.0,0.0
467,412.32,786.0,4265.5,939.1,153.1,4.4001,1.3565,0.0,-786.0,0.0,6.8165,0.0,-786.0,0.0,6.8165,1.0,0.0,0.0,0.0,0.0
468,412.69,786.15,4409.8,943.7,157.55,4.3478,1.3617,0.0,-786.15,0.0,6.8165,0.0,-786.15,0.0,6.8165,1.0,0.0,0.0,0.0,0.0
469,413.05,786.75,4529.9,942.95,156.2,4.173,1.3796,0.0,-786.75,0.0,6.8165,0.0,-786.75,0.0,6.8165,1.0,0.0,0.0,0.0,0.0
470,413.42,785.55,4457.6,941.1,155.55,4.2361,1.373,0.0,-785.55,0.0,6.8165,0.0,-785.55,0.0,6.8165,1.0,0.0,0.0,0.0,0.0
471,413.78,778.4,4730.55,959.7,181.3,4.5874,1.3384,0.0,-778.4,0.0,6.8165,0.0,-778.4,0.0,6.8165,1.0,0.0,0.0,0.0,0.0
472,414.15,770.9,4777.5,942.5,171.6,4.2829,1.3683,0.0,-770.9,0.0,6.8165,0.0,-770.9,0.0,6.8165,1.0,0.0,0.0,0.0,0.0
473,414.51,786.6,4702.6,949.85,163.25,4.1688,1.38,0.0,-786.6,0.0,6.8165,0.0,-786.6,0.0,6.8165,1.0,0.0,0.0,0.0,0.0
474,414.88,780.05,4842.6,953.5,173.45,4.2695,1.3696,0.0,-780.05,0.0,6.8165,0.0,-780.05,0.0,6.8165,1.0,0.0,0.0,0.0,0.0
475,415.24,793.95,5018.65,949.85,155.9,3.6902,1.4329,0.0,-793.95,0.0,6.8165,0.0,-793.95,0.0,6.8165,1.0,0.0,0.0,0.0,0.0
476,415.61,783.6,5094.85,950.1,166.5,3.862,1.4132,0.0,-783.6,0.0,6.8165,0.0,-783.6,0.0,6.8165,1.0,0.0,0.0,0.0,0.0
477,415.97,798.75,5049.65,959.1,160.35,3.7721,1.4234,0.0,-798.75,0.0,6.8165,0.0,-798.75,0.0,6.8165,1.0,0.0,0.0,0.0,0.0
478,416.33,804.95,5168.25,950.15,145.2,3.3278,1.4778,0.0,-804.95,0.0,6.8165,0.0,-804.95,0.0,6.8165,1.0,0.0,0.0,0.0,0.0
479,416.7,788.05,5284.55,952.6,164.55,3.6595,1.4366,0.0,-788.05,0.0,6.8165,0.0,-788.05,0.0,6.8165,1.0,0.0,0.0,0.0,0.0
480,417.06,787.7,5507.0,945.6,157.9,3.3458,1.4755,0.0,-787.7,0.0,6.8165,0.0,-787.7,0.0,6.8165,1.0,0.0,0.0,0.0,0.0
481,417.43,790.15,5516.6,943.6,153.45,3.2466,1.4886,0.0,-790.15,0.0,6.8165,0.0,-790.15,0.0,6.8165,1.0,0.0,0.0,0.0,0.0
482,417.79,788.6,5522.0,956.85,168.25,3.5545,1.4492,0.0,-788.6,0.0,6.8165,0.0,-788.6,0.0,6.8165,1.0,0.0,0.0,0.0,0.0
483,418.15,778.3,5494.3,941.9,163.6,3.469,1.4598,0.0,-778.3,0.0,6.8165,0.0,-778.3,0.0,6.8165,1.0,0.0,0.0,0.0,0.0
484,418.52,785.75,5694.25,948.0,162.25,3.3055,1.4808,0.0,-785.75,0.0,6.8165,0.0,-785.75,0.0,6.8165,1.0,0.0,0.0,0.0,0.0
485,418.88,790.65,5751.15,959.05,168.4,3.3948,1.4692,0.0,-790.65,0.0,6.8165,0.0,-790.65,0.0,6.8165,1.0,0.0,0.0,0.0,0.0
486,419.24,789.7,5996.15,949.35,159.65,3.0664,1.5134,0.0,-789.7,0.0,6.8165,0.0,-789.7,0.0,6.8165,1.0,0.0,0.0,0.0,0.0
487,419.61,795.2,6019.85,957.85,162.65,3.1131,1.5068,0.0,-795.2,0.0,6.8165,0.0,-795.2,0.0,6.8165,1.0,0.0,0.0,0.0,0.0
488,419.97,795.85,6026.25,954.05,158.2,3.0246,1.5193,0.0,-795.85,0.0,6.8165,0.0,-795.85,0.0,6.8165,1.0,0.0,0.0,0.0,0.0
489,420.33,780.35,6348.45,951.75,171.4,3.0782,1.5117,0.0,-780.35,0.0,6.8165,0.0,-780.35,0.0,6.8165,1.0,0.0,0.0,0.0,0.0
490,420.7,786.5,6250.3,960.55,174.05,3.1855,1.4968,0.0,-786.5,0.0,6.8165,0.0,-786.5,0.0,6.8165,1.0,0.0,0.0,0.0,0.0
491,421.06,792.3,6437.7,958.8,166.5,2.9493,1.5303,0.0,-792.3,0.0,6.8165,0.0,-792.3,0.0,6.8165,1.0,0.0,0.0,0.0,0.0
492,421.42,780.75,6517.15,974.15,193.4,3.3715,1.4722,0.0,-780.75,0.0,6.8165,0.0,-780.75,0.0,6.8165,1.0,0.0,0.0,0.0,0.0
493,421.79,792.85,6593.35,957.75,164.9,2.8429,1.5462,0.0,-792.85,0.0,6.8165,0.0,-792.85,0.0,6.8165,1.0,0.0,0.0,0.0,0.0
494,422.15,785.05,6582.3,962.9,177.85,3.0678,1.5132,0.0,-785.05,0.0,6.8165,0.0,-785.05,0.0,6.8165,1.0,0.0,0.0,0.0,0.0
495,422.51,777.25,6682.3,958.95,181.7,3.077,1.5119,0.0,-777.25,0.0,6.8165,0.0,-777.25,0.0,6.8165,1.0,0.0,0.0,0.0,0.0
496,422.87,781.9,6841.3,968.55,186.65,3.0803,1.5114,0.0,-781.9,0.0,6.8165,0.0,-781.9,0.0,6.8165,1.0,0.0,0.0,0.0,0.0
497,423.24,789.65,6932.4,968.3,178.65,2.9083,1.5364,0.0,-789.65,0.0,6.8165,0.0,-789.65,0.0,6.8165,1.0,0.0,0.0,0.0,0.0
498,423.6,789.0,7033.2,948.1,159.1,2.548,1.5938,0.0,-789.0,0.0,6.8165,0.0,-789.0,0.0,6.8165,1.0,0.0,0.0,0.0,0.0
499,423.96,796.65,7164.95,956.25,159.6,2.5062,1.601,0.0,-796.65,0.0,6.8165,0.0,-796.65,0.0,6.8165,1.0,0.0,0.0,0.0,0.0
500,424.32,791.55,7268.3,973.3,181.75,2.8062,1.5519,0.0,-791.55,0.0,6.8165,0.0,-791.55,0.0,6.8165,1.0,0.0,0.0,0.0,0.0
501,424.69,789.85,7355.25,968.25,178.4,2.7173,1.5659,0.0,-789.85,0.0,6.8165,0.0,-789.85,0.0,6.8165,1.0,0.0,0.0,0.0,0.0
502,425.05,782.3,7707.15,957.65,175.35,2.5322,1.5965,0.0,-782.3,0.0,6.8165,0.0,-782.3,0.0,6.8165,1.0,0.0,0.0,0.0,0.0
503,425.41,788.25,8027.35,964.2,175.95,2.4306,1.6143,0.0,-788.25,0.0,6.8165,0.0,-788.25,0.0,6.8165,1.0,0.0,0.0,0.0,0.0
504,425.77,783.6,7837.6,962.3,178.7,2.5333,1.5963,0.0,-783.6,0.0,6.8165,0.0,-783.6,0.0,6.8165,1.0,0.0,0.0,0.0,0.0
505,426.13,794.8,7938.1,974.05,179.25,2.5093,1.6004,0.0,-794.8,0.0,6.8165,0.0,-794.8,0.0,6.8165,1.0,0.0,0.0,0.0,0.0
506,426.5,793.35,7916.45,956.85,163.5,2.2953,1.6392,0.0,-793.35,0.0,6.8165,0.0,-793.35,0.0,6.8165,1.0,0.0,0.0,0.0,0.0
507,426.86,785.4,7952.45,980.35,194.95,2.7201,1.5654,0.0,-785.4,0.0,6.8165,0.0,-785.4,0.0,6.8165,1.0,0.0,0.0,0.0,0.0
508,427.22,780.4,8391.8,989.5,209.1,2.7472,1.5611,0.0,-780.4,0.0,6.8165,0.0,-780.4,0.0,6.8165,1.0,0.0,0.0,0.0,0.0
509,427.58,791.8,8215.85,967.8,176.0,2.3707,1.6251,0.0,-791.8,0.0,6.8165,0.0,-791.8,0.0,6.8165,1.0,0.0,0.0,0.0,0.0
510,427.94,797.5,8576.0,982.3,184.8,2.3758,1.6242,0.0,-797.5,0.0,6.8165,0.0,-797.5,0.0,6.8165,1.0,0.0,0.0,0.0,0.0
511,428.3,794.45,8912.9,979.05,184.6,2.2738,1.6432,0.0,-794.45,0.0,6.8165,0.0,-794.45,0.0,6.8165,1.0,0.0,0.0,0.0,0.0
512,428.66,773.45,8596.85,970.35,196.9,2.5168,1.5991,0.0,-773.45,0.0,6.8165,0.0,-773.45,0.0,6.8165,1.0,0.0,0.0,0.0,0.0
513,429.02,786.75,8763.0,982.3,195.55,2.4517,1.6105,0.0,-786.75,0.0,6.8165,0.0,-786.75,0.0,6.8165,1.0,0.0,0.0,0.0,0.0
514,429.39,777.45,8900.45,967.85,190.4,2.344,1.63,0.0,-777.45,0.0,6.8165,0.0,-777.45,0.0,6.8165,1.0,0.0,0.0,0.0,0.0
515,429.75,780.95,9076.6,969.9,188.95,2.2777,1.6425,0.0,-780.95,0.0,6.8165,0.0,-780.95,0.0,6.8165,1.0,0.0,0.0,0.0,0.0
516,430.11,789.65,9156.65,981.2,191.55,2.2894,1.6403,0.0,-789.65,0.0,6.8165,0.0,-789.65,0.0,6.8165,1.0,0.0,0.0,0.0,0.0
517,430.47,792.8,9381.35,973.35,180.55,2.1022,1.6773,0.0,-792.8,0.0,6.8165,0.0,-792.8,0.0,6.8165,1.0,0.0,0.0,0.0,0.0
518,430.83,795.35,9457.55,976.1,180.75,2.0867,1.6805,0.0,-795.35,0.0,6.8165,0.0,-795.35,0.0,6.8165,1.0,0.0,0.0,0.0,0.0
519,431.19,780.7,9605.8,984.15,203.45,2.3054,1.6373,0.0,-780.7,0.0,6.8165,0.0,-780.7,0.0,6.8165,1.0,0.0,0.0,0.0,0.0
520,431.55,778.8,9383.75,973.75,194.95,2.2656,1.6448,0.0,-778.8,0.0,6.8165,0.0,-778.8,0.0,6.8165,1.0,0.0,0.0,0.0,0.0
521,431.91,786.45,9725.1,975.2,188.75,2.1116,1.6754,0.0,-786.45,0.0,6.8165,0.0,-786.45,0.0,6.8165,1.0,0.0,0.0,0.0,0.0
522,432.27,785.3,9999.45,980.65,195.35,2.1201,1.6736,0.0,-785.3,0.0,6.8165,0.0,-785.3,0.0,6.8165,1.0,0.0,0.0,0.0,0.0
523,432.63,795.0,9909.75,974.6,179.6,1.9704,1.7054,0.0,-795.0,0.0,6.8165,0.0,-795.0,0.0,6.8165,1.0,0.0,0.0,0.0,0.0
524,432.99,779.25,10100.3,980.8,201.55,2.1623,1.6651,0.0,-779.25,0.0,6.8165,0.0,-779.25,0.0,6.8165,1.0,0.0,0.0,0.0,0.0
525,433.35,775.55,10240.9,985.2,209.65,2.2149,1.6546,0.0,-775.55,0.0,6.8165,0.0,-775.55,0.0,6.8165,1.0,0.0,0.0,0.0,0.0
526,433.71,787.1,10248.35,984.2,197.1,2.0832,1.6813,0.0,-787.1,0.0,6.8165,0.0,-787.1,0.0,6.8165,1.0,0.0,0.0,0.0,0.0
527,434.07,795.4,10787.7,978.1,182.7,1.8284,1.7379,0.0,-795.4,0.0,6.8165,0.0,-795.4,0.0,6.8165,1.0,0.0,0.0,0.0,0.0
528,434.43,782.25,10712.55,989.05,206.8,2.0825,1.6814,0.0,-782.25,0.0,6.8165,0.0,-782.25,0.0,6.8165,1.0,0.0,0.0,0.0,0.0
529,434.79,803.25,10828.2,979.25,176.0,1.7556,1.7556,0.0,-803.25,0.0,6.8165,0.0,-803.25,0.0,6.8165,1.0,0.0,0.0,0.0,0.0
530,435.15,785.3,11048.55,983.8,198.5,1.9341,1.7135,0.0,-785.3,0.0,6.8165,0.0,-785.3,0.0,6.8165,1.0,0.0,0.0,0.0,0.0
531,435.51,803.25,11301.95,987.35,184.1,1.7536,1.7561,0.0,-803.25,0.0,6.8165,0.0,-803.25,0.0,6.8165,1.0,0.0,0.0,0.0,0.0
532,435.87,768.5,11327.1,986.85,218.35,2.068,1.6845,0.0,-768.5,0.0,6.8165,0.0,-768.5,0.0,6.8165,1.0,0.0,0.0,0.0,0.0
533,436.23,792.4,11695.5,979.8,187.4,1.7188,1.7648,0.0,-792.4,0.0,6.8165,0.0,-792.4,0.0,6.8165,1.0,0.0,0.0,0.0,0.0
534,436.59,799.5,11929.15,991.65,192.15,1.7265,1.7628,0.0,-799.5,0.0,6.8165,0.0,-799.5,0.0,6.8165,1.0,0.0,0.0,0.0,0.0
535,436.94,801.7,12113.1,987.8,186.1,1.6452,1.7838,0.0,-801.7,0.0,6.8165,0.0,-801.7,0.0,6.8165,1.0,0.0,0.0,0.0,0.0
536,437.3,784.7,12310.9,996.6,211.9,1.8384,1.7356,0.0,-784.7,0.0,6.8165,0.0,-784.7,0.0,6.8165,1.0,0.0,0.0,0.0,0.0
537,437.66,803.8,12222.3,995.15,191.35,1.6758,1.7758,0.0,-803.8,0.0,6.8165,0.0,-803.8,0.0,6.8165,1.0,0.0,0.0,0.0,0.0
538,438.02,782.2,12650.15,997.3,215.1,1.8124,1.7417,0.0,-782.2,0.0,6.8165,0.0,-782.2,0.0,6.8165,1.0,0.0,0.0,0.0,0.0
539,438.38,787.3,12940.75,981.15,193.85,1.595,1.7972,0.0,-787.3,0.0,6.8165,0.0,-787.3,0.0,6.8165,1.0,0.0,0.0,0.0,0.0
540,438.74,797.05,13078.2,983.8,186.75,1.5206,1.818,0.0,-797.05,0.0,6.8165,0.0,-797.05,0.0,6.8165,1.0,0.0,0.0,0.0,0.0
541,439.1,792.95,12701.4,985.25,192.3,1.6148,1.7919,0.0,-792.95,0.0,6.8165,0.0,-792.95,0.0,6.8165,1.0,0.0,0.0,0.0,0.0
542,439.46,789.8,12907.25,988.2,198.4,1.6373,1.7859,0.0,-789.8,0.0,6.8165,0.0,-789.8,0.0,6.8165,1.0,0.0,0.0,0.0,0.0
543,439.81,781.3,13138.85,1003.05,221.75,1.7944,1.7461,0.0,-781.3,0.0,6.8165,0.0,-781.3,0.0,6.8165,1.0,0.0,0.0,0.0,0.0
544,440.17,776.45,12955.9,997.3,220.85,1.8133,1.7415,0.0,-776.45,0.0,6.8165,0.0,-776.45,0.0,6.8165,1.0,0.0,0.0,0.0,0.0
545,440.53,795.3,13222.2,985.95,190.65,1.5342,1.8141,0.0,-795.3,0.0,6.8165,0.0,-795.3,0.0,6.8165,1.0,0.0,0.0,0.0,0.0
546,440.89,798.2,13253.3,995.5,197.3,1.5841,1.8002,0.0,-798.2,0.0,6.8165,0.0,-798.2,0.0,6.8165,1.0,0.0,0.0,0.0,0.0
547,441.25,789.35,13314.35,1004.45,215.1,1.7174,1.7651,0.0,-789.35,0.0,6.8165,0.0,-789.35,0.0,6.8165,1.0,0.0,0.0,0.0,0.0
548,441.6,786.05,13481.65,1005.1,219.05,1.7254,1.7631,0.0,-786.05,0.0,6.8165,0.0,-786.05,0.0,6.8165,1.0,0.0,0.0,0.0,0.0
549,441.96,779.4,13702.7,1002.75,223.35,1.7283,1.7624,0.0,-779.4,0.0,6.8165,0.0,-779.4,0.0,6.8165,1.0,0.0,0.0,0.0,0.0
550,442.32,780.9,13522.6,1007.45,226.55,1.778,1.7501,0.0,-780.9,0.0,6.8165,0.0,-780.9,0.0,6.8165,1.0,0.0,0.0,0.0,0.0
551,442.68,787.6,13399.95,982.95,195.35,1.5489,1.81,0.0,-787.6,0.0,6.8165,0.0,-787.6,0.0,6.8165,1.0,0.0,0.0,0.0,0.0
552,443.03,794.7,14253.35,994.15,199.45,1.4819,1.8292,0.0,-794.7,0.0,6.8165,0.0,-794.7,0.0,6.8165,1.0,0.0,0.0,0.0,0.0
553,443.39,766.8,13780.5,997.0,230.2,1.7689,1.7523,0.0,-766.8,0.0,6.8165,0.0,-766.8,0.0,6.8165,1.0,0.0,0.0,0.0,0.0
554,443.75,773.1,14825.55,1025.1,252.0,1.7933,1.7464,0.0,-773.1,0.0,6.8165,0.0,-773.1,0.0,6.8165,1.0,0.0,0.0,0.0,0.0
555,444.11,781.55,14691.8,1008.7,227.15,1.633,1.787,0.0,-781.55,0.0,6.8165,0.0,-781.55,0.0,6.8165,1.0,0.0,0.0,0.0,0.0
556,444.46,788.75,14529.1,1007.9,219.15,1.5949,1.7973,0.0,-788.75,0.0,6.8165,0.0,-788.75,0.0,6.8165,1.0,0.0,0.0,0.0,0.0
557,444.82,795.6,14497.4,1019.5,223.9,1.6341,1.7867,0.0,-795.6,0.0,6.8165,0.0,-795.6,0.0,6.8165,1.0,0.0,0.0,0.0,0.0
558,445.18,786.45,14488.45,1013.3,226.85,1.6556,1.781,0.0,-786.45,0.0,6.8165,0.0,-786.45,0.0,6.8165,1.0,0.0,0.0,0.0,0.0
559,445.53,786.2,14732.85,1014.5,228.3,1.637,1.786,0.0,-786.2,0.0,6.8165,0.0,-786.2,0.0,6.8165,1.0,0.0,0.0,0.0,0.0
560,445.89,786.9,14933.7,1010.85,223.95,1.583,1.8005,0.0,-786.9,0.0,6.8165,0.0,-786.9,0.0,6.8165,1.0,0.0,0.0,0.0,0.0
561,446.25,788.85,15432.9,1028.7,239.85,1.6379,1.7857,0.0,-788.85,0.0,6.8165,0.0,-788.85,0.0,6.8165,1.0,0.0,0.0,0.0,0.0
562,446.6,792.45,15086.3,1004.6,212.15,1.4842,1.8285,0.0,-792.45,0.0,6.8165,0.0,-792.45,0.0,6.8165,1.0,0.0,0.0,0.0,0.0
563,446.96,797.05,15088.6,996.4,199.35,1.3949,1.8555,0.0,-797.05,0.0,6.8165,0.0,-797.05,0.0,6.8165,1.0,0.0,0.0,0.0,0.0
564,447.32,800.7,15512.8,1018.15,217.45,1.478,1.8303,0.0,-800.7,0.0,6.8165,0.0,-800.7,0.0,6.8165,1.0,0.0,0.0,0.0,0.0
565,447.67,794.25,15932.85,1014.0,219.75,1.4516,1.8382,0.0,-794.25,0.0,6.8165,0.0,-794.25,0.0,6.8165,1.0,0.0,0.0,0.0,0.0
566,448.03,800.15,15869.7,1016.45,216.3,1.4353,1.843,0.0,-800.15,0.0,6.8165,0.0,-800.15,0.0,6.8165,1.0,0.0,0.0,0.0,0.0
567,448.38,796.4,16017.2,1026.25,229.85,1.5101,1.821,0.0,-796.4,0.0,6.8165,0.0,-796.4,0.0,6.8165,1.0,0.0,0.0,0.0,0.0
568,448.74,794.2,16762.8,1020.8,226.6,1.419,1.848,0.0,-794.2,0.0,6.8165,0.0,-794.2,0.0,6.8165,1.0,0.0,0.0,0.0,0.0
569,449.1,796.4,16555.45,1015.45,219.05,1.39,1.857,0.0,-796.4,0.0,6.8165,0.0,-796.4,0.0,6.8165,1.0,0.0,0.0,0.0,0.0
570,449.45,795.75,17581.1,1027.6,231.85,1.3813,1.8597,0.0,-795.75,0.0,6.8165,0.0,-795.75,0.0,6.8165,1.0,0.0,0.0,0.0,0.0
571,449.81,800.7,18736.65,1026.4,225.7,1.2584,1.9002,0.0,-800.7,0.0,6.8165,0.0,-800.7,0.0,6.8165,1.0,0.0,0.0,0.0,0.0
572,450.16,788.8,19307.6,1032.45,243.65,1.3157,1.8808,0.0,-788.8,0.0,6.8165,0.0,-788.8,0.0,6.8165,1.0,0.0,0.0,0.0,0.0
573,450.52,798.55,20507.6,1023.9,225.35,1.1434,1.9418,0.0,-798.55,0.0,6.8165,0.0,-798.55,0.0,6.8165,1.0,0.0,0.0,0.0,0.0
574,450.87,804.65,19706.3,1022.35,217.7,1.1518,1.9386,0.0,-804.65,0.0,6.8165,0.0,-804.65,0.0,6.8165,1.0,0.0,0.0,0.0,0.0
575,451.23,803.0,18793.05,1029.45,226.45,1.2588,1.9001,0.0,-803.0,0.0,6.8165,0.0,-803.0,0.0,6.8165,1.0,0.0,0.0,0.0,0.0
576,451.59,801.85,18857.05,1026.7,224.85,1.2453,1.9047,0.0,-801.85,0.0,6.8165,0.0,-801.85,0.0,6.8165,1.0,0.0,0.0,0.0,0.0
577,451.94,794.4,18728.55,1031.6,237.2,1.3226,1.8786,0.0,-794.4,0.0,6.8165,0.0,-794.4,0.0,6.8165,1.0,0.0,0.0,0.0,0.0
578,452.3,800.2,19080.95,1010.95,210.75,1.1529,1.9382,0.0,-800.2,0.0,6.8165,0.0,-800.2,0.0,6.8165,1.0,0.0,0.0,0.0,0.0
579,452.65,785.05,19104.25,1027.0,241.95,1.3207,1.8792,0.0,-785.05,0.0,6.8165,0.0,-785.05,0.0,6.8165,1.0,0.0,0.0,0.0,0.0
580,453.01,793.6,19648.8,1028.75,235.15,1.2471,1.9041,0.0,-793.6,0.0,6.8165,0.0,-793.6,0.0,6.8165,1.0,0.0,0.0,0.0,0.0
581,453.36,785.25,19111.75,1038.05,252.8,1.3794,1.8603,0.0,-785.25,0.0,6.8165,0.0,-785.25,0.0,6.8165,1.0,0.0,0.0,0.0,0.0
582,453.71,797.65,18241.45,1031.6,233.95,1.3412,1.8725,0.0,-797.65,0.0,6.8165,0.0,-797.65,0.0,6.8165,1.0,0.0,0.0,0.0,0.0
583,454.07,788.75,18685.45,1016.0,227.25,1.2698,1.8963,0.0,-788.75,0.0,6.8165,0.0,-788.75,0.0,6.8165,1.0,0.0,0.0,0.0,0.0
584,454.42,778.95,18717.6,1035.05,256.1,1.4276,1.8454,0.0,-778.95,0.0,6.8165,0.0,-778.95,0.0,6.8165,1.0,0.0,0.0,0.0,0.0
585,454.78,775.45,19544.4,1035.55,260.1,1.3858,1.8583,0.0,-775.45,0.0,6.8165,0.0,-775.45,0.0,6.8165,1.0,0.0,0.0,0.0,0.0
586,455.13,785.5,19540.3,1042.65,257.15,1.3711,1.8629,0.0,-785.5,0.0,6.8165,0.0,-785.5,0.0,6.8165,1.0,0.0,0.0,0.0,0.0
587,455.49,808.5,20268.25,1046.45,237.95,1.2228,1.9127,0.0,-808.5,0.0,6.8165,0.0,-808.5,0.0,6.8165,1.0,0.0,0.0,0.0,0.0
588,455.84,789.45,19393.45,1045.05,255.6,1.3739,1.862,0.0,-789.45,0.0,6.8165,0.0,-789.45,0.0,6.8165,1.0,0.0,0.0,0.0,0.0
589,456.19,794.75,20441.2,1043.65,248.9,1.2669,1.8973,0.0,-794.75,0.0,6.8165,0.0,-794.75,0.0,6.8165,1.0,0.0,0.0,0.0,0.0
590,456.55,796.2,20996.95,1054.1,257.9,1.2767,1.8939,0.0,-796.2,0.0,6.8165,0.0,-796.2,0.0,6.8165,1.0,0.0,0.0,0.0,0.0
591,456.9,781.85,21459.05,1041.6,259.75,1.2562,1.9009,0.0,-781.85,0.0,6.8165,0.0,-781.85,0.0,6.8165,1.0,0.0,0.0,0.0,0.0
592,457.26,797.65,21664.9,1035.5,237.85,1.1398,1.9432,0.0,-797.65,0.0,6.8165,0.0,-797.65,0.0,6.8165,1.0,0.0,0.0,0.0,0.0
593,457.61,794.85,21570.4,1037.9,243.05,1.1699,1.9319,0.0,-794.85,0.0,6.8165,0.0,-794.85,0.0,6.8165,1.0,0.0,0.0,0.0,0.0
594,457.96,805.1,22123.5,1047.0,241.9,1.1347,1.9451,0.0,-805.1,0.0,6.8165,0.0,-805.1,0.0,6.8165,1.0,0.0,0.0,0.0,0.0
595,458.32,795.0,23093.7,1048.8,253.8,1.1382,1.9438,0.0,-795.0,0.0,6.8165,0.0,-795.0,0.0,6.8165,1.0,0.0,0.0,0.0,0.0
596,458.67,798.75,22657.7,1039.15,240.4,1.0998,1.9587,0.0,-798.75,0.0,6.8165,0.0,-798.75,0.0,6.8165,1.0,0.0,0.0,0.0,0.0
597,459.02,790.1,22694.95,1047.3,257.2,1.1742,1.9303,0.0,-790.1,0.0,6.8165,0.0,-790.1,0.0,6.8165,1.0,0.0,0.0,0.0,0.0
598,459.38,803.7,22664.95,1046.45,242.75,1.1104,1.9545,0.0,-803.7,0.0,6.8165,0.0,-803.7,0.0,6.8165,1.0,0.0,0.0,0.0,0.0
599,459.73,791.75,22936.1,1044.0,252.25,1.1391,1.9434,0.0,-791.75,0.0,6.8165,0.0,-791.75,0.0,6.8165,1.0,0.0,0.0,0.0,0.0
600,460.08,801.85,22940.85,1067.8,265.95,1.2013,1.9204,0.0,-801.85,0.0,6.8165,0.0,-801.85,0.0,6.8165,1.0,0.0,0.0,0.0,0.0
601,460.44,792.25,23384.6,1053.5,261.25,1.1564,1.9369,0.0,-792.25,0.0,6.8165,0.0,-792.25,0.0,6.8165,1.0,0.0,0.0,0.0,0.0
602,460.79,789.35,23173.7,1057.0,267.65,1.1957,1.9224,0.0,-789.35,0.0,6.8165,0.0,-789.35,0.0,6.8165,1.0,0.0,0.0,0.0,0.0
603,461.14,796.8,24004.1,1052.0,255.2,1.0997,1.9587,0.0,-796.8,0.0,6.8165,0.0,-796.8,0.0,6.8165,1.0,0.0,0.0,0.0,0.0
604,461.49,799.5,24330.25,1062.85,263.35,1.1192,1.9511,0.0,-799.5,0.0,6.8165,0.0,-799.5,0.0,6.8165,1.0,0.0,0.0,0.0,0.0
605,461.85,799.5,24547.95,1045.3,245.8,1.035,1.9851,0.0,-799.5,0.0,6.8165,0.0,-799.5,0.0,6.8165,1.0,0.0,0.0,0.0,0.0
606,462.2,791.35,25213.35,1057.15,265.8,1.0884,1.9632,0.0,-791.35,0.0,6.8165,0.0,-791.35,0.0,6.8165,1.0,0.0,0.0,0.0,0.0
607,462.55,788.1,24845.35,1063.85,275.75,1.1462,1.9407,0.0,-788.1,0.0,6.8165,0.0,-788.1,0.0,6.8165,1.0,0.0,0.0,0.0,0.0
608,462.9,790.0,26634.2,1066.95,276.95,1.0716,1.97,0.0,-790.0,0.0,6.8165,0.0,-790.0,0.0,6.8165,1.0,0.0,0.0,0.0,0.0
609,463.26,782.3,27125.75,1076.3,294.0,1.116,1.9523,0.0,-782.3,0.0,6.8165,0.0,-782.3,0.0,6.8165,1.0,0.0,0.0,0.0,0.0
610,463.61,792.9,26540.0,1060.05,267.15,1.0376,1.984,0.0,-792.9,0.0,6.8165,0.0,-792.9,0.0,6.8165,1.0,0.0,0.0,0.0,0.0
611,463.96,791.35,26361.7,1061.25,269.9,1.0555,1.9765,0.0,-791.35,0.0,6.8165,0.0,-791.35,0.0,6.8165,1.0,0.0,0.0,0.0,0.0
612,464.31,786.35,27077.25,1081.25,294.9,1.1217,1.9501,0.0,-786.35,0.0,6.8165,0.0,-786.35,0.0,6.8165,1.0,0.0,0.0,0.0,0.0
613,464.66,784.05,26334.2,1065.8,281.75,1.1027,1.9575,0.0,-784.05,0.0,6.8165,0.0,-784.05,0.0,6.8165,1.0,0.0,0.0,0.0,0.0
614,465.02,778.8,26205.1,1061.0,282.2,1.1099,1.9547,0.0,-778.8,0.0,6.8165,0.0,-778.8,0.0,6.8165,1.0,0.0,0.0,0.0,0.0
615,465.37,791.65,26777.75,1059.1,267.45,1.0292,1.9875,0.0,-791.65,0.0,6.8165,0.0,-791.65,0.0,6.8165,1.0,0.0,0.0,0.0,0.0
616,465.72,794.1,27119.55,1066.95,272.85,1.0364,1.9845,0.0,-794.1,0.0,6.8165,0.0,-794.1,0.0,6.8165,1.0,0.0,0.0,0.0,0.0
617,466.07,788.2,26776.05,1062.1,273.9,1.054,1.9772,0.0,-788.2,0.0,6.8165,0.0,-788.2,0.0,6.8165,1.0,0.0,0.0,0.0,0.0
618,466.42,797.7,27840.75,1083.7,286.0,1.0576,1.9757,0.0,-797.7,0.0,6.8165,0.0,-797.7,0.0,6.8165,1.0,0.0,0.0,0.0,0.0
619,466.77,797.1,27976.05,1068.35,271.25,0.998,2.0009,0.0,-797.1,0.0,6.8165,0.0,-797.1,0.0,6.8165,1.0,0.0,0.0,0.0,0.0
620,467.12,786.1,28892.4,1082.45,296.35,1.0544,1.977,0.0,-786.1,0.0,6.8165,0.0,-786.1,0.0,6.8165,1.0,0.0,0.0,0.0,0.0
621,467.48,799.45,30545.65,1084.0,284.55,0.9566,2.0193,0.0,-799.45,0.0,6.8165,0.0,-799.45,0.0,6.8165,1.0,0.0,0.0,0.0,0.0
622,467.83,792.85,32338.3,1066.35,273.5,0.867,2.062,0.0,-792.85,0.0,6.8165,0.0,-792.85,0.0,6.8165,1.0,0.0,0.0,0.0,0.0
623,468.18,792.2,32243.15,1079.1,286.9,0.9122,2.0399,0.0,-792.2,0.0,6.8165,0.0,-792.2,0.0,6.8165,1.0,0.0,0.0,0.0,0.0
624,468.53,803.05,32883.1,1092.55,289.5,0.9024,2.0446,0.0,-803.05,0.0,6.8165,0.0,-803.05,0.0,6.8165,1.0,0.0,0.0,0.0,0.0
625,468.88,795.55,32156.6,1072.6,277.05,0.8834,2.0538,0.0,-795.55,0.0,6.8165,0.0,-795.55,0.0,6.8165,1.0,0.0,0.0,0.0,0.0
626,469.23,779.05,31681.8,1078.8,299.75,0.97,2.0132,0.0,-779.05,0.0,6.8165,0.0,-779.05,0.0,6.8165,1.0,0.0,0.0,0.0,0.0
627,469.58,782.95,31726.05,1079.15,296.2,0.9572,2.019,0.0,-782.95,0.0,6.8165,0.0,-782.95,0.0,6.8165,1.0,0.0,0.0,0.0,0.0
628,469.93,795.95,31421.05,1074.6,278.65,0.9099,2.041,0.0,-795.95,0.0,6.8165,0.0,-795.95,0.0,6.8165,1.0,0.0,0.0,0.0,0.0
629,470.28,793.45,31523.7,1088.25,294.8,0.9593,2.018,0.0,-793.45,0.0,6.8165,0.0,-793.45,0.0,6.8165,1.0,0.0,0.0,0.0,0.0
630,470.63,789.75,30942.0,1097.2,307.45,1.0197,1.9915,0.0,-789.75,0.0,6.8165,0.0,-789.75,0.0,6.8165,1.0,0.0,0.0,0.0,0.0
631,470.98,787.4,30489.55,1089.45,302.05,1.0169,1.9927,0.0,-787.4,0.0,6.8165,0.0,-787.4,0.0,6.8165,1.0,0.0,0.0,0.0,0.0
632,471.33,778.6,29661.65,1090.6,312.0,1.0802,1.9665,0.0,-778.6,0.0,6.8165,0.0,-778.6,0.0,6.8165,1.0,0.0,0.0,0.0,0.0
633,471.68,790.85,30480.85,1094.1,303.25,1.0214,1.9908,0.0,-790.85,0.0,6.8165,0.0,-790.85,0.0,6.8165,1.0,0.0,0.0,0.0,0.0
634,472.03,790.5,29791.65,1100.65,310.15,1.0694,1.9708,0.0,-790.5,0.0,6.8165,0.0,-790.5,0.0,6.8165,1.0,0.0,0.0,0.0,0.0
635,472.38,783.9,29183.05,1083.45,299.55,1.0548,1.9768,0.0,-783.9,0.0,6.8165,0.0,-783.9,0.0,6.8165,1.0,0.0,0.0,0.0,0.0
636,472.73,794.1,30688.55,1085.7,291.6,0.9754,2.0108,0.0,-794.1,0.0,6.8165,0.0,-794.1,0.0,6.8165,1.0,0.0,0.0,0.0,0.0
637,473.08,779.15,32447.4,1099.25,320.1,1.0108,1.9953,0.0,-779.15,0.0,6.8165,0.0,-779.15,0.0,6.8165,1.0,0.0,0.0,0.0,0.0
638,473.43,775.9,34478.45,1067.25,291.35,0.8645,2.0632,0.0,-775.9,0.0,6.8165,0.0,-775.9,0.0,6.8165,1.0,0.0,0.0,0.0,0.0
639,473.78,784.45,36124.2,1103.4,318.95,0.9025,2.0445,0.0,-784.45,0.0,6.8165,0.0,-784.45,0.0,6.8165,1.0,0.0,0.0,0.0,0.0
640,474.13,787.95,34967.45,1120.05,332.1,0.9716,2.0125,0.0,-787.95,0.0,6.8165,0.0,-787.95,0.0,6.8165,1.0,0.0,0.0,0.0,0.0
641,474.48,786.6,33444.95,1107.75,321.15,0.9834,2.0073,0.0,-786.6,0.0,6.8165,0.0,-786.6,0.0,6.8165,1.0,0.0,0.0,0.0,0.0
642,474.83,766.5,30618.3,1097.0,330.5,1.1071,1.9558,0.0,-766.5,0.0,6.8165,0.0,-766.5,0.0,6.8165,1.0,0.0,0.0,0.0,0.0
643,475.18,770.05,30473.35,1104.65,334.6,1.1265,1.9483,0.0,-770.05,0.0,6.8165,0.0,-770.05,0.0,6.8165,1.0,0.0,0.0,0.0,0.0
644,475.52,782.45,30063.55,1108.2,325.75,1.1125,1.9537,0.0,-782.45,0.0,6.8165,0.0,-782.45,0.0,6.8165,1.0,0.0,0.0,0.0,0.0
645,475.87,772.2,29931.9,1127.0,354.8,1.2167,1.9148,0.0,-772.2,0.0,6.8165,0.0,-772.2,0.0,6.8165,1.0,0.0,0.0,0.0,0.0
646,476.22,795.6,29511.7,1129.05,333.45,1.1612,1.9351,0.0,-795.6,0.0,6.8165,0.0,-795.6,0.0,6.8165,1.0,0.0,0.0,0.0,0.0
647,476.57,791.4,29487.4,1130.5,339.1,1.1817,1.9275,0.0,-791.4,0.0,6.8165,0.0,-791.4,0.0,6.8165,1.0,0.0,0.0,0.0,0.0
648,476.92,780.0,29133.95,1124.7,344.7,1.2157,1.9152,0.0,-780.0,0.0,6.8165,0.0,-780.0,0.0,6.8165,1.0,0.0,0.0,0.0,0.0
649,477.27,783.55,29379.4,1144.65,361.1,1.2628,1.8987,0.0,-783.55,0.0,6.8165,0.0,-783.55,0.0,6.8165,1.0,0.0,0.0,0.0,0.0
650,477.62,785.05,30183.45,1134.3,349.25,1.188,1.9252,0.0,-785.05,0.0,6.8165,0.0,-785.05,0.0,6.8165,1.0,0.0,0.0,0.0,0.0
651,477.96,779.7,29734.95,1139.5,359.8,1.2426,1.9057,0.0,-779.7,0.0,6.8165,0.0,-779.7,0.0,6.8165,1.0,0.0,0.0,0.0,0.0
652,478.31,801.7,29857.85,1137.35,335.65,1.1552,1.9374,0.0,-801.7,0.0,6.8165,0.0,-801.7,0.0,6.8165,1.0,0.0,0.0,0.0,0.0
653,478.66,797.05,30401.75,1174.5,377.45,1.275,1.8945,0.0,-797.05,0.0,6.8165,0.0,-797.05,0.0,6.8165,1.0,0.0,0.0,0.0,0.0
654,479.01,789.0,31016.6,1161.9,372.9,1.2336,1.9088,0.0,-789.0,0.0,6.8165,0.0,-789.0,0.0,6.8165,1.0,0.0,0.0,0.0,0.0
655,479.36,794.0,31101.15,1177.05,383.05,1.2639,1.8983,0.0,-794.0,0.0,6.8165,0.0,-794.0,0.0,6.8165,1.0,0.0,0.0,0.0,0.0
656,479.7,786.15,31706.75,1206.15,420.0,1.3583,1.867,0.0,-786.15,0.0,6.8165,0.0,-786.15,0.0,6.8165,1.0,0.0,0.0,0.0,0.0
657,480.05,791.5,32186.15,1226.85,435.35,1.3867,1.858,0.0,-791.5,0.0,6.8165,0.0,-791.5,0.0,6.8165,1.0,0.0,0.0,0.0,0.0
658,480.4,791.6,33439.05,1251.1,459.5,1.4075,1.8516,0.0,-791.6,0.0,6.8165,0.0,-791.6,0.0,6.8165,1.0,0.0,0.0,0.0,0.0
659,480.75,801.45,34262.85,1267.35,465.9,1.3924,1.8563,0.0,-801.45,0.0,6.8165,0.0,-801.45,0.0,6.8165,1.0,0.0,0.0,0.0,0.0
660,481.09,791.9,35173.05,1310.0,518.1,1.5069,1.8219,0.0,-791.9,0.0,6.8165,0.0,-791.9,0.0,6.8165,1.0,0.0,0.0,0.0,0.0
661,481.44,792.65,35913.15,1368.65,576.0,1.6401,1.7851,0.0,-792.65,0.0,6.8165,0.0,-792.65,0.0,6.8165,1.0,0.0,0.0,0.0,0.0
662,481.79,791.1,36543.0,1416.0,624.9,1.7479,1.7575,0.0,-791.1,0.0,6.8165,0.0,-791.1,0.0,6.8165,1.0,0.0,0.0,0.0,0.0
663,482.14,784.4,36803.6,1488.4,704.0,1.9545,1.709,0.0,-784.4,0.0,6.8165,0.0,-784.4,0.0,6.8165,1.0,0.0,0.0,0.0,0.0
664,482.48,792.15,37258.75,1580.35,788.2,2.1614,1.6653,0.0,-792.15,0.0,6.8165,0.0,-792.15,0.0,6.8165,1.0,0.0,0.0,0.0,0.0
665,482.83,791.75,37420.0,1678.1,886.35,2.4199,1.6162,0.0,-791.75,0.0,6.8165,0.0,-791.75,0.0,6.8165,1.0,0.0,0.0,0.0,0.0
666,483.18,781.05,37096.5,1761.45,980.4,2.6997,1.5687,0.0,-781.05,0.0,6.8165,0.0,-781.05,0.0,6.8165,1.0,0.0,0.0,0.0,0.0
667,483.52,772.7,37537.7,1917.15,1144.45,3.1129,1.5068,0.0,-772.7,0.0,6.8165,0.0,-772.7,0.0,6.8165,1.0,0.0,0.0,0.0,0.0
668,483.87,777.65,37613.25,2066.05,1288.4,3.4977,1.4562,0.0,-777.65,0.0,6.8165,0.0,-777.65,0.0,6.8165,1.0,0.0,0.0,0.0,0.0
669,484.22,789.6,37804.6,2199.9,1410.3,3.8101,1.4191,0.0,-789.6,0.0,6.8165,0.0,-789.6,0.0,6.8165,1.0,0.0,0.0,0.0,0.0
670,484.56,781.8,37757.2,2438.05,1656.25,4.4793,1.3488,0.0,-781.8,0.0,6.8165,0.0,-781.8,0.0,6.8165,1.0,0.0,0.0,0.0,0.0
671,484.91,796.75,37651.05,2670.05,1873.3,5.083,1.2939,0.0,-796.75,0.0,6.8165,0.0,-796.75,0.0,6.8165,1.0,0.0,0.0,0.0,0.0
672,485.26,784.1,37264.8,2915.2,2131.1,5.8417,1.2335,0.0,-784.1,0.0,6.8165,0.0,-784.1,0.0,6.8165,1.0,0.0,0.0,0.0,0.0
673,485.6,782.6,37084.55,3168.9,2386.3,6.5735,1.1822,0.0,-782.6,0.0,6.8165,0.0,-782.6,0.0,6.8165,1.0,0.0,0.0,0.0,0.0
674,485.95,787.7,37186.55,3514.05,2726.35,7.4902,1.1255,0.0,-787.7,0.0,6.8165,0.0,-787.7,0.0,6.8165,1.0,0.0,0.0,0.0,0.0
675,486.3,789.65,36729.95,3831.4,3041.75,8.4633,1.0725,0.0,-789.65,0.0,6.8165,0.0,-789.65,0.0,6.8165,1.0,0.0,0.0,0.0,0.0
676,486.64,790.3,36789.4,4232.05,3441.75,9.5607,1.0195,0.0,-790.3,0.0,6.8165,0.0,-790.3,0.0,6.8165,1.0,0.0,0.0,0.0,0.0
677,486.99,811.1,36843.2,4662.2,3851.1,10.688,0.9711,0.0,-811.1,0.0,6.8165,0.0,-811.1,0.0,6.8165,1.0,0.0,0.0,0.0,0.0
678,487.33,788.35,37081.75,5173.45,4385.1,12.0824,0.9178,0.0,-788.35,0.0,6.8165,0.0,-788.35,0.0,6.8165,1.0,0.0,0.0,0.0,0.0
679,487.68,769.15,36927.95,5689.3,4920.15,13.6071,0.8662,0.0,-769.15,0.0,6.8165,0.0,-769.15,0.0,6.8165,1.0,0.0,0.0,0.0,0.0
680,488.02,802.35,37470.5,6322.65,5520.3,15.0548,0.8223,0.0,-802.35,0.0,6.8165,0.0,-802.35,0.0,6.8165,1.0,0.0,0.0,0.0,0.0
681,488.37,799.1,37346.0,6892.45,6093.35,16.6727,0.778,0.0,-799.1,0.0,6.8165,0.0,-799.1,0.0,6.8165,1.0,0.0,0.0,0.0,0.0
682,488.72,799.85,37496.9,7577.45,6777.6,18.4691,0.7336,0.0,-799.85,0.0,6.8165,0.0,-799.85,0.0,6.8165,1.0,0.0,0.0,0.0,0.0
683,489.06,783.1,37778.65,8309.3,7526.2,20.3435,0.6916,0.0,-783.1,0.0,6.8165,0.0,-783.1,0.0,6.8165,1.0,0.0,0.0,0.0,0.0
684,489.41,790.8,38000.75,9101.4,8310.6,22.3343,0.651,0.0,-790.8,0.0,6.8165,0.0,-790.8,0.0,6.8165,1.0,0.0,0.0,0.0,0.0
685,489.75,791.45,38177.85,9853.0,9061.55,24.2376,0.6155,0.0,-791.45,0.0,6.8165,0.0,-791.45,0.0,6.8165,1.0,0.0,0.0,0.0,0.0
686,490.1,789.9,38265.7,10729.85,9939.95,26.5236,0.5764,0.0,-789.9,0.0,6.8165,0.0,-789.9,0.0,6.8165,1.0,0.0,0.0,0.0,0.0
687,490.44,806.55,38278.95,11516.4,10709.85,28.5806,0.5439,0.0,-806.55,0.0,6.8165,0.0,-806.55,0.0,6.8165,1.0,0.0,0.0,0.0,0.0
688,490.79,806.8,39175.25,12579.5,11772.7,30.6833,0.5131,0.0,-806.8,0.0,6.8165,0.0,-806.8,0.0,6.8165,1.0,0.0,0.0,0.0,0.0
689,491.13,805.75,39225.1,13458.3,12652.55,32.9328,0.4824,0.0,-805.75,0.0,6.8165,0.0,-805.75,0.0,6.8165,1.0,0.0,0.0,0.0,0.0
690,491.48,785.35,39950.5,14628.55,13843.2,35.3457,0.4517,0.0,-785.35,0.0,6.8165,0.0,-785.35,0.0,6.8165,1.0,0.0,0.0,0.0,0.0
691,491.82,792.9,41544.8,16244.45,15451.55,37.9161,0.4212,0.0,-792.9,0.0,6.8165,0.0,-792.9,0.0,6.8165,1.0,0.0,0.0,0.0,0.0
692,492.16,784.65,42912.65,17675.55,16890.9,40.0942,0.3969,0.0,-784.65,0.0,6.8165,0.0,-784.65,0.0,6.8165,1.0,0.0,0.0,0.0,0.0
693,492.51,799.8,43509.8,19008.25,18208.45,42.6328,0.3703,0.0,-799.8,0.0,6.8165,0.0,-799.8,0.0,6.8165,1.0,0.0,0.0,0.0,0.0
694,492.85,794.05,43528.6,19948.85,19154.8,44.8227,0.3485,0.0,-794.05,0.0,6.8165,0.0,-794.05,0.0,6.8165,1.0,0.0,0.0,0.0,0.0
695,493.2,793.4,43007.05,20591.75,19798.35,46.9004,0.3288,0.0,-793.4,0.0,6.8165,0.0,-793.4,0.0,6.8165,1.0,0.0,0.0,0.0,0.0
696,493.54,776.8,43151.6,21551.0,20774.2,49.0249,0.3096,0.0,-776.8,0.0,6.8165,0.0,-776.8,0.0,6.8165,1.0,0.0,0.0,0.0,0.0
697,493.89,780.4,42369.95,22058.5,21278.1,51.1621,0.2911,0.0,-780.4,0.0,6.8165,0.0,-780.4,0.0,6.8165,1.0,0.0,0.0,0.0,0.0
698,494.23,796.65,42149.65,22969.55,22172.9,53.6186,0.2707,0.0,-796.65,0.0,6.8165,0.0,-796.65,0.0,6.8165,1.0,0.0,0.0,0.0,0.0
699,494.57,793.55,41504.05,23273.25,22479.7,55.2184,0.2579,0.0,-793.55,0.0,6.8165,0.0,-793.55,0.0,6.8165,1.0,0.0,0.0,0.0,0.0
700,494.92,795.8,41394.95,23942.1,23146.3,57.0118,0.244,0.0,-795.8,0.0,6.8165,0.0,-795.8,0.0,6.8165,1.0,0.0,0.0,0.0,0.0
701,495.26,802.6,41418.8,24404.5,23601.9,58.1096,0.2358,0.0,-802.6,0.0,6.8165,0.0,-802.6,0.0,6.8165,1.0,0.0,0.0,0.0,0.0
702,495.6,789.2,41181.65,24994.0,24204.8,59.9241,0.2224,0.0,-789.2,0.0,6.8165,0.0,-789.2,0.0,6.8165,1.0,0.0,0.0,0.0,0.0
703,495.95,779.1,40697.05,25739.45,24960.35,62.5291,0.2039,0.0,-779.1,0.0,6.8165,0.0,-779.1,0.0,6.8165,1.0,0.0,0.0,0.0,0.0
704,496.29,799.6,40953.35,26546.1,25746.5,64.1198,0.193,0.0,-799.6,0.0,6.8165,0.0,-799.6,0.0,6.8165,1.0,0.0,0.0,0.0,0.0
705,496.63,796.4,40743.05,27167.85,26371.45,66.0167,0.1803,0.0,-796.4,0.0,6.8165,0.0,-796.4,0.0,6.8165,1.0,0.0,0.0,0.0,0.0
706,496.98,803.4,40455.4,27401.85,26598.45,67.0797,0.1734,0.0,-803.4,0.0,6.8165,0.0,-803.4,0.0,6.8165,1.0,0.0,0.0,0.0,0.0
707,497.32,787.55,40450.85,28338.8,27551.25,69.4628,0.1582,0.0,-787.55,0.0,6.8165,0.0,-787.55,0.0,6.8165,1.0,0.0,0.0,0.0,0.0
708,497.66,769.35,40280.15,28800.15,28030.8,70.9447,0.1491,0.0,-769.35,0.0,6.8165,0.0,-769.35,0.0,6.8165,1.0,0.0,0.0,0.0,0.0
709,498.01,784.25,40260.2,29155.2,28370.95,71.8689,0.1435,0.0,-784.25,0.0,6.8165,0.0,-784.25,0.0,6.8165,1.0,0.0,0.0,0.0,0.0
710,498.35,788.65,40123.75,29900.35,29111.7,74.0095,0.1307,0.0,-788.65,0.0,6.8165,0.0,-788.65,0.0,6.8165,1.0,0.0,0.0,0.0,0.0
711,498.69,796.0,40221.65,30351.6,29555.6,74.9654,0.1251,0.0,-796.0,0.0,6.8165,0.0,-796.0,0.0,6.8165,1.0,0.0,0.0,0.0,0.0
712,499.03,789.95,40032.75,30788.35,29998.4,76.4431,0.1167,0.0,-789.95,0.0,6.8165,0.0,-789.95,0.0,6.8165,1.0,0.0,0.0,0.0,0.0
713,499.38,788.25,40015.05,31126.35,30338.1,77.3402,0.1116,0.0,-788.25,0.0,6.8165,0.0,-788.25,0.0,6.8165,1.0,0.0,0.0,0.0,0.0
714,499.72,794.25,40041.3,31654.0,30859.75,78.6295,0.1044,0.0,-794.25,0.0,6.8165,0.0,-794.25,0.0,6.8165,1.0,0.0,0.0,0.0,0.0
715,500.06,784.0,40323.5,32179.4,31395.4,79.4026,0.1002,0.0,-784.0,0.0,6.8165,0.0,-784.0,0.0,6.8165,1.0,0.0,0.0,0.0,0.0
716,500.4,785.25,40294.7,32562.45,31777.2,80.4294,0.0946,0.0,-785.25,0.0,6.8165,0.0,-785.25,0.0,6.8165,1.0,0.0,0.0,0.0,0.0
717,500.75,797.15,40480.8,33142.9,32345.75,81.509,0.0888,0.0,-797.15,0.0,6.8165,0.0,-797.15,0.0,6.8165,1.0,0.0,0.0,0.0,0.0
718,501.09,790.45,40227.45,33422.85,32632.4,82.7456,0.0823,0.0,-790.45,0.0,6.8165,0.0,-790.45,0.0,6.8165,1.0,0.0,0.0,0.0,0.0
719,501.43,786.45,40154.9,33836.8,33050.35,83.9514,0.076,0.0,-786.45,0.0,6.8165,0.0,-786.45,0.0,6.8165,1.0,0.0,0.0,0.0,0.0
720,501.77,792.2,40672.75,34162.1,33369.9,83.6746,0.0774,0.0,-792.2,0.0,6.8165,0.0,-792.2,0.0,6.8165,1.0,0.0,0.0,0.0,0.0
721,502.11,782.85,41202.5,34740.75,33957.9,84.0133,0.0757,0.0,-782.85,0.0,6.8165,0.0,-782.85,0.0,6.8165,1.0,0.0,0.0,0.0,0.0
722,502.46,777.45,40417.5,35029.8,34252.35,86.4084,0.0634,0.0,-777.45,0.0,6.8165,0.0,-777.45,0.0,6.8165,1.0,0.0,0.0,0.0,0.0
723,502.8,778.45,40650.8,35353.1,34574.65,86.7133,0.0619,0.0,-778.45,0.0,6.8165,0.0,-778.45,0.0,6.8165,1.0,0.0,0.0,0.0,0.0
724,503.14,791.45,40688.05,35866.45,35075.0,87.9148,0.0559,0.0,-791.45,0.0,6.8165,0.0,-791.45,0.0,6.8165,1.0,0.0,0.0,0.0,0.0
725,503.48,787.9,41074.4,36249.8,35461.9,88.0243,0.0554,0.0,-787.9,0.0,6.8165,0.0,-787.9,0.0,6.8165,1.0,0.0,0.0,0.0,0.0
726,503.82,786.35,41260.8,36522.6,35736.25,88.2934,0.0541,0.0,-786.35,0.0,6.8165,0.0,-786.35,0.0,6.8165,1.0,0.0,0.0,0.0,0.0
727,504.16,789.7,40991.55,36624.3,35834.6,89.1367,0.0499,0.0,-789.7,0.0,6.8165,0.0,-789.7,0.0,6.8165,1.0,0.0,0.0,0.0,0.0
728,504.5,800.55,40879.5,36696.9,35896.35,89.5641,0.0479,0.0,-800.55,0.0,6.8165,0.0,-800.55,0.0,6.8165,1.0,0.0,0.0,0.0,0.0
729,504.84,778.45,41301.15,36853.05,36074.6,89.0232,0.0505,0.0,-778.45,0.0,6.8165,0.0,-778.45,0.0,6.8165,1.0,0.0,0.0,0.0,0.0
730,505.19,798.1,41428.8,37113.45,36315.35,89.3791,0.0488,0.0,-798.1,0.0,6.8165,0.0,-798.1,0.0,6.8165,1.0,0.0,0.0,0.0,0.0
731,505.53,797.15,41260.45,37388.9,36591.75,90.4319,0.0437,0.0,-797.15,0.0,6.8165,0.0,-797.15,0.0,6.8165,1.0,0.0,0.0,0.0,0.0
732,505.87,795.95,40879.05,37584.35,36788.4,91.7803,0.0373,0.0,-795.95,0.0,6.8165,0.0,-795.95,0.0,6.8165,1.0,0.0,0.0,0.0,0.0
733,506.21,780.6,41144.45,37751.6,36971.0,91.5943,0.0381,0.0,-780.6,0.0,6.8165,0.0,-780.6,0.0,6.8165,1.0,0.0,0.0,0.0,0.0
734,506.55,785.3,41319.85,37682.05,36896.75,91.0254,0.0408,0.0,-785.3,0.0,6.8165,0.0,-785.3,0.0,6.8165,1.0,0.0,0.0,0.0,0.0
735,506.89,797.8,41162.1,38027.75,37229.95,92.2348,0.0351,0.0,-797.8,0.0,6.8165,0.0,-797.8,0.0,6.8165,1.0,0.0,0.0,0.0,0.0
736,507.23,793.9,41159.25,38238.6,37444.7,92.7645,0.0326,0.0,-793.9,0.0,6.8165,0.0,-793.9,0.0,6.8165,1.0,0.0,0.0,0.0,0.0
737,507.57,793.45,41226.05,38268.85,37475.4,92.6861,0.033,0.0,-793.45,0.0,6.8165,0.0,-793.45,0.0,6.8165,1.0,0.0,0.0,0.0,0.0
738,507.91,792.55,41792.0,38374.45,37581.9,91.6644,0.0378,0.0,-792.55,0.0,6.8165,0.0,-792.55,0.0,6.8165,1.0,0.0,0.0,0.0,0.0
739,508.25,794.15,41894.6,38534.4,37740.25,91.8244,0.037,0.0,-794.15,0.0,6.8165,0.0,-794.15,0.0,6.8165,1.0,0.0,0.0,0.0,0.0
740,508.59,801.85,41549.25,38722.85,37921.0,93.0636,0.0312,0.0,-801.85,0.0,6.8165,0.0,-801.85,0.0,6.8165,1.0,0.0,0.0,0.0,0.0
741,508.93,797.1,41724.7,38898.8,38101.7,93.0954,0.0311,0.0,-797.1,0.0,6.8165,0.0,-797.1,0.0,6.8165,1.0,0.0,0.0,0.0,0.0
742,509.27,800.05,41872.3,39028.35,38228.3,93.0757,0.0312,0.0,-800.05,0.0,6.8165,0.0,-800.05,0.0,6.8165,1.0,0.0,0.0,0.0,0.0
743,509.61,792.35,42043.95,39085.15,38292.8,92.8274,0.0323,0.0,-792.35,0.0,6.8165,0.0,-792.35,0.0,6.8165,1.0,0.0,0.0,0.0,0.0
744,509.95,790.95,42342.95,39277.2,38486.25,92.6219,0.0333,0.0,-790.95,0.0,6.8165,0.0,-790.95,0.0,6.8165,1.0,0.0,0.0,0.0,0.0
745,510.29,800.2,42087.45,39498.25,38698.05,93.7288,0.0281,0.0,-800.2,0.0,6.8165,0.0,-800.2,0.0,6.8165,1.0,0.0,0.0,0.0,0.0
746,510.63,797.15,42136.2,39648.95,38851.8,93.9833,0.0269,0.0,-797.15,0.0,6.8165,0.0,-797.15,0.0,6.8165,1.0,0.0,0.0,0.0,0.0
747,510.97,783.75,42238.8,39798.1,39014.35,94.1124,0.0264,0.0,-783.75,0.0,6.8165,0.0,-783.75,0.0,6.8165,1.0,0.0,0.0,0.0,0.0
748,511.31,785.85,42408.7,40315.35,39529.5,94.9707,0.0224,0.0,-785.85,0.0,6.8165,0.0,-785.85,0.0,6.8165,1.0,0.0,0.0,0.0,0.0
749,511.65,800.35,42797.85,40461.95,39661.6,94.438,0.0249,0.0,-800.35,0.0,6.8165,0.0,-800.35,0.0,6.8165,1.0,0.0,0.0,0.0,0.0
750,511.98,789.15,42775.45,40760.25,39971.1,95.2003,0.0214,0.0,-789.15,0.0,6.8165,0.0,-789.15,0.0,6.8165,1.0,0.0,0.0,0.0,0.0
751,512.32,784.85,42722.25,40722.15,39937.3,95.2307,0.0212,0.0,-784.85,0.0,6.8165,0.0,-784.85,0.0,6.8165,1.0,0.0,0.0,0.0,0.0
752,512.66,782.5,42799.2,40922.1,40139.6,95.5325,0.0198,0.0,-782.5,0.0,6.8165,0.0,-782.5,0.0,6.8165,1.0,0.0,0.0,0.0,0.0
753,513.0,804.2,42959.9,41017.35,40213.15,95.392,0.0205,0.0,-804.2,0.0,6.8165,0.0,-804.2,0.0,6.8165,1.0,0.0,0.0,0.0,0.0
754,513.34,796.5,43067.25,41230.45,40433.95,95.6547,0.0193,0.0,-796.5,0.0,6.8165,0.0,-796.5,0.0,6.8165,1.0,0.0,0.0,0.0,0.0
755,513.68,781.6,43307.15,41391.0,40609.4,95.4941,0.02,0.0,-781.6,0.0,6.8165,0.0,-781.6,0.0,6.8165,1.0,0.0,0.0,0.0,0.0
756,514.02,777.85,44057.35,41608.55,40830.7,94.3419,0.0253,0.0,-777.85,0.0,6.8165,0.0,-777.85,0.0,6.8165,1.0,0.0,0.0,0.0,0.0
757,514.36,781.4,43919.65,41923.0,41141.6,95.3715,0.0206,0.0,-781.4,0.0,6.8165,0.0,-781.4,0.0,6.8165,1.0,0.0,0.0,0.0,0.0
758,514.69,786.55,43819.05,41874.45,41087.9,95.4811,0.0201,0.0,-786.55,0.0,6.8165,0.0,-786.55,0.0,6.8165,1.0,0.0,0.0,0.0,0.0
759,515.03,781.8,44240.85,41999.9,41218.1,94.8435,0.023,0.0,-781.8,0.0,6.8165,0.0,-781.8,0.0,6.8165,1.0,0.0,0.0,0.0,0.0
760,515.37,795.85,44196.4,41956.6,41160.75,94.8392,0.023,0.0,-795.85,0.0,6.8165,0.0,-795.85,0.0,6.8165,1.0,0.0,0.0,0.0,0.0
761,515.71,788.15,44117.05,42202.9,41414.75,95.5823,0.0196,0.0,-788.15,0.0,6.8165,0.0,-788.15,0.0,6.8165,1.0,0.0,0.0,0.0,0.0
762,516.05,797.45,44065.5,42079.9,41282.45,95.4109,0.0204,0.0,-797.45,0.0,6.8165,0.0,-797.45,0.0,6.8165,1.0,0.0,0.0,0.0,0.0
763,516.38,795.85,44232.8,42273.35,41477.5,95.489,0.02,0.0,-795.85,0.0,6.8165,0.0,-795.85,0.0,6.8165,1.0,0.0,0.0,0.0,0.0
764,516.72,798.55,44668.25,42736.0,41937.45,95.5955,0.0196,0.0,-798.55,0.0,6.8165,0.0,-798.55,0.0,6.8165,1.0,0.0,0.0,0.0,0.0
765,517.06,798.9,44487.3,42816.55,42017.65,96.1758,0.0169,0.0,-798.9,0.0,6.8165,0.0,-798.9,0.0,6.8165,1.0,0.0,0.0,0.0,0.0
766,517.4,794.15,44553.15,42944.8,42150.65,96.3245,0.0163,0.0,-794.15,0.0,6.8165,0.0,-794.15,0.0,6.8165,1.0,0.0,0.0,0.0,0.0
767,517.73,789.45,44704.65,43192.3,42402.85,96.5562,0.0152,0.0,-789.45,0.0,6.8165,0.0,-789.45,0.0,6.8165,1.0,0.0,0.0,0.0,0.0
768,518.07,766.8,45014.0,43276.55,42509.75,96.0733,0.0174,0.0,-766.8,0.0,6.8165,0.0,-766.8,0.0,6.8165,1.0,0.0,0.0,0.0,0.0
769,518.41,787.5,45795.0,43264.05,42476.55,94.3766,0.0251,0.0,-787.5,0.0,6.8165,0.0,-787.5,0.0,6.8165,1.0,0.0,0.0,0.0,0.0
770,518.75,790.8,45548.65,43244.7,42453.9,94.8524,0.023,0.0,-790.8,0.0,6.8165,0.0,-790.8,0.0,6.8165,1.0,0.0,0.0,0.0,0.0
771,519.08,800.1,45354.15,43610.3,42810.2,96.086,0.0173,0.0,-800.1,0.0,6.8165,0.0,-800.1,0.0,6.8165,1.0,0.0,0.0,0.0,0.0
772,519.42,802.0,45166.3,43567.95,42765.95,96.3972,0.0159,0.0,-802.0,0.0,6.8165,0.0,-802.0,0.0,6.8165,1.0,0.0,0.0,0.0,0.0
773,519.76,795.45,45309.0,43522.4,42726.95,95.9864,0.0178,0.0,-795.45,0.0,6.8165,0.0,-795.45,0.0,6.8165,1.0,0.0,0.0,0.0,0.0
774,520.09,795.75,45918.55,43592.55,42796.8,94.8452,0.023,0.0,-795.75,0.0,6.8165,0.0,-795.75,0.0,6.8165,1.0,0.0,0.0,0.0,0.0
775,520.43,789.75,45882.7,43549.95,42760.2,94.8268,0.0231,0.0,-789.75,0.0,6.8165,0.0,-789.75,0.0,6.8165,1.0,0.0,0.0,0.0,0.0
776,520.77,800.0,45298.45,43806.05,43006.05,96.6462,0.0148,0.0,-800.0,0.0,6.8165,0.0,-800.0,0.0,6.8165,1.0,0.0,0.0,0.0,0.0
777,521.1,798.7,45274.65,43756.95,42958.25,96.5876,0.0151,0.0,-798.7,0.0,6.8165,0.0,-798.7,0.0,6.8165,1.0,0.0,0.0,0.0,0.0
778,521.44,792.4,45261.65,44034.7,43242.3,97.2409,0.0122,0.0,-792.4,0.0,6.8165,0.0,-792.4,0.0,6.8165,1.0,0.0,0.0,0.0,0.0
779,521.78,797.05,46065.75,44233.0,43435.95,95.9514,0.0179,0.0,-797.05,0.0,6.8165,0.0,-797.05,0.0,6.8165,1.0,0.0,0.0,0.0,0.0
780,522.11,785.3,46254.15,43999.15,43213.85,95.0406,0.0221,0.0,-785.3,0.0,6.8165,0.0,-785.3,0.0,6.8165,1.0,0.0,0.0,0.0,0.0
781,522.45,794.7,45904.4,44206.65,43411.95,96.2364,0.0167,0.0,-794.7,0.0,6.8165,0.0,-794.7,0.0,6.8165,1.0,0.0,0.0,0.0,0.0
782,522.78,796.05,45425.05,43981.35,43185.3,96.7651,0.0143,0.0,-796.05,0.0,6.8165,0.0,-796.05,0.0,6.8165,1.0,0.0,0.0,0.0,0.0
783,523.12,794.35,46062.35,44058.9,43264.55,95.5742,0.0197,0.0,-794.35,0.0,6.8165,0.0,-794.35,0.0,6.8165,1.0,0.0,0.0,0.0,0.0
784,523.46,790.9,46251.85,44173.15,43382.25,95.4275,0.0203,0.0,-790.9,0.0,6.8165,0.0,-790.9,0.0,6.8165,1.0,0.0,0.0,0.0,0.0
785,523.79,805.0,46224.95,44140.6,43335.6,95.4109,0.0204,0.0,-805.0,0.0,6.8165,0.0,-805.0,0.0,6.8165,1.0,0.0,0.0,0.0,0.0
786,524.13,789.05,46160.15,44478.65,43689.6,96.2939,0.0164,0.0,-789.05,0.0,6.8165,0.0,-789.05,0.0,6.8165,1.0,0.0,0.0,0.0,0.0
787,524.46,781.4,46070.8,44660.75,43879.35,96.8866,0.0137,0.0,-781.4,0.0,6.8165,0.0,-781.4,0.0,6.8165,1.0,0.0,0.0,0.0,0.0
788,524.8,796.55,46605.05,44329.55,43533.0,95.0326,0.0221,0.0,-796.55,0.0,6.8165,0.0,-796.55,0.0,6.8165,1.0,0.0,0.0,0.0,0.0
789,525.13,798.45,46135.0,44071.65,43273.2,95.4488,0.0202,0.0,-798.45,0.0,6.8165,0.0,-798.45,0.0,6.8165,1.0,0.0,0.0,0.0,0.0
790,525.47,783.05,46030.25,44327.85,43544.8,96.2376,0.0167,0.0,-783.05,0.0,6.8165,0.0,-783.05,0.0,6.8165,1.0,0.0,0.0,0.0,0.0
791,525.8,790.3,46183.05,44416.5,43626.2,96.1083,0.0172,0.0,-790.3,0.0,6.8165,0.0,-790.3,0.0,6.8165,1.0,0.0,0.0,0.0,0.0
792,526.14,781.85,46467.75,44547.75,43765.9,95.7974,0.0186,0.0,-781.85,0.0,6.8165,0.0,-781.85,0.0,6.8165,1.0,0.0,0.0,0.0,0.0
793,526.47,800.95,46607.15,44943.95,44143.0,96.3691,0.0161,0.0,-800.95,0.0,6.8165,0.0,-800.95,0.0,6.8165,1.0,0.0,0.0,0.0,0.0
794,526.81,791.05,46468.1,44878.2,44087.15,96.5193,0.0154,0.0,-791.05,0.0,6.8165,0.0,-791.05,0.0,6.8165,1.0,0.0,0.0,0.0,0.0
795,527.14,801.3,46346.55,44864.15,44062.85,96.7452,0.0144,0.0,-801.3,0.0,6.8165,0.0,-801.3,0.0,6.8165,1.0,0.0,0.0,0.0,0.0
796,527.48,778.4,46526.55,44675.6,43897.2,95.954,0.0179,0.0,-778.4,0.0,6.8165,0.0,-778.4,0.0,6.8165,1.0,0.0,0.0,0.0,0.0
797,527.81,796.15,46747.55,44857.5,44061.35,95.8869,0.0182,0.0,-796.15,0.0,6.8165,0.0,-796.15,0.0,6.8165,1.0,0.0,0.0,0.0,0.0
798,528.15,784.3,46554.8,45015.8,44231.5,96.6376,0.0149,0.0,-784.3,0.0,6.8165,0.0,-784.3,0.0,6.8165,1.0,0.0,0.0,0.0,0.0
799,528.48,789.2,46507.1,44952.85,44163.65,96.6003,0.015,0.0,-789.2,0.0,6.8165,0.0,-789.2,0.0,6.8165,1.0,0.0,0.0,0.0,0.0
800,528.82,786.75,46850.9,45115.65,44328.9,96.233,0.0167,0.0,-786.75,0.0,6.8165,0.0,-786.75,0.0,6.8165,1.0,0.0,0.0,0.0,0.0
801,529.15,799.9,47188.8,45555.2,44755.3,96.4785,0.0156,0.0,-799.9,0.0,6.8165,0.0,-799.9,0.0,6.8165,1.0,0.0,0.0,0.0,0.0
802,529.49,798.5,47535.0,45894.0,45095.5,96.4888,0.0155,0.0,-798.5,0.0,6.8165,0.0,-798.5,0.0,6.8165,1.0,0.0,0.0,0.0,0.0
803,529.82,794.1,47483.8,45986.85,45192.75,96.7938,0.0142,0.0,-794.1,0.0,6.8165,0.0,-794.1,0.0,6.8165,1.0,0.0,0.0,0.0,0.0
804,530.15,790.55,47138.75,45494.55,44704.0,96.4525,0.0157,0.0,-790.55,0.0,6.8165,0.0,-790.55,0.0,6.8165,1.0,0.0,0.0,0.0,0.0
805,530.49,803.55,46565.75,45267.45,44463.9,97.1629,0.0125,0.0,-803.55,0.0,6.8165,0.0,-803.55,0.0,6.8165,1.0,0.0,0.0,0.0,0.0
806,530.82,807.15,47339.9,45456.35,44649.2,95.9522,0.0179,0.0,-807.15,0.0,6.8165,0.0,-807.15,0.0,6.8165,1.0,0.0,0.0,0.0,0.0
807,531.16,799.7,47334.75,45538.3,44738.6,96.1396,0.0171,0.0,-799.7,0.0,6.8165,0.0,-799.7,0.0,6.8165,1.0,0.0,0.0,0.0,0.0
808,531.49,786.95,47373.8,45431.05,44644.1,95.8298,0.0185,0.0,-786.95,0.0,6.8165,0.0,-786.95,0.0,6.8165,1.0,0.0,0.0,0.0,0.0
809,531.82,787.3,47328.95,45351.6,44564.3,95.7514,0.0189,0.0,-787.3,0.0,6.8165,0.0,-787.3,0.0,6.8165,1.0,0.0,0.0,0.0,0.0
810,532.16,802.5,46600.05,45161.35,44358.85,96.8586,0.0139,0.0,-802.5,0.0,6.8165,0.0,-802.5,0.0,6.8165,1.0,0.0,0.0,0.0,0.0
811,532.49,782.4,46661.6,45247.1,44464.7,96.9169,0.0136,0.0,-782.4,0.0,6.8165,0.0,-782.4,0.0,6.8165,1.0,0.0,0.0,0.0,0.0
812,532.82,799.05,47138.7,45217.35,44418.3,95.8538,0.0184,0.0,-799.05,0.0,6.8165,0.0,-799.05,0.0,6.8165,1.0,0.0,0.0,0.0,0.0
813,533.16,805.95,47147.35,45081.05,44275.1,95.5411,0.0198,0.0,-805.95,0.0,6.8165,0.0,-805.95,0.0,6.8165,1.0,0.0,0.0,0.0,0.0
814,533.49,782.15,46677.75,44713.85,43931.7,95.7209,0.019,0.0,-782.15,0.0,6.8165,0.0,-782.15,0.0,6.8165,1.0,0.0,0.0,0.0,0.0
815,533.82,781.25,46554.5,44875.8,44094.55,96.3326,0.0162,0.0,-781.25,0.0,6.8165,0.0,-781.25,0.0,6.8165,1.0,0.0,0.0,0.0,0.0
816,534.15,778.95,46555.6,44568.25,43789.3,95.6586,0.0193,0.0,-778.95,0.0,6.8165,0.0,-778.95,0.0,6.8165,1.0,0.0,0.0,0.0,0.0
817,534.49,787.1,46614.8,44201.55,43414.45,94.7341,0.0235,0.0,-787.1,0.0,6.8165,0.0,-787.1,0.0,6.8165,1.0,0.0,0.0,0.0,0.0
818,534.82,787.25,46651.95,44406.2,43618.95,95.1035,0.0218,0.0,-787.25,0.0,6.8165,0.0,-787.25,0.0,6.8165,1.0,0.0,0.0,0.0,0.0
819,535.15,796.45,46826.5,44611.95,43815.5,95.1889,0.0214,0.0,-796.45,0.0,6.8165,0.0,-796.45,0.0,6.8165,1.0,0.0,0.0,0.0,0.0
820,535.48,789.85,46727.65,44246.5,43456.65,94.5989,0.0241,0.0,-789.85,0.0,6.8165,0.0,-789.85,0.0,6.8165,1.0,0.0,0.0,0.0,0.0
821,535.82,788.9,46276.5,44085.6,43296.7,95.1835,0.0214,0.0,-788.9,0.0,6.8165,0.0,-788.9,0.0,6.8165,1.0,0.0,0.0,0.0,0.0
822,536.15,795.25,46205.25,44148.6,43353.35,95.4709,0.0201,0.0,-795.25,0.0,6.8165,0.0,-795.25,0.0,6.8165,1.0,0.0,0.0,0.0,0.0
823,536.48,787.05,46571.0,43978.0,43190.95,94.3364,0.0253,0.0,-787.05,0.0,6.8165,0.0,-787.05,0.0,6.8165,1.0,0.0,0.0,0.0,0.0
824,536.81,789.4,46693.25,44220.65,43431.25,94.6135,0.024,0.0,-789.4,0.0,6.8165,0.0,-789.4,0.0,6.8165,1.0,0.0,0.0,0.0,0.0
825,537.15,796.75,46503.35,44090.45,43293.7,94.7209,0.0236,0.0,-796.75,0.0,6.8165,0.0,-796.75,0.0,6.8165,1.0,0.0,0.0,0.0,0.0
826,537.48,798.8,46714.95,44288.6,43489.8,94.7157,0.0236,0.0,-798.8,0.0,6.8165,0.0,-798.8,0.0,6.8165,1.0,0.0,0.0,0.0,0.0
827,537.81,791.9,46366.35,44263.75,43471.85,95.3865,0.0205,0.0,-791.9,0.0,6.8165,0.0,-791.9,0.0,6.8165,1.0,0.0,0.0,0.0,0.0
828,538.14,790.35,46135.5,44104.65,43314.3,95.5214,0.0199,0.0,-790.35,0.0,6.8165,0.0,-790.35,0.0,6.8165,1.0,0.0,0.0,0.0,0.0
829,538.47,795.4,46586.65,44281.05,43485.65,94.965,0.0224,0.0,-795.4,0.0,6.8165,0.0,-795.4,0.0,6.8165,1.0,0.0,0.0,0.0,0.0
830,538.8,805.25,47075.1,44375.4,43570.15,94.1653,0.0261,0.0,-805.25,0.0,6.8165,0.0,-805.25,0.0,6.8165,1.0,0.0,0.0,0.0,0.0
831,539.14,803.1,47006.75,44474.7,43671.6,94.5198,0.0245,0.0,-803.1,0.0,6.8165,0.0,-803.1,0.0,6.8165,1.0,0.0,0.0,0.0,0.0
832,539.47,786.0,46730.25,44556.9,43770.9,95.2696,0.021,0.0,-786.0,0.0,6.8165,0.0,-786.0,0.0,6.8165,1.0,0.0,0.0,0.0,0.0
833,539.8,802.65,46583.8,44521.25,43718.6,95.4948,0.02,0.0,-802.65,0.0,6.8165,0.0,-802.65,0.0,6.8165,1.0,0.0,0.0,0.0,0.0
834,540.13,782.8,46886.05,44778.1,43995.3,95.4278,0.0203,0.0,-782.8,0.0,6.8165,0.0,-782.8,0.0,6.8165,1.0,0.0,0.0,0.0,0.0
835,540.46,796.85,47390.1,44657.5,43860.65,94.1352,0.0262,0.0,-796.85,0.0,6.8165,0.0,-796.85,0.0,6.8165,1.0,0.0,0.0,0.0,0.0
836,540.79,792.8,47629.45,44877.85,44085.05,94.1251,0.0263,0.0,-792.8,0.0,6.8165,0.0,-792.8,0.0,6.8165,1.0,0.0,0.0,0.0,0.0
837,541.12,782.35,47245.0,45034.05,44251.7,95.2414,0.0212,0.0,-782.35,0.0,6.8165,0.0,-782.35,0.0,6.8165,1.0,0.0,0.0,0.0,0.0
838,541.45,799.35,47411.8,45265.7,44466.35,95.3959,0.0205,0.0,-799.35,0.0,6.8165,0.0,-799.35,0.0,6.8165,1.0,0.0,0.0,0.0,0.0
839,541.78,782.25,47832.0,45210.15,44427.9,94.4275,0.0249,0.0,-782.25,0.0,6.8165,0.0,-782.25,0.0,6.8165,1.0,0.0,0.0,0.0,0.0
840,542.11,796.15,47582.8,45390.55,44594.4,95.3144,0.0208,0.0,-796.15,0.0,6.8165,0.0,-796.15,0.0,6.8165,1.0,0.0,0.0,0.0,0.0
841,542.44,798.65,47742.3,45273.05,44474.4,94.74,0.0235,0.0,-798.65,0.0,6.8165,0.0,-798.65,0.0,6.8165,1.0,0.0,0.0,0.0,0.0
842,542.78,787.05,48267.45,45188.7,44401.65,93.5157,0.0291,0.0,-787.05,0.0,6.8165,0.0,-787.05,0.0,6.8165,1.0,0.0,0.0,0.0,0.0
843,543.11,796.95,48388.35,45125.95,44329.0,93.145,0.0308,0.0,-796.95,0.0,6.8165,0.0,-796.95,0.0,6.8165,1.0,0.0,0.0,0.0,0.0
844,543.44,790.95,48473.35,45574.05,44783.1,93.9196,0.0272,0.0,-790.95,0.0,6.8165,0.0,-790.95,0.0,6.8165,1.0,0.0,0.0,0.0,0.0
845,543.77,782.65,48288.45,45915.5,45132.85,95.0049,0.0223,0.0,-782.65,0.0,6.8165,0.0,-782.65,0.0,6.8165,1.0,0.0,0.0,0.0,0.0
846,544.1,789.65,48346.15,45859.0,45069.35,94.7701,0.0233,0.0,-789.65,0.0,6.8165,0.0,-789.65,0.0,6.8165,1.0,0.0,0.0,0.0,0.0
847,544.43,805.1,48427.15,46216.15,45411.05,95.3572,0.0206,0.0,-805.1,0.0,6.8165,0.0,-805.1,0.0,6.8165,1.0,0.0,0.0,0.0,0.0
848,544.76,804.35,48345.55,45812.65,45008.3,94.6722,0.0238,0.0,-804.35,0.0,6.8165,0.0,-804.35,0.0,6.8165,1.0,0.0,0.0,0.0,0.0
849,545.09,788.45,49017.4,45825.5,45037.05,93.3818,0.0297,0.0,-788.45,0.0,6.8165,0.0,-788.45,0.0,6.8165,1.0,0.0,0.0,0.0,0.0
850,545.42,797.8,49458.1,45682.1,44884.3,92.2401,0.0351,0.0,-797.8,0.0,6.8165,0.0,-797.8,0.0,6.8165,1.0,0.0,0.0,0.0,0.0
851,545.74,779.85,49198.25,45745.9,44966.05,92.8698,0.0321,0.0,-779.85,0.0,6.8165,0.0,-779.85,0.0,6.8165,1.0,0.0,0.0,0.0,0.0
852,546.07,788.4,48772.4,46094.8,45306.4,94.4198,0.0249,0.0,-788.4,0.0,6.8165,0.0,-788.4,0.0,6.8165,1.0,0.0,0.0,0.0,0.0
853,546.4,804.95,49074.7,46341.95,45537.0,94.3386,0.0253,0.0,-804.95,0.0,6.8165,0.0,-804.95,0.0,6.8165,1.0,0.0,0.0,0.0,0.0
854,546.73,807.05,49339.35,46289.5,45482.45,93.7158,0.0282,0.0,-807.05,0.0,6.8165,0.0,-807.05,0.0,6.8165,1.0,0.0,0.0,0.0,0.0
855,547.06,787.65,49745.3,46555.4,45767.75,93.4844,0.0293,0.0,-787.65,0.0,6.8165,0.0,-787.65,0.0,6.8165,1.0,0.0,0.0,0.0,0.0
856,547.39,804.4,50258.65,47036.1,46231.7,93.4838,0.0293,0.0,-804.4,0.0,6.8165,0.0,-804.4,0.0,6.8165,1.0,0.0,0.0,0.0,0.0
857,547.72,795.5,50034.85,46911.85,46116.35,93.6575,0.0285,0.0,-795.5,0.0,6.8165,0.0,-795.5,0.0,6.8165,1.0,0.0,0.0,0.0,0.0
858,548.05,783.95,49956.2,46843.05,46059.1,93.6689,0.0284,0.0,-783.95,0.0,6.8165,0.0,-783.95,0.0,6.8165,1.0,0.0,0.0,0.0,0.0
859,548.38,788.2,49978.5,47181.35,46393.15,94.3136,0.0254,0.0,-788.2,0.0,6.8165,0.0,-788.2,0.0,6.8165,1.0,0.0,0.0,0.0,0.0
860,548.71,796.55,50536.25,47402.8,46606.25,93.7003,0.0283,0.0,-796.55,0.0,6.8165,0.0,-796.55,0.0,6.8165,1.0,0.0,0.0,0.0,0.0
861,549.03,800.2,51088.5,47452.9,46652.7,92.7705,0.0326,0.0,-800.2,0.0,6.8165,0.0,-800.2,0.0,6.8165,1.0,0.0,0.0,0.0,0.0
862,549.36,783.8,50751.1,47312.85,46529.05,93.119,0.031,0.0,-783.8,0.0,6.8165,0.0,-783.8,0.0,6.8165,1.0,0.0,0.0,0.0,0.0
863,549.69,800.55,51554.2,47412.55,46612.0,91.8397,0.037,0.0,-800.55,0.0,6.8165,0.0,-800.55,0.0,6.8165,1.0,0.0,0.0,0.0,0.0
864,550.02,792.55,51175.15,47821.6,47029.05,93.3438,0.0299,0.0,-792.55,0.0,6.8165,0.0,-792.55,0.0,6.8165,1.0,0.0,0.0,0.0,0.0
865,550.35,801.45,51354.55,48213.6,47412.15,93.7868,0.0279,0.0,-801.45,0.0,6.8165,0.0,-801.45,0.0,6.8165,1.0,0.0,0.0,0.0,0.0
866,550.68,800.6,51990.15,48506.75,47706.15,93.1951,0.0306,0.0,-800.6,0.0,6.8165,0.0,-800.6,0.0,6.8165,1.0,0.0,0.0,0.0,0.0
867,551.0,810.5,52178.45,48588.5,47778.0,93.0113,0.0315,0.0,-810.5,0.0,6.8165,0.0,-810.5,0.0,6.8165,1.0,0.0,0.0,0.0,0.0
868,551.33,789.2,52125.05,48767.6,47978.4,93.4598,0.0294,0.0,-789.2,0.0,6.8165,0.0,-789.2,0.0,6.8165,1.0,0.0,0.0,0.0,0.0
869,551.66,798.65,52423.75,48969.85,48171.2,93.3096,0.0301,0.0,-798.65,0.0,6.8165,0.0,-798.65,0.0,6.8165,1.0,0.0,0.0,0.0,0.0
870,551.99,808.0,52089.55,49080.8,48272.8,94.1329,0.0263,0.0,-808.0,0.0,6.8165,0.0,-808.0,0.0,6.8165,1.0,0.0,0.0,0.0,0.0
871,552.32,800.5,52001.75,48895.05,48094.55,93.9324,0.0272,0.0,-800.5,0.0,6.8165,0.0,-800.5,0.0,6.8165,1.0,0.0,0.0,0.0,0.0
872,552.64,795.05,52175.6,49146.35,48351.3,94.1043,0.0264,0.0,-795.05,0.0,6.8165,0.0,-795.05,0.0,6.8165,1.0,0.0,0.0,0.0,0.0
873,552.97,789.75,52258.8,49177.4,48387.65,94.0131,0.0268,0.0,-789.75,0.0,6.8165,0.0,-789.75,0.0,6.8165,1.0,0.0,0.0,0.0,0.0
874,553.3,785.4,52403.45,49446.25,48660.85,94.271,0.0256,0.0,-785.4,0.0,6.8165,0.0,-785.4,0.0,6.8165,1.0,0.0,0.0,0.0,0.0
875,553.63,792.75,53237.65,49990.65,49197.9,93.8087,0.0278,0.0,-792.75,0.0,6.8165,0.0,-792.75,0.0,6.8165,1.0,0.0,0.0,0.0,0.0
876,553.95,788.1,53489.05,50011.45,49223.35,93.4013,0.0296,0.0,-788.1,0.0,6.8165,0.0,-788.1,0.0,6.8165,1.0,0.0,0.0,0.0,0.0
877,554.28,801.55,53553.15,49811.6,49010.05,92.9072,0.032,0.0,-801.55,0.0,6.8165,0.0,-801.55,0.0,6.8165,1.0,0.0,0.0,0.0,0.0
878,554.61,791.45,53303.85,49905.0,49113.55,93.5275,0.0291,0.0,-791.45,0.0,6.8165,0.0,-791.45,0.0,6.8165,1.0,0.0,0.0,0.0,0.0
879,554.93,790.9,53276.55,50039.95,49249.05,93.8334,0.0276,0.0,-790.9,0.0,6.8165,0.0,-790.9,0.0,6.8165,1.0,0.0,0.0,0.0,0.0
880,555.26,783.1,54024.2,50078.6,49295.5,92.5892,0.0334,0.0,-783.1,0.0,6.8165,0.0,-783.1,0.0,6.8165,1.0,0.0,0.0,0.0,0.0
881,555.59,788.55,54578.6,49940.5,49151.95,91.3774,0.0392,0.0,-788.55,0.0,6.8165,0.0,-788.55,0.0,6.8165,1.0,0.0,0.0,0.0,0.0
882,555.91,793.4,54601.7,50005.75,49212.35,91.4587,0.0388,0.0,-793.4,0.0,6.8165,0.0,-793.4,0.0,6.8165,1.0,0.0,0.0,0.0,0.0
883,556.24,789.9,54683.4,50573.0,49783.1,92.3731,0.0345,0.0,-789.9,0.0,6.8165,0.0,-789.9,0.0,6.8165,1.0,0.0,0.0,0.0,0.0
884,556.57,787.4,54264.85,50449.6,49662.2,92.8657,0.0321,0.0,-787.4,0.0,6.8165,0.0,-787.4,0.0,6.8165,1.0,0.0,0.0,0.0,0.0
885,556.89,794.7,53907.4,50567.2,49772.5,93.7111,0.0282,0.0,-794.7,0.0,6.8165,0.0,-794.7,0.0,6.8165,1.0,0.0,0.0,0.0,0.0
886,557.22,787.0,54053.5,50688.4,49901.4,93.6825,0.0283,0.0,-787.0,0.0,6.8165,0.0,-787.0,0.0,6.8165,1.0,0.0,0.0,0.0,0.0
887,557.55,770.9,54387.55,50909.15,50138.25,93.5125,0.0291,0.0,-770.9,0.0,6.8165,0.0,-770.9,0.0,6.8165,1.0,0.0,0.0,0.0,0.0
888,557.87,796.35,54402.4,50458.4,49662.05,92.6426,0.0332,0.0,-796.35,0.0,6.8165,0.0,-796.35,0.0,6.8165,1.0,0.0,0.0,0.0,0.0
889,558.2,798.45,54233.15,50412.15,49613.7,92.8492,0.0322,0.0,-798.45,0.0,6.8165,0.0,-798.45,0.0,6.8165,1.0,0.0,0.0,0.0,0.0
890,558.52,792.5,54466.8,50325.65,49533.15,92.2847,0.0349,0.0,-792.5,0.0,6.8165,0.0,-792.5,0.0,6.8165,1.0,0.0,0.0,0.0,0.0
891,558.85,794.0,54754.2,50652.45,49858.45,92.3986,0.0343,0.0,-794.0,0.0,6.8165,0.0,-794.0,0.0,6.8165,1.0,0.0,0.0,0.0,0.0
892,559.17,800.15,54793.8,51045.3,50245.15,93.0575,0.0312,0.0,-800.15,0.0,6.8165,0.0,-800.15,0.0,6.8165,1.0,0.0,0.0,0.0,0.0
893,559.5,785.9,55618.85,51013.45,50227.55,91.601,0.0381,0.0,-785.9,0.0,6.8165,0.0,-785.9,0.0,6.8165,1.0,0.0,0.0,0.0,0.0
894,559.83,797.2,55592.7,51178.6,50381.4,91.9444,0.0365,0.0,-797.2,0.0,6.8165,0.0,-797.2,0.0,6.8165,1.0,0.0,0.0,0.0,0.0
895,560.15,810.2,55481.75,51113.95,50303.75,92.0108,0.0362,0.0,-810.2,0.0,6.8165,0.0,-810.2,0.0,6.8165,1.0,0.0,0.0,0.0,0.0
896,560.48,805.0,55570.65,51258.2,50453.2,92.1256,0.0356,0.0,-805.0,0.0,6.8165,0.0,-805.0,0.0,6.8165,1.0,0.0,0.0,0.0,0.0
897,560.8,803.75,54993.55,51020.3,50216.55,92.6679,0.0331,0.0,-803.75,0.0,6.8165,0.0,-803.75,0.0,6.8165,1.0,0.0,0.0,0.0,0.0
898,561.13,792.45,55543.15,50874.6,50082.15,91.4731,0.0387,0.0,-792.45,0.0,6.8165,0.0,-792.45,0.0,6.8165,1.0,0.0,0.0,0.0,0.0
899,561.45,780.5,55985.35,50992.05,50211.55,90.955,0.0412,0.0,-780.5,0.0,6.8165,0.0,-780.5,0.0,6.8165,1.0,0.0,0.0,0.0,0.0
900,561.78,805.05,55936.4,51153.7,50348.65,91.3249,0.0394,0.0,-805.05,0.0,6.8165,0.0,-805.05,0.0,6.8165,1.0,0.0,0.0,0.0,0.0
901,562.1,793.3,55555.25,50983.65,50190.35,91.6519,0.0379,0.0,-793.3,0.0,6.8165,0.0,-793.3,0.0,6.8165,1.0,0.0,0.0,0.0,0.0
902,562.43,807.0,55983.15,50826.6,50019.6,90.6544,0.0426,0.0,-807.0,0.0,6.8165,0.0,-807.0,0.0,6.8165,1.0,0.0,0.0,0.0,0.0
903,562.75,795.1,55829.75,50979.05,50183.95,91.1861,0.0401,0.0,-795.1,0.0,6.8165,0.0,-795.1,0.0,6.8165,1.0,0.0,0.0,0.0,0.0
904,563.07,783.0,56206.0,51219.2,50436.2,91.0023,0.0409,0.0,-783.0,0.0,6.8165,0.0,-783.0,0.0,6.8165,1.0,0.0,0.0,0.0,0.0
905,563.4,805.4,56160.75,51656.35,50850.95,91.8628,0.0369,0.0,-805.4,0.0,6.8165,0.0,-805.4,0.0,6.8165,1.0,0.0,0.0,0.0,0.0
906,563.72,794.6,55505.65,51125.7,50331.1,91.9944,0.0362,0.0,-794.6,0.0,6.8165,0.0,-794.6,0.0,6.8165,1.0,0.0,0.0,0.0,0.0
907,564.05,789.45,55943.85,51079.75,50290.3,91.1809,0.0401,0.0,-789.45,0.0,6.8165,0.0,-789.45,0.0,6.8165,1.0,0.0,0.0,0.0,0.0
908,564.37,788.55,56468.75,51034.95,50246.4,90.2411,0.0446,0.0,-788.55,0.0,6.8165,0.0,-788.55,0.0,6.8165,1.0,0.0,0.0,0.0,0.0
909,564.7,790.0,56340.7,51287.3,50497.3,90.9031,0.0414,0.0,-790.0,0.0,6.8165,0.0,-790.0,0.0,6.8165,1.0,0.0,0.0,0.0,0.0
910,565.02,784.2,56549.35,51776.75,50992.55,91.4416,0.0389,0.0,-784.2,0.0,6.8165,0.0,-784.2,0.0,6.8165,1.0,0.0,0.0,0.0,0.0
911,565.34,793.2,56664.95,51707.7,50914.5,91.1274,0.0404,0.0,-793.2,0.0,6.8165,0.0,-793.2,0.0,6.8165,1.0,0.0,0.0,0.0,0.0
912,565.67,809.35,56754.9,51504.35,50695.0,90.6149,0.0428,0.0,-809.35,0.0,6.8165,0.0,-809.35,0.0,6.8165,1.0,0.0,0.0,0.0,0.0
913,565.99,786.7,56594.35,51460.9,50674.2,90.8015,0.0419,0.0,-786.7,0.0,6.8165,0.0,-786.7,0.0,6.8165,1.0,0.0,0.0,0.0,0.0
914,566.31,800.7,56937.45,51834.2,51033.5,90.9093,0.0414,0.0,-800.7,0.0,6.8165,0.0,-800.7,0.0,6.8165,1.0,0.0,0.0,0.0,0.0
915,566.64,800.8,57017.5,50951.25,50150.45,89.2092,0.0496,0.0,-800.8,0.0,6.8165,0.0,-800.8,0.0,6.8165,1.0,0.0,0.0,0.0,0.0
916,566.96,805.7,57251.2,50815.65,50009.95,88.5986,0.0526,0.0,-805.7,0.0,6.8165,0.0,-805.7,0.0,6.8165,1.0,0.0,0.0,0.0,0.0
917,567.29,804.35,57439.35,50991.05,50186.7,88.6143,0.0525,0.0,-804.35,0.0,6.8165,0.0,-804.35,0.0,6.8165,1.0,0.0,0.0,0.0,0.0
918,567.61,793.0,57104.3,51451.25,50658.25,89.9611,0.0459,0.0,-793.0,0.0,6.8165,0.0,-793.0,0.0,6.8165,1.0,0.0,0.0,0.0,0.0
919,567.93,796.4,56618.7,51526.55,50730.15,90.8779,0.0415,0.0,-796.4,0.0,6.8165,0.0,-796.4,0.0,6.8165,1.0,0.0,0.0,0.0,0.0
920,568.25,801.2,57399.85,51293.05,50491.85,89.2103,0.0496,0.0,-801.2,0.0,6.8165,0.0,-801.2,0.0,6.8165,1.0,0.0,0.0,0.0,0.0
921,568.58,786.0,57629.1,51136.75,50350.75,88.5785,0.0527,0.0,-786.0,0.0,6.8165,0.0,-786.0,0.0,6.8165,1.0,0.0,0.0,0.0,0.0
922,568.9,805.9,57272.65,51299.9,50494.0,89.4225,0.0486,0.0,-805.9,0.0,6.8165,0.0,-805.9,0.0,6.8165,1.0,0.0,0.0,0.0,0.0
923,569.22,788.05,57762.3,51241.8,50453.75,88.5554,0.0528,0.0,-788.05,0.0,6.8165,0.0,-788.05,0.0,6.8165,1.0,0.0,0.0,0.0,0.0
924,569.55,801.6,57806.6,51703.1,50901.5,89.293,0.0492,0.0,-801.6,0.0,6.8165,0.0,-801.6,0.0,6.8165,1.0,0.0,0.0,0.0,0.0
925,569.87,794.8,57489.85,51958.0,51163.2,90.2428,0.0446,0.0,-794.8,0.0,6.8165,0.0,-794.8,0.0,6.8165,1.0,0.0,0.0,0.0,0.0
926,570.19,788.9,57946.2,51808.45,51019.55,89.2617,0.0493,0.0,-788.9,0.0,6.8165,0.0,-788.9,0.0,6.8165,1.0,0.0,0.0,0.0,0.0
927,570.51,790.25,57904.6,51936.15,51145.9,89.55,0.0479,0.0,-790.25,0.0,6.8165,0.0,-790.25,0.0,6.8165,1.0,0.0,0.0,0.0,0.0
928,570.83,797.65,57951.85,52023.2,51225.55,89.6269,0.0476,0.0,-797.65,0.0,6.8165,0.0,-797.65,0.0,6.8165,1.0,0.0,0.0,0.0,0.0
929,571.16,780.25,58062.6,51926.3,51146.05,89.2876,0.0492,0.0,-780.25,0.0,6.8165,0.0,-780.25,0.0,6.8165,1.0,0.0,0.0,0.0,0.0
930,571.48,797.55,57758.8,51872.0,51074.45,89.6653,0.0474,0.0,-797.55,0.0,6.8165,0.0,-797.55,0.0,6.8165,1.0,0.0,0.0,0.0,0.0
931,571.8,793.3,57310.75,51787.0,50993.7,90.2265,0.0447,0.0,-793.3,0.0,6.8165,0.0,-793.3,0.0,6.8165,1.0,0.0,0.0,0.0,0.0
932,572.12,798.1,58003.4,52010.1,51212.0,89.5232,0.0481,0.0,-798.1,0.0,6.8165,0.0,-798.1,0.0,6.8165,1.0,0.0,0.0,0.0,0.0
933,572.44,780.4,58009.35,51555.05,50774.65,88.722,0.052,0.0,-780.4,0.0,6.8165,0.0,-780.4,0.0,6.8165,1.0,0.0,0.0,0.0,0.0
934,572.77,779.15,58116.85,51708.5,50929.35,88.8235,0.0515,0.0,-779.15,0.0,6.8165,0.0,-779.15,0.0,6.8165,1.0,0.0,0.0,0.0,0.0
935,573.09,787.65,57989.75,51417.4,50629.75,88.5103,0.053,0.0,-787.65,0.0,6.8165,0.0,-787.65,0.0,6.8165,1.0,0.0,0.0,0.0,0.0
936,573.41,789.15,57936.9,52015.05,51225.9,89.6376,0.0475,0.0,-789.15,0.0,6.8165,0.0,-789.15,0.0,6.8165,1.0,0.0,0.0,0.0,0.0
937,573.73,796.55,57213.15,51840.45,51043.9,90.4767,0.0435,0.0,-796.55,0.0,6.8165,0.0,-796.55,0.0,6.8165,1.0,0.0,0.0,0.0,0.0
938,574.05,803.55,57253.75,51613.9,50810.35,90.0092,0.0457,0.0,-803.55,0.0,6.8165,0.0,-803.55,0.0,6.8165,1.0,0.0,0.0,0.0,0.0
939,574.37,793.3,57488.8,51708.6,50915.3,89.8048,0.0467,0.0,-793.3,0.0,6.8165,0.0,-793.3,0.0,6.8165,1.0,0.0,0.0,0.0,0.0
940,574.69,799.8,57361.95,51557.05,50757.25,89.7371,0.047,0.0,-799.8,0.0,6.8165,0.0,-799.8,0.0,6.8165,1.0,0.0,0.0,0.0,0.0
941,575.02,798.25,57948.0,51651.2,50852.95,88.9819,0.0507,0.0,-798.25,0.0,6.8165,0.0,-798.25,0.0,6.8165,1.0,0.0,0.0,0.0,0.0
942,575.34,791.35,58003.75,51463.55,50672.2,88.5686,0.0527,0.0,-791.35,0.0,6.8165,0.0,-791.35,0.0,6.8165,1.0,0.0,0.0,0.0,0.0
943,575.66,794.6,57735.6,51075.9,50281.3,88.3042,0.054,0.0,-794.6,0.0,6.8165,0.0,-794.6,0.0,6.8165,1.0,0.0,0.0,0.0,0.0
944,575.98,802.95,58247.6,50996.95,50194.0,87.378,0.0586,0.0,-802.95,0.0,6.8165,0.0,-802.95,0.0,6.8165,1.0,0.0,0.0,0.0,0.0
945,576.3,807.05,58163.4,51168.95,50361.9,87.8053,0.0565,0.0,-807.05,0.0,6.8165,0.0,-807.05,0.0,6.8165,1.0,0.0,0.0,0.0,0.0
946,576.62,799.8,57624.9,51104.25,50304.45,88.5251,0.0529,0.0,-799.8,0.0,6.8165,0.0,-799.8,0.0,6.8165,1.0,0.0,0.0,0.0,0.0
947,576.94,788.05,58025.9,51456.6,50668.55,88.5228,0.0529,0.0,-788.05,0.0,6.8165,0.0,-788.05,0.0,6.8165,1.0,0.0,0.0,0.0,0.0
948,577.26,790.85,58113.95,51099.25,50308.4,87.7629,0.0567,0.0,-790.85,0.0,6.8165,0.0,-790.85,0.0,6.8165,1.0,0.0,0.0,0.0,0.0
949,577.58,785.3,57700.8,50571.4,49786.1,87.4737,0.0581,0.0,-785.3,0.0,6.8165,0.0,-785.3,0.0,6.8165,1.0,0.0,0.0,0.0,0.0
950,577.9,791.55,57361.55,50252.0,49460.45,87.4323,0.0583,0.0,-791.55,0.0,6.8165,0.0,-791.55,0.0,6.8165,1.0,0.0,0.0,0.0,0.0
951,578.22,780.8,57568.5,50105.9,49325.1,86.8588,0.0612,0.0,-780.8,0.0,6.8165,0.0,-780.8,0.0,6.8165,1.0,0.0,0.0,0.0,0.0
952,578.54,794.15,57198.6,49897.2,49103.05,87.0553,0.0602,0.0,-794.15,0.0,6.8165,0.0,-794.15,0.0,6.8165,1.0,0.0,0.0,0.0,0.0
953,578.86,806.7,56484.05,49678.4,48871.7,87.7766,0.0566,0.0,-806.7,0.0,6.8165,0.0,-806.7,0.0,6.8165,1.0,0.0,0.0,0.0,0.0
954,579.18,799.0,56974.05,49545.8,48746.8,86.7766,0.0616,0.0,-799.0,0.0,6.8165,0.0,-799.0,0.0,6.8165,1.0,0.0,0.0,0.0,0.0
955,579.5,799.95,56736.6,49742.25,48942.3,87.4959,0.058,0.0,-799.95,0.0,6.8165,0.0,-799.95,0.0,6.8165,1.0,0.0,0.0,0.0,0.0
956,579.82,797.2,56375.15,49733.3,48936.1,88.0495,0.0553,0.0,-797.2,0.0,6.8165,0.0,-797.2,0.0,6.8165,1.0,0.0,0.0,0.0,0.0
957,580.14,784.7,56166.45,49652.0,48867.3,88.2372,0.0543,0.0,-784.7,0.0,6.8165,0.0,-784.7,0.0,6.8165,1.0,0.0,0.0,0.0,0.0
958,580.46,792.95,55944.95,49351.3,48558.35,88.0446,0.0553,0.0,-792.95,0.0,6.8165,0.0,-792.95,0.0,6.8165,1.0,0.0,0.0,0.0,0.0
959,580.78,798.35,56915.4,48845.75,48047.4,85.62,0.0674,0.0,-798.35,0.0,6.8165,0.0,-798.35,0.0,6.8165,1.0,0.0,0.0,0.0,0.0
960,581.1,801.7,56297.15,48172.35,47370.65,85.3595,0.0687,0.0,-801.7,0.0,6.8165,0.0,-801.7,0.0,6.8165,1.0,0.0,0.0,0.0,0.0
961,581.42,787.45,56313.5,48729.2,47941.75,86.341,0.0638,0.0,-787.45,0.0,6.8165,0.0,-787.45,0.0,6.8165,1.0,0.0,0.0,0.0,0.0
962,581.73,799.85,56198.45,48659.15,47859.3,86.3908,0.0635,0.0,-799.85,0.0,6.8165,0.0,-799.85,0.0,6.8165,1.0,0.0,0.0,0.0,0.0
963,582.05,777.65,55809.1,48311.95,47534.3,86.3766,0.0636,0.0,-777.65,0.0,6.8165,0.0,-777.65,0.0,6.8165,1.0,0.0,0.0,0.0,0.0
964,582.37,772.9,55846.4,48235.55,47462.65,86.1806,0.0646,0.0,-772.9,0.0,6.8165,0.0,-772.9,0.0,6.8165,1.0,0.0,0.0,0.0,0.0
965,582.69,779.8,55735.45,47948.5,47168.7,85.8305,0.0664,0.0,-779.8,0.0,6.8165,0.0,-779.8,0.0,6.8165,1.0,0.0,0.0,0.0,0.0
966,583.01,791.7,55932.3,47850.05,47058.35,85.3425,0.0688,0.0,-791.7,0.0,6.8165,0.0,-791.7,0.0,6.8165,1.0,0.0,0.0,0.0,0.0
967,583.33,786.75,55517.25,47128.7,46341.95,84.673,0.0723,0.0,-786.75,0.0,6.8165,0.0,-786.75,0.0,6.8165,1.0,0.0,0.0,0.0,0.0
968,583.65,803.3,55569.65,47635.45,46832.15,85.5126,0.068,0.0,-803.3,0.0,6.8165,0.0,-803.3,0.0,6.8165,1.0,0.0,0.0,0.0,0.0
969,583.96,787.25,55269.85,47425.1,46637.85,85.6014,0.0675,0.0,-787.25,0.0,6.8165,0.0,-787.25,0.0,6.8165,1.0,0.0,0.0,0.0,0.0
970,584.28,795.35,55304.25,47405.8,46610.45,85.5098,0.068,0.0,-795.35,0.0,6.8165,0.0,-795.35,0.0,6.8165,1.0,0.0,0.0,0.0,0.0
971,584.6,787.2,55733.2,47305.6,46518.4,84.662,0.0723,0.0,-787.2,0.0,6.8165,0.0,-787.2,0.0,6.8165,1.0,0.0,0.0,0.0,0.0
972,584.92,797.15,55559.3,47128.05,46330.9,84.6039,0.0726,0.0,-797.15,0.0,6.8165,0.0,-797.15,0.0,6.8165,1.0,0.0,0.0,0.0,0.0
973,585.24,794.6,55178.4,47429.25,46634.65,85.751,0.0668,0.0,-794.6,0.0,6.8165,0.0,-794.6,0.0,6.8165,1.0,0.0,0.0,0.0,0.0
974,585.55,792.8,55190.9,47670.65,46877.85,86.1755,0.0646,0.0,-792.8,0.0,6.8165,0.0,-792.8,0.0,6.8165,1.0,0.0,0.0,0.0,0.0
975,585.87,793.1,55302.3,47044.2,46251.1,84.8501,0.0713,0.0,-793.1,0.0,6.8165,0.0,-793.1,0.0,6.8165,1.0,0.0,0.0,0.0,0.0
976,586.19,794.7,55480.2,46434.85,45640.15,83.4593,0.0785,0.0,-794.7,0.0,6.8165,0.0,-794.7,0.0,6.8165,1.0,0.0,0.0,0.0,0.0
977,586.51,804.4,55600.35,46238.3,45433.9,82.9147,0.0814,0.0,-804.4,0.0,6.8165,0.0,-804.4,0.0,6.8165,1.0,0.0,0.0,0.0,0.0
978,586.83,803.7,55405.5,46376.25,45572.55,83.4635,0.0785,0.0,-803.7,0.0,6.8165,0.0,-803.7,0.0,6.8165,1.0,0.0,0.0,0.0,0.0
979,587.14,794.1,54879.7,46239.65,45445.55,84.0252,0.0756,0.0,-794.1,0.0,6.8165,0.0,-794.1,0.0,6.8165,1.0,0.0,0.0,0.0,0.0
980,587.46,795.95,54660.6,46197.9,45401.95,84.289,0.0742,0.0,-795.95,0.0,6.8165,0.0,-795.95,0.0,6.8165,1.0,0.0,0.0,0.0,0.0
981,587.78,799.45,54900.3,46410.3,45610.85,84.3071,0.0741,0.0,-799.45,0.0,6.8165,0.0,-799.45,0.0,6.8165,1.0,0.0,0.0,0.0,0.0
982,588.09,808.15,54721.05,46263.7,45455.55,84.3129,0.0741,0.0,-808.15,0.0,6.8165,0.0,-808.15,0.0,6.8165,1.0,0.0,0.0,0.0,0.0
983,588.41,784.15,54915.9,46096.9,45312.75,83.7083,0.0772,0.0,-784.15,0.0,6.8165,0.0,-784.15,0.0,6.8165,1.0,0.0,0.0,0.0,0.0
984,588.73,801.05,55126.5,45985.2,45184.15,83.1731,0.08,0.0,-801.05,0.0,6.8165,0.0,-801.05,0.0,6.8165,1.0,0.0,0.0,0.0,0.0
985,589.04,792.6,54597.2,45712.9,44920.3,83.4878,0.0784,0.0,-792.6,0.0,6.8165,0.0,-792.6,0.0,6.8165,1.0,0.0,0.0,0.0,0.0
986,589.36,804.5,55142.3,45444.55,44640.05,82.1528,0.0854,0.0,-804.5,0.0,6.8165,0.0,-804.5,0.0,6.8165,1.0,0.0,0.0,0.0,0.0
987,589.68,789.2,55527.4,45490.3,44701.1,81.6634,0.088,0.0,-789.2,0.0,6.8165,0.0,-789.2,0.0,6.8165,1.0,0.0,0.0,0.0,0.0
988,589.99,799.3,55191.55,45476.55,44677.25,82.139,0.0855,0.0,-799.3,0.0,6.8165,0.0,-799.3,0.0,6.8165,1.0,0.0,0.0,0.0,0.0
989,590.31,784.2,55509.0,45902.9,45118.7,82.4465,0.0838,0.0,-784.2,0.0,6.8165,0.0,-784.2,0.0,6.8165,1.0,0.0,0.0,0.0,0.0
990,590.63,797.75,55156.5,45418.8,44621.05,82.0862,0.0857,0.0,-797.75,0.0,6.8165,0.0,-797.75,0.0,6.8165,1.0,0.0,0.0,0.0,0.0
991,590.94,794.45,55600.25,45506.1,44711.65,81.582,0.0884,0.0,-794.45,0.0,6.8165,0.0,-794.45,0.0,6.8165,1.0,0.0,0.0,0.0,0.0
992,591.26,778.65,55678.2,45617.2,44838.55,81.6738,0.0879,0.0,-778.65,0.0,6.8165,0.0,-778.65,0.0,6.8165,1.0,0.0,0.0,0.0,0.0
993,591.58,774.05,55465.15,45219.65,44445.6,81.2666,0.0901,0.0,-774.05,0.0,6.8165,0.0,-774.05,0.0,6.8165,1.0,0.0,0.0,0.0,0.0
994,591.89,782.95,54630.85,45168.2,44385.25,82.4271,0.0839,0.0,-782.95,0.0,6.8165,0.0,-782.95,0.0,6.8165,1.0,0.0,0.0,0.0,0.0
995,592.21,796.45,54397.75,45384.9,44588.45,83.1854,0.08,0.0,-796.45,0.0,6.8165,0.0,-796.45,0.0,6.8165,1.0,0.0,0.0,0.0,0.0
996,592.52,803.2,55181.4,45248.3,44445.1,81.7333,0.0876,0.0,-803.2,0.0,6.8165,0.0,-803.2,0.0,6.8165,1.0,0.0,0.0,0.0,0.0
997,592.84,791.4,55027.95,45260.4,44469.0,81.9908,0.0862,0.0,-791.4,0.0,6.8165,0.0,-791.4,0.0,6.8165,1.0,0.0,0.0,0.0,0.0
998,593.15,781.3,55103.0,45385.1,44603.8,82.1105,0.0856,0.0,-781.3,0.0,6.8165,0.0,-781.3,0.0,6.8165,1.0,0.0,0.0,0.0,0.0
999,593.47,789.75,55239.1,44968.15,44178.4,81.1367,0.0908,0.0,-789.75,0.0,6.8165,0.0,-789.75,0.0,6.8165,1.0,0.0,0.0,0.0,0.0
1000,593.79,782.35,54775.9,44906.25,44123.9,81.7207,0.0877,0.0,-782.35,0.0,6.8165,0.0,-782.35,0.0,6.8165,1.0,0.0,0.0,0.0,0.0
1001,594.1,802.3,54676.35,44551.3,43749.0,81.2061,0.0904,0.0,-802.3,0.0,6.8165,0.0,-802.3,0.0,6.8165,1.0,0.0,0.0,0.0,0.0
1002,594.42,793.1,55309.75,44656.65,43863.55,80.459,0.0944,0.0,-793.1,0.0,6.8165,0.0,-793.1,0.0,6.8165,1.0,0.0,0.0,0.0,0.0
1003,594.73,795.5,55171.1,44768.45,43972.95,80.8689,0.0922,0.0,-795.5,0.0,6.8165,0.0,-795.5,0.0,6.8165,1.0,0.0,0.0,0.0,0.0
1004,595.05,795.55,55506.7,44481.6,43686.05,79.8485,0.0977,0.0,-795.55,0.0,6.8165,0.0,-795.55,0.0,6.8165,1.0,0.0,0.0,0.0,0.0
1005,595.36,800.0,55898.45,44672.55,43872.55,79.6257,0.0989,0.0,-800.0,0.0,6.8165,0.0,-800.0,0.0,6.8165,1.0,0.0,0.0,0.0,0.0
1006,595.68,794.65,56012.95,44879.5,44084.85,79.8374,0.0978,0.0,-794.65,0.0,6.8165,0.0,-794.65,0.0,6.8165,1.0,0.0,0.0,0.0,0.0
1007,595.99,803.25,55630.5,44694.25,43891.0,80.0533,0.0966,0.0,-803.25,0.0,6.8165,0.0,-803.25,0.0,6.8165,1.0,0.0,0.0,0.0,0.0
1008,596.3,801.7,55205.5,44187.7,43386.0,79.7481,0.0983,0.0,-801.7,0.0,6.8165,0.0,-801.7,0.0,6.8165,1.0,0.0,0.0,0.0,0.0
1009,596.62,806.4,55820.9,43827.15,43020.75,78.1989,0.1068,0.0,-806.4,0.0,6.8165,0.0,-806.4,0.0,6.8165,1.0,0.0,0.0,0.0,0.0
1010,596.93,785.0,55898.05,43731.45,42946.45,77.9243,0.1083,0.0,-785.0,0.0,6.8165,0.0,-785.0,0.0,6.8165,1.0,0.0,0.0,0.0,0.0
1011,597.25,794.1,55660.1,44345.8,43551.7,79.3783,0.1003,0.0,-794.1,0.0,6.8165,0.0,-794.1,0.0,6.8165,1.0,0.0,0.0,0.0,0.0
1012,597.56,791.15,55301.7,44187.05,43395.9,79.6101,0.099,0.0,-791.15,0.0,6.8165,0.0,-791.15,0.0,6.8165,1.0,0.0,0.0,0.0,0.0
1013,597.88,792.55,55367.3,44094.55,43302.0,79.3444,0.1005,0.0,-792.55,0.0,6.8165,0.0,-792.55,0.0,6.8165,1.0,0.0,0.0,0.0,0.0
1014,598.19,795.35,55728.4,44108.1,43312.75,78.8464,0.1032,0.0,-795.35,0.0,6.8165,0.0,-795.35,0.0,6.8165,1.0,0.0,0.0,0.0,0.0
1015,598.5,787.1,55978.95,43979.45,43192.35,78.2586,0.1065,0.0,-787.1,0.0,6.8165,0.0,-787.1,0.0,6.8165,1.0,0.0,0.0,0.0,0.0
1016,598.82,786.85,56264.4,43334.7,42547.85,76.6938,0.1152,0.0,-786.85,0.0,6.8165,0.0,-786.85,0.0,6.8165,1.0,0.0,0.0,0.0,0.0
1017,599.13,791.4,56077.8,43328.3,42536.9,76.9392,0.1139,0.0,-791.4,0.0,6.8165,0.0,-791.4,0.0,6.8165,1.0,0.0,0.0,0.0,0.0
1018,599.45,794.55,56289.05,43794.0,42999.45,77.4842,0.1108,0.0,-794.55,0.0,6.8165,0.0,-794.55,0.0,6.8165,1.0,0.0,0.0,0.0,0.0
1019,599.76,799.55,55231.6,43790.05,42990.5,78.9801,0.1025,0.0,-799.55,0.0,6.8165,0.0,-799.55,0.0,6.8165,1.0,0.0,0.0,0.0,0.0
1020,600.07,794.4,55560.85,43975.5,43181.1,78.8459,0.1032,0.0,-794.4,0.0,6.8165,0.0,-794.4,0.0,6.8165,1.0,0.0,0.0,0.0,0.0
1021,600.39,791.6,56174.25,43587.6,42796.0,77.2733,0.112,0.0,-791.6,0.0,6.8165,0.0,-791.6,0.0,6.8165,1.0,0.0,0.0,0.0,0.0
1022,600.7,798.85,56218.7,43583.3,42784.45,77.2006,0.1124,0.0,-798.85,0.0,6.8165,0.0,-798.85,0.0,6.8165,1.0,0.0,0.0,0.0,0.0
1023,601.01,796.3,55940.85,43628.95,42832.65,77.6734,0.1097,0.0,-796.3,0.0,6.8165,0.0,-796.3,0.0,6.8165,1.0,0.0,0.0,0.0,0.0
1024,601.33,790.2,55894.85,43536.8,42746.6,77.5735,0.1103,0.0,-790.2,0.0,6.8165,0.0,-790.2,0.0,6.8165,1.0,0.0,0.0,0.0,0.0
1025,601.64,795.75,55574.85,43558.1,42762.35,78.0633,0.1076,0.0,-795.75,0.0,6.8165,0.0,-795.75,0.0,6.8165,1.0,0.0,0.0,0.0,0.0
1026,601.95,783.3,56039.9,43548.15,42764.85,77.3932,0.1113,0.0,-783.3,0.0,6.8165,0.0,-783.3,0.0,6.8165,1.0,0.0,0.0,0.0,0.0
1027,602.26,787.5,56041.2,43438.7,42651.2,77.1916,0.1124,0.0,-787.5,0.0,6.8165,0.0,-787.5,0.0,6.8165,1.0,0.0,0.0,0.0,0.0
1028,602.58,780.45,56106.05,42755.6,41975.15,75.8693,0.1199,0.0,-780.45,0.0,6.8165,0.0,-780.45,0.0,6.8165,1.0,0.0,0.0,0.0,0.0
1029,602.89,777.3,56489.8,42537.95,41760.65,74.9574,0.1252,0.0,-777.3,0.0,6.8165,0.0,-777.3,0.0,6.8165,1.0,0.0,0.0,0.0,0.0
1030,603.2,802.5,56547.4,43126.75,42324.25,75.9249,0.1196,0.0,-802.5,0.0,6.8165,0.0,-802.5,0.0,6.8165,1.0,0.0,0.0,0.0,0.0
1031,603.51,796.6,56221.05,42708.2,41911.6,75.6193,0.1214,0.0,-796.6,0.0,6.8165,0.0,-796.6,0.0,6.8165,1.0,0.0,0.0,0.0,0.0
1032,603.83,804.3,56709.95,42767.4,41963.1,75.0606,0.1246,0.0,-804.3,0.0,6.8165,0.0,-804.3,0.0,6.8165,1.0,0.0,0.0,0.0,0.0
1033,604.14,793.35,56999.3,42933.15,42139.8,74.9739,0.1251,0.0,-793.35,0.0,6.8165,0.0,-793.35,0.0,6.8165,1.0,0.0,0.0,0.0,0.0
1034,604.45,787.7,56518.1,42756.0,41968.3,75.3059,0.1232,0.0,-787.7,0.0,6.8165,0.0,-787.7,0.0,6.8165,1.0,0.0,0.0,0.0,0.0
1035,604.76,789.4,56575.15,42622.55,41833.15,74.989,0.125,0.0,-789.4,0.0,6.8165,0.0,-789.4,0.0,6.8165,1.0,0.0,0.0,0.0,0.0
1036,605.07,800.05,56385.05,42424.25,41624.2,74.8839,0.1256,0.0,-800.05,0.0,6.8165,0.0,-800.05,0.0,6.8165,1.0,0.0,0.0,0.0,0.0
1037,605.39,790.55,56179.65,42328.85,41538.3,74.9936,0.125,0.0,-790.55,0.0,6.8165,0.0,-790.55,0.0,6.8165,1.0,0.0,0.0,0.0,0.0
1038,605.7,806.35,56294.35,42682.0,41875.65,75.4679,0.1222,0.0,-806.35,0.0,6.8165,0.0,-806.35,0.0,6.8165,1.0,0.0,0.0,0.0,0.0
1039,606.01,787.6,56394.7,42594.35,41806.75,75.1824,0.1239,0.0,-787.6,0.0,6.8165,0.0,-787.6,0.0,6.8165,1.0,0.0,0.0,0.0,0.0
1040,606.32,793.7,56543.3,42122.15,41328.45,74.1323,0.13,0.0,-793.7,0.0,6.8165,0.0,-793.7,0.0,6.8165,1.0,0.0,0.0,0.0,0.0
1041,606.63,791.35,56122.05,41821.1,41029.75,74.1537,0.1299,0.0,-791.35,0.0,6.8165,0.0,-791.35,0.0,6.8165,1.0,0.0,0.0,0.0,0.0
1042,606.94,794.0,56199.25,42291.85,41497.85,74.8988,0.1255,0.0,-794.0,0.0,6.8165,0.0,-794.0,0.0,6.8165,1.0,0.0,0.0,0.0,0.0
1043,607.26,788.7,55964.9,42509.3,41720.6,75.6134,0.1214,0.0,-788.7,0.0,6.8165,0.0,-788.7,0.0,6.8165,1.0,0.0,0.0,0.0,0.0
1044,607.57,808.25,56463.3,41949.2,41140.95,73.9213,0.1312,0.0,-808.25,0.0,6.8165,0.0,-808.25,0.0,6.8165,1.0,0.0,0.0,0.0,0.0
1045,607.88,790.5,56226.05,41551.05,40760.55,73.5278,0.1335,0.0,-790.5,0.0,6.8165,0.0,-790.5,0.0,6.8165,1.0,0.0,0.0,0.0,0.0
1046,608.19,798.3,56742.35,41973.15,41174.85,73.6001,0.1331,0.0,-798.3,0.0,6.8165,0.0,-798.3,0.0,6.8165,1.0,0.0,0.0,0.0,0.0
1047,608.5,798.15,57167.35,41750.7,40952.55,72.6506,0.1388,0.0,-798.15,0.0,6.8165,0.0,-798.15,0.0,6.8165,1.0,0.0,0.0,0.0,0.0
1048,608.81,786.2,57055.3,41025.55,40239.35,71.5123,0.1456,0.0,-786.2,0.0,6.8165,0.0,-786.2,0.0,6.8165,1.0,0.0,0.0,0.0,0.0
1049,609.12,791.4,56456.55,40932.0,40140.6,72.1108,0.142,0.0,-791.4,0.0,6.8165,0.0,-791.4,0.0,6.8165,1.0,0.0,0.0,0.0,0.0
1050,609.43,788.7,56324.0,41079.15,40290.45,72.5493,0.1394,0.0,-788.7,0.0,6.8165,0.0,-788.7,0.0,6.8165,1.0,0.0,0.0,0.0,0.0
1051,609.74,783.9,56057.15,41172.45,40388.55,73.0707,0.1363,0.0,-783.9,0.0,6.8165,0.0,-783.9,0.0,6.8165,1.0,0.0,0.0,0.0,0.0
1052,610.05,794.3,57029.85,40955.85,40161.55,71.4167,0.1462,0.0,-794.3,0.0,6.8165,0.0,-794.3,0.0,6.8165,1.0,0.0,0.0,0.0,0.0
1053,610.36,789.35,56999.4,40631.2,39841.85,70.8803,0.1495,0.0,-789.35,0.0,6.8165,0.0,-789.35,0.0,6.8165,1.0,0.0,0.0,0.0,0.0
1054,610.67,775.0,56755.55,40372.3,39597.3,70.734,0.1504,0.0,-775.0,0.0,6.8165,0.0,-775.0,0.0,6.8165,1.0,0.0,0.0,0.0,0.0
1055,610.98,786.2,57325.05,40357.25,39571.05,69.9891,0.155,0.0,-786.2,0.0,6.8165,0.0,-786.2,0.0,6.8165,1.0,0.0,0.0,0.0,0.0
1056,611.29,787.35,57289.65,40478.65,39691.3,70.2472,0.1534,0.0,-787.35,0.0,6.8165,0.0,-787.35,0.0,6.8165,1.0,0.0,0.0,0.0,0.0
1057,611.6,782.5,56903.6,40564.8,39782.3,70.8865,0.1494,0.0,-782.5,0.0,6.8165,0.0,-782.5,0.0,6.8165,1.0,0.0,0.0,0.0,0.0
1058,611.91,788.35,57161.75,40869.4,40081.05,71.0992,0.1481,0.0,-788.35,0.0,6.8165,0.0,-788.35,0.0,6.8165,1.0,0.0,0.0,0.0,0.0
1059,612.22,786.4,56803.9,40863.55,40077.15,71.544,0.1454,0.0,-786.4,0.0,6.8165,0.0,-786.4,0.0,6.8165,1.0,0.0,0.0,0.0,0.0
1060,612.53,783.75,56602.1,40380.35,39596.6,70.9383,0.1491,0.0,-783.75,0.0,6.8165,0.0,-783.75,0.0,6.8165,1.0,0.0,0.0,0.0,0.0
1061,612.84,792.15,57147.6,40550.85,39758.7,70.5499,0.1515,0.0,-792.15,0.0,6.8165,0.0,-792.15,0.0,6.8165,1.0,0.0,0.0,0.0,0.0
1062,613.15,802.2,57434.85,40437.9,39635.7,69.9874,0.155,0.0,-802.2,0.0,6.8165,0.0,-802.2,0.0,6.8165,1.0,0.0,0.0,0.0,0.0
1063,613.46,785.3,57361.15,39918.5,39133.2,69.1694,0.1601,0.0,-785.3,0.0,6.8165,0.0,-785.3,0.0,6.8165,1.0,0.0,0.0,0.0,0.0
1064,613.77,782.05,57341.85,40244.85,39462.8,69.7718,0.1563,0.0,-782.05,0.0,6.8165,0.0,-782.05,0.0,6.8165,1.0,0.0,0.0,0.0,0.0
1065,614.08,789.0,57274.95,40182.3,39393.3,69.74,0.1565,0.0,-789.0,0.0,6.8165,0.0,-789.0,0.0,6.8165,1.0,0.0,0.0,0.0,0.0
1066,614.39,793.35,57057.7,40037.0,39243.65,69.7487,0.1565,0.0,-793.35,0.0,6.8165,0.0,-793.35,0.0,6.8165,1.0,0.0,0.0,0.0,0.0
1067,614.7,810.2,57016.3,40031.65,39221.45,69.7815,0.1563,0.0,-810.2,0.0,6.8165,0.0,-810.2,0.0,6.8165,1.0,0.0,0.0,0.0,0.0
1068,615.0,796.35,57794.35,40040.4,39244.05,68.8516,0.1621,0.0,-796.35,0.0,6.8165,0.0,-796.35,0.0,6.8165,1.0,0.0,0.0,0.0,0.0
1069,615.31,789.0,57685.4,40049.55,39260.55,69.0036,0.1611,0.0,-789.0,0.0,6.8165,0.0,-789.0,0.0,6.8165,1.0,0.0,0.0,0.0,0.0
1070,615.62,778.2,57446.65,39732.25,38954.05,68.7403,0.1628,0.0,-778.2,0.0,6.8165,0.0,-778.2,0.0,6.8165,1.0,0.0,0.0,0.0,0.0
1071,615.93,776.85,57705.05,39744.25,38967.4,68.4501,0.1646,0.0,-776.85,0.0,6.8165,0.0,-776.85,0.0,6.8165,1.0,0.0,0.0,0.0,0.0
1072,616.24,801.25,57597.55,39442.0,38640.75,68.0339,0.1673,0.0,-801.25,0.0,6.8165,0.0,-801.25,0.0,6.8165,1.0,0.0,0.0,0.0,0.0
1073,616.55,798.05,57210.1,38958.1,38160.05,67.6452,0.1698,0.0,-798.05,0.0,6.8165,0.0,-798.05,0.0,6.8165,1.0,0.0,0.0,0.0,0.0
1074,616.86,783.4,57335.35,39285.5,38502.1,68.0827,0.167,0.0,-783.4,0.0,6.8165,0.0,-783.4,0.0,6.8165,1.0,0.0,0.0,0.0,0.0
1075,617.16,800.05,57063.55,39192.5,38392.45,68.2369,0.166,0.0,-800.05,0.0,6.8165,0.0,-800.05,0.0,6.8165,1.0,0.0,0.0,0.0,0.0
1076,617.47,797.55,56635.75,39368.1,38570.55,69.0756,0.1607,0.0,-797.55,0.0,6.8165,0.0,-797.55,0.0,6.8165,1.0,0.0,0.0,0.0,0.0
1077,617.78,778.7,57264.2,39757.45,38978.75,69.0066,0.1611,0.0,-778.7,0.0,6.8165,0.0,-778.7,0.0,6.8165,1.0,0.0,0.0,0.0,0.0
1078,618.09,788.25,57253.25,39281.1,38492.85,68.1712,0.1664,0.0,-788.25,0.0,6.8165,0.0,-788.25,0.0,6.8165,1.0,0.0,0.0,0.0,0.0
1079,618.4,786.4,57278.55,39209.0,38422.6,68.0141,0.1674,0.0,-786.4,0.0,6.8165,0.0,-786.4,0.0,6.8165,1.0,0.0,0.0,0.0,0.0
1080,618.7,796.45,57484.55,39172.9,38376.45,67.6975,0.1694,0.0,-796.45,0.0,6.8165,0.0,-796.45,0.0,6.8165,1.0,0.0,0.0,0.0,0.0
1081,619.01,776.35,57533.8,39138.7,38362.35,67.59,0.1701,0.0,-776.35,0.0,6.8165,0.0,-776.35,0.0,6.8165,1.0,0.0,0.0,0.0,0.0
1082,619.32,783.0,57788.85,39002.65,38219.65,67.0451,0.1736,0.0,-783.0,0.0,6.8165,0.0,-783.0,0.0,6.8165,1.0,0.0,0.0,0.0,0.0
1083,619.63,800.05,57571.95,38614.75,37814.7,66.6081,0.1765,0.0,-800.05,0.0,6.8165,0.0,-800.05,0.0,6.8165,1.0,0.0,0.0,0.0,0.0
1084,619.93,785.6,57540.95,38324.25,37538.65,66.1412,0.1795,0.0,-785.6,0.0,6.8165,0.0,-785.6,0.0,6.8165,1.0,0.0,0.0,0.0,0.0
1085,620.24,800.9,57842.5,38628.25,37827.35,66.3154,0.1784,0.0,-800.9,0.0,6.8165,0.0,-800.9,0.0,6.8165,1.0,0.0,0.0,0.0,0.0
1086,620.55,778.8,57694.35,38643.05,37864.25,66.5271,0.177,0.0,-778.8,0.0,6.8165,0.0,-778.8,0.0,6.8165,1.0,0.0,0.0,0.0,0.0
1087,620.85,789.45,58454.05,38888.9,38099.45,66.0708,0.18,0.0,-789.45,0.0,6.8165,0.0,-789.45,0.0,6.8165,1.0,0.0,0.0,0.0,0.0
1088,621.16,792.65,58389.9,38750.35,37957.7,65.9019,0.1811,0.0,-792.65,0.0,6.8165,0.0,-792.65,0.0,6.8165,1.0,0.0,0.0,0.0,0.0
1089,621.47,794.9,57811.6,38272.35,37477.45,65.7307,0.1822,0.0,-794.9,0.0,6.8165,0.0,-794.9,0.0,6.8165,1.0,0.0,0.0,0.0,0.0
1090,621.77,797.15,57470.4,38047.55,37250.4,65.7284,0.1822,0.0,-797.15,0.0,6.8165,0.0,-797.15,0.0,6.8165,1.0,0.0,0.0,0.0,0.0
1091,622.08,795.35,57309.8,38063.1,37267.75,65.9438,0.1808,0.0,-795.35,0.0,6.8165,0.0,-795.35,0.0,6.8165,1.0,0.0,0.0,0.0,0.0
1092,622.39,797.4,57083.25,37579.4,36782.0,65.3486,0.1848,0.0,-797.4,0.0,6.8165,0.0,-797.4,0.0,6.8165,1.0,0.0,0.0,0.0,0.0
1093,622.69,785.3,57095.55,37686.95,36901.65,65.5327,0.1835,0.0,-785.3,0.0,6.8165,0.0,-785.3,0.0,6.8165,1.0,0.0,0.0,0.0,0.0
1094,623.0,789.65,56817.95,37569.5,36779.85,65.6451,0.1828,0.0,-789.65,0.0,6.8165,0.0,-789.65,0.0,6.8165,1.0,0.0,0.0,0.0,0.0
1095,623.31,774.45,56694.6,37585.5,36811.05,65.8279,0.1816,0.0,-774.45,0.0,6.8165,0.0,-774.45,0.0,6.8165,1.0,0.0,0.0,0.0,0.0
1096,623.61,788.3,57073.6,37621.75,36833.45,65.4406,0.1842,0.0,-788.3,0.0,6.8165,0.0,-788.3,0.0,6.8165,1.0,0.0,0.0,0.0,0.0
1097,623.92,795.8,56810.15,37025.45,36229.65,64.6792,0.1892,0.0,-795.8,0.0,6.8165,0.0,-795.8,0.0,6.8165,1.0,0.0,0.0,0.0,0.0
1098,624.22,788.85,57188.95,36888.3,36099.45,64.006,0.1938,0.0,-788.85,0.0,6.8165,0.0,-788.85,0.0,6.8165,1.0,0.0,0.0,0.0,0.0
1099,624.53,776.55,57480.75,36868.55,36092.0,63.6496,0.1962,0.0,-776.55,0.0,6.8165,0.0,-776.55,0.0,6.8165,1.0,0.0,0.0,0.0,0.0
1100,624.84,778.5,56815.45,36509.1,35730.6,63.7626,0.1954,0.0,-778.5,0.0,6.8165,0.0,-778.5,0.0,6.8165,1.0,0.0,0.0,0.0,0.0
1101,625.14,787.6,56960.3,36311.5,35523.9,63.2405,0.199,0.0,-787.6,0.0,6.8165,0.0,-787.6,0.0,6.8165,1.0,0.0,0.0,0.0,0.0
1102,625.45,783.2,56584.35,36187.9,35404.7,63.448,0.1976,0.0,-783.2,0.0,6.8165,0.0,-783.2,0.0,6.8165,1.0,0.0,0.0,0.0,0.0
1103,625.75,787.75,56342.35,36052.1,35264.35,63.4769,0.1974,0.0,-787.75,0.0,6.8165,0.0,-787.75,0.0,6.8165,1.0,0.0,0.0,0.0,0.0
1104,626.06,802.55,56577.45,35690.05,34887.5,62.5505,0.2038,0.0,-802.55,0.0,6.8165,0.0,-802.55,0.0,6.8165,1.0,0.0,0.0,0.0,0.0
1105,626.36,796.75,56563.15,35582.35,34785.6,62.3773,0.205,0.0,-796.75,0.0,6.8165,0.0,-796.75,0.0,6.8165,1.0,0.0,0.0,0.0,0.0
1106,626.67,778.2,56998.65,35712.05,34933.85,62.1373,0.2066,0.0,-778.2,0.0,6.8165,0.0,-778.2,0.0,6.8165,1.0,0.0,0.0,0.0,0.0
1107,626.97,789.4,56984.3,35469.3,34679.9,61.7136,0.2096,0.0,-789.4,0.0,6.8165,0.0,-789.4,0.0,6.8165,1.0,0.0,0.0,0.0,0.0
1108,627.28,801.65,56415.25,35250.0,34448.35,61.9423,0.208,0.0,-801.65,0.0,6.8165,0.0,-801.65,0.0,6.8165,1.0,0.0,0.0,0.0,0.0
1109,627.58,798.2,56214.85,35100.35,34302.15,61.8986,0.2083,0.0,-798.2,0.0,6.8165,0.0,-798.2,0.0,6.8165,1.0,0.0,0.0,0.0,0.0
1110,627.89,790.0,55423.15,34925.15,34135.15,62.4807,0.2043,0.0,-790.0,0.0,6.8165,0.0,-790.0,0.0,6.8165,1.0,0.0,0.0,0.0,0.0
1111,628.19,797.9,55540.25,34702.95,33905.05,61.9357,0.2081,0.0,-797.9,0.0,6.8165,0.0,-797.9,0.0,6.8165,1.0,0.0,0.0,0.0,0.0
1112,628.5,783.75,56629.05,34739.95,33956.2,60.804,0.2161,0.0,-783.75,0.0,6.8165,0.0,-783.75,0.0,6.8165,1.0,0.0,0.0,0.0,0.0
1113,628.8,776.8,56417.8,34598.7,33821.9,60.7859,0.2162,0.0,-776.8,0.0,6.8165,0.0,-776.8,0.0,6.8165,1.0,0.0,0.0,0.0,0.0
1114,629.11,790.65,56301.15,34146.1,33355.45,60.0885,0.2212,0.0,-790.65,0.0,6.8165,0.0,-790.65,0.0,6.8165,1.0,0.0,0.0,0.0,0.0
1115,629.41,778.0,56235.4,34385.4,33607.4,60.6004,0.2175,0.0,-778.0,0.0,6.8165,0.0,-778.0,0.0,6.8165,1.0,0.0,0.0,0.0,0.0
1116,629.71,792.75,55640.8,34489.4,33696.65,61.4364,0.2116,0.0,-792.75,0.0,6.8165,0.0,-792.75,0.0,6.8165,1.0,0.0,0.0,0.0,0.0
1117,630.02,777.5,54878.85,34320.8,33543.3,62.0009,0.2076,0.0,-777.5,0.0,6.8165,0.0,-777.5,0.0,6.8165,1.0,0.0,0.0,0.0,0.0
1118,630.32,787.35,55193.5,34196.05,33408.7,61.4061,0.2118,0.0,-787.35,0.0,6.8165,0.0,-787.35,0.0,6.8165,1.0,0.0,0.0,0.0,0.0
1119,630.63,779.75,56133.3,34076.45,33296.7,60.1528,0.2207,0.0,-779.75,0.0,6.8165,0.0,-779.75,0.0,6.8165,1.0,0.0,0.0,0.0,0.0
1120,630.93,789.35,56832.25,34321.65,33532.3,59.8333,0.2231,0.0,-789.35,0.0,6.8165,0.0,-789.35,0.0,6.8165,1.0,0.0,0.0,0.0,0.0
1121,631.23,801.3,55957.15,34108.85,33307.55,60.3881,0.219,0.0,-801.3,0.0,6.8165,0.0,-801.3,0.0,6.8165,1.0,0.0,0.0,0.0,0.0
1122,631.54,803.5,55703.85,33892.05,33088.55,60.2702,0.2199,0.0,-803.5,0.0,6.8165,0.0,-803.5,0.0,6.8165,1.0,0.0,0.0,0.0,0.0
1123,631.84,790.65,55497.65,33828.45,33037.8,60.3904,0.219,0.0,-790.65,0.0,6.8165,0.0,-790.65,0.0,6.8165,1.0,0.0,0.0,0.0,0.0
1124,632.14,783.15,55029.15,33983.35,33200.2,61.203,0.2132,0.0,-783.15,0.0,6.8165,0.0,-783.15,0.0,6.8165,1.0,0.0,0.0,0.0,0.0
1125,632.45,783.4,55092.85,33721.2,32937.8,60.6484,0.2172,0.0,-783.4,0.0,6.8165,0.0,-783.4,0.0,6.8165,1.0,0.0,0.0,0.0,0.0
1126,632.75,799.2,56024.95,33510.4,32711.2,59.2318,0.2274,0.0,-799.2,0.0,6.8165,0.0,-799.2,0.0,6.8165,1.0,0.0,0.0,0.0,0.0
1127,633.05,774.75,55636.7,33206.65,32431.9,59.1155,0.2283,0.0,-774.75,0.0,6.8165,0.0,-774.75,0.0,6.8165,1.0,0.0,0.0,0.0,0.0
1128,633.36,794.45,55822.75,32980.5,32186.05,58.49,0.2329,0.0,-794.45,0.0,6.8165,0.0,-794.45,0.0,6.8165,1.0,0.0,0.0,0.0,0.0
1129,633.66,778.15,55493.35,32952.75,32174.6,58.8038,0.2306,0.0,-778.15,0.0,6.8165,0.0,-778.15,0.0,6.8165,1.0,0.0,0.0,0.0,0.0
1130,633.96,787.05,55369.4,32634.25,31847.2,58.3471,0.234,0.0,-787.05,0.0,6.8165,0.0,-787.05,0.0,6.8165,1.0,0.0,0.0,0.0,0.0
1131,634.27,790.0,55252.1,32636.85,31846.85,58.4753,0.233,0.0,-790.0,0.0,6.8165,0.0,-790.0,0.0,6.8165,1.0,0.0,0.0,0.0,0.0
1132,634.57,784.65,55256.15,32442.45,31657.8,58.1181,0.2357,0.0,-784.65,0.0,6.8165,0.0,-784.65,0.0,6.8165,1.0,0.0,0.0,0.0,0.0
1133,634.87,790.9,54838.6,32660.85,31869.95,58.9663,0.2294,0.0,-790.9,0.0,6.8165,0.0,-790.9,0.0,6.8165,1.0,0.0,0.0,0.0,0.0
1134,635.17,780.3,54608.5,32705.2,31924.9,59.3089,0.2269,0.0,-780.3,0.0,6.8165,0.0,-780.3,0.0,6.8165,1.0,0.0,0.0,0.0,0.0
1135,635.48,782.1,54721.15,32106.55,31324.45,58.0738,0.236,0.0,-782.1,0.0,6.8165,0.0,-782.1,0.0,6.8165,1.0,0.0,0.0,0.0,0.0
1136,635.78,782.05,54950.5,32174.3,31392.25,57.953,0.2369,0.0,-782.05,0.0,6.8165,0.0,-782.05,0.0,6.8165,1.0,0.0,0.0,0.0,0.0
1137,636.08,796.3,54433.35,31783.3,30987.0,57.7716,0.2383,0.0,-796.3,0.0,6.8165,0.0,-796.3,0.0,6.8165,1.0,0.0,0.0,0.0,0.0
1138,636.38,791.35,54089.95,31902.95,31111.6,58.3723,0.2338,0.0,-791.35,0.0,6.8165,0.0,-791.35,0.0,6.8165,1.0,0.0,0.0,0.0,0.0
1139,636.68,782.35,53803.25,31899.6,31117.25,58.6886,0.2314,0.0,-782.35,0.0,6.8165,0.0,-782.35,0.0,6.8165,1.0,0.0,0.0,0.0,0.0
1140,636.99,783.25,53942.35,31904.0,31120.75,58.5427,0.2325,0.0,-783.25,0.0,6.8165,0.0,-783.25,0.0,6.8165,1.0,0.0,0.0,0.0,0.0
1141,637.29,801.35,54095.1,31541.35,30740.0,57.6803,0.239,0.0,-801.35,0.0,6.8165,0.0,-801.35,0.0,6.8165,1.0,0.0,0.0,0.0,0.0
1142,637.59,800.2,54681.85,31567.5,30767.3,57.1016,0.2434,0.0,-800.2,0.0,6.8165,0.0,-800.2,0.0,6.8165,1.0,0.0,0.0,0.0,0.0
1143,637.89,775.75,54825.65,31461.15,30685.4,56.7724,0.2459,0.0,-775.75,0.0,6.8165,0.0,-775.75,0.0,6.8165,1.0,0.0,0.0,0.0,0.0
1144,638.19,785.2,54898.3,31476.8,30691.6,56.7175,0.2463,0.0,-785.2,0.0,6.8165,0.0,-785.2,0.0,6.8165,1.0,0.0,0.0,0.0,0.0
1145,638.49,799.25,54169.5,31454.75,30655.5,57.4393,0.2408,0.0,-799.25,0.0,6.8165,0.0,-799.25,0.0,6.8165,1.0,0.0,0.0,0.0,0.0
1146,638.8,794.9,54311.15,31355.3,30560.4,57.1049,0.2433,0.0,-794.9,0.0,6.8165,0.0,-794.9,0.0,6.8165,1.0,0.0,0.0,0.0,0.0
1147,639.1,788.25,54009.9,31237.2,30448.95,57.2116,0.2425,0.0,-788.25,0.0,6.8165,0.0,-788.25,0.0,6.8165,1.0,0.0,0.0,0.0,0.0
1148,639.4,786.85,53534.3,31043.9,30257.05,57.3621,0.2414,0.0,-786.85,0.0,6.8165,0.0,-786.85,0.0,6.8165,1.0,0.0,0.0,0.0,0.0
1149,639.7,782.35,53509.15,30955.25,30172.9,57.225,0.2424,0.0,-782.35,0.0,6.8165,0.0,-782.35,0.0,6.8165,1.0,0.0,0.0,0.0,0.0
1150,640.0,784.25,54325.8,30764.95,29980.7,55.9952,0.2518,0.0,-784.25,0.0,6.8165,0.0,-784.25,0.0,6.8165,1.0,0.0,0.0,0.0,0.0
1151,640.3,787.8,54288.35,30582.45,29794.65,55.6904,0.2542,0.0,-787.8,0.0,6.8165,0.0,-787.8,0.0,6.8165,1.0,0.0,0.0,0.0,0.0
1152,640.6,796.0,53991.85,30464.35,29668.35,55.7719,0.2536,0.0,-796.0,0.0,6.8165,0.0,-796.0,0.0,6.8165,1.0,0.0,0.0,0.0,0.0
1153,640.9,788.25,54535.0,30690.2,29901.95,55.6349,0.2547,0.0,-788.25,0.0,6.8165,0.0,-788.25,0.0,6.8165,1.0,0.0,0.0,0.0,0.0
1154,641.2,783.05,53960.8,30378.45,29595.4,55.6537,0.2545,0.0,-783.05,0.0,6.8165,0.0,-783.05,0.0,6.8165,1.0,0.0,0.0,0.0,0.0
1155,641.5,791.65,53632.55,30530.5,29738.85,56.28,0.2496,0.0,-791.65,0.0,6.8165,0.0,-791.65,0.0,6.8165,1.0,0.0,0.0,0.0,0.0
1156,641.8,793.2,53285.75,30324.15,29530.95,56.2574,0.2498,0.0,-793.2,0.0,6.8165,0.0,-793.2,0.0,6.8165,1.0,0.0,0.0,0.0,0.0
1157,642.1,804.1,53681.15,30065.45,29261.35,55.3385,0.257,0.0,-804.1,0.0,6.8165,0.0,-804.1,0.0,6.8165,1.0,0.0,0.0,0.0,0.0
1158,642.4,783.35,53329.55,30010.95,29227.6,55.6227,0.2547,0.0,-783.35,0.0,6.8165,0.0,-783.35,0.0,6.8165,1.0,0.0,0.0,0.0,0.0
1159,642.7,786.45,53692.7,30035.7,29249.25,55.2851,0.2574,0.0,-786.45,0.0,6.8165,0.0,-786.45,0.0,6.8165,1.0,0.0,0.0,0.0,0.0
1160,643.0,793.95,53214.15,29798.35,29004.4,55.3306,0.257,0.0,-793.95,0.0,6.8165,0.0,-793.95,0.0,6.8165,1.0,0.0,0.0,0.0,0.0
1161,643.3,797.35,52627.5,29408.8,28611.45,55.2023,0.258,0.0,-797.35,0.0,6.8165,0.0,-797.35,0.0,6.8165,1.0,0.0,0.0,0.0,0.0
1162,643.6,784.9,53028.6,29261.75,28476.85,54.5077,0.2635,0.0,-784.9,0.0,6.8165,0.0,-784.9,0.0,6.8165,1.0,0.0,0.0,0.0,0.0
1163,643.9,793.8,53474.15,29230.3,28436.5,53.9793,0.2678,0.0,-793.8,0.0,6.8165,0.0,-793.8,0.0,6.8165,1.0,0.0,0.0,0.0,0.0
1164,644.2,788.8,53976.75,29636.9,28848.1,54.238,0.2657,0.0,-788.8,0.0,6.8165,0.0,-788.8,0.0,6.8165,1.0,0.0,0.0,0.0,0.0
1165,644.5,794.3,53448.05,29479.9,28685.6,54.4797,0.2638,0.0,-794.3,0.0,6.8165,0.0,-794.3,0.0,6.8165,1.0,0.0,0.0,0.0,0.0
1166,644.8,780.65,52871.75,29609.85,28829.2,55.3438,0.2569,0.0,-780.65,0.0,6.8165,0.0,-780.65,0.0,6.8165,1.0,0.0,0.0,0.0,0.0
1167,645.1,786.85,52919.6,29560.6,28773.75,55.1932,0.2581,0.0,-786.85,0.0,6.8165,0.0,-786.85,0.0,6.8165,1.0,0.0,0.0,0.0,0.0
1168,645.4,790.45,52022.25,29421.05,28630.6,55.8844,0.2527,0.0,-790.45,0.0,6.8165,0.0,-790.45,0.0,6.8165,1.0,0.0,0.0,0.0,0.0
1169,645.7,784.35,52203.75,29721.5,28937.15,56.2767,0.2497,0.0,-784.35,0.0,6.8165,0.0,-784.35,0.0,6.8165,1.0,0.0,0.0,0.0,0.0
1170,646.0,774.0,52268.75,29233.05,28459.05,55.2659,0.2575,0.0,-774.0,0.0,6.8165,0.0,-774.0,0.0,6.8165,1.0,0.0,0.0,0.0,0.0
1171,646.3,784.4,52825.6,29477.05,28692.65,55.1345,0.2586,0.0,-784.4,0.0,6.8165,0.0,-784.4,0.0,6.8165,1.0,0.0,0.0,0.0,0.0
1172,646.59,787.55,53242.85,29229.85,28442.3,54.222,0.2658,0.0,-787.55,0.0,6.8165,0.0,-787.55,0.0,6.8165,1.0,0.0,0.0,0.0,0.0
1173,646.89,778.5,53677.25,29156.5,28378.0,53.6459,0.2705,0.0,-778.5,0.0,6.8165,0.0,-778.5,0.0,6.8165,1.0,0.0,0.0,0.0,0.0
1174,647.19,795.8,53506.3,29339.6,28543.8,54.152,0.2664,0.0,-795.8,0.0,6.8165,0.0,-795.8,0.0,6.8165,1.0,0.0,0.0,0.0,0.0
1175,647.49,795.9,53067.2,29116.1,28320.2,54.1793,0.2662,0.0,-795.9,0.0,6.8165,0.0,-795.9,0.0,6.8165,1.0,0.0,0.0,0.0,0.0
1176,647.79,778.0,53106.9,29003.5,28225.5,53.9386,0.2681,0.0,-778.0,0.0,6.8165,0.0,-778.0,0.0,6.8165,1.0,0.0,0.0,0.0,0.0
1177,648.09,784.45,52035.4,28761.6,27977.15,54.5885,0.2629,0.0,-784.45,0.0,6.8165,0.0,-784.45,0.0,6.8165,1.0,0.0,0.0,0.0,0.0
1178,648.39,780.35,52574.9,28828.15,28047.8,54.152,0.2664,0.0,-780.35,0.0,6.8165,0.0,-780.35,0.0,6.8165,1.0,0.0,0.0,0.0,0.0
1179,648.68,792.15,53358.55,28637.5,27845.35,52.9718,0.276,0.0,-792.15,0.0,6.8165,0.0,-792.15,0.0,6.8165,1.0,0.0,0.0,0.0,0.0
1180,648.98,810.95,53140.8,28243.6,27432.65,52.4226,0.2805,0.0,-810.95,0.0,6.8165,0.0,-810.95,0.0,6.8165,1.0,0.0,0.0,0.0,0.0
1181,649.28,791.9,53661.9,28359.35,27567.45,52.142,0.2828,0.0,-791.9,0.0,6.8165,0.0,-791.9,0.0,6.8165,1.0,0.0,0.0,0.0,0.0
1182,649.58,775.2,53391.05,28499.75,27724.55,52.6924,0.2783,0.0,-775.2,0.0,6.8165,0.0,-775.2,0.0,6.8165,1.0,0.0,0.0,0.0,0.0
1183,649.87,779.7,52411.1,28448.5,27668.8,53.5891,0.2709,0.0,-779.7,0.0,6.8165,0.0,-779.7,0.0,6.8165,1.0,0.0,0.0,0.0,0.0
1184,650.17,788.1,52025.5,28349.25,27561.15,53.7911,0.2693,0.0,-788.1,0.0,6.8165,0.0,-788.1,0.0,6.8165,1.0,0.0,0.0,0.0,0.0
1185,650.47,786.45,52236.1,28250.85,27464.4,53.3811,0.2726,0.0,-786.45,0.0,6.8165,0.0,-786.45,0.0,6.8165,1.0,0.0,0.0,0.0,0.0
1186,650.77,777.05,52216.25,28396.0,27618.95,53.6924,0.2701,0.0,-777.05,0.0,6.8165,0.0,-777.05,0.0,6.8165,1.0,0.0,0.0,0.0,0.0
1187,651.06,796.5,52465.25,28122.45,27325.95,52.8868,0.2767,0.0,-796.5,0.0,6.8165,0.0,-796.5,0.0,6.8165,1.0,0.0,0.0,0.0,0.0
1188,651.36,802.2,52119.55,27721.25,26919.05,52.456,0.2802,0.0,-802.2,0.0,6.8165,0.0,-802.2,0.0,6.8165,1.0,0.0,0.0,0.0,0.0
1189,651.66,777.8,52669.7,27508.15,26730.35,51.5116,0.2881,0.0,-777.8,0.0,6.8165,0.0,-777.8,0.0,6.8165,1.0,0.0,0.0,0.0,0.0
1190,651.96,786.3,52936.65,27280.4,26494.1,50.8033,0.2941,0.0,-786.3,0.0,6.8165,0.0,-786.3,0.0,6.8165,1.0,0.0,0.0,0.0,0.0
1191,652.25,791.0,52418.65,27099.15,26308.15,50.9575,0.2928,0.0,-791.0,0.0,6.8165,0.0,-791.0,0.0,6.8165,1.0,0.0,0.0,0.0,0.0
1192,652.55,793.0,51909.35,26919.1,26126.1,51.111,0.2915,0.0,-793.0,0.0,6.8165,0.0,-793.0,0.0,6.8165,1.0,0.0,0.0,0.0,0.0
1193,652.85,783.35,51316.2,26805.05,26021.7,51.4946,0.2882,0.0,-783.35,0.0,6.8165,0.0,-783.35,0.0,6.8165,1.0,0.0,0.0,0.0,0.0
1194,653.14,791.35,50520.55,26736.0,25944.65,52.1719,0.2826,0.0,-791.35,0.0,6.8165,0.0,-791.35,0.0,6.8165,1.0,0.0,0.0,0.0,0.0
1195,653.44,795.1,50560.85,26427.4,25632.3,51.5059,0.2881,0.0,-795.1,0.0,6.8165,0.0,-795.1,0.0,6.8165,1.0,0.0,0.0,0.0,0.0
1196,653.74,787.05,50583.4,26101.6,25314.55,50.8362,0.2938,0.0,-787.05,0.0,6.8165,0.0,-787.05,0.0,6.8165,1.0,0.0,0.0,0.0,0.0
1197,654.03,781.85,51512.5,26403.75,25621.9,50.5058,0.2967,0.0,-781.85,0.0,6.8165,0.0,-781.85,0.0,6.8165,1.0,0.0,0.0,0.0,0.0
1198,654.33,792.45,51424.3,26600.5,25808.05,50.972,0.2927,0.0,-792.45,0.0,6.8165,0.0,-792.45,0.0,6.8165,1.0,0.0,0.0,0.0,0.0
1199,654.62,780.9,50842.95,26430.3,25649.4,51.2352,0.2904,0.0,-780.9,0.0,6.8165,0.0,-780.9,0.0,6.8165,1.0,0.0,0.0,0.0,0.0
1200,654.92,779.65,50684.4,26281.8,25502.15,51.1016,0.2916,0.0,-779.65,0.0,6.8165,0.0,-779.65,0.0,6.8165,1.0,0.0,0.0,0.0,0.0
1201,655.22,787.2,49384.65,25849.2,25062.0,51.5706,0.2876,0.0,-787.2,0.0,6.8165,0.0,-787.2,0.0,6.8165,1.0,0.0,0.0,0.0,0.0
1202,655.51,798.7,49650.5,25787.95,24989.25,51.1532,0.2911,0.0,-798.7,0.0,6.8165,0.0,-798.7,0.0,6.8165,1.0,0.0,0.0,0.0,0.0
1203,655.81,781.75,49234.2,25821.05,25039.3,51.6781,0.2867,0.0,-781.75,0.0,6.8165,0.0,-781.75,0.0,6.8165,1.0,0.0,0.0,0.0,0.0
1204,656.1,792.4,49643.5,25842.0,25049.6,51.2775,0.2901,0.0,-792.4,0.0,6.8165,0.0,-792.4,0.0,6.8165,1.0,0.0,0.0,0.0,0.0
1205,656.4,803.15,49906.25,25739.2,24936.05,50.783,0.2943,0.0,-803.15,0.0,6.8165,0.0,-803.15,0.0,6.8165,1.0,0.0,0.0,0.0,0.0
1206,656.69,789.7,50388.15,25869.35,25079.65,50.5654,0.2961,0.0,-789.7,0.0,6.8165,0.0,-789.7,0.0,6.8165,1.0,0.0,0.0,0.0,0.0
1207,656.99,787.85,50248.75,26001.5,25213.65,50.9769,0.2926,0.0,-787.85,0.0,6.8165,0.0,-787.85,0.0,6.8165,1.0,0.0,0.0,0.0,0.0
1208,657.29,782.75,50214.25,25873.15,25090.4,50.7579,0.2945,0.0,-782.75,0.0,6.8165,0.0,-782.75,0.0,6.8165,1.0,0.0,0.0,0.0,0.0
1209,657.58,783.25,49971.55,25743.25,24960.0,50.7438,0.2946,0.0,-783.25,0.0,6.8165,0.0,-783.25,0.0,6.8165,1.0,0.0,0.0,0.0,0.0
1210,657.88,803.35,50127.3,25459.05,24655.7,49.9873,0.3011,0.0,-803.35,0.0,6.8165,0.0,-803.35,0.0,6.8165,1.0,0.0,0.0,0.0,0.0
1211,658.17,787.7,49475.5,25299.6,24511.9,50.3451,0.298,0.0,-787.7,0.0,6.8165,0.0,-787.7,0.0,6.8165,1.0,0.0,0.0,0.0,0.0
1212,658.47,779.0,49332.15,25198.85,24419.85,50.2951,0.2985,0.0,-779.0,0.0,6.8165,0.0,-779.0,0.0,6.8165,1.0,0.0,0.0,0.0,0.0
1213,658.76,801.1,49336.35,25110.6,24309.5,50.0863,0.3003,0.0,-801.1,0.0,6.8165,0.0,-801.1,0.0,6.8165,1.0,0.0,0.0,0.0,0.0
1214,659.05,797.5,49568.25,25224.5,24427.0,50.0853,0.3003,0.0,-797.5,0.0,6.8165,0.0,-797.5,0.0,6.8165,1.0,0.0,0.0,0.0,0.0
1215,659.35,792.25,49910.65,25260.0,24467.75,49.8138,0.3027,0.0,-792.25,0.0,6.8165,0.0,-792.25,0.0,6.8165,1.0,0.0,0.0,0.0,0.0
1216,659.64,805.5,49497.6,25089.15,24283.65,49.8718,0.3021,0.0,-805.5,0.0,6.8165,0.0,-805.5,0.0,6.8165,1.0,0.0,0.0,0.0,0.0
1217,659.94,786.75,49581.8,25263.65,24476.9,50.1627,0.2996,0.0,-786.75,0.0,6.8165,0.0,-786.75,0.0,6.8165,1.0,0.0,0.0,0.0,0.0
1218,660.23,785.4,49267.0,25305.75,24520.35,50.5766,0.2961,0.0,-785.4,0.0,6.8165,0.0,-785.4,0.0,6.8165,1.0,0.0,0.0,0.0,0.0
1219,660.53,778.65,48573.7,25201.25,24422.6,51.0986,0.2916,0.0,-778.65,0.0,6.8165,0.0,-778.65,0.0,6.8165,1.0,0.0,0.0,0.0,0.0
1220,660.82,796.5,48932.55,25173.85,24377.35,50.6426,0.2955,0.0,-796.5,0.0,6.8165,0.0,-796.5,0.0,6.8165,1.0,0.0,0.0,0.0,0.0
1221,661.11,804.0,49141.4,24998.2,24194.2,50.0528,0.3006,0.0,-804.0,0.0,6.8165,0.0,-804.0,0.0,6.8165,1.0,0.0,0.0,0.0,0.0
1222,661.41,789.05,49546.55,24812.3,24023.25,49.2709,0.3074,0.0,-789.05,0.0,6.8165,0.0,-789.05,0.0,6.8165,1.0,0.0,0.0,0.0,0.0
1223,661.7,786.55,49820.95,24869.5,24082.95,49.1144,0.3088,0.0,-786.55,0.0,6.8165,0.0,-786.55,0.0,6.8165,1.0,0.0,0.0,0.0,0.0
1224,662.0,788.8,49648.2,24896.2,24107.4,49.3404,0.3068,0.0,-788.8,0.0,6.8165,0.0,-788.8,0.0,6.8165,1.0,0.0,0.0,0.0,0.0
1225,662.29,793.15,49512.1,24648.4,23855.25,48.965,0.3101,0.0,-793.15,0.0,6.8165,0.0,-793.15,0.0,6.8165,1.0,0.0,0.0,0.0,0.0
1226,662.58,802.4,49084.4,24489.4,23687.0,49.0597,0.3093,0.0,-802.4,0.0,6.8165,0.0,-802.4,0.0,6.8165,1.0,0.0,0.0,0.0,0.0
1227,662.88,784.35,48439.0,24381.25,23596.9,49.5165,0.3053,0.0,-784.35,0.0,6.8165,0.0,-784.35,0.0,6.8165,1.0,0.0,0.0,0.0,0.0
1228,663.17,790.75,48375.5,24618.9,23828.15,50.0752,0.3004,0.0,-790.75,0.0,6.8165,0.0,-790.75,0.0,6.8165,1.0,0.0,0.0,0.0,0.0
1229,663.46,777.9,48993.8,24537.5,23759.6,49.2775,0.3074,0.0,-777.9,0.0,6.8165,0.0,-777.9,0.0,6.8165,1.0,0.0,0.0,0.0,0.0
1230,663.76,784.75,48612.3,24391.3,23606.55,49.3576,0.3066,0.0,-784.75,0.0,6.8165,0.0,-784.75,0.0,6.8165,1.0,0.0,0.0,0.0,0.0
1231,664.05,775.65,48862.55,24340.85,23565.2,49.0054,0.3098,0.0,-775.65,0.0,6.8165,0.0,-775.65,0.0,6.8165,1.0,0.0,0.0,0.0,0.0
1232,664.34,777.25,48956.0,24299.95,23522.7,48.8238,0.3114,0.0,-777.25,0.0,6.8165,0.0,-777.25,0.0,6.8165,1.0,0.0,0.0,0.0,0.0
1233,664.64,795.9,49325.85,24528.05,23732.15,48.9021,0.3107,0.0,-795.9,0.0,6.8165,0.0,-795.9,0.0,6.8165,1.0,0.0,0.0,0.0,0.0
1234,664.93,790.0,49418.45,24809.1,24019.1,49.3931,0.3063,0.0,-790.0,0.0,6.8165,0.0,-790.0,0.0,6.8165,1.0,0.0,0.0,0.0,0.0
1235,665.22,797.1,48406.95,24479.7,23682.6,49.7431,0.3033,0.0,-797.1,0.0,6.8165,0.0,-797.1,0.0,6.8165,1.0,0.0,0.0,0.0,0.0
1236,665.51,794.4,48509.55,24621.3,23826.9,49.9357,0.3016,0.0,-794.4,0.0,6.8165,0.0,-794.4,0.0,6.8165,1.0,0.0,0.0,0.0,0.0
1237,665.81,780.2,48318.4,24411.85,23631.65,49.7109,0.3035,0.0,-780.2,0.0,6.8165,0.0,-780.2,0.0,6.8165,1.0,0.0,0.0,0.0,0.0
1238,666.1,779.95,48218.6,24134.55,23354.6,49.2312,0.3078,0.0,-779.95,0.0,6.8165,0.0,-779.95,0.0,6.8165,1.0,0.0,0.0,0.0,0.0
1239,666.39,794.05,48671.25,24247.25,23453.2,48.9862,0.3099,0.0,-794.05,0.0,6.8165,0.0,-794.05,0.0,6.8165,1.0,0.0,0.0,0.0,0.0
1240,666.68,781.6,49748.9,24172.35,23390.75,47.7681,0.3209,0.0,-781.6,0.0,6.8165,0.0,-781.6,0.0,6.8165,1.0,0.0,0.0,0.0,0.0
1241,666.97,795.8,49798.8,24284.35,23488.55,47.9329,0.3194,0.0,-795.8,0.0,6.8165,0.0,-795.8,0.0,6.8165,1.0,0.0,0.0,0.0,0.0
1242,667.27,787.8,48734.85,24376.05,23588.25,49.1965,0.3081,0.0,-787.8,0.0,6.8165,0.0,-787.8,0.0,6.8165,1.0,0.0,0.0,0.0,0.0
1243,667.56,792.25,48369.25,24516.45,23724.2,49.8649,0.3022,0.0,-792.25,0.0,6.8165,0.0,-792.25,0.0,6.8165,1.0,0.0,0.0,0.0,0.0
1244,667.85,791.75,48366.75,24454.1,23662.35,49.7369,0.3033,0.0,-791.75,0.0,6.8165,0.0,-791.75,0.0,6.8165,1.0,0.0,0.0,0.0,0.0
1245,668.14,801.15,48712.45,24569.2,23768.05,49.6084,0.3044,0.0,-801.15,0.0,6.8165,0.0,-801.15,0.0,6.8165,1.0,0.0,0.0,0.0,0.0
1246,668.43,795.95,48529.45,24556.05,23760.1,49.7766,0.303,0.0,-795.95,0.0,6.8165,0.0,-795.95,0.0,6.8165,1.0,0.0,0.0,0.0,0.0
1247,668.72,798.5,48323.55,24310.95,23512.45,49.4738,0.3056,0.0,-798.5,0.0,6.8165,0.0,-798.5,0.0,6.8165,1.0,0.0,0.0,0.0,0.0
1248,669.02,794.35,48625.65,24217.0,23422.65,48.9693,0.3101,0.0,-794.35,0.0,6.8165,0.0,-794.35,0.0,6.8165,1.0,0.0,0.0,0.0,0.0
1249,669.31,785.9,49038.25,24043.25,23257.35,48.1994,0.317,0.0,-785.9,0.0,6.8165,0.0,-785.9,0.0,6.8165,1.0,0.0,0.0,0.0,0.0
1250,669.6,794.5,48667.35,24042.5,23248.0,48.562,0.3137,0.0,-794.5,0.0,6.8165,0.0,-794.5,0.0,6.8165,1.0,0.0,0.0,0.0,0.0
1251,669.89,784.8,48047.3,23840.8,23056.0,48.7829,0.3117,0.0,-784.8,0.0,6.8165,0.0,-784.8,0.0,6.8165,1.0,0.0,0.0,0.0,0.0
1252,670.18,781.9,48056.2,24068.4,23286.5,49.2583,0.3075,0.0,-781.9,0.0,6.8165,0.0,-781.9,0.0,6.8165,1.0,0.0,0.0,0.0,0.0
1253,670.47,788.85,47752.25,23957.35,23168.5,49.3331,0.3069,0.0,-788.85,0.0,6.8165,0.0,-788.85,0.0,6.8165,1.0,0.0,0.0,0.0,0.0
1254,670.76,775.6,47667.0,23987.85,23212.25,49.5021,0.3054,0.0,-775.6,0.0,6.8165,0.0,-775.6,0.0,6.8165,1.0,0.0,0.0,0.0,0.0
1255,671.05,787.1,47798.75,23600.45,22813.35,48.527,0.314,0.0,-787.1,0.0,6.8165,0.0,-787.1,0.0,6.8165,1.0,0.0,0.0,0.0,0.0
1256,671.34,784.4,48336.65,23592.95,22808.55,47.9652,0.3191,0.0,-784.4,0.0,6.8165,0.0,-784.4,0.0,6.8165,1.0,0.0,0.0,0.0,0.0
1257,671.63,794.15,48514.55,23385.05,22590.9,47.3401,0.3248,0.0,-794.15,0.0,6.8165,0.0,-794.15,0.0,6.8165,1.0,0.0,0.0,0.0,0.0
1258,671.92,783.05,48270.8,23496.6,22713.55,47.8303,0.3203,0.0,-783.05,0.0,6.8165,0.0,-783.05,0.0,6.8165,1.0,0.0,0.0,0.0,0.0
1259,672.21,783.85,48011.1,23541.7,22757.85,48.188,0.3171,0.0,-783.85,0.0,6.8165,0.0,-783.85,0.0,6.8165,1.0,0.0,0.0,0.0,0.0
1260,672.5,774.4,48377.9,23488.6,22714.2,47.7154,0.3213,0.0,-774.4,0.0,6.8165,0.0,-774.4,0.0,6.8165,1.0,0.0,0.0,0.0,0.0
1261,672.79,779.8,47911.2,23404.85,22625.05,48.0042,0.3187,0.0,-779.8,0.0,6.8165,0.0,-779.8,0.0,6.8165,1.0,0.0,0.0,0.0,0.0
1262,673.08,790.15,48051.15,23499.65,22709.5,48.0512,0.3183,0.0,-790.15,0.0,6.8165,0.0,-790.15,0.0,6.8165,1.0,0.0,0.0,0.0,0.0
1263,673.37,789.9,48408.4,23290.7,22500.8,47.2522,0.3256,0.0,-789.9,0.0,6.8165,0.0,-789.9,0.0,6.8165,1.0,0.0,0.0,0.0,0.0
1264,673.66,783.7,49002.85,23244.7,22461.0,46.5811,0.3318,0.0,-783.7,0.0,6.8165,0.0,-783.7,0.0,6.8165,1.0,0.0,0.0,0.0,0.0
1265,673.95,775.9,48383.6,23182.4,22406.5,47.0649,0.3273,0.0,-775.9,0.0,6.8165,0.0,-775.9,0.0,6.8165,1.0,0.0,0.0,0.0,0.0
1266,674.24,788.55,47011.1,23205.2,22416.65,48.4972,0.3143,0.0,-788.55,0.0,6.8165,0.0,-788.55,0.0,6.8165,1.0,0.0,0.0,0.0,0.0
1267,674.53,779.75,47809.25,23281.4,22501.65,47.8458,0.3202,0.0,-779.75,0.0,6.8165,0.0,-779.75,0.0,6.8165,1.0,0.0,0.0,0.0,0.0
1268,674.82,798.65,48263.25,23330.35,22531.7,47.4705,0.3236,0.0,-798.65,0.0,6.8165,0.0,-798.65,0.0,6.8165,1.0,0.0,0.0,0.0,0.0
1269,675.11,795.55,47963.5,23329.2,22533.65,47.7732,0.3208,0.0,-795.55,0.0,6.8165,0.0,-795.55,0.0,6.8165,1.0,0.0,0.0,0.0,0.0
1270,675.4,794.8,47279.35,23263.4,22468.6,48.3356,0.3157,0.0,-794.8,0.0,6.8165,0.0,-794.8,0.0,6.8165,1.0,0.0,0.0,0.0,0.0
1271,675.69,787.7,47676.1,22982.25,22194.55,47.3348,0.3248,0.0,-787.7,0.0,6.8165,0.0,-787.7,0.0,6.8165,1.0,0.0,0.0,0.0,0.0
1272,675.98,789.55,48584.05,23032.85,22243.3,46.5395,0.3322,0.0,-789.55,0.0,6.8165,0.0,-789.55,0.0,6.8165,1.0,0.0,0.0,0.0,0.0
1273,676.27,783.7,48174.9,23259.6,22475.9,47.4263,0.324,0.0,-783.7,0.0,6.8165,0.0,-783.7,0.0,6.8165,1.0,0.0,0.0,0.0,0.0
1274,676.56,783.3,46791.3,23244.3,22461.0,48.8198,0.3114,0.0,-783.3,0.0,6.8165,0.0,-783.3,0.0,6.8165,1.0,0.0,0.0,0.0,0.0
1275,676.84,787.15,46214.45,22962.15,22175.0,48.8143,0.3115,0.0,-787.15,0.0,6.8165,0.0,-787.15,0.0,6.8165,1.0,0.0,0.0,0.0,0.0
1276,677.13,780.55,47501.3,23028.2,22247.65,47.6183,0.3222,0.0,-780.55,0.0,6.8165,0.0,-780.55,0.0,6.8165,1.0,0.0,0.0,0.0,0.0
1277,677.42,788.0,47514.55,23058.25,22270.25,47.6608,0.3218,0.0,-788.0,0.0,6.8165,0.0,-788.0,0.0,6.8165,1.0,0.0,0.0,0.0,0.0
1278,677.71,794.75,46480.75,23011.15,22216.4,48.6285,0.3131,0.0,-794.75,0.0,6.8165,0.0,-794.75,0.0,6.8165,1.0,0.0,0.0,0.0,0.0
1279,678.0,786.5,46720.15,22660.15,21873.65,47.6201,0.3222,0.0,-786.5,0.0,6.8165,0.0,-786.5,0.0,6.8165,1.0,0.0,0.0,0.0,0.0
1280,678.29,792.8,47998.8,22859.05,22066.25,46.7446,0.3303,0.0,-792.8,0.0,6.8165,0.0,-792.8,0.0,6.8165,1.0,0.0,0.0,0.0,0.0
1281,678.58,783.35,47736.4,23204.4,22421.05,47.7521,0.321,0.0,-783.35,0.0,6.8165,0.0,-783.35,0.0,6.8165,1.0,0.0,0.0,0.0,0.0
1282,678.86,767.45,46647.05,22996.3,22228.85,48.4504,0.3147,0.0,-767.45,0.0,6.8165,0.0,-767.45,0.0,6.8165,1.0,0.0,0.0,0.0,0.0
1283,679.15,785.05,45980.65,22580.35,21795.3,48.2244,0.3167,0.0,-785.05,0.0,6.8165,0.0,-785.05,0.0,6.8165,1.0,0.0,0.0,0.0,0.0
1284,679.44,792.9,46577.9,22379.4,21586.5,47.1475,0.3265,0.0,-792.9,0.0,6.8165,0.0,-792.9,0.0,6.8165,1.0,0.0,0.0,0.0,0.0
1285,679.73,785.6,46503.2,22535.1,21749.5,47.5736,0.3226,0.0,-785.6,0.0,6.8165,0.0,-785.6,0.0,6.8165,1.0,0.0,0.0,0.0,0.0
1286,680.01,795.3,46188.9,22747.85,21952.55,48.3605,0.3155,0.0,-795.3,0.0,6.8165,0.0,-795.3,0.0,6.8165,1.0,0.0,0.0,0.0,0.0
1287,680.3,796.3,45796.8,22467.8,21671.5,48.1584,0.3173,0.0,-796.3,0.0,6.8165,0.0,-796.3,0.0,6.8165,1.0,0.0,0.0,0.0,0.0
1288,680.59,791.75,47205.15,22526.2,21734.45,46.828,0.3295,0.0,-791.75,0.0,6.8165,0.0,-791.75,0.0,6.8165,1.0,0.0,0.0,0.0,0.0
1289,680.88,773.65,47909.4,22574.85,21801.2,46.2519,0.3349,0.0,-773.65,0.0,6.8165,0.0,-773.65,0.0,6.8165,1.0,0.0,0.0,0.0,0.0
1290,681.16,791.15,47448.9,22796.8,22005.65,47.164,0.3264,0.0,-791.15,0.0,6.8165,0.0,-791.15,0.0,6.8165,1.0,0.0,0.0,0.0,0.0
1291,681.45,766.6,47147.95,22733.05,21966.45,47.3605,0.3246,0.0,-766.6,0.0,6.8165,0.0,-766.6,0.0,6.8165,1.0,0.0,0.0,0.0,0.0
1292,681.74,788.55,47188.7,22623.15,21834.6,47.0572,0.3274,0.0,-788.55,0.0,6.8165,0.0,-788.55,0.0,6.8165,1.0,0.0,0.0,0.0,0.0
1293,682.02,782.2,47402.7,22866.85,22084.65,47.3711,0.3245,0.0,-782.2,0.0,6.8165,0.0,-782.2,0.0,6.8165,1.0,0.0,0.0,0.0,0.0
1294,682.31,779.55,47218.05,23176.2,22396.65,48.2286,0.3167,0.0,-779.55,0.0,6.8165,0.0,-779.55,0.0,6.8165,1.0,0.0,0.0,0.0,0.0
1295,682.6,790.25,47655.35,23198.1,22407.85,47.8135,0.3204,0.0,-790.25,0.0,6.8165,0.0,-790.25,0.0,6.8165,1.0,0.0,0.0,0.0,0.0
1296,682.88,770.0,48612.8,23468.75,22698.75,47.4444,0.3238,0.0,-770.0,0.0,6.8165,0.0,-770.0,0.0,6.8165,1.0,0.0,0.0,0.0,0.0
1297,683.17,772.9,50287.4,23612.65,22839.75,46.1274,0.336,0.0,-772.9,0.0,6.8165,0.0,-772.9,0.0,6.8165,1.0,0.0,0.0,0.0,0.0
1298,683.46,792.0,50309.85,23761.7,22969.7,46.3867,0.3336,0.0,-792.0,0.0,6.8165,0.0,-792.0,0.0,6.8165,1.0,0.0,0.0,0.0,0.0
1299,683.74,783.15,49343.45,23979.0,23195.85,47.7671,0.3209,0.0,-783.15,0.0,6.8165,0.0,-783.15,0.0,6.8165,1.0,0.0,0.0,0.0,0.0
1300,684.03,788.65,49353.55,23582.6,22793.95,46.935,0.3285,0.0,-788.65,0.0,6.8165,0.0,-788.65,0.0,6.8165,1.0,0.0,0.0,0.0,0.0
1301,684.32,781.35,48739.75,23347.3,22565.95,47.0532,0.3274,0.0,-781.35,0.0,6.8165,0.0,-781.35,0.0,6.8165,1.0,0.0,0.0,0.0,0.0
1302,684.6,776.3,48765.15,23652.55,22876.25,47.6699,0.3218,0.0,-776.3,0.0,6.8165,0.0,-776.3,0.0,6.8165,1.0,0.0,0.0,0.0,0.0
1303,684.89,779.85,48297.35,23857.7,23077.85,48.5671,0.3137,0.0,-779.85,0.0,6.8165,0.0,-779.85,0.0,6.8165,1.0,0.0,0.0,0.0,0.0
1304,685.17,779.1,48084.75,23598.85,22819.75,48.239,0.3166,0.0,-779.1,0.0,6.8165,0.0,-779.1,0.0,6.8165,1.0,0.0,0.0,0.0,0.0
1305,685.46,782.0,48310.25,23292.45,22510.45,47.3623,0.3246,0.0,-782.0,0.0,6.8165,0.0,-782.0,0.0,6.8165,1.0,0.0,0.0,0.0,0.0
1306,685.75,792.8,48828.55,23159.75,22366.95,46.5631,0.332,0.0,-792.8,0.0,6.8165,0.0,-792.8,0.0,6.8165,1.0,0.0,0.0,0.0,0.0
1307,686.03,783.0,48491.7,22998.0,22215.0,46.5638,0.332,0.0,-783.0,0.0,6.8165,0.0,-783.0,0.0,6.8165,1.0,0.0,0.0,0.0,0.0
1308,686.32,778.55,47312.3,22595.25,21816.7,46.8836,0.329,0.0,-778.55,0.0,6.8165,0.0,-778.55,0.0,6.8165,1.0,0.0,0.0,0.0,0.0
1309,686.6,785.05,47087.9,22470.45,21685.4,46.8338,0.3294,0.0,-785.05,0.0,6.8165,0.0,-785.05,0.0,6.8165,1.0,0.0,0.0,0.0,0.0
1310,686.89,784.4,46766.45,22239.55,21455.15,46.6598,0.3311,0.0,-784.4,0.0,6.8165,0.0,-784.4,0.0,6.8165,1.0,0.0,0.0,0.0,0.0
1311,687.17,789.3,45945.95,22373.7,21584.4,47.7989,0.3206,0.0,-789.3,0.0,6.8165,0.0,-789.3,0.0,6.8165,1.0,0.0,0.0,0.0,0.0
1312,687.46,775.4,46314.85,22494.35,21718.95,47.6926,0.3215,0.0,-775.4,0.0,6.8165,0.0,-775.4,0.0,6.8165,1.0,0.0,0.0,0.0,0.0
1313,687.74,780.15,46184.4,22283.25,21503.1,47.3592,0.3246,0.0,-780.15,0.0,6.8165,0.0,-780.15,0.0,6.8165,1.0,0.0,0.0,0.0,0.0
1314,688.03,783.85,46312.85,22161.45,21377.6,46.9538,0.3283,0.0,-783.85,0.0,6.8165,0.0,-783.85,0.0,6.8165,1.0,0.0,0.0,0.0,0.0
1315,688.31,784.45,47041.2,22260.45,21476.0,46.4278,0.3332,0.0,-784.45,0.0,6.8165,0.0,-784.45,0.0,6.8165,1.0,0.0,0.0,0.0,0.0
1316,688.6,788.25,47048.45,22085.15,21296.9,46.0372,0.3369,0.0,-788.25,0.0,6.8165,0.0,-788.25,0.0,6.8165,1.0,0.0,0.0,0.0,0.0
1317,688.88,803.1,46704.25,21984.75,21181.65,46.1462,0.3359,0.0,-803.1,0.0,6.8165,0.0,-803.1,0.0,6.8165,1.0,0.0,0.0,0.0,0.0
1318,689.17,780.8,46111.9,21753.05,20972.25,46.2646,0.3348,0.0,-780.8,0.0,6.8165,0.0,-780.8,0.0,6.8165,1.0,0.0,0.0,0.0,0.0
1319,689.45,773.75,46157.8,21781.75,21008.0,46.2894,0.3345,0.0,-773.75,0.0,6.8165,0.0,-773.75,0.0,6.8165,1.0,0.0,0.0,0.0,0.0
1320,689.73,790.5,45762.55,21745.9,20955.4,46.5965,0.3316,0.0,-790.5,0.0,6.8165,0.0,-790.5,0.0,6.8165,1.0,0.0,0.0,0.0,0.0
1321,690.02,786.9,45218.75,21754.2,20967.3,47.1898,0.3262,0.0,-786.9,0.0,6.8165,0.0,-786.9,0.0,6.8165,1.0,0.0,0.0,0.0,0.0
1322,690.3,785.95,44546.0,21584.4,20798.45,47.5284,0.323,0.0,-785.95,0.0,6.8165,0.0,-785.95,0.0,6.8165,1.0,0.0,0.0,0.0,0.0
1323,690.59,785.1,44663.6,21555.2,20770.1,47.3355,0.3248,0.0,-785.1,0.0,6.8165,0.0,-785.1,0.0,6.8165,1.0,0.0,0.0,0.0,0.0
1324,690.87,786.8,44681.25,21327.45,20540.65,46.7956,0.3298,0.0,-786.8,0.0,6.8165,0.0,-786.8,0.0,6.8165,1.0,0.0,0.0,0.0,0.0
1325,691.15,783.7,44411.9,20967.0,20183.3,46.2621,0.3348,0.0,-783.7,0.0,6.8165,0.0,-783.7,0.0,6.8165,1.0,0.0,0.0,0.0,0.0
1326,691.44,795.75,44394.6,20823.3,20027.55,45.936,0.3378,0.0,-795.75,0.0,6.8165,0.0,-795.75,0.0,6.8165,1.0,0.0,0.0,0.0,0.0
1327,691.72,804.1,43989.0,20641.4,19837.3,45.9357,0.3378,0.0,-804.1,0.0,6.8165,0.0,-804.1,0.0,6.8165,1.0,0.0,0.0,0.0,0.0
1328,692.01,790.55,43548.3,20501.75,19711.2,46.0997,0.3363,0.0,-790.55,0.0,6.8165,0.0,-790.55,0.0,6.8165,1.0,0.0,0.0,0.0,0.0
1329,692.29,802.95,43074.3,20530.2,19727.25,46.6681,0.331,0.0,-802.95,0.0,6.8165,0.0,-802.95,0.0,6.8165,1.0,0.0,0.0,0.0,0.0
1330,692.57,793.05,43015.0,20701.05,19908.0,47.1508,0.3265,0.0,-793.05,0.0,6.8165,0.0,-793.05,0.0,6.8165,1.0,0.0,0.0,0.0,0.0
1331,692.86,780.05,42685.2,20435.5,19655.45,46.9046,0.3288,0.0,-780.05,0.0,6.8165,0.0,-780.05,0.0,6.8165,1.0,0.0,0.0,0.0,0.0
1332,693.14,780.0,41920.35,20186.75,19406.75,47.1721,0.3263,0.0,-780.0,0.0,6.8165,0.0,-780.0,0.0,6.8165,1.0,0.0,0.0,0.0,0.0
1333,693.42,785.65,41437.75,19892.95,19107.3,47.002,0.3279,0.0,-785.65,0.0,6.8165,0.0,-785.65,0.0,6.8165,1.0,0.0,0.0,0.0,0.0
1334,693.7,778.1,40781.35,19544.0,18765.9,46.9109,0.3287,0.0,-778.1,0.0,6.8165,0.0,-778.1,0.0,6.8165,1.0,0.0,0.0,0.0,0.0
1335,693.99,806.85,41303.45,19403.75,18596.9,45.9221,0.338,0.0,-806.85,0.0,6.8165,0.0,-806.85,0.0,6.8165,1.0,0.0,0.0,0.0,0.0
1336,694.27,782.35,41774.35,19307.8,18525.45,45.1928,0.3449,0.0,-782.35,0.0,6.8165,0.0,-782.35,0.0,6.8165,1.0,0.0,0.0,0.0,0.0
1337,694.55,782.9,41521.0,19335.2,18552.3,45.5404,0.3416,0.0,-782.9,0.0,6.8165,0.0,-782.9,0.0,6.8165,1.0,0.0,0.0,0.0,0.0
1338,694.84,796.7,40590.65,19221.65,18424.95,46.3009,0.3344,0.0,-796.7,0.0,6.8165,0.0,-796.7,0.0,6.8165,1.0,0.0,0.0,0.0,0.0
1339,695.12,780.05,40082.75,19142.7,18362.65,46.7211,0.3305,0.0,-780.05,0.0,6.8165,0.0,-780.05,0.0,6.8165,1.0,0.0,0.0,0.0,0.0
1340,695.4,787.6,39767.3,18755.0,17967.4,46.0942,0.3364,0.0,-787.6,0.0,6.8165,0.0,-787.6,0.0,6.8165,1.0,0.0,0.0,0.0,0.0
1341,695.68,777.4,39487.95,18719.15,17941.75,46.3485,0.334,0.0,-777.4,0.0,6.8165,0.0,-777.4,0.0,6.8165,1.0,0.0,0.0,0.0,0.0
1342,695.96,793.1,39217.2,18674.3,17881.2,46.5364,0.3322,0.0,-793.1,0.0,6.8165,0.0,-793.1,0.0,6.8165,1.0,0.0,0.0,0.0,0.0
1343,696.25,784.95,38864.7,18510.5,17725.55,46.5485,0.3321,0.0,-784.95,0.0,6.8165,0.0,-784.95,0.0,6.8165,1.0,0.0,0.0,0.0,0.0
1344,696.53,774.7,38792.3,18459.05,17684.35,46.5162,0.3324,0.0,-774.7,0.0,6.8165,0.0,-774.7,0.0,6.8165,1.0,0.0,0.0,0.0,0.0
1345,696.81,780.75,38743.1,18067.5,17286.75,45.5366,0.3416,0.0,-780.75,0.0,6.8165,0.0,-780.75,0.0,6.8165,1.0,0.0,0.0,0.0,0.0
1346,697.09,781.6,38937.95,18030.3,17248.7,45.2053,0.3448,0.0,-781.6,0.0,6.8165,0.0,-781.6,0.0,6.8165,1.0,0.0,0.0,0.0,0.0
1347,697.37,789.55,38329.2,17590.8,16801.25,44.756,0.3491,0.0,-789.55,0.0,6.8165,0.0,-789.55,0.0,6.8165,1.0,0.0,0.0,0.0,0.0
1348,697.65,778.8,38156.6,17460.9,16682.1,44.631,0.3504,0.0,-778.8,0.0,6.8165,0.0,-778.8,0.0,6.8165,1.0,0.0,0.0,0.0,0.0
1349,697.94,776.15,37916.45,17260.4,16484.25,44.3837,0.3528,0.0,-776.15,0.0,6.8165,0.0,-776.15,0.0,6.8165,1.0,0.0,0.0,0.0,0.0
1350,698.22,776.25,37235.3,17036.6,16260.35,44.5989,0.3507,0.0,-776.25,0.0,6.8165,0.0,-776.25,0.0,6.8165,1.0,0.0,0.0,0.0,0.0
1351,698.5,790.3,37186.4,17191.75,16401.45,45.0638,0.3462,0.0,-790.3,0.0,6.8165,0.0,-790.3,0.0,6.8165,1.0,0.0,0.0,0.0,0.0
1352,698.78,793.55,36894.15,17268.2,16474.65,45.6354,0.3407,0.0,-793.55,0.0,6.8165,0.0,-793.55,0.0,6.8165,1.0,0.0,0.0,0.0,0.0
1353,699.06,784.6,36631.9,17217.85,16433.25,45.8424,0.3387,0.0,-784.6,0.0,6.8165,0.0,-784.6,0.0,6.8165,1.0,0.0,0.0,0.0,0.0
1354,699.34,794.5,36729.05,17257.35,16462.85,45.8134,0.339,0.0,-794.5,0.0,6.8165,0.0,-794.5,0.0,6.8165,1.0,0.0,0.0,0.0,0.0
1355,699.62,791.45,36650.9,17008.05,16216.6,45.2227,0.3446,0.0,-791.45,0.0,6.8165,0.0,-791.45,0.0,6.8165,1.0,0.0,0.0,0.0,0.0
1356,699.9,773.5,36562.2,16909.65,16136.15,45.0873,0.3459,0.0,-773.5,0.0,6.8165,0.0,-773.5,0.0,6.8165,1.0,0.0,0.0,0.0,0.0
1357,700.18,785.5,36031.35,16536.15,15750.65,44.688,0.3498,0.0,-785.5,0.0,6.8165,0.0,-785.5,0.0,6.8165,1.0,0.0,0.0,0.0,0.0
1358,700.46,778.4,36016.3,16552.1,15773.7,44.7635,0.3491,0.0,-778.4,0.0,6.8165,0.0,-778.4,0.0,6.8165,1.0,0.0,0.0,0.0,0.0
1359,700.74,792.7,35700.9,16368.75,15576.05,44.62,0.3505,0.0,-792.7,0.0,6.8165,0.0,-792.7,0.0,6.8165,1.0,0.0,0.0,0.0,0.0
1360,701.03,782.9,35216.8,16089.9,15307.0,44.4533,0.3521,0.0,-782.9,0.0,6.8165,0.0,-782.9,0.0,6.8165,1.0,0.0,0.0,0.0,0.0
1361,701.31,788.35,34121.65,15933.9,15145.55,45.4367,0.3426,0.0,-788.35,0.0,6.8165,0.0,-788.35,0.0,6.8165,1.0,0.0,0.0,0.0,0.0
1362,701.59,777.25,33520.3,15896.25,15119.0,46.1747,0.3356,0.0,-777.25,0.0,6.8165,0.0,-777.25,0.0,6.8165,1.0,0.0,0.0,0.0,0.0
1363,701.87,791.65,33149.1,15660.6,14868.95,45.9522,0.3377,0.0,-791.65,0.0,6.8165,0.0,-791.65,0.0,6.8165,1.0,0.0,0.0,0.0,0.0
1364,702.15,782.2,33455.45,15613.45,14831.25,45.3926,0.343,0.0,-782.2,0.0,6.8165,0.0,-782.2,0.0,6.8165,1.0,0.0,0.0,0.0,0.0
1365,702.43,789.95,33992.25,15704.65,14914.7,44.9207,0.3476,0.0,-789.95,0.0,6.8165,0.0,-789.95,0.0,6.8165,1.0,0.0,0.0,0.0,0.0
1366,702.71,773.95,33531.2,15418.8,14644.85,44.7072,0.3496,0.0,-773.95,0.0,6.8165,0.0,-773.95,0.0,6.8165,1.0,0.0,0.0,0.0,0.0
1367,702.98,769.3,33387.15,15423.0,14653.7,44.9254,0.3475,0.0,-769.3,0.0,6.8165,0.0,-769.3,0.0,6.8165,1.0,0.0,0.0,0.0,0.0
1368,703.26,784.3,33009.5,15131.0,14346.7,44.5201,0.3514,0.0,-784.3,0.0,6.8165,0.0,-784.3,0.0,6.8165,1.0,0.0,0.0,0.0,0.0
1369,703.54,797.95,32870.8,14983.8,14185.85,44.2301,0.3543,0.0,-797.95,0.0,6.8165,0.0,-797.95,0.0,6.8165,1.0,0.0,0.0,0.0,0.0
1370,703.82,791.45,32980.6,14835.3,14043.85,43.6291,0.3602,0.0,-791.45,0.0,6.8165,0.0,-791.45,0.0,6.8165,1.0,0.0,0.0,0.0,0.0
1371,704.1,794.25,32545.15,14765.45,13971.2,44.0025,0.3565,0.0,-794.25,0.0,6.8165,0.0,-794.25,0.0,6.8165,1.0,0.0,0.0,0.0,0.0
1372,704.38,791.9,31546.2,14585.1,13793.2,44.8497,0.3482,0.0,-791.9,0.0,6.8165,0.0,-791.9,0.0,6.8165,1.0,0.0,0.0,0.0,0.0
1373,704.66,772.75,31412.15,14626.5,13853.75,45.2155,0.3447,0.0,-772.75,0.0,6.8165,0.0,-772.75,0.0,6.8165,1.0,0.0,0.0,0.0,0.0
1374,704.94,775.8,30724.2,14326.75,13550.95,45.2477,0.3444,0.0,-775.8,0.0,6.8165,0.0,-775.8,0.0,6.8165,1.0,0.0,0.0,0.0,0.0
1375,705.22,782.7,31025.75,14183.2,13400.5,44.3094,0.3535,0.0,-782.7,0.0,6.8165,0.0,-782.7,0.0,6.8165,1.0,0.0,0.0,0.0,0.0
1376,705.5,797.7,30694.45,14114.4,13316.7,44.5423,0.3512,0.0,-797.7,0.0,6.8165,0.0,-797.7,0.0,6.8165,1.0,0.0,0.0,0.0,0.0
1377,705.78,783.95,30690.45,14091.45,13307.5,44.497,0.3517,0.0,-783.95,0.0,6.8165,0.0,-783.95,0.0,6.8165,1.0,0.0,0.0,0.0,0.0
1378,706.05,781.9,30565.0,13877.35,13095.45,43.9694,0.3568,0.0,-781.9,0.0,6.8165,0.0,-781.9,0.0,6.8165,1.0,0.0,0.0,0.0,0.0
1379,706.33,777.05,30528.15,13721.15,12944.1,43.508,0.3614,0.0,-777.05,0.0,6.8165,0.0,-777.05,0.0,6.8165,1.0,0.0,0.0,0.0,0.0
1380,706.61,793.1,30419.15,13677.6,12884.5,43.4904,0.3616,0.0,-793.1,0.0,6.8165,0.0,-793.1,0.0,6.8165,1.0,0.0,0.0,0.0,0.0
1381,706.89,794.85,30513.15,13691.65,12896.8,43.3968,0.3625,0.0,-794.85,0.0,6.8165,0.0,-794.85,0.0,6.8165,1.0,0.0,0.0,0.0,0.0
1382,707.17,785.75,30148.5,13661.3,12875.55,43.8499,0.358,0.0,-785.75,0.0,6.8165,0.0,-785.75,0.0,6.8165,1.0,0.0,0.0,0.0,0.0
1383,707.45,794.95,29664.0,13334.95,12540.0,43.4375,0.3621,0.0,-794.95,0.0,6.8165,0.0,-794.95,0.0,6.8165,1.0,0.0,0.0,0.0,0.0
1384,707.72,790.95,29147.2,13233.35,12442.4,43.8789,0.3577,0.0,-790.95,0.0,6.8165,0.0,-790.95,0.0,6.8165,1.0,0.0,0.0,0.0,0.0
1385,708.0,780.6,28997.55,13104.8,12324.2,43.6766,0.3598,0.0,-780.6,0.0,6.8165,0.0,-780.6,0.0,6.8165,1.0,0.0,0.0,0.0,0.0
1386,708.28,785.0,29001.6,13188.6,12403.6,43.9585,0.357,0.0,-785.0,0.0,6.8165,0.0,-785.0,0.0,6.8165,1.0,0.0,0.0,0.0,0.0
1387,708.56,792.6,28791.95,13163.0,12370.4,44.181,0.3548,0.0,-792.6,0.0,6.8165,0.0,-792.6,0.0,6.8165,1.0,0.0,0.0,0.0,0.0
1388,708.83,782.4,28229.4,13119.9,12337.5,44.9503,0.3473,0.0,-782.4,0.0,6.8165,0.0,-782.4,0.0,6.8165,1.0,0.0,0.0,0.0,0.0
1389,709.11,777.95,27917.5,13014.45,12236.5,45.0873,0.3459,0.0,-777.95,0.0,6.8165,0.0,-777.95,0.0,6.8165,1.0,0.0,0.0,0.0,0.0
1390,709.39,787.15,27833.6,12948.7,12161.55,44.9654,0.3471,0.0,-787.15,0.0,6.8165,0.0,-787.15,0.0,6.8165,1.0,0.0,0.0,0.0,0.0
1391,709.67,777.25,27932.05,12912.3,12135.05,44.6884,0.3498,0.0,-777.25,0.0,6.8165,0.0,-777.25,0.0,6.8165,1.0,0.0,0.0,0.0,0.0
1392,709.94,778.8,27928.75,12753.7,11974.9,44.1065,0.3555,0.0,-778.8,0.0,6.8165,0.0,-778.8,0.0,6.8165,1.0,0.0,0.0,0.0,0.0
1393,710.22,795.25,28076.0,12640.65,11845.4,43.4204,0.3623,0.0,-795.25,0.0,6.8165,0.0,-795.25,0.0,6.8165,1.0,0.0,0.0,0.0,0.0
1394,710.5,790.35,27397.1,12429.3,11638.95,43.7444,0.3591,0.0,-790.35,0.0,6.8165,0.0,-790.35,0.0,6.8165,1.0,0.0,0.0,0.0,0.0
1395,710.77,786.15,27266.85,12461.7,11675.55,44.0908,0.3557,0.0,-786.15,0.0,6.8165,0.0,-786.15,0.0,6.8165,1.0,0.0,0.0,0.0,0.0
1396,711.05,791.8,27257.5,12454.75,11662.95,44.0682,0.3559,0.0,-791.8,0.0,6.8165,0.0,-791.8,0.0,6.8165,1.0,0.0,0.0,0.0,0.0
1397,711.33,798.3,27004.2,12444.05,11645.75,44.4394,0.3522,0.0,-798.3,0.0,6.8165,0.0,-798.3,0.0,6.8165,1.0,0.0,0.0,0.0,0.0
1398,711.6,805.85,27006.65,12278.3,11472.45,43.7866,0.3587,0.0,-805.85,0.0,6.8165,0.0,-805.85,0.0,6.8165,1.0,0.0,0.0,0.0,0.0
1399,711.88,799.75,26574.45,12253.75,11454.0,44.4389,0.3522,0.0,-799.75,0.0,6.8165,0.0,-799.75,0.0,6.8165,1.0,0.0,0.0,0.0,0.0
1400,712.16,778.25,26407.15,12241.55,11463.3,44.728,0.3494,0.0,-778.25,0.0,6.8165,0.0,-778.25,0.0,6.8165,1.0,0.0,0.0,0.0,0.0
1401,712.43,775.35,26472.35,12155.65,11380.3,44.2865,0.3537,0.0,-775.35,0.0,6.8165,0.0,-775.35,0.0,6.8165,1.0,0.0,0.0,0.0,0.0
1402,712.71,777.55,26622.15,12197.95,11420.4,44.1887,0.3547,0.0,-777.55,0.0,6.8165,0.0,-777.55,0.0,6.8165,1.0,0.0,0.0,0.0,0.0
1403,712.99,772.2,26106.4,12111.15,11338.95,44.7575,0.3491,0.0,-772.2,0.0,6.8165,0.0,-772.2,0.0,6.8165,1.0,0.0,0.0,0.0,0.0
1404,713.26,781.4,25677.7,12096.55,11315.15,45.4491,0.3425,0.0,-781.4,0.0,6.8165,0.0,-781.4,0.0,6.8165,1.0,0.0,0.0,0.0,0.0
1405,713.54,773.65,25827.05,11973.0,11199.35,44.7019,0.3497,0.0,-773.65,0.0,6.8165,0.0,-773.65,0.0,6.8165,1.0,0.0,0.0,0.0,0.0
1406,713.81,795.4,25891.85,11977.05,11181.65,44.5547,0.3511,0.0,-795.4,0.0,6.8165,0.0,-795.4,0.0,6.8165,1.0,0.0,0.0,0.0,0.0
1407,714.09,788.65,25721.55,11813.85,11025.2,44.2195,0.3544,0.0,-788.65,0.0,6.8165,0.0,-788.65,0.0,6.8165,1.0,0.0,0.0,0.0,0.0
1408,714.36,781.9,25186.3,11629.7,10847.8,44.4502,0.3521,0.0,-781.9,0.0,6.8165,0.0,-781.9,0.0,6.8165,1.0,0.0,0.0,0.0,0.0
1409,714.64,773.95,24864.9,11450.45,10676.5,44.3175,0.3534,0.0,-773.95,0.0,6.8165,0.0,-773.95,0.0,6.8165,1.0,0.0,0.0,0.0,0.0
1410,714.92,803.9,24342.35,11190.85,10386.95,44.1276,0.3553,0.0,-803.9,0.0,6.8165,0.0,-803.9,0.0,6.8165,1.0,0.0,0.0,0.0,0.0
1411,715.19,779.95,24124.75,11064.75,10284.8,44.0561,0.356,0.0,-779.95,0.0,6.8165,0.0,-779.95,0.0,6.8165,1.0,0.0,0.0,0.0,0.0
1412,715.47,793.75,23569.55,10843.25,10049.5,44.1236,0.3553,0.0,-793.75,0.0,6.8165,0.0,-793.75,0.0,6.8165,1.0,0.0,0.0,0.0,0.0
1413,715.74,773.4,22986.95,10819.5,10046.1,45.2251,0.3446,0.0,-773.4,0.0,6.8165,0.0,-773.4,0.0,6.8165,1.0,0.0,0.0,0.0,0.0
1414,716.02,775.35,22545.85,10698.95,9923.6,45.5828,0.3412,0.0,-775.35,0.0,6.8165,0.0,-775.35,0.0,6.8165,1.0,0.0,0.0,0.0,0.0
1415,716.29,772.6,22236.1,10582.0,9809.4,45.7027,0.3401,0.0,-772.6,0.0,6.8165,0.0,-772.6,0.0,6.8165,1.0,0.0,0.0,0.0,0.0
1416,716.57,783.5,22118.85,10456.3,9672.8,45.337,0.3435,0.0,-783.5,0.0,6.8165,0.0,-783.5,0.0,6.8165,1.0,0.0,0.0,0.0,0.0
1417,716.84,783.35,22121.3,10304.7,9521.35,44.6217,0.3505,0.0,-783.35,0.0,6.8165,0.0,-783.35,0.0,6.8165,1.0,0.0,0.0,0.0,0.0
1418,717.12,780.65,21968.6,10118.95,9338.3,44.0736,0.3558,0.0,-780.65,0.0,6.8165,0.0,-780.65,0.0,6.8165,1.0,0.0,0.0,0.0,0.0
1419,717.39,798.25,21429.05,9895.45,9097.2,44.0952,0.3556,0.0,-798.25,0.0,6.8165,0.0,-798.25,0.0,6.8165,1.0,0.0,0.0,0.0,0.0
1420,717.66,784.35,21057.7,9725.3,8940.95,44.102,0.3555,0.0,-784.35,0.0,6.8165,0.0,-784.35,0.0,6.8165,1.0,0.0,0.0,0.0,0.0
1421,717.94,783.8,20894.55,9608.35,8824.55,43.8798,0.3577,0.0,-783.8,0.0,6.8165,0.0,-783.8,0.0,6.8165,1.0,0.0,0.0,0.0,0.0
1422,718.21,785.2,20687.6,9429.7,8644.5,43.4345,0.3622,0.0,-785.2,0.0,6.8165,0.0,-785.2,0.0,6.8165,1.0,0.0,0.0,0.0,0.0
1423,718.49,786.05,20164.45,9227.75,8441.7,43.5624,0.3609,0.0,-786.05,0.0,6.8165,0.0,-786.05,0.0,6.8165,1.0,0.0,0.0,0.0,0.0
1424,718.76,784.2,19735.15,9135.3,8351.1,44.0669,0.3559,0.0,-784.2,0.0,6.8165,0.0,-784.2,0.0,6.8165,1.0,0.0,0.0,0.0,0.0
1425,719.03,791.35,19547.9,9004.35,8213.0,43.7874,0.3587,0.0,-791.35,0.0,6.8165,0.0,-791.35,0.0,6.8165,1.0,0.0,0.0,0.0,0.0
1426,719.31,771.9,19410.7,8880.3,8108.4,43.5028,0.3615,0.0,-771.9,0.0,6.8165,0.0,-771.9,0.0,6.8165,1.0,0.0,0.0,0.0,0.0
1427,719.58,778.55,18912.4,8770.9,7992.35,44.0742,0.3558,0.0,-778.55,0.0,6.8165,0.0,-778.55,0.0,6.8165,1.0,0.0,0.0,0.0,0.0
1428,719.86,782.65,18693.9,8582.0,7799.35,43.5444,0.3611,0.0,-782.65,0.0,6.8165,0.0,-782.65,0.0,6.8165,1.0,0.0,0.0,0.0,0.0
1429,720.13,778.3,18346.95,8496.15,7717.85,43.9297,0.3572,0.0,-778.3,0.0,6.8165,0.0,-778.3,0.0,6.8165,1.0,0.0,0.0,0.0,0.0
1430,720.4,792.35,17862.9,8331.9,7539.55,44.167,0.3549,0.0,-792.35,0.0,6.8165,0.0,-792.35,0.0,6.8165,1.0,0.0,0.0,0.0,0.0
1431,720.68,776.4,17510.7,8183.85,7407.45,44.2651,0.3539,0.0,-776.4,0.0,6.8165,0.0,-776.4,0.0,6.8165,1.0,0.0,0.0,0.0,0.0
1432,720.95,801.4,17025.85,8087.5,7286.1,44.9081,0.3477,0.0,-801.4,0.0,6.8165,0.0,-801.4,0.0,6.8165,1.0,0.0,0.0,0.0,0.0
1433,721.22,784.05,16625.25,7953.1,7169.05,45.2557,0.3443,0.0,-784.05,0.0,6.8165,0.0,-784.05,0.0,6.8165,1.0,0.0,0.0,0.0,0.0
1434,721.5,786.55,16321.15,7852.55,7066.0,45.4856,0.3421,0.0,-786.55,0.0,6.8165,0.0,-786.55,0.0,6.8165,1.0,0.0,0.0,0.0,0.0
1435,721.77,781.35,16340.4,7784.0,7002.65,45.0069,0.3467,0.0,-781.35,0.0,6.8165,0.0,-781.35,0.0,6.8165,1.0,0.0,0.0,0.0,0.0
1436,722.04,782.55,16189.55,7599.2,6816.65,44.2439,0.3541,0.0,-782.55,0.0,6.8165,0.0,-782.55,0.0,6.8165,1.0,0.0,0.0,0.0,0.0
1437,722.31,783.5,15979.85,7451.45,6667.95,43.8786,0.3577,0.0,-783.5,0.0,6.8165,0.0,-783.5,0.0,6.8165,1.0,0.0,0.0,0.0,0.0
1438,722.59,763.25,15677.65,7333.65,6570.4,44.0541,0.356,0.0,-763.25,0.0,6.8165,0.0,-763.25,0.0,6.8165,1.0,0.0,0.0,0.0,0.0
1439,722.86,784.85,15306.0,7185.0,6400.15,44.0747,0.3558,0.0,-784.85,0.0,6.8165,0.0,-784.85,0.0,6.8165,1.0,0.0,0.0,0.0,0.0
1440,723.13,793.15,15235.35,7023.4,6230.25,43.1392,0.3651,0.0,-793.15,0.0,6.8165,0.0,-793.15,0.0,6.8165,1.0,0.0,0.0,0.0,0.0
1441,723.4,777.65,14993.65,6968.8,6191.15,43.5506,0.361,0.0,-777.65,0.0,6.8165,0.0,-777.65,0.0,6.8165,1.0,0.0,0.0,0.0,0.0
1442,723.68,787.55,14644.0,7005.5,6217.95,44.874,0.348,0.0,-787.55,0.0,6.8165,0.0,-787.55,0.0,6.8165,1.0,0.0,0.0,0.0,0.0
1443,723.95,789.15,14296.05,6853.75,6064.6,44.9,0.3478,0.0,-789.15,0.0,6.8165,0.0,-789.15,0.0,6.8165,1.0,0.0,0.0,0.0,0.0
1444,724.22,782.0,14012.95,6686.1,5904.1,44.6234,0.3504,0.0,-782.0,0.0,6.8165,0.0,-782.0,0.0,6.8165,1.0,0.0,0.0,0.0,0.0
1445,724.49,778.2,13849.75,6608.25,5830.05,44.6011,0.3507,0.0,-778.2,0.0,6.8165,0.0,-778.2,0.0,6.8165,1.0,0.0,0.0,0.0,0.0
1446,724.76,787.55,13595.4,6542.45,5754.9,44.9326,0.3474,0.0,-787.55,0.0,6.8165,0.0,-787.55,0.0,6.8165,1.0,0.0,0.0,0.0,0.0
1447,725.04,791.1,13466.5,6506.2,5715.1,45.0881,0.3459,0.0,-791.1,0.0,6.8165,0.0,-791.1,0.0,6.8165,1.0,0.0,0.0,0.0,0.0
1448,725.31,777.05,13286.55,6425.8,5648.75,45.1557,0.3453,0.0,-777.05,0.0,6.8165,0.0,-777.05,0.0,6.8165,1.0,0.0,0.0,0.0,0.0
1449,725.58,792.5,13263.95,6426.55,5634.05,45.1756,0.3451,0.0,-792.5,0.0,6.8165,0.0,-792.5,0.0,6.8165,1.0,0.0,0.0,0.0,0.0
1450,725.85,783.3,13098.8,6379.7,5596.4,45.4419,0.3425,0.0,-783.3,0.0,6.8165,0.0,-783.3,0.0,6.8165,1.0,0.0,0.0,0.0,0.0
1451,726.12,789.4,13070.95,6257.5,5468.1,44.5229,0.3514,0.0,-789.4,0.0,6.8165,0.0,-789.4,0.0,6.8165,1.0,0.0,0.0,0.0,0.0
1452,726.39,799.9,13066.75,6179.55,5379.65,43.8552,0.358,0.0,-799.9,0.0,6.8165,0.0,-799.9,0.0,6.8165,1.0,0.0,0.0,0.0,0.0
1453,726.66,794.35,12931.75,6150.55,5356.2,44.1297,0.3553,0.0,-794.35,0.0,6.8165,0.0,-794.35,0.0,6.8165,1.0,0.0,0.0,0.0,0.0
1454,726.93,782.55,12650.15,6116.7,5334.15,44.9472,0.3473,0.0,-782.55,0.0,6.8165,0.0,-782.55,0.0,6.8165,1.0,0.0,0.0,0.0,0.0
1455,727.21,792.65,12425.3,6034.05,5241.4,45.0577,0.3462,0.0,-792.65,0.0,6.8165,0.0,-792.65,0.0,6.8165,1.0,0.0,0.0,0.0,0.0
1456,727.48,769.15,12256.3,5966.85,5197.7,45.248,0.3444,0.0,-769.15,0.0,6.8165,0.0,-769.15,0.0,6.8165,1.0,0.0,0.0,0.0,0.0
1457,727.75,782.05,12201.75,5986.7,5204.65,45.5761,0.3413,0.0,-782.05,0.0,6.8165,0.0,-782.05,0.0,6.8165,1.0,0.0,0.0,0.0,0.0
1458,728.02,787.65,12033.7,5910.85,5123.2,45.5556,0.3415,0.0,-787.65,0.0,6.8165,0.0,-787.65,0.0,6.8165,1.0,0.0,0.0,0.0,0.0
1459,728.29,776.5,11975.6,5891.85,5115.35,45.6764,0.3403,0.0,-776.5,0.0,6.8165,0.0,-776.5,0.0,6.8165,1.0,0.0,0.0,0.0,0.0
1460,728.56,790.6,11887.55,5791.25,5000.65,45.0633,0.3462,0.0,-790.6,0.0,6.8165,0.0,-790.6,0.0,6.8165,1.0,0.0,0.0,0.0,0.0
1461,728.83,780.25,11986.95,5761.85,4981.6,44.452,0.3521,0.0,-780.25,0.0,6.8165,0.0,-780.25,0.0,6.8165,1.0,0.0,0.0,0.0,0.0
1462,729.1,771.45,12021.25,5660.8,4889.35,43.4617,0.3619,0.0,-771.45,0.0,6.8165,0.0,-771.45,0.0,6.8165,1.0,0.0,0.0,0.0,0.0
1463,729.37,789.4,11951.25,5699.65,4910.25,43.9914,0.3566,0.0,-789.4,0.0,6.8165,0.0,-789.4,0.0,6.8165,1.0,0.0,0.0,0.0,0.0
1464,729.64,790.25,11810.9,5660.95,4870.7,44.1961,0.3546,0.0,-790.25,0.0,6.8165,0.0,-790.25,0.0,6.8165,1.0,0.0,0.0,0.0,0.0
1465,729.91,796.65,11637.85,5691.4,4894.75,45.1495,0.3453,0.0,-796.65,0.0,6.8165,0.0,-796.65,0.0,6.8165,1.0,0.0,0.0,0.0,0.0
1466,730.18,783.55,11625.75,5702.35,4918.8,45.3672,0.3433,0.0,-783.55,0.0,6.8165,0.0,-783.55,0.0,6.8165,1.0,0.0,0.0,0.0,0.0
1467,730.45,786.25,11414.35,5617.1,4830.85,45.4536,0.3424,0.0,-786.25,0.0,6.8165,0.0,-786.25,0.0,6.8165,1.0,0.0,0.0,0.0,0.0
1468,730.72,777.8,11340.75,5612.45,4834.65,45.7699,0.3394,0.0,-777.8,0.0,6.8165,0.0,-777.8,0.0,6.8165,1.0,0.0,0.0,0.0,0.0
1469,730.99,786.85,11286.95,5585.65,4798.8,45.7024,0.3401,0.0,-786.85,0.0,6.8165,0.0,-786.85,0.0,6.8165,1.0,0.0,0.0,0.0,0.0
1470,731.26,779.75,11249.45,5546.1,4766.35,45.5252,0.3417,0.0,-779.75,0.0,6.8165,0.0,-779.75,0.0,6.8165,1.0,0.0,0.0,0.0,0.0
1471,731.53,797.05,11300.05,5544.0,4746.95,45.1961,0.3449,0.0,-797.05,0.0,6.8165,0.0,-797.05,0.0,6.8165,1.0,0.0,0.0,0.0,0.0
1472,731.8,786.2,11281.95,5556.15,4769.95,45.4465,0.3425,0.0,-786.2,0.0,6.8165,0.0,-786.2,0.0,6.8165,1.0,0.0,0.0,0.0,0.0
1473,732.06,777.65,11161.15,5554.25,4776.6,46.0018,0.3372,0.0,-777.65,0.0,6.8165,0.0,-777.65,0.0,6.8165,1.0,0.0,0.0,0.0,0.0
1474,732.33,787.15,11370.4,5704.7,4917.55,46.4654,0.3329,0.0,-787.15,0.0,6.8165,0.0,-787.15,0.0,6.8165,1.0,0.0,0.0,0.0,0.0
1475,732.6,783.85,11282.75,5678.2,4894.35,46.6177,0.3314,0.0,-783.85,0.0,6.8165,0.0,-783.85,0.0,6.8165,1.0,0.0,0.0,0.0,0.0
1476,732.87,785.1,11394.9,5705.15,4920.05,46.3727,0.3337,0.0,-785.1,0.0,6.8165,0.0,-785.1,0.0,6.8165,1.0,0.0,0.0,0.0,0.0
1477,733.14,774.95,11530.4,5718.7,4943.75,45.9651,0.3376,0.0,-774.95,0.0,6.8165,0.0,-774.95,0.0,6.8165,1.0,0.0,0.0,0.0,0.0
1478,733.41,787.3,11435.55,5688.4,4901.1,46.0273,0.337,0.0,-787.3,0.0,6.8165,0.0,-787.3,0.0,6.8165,1.0,0.0,0.0,0.0,0.0
1479,733.68,784.05,11331.1,5677.35,4893.3,46.395,0.3335,0.0,-784.05,0.0,6.8165,0.0,-784.05,0.0,6.8165,1.0,0.0,0.0,0.0,0.0
1480,733.95,777.35,11197.3,5618.25,4840.9,46.458,0.3329,0.0,-777.35,0.0,6.8165,0.0,-777.35,0.0,6.8165,1.0,0.0,0.0,0.0,0.0
1481,734.21,779.85,11026.65,5509.65,4729.8,46.1588,0.3357,0.0,-779.85,0.0,6.8165,0.0,-779.85,0.0,6.8165,1.0,0.0,0.0,0.0,0.0
1482,734.48,790.8,10856.45,5403.05,4612.25,45.8217,0.3389,0.0,-790.8,0.0,6.8165,0.0,-790.8,0.0,6.8165,1.0,0.0,0.0,0.0,0.0
1483,734.75,792.6,10782.1,5288.9,4496.3,45.0103,0.3467,0.0,-792.6,0.0,6.8165,0.0,-792.6,0.0,6.8165,1.0,0.0,0.0,0.0,0.0
1484,735.02,777.55,10617.15,5223.45,4445.9,45.1837,0.345,0.0,-777.55,0.0,6.8165,0.0,-777.55,0.0,6.8165,1.0,0.0,0.0,0.0,0.0
1485,735.29,778.3,10410.05,5188.4,4410.1,45.7871,0.3393,0.0,-778.3,0.0,6.8165,0.0,-778.3,0.0,6.8165,1.0,0.0,0.0,0.0,0.0
1486,735.55,792.6,10199.05,5068.8,4276.2,45.4603,0.3424,0.0,-792.6,0.0,6.8165,0.0,-792.6,0.0,6.8165,1.0,0.0,0.0,0.0,0.0
1487,735.82,794.05,10012.65,5030.5,4236.45,45.9555,0.3377,0.0,-794.05,0.0,6.8165,0.0,-794.05,0.0,6.8165,1.0,0.0,0.0,0.0,0.0
1488,736.09,778.45,9677.75,4941.75,4163.3,46.7823,0.3299,0.0,-778.45,0.0,6.8165,0.0,-778.45,0.0,6.8165,1.0,0.0,0.0,0.0,0.0
1489,736.36,784.1,9532.3,4858.35,4074.25,46.5724,0.3319,0.0,-784.1,0.0,6.8165,0.0,-784.1,0.0,6.8165,1.0,0.0,0.0,0.0,0.0
1490,736.62,783.1,9451.05,4796.65,4013.55,46.3033,0.3344,0.0,-783.1,0.0,6.8165,0.0,-783.1,0.0,6.8165,1.0,0.0,0.0,0.0,0.0
1491,736.89,787.55,9367.4,4706.65,3919.1,45.678,0.3403,0.0,-787.55,0.0,6.8165,0.0,-787.55,0.0,6.8165,1.0,0.0,0.0,0.0,0.0
1492,737.16,778.95,9219.35,4610.4,3831.45,45.3942,0.343,0.0,-778.95,0.0,6.8165,0.0,-778.95,0.0,6.8165,1.0,0.0,0.0,0.0,0.0
1493,737.43,791.9,9037.35,4524.4,3732.5,45.2674,0.3442,0.0,-791.9,0.0,6.8165,0.0,-791.9,0.0,6.8165,1.0,0.0,0.0,0.0,0.0
1494,737.69,782.5,8880.9,4461.7,3679.2,45.4312,0.3426,0.0,-782.5,0.0,6.8165,0.0,-782.5,0.0,6.8165,1.0,0.0,0.0,0.0,0.0
1495,737.96,796.0,8724.85,4424.95,3628.95,45.7689,0.3394,0.0,-796.0,0.0,6.8165,0.0,-796.0,0.0,6.8165,1.0,0.0,0.0,0.0,0.0
1496,738.23,784.0,8618.3,4387.0,3603.0,45.9901,0.3373,0.0,-784.0,0.0,6.8165,0.0,-784.0,0.0,6.8165,1.0,0.0,0.0,0.0,0.0
1497,738.49,795.45,8531.7,4313.5,3518.05,45.4749,0.3422,0.0,-795.45,0.0,6.8165,0.0,-795.45,0.0,6.8165,1.0,0.0,0.0,0.0,0.0
1498,738.76,790.75,8339.15,4274.55,3483.8,46.1528,0.3358,0.0,-790.75,0.0,6.8165,0.0,-790.75,0.0,6.8165,1.0,0.0,0.0,0.0,0.0
1499,739.03,789.6,8278.9,4226.05,3436.45,45.8848,0.3383,0.0,-789.6,0.0,6.8165,0.0,-789.6,0.0,6.8165,1.0,0.0,0.0,0.0,0.0
1500,739.29,784.05,8199.95,4176.8,3392.75,45.7497,0.3396,0.0,-784.05,0.0,6.8165,0.0,-784.05,0.0,6.8165,1.0,0.0,0.0,0.0,0.0
1501,739.56,793.25,8141.9,4159.3,3366.05,45.805,0.3391,0.0,-793.25,0.0,6.8165,0.0,-793.25,0.0,6.8165,1.0,0.0,0.0,0.0,0.0
1502,739.83,776.15,7994.4,4073.15,3297.0,45.6759,0.3403,0.0,-776.15,0.0,6.8165,0.0,-776.15,0.0,6.8165,1.0,0.0,0.0,0.0,0.0
1503,740.09,776.05,7791.1,4035.95,3259.9,46.4701,0.3328,0.0,-776.05,0.0,6.8165,0.0,-776.05,0.0,6.8165,1.0,0.0,0.0,0.0,0.0
1504,740.36,787.35,7743.9,3975.8,3188.45,45.8338,0.3388,0.0,-787.35,0.0,6.8165,0.0,-787.35,0.0,6.8165,1.0,0.0,0.0,0.0,0.0
1505,740.62,788.1,7555.45,3949.55,3161.45,46.7162,0.3305,0.0,-788.1,0.0,6.8165,0.0,-788.1,0.0,6.8165,1.0,0.0,0.0,0.0,0.0
1506,740.89,795.5,7412.5,3892.5,3097.0,46.8037,0.3297,0.0,-795.5,0.0,6.8165,0.0,-795.5,0.0,6.8165,1.0,0.0,0.0,0.0,0.0
1507,741.16,793.15,7361.1,3816.45,3023.3,46.0311,0.3369,0.0,-793.15,0.0,6.8165,0.0,-793.15,0.0,6.8165,1.0,0.0,0.0,0.0,0.0
1508,741.42,782.0,7285.4,3706.8,2924.8,44.9734,0.347,0.0,-782.0,0.0,6.8165,0.0,-782.0,0.0,6.8165,1.0,0.0,0.0,0.0,0.0
1509,741.69,782.4,7117.35,3649.1,2866.7,45.2521,0.3444,0.0,-782.4,0.0,6.8165,0.0,-782.4,0.0,6.8165,1.0,0.0,0.0,0.0,0.0
1510,741.95,783.85,6954.5,3668.95,2885.1,46.7552,0.3302,0.0,-783.85,0.0,6.8165,0.0,-783.85,0.0,6.8165,1.0,0.0,0.0,0.0,0.0
1511,742.22,797.75,6900.45,3570.3,2772.55,45.4315,0.3426,0.0,-797.75,0.0,6.8165,0.0,-797.75,0.0,6.8165,1.0,0.0,0.0,0.0,0.0
1512,742.48,803.25,6677.9,3439.8,2636.55,44.8801,0.3479,0.0,-803.25,0.0,6.8165,0.0,-803.25,0.0,6.8165,1.0,0.0,0.0,0.0,0.0
1513,742.75,794.2,6517.8,3389.15,2594.95,45.3377,0.3435,0.0,-794.2,0.0,6.8165,0.0,-794.2,0.0,6.8165,1.0,0.0,0.0,0.0,0.0
1514,743.01,781.05,6376.5,3331.6,2550.55,45.5826,0.3412,0.0,-781.05,0.0,6.8165,0.0,-781.05,0.0,6.8165,1.0,0.0,0.0,0.0,0.0
1515,743.28,772.85,6240.7,3262.65,2489.8,45.5353,0.3417,0.0,-772.85,0.0,6.8165,0.0,-772.85,0.0,6.8165,1.0,0.0,0.0,0.0,0.0
1516,743.54,773.15,6043.05,3159.0,2385.85,45.2732,0.3442,0.0,-773.15,0.0,6.8165,0.0,-773.15,0.0,6.8165,1.0,0.0,0.0,0.0,0.0
1517,743.81,788.15,5872.2,3125.05,2336.9,45.9653,0.3376,0.0,-788.15,0.0,6.8165,0.0,-788.15,0.0,6.8165,1.0,0.0,0.0,0.0,0.0
1518,744.07,769.75,5724.15,3051.4,2281.65,46.053,0.3367,0.0,-769.75,0.0,6.8165,0.0,-769.75,0.0,6.8165,1.0,0.0,0.0,0.0,0.0
1519,744.34,778.8,5612.85,3003.1,2224.3,46.0132,0.3371,0.0,-778.8,0.0,6.8165,0.0,-778.8,0.0,6.8165,1.0,0.0,0.0,0.0,0.0
1520,744.6,778.4,5422.65,2948.2,2169.8,46.7201,0.3305,0.0,-778.4,0.0,6.8165,0.0,-778.4,0.0,6.8165,1.0,0.0,0.0,0.0,0.0
1521,744.87,784.4,5374.7,2852.8,2068.4,45.0602,0.3462,0.0,-784.4,0.0,6.8165,0.0,-784.4,0.0,6.8165,1.0,0.0,0.0,0.0,0.0
1522,745.13,784.15,5274.2,2811.8,2027.65,45.1587,0.3453,0.0,-784.15,0.0,6.8165,0.0,-784.15,0.0,6.8165,1.0,0.0,0.0,0.0,0.0
1523,745.39,780.6,5142.05,2757.4,1976.8,45.3244,0.3437,0.0,-780.6,0.0,6.8165,0.0,-780.6,0.0,6.8165,1.0,0.0,0.0,0.0,0.0
1524,745.66,799.25,4963.7,2701.95,1902.7,45.6891,0.3402,0.0,-799.25,0.0,6.8165,0.0,-799.25,0.0,6.8165,1.0,0.0,0.0,0.0,0.0
1525,745.92,783.0,4795.75,2670.75,1887.75,47.0438,0.3275,0.0,-783.0,0.0,6.8165,0.0,-783.0,0.0,6.8165,1.0,0.0,0.0,0.0,0.0
1526,746.19,776.8,4708.9,2609.25,1832.45,46.6023,0.3316,0.0,-776.8,0.0,6.8165,0.0,-776.8,0.0,6.8165,1.0,0.0,0.0,0.0,0.0
1527,746.45,773.45,4578.45,2570.4,1796.95,47.226,0.3258,0.0,-773.45,0.0,6.8165,0.0,-773.45,0.0,6.8165,1.0,0.0,0.0,0.0,0.0
1528,746.71,766.7,4485.5,2527.3,1760.6,47.3432,0.3247,0.0,-766.7,0.0,6.8165,0.0,-766.7,0.0,6.8165,1.0,0.0,0.0,0.0,0.0
1529,746.98,777.35,4390.4,2481.25,1703.9,47.1596,0.3264,0.0,-777.35,0.0,6.8165,0.0,-777.35,0.0,6.8165,1.0,0.0,0.0,0.0,0.0
1530,747.24,788.2,4294.55,2438.2,1650.0,47.0575,0.3274,0.0,-788.2,0.0,6.8165,0.0,-788.2,0.0,6.8165,1.0,0.0,0.0,0.0,0.0
1531,747.5,780.35,4218.0,2383.8,1603.45,46.6438,0.3312,0.0,-780.35,0.0,6.8165,0.0,-780.35,0.0,6.8165,1.0,0.0,0.0,0.0,0.0
1532,747.77,786.2,4104.05,2323.4,1537.2,46.3312,0.3341,0.0,-786.2,0.0,6.8165,0.0,-786.2,0.0,6.8165,1.0,0.0,0.0,0.0,0.0
1533,748.03,784.35,3997.65,2269.15,1484.8,46.2079,0.3353,0.0,-784.35,0.0,6.8165,0.0,-784.35,0.0,6.8165,1.0,0.0,0.0,0.0,0.0
1534,748.29,798.4,3961.25,2248.05,1449.65,45.8337,0.3388,0.0,-798.4,0.0,6.8165,0.0,-798.4,0.0,6.8165,1.0,0.0,0.0,0.0,0.0
1535,748.56,793.4,3817.2,2241.65,1448.25,47.895,0.3197,0.0,-793.4,0.0,6.8165,0.0,-793.4,0.0,6.8165,1.0,0.0,0.0,0.0,0.0
1536,748.82,793.8,3714.1,2212.75,1418.95,48.5892,0.3135,0.0,-793.8,0.0,6.8165,0.0,-793.8,0.0,6.8165,1.0,0.0,0.0,0.0,0.0
1537,749.08,782.4,3727.1,2170.8,1388.4,47.1491,0.3265,0.0,-782.4,0.0,6.8165,0.0,-782.4,0.0,6.8165,1.0,0.0,0.0,0.0,0.0
1538,749.34,789.05,3719.05,2147.95,1358.9,46.3788,0.3337,0.0,-789.05,0.0,6.8165,0.0,-789.05,0.0,6.8165,1.0,0.0,0.0,0.0,0.0
1539,749.61,790.15,3669.9,2120.25,1330.1,46.188,0.3355,0.0,-790.15,0.0,6.8165,0.0,-790.15,0.0,6.8165,1.0,0.0,0.0,0.0,0.0
1540,749.87,789.75,3564.85,2098.2,1308.45,47.1497,0.3265,0.0,-789.75,0.0,6.8165,0.0,-789.75,0.0,6.8165,1.0,0.0,0.0,0.0,0.0
1541,750.13,786.85,3512.35,2077.8,1290.95,47.3656,0.3245,0.0,-786.85,0.0,6.8165,0.0,-786.85,0.0,6.8165,1.0,0.0,0.0,0.0,0.0
1542,750.39,788.45,3475.9,2073.6,1285.15,47.8204,0.3204,0.0,-788.45,0.0,6.8165,0.0,-788.45,0.0,6.8165,1.0,0.0,0.0,0.0,0.0
1543,750.65,784.6,3405.25,2005.05,1220.45,46.5705,0.3319,0.0,-784.6,0.0,6.8165,0.0,-784.6,0.0,6.8165,1.0,0.0,0.0,0.0,0.0
1544,750.92,774.0,3325.35,1996.4,1222.4,47.9119,0.3196,0.0,-774.0,0.0,6.8165,0.0,-774.0,0.0,6.8165,1.0,0.0,0.0,0.0,0.0
1545,751.18,785.15,3299.8,1974.7,1189.55,47.3048,0.3251,0.0,-785.15,0.0,6.8165,0.0,-785.15,0.0,6.8165,1.0,0.0,0.0,0.0,0.0
1546,751.44,791.8,3292.15,1944.05,1152.25,46.0835,0.3365,0.0,-791.8,0.0,6.8165,0.0,-791.8,0.0,6.8165,1.0,0.0,0.0,0.0,0.0
1547,751.7,785.95,3202.05,1936.7,1150.75,47.6284,0.3221,0.0,-785.95,0.0,6.8165,0.0,-785.95,0.0,6.8165,1.0,0.0,0.0,0.0,0.0
1548,751.96,786.35,3128.05,1903.8,1117.45,47.7196,0.3213,0.0,-786.35,0.0,6.8165,0.0,-786.35,0.0,6.8165,1.0,0.0,0.0,0.0,0.0
1549,752.23,787.3,3078.9,1885.9,1098.6,47.9403,0.3193,0.0,-787.3,0.0,6.8165,0.0,-787.3,0.0,6.8165,1.0,0.0,0.0,0.0,0.0
1550,752.49,781.15,3025.2,1864.8,1083.65,48.2899,0.3161,0.0,-781.15,0.0,6.8165,0.0,-781.15,0.0,6.8165,1.0,0.0,0.0,0.0,0.0
1551,752.75,781.2,2957.0,1841.25,1060.05,48.72,0.3123,0.0,-781.2,0.0,6.8165,0.0,-781.2,0.0,6.8165,1.0,0.0,0.0,0.0,0.0
1552,753.01,774.6,2957.2,1808.0,1033.4,47.3472,0.3247,0.0,-774.6,0.0,6.8165,0.0,-774.6,0.0,6.8165,1.0,0.0,0.0,0.0,0.0
1553,753.27,795.15,2972.8,1810.45,1015.3,46.6237,0.3314,0.0,-795.15,0.0,6.8165,0.0,-795.15,0.0,6.8165,1.0,0.0,0.0,0.0,0.0
1554,753.53,787.75,2947.75,1819.65,1031.9,47.7731,0.3208,0.0,-787.75,0.0,6.8165,0.0,-787.75,0.0,6.8165,1.0,0.0,0.0,0.0,0.0
1555,753.79,790.3,2878.6,1781.25,990.95,47.4525,0.3237,0.0,-790.3,0.0,6.8165,0.0,-790.3,0.0,6.8165,1.0,0.0,0.0,0.0,0.0
1556,754.05,788.55,2825.7,1771.8,983.25,48.266,0.3164,0.0,-788.55,0.0,6.8165,0.0,-788.55,0.0,6.8165,1.0,0.0,0.0,0.0,0.0
1557,754.31,795.25,2784.7,1746.75,951.5,47.8273,0.3203,0.0,-795.25,0.0,6.8165,0.0,-795.25,0.0,6.8165,1.0,0.0,0.0,0.0,0.0
1558,754.57,787.95,2709.25,1728.05,940.1,48.9304,0.3104,0.0,-787.95,0.0,6.8165,0.0,-787.95,0.0,6.8165,1.0,0.0,0.0,0.0,0.0
1559,754.84,789.8,2673.7,1724.15,934.35,49.5966,0.3045,0.0,-789.8,0.0,6.8165,0.0,-789.8,0.0,6.8165,1.0,0.0,0.0,0.0,0.0
1560,755.1,787.55,2669.2,1719.8,932.25,49.5443,0.305,0.0,-787.55,0.0,6.8165,0.0,-787.55,0.0,6.8165,1.0,0.0,0.0,0.0,0.0
1561,755.36,797.05,2671.95,1700.1,903.05,48.1652,0.3173,0.0,-797.05,0.0,6.8165,0.0,-797.05,0.0,6.8165,1.0,0.0,0.0,0.0,0.0
1562,755.62,789.4,2628.25,1682.2,892.8,48.5521,0.3138,0.0,-789.4,0.0,6.8165,0.0,-789.4,0.0,6.8165,1.0,0.0,0.0,0.0,0.0
1563,755.88,765.9,2598.05,1676.5,910.6,49.7012,0.3036,0.0,-765.9,0.0,6.8165,0.0,-765.9,0.0,6.8165,1.0,0.0,0.0,0.0,0.0
1564,756.14,780.0,2618.85,1651.9,871.9,47.4155,0.3241,0.0,-780.0,0.0,6.8165,0.0,-780.0,0.0,6.8165,1.0,0.0,0.0,0.0,0.0
1565,756.4,780.2,2562.15,1656.2,876.0,49.1596,0.3084,0.0,-780.2,0.0,6.8165,0.0,-780.2,0.0,6.8165,1.0,0.0,0.0,0.0,0.0
1566,756.66,777.8,2518.3,1632.7,854.9,49.1181,0.3088,0.0,-777.8,0.0,6.8165,0.0,-777.8,0.0,6.8165,1.0,0.0,0.0,0.0,0.0
1567,756.92,786.7,2511.8,1638.6,851.9,49.3826,0.3064,0.0,-786.7,0.0,6.8165,0.0,-786.7,0.0,6.8165,1.0,0.0,0.0,0.0,0.0
1568,757.18,782.15,2448.4,1613.3,831.15,49.8815,0.3021,0.0,-782.15,0.0,6.8165,0.0,-782.15,0.0,6.8165,1.0,0.0,0.0,0.0,0.0
1569,757.43,787.25,2476.2,1605.15,817.9,48.4265,0.3149,0.0,-787.25,0.0,6.8165,0.0,-787.25,0.0,6.8165,1.0,0.0,0.0,0.0,0.0
1570,757.69,792.45,2433.5,1584.05,791.6,48.2374,0.3166,0.0,-792.45,0.0,6.8165,0.0,-792.45,0.0,6.8165,1.0,0.0,0.0,0.0,0.0
1571,757.95,796.2,2455.2,1607.75,811.55,48.918,0.3105,0.0,-796.2,0.0,6.8165,0.0,-796.2,0.0,6.8165,1.0,0.0,0.0,0.0,0.0
1572,758.21,798.1,2432.85,1612.35,814.25,49.8088,0.3027,0.0,-798.1,0.0,6.8165,0.0,-798.1,0.0,6.8165,1.0,0.0,0.0,0.0,0.0
1573,758.47,785.15,2423.45,1593.55,808.4,49.3438,0.3068,0.0,-785.15,0.0,6.8165,0.0,-785.15,0.0,6.8165,1.0,0.0,0.0,0.0,0.0
1574,758.73,785.6,2399.65,1593.0,807.4,50.0232,0.3008,0.0,-785.6,0.0,6.8165,0.0,-785.6,0.0,6.8165,1.0,0.0,0.0,0.0,0.0
1575,758.99,776.45,2426.4,1587.4,810.95,49.15,0.3085,0.0,-776.45,0.0,6.8165,0.0,-776.45,0.0,6.8165,1.0,0.0,0.0,0.0,0.0
1576,759.25,787.05,2442.2,1583.15,796.1,48.0984,0.3179,0.0,-787.05,0.0,6.8165,0.0,-787.05,0.0,6.8165,1.0,0.0,0.0,0.0,0.0
1577,759.51,783.55,2414.2,1589.55,806.0,49.4281,0.306,0.0,-783.55,0.0,6.8165,0.0,-783.55,0.0,6.8165,1.0,0.0,0.0,0.0,0.0
1578,759.77,782.5,2435.85,1562.95,780.45,47.2042,0.326,0.0,-782.5,0.0,6.8165,0.0,-782.5,0.0,6.8165,1.0,0.0,0.0,0.0,0.0
1579,760.02,781.75,2417.65,1582.7,800.95,48.9608,0.3102,0.0,-781.75,0.0,6.8165,0.0,-781.75,0.0,6.8165,1.0,0.0,0.0,0.0,0.0
1580,760.28,802.1,2384.2,1566.55,764.45,48.3187,0.3159,0.0,-802.1,0.0,6.8165,0.0,-802.1,0.0,6.8165,1.0,0.0,0.0,0.0,0.0
1581,760.54,795.9,2401.15,1589.8,793.9,49.4565,0.3058,0.0,-795.9,0.0,6.8165,0.0,-795.9,0.0,6.8165,1.0,0.0,0.0,0.0,0.0
1582,760.8,791.6,2415.8,1595.8,804.2,49.5136,0.3053,0.0,-791.6,0.0,6.8165,0.0,-791.6,0.0,6.8165,1.0,0.0,0.0,0.0,0.0
1583,761.06,778.15,2408.6,1580.7,802.55,49.2226,0.3078,0.0,-778.15,0.0,6.8165,0.0,-778.15,0.0,6.8165,1.0,0.0,0.0,0.0,0.0
1584,761.32,784.9,2380.95,1565.15,780.25,48.8863,0.3108,0.0,-784.9,0.0,6.8165,0.0,-784.9,0.0,6.8165,1.0,0.0,0.0,0.0,0.0
1585,761.57,784.15,2341.75,1569.65,785.5,50.4301,0.2973,0.0,-784.15,0.0,6.8165,0.0,-784.15,0.0,6.8165,1.0,0.0,0.0,0.0,0.0
1586,761.83,778.95,2360.65,1531.45,752.5,47.5754,0.3226,0.0,-778.95,0.0,6.8165,0.0,-778.95,0.0,6.8165,1.0,0.0,0.0,0.0,0.0
1587,762.09,782.95,2368.65,1546.2,763.25,48.1333,0.3176,0.0,-782.95,0.0,6.8165,0.0,-782.95,0.0,6.8165,1.0,0.0,0.0,0.0,0.0
1588,762.35,794.6,2348.4,1562.7,768.1,49.4336,0.306,0.0,-794.6,0.0,6.8165,0.0,-794.6,0.0,6.8165,1.0,0.0,0.0,0.0,0.0
1589,762.6,781.95,2357.35,1575.35,793.4,50.3618,0.2979,0.0,-781.95,0.0,6.8165,0.0,-781.95,0.0,6.8165,1.0,0.0,0.0,0.0,0.0
1590,762.86,779.25,2358.85,1576.75,797.5,50.4875,0.2968,0.0,-779.25,0.0,6.8165,0.0,-779.25,0.0,6.8165,1.0,0.0,0.0,0.0,0.0
1591,763.12,770.7,2379.3,1575.1,804.4,50.0062,0.301,0.0,-770.7,0.0,6.8165,0.0,-770.7,0.0,6.8165,1.0,0.0,0.0,0.0,0.0
1592,763.38,781.5,2381.05,1609.3,827.8,51.7521,0.2861,0.0,-781.5,0.0,6.8165,0.0,-781.5,0.0,6.8165,1.0,0.0,0.0,0.0,0.0
1593,763.63,770.15,2439.9,1641.8,871.65,52.2024,0.2823,0.0,-770.15,0.0,6.8165,0.0,-770.15,0.0,6.8165,1.0,0.0,0.0,0.0,0.0
1594,763.89,787.55,2528.5,1712.1,924.55,53.1061,0.2749,0.0,-787.55,0.0,6.8165,0.0,-787.55,0.0,6.8165,1.0,0.0,0.0,0.0,0.0
1595,764.15,775.5,2638.55,1781.65,1006.15,54.0055,0.2676,0.0,-775.5,0.0,6.8165,0.0,-775.5,0.0,6.8165,1.0,0.0,0.0,0.0,0.0
1596,764.4,784.2,2718.75,1895.7,1111.5,57.4552,0.2407,0.0,-784.2,0.0,6.8165,0.0,-784.2,0.0,6.8165,1.0,0.0,0.0,0.0,0.0
1597,764.66,786.1,2818.1,1959.45,1173.35,57.7436,0.2385,0.0,-786.1,0.0,6.8165,0.0,-786.1,0.0,6.8165,1.0,0.0,0.0,0.0,0.0
1598,764.92,789.25,2985.5,2002.45,1213.2,55.2396,0.2577,0.0,-789.25,0.0,6.8165,0.0,-789.25,0.0,6.8165,1.0,0.0,0.0,0.0,0.0
1599,765.17,791.1,3066.3,1997.4,1206.3,53.0195,0.2756,0.0,-791.1,0.0,6.8165,0.0,-791.1,0.0,6.8165,1.0,0.0,0.0,0.0,0.0
1600,765.43,800.25,3052.1,1942.15,1141.9,50.7094,0.2949,0.0,-800.25,0.0,6.8165,0.0,-800.25,0.0,6.8165,1.0,0.0,0.0,0.0,0.0
1601,765.69,792.65,3058.85,1861.5,1068.85,47.1649,0.3264,0.0,-792.65,0.0,6.8165,0.0,-792.65,0.0,6.8165,1.0,0.0,0.0,0.0,0.0
1602,765.94,801.85,3002.65,1811.5,1009.65,45.8765,0.3384,0.0,-801.85,0.0,6.8165,0.0,-801.85,0.0,6.8165,1.0,0.0,0.0,0.0,0.0
1603,766.2,782.35,2862.05,1723.85,941.5,45.271,0.3442,0.0,-782.35,0.0,6.8165,0.0,-782.35,0.0,6.8165,1.0,0.0,0.0,0.0,0.0
1604,766.45,773.7,2696.7,1692.7,919.0,47.7899,0.3207,0.0,-773.7,0.0,6.8165,0.0,-773.7,0.0,6.8165,1.0,0.0,0.0,0.0,0.0
1605,766.71,785.05,2638.3,1645.0,859.95,46.4023,0.3335,0.0,-785.05,0.0,6.8165,0.0,-785.05,0.0,6.8165,1.0,0.0,0.0,0.0,0.0
1606,766.97,795.05,2563.65,1597.85,802.8,45.3918,0.343,0.0,-795.05,0.0,6.8165,0.0,-795.05,0.0,6.8165,1.0,0.0,0.0,0.0,0.0
1607,767.22,796.9,2436.25,1544.35,747.45,45.5943,0.3411,0.0,-796.9,0.0,6.8165,0.0,-796.9,0.0,6.8165,1.0,0.0,0.0,0.0,0.0
1608,767.48,797.8,2304.85,1502.65,704.85,46.7702,0.33,0.0,-797.8,0.0,6.8165,0.0,-797.8,0.0,6.8165,1.0,0.0,0.0,0.0,0.0
1609,767.73,802.35,2260.65,1482.1,679.75,46.6125,0.3315,0.0,-802.35,0.0,6.8165,0.0,-802.35,0.0,6.8165,1.0,0.0,0.0,0.0,0.0
1610,767.99,797.5,2191.0,1468.5,671.0,48.1521,0.3174,0.0,-797.5,0.0,6.8165,0.0,-797.5,0.0,6.8165,1.0,0.0,0.0,0.0,0.0
1611,768.24,790.2,2140.5,1434.6,644.4,47.7227,0.3213,0.0,-790.2,0.0,6.8165,0.0,-790.2,0.0,6.8165,1.0,0.0,0.0,0.0,0.0
1612,768.5,792.5,2083.95,1396.85,604.35,46.7962,0.3298,0.0,-792.5,0.0,6.8165,0.0,-792.5,0.0,6.8165,1.0,0.0,0.0,0.0,0.0
1613,768.75,788.75,2021.6,1402.85,614.1,49.8114,0.3027,0.0,-788.75,0.0,6.8165,0.0,-788.75,0.0,6.8165,1.0,0.0,0.0,0.0,0.0
1614,769.01,793.7,2000.1,1369.85,576.15,47.7578,0.321,0.0,-793.7,0.0,6.8165,0.0,-793.7,0.0,6.8165,1.0,0.0,0.0,0.0,0.0
1615,769.26,790.15,1940.5,1338.0,547.85,47.6246,0.3222,0.0,-790.15,0.0,6.8165,0.0,-790.15,0.0,6.8165,1.0,0.0,0.0,0.0,0.0
1616,769.52,786.25,1896.3,1335.9,549.65,49.5158,0.3053,0.0,-786.25,0.0,6.8165,0.0,-786.25,0.0,6.8165,1.0,0.0,0.0,0.0,0.0
1617,769.77,773.35,1893.6,1327.1,553.75,49.4309,0.306,0.0,-773.35,0.0,6.8165,0.0,-773.35,0.0,6.8165,1.0,0.0,0.0,0.0,0.0
1618,770.03,785.25,1861.85,1304.55,519.3,48.2352,0.3166,0.0,-785.25,0.0,6.8165,0.0,-785.25,0.0,6.8165,1.0,0.0,0.0,0.0,0.0
1619,770.28,784.95,1828.25,1293.7,508.75,48.7635,0.3119,0.0,-784.95,0.0,6.8165,0.0,-784.95,0.0,6.8165,1.0,0.0,0.0,0.0,0.0
1620,770.54,801.15,1799.6,1283.95,482.8,48.355,0.3156,0.0,-801.15,0.0,6.8165,0.0,-801.15,0.0,6.8165,1.0,0.0,0.0,0.0,0.0
1621,770.79,799.5,1810.55,1268.9,469.4,46.427,0.3332,0.0,-799.5,0.0,6.8165,0.0,-799.5,0.0,6.8165,1.0,0.0,0.0,0.0,0.0
1622,771.04,789.3,1787.95,1278.55,489.25,48.9911,0.3099,0.0,-789.3,0.0,6.8165,0.0,-789.3,0.0,6.8165,1.0,0.0,0.0,0.0,0.0
1623,771.3,796.75,1774.75,1269.45,472.7,48.3333,0.3158,0.0,-796.75,0.0,6.8165,0.0,-796.75,0.0,6.8165,1.0,0.0,0.0,0.0,0.0
1624,771.55,787.65,1758.1,1248.4,460.75,47.478,0.3235,0.0,-787.65,0.0,6.8165,0.0,-787.65,0.0,6.8165,1.0,0.0,0.0,0.0,0.0
1625,771.81,790.85,1706.45,1234.35,443.5,48.4382,0.3148,0.0,-790.85,0.0,6.8165,0.0,-790.85,0.0,6.8165,1.0,0.0,0.0,0.0,0.0
1626,772.06,782.2,1699.25,1233.65,451.45,49.2285,0.3078,0.0,-782.2,0.0,6.8165,0.0,-782.2,0.0,6.8165,1.0,0.0,0.0,0.0,0.0
1627,772.31,787.25,1681.55,1229.8,442.55,49.4856,0.3055,0.0,-787.25,0.0,6.8165,0.0,-787.25,0.0,6.8165,1.0,0.0,0.0,0.0,0.0
1628,772.57,780.85,1675.85,1230.6,449.75,50.2514,0.2989,0.0,-780.85,0.0,6.8165,0.0,-780.85,0.0,6.8165,1.0,0.0,0.0,0.0,0.0
1629,772.82,787.55,1681.8,1208.9,421.35,47.1177,0.3268,0.0,-787.55,0.0,6.8165,0.0,-787.55,0.0,6.8165,1.0,0.0,0.0,0.0,0.0
1630,773.07,778.3,1655.0,1207.05,428.75,48.905,0.3106,0.0,-778.3,0.0,6.8165,0.0,-778.3,0.0,6.8165,1.0,0.0,0.0,0.0,0.0
1631,773.33,785.7,1635.6,1185.3,399.6,47.0173,0.3277,0.0,-785.7,0.0,6.8165,0.0,-785.7,0.0,6.8165,1.0,0.0,0.0,0.0,0.0
1632,773.58,795.8,1621.85,1179.55,383.75,46.456,0.333,0.0,-795.8,0.0,6.8165,0.0,-795.8,0.0,6.8165,1.0,0.0,0.0,0.0,0.0
1633,773.83,787.75,1609.5,1182.9,395.15,48.0864,0.318,0.0,-787.75,0.0,6.8165,0.0,-787.75,0.0,6.8165,1.0,0.0,0.0,0.0,0.0
1634,774.09,773.4,1601.95,1189.1,415.7,50.172,0.2995,0.0,-773.4,0.0,6.8165,0.0,-773.4,0.0,6.8165,1.0,0.0,0.0,0.0,0.0
1635,774.34,782.4,1577.2,1182.55,400.15,50.346,0.298,0.0,-782.4,0.0,6.8165,0.0,-782.4,0.0,6.8165,1.0,0.0,0.0,0.0,0.0
1636,774.59,778.3,1563.35,1161.2,382.9,48.774,0.3118,0.0,-778.3,0.0,6.8165,0.0,-778.3,0.0,6.8165,1.0,0.0,0.0,0.0,0.0
1637,774.85,771.0,1547.0,1165.95,394.95,50.8956,0.2933,0.0,-771.0,0.0,6.8165,0.0,-771.0,0.0,6.8165,1.0,0.0,0.0,0.0,0.0
1638,775.1,793.4,1549.4,1154.25,360.85,47.7315,0.3212,0.0,-793.4,0.0,6.8165,0.0,-793.4,0.0,6.8165,1.0,0.0,0.0,0.0,0.0
1639,775.35,791.95,1554.95,1142.45,350.5,45.9371,0.3378,0.0,-791.95,0.0,6.8165,0.0,-791.95,0.0,6.8165,1.0,0.0,0.0,0.0,0.0
1640,775.6,788.3,1519.3,1134.8,346.5,47.4008,0.3242,0.0,-788.3,0.0,6.8165,0.0,-788.3,0.0,6.8165,1.0,0.0,0.0,0.0,0.0
1641,775.85,791.1,1522.95,1136.1,345.0,47.1408,0.3266,0.0,-791.1,0.0,6.8165,0.0,-791.1,0.0,6.8165,1.0,0.0,0.0,0.0,0.0
1642,776.11,787.45,1513.9,1133.55,346.1,47.6426,0.322,0.0,-787.45,0.0,6.8165,0.0,-787.45,0.0,6.8165,1.0,0.0,0.0,0.0,0.0
1643,776.36,783.95,1482.65,1106.15,322.2,46.1142,0.3362,0.0,-783.95,0.0,6.8165,0.0,-783.95,0.0,6.8165,1.0,0.0,0.0,0.0,0.0
1644,776.61,791.25,1489.1,1128.1,336.85,48.2697,0.3163,0.0,-791.25,0.0,6.8165,0.0,-791.25,0.0,6.8165,1.0,0.0,0.0,0.0,0.0
1645,776.86,791.1,1489.7,1125.4,334.3,47.8528,0.3201,0.0,-791.1,0.0,6.8165,0.0,-791.1,0.0,6.8165,1.0,0.0,0.0,0.0,0.0
1646,777.11,772.65,1494.1,1118.15,345.5,47.8897,0.3198,0.0,-772.65,0.0,6.8165,0.0,-772.65,0.0,6.8165,1.0,0.0,0.0,0.0,0.0
1647,777.37,789.9,1483.7,1122.65,332.75,47.9605,0.3191,0.0,-789.9,0.0,6.8165,0.0,-789.9,0.0,6.8165,1.0,0.0,0.0,0.0,0.0
1648,777.62,788.8,1482.7,1106.1,317.3,45.7271,0.3398,0.0,-788.8,0.0,6.8165,0.0,-788.8,0.0,6.8165,1.0,0.0,0.0,0.0,0.0
1649,777.87,795.85,1466.65,1106.55,310.7,46.3178,0.3343,0.0,-795.85,0.0,6.8165,0.0,-795.85,0.0,6.8165,1.0,0.0,0.0,0.0,0.0
1650,778.12,787.25,1463.95,1114.0,326.75,48.2858,0.3162,0.0,-787.25,0.0,6.8165,0.0,-787.25,0.0,6.8165,1.0,0.0,0.0,0.0,0.0
1651,778.37,791.1,1448.15,1109.65,318.55,48.4819,0.3144,0.0,-791.1,0.0,6.8165,0.0,-791.1,0.0,6.8165,1.0,0.0,0.0,0.0,0.0
1652,778.62,787.1,1439.4,1097.3,310.2,47.5548,0.3228,0.0,-787.1,0.0,6.8165,0.0,-787.1,0.0,6.8165,1.0,0.0,0.0,0.0,0.0
1653,778.87,786.55,1441.35,1105.95,319.4,48.7783,0.3118,0.0,-786.55,0.0,6.8165,0.0,-786.55,0.0,6.8165,1.0,0.0,0.0,0.0,0.0
1654,779.12,788.5,1434.1,1116.45,327.95,50.7977,0.2942,0.0,-788.5,0.0,6.8165,0.0,-788.5,0.0,6.8165,1.0,0.0,0.0,0.0,0.0
1655,779.38,793.3,1424.85,1104.45,311.15,49.2677,0.3074,0.0,-793.3,0.0,6.8165,0.0,-793.3,0.0,6.8165,1.0,0.0,0.0,0.0,0.0
1656,779.63,794.7,1434.2,1085.6,290.9,45.4887,0.3421,0.0,-794.7,0.0,6.8165,0.0,-794.7,0.0,6.8165,1.0,0.0,0.0,0.0,0.0
1657,779.88,782.5,1439.4,1102.0,319.5,48.6375,0.313,0.0,-782.5,0.0,6.8165,0.0,-782.5,0.0,6.8165,1.0,0.0,0.0,0.0,0.0
1658,780.13,782.95,1421.4,1092.9,309.95,48.5473,0.3138,0.0,-782.95,0.0,6.8165,0.0,-782.95,0.0,6.8165,1.0,0.0,0.0,0.0,0.0
1659,780.38,798.5,1416.7,1088.75,290.25,46.9508,0.3284,0.0,-798.5,0.0,6.8165,0.0,-798.5,0.0,6.8165,1.0,0.0,0.0,0.0,0.0
1660,780.63,805.85,1416.55,1103.85,298.0,48.7965,0.3116,0.0,-805.85,0.0,6.8165,0.0,-805.85,0.0,6.8165,1.0,0.0,0.0,0.0,0.0
1661,780.88,785.3,1414.9,1088.75,303.45,48.1973,0.317,0.0,-785.3,0.0,6.8165,0.0,-785.3,0.0,6.8165,1.0,0.0,0.0,0.0,0.0
1662,781.13,785.8,1409.7,1082.7,296.9,47.5878,0.3225,0.0,-785.8,0.0,6.8165,0.0,-785.8,0.0,6.8165,1.0,0.0,0.0,0.0,0.0
1663,781.38,792.35,1412.1,1084.7,292.35,47.1722,0.3263,0.0,-792.35,0.0,6.8165,0.0,-792.35,0.0,6.8165,1.0,0.0,0.0,0.0,0.0
1664,781.63,778.5,1410.0,1096.25,317.75,50.3167,0.2983,0.0,-778.5,0.0,6.8165,0.0,-778.5,0.0,6.8165,1.0,0.0,0.0,0.0,0.0
1665,781.88,791.5,1400.45,1079.8,288.3,47.3438,0.3247,0.0,-791.5,0.0,6.8165,0.0,-791.5,0.0,6.8165,1.0,0.0,0.0,0.0,0.0
1666,782.13,795.95,1393.9,1096.9,300.95,50.3303,0.2982,0.0,-795.95,0.0,6.8165,0.0,-795.95,0.0,6.8165,1.0,0.0,0.0,0.0,0.0
1667,782.38,788.65,1385.45,1077.05,288.4,48.3244,0.3158,0.0,-788.65,0.0,6.8165,0.0,-788.65,0.0,6.8165,1.0,0.0,0.0,0.0,0.0
1668,782.63,780.75,1414.75,1081.15,300.4,47.3817,0.3244,0.0,-780.75,0.0,6.8165,0.0,-780.75,0.0,6.8165,1.0,0.0,0.0,0.0,0.0
1669,782.88,791.2,1413.55,1092.05,300.85,48.341,0.3157,0.0,-791.2,0.0,6.8165,0.0,-791.2,0.0,6.8165,1.0,0.0,0.0,0.0,0.0
1670,783.13,789.2,1398.65,1097.95,308.75,50.6604,0.2953,0.0,-789.2,0.0,6.8165,0.0,-789.2,0.0,6.8165,1.0,0.0,0.0,0.0,0.0
1671,783.38,792.5,1395.35,1082.7,290.2,48.138,0.3175,0.0,-792.5,0.0,6.8165,0.0,-792.5,0.0,6.8165,1.0,0.0,0.0,0.0,0.0
1672,783.62,803.25,1396.1,1074.85,271.6,45.8126,0.339,0.0,-803.25,0.0,6.8165,0.0,-803.25,0.0,6.8165,1.0,0.0,0.0,0.0,0.0
1673,783.87,792.35,1397.45,1084.7,292.35,48.3143,0.3159,0.0,-792.35,0.0,6.8165,0.0,-792.35,0.0,6.8165,1.0,0.0,0.0,0.0,0.0
1674,784.12,774.2,1404.65,1080.85,306.65,48.6399,0.313,0.0,-774.2,0.0,6.8165,0.0,-774.2,0.0,6.8165,1.0,0.0,0.0,0.0,0.0
1675,784.37,784.05,1421.4,1092.7,308.65,48.4271,0.3149,0.0,-784.05,0.0,6.8165,0.0,-784.05,0.0,6.8165,1.0,0.0,0.0,0.0,0.0
1676,784.62,783.2,1409.8,1080.65,297.45,47.4705,0.3236,0.0,-783.2,0.0,6.8165,0.0,-783.2,0.0,6.8165,1.0,0.0,0.0,0.0,0.0
1677,784.87,788.6,1420.5,1083.4,294.8,46.653,0.3311,0.0,-788.6,0.0,6.8165,0.0,-788.6,0.0,6.8165,1.0,0.0,0.0,0.0,0.0
1678,785.12,799.45,1418.25,1090.85,291.4,47.0911,0.3271,0.0,-799.45,0.0,6.8165,0.0,-799.45,0.0,6.8165,1.0,0.0,0.0,0.0,0.0
1679,785.37,794.65,1417.6,1078.9,284.25,45.6297,0.3408,0.0,-794.65,0.0,6.8165,0.0,-794.65,0.0,6.8165,1.0,0.0,0.0,0.0,0.0
1680,785.61,787.8,1405.05,1079.7,291.9,47.2904,0.3252,0.0,-787.8,0.0,6.8165,0.0,-787.8,0.0,6.8165,1.0,0.0,0.0,0.0,0.0
1681,785.86,785.65,1404.1,1069.8,284.15,45.9455,0.3378,0.0,-785.65,0.0,6.8165,0.0,-785.65,0.0,6.8165,1.0,0.0,0.0,0.0,0.0
1682,786.11,790.4,1402.05,1079.4,289.0,47.2492,0.3256,0.0,-790.4,0.0,6.8165,0.0,-790.4,0.0,6.8165,1.0,0.0,0.0,0.0,0.0
1683,786.36,794.3,1423.35,1085.65,291.35,46.3159,0.3343,0.0,-794.3,0.0,6.8165,0.0,-794.3,0.0,6.8165,1.0,0.0,0.0,0.0,0.0
1684,786.61,800.15,1394.8,1072.45,272.3,45.7916,0.3392,0.0,-800.15,0.0,6.8165,0.0,-800.15,0.0,6.8165,1.0,0.0,0.0,0.0,0.0
1685,786.85,800.5,1418.55,1082.05,281.55,45.5546,0.3415,0.0,-800.5,0.0,6.8165,0.0,-800.5,0.0,6.8165,1.0,0.0,0.0,0.0,0.0
1686,787.1,784.9,1383.45,1083.2,298.3,49.8371,0.3024,0.0,-784.9,0.0,6.8165,0.0,-784.9,0.0,6.8165,1.0,0.0,0.0,0.0,0.0
1687,787.35,780.7,1412.35,1067.4,286.7,45.3891,0.343,0.0,-780.7,0.0,6.8165,0.0,-780.7,0.0,6.8165,1.0,0.0,0.0,0.0,0.0
1688,787.6,777.35,1394.95,1093.45,316.1,51.182,0.2909,0.0,-777.35,0.0,6.8165,0.0,-777.35,0.0,6.8165,1.0,0.0,0.0,0.0,0.0
1689,787.84,785.05,1382.4,1070.75,285.7,47.8279,0.3203,0.0,-785.05,0.0,6.8165,0.0,-785.05,0.0,6.8165,1.0,0.0,0.0,0.0,0.0
1690,788.09,783.55,1400.2,1083.75,300.2,48.6824,0.3126,0.0,-783.55,0.0,6.8165,0.0,-783.55,0.0,6.8165,1.0,0.0,0.0,0.0,0.0
1691,788.34,793.1,1397.2,1078.4,285.3,47.2273,0.3258,0.0,-793.1,0.0,6.8165,0.0,-793.1,0.0,6.8165,1.0,0.0,0.0,0.0,0.0
1692,788.59,778.65,1382.85,1069.35,290.7,48.1132,0.3177,0.0,-778.65,0.0,6.8165,0.0,-778.65,0.0,6.8165,1.0,0.0,0.0,0.0,0.0
1693,788.83,777.0,1376.0,1094.85,317.85,53.0634,0.2752,0.0,-777.0,0.0,6.8165,0.0,-777.0,0.0,6.8165,1.0,0.0,0.0,0.0,0.0
1694,789.08,782.9,1390.45,1097.65,314.75,51.8064,0.2856,0.0,-782.9,0.0,6.8165,0.0,-782.9,0.0,6.8165,1.0,0.0,0.0,0.0,0.0
1695,789.33,798.45,1412.55,1090.85,292.4,47.6144,0.3223,0.0,-798.45,0.0,6.8165,0.0,-798.45,0.0,6.8165,1.0,0.0,0.0,0.0,0.0
1696,789.57,777.25,1422.4,1091.2,313.95,48.6631,0.3128,0.0,-777.25,0.0,6.8165,0.0,-777.25,0.0,6.8165,1.0,0.0,0.0,0.0,0.0
1697,789.82,798.1,1431.55,1086.0,287.9,45.4495,0.3425,0.0,-798.1,0.0,6.8165,0.0,-798.1,0.0,6.8165,1.0,0.0,0.0,0.0,0.0
1698,790.07,774.4,1432.85,1104.7,330.3,50.1633,0.2996,0.0,-774.4,0.0,6.8165,0.0,-774.4,0.0,6.8165,1.0,0.0,0.0,0.0,0.0
1699,790.31,782.25,1442.0,1091.35,309.1,46.8511,0.3293,0.0,-782.25,0.0,6.8165,0.0,-782.25,0.0,6.8165,1.0,0.0,0.0,0.0,0.0
1700,790.56,780.45,1449.4,1079.8,299.35,44.7492,0.3492,0.0,-780.45,0.0,6.8165,0.0,-780.45,0.0,6.8165,1.0,0.0,0.0,0.0,0.0
1701,790.8,784.95,1425.85,1077.3,292.35,45.6155,0.3409,0.0,-784.95,0.0,6.8165,0.0,-784.95,0.0,6.8165,1.0,0.0,0.0,0.0,0.0
1702,791.05,790.3,1434.0,1067.1,276.8,43.0014,0.3665,0.0,-790.3,0.0,6.8165,0.0,-790.3,0.0,6.8165,1.0,0.0,0.0,0.0,0.0
1703,791.3,778.1,1420.1,1076.45,298.35,46.472,0.3328,0.0,-778.1,0.0,6.8165,0.0,-778.1,0.0,6.8165,1.0,0.0,0.0,0.0,0.0
1704,791.54,783.5,1413.1,1065.4,281.9,44.7745,0.349,0.0,-783.5,0.0,6.8165,0.0,-783.5,0.0,6.8165,1.0,0.0,0.0,0.0,0.0
1705,791.79,790.85,1407.65,1058.8,267.95,43.442,0.3621,0.0,-790.85,0.0,6.8165,0.0,-790.85,0.0,6.8165,1.0,0.0,0.0,0.0,0.0
1706,792.03,777.5,1402.8,1054.65,277.15,44.3227,0.3534,0.0,-777.5,0.0,6.8165,0.0,-777.5,0.0,6.8165,1.0,0.0,0.0,0.0,0.0
1707,792.28,791.05,1371.7,1045.75,254.7,43.8646,0.3579,0.0,-791.05,0.0,6.8165,0.0,-791.05,0.0,6.8165,1.0,0.0,0.0,0.0,0.0
1708,792.53,781.15,1353.85,1035.65,254.5,44.4386,0.3522,0.0,-781.15,0.0,6.8165,0.0,-781.15,0.0,6.8165,1.0,0.0,0.0,0.0,0.0
1709,792.77,796.85,1366.85,1030.45,233.6,40.9825,0.3874,0.0,-796.85,0.0,6.8165,0.0,-796.85,0.0,6.8165,1.0,0.0,0.0,0.0,0.0
1710,793.02,782.5,1335.45,1026.8,244.3,44.1812,0.3548,0.0,-782.5,0.0,6.8165,0.0,-782.5,0.0,6.8165,1.0,0.0,0.0,0.0,0.0
1711,793.26,792.2,1331.2,1015.05,222.85,41.3451,0.3836,0.0,-792.2,0.0,6.8165,0.0,-792.2,0.0,6.8165,1.0,0.0,0.0,0.0,0.0
1712,793.51,785.55,1340.4,1014.6,229.05,41.2814,0.3842,0.0,-785.55,0.0,6.8165,0.0,-785.55,0.0,6.8165,1.0,0.0,0.0,0.0,0.0
1713,793.75,782.65,1299.7,1003.6,220.95,42.7328,0.3692,0.0,-782.65,0.0,6.8165,0.0,-782.65,0.0,6.8165,1.0,0.0,0.0,0.0,0.0
1714,794.0,796.65,1312.45,987.05,190.4,36.9135,0.4328,0.0,-796.65,0.0,6.8165,0.0,-796.65,0.0,6.8165,1.0,0.0,0.0,0.0,0.0
1715,794.24,779.6,1310.6,998.8,219.2,41.2806,0.3843,0.0,-779.6,0.0,6.8165,0.0,-779.6,0.0,6.8165,1.0,0.0,0.0,0.0,0.0
1716,794.49,780.5,1294.2,1004.1,223.6,43.5274,0.3612,0.0,-780.5,0.0,6.8165,0.0,-780.5,0.0,6.8165,1.0,0.0,0.0,0.0,0.0
1717,794.73,780.25,1273.8,989.35,209.1,42.3665,0.373,0.0,-780.25,0.0,6.8165,0.0,-780.25,0.0,6.8165,1.0,0.0,0.0,0.0,0.0
1718,794.97,783.35,1284.2,990.85,207.5,41.4296,0.3827,0.0,-783.35,0.0,6.8165,0.0,-783.35,0.0,6.8165,1.0,0.0,0.0,0.0,0.0
1719,795.22,788.0,1269.9,981.65,193.65,40.1847,0.3959,0.0,-788.0,0.0,6.8165,0.0,-788.0,0.0,6.8165,1.0,0.0,0.0,0.0,0.0
1720,795.46,793.35,1265.95,980.7,187.35,39.6424,0.4018,0.0,-793.35,0.0,6.8165,0.0,-793.35,0.0,6.8165,1.0,0.0,0.0,0.0,0.0
1721,795.71,794.15,1237.4,974.1,179.95,40.5979,0.3915,0.0,-794.15,0.0,6.8165,0.0,-794.15,0.0,6.8165,1.0,0.0,0.0,0.0,0.0
1722,795.95,790.9,1248.2,973.95,183.05,40.0284,0.3976,0.0,-790.9,0.0,6.8165,0.0,-790.9,0.0,6.8165,1.0,0.0,0.0,0.0,0.0
1723,796.19,796.85,1233.85,975.85,179.0,40.9611,0.3876,0.0,-796.85,0.0,6.8165,0.0,-796.85,0.0,6.8165,1.0,0.0,0.0,0.0,0.0
1724,796.44,789.55,1236.35,983.15,193.6,43.3303,0.3632,0.0,-789.55,0.0,6.8165,0.0,-789.55,0.0,6.8165,1.0,0.0,0.0,0.0,0.0
1725,796.68,789.05,1245.85,949.65,160.6,35.1576,0.454,0.0,-789.05,0.0,6.8165,0.0,-789.05,0.0,6.8165,1.0,0.0,0.0,0.0,0.0
1726,796.93,782.7,1228.15,969.8,187.1,42.0025,0.3767,0.0,-782.7,0.0,6.8165,0.0,-782.7,0.0,6.8165,1.0,0.0,0.0,0.0,0.0
1727,797.17,789.55,1231.45,960.8,171.25,38.7531,0.4117,0.0,-789.55,0.0,6.8165,0.0,-789.55,0.0,6.8165,1.0,0.0,0.0,0.0,0.0
1728,797.41,798.6,1239.15,955.15,156.55,35.5351,0.4493,0.0,-798.6,0.0,6.8165,0.0,-798.6,0.0,6.8165,1.0,0.0,0.0,0.0,0.0
1729,797.66,787.15,1239.9,961.95,174.8,38.6085,0.4133,0.0,-787.15,0.0,6.8165,0.0,-787.15,0.0,6.8165,1.0,0.0,0.0,0.0,0.0
1730,797.9,785.6,1231.7,954.25,168.65,37.8054,0.4224,0.0,-785.6,0.0,6.8165,0.0,-785.6,0.0,6.8165,1.0,0.0,0.0,0.0,0.0
1731,798.14,783.6,1218.8,945.65,162.05,37.2358,0.429,0.0,-783.6,0.0,6.8165,0.0,-783.6,0.0,6.8165,1.0,0.0,0.0,0.0,0.0
1732,798.39,796.55,1216.85,941.1,144.55,34.3921,0.4635,0.0,-796.55,0.0,6.8165,0.0,-796.55,0.0,6.8165,1.0,0.0,0.0,0.0,0.0
1733,798.63,783.3,1223.75,939.75,156.45,35.5205,0.4495,0.0,-783.3,0.0,6.8165,0.0,-783.3,0.0,6.8165,1.0,0.0,0.0,0.0,0.0
1734,798.87,796.65,1226.5,951.7,155.05,36.0707,0.4428,0.0,-796.65,0.0,6.8165,0.0,-796.65,0.0,6.8165,1.0,0.0,0.0,0.0,0.0
1735,799.11,790.4,1203.25,961.8,171.4,41.5163,0.3818,0.0,-790.4,0.0,6.8165,0.0,-790.4,0.0,6.8165,1.0,0.0,0.0,0.0,0.0
1736,799.36,792.75,1214.75,940.45,147.7,35.0,0.4559,0.0,-792.75,0.0,6.8165,0.0,-792.75,0.0,6.8165,1.0,0.0,0.0,0.0,0.0
1737,799.6,785.8,1203.05,921.85,136.05,32.6064,0.4867,0.0,-785.8,0.0,6.8165,0.0,-785.8,0.0,6.8165,1.0,0.0,0.0,0.0,0.0
1738,799.84,795.25,1194.5,948.2,152.95,38.3093,0.4167,0.0,-795.25,0.0,6.8165,0.0,-795.25,0.0,6.8165,1.0,0.0,0.0,0.0,0.0
1739,800.08,787.85,1185.05,928.3,140.45,35.36,0.4515,0.0,-787.85,0.0,6.8165,0.0,-787.85,0.0,6.8165,1.0,0.0,0.0,0.0,0.0
1740,800.33,794.3,1178.15,921.25,126.95,33.0728,0.4805,0.0,-794.3,0.0,6.8165,0.0,-794.3,0.0,6.8165,1.0,0.0,0.0,0.0,0.0
1741,800.57,774.65,1167.6,940.65,166.0,42.2446,0.3742,0.0,-774.65,0.0,6.8165,0.0,-774.65,0.0,6.8165,1.0,0.0,0.0,0.0,0.0
1742,800.81,797.9,1176.1,943.3,145.4,38.4453,0.4152,0.0,-797.9,0.0,6.8165,0.0,-797.9,0.0,6.8165,1.0,0.0,0.0,0.0,0.0
1743,801.05,788.6,1171.5,922.9,134.3,35.0744,0.455,0.0,-788.6,0.0,6.8165,0.0,-788.6,0.0,6.8165,1.0,0.0,0.0,0.0,0.0
1744,801.29,785.2,1159.0,939.35,154.15,41.2386,0.3847,0.0,-785.2,0.0,6.8165,0.0,-785.2,0.0,6.8165,1.0,0.0,0.0,0.0,0.0
1745,801.54,788.5,1199.95,933.6,145.1,35.2655,0.4526,0.0,-788.5,0.0,6.8165,0.0,-788.5,0.0,6.8165,1.0,0.0,0.0,0.0,0.0
1746,801.78,787.4,1168.4,933.75,146.35,38.4121,0.4155,0.0,-787.4,0.0,6.8165,0.0,-787.4,0.0,6.8165,1.0,0.0,0.0,0.0,0.0
1747,802.02,792.85,1178.7,921.35,128.5,33.3031,0.4775,0.0,-792.85,0.0,6.8165,0.0,-792.85,0.0,6.8165,1.0,0.0,0.0,0.0,0.0
1748,802.26,792.05,1164.55,917.35,125.3,33.6376,0.4732,0.0,-792.05,0.0,6.8165,0.0,-792.05,0.0,6.8165,1.0,0.0,0.0,0.0,0.0
1749,802.5,793.35,1157.7,909.9,116.55,31.9885,0.495,0.0,-793.35,0.0,6.8165,0.0,-793.35,0.0,6.8165,1.0,0.0,0.0,0.0,0.0
1750,802.74,785.2,1152.75,910.2,125.0,34.009,0.4684,0.0,-785.2,0.0,6.8165,0.0,-785.2,0.0,6.8165,1.0,0.0,0.0,0.0,0.0
1751,802.98,786.05,1168.05,924.3,138.25,36.1911,0.4414,0.0,-786.05,0.0,6.8165,0.0,-786.05,0.0,6.8165,1.0,0.0,0.0,0.0,0.0
1752,803.22,795.1,1149.8,914.2,119.1,33.5777,0.4739,0.0,-795.1,0.0,6.8165,0.0,-795.1,0.0,6.8165,1.0,0.0,0.0,0.0,0.0
1753,803.47,792.25,1142.4,922.0,129.75,37.0555,0.4311,0.0,-792.25,0.0,6.8165,0.0,-792.25,0.0,6.8165,1.0,0.0,0.0,0.0,0.0
1754,803.71,787.05,1138.35,911.5,124.45,35.4256,0.4507,0.0,-787.05,0.0,6.8165,0.0,-787.05,0.0,6.8165,1.0,0.0,0.0,0.0,0.0
1755,803.95,793.55,1152.9,898.95,105.4,29.3307,0.5327,0.0,-793.55,0.0,6.8165,0.0,-793.55,0.0,6.8165,1.0,0.0,0.0,0.0,0.0
1756,804.19,782.4,1145.3,918.55,136.15,37.5172,0.4258,0.0,-782.4,0.0,6.8165,0.0,-782.4,0.0,6.8165,1.0,0.0,0.0,0.0,0.0
1757,804.43,778.9,1160.35,913.3,134.4,35.234,0.453,0.0,-778.9,0.0,6.8165,0.0,-778.9,0.0,6.8165,1.0,0.0,0.0,0.0,0.0
1758,804.67,796.85,1155.5,913.7,116.85,32.5805,0.487,0.0,-796.85,0.0,6.8165,0.0,-796.85,0.0,6.8165,1.0,0.0,0.0,0.0,0.0
1759,804.91,784.0,1141.45,907.7,123.7,34.6062,0.4608,0.0,-784.0,0.0,6.8165,0.0,-784.0,0.0,6.8165,1.0,0.0,0.0,0.0,0.0
1760,805.15,796.6,1133.35,896.5,99.9,29.6659,0.5277,0.0,-796.6,0.0,6.8165,0.0,-796.6,0.0,6.8165,1.0,0.0,0.0,0.0,0.0
1761,805.39,793.45,1143.2,895.25,101.8,29.1065,0.536,0.0,-793.45,0.0,6.8165,0.0,-793.45,0.0,6.8165,1.0,0.0,0.0,0.0,0.0
1762,805.63,782.9,1135.8,902.8,119.9,33.9756,0.4688,0.0,-782.9,0.0,6.8165,0.0,-782.9,0.0,6.8165,1.0,0.0,0.0,0.0,0.0
1763,805.87,786.1,1126.65,903.1,117.0,34.3562,0.464,0.0,-786.1,0.0,6.8165,0.0,-786.1,0.0,6.8165,1.0,0.0,0.0,0.0,0.0
1764,806.11,782.7,1132.35,903.5,120.8,34.5488,0.4616,0.0,-782.7,0.0,6.8165,0.0,-782.7,0.0,6.8165,1.0,0.0,0.0,0.0,0.0
1765,806.35,799.4,1144.7,883.75,84.35,24.428,0.6121,0.0,-799.4,0.0,6.8165,0.0,-799.4,0.0,6.8165,1.0,0.0,0.0,0.0,0.0
1766,806.59,793.4,1130.25,885.95,92.55,27.4751,0.5611,0.0,-793.4,0.0,6.8165,0.0,-793.4,0.0,6.8165,1.0,0.0,0.0,0.0,0.0
1767,806.83,786.7,1131.05,901.75,115.05,33.4108,0.4761,0.0,-786.7,0.0,6.8165,0.0,-786.7,0.0,6.8165,1.0,0.0,0.0,0.0,0.0
1768,807.07,789.6,1119.9,890.45,100.85,30.5328,0.5152,0.0,-789.6,0.0,6.8165,0.0,-789.6,0.0,6.8165,1.0,0.0,0.0,0.0,0.0
1769,807.31,796.3,1155.25,904.6,108.3,30.1713,0.5204,0.0,-796.3,0.0,6.8165,0.0,-796.3,0.0,6.8165,1.0,0.0,0.0,0.0,0.0
1770,807.54,787.85,1130.5,889.1,101.25,29.5491,0.5295,0.0,-787.85,0.0,6.8165,0.0,-787.85,0.0,6.8165,1.0,0.0,0.0,0.0,0.0
1771,807.78,787.0,1114.05,883.0,96.0,29.3533,0.5323,0.0,-787.0,0.0,6.8165,0.0,-787.0,0.0,6.8165,1.0,0.0,0.0,0.0,0.0
1772,808.02,802.75,1127.45,888.35,85.6,26.3628,0.579,0.0,-802.75,0.0,6.8165,0.0,-802.75,0.0,6.8165,1.0,0.0,0.0,0.0,0.0
1773,808.26,802.1,1130.55,891.35,89.25,27.1731,0.5659,0.0,-802.1,0.0,6.8165,0.0,-802.1,0.0,6.8165,1.0,0.0,0.0,0.0,0.0
1774,808.5,803.55,1136.1,897.25,93.7,28.1762,0.5501,0.0,-803.55,0.0,6.8165,0.0,-803.55,0.0,6.8165,1.0,0.0,0.0,0.0,0.0
1775,808.74,785.7,1132.85,908.3,122.6,35.3161,0.452,0.0,-785.7,0.0,6.8165,0.0,-785.7,0.0,6.8165,1.0,0.0,0.0,0.0,0.0
1776,808.98,781.55,1136.5,880.0,98.45,27.7363,0.557,0.0,-781.55,0.0,6.8165,0.0,-781.55,0.0,6.8165,1.0,0.0,0.0,0.0,0.0
1777,809.22,788.1,1107.8,888.65,100.55,31.4514,0.5024,0.0,-788.1,0.0,6.8165,0.0,-788.1,0.0,6.8165,1.0,0.0,0.0,0.0,0.0
1778,809.45,789.6,1116.1,892.05,102.45,31.3783,0.5034,0.0,-789.6,0.0,6.8165,0.0,-789.6,0.0,6.8165,1.0,0.0,0.0,0.0,0.0
1779,809.69,793.25,1151.6,903.0,109.75,30.6265,0.5139,0.0,-793.25,0.0,6.8165,0.0,-793.25,0.0,6.8165,1.0,0.0,0.0,0.0,0.0
1780,809.93,786.3,1141.35,895.2,108.9,30.6717,0.5133,0.0,-786.3,0.0,6.8165,0.0,-786.3,0.0,6.8165,1.0,0.0,0.0,0.0,0.0
1781,810.17,774.45,1144.15,885.05,110.6,29.9161,0.5241,0.0,-774.45,0.0,6.8165,0.0,-774.45,0.0,6.8165,1.0,0.0,0.0,0.0,0.0
1782,810.41,784.65,1126.25,890.4,105.75,30.9573,0.5092,0.0,-784.65,0.0,6.8165,0.0,-784.65,0.0,6.8165,1.0,0.0,0.0,0.0,0.0
1783,810.64,788.5,1123.4,888.7,100.2,29.9194,0.524,0.0,-788.5,0.0,6.8165,0.0,-788.5,0.0,6.8165,1.0,0.0,0.0,0.0,0.0
1784,810.88,790.6,1151.15,892.85,102.25,28.3595,0.5473,0.0,-790.6,0.0,6.8165,0.0,-790.6,0.0,6.8165,1.0,0.0,0.0,0.0,0.0
1785,811.12,799.4,1141.05,878.6,79.2,23.1816,0.6349,0.0,-799.4,0.0,6.8165,0.0,-799.4,0.0,6.8165,1.0,0.0,0.0,0.0,0.0
1786,811.36,783.85,1129.6,889.1,105.25,30.4411,0.5165,0.0,-783.85,0.0,6.8165,0.0,-783.85,0.0,6.8165,1.0,0.0,0.0,0.0,0.0
1787,811.59,776.9,1142.25,881.15,104.25,28.5343,0.5446,0.0,-776.9,0.0,6.8165,0.0,-776.9,0.0,6.8165,1.0,0.0,0.0,0.0,0.0
1788,811.83,774.05,1133.35,892.45,118.4,32.953,0.4821,0.0,-774.05,0.0,6.8165,0.0,-774.05,0.0,6.8165,1.0,0.0,0.0,0.0,0.0
1789,812.07,785.2,1137.5,870.05,84.85,24.0846,0.6183,0.0,-785.2,0.0,6.8165,0.0,-785.2,0.0,6.8165,1.0,0.0,0.0,0.0,0.0
1790,812.31,776.7,1151.5,891.9,115.2,30.7364,0.5123,0.0,-776.7,0.0,6.8165,0.0,-776.7,0.0,6.8165,1.0,0.0,0.0,0.0,0.0
1791,812.54,780.95,1143.6,897.25,116.3,32.0695,0.4939,0.0,-780.95,0.0,6.8165,0.0,-780.95,0.0,6.8165,1.0,0.0,0.0,0.0,0.0
1792,812.78,788.1,1159.2,885.0,96.9,26.1116,0.5832,0.0,-788.1,0.0,6.8165,0.0,-788.1,0.0,6.8165,1.0,0.0,0.0,0.0,0.0
1793,813.02,783.6,1164.55,883.35,99.75,26.1845,0.582,0.0,-783.6,0.0,6.8165,0.0,-783.6,0.0,6.8165,1.0,0.0,0.0,0.0,0.0
1794,813.25,778.45,1156.2,899.5,121.05,32.045,0.4942,0.0,-778.45,0.0,6.8165,0.0,-778.45,0.0,6.8165,1.0,0.0,0.0,0.0,0.0
1795,813.49,773.45,1162.8,885.75,112.3,28.8429,0.54,0.0,-773.45,0.0,6.8165,0.0,-773.45,0.0,6.8165,1.0,0.0,0.0,0.0,0.0
1796,813.73,792.6,1151.25,903.2,110.6,30.8379,0.5109,0.0,-792.6,0.0,6.8165,0.0,-792.6,0.0,6.8165,1.0,0.0,0.0,0.0,0.0
1797,813.96,782.2,1164.75,897.3,115.1,30.0876,0.5216,0.0,-782.2,0.0,6.8165,0.0,-782.2,0.0,6.8165,1.0,0.0,0.0,0.0,0.0
1798,814.2,781.9,1162.25,907.05,125.15,32.9039,0.4828,0.0,-781.9,0.0,6.8165,0.0,-781.9,0.0,6.8165,1.0,0.0,0.0,0.0,0.0
1799,814.44,783.6,1161.95,881.05,97.45,25.7566,0.5891,0.0,-783.6,0.0,6.8165,0.0,-783.6,0.0,6.8165,1.0,0.0,0.0,0.0,0.0
1800,814.67,785.1,1164.3,887.15,102.05,26.9119,0.5701,0.0,-785.1,0.0,6.8165,0.0,-785.1,0.0,6.8165,1.0,0.0,0.0,0.0,0.0
1801,814.91,773.65,1174.9,883.6,109.95,27.4019,0.5622,0.0,-773.65,0.0,6.8165,0.0,-773.65,0.0,6.8165,1.0,0.0,0.0,0.0,0.0
1802,815.14,781.3,1180.05,887.55,106.25,26.6458,0.5744,0.0,-781.3,0.0,6.8165,0.0,-781.3,0.0,6.8165,1.0,0.0,0.0,0.0,0.0
1803,815.38,783.5,1173.75,895.2,111.7,28.6227,0.5433,0.0,-783.5,0.0,6.8165,0.0,-783.5,0.0,6.8165,1.0,0.0,0.0,0.0,0.0
1804,815.61,788.05,1177.65,910.1,122.05,31.327,0.5041,0.0,-788.05,0.0,6.8165,0.0,-788.05,0.0,6.8165,1.0,0.0,0.0,0.0,0.0
1805,815.85,792.2,1174.5,886.75,94.55,24.7319,0.6067,0.0,-792.2,0.0,6.8165,0.0,-792.2,0.0,6.8165,1.0,0.0,0.0,0.0,0.0
1806,816.09,776.2,1165.6,889.5,113.3,29.096,0.5362,0.0,-776.2,0.0,6.8165,0.0,-776.2,0.0,6.8165,1.0,0.0,0.0,0.0,0.0
1807,816.32,779.3,1181.7,891.15,111.85,27.7957,0.556,0.0,-779.3,0.0,6.8165,0.0,-779.3,0.0,6.8165,1.0,0.0,0.0,0.0,0.0
1808,816.56,786.3,1175.55,890.55,104.25,26.7823,0.5722,0.0,-786.3,0.0,6.8165,0.0,-786.3,0.0,6.8165,1.0,0.0,0.0,0.0,0.0
1809,816.79,791.85,1188.9,908.4,116.55,29.354,0.5323,0.0,-791.85,0.0,6.8165,0.0,-791.85,0.0,6.8165,1.0,0.0,0.0,0.0,0.0
1810,817.03,784.35,1189.0,906.45,122.1,30.1742,0.5204,0.0,-784.35,0.0,6.8165,0.0,-784.35,0.0,6.8165,1.0,0.0,0.0,0.0,0.0
1811,817.26,803.2,1184.35,899.65,96.45,25.305,0.5968,0.0,-803.2,0.0,6.8165,0.0,-803.2,0.0,6.8165,1.0,0.0,0.0,0.0,0.0
1812,817.5,773.55,1188.65,899.15,125.6,30.2578,0.5192,0.0,-773.55,0.0,6.8165,0.0,-773.55,0.0,6.8165,1.0,0.0,0.0,0.0,0.0
1813,817.73,784.65,1192.65,886.15,101.5,24.8775,0.6042,0.0,-784.65,0.0,6.8165,0.0,-784.65,0.0,6.8165,1.0,0.0,0.0,0.0,0.0
1814,817.97,782.55,1196.55,901.1,118.55,28.6353,0.5431,0.0,-782.55,0.0,6.8165,0.0,-782.55,0.0,6.8165,1.0,0.0,0.0,0.0,0.0
1815,818.2,798.15,1202.8,883.4,85.25,21.0676,0.6764,0.0,-798.15,0.0,6.8165,0.0,-798.15,0.0,6.8165,1.0,0.0,0.0,0.0,0.0
1816,818.43,779.65,1196.9,906.2,126.55,30.3295,0.5181,0.0,-779.65,0.0,6.8165,0.0,-779.65,0.0,6.8165,1.0,0.0,0.0,0.0,0.0
1817,818.67,790.35,1213.1,892.0,101.65,24.0449,0.619,0.0,-790.35,0.0,6.8165,0.0,-790.35,0.0,6.8165,1.0,0.0,0.0,0.0,0.0
1818,818.9,793.75,1188.7,900.45,106.7,27.0161,0.5684,0.0,-793.75,0.0,6.8165,0.0,-793.75,0.0,6.8165,1.0,0.0,0.0,0.0,0.0
1819,819.14,788.9,1204.55,907.15,118.25,28.4494,0.5459,0.0,-788.9,0.0,6.8165,0.0,-788.9,0.0,6.8165,1.0,0.0,0.0,0.0,0.0
1820,819.37,778.8,1201.25,920.1,141.3,33.4477,0.4756,0.0,-778.8,0.0,6.8165,0.0,-778.8,0.0,6.8165,1.0,0.0,0.0,0.0,0.0
1821,819.61,786.75,1223.95,905.35,118.6,27.1272,0.5666,0.0,-786.75,0.0,6.8165,0.0,-786.75,0.0,6.8165,1.0,0.0,0.0,0.0,0.0
1822,819.84,790.75,1221.15,907.35,116.6,27.0911,0.5672,0.0,-790.75,0.0,6.8165,0.0,-790.75,0.0,6.8165,1.0,0.0,0.0,0.0,0.0
1823,820.07,788.85,1212.85,911.4,122.55,28.9033,0.5391,0.0,-788.85,0.0,6.8165,0.0,-788.85,0.0,6.8165,1.0,0.0,0.0,0.0,0.0
1824,820.31,788.25,1237.45,908.9,120.65,26.8589,0.5709,0.0,-788.25,0.0,6.8165,0.0,-788.25,0.0,6.8165,1.0,0.0,0.0,0.0,0.0
1825,820.54,783.2,1218.2,918.65,135.45,31.1379,0.5067,0.0,-783.2,0.0,6.8165,0.0,-783.2,0.0,6.8165,1.0,0.0,0.0,0.0,0.0
1826,820.77,785.85,1229.85,936.7,150.85,33.9752,0.4688,0.0,-785.85,0.0,6.8165,0.0,-785.85,0.0,6.8165,1.0,0.0,0.0,0.0,0.0
1827,821.01,785.7,1255.55,932.55,146.85,31.2547,0.5051,0.0,-785.7,0.0,6.8165,0.0,-785.7,0.0,6.8165,1.0,0.0,0.0,0.0,0.0
1828,821.24,780.05,1259.1,940.65,160.6,33.5247,0.4746,0.0,-780.05,0.0,6.8165,0.0,-780.05,0.0,6.8165,1.0,0.0,0.0,0.0,0.0
1829,821.47,795.75,1259.6,937.65,141.9,30.5918,0.5144,0.0,-795.75,0.0,6.8165,0.0,-795.75,0.0,6.8165,1.0,0.0,0.0,0.0,0.0
1830,821.71,785.1,1274.65,953.3,168.2,34.3581,0.464,0.0,-785.1,0.0,6.8165,0.0,-785.1,0.0,6.8165,1.0,0.0,0.0,0.0,0.0
1831,821.94,779.7,1298.6,970.0,190.3,36.6737,0.4356,0.0,-779.7,0.0,6.8165,0.0,-779.7,0.0,6.8165,1.0,0.0,0.0,0.0,0.0
1832,822.17,782.75,1310.95,982.05,199.3,37.7319,0.4233,0.0,-782.75,0.0,6.8165,0.0,-782.75,0.0,6.8165,1.0,0.0,0.0,0.0,0.0
1833,822.4,786.7,1331.8,1002.4,215.7,39.5707,0.4026,0.0,-786.7,0.0,6.8165,0.0,-786.7,0.0,6.8165,1.0,0.0,0.0,0.0,0.0
1834,822.64,794.5,1361.65,1010.0,215.5,37.997,0.4203,0.0,-794.5,0.0,6.8165,0.0,-794.5,0.0,6.8165,1.0,0.0,0.0,0.0,0.0
1835,822.87,798.45,1381.15,1044.0,245.55,42.14,0.3753,0.0,-798.45,0.0,6.8165,0.0,-798.45,0.0,6.8165,1.0,0.0,0.0,0.0,0.0
1836,823.1,795.1,1435.7,1065.4,270.3,42.1948,0.3747,0.0,-795.1,0.0,6.8165,0.0,-795.1,0.0,6.8165,1.0,0.0,0.0,0.0,0.0
1837,823.33,787.7,1469.75,1101.65,313.95,46.0303,0.337,0.0,-787.7,0.0,6.8165,0.0,-787.7,0.0,6.8165,1.0,0.0,0.0,0.0,0.0
1838,823.57,799.3,1525.55,1127.35,328.05,45.1704,0.3451,0.0,-799.3,0.0,6.8165,0.0,-799.3,0.0,6.8165,1.0,0.0,0.0,0.0,0.0
1839,823.8,799.05,1576.85,1165.15,366.1,47.0687,0.3273,0.0,-799.05,0.0,6.8165,0.0,-799.05,0.0,6.8165,1.0,0.0,0.0,0.0,0.0
1840,824.03,792.15,1630.25,1202.85,410.7,49.0037,0.3098,0.0,-792.15,0.0,6.8165,0.0,-792.15,0.0,6.8165,1.0,0.0,0.0,0.0,0.0
1841,824.26,781.75,1686.05,1207.3,425.55,47.0585,0.3274,0.0,-781.75,0.0,6.8165,0.0,-781.75,0.0,6.8165,1.0,0.0,0.0,0.0,0.0
1842,824.49,775.0,1711.1,1226.1,451.1,48.1893,0.317,0.0,-775.0,0.0,6.8165,0.0,-775.0,0.0,6.8165,1.0,0.0,0.0,0.0,0.0
1843,824.73,774.15,1754.3,1223.0,448.85,45.794,0.3392,0.0,-774.15,0.0,6.8165,0.0,-774.15,0.0,6.8165,1.0,0.0,0.0,0.0,0.0
1844,824.96,786.55,1769.05,1217.25,430.7,43.8372,0.3582,0.0,-786.55,0.0,6.8165,0.0,-786.55,0.0,6.8165,1.0,0.0,0.0,0.0,0.0
1845,825.19,780.4,1789.8,1179.8,399.4,39.5681,0.4027,0.0,-780.4,0.0,6.8165,0.0,-780.4,0.0,6.8165,1.0,0.0,0.0,0.0,0.0
1846,825.42,776.7,1766.05,1158.85,382.15,38.6264,0.4131,0.0,-776.7,0.0,6.8165,0.0,-776.7,0.0,6.8165,1.0,0.0,0.0,0.0,0.0
1847,825.65,780.0,1748.65,1145.65,365.65,37.7484,0.4231,0.0,-780.0,0.0,6.8165,0.0,-780.0,0.0,6.8165,1.0,0.0,0.0,0.0,0.0
1848,825.88,779.75,1693.65,1130.15,350.4,38.3412,0.4163,0.0,-779.75,0.0,6.8165,0.0,-779.75,0.0,6.8165,1.0,0.0,0.0,0.0,0.0
1849,826.11,787.35,1666.0,1106.7,319.35,36.3455,0.4395,0.0,-787.35,0.0,6.8165,0.0,-787.35,0.0,6.8165,1.0,0.0,0.0,0.0,0.0
1850,826.34,793.75,1636.8,1101.9,308.15,36.5518,0.4371,0.0,-793.75,0.0,6.8165,0.0,-793.75,0.0,6.8165,1.0,0.0,0.0,0.0,0.0
1851,826.57,799.2,1579.5,1093.8,294.6,37.7547,0.423,0.0,-799.2,0.0,6.8165,0.0,-799.2,0.0,6.8165,1.0,0.0,0.0,0.0,0.0
1852,826.81,789.35,1558.85,1056.25,266.9,34.6849,0.4599,0.0,-789.35,0.0,6.8165,0.0,-789.35,0.0,6.8165,1.0,0.0,0.0,0.0,0.0
1853,827.04,780.1,1536.05,1052.0,271.9,35.968,0.4441,0.0,-780.1,0.0,6.8165,0.0,-780.1,0.0,6.8165,1.0,0.0,0.0,0.0,0.0
1854,827.27,775.05,1515.4,1057.55,282.5,38.1576,0.4184,0.0,-775.05,0.0,6.8165,0.0,-775.05,0.0,6.8165,1.0,0.0,0.0,0.0,0.0
1855,827.5,782.75,1503.65,1050.45,267.7,37.1341,0.4302,0.0,-782.75,0.0,6.8165,0.0,-782.75,0.0,6.8165,1.0,0.0,0.0,0.0,0.0
1856,827.73,784.95,1477.8,1030.65,245.7,35.4622,0.4502,0.0,-784.95,0.0,6.8165,0.0,-784.95,0.0,6.8165,1.0,0.0,0.0,0.0,0.0
1857,827.96,797.05,1461.0,1037.0,239.95,36.1398,0.442,0.0,-797.05,0.0,6.8165,0.0,-797.05,0.0,6.8165,1.0,0.0,0.0,0.0,0.0
1858,828.19,779.8,1483.3,1053.3,273.5,38.877,0.4103,0.0,-779.8,0.0,6.8165,0.0,-779.8,0.0,6.8165,1.0,0.0,0.0,0.0,0.0
1859,828.42,781.75,1469.75,1053.45,271.7,39.4913,0.4035,0.0,-781.75,0.0,6.8165,0.0,-781.75,0.0,6.8165,1.0,0.0,0.0,0.0,0.0
1860,828.65,799.4,1501.1,1081.05,281.65,40.1382,0.3964,0.0,-799.4,0.0,6.8165,0.0,-799.4,0.0,6.8165,1.0,0.0,0.0,0.0,0.0
1861,828.88,792.0,1516.25,1095.65,303.65,41.9261,0.3775,0.0,-792.0,0.0,6.8165,0.0,-792.0,0.0,6.8165,1.0,0.0,0.0,0.0,0.0
1862,829.11,781.95,1521.55,1093.05,311.1,42.0633,0.3761,0.0,-781.95,0.0,6.8165,0.0,-781.95,0.0,6.8165,1.0,0.0,0.0,0.0,0.0
1863,829.34,795.2,1533.95,1070.9,275.7,37.3198,0.4281,0.0,-795.2,0.0,6.8165,0.0,-795.2,0.0,6.8165,1.0,0.0,0.0,0.0,0.0
1864,829.57,787.75,1516.35,1073.3,285.55,39.1916,0.4068,0.0,-787.75,0.0,6.8165,0.0,-787.75,0.0,6.8165,1.0,0.0,0.0,0.0,0.0
1865,829.8,776.4,1504.55,1038.25,261.85,35.961,0.4442,0.0,-776.4,0.0,6.8165,0.0,-776.4,0.0,6.8165,1.0,0.0,0.0,0.0,0.0
1866,830.03,785.55,1500.35,1053.95,268.4,37.549,0.4254,0.0,-785.55,0.0,6.8165,0.0,-785.55,0.0,6.8165,1.0,0.0,0.0,0.0,0.0
1867,830.25,770.6,1471.05,1029.3,258.7,36.9334,0.4326,0.0,-770.6,0.0,6.8165,0.0,-770.6,0.0,6.8165,1.0,0.0,0.0,0.0,0.0
1868,830.48,791.4,1468.05,1006.3,214.9,31.7594,0.4981,0.0,-791.4,0.0,6.8165,0.0,-791.4,0.0,6.8165,1.0,0.0,0.0,0.0,0.0
1869,830.71,795.75,1438.25,985.55,189.8,29.5409,0.5296,0.0,-795.75,0.0,6.8165,0.0,-795.75,0.0,6.8165,1.0,0.0,0.0,0.0,0.0
1870,830.94,783.2,1393.1,971.2,188.0,30.8247,0.5111,0.0,-783.2,0.0,6.8165,0.0,-783.2,0.0,6.8165,1.0,0.0,0.0,0.0,0.0
1871,831.17,771.85,1362.55,964.25,192.4,32.5715,0.4872,0.0,-771.85,0.0,6.8165,0.0,-771.85,0.0,6.8165,1.0,0.0,0.0,0.0,0.0
1872,831.4,780.1,1350.05,954.3,174.2,30.5641,0.5148,0.0,-780.1,0.0,6.8165,0.0,-780.1,0.0,6.8165,1.0,0.0,0.0,0.0,0.0
1873,831.63,794.5,1335.0,958.65,164.15,30.37,0.5176,0.0,-794.5,0.0,6.8165,0.0,-794.5,0.0,6.8165,1.0,0.0,0.0,0.0,0.0
1874,831.86,786.6,1303.25,932.8,146.2,28.2977,0.5482,0.0,-786.6,0.0,6.8165,0.0,-786.6,0.0,6.8165,1.0,0.0,0.0,0.0,0.0
1875,832.08,774.6,1266.55,932.35,157.75,32.0663,0.494,0.0,-774.6,0.0,6.8165,0.0,-774.6,0.0,6.8165,1.0,0.0,0.0,0.0,0.0
1876,832.31,789.3,1248.05,929.7,140.4,30.6049,0.5142,0.0,-789.3,0.0,6.8165,0.0,-789.3,0.0,6.8165,1.0,0.0,0.0,0.0,0.0
1877,832.54,787.4,1256.4,921.25,133.85,28.5394,0.5446,0.0,-787.4,0.0,6.8165,0.0,-787.4,0.0,6.8165,1.0,0.0,0.0,0.0,0.0
1878,832.77,782.95,1248.4,912.85,129.9,27.9085,0.5543,0.0,-782.95,0.0,6.8165,0.0,-782.95,0.0,6.8165,1.0,0.0,0.0,0.0,0.0
1879,833.0,778.5,1251.0,947.95,169.45,35.8624,0.4454,0.0,-778.5,0.0,6.8165,0.0,-778.5,0.0,6.8165,1.0,0.0,0.0,0.0,0.0
1880,833.22,770.5,1257.55,914.55,144.05,29.576,0.5291,0.0,-770.5,0.0,6.8165,0.0,-770.5,0.0,6.8165,1.0,0.0,0.0,0.0,0.0
1881,833.45,781.35,1247.55,929.15,147.8,31.7031,0.4989,0.0,-781.35,0.0,6.8165,0.0,-781.35,0.0,6.8165,1.0,0.0,0.0,0.0,0.0
1882,833.68,780.15,1248.25,922.9,142.75,30.4956,0.5158,0.0,-780.15,0.0,6.8165,0.0,-780.15,0.0,6.8165,1.0,0.0,0.0,0.0,0.0
1883,833.91,782.65,1239.75,934.35,151.7,33.1875,0.479,0.0,-782.65,0.0,6.8165,0.0,-782.65,0.0,6.8165,1.0,0.0,0.0,0.0,0.0
1884,834.13,785.8,1241.7,923.85,138.05,30.2808,0.5188,0.0,-785.8,0.0,6.8165,0.0,-785.8,0.0,6.8165,1.0,0.0,0.0,0.0,0.0
1885,834.36,791.55,1238.2,914.95,123.4,27.6279,0.5587,0.0,-791.55,0.0,6.8165,0.0,-791.55,0.0,6.8165,1.0,0.0,0.0,0.0,0.0
1886,834.59,806.15,1245.45,921.75,115.6,26.3146,0.5798,0.0,-806.15,0.0,6.8165,0.0,-806.15,0.0,6.8165,1.0,0.0,0.0,0.0,0.0
1887,834.82,794.35,1252.8,961.2,166.85,36.3944,0.439,0.0,-794.35,0.0,6.8165,0.0,-794.35,0.0,6.8165,1.0,0.0,0.0,0.0,0.0
1888,835.04,780.15,1269.3,952.8,172.65,35.2959,0.4523,0.0,-780.15,0.0,6.8165,0.0,-780.15,0.0,6.8165,1.0,0.0,0.0,0.0,0.0
1889,835.27,785.5,1279.1,965.65,180.15,36.4972,0.4377,0.0,-785.5,0.0,6.8165,0.0,-785.5,0.0,6.8165,1.0,0.0,0.0,0.0,0.0
1890,835.5,782.95,1308.1,976.4,193.45,36.8371,0.4337,0.0,-782.95,0.0,6.8165,0.0,-782.95,0.0,6.8165,1.0,0.0,0.0,0.0,0.0
1891,835.72,796.55,1314.6,985.6,189.05,36.4926,0.4378,0.0,-796.55,0.0,6.8165,0.0,-796.55,0.0,6.8165,1.0,0.0,0.0,0.0,0.0
1892,835.95,780.3,1339.85,982.7,202.4,36.1719,0.4416,0.0,-780.3,0.0,6.8165,0.0,-780.3,0.0,6.8165,1.0,0.0,0.0,0.0,0.0
1893,836.18,781.05,1334.0,956.95,175.9,31.8112,0.4974,0.0,-781.05,0.0,6.8165,0.0,-781.05,0.0,6.8165,1.0,0.0,0.0,0.0,0.0
1894,836.4,788.4,1318.6,949.2,160.8,30.3282,0.5182,0.0,-788.4,0.0,6.8165,0.0,-788.4,0.0,6.8165,1.0,0.0,0.0,0.0,0.0
1895,836.63,784.3,1318.9,947.15,162.85,30.462,0.5162,0.0,-784.3,0.0,6.8165,0.0,-784.3,0.0,6.8165,1.0,0.0,0.0,0.0,0.0
1896,836.86,782.6,1337.15,957.05,174.45,31.4579,0.5023,0.0,-782.6,0.0,6.8165,0.0,-782.6,0.0,6.8165,1.0,0.0,0.0,0.0,0.0
1897,837.08,796.15,1305.85,948.35,152.2,29.8607,0.5249,0.0,-796.15,0.0,6.8165,0.0,-796.15,0.0,6.8165,1.0,0.0,0.0,0.0,0.0
1898,837.31,788.4,1293.15,917.9,129.5,25.6563,0.5908,0.0,-788.4,0.0,6.8165,0.0,-788.4,0.0,6.8165,1.0,0.0,0.0,0.0,0.0
1899,837.53,782.25,1287.2,925.3,143.05,28.3295,0.5478,0.0,-782.25,0.0,6.8165,0.0,-782.25,0.0,6.8165,1.0,0.0,0.0,0.0,0.0
1900,837.76,780.9,1251.1,909.65,128.75,27.382,0.5625,0.0,-780.9,0.0,6.8165,0.0,-780.9,0.0,6.8165,1.0,0.0,0.0,0.0,0.0
1901,837.99,778.15,1240.5,917.5,139.35,30.1395,0.5209,0.0,-778.15,0.0,6.8165,0.0,-778.15,0.0,6.8165,1.0,0.0,0.0,0.0,0.0
1902,838.21,795.25,1253.15,912.05,116.8,25.5078,0.5933,0.0,-795.25,0.0,6.8165,0.0,-795.25,0.0,6.8165,1.0,0.0,0.0,0.0,0.0
1903,838.44,790.7,1220.0,903.2,112.5,26.2055,0.5816,0.0,-790.7,0.0,6.8165,0.0,-790.7,0.0,6.8165,1.0,0.0,0.0,0.0,0.0
1904,838.66,795.05,1213.45,896.85,101.8,24.3308,0.6138,0.0,-795.05,0.0,6.8165,0.0,-795.05,0.0,6.8165,1.0,0.0,0.0,0.0,0.0
1905,838.89,781.25,1201.8,896.5,115.25,27.4046,0.5622,0.0,-781.25,0.0,6.8165,0.0,-781.25,0.0,6.8165,1.0,0.0,0.0,0.0,0.0
1906,839.11,783.75,1209.95,898.9,115.15,27.0178,0.5683,0.0,-783.75,0.0,6.8165,0.0,-783.75,0.0,6.8165,1.0,0.0,0.0,0.0,0.0
1907,839.34,792.95,1202.4,889.0,96.05,23.4583,0.6297,0.0,-792.95,0.0,6.8165,0.0,-792.95,0.0,6.8165,1.0,0.0,0.0,0.0,0.0
1908,839.56,779.55,1212.05,886.7,107.15,24.7746,0.606,0.0,-779.55,0.0,6.8165,0.0,-779.55,0.0,6.8165,1.0,0.0,0.0,0.0,0.0
1909,839.79,789.95,1204.25,891.95,102.0,24.6198,0.6087,0.0,-789.95,0.0,6.8165,0.0,-789.95,0.0,6.8165,1.0,0.0,0.0,0.0,0.0
1910,840.01,782.35,1188.8,887.6,105.25,25.8949,0.5868,0.0,-782.35,0.0,6.8165,0.0,-782.35,0.0,6.8165,1.0,0.0,0.0,0.0,0.0
1911,840.24,796.25,1187.55,881.9,85.65,21.8886,0.6598,0.0,-796.25,0.0,6.8165,0.0,-796.25,0.0,6.8165,1.0,0.0,0.0,0.0,0.0
1912,840.46,786.65,1199.15,885.2,98.55,23.8909,0.6218,0.0,-786.65,0.0,6.8165,0.0,-786.65,0.0,6.8165,1.0,0.0,0.0,0.0,0.0
1913,840.69,785.1,1194.5,900.8,115.7,28.2609,0.5488,0.0,-785.1,0.0,6.8165,0.0,-785.1,0.0,6.8165,1.0,0.0,0.0,0.0,0.0
1914,840.91,798.15,1182.55,894.75,96.6,25.1301,0.5998,0.0,-798.15,0.0,6.8165,0.0,-798.15,0.0,6.8165,1.0,0.0,0.0,0.0,0.0
1915,841.13,794.2,1173.3,907.2,113.0,29.8074,0.5257,0.0,-794.2,0.0,6.8165,0.0,-794.2,0.0,6.8165,1.0,0.0,0.0,0.0,0.0
1916,841.36,788.25,1187.35,867.4,79.15,19.8321,0.7026,0.0,-788.25,0.0,6.8165,0.0,-788.25,0.0,6.8165,1.0,0.0,0.0,0.0,0.0
1917,841.58,780.0,1189.4,897.95,117.95,28.8105,0.5404,0.0,-780.0,0.0,6.8165,0.0,-780.0,0.0,6.8165,1.0,0.0,0.0,0.0,0.0
1918,841.81,781.95,1184.2,895.25,113.3,28.1666,0.5503,0.0,-781.95,0.0,6.8165,0.0,-781.95,0.0,6.8165,1.0,0.0,0.0,0.0,0.0
1919,842.03,786.85,1190.7,907.25,120.4,29.813,0.5256,0.0,-786.85,0.0,6.8165,0.0,-786.85,0.0,6.8165,1.0,0.0,0.0,0.0,0.0
1920,842.25,795.6,1204.35,929.8,134.2,32.8318,0.4837,0.0,-795.6,0.0,6.8165,0.0,-795.6,0.0,6.8165,1.0,0.0,0.0,0.0,0.0
1921,842.48,795.35,1199.65,914.7,119.35,29.5202,0.5299,0.0,-795.35,0.0,6.8165,0.0,-795.35,0.0,6.8165,1.0,0.0,0.0,0.0,0.0
1922,842.7,780.4,1220.25,896.45,116.05,26.384,0.5787,0.0,-780.4,0.0,6.8165,0.0,-780.4,0.0,6.8165,1.0,0.0,0.0,0.0,0.0
1923,842.92,792.85,1212.25,901.55,108.7,25.918,0.5864,0.0,-792.85,0.0,6.8165,0.0,-792.85,0.0,6.8165,1.0,0.0,0.0,0.0,0.0
1924,843.15,800.85,1213.65,900.6,99.75,24.1642,0.6168,0.0,-800.85,0.0,6.8165,0.0,-800.85,0.0,6.8165,1.0,0.0,0.0,0.0,0.0
1925,843.37,793.65,1199.75,896.75,103.1,25.3878,0.5954,0.0,-793.65,0.0,6.8165,0.0,-793.65,0.0,6.8165,1.0,0.0,0.0,0.0,0.0
1926,843.59,788.95,1198.6,882.1,93.15,22.7389,0.6432,0.0,-788.95,0.0,6.8165,0.0,-788.95,0.0,6.8165,1.0,0.0,0.0,0.0,0.0
1927,843.82,796.0,1195.15,877.05,81.05,20.3056,0.6924,0.0,-796.0,0.0,6.8165,0.0,-796.0,0.0,6.8165,1.0,0.0,0.0,0.0,0.0
1928,844.04,788.5,1156.2,888.15,99.65,27.1009,0.567,0.0,-788.5,0.0,6.8165,0.0,-788.5,0.0,6.8165,1.0,0.0,0.0,0.0,0.0
1929,844.26,786.5,1173.1,862.4,75.9,19.6327,0.707,0.0,-786.5,0.0,6.8165,0.0,-786.5,0.0,6.8165,1.0,0.0,0.0,0.0,0.0
1930,844.49,790.7,1171.8,876.75,86.05,22.5794,0.6463,0.0,-790.7,0.0,6.8165,0.0,-790.7,0.0,6.8165,1.0,0.0,0.0,0.0,0.0
1931,844.71,789.1,1161.05,892.1,103.0,27.6919,0.5576,0.0,-789.1,0.0,6.8165,0.0,-789.1,0.0,6.8165,1.0,0.0,0.0,0.0,0.0
1932,844.93,789.15,1151.1,872.3,83.15,22.9728,0.6388,0.0,-789.15,0.0,6.8165,0.0,-789.15,0.0,6.8165,1.0,0.0,0.0,0.0,0.0
1933,845.15,794.8,1135.8,866.95,72.15,21.1584,0.6745,0.0,-794.8,0.0,6.8165,0.0,-794.8,0.0,6.8165,1.0,0.0,0.0,0.0,0.0
1934,845.38,792.0,1137.8,861.65,69.65,20.1417,0.6959,0.0,-792.0,0.0,6.8165,0.0,-792.0,0.0,6.8165,1.0,0.0,0.0,0.0,0.0
1935,845.6,798.1,1142.5,861.2,63.1,18.3217,0.737,0.0,-798.1,0.0,6.8165,0.0,-798.1,0.0,6.8165,1.0,0.0,0.0,0.0,0.0
1936,845.82,789.9,1157.15,858.7,68.8,18.7338,0.7274,0.0,-789.9,0.0,6.8165,0.0,-789.9,0.0,6.8165,1.0,0.0,0.0,0.0,0.0
1937,846.04,775.9,1132.3,864.55,88.65,24.8737,0.6043,0.0,-775.9,0.0,6.8165,0.0,-775.9,0.0,6.8165,1.0,0.0,0.0,0.0,0.0
1938,846.26,784.6,1147.05,867.95,83.35,22.9963,0.6383,0.0,-784.6,0.0,6.8165,0.0,-784.6,0.0,6.8165,1.0,0.0,0.0,0.0,0.0
1939,846.48,778.95,1132.05,863.6,84.65,23.9734,0.6203,0.0,-778.95,0.0,6.8165,0.0,-778.95,0.0,6.8165,1.0,0.0,0.0,0.0,0.0
1940,846.71,787.75,1123.8,859.75,72.0,21.4254,0.6691,0.0,-787.75,0.0,6.8165,0.0,-787.75,0.0,6.8165,1.0,0.0,0.0,0.0,0.0
1941,846.93,780.1,1125.85,860.6,80.5,23.2827,0.633,0.0,-780.1,0.0,6.8165,0.0,-780.1,0.0,6.8165,1.0,0.0,0.0,0.0,0.0
1942,847.15,790.4,1129.4,858.3,67.9,20.0295,0.6983,0.0,-790.4,0.0,6.8165,0.0,-790.4,0.0,6.8165,1.0,0.0,0.0,0.0,0.0
1943,847.37,786.05,1138.8,864.4,78.35,22.2112,0.6534,0.0,-786.05,0.0,6.8165,0.0,-786.05,0.0,6.8165,1.0,0.0,0.0,0.0,0.0
1944,847.59,775.75,1118.75,848.65,72.9,21.2536,0.6726,0.0,-775.75,0.0,6.8165,0.0,-775.75,0.0,6.8165,1.0,0.0,0.0,0.0,0.0
1945,847.81,785.8,1117.1,846.75,60.95,18.3972,0.7352,0.0,-785.8,0.0,6.8165,0.0,-785.8,0.0,6.8165,1.0,0.0,0.0,0.0,0.0
1946,848.03,774.35,1119.35,860.15,85.8,24.8696,0.6043,0.0,-774.35,0.0,6.8165,0.0,-774.35,0.0,6.8165,1.0,0.0,0.0,0.0,0.0
1947,848.26,780.3,1134.45,859.05,78.75,22.2363,0.6529,0.0,-780.3,0.0,6.8165,0.0,-780.3,0.0,6.8165,1.0,0.0,0.0,0.0,0.0
1948,848.48,789.7,1132.55,857.8,68.1,19.8629,0.702,0.0,-789.7,0.0,6.8165,0.0,-789.7,0.0,6.8165,1.0,0.0,0.0,0.0,0.0
1949,848.7,806.4,1119.55,865.45,59.05,18.8568,0.7245,0.0,-806.4,0.0,6.8165,0.0,-806.4,0.0,6.8165,1.0,0.0,0.0,0.0,0.0
1950,848.92,785.95,1108.05,860.8,74.85,23.2381,0.6338,0.0,-785.95,0.0,6.8165,0.0,-785.95,0.0,6.8165,1.0,0.0,0.0,0.0,0.0
1951,849.14,792.85,1111.8,851.65,58.8,18.4355,0.7343,0.0,-792.85,0.0,6.8165,0.0,-792.85,0.0,6.8165,1.0,0.0,0.0,0.0,0.0
1952,849.36,786.5,1119.2,844.1,57.6,17.3129,0.7616,0.0,-786.5,0.0,6.8165,0.0,-786.5,0.0,6.8165,1.0,0.0,0.0,0.0,0.0
1953,849.58,777.85,1116.8,854.8,76.95,22.7025,0.6439,0.0,-777.85,0.0,6.8165,0.0,-777.85,0.0,6.8165,1.0,0.0,0.0,0.0,0.0
1954,849.8,783.6,1113.8,874.2,90.6,27.4379,0.5616,0.0,-783.6,0.0,6.8165,0.0,-783.6,0.0,6.8165,1.0,0.0,0.0,0.0,0.0
1955,850.02,789.95,1115.2,856.05,66.1,20.3228,0.692,0.0,-789.95,0.0,6.8165,0.0,-789.95,0.0,6.8165,1.0,0.0,0.0,0.0,0.0
1956,850.24,797.5,1099.75,855.5,58.0,19.1894,0.7169,0.0,-797.5,0.0,6.8165,0.0,-797.5,0.0,6.8165,1.0,0.0,0.0,0.0,0.0
1957,850.46,795.85,1105.5,840.4,44.55,14.3872,0.842,0.0,-795.85,0.0,6.8165,0.0,-795.85,0.0,6.8165,1.0,0.0,0.0,0.0,0.0
1958,850.68,795.9,1108.65,859.85,63.95,20.4476,0.6894,0.0,-795.9,0.0,6.8165,0.0,-795.9,0.0,6.8165,1.0,0.0,0.0,0.0,0.0
1959,850.9,782.1,1104.9,845.45,63.35,19.6252,0.7072,0.0,-782.1,0.0,6.8165,0.0,-782.1,0.0,6.8165,1.0,0.0,0.0,0.0,0.0
1960,851.12,789.3,1101.0,855.0,65.7,21.078,0.6762,0.0,-789.3,0.0,6.8165,0.0,-789.3,0.0,6.8165,1.0,0.0,0.0,0.0,0.0
1961,851.34,766.65,1112.8,836.6,69.95,20.208,0.6945,0.0,-766.65,0.0,6.8165,0.0,-766.65,0.0,6.8165,1.0,0.0,0.0,0.0,0.0
1962,851.56,779.85,1113.25,847.4,67.55,20.2609,0.6933,0.0,-779.85,0.0,6.8165,0.0,-779.85,0.0,6.8165,1.0,0.0,0.0,0.0,0.0
1963,851.78,791.5,1076.7,841.2,49.7,17.4264,0.7588,0.0,-791.5,0.0,6.8165,0.0,-791.5,0.0,6.8165,1.0,0.0,0.0,0.0,0.0
1964,852.0,782.25,1106.65,858.8,76.55,23.5974,0.6271,0.0,-782.25,0.0,6.8165,0.0,-782.25,0.0,6.8165,1.0,0.0,0.0,0.0,0.0
1965,852.21,769.8,1096.15,856.5,86.7,26.5666,0.5757,0.0,-769.8,0.0,6.8165,0.0,-769.8,0.0,6.8165,1.0,0.0,0.0,0.0,0.0
1966,852.43,782.4,1108.4,860.25,77.85,23.8804,0.622,0.0,-782.4,0.0,6.8165,0.0,-782.4,0.0,6.8165,1.0,0.0,0.0,0.0,0.0
1967,852.65,789.0,1087.25,848.85,59.85,20.0671,0.6975,0.0,-789.0,0.0,6.8165,0.0,-789.0,0.0,6.8165,1.0,0.0,0.0,0.0,0.0
1968,852.87,787.75,1105.55,845.0,57.25,18.0145,0.7444,0.0,-787.75,0.0,6.8165,0.0,-787.75,0.0,6.8165,1.0,0.0,0.0,0.0,0.0
1969,853.09,786.3,1089.55,845.45,59.15,19.5054,0.7098,0.0,-786.3,0.0,6.8165,0.0,-786.3,0.0,6.8165,1.0,0.0,0.0,0.0,0.0
1970,853.31,792.55,1098.1,845.3,52.75,17.264,0.7629,0.0,-792.55,0.0,6.8165,0.0,-792.55,0.0,6.8165,1.0,0.0,0.0,0.0,0.0
1971,853.53,779.5,1105.3,851.05,71.55,21.9613,0.6583,0.0,-779.5,0.0,6.8165,0.0,-779.5,0.0,6.8165,1.0,0.0,0.0,0.0,0.0
1972,853.74,780.45,1105.85,851.4,70.95,21.8039,0.6615,0.0,-780.45,0.0,6.8165,0.0,-780.45,0.0,6.8165,1.0,0.0,0.0,0.0,0.0
1973,853.96,769.85,1102.5,841.9,72.05,21.6594,0.6644,0.0,-769.85,0.0,6.8165,0.0,-769.85,0.0,6.8165,1.0,0.0,0.0,0.0,0.0
1974,854.18,794.4,1112.0,851.7,57.3,18.0416,0.7437,0.0,-794.4,0.0,6.8165,0.0,-794.4,0.0,6.8165,1.0,0.0,0.0,0.0,0.0
1975,854.4,795.4,1086.85,839.45,44.05,15.1141,0.8206,0.0,-795.4,0.0,6.8165,0.0,-795.4,0.0,6.8165,1.0,0.0,0.0,0.0,0.0
1976,854.62,797.45,1094.45,852.5,55.05,18.5354,0.732,0.0,-797.45,0.0,6.8165,0.0,-797.45,0.0,6.8165,1.0,0.0,0.0,0.0,0.0
1977,854.83,785.1,1080.35,856.8,71.7,24.2845,0.6147,0.0,-785.1,0.0,6.8165,0.0,-785.1,0.0,6.8165,1.0,0.0,0.0,0.0,0.0
1978,855.05,787.9,1096.45,845.1,57.2,18.5383,0.7319,0.0,-787.9,0.0,6.8165,0.0,-787.9,0.0,6.8165,1.0,0.0,0.0,0.0,0.0
1979,855.27,790.8,1079.85,840.05,49.25,17.0386,0.7686,0.0,-790.8,0.0,6.8165,0.0,-790.8,0.0,6.8165,1.0,0.0,0.0,0.0,0.0
1980,855.49,778.4,1092.15,848.9,70.5,22.4701,0.6484,0.0,-778.4,0.0,6.8165,0.0,-778.4,0.0,6.8165,1.0,0.0,0.0,0.0,0.0
1981,855.71,790.3,1063.25,826.2,35.9,13.1526,0.881,0.0,-790.3,0.0,6.8165,0.0,-790.3,0.0,6.8165,1.0,0.0,0.0,0.0,0.0
1982,855.92,778.6,1081.0,830.1,51.5,17.0304,0.7688,0.0,-778.6,0.0,6.8165,0.0,-778.6,0.0,6.8165,1.0,0.0,0.0,0.0,0.0
1983,856.14,796.7,1068.0,836.0,39.3,14.4858,0.8391,0.0,-796.7,0.0,6.8165,0.0,-796.7,0.0,6.8165,1.0,0.0,0.0,0.0,0.0
1984,856.36,784.95,1080.15,848.6,63.65,21.5617,0.6663,0.0,-784.95,0.0,6.8165,0.0,-784.95,0.0,6.8165,1.0,0.0,0.0,0.0,0.0
1985,856.57,791.7,1070.85,847.4,55.7,19.9534,0.7,0.0,-791.7,0.0,6.8165,0.0,-791.7,0.0,6.8165,1.0,0.0,0.0,0.0,0.0
1986,856.79,789.9,1058.0,843.25,53.35,19.8993,0.7012,0.0,-789.9,0.0,6.8165,0.0,-789.9,0.0,6.8165,1.0,0.0,0.0,0.0,0.0
1987,857.01,781.45,1069.7,838.85,57.4,19.9133,0.7009,0.0,-781.45,0.0,6.8165,0.0,-781.45,0.0,6.8165,1.0,0.0,0.0,0.0,0.0
1988,857.22,795.8,1083.65,835.05,39.25,13.6356,0.8653,0.0,-795.8,0.0,6.8165,0.0,-795.8,0.0,6.8165,1.0,0.0,0.0,0.0,0.0
1989,857.44,782.75,1085.15,845.3,62.55,20.6845,0.6844,0.0,-782.75,0.0,6.8165,0.0,-782.75,0.0,6.8165,1.0,0.0,0.0,0.0,0.0
1990,857.66,787.0,1068.9,843.95,56.95,20.2022,0.6946,0.0,-787.0,0.0,6.8165,0.0,-787.0,0.0,6.8165,1.0,0.0,0.0,0.0,0.0
1991,857.87,772.35,1080.4,837.4,65.05,21.1167,0.6754,0.0,-772.35,0.0,6.8165,0.0,-772.35,0.0,6.8165,1.0,0.0,0.0,0.0,0.0
1992,858.09,794.8,1047.35,831.4,36.6,14.4922,0.8389,0.0,-794.8,0.0,6.8165,0.0,-794.8,0.0,6.8165,1.0,0.0,0.0,0.0,0.0
1993,858.31,796.25,1063.75,844.95,48.7,18.2056,0.7398,0.0,-796.25,0.0,6.8165,0.0,-796.25,0.0,6.8165,1.0,0.0,0.0,0.0,0.0
1994,858.52,787.8,1069.9,832.55,44.75,15.8632,0.7996,0.0,-787.8,0.0,6.8165,0.0,-787.8,0.0,6.8165,1.0,0.0,0.0,0.0,0.0
1995,858.74,775.8,1073.5,828.9,53.1,17.8367,0.7487,0.0,-775.8,0.0,6.8165,0.0,-775.8,0.0,6.8165,1.0,0.0,0.0,0.0,0.0
1996,858.95,782.8,1048.25,825.35,42.55,16.0294,0.7951,0.0,-782.8,0.0,6.8165,0.0,-782.8,0.0,6.8165,1.0,0.0,0.0,0.0,0.0
1997,859.17,773.3,1062.0,828.8,55.5,19.2241,0.7162,0.0,-773.3,0.0,6.8165,0.0,-773.3,0.0,6.8165,1.0,0.0,0.0,0.0,0.0
1998,859.39,773.25,1059.4,837.2,63.95,22.3484,0.6508,0.0,-773.25,0.0,6.8165,0.0,-773.25,0.0,6.8165,1.0,0.0,0.0,0.0,0.0
1999,859.6,780.75,1066.85,830.45,49.7,17.3715,0.7602,0.0,-780.75,0.0,6.8165,0.0,-780.75,0.0,6.8165,1.0,0.0,0.0,0.0,0.0
2000,859.82,793.3,1071.55,831.45,38.15,13.7107,0.8629,0.0,-793.3,0.0,6.8165,0.0,-793.3,0.0,6.8165,1.0,0.0,0.0,0.0,0.0
2001,860.03,783.6,1057.9,838.1,54.5,19.8688,0.7018,0.0,-783.6,0.0,6.8165,0.0,-783.6,0.0,6.8165,1.0,0.0,0.0,0.0,0.0
2002,860.25,799.45,1049.85,834.95,35.5,14.1773,0.8484,0.0,-799.45,0.0,6.8165,0.0,-799.45,0.0,6.8165,1.0,0.0,0.0,0.0,0.0
2003,860.46,785.9,1044.9,848.6,62.7,24.2085,0.616,0.0,-785.9,0.0,6.8165,0.0,-785.9,0.0,6.8165,1.0,0.0,0.0,0.0,0.0
2004,860.68,786.15,1046.75,827.3,41.15,15.7905,0.8016,0.0,-786.15,0.0,6.8165,0.0,-786.15,0.0,6.8165,1.0,0.0,0.0,0.0,0.0
2005,860.89,779.4,1035.5,834.1,54.7,21.3588,0.6704,0.0,-779.4,0.0,6.8165,0.0,-779.4,0.0,6.8165,1.0,0.0,0.0,0.0,0.0
2006,861.11,786.0,1053.5,828.85,42.85,16.0187,0.7954,0.0,-786.0,0.0,6.8165,0.0,-786.0,0.0,6.8165,1.0,0.0,0.0,0.0,0.0
2007,861.32,790.7,1050.25,842.2,51.5,19.842,0.7024,0.0,-790.7,0.0,6.8165,0.0,-790.7,0.0,6.8165,1.0,0.0,0.0,0.0,0.0
2008,861.54,788.4,1039.75,846.1,57.7,22.956,0.6391,0.0,-788.4,0.0,6.8165,0.0,-788.4,0.0,6.8165,1.0,0.0,0.0,0.0,0.0
2009,861.75,779.3,1030.7,829.3,50.0,19.8886,0.7014,0.0,-779.3,0.0,6.8165,0.0,-779.3,0.0,6.8165,1.0,0.0,0.0,0.0,0.0
2010,861.96,795.95,1019.1,809.3,13.35,5.9825,1.2231,0.0,-795.95,0.0,6.8165,0.0,-795.95,0.0,6.8165,1.0,0.0,0.0,0.0,0.0
2011,862.18,800.85,1027.9,797.0,-3.85,0.0,6.8165,0.0,-800.85,0.0,6.8165,0.0,-800.85,0.0,6.8165,1.0,0.0,0.0,0.0,0.0
2012,862.39,788.85,1029.4,834.8,45.95,19.1021,0.7189,0.0,-788.85,0.0,6.8165,0.0,-788.85,0.0,6.8165,1.0,0.0,0.0,0.0,0.0
2013,862.61,775.25,1028.95,826.7,51.45,20.2799,0.6929,0.0,-775.25,0.0,6.8165,0.0,-775.25,0.0,6.8165,1.0,0.0,0.0,0.0,0.0
2014,862.82,773.15,1024.45,809.65,36.5,14.5245,0.8379,0.0,-773.15,0.0,6.8165,0.0,-773.15,0.0,6.8165,1.0,0.0,0.0,0.0,0.0
2015,863.03,775.6,1016.25,804.1,28.5,11.8429,0.9265,0.0,-775.6,0.0,6.8165,0.0,-775.6,0.0,6.8165,1.0,0.0,0.0,0.0,0.0
2016,863.25,783.7,1014.05,806.9,23.2,10.0716,0.9969,0.0,-783.7,0.0,6.8165,0.0,-783.7,0.0,6.8165,1.0,0.0,0.0,0.0,0.0
2017,863.46,789.85,1008.0,824.95,35.1,16.0898,0.7934,0.0,-789.85,0.0,6.8165,0.0,-789.85,0.0,6.8165,1.0,0.0,0.0,0.0,0.0
2018,863.68,773.8,1019.45,803.35,29.55,12.0293,0.9198,0.0,-773.8,0.0,6.8165,0.0,-773.8,0.0,6.8165,1.0,0.0,0.0,0.0,0.0
2019,863.89,769.4,1006.65,814.15,44.75,18.862,0.7244,0.0,-769.4,0.0,6.8165,0.0,-769.4,0.0,6.8165,1.0,0.0,0.0,0.0,0.0
2020,864.1,775.15,1001.45,822.2,47.05,20.791,0.6821,0.0,-775.15,0.0,6.8165,0.0,-775.15,0.0,6.8165,1.0,0.0,0.0,0.0,0.0
2021,864.32,780.3,993.0,805.65,25.35,11.9182,0.9238,0.0,-780.3,0.0,6.8165,0.0,-780.3,0.0,6.8165,1.0,0.0,0.0,0.0,0.0
2022,864.53,792.95,1004.8,807.8,14.85,7.0097,1.1543,0.0,-792.95,0.0,6.8165,0.0,-792.95,0.0,6.8165,1.0,0.0,0.0,0.0,0.0
2023,864.74,782.15,995.35,804.5,22.35,10.4831,0.9795,0.0,-782.15,0.0,6.8165,0.0,-782.15,0.0,6.8165,1.0,0.0,0.0,0.0,0.0
2024,864.95,775.65,1009.35,817.75,42.1,18.0145,0.7444,0.0,-775.65,0.0,6.8165,0.0,-775.65,0.0,6.8165,1.0,0.0,0.0,0.0,0.0
2025,865.17,793.55,1021.75,812.75,19.2,8.4137,1.075,0.0,-793.55,0.0,6.8165,0.0,-793.55,0.0,6.8165,1.0,0.0,0.0,0.0,0.0
2026,865.38,795.05,1007.7,798.85,3.8,1.787,1.7479,0.0,-795.05,0.0,6.8165,0.0,-795.05,0.0,6.8165,1.0,0.0,0.0,0.0,0.0
2027,865.59,799.95,994.75,796.55,-3.4,0.0,6.8165,0.0,-799.95,0.0,6.8165,0.0,-799.95,0.0,6.8165,1.0,0.0,0.0,0.0,0.0
2028,865.81,790.2,1005.55,796.95,6.75,3.1344,1.5038,0.0,-790.2,0.0,6.8165,0.0,-790.2,0.0,6.8165,1.0,0.0,0.0,0.0,0.0
2029,866.02,789.25,1004.9,790.3,1.05,0.4869,2.3126,0.0,-789.25,0.0,6.8165,0.0,-789.25,0.0,6.8165,1.0,0.0,0.0,0.0,0.0
2030,866.23,798.75,985.1,819.7,20.95,11.2423,0.9491,0.0,-798.75,0.0,6.8165,0.0,-798.75,0.0,6.8165,1.0,0.0,0.0,0.0,0.0
2031,866.44,786.25,996.1,807.4,21.15,10.0786,0.9966,0.0,-786.25,0.0,6.8165,0.0,-786.25,0.0,6.8165,1.0,0.0,0.0,0.0,0.0
2032,866.65,788.25,991.65,805.35,17.1,8.4071,1.0754,0.0,-788.25,0.0,6.8165,0.0,-788.25,0.0,6.8165,1.0,0.0,0.0,0.0,0.0
2033,866.87,795.8,990.05,791.9,-3.9,0.0,6.8165,0.0,-795.8,0.0,6.8165,0.0,-795.8,0.0,6.8165,1.0,0.0,0.0,0.0,0.0
2034,867.08,790.1,992.65,803.5,13.4,6.6157,1.1794,0.0,-790.1,0.0,6.8165,0.0,-790.1,0.0,6.8165,1.0,0.0,0.0,0.0,0.0
2035,867.29,798.0,1003.45,796.9,-1.1,0.0,6.8165,0.0,-798.0,0.0,6.8165,0.0,-798.0,0.0,6.8165,1.0,0.0,0.0,0.0,0.0
2036,867.5,796.3,1002.95,800.2,3.9,1.8872,1.7242,0.0,-796.3,0.0,6.8165,0.0,-796.3,0.0,6.8165,1.0,0.0,0.0,0.0,0.0
2037,867.71,790.6,984.55,806.05,15.45,7.966,1.0988,0.0,-790.6,0.0,6.8165,0.0,-790.6,0.0,6.8165,1.0,0.0,0.0,0.0,0.0
2038,867.92,790.45,989.8,791.25,0.8,0.4013,2.3965,0.0,-790.45,0.0,6.8165,0.0,-790.45,0.0,6.8165,1.0,0.0,0.0,0.0,0.0
2039,868.14,802.45,963.0,799.75,-2.7,0.0,6.8165,0.0,-802.45,0.0,6.8165,0.0,-802.45,0.0,6.8165,1.0,0.0,0.0,0.0,0.0
2040,868.35,802.65,968.8,785.05,-17.6,0.0,6.8165,0.0,-802.65,0.0,6.8165,0.0,-802.65,0.0,6.8165,1.0,0.0,0.0,0.0,0.0
2041,868.56,802.25,984.25,806.95,4.7,2.5824,1.588,0.0,-802.25,0.0,6.8165,0.0,-802.25,0.0,6.8165,1.0,0.0,0.0,0.0,0.0
2042,868.77,790.7,983.0,806.75,16.05,8.3463,1.0785,0.0,-790.7,0.0,6.8165,0.0,-790.7,0.0,6.8165,1.0,0.0,0.0,0.0,0.0
2043,868.98,790.5,977.75,798.05,7.55,4.032,1.3945,0.0,-790.5,0.0,6.8165,0.0,-790.5,0.0,6.8165,1.0,0.0,0.0,0.0,0.0
2044,869.19,797.75,994.05,794.4,-3.35,0.0,6.8165,0.0,-797.75,0.0,6.8165,0.0,-797.75,0.0,6.8165,1.0,0.0,0.0,0.0,0.0
2045,869.4,775.65,995.45,802.75,27.1,12.3294,0.9091,0.0,-775.65,0.0,6.8165,0.0,-775.65,0.0,6.8165,1.0,0.0,0.0,0.0,0.0
2046,869.61,785.15,968.95,813.25,28.1,15.2884,0.8156,0.0,-785.15,0.0,6.8165,0.0,-785.15,0.0,6.8165,1.0,0.0,0.0,0.0,0.0
2047,869.82,784.3,986.9,801.95,17.65,8.7117,1.0599,0.0,-784.3,0.0,6.8165,0.0,-784.3,0.0,6.8165,1.0,0.0,0.0,0.0,0.0
