Pixel,Wavelength,Dark,Reference,Raw data #1,Dark Subtracted #1,%TR #1,Absorbance #1,Raw data #2,Dark Subtracted #2,%TR #2,Absorbance #2,Raw data #3,Dark Subtracted #3,%TR #3,Absorbance #3,Errands Ref,Errands Fit,Irradiance_1,Irradiance_2,Irradiance_3
0,231.94,782.05,773.15,771.1,-10.95,110.0,-0.0414,0.0,-782.05,0.0,6.8165,0.0,-782.05,0.0,6.8165,1.0,0.0,0.0,0.0,0.0
1,232.35,782.05,773.15,771.1,-10.95,110.0,-0.0414,0.0,-782.05,0.0,6.8165,0.0,-782.05,0.0,6.8165,1.0,0.0,0.0,0.0,0.0
2,232.76,785.25,776.0,782.05,-3.2,34.5946,0.461,0.0,-785.25,0.0,6.8165,0.0,-785.25,0.0,6.8165,1.0,0.0,0.0,0.0,0.0
3,233.16,738.4,752.15,744.4,6.0,43.6364,0.3602,0.0,-738.4,0.0,6.8165,0.0,-738.4,0.0,6.8165,1.0,0.0,0.0,0.0,0.0
4,233.57,795.0,772.85,761.75,-33.25,110.0,-0.0414,0.0,-795.0,0.0,6.8165,0.0,-795.0,0.0,6.8165,1.0,0.0,0.0,0.0,0.0
5,233.98,788.2,770.3,775.75,-12.45,69.5531,0.1577,0.0,-788.2,0.0,6.8165,0.0,-788.2,0.0,6.8165,1.0,0.0,0.0,0.0,0.0
6,234.38,789.6,771.05,779.3,-10.3,55.5256,0.2555,0.0,-789.6,0.0,6.8165,0.0,-789.6,0.0,6.8165,1.0,0.0,0.0,0.0,0.0
7,234.79,815.2,781.5,780.6,-34.6,102.6706,-0.0114,0.0,-815.2,0.0,6.8165,0.0,-815.2,0.0,6.8165,1.0,0.0,0.0,0.0,0.0
8,235.2,809.95,778.3,770.55,-39.4,110.0,-0.0414,0.0,-809.95,0.0,6.8165,0.0,-809.95,0.0,6.8165,1.0,0.0,0.0,0.0,0.0
9,235.6,796.0,776.45,771.75,-24.25,110.0,-0.0414,0.0,-796.0,0.0,6.8165,0.0,-796.0,0.0,6.8165,1.0,0.0,0.0,0.0,0.0
10,236.01,786.6,767.6,777.55,-9.05,47.6316,0.3221,0.0,-786.6,0.0,6.8165,0.0,-786.6,0.0,6.8165,1.0,0.0,0.0,0.0,0.0
11,236.41,799.65,757.15,777.95,-21.7,51.0588,0.2919,0.0,-799.65,0.0,6.8165,0.0,-799.65,0.0,6.8165,1.0,0.0,0.0,0.0,0.0
12,236.82,790.15,773.1,767.6,-22.55,110.0,-0.0414,0.0,-790.15,0.0,6.8165,0.0,-790.15,0.0,6.8165,1.0,0.0,0.0,0.0,0.0
13,237.23,798.5,793.25,765.7,-32.8,110.0,-0.0414,0.0,-798.5,0.0,6.8165,0.0,-798.5,0.0,6.8165,1.0,0.0,0.0,0.0,0.0
14,237.63,798.75,775.0,762.7,-36.05,110.0,-0.0414,0.0,-798.75,0.0,6.8165,0.0,-798.75,0.0,6.8165,1.0,0.0,0.0,0.0,0.0
15,238.04,786.85,788.75,776.85,-10.0,0.0,6.8165,0.0,-786.85,0.0,6.8165,0.0,-786.85,0.0,6.8165,1.0,0.0,0.0,0.0,0.0
16,238.44,797.85,771.6,775.35,-22.5,85.7143,0.0669,0.0,-797.85,0.0,6.8165,0.0,-797.85,0.0,6.8165,1.0,0.0,0.0,0.0,0.0
17,238.85,788.65,781.55,768.15,-20.5,110.0,-0.0414,0.0,-788.65,0.0,6.8165,0.0,-788.65,0.0,6.8165,1.0,0.0,0.0,0.0,0.0
18,239.25,802.4,776.0,765.35,-37.05,110.0,-0.0414,0.0,-802.4,0.0,6.8165,0.0,-802.4,0.0,6.8165,1.0,0.0,0.0,0.0,0.0
19,239.66,782.85,769.15,774.45,-8.4,61.3139,0.2124,0.0,-782.85,0.0,6.8165,0.0,-782.85,0.0,6.8165,1.0,0.0,0.0,0.0,0.0
20,240.07,775.7,779.7,784.85,9.15,110.0,-0.0414,0.0,-775.7,0.0,6.8165,0.0,-775.7,0.0,6.8165,1.0,0.0,0.0,0.0,0.0
21,240.47,781.7,784.5,782.0,0.3,10.7143,0.97,0.0,-781.7,0.0,6.8165,0.0,-781.7,0.0,6.8165,1.0,0.0,0.0,0.0,0.0
22,240.88,789.25,780.7,772.6,-16.65,110.0,-0.0414,0.0,-789.25,0.0,6.8165,0.0,-789.25,0.0,6.8165,1.0,0.0,0.0,0.0,0.0
23,241.28,770.8,764.25,791.55,20.75,0.0,6.8165,0.0,-770.8,0.0,6.8165,0.0,-770.8,0.0,6.8165,1.0,0.0,0.0,0.0,0.0
24,241.69,792.35,782.95,765.3,-27.05,110.0,-0.0414,0.0,-792.35,0.0,6.8165,0.0,-792.35,0.0,6.8165,1.0,0.0,0.0,0.0,0.0
25,242.09,790.1,769.45,780.8,-9.3,45.0363,0.3464,0.0,-790.1,0.0,6.8165,0.0,-790.1,0.0,6.8165,1.0,0.0,0.0,0.0,0.0
26,242.5,790.45,757.95,765.6,-24.85,76.4615,0.1166,0.0,-790.45,0.0,6.8165,0.0,-790.45,0.0,6.8165,1.0,0.0,0.0,0.0,0.0
27,242.9,786.45,781.95,779.4,-7.05,110.0,-0.0414,0.0,-786.45,0.0,6.8165,0.0,-786.45,0.0,6.8165,1.0,0.0,0.0,0.0,0.0
28,243.3,788.4,772.8,774.2,-14.2,91.0256,0.0408,0.0,-788.4,0.0,6.8165,0.0,-788.4,0.0,6.8165,1.0,0.0,0.0,0.0,0.0
29,243.71,791.3,762.9,774.4,-16.9,59.507,0.2254,0.0,-791.3,0.0,6.8165,0.0,-791.3,0.0,6.8165,1.0,0.0,0.0,0.0,0.0
30,244.11,785.55,768.65,768.75,-16.8,99.4083,0.0026,0.0,-785.55,0.0,6.8165,0.0,-785.55,0.0,6.8165,1.0,0.0,0.0,0.0,0.0
31,244.52,786.7,766.9,764.45,-22.25,110.0,-0.0414,0.0,-786.7,0.0,6.8165,0.0,-786.7,0.0,6.8165,1.0,0.0,0.0,0.0,0.0
32,244.92,791.0,775.2,767.75,-23.25,110.0,-0.0414,0.0,-791.0,0.0,6.8165,0.0,-791.0,0.0,6.8165,1.0,0.0,0.0,0.0,0.0
33,245.33,788.9,770.4,770.2,-18.7,101.0811,-0.0047,0.0,-788.9,0.0,6.8165,0.0,-788.9,0.0,6.8165,1.0,0.0,0.0,0.0,0.0
34,245.73,769.8,762.75,776.15,6.35,0.0,6.8165,0.0,-769.8,0.0,6.8165,0.0,-769.8,0.0,6.8165,1.0,0.0,0.0,0.0,0.0
35,246.13,778.15,773.7,763.1,-15.05,110.0,-0.0414,0.0,-778.15,0.0,6.8165,0.0,-778.15,0.0,6.8165,1.0,0.0,0.0,0.0,0.0
36,246.54,796.3,782.7,770.3,-26.0,110.0,-0.0414,0.0,-796.3,0.0,6.8165,0.0,-796.3,0.0,6.8165,1.0,0.0,0.0,0.0,0.0
37,246.94,783.05,793.2,786.45,3.4,33.4975,0.475,0.0,-783.05,0.0,6.8165,0.0,-783.05,0.0,6.8165,1.0,0.0,0.0,0.0,0.0
38,247.35,783.4,799.5,782.35,-1.05,0.0,6.8165,0.0,-783.4,0.0,6.8165,0.0,-783.4,0.0,6.8165,1.0,0.0,0.0,0.0,0.0
39,247.75,786.45,808.75,784.4,-2.05,0.0,6.8165,0.0,-786.45,0.0,6.8165,0.0,-786.45,0.0,6.8165,1.0,0.0,0.0,0.0,0.0
40,248.15,784.7,794.5,791.4,6.7,68.3673,0.1652,0.0,-784.7,0.0,6.8165,0.0,-784.7,0.0,6.8165,1.0,0.0,0.0,0.0,0.0
41,248.56,797.0,782.55,774.8,-22.2,110.0,-0.0414,0.0,-797.0,0.0,6.8165,0.0,-797.0,0.0,6.8165,1.0,0.0,0.0,0.0,0.0
42,248.96,791.6,787.0,768.6,-23.0,110.0,-0.0414,0.0,-791.6,0.0,6.8165,0.0,-791.6,0.0,6.8165,1.0,0.0,0.0,0.0,0.0
43,249.36,792.55,801.95,782.9,-9.65,0.0,6.8165,0.0,-792.55,0.0,6.8165,0.0,-792.55,0.0,6.8165,1.0,0.0,0.0,0.0,0.0
44,249.77,775.25,802.65,779.6,4.35,15.8759,0.7993,0.0,-775.25,0.0,6.8165,0.0,-775.25,0.0,6.8165,1.0,0.0,0.0,0.0,0.0
45,250.17,791.15,793.85,798.05,6.9,110.0,-0.0414,0.0,-791.15,0.0,6.8165,0.0,-791.15,0.0,6.8165,1.0,0.0,0.0,0.0,0.0
46,250.57,788.25,790.1,806.0,17.75,110.0,-0.0414,0.0,-788.25,0.0,6.8165,0.0,-788.25,0.0,6.8165,1.0,0.0,0.0,0.0,0.0
47,250.97,787.55,785.25,794.3,6.75,0.0,6.8165,0.0,-787.55,0.0,6.8165,0.0,-787.55,0.0,6.8165,1.0,0.0,0.0,0.0,0.0
48,251.38,787.1,781.65,786.0,-1.1,20.1835,0.695,0.0,-787.1,0.0,6.8165,0.0,-787.1,0.0,6.8165,1.0,0.0,0.0,0.0,0.0
49,251.78,791.0,786.2,779.5,-11.5,110.0,-0.0414,0.0,-791.0,0.0,6.8165,0.0,-791.0,0.0,6.8165,1.0,0.0,0.0,0.0,0.0
50,252.18,780.65,794.6,781.3,0.65,4.6595,1.3317,0.0,-780.65,0.0,6.8165,0.0,-780.65,0.0,6.8165,1.0,0.0,0.0,0.0,0.0
51,252.59,780.0,809.3,789.75,9.75,33.2765,0.4779,0.0,-780.0,0.0,6.8165,0.0,-780.0,0.0,6.8165,1.0,0.0,0.0,0.0,0.0
52,252.99,783.45,788.25,792.4,8.95,110.0,-0.0414,0.0,-783.45,0.0,6.8165,0.0,-783.45,0.0,6.8165,1.0,0.0,0.0,0.0,0.0
53,253.39,780.7,801.25,792.0,11.3,54.9878,0.2597,0.0,-780.7,0.0,6.8165,0.0,-780.7,0.0,6.8165,1.0,0.0,0.0,0.0,0.0
54,253.79,784.9,794.05,790.95,6.05,66.1202,0.1797,0.0,-784.9,0.0,6.8165,0.0,-784.9,0.0,6.8165,1.0,0.0,0.0,0.0,0.0
55,254.2,780.95,789.35,789.5,8.55,101.7857,-0.0077,0.0,-780.95,0.0,6.8165,0.0,-780.95,0.0,6.8165,1.0,0.0,0.0,0.0,0.0
56,254.6,787.2,805.4,781.8,-5.4,0.0,6.8165,0.0,-787.2,0.0,6.8165,0.0,-787.2,0.0,6.8165,1.0,0.0,0.0,0.0,0.0
57,255.0,784.4,811.3,790.65,6.25,23.2342,0.6339,0.0,-784.4,0.0,6.8165,0.0,-784.4,0.0,6.8165,1.0,0.0,0.0,0.0,0.0
58,255.4,794.15,777.5,777.95,-16.2,97.2973,0.0119,0.0,-794.15,0.0,6.8165,0.0,-794.15,0.0,6.8165,1.0,0.0,0.0,0.0,0.0
59,255.8,797.5,794.2,782.45,-15.05,110.0,-0.0414,0.0,-797.5,0.0,6.8165,0.0,-797.5,0.0,6.8165,1.0,0.0,0.0,0.0,0.0
60,256.2,805.65,802.45,783.8,-21.85,110.0,-0.0414,0.0,-805.65,0.0,6.8165,0.0,-805.65,0.0,6.8165,1.0,0.0,0.0,0.0,0.0
61,256.61,793.5,799.75,791.5,-2.0,0.0,6.8165,0.0,-793.5,0.0,6.8165,0.0,-793.5,0.0,6.8165,1.0,0.0,0.0,0.0,0.0
62,257.01,789.55,795.55,792.85,3.3,55.0,0.2596,0.0,-789.55,0.0,6.8165,0.0,-789.55,0.0,6.8165,1.0,0.0,0.0,0.0,0.0
63,257.41,787.9,801.25,801.1,13.2,98.8764,0.0049,0.0,-787.9,0.0,6.8165,0.0,-787.9,0.0,6.8165,1.0,0.0,0.0,0.0,0.0
64,257.81,799.65,775.5,794.15,-5.5,22.7743,0.6426,0.0,-799.65,0.0,6.8165,0.0,-799.65,0.0,6.8165,1.0,0.0,0.0,0.0,0.0
65,258.21,790.35,792.85,794.1,3.75,110.0,-0.0414,0.0,-790.35,0.0,6.8165,0.0,-790.35,0.0,6.8165,1.0,0.0,0.0,0.0,0.0
66,258.61,765.85,781.25,775.8,9.95,64.6104,0.1897,0.0,-765.85,0.0,6.8165,0.0,-765.85,0.0,6.8165,1.0,0.0,0.0,0.0,0.0
67,259.01,790.8,803.15,778.2,-12.6,0.0,6.8165,0.0,-790.8,0.0,6.8165,0.0,-790.8,0.0,6.8165,1.0,0.0,0.0,0.0,0.0
68,259.42,784.45,797.6,799.35,14.9,110.0,-0.0414,0.0,-784.45,0.0,6.8165,0.0,-784.45,0.0,6.8165,1.0,0.0,0.0,0.0,0.0
69,259.82,794.55,788.35,796.75,2.2,0.0,6.8165,0.0,-794.55,0.0,6.8165,0.0,-794.55,0.0,6.8165,1.0,0.0,0.0,0.0,0.0
70,260.22,803.15,787.55,786.25,-16.9,108.3333,-0.0348,0.0,-803.15,0.0,6.8165,0.0,-803.15,0.0,6.8165,1.0,0.0,0.0,0.0,0.0
71,260.62,784.7,776.85,775.7,-9.0,110.0,-0.0414,0.0,-784.7,0.0,6.8165,0.0,-784.7,0.0,6.8165,1.0,0.0,0.0,0.0,0.0
72,261.02,791.5,791.55,791.15,-0.35,0.0,6.8165,0.0,-791.5,0.0,6.8165,0.0,-791.5,0.0,6.8165,1.0,0.0,0.0,0.0,0.0
73,261.42,798.45,795.95,790.1,-8.35,110.0,-0.0414,0.0,-798.45,0.0,6.8165,0.0,-798.45,0.0,6.8165,1.0,0.0,0.0,0.0,0.0
74,261.82,780.95,786.6,777.95,-3.0,0.0,6.8165,0.0,-780.95,0.0,6.8165,0.0,-780.95,0.0,6.8165,1.0,0.0,0.0,0.0,0.0
75,262.22,781.65,802.2,773.35,-8.3,0.0,6.8165,0.0,-781.65,0.0,6.8165,0.0,-781.65,0.0,6.8165,1.0,0.0,0.0,0.0,0.0
76,262.62,794.1,791.6,794.6,0.5,0.0,6.8165,0.0,-794.1,0.0,6.8165,0.0,-794.1,0.0,6.8165,1.0,0.0,0.0,0.0,0.0
77,263.02,791.0,802.4,789.25,-1.75,0.0,6.8165,0.0,-791.0,0.0,6.8165,0.0,-791.0,0.0,6.8165,1.0,0.0,0.0,0.0,0.0
78,263.42,792.75,801.8,787.65,-5.1,0.0,6.8165,0.0,-792.75,0.0,6.8165,0.0,-792.75,0.0,6.8165,1.0,0.0,0.0,0.0,0.0
79,263.82,803.75,800.7,789.25,-14.5,110.0,-0.0414,0.0,-803.75,0.0,6.8165,0.0,-803.75,0.0,6.8165,1.0,0.0,0.0,0.0,0.0
80,264.22,790.95,799.1,789.05,-1.9,0.0,6.8165,0.0,-790.95,0.0,6.8165,0.0,-790.95,0.0,6.8165,1.0,0.0,0.0,0.0,0.0
81,264.62,789.0,801.1,795.65,6.65,54.9587,0.26,0.0,-789.0,0.0,6.8165,0.0,-789.0,0.0,6.8165,1.0,0.0,0.0,0.0,0.0
82,265.02,789.85,807.75,785.0,-4.85,0.0,6.8165,0.0,-789.85,0.0,6.8165,0.0,-789.85,0.0,6.8165,1.0,0.0,0.0,0.0,0.0
83,265.42,784.05,798.55,787.95,3.9,26.8966,0.5703,0.0,-784.05,0.0,6.8165,0.0,-784.05,0.0,6.8165,1.0,0.0,0.0,0.0,0.0
84,265.82,773.95,800.4,787.15,13.2,49.9055,0.3019,0.0,-773.95,0.0,6.8165,0.0,-773.95,0.0,6.8165,1.0,0.0,0.0,0.0,0.0
85,266.22,784.25,776.6,790.75,6.5,0.0,6.8165,0.0,-784.25,0.0,6.8165,0.0,-784.25,0.0,6.8165,1.0,0.0,0.0,0.0,0.0
86,266.62,790.4,790.6,819.85,29.45,110.0,-0.0414,0.0,-790.4,0.0,6.8165,0.0,-790.4,0.0,6.8165,1.0,0.0,0.0,0.0,0.0
87,267.02,782.75,784.15,791.55,8.8,110.0,-0.0414,0.0,-782.75,0.0,6.8165,0.0,-782.75,0.0,6.8165,1.0,0.0,0.0,0.0,0.0
88,267.42,786.6,792.8,789.25,2.65,42.7419,0.3691,0.0,-786.6,0.0,6.8165,0.0,-786.6,0.0,6.8165,1.0,0.0,0.0,0.0,0.0
89,267.82,782.75,792.35,775.85,-6.9,0.0,6.8165,0.0,-782.75,0.0,6.8165,0.0,-782.75,0.0,6.8165,1.0,0.0,0.0,0.0,0.0
90,268.22,795.9,804.1,772.8,-23.1,0.0,6.8165,0.0,-795.9,0.0,6.8165,0.0,-795.9,0.0,6.8165,1.0,0.0,0.0,0.0,0.0
91,268.62,778.65,793.8,806.7,28.05,110.0,-0.0414,0.0,-778.65,0.0,6.8165,0.0,-778.65,0.0,6.8165,1.0,0.0,0.0,0.0,0.0
92,269.01,787.8,794.25,790.05,2.25,34.8837,0.4574,0.0,-787.8,0.0,6.8165,0.0,-787.8,0.0,6.8165,1.0,0.0,0.0,0.0,0.0
93,269.41,769.2,808.05,799.25,30.05,77.3488,0.1115,0.0,-769.2,0.0,6.8165,0.0,-769.2,0.0,6.8165,1.0,0.0,0.0,0.0,0.0
94,269.81,791.55,782.1,776.35,-15.2,110.0,-0.0414,0.0,-791.55,0.0,6.8165,0.0,-791.55,0.0,6.8165,1.0,0.0,0.0,0.0,0.0
95,270.21,795.05,797.65,797.1,2.05,78.8462,0.1032,0.0,-795.05,0.0,6.8165,0.0,-795.05,0.0,6.8165,1.0,0.0,0.0,0.0,0.0
96,270.61,788.35,794.0,776.2,-12.15,0.0,6.8165,0.0,-788.35,0.0,6.8165,0.0,-788.35,0.0,6.8165,1.0,0.0,0.0,0.0,0.0
97,271.01,800.5,801.1,796.75,-3.75,0.0,6.8165,0.0,-800.5,0.0,6.8165,0.0,-800.5,0.0,6.8165,1.0,0.0,0.0,0.0,0.0
98,271.41,782.9,792.05,788.4,5.5,60.1093,0.2211,0.0,-782.9,0.0,6.8165,0.0,-782.9,0.0,6.8165,1.0,0.0,0.0,0.0,0.0
99,271.81,785.65,792.85,797.9,12.25,110.0,-0.0414,0.0,-785.65,0.0,6.8165,0.0,-785.65,0.0,6.8165,1.0,0.0,0.0,0.0,0.0
100,272.2,797.05,786.3,785.6,-11.45,106.5116,-0.0274,0.0,-797.05,0.0,6.8165,0.0,-797.05,0.0,6.8165,1.0,0.0,0.0,0.0,0.0
101,272.6,779.25,804.95,775.25,-4.0,0.0,6.8165,0.0,-779.25,0.0,6.8165,0.0,-779.25,0.0,6.8165,1.0,0.0,0.0,0.0,0.0
102,273.0,800.4,795.3,786.55,-13.85,110.0,-0.0414,0.0,-800.4,0.0,6.8165,0.0,-800.4,0.0,6.8165,1.0,0.0,0.0,0.0,0.0
103,273.4,790.75,787.25,782.05,-8.7,110.0,-0.0414,0.0,-790.75,0.0,6.8165,0.0,-790.75,0.0,6.8165,1.0,0.0,0.0,0.0,0.0
104,273.8,770.9,785.65,789.8,18.9,110.0,-0.0414,0.0,-770.9,0.0,6.8165,0.0,-770.9,0.0,6.8165,1.0,0.0,0.0,0.0,0.0
105,274.19,785.0,791.45,793.35,8.35,110.0,-0.0414,0.0,-785.0,0.0,6.8165,0.0,-785.0,0.0,6.8165,1.0,0.0,0.0,0.0,0.0
106,274.59,791.9,796.45,772.0,-19.9,0.0,6.8165,0.0,-791.9,0.0,6.8165,0.0,-791.9,0.0,6.8165,1.0,0.0,0.0,0.0,0.0
107,274.99,800.4,801.9,784.1,-16.3,0.0,6.8165,0.0,-800.4,0.0,6.8165,0.0,-800.4,0.0,6.8165,1.0,0.0,0.0,0.0,0.0
108,275.39,788.4,793.85,778.35,-10.05,0.0,6.8165,0.0,-788.4,0.0,6.8165,0.0,-788.4,0.0,6.8165,1.0,0.0,0.0,0.0,0.0
109,275.78,764.35,796.0,793.55,29.2,92.2591,0.035,0.0,-764.35,0.0,6.8165,0.0,-764.35,0.0,6.8165,1.0,0.0,0.0,0.0,0.0
110,276.18,775.9,794.5,787.8,11.9,63.9785,0.194,0.0,-775.9,0.0,6.8165,0.0,-775.9,0.0,6.8165,1.0,0.0,0.0,0.0,0.0
111,276.58,780.95,793.15,786.7,5.75,47.1311,0.3267,0.0,-780.95,0.0,6.8165,0.0,-780.95,0.0,6.8165,1.0,0.0,0.0,0.0,0.0
112,276.98,782.4,782.0,780.55,-1.85,110.0,-0.0414,0.0,-782.4,0.0,6.8165,0.0,-782.4,0.0,6.8165,1.0,0.0,0.0,0.0,0.0
113,277.37,789.15,798.45,791.0,1.85,19.8925,0.7013,0.0,-789.15,0.0,6.8165,0.0,-789.15,0.0,6.8165,1.0,0.0,0.0,0.0,0.0
114,277.77,783.5,796.65,792.35,8.85,67.3004,0.172,0.0,-783.5,0.0,6.8165,0.0,-783.5,0.0,6.8165,1.0,0.0,0.0,0.0,0.0
115,278.17,785.75,804.1,785.15,-0.6,0.0,6.8165,0.0,-785.75,0.0,6.8165,0.0,-785.75,0.0,6.8165,1.0,0.0,0.0,0.0,0.0
116,278.56,782.45,800.35,806.5,24.05,110.0,-0.0414,0.0,-782.45,0.0,6.8165,0.0,-782.45,0.0,6.8165,1.0,0.0,0.0,0.0,0.0
117,278.96,797.5,792.75,793.0,-4.5,94.7368,0.0235,0.0,-797.5,0.0,6.8165,0.0,-797.5,0.0,6.8165,1.0,0.0,0.0,0.0,0.0
118,279.36,788.75,815.4,787.45,-1.3,0.0,6.8165,0.0,-788.75,0.0,6.8165,0.0,-788.75,0.0,6.8165,1.0,0.0,0.0,0.0,0.0
119,279.75,792.7,800.95,781.45,-11.25,0.0,6.8165,0.0,-792.7,0.0,6.8165,0.0,-792.7,0.0,6.8165,1.0,0.0,0.0,0.0,0.0
120,280.15,799.05,787.15,794.3,-4.75,39.916,0.3989,0.0,-799.05,0.0,6.8165,0.0,-799.05,0.0,6.8165,1.0,0.0,0.0,0.0,0.0
121,280.55,769.3,809.05,796.8,27.5,69.1824,0.16,0.0,-769.3,0.0,6.8165,0.0,-769.3,0.0,6.8165,1.0,0.0,0.0,0.0,0.0
122,280.94,785.5,809.8,786.75,1.25,5.144,1.2887,0.0,-785.5,0.0,6.8165,0.0,-785.5,0.0,6.8165,1.0,0.0,0.0,0.0,0.0
123,281.34,772.85,804.05,790.25,17.4,55.7692,0.2536,0.0,-772.85,0.0,6.8165,0.0,-772.85,0.0,6.8165,1.0,0.0,0.0,0.0,0.0
124,281.73,787.35,794.2,787.15,-0.2,0.0,6.8165,0.0,-787.35,0.0,6.8165,0.0,-787.35,0.0,6.8165,1.0,0.0,0.0,0.0,0.0
125,282.13,794.6,795.35,779.3,-15.3,0.0,6.8165,0.0,-794.6,0.0,6.8165,0.0,-794.6,0.0,6.8165,1.0,0.0,0.0,0.0,0.0
126,282.53,786.05,798.9,785.35,-0.7,0.0,6.8165,0.0,-786.05,0.0,6.8165,0.0,-786.05,0.0,6.8165,1.0,0.0,0.0,0.0,0.0
127,282.92,782.05,807.05,793.35,11.3,45.2,0.3449,0.0,-782.05,0.0,6.8165,0.0,-782.05,0.0,6.8165,1.0,0.0,0.0,0.0,0.0
128,283.32,786.45,801.55,793.1,6.65,44.0397,0.3562,0.0,-786.45,0.0,6.8165,0.0,-786.45,0.0,6.8165,1.0,0.0,0.0,0.0,0.0
129,283.71,782.6,793.65,788.25,5.65,51.1312,0.2913,0.0,-782.6,0.0,6.8165,0.0,-782.6,0.0,6.8165,1.0,0.0,0.0,0.0,0.0
130,284.11,792.45,804.4,783.35,-9.1,0.0,6.8165,0.0,-792.45,0.0,6.8165,0.0,-792.45,0.0,6.8165,1.0,0.0,0.0,0.0,0.0
131,284.5,795.35,825.25,789.0,-6.35,0.0,6.8165,0.0,-795.35,0.0,6.8165,0.0,-795.35,0.0,6.8165,1.0,0.0,0.0,0.0,0.0
132,284.9,787.95,812.25,787.4,-0.55,0.0,6.8165,0.0,-787.95,0.0,6.8165,0.0,-787.95,0.0,6.8165,1.0,0.0,0.0,0.0,0.0
133,285.3,783.65,799.5,788.55,4.9,30.9148,0.5098,0.0,-783.65,0.0,6.8165,0.0,-783.65,0.0,6.8165,1.0,0.0,0.0,0.0,0.0
134,285.69,779.8,789.0,791.5,11.7,110.0,-0.0414,0.0,-779.8,0.0,6.8165,0.0,-779.8,0.0,6.8165,1.0,0.0,0.0,0.0,0.0
135,286.09,798.8,802.55,786.7,-12.1,0.0,6.8165,0.0,-798.8,0.0,6.8165,0.0,-798.8,0.0,6.8165,1.0,0.0,0.0,0.0,0.0
136,286.48,779.45,820.4,794.3,14.85,36.2637,0.4405,0.0,-779.45,0.0,6.8165,0.0,-779.45,0.0,6.8165,1.0,0.0,0.0,0.0,0.0
137,286.88,785.25,814.5,796.0,10.75,36.7521,0.4347,0.0,-785.25,0.0,6.8165,0.0,-785.25,0.0,6.8165,1.0,0.0,0.0,0.0,0.0
138,287.27,800.95,809.65,796.75,-4.2,0.0,6.8165,0.0,-800.95,0.0,6.8165,0.0,-800.95,0.0,6.8165,1.0,0.0,0.0,0.0,0.0
139,287.67,778.1,790.55,792.95,14.85,110.0,-0.0414,0.0,-778.1,0.0,6.8165,0.0,-778.1,0.0,6.8165,1.0,0.0,0.0,0.0,0.0
140,288.06,777.5,820.9,788.55,11.05,25.4608,0.5941,0.0,-777.5,0.0,6.8165,0.0,-777.5,0.0,6.8165,1.0,0.0,0.0,0.0,0.0
141,288.46,783.35,802.75,788.5,5.15,26.5464,0.576,0.0,-783.35,0.0,6.8165,0.0,-783.35,0.0,6.8165,1.0,0.0,0.0,0.0,0.0
142,288.85,783.5,796.6,804.0,20.5,110.0,-0.0414,0.0,-783.5,0.0,6.8165,0.0,-783.5,0.0,6.8165,1.0,0.0,0.0,0.0,0.0
143,289.24,786.9,807.8,798.0,11.1,53.11,0.2748,0.0,-786.9,0.0,6.8165,0.0,-786.9,0.0,6.8165,1.0,0.0,0.0,0.0,0.0
144,289.64,779.05,801.1,807.25,28.2,110.0,-0.0414,0.0,-779.05,0.0,6.8165,0.0,-779.05,0.0,6.8165,1.0,0.0,0.0,0.0,0.0
145,290.03,789.5,809.9,806.8,17.3,84.8039,0.0716,0.0,-789.5,0.0,6.8165,0.0,-789.5,0.0,6.8165,1.0,0.0,0.0,0.0,0.0
146,290.43,784.55,805.7,813.1,28.55,110.0,-0.0414,0.0,-784.55,0.0,6.8165,0.0,-784.55,0.0,6.8165,1.0,0.0,0.0,0.0,0.0
147,290.82,782.2,822.6,792.0,9.8,24.2574,0.6152,0.0,-782.2,0.0,6.8165,0.0,-782.2,0.0,6.8165,1.0,0.0,0.0,0.0,0.0
148,291.21,793.6,818.95,796.5,2.9,11.4398,0.9416,0.0,-793.6,0.0,6.8165,0.0,-793.6,0.0,6.8165,1.0,0.0,0.0,0.0,0.0
149,291.61,785.2,811.7,801.05,15.85,59.8113,0.2232,0.0,-785.2,0.0,6.8165,0.0,-785.2,0.0,6.8165,1.0,0.0,0.0,0.0,0.0
150,292.0,793.35,812.4,805.15,11.8,61.9423,0.208,0.0,-793.35,0.0,6.8165,0.0,-793.35,0.0,6.8165,1.0,0.0,0.0,0.0,0.0
151,292.4,786.95,801.55,807.8,20.85,110.0,-0.0414,0.0,-786.95,0.0,6.8165,0.0,-786.95,0.0,6.8165,1.0,0.0,0.0,0.0,0.0
152,292.79,793.65,807.7,789.4,-4.25,0.0,6.8165,0.0,-793.65,0.0,6.8165,0.0,-793.65,0.0,6.8165,1.0,0.0,0.0,0.0,0.0
153,293.18,786.45,806.85,803.9,17.45,85.5392,0.0678,0.0,-786.45,0.0,6.8165,0.0,-786.45,0.0,6.8165,1.0,0.0,0.0,0.0,0.0
154,293.58,776.15,799.5,802.8,26.65,110.0,-0.0414,0.0,-776.15,0.0,6.8165,0.0,-776.15,0.0,6.8165,1.0,0.0,0.0,0.0,0.0
155,293.97,788.6,806.85,798.4,9.8,53.6986,0.27,0.0,-788.6,0.0,6.8165,0.0,-788.6,0.0,6.8165,1.0,0.0,0.0,0.0,0.0
156,294.36,785.55,793.9,802.7,17.15,110.0,-0.0414,0.0,-785.55,0.0,6.8165,0.0,-785.55,0.0,6.8165,1.0,0.0,0.0,0.0,0.0
157,294.76,790.6,817.05,795.0,4.4,16.6352,0.779,0.0,-790.6,0.0,6.8165,0.0,-790.6,0.0,6.8165,1.0,0.0,0.0,0.0,0.0
158,295.15,770.45,817.55,793.55,23.1,49.0446,0.3094,0.0,-770.45,0.0,6.8165,0.0,-770.45,0.0,6.8165,1.0,0.0,0.0,0.0,0.0
159,295.54,794.4,828.8,794.55,0.15,0.436,2.3605,0.0,-794.4,0.0,6.8165,0.0,-794.4,0.0,6.8165,1.0,0.0,0.0,0.0,0.0
160,295.94,790.45,809.25,794.5,4.05,21.5426,0.6667,0.0,-790.45,0.0,6.8165,0.0,-790.45,0.0,6.8165,1.0,0.0,0.0,0.0,0.0
161,296.33,789.0,813.85,811.45,22.45,90.3421,0.0441,0.0,-789.0,0.0,6.8165,0.0,-789.0,0.0,6.8165,1.0,0.0,0.0,0.0,0.0
162,296.72,788.65,808.4,803.2,14.55,73.6709,0.1327,0.0,-788.65,0.0,6.8165,0.0,-788.65,0.0,6.8165,1.0,0.0,0.0,0.0,0.0
163,297.11,789.0,814.35,787.8,-1.2,0.0,6.8165,0.0,-789.0,0.0,6.8165,0.0,-789.0,0.0,6.8165,1.0,0.0,0.0,0.0,0.0
164,297.51,778.95,821.2,798.55,19.6,46.3905,0.3336,0.0,-778.95,0.0,6.8165,0.0,-778.95,0.0,6.8165,1.0,0.0,0.0,0.0,0.0
165,297.9,796.95,822.65,798.5,1.55,6.0311,1.2196,0.0,-796.95,0.0,6.8165,0.0,-796.95,0.0,6.8165,1.0,0.0,0.0,0.0,0.0
166,298.29,801.25,818.75,800.5,-0.75,0.0,6.8165,0.0,-801.25,0.0,6.8165,0.0,-801.25,0.0,6.8165,1.0,0.0,0.0,0.0,0.0
167,298.68,786.7,817.15,815.5,28.8,94.5813,0.0242,0.0,-786.7,0.0,6.8165,0.0,-786.7,0.0,6.8165,1.0,0.0,0.0,0.0,0.0
168,299.08,789.95,811.55,806.25,16.3,75.463,0.1223,0.0,-789.95,0.0,6.8165,0.0,-789.95,0.0,6.8165,1.0,0.0,0.0,0.0,0.0
169,299.47,781.75,812.95,799.65,17.9,57.3718,0.2413,0.0,-781.75,0.0,6.8165,0.0,-781.75,0.0,6.8165,1.0,0.0,0.0,0.0,0.0
170,299.86,768.05,822.15,814.15,46.1,85.2126,0.0695,0.0,-768.05,0.0,6.8165,0.0,-768.05,0.0,6.8165,1.0,0.0,0.0,0.0,0.0
171,300.25,797.35,817.0,824.05,26.7,110.0,-0.0414,0.0,-797.35,0.0,6.8165,0.0,-797.35,0.0,6.8165,1.0,0.0,0.0,0.0,0.0
172,300.64,775.65,818.45,808.15,32.5,75.9346,0.1196,0.0,-775.65,0.0,6.8165,0.0,-775.65,0.0,6.8165,1.0,0.0,0.0,0.0,0.0
173,301.04,787.1,797.1,815.55,28.45,110.0,-0.0414,0.0,-787.1,0.0,6.8165,0.0,-787.1,0.0,6.8165,1.0,0.0,0.0,0.0,0.0
174,301.43,782.85,830.25,802.6,19.75,41.6667,0.3802,0.0,-782.85,0.0,6.8165,0.0,-782.85,0.0,6.8165,1.0,0.0,0.0,0.0,0.0
175,301.82,778.4,817.75,810.05,31.65,80.432,0.0946,0.0,-778.4,0.0,6.8165,0.0,-778.4,0.0,6.8165,1.0,0.0,0.0,0.0,0.0
176,302.21,768.15,813.2,806.7,38.55,85.5716,0.0677,0.0,-768.15,0.0,6.8165,0.0,-768.15,0.0,6.8165,1.0,0.0,0.0,0.0,0.0
177,302.6,781.8,817.65,802.1,20.3,56.6248,0.247,0.0,-781.8,0.0,6.8165,0.0,-781.8,0.0,6.8165,1.0,0.0,0.0,0.0,0.0
178,302.99,781.0,820.25,810.4,29.4,74.9045,0.1255,0.0,-781.0,0.0,6.8165,0.0,-781.0,0.0,6.8165,1.0,0.0,0.0,0.0,0.0
179,303.38,778.15,811.3,807.45,29.3,88.3861,0.0536,0.0,-778.15,0.0,6.8165,0.0,-778.15,0.0,6.8165,1.0,0.0,0.0,0.0,0.0
180,303.78,797.05,813.15,808.65,11.6,72.0497,0.1424,0.0,-797.05,0.0,6.8165,0.0,-797.05,0.0,6.8165,1.0,0.0,0.0,0.0,0.0
181,304.17,776.05,822.7,790.0,13.95,29.9035,0.5243,0.0,-776.05,0.0,6.8165,0.0,-776.05,0.0,6.8165,1.0,0.0,0.0,0.0,0.0
182,304.56,782.3,810.85,799.75,17.45,61.1208,0.2138,0.0,-782.3,0.0,6.8165,0.0,-782.3,0.0,6.8165,1.0,0.0,0.0,0.0,0.0
183,304.95,781.15,802.65,809.65,28.5,110.0,-0.0414,0.0,-781.15,0.0,6.8165,0.0,-781.15,0.0,6.8165,1.0,0.0,0.0,0.0,0.0
184,305.34,794.25,819.8,817.1,22.85,89.4325,0.0485,0.0,-794.25,0.0,6.8165,0.0,-794.25,0.0,6.8165,1.0,0.0,0.0,0.0,0.0
185,305.73,789.65,818.4,815.05,25.4,88.3478,0.0538,0.0,-789.65,0.0,6.8165,0.0,-789.65,0.0,6.8165,1.0,0.0,0.0,0.0,0.0
186,306.12,781.2,813.25,801.3,20.1,62.7145,0.2026,0.0,-781.2,0.0,6.8165,0.0,-781.2,0.0,6.8165,1.0,0.0,0.0,0.0,0.0
187,306.51,787.35,812.15,788.6,1.25,5.0403,1.2975,0.0,-787.35,0.0,6.8165,0.0,-787.35,0.0,6.8165,1.0,0.0,0.0,0.0,0.0
188,306.9,788.55,828.05,800.95,12.4,31.3924,0.5032,0.0,-788.55,0.0,6.8165,0.0,-788.55,0.0,6.8165,1.0,0.0,0.0,0.0,0.0
189,307.29,806.1,821.3,807.1,1.0,6.5789,1.1818,0.0,-806.1,0.0,6.8165,0.0,-806.1,0.0,6.8165,1.0,0.0,0.0,0.0,0.0
190,307.68,785.55,824.55,805.45,19.9,51.0256,0.2922,0.0,-785.55,0.0,6.8165,0.0,-785.55,0.0,6.8165,1.0,0.0,0.0,0.0,0.0
191,308.07,782.85,835.1,806.9,24.05,46.0287,0.337,0.0,-782.85,0.0,6.8165,0.0,-782.85,0.0,6.8165,1.0,0.0,0.0,0.0,0.0
192,308.46,793.1,812.2,810.75,17.65,92.4084,0.0343,0.0,-793.1,0.0,6.8165,0.0,-793.1,0.0,6.8165,1.0,0.0,0.0,0.0,0.0
193,308.85,788.2,822.8,805.5,17.3,50.0,0.301,0.0,-788.2,0.0,6.8165,0.0,-788.2,0.0,6.8165,1.0,0.0,0.0,0.0,0.0
194,309.24,794.0,823.5,794.55,0.55,1.8644,1.7295,0.0,-794.0,0.0,6.8165,0.0,-794.0,0.0,6.8165,1.0,0.0,0.0,0.0,0.0
195,309.63,787.9,814.5,824.1,36.2,110.0,-0.0414,0.0,-787.9,0.0,6.8165,0.0,-787.9,0.0,6.8165,1.0,0.0,0.0,0.0,0.0
196,310.02,779.8,831.65,814.15,34.35,66.2488,0.1788,0.0,-779.8,0.0,6.8165,0.0,-779.8,0.0,6.8165,1.0,0.0,0.0,0.0,0.0
197,310.41,790.05,829.1,800.3,10.25,26.2484,0.5809,0.0,-790.05,0.0,6.8165,0.0,-790.05,0.0,6.8165,1.0,0.0,0.0,0.0,0.0
198,310.8,785.85,831.75,804.9,19.05,41.5033,0.3819,0.0,-785.85,0.0,6.8165,0.0,-785.85,0.0,6.8165,1.0,0.0,0.0,0.0,0.0
199,311.19,766.6,817.85,803.65,37.05,72.2927,0.1409,0.0,-766.6,0.0,6.8165,0.0,-766.6,0.0,6.8165,1.0,0.0,0.0,0.0,0.0
200,311.58,782.6,826.8,813.4,30.8,69.6833,0.1569,0.0,-782.6,0.0,6.8165,0.0,-782.6,0.0,6.8165,1.0,0.0,0.0,0.0,0.0
201,311.97,778.8,824.45,812.55,33.75,73.9321,0.1312,0.0,-778.8,0.0,6.8165,0.0,-778.8,0.0,6.8165,1.0,0.0,0.0,0.0,0.0
202,312.36,791.2,821.35,799.7,8.5,28.1924,0.5499,0.0,-791.2,0.0,6.8165,0.0,-791.2,0.0,6.8165,1.0,0.0,0.0,0.0,0.0
203,312.75,779.1,833.9,805.3,26.2,47.8102,0.3205,0.0,-779.1,0.0,6.8165,0.0,-779.1,0.0,6.8165,1.0,0.0,0.0,0.0,0.0
204,313.14,784.85,814.55,810.4,25.55,86.0269,0.0654,0.0,-784.85,0.0,6.8165,0.0,-784.85,0.0,6.8165,1.0,0.0,0.0,0.0,0.0
205,313.53,768.6,810.95,806.95,38.35,90.5549,0.0431,0.0,-768.6,0.0,6.8165,0.0,-768.6,0.0,6.8165,1.0,0.0,0.0,0.0,0.0
206,313.91,788.75,825.8,807.75,19.0,51.2821,0.29,0.0,-788.75,0.0,6.8165,0.0,-788.75,0.0,6.8165,1.0,0.0,0.0,0.0,0.0
207,314.3,782.15,820.55,810.85,28.7,74.7396,0.1264,0.0,-782.15,0.0,6.8165,0.0,-782.15,0.0,6.8165,1.0,0.0,0.0,0.0,0.0
208,314.69,788.8,813.3,823.0,34.2,110.0,-0.0414,0.0,-788.8,0.0,6.8165,0.0,-788.8,0.0,6.8165,1.0,0.0,0.0,0.0,0.0
209,315.08,790.05,827.05,806.5,16.45,44.4595,0.352,0.0,-790.05,0.0,6.8165,0.0,-790.05,0.0,6.8165,1.0,0.0,0.0,0.0,0.0
210,315.47,800.5,819.2,807.9,7.4,39.5722,0.4026,0.0,-800.5,0.0,6.8165,0.0,-800.5,0.0,6.8165,1.0,0.0,0.0,0.0,0.0
211,315.86,781.5,828.5,799.0,17.5,37.234,0.4291,0.0,-781.5,0.0,6.8165,0.0,-781.5,0.0,6.8165,1.0,0.0,0.0,0.0,0.0
212,316.25,781.4,824.75,806.9,25.5,58.8235,0.2304,0.0,-781.4,0.0,6.8165,0.0,-781.4,0.0,6.8165,1.0,0.0,0.0,0.0,0.0
213,316.63,789.95,825.4,809.4,19.45,54.866,0.2607,0.0,-789.95,0.0,6.8165,0.0,-789.95,0.0,6.8165,1.0,0.0,0.0,0.0,0.0
214,317.02,784.35,825.8,806.65,22.3,53.7998,0.2692,0.0,-784.35,0.0,6.8165,0.0,-784.35,0.0,6.8165,1.0,0.0,0.0,0.0,0.0
215,317.41,774.5,823.3,804.15,29.65,60.7582,0.2164,0.0,-774.5,0.0,6.8165,0.0,-774.5,0.0,6.8165,1.0,0.0,0.0,0.0,0.0
216,317.8,784.5,817.3,804.25,19.75,60.2134,0.2203,0.0,-784.5,0.0,6.8165,0.0,-784.5,0.0,6.8165,1.0,0.0,0.0,0.0,0.0
217,318.19,782.6,822.9,806.5,23.9,59.3052,0.2269,0.0,-782.6,0.0,6.8165,0.0,-782.6,0.0,6.8165,1.0,0.0,0.0,0.0,0.0
218,318.57,780.2,840.55,813.1,32.9,54.5153,0.2635,0.0,-780.2,0.0,6.8165,0.0,-780.2,0.0,6.8165,1.0,0.0,0.0,0.0,0.0
219,318.96,804.75,832.85,823.95,19.2,68.3274,0.1654,0.0,-804.75,0.0,6.8165,0.0,-804.75,0.0,6.8165,1.0,0.0,0.0,0.0,0.0
220,319.35,803.15,836.65,827.0,23.85,71.194,0.1476,0.0,-803.15,0.0,6.8165,0.0,-803.15,0.0,6.8165,1.0,0.0,0.0,0.0,0.0
221,319.74,786.25,846.55,804.35,18.1,30.0166,0.5226,0.0,-786.25,0.0,6.8165,0.0,-786.25,0.0,6.8165,1.0,0.0,0.0,0.0,0.0
222,320.12,774.0,832.1,803.55,29.55,50.8606,0.2936,0.0,-774.0,0.0,6.8165,0.0,-774.0,0.0,6.8165,1.0,0.0,0.0,0.0,0.0
223,320.51,779.6,833.0,806.8,27.2,50.9363,0.293,0.0,-779.6,0.0,6.8165,0.0,-779.6,0.0,6.8165,1.0,0.0,0.0,0.0,0.0
224,320.9,783.4,825.45,809.35,25.95,61.7122,0.2096,0.0,-783.4,0.0,6.8165,0.0,-783.4,0.0,6.8165,1.0,0.0,0.0,0.0,0.0
225,321.28,785.45,834.8,823.2,37.75,76.4944,0.1164,0.0,-785.45,0.0,6.8165,0.0,-785.45,0.0,6.8165,1.0,0.0,0.0,0.0,0.0
226,321.67,778.1,834.2,817.65,39.55,70.4991,0.1518,0.0,-778.1,0.0,6.8165,0.0,-778.1,0.0,6.8165,1.0,0.0,0.0,0.0,0.0
227,322.06,786.9,820.2,814.4,27.5,82.5826,0.0831,0.0,-786.9,0.0,6.8165,0.0,-786.9,0.0,6.8165,1.0,0.0,0.0,0.0,0.0
228,322.45,769.25,826.5,809.7,40.45,70.655,0.1509,0.0,-769.25,0.0,6.8165,0.0,-769.25,0.0,6.8165,1.0,0.0,0.0,0.0,0.0
229,322.83,766.65,830.55,815.7,49.05,76.7606,0.1149,0.0,-766.65,0.0,6.8165,0.0,-766.65,0.0,6.8165,1.0,0.0,0.0,0.0,0.0
230,323.22,794.45,829.9,807.95,13.5,38.0818,0.4193,0.0,-794.45,0.0,6.8165,0.0,-794.45,0.0,6.8165,1.0,0.0,0.0,0.0,0.0
231,323.61,784.35,830.25,828.0,43.65,95.098,0.0218,0.0,-784.35,0.0,6.8165,0.0,-784.35,0.0,6.8165,1.0,0.0,0.0,0.0,0.0
232,323.99,794.0,822.85,824.35,30.35,105.1993,-0.022,0.0,-794.0,0.0,6.8165,0.0,-794.0,0.0,6.8165,1.0,0.0,0.0,0.0,0.0
233,324.38,780.2,827.75,827.2,47.0,98.8433,0.0051,0.0,-780.2,0.0,6.8165,0.0,-780.2,0.0,6.8165,1.0,0.0,0.0,0.0,0.0
234,324.77,784.45,824.8,814.9,30.45,75.4647,0.1223,0.0,-784.45,0.0,6.8165,0.0,-784.45,0.0,6.8165,1.0,0.0,0.0,0.0,0.0
235,325.15,777.75,826.7,819.9,42.15,86.1083,0.065,0.0,-777.75,0.0,6.8165,0.0,-777.75,0.0,6.8165,1.0,0.0,0.0,0.0,0.0
236,325.54,794.85,821.55,819.0,24.15,90.4494,0.0436,0.0,-794.85,0.0,6.8165,0.0,-794.85,0.0,6.8165,1.0,0.0,0.0,0.0,0.0
237,325.92,793.05,824.1,827.75,34.7,110.0,-0.0414,0.0,-793.05,0.0,6.8165,0.0,-793.05,0.0,6.8165,1.0,0.0,0.0,0.0,0.0
238,326.31,771.4,829.75,815.75,44.35,76.0069,0.1191,0.0,-771.4,0.0,6.8165,0.0,-771.4,0.0,6.8165,1.0,0.0,0.0,0.0,0.0
239,326.7,786.45,837.95,803.0,16.55,32.1359,0.493,0.0,-786.45,0.0,6.8165,0.0,-786.45,0.0,6.8165,1.0,0.0,0.0,0.0,0.0
240,327.08,789.3,831.5,819.25,29.95,70.9716,0.1489,0.0,-789.3,0.0,6.8165,0.0,-789.3,0.0,6.8165,1.0,0.0,0.0,0.0,0.0
241,327.47,775.0,821.9,825.05,50.05,106.7164,-0.0282,0.0,-775.0,0.0,6.8165,0.0,-775.0,0.0,6.8165,1.0,0.0,0.0,0.0,0.0
242,327.85,782.8,824.25,823.0,40.2,96.9843,0.0133,0.0,-782.8,0.0,6.8165,0.0,-782.8,0.0,6.8165,1.0,0.0,0.0,0.0,0.0
243,328.24,783.95,821.3,820.8,36.85,98.6613,0.0059,0.0,-783.95,0.0,6.8165,0.0,-783.95,0.0,6.8165,1.0,0.0,0.0,0.0,0.0
244,328.62,786.8,835.65,834.25,47.45,97.1341,0.0126,0.0,-786.8,0.0,6.8165,0.0,-786.8,0.0,6.8165,1.0,0.0,0.0,0.0,0.0
245,329.01,782.95,827.4,816.15,33.2,74.6907,0.1267,0.0,-782.95,0.0,6.8165,0.0,-782.95,0.0,6.8165,1.0,0.0,0.0,0.0,0.0
246,329.39,789.65,842.5,804.4,14.75,27.9092,0.5543,0.0,-789.65,0.0,6.8165,0.0,-789.65,0.0,6.8165,1.0,0.0,0.0,0.0,0.0
247,329.78,781.3,831.05,811.6,30.3,60.9045,0.2154,0.0,-781.3,0.0,6.8165,0.0,-781.3,0.0,6.8165,1.0,0.0,0.0,0.0,0.0
248,330.16,793.15,823.7,817.85,24.7,80.8511,0.0923,0.0,-793.15,0.0,6.8165,0.0,-793.15,0.0,6.8165,1.0,0.0,0.0,0.0,0.0
249,330.55,773.4,838.8,804.85,31.45,48.0887,0.318,0.0,-773.4,0.0,6.8165,0.0,-773.4,0.0,6.8165,1.0,0.0,0.0,0.0,0.0
250,330.93,797.1,839.8,816.0,18.9,44.2623,0.354,0.0,-797.1,0.0,6.8165,0.0,-797.1,0.0,6.8165,1.0,0.0,0.0,0.0,0.0
251,331.32,796.9,840.85,807.7,10.8,24.5734,0.6095,0.0,-796.9,0.0,6.8165,0.0,-796.9,0.0,6.8165,1.0,0.0,0.0,0.0,0.0
252,331.7,796.3,838.65,822.25,25.95,61.2751,0.2127,0.0,-796.3,0.0,6.8165,0.0,-796.3,0.0,6.8165,1.0,0.0,0.0,0.0,0.0
253,332.09,778.25,854.1,819.25,41.0,54.0541,0.2672,0.0,-778.25,0.0,6.8165,0.0,-778.25,0.0,6.8165,1.0,0.0,0.0,0.0,0.0
254,332.47,792.85,862.0,810.85,18.0,26.0304,0.5845,0.0,-792.85,0.0,6.8165,0.0,-792.85,0.0,6.8165,1.0,0.0,0.0,0.0,0.0
255,332.86,783.2,829.4,821.55,38.35,83.0087,0.0809,0.0,-783.2,0.0,6.8165,0.0,-783.2,0.0,6.8165,1.0,0.0,0.0,0.0,0.0
256,333.24,787.7,834.15,819.5,31.8,68.4607,0.1646,0.0,-787.7,0.0,6.8165,0.0,-787.7,0.0,6.8165,1.0,0.0,0.0,0.0,0.0
257,333.63,780.85,832.4,815.85,35.0,67.8952,0.1682,0.0,-780.85,0.0,6.8165,0.0,-780.85,0.0,6.8165,1.0,0.0,0.0,0.0,0.0
258,334.01,786.4,843.5,827.75,41.35,72.4168,0.1402,0.0,-786.4,0.0,6.8165,0.0,-786.4,0.0,6.8165,1.0,0.0,0.0,0.0,0.0
259,334.39,774.55,840.55,815.6,41.05,62.197,0.2062,0.0,-774.55,0.0,6.8165,0.0,-774.55,0.0,6.8165,1.0,0.0,0.0,0.0,0.0
260,334.78,782.0,840.55,831.25,49.25,84.1161,0.0751,0.0,-782.0,0.0,6.8165,0.0,-782.0,0.0,6.8165,1.0,0.0,0.0,0.0,0.0
261,335.16,783.6,843.05,829.45,45.85,77.1236,0.1128,0.0,-783.6,0.0,6.8165,0.0,-783.6,0.0,6.8165,1.0,0.0,0.0,0.0,0.0
262,335.55,793.2,836.4,810.75,17.55,40.625,0.3912,0.0,-793.2,0.0,6.8165,0.0,-793.2,0.0,6.8165,1.0,0.0,0.0,0.0,0.0
263,335.93,791.95,838.4,818.35,26.4,56.8353,0.2454,0.0,-791.95,0.0,6.8165,0.0,-791.95,0.0,6.8165,1.0,0.0,0.0,0.0,0.0
264,336.31,779.5,834.85,809.75,30.25,54.6522,0.2624,0.0,-779.5,0.0,6.8165,0.0,-779.5,0.0,6.8165,1.0,0.0,0.0,0.0,0.0
265,336.7,783.9,843.25,832.8,48.9,82.3926,0.0841,0.0,-783.9,0.0,6.8165,0.0,-783.9,0.0,6.8165,1.0,0.0,0.0,0.0,0.0
266,337.08,788.9,846.15,816.4,27.5,48.0349,0.3184,0.0,-788.9,0.0,6.8165,0.0,-788.9,0.0,6.8165,1.0,0.0,0.0,0.0,0.0
267,337.46,780.85,843.2,814.95,34.1,54.6913,0.2621,0.0,-780.85,0.0,6.8165,0.0,-780.85,0.0,6.8165,1.0,0.0,0.0,0.0,0.0
268,337.85,786.1,838.45,817.9,31.8,60.745,0.2165,0.0,-786.1,0.0,6.8165,0.0,-786.1,0.0,6.8165,1.0,0.0,0.0,0.0,0.0
269,338.23,780.95,850.75,815.5,34.55,49.4986,0.3054,0.0,-780.95,0.0,6.8165,0.0,-780.95,0.0,6.8165,1.0,0.0,0.0,0.0,0.0
270,338.61,784.65,841.15,820.45,35.8,63.3628,0.1982,0.0,-784.65,0.0,6.8165,0.0,-784.65,0.0,6.8165,1.0,0.0,0.0,0.0,0.0
271,339.0,798.65,836.3,830.45,31.8,84.4622,0.0733,0.0,-798.65,0.0,6.8165,0.0,-798.65,0.0,6.8165,1.0,0.0,0.0,0.0,0.0
272,339.38,787.5,838.2,827.35,39.85,78.5996,0.1046,0.0,-787.5,0.0,6.8165,0.0,-787.5,0.0,6.8165,1.0,0.0,0.0,0.0,0.0
273,339.76,801.95,836.35,812.5,10.55,30.6686,0.5133,0.0,-801.95,0.0,6.8165,0.0,-801.95,0.0,6.8165,1.0,0.0,0.0,0.0,0.0
274,340.14,787.85,840.35,814.8,26.95,51.3333,0.2896,0.0,-787.85,0.0,6.8165,0.0,-787.85,0.0,6.8165,1.0,0.0,0.0,0.0,0.0
275,340.53,798.7,843.0,817.45,18.75,42.3251,0.3734,0.0,-798.7,0.0,6.8165,0.0,-798.7,0.0,6.8165,1.0,0.0,0.0,0.0,0.0
276,340.91,788.15,834.35,830.45,42.3,91.5584,0.0383,0.0,-788.15,0.0,6.8165,0.0,-788.15,0.0,6.8165,1.0,0.0,0.0,0.0,0.0
277,341.29,781.35,846.65,827.35,46.0,70.4441,0.1522,0.0,-781.35,0.0,6.8165,0.0,-781.35,0.0,6.8165,1.0,0.0,0.0,0.0,0.0
278,341.67,791.15,840.1,818.95,27.8,56.7926,0.2457,0.0,-791.15,0.0,6.8165,0.0,-791.15,0.0,6.8165,1.0,0.0,0.0,0.0,0.0
279,342.06,796.3,835.05,832.55,36.25,93.5484,0.029,0.0,-796.3,0.0,6.8165,0.0,-796.3,0.0,6.8165,1.0,0.0,0.0,0.0,0.0
280,342.44,784.65,847.8,826.25,41.6,65.8749,0.1813,0.0,-784.65,0.0,6.8165,0.0,-784.65,0.0,6.8165,1.0,0.0,0.0,0.0,0.0
281,342.82,775.0,844.35,829.35,54.35,78.3706,0.1058,0.0,-775.0,0.0,6.8165,0.0,-775.0,0.0,6.8165,1.0,0.0,0.0,0.0,0.0
282,343.2,772.5,836.2,825.0,52.5,82.4176,0.084,0.0,-772.5,0.0,6.8165,0.0,-772.5,0.0,6.8165,1.0,0.0,0.0,0.0,0.0
283,343.59,772.45,832.8,839.95,67.5,110.0,-0.0414,0.0,-772.45,0.0,6.8165,0.0,-772.45,0.0,6.8165,1.0,0.0,0.0,0.0,0.0
284,343.97,793.7,837.65,830.6,36.9,83.959,0.0759,0.0,-793.7,0.0,6.8165,0.0,-793.7,0.0,6.8165,1.0,0.0,0.0,0.0,0.0
285,344.35,792.55,846.1,819.6,27.05,50.5135,0.2966,0.0,-792.55,0.0,6.8165,0.0,-792.55,0.0,6.8165,1.0,0.0,0.0,0.0,0.0
286,344.73,782.2,841.85,829.65,47.45,79.5474,0.0994,0.0,-782.2,0.0,6.8165,0.0,-782.2,0.0,6.8165,1.0,0.0,0.0,0.0,0.0
287,345.11,773.7,860.05,833.6,59.9,69.3688,0.1588,0.0,-773.7,0.0,6.8165,0.0,-773.7,0.0,6.8165,1.0,0.0,0.0,0.0,0.0
288,345.49,776.7,847.05,828.25,51.55,73.2765,0.135,0.0,-776.7,0.0,6.8165,0.0,-776.7,0.0,6.8165,1.0,0.0,0.0,0.0,0.0
289,345.88,775.85,842.55,812.35,36.5,54.7226,0.2618,0.0,-775.85,0.0,6.8165,0.0,-775.85,0.0,6.8165,1.0,0.0,0.0,0.0,0.0
290,346.26,785.65,844.3,828.8,43.15,73.572,0.1333,0.0,-785.65,0.0,6.8165,0.0,-785.65,0.0,6.8165,1.0,0.0,0.0,0.0,0.0
291,346.64,783.25,839.35,820.0,36.75,65.508,0.1837,0.0,-783.25,0.0,6.8165,0.0,-783.25,0.0,6.8165,1.0,0.0,0.0,0.0,0.0
292,347.02,788.6,859.55,828.45,39.85,56.1663,0.2505,0.0,-788.6,0.0,6.8165,0.0,-788.6,0.0,6.8165,1.0,0.0,0.0,0.0,0.0
293,347.4,767.75,851.35,813.95,46.2,55.2632,0.2576,0.0,-767.75,0.0,6.8165,0.0,-767.75,0.0,6.8165,1.0,0.0,0.0,0.0,0.0
294,347.78,778.45,851.9,840.05,61.6,83.8666,0.0764,0.0,-778.45,0.0,6.8165,0.0,-778.45,0.0,6.8165,1.0,0.0,0.0,0.0,0.0
295,348.16,794.75,855.95,820.5,25.75,42.0752,0.376,0.0,-794.75,0.0,6.8165,0.0,-794.75,0.0,6.8165,1.0,0.0,0.0,0.0,0.0
296,348.54,785.75,846.7,828.05,42.3,69.4011,0.1586,0.0,-785.75,0.0,6.8165,0.0,-785.75,0.0,6.8165,1.0,0.0,0.0,0.0,0.0
297,348.92,782.3,844.75,810.4,28.1,44.996,0.3468,0.0,-782.3,0.0,6.8165,0.0,-782.3,0.0,6.8165,1.0,0.0,0.0,0.0,0.0
298,349.3,790.05,854.9,832.25,42.2,65.0732,0.1866,0.0,-790.05,0.0,6.8165,0.0,-790.05,0.0,6.8165,1.0,0.0,0.0,0.0,0.0
299,349.68,775.25,850.0,828.6,53.35,71.3712,0.1465,0.0,-775.25,0.0,6.8165,0.0,-775.25,0.0,6.8165,1.0,0.0,0.0,0.0,0.0
300,350.06,785.25,847.2,839.65,54.4,87.8128,0.0564,0.0,-785.25,0.0,6.8165,0.0,-785.25,0.0,6.8165,1.0,0.0,0.0,0.0,0.0
301,350.44,792.05,843.55,833.85,41.8,81.165,0.0906,0.0,-792.05,0.0,6.8165,0.0,-792.05,0.0,6.8165,1.0,0.0,0.0,0.0,0.0
302,350.82,788.75,859.25,822.35,33.6,47.6596,0.3218,0.0,-788.75,0.0,6.8165,0.0,-788.75,0.0,6.8165,1.0,0.0,0.0,0.0,0.0
303,351.21,786.7,846.35,824.0,37.3,62.5314,0.2039,0.0,-786.7,0.0,6.8165,0.0,-786.7,0.0,6.8165,1.0,0.0,0.0,0.0,0.0
304,351.59,788.15,852.5,828.1,39.95,62.0824,0.207,0.0,-788.15,0.0,6.8165,0.0,-788.15,0.0,6.8165,1.0,0.0,0.0,0.0,0.0
305,351.97,797.85,843.0,833.25,35.4,78.4053,0.1057,0.0,-797.85,0.0,6.8165,0.0,-797.85,0.0,6.8165,1.0,0.0,0.0,0.0,0.0
306,352.34,780.55,859.35,837.15,56.6,71.8274,0.1437,0.0,-780.55,0.0,6.8165,0.0,-780.55,0.0,6.8165,1.0,0.0,0.0,0.0,0.0
307,352.72,784.2,849.2,836.45,52.25,80.3846,0.0948,0.0,-784.2,0.0,6.8165,0.0,-784.2,0.0,6.8165,1.0,0.0,0.0,0.0,0.0
308,353.1,790.1,863.0,828.25,38.15,52.332,0.2812,0.0,-790.1,0.0,6.8165,0.0,-790.1,0.0,6.8165,1.0,0.0,0.0,0.0,0.0
309,353.48,776.95,849.9,826.55,49.6,67.9918,0.1675,0.0,-776.95,0.0,6.8165,0.0,-776.95,0.0,6.8165,1.0,0.0,0.0,0.0,0.0
310,353.86,779.75,850.25,829.95,50.2,71.2057,0.1475,0.0,-779.75,0.0,6.8165,0.0,-779.75,0.0,6.8165,1.0,0.0,0.0,0.0,0.0
311,354.24,787.7,842.35,817.65,29.95,54.8033,0.2612,0.0,-787.7,0.0,6.8165,0.0,-787.7,0.0,6.8165,1.0,0.0,0.0,0.0,0.0
312,354.62,775.4,843.15,838.1,62.7,92.5461,0.0336,0.0,-775.4,0.0,6.8165,0.0,-775.4,0.0,6.8165,1.0,0.0,0.0,0.0,0.0
313,355.0,784.75,861.9,836.8,52.05,67.466,0.1709,0.0,-784.75,0.0,6.8165,0.0,-784.75,0.0,6.8165,1.0,0.0,0.0,0.0,0.0
314,355.38,785.2,844.9,828.8,43.6,73.0318,0.1365,0.0,-785.2,0.0,6.8165,0.0,-785.2,0.0,6.8165,1.0,0.0,0.0,0.0,0.0
315,355.76,793.8,844.45,830.9,37.1,73.2478,0.1352,0.0,-793.8,0.0,6.8165,0.0,-793.8,0.0,6.8165,1.0,0.0,0.0,0.0,0.0
316,356.14,791.0,849.85,831.25,40.25,68.3942,0.165,0.0,-791.0,0.0,6.8165,0.0,-791.0,0.0,6.8165,1.0,0.0,0.0,0.0,0.0
317,356.52,786.45,853.75,846.25,59.8,88.8559,0.0513,0.0,-786.45,0.0,6.8165,0.0,-786.45,0.0,6.8165,1.0,0.0,0.0,0.0,0.0
318,356.9,773.0,849.6,836.25,63.25,82.5718,0.0832,0.0,-773.0,0.0,6.8165,0.0,-773.0,0.0,6.8165,1.0,0.0,0.0,0.0,0.0
319,357.27,782.15,841.9,847.95,65.8,110.0,-0.0414,0.0,-782.15,0.0,6.8165,0.0,-782.15,0.0,6.8165,1.0,0.0,0.0,0.0,0.0
320,357.65,782.2,846.85,821.8,39.6,61.2529,0.2129,0.0,-782.2,0.0,6.8165,0.0,-782.2,0.0,6.8165,1.0,0.0,0.0,0.0,0.0
321,358.03,800.05,867.05,821.9,21.85,32.6119,0.4866,0.0,-800.05,0.0,6.8165,0.0,-800.05,0.0,6.8165,1.0,0.0,0.0,0.0,0.0
322,358.41,795.3,856.95,838.8,43.5,70.5596,0.1514,0.0,-795.3,0.0,6.8165,0.0,-795.3,0.0,6.8165,1.0,0.0,0.0,0.0,0.0
323,358.79,786.75,849.25,840.3,53.55,85.68,0.0671,0.0,-786.75,0.0,6.8165,0.0,-786.75,0.0,6.8165,1.0,0.0,0.0,0.0,0.0
324,359.17,787.4,843.15,829.25,41.85,75.0673,0.1245,0.0,-787.4,0.0,6.8165,0.0,-787.4,0.0,6.8165,1.0,0.0,0.0,0.0,0.0
325,359.55,781.5,845.6,831.95,50.45,78.7051,0.104,0.0,-781.5,0.0,6.8165,0.0,-781.5,0.0,6.8165,1.0,0.0,0.0,0.0,0.0
326,359.92,781.55,856.2,833.05,51.5,68.9886,0.1612,0.0,-781.55,0.0,6.8165,0.0,-781.55,0.0,6.8165,1.0,0.0,0.0,0.0,0.0
327,360.3,781.7,834.9,811.25,29.55,55.5451,0.2554,0.0,-781.7,0.0,6.8165,0.0,-781.7,0.0,6.8165,1.0,0.0,0.0,0.0,0.0
328,360.68,777.85,855.0,830.65,52.8,68.4381,0.1647,0.0,-777.85,0.0,6.8165,0.0,-777.85,0.0,6.8165,1.0,0.0,0.0,0.0,0.0
329,361.06,776.0,840.35,826.2,50.2,78.0109,0.1078,0.0,-776.0,0.0,6.8165,0.0,-776.0,0.0,6.8165,1.0,0.0,0.0,0.0,0.0
330,361.43,792.9,852.0,830.45,37.55,63.5364,0.197,0.0,-792.9,0.0,6.8165,0.0,-792.9,0.0,6.8165,1.0,0.0,0.0,0.0,0.0
331,361.81,787.6,846.9,837.8,50.2,84.6543,0.0724,0.0,-787.6,0.0,6.8165,0.0,-787.6,0.0,6.8165,1.0,0.0,0.0,0.0,0.0
332,362.19,779.95,851.7,839.55,59.6,83.0662,0.0806,0.0,-779.95,0.0,6.8165,0.0,-779.95,0.0,6.8165,1.0,0.0,0.0,0.0,0.0
333,362.57,795.45,850.6,823.05,27.6,50.0453,0.3006,0.0,-795.45,0.0,6.8165,0.0,-795.45,0.0,6.8165,1.0,0.0,0.0,0.0,0.0
334,362.94,791.0,849.7,842.6,51.6,87.9046,0.056,0.0,-791.0,0.0,6.8165,0.0,-791.0,0.0,6.8165,1.0,0.0,0.0,0.0,0.0
335,363.32,785.0,851.7,837.6,52.6,78.8606,0.1031,0.0,-785.0,0.0,6.8165,0.0,-785.0,0.0,6.8165,1.0,0.0,0.0,0.0,0.0
336,363.7,794.25,860.5,834.1,39.85,60.1509,0.2208,0.0,-794.25,0.0,6.8165,0.0,-794.25,0.0,6.8165,1.0,0.0,0.0,0.0,0.0
337,364.08,805.6,859.1,848.05,42.45,79.3458,0.1005,0.0,-805.6,0.0,6.8165,0.0,-805.6,0.0,6.8165,1.0,0.0,0.0,0.0,0.0
338,364.45,781.05,858.85,822.55,41.5,53.3419,0.2729,0.0,-781.05,0.0,6.8165,0.0,-781.05,0.0,6.8165,1.0,0.0,0.0,0.0,0.0
339,364.83,780.4,852.05,833.9,53.5,74.6685,0.1269,0.0,-780.4,0.0,6.8165,0.0,-780.4,0.0,6.8165,1.0,0.0,0.0,0.0,0.0
340,365.21,792.0,867.4,828.05,36.05,47.8117,0.3205,0.0,-792.0,0.0,6.8165,0.0,-792.0,0.0,6.8165,1.0,0.0,0.0,0.0,0.0
341,365.58,781.25,856.1,850.35,69.1,92.318,0.0347,0.0,-781.25,0.0,6.8165,0.0,-781.25,0.0,6.8165,1.0,0.0,0.0,0.0,0.0
342,365.96,789.0,853.4,846.5,57.5,89.2857,0.0492,0.0,-789.0,0.0,6.8165,0.0,-789.0,0.0,6.8165,1.0,0.0,0.0,0.0,0.0
343,366.34,788.85,848.75,847.6,58.75,98.0801,0.0084,0.0,-788.85,0.0,6.8165,0.0,-788.85,0.0,6.8165,1.0,0.0,0.0,0.0,0.0
344,366.71,778.2,847.5,837.7,59.5,85.8586,0.0662,0.0,-778.2,0.0,6.8165,0.0,-778.2,0.0,6.8165,1.0,0.0,0.0,0.0,0.0
345,367.09,791.4,843.9,848.6,57.2,108.9524,-0.0372,0.0,-791.4,0.0,6.8165,0.0,-791.4,0.0,6.8165,1.0,0.0,0.0,0.0,0.0
346,367.47,780.2,851.95,840.7,60.5,84.3206,0.0741,0.0,-780.2,0.0,6.8165,0.0,-780.2,0.0,6.8165,1.0,0.0,0.0,0.0,0.0
347,367.84,776.35,845.25,844.05,67.7,98.2583,0.0076,0.0,-776.35,0.0,6.8165,0.0,-776.35,0.0,6.8165,1.0,0.0,0.0,0.0,0.0
348,368.22,785.75,841.7,824.35,38.6,68.9902,0.1612,0.0,-785.75,0.0,6.8165,0.0,-785.75,0.0,6.8165,1.0,0.0,0.0,0.0,0.0
349,368.59,778.9,847.5,823.8,44.9,65.4519,0.1841,0.0,-778.9,0.0,6.8165,0.0,-778.9,0.0,6.8165,1.0,0.0,0.0,0.0,0.0
350,368.97,765.45,850.65,821.8,56.35,66.1385,0.1795,0.0,-765.45,0.0,6.8165,0.0,-765.45,0.0,6.8165,1.0,0.0,0.0,0.0,0.0
351,369.35,783.9,858.2,827.75,43.85,59.0175,0.229,0.0,-783.9,0.0,6.8165,0.0,-783.9,0.0,6.8165,1.0,0.0,0.0,0.0,0.0
352,369.72,775.65,861.4,840.25,64.6,75.3353,0.123,0.0,-775.65,0.0,6.8165,0.0,-775.65,0.0,6.8165,1.0,0.0,0.0,0.0,0.0
353,370.1,782.2,846.6,844.3,62.1,96.4286,0.0158,0.0,-782.2,0.0,6.8165,0.0,-782.2,0.0,6.8165,1.0,0.0,0.0,0.0,0.0
354,370.47,785.05,852.75,836.35,51.3,75.7755,0.1205,0.0,-785.05,0.0,6.8165,0.0,-785.05,0.0,6.8165,1.0,0.0,0.0,0.0,0.0
355,370.85,792.5,860.8,832.75,40.25,58.9312,0.2297,0.0,-792.5,0.0,6.8165,0.0,-792.5,0.0,6.8165,1.0,0.0,0.0,0.0,0.0
356,371.22,797.3,855.35,841.3,44.0,75.7967,0.1203,0.0,-797.3,0.0,6.8165,0.0,-797.3,0.0,6.8165,1.0,0.0,0.0,0.0,0.0
357,371.6,789.55,850.75,842.6,53.05,86.683,0.0621,0.0,-789.55,0.0,6.8165,0.0,-789.55,0.0,6.8165,1.0,0.0,0.0,0.0,0.0
358,371.97,780.35,848.5,835.2,54.85,80.4842,0.0943,0.0,-780.35,0.0,6.8165,0.0,-780.35,0.0,6.8165,1.0,0.0,0.0,0.0,0.0
359,372.35,785.25,858.75,835.7,50.45,68.6395,0.1634,0.0,-785.25,0.0,6.8165,0.0,-785.25,0.0,6.8165,1.0,0.0,0.0,0.0,0.0
360,372.72,786.15,855.45,830.55,44.4,64.0693,0.1934,0.0,-786.15,0.0,6.8165,0.0,-786.15,0.0,6.8165,1.0,0.0,0.0,0.0,0.0
361,373.1,809.5,859.35,828.5,19.0,38.1143,0.4189,0.0,-809.5,0.0,6.8165,0.0,-809.5,0.0,6.8165,1.0,0.0,0.0,0.0,0.0
362,373.47,771.65,847.35,822.75,51.1,67.5033,0.1707,0.0,-771.65,0.0,6.8165,0.0,-771.65,0.0,6.8165,1.0,0.0,0.0,0.0,0.0
363,373.85,790.95,851.75,834.45,43.5,71.5461,0.1454,0.0,-790.95,0.0,6.8165,0.0,-790.95,0.0,6.8165,1.0,0.0,0.0,0.0,0.0
364,374.22,795.9,861.3,842.5,46.6,71.2538,0.1472,0.0,-795.9,0.0,6.8165,0.0,-795.9,0.0,6.8165,1.0,0.0,0.0,0.0,0.0
365,374.6,791.2,862.75,842.45,51.25,71.6282,0.1449,0.0,-791.2,0.0,6.8165,0.0,-791.2,0.0,6.8165,1.0,0.0,0.0,0.0,0.0
366,374.97,790.1,860.6,832.25,42.15,59.7872,0.2234,0.0,-790.1,0.0,6.8165,0.0,-790.1,0.0,6.8165,1.0,0.0,0.0,0.0,0.0
367,375.35,789.15,852.4,837.5,48.35,76.4427,0.1167,0.0,-789.15,0.0,6.8165,0.0,-789.15,0.0,6.8165,1.0,0.0,0.0,0.0,0.0
368,375.72,788.45,861.6,829.7,41.25,56.391,0.2488,0.0,-788.45,0.0,6.8165,0.0,-788.45,0.0,6.8165,1.0,0.0,0.0,0.0,0.0
369,376.09,778.85,856.4,831.5,52.65,67.8917,0.1682,0.0,-778.85,0.0,6.8165,0.0,-778.85,0.0,6.8165,1.0,0.0,0.0,0.0,0.0
370,376.47,779.25,854.65,830.25,51.0,67.6393,0.1698,0.0,-779.25,0.0,6.8165,0.0,-779.25,0.0,6.8165,1.0,0.0,0.0,0.0,0.0
371,376.84,792.45,870.35,832.6,40.15,51.5404,0.2879,0.0,-792.45,0.0,6.8165,0.0,-792.45,0.0,6.8165,1.0,0.0,0.0,0.0,0.0
372,377.22,800.65,870.8,831.8,31.15,44.4048,0.3526,0.0,-800.65,0.0,6.8165,0.0,-800.65,0.0,6.8165,1.0,0.0,0.0,0.0,0.0
373,377.59,784.15,857.1,833.35,49.2,67.4435,0.1711,0.0,-784.15,0.0,6.8165,0.0,-784.15,0.0,6.8165,1.0,0.0,0.0,0.0,0.0
374,377.96,793.2,866.05,838.45,45.25,62.1139,0.2068,0.0,-793.2,0.0,6.8165,0.0,-793.2,0.0,6.8165,1.0,0.0,0.0,0.0,0.0
375,378.34,788.05,863.15,838.8,50.75,67.5766,0.1702,0.0,-788.05,0.0,6.8165,0.0,-788.05,0.0,6.8165,1.0,0.0,0.0,0.0,0.0
376,378.71,780.15,871.15,838.8,58.65,64.4505,0.1908,0.0,-780.15,0.0,6.8165,0.0,-780.15,0.0,6.8165,1.0,0.0,0.0,0.0,0.0
377,379.08,782.85,861.5,839.55,56.7,72.0915,0.1421,0.0,-782.85,0.0,6.8165,0.0,-782.85,0.0,6.8165,1.0,0.0,0.0,0.0,0.0
378,379.46,773.75,855.3,843.85,70.1,85.9595,0.0657,0.0,-773.75,0.0,6.8165,0.0,-773.75,0.0,6.8165,1.0,0.0,0.0,0.0,0.0
379,379.83,802.65,871.85,846.55,43.9,63.4393,0.1976,0.0,-802.65,0.0,6.8165,0.0,-802.65,0.0,6.8165,1.0,0.0,0.0,0.0,0.0
380,380.2,786.6,854.9,844.1,57.5,84.1874,0.0748,0.0,-786.6,0.0,6.8165,0.0,-786.6,0.0,6.8165,1.0,0.0,0.0,0.0,0.0
381,380.58,776.7,846.65,852.1,75.4,107.7913,-0.0326,0.0,-776.7,0.0,6.8165,0.0,-776.7,0.0,6.8165,1.0,0.0,0.0,0.0,0.0
382,380.95,780.95,859.6,855.3,74.35,94.5327,0.0244,0.0,-780.95,0.0,6.8165,0.0,-780.95,0.0,6.8165,1.0,0.0,0.0,0.0,0.0
383,381.32,786.95,850.35,847.7,60.75,95.8202,0.0185,0.0,-786.95,0.0,6.8165,0.0,-786.95,0.0,6.8165,1.0,0.0,0.0,0.0,0.0
384,381.7,772.15,867.75,842.4,70.25,73.4833,0.1338,0.0,-772.15,0.0,6.8165,0.0,-772.15,0.0,6.8165,1.0,0.0,0.0,0.0,0.0
385,382.07,789.7,878.2,848.55,58.85,66.4972,0.1772,0.0,-789.7,0.0,6.8165,0.0,-789.7,0.0,6.8165,1.0,0.0,0.0,0.0,0.0
386,382.44,792.05,873.1,837.55,45.5,56.1382,0.2507,0.0,-792.05,0.0,6.8165,0.0,-792.05,0.0,6.8165,1.0,0.0,0.0,0.0,0.0
387,382.81,782.35,882.85,850.6,68.25,67.9104,0.1681,0.0,-782.35,0.0,6.8165,0.0,-782.35,0.0,6.8165,1.0,0.0,0.0,0.0,0.0
388,383.19,782.95,890.0,863.95,81.0,75.6656,0.1211,0.0,-782.95,0.0,6.8165,0.0,-782.95,0.0,6.8165,1.0,0.0,0.0,0.0,0.0
389,383.56,792.75,890.95,865.55,72.8,74.1344,0.13,0.0,-792.75,0.0,6.8165,0.0,-792.75,0.0,6.8165,1.0,0.0,0.0,0.0,0.0
390,383.93,779.15,896.35,868.2,89.05,75.9812,0.1193,0.0,-779.15,0.0,6.8165,0.0,-779.15,0.0,6.8165,1.0,0.0,0.0,0.0,0.0
391,384.3,799.55,893.25,858.0,58.45,62.3799,0.205,0.0,-799.55,0.0,6.8165,0.0,-799.55,0.0,6.8165,1.0,0.0,0.0,0.0,0.0
392,384.68,799.4,888.95,873.3,73.9,82.5237,0.0834,0.0,-799.4,0.0,6.8165,0.0,-799.4,0.0,6.8165,1.0,0.0,0.0,0.0,0.0
393,385.05,773.65,909.65,893.65,120.0,88.2353,0.0544,0.0,-773.65,0.0,6.8165,0.0,-773.65,0.0,6.8165,1.0,0.0,0.0,0.0,0.0
394,385.42,795.65,913.85,894.25,98.6,83.4179,0.0787,0.0,-795.65,0.0,6.8165,0.0,-795.65,0.0,6.8165,1.0,0.0,0.0,0.0,0.0
395,385.79,790.0,926.4,894.0,104.0,76.2463,0.1178,0.0,-790.0,0.0,6.8165,0.0,-790.0,0.0,6.8165,1.0,0.0,0.0,0.0,0.0
396,386.16,782.85,935.85,894.95,112.1,73.268,0.1351,0.0,-782.85,0.0,6.8165,0.0,-782.85,0.0,6.8165,1.0,0.0,0.0,0.0,0.0
397,386.53,796.6,934.85,884.8,88.2,63.7975,0.1952,0.0,-796.6,0.0,6.8165,0.0,-796.6,0.0,6.8165,1.0,0.0,0.0,0.0,0.0
398,386.91,786.05,947.95,909.55,123.5,76.2817,0.1176,0.0,-786.05,0.0,6.8165,0.0,-786.05,0.0,6.8165,1.0,0.0,0.0,0.0,0.0
399,387.28,785.1,954.15,915.75,130.65,77.2848,0.1119,0.0,-785.1,0.0,6.8165,0.0,-785.1,0.0,6.8165,1.0,0.0,0.0,0.0,0.0
400,387.65,779.9,960.95,920.65,140.75,77.741,0.1094,0.0,-779.9,0.0,6.8165,0.0,-779.9,0.0,6.8165,1.0,0.0,0.0,0.0,0.0
401,388.02,779.95,977.1,922.0,142.05,72.0517,0.1424,0.0,-779.95,0.0,6.8165,0.0,-779.95,0.0,6.8165,1.0,0.0,0.0,0.0,0.0
402,388.39,781.65,982.6,947.95,166.3,82.7569,0.0822,0.0,-781.65,0.0,6.8165,0.0,-781.65,0.0,6.8165,1.0,0.0,0.0,0.0,0.0
403,388.76,781.6,966.05,947.4,165.8,89.8889,0.0463,0.0,-781.6,0.0,6.8165,0.0,-781.6,0.0,6.8165,1.0,0.0,0.0,0.0,0.0
404,389.13,795.9,987.85,964.0,168.1,87.5749,0.0576,0.0,-795.9,0.0,6.8165,0.0,-795.9,0.0,6.8165,1.0,0.0,0.0,0.0,0.0
405,389.5,788.05,1004.85,958.7,170.65,78.7131,0.104,0.0,-788.05,0.0,6.8165,0.0,-788.05,0.0,6.8165,1.0,0.0,0.0,0.0,0.0
406,389.87,771.35,1031.85,1005.45,234.1,89.8656,0.0464,0.0,-771.35,0.0,6.8165,0.0,-771.35,0.0,6.8165,1.0,0.0,0.0,0.0,0.0
407,390.25,774.1,1050.95,997.35,223.25,80.6393,0.0935,0.0,-774.1,0.0,6.8165,0.0,-774.1,0.0,6.8165,1.0,0.0,0.0,0.0,0.0
408,390.62,790.65,1052.75,1015.15,224.5,85.6543,0.0673,0.0,-790.65,0.0,6.8165,0.0,-790.65,0.0,6.8165,1.0,0.0,0.0,0.0,0.0
409,390.99,789.05,1094.2,1049.9,260.85,85.4825,0.0681,0.0,-789.05,0.0,6.8165,0.0,-789.05,0.0,6.8165,1.0,0.0,0.0,0.0,0.0
410,391.36,799.85,1127.0,1106.2,306.35,93.6421,0.0285,0.0,-799.85,0.0,6.8165,0.0,-799.85,0.0,6.8165,1.0,0.0,0.0,0.0,0.0
411,391.73,782.2,1149.85,1113.0,330.8,89.9769,0.0459,0.0,-782.2,0.0,6.8165,0.0,-782.2,0.0,6.8165,1.0,0.0,0.0,0.0,0.0
412,392.1,798.3,1182.4,1154.25,355.95,92.6712,0.0331,0.0,-798.3,0.0,6.8165,0.0,-798.3,0.0,6.8165,1.0,0.0,0.0,0.0,0.0
413,392.47,773.1,1206.45,1184.0,410.9,94.8194,0.0231,0.0,-773.1,0.0,6.8165,0.0,-773.1,0.0,6.8165,1.0,0.0,0.0,0.0,0.0
414,392.84,793.95,1240.65,1202.5,408.55,91.4596,0.0388,0.0,-793.95,0.0,6.8165,0.0,-793.95,0.0,6.8165,1.0,0.0,0.0,0.0,0.0
415,393.21,788.7,1264.7,1233.9,445.2,93.5294,0.0291,0.0,-788.7,0.0,6.8165,0.0,-788.7,0.0,6.8165,1.0,0.0,0.0,0.0,0.0
416,393.58,783.9,1310.3,1246.05,462.15,87.7945,0.0565,0.0,-783.9,0.0,6.8165,0.0,-783.9,0.0,6.8165,1.0,0.0,0.0,0.0,0.0
417,393.95,790.55,1319.75,1273.85,483.3,91.3265,0.0394,0.0,-790.55,0.0,6.8165,0.0,-790.55,0.0,6.8165,1.0,0.0,0.0,0.0,0.0
418,394.32,780.05,1349.05,1316.35,536.3,94.2531,0.0257,0.0,-780.05,0.0,6.8165,0.0,-780.05,0.0,6.8165,1.0,0.0,0.0,0.0,0.0
419,394.69,806.25,1386.1,1318.5,512.25,88.3418,0.0538,0.0,-806.25,0.0,6.8165,0.0,-806.25,0.0,6.8165,1.0,0.0,0.0,0.0,0.0
420,395.06,789.85,1397.2,1369.85,580.0,95.4968,0.02,0.0,-789.85,0.0,6.8165,0.0,-789.85,0.0,6.8165,1.0,0.0,0.0,0.0,0.0
421,395.43,804.4,1451.0,1381.0,576.6,89.1741,0.0498,0.0,-804.4,0.0,6.8165,0.0,-804.4,0.0,6.8165,1.0,0.0,0.0,0.0,0.0
422,395.8,786.7,1476.45,1425.9,639.2,92.6713,0.0331,0.0,-786.7,0.0,6.8165,0.0,-786.7,0.0,6.8165,1.0,0.0,0.0,0.0,0.0
423,396.16,792.95,1520.35,1479.6,686.65,94.3979,0.025,0.0,-792.95,0.0,6.8165,0.0,-792.95,0.0,6.8165,1.0,0.0,0.0,0.0,0.0
424,396.53,775.45,1548.4,1485.1,709.65,91.8106,0.0371,0.0,-775.45,0.0,6.8165,0.0,-775.45,0.0,6.8165,1.0,0.0,0.0,0.0,0.0
425,396.9,775.9,1577.95,1514.0,738.1,92.0267,0.0361,0.0,-775.9,0.0,6.8165,0.0,-775.9,0.0,6.8165,1.0,0.0,0.0,0.0,0.0
426,397.27,784.55,1624.4,1547.15,762.6,90.8019,0.0419,0.0,-784.55,0.0,6.8165,0.0,-784.55,0.0,6.8165,1.0,0.0,0.0,0.0,0.0
427,397.64,789.75,1672.15,1574.9,785.15,88.9789,0.0507,0.0,-789.75,0.0,6.8165,0.0,-789.75,0.0,6.8165,1.0,0.0,0.0,0.0,0.0
428,398.01,786.3,1654.55,1589.0,802.7,92.4503,0.0341,0.0,-786.3,0.0,6.8165,0.0,-786.3,0.0,6.8165,1.0,0.0,0.0,0.0,0.0
429,398.38,781.95,1715.9,1646.6,864.65,92.5799,0.0335,0.0,-781.95,0.0,6.8165,0.0,-781.95,0.0,6.8165,1.0,0.0,0.0,0.0,0.0
430,398.75,776.45,1698.45,1642.3,865.85,93.91,0.0273,0.0,-776.45,0.0,6.8165,0.0,-776.45,0.0,6.8165,1.0,0.0,0.0,0.0,0.0
431,399.12,783.3,1756.4,1675.9,892.6,91.7275,0.0375,0.0,-783.3,0.0,6.8165,0.0,-783.3,0.0,6.8165,1.0,0.0,0.0,0.0,0.0
432,399.48,788.15,1808.5,1742.85,954.7,93.5659,0.0289,0.0,-788.15,0.0,6.8165,0.0,-788.15,0.0,6.8165,1.0,0.0,0.0,0.0,0.0
433,399.85,779.5,1783.45,1703.0,923.5,91.9867,0.0363,0.0,-779.5,0.0,6.8165,0.0,-779.5,0.0,6.8165,1.0,0.0,0.0,0.0,0.0
434,400.22,771.9,1808.05,1726.2,954.3,92.1006,0.0357,0.0,-771.9,0.0,6.8165,0.0,-771.9,0.0,6.8165,1.0,0.0,0.0,0.0,0.0
435,400.59,782.3,1858.5,1777.7,995.4,92.4921,0.0339,0.0,-782.3,0.0,6.8165,0.0,-782.3,0.0,6.8165,1.0,0.0,0.0,0.0,0.0
436,400.96,789.55,1844.1,1736.2,946.65,89.7681,0.0469,0.0,-789.55,0.0,6.8165,0.0,-789.55,0.0,6.8165,1.0,0.0,0.0,0.0,0.0
437,401.32,785.15,1847.75,1746.25,961.1,90.448,0.0436,0.0,-785.15,0.0,6.8165,0.0,-785.15,0.0,6.8165,1.0,0.0,0.0,0.0,0.0
438,401.69,796.75,1855.4,1766.7,969.95,91.6214,0.038,0.0,-796.75,0.0,6.8165,0.0,-796.75,0.0,6.8165,1.0,0.0,0.0,0.0,0.0
439,402.06,788.6,1904.4,1780.45,991.85,88.8914,0.0511,0.0,-788.6,0.0,6.8165,0.0,-788.6,0.0,6.8165,1.0,0.0,0.0,0.0,0.0
440,402.43,778.75,1870.1,1768.85,990.1,90.7225,0.0423,0.0,-778.75,0.0,6.8165,0.0,-778.75,0.0,6.8165,1.0,0.0,0.0,0.0,0.0
441,402.8,769.1,1872.3,1756.85,987.75,89.535,0.048,0.0,-769.1,0.0,6.8165,0.0,-769.1,0.0,6.8165,1.0,0.0,0.0,0.0,0.0
442,403.16,779.35,1892.7,1765.8,986.45,88.602,0.0526,0.0,-779.35,0.0,6.8165,0.0,-779.35,0.0,6.8165,1.0,0.0,0.0,0.0,0.0
443,403.53,778.0,1860.35,1751.25,973.25,89.9201,0.0461,0.0,-778.0,0.0,6.8165,0.0,-778.0,0.0,6.8165,1.0,0.0,0.0,0.0,0.0
444,403.9,787.05,1941.6,1783.25,996.2,86.2847,0.0641,0.0,-787.05,0.0,6.8165,0.0,-787.05,0.0,6.8165,1.0,0.0,0.0,0.0,0.0
445,404.27,790.85,1905.25,1764.5,973.65,87.3699,0.0586,0.0,-790.85,0.0,6.8165,0.0,-790.85,0.0,6.8165,1.0,0.0,0.0,0.0,0.0
446,404.63,795.95,1924.05,1772.05,976.1,86.526,0.0629,0.0,-795.95,0.0,6.8165,0.0,-795.95,0.0,6.8165,1.0,0.0,0.0,0.0,0.0
447,405.0,782.55,1940.0,1793.35,1010.8,87.3299,0.0588,0.0,-782.55,0.0,6.8165,0.0,-782.55,0.0,6.8165,1.0,0.0,0.0,0.0,0.0
448,405.37,782.6,1973.5,1794.8,1012.2,84.9945,0.0706,0.0,-782.6,0.0,6.8165,0.0,-782.6,0.0,6.8165,1.0,0.0,0.0,0.0,0.0
449,405.73,783.45,1998.25,1772.2,988.75,81.392,0.0894,0.0,-783.45,0.0,6.8165,0.0,-783.45,0.0,6.8165,1.0,0.0,0.0,0.0,0.0
450,406.1,795.7,2010.7,1811.6,1015.9,83.6132,0.0777,0.0,-795.7,0.0,6.8165,0.0,-795.7,0.0,6.8165,1.0,0.0,0.0,0.0,0.0
451,406.47,789.1,2019.15,1802.45,1013.35,82.3828,0.0842,0.0,-789.1,0.0,6.8165,0.0,-789.1,0.0,6.8165,1.0,0.0,0.0,0.0,0.0
452,406.83,779.6,2057.5,1816.35,1036.75,81.1292,0.0908,0.0,-779.6,0.0,6.8165,0.0,-779.6,0.0,6.8165,1.0,0.0,0.0,0.0,0.0
453,407.2,772.05,2058.15,1826.4,1054.35,81.9804,0.0863,0.0,-772.05,0.0,6.8165,0.0,-772.05,0.0,6.8165,1.0,0.0,0.0,0.0,0.0
454,407.57,786.6,2092.6,1854.35,1067.75,81.7573,0.0875,0.0,-786.6,0.0,6.8165,0.0,-786.6,0.0,6.8165,1.0,0.0,0.0,0.0,0.0
455,407.93,788.1,2099.6,1810.5,1022.4,77.9565,0.1081,0.0,-788.1,0.0,6.8165,0.0,-788.1,0.0,6.8165,1.0,0.0,0.0,0.0,0.0
456,408.3,786.85,2100.25,1829.0,1042.15,79.3475,0.1005,0.0,-786.85,0.0,6.8165,0.0,-786.85,0.0,6.8165,1.0,0.0,0.0,0.0,0.0
457,408.67,776.9,2097.9,1822.75,1045.85,79.1711,0.1014,0.0,-776.9,0.0,6.8165,0.0,-776.9,0.0,6.8165,1.0,0.0,0.0,0.0,0.0
458,409.03,791.75,2147.65,1847.25,1055.5,77.845,0.1088,0.0,-791.75,0.0,6.8165,0.0,-791.75,0.0,6.8165,1.0,0.0,0.0,0.0,0.0
459,409.4,766.6,2157.3,1837.4,1070.8,76.9972,0.1135,0.0,-766.6,0.0,6.8165,0.0,-766.6,0.0,6.8165,1.0,0.0,0.0,0.0,0.0
460,409.76,783.85,2222.55,1887.8,1103.95,76.7325,0.115,0.0,-783.85,0.0,6.8165,0.0,-783.85,0.0,6.8165,1.0,0.0,0.0,0.0,0.0
461,410.13,794.65,2162.9,1853.0,1058.35,77.3506,0.1115,0.0,-794.65,0.0,6.8165,0.0,-794.65,0.0,6.8165,1.0,0.0,0.0,0.0,0.0
462,410.5,786.6,2251.55,1894.75,1108.15,75.6442,0.1212,0.0,-786.6,0.0,6.8165,0.0,-786.6,0.0,6.8165,1.0,0.0,0.0,0.0,0.0
463,410.86,779.7,2292.05,1914.9,1135.2,75.062,0.1246,0.0,-779.7,0.0,6.8165,0.0,-779.7,0.0,6.8165,1.0,0.0,0.0,0.0,0.0
464,411.23,779.15,2295.45,1949.0,1169.85,77.1516,0.1127,0.0,-779.15,0.0,6.8165,0.0,-779.15,0.0,6.8165,1.0,0.0,0.0,0.0,0.0
465,411.59,791.9,2393.05,2027.65,1235.75,77.1789,0.1125,0.0,-791.9,0.0,6.8165,0.0,-791.9,0.0,6.8165,1.0,0.0,0.0,0.0,0.0
466,411.96,787.7,2463.4,2031.6,1243.9,74.2317,0.1294,0.0,-787.7,0.0,6.8165,0.0,-787.7,0.0,6.8165,1.0,0.0,0.0,0.0,0.0
467,412.32,786.0,2549.55,2124.0,1338.0,75.8697,0.1199,0.0,-786.0,0.0,6.8165,0.0,-786.0,0.0,6.8165,1.0,0.0,0.0,0.0,0.0
468,412.69,786.15,2699.9,2254.95,1468.8,76.7498,0.1149,0.0,-786.15,0.0,6.8165,0.0,-786.15,0.0,6.8165,1.0,0.0,0.0,0.0,0.0
469,413.05,786.75,2841.6,2391.8,1605.05,78.1103,0.1073,0.0,-786.75,0.0,6.8165,0.0,-786.75,0.0,6.8165,1.0,0.0,0.0,0.0,0.0
470,413.42,785.55,2928.65,2480.45,1694.9,79.0864,0.1019,0.0,-785.55,0.0,6.8165,0.0,-785.55,0.0,6.8165,1.0,0.0,0.0,0.0,0.0
471,413.78,778.4,3202.4,2747.6,1969.2,81.2376,0.0902,0.0,-778.4,0.0,6.8165,0.0,-778.4,0.0,6.8165,1.0,0.0,0.0,0.0,0.0
472,414.15,770.9,3335.9,2905.5,2134.6,83.2203,0.0798,0.0,-770.9,0.0,6.8165,0.0,-770.9,0.0,6.8165,1.0,0.0,0.0,0.0,0.0
473,414.51,786.6,3346.85,2967.25,2180.65,85.1733,0.0697,0.0,-786.6,0.0,6.8165,0.0,-786.6,0.0,6.8165,1.0,0.0,0.0,0.0,0.0
474,414.88,780.05,3373.5,3097.25,2317.2,89.3482,0.0489,0.0,-780.05,0.0,6.8165,0.0,-780.05,0.0,6.8165,1.0,0.0,0.0,0.0,0.0
475,415.24,793.95,3353.1,3141.1,2347.15,91.716,0.0376,0.0,-793.95,0.0,6.8165,0.0,-793.95,0.0,6.8165,1.0,0.0,0.0,0.0,0.0
476,415.61,783.6,3256.4,2988.6,2205.0,89.1702,0.0498,0.0,-783.6,0.0,6.8165,0.0,-783.6,0.0,6.8165,1.0,0.0,0.0,0.0,0.0
477,415.97,798.75,3014.95,2738.35,1939.6,87.5192,0.0579,0.0,-798.75,0.0,6.8165,0.0,-798.75,0.0,6.8165,1.0,0.0,0.0,0.0,0.0
478,416.33,804.95,2957.55,2647.6,1842.65,85.6011,0.0675,0.0,-804.95,0.0,6.8165,0.0,-804.95,0.0,6.8165,1.0,0.0,0.0,0.0,0.0
479,416.7,788.05,2862.0,2514.1,1726.05,83.2252,0.0797,0.0,-788.05,0.0,6.8165,0.0,-788.05,0.0,6.8165,1.0,0.0,0.0,0.0,0.0
480,417.06,787.7,2860.9,2437.85,1650.15,79.5943,0.0991,0.0,-787.7,0.0,6.8165,0.0,-787.7,0.0,6.8165,1.0,0.0,0.0,0.0,0.0
481,417.43,790.15,2756.55,2288.75,1498.6,76.2103,0.118,0.0,-790.15,0.0,6.8165,0.0,-790.15,0.0,6.8165,1.0,0.0,0.0,0.0,0.0
482,417.79,788.6,2659.9,2199.9,1411.3,75.4182,0.1225,0.0,-788.6,0.0,6.8165,0.0,-788.6,0.0,6.8165,1.0,0.0,0.0,0.0,0.0
483,418.15,778.3,2614.7,2107.85,1329.55,72.3998,0.1403,0.0,-778.3,0.0,6.8165,0.0,-778.3,0.0,6.8165,1.0,0.0,0.0,0.0,0.0
484,418.52,785.75,2659.75,2130.3,1344.55,71.7476,0.1442,0.0,-785.75,0.0,6.8165,0.0,-785.75,0.0,6.8165,1.0,0.0,0.0,0.0,0.0
485,418.88,790.65,2654.8,2085.85,1295.2,69.4794,0.1581,0.0,-790.65,0.0,6.8165,0.0,-790.65,0.0,6.8165,1.0,0.0,0.0,0.0,0.0
486,419.24,789.7,2723.35,2118.05,1328.35,68.6965,0.1631,0.0,-789.7,0.0,6.8165,0.0,-789.7,0.0,6.8165,1.0,0.0,0.0,0.0,0.0
487,419.61,795.2,2728.0,2104.45,1309.25,67.7385,0.1692,0.0,-795.2,0.0,6.8165,0.0,-795.2,0.0,6.8165,1.0,0.0,0.0,0.0,0.0
488,419.97,795.85,2734.65,2109.55,1313.7,67.7584,0.169,0.0,-795.85,0.0,6.8165,0.0,-795.85,0.0,6.8165,1.0,0.0,0.0,0.0,0.0
489,420.33,780.35,2833.45,2148.8,1368.45,66.6529,0.1762,0.0,-780.35,0.0,6.8165,0.0,-780.35,0.0,6.8165,1.0,0.0,0.0,0.0,0.0
490,420.7,786.5,2816.0,2180.75,1394.25,68.6992,0.163,0.0,-786.5,0.0,6.8165,0.0,-786.5,0.0,6.8165,1.0,0.0,0.0,0.0,0.0
491,421.06,792.3,2892.5,2205.75,1413.45,67.3007,0.172,0.0,-792.3,0.0,6.8165,0.0,-792.3,0.0,6.8165,1.0,0.0,0.0,0.0,0.0
492,421.42,780.75,2963.0,2247.15,1466.4,67.1967,0.1727,0.0,-780.75,0.0,6.8165,0.0,-780.75,0.0,6.8165,1.0,0.0,0.0,0.0,0.0
493,421.79,792.85,2982.3,2302.85,1510.0,68.9671,0.1614,0.0,-792.85,0.0,6.8165,0.0,-792.85,0.0,6.8165,1.0,0.0,0.0,0.0,0.0
494,422.15,785.05,3030.2,2336.75,1551.7,69.1134,0.1604,0.0,-785.05,0.0,6.8165,0.0,-785.05,0.0,6.8165,1.0,0.0,0.0,0.0,0.0
495,422.51,777.25,3138.3,2390.85,1613.6,68.3425,0.1653,0.0,-777.25,0.0,6.8165,0.0,-777.25,0.0,6.8165,1.0,0.0,0.0,0.0,0.0
496,422.87,781.9,3250.1,2506.1,1724.2,69.8566,0.1558,0.0,-781.9,0.0,6.8165,0.0,-781.9,0.0,6.8165,1.0,0.0,0.0,0.0,0.0
497,423.24,789.65,3344.6,2569.8,1780.15,69.6746,0.1569,0.0,-789.65,0.0,6.8165,0.0,-789.65,0.0,6.8165,1.0,0.0,0.0,0.0,0.0
498,423.6,789.0,3440.5,2701.75,1912.75,72.1384,0.1418,0.0,-789.0,0.0,6.8165,0.0,-789.0,0.0,6.8165,1.0,0.0,0.0,0.0,0.0
499,423.96,796.65,3589.8,2800.85,2004.2,71.7541,0.1442,0.0,-796.65,0.0,6.8165,0.0,-796.65,0.0,6.8165,1.0,0.0,0.0,0.0,0.0
500,424.32,791.55,3726.5,2938.95,2147.4,73.1665,0.1357,0.0,-791.55,0.0,6.8165,0.0,-791.55,0.0,6.8165,1.0,0.0,0.0,0.0,0.0
501,424.69,789.85,3818.05,3056.3,2266.45,74.8448,0.1258,0.0,-789.85,0.0,6.8165,0.0,-789.85,0.0,6.8165,1.0,0.0,0.0,0.0,0.0
502,425.05,782.3,4125.35,3297.6,2515.3,75.2397,0.1236,0.0,-782.3,0.0,6.8165,0.0,-782.3,0.0,6.8165,1.0,0.0,0.0,0.0,0.0
503,425.41,788.25,4372.85,3523.15,2734.9,76.2958,0.1175,0.0,-788.25,0.0,6.8165,0.0,-788.25,0.0,6.8165,1.0,0.0,0.0,0.0,0.0
504,425.77,783.6,4405.9,3632.85,2849.25,78.6586,0.1043,0.0,-783.6,0.0,6.8165,0.0,-783.6,0.0,6.8165,1.0,0.0,0.0,0.0,0.0
505,426.13,794.8,4576.9,3804.2,3009.4,79.5696,0.0993,0.0,-794.8,0.0,6.8165,0.0,-794.8,0.0,6.8165,1.0,0.0,0.0,0.0,0.0
506,426.5,793.35,4678.8,3916.5,3123.15,80.3807,0.0948,0.0,-793.35,0.0,6.8165,0.0,-793.35,0.0,6.8165,1.0,0.0,0.0,0.0,0.0
507,426.86,785.4,4830.9,4103.35,3317.95,82.0158,0.0861,0.0,-785.4,0.0,6.8165,0.0,-785.4,0.0,6.8165,1.0,0.0,0.0,0.0,0.0
508,427.22,780.4,5265.45,4471.3,3690.9,82.2934,0.0846,0.0,-780.4,0.0,6.8165,0.0,-780.4,0.0,6.8165,1.0,0.0,0.0,0.0,0.0
509,427.58,791.8,5260.25,4565.3,3773.5,84.4476,0.0734,0.0,-791.8,0.0,6.8165,0.0,-791.8,0.0,6.8165,1.0,0.0,0.0,0.0,0.0
510,427.94,797.5,5586.95,4854.3,4056.8,84.7028,0.0721,0.0,-797.5,0.0,6.8165,0.0,-797.5,0.0,6.8165,1.0,0.0,0.0,0.0,0.0
511,428.3,794.45,5798.55,5099.6,4305.15,86.0325,0.0653,0.0,-794.45,0.0,6.8165,0.0,-794.45,0.0,6.8165,1.0,0.0,0.0,0.0,0.0
512,428.66,773.45,5652.9,4996.25,4222.8,86.5425,0.0628,0.0,-773.45,0.0,6.8165,0.0,-773.45,0.0,6.8165,1.0,0.0,0.0,0.0,0.0
513,429.02,786.75,5694.4,5111.25,4324.5,88.1175,0.0549,0.0,-786.75,0.0,6.8165,0.0,-786.75,0.0,6.8165,1.0,0.0,0.0,0.0,0.0
514,429.39,777.45,5701.45,5109.8,4332.35,87.9844,0.0556,0.0,-777.45,0.0,6.8165,0.0,-777.45,0.0,6.8165,1.0,0.0,0.0,0.0,0.0
515,429.75,780.95,5697.25,5092.65,4311.7,87.7021,0.057,0.0,-780.95,0.0,6.8165,0.0,-780.95,0.0,6.8165,1.0,0.0,0.0,0.0,0.0
516,430.11,789.65,5602.5,4997.4,4207.75,87.4274,0.0584,0.0,-789.65,0.0,6.8165,0.0,-789.65,0.0,6.8165,1.0,0.0,0.0,0.0,0.0
517,430.47,792.8,5499.55,4851.1,4058.3,86.223,0.0644,0.0,-792.8,0.0,6.8165,0.0,-792.8,0.0,6.8165,1.0,0.0,0.0,0.0,0.0
518,430.83,795.35,5275.4,4612.0,3816.65,85.1921,0.0696,0.0,-795.35,0.0,6.8165,0.0,-795.35,0.0,6.8165,1.0,0.0,0.0,0.0,0.0
519,431.19,780.7,5181.25,4451.75,3671.05,83.4225,0.0787,0.0,-780.7,0.0,6.8165,0.0,-780.7,0.0,6.8165,1.0,0.0,0.0,0.0,0.0
520,431.55,778.8,4765.45,4072.95,3294.15,82.6295,0.0829,0.0,-778.8,0.0,6.8165,0.0,-778.8,0.0,6.8165,1.0,0.0,0.0,0.0,0.0
521,431.91,786.45,4710.1,3958.95,3172.5,80.8558,0.0923,0.0,-786.45,0.0,6.8165,0.0,-786.45,0.0,6.8165,1.0,0.0,0.0,0.0,0.0
522,432.27,785.3,4566.9,3751.95,2966.65,78.4496,0.1054,0.0,-785.3,0.0,6.8165,0.0,-785.3,0.0,6.8165,1.0,0.0,0.0,0.0,0.0
523,432.63,795.0,4320.95,3453.0,2658.0,75.3839,0.1227,0.0,-795.0,0.0,6.8165,0.0,-795.0,0.0,6.8165,1.0,0.0,0.0,0.0,0.0
524,432.99,779.25,4147.95,3256.8,2477.55,73.5462,0.1334,0.0,-779.25,0.0,6.8165,0.0,-779.25,0.0,6.8165,1.0,0.0,0.0,0.0,0.0
525,433.35,775.55,4021.55,3065.05,2289.5,70.533,0.1516,0.0,-775.55,0.0,6.8165,0.0,-775.55,0.0,6.8165,1.0,0.0,0.0,0.0,0.0
526,433.71,787.1,3858.6,2872.7,2085.6,67.9017,0.1681,0.0,-787.1,0.0,6.8165,0.0,-787.1,0.0,6.8165,1.0,0.0,0.0,0.0,0.0
527,434.07,795.4,3870.7,2776.85,1981.45,64.4311,0.1909,0.0,-795.4,0.0,6.8165,0.0,-795.4,0.0,6.8165,1.0,0.0,0.0,0.0,0.0
528,434.43,782.25,3676.5,2583.7,1801.45,62.2424,0.2059,0.0,-782.25,0.0,6.8165,0.0,-782.25,0.0,6.8165,1.0,0.0,0.0,0.0,0.0
529,434.79,803.25,3588.25,2426.7,1623.45,58.2926,0.2344,0.0,-803.25,0.0,6.8165,0.0,-803.25,0.0,6.8165,1.0,0.0,0.0,0.0,0.0
530,435.15,785.3,3554.7,2293.6,1508.3,54.4631,0.2639,0.0,-785.3,0.0,6.8165,0.0,-785.3,0.0,6.8165,1.0,0.0,0.0,0.0,0.0
531,435.51,803.25,3481.0,2194.2,1390.95,51.9447,0.2845,0.0,-803.25,0.0,6.8165,0.0,-803.25,0.0,6.8165,1.0,0.0,0.0,0.0,0.0
532,435.87,768.5,3389.8,2093.15,1324.65,50.5341,0.2964,0.0,-768.5,0.0,6.8165,0.0,-768.5,0.0,6.8165,1.0,0.0,0.0,0.0,0.0
533,436.23,792.4,3376.45,2014.4,1222.0,47.2901,0.3252,0.0,-792.4,0.0,6.8165,0.0,-792.4,0.0,6.8165,1.0,0.0,0.0,0.0,0.0
534,436.59,799.5,3406.35,1944.55,1145.05,43.9247,0.3573,0.0,-799.5,0.0,6.8165,0.0,-799.5,0.0,6.8165,1.0,0.0,0.0,0.0,0.0
535,436.94,801.7,3352.65,1847.6,1045.9,41.0004,0.3872,0.0,-801.7,0.0,6.8165,0.0,-801.7,0.0,6.8165,1.0,0.0,0.0,0.0,0.0
536,437.3,784.7,3305.65,1778.3,993.6,39.4137,0.4044,0.0,-784.7,0.0,6.8165,0.0,-784.7,0.0,6.8165,1.0,0.0,0.0,0.0,0.0
537,437.66,803.8,3251.15,1715.6,911.8,37.2566,0.4288,0.0,-803.8,0.0,6.8165,0.0,-803.8,0.0,6.8165,1.0,0.0,0.0,0.0,0.0
538,438.02,782.2,3281.25,1667.4,885.2,35.4215,0.4507,0.0,-782.2,0.0,6.8165,0.0,-782.2,0.0,6.8165,1.0,0.0,0.0,0.0,0.0
539,438.38,787.3,3282.9,1632.85,845.55,33.8816,0.47,0.0,-787.3,0.0,6.8165,0.0,-787.3,0.0,6.8165,1.0,0.0,0.0,0.0,0.0
540,438.74,797.05,3248.55,1570.15,773.1,31.5358,0.5012,0.0,-797.05,0.0,6.8165,0.0,-797.05,0.0,6.8165,1.0,0.0,0.0,0.0,0.0
541,439.1,792.95,3161.95,1524.6,731.65,30.8843,0.5103,0.0,-792.95,0.0,6.8165,0.0,-792.95,0.0,6.8165,1.0,0.0,0.0,0.0,0.0
542,439.46,789.8,3178.9,1462.2,672.4,28.1445,0.5506,0.0,-789.8,0.0,6.8165,0.0,-789.8,0.0,6.8165,1.0,0.0,0.0,0.0,0.0
543,439.81,781.3,3136.7,1443.2,661.9,28.1014,0.5513,0.0,-781.3,0.0,6.8165,0.0,-781.3,0.0,6.8165,1.0,0.0,0.0,0.0,0.0
544,440.17,776.45,3067.95,1391.9,615.45,26.858,0.5709,0.0,-776.45,0.0,6.8165,0.0,-776.45,0.0,6.8165,1.0,0.0,0.0,0.0,0.0
545,440.53,795.3,3129.7,1382.35,587.05,25.1478,0.5995,0.0,-795.3,0.0,6.8165,0.0,-795.3,0.0,6.8165,1.0,0.0,0.0,0.0,0.0
546,440.89,798.2,3114.6,1336.9,538.7,23.2559,0.6335,0.0,-798.2,0.0,6.8165,0.0,-798.2,0.0,6.8165,1.0,0.0,0.0,0.0,0.0
547,441.25,789.35,3074.55,1299.75,510.4,22.335,0.651,0.0,-789.35,0.0,6.8165,0.0,-789.35,0.0,6.8165,1.0,0.0,0.0,0.0,0.0
548,441.6,786.05,3073.65,1297.45,511.4,22.3553,0.6506,0.0,-786.05,0.0,6.8165,0.0,-786.05,0.0,6.8165,1.0,0.0,0.0,0.0,0.0
549,441.96,779.4,3097.25,1279.3,499.9,21.5674,0.6662,0.0,-779.4,0.0,6.8165,0.0,-779.4,0.0,6.8165,1.0,0.0,0.0,0.0,0.0
550,442.32,780.9,3076.3,1244.15,463.25,20.1817,0.695,0.0,-780.9,0.0,6.8165,0.0,-780.9,0.0,6.8165,1.0,0.0,0.0,0.0,0.0
551,442.68,787.6,2989.75,1231.2,443.6,20.144,0.6959,0.0,-787.6,0.0,6.8165,0.0,-787.6,0.0,6.8165,1.0,0.0,0.0,0.0,0.0
552,443.03,794.7,3144.65,1224.6,429.9,18.294,0.7377,0.0,-794.7,0.0,6.8165,0.0,-794.7,0.0,6.8165,1.0,0.0,0.0,0.0,0.0
553,443.39,766.8,3051.9,1196.85,430.05,18.8197,0.7254,0.0,-766.8,0.0,6.8165,0.0,-766.8,0.0,6.8165,1.0,0.0,0.0,0.0,0.0
554,443.75,773.1,3193.9,1197.9,424.8,17.5479,0.7558,0.0,-773.1,0.0,6.8165,0.0,-773.1,0.0,6.8165,1.0,0.0,0.0,0.0,0.0
555,444.11,781.55,3169.7,1172.75,391.2,16.3809,0.7857,0.0,-781.55,0.0,6.8165,0.0,-781.55,0.0,6.8165,1.0,0.0,0.0,0.0,0.0
556,444.46,788.75,3103.8,1156.05,367.3,15.8657,0.7995,0.0,-788.75,0.0,6.8165,0.0,-788.75,0.0,6.8165,1.0,0.0,0.0,0.0,0.0
557,444.82,795.6,3070.35,1167.35,371.75,16.3425,0.7867,0.0,-795.6,0.0,6.8165,0.0,-795.6,0.0,6.8165,1.0,0.0,0.0,0.0,0.0
558,445.18,786.45,3099.3,1140.4,353.95,15.3036,0.8152,0.0,-786.45,0.0,6.8165,0.0,-786.45,0.0,6.8165,1.0,0.0,0.0,0.0,0.0
559,445.53,786.2,3102.6,1136.9,350.7,15.1399,0.8199,0.0,-786.2,0.0,6.8165,0.0,-786.2,0.0,6.8165,1.0,0.0,0.0,0.0,0.0
560,445.89,786.9,3145.75,1124.15,337.25,14.2972,0.8447,0.0,-786.9,0.0,6.8165,0.0,-786.9,0.0,6.8165,1.0,0.0,0.0,0.0,0.0
561,446.25,788.85,3179.1,1127.5,338.65,14.168,0.8487,0.0,-788.85,0.0,6.8165,0.0,-788.85,0.0,6.8165,1.0,0.0,0.0,0.0,0.0
562,446.6,792.45,3106.0,1106.6,314.15,13.5787,0.8671,0.0,-792.45,0.0,6.8165,0.0,-792.45,0.0,6.8165,1.0,0.0,0.0,0.0,0.0
563,446.96,797.05,3136.9,1105.25,308.2,13.1718,0.8804,0.0,-797.05,0.0,6.8165,0.0,-797.05,0.0,6.8165,1.0,0.0,0.0,0.0,0.0
564,447.32,800.7,3141.9,1101.15,300.45,12.8332,0.8917,0.0,-800.7,0.0,6.8165,0.0,-800.7,0.0,6.8165,1.0,0.0,0.0,0.0,0.0
565,447.67,794.25,3242.55,1100.05,305.8,12.4903,0.9034,0.0,-794.25,0.0,6.8165,0.0,-794.25,0.0,6.8165,1.0,0.0,0.0,0.0,0.0
566,448.03,800.15,3205.9,1084.65,284.5,11.8258,0.9272,0.0,-800.15,0.0,6.8165,0.0,-800.15,0.0,6.8165,1.0,0.0,0.0,0.0,0.0
567,448.38,796.4,3215.5,1071.55,275.15,11.3741,0.9441,0.0,-796.4,0.0,6.8165,0.0,-796.4,0.0,6.8165,1.0,0.0,0.0,0.0,0.0
568,448.74,794.2,3351.75,1097.2,303.0,11.8473,0.9264,0.0,-794.2,0.0,6.8165,0.0,-794.2,0.0,6.8165,1.0,0.0,0.0,0.0,0.0
569,449.1,796.4,3288.2,1077.35,280.95,11.275,0.9479,0.0,-796.4,0.0,6.8165,0.0,-796.4,0.0,6.8165,1.0,0.0,0.0,0.0,0.0
570,449.45,795.75,3454.3,1076.05,280.3,10.5433,0.977,0.0,-795.75,0.0,6.8165,0.0,-795.75,0.0,6.8165,1.0,0.0,0.0,0.0,0.0
571,449.81,800.7,3635.8,1076.3,275.6,9.721,1.0123,0.0,-800.7,0.0,6.8165,0.0,-800.7,0.0,6.8165,1.0,0.0,0.0,0.0,0.0
572,450.16,788.8,3751.9,1087.75,298.95,10.0891,0.9961,0.0,-788.8,0.0,6.8165,0.0,-788.8,0.0,6.8165,1.0,0.0,0.0,0.0,0.0
573,450.52,798.55,3978.7,1110.6,312.05,9.8124,1.0082,0.0,-798.55,0.0,6.8165,0.0,-798.55,0.0,6.8165,1.0,0.0,0.0,0.0,0.0
574,450.87,804.65,3860.7,1086.25,281.6,9.2145,1.0355,0.0,-804.65,0.0,6.8165,0.0,-804.65,0.0,6.8165,1.0,0.0,0.0,0.0,0.0
575,451.23,803.0,3671.8,1068.6,265.6,9.2582,1.0335,0.0,-803.0,0.0,6.8165,0.0,-803.0,0.0,6.8165,1.0,0.0,0.0,0.0,0.0
576,451.59,801.85,3642.9,1053.0,251.15,8.84,1.0535,0.0,-801.85,0.0,6.8165,0.0,-801.85,0.0,6.8165,1.0,0.0,0.0,0.0,0.0
577,451.94,794.4,3569.6,1056.55,262.15,9.4462,1.0247,0.0,-794.4,0.0,6.8165,0.0,-794.4,0.0,6.8165,1.0,0.0,0.0,0.0,0.0
578,452.3,800.2,3643.8,1043.9,243.7,8.5701,1.067,0.0,-800.2,0.0,6.8165,0.0,-800.2,0.0,6.8165,1.0,0.0,0.0,0.0,0.0
579,452.65,785.05,3671.0,1052.6,267.55,9.2708,1.0329,0.0,-785.05,0.0,6.8165,0.0,-785.05,0.0,6.8165,1.0,0.0,0.0,0.0,0.0
580,453.01,793.6,3768.4,1059.6,266.0,8.9418,1.0486,0.0,-793.6,0.0,6.8165,0.0,-793.6,0.0,6.8165,1.0,0.0,0.0,0.0,0.0
581,453.36,785.25,3666.55,1035.8,250.55,8.6957,1.0607,0.0,-785.25,0.0,6.8165,0.0,-785.25,0.0,6.8165,1.0,0.0,0.0,0.0,0.0
582,453.71,797.65,3512.35,1031.0,233.35,8.5958,1.0657,0.0,-797.65,0.0,6.8165,0.0,-797.65,0.0,6.8165,1.0,0.0,0.0,0.0,0.0
583,454.07,788.75,3550.0,1034.9,246.15,8.9144,1.0499,0.0,-788.75,0.0,6.8165,0.0,-788.75,0.0,6.8165,1.0,0.0,0.0,0.0,0.0
584,454.42,778.95,3559.65,1024.7,245.75,8.8377,1.0537,0.0,-778.95,0.0,6.8165,0.0,-778.95,0.0,6.8165,1.0,0.0,0.0,0.0,0.0
585,454.78,775.45,3661.65,1022.7,247.25,8.5666,1.0672,0.0,-775.45,0.0,6.8165,0.0,-775.45,0.0,6.8165,1.0,0.0,0.0,0.0,0.0
586,455.13,785.5,3650.05,1024.35,238.85,8.3381,1.0789,0.0,-785.5,0.0,6.8165,0.0,-785.5,0.0,6.8165,1.0,0.0,0.0,0.0,0.0
587,455.49,808.5,3761.75,1005.65,197.15,6.6757,1.1755,0.0,-808.5,0.0,6.8165,0.0,-808.5,0.0,6.8165,1.0,0.0,0.0,0.0,0.0
588,455.84,789.45,3634.05,1012.0,222.55,7.8236,1.1066,0.0,-789.45,0.0,6.8165,0.0,-789.45,0.0,6.8165,1.0,0.0,0.0,0.0,0.0
589,456.19,794.75,3808.5,1001.55,206.8,6.8619,1.1636,0.0,-794.75,0.0,6.8165,0.0,-794.75,0.0,6.8165,1.0,0.0,0.0,0.0,0.0
590,456.55,796.2,3878.5,1013.65,217.45,7.0548,1.1515,0.0,-796.2,0.0,6.8165,0.0,-796.2,0.0,6.8165,1.0,0.0,0.0,0.0,0.0
591,456.9,781.85,3956.05,1011.6,229.75,7.238,1.1404,0.0,-781.85,0.0,6.8165,0.0,-781.85,0.0,6.8165,1.0,0.0,0.0,0.0,0.0
592,457.26,797.65,4000.1,1034.3,236.65,7.3897,1.1314,0.0,-797.65,0.0,6.8165,0.0,-797.65,0.0,6.8165,1.0,0.0,0.0,0.0,0.0
593,457.61,794.85,3979.1,1007.55,212.7,6.6798,1.1752,0.0,-794.85,0.0,6.8165,0.0,-794.85,0.0,6.8165,1.0,0.0,0.0,0.0,0.0
594,457.96,805.1,4067.2,993.65,188.55,5.78,1.2381,0.0,-805.1,0.0,6.8165,0.0,-805.1,0.0,6.8165,1.0,0.0,0.0,0.0,0.0
595,458.32,795.0,4202.9,1014.0,219.0,6.4262,1.192,0.0,-795.0,0.0,6.8165,0.0,-795.0,0.0,6.8165,1.0,0.0,0.0,0.0,0.0
596,458.67,798.75,4108.95,1007.25,208.5,6.2987,1.2007,0.0,-798.75,0.0,6.8165,0.0,-798.75,0.0,6.8165,1.0,0.0,0.0,0.0,0.0
597,459.02,790.1,4140.15,1007.8,217.7,6.4984,1.1872,0.0,-790.1,0.0,6.8165,0.0,-790.1,0.0,6.8165,1.0,0.0,0.0,0.0,0.0
598,459.38,803.7,4098.5,986.55,182.85,5.5497,1.2557,0.0,-803.7,0.0,6.8165,0.0,-803.7,0.0,6.8165,1.0,0.0,0.0,0.0,0.0
599,459.73,791.75,4163.5,988.4,196.65,5.8323,1.2342,0.0,-791.75,0.0,6.8165,0.0,-791.75,0.0,6.8165,1.0,0.0,0.0,0.0,0.0
600,460.08,801.85,4108.7,982.25,180.4,5.4553,1.2632,0.0,-801.85,0.0,6.8165,0.0,-801.85,0.0,6.8165,1.0,0.0,0.0,0.0,0.0
601,460.44,792.25,4178.2,991.35,199.1,5.8802,1.2306,0.0,-792.25,0.0,6.8165,0.0,-792.25,0.0,6.8165,1.0,0.0,0.0,0.0,0.0
602,460.79,789.35,4168.15,991.2,201.85,5.974,1.2237,0.0,-789.35,0.0,6.8165,0.0,-789.35,0.0,6.8165,1.0,0.0,0.0,0.0,0.0
603,461.14,796.8,4250.6,995.55,198.75,5.7545,1.24,0.0,-796.8,0.0,6.8165,0.0,-796.8,0.0,6.8165,1.0,0.0,0.0,0.0,0.0
604,461.49,799.5,4303.85,990.6,191.1,5.4532,1.2633,0.0,-799.5,0.0,6.8165,0.0,-799.5,0.0,6.8165,1.0,0.0,0.0,0.0,0.0
605,461.85,799.5,4343.1,980.55,181.05,5.1092,1.2916,0.0,-799.5,0.0,6.8165,0.0,-799.5,0.0,6.8165,1.0,0.0,0.0,0.0,0.0
606,462.2,791.35,4449.85,974.2,182.85,4.9979,1.3012,0.0,-791.35,0.0,6.8165,0.0,-791.35,0.0,6.8165,1.0,0.0,0.0,0.0,0.0
607,462.55,788.1,4410.95,1000.6,212.5,5.8655,1.2317,0.0,-788.1,0.0,6.8165,0.0,-788.1,0.0,6.8165,1.0,0.0,0.0,0.0,0.0
608,462.9,790.0,4614.4,986.6,196.6,5.1407,1.289,0.0,-790.0,0.0,6.8165,0.0,-790.0,0.0,6.8165,1.0,0.0,0.0,0.0,0.0
609,463.26,782.3,4760.7,982.4,200.1,5.0297,1.2985,0.0,-782.3,0.0,6.8165,0.0,-782.3,0.0,6.8165,1.0,0.0,0.0,0.0,0.0
610,463.61,792.9,4709.9,990.35,197.45,5.0408,1.2975,0.0,-792.9,0.0,6.8165,0.0,-792.9,0.0,6.8165,1.0,0.0,0.0,0.0,0.0
611,463.96,791.35,4687.95,974.75,183.4,4.7067,1.3273,0.0,-791.35,0.0,6.8165,0.0,-791.35,0.0,6.8165,1.0,0.0,0.0,0.0,0.0
612,464.31,786.35,4764.5,972.1,185.75,4.6693,1.3308,0.0,-786.35,0.0,6.8165,0.0,-786.35,0.0,6.8165,1.0,0.0,0.0,0.0,0.0
613,464.66,784.05,4613.9,977.05,193.0,5.0394,1.2976,0.0,-784.05,0.0,6.8165,0.0,-784.05,0.0,6.8165,1.0,0.0,0.0,0.0,0.0
614,465.02,778.8,4611.1,980.85,202.05,5.2723,1.278,0.0,-778.8,0.0,6.8165,0.0,-778.8,0.0,6.8165,1.0,0.0,0.0,0.0,0.0
615,465.37,791.65,4659.25,987.95,196.3,5.0755,1.2945,0.0,-791.65,0.0,6.8165,0.0,-791.65,0.0,6.8165,1.0,0.0,0.0,0.0,0.0
616,465.72,794.1,4671.8,970.05,175.95,4.5375,1.3432,0.0,-794.1,0.0,6.8165,0.0,-794.1,0.0,6.8165,1.0,0.0,0.0,0.0,0.0
617,466.07,788.2,4599.45,969.65,181.45,4.7609,1.3223,0.0,-788.2,0.0,6.8165,0.0,-788.2,0.0,6.8165,1.0,0.0,0.0,0.0,0.0
618,466.42,797.7,4749.85,963.2,165.5,4.1876,1.378,0.0,-797.7,0.0,6.8165,0.0,-797.7,0.0,6.8165,1.0,0.0,0.0,0.0,0.0
619,466.77,797.1,4811.9,964.8,167.7,4.177,1.3791,0.0,-797.1,0.0,6.8165,0.0,-797.1,0.0,6.8165,1.0,0.0,0.0,0.0,0.0
620,467.12,786.1,4936.0,969.6,183.5,4.4218,1.3544,0.0,-786.1,0.0,6.8165,0.0,-786.1,0.0,6.8165,1.0,0.0,0.0,0.0,0.0
621,467.48,799.45,5204.85,980.4,180.95,4.1075,1.3864,0.0,-799.45,0.0,6.8165,0.0,-799.45,0.0,6.8165,1.0,0.0,0.0,0.0,0.0
622,467.83,792.85,5508.0,990.35,197.5,4.1886,1.3779,0.0,-792.85,0.0,6.8165,0.0,-792.85,0.0,6.8165,1.0,0.0,0.0,0.0,0.0
623,468.18,792.2,5534.95,988.35,196.15,4.1358,1.3834,0.0,-792.2,0.0,6.8165,0.0,-792.2,0.0,6.8165,1.0,0.0,0.0,0.0,0.0
624,468.53,803.05,5603.85,985.15,182.1,3.7931,1.421,0.0,-803.05,0.0,6.8165,0.0,-803.05,0.0,6.8165,1.0,0.0,0.0,0.0,0.0
625,468.88,795.55,5537.1,992.05,196.5,4.1442,1.3826,0.0,-795.55,0.0,6.8165,0.0,-795.55,0.0,6.8165,1.0,0.0,0.0,0.0,0.0
626,469.23,779.05,5425.65,995.6,216.55,4.6604,1.3316,0.0,-779.05,0.0,6.8165,0.0,-779.05,0.0,6.8165,1.0,0.0,0.0,0.0,0.0
627,469.58,782.95,5445.1,986.6,203.65,4.3682,1.3597,0.0,-782.95,0.0,6.8165,0.0,-782.95,0.0,6.8165,1.0,0.0,0.0,0.0,0.0
628,469.93,795.95,5364.45,967.8,171.85,3.7616,1.4246,0.0,-795.95,0.0,6.8165,0.0,-795.95,0.0,6.8165,1.0,0.0,0.0,0.0,0.0
629,470.28,793.45,5317.5,969.0,175.55,3.8804,1.4111,0.0,-793.45,0.0,6.8165,0.0,-793.45,0.0,6.8165,1.0,0.0,0.0,0.0,0.0
630,470.63,789.75,5230.15,965.55,175.8,3.9591,1.4024,0.0,-789.75,0.0,6.8165,0.0,-789.75,0.0,6.8165,1.0,0.0,0.0,0.0,0.0
631,470.98,787.4,5168.25,974.0,186.6,4.2594,1.3706,0.0,-787.4,0.0,6.8165,0.0,-787.4,0.0,6.8165,1.0,0.0,0.0,0.0,0.0
632,471.33,778.6,5020.15,953.1,174.5,4.1141,1.3857,0.0,-778.6,0.0,6.8165,0.0,-778.6,0.0,6.8165,1.0,0.0,0.0,0.0,0.0
633,471.68,790.85,5094.95,965.25,174.4,4.052,1.3923,0.0,-790.85,0.0,6.8165,0.0,-790.85,0.0,6.8165,1.0,0.0,0.0,0.0,0.0
634,472.03,790.5,5025.25,961.2,170.7,4.0309,1.3946,0.0,-790.5,0.0,6.8165,0.0,-790.5,0.0,6.8165,1.0,0.0,0.0,0.0,0.0
635,472.38,783.9,4933.95,959.45,175.55,4.2301,1.3737,0.0,-783.9,0.0,6.8165,0.0,-783.9,0.0,6.8165,1.0,0.0,0.0,0.0,0.0
636,472.73,794.1,5113.8,980.45,186.35,4.314,1.3651,0.0,-794.1,0.0,6.8165,0.0,-794.1,0.0,6.8165,1.0,0.0,0.0,0.0,0.0
637,473.08,779.15,5318.5,970.8,191.65,4.222,1.3745,0.0,-779.15,0.0,6.8165,0.0,-779.15,0.0,6.8165,1.0,0.0,0.0,0.0,0.0
638,473.43,775.9,5595.7,974.25,198.35,4.1153,1.3856,0.0,-775.9,0.0,6.8165,0.0,-775.9,0.0,6.8165,1.0,0.0,0.0,0.0,0.0
639,473.78,784.45,5879.3,981.15,196.7,3.8608,1.4133,0.0,-784.45,0.0,6.8165,0.0,-784.45,0.0,6.8165,1.0,0.0,0.0,0.0,0.0
640,474.13,787.95,5826.5,986.7,198.75,3.9446,1.404,0.0,-787.95,0.0,6.8165,0.0,-787.95,0.0,6.8165,1.0,0.0,0.0,0.0,0.0
641,474.48,786.6,5535.35,966.25,179.65,3.7831,1.4222,0.0,-786.6,0.0,6.8165,0.0,-786.6,0.0,6.8165,1.0,0.0,0.0,0.0,0.0
642,474.83,766.5,5089.35,965.25,198.75,4.5977,1.3375,0.0,-766.5,0.0,6.8165,0.0,-766.5,0.0,6.8165,1.0,0.0,0.0,0.0,0.0
643,475.18,770.05,5008.75,961.65,191.6,4.5203,1.3448,0.0,-770.05,0.0,6.8165,0.0,-770.05,0.0,6.8165,1.0,0.0,0.0,0.0,0.0
644,475.52,782.45,4949.25,954.65,172.2,4.1327,1.3838,0.0,-782.45,0.0,6.8165,0.0,-782.45,0.0,6.8165,1.0,0.0,0.0,0.0,0.0
645,475.87,772.2,4946.7,958.45,186.25,4.4616,1.3505,0.0,-772.2,0.0,6.8165,0.0,-772.2,0.0,6.8165,1.0,0.0,0.0,0.0,0.0
646,476.22,795.6,4878.9,944.3,148.7,3.6417,1.4387,0.0,-795.6,0.0,6.8165,0.0,-795.6,0.0,6.8165,1.0,0.0,0.0,0.0,0.0
647,476.57,791.4,4884.55,936.8,145.4,3.5523,1.4495,0.0,-791.4,0.0,6.8165,0.0,-791.4,0.0,6.8165,1.0,0.0,0.0,0.0,0.0
648,476.92,780.0,4830.15,951.9,171.9,4.2443,1.3722,0.0,-780.0,0.0,6.8165,0.0,-780.0,0.0,6.8165,1.0,0.0,0.0,0.0,0.0
649,477.27,783.55,4861.2,965.05,181.5,4.4511,1.3515,0.0,-783.55,0.0,6.8165,0.0,-783.55,0.0,6.8165,1.0,0.0,0.0,0.0,0.0
650,477.62,785.05,4929.1,952.75,167.7,4.0468,1.3929,0.0,-785.05,0.0,6.8165,0.0,-785.05,0.0,6.8165,1.0,0.0,0.0,0.0,0.0
651,477.96,779.7,4935.3,958.8,179.1,4.3098,1.3655,0.0,-779.7,0.0,6.8165,0.0,-779.7,0.0,6.8165,1.0,0.0,0.0,0.0,0.0
652,478.31,801.7,4948.3,954.15,152.45,3.6765,1.4346,0.0,-801.7,0.0,6.8165,0.0,-801.7,0.0,6.8165,1.0,0.0,0.0,0.0,0.0
653,478.66,797.05,5029.5,963.75,166.7,3.9386,1.4047,0.0,-797.05,0.0,6.8165,0.0,-797.05,0.0,6.8165,1.0,0.0,0.0,0.0,0.0
654,479.01,789.0,5028.65,961.2,172.2,4.0617,1.3913,0.0,-789.0,0.0,6.8165,0.0,-789.0,0.0,6.8165,1.0,0.0,0.0,0.0,0.0
655,479.36,794.0,5113.5,959.75,165.75,3.8372,1.416,0.0,-794.0,0.0,6.8165,0.0,-794.0,0.0,6.8165,1.0,0.0,0.0,0.0,0.0
656,479.7,786.15,5181.55,953.75,167.6,3.8131,1.4187,0.0,-786.15,0.0,6.8165,0.0,-786.15,0.0,6.8165,1.0,0.0,0.0,0.0,0.0
657,480.05,791.5,5195.95,957.85,166.35,3.7769,1.4229,0.0,-791.5,0.0,6.8165,0.0,-791.5,0.0,6.8165,1.0,0.0,0.0,0.0,0.0
658,480.4,791.6,5359.65,961.7,170.1,3.7237,1.429,0.0,-791.6,0.0,6.8165,0.0,-791.6,0.0,6.8165,1.0,0.0,0.0,0.0,0.0
659,480.75,801.45,5482.35,954.5,153.05,3.2697,1.4855,0.0,-801.45,0.0,6.8165,0.0,-801.45,0.0,6.8165,1.0,0.0,0.0,0.0,0.0
660,481.09,791.9,5689.6,980.65,188.75,3.8538,1.4141,0.0,-791.9,0.0,6.8165,0.0,-791.9,0.0,6.8165,1.0,0.0,0.0,0.0,0.0
661,481.44,792.65,5813.9,967.75,175.1,3.4872,1.4575,0.0,-792.65,0.0,6.8165,0.0,-792.65,0.0,6.8165,1.0,0.0,0.0,0.0,0.0
662,481.79,791.1,5859.55,970.55,179.45,3.5405,1.4509,0.0,-791.1,0.0,6.8165,0.0,-791.1,0.0,6.8165,1.0,0.0,0.0,0.0,0.0
663,482.14,784.4,5938.25,984.55,200.15,3.8835,1.4108,0.0,-784.4,0.0,6.8165,0.0,-784.4,0.0,6.8165,1.0,0.0,0.0,0.0,0.0
664,482.48,792.15,5907.3,989.6,197.45,3.8601,1.4134,0.0,-792.15,0.0,6.8165,0.0,-792.15,0.0,6.8165,1.0,0.0,0.0,0.0,0.0
665,482.83,791.75,5913.35,979.1,187.35,3.658,1.4368,0.0,-791.75,0.0,6.8165,0.0,-791.75,0.0,6.8165,1.0,0.0,0.0,0.0,0.0
666,483.18,781.05,5962.6,984.9,203.85,3.9342,1.4051,0.0,-781.05,0.0,6.8165,0.0,-781.05,0.0,6.8165,1.0,0.0,0.0,0.0,0.0
667,483.52,772.7,6021.55,990.75,218.05,4.1542,1.3815,0.0,-772.7,0.0,6.8165,0.0,-772.7,0.0,6.8165,1.0,0.0,0.0,0.0,0.0
668,483.87,777.65,5996.8,988.6,210.95,4.0418,1.3934,0.0,-777.65,0.0,6.8165,0.0,-777.65,0.0,6.8165,1.0,0.0,0.0,0.0,0.0
669,484.22,789.6,5965.05,984.05,194.45,3.7572,1.4251,0.0,-789.6,0.0,6.8165,0.0,-789.6,0.0,6.8165,1.0,0.0,0.0,0.0,0.0
670,484.56,781.8,5973.85,980.75,198.95,3.8318,1.4166,0.0,-781.8,0.0,6.8165,0.0,-781.8,0.0,6.8165,1.0,0.0,0.0,0.0,0.0
671,484.91,796.75,6018.95,990.05,193.3,3.7015,1.4316,0.0,-796.75,0.0,6.8165,0.0,-796.75,0.0,6.8165,1.0,0.0,0.0,0.0,0.0
672,485.26,784.1,5868.05,993.55,209.45,4.1198,1.3851,0.0,-784.1,0.0,6.8165,0.0,-784.1,0.0,6.8165,1.0,0.0,0.0,0.0,0.0
673,485.6,782.6,5875.15,988.8,206.2,4.0491,1.3926,0.0,-782.6,0.0,6.8165,0.0,-782.6,0.0,6.8165,1.0,0.0,0.0,0.0,0.0
674,485.95,787.7,5870.6,982.65,194.95,3.8354,1.4162,0.0,-787.7,0.0,6.8165,0.0,-787.7,0.0,6.8165,1.0,0.0,0.0,0.0,0.0
675,486.3,789.65,5773.95,980.75,191.1,3.834,1.4163,0.0,-789.65,0.0,6.8165,0.0,-789.65,0.0,6.8165,1.0,0.0,0.0,0.0,0.0
676,486.64,790.3,5818.1,984.5,194.2,3.8625,1.4131,0.0,-790.3,0.0,6.8165,0.0,-790.3,0.0,6.8165,1.0,0.0,0.0,0.0,0.0
677,486.99,811.1,5827.3,976.45,165.35,3.2963,1.482,0.0,-811.1,0.0,6.8165,0.0,-811.1,0.0,6.8165,1.0,0.0,0.0,0.0,0.0
678,487.33,788.35,5848.9,1002.05,213.7,4.2229,1.3744,0.0,-788.35,0.0,6.8165,0.0,-788.35,0.0,6.8165,1.0,0.0,0.0,0.0,0.0
679,487.68,769.15,5845.35,1009.65,240.5,4.7378,1.3244,0.0,-769.15,0.0,6.8165,0.0,-769.15,0.0,6.8165,1.0,0.0,0.0,0.0,0.0
680,488.02,802.35,5838.45,988.2,185.85,3.6904,1.4329,0.0,-802.35,0.0,6.8165,0.0,-802.35,0.0,6.8165,1.0,0.0,0.0,0.0,0.0
681,488.37,799.1,5837.65,991.0,191.9,3.8086,1.4192,0.0,-799.1,0.0,6.8165,0.0,-799.1,0.0,6.8165,1.0,0.0,0.0,0.0,0.0
682,488.72,799.85,5866.05,981.6,181.75,3.5875,1.4452,0.0,-799.85,0.0,6.8165,0.0,-799.85,0.0,6.8165,1.0,0.0,0.0,0.0,0.0
683,489.06,783.1,5954.45,1010.3,227.2,4.3934,1.3572,0.0,-783.1,0.0,6.8165,0.0,-783.1,0.0,6.8165,1.0,0.0,0.0,0.0,0.0
684,489.41,790.8,5980.05,1000.55,209.75,4.042,1.3934,0.0,-790.8,0.0,6.8165,0.0,-790.8,0.0,6.8165,1.0,0.0,0.0,0.0,0.0
685,489.75,791.45,5960.55,1011.9,220.45,4.2648,1.3701,0.0,-791.45,0.0,6.8165,0.0,-791.45,0.0,6.8165,1.0,0.0,0.0,0.0,0.0
686,490.1,789.9,5979.9,992.25,202.35,3.8988,1.4091,0.0,-789.9,0.0,6.8165,0.0,-789.9,0.0,6.8165,1.0,0.0,0.0,0.0,0.0
687,490.44,806.55,5951.0,999.6,193.05,3.7526,1.4257,0.0,-806.55,0.0,6.8165,0.0,-806.55,0.0,6.8165,1.0,0.0,0.0,0.0,0.0
688,490.79,806.8,6069.0,1006.7,199.9,3.7988,1.4204,0.0,-806.8,0.0,6.8165,0.0,-806.8,0.0,6.8165,1.0,0.0,0.0,0.0,0.0
689,491.13,805.75,6085.15,999.2,193.45,3.6642,1.436,0.0,-805.75,0.0,6.8165,0.0,-805.75,0.0,6.8165,1.0,0.0,0.0,0.0,0.0
690,491.48,785.35,6191.2,1026.75,241.4,4.4655,1.3501,0.0,-785.35,0.0,6.8165,0.0,-785.35,0.0,6.8165,1.0,0.0,0.0,0.0,0.0
691,491.82,792.9,6417.1,1020.55,227.65,4.0477,1.3928,0.0,-792.9,0.0,6.8165,0.0,-792.9,0.0,6.8165,1.0,0.0,0.0,0.0,0.0
692,492.16,784.65,6611.75,1013.3,228.65,3.9239,1.4063,0.0,-784.65,0.0,6.8165,0.0,-784.65,0.0,6.8165,1.0,0.0,0.0,0.0,0.0
693,492.51,799.8,6702.25,1007.95,208.15,3.5265,1.4527,0.0,-799.8,0.0,6.8165,0.0,-799.8,0.0,6.8165,1.0,0.0,0.0,0.0,0.0
694,492.85,794.05,6745.75,1048.8,254.75,4.2803,1.3685,0.0,-794.05,0.0,6.8165,0.0,-794.05,0.0,6.8165,1.0,0.0,0.0,0.0,0.0
695,493.2,793.4,6642.85,1032.5,239.1,4.0876,1.3885,0.0,-793.4,0.0,6.8165,0.0,-793.4,0.0,6.8165,1.0,0.0,0.0,0.0,0.0
696,493.54,776.8,6599.95,1031.75,254.95,4.3782,1.3587,0.0,-776.8,0.0,6.8165,0.0,-776.8,0.0,6.8165,1.0,0.0,0.0,0.0,0.0
697,493.89,780.4,6506.25,1017.15,236.75,4.1348,1.3835,0.0,-780.4,0.0,6.8165,0.0,-780.4,0.0,6.8165,1.0,0.0,0.0,0.0,0.0
698,494.23,796.65,6482.5,1028.55,231.9,4.0785,1.3895,0.0,-796.65,0.0,6.8165,0.0,-796.65,0.0,6.8165,1.0,0.0,0.0,0.0,0.0
699,494.57,793.55,6370.2,1036.7,243.15,4.3601,1.3605,0.0,-793.55,0.0,6.8165,0.0,-793.55,0.0,6.8165,1.0,0.0,0.0,0.0,0.0
700,494.92,795.8,6354.65,1039.75,243.95,4.3885,1.3577,0.0,-795.8,0.0,6.8165,0.0,-795.8,0.0,6.8165,1.0,0.0,0.0,0.0,0.0
701,495.26,802.6,6281.35,1027.95,225.35,4.1132,1.3858,0.0,-802.6,0.0,6.8165,0.0,-802.6,0.0,6.8165,1.0,0.0,0.0,0.0,0.0
702,495.6,789.2,6308.25,1035.4,246.2,4.4609,1.3506,0.0,-789.2,0.0,6.8165,0.0,-789.2,0.0,6.8165,1.0,0.0,0.0,0.0,0.0
703,495.95,779.1,6254.1,1038.3,259.2,4.7342,1.3247,0.0,-779.1,0.0,6.8165,0.0,-779.1,0.0,6.8165,1.0,0.0,0.0,0.0,0.0
704,496.29,799.6,6258.7,1037.55,237.95,4.3588,1.3606,0.0,-799.6,0.0,6.8165,0.0,-799.6,0.0,6.8165,1.0,0.0,0.0,0.0,0.0
705,496.63,796.4,6216.55,1037.15,240.75,4.4418,1.3524,0.0,-796.4,0.0,6.8165,0.0,-796.4,0.0,6.8165,1.0,0.0,0.0,0.0,0.0
706,496.98,803.4,6170.85,1045.55,242.15,4.5115,1.3457,0.0,-803.4,0.0,6.8165,0.0,-803.4,0.0,6.8165,1.0,0.0,0.0,0.0,0.0
707,497.32,787.55,6172.95,1038.85,251.3,4.6663,1.331,0.0,-787.55,0.0,6.8165,0.0,-787.55,0.0,6.8165,1.0,0.0,0.0,0.0,0.0
708,497.66,769.35,6194.35,1046.0,276.65,5.0995,1.2925,0.0,-769.35,0.0,6.8165,0.0,-769.35,0.0,6.8165,1.0,0.0,0.0,0.0,0.0
709,498.01,784.25,6123.65,1036.45,252.2,4.7234,1.3257,0.0,-784.25,0.0,6.8165,0.0,-784.25,0.0,6.8165,1.0,0.0,0.0,0.0,0.0
710,498.35,788.65,6188.6,1031.15,242.5,4.4908,1.3477,0.0,-788.65,0.0,6.8165,0.0,-788.65,0.0,6.8165,1.0,0.0,0.0,0.0,0.0
711,498.69,796.0,6190.2,1030.45,234.45,4.3463,1.3619,0.0,-796.0,0.0,6.8165,0.0,-796.0,0.0,6.8165,1.0,0.0,0.0,0.0,0.0
712,499.03,789.95,6156.1,1056.65,266.7,4.97,1.3036,0.0,-789.95,0.0,6.8165,0.0,-789.95,0.0,6.8165,1.0,0.0,0.0,0.0,0.0
713,499.38,788.25,6188.15,1029.95,241.7,4.476,1.3491,0.0,-788.25,0.0,6.8165,0.0,-788.25,0.0,6.8165,1.0,0.0,0.0,0.0,0.0
714,499.72,794.25,6167.0,1058.85,264.6,4.9249,1.3076,0.0,-794.25,0.0,6.8165,0.0,-794.25,0.0,6.8165,1.0,0.0,0.0,0.0,0.0
715,500.06,784.0,6208.55,1053.35,269.35,4.9654,1.304,0.0,-784.0,0.0,6.8165,0.0,-784.0,0.0,6.8165,1.0,0.0,0.0,0.0,0.0
716,500.4,785.25,6154.8,1059.95,274.7,5.1159,1.2911,0.0,-785.25,0.0,6.8165,0.0,-785.25,0.0,6.8165,1.0,0.0,0.0,0.0,0.0
717,500.75,797.15,6193.8,1048.35,251.2,4.6547,1.3321,0.0,-797.15,0.0,6.8165,0.0,-797.15,0.0,6.8165,1.0,0.0,0.0,0.0,0.0
718,501.09,790.45,6137.7,1057.1,266.65,4.9867,1.3022,0.0,-790.45,0.0,6.8165,0.0,-790.45,0.0,6.8165,1.0,0.0,0.0,0.0,0.0
719,501.43,786.45,6183.55,1085.05,298.6,5.5326,1.2571,0.0,-786.45,0.0,6.8165,0.0,-786.45,0.0,6.8165,1.0,0.0,0.0,0.0,0.0
720,501.77,792.2,6261.1,1056.2,264.0,4.8273,1.3163,0.0,-792.2,0.0,6.8165,0.0,-792.2,0.0,6.8165,1.0,0.0,0.0,0.0,0.0
721,502.11,782.85,6248.4,1072.65,289.8,5.3023,1.2755,0.0,-782.85,0.0,6.8165,0.0,-782.85,0.0,6.8165,1.0,0.0,0.0,0.0,0.0
722,502.46,777.45,6187.7,1068.45,291.0,5.3787,1.2693,0.0,-777.45,0.0,6.8165,0.0,-777.45,0.0,6.8165,1.0,0.0,0.0,0.0,0.0
723,502.8,778.45,6203.0,1086.9,308.45,5.6862,1.2452,0.0,-778.45,0.0,6.8165,0.0,-778.45,0.0,6.8165,1.0,0.0,0.0,0.0,0.0
724,503.14,791.45,6238.0,1081.05,289.6,5.3171,1.2743,0.0,-791.45,0.0,6.8165,0.0,-791.45,0.0,6.8165,1.0,0.0,0.0,0.0,0.0
725,503.48,787.9,6204.25,1096.05,308.15,5.6893,1.2449,0.0,-787.9,0.0,6.8165,0.0,-787.9,0.0,6.8165,1.0,0.0,0.0,0.0,0.0
726,503.82,786.35,6284.05,1077.6,291.25,5.2977,1.2759,0.0,-786.35,0.0,6.8165,0.0,-786.35,0.0,6.8165,1.0,0.0,0.0,0.0,0.0
727,504.16,789.7,6348.7,1090.25,300.55,5.4065,1.2671,0.0,-789.7,0.0,6.8165,0.0,-789.7,0.0,6.8165,1.0,0.0,0.0,0.0,0.0
728,504.5,800.55,6340.55,1080.0,279.45,5.0442,1.2972,0.0,-800.55,0.0,6.8165,0.0,-800.55,0.0,6.8165,1.0,0.0,0.0,0.0,0.0
729,504.84,778.45,6279.5,1090.3,311.85,5.6689,1.2465,0.0,-778.45,0.0,6.8165,0.0,-778.45,0.0,6.8165,1.0,0.0,0.0,0.0,0.0
730,505.19,798.1,6345.3,1112.8,314.7,5.6731,1.2462,0.0,-798.1,0.0,6.8165,0.0,-798.1,0.0,6.8165,1.0,0.0,0.0,0.0,0.0
731,505.53,797.15,6377.15,1095.9,298.75,5.3539,1.2713,0.0,-797.15,0.0,6.8165,0.0,-797.15,0.0,6.8165,1.0,0.0,0.0,0.0,0.0
732,505.87,795.95,6317.75,1101.25,305.3,5.529,1.2574,0.0,-795.95,0.0,6.8165,0.0,-795.95,0.0,6.8165,1.0,0.0,0.0,0.0,0.0
733,506.21,780.6,6254.95,1115.65,335.05,6.1204,1.2132,0.0,-780.6,0.0,6.8165,0.0,-780.6,0.0,6.8165,1.0,0.0,0.0,0.0,0.0
734,506.55,785.3,6306.65,1101.95,316.65,5.735,1.2415,0.0,-785.3,0.0,6.8165,0.0,-785.3,0.0,6.8165,1.0,0.0,0.0,0.0,0.0
735,506.89,797.8,6373.4,1118.45,320.65,5.751,1.2403,0.0,-797.8,0.0,6.8165,0.0,-797.8,0.0,6.8165,1.0,0.0,0.0,0.0,0.0
736,507.23,793.9,6318.0,1123.55,329.65,5.9675,1.2242,0.0,-793.9,0.0,6.8165,0.0,-793.9,0.0,6.8165,1.0,0.0,0.0,0.0,0.0
737,507.57,793.45,6261.8,1109.65,316.2,5.7824,1.2379,0.0,-793.45,0.0,6.8165,0.0,-793.45,0.0,6.8165,1.0,0.0,0.0,0.0,0.0
738,507.91,792.55,6315.65,1119.6,327.05,5.9215,1.2276,0.0,-792.55,0.0,6.8165,0.0,-792.55,0.0,6.8165,1.0,0.0,0.0,0.0,0.0
739,508.25,794.15,6317.15,1138.0,343.85,6.2258,1.2058,0.0,-794.15,0.0,6.8165,0.0,-794.15,0.0,6.8165,1.0,0.0,0.0,0.0,0.0
740,508.59,801.85,6333.15,1141.5,339.65,6.1405,1.2118,0.0,-801.85,0.0,6.8165,0.0,-801.85,0.0,6.8165,1.0,0.0,0.0,0.0,0.0
741,508.93,797.1,6322.75,1148.6,351.5,6.3612,1.1965,0.0,-797.1,0.0,6.8165,0.0,-797.1,0.0,6.8165,1.0,0.0,0.0,0.0,0.0
742,509.27,800.05,6320.1,1159.5,359.45,6.5117,1.1863,0.0,-800.05,0.0,6.8165,0.0,-800.05,0.0,6.8165,1.0,0.0,0.0,0.0,0.0
743,509.61,792.35,6351.4,1149.0,356.65,6.4157,1.1928,0.0,-792.35,0.0,6.8165,0.0,-792.35,0.0,6.8165,1.0,0.0,0.0,0.0,0.0
744,509.95,790.95,6440.35,1157.4,366.45,6.4865,1.188,0.0,-790.95,0.0,6.8165,0.0,-790.95,0.0,6.8165,1.0,0.0,0.0,0.0,0.0
745,510.29,800.2,6461.15,1150.25,350.05,6.1836,1.2088,0.0,-800.2,0.0,6.8165,0.0,-800.2,0.0,6.8165,1.0,0.0,0.0,0.0,0.0
746,510.63,797.15,6422.85,1167.4,370.25,6.5814,1.1817,0.0,-797.15,0.0,6.8165,0.0,-797.15,0.0,6.8165,1.0,0.0,0.0,0.0,0.0
747,510.97,783.75,6435.55,1170.65,386.9,6.8456,1.1646,0.0,-783.75,0.0,6.8165,0.0,-783.75,0.0,6.8165,1.0,0.0,0.0,0.0,0.0
748,511.31,785.85,6467.55,1192.85,407.0,7.1633,1.1449,0.0,-785.85,0.0,6.8165,0.0,-785.85,0.0,6.8165,1.0,0.0,0.0,0.0,0.0
749,511.65,800.35,6443.6,1173.55,373.2,6.6132,1.1796,0.0,-800.35,0.0,6.8165,0.0,-800.35,0.0,6.8165,1.0,0.0,0.0,0.0,0.0
750,511.98,789.15,6499.75,1193.25,404.1,7.0763,1.1502,0.0,-789.15,0.0,6.8165,0.0,-789.15,0.0,6.8165,1.0,0.0,0.0,0.0,0.0
751,512.32,784.85,6598.35,1178.2,393.35,6.7661,1.1697,0.0,-784.85,0.0,6.8165,0.0,-784.85,0.0,6.8165,1.0,0.0,0.0,0.0,0.0
752,512.66,782.5,6571.5,1199.85,417.35,7.2094,1.1421,0.0,-782.5,0.0,6.8165,0.0,-782.5,0.0,6.8165,1.0,0.0,0.0,0.0,0.0
753,513.0,804.2,6611.6,1222.15,417.95,7.1969,1.1429,0.0,-804.2,0.0,6.8165,0.0,-804.2,0.0,6.8165,1.0,0.0,0.0,0.0,0.0
754,513.34,796.5,6634.65,1221.9,425.4,7.2866,1.1375,0.0,-796.5,0.0,6.8165,0.0,-796.5,0.0,6.8165,1.0,0.0,0.0,0.0,0.0
755,513.68,781.6,6685.65,1230.05,448.45,7.5956,1.1194,0.0,-781.6,0.0,6.8165,0.0,-781.6,0.0,6.8165,1.0,0.0,0.0,0.0,0.0
756,514.02,777.85,6695.85,1224.4,446.55,7.5456,1.1223,0.0,-777.85,0.0,6.8165,0.0,-777.85,0.0,6.8165,1.0,0.0,0.0,0.0,0.0
757,514.36,781.4,6643.0,1221.05,439.65,7.5005,1.1249,0.0,-781.4,0.0,6.8165,0.0,-781.4,0.0,6.8165,1.0,0.0,0.0,0.0,0.0
758,514.69,786.55,6674.55,1265.9,479.35,8.1411,1.0893,0.0,-786.55,0.0,6.8165,0.0,-786.55,0.0,6.8165,1.0,0.0,0.0,0.0,0.0
759,515.03,781.8,6728.85,1252.15,470.35,7.909,1.1019,0.0,-781.8,0.0,6.8165,0.0,-781.8,0.0,6.8165,1.0,0.0,0.0,0.0,0.0
760,515.37,795.85,6732.2,1257.85,462.0,7.7826,1.1089,0.0,-795.85,0.0,6.8165,0.0,-795.85,0.0,6.8165,1.0,0.0,0.0,0.0,0.0
761,515.71,788.15,6670.95,1250.95,462.8,7.867,1.1042,0.0,-788.15,0.0,6.8165,0.0,-788.15,0.0,6.8165,1.0,0.0,0.0,0.0,0.0
762,516.05,797.45,6685.15,1266.1,468.65,7.9598,1.0991,0.0,-797.45,0.0,6.8165,0.0,-797.45,0.0,6.8165,1.0,0.0,0.0,0.0,0.0
763,516.38,795.85,6676.6,1292.4,496.55,8.4437,1.0735,0.0,-795.85,0.0,6.8165,0.0,-795.85,0.0,6.8165,1.0,0.0,0.0,0.0,0.0
764,516.72,798.55,6746.95,1280.3,481.75,8.0988,1.0916,0.0,-798.55,0.0,6.8165,0.0,-798.55,0.0,6.8165,1.0,0.0,0.0,0.0,0.0
765,517.06,798.9,6797.55,1308.75,509.85,8.4994,1.0706,0.0,-798.9,0.0,6.8165,0.0,-798.9,0.0,6.8165,1.0,0.0,0.0,0.0,0.0
766,517.4,794.15,6826.5,1313.75,519.6,8.6136,1.0648,0.0,-794.15,0.0,6.8165,0.0,-794.15,0.0,6.8165,1.0,0.0,0.0,0.0,0.0
767,517.73,789.45,6850.3,1302.1,512.65,8.4584,1.0727,0.0,-789.45,0.0,6.8165,0.0,-789.45,0.0,6.8165,1.0,0.0,0.0,0.0,0.0
768,518.07,766.8,6820.1,1315.85,549.05,9.0703,1.0424,0.0,-766.8,0.0,6.8165,0.0,-766.8,0.0,6.8165,1.0,0.0,0.0,0.0,0.0
769,518.41,787.5,6834.55,1320.65,533.15,8.8167,1.0547,0.0,-787.5,0.0,6.8165,0.0,-787.5,0.0,6.8165,1.0,0.0,0.0,0.0,0.0
770,518.75,790.8,6903.05,1339.65,548.85,8.9795,1.0467,0.0,-790.8,0.0,6.8165,0.0,-790.8,0.0,6.8165,1.0,0.0,0.0,0.0,0.0
771,519.08,800.1,6904.4,1355.05,554.95,9.0911,1.0414,0.0,-800.1,0.0,6.8165,0.0,-800.1,0.0,6.8165,1.0,0.0,0.0,0.0,0.0
772,519.42,802.0,6982.1,1365.6,563.6,9.1196,1.04,0.0,-802.0,0.0,6.8165,0.0,-802.0,0.0,6.8165,1.0,0.0,0.0,0.0,0.0
773,519.76,795.45,6932.75,1374.35,578.9,9.4325,1.0254,0.0,-795.45,0.0,6.8165,0.0,-795.45,0.0,6.8165,1.0,0.0,0.0,0.0,0.0
774,520.09,795.75,6926.6,1382.9,587.15,9.577,1.0188,0.0,-795.75,0.0,6.8165,0.0,-795.75,0.0,6.8165,1.0,0.0,0.0,0.0,0.0
775,520.43,789.75,6963.9,1398.2,608.45,9.8548,1.0064,0.0,-789.75,0.0,6.8165,0.0,-789.75,0.0,6.8165,1.0,0.0,0.0,0.0,0.0
776,520.77,800.0,7027.35,1410.1,610.1,9.7971,1.0089,0.0,-800.0,0.0,6.8165,0.0,-800.0,0.0,6.8165,1.0,0.0,0.0,0.0,0.0
777,521.1,798.7,7018.15,1429.25,630.55,10.1384,0.994,0.0,-798.7,0.0,6.8165,0.0,-798.7,0.0,6.8165,1.0,0.0,0.0,0.0,0.0
778,521.44,792.4,6972.4,1433.7,641.3,10.377,0.9839,0.0,-792.4,0.0,6.8165,0.0,-792.4,0.0,6.8165,1.0,0.0,0.0,0.0,0.0
779,521.78,797.05,7031.1,1447.45,650.4,10.433,0.9816,0.0,-797.05,0.0,6.8165,0.0,-797.05,0.0,6.8165,1.0,0.0,0.0,0.0,0.0
780,522.11,785.3,7069.45,1478.05,692.75,11.0238,0.9577,0.0,-785.3,0.0,6.8165,0.0,-785.3,0.0,6.8165,1.0,0.0,0.0,0.0,0.0
781,522.45,794.7,7068.6,1478.5,683.8,10.8991,0.9626,0.0,-794.7,0.0,6.8165,0.0,-794.7,0.0,6.8165,1.0,0.0,0.0,0.0,0.0
782,522.78,796.05,7099.95,1487.6,691.55,10.9702,0.9598,0.0,-796.05,0.0,6.8165,0.0,-796.05,0.0,6.8165,1.0,0.0,0.0,0.0,0.0
783,523.12,794.35,7087.55,1501.1,706.75,11.2304,0.9496,0.0,-794.35,0.0,6.8165,0.0,-794.35,0.0,6.8165,1.0,0.0,0.0,0.0,0.0
784,523.46,790.9,7056.25,1501.7,710.8,11.3449,0.9452,0.0,-790.9,0.0,6.8165,0.0,-790.9,0.0,6.8165,1.0,0.0,0.0,0.0,0.0
785,523.79,805.0,7071.65,1511.5,706.5,11.274,0.9479,0.0,-805.0,0.0,6.8165,0.0,-805.0,0.0,6.8165,1.0,0.0,0.0,0.0,0.0
786,524.13,789.05,7136.8,1535.75,746.7,11.7632,0.9295,0.0,-789.05,0.0,6.8165,0.0,-789.05,0.0,6.8165,1.0,0.0,0.0,0.0,0.0
787,524.46,781.4,7132.75,1561.2,779.8,12.2777,0.9109,0.0,-781.4,0.0,6.8165,0.0,-781.4,0.0,6.8165,1.0,0.0,0.0,0.0,0.0
788,524.8,796.55,7108.05,1559.3,762.75,12.0851,0.9178,0.0,-796.55,0.0,6.8165,0.0,-796.55,0.0,6.8165,1.0,0.0,0.0,0.0,0.0
789,525.13,798.45,7133.35,1574.35,775.9,12.248,0.9119,0.0,-798.45,0.0,6.8165,0.0,-798.45,0.0,6.8165,1.0,0.0,0.0,0.0,0.0
790,525.47,783.05,7193.2,1600.6,817.55,12.754,0.8944,0.0,-783.05,0.0,6.8165,0.0,-783.05,0.0,6.8165,1.0,0.0,0.0,0.0,0.0
791,525.8,790.3,7227.95,1595.05,804.75,12.5007,0.9031,0.0,-790.3,0.0,6.8165,0.0,-790.3,0.0,6.8165,1.0,0.0,0.0,0.0,0.0
792,526.14,781.85,7270.3,1629.3,847.45,13.0609,0.884,0.0,-781.85,0.0,6.8165,0.0,-781.85,0.0,6.8165,1.0,0.0,0.0,0.0,0.0
793,526.47,800.95,7223.4,1668.85,867.9,13.5135,0.8692,0.0,-800.95,0.0,6.8165,0.0,-800.95,0.0,6.8165,1.0,0.0,0.0,0.0,0.0
794,526.81,791.05,7228.3,1675.7,884.65,13.7427,0.8619,0.0,-791.05,0.0,6.8165,0.0,-791.05,0.0,6.8165,1.0,0.0,0.0,0.0,0.0
795,527.14,801.3,7254.65,1678.85,877.55,13.5984,0.8665,0.0,-801.3,0.0,6.8165,0.0,-801.3,0.0,6.8165,1.0,0.0,0.0,0.0,0.0
796,527.48,778.4,7345.85,1708.15,929.75,14.1569,0.849,0.0,-778.4,0.0,6.8165,0.0,-778.4,0.0,6.8165,1.0,0.0,0.0,0.0,0.0
797,527.81,796.15,7302.0,1723.2,927.05,14.2495,0.8462,0.0,-796.15,0.0,6.8165,0.0,-796.15,0.0,6.8165,1.0,0.0,0.0,0.0,0.0
798,528.15,784.3,7310.7,1729.0,944.7,14.4751,0.8394,0.0,-784.3,0.0,6.8165,0.0,-784.3,0.0,6.8165,1.0,0.0,0.0,0.0,0.0
799,528.48,789.2,7317.3,1772.65,983.45,15.0649,0.822,0.0,-789.2,0.0,6.8165,0.0,-789.2,0.0,6.8165,1.0,0.0,0.0,0.0,0.0
800,528.82,786.75,7428.05,1782.8,996.05,14.9978,0.824,0.0,-786.75,0.0,6.8165,0.0,-786.75,0.0,6.8165,1.0,0.0,0.0,0.0,0.0
801,529.15,799.9,7466.35,1824.05,1024.15,15.3627,0.8135,0.0,-799.9,0.0,6.8165,0.0,-799.9,0.0,6.8165,1.0,0.0,0.0,0.0,0.0
802,529.49,798.5,7508.9,1828.6,1030.1,15.3508,0.8139,0.0,-798.5,0.0,6.8165,0.0,-798.5,0.0,6.8165,1.0,0.0,0.0,0.0,0.0
803,529.82,794.1,7465.95,1890.15,1096.05,16.428,0.7844,0.0,-794.1,0.0,6.8165,0.0,-794.1,0.0,6.8165,1.0,0.0,0.0,0.0,0.0
804,530.15,790.55,7424.3,1882.35,1091.8,16.4583,0.7836,0.0,-790.55,0.0,6.8165,0.0,-790.55,0.0,6.8165,1.0,0.0,0.0,0.0,0.0
805,530.49,803.55,7507.6,1899.75,1096.2,16.3513,0.7864,0.0,-803.55,0.0,6.8165,0.0,-803.55,0.0,6.8165,1.0,0.0,0.0,0.0,0.0
806,530.82,807.15,7613.7,1951.55,1144.4,16.8132,0.7743,0.0,-807.15,0.0,6.8165,0.0,-807.15,0.0,6.8165,1.0,0.0,0.0,0.0,0.0
807,531.16,799.7,7618.6,1966.5,1166.8,17.1113,0.7667,0.0,-799.7,0.0,6.8165,0.0,-799.7,0.0,6.8165,1.0,0.0,0.0,0.0,0.0
808,531.49,786.95,7602.55,1961.05,1174.1,17.2267,0.7638,0.0,-786.95,0.0,6.8165,0.0,-786.95,0.0,6.8165,1.0,0.0,0.0,0.0,0.0
809,531.82,787.3,7597.95,2015.1,1227.8,18.0276,0.7441,0.0,-787.3,0.0,6.8165,0.0,-787.3,0.0,6.8165,1.0,0.0,0.0,0.0,0.0
810,532.16,802.5,7627.8,2025.25,1222.75,17.915,0.7468,0.0,-802.5,0.0,6.8165,0.0,-802.5,0.0,6.8165,1.0,0.0,0.0,0.0,0.0
811,532.49,782.4,7718.25,2075.25,1292.85,18.6401,0.7296,0.0,-782.4,0.0,6.8165,0.0,-782.4,0.0,6.8165,1.0,0.0,0.0,0.0,0.0
812,532.82,799.05,7690.25,2115.0,1315.95,19.0961,0.7191,0.0,-799.05,0.0,6.8165,0.0,-799.05,0.0,6.8165,1.0,0.0,0.0,0.0,0.0
813,533.16,805.95,7717.85,2146.95,1341.0,19.4013,0.7122,0.0,-805.95,0.0,6.8165,0.0,-805.95,0.0,6.8165,1.0,0.0,0.0,0.0,0.0
814,533.49,782.15,7689.0,2149.0,1366.85,19.7898,0.7036,0.0,-782.15,0.0,6.8165,0.0,-782.15,0.0,6.8165,1.0,0.0,0.0,0.0,0.0
815,533.82,781.25,7778.35,2174.8,1393.55,19.9161,0.7008,0.0,-781.25,0.0,6.8165,0.0,-781.25,0.0,6.8165,1.0,0.0,0.0,0.0,0.0
816,534.15,778.95,7794.75,2237.05,1458.1,20.7831,0.6823,0.0,-778.95,0.0,6.8165,0.0,-778.95,0.0,6.8165,1.0,0.0,0.0,0.0,0.0
817,534.49,787.1,7773.9,2263.4,1476.3,21.1298,0.6751,0.0,-787.1,0.0,6.8165,0.0,-787.1,0.0,6.8165,1.0,0.0,0.0,0.0,0.0
818,534.82,787.25,7750.2,2299.8,1512.55,21.7228,0.6631,0.0,-787.25,0.0,6.8165,0.0,-787.25,0.0,6.8165,1.0,0.0,0.0,0.0,0.0
819,535.15,796.45,7812.55,2335.15,1538.7,21.931,0.6589,0.0,-796.45,0.0,6.8165,0.0,-796.45,0.0,6.8165,1.0,0.0,0.0,0.0,0.0
820,535.48,789.85,7860.7,2368.9,1579.05,22.3318,0.6511,0.0,-789.85,0.0,6.8165,0.0,-789.85,0.0,6.8165,1.0,0.0,0.0,0.0,0.0
821,535.82,788.9,7881.15,2397.9,1609.0,22.6867,0.6442,0.0,-788.9,0.0,6.8165,0.0,-788.9,0.0,6.8165,1.0,0.0,0.0,0.0,0.0
822,536.15,795.25,7946.65,2463.65,1668.4,23.3297,0.6321,0.0,-795.25,0.0,6.8165,0.0,-795.25,0.0,6.8165,1.0,0.0,0.0,0.0,0.0
823,536.48,787.05,7921.45,2499.95,1712.9,24.009,0.6196,0.0,-787.05,0.0,6.8165,0.0,-787.05,0.0,6.8165,1.0,0.0,0.0,0.0,0.0
824,536.81,789.4,7949.0,2541.7,1752.3,24.4748,0.6113,0.0,-789.4,0.0,6.8165,0.0,-789.4,0.0,6.8165,1.0,0.0,0.0,0.0,0.0
825,537.15,796.75,8004.8,2604.85,1808.1,25.0845,0.6006,0.0,-796.75,0.0,6.8165,0.0,-796.75,0.0,6.8165,1.0,0.0,0.0,0.0,0.0
826,537.48,798.8,8145.25,2690.35,1891.55,25.7478,0.5893,0.0,-798.8,0.0,6.8165,0.0,-798.8,0.0,6.8165,1.0,0.0,0.0,0.0,0.0
827,537.81,791.9,8133.75,2709.55,1917.65,26.1194,0.583,0.0,-791.9,0.0,6.8165,0.0,-791.9,0.0,6.8165,1.0,0.0,0.0,0.0,0.0
828,538.14,790.35,8134.45,2794.55,2004.2,27.2899,0.564,0.0,-790.35,0.0,6.8165,0.0,-790.35,0.0,6.8165,1.0,0.0,0.0,0.0,0.0
829,538.47,795.4,8199.35,2817.5,2022.1,27.3111,0.5637,0.0,-795.4,0.0,6.8165,0.0,-795.4,0.0,6.8165,1.0,0.0,0.0,0.0,0.0
830,538.8,805.25,8326.55,2876.7,2071.45,27.5411,0.56,0.0,-805.25,0.0,6.8165,0.0,-805.25,0.0,6.8165,1.0,0.0,0.0,0.0,0.0
831,539.14,803.1,8397.0,2949.5,2146.4,28.2648,0.5488,0.0,-803.1,0.0,6.8165,0.0,-803.1,0.0,6.8165,1.0,0.0,0.0,0.0,0.0
832,539.47,786.0,8404.85,3011.75,2225.75,29.2137,0.5344,0.0,-786.0,0.0,6.8165,0.0,-786.0,0.0,6.8165,1.0,0.0,0.0,0.0,0.0
833,539.8,802.65,8500.35,3051.1,2248.45,29.2094,0.5345,0.0,-802.65,0.0,6.8165,0.0,-802.65,0.0,6.8165,1.0,0.0,0.0,0.0,0.0
834,540.13,782.8,8552.75,3145.5,2362.7,30.4082,0.517,0.0,-782.8,0.0,6.8165,0.0,-782.8,0.0,6.8165,1.0,0.0,0.0,0.0,0.0
835,540.46,796.85,8641.15,3218.0,2421.15,30.8651,0.5105,0.0,-796.85,0.0,6.8165,0.0,-796.85,0.0,6.8165,1.0,0.0,0.0,0.0,0.0
836,540.79,792.8,8828.8,3306.7,2513.9,31.283,0.5047,0.0,-792.8,0.0,6.8165,0.0,-792.8,0.0,6.8165,1.0,0.0,0.0,0.0,0.0
837,541.12,782.35,8757.9,3366.85,2584.5,32.4053,0.4894,0.0,-782.35,0.0,6.8165,0.0,-782.35,0.0,6.8165,1.0,0.0,0.0,0.0,0.0
838,541.45,799.35,8794.8,3427.3,2627.95,32.8681,0.4832,0.0,-799.35,0.0,6.8165,0.0,-799.35,0.0,6.8165,1.0,0.0,0.0,0.0,0.0
839,541.78,782.25,8921.25,3544.7,2762.45,33.9409,0.4693,0.0,-782.25,0.0,6.8165,0.0,-782.25,0.0,6.8165,1.0,0.0,0.0,0.0,0.0
840,542.11,796.15,9122.25,3652.0,2855.85,34.3,0.4647,0.0,-796.15,0.0,6.8165,0.0,-796.15,0.0,6.8165,1.0,0.0,0.0,0.0,0.0
841,542.44,798.65,9270.85,3750.8,2952.15,34.8451,0.4579,0.0,-798.65,0.0,6.8165,0.0,-798.65,0.0,6.8165,1.0,0.0,0.0,0.0,0.0
842,542.78,787.05,9278.3,3821.4,3034.35,35.735,0.4469,0.0,-787.05,0.0,6.8165,0.0,-787.05,0.0,6.8165,1.0,0.0,0.0,0.0,0.0
843,543.11,796.95,9296.4,3869.55,3072.6,36.1506,0.4419,0.0,-796.95,0.0,6.8165,0.0,-796.95,0.0,6.8165,1.0,0.0,0.0,0.0,0.0
844,543.44,790.95,9445.05,3987.75,3196.8,36.9397,0.4325,0.0,-790.95,0.0,6.8165,0.0,-790.95,0.0,6.8165,1.0,0.0,0.0,0.0,0.0
845,543.77,782.65,9613.1,4131.05,3348.4,37.9188,0.4211,0.0,-782.65,0.0,6.8165,0.0,-782.65,0.0,6.8165,1.0,0.0,0.0,0.0,0.0
846,544.1,789.65,9766.4,4203.75,3414.1,38.0327,0.4198,0.0,-789.65,0.0,6.8165,0.0,-789.65,0.0,6.8165,1.0,0.0,0.0,0.0,0.0
847,544.43,805.1,9804.55,4329.3,3524.2,39.1602,0.4072,0.0,-805.1,0.0,6.8165,0.0,-805.1,0.0,6.8165,1.0,0.0,0.0,0.0,0.0
848,544.76,804.35,9727.45,4395.75,3591.4,40.2483,0.3953,0.0,-804.35,0.0,6.8165,0.0,-804.35,0.0,6.8165,1.0,0.0,0.0,0.0,0.0
849,545.09,788.45,9946.7,4483.75,3695.3,40.3494,0.3942,0.0,-788.45,0.0,6.8165,0.0,-788.45,0.0,6.8165,1.0,0.0,0.0,0.0,0.0
850,545.42,797.8,10091.05,4673.95,3876.15,41.7093,0.3798,0.0,-797.8,0.0,6.8165,0.0,-797.8,0.0,6.8165,1.0,0.0,0.0,0.0,0.0
851,545.74,779.85,10297.7,4807.4,4027.55,42.3158,0.3735,0.0,-779.85,0.0,6.8165,0.0,-779.85,0.0,6.8165,1.0,0.0,0.0,0.0,0.0
852,546.07,788.4,10407.75,4929.5,4141.1,43.0497,0.366,0.0,-788.4,0.0,6.8165,0.0,-788.4,0.0,6.8165,1.0,0.0,0.0,0.0,0.0
853,546.4,804.95,10497.6,5085.2,4280.25,44.1597,0.355,0.0,-804.95,0.0,6.8165,0.0,-804.95,0.0,6.8165,1.0,0.0,0.0,0.0,0.0
854,546.73,807.05,10673.65,5207.35,4400.3,44.5979,0.3507,0.0,-807.05,0.0,6.8165,0.0,-807.05,0.0,6.8165,1.0,0.0,0.0,0.0,0.0
855,547.06,787.65,10841.55,5387.2,4599.55,45.7489,0.3396,0.0,-787.65,0.0,6.8165,0.0,-787.65,0.0,6.8165,1.0,0.0,0.0,0.0,0.0
856,547.39,804.4,11045.35,5608.55,4804.15,46.9112,0.3287,0.0,-804.4,0.0,6.8165,0.0,-804.4,0.0,6.8165,1.0,0.0,0.0,0.0,0.0
857,547.72,795.5,11255.4,5743.5,4948.0,47.3045,0.3251,0.0,-795.5,0.0,6.8165,0.0,-795.5,0.0,6.8165,1.0,0.0,0.0,0.0,0.0
858,548.05,783.95,11310.5,5877.8,5093.85,48.3905,0.3152,0.0,-783.95,0.0,6.8165,0.0,-783.95,0.0,6.8165,1.0,0.0,0.0,0.0,0.0
859,548.38,788.2,11419.75,6010.05,5221.85,49.1165,0.3088,0.0,-788.2,0.0,6.8165,0.0,-788.2,0.0,6.8165,1.0,0.0,0.0,0.0,0.0
860,548.71,796.55,11577.8,6160.9,5364.35,49.7563,0.3032,0.0,-796.55,0.0,6.8165,0.0,-796.55,0.0,6.8165,1.0,0.0,0.0,0.0,0.0
861,549.03,800.2,11884.75,6435.35,5635.15,50.8379,0.2938,0.0,-800.2,0.0,6.8165,0.0,-800.2,0.0,6.8165,1.0,0.0,0.0,0.0,0.0
862,549.36,783.8,12141.25,6636.25,5852.45,51.5296,0.2879,0.0,-783.8,0.0,6.8165,0.0,-783.8,0.0,6.8165,1.0,0.0,0.0,0.0,0.0
863,549.69,800.55,12262.25,6852.4,6051.85,52.8006,0.2774,0.0,-800.55,0.0,6.8165,0.0,-800.55,0.0,6.8165,1.0,0.0,0.0,0.0,0.0
864,550.02,792.55,12524.95,7103.4,6310.85,53.7899,0.2693,0.0,-792.55,0.0,6.8165,0.0,-792.55,0.0,6.8165,1.0,0.0,0.0,0.0,0.0
865,550.35,801.45,12677.55,7313.6,6512.15,54.8341,0.2609,0.0,-801.45,0.0,6.8165,0.0,-801.45,0.0,6.8165,1.0,0.0,0.0,0.0,0.0
866,550.68,800.6,12944.6,7530.65,6730.05,55.4187,0.2563,0.0,-800.6,0.0,6.8165,0.0,-800.6,0.0,6.8165,1.0,0.0,0.0,0.0,0.0
867,551.0,810.5,13265.1,7784.85,6974.35,55.9982,0.2518,0.0,-810.5,0.0,6.8165,0.0,-810.5,0.0,6.8165,1.0,0.0,0.0,0.0,0.0
868,551.33,789.2,13489.0,8064.5,7275.3,57.2867,0.2419,0.0,-789.2,0.0,6.8165,0.0,-789.2,0.0,6.8165,1.0,0.0,0.0,0.0,0.0
869,551.66,798.65,13765.65,8333.45,7534.8,58.1075,0.2358,0.0,-798.65,0.0,6.8165,0.0,-798.65,0.0,6.8165,1.0,0.0,0.0,0.0,0.0
870,551.99,808.0,13922.05,8612.2,7804.2,59.5102,0.2254,0.0,-808.0,0.0,6.8165,0.0,-808.0,0.0,6.8165,1.0,0.0,0.0,0.0,0.0
871,552.32,800.5,14146.8,8833.6,8033.1,60.1897,0.2205,0.0,-800.5,0.0,6.8165,0.0,-800.5,0.0,6.8165,1.0,0.0,0.0,0.0,0.0
872,552.64,795.05,14503.85,9103.95,8308.9,60.61,0.2175,0.0,-795.05,0.0,6.8165,0.0,-795.05,0.0,6.8165,1.0,0.0,0.0,0.0,0.0
873,552.97,789.75,14846.5,9364.2,8574.45,60.9988,0.2147,0.0,-789.75,0.0,6.8165,0.0,-789.75,0.0,6.8165,1.0,0.0,0.0,0.0,0.0
874,553.3,785.4,15087.7,9679.8,8894.4,62.1886,0.2063,0.0,-785.4,0.0,6.8165,0.0,-785.4,0.0,6.8165,1.0,0.0,0.0,0.0,0.0
875,553.63,792.75,15412.65,10059.75,9267.0,63.3862,0.198,0.0,-792.75,0.0,6.8165,0.0,-792.75,0.0,6.8165,1.0,0.0,0.0,0.0,0.0
876,553.95,788.1,15690.05,10423.6,9635.5,64.6593,0.1894,0.0,-788.1,0.0,6.8165,0.0,-788.1,0.0,6.8165,1.0,0.0,0.0,0.0,0.0
877,554.28,801.55,16027.95,10708.55,9907.0,65.0646,0.1867,0.0,-801.55,0.0,6.8165,0.0,-801.55,0.0,6.8165,1.0,0.0,0.0,0.0,0.0
878,554.61,791.45,16356.35,10976.6,10185.15,65.4367,0.1842,0.0,-791.45,0.0,6.8165,0.0,-791.45,0.0,6.8165,1.0,0.0,0.0,0.0,0.0
879,554.93,790.9,16506.7,11350.5,10559.6,67.191,0.1727,0.0,-790.9,0.0,6.8165,0.0,-790.9,0.0,6.8165,1.0,0.0,0.0,0.0,0.0
880,555.26,783.1,16913.35,11599.65,10816.55,67.0575,0.1736,0.0,-783.1,0.0,6.8165,0.0,-783.1,0.0,6.8165,1.0,0.0,0.0,0.0,0.0
881,555.59,788.55,17328.9,11956.5,11167.95,67.5194,0.1706,0.0,-788.55,0.0,6.8165,0.0,-788.55,0.0,6.8165,1.0,0.0,0.0,0.0,0.0
882,555.91,793.4,17716.25,12480.65,11687.25,69.0619,0.1608,0.0,-793.4,0.0,6.8165,0.0,-793.4,0.0,6.8165,1.0,0.0,0.0,0.0,0.0
883,556.24,789.9,18026.7,12752.25,11962.35,69.4001,0.1586,0.0,-789.9,0.0,6.8165,0.0,-789.9,0.0,6.8165,1.0,0.0,0.0,0.0,0.0
884,556.57,787.4,18266.85,13203.0,12415.6,71.0297,0.1486,0.0,-787.4,0.0,6.8165,0.0,-787.4,0.0,6.8165,1.0,0.0,0.0,0.0,0.0
885,556.89,794.7,18568.95,13376.95,12582.25,70.7892,0.15,0.0,-794.7,0.0,6.8165,0.0,-794.7,0.0,6.8165,1.0,0.0,0.0,0.0,0.0
886,557.22,787.0,18979.95,13970.7,13183.7,72.466,0.1399,0.0,-787.0,0.0,6.8165,0.0,-787.0,0.0,6.8165,1.0,0.0,0.0,0.0,0.0
887,557.55,770.9,19432.9,14314.1,13543.2,72.571,0.1392,0.0,-770.9,0.0,6.8165,0.0,-770.9,0.0,6.8165,1.0,0.0,0.0,0.0,0.0
888,557.87,796.35,19821.2,14817.4,14021.05,73.6986,0.1325,0.0,-796.35,0.0,6.8165,0.0,-796.35,0.0,6.8165,1.0,0.0,0.0,0.0,0.0
889,558.2,798.45,20168.0,15095.7,14297.25,73.813,0.1319,0.0,-798.45,0.0,6.8165,0.0,-798.45,0.0,6.8165,1.0,0.0,0.0,0.0,0.0
890,558.52,792.5,20471.9,15627.3,14834.8,75.3824,0.1227,0.0,-792.5,0.0,6.8165,0.0,-792.5,0.0,6.8165,1.0,0.0,0.0,0.0,0.0
891,558.85,794.0,20983.05,16063.45,15269.45,75.6323,0.1213,0.0,-794.0,0.0,6.8165,0.0,-794.0,0.0,6.8165,1.0,0.0,0.0,0.0,0.0
892,559.17,800.15,21255.4,16422.45,15622.3,76.3731,0.1171,0.0,-800.15,0.0,6.8165,0.0,-800.15,0.0,6.8165,1.0,0.0,0.0,0.0,0.0
893,559.5,785.9,21786.95,16892.85,16106.95,76.6959,0.1152,0.0,-785.9,0.0,6.8165,0.0,-785.9,0.0,6.8165,1.0,0.0,0.0,0.0,0.0
894,559.83,797.2,22139.1,17343.15,16545.95,77.528,0.1105,0.0,-797.2,0.0,6.8165,0.0,-797.2,0.0,6.8165,1.0,0.0,0.0,0.0,0.0
895,560.15,810.2,22379.8,17684.2,16874.0,78.2305,0.1066,0.0,-810.2,0.0,6.8165,0.0,-810.2,0.0,6.8165,1.0,0.0,0.0,0.0,0.0
896,560.48,805.0,22801.85,18108.7,17303.7,78.6644,0.1042,0.0,-805.0,0.0,6.8165,0.0,-805.0,0.0,6.8165,1.0,0.0,0.0,0.0,0.0
897,560.8,803.75,23300.35,18620.25,17816.5,79.1964,0.1013,0.0,-803.75,0.0,6.8165,0.0,-803.75,0.0,6.8165,1.0,0.0,0.0,0.0,0.0
898,561.13,792.45,23829.55,19210.4,18417.95,79.9491,0.0972,0.0,-792.45,0.0,6.8165,0.0,-792.45,0.0,6.8165,1.0,0.0,0.0,0.0,0.0
899,561.45,780.5,24071.6,19555.05,18774.55,80.6083,0.0936,0.0,-780.5,0.0,6.8165,0.0,-780.5,0.0,6.8165,1.0,0.0,0.0,0.0,0.0
900,561.78,805.05,24373.25,19868.45,19063.4,80.8861,0.0921,0.0,-805.05,0.0,6.8165,0.0,-805.05,0.0,6.8165,1.0,0.0,0.0,0.0,0.0
901,562.1,793.3,24976.2,20550.8,19757.5,81.7003,0.0878,0.0,-793.3,0.0,6.8165,0.0,-793.3,0.0,6.8165,1.0,0.0,0.0,0.0,0.0
902,562.43,807.0,25330.45,20894.15,20087.15,81.91,0.0867,0.0,-807.0,0.0,6.8165,0.0,-807.0,0.0,6.8165,1.0,0.0,0.0,0.0,0.0
903,562.75,795.1,25718.1,21432.45,20637.35,82.8044,0.0819,0.0,-795.1,0.0,6.8165,0.0,-795.1,0.0,6.8165,1.0,0.0,0.0,0.0,0.0
904,563.07,783.0,26151.0,21984.15,21201.15,83.5744,0.0779,0.0,-783.0,0.0,6.8165,0.0,-783.0,0.0,6.8165,1.0,0.0,0.0,0.0,0.0
905,563.4,805.4,26458.65,22226.45,21421.05,83.5023,0.0783,0.0,-805.4,0.0,6.8165,0.0,-805.4,0.0,6.8165,1.0,0.0,0.0,0.0,0.0
906,563.72,794.6,26622.95,22430.05,21635.45,83.7663,0.0769,0.0,-794.6,0.0,6.8165,0.0,-794.6,0.0,6.8165,1.0,0.0,0.0,0.0,0.0
907,564.05,789.45,26908.0,22947.7,22158.25,84.8372,0.0714,0.0,-789.45,0.0,6.8165,0.0,-789.45,0.0,6.8165,1.0,0.0,0.0,0.0,0.0
908,564.37,788.55,27451.5,23442.8,22654.25,84.9653,0.0708,0.0,-788.55,0.0,6.8165,0.0,-788.55,0.0,6.8165,1.0,0.0,0.0,0.0,0.0
909,564.7,790.0,27876.6,23959.3,23169.3,85.5379,0.0678,0.0,-790.0,0.0,6.8165,0.0,-790.0,0.0,6.8165,1.0,0.0,0.0,0.0,0.0
910,565.02,784.2,28435.8,24460.8,23676.6,85.6247,0.0674,0.0,-784.2,0.0,6.8165,0.0,-784.2,0.0,6.8165,1.0,0.0,0.0,0.0,0.0
911,565.34,793.2,28615.85,24751.7,23958.5,86.1115,0.0649,0.0,-793.2,0.0,6.8165,0.0,-793.2,0.0,6.8165,1.0,0.0,0.0,0.0,0.0
912,565.67,809.35,28832.3,25070.15,24260.8,86.5748,0.0626,0.0,-809.35,0.0,6.8165,0.0,-809.35,0.0,6.8165,1.0,0.0,0.0,0.0,0.0
913,565.99,786.7,28864.5,25165.85,24379.15,86.8271,0.0613,0.0,-786.7,0.0,6.8165,0.0,-786.7,0.0,6.8165,1.0,0.0,0.0,0.0,0.0
914,566.31,800.7,29568.55,25756.75,24956.05,86.7498,0.0617,0.0,-800.7,0.0,6.8165,0.0,-800.7,0.0,6.8165,1.0,0.0,0.0,0.0,0.0
915,566.64,800.8,29948.35,26214.25,25413.45,87.189,0.0595,0.0,-800.8,0.0,6.8165,0.0,-800.8,0.0,6.8165,1.0,0.0,0.0,0.0,0.0
916,566.96,805.7,30367.4,26624.3,25818.6,87.338,0.0588,0.0,-805.7,0.0,6.8165,0.0,-805.7,0.0,6.8165,1.0,0.0,0.0,0.0,0.0
917,567.29,804.35,30393.05,26907.65,26103.3,88.2205,0.0544,0.0,-804.35,0.0,6.8165,0.0,-804.35,0.0,6.8165,1.0,0.0,0.0,0.0,0.0
918,567.61,793.0,30648.2,27178.65,26385.65,88.3787,0.0537,0.0,-793.0,0.0,6.8165,0.0,-793.0,0.0,6.8165,1.0,0.0,0.0,0.0,0.0
919,567.93,796.4,30906.7,27512.6,26716.2,88.7278,0.0519,0.0,-796.4,0.0,6.8165,0.0,-796.4,0.0,6.8165,1.0,0.0,0.0,0.0,0.0
920,568.25,801.2,31414.2,27991.4,27190.2,88.8191,0.0515,0.0,-801.2,0.0,6.8165,0.0,-801.2,0.0,6.8165,1.0,0.0,0.0,0.0,0.0
921,568.58,786.0,31764.15,28326.8,27540.8,88.904,0.0511,0.0,-786.0,0.0,6.8165,0.0,-786.0,0.0,6.8165,1.0,0.0,0.0,0.0,0.0
922,568.9,805.9,31952.85,28669.25,27863.35,89.4577,0.0484,0.0,-805.9,0.0,6.8165,0.0,-805.9,0.0,6.8165,1.0,0.0,0.0,0.0,0.0
923,569.22,788.05,31987.4,28705.55,27917.5,89.481,0.0483,0.0,-788.05,0.0,6.8165,0.0,-788.05,0.0,6.8165,1.0,0.0,0.0,0.0,0.0
924,569.55,801.6,32307.05,29013.05,28211.45,89.5447,0.048,0.0,-801.6,0.0,6.8165,0.0,-801.6,0.0,6.8165,1.0,0.0,0.0,0.0,0.0
925,569.87,794.8,32583.75,29252.65,28457.85,89.5212,0.0481,0.0,-794.8,0.0,6.8165,0.0,-794.8,0.0,6.8165,1.0,0.0,0.0,0.0,0.0
926,570.19,788.9,32927.6,29716.6,28927.7,90.0089,0.0457,0.0,-788.9,0.0,6.8165,0.0,-788.9,0.0,6.8165,1.0,0.0,0.0,0.0,0.0
927,570.51,790.25,33276.9,30240.2,29449.95,90.6525,0.0426,0.0,-790.25,0.0,6.8165,0.0,-790.25,0.0,6.8165,1.0,0.0,0.0,0.0,0.0
928,570.83,797.65,33647.7,30520.65,29723.0,90.4808,0.0434,0.0,-797.65,0.0,6.8165,0.0,-797.65,0.0,6.8165,1.0,0.0,0.0,0.0,0.0
929,571.16,780.25,33621.0,30523.75,29743.5,90.5689,0.043,0.0,-780.25,0.0,6.8165,0.0,-780.25,0.0,6.8165,1.0,0.0,0.0,0.0,0.0
930,571.48,797.55,33752.85,30675.15,29877.6,90.661,0.0426,0.0,-797.55,0.0,6.8165,0.0,-797.55,0.0,6.8165,1.0,0.0,0.0,0.0,0.0
931,571.8,793.3,33983.4,30956.7,30163.4,90.8807,0.0415,0.0,-793.3,0.0,6.8165,0.0,-793.3,0.0,6.8165,1.0,0.0,0.0,0.0,0.0
932,572.12,798.1,34269.3,31363.55,30565.45,91.3187,0.0394,0.0,-798.1,0.0,6.8165,0.0,-798.1,0.0,6.8165,1.0,0.0,0.0,0.0,0.0
933,572.44,780.4,34348.0,31569.3,30788.9,91.7221,0.0375,0.0,-780.4,0.0,6.8165,0.0,-780.4,0.0,6.8165,1.0,0.0,0.0,0.0,0.0
934,572.77,779.15,34825.1,32102.05,31322.9,92.0018,0.0362,0.0,-779.15,0.0,6.8165,0.0,-779.15,0.0,6.8165,1.0,0.0,0.0,0.0,0.0
935,573.09,787.65,34965.9,32142.1,31354.45,91.738,0.0375,0.0,-787.65,0.0,6.8165,0.0,-787.65,0.0,6.8165,1.0,0.0,0.0,0.0,0.0
936,573.41,789.15,35157.8,32282.6,31493.45,91.6342,0.0379,0.0,-789.15,0.0,6.8165,0.0,-789.15,0.0,6.8165,1.0,0.0,0.0,0.0,0.0
937,573.73,796.55,35359.2,32523.1,31726.55,91.7943,0.0372,0.0,-796.55,0.0,6.8165,0.0,-796.55,0.0,6.8165,1.0,0.0,0.0,0.0,0.0
938,574.05,803.55,35336.45,32425.55,31622.0,91.5706,0.0382,0.0,-803.55,0.0,6.8165,0.0,-803.55,0.0,6.8165,1.0,0.0,0.0,0.0,0.0
939,574.37,793.3,35252.25,32553.45,31760.15,92.1681,0.0354,0.0,-793.3,0.0,6.8165,0.0,-793.3,0.0,6.8165,1.0,0.0,0.0,0.0,0.0
940,574.69,799.8,35434.05,32753.5,31953.7,92.2604,0.035,0.0,-799.8,0.0,6.8165,0.0,-799.8,0.0,6.8165,1.0,0.0,0.0,0.0,0.0
941,575.02,798.25,35786.9,33009.25,32211.0,92.0613,0.0359,0.0,-798.25,0.0,6.8165,0.0,-798.25,0.0,6.8165,1.0,0.0,0.0,0.0,0.0
942,575.34,791.35,36191.05,33503.55,32712.2,92.4081,0.0343,0.0,-791.35,0.0,6.8165,0.0,-791.35,0.0,6.8165,1.0,0.0,0.0,0.0,0.0
943,575.66,794.6,36464.3,33765.55,32970.95,92.4341,0.0342,0.0,-794.6,0.0,6.8165,0.0,-794.6,0.0,6.8165,1.0,0.0,0.0,0.0,0.0
944,575.98,802.95,36425.9,33807.9,33004.95,92.6508,0.0332,0.0,-802.95,0.0,6.8165,0.0,-802.95,0.0,6.8165,1.0,0.0,0.0,0.0,0.0
945,576.3,807.05,36553.95,33921.55,33114.5,92.636,0.0332,0.0,-807.05,0.0,6.8165,0.0,-807.05,0.0,6.8165,1.0,0.0,0.0,0.0,0.0
946,576.62,799.8,36177.6,33582.8,32783.0,92.6655,0.0331,0.0,-799.8,0.0,6.8165,0.0,-799.8,0.0,6.8165,1.0,0.0,0.0,0.0,0.0
947,576.94,788.05,36538.0,33990.45,33202.4,92.874,0.0321,0.0,-788.05,0.0,6.8165,0.0,-788.05,0.0,6.8165,1.0,0.0,0.0,0.0,0.0
948,577.26,790.85,37094.35,34660.8,33869.95,93.2967,0.0301,0.0,-790.85,0.0,6.8165,0.0,-790.85,0.0,6.8165,1.0,0.0,0.0,0.0,0.0
949,577.58,785.3,37395.15,34984.35,34199.05,93.4149,0.0296,0.0,-785.3,0.0,6.8165,0.0,-785.3,0.0,6.8165,1.0,0.0,0.0,0.0,0.0
950,577.9,791.55,37195.4,34756.5,33964.95,93.3004,0.0301,0.0,-791.55,0.0,6.8165,0.0,-791.55,0.0,6.8165,1.0,0.0,0.0,0.0,0.0
951,578.22,780.8,37197.4,34695.3,33914.5,93.1292,0.0309,0.0,-780.8,0.0,6.8165,0.0,-780.8,0.0,6.8165,1.0,0.0,0.0,0.0,0.0
952,578.54,794.15,37081.75,34499.75,33705.6,92.8846,0.0321,0.0,-794.15,0.0,6.8165,0.0,-794.15,0.0,6.8165,1.0,0.0,0.0,0.0,0.0
953,578.86,806.7,37043.1,34483.8,33677.1,92.9372,0.0318,0.0,-806.7,0.0,6.8165,0.0,-806.7,0.0,6.8165,1.0,0.0,0.0,0.0,0.0
954,579.18,799.0,37325.25,34857.3,34058.3,93.2434,0.0304,0.0,-799.0,0.0,6.8165,0.0,-799.0,0.0,6.8165,1.0,0.0,0.0,0.0,0.0
955,579.5,799.95,37620.5,35188.3,34388.35,93.3944,0.0297,0.0,-799.95,0.0,6.8165,0.0,-799.95,0.0,6.8165,1.0,0.0,0.0,0.0,0.0
956,579.82,797.2,37860.05,35545.15,34747.95,93.7541,0.028,0.0,-797.2,0.0,6.8165,0.0,-797.2,0.0,6.8165,1.0,0.0,0.0,0.0,0.0
957,580.14,784.7,38036.35,35637.65,34852.95,93.5608,0.0289,0.0,-784.7,0.0,6.8165,0.0,-784.7,0.0,6.8165,1.0,0.0,0.0,0.0,0.0
958,580.46,792.95,37593.3,35349.25,34556.3,93.9021,0.0273,0.0,-792.95,0.0,6.8165,0.0,-792.95,0.0,6.8165,1.0,0.0,0.0,0.0,0.0
959,580.78,798.35,37939.35,35657.35,34859.0,93.8558,0.0275,0.0,-798.35,0.0,6.8165,0.0,-798.35,0.0,6.8165,1.0,0.0,0.0,0.0,0.0
960,581.1,801.7,38139.65,35903.5,35101.8,94.0111,0.0268,0.0,-801.7,0.0,6.8165,0.0,-801.7,0.0,6.8165,1.0,0.0,0.0,0.0,0.0
961,581.42,787.45,38472.95,36278.0,35490.55,94.1756,0.0261,0.0,-787.45,0.0,6.8165,0.0,-787.45,0.0,6.8165,1.0,0.0,0.0,0.0,0.0
962,581.73,799.85,38822.65,36649.5,35849.65,94.2846,0.0256,0.0,-799.85,0.0,6.8165,0.0,-799.85,0.0,6.8165,1.0,0.0,0.0,0.0,0.0
963,582.05,777.65,39083.05,36829.9,36052.25,94.1179,0.0263,0.0,-777.65,0.0,6.8165,0.0,-777.65,0.0,6.8165,1.0,0.0,0.0,0.0,0.0
964,582.37,772.9,38560.25,36419.55,35646.65,94.3349,0.0253,0.0,-772.9,0.0,6.8165,0.0,-772.9,0.0,6.8165,1.0,0.0,0.0,0.0,0.0
965,582.69,779.8,38817.6,36667.0,35887.2,94.3462,0.0253,0.0,-779.8,0.0,6.8165,0.0,-779.8,0.0,6.8165,1.0,0.0,0.0,0.0,0.0
966,583.01,791.7,39568.3,37568.35,36776.65,94.8424,0.023,0.0,-791.7,0.0,6.8165,0.0,-791.7,0.0,6.8165,1.0,0.0,0.0,0.0,0.0
967,583.33,786.75,39791.8,37718.5,36931.75,94.6845,0.0237,0.0,-786.75,0.0,6.8165,0.0,-786.75,0.0,6.8165,1.0,0.0,0.0,0.0,0.0
968,583.65,803.3,40581.4,38501.0,37697.7,94.77,0.0233,0.0,-803.3,0.0,6.8165,0.0,-803.3,0.0,6.8165,1.0,0.0,0.0,0.0,0.0
969,583.96,787.25,40784.45,38888.3,38101.05,95.2593,0.0211,0.0,-787.25,0.0,6.8165,0.0,-787.25,0.0,6.8165,1.0,0.0,0.0,0.0,0.0
970,584.28,795.35,40803.85,38867.3,38071.95,95.1597,0.0215,0.0,-795.35,0.0,6.8165,0.0,-795.35,0.0,6.8165,1.0,0.0,0.0,0.0,0.0
971,584.6,787.2,40782.55,38923.95,38136.75,95.353,0.0207,0.0,-787.2,0.0,6.8165,0.0,-787.2,0.0,6.8165,1.0,0.0,0.0,0.0,0.0
972,584.92,797.15,41186.0,39356.25,38559.1,95.4697,0.0201,0.0,-797.15,0.0,6.8165,0.0,-797.15,0.0,6.8165,1.0,0.0,0.0,0.0,0.0
973,585.24,794.6,41921.65,39988.0,39193.4,95.2983,0.0209,0.0,-794.6,0.0,6.8165,0.0,-794.6,0.0,6.8165,1.0,0.0,0.0,0.0,0.0
974,585.55,792.8,42591.2,40672.55,39879.75,95.4098,0.0204,0.0,-792.8,0.0,6.8165,0.0,-792.8,0.0,6.8165,1.0,0.0,0.0,0.0,0.0
975,585.87,793.1,42851.3,41051.05,40257.95,95.7196,0.019,0.0,-793.1,0.0,6.8165,0.0,-793.1,0.0,6.8165,1.0,0.0,0.0,0.0,0.0
976,586.19,794.7,42879.6,41171.4,40376.7,95.9411,0.018,0.0,-794.7,0.0,6.8165,0.0,-794.7,0.0,6.8165,1.0,0.0,0.0,0.0,0.0
977,586.51,804.4,42840.05,41251.05,40446.65,96.2199,0.0167,0.0,-804.4,0.0,6.8165,0.0,-804.4,0.0,6.8165,1.0,0.0,0.0,0.0,0.0
978,586.83,803.7,43216.1,41720.95,40917.25,96.4747,0.0156,0.0,-803.7,0.0,6.8165,0.0,-803.7,0.0,6.8165,1.0,0.0,0.0,0.0,0.0
979,587.14,794.1,43607.9,42134.8,41340.7,96.5593,0.0152,0.0,-794.1,0.0,6.8165,0.0,-794.1,0.0,6.8165,1.0,0.0,0.0,0.0,0.0
980,587.46,795.95,44402.45,42951.15,42155.2,96.6718,0.0147,0.0,-795.95,0.0,6.8165,0.0,-795.95,0.0,6.8165,1.0,0.0,0.0,0.0,0.0
981,587.78,799.45,44954.85,43438.85,42639.4,96.5667,0.0152,0.0,-799.45,0.0,6.8165,0.0,-799.45,0.0,6.8165,1.0,0.0,0.0,0.0,0.0
982,588.09,808.15,44893.7,43491.45,42683.3,96.8193,0.014,0.0,-808.15,0.0,6.8165,0.0,-808.15,0.0,6.8165,1.0,0.0,0.0,0.0,0.0
983,588.41,784.15,45488.4,44212.0,43427.85,97.1448,0.0126,0.0,-784.15,0.0,6.8165,0.0,-784.15,0.0,6.8165,1.0,0.0,0.0,0.0,0.0
984,588.73,801.05,46484.05,45389.95,44588.9,97.605,0.0105,0.0,-801.05,0.0,6.8165,0.0,-801.05,0.0,6.8165,1.0,0.0,0.0,0.0,0.0
985,589.04,792.6,46711.15,45480.95,44688.35,97.3209,0.0118,0.0,-792.6,0.0,6.8165,0.0,-792.6,0.0,6.8165,1.0,0.0,0.0,0.0,0.0
986,589.36,804.5,47012.2,45844.95,45040.45,97.4739,0.0111,0.0,-804.5,0.0,6.8165,0.0,-804.5,0.0,6.8165,1.0,0.0,0.0,0.0,0.0
987,589.68,789.2,47347.9,46165.7,45376.5,97.4608,0.0112,0.0,-789.2,0.0,6.8165,0.0,-789.2,0.0,6.8165,1.0,0.0,0.0,0.0,0.0
988,589.99,799.3,47445.1,46174.85,45375.55,97.2768,0.012,0.0,-799.3,0.0,6.8165,0.0,-799.3,0.0,6.8165,1.0,0.0,0.0,0.0,0.0
989,590.31,784.2,48242.1,47270.3,46486.1,97.9523,0.009,0.0,-784.2,0.0,6.8165,0.0,-784.2,0.0,6.8165,1.0,0.0,0.0,0.0,0.0
990,590.63,797.75,48292.55,47396.95,46599.2,98.1143,0.0083,0.0,-797.75,0.0,6.8165,0.0,-797.75,0.0,6.8165,1.0,0.0,0.0,0.0,0.0
991,590.94,794.45,49029.05,48060.4,47265.95,97.9918,0.0088,0.0,-794.45,0.0,6.8165,0.0,-794.45,0.0,6.8165,1.0,0.0,0.0,0.0,0.0
992,591.26,778.65,49634.6,48810.4,48031.75,98.313,0.0074,0.0,-778.65,0.0,6.8165,0.0,-778.65,0.0,6.8165,1.0,0.0,0.0,0.0,0.0
993,591.58,774.05,49747.9,49144.35,48370.3,98.7676,0.0054,0.0,-774.05,0.0,6.8165,0.0,-774.05,0.0,6.8165,1.0,0.0,0.0,0.0,0.0
994,591.89,782.95,49200.25,48430.4,47647.45,98.41,0.007,0.0,-782.95,0.0,6.8165,0.0,-782.95,0.0,6.8165,1.0,0.0,0.0,0.0,0.0
995,592.21,796.45,49591.25,48972.95,48176.5,98.7329,0.0055,0.0,-796.45,0.0,6.8165,0.0,-796.45,0.0,6.8165,1.0,0.0,0.0,0.0,0.0
996,592.52,803.2,50488.9,50007.9,49204.7,99.0319,0.0042,0.0,-803.2,0.0,6.8165,0.0,-803.2,0.0,6.8165,1.0,0.0,0.0,0.0,0.0
997,592.84,791.4,51004.75,50666.6,49875.2,99.3266,0.0029,0.0,-791.4,0.0,6.8165,0.0,-791.4,0.0,6.8165,1.0,0.0,0.0,0.0,0.0
998,593.15,781.3,51694.0,51252.3,50471.0,99.1324,0.0038,0.0,-781.3,0.0,6.8165,0.0,-781.3,0.0,6.8165,1.0,0.0,0.0,0.0,0.0
999,593.47,789.75,51628.65,51171.85,50382.1,99.1015,0.0039,0.0,-789.75,0.0,6.8165,0.0,-789.75,0.0,6.8165,1.0,0.0,0.0,0.0,0.0
1000,593.79,782.35,51742.25,51325.35,50543.0,99.1819,0.0036,0.0,-782.35,0.0,6.8165,0.0,-782.35,0.0,6.8165,1.0,0.0,0.0,0.0,0.0
1001,594.1,802.3,51678.8,51490.1,50687.8,99.6291,0.0016,0.0,-802.3,0.0,6.8165,0.0,-802.3,0.0,6.8165,1.0,0.0,0.0,0.0,0.0
1002,594.42,793.1,52679.05,52610.0,51816.9,99.8669,0.0006,0.0,-793.1,0.0,6.8165,0.0,-793.1,0.0,6.8165,1.0,0.0,0.0,0.0,0.0
1003,594.73,795.5,53302.3,53238.6,52443.1,99.8787,0.0005,0.0,-795.5,0.0,6.8165,0.0,-795.5,0.0,6.8165,1.0,0.0,0.0,0.0,0.0
1004,595.05,795.55,53759.7,53808.7,53013.15,100.0925,-0.0004,0.0,-795.55,0.0,6.8165,0.0,-795.55,0.0,6.8165,1.0,0.0,0.0,0.0,0.0
1005,595.36,800.0,54375.7,54427.7,53627.7,100.0971,-0.0004,0.0,-800.0,0.0,6.8165,0.0,-800.0,0.0,6.8165,1.0,0.0,0.0,0.0,0.0
1006,595.68,794.65,53866.35,53976.9,53182.25,100.2083,-0.0009,0.0,-794.65,0.0,6.8165,0.0,-794.65,0.0,6.8165,1.0,0.0,0.0,0.0,0.0
1007,595.99,803.25,53773.05,53886.8,53083.55,100.2147,-0.0009,0.0,-803.25,0.0,6.8165,0.0,-803.25,0.0,6.8165,1.0,0.0,0.0,0.0,0.0
1008,596.3,801.7,54731.75,54797.45,53995.75,100.1218,-0.0005,0.0,-801.7,0.0,6.8165,0.0,-801.7,0.0,6.8165,1.0,0.0,0.0,0.0,0.0
1009,596.62,806.4,54769.2,54993.6,54187.2,100.4158,-0.0018,0.0,-806.4,0.0,6.8165,0.0,-806.4,0.0,6.8165,1.0,0.0,0.0,0.0,0.0
1010,596.93,785.0,55162.1,55484.7,54699.7,100.5933,-0.0026,0.0,-785.0,0.0,6.8165,0.0,-785.0,0.0,6.8165,1.0,0.0,0.0,0.0,0.0
1011,597.25,794.1,55467.4,55812.85,55018.75,100.6318,-0.0027,0.0,-794.1,0.0,6.8165,0.0,-794.1,0.0,6.8165,1.0,0.0,0.0,0.0,0.0
1012,597.56,791.15,55361.9,55780.7,54989.55,100.7674,-0.0033,0.0,-791.15,0.0,6.8165,0.0,-791.15,0.0,6.8165,1.0,0.0,0.0,0.0,0.0
1013,597.88,792.55,55364.35,55694.0,54901.45,100.6041,-0.0026,0.0,-792.55,0.0,6.8165,0.0,-792.55,0.0,6.8165,1.0,0.0,0.0,0.0,0.0
1014,598.19,795.35,55812.9,56214.6,55419.25,100.7301,-0.0032,0.0,-795.35,0.0,6.8165,0.0,-795.35,0.0,6.8165,1.0,0.0,0.0,0.0,0.0
1015,598.5,787.1,55961.5,56397.15,55610.05,100.7896,-0.0034,0.0,-787.1,0.0,6.8165,0.0,-787.1,0.0,6.8165,1.0,0.0,0.0,0.0,0.0
1016,598.82,786.85,56051.55,56500.05,55713.2,100.8115,-0.0035,0.0,-786.85,0.0,6.8165,0.0,-786.85,0.0,6.8165,1.0,0.0,0.0,0.0,0.0
1017,599.13,791.4,55801.9,56164.15,55372.75,100.6585,-0.0029,0.0,-791.4,0.0,6.8165,0.0,-791.4,0.0,6.8165,1.0,0.0,0.0,0.0,0.0
1018,599.45,794.55,56376.05,56788.0,55993.45,100.7412,-0.0032,0.0,-794.55,0.0,6.8165,0.0,-794.55,0.0,6.8165,1.0,0.0,0.0,0.0,0.0
1019,599.76,799.55,55750.1,56162.55,55363.0,100.7506,-0.0032,0.0,-799.55,0.0,6.8165,0.0,-799.55,0.0,6.8165,1.0,0.0,0.0,0.0,0.0
1020,600.07,794.4,56100.75,56476.75,55682.35,100.6798,-0.0029,0.0,-794.4,0.0,6.8165,0.0,-794.4,0.0,6.8165,1.0,0.0,0.0,0.0,0.0
1021,600.39,791.6,56819.6,57507.8,56716.2,101.2283,-0.0053,0.0,-791.6,0.0,6.8165,0.0,-791.6,0.0,6.8165,1.0,0.0,0.0,0.0,0.0
1022,600.7,798.85,57362.3,58125.8,57326.95,101.3498,-0.0058,0.0,-798.85,0.0,6.8165,0.0,-798.85,0.0,6.8165,1.0,0.0,0.0,0.0,0.0
1023,601.01,796.3,56873.15,57544.95,56748.65,101.198,-0.0052,0.0,-796.3,0.0,6.8165,0.0,-796.3,0.0,6.8165,1.0,0.0,0.0,0.0,0.0
1024,601.33,790.2,56931.1,57644.25,56854.05,101.2703,-0.0055,0.0,-790.2,0.0,6.8165,0.0,-790.2,0.0,6.8165,1.0,0.0,0.0,0.0,0.0
1025,601.64,795.75,57305.35,57967.25,57171.5,101.1713,-0.0051,0.0,-795.75,0.0,6.8165,0.0,-795.75,0.0,6.8165,1.0,0.0,0.0,0.0,0.0
1026,601.95,783.3,57369.65,58201.35,57418.05,101.4698,-0.0063,0.0,-783.3,0.0,6.8165,0.0,-783.3,0.0,6.8165,1.0,0.0,0.0,0.0,0.0
1027,602.26,787.5,57141.1,57845.6,57058.1,101.2501,-0.0054,0.0,-787.5,0.0,6.8165,0.0,-787.5,0.0,6.8165,1.0,0.0,0.0,0.0,0.0
1028,602.58,780.45,56479.0,57181.2,56400.75,101.2607,-0.0054,0.0,-780.45,0.0,6.8165,0.0,-780.45,0.0,6.8165,1.0,0.0,0.0,0.0,0.0
1029,602.89,777.3,56399.05,57120.55,56343.25,101.2972,-0.0056,0.0,-777.3,0.0,6.8165,0.0,-777.3,0.0,6.8165,1.0,0.0,0.0,0.0,0.0
1030,603.2,802.5,56872.1,57624.05,56821.55,101.3411,-0.0058,0.0,-802.5,0.0,6.8165,0.0,-802.5,0.0,6.8165,1.0,0.0,0.0,0.0,0.0
1031,603.51,796.6,57065.8,58030.9,57234.3,101.7151,-0.0074,0.0,-796.6,0.0,6.8165,0.0,-796.6,0.0,6.8165,1.0,0.0,0.0,0.0,0.0
1032,603.83,804.3,57337.55,58091.4,57287.1,101.3335,-0.0058,0.0,-804.3,0.0,6.8165,0.0,-804.3,0.0,6.8165,1.0,0.0,0.0,0.0,0.0
1033,604.14,793.35,57293.5,57990.0,57196.65,101.2327,-0.0053,0.0,-793.35,0.0,6.8165,0.0,-793.35,0.0,6.8165,1.0,0.0,0.0,0.0,0.0
1034,604.45,787.7,56967.05,57687.1,56899.4,101.2817,-0.0055,0.0,-787.7,0.0,6.8165,0.0,-787.7,0.0,6.8165,1.0,0.0,0.0,0.0,0.0
1035,604.76,789.4,56754.2,57456.0,56666.6,101.254,-0.0054,0.0,-789.4,0.0,6.8165,0.0,-789.4,0.0,6.8165,1.0,0.0,0.0,0.0,0.0
1036,605.07,800.05,56598.9,57291.75,56491.7,101.2417,-0.0054,0.0,-800.05,0.0,6.8165,0.0,-800.05,0.0,6.8165,1.0,0.0,0.0,0.0,0.0
1037,605.39,790.55,56921.85,57617.35,56826.8,101.2391,-0.0053,0.0,-790.55,0.0,6.8165,0.0,-790.55,0.0,6.8165,1.0,0.0,0.0,0.0,0.0
1038,605.7,806.35,56797.05,57551.6,56745.25,101.3476,-0.0058,0.0,-806.35,0.0,6.8165,0.0,-806.35,0.0,6.8165,1.0,0.0,0.0,0.0,0.0
1039,606.01,787.6,57468.75,58332.75,57545.15,101.5243,-0.0066,0.0,-787.6,0.0,6.8165,0.0,-787.6,0.0,6.8165,1.0,0.0,0.0,0.0,0.0
1040,606.32,793.7,57910.45,58711.95,57918.25,101.4033,-0.0061,0.0,-793.7,0.0,6.8165,0.0,-793.7,0.0,6.8165,1.0,0.0,0.0,0.0,0.0
1041,606.63,791.35,57110.3,57880.95,57089.6,101.3684,-0.0059,0.0,-791.35,0.0,6.8165,0.0,-791.35,0.0,6.8165,1.0,0.0,0.0,0.0,0.0
1042,606.94,794.0,57236.45,58090.95,57296.95,101.5139,-0.0065,0.0,-794.0,0.0,6.8165,0.0,-794.0,0.0,6.8165,1.0,0.0,0.0,0.0,0.0
1043,607.26,788.7,57305.7,58243.05,57454.35,101.6585,-0.0071,0.0,-788.7,0.0,6.8165,0.0,-788.7,0.0,6.8165,1.0,0.0,0.0,0.0,0.0
1044,607.57,808.25,57654.35,58647.3,57839.05,101.7467,-0.0075,0.0,-808.25,0.0,6.8165,0.0,-808.25,0.0,6.8165,1.0,0.0,0.0,0.0,0.0
1045,607.88,790.5,57078.85,58011.6,57221.1,101.6571,-0.0071,0.0,-790.5,0.0,6.8165,0.0,-790.5,0.0,6.8165,1.0,0.0,0.0,0.0,0.0
1046,608.19,798.3,57483.65,58249.85,57451.55,101.3517,-0.0058,0.0,-798.3,0.0,6.8165,0.0,-798.3,0.0,6.8165,1.0,0.0,0.0,0.0,0.0
1047,608.5,798.15,57391.85,58156.25,57358.1,101.3507,-0.0058,0.0,-798.15,0.0,6.8165,0.0,-798.15,0.0,6.8165,1.0,0.0,0.0,0.0,0.0
1048,608.81,786.2,57143.55,57938.0,57151.8,101.4097,-0.0061,0.0,-786.2,0.0,6.8165,0.0,-786.2,0.0,6.8165,1.0,0.0,0.0,0.0,0.0
1049,609.12,791.4,57038.1,57937.5,57146.1,101.599,-0.0069,0.0,-791.4,0.0,6.8165,0.0,-791.4,0.0,6.8165,1.0,0.0,0.0,0.0,0.0
1050,609.43,788.7,57476.25,58336.65,57547.95,101.5178,-0.0065,0.0,-788.7,0.0,6.8165,0.0,-788.7,0.0,6.8165,1.0,0.0,0.0,0.0,0.0
1051,609.74,783.9,57564.15,58510.05,57726.15,101.6659,-0.0072,0.0,-783.9,0.0,6.8165,0.0,-783.9,0.0,6.8165,1.0,0.0,0.0,0.0,0.0
1052,610.05,794.3,57994.1,58925.0,58130.7,101.6275,-0.007,0.0,-794.3,0.0,6.8165,0.0,-794.3,0.0,6.8165,1.0,0.0,0.0,0.0,0.0
1053,610.36,789.35,58078.15,59002.75,58213.4,101.6139,-0.007,0.0,-789.35,0.0,6.8165,0.0,-789.35,0.0,6.8165,1.0,0.0,0.0,0.0,0.0
1054,610.67,775.0,57144.4,58044.75,57269.75,101.5972,-0.0069,0.0,-775.0,0.0,6.8165,0.0,-775.0,0.0,6.8165,1.0,0.0,0.0,0.0,0.0
1055,610.98,786.2,56796.35,57619.65,56833.45,101.4699,-0.0063,0.0,-786.2,0.0,6.8165,0.0,-786.2,0.0,6.8165,1.0,0.0,0.0,0.0,0.0
1056,611.29,787.35,56830.4,57554.25,56766.9,101.2916,-0.0056,0.0,-787.35,0.0,6.8165,0.0,-787.35,0.0,6.8165,1.0,0.0,0.0,0.0,0.0
1057,611.6,782.5,57134.6,58113.95,57331.45,101.7379,-0.0075,0.0,-782.5,0.0,6.8165,0.0,-782.5,0.0,6.8165,1.0,0.0,0.0,0.0,0.0
1058,611.91,788.35,57749.85,58648.4,57860.05,101.5775,-0.0068,0.0,-788.35,0.0,6.8165,0.0,-788.35,0.0,6.8165,1.0,0.0,0.0,0.0,0.0
1059,612.22,786.4,57055.5,57994.45,57208.05,101.6687,-0.0072,0.0,-786.4,0.0,6.8165,0.0,-786.4,0.0,6.8165,1.0,0.0,0.0,0.0,0.0
1060,612.53,783.75,57240.35,58137.0,57353.25,101.5882,-0.0068,0.0,-783.75,0.0,6.8165,0.0,-783.75,0.0,6.8165,1.0,0.0,0.0,0.0,0.0
1061,612.84,792.15,57845.55,58568.4,57776.25,101.267,-0.0055,0.0,-792.15,0.0,6.8165,0.0,-792.15,0.0,6.8165,1.0,0.0,0.0,0.0,0.0
1062,613.15,802.2,57426.65,58280.5,57478.3,101.5079,-0.0065,0.0,-802.2,0.0,6.8165,0.0,-802.2,0.0,6.8165,1.0,0.0,0.0,0.0,0.0
1063,613.46,785.3,57363.35,58230.3,57445.0,101.5323,-0.0066,0.0,-785.3,0.0,6.8165,0.0,-785.3,0.0,6.8165,1.0,0.0,0.0,0.0,0.0
1064,613.77,782.05,57492.95,58445.45,57663.4,101.6796,-0.0072,0.0,-782.05,0.0,6.8165,0.0,-782.05,0.0,6.8165,1.0,0.0,0.0,0.0,0.0
1065,614.08,789.0,57508.85,58367.45,57578.45,101.5138,-0.0065,0.0,-789.0,0.0,6.8165,0.0,-789.0,0.0,6.8165,1.0,0.0,0.0,0.0,0.0
1066,614.39,793.35,57322.15,58239.6,57446.25,101.623,-0.007,0.0,-793.35,0.0,6.8165,0.0,-793.35,0.0,6.8165,1.0,0.0,0.0,0.0,0.0
1067,614.7,810.2,57800.6,58600.0,57789.8,101.4027,-0.006,0.0,-810.2,0.0,6.8165,0.0,-810.2,0.0,6.8165,1.0,0.0,0.0,0.0,0.0
1068,615.0,796.35,57356.75,58360.55,57564.2,101.7747,-0.0076,0.0,-796.35,0.0,6.8165,0.0,-796.35,0.0,6.8165,1.0,0.0,0.0,0.0,0.0
1069,615.31,789.0,57341.1,58141.85,57352.85,101.416,-0.0061,0.0,-789.0,0.0,6.8165,0.0,-789.0,0.0,6.8165,1.0,0.0,0.0,0.0,0.0
1070,615.62,778.2,57694.05,58691.35,57913.15,101.7522,-0.0075,0.0,-778.2,0.0,6.8165,0.0,-778.2,0.0,6.8165,1.0,0.0,0.0,0.0,0.0
1071,615.93,776.85,58285.3,59311.15,58534.3,101.7838,-0.0077,0.0,-776.85,0.0,6.8165,0.0,-776.85,0.0,6.8165,1.0,0.0,0.0,0.0,0.0
1072,616.24,801.25,58237.25,59040.2,58238.95,101.398,-0.006,0.0,-801.25,0.0,6.8165,0.0,-801.25,0.0,6.8165,1.0,0.0,0.0,0.0,0.0
1073,616.55,798.05,57921.85,58706.7,57908.65,101.3739,-0.0059,0.0,-798.05,0.0,6.8165,0.0,-798.05,0.0,6.8165,1.0,0.0,0.0,0.0,0.0
1074,616.86,783.4,57406.45,58266.45,57483.05,101.5188,-0.0065,0.0,-783.4,0.0,6.8165,0.0,-783.4,0.0,6.8165,1.0,0.0,0.0,0.0,0.0
1075,617.16,800.05,56977.25,57804.8,57004.75,101.4731,-0.0064,0.0,-800.05,0.0,6.8165,0.0,-800.05,0.0,6.8165,1.0,0.0,0.0,0.0,0.0
1076,617.47,797.55,57022.1,57868.6,57071.05,101.5056,-0.0065,0.0,-797.55,0.0,6.8165,0.0,-797.55,0.0,6.8165,1.0,0.0,0.0,0.0,0.0
1077,617.78,778.7,57829.35,58786.65,58007.95,101.678,-0.0072,0.0,-778.7,0.0,6.8165,0.0,-778.7,0.0,6.8165,1.0,0.0,0.0,0.0,0.0
1078,618.09,788.25,57513.9,58403.3,57615.05,101.5679,-0.0068,0.0,-788.25,0.0,6.8165,0.0,-788.25,0.0,6.8165,1.0,0.0,0.0,0.0,0.0
1079,618.4,786.4,57859.2,58727.5,57941.1,101.5214,-0.0066,0.0,-786.4,0.0,6.8165,0.0,-786.4,0.0,6.8165,1.0,0.0,0.0,0.0,0.0
1080,618.7,796.45,57960.05,58973.8,58177.35,101.7734,-0.0076,0.0,-796.45,0.0,6.8165,0.0,-796.45,0.0,6.8165,1.0,0.0,0.0,0.0,0.0
1081,619.01,776.35,57610.4,58414.4,57638.05,101.4146,-0.0061,0.0,-776.35,0.0,6.8165,0.0,-776.35,0.0,6.8165,1.0,0.0,0.0,0.0,0.0
1082,619.32,783.0,57864.45,58709.25,57926.25,101.48,-0.0064,0.0,-783.0,0.0,6.8165,0.0,-783.0,0.0,6.8165,1.0,0.0,0.0,0.0,0.0
1083,619.63,800.05,57891.05,58914.4,58114.35,101.7925,-0.0077,0.0,-800.05,0.0,6.8165,0.0,-800.05,0.0,6.8165,1.0,0.0,0.0,0.0,0.0
1084,619.93,785.6,57895.9,58809.25,58023.65,101.5993,-0.0069,0.0,-785.6,0.0,6.8165,0.0,-785.6,0.0,6.8165,1.0,0.0,0.0,0.0,0.0
1085,620.24,800.9,58177.55,59200.2,58399.3,101.7823,-0.0077,0.0,-800.9,0.0,6.8165,0.0,-800.9,0.0,6.8165,1.0,0.0,0.0,0.0,0.0
1086,620.55,778.8,58077.9,58926.05,58147.25,101.4802,-0.0064,0.0,-778.8,0.0,6.8165,0.0,-778.8,0.0,6.8165,1.0,0.0,0.0,0.0,0.0
1087,620.85,789.45,57997.9,58913.25,58123.8,101.6,-0.0069,0.0,-789.45,0.0,6.8165,0.0,-789.45,0.0,6.8165,1.0,0.0,0.0,0.0,0.0
1088,621.16,792.65,57398.4,58263.85,57471.2,101.5289,-0.0066,0.0,-792.65,0.0,6.8165,0.0,-792.65,0.0,6.8165,1.0,0.0,0.0,0.0,0.0
1089,621.47,794.9,56974.1,57780.75,56985.85,101.4359,-0.0062,0.0,-794.9,0.0,6.8165,0.0,-794.9,0.0,6.8165,1.0,0.0,0.0,0.0,0.0
1090,621.77,797.15,57448.95,58403.4,57606.25,101.6848,-0.0073,0.0,-797.15,0.0,6.8165,0.0,-797.15,0.0,6.8165,1.0,0.0,0.0,0.0,0.0
1091,622.08,795.35,57759.55,58640.75,57845.4,101.5469,-0.0067,0.0,-795.35,0.0,6.8165,0.0,-795.35,0.0,6.8165,1.0,0.0,0.0,0.0,0.0
1092,622.39,797.4,57200.2,58056.95,57259.55,101.519,-0.0065,0.0,-797.4,0.0,6.8165,0.0,-797.4,0.0,6.8165,1.0,0.0,0.0,0.0,0.0
1093,622.69,785.3,57231.05,58147.35,57362.05,101.6233,-0.007,0.0,-785.3,0.0,6.8165,0.0,-785.3,0.0,6.8165,1.0,0.0,0.0,0.0,0.0
1094,623.0,789.65,56762.95,57674.4,56884.75,101.6284,-0.007,0.0,-789.65,0.0,6.8165,0.0,-789.65,0.0,6.8165,1.0,0.0,0.0,0.0,0.0
1095,623.31,774.45,56953.5,57776.75,57002.3,101.4654,-0.0063,0.0,-774.45,0.0,6.8165,0.0,-774.45,0.0,6.8165,1.0,0.0,0.0,0.0,0.0
1096,623.61,788.3,56918.15,57827.4,57039.1,101.6199,-0.007,0.0,-788.3,0.0,6.8165,0.0,-788.3,0.0,6.8165,1.0,0.0,0.0,0.0,0.0
1097,623.92,795.8,57124.15,57923.1,57127.3,101.4184,-0.0061,0.0,-795.8,0.0,6.8165,0.0,-795.8,0.0,6.8165,1.0,0.0,0.0,0.0,0.0
1098,624.22,788.85,56770.7,57688.85,56900.0,101.6401,-0.0071,0.0,-788.85,0.0,6.8165,0.0,-788.85,0.0,6.8165,1.0,0.0,0.0,0.0,0.0
1099,624.53,776.55,57394.1,58355.7,57579.15,101.6984,-0.0073,0.0,-776.55,0.0,6.8165,0.0,-776.55,0.0,6.8165,1.0,0.0,0.0,0.0,0.0
1100,624.84,778.5,56673.5,57842.8,57064.3,102.092,-0.009,0.0,-778.5,0.0,6.8165,0.0,-778.5,0.0,6.8165,1.0,0.0,0.0,0.0,0.0
1101,625.14,787.6,56336.55,57210.6,56423.0,101.5735,-0.0068,0.0,-787.6,0.0,6.8165,0.0,-787.6,0.0,6.8165,1.0,0.0,0.0,0.0,0.0
1102,625.45,783.2,56216.9,57298.05,56514.85,101.9503,-0.0084,0.0,-783.2,0.0,6.8165,0.0,-783.2,0.0,6.8165,1.0,0.0,0.0,0.0,0.0
1103,625.75,787.75,56371.9,57441.65,56653.9,101.9246,-0.0083,0.0,-787.75,0.0,6.8165,0.0,-787.75,0.0,6.8165,1.0,0.0,0.0,0.0,0.0
1104,626.06,802.55,56777.1,57499.2,56696.65,101.2901,-0.0056,0.0,-802.55,0.0,6.8165,0.0,-802.55,0.0,6.8165,1.0,0.0,0.0,0.0,0.0
1105,626.36,796.75,56934.4,57978.25,57181.5,101.8594,-0.008,0.0,-796.75,0.0,6.8165,0.0,-796.75,0.0,6.8165,1.0,0.0,0.0,0.0,0.0
1106,626.67,778.2,56563.5,57493.15,56714.95,101.6665,-0.0072,0.0,-778.2,0.0,6.8165,0.0,-778.2,0.0,6.8165,1.0,0.0,0.0,0.0,0.0
1107,626.97,789.4,55862.1,56729.15,55939.75,101.5744,-0.0068,0.0,-789.4,0.0,6.8165,0.0,-789.4,0.0,6.8165,1.0,0.0,0.0,0.0,0.0
1108,627.28,801.65,55263.3,56014.6,55212.95,101.3795,-0.006,0.0,-801.65,0.0,6.8165,0.0,-801.65,0.0,6.8165,1.0,0.0,0.0,0.0,0.0
1109,627.58,798.2,55259.0,56112.7,55314.5,101.5675,-0.0068,0.0,-798.2,0.0,6.8165,0.0,-798.2,0.0,6.8165,1.0,0.0,0.0,0.0,0.0
1110,627.89,790.0,55282.85,56078.4,55288.4,101.4599,-0.0063,0.0,-790.0,0.0,6.8165,0.0,-790.0,0.0,6.8165,1.0,0.0,0.0,0.0,0.0
1111,628.19,797.9,55206.4,56210.95,55413.05,101.8463,-0.0079,0.0,-797.9,0.0,6.8165,0.0,-797.9,0.0,6.8165,1.0,0.0,0.0,0.0,0.0
1112,628.5,783.75,55496.1,56522.3,55738.55,101.8756,-0.0081,0.0,-783.75,0.0,6.8165,0.0,-783.75,0.0,6.8165,1.0,0.0,0.0,0.0,0.0
1113,628.8,776.8,55504.3,56451.65,55674.85,101.731,-0.0075,0.0,-776.8,0.0,6.8165,0.0,-776.8,0.0,6.8165,1.0,0.0,0.0,0.0,0.0
1114,629.11,790.65,55213.7,56315.65,55525.0,102.0248,-0.0087,0.0,-790.65,0.0,6.8165,0.0,-790.65,0.0,6.8165,1.0,0.0,0.0,0.0,0.0
1115,629.41,778.0,54923.15,55924.05,55146.05,101.8485,-0.008,0.0,-778.0,0.0,6.8165,0.0,-778.0,0.0,6.8165,1.0,0.0,0.0,0.0,0.0
1116,629.71,792.75,54606.0,55603.8,54811.05,101.8542,-0.008,0.0,-792.75,0.0,6.8165,0.0,-792.75,0.0,6.8165,1.0,0.0,0.0,0.0,0.0
1117,630.02,777.5,54384.05,55235.5,54458.0,101.5883,-0.0068,0.0,-777.5,0.0,6.8165,0.0,-777.5,0.0,6.8165,1.0,0.0,0.0,0.0,0.0
1118,630.32,787.35,54753.2,55621.8,54834.45,101.6095,-0.0069,0.0,-787.35,0.0,6.8165,0.0,-787.35,0.0,6.8165,1.0,0.0,0.0,0.0,0.0
1119,630.63,779.75,55083.2,56068.75,55289.0,101.8149,-0.0078,0.0,-779.75,0.0,6.8165,0.0,-779.75,0.0,6.8165,1.0,0.0,0.0,0.0,0.0
1120,630.93,789.35,55426.45,56441.6,55652.25,101.858,-0.008,0.0,-789.35,0.0,6.8165,0.0,-789.35,0.0,6.8165,1.0,0.0,0.0,0.0,0.0
1121,631.23,801.3,55699.15,56735.95,55934.65,101.8886,-0.0081,0.0,-801.3,0.0,6.8165,0.0,-801.3,0.0,6.8165,1.0,0.0,0.0,0.0,0.0
1122,631.54,803.5,54984.45,55983.8,55180.3,101.8445,-0.0079,0.0,-803.5,0.0,6.8165,0.0,-803.5,0.0,6.8165,1.0,0.0,0.0,0.0,0.0
1123,631.84,790.65,54515.85,55470.2,54679.55,101.7764,-0.0076,0.0,-790.65,0.0,6.8165,0.0,-790.65,0.0,6.8165,1.0,0.0,0.0,0.0,0.0
1124,632.14,783.15,54560.65,55545.65,54762.5,101.8316,-0.0079,0.0,-783.15,0.0,6.8165,0.0,-783.15,0.0,6.8165,1.0,0.0,0.0,0.0,0.0
1125,632.45,783.4,54435.15,55434.0,54650.6,101.8617,-0.008,0.0,-783.4,0.0,6.8165,0.0,-783.4,0.0,6.8165,1.0,0.0,0.0,0.0,0.0
1126,632.75,799.2,54817.4,55734.5,54935.3,101.6978,-0.0073,0.0,-799.2,0.0,6.8165,0.0,-799.2,0.0,6.8165,1.0,0.0,0.0,0.0,0.0
1127,633.05,774.75,54528.0,55621.5,54846.75,102.0343,-0.0087,0.0,-774.75,0.0,6.8165,0.0,-774.75,0.0,6.8165,1.0,0.0,0.0,0.0,0.0
1128,633.36,794.45,54583.85,55620.3,54825.85,101.9269,-0.0083,0.0,-794.45,0.0,6.8165,0.0,-794.45,0.0,6.8165,1.0,0.0,0.0,0.0,0.0
1129,633.66,778.15,53759.4,54855.6,54077.45,102.069,-0.0089,0.0,-778.15,0.0,6.8165,0.0,-778.15,0.0,6.8165,1.0,0.0,0.0,0.0,0.0
1130,633.96,787.05,53151.55,53994.85,53207.8,101.6104,-0.0069,0.0,-787.05,0.0,6.8165,0.0,-787.05,0.0,6.8165,1.0,0.0,0.0,0.0,0.0
1131,634.27,790.0,53471.15,54435.65,53645.65,101.8308,-0.0079,0.0,-790.0,0.0,6.8165,0.0,-790.0,0.0,6.8165,1.0,0.0,0.0,0.0,0.0
1132,634.57,784.65,53483.8,54483.0,53698.35,101.896,-0.0082,0.0,-784.65,0.0,6.8165,0.0,-784.65,0.0,6.8165,1.0,0.0,0.0,0.0,0.0
1133,634.87,790.9,53711.95,54683.55,53892.65,101.8359,-0.0079,0.0,-790.9,0.0,6.8165,0.0,-790.9,0.0,6.8165,1.0,0.0,0.0,0.0,0.0
1134,635.17,780.3,54064.1,55043.9,54263.6,101.8388,-0.0079,0.0,-780.3,0.0,6.8165,0.0,-780.3,0.0,6.8165,1.0,0.0,0.0,0.0,0.0
1135,635.48,782.1,54299.5,55307.55,54525.45,101.8836,-0.0081,0.0,-782.1,0.0,6.8165,0.0,-782.1,0.0,6.8165,1.0,0.0,0.0,0.0,0.0
1136,635.78,782.05,53961.95,55024.25,54242.2,101.9976,-0.0086,0.0,-782.05,0.0,6.8165,0.0,-782.05,0.0,6.8165,1.0,0.0,0.0,0.0,0.0
1137,636.08,796.3,52904.2,53865.85,53069.55,101.8455,-0.0079,0.0,-796.3,0.0,6.8165,0.0,-796.3,0.0,6.8165,1.0,0.0,0.0,0.0,0.0
1138,636.38,791.35,52584.5,53631.35,52840.0,102.0212,-0.0087,0.0,-791.35,0.0,6.8165,0.0,-791.35,0.0,6.8165,1.0,0.0,0.0,0.0,0.0
1139,636.68,782.35,52214.7,53212.8,52430.45,101.9406,-0.0083,0.0,-782.35,0.0,6.8165,0.0,-782.35,0.0,6.8165,1.0,0.0,0.0,0.0,0.0
1140,636.99,783.25,52262.15,53207.55,52424.3,101.8365,-0.0079,0.0,-783.25,0.0,6.8165,0.0,-783.25,0.0,6.8165,1.0,0.0,0.0,0.0,0.0
1141,637.29,801.35,52727.2,53740.8,52939.45,101.952,-0.0084,0.0,-801.35,0.0,6.8165,0.0,-801.35,0.0,6.8165,1.0,0.0,0.0,0.0,0.0
1142,637.59,800.2,53921.1,55076.25,54276.05,102.1746,-0.0093,0.0,-800.2,0.0,6.8165,0.0,-800.2,0.0,6.8165,1.0,0.0,0.0,0.0,0.0
1143,637.89,775.75,53743.2,54925.7,54149.95,102.2325,-0.0096,0.0,-775.75,0.0,6.8165,0.0,-775.75,0.0,6.8165,1.0,0.0,0.0,0.0,0.0
1144,638.19,785.2,53105.6,54151.9,53366.7,101.9998,-0.0086,0.0,-785.2,0.0,6.8165,0.0,-785.2,0.0,6.8165,1.0,0.0,0.0,0.0,0.0
1145,638.49,799.25,52745.15,53689.9,52890.65,101.8187,-0.0078,0.0,-799.25,0.0,6.8165,0.0,-799.25,0.0,6.8165,1.0,0.0,0.0,0.0,0.0
1146,638.8,794.9,52996.75,54075.2,53280.3,102.0659,-0.0089,0.0,-794.9,0.0,6.8165,0.0,-794.9,0.0,6.8165,1.0,0.0,0.0,0.0,0.0
1147,639.1,788.25,52790.55,54001.15,53212.9,102.328,-0.01,0.0,-788.25,0.0,6.8165,0.0,-788.25,0.0,6.8165,1.0,0.0,0.0,0.0,0.0
1148,639.4,786.85,52518.0,53505.25,52718.4,101.9084,-0.0082,0.0,-786.85,0.0,6.8165,0.0,-786.85,0.0,6.8165,1.0,0.0,0.0,0.0,0.0
1149,639.7,782.35,52377.45,53376.55,52594.2,101.9364,-0.0083,0.0,-782.35,0.0,6.8165,0.0,-782.35,0.0,6.8165,1.0,0.0,0.0,0.0,0.0
1150,640.0,784.25,52319.05,53388.45,52604.2,102.0751,-0.0089,0.0,-784.25,0.0,6.8165,0.0,-784.25,0.0,6.8165,1.0,0.0,0.0,0.0,0.0
1151,640.3,787.8,52464.4,53399.5,52611.7,101.8095,-0.0078,0.0,-787.8,0.0,6.8165,0.0,-787.8,0.0,6.8165,1.0,0.0,0.0,0.0,0.0
1152,640.6,796.0,51817.85,52757.0,51961.0,101.8407,-0.0079,0.0,-796.0,0.0,6.8165,0.0,-796.0,0.0,6.8165,1.0,0.0,0.0,0.0,0.0
1153,640.9,788.25,52417.05,53568.15,52779.9,102.2296,-0.0096,0.0,-788.25,0.0,6.8165,0.0,-788.25,0.0,6.8165,1.0,0.0,0.0,0.0,0.0
1154,641.2,783.05,52130.95,53319.85,52536.8,102.3154,-0.0099,0.0,-783.05,0.0,6.8165,0.0,-783.05,0.0,6.8165,1.0,0.0,0.0,0.0,0.0
1155,641.5,791.65,52603.6,53727.0,52935.35,102.1682,-0.0093,0.0,-791.65,0.0,6.8165,0.0,-791.65,0.0,6.8165,1.0,0.0,0.0,0.0,0.0
1156,641.8,793.2,52533.3,53623.4,52830.2,102.1069,-0.0091,0.0,-793.2,0.0,6.8165,0.0,-793.2,0.0,6.8165,1.0,0.0,0.0,0.0,0.0
1157,642.1,804.1,52310.65,53457.15,52653.05,102.2259,-0.0096,0.0,-804.1,0.0,6.8165,0.0,-804.1,0.0,6.8165,1.0,0.0,0.0,0.0,0.0
1158,642.4,783.35,52025.1,53152.35,52369.0,102.1999,-0.0095,0.0,-783.35,0.0,6.8165,0.0,-783.35,0.0,6.8165,1.0,0.0,0.0,0.0,0.0
1159,642.7,786.45,51638.25,52731.55,51945.1,102.15,-0.0092,0.0,-786.45,0.0,6.8165,0.0,-786.45,0.0,6.8165,1.0,0.0,0.0,0.0,0.0
1160,643.0,793.95,51318.5,52374.5,51580.55,102.0901,-0.009,0.0,-793.95,0.0,6.8165,0.0,-793.95,0.0,6.8165,1.0,0.0,0.0,0.0,0.0
1161,643.3,797.35,51325.8,52312.3,51514.95,101.9524,-0.0084,0.0,-797.35,0.0,6.8165,0.0,-797.35,0.0,6.8165,1.0,0.0,0.0,0.0,0.0
1162,643.6,784.9,51280.5,52330.35,51545.45,102.0791,-0.0089,0.0,-784.9,0.0,6.8165,0.0,-784.9,0.0,6.8165,1.0,0.0,0.0,0.0,0.0
1163,643.9,793.8,51321.85,52488.9,51695.1,102.3097,-0.0099,0.0,-793.8,0.0,6.8165,0.0,-793.8,0.0,6.8165,1.0,0.0,0.0,0.0,0.0
1164,644.2,788.8,52002.2,53055.95,52267.15,102.0576,-0.0088,0.0,-788.8,0.0,6.8165,0.0,-788.8,0.0,6.8165,1.0,0.0,0.0,0.0,0.0
1165,644.5,794.3,51934.95,52966.9,52172.6,102.0179,-0.0087,0.0,-794.3,0.0,6.8165,0.0,-794.3,0.0,6.8165,1.0,0.0,0.0,0.0,0.0
1166,644.8,780.65,51297.65,52296.3,51515.65,101.9769,-0.0085,0.0,-780.65,0.0,6.8165,0.0,-780.65,0.0,6.8165,1.0,0.0,0.0,0.0,0.0
1167,645.1,786.85,50813.55,51919.5,51132.65,102.2107,-0.0095,0.0,-786.85,0.0,6.8165,0.0,-786.85,0.0,6.8165,1.0,0.0,0.0,0.0,0.0
1168,645.4,790.45,50513.9,51545.25,50754.8,102.0742,-0.0089,0.0,-790.45,0.0,6.8165,0.0,-790.45,0.0,6.8165,1.0,0.0,0.0,0.0,0.0
1169,645.7,784.35,50875.45,51810.5,51026.15,101.8667,-0.008,0.0,-784.35,0.0,6.8165,0.0,-784.35,0.0,6.8165,1.0,0.0,0.0,0.0,0.0
1170,646.0,774.0,50802.25,51814.05,51040.05,102.0225,-0.0087,0.0,-774.0,0.0,6.8165,0.0,-774.0,0.0,6.8165,1.0,0.0,0.0,0.0,0.0
1171,646.3,784.4,51372.45,52359.85,51575.45,101.9518,-0.0084,0.0,-784.4,0.0,6.8165,0.0,-784.4,0.0,6.8165,1.0,0.0,0.0,0.0,0.0
1172,646.59,787.55,51297.3,52308.3,51520.75,102.0016,-0.0086,0.0,-787.55,0.0,6.8165,0.0,-787.55,0.0,6.8165,1.0,0.0,0.0,0.0,0.0
1173,646.89,778.5,51601.3,52675.8,51897.3,102.1142,-0.0091,0.0,-778.5,0.0,6.8165,0.0,-778.5,0.0,6.8165,1.0,0.0,0.0,0.0,0.0
1174,647.19,795.8,51967.25,53028.65,52232.85,102.0742,-0.0089,0.0,-795.8,0.0,6.8165,0.0,-795.8,0.0,6.8165,1.0,0.0,0.0,0.0,0.0
1175,647.49,795.9,51545.45,52627.15,51831.25,102.1314,-0.0092,0.0,-795.9,0.0,6.8165,0.0,-795.9,0.0,6.8165,1.0,0.0,0.0,0.0,0.0
1176,647.79,778.0,50860.8,51793.45,51015.45,101.8622,-0.008,0.0,-778.0,0.0,6.8165,0.0,-778.0,0.0,6.8165,1.0,0.0,0.0,0.0,0.0
1177,648.09,784.45,50440.3,51367.35,50582.9,101.867,-0.008,0.0,-784.45,0.0,6.8165,0.0,-784.45,0.0,6.8165,1.0,0.0,0.0,0.0,0.0
1178,648.39,780.35,51211.6,52202.85,51422.5,101.9655,-0.0085,0.0,-780.35,0.0,6.8165,0.0,-780.35,0.0,6.8165,1.0,0.0,0.0,0.0,0.0
1179,648.68,792.15,51226.7,52281.85,51489.7,102.0921,-0.009,0.0,-792.15,0.0,6.8165,0.0,-792.15,0.0,6.8165,1.0,0.0,0.0,0.0,0.0
1180,648.98,810.95,50878.7,51847.1,51036.15,101.9342,-0.0083,0.0,-810.95,0.0,6.8165,0.0,-810.95,0.0,6.8165,1.0,0.0,0.0,0.0,0.0
1181,649.28,791.9,51350.35,52299.05,51507.15,101.8764,-0.0081,0.0,-791.9,0.0,6.8165,0.0,-791.9,0.0,6.8165,1.0,0.0,0.0,0.0,0.0
1182,649.58,775.2,51291.65,52390.2,51615.0,102.1746,-0.0093,0.0,-775.2,0.0,6.8165,0.0,-775.2,0.0,6.8165,1.0,0.0,0.0,0.0,0.0
1183,649.87,779.7,50840.5,51773.95,50994.25,101.8646,-0.008,0.0,-779.7,0.0,6.8165,0.0,-779.7,0.0,6.8165,1.0,0.0,0.0,0.0,0.0
1184,650.17,788.1,50631.2,51405.15,50617.05,101.5528,-0.0067,0.0,-788.1,0.0,6.8165,0.0,-788.1,0.0,6.8165,1.0,0.0,0.0,0.0,0.0
1185,650.47,786.45,50353.9,51260.05,50473.6,101.8281,-0.0079,0.0,-786.45,0.0,6.8165,0.0,-786.45,0.0,6.8165,1.0,0.0,0.0,0.0,0.0
1186,650.77,777.05,50181.1,51240.3,50463.25,102.144,-0.0092,0.0,-777.05,0.0,6.8165,0.0,-777.05,0.0,6.8165,1.0,0.0,0.0,0.0,0.0
1187,651.06,796.5,50281.0,51331.55,50535.05,102.123,-0.0091,0.0,-796.5,0.0,6.8165,0.0,-796.5,0.0,6.8165,1.0,0.0,0.0,0.0,0.0
1188,651.36,802.2,50261.75,51267.05,50464.85,102.0326,-0.0087,0.0,-802.2,0.0,6.8165,0.0,-802.2,0.0,6.8165,1.0,0.0,0.0,0.0,0.0
1189,651.66,777.8,50554.6,51475.2,50697.4,101.8495,-0.008,0.0,-777.8,0.0,6.8165,0.0,-777.8,0.0,6.8165,1.0,0.0,0.0,0.0,0.0
1190,651.96,786.3,50827.05,51881.95,51095.65,102.1081,-0.0091,0.0,-786.3,0.0,6.8165,0.0,-786.3,0.0,6.8165,1.0,0.0,0.0,0.0,0.0
1191,652.25,791.0,50060.05,50988.3,50197.3,101.884,-0.0081,0.0,-791.0,0.0,6.8165,0.0,-791.0,0.0,6.8165,1.0,0.0,0.0,0.0,0.0
1192,652.55,793.0,49219.45,50169.35,49376.35,101.9615,-0.0084,0.0,-793.0,0.0,6.8165,0.0,-793.0,0.0,6.8165,1.0,0.0,0.0,0.0,0.0
1193,652.85,783.35,48552.25,49542.55,48759.2,102.0731,-0.0089,0.0,-783.35,0.0,6.8165,0.0,-783.35,0.0,6.8165,1.0,0.0,0.0,0.0,0.0
1194,653.14,791.35,48386.45,49342.6,48551.25,102.0089,-0.0086,0.0,-791.35,0.0,6.8165,0.0,-791.35,0.0,6.8165,1.0,0.0,0.0,0.0,0.0
1195,653.44,795.1,48166.45,49301.55,48506.45,102.3962,-0.0103,0.0,-795.1,0.0,6.8165,0.0,-795.1,0.0,6.8165,1.0,0.0,0.0,0.0,0.0
1196,653.74,787.05,48645.45,49715.35,48928.3,102.2356,-0.0096,0.0,-787.05,0.0,6.8165,0.0,-787.05,0.0,6.8165,1.0,0.0,0.0,0.0,0.0
1197,654.03,781.85,48721.5,49830.9,49049.05,102.3142,-0.0099,0.0,-781.85,0.0,6.8165,0.0,-781.85,0.0,6.8165,1.0,0.0,0.0,0.0,0.0
1198,654.33,792.45,48119.45,49096.75,48304.3,102.065,-0.0089,0.0,-792.45,0.0,6.8165,0.0,-792.45,0.0,6.8165,1.0,0.0,0.0,0.0,0.0
1199,654.62,780.9,48225.85,49093.45,48312.55,101.8286,-0.0079,0.0,-780.9,0.0,6.8165,0.0,-780.9,0.0,6.8165,1.0,0.0,0.0,0.0,0.0
1200,654.92,779.65,48033.4,49103.6,48323.95,102.2648,-0.0097,0.0,-779.65,0.0,6.8165,0.0,-779.65,0.0,6.8165,1.0,0.0,0.0,0.0,0.0
1201,655.22,787.2,47664.45,48708.8,47921.6,102.2278,-0.0096,0.0,-787.2,0.0,6.8165,0.0,-787.2,0.0,6.8165,1.0,0.0,0.0,0.0,0.0
1202,655.51,798.7,47671.45,48749.5,47950.8,102.3,-0.0099,0.0,-798.7,0.0,6.8165,0.0,-798.7,0.0,6.8165,1.0,0.0,0.0,0.0,0.0
1203,655.81,781.75,47371.85,48373.5,47591.75,102.1499,-0.0092,0.0,-781.75,0.0,6.8165,0.0,-781.75,0.0,6.8165,1.0,0.0,0.0,0.0,0.0
1204,656.1,792.4,47434.35,48313.45,47521.05,101.8848,-0.0081,0.0,-792.4,0.0,6.8165,0.0,-792.4,0.0,6.8165,1.0,0.0,0.0,0.0,0.0
1205,656.4,803.15,47375.6,48399.5,47596.35,102.1985,-0.0094,0.0,-803.15,0.0,6.8165,0.0,-803.15,0.0,6.8165,1.0,0.0,0.0,0.0,0.0
1206,656.69,789.7,47986.95,48933.9,48144.2,102.0064,-0.0086,0.0,-789.7,0.0,6.8165,0.0,-789.7,0.0,6.8165,1.0,0.0,0.0,0.0,0.0
1207,656.99,787.85,47694.0,48637.15,47849.3,102.0107,-0.0086,0.0,-787.85,0.0,6.8165,0.0,-787.85,0.0,6.8165,1.0,0.0,0.0,0.0,0.0
1208,657.29,782.75,47420.4,48481.95,47699.2,102.2762,-0.0098,0.0,-782.75,0.0,6.8165,0.0,-782.75,0.0,6.8165,1.0,0.0,0.0,0.0,0.0
1209,657.58,783.25,47251.6,48273.5,47490.25,102.1991,-0.0094,0.0,-783.25,0.0,6.8165,0.0,-783.25,0.0,6.8165,1.0,0.0,0.0,0.0,0.0
1210,657.88,803.35,46928.5,47941.55,47138.2,102.1963,-0.0094,0.0,-803.35,0.0,6.8165,0.0,-803.35,0.0,6.8165,1.0,0.0,0.0,0.0,0.0
1211,658.17,787.7,46545.45,47534.15,46746.45,102.1607,-0.0093,0.0,-787.7,0.0,6.8165,0.0,-787.7,0.0,6.8165,1.0,0.0,0.0,0.0,0.0
1212,658.47,779.0,46824.15,47814.25,47035.25,102.1503,-0.0092,0.0,-779.0,0.0,6.8165,0.0,-779.0,0.0,6.8165,1.0,0.0,0.0,0.0,0.0
1213,658.76,801.1,47067.05,47929.2,47128.1,101.8635,-0.008,0.0,-801.1,0.0,6.8165,0.0,-801.1,0.0,6.8165,1.0,0.0,0.0,0.0,0.0
1214,659.05,797.5,46978.0,48027.15,47229.65,102.2718,-0.0098,0.0,-797.5,0.0,6.8165,0.0,-797.5,0.0,6.8165,1.0,0.0,0.0,0.0,0.0
1215,659.35,792.25,46991.4,48051.55,47259.3,102.2947,-0.0099,0.0,-792.25,0.0,6.8165,0.0,-792.25,0.0,6.8165,1.0,0.0,0.0,0.0,0.0
1216,659.64,805.5,46695.35,47702.55,46897.05,102.1948,-0.0094,0.0,-805.5,0.0,6.8165,0.0,-805.5,0.0,6.8165,1.0,0.0,0.0,0.0,0.0
1217,659.94,786.75,46753.55,47754.45,46967.7,102.1774,-0.0094,0.0,-786.75,0.0,6.8165,0.0,-786.75,0.0,6.8165,1.0,0.0,0.0,0.0,0.0
1218,660.23,785.4,46621.85,47529.15,46743.75,101.9794,-0.0085,0.0,-785.4,0.0,6.8165,0.0,-785.4,0.0,6.8165,1.0,0.0,0.0,0.0,0.0
1219,660.53,778.65,46148.0,47090.8,46312.15,102.0781,-0.0089,0.0,-778.65,0.0,6.8165,0.0,-778.65,0.0,6.8165,1.0,0.0,0.0,0.0,0.0
1220,660.82,796.5,46489.35,47474.45,46677.95,102.1559,-0.0093,0.0,-796.5,0.0,6.8165,0.0,-796.5,0.0,6.8165,1.0,0.0,0.0,0.0,0.0
1221,661.11,804.0,46259.7,47278.65,46474.65,102.2416,-0.0096,0.0,-804.0,0.0,6.8165,0.0,-804.0,0.0,6.8165,1.0,0.0,0.0,0.0,0.0
1222,661.41,789.05,46556.35,47534.55,46745.5,102.1373,-0.0092,0.0,-789.05,0.0,6.8165,0.0,-789.05,0.0,6.8165,1.0,0.0,0.0,0.0,0.0
1223,661.7,786.55,46763.05,47792.95,47006.4,102.2401,-0.0096,0.0,-786.55,0.0,6.8165,0.0,-786.55,0.0,6.8165,1.0,0.0,0.0,0.0,0.0
1224,662.0,788.8,46524.3,47635.0,46846.2,102.4285,-0.0104,0.0,-788.8,0.0,6.8165,0.0,-788.8,0.0,6.8165,1.0,0.0,0.0,0.0,0.0
1225,662.29,793.15,46730.1,47795.25,47002.1,102.3187,-0.01,0.0,-793.15,0.0,6.8165,0.0,-793.15,0.0,6.8165,1.0,0.0,0.0,0.0,0.0
1226,662.58,802.4,46803.7,47812.0,47009.6,102.1919,-0.0094,0.0,-802.4,0.0,6.8165,0.0,-802.4,0.0,6.8165,1.0,0.0,0.0,0.0,0.0
1227,662.88,784.35,46637.35,47793.95,47009.6,102.5224,-0.0108,0.0,-784.35,0.0,6.8165,0.0,-784.35,0.0,6.8165,1.0,0.0,0.0,0.0,0.0
1228,663.17,790.75,46509.9,47602.75,46812.0,102.3904,-0.0103,0.0,-790.75,0.0,6.8165,0.0,-790.75,0.0,6.8165,1.0,0.0,0.0,0.0,0.0
1229,663.46,777.9,46877.5,47875.75,47097.85,102.1654,-0.0093,0.0,-777.9,0.0,6.8165,0.0,-777.9,0.0,6.8165,1.0,0.0,0.0,0.0,0.0
1230,663.76,784.75,46550.6,47570.15,46785.4,102.2278,-0.0096,0.0,-784.75,0.0,6.8165,0.0,-784.75,0.0,6.8165,1.0,0.0,0.0,0.0,0.0
1231,664.05,775.65,46326.0,47341.5,46565.85,102.2294,-0.0096,0.0,-775.65,0.0,6.8165,0.0,-775.65,0.0,6.8165,1.0,0.0,0.0,0.0,0.0
1232,664.34,777.25,46154.8,47165.35,46388.1,102.227,-0.0096,0.0,-777.25,0.0,6.8165,0.0,-777.25,0.0,6.8165,1.0,0.0,0.0,0.0,0.0
1233,664.64,795.9,46268.35,47224.0,46428.1,102.1016,-0.009,0.0,-795.9,0.0,6.8165,0.0,-795.9,0.0,6.8165,1.0,0.0,0.0,0.0,0.0
1234,664.93,790.0,46627.7,47665.4,46875.4,102.2639,-0.0097,0.0,-790.0,0.0,6.8165,0.0,-790.0,0.0,6.8165,1.0,0.0,0.0,0.0,0.0
1235,665.22,797.1,46340.55,47293.05,46495.95,102.0914,-0.009,0.0,-797.1,0.0,6.8165,0.0,-797.1,0.0,6.8165,1.0,0.0,0.0,0.0,0.0
1236,665.51,794.4,46376.4,47238.65,46444.25,101.8916,-0.0081,0.0,-794.4,0.0,6.8165,0.0,-794.4,0.0,6.8165,1.0,0.0,0.0,0.0,0.0
1237,665.81,780.2,46542.4,47541.3,46761.1,102.1828,-0.0094,0.0,-780.2,0.0,6.8165,0.0,-780.2,0.0,6.8165,1.0,0.0,0.0,0.0,0.0
1238,666.1,779.95,46157.8,47089.75,46309.8,102.0538,-0.0088,0.0,-779.95,0.0,6.8165,0.0,-779.95,0.0,6.8165,1.0,0.0,0.0,0.0,0.0
1239,666.39,794.05,45417.6,46428.55,45634.5,102.2655,-0.0097,0.0,-794.05,0.0,6.8165,0.0,-794.05,0.0,6.8165,1.0,0.0,0.0,0.0,0.0
1240,666.68,781.6,45491.15,46574.75,45793.15,102.4236,-0.0104,0.0,-781.6,0.0,6.8165,0.0,-781.6,0.0,6.8165,1.0,0.0,0.0,0.0,0.0
1241,666.97,795.8,46088.75,47132.05,46336.25,102.3034,-0.0099,0.0,-795.8,0.0,6.8165,0.0,-795.8,0.0,6.8165,1.0,0.0,0.0,0.0,0.0
1242,667.27,787.8,46010.55,46912.0,46124.2,101.9934,-0.0086,0.0,-787.8,0.0,6.8165,0.0,-787.8,0.0,6.8165,1.0,0.0,0.0,0.0,0.0
1243,667.56,792.25,46027.05,46976.1,46183.85,102.0981,-0.009,0.0,-792.25,0.0,6.8165,0.0,-792.25,0.0,6.8165,1.0,0.0,0.0,0.0,0.0
1244,667.85,791.75,46087.0,47073.1,46281.35,102.177,-0.0094,0.0,-791.75,0.0,6.8165,0.0,-791.75,0.0,6.8165,1.0,0.0,0.0,0.0,0.0
1245,668.14,801.15,46315.2,47312.95,46511.8,102.1922,-0.0094,0.0,-801.15,0.0,6.8165,0.0,-801.15,0.0,6.8165,1.0,0.0,0.0,0.0,0.0
1246,668.43,795.95,45646.95,46571.5,45775.55,102.0614,-0.0089,0.0,-795.95,0.0,6.8165,0.0,-795.95,0.0,6.8165,1.0,0.0,0.0,0.0,0.0
1247,668.72,798.5,45028.2,45922.7,45124.2,102.0224,-0.0087,0.0,-798.5,0.0,6.8165,0.0,-798.5,0.0,6.8165,1.0,0.0,0.0,0.0,0.0
1248,669.02,794.35,45542.15,46460.0,45665.65,102.0512,-0.0088,0.0,-794.35,0.0,6.8165,0.0,-794.35,0.0,6.8165,1.0,0.0,0.0,0.0,0.0
1249,669.31,785.9,46039.45,47087.05,46301.15,102.315,-0.0099,0.0,-785.9,0.0,6.8165,0.0,-785.9,0.0,6.8165,1.0,0.0,0.0,0.0,0.0
1250,669.6,794.5,46298.55,47484.5,46690.0,102.6063,-0.0112,0.0,-794.5,0.0,6.8165,0.0,-794.5,0.0,6.8165,1.0,0.0,0.0,0.0,0.0
1251,669.89,784.8,46212.3,47208.9,46424.1,102.1938,-0.0094,0.0,-784.8,0.0,6.8165,0.0,-784.8,0.0,6.8165,1.0,0.0,0.0,0.0,0.0
1252,670.18,781.9,46224.4,47287.25,46505.35,102.3389,-0.01,0.0,-781.9,0.0,6.8165,0.0,-781.9,0.0,6.8165,1.0,0.0,0.0,0.0,0.0
1253,670.47,788.85,46244.7,47267.9,46479.05,102.251,-0.0097,0.0,-788.85,0.0,6.8165,0.0,-788.85,0.0,6.8165,1.0,0.0,0.0,0.0,0.0
1254,670.76,775.6,45617.05,46655.75,45880.15,102.3164,-0.0099,0.0,-775.6,0.0,6.8165,0.0,-775.6,0.0,6.8165,1.0,0.0,0.0,0.0,0.0
1255,671.05,787.1,45372.5,46347.55,45560.45,102.1869,-0.0094,0.0,-787.1,0.0,6.8165,0.0,-787.1,0.0,6.8165,1.0,0.0,0.0,0.0,0.0
1256,671.34,784.4,45670.1,46861.35,46076.95,102.654,-0.0114,0.0,-784.4,0.0,6.8165,0.0,-784.4,0.0,6.8165,1.0,0.0,0.0,0.0,0.0
1257,671.63,794.15,45209.7,46147.35,45353.2,102.1111,-0.0091,0.0,-794.15,0.0,6.8165,0.0,-794.15,0.0,6.8165,1.0,0.0,0.0,0.0,0.0
1258,671.92,783.05,44960.25,45779.25,44996.2,101.8539,-0.008,0.0,-783.05,0.0,6.8165,0.0,-783.05,0.0,6.8165,1.0,0.0,0.0,0.0,0.0
1259,672.21,783.85,45295.1,46287.5,45503.65,102.2295,-0.0096,0.0,-783.85,0.0,6.8165,0.0,-783.85,0.0,6.8165,1.0,0.0,0.0,0.0,0.0
1260,672.5,774.4,46388.65,47445.0,46670.6,102.3158,-0.0099,0.0,-774.4,0.0,6.8165,0.0,-774.4,0.0,6.8165,1.0,0.0,0.0,0.0,0.0
1261,672.79,779.8,46696.1,47776.75,46996.95,102.3535,-0.0101,0.0,-779.8,0.0,6.8165,0.0,-779.8,0.0,6.8165,1.0,0.0,0.0,0.0,0.0
1262,673.08,790.15,46268.7,47172.9,46382.75,101.9882,-0.0085,0.0,-790.15,0.0,6.8165,0.0,-790.15,0.0,6.8165,1.0,0.0,0.0,0.0,0.0
1263,673.37,789.9,45191.85,46155.05,45365.15,102.1693,-0.0093,0.0,-789.9,0.0,6.8165,0.0,-789.9,0.0,6.8165,1.0,0.0,0.0,0.0,0.0
1264,673.66,783.7,45170.1,46091.9,45308.2,102.0768,-0.0089,0.0,-783.7,0.0,6.8165,0.0,-783.7,0.0,6.8165,1.0,0.0,0.0,0.0,0.0
1265,673.95,775.9,45258.85,46279.35,45503.45,102.2941,-0.0099,0.0,-775.9,0.0,6.8165,0.0,-775.9,0.0,6.8165,1.0,0.0,0.0,0.0,0.0
1266,674.24,788.55,44175.85,45212.3,44423.75,102.3888,-0.0103,0.0,-788.55,0.0,6.8165,0.0,-788.55,0.0,6.8165,1.0,0.0,0.0,0.0,0.0
1267,674.53,779.75,44240.3,45142.25,44362.5,102.0753,-0.0089,0.0,-779.75,0.0,6.8165,0.0,-779.75,0.0,6.8165,1.0,0.0,0.0,0.0,0.0
1268,674.82,798.65,45334.0,46421.55,45622.9,102.442,-0.0105,0.0,-798.65,0.0,6.8165,0.0,-798.65,0.0,6.8165,1.0,0.0,0.0,0.0,0.0
1269,675.11,795.55,45694.3,46661.9,45866.35,102.1551,-0.0093,0.0,-795.55,0.0,6.8165,0.0,-795.55,0.0,6.8165,1.0,0.0,0.0,0.0,0.0
1270,675.4,794.8,45613.4,46544.8,45750.0,102.0782,-0.0089,0.0,-794.8,0.0,6.8165,0.0,-794.8,0.0,6.8165,1.0,0.0,0.0,0.0,0.0
1271,675.69,787.7,45541.6,46405.5,45617.8,101.9303,-0.0083,0.0,-787.7,0.0,6.8165,0.0,-787.7,0.0,6.8165,1.0,0.0,0.0,0.0,0.0
1272,675.98,789.55,45342.9,46298.4,45508.85,102.1446,-0.0092,0.0,-789.55,0.0,6.8165,0.0,-789.55,0.0,6.8165,1.0,0.0,0.0,0.0,0.0
1273,676.27,783.7,45199.1,46283.4,45499.7,102.4413,-0.0105,0.0,-783.7,0.0,6.8165,0.0,-783.7,0.0,6.8165,1.0,0.0,0.0,0.0,0.0
1274,676.56,783.3,44711.4,45624.6,44841.3,102.0789,-0.0089,0.0,-783.3,0.0,6.8165,0.0,-783.3,0.0,6.8165,1.0,0.0,0.0,0.0,0.0
1275,676.84,787.15,44141.3,45048.95,44261.8,102.0936,-0.009,0.0,-787.15,0.0,6.8165,0.0,-787.15,0.0,6.8165,1.0,0.0,0.0,0.0,0.0
1276,677.13,780.55,44883.3,45826.25,45045.7,102.1381,-0.0092,0.0,-780.55,0.0,6.8165,0.0,-780.55,0.0,6.8165,1.0,0.0,0.0,0.0,0.0
1277,677.42,788.0,45648.95,46737.05,45949.05,102.4255,-0.0104,0.0,-788.0,0.0,6.8165,0.0,-788.0,0.0,6.8165,1.0,0.0,0.0,0.0,0.0
1278,677.71,794.75,45251.45,46369.1,45574.35,102.514,-0.0108,0.0,-794.75,0.0,6.8165,0.0,-794.75,0.0,6.8165,1.0,0.0,0.0,0.0,0.0
1279,678.0,786.5,45149.1,46136.65,45350.15,102.2261,-0.0096,0.0,-786.5,0.0,6.8165,0.0,-786.5,0.0,6.8165,1.0,0.0,0.0,0.0,0.0
1280,678.29,792.8,45559.7,46513.75,45720.95,102.1312,-0.0092,0.0,-792.8,0.0,6.8165,0.0,-792.8,0.0,6.8165,1.0,0.0,0.0,0.0,0.0
1281,678.58,783.35,45455.9,46454.5,45671.15,102.2354,-0.0096,0.0,-783.35,0.0,6.8165,0.0,-783.35,0.0,6.8165,1.0,0.0,0.0,0.0,0.0
1282,678.86,767.45,44169.6,45068.8,44301.35,102.0718,-0.0089,0.0,-767.45,0.0,6.8165,0.0,-767.45,0.0,6.8165,1.0,0.0,0.0,0.0,0.0
1283,679.15,785.05,43175.9,43988.4,43203.35,101.9167,-0.0082,0.0,-785.05,0.0,6.8165,0.0,-785.05,0.0,6.8165,1.0,0.0,0.0,0.0,0.0
1284,679.44,792.9,43559.6,44390.05,43597.15,101.9418,-0.0084,0.0,-792.9,0.0,6.8165,0.0,-792.9,0.0,6.8165,1.0,0.0,0.0,0.0,0.0
1285,679.73,785.6,44330.2,45496.45,44710.85,102.6783,-0.0115,0.0,-785.6,0.0,6.8165,0.0,-785.6,0.0,6.8165,1.0,0.0,0.0,0.0,0.0
1286,680.01,795.3,44131.1,45178.5,44383.2,102.4169,-0.0104,0.0,-795.3,0.0,6.8165,0.0,-795.3,0.0,6.8165,1.0,0.0,0.0,0.0,0.0
1287,680.3,796.3,44165.3,45098.35,44302.05,102.1514,-0.0092,0.0,-796.3,0.0,6.8165,0.0,-796.3,0.0,6.8165,1.0,0.0,0.0,0.0,0.0
1288,680.59,791.75,45201.6,46267.9,45476.15,102.401,-0.0103,0.0,-791.75,0.0,6.8165,0.0,-791.75,0.0,6.8165,1.0,0.0,0.0,0.0,0.0
1289,680.88,773.65,45189.7,46273.1,45499.45,102.4392,-0.0105,0.0,-773.65,0.0,6.8165,0.0,-773.65,0.0,6.8165,1.0,0.0,0.0,0.0,0.0
1290,681.16,791.15,45473.8,46664.8,45873.65,102.6655,-0.0114,0.0,-791.15,0.0,6.8165,0.0,-791.15,0.0,6.8165,1.0,0.0,0.0,0.0,0.0
1291,681.45,766.6,44541.4,45514.7,44748.1,102.2234,-0.0096,0.0,-766.6,0.0,6.8165,0.0,-766.6,0.0,6.8165,1.0,0.0,0.0,0.0,0.0
1292,681.74,788.55,44070.35,44854.6,44066.05,101.812,-0.0078,0.0,-788.55,0.0,6.8165,0.0,-788.55,0.0,6.8165,1.0,0.0,0.0,0.0,0.0
1293,682.02,782.2,44705.85,45743.25,44961.05,102.3618,-0.0101,0.0,-782.2,0.0,6.8165,0.0,-782.2,0.0,6.8165,1.0,0.0,0.0,0.0,0.0
1294,682.31,779.55,45336.0,46332.65,45553.1,102.2368,-0.0096,0.0,-779.55,0.0,6.8165,0.0,-779.55,0.0,6.8165,1.0,0.0,0.0,0.0,0.0
1295,682.6,790.25,46003.85,46959.05,46168.8,102.1126,-0.0091,0.0,-790.25,0.0,6.8165,0.0,-790.25,0.0,6.8165,1.0,0.0,0.0,0.0,0.0
1296,682.88,770.0,46692.6,47598.25,46828.25,101.9721,-0.0085,0.0,-770.0,0.0,6.8165,0.0,-770.0,0.0,6.8165,1.0,0.0,0.0,0.0,0.0
1297,683.17,772.9,47984.55,48948.35,48175.45,102.0414,-0.0088,0.0,-772.9,0.0,6.8165,0.0,-772.9,0.0,6.8165,1.0,0.0,0.0,0.0,0.0
1298,683.46,792.0,48550.3,49619.4,48827.4,102.2386,-0.0096,0.0,-792.0,0.0,6.8165,0.0,-792.0,0.0,6.8165,1.0,0.0,0.0,0.0,0.0
1299,683.74,783.15,47851.25,48685.0,47901.85,101.7714,-0.0076,0.0,-783.15,0.0,6.8165,0.0,-783.15,0.0,6.8165,1.0,0.0,0.0,0.0,0.0
1300,684.03,788.65,46829.5,47755.05,46966.4,102.0103,-0.0086,0.0,-788.65,0.0,6.8165,0.0,-788.65,0.0,6.8165,1.0,0.0,0.0,0.0,0.0
1301,684.32,781.35,46176.8,47175.45,46394.1,102.1999,-0.0095,0.0,-781.35,0.0,6.8165,0.0,-781.35,0.0,6.8165,1.0,0.0,0.0,0.0,0.0
1302,684.6,776.3,46736.15,47798.35,47022.05,102.3111,-0.0099,0.0,-776.3,0.0,6.8165,0.0,-776.3,0.0,6.8165,1.0,0.0,0.0,0.0,0.0
1303,684.89,779.85,46755.75,47718.75,46938.9,102.0946,-0.009,0.0,-779.85,0.0,6.8165,0.0,-779.85,0.0,6.8165,1.0,0.0,0.0,0.0,0.0
1304,685.17,779.1,46359.7,47379.75,46600.65,102.2379,-0.0096,0.0,-779.1,0.0,6.8165,0.0,-779.1,0.0,6.8165,1.0,0.0,0.0,0.0,0.0
1305,685.46,782.0,46436.75,47414.05,46632.05,102.1406,-0.0092,0.0,-782.0,0.0,6.8165,0.0,-782.0,0.0,6.8165,1.0,0.0,0.0,0.0,0.0
1306,685.75,792.8,46486.6,47456.9,46664.1,102.1235,-0.0091,0.0,-792.8,0.0,6.8165,0.0,-792.8,0.0,6.8165,1.0,0.0,0.0,0.0,0.0
1307,686.03,783.0,46354.6,47205.0,46422.0,101.8661,-0.008,0.0,-783.0,0.0,6.8165,0.0,-783.0,0.0,6.8165,1.0,0.0,0.0,0.0,0.0
1308,686.32,778.55,45403.55,46241.7,45463.15,101.8782,-0.0081,0.0,-778.55,0.0,6.8165,0.0,-778.55,0.0,6.8165,1.0,0.0,0.0,0.0,0.0
1309,686.6,785.05,44706.2,45611.55,44826.5,102.0613,-0.0089,0.0,-785.05,0.0,6.8165,0.0,-785.05,0.0,6.8165,1.0,0.0,0.0,0.0,0.0
1310,686.89,784.4,44314.0,45128.85,44344.45,101.8719,-0.0081,0.0,-784.4,0.0,6.8165,0.0,-784.4,0.0,6.8165,1.0,0.0,0.0,0.0,0.0
1311,687.17,789.3,43553.85,44420.95,43631.65,102.0276,-0.0087,0.0,-789.3,0.0,6.8165,0.0,-789.3,0.0,6.8165,1.0,0.0,0.0,0.0,0.0
1312,687.46,775.4,43647.55,44658.25,43882.85,102.3575,-0.0101,0.0,-775.4,0.0,6.8165,0.0,-775.4,0.0,6.8165,1.0,0.0,0.0,0.0,0.0
1313,687.74,780.15,43967.3,44882.5,44102.35,102.1191,-0.0091,0.0,-780.15,0.0,6.8165,0.0,-780.15,0.0,6.8165,1.0,0.0,0.0,0.0,0.0
1314,688.03,783.85,44561.85,45512.1,44728.25,102.1706,-0.0093,0.0,-783.85,0.0,6.8165,0.0,-783.85,0.0,6.8165,1.0,0.0,0.0,0.0,0.0
1315,688.31,784.45,44952.35,45979.6,45195.15,102.3258,-0.01,0.0,-784.45,0.0,6.8165,0.0,-784.45,0.0,6.8165,1.0,0.0,0.0,0.0,0.0
1316,688.6,788.25,44992.15,46148.95,45360.7,102.617,-0.0112,0.0,-788.25,0.0,6.8165,0.0,-788.25,0.0,6.8165,1.0,0.0,0.0,0.0,0.0
1317,688.88,803.1,44798.25,45923.15,45120.05,102.5569,-0.011,0.0,-803.1,0.0,6.8165,0.0,-803.1,0.0,6.8165,1.0,0.0,0.0,0.0,0.0
1318,689.17,780.8,44003.0,44999.35,44218.55,102.3052,-0.0099,0.0,-780.8,0.0,6.8165,0.0,-780.8,0.0,6.8165,1.0,0.0,0.0,0.0,0.0
1319,689.45,773.75,43508.55,44426.4,43652.65,102.1478,-0.0092,0.0,-773.75,0.0,6.8165,0.0,-773.75,0.0,6.8165,1.0,0.0,0.0,0.0,0.0
1320,689.73,790.5,43305.8,44165.65,43375.15,102.0224,-0.0087,0.0,-790.5,0.0,6.8165,0.0,-790.5,0.0,6.8165,1.0,0.0,0.0,0.0,0.0
1321,690.02,786.9,43004.8,43911.35,43124.45,102.1473,-0.0092,0.0,-786.9,0.0,6.8165,0.0,-786.9,0.0,6.8165,1.0,0.0,0.0,0.0,0.0
1322,690.3,785.95,42624.25,43538.25,42752.3,102.1846,-0.0094,0.0,-785.95,0.0,6.8165,0.0,-785.95,0.0,6.8165,1.0,0.0,0.0,0.0,0.0
1323,690.59,785.1,42211.7,43035.1,42250.0,101.9876,-0.0085,0.0,-785.1,0.0,6.8165,0.0,-785.1,0.0,6.8165,1.0,0.0,0.0,0.0,0.0
1324,690.87,786.8,42183.7,43064.6,42277.8,102.1279,-0.0091,0.0,-786.8,0.0,6.8165,0.0,-786.8,0.0,6.8165,1.0,0.0,0.0,0.0,0.0
1325,691.15,783.7,42278.1,43134.35,42350.65,102.0635,-0.0089,0.0,-783.7,0.0,6.8165,0.0,-783.7,0.0,6.8165,1.0,0.0,0.0,0.0,0.0
1326,691.44,795.75,42051.9,42945.75,42150.0,102.1666,-0.0093,0.0,-795.75,0.0,6.8165,0.0,-795.75,0.0,6.8165,1.0,0.0,0.0,0.0,0.0
1327,691.72,804.1,42023.6,43055.2,42251.1,102.5027,-0.0107,0.0,-804.1,0.0,6.8165,0.0,-804.1,0.0,6.8165,1.0,0.0,0.0,0.0,0.0
1328,692.01,790.55,41652.35,42563.6,41773.05,102.2301,-0.0096,0.0,-790.55,0.0,6.8165,0.0,-790.55,0.0,6.8165,1.0,0.0,0.0,0.0,0.0
1329,692.29,802.95,40560.55,41480.5,40677.55,102.3139,-0.0099,0.0,-802.95,0.0,6.8165,0.0,-802.95,0.0,6.8165,1.0,0.0,0.0,0.0,0.0
1330,692.57,793.05,40311.95,41152.95,40359.9,102.1281,-0.0091,0.0,-793.05,0.0,6.8165,0.0,-793.05,0.0,6.8165,1.0,0.0,0.0,0.0,0.0
1331,692.86,780.05,40028.15,40931.05,40151.0,102.3005,-0.0099,0.0,-780.05,0.0,6.8165,0.0,-780.05,0.0,6.8165,1.0,0.0,0.0,0.0,0.0
1332,693.14,780.0,39575.35,40366.15,39586.15,102.0384,-0.0088,0.0,-780.0,0.0,6.8165,0.0,-780.0,0.0,6.8165,1.0,0.0,0.0,0.0,0.0
1333,693.42,785.65,38888.3,39698.65,38913.0,102.1268,-0.0091,0.0,-785.65,0.0,6.8165,0.0,-785.65,0.0,6.8165,1.0,0.0,0.0,0.0,0.0
1334,693.7,778.1,38637.25,39457.65,38679.55,102.167,-0.0093,0.0,-778.1,0.0,6.8165,0.0,-778.1,0.0,6.8165,1.0,0.0,0.0,0.0,0.0
1335,693.99,806.85,38953.75,39797.25,38990.4,102.2112,-0.0095,0.0,-806.85,0.0,6.8165,0.0,-806.85,0.0,6.8165,1.0,0.0,0.0,0.0,0.0
1336,694.27,782.35,38889.05,39689.25,38906.9,102.0999,-0.009,0.0,-782.35,0.0,6.8165,0.0,-782.35,0.0,6.8165,1.0,0.0,0.0,0.0,0.0
1337,694.55,782.9,38837.3,39680.9,38898.0,102.2168,-0.0095,0.0,-782.9,0.0,6.8165,0.0,-782.9,0.0,6.8165,1.0,0.0,0.0,0.0,0.0
1338,694.84,796.7,38274.55,39178.25,38381.55,102.4113,-0.0103,0.0,-796.7,0.0,6.8165,0.0,-796.7,0.0,6.8165,1.0,0.0,0.0,0.0,0.0
1339,695.12,780.05,37988.75,39040.1,38260.05,102.8255,-0.0121,0.0,-780.05,0.0,6.8165,0.0,-780.05,0.0,6.8165,1.0,0.0,0.0,0.0,0.0
1340,695.4,787.6,37306.8,38251.6,37464.0,102.5871,-0.0111,0.0,-787.6,0.0,6.8165,0.0,-787.6,0.0,6.8165,1.0,0.0,0.0,0.0,0.0
1341,695.68,777.4,37127.25,38013.95,37236.55,102.4393,-0.0105,0.0,-777.4,0.0,6.8165,0.0,-777.4,0.0,6.8165,1.0,0.0,0.0,0.0,0.0
1342,695.96,793.1,36181.25,37047.65,36254.55,102.4483,-0.0105,0.0,-793.1,0.0,6.8165,0.0,-793.1,0.0,6.8165,1.0,0.0,0.0,0.0,0.0
1343,696.25,784.95,35472.0,36211.15,35426.2,102.1309,-0.0092,0.0,-784.95,0.0,6.8165,0.0,-784.95,0.0,6.8165,1.0,0.0,0.0,0.0,0.0
1344,696.53,774.7,35549.25,36386.25,35611.55,102.4069,-0.0103,0.0,-774.7,0.0,6.8165,0.0,-774.7,0.0,6.8165,1.0,0.0,0.0,0.0,0.0
1345,696.81,780.75,35348.85,36245.1,35464.35,102.5927,-0.0111,0.0,-780.75,0.0,6.8165,0.0,-780.75,0.0,6.8165,1.0,0.0,0.0,0.0,0.0
1346,697.09,781.6,35577.45,36502.9,35721.3,102.6597,-0.0114,0.0,-781.6,0.0,6.8165,0.0,-781.6,0.0,6.8165,1.0,0.0,0.0,0.0,0.0
1347,697.37,789.55,35472.0,36354.9,35565.35,102.5457,-0.0109,0.0,-789.55,0.0,6.8165,0.0,-789.55,0.0,6.8165,1.0,0.0,0.0,0.0,0.0
1348,697.65,778.8,35650.95,36403.6,35624.8,102.1583,-0.0093,0.0,-778.8,0.0,6.8165,0.0,-778.8,0.0,6.8165,1.0,0.0,0.0,0.0,0.0
1349,697.94,776.15,35386.7,36206.85,35430.7,102.3697,-0.0102,0.0,-776.15,0.0,6.8165,0.0,-776.15,0.0,6.8165,1.0,0.0,0.0,0.0,0.0
1350,698.22,776.25,34842.2,35808.75,35032.5,102.8373,-0.0122,0.0,-776.25,0.0,6.8165,0.0,-776.25,0.0,6.8165,1.0,0.0,0.0,0.0,0.0
1351,698.5,790.3,34616.3,35427.7,34637.4,102.3987,-0.0103,0.0,-790.3,0.0,6.8165,0.0,-790.3,0.0,6.8165,1.0,0.0,0.0,0.0,0.0
1352,698.78,793.55,34269.95,34907.75,34114.2,101.9052,-0.0082,0.0,-793.55,0.0,6.8165,0.0,-793.55,0.0,6.8165,1.0,0.0,0.0,0.0,0.0
1353,699.06,784.6,33817.7,34495.9,33711.3,102.0531,-0.0088,0.0,-784.6,0.0,6.8165,0.0,-784.6,0.0,6.8165,1.0,0.0,0.0,0.0,0.0
1354,699.34,794.5,33341.1,34059.05,33264.55,102.2059,-0.0095,0.0,-794.5,0.0,6.8165,0.0,-794.5,0.0,6.8165,1.0,0.0,0.0,0.0,0.0
1355,699.62,791.45,33197.7,33963.95,33172.5,102.3645,-0.0101,0.0,-791.45,0.0,6.8165,0.0,-791.45,0.0,6.8165,1.0,0.0,0.0,0.0,0.0
1356,699.9,773.5,33633.75,34396.25,33622.75,102.3204,-0.01,0.0,-773.5,0.0,6.8165,0.0,-773.5,0.0,6.8165,1.0,0.0,0.0,0.0,0.0
1357,700.18,785.5,33233.55,34034.65,33249.15,102.4689,-0.0106,0.0,-785.5,0.0,6.8165,0.0,-785.5,0.0,6.8165,1.0,0.0,0.0,0.0,0.0
1358,700.46,778.4,33427.05,34231.95,33453.55,102.4653,-0.0106,0.0,-778.4,0.0,6.8165,0.0,-778.4,0.0,6.8165,1.0,0.0,0.0,0.0,0.0
1359,700.74,792.7,33339.75,34103.55,33310.85,102.3468,-0.0101,0.0,-792.7,0.0,6.8165,0.0,-792.7,0.0,6.8165,1.0,0.0,0.0,0.0,0.0
1360,701.03,782.9,33071.25,33940.4,33157.5,102.6918,-0.0115,0.0,-782.9,0.0,6.8165,0.0,-782.9,0.0,6.8165,1.0,0.0,0.0,0.0,0.0
1361,701.31,788.35,32720.95,33444.65,32656.3,102.2663,-0.0097,0.0,-788.35,0.0,6.8165,0.0,-788.35,0.0,6.8165,1.0,0.0,0.0,0.0,0.0
1362,701.59,777.25,32361.05,33049.95,32272.7,102.1812,-0.0094,0.0,-777.25,0.0,6.8165,0.0,-777.25,0.0,6.8165,1.0,0.0,0.0,0.0,0.0
1363,701.87,791.65,31572.4,32267.0,31475.35,102.2566,-0.0097,0.0,-791.65,0.0,6.8165,0.0,-791.65,0.0,6.8165,1.0,0.0,0.0,0.0,0.0
1364,702.15,782.2,30990.0,31756.55,30974.35,102.5376,-0.0109,0.0,-782.2,0.0,6.8165,0.0,-782.2,0.0,6.8165,1.0,0.0,0.0,0.0,0.0
1365,702.43,789.95,30887.05,31563.35,30773.4,102.2471,-0.0097,0.0,-789.95,0.0,6.8165,0.0,-789.95,0.0,6.8165,1.0,0.0,0.0,0.0,0.0
1366,702.71,773.95,30744.5,31409.5,30635.55,102.2188,-0.0095,0.0,-773.95,0.0,6.8165,0.0,-773.95,0.0,6.8165,1.0,0.0,0.0,0.0,0.0
1367,702.98,769.3,30825.7,31533.7,30764.4,102.3556,-0.0101,0.0,-769.3,0.0,6.8165,0.0,-769.3,0.0,6.8165,1.0,0.0,0.0,0.0,0.0
1368,703.26,784.3,30434.95,31206.95,30422.65,102.6037,-0.0112,0.0,-784.3,0.0,6.8165,0.0,-784.3,0.0,6.8165,1.0,0.0,0.0,0.0,0.0
1369,703.54,797.95,30079.95,30943.05,30145.1,102.9475,-0.0126,0.0,-797.95,0.0,6.8165,0.0,-797.95,0.0,6.8165,1.0,0.0,0.0,0.0,0.0
1370,703.82,791.45,30169.15,30920.0,30128.55,102.5559,-0.011,0.0,-791.45,0.0,6.8165,0.0,-791.45,0.0,6.8165,1.0,0.0,0.0,0.0,0.0
1371,704.1,794.25,29959.45,30674.2,29879.95,102.4507,-0.0105,0.0,-794.25,0.0,6.8165,0.0,-794.25,0.0,6.8165,1.0,0.0,0.0,0.0,0.0
1372,704.38,791.9,29218.25,29667.65,28875.75,101.5809,-0.0068,0.0,-791.9,0.0,6.8165,0.0,-791.9,0.0,6.8165,1.0,0.0,0.0,0.0,0.0
1373,704.66,772.75,29002.3,29528.1,28755.35,101.8626,-0.008,0.0,-772.75,0.0,6.8165,0.0,-772.75,0.0,6.8165,1.0,0.0,0.0,0.0,0.0
1374,704.94,775.8,28436.15,29014.65,28238.85,102.0914,-0.009,0.0,-775.8,0.0,6.8165,0.0,-775.8,0.0,6.8165,1.0,0.0,0.0,0.0,0.0
1375,705.22,782.7,28480.55,29098.65,28315.95,102.2316,-0.0096,0.0,-782.7,0.0,6.8165,0.0,-782.7,0.0,6.8165,1.0,0.0,0.0,0.0,0.0
1376,705.5,797.7,28629.45,29148.95,28351.25,101.8666,-0.008,0.0,-797.7,0.0,6.8165,0.0,-797.7,0.0,6.8165,1.0,0.0,0.0,0.0,0.0
1377,705.78,783.95,28315.4,28992.3,28208.35,102.4586,-0.0105,0.0,-783.95,0.0,6.8165,0.0,-783.95,0.0,6.8165,1.0,0.0,0.0,0.0,0.0
1378,706.05,781.9,28063.95,28623.5,27841.6,102.051,-0.0088,0.0,-781.9,0.0,6.8165,0.0,-781.9,0.0,6.8165,1.0,0.0,0.0,0.0,0.0
1379,706.33,777.05,27935.55,28514.0,27736.95,102.1299,-0.0092,0.0,-777.05,0.0,6.8165,0.0,-777.05,0.0,6.8165,1.0,0.0,0.0,0.0,0.0
1380,706.61,793.1,27695.1,28348.95,27555.85,102.4305,-0.0104,0.0,-793.1,0.0,6.8165,0.0,-793.1,0.0,6.8165,1.0,0.0,0.0,0.0,0.0
1381,706.89,794.85,27869.15,28511.7,27716.85,102.3733,-0.0102,0.0,-794.85,0.0,6.8165,0.0,-794.85,0.0,6.8165,1.0,0.0,0.0,0.0,0.0
1382,707.17,785.75,27829.0,28325.65,27539.9,101.8365,-0.0079,0.0,-785.75,0.0,6.8165,0.0,-785.75,0.0,6.8165,1.0,0.0,0.0,0.0,0.0
1383,707.45,794.95,27421.75,27962.55,27167.6,102.031,-0.0087,0.0,-794.95,0.0,6.8165,0.0,-794.95,0.0,6.8165,1.0,0.0,0.0,0.0,0.0
1384,707.72,790.95,26873.45,27435.6,26644.65,102.1553,-0.0093,0.0,-790.95,0.0,6.8165,0.0,-790.95,0.0,6.8165,1.0,0.0,0.0,0.0,0.0
1385,708.0,780.6,26944.35,27493.55,26712.95,102.0991,-0.009,0.0,-780.6,0.0,6.8165,0.0,-780.6,0.0,6.8165,1.0,0.0,0.0,0.0,0.0
1386,708.28,785.0,26941.25,27592.0,26807.0,102.4879,-0.0107,0.0,-785.0,0.0,6.8165,0.0,-785.0,0.0,6.8165,1.0,0.0,0.0,0.0,0.0
1387,708.56,792.6,26725.05,27382.85,26590.25,102.5366,-0.0109,0.0,-792.6,0.0,6.8165,0.0,-792.6,0.0,6.8165,1.0,0.0,0.0,0.0,0.0
1388,708.83,782.4,26658.75,27158.1,26375.7,101.9298,-0.0083,0.0,-782.4,0.0,6.8165,0.0,-782.4,0.0,6.8165,1.0,0.0,0.0,0.0,0.0
1389,709.11,777.95,26294.55,26881.25,26103.3,102.2993,-0.0099,0.0,-777.95,0.0,6.8165,0.0,-777.95,0.0,6.8165,1.0,0.0,0.0,0.0,0.0
1390,709.39,787.15,26532.6,27095.75,26308.6,102.1874,-0.0094,0.0,-787.15,0.0,6.8165,0.0,-787.15,0.0,6.8165,1.0,0.0,0.0,0.0,0.0
1391,709.67,777.25,26384.75,26946.15,26168.9,102.1923,-0.0094,0.0,-777.25,0.0,6.8165,0.0,-777.25,0.0,6.8165,1.0,0.0,0.0,0.0,0.0
1392,709.94,778.8,26009.5,26436.65,25657.85,101.693,-0.0073,0.0,-778.8,0.0,6.8165,0.0,-778.8,0.0,6.8165,1.0,0.0,0.0,0.0,0.0
1393,710.22,795.25,25949.15,26414.4,25619.15,101.8496,-0.008,0.0,-795.25,0.0,6.8165,0.0,-795.25,0.0,6.8165,1.0,0.0,0.0,0.0,0.0
1394,710.5,790.35,26104.0,26529.95,25739.6,101.6827,-0.0072,0.0,-790.35,0.0,6.8165,0.0,-790.35,0.0,6.8165,1.0,0.0,0.0,0.0,0.0
1395,710.77,786.15,25752.45,26225.0,25438.85,101.8928,-0.0081,0.0,-786.15,0.0,6.8165,0.0,-786.15,0.0,6.8165,1.0,0.0,0.0,0.0,0.0
1396,711.05,791.8,25578.4,25962.7,25170.9,101.5504,-0.0067,0.0,-791.8,0.0,6.8165,0.0,-791.8,0.0,6.8165,1.0,0.0,0.0,0.0,0.0
1397,711.33,798.3,25503.4,25974.9,25176.6,101.9085,-0.0082,0.0,-798.3,0.0,6.8165,0.0,-798.3,0.0,6.8165,1.0,0.0,0.0,0.0,0.0
1398,711.6,805.85,25420.55,25875.65,25069.8,101.8489,-0.008,0.0,-805.85,0.0,6.8165,0.0,-805.85,0.0,6.8165,1.0,0.0,0.0,0.0,0.0
1399,711.88,799.75,25237.0,25740.2,24940.45,102.0592,-0.0089,0.0,-799.75,0.0,6.8165,0.0,-799.75,0.0,6.8165,1.0,0.0,0.0,0.0,0.0
1400,712.16,778.25,25082.5,25582.25,24804.0,102.0562,-0.0088,0.0,-778.25,0.0,6.8165,0.0,-778.25,0.0,6.8165,1.0,0.0,0.0,0.0,0.0
1401,712.43,775.35,24942.8,25381.25,24605.9,101.8142,-0.0078,0.0,-775.35,0.0,6.8165,0.0,-775.35,0.0,6.8165,1.0,0.0,0.0,0.0,0.0
1402,712.71,777.55,25148.4,25698.3,24920.75,102.2564,-0.0097,0.0,-777.55,0.0,6.8165,0.0,-777.55,0.0,6.8165,1.0,0.0,0.0,0.0,0.0
1403,712.99,772.2,25138.05,25491.1,24718.9,101.449,-0.0062,0.0,-772.2,0.0,6.8165,0.0,-772.2,0.0,6.8165,1.0,0.0,0.0,0.0,0.0
1404,713.26,781.4,24654.1,25035.8,24254.4,101.5989,-0.0069,0.0,-781.4,0.0,6.8165,0.0,-781.4,0.0,6.8165,1.0,0.0,0.0,0.0,0.0
1405,713.54,773.65,24428.25,24809.85,24036.2,101.6132,-0.007,0.0,-773.65,0.0,6.8165,0.0,-773.65,0.0,6.8165,1.0,0.0,0.0,0.0,0.0
1406,713.81,795.4,24321.25,24618.75,23823.35,101.2646,-0.0055,0.0,-795.4,0.0,6.8165,0.0,-795.4,0.0,6.8165,1.0,0.0,0.0,0.0,0.0
1407,714.09,788.65,23974.05,24416.75,23628.1,101.9094,-0.0082,0.0,-788.65,0.0,6.8165,0.0,-788.65,0.0,6.8165,1.0,0.0,0.0,0.0,0.0
1408,714.36,781.9,23802.15,24320.65,23538.75,102.2524,-0.0097,0.0,-781.9,0.0,6.8165,0.0,-781.9,0.0,6.8165,1.0,0.0,0.0,0.0,0.0
1409,714.64,773.95,23487.6,23951.9,23177.95,102.0441,-0.0088,0.0,-773.95,0.0,6.8165,0.0,-773.95,0.0,6.8165,1.0,0.0,0.0,0.0,0.0
1410,714.92,803.9,22919.4,23331.75,22527.85,101.8645,-0.008,0.0,-803.9,0.0,6.8165,0.0,-803.9,0.0,6.8165,1.0,0.0,0.0,0.0,0.0
1411,715.19,779.95,22802.45,23258.6,22478.65,102.0713,-0.0089,0.0,-779.95,0.0,6.8165,0.0,-779.95,0.0,6.8165,1.0,0.0,0.0,0.0,0.0
1412,715.47,793.75,22360.7,22777.55,21983.8,101.9328,-0.0083,0.0,-793.75,0.0,6.8165,0.0,-793.75,0.0,6.8165,1.0,0.0,0.0,0.0,0.0
1413,715.74,773.4,21823.6,22158.3,21384.9,101.59,-0.0069,0.0,-773.4,0.0,6.8165,0.0,-773.4,0.0,6.8165,1.0,0.0,0.0,0.0,0.0
1414,716.02,775.35,21280.75,21641.6,20866.25,101.7598,-0.0076,0.0,-775.35,0.0,6.8165,0.0,-775.35,0.0,6.8165,1.0,0.0,0.0,0.0,0.0
1415,716.29,772.6,20974.1,21255.8,20483.2,101.3945,-0.006,0.0,-772.6,0.0,6.8165,0.0,-772.6,0.0,6.8165,1.0,0.0,0.0,0.0,0.0
1416,716.57,783.5,20742.3,21129.15,20345.65,101.9382,-0.0083,0.0,-783.5,0.0,6.8165,0.0,-783.5,0.0,6.8165,1.0,0.0,0.0,0.0,0.0
1417,716.84,783.35,20687.55,21148.75,20365.4,102.3171,-0.0099,0.0,-783.35,0.0,6.8165,0.0,-783.35,0.0,6.8165,1.0,0.0,0.0,0.0,0.0
1418,717.12,780.65,20546.7,20882.6,20101.95,101.6994,-0.0073,0.0,-780.65,0.0,6.8165,0.0,-780.65,0.0,6.8165,1.0,0.0,0.0,0.0,0.0
1419,717.39,798.25,20063.3,20483.75,19685.5,102.1824,-0.0094,0.0,-798.25,0.0,6.8165,0.0,-798.25,0.0,6.8165,1.0,0.0,0.0,0.0,0.0
1420,717.66,784.35,19647.8,19990.15,19205.8,101.8149,-0.0078,0.0,-784.35,0.0,6.8165,0.0,-784.35,0.0,6.8165,1.0,0.0,0.0,0.0,0.0
1421,717.94,783.8,19405.35,19716.25,18932.45,101.6696,-0.0072,0.0,-783.8,0.0,6.8165,0.0,-783.8,0.0,6.8165,1.0,0.0,0.0,0.0,0.0
1422,718.21,785.2,19337.1,19694.05,18908.85,101.9241,-0.0083,0.0,-785.2,0.0,6.8165,0.0,-785.2,0.0,6.8165,1.0,0.0,0.0,0.0,0.0
1423,718.49,786.05,18971.0,19286.9,18500.85,101.7372,-0.0075,0.0,-786.05,0.0,6.8165,0.0,-786.05,0.0,6.8165,1.0,0.0,0.0,0.0,0.0
1424,718.76,784.2,18501.05,19011.55,18227.35,102.8814,-0.0123,0.0,-784.2,0.0,6.8165,0.0,-784.2,0.0,6.8165,1.0,0.0,0.0,0.0,0.0
1425,719.03,791.35,18239.35,18550.6,17759.25,101.7839,-0.0077,0.0,-791.35,0.0,6.8165,0.0,-791.35,0.0,6.8165,1.0,0.0,0.0,0.0,0.0
1426,719.31,771.9,18034.3,18334.65,17562.75,101.7399,-0.0075,0.0,-771.9,0.0,6.8165,0.0,-771.9,0.0,6.8165,1.0,0.0,0.0,0.0,0.0
1427,719.58,778.55,17522.95,17910.95,17132.4,102.3172,-0.0099,0.0,-778.55,0.0,6.8165,0.0,-778.55,0.0,6.8165,1.0,0.0,0.0,0.0,0.0
1428,719.86,782.65,17166.85,17503.45,16720.8,102.0544,-0.0088,0.0,-782.65,0.0,6.8165,0.0,-782.65,0.0,6.8165,1.0,0.0,0.0,0.0,0.0
1429,720.13,778.3,16960.25,17245.9,16467.6,101.7652,-0.0076,0.0,-778.3,0.0,6.8165,0.0,-778.3,0.0,6.8165,1.0,0.0,0.0,0.0,0.0
1430,720.4,792.35,16640.9,16930.4,16138.05,101.8267,-0.0079,0.0,-792.35,0.0,6.8165,0.0,-792.35,0.0,6.8165,1.0,0.0,0.0,0.0,0.0
1431,720.68,776.4,16307.4,16604.0,15827.6,101.9097,-0.0082,0.0,-776.4,0.0,6.8165,0.0,-776.4,0.0,6.8165,1.0,0.0,0.0,0.0,0.0
1432,720.95,801.4,15951.2,16317.55,15516.15,102.4182,-0.0104,0.0,-801.4,0.0,6.8165,0.0,-801.4,0.0,6.8165,1.0,0.0,0.0,0.0,0.0
1433,721.22,784.05,15585.1,15861.55,15077.5,101.8678,-0.008,0.0,-784.05,0.0,6.8165,0.0,-784.05,0.0,6.8165,1.0,0.0,0.0,0.0,0.0
1434,721.5,786.55,15259.85,15538.7,14752.15,101.9267,-0.0083,0.0,-786.55,0.0,6.8165,0.0,-786.55,0.0,6.8165,1.0,0.0,0.0,0.0,0.0
1435,721.77,781.35,15047.25,15200.05,14418.7,101.0711,-0.0046,0.0,-781.35,0.0,6.8165,0.0,-781.35,0.0,6.8165,1.0,0.0,0.0,0.0,0.0
1436,722.04,782.55,14811.55,15090.6,14308.05,101.9891,-0.0086,0.0,-782.55,0.0,6.8165,0.0,-782.55,0.0,6.8165,1.0,0.0,0.0,0.0,0.0
1437,722.31,783.5,14905.75,15193.2,14409.7,102.0354,-0.0088,0.0,-783.5,0.0,6.8165,0.0,-783.5,0.0,6.8165,1.0,0.0,0.0,0.0,0.0
1438,722.59,763.25,14708.05,14992.1,14228.85,102.037,-0.0088,0.0,-763.25,0.0,6.8165,0.0,-763.25,0.0,6.8165,1.0,0.0,0.0,0.0,0.0
1439,722.86,784.85,14201.25,14444.45,13659.6,101.8127,-0.0078,0.0,-784.85,0.0,6.8165,0.0,-784.85,0.0,6.8165,1.0,0.0,0.0,0.0,0.0
1440,723.13,793.15,13914.35,14154.4,13361.25,101.8295,-0.0079,0.0,-793.15,0.0,6.8165,0.0,-793.15,0.0,6.8165,1.0,0.0,0.0,0.0,0.0
1441,723.4,777.65,13917.75,14143.35,13365.7,101.7169,-0.0074,0.0,-777.65,0.0,6.8165,0.0,-777.65,0.0,6.8165,1.0,0.0,0.0,0.0,0.0
1442,723.68,787.55,13725.35,13919.25,13131.7,101.4987,-0.0065,0.0,-787.55,0.0,6.8165,0.0,-787.55,0.0,6.8165,1.0,0.0,0.0,0.0,0.0
1443,723.95,789.15,13293.35,13486.3,12697.15,101.5431,-0.0067,0.0,-789.15,0.0,6.8165,0.0,-789.15,0.0,6.8165,1.0,0.0,0.0,0.0,0.0
1444,724.22,782.0,12939.55,13223.6,12441.6,102.3364,-0.01,0.0,-782.0,0.0,6.8165,0.0,-782.0,0.0,6.8165,1.0,0.0,0.0,0.0,0.0
1445,724.49,778.2,12867.75,13031.25,12253.05,101.3524,-0.0058,0.0,-778.2,0.0,6.8165,0.0,-778.2,0.0,6.8165,1.0,0.0,0.0,0.0,0.0
1446,724.76,787.55,12836.7,12971.1,12183.55,101.1154,-0.0048,0.0,-787.55,0.0,6.8165,0.0,-787.55,0.0,6.8165,1.0,0.0,0.0,0.0,0.0
1447,725.04,791.1,12753.75,12985.9,12194.8,101.9406,-0.0083,0.0,-791.1,0.0,6.8165,0.0,-791.1,0.0,6.8165,1.0,0.0,0.0,0.0,0.0
1448,725.31,777.05,12574.05,12762.0,11984.95,101.5932,-0.0069,0.0,-777.05,0.0,6.8165,0.0,-777.05,0.0,6.8165,1.0,0.0,0.0,0.0,0.0
1449,725.58,792.5,12378.95,12624.75,11832.25,102.1214,-0.0091,0.0,-792.5,0.0,6.8165,0.0,-792.5,0.0,6.8165,1.0,0.0,0.0,0.0,0.0
1450,725.85,783.3,12115.5,12369.35,11586.05,102.2401,-0.0096,0.0,-783.3,0.0,6.8165,0.0,-783.3,0.0,6.8165,1.0,0.0,0.0,0.0,0.0
1451,726.12,789.4,12014.55,12198.6,11409.2,101.6396,-0.0071,0.0,-789.4,0.0,6.8165,0.0,-789.4,0.0,6.8165,1.0,0.0,0.0,0.0,0.0
1452,726.39,799.9,11940.7,12245.6,11445.7,102.7368,-0.0117,0.0,-799.9,0.0,6.8165,0.0,-799.9,0.0,6.8165,1.0,0.0,0.0,0.0,0.0
1453,726.66,794.35,11833.35,12026.75,11232.4,101.752,-0.0075,0.0,-794.35,0.0,6.8165,0.0,-794.35,0.0,6.8165,1.0,0.0,0.0,0.0,0.0
1454,726.93,782.55,11640.8,11808.0,11025.45,101.5398,-0.0066,0.0,-782.55,0.0,6.8165,0.0,-782.55,0.0,6.8165,1.0,0.0,0.0,0.0,0.0
1455,727.21,792.65,11419.3,11581.55,10788.9,101.5268,-0.0066,0.0,-792.65,0.0,6.8165,0.0,-792.65,0.0,6.8165,1.0,0.0,0.0,0.0,0.0
1456,727.48,769.15,11388.4,11603.8,10834.65,102.0284,-0.0087,0.0,-769.15,0.0,6.8165,0.0,-769.15,0.0,6.8165,1.0,0.0,0.0,0.0,0.0
1457,727.75,782.05,11333.7,11486.85,10704.8,101.4514,-0.0063,0.0,-782.05,0.0,6.8165,0.0,-782.05,0.0,6.8165,1.0,0.0,0.0,0.0,0.0
1458,728.02,787.65,11113.55,11256.25,10468.6,101.382,-0.006,0.0,-787.65,0.0,6.8165,0.0,-787.65,0.0,6.8165,1.0,0.0,0.0,0.0,0.0
1459,728.29,776.5,11226.9,11398.7,10622.2,101.644,-0.0071,0.0,-776.5,0.0,6.8165,0.0,-776.5,0.0,6.8165,1.0,0.0,0.0,0.0,0.0
1460,728.56,790.6,11121.05,11243.6,10453.0,101.1863,-0.0051,0.0,-790.6,0.0,6.8165,0.0,-790.6,0.0,6.8165,1.0,0.0,0.0,0.0,0.0
1461,728.83,780.25,11063.15,11250.7,10470.45,101.8239,-0.0078,0.0,-780.25,0.0,6.8165,0.0,-780.25,0.0,6.8165,1.0,0.0,0.0,0.0,0.0
1462,729.1,771.45,10954.0,11092.9,10321.45,101.3641,-0.0059,0.0,-771.45,0.0,6.8165,0.0,-771.45,0.0,6.8165,1.0,0.0,0.0,0.0,0.0
1463,729.37,789.4,10927.5,11110.85,10321.45,101.8085,-0.0078,0.0,-789.4,0.0,6.8165,0.0,-789.4,0.0,6.8165,1.0,0.0,0.0,0.0,0.0
1464,729.64,790.25,10869.85,11088.2,10297.95,102.1663,-0.0093,0.0,-790.25,0.0,6.8165,0.0,-790.25,0.0,6.8165,1.0,0.0,0.0,0.0,0.0
1465,729.91,796.65,10745.5,10905.1,10108.45,101.6042,-0.0069,0.0,-796.65,0.0,6.8165,0.0,-796.65,0.0,6.8165,1.0,0.0,0.0,0.0,0.0
1466,730.18,783.55,10720.2,10887.25,10103.7,101.6812,-0.0072,0.0,-783.55,0.0,6.8165,0.0,-783.55,0.0,6.8165,1.0,0.0,0.0,0.0,0.0
1467,730.45,786.25,10623.4,10754.1,9967.85,101.3286,-0.0057,0.0,-786.25,0.0,6.8165,0.0,-786.25,0.0,6.8165,1.0,0.0,0.0,0.0,0.0
1468,730.72,777.8,10673.05,10785.5,10007.7,101.1364,-0.0049,0.0,-777.8,0.0,6.8165,0.0,-777.8,0.0,6.8165,1.0,0.0,0.0,0.0,0.0
1469,730.99,786.85,10601.1,10728.65,9941.8,101.2996,-0.0056,0.0,-786.85,0.0,6.8165,0.0,-786.85,0.0,6.8165,1.0,0.0,0.0,0.0,0.0
1470,731.26,779.75,10553.45,10695.65,9915.9,101.4549,-0.0063,0.0,-779.75,0.0,6.8165,0.0,-779.75,0.0,6.8165,1.0,0.0,0.0,0.0,0.0
1471,731.53,797.05,10531.15,10713.8,9916.75,101.8764,-0.0081,0.0,-797.05,0.0,6.8165,0.0,-797.05,0.0,6.8165,1.0,0.0,0.0,0.0,0.0
1472,731.8,786.2,10508.5,10659.35,9873.15,101.5516,-0.0067,0.0,-786.2,0.0,6.8165,0.0,-786.2,0.0,6.8165,1.0,0.0,0.0,0.0,0.0
1473,732.06,777.65,10490.95,10656.3,9878.65,101.7023,-0.0073,0.0,-777.65,0.0,6.8165,0.0,-777.65,0.0,6.8165,1.0,0.0,0.0,0.0,0.0
1474,732.33,787.15,10680.4,10876.5,10089.35,101.9822,-0.0085,0.0,-787.15,0.0,6.8165,0.0,-787.15,0.0,6.8165,1.0,0.0,0.0,0.0,0.0
1475,732.6,783.85,10690.5,10890.7,10106.85,102.0209,-0.0087,0.0,-783.85,0.0,6.8165,0.0,-783.85,0.0,6.8165,1.0,0.0,0.0,0.0,0.0
1476,732.87,785.1,10710.0,10900.0,10114.9,101.9144,-0.0082,0.0,-785.1,0.0,6.8165,0.0,-785.1,0.0,6.8165,1.0,0.0,0.0,0.0,0.0
1477,733.14,774.95,10822.4,11005.0,10230.05,101.8174,-0.0078,0.0,-774.95,0.0,6.8165,0.0,-774.95,0.0,6.8165,1.0,0.0,0.0,0.0,0.0
1478,733.41,787.3,10824.6,10952.3,10165.0,101.2723,-0.0055,0.0,-787.3,0.0,6.8165,0.0,-787.3,0.0,6.8165,1.0,0.0,0.0,0.0,0.0
1479,733.68,784.05,10646.9,10801.5,10017.45,101.5675,-0.0068,0.0,-784.05,0.0,6.8165,0.0,-784.05,0.0,6.8165,1.0,0.0,0.0,0.0,0.0
1480,733.95,777.35,10546.25,10680.1,9902.75,101.3702,-0.0059,0.0,-777.35,0.0,6.8165,0.0,-777.35,0.0,6.8165,1.0,0.0,0.0,0.0,0.0
1481,734.21,779.85,10361.55,10460.6,9680.75,101.0337,-0.0045,0.0,-779.85,0.0,6.8165,0.0,-779.85,0.0,6.8165,1.0,0.0,0.0,0.0,0.0
1482,734.48,790.8,10107.5,10260.55,9469.75,101.6427,-0.0071,0.0,-790.8,0.0,6.8165,0.0,-790.8,0.0,6.8165,1.0,0.0,0.0,0.0,0.0
1483,734.75,792.6,10072.05,10183.25,9390.65,101.1983,-0.0052,0.0,-792.6,0.0,6.8165,0.0,-792.6,0.0,6.8165,1.0,0.0,0.0,0.0,0.0
1484,735.02,777.55,9987.7,10118.35,9340.8,101.4185,-0.0061,0.0,-777.55,0.0,6.8165,0.0,-777.55,0.0,6.8165,1.0,0.0,0.0,0.0,0.0
1485,735.29,778.3,9832.65,9921.4,9143.1,100.9802,-0.0042,0.0,-778.3,0.0,6.8165,0.0,-778.3,0.0,6.8165,1.0,0.0,0.0,0.0,0.0
1486,735.55,792.6,9558.4,9641.35,8848.75,100.9463,-0.0041,0.0,-792.6,0.0,6.8165,0.0,-792.6,0.0,6.8165,1.0,0.0,0.0,0.0,0.0
1487,735.82,794.05,9400.85,9516.45,8722.4,101.3431,-0.0058,0.0,-794.05,0.0,6.8165,0.0,-794.05,0.0,6.8165,1.0,0.0,0.0,0.0,0.0
1488,736.09,778.45,9184.7,9312.7,8534.25,101.5227,-0.0066,0.0,-778.45,0.0,6.8165,0.0,-778.45,0.0,6.8165,1.0,0.0,0.0,0.0,0.0
1489,736.36,784.1,9024.8,9178.85,8394.75,101.8694,-0.008,0.0,-784.1,0.0,6.8165,0.0,-784.1,0.0,6.8165,1.0,0.0,0.0,0.0,0.0
1490,736.62,783.1,8887.45,8997.85,8214.75,101.3622,-0.0059,0.0,-783.1,0.0,6.8165,0.0,-783.1,0.0,6.8165,1.0,0.0,0.0,0.0,0.0
1491,736.89,787.55,8680.5,8801.4,8013.85,101.5317,-0.0066,0.0,-787.55,0.0,6.8165,0.0,-787.55,0.0,6.8165,1.0,0.0,0.0,0.0,0.0
1492,737.16,778.95,8539.55,8668.45,7889.5,101.661,-0.0072,0.0,-778.95,0.0,6.8165,0.0,-778.95,0.0,6.8165,1.0,0.0,0.0,0.0,0.0
1493,737.43,791.9,8391.4,8517.1,7725.2,101.6541,-0.0071,0.0,-791.9,0.0,6.8165,0.0,-791.9,0.0,6.8165,1.0,0.0,0.0,0.0,0.0
1494,737.69,782.5,8312.15,8474.15,7691.65,102.1515,-0.0092,0.0,-782.5,0.0,6.8165,0.0,-782.5,0.0,6.8165,1.0,0.0,0.0,0.0,0.0
1495,737.96,796.0,8142.9,8254.7,7458.7,101.5217,-0.0066,0.0,-796.0,0.0,6.8165,0.0,-796.0,0.0,6.8165,1.0,0.0,0.0,0.0,0.0
1496,738.23,784.0,8017.0,8149.15,7365.15,101.827,-0.0079,0.0,-784.0,0.0,6.8165,0.0,-784.0,0.0,6.8165,1.0,0.0,0.0,0.0,0.0
1497,738.49,795.45,7902.85,8002.65,7207.2,101.4042,-0.0061,0.0,-795.45,0.0,6.8165,0.0,-795.45,0.0,6.8165,1.0,0.0,0.0,0.0,0.0
1498,738.76,790.75,7745.45,7847.6,7056.85,101.4688,-0.0063,0.0,-790.75,0.0,6.8165,0.0,-790.75,0.0,6.8165,1.0,0.0,0.0,0.0,0.0
1499,739.03,789.6,7702.85,7812.7,7023.1,101.589,-0.0068,0.0,-789.6,0.0,6.8165,0.0,-789.6,0.0,6.8165,1.0,0.0,0.0,0.0,0.0
1500,739.29,784.05,7614.85,7685.4,6901.35,101.0328,-0.0045,0.0,-784.05,0.0,6.8165,0.0,-784.05,0.0,6.8165,1.0,0.0,0.0,0.0,0.0
1501,739.56,793.25,7523.95,7597.65,6804.4,101.095,-0.0047,0.0,-793.25,0.0,6.8165,0.0,-793.25,0.0,6.8165,1.0,0.0,0.0,0.0,0.0
1502,739.83,776.15,7368.85,7497.15,6721.0,101.9461,-0.0084,0.0,-776.15,0.0,6.8165,0.0,-776.15,0.0,6.8165,1.0,0.0,0.0,0.0,0.0
1503,740.09,776.05,7269.55,7383.25,6607.2,101.751,-0.0075,0.0,-776.05,0.0,6.8165,0.0,-776.05,0.0,6.8165,1.0,0.0,0.0,0.0,0.0
1504,740.36,787.35,7279.5,7333.25,6545.9,100.8279,-0.0036,0.0,-787.35,0.0,6.8165,0.0,-787.35,0.0,6.8165,1.0,0.0,0.0,0.0,0.0
1505,740.62,788.1,7119.0,7195.85,6407.75,101.2139,-0.0052,0.0,-788.1,0.0,6.8165,0.0,-788.1,0.0,6.8165,1.0,0.0,0.0,0.0,0.0
1506,740.89,795.5,6972.65,7035.4,6239.9,101.0158,-0.0044,0.0,-795.5,0.0,6.8165,0.0,-795.5,0.0,6.8165,1.0,0.0,0.0,0.0,0.0
1507,741.16,793.15,6849.15,6856.25,6063.1,100.1172,-0.0005,0.0,-793.15,0.0,6.8165,0.0,-793.15,0.0,6.8165,1.0,0.0,0.0,0.0,0.0
1508,741.42,782.0,6672.9,6741.7,5959.7,101.1679,-0.005,0.0,-782.0,0.0,6.8165,0.0,-782.0,0.0,6.8165,1.0,0.0,0.0,0.0,0.0
1509,741.69,782.4,6542.15,6632.8,5850.4,101.5739,-0.0068,0.0,-782.4,0.0,6.8165,0.0,-782.4,0.0,6.8165,1.0,0.0,0.0,0.0,0.0
1510,741.95,783.85,6452.15,6506.55,5722.7,100.9597,-0.0041,0.0,-783.85,0.0,6.8165,0.0,-783.85,0.0,6.8165,1.0,0.0,0.0,0.0,0.0
1511,742.22,797.75,6419.7,6459.05,5661.3,100.6999,-0.003,0.0,-797.75,0.0,6.8165,0.0,-797.75,0.0,6.8165,1.0,0.0,0.0,0.0,0.0
1512,742.48,803.25,6165.1,6218.9,5415.65,101.0034,-0.0043,0.0,-803.25,0.0,6.8165,0.0,-803.25,0.0,6.8165,1.0,0.0,0.0,0.0,0.0
1513,742.75,794.2,6004.45,6078.1,5283.9,101.4136,-0.0061,0.0,-794.2,0.0,6.8165,0.0,-794.2,0.0,6.8165,1.0,0.0,0.0,0.0,0.0
1514,743.01,781.05,5866.75,5883.2,5102.15,100.3235,-0.0014,0.0,-781.05,0.0,6.8165,0.0,-781.05,0.0,6.8165,1.0,0.0,0.0,0.0,0.0
1515,743.28,772.85,5719.55,5763.65,4990.8,100.8915,-0.0039,0.0,-772.85,0.0,6.8165,0.0,-772.85,0.0,6.8165,1.0,0.0,0.0,0.0,0.0
1516,743.54,773.15,5568.85,5642.4,4869.25,101.5337,-0.0066,0.0,-773.15,0.0,6.8165,0.0,-773.15,0.0,6.8165,1.0,0.0,0.0,0.0,0.0
1517,743.81,788.15,5495.7,5548.15,4760.0,101.1142,-0.0048,0.0,-788.15,0.0,6.8165,0.0,-788.15,0.0,6.8165,1.0,0.0,0.0,0.0,0.0
1518,744.07,769.75,5321.4,5379.6,4609.85,101.2787,-0.0055,0.0,-769.75,0.0,6.8165,0.0,-769.75,0.0,6.8165,1.0,0.0,0.0,0.0,0.0
1519,744.34,778.8,5232.0,5246.75,4467.95,100.3312,-0.0014,0.0,-778.8,0.0,6.8165,0.0,-778.8,0.0,6.8165,1.0,0.0,0.0,0.0,0.0
1520,744.6,778.4,5070.7,5076.25,4297.85,100.1293,-0.0006,0.0,-778.4,0.0,6.8165,0.0,-778.4,0.0,6.8165,1.0,0.0,0.0,0.0,0.0
1521,744.87,784.4,4918.55,4931.0,4146.6,100.3012,-0.0013,0.0,-784.4,0.0,6.8165,0.0,-784.4,0.0,6.8165,1.0,0.0,0.0,0.0,0.0
1522,745.13,784.15,4790.15,4814.65,4030.5,100.6116,-0.0026,0.0,-784.15,0.0,6.8165,0.0,-784.15,0.0,6.8165,1.0,0.0,0.0,0.0,0.0
1523,745.39,780.6,4634.35,4661.0,3880.4,100.6915,-0.003,0.0,-780.6,0.0,6.8165,0.0,-780.6,0.0,6.8165,1.0,0.0,0.0,0.0,0.0
1524,745.66,799.25,4495.45,4556.4,3757.15,101.649,-0.0071,0.0,-799.25,0.0,6.8165,0.0,-799.25,0.0,6.8165,1.0,0.0,0.0,0.0,0.0
1525,745.92,783.0,4434.45,4458.95,3675.95,100.671,-0.0029,0.0,-783.0,0.0,6.8165,0.0,-783.0,0.0,6.8165,1.0,0.0,0.0,0.0,0.0
1526,746.19,776.8,4291.0,4349.95,3573.15,101.6775,-0.0072,0.0,-776.8,0.0,6.8165,0.0,-776.8,0.0,6.8165,1.0,0.0,0.0,0.0,0.0
1527,746.45,773.45,4167.4,4242.1,3468.65,102.201,-0.0095,0.0,-773.45,0.0,6.8165,0.0,-773.45,0.0,6.8165,1.0,0.0,0.0,0.0,0.0
1528,746.71,766.7,4040.95,4048.3,3281.6,100.2245,-0.001,0.0,-766.7,0.0,6.8165,0.0,-766.7,0.0,6.8165,1.0,0.0,0.0,0.0,0.0
1529,746.98,777.35,3984.35,3991.65,3214.3,100.2276,-0.001,0.0,-777.35,0.0,6.8165,0.0,-777.35,0.0,6.8165,1.0,0.0,0.0,0.0,0.0
1530,747.24,788.2,3902.5,3921.65,3133.45,100.6149,-0.0027,0.0,-788.2,0.0,6.8165,0.0,-788.2,0.0,6.8165,1.0,0.0,0.0,0.0,0.0
1531,747.5,780.35,3836.05,3867.9,3087.55,101.0423,-0.0045,0.0,-780.35,0.0,6.8165,0.0,-780.35,0.0,6.8165,1.0,0.0,0.0,0.0,0.0
1532,747.77,786.2,3716.25,3772.3,2986.1,101.9129,-0.0082,0.0,-786.2,0.0,6.8165,0.0,-786.2,0.0,6.8165,1.0,0.0,0.0,0.0,0.0
1533,748.03,784.35,3645.65,3698.2,2913.85,101.8366,-0.0079,0.0,-784.35,0.0,6.8165,0.0,-784.35,0.0,6.8165,1.0,0.0,0.0,0.0,0.0
1534,748.29,798.4,3604.2,3628.3,2829.9,100.8589,-0.0037,0.0,-798.4,0.0,6.8165,0.0,-798.4,0.0,6.8165,1.0,0.0,0.0,0.0,0.0
1535,748.56,793.4,3520.55,3566.8,2773.4,101.6959,-0.0073,0.0,-793.4,0.0,6.8165,0.0,-793.4,0.0,6.8165,1.0,0.0,0.0,0.0,0.0
1536,748.82,793.8,3419.35,3456.7,2662.9,101.4226,-0.0061,0.0,-793.8,0.0,6.8165,0.0,-793.8,0.0,6.8165,1.0,0.0,0.0,0.0,0.0
1537,749.08,782.4,3334.55,3347.55,2565.15,100.5094,-0.0022,0.0,-782.4,0.0,6.8165,0.0,-782.4,0.0,6.8165,1.0,0.0,0.0,0.0,0.0
1538,749.34,789.05,3291.4,3350.1,2561.05,102.3458,-0.0101,0.0,-789.05,0.0,6.8165,0.0,-789.05,0.0,6.8165,1.0,0.0,0.0,0.0,0.0
1539,749.61,790.15,3305.85,3330.65,2540.5,100.9858,-0.0043,0.0,-790.15,0.0,6.8165,0.0,-790.15,0.0,6.8165,1.0,0.0,0.0,0.0,0.0
1540,749.87,789.75,3252.5,3273.2,2483.45,100.8405,-0.0036,0.0,-789.75,0.0,6.8165,0.0,-789.75,0.0,6.8165,1.0,0.0,0.0,0.0,0.0
1541,750.13,786.85,3168.05,3191.05,2404.2,100.9659,-0.0042,0.0,-786.85,0.0,6.8165,0.0,-786.85,0.0,6.8165,1.0,0.0,0.0,0.0,0.0
1542,750.39,788.45,3098.1,3126.0,2337.55,101.208,-0.0052,0.0,-788.45,0.0,6.8165,0.0,-788.45,0.0,6.8165,1.0,0.0,0.0,0.0,0.0
1543,750.65,784.6,3053.85,3080.7,2296.1,101.1832,-0.0051,0.0,-784.6,0.0,6.8165,0.0,-784.6,0.0,6.8165,1.0,0.0,0.0,0.0,0.0
1544,750.92,774.0,3000.9,3016.8,2242.8,100.714,-0.0031,0.0,-774.0,0.0,6.8165,0.0,-774.0,0.0,6.8165,1.0,0.0,0.0,0.0,0.0
1545,751.18,785.15,2971.35,2970.15,2185.0,99.9451,0.0002,0.0,-785.15,0.0,6.8165,0.0,-785.15,0.0,6.8165,1.0,0.0,0.0,0.0,0.0
1546,751.44,791.8,2907.45,2929.3,2137.5,101.0328,-0.0045,0.0,-791.8,0.0,6.8165,0.0,-791.8,0.0,6.8165,1.0,0.0,0.0,0.0,0.0
1547,751.7,785.95,2864.7,2858.4,2072.45,99.6969,0.0013,0.0,-785.95,0.0,6.8165,0.0,-785.95,0.0,6.8165,1.0,0.0,0.0,0.0,0.0
1548,751.96,786.35,2783.9,2805.05,2018.7,101.0588,-0.0046,0.0,-786.35,0.0,6.8165,0.0,-786.35,0.0,6.8165,1.0,0.0,0.0,0.0,0.0
1549,752.23,787.3,2706.45,2741.55,1954.25,101.8289,-0.0079,0.0,-787.3,0.0,6.8165,0.0,-787.3,0.0,6.8165,1.0,0.0,0.0,0.0,0.0
1550,752.49,781.15,2692.1,2698.05,1916.9,100.3114,-0.0014,0.0,-781.15,0.0,6.8165,0.0,-781.15,0.0,6.8165,1.0,0.0,0.0,0.0,0.0
1551,752.75,781.2,2658.7,2653.0,1871.8,99.6964,0.0013,0.0,-781.2,0.0,6.8165,0.0,-781.2,0.0,6.8165,1.0,0.0,0.0,0.0,0.0
1552,753.01,774.6,2634.1,2640.8,1866.2,100.3603,-0.0016,0.0,-774.6,0.0,6.8165,0.0,-774.6,0.0,6.8165,1.0,0.0,0.0,0.0,0.0
1553,753.27,795.15,2606.25,2607.5,1812.35,100.069,-0.0003,0.0,-795.15,0.0,6.8165,0.0,-795.15,0.0,6.8165,1.0,0.0,0.0,0.0,0.0
1554,753.53,787.75,2592.9,2600.1,1812.35,100.3989,-0.0017,0.0,-787.75,0.0,6.8165,0.0,-787.75,0.0,6.8165,1.0,0.0,0.0,0.0,0.0
1555,753.79,790.3,2578.25,2593.35,1803.05,100.8445,-0.0037,0.0,-790.3,0.0,6.8165,0.0,-790.3,0.0,6.8165,1.0,0.0,0.0,0.0,0.0
1556,754.05,788.55,2544.55,2558.3,1769.75,100.783,-0.0034,0.0,-788.55,0.0,6.8165,0.0,-788.55,0.0,6.8165,1.0,0.0,0.0,0.0,0.0
1557,754.31,795.25,2506.0,2528.95,1733.7,101.3415,-0.0058,0.0,-795.25,0.0,6.8165,0.0,-795.25,0.0,6.8165,1.0,0.0,0.0,0.0,0.0
1558,754.57,787.95,2445.8,2457.5,1669.55,100.7057,-0.0031,0.0,-787.95,0.0,6.8165,0.0,-787.95,0.0,6.8165,1.0,0.0,0.0,0.0,0.0
1559,754.84,789.8,2398.05,2404.35,1614.55,100.3917,-0.0017,0.0,-789.8,0.0,6.8165,0.0,-789.8,0.0,6.8165,1.0,0.0,0.0,0.0,0.0
1560,755.1,787.55,2375.55,2393.95,1606.4,101.1587,-0.005,0.0,-787.55,0.0,6.8165,0.0,-787.55,0.0,6.8165,1.0,0.0,0.0,0.0,0.0
1561,755.36,797.05,2379.9,2382.45,1585.4,100.1611,-0.0007,0.0,-797.05,0.0,6.8165,0.0,-797.05,0.0,6.8165,1.0,0.0,0.0,0.0,0.0
1562,755.62,789.4,2341.2,2336.8,1547.4,99.7165,0.0012,0.0,-789.4,0.0,6.8165,0.0,-789.4,0.0,6.8165,1.0,0.0,0.0,0.0,0.0
1563,755.88,765.9,2326.7,2292.65,1526.75,97.8184,0.0096,0.0,-765.9,0.0,6.8165,0.0,-765.9,0.0,6.8165,1.0,0.0,0.0,0.0,0.0
1564,756.14,780.0,2285.85,2309.6,1529.6,101.5772,-0.0068,0.0,-780.0,0.0,6.8165,0.0,-780.0,0.0,6.8165,1.0,0.0,0.0,0.0,0.0
1565,756.4,780.2,2284.05,2285.0,1504.8,100.0632,-0.0003,0.0,-780.2,0.0,6.8165,0.0,-780.2,0.0,6.8165,1.0,0.0,0.0,0.0,0.0
1566,756.66,777.8,2229.15,2255.15,1477.35,101.7914,-0.0077,0.0,-777.8,0.0,6.8165,0.0,-777.8,0.0,6.8165,1.0,0.0,0.0,0.0,0.0
1567,756.92,786.7,2204.9,2225.1,1438.4,101.4243,-0.0061,0.0,-786.7,0.0,6.8165,0.0,-786.7,0.0,6.8165,1.0,0.0,0.0,0.0,0.0
1568,757.18,782.15,2212.05,2232.05,1449.9,101.3987,-0.006,0.0,-782.15,0.0,6.8165,0.0,-782.15,0.0,6.8165,1.0,0.0,0.0,0.0,0.0
1569,757.43,787.25,2211.85,2204.95,1417.7,99.5157,0.0021,0.0,-787.25,0.0,6.8165,0.0,-787.25,0.0,6.8165,1.0,0.0,0.0,0.0,0.0
1570,757.69,792.45,2202.2,2211.5,1419.05,100.6597,-0.0029,0.0,-792.45,0.0,6.8165,0.0,-792.45,0.0,6.8165,1.0,0.0,0.0,0.0,0.0
1571,757.95,796.2,2211.15,2226.6,1430.4,101.0919,-0.0047,0.0,-796.2,0.0,6.8165,0.0,-796.2,0.0,6.8165,1.0,0.0,0.0,0.0,0.0
1572,758.21,798.1,2189.65,2191.6,1393.5,100.1401,-0.0006,0.0,-798.1,0.0,6.8165,0.0,-798.1,0.0,6.8165,1.0,0.0,0.0,0.0,0.0
1573,758.47,785.15,2142.7,2145.9,1360.75,100.2357,-0.001,0.0,-785.15,0.0,6.8165,0.0,-785.15,0.0,6.8165,1.0,0.0,0.0,0.0,0.0
1574,758.73,785.6,2132.3,2140.75,1355.15,100.6275,-0.0027,0.0,-785.6,0.0,6.8165,0.0,-785.6,0.0,6.8165,1.0,0.0,0.0,0.0,0.0
1575,758.99,776.45,2126.15,2127.15,1350.7,100.0741,-0.0003,0.0,-776.45,0.0,6.8165,0.0,-776.45,0.0,6.8165,1.0,0.0,0.0,0.0,0.0
1576,759.25,787.05,2137.3,2112.55,1325.5,98.167,0.008,0.0,-787.05,0.0,6.8165,0.0,-787.05,0.0,6.8165,1.0,0.0,0.0,0.0,0.0
1577,759.51,783.55,2132.45,2137.65,1354.1,100.3855,-0.0017,0.0,-783.55,0.0,6.8165,0.0,-783.55,0.0,6.8165,1.0,0.0,0.0,0.0,0.0
1578,759.77,782.5,2161.4,2156.8,1374.3,99.6664,0.0015,0.0,-782.5,0.0,6.8165,0.0,-782.5,0.0,6.8165,1.0,0.0,0.0,0.0,0.0
1579,760.02,781.75,2157.1,2164.2,1382.45,100.5162,-0.0022,0.0,-781.75,0.0,6.8165,0.0,-781.75,0.0,6.8165,1.0,0.0,0.0,0.0,0.0
1580,760.28,802.1,2152.55,2152.15,1350.05,99.9704,0.0001,0.0,-802.1,0.0,6.8165,0.0,-802.1,0.0,6.8165,1.0,0.0,0.0,0.0,0.0
1581,760.54,795.9,2144.6,2148.45,1352.55,100.2855,-0.0012,0.0,-795.9,0.0,6.8165,0.0,-795.9,0.0,6.8165,1.0,0.0,0.0,0.0,0.0
1582,760.8,791.6,2147.7,2116.0,1324.4,97.6624,0.0103,0.0,-791.6,0.0,6.8165,0.0,-791.6,0.0,6.8165,1.0,0.0,0.0,0.0,0.0
1583,761.06,778.15,2152.2,2126.15,1348.0,98.1041,0.0083,0.0,-778.15,0.0,6.8165,0.0,-778.15,0.0,6.8165,1.0,0.0,0.0,0.0,0.0
1584,761.32,784.9,2138.05,2131.75,1346.85,99.5344,0.002,0.0,-784.9,0.0,6.8165,0.0,-784.9,0.0,6.8165,1.0,0.0,0.0,0.0,0.0
1585,761.57,784.15,2108.05,2111.45,1327.3,100.2568,-0.0011,0.0,-784.15,0.0,6.8165,0.0,-784.15,0.0,6.8165,1.0,0.0,0.0,0.0,0.0
1586,761.83,778.95,2102.45,2110.4,1331.45,100.6007,-0.0026,0.0,-778.95,0.0,6.8165,0.0,-778.95,0.0,6.8165,1.0,0.0,0.0,0.0,0.0
1587,762.09,782.95,2132.25,2132.75,1349.8,100.0371,-0.0002,0.0,-782.95,0.0,6.8165,0.0,-782.95,0.0,6.8165,1.0,0.0,0.0,0.0,0.0
1588,762.35,794.6,2144.8,2159.0,1364.4,101.0517,-0.0045,0.0,-794.6,0.0,6.8165,0.0,-794.6,0.0,6.8165,1.0,0.0,0.0,0.0,0.0
1589,762.6,781.95,2147.3,2146.9,1364.95,99.9707,0.0001,0.0,-781.95,0.0,6.8165,0.0,-781.95,0.0,6.8165,1.0,0.0,0.0,0.0,0.0
1590,762.86,779.25,2143.6,2140.7,1361.45,99.7874,0.0009,0.0,-779.25,0.0,6.8165,0.0,-779.25,0.0,6.8165,1.0,0.0,0.0,0.0,0.0
1591,763.12,770.7,2150.85,2125.0,1354.3,98.127,0.0082,0.0,-770.7,0.0,6.8165,0.0,-770.7,0.0,6.8165,1.0,0.0,0.0,0.0,0.0
1592,763.38,781.5,2172.65,2173.6,1392.1,100.0683,-0.0003,0.0,-781.5,0.0,6.8165,0.0,-781.5,0.0,6.8165,1.0,0.0,0.0,0.0,0.0
1593,763.63,770.15,2246.2,2217.7,1447.55,98.0692,0.0085,0.0,-770.15,0.0,6.8165,0.0,-770.15,0.0,6.8165,1.0,0.0,0.0,0.0,0.0
1594,763.89,787.55,2317.55,2304.35,1516.8,99.1373,0.0038,0.0,-787.55,0.0,6.8165,0.0,-787.55,0.0,6.8165,1.0,0.0,0.0,0.0,0.0
1595,764.15,775.5,2463.65,2451.65,1676.15,99.2892,0.0031,0.0,-775.5,0.0,6.8165,0.0,-775.5,0.0,6.8165,1.0,0.0,0.0,0.0,0.0
1596,764.4,784.2,2600.05,2597.0,1812.8,99.832,0.0007,0.0,-784.2,0.0,6.8165,0.0,-784.2,0.0,6.8165,1.0,0.0,0.0,0.0,0.0
1597,764.66,786.1,2697.75,2692.85,1906.75,99.7437,0.0011,0.0,-786.1,0.0,6.8165,0.0,-786.1,0.0,6.8165,1.0,0.0,0.0,0.0,0.0
1598,764.92,789.25,2836.95,2826.55,2037.3,99.4921,0.0022,0.0,-789.25,0.0,6.8165,0.0,-789.25,0.0,6.8165,1.0,0.0,0.0,0.0,0.0
1599,765.17,791.1,2912.3,2930.25,2139.15,100.8462,-0.0037,0.0,-791.1,0.0,6.8165,0.0,-791.1,0.0,6.8165,1.0,0.0,0.0,0.0,0.0
1600,765.43,800.25,2859.85,2888.7,2088.45,101.4008,-0.006,0.0,-800.25,0.0,6.8165,0.0,-800.25,0.0,6.8165,1.0,0.0,0.0,0.0,0.0
1601,765.69,792.65,2799.55,2787.35,1994.7,99.3921,0.0026,0.0,-792.65,0.0,6.8165,0.0,-792.65,0.0,6.8165,1.0,0.0,0.0,0.0,0.0
1602,765.94,801.85,2696.4,2682.5,1880.65,99.2663,0.0032,0.0,-801.85,0.0,6.8165,0.0,-801.85,0.0,6.8165,1.0,0.0,0.0,0.0,0.0
1603,766.2,782.35,2593.05,2544.85,1762.5,97.338,0.0117,0.0,-782.35,0.0,6.8165,0.0,-782.35,0.0,6.8165,1.0,0.0,0.0,0.0,0.0
1604,766.45,773.7,2442.45,2447.05,1673.35,100.2757,-0.0012,0.0,-773.7,0.0,6.8165,0.0,-773.7,0.0,6.8165,1.0,0.0,0.0,0.0,0.0
1605,766.71,785.05,2360.35,2332.05,1547.0,98.2035,0.0079,0.0,-785.05,0.0,6.8165,0.0,-785.05,0.0,6.8165,1.0,0.0,0.0,0.0,0.0
1606,766.97,795.05,2272.7,2261.85,1466.8,99.2657,0.0032,0.0,-795.05,0.0,6.8165,0.0,-795.05,0.0,6.8165,1.0,0.0,0.0,0.0,0.0
1607,767.22,796.9,2154.6,2163.15,1366.25,100.6297,-0.0027,0.0,-796.9,0.0,6.8165,0.0,-796.9,0.0,6.8165,1.0,0.0,0.0,0.0,0.0
1608,767.48,797.8,2047.35,2062.55,1264.75,101.2164,-0.0053,0.0,-797.8,0.0,6.8165,0.0,-797.8,0.0,6.8165,1.0,0.0,0.0,0.0,0.0
1609,767.73,802.35,1927.55,1956.65,1154.3,102.5862,-0.0111,0.0,-802.35,0.0,6.8165,0.0,-802.35,0.0,6.8165,1.0,0.0,0.0,0.0,0.0
1610,767.99,797.5,1891.0,1897.55,1100.05,100.599,-0.0026,0.0,-797.5,0.0,6.8165,0.0,-797.5,0.0,6.8165,1.0,0.0,0.0,0.0,0.0
1611,768.24,790.2,1855.75,1846.7,1056.5,99.1507,0.0037,0.0,-790.2,0.0,6.8165,0.0,-790.2,0.0,6.8165,1.0,0.0,0.0,0.0,0.0
1612,768.5,792.5,1815.8,1826.85,1034.35,101.0798,-0.0047,0.0,-792.5,0.0,6.8165,0.0,-792.5,0.0,6.8165,1.0,0.0,0.0,0.0,0.0
1613,768.75,788.75,1776.8,1810.4,1021.65,103.4006,-0.0145,0.0,-788.75,0.0,6.8165,0.0,-788.75,0.0,6.8165,1.0,0.0,0.0,0.0,0.0
1614,769.01,793.7,1779.8,1750.6,956.9,97.0388,0.0131,0.0,-793.7,0.0,6.8165,0.0,-793.7,0.0,6.8165,1.0,0.0,0.0,0.0,0.0
1615,769.26,790.15,1741.45,1746.95,956.8,100.5782,-0.0025,0.0,-790.15,0.0,6.8165,0.0,-790.15,0.0,6.8165,1.0,0.0,0.0,0.0,0.0
1616,769.52,786.25,1713.5,1719.6,933.35,100.6579,-0.0028,0.0,-786.25,0.0,6.8165,0.0,-786.25,0.0,6.8165,1.0,0.0,0.0,0.0,0.0
1617,769.77,773.35,1715.1,1679.65,906.3,96.2357,0.0167,0.0,-773.35,0.0,6.8165,0.0,-773.35,0.0,6.8165,1.0,0.0,0.0,0.0,0.0
1618,770.03,785.25,1657.75,1645.8,860.55,98.6304,0.006,0.0,-785.25,0.0,6.8165,0.0,-785.25,0.0,6.8165,1.0,0.0,0.0,0.0,0.0
1619,770.28,784.95,1628.15,1615.85,830.9,98.5413,0.0064,0.0,-784.95,0.0,6.8165,0.0,-784.95,0.0,6.8165,1.0,0.0,0.0,0.0,0.0
1620,770.54,801.15,1608.45,1598.75,797.6,98.7985,0.0052,0.0,-801.15,0.0,6.8165,0.0,-801.15,0.0,6.8165,1.0,0.0,0.0,0.0,0.0
1621,770.79,799.5,1581.45,1573.15,773.65,98.9386,0.0046,0.0,-799.5,0.0,6.8165,0.0,-799.5,0.0,6.8165,1.0,0.0,0.0,0.0,0.0
1622,771.04,789.3,1548.2,1560.85,771.55,101.6669,-0.0072,0.0,-789.3,0.0,6.8165,0.0,-789.3,0.0,6.8165,1.0,0.0,0.0,0.0,0.0
1623,771.3,796.75,1571.95,1558.1,761.35,98.2134,0.0078,0.0,-796.75,0.0,6.8165,0.0,-796.75,0.0,6.8165,1.0,0.0,0.0,0.0,0.0
1624,771.55,787.65,1543.05,1535.55,747.9,99.0071,0.0043,0.0,-787.65,0.0,6.8165,0.0,-787.65,0.0,6.8165,1.0,0.0,0.0,0.0,0.0
1625,771.81,790.85,1506.55,1522.85,732.0,102.2775,-0.0098,0.0,-790.85,0.0,6.8165,0.0,-790.85,0.0,6.8165,1.0,0.0,0.0,0.0,0.0
1626,772.06,782.2,1509.7,1481.4,699.2,96.11,0.0172,0.0,-782.2,0.0,6.8165,0.0,-782.2,0.0,6.8165,1.0,0.0,0.0,0.0,0.0
1627,772.31,787.25,1467.6,1476.5,689.25,101.3082,-0.0056,0.0,-787.25,0.0,6.8165,0.0,-787.25,0.0,6.8165,1.0,0.0,0.0,0.0,0.0
1628,772.57,780.85,1469.6,1460.3,679.45,98.6497,0.0059,0.0,-780.85,0.0,6.8165,0.0,-780.85,0.0,6.8165,1.0,0.0,0.0,0.0,0.0
1629,772.82,787.55,1456.65,1448.9,661.35,98.8417,0.0051,0.0,-787.55,0.0,6.8165,0.0,-787.55,0.0,6.8165,1.0,0.0,0.0,0.0,0.0
1630,773.07,778.3,1436.15,1444.35,666.05,101.2465,-0.0054,0.0,-778.3,0.0,6.8165,0.0,-778.3,0.0,6.8165,1.0,0.0,0.0,0.0,0.0
1631,773.33,785.7,1431.7,1435.3,649.6,100.5573,-0.0024,0.0,-785.7,0.0,6.8165,0.0,-785.7,0.0,6.8165,1.0,0.0,0.0,0.0,0.0
1632,773.58,795.8,1424.4,1417.25,621.45,98.8626,0.005,0.0,-795.8,0.0,6.8165,0.0,-795.8,0.0,6.8165,1.0,0.0,0.0,0.0,0.0
1633,773.83,787.75,1411.85,1414.85,627.1,100.4807,-0.0021,0.0,-787.75,0.0,6.8165,0.0,-787.75,0.0,6.8165,1.0,0.0,0.0,0.0,0.0
1634,774.09,773.4,1416.45,1406.1,632.7,98.3905,0.007,0.0,-773.4,0.0,6.8165,0.0,-773.4,0.0,6.8165,1.0,0.0,0.0,0.0,0.0
1635,774.34,782.4,1382.35,1391.3,608.9,101.4918,-0.0064,0.0,-782.4,0.0,6.8165,0.0,-782.4,0.0,6.8165,1.0,0.0,0.0,0.0,0.0
1636,774.59,778.3,1383.6,1373.45,595.15,98.3231,0.0073,0.0,-778.3,0.0,6.8165,0.0,-778.3,0.0,6.8165,1.0,0.0,0.0,0.0,0.0
1637,774.85,771.0,1367.75,1354.25,583.25,97.7377,0.0099,0.0,-771.0,0.0,6.8165,0.0,-771.0,0.0,6.8165,1.0,0.0,0.0,0.0,0.0
1638,775.1,793.4,1361.8,1354.25,560.85,98.6717,0.0058,0.0,-793.4,0.0,6.8165,0.0,-793.4,0.0,6.8165,1.0,0.0,0.0,0.0,0.0
1639,775.35,791.95,1328.6,1337.35,545.4,101.6305,-0.007,0.0,-791.95,0.0,6.8165,0.0,-791.95,0.0,6.8165,1.0,0.0,0.0,0.0,0.0
1640,775.6,788.3,1337.95,1318.7,530.4,96.4978,0.0155,0.0,-788.3,0.0,6.8165,0.0,-788.3,0.0,6.8165,1.0,0.0,0.0,0.0,0.0
1641,775.85,791.1,1332.0,1333.0,541.9,100.1849,-0.0008,0.0,-791.1,0.0,6.8165,0.0,-791.1,0.0,6.8165,1.0,0.0,0.0,0.0,0.0
1642,776.11,787.45,1305.55,1314.6,527.15,101.7468,-0.0075,0.0,-787.45,0.0,6.8165,0.0,-787.45,0.0,6.8165,1.0,0.0,0.0,0.0,0.0
1643,776.36,783.95,1306.0,1296.25,512.3,98.1324,0.0082,0.0,-783.95,0.0,6.8165,0.0,-783.95,0.0,6.8165,1.0,0.0,0.0,0.0,0.0
1644,776.61,791.25,1308.05,1296.05,504.8,97.678,0.0102,0.0,-791.25,0.0,6.8165,0.0,-791.25,0.0,6.8165,1.0,0.0,0.0,0.0,0.0
1645,776.86,791.1,1316.65,1288.8,497.7,94.7008,0.0236,0.0,-791.1,0.0,6.8165,0.0,-791.1,0.0,6.8165,1.0,0.0,0.0,0.0,0.0
1646,777.11,772.65,1304.8,1299.8,527.15,99.0604,0.0041,0.0,-772.65,0.0,6.8165,0.0,-772.65,0.0,6.8165,1.0,0.0,0.0,0.0,0.0
1647,777.37,789.9,1281.95,1294.55,504.65,102.5607,-0.011,0.0,-789.9,0.0,6.8165,0.0,-789.9,0.0,6.8165,1.0,0.0,0.0,0.0,0.0
1648,777.62,788.8,1304.45,1288.05,499.25,96.8195,0.014,0.0,-788.8,0.0,6.8165,0.0,-788.8,0.0,6.8165,1.0,0.0,0.0,0.0,0.0
1649,777.87,795.85,1285.3,1280.35,484.5,98.9887,0.0044,0.0,-795.85,0.0,6.8165,0.0,-795.85,0.0,6.8165,1.0,0.0,0.0,0.0,0.0
1650,778.12,787.25,1298.4,1276.1,488.85,95.6373,0.0194,0.0,-787.25,0.0,6.8165,0.0,-787.25,0.0,6.8165,1.0,0.0,0.0,0.0,0.0
1651,778.37,791.1,1272.2,1293.1,502.0,104.3442,-0.0185,0.0,-791.1,0.0,6.8165,0.0,-791.1,0.0,6.8165,1.0,0.0,0.0,0.0,0.0
1652,778.62,787.1,1275.0,1280.45,493.35,101.117,-0.0048,0.0,-787.1,0.0,6.8165,0.0,-787.1,0.0,6.8165,1.0,0.0,0.0,0.0,0.0
1653,778.87,786.55,1275.3,1260.35,473.8,96.9412,0.0135,0.0,-786.55,0.0,6.8165,0.0,-786.55,0.0,6.8165,1.0,0.0,0.0,0.0,0.0
1654,779.12,788.5,1251.9,1257.0,468.5,101.1006,-0.0048,0.0,-788.5,0.0,6.8165,0.0,-788.5,0.0,6.8165,1.0,0.0,0.0,0.0,0.0
1655,779.38,793.3,1262.9,1257.6,464.3,98.8714,0.0049,0.0,-793.3,0.0,6.8165,0.0,-793.3,0.0,6.8165,1.0,0.0,0.0,0.0,0.0
1656,779.63,794.7,1253.1,1249.1,454.4,99.1274,0.0038,0.0,-794.7,0.0,6.8165,0.0,-794.7,0.0,6.8165,1.0,0.0,0.0,0.0,0.0
1657,779.88,782.5,1251.75,1246.4,463.9,98.8599,0.005,0.0,-782.5,0.0,6.8165,0.0,-782.5,0.0,6.8165,1.0,0.0,0.0,0.0,0.0
1658,780.13,782.95,1228.7,1255.4,472.45,105.9899,-0.0253,0.0,-782.95,0.0,6.8165,0.0,-782.95,0.0,6.8165,1.0,0.0,0.0,0.0,0.0
1659,780.38,798.5,1247.5,1257.55,459.05,102.2383,-0.0096,0.0,-798.5,0.0,6.8165,0.0,-798.5,0.0,6.8165,1.0,0.0,0.0,0.0,0.0
1660,780.63,805.85,1247.3,1249.35,443.5,100.4644,-0.002,0.0,-805.85,0.0,6.8165,0.0,-805.85,0.0,6.8165,1.0,0.0,0.0,0.0,0.0
1661,780.88,785.3,1229.05,1237.4,452.1,101.8817,-0.0081,0.0,-785.3,0.0,6.8165,0.0,-785.3,0.0,6.8165,1.0,0.0,0.0,0.0,0.0
1662,781.13,785.8,1236.95,1246.7,460.9,102.1611,-0.0093,0.0,-785.8,0.0,6.8165,0.0,-785.8,0.0,6.8165,1.0,0.0,0.0,0.0,0.0
1663,781.38,792.35,1245.6,1230.15,437.8,96.5913,0.0151,0.0,-792.35,0.0,6.8165,0.0,-792.35,0.0,6.8165,1.0,0.0,0.0,0.0,0.0
1664,781.63,778.5,1252.3,1239.25,460.75,97.2457,0.0121,0.0,-778.5,0.0,6.8165,0.0,-778.5,0.0,6.8165,1.0,0.0,0.0,0.0,0.0
1665,781.88,791.5,1251.45,1245.65,454.15,98.739,0.0055,0.0,-791.5,0.0,6.8165,0.0,-791.5,0.0,6.8165,1.0,0.0,0.0,0.0,0.0
1666,782.13,795.95,1222.3,1232.35,436.4,102.3572,-0.0101,0.0,-795.95,0.0,6.8165,0.0,-795.95,0.0,6.8165,1.0,0.0,0.0,0.0,0.0
1667,782.38,788.65,1252.8,1238.9,450.25,97.0053,0.0132,0.0,-788.65,0.0,6.8165,0.0,-788.65,0.0,6.8165,1.0,0.0,0.0,0.0,0.0
1668,782.63,780.75,1244.25,1232.3,451.55,97.4218,0.0113,0.0,-780.75,0.0,6.8165,0.0,-780.75,0.0,6.8165,1.0,0.0,0.0,0.0,0.0
1669,782.88,791.2,1252.3,1234.05,442.85,96.0421,0.0175,0.0,-791.2,0.0,6.8165,0.0,-791.2,0.0,6.8165,1.0,0.0,0.0,0.0,0.0
1670,783.13,789.2,1231.9,1240.55,451.35,101.9539,-0.0084,0.0,-789.2,0.0,6.8165,0.0,-789.2,0.0,6.8165,1.0,0.0,0.0,0.0,0.0
1671,783.38,792.5,1240.7,1262.6,470.1,104.8862,-0.0207,0.0,-792.5,0.0,6.8165,0.0,-792.5,0.0,6.8165,1.0,0.0,0.0,0.0,0.0
1672,783.62,803.25,1233.25,1232.85,429.6,99.907,0.0004,0.0,-803.25,0.0,6.8165,0.0,-803.25,0.0,6.8165,1.0,0.0,0.0,0.0,0.0
1673,783.87,792.35,1228.8,1229.9,437.55,100.252,-0.0011,0.0,-792.35,0.0,6.8165,0.0,-792.35,0.0,6.8165,1.0,0.0,0.0,0.0,0.0
1674,784.12,774.2,1251.4,1227.6,453.4,95.0126,0.0222,0.0,-774.2,0.0,6.8165,0.0,-774.2,0.0,6.8165,1.0,0.0,0.0,0.0,0.0
1675,784.37,784.05,1252.75,1240.0,455.95,97.2797,0.012,0.0,-784.05,0.0,6.8165,0.0,-784.05,0.0,6.8165,1.0,0.0,0.0,0.0,0.0
1676,784.62,783.2,1250.5,1244.1,460.9,98.6304,0.006,0.0,-783.2,0.0,6.8165,0.0,-783.2,0.0,6.8165,1.0,0.0,0.0,0.0,0.0
1677,784.87,788.6,1249.5,1236.2,447.6,97.1143,0.0127,0.0,-788.6,0.0,6.8165,0.0,-788.6,0.0,6.8165,1.0,0.0,0.0,0.0,0.0
1678,785.12,799.45,1234.2,1229.65,430.2,98.9534,0.0046,0.0,-799.45,0.0,6.8165,0.0,-799.45,0.0,6.8165,1.0,0.0,0.0,0.0,0.0
1679,785.37,794.65,1245.05,1223.6,428.95,95.2376,0.0212,0.0,-794.65,0.0,6.8165,0.0,-794.65,0.0,6.8165,1.0,0.0,0.0,0.0,0.0
1680,785.61,787.8,1257.6,1220.45,432.65,92.0924,0.0358,0.0,-787.8,0.0,6.8165,0.0,-787.8,0.0,6.8165,1.0,0.0,0.0,0.0,0.0
1681,785.86,785.65,1246.25,1235.35,449.7,97.6335,0.0104,0.0,-785.65,0.0,6.8165,0.0,-785.65,0.0,6.8165,1.0,0.0,0.0,0.0,0.0
1682,786.11,790.4,1267.25,1250.75,460.35,96.5398,0.0153,0.0,-790.4,0.0,6.8165,0.0,-790.4,0.0,6.8165,1.0,0.0,0.0,0.0,0.0
1683,786.36,794.3,1250.8,1243.95,449.65,98.4995,0.0066,0.0,-794.3,0.0,6.8165,0.0,-794.3,0.0,6.8165,1.0,0.0,0.0,0.0,0.0
1684,786.61,800.15,1244.45,1226.15,426.0,95.8812,0.0183,0.0,-800.15,0.0,6.8165,0.0,-800.15,0.0,6.8165,1.0,0.0,0.0,0.0,0.0
1685,786.85,800.5,1246.8,1227.25,426.75,95.6195,0.0195,0.0,-800.5,0.0,6.8165,0.0,-800.5,0.0,6.8165,1.0,0.0,0.0,0.0,0.0
1686,787.1,784.9,1237.5,1224.55,439.65,97.1388,0.0126,0.0,-784.9,0.0,6.8165,0.0,-784.9,0.0,6.8165,1.0,0.0,0.0,0.0,0.0
1687,787.35,780.7,1250.1,1227.75,447.05,95.2386,0.0212,0.0,-780.7,0.0,6.8165,0.0,-780.7,0.0,6.8165,1.0,0.0,0.0,0.0,0.0
1688,787.6,777.35,1236.2,1235.6,458.25,99.8692,0.0006,0.0,-777.35,0.0,6.8165,0.0,-777.35,0.0,6.8165,1.0,0.0,0.0,0.0,0.0
1689,787.84,785.05,1249.15,1238.15,453.1,97.6298,0.0104,0.0,-785.05,0.0,6.8165,0.0,-785.05,0.0,6.8165,1.0,0.0,0.0,0.0,0.0
1690,788.09,783.55,1242.8,1228.0,444.45,96.7774,0.0142,0.0,-783.55,0.0,6.8165,0.0,-783.55,0.0,6.8165,1.0,0.0,0.0,0.0,0.0
1691,788.34,793.1,1253.2,1229.8,436.7,94.9141,0.0227,0.0,-793.1,0.0,6.8165,0.0,-793.1,0.0,6.8165,1.0,0.0,0.0,0.0,0.0
1692,788.59,778.65,1247.8,1245.3,466.65,99.4671,0.0023,0.0,-778.65,0.0,6.8165,0.0,-778.65,0.0,6.8165,1.0,0.0,0.0,0.0,0.0
1693,788.83,777.0,1261.5,1258.8,481.8,99.4427,0.0024,0.0,-777.0,0.0,6.8165,0.0,-777.0,0.0,6.8165,1.0,0.0,0.0,0.0,0.0
1694,789.08,782.9,1260.7,1226.6,443.7,92.8631,0.0322,0.0,-782.9,0.0,6.8165,0.0,-782.9,0.0,6.8165,1.0,0.0,0.0,0.0,0.0
1695,789.33,798.45,1276.35,1244.1,445.65,93.2517,0.0303,0.0,-798.45,0.0,6.8165,0.0,-798.45,0.0,6.8165,1.0,0.0,0.0,0.0,0.0
1696,789.57,777.25,1259.85,1258.6,481.35,99.741,0.0011,0.0,-777.25,0.0,6.8165,0.0,-777.25,0.0,6.8165,1.0,0.0,0.0,0.0,0.0
1697,789.82,798.1,1274.05,1263.15,465.05,97.7098,0.0101,0.0,-798.1,0.0,6.8165,0.0,-798.1,0.0,6.8165,1.0,0.0,0.0,0.0,0.0
1698,790.07,774.4,1285.25,1276.85,502.45,98.3557,0.0072,0.0,-774.4,0.0,6.8165,0.0,-774.4,0.0,6.8165,1.0,0.0,0.0,0.0,0.0
1699,790.31,782.25,1286.95,1278.55,496.3,98.3356,0.0073,0.0,-782.25,0.0,6.8165,0.0,-782.25,0.0,6.8165,1.0,0.0,0.0,0.0,0.0
1700,790.56,780.45,1285.4,1286.95,506.5,100.307,-0.0013,0.0,-780.45,0.0,6.8165,0.0,-780.45,0.0,6.8165,1.0,0.0,0.0,0.0,0.0
1701,790.8,784.95,1270.45,1281.3,496.35,102.2348,-0.0096,0.0,-784.95,0.0,6.8165,0.0,-784.95,0.0,6.8165,1.0,0.0,0.0,0.0,0.0
1702,791.05,790.3,1296.75,1262.7,472.4,93.2767,0.0302,0.0,-790.3,0.0,6.8165,0.0,-790.3,0.0,6.8165,1.0,0.0,0.0,0.0,0.0
1703,791.3,778.1,1277.15,1266.15,488.05,97.7958,0.0097,0.0,-778.1,0.0,6.8165,0.0,-778.1,0.0,6.8165,1.0,0.0,0.0,0.0,0.0
1704,791.54,783.5,1248.7,1252.3,468.8,100.7739,-0.0033,0.0,-783.5,0.0,6.8165,0.0,-783.5,0.0,6.8165,1.0,0.0,0.0,0.0,0.0
1705,791.79,790.85,1249.9,1258.05,467.2,101.7754,-0.0076,0.0,-790.85,0.0,6.8165,0.0,-790.85,0.0,6.8165,1.0,0.0,0.0,0.0,0.0
1706,792.03,777.5,1237.3,1223.3,445.8,96.9552,0.0134,0.0,-777.5,0.0,6.8165,0.0,-777.5,0.0,6.8165,1.0,0.0,0.0,0.0,0.0
1707,792.28,791.05,1200.05,1222.2,431.15,105.4156,-0.0229,0.0,-791.05,0.0,6.8165,0.0,-791.05,0.0,6.8165,1.0,0.0,0.0,0.0,0.0
1708,792.53,781.15,1207.8,1212.65,431.5,101.1368,-0.0049,0.0,-781.15,0.0,6.8165,0.0,-781.15,0.0,6.8165,1.0,0.0,0.0,0.0,0.0
1709,792.77,796.85,1215.7,1208.7,411.85,98.3288,0.0073,0.0,-796.85,0.0,6.8165,0.0,-796.85,0.0,6.8165,1.0,0.0,0.0,0.0,0.0
1710,793.02,782.5,1217.4,1187.6,405.1,93.1479,0.0308,0.0,-782.5,0.0,6.8165,0.0,-782.5,0.0,6.8165,1.0,0.0,0.0,0.0,0.0
1711,793.26,792.2,1186.15,1170.7,378.5,96.0782,0.0174,0.0,-792.2,0.0,6.8165,0.0,-792.2,0.0,6.8165,1.0,0.0,0.0,0.0,0.0
1712,793.51,785.55,1184.35,1177.05,391.5,98.1695,0.008,0.0,-785.55,0.0,6.8165,0.0,-785.55,0.0,6.8165,1.0,0.0,0.0,0.0,0.0
1713,793.75,782.65,1165.4,1157.05,374.4,97.8184,0.0096,0.0,-782.65,0.0,6.8165,0.0,-782.65,0.0,6.8165,1.0,0.0,0.0,0.0,0.0
1714,794.0,796.65,1144.2,1155.9,359.25,103.3664,-0.0144,0.0,-796.65,0.0,6.8165,0.0,-796.65,0.0,6.8165,1.0,0.0,0.0,0.0,0.0
1715,794.24,779.6,1131.2,1150.5,370.9,105.4892,-0.0232,0.0,-779.6,0.0,6.8165,0.0,-779.6,0.0,6.8165,1.0,0.0,0.0,0.0,0.0
1716,794.49,780.5,1115.95,1160.0,379.5,110.0,-0.0414,0.0,-780.5,0.0,6.8165,0.0,-780.5,0.0,6.8165,1.0,0.0,0.0,0.0,0.0
1717,794.73,780.25,1143.9,1140.55,360.3,99.0788,0.004,0.0,-780.25,0.0,6.8165,0.0,-780.25,0.0,6.8165,1.0,0.0,0.0,0.0,0.0
1718,794.97,783.35,1122.5,1102.5,319.15,94.1029,0.0264,0.0,-783.35,0.0,6.8165,0.0,-783.35,0.0,6.8165,1.0,0.0,0.0,0.0,0.0
1719,795.22,788.0,1124.4,1117.85,329.85,98.0529,0.0085,0.0,-788.0,0.0,6.8165,0.0,-788.0,0.0,6.8165,1.0,0.0,0.0,0.0,0.0
1720,795.46,793.35,1112.4,1097.7,304.35,95.3926,0.0205,0.0,-793.35,0.0,6.8165,0.0,-793.35,0.0,6.8165,1.0,0.0,0.0,0.0,0.0
1721,795.71,794.15,1098.35,1090.45,296.3,97.403,0.0114,0.0,-794.15,0.0,6.8165,0.0,-794.15,0.0,6.8165,1.0,0.0,0.0,0.0,0.0
1722,795.95,790.9,1092.1,1092.2,301.3,100.0332,-0.0001,0.0,-790.9,0.0,6.8165,0.0,-790.9,0.0,6.8165,1.0,0.0,0.0,0.0,0.0
1723,796.19,796.85,1101.05,1096.7,299.85,98.57,0.0063,0.0,-796.85,0.0,6.8165,0.0,-796.85,0.0,6.8165,1.0,0.0,0.0,0.0,0.0
1724,796.44,789.55,1104.55,1077.5,287.95,91.4127,0.039,0.0,-789.55,0.0,6.8165,0.0,-789.55,0.0,6.8165,1.0,0.0,0.0,0.0,0.0
1725,796.68,789.05,1097.6,1082.65,293.6,95.1548,0.0216,0.0,-789.05,0.0,6.8165,0.0,-789.05,0.0,6.8165,1.0,0.0,0.0,0.0,0.0
1726,796.93,782.7,1084.2,1091.95,309.25,102.5705,-0.011,0.0,-782.7,0.0,6.8165,0.0,-782.7,0.0,6.8165,1.0,0.0,0.0,0.0,0.0
1727,797.17,789.55,1079.95,1082.1,292.55,100.7404,-0.0032,0.0,-789.55,0.0,6.8165,0.0,-789.55,0.0,6.8165,1.0,0.0,0.0,0.0,0.0
1728,797.41,798.6,1082.75,1073.3,274.7,96.6743,0.0147,0.0,-798.6,0.0,6.8165,0.0,-798.6,0.0,6.8165,1.0,0.0,0.0,0.0,0.0
1729,797.66,787.15,1077.45,1076.15,289.0,99.5522,0.0019,0.0,-787.15,0.0,6.8165,0.0,-787.15,0.0,6.8165,1.0,0.0,0.0,0.0,0.0
1730,797.9,785.6,1084.25,1084.65,299.05,100.1339,-0.0006,0.0,-785.6,0.0,6.8165,0.0,-785.6,0.0,6.8165,1.0,0.0,0.0,0.0,0.0
1731,798.14,783.6,1089.2,1069.45,285.85,93.5373,0.029,0.0,-783.6,0.0,6.8165,0.0,-783.6,0.0,6.8165,1.0,0.0,0.0,0.0,0.0
1732,798.39,796.55,1082.95,1074.3,277.75,96.9797,0.0133,0.0,-796.55,0.0,6.8165,0.0,-796.55,0.0,6.8165,1.0,0.0,0.0,0.0,0.0
1733,798.63,783.3,1079.7,1073.25,289.95,97.8239,0.0096,0.0,-783.3,0.0,6.8165,0.0,-783.3,0.0,6.8165,1.0,0.0,0.0,0.0,0.0
1734,798.87,796.65,1099.15,1074.4,277.75,91.8182,0.0371,0.0,-796.65,0.0,6.8165,0.0,-796.65,0.0,6.8165,1.0,0.0,0.0,0.0,0.0
1735,799.11,790.4,1064.7,1070.85,280.45,102.2421,-0.0096,0.0,-790.4,0.0,6.8165,0.0,-790.4,0.0,6.8165,1.0,0.0,0.0,0.0,0.0
1736,799.36,792.75,1063.85,1066.45,273.7,100.9591,-0.0041,0.0,-792.75,0.0,6.8165,0.0,-792.75,0.0,6.8165,1.0,0.0,0.0,0.0,0.0
1737,799.6,785.8,1053.8,1057.0,271.2,101.194,-0.0052,0.0,-785.8,0.0,6.8165,0.0,-785.8,0.0,6.8165,1.0,0.0,0.0,0.0,0.0
1738,799.84,795.25,1046.0,1022.6,227.35,90.668,0.0425,0.0,-795.25,0.0,6.8165,0.0,-795.25,0.0,6.8165,1.0,0.0,0.0,0.0,0.0
1739,800.08,787.85,1043.8,1032.05,244.2,95.4093,0.0204,0.0,-787.85,0.0,6.8165,0.0,-787.85,0.0,6.8165,1.0,0.0,0.0,0.0,0.0
1740,800.33,794.3,1057.15,1035.4,241.1,91.7253,0.0375,0.0,-794.3,0.0,6.8165,0.0,-794.3,0.0,6.8165,1.0,0.0,0.0,0.0,0.0
1741,800.57,774.65,1055.7,1030.75,256.1,91.1226,0.0404,0.0,-774.65,0.0,6.8165,0.0,-774.65,0.0,6.8165,1.0,0.0,0.0,0.0,0.0
1742,800.81,797.9,1028.9,1020.95,223.05,96.5584,0.0152,0.0,-797.9,0.0,6.8165,0.0,-797.9,0.0,6.8165,1.0,0.0,0.0,0.0,0.0
1743,801.05,788.6,1019.2,1012.9,224.3,97.268,0.012,0.0,-788.6,0.0,6.8165,0.0,-788.6,0.0,6.8165,1.0,0.0,0.0,0.0,0.0
1744,801.29,785.2,1023.0,1020.8,235.6,99.0749,0.004,0.0,-785.2,0.0,6.8165,0.0,-785.2,0.0,6.8165,1.0,0.0,0.0,0.0,0.0
1745,801.54,788.5,1011.8,1021.0,232.5,104.12,-0.0175,0.0,-788.5,0.0,6.8165,0.0,-788.5,0.0,6.8165,1.0,0.0,0.0,0.0,0.0
1746,801.78,787.4,1011.85,1020.2,232.8,103.7202,-0.0159,0.0,-787.4,0.0,6.8165,0.0,-787.4,0.0,6.8165,1.0,0.0,0.0,0.0,0.0
1747,802.02,792.85,1011.85,1011.0,218.15,99.6119,0.0017,0.0,-792.85,0.0,6.8165,0.0,-792.85,0.0,6.8165,1.0,0.0,0.0,0.0,0.0
1748,802.26,792.05,1023.8,1004.65,212.6,91.7368,0.0375,0.0,-792.05,0.0,6.8165,0.0,-792.05,0.0,6.8165,1.0,0.0,0.0,0.0,0.0
1749,802.5,793.35,1014.9,998.0,204.65,92.3719,0.0345,0.0,-793.35,0.0,6.8165,0.0,-793.35,0.0,6.8165,1.0,0.0,0.0,0.0,0.0
1750,802.74,785.2,995.45,1013.95,228.75,108.799,-0.0366,0.0,-785.2,0.0,6.8165,0.0,-785.2,0.0,6.8165,1.0,0.0,0.0,0.0,0.0
1751,802.98,786.05,1018.85,1011.75,225.7,96.9502,0.0135,0.0,-786.05,0.0,6.8165,0.0,-786.05,0.0,6.8165,1.0,0.0,0.0,0.0,0.0
1752,803.22,795.1,1009.45,979.2,184.1,85.8876,0.0661,0.0,-795.1,0.0,6.8165,0.0,-795.1,0.0,6.8165,1.0,0.0,0.0,0.0,0.0
1753,803.47,792.25,1014.25,1005.25,213.0,95.9459,0.018,0.0,-792.25,0.0,6.8165,0.0,-792.25,0.0,6.8165,1.0,0.0,0.0,0.0,0.0
1754,803.71,787.05,1005.95,967.2,180.15,82.2979,0.0846,0.0,-787.05,0.0,6.8165,0.0,-787.05,0.0,6.8165,1.0,0.0,0.0,0.0,0.0
1755,803.95,793.55,1012.15,987.3,193.75,88.6322,0.0524,0.0,-793.55,0.0,6.8165,0.0,-793.55,0.0,6.8165,1.0,0.0,0.0,0.0,0.0
1756,804.19,782.4,1013.15,974.7,192.3,83.3369,0.0792,0.0,-782.4,0.0,6.8165,0.0,-782.4,0.0,6.8165,1.0,0.0,0.0,0.0,0.0
1757,804.43,778.9,1009.55,1000.3,221.4,95.9896,0.0178,0.0,-778.9,0.0,6.8165,0.0,-778.9,0.0,6.8165,1.0,0.0,0.0,0.0,0.0
1758,804.67,796.85,1013.5,977.0,180.15,83.1526,0.0801,0.0,-796.85,0.0,6.8165,0.0,-796.85,0.0,6.8165,1.0,0.0,0.0,0.0,0.0
1759,804.91,784.0,999.0,985.15,201.15,93.5581,0.0289,0.0,-784.0,0.0,6.8165,0.0,-784.0,0.0,6.8165,1.0,0.0,0.0,0.0,0.0
1760,805.15,796.6,1011.4,986.75,190.15,88.5242,0.0529,0.0,-796.6,0.0,6.8165,0.0,-796.6,0.0,6.8165,1.0,0.0,0.0,0.0,0.0
1761,805.39,793.45,1003.4,976.6,183.15,87.2351,0.0593,0.0,-793.45,0.0,6.8165,0.0,-793.45,0.0,6.8165,1.0,0.0,0.0,0.0,0.0
1762,805.63,782.9,990.15,967.65,184.75,89.1435,0.0499,0.0,-782.9,0.0,6.8165,0.0,-782.9,0.0,6.8165,1.0,0.0,0.0,0.0,0.0
1763,805.87,786.1,981.55,958.35,172.25,88.13,0.0549,0.0,-786.1,0.0,6.8165,0.0,-786.1,0.0,6.8165,1.0,0.0,0.0,0.0,0.0
1764,806.11,782.7,979.35,985.4,202.7,103.0765,-0.0132,0.0,-782.7,0.0,6.8165,0.0,-782.7,0.0,6.8165,1.0,0.0,0.0,0.0,0.0
1765,806.35,799.4,984.75,960.75,161.35,87.0515,0.0602,0.0,-799.4,0.0,6.8165,0.0,-799.4,0.0,6.8165,1.0,0.0,0.0,0.0,0.0
1766,806.59,793.4,978.75,964.85,171.45,92.5007,0.0339,0.0,-793.4,0.0,6.8165,0.0,-793.4,0.0,6.8165,1.0,0.0,0.0,0.0,0.0
1767,806.83,786.7,981.95,959.95,173.25,88.7324,0.0519,0.0,-786.7,0.0,6.8165,0.0,-786.7,0.0,6.8165,1.0,0.0,0.0,0.0,0.0
1768,807.07,789.6,992.1,964.5,174.9,86.3704,0.0636,0.0,-789.6,0.0,6.8165,0.0,-789.6,0.0,6.8165,1.0,0.0,0.0,0.0,0.0
1769,807.31,796.3,985.35,968.95,172.65,91.325,0.0394,0.0,-796.3,0.0,6.8165,0.0,-796.3,0.0,6.8165,1.0,0.0,0.0,0.0,0.0
1770,807.54,787.85,971.25,958.75,170.9,93.1843,0.0307,0.0,-787.85,0.0,6.8165,0.0,-787.85,0.0,6.8165,1.0,0.0,0.0,0.0,0.0
1771,807.78,787.0,971.55,957.4,170.4,92.3327,0.0346,0.0,-787.0,0.0,6.8165,0.0,-787.0,0.0,6.8165,1.0,0.0,0.0,0.0,0.0
1772,808.02,802.75,981.7,970.5,167.75,93.7413,0.0281,0.0,-802.75,0.0,6.8165,0.0,-802.75,0.0,6.8165,1.0,0.0,0.0,0.0,0.0
1773,808.26,802.1,965.45,968.5,166.4,101.8672,-0.008,0.0,-802.1,0.0,6.8165,0.0,-802.1,0.0,6.8165,1.0,0.0,0.0,0.0,0.0
1774,808.5,803.55,976.7,963.35,159.8,92.2899,0.0348,0.0,-803.55,0.0,6.8165,0.0,-803.55,0.0,6.8165,1.0,0.0,0.0,0.0,0.0
1775,808.74,785.7,972.15,963.7,178.0,95.468,0.0201,0.0,-785.7,0.0,6.8165,0.0,-785.7,0.0,6.8165,1.0,0.0,0.0,0.0,0.0
1776,808.98,781.55,967.75,957.85,176.3,94.6831,0.0237,0.0,-781.55,0.0,6.8165,0.0,-781.55,0.0,6.8165,1.0,0.0,0.0,0.0,0.0
1777,809.22,788.1,963.5,955.55,167.45,95.4675,0.0201,0.0,-788.1,0.0,6.8165,0.0,-788.1,0.0,6.8165,1.0,0.0,0.0,0.0,0.0
1778,809.45,789.6,972.0,941.0,151.4,83.0044,0.0809,0.0,-789.6,0.0,6.8165,0.0,-789.6,0.0,6.8165,1.0,0.0,0.0,0.0,0.0
1779,809.69,793.25,972.05,960.95,167.7,93.7919,0.0278,0.0,-793.25,0.0,6.8165,0.0,-793.25,0.0,6.8165,1.0,0.0,0.0,0.0,0.0
1780,809.93,786.3,978.65,951.5,165.2,85.8851,0.0661,0.0,-786.3,0.0,6.8165,0.0,-786.3,0.0,6.8165,1.0,0.0,0.0,0.0,0.0
1781,810.17,774.45,975.45,949.85,175.4,87.2637,0.0592,0.0,-774.45,0.0,6.8165,0.0,-774.45,0.0,6.8165,1.0,0.0,0.0,0.0,0.0
1782,810.41,784.65,970.05,953.95,169.3,91.3161,0.0395,0.0,-784.65,0.0,6.8165,0.0,-784.65,0.0,6.8165,1.0,0.0,0.0,0.0,0.0
1783,810.64,788.5,964.55,957.05,168.55,95.7398,0.0189,0.0,-788.5,0.0,6.8165,0.0,-788.5,0.0,6.8165,1.0,0.0,0.0,0.0,0.0
1784,810.88,790.6,976.1,956.75,166.15,89.5687,0.0478,0.0,-790.6,0.0,6.8165,0.0,-790.6,0.0,6.8165,1.0,0.0,0.0,0.0,0.0
1785,811.12,799.4,969.65,962.0,162.6,95.5066,0.02,0.0,-799.4,0.0,6.8165,0.0,-799.4,0.0,6.8165,1.0,0.0,0.0,0.0,0.0
1786,811.36,783.85,972.45,941.35,157.5,83.5101,0.0783,0.0,-783.85,0.0,6.8165,0.0,-783.85,0.0,6.8165,1.0,0.0,0.0,0.0,0.0
1787,811.59,776.9,969.0,957.15,180.25,93.8313,0.0277,0.0,-776.9,0.0,6.8165,0.0,-776.9,0.0,6.8165,1.0,0.0,0.0,0.0,0.0
1788,811.83,774.05,983.85,962.9,188.85,90.0143,0.0457,0.0,-774.05,0.0,6.8165,0.0,-774.05,0.0,6.8165,1.0,0.0,0.0,0.0,0.0
1789,812.07,785.2,984.9,948.4,163.2,81.7226,0.0877,0.0,-785.2,0.0,6.8165,0.0,-785.2,0.0,6.8165,1.0,0.0,0.0,0.0,0.0
1790,812.31,776.7,969.55,959.45,182.75,94.7628,0.0234,0.0,-776.7,0.0,6.8165,0.0,-776.7,0.0,6.8165,1.0,0.0,0.0,0.0,0.0
1791,812.54,780.95,990.4,949.85,168.9,80.6398,0.0935,0.0,-780.95,0.0,6.8165,0.0,-780.95,0.0,6.8165,1.0,0.0,0.0,0.0,0.0
1792,812.78,788.1,982.35,951.3,163.2,84.0154,0.0756,0.0,-788.1,0.0,6.8165,0.0,-788.1,0.0,6.8165,1.0,0.0,0.0,0.0,0.0
1793,813.02,783.6,981.35,961.4,177.8,89.9115,0.0462,0.0,-783.6,0.0,6.8165,0.0,-783.6,0.0,6.8165,1.0,0.0,0.0,0.0,0.0
1794,813.25,778.45,975.75,959.4,180.95,91.7131,0.0376,0.0,-778.45,0.0,6.8165,0.0,-778.45,0.0,6.8165,1.0,0.0,0.0,0.0,0.0
1795,813.49,773.45,980.4,956.65,183.2,88.5238,0.0529,0.0,-773.45,0.0,6.8165,0.0,-773.45,0.0,6.8165,1.0,0.0,0.0,0.0,0.0
1796,813.73,792.6,962.55,950.95,158.35,93.1745,0.0307,0.0,-792.6,0.0,6.8165,0.0,-792.6,0.0,6.8165,1.0,0.0,0.0,0.0,0.0
1797,813.96,782.2,973.45,955.15,172.95,90.4314,0.0437,0.0,-782.2,0.0,6.8165,0.0,-782.2,0.0,6.8165,1.0,0.0,0.0,0.0,0.0
1798,814.2,781.9,972.8,968.15,186.25,97.5642,0.0107,0.0,-781.9,0.0,6.8165,0.0,-781.9,0.0,6.8165,1.0,0.0,0.0,0.0,0.0
1799,814.44,783.6,977.95,963.75,180.15,92.6936,0.033,0.0,-783.6,0.0,6.8165,0.0,-783.6,0.0,6.8165,1.0,0.0,0.0,0.0,0.0
1800,814.67,785.1,965.95,956.05,170.95,94.5259,0.0244,0.0,-785.1,0.0,6.8165,0.0,-785.1,0.0,6.8165,1.0,0.0,0.0,0.0,0.0
1801,814.91,773.65,975.6,960.75,187.1,92.6467,0.0332,0.0,-773.65,0.0,6.8165,0.0,-773.65,0.0,6.8165,1.0,0.0,0.0,0.0,0.0
1802,815.14,781.3,963.35,959.0,177.7,97.6105,0.0105,0.0,-781.3,0.0,6.8165,0.0,-781.3,0.0,6.8165,1.0,0.0,0.0,0.0,0.0
1803,815.38,783.5,972.65,956.3,172.8,91.3561,0.0393,0.0,-783.5,0.0,6.8165,0.0,-783.5,0.0,6.8165,1.0,0.0,0.0,0.0,0.0
1804,815.61,788.05,975.6,970.1,182.05,97.0674,0.0129,0.0,-788.05,0.0,6.8165,0.0,-788.05,0.0,6.8165,1.0,0.0,0.0,0.0,0.0
1805,815.85,792.2,965.85,957.5,165.3,95.1915,0.0214,0.0,-792.2,0.0,6.8165,0.0,-792.2,0.0,6.8165,1.0,0.0,0.0,0.0,0.0
1806,816.09,776.2,968.45,950.05,173.85,90.4291,0.0437,0.0,-776.2,0.0,6.8165,0.0,-776.2,0.0,6.8165,1.0,0.0,0.0,0.0,0.0
1807,816.32,779.3,971.9,968.8,189.5,98.3904,0.007,0.0,-779.3,0.0,6.8165,0.0,-779.3,0.0,6.8165,1.0,0.0,0.0,0.0,0.0
1808,816.56,786.3,973.15,945.85,159.55,85.3893,0.0686,0.0,-786.3,0.0,6.8165,0.0,-786.3,0.0,6.8165,1.0,0.0,0.0,0.0,0.0
1809,816.79,791.85,990.6,970.05,178.2,89.6604,0.0474,0.0,-791.85,0.0,6.8165,0.0,-791.85,0.0,6.8165,1.0,0.0,0.0,0.0,0.0
1810,817.03,784.35,970.0,982.65,198.3,106.8139,-0.0286,0.0,-784.35,0.0,6.8165,0.0,-784.35,0.0,6.8165,1.0,0.0,0.0,0.0,0.0
1811,817.26,803.2,995.2,958.8,155.6,81.0417,0.0913,0.0,-803.2,0.0,6.8165,0.0,-803.2,0.0,6.8165,1.0,0.0,0.0,0.0,0.0
1812,817.5,773.55,979.0,971.75,198.2,96.4712,0.0156,0.0,-773.55,0.0,6.8165,0.0,-773.55,0.0,6.8165,1.0,0.0,0.0,0.0,0.0
1813,817.73,784.65,990.7,962.2,177.55,86.1684,0.0647,0.0,-784.65,0.0,6.8165,0.0,-784.65,0.0,6.8165,1.0,0.0,0.0,0.0,0.0
1814,817.97,782.55,982.1,978.05,195.5,97.9704,0.0089,0.0,-782.55,0.0,6.8165,0.0,-782.55,0.0,6.8165,1.0,0.0,0.0,0.0,0.0
1815,818.2,798.15,1012.2,982.9,184.75,86.3116,0.0639,0.0,-798.15,0.0,6.8165,0.0,-798.15,0.0,6.8165,1.0,0.0,0.0,0.0,0.0
1816,818.43,779.65,1007.35,979.1,199.45,87.5933,0.0575,0.0,-779.65,0.0,6.8165,0.0,-779.65,0.0,6.8165,1.0,0.0,0.0,0.0,0.0
1817,818.67,790.35,991.8,971.2,180.85,89.7741,0.0468,0.0,-790.35,0.0,6.8165,0.0,-790.35,0.0,6.8165,1.0,0.0,0.0,0.0,0.0
1818,818.9,793.75,1001.8,984.05,190.3,91.4684,0.0387,0.0,-793.75,0.0,6.8165,0.0,-793.75,0.0,6.8165,1.0,0.0,0.0,0.0,0.0
1819,819.14,788.9,997.6,985.95,197.05,94.4178,0.0249,0.0,-788.9,0.0,6.8165,0.0,-788.9,0.0,6.8165,1.0,0.0,0.0,0.0,0.0
1820,819.37,778.8,1015.4,967.9,189.1,79.9239,0.0973,0.0,-778.8,0.0,6.8165,0.0,-778.8,0.0,6.8165,1.0,0.0,0.0,0.0,0.0
1821,819.61,786.75,1003.3,1010.35,223.6,103.2556,-0.0139,0.0,-786.75,0.0,6.8165,0.0,-786.75,0.0,6.8165,1.0,0.0,0.0,0.0,0.0
1822,819.84,790.75,1021.05,1005.15,214.4,93.096,0.0311,0.0,-790.75,0.0,6.8165,0.0,-790.75,0.0,6.8165,1.0,0.0,0.0,0.0,0.0
1823,820.07,788.85,1021.5,995.95,207.1,89.0178,0.0505,0.0,-788.85,0.0,6.8165,0.0,-788.85,0.0,6.8165,1.0,0.0,0.0,0.0,0.0
1824,820.31,788.25,1017.4,1007.35,219.1,95.6142,0.0195,0.0,-788.25,0.0,6.8165,0.0,-788.25,0.0,6.8165,1.0,0.0,0.0,0.0,0.0
1825,820.54,783.2,1019.05,1007.25,224.05,94.9968,0.0223,0.0,-783.2,0.0,6.8165,0.0,-783.2,0.0,6.8165,1.0,0.0,0.0,0.0,0.0
1826,820.77,785.85,1051.9,1043.9,258.05,96.993,0.0133,0.0,-785.85,0.0,6.8165,0.0,-785.85,0.0,6.8165,1.0,0.0,0.0,0.0,0.0
1827,821.01,785.7,1034.2,1038.15,252.45,101.5895,-0.0068,0.0,-785.7,0.0,6.8165,0.0,-785.7,0.0,6.8165,1.0,0.0,0.0,0.0,0.0
1828,821.24,780.05,1053.05,1035.05,255.0,93.4066,0.0296,0.0,-780.05,0.0,6.8165,0.0,-780.05,0.0,6.8165,1.0,0.0,0.0,0.0,0.0
1829,821.47,795.75,1071.35,1052.6,256.85,93.1967,0.0306,0.0,-795.75,0.0,6.8165,0.0,-795.75,0.0,6.8165,1.0,0.0,0.0,0.0,0.0
1830,821.71,785.1,1076.9,1046.95,261.85,89.7361,0.047,0.0,-785.1,0.0,6.8165,0.0,-785.1,0.0,6.8165,1.0,0.0,0.0,0.0,0.0
1831,821.94,779.7,1093.35,1066.15,286.45,91.3279,0.0394,0.0,-779.7,0.0,6.8165,0.0,-779.7,0.0,6.8165,1.0,0.0,0.0,0.0,0.0
1832,822.17,782.75,1114.1,1090.25,307.5,92.8022,0.0324,0.0,-782.75,0.0,6.8165,0.0,-782.75,0.0,6.8165,1.0,0.0,0.0,0.0,0.0
1833,822.4,786.7,1129.25,1110.4,323.7,94.4972,0.0246,0.0,-786.7,0.0,6.8165,0.0,-786.7,0.0,6.8165,1.0,0.0,0.0,0.0,0.0
1834,822.64,794.5,1151.55,1122.85,328.35,91.9619,0.0364,0.0,-794.5,0.0,6.8165,0.0,-794.5,0.0,6.8165,1.0,0.0,0.0,0.0,0.0
1835,822.87,798.45,1166.95,1164.45,366.0,99.3216,0.003,0.0,-798.45,0.0,6.8165,0.0,-798.45,0.0,6.8165,1.0,0.0,0.0,0.0,0.0
1836,823.1,795.1,1248.05,1198.2,403.1,88.9944,0.0506,0.0,-795.1,0.0,6.8165,0.0,-795.1,0.0,6.8165,1.0,0.0,0.0,0.0,0.0
1837,823.33,787.7,1257.85,1264.75,477.05,101.4676,-0.0063,0.0,-787.7,0.0,6.8165,0.0,-787.7,0.0,6.8165,1.0,0.0,0.0,0.0,0.0
1838,823.57,799.3,1325.0,1299.25,499.95,95.1018,0.0218,0.0,-799.3,0.0,6.8165,0.0,-799.3,0.0,6.8165,1.0,0.0,0.0,0.0,0.0
1839,823.8,799.05,1377.35,1370.25,571.2,98.7723,0.0054,0.0,-799.05,0.0,6.8165,0.0,-799.05,0.0,6.8165,1.0,0.0,0.0,0.0,0.0
1840,824.03,792.15,1435.75,1414.3,622.15,96.6672,0.0147,0.0,-792.15,0.0,6.8165,0.0,-792.15,0.0,6.8165,1.0,0.0,0.0,0.0,0.0
1841,824.26,781.75,1470.55,1438.5,656.75,95.347,0.0207,0.0,-781.75,0.0,6.8165,0.0,-781.75,0.0,6.8165,1.0,0.0,0.0,0.0,0.0
1842,824.49,775.0,1497.15,1480.0,705.0,97.6251,0.0104,0.0,-775.0,0.0,6.8165,0.0,-775.0,0.0,6.8165,1.0,0.0,0.0,0.0,0.0
1843,824.73,774.15,1521.1,1473.85,699.7,93.6743,0.0284,0.0,-774.15,0.0,6.8165,0.0,-774.15,0.0,6.8165,1.0,0.0,0.0,0.0,0.0
1844,824.96,786.55,1504.3,1497.15,710.6,99.0038,0.0043,0.0,-786.55,0.0,6.8165,0.0,-786.55,0.0,6.8165,1.0,0.0,0.0,0.0,0.0
1845,825.19,780.4,1497.9,1482.25,701.85,97.8188,0.0096,0.0,-780.4,0.0,6.8165,0.0,-780.4,0.0,6.8165,1.0,0.0,0.0,0.0,0.0
1846,825.42,776.7,1484.25,1482.05,705.35,99.6891,0.0014,0.0,-776.7,0.0,6.8165,0.0,-776.7,0.0,6.8165,1.0,0.0,0.0,0.0,0.0
1847,825.65,780.0,1468.55,1409.65,629.65,91.4458,0.0388,0.0,-780.0,0.0,6.8165,0.0,-780.0,0.0,6.8165,1.0,0.0,0.0,0.0,0.0
1848,825.88,779.75,1435.85,1395.4,615.65,93.8348,0.0276,0.0,-779.75,0.0,6.8165,0.0,-779.75,0.0,6.8165,1.0,0.0,0.0,0.0,0.0
1849,826.11,787.35,1400.55,1380.45,593.1,96.7221,0.0145,0.0,-787.35,0.0,6.8165,0.0,-787.35,0.0,6.8165,1.0,0.0,0.0,0.0,0.0
1850,826.34,793.75,1371.95,1364.4,570.65,98.6942,0.0057,0.0,-793.75,0.0,6.8165,0.0,-793.75,0.0,6.8165,1.0,0.0,0.0,0.0,0.0
1851,826.57,799.2,1342.65,1322.55,523.35,96.3014,0.0164,0.0,-799.2,0.0,6.8165,0.0,-799.2,0.0,6.8165,1.0,0.0,0.0,0.0,0.0
1852,826.81,789.35,1329.35,1315.1,525.75,97.3611,0.0116,0.0,-789.35,0.0,6.8165,0.0,-789.35,0.0,6.8165,1.0,0.0,0.0,0.0,0.0
1853,827.04,780.1,1301.95,1289.1,509.0,97.5376,0.0108,0.0,-780.1,0.0,6.8165,0.0,-780.1,0.0,6.8165,1.0,0.0,0.0,0.0,0.0
1854,827.27,775.05,1285.0,1273.05,498.0,97.6566,0.0103,0.0,-775.05,0.0,6.8165,0.0,-775.05,0.0,6.8165,1.0,0.0,0.0,0.0,0.0
1855,827.5,782.75,1273.4,1246.55,463.8,94.5277,0.0244,0.0,-782.75,0.0,6.8165,0.0,-782.75,0.0,6.8165,1.0,0.0,0.0,0.0,0.0
1856,827.73,784.95,1271.95,1267.25,482.3,99.0349,0.0042,0.0,-784.95,0.0,6.8165,0.0,-784.95,0.0,6.8165,1.0,0.0,0.0,0.0,0.0
1857,827.96,797.05,1268.6,1246.7,449.65,95.3557,0.0207,0.0,-797.05,0.0,6.8165,0.0,-797.05,0.0,6.8165,1.0,0.0,0.0,0.0,0.0
1858,828.19,779.8,1263.35,1239.8,460.0,95.1298,0.0217,0.0,-779.8,0.0,6.8165,0.0,-779.8,0.0,6.8165,1.0,0.0,0.0,0.0,0.0
1859,828.42,781.75,1285.7,1273.0,491.25,97.4799,0.0111,0.0,-781.75,0.0,6.8165,0.0,-781.75,0.0,6.8165,1.0,0.0,0.0,0.0,0.0
1860,828.65,799.4,1308.85,1273.5,474.1,93.0611,0.0312,0.0,-799.4,0.0,6.8165,0.0,-799.4,0.0,6.8165,1.0,0.0,0.0,0.0,0.0
1861,828.88,792.0,1330.45,1293.5,501.5,93.1377,0.0309,0.0,-792.0,0.0,6.8165,0.0,-792.0,0.0,6.8165,1.0,0.0,0.0,0.0,0.0
1862,829.11,781.95,1317.95,1300.65,518.7,96.7724,0.0142,0.0,-781.95,0.0,6.8165,0.0,-781.95,0.0,6.8165,1.0,0.0,0.0,0.0,0.0
1863,829.34,795.2,1340.5,1324.45,529.25,97.0567,0.013,0.0,-795.2,0.0,6.8165,0.0,-795.2,0.0,6.8165,1.0,0.0,0.0,0.0,0.0
1864,829.57,787.75,1332.3,1306.0,518.25,95.1703,0.0215,0.0,-787.75,0.0,6.8165,0.0,-787.75,0.0,6.8165,1.0,0.0,0.0,0.0,0.0
1865,829.8,776.4,1343.1,1294.5,518.1,91.424,0.0389,0.0,-776.4,0.0,6.8165,0.0,-776.4,0.0,6.8165,1.0,0.0,0.0,0.0,0.0
1866,830.03,785.55,1300.45,1271.7,486.15,94.4164,0.025,0.0,-785.55,0.0,6.8165,0.0,-785.55,0.0,6.8165,1.0,0.0,0.0,0.0,0.0
1867,830.25,770.6,1279.25,1272.2,501.6,98.614,0.0061,0.0,-770.6,0.0,6.8165,0.0,-770.6,0.0,6.8165,1.0,0.0,0.0,0.0,0.0
1868,830.48,791.4,1261.0,1245.2,453.8,96.6354,0.0149,0.0,-791.4,0.0,6.8165,0.0,-791.4,0.0,6.8165,1.0,0.0,0.0,0.0,0.0
1869,830.71,795.75,1260.9,1208.75,413.0,88.7886,0.0516,0.0,-795.75,0.0,6.8165,0.0,-795.75,0.0,6.8165,1.0,0.0,0.0,0.0,0.0
1870,830.94,783.2,1222.45,1197.45,414.25,94.3085,0.0254,0.0,-783.2,0.0,6.8165,0.0,-783.2,0.0,6.8165,1.0,0.0,0.0,0.0,0.0
1871,831.17,771.85,1183.45,1164.35,392.5,95.3596,0.0206,0.0,-771.85,0.0,6.8165,0.0,-771.85,0.0,6.8165,1.0,0.0,0.0,0.0,0.0
1872,831.4,780.1,1160.6,1150.5,370.4,97.3456,0.0117,0.0,-780.1,0.0,6.8165,0.0,-780.1,0.0,6.8165,1.0,0.0,0.0,0.0,0.0
1873,831.63,794.5,1134.25,1109.7,315.2,92.7741,0.0326,0.0,-794.5,0.0,6.8165,0.0,-794.5,0.0,6.8165,1.0,0.0,0.0,0.0,0.0
1874,831.86,786.6,1118.55,1106.95,320.35,96.5055,0.0154,0.0,-786.6,0.0,6.8165,0.0,-786.6,0.0,6.8165,1.0,0.0,0.0,0.0,0.0
1875,832.08,774.6,1111.9,1104.45,329.85,97.7913,0.0097,0.0,-774.6,0.0,6.8165,0.0,-774.6,0.0,6.8165,1.0,0.0,0.0,0.0,0.0
1876,832.31,789.3,1109.35,1073.85,284.55,88.908,0.0511,0.0,-789.3,0.0,6.8165,0.0,-789.3,0.0,6.8165,1.0,0.0,0.0,0.0,0.0
1877,832.54,787.4,1099.35,1051.9,264.5,84.7892,0.0717,0.0,-787.4,0.0,6.8165,0.0,-787.4,0.0,6.8165,1.0,0.0,0.0,0.0,0.0
1878,832.77,782.95,1072.1,1056.55,273.6,94.6222,0.024,0.0,-782.95,0.0,6.8165,0.0,-782.95,0.0,6.8165,1.0,0.0,0.0,0.0,0.0
1879,833.0,778.5,1066.05,1063.4,284.9,99.0784,0.004,0.0,-778.5,0.0,6.8165,0.0,-778.5,0.0,6.8165,1.0,0.0,0.0,0.0,0.0
1880,833.22,770.5,1046.55,1054.55,284.05,102.898,-0.0124,0.0,-770.5,0.0,6.8165,0.0,-770.5,0.0,6.8165,1.0,0.0,0.0,0.0,0.0
1881,833.45,781.35,1047.9,1049.75,268.4,100.6941,-0.003,0.0,-781.35,0.0,6.8165,0.0,-781.35,0.0,6.8165,1.0,0.0,0.0,0.0,0.0
1882,833.68,780.15,1045.25,1039.4,259.25,97.7933,0.0097,0.0,-780.15,0.0,6.8165,0.0,-780.15,0.0,6.8165,1.0,0.0,0.0,0.0,0.0
1883,833.91,782.65,1053.7,1032.75,250.1,92.2708,0.0349,0.0,-782.65,0.0,6.8165,0.0,-782.65,0.0,6.8165,1.0,0.0,0.0,0.0,0.0
1884,834.13,785.8,1050.05,1043.15,257.35,97.3888,0.0115,0.0,-785.8,0.0,6.8165,0.0,-785.8,0.0,6.8165,1.0,0.0,0.0,0.0,0.0
1885,834.36,791.55,1053.4,1060.4,268.85,102.6733,-0.0115,0.0,-791.55,0.0,6.8165,0.0,-791.55,0.0,6.8165,1.0,0.0,0.0,0.0,0.0
1886,834.59,806.15,1055.15,1058.15,252.0,101.2048,-0.0052,0.0,-806.15,0.0,6.8165,0.0,-806.15,0.0,6.8165,1.0,0.0,0.0,0.0,0.0
1887,834.82,794.35,1045.95,1032.55,238.2,94.6741,0.0238,0.0,-794.35,0.0,6.8165,0.0,-794.35,0.0,6.8165,1.0,0.0,0.0,0.0,0.0
1888,835.04,780.15,1076.35,1066.0,285.85,96.5057,0.0154,0.0,-780.15,0.0,6.8165,0.0,-780.15,0.0,6.8165,1.0,0.0,0.0,0.0,0.0
1889,835.27,785.5,1086.25,1082.1,296.6,98.6201,0.006,0.0,-785.5,0.0,6.8165,0.0,-785.5,0.0,6.8165,1.0,0.0,0.0,0.0,0.0
1890,835.5,782.95,1102.15,1085.55,302.6,94.7995,0.0232,0.0,-782.95,0.0,6.8165,0.0,-782.95,0.0,6.8165,1.0,0.0,0.0,0.0,0.0
1891,835.72,796.55,1104.5,1107.7,311.15,101.0391,-0.0045,0.0,-796.55,0.0,6.8165,0.0,-796.55,0.0,6.8165,1.0,0.0,0.0,0.0,0.0
1892,835.95,780.3,1094.95,1100.85,320.55,101.8751,-0.0081,0.0,-780.3,0.0,6.8165,0.0,-780.3,0.0,6.8165,1.0,0.0,0.0,0.0,0.0
1893,836.18,781.05,1103.5,1096.75,315.7,97.9067,0.0092,0.0,-781.05,0.0,6.8165,0.0,-781.05,0.0,6.8165,1.0,0.0,0.0,0.0,0.0
1894,836.4,788.4,1094.8,1085.8,297.4,97.0627,0.0129,0.0,-788.4,0.0,6.8165,0.0,-788.4,0.0,6.8165,1.0,0.0,0.0,0.0,0.0
1895,836.63,784.3,1090.45,1083.75,299.45,97.8115,0.0096,0.0,-784.3,0.0,6.8165,0.0,-784.3,0.0,6.8165,1.0,0.0,0.0,0.0,0.0
1896,836.86,782.6,1110.9,1078.2,295.6,90.0396,0.0456,0.0,-782.6,0.0,6.8165,0.0,-782.6,0.0,6.8165,1.0,0.0,0.0,0.0,0.0
1897,837.08,796.15,1058.7,1066.5,270.35,102.9709,-0.0127,0.0,-796.15,0.0,6.8165,0.0,-796.15,0.0,6.8165,1.0,0.0,0.0,0.0,0.0
1898,837.31,788.4,1068.9,1051.95,263.55,93.9572,0.0271,0.0,-788.4,0.0,6.8165,0.0,-788.4,0.0,6.8165,1.0,0.0,0.0,0.0,0.0
1899,837.53,782.25,1043.1,1028.3,246.05,94.3262,0.0254,0.0,-782.25,0.0,6.8165,0.0,-782.25,0.0,6.8165,1.0,0.0,0.0,0.0,0.0
1900,837.76,780.9,1030.65,1023.95,243.05,97.3173,0.0118,0.0,-780.9,0.0,6.8165,0.0,-780.9,0.0,6.8165,1.0,0.0,0.0,0.0,0.0
1901,837.99,778.15,1008.95,998.45,220.3,95.4506,0.0202,0.0,-778.15,0.0,6.8165,0.0,-778.15,0.0,6.8165,1.0,0.0,0.0,0.0,0.0
1902,838.21,795.25,1026.35,994.85,199.6,86.3695,0.0636,0.0,-795.25,0.0,6.8165,0.0,-795.25,0.0,6.8165,1.0,0.0,0.0,0.0,0.0
1903,838.44,790.7,1009.3,985.45,194.75,89.0897,0.0502,0.0,-790.7,0.0,6.8165,0.0,-790.7,0.0,6.8165,1.0,0.0,0.0,0.0,0.0
1904,838.66,795.05,997.3,976.75,181.7,89.8393,0.0465,0.0,-795.05,0.0,6.8165,0.0,-795.05,0.0,6.8165,1.0,0.0,0.0,0.0,0.0
1905,838.89,781.25,999.0,970.65,189.4,86.9805,0.0606,0.0,-781.25,0.0,6.8165,0.0,-781.25,0.0,6.8165,1.0,0.0,0.0,0.0,0.0
1906,839.11,783.75,998.75,967.3,183.55,85.3721,0.0687,0.0,-783.75,0.0,6.8165,0.0,-783.75,0.0,6.8165,1.0,0.0,0.0,0.0,0.0
1907,839.34,792.95,985.65,963.8,170.85,88.6611,0.0523,0.0,-792.95,0.0,6.8165,0.0,-792.95,0.0,6.8165,1.0,0.0,0.0,0.0,0.0
1908,839.56,779.55,991.8,966.95,187.4,88.2921,0.0541,0.0,-779.55,0.0,6.8165,0.0,-779.55,0.0,6.8165,1.0,0.0,0.0,0.0,0.0
1909,839.79,789.95,975.5,956.3,166.35,89.6524,0.0474,0.0,-789.95,0.0,6.8165,0.0,-789.95,0.0,6.8165,1.0,0.0,0.0,0.0,0.0
1910,840.01,782.35,966.55,953.8,171.45,93.0782,0.0312,0.0,-782.35,0.0,6.8165,0.0,-782.35,0.0,6.8165,1.0,0.0,0.0,0.0,0.0
1911,840.24,796.25,947.6,941.0,144.75,95.6392,0.0194,0.0,-796.25,0.0,6.8165,0.0,-796.25,0.0,6.8165,1.0,0.0,0.0,0.0,0.0
1912,840.46,786.65,962.1,944.1,157.45,89.7407,0.047,0.0,-786.65,0.0,6.8165,0.0,-786.65,0.0,6.8165,1.0,0.0,0.0,0.0,0.0
1913,840.69,785.1,964.95,938.45,153.35,85.2655,0.0692,0.0,-785.1,0.0,6.8165,0.0,-785.1,0.0,6.8165,1.0,0.0,0.0,0.0,0.0
1914,840.91,798.15,962.65,935.3,137.15,83.3739,0.079,0.0,-798.15,0.0,6.8165,0.0,-798.15,0.0,6.8165,1.0,0.0,0.0,0.0,0.0
1915,841.13,794.2,953.7,924.2,130.0,81.5047,0.0888,0.0,-794.2,0.0,6.8165,0.0,-794.2,0.0,6.8165,1.0,0.0,0.0,0.0,0.0
1916,841.36,788.25,960.6,941.25,153.0,88.7728,0.0517,0.0,-788.25,0.0,6.8165,0.0,-788.25,0.0,6.8165,1.0,0.0,0.0,0.0,0.0
1917,841.58,780.0,962.95,947.15,167.15,91.3638,0.0392,0.0,-780.0,0.0,6.8165,0.0,-780.0,0.0,6.8165,1.0,0.0,0.0,0.0,0.0
1918,841.81,781.95,973.6,948.45,166.5,86.8771,0.0611,0.0,-781.95,0.0,6.8165,0.0,-781.95,0.0,6.8165,1.0,0.0,0.0,0.0,0.0
1919,842.03,786.85,991.35,972.6,185.75,90.8313,0.0418,0.0,-786.85,0.0,6.8165,0.0,-786.85,0.0,6.8165,1.0,0.0,0.0,0.0,0.0
1920,842.25,795.6,1000.65,969.35,173.75,84.7354,0.0719,0.0,-795.6,0.0,6.8165,0.0,-795.6,0.0,6.8165,1.0,0.0,0.0,0.0,0.0
1921,842.48,795.35,997.5,978.7,183.35,90.7,0.0424,0.0,-795.35,0.0,6.8165,0.0,-795.35,0.0,6.8165,1.0,0.0,0.0,0.0,0.0
1922,842.7,780.4,999.15,979.15,198.75,90.8571,0.0416,0.0,-780.4,0.0,6.8165,0.0,-780.4,0.0,6.8165,1.0,0.0,0.0,0.0,0.0
1923,842.92,792.85,998.1,970.85,178.0,86.7235,0.0619,0.0,-792.85,0.0,6.8165,0.0,-792.85,0.0,6.8165,1.0,0.0,0.0,0.0,0.0
1924,843.15,800.85,980.0,973.0,172.15,96.0927,0.0173,0.0,-800.85,0.0,6.8165,0.0,-800.85,0.0,6.8165,1.0,0.0,0.0,0.0,0.0
1925,843.37,793.65,970.1,978.0,184.35,104.4772,-0.019,0.0,-793.65,0.0,6.8165,0.0,-793.65,0.0,6.8165,1.0,0.0,0.0,0.0,0.0
1926,843.59,788.95,996.7,950.35,161.4,77.6895,0.1096,0.0,-788.95,0.0,6.8165,0.0,-788.95,0.0,6.8165,1.0,0.0,0.0,0.0,0.0
1927,843.82,796.0,962.85,955.5,159.5,95.5948,0.0196,0.0,-796.0,0.0,6.8165,0.0,-796.0,0.0,6.8165,1.0,0.0,0.0,0.0,0.0
1928,844.04,788.5,961.45,946.55,158.05,91.3848,0.0391,0.0,-788.5,0.0,6.8165,0.0,-788.5,0.0,6.8165,1.0,0.0,0.0,0.0,0.0
1929,844.26,786.5,964.2,919.8,133.3,75.0141,0.1249,0.0,-786.5,0.0,6.8165,0.0,-786.5,0.0,6.8165,1.0,0.0,0.0,0.0,0.0
1930,844.49,790.7,945.65,948.9,158.2,102.0975,-0.009,0.0,-790.7,0.0,6.8165,0.0,-790.7,0.0,6.8165,1.0,0.0,0.0,0.0,0.0
1931,844.71,789.1,962.95,921.6,132.5,76.2151,0.118,0.0,-789.1,0.0,6.8165,0.0,-789.1,0.0,6.8165,1.0,0.0,0.0,0.0,0.0
1932,844.93,789.15,959.4,921.8,132.65,77.9148,0.1084,0.0,-789.15,0.0,6.8165,0.0,-789.15,0.0,6.8165,1.0,0.0,0.0,0.0,0.0
1933,845.15,794.8,943.95,942.65,147.85,99.1284,0.0038,0.0,-794.8,0.0,6.8165,0.0,-794.8,0.0,6.8165,1.0,0.0,0.0,0.0,0.0
1934,845.38,792.0,936.45,920.85,128.85,89.2004,0.0496,0.0,-792.0,0.0,6.8165,0.0,-792.0,0.0,6.8165,1.0,0.0,0.0,0.0,0.0
1935,845.6,798.1,947.65,912.05,113.95,76.1953,0.1181,0.0,-798.1,0.0,6.8165,0.0,-798.1,0.0,6.8165,1.0,0.0,0.0,0.0,0.0
1936,845.82,789.9,938.55,927.4,137.5,92.4992,0.0339,0.0,-789.9,0.0,6.8165,0.0,-789.9,0.0,6.8165,1.0,0.0,0.0,0.0,0.0
1937,846.04,775.9,929.65,908.2,132.3,86.0488,0.0653,0.0,-775.9,0.0,6.8165,0.0,-775.9,0.0,6.8165,1.0,0.0,0.0,0.0,0.0
1938,846.26,784.6,942.65,916.5,131.9,83.4546,0.0785,0.0,-784.6,0.0,6.8165,0.0,-784.6,0.0,6.8165,1.0,0.0,0.0,0.0,0.0
1939,846.48,778.95,929.4,906.75,127.8,84.9452,0.0709,0.0,-778.95,0.0,6.8165,0.0,-778.95,0.0,6.8165,1.0,0.0,0.0,0.0,0.0
1940,846.71,787.75,930.35,908.65,120.9,84.7826,0.0717,0.0,-787.75,0.0,6.8165,0.0,-787.75,0.0,6.8165,1.0,0.0,0.0,0.0,0.0
1941,846.93,780.1,930.15,900.3,120.2,80.1066,0.0963,0.0,-780.1,0.0,6.8165,0.0,-780.1,0.0,6.8165,1.0,0.0,0.0,0.0,0.0
1942,847.15,790.4,923.2,903.05,112.65,84.8268,0.0715,0.0,-790.4,0.0,6.8165,0.0,-790.4,0.0,6.8165,1.0,0.0,0.0,0.0,0.0
1943,847.37,786.05,932.2,911.75,125.7,86.0075,0.0655,0.0,-786.05,0.0,6.8165,0.0,-786.05,0.0,6.8165,1.0,0.0,0.0,0.0,0.0
1944,847.59,775.75,923.2,904.6,128.85,87.3856,0.0586,0.0,-775.75,0.0,6.8165,0.0,-775.75,0.0,6.8165,1.0,0.0,0.0,0.0,0.0
1945,847.81,785.8,917.6,894.1,108.3,82.17,0.0853,0.0,-785.8,0.0,6.8165,0.0,-785.8,0.0,6.8165,1.0,0.0,0.0,0.0,0.0
1946,848.03,774.35,911.1,896.65,122.3,89.4333,0.0485,0.0,-774.35,0.0,6.8165,0.0,-774.35,0.0,6.8165,1.0,0.0,0.0,0.0,0.0
1947,848.26,780.3,929.6,896.75,116.45,77.9973,0.1079,0.0,-780.3,0.0,6.8165,0.0,-780.3,0.0,6.8165,1.0,0.0,0.0,0.0,0.0
1948,848.48,789.7,917.05,897.05,107.35,84.2952,0.0742,0.0,-789.7,0.0,6.8165,0.0,-789.7,0.0,6.8165,1.0,0.0,0.0,0.0,0.0
1949,848.7,806.4,909.75,890.35,83.95,81.2288,0.0903,0.0,-806.4,0.0,6.8165,0.0,-806.4,0.0,6.8165,1.0,0.0,0.0,0.0,0.0
1950,848.92,785.95,924.9,902.45,116.5,83.8431,0.0765,0.0,-785.95,0.0,6.8165,0.0,-785.95,0.0,6.8165,1.0,0.0,0.0,0.0,0.0
1951,849.14,792.85,923.45,908.05,115.2,88.2083,0.0545,0.0,-792.85,0.0,6.8165,0.0,-792.85,0.0,6.8165,1.0,0.0,0.0,0.0,0.0
1952,849.36,786.5,920.5,896.6,110.1,82.1642,0.0853,0.0,-786.5,0.0,6.8165,0.0,-786.5,0.0,6.8165,1.0,0.0,0.0,0.0,0.0
1953,849.58,777.85,924.7,885.4,107.55,73.238,0.1353,0.0,-777.85,0.0,6.8165,0.0,-777.85,0.0,6.8165,1.0,0.0,0.0,0.0,0.0
1954,849.8,783.6,930.9,898.95,115.35,78.3096,0.1062,0.0,-783.6,0.0,6.8165,0.0,-783.6,0.0,6.8165,1.0,0.0,0.0,0.0,0.0
1955,850.02,789.95,918.15,890.45,100.5,78.3931,0.1057,0.0,-789.95,0.0,6.8165,0.0,-789.95,0.0,6.8165,1.0,0.0,0.0,0.0,0.0
1956,850.24,797.5,920.4,909.5,112.0,91.131,0.0403,0.0,-797.5,0.0,6.8165,0.0,-797.5,0.0,6.8165,1.0,0.0,0.0,0.0,0.0
1957,850.46,795.85,929.4,900.5,104.65,78.3602,0.1059,0.0,-795.85,0.0,6.8165,0.0,-795.85,0.0,6.8165,1.0,0.0,0.0,0.0,0.0
1958,850.68,795.9,926.65,894.5,98.6,75.4111,0.1226,0.0,-795.9,0.0,6.8165,0.0,-795.9,0.0,6.8165,1.0,0.0,0.0,0.0,0.0
1959,850.9,782.1,911.35,898.05,115.95,89.7099,0.0472,0.0,-782.1,0.0,6.8165,0.0,-782.1,0.0,6.8165,1.0,0.0,0.0,0.0,0.0
1960,851.12,789.3,907.3,919.95,130.65,110.0,-0.0414,0.0,-789.3,0.0,6.8165,0.0,-789.3,0.0,6.8165,1.0,0.0,0.0,0.0,0.0
1961,851.34,766.65,919.35,910.65,144.0,94.3026,0.0255,0.0,-766.65,0.0,6.8165,0.0,-766.65,0.0,6.8165,1.0,0.0,0.0,0.0,0.0
1962,851.56,779.85,920.05,894.1,114.25,81.4907,0.0889,0.0,-779.85,0.0,6.8165,0.0,-779.85,0.0,6.8165,1.0,0.0,0.0,0.0,0.0
1963,851.78,791.5,926.9,899.25,107.75,79.579,0.0992,0.0,-791.5,0.0,6.8165,0.0,-791.5,0.0,6.8165,1.0,0.0,0.0,0.0,0.0
1964,852.0,782.25,918.75,899.25,117.0,85.7143,0.0669,0.0,-782.25,0.0,6.8165,0.0,-782.25,0.0,6.8165,1.0,0.0,0.0,0.0,0.0
1965,852.21,769.8,929.6,905.25,135.45,84.7622,0.0718,0.0,-769.8,0.0,6.8165,0.0,-769.8,0.0,6.8165,1.0,0.0,0.0,0.0,0.0
1966,852.43,782.4,923.9,908.3,125.9,88.9753,0.0507,0.0,-782.4,0.0,6.8165,0.0,-782.4,0.0,6.8165,1.0,0.0,0.0,0.0,0.0
1967,852.65,789.0,901.9,898.8,109.8,97.2542,0.0121,0.0,-789.0,0.0,6.8165,0.0,-789.0,0.0,6.8165,1.0,0.0,0.0,0.0,0.0
1968,852.87,787.75,922.0,899.5,111.75,83.2402,0.0797,0.0,-787.75,0.0,6.8165,0.0,-787.75,0.0,6.8165,1.0,0.0,0.0,0.0,0.0
1969,853.09,786.3,920.3,890.05,103.75,77.4254,0.1111,0.0,-786.3,0.0,6.8165,0.0,-786.3,0.0,6.8165,1.0,0.0,0.0,0.0,0.0
1970,853.31,792.55,921.0,897.75,105.2,81.8996,0.0867,0.0,-792.55,0.0,6.8165,0.0,-792.55,0.0,6.8165,1.0,0.0,0.0,0.0,0.0
1971,853.53,779.5,925.0,906.15,126.65,87.0447,0.0603,0.0,-779.5,0.0,6.8165,0.0,-779.5,0.0,6.8165,1.0,0.0,0.0,0.0,0.0
1972,853.74,780.45,923.2,899.9,119.45,83.6778,0.0774,0.0,-780.45,0.0,6.8165,0.0,-780.45,0.0,6.8165,1.0,0.0,0.0,0.0,0.0
1973,853.96,769.85,909.7,901.75,131.9,94.3153,0.0254,0.0,-769.85,0.0,6.8165,0.0,-769.85,0.0,6.8165,1.0,0.0,0.0,0.0,0.0
1974,854.18,794.4,913.65,902.65,108.25,90.7757,0.042,0.0,-794.4,0.0,6.8165,0.0,-794.4,0.0,6.8165,1.0,0.0,0.0,0.0,0.0
1975,854.4,795.4,921.95,891.6,96.2,76.0174,0.1191,0.0,-795.4,0.0,6.8165,0.0,-795.4,0.0,6.8165,1.0,0.0,0.0,0.0,0.0
1976,854.62,797.45,922.7,895.45,98.0,78.2435,0.1066,0.0,-797.45,0.0,6.8165,0.0,-797.45,0.0,6.8165,1.0,0.0,0.0,0.0,0.0
1977,854.83,785.1,931.75,903.85,118.75,80.9751,0.0916,0.0,-785.1,0.0,6.8165,0.0,-785.1,0.0,6.8165,1.0,0.0,0.0,0.0,0.0
1978,855.05,787.9,930.15,897.6,109.7,77.1178,0.1128,0.0,-787.9,0.0,6.8165,0.0,-787.9,0.0,6.8165,1.0,0.0,0.0,0.0,0.0
1979,855.27,790.8,915.7,894.5,103.7,83.0264,0.0808,0.0,-790.8,0.0,6.8165,0.0,-790.8,0.0,6.8165,1.0,0.0,0.0,0.0,0.0
1980,855.49,778.4,908.7,887.15,108.75,83.4612,0.0785,0.0,-778.4,0.0,6.8165,0.0,-778.4,0.0,6.8165,1.0,0.0,0.0,0.0,0.0
1981,855.71,790.3,929.3,899.85,109.55,78.8129,0.1034,0.0,-790.3,0.0,6.8165,0.0,-790.3,0.0,6.8165,1.0,0.0,0.0,0.0,0.0
1982,855.92,778.6,924.35,912.6,134.0,91.9383,0.0365,0.0,-778.6,0.0,6.8165,0.0,-778.6,0.0,6.8165,1.0,0.0,0.0,0.0,0.0
1983,856.14,796.7,918.8,911.3,114.6,93.8575,0.0275,0.0,-796.7,0.0,6.8165,0.0,-796.7,0.0,6.8165,1.0,0.0,0.0,0.0,0.0
1984,856.36,784.95,929.1,908.25,123.3,85.5359,0.0679,0.0,-784.95,0.0,6.8165,0.0,-784.95,0.0,6.8165,1.0,0.0,0.0,0.0,0.0
1985,856.57,791.7,929.4,902.6,110.9,80.5374,0.094,0.0,-791.7,0.0,6.8165,0.0,-791.7,0.0,6.8165,1.0,0.0,0.0,0.0,0.0
1986,856.79,789.9,915.7,902.5,112.6,89.5072,0.0481,0.0,-789.9,0.0,6.8165,0.0,-789.9,0.0,6.8165,1.0,0.0,0.0,0.0,0.0
1987,857.01,781.45,925.45,905.8,124.35,86.3542,0.0637,0.0,-781.45,0.0,6.8165,0.0,-781.45,0.0,6.8165,1.0,0.0,0.0,0.0,0.0
1988,857.22,795.8,934.9,898.05,102.25,73.5083,0.1337,0.0,-795.8,0.0,6.8165,0.0,-795.8,0.0,6.8165,1.0,0.0,0.0,0.0,0.0
1989,857.44,782.75,934.0,920.45,137.7,91.0413,0.0408,0.0,-782.75,0.0,6.8165,0.0,-782.75,0.0,6.8165,1.0,0.0,0.0,0.0,0.0
1990,857.66,787.0,921.2,895.1,108.1,80.5514,0.0939,0.0,-787.0,0.0,6.8165,0.0,-787.0,0.0,6.8165,1.0,0.0,0.0,0.0,0.0
1991,857.87,772.35,926.05,908.25,135.9,88.419,0.0535,0.0,-772.35,0.0,6.8165,0.0,-772.35,0.0,6.8165,1.0,0.0,0.0,0.0,0.0
1992,858.09,794.8,908.7,916.7,121.9,107.0237,-0.0295,0.0,-794.8,0.0,6.8165,0.0,-794.8,0.0,6.8165,1.0,0.0,0.0,0.0,0.0
1993,858.31,796.25,918.65,914.2,117.95,96.3644,0.0161,0.0,-796.25,0.0,6.8165,0.0,-796.25,0.0,6.8165,1.0,0.0,0.0,0.0,0.0
1994,858.52,787.8,931.85,895.65,107.85,74.8698,0.1257,0.0,-787.8,0.0,6.8165,0.0,-787.8,0.0,6.8165,1.0,0.0,0.0,0.0,0.0
1995,858.74,775.8,916.25,887.7,111.9,79.6725,0.0987,0.0,-775.8,0.0,6.8165,0.0,-775.8,0.0,6.8165,1.0,0.0,0.0,0.0,0.0
1996,858.95,782.8,911.2,918.65,135.85,105.8022,-0.0245,0.0,-782.8,0.0,6.8165,0.0,-782.8,0.0,6.8165,1.0,0.0,0.0,0.0,0.0
1997,859.17,773.3,907.25,906.55,133.25,99.4774,0.0023,0.0,-773.3,0.0,6.8165,0.0,-773.3,0.0,6.8165,1.0,0.0,0.0,0.0,0.0
1998,859.39,773.25,895.7,896.85,123.6,100.9392,-0.0041,0.0,-773.25,0.0,6.8165,0.0,-773.25,0.0,6.8165,1.0,0.0,0.0,0.0,0.0
1999,859.6,780.75,917.0,892.55,111.8,82.055,0.0859,0.0,-780.75,0.0,6.8165,0.0,-780.75,0.0,6.8165,1.0,0.0,0.0,0.0,0.0
2000,859.82,793.3,909.55,896.4,103.1,88.6882,0.0521,0.0,-793.3,0.0,6.8165,0.0,-793.3,0.0,6.8165,1.0,0.0,0.0,0.0,0.0
2001,860.03,783.6,916.05,890.0,106.4,80.3322,0.0951,0.0,-783.6,0.0,6.8165,0.0,-783.6,0.0,6.8165,1.0,0.0,0.0,0.0,0.0
2002,860.25,799.45,907.1,892.65,93.2,86.5769,0.0626,0.0,-799.45,0.0,6.8165,0.0,-799.45,0.0,6.8165,1.0,0.0,0.0,0.0,0.0
2003,860.46,785.9,896.1,891.7,105.8,96.0073,0.0177,0.0,-785.9,0.0,6.8165,0.0,-785.9,0.0,6.8165,1.0,0.0,0.0,0.0,0.0
2004,860.68,786.15,908.8,891.45,105.3,85.8541,0.0662,0.0,-786.15,0.0,6.8165,0.0,-786.15,0.0,6.8165,1.0,0.0,0.0,0.0,0.0
2005,860.89,779.4,903.3,881.15,101.75,82.1227,0.0855,0.0,-779.4,0.0,6.8165,0.0,-779.4,0.0,6.8165,1.0,0.0,0.0,0.0,0.0
2006,861.11,786.0,896.6,903.05,117.05,105.8318,-0.0246,0.0,-786.0,0.0,6.8165,0.0,-786.0,0.0,6.8165,1.0,0.0,0.0,0.0,0.0
2007,861.32,790.7,893.95,889.65,98.95,95.8354,0.0185,0.0,-790.7,0.0,6.8165,0.0,-790.7,0.0,6.8165,1.0,0.0,0.0,0.0,0.0
2008,861.54,788.4,899.1,890.5,102.1,92.2313,0.0351,0.0,-788.4,0.0,6.8165,0.0,-788.4,0.0,6.8165,1.0,0.0,0.0,0.0,0.0
2009,861.75,779.3,899.65,894.85,115.55,96.0116,0.0177,0.0,-779.3,0.0,6.8165,0.0,-779.3,0.0,6.8165,1.0,0.0,0.0,0.0,0.0
2010,861.96,795.95,881.15,874.0,78.05,91.608,0.0381,0.0,-795.95,0.0,6.8165,0.0,-795.95,0.0,6.8165,1.0,0.0,0.0,0.0,0.0
2011,862.18,800.85,894.2,879.1,78.25,83.8243,0.0766,0.0,-800.85,0.0,6.8165,0.0,-800.85,0.0,6.8165,1.0,0.0,0.0,0.0,0.0
2012,862.39,788.85,887.4,876.85,88.0,89.2948,0.0492,0.0,-788.85,0.0,6.8165,0.0,-788.85,0.0,6.8165,1.0,0.0,0.0,0.0,0.0
2013,862.61,775.25,868.55,864.6,89.35,95.7663,0.0188,0.0,-775.25,0.0,6.8165,0.0,-775.25,0.0,6.8165,1.0,0.0,0.0,0.0,0.0
2014,862.82,773.15,877.6,868.35,95.2,91.1441,0.0403,0.0,-773.15,0.0,6.8165,0.0,-773.15,0.0,6.8165,1.0,0.0,0.0,0.0,0.0
2015,863.03,775.6,883.05,884.25,108.65,101.1168,-0.0048,0.0,-775.6,0.0,6.8165,0.0,-775.6,0.0,6.8165,1.0,0.0,0.0,0.0,0.0
2016,863.25,783.7,876.05,873.65,89.95,97.4012,0.0114,0.0,-783.7,0.0,6.8165,0.0,-783.7,0.0,6.8165,1.0,0.0,0.0,0.0,0.0
2017,863.46,789.85,874.85,860.35,70.5,82.9412,0.0812,0.0,-789.85,0.0,6.8165,0.0,-789.85,0.0,6.8165,1.0,0.0,0.0,0.0,0.0
2018,863.68,773.8,876.4,860.2,86.4,84.2105,0.0746,0.0,-773.8,0.0,6.8165,0.0,-773.8,0.0,6.8165,1.0,0.0,0.0,0.0,0.0
2019,863.89,769.4,871.4,872.65,103.25,101.2255,-0.0053,0.0,-769.4,0.0,6.8165,0.0,-769.4,0.0,6.8165,1.0,0.0,0.0,0.0,0.0
2020,864.1,775.15,872.7,875.15,100.0,102.5115,-0.0108,0.0,-775.15,0.0,6.8165,0.0,-775.15,0.0,6.8165,1.0,0.0,0.0,0.0,0.0
2021,864.32,780.3,870.65,843.1,62.8,69.5075,0.158,0.0,-780.3,0.0,6.8165,0.0,-780.3,0.0,6.8165,1.0,0.0,0.0,0.0,0.0
2022,864.53,792.95,868.7,856.25,63.3,83.5644,0.078,0.0,-792.95,0.0,6.8165,0.0,-792.95,0.0,6.8165,1.0,0.0,0.0,0.0,0.0
2023,864.74,782.15,868.75,854.2,72.05,83.1986,0.0799,0.0,-782.15,0.0,6.8165,0.0,-782.15,0.0,6.8165,1.0,0.0,0.0,0.0,0.0
2024,864.95,775.65,872.55,857.05,81.4,84.0041,0.0757,0.0,-775.65,0.0,6.8165,0.0,-775.65,0.0,6.8165,1.0,0.0,0.0,0.0,0.0
2025,865.17,793.55,859.9,861.65,68.1,102.6375,-0.0113,0.0,-793.55,0.0,6.8165,0.0,-793.55,0.0,6.8165,1.0,0.0,0.0,0.0,0.0
2026,865.38,795.05,852.55,858.2,63.15,109.8261,-0.0407,0.0,-795.05,0.0,6.8165,0.0,-795.05,0.0,6.8165,1.0,0.0,0.0,0.0,0.0
2027,865.59,799.95,871.55,847.8,47.85,66.8296,0.175,0.0,-799.95,0.0,6.8165,0.0,-799.95,0.0,6.8165,1.0,0.0,0.0,0.0,0.0
2028,865.81,790.2,859.5,847.1,56.9,82.1068,0.0856,0.0,-790.2,0.0,6.8165,0.0,-790.2,0.0,6.8165,1.0,0.0,0.0,0.0,0.0
2029,866.02,789.25,867.1,850.25,61.0,78.3558,0.1059,0.0,-789.25,0.0,6.8165,0.0,-789.25,0.0,6.8165,1.0,0.0,0.0,0.0,0.0
2030,866.23,798.75,860.75,853.65,54.9,88.5484,0.0528,0.0,-798.75,0.0,6.8165,0.0,-798.75,0.0,6.8165,1.0,0.0,0.0,0.0,0.0
2031,866.44,786.25,848.9,838.4,52.15,83.2402,0.0797,0.0,-786.25,0.0,6.8165,0.0,-786.25,0.0,6.8165,1.0,0.0,0.0,0.0,0.0
2032,866.65,788.25,845.15,833.75,45.5,79.9649,0.0971,0.0,-788.25,0.0,6.8165,0.0,-788.25,0.0,6.8165,1.0,0.0,0.0,0.0,0.0
2033,866.87,795.8,843.55,846.05,50.25,105.2356,-0.0222,0.0,-795.8,0.0,6.8165,0.0,-795.8,0.0,6.8165,1.0,0.0,0.0,0.0,0.0
2034,867.08,790.1,839.6,831.95,41.85,84.5455,0.0729,0.0,-790.1,0.0,6.8165,0.0,-790.1,0.0,6.8165,1.0,0.0,0.0,0.0,0.0
2035,867.29,798.0,858.95,837.65,39.65,65.0533,0.1867,0.0,-798.0,0.0,6.8165,0.0,-798.0,0.0,6.8165,1.0,0.0,0.0,0.0,0.0
2036,867.5,796.3,848.2,834.95,38.65,74.4701,0.128,0.0,-796.3,0.0,6.8165,0.0,-796.3,0.0,6.8165,1.0,0.0,0.0,0.0,0.0
2037,867.71,790.6,844.85,837.5,46.9,86.4516,0.0632,0.0,-790.6,0.0,6.8165,0.0,-790.6,0.0,6.8165,1.0,0.0,0.0,0.0,0.0
2038,867.92,790.45,846.6,839.05,48.6,86.5539,0.0627,0.0,-790.45,0.0,6.8165,0.0,-790.45,0.0,6.8165,1.0,0.0,0.0,0.0,0.0
2039,868.14,802.45,837.2,821.0,18.55,53.3813,0.2726,0.0,-802.45,0.0,6.8165,0.0,-802.45,0.0,6.8165,1.0,0.0,0.0,0.0,0.0
2040,868.35,802.65,859.3,836.3,33.65,59.3998,0.2262,0.0,-802.65,0.0,6.8165,0.0,-802.65,0.0,6.8165,1.0,0.0,0.0,0.0,0.0
2041,868.56,802.25,856.7,817.15,14.9,27.3646,0.5628,0.0,-802.25,0.0,6.8165,0.0,-802.25,0.0,6.8165,1.0,0.0,0.0,0.0,0.0
2042,868.77,790.7,845.7,834.1,43.4,78.9091,0.1029,0.0,-790.7,0.0,6.8165,0.0,-790.7,0.0,6.8165,1.0,0.0,0.0,0.0,0.0
2043,868.98,790.5,847.9,821.9,31.4,54.7038,0.262,0.0,-790.5,0.0,6.8165,0.0,-790.5,0.0,6.8165,1.0,0.0,0.0,0.0,0.0
2044,869.19,797.75,839.25,815.65,17.9,43.1325,0.3652,0.0,-797.75,0.0,6.8165,0.0,-797.75,0.0,6.8165,1.0,0.0,0.0,0.0,0.0
2045,869.4,775.65,838.3,825.8,50.15,80.0479,0.0967,0.0,-775.65,0.0,6.8165,0.0,-775.65,0.0,6.8165,1.0,0.0,0.0,0.0,0.0
2046,869.61,785.15,843.4,817.8,32.65,56.0515,0.2514,0.0,-785.15,0.0,6.8165,0.0,-785.15,0.0,6.8165,1.0,0.0,0.0,0.0,0.0
2047,869.82,784.3,840.75,821.6,37.3,66.0762,0.18,0.0,-784.3,0.0,6.8165,0.0,-784.3,0.0,6.8165,1.0,0.0,0.0,0.0,0.0
