Pixel,Wavelength,Dark,Reference,Raw data #1,Dark Subtracted #1,%TR #1,Absorbance #1,Raw data #2,Dark Subtracted #2,%TR #2,Absorbance #2,Raw data #3,Dark Subtracted #3,%TR #3,Absorbance #3,Errands Ref,Errands Fit,Irradiance_1,Irradiance_2,Irradiance_3
0,231.94,773.95,775.95,777.5,3.55,110.0,-0.0414,0.0,-773.95,0.0,6.8165,0.0,-773.95,0.0,6.8165,1.0,0.0,0.0,0.0,0.0
1,232.35,773.95,775.95,777.5,3.55,110.0,-0.0414,0.0,-773.95,0.0,6.8165,0.0,-773.95,0.0,6.8165,1.0,0.0,0.0,0.0,0.0
2,232.76,768.1,763.25,787.95,19.85,0.0,6.8165,0.0,-768.1,0.0,6.8165,0.0,-768.1,0.0,6.8165,1.0,0.0,0.0,0.0,0.0
3,233.16,737.1,725.9,728.1,-9.0,80.3571,0.095,0.0,-737.1,0.0,6.8165,0.0,-737.1,0.0,6.8165,1.0,0.0,0.0,0.0,0.0
4,233.57,761.25,770.5,772.5,11.25,110.0,-0.0414,0.0,-761.25,0.0,6.8165,0.0,-761.25,0.0,6.8165,1.0,0.0,0.0,0.0,0.0
5,233.98,768.4,794.25,787.85,19.45,75.2418,0.1235,0.0,-768.4,0.0,6.8165,0.0,-768.4,0.0,6.8165,1.0,0.0,0.0,0.0,0.0
6,234.38,764.7,775.25,777.9,13.2,110.0,-0.0414,0.0,-764.7,0.0,6.8165,0.0,-764.7,0.0,6.8165,1.0,0.0,0.0,0.0,0.0
7,234.79,777.9,768.85,782.4,4.5,0.0,6.8165,0.0,-777.9,0.0,6.8165,0.0,-777.9,0.0,6.8165,1.0,0.0,0.0,0.0,0.0
8,235.2,775.55,792.05,780.65,5.1,30.9091,0.5099,0.0,-775.55,0.0,6.8165,0.0,-775.55,0.0,6.8165,1.0,0.0,0.0,0.0,0.0
9,235.6,779.95,784.0,782.1,2.15,53.0864,0.275,0.0,-779.95,0.0,6.8165,0.0,-779.95,0.0,6.8165,1.0,0.0,0.0,0.0,0.0
10,236.01,771.45,763.6,779.5,8.05,0.0,6.8165,0.0,-771.45,0.0,6.8165,0.0,-771.45,0.0,6.8165,1.0,0.0,0.0,0.0,0.0
11,236.41,779.85,776.5,776.15,-3.7,110.0,-0.0414,0.0,-779.85,0.0,6.8165,0.0,-779.85,0.0,6.8165,1.0,0.0,0.0,0.0,0.0
12,236.82,791.35,790.25,783.35,-8.0,110.0,-0.0414,0.0,-791.35,0.0,6.8165,0.0,-791.35,0.0,6.8165,1.0,0.0,0.0,0.0,0.0
13,237.23,772.65,787.25,767.7,-4.95,0.0,6.8165,0.0,-772.65,0.0,6.8165,0.0,-772.65,0.0,6.8165,1.0,0.0,0.0,0.0,0.0
14,237.63,774.75,762.35,778.5,3.75,0.0,6.8165,0.0,-774.75,0.0,6.8165,0.0,-774.75,0.0,6.8165,1.0,0.0,0.0,0.0,0.0
15,238.04,759.35,771.9,772.25,12.9,102.7888,-0.0119,0.0,-759.35,0.0,6.8165,0.0,-759.35,0.0,6.8165,1.0,0.0,0.0,0.0,0.0
16,238.44,784.6,776.8,768.25,-16.35,110.0,-0.0414,0.0,-784.6,0.0,6.8165,0.0,-784.6,0.0,6.8165,1.0,0.0,0.0,0.0,0.0
17,238.85,763.9,774.35,770.8,6.9,66.0287,0.1803,0.0,-763.9,0.0,6.8165,0.0,-763.9,0.0,6.8165,1.0,0.0,0.0,0.0,0.0
18,239.25,768.1,775.3,780.15,12.05,110.0,-0.0414,0.0,-768.1,0.0,6.8165,0.0,-768.1,0.0,6.8165,1.0,0.0,0.0,0.0,0.0
19,239.66,762.85,760.55,779.25,16.4,0.0,6.8165,0.0,-762.85,0.0,6.8165,0.0,-762.85,0.0,6.8165,1.0,0.0,0.0,0.0,0.0
20,240.07,783.6,773.35,776.9,-6.7,65.3659,0.1846,0.0,-783.6,0.0,6.8165,0.0,-783.6,0.0,6.8165,1.0,0.0,0.0,0.0,0.0
21,240.47,782.9,779.25,765.8,-17.1,110.0,-0.0414,0.0,-782.9,0.0,6.8165,0.0,-782.9,0.0,6.8165,1.0,0.0,0.0,0.0,0.0
22,240.88,772.15,769.75,780.15,8.0,0.0,6.8165,0.0,-772.15,0.0,6.8165,0.0,-772.15,0.0,6.8165,1.0,0.0,0.0,0.0,0.0
23,241.28,773.55,779.05,768.3,-5.25,0.0,6.8165,0.0,-773.55,0.0,6.8165,0.0,-773.55,0.0,6.8165,1.0,0.0,0.0,0.0,0.0
24,241.69,766.8,765.65,778.25,11.45,0.0,6.8165,0.0,-766.8,0.0,6.8165,0.0,-766.8,0.0,6.8165,1.0,0.0,0.0,0.0,0.0
25,242.09,778.1,762.65,776.45,-1.65,10.6796,0.9714,0.0,-778.1,0.0,6.8165,0.0,-778.1,0.0,6.8165,1.0,0.0,0.0,0.0,0.0
26,242.5,776.95,778.25,776.8,-0.15,0.0,6.8165,0.0,-776.95,0.0,6.8165,0.0,-776.95,0.0,6.8165,1.0,0.0,0.0,0.0,0.0
27,242.9,774.2,777.55,779.6,5.4,110.0,-0.0414,0.0,-774.2,0.0,6.8165,0.0,-774.2,0.0,6.8165,1.0,0.0,0.0,0.0,0.0
28,243.3,765.95,767.05,773.5,7.55,110.0,-0.0414,0.0,-765.95,0.0,6.8165,0.0,-765.95,0.0,6.8165,1.0,0.0,0.0,0.0,0.0
29,243.71,774.0,769.0,757.95,-16.05,110.0,-0.0414,0.0,-774.0,0.0,6.8165,0.0,-774.0,0.0,6.8165,1.0,0.0,0.0,0.0,0.0
30,244.11,762.1,776.35,776.1,14.0,98.2456,0.0077,0.0,-762.1,0.0,6.8165,0.0,-762.1,0.0,6.8165,1.0,0.0,0.0,0.0,0.0
31,244.52,772.15,787.55,770.05,-2.1,0.0,6.8165,0.0,-772.15,0.0,6.8165,0.0,-772.15,0.0,6.8165,1.0,0.0,0.0,0.0,0.0
32,244.92,760.25,789.6,760.1,-0.15,0.0,6.8165,0.0,-760.25,0.0,6.8165,0.0,-760.25,0.0,6.8165,1.0,0.0,0.0,0.0,0.0
33,245.33,767.95,791.7,758.8,-9.15,0.0,6.8165,0.0,-767.95,0.0,6.8165,0.0,-767.95,0.0,6.8165,1.0,0.0,0.0,0.0,0.0
34,245.73,765.3,792.35,776.05,10.75,39.7412,0.4008,0.0,-765.3,0.0,6.8165,0.0,-765.3,0.0,6.8165,1.0,0.0,0.0,0.0,0.0
35,246.13,771.8,809.95,778.2,6.4,16.7759,0.7753,0.0,-771.8,0.0,6.8165,0.0,-771.8,0.0,6.8165,1.0,0.0,0.0,0.0,0.0
36,246.54,766.0,876.5,784.35,18.35,16.6063,0.7797,0.0,-766.0,0.0,6.8165,0.0,-766.0,0.0,6.8165,1.0,0.0,0.0,0.0,0.0
37,246.94,763.05,897.5,789.4,26.35,19.5984,0.7078,0.0,-763.05,0.0,6.8165,0.0,-763.05,0.0,6.8165,1.0,0.0,0.0,0.0,0.0
38,247.35,765.7,883.3,802.5,36.8,31.2925,0.5046,0.0,-765.7,0.0,6.8165,0.0,-765.7,0.0,6.8165,1.0,0.0,0.0,0.0,0.0
39,247.75,775.3,897.45,783.0,7.7,6.3037,1.2004,0.0,-775.3,0.0,6.8165,0.0,-775.3,0.0,6.8165,1.0,0.0,0.0,0.0,0.0
40,248.15,763.25,893.35,797.35,34.1,26.2106,0.5815,0.0,-763.25,0.0,6.8165,0.0,-763.25,0.0,6.8165,1.0,0.0,0.0,0.0,0.0
41,248.56,767.1,895.55,788.75,21.65,16.8548,0.7733,0.0,-767.1,0.0,6.8165,0.0,-767.1,0.0,6.8165,1.0,0.0,0.0,0.0,0.0
42,248.96,743.35,892.2,805.3,61.95,41.6191,0.3807,0.0,-743.35,0.0,6.8165,0.0,-743.35,0.0,6.8165,1.0,0.0,0.0,0.0,0.0
43,249.36,774.85,882.3,784.25,9.4,8.7483,1.0581,0.0,-774.85,0.0,6.8165,0.0,-774.85,0.0,6.8165,1.0,0.0,0.0,0.0,0.0
44,249.77,768.3,879.9,790.55,22.25,19.9373,0.7003,0.0,-768.3,0.0,6.8165,0.0,-768.3,0.0,6.8165,1.0,0.0,0.0,0.0,0.0
45,250.17,757.3,879.9,785.45,28.15,22.9608,0.639,0.0,-757.3,0.0,6.8165,0.0,-757.3,0.0,6.8165,1.0,0.0,0.0,0.0,0.0
46,250.57,749.55,884.3,783.0,33.45,24.8237,0.6051,0.0,-749.55,0.0,6.8165,0.0,-749.55,0.0,6.8165,1.0,0.0,0.0,0.0,0.0
47,250.97,766.05,879.7,793.15,27.1,23.8451,0.6226,0.0,-766.05,0.0,6.8165,0.0,-766.05,0.0,6.8165,1.0,0.0,0.0,0.0,0.0
48,251.38,752.7,880.7,788.75,36.05,28.1641,0.5503,0.0,-752.7,0.0,6.8165,0.0,-752.7,0.0,6.8165,1.0,0.0,0.0,0.0,0.0
49,251.78,762.3,890.15,788.8,26.5,20.7274,0.6835,0.0,-762.3,0.0,6.8165,0.0,-762.3,0.0,6.8165,1.0,0.0,0.0,0.0,0.0
50,252.18,758.55,879.1,787.9,29.35,24.3467,0.6136,0.0,-758.55,0.0,6.8165,0.0,-758.55,0.0,6.8165,1.0,0.0,0.0,0.0,0.0
51,252.59,763.7,887.65,786.4,22.7,18.3138,0.7372,0.0,-763.7,0.0,6.8165,0.0,-763.7,0.0,6.8165,1.0,0.0,0.0,0.0,0.0
52,252.99,776.6,895.05,798.65,22.05,18.6154,0.7301,0.0,-776.6,0.0,6.8165,0.0,-776.6,0.0,6.8165,1.0,0.0,0.0,0.0,0.0
53,253.39,765.8,883.5,797.95,32.15,27.3152,0.5636,0.0,-765.8,0.0,6.8165,0.0,-765.8,0.0,6.8165,1.0,0.0,0.0,0.0,0.0
54,253.79,762.55,879.15,792.65,30.1,25.8148,0.5881,0.0,-762.55,0.0,6.8165,0.0,-762.55,0.0,6.8165,1.0,0.0,0.0,0.0,0.0
55,254.2,777.35,878.05,785.2,7.85,7.7954,1.1082,0.0,-777.35,0.0,6.8165,0.0,-777.35,0.0,6.8165,1.0,0.0,0.0,0.0,0.0
56,254.6,773.25,880.7,793.95,20.7,19.2648,0.7152,0.0,-773.25,0.0,6.8165,0.0,-773.25,0.0,6.8165,1.0,0.0,0.0,0.0,0.0
57,255.0,776.25,870.05,798.8,22.55,24.0405,0.6191,0.0,-776.25,0.0,6.8165,0.0,-776.25,0.0,6.8165,1.0,0.0,0.0,0.0,0.0
58,255.4,762.9,882.25,802.7,39.8,33.3473,0.4769,0.0,-762.9,0.0,6.8165,0.0,-762.9,0.0,6.8165,1.0,0.0,0.0,0.0,0.0
59,255.8,769.65,890.5,819.6,49.95,41.3322,0.3837,0.0,-769.65,0.0,6.8165,0.0,-769.65,0.0,6.8165,1.0,0.0,0.0,0.0,0.0
60,256.2,769.4,886.4,805.95,36.55,31.2393,0.5053,0.0,-769.4,0.0,6.8165,0.0,-769.4,0.0,6.8165,1.0,0.0,0.0,0.0,0.0
61,256.61,759.7,880.85,785.75,26.05,21.5023,0.6675,0.0,-759.7,0.0,6.8165,0.0,-759.7,0.0,6.8165,1.0,0.0,0.0,0.0,0.0
62,257.01,770.1,903.25,804.25,34.15,25.6478,0.591,0.0,-770.1,0.0,6.8165,0.0,-770.1,0.0,6.8165,1.0,0.0,0.0,0.0,0.0
63,257.41,767.2,901.85,802.45,35.25,26.179,0.582,0.0,-767.2,0.0,6.8165,0.0,-767.2,0.0,6.8165,1.0,0.0,0.0,0.0,0.0
64,257.81,761.95,889.05,794.3,32.35,25.4524,0.5943,0.0,-761.95,0.0,6.8165,0.0,-761.95,0.0,6.8165,1.0,0.0,0.0,0.0,0.0
65,258.21,760.75,881.5,799.85,39.1,32.381,0.4897,0.0,-760.75,0.0,6.8165,0.0,-760.75,0.0,6.8165,1.0,0.0,0.0,0.0,0.0
66,258.61,748.05,879.45,790.1,42.05,32.0015,0.4948,0.0,-748.05,0.0,6.8165,0.0,-748.05,0.0,6.8165,1.0,0.0,0.0,0.0,0.0
67,259.01,756.85,895.5,797.75,40.9,29.4987,0.5302,0.0,-756.85,0.0,6.8165,0.0,-756.85,0.0,6.8165,1.0,0.0,0.0,0.0,0.0
68,259.42,775.6,897.55,790.5,14.9,12.2181,0.913,0.0,-775.6,0.0,6.8165,0.0,-775.6,0.0,6.8165,1.0,0.0,0.0,0.0,0.0
69,259.82,772.05,877.6,782.1,10.05,9.5216,1.0213,0.0,-772.05,0.0,6.8165,0.0,-772.05,0.0,6.8165,1.0,0.0,0.0,0.0,0.0
70,260.22,769.95,884.55,797.65,27.7,24.171,0.6167,0.0,-769.95,0.0,6.8165,0.0,-769.95,0.0,6.8165,1.0,0.0,0.0,0.0,0.0
71,260.62,771.7,877.5,795.6,23.9,22.5898,0.6461,0.0,-771.7,0.0,6.8165,0.0,-771.7,0.0,6.8165,1.0,0.0,0.0,0.0,0.0
72,261.02,764.35,891.3,802.5,38.15,30.0512,0.5221,0.0,-764.35,0.0,6.8165,0.0,-764.35,0.0,6.8165,1.0,0.0,0.0,0.0,0.0
73,261.42,752.85,894.9,793.95,41.1,28.9335,0.5386,0.0,-752.85,0.0,6.8165,0.0,-752.85,0.0,6.8165,1.0,0.0,0.0,0.0,0.0
74,261.82,770.55,886.5,791.65,21.1,18.1975,0.74,0.0,-770.55,0.0,6.8165,0.0,-770.55,0.0,6.8165,1.0,0.0,0.0,0.0,0.0
75,262.22,781.65,870.9,789.75,8.1,9.0756,1.0421,0.0,-781.65,0.0,6.8165,0.0,-781.65,0.0,6.8165,1.0,0.0,0.0,0.0,0.0
76,262.62,778.55,886.9,798.35,19.8,18.2741,0.7382,0.0,-778.55,0.0,6.8165,0.0,-778.55,0.0,6.8165,1.0,0.0,0.0,0.0,0.0
77,263.02,758.5,891.8,807.25,48.75,36.5716,0.4369,0.0,-758.5,0.0,6.8165,0.0,-758.5,0.0,6.8165,1.0,0.0,0.0,0.0,0.0
78,263.42,761.2,889.2,795.25,34.05,26.6016,0.5751,0.0,-761.2,0.0,6.8165,0.0,-761.2,0.0,6.8165,1.0,0.0,0.0,0.0,0.0
79,263.82,776.8,896.6,803.15,26.35,21.995,0.6577,0.0,-776.8,0.0,6.8165,0.0,-776.8,0.0,6.8165,1.0,0.0,0.0,0.0,0.0
80,264.22,773.75,898.9,788.55,14.8,11.8258,0.9272,0.0,-773.75,0.0,6.8165,0.0,-773.75,0.0,6.8165,1.0,0.0,0.0,0.0,0.0
81,264.62,757.1,904.45,790.15,33.05,22.4296,0.6492,0.0,-757.1,0.0,6.8165,0.0,-757.1,0.0,6.8165,1.0,0.0,0.0,0.0,0.0
82,265.02,762.4,895.65,799.55,37.15,27.8799,0.5547,0.0,-762.4,0.0,6.8165,0.0,-762.4,0.0,6.8165,1.0,0.0,0.0,0.0,0.0
83,265.42,767.85,888.5,799.55,31.7,26.2743,0.5805,0.0,-767.85,0.0,6.8165,0.0,-767.85,0.0,6.8165,1.0,0.0,0.0,0.0,0.0
84,265.82,773.8,893.55,799.7,25.9,21.6284,0.665,0.0,-773.8,0.0,6.8165,0.0,-773.8,0.0,6.8165,1.0,0.0,0.0,0.0,0.0
85,266.22,766.15,892.3,779.85,13.7,10.8601,0.9642,0.0,-766.15,0.0,6.8165,0.0,-766.15,0.0,6.8165,1.0,0.0,0.0,0.0,0.0
86,266.62,774.95,894.85,800.1,25.15,20.9758,0.6783,0.0,-774.95,0.0,6.8165,0.0,-774.95,0.0,6.8165,1.0,0.0,0.0,0.0,0.0
87,267.02,773.9,896.4,802.5,28.6,23.3469,0.6318,0.0,-773.9,0.0,6.8165,0.0,-773.9,0.0,6.8165,1.0,0.0,0.0,0.0,0.0
88,267.42,757.1,903.75,792.35,35.25,24.0368,0.6191,0.0,-757.1,0.0,6.8165,0.0,-757.1,0.0,6.8165,1.0,0.0,0.0,0.0,0.0
89,267.82,776.7,887.25,805.0,28.3,25.5993,0.5918,0.0,-776.7,0.0,6.8165,0.0,-776.7,0.0,6.8165,1.0,0.0,0.0,0.0,0.0
90,268.22,773.2,907.5,800.4,27.2,20.2532,0.6935,0.0,-773.2,0.0,6.8165,0.0,-773.2,0.0,6.8165,1.0,0.0,0.0,0.0,0.0
91,268.62,767.85,901.6,792.1,24.25,18.1308,0.7416,0.0,-767.85,0.0,6.8165,0.0,-767.85,0.0,6.8165,1.0,0.0,0.0,0.0,0.0
92,269.01,780.9,903.3,790.05,9.15,7.4755,1.1264,0.0,-780.9,0.0,6.8165,0.0,-780.9,0.0,6.8165,1.0,0.0,0.0,0.0,0.0
93,269.41,761.8,900.55,788.25,26.45,19.0631,0.7198,0.0,-761.8,0.0,6.8165,0.0,-761.8,0.0,6.8165,1.0,0.0,0.0,0.0,0.0
94,269.81,780.5,895.85,791.85,11.35,9.8396,1.007,0.0,-780.5,0.0,6.8165,0.0,-780.5,0.0,6.8165,1.0,0.0,0.0,0.0,0.0
95,270.21,772.0,904.15,801.35,29.35,22.2096,0.6535,0.0,-772.0,0.0,6.8165,0.0,-772.0,0.0,6.8165,1.0,0.0,0.0,0.0,0.0
96,270.61,774.6,903.2,790.35,15.75,12.2473,0.912,0.0,-774.6,0.0,6.8165,0.0,-774.6,0.0,6.8165,1.0,0.0,0.0,0.0,0.0
97,271.01,760.65,904.8,801.6,40.95,28.4079,0.5466,0.0,-760.65,0.0,6.8165,0.0,-760.65,0.0,6.8165,1.0,0.0,0.0,0.0,0.0
98,271.41,739.4,904.3,788.25,48.85,29.624,0.5284,0.0,-739.4,0.0,6.8165,0.0,-739.4,0.0,6.8165,1.0,0.0,0.0,0.0,0.0
99,271.81,751.0,889.85,811.2,60.2,43.3561,0.3629,0.0,-751.0,0.0,6.8165,0.0,-751.0,0.0,6.8165,1.0,0.0,0.0,0.0,0.0
100,272.2,761.85,887.55,797.0,35.15,27.9634,0.5534,0.0,-761.85,0.0,6.8165,0.0,-761.85,0.0,6.8165,1.0,0.0,0.0,0.0,0.0
101,272.6,751.5,904.35,800.5,49.0,32.0576,0.4941,0.0,-751.5,0.0,6.8165,0.0,-751.5,0.0,6.8165,1.0,0.0,0.0,0.0,0.0
102,273.0,762.4,900.4,795.45,33.05,23.9493,0.6207,0.0,-762.4,0.0,6.8165,0.0,-762.4,0.0,6.8165,1.0,0.0,0.0,0.0,0.0
103,273.4,774.15,893.6,799.55,25.4,21.2641,0.6724,0.0,-774.15,0.0,6.8165,0.0,-774.15,0.0,6.8165,1.0,0.0,0.0,0.0,0.0
104,273.8,771.6,895.35,804.05,32.45,26.2222,0.5813,0.0,-771.6,0.0,6.8165,0.0,-771.6,0.0,6.8165,1.0,0.0,0.0,0.0,0.0
105,274.19,767.65,896.0,801.35,33.7,26.2563,0.5808,0.0,-767.65,0.0,6.8165,0.0,-767.65,0.0,6.8165,1.0,0.0,0.0,0.0,0.0
106,274.59,764.5,899.95,813.1,48.6,35.8804,0.4451,0.0,-764.5,0.0,6.8165,0.0,-764.5,0.0,6.8165,1.0,0.0,0.0,0.0,0.0
107,274.99,765.1,899.75,802.5,37.4,27.7757,0.5563,0.0,-765.1,0.0,6.8165,0.0,-765.1,0.0,6.8165,1.0,0.0,0.0,0.0,0.0
108,275.39,776.55,905.3,806.35,29.8,23.1456,0.6355,0.0,-776.55,0.0,6.8165,0.0,-776.55,0.0,6.8165,1.0,0.0,0.0,0.0,0.0
109,275.78,768.75,926.6,789.15,20.4,12.9237,0.8886,0.0,-768.75,0.0,6.8165,0.0,-768.75,0.0,6.8165,1.0,0.0,0.0,0.0,0.0
110,276.18,769.3,908.5,809.4,40.1,28.8075,0.5405,0.0,-769.3,0.0,6.8165,0.0,-769.3,0.0,6.8165,1.0,0.0,0.0,0.0,0.0
111,276.58,760.95,905.1,806.05,45.1,31.2869,0.5046,0.0,-760.95,0.0,6.8165,0.0,-760.95,0.0,6.8165,1.0,0.0,0.0,0.0,0.0
112,276.98,771.7,896.55,808.55,36.85,29.5154,0.53,0.0,-771.7,0.0,6.8165,0.0,-771.7,0.0,6.8165,1.0,0.0,0.0,0.0,0.0
113,277.37,770.05,906.45,788.6,18.55,13.5997,0.8665,0.0,-770.05,0.0,6.8165,0.0,-770.05,0.0,6.8165,1.0,0.0,0.0,0.0,0.0
114,277.77,766.05,901.1,794.35,28.3,20.9552,0.6787,0.0,-766.05,0.0,6.8165,0.0,-766.05,0.0,6.8165,1.0,0.0,0.0,0.0,0.0
115,278.17,770.35,917.0,803.85,33.5,22.8435,0.6412,0.0,-770.35,0.0,6.8165,0.0,-770.35,0.0,6.8165,1.0,0.0,0.0,0.0,0.0
116,278.56,766.2,886.5,813.05,46.85,38.9443,0.4096,0.0,-766.2,0.0,6.8165,0.0,-766.2,0.0,6.8165,1.0,0.0,0.0,0.0,0.0
117,278.96,773.9,909.6,817.95,44.05,32.4613,0.4886,0.0,-773.9,0.0,6.8165,0.0,-773.9,0.0,6.8165,1.0,0.0,0.0,0.0,0.0
118,279.36,769.75,906.35,803.3,33.55,24.5608,0.6098,0.0,-769.75,0.0,6.8165,0.0,-769.75,0.0,6.8165,1.0,0.0,0.0,0.0,0.0
119,279.75,760.55,900.1,805.9,45.35,32.4973,0.4882,0.0,-760.55,0.0,6.8165,0.0,-760.55,0.0,6.8165,1.0,0.0,0.0,0.0,0.0
120,280.15,768.3,927.9,808.7,40.4,25.3133,0.5967,0.0,-768.3,0.0,6.8165,0.0,-768.3,0.0,6.8165,1.0,0.0,0.0,0.0,0.0
121,280.55,769.5,909.75,805.6,36.1,25.7398,0.5894,0.0,-769.5,0.0,6.8165,0.0,-769.5,0.0,6.8165,1.0,0.0,0.0,0.0,0.0
122,280.94,770.5,932.1,788.7,18.2,11.2624,0.9484,0.0,-770.5,0.0,6.8165,0.0,-770.5,0.0,6.8165,1.0,0.0,0.0,0.0,0.0
123,281.34,765.6,918.35,797.75,32.15,21.0475,0.6768,0.0,-765.6,0.0,6.8165,0.0,-765.6,0.0,6.8165,1.0,0.0,0.0,0.0,0.0
124,281.73,759.45,911.25,796.85,37.4,24.6377,0.6084,0.0,-759.45,0.0,6.8165,0.0,-759.45,0.0,6.8165,1.0,0.0,0.0,0.0,0.0
125,282.13,774.8,918.0,821.0,46.2,32.2626,0.4913,0.0,-774.8,0.0,6.8165,0.0,-774.8,0.0,6.8165,1.0,0.0,0.0,0.0,0.0
126,282.53,762.8,912.35,816.15,53.35,35.6737,0.4477,0.0,-762.8,0.0,6.8165,0.0,-762.8,0.0,6.8165,1.0,0.0,0.0,0.0,0.0
127,282.92,758.45,917.6,806.4,47.95,30.1288,0.521,0.0,-758.45,0.0,6.8165,0.0,-758.45,0.0,6.8165,1.0,0.0,0.0,0.0,0.0
128,283.32,760.15,922.35,802.45,42.3,26.0789,0.5837,0.0,-760.15,0.0,6.8165,0.0,-760.15,0.0,6.8165,1.0,0.0,0.0,0.0,0.0
129,283.71,769.1,917.15,804.25,35.15,23.742,0.6245,0.0,-769.1,0.0,6.8165,0.0,-769.1,0.0,6.8165,1.0,0.0,0.0,0.0,0.0
130,284.11,758.35,928.6,811.9,53.55,31.4537,0.5023,0.0,-758.35,0.0,6.8165,0.0,-758.35,0.0,6.8165,1.0,0.0,0.0,0.0,0.0
131,284.5,759.45,938.9,824.15,64.7,36.0546,0.443,0.0,-759.45,0.0,6.8165,0.0,-759.45,0.0,6.8165,1.0,0.0,0.0,0.0,0.0
132,284.9,772.8,933.45,814.65,41.85,26.0504,0.5842,0.0,-772.8,0.0,6.8165,0.0,-772.8,0.0,6.8165,1.0,0.0,0.0,0.0,0.0
133,285.3,761.85,927.55,806.9,45.05,27.1877,0.5656,0.0,-761.85,0.0,6.8165,0.0,-761.85,0.0,6.8165,1.0,0.0,0.0,0.0,0.0
134,285.69,760.9,926.65,805.15,44.25,26.6968,0.5735,0.0,-760.9,0.0,6.8165,0.0,-760.9,0.0,6.8165,1.0,0.0,0.0,0.0,0.0
135,286.09,772.65,918.7,813.15,40.5,27.7302,0.557,0.0,-772.65,0.0,6.8165,0.0,-772.65,0.0,6.8165,1.0,0.0,0.0,0.0,0.0
136,286.48,762.8,923.7,810.8,48.0,29.8322,0.5253,0.0,-762.8,0.0,6.8165,0.0,-762.8,0.0,6.8165,1.0,0.0,0.0,0.0,0.0
137,286.88,768.4,921.35,808.95,40.55,26.5119,0.5766,0.0,-768.4,0.0,6.8165,0.0,-768.4,0.0,6.8165,1.0,0.0,0.0,0.0,0.0
138,287.27,756.7,928.85,813.65,56.95,33.0816,0.4804,0.0,-756.7,0.0,6.8165,0.0,-756.7,0.0,6.8165,1.0,0.0,0.0,0.0,0.0
139,287.67,767.8,918.4,833.55,65.75,43.6587,0.3599,0.0,-767.8,0.0,6.8165,0.0,-767.8,0.0,6.8165,1.0,0.0,0.0,0.0,0.0
140,288.06,785.7,915.45,814.65,28.95,22.3121,0.6515,0.0,-785.7,0.0,6.8165,0.0,-785.7,0.0,6.8165,1.0,0.0,0.0,0.0,0.0
141,288.46,765.7,928.55,830.6,64.9,39.8526,0.3995,0.0,-765.7,0.0,6.8165,0.0,-765.7,0.0,6.8165,1.0,0.0,0.0,0.0,0.0
142,288.85,766.25,927.15,807.45,41.2,25.606,0.5917,0.0,-766.25,0.0,6.8165,0.0,-766.25,0.0,6.8165,1.0,0.0,0.0,0.0,0.0
143,289.24,772.7,920.4,832.1,59.4,40.2167,0.3956,0.0,-772.7,0.0,6.8165,0.0,-772.7,0.0,6.8165,1.0,0.0,0.0,0.0,0.0
144,289.64,771.2,919.05,823.45,52.25,35.3399,0.4517,0.0,-771.2,0.0,6.8165,0.0,-771.2,0.0,6.8165,1.0,0.0,0.0,0.0,0.0
145,290.03,758.25,940.85,827.55,69.3,37.9518,0.4208,0.0,-758.25,0.0,6.8165,0.0,-758.25,0.0,6.8165,1.0,0.0,0.0,0.0,0.0
146,290.43,761.9,937.9,840.1,78.2,44.4318,0.3523,0.0,-761.9,0.0,6.8165,0.0,-761.9,0.0,6.8165,1.0,0.0,0.0,0.0,0.0
147,290.82,762.7,933.2,833.05,70.35,41.261,0.3845,0.0,-762.7,0.0,6.8165,0.0,-762.7,0.0,6.8165,1.0,0.0,0.0,0.0,0.0
148,291.21,753.15,950.8,832.05,78.9,39.919,0.3988,0.0,-753.15,0.0,6.8165,0.0,-753.15,0.0,6.8165,1.0,0.0,0.0,0.0,0.0
149,291.61,771.65,935.35,825.6,53.95,32.9566,0.4821,0.0,-771.65,0.0,6.8165,0.0,-771.65,0.0,6.8165,1.0,0.0,0.0,0.0,0.0
150,292.0,765.2,929.4,823.3,58.1,35.3837,0.4512,0.0,-765.2,0.0,6.8165,0.0,-765.2,0.0,6.8165,1.0,0.0,0.0,0.0,0.0
151,292.4,757.6,935.15,824.25,66.65,37.5387,0.4255,0.0,-757.6,0.0,6.8165,0.0,-757.6,0.0,6.8165,1.0,0.0,0.0,0.0,0.0
152,292.79,754.45,949.75,827.45,73.0,37.3784,0.4274,0.0,-754.45,0.0,6.8165,0.0,-754.45,0.0,6.8165,1.0,0.0,0.0,0.0,0.0
153,293.18,765.1,930.45,816.7,51.6,31.2065,0.5058,0.0,-765.1,0.0,6.8165,0.0,-765.1,0.0,6.8165,1.0,0.0,0.0,0.0,0.0
154,293.58,766.1,942.2,810.4,44.3,25.1562,0.5994,0.0,-766.1,0.0,6.8165,0.0,-766.1,0.0,6.8165,1.0,0.0,0.0,0.0,0.0
155,293.97,764.6,946.55,816.55,51.95,28.5518,0.5444,0.0,-764.6,0.0,6.8165,0.0,-764.6,0.0,6.8165,1.0,0.0,0.0,0.0,0.0
156,294.36,761.6,951.25,827.3,65.7,34.6428,0.4604,0.0,-761.6,0.0,6.8165,0.0,-761.6,0.0,6.8165,1.0,0.0,0.0,0.0,0.0
157,294.76,772.35,952.4,817.65,45.3,25.1597,0.5993,0.0,-772.35,0.0,6.8165,0.0,-772.35,0.0,6.8165,1.0,0.0,0.0,0.0,0.0
158,295.15,762.15,948.75,819.7,57.55,30.8414,0.5109,0.0,-762.15,0.0,6.8165,0.0,-762.15,0.0,6.8165,1.0,0.0,0.0,0.0,0.0
159,295.54,763.6,952.1,821.9,58.3,30.9284,0.5096,0.0,-763.6,0.0,6.8165,0.0,-763.6,0.0,6.8165,1.0,0.0,0.0,0.0,0.0
160,295.94,766.65,941.2,826.95,60.3,34.546,0.4616,0.0,-766.65,0.0,6.8165,0.0,-766.65,0.0,6.8165,1.0,0.0,0.0,0.0,0.0
161,296.33,769.95,932.95,808.45,38.5,23.6196,0.6267,0.0,-769.95,0.0,6.8165,0.0,-769.95,0.0,6.8165,1.0,0.0,0.0,0.0,0.0
162,296.72,770.35,941.25,839.95,69.6,40.7256,0.3901,0.0,-770.35,0.0,6.8165,0.0,-770.35,0.0,6.8165,1.0,0.0,0.0,0.0,0.0
163,297.11,761.65,947.95,826.8,65.15,34.9705,0.4563,0.0,-761.65,0.0,6.8165,0.0,-761.65,0.0,6.8165,1.0,0.0,0.0,0.0,0.0
164,297.51,766.7,942.85,832.7,66.0,37.4681,0.4263,0.0,-766.7,0.0,6.8165,0.0,-766.7,0.0,6.8165,1.0,0.0,0.0,0.0,0.0
165,297.9,755.8,941.5,839.6,83.8,45.1265,0.3456,0.0,-755.8,0.0,6.8165,0.0,-755.8,0.0,6.8165,1.0,0.0,0.0,0.0,0.0
166,298.29,770.4,939.75,845.65,75.25,44.4346,0.3523,0.0,-770.4,0.0,6.8165,0.0,-770.4,0.0,6.8165,1.0,0.0,0.0,0.0,0.0
167,298.68,762.45,956.5,841.05,78.6,40.505,0.3925,0.0,-762.45,0.0,6.8165,0.0,-762.45,0.0,6.8165,1.0,0.0,0.0,0.0,0.0
168,299.08,765.25,948.8,848.8,83.55,45.5189,0.3418,0.0,-765.25,0.0,6.8165,0.0,-765.25,0.0,6.8165,1.0,0.0,0.0,0.0,0.0
169,299.47,755.6,961.25,842.4,86.8,42.2076,0.3746,0.0,-755.6,0.0,6.8165,0.0,-755.6,0.0,6.8165,1.0,0.0,0.0,0.0,0.0
170,299.86,769.1,955.35,837.65,68.55,36.8054,0.4341,0.0,-769.1,0.0,6.8165,0.0,-769.1,0.0,6.8165,1.0,0.0,0.0,0.0,0.0
171,300.25,757.9,935.25,830.05,72.15,40.6823,0.3906,0.0,-757.9,0.0,6.8165,0.0,-757.9,0.0,6.8165,1.0,0.0,0.0,0.0,0.0
172,300.64,760.3,960.4,823.7,63.4,31.6842,0.4992,0.0,-760.3,0.0,6.8165,0.0,-760.3,0.0,6.8165,1.0,0.0,0.0,0.0,0.0
173,301.04,770.9,960.0,847.3,76.4,40.4019,0.3936,0.0,-770.9,0.0,6.8165,0.0,-770.9,0.0,6.8165,1.0,0.0,0.0,0.0,0.0
174,301.43,762.55,941.8,837.75,75.2,41.9526,0.3772,0.0,-762.55,0.0,6.8165,0.0,-762.55,0.0,6.8165,1.0,0.0,0.0,0.0,0.0
175,301.82,759.5,962.8,824.55,65.05,31.997,0.4949,0.0,-759.5,0.0,6.8165,0.0,-759.5,0.0,6.8165,1.0,0.0,0.0,0.0,0.0
176,302.21,753.75,942.6,844.9,91.15,48.2658,0.3164,0.0,-753.75,0.0,6.8165,0.0,-753.75,0.0,6.8165,1.0,0.0,0.0,0.0,0.0
177,302.6,764.85,961.5,829.2,64.35,32.7231,0.4851,0.0,-764.85,0.0,6.8165,0.0,-764.85,0.0,6.8165,1.0,0.0,0.0,0.0,0.0
178,302.99,748.1,944.6,850.35,102.25,52.0356,0.2837,0.0,-748.1,0.0,6.8165,0.0,-748.1,0.0,6.8165,1.0,0.0,0.0,0.0,0.0
179,303.38,761.35,960.75,840.6,79.25,39.7442,0.4007,0.0,-761.35,0.0,6.8165,0.0,-761.35,0.0,6.8165,1.0,0.0,0.0,0.0,0.0
180,303.78,766.55,959.3,840.75,74.2,38.4955,0.4146,0.0,-766.55,0.0,6.8165,0.0,-766.55,0.0,6.8165,1.0,0.0,0.0,0.0,0.0
181,304.17,761.15,954.4,833.95,72.8,37.6714,0.424,0.0,-761.15,0.0,6.8165,0.0,-761.15,0.0,6.8165,1.0,0.0,0.0,0.0,0.0
182,304.56,764.25,969.2,840.35,76.1,37.131,0.4303,0.0,-764.25,0.0,6.8165,0.0,-764.25,0.0,6.8165,1.0,0.0,0.0,0.0,0.0
183,304.95,756.3,954.65,834.7,78.4,39.5261,0.4031,0.0,-756.3,0.0,6.8165,0.0,-756.3,0.0,6.8165,1.0,0.0,0.0,0.0,0.0
184,305.34,775.4,968.8,827.05,51.65,26.7063,0.5734,0.0,-775.4,0.0,6.8165,0.0,-775.4,0.0,6.8165,1.0,0.0,0.0,0.0,0.0
185,305.73,754.95,971.55,831.4,76.45,35.2955,0.4523,0.0,-754.95,0.0,6.8165,0.0,-754.95,0.0,6.8165,1.0,0.0,0.0,0.0,0.0
186,306.12,773.5,956.05,838.75,65.25,35.7436,0.4468,0.0,-773.5,0.0,6.8165,0.0,-773.5,0.0,6.8165,1.0,0.0,0.0,0.0,0.0
187,306.51,771.6,946.65,840.7,69.1,39.4744,0.4037,0.0,-771.6,0.0,6.8165,0.0,-771.6,0.0,6.8165,1.0,0.0,0.0,0.0,0.0
188,306.9,772.55,970.2,844.15,71.6,36.2257,0.441,0.0,-772.55,0.0,6.8165,0.0,-772.55,0.0,6.8165,1.0,0.0,0.0,0.0,0.0
189,307.29,771.3,967.4,853.9,82.6,42.1214,0.3755,0.0,-771.3,0.0,6.8165,0.0,-771.3,0.0,6.8165,1.0,0.0,0.0,0.0,0.0
190,307.68,773.65,959.2,836.55,62.9,33.8992,0.4698,0.0,-773.65,0.0,6.8165,0.0,-773.65,0.0,6.8165,1.0,0.0,0.0,0.0,0.0
191,308.07,767.7,956.85,839.75,72.05,38.0915,0.4192,0.0,-767.7,0.0,6.8165,0.0,-767.7,0.0,6.8165,1.0,0.0,0.0,0.0,0.0
192,308.46,768.95,957.25,848.35,79.4,42.1668,0.375,0.0,-768.95,0.0,6.8165,0.0,-768.95,0.0,6.8165,1.0,0.0,0.0,0.0,0.0
193,308.85,771.6,963.85,839.6,68.0,35.3706,0.4514,0.0,-771.6,0.0,6.8165,0.0,-771.6,0.0,6.8165,1.0,0.0,0.0,0.0,0.0
194,309.24,759.75,956.0,839.95,80.2,40.8662,0.3886,0.0,-759.75,0.0,6.8165,0.0,-759.75,0.0,6.8165,1.0,0.0,0.0,0.0,0.0
195,309.63,773.65,954.15,857.75,84.1,46.5928,0.3317,0.0,-773.65,0.0,6.8165,0.0,-773.65,0.0,6.8165,1.0,0.0,0.0,0.0,0.0
196,310.02,768.75,967.2,846.6,77.85,39.229,0.4064,0.0,-768.75,0.0,6.8165,0.0,-768.75,0.0,6.8165,1.0,0.0,0.0,0.0,0.0
197,310.41,768.4,954.75,847.05,78.65,42.2055,0.3746,0.0,-768.4,0.0,6.8165,0.0,-768.4,0.0,6.8165,1.0,0.0,0.0,0.0,0.0
198,310.8,756.8,961.25,859.5,102.7,50.2323,0.299,0.0,-756.8,0.0,6.8165,0.0,-756.8,0.0,6.8165,1.0,0.0,0.0,0.0,0.0
199,311.19,765.75,970.95,857.75,92.0,44.8343,0.3484,0.0,-765.75,0.0,6.8165,0.0,-765.75,0.0,6.8165,1.0,0.0,0.0,0.0,0.0
200,311.58,771.35,968.45,838.35,67.0,33.9929,0.4686,0.0,-771.35,0.0,6.8165,0.0,-771.35,0.0,6.8165,1.0,0.0,0.0,0.0,0.0
201,311.97,765.6,960.85,863.95,98.35,50.3713,0.2978,0.0,-765.6,0.0,6.8165,0.0,-765.6,0.0,6.8165,1.0,0.0,0.0,0.0,0.0
202,312.36,759.65,991.9,852.65,93.0,40.0431,0.3975,0.0,-759.65,0.0,6.8165,0.0,-759.65,0.0,6.8165,1.0,0.0,0.0,0.0,0.0
203,312.75,769.5,981.2,856.2,86.7,40.9542,0.3877,0.0,-769.5,0.0,6.8165,0.0,-769.5,0.0,6.8165,1.0,0.0,0.0,0.0,0.0
204,313.14,771.8,992.55,870.2,98.4,44.5753,0.3509,0.0,-771.8,0.0,6.8165,0.0,-771.8,0.0,6.8165,1.0,0.0,0.0,0.0,0.0
205,313.53,753.1,972.85,858.1,105.0,47.7816,0.3207,0.0,-753.1,0.0,6.8165,0.0,-753.1,0.0,6.8165,1.0,0.0,0.0,0.0,0.0
206,313.91,760.45,978.0,845.75,85.3,39.2094,0.4066,0.0,-760.45,0.0,6.8165,0.0,-760.45,0.0,6.8165,1.0,0.0,0.0,0.0,0.0
207,314.3,772.25,977.15,863.6,91.35,44.5827,0.3508,0.0,-772.25,0.0,6.8165,0.0,-772.25,0.0,6.8165,1.0,0.0,0.0,0.0,0.0
208,314.69,770.9,987.35,850.0,79.1,36.5442,0.4372,0.0,-770.9,0.0,6.8165,0.0,-770.9,0.0,6.8165,1.0,0.0,0.0,0.0,0.0
209,315.08,762.6,985.85,843.6,81.0,36.2822,0.4403,0.0,-762.6,0.0,6.8165,0.0,-762.6,0.0,6.8165,1.0,0.0,0.0,0.0,0.0
210,315.47,773.6,971.1,843.15,69.55,35.2152,0.4533,0.0,-773.6,0.0,6.8165,0.0,-773.6,0.0,6.8165,1.0,0.0,0.0,0.0,0.0
211,315.86,765.2,986.15,836.9,71.7,32.4508,0.4888,0.0,-765.2,0.0,6.8165,0.0,-765.2,0.0,6.8165,1.0,0.0,0.0,0.0,0.0
212,316.25,765.25,977.0,850.5,85.25,40.2597,0.3951,0.0,-765.25,0.0,6.8165,0.0,-765.25,0.0,6.8165,1.0,0.0,0.0,0.0,0.0
213,316.63,766.25,992.6,842.7,76.45,33.7751,0.4714,0.0,-766.25,0.0,6.8165,0.0,-766.25,0.0,6.8165,1.0,0.0,0.0,0.0,0.0
214,317.02,765.55,979.1,849.45,83.9,39.2882,0.4057,0.0,-765.55,0.0,6.8165,0.0,-765.55,0.0,6.8165,1.0,0.0,0.0,0.0,0.0
215,317.41,759.75,981.45,847.7,87.95,39.6707,0.4015,0.0,-759.75,0.0,6.8165,0.0,-759.75,0.0,6.8165,1.0,0.0,0.0,0.0,0.0
216,317.8,767.2,973.15,844.2,77.0,37.3877,0.4273,0.0,-767.2,0.0,6.8165,0.0,-767.2,0.0,6.8165,1.0,0.0,0.0,0.0,0.0
217,318.19,776.25,966.15,847.4,71.15,37.4671,0.4264,0.0,-776.25,0.0,6.8165,0.0,-776.25,0.0,6.8165,1.0,0.0,0.0,0.0,0.0
218,318.57,759.5,989.05,842.6,83.1,36.2013,0.4413,0.0,-759.5,0.0,6.8165,0.0,-759.5,0.0,6.8165,1.0,0.0,0.0,0.0,0.0
219,318.96,767.9,987.25,844.9,77.0,35.1037,0.4546,0.0,-767.9,0.0,6.8165,0.0,-767.9,0.0,6.8165,1.0,0.0,0.0,0.0,0.0
220,319.35,753.55,980.55,844.85,91.3,40.2203,0.3956,0.0,-753.55,0.0,6.8165,0.0,-753.55,0.0,6.8165,1.0,0.0,0.0,0.0,0.0
221,319.74,756.05,964.75,859.1,103.05,49.3771,0.3065,0.0,-756.05,0.0,6.8165,0.0,-756.05,0.0,6.8165,1.0,0.0,0.0,0.0,0.0
222,320.12,759.2,983.55,845.1,85.9,38.2884,0.4169,0.0,-759.2,0.0,6.8165,0.0,-759.2,0.0,6.8165,1.0,0.0,0.0,0.0,0.0
223,320.51,757.4,981.0,853.85,96.45,43.1351,0.3652,0.0,-757.4,0.0,6.8165,0.0,-757.4,0.0,6.8165,1.0,0.0,0.0,0.0,0.0
224,320.9,774.7,993.45,843.25,68.55,31.3371,0.5039,0.0,-774.7,0.0,6.8165,0.0,-774.7,0.0,6.8165,1.0,0.0,0.0,0.0,0.0
225,321.28,763.05,996.2,849.9,86.85,37.2507,0.4289,0.0,-763.05,0.0,6.8165,0.0,-763.05,0.0,6.8165,1.0,0.0,0.0,0.0,0.0
226,321.67,767.75,991.15,841.9,74.15,33.1916,0.479,0.0,-767.75,0.0,6.8165,0.0,-767.75,0.0,6.8165,1.0,0.0,0.0,0.0,0.0
227,322.06,764.7,968.8,854.75,90.05,44.1205,0.3554,0.0,-764.7,0.0,6.8165,0.0,-764.7,0.0,6.8165,1.0,0.0,0.0,0.0,0.0
228,322.45,770.5,973.65,868.85,98.35,48.4125,0.315,0.0,-770.5,0.0,6.8165,0.0,-770.5,0.0,6.8165,1.0,0.0,0.0,0.0,0.0
229,322.83,770.95,989.4,869.75,98.8,45.2277,0.3446,0.0,-770.95,0.0,6.8165,0.0,-770.95,0.0,6.8165,1.0,0.0,0.0,0.0,0.0
230,323.22,762.5,984.75,865.45,102.95,46.3217,0.3342,0.0,-762.5,0.0,6.8165,0.0,-762.5,0.0,6.8165,1.0,0.0,0.0,0.0,0.0
231,323.61,773.3,994.25,857.95,84.65,38.3118,0.4167,0.0,-773.3,0.0,6.8165,0.0,-773.3,0.0,6.8165,1.0,0.0,0.0,0.0,0.0
232,323.99,765.3,983.65,862.85,97.55,44.676,0.3499,0.0,-765.3,0.0,6.8165,0.0,-765.3,0.0,6.8165,1.0,0.0,0.0,0.0,0.0
233,324.38,763.05,983.9,855.25,92.2,41.7478,0.3794,0.0,-763.05,0.0,6.8165,0.0,-763.05,0.0,6.8165,1.0,0.0,0.0,0.0,0.0
234,324.77,765.55,973.1,851.2,85.65,41.2672,0.3844,0.0,-765.55,0.0,6.8165,0.0,-765.55,0.0,6.8165,1.0,0.0,0.0,0.0,0.0
235,325.15,778.75,998.4,860.35,81.6,37.15,0.43,0.0,-778.75,0.0,6.8165,0.0,-778.75,0.0,6.8165,1.0,0.0,0.0,0.0,0.0
236,325.54,759.55,995.2,858.45,98.9,41.969,0.3771,0.0,-759.55,0.0,6.8165,0.0,-759.55,0.0,6.8165,1.0,0.0,0.0,0.0,0.0
237,325.92,764.35,995.85,836.25,71.9,31.0583,0.5078,0.0,-764.35,0.0,6.8165,0.0,-764.35,0.0,6.8165,1.0,0.0,0.0,0.0,0.0
238,326.31,768.65,995.2,868.15,99.5,43.9197,0.3573,0.0,-768.65,0.0,6.8165,0.0,-768.65,0.0,6.8165,1.0,0.0,0.0,0.0,0.0
239,326.7,751.95,1000.55,875.1,123.15,49.5374,0.3051,0.0,-751.95,0.0,6.8165,0.0,-751.95,0.0,6.8165,1.0,0.0,0.0,0.0,0.0
240,327.08,771.1,1008.05,871.5,100.4,42.3718,0.3729,0.0,-771.1,0.0,6.8165,0.0,-771.1,0.0,6.8165,1.0,0.0,0.0,0.0,0.0
241,327.47,763.95,994.65,863.1,99.15,42.9779,0.3668,0.0,-763.95,0.0,6.8165,0.0,-763.95,0.0,6.8165,1.0,0.0,0.0,0.0,0.0
242,327.85,758.2,984.25,863.9,105.7,46.7596,0.3301,0.0,-758.2,0.0,6.8165,0.0,-758.2,0.0,6.8165,1.0,0.0,0.0,0.0,0.0
243,328.24,777.95,992.35,868.9,90.95,42.4207,0.3724,0.0,-777.95,0.0,6.8165,0.0,-777.95,0.0,6.8165,1.0,0.0,0.0,0.0,0.0
244,328.62,747.25,1005.55,854.9,107.65,41.6763,0.3801,0.0,-747.25,0.0,6.8165,0.0,-747.25,0.0,6.8165,1.0,0.0,0.0,0.0,0.0
245,329.01,758.8,979.7,871.0,112.2,50.7922,0.2942,0.0,-758.8,0.0,6.8165,0.0,-758.8,0.0,6.8165,1.0,0.0,0.0,0.0,0.0
246,329.39,772.8,992.5,863.25,90.45,41.1698,0.3854,0.0,-772.8,0.0,6.8165,0.0,-772.8,0.0,6.8165,1.0,0.0,0.0,0.0,0.0
247,329.78,766.6,987.0,862.05,95.45,43.3076,0.3634,0.0,-766.6,0.0,6.8165,0.0,-766.6,0.0,6.8165,1.0,0.0,0.0,0.0,0.0
248,330.16,779.75,993.6,861.85,82.1,38.3914,0.4158,0.0,-779.75,0.0,6.8165,0.0,-779.75,0.0,6.8165,1.0,0.0,0.0,0.0,0.0
249,330.55,764.0,1002.75,861.15,97.15,40.6911,0.3905,0.0,-764.0,0.0,6.8165,0.0,-764.0,0.0,6.8165,1.0,0.0,0.0,0.0,0.0
250,330.93,763.95,999.85,861.5,97.55,41.3523,0.3835,0.0,-763.95,0.0,6.8165,0.0,-763.95,0.0,6.8165,1.0,0.0,0.0,0.0,0.0
251,331.32,751.05,994.4,870.8,119.75,49.209,0.308,0.0,-751.05,0.0,6.8165,0.0,-751.05,0.0,6.8165,1.0,0.0,0.0,0.0,0.0
252,331.7,764.35,1011.35,863.0,98.65,39.9393,0.3986,0.0,-764.35,0.0,6.8165,0.0,-764.35,0.0,6.8165,1.0,0.0,0.0,0.0,0.0
253,332.09,749.45,1007.5,871.05,121.6,47.1227,0.3268,0.0,-749.45,0.0,6.8165,0.0,-749.45,0.0,6.8165,1.0,0.0,0.0,0.0,0.0
254,332.47,757.2,1012.5,866.1,108.9,42.6557,0.37,0.0,-757.2,0.0,6.8165,0.0,-757.2,0.0,6.8165,1.0,0.0,0.0,0.0,0.0
255,332.86,764.85,1007.45,866.2,101.35,41.7766,0.3791,0.0,-764.85,0.0,6.8165,0.0,-764.85,0.0,6.8165,1.0,0.0,0.0,0.0,0.0
256,333.24,752.05,997.0,868.8,116.75,47.6628,0.3218,0.0,-752.05,0.0,6.8165,0.0,-752.05,0.0,6.8165,1.0,0.0,0.0,0.0,0.0
257,333.63,763.65,1004.25,880.4,116.75,48.5245,0.314,0.0,-763.65,0.0,6.8165,0.0,-763.65,0.0,6.8165,1.0,0.0,0.0,0.0,0.0
258,334.01,765.25,1000.85,871.3,106.05,45.0127,0.3467,0.0,-765.25,0.0,6.8165,0.0,-765.25,0.0,6.8165,1.0,0.0,0.0,0.0,0.0
259,334.39,787.35,992.95,874.65,87.3,42.4611,0.372,0.0,-787.35,0.0,6.8165,0.0,-787.35,0.0,6.8165,1.0,0.0,0.0,0.0,0.0
260,334.78,760.55,1004.3,876.4,115.85,47.5282,0.323,0.0,-760.55,0.0,6.8165,0.0,-760.55,0.0,6.8165,1.0,0.0,0.0,0.0,0.0
261,335.16,761.2,1007.5,869.6,108.4,44.0114,0.3564,0.0,-761.2,0.0,6.8165,0.0,-761.2,0.0,6.8165,1.0,0.0,0.0,0.0,0.0
262,335.55,761.0,1008.9,868.2,107.2,43.2432,0.3641,0.0,-761.0,0.0,6.8165,0.0,-761.0,0.0,6.8165,1.0,0.0,0.0,0.0,0.0
263,335.93,762.15,979.0,884.35,122.2,56.3523,0.2491,0.0,-762.15,0.0,6.8165,0.0,-762.15,0.0,6.8165,1.0,0.0,0.0,0.0,0.0
264,336.31,765.55,1000.2,874.7,109.15,46.5161,0.3324,0.0,-765.55,0.0,6.8165,0.0,-765.55,0.0,6.8165,1.0,0.0,0.0,0.0,0.0
265,336.7,769.2,1007.65,879.5,110.3,46.2571,0.3348,0.0,-769.2,0.0,6.8165,0.0,-769.2,0.0,6.8165,1.0,0.0,0.0,0.0,0.0
266,337.08,769.9,1024.0,878.5,108.6,42.7391,0.3692,0.0,-769.9,0.0,6.8165,0.0,-769.9,0.0,6.8165,1.0,0.0,0.0,0.0,0.0
267,337.46,763.05,1020.35,877.8,114.75,44.5977,0.3507,0.0,-763.05,0.0,6.8165,0.0,-763.05,0.0,6.8165,1.0,0.0,0.0,0.0,0.0
268,337.85,758.1,1018.85,876.3,118.2,45.3308,0.3436,0.0,-758.1,0.0,6.8165,0.0,-758.1,0.0,6.8165,1.0,0.0,0.0,0.0,0.0
269,338.23,766.95,998.65,876.75,109.8,47.3889,0.3243,0.0,-766.95,0.0,6.8165,0.0,-766.95,0.0,6.8165,1.0,0.0,0.0,0.0,0.0
270,338.61,764.1,1014.7,875.9,111.8,44.6129,0.3505,0.0,-764.1,0.0,6.8165,0.0,-764.1,0.0,6.8165,1.0,0.0,0.0,0.0,0.0
271,339.0,768.25,1027.35,861.85,93.6,36.125,0.4422,0.0,-768.25,0.0,6.8165,0.0,-768.25,0.0,6.8165,1.0,0.0,0.0,0.0,0.0
272,339.38,762.8,1012.3,877.45,114.65,45.9519,0.3377,0.0,-762.8,0.0,6.8165,0.0,-762.8,0.0,6.8165,1.0,0.0,0.0,0.0,0.0
273,339.76,756.1,1010.75,877.1,121.0,47.5162,0.3232,0.0,-756.1,0.0,6.8165,0.0,-756.1,0.0,6.8165,1.0,0.0,0.0,0.0,0.0
274,340.14,787.75,1013.3,880.5,92.75,41.1217,0.3859,0.0,-787.75,0.0,6.8165,0.0,-787.75,0.0,6.8165,1.0,0.0,0.0,0.0,0.0
275,340.53,763.45,1022.4,871.8,108.35,41.8421,0.3784,0.0,-763.45,0.0,6.8165,0.0,-763.45,0.0,6.8165,1.0,0.0,0.0,0.0,0.0
276,340.91,769.65,1009.25,875.75,106.1,44.2821,0.3538,0.0,-769.65,0.0,6.8165,0.0,-769.65,0.0,6.8165,1.0,0.0,0.0,0.0,0.0
277,341.29,761.25,1028.6,883.7,122.45,45.8014,0.3391,0.0,-761.25,0.0,6.8165,0.0,-761.25,0.0,6.8165,1.0,0.0,0.0,0.0,0.0
278,341.67,772.15,1010.4,881.15,109.0,45.7503,0.3396,0.0,-772.15,0.0,6.8165,0.0,-772.15,0.0,6.8165,1.0,0.0,0.0,0.0,0.0
279,342.06,766.7,1016.25,877.05,110.35,44.2196,0.3544,0.0,-766.7,0.0,6.8165,0.0,-766.7,0.0,6.8165,1.0,0.0,0.0,0.0,0.0
280,342.44,767.1,1019.35,876.2,109.1,43.2507,0.364,0.0,-767.1,0.0,6.8165,0.0,-767.1,0.0,6.8165,1.0,0.0,0.0,0.0,0.0
281,342.82,753.35,1026.4,872.75,119.4,43.7283,0.3592,0.0,-753.35,0.0,6.8165,0.0,-753.35,0.0,6.8165,1.0,0.0,0.0,0.0,0.0
282,343.2,766.3,1029.65,893.95,127.65,48.4716,0.3145,0.0,-766.3,0.0,6.8165,0.0,-766.3,0.0,6.8165,1.0,0.0,0.0,0.0,0.0
283,343.59,761.3,1028.95,898.45,137.15,51.2423,0.2904,0.0,-761.3,0.0,6.8165,0.0,-761.3,0.0,6.8165,1.0,0.0,0.0,0.0,0.0
284,343.97,771.75,1025.3,893.05,121.3,47.8407,0.3202,0.0,-771.75,0.0,6.8165,0.0,-771.75,0.0,6.8165,1.0,0.0,0.0,0.0,0.0
285,344.35,752.75,1026.5,894.05,141.3,51.6164,0.2872,0.0,-752.75,0.0,6.8165,0.0,-752.75,0.0,6.8165,1.0,0.0,0.0,0.0,0.0
286,344.73,773.65,1022.5,888.6,114.95,46.1925,0.3354,0.0,-773.65,0.0,6.8165,0.0,-773.65,0.0,6.8165,1.0,0.0,0.0,0.0,0.0
287,345.11,770.8,1038.05,883.45,112.65,42.1515,0.3752,0.0,-770.8,0.0,6.8165,0.0,-770.8,0.0,6.8165,1.0,0.0,0.0,0.0,0.0
288,345.49,766.9,1040.25,881.2,114.3,41.8145,0.3787,0.0,-766.9,0.0,6.8165,0.0,-766.9,0.0,6.8165,1.0,0.0,0.0,0.0,0.0
289,345.88,770.65,1036.35,876.1,105.45,39.6876,0.4013,0.0,-770.65,0.0,6.8165,0.0,-770.65,0.0,6.8165,1.0,0.0,0.0,0.0,0.0
290,346.26,762.5,1032.65,895.2,132.7,49.1209,0.3087,0.0,-762.5,0.0,6.8165,0.0,-762.5,0.0,6.8165,1.0,0.0,0.0,0.0,0.0
291,346.64,761.05,1044.4,889.2,128.15,45.2268,0.3446,0.0,-761.05,0.0,6.8165,0.0,-761.05,0.0,6.8165,1.0,0.0,0.0,0.0,0.0
292,347.02,774.1,1036.35,901.35,127.25,48.5224,0.3141,0.0,-774.1,0.0,6.8165,0.0,-774.1,0.0,6.8165,1.0,0.0,0.0,0.0,0.0
293,347.4,769.55,1034.65,900.3,130.75,49.321,0.307,0.0,-769.55,0.0,6.8165,0.0,-769.55,0.0,6.8165,1.0,0.0,0.0,0.0,0.0
294,347.78,752.75,1031.35,881.0,128.25,46.0337,0.3369,0.0,-752.75,0.0,6.8165,0.0,-752.75,0.0,6.8165,1.0,0.0,0.0,0.0,0.0
295,348.16,767.8,1030.25,888.6,120.8,46.0278,0.337,0.0,-767.8,0.0,6.8165,0.0,-767.8,0.0,6.8165,1.0,0.0,0.0,0.0,0.0
296,348.54,768.65,1035.6,885.4,116.75,43.7348,0.3592,0.0,-768.65,0.0,6.8165,0.0,-768.65,0.0,6.8165,1.0,0.0,0.0,0.0,0.0
297,348.92,759.75,1021.75,890.6,130.85,49.9427,0.3015,0.0,-759.75,0.0,6.8165,0.0,-759.75,0.0,6.8165,1.0,0.0,0.0,0.0,0.0
298,349.3,765.3,1025.4,882.45,117.15,45.0404,0.3464,0.0,-765.3,0.0,6.8165,0.0,-765.3,0.0,6.8165,1.0,0.0,0.0,0.0,0.0
299,349.68,771.75,1038.95,895.8,124.05,46.4259,0.3332,0.0,-771.75,0.0,6.8165,0.0,-771.75,0.0,6.8165,1.0,0.0,0.0,0.0,0.0
300,350.06,768.6,1043.3,881.25,112.65,41.0084,0.3871,0.0,-768.6,0.0,6.8165,0.0,-768.6,0.0,6.8165,1.0,0.0,0.0,0.0,0.0
301,350.44,764.4,1051.35,890.3,125.9,43.8752,0.3578,0.0,-764.4,0.0,6.8165,0.0,-764.4,0.0,6.8165,1.0,0.0,0.0,0.0,0.0
302,350.82,770.95,1038.3,888.9,117.95,44.1182,0.3554,0.0,-770.95,0.0,6.8165,0.0,-770.95,0.0,6.8165,1.0,0.0,0.0,0.0,0.0
303,351.21,763.9,1019.4,901.55,137.65,53.8748,0.2686,0.0,-763.9,0.0,6.8165,0.0,-763.9,0.0,6.8165,1.0,0.0,0.0,0.0,0.0
304,351.59,758.2,1046.65,891.75,133.55,46.2992,0.3344,0.0,-758.2,0.0,6.8165,0.0,-758.2,0.0,6.8165,1.0,0.0,0.0,0.0,0.0
305,351.97,773.2,1042.1,890.7,117.5,43.6965,0.3596,0.0,-773.2,0.0,6.8165,0.0,-773.2,0.0,6.8165,1.0,0.0,0.0,0.0,0.0
306,352.34,775.2,1049.25,896.2,121.0,44.1525,0.355,0.0,-775.2,0.0,6.8165,0.0,-775.2,0.0,6.8165,1.0,0.0,0.0,0.0,0.0
307,352.72,778.35,1051.9,895.9,117.55,42.972,0.3668,0.0,-778.35,0.0,6.8165,0.0,-778.35,0.0,6.8165,1.0,0.0,0.0,0.0,0.0
308,353.1,778.2,1048.15,898.25,120.05,44.4712,0.3519,0.0,-778.2,0.0,6.8165,0.0,-778.2,0.0,6.8165,1.0,0.0,0.0,0.0,0.0
309,353.48,749.0,1041.0,894.45,145.45,49.8116,0.3027,0.0,-749.0,0.0,6.8165,0.0,-749.0,0.0,6.8165,1.0,0.0,0.0,0.0,0.0
310,353.86,770.9,1055.65,892.05,121.15,42.5461,0.3711,0.0,-770.9,0.0,6.8165,0.0,-770.9,0.0,6.8165,1.0,0.0,0.0,0.0,0.0
311,354.24,763.5,1028.85,886.05,122.55,46.1843,0.3355,0.0,-763.5,0.0,6.8165,0.0,-763.5,0.0,6.8165,1.0,0.0,0.0,0.0,0.0
312,354.62,771.95,1041.95,887.35,115.4,42.7407,0.3692,0.0,-771.95,0.0,6.8165,0.0,-771.95,0.0,6.8165,1.0,0.0,0.0,0.0,0.0
313,355.0,766.65,1039.35,896.15,129.5,47.4881,0.3234,0.0,-766.65,0.0,6.8165,0.0,-766.65,0.0,6.8165,1.0,0.0,0.0,0.0,0.0
314,355.38,756.95,1042.35,901.15,144.2,50.5256,0.2965,0.0,-756.95,0.0,6.8165,0.0,-756.95,0.0,6.8165,1.0,0.0,0.0,0.0,0.0
315,355.76,764.4,1051.6,897.0,132.6,46.1699,0.3356,0.0,-764.4,0.0,6.8165,0.0,-764.4,0.0,6.8165,1.0,0.0,0.0,0.0,0.0
316,356.14,762.25,1050.15,894.95,132.7,46.0924,0.3364,0.0,-762.25,0.0,6.8165,0.0,-762.25,0.0,6.8165,1.0,0.0,0.0,0.0,0.0
317,356.52,765.7,1029.4,907.95,142.25,53.9439,0.2681,0.0,-765.7,0.0,6.8165,0.0,-765.7,0.0,6.8165,1.0,0.0,0.0,0.0,0.0
318,356.9,753.75,1043.9,908.35,154.6,53.2828,0.2734,0.0,-753.75,0.0,6.8165,0.0,-753.75,0.0,6.8165,1.0,0.0,0.0,0.0,0.0
319,357.27,754.95,1055.0,896.1,141.15,47.0422,0.3275,0.0,-754.95,0.0,6.8165,0.0,-754.95,0.0,6.8165,1.0,0.0,0.0,0.0,0.0
320,357.65,773.35,1045.8,905.65,132.3,48.5594,0.3137,0.0,-773.35,0.0,6.8165,0.0,-773.35,0.0,6.8165,1.0,0.0,0.0,0.0,0.0
321,358.03,757.6,1042.8,905.5,147.9,51.8583,0.2852,0.0,-757.6,0.0,6.8165,0.0,-757.6,0.0,6.8165,1.0,0.0,0.0,0.0,0.0
322,358.41,772.2,1042.65,903.15,130.95,48.4193,0.315,0.0,-772.2,0.0,6.8165,0.0,-772.2,0.0,6.8165,1.0,0.0,0.0,0.0,0.0
323,358.79,751.35,1052.0,905.1,153.75,51.1392,0.2912,0.0,-751.35,0.0,6.8165,0.0,-751.35,0.0,6.8165,1.0,0.0,0.0,0.0,0.0
324,359.17,753.4,1055.75,890.45,137.05,45.3283,0.3436,0.0,-753.4,0.0,6.8165,0.0,-753.4,0.0,6.8165,1.0,0.0,0.0,0.0,0.0
325,359.55,752.9,1047.0,902.4,149.5,50.833,0.2939,0.0,-752.9,0.0,6.8165,0.0,-752.9,0.0,6.8165,1.0,0.0,0.0,0.0,0.0
326,359.92,747.0,1051.05,900.7,153.7,50.5509,0.2963,0.0,-747.0,0.0,6.8165,0.0,-747.0,0.0,6.8165,1.0,0.0,0.0,0.0,0.0
327,360.3,772.1,1053.85,899.4,127.3,45.1819,0.345,0.0,-772.1,0.0,6.8165,0.0,-772.1,0.0,6.8165,1.0,0.0,0.0,0.0,0.0
328,360.68,769.8,1062.8,909.1,139.3,47.5427,0.3229,0.0,-769.8,0.0,6.8165,0.0,-769.8,0.0,6.8165,1.0,0.0,0.0,0.0,0.0
329,361.06,761.5,1051.75,896.0,134.5,46.3394,0.334,0.0,-761.5,0.0,6.8165,0.0,-761.5,0.0,6.8165,1.0,0.0,0.0,0.0,0.0
330,361.43,771.55,1056.15,906.1,134.55,47.2769,0.3254,0.0,-771.55,0.0,6.8165,0.0,-771.55,0.0,6.8165,1.0,0.0,0.0,0.0,0.0
331,361.81,770.8,1048.7,902.65,131.85,47.4451,0.3238,0.0,-770.8,0.0,6.8165,0.0,-770.8,0.0,6.8165,1.0,0.0,0.0,0.0,0.0
332,362.19,763.4,1047.95,915.3,151.9,53.3825,0.2726,0.0,-763.4,0.0,6.8165,0.0,-763.4,0.0,6.8165,1.0,0.0,0.0,0.0,0.0
333,362.57,761.45,1047.4,911.15,149.7,52.3518,0.2811,0.0,-761.45,0.0,6.8165,0.0,-761.45,0.0,6.8165,1.0,0.0,0.0,0.0,0.0
334,362.94,767.65,1051.2,902.7,135.05,47.6283,0.3221,0.0,-767.65,0.0,6.8165,0.0,-767.65,0.0,6.8165,1.0,0.0,0.0,0.0,0.0
335,363.32,764.45,1045.0,896.15,131.7,46.9435,0.3284,0.0,-764.45,0.0,6.8165,0.0,-764.45,0.0,6.8165,1.0,0.0,0.0,0.0,0.0
336,363.7,760.95,1059.15,892.8,131.85,44.2153,0.3544,0.0,-760.95,0.0,6.8165,0.0,-760.95,0.0,6.8165,1.0,0.0,0.0,0.0,0.0
337,364.08,768.85,1059.5,919.7,150.85,51.9009,0.2848,0.0,-768.85,0.0,6.8165,0.0,-768.85,0.0,6.8165,1.0,0.0,0.0,0.0,0.0
338,364.45,751.85,1045.85,917.8,165.95,56.4456,0.2484,0.0,-751.85,0.0,6.8165,0.0,-751.85,0.0,6.8165,1.0,0.0,0.0,0.0,0.0
339,364.83,767.45,1064.85,911.05,143.6,48.2851,0.3162,0.0,-767.45,0.0,6.8165,0.0,-767.45,0.0,6.8165,1.0,0.0,0.0,0.0,0.0
340,365.21,764.85,1071.5,893.65,128.8,42.0023,0.3767,0.0,-764.85,0.0,6.8165,0.0,-764.85,0.0,6.8165,1.0,0.0,0.0,0.0,0.0
341,365.58,783.1,1068.4,896.65,113.55,39.8002,0.4001,0.0,-783.1,0.0,6.8165,0.0,-783.1,0.0,6.8165,1.0,0.0,0.0,0.0,0.0
342,365.96,762.3,1076.75,921.35,159.05,50.5804,0.296,0.0,-762.3,0.0,6.8165,0.0,-762.3,0.0,6.8165,1.0,0.0,0.0,0.0,0.0
343,366.34,764.4,1060.6,910.05,145.65,49.1729,0.3083,0.0,-764.4,0.0,6.8165,0.0,-764.4,0.0,6.8165,1.0,0.0,0.0,0.0,0.0
344,366.71,767.95,1055.25,938.15,170.2,59.2412,0.2274,0.0,-767.95,0.0,6.8165,0.0,-767.95,0.0,6.8165,1.0,0.0,0.0,0.0,0.0
345,367.09,758.05,1065.3,919.4,161.35,52.5142,0.2797,0.0,-758.05,0.0,6.8165,0.0,-758.05,0.0,6.8165,1.0,0.0,0.0,0.0,0.0
346,367.47,783.75,1061.7,901.0,117.25,42.1838,0.3749,0.0,-783.75,0.0,6.8165,0.0,-783.75,0.0,6.8165,1.0,0.0,0.0,0.0,0.0
347,367.84,774.9,1051.55,914.75,139.85,50.5512,0.2963,0.0,-774.9,0.0,6.8165,0.0,-774.9,0.0,6.8165,1.0,0.0,0.0,0.0,0.0
348,368.22,768.2,1074.0,911.85,143.65,46.9751,0.3281,0.0,-768.2,0.0,6.8165,0.0,-768.2,0.0,6.8165,1.0,0.0,0.0,0.0,0.0
349,368.59,761.05,1075.55,926.55,165.5,52.6232,0.2788,0.0,-761.05,0.0,6.8165,0.0,-761.05,0.0,6.8165,1.0,0.0,0.0,0.0,0.0
350,368.97,757.25,1073.55,919.95,162.7,51.4385,0.2887,0.0,-757.25,0.0,6.8165,0.0,-757.25,0.0,6.8165,1.0,0.0,0.0,0.0,0.0
351,369.35,755.75,1071.7,906.55,150.8,47.7291,0.3212,0.0,-755.75,0.0,6.8165,0.0,-755.75,0.0,6.8165,1.0,0.0,0.0,0.0,0.0
352,369.72,772.95,1063.65,916.3,143.35,49.312,0.307,0.0,-772.95,0.0,6.8165,0.0,-772.95,0.0,6.8165,1.0,0.0,0.0,0.0,0.0
353,370.1,774.45,1072.35,914.0,139.55,46.8446,0.3293,0.0,-774.45,0.0,6.8165,0.0,-774.45,0.0,6.8165,1.0,0.0,0.0,0.0,0.0
354,370.47,776.9,1075.2,908.6,131.7,44.1502,0.3551,0.0,-776.9,0.0,6.8165,0.0,-776.9,0.0,6.8165,1.0,0.0,0.0,0.0,0.0
355,370.85,786.8,1067.95,917.65,130.85,46.541,0.3322,0.0,-786.8,0.0,6.8165,0.0,-786.8,0.0,6.8165,1.0,0.0,0.0,0.0,0.0
356,371.22,780.05,1063.3,909.95,129.9,45.8605,0.3386,0.0,-780.05,0.0,6.8165,0.0,-780.05,0.0,6.8165,1.0,0.0,0.0,0.0,0.0
357,371.6,761.15,1066.4,898.5,137.35,44.9959,0.3468,0.0,-761.15,0.0,6.8165,0.0,-761.15,0.0,6.8165,1.0,0.0,0.0,0.0,0.0
358,371.97,769.95,1078.6,915.35,145.4,47.1084,0.3269,0.0,-769.95,0.0,6.8165,0.0,-769.95,0.0,6.8165,1.0,0.0,0.0,0.0,0.0
359,372.35,770.55,1093.15,908.1,137.55,42.6379,0.3702,0.0,-770.55,0.0,6.8165,0.0,-770.55,0.0,6.8165,1.0,0.0,0.0,0.0,0.0
360,372.72,766.9,1068.75,924.45,157.55,52.1948,0.2824,0.0,-766.9,0.0,6.8165,0.0,-766.9,0.0,6.8165,1.0,0.0,0.0,0.0,0.0
361,373.1,755.75,1083.05,914.55,158.8,48.5182,0.3141,0.0,-755.75,0.0,6.8165,0.0,-755.75,0.0,6.8165,1.0,0.0,0.0,0.0,0.0
362,373.47,758.0,1071.7,899.1,141.1,44.9793,0.347,0.0,-758.0,0.0,6.8165,0.0,-758.0,0.0,6.8165,1.0,0.0,0.0,0.0,0.0
363,373.85,767.55,1077.75,921.35,153.8,49.5809,0.3047,0.0,-767.55,0.0,6.8165,0.0,-767.55,0.0,6.8165,1.0,0.0,0.0,0.0,0.0
364,374.22,770.75,1081.9,919.55,148.8,47.8226,0.3204,0.0,-770.75,0.0,6.8165,0.0,-770.75,0.0,6.8165,1.0,0.0,0.0,0.0,0.0
365,374.6,770.85,1086.3,924.0,153.15,48.5497,0.3138,0.0,-770.85,0.0,6.8165,0.0,-770.85,0.0,6.8165,1.0,0.0,0.0,0.0,0.0
366,374.97,753.7,1081.9,915.7,162.0,49.3601,0.3066,0.0,-753.7,0.0,6.8165,0.0,-753.7,0.0,6.8165,1.0,0.0,0.0,0.0,0.0
367,375.35,764.8,1070.9,921.05,156.25,51.0454,0.292,0.0,-764.8,0.0,6.8165,0.0,-764.8,0.0,6.8165,1.0,0.0,0.0,0.0,0.0
368,375.72,768.1,1089.2,917.4,149.3,46.4964,0.3326,0.0,-768.1,0.0,6.8165,0.0,-768.1,0.0,6.8165,1.0,0.0,0.0,0.0,0.0
369,376.09,775.5,1084.35,922.35,146.85,47.5474,0.3229,0.0,-775.5,0.0,6.8165,0.0,-775.5,0.0,6.8165,1.0,0.0,0.0,0.0,0.0
370,376.47,769.0,1099.4,919.45,150.45,45.5357,0.3416,0.0,-769.0,0.0,6.8165,0.0,-769.0,0.0,6.8165,1.0,0.0,0.0,0.0,0.0
371,376.84,773.4,1090.05,930.0,156.6,49.4552,0.3058,0.0,-773.4,0.0,6.8165,0.0,-773.4,0.0,6.8165,1.0,0.0,0.0,0.0,0.0
372,377.22,779.2,1077.3,929.1,149.9,50.2851,0.2986,0.0,-779.2,0.0,6.8165,0.0,-779.2,0.0,6.8165,1.0,0.0,0.0,0.0,0.0
373,377.59,776.7,1084.15,929.9,153.2,49.8292,0.3025,0.0,-776.7,0.0,6.8165,0.0,-776.7,0.0,6.8165,1.0,0.0,0.0,0.0,0.0
374,377.96,767.45,1090.25,937.85,170.4,52.7881,0.2775,0.0,-767.45,0.0,6.8165,0.0,-767.45,0.0,6.8165,1.0,0.0,0.0,0.0,0.0
375,378.34,770.3,1108.1,918.4,148.1,43.8425,0.3581,0.0,-770.3,0.0,6.8165,0.0,-770.3,0.0,6.8165,1.0,0.0,0.0,0.0,0.0
376,378.71,759.8,1107.25,923.5,163.7,47.1147,0.3268,0.0,-759.8,0.0,6.8165,0.0,-759.8,0.0,6.8165,1.0,0.0,0.0,0.0,0.0
377,379.08,781.65,1096.45,922.55,140.9,44.7586,0.3491,0.0,-781.65,0.0,6.8165,0.0,-781.65,0.0,6.8165,1.0,0.0,0.0,0.0,0.0
378,379.46,775.8,1119.6,931.45,155.65,45.2734,0.3442,0.0,-775.8,0.0,6.8165,0.0,-775.8,0.0,6.8165,1.0,0.0,0.0,0.0,0.0
379,379.83,777.6,1106.5,932.5,154.9,47.0964,0.327,0.0,-777.6,0.0,6.8165,0.0,-777.6,0.0,6.8165,1.0,0.0,0.0,0.0,0.0
380,380.2,752.8,1113.6,916.8,164.0,45.4545,0.3424,0.0,-752.8,0.0,6.8165,0.0,-752.8,0.0,6.8165,1.0,0.0,0.0,0.0,0.0
381,380.58,767.7,1113.7,928.05,160.35,46.3439,0.334,0.0,-767.7,0.0,6.8165,0.0,-767.7,0.0,6.8165,1.0,0.0,0.0,0.0,0.0
382,380.95,764.65,1099.55,922.2,157.55,47.0439,0.3275,0.0,-764.65,0.0,6.8165,0.0,-764.65,0.0,6.8165,1.0,0.0,0.0,0.0,0.0
383,381.32,764.25,1107.0,932.15,167.9,48.9861,0.3099,0.0,-764.25,0.0,6.8165,0.0,-764.25,0.0,6.8165,1.0,0.0,0.0,0.0,0.0
384,381.7,759.1,1115.05,928.95,169.85,47.7174,0.3213,0.0,-759.1,0.0,6.8165,0.0,-759.1,0.0,6.8165,1.0,0.0,0.0,0.0,0.0
385,382.07,753.2,1118.15,946.2,193.0,52.884,0.2767,0.0,-753.2,0.0,6.8165,0.0,-753.2,0.0,6.8165,1.0,0.0,0.0,0.0,0.0
386,382.44,776.95,1125.2,928.85,151.9,43.6181,0.3603,0.0,-776.95,0.0,6.8165,0.0,-776.95,0.0,6.8165,1.0,0.0,0.0,0.0,0.0
387,382.81,778.15,1156.45,939.95,161.8,42.7703,0.3689,0.0,-778.15,0.0,6.8165,0.0,-778.15,0.0,6.8165,1.0,0.0,0.0,0.0,0.0
388,383.19,780.7,1124.65,932.65,151.95,44.1779,0.3548,0.0,-780.7,0.0,6.8165,0.0,-780.7,0.0,6.8165,1.0,0.0,0.0,0.0,0.0
389,383.56,766.25,1144.45,932.7,166.45,44.0111,0.3564,0.0,-766.25,0.0,6.8165,0.0,-766.25,0.0,6.8165,1.0,0.0,0.0,0.0,0.0
390,383.93,763.5,1175.6,931.85,168.35,40.8517,0.3888,0.0,-763.5,0.0,6.8165,0.0,-763.5,0.0,6.8165,1.0,0.0,0.0,0.0,0.0
391,384.3,761.9,1171.4,947.05,185.15,45.2137,0.3447,0.0,-761.9,0.0,6.8165,0.0,-761.9,0.0,6.8165,1.0,0.0,0.0,0.0,0.0
392,384.68,768.3,1170.45,938.7,170.4,42.3722,0.3729,0.0,-768.3,0.0,6.8165,0.0,-768.3,0.0,6.8165,1.0,0.0,0.0,0.0,0.0
393,385.05,777.5,1188.95,937.45,159.95,38.8747,0.4103,0.0,-777.5,0.0,6.8165,0.0,-777.5,0.0,6.8165,1.0,0.0,0.0,0.0,0.0
394,385.42,766.6,1195.85,958.65,192.05,44.7408,0.3493,0.0,-766.6,0.0,6.8165,0.0,-766.6,0.0,6.8165,1.0,0.0,0.0,0.0,0.0
395,385.79,765.0,1218.35,947.75,182.75,40.311,0.3946,0.0,-765.0,0.0,6.8165,0.0,-765.0,0.0,6.8165,1.0,0.0,0.0,0.0,0.0
396,386.16,762.65,1228.0,932.75,170.1,36.5531,0.4371,0.0,-762.65,0.0,6.8165,0.0,-762.65,0.0,6.8165,1.0,0.0,0.0,0.0,0.0
397,386.53,751.9,1235.75,940.35,188.45,38.948,0.4095,0.0,-751.9,0.0,6.8165,0.0,-751.9,0.0,6.8165,1.0,0.0,0.0,0.0,0.0
398,386.91,760.45,1267.75,941.45,181.0,35.6791,0.4476,0.0,-760.45,0.0,6.8165,0.0,-760.45,0.0,6.8165,1.0,0.0,0.0,0.0,0.0
399,387.28,765.9,1292.6,935.4,169.5,32.1815,0.4924,0.0,-765.9,0.0,6.8165,0.0,-765.9,0.0,6.8165,1.0,0.0,0.0,0.0,0.0
400,387.65,760.15,1286.65,956.65,196.5,37.3219,0.428,0.0,-760.15,0.0,6.8165,0.0,-760.15,0.0,6.8165,1.0,0.0,0.0,0.0,0.0
401,388.02,761.95,1310.6,954.05,192.1,35.0132,0.4558,0.0,-761.95,0.0,6.8165,0.0,-761.95,0.0,6.8165,1.0,0.0,0.0,0.0,0.0
402,388.39,765.1,1302.9,951.85,186.75,34.7248,0.4594,0.0,-765.1,0.0,6.8165,0.0,-765.1,0.0,6.8165,1.0,0.0,0.0,0.0,0.0
403,388.76,767.05,1331.75,944.25,177.2,31.3795,0.5034,0.0,-767.05,0.0,6.8165,0.0,-767.05,0.0,6.8165,1.0,0.0,0.0,0.0,0.0
404,389.13,762.75,1322.85,956.95,194.2,34.6724,0.46,0.0,-762.75,0.0,6.8165,0.0,-762.75,0.0,6.8165,1.0,0.0,0.0,0.0,0.0
405,389.5,768.75,1357.4,949.35,180.6,30.6804,0.5131,0.0,-768.75,0.0,6.8165,0.0,-768.75,0.0,6.8165,1.0,0.0,0.0,0.0,0.0
406,389.87,770.3,1402.95,939.65,169.35,26.7684,0.5724,0.0,-770.3,0.0,6.8165,0.0,-770.3,0.0,6.8165,1.0,0.0,0.0,0.0,0.0
407,390.25,764.95,1415.1,940.65,175.7,27.0245,0.5682,0.0,-764.95,0.0,6.8165,0.0,-764.95,0.0,6.8165,1.0,0.0,0.0,0.0,0.0
408,390.62,770.65,1445.45,922.95,152.3,22.5697,0.6465,0.0,-770.65,0.0,6.8165,0.0,-770.65,0.0,6.8165,1.0,0.0,0.0,0.0,0.0
409,390.99,769.65,1490.7,938.45,168.8,23.4103,0.6306,0.0,-769.65,0.0,6.8165,0.0,-769.65,0.0,6.8165,1.0,0.0,0.0,0.0,0.0
410,391.36,763.9,1543.15,930.35,166.45,21.3603,0.6704,0.0,-763.9,0.0,6.8165,0.0,-763.9,0.0,6.8165,1.0,0.0,0.0,0.0,0.0
411,391.73,769.8,1595.25,940.15,170.35,20.6372,0.6853,0.0,-769.8,0.0,6.8165,0.0,-769.8,0.0,6.8165,1.0,0.0,0.0,0.0,0.0
412,392.1,756.0,1644.85,934.1,178.1,20.0371,0.6982,0.0,-756.0,0.0,6.8165,0.0,-756.0,0.0,6.8165,1.0,0.0,0.0,0.0,0.0
413,392.47,749.6,1682.05,940.85,191.25,20.5105,0.688,0.0,-749.6,0.0,6.8165,0.0,-749.6,0.0,6.8165,1.0,0.0,0.0,0.0,0.0
414,392.84,755.9,1749.95,935.2,179.3,18.0373,0.7438,0.0,-755.9,0.0,6.8165,0.0,-755.9,0.0,6.8165,1.0,0.0,0.0,0.0,0.0
415,393.21,770.75,1784.3,944.15,173.4,17.1082,0.7668,0.0,-770.75,0.0,6.8165,0.0,-770.75,0.0,6.8165,1.0,0.0,0.0,0.0,0.0
416,393.58,765.0,1827.65,938.45,173.45,16.3224,0.7872,0.0,-765.0,0.0,6.8165,0.0,-765.0,0.0,6.8165,1.0,0.0,0.0,0.0,0.0
417,393.95,769.0,1870.0,949.6,180.6,16.4033,0.7851,0.0,-769.0,0.0,6.8165,0.0,-769.0,0.0,6.8165,1.0,0.0,0.0,0.0,0.0
418,394.32,764.0,1954.35,938.6,174.6,14.668,0.8336,0.0,-764.0,0.0,6.8165,0.0,-764.0,0.0,6.8165,1.0,0.0,0.0,0.0,0.0
419,394.69,769.95,1986.75,920.2,150.25,12.348,0.9084,0.0,-769.95,0.0,6.8165,0.0,-769.95,0.0,6.8165,1.0,0.0,0.0,0.0,0.0
420,395.06,759.2,2048.25,936.9,177.7,13.7853,0.8606,0.0,-759.2,0.0,6.8165,0.0,-759.2,0.0,6.8165,1.0,0.0,0.0,0.0,0.0
421,395.43,764.95,2130.8,949.95,185.0,13.5447,0.8682,0.0,-764.95,0.0,6.8165,0.0,-764.95,0.0,6.8165,1.0,0.0,0.0,0.0,0.0
422,395.8,770.2,2195.7,956.2,186.0,13.0481,0.8845,0.0,-770.2,0.0,6.8165,0.0,-770.2,0.0,6.8165,1.0,0.0,0.0,0.0,0.0
423,396.16,775.65,2287.95,941.35,165.7,10.9568,0.9603,0.0,-775.65,0.0,6.8165,0.0,-775.65,0.0,6.8165,1.0,0.0,0.0,0.0,0.0
424,396.53,752.65,2345.9,964.5,211.85,13.2967,0.8763,0.0,-752.65,0.0,6.8165,0.0,-752.65,0.0,6.8165,1.0,0.0,0.0,0.0,0.0
425,396.9,759.75,2405.8,947.35,187.6,11.397,0.9432,0.0,-759.75,0.0,6.8165,0.0,-759.75,0.0,6.8165,1.0,0.0,0.0,0.0,0.0
426,397.27,764.5,2496.2,960.2,195.7,11.301,0.9469,0.0,-764.5,0.0,6.8165,0.0,-764.5,0.0,6.8165,1.0,0.0,0.0,0.0,0.0
427,397.64,766.7,2593.8,957.8,191.1,10.4592,0.9805,0.0,-766.7,0.0,6.8165,0.0,-766.7,0.0,6.8165,1.0,0.0,0.0,0.0,0.0
428,398.01,776.15,2620.75,973.8,197.65,10.7151,0.97,0.0,-776.15,0.0,6.8165,0.0,-776.15,0.0,6.8165,1.0,0.0,0.0,0.0,0.0
429,398.38,767.1,2727.5,988.4,221.3,11.2885,0.9474,0.0,-767.1,0.0,6.8165,0.0,-767.1,0.0,6.8165,1.0,0.0,0.0,0.0,0.0
430,398.75,761.15,2720.15,990.35,229.2,11.6998,0.9318,0.0,-761.15,0.0,6.8165,0.0,-761.15,0.0,6.8165,1.0,0.0,0.0,0.0,0.0
431,399.12,750.8,2822.3,1028.7,277.9,13.4154,0.8724,0.0,-750.8,0.0,6.8165,0.0,-750.8,0.0,6.8165,1.0,0.0,0.0,0.0,0.0
432,399.48,747.35,2927.2,1050.25,302.9,13.8955,0.8571,0.0,-747.35,0.0,6.8165,0.0,-747.35,0.0,6.8165,1.0,0.0,0.0,0.0,0.0
433,399.85,772.45,2912.5,1043.2,270.75,12.6516,0.8979,0.0,-772.45,0.0,6.8165,0.0,-772.45,0.0,6.8165,1.0,0.0,0.0,0.0,0.0
434,400.22,766.15,2997.55,1009.15,243.0,10.89,0.963,0.0,-766.15,0.0,6.8165,0.0,-766.15,0.0,6.8165,1.0,0.0,0.0,0.0,0.0
435,400.59,754.15,3147.9,974.6,220.45,9.2094,1.0358,0.0,-754.15,0.0,6.8165,0.0,-754.15,0.0,6.8165,1.0,0.0,0.0,0.0,0.0
436,400.96,771.55,3136.95,968.7,197.15,8.3347,1.0791,0.0,-771.55,0.0,6.8165,0.0,-771.55,0.0,6.8165,1.0,0.0,0.0,0.0,0.0
437,401.32,758.15,3133.85,962.7,204.55,8.6101,1.065,0.0,-758.15,0.0,6.8165,0.0,-758.15,0.0,6.8165,1.0,0.0,0.0,0.0,0.0
438,401.69,788.5,3212.75,950.8,162.3,6.6949,1.1743,0.0,-788.5,0.0,6.8165,0.0,-788.5,0.0,6.8165,1.0,0.0,0.0,0.0,0.0
439,402.06,752.0,3312.85,965.75,213.75,8.3468,1.0785,0.0,-752.0,0.0,6.8165,0.0,-752.0,0.0,6.8165,1.0,0.0,0.0,0.0,0.0
440,402.43,768.1,3364.3,972.85,204.75,7.8865,1.1031,0.0,-768.1,0.0,6.8165,0.0,-768.1,0.0,6.8165,1.0,0.0,0.0,0.0,0.0
441,402.8,760.6,3435.0,961.05,200.45,7.4951,1.1252,0.0,-760.6,0.0,6.8165,0.0,-760.6,0.0,6.8165,1.0,0.0,0.0,0.0,0.0
442,403.16,754.95,3465.05,963.3,208.35,7.6879,1.1142,0.0,-754.95,0.0,6.8165,0.0,-754.95,0.0,6.8165,1.0,0.0,0.0,0.0,0.0
443,403.53,761.85,3490.0,961.25,199.4,7.309,1.1361,0.0,-761.85,0.0,6.8165,0.0,-761.85,0.0,6.8165,1.0,0.0,0.0,0.0,0.0
444,403.9,788.55,3730.3,971.2,182.65,6.2089,1.207,0.0,-788.55,0.0,6.8165,0.0,-788.55,0.0,6.8165,1.0,0.0,0.0,0.0,0.0
445,404.27,756.15,3684.6,964.9,208.75,7.1283,1.147,0.0,-756.15,0.0,6.8165,0.0,-756.15,0.0,6.8165,1.0,0.0,0.0,0.0,0.0
446,404.63,767.25,3770.8,968.95,201.7,6.7154,1.1729,0.0,-767.25,0.0,6.8165,0.0,-767.25,0.0,6.8165,1.0,0.0,0.0,0.0,0.0
447,405.0,765.7,3991.2,963.25,197.55,6.1246,1.2129,0.0,-765.7,0.0,6.8165,0.0,-765.7,0.0,6.8165,1.0,0.0,0.0,0.0,0.0
448,405.37,764.55,4114.2,955.45,190.9,5.6991,1.2442,0.0,-764.55,0.0,6.8165,0.0,-764.55,0.0,6.8165,1.0,0.0,0.0,0.0,0.0
449,405.73,772.2,4235.75,955.25,183.05,5.285,1.277,0.0,-772.2,0.0,6.8165,0.0,-772.2,0.0,6.8165,1.0,0.0,0.0,0.0,0.0
450,406.1,766.8,4322.5,966.25,199.45,5.6093,1.2511,0.0,-766.8,0.0,6.8165,0.0,-766.8,0.0,6.8165,1.0,0.0,0.0,0.0,0.0
451,406.47,769.5,4417.2,951.4,181.9,4.9867,1.3022,0.0,-769.5,0.0,6.8165,0.0,-769.5,0.0,6.8165,1.0,0.0,0.0,0.0,0.0
452,406.83,763.95,4658.85,952.55,188.6,4.8422,1.315,0.0,-763.95,0.0,6.8165,0.0,-763.95,0.0,6.8165,1.0,0.0,0.0,0.0,0.0
453,407.2,758.85,4688.85,976.9,218.05,5.5483,1.2558,0.0,-758.85,0.0,6.8165,0.0,-758.85,0.0,6.8165,1.0,0.0,0.0,0.0,0.0
454,407.57,762.2,4896.95,980.65,218.45,5.2833,1.2771,0.0,-762.2,0.0,6.8165,0.0,-762.2,0.0,6.8165,1.0,0.0,0.0,0.0,0.0
455,407.93,767.15,4926.4,979.0,211.85,5.0935,1.293,0.0,-767.15,0.0,6.8165,0.0,-767.15,0.0,6.8165,1.0,0.0,0.0,0.0,0.0
456,408.3,766.05,4993.55,964.25,198.2,4.6884,1.329,0.0,-766.05,0.0,6.8165,0.0,-766.05,0.0,6.8165,1.0,0.0,0.0,0.0,0.0
457,408.67,768.25,5118.75,977.25,209.0,4.804,1.3184,0.0,-768.25,0.0,6.8165,0.0,-768.25,0.0,6.8165,1.0,0.0,0.0,0.0,0.0
458,409.03,766.4,5316.5,976.35,209.95,4.6142,1.3359,0.0,-766.4,0.0,6.8165,0.0,-766.4,0.0,6.8165,1.0,0.0,0.0,0.0,0.0
459,409.4,768.75,5352.8,973.15,204.4,4.4589,1.3508,0.0,-768.75,0.0,6.8165,0.0,-768.75,0.0,6.8165,1.0,0.0,0.0,0.0,0.0
460,409.76,768.75,5575.75,976.15,207.4,4.3145,1.3651,0.0,-768.75,0.0,6.8165,0.0,-768.75,0.0,6.8165,1.0,0.0,0.0,0.0,0.0
461,410.13,761.65,5454.35,994.1,232.45,4.9534,1.3051,0.0,-761.65,0.0,6.8165,0.0,-761.65,0.0,6.8165,1.0,0.0,0.0,0.0,0.0
462,410.5,770.15,5645.25,987.8,217.65,4.4645,1.3502,0.0,-770.15,0.0,6.8165,0.0,-770.15,0.0,6.8165,1.0,0.0,0.0,0.0,0.0
463,410.86,769.0,5744.05,967.85,198.85,3.9969,1.3983,0.0,-769.0,0.0,6.8165,0.0,-769.0,0.0,6.8165,1.0,0.0,0.0,0.0,0.0
464,411.23,762.9,5825.8,978.65,215.75,4.2614,1.3704,0.0,-762.9,0.0,6.8165,0.0,-762.9,0.0,6.8165,1.0,0.0,0.0,0.0,0.0
465,411.59,756.95,6011.35,969.9,212.95,4.0528,1.3922,0.0,-756.95,0.0,6.8165,0.0,-756.95,0.0,6.8165,1.0,0.0,0.0,0.0,0.0
466,411.96,763.65,5989.15,989.65,226.0,4.3249,1.364,0.0,-763.65,0.0,6.8165,0.0,-763.65,0.0,6.8165,1.0,0.0,0.0,0.0,0.0
467,412.32,775.5,6107.9,988.1,212.6,3.9869,1.3994,0.0,-775.5,0.0,6.8165,0.0,-775.5,0.0,6.8165,1.0,0.0,0.0,0.0,0.0
468,412.69,761.3,6368.95,993.5,232.2,4.1408,1.3829,0.0,-761.3,0.0,6.8165,0.0,-761.3,0.0,6.8165,1.0,0.0,0.0,0.0,0.0
469,413.05,761.55,6543.4,1002.9,241.35,4.1743,1.3794,0.0,-761.55,0.0,6.8165,0.0,-761.55,0.0,6.8165,1.0,0.0,0.0,0.0,0.0
470,413.42,766.55,6446.1,1012.95,246.4,4.3384,1.3627,0.0,-766.55,0.0,6.8165,0.0,-766.55,0.0,6.8165,1.0,0.0,0.0,0.0,0.0
471,413.78,778.0,6856.2,1045.7,267.7,4.4043,1.3561,0.0,-778.0,0.0,6.8165,0.0,-778.0,0.0,6.8165,1.0,0.0,0.0,0.0,0.0
472,414.15,765.9,6946.0,1075.15,309.25,5.004,1.3007,0.0,-765.9,0.0,6.8165,0.0,-765.9,0.0,6.8165,1.0,0.0,0.0,0.0,0.0
473,414.51,764.7,6789.45,1082.75,318.05,5.2791,1.2774,0.0,-764.7,0.0,6.8165,0.0,-764.7,0.0,6.8165,1.0,0.0,0.0,0.0,0.0
474,414.88,763.3,6991.6,1069.15,305.85,4.9106,1.3089,0.0,-763.3,0.0,6.8165,0.0,-763.3,0.0,6.8165,1.0,0.0,0.0,0.0,0.0
475,415.24,771.85,7335.75,1067.6,295.75,4.5057,1.3462,0.0,-771.85,0.0,6.8165,0.0,-771.85,0.0,6.8165,1.0,0.0,0.0,0.0,0.0
476,415.61,778.2,7392.85,1027.55,249.35,3.7697,1.4237,0.0,-778.2,0.0,6.8165,0.0,-778.2,0.0,6.8165,1.0,0.0,0.0,0.0,0.0
477,415.97,763.3,7219.65,1034.2,270.9,4.1959,1.3772,0.0,-763.3,0.0,6.8165,0.0,-763.3,0.0,6.8165,1.0,0.0,0.0,0.0,0.0
478,416.33,768.25,7570.35,1003.5,235.25,3.4585,1.4611,0.0,-768.25,0.0,6.8165,0.0,-768.25,0.0,6.8165,1.0,0.0,0.0,0.0,0.0
479,416.7,758.55,7691.3,1003.05,244.5,3.5267,1.4526,0.0,-758.55,0.0,6.8165,0.0,-758.55,0.0,6.8165,1.0,0.0,0.0,0.0,0.0
480,417.06,760.95,8020.9,996.3,235.35,3.2418,1.4892,0.0,-760.95,0.0,6.8165,0.0,-760.95,0.0,6.8165,1.0,0.0,0.0,0.0,0.0
481,417.43,753.5,7976.15,997.25,243.75,3.3748,1.4718,0.0,-753.5,0.0,6.8165,0.0,-753.5,0.0,6.8165,1.0,0.0,0.0,0.0,0.0
482,417.79,751.65,7887.9,984.05,232.4,3.2566,1.4872,0.0,-751.65,0.0,6.8165,0.0,-751.65,0.0,6.8165,1.0,0.0,0.0,0.0,0.0
483,418.15,759.9,7948.65,977.65,217.75,3.029,1.5187,0.0,-759.9,0.0,6.8165,0.0,-759.9,0.0,6.8165,1.0,0.0,0.0,0.0,0.0
484,418.52,762.0,8331.35,997.5,235.5,3.1112,1.5071,0.0,-762.0,0.0,6.8165,0.0,-762.0,0.0,6.8165,1.0,0.0,0.0,0.0,0.0
485,418.88,772.6,8425.8,999.45,226.85,2.9641,1.5281,0.0,-772.6,0.0,6.8165,0.0,-772.6,0.0,6.8165,1.0,0.0,0.0,0.0,0.0
486,419.24,755.1,8765.1,1021.85,266.75,3.3302,1.4775,0.0,-755.1,0.0,6.8165,0.0,-755.1,0.0,6.8165,1.0,0.0,0.0,0.0,0.0
487,419.61,763.85,8791.5,1008.15,244.3,3.0432,1.5167,0.0,-763.85,0.0,6.8165,0.0,-763.85,0.0,6.8165,1.0,0.0,0.0,0.0,0.0
488,419.97,763.05,8888.45,1020.0,256.95,3.1623,1.5,0.0,-763.05,0.0,6.8165,0.0,-763.05,0.0,6.8165,1.0,0.0,0.0,0.0,0.0
489,420.33,747.5,9205.95,1033.9,286.4,3.386,1.4703,0.0,-747.5,0.0,6.8165,0.0,-747.5,0.0,6.8165,1.0,0.0,0.0,0.0,0.0
490,420.7,760.75,9114.4,1052.0,291.25,3.4865,1.4576,0.0,-760.75,0.0,6.8165,0.0,-760.75,0.0,6.8165,1.0,0.0,0.0,0.0,0.0
491,421.06,764.6,9349.35,1073.35,308.75,3.5965,1.4441,0.0,-764.6,0.0,6.8165,0.0,-764.6,0.0,6.8165,1.0,0.0,0.0,0.0,0.0
492,421.42,767.4,9488.35,1076.5,309.1,3.5443,1.4505,0.0,-767.4,0.0,6.8165,0.0,-767.4,0.0,6.8165,1.0,0.0,0.0,0.0,0.0
493,421.79,760.75,9553.55,1068.5,307.75,3.5,1.4559,0.0,-760.75,0.0,6.8165,0.0,-760.75,0.0,6.8165,1.0,0.0,0.0,0.0,0.0
494,422.15,764.2,9505.6,1050.8,286.6,3.2787,1.4843,0.0,-764.2,0.0,6.8165,0.0,-764.2,0.0,6.8165,1.0,0.0,0.0,0.0,0.0
495,422.51,766.6,9721.05,1062.2,295.6,3.3012,1.4813,0.0,-766.6,0.0,6.8165,0.0,-766.6,0.0,6.8165,1.0,0.0,0.0,0.0,0.0
496,422.87,773.65,9940.35,1024.5,250.85,2.7365,1.5628,0.0,-773.65,0.0,6.8165,0.0,-773.65,0.0,6.8165,1.0,0.0,0.0,0.0,0.0
497,423.24,778.65,10114.45,1015.35,236.7,2.5354,1.596,0.0,-778.65,0.0,6.8165,0.0,-778.65,0.0,6.8165,1.0,0.0,0.0,0.0,0.0
498,423.6,778.5,10264.1,999.3,220.8,2.3277,1.6331,0.0,-778.5,0.0,6.8165,0.0,-778.5,0.0,6.8165,1.0,0.0,0.0,0.0,0.0
499,423.96,770.5,10479.35,1015.25,244.75,2.5209,1.5984,0.0,-770.5,0.0,6.8165,0.0,-770.5,0.0,6.8165,1.0,0.0,0.0,0.0,0.0
500,424.32,764.7,10583.05,1006.35,241.65,2.4612,1.6089,0.0,-764.7,0.0,6.8165,0.0,-764.7,0.0,6.8165,1.0,0.0,0.0,0.0,0.0
501,424.69,753.25,10637.1,1011.6,258.35,2.6139,1.5827,0.0,-753.25,0.0,6.8165,0.0,-753.25,0.0,6.8165,1.0,0.0,0.0,0.0,0.0
502,425.05,755.75,11207.75,1005.4,249.65,2.3885,1.6219,0.0,-755.75,0.0,6.8165,0.0,-755.75,0.0,6.8165,1.0,0.0,0.0,0.0,0.0
503,425.41,760.5,11697.5,1002.3,241.8,2.2108,1.6554,0.0,-760.5,0.0,6.8165,0.0,-760.5,0.0,6.8165,1.0,0.0,0.0,0.0,0.0
504,425.77,760.7,11492.15,1008.0,247.3,2.3044,1.6374,0.0,-760.7,0.0,6.8165,0.0,-760.7,0.0,6.8165,1.0,0.0,0.0,0.0,0.0
505,426.13,754.6,11504.8,1016.85,262.25,2.4395,1.6127,0.0,-754.6,0.0,6.8165,0.0,-754.6,0.0,6.8165,1.0,0.0,0.0,0.0,0.0
506,426.5,771.05,11476.7,1012.7,241.65,2.2572,1.6464,0.0,-771.05,0.0,6.8165,0.0,-771.05,0.0,6.8165,1.0,0.0,0.0,0.0,0.0
507,426.86,768.25,11640.7,1022.6,254.35,2.3394,1.6309,0.0,-768.25,0.0,6.8165,0.0,-768.25,0.0,6.8165,1.0,0.0,0.0,0.0,0.0
508,427.22,766.7,12347.85,1024.8,258.1,2.2286,1.652,0.0,-766.7,0.0,6.8165,0.0,-766.7,0.0,6.8165,1.0,0.0,0.0,0.0,0.0
509,427.58,761.3,12065.6,1030.4,269.1,2.3805,1.6233,0.0,-761.3,0.0,6.8165,0.0,-761.3,0.0,6.8165,1.0,0.0,0.0,0.0,0.0
510,427.94,751.7,12674.4,1039.0,287.3,2.4097,1.618,0.0,-751.7,0.0,6.8165,0.0,-751.7,0.0,6.8165,1.0,0.0,0.0,0.0,0.0
511,428.3,757.9,13009.65,1043.25,285.35,2.3291,1.6328,0.0,-757.9,0.0,6.8165,0.0,-757.9,0.0,6.8165,1.0,0.0,0.0,0.0,0.0
512,428.66,753.2,12638.35,1052.2,299.0,2.5157,1.5993,0.0,-753.2,0.0,6.8165,0.0,-753.2,0.0,6.8165,1.0,0.0,0.0,0.0,0.0
513,429.02,774.45,12886.75,1043.0,268.55,2.2172,1.6542,0.0,-774.45,0.0,6.8165,0.0,-774.45,0.0,6.8165,1.0,0.0,0.0,0.0,0.0
514,429.39,764.3,13096.25,1044.55,280.25,2.2726,1.6435,0.0,-764.3,0.0,6.8165,0.0,-764.3,0.0,6.8165,1.0,0.0,0.0,0.0,0.0
515,429.75,766.95,13211.55,1043.9,276.95,2.2255,1.6526,0.0,-766.95,0.0,6.8165,0.0,-766.95,0.0,6.8165,1.0,0.0,0.0,0.0,0.0
516,430.11,761.25,13433.85,1054.25,293.0,2.3121,1.636,0.0,-761.25,0.0,6.8165,0.0,-761.25,0.0,6.8165,1.0,0.0,0.0,0.0,0.0
517,430.47,746.7,13656.85,1045.95,299.25,2.3179,1.6349,0.0,-746.7,0.0,6.8165,0.0,-746.7,0.0,6.8165,1.0,0.0,0.0,0.0,0.0
518,430.83,765.45,13695.7,1049.15,283.7,2.1941,1.6587,0.0,-765.45,0.0,6.8165,0.0,-765.45,0.0,6.8165,1.0,0.0,0.0,0.0,0.0
519,431.19,761.35,14098.05,1053.2,291.85,2.1883,1.6599,0.0,-761.35,0.0,6.8165,0.0,-761.35,0.0,6.8165,1.0,0.0,0.0,0.0,0.0
520,431.55,768.45,13602.2,1031.3,262.85,2.0481,1.6886,0.0,-768.45,0.0,6.8165,0.0,-768.45,0.0,6.8165,1.0,0.0,0.0,0.0,0.0
521,431.91,769.65,14227.3,1042.25,272.6,2.0256,1.6934,0.0,-769.65,0.0,6.8165,0.0,-769.65,0.0,6.8165,1.0,0.0,0.0,0.0,0.0
522,432.27,775.55,14609.35,1025.65,250.1,1.8079,1.7428,0.0,-775.55,0.0,6.8165,0.0,-775.55,0.0,6.8165,1.0,0.0,0.0,0.0,0.0
523,432.63,763.55,14420.2,1058.05,294.5,2.1565,1.6663,0.0,-763.55,0.0,6.8165,0.0,-763.55,0.0,6.8165,1.0,0.0,0.0,0.0,0.0
524,432.99,770.75,14692.4,1059.6,288.85,2.0748,1.683,0.0,-770.75,0.0,6.8165,0.0,-770.75,0.0,6.8165,1.0,0.0,0.0,0.0,0.0
525,433.35,776.5,14862.7,1044.7,268.2,1.904,1.7203,0.0,-776.5,0.0,6.8165,0.0,-776.5,0.0,6.8165,1.0,0.0,0.0,0.0,0.0
526,433.71,757.85,14891.65,1056.55,298.7,2.1134,1.675,0.0,-757.85,0.0,6.8165,0.0,-757.85,0.0,6.8165,1.0,0.0,0.0,0.0,0.0
527,434.07,776.5,15755.35,1039.5,263.0,1.7558,1.7555,0.0,-776.5,0.0,6.8165,0.0,-776.5,0.0,6.8165,1.0,0.0,0.0,0.0,0.0
528,434.43,754.7,15568.55,1048.25,293.55,1.9816,1.703,0.0,-754.7,0.0,6.8165,0.0,-754.7,0.0,6.8165,1.0,0.0,0.0,0.0,0.0
529,434.79,763.7,15819.9,1051.9,288.2,1.9142,1.718,0.0,-763.7,0.0,6.8165,0.0,-763.7,0.0,6.8165,1.0,0.0,0.0,0.0,0.0
530,435.15,776.3,16135.25,1062.75,286.45,1.865,1.7293,0.0,-776.3,0.0,6.8165,0.0,-776.3,0.0,6.8165,1.0,0.0,0.0,0.0,0.0
531,435.51,772.55,16414.55,1060.45,287.9,1.8406,1.7351,0.0,-772.55,0.0,6.8165,0.0,-772.55,0.0,6.8165,1.0,0.0,0.0,0.0,0.0
532,435.87,767.0,16573.55,1060.15,293.15,1.8546,1.7317,0.0,-767.0,0.0,6.8165,0.0,-767.0,0.0,6.8165,1.0,0.0,0.0,0.0,0.0
533,436.23,771.05,17069.8,1069.0,297.95,1.8281,1.738,0.0,-771.05,0.0,6.8165,0.0,-771.05,0.0,6.8165,1.0,0.0,0.0,0.0,0.0
534,436.59,769.7,17546.35,1047.9,278.2,1.6583,1.7803,0.0,-769.7,0.0,6.8165,0.0,-769.7,0.0,6.8165,1.0,0.0,0.0,0.0,0.0
535,436.94,774.8,17682.5,1076.1,301.3,1.782,1.7491,0.0,-774.8,0.0,6.8165,0.0,-774.8,0.0,6.8165,1.0,0.0,0.0,0.0,0.0
536,437.3,771.1,17900.25,1060.1,289.0,1.6872,1.7728,0.0,-771.1,0.0,6.8165,0.0,-771.1,0.0,6.8165,1.0,0.0,0.0,0.0,0.0
537,437.66,780.1,17780.4,1051.0,270.9,1.5935,1.7976,0.0,-780.1,0.0,6.8165,0.0,-780.1,0.0,6.8165,1.0,0.0,0.0,0.0,0.0
538,438.02,775.55,18429.1,1058.65,283.1,1.6036,1.7949,0.0,-775.55,0.0,6.8165,0.0,-775.55,0.0,6.8165,1.0,0.0,0.0,0.0,0.0
539,438.38,780.4,18891.3,1066.85,286.45,1.5816,1.8009,0.0,-780.4,0.0,6.8165,0.0,-780.4,0.0,6.8165,1.0,0.0,0.0,0.0,0.0
540,438.74,765.9,19041.05,1053.05,287.15,1.5713,1.8038,0.0,-765.9,0.0,6.8165,0.0,-765.9,0.0,6.8165,1.0,0.0,0.0,0.0,0.0
541,439.1,771.9,18592.65,1063.1,291.2,1.6341,1.7867,0.0,-771.9,0.0,6.8165,0.0,-771.9,0.0,6.8165,1.0,0.0,0.0,0.0,0.0
542,439.46,771.65,18870.5,1073.55,301.9,1.6681,1.7778,0.0,-771.65,0.0,6.8165,0.0,-771.65,0.0,6.8165,1.0,0.0,0.0,0.0,0.0
543,439.81,759.75,19025.35,1076.6,316.85,1.7347,1.7608,0.0,-759.75,0.0,6.8165,0.0,-759.75,0.0,6.8165,1.0,0.0,0.0,0.0,0.0
544,440.17,771.95,18671.3,1074.0,302.05,1.6875,1.7728,0.0,-771.95,0.0,6.8165,0.0,-771.95,0.0,6.8165,1.0,0.0,0.0,0.0,0.0
545,440.53,773.9,19216.7,1075.6,301.7,1.6359,1.7863,0.0,-773.9,0.0,6.8165,0.0,-773.9,0.0,6.8165,1.0,0.0,0.0,0.0,0.0
546,440.89,762.2,19278.6,1116.1,353.9,1.9113,1.7187,0.0,-762.2,0.0,6.8165,0.0,-762.2,0.0,6.8165,1.0,0.0,0.0,0.0,0.0
547,441.25,774.35,19205.8,1138.65,364.3,1.9765,1.7041,0.0,-774.35,0.0,6.8165,0.0,-774.35,0.0,6.8165,1.0,0.0,0.0,0.0,0.0
548,441.6,771.4,19465.8,1152.05,380.65,2.0362,1.6912,0.0,-771.4,0.0,6.8165,0.0,-771.4,0.0,6.8165,1.0,0.0,0.0,0.0,0.0
549,441.96,777.7,20009.85,1206.95,429.25,2.2319,1.6513,0.0,-777.7,0.0,6.8165,0.0,-777.7,0.0,6.8165,1.0,0.0,0.0,0.0,0.0
550,442.32,780.45,19636.2,1237.65,457.2,2.4247,1.6153,0.0,-780.45,0.0,6.8165,0.0,-780.45,0.0,6.8165,1.0,0.0,0.0,0.0,0.0
551,442.68,784.05,19445.4,1278.2,494.15,2.648,1.5771,0.0,-784.05,0.0,6.8165,0.0,-784.05,0.0,6.8165,1.0,0.0,0.0,0.0,0.0
552,443.03,779.25,20806.6,1292.55,513.3,2.563,1.5913,0.0,-779.25,0.0,6.8165,0.0,-779.25,0.0,6.8165,1.0,0.0,0.0,0.0,0.0
553,443.39,775.2,19948.15,1248.1,472.9,2.4665,1.6079,0.0,-775.2,0.0,6.8165,0.0,-775.2,0.0,6.8165,1.0,0.0,0.0,0.0,0.0
554,443.75,779.95,21381.9,1199.35,419.4,2.0357,1.6913,0.0,-779.95,0.0,6.8165,0.0,-779.95,0.0,6.8165,1.0,0.0,0.0,0.0,0.0
555,444.11,770.65,21338.3,1128.75,358.1,1.7411,1.7592,0.0,-770.65,0.0,6.8165,0.0,-770.65,0.0,6.8165,1.0,0.0,0.0,0.0,0.0
556,444.46,768.45,20934.15,1113.25,344.8,1.7098,1.767,0.0,-768.45,0.0,6.8165,0.0,-768.45,0.0,6.8165,1.0,0.0,0.0,0.0,0.0
557,444.82,779.35,20727.45,1083.0,303.65,1.5222,1.8175,0.0,-779.35,0.0,6.8165,0.0,-779.35,0.0,6.8165,1.0,0.0,0.0,0.0,0.0
558,445.18,777.35,20919.85,1086.8,309.45,1.5363,1.8135,0.0,-777.35,0.0,6.8165,0.0,-777.35,0.0,6.8165,1.0,0.0,0.0,0.0,0.0
559,445.53,763.95,21387.65,1077.55,313.6,1.5206,1.818,0.0,-763.95,0.0,6.8165,0.0,-763.95,0.0,6.8165,1.0,0.0,0.0,0.0,0.0
560,445.89,778.0,21656.35,1072.1,294.1,1.4086,1.8512,0.0,-778.0,0.0,6.8165,0.0,-778.0,0.0,6.8165,1.0,0.0,0.0,0.0,0.0
561,446.25,773.75,22157.3,1077.0,303.25,1.4181,1.8483,0.0,-773.75,0.0,6.8165,0.0,-773.75,0.0,6.8165,1.0,0.0,0.0,0.0,0.0
562,446.6,784.8,21523.35,1075.15,290.35,1.4,1.8539,0.0,-784.8,0.0,6.8165,0.0,-784.8,0.0,6.8165,1.0,0.0,0.0,0.0,0.0
563,446.96,773.15,21654.0,1086.25,313.1,1.4995,1.8241,0.0,-773.15,0.0,6.8165,0.0,-773.15,0.0,6.8165,1.0,0.0,0.0,0.0,0.0
564,447.32,767.5,22028.4,1076.2,308.7,1.452,1.838,0.0,-767.5,0.0,6.8165,0.0,-767.5,0.0,6.8165,1.0,0.0,0.0,0.0,0.0
565,447.67,780.35,22728.65,1067.95,287.6,1.3104,1.8826,0.0,-780.35,0.0,6.8165,0.0,-780.35,0.0,6.8165,1.0,0.0,0.0,0.0,0.0
566,448.03,766.35,22536.15,1085.4,319.05,1.4656,1.834,0.0,-766.35,0.0,6.8165,0.0,-766.35,0.0,6.8165,1.0,0.0,0.0,0.0,0.0
567,448.38,783.45,22731.4,1064.25,280.8,1.2794,1.893,0.0,-783.45,0.0,6.8165,0.0,-783.45,0.0,6.8165,1.0,0.0,0.0,0.0,0.0
568,448.74,785.9,23901.5,1089.95,304.05,1.3153,1.881,0.0,-785.9,0.0,6.8165,0.0,-785.9,0.0,6.8165,1.0,0.0,0.0,0.0,0.0
569,449.1,773.6,23576.85,1075.95,302.35,1.3259,1.8775,0.0,-773.6,0.0,6.8165,0.0,-773.6,0.0,6.8165,1.0,0.0,0.0,0.0,0.0
570,449.45,774.55,25222.3,1082.7,308.15,1.2604,1.8995,0.0,-774.55,0.0,6.8165,0.0,-774.55,0.0,6.8165,1.0,0.0,0.0,0.0,0.0
571,449.81,778.2,26983.55,1074.9,296.7,1.1322,1.9461,0.0,-778.2,0.0,6.8165,0.0,-778.2,0.0,6.8165,1.0,0.0,0.0,0.0,0.0
572,450.16,783.95,27996.1,1092.9,308.95,1.1353,1.9449,0.0,-783.95,0.0,6.8165,0.0,-783.95,0.0,6.8165,1.0,0.0,0.0,0.0,0.0
573,450.52,782.8,30297.35,1095.3,312.5,1.0588,1.9752,0.0,-782.8,0.0,6.8165,0.0,-782.8,0.0,6.8165,1.0,0.0,0.0,0.0,0.0
574,450.87,786.3,29524.85,1098.15,311.85,1.0851,1.9645,0.0,-786.3,0.0,6.8165,0.0,-786.3,0.0,6.8165,1.0,0.0,0.0,0.0,0.0
575,451.23,783.95,27574.55,1087.8,303.85,1.1342,1.9453,0.0,-783.95,0.0,6.8165,0.0,-783.95,0.0,6.8165,1.0,0.0,0.0,0.0,0.0
576,451.59,775.1,27267.35,1099.35,324.25,1.2239,1.9122,0.0,-775.1,0.0,6.8165,0.0,-775.1,0.0,6.8165,1.0,0.0,0.0,0.0,0.0
577,451.94,769.7,26723.85,1117.45,347.75,1.3399,1.8729,0.0,-769.7,0.0,6.8165,0.0,-769.7,0.0,6.8165,1.0,0.0,0.0,0.0,0.0
578,452.3,787.4,27279.9,1123.0,335.6,1.2668,1.8973,0.0,-787.4,0.0,6.8165,0.0,-787.4,0.0,6.8165,1.0,0.0,0.0,0.0,0.0
579,452.65,790.4,27549.0,1146.2,355.8,1.3297,1.8763,0.0,-790.4,0.0,6.8165,0.0,-790.4,0.0,6.8165,1.0,0.0,0.0,0.0,0.0
580,453.01,787.4,28713.55,1162.9,375.5,1.3446,1.8714,0.0,-787.4,0.0,6.8165,0.0,-787.4,0.0,6.8165,1.0,0.0,0.0,0.0,0.0
581,453.36,782.9,27532.05,1177.25,394.35,1.4743,1.8314,0.0,-782.9,0.0,6.8165,0.0,-782.9,0.0,6.8165,1.0,0.0,0.0,0.0,0.0
582,453.71,776.15,26058.8,1189.6,413.45,1.6353,1.7864,0.0,-776.15,0.0,6.8165,0.0,-776.15,0.0,6.8165,1.0,0.0,0.0,0.0,0.0
583,454.07,783.05,26488.85,1217.65,434.6,1.6907,1.7719,0.0,-783.05,0.0,6.8165,0.0,-783.05,0.0,6.8165,1.0,0.0,0.0,0.0,0.0
584,454.42,781.15,26652.55,1240.5,459.35,1.7755,1.7507,0.0,-781.15,0.0,6.8165,0.0,-781.15,0.0,6.8165,1.0,0.0,0.0,0.0,0.0
585,454.78,784.85,27773.45,1253.1,468.25,1.735,1.7607,0.0,-784.85,0.0,6.8165,0.0,-784.85,0.0,6.8165,1.0,0.0,0.0,0.0,0.0
586,455.13,768.65,27617.95,1233.9,465.25,1.7328,1.7612,0.0,-768.65,0.0,6.8165,0.0,-768.65,0.0,6.8165,1.0,0.0,0.0,0.0,0.0
587,455.49,776.2,28747.05,1229.6,453.4,1.621,1.7902,0.0,-776.2,0.0,6.8165,0.0,-776.2,0.0,6.8165,1.0,0.0,0.0,0.0,0.0
588,455.84,785.45,27635.45,1220.4,434.95,1.6199,1.7905,0.0,-785.45,0.0,6.8165,0.0,-785.45,0.0,6.8165,1.0,0.0,0.0,0.0,0.0
589,456.19,779.7,29127.85,1228.65,448.95,1.5837,1.8003,0.0,-779.7,0.0,6.8165,0.0,-779.7,0.0,6.8165,1.0,0.0,0.0,0.0,0.0
590,456.55,762.5,29955.3,1208.35,445.85,1.5273,1.8161,0.0,-762.5,0.0,6.8165,0.0,-762.5,0.0,6.8165,1.0,0.0,0.0,0.0,0.0
591,456.9,772.2,30349.2,1192.35,420.15,1.4205,1.8475,0.0,-772.2,0.0,6.8165,0.0,-772.2,0.0,6.8165,1.0,0.0,0.0,0.0,0.0
592,457.26,784.95,30861.8,1170.7,385.75,1.2825,1.8919,0.0,-784.95,0.0,6.8165,0.0,-784.95,0.0,6.8165,1.0,0.0,0.0,0.0,0.0
593,457.61,783.0,30794.85,1152.7,369.7,1.2318,1.9094,0.0,-783.0,0.0,6.8165,0.0,-783.0,0.0,6.8165,1.0,0.0,0.0,0.0,0.0
594,457.96,785.8,31632.65,1162.55,376.75,1.2214,1.9132,0.0,-785.8,0.0,6.8165,0.0,-785.8,0.0,6.8165,1.0,0.0,0.0,0.0,0.0
595,458.32,785.5,33399.1,1165.75,380.25,1.1659,1.9333,0.0,-785.5,0.0,6.8165,0.0,-785.5,0.0,6.8165,1.0,0.0,0.0,0.0,0.0
596,458.67,786.85,32411.15,1166.8,379.95,1.2014,1.9203,0.0,-786.85,0.0,6.8165,0.0,-786.85,0.0,6.8165,1.0,0.0,0.0,0.0,0.0
597,459.02,787.35,32842.35,1159.15,371.8,1.1599,1.9356,0.0,-787.35,0.0,6.8165,0.0,-787.35,0.0,6.8165,1.0,0.0,0.0,0.0,0.0
598,459.38,782.6,32700.35,1182.3,399.7,1.2523,1.9023,0.0,-782.6,0.0,6.8165,0.0,-782.6,0.0,6.8165,1.0,0.0,0.0,0.0,0.0
599,459.73,765.15,32769.15,1197.25,432.1,1.3501,1.8696,0.0,-765.15,0.0,6.8165,0.0,-765.15,0.0,6.8165,1.0,0.0,0.0,0.0,0.0
600,460.08,773.75,32299.05,1207.65,433.9,1.3764,1.8613,0.0,-773.75,0.0,6.8165,0.0,-773.75,0.0,6.8165,1.0,0.0,0.0,0.0,0.0
601,460.44,768.45,32892.15,1201.45,433.0,1.3479,1.8703,0.0,-768.45,0.0,6.8165,0.0,-768.45,0.0,6.8165,1.0,0.0,0.0,0.0,0.0
602,460.79,768.15,32804.65,1204.7,436.55,1.3627,1.8656,0.0,-768.15,0.0,6.8165,0.0,-768.15,0.0,6.8165,1.0,0.0,0.0,0.0,0.0
603,461.14,769.45,34179.25,1206.05,436.6,1.3068,1.8838,0.0,-769.45,0.0,6.8165,0.0,-769.45,0.0,6.8165,1.0,0.0,0.0,0.0,0.0
604,461.49,778.65,34541.35,1208.55,429.9,1.2733,1.8951,0.0,-778.65,0.0,6.8165,0.0,-778.65,0.0,6.8165,1.0,0.0,0.0,0.0,0.0
605,461.85,756.6,34817.1,1236.35,479.75,1.4085,1.8512,0.0,-756.6,0.0,6.8165,0.0,-756.6,0.0,6.8165,1.0,0.0,0.0,0.0,0.0
606,462.2,780.65,35869.1,1238.0,457.35,1.3034,1.8849,0.0,-780.65,0.0,6.8165,0.0,-780.65,0.0,6.8165,1.0,0.0,0.0,0.0,0.0
607,462.55,781.75,35281.75,1221.0,439.25,1.2732,1.8951,0.0,-781.75,0.0,6.8165,0.0,-781.75,0.0,6.8165,1.0,0.0,0.0,0.0,0.0
608,462.9,777.75,37712.2,1239.9,462.15,1.2513,1.9026,0.0,-777.75,0.0,6.8165,0.0,-777.75,0.0,6.8165,1.0,0.0,0.0,0.0,0.0
609,463.26,780.75,39115.25,1229.85,449.1,1.1715,1.9312,0.0,-780.75,0.0,6.8165,0.0,-780.75,0.0,6.8165,1.0,0.0,0.0,0.0,0.0
610,463.61,772.9,38480.0,1259.35,486.45,1.2901,1.8894,0.0,-772.9,0.0,6.8165,0.0,-772.9,0.0,6.8165,1.0,0.0,0.0,0.0,0.0
611,463.96,767.25,38164.25,1245.75,478.5,1.2795,1.893,0.0,-767.25,0.0,6.8165,0.0,-767.25,0.0,6.8165,1.0,0.0,0.0,0.0,0.0
612,464.31,794.65,38793.75,1250.65,456.0,1.2,1.9208,0.0,-794.65,0.0,6.8165,0.0,-794.65,0.0,6.8165,1.0,0.0,0.0,0.0,0.0
613,464.66,780.85,38018.4,1247.3,466.45,1.2526,1.9022,0.0,-780.85,0.0,6.8165,0.0,-780.85,0.0,6.8165,1.0,0.0,0.0,0.0,0.0
614,465.02,788.2,37677.9,1249.9,461.7,1.2516,1.9025,0.0,-788.2,0.0,6.8165,0.0,-788.2,0.0,6.8165,1.0,0.0,0.0,0.0,0.0
615,465.37,774.85,38344.0,1260.6,485.75,1.2929,1.8884,0.0,-774.85,0.0,6.8165,0.0,-774.85,0.0,6.8165,1.0,0.0,0.0,0.0,0.0
616,465.72,779.15,38354.45,1261.6,482.45,1.284,1.8915,0.0,-779.15,0.0,6.8165,0.0,-779.15,0.0,6.8165,1.0,0.0,0.0,0.0,0.0
617,466.07,766.0,37872.8,1261.1,495.1,1.3343,1.8748,0.0,-766.0,0.0,6.8165,0.0,-766.0,0.0,6.8165,1.0,0.0,0.0,0.0,0.0
618,466.42,782.65,39505.7,1281.7,499.05,1.2888,1.8898,0.0,-782.65,0.0,6.8165,0.0,-782.65,0.0,6.8165,1.0,0.0,0.0,0.0,0.0
619,466.77,770.4,39937.1,1290.5,520.1,1.3279,1.8768,0.0,-770.4,0.0,6.8165,0.0,-770.4,0.0,6.8165,1.0,0.0,0.0,0.0,0.0
620,467.12,775.4,41201.4,1298.4,523.0,1.2937,1.8882,0.0,-775.4,0.0,6.8165,0.0,-775.4,0.0,6.8165,1.0,0.0,0.0,0.0,0.0
621,467.48,770.75,43612.4,1343.0,572.25,1.3357,1.8743,0.0,-770.75,0.0,6.8165,0.0,-770.75,0.0,6.8165,1.0,0.0,0.0,0.0,0.0
622,467.83,785.15,46921.55,1388.65,603.5,1.3081,1.8834,0.0,-785.15,0.0,6.8165,0.0,-785.15,0.0,6.8165,1.0,0.0,0.0,0.0,0.0
623,468.18,782.0,47186.65,1421.05,639.05,1.3771,1.861,0.0,-782.0,0.0,6.8165,0.0,-782.0,0.0,6.8165,1.0,0.0,0.0,0.0,0.0
624,468.53,775.8,47541.15,1479.4,703.6,1.5045,1.8226,0.0,-775.8,0.0,6.8165,0.0,-775.8,0.0,6.8165,1.0,0.0,0.0,0.0,0.0
625,468.88,772.8,46303.25,1544.45,771.65,1.6948,1.7709,0.0,-772.8,0.0,6.8165,0.0,-772.8,0.0,6.8165,1.0,0.0,0.0,0.0,0.0
626,469.23,765.6,45980.75,1639.3,873.7,1.9323,1.7139,0.0,-765.6,0.0,6.8165,0.0,-765.6,0.0,6.8165,1.0,0.0,0.0,0.0,0.0
627,469.58,757.2,45771.55,1696.5,939.3,2.0867,1.6805,0.0,-757.2,0.0,6.8165,0.0,-757.2,0.0,6.8165,1.0,0.0,0.0,0.0,0.0
628,469.93,774.85,44890.8,1831.0,1056.15,2.394,1.6209,0.0,-774.85,0.0,6.8165,0.0,-774.85,0.0,6.8165,1.0,0.0,0.0,0.0,0.0
629,470.28,770.65,44666.3,1946.55,1175.9,2.6789,1.5721,0.0,-770.65,0.0,6.8165,0.0,-770.65,0.0,6.8165,1.0,0.0,0.0,0.0,0.0
630,470.63,781.95,43956.05,2040.5,1258.55,2.9151,1.5354,0.0,-781.95,0.0,6.8165,0.0,-781.95,0.0,6.8165,1.0,0.0,0.0,0.0,0.0
631,470.98,793.4,43286.65,2095.6,1302.2,3.0645,1.5136,0.0,-793.4,0.0,6.8165,0.0,-793.4,0.0,6.8165,1.0,0.0,0.0,0.0,0.0
632,471.33,792.25,41917.05,2090.9,1298.65,3.1578,1.5006,0.0,-792.25,0.0,6.8165,0.0,-792.25,0.0,6.8165,1.0,0.0,0.0,0.0,0.0
633,471.68,781.65,42679.45,2086.4,1304.75,3.1141,1.5067,0.0,-781.65,0.0,6.8165,0.0,-781.65,0.0,6.8165,1.0,0.0,0.0,0.0,0.0
634,472.03,762.3,42028.05,1987.1,1224.8,2.9681,1.5275,0.0,-762.3,0.0,6.8165,0.0,-762.3,0.0,6.8165,1.0,0.0,0.0,0.0,0.0
635,472.38,782.9,41149.1,1886.1,1103.2,2.733,1.5634,0.0,-782.9,0.0,6.8165,0.0,-782.9,0.0,6.8165,1.0,0.0,0.0,0.0,0.0
636,472.73,783.0,42948.45,1820.9,1037.9,2.4615,1.6088,0.0,-783.0,0.0,6.8165,0.0,-783.0,0.0,6.8165,1.0,0.0,0.0,0.0,0.0
637,473.08,772.4,45040.8,1719.4,947.0,2.1392,1.6697,0.0,-772.4,0.0,6.8165,0.0,-772.4,0.0,6.8165,1.0,0.0,0.0,0.0,0.0
638,473.43,773.9,47677.25,1686.65,912.75,1.946,1.7109,0.0,-773.9,0.0,6.8165,0.0,-773.9,0.0,6.8165,1.0,0.0,0.0,0.0,0.0
639,473.78,780.7,50807.35,1657.0,876.3,1.7517,1.7565,0.0,-780.7,0.0,6.8165,0.0,-780.7,0.0,6.8165,1.0,0.0,0.0,0.0,0.0
640,474.13,777.7,50059.05,1614.1,836.4,1.6972,1.7703,0.0,-777.7,0.0,6.8165,0.0,-777.7,0.0,6.8165,1.0,0.0,0.0,0.0,0.0
641,474.48,776.3,46792.0,1533.0,756.7,1.6444,1.784,0.0,-776.3,0.0,6.8165,0.0,-776.3,0.0,6.8165,1.0,0.0,0.0,0.0,0.0
642,474.83,762.6,42696.9,1463.25,700.65,1.6708,1.7771,0.0,-762.6,0.0,6.8165,0.0,-762.6,0.0,6.8165,1.0,0.0,0.0,0.0,0.0
643,475.18,777.7,42400.35,1441.55,663.85,1.5949,1.7973,0.0,-777.7,0.0,6.8165,0.0,-777.7,0.0,6.8165,1.0,0.0,0.0,0.0,0.0
644,475.52,777.85,41606.35,1434.25,656.4,1.6077,1.7938,0.0,-777.85,0.0,6.8165,0.0,-777.85,0.0,6.8165,1.0,0.0,0.0,0.0,0.0
645,475.87,778.5,41110.85,1434.4,655.9,1.6262,1.7888,0.0,-778.5,0.0,6.8165,0.0,-778.5,0.0,6.8165,1.0,0.0,0.0,0.0,0.0
646,476.22,777.1,40722.65,1421.95,644.85,1.6143,1.792,0.0,-777.1,0.0,6.8165,0.0,-777.1,0.0,6.8165,1.0,0.0,0.0,0.0,0.0
647,476.57,778.4,40345.35,1408.55,630.15,1.5926,1.7979,0.0,-778.4,0.0,6.8165,0.0,-778.4,0.0,6.8165,1.0,0.0,0.0,0.0,0.0
648,476.92,766.05,40304.5,1402.6,636.55,1.61,1.7932,0.0,-766.05,0.0,6.8165,0.0,-766.05,0.0,6.8165,1.0,0.0,0.0,0.0,0.0
649,477.27,773.25,40494.0,1435.05,661.8,1.6661,1.7783,0.0,-773.25,0.0,6.8165,0.0,-773.25,0.0,6.8165,1.0,0.0,0.0,0.0,0.0
650,477.62,779.5,41302.35,1423.85,644.35,1.5901,1.7986,0.0,-779.5,0.0,6.8165,0.0,-779.5,0.0,6.8165,1.0,0.0,0.0,0.0,0.0
651,477.96,778.2,40966.55,1441.6,663.4,1.6507,1.7823,0.0,-778.2,0.0,6.8165,0.0,-778.2,0.0,6.8165,1.0,0.0,0.0,0.0,0.0
652,478.31,771.4,41077.3,1443.7,672.3,1.668,1.7778,0.0,-771.4,0.0,6.8165,0.0,-771.4,0.0,6.8165,1.0,0.0,0.0,0.0,0.0
653,478.66,773.35,41665.4,1460.9,687.55,1.6814,1.7743,0.0,-773.35,0.0,6.8165,0.0,-773.35,0.0,6.8165,1.0,0.0,0.0,0.0,0.0
654,479.01,774.85,42278.25,1478.0,703.15,1.6942,1.771,0.0,-774.85,0.0,6.8165,0.0,-774.85,0.0,6.8165,1.0,0.0,0.0,0.0,0.0
655,479.36,790.95,42327.55,1502.15,711.2,1.7122,1.7664,0.0,-790.95,0.0,6.8165,0.0,-790.95,0.0,6.8165,1.0,0.0,0.0,0.0,0.0
656,479.7,763.6,43134.6,1525.05,761.45,1.7971,1.7454,0.0,-763.6,0.0,6.8165,0.0,-763.6,0.0,6.8165,1.0,0.0,0.0,0.0,0.0
657,480.05,772.8,43987.6,1552.9,780.1,1.8052,1.7435,0.0,-772.8,0.0,6.8165,0.0,-772.8,0.0,6.8165,1.0,0.0,0.0,0.0,0.0
658,480.4,771.0,45646.8,1579.05,808.05,1.8006,1.7446,0.0,-771.0,0.0,6.8165,0.0,-771.0,0.0,6.8165,1.0,0.0,0.0,0.0,0.0
659,480.75,772.4,46888.6,1589.25,816.85,1.7713,1.7517,0.0,-772.4,0.0,6.8165,0.0,-772.4,0.0,6.8165,1.0,0.0,0.0,0.0,0.0
660,481.09,786.65,48710.8,1645.4,858.75,1.7919,1.7467,0.0,-786.65,0.0,6.8165,0.0,-786.65,0.0,6.8165,1.0,0.0,0.0,0.0,0.0
661,481.44,772.85,49960.5,1667.15,894.3,1.8181,1.7404,0.0,-772.85,0.0,6.8165,0.0,-772.85,0.0,6.8165,1.0,0.0,0.0,0.0,0.0
662,481.79,764.15,50728.4,1697.2,933.05,1.8674,1.7288,0.0,-764.15,0.0,6.8165,0.0,-764.15,0.0,6.8165,1.0,0.0,0.0,0.0,0.0
663,482.14,777.7,50713.8,1709.95,932.25,1.8669,1.7289,0.0,-777.7,0.0,6.8165,0.0,-777.7,0.0,6.8165,1.0,0.0,0.0,0.0,0.0
664,482.48,768.4,50749.85,1714.0,945.6,1.8919,1.7231,0.0,-768.4,0.0,6.8165,0.0,-768.4,0.0,6.8165,1.0,0.0,0.0,0.0,0.0
665,482.83,773.35,51057.8,1743.95,970.6,1.9302,1.7144,0.0,-773.35,0.0,6.8165,0.0,-773.35,0.0,6.8165,1.0,0.0,0.0,0.0,0.0
666,483.18,770.7,51019.45,1747.9,977.2,1.9447,1.7111,0.0,-770.7,0.0,6.8165,0.0,-770.7,0.0,6.8165,1.0,0.0,0.0,0.0,0.0
667,483.52,780.35,51468.7,1769.2,988.85,1.9508,1.7098,0.0,-780.35,0.0,6.8165,0.0,-780.35,0.0,6.8165,1.0,0.0,0.0,0.0,0.0
668,483.87,764.3,51223.0,1785.55,1021.25,2.0239,1.6938,0.0,-764.3,0.0,6.8165,0.0,-764.3,0.0,6.8165,1.0,0.0,0.0,0.0,0.0
669,484.22,757.2,51515.2,1816.3,1059.1,2.0866,1.6806,0.0,-757.2,0.0,6.8165,0.0,-757.2,0.0,6.8165,1.0,0.0,0.0,0.0,0.0
670,484.56,768.2,51532.7,1831.85,1063.65,2.0953,1.6788,0.0,-768.2,0.0,6.8165,0.0,-768.2,0.0,6.8165,1.0,0.0,0.0,0.0,0.0
671,484.91,774.4,51165.55,1876.95,1102.55,2.188,1.66,0.0,-774.4,0.0,6.8165,0.0,-774.4,0.0,6.8165,1.0,0.0,0.0,0.0,0.0
672,485.26,763.3,50644.05,1915.4,1152.1,2.3097,1.6364,0.0,-763.3,0.0,6.8165,0.0,-763.3,0.0,6.8165,1.0,0.0,0.0,0.0,0.0
673,485.6,776.55,50318.15,1942.75,1166.2,2.354,1.6282,0.0,-776.55,0.0,6.8165,0.0,-776.55,0.0,6.8165,1.0,0.0,0.0,0.0,0.0
674,485.95,770.15,50111.15,2000.1,1229.95,2.4928,1.6033,0.0,-770.15,0.0,6.8165,0.0,-770.15,0.0,6.8165,1.0,0.0,0.0,0.0,0.0
675,486.3,773.5,49516.4,2022.5,1249.0,2.5624,1.5913,0.0,-773.5,0.0,6.8165,0.0,-773.5,0.0,6.8165,1.0,0.0,0.0,0.0,0.0
676,486.64,781.8,49432.75,2095.55,1313.75,2.7004,1.5686,0.0,-781.8,0.0,6.8165,0.0,-781.8,0.0,6.8165,1.0,0.0,0.0,0.0,0.0
677,486.99,774.75,49296.05,2180.9,1406.15,2.898,1.5379,0.0,-774.75,0.0,6.8165,0.0,-774.75,0.0,6.8165,1.0,0.0,0.0,0.0,0.0
678,487.33,778.9,49898.95,2288.55,1509.65,3.0734,1.5124,0.0,-778.9,0.0,6.8165,0.0,-778.9,0.0,6.8165,1.0,0.0,0.0,0.0,0.0
679,487.68,782.55,49982.6,2417.35,1634.8,3.3228,1.4785,0.0,-782.55,0.0,6.8165,0.0,-782.55,0.0,6.8165,1.0,0.0,0.0,0.0,0.0
680,488.02,767.75,50477.75,2565.2,1797.45,3.6159,1.4418,0.0,-767.75,0.0,6.8165,0.0,-767.75,0.0,6.8165,1.0,0.0,0.0,0.0,0.0
681,488.37,775.95,50168.95,2751.4,1975.45,3.9995,1.398,0.0,-775.95,0.0,6.8165,0.0,-775.95,0.0,6.8165,1.0,0.0,0.0,0.0,0.0
682,488.72,779.1,50497.25,2996.0,2216.9,4.4589,1.3508,0.0,-779.1,0.0,6.8165,0.0,-779.1,0.0,6.8165,1.0,0.0,0.0,0.0,0.0
683,489.06,769.1,51148.7,3272.9,2503.8,4.9699,1.3037,0.0,-769.1,0.0,6.8165,0.0,-769.1,0.0,6.8165,1.0,0.0,0.0,0.0,0.0
684,489.41,777.8,51457.45,3602.75,2824.95,5.5741,1.2538,0.0,-777.8,0.0,6.8165,0.0,-777.8,0.0,6.8165,1.0,0.0,0.0,0.0,0.0
685,489.75,763.55,50921.55,4000.1,3236.55,6.4527,1.1903,0.0,-763.55,0.0,6.8165,0.0,-763.55,0.0,6.8165,1.0,0.0,0.0,0.0,0.0
686,490.1,770.4,50975.55,4555.8,3785.4,7.5399,1.1226,0.0,-770.4,0.0,6.8165,0.0,-770.4,0.0,6.8165,1.0,0.0,0.0,0.0,0.0
687,490.44,768.95,50768.75,5155.2,4386.25,8.7725,1.0569,0.0,-768.95,0.0,6.8165,0.0,-768.95,0.0,6.8165,1.0,0.0,0.0,0.0,0.0
688,490.79,765.9,51590.5,6044.25,5278.35,10.3854,0.9836,0.0,-765.9,0.0,6.8165,0.0,-765.9,0.0,6.8165,1.0,0.0,0.0,0.0,0.0
689,491.13,786.85,52003.9,7079.5,6292.65,12.2862,0.9106,0.0,-786.85,0.0,6.8165,0.0,-786.85,0.0,6.8165,1.0,0.0,0.0,0.0,0.0
690,491.48,770.45,53342.4,8481.1,7710.65,14.6669,0.8337,0.0,-770.45,0.0,6.8165,0.0,-770.45,0.0,6.8165,1.0,0.0,0.0,0.0,0.0
691,491.82,782.05,55512.85,10281.05,9499.0,17.3559,0.7606,0.0,-782.05,0.0,6.8165,0.0,-782.05,0.0,6.8165,1.0,0.0,0.0,0.0,0.0
692,492.16,768.15,57495.45,12449.4,11681.25,20.5919,0.6863,0.0,-768.15,0.0,6.8165,0.0,-768.15,0.0,6.8165,1.0,0.0,0.0,0.0,0.0
693,492.51,772.6,58291.0,14691.75,13919.15,24.1995,0.6162,0.0,-772.6,0.0,6.8165,0.0,-772.6,0.0,6.8165,1.0,0.0,0.0,0.0,0.0
694,492.85,780.0,58214.15,16834.25,16054.25,27.9524,0.5536,0.0,-780.0,0.0,6.8165,0.0,-780.0,0.0,6.8165,1.0,0.0,0.0,0.0,0.0
695,493.2,770.35,57225.25,18590.25,17819.9,31.5648,0.5008,0.0,-770.35,0.0,6.8165,0.0,-770.35,0.0,6.8165,1.0,0.0,0.0,0.0,0.0
696,493.54,775.15,57021.7,20379.2,19604.05,34.8538,0.4578,0.0,-775.15,0.0,6.8165,0.0,-775.15,0.0,6.8165,1.0,0.0,0.0,0.0,0.0
697,493.89,777.6,56403.9,21757.5,20979.9,37.7158,0.4235,0.0,-777.6,0.0,6.8165,0.0,-777.6,0.0,6.8165,1.0,0.0,0.0,0.0,0.0
698,494.23,785.85,56234.6,23299.35,22513.5,40.6024,0.3914,0.0,-785.85,0.0,6.8165,0.0,-785.85,0.0,6.8165,1.0,0.0,0.0,0.0,0.0
699,494.57,777.95,55375.05,24109.0,23331.05,42.7331,0.3692,0.0,-777.95,0.0,6.8165,0.0,-777.95,0.0,6.8165,1.0,0.0,0.0,0.0,0.0
700,494.92,765.25,55166.35,24841.5,24076.25,44.2569,0.354,0.0,-765.25,0.0,6.8165,0.0,-765.25,0.0,6.8165,1.0,0.0,0.0,0.0,0.0
701,495.26,782.2,54705.3,25894.7,25112.5,46.571,0.3319,0.0,-782.2,0.0,6.8165,0.0,-782.2,0.0,6.8165,1.0,0.0,0.0,0.0,0.0
702,495.6,767.9,54316.4,26796.3,26028.4,48.6072,0.3133,0.0,-767.9,0.0,6.8165,0.0,-767.9,0.0,6.8165,1.0,0.0,0.0,0.0,0.0
703,495.95,771.6,53651.35,28064.9,27293.3,51.6139,0.2872,0.0,-771.6,0.0,6.8165,0.0,-771.6,0.0,6.8165,1.0,0.0,0.0,0.0,0.0
704,496.29,772.5,53353.25,29897.7,29125.2,55.3914,0.2566,0.0,-772.5,0.0,6.8165,0.0,-772.5,0.0,6.8165,1.0,0.0,0.0,0.0,0.0
705,496.63,772.5,52885.55,31789.8,31017.3,59.5193,0.2253,0.0,-772.5,0.0,6.8165,0.0,-772.5,0.0,6.8165,1.0,0.0,0.0,0.0,0.0
706,496.98,778.9,52666.05,33590.25,32811.35,63.236,0.199,0.0,-778.9,0.0,6.8165,0.0,-778.9,0.0,6.8165,1.0,0.0,0.0,0.0,0.0
707,497.32,780.4,52930.05,36243.05,35462.65,68.0017,0.1675,0.0,-780.4,0.0,6.8165,0.0,-780.4,0.0,6.8165,1.0,0.0,0.0,0.0,0.0
708,497.66,762.85,52633.8,38196.6,37433.75,72.1671,0.1417,0.0,-762.85,0.0,6.8165,0.0,-762.85,0.0,6.8165,1.0,0.0,0.0,0.0,0.0
709,498.01,775.2,52499.0,39571.8,38796.6,75.0073,0.1249,0.0,-775.2,0.0,6.8165,0.0,-775.2,0.0,6.8165,1.0,0.0,0.0,0.0,0.0
710,498.35,787.55,52935.3,40822.35,40034.8,76.7719,0.1148,0.0,-787.55,0.0,6.8165,0.0,-787.55,0.0,6.8165,1.0,0.0,0.0,0.0,0.0
711,498.69,783.45,52771.1,41800.25,41016.8,78.8972,0.1029,0.0,-783.45,0.0,6.8165,0.0,-783.45,0.0,6.8165,1.0,0.0,0.0,0.0,0.0
712,499.03,787.65,52650.15,42487.8,41700.15,80.4052,0.0947,0.0,-787.65,0.0,6.8165,0.0,-787.65,0.0,6.8165,1.0,0.0,0.0,0.0,0.0
713,499.38,775.85,52574.25,43326.9,42551.05,82.1474,0.0854,0.0,-775.85,0.0,6.8165,0.0,-775.85,0.0,6.8165,1.0,0.0,0.0,0.0,0.0
714,499.72,774.0,52420.1,43687.95,42913.95,83.0923,0.0804,0.0,-774.0,0.0,6.8165,0.0,-774.0,0.0,6.8165,1.0,0.0,0.0,0.0,0.0
715,500.06,789.0,52720.75,43981.25,43192.25,83.1712,0.08,0.0,-789.0,0.0,6.8165,0.0,-789.0,0.0,6.8165,1.0,0.0,0.0,0.0,0.0
716,500.4,778.85,52892.95,44043.25,43264.4,83.0186,0.0808,0.0,-778.85,0.0,6.8165,0.0,-778.85,0.0,6.8165,1.0,0.0,0.0,0.0,0.0
717,500.75,785.05,53094.15,44176.75,43391.7,82.9525,0.0812,0.0,-785.05,0.0,6.8165,0.0,-785.05,0.0,6.8165,1.0,0.0,0.0,0.0,0.0
718,501.09,799.85,52554.65,43692.65,42892.8,82.877,0.0816,0.0,-799.85,0.0,6.8165,0.0,-799.85,0.0,6.8165,1.0,0.0,0.0,0.0,0.0
719,501.43,785.85,52385.9,43773.25,42987.4,83.3088,0.0793,0.0,-785.85,0.0,6.8165,0.0,-785.85,0.0,6.8165,1.0,0.0,0.0,0.0,0.0
720,501.77,770.65,52922.3,43922.6,43151.95,82.7432,0.0823,0.0,-770.65,0.0,6.8165,0.0,-770.65,0.0,6.8165,1.0,0.0,0.0,0.0,0.0
721,502.11,783.7,52991.75,44100.5,43316.8,82.9696,0.0811,0.0,-783.7,0.0,6.8165,0.0,-783.7,0.0,6.8165,1.0,0.0,0.0,0.0,0.0
722,502.46,806.35,52523.6,43561.0,42754.65,82.67,0.0827,0.0,-806.35,0.0,6.8165,0.0,-806.35,0.0,6.8165,1.0,0.0,0.0,0.0,0.0
723,502.8,780.75,52760.5,43448.25,42667.5,82.0849,0.0857,0.0,-780.75,0.0,6.8165,0.0,-780.75,0.0,6.8165,1.0,0.0,0.0,0.0,0.0
724,503.14,785.2,53094.0,43273.35,42488.15,81.2256,0.0903,0.0,-785.2,0.0,6.8165,0.0,-785.2,0.0,6.8165,1.0,0.0,0.0,0.0,0.0
725,503.48,790.05,53303.3,43499.95,42709.9,81.3317,0.0897,0.0,-790.05,0.0,6.8165,0.0,-790.05,0.0,6.8165,1.0,0.0,0.0,0.0,0.0
726,503.82,792.8,53794.9,43604.35,42811.55,80.7733,0.0927,0.0,-792.8,0.0,6.8165,0.0,-792.8,0.0,6.8165,1.0,0.0,0.0,0.0,0.0
727,504.16,786.6,53951.25,43924.65,43138.05,81.1405,0.0908,0.0,-786.6,0.0,6.8165,0.0,-786.6,0.0,6.8165,1.0,0.0,0.0,0.0,0.0
728,504.5,773.75,53872.75,43674.45,42900.7,80.7938,0.0926,0.0,-773.75,0.0,6.8165,0.0,-773.75,0.0,6.8165,1.0,0.0,0.0,0.0,0.0
729,504.84,788.9,53416.95,43692.7,42903.8,81.5227,0.0887,0.0,-788.9,0.0,6.8165,0.0,-788.9,0.0,6.8165,1.0,0.0,0.0,0.0,0.0
730,505.19,781.25,53420.4,44047.35,43266.1,82.1938,0.0852,0.0,-781.25,0.0,6.8165,0.0,-781.25,0.0,6.8165,1.0,0.0,0.0,0.0,0.0
731,505.53,778.8,53440.15,43810.1,43031.3,81.7132,0.0877,0.0,-778.8,0.0,6.8165,0.0,-778.8,0.0,6.8165,1.0,0.0,0.0,0.0,0.0
732,505.87,764.2,53362.55,43901.95,43137.75,82.0135,0.0861,0.0,-764.2,0.0,6.8165,0.0,-764.2,0.0,6.8165,1.0,0.0,0.0,0.0,0.0
733,506.21,771.4,53253.25,43782.2,43010.8,81.9537,0.0864,0.0,-771.4,0.0,6.8165,0.0,-771.4,0.0,6.8165,1.0,0.0,0.0,0.0,0.0
734,506.55,777.2,53264.2,44066.45,43289.25,82.4761,0.0837,0.0,-777.2,0.0,6.8165,0.0,-777.2,0.0,6.8165,1.0,0.0,0.0,0.0,0.0
735,506.89,785.9,53583.0,44230.7,43444.8,82.2863,0.0847,0.0,-785.9,0.0,6.8165,0.0,-785.9,0.0,6.8165,1.0,0.0,0.0,0.0,0.0
736,507.23,786.0,53537.3,43747.8,42961.8,81.4422,0.0892,0.0,-786.0,0.0,6.8165,0.0,-786.0,0.0,6.8165,1.0,0.0,0.0,0.0,0.0
737,507.57,769.6,53082.5,43844.65,43075.05,82.3412,0.0844,0.0,-769.6,0.0,6.8165,0.0,-769.6,0.0,6.8165,1.0,0.0,0.0,0.0,0.0
738,507.91,775.55,53125.9,44346.5,43570.95,83.2295,0.0797,0.0,-775.55,0.0,6.8165,0.0,-775.55,0.0,6.8165,1.0,0.0,0.0,0.0,0.0
739,508.25,779.55,53658.55,44493.35,43713.8,82.6676,0.0827,0.0,-779.55,0.0,6.8165,0.0,-779.55,0.0,6.8165,1.0,0.0,0.0,0.0,0.0
740,508.59,776.05,54243.35,44848.1,44072.05,82.428,0.0839,0.0,-776.05,0.0,6.8165,0.0,-776.05,0.0,6.8165,1.0,0.0,0.0,0.0,0.0
741,508.93,774.4,54320.9,44955.65,44181.25,82.5101,0.0835,0.0,-774.4,0.0,6.8165,0.0,-774.4,0.0,6.8165,1.0,0.0,0.0,0.0,0.0
742,509.27,783.35,54073.5,45142.05,44358.7,83.24,0.0797,0.0,-783.35,0.0,6.8165,0.0,-783.35,0.0,6.8165,1.0,0.0,0.0,0.0,0.0
743,509.61,773.75,54374.7,45362.15,44588.4,83.1858,0.08,0.0,-773.75,0.0,6.8165,0.0,-773.75,0.0,6.8165,1.0,0.0,0.0,0.0,0.0
744,509.95,782.5,54660.25,45446.2,44663.7,82.8982,0.0815,0.0,-782.5,0.0,6.8165,0.0,-782.5,0.0,6.8165,1.0,0.0,0.0,0.0,0.0
745,510.29,779.6,54782.15,45443.2,44663.6,82.7065,0.0825,0.0,-779.6,0.0,6.8165,0.0,-779.6,0.0,6.8165,1.0,0.0,0.0,0.0,0.0
746,510.63,779.7,54478.7,45617.45,44837.75,83.4983,0.0783,0.0,-779.7,0.0,6.8165,0.0,-779.7,0.0,6.8165,1.0,0.0,0.0,0.0,0.0
747,510.97,762.1,54274.4,45760.7,44998.6,84.0902,0.0753,0.0,-762.1,0.0,6.8165,0.0,-762.1,0.0,6.8165,1.0,0.0,0.0,0.0,0.0
748,511.31,778.45,54434.7,45735.5,44957.05,83.7872,0.0768,0.0,-778.45,0.0,6.8165,0.0,-778.45,0.0,6.8165,1.0,0.0,0.0,0.0,0.0
749,511.65,776.45,54264.95,45411.7,44635.25,83.4483,0.0786,0.0,-776.45,0.0,6.8165,0.0,-776.45,0.0,6.8165,1.0,0.0,0.0,0.0,0.0
750,511.98,773.75,54696.1,45764.3,44990.55,83.4358,0.0786,0.0,-773.75,0.0,6.8165,0.0,-773.75,0.0,6.8165,1.0,0.0,0.0,0.0,0.0
751,512.32,777.45,55007.05,46330.4,45552.95,84.0002,0.0757,0.0,-777.45,0.0,6.8165,0.0,-777.45,0.0,6.8165,1.0,0.0,0.0,0.0,0.0
752,512.66,786.25,55015.3,46615.75,45829.5,84.511,0.0731,0.0,-786.25,0.0,6.8165,0.0,-786.25,0.0,6.8165,1.0,0.0,0.0,0.0,0.0
753,513.0,781.95,54956.8,46658.85,45876.9,84.683,0.0722,0.0,-781.95,0.0,6.8165,0.0,-781.95,0.0,6.8165,1.0,0.0,0.0,0.0,0.0
754,513.34,779.95,55438.2,46893.25,46113.3,84.3666,0.0738,0.0,-779.95,0.0,6.8165,0.0,-779.95,0.0,6.8165,1.0,0.0,0.0,0.0,0.0
755,513.68,794.15,56023.55,47068.6,46274.45,83.7859,0.0768,0.0,-794.15,0.0,6.8165,0.0,-794.15,0.0,6.8165,1.0,0.0,0.0,0.0,0.0
756,514.02,777.3,55741.0,47665.35,46888.05,85.3073,0.069,0.0,-777.3,0.0,6.8165,0.0,-777.3,0.0,6.8165,1.0,0.0,0.0,0.0,0.0
757,514.36,776.3,55936.8,48100.55,47324.25,85.7937,0.0665,0.0,-776.3,0.0,6.8165,0.0,-776.3,0.0,6.8165,1.0,0.0,0.0,0.0,0.0
758,514.69,779.1,55797.35,48081.05,47301.95,85.975,0.0656,0.0,-779.1,0.0,6.8165,0.0,-779.1,0.0,6.8165,1.0,0.0,0.0,0.0,0.0
759,515.03,787.0,55605.1,48190.4,47403.4,86.474,0.0631,0.0,-787.0,0.0,6.8165,0.0,-787.0,0.0,6.8165,1.0,0.0,0.0,0.0,0.0
760,515.37,784.45,55758.45,48458.7,47674.25,86.7215,0.0619,0.0,-784.45,0.0,6.8165,0.0,-784.45,0.0,6.8165,1.0,0.0,0.0,0.0,0.0
761,515.71,773.3,55666.05,48253.0,47479.7,86.4954,0.063,0.0,-773.3,0.0,6.8165,0.0,-773.3,0.0,6.8165,1.0,0.0,0.0,0.0,0.0
762,516.05,785.2,55851.05,48358.3,47573.1,86.3931,0.0635,0.0,-785.2,0.0,6.8165,0.0,-785.2,0.0,6.8165,1.0,0.0,0.0,0.0,0.0
763,516.38,784.2,56363.6,48747.95,47963.75,86.2977,0.064,0.0,-784.2,0.0,6.8165,0.0,-784.2,0.0,6.8165,1.0,0.0,0.0,0.0,0.0
764,516.72,781.8,56964.05,49037.4,48255.6,85.8912,0.0661,0.0,-781.8,0.0,6.8165,0.0,-781.8,0.0,6.8165,1.0,0.0,0.0,0.0,0.0
765,517.06,781.65,56866.1,48832.85,48051.2,85.6765,0.0671,0.0,-781.65,0.0,6.8165,0.0,-781.65,0.0,6.8165,1.0,0.0,0.0,0.0,0.0
766,517.4,781.1,56613.15,48557.3,47776.2,85.5713,0.0677,0.0,-781.1,0.0,6.8165,0.0,-781.1,0.0,6.8165,1.0,0.0,0.0,0.0,0.0
767,517.73,775.05,56701.6,48714.55,47939.5,85.7187,0.0669,0.0,-775.05,0.0,6.8165,0.0,-775.05,0.0,6.8165,1.0,0.0,0.0,0.0,0.0
768,518.07,776.05,56782.45,48768.6,47992.55,85.6912,0.0671,0.0,-776.05,0.0,6.8165,0.0,-776.05,0.0,6.8165,1.0,0.0,0.0,0.0,0.0
769,518.41,791.55,56947.7,48889.15,48097.6,85.6497,0.0673,0.0,-791.55,0.0,6.8165,0.0,-791.55,0.0,6.8165,1.0,0.0,0.0,0.0,0.0
770,518.75,791.8,57209.35,48948.2,48156.4,85.3571,0.0688,0.0,-791.8,0.0,6.8165,0.0,-791.8,0.0,6.8165,1.0,0.0,0.0,0.0,0.0
771,519.08,790.35,57406.85,49204.25,48413.9,85.512,0.068,0.0,-790.35,0.0,6.8165,0.0,-790.35,0.0,6.8165,1.0,0.0,0.0,0.0,0.0
772,519.42,777.1,57169.8,49241.1,48464.0,85.9402,0.0658,0.0,-777.1,0.0,6.8165,0.0,-777.1,0.0,6.8165,1.0,0.0,0.0,0.0,0.0
773,519.76,793.55,57112.2,49233.05,48439.5,86.0097,0.0655,0.0,-793.55,0.0,6.8165,0.0,-793.55,0.0,6.8165,1.0,0.0,0.0,0.0,0.0
774,520.09,784.8,57263.1,49351.1,48566.3,85.9911,0.0655,0.0,-784.8,0.0,6.8165,0.0,-784.8,0.0,6.8165,1.0,0.0,0.0,0.0,0.0
775,520.43,773.45,57916.1,49331.1,48557.65,84.9762,0.0707,0.0,-773.45,0.0,6.8165,0.0,-773.45,0.0,6.8165,1.0,0.0,0.0,0.0,0.0
776,520.77,785.6,57801.55,49182.4,48396.8,84.8829,0.0712,0.0,-785.6,0.0,6.8165,0.0,-785.6,0.0,6.8165,1.0,0.0,0.0,0.0,0.0
777,521.1,794.1,57477.1,49476.15,48682.05,85.8847,0.0661,0.0,-794.1,0.0,6.8165,0.0,-794.1,0.0,6.8165,1.0,0.0,0.0,0.0,0.0
778,521.44,786.55,57593.4,49499.05,48712.5,85.7511,0.0668,0.0,-786.55,0.0,6.8165,0.0,-786.55,0.0,6.8165,1.0,0.0,0.0,0.0,0.0
779,521.78,793.8,57524.25,49960.2,49166.4,86.6667,0.0621,0.0,-793.8,0.0,6.8165,0.0,-793.8,0.0,6.8165,1.0,0.0,0.0,0.0,0.0
780,522.11,782.6,57566.1,49619.65,48837.05,86.0057,0.0655,0.0,-782.6,0.0,6.8165,0.0,-782.6,0.0,6.8165,1.0,0.0,0.0,0.0,0.0
781,522.45,795.6,58209.3,49650.5,48854.9,85.0928,0.0701,0.0,-795.6,0.0,6.8165,0.0,-795.6,0.0,6.8165,1.0,0.0,0.0,0.0,0.0
782,522.78,785.5,58234.05,49332.0,48546.5,84.5043,0.0731,0.0,-785.5,0.0,6.8165,0.0,-785.5,0.0,6.8165,1.0,0.0,0.0,0.0,0.0
783,523.12,779.45,58211.9,49705.4,48925.95,85.1887,0.0696,0.0,-779.45,0.0,6.8165,0.0,-779.45,0.0,6.8165,1.0,0.0,0.0,0.0,0.0
784,523.46,790.75,57881.9,50034.35,49243.6,86.2543,0.0642,0.0,-790.75,0.0,6.8165,0.0,-790.75,0.0,6.8165,1.0,0.0,0.0,0.0,0.0
785,523.79,776.55,57579.3,49847.1,49070.55,86.3876,0.0635,0.0,-776.55,0.0,6.8165,0.0,-776.55,0.0,6.8165,1.0,0.0,0.0,0.0,0.0
786,524.13,774.25,58241.2,50143.0,49368.75,85.9081,0.066,0.0,-774.25,0.0,6.8165,0.0,-774.25,0.0,6.8165,1.0,0.0,0.0,0.0,0.0
787,524.46,788.3,57657.75,50290.65,49502.35,87.0456,0.0603,0.0,-788.3,0.0,6.8165,0.0,-788.3,0.0,6.8165,1.0,0.0,0.0,0.0,0.0
788,524.8,787.85,57513.0,49827.25,49039.4,86.4509,0.0632,0.0,-787.85,0.0,6.8165,0.0,-787.85,0.0,6.8165,1.0,0.0,0.0,0.0,0.0
789,525.13,780.7,57577.9,49306.35,48525.65,85.4367,0.0684,0.0,-780.7,0.0,6.8165,0.0,-780.7,0.0,6.8165,1.0,0.0,0.0,0.0,0.0
790,525.47,779.5,57626.8,49577.05,48797.55,85.8397,0.0663,0.0,-779.5,0.0,6.8165,0.0,-779.5,0.0,6.8165,1.0,0.0,0.0,0.0,0.0
791,525.8,788.05,58017.2,49410.0,48621.95,84.9601,0.0708,0.0,-788.05,0.0,6.8165,0.0,-788.05,0.0,6.8165,1.0,0.0,0.0,0.0,0.0
792,526.14,794.55,58390.35,49967.65,49173.1,85.3762,0.0687,0.0,-794.55,0.0,6.8165,0.0,-794.55,0.0,6.8165,1.0,0.0,0.0,0.0,0.0
793,526.47,787.95,57999.75,49956.35,49168.4,85.941,0.0658,0.0,-787.95,0.0,6.8165,0.0,-787.95,0.0,6.8165,1.0,0.0,0.0,0.0,0.0
794,526.81,786.1,57618.15,49585.3,48799.2,85.8656,0.0662,0.0,-786.1,0.0,6.8165,0.0,-786.1,0.0,6.8165,1.0,0.0,0.0,0.0,0.0
795,527.14,787.4,57954.55,49401.0,48613.6,85.0376,0.0704,0.0,-787.4,0.0,6.8165,0.0,-787.4,0.0,6.8165,1.0,0.0,0.0,0.0,0.0
796,527.48,770.9,58008.1,49361.2,48590.3,84.8929,0.0711,0.0,-770.9,0.0,6.8165,0.0,-770.9,0.0,6.8165,1.0,0.0,0.0,0.0,0.0
797,527.81,783.1,57907.05,49972.45,49189.35,86.1099,0.0649,0.0,-783.1,0.0,6.8165,0.0,-783.1,0.0,6.8165,1.0,0.0,0.0,0.0,0.0
798,528.15,788.1,57879.7,49918.1,49130.0,86.0547,0.0652,0.0,-788.1,0.0,6.8165,0.0,-788.1,0.0,6.8165,1.0,0.0,0.0,0.0,0.0
799,528.48,784.2,57932.45,50041.2,49257.0,86.1916,0.0645,0.0,-784.2,0.0,6.8165,0.0,-784.2,0.0,6.8165,1.0,0.0,0.0,0.0,0.0
800,528.82,781.7,58290.7,50134.7,49353.0,85.8179,0.0664,0.0,-781.7,0.0,6.8165,0.0,-781.7,0.0,6.8165,1.0,0.0,0.0,0.0,0.0
801,529.15,793.7,58285.05,49771.15,48977.45,85.191,0.0696,0.0,-793.7,0.0,6.8165,0.0,-793.7,0.0,6.8165,1.0,0.0,0.0,0.0,0.0
802,529.49,794.55,58256.5,50388.85,49594.3,86.3081,0.0639,0.0,-794.55,0.0,6.8165,0.0,-794.55,0.0,6.8165,1.0,0.0,0.0,0.0,0.0
803,529.82,792.25,58648.85,50584.0,49791.75,86.0606,0.0652,0.0,-792.25,0.0,6.8165,0.0,-792.25,0.0,6.8165,1.0,0.0,0.0,0.0,0.0
804,530.15,789.25,58158.65,50414.9,49625.65,86.502,0.063,0.0,-789.25,0.0,6.8165,0.0,-789.25,0.0,6.8165,1.0,0.0,0.0,0.0,0.0
805,530.49,783.25,58240.6,50503.65,49720.4,86.5344,0.0628,0.0,-783.25,0.0,6.8165,0.0,-783.25,0.0,6.8165,1.0,0.0,0.0,0.0,0.0
806,530.82,789.05,58471.0,51076.4,50287.35,87.1804,0.0596,0.0,-789.05,0.0,6.8165,0.0,-789.05,0.0,6.8165,1.0,0.0,0.0,0.0,0.0
807,531.16,795.3,57748.2,50703.4,49908.1,87.6305,0.0573,0.0,-795.3,0.0,6.8165,0.0,-795.3,0.0,6.8165,1.0,0.0,0.0,0.0,0.0
808,531.49,788.75,58042.15,50808.25,50019.5,87.3651,0.0587,0.0,-788.75,0.0,6.8165,0.0,-788.75,0.0,6.8165,1.0,0.0,0.0,0.0,0.0
809,531.82,784.5,58423.25,50629.75,49845.25,86.4787,0.0631,0.0,-784.5,0.0,6.8165,0.0,-784.5,0.0,6.8165,1.0,0.0,0.0,0.0,0.0
810,532.16,783.55,58221.2,50583.2,49799.65,86.7021,0.062,0.0,-783.55,0.0,6.8165,0.0,-783.55,0.0,6.8165,1.0,0.0,0.0,0.0,0.0
811,532.49,787.85,58350.3,50608.3,49820.45,86.5503,0.0627,0.0,-787.85,0.0,6.8165,0.0,-787.85,0.0,6.8165,1.0,0.0,0.0,0.0,0.0
812,532.82,793.7,58163.8,50782.0,49988.3,87.133,0.0598,0.0,-793.7,0.0,6.8165,0.0,-793.7,0.0,6.8165,1.0,0.0,0.0,0.0,0.0
813,533.16,795.75,57919.15,50562.25,49766.5,87.121,0.0599,0.0,-795.75,0.0,6.8165,0.0,-795.75,0.0,6.8165,1.0,0.0,0.0,0.0,0.0
814,533.49,776.6,57448.75,49831.8,49055.2,86.5596,0.0627,0.0,-776.6,0.0,6.8165,0.0,-776.6,0.0,6.8165,1.0,0.0,0.0,0.0,0.0
815,533.82,781.2,58002.6,49977.7,49196.5,85.9757,0.0656,0.0,-781.2,0.0,6.8165,0.0,-781.2,0.0,6.8165,1.0,0.0,0.0,0.0,0.0
816,534.15,775.65,57772.6,49923.05,49147.4,86.2281,0.0644,0.0,-775.65,0.0,6.8165,0.0,-775.65,0.0,6.8165,1.0,0.0,0.0,0.0,0.0
817,534.49,787.95,57046.6,49883.3,49095.35,87.2672,0.0591,0.0,-787.95,0.0,6.8165,0.0,-787.95,0.0,6.8165,1.0,0.0,0.0,0.0,0.0
818,534.82,778.55,57271.35,49989.3,49210.75,87.1098,0.0599,0.0,-778.55,0.0,6.8165,0.0,-778.55,0.0,6.8165,1.0,0.0,0.0,0.0,0.0
819,535.15,768.9,57479.7,49663.8,48894.9,86.218,0.0644,0.0,-768.9,0.0,6.8165,0.0,-768.9,0.0,6.8165,1.0,0.0,0.0,0.0,0.0
820,535.48,786.45,57802.4,49208.9,48422.45,84.9279,0.0709,0.0,-786.45,0.0,6.8165,0.0,-786.45,0.0,6.8165,1.0,0.0,0.0,0.0,0.0
821,535.82,785.7,57359.15,48879.15,48093.45,85.0106,0.0705,0.0,-785.7,0.0,6.8165,0.0,-785.7,0.0,6.8165,1.0,0.0,0.0,0.0,0.0
822,536.15,780.9,57681.45,49201.3,48420.4,85.0965,0.0701,0.0,-780.9,0.0,6.8165,0.0,-780.9,0.0,6.8165,1.0,0.0,0.0,0.0,0.0
823,536.48,791.2,57522.8,48757.65,47966.45,84.5498,0.0729,0.0,-791.2,0.0,6.8165,0.0,-791.2,0.0,6.8165,1.0,0.0,0.0,0.0,0.0
824,536.81,791.95,57393.7,48394.8,47602.85,84.1014,0.0752,0.0,-791.95,0.0,6.8165,0.0,-791.95,0.0,6.8165,1.0,0.0,0.0,0.0,0.0
825,537.15,788.35,57664.6,48108.8,47320.45,83.199,0.0799,0.0,-788.35,0.0,6.8165,0.0,-788.35,0.0,6.8165,1.0,0.0,0.0,0.0,0.0
826,537.48,781.0,57839.25,48508.25,47727.25,83.6465,0.0776,0.0,-781.0,0.0,6.8165,0.0,-781.0,0.0,6.8165,1.0,0.0,0.0,0.0,0.0
827,537.81,777.65,56986.8,48738.15,47960.5,85.3251,0.0689,0.0,-777.65,0.0,6.8165,0.0,-777.65,0.0,6.8165,1.0,0.0,0.0,0.0,0.0
828,538.14,771.1,56641.3,48767.25,47996.15,85.9065,0.066,0.0,-771.1,0.0,6.8165,0.0,-771.1,0.0,6.8165,1.0,0.0,0.0,0.0,0.0
829,538.47,772.6,56670.55,49163.55,48390.95,86.5702,0.0626,0.0,-772.6,0.0,6.8165,0.0,-772.6,0.0,6.8165,1.0,0.0,0.0,0.0,0.0
830,538.8,785.75,57363.7,48865.9,48080.15,84.9804,0.0707,0.0,-785.75,0.0,6.8165,0.0,-785.75,0.0,6.8165,1.0,0.0,0.0,0.0,0.0
831,539.14,795.9,57701.65,48638.6,47842.7,84.0736,0.0753,0.0,-795.9,0.0,6.8165,0.0,-795.9,0.0,6.8165,1.0,0.0,0.0,0.0,0.0
832,539.47,774.25,57304.55,49348.9,48574.65,85.9268,0.0659,0.0,-774.25,0.0,6.8165,0.0,-774.25,0.0,6.8165,1.0,0.0,0.0,0.0,0.0
833,539.8,779.55,57534.2,49973.85,49194.3,86.6789,0.0621,0.0,-779.55,0.0,6.8165,0.0,-779.55,0.0,6.8165,1.0,0.0,0.0,0.0,0.0
834,540.13,796.6,57244.1,49735.75,48939.15,86.6985,0.062,0.0,-796.6,0.0,6.8165,0.0,-796.6,0.0,6.8165,1.0,0.0,0.0,0.0,0.0
835,540.46,798.45,57366.85,49868.0,49069.55,86.7437,0.0618,0.0,-798.45,0.0,6.8165,0.0,-798.45,0.0,6.8165,1.0,0.0,0.0,0.0,0.0
836,540.79,778.2,58223.9,50364.0,49585.8,86.3177,0.0639,0.0,-778.2,0.0,6.8165,0.0,-778.2,0.0,6.8165,1.0,0.0,0.0,0.0,0.0
837,541.12,775.95,57472.4,50206.6,49430.65,87.1847,0.0596,0.0,-775.95,0.0,6.8165,0.0,-775.95,0.0,6.8165,1.0,0.0,0.0,0.0,0.0
838,541.45,800.85,57077.2,49982.55,49181.7,87.3932,0.0585,0.0,-800.85,0.0,6.8165,0.0,-800.85,0.0,6.8165,1.0,0.0,0.0,0.0,0.0
839,541.78,780.35,57528.5,50688.0,49907.65,87.9459,0.0558,0.0,-780.35,0.0,6.8165,0.0,-780.35,0.0,6.8165,1.0,0.0,0.0,0.0,0.0
840,542.11,786.55,58796.4,51453.85,50667.3,87.3426,0.0588,0.0,-786.55,0.0,6.8165,0.0,-786.55,0.0,6.8165,1.0,0.0,0.0,0.0,0.0
841,542.44,783.25,59435.75,51422.35,50639.1,86.3375,0.0638,0.0,-783.25,0.0,6.8165,0.0,-783.25,0.0,6.8165,1.0,0.0,0.0,0.0,0.0
842,542.78,785.05,58781.6,51403.05,50618.0,87.2776,0.0591,0.0,-785.05,0.0,6.8165,0.0,-785.05,0.0,6.8165,1.0,0.0,0.0,0.0,0.0
843,543.11,784.6,57941.8,51696.25,50911.65,89.073,0.0503,0.0,-784.6,0.0,6.8165,0.0,-784.6,0.0,6.8165,1.0,0.0,0.0,0.0,0.0
844,543.44,788.65,57988.25,51811.5,51022.85,89.2014,0.0496,0.0,-788.65,0.0,6.8165,0.0,-788.65,0.0,6.8165,1.0,0.0,0.0,0.0,0.0
845,543.77,779.45,58354.95,52183.5,51404.05,89.2811,0.0492,0.0,-779.45,0.0,6.8165,0.0,-779.45,0.0,6.8165,1.0,0.0,0.0,0.0,0.0
846,544.1,780.6,58944.45,51655.95,50875.35,87.469,0.0581,0.0,-780.6,0.0,6.8165,0.0,-780.6,0.0,6.8165,1.0,0.0,0.0,0.0,0.0
847,544.43,781.85,58565.65,51283.8,50501.95,87.3981,0.0585,0.0,-781.85,0.0,6.8165,0.0,-781.85,0.0,6.8165,1.0,0.0,0.0,0.0,0.0
848,544.76,774.4,58236.55,51017.85,50243.45,87.4375,0.0583,0.0,-774.4,0.0,6.8165,0.0,-774.4,0.0,6.8165,1.0,0.0,0.0,0.0,0.0
849,545.09,777.9,58213.85,51540.1,50762.2,88.3805,0.0536,0.0,-777.9,0.0,6.8165,0.0,-777.9,0.0,6.8165,1.0,0.0,0.0,0.0,0.0
850,545.42,779.75,58506.95,51997.45,51217.7,88.7237,0.052,0.0,-779.75,0.0,6.8165,0.0,-779.75,0.0,6.8165,1.0,0.0,0.0,0.0,0.0
851,545.74,786.15,59295.95,51941.75,51155.6,87.4308,0.0583,0.0,-786.15,0.0,6.8165,0.0,-786.15,0.0,6.8165,1.0,0.0,0.0,0.0,0.0
852,546.07,781.85,59548.75,51823.9,51042.05,86.8551,0.0612,0.0,-781.85,0.0,6.8165,0.0,-781.85,0.0,6.8165,1.0,0.0,0.0,0.0,0.0
853,546.4,780.15,59017.2,51937.25,51157.1,87.8429,0.0563,0.0,-780.15,0.0,6.8165,0.0,-780.15,0.0,6.8165,1.0,0.0,0.0,0.0,0.0
854,546.73,777.55,59222.9,52108.25,51330.7,87.8268,0.0564,0.0,-777.55,0.0,6.8165,0.0,-777.55,0.0,6.8165,1.0,0.0,0.0,0.0,0.0
855,547.06,779.65,59463.55,52190.4,51410.75,87.6062,0.0575,0.0,-779.65,0.0,6.8165,0.0,-779.65,0.0,6.8165,1.0,0.0,0.0,0.0,0.0
856,547.39,791.4,59845.2,52746.1,51954.7,87.9786,0.0556,0.0,-791.4,0.0,6.8165,0.0,-791.4,0.0,6.8165,1.0,0.0,0.0,0.0,0.0
857,547.72,788.65,59828.9,52426.1,51637.45,87.4614,0.0582,0.0,-788.65,0.0,6.8165,0.0,-788.65,0.0,6.8165,1.0,0.0,0.0,0.0,0.0
858,548.05,792.2,59011.25,52299.4,51507.2,88.4714,0.0532,0.0,-792.2,0.0,6.8165,0.0,-792.2,0.0,6.8165,1.0,0.0,0.0,0.0,0.0
859,548.38,771.75,59003.8,52264.75,51493.0,88.4272,0.0534,0.0,-771.75,0.0,6.8165,0.0,-771.75,0.0,6.8165,1.0,0.0,0.0,0.0,0.0
860,548.71,780.85,59689.8,52553.25,51772.4,87.8855,0.0561,0.0,-780.85,0.0,6.8165,0.0,-780.85,0.0,6.8165,1.0,0.0,0.0,0.0,0.0
861,549.03,787.65,60072.8,53154.3,52366.65,88.3301,0.0539,0.0,-787.65,0.0,6.8165,0.0,-787.65,0.0,6.8165,1.0,0.0,0.0,0.0,0.0
862,549.36,785.75,60899.9,53507.35,52721.6,87.7025,0.057,0.0,-785.75,0.0,6.8165,0.0,-785.75,0.0,6.8165,1.0,0.0,0.0,0.0,0.0
863,549.69,786.3,60950.45,53989.3,53203.0,88.4297,0.0534,0.0,-786.3,0.0,6.8165,0.0,-786.3,0.0,6.8165,1.0,0.0,0.0,0.0,0.0
864,550.02,792.4,60755.15,54366.35,53573.95,89.3454,0.0489,0.0,-792.4,0.0,6.8165,0.0,-792.4,0.0,6.8165,1.0,0.0,0.0,0.0,0.0
865,550.35,787.85,60757.8,54273.45,53485.6,89.1873,0.0497,0.0,-787.85,0.0,6.8165,0.0,-787.85,0.0,6.8165,1.0,0.0,0.0,0.0,0.0
866,550.68,783.95,60834.05,54362.65,53578.7,89.2233,0.0495,0.0,-783.95,0.0,6.8165,0.0,-783.95,0.0,6.8165,1.0,0.0,0.0,0.0,0.0
867,551.0,786.05,61896.8,54621.9,53835.85,88.0955,0.055,0.0,-786.05,0.0,6.8165,0.0,-786.05,0.0,6.8165,1.0,0.0,0.0,0.0,0.0
868,551.33,793.65,61893.95,54740.75,53947.1,88.2927,0.0541,0.0,-793.65,0.0,6.8165,0.0,-793.65,0.0,6.8165,1.0,0.0,0.0,0.0,0.0
869,551.66,785.15,61293.6,54647.45,53862.3,89.0162,0.0505,0.0,-785.15,0.0,6.8165,0.0,-785.15,0.0,6.8165,1.0,0.0,0.0,0.0,0.0
870,551.99,782.15,60889.8,54879.3,54097.15,90.0004,0.0458,0.0,-782.15,0.0,6.8165,0.0,-782.15,0.0,6.8165,1.0,0.0,0.0,0.0,0.0
871,552.32,790.35,60808.8,54909.3,54118.95,90.1705,0.0449,0.0,-790.35,0.0,6.8165,0.0,-790.35,0.0,6.8165,1.0,0.0,0.0,0.0,0.0
872,552.64,792.55,61910.45,55081.75,54289.2,88.827,0.0515,0.0,-792.55,0.0,6.8165,0.0,-792.55,0.0,6.8165,1.0,0.0,0.0,0.0,0.0
873,552.97,792.45,62482.55,55083.7,54291.25,88.0064,0.0555,0.0,-792.45,0.0,6.8165,0.0,-792.45,0.0,6.8165,1.0,0.0,0.0,0.0,0.0
874,553.3,784.75,62632.15,55540.7,54755.95,88.534,0.0529,0.0,-784.75,0.0,6.8165,0.0,-784.75,0.0,6.8165,1.0,0.0,0.0,0.0,0.0
875,553.63,795.55,62602.55,55946.4,55150.85,89.2308,0.0495,0.0,-795.55,0.0,6.8165,0.0,-795.55,0.0,6.8165,1.0,0.0,0.0,0.0,0.0
876,553.95,781.95,63038.05,56611.1,55829.15,89.6766,0.0473,0.0,-781.95,0.0,6.8165,0.0,-781.95,0.0,6.8165,1.0,0.0,0.0,0.0,0.0
877,554.28,783.2,63334.6,56797.2,56014.0,89.5488,0.0479,0.0,-783.2,0.0,6.8165,0.0,-783.2,0.0,6.8165,1.0,0.0,0.0,0.0,0.0
878,554.61,785.6,63523.95,56533.0,55747.4,88.857,0.0513,0.0,-785.6,0.0,6.8165,0.0,-785.6,0.0,6.8165,1.0,0.0,0.0,0.0,0.0
879,554.93,793.65,62769.9,56029.25,55235.6,89.1238,0.05,0.0,-793.65,0.0,6.8165,0.0,-793.65,0.0,6.8165,1.0,0.0,0.0,0.0,0.0
880,555.26,785.95,62699.75,56125.95,55340.0,89.3823,0.0487,0.0,-785.95,0.0,6.8165,0.0,-785.95,0.0,6.8165,1.0,0.0,0.0,0.0,0.0
881,555.59,776.6,62471.9,56249.15,55472.55,89.9137,0.0462,0.0,-776.6,0.0,6.8165,0.0,-776.6,0.0,6.8165,1.0,0.0,0.0,0.0,0.0
882,555.91,779.3,62856.7,56618.7,55839.4,89.9513,0.046,0.0,-779.3,0.0,6.8165,0.0,-779.3,0.0,6.8165,1.0,0.0,0.0,0.0,0.0
883,556.24,775.55,63392.8,56412.05,55636.5,88.8517,0.0513,0.0,-775.55,0.0,6.8165,0.0,-775.55,0.0,6.8165,1.0,0.0,0.0,0.0,0.0
884,556.57,792.45,63457.25,56452.5,55660.05,88.8219,0.0515,0.0,-792.45,0.0,6.8165,0.0,-792.45,0.0,6.8165,1.0,0.0,0.0,0.0,0.0
885,556.89,790.35,63009.8,55937.2,55146.85,88.6328,0.0524,0.0,-790.35,0.0,6.8165,0.0,-790.35,0.0,6.8165,1.0,0.0,0.0,0.0,0.0
886,557.22,782.0,63442.95,56517.45,55735.45,88.9477,0.0509,0.0,-782.0,0.0,6.8165,0.0,-782.0,0.0,6.8165,1.0,0.0,0.0,0.0,0.0
887,557.55,770.65,63617.45,57023.85,56253.2,89.5085,0.0481,0.0,-770.65,0.0,6.8165,0.0,-770.65,0.0,6.8165,1.0,0.0,0.0,0.0,0.0
888,557.87,788.2,63507.95,57027.25,56239.05,89.6672,0.0474,0.0,-788.2,0.0,6.8165,0.0,-788.2,0.0,6.8165,1.0,0.0,0.0,0.0,0.0
889,558.2,799.7,63802.6,56569.55,55769.85,88.5195,0.053,0.0,-799.7,0.0,6.8165,0.0,-799.7,0.0,6.8165,1.0,0.0,0.0,0.0,0.0
890,558.52,781.4,63422.9,56849.2,56067.8,89.5058,0.0481,0.0,-781.4,0.0,6.8165,0.0,-781.4,0.0,6.8165,1.0,0.0,0.0,0.0,0.0
891,558.85,799.95,63498.6,57197.05,56397.1,89.9495,0.046,0.0,-799.95,0.0,6.8165,0.0,-799.95,0.0,6.8165,1.0,0.0,0.0,0.0,0.0
892,559.17,790.85,63754.8,56697.3,55906.45,88.7912,0.0516,0.0,-790.85,0.0,6.8165,0.0,-790.85,0.0,6.8165,1.0,0.0,0.0,0.0,0.0
893,559.5,788.75,64023.65,57424.4,56635.65,89.5639,0.0479,0.0,-788.75,0.0,6.8165,0.0,-788.75,0.0,6.8165,1.0,0.0,0.0,0.0,0.0
894,559.83,798.1,64058.85,57923.25,57125.15,90.3011,0.0443,0.0,-798.1,0.0,6.8165,0.0,-798.1,0.0,6.8165,1.0,0.0,0.0,0.0,0.0
895,560.15,791.25,64224.0,57781.85,56990.6,89.8441,0.0465,0.0,-791.25,0.0,6.8165,0.0,-791.25,0.0,6.8165,1.0,0.0,0.0,0.0,0.0
896,560.48,781.25,63813.5,57840.5,57059.25,90.5239,0.0432,0.0,-781.25,0.0,6.8165,0.0,-781.25,0.0,6.8165,1.0,0.0,0.0,0.0,0.0
897,560.8,783.4,63926.2,57805.55,57022.15,90.3067,0.0443,0.0,-783.4,0.0,6.8165,0.0,-783.4,0.0,6.8165,1.0,0.0,0.0,0.0,0.0
898,561.13,791.8,64337.9,58532.25,57740.45,90.8639,0.0416,0.0,-791.8,0.0,6.8165,0.0,-791.8,0.0,6.8165,1.0,0.0,0.0,0.0,0.0
899,561.45,784.3,64280.65,57931.0,57146.7,90.0,0.0458,0.0,-784.3,0.0,6.8165,0.0,-784.3,0.0,6.8165,1.0,0.0,0.0,0.0,0.0
900,561.78,781.05,64813.5,57888.8,57107.75,89.1856,0.0497,0.0,-781.05,0.0,6.8165,0.0,-781.05,0.0,6.8165,1.0,0.0,0.0,0.0,0.0
901,562.1,779.45,65032.55,58395.4,57615.95,89.6703,0.0474,0.0,-779.45,0.0,6.8165,0.0,-779.45,0.0,6.8165,1.0,0.0,0.0,0.0,0.0
902,562.43,789.1,64867.2,58582.1,57793.0,90.1915,0.0448,0.0,-789.1,0.0,6.8165,0.0,-789.1,0.0,6.8165,1.0,0.0,0.0,0.0,0.0
903,562.75,787.85,64884.15,58650.4,57862.55,90.2744,0.0444,0.0,-787.85,0.0,6.8165,0.0,-787.85,0.0,6.8165,1.0,0.0,0.0,0.0,0.0
904,563.07,785.05,64719.95,58653.95,57868.9,90.5122,0.0433,0.0,-785.05,0.0,6.8165,0.0,-785.05,0.0,6.8165,1.0,0.0,0.0,0.0,0.0
905,563.4,790.2,64789.3,58261.25,57471.05,89.7998,0.0467,0.0,-790.2,0.0,6.8165,0.0,-790.2,0.0,6.8165,1.0,0.0,0.0,0.0,0.0
906,563.72,779.4,64799.85,58041.25,57261.85,89.4431,0.0485,0.0,-779.4,0.0,6.8165,0.0,-779.4,0.0,6.8165,1.0,0.0,0.0,0.0,0.0
907,564.05,794.45,64383.65,57964.95,57170.5,89.906,0.0462,0.0,-794.45,0.0,6.8165,0.0,-794.45,0.0,6.8165,1.0,0.0,0.0,0.0,0.0
908,564.37,786.1,64667.4,58923.05,58136.95,91.0078,0.0409,0.0,-786.1,0.0,6.8165,0.0,-786.1,0.0,6.8165,1.0,0.0,0.0,0.0,0.0
909,564.7,785.25,64974.5,59490.55,58705.3,91.4566,0.0388,0.0,-785.25,0.0,6.8165,0.0,-785.25,0.0,6.8165,1.0,0.0,0.0,0.0,0.0
910,565.02,787.6,65366.9,59325.65,58538.05,90.6452,0.0427,0.0,-787.6,0.0,6.8165,0.0,-787.6,0.0,6.8165,1.0,0.0,0.0,0.0,0.0
911,565.34,776.8,65400.8,58470.35,57693.55,89.2757,0.0493,0.0,-776.8,0.0,6.8165,0.0,-776.8,0.0,6.8165,1.0,0.0,0.0,0.0,0.0
912,565.67,784.5,65243.25,58258.1,57473.6,89.1634,0.0498,0.0,-784.5,0.0,6.8165,0.0,-784.5,0.0,6.8165,1.0,0.0,0.0,0.0,0.0
913,565.99,795.25,64881.4,57903.65,57108.4,89.1119,0.0501,0.0,-795.25,0.0,6.8165,0.0,-795.25,0.0,6.8165,1.0,0.0,0.0,0.0,0.0
914,566.31,791.35,64748.55,58578.1,57786.75,90.3522,0.0441,0.0,-791.35,0.0,6.8165,0.0,-791.35,0.0,6.8165,1.0,0.0,0.0,0.0,0.0
915,566.64,781.8,64821.3,58749.75,57967.95,90.5191,0.0433,0.0,-781.8,0.0,6.8165,0.0,-781.8,0.0,6.8165,1.0,0.0,0.0,0.0,0.0
916,566.96,780.3,64975.95,58578.8,57798.5,90.0349,0.0456,0.0,-780.3,0.0,6.8165,0.0,-780.3,0.0,6.8165,1.0,0.0,0.0,0.0,0.0
917,567.29,781.6,65125.85,58308.0,57526.4,89.4041,0.0486,0.0,-781.6,0.0,6.8165,0.0,-781.6,0.0,6.8165,1.0,0.0,0.0,0.0,0.0
918,567.61,777.8,65112.1,58578.85,57801.05,89.8448,0.0465,0.0,-777.8,0.0,6.8165,0.0,-777.8,0.0,6.8165,1.0,0.0,0.0,0.0,0.0
919,567.93,768.5,65086.25,58805.8,58037.3,90.2353,0.0446,0.0,-768.5,0.0,6.8165,0.0,-768.5,0.0,6.8165,1.0,0.0,0.0,0.0,0.0
920,568.25,794.45,65008.05,58657.25,57862.8,90.1099,0.0452,0.0,-794.45,0.0,6.8165,0.0,-794.45,0.0,6.8165,1.0,0.0,0.0,0.0,0.0
921,568.58,782.45,64993.4,58944.0,58161.55,90.5789,0.043,0.0,-782.45,0.0,6.8165,0.0,-782.45,0.0,6.8165,1.0,0.0,0.0,0.0,0.0
922,568.9,794.35,65324.6,59132.7,58338.35,90.4047,0.0438,0.0,-794.35,0.0,6.8165,0.0,-794.35,0.0,6.8165,1.0,0.0,0.0,0.0,0.0
923,569.22,776.9,65249.5,58816.6,58039.7,90.0223,0.0457,0.0,-776.9,0.0,6.8165,0.0,-776.9,0.0,6.8165,1.0,0.0,0.0,0.0,0.0
924,569.55,792.95,65169.8,58628.55,57835.6,89.8391,0.0465,0.0,-792.95,0.0,6.8165,0.0,-792.95,0.0,6.8165,1.0,0.0,0.0,0.0,0.0
925,569.87,783.45,64898.4,58379.7,57596.25,89.8328,0.0466,0.0,-783.45,0.0,6.8165,0.0,-783.45,0.0,6.8165,1.0,0.0,0.0,0.0,0.0
926,570.19,794.35,64715.55,59226.6,58432.25,91.4129,0.039,0.0,-794.35,0.0,6.8165,0.0,-794.35,0.0,6.8165,1.0,0.0,0.0,0.0,0.0
927,570.51,786.95,64897.9,59349.35,58562.4,91.3454,0.0393,0.0,-786.95,0.0,6.8165,0.0,-786.95,0.0,6.8165,1.0,0.0,0.0,0.0,0.0
928,570.83,792.7,65292.05,59379.75,58587.05,90.8336,0.0418,0.0,-792.7,0.0,6.8165,0.0,-792.7,0.0,6.8165,1.0,0.0,0.0,0.0,0.0
929,571.16,784.85,65344.8,59006.7,58221.85,90.1826,0.0449,0.0,-784.85,0.0,6.8165,0.0,-784.85,0.0,6.8165,1.0,0.0,0.0,0.0,0.0
930,571.48,788.05,65250.3,59160.15,58372.1,90.5524,0.0431,0.0,-788.05,0.0,6.8165,0.0,-788.05,0.0,6.8165,1.0,0.0,0.0,0.0,0.0
931,571.8,782.2,64958.55,59165.35,58383.15,90.973,0.0411,0.0,-782.2,0.0,6.8165,0.0,-782.2,0.0,6.8165,1.0,0.0,0.0,0.0,0.0
932,572.12,771.75,64801.45,59433.0,58661.25,91.6157,0.038,0.0,-771.75,0.0,6.8165,0.0,-771.75,0.0,6.8165,1.0,0.0,0.0,0.0,0.0
933,572.44,768.25,64774.85,59513.4,58745.15,91.7798,0.0373,0.0,-768.25,0.0,6.8165,0.0,-768.25,0.0,6.8165,1.0,0.0,0.0,0.0,0.0
934,572.77,781.45,65246.3,59590.15,58808.7,91.226,0.0399,0.0,-781.45,0.0,6.8165,0.0,-781.45,0.0,6.8165,1.0,0.0,0.0,0.0,0.0
935,573.09,775.95,65197.95,59636.35,58860.4,91.3669,0.0392,0.0,-775.95,0.0,6.8165,0.0,-775.95,0.0,6.8165,1.0,0.0,0.0,0.0,0.0
936,573.41,774.2,65286.85,59326.45,58552.25,90.7609,0.0421,0.0,-774.2,0.0,6.8165,0.0,-774.2,0.0,6.8165,1.0,0.0,0.0,0.0,0.0
937,573.73,786.45,65138.75,59217.55,58431.1,90.7988,0.0419,0.0,-786.45,0.0,6.8165,0.0,-786.45,0.0,6.8165,1.0,0.0,0.0,0.0,0.0
938,574.05,788.2,64907.95,59378.5,58590.3,91.3764,0.0392,0.0,-788.2,0.0,6.8165,0.0,-788.2,0.0,6.8165,1.0,0.0,0.0,0.0,0.0
939,574.37,787.7,65188.85,59506.95,58719.25,91.1773,0.0401,0.0,-787.7,0.0,6.8165,0.0,-787.7,0.0,6.8165,1.0,0.0,0.0,0.0,0.0
940,574.69,774.8,65059.9,59476.0,58701.2,91.3139,0.0395,0.0,-774.8,0.0,6.8165,0.0,-774.8,0.0,6.8165,1.0,0.0,0.0,0.0,0.0
941,575.02,777.0,65249.85,59858.7,59081.7,91.6381,0.0379,0.0,-777.0,0.0,6.8165,0.0,-777.0,0.0,6.8165,1.0,0.0,0.0,0.0,0.0
942,575.34,784.9,65423.25,59855.5,59070.6,91.3863,0.0391,0.0,-784.9,0.0,6.8165,0.0,-784.9,0.0,6.8165,1.0,0.0,0.0,0.0,0.0
943,575.66,782.2,65407.0,59889.8,59107.6,91.4627,0.0388,0.0,-782.2,0.0,6.8165,0.0,-782.2,0.0,6.8165,1.0,0.0,0.0,0.0,0.0
944,575.98,779.75,65377.6,59929.1,59149.35,91.5655,0.0383,0.0,-779.75,0.0,6.8165,0.0,-779.75,0.0,6.8165,1.0,0.0,0.0,0.0,0.0
945,576.3,785.65,65260.75,59549.3,58763.65,91.1416,0.0403,0.0,-785.65,0.0,6.8165,0.0,-785.65,0.0,6.8165,1.0,0.0,0.0,0.0,0.0
946,576.62,779.05,65014.05,58677.2,57898.15,90.1349,0.0451,0.0,-779.05,0.0,6.8165,0.0,-779.05,0.0,6.8165,1.0,0.0,0.0,0.0,0.0
947,576.94,779.25,64914.45,58886.5,58107.25,90.6012,0.0429,0.0,-779.25,0.0,6.8165,0.0,-779.25,0.0,6.8165,1.0,0.0,0.0,0.0,0.0
948,577.26,784.45,64752.9,59068.45,58284.0,91.1137,0.0404,0.0,-784.45,0.0,6.8165,0.0,-784.45,0.0,6.8165,1.0,0.0,0.0,0.0,0.0
949,577.58,772.6,64612.35,59121.6,58349.0,91.3992,0.0391,0.0,-772.6,0.0,6.8165,0.0,-772.6,0.0,6.8165,1.0,0.0,0.0,0.0,0.0
950,577.9,795.75,64571.5,58833.05,58037.3,91.0021,0.0409,0.0,-795.75,0.0,6.8165,0.0,-795.75,0.0,6.8165,1.0,0.0,0.0,0.0,0.0
951,578.22,783.15,64703.05,58364.05,57580.9,90.0829,0.0454,0.0,-783.15,0.0,6.8165,0.0,-783.15,0.0,6.8165,1.0,0.0,0.0,0.0,0.0
952,578.54,786.25,64740.05,58156.0,57369.75,89.705,0.0472,0.0,-786.25,0.0,6.8165,0.0,-786.25,0.0,6.8165,1.0,0.0,0.0,0.0,0.0
953,578.86,783.0,64489.55,57749.6,56966.6,89.4203,0.0486,0.0,-783.0,0.0,6.8165,0.0,-783.0,0.0,6.8165,1.0,0.0,0.0,0.0,0.0
954,579.18,784.85,64436.4,58123.25,57338.4,90.0817,0.0454,0.0,-784.85,0.0,6.8165,0.0,-784.85,0.0,6.8165,1.0,0.0,0.0,0.0,0.0
955,579.5,783.05,64171.8,58414.7,57631.65,90.9178,0.0414,0.0,-783.05,0.0,6.8165,0.0,-783.05,0.0,6.8165,1.0,0.0,0.0,0.0,0.0
956,579.82,798.55,63882.8,58408.45,57609.9,91.3222,0.0394,0.0,-798.55,0.0,6.8165,0.0,-798.55,0.0,6.8165,1.0,0.0,0.0,0.0,0.0
957,580.14,786.15,63972.4,57994.6,57208.45,90.5394,0.0432,0.0,-786.15,0.0,6.8165,0.0,-786.15,0.0,6.8165,1.0,0.0,0.0,0.0,0.0
958,580.46,790.7,63272.95,56823.9,56033.2,89.6786,0.0473,0.0,-790.7,0.0,6.8165,0.0,-790.7,0.0,6.8165,1.0,0.0,0.0,0.0,0.0
959,580.78,784.9,63426.95,57011.0,56226.1,89.7578,0.0469,0.0,-784.9,0.0,6.8165,0.0,-784.9,0.0,6.8165,1.0,0.0,0.0,0.0,0.0
960,581.1,786.4,63150.8,57118.35,56331.95,90.3271,0.0442,0.0,-786.4,0.0,6.8165,0.0,-786.4,0.0,6.8165,1.0,0.0,0.0,0.0,0.0
961,581.42,775.7,63108.7,57199.85,56424.15,90.5205,0.0433,0.0,-775.7,0.0,6.8165,0.0,-775.7,0.0,6.8165,1.0,0.0,0.0,0.0,0.0
962,581.73,779.6,63011.4,57221.0,56441.4,90.6954,0.0424,0.0,-779.6,0.0,6.8165,0.0,-779.6,0.0,6.8165,1.0,0.0,0.0,0.0,0.0
963,582.05,788.35,62922.05,57345.85,56557.5,91.0255,0.0408,0.0,-788.35,0.0,6.8165,0.0,-788.35,0.0,6.8165,1.0,0.0,0.0,0.0,0.0
964,582.37,789.6,62611.4,56740.1,55950.5,90.5029,0.0433,0.0,-789.6,0.0,6.8165,0.0,-789.6,0.0,6.8165,1.0,0.0,0.0,0.0,0.0
965,582.69,772.8,62268.7,56470.6,55697.8,90.5716,0.043,0.0,-772.8,0.0,6.8165,0.0,-772.8,0.0,6.8165,1.0,0.0,0.0,0.0,0.0
966,583.01,791.3,62677.15,56960.45,56169.15,90.7625,0.0421,0.0,-791.3,0.0,6.8165,0.0,-791.3,0.0,6.8165,1.0,0.0,0.0,0.0,0.0
967,583.33,790.8,62399.45,56792.2,56001.4,90.8986,0.0414,0.0,-790.8,0.0,6.8165,0.0,-790.8,0.0,6.8165,1.0,0.0,0.0,0.0,0.0
968,583.65,790.35,62731.05,57196.3,56405.95,91.0644,0.0407,0.0,-790.35,0.0,6.8165,0.0,-790.35,0.0,6.8165,1.0,0.0,0.0,0.0,0.0
969,583.96,789.8,62770.25,57088.9,56299.1,90.8336,0.0418,0.0,-789.8,0.0,6.8165,0.0,-789.8,0.0,6.8165,1.0,0.0,0.0,0.0,0.0
970,584.28,787.0,62065.25,56514.65,55727.65,90.942,0.0412,0.0,-787.0,0.0,6.8165,0.0,-787.0,0.0,6.8165,1.0,0.0,0.0,0.0,0.0
971,584.6,771.75,61744.65,56208.85,55437.1,90.9209,0.0413,0.0,-771.75,0.0,6.8165,0.0,-771.75,0.0,6.8165,1.0,0.0,0.0,0.0,0.0
972,584.92,782.25,61084.9,56548.0,55765.75,92.4765,0.034,0.0,-782.25,0.0,6.8165,0.0,-782.25,0.0,6.8165,1.0,0.0,0.0,0.0,0.0
973,585.24,794.0,62061.2,56682.15,55888.15,91.2203,0.0399,0.0,-794.0,0.0,6.8165,0.0,-794.0,0.0,6.8165,1.0,0.0,0.0,0.0,0.0
974,585.55,786.4,62730.25,56811.4,56025.0,90.4448,0.0436,0.0,-786.4,0.0,6.8165,0.0,-786.4,0.0,6.8165,1.0,0.0,0.0,0.0,0.0
975,585.87,776.55,62210.65,56542.35,55765.8,90.7734,0.042,0.0,-776.55,0.0,6.8165,0.0,-776.55,0.0,6.8165,1.0,0.0,0.0,0.0,0.0
976,586.19,790.05,61358.85,56022.85,55232.8,91.1902,0.0401,0.0,-790.05,0.0,6.8165,0.0,-790.05,0.0,6.8165,1.0,0.0,0.0,0.0,0.0
977,586.51,794.0,60694.1,55986.3,55192.3,92.1406,0.0355,0.0,-794.0,0.0,6.8165,0.0,-794.0,0.0,6.8165,1.0,0.0,0.0,0.0,0.0
978,586.83,791.65,61022.1,56245.2,55453.55,92.069,0.0359,0.0,-791.65,0.0,6.8165,0.0,-791.65,0.0,6.8165,1.0,0.0,0.0,0.0,0.0
979,587.14,792.05,61053.8,56063.4,55271.35,91.7188,0.0375,0.0,-792.05,0.0,6.8165,0.0,-792.05,0.0,6.8165,1.0,0.0,0.0,0.0,0.0
980,587.46,795.95,60936.65,56155.4,55359.45,92.0499,0.036,0.0,-795.95,0.0,6.8165,0.0,-795.95,0.0,6.8165,1.0,0.0,0.0,0.0,0.0
981,587.78,793.65,60968.3,56096.6,55302.95,91.9041,0.0367,0.0,-793.65,0.0,6.8165,0.0,-793.65,0.0,6.8165,1.0,0.0,0.0,0.0,0.0
982,588.09,783.75,60964.7,55546.5,54762.75,90.9968,0.041,0.0,-783.75,0.0,6.8165,0.0,-783.75,0.0,6.8165,1.0,0.0,0.0,0.0,0.0
983,588.41,799.45,60789.15,55261.0,54461.55,90.7848,0.042,0.0,-799.45,0.0,6.8165,0.0,-799.45,0.0,6.8165,1.0,0.0,0.0,0.0,0.0
984,588.73,793.6,60881.6,55833.25,55039.65,91.5984,0.0381,0.0,-793.6,0.0,6.8165,0.0,-793.6,0.0,6.8165,1.0,0.0,0.0,0.0,0.0
985,589.04,783.05,61031.6,55877.6,55094.55,91.4454,0.0388,0.0,-783.05,0.0,6.8165,0.0,-783.05,0.0,6.8165,1.0,0.0,0.0,0.0,0.0
986,589.36,797.0,61078.0,56434.65,55637.65,92.2972,0.0348,0.0,-797.0,0.0,6.8165,0.0,-797.0,0.0,6.8165,1.0,0.0,0.0,0.0,0.0
987,589.68,786.45,61792.35,56161.65,55375.2,90.7702,0.0421,0.0,-786.45,0.0,6.8165,0.0,-786.45,0.0,6.8165,1.0,0.0,0.0,0.0,0.0
988,589.99,786.1,61635.25,55480.25,54694.15,89.8848,0.0463,0.0,-786.1,0.0,6.8165,0.0,-786.1,0.0,6.8165,1.0,0.0,0.0,0.0,0.0
989,590.31,786.15,61337.55,56090.6,55304.45,91.3347,0.0394,0.0,-786.15,0.0,6.8165,0.0,-786.15,0.0,6.8165,1.0,0.0,0.0,0.0,0.0
990,590.63,793.05,60727.25,55564.05,54771.0,91.3852,0.0391,0.0,-793.05,0.0,6.8165,0.0,-793.05,0.0,6.8165,1.0,0.0,0.0,0.0,0.0
991,590.94,796.75,60775.5,55390.2,54593.45,91.0213,0.0409,0.0,-796.75,0.0,6.8165,0.0,-796.75,0.0,6.8165,1.0,0.0,0.0,0.0,0.0
992,591.26,778.25,60747.0,55846.2,55067.95,91.8277,0.037,0.0,-778.25,0.0,6.8165,0.0,-778.25,0.0,6.8165,1.0,0.0,0.0,0.0,0.0
993,591.58,773.6,60413.6,55798.55,55024.95,92.2618,0.035,0.0,-773.6,0.0,6.8165,0.0,-773.6,0.0,6.8165,1.0,0.0,0.0,0.0,0.0
994,591.89,793.6,60266.85,54962.15,54168.55,91.0805,0.0406,0.0,-793.6,0.0,6.8165,0.0,-793.6,0.0,6.8165,1.0,0.0,0.0,0.0,0.0
995,592.21,783.15,59806.85,54888.3,54105.15,91.6668,0.0378,0.0,-783.15,0.0,6.8165,0.0,-783.15,0.0,6.8165,1.0,0.0,0.0,0.0,0.0
996,592.52,779.5,59654.45,55449.55,54670.05,92.8579,0.0322,0.0,-779.5,0.0,6.8165,0.0,-779.5,0.0,6.8165,1.0,0.0,0.0,0.0,0.0
997,592.84,789.85,60229.9,55853.0,55063.15,92.6364,0.0332,0.0,-789.85,0.0,6.8165,0.0,-789.85,0.0,6.8165,1.0,0.0,0.0,0.0,0.0
998,593.15,774.25,60418.55,55912.3,55138.05,92.4448,0.0341,0.0,-774.25,0.0,6.8165,0.0,-774.25,0.0,6.8165,1.0,0.0,0.0,0.0,0.0
999,593.47,796.8,60483.85,55443.3,54646.5,91.555,0.0383,0.0,-796.8,0.0,6.8165,0.0,-796.8,0.0,6.8165,1.0,0.0,0.0,0.0,0.0
1000,593.79,788.45,60216.35,55264.35,54475.9,91.6672,0.0378,0.0,-788.45,0.0,6.8165,0.0,-788.45,0.0,6.8165,1.0,0.0,0.0,0.0,0.0
1001,594.1,791.15,60676.25,55088.65,54297.5,90.6695,0.0425,0.0,-791.15,0.0,6.8165,0.0,-791.15,0.0,6.8165,1.0,0.0,0.0,0.0,0.0
1002,594.42,797.7,60395.95,55335.05,54537.35,91.5083,0.0385,0.0,-797.7,0.0,6.8165,0.0,-797.7,0.0,6.8165,1.0,0.0,0.0,0.0,0.0
1003,594.73,792.25,60304.0,55747.6,54955.35,92.3437,0.0346,0.0,-792.25,0.0,6.8165,0.0,-792.25,0.0,6.8165,1.0,0.0,0.0,0.0,0.0
1004,595.05,794.65,60504.35,56181.25,55386.6,92.7598,0.0326,0.0,-794.65,0.0,6.8165,0.0,-794.65,0.0,6.8165,1.0,0.0,0.0,0.0,0.0
1005,595.36,773.65,61567.35,56626.95,55853.3,91.8735,0.0368,0.0,-773.65,0.0,6.8165,0.0,-773.65,0.0,6.8165,1.0,0.0,0.0,0.0,0.0
1006,595.68,791.1,60955.2,55631.75,54840.65,91.1518,0.0402,0.0,-791.1,0.0,6.8165,0.0,-791.1,0.0,6.8165,1.0,0.0,0.0,0.0,0.0
1007,595.99,785.0,60597.1,55010.8,54225.8,90.6603,0.0426,0.0,-785.0,0.0,6.8165,0.0,-785.0,0.0,6.8165,1.0,0.0,0.0,0.0,0.0
1008,596.3,783.4,60309.45,55413.25,54629.85,91.7747,0.0373,0.0,-783.4,0.0,6.8165,0.0,-783.4,0.0,6.8165,1.0,0.0,0.0,0.0,0.0
1009,596.62,777.6,59470.4,55569.3,54791.7,93.3534,0.0299,0.0,-777.6,0.0,6.8165,0.0,-777.6,0.0,6.8165,1.0,0.0,0.0,0.0,0.0
1010,596.93,784.8,59753.6,55871.05,55086.25,93.4159,0.0296,0.0,-784.8,0.0,6.8165,0.0,-784.8,0.0,6.8165,1.0,0.0,0.0,0.0,0.0
1011,597.25,797.2,60173.05,55881.3,55084.1,92.7719,0.0326,0.0,-797.2,0.0,6.8165,0.0,-797.2,0.0,6.8165,1.0,0.0,0.0,0.0,0.0
1012,597.56,776.85,60244.3,55887.55,55110.7,92.6737,0.033,0.0,-776.85,0.0,6.8165,0.0,-776.85,0.0,6.8165,1.0,0.0,0.0,0.0,0.0
1013,597.88,793.65,60530.0,55980.95,55187.3,92.3848,0.0344,0.0,-793.65,0.0,6.8165,0.0,-793.65,0.0,6.8165,1.0,0.0,0.0,0.0,0.0
1014,598.19,778.95,61100.7,56221.25,55442.3,91.911,0.0366,0.0,-778.95,0.0,6.8165,0.0,-778.95,0.0,6.8165,1.0,0.0,0.0,0.0,0.0
1015,598.5,806.5,60404.45,56074.4,55267.9,92.7346,0.0328,0.0,-806.5,0.0,6.8165,0.0,-806.5,0.0,6.8165,1.0,0.0,0.0,0.0,0.0
1016,598.82,794.35,60141.25,55817.2,55022.85,92.7139,0.0329,0.0,-794.35,0.0,6.8165,0.0,-794.35,0.0,6.8165,1.0,0.0,0.0,0.0,0.0
1017,599.13,786.25,59846.05,55731.55,54945.3,93.0333,0.0314,0.0,-786.25,0.0,6.8165,0.0,-786.25,0.0,6.8165,1.0,0.0,0.0,0.0,0.0
1018,599.45,789.9,60637.2,55837.25,55047.35,91.9797,0.0363,0.0,-789.9,0.0,6.8165,0.0,-789.9,0.0,6.8165,1.0,0.0,0.0,0.0,0.0
1019,599.76,786.3,60087.4,55040.5,54254.2,91.4894,0.0386,0.0,-786.3,0.0,6.8165,0.0,-786.3,0.0,6.8165,1.0,0.0,0.0,0.0,0.0
1020,600.07,801.7,60482.25,55685.5,54883.8,91.9626,0.0364,0.0,-801.7,0.0,6.8165,0.0,-801.7,0.0,6.8165,1.0,0.0,0.0,0.0,0.0
1021,600.39,792.15,59926.25,55955.8,55163.65,93.2857,0.0302,0.0,-792.15,0.0,6.8165,0.0,-792.15,0.0,6.8165,1.0,0.0,0.0,0.0,0.0
1022,600.7,771.55,59857.0,56314.9,55543.35,94.0051,0.0268,0.0,-771.55,0.0,6.8165,0.0,-771.55,0.0,6.8165,1.0,0.0,0.0,0.0,0.0
1023,601.01,797.1,60105.45,56163.65,55366.55,93.3537,0.0299,0.0,-797.1,0.0,6.8165,0.0,-797.1,0.0,6.8165,1.0,0.0,0.0,0.0,0.0
1024,601.33,784.3,60172.8,55720.8,54936.5,92.5036,0.0338,0.0,-784.3,0.0,6.8165,0.0,-784.3,0.0,6.8165,1.0,0.0,0.0,0.0,0.0
1025,601.64,786.65,60395.65,56081.9,55295.25,92.7633,0.0326,0.0,-786.65,0.0,6.8165,0.0,-786.65,0.0,6.8165,1.0,0.0,0.0,0.0,0.0
1026,601.95,780.35,60227.55,56327.5,55547.15,93.4395,0.0295,0.0,-780.35,0.0,6.8165,0.0,-780.35,0.0,6.8165,1.0,0.0,0.0,0.0,0.0
1027,602.26,786.9,60505.9,56237.65,55450.75,92.8528,0.0322,0.0,-786.9,0.0,6.8165,0.0,-786.9,0.0,6.8165,1.0,0.0,0.0,0.0,0.0
1028,602.58,774.05,59633.3,55271.9,54497.85,92.5901,0.0334,0.0,-774.05,0.0,6.8165,0.0,-774.05,0.0,6.8165,1.0,0.0,0.0,0.0,0.0
1029,602.89,794.25,59129.45,55747.05,54952.8,94.2018,0.0259,0.0,-794.25,0.0,6.8165,0.0,-794.25,0.0,6.8165,1.0,0.0,0.0,0.0,0.0
1030,603.2,795.7,59748.05,56107.5,55311.8,93.8246,0.0277,0.0,-795.7,0.0,6.8165,0.0,-795.7,0.0,6.8165,1.0,0.0,0.0,0.0,0.0
1031,603.51,791.95,59866.3,55591.0,54799.05,92.7628,0.0326,0.0,-791.95,0.0,6.8165,0.0,-791.95,0.0,6.8165,1.0,0.0,0.0,0.0,0.0
1032,603.83,794.45,60530.3,56064.45,55270.0,92.524,0.0337,0.0,-794.45,0.0,6.8165,0.0,-794.45,0.0,6.8165,1.0,0.0,0.0,0.0,0.0
1033,604.14,787.05,60589.7,56054.0,55266.95,92.4156,0.0343,0.0,-787.05,0.0,6.8165,0.0,-787.05,0.0,6.8165,1.0,0.0,0.0,0.0,0.0
1034,604.45,790.8,60410.45,55805.95,55015.15,92.2769,0.0349,0.0,-790.8,0.0,6.8165,0.0,-790.8,0.0,6.8165,1.0,0.0,0.0,0.0,0.0
1035,604.76,801.6,60686.65,55923.25,55121.65,92.0458,0.036,0.0,-801.6,0.0,6.8165,0.0,-801.6,0.0,6.8165,1.0,0.0,0.0,0.0,0.0
1036,605.07,793.25,60041.45,55748.25,54955.0,92.7539,0.0327,0.0,-793.25,0.0,6.8165,0.0,-793.25,0.0,6.8165,1.0,0.0,0.0,0.0,0.0
1037,605.39,797.5,59998.0,55671.3,54873.8,92.6914,0.033,0.0,-797.5,0.0,6.8165,0.0,-797.5,0.0,6.8165,1.0,0.0,0.0,0.0,0.0
1038,605.7,786.95,60249.6,55788.35,55001.4,92.4974,0.0339,0.0,-786.95,0.0,6.8165,0.0,-786.95,0.0,6.8165,1.0,0.0,0.0,0.0,0.0
1039,606.01,793.65,60159.0,56445.1,55651.45,93.744,0.0281,0.0,-793.65,0.0,6.8165,0.0,-793.65,0.0,6.8165,1.0,0.0,0.0,0.0,0.0
1040,606.32,785.35,60263.2,56206.25,55420.9,93.1791,0.0307,0.0,-785.35,0.0,6.8165,0.0,-785.35,0.0,6.8165,1.0,0.0,0.0,0.0,0.0
1041,606.63,784.4,59767.45,55176.1,54391.7,92.2158,0.0352,0.0,-784.4,0.0,6.8165,0.0,-784.4,0.0,6.8165,1.0,0.0,0.0,0.0,0.0
1042,606.94,787.7,59727.25,55764.35,54976.65,93.2763,0.0302,0.0,-787.7,0.0,6.8165,0.0,-787.7,0.0,6.8165,1.0,0.0,0.0,0.0,0.0
1043,607.26,788.0,59638.95,56262.75,55474.75,94.2631,0.0257,0.0,-788.0,0.0,6.8165,0.0,-788.0,0.0,6.8165,1.0,0.0,0.0,0.0,0.0
1044,607.57,788.2,60065.05,56978.9,56190.7,94.7937,0.0232,0.0,-788.2,0.0,6.8165,0.0,-788.2,0.0,6.8165,1.0,0.0,0.0,0.0,0.0
1045,607.88,789.8,59778.3,56449.5,55659.7,94.3569,0.0252,0.0,-789.8,0.0,6.8165,0.0,-789.8,0.0,6.8165,1.0,0.0,0.0,0.0,0.0
1046,608.19,789.8,59126.5,56789.5,55999.7,95.9939,0.0178,0.0,-789.8,0.0,6.8165,0.0,-789.8,0.0,6.8165,1.0,0.0,0.0,0.0,0.0
1047,608.5,795.25,59404.15,56065.4,55270.15,94.3033,0.0255,0.0,-795.25,0.0,6.8165,0.0,-795.25,0.0,6.8165,1.0,0.0,0.0,0.0,0.0
1048,608.81,794.9,59506.55,55346.0,54551.1,92.9136,0.0319,0.0,-794.9,0.0,6.8165,0.0,-794.9,0.0,6.8165,1.0,0.0,0.0,0.0,0.0
1049,609.12,797.9,59513.4,55679.1,54881.2,93.4697,0.0293,0.0,-797.9,0.0,6.8165,0.0,-797.9,0.0,6.8165,1.0,0.0,0.0,0.0,0.0
1050,609.43,793.2,59651.55,56030.65,55237.45,93.8481,0.0276,0.0,-793.2,0.0,6.8165,0.0,-793.2,0.0,6.8165,1.0,0.0,0.0,0.0,0.0
1051,609.74,783.35,59402.3,55881.5,55098.15,93.9938,0.0269,0.0,-783.35,0.0,6.8165,0.0,-783.35,0.0,6.8165,1.0,0.0,0.0,0.0,0.0
1052,610.05,773.85,60230.4,56122.6,55348.75,93.0911,0.0311,0.0,-773.85,0.0,6.8165,0.0,-773.85,0.0,6.8165,1.0,0.0,0.0,0.0,0.0
1053,610.36,794.0,60536.4,55840.05,55046.05,92.139,0.0356,0.0,-794.0,0.0,6.8165,0.0,-794.0,0.0,6.8165,1.0,0.0,0.0,0.0,0.0
1054,610.67,784.8,60401.85,55765.25,54980.45,92.2227,0.0352,0.0,-784.8,0.0,6.8165,0.0,-784.8,0.0,6.8165,1.0,0.0,0.0,0.0,0.0
1055,610.98,800.4,59420.2,55790.1,54989.7,93.8074,0.0278,0.0,-800.4,0.0,6.8165,0.0,-800.4,0.0,6.8165,1.0,0.0,0.0,0.0,0.0
1056,611.29,796.05,59002.0,55659.85,54863.8,94.2581,0.0257,0.0,-796.05,0.0,6.8165,0.0,-796.05,0.0,6.8165,1.0,0.0,0.0,0.0,0.0
1057,611.6,782.55,59351.75,55995.95,55213.4,94.2704,0.0256,0.0,-782.55,0.0,6.8165,0.0,-782.55,0.0,6.8165,1.0,0.0,0.0,0.0,0.0
1058,611.91,779.0,59809.1,56422.5,55643.5,94.2629,0.0257,0.0,-779.0,0.0,6.8165,0.0,-779.0,0.0,6.8165,1.0,0.0,0.0,0.0,0.0
1059,612.22,782.25,59204.85,55960.8,55178.55,94.4473,0.0248,0.0,-782.25,0.0,6.8165,0.0,-782.25,0.0,6.8165,1.0,0.0,0.0,0.0,0.0
1060,612.53,785.9,59265.1,55987.5,55201.6,94.3953,0.025,0.0,-785.9,0.0,6.8165,0.0,-785.9,0.0,6.8165,1.0,0.0,0.0,0.0,0.0
1061,612.84,787.0,59763.6,56113.55,55326.55,93.811,0.0277,0.0,-787.0,0.0,6.8165,0.0,-787.0,0.0,6.8165,1.0,0.0,0.0,0.0,0.0
1062,613.15,795.15,59753.0,56047.75,55252.6,93.7154,0.0282,0.0,-795.15,0.0,6.8165,0.0,-795.15,0.0,6.8165,1.0,0.0,0.0,0.0,0.0
1063,613.46,790.55,59772.9,56224.05,55433.5,93.9832,0.0269,0.0,-790.55,0.0,6.8165,0.0,-790.55,0.0,6.8165,1.0,0.0,0.0,0.0,0.0
1064,613.77,797.15,59566.3,56365.4,55568.25,94.5534,0.0243,0.0,-797.15,0.0,6.8165,0.0,-797.15,0.0,6.8165,1.0,0.0,0.0,0.0,0.0
1065,614.08,785.4,59632.95,56261.0,55475.6,94.27,0.0256,0.0,-785.4,0.0,6.8165,0.0,-785.4,0.0,6.8165,1.0,0.0,0.0,0.0,0.0
1066,614.39,790.8,59554.0,55933.3,55142.5,93.8385,0.0276,0.0,-790.8,0.0,6.8165,0.0,-790.8,0.0,6.8165,1.0,0.0,0.0,0.0,0.0
1067,614.7,785.75,59831.6,55696.0,54910.25,92.996,0.0315,0.0,-785.75,0.0,6.8165,0.0,-785.75,0.0,6.8165,1.0,0.0,0.0,0.0,0.0
1068,615.0,780.75,59544.1,55884.45,55103.7,93.7722,0.0279,0.0,-780.75,0.0,6.8165,0.0,-780.75,0.0,6.8165,1.0,0.0,0.0,0.0,0.0
1069,615.31,792.5,59911.25,55418.8,54626.3,92.401,0.0343,0.0,-792.5,0.0,6.8165,0.0,-792.5,0.0,6.8165,1.0,0.0,0.0,0.0,0.0
1070,615.62,795.75,59313.6,55382.7,54586.95,93.2826,0.0302,0.0,-795.75,0.0,6.8165,0.0,-795.75,0.0,6.8165,1.0,0.0,0.0,0.0,0.0
1071,615.93,795.05,59210.8,56173.05,55378.0,94.7998,0.0232,0.0,-795.05,0.0,6.8165,0.0,-795.05,0.0,6.8165,1.0,0.0,0.0,0.0,0.0
1072,616.24,777.8,59526.35,56493.15,55715.35,94.837,0.023,0.0,-777.8,0.0,6.8165,0.0,-777.8,0.0,6.8165,1.0,0.0,0.0,0.0,0.0
1073,616.55,793.95,59179.15,56426.45,55632.5,95.2853,0.021,0.0,-793.95,0.0,6.8165,0.0,-793.95,0.0,6.8165,1.0,0.0,0.0,0.0,0.0
1074,616.86,786.4,59338.15,56106.15,55319.75,94.4801,0.0247,0.0,-786.4,0.0,6.8165,0.0,-786.4,0.0,6.8165,1.0,0.0,0.0,0.0,0.0
1075,617.16,787.6,59251.75,55687.1,54899.5,93.9028,0.0273,0.0,-787.6,0.0,6.8165,0.0,-787.6,0.0,6.8165,1.0,0.0,0.0,0.0,0.0
1076,617.47,795.0,59493.8,55715.95,54920.95,93.564,0.0289,0.0,-795.0,0.0,6.8165,0.0,-795.0,0.0,6.8165,1.0,0.0,0.0,0.0,0.0
1077,617.78,775.25,59594.9,56542.1,55766.85,94.8099,0.0231,0.0,-775.25,0.0,6.8165,0.0,-775.25,0.0,6.8165,1.0,0.0,0.0,0.0,0.0
1078,618.09,783.65,59344.25,56077.25,55293.6,94.4212,0.0249,0.0,-783.65,0.0,6.8165,0.0,-783.65,0.0,6.8165,1.0,0.0,0.0,0.0,0.0
1079,618.4,777.05,59348.0,56332.55,55555.5,94.8516,0.023,0.0,-777.05,0.0,6.8165,0.0,-777.05,0.0,6.8165,1.0,0.0,0.0,0.0,0.0
1080,618.7,797.1,59255.55,56675.8,55878.7,95.587,0.0196,0.0,-797.1,0.0,6.8165,0.0,-797.1,0.0,6.8165,1.0,0.0,0.0,0.0,0.0
1081,619.01,802.1,59133.0,56111.75,55309.65,94.8205,0.0231,0.0,-802.1,0.0,6.8165,0.0,-802.1,0.0,6.8165,1.0,0.0,0.0,0.0,0.0
1082,619.32,793.15,59350.4,56242.05,55448.9,94.6918,0.0237,0.0,-793.15,0.0,6.8165,0.0,-793.15,0.0,6.8165,1.0,0.0,0.0,0.0,0.0
1083,619.63,792.35,59401.9,56747.65,55955.3,95.4713,0.0201,0.0,-792.35,0.0,6.8165,0.0,-792.35,0.0,6.8165,1.0,0.0,0.0,0.0,0.0
1084,619.93,771.5,59112.15,56585.55,55814.05,95.6692,0.0192,0.0,-771.5,0.0,6.8165,0.0,-771.5,0.0,6.8165,1.0,0.0,0.0,0.0,0.0
1085,620.24,801.05,59258.5,56235.1,55434.05,94.828,0.0231,0.0,-801.05,0.0,6.8165,0.0,-801.05,0.0,6.8165,1.0,0.0,0.0,0.0,0.0
1086,620.55,782.3,58782.55,55620.25,54837.95,94.5478,0.0243,0.0,-782.3,0.0,6.8165,0.0,-782.3,0.0,6.8165,1.0,0.0,0.0,0.0,0.0
1087,620.85,767.9,58757.15,55848.15,55080.25,94.9836,0.0224,0.0,-767.9,0.0,6.8165,0.0,-767.9,0.0,6.8165,1.0,0.0,0.0,0.0,0.0
1088,621.16,776.05,59219.85,55478.35,54702.3,93.5981,0.0287,0.0,-776.05,0.0,6.8165,0.0,-776.05,0.0,6.8165,1.0,0.0,0.0,0.0,0.0
1089,621.47,787.8,58879.35,55302.7,54514.9,93.8431,0.0276,0.0,-787.8,0.0,6.8165,0.0,-787.8,0.0,6.8165,1.0,0.0,0.0,0.0,0.0
1090,621.77,776.45,59186.25,56233.1,55456.65,94.9441,0.0225,0.0,-776.45,0.0,6.8165,0.0,-776.45,0.0,6.8165,1.0,0.0,0.0,0.0,0.0
1091,622.08,780.2,59264.0,56375.8,55595.6,95.0615,0.022,0.0,-780.2,0.0,6.8165,0.0,-780.2,0.0,6.8165,1.0,0.0,0.0,0.0,0.0
1092,622.39,778.1,58771.95,56162.45,55384.35,95.5004,0.02,0.0,-778.1,0.0,6.8165,0.0,-778.1,0.0,6.8165,1.0,0.0,0.0,0.0,0.0
1093,622.69,778.3,58825.0,56112.45,55334.15,95.327,0.0208,0.0,-778.3,0.0,6.8165,0.0,-778.3,0.0,6.8165,1.0,0.0,0.0,0.0,0.0
1094,623.0,801.15,58024.65,55638.45,54837.3,95.83,0.0185,0.0,-801.15,0.0,6.8165,0.0,-801.15,0.0,6.8165,1.0,0.0,0.0,0.0,0.0
1095,623.31,792.5,58011.45,55355.1,54562.6,95.3576,0.0206,0.0,-792.5,0.0,6.8165,0.0,-792.5,0.0,6.8165,1.0,0.0,0.0,0.0,0.0
1096,623.61,778.45,58330.25,55675.4,54896.95,95.387,0.0205,0.0,-778.45,0.0,6.8165,0.0,-778.45,0.0,6.8165,1.0,0.0,0.0,0.0,0.0
1097,623.92,792.1,58377.85,55764.85,54972.75,95.4624,0.0202,0.0,-792.1,0.0,6.8165,0.0,-792.1,0.0,6.8165,1.0,0.0,0.0,0.0,0.0
1098,624.22,786.25,58399.35,55779.25,54993.0,95.4522,0.0202,0.0,-786.25,0.0,6.8165,0.0,-786.25,0.0,6.8165,1.0,0.0,0.0,0.0,0.0
1099,624.53,787.6,58185.05,56052.65,55265.05,96.2849,0.0164,0.0,-787.6,0.0,6.8165,0.0,-787.6,0.0,6.8165,1.0,0.0,0.0,0.0,0.0
1100,624.84,788.6,58151.95,55589.6,54801.0,95.5331,0.0198,0.0,-788.6,0.0,6.8165,0.0,-788.6,0.0,6.8165,1.0,0.0,0.0,0.0,0.0
1101,625.14,788.6,57467.45,54901.15,54112.55,95.4722,0.0201,0.0,-788.6,0.0,6.8165,0.0,-788.6,0.0,6.8165,1.0,0.0,0.0,0.0,0.0
1102,625.45,773.2,57585.1,54628.95,53855.75,94.7966,0.0232,0.0,-773.2,0.0,6.8165,0.0,-773.2,0.0,6.8165,1.0,0.0,0.0,0.0,0.0
1103,625.75,789.65,57595.3,54886.25,54096.6,95.231,0.0212,0.0,-789.65,0.0,6.8165,0.0,-789.65,0.0,6.8165,1.0,0.0,0.0,0.0,0.0
1104,626.06,793.5,57278.75,55131.8,54338.3,96.1991,0.0168,0.0,-793.5,0.0,6.8165,0.0,-793.5,0.0,6.8165,1.0,0.0,0.0,0.0,0.0
1105,626.36,774.3,57172.1,54757.65,53983.35,95.7189,0.019,0.0,-774.3,0.0,6.8165,0.0,-774.3,0.0,6.8165,1.0,0.0,0.0,0.0,0.0
1106,626.67,774.4,57356.55,54676.35,53901.95,95.2632,0.0211,0.0,-774.4,0.0,6.8165,0.0,-774.4,0.0,6.8165,1.0,0.0,0.0,0.0,0.0
1107,626.97,772.55,57423.3,54423.95,53651.4,94.7055,0.0236,0.0,-772.55,0.0,6.8165,0.0,-772.55,0.0,6.8165,1.0,0.0,0.0,0.0,0.0
1108,627.28,786.55,57163.25,53964.05,53177.5,94.3253,0.0254,0.0,-786.55,0.0,6.8165,0.0,-786.55,0.0,6.8165,1.0,0.0,0.0,0.0,0.0
1109,627.58,798.8,56634.8,54092.3,53293.5,95.4465,0.0202,0.0,-798.8,0.0,6.8165,0.0,-798.8,0.0,6.8165,1.0,0.0,0.0,0.0,0.0
1110,627.89,774.55,56972.25,54372.2,53597.65,95.3734,0.0206,0.0,-774.55,0.0,6.8165,0.0,-774.55,0.0,6.8165,1.0,0.0,0.0,0.0,0.0
1111,628.19,783.15,56959.85,54198.0,53414.85,95.0836,0.0219,0.0,-783.15,0.0,6.8165,0.0,-783.15,0.0,6.8165,1.0,0.0,0.0,0.0,0.0
1112,628.5,778.7,56756.0,54741.75,53963.05,96.4017,0.0159,0.0,-778.7,0.0,6.8165,0.0,-778.7,0.0,6.8165,1.0,0.0,0.0,0.0,0.0
1113,628.8,781.55,57256.1,54540.35,53758.8,95.1912,0.0214,0.0,-781.55,0.0,6.8165,0.0,-781.55,0.0,6.8165,1.0,0.0,0.0,0.0,0.0
1114,629.11,776.65,57021.9,54096.25,53319.6,94.7984,0.0232,0.0,-776.65,0.0,6.8165,0.0,-776.65,0.0,6.8165,1.0,0.0,0.0,0.0,0.0
1115,629.41,780.1,56606.95,53837.35,53057.25,95.0389,0.0221,0.0,-780.1,0.0,6.8165,0.0,-780.1,0.0,6.8165,1.0,0.0,0.0,0.0,0.0
1116,629.71,784.25,56107.0,54020.45,53236.2,96.2284,0.0167,0.0,-784.25,0.0,6.8165,0.0,-784.25,0.0,6.8165,1.0,0.0,0.0,0.0,0.0
1117,630.02,783.7,55845.45,53465.25,52681.55,95.6772,0.0192,0.0,-783.7,0.0,6.8165,0.0,-783.7,0.0,6.8165,1.0,0.0,0.0,0.0,0.0
1118,630.32,787.65,55554.85,52941.5,52153.85,95.2283,0.0212,0.0,-787.65,0.0,6.8165,0.0,-787.65,0.0,6.8165,1.0,0.0,0.0,0.0,0.0
1119,630.63,775.6,56003.8,53349.5,52573.9,95.1939,0.0214,0.0,-775.6,0.0,6.8165,0.0,-775.6,0.0,6.8165,1.0,0.0,0.0,0.0,0.0
1120,630.93,773.55,55985.5,54299.95,53526.4,96.9471,0.0135,0.0,-773.55,0.0,6.8165,0.0,-773.55,0.0,6.8165,1.0,0.0,0.0,0.0,0.0
1121,631.23,778.7,55914.65,54232.95,53454.25,96.9499,0.0135,0.0,-778.7,0.0,6.8165,0.0,-778.7,0.0,6.8165,1.0,0.0,0.0,0.0,0.0
1122,631.54,789.45,55248.35,53560.1,52770.65,96.9,0.0137,0.0,-789.45,0.0,6.8165,0.0,-789.45,0.0,6.8165,1.0,0.0,0.0,0.0,0.0
1123,631.84,765.55,55123.05,53108.05,52342.5,96.2931,0.0164,0.0,-765.55,0.0,6.8165,0.0,-765.55,0.0,6.8165,1.0,0.0,0.0,0.0,0.0
1124,632.14,771.5,55167.65,53340.65,52569.15,96.6413,0.0148,0.0,-771.5,0.0,6.8165,0.0,-771.5,0.0,6.8165,1.0,0.0,0.0,0.0,0.0
1125,632.45,779.2,54913.8,53125.2,52346.0,96.696,0.0146,0.0,-779.2,0.0,6.8165,0.0,-779.2,0.0,6.8165,1.0,0.0,0.0,0.0,0.0
1126,632.75,779.0,55709.35,53638.95,52859.95,96.2309,0.0167,0.0,-779.0,0.0,6.8165,0.0,-779.0,0.0,6.8165,1.0,0.0,0.0,0.0,0.0
1127,633.05,782.35,55465.45,53446.9,52664.55,96.3086,0.0163,0.0,-782.35,0.0,6.8165,0.0,-782.35,0.0,6.8165,1.0,0.0,0.0,0.0,0.0
1128,633.36,769.85,55497.3,53552.8,52782.95,96.4469,0.0157,0.0,-769.85,0.0,6.8165,0.0,-769.85,0.0,6.8165,1.0,0.0,0.0,0.0,0.0
1129,633.66,779.4,55231.65,53074.2,52294.8,96.0379,0.0176,0.0,-779.4,0.0,6.8165,0.0,-779.4,0.0,6.8165,1.0,0.0,0.0,0.0,0.0
1130,633.96,784.65,54303.35,52700.6,51915.95,97.0053,0.0132,0.0,-784.65,0.0,6.8165,0.0,-784.65,0.0,6.8165,1.0,0.0,0.0,0.0,0.0
1131,634.27,780.2,54099.65,53218.9,52438.7,98.3482,0.0072,0.0,-780.2,0.0,6.8165,0.0,-780.2,0.0,6.8165,1.0,0.0,0.0,0.0,0.0
1132,634.57,783.15,54081.7,53474.05,52690.9,98.8599,0.005,0.0,-783.15,0.0,6.8165,0.0,-783.15,0.0,6.8165,1.0,0.0,0.0,0.0,0.0
1133,634.87,778.15,54233.1,53253.5,52475.35,98.1674,0.008,0.0,-778.15,0.0,6.8165,0.0,-778.15,0.0,6.8165,1.0,0.0,0.0,0.0,0.0
1134,635.17,778.2,54500.9,53597.1,52818.9,98.3177,0.0074,0.0,-778.2,0.0,6.8165,0.0,-778.2,0.0,6.8165,1.0,0.0,0.0,0.0,0.0
1135,635.48,777.8,54180.55,53667.65,52889.85,99.0396,0.0042,0.0,-777.8,0.0,6.8165,0.0,-777.8,0.0,6.8165,1.0,0.0,0.0,0.0,0.0
1136,635.78,788.85,54026.45,53591.35,52802.5,99.1827,0.0036,0.0,-788.85,0.0,6.8165,0.0,-788.85,0.0,6.8165,1.0,0.0,0.0,0.0,0.0
1137,636.08,766.5,53530.15,52074.65,51308.15,97.2415,0.0121,0.0,-766.5,0.0,6.8165,0.0,-766.5,0.0,6.8165,1.0,0.0,0.0,0.0,0.0
1138,636.38,769.8,53131.9,51995.6,51225.8,97.8299,0.0095,0.0,-769.8,0.0,6.8165,0.0,-769.8,0.0,6.8165,1.0,0.0,0.0,0.0,0.0
1139,636.68,774.2,53192.0,52154.75,51380.55,98.0212,0.0087,0.0,-774.2,0.0,6.8165,0.0,-774.2,0.0,6.8165,1.0,0.0,0.0,0.0,0.0
1140,636.99,773.7,53254.8,51972.1,51198.4,97.5559,0.0107,0.0,-773.7,0.0,6.8165,0.0,-773.7,0.0,6.8165,1.0,0.0,0.0,0.0,0.0
1141,637.29,786.05,53732.85,52333.85,51547.8,97.3577,0.0116,0.0,-786.05,0.0,6.8165,0.0,-786.05,0.0,6.8165,1.0,0.0,0.0,0.0,0.0
1142,637.59,784.05,53756.15,52910.45,52126.4,98.4035,0.007,0.0,-784.05,0.0,6.8165,0.0,-784.05,0.0,6.8165,1.0,0.0,0.0,0.0,0.0
1143,637.89,790.7,53700.5,53030.35,52239.65,98.7334,0.0055,0.0,-790.7,0.0,6.8165,0.0,-790.7,0.0,6.8165,1.0,0.0,0.0,0.0,0.0
1144,638.19,775.85,53731.0,52537.75,51761.9,97.7467,0.0099,0.0,-775.85,0.0,6.8165,0.0,-775.85,0.0,6.8165,1.0,0.0,0.0,0.0,0.0
1145,638.49,779.95,53398.3,51726.2,50946.25,96.8222,0.014,0.0,-779.95,0.0,6.8165,0.0,-779.95,0.0,6.8165,1.0,0.0,0.0,0.0,0.0
1146,638.8,786.05,53263.75,52089.8,51303.75,97.763,0.0098,0.0,-786.05,0.0,6.8165,0.0,-786.05,0.0,6.8165,1.0,0.0,0.0,0.0,0.0
1147,639.1,780.95,53126.2,51877.1,51096.15,97.6137,0.0105,0.0,-780.95,0.0,6.8165,0.0,-780.95,0.0,6.8165,1.0,0.0,0.0,0.0,0.0
1148,639.4,784.6,53108.65,51269.15,50484.55,96.4844,0.0155,0.0,-784.6,0.0,6.8165,0.0,-784.6,0.0,6.8165,1.0,0.0,0.0,0.0,0.0
1149,639.7,771.45,53058.45,51254.8,50483.35,96.5505,0.0152,0.0,-771.45,0.0,6.8165,0.0,-771.45,0.0,6.8165,1.0,0.0,0.0,0.0,0.0
1150,640.0,781.15,53155.7,51734.25,50953.1,97.286,0.0119,0.0,-781.15,0.0,6.8165,0.0,-781.15,0.0,6.8165,1.0,0.0,0.0,0.0,0.0
1151,640.3,784.9,53234.2,51720.75,50935.85,97.1145,0.0127,0.0,-784.9,0.0,6.8165,0.0,-784.9,0.0,6.8165,1.0,0.0,0.0,0.0,0.0
1152,640.6,786.65,52961.0,50940.45,50153.8,96.1273,0.0172,0.0,-786.65,0.0,6.8165,0.0,-786.65,0.0,6.8165,1.0,0.0,0.0,0.0,0.0
1153,640.9,782.45,52646.7,51005.75,50223.3,96.8361,0.014,0.0,-782.45,0.0,6.8165,0.0,-782.45,0.0,6.8165,1.0,0.0,0.0,0.0,0.0
1154,641.2,785.95,52008.4,50531.4,49745.45,97.1165,0.0127,0.0,-785.95,0.0,6.8165,0.0,-785.95,0.0,6.8165,1.0,0.0,0.0,0.0,0.0
1155,641.5,785.7,52138.4,50845.6,50059.9,97.4825,0.0111,0.0,-785.7,0.0,6.8165,0.0,-785.7,0.0,6.8165,1.0,0.0,0.0,0.0,0.0
1156,641.8,776.2,52123.0,50911.65,50135.45,97.6408,0.0104,0.0,-776.2,0.0,6.8165,0.0,-776.2,0.0,6.8165,1.0,0.0,0.0,0.0,0.0
1157,642.1,768.35,52129.7,51133.15,50364.8,98.0597,0.0085,0.0,-768.35,0.0,6.8165,0.0,-768.35,0.0,6.8165,1.0,0.0,0.0,0.0,0.0
1158,642.4,774.15,51850.7,50807.2,50033.05,97.957,0.009,0.0,-774.15,0.0,6.8165,0.0,-774.15,0.0,6.8165,1.0,0.0,0.0,0.0,0.0
1159,642.7,779.85,52004.6,50898.75,50118.9,97.8412,0.0095,0.0,-779.85,0.0,6.8165,0.0,-779.85,0.0,6.8165,1.0,0.0,0.0,0.0,0.0
1160,643.0,781.55,52198.65,50624.45,49842.9,96.9384,0.0135,0.0,-781.55,0.0,6.8165,0.0,-781.55,0.0,6.8165,1.0,0.0,0.0,0.0,0.0
1161,643.3,777.65,52116.05,50701.0,49923.35,97.2437,0.0121,0.0,-777.65,0.0,6.8165,0.0,-777.65,0.0,6.8165,1.0,0.0,0.0,0.0,0.0
1162,643.6,767.6,51733.6,50669.95,49902.35,97.913,0.0092,0.0,-767.6,0.0,6.8165,0.0,-767.6,0.0,6.8165,1.0,0.0,0.0,0.0,0.0
1163,643.9,787.95,51383.15,50942.8,50154.85,99.1297,0.0038,0.0,-787.95,0.0,6.8165,0.0,-787.95,0.0,6.8165,1.0,0.0,0.0,0.0,0.0
1164,644.2,795.6,51704.15,51351.85,50556.25,99.308,0.003,0.0,-795.6,0.0,6.8165,0.0,-795.6,0.0,6.8165,1.0,0.0,0.0,0.0,0.0
1165,644.5,782.3,51704.5,51257.4,50475.1,99.122,0.0038,0.0,-782.3,0.0,6.8165,0.0,-782.3,0.0,6.8165,1.0,0.0,0.0,0.0,0.0
1166,644.8,777.35,50916.8,50908.05,50130.7,99.9825,0.0001,0.0,-777.35,0.0,6.8165,0.0,-777.35,0.0,6.8165,1.0,0.0,0.0,0.0,0.0
1167,645.1,785.65,50119.35,50557.15,49771.5,100.8874,-0.0038,0.0,-785.65,0.0,6.8165,0.0,-785.65,0.0,6.8165,1.0,0.0,0.0,0.0,0.0
1168,645.4,774.45,50532.75,49879.05,49104.6,98.6862,0.0057,0.0,-774.45,0.0,6.8165,0.0,-774.45,0.0,6.8165,1.0,0.0,0.0,0.0,0.0
1169,645.7,769.3,51026.5,49719.5,48950.2,97.3994,0.0114,0.0,-769.3,0.0,6.8165,0.0,-769.3,0.0,6.8165,1.0,0.0,0.0,0.0,0.0
1170,646.0,783.9,50719.05,49927.9,49144.0,98.4156,0.0069,0.0,-783.9,0.0,6.8165,0.0,-783.9,0.0,6.8165,1.0,0.0,0.0,0.0,0.0
1171,646.3,780.25,51403.4,50628.85,49848.6,98.47,0.0067,0.0,-780.25,0.0,6.8165,0.0,-780.25,0.0,6.8165,1.0,0.0,0.0,0.0,0.0
1172,646.59,779.6,51550.5,50684.6,49905.0,98.2945,0.0075,0.0,-779.6,0.0,6.8165,0.0,-779.6,0.0,6.8165,1.0,0.0,0.0,0.0,0.0
1173,646.89,784.95,51780.0,51145.85,50360.9,98.7564,0.0054,0.0,-784.95,0.0,6.8165,0.0,-784.95,0.0,6.8165,1.0,0.0,0.0,0.0,0.0
1174,647.19,785.2,51619.9,51600.5,50815.3,99.9618,0.0002,0.0,-785.2,0.0,6.8165,0.0,-785.2,0.0,6.8165,1.0,0.0,0.0,0.0,0.0
1175,647.49,774.95,51449.0,50978.45,50203.5,99.0714,0.0041,0.0,-774.95,0.0,6.8165,0.0,-774.95,0.0,6.8165,1.0,0.0,0.0,0.0,0.0
1176,647.79,771.1,50912.4,50031.7,49260.6,98.2436,0.0077,0.0,-771.1,0.0,6.8165,0.0,-771.1,0.0,6.8165,1.0,0.0,0.0,0.0,0.0
1177,648.09,768.65,50789.25,49715.15,48946.5,97.8527,0.0094,0.0,-768.65,0.0,6.8165,0.0,-768.65,0.0,6.8165,1.0,0.0,0.0,0.0,0.0
1178,648.39,773.35,51408.55,50627.95,49854.6,98.4584,0.0067,0.0,-773.35,0.0,6.8165,0.0,-773.35,0.0,6.8165,1.0,0.0,0.0,0.0,0.0
1179,648.68,776.6,51291.2,50915.6,50139.0,99.2565,0.0032,0.0,-776.6,0.0,6.8165,0.0,-776.6,0.0,6.8165,1.0,0.0,0.0,0.0,0.0
1180,648.98,782.2,51114.9,50416.0,49633.8,98.6114,0.0061,0.0,-782.2,0.0,6.8165,0.0,-782.2,0.0,6.8165,1.0,0.0,0.0,0.0,0.0
1181,649.28,782.8,51264.35,50435.65,49652.85,98.3584,0.0072,0.0,-782.8,0.0,6.8165,0.0,-782.8,0.0,6.8165,1.0,0.0,0.0,0.0,0.0
1182,649.58,778.8,51074.8,50409.95,49631.15,98.6781,0.0058,0.0,-778.8,0.0,6.8165,0.0,-778.8,0.0,6.8165,1.0,0.0,0.0,0.0,0.0
1183,649.87,774.55,51069.7,50398.9,49624.35,98.6663,0.0058,0.0,-774.55,0.0,6.8165,0.0,-774.55,0.0,6.8165,1.0,0.0,0.0,0.0,0.0
1184,650.17,781.3,51014.25,50225.1,49443.8,98.429,0.0069,0.0,-781.3,0.0,6.8165,0.0,-781.3,0.0,6.8165,1.0,0.0,0.0,0.0,0.0
1185,650.47,776.8,50923.1,50058.35,49281.55,98.2755,0.0076,0.0,-776.8,0.0,6.8165,0.0,-776.8,0.0,6.8165,1.0,0.0,0.0,0.0,0.0
1186,650.77,786.55,50742.75,50160.9,49374.35,98.8353,0.0051,0.0,-786.55,0.0,6.8165,0.0,-786.55,0.0,6.8165,1.0,0.0,0.0,0.0,0.0
1187,651.06,771.55,50577.7,50342.2,49570.65,99.5272,0.0021,0.0,-771.55,0.0,6.8165,0.0,-771.55,0.0,6.8165,1.0,0.0,0.0,0.0,0.0
1188,651.36,770.3,50472.95,49770.75,49000.45,98.5872,0.0062,0.0,-770.3,0.0,6.8165,0.0,-770.3,0.0,6.8165,1.0,0.0,0.0,0.0,0.0
1189,651.66,781.1,50381.8,50015.0,49233.9,99.2605,0.0032,0.0,-781.1,0.0,6.8165,0.0,-781.1,0.0,6.8165,1.0,0.0,0.0,0.0,0.0
1190,651.96,772.0,49877.75,50374.65,49602.65,101.0119,-0.0044,0.0,-772.0,0.0,6.8165,0.0,-772.0,0.0,6.8165,1.0,0.0,0.0,0.0,0.0
1191,652.25,768.55,49424.5,49445.15,48676.6,100.0424,-0.0002,0.0,-768.55,0.0,6.8165,0.0,-768.55,0.0,6.8165,1.0,0.0,0.0,0.0,0.0
1192,652.55,778.45,49226.7,48594.8,47816.35,98.6957,0.0057,0.0,-778.45,0.0,6.8165,0.0,-778.45,0.0,6.8165,1.0,0.0,0.0,0.0,0.0
1193,652.85,771.6,48743.15,47998.8,47227.2,98.4484,0.0068,0.0,-771.6,0.0,6.8165,0.0,-771.6,0.0,6.8165,1.0,0.0,0.0,0.0,0.0
1194,653.14,775.7,48612.85,47650.1,46874.4,97.9874,0.0088,0.0,-775.7,0.0,6.8165,0.0,-775.7,0.0,6.8165,1.0,0.0,0.0,0.0,0.0
1195,653.44,769.35,48091.45,47571.55,46802.2,98.9014,0.0048,0.0,-769.35,0.0,6.8165,0.0,-769.35,0.0,6.8165,1.0,0.0,0.0,0.0,0.0
1196,653.74,759.75,47922.9,47955.5,47195.75,100.0691,-0.0003,0.0,-759.75,0.0,6.8165,0.0,-759.75,0.0,6.8165,1.0,0.0,0.0,0.0,0.0
1197,654.03,750.8,47963.55,47720.9,46970.1,99.486,0.0022,0.0,-750.8,0.0,6.8165,0.0,-750.8,0.0,6.8165,1.0,0.0,0.0,0.0,0.0
1198,654.33,770.65,48164.75,47362.25,46591.6,98.3068,0.0074,0.0,-770.65,0.0,6.8165,0.0,-770.65,0.0,6.8165,1.0,0.0,0.0,0.0,0.0
1199,654.62,776.45,47944.75,47669.4,46892.95,99.4162,0.0025,0.0,-776.45,0.0,6.8165,0.0,-776.45,0.0,6.8165,1.0,0.0,0.0,0.0,0.0
1200,654.92,782.8,47806.75,48050.25,47267.45,100.5178,-0.0022,0.0,-782.8,0.0,6.8165,0.0,-782.8,0.0,6.8165,1.0,0.0,0.0,0.0,0.0
1201,655.22,770.35,47500.3,47605.8,46835.45,100.2258,-0.001,0.0,-770.35,0.0,6.8165,0.0,-770.35,0.0,6.8165,1.0,0.0,0.0,0.0,0.0
1202,655.51,774.45,47055.75,47265.4,46490.95,100.453,-0.002,0.0,-774.45,0.0,6.8165,0.0,-774.45,0.0,6.8165,1.0,0.0,0.0,0.0,0.0
1203,655.81,763.6,47174.6,47085.05,46321.45,99.8071,0.0008,0.0,-763.6,0.0,6.8165,0.0,-763.6,0.0,6.8165,1.0,0.0,0.0,0.0,0.0
1204,656.1,781.75,47423.6,47016.3,46234.55,99.1267,0.0038,0.0,-781.75,0.0,6.8165,0.0,-781.75,0.0,6.8165,1.0,0.0,0.0,0.0,0.0
1205,656.4,776.0,47319.25,46556.1,45780.1,98.3603,0.0072,0.0,-776.0,0.0,6.8165,0.0,-776.0,0.0,6.8165,1.0,0.0,0.0,0.0,0.0
1206,656.69,773.7,47162.15,46809.35,46035.65,99.2395,0.0033,0.0,-773.7,0.0,6.8165,0.0,-773.7,0.0,6.8165,1.0,0.0,0.0,0.0,0.0
1207,656.99,778.2,46783.4,46794.75,46016.55,100.0247,-0.0001,0.0,-778.2,0.0,6.8165,0.0,-778.2,0.0,6.8165,1.0,0.0,0.0,0.0,0.0
1208,657.29,782.2,47210.6,46743.85,45961.65,98.9947,0.0044,0.0,-782.2,0.0,6.8165,0.0,-782.2,0.0,6.8165,1.0,0.0,0.0,0.0,0.0
1209,657.58,767.0,47328.05,46772.8,46005.8,98.8075,0.0052,0.0,-767.0,0.0,6.8165,0.0,-767.0,0.0,6.8165,1.0,0.0,0.0,0.0,0.0
1210,657.88,774.25,47379.95,46564.6,45790.35,98.2505,0.0077,0.0,-774.25,0.0,6.8165,0.0,-774.25,0.0,6.8165,1.0,0.0,0.0,0.0,0.0
1211,658.17,784.8,47003.2,46320.1,45535.3,98.522,0.0065,0.0,-784.8,0.0,6.8165,0.0,-784.8,0.0,6.8165,1.0,0.0,0.0,0.0,0.0
1212,658.47,768.85,47145.35,46435.35,45666.5,98.4691,0.0067,0.0,-768.85,0.0,6.8165,0.0,-768.85,0.0,6.8165,1.0,0.0,0.0,0.0,0.0
1213,658.76,769.5,47284.6,46518.0,45748.5,98.3519,0.0072,0.0,-769.5,0.0,6.8165,0.0,-769.5,0.0,6.8165,1.0,0.0,0.0,0.0,0.0
1214,659.05,763.7,47438.6,46768.6,46004.9,98.5645,0.0063,0.0,-763.7,0.0,6.8165,0.0,-763.7,0.0,6.8165,1.0,0.0,0.0,0.0,0.0
1215,659.35,788.3,46744.7,46524.3,45736.0,99.5204,0.0021,0.0,-788.3,0.0,6.8165,0.0,-788.3,0.0,6.8165,1.0,0.0,0.0,0.0,0.0
1216,659.64,773.85,46133.5,45900.0,45126.15,99.4852,0.0022,0.0,-773.85,0.0,6.8165,0.0,-773.85,0.0,6.8165,1.0,0.0,0.0,0.0,0.0
1217,659.94,775.65,46457.9,46245.8,45470.15,99.5357,0.002,0.0,-775.65,0.0,6.8165,0.0,-775.65,0.0,6.8165,1.0,0.0,0.0,0.0,0.0
1218,660.23,781.15,46873.55,46383.6,45602.45,98.937,0.0046,0.0,-781.15,0.0,6.8165,0.0,-781.15,0.0,6.8165,1.0,0.0,0.0,0.0,0.0
1219,660.53,773.4,46820.85,46121.45,45348.05,98.4811,0.0066,0.0,-773.4,0.0,6.8165,0.0,-773.4,0.0,6.8165,1.0,0.0,0.0,0.0,0.0
1220,660.82,785.0,46626.05,46057.0,45272.0,98.7586,0.0054,0.0,-785.0,0.0,6.8165,0.0,-785.0,0.0,6.8165,1.0,0.0,0.0,0.0,0.0
1221,661.11,773.45,46759.65,45748.4,44974.95,97.801,0.0097,0.0,-773.45,0.0,6.8165,0.0,-773.45,0.0,6.8165,1.0,0.0,0.0,0.0,0.0
1222,661.41,763.4,46417.55,45505.65,44742.25,98.0026,0.0088,0.0,-763.4,0.0,6.8165,0.0,-763.4,0.0,6.8165,1.0,0.0,0.0,0.0,0.0
1223,661.7,768.25,45751.3,45600.85,44832.6,99.6655,0.0015,0.0,-768.25,0.0,6.8165,0.0,-768.25,0.0,6.8165,1.0,0.0,0.0,0.0,0.0
1224,662.0,767.5,45893.75,45902.25,45134.75,100.0188,-0.0001,0.0,-767.5,0.0,6.8165,0.0,-767.5,0.0,6.8165,1.0,0.0,0.0,0.0,0.0
1225,662.29,783.1,46082.8,46261.8,45478.7,100.3951,-0.0017,0.0,-783.1,0.0,6.8165,0.0,-783.1,0.0,6.8165,1.0,0.0,0.0,0.0,0.0
1226,662.58,776.5,46201.85,46660.95,45884.45,101.0107,-0.0044,0.0,-776.5,0.0,6.8165,0.0,-776.5,0.0,6.8165,1.0,0.0,0.0,0.0,0.0
1227,662.88,761.2,46505.25,46640.6,45879.4,100.2959,-0.0013,0.0,-761.2,0.0,6.8165,0.0,-761.2,0.0,6.8165,1.0,0.0,0.0,0.0,0.0
1228,663.17,783.75,46456.7,45997.65,45213.9,98.9949,0.0044,0.0,-783.75,0.0,6.8165,0.0,-783.75,0.0,6.8165,1.0,0.0,0.0,0.0,0.0
1229,663.46,770.75,46202.25,45806.2,45035.45,99.1282,0.0038,0.0,-770.75,0.0,6.8165,0.0,-770.75,0.0,6.8165,1.0,0.0,0.0,0.0,0.0
1230,663.76,774.1,46245.05,45569.25,44795.15,98.5138,0.0065,0.0,-774.1,0.0,6.8165,0.0,-774.1,0.0,6.8165,1.0,0.0,0.0,0.0,0.0
1231,664.05,767.45,45346.25,45394.25,44626.8,100.1077,-0.0005,0.0,-767.45,0.0,6.8165,0.0,-767.45,0.0,6.8165,1.0,0.0,0.0,0.0,0.0
1232,664.34,762.9,45168.55,45267.5,44504.6,100.2228,-0.001,0.0,-762.9,0.0,6.8165,0.0,-762.9,0.0,6.8165,1.0,0.0,0.0,0.0,0.0
1233,664.64,771.6,45597.9,45244.7,44473.1,99.2121,0.0034,0.0,-771.6,0.0,6.8165,0.0,-771.6,0.0,6.8165,1.0,0.0,0.0,0.0,0.0
1234,664.93,787.5,45769.35,45773.85,44986.35,100.01,-0.0,0.0,-787.5,0.0,6.8165,0.0,-787.5,0.0,6.8165,1.0,0.0,0.0,0.0,0.0
1235,665.22,773.3,46141.6,45824.2,45050.9,99.3004,0.003,0.0,-773.3,0.0,6.8165,0.0,-773.3,0.0,6.8165,1.0,0.0,0.0,0.0,0.0
1236,665.51,770.1,46712.7,45566.8,44796.7,97.5058,0.011,0.0,-770.1,0.0,6.8165,0.0,-770.1,0.0,6.8165,1.0,0.0,0.0,0.0,0.0
1237,665.81,773.4,46438.3,45498.15,44724.75,97.9412,0.009,0.0,-773.4,0.0,6.8165,0.0,-773.4,0.0,6.8165,1.0,0.0,0.0,0.0,0.0
1238,666.1,777.2,46222.85,45242.2,44465.0,97.8421,0.0095,0.0,-777.2,0.0,6.8165,0.0,-777.2,0.0,6.8165,1.0,0.0,0.0,0.0,0.0
1239,666.39,770.65,45289.6,45028.25,44257.6,99.4129,0.0026,0.0,-770.65,0.0,6.8165,0.0,-770.65,0.0,6.8165,1.0,0.0,0.0,0.0,0.0
1240,666.68,783.4,44974.0,45290.0,44506.6,100.7151,-0.0031,0.0,-783.4,0.0,6.8165,0.0,-783.4,0.0,6.8165,1.0,0.0,0.0,0.0,0.0
1241,666.97,780.65,45410.95,45543.55,44762.9,100.2971,-0.0013,0.0,-780.65,0.0,6.8165,0.0,-780.65,0.0,6.8165,1.0,0.0,0.0,0.0,0.0
1242,667.27,762.75,45478.0,45338.55,44575.8,99.6881,0.0014,0.0,-762.75,0.0,6.8165,0.0,-762.75,0.0,6.8165,1.0,0.0,0.0,0.0,0.0
1243,667.56,774.6,46122.3,45402.0,44627.4,98.4116,0.007,0.0,-774.6,0.0,6.8165,0.0,-774.6,0.0,6.8165,1.0,0.0,0.0,0.0,0.0
1244,667.85,767.0,46077.45,45568.0,44801.0,98.8756,0.0049,0.0,-767.0,0.0,6.8165,0.0,-767.0,0.0,6.8165,1.0,0.0,0.0,0.0,0.0
1245,668.14,781.0,46260.4,45532.9,44751.9,98.4004,0.007,0.0,-781.0,0.0,6.8165,0.0,-781.0,0.0,6.8165,1.0,0.0,0.0,0.0,0.0
1246,668.43,773.1,45762.85,44444.3,43671.2,97.0692,0.0129,0.0,-773.1,0.0,6.8165,0.0,-773.1,0.0,6.8165,1.0,0.0,0.0,0.0,0.0
1247,668.72,763.25,44881.0,44302.55,43539.3,98.6888,0.0057,0.0,-763.25,0.0,6.8165,0.0,-763.25,0.0,6.8165,1.0,0.0,0.0,0.0,0.0
1248,669.02,755.2,44471.45,44541.0,43785.8,100.1591,-0.0007,0.0,-755.2,0.0,6.8165,0.0,-755.2,0.0,6.8165,1.0,0.0,0.0,0.0,0.0
1249,669.31,772.2,44888.1,44806.5,44034.3,99.815,0.0008,0.0,-772.2,0.0,6.8165,0.0,-772.2,0.0,6.8165,1.0,0.0,0.0,0.0,0.0
1250,669.6,782.55,45215.35,45424.2,44641.65,100.47,-0.002,0.0,-782.55,0.0,6.8165,0.0,-782.55,0.0,6.8165,1.0,0.0,0.0,0.0,0.0
1251,669.89,755.75,45411.0,45380.25,44624.5,99.9311,0.0003,0.0,-755.75,0.0,6.8165,0.0,-755.75,0.0,6.8165,1.0,0.0,0.0,0.0,0.0
1252,670.18,771.5,45442.7,45191.75,44420.25,99.4382,0.0024,0.0,-771.5,0.0,6.8165,0.0,-771.5,0.0,6.8165,1.0,0.0,0.0,0.0,0.0
1253,670.47,778.05,46182.1,45275.3,44497.25,98.0028,0.0088,0.0,-778.05,0.0,6.8165,0.0,-778.05,0.0,6.8165,1.0,0.0,0.0,0.0,0.0
1254,670.76,765.45,45657.9,44914.65,44149.2,98.3444,0.0073,0.0,-765.45,0.0,6.8165,0.0,-765.45,0.0,6.8165,1.0,0.0,0.0,0.0,0.0
1255,671.05,757.1,44365.8,44363.7,43606.6,99.9952,0.0,0.0,-757.1,0.0,6.8165,0.0,-757.1,0.0,6.8165,1.0,0.0,0.0,0.0,0.0
1256,671.34,770.0,44824.75,44648.8,43878.8,99.6006,0.0017,0.0,-770.0,0.0,6.8165,0.0,-770.0,0.0,6.8165,1.0,0.0,0.0,0.0,0.0
1257,671.63,777.1,44603.25,44307.7,43530.6,99.3256,0.0029,0.0,-777.1,0.0,6.8165,0.0,-777.1,0.0,6.8165,1.0,0.0,0.0,0.0,0.0
1258,671.92,779.6,44401.0,43999.3,43219.7,99.0791,0.004,0.0,-779.6,0.0,6.8165,0.0,-779.6,0.0,6.8165,1.0,0.0,0.0,0.0,0.0
1259,672.21,776.1,44741.55,44587.05,43810.95,99.6486,0.0015,0.0,-776.1,0.0,6.8165,0.0,-776.1,0.0,6.8165,1.0,0.0,0.0,0.0,0.0
1260,672.5,776.2,45162.45,45429.2,44653.0,100.601,-0.0026,0.0,-776.2,0.0,6.8165,0.0,-776.2,0.0,6.8165,1.0,0.0,0.0,0.0,0.0
1261,672.79,771.45,45981.7,45447.95,44676.5,98.8194,0.0052,0.0,-771.45,0.0,6.8165,0.0,-771.45,0.0,6.8165,1.0,0.0,0.0,0.0,0.0
1262,673.08,768.6,46195.0,44906.6,44138.0,97.1638,0.0125,0.0,-768.6,0.0,6.8165,0.0,-768.6,0.0,6.8165,1.0,0.0,0.0,0.0,0.0
1263,673.37,770.95,45342.25,44437.8,43666.85,97.9708,0.0089,0.0,-770.95,0.0,6.8165,0.0,-770.95,0.0,6.8165,1.0,0.0,0.0,0.0,0.0
1264,673.66,769.85,44744.45,44754.9,43985.05,100.0238,-0.0001,0.0,-769.85,0.0,6.8165,0.0,-769.85,0.0,6.8165,1.0,0.0,0.0,0.0,0.0
1265,673.95,768.8,44571.5,44760.6,43991.8,100.4317,-0.0019,0.0,-768.8,0.0,6.8165,0.0,-768.8,0.0,6.8165,1.0,0.0,0.0,0.0,0.0
1266,674.24,777.0,44435.15,43810.1,43033.1,98.5683,0.0063,0.0,-777.0,0.0,6.8165,0.0,-777.0,0.0,6.8165,1.0,0.0,0.0,0.0,0.0
1267,674.53,777.8,44271.1,43767.6,42989.8,98.8424,0.0051,0.0,-777.8,0.0,6.8165,0.0,-777.8,0.0,6.8165,1.0,0.0,0.0,0.0,0.0
1268,674.82,774.6,44086.05,44792.6,44018.0,101.6313,-0.007,0.0,-774.6,0.0,6.8165,0.0,-774.6,0.0,6.8165,1.0,0.0,0.0,0.0,0.0
1269,675.11,765.1,44580.8,45423.0,44657.9,101.9221,-0.0083,0.0,-765.1,0.0,6.8165,0.0,-765.1,0.0,6.8165,1.0,0.0,0.0,0.0,0.0
1270,675.4,758.5,45458.35,45413.2,44654.7,99.899,0.0004,0.0,-758.5,0.0,6.8165,0.0,-758.5,0.0,6.8165,1.0,0.0,0.0,0.0,0.0
1271,675.69,773.7,45701.55,45246.0,44472.3,98.986,0.0044,0.0,-773.7,0.0,6.8165,0.0,-773.7,0.0,6.8165,1.0,0.0,0.0,0.0,0.0
1272,675.98,767.6,44803.05,44874.05,44106.45,100.1612,-0.0007,0.0,-767.6,0.0,6.8165,0.0,-767.6,0.0,6.8165,1.0,0.0,0.0,0.0,0.0
1273,676.27,750.95,44845.3,44778.7,44027.75,99.849,0.0007,0.0,-750.95,0.0,6.8165,0.0,-750.95,0.0,6.8165,1.0,0.0,0.0,0.0,0.0
1274,676.56,772.3,44838.45,44031.55,43259.25,98.1689,0.008,0.0,-772.3,0.0,6.8165,0.0,-772.3,0.0,6.8165,1.0,0.0,0.0,0.0,0.0
1275,676.84,751.95,43702.2,43633.8,42881.85,99.8407,0.0007,0.0,-751.95,0.0,6.8165,0.0,-751.95,0.0,6.8165,1.0,0.0,0.0,0.0,0.0
1276,677.13,774.35,43622.35,44119.95,43345.6,101.1613,-0.005,0.0,-774.35,0.0,6.8165,0.0,-774.35,0.0,6.8165,1.0,0.0,0.0,0.0,0.0
1277,677.42,774.5,44111.65,44843.55,44069.05,101.6889,-0.0073,0.0,-774.5,0.0,6.8165,0.0,-774.5,0.0,6.8165,1.0,0.0,0.0,0.0,0.0
1278,677.71,764.05,44003.75,44394.3,43630.25,100.9032,-0.0039,0.0,-764.05,0.0,6.8165,0.0,-764.05,0.0,6.8165,1.0,0.0,0.0,0.0,0.0
1279,678.0,773.2,43840.6,44051.75,43278.55,100.4903,-0.0021,0.0,-773.2,0.0,6.8165,0.0,-773.2,0.0,6.8165,1.0,0.0,0.0,0.0,0.0
1280,678.29,773.0,44141.55,44607.65,43834.65,101.0747,-0.0046,0.0,-773.0,0.0,6.8165,0.0,-773.0,0.0,6.8165,1.0,0.0,0.0,0.0,0.0
1281,678.58,774.6,44615.75,45048.5,44273.9,100.9871,-0.0043,0.0,-774.6,0.0,6.8165,0.0,-774.6,0.0,6.8165,1.0,0.0,0.0,0.0,0.0
1282,678.86,765.5,44025.4,43441.05,42675.55,98.6492,0.0059,0.0,-765.5,0.0,6.8165,0.0,-765.5,0.0,6.8165,1.0,0.0,0.0,0.0,0.0
1283,679.15,759.3,42913.05,41811.2,41051.9,97.3861,0.0115,0.0,-759.3,0.0,6.8165,0.0,-759.3,0.0,6.8165,1.0,0.0,0.0,0.0,0.0
1284,679.44,757.15,42518.75,41961.85,41204.7,98.6665,0.0058,0.0,-757.15,0.0,6.8165,0.0,-757.15,0.0,6.8165,1.0,0.0,0.0,0.0,0.0
1285,679.73,774.75,42418.45,43186.25,42411.5,101.8437,-0.0079,0.0,-774.75,0.0,6.8165,0.0,-774.75,0.0,6.8165,1.0,0.0,0.0,0.0,0.0
1286,680.01,768.65,42955.5,43460.3,42691.65,101.1966,-0.0052,0.0,-768.65,0.0,6.8165,0.0,-768.65,0.0,6.8165,1.0,0.0,0.0,0.0,0.0
1287,680.3,772.1,43166.05,43365.2,42593.1,100.4698,-0.002,0.0,-772.1,0.0,6.8165,0.0,-772.1,0.0,6.8165,1.0,0.0,0.0,0.0,0.0
1288,680.59,760.65,43954.85,44235.8,43475.15,100.6504,-0.0028,0.0,-760.65,0.0,6.8165,0.0,-760.65,0.0,6.8165,1.0,0.0,0.0,0.0,0.0
1289,680.88,758.65,44220.4,44098.45,43339.8,99.7194,0.0012,0.0,-758.65,0.0,6.8165,0.0,-758.65,0.0,6.8165,1.0,0.0,0.0,0.0,0.0
1290,681.16,771.4,44490.05,44230.9,43459.5,99.4072,0.0026,0.0,-771.4,0.0,6.8165,0.0,-771.4,0.0,6.8165,1.0,0.0,0.0,0.0,0.0
1291,681.45,779.55,44046.35,43225.1,42445.55,98.1019,0.0083,0.0,-779.55,0.0,6.8165,0.0,-779.55,0.0,6.8165,1.0,0.0,0.0,0.0,0.0
1292,681.74,774.65,44114.25,42653.0,41878.35,96.6284,0.0149,0.0,-774.65,0.0,6.8165,0.0,-774.65,0.0,6.8165,1.0,0.0,0.0,0.0,0.0
1293,682.02,766.5,44303.0,43623.05,42856.55,98.4382,0.0068,0.0,-766.5,0.0,6.8165,0.0,-766.5,0.0,6.8165,1.0,0.0,0.0,0.0,0.0
1294,682.31,770.7,44502.8,43952.65,43181.95,98.742,0.0055,0.0,-770.7,0.0,6.8165,0.0,-770.7,0.0,6.8165,1.0,0.0,0.0,0.0,0.0
1295,682.6,764.95,44795.2,44630.45,43865.5,99.6258,0.0016,0.0,-764.95,0.0,6.8165,0.0,-764.95,0.0,6.8165,1.0,0.0,0.0,0.0,0.0
1296,682.88,760.75,45800.75,45180.0,44419.25,98.6218,0.006,0.0,-760.75,0.0,6.8165,0.0,-760.75,0.0,6.8165,1.0,0.0,0.0,0.0,0.0
1297,683.17,764.4,46261.25,46224.9,45460.5,99.9201,0.0003,0.0,-764.4,0.0,6.8165,0.0,-764.4,0.0,6.8165,1.0,0.0,0.0,0.0,0.0
1298,683.46,770.65,47425.4,46774.05,46003.4,98.6039,0.0061,0.0,-770.65,0.0,6.8165,0.0,-770.65,0.0,6.8165,1.0,0.0,0.0,0.0,0.0
1299,683.74,781.7,47467.4,45686.8,44905.1,96.186,0.0169,0.0,-781.7,0.0,6.8165,0.0,-781.7,0.0,6.8165,1.0,0.0,0.0,0.0,0.0
1300,684.03,757.9,46035.15,45079.1,44321.2,97.8885,0.0093,0.0,-757.9,0.0,6.8165,0.0,-757.9,0.0,6.8165,1.0,0.0,0.0,0.0,0.0
1301,684.32,757.35,45283.9,44822.85,44065.5,98.9646,0.0045,0.0,-757.35,0.0,6.8165,0.0,-757.35,0.0,6.8165,1.0,0.0,0.0,0.0,0.0
1302,684.6,783.45,45466.0,44970.9,44187.45,98.892,0.0048,0.0,-783.45,0.0,6.8165,0.0,-783.45,0.0,6.8165,1.0,0.0,0.0,0.0,0.0
1303,684.89,783.65,45485.0,44809.9,44026.25,98.4898,0.0066,0.0,-783.65,0.0,6.8165,0.0,-783.65,0.0,6.8165,1.0,0.0,0.0,0.0,0.0
1304,685.17,779.6,45218.15,44336.2,43556.6,98.0153,0.0087,0.0,-779.6,0.0,6.8165,0.0,-779.6,0.0,6.8165,1.0,0.0,0.0,0.0,0.0
1305,685.46,771.0,45315.55,44630.15,43859.15,98.4613,0.0067,0.0,-771.0,0.0,6.8165,0.0,-771.0,0.0,6.8165,1.0,0.0,0.0,0.0,0.0
1306,685.75,768.25,45108.1,44855.6,44087.35,99.4305,0.0025,0.0,-768.25,0.0,6.8165,0.0,-768.25,0.0,6.8165,1.0,0.0,0.0,0.0,0.0
1307,686.03,774.2,45586.8,44685.65,43911.45,97.9891,0.0088,0.0,-774.2,0.0,6.8165,0.0,-774.2,0.0,6.8165,1.0,0.0,0.0,0.0,0.0
1308,686.32,763.2,44898.65,43309.5,42546.3,96.3994,0.0159,0.0,-763.2,0.0,6.8165,0.0,-763.2,0.0,6.8165,1.0,0.0,0.0,0.0,0.0
1309,686.6,773.8,44126.65,42273.15,41499.35,95.7246,0.019,0.0,-773.8,0.0,6.8165,0.0,-773.8,0.0,6.8165,1.0,0.0,0.0,0.0,0.0
1310,686.89,781.05,43467.55,41970.45,41189.4,96.4928,0.0155,0.0,-781.05,0.0,6.8165,0.0,-781.05,0.0,6.8165,1.0,0.0,0.0,0.0,0.0
1311,687.17,777.65,43154.55,41695.45,40917.8,96.5569,0.0152,0.0,-777.65,0.0,6.8165,0.0,-777.65,0.0,6.8165,1.0,0.0,0.0,0.0,0.0
1312,687.46,769.7,43433.6,41854.55,41084.85,96.2989,0.0164,0.0,-769.7,0.0,6.8165,0.0,-769.7,0.0,6.8165,1.0,0.0,0.0,0.0,0.0
1313,687.74,754.0,43311.2,42064.85,41310.85,97.0714,0.0129,0.0,-754.0,0.0,6.8165,0.0,-754.0,0.0,6.8165,1.0,0.0,0.0,0.0,0.0
1314,688.03,765.25,43321.9,42525.15,41759.9,98.1278,0.0082,0.0,-765.25,0.0,6.8165,0.0,-765.25,0.0,6.8165,1.0,0.0,0.0,0.0,0.0
1315,688.31,775.35,43926.75,42719.2,41943.85,97.2016,0.0123,0.0,-775.35,0.0,6.8165,0.0,-775.35,0.0,6.8165,1.0,0.0,0.0,0.0,0.0
1316,688.6,766.55,43874.0,42900.5,42133.95,97.7417,0.0099,0.0,-766.55,0.0,6.8165,0.0,-766.55,0.0,6.8165,1.0,0.0,0.0,0.0,0.0
1317,688.88,768.15,43580.7,43004.2,42236.05,98.6534,0.0059,0.0,-768.15,0.0,6.8165,0.0,-768.15,0.0,6.8165,1.0,0.0,0.0,0.0,0.0
1318,689.17,770.15,43401.0,42428.55,41658.4,97.7189,0.01,0.0,-770.15,0.0,6.8165,0.0,-770.15,0.0,6.8165,1.0,0.0,0.0,0.0,0.0
1319,689.45,761.25,42919.15,41943.6,41182.35,97.686,0.0102,0.0,-761.25,0.0,6.8165,0.0,-761.25,0.0,6.8165,1.0,0.0,0.0,0.0,0.0
1320,689.73,765.65,42091.6,41815.65,41050.0,99.3323,0.0029,0.0,-765.65,0.0,6.8165,0.0,-765.65,0.0,6.8165,1.0,0.0,0.0,0.0,0.0
1321,690.02,759.85,41807.15,41460.7,40700.85,99.156,0.0037,0.0,-759.85,0.0,6.8165,0.0,-759.85,0.0,6.8165,1.0,0.0,0.0,0.0,0.0
1322,690.3,756.4,41353.5,40833.25,40076.85,98.7185,0.0056,0.0,-756.4,0.0,6.8165,0.0,-756.4,0.0,6.8165,1.0,0.0,0.0,0.0,0.0
1323,690.59,754.8,41399.3,40875.95,40121.15,98.7124,0.0056,0.0,-754.8,0.0,6.8165,0.0,-754.8,0.0,6.8165,1.0,0.0,0.0,0.0,0.0
1324,690.87,763.55,41438.15,40921.6,40158.05,98.73,0.0056,0.0,-763.55,0.0,6.8165,0.0,-763.55,0.0,6.8165,1.0,0.0,0.0,0.0,0.0
1325,691.15,768.0,41589.45,40675.1,39907.1,97.7601,0.0098,0.0,-768.0,0.0,6.8165,0.0,-768.0,0.0,6.8165,1.0,0.0,0.0,0.0,0.0
1326,691.44,762.0,41262.6,40614.8,39852.8,98.4005,0.007,0.0,-762.0,0.0,6.8165,0.0,-762.0,0.0,6.8165,1.0,0.0,0.0,0.0,0.0
1327,691.72,769.4,40610.0,40675.6,39906.2,100.1647,-0.0007,0.0,-769.4,0.0,6.8165,0.0,-769.4,0.0,6.8165,1.0,0.0,0.0,0.0,0.0
1328,692.01,779.2,40662.15,40690.65,39911.45,100.0715,-0.0003,0.0,-779.2,0.0,6.8165,0.0,-779.2,0.0,6.8165,1.0,0.0,0.0,0.0,0.0
1329,692.29,761.3,40068.7,40014.1,39252.8,99.8611,0.0006,0.0,-761.3,0.0,6.8165,0.0,-761.3,0.0,6.8165,1.0,0.0,0.0,0.0,0.0
1330,692.57,761.45,39209.9,39558.8,38797.35,100.9074,-0.0039,0.0,-761.45,0.0,6.8165,0.0,-761.45,0.0,6.8165,1.0,0.0,0.0,0.0,0.0
1331,692.86,775.0,38838.3,39492.9,38717.9,101.7198,-0.0074,0.0,-775.0,0.0,6.8165,0.0,-775.0,0.0,6.8165,1.0,0.0,0.0,0.0,0.0
1332,693.14,765.8,39093.6,38840.0,38074.2,99.3383,0.0029,0.0,-765.8,0.0,6.8165,0.0,-765.8,0.0,6.8165,1.0,0.0,0.0,0.0,0.0
1333,693.42,781.8,38926.9,38187.1,37405.3,98.0606,0.0085,0.0,-781.8,0.0,6.8165,0.0,-781.8,0.0,6.8165,1.0,0.0,0.0,0.0,0.0
1334,693.7,773.3,38647.4,37736.95,36963.65,97.5961,0.0106,0.0,-773.3,0.0,6.8165,0.0,-773.3,0.0,6.8165,1.0,0.0,0.0,0.0,0.0
1335,693.99,761.65,38685.25,37948.45,37186.8,98.0571,0.0085,0.0,-761.65,0.0,6.8165,0.0,-761.65,0.0,6.8165,1.0,0.0,0.0,0.0,0.0
1336,694.27,752.7,38520.95,38203.7,37451.0,99.16,0.0037,0.0,-752.7,0.0,6.8165,0.0,-752.7,0.0,6.8165,1.0,0.0,0.0,0.0,0.0
1337,694.55,771.3,38332.5,38090.9,37319.6,99.3568,0.0028,0.0,-771.3,0.0,6.8165,0.0,-771.3,0.0,6.8165,1.0,0.0,0.0,0.0,0.0
1338,694.84,771.25,37884.75,37805.15,37033.9,99.7855,0.0009,0.0,-771.25,0.0,6.8165,0.0,-771.25,0.0,6.8165,1.0,0.0,0.0,0.0,0.0
1339,695.12,764.2,37437.95,37586.5,36822.3,100.4051,-0.0018,0.0,-764.2,0.0,6.8165,0.0,-764.2,0.0,6.8165,1.0,0.0,0.0,0.0,0.0
1340,695.4,750.75,36816.55,36747.9,35997.15,99.8097,0.0008,0.0,-750.75,0.0,6.8165,0.0,-750.75,0.0,6.8165,1.0,0.0,0.0,0.0,0.0
1341,695.68,759.25,36331.15,36475.15,35715.9,100.4048,-0.0018,0.0,-759.25,0.0,6.8165,0.0,-759.25,0.0,6.8165,1.0,0.0,0.0,0.0,0.0
1342,695.96,764.35,35953.55,35715.15,34950.8,99.3225,0.003,0.0,-764.35,0.0,6.8165,0.0,-764.35,0.0,6.8165,1.0,0.0,0.0,0.0,0.0
1343,696.25,759.3,35632.8,35303.15,34543.85,99.0547,0.0041,0.0,-759.3,0.0,6.8165,0.0,-759.3,0.0,6.8165,1.0,0.0,0.0,0.0,0.0
1344,696.53,773.2,35482.9,35080.05,34306.85,98.8394,0.0051,0.0,-773.2,0.0,6.8165,0.0,-773.2,0.0,6.8165,1.0,0.0,0.0,0.0,0.0
1345,696.81,758.7,35220.15,34929.6,34170.9,99.1569,0.0037,0.0,-758.7,0.0,6.8165,0.0,-758.7,0.0,6.8165,1.0,0.0,0.0,0.0,0.0
1346,697.09,763.75,35407.35,35084.1,34320.35,99.0669,0.0041,0.0,-763.75,0.0,6.8165,0.0,-763.75,0.0,6.8165,1.0,0.0,0.0,0.0,0.0
1347,697.37,767.65,35321.5,34825.7,34058.05,98.5651,0.0063,0.0,-767.65,0.0,6.8165,0.0,-767.65,0.0,6.8165,1.0,0.0,0.0,0.0,0.0
1348,697.65,761.2,35344.8,34677.75,33916.55,98.0712,0.0085,0.0,-761.2,0.0,6.8165,0.0,-761.2,0.0,6.8165,1.0,0.0,0.0,0.0,0.0
1349,697.94,760.05,34888.9,34546.55,33786.5,98.9969,0.0044,0.0,-760.05,0.0,6.8165,0.0,-760.05,0.0,6.8165,1.0,0.0,0.0,0.0,0.0
1350,698.22,761.35,34124.75,34210.4,33449.05,100.2567,-0.0011,0.0,-761.35,0.0,6.8165,0.0,-761.35,0.0,6.8165,1.0,0.0,0.0,0.0,0.0
1351,698.5,759.3,33880.85,33722.75,32963.45,99.5227,0.0021,0.0,-759.3,0.0,6.8165,0.0,-759.3,0.0,6.8165,1.0,0.0,0.0,0.0,0.0
1352,698.78,768.15,33626.45,33261.65,32493.5,98.8898,0.0048,0.0,-768.15,0.0,6.8165,0.0,-768.15,0.0,6.8165,1.0,0.0,0.0,0.0,0.0
1353,699.06,773.8,33432.8,32725.7,31951.9,97.8349,0.0095,0.0,-773.8,0.0,6.8165,0.0,-773.8,0.0,6.8165,1.0,0.0,0.0,0.0,0.0
1354,699.34,761.95,33083.55,32310.9,31548.95,97.6095,0.0105,0.0,-761.95,0.0,6.8165,0.0,-761.95,0.0,6.8165,1.0,0.0,0.0,0.0,0.0
1355,699.62,775.85,33102.2,32229.2,31453.35,97.2994,0.0119,0.0,-775.85,0.0,6.8165,0.0,-775.85,0.0,6.8165,1.0,0.0,0.0,0.0,0.0
1356,699.9,768.65,33262.15,32673.65,31905.0,98.1889,0.0079,0.0,-768.65,0.0,6.8165,0.0,-768.65,0.0,6.8165,1.0,0.0,0.0,0.0,0.0
1357,700.18,763.5,33028.1,32428.05,31664.55,98.1402,0.0082,0.0,-763.5,0.0,6.8165,0.0,-763.5,0.0,6.8165,1.0,0.0,0.0,0.0,0.0
1358,700.46,763.05,33124.55,32682.45,31919.4,98.6339,0.006,0.0,-763.05,0.0,6.8165,0.0,-763.05,0.0,6.8165,1.0,0.0,0.0,0.0,0.0
1359,700.74,773.25,32915.75,32347.35,31574.1,98.2316,0.0077,0.0,-773.25,0.0,6.8165,0.0,-773.25,0.0,6.8165,1.0,0.0,0.0,0.0,0.0
1360,701.03,766.05,32232.0,31942.15,31176.1,99.0788,0.004,0.0,-766.05,0.0,6.8165,0.0,-766.05,0.0,6.8165,1.0,0.0,0.0,0.0,0.0
1361,701.31,759.5,31679.6,31449.45,30689.95,99.2557,0.0032,0.0,-759.5,0.0,6.8165,0.0,-759.5,0.0,6.8165,1.0,0.0,0.0,0.0,0.0
1362,701.59,763.55,31279.95,31356.4,30592.85,100.2505,-0.0011,0.0,-763.55,0.0,6.8165,0.0,-763.55,0.0,6.8165,1.0,0.0,0.0,0.0,0.0
1363,701.87,763.8,30732.25,30370.85,29607.05,98.7941,0.0053,0.0,-763.8,0.0,6.8165,0.0,-763.8,0.0,6.8165,1.0,0.0,0.0,0.0,0.0
1364,702.15,762.1,30291.45,29985.0,29222.9,98.9622,0.0045,0.0,-762.1,0.0,6.8165,0.0,-762.1,0.0,6.8165,1.0,0.0,0.0,0.0,0.0
1365,702.43,765.4,30059.45,29930.2,29164.8,99.5588,0.0019,0.0,-765.4,0.0,6.8165,0.0,-765.4,0.0,6.8165,1.0,0.0,0.0,0.0,0.0
1366,702.71,759.05,30081.1,30142.9,29383.85,100.2108,-0.0009,0.0,-759.05,0.0,6.8165,0.0,-759.05,0.0,6.8165,1.0,0.0,0.0,0.0,0.0
1367,702.98,758.05,30528.65,30372.7,29614.65,99.4762,0.0023,0.0,-758.05,0.0,6.8165,0.0,-758.05,0.0,6.8165,1.0,0.0,0.0,0.0,0.0
1368,703.26,751.45,30061.6,30113.45,29362.0,100.1769,-0.0008,0.0,-751.45,0.0,6.8165,0.0,-751.45,0.0,6.8165,1.0,0.0,0.0,0.0,0.0
1369,703.54,767.4,30059.8,29957.5,29190.1,99.6508,0.0015,0.0,-767.4,0.0,6.8165,0.0,-767.4,0.0,6.8165,1.0,0.0,0.0,0.0,0.0
1370,703.82,765.9,30407.1,29870.4,29104.5,98.1893,0.0079,0.0,-765.9,0.0,6.8165,0.0,-765.9,0.0,6.8165,1.0,0.0,0.0,0.0,0.0
1371,704.1,745.95,30565.1,29546.2,28800.25,96.5831,0.0151,0.0,-745.95,0.0,6.8165,0.0,-745.95,0.0,6.8165,1.0,0.0,0.0,0.0,0.0
1372,704.38,768.0,29941.65,28517.15,27749.15,95.1172,0.0217,0.0,-768.0,0.0,6.8165,0.0,-768.0,0.0,6.8165,1.0,0.0,0.0,0.0,0.0
1373,704.66,758.35,29612.5,28186.25,27427.9,95.057,0.022,0.0,-758.35,0.0,6.8165,0.0,-758.35,0.0,6.8165,1.0,0.0,0.0,0.0,0.0
1374,704.94,772.75,28661.45,27963.9,27191.15,97.4988,0.011,0.0,-772.75,0.0,6.8165,0.0,-772.75,0.0,6.8165,1.0,0.0,0.0,0.0,0.0
1375,705.22,766.05,28435.55,28026.85,27260.8,98.5229,0.0065,0.0,-766.05,0.0,6.8165,0.0,-766.05,0.0,6.8165,1.0,0.0,0.0,0.0,0.0
1376,705.5,764.3,28559.7,28214.8,27450.5,98.7591,0.0054,0.0,-764.3,0.0,6.8165,0.0,-764.3,0.0,6.8165,1.0,0.0,0.0,0.0,0.0
1377,705.78,769.6,28675.45,28153.6,27384.0,98.13,0.0082,0.0,-769.6,0.0,6.8165,0.0,-769.6,0.0,6.8165,1.0,0.0,0.0,0.0,0.0
1378,706.05,765.3,28040.0,27902.75,27137.45,99.4968,0.0022,0.0,-765.3,0.0,6.8165,0.0,-765.3,0.0,6.8165,1.0,0.0,0.0,0.0,0.0
1379,706.33,776.1,27876.5,27596.5,26820.4,98.9668,0.0045,0.0,-776.1,0.0,6.8165,0.0,-776.1,0.0,6.8165,1.0,0.0,0.0,0.0,0.0
1380,706.61,764.7,27607.05,27435.1,26670.4,99.3594,0.0028,0.0,-764.7,0.0,6.8165,0.0,-764.7,0.0,6.8165,1.0,0.0,0.0,0.0,0.0
1381,706.89,755.6,27626.7,27535.65,26780.05,99.6612,0.0015,0.0,-755.6,0.0,6.8165,0.0,-755.6,0.0,6.8165,1.0,0.0,0.0,0.0,0.0
1382,707.17,769.0,27758.85,27403.7,26634.7,98.6841,0.0058,0.0,-769.0,0.0,6.8165,0.0,-769.0,0.0,6.8165,1.0,0.0,0.0,0.0,0.0
1383,707.45,769.15,27361.95,26912.4,26143.25,98.3095,0.0074,0.0,-769.15,0.0,6.8165,0.0,-769.15,0.0,6.8165,1.0,0.0,0.0,0.0,0.0
1384,707.72,771.4,26874.05,26382.55,25611.15,98.117,0.0083,0.0,-771.4,0.0,6.8165,0.0,-771.4,0.0,6.8165,1.0,0.0,0.0,0.0,0.0
1385,708.0,777.2,26331.95,26269.4,25492.2,99.7552,0.0011,0.0,-777.2,0.0,6.8165,0.0,-777.2,0.0,6.8165,1.0,0.0,0.0,0.0,0.0
1386,708.28,772.0,26328.7,26498.9,25726.9,100.666,-0.0029,0.0,-772.0,0.0,6.8165,0.0,-772.0,0.0,6.8165,1.0,0.0,0.0,0.0,0.0
1387,708.56,758.75,26146.7,26263.3,25504.55,100.4593,-0.002,0.0,-758.75,0.0,6.8165,0.0,-758.75,0.0,6.8165,1.0,0.0,0.0,0.0,0.0
1388,708.83,761.15,26442.65,26062.05,25300.9,98.518,0.0065,0.0,-761.15,0.0,6.8165,0.0,-761.15,0.0,6.8165,1.0,0.0,0.0,0.0,0.0
1389,709.11,768.0,25950.75,25800.7,25032.7,99.4042,0.0026,0.0,-768.0,0.0,6.8165,0.0,-768.0,0.0,6.8165,1.0,0.0,0.0,0.0,0.0
1390,709.39,776.35,25910.75,25941.05,25164.7,100.1206,-0.0005,0.0,-776.35,0.0,6.8165,0.0,-776.35,0.0,6.8165,1.0,0.0,0.0,0.0,0.0
1391,709.67,765.1,26200.6,25945.0,25179.9,98.9951,0.0044,0.0,-765.1,0.0,6.8165,0.0,-765.1,0.0,6.8165,1.0,0.0,0.0,0.0,0.0
1392,709.94,781.35,26031.75,25813.05,25031.7,99.1339,0.0038,0.0,-781.35,0.0,6.8165,0.0,-781.35,0.0,6.8165,1.0,0.0,0.0,0.0,0.0
1393,710.22,770.5,26126.4,25753.2,24982.7,98.5282,0.0064,0.0,-770.5,0.0,6.8165,0.0,-770.5,0.0,6.8165,1.0,0.0,0.0,0.0,0.0
1394,710.5,759.15,25946.45,25476.2,24717.05,98.133,0.0082,0.0,-759.15,0.0,6.8165,0.0,-759.15,0.0,6.8165,1.0,0.0,0.0,0.0,0.0
1395,710.77,766.15,25810.6,25302.4,24536.25,97.9708,0.0089,0.0,-766.15,0.0,6.8165,0.0,-766.15,0.0,6.8165,1.0,0.0,0.0,0.0,0.0
1396,711.05,767.15,25526.4,25361.85,24594.7,99.3354,0.0029,0.0,-767.15,0.0,6.8165,0.0,-767.15,0.0,6.8165,1.0,0.0,0.0,0.0,0.0
1397,711.33,761.15,25118.55,25482.1,24720.95,101.4926,-0.0064,0.0,-761.15,0.0,6.8165,0.0,-761.15,0.0,6.8165,1.0,0.0,0.0,0.0,0.0
1398,711.6,763.7,25100.65,25254.35,24490.65,100.6315,-0.0027,0.0,-763.7,0.0,6.8165,0.0,-763.7,0.0,6.8165,1.0,0.0,0.0,0.0,0.0
1399,711.88,768.4,25082.75,25084.05,24315.65,100.0053,-0.0,0.0,-768.4,0.0,6.8165,0.0,-768.4,0.0,6.8165,1.0,0.0,0.0,0.0,0.0
1400,712.16,769.9,25062.1,24791.65,24021.75,98.8867,0.0049,0.0,-769.9,0.0,6.8165,0.0,-769.9,0.0,6.8165,1.0,0.0,0.0,0.0,0.0
1401,712.43,755.85,24879.25,24418.5,23662.65,98.09,0.0084,0.0,-755.85,0.0,6.8165,0.0,-755.85,0.0,6.8165,1.0,0.0,0.0,0.0,0.0
1402,712.71,765.95,24895.05,24719.15,23953.2,99.271,0.0032,0.0,-765.95,0.0,6.8165,0.0,-765.95,0.0,6.8165,1.0,0.0,0.0,0.0,0.0
1403,712.99,772.65,24857.5,24630.65,23858.0,99.0581,0.0041,0.0,-772.65,0.0,6.8165,0.0,-772.65,0.0,6.8165,1.0,0.0,0.0,0.0,0.0
1404,713.26,768.85,24340.35,24059.35,23290.5,98.8079,0.0052,0.0,-768.85,0.0,6.8165,0.0,-768.85,0.0,6.8165,1.0,0.0,0.0,0.0,0.0
1405,713.54,771.15,24171.05,23689.55,22918.4,97.9423,0.009,0.0,-771.15,0.0,6.8165,0.0,-771.15,0.0,6.8165,1.0,0.0,0.0,0.0,0.0
1406,713.81,765.9,23966.3,23639.85,22873.95,98.5929,0.0062,0.0,-765.9,0.0,6.8165,0.0,-765.9,0.0,6.8165,1.0,0.0,0.0,0.0,0.0
1407,714.09,777.9,23585.6,23592.85,22814.95,100.0318,-0.0001,0.0,-777.9,0.0,6.8165,0.0,-777.9,0.0,6.8165,1.0,0.0,0.0,0.0,0.0
1408,714.36,773.55,23189.75,23338.8,22565.25,100.6649,-0.0029,0.0,-773.55,0.0,6.8165,0.0,-773.55,0.0,6.8165,1.0,0.0,0.0,0.0,0.0
1409,714.64,775.4,23220.0,23268.4,22493.0,100.2156,-0.0009,0.0,-775.4,0.0,6.8165,0.0,-775.4,0.0,6.8165,1.0,0.0,0.0,0.0,0.0
1410,714.92,773.0,22984.55,22866.15,22093.15,99.4669,0.0023,0.0,-773.0,0.0,6.8165,0.0,-773.0,0.0,6.8165,1.0,0.0,0.0,0.0,0.0
1411,715.19,763.7,22829.15,22746.25,21982.55,99.6243,0.0016,0.0,-763.7,0.0,6.8165,0.0,-763.7,0.0,6.8165,1.0,0.0,0.0,0.0,0.0
1412,715.47,760.5,22466.25,22092.55,21332.05,98.2783,0.0075,0.0,-760.5,0.0,6.8165,0.0,-760.5,0.0,6.8165,1.0,0.0,0.0,0.0,0.0
1413,715.74,769.85,21814.05,21292.7,20522.85,97.5226,0.0109,0.0,-769.85,0.0,6.8165,0.0,-769.85,0.0,6.8165,1.0,0.0,0.0,0.0,0.0
1414,716.02,765.75,21319.35,20788.1,20022.35,97.4153,0.0114,0.0,-765.75,0.0,6.8165,0.0,-765.75,0.0,6.8165,1.0,0.0,0.0,0.0,0.0
1415,716.29,777.2,21279.45,20651.7,19874.5,96.9381,0.0135,0.0,-777.2,0.0,6.8165,0.0,-777.2,0.0,6.8165,1.0,0.0,0.0,0.0,0.0
1416,716.57,778.45,21095.25,20451.8,19673.35,96.8329,0.014,0.0,-778.45,0.0,6.8165,0.0,-778.45,0.0,6.8165,1.0,0.0,0.0,0.0,0.0
1417,716.84,754.1,20920.2,20352.7,19598.6,97.1859,0.0124,0.0,-754.1,0.0,6.8165,0.0,-754.1,0.0,6.8165,1.0,0.0,0.0,0.0,0.0
1418,717.12,769.4,20818.15,20132.9,19363.5,96.5821,0.0151,0.0,-769.4,0.0,6.8165,0.0,-769.4,0.0,6.8165,1.0,0.0,0.0,0.0,0.0
1419,717.39,768.85,20419.75,19513.0,18744.15,95.3857,0.0205,0.0,-768.85,0.0,6.8165,0.0,-768.85,0.0,6.8165,1.0,0.0,0.0,0.0,0.0
1420,717.66,778.45,19809.5,19202.6,18424.15,96.811,0.0141,0.0,-778.45,0.0,6.8165,0.0,-778.45,0.0,6.8165,1.0,0.0,0.0,0.0,0.0
1421,717.94,757.6,19432.3,18980.1,18222.5,97.5785,0.0106,0.0,-757.6,0.0,6.8165,0.0,-757.6,0.0,6.8165,1.0,0.0,0.0,0.0,0.0
1422,718.21,762.75,19309.4,18735.15,17972.4,96.9038,0.0137,0.0,-762.75,0.0,6.8165,0.0,-762.75,0.0,6.8165,1.0,0.0,0.0,0.0,0.0
1423,718.49,768.35,18917.55,18407.1,17638.75,97.1875,0.0124,0.0,-768.35,0.0,6.8165,0.0,-768.35,0.0,6.8165,1.0,0.0,0.0,0.0,0.0
1424,718.76,769.75,18657.9,18286.0,17516.25,97.921,0.0091,0.0,-769.75,0.0,6.8165,0.0,-769.75,0.0,6.8165,1.0,0.0,0.0,0.0,0.0
1425,719.03,779.45,18579.65,17843.65,17064.2,95.8652,0.0183,0.0,-779.45,0.0,6.8165,0.0,-779.45,0.0,6.8165,1.0,0.0,0.0,0.0,0.0
1426,719.31,761.7,18527.95,17527.95,16766.25,94.3714,0.0252,0.0,-761.7,0.0,6.8165,0.0,-761.7,0.0,6.8165,1.0,0.0,0.0,0.0,0.0
1427,719.58,757.8,18050.3,17032.0,16274.2,94.1113,0.0264,0.0,-757.8,0.0,6.8165,0.0,-757.8,0.0,6.8165,1.0,0.0,0.0,0.0,0.0
1428,719.86,766.3,17603.85,16571.05,15804.75,93.8661,0.0275,0.0,-766.3,0.0,6.8165,0.0,-766.3,0.0,6.8165,1.0,0.0,0.0,0.0,0.0
1429,720.13,767.05,17196.05,16272.65,15505.6,94.3795,0.0251,0.0,-767.05,0.0,6.8165,0.0,-767.05,0.0,6.8165,1.0,0.0,0.0,0.0,0.0
1430,720.4,767.2,16886.25,15965.5,15198.3,94.2878,0.0255,0.0,-767.2,0.0,6.8165,0.0,-767.2,0.0,6.8165,1.0,0.0,0.0,0.0,0.0
1431,720.68,778.45,16696.3,15629.25,14850.8,93.2965,0.0301,0.0,-778.45,0.0,6.8165,0.0,-778.45,0.0,6.8165,1.0,0.0,0.0,0.0,0.0
1432,720.95,768.25,16284.4,15306.35,14538.1,93.6966,0.0283,0.0,-768.25,0.0,6.8165,0.0,-768.25,0.0,6.8165,1.0,0.0,0.0,0.0,0.0
1433,721.22,754.9,15920.5,14800.5,14045.6,92.6149,0.0333,0.0,-754.9,0.0,6.8165,0.0,-754.9,0.0,6.8165,1.0,0.0,0.0,0.0,0.0
1434,721.5,751.95,15526.9,14507.0,13755.05,93.0971,0.0311,0.0,-751.95,0.0,6.8165,0.0,-751.95,0.0,6.8165,1.0,0.0,0.0,0.0,0.0
1435,721.77,763.0,15378.85,14308.85,13545.85,92.6792,0.033,0.0,-763.0,0.0,6.8165,0.0,-763.0,0.0,6.8165,1.0,0.0,0.0,0.0,0.0
1436,722.04,754.9,15099.6,14098.3,13343.4,93.0197,0.0314,0.0,-754.9,0.0,6.8165,0.0,-754.9,0.0,6.8165,1.0,0.0,0.0,0.0,0.0
1437,722.31,768.95,14942.85,14011.65,13242.7,93.4302,0.0295,0.0,-768.95,0.0,6.8165,0.0,-768.95,0.0,6.8165,1.0,0.0,0.0,0.0,0.0
1438,722.59,767.0,14992.9,13819.3,13052.3,91.7503,0.0374,0.0,-767.0,0.0,6.8165,0.0,-767.0,0.0,6.8165,1.0,0.0,0.0,0.0,0.0
1439,722.86,761.75,14740.5,13317.25,12555.5,89.8185,0.0466,0.0,-761.75,0.0,6.8165,0.0,-761.75,0.0,6.8165,1.0,0.0,0.0,0.0,0.0
1440,723.13,754.1,14305.65,12993.45,12239.35,90.317,0.0442,0.0,-754.1,0.0,6.8165,0.0,-754.1,0.0,6.8165,1.0,0.0,0.0,0.0,0.0
1441,723.4,770.8,14171.35,13056.1,12285.3,91.6776,0.0377,0.0,-770.8,0.0,6.8165,0.0,-770.8,0.0,6.8165,1.0,0.0,0.0,0.0,0.0
1442,723.68,755.05,14113.35,12861.6,12106.55,90.6294,0.0427,0.0,-755.05,0.0,6.8165,0.0,-755.05,0.0,6.8165,1.0,0.0,0.0,0.0,0.0
1443,723.95,766.55,13780.55,12476.75,11710.2,89.9816,0.0458,0.0,-766.55,0.0,6.8165,0.0,-766.55,0.0,6.8165,1.0,0.0,0.0,0.0,0.0
1444,724.22,778.6,13183.7,11972.55,11193.95,90.2367,0.0446,0.0,-778.6,0.0,6.8165,0.0,-778.6,0.0,6.8165,1.0,0.0,0.0,0.0,0.0
1445,724.49,760.7,13165.1,11851.25,11090.55,89.4082,0.0486,0.0,-760.7,0.0,6.8165,0.0,-760.7,0.0,6.8165,1.0,0.0,0.0,0.0,0.0
1446,724.76,752.15,12898.75,11781.85,11029.7,90.8048,0.0419,0.0,-752.15,0.0,6.8165,0.0,-752.15,0.0,6.8165,1.0,0.0,0.0,0.0,0.0
1447,725.04,755.75,12863.55,11629.75,10874.0,89.8099,0.0467,0.0,-755.75,0.0,6.8165,0.0,-755.75,0.0,6.8165,1.0,0.0,0.0,0.0,0.0
1448,725.31,778.4,12632.7,11326.45,10548.05,88.9808,0.0507,0.0,-778.4,0.0,6.8165,0.0,-778.4,0.0,6.8165,1.0,0.0,0.0,0.0,0.0
1449,725.58,760.1,12302.6,11134.55,10374.45,89.8804,0.0463,0.0,-760.1,0.0,6.8165,0.0,-760.1,0.0,6.8165,1.0,0.0,0.0,0.0,0.0
1450,725.85,767.3,12099.05,10891.85,10124.55,89.3467,0.0489,0.0,-767.3,0.0,6.8165,0.0,-767.3,0.0,6.8165,1.0,0.0,0.0,0.0,0.0
1451,726.12,757.6,12120.4,10768.8,10011.2,88.105,0.055,0.0,-757.6,0.0,6.8165,0.0,-757.6,0.0,6.8165,1.0,0.0,0.0,0.0,0.0
1452,726.39,761.25,12095.25,10645.55,9884.3,87.2093,0.0594,0.0,-761.25,0.0,6.8165,0.0,-761.25,0.0,6.8165,1.0,0.0,0.0,0.0,0.0
1453,726.66,769.95,12059.9,10516.2,9746.25,86.3268,0.0639,0.0,-769.95,0.0,6.8165,0.0,-769.95,0.0,6.8165,1.0,0.0,0.0,0.0,0.0
1454,726.93,759.95,11943.65,10382.2,9622.25,86.0382,0.0653,0.0,-759.95,0.0,6.8165,0.0,-759.95,0.0,6.8165,1.0,0.0,0.0,0.0,0.0
1455,727.21,772.4,11713.95,10217.25,9444.85,86.321,0.0639,0.0,-772.4,0.0,6.8165,0.0,-772.4,0.0,6.8165,1.0,0.0,0.0,0.0,0.0
1456,727.48,759.25,11682.0,10137.9,9378.65,85.8635,0.0662,0.0,-759.25,0.0,6.8165,0.0,-759.25,0.0,6.8165,1.0,0.0,0.0,0.0,0.0
1457,727.75,761.75,11765.2,10104.3,9342.55,84.9056,0.0711,0.0,-761.75,0.0,6.8165,0.0,-761.75,0.0,6.8165,1.0,0.0,0.0,0.0,0.0
1458,728.02,770.85,11575.85,9914.1,9143.25,84.6205,0.0725,0.0,-770.85,0.0,6.8165,0.0,-770.85,0.0,6.8165,1.0,0.0,0.0,0.0,0.0
1459,728.29,754.2,11758.35,9890.45,9136.25,83.0255,0.0808,0.0,-754.2,0.0,6.8165,0.0,-754.2,0.0,6.8165,1.0,0.0,0.0,0.0,0.0
1460,728.56,763.45,11545.05,9793.95,9030.5,83.7584,0.077,0.0,-763.45,0.0,6.8165,0.0,-763.45,0.0,6.8165,1.0,0.0,0.0,0.0,0.0
1461,728.83,766.05,11430.2,9773.55,9007.5,84.4652,0.0733,0.0,-766.05,0.0,6.8165,0.0,-766.05,0.0,6.8165,1.0,0.0,0.0,0.0,0.0
1462,729.1,758.7,11272.45,9608.75,8850.05,84.176,0.0748,0.0,-758.7,0.0,6.8165,0.0,-758.7,0.0,6.8165,1.0,0.0,0.0,0.0,0.0
1463,729.37,764.3,11218.6,9533.7,8769.4,83.8832,0.0763,0.0,-764.3,0.0,6.8165,0.0,-764.3,0.0,6.8165,1.0,0.0,0.0,0.0,0.0
1464,729.64,762.95,11079.45,9402.65,8639.7,83.7464,0.077,0.0,-762.95,0.0,6.8165,0.0,-762.95,0.0,6.8165,1.0,0.0,0.0,0.0,0.0
1465,729.91,769.9,10978.2,9285.4,8515.5,83.4174,0.0787,0.0,-769.9,0.0,6.8165,0.0,-769.9,0.0,6.8165,1.0,0.0,0.0,0.0,0.0
1466,730.18,766.85,10989.5,9240.3,8473.45,82.889,0.0815,0.0,-766.85,0.0,6.8165,0.0,-766.85,0.0,6.8165,1.0,0.0,0.0,0.0,0.0
1467,730.45,770.1,10881.25,9098.8,8328.7,82.3714,0.0842,0.0,-770.1,0.0,6.8165,0.0,-770.1,0.0,6.8165,1.0,0.0,0.0,0.0,0.0
1468,730.72,764.35,10853.55,9065.0,8300.65,82.2726,0.0847,0.0,-764.35,0.0,6.8165,0.0,-764.35,0.0,6.8165,1.0,0.0,0.0,0.0,0.0
1469,730.99,762.3,10696.95,9021.25,8258.95,83.1328,0.0802,0.0,-762.3,0.0,6.8165,0.0,-762.3,0.0,6.8165,1.0,0.0,0.0,0.0,0.0
1470,731.26,766.6,10791.05,8910.65,8144.05,81.2419,0.0902,0.0,-766.6,0.0,6.8165,0.0,-766.6,0.0,6.8165,1.0,0.0,0.0,0.0,0.0
1471,731.53,775.05,10961.8,8958.55,8183.5,80.3347,0.0951,0.0,-775.05,0.0,6.8165,0.0,-775.05,0.0,6.8165,1.0,0.0,0.0,0.0,0.0
1472,731.8,769.1,10964.95,8930.7,8161.6,80.0483,0.0966,0.0,-769.1,0.0,6.8165,0.0,-769.1,0.0,6.8165,1.0,0.0,0.0,0.0,0.0
1473,732.06,760.55,10827.0,8974.75,8214.2,81.5998,0.0883,0.0,-760.55,0.0,6.8165,0.0,-760.55,0.0,6.8165,1.0,0.0,0.0,0.0,0.0
1474,732.33,759.75,10918.15,9128.1,8368.35,82.3786,0.0842,0.0,-759.75,0.0,6.8165,0.0,-759.75,0.0,6.8165,1.0,0.0,0.0,0.0,0.0
1475,732.6,752.55,10895.55,9120.6,8368.05,82.5007,0.0835,0.0,-752.55,0.0,6.8165,0.0,-752.55,0.0,6.8165,1.0,0.0,0.0,0.0,0.0
1476,732.87,776.05,10927.05,9100.6,8324.55,82.0072,0.0861,0.0,-776.05,0.0,6.8165,0.0,-776.05,0.0,6.8165,1.0,0.0,0.0,0.0,0.0
1477,733.14,764.6,11021.85,9207.7,8443.1,82.3135,0.0845,0.0,-764.6,0.0,6.8165,0.0,-764.6,0.0,6.8165,1.0,0.0,0.0,0.0,0.0
1478,733.41,775.6,11077.25,9207.55,8431.95,81.8505,0.087,0.0,-775.6,0.0,6.8165,0.0,-775.6,0.0,6.8165,1.0,0.0,0.0,0.0,0.0
1479,733.68,773.3,10991.4,9089.05,8315.75,81.3825,0.0895,0.0,-773.3,0.0,6.8165,0.0,-773.3,0.0,6.8165,1.0,0.0,0.0,0.0,0.0
1480,733.95,759.9,10918.6,9023.4,8263.5,81.3441,0.0897,0.0,-759.9,0.0,6.8165,0.0,-759.9,0.0,6.8165,1.0,0.0,0.0,0.0,0.0
1481,734.21,770.15,10757.4,8903.6,8133.45,81.4383,0.0892,0.0,-770.15,0.0,6.8165,0.0,-770.15,0.0,6.8165,1.0,0.0,0.0,0.0,0.0
1482,734.48,765.55,10672.3,8726.8,7961.25,80.3619,0.0949,0.0,-765.55,0.0,6.8165,0.0,-765.55,0.0,6.8165,1.0,0.0,0.0,0.0,0.0
1483,734.75,766.15,10396.4,8601.45,7835.3,81.3613,0.0896,0.0,-766.15,0.0,6.8165,0.0,-766.15,0.0,6.8165,1.0,0.0,0.0,0.0,0.0
1484,735.02,761.75,10344.35,8393.35,7631.6,79.6402,0.0989,0.0,-761.75,0.0,6.8165,0.0,-761.75,0.0,6.8165,1.0,0.0,0.0,0.0,0.0
1485,735.29,772.05,10162.85,8321.25,7549.2,80.3893,0.0948,0.0,-772.05,0.0,6.8165,0.0,-772.05,0.0,6.8165,1.0,0.0,0.0,0.0,0.0
1486,735.55,774.5,9779.65,8084.65,7310.15,81.1774,0.0906,0.0,-774.5,0.0,6.8165,0.0,-774.5,0.0,6.8165,1.0,0.0,0.0,0.0,0.0
1487,735.82,767.8,9533.5,8041.55,7273.75,82.9797,0.081,0.0,-767.8,0.0,6.8165,0.0,-767.8,0.0,6.8165,1.0,0.0,0.0,0.0,0.0
1488,736.09,756.95,9251.15,7872.15,7115.2,83.7654,0.0769,0.0,-756.95,0.0,6.8165,0.0,-756.95,0.0,6.8165,1.0,0.0,0.0,0.0,0.0
1489,736.36,756.45,9194.15,7712.4,6955.95,82.4389,0.0839,0.0,-756.45,0.0,6.8165,0.0,-756.45,0.0,6.8165,1.0,0.0,0.0,0.0,0.0
1490,736.62,777.5,9016.1,7615.5,6838.0,82.9995,0.0809,0.0,-777.5,0.0,6.8165,0.0,-777.5,0.0,6.8165,1.0,0.0,0.0,0.0,0.0
1491,736.89,746.75,8953.25,7568.9,6822.15,83.1311,0.0802,0.0,-746.75,0.0,6.8165,0.0,-746.75,0.0,6.8165,1.0,0.0,0.0,0.0,0.0
1492,737.16,765.0,8785.45,7463.8,6698.8,83.5215,0.0782,0.0,-765.0,0.0,6.8165,0.0,-765.0,0.0,6.8165,1.0,0.0,0.0,0.0,0.0
1493,737.43,759.7,8690.8,7359.1,6599.4,83.2091,0.0798,0.0,-759.7,0.0,6.8165,0.0,-759.7,0.0,6.8165,1.0,0.0,0.0,0.0,0.0
1494,737.69,773.65,8673.75,7246.85,6473.2,81.9382,0.0865,0.0,-773.65,0.0,6.8165,0.0,-773.65,0.0,6.8165,1.0,0.0,0.0,0.0,0.0
1495,737.96,773.45,8492.1,7181.45,6408.0,83.0197,0.0808,0.0,-773.45,0.0,6.8165,0.0,-773.45,0.0,6.8165,1.0,0.0,0.0,0.0,0.0
1496,738.23,776.45,8225.2,7071.45,6295.0,84.5108,0.0731,0.0,-776.45,0.0,6.8165,0.0,-776.45,0.0,6.8165,1.0,0.0,0.0,0.0,0.0
1497,738.49,765.4,8069.65,6977.0,6211.6,85.0409,0.0704,0.0,-765.4,0.0,6.8165,0.0,-765.4,0.0,6.8165,1.0,0.0,0.0,0.0,0.0
1498,738.76,777.2,7956.75,6927.05,6149.85,85.6579,0.0672,0.0,-777.2,0.0,6.8165,0.0,-777.2,0.0,6.8165,1.0,0.0,0.0,0.0,0.0
1499,739.03,759.5,7982.25,6951.45,6191.95,85.7284,0.0669,0.0,-759.5,0.0,6.8165,0.0,-759.5,0.0,6.8165,1.0,0.0,0.0,0.0,0.0
1500,739.29,775.65,7830.1,6892.25,6116.6,86.7056,0.062,0.0,-775.65,0.0,6.8165,0.0,-775.65,0.0,6.8165,1.0,0.0,0.0,0.0,0.0
1501,739.56,774.65,7702.55,6837.1,6062.45,87.5078,0.058,0.0,-774.65,0.0,6.8165,0.0,-774.65,0.0,6.8165,1.0,0.0,0.0,0.0,0.0
1502,739.83,774.75,7582.35,6755.95,5981.2,87.8606,0.0562,0.0,-774.75,0.0,6.8165,0.0,-774.75,0.0,6.8165,1.0,0.0,0.0,0.0,0.0
1503,740.09,755.3,7503.25,6699.55,5944.25,88.0897,0.0551,0.0,-755.3,0.0,6.8165,0.0,-755.3,0.0,6.8165,1.0,0.0,0.0,0.0,0.0
1504,740.36,753.65,7511.2,6684.95,5931.3,87.7729,0.0566,0.0,-753.65,0.0,6.8165,0.0,-753.65,0.0,6.8165,1.0,0.0,0.0,0.0,0.0
1505,740.62,763.65,7346.75,6569.7,5806.05,88.1963,0.0545,0.0,-763.65,0.0,6.8165,0.0,-763.65,0.0,6.8165,1.0,0.0,0.0,0.0,0.0
1506,740.89,777.7,7313.6,6537.85,5760.15,88.1309,0.0549,0.0,-777.7,0.0,6.8165,0.0,-777.7,0.0,6.8165,1.0,0.0,0.0,0.0,0.0
1507,741.16,776.6,7256.25,6353.05,5576.45,86.061,0.0652,0.0,-776.6,0.0,6.8165,0.0,-776.6,0.0,6.8165,1.0,0.0,0.0,0.0,0.0
1508,741.42,766.2,7025.6,6298.45,5532.25,88.3831,0.0536,0.0,-766.2,0.0,6.8165,0.0,-766.2,0.0,6.8165,1.0,0.0,0.0,0.0,0.0
1509,741.69,766.65,6784.85,6232.85,5466.2,90.8278,0.0418,0.0,-766.65,0.0,6.8165,0.0,-766.65,0.0,6.8165,1.0,0.0,0.0,0.0,0.0
1510,741.95,776.05,6690.45,6172.05,5396.0,91.235,0.0398,0.0,-776.05,0.0,6.8165,0.0,-776.05,0.0,6.8165,1.0,0.0,0.0,0.0,0.0
1511,742.22,758.35,6580.4,6064.25,5305.9,91.1346,0.0403,0.0,-758.35,0.0,6.8165,0.0,-758.35,0.0,6.8165,1.0,0.0,0.0,0.0,0.0
1512,742.48,771.2,6365.7,5799.55,5028.35,89.8802,0.0463,0.0,-771.2,0.0,6.8165,0.0,-771.2,0.0,6.8165,1.0,0.0,0.0,0.0,0.0
1513,742.75,771.05,6216.3,5656.75,4885.7,89.7241,0.0471,0.0,-771.05,0.0,6.8165,0.0,-771.05,0.0,6.8165,1.0,0.0,0.0,0.0,0.0
1514,743.01,768.25,6047.4,5432.35,4664.1,88.3495,0.0538,0.0,-768.25,0.0,6.8165,0.0,-768.25,0.0,6.8165,1.0,0.0,0.0,0.0,0.0
1515,743.28,770.3,5978.1,5297.3,4527.0,86.9273,0.0608,0.0,-770.3,0.0,6.8165,0.0,-770.3,0.0,6.8165,1.0,0.0,0.0,0.0,0.0
1516,743.54,775.55,5797.15,5185.65,4410.1,87.8226,0.0564,0.0,-775.55,0.0,6.8165,0.0,-775.55,0.0,6.8165,1.0,0.0,0.0,0.0,0.0
1517,743.81,761.15,5659.25,5060.25,4299.1,87.7708,0.0567,0.0,-761.15,0.0,6.8165,0.0,-761.15,0.0,6.8165,1.0,0.0,0.0,0.0,0.0
1518,744.07,767.95,5550.05,4826.4,4058.45,84.8675,0.0713,0.0,-767.95,0.0,6.8165,0.0,-767.95,0.0,6.8165,1.0,0.0,0.0,0.0,0.0
1519,744.34,767.25,5447.15,4637.95,3870.7,82.709,0.0824,0.0,-767.25,0.0,6.8165,0.0,-767.25,0.0,6.8165,1.0,0.0,0.0,0.0,0.0
1520,744.6,759.45,5292.65,4457.05,3697.6,81.5671,0.0885,0.0,-759.45,0.0,6.8165,0.0,-759.45,0.0,6.8165,1.0,0.0,0.0,0.0,0.0
1521,744.87,758.4,5154.6,4263.05,3504.65,79.72,0.0984,0.0,-758.4,0.0,6.8165,0.0,-758.4,0.0,6.8165,1.0,0.0,0.0,0.0,0.0
1522,745.13,767.25,5044.5,4058.85,3291.6,76.956,0.1138,0.0,-767.25,0.0,6.8165,0.0,-767.25,0.0,6.8165,1.0,0.0,0.0,0.0,0.0
1523,745.39,758.05,4863.15,3863.25,3105.2,75.6425,0.1212,0.0,-758.05,0.0,6.8165,0.0,-758.05,0.0,6.8165,1.0,0.0,0.0,0.0,0.0
1524,745.66,770.95,4766.3,3672.4,2901.45,72.6207,0.1389,0.0,-770.95,0.0,6.8165,0.0,-770.95,0.0,6.8165,1.0,0.0,0.0,0.0,0.0
1525,745.92,760.4,4661.05,3516.35,2755.95,70.6536,0.1509,0.0,-760.4,0.0,6.8165,0.0,-760.4,0.0,6.8165,1.0,0.0,0.0,0.0,0.0
1526,746.19,748.45,4489.65,3273.5,2525.05,67.4931,0.1707,0.0,-748.45,0.0,6.8165,0.0,-748.45,0.0,6.8165,1.0,0.0,0.0,0.0,0.0
1527,746.45,760.05,4355.85,3107.55,2347.5,65.2845,0.1852,0.0,-760.05,0.0,6.8165,0.0,-760.05,0.0,6.8165,1.0,0.0,0.0,0.0,0.0
1528,746.71,774.55,4287.5,2937.45,2162.9,61.5693,0.2106,0.0,-774.55,0.0,6.8165,0.0,-774.55,0.0,6.8165,1.0,0.0,0.0,0.0,0.0
1529,746.98,765.65,4181.25,2828.9,2063.25,60.4067,0.2189,0.0,-765.65,0.0,6.8165,0.0,-765.65,0.0,6.8165,1.0,0.0,0.0,0.0,0.0
1530,747.24,773.25,4083.4,2706.5,1933.25,58.4037,0.2336,0.0,-773.25,0.0,6.8165,0.0,-773.25,0.0,6.8165,1.0,0.0,0.0,0.0,0.0
1531,747.5,770.9,4047.4,2575.5,1804.6,55.0771,0.259,0.0,-770.9,0.0,6.8165,0.0,-770.9,0.0,6.8165,1.0,0.0,0.0,0.0,0.0
1532,747.77,772.95,3949.7,2448.8,1675.85,52.7536,0.2777,0.0,-772.95,0.0,6.8165,0.0,-772.95,0.0,6.8165,1.0,0.0,0.0,0.0,0.0
1533,748.03,755.5,3880.55,2340.0,1584.5,50.7032,0.295,0.0,-755.5,0.0,6.8165,0.0,-755.5,0.0,6.8165,1.0,0.0,0.0,0.0,0.0
1534,748.29,765.0,3783.45,2246.3,1481.3,49.0749,0.3091,0.0,-765.0,0.0,6.8165,0.0,-765.0,0.0,6.8165,1.0,0.0,0.0,0.0,0.0
1535,748.56,764.8,3700.6,2142.25,1377.45,46.9191,0.3287,0.0,-764.8,0.0,6.8165,0.0,-764.8,0.0,6.8165,1.0,0.0,0.0,0.0,0.0
1536,748.82,771.6,3638.35,2064.25,1292.65,45.0911,0.3459,0.0,-771.6,0.0,6.8165,0.0,-771.6,0.0,6.8165,1.0,0.0,0.0,0.0,0.0
1537,749.08,769.05,3562.5,1970.1,1201.05,42.9952,0.3666,0.0,-769.05,0.0,6.8165,0.0,-769.05,0.0,6.8165,1.0,0.0,0.0,0.0,0.0
1538,749.34,762.85,3450.45,1935.9,1173.05,43.6467,0.36,0.0,-762.85,0.0,6.8165,0.0,-762.85,0.0,6.8165,1.0,0.0,0.0,0.0,0.0
1539,749.61,777.15,3461.95,1870.65,1093.5,40.7293,0.3901,0.0,-777.15,0.0,6.8165,0.0,-777.15,0.0,6.8165,1.0,0.0,0.0,0.0,0.0
1540,749.87,772.7,3447.2,1818.25,1045.55,39.0933,0.4079,0.0,-772.7,0.0,6.8165,0.0,-772.7,0.0,6.8165,1.0,0.0,0.0,0.0,0.0
1541,750.13,753.85,3366.85,1767.8,1013.95,38.8041,0.4111,0.0,-753.85,0.0,6.8165,0.0,-753.85,0.0,6.8165,1.0,0.0,0.0,0.0,0.0
1542,750.39,764.55,3273.15,1714.95,950.4,37.8857,0.4215,0.0,-764.55,0.0,6.8165,0.0,-764.55,0.0,6.8165,1.0,0.0,0.0,0.0,0.0
1543,750.65,758.6,3253.8,1667.3,908.7,36.4179,0.4387,0.0,-758.6,0.0,6.8165,0.0,-758.6,0.0,6.8165,1.0,0.0,0.0,0.0,0.0
1544,750.92,767.75,3175.75,1651.55,883.8,36.7027,0.4353,0.0,-767.75,0.0,6.8165,0.0,-767.75,0.0,6.8165,1.0,0.0,0.0,0.0,0.0
1545,751.18,765.35,3132.15,1607.9,842.55,35.5987,0.4486,0.0,-765.35,0.0,6.8165,0.0,-765.35,0.0,6.8165,1.0,0.0,0.0,0.0,0.0
1546,751.44,757.65,3096.25,1580.85,823.2,35.2005,0.4535,0.0,-757.65,0.0,6.8165,0.0,-757.65,0.0,6.8165,1.0,0.0,0.0,0.0,0.0
1547,751.7,761.65,3028.95,1546.05,784.4,34.5962,0.461,0.0,-761.65,0.0,6.8165,0.0,-761.65,0.0,6.8165,1.0,0.0,0.0,0.0,0.0
1548,751.96,766.95,2968.2,1524.9,757.95,34.4327,0.463,0.0,-766.95,0.0,6.8165,0.0,-766.95,0.0,6.8165,1.0,0.0,0.0,0.0,0.0
1549,752.23,752.1,2940.75,1486.45,734.35,33.5526,0.4743,0.0,-752.1,0.0,6.8165,0.0,-752.1,0.0,6.8165,1.0,0.0,0.0,0.0,0.0
1550,752.49,758.3,2884.25,1474.8,716.5,33.7026,0.4723,0.0,-758.3,0.0,6.8165,0.0,-758.3,0.0,6.8165,1.0,0.0,0.0,0.0,0.0
1551,752.75,772.85,2838.3,1442.3,669.45,32.4118,0.4893,0.0,-772.85,0.0,6.8165,0.0,-772.85,0.0,6.8165,1.0,0.0,0.0,0.0,0.0
1552,753.01,776.2,2805.75,1461.25,685.05,33.7538,0.4717,0.0,-776.2,0.0,6.8165,0.0,-776.2,0.0,6.8165,1.0,0.0,0.0,0.0,0.0
1553,753.27,776.05,2769.9,1407.2,631.15,31.6548,0.4996,0.0,-776.05,0.0,6.8165,0.0,-776.05,0.0,6.8165,1.0,0.0,0.0,0.0,0.0
1554,753.53,758.15,2735.35,1410.0,651.85,32.9683,0.4819,0.0,-758.15,0.0,6.8165,0.0,-758.15,0.0,6.8165,1.0,0.0,0.0,0.0,0.0
1555,753.79,750.1,2746.2,1403.5,653.4,32.7338,0.485,0.0,-750.1,0.0,6.8165,0.0,-750.1,0.0,6.8165,1.0,0.0,0.0,0.0,0.0
1556,754.05,778.3,2713.25,1385.95,607.65,31.4039,0.503,0.0,-778.3,0.0,6.8165,0.0,-778.3,0.0,6.8165,1.0,0.0,0.0,0.0,0.0
1557,754.31,769.95,2652.05,1379.4,609.45,32.3814,0.4897,0.0,-769.95,0.0,6.8165,0.0,-769.95,0.0,6.8165,1.0,0.0,0.0,0.0,0.0
1558,754.57,763.7,2636.45,1358.05,594.35,31.7368,0.4984,0.0,-763.7,0.0,6.8165,0.0,-763.7,0.0,6.8165,1.0,0.0,0.0,0.0,0.0
1559,754.84,771.5,2572.15,1342.85,571.35,31.7302,0.4985,0.0,-771.5,0.0,6.8165,0.0,-771.5,0.0,6.8165,1.0,0.0,0.0,0.0,0.0
1560,755.1,777.05,2550.35,1349.2,572.15,32.2647,0.4913,0.0,-777.05,0.0,6.8165,0.0,-777.05,0.0,6.8165,1.0,0.0,0.0,0.0,0.0
1561,755.36,756.75,2555.6,1357.1,600.35,33.3741,0.4766,0.0,-756.75,0.0,6.8165,0.0,-756.75,0.0,6.8165,1.0,0.0,0.0,0.0,0.0
1562,755.62,768.8,2524.95,1323.25,554.45,31.5719,0.5007,0.0,-768.8,0.0,6.8165,0.0,-768.8,0.0,6.8165,1.0,0.0,0.0,0.0,0.0
1563,755.88,755.05,2488.95,1328.8,573.75,33.0901,0.4803,0.0,-755.05,0.0,6.8165,0.0,-755.05,0.0,6.8165,1.0,0.0,0.0,0.0,0.0
1564,756.14,765.25,2469.6,1315.85,550.6,32.3056,0.4907,0.0,-765.25,0.0,6.8165,0.0,-765.25,0.0,6.8165,1.0,0.0,0.0,0.0,0.0
1565,756.4,779.3,2463.95,1294.85,515.55,30.6028,0.5142,0.0,-779.3,0.0,6.8165,0.0,-779.3,0.0,6.8165,1.0,0.0,0.0,0.0,0.0
1566,756.66,764.65,2441.95,1317.15,552.5,32.9398,0.4823,0.0,-764.65,0.0,6.8165,0.0,-764.65,0.0,6.8165,1.0,0.0,0.0,0.0,0.0
1567,756.92,755.4,2405.75,1315.2,559.8,33.9201,0.4695,0.0,-755.4,0.0,6.8165,0.0,-755.4,0.0,6.8165,1.0,0.0,0.0,0.0,0.0
1568,757.18,782.85,2373.4,1281.85,499.0,31.3728,0.5034,0.0,-782.85,0.0,6.8165,0.0,-782.85,0.0,6.8165,1.0,0.0,0.0,0.0,0.0
1569,757.43,770.6,2353.9,1289.3,518.7,32.7607,0.4846,0.0,-770.6,0.0,6.8165,0.0,-770.6,0.0,6.8165,1.0,0.0,0.0,0.0,0.0
1570,757.69,779.35,2379.15,1304.55,525.2,32.8291,0.4837,0.0,-779.35,0.0,6.8165,0.0,-779.35,0.0,6.8165,1.0,0.0,0.0,0.0,0.0
1571,757.95,769.4,2416.35,1298.6,529.2,32.1321,0.4931,0.0,-769.4,0.0,6.8165,0.0,-769.4,0.0,6.8165,1.0,0.0,0.0,0.0,0.0
1572,758.21,771.0,2383.7,1296.25,525.25,32.5696,0.4872,0.0,-771.0,0.0,6.8165,0.0,-771.0,0.0,6.8165,1.0,0.0,0.0,0.0,0.0
1573,758.47,769.65,2367.75,1293.25,523.6,32.7639,0.4846,0.0,-769.65,0.0,6.8165,0.0,-769.65,0.0,6.8165,1.0,0.0,0.0,0.0,0.0
1574,758.73,777.0,2311.15,1302.7,525.7,34.2665,0.4651,0.0,-777.0,0.0,6.8165,0.0,-777.0,0.0,6.8165,1.0,0.0,0.0,0.0,0.0
1575,758.99,761.9,2329.65,1286.05,524.15,33.4333,0.4758,0.0,-761.9,0.0,6.8165,0.0,-761.9,0.0,6.8165,1.0,0.0,0.0,0.0,0.0
1576,759.25,767.45,2327.5,1304.0,536.55,34.3931,0.4635,0.0,-767.45,0.0,6.8165,0.0,-767.45,0.0,6.8165,1.0,0.0,0.0,0.0,0.0
1577,759.51,759.5,2339.85,1315.5,556.0,35.1821,0.4537,0.0,-759.5,0.0,6.8165,0.0,-759.5,0.0,6.8165,1.0,0.0,0.0,0.0,0.0
1578,759.77,771.0,2337.7,1325.15,554.15,35.3705,0.4514,0.0,-771.0,0.0,6.8165,0.0,-771.0,0.0,6.8165,1.0,0.0,0.0,0.0,0.0
1579,760.02,752.4,2314.5,1311.45,559.05,35.7884,0.4463,0.0,-752.4,0.0,6.8165,0.0,-752.4,0.0,6.8165,1.0,0.0,0.0,0.0,0.0
1580,760.28,762.35,2348.1,1354.8,592.45,37.3609,0.4276,0.0,-762.35,0.0,6.8165,0.0,-762.35,0.0,6.8165,1.0,0.0,0.0,0.0,0.0
1581,760.54,768.15,2347.35,1354.0,585.85,37.0979,0.4307,0.0,-768.15,0.0,6.8165,0.0,-768.15,0.0,6.8165,1.0,0.0,0.0,0.0,0.0
1582,760.8,772.25,2342.65,1346.25,574.0,36.5512,0.4371,0.0,-772.25,0.0,6.8165,0.0,-772.25,0.0,6.8165,1.0,0.0,0.0,0.0,0.0
1583,761.06,770.45,2309.35,1367.75,597.3,38.8134,0.411,0.0,-770.45,0.0,6.8165,0.0,-770.45,0.0,6.8165,1.0,0.0,0.0,0.0,0.0
1584,761.32,755.9,2266.0,1389.05,633.15,41.9277,0.3775,0.0,-755.9,0.0,6.8165,0.0,-755.9,0.0,6.8165,1.0,0.0,0.0,0.0,0.0
1585,761.57,767.05,2272.85,1393.8,626.75,41.6224,0.3807,0.0,-767.05,0.0,6.8165,0.0,-767.05,0.0,6.8165,1.0,0.0,0.0,0.0,0.0
1586,761.83,774.15,2272.5,1394.15,620.0,41.3789,0.3832,0.0,-774.15,0.0,6.8165,0.0,-774.15,0.0,6.8165,1.0,0.0,0.0,0.0,0.0
1587,762.09,772.25,2270.55,1417.6,645.35,43.0721,0.3658,0.0,-772.25,0.0,6.8165,0.0,-772.25,0.0,6.8165,1.0,0.0,0.0,0.0,0.0
1588,762.35,766.4,2285.15,1436.5,670.1,44.1218,0.3553,0.0,-766.4,0.0,6.8165,0.0,-766.4,0.0,6.8165,1.0,0.0,0.0,0.0,0.0
1589,762.6,777.3,2296.5,1453.4,676.1,44.5037,0.3516,0.0,-777.3,0.0,6.8165,0.0,-777.3,0.0,6.8165,1.0,0.0,0.0,0.0,0.0
1590,762.86,773.05,2326.7,1464.65,691.6,44.5145,0.3515,0.0,-773.05,0.0,6.8165,0.0,-773.05,0.0,6.8165,1.0,0.0,0.0,0.0,0.0
1591,763.12,779.0,2356.4,1492.15,713.15,45.2105,0.3448,0.0,-779.0,0.0,6.8165,0.0,-779.0,0.0,6.8165,1.0,0.0,0.0,0.0,0.0
1592,763.38,773.35,2360.15,1504.0,730.65,46.0455,0.3368,0.0,-773.35,0.0,6.8165,0.0,-773.35,0.0,6.8165,1.0,0.0,0.0,0.0,0.0
1593,763.63,768.8,2434.55,1532.15,763.35,45.8262,0.3389,0.0,-768.8,0.0,6.8165,0.0,-768.8,0.0,6.8165,1.0,0.0,0.0,0.0,0.0
1594,763.89,788.45,2513.7,1587.55,799.1,46.3179,0.3343,0.0,-788.45,0.0,6.8165,0.0,-788.45,0.0,6.8165,1.0,0.0,0.0,0.0,0.0
1595,764.15,765.65,2671.5,1681.75,916.1,48.0678,0.3181,0.0,-765.65,0.0,6.8165,0.0,-765.65,0.0,6.8165,1.0,0.0,0.0,0.0,0.0
1596,764.4,767.1,2884.65,1747.9,980.8,46.3177,0.3343,0.0,-767.1,0.0,6.8165,0.0,-767.1,0.0,6.8165,1.0,0.0,0.0,0.0,0.0
1597,764.66,754.8,3019.15,1818.85,1064.05,46.9914,0.328,0.0,-754.8,0.0,6.8165,0.0,-754.8,0.0,6.8165,1.0,0.0,0.0,0.0,0.0
1598,764.92,770.0,3095.3,1849.9,1079.9,46.4413,0.3331,0.0,-770.0,0.0,6.8165,0.0,-770.0,0.0,6.8165,1.0,0.0,0.0,0.0,0.0
1599,765.17,770.6,3160.55,1918.55,1147.95,48.0324,0.3185,0.0,-770.6,0.0,6.8165,0.0,-770.6,0.0,6.8165,1.0,0.0,0.0,0.0,0.0
1600,765.43,766.5,3133.55,1859.25,1092.75,46.1651,0.3357,0.0,-766.5,0.0,6.8165,0.0,-766.5,0.0,6.8165,1.0,0.0,0.0,0.0,0.0
1601,765.69,764.05,3034.65,1798.6,1034.55,45.5628,0.3414,0.0,-764.05,0.0,6.8165,0.0,-764.05,0.0,6.8165,1.0,0.0,0.0,0.0,0.0
1602,765.94,763.9,2887.45,1747.85,983.95,46.3351,0.3341,0.0,-763.9,0.0,6.8165,0.0,-763.9,0.0,6.8165,1.0,0.0,0.0,0.0,0.0
1603,766.2,766.3,2751.45,1685.0,918.7,46.2786,0.3346,0.0,-766.3,0.0,6.8165,0.0,-766.3,0.0,6.8165,1.0,0.0,0.0,0.0,0.0
1604,766.45,763.35,2611.45,1594.65,831.3,44.9813,0.347,0.0,-763.35,0.0,6.8165,0.0,-763.35,0.0,6.8165,1.0,0.0,0.0,0.0,0.0
1605,766.71,770.5,2512.4,1540.85,770.35,44.2247,0.3543,0.0,-770.5,0.0,6.8165,0.0,-770.5,0.0,6.8165,1.0,0.0,0.0,0.0,0.0
1606,766.97,782.3,2410.3,1495.45,713.15,43.8053,0.3585,0.0,-782.3,0.0,6.8165,0.0,-782.3,0.0,6.8165,1.0,0.0,0.0,0.0,0.0
1607,767.22,760.85,2340.8,1447.35,686.5,43.4507,0.362,0.0,-760.85,0.0,6.8165,0.0,-760.85,0.0,6.8165,1.0,0.0,0.0,0.0,0.0
1608,767.48,757.8,2243.0,1371.6,613.8,41.3278,0.3838,0.0,-757.8,0.0,6.8165,0.0,-757.8,0.0,6.8165,1.0,0.0,0.0,0.0,0.0
1609,767.73,776.25,2131.95,1324.3,548.05,40.4256,0.3933,0.0,-776.25,0.0,6.8165,0.0,-776.25,0.0,6.8165,1.0,0.0,0.0,0.0,0.0
1610,767.99,764.4,2093.5,1290.85,526.45,39.6095,0.4022,0.0,-764.4,0.0,6.8165,0.0,-764.4,0.0,6.8165,1.0,0.0,0.0,0.0,0.0
1611,768.24,780.05,2032.1,1245.55,465.5,37.179,0.4297,0.0,-780.05,0.0,6.8165,0.0,-780.05,0.0,6.8165,1.0,0.0,0.0,0.0,0.0
1612,768.5,769.4,1963.05,1214.5,445.1,37.289,0.4284,0.0,-769.4,0.0,6.8165,0.0,-769.4,0.0,6.8165,1.0,0.0,0.0,0.0,0.0
1613,768.75,765.55,1941.4,1206.5,440.95,37.5005,0.426,0.0,-765.55,0.0,6.8165,0.0,-765.55,0.0,6.8165,1.0,0.0,0.0,0.0,0.0
1614,769.01,767.3,1907.85,1169.75,402.45,35.2856,0.4524,0.0,-767.3,0.0,6.8165,0.0,-767.3,0.0,6.8165,1.0,0.0,0.0,0.0,0.0
1615,769.26,764.75,1884.0,1162.55,397.8,35.5417,0.4493,0.0,-764.75,0.0,6.8165,0.0,-764.75,0.0,6.8165,1.0,0.0,0.0,0.0,0.0
1616,769.52,774.5,1849.8,1129.7,355.2,33.0326,0.4811,0.0,-774.5,0.0,6.8165,0.0,-774.5,0.0,6.8165,1.0,0.0,0.0,0.0,0.0
1617,769.77,775.9,1803.3,1098.2,322.3,31.3704,0.5035,0.0,-775.9,0.0,6.8165,0.0,-775.9,0.0,6.8165,1.0,0.0,0.0,0.0,0.0
1618,770.03,754.3,1788.95,1093.05,338.75,32.7405,0.4849,0.0,-754.3,0.0,6.8165,0.0,-754.3,0.0,6.8165,1.0,0.0,0.0,0.0,0.0
1619,770.28,763.55,1745.8,1065.45,301.9,30.7356,0.5124,0.0,-763.55,0.0,6.8165,0.0,-763.55,0.0,6.8165,1.0,0.0,0.0,0.0,0.0
1620,770.54,758.35,1728.6,1063.6,305.25,31.461,0.5022,0.0,-758.35,0.0,6.8165,0.0,-758.35,0.0,6.8165,1.0,0.0,0.0,0.0,0.0
1621,770.79,762.55,1714.4,1052.6,290.05,30.4722,0.5161,0.0,-762.55,0.0,6.8165,0.0,-762.55,0.0,6.8165,1.0,0.0,0.0,0.0,0.0
1622,771.04,772.75,1709.35,1032.95,260.2,27.7813,0.5562,0.0,-772.75,0.0,6.8165,0.0,-772.75,0.0,6.8165,1.0,0.0,0.0,0.0,0.0
1623,771.3,765.6,1690.15,1021.0,255.4,27.6242,0.5587,0.0,-765.6,0.0,6.8165,0.0,-765.6,0.0,6.8165,1.0,0.0,0.0,0.0,0.0
1624,771.55,772.15,1674.7,993.2,221.05,24.4917,0.611,0.0,-772.15,0.0,6.8165,0.0,-772.15,0.0,6.8165,1.0,0.0,0.0,0.0,0.0
1625,771.81,778.55,1670.0,1002.35,223.8,25.1052,0.6002,0.0,-778.55,0.0,6.8165,0.0,-778.55,0.0,6.8165,1.0,0.0,0.0,0.0,0.0
1626,772.06,778.45,1668.3,971.45,193.0,21.689,0.6638,0.0,-778.45,0.0,6.8165,0.0,-778.45,0.0,6.8165,1.0,0.0,0.0,0.0,0.0
1627,772.31,758.9,1639.05,974.65,215.75,24.5129,0.6106,0.0,-758.9,0.0,6.8165,0.0,-758.9,0.0,6.8165,1.0,0.0,0.0,0.0,0.0
1628,772.57,784.95,1623.6,972.9,187.95,22.411,0.6495,0.0,-784.95,0.0,6.8165,0.0,-784.95,0.0,6.8165,1.0,0.0,0.0,0.0,0.0
1629,772.82,777.7,1613.25,965.55,187.85,22.4822,0.6482,0.0,-777.7,0.0,6.8165,0.0,-777.7,0.0,6.8165,1.0,0.0,0.0,0.0,0.0
1630,773.07,763.9,1587.25,958.1,194.2,23.5866,0.6273,0.0,-763.9,0.0,6.8165,0.0,-763.9,0.0,6.8165,1.0,0.0,0.0,0.0,0.0
1631,773.33,763.8,1586.05,943.2,179.4,21.8182,0.6612,0.0,-763.8,0.0,6.8165,0.0,-763.8,0.0,6.8165,1.0,0.0,0.0,0.0,0.0
1632,773.58,757.9,1570.95,952.65,194.75,23.953,0.6206,0.0,-757.9,0.0,6.8165,0.0,-757.9,0.0,6.8165,1.0,0.0,0.0,0.0,0.0
1633,773.83,769.05,1588.15,933.7,164.65,20.1013,0.6968,0.0,-769.05,0.0,6.8165,0.0,-769.05,0.0,6.8165,1.0,0.0,0.0,0.0,0.0
1634,774.09,774.05,1570.35,935.8,161.75,20.3127,0.6922,0.0,-774.05,0.0,6.8165,0.0,-774.05,0.0,6.8165,1.0,0.0,0.0,0.0,0.0
1635,774.34,775.95,1533.3,932.7,156.75,20.6972,0.6841,0.0,-775.95,0.0,6.8165,0.0,-775.95,0.0,6.8165,1.0,0.0,0.0,0.0,0.0
1636,774.59,759.6,1521.55,947.0,187.4,24.5948,0.6092,0.0,-759.6,0.0,6.8165,0.0,-759.6,0.0,6.8165,1.0,0.0,0.0,0.0,0.0
1637,774.85,766.8,1502.5,926.65,159.85,21.7276,0.663,0.0,-766.8,0.0,6.8165,0.0,-766.8,0.0,6.8165,1.0,0.0,0.0,0.0,0.0
1638,775.1,759.45,1492.4,946.95,187.5,25.5816,0.5921,0.0,-759.45,0.0,6.8165,0.0,-759.45,0.0,6.8165,1.0,0.0,0.0,0.0,0.0
1639,775.35,773.5,1494.2,938.7,165.2,22.9222,0.6397,0.0,-773.5,0.0,6.8165,0.0,-773.5,0.0,6.8165,1.0,0.0,0.0,0.0,0.0
1640,775.6,769.05,1462.15,930.55,161.5,23.3011,0.6326,0.0,-769.05,0.0,6.8165,0.0,-769.05,0.0,6.8165,1.0,0.0,0.0,0.0,0.0
1641,775.85,768.8,1479.65,938.1,169.3,23.8166,0.6231,0.0,-768.8,0.0,6.8165,0.0,-768.8,0.0,6.8165,1.0,0.0,0.0,0.0,0.0
1642,776.11,774.4,1458.25,944.6,170.2,24.8885,0.604,0.0,-774.4,0.0,6.8165,0.0,-774.4,0.0,6.8165,1.0,0.0,0.0,0.0,0.0
1643,776.36,762.8,1460.55,911.3,148.5,21.2827,0.672,0.0,-762.8,0.0,6.8165,0.0,-762.8,0.0,6.8165,1.0,0.0,0.0,0.0,0.0
1644,776.61,762.9,1445.9,924.25,161.35,23.6237,0.6267,0.0,-762.9,0.0,6.8165,0.0,-762.9,0.0,6.8165,1.0,0.0,0.0,0.0,0.0
1645,776.86,772.3,1438.45,932.5,160.2,24.0486,0.6189,0.0,-772.3,0.0,6.8165,0.0,-772.3,0.0,6.8165,1.0,0.0,0.0,0.0,0.0
1646,777.11,776.7,1414.65,921.1,144.4,22.635,0.6452,0.0,-776.7,0.0,6.8165,0.0,-776.7,0.0,6.8165,1.0,0.0,0.0,0.0,0.0
1647,777.37,769.4,1424.2,927.9,158.5,24.2059,0.6161,0.0,-769.4,0.0,6.8165,0.0,-769.4,0.0,6.8165,1.0,0.0,0.0,0.0,0.0
1648,777.62,762.75,1408.65,913.55,150.8,23.3473,0.6318,0.0,-762.75,0.0,6.8165,0.0,-762.75,0.0,6.8165,1.0,0.0,0.0,0.0,0.0
1649,777.87,768.4,1411.35,922.9,154.5,24.0299,0.6192,0.0,-768.4,0.0,6.8165,0.0,-768.4,0.0,6.8165,1.0,0.0,0.0,0.0,0.0
1650,778.12,770.55,1411.0,909.8,139.25,21.7425,0.6627,0.0,-770.55,0.0,6.8165,0.0,-770.55,0.0,6.8165,1.0,0.0,0.0,0.0,0.0
1651,778.37,777.4,1412.4,901.95,124.55,19.6142,0.7074,0.0,-777.4,0.0,6.8165,0.0,-777.4,0.0,6.8165,1.0,0.0,0.0,0.0,0.0
1652,778.62,754.1,1402.7,905.95,151.85,23.412,0.6306,0.0,-754.1,0.0,6.8165,0.0,-754.1,0.0,6.8165,1.0,0.0,0.0,0.0,0.0
1653,778.87,761.7,1397.85,898.65,136.95,21.5279,0.667,0.0,-761.7,0.0,6.8165,0.0,-761.7,0.0,6.8165,1.0,0.0,0.0,0.0,0.0
1654,779.12,764.15,1390.6,901.65,137.5,21.9491,0.6586,0.0,-764.15,0.0,6.8165,0.0,-764.15,0.0,6.8165,1.0,0.0,0.0,0.0,0.0
1655,779.38,760.95,1387.05,907.85,146.9,23.4627,0.6296,0.0,-760.95,0.0,6.8165,0.0,-760.95,0.0,6.8165,1.0,0.0,0.0,0.0,0.0
1656,779.63,781.3,1386.5,906.9,125.6,20.7535,0.6829,0.0,-781.3,0.0,6.8165,0.0,-781.3,0.0,6.8165,1.0,0.0,0.0,0.0,0.0
1657,779.88,767.15,1391.2,898.9,131.75,21.1121,0.6755,0.0,-767.15,0.0,6.8165,0.0,-767.15,0.0,6.8165,1.0,0.0,0.0,0.0,0.0
1658,780.13,760.15,1389.8,896.85,136.7,21.7105,0.6633,0.0,-760.15,0.0,6.8165,0.0,-760.15,0.0,6.8165,1.0,0.0,0.0,0.0,0.0
1659,780.38,762.0,1382.6,897.25,135.25,21.7934,0.6617,0.0,-762.0,0.0,6.8165,0.0,-762.0,0.0,6.8165,1.0,0.0,0.0,0.0,0.0
1660,780.63,764.1,1364.8,905.5,141.4,23.5392,0.6282,0.0,-764.1,0.0,6.8165,0.0,-764.1,0.0,6.8165,1.0,0.0,0.0,0.0,0.0
1661,780.88,769.0,1371.75,907.6,138.6,22.9946,0.6384,0.0,-769.0,0.0,6.8165,0.0,-769.0,0.0,6.8165,1.0,0.0,0.0,0.0,0.0
1662,781.13,770.25,1381.85,890.7,120.45,19.6942,0.7057,0.0,-770.25,0.0,6.8165,0.0,-770.25,0.0,6.8165,1.0,0.0,0.0,0.0,0.0
1663,781.38,751.35,1397.65,895.55,144.2,22.3116,0.6515,0.0,-751.35,0.0,6.8165,0.0,-751.35,0.0,6.8165,1.0,0.0,0.0,0.0,0.0
1664,781.63,770.05,1360.25,906.2,136.15,23.0685,0.637,0.0,-770.05,0.0,6.8165,0.0,-770.05,0.0,6.8165,1.0,0.0,0.0,0.0,0.0
1665,781.88,761.85,1363.2,896.3,134.45,22.358,0.6506,0.0,-761.85,0.0,6.8165,0.0,-761.85,0.0,6.8165,1.0,0.0,0.0,0.0,0.0
1666,782.13,767.9,1363.1,904.6,136.7,22.9671,0.6389,0.0,-767.9,0.0,6.8165,0.0,-767.9,0.0,6.8165,1.0,0.0,0.0,0.0,0.0
1667,782.38,747.55,1367.25,895.3,147.75,23.8422,0.6227,0.0,-747.55,0.0,6.8165,0.0,-747.55,0.0,6.8165,1.0,0.0,0.0,0.0,0.0
1668,782.63,771.85,1372.25,907.55,135.7,22.6016,0.6459,0.0,-771.85,0.0,6.8165,0.0,-771.85,0.0,6.8165,1.0,0.0,0.0,0.0,0.0
1669,782.88,767.35,1371.7,908.15,140.8,23.2978,0.6327,0.0,-767.35,0.0,6.8165,0.0,-767.35,0.0,6.8165,1.0,0.0,0.0,0.0,0.0
1670,783.13,767.75,1357.4,901.35,133.6,22.6575,0.6448,0.0,-767.75,0.0,6.8165,0.0,-767.75,0.0,6.8165,1.0,0.0,0.0,0.0,0.0
1671,783.38,765.15,1369.05,892.8,127.65,21.1376,0.6749,0.0,-765.15,0.0,6.8165,0.0,-765.15,0.0,6.8165,1.0,0.0,0.0,0.0,0.0
1672,783.62,776.35,1370.3,903.0,126.65,21.3233,0.6711,0.0,-776.35,0.0,6.8165,0.0,-776.35,0.0,6.8165,1.0,0.0,0.0,0.0,0.0
1673,783.87,780.85,1374.4,895.0,114.15,19.2317,0.716,0.0,-780.85,0.0,6.8165,0.0,-780.85,0.0,6.8165,1.0,0.0,0.0,0.0,0.0
1674,784.12,779.85,1357.45,908.35,128.5,22.2472,0.6527,0.0,-779.85,0.0,6.8165,0.0,-779.85,0.0,6.8165,1.0,0.0,0.0,0.0,0.0
1675,784.37,772.65,1374.2,891.85,119.2,19.8155,0.703,0.0,-772.65,0.0,6.8165,0.0,-772.65,0.0,6.8165,1.0,0.0,0.0,0.0,0.0
1676,784.62,767.35,1377.85,905.05,137.7,22.5553,0.6468,0.0,-767.35,0.0,6.8165,0.0,-767.35,0.0,6.8165,1.0,0.0,0.0,0.0,0.0
1677,784.87,748.25,1373.55,903.05,154.8,24.7561,0.6063,0.0,-748.25,0.0,6.8165,0.0,-748.25,0.0,6.8165,1.0,0.0,0.0,0.0,0.0
1678,785.12,769.55,1385.1,905.4,135.85,22.0697,0.6562,0.0,-769.55,0.0,6.8165,0.0,-769.55,0.0,6.8165,1.0,0.0,0.0,0.0,0.0
1679,785.37,756.15,1364.95,877.35,121.2,19.908,0.701,0.0,-756.15,0.0,6.8165,0.0,-756.15,0.0,6.8165,1.0,0.0,0.0,0.0,0.0
1680,785.61,766.7,1374.15,890.0,123.3,20.298,0.6925,0.0,-766.7,0.0,6.8165,0.0,-766.7,0.0,6.8165,1.0,0.0,0.0,0.0,0.0
1681,785.86,756.3,1364.3,883.1,126.8,20.8553,0.6808,0.0,-756.3,0.0,6.8165,0.0,-756.3,0.0,6.8165,1.0,0.0,0.0,0.0,0.0
1682,786.11,773.6,1389.8,884.9,111.3,18.0623,0.7432,0.0,-773.6,0.0,6.8165,0.0,-773.6,0.0,6.8165,1.0,0.0,0.0,0.0,0.0
1683,786.36,767.3,1359.3,906.3,139.0,23.4797,0.6293,0.0,-767.3,0.0,6.8165,0.0,-767.3,0.0,6.8165,1.0,0.0,0.0,0.0,0.0
1684,786.61,769.5,1383.35,896.35,126.85,20.6647,0.6848,0.0,-769.5,0.0,6.8165,0.0,-769.5,0.0,6.8165,1.0,0.0,0.0,0.0,0.0
1685,786.85,769.75,1381.8,890.9,121.15,19.7941,0.7035,0.0,-769.75,0.0,6.8165,0.0,-769.75,0.0,6.8165,1.0,0.0,0.0,0.0,0.0
1686,787.1,762.8,1398.8,888.7,125.9,19.7956,0.7034,0.0,-762.8,0.0,6.8165,0.0,-762.8,0.0,6.8165,1.0,0.0,0.0,0.0,0.0
1687,787.35,774.15,1401.2,885.95,111.8,17.8295,0.7489,0.0,-774.15,0.0,6.8165,0.0,-774.15,0.0,6.8165,1.0,0.0,0.0,0.0,0.0
1688,787.6,760.35,1377.6,885.05,124.7,20.2025,0.6946,0.0,-760.35,0.0,6.8165,0.0,-760.35,0.0,6.8165,1.0,0.0,0.0,0.0,0.0
1689,787.84,747.45,1395.95,898.65,151.2,23.3153,0.6324,0.0,-747.45,0.0,6.8165,0.0,-747.45,0.0,6.8165,1.0,0.0,0.0,0.0,0.0
1690,788.09,764.55,1369.8,890.8,126.25,20.8591,0.6807,0.0,-764.55,0.0,6.8165,0.0,-764.55,0.0,6.8165,1.0,0.0,0.0,0.0,0.0
1691,788.34,761.35,1376.9,897.45,136.1,22.1103,0.6554,0.0,-761.35,0.0,6.8165,0.0,-761.35,0.0,6.8165,1.0,0.0,0.0,0.0,0.0
1692,788.59,762.2,1386.35,877.6,115.4,18.4891,0.7331,0.0,-762.2,0.0,6.8165,0.0,-762.2,0.0,6.8165,1.0,0.0,0.0,0.0,0.0
1693,788.83,760.9,1407.05,888.8,127.9,19.7942,0.7035,0.0,-760.9,0.0,6.8165,0.0,-760.9,0.0,6.8165,1.0,0.0,0.0,0.0,0.0
1694,789.08,756.7,1402.25,887.05,130.35,20.1921,0.6948,0.0,-756.7,0.0,6.8165,0.0,-756.7,0.0,6.8165,1.0,0.0,0.0,0.0,0.0
1695,789.33,757.05,1388.3,888.25,131.2,20.7842,0.6823,0.0,-757.05,0.0,6.8165,0.0,-757.05,0.0,6.8165,1.0,0.0,0.0,0.0,0.0
1696,789.57,768.25,1411.5,892.3,124.05,19.2849,0.7148,0.0,-768.25,0.0,6.8165,0.0,-768.25,0.0,6.8165,1.0,0.0,0.0,0.0,0.0
1697,789.82,763.35,1429.9,894.9,131.55,19.736,0.7047,0.0,-763.35,0.0,6.8165,0.0,-763.35,0.0,6.8165,1.0,0.0,0.0,0.0,0.0
1698,790.07,771.5,1423.0,891.7,120.2,18.4497,0.734,0.0,-771.5,0.0,6.8165,0.0,-771.5,0.0,6.8165,1.0,0.0,0.0,0.0,0.0
1699,790.31,768.45,1430.95,893.35,124.9,18.8528,0.7246,0.0,-768.45,0.0,6.8165,0.0,-768.45,0.0,6.8165,1.0,0.0,0.0,0.0,0.0
1700,790.56,760.3,1419.7,886.3,126.0,19.1083,0.7188,0.0,-760.3,0.0,6.8165,0.0,-760.3,0.0,6.8165,1.0,0.0,0.0,0.0,0.0
1701,790.8,757.2,1416.8,896.65,139.45,21.1416,0.6749,0.0,-757.2,0.0,6.8165,0.0,-757.2,0.0,6.8165,1.0,0.0,0.0,0.0,0.0
1702,791.05,759.05,1408.9,895.25,136.2,20.9587,0.6786,0.0,-759.05,0.0,6.8165,0.0,-759.05,0.0,6.8165,1.0,0.0,0.0,0.0,0.0
1703,791.3,767.75,1413.95,902.05,134.3,20.783,0.6823,0.0,-767.75,0.0,6.8165,0.0,-767.75,0.0,6.8165,1.0,0.0,0.0,0.0,0.0
1704,791.54,761.2,1399.5,905.15,143.95,22.5521,0.6468,0.0,-761.2,0.0,6.8165,0.0,-761.2,0.0,6.8165,1.0,0.0,0.0,0.0,0.0
1705,791.79,756.75,1386.7,885.65,128.9,20.4619,0.6891,0.0,-756.75,0.0,6.8165,0.0,-756.75,0.0,6.8165,1.0,0.0,0.0,0.0,0.0
1706,792.03,750.5,1388.3,885.45,134.95,21.1587,0.6745,0.0,-750.5,0.0,6.8165,0.0,-750.5,0.0,6.8165,1.0,0.0,0.0,0.0,0.0
1707,792.28,769.6,1367.05,897.05,127.45,21.3323,0.671,0.0,-769.6,0.0,6.8165,0.0,-769.6,0.0,6.8165,1.0,0.0,0.0,0.0,0.0
1708,792.53,773.85,1367.15,896.9,123.05,20.7399,0.6832,0.0,-773.85,0.0,6.8165,0.0,-773.85,0.0,6.8165,1.0,0.0,0.0,0.0,0.0
1709,792.77,775.3,1358.45,894.65,119.35,20.4664,0.689,0.0,-775.3,0.0,6.8165,0.0,-775.3,0.0,6.8165,1.0,0.0,0.0,0.0,0.0
1710,793.02,763.1,1328.8,898.15,135.05,23.8731,0.6221,0.0,-763.1,0.0,6.8165,0.0,-763.1,0.0,6.8165,1.0,0.0,0.0,0.0,0.0
1711,793.26,759.15,1335.9,892.2,133.05,23.0689,0.637,0.0,-759.15,0.0,6.8165,0.0,-759.15,0.0,6.8165,1.0,0.0,0.0,0.0,0.0
1712,793.51,766.15,1312.8,889.45,123.3,22.5556,0.6467,0.0,-766.15,0.0,6.8165,0.0,-766.15,0.0,6.8165,1.0,0.0,0.0,0.0,0.0
1713,793.75,771.55,1289.8,891.45,119.9,23.1356,0.6357,0.0,-771.55,0.0,6.8165,0.0,-771.55,0.0,6.8165,1.0,0.0,0.0,0.0,0.0
1714,794.0,761.15,1306.7,880.75,119.6,21.9228,0.6591,0.0,-761.15,0.0,6.8165,0.0,-761.15,0.0,6.8165,1.0,0.0,0.0,0.0,0.0
1715,794.24,762.5,1309.05,872.35,109.85,20.0988,0.6968,0.0,-762.5,0.0,6.8165,0.0,-762.5,0.0,6.8165,1.0,0.0,0.0,0.0,0.0
1716,794.49,772.35,1289.9,872.0,99.65,19.2542,0.7155,0.0,-772.35,0.0,6.8165,0.0,-772.35,0.0,6.8165,1.0,0.0,0.0,0.0,0.0
1717,794.73,769.5,1263.85,867.2,97.7,19.7633,0.7041,0.0,-769.5,0.0,6.8165,0.0,-769.5,0.0,6.8165,1.0,0.0,0.0,0.0,0.0
1718,794.97,767.25,1272.3,867.8,100.55,19.9089,0.701,0.0,-767.25,0.0,6.8165,0.0,-767.25,0.0,6.8165,1.0,0.0,0.0,0.0,0.0
1719,795.22,754.2,1258.6,858.75,104.55,20.7276,0.6835,0.0,-754.2,0.0,6.8165,0.0,-754.2,0.0,6.8165,1.0,0.0,0.0,0.0,0.0
1720,795.46,767.4,1260.9,865.2,97.8,19.8176,0.7029,0.0,-767.4,0.0,6.8165,0.0,-767.4,0.0,6.8165,1.0,0.0,0.0,0.0,0.0
1721,795.71,769.05,1273.05,875.85,106.8,21.1905,0.6739,0.0,-769.05,0.0,6.8165,0.0,-769.05,0.0,6.8165,1.0,0.0,0.0,0.0,0.0
1722,795.95,764.05,1232.95,859.0,94.95,20.2495,0.6936,0.0,-764.05,0.0,6.8165,0.0,-764.05,0.0,6.8165,1.0,0.0,0.0,0.0,0.0
1723,796.19,761.45,1252.55,862.1,100.65,20.4948,0.6884,0.0,-761.45,0.0,6.8165,0.0,-761.45,0.0,6.8165,1.0,0.0,0.0,0.0,0.0
1724,796.44,760.3,1236.7,879.6,119.3,25.042,0.6013,0.0,-760.3,0.0,6.8165,0.0,-760.3,0.0,6.8165,1.0,0.0,0.0,0.0,0.0
1725,796.68,757.6,1250.35,877.7,120.1,24.3734,0.6131,0.0,-757.6,0.0,6.8165,0.0,-757.6,0.0,6.8165,1.0,0.0,0.0,0.0,0.0
1726,796.93,752.85,1217.05,866.45,113.6,24.4722,0.6113,0.0,-752.85,0.0,6.8165,0.0,-752.85,0.0,6.8165,1.0,0.0,0.0,0.0,0.0
1727,797.17,764.35,1221.75,869.0,104.65,22.8793,0.6406,0.0,-764.35,0.0,6.8165,0.0,-764.35,0.0,6.8165,1.0,0.0,0.0,0.0,0.0
1728,797.41,760.3,1218.7,883.65,123.35,26.9088,0.5701,0.0,-760.3,0.0,6.8165,0.0,-760.3,0.0,6.8165,1.0,0.0,0.0,0.0,0.0
1729,797.66,770.95,1215.3,883.0,112.05,25.2166,0.5983,0.0,-770.95,0.0,6.8165,0.0,-770.95,0.0,6.8165,1.0,0.0,0.0,0.0,0.0
1730,797.9,767.95,1224.75,891.9,123.95,27.1344,0.5665,0.0,-767.95,0.0,6.8165,0.0,-767.95,0.0,6.8165,1.0,0.0,0.0,0.0,0.0
1731,798.14,758.1,1207.45,888.75,130.65,29.0753,0.5365,0.0,-758.1,0.0,6.8165,0.0,-758.1,0.0,6.8165,1.0,0.0,0.0,0.0,0.0
1732,798.39,765.9,1220.85,879.3,113.4,24.9258,0.6034,0.0,-765.9,0.0,6.8165,0.0,-765.9,0.0,6.8165,1.0,0.0,0.0,0.0,0.0
1733,798.63,764.7,1196.95,887.75,123.05,28.4673,0.5457,0.0,-764.7,0.0,6.8165,0.0,-764.7,0.0,6.8165,1.0,0.0,0.0,0.0,0.0
1734,798.87,763.6,1201.7,885.3,121.7,27.779,0.5563,0.0,-763.6,0.0,6.8165,0.0,-763.6,0.0,6.8165,1.0,0.0,0.0,0.0,0.0
1735,799.11,782.05,1196.45,897.95,115.9,27.9681,0.5533,0.0,-782.05,0.0,6.8165,0.0,-782.05,0.0,6.8165,1.0,0.0,0.0,0.0,0.0
1736,799.36,748.2,1191.3,889.7,141.5,31.9341,0.4957,0.0,-748.2,0.0,6.8165,0.0,-748.2,0.0,6.8165,1.0,0.0,0.0,0.0,0.0
1737,799.6,773.65,1185.65,889.4,115.75,28.0947,0.5514,0.0,-773.65,0.0,6.8165,0.0,-773.65,0.0,6.8165,1.0,0.0,0.0,0.0,0.0
1738,799.84,772.4,1187.65,889.45,117.05,28.1878,0.5499,0.0,-772.4,0.0,6.8165,0.0,-772.4,0.0,6.8165,1.0,0.0,0.0,0.0,0.0
1739,800.08,766.9,1196.15,877.25,110.35,25.7076,0.5899,0.0,-766.9,0.0,6.8165,0.0,-766.9,0.0,6.8165,1.0,0.0,0.0,0.0,0.0
1740,800.33,775.6,1182.25,874.15,98.55,24.2346,0.6156,0.0,-775.6,0.0,6.8165,0.0,-775.6,0.0,6.8165,1.0,0.0,0.0,0.0,0.0
1741,800.57,764.45,1187.75,881.55,117.1,27.6636,0.5581,0.0,-764.45,0.0,6.8165,0.0,-764.45,0.0,6.8165,1.0,0.0,0.0,0.0,0.0
1742,800.81,772.25,1181.75,881.75,109.5,26.7399,0.5728,0.0,-772.25,0.0,6.8165,0.0,-772.25,0.0,6.8165,1.0,0.0,0.0,0.0,0.0
1743,801.05,770.9,1181.75,870.65,99.75,24.2789,0.6148,0.0,-770.9,0.0,6.8165,0.0,-770.9,0.0,6.8165,1.0,0.0,0.0,0.0,0.0
1744,801.29,766.4,1194.15,890.6,124.2,29.0357,0.5371,0.0,-766.4,0.0,6.8165,0.0,-766.4,0.0,6.8165,1.0,0.0,0.0,0.0,0.0
1745,801.54,772.1,1175.3,886.2,114.1,28.2986,0.5482,0.0,-772.1,0.0,6.8165,0.0,-772.1,0.0,6.8165,1.0,0.0,0.0,0.0,0.0
1746,801.78,776.0,1173.25,877.05,101.05,25.4374,0.5945,0.0,-776.0,0.0,6.8165,0.0,-776.0,0.0,6.8165,1.0,0.0,0.0,0.0,0.0
1747,802.02,764.75,1162.55,869.55,104.8,26.3449,0.5793,0.0,-764.75,0.0,6.8165,0.0,-764.75,0.0,6.8165,1.0,0.0,0.0,0.0,0.0
1748,802.26,758.05,1166.0,885.55,127.5,31.2538,0.5051,0.0,-758.05,0.0,6.8165,0.0,-758.05,0.0,6.8165,1.0,0.0,0.0,0.0,0.0
1749,802.5,767.65,1179.9,875.55,107.9,26.1734,0.5821,0.0,-767.65,0.0,6.8165,0.0,-767.65,0.0,6.8165,1.0,0.0,0.0,0.0,0.0
1750,802.74,757.35,1174.75,867.7,110.35,26.4375,0.5778,0.0,-757.35,0.0,6.8165,0.0,-757.35,0.0,6.8165,1.0,0.0,0.0,0.0,0.0
1751,802.98,764.6,1163.55,872.6,108.0,27.0711,0.5675,0.0,-764.6,0.0,6.8165,0.0,-764.6,0.0,6.8165,1.0,0.0,0.0,0.0,0.0
1752,803.22,775.9,1162.25,871.4,95.5,24.7185,0.607,0.0,-775.9,0.0,6.8165,0.0,-775.9,0.0,6.8165,1.0,0.0,0.0,0.0,0.0
1753,803.47,750.35,1161.25,875.6,125.25,30.4819,0.516,0.0,-750.35,0.0,6.8165,0.0,-750.35,0.0,6.8165,1.0,0.0,0.0,0.0,0.0
1754,803.71,769.9,1156.1,873.55,103.65,26.8384,0.5712,0.0,-769.9,0.0,6.8165,0.0,-769.9,0.0,6.8165,1.0,0.0,0.0,0.0,0.0
1755,803.95,781.05,1152.8,869.2,88.15,23.7122,0.625,0.0,-781.05,0.0,6.8165,0.0,-781.05,0.0,6.8165,1.0,0.0,0.0,0.0,0.0
1756,804.19,768.65,1159.05,873.5,104.85,26.8571,0.5709,0.0,-768.65,0.0,6.8165,0.0,-768.65,0.0,6.8165,1.0,0.0,0.0,0.0,0.0
1757,804.43,755.3,1145.4,883.9,128.6,32.9659,0.4819,0.0,-755.3,0.0,6.8165,0.0,-755.3,0.0,6.8165,1.0,0.0,0.0,0.0,0.0
1758,804.67,774.15,1149.75,877.25,103.1,27.4494,0.5615,0.0,-774.15,0.0,6.8165,0.0,-774.15,0.0,6.8165,1.0,0.0,0.0,0.0,0.0
1759,804.91,769.6,1173.0,863.6,94.0,23.3019,0.6326,0.0,-769.6,0.0,6.8165,0.0,-769.6,0.0,6.8165,1.0,0.0,0.0,0.0,0.0
1760,805.15,778.4,1152.0,877.9,99.5,26.6328,0.5746,0.0,-778.4,0.0,6.8165,0.0,-778.4,0.0,6.8165,1.0,0.0,0.0,0.0,0.0
1761,805.39,774.1,1127.6,872.55,98.45,27.8501,0.5552,0.0,-774.1,0.0,6.8165,0.0,-774.1,0.0,6.8165,1.0,0.0,0.0,0.0,0.0
1762,805.63,774.15,1147.7,874.65,100.5,26.904,0.5702,0.0,-774.15,0.0,6.8165,0.0,-774.15,0.0,6.8165,1.0,0.0,0.0,0.0,0.0
1763,805.87,768.15,1142.0,882.45,114.3,30.5738,0.5147,0.0,-768.15,0.0,6.8165,0.0,-768.15,0.0,6.8165,1.0,0.0,0.0,0.0,0.0
1764,806.11,765.75,1147.65,876.3,110.55,28.9474,0.5384,0.0,-765.75,0.0,6.8165,0.0,-765.75,0.0,6.8165,1.0,0.0,0.0,0.0,0.0
1765,806.35,770.5,1145.35,871.35,100.85,26.9041,0.5702,0.0,-770.5,0.0,6.8165,0.0,-770.5,0.0,6.8165,1.0,0.0,0.0,0.0,0.0
1766,806.59,770.45,1145.9,858.35,87.9,23.4119,0.6306,0.0,-770.45,0.0,6.8165,0.0,-770.45,0.0,6.8165,1.0,0.0,0.0,0.0,0.0
1767,806.83,761.65,1158.3,865.25,103.6,26.1187,0.583,0.0,-761.65,0.0,6.8165,0.0,-761.65,0.0,6.8165,1.0,0.0,0.0,0.0,0.0
1768,807.07,774.3,1150.35,864.05,89.75,23.8665,0.6222,0.0,-774.3,0.0,6.8165,0.0,-774.3,0.0,6.8165,1.0,0.0,0.0,0.0,0.0
1769,807.31,763.65,1137.35,872.15,108.5,29.034,0.5371,0.0,-763.65,0.0,6.8165,0.0,-763.65,0.0,6.8165,1.0,0.0,0.0,0.0,0.0
1770,807.54,762.8,1128.1,859.25,96.45,26.403,0.5783,0.0,-762.8,0.0,6.8165,0.0,-762.8,0.0,6.8165,1.0,0.0,0.0,0.0,0.0
1771,807.78,765.5,1150.05,874.8,109.3,28.4228,0.5463,0.0,-765.5,0.0,6.8165,0.0,-765.5,0.0,6.8165,1.0,0.0,0.0,0.0,0.0
1772,808.02,755.15,1147.35,869.5,114.35,29.156,0.5353,0.0,-755.15,0.0,6.8165,0.0,-755.15,0.0,6.8165,1.0,0.0,0.0,0.0,0.0
1773,808.26,770.8,1153.55,870.55,99.75,26.0614,0.584,0.0,-770.8,0.0,6.8165,0.0,-770.8,0.0,6.8165,1.0,0.0,0.0,0.0,0.0
1774,808.5,762.95,1141.25,864.8,101.85,26.9231,0.5699,0.0,-762.95,0.0,6.8165,0.0,-762.95,0.0,6.8165,1.0,0.0,0.0,0.0,0.0
1775,808.74,760.75,1140.7,855.85,95.1,25.0296,0.6015,0.0,-760.75,0.0,6.8165,0.0,-760.75,0.0,6.8165,1.0,0.0,0.0,0.0,0.0
1776,808.98,756.95,1137.3,864.4,107.45,28.2503,0.549,0.0,-756.95,0.0,6.8165,0.0,-756.95,0.0,6.8165,1.0,0.0,0.0,0.0,0.0
1777,809.22,761.05,1143.4,865.7,104.65,27.3702,0.5627,0.0,-761.05,0.0,6.8165,0.0,-761.05,0.0,6.8165,1.0,0.0,0.0,0.0,0.0
1778,809.45,770.35,1139.1,855.65,85.3,23.1322,0.6358,0.0,-770.35,0.0,6.8165,0.0,-770.35,0.0,6.8165,1.0,0.0,0.0,0.0,0.0
1779,809.69,765.1,1148.35,856.05,90.95,23.7312,0.6247,0.0,-765.1,0.0,6.8165,0.0,-765.1,0.0,6.8165,1.0,0.0,0.0,0.0,0.0
1780,809.93,758.05,1130.65,869.5,111.45,29.9114,0.5242,0.0,-758.05,0.0,6.8165,0.0,-758.05,0.0,6.8165,1.0,0.0,0.0,0.0,0.0
1781,810.17,760.55,1138.45,852.6,92.05,24.3583,0.6134,0.0,-760.55,0.0,6.8165,0.0,-760.55,0.0,6.8165,1.0,0.0,0.0,0.0,0.0
1782,810.41,764.25,1158.15,864.4,100.15,25.4252,0.5947,0.0,-764.25,0.0,6.8165,0.0,-764.25,0.0,6.8165,1.0,0.0,0.0,0.0,0.0
1783,810.64,766.1,1149.0,846.9,80.8,21.1021,0.6757,0.0,-766.1,0.0,6.8165,0.0,-766.1,0.0,6.8165,1.0,0.0,0.0,0.0,0.0
1784,810.88,772.2,1148.55,860.45,88.25,23.4489,0.6299,0.0,-772.2,0.0,6.8165,0.0,-772.2,0.0,6.8165,1.0,0.0,0.0,0.0,0.0
1785,811.12,764.7,1163.5,865.0,100.3,25.1505,0.5995,0.0,-764.7,0.0,6.8165,0.0,-764.7,0.0,6.8165,1.0,0.0,0.0,0.0,0.0
1786,811.36,770.15,1152.6,858.45,88.3,23.088,0.6366,0.0,-770.15,0.0,6.8165,0.0,-770.15,0.0,6.8165,1.0,0.0,0.0,0.0,0.0
1787,811.59,766.15,1146.5,861.55,95.4,25.0822,0.6006,0.0,-766.15,0.0,6.8165,0.0,-766.15,0.0,6.8165,1.0,0.0,0.0,0.0,0.0
1788,811.83,772.2,1152.9,861.6,89.4,23.4831,0.6292,0.0,-772.2,0.0,6.8165,0.0,-772.2,0.0,6.8165,1.0,0.0,0.0,0.0,0.0
1789,812.07,768.4,1152.65,875.45,107.05,27.8595,0.555,0.0,-768.4,0.0,6.8165,0.0,-768.4,0.0,6.8165,1.0,0.0,0.0,0.0,0.0
1790,812.31,772.15,1159.1,867.3,95.15,24.5897,0.6092,0.0,-772.15,0.0,6.8165,0.0,-772.15,0.0,6.8165,1.0,0.0,0.0,0.0,0.0
1791,812.54,772.2,1161.75,864.75,92.55,23.7582,0.6242,0.0,-772.2,0.0,6.8165,0.0,-772.2,0.0,6.8165,1.0,0.0,0.0,0.0,0.0
1792,812.78,766.95,1172.25,871.55,104.6,25.808,0.5882,0.0,-766.95,0.0,6.8165,0.0,-766.95,0.0,6.8165,1.0,0.0,0.0,0.0,0.0
1793,813.02,765.65,1159.75,880.9,115.25,29.2438,0.534,0.0,-765.65,0.0,6.8165,0.0,-765.65,0.0,6.8165,1.0,0.0,0.0,0.0,0.0
1794,813.25,759.3,1155.95,865.45,106.15,26.7616,0.5725,0.0,-759.3,0.0,6.8165,0.0,-759.3,0.0,6.8165,1.0,0.0,0.0,0.0,0.0
1795,813.49,762.7,1192.95,866.2,103.5,24.0558,0.6188,0.0,-762.7,0.0,6.8165,0.0,-762.7,0.0,6.8165,1.0,0.0,0.0,0.0,0.0
1796,813.73,766.6,1184.25,852.25,85.65,20.5076,0.6881,0.0,-766.6,0.0,6.8165,0.0,-766.6,0.0,6.8165,1.0,0.0,0.0,0.0,0.0
1797,813.96,777.15,1163.45,855.05,77.9,20.1657,0.6954,0.0,-777.15,0.0,6.8165,0.0,-777.15,0.0,6.8165,1.0,0.0,0.0,0.0,0.0
1798,814.2,776.45,1177.25,868.1,91.65,22.8668,0.6408,0.0,-776.45,0.0,6.8165,0.0,-776.45,0.0,6.8165,1.0,0.0,0.0,0.0,0.0
1799,814.44,776.6,1169.05,857.6,81.0,20.6396,0.6853,0.0,-776.6,0.0,6.8165,0.0,-776.6,0.0,6.8165,1.0,0.0,0.0,0.0,0.0
1800,814.67,762.35,1169.85,858.4,96.05,23.5706,0.6276,0.0,-762.35,0.0,6.8165,0.0,-762.35,0.0,6.8165,1.0,0.0,0.0,0.0,0.0
1801,814.91,761.4,1168.95,865.15,103.75,25.457,0.5942,0.0,-761.4,0.0,6.8165,0.0,-761.4,0.0,6.8165,1.0,0.0,0.0,0.0,0.0
1802,815.14,763.6,1180.05,858.25,94.65,22.7278,0.6434,0.0,-763.6,0.0,6.8165,0.0,-763.6,0.0,6.8165,1.0,0.0,0.0,0.0,0.0
1803,815.38,753.35,1169.75,857.35,104.0,24.976,0.6025,0.0,-753.35,0.0,6.8165,0.0,-753.35,0.0,6.8165,1.0,0.0,0.0,0.0,0.0
1804,815.61,759.9,1185.15,865.25,105.35,24.7737,0.606,0.0,-759.9,0.0,6.8165,0.0,-759.9,0.0,6.8165,1.0,0.0,0.0,0.0,0.0
1805,815.85,767.7,1148.25,848.55,80.85,21.2456,0.6727,0.0,-767.7,0.0,6.8165,0.0,-767.7,0.0,6.8165,1.0,0.0,0.0,0.0,0.0
1806,816.09,772.85,1185.5,857.85,85.0,20.5986,0.6862,0.0,-772.85,0.0,6.8165,0.0,-772.85,0.0,6.8165,1.0,0.0,0.0,0.0,0.0
1807,816.32,760.1,1186.85,847.6,87.5,20.5038,0.6882,0.0,-760.1,0.0,6.8165,0.0,-760.1,0.0,6.8165,1.0,0.0,0.0,0.0,0.0
1808,816.56,773.1,1186.15,852.25,79.15,19.1623,0.7176,0.0,-773.1,0.0,6.8165,0.0,-773.1,0.0,6.8165,1.0,0.0,0.0,0.0,0.0
1809,816.79,768.95,1183.55,852.75,83.8,20.2123,0.6944,0.0,-768.95,0.0,6.8165,0.0,-768.95,0.0,6.8165,1.0,0.0,0.0,0.0,0.0
1810,817.03,759.95,1187.3,855.55,95.6,22.3704,0.6503,0.0,-759.95,0.0,6.8165,0.0,-759.95,0.0,6.8165,1.0,0.0,0.0,0.0,0.0
1811,817.26,769.85,1195.15,868.4,98.55,23.1719,0.635,0.0,-769.85,0.0,6.8165,0.0,-769.85,0.0,6.8165,1.0,0.0,0.0,0.0,0.0
1812,817.5,769.45,1188.95,850.2,80.75,19.2491,0.7156,0.0,-769.45,0.0,6.8165,0.0,-769.45,0.0,6.8165,1.0,0.0,0.0,0.0,0.0
1813,817.73,783.4,1194.55,872.75,89.35,21.7317,0.6629,0.0,-783.4,0.0,6.8165,0.0,-783.4,0.0,6.8165,1.0,0.0,0.0,0.0,0.0
1814,817.97,752.8,1199.1,863.7,110.9,24.8488,0.6047,0.0,-752.8,0.0,6.8165,0.0,-752.8,0.0,6.8165,1.0,0.0,0.0,0.0,0.0
1815,818.2,780.65,1208.35,857.55,76.9,17.9799,0.7452,0.0,-780.65,0.0,6.8165,0.0,-780.65,0.0,6.8165,1.0,0.0,0.0,0.0,0.0
1816,818.43,753.4,1222.4,858.3,104.9,22.3667,0.6504,0.0,-753.4,0.0,6.8165,0.0,-753.4,0.0,6.8165,1.0,0.0,0.0,0.0,0.0
1817,818.67,765.5,1217.3,858.45,92.95,20.5733,0.6867,0.0,-765.5,0.0,6.8165,0.0,-765.5,0.0,6.8165,1.0,0.0,0.0,0.0,0.0
1818,818.9,764.85,1199.5,862.15,97.3,22.3858,0.65,0.0,-764.85,0.0,6.8165,0.0,-764.85,0.0,6.8165,1.0,0.0,0.0,0.0,0.0
1819,819.14,768.1,1220.3,874.35,106.25,23.4962,0.629,0.0,-768.1,0.0,6.8165,0.0,-768.1,0.0,6.8165,1.0,0.0,0.0,0.0,0.0
1820,819.37,771.0,1211.1,856.4,85.4,19.4047,0.7121,0.0,-771.0,0.0,6.8165,0.0,-771.0,0.0,6.8165,1.0,0.0,0.0,0.0,0.0
1821,819.61,770.8,1230.8,851.85,81.05,17.6196,0.754,0.0,-770.8,0.0,6.8165,0.0,-770.8,0.0,6.8165,1.0,0.0,0.0,0.0,0.0
1822,819.84,770.55,1215.3,851.15,80.6,18.1225,0.7418,0.0,-770.55,0.0,6.8165,0.0,-770.55,0.0,6.8165,1.0,0.0,0.0,0.0,0.0
1823,820.07,760.05,1230.7,854.75,94.7,20.1211,0.6963,0.0,-760.05,0.0,6.8165,0.0,-760.05,0.0,6.8165,1.0,0.0,0.0,0.0,0.0
1824,820.31,772.0,1238.85,861.0,89.0,19.0639,0.7198,0.0,-772.0,0.0,6.8165,0.0,-772.0,0.0,6.8165,1.0,0.0,0.0,0.0,0.0
1825,820.54,760.15,1245.0,856.9,96.75,19.9546,0.7,0.0,-760.15,0.0,6.8165,0.0,-760.15,0.0,6.8165,1.0,0.0,0.0,0.0,0.0
1826,820.77,768.2,1250.6,850.3,82.1,17.0191,0.7691,0.0,-768.2,0.0,6.8165,0.0,-768.2,0.0,6.8165,1.0,0.0,0.0,0.0,0.0
1827,821.01,773.4,1267.0,867.65,94.25,19.0944,0.7191,0.0,-773.4,0.0,6.8165,0.0,-773.4,0.0,6.8165,1.0,0.0,0.0,0.0,0.0
1828,821.24,757.4,1269.3,863.0,105.6,20.629,0.6855,0.0,-757.4,0.0,6.8165,0.0,-757.4,0.0,6.8165,1.0,0.0,0.0,0.0,0.0
1829,821.47,767.25,1287.4,856.45,89.2,17.1489,0.7658,0.0,-767.25,0.0,6.8165,0.0,-767.25,0.0,6.8165,1.0,0.0,0.0,0.0,0.0
1830,821.71,762.05,1310.65,865.0,102.95,18.7659,0.7266,0.0,-762.05,0.0,6.8165,0.0,-762.05,0.0,6.8165,1.0,0.0,0.0,0.0,0.0
1831,821.94,778.15,1325.85,839.15,61.0,11.1375,0.9532,0.0,-778.15,0.0,6.8165,0.0,-778.15,0.0,6.8165,1.0,0.0,0.0,0.0,0.0
1832,822.17,755.55,1356.1,846.2,90.65,15.0945,0.8212,0.0,-755.55,0.0,6.8165,0.0,-755.55,0.0,6.8165,1.0,0.0,0.0,0.0,0.0
1833,822.4,765.9,1368.5,852.7,86.8,14.4042,0.8415,0.0,-765.9,0.0,6.8165,0.0,-765.9,0.0,6.8165,1.0,0.0,0.0,0.0,0.0
1834,822.64,771.5,1386.3,855.65,84.15,13.6874,0.8637,0.0,-771.5,0.0,6.8165,0.0,-771.5,0.0,6.8165,1.0,0.0,0.0,0.0,0.0
1835,822.87,774.45,1430.7,837.65,63.2,9.6305,1.0164,0.0,-774.45,0.0,6.8165,0.0,-774.45,0.0,6.8165,1.0,0.0,0.0,0.0,0.0
1836,823.1,766.95,1488.3,843.55,76.6,10.619,0.9739,0.0,-766.95,0.0,6.8165,0.0,-766.95,0.0,6.8165,1.0,0.0,0.0,0.0,0.0
1837,823.33,758.9,1537.8,847.35,88.45,11.3558,0.9448,0.0,-758.9,0.0,6.8165,0.0,-758.9,0.0,6.8165,1.0,0.0,0.0,0.0,0.0
1838,823.57,761.3,1585.7,837.7,76.4,9.2673,1.033,0.0,-761.3,0.0,6.8165,0.0,-761.3,0.0,6.8165,1.0,0.0,0.0,0.0,0.0
1839,823.8,760.5,1658.35,844.45,83.95,9.3501,1.0292,0.0,-760.5,0.0,6.8165,0.0,-760.5,0.0,6.8165,1.0,0.0,0.0,0.0,0.0
1840,824.03,776.05,1712.75,854.8,78.75,8.4072,1.0753,0.0,-776.05,0.0,6.8165,0.0,-776.05,0.0,6.8165,1.0,0.0,0.0,0.0,0.0
1841,824.26,766.65,1721.35,842.0,75.35,7.8925,1.1028,0.0,-766.65,0.0,6.8165,0.0,-766.65,0.0,6.8165,1.0,0.0,0.0,0.0,0.0
1842,824.49,775.3,1733.95,833.7,58.4,6.0919,1.2152,0.0,-775.3,0.0,6.8165,0.0,-775.3,0.0,6.8165,1.0,0.0,0.0,0.0,0.0
1843,824.73,761.0,1761.45,856.35,95.35,9.5307,1.0209,0.0,-761.0,0.0,6.8165,0.0,-761.0,0.0,6.8165,1.0,0.0,0.0,0.0,0.0
1844,824.96,755.9,1770.05,853.15,97.25,9.5893,1.0182,0.0,-755.9,0.0,6.8165,0.0,-755.9,0.0,6.8165,1.0,0.0,0.0,0.0,0.0
1845,825.19,766.7,1754.95,869.6,102.9,10.4123,0.9825,0.0,-766.7,0.0,6.8165,0.0,-766.7,0.0,6.8165,1.0,0.0,0.0,0.0,0.0
1846,825.42,773.3,1731.35,853.0,79.7,8.319,1.0799,0.0,-773.3,0.0,6.8165,0.0,-773.3,0.0,6.8165,1.0,0.0,0.0,0.0,0.0
1847,825.65,776.25,1721.0,869.65,93.4,9.8862,1.005,0.0,-776.25,0.0,6.8165,0.0,-776.25,0.0,6.8165,1.0,0.0,0.0,0.0,0.0
1848,825.88,768.25,1651.1,846.7,78.45,8.886,1.0513,0.0,-768.25,0.0,6.8165,0.0,-768.25,0.0,6.8165,1.0,0.0,0.0,0.0,0.0
1849,826.11,774.45,1633.05,854.35,79.9,9.3058,1.0312,0.0,-774.45,0.0,6.8165,0.0,-774.45,0.0,6.8165,1.0,0.0,0.0,0.0,0.0
1850,826.34,789.6,1608.15,867.65,78.05,9.5352,1.0207,0.0,-789.6,0.0,6.8165,0.0,-789.6,0.0,6.8165,1.0,0.0,0.0,0.0,0.0
1851,826.57,769.15,1580.75,869.95,100.8,12.4199,0.9059,0.0,-769.15,0.0,6.8165,0.0,-769.15,0.0,6.8165,1.0,0.0,0.0,0.0,0.0
1852,826.81,754.9,1537.45,855.7,100.8,12.881,0.8901,0.0,-754.9,0.0,6.8165,0.0,-754.9,0.0,6.8165,1.0,0.0,0.0,0.0,0.0
1853,827.04,758.6,1520.5,855.8,97.2,12.7576,0.8942,0.0,-758.6,0.0,6.8165,0.0,-758.6,0.0,6.8165,1.0,0.0,0.0,0.0,0.0
1854,827.27,759.1,1519.65,857.35,98.25,12.9183,0.8888,0.0,-759.1,0.0,6.8165,0.0,-759.1,0.0,6.8165,1.0,0.0,0.0,0.0,0.0
1855,827.5,769.75,1497.7,848.3,78.55,10.7906,0.967,0.0,-769.75,0.0,6.8165,0.0,-769.75,0.0,6.8165,1.0,0.0,0.0,0.0,0.0
1856,827.73,766.65,1474.35,857.95,91.3,12.9009,0.8894,0.0,-766.65,0.0,6.8165,0.0,-766.65,0.0,6.8165,1.0,0.0,0.0,0.0,0.0
1857,827.96,766.7,1483.25,859.75,93.05,12.9858,0.8865,0.0,-766.7,0.0,6.8165,0.0,-766.7,0.0,6.8165,1.0,0.0,0.0,0.0,0.0
1858,828.19,766.0,1470.1,832.2,66.2,9.4021,1.0268,0.0,-766.0,0.0,6.8165,0.0,-766.0,0.0,6.8165,1.0,0.0,0.0,0.0,0.0
1859,828.42,766.4,1499.05,853.6,87.2,11.902,0.9244,0.0,-766.4,0.0,6.8165,0.0,-766.4,0.0,6.8165,1.0,0.0,0.0,0.0,0.0
1860,828.65,770.65,1537.25,859.0,88.35,11.5249,0.9384,0.0,-770.65,0.0,6.8165,0.0,-770.65,0.0,6.8165,1.0,0.0,0.0,0.0,0.0
1861,828.88,773.2,1535.5,847.2,74.0,9.7075,1.0129,0.0,-773.2,0.0,6.8165,0.0,-773.2,0.0,6.8165,1.0,0.0,0.0,0.0,0.0
1862,829.11,772.55,1553.95,848.7,76.15,9.7453,1.0112,0.0,-772.55,0.0,6.8165,0.0,-772.55,0.0,6.8165,1.0,0.0,0.0,0.0,0.0
1863,829.34,772.9,1546.55,871.6,98.7,12.7577,0.8942,0.0,-772.9,0.0,6.8165,0.0,-772.9,0.0,6.8165,1.0,0.0,0.0,0.0,0.0
1864,829.57,773.8,1537.05,852.6,78.8,10.3243,0.9861,0.0,-773.8,0.0,6.8165,0.0,-773.8,0.0,6.8165,1.0,0.0,0.0,0.0,0.0
1865,829.8,761.75,1505.35,863.15,101.4,13.6364,0.8653,0.0,-761.75,0.0,6.8165,0.0,-761.75,0.0,6.8165,1.0,0.0,0.0,0.0,0.0
1866,830.03,769.15,1485.2,866.0,96.85,13.5256,0.8688,0.0,-769.15,0.0,6.8165,0.0,-769.15,0.0,6.8165,1.0,0.0,0.0,0.0,0.0
1867,830.25,769.75,1456.15,881.5,111.75,16.2806,0.7883,0.0,-769.75,0.0,6.8165,0.0,-769.75,0.0,6.8165,1.0,0.0,0.0,0.0,0.0
1868,830.48,773.2,1430.45,853.55,80.35,12.2252,0.9127,0.0,-773.2,0.0,6.8165,0.0,-773.2,0.0,6.8165,1.0,0.0,0.0,0.0,0.0
1869,830.71,753.3,1397.4,858.35,105.05,16.3096,0.7876,0.0,-753.3,0.0,6.8165,0.0,-753.3,0.0,6.8165,1.0,0.0,0.0,0.0,0.0
1870,830.94,752.65,1373.35,848.2,95.55,15.3939,0.8127,0.0,-752.65,0.0,6.8165,0.0,-752.65,0.0,6.8165,1.0,0.0,0.0,0.0,0.0
1871,831.17,765.7,1350.85,854.8,89.1,15.2269,0.8174,0.0,-765.7,0.0,6.8165,0.0,-765.7,0.0,6.8165,1.0,0.0,0.0,0.0,0.0
1872,831.4,763.75,1327.15,850.8,87.05,15.4508,0.811,0.0,-763.75,0.0,6.8165,0.0,-763.75,0.0,6.8165,1.0,0.0,0.0,0.0,0.0
1873,831.63,763.5,1311.2,849.7,86.2,15.7385,0.803,0.0,-763.5,0.0,6.8165,0.0,-763.5,0.0,6.8165,1.0,0.0,0.0,0.0,0.0
1874,831.86,761.9,1285.45,855.8,93.9,17.9352,0.7463,0.0,-761.9,0.0,6.8165,0.0,-761.9,0.0,6.8165,1.0,0.0,0.0,0.0,0.0
1875,832.08,760.15,1285.0,865.35,105.2,20.0438,0.698,0.0,-760.15,0.0,6.8165,0.0,-760.15,0.0,6.8165,1.0,0.0,0.0,0.0,0.0
1876,832.31,758.35,1261.7,841.5,83.15,16.5193,0.782,0.0,-758.35,0.0,6.8165,0.0,-758.35,0.0,6.8165,1.0,0.0,0.0,0.0,0.0
1877,832.54,768.3,1282.1,855.95,87.65,17.0592,0.768,0.0,-768.3,0.0,6.8165,0.0,-768.3,0.0,6.8165,1.0,0.0,0.0,0.0,0.0
1878,832.77,756.7,1240.95,862.85,106.15,21.9205,0.6591,0.0,-756.7,0.0,6.8165,0.0,-756.7,0.0,6.8165,1.0,0.0,0.0,0.0,0.0
1879,833.0,765.95,1239.45,865.25,99.3,20.9715,0.6784,0.0,-765.95,0.0,6.8165,0.0,-765.95,0.0,6.8165,1.0,0.0,0.0,0.0,0.0
1880,833.22,770.8,1246.35,852.15,81.35,17.1065,0.7668,0.0,-770.8,0.0,6.8165,0.0,-770.8,0.0,6.8165,1.0,0.0,0.0,0.0,0.0
1881,833.45,764.85,1233.45,842.55,77.7,16.5813,0.7804,0.0,-764.85,0.0,6.8165,0.0,-764.85,0.0,6.8165,1.0,0.0,0.0,0.0,0.0
1882,833.68,771.45,1246.0,859.4,87.95,18.5333,0.732,0.0,-771.45,0.0,6.8165,0.0,-771.45,0.0,6.8165,1.0,0.0,0.0,0.0,0.0
1883,833.91,762.5,1250.85,840.05,77.55,15.88,0.7991,0.0,-762.5,0.0,6.8165,0.0,-762.5,0.0,6.8165,1.0,0.0,0.0,0.0,0.0
1884,834.13,770.7,1253.65,847.4,76.7,15.8816,0.7991,0.0,-770.7,0.0,6.8165,0.0,-770.7,0.0,6.8165,1.0,0.0,0.0,0.0,0.0
1885,834.36,759.9,1263.25,846.7,86.8,17.2445,0.7634,0.0,-759.9,0.0,6.8165,0.0,-759.9,0.0,6.8165,1.0,0.0,0.0,0.0,0.0
1886,834.59,760.4,1264.25,841.3,80.9,16.0564,0.7944,0.0,-760.4,0.0,6.8165,0.0,-760.4,0.0,6.8165,1.0,0.0,0.0,0.0,0.0
1887,834.82,752.75,1259.5,848.6,95.85,18.9147,0.7232,0.0,-752.75,0.0,6.8165,0.0,-752.75,0.0,6.8165,1.0,0.0,0.0,0.0,0.0
1888,835.04,758.55,1295.35,837.75,79.2,14.7541,0.8311,0.0,-758.55,0.0,6.8165,0.0,-758.55,0.0,6.8165,1.0,0.0,0.0,0.0,0.0
1889,835.27,767.6,1313.05,829.35,61.75,11.3209,0.9461,0.0,-767.6,0.0,6.8165,0.0,-767.6,0.0,6.8165,1.0,0.0,0.0,0.0,0.0
1890,835.5,766.35,1330.2,836.55,70.2,12.4501,0.9048,0.0,-766.35,0.0,6.8165,0.0,-766.35,0.0,6.8165,1.0,0.0,0.0,0.0,0.0
1891,835.72,759.55,1330.25,857.25,97.7,17.1193,0.7665,0.0,-759.55,0.0,6.8165,0.0,-759.55,0.0,6.8165,1.0,0.0,0.0,0.0,0.0
1892,835.95,767.95,1328.95,853.6,85.65,15.2674,0.8162,0.0,-767.95,0.0,6.8165,0.0,-767.95,0.0,6.8165,1.0,0.0,0.0,0.0,0.0
1893,836.18,750.15,1331.25,856.3,106.15,18.2671,0.7383,0.0,-750.15,0.0,6.8165,0.0,-750.15,0.0,6.8165,1.0,0.0,0.0,0.0,0.0
1894,836.4,767.3,1314.9,851.8,84.5,15.431,0.8116,0.0,-767.3,0.0,6.8165,0.0,-767.3,0.0,6.8165,1.0,0.0,0.0,0.0,0.0
1895,836.63,767.45,1316.95,852.0,84.55,15.3867,0.8129,0.0,-767.45,0.0,6.8165,0.0,-767.45,0.0,6.8165,1.0,0.0,0.0,0.0,0.0
1896,836.86,767.9,1296.2,841.05,73.15,13.8463,0.8587,0.0,-767.9,0.0,6.8165,0.0,-767.9,0.0,6.8165,1.0,0.0,0.0,0.0,0.0
1897,837.08,766.15,1294.25,833.45,67.3,12.7438,0.8947,0.0,-766.15,0.0,6.8165,0.0,-766.15,0.0,6.8165,1.0,0.0,0.0,0.0,0.0
1898,837.31,757.25,1285.3,856.1,98.85,18.7198,0.7277,0.0,-757.25,0.0,6.8165,0.0,-757.25,0.0,6.8165,1.0,0.0,0.0,0.0,0.0
1899,837.53,764.35,1282.7,845.0,80.65,15.559,0.808,0.0,-764.35,0.0,6.8165,0.0,-764.35,0.0,6.8165,1.0,0.0,0.0,0.0,0.0
1900,837.76,763.7,1267.0,851.0,87.3,17.3455,0.7608,0.0,-763.7,0.0,6.8165,0.0,-763.7,0.0,6.8165,1.0,0.0,0.0,0.0,0.0
1901,837.99,766.0,1252.3,850.95,84.95,17.4686,0.7577,0.0,-766.0,0.0,6.8165,0.0,-766.0,0.0,6.8165,1.0,0.0,0.0,0.0,0.0
1902,838.21,769.25,1255.5,842.35,73.1,15.0334,0.8229,0.0,-769.25,0.0,6.8165,0.0,-769.25,0.0,6.8165,1.0,0.0,0.0,0.0,0.0
1903,838.44,764.2,1230.6,847.95,83.75,17.9567,0.7458,0.0,-764.2,0.0,6.8165,0.0,-764.2,0.0,6.8165,1.0,0.0,0.0,0.0,0.0
1904,838.66,756.65,1230.5,850.7,94.05,19.8481,0.7023,0.0,-756.65,0.0,6.8165,0.0,-756.65,0.0,6.8165,1.0,0.0,0.0,0.0,0.0
1905,838.89,750.35,1217.0,840.75,90.4,19.3721,0.7128,0.0,-750.35,0.0,6.8165,0.0,-750.35,0.0,6.8165,1.0,0.0,0.0,0.0,0.0
1906,839.11,761.15,1204.85,845.65,84.5,19.0444,0.7202,0.0,-761.15,0.0,6.8165,0.0,-761.15,0.0,6.8165,1.0,0.0,0.0,0.0,0.0
1907,839.34,772.9,1187.2,851.05,78.15,18.8631,0.7244,0.0,-772.9,0.0,6.8165,0.0,-772.9,0.0,6.8165,1.0,0.0,0.0,0.0,0.0
1908,839.56,760.75,1185.25,853.6,92.85,21.8728,0.6601,0.0,-760.75,0.0,6.8165,0.0,-760.75,0.0,6.8165,1.0,0.0,0.0,0.0,0.0
1909,839.79,765.0,1192.65,844.2,79.2,18.5198,0.7324,0.0,-765.0,0.0,6.8165,0.0,-765.0,0.0,6.8165,1.0,0.0,0.0,0.0,0.0
1910,840.01,759.55,1186.55,839.05,79.5,18.6183,0.7301,0.0,-759.55,0.0,6.8165,0.0,-759.55,0.0,6.8165,1.0,0.0,0.0,0.0,0.0
1911,840.24,757.85,1190.55,843.2,85.35,19.725,0.705,0.0,-757.85,0.0,6.8165,0.0,-757.85,0.0,6.8165,1.0,0.0,0.0,0.0,0.0
1912,840.46,761.95,1195.9,852.95,91.0,20.9702,0.6784,0.0,-761.95,0.0,6.8165,0.0,-761.95,0.0,6.8165,1.0,0.0,0.0,0.0,0.0
1913,840.69,767.65,1186.9,851.1,83.45,19.9046,0.701,0.0,-767.65,0.0,6.8165,0.0,-767.65,0.0,6.8165,1.0,0.0,0.0,0.0,0.0
1914,840.91,765.2,1198.7,860.3,95.1,21.9377,0.6588,0.0,-765.2,0.0,6.8165,0.0,-765.2,0.0,6.8165,1.0,0.0,0.0,0.0,0.0
1915,841.13,770.65,1169.55,847.4,76.75,19.2404,0.7158,0.0,-770.65,0.0,6.8165,0.0,-770.65,0.0,6.8165,1.0,0.0,0.0,0.0,0.0
1916,841.36,764.55,1205.3,846.4,81.85,18.5706,0.7312,0.0,-764.55,0.0,6.8165,0.0,-764.55,0.0,6.8165,1.0,0.0,0.0,0.0,0.0
1917,841.58,783.65,1206.3,849.1,65.45,15.4856,0.8101,0.0,-783.65,0.0,6.8165,0.0,-783.65,0.0,6.8165,1.0,0.0,0.0,0.0,0.0
1918,841.81,772.75,1207.5,855.35,82.6,18.9994,0.7213,0.0,-772.75,0.0,6.8165,0.0,-772.75,0.0,6.8165,1.0,0.0,0.0,0.0,0.0
1919,842.03,765.35,1224.05,847.0,81.65,17.8003,0.7496,0.0,-765.35,0.0,6.8165,0.0,-765.35,0.0,6.8165,1.0,0.0,0.0,0.0,0.0
1920,842.25,760.2,1222.05,855.7,95.5,20.6777,0.6845,0.0,-760.2,0.0,6.8165,0.0,-760.2,0.0,6.8165,1.0,0.0,0.0,0.0,0.0
1921,842.48,775.1,1216.5,854.3,79.2,17.9429,0.7461,0.0,-775.1,0.0,6.8165,0.0,-775.1,0.0,6.8165,1.0,0.0,0.0,0.0,0.0
1922,842.7,762.0,1211.85,846.4,84.4,18.7618,0.7267,0.0,-762.0,0.0,6.8165,0.0,-762.0,0.0,6.8165,1.0,0.0,0.0,0.0,0.0
1923,842.92,760.6,1229.3,845.35,84.75,18.0819,0.7428,0.0,-760.6,0.0,6.8165,0.0,-760.6,0.0,6.8165,1.0,0.0,0.0,0.0,0.0
1924,843.15,770.15,1217.25,841.25,71.1,15.9025,0.7985,0.0,-770.15,0.0,6.8165,0.0,-770.15,0.0,6.8165,1.0,0.0,0.0,0.0,0.0
1925,843.37,761.75,1210.95,835.2,73.45,16.3513,0.7864,0.0,-761.75,0.0,6.8165,0.0,-761.75,0.0,6.8165,1.0,0.0,0.0,0.0,0.0
1926,843.59,762.85,1203.9,847.4,84.55,19.1702,0.7174,0.0,-762.85,0.0,6.8165,0.0,-762.85,0.0,6.8165,1.0,0.0,0.0,0.0,0.0
1927,843.82,769.65,1185.9,845.05,75.4,18.1141,0.742,0.0,-769.65,0.0,6.8165,0.0,-769.65,0.0,6.8165,1.0,0.0,0.0,0.0,0.0
1928,844.04,765.75,1177.55,841.6,75.85,18.4191,0.7347,0.0,-765.75,0.0,6.8165,0.0,-765.75,0.0,6.8165,1.0,0.0,0.0,0.0,0.0
1929,844.26,783.05,1171.0,837.95,54.9,14.1513,0.8492,0.0,-783.05,0.0,6.8165,0.0,-783.05,0.0,6.8165,1.0,0.0,0.0,0.0,0.0
1930,844.49,768.95,1174.05,846.3,77.35,19.0941,0.7191,0.0,-768.95,0.0,6.8165,0.0,-768.95,0.0,6.8165,1.0,0.0,0.0,0.0,0.0
1931,844.71,765.75,1182.95,858.45,92.7,22.2196,0.6533,0.0,-765.75,0.0,6.8165,0.0,-765.75,0.0,6.8165,1.0,0.0,0.0,0.0,0.0
1932,844.93,770.4,1158.3,847.45,77.05,19.8634,0.7019,0.0,-770.4,0.0,6.8165,0.0,-770.4,0.0,6.8165,1.0,0.0,0.0,0.0,0.0
1933,845.15,765.8,1172.3,854.3,88.5,21.7712,0.6621,0.0,-765.8,0.0,6.8165,0.0,-765.8,0.0,6.8165,1.0,0.0,0.0,0.0,0.0
1934,845.38,763.65,1149.0,835.3,71.65,18.5935,0.7306,0.0,-763.65,0.0,6.8165,0.0,-763.65,0.0,6.8165,1.0,0.0,0.0,0.0,0.0
1935,845.6,772.85,1131.3,844.4,71.55,19.9609,0.6998,0.0,-772.85,0.0,6.8165,0.0,-772.85,0.0,6.8165,1.0,0.0,0.0,0.0,0.0
1936,845.82,769.5,1166.85,844.4,74.9,18.8499,0.7247,0.0,-769.5,0.0,6.8165,0.0,-769.5,0.0,6.8165,1.0,0.0,0.0,0.0,0.0
1937,846.04,758.2,1152.05,842.95,84.75,21.5183,0.6672,0.0,-758.2,0.0,6.8165,0.0,-758.2,0.0,6.8165,1.0,0.0,0.0,0.0,0.0
1938,846.26,762.2,1126.75,849.35,87.15,23.9062,0.6215,0.0,-762.2,0.0,6.8165,0.0,-762.2,0.0,6.8165,1.0,0.0,0.0,0.0,0.0
1939,846.48,770.85,1144.3,842.5,71.65,19.186,0.717,0.0,-770.85,0.0,6.8165,0.0,-770.85,0.0,6.8165,1.0,0.0,0.0,0.0,0.0
1940,846.71,771.0,1145.8,842.9,71.9,19.1836,0.7171,0.0,-771.0,0.0,6.8165,0.0,-771.0,0.0,6.8165,1.0,0.0,0.0,0.0,0.0
1941,846.93,773.05,1142.35,841.6,68.55,18.5621,0.7314,0.0,-773.05,0.0,6.8165,0.0,-773.05,0.0,6.8165,1.0,0.0,0.0,0.0,0.0
1942,847.15,771.0,1143.9,845.8,74.8,20.059,0.6977,0.0,-771.0,0.0,6.8165,0.0,-771.0,0.0,6.8165,1.0,0.0,0.0,0.0,0.0
1943,847.37,772.2,1129.35,845.1,72.9,20.4116,0.6901,0.0,-772.2,0.0,6.8165,0.0,-772.2,0.0,6.8165,1.0,0.0,0.0,0.0,0.0
1944,847.59,746.75,1127.8,853.7,106.95,28.0672,0.5518,0.0,-746.75,0.0,6.8165,0.0,-746.75,0.0,6.8165,1.0,0.0,0.0,0.0,0.0
1945,847.81,777.3,1132.95,836.75,59.45,16.7159,0.7769,0.0,-777.3,0.0,6.8165,0.0,-777.3,0.0,6.8165,1.0,0.0,0.0,0.0,0.0
1946,848.03,754.35,1138.35,844.15,89.8,23.3854,0.6311,0.0,-754.35,0.0,6.8165,0.0,-754.35,0.0,6.8165,1.0,0.0,0.0,0.0,0.0
1947,848.26,757.25,1135.4,845.8,88.55,23.4166,0.6305,0.0,-757.25,0.0,6.8165,0.0,-757.25,0.0,6.8165,1.0,0.0,0.0,0.0,0.0
1948,848.48,760.4,1123.55,855.2,94.8,26.1049,0.5833,0.0,-760.4,0.0,6.8165,0.0,-760.4,0.0,6.8165,1.0,0.0,0.0,0.0,0.0
1949,848.7,763.3,1120.5,839.35,76.05,21.2906,0.6718,0.0,-763.3,0.0,6.8165,0.0,-763.3,0.0,6.8165,1.0,0.0,0.0,0.0,0.0
1950,848.92,759.9,1113.4,831.95,72.05,20.3819,0.6908,0.0,-759.9,0.0,6.8165,0.0,-759.9,0.0,6.8165,1.0,0.0,0.0,0.0,0.0
1951,849.14,761.95,1119.35,839.65,77.7,21.7403,0.6627,0.0,-761.95,0.0,6.8165,0.0,-761.95,0.0,6.8165,1.0,0.0,0.0,0.0,0.0
1952,849.36,766.4,1130.85,846.25,79.85,21.9097,0.6594,0.0,-766.4,0.0,6.8165,0.0,-766.4,0.0,6.8165,1.0,0.0,0.0,0.0,0.0
1953,849.58,768.3,1130.85,847.6,79.3,21.8728,0.6601,0.0,-768.3,0.0,6.8165,0.0,-768.3,0.0,6.8165,1.0,0.0,0.0,0.0,0.0
1954,849.8,762.9,1125.6,839.4,76.5,21.0918,0.6759,0.0,-762.9,0.0,6.8165,0.0,-762.9,0.0,6.8165,1.0,0.0,0.0,0.0,0.0
1955,850.02,761.35,1115.45,839.55,78.2,22.0842,0.6559,0.0,-761.35,0.0,6.8165,0.0,-761.35,0.0,6.8165,1.0,0.0,0.0,0.0,0.0
1956,850.24,756.5,1122.55,844.0,87.5,23.9038,0.6215,0.0,-756.5,0.0,6.8165,0.0,-756.5,0.0,6.8165,1.0,0.0,0.0,0.0,0.0
1957,850.46,764.15,1123.4,842.2,78.05,21.7258,0.663,0.0,-764.15,0.0,6.8165,0.0,-764.15,0.0,6.8165,1.0,0.0,0.0,0.0,0.0
1958,850.68,751.4,1115.45,835.5,84.1,23.1012,0.6364,0.0,-751.4,0.0,6.8165,0.0,-751.4,0.0,6.8165,1.0,0.0,0.0,0.0,0.0
1959,850.9,769.7,1108.45,848.3,78.6,23.203,0.6345,0.0,-769.7,0.0,6.8165,0.0,-769.7,0.0,6.8165,1.0,0.0,0.0,0.0,0.0
1960,851.12,763.2,1115.6,836.45,73.25,20.786,0.6822,0.0,-763.2,0.0,6.8165,0.0,-763.2,0.0,6.8165,1.0,0.0,0.0,0.0,0.0
1961,851.34,755.0,1111.7,844.0,89.0,24.9509,0.6029,0.0,-755.0,0.0,6.8165,0.0,-755.0,0.0,6.8165,1.0,0.0,0.0,0.0,0.0
1962,851.56,761.35,1102.55,851.9,90.55,26.5387,0.5761,0.0,-761.35,0.0,6.8165,0.0,-761.35,0.0,6.8165,1.0,0.0,0.0,0.0,0.0
1963,851.78,752.1,1113.4,833.45,81.35,22.5159,0.6475,0.0,-752.1,0.0,6.8165,0.0,-752.1,0.0,6.8165,1.0,0.0,0.0,0.0,0.0
1964,852.0,752.4,1098.6,835.6,83.2,24.0324,0.6192,0.0,-752.4,0.0,6.8165,0.0,-752.4,0.0,6.8165,1.0,0.0,0.0,0.0,0.0
1965,852.21,779.65,1097.75,847.0,67.35,21.1726,0.6742,0.0,-779.65,0.0,6.8165,0.0,-779.65,0.0,6.8165,1.0,0.0,0.0,0.0,0.0
1966,852.43,769.55,1103.9,844.25,74.7,22.3419,0.6509,0.0,-769.55,0.0,6.8165,0.0,-769.55,0.0,6.8165,1.0,0.0,0.0,0.0,0.0
1967,852.65,769.05,1092.05,840.0,70.95,21.9659,0.6583,0.0,-769.05,0.0,6.8165,0.0,-769.05,0.0,6.8165,1.0,0.0,0.0,0.0,0.0
1968,852.87,770.8,1110.85,857.75,86.95,25.5698,0.5923,0.0,-770.8,0.0,6.8165,0.0,-770.8,0.0,6.8165,1.0,0.0,0.0,0.0,0.0
1969,853.09,754.25,1106.6,853.35,99.1,28.1254,0.5509,0.0,-754.25,0.0,6.8165,0.0,-754.25,0.0,6.8165,1.0,0.0,0.0,0.0,0.0
1970,853.31,762.45,1111.5,854.8,92.35,26.4575,0.5775,0.0,-762.45,0.0,6.8165,0.0,-762.45,0.0,6.8165,1.0,0.0,0.0,0.0,0.0
1971,853.53,775.05,1110.2,830.9,55.85,16.6642,0.7782,0.0,-775.05,0.0,6.8165,0.0,-775.05,0.0,6.8165,1.0,0.0,0.0,0.0,0.0
1972,853.74,768.15,1097.15,841.9,73.75,22.4164,0.6494,0.0,-768.15,0.0,6.8165,0.0,-768.15,0.0,6.8165,1.0,0.0,0.0,0.0,0.0
1973,853.96,773.0,1085.0,829.35,56.35,18.0609,0.7433,0.0,-773.0,0.0,6.8165,0.0,-773.0,0.0,6.8165,1.0,0.0,0.0,0.0,0.0
1974,854.18,763.2,1101.3,826.55,63.35,18.7371,0.7273,0.0,-763.2,0.0,6.8165,0.0,-763.2,0.0,6.8165,1.0,0.0,0.0,0.0,0.0
1975,854.4,772.35,1083.35,851.25,78.9,25.3698,0.5957,0.0,-772.35,0.0,6.8165,0.0,-772.35,0.0,6.8165,1.0,0.0,0.0,0.0,0.0
1976,854.62,762.4,1099.5,831.45,69.05,20.4835,0.6886,0.0,-762.4,0.0,6.8165,0.0,-762.4,0.0,6.8165,1.0,0.0,0.0,0.0,0.0
1977,854.83,752.2,1092.4,808.9,56.7,16.6667,0.7782,0.0,-752.2,0.0,6.8165,0.0,-752.2,0.0,6.8165,1.0,0.0,0.0,0.0,0.0
1978,855.05,766.15,1077.2,831.2,65.05,20.913,0.6796,0.0,-766.15,0.0,6.8165,0.0,-766.15,0.0,6.8165,1.0,0.0,0.0,0.0,0.0
1979,855.27,749.95,1087.1,813.1,63.15,18.7305,0.7274,0.0,-749.95,0.0,6.8165,0.0,-749.95,0.0,6.8165,1.0,0.0,0.0,0.0,0.0
1980,855.49,765.1,1089.4,838.65,73.55,22.6796,0.6444,0.0,-765.1,0.0,6.8165,0.0,-765.1,0.0,6.8165,1.0,0.0,0.0,0.0,0.0
1981,855.71,766.8,1082.75,824.2,57.4,18.1674,0.7407,0.0,-766.8,0.0,6.8165,0.0,-766.8,0.0,6.8165,1.0,0.0,0.0,0.0,0.0
1982,855.92,773.1,1066.5,838.4,65.3,22.2563,0.6525,0.0,-773.1,0.0,6.8165,0.0,-773.1,0.0,6.8165,1.0,0.0,0.0,0.0,0.0
1983,856.14,765.75,1086.75,819.1,53.35,16.6199,0.7794,0.0,-765.75,0.0,6.8165,0.0,-765.75,0.0,6.8165,1.0,0.0,0.0,0.0,0.0
1984,856.36,764.65,1075.0,823.0,58.35,18.8014,0.7258,0.0,-764.65,0.0,6.8165,0.0,-764.65,0.0,6.8165,1.0,0.0,0.0,0.0,0.0
1985,856.57,764.9,1078.9,831.9,67.0,21.3376,0.6709,0.0,-764.9,0.0,6.8165,0.0,-764.9,0.0,6.8165,1.0,0.0,0.0,0.0,0.0
1986,856.79,766.9,1069.55,822.9,56.0,18.5032,0.7328,0.0,-766.9,0.0,6.8165,0.0,-766.9,0.0,6.8165,1.0,0.0,0.0,0.0,0.0
1987,857.01,770.35,1072.8,838.9,68.55,22.6649,0.6446,0.0,-770.35,0.0,6.8165,0.0,-770.35,0.0,6.8165,1.0,0.0,0.0,0.0,0.0
1988,857.22,766.55,1070.3,837.95,71.4,23.5062,0.6288,0.0,-766.55,0.0,6.8165,0.0,-766.55,0.0,6.8165,1.0,0.0,0.0,0.0,0.0
1989,857.44,768.3,1084.0,840.75,72.45,22.949,0.6392,0.0,-768.3,0.0,6.8165,0.0,-768.3,0.0,6.8165,1.0,0.0,0.0,0.0,0.0
1990,857.66,762.55,1069.95,841.85,79.3,25.797,0.5884,0.0,-762.55,0.0,6.8165,0.0,-762.55,0.0,6.8165,1.0,0.0,0.0,0.0,0.0
1991,857.87,762.9,1058.05,835.15,72.25,24.4791,0.6112,0.0,-762.9,0.0,6.8165,0.0,-762.9,0.0,6.8165,1.0,0.0,0.0,0.0,0.0
1992,858.09,764.35,1087.15,820.0,55.65,17.2398,0.7635,0.0,-764.35,0.0,6.8165,0.0,-764.35,0.0,6.8165,1.0,0.0,0.0,0.0,0.0
1993,858.31,756.75,1067.05,829.3,72.55,23.3806,0.6311,0.0,-756.75,0.0,6.8165,0.0,-756.75,0.0,6.8165,1.0,0.0,0.0,0.0,0.0
1994,858.52,758.7,1075.65,844.4,85.7,27.039,0.568,0.0,-758.7,0.0,6.8165,0.0,-758.7,0.0,6.8165,1.0,0.0,0.0,0.0,0.0
1995,858.74,778.0,1050.9,843.25,65.25,23.9099,0.6214,0.0,-778.0,0.0,6.8165,0.0,-778.0,0.0,6.8165,1.0,0.0,0.0,0.0,0.0
1996,858.95,767.5,1063.35,839.25,71.75,24.2522,0.6152,0.0,-767.5,0.0,6.8165,0.0,-767.5,0.0,6.8165,1.0,0.0,0.0,0.0,0.0
1997,859.17,766.25,1058.5,838.7,72.45,24.7904,0.6057,0.0,-766.25,0.0,6.8165,0.0,-766.25,0.0,6.8165,1.0,0.0,0.0,0.0,0.0
1998,859.39,769.2,1072.4,824.35,55.15,18.1893,0.7402,0.0,-769.2,0.0,6.8165,0.0,-769.2,0.0,6.8165,1.0,0.0,0.0,0.0,0.0
1999,859.6,768.3,1061.2,820.95,52.65,17.9754,0.7453,0.0,-768.3,0.0,6.8165,0.0,-768.3,0.0,6.8165,1.0,0.0,0.0,0.0,0.0
2000,859.82,775.1,1057.85,838.6,63.5,22.458,0.6486,0.0,-775.1,0.0,6.8165,0.0,-775.1,0.0,6.8165,1.0,0.0,0.0,0.0,0.0
2001,860.03,772.15,1071.3,839.1,66.95,22.3801,0.6501,0.0,-772.15,0.0,6.8165,0.0,-772.15,0.0,6.8165,1.0,0.0,0.0,0.0,0.0
2002,860.25,768.9,1061.2,842.85,73.95,25.2993,0.5969,0.0,-768.9,0.0,6.8165,0.0,-768.9,0.0,6.8165,1.0,0.0,0.0,0.0,0.0
2003,860.46,754.2,1059.5,836.1,81.9,26.8261,0.5714,0.0,-754.2,0.0,6.8165,0.0,-754.2,0.0,6.8165,1.0,0.0,0.0,0.0,0.0
2004,860.68,761.05,1064.0,821.05,60.0,19.8052,0.7032,0.0,-761.05,0.0,6.8165,0.0,-761.05,0.0,6.8165,1.0,0.0,0.0,0.0,0.0
2005,860.89,769.55,1048.6,832.7,63.15,22.6304,0.6453,0.0,-769.55,0.0,6.8165,0.0,-769.55,0.0,6.8165,1.0,0.0,0.0,0.0,0.0
2006,861.11,765.6,1049.15,824.95,59.35,20.9311,0.6792,0.0,-765.6,0.0,6.8165,0.0,-765.6,0.0,6.8165,1.0,0.0,0.0,0.0,0.0
2007,861.32,777.0,1038.6,824.7,47.7,18.2339,0.7391,0.0,-777.0,0.0,6.8165,0.0,-777.0,0.0,6.8165,1.0,0.0,0.0,0.0,0.0
2008,861.54,765.05,1029.55,811.95,46.9,17.7316,0.7513,0.0,-765.05,0.0,6.8165,0.0,-765.05,0.0,6.8165,1.0,0.0,0.0,0.0,0.0
2009,861.75,777.6,1031.75,815.4,37.8,14.8731,0.8276,0.0,-777.6,0.0,6.8165,0.0,-777.6,0.0,6.8165,1.0,0.0,0.0,0.0,0.0
2010,861.96,778.2,1036.75,816.3,38.1,14.736,0.8316,0.0,-778.2,0.0,6.8165,0.0,-778.2,0.0,6.8165,1.0,0.0,0.0,0.0,0.0
2011,862.18,771.8,1050.75,810.9,39.1,14.0168,0.8533,0.0,-771.8,0.0,6.8165,0.0,-771.8,0.0,6.8165,1.0,0.0,0.0,0.0,0.0
2012,862.39,765.35,1020.0,803.35,38.0,14.9224,0.8262,0.0,-765.35,0.0,6.8165,0.0,-765.35,0.0,6.8165,1.0,0.0,0.0,0.0,0.0
2013,862.61,761.0,1013.95,809.85,48.85,19.3121,0.7142,0.0,-761.0,0.0,6.8165,0.0,-761.0,0.0,6.8165,1.0,0.0,0.0,0.0,0.0
2014,862.82,769.15,1025.8,815.6,46.45,18.0986,0.7424,0.0,-769.15,0.0,6.8165,0.0,-769.15,0.0,6.8165,1.0,0.0,0.0,0.0,0.0
2015,863.03,759.8,1031.0,822.0,62.2,22.9351,0.6395,0.0,-759.8,0.0,6.8165,0.0,-759.8,0.0,6.8165,1.0,0.0,0.0,0.0,0.0
2016,863.25,765.3,1023.6,808.95,43.65,16.899,0.7721,0.0,-765.3,0.0,6.8165,0.0,-765.3,0.0,6.8165,1.0,0.0,0.0,0.0,0.0
2017,863.46,765.65,1035.5,799.3,33.65,12.4699,0.9041,0.0,-765.65,0.0,6.8165,0.0,-765.65,0.0,6.8165,1.0,0.0,0.0,0.0,0.0
2018,863.68,765.45,1033.7,819.25,53.8,20.0559,0.6978,0.0,-765.45,0.0,6.8165,0.0,-765.45,0.0,6.8165,1.0,0.0,0.0,0.0,0.0
2019,863.89,762.05,1017.8,812.85,50.8,19.8631,0.702,0.0,-762.05,0.0,6.8165,0.0,-762.05,0.0,6.8165,1.0,0.0,0.0,0.0,0.0
2020,864.1,748.8,1001.3,806.0,57.2,22.6535,0.6449,0.0,-748.8,0.0,6.8165,0.0,-748.8,0.0,6.8165,1.0,0.0,0.0,0.0,0.0
2021,864.32,770.7,1012.5,813.6,42.9,17.7419,0.751,0.0,-770.7,0.0,6.8165,0.0,-770.7,0.0,6.8165,1.0,0.0,0.0,0.0,0.0
2022,864.53,775.0,1011.55,818.85,43.85,18.5373,0.732,0.0,-775.0,0.0,6.8165,0.0,-775.0,0.0,6.8165,1.0,0.0,0.0,0.0,0.0
2023,864.74,762.4,1020.7,815.3,52.9,20.4801,0.6887,0.0,-762.4,0.0,6.8165,0.0,-762.4,0.0,6.8165,1.0,0.0,0.0,0.0,0.0
2024,864.95,767.65,1011.4,800.65,33.0,13.5385,0.8684,0.0,-767.65,0.0,6.8165,0.0,-767.65,0.0,6.8165,1.0,0.0,0.0,0.0,0.0
2025,865.17,772.7,1007.2,813.1,40.4,17.2281,0.7638,0.0,-772.7,0.0,6.8165,0.0,-772.7,0.0,6.8165,1.0,0.0,0.0,0.0,0.0
2026,865.38,758.35,1000.5,817.1,58.75,24.2618,0.6151,0.0,-758.35,0.0,6.8165,0.0,-758.35,0.0,6.8165,1.0,0.0,0.0,0.0,0.0
2027,865.59,767.35,995.9,804.6,37.25,16.2984,0.7879,0.0,-767.35,0.0,6.8165,0.0,-767.35,0.0,6.8165,1.0,0.0,0.0,0.0,0.0
2028,865.81,767.1,997.65,799.5,32.4,14.0534,0.8522,0.0,-767.1,0.0,6.8165,0.0,-767.1,0.0,6.8165,1.0,0.0,0.0,0.0,0.0
2029,866.02,779.2,1015.15,785.6,6.4,2.7124,1.5666,0.0,-779.2,0.0,6.8165,0.0,-779.2,0.0,6.8165,1.0,0.0,0.0,0.0,0.0
2030,866.23,771.2,997.45,816.4,45.2,19.9779,0.6995,0.0,-771.2,0.0,6.8165,0.0,-771.2,0.0,6.8165,1.0,0.0,0.0,0.0,0.0
2031,866.44,757.55,1002.35,811.1,53.55,21.875,0.6601,0.0,-757.55,0.0,6.8165,0.0,-757.55,0.0,6.8165,1.0,0.0,0.0,0.0,0.0
2032,866.65,759.75,1000.8,792.75,33.0,13.6901,0.8636,0.0,-759.75,0.0,6.8165,0.0,-759.75,0.0,6.8165,1.0,0.0,0.0,0.0,0.0
2033,866.87,753.2,999.85,801.75,48.55,19.6838,0.7059,0.0,-753.2,0.0,6.8165,0.0,-753.2,0.0,6.8165,1.0,0.0,0.0,0.0,0.0
2034,867.08,763.95,991.5,793.45,29.5,12.9642,0.8873,0.0,-763.95,0.0,6.8165,0.0,-763.95,0.0,6.8165,1.0,0.0,0.0,0.0,0.0
2035,867.29,767.1,1006.75,803.8,36.7,15.314,0.8149,0.0,-767.1,0.0,6.8165,0.0,-767.1,0.0,6.8165,1.0,0.0,0.0,0.0,0.0
2036,867.5,776.75,998.4,804.5,27.75,12.5197,0.9024,0.0,-776.75,0.0,6.8165,0.0,-776.75,0.0,6.8165,1.0,0.0,0.0,0.0,0.0
2037,867.71,774.4,983.65,798.0,23.6,11.2784,0.9478,0.0,-774.4,0.0,6.8165,0.0,-774.4,0.0,6.8165,1.0,0.0,0.0,0.0,0.0
2038,867.92,761.75,1006.35,803.4,41.65,17.0278,0.7688,0.0,-761.75,0.0,6.8165,0.0,-761.75,0.0,6.8165,1.0,0.0,0.0,0.0,0.0
2039,868.14,761.75,998.5,800.75,39.0,16.4731,0.7832,0.0,-761.75,0.0,6.8165,0.0,-761.75,0.0,6.8165,1.0,0.0,0.0,0.0,0.0
2040,868.35,757.15,1008.5,804.9,47.75,18.9974,0.7213,0.0,-757.15,0.0,6.8165,0.0,-757.15,0.0,6.8165,1.0,0.0,0.0,0.0,0.0
2041,868.56,765.15,989.3,802.85,37.7,16.8191,0.7742,0.0,-765.15,0.0,6.8165,0.0,-765.15,0.0,6.8165,1.0,0.0,0.0,0.0,0.0
2042,868.77,776.35,1002.65,798.15,21.8,9.6332,1.0162,0.0,-776.35,0.0,6.8165,0.0,-776.35,0.0,6.8165,1.0,0.0,0.0,0.0,0.0
2043,868.98,761.6,989.45,797.35,35.75,15.6901,0.8044,0.0,-761.6,0.0,6.8165,0.0,-761.6,0.0,6.8165,1.0,0.0,0.0,0.0,0.0
2044,869.19,770.75,1003.95,787.4,16.65,7.1398,1.1463,0.0,-770.75,0.0,6.8165,0.0,-770.75,0.0,6.8165,1.0,0.0,0.0,0.0,0.0
2045,869.4,772.8,997.5,803.35,30.55,13.5959,0.8666,0.0,-772.8,0.0,6.8165,0.0,-772.8,0.0,6.8165,1.0,0.0,0.0,0.0,0.0
2046,869.61,767.2,983.95,804.6,37.4,17.2549,0.7631,0.0,-767.2,0.0,6.8165,0.0,-767.2,0.0,6.8165,1.0,0.0,0.0,0.0,0.0
2047,869.82,765.6,970.65,797.35,31.75,15.484,0.8101,0.0,-765.6,0.0,6.8165,0.0,-765.6,0.0,6.8165,1.0,0.0,0.0,0.0,0.0
