Pixel,Wavelength,Dark,Reference,Raw data #1,Dark Subtracted #1,%TR #1,Absorbance #1,Raw data #2,Dark Subtracted #2,%TR #2,Absorbance #2,Raw data #3,Dark Subtracted #3,%TR #3,Absorbance #3,Errands Ref,Errands Fit,Irradiance_1,Irradiance_2,Irradiance_3
0,231.94,773.95,775.95,771.0,-2.95,0.0,6.8165,0.0,-773.95,0.0,6.8165,0.0,-773.95,0.0,6.8165,1.0,0.0,0.0,0.0,0.0
1,232.35,773.95,775.95,771.0,-2.95,0.0,6.8165,0.0,-773.95,0.0,6.8165,0.0,-773.95,0.0,6.8165,1.0,0.0,0.0,0.0,0.0
2,232.76,768.1,763.25,780.55,12.45,0.0,6.8165,0.0,-768.1,0.0,6.8165,0.0,-768.1,0.0,6.8165,1.0,0.0,0.0,0.0,0.0
3,233.16,737.1,725.9,764.6,27.5,0.0,6.8165,0.0,-737.1,0.0,6.8165,0.0,-737.1,0.0,6.8165,1.0,0.0,0.0,0.0,0.0
4,233.57,761.25,770.5,787.85,26.6,110.0,-0.0414,0.0,-761.25,0.0,6.8165,0.0,-761.25,0.0,6.8165,1.0,0.0,0.0,0.0,0.0
5,233.98,768.4,794.25,773.2,4.8,18.5687,0.7312,0.0,-768.4,0.0,6.8165,0.0,-768.4,0.0,6.8165,1.0,0.0,0.0,0.0,0.0
6,234.38,764.7,775.25,785.1,20.4,110.0,-0.0414,0.0,-764.7,0.0,6.8165,0.0,-764.7,0.0,6.8165,1.0,0.0,0.0,0.0,0.0
7,234.79,777.9,768.85,773.4,-4.5,49.7238,0.3034,0.0,-777.9,0.0,6.8165,0.0,-777.9,0.0,6.8165,1.0,0.0,0.0,0.0,0.0
8,235.2,775.55,792.05,764.75,-10.8,0.0,6.8165,0.0,-775.55,0.0,6.8165,0.0,-775.55,0.0,6.8165,1.0,0.0,0.0,0.0,0.0
9,235.6,779.95,784.0,767.45,-12.5,0.0,6.8165,0.0,-779.95,0.0,6.8165,0.0,-779.95,0.0,6.8165,1.0,0.0,0.0,0.0,0.0
10,236.01,771.45,763.6,778.75,7.3,0.0,6.8165,0.0,-771.45,0.0,6.8165,0.0,-771.45,0.0,6.8165,1.0,0.0,0.0,0.0,0.0
11,236.41,779.85,776.5,785.0,5.15,0.0,6.8165,0.0,-779.85,0.0,6.8165,0.0,-779.85,0.0,6.8165,1.0,0.0,0.0,0.0,0.0
12,236.82,791.35,790.25,774.35,-17.0,110.0,-0.0414,0.0,-791.35,0.0,6.8165,0.0,-791.35,0.0,6.8165,1.0,0.0,0.0,0.0,0.0
13,237.23,772.65,787.25,770.85,-1.8,0.0,6.8165,0.0,-772.65,0.0,6.8165,0.0,-772.65,0.0,6.8165,1.0,0.0,0.0,0.0,0.0
14,237.63,774.75,762.35,754.35,-20.4,110.0,-0.0414,0.0,-774.75,0.0,6.8165,0.0,-774.75,0.0,6.8165,1.0,0.0,0.0,0.0,0.0
15,238.04,759.35,771.9,766.7,7.35,58.5657,0.2324,0.0,-759.35,0.0,6.8165,0.0,-759.35,0.0,6.8165,1.0,0.0,0.0,0.0,0.0
16,238.44,784.6,776.8,783.7,-0.9,11.5385,0.9379,0.0,-784.6,0.0,6.8165,0.0,-784.6,0.0,6.8165,1.0,0.0,0.0,0.0,0.0
17,238.85,763.9,774.35,770.8,6.9,66.0287,0.1803,0.0,-763.9,0.0,6.8165,0.0,-763.9,0.0,6.8165,1.0,0.0,0.0,0.0,0.0
18,239.25,768.1,775.3,777.1,9.0,110.0,-0.0414,0.0,-768.1,0.0,6.8165,0.0,-768.1,0.0,6.8165,1.0,0.0,0.0,0.0,0.0
19,239.66,762.85,760.55,763.3,0.45,0.0,6.8165,0.0,-762.85,0.0,6.8165,0.0,-762.85,0.0,6.8165,1.0,0.0,0.0,0.0,0.0
20,240.07,783.6,773.35,769.85,-13.75,110.0,-0.0414,0.0,-783.6,0.0,6.8165,0.0,-783.6,0.0,6.8165,1.0,0.0,0.0,0.0,0.0
21,240.47,782.9,779.25,769.95,-12.95,110.0,-0.0414,0.0,-782.9,0.0,6.8165,0.0,-782.9,0.0,6.8165,1.0,0.0,0.0,0.0,0.0
22,240.88,772.15,769.75,761.45,-10.7,110.0,-0.0414,0.0,-772.15,0.0,6.8165,0.0,-772.15,0.0,6.8165,1.0,0.0,0.0,0.0,0.0
23,241.28,773.55,779.05,787.0,13.45,110.0,-0.0414,0.0,-773.55,0.0,6.8165,0.0,-773.55,0.0,6.8165,1.0,0.0,0.0,0.0,0.0
24,241.69,766.8,765.65,781.9,15.1,0.0,6.8165,0.0,-766.8,0.0,6.8165,0.0,-766.8,0.0,6.8165,1.0,0.0,0.0,0.0,0.0
25,242.09,778.1,762.65,777.45,-0.65,4.2071,1.376,0.0,-778.1,0.0,6.8165,0.0,-778.1,0.0,6.8165,1.0,0.0,0.0,0.0,0.0
26,242.5,776.95,778.25,776.8,-0.15,0.0,6.8165,0.0,-776.95,0.0,6.8165,0.0,-776.95,0.0,6.8165,1.0,0.0,0.0,0.0,0.0
27,242.9,774.2,777.55,780.3,6.1,110.0,-0.0414,0.0,-774.2,0.0,6.8165,0.0,-774.2,0.0,6.8165,1.0,0.0,0.0,0.0,0.0
28,243.3,765.95,767.05,769.7,3.75,110.0,-0.0414,0.0,-765.95,0.0,6.8165,0.0,-765.95,0.0,6.8165,1.0,0.0,0.0,0.0,0.0
29,243.71,774.0,769.0,749.8,-24.2,110.0,-0.0414,0.0,-774.0,0.0,6.8165,0.0,-774.0,0.0,6.8165,1.0,0.0,0.0,0.0,0.0
30,244.11,762.1,776.35,781.2,19.1,110.0,-0.0414,0.0,-762.1,0.0,6.8165,0.0,-762.1,0.0,6.8165,1.0,0.0,0.0,0.0,0.0
31,244.52,772.15,787.55,781.8,9.65,62.6623,0.203,0.0,-772.15,0.0,6.8165,0.0,-772.15,0.0,6.8165,1.0,0.0,0.0,0.0,0.0
32,244.92,760.25,789.6,772.75,12.5,42.5894,0.3707,0.0,-760.25,0.0,6.8165,0.0,-760.25,0.0,6.8165,1.0,0.0,0.0,0.0,0.0
33,245.33,767.95,791.7,775.25,7.3,30.7368,0.5123,0.0,-767.95,0.0,6.8165,0.0,-767.95,0.0,6.8165,1.0,0.0,0.0,0.0,0.0
34,245.73,765.3,792.35,783.1,17.8,65.8041,0.1817,0.0,-765.3,0.0,6.8165,0.0,-765.3,0.0,6.8165,1.0,0.0,0.0,0.0,0.0
35,246.13,771.8,809.95,767.15,-4.65,0.0,6.8165,0.0,-771.8,0.0,6.8165,0.0,-771.8,0.0,6.8165,1.0,0.0,0.0,0.0,0.0
36,246.54,766.0,876.5,805.05,39.05,35.3394,0.4517,0.0,-766.0,0.0,6.8165,0.0,-766.0,0.0,6.8165,1.0,0.0,0.0,0.0,0.0
37,246.94,763.05,897.5,809.15,46.1,34.2878,0.4649,0.0,-763.05,0.0,6.8165,0.0,-763.05,0.0,6.8165,1.0,0.0,0.0,0.0,0.0
38,247.35,765.7,883.3,806.4,40.7,34.6088,0.4608,0.0,-765.7,0.0,6.8165,0.0,-765.7,0.0,6.8165,1.0,0.0,0.0,0.0,0.0
39,247.75,775.3,897.45,801.9,26.6,21.7765,0.662,0.0,-775.3,0.0,6.8165,0.0,-775.3,0.0,6.8165,1.0,0.0,0.0,0.0,0.0
40,248.15,763.25,893.35,812.0,48.75,37.4712,0.4263,0.0,-763.25,0.0,6.8165,0.0,-763.25,0.0,6.8165,1.0,0.0,0.0,0.0,0.0
41,248.56,767.1,895.55,803.7,36.6,28.4936,0.5453,0.0,-767.1,0.0,6.8165,0.0,-767.1,0.0,6.8165,1.0,0.0,0.0,0.0,0.0
42,248.96,743.35,892.2,807.4,64.05,43.0299,0.3662,0.0,-743.35,0.0,6.8165,0.0,-743.35,0.0,6.8165,1.0,0.0,0.0,0.0,0.0
43,249.36,774.85,882.3,810.75,35.9,33.4109,0.4761,0.0,-774.85,0.0,6.8165,0.0,-774.85,0.0,6.8165,1.0,0.0,0.0,0.0,0.0
44,249.77,768.3,879.9,792.45,24.15,21.6398,0.6647,0.0,-768.3,0.0,6.8165,0.0,-768.3,0.0,6.8165,1.0,0.0,0.0,0.0,0.0
45,250.17,757.3,879.9,817.55,60.25,49.1436,0.3085,0.0,-757.3,0.0,6.8165,0.0,-757.3,0.0,6.8165,1.0,0.0,0.0,0.0,0.0
46,250.57,749.55,884.3,811.75,62.2,46.1596,0.3357,0.0,-749.55,0.0,6.8165,0.0,-749.55,0.0,6.8165,1.0,0.0,0.0,0.0,0.0
47,250.97,766.05,879.7,799.05,33.0,29.0365,0.5371,0.0,-766.05,0.0,6.8165,0.0,-766.05,0.0,6.8165,1.0,0.0,0.0,0.0,0.0
48,251.38,752.7,880.7,810.35,57.65,45.0391,0.3464,0.0,-752.7,0.0,6.8165,0.0,-752.7,0.0,6.8165,1.0,0.0,0.0,0.0,0.0
49,251.78,762.3,890.15,815.85,53.55,41.885,0.3779,0.0,-762.3,0.0,6.8165,0.0,-762.3,0.0,6.8165,1.0,0.0,0.0,0.0,0.0
50,252.18,758.55,879.1,801.7,43.15,35.7943,0.4462,0.0,-758.55,0.0,6.8165,0.0,-758.55,0.0,6.8165,1.0,0.0,0.0,0.0,0.0
51,252.59,763.7,887.65,798.35,34.65,27.9548,0.5535,0.0,-763.7,0.0,6.8165,0.0,-763.7,0.0,6.8165,1.0,0.0,0.0,0.0,0.0
52,252.99,776.6,895.05,800.8,24.2,20.4306,0.6897,0.0,-776.6,0.0,6.8165,0.0,-776.6,0.0,6.8165,1.0,0.0,0.0,0.0,0.0
53,253.39,765.8,883.5,802.75,36.95,31.3934,0.5032,0.0,-765.8,0.0,6.8165,0.0,-765.8,0.0,6.8165,1.0,0.0,0.0,0.0,0.0
54,253.79,762.55,879.15,800.35,37.8,32.4185,0.4892,0.0,-762.55,0.0,6.8165,0.0,-762.55,0.0,6.8165,1.0,0.0,0.0,0.0,0.0
55,254.2,777.35,878.05,792.6,15.25,15.144,0.8198,0.0,-777.35,0.0,6.8165,0.0,-777.35,0.0,6.8165,1.0,0.0,0.0,0.0,0.0
56,254.6,773.25,880.7,803.65,30.4,28.2922,0.5483,0.0,-773.25,0.0,6.8165,0.0,-773.25,0.0,6.8165,1.0,0.0,0.0,0.0,0.0
57,255.0,776.25,870.05,793.6,17.35,18.4968,0.7329,0.0,-776.25,0.0,6.8165,0.0,-776.25,0.0,6.8165,1.0,0.0,0.0,0.0,0.0
58,255.4,762.9,882.25,787.5,24.6,20.6116,0.6859,0.0,-762.9,0.0,6.8165,0.0,-762.9,0.0,6.8165,1.0,0.0,0.0,0.0,0.0
59,255.8,769.65,890.5,806.9,37.25,30.8233,0.5111,0.0,-769.65,0.0,6.8165,0.0,-769.65,0.0,6.8165,1.0,0.0,0.0,0.0,0.0
60,256.2,769.4,886.4,809.35,39.95,34.1453,0.4667,0.0,-769.4,0.0,6.8165,0.0,-769.4,0.0,6.8165,1.0,0.0,0.0,0.0,0.0
61,256.61,759.7,880.85,795.3,35.6,29.3851,0.5319,0.0,-759.7,0.0,6.8165,0.0,-759.7,0.0,6.8165,1.0,0.0,0.0,0.0,0.0
62,257.01,770.1,903.25,826.2,56.1,42.1329,0.3754,0.0,-770.1,0.0,6.8165,0.0,-770.1,0.0,6.8165,1.0,0.0,0.0,0.0,0.0
63,257.41,767.2,901.85,800.55,33.35,24.7679,0.6061,0.0,-767.2,0.0,6.8165,0.0,-767.2,0.0,6.8165,1.0,0.0,0.0,0.0,0.0
64,257.81,761.95,889.05,800.7,38.75,30.4878,0.5159,0.0,-761.95,0.0,6.8165,0.0,-761.95,0.0,6.8165,1.0,0.0,0.0,0.0,0.0
65,258.21,760.75,881.5,800.2,39.45,32.6708,0.4858,0.0,-760.75,0.0,6.8165,0.0,-760.75,0.0,6.8165,1.0,0.0,0.0,0.0,0.0
66,258.61,748.05,879.45,816.45,68.4,52.0548,0.2835,0.0,-748.05,0.0,6.8165,0.0,-748.05,0.0,6.8165,1.0,0.0,0.0,0.0,0.0
67,259.01,756.85,895.5,814.8,57.95,41.7959,0.3789,0.0,-756.85,0.0,6.8165,0.0,-756.85,0.0,6.8165,1.0,0.0,0.0,0.0,0.0
68,259.42,775.6,897.55,781.05,5.45,4.469,1.3498,0.0,-775.6,0.0,6.8165,0.0,-775.6,0.0,6.8165,1.0,0.0,0.0,0.0,0.0
69,259.82,772.05,877.6,805.35,33.3,31.549,0.501,0.0,-772.05,0.0,6.8165,0.0,-772.05,0.0,6.8165,1.0,0.0,0.0,0.0,0.0
70,260.22,769.95,884.55,795.7,25.75,22.4695,0.6484,0.0,-769.95,0.0,6.8165,0.0,-769.95,0.0,6.8165,1.0,0.0,0.0,0.0,0.0
71,260.62,771.7,877.5,795.25,23.55,22.259,0.6525,0.0,-771.7,0.0,6.8165,0.0,-771.7,0.0,6.8165,1.0,0.0,0.0,0.0,0.0
72,261.02,764.35,891.3,811.9,47.55,37.4557,0.4265,0.0,-764.35,0.0,6.8165,0.0,-764.35,0.0,6.8165,1.0,0.0,0.0,0.0,0.0
73,261.42,752.85,894.9,809.0,56.15,39.5283,0.4031,0.0,-752.85,0.0,6.8165,0.0,-752.85,0.0,6.8165,1.0,0.0,0.0,0.0,0.0
74,261.82,770.55,886.5,793.45,22.9,19.7499,0.7044,0.0,-770.55,0.0,6.8165,0.0,-770.55,0.0,6.8165,1.0,0.0,0.0,0.0,0.0
75,262.22,781.65,870.9,798.05,16.4,18.3754,0.7358,0.0,-781.65,0.0,6.8165,0.0,-781.65,0.0,6.8165,1.0,0.0,0.0,0.0,0.0
76,262.62,778.55,886.9,810.25,31.7,29.257,0.5338,0.0,-778.55,0.0,6.8165,0.0,-778.55,0.0,6.8165,1.0,0.0,0.0,0.0,0.0
77,263.02,758.5,891.8,797.7,39.2,29.4074,0.5315,0.0,-758.5,0.0,6.8165,0.0,-758.5,0.0,6.8165,1.0,0.0,0.0,0.0,0.0
78,263.42,761.2,889.2,811.1,49.9,38.9844,0.4091,0.0,-761.2,0.0,6.8165,0.0,-761.2,0.0,6.8165,1.0,0.0,0.0,0.0,0.0
79,263.82,776.8,896.6,810.4,33.6,28.0467,0.5521,0.0,-776.8,0.0,6.8165,0.0,-776.8,0.0,6.8165,1.0,0.0,0.0,0.0,0.0
80,264.22,773.75,898.9,817.45,43.7,34.9181,0.4569,0.0,-773.75,0.0,6.8165,0.0,-773.75,0.0,6.8165,1.0,0.0,0.0,0.0,0.0
81,264.62,757.1,904.45,809.3,52.2,35.4259,0.4507,0.0,-757.1,0.0,6.8165,0.0,-757.1,0.0,6.8165,1.0,0.0,0.0,0.0,0.0
82,265.02,762.4,895.65,809.0,46.6,34.9719,0.4563,0.0,-762.4,0.0,6.8165,0.0,-762.4,0.0,6.8165,1.0,0.0,0.0,0.0,0.0
83,265.42,767.85,888.5,806.25,38.4,31.8276,0.4972,0.0,-767.85,0.0,6.8165,0.0,-767.85,0.0,6.8165,1.0,0.0,0.0,0.0,0.0
84,265.82,773.8,893.55,812.55,38.75,32.3591,0.49,0.0,-773.8,0.0,6.8165,0.0,-773.8,0.0,6.8165,1.0,0.0,0.0,0.0,0.0
85,266.22,766.15,892.3,796.9,30.75,24.3757,0.613,0.0,-766.15,0.0,6.8165,0.0,-766.15,0.0,6.8165,1.0,0.0,0.0,0.0,0.0
86,266.62,774.95,894.85,798.5,23.55,19.6414,0.7068,0.0,-774.95,0.0,6.8165,0.0,-774.95,0.0,6.8165,1.0,0.0,0.0,0.0,0.0
87,267.02,773.9,896.4,802.3,28.4,23.1837,0.6348,0.0,-773.9,0.0,6.8165,0.0,-773.9,0.0,6.8165,1.0,0.0,0.0,0.0,0.0
88,267.42,757.1,903.75,801.0,43.9,29.9352,0.5238,0.0,-757.1,0.0,6.8165,0.0,-757.1,0.0,6.8165,1.0,0.0,0.0,0.0,0.0
89,267.82,776.7,887.25,791.35,14.65,13.2519,0.8777,0.0,-776.7,0.0,6.8165,0.0,-776.7,0.0,6.8165,1.0,0.0,0.0,0.0,0.0
90,268.22,773.2,907.5,802.45,29.25,21.7796,0.662,0.0,-773.2,0.0,6.8165,0.0,-773.2,0.0,6.8165,1.0,0.0,0.0,0.0,0.0
91,268.62,767.85,901.6,800.35,32.5,24.2991,0.6144,0.0,-767.85,0.0,6.8165,0.0,-767.85,0.0,6.8165,1.0,0.0,0.0,0.0,0.0
92,269.01,780.9,903.3,802.8,21.9,17.8922,0.7473,0.0,-780.9,0.0,6.8165,0.0,-780.9,0.0,6.8165,1.0,0.0,0.0,0.0,0.0
93,269.41,761.8,900.55,808.95,47.15,33.982,0.4688,0.0,-761.8,0.0,6.8165,0.0,-761.8,0.0,6.8165,1.0,0.0,0.0,0.0,0.0
94,269.81,780.5,895.85,817.45,36.95,32.0329,0.4944,0.0,-780.5,0.0,6.8165,0.0,-780.5,0.0,6.8165,1.0,0.0,0.0,0.0,0.0
95,270.21,772.0,904.15,812.95,40.95,30.9875,0.5088,0.0,-772.0,0.0,6.8165,0.0,-772.0,0.0,6.8165,1.0,0.0,0.0,0.0,0.0
96,270.61,774.6,903.2,807.0,32.4,25.1944,0.5987,0.0,-774.6,0.0,6.8165,0.0,-774.6,0.0,6.8165,1.0,0.0,0.0,0.0,0.0
97,271.01,760.65,904.8,810.7,50.05,34.7208,0.4594,0.0,-760.65,0.0,6.8165,0.0,-760.65,0.0,6.8165,1.0,0.0,0.0,0.0,0.0
98,271.41,739.4,904.3,819.0,79.6,48.2717,0.3163,0.0,-739.4,0.0,6.8165,0.0,-739.4,0.0,6.8165,1.0,0.0,0.0,0.0,0.0
99,271.81,751.0,889.85,801.3,50.3,36.2261,0.441,0.0,-751.0,0.0,6.8165,0.0,-751.0,0.0,6.8165,1.0,0.0,0.0,0.0,0.0
100,272.2,761.85,887.55,813.2,51.35,40.8512,0.3888,0.0,-761.85,0.0,6.8165,0.0,-761.85,0.0,6.8165,1.0,0.0,0.0,0.0,0.0
101,272.6,751.5,904.35,819.55,68.05,44.5208,0.3514,0.0,-751.5,0.0,6.8165,0.0,-751.5,0.0,6.8165,1.0,0.0,0.0,0.0,0.0
102,273.0,762.4,900.4,800.7,38.3,27.7536,0.5567,0.0,-762.4,0.0,6.8165,0.0,-762.4,0.0,6.8165,1.0,0.0,0.0,0.0,0.0
103,273.4,774.15,893.6,807.05,32.9,27.5429,0.56,0.0,-774.15,0.0,6.8165,0.0,-774.15,0.0,6.8165,1.0,0.0,0.0,0.0,0.0
104,273.8,771.6,895.35,802.55,30.95,25.0101,0.6019,0.0,-771.6,0.0,6.8165,0.0,-771.6,0.0,6.8165,1.0,0.0,0.0,0.0,0.0
105,274.19,767.65,896.0,801.45,33.8,26.3342,0.5795,0.0,-767.65,0.0,6.8165,0.0,-767.65,0.0,6.8165,1.0,0.0,0.0,0.0,0.0
106,274.59,764.5,899.95,796.25,31.75,23.4404,0.63,0.0,-764.5,0.0,6.8165,0.0,-764.5,0.0,6.8165,1.0,0.0,0.0,0.0,0.0
107,274.99,765.1,899.75,803.1,38.0,28.2213,0.5494,0.0,-765.1,0.0,6.8165,0.0,-765.1,0.0,6.8165,1.0,0.0,0.0,0.0,0.0
108,275.39,776.55,905.3,810.1,33.55,26.0583,0.5841,0.0,-776.55,0.0,6.8165,0.0,-776.55,0.0,6.8165,1.0,0.0,0.0,0.0,0.0
109,275.78,768.75,926.6,798.75,30.0,19.0054,0.7211,0.0,-768.75,0.0,6.8165,0.0,-768.75,0.0,6.8165,1.0,0.0,0.0,0.0,0.0
110,276.18,769.3,908.5,815.05,45.75,32.8664,0.4832,0.0,-769.3,0.0,6.8165,0.0,-769.3,0.0,6.8165,1.0,0.0,0.0,0.0,0.0
111,276.58,760.95,905.1,803.3,42.35,29.3791,0.532,0.0,-760.95,0.0,6.8165,0.0,-760.95,0.0,6.8165,1.0,0.0,0.0,0.0,0.0
112,276.98,771.7,896.55,796.6,24.9,19.9439,0.7002,0.0,-771.7,0.0,6.8165,0.0,-771.7,0.0,6.8165,1.0,0.0,0.0,0.0,0.0
113,277.37,770.05,906.45,808.4,38.35,28.1158,0.551,0.0,-770.05,0.0,6.8165,0.0,-770.05,0.0,6.8165,1.0,0.0,0.0,0.0,0.0
114,277.77,766.05,901.1,794.8,28.75,21.2884,0.6719,0.0,-766.05,0.0,6.8165,0.0,-766.05,0.0,6.8165,1.0,0.0,0.0,0.0,0.0
115,278.17,770.35,917.0,821.15,50.8,34.6403,0.4604,0.0,-770.35,0.0,6.8165,0.0,-770.35,0.0,6.8165,1.0,0.0,0.0,0.0,0.0
116,278.56,766.2,886.5,816.3,50.1,41.6459,0.3804,0.0,-766.2,0.0,6.8165,0.0,-766.2,0.0,6.8165,1.0,0.0,0.0,0.0,0.0
117,278.96,773.9,909.6,814.1,40.2,29.6242,0.5284,0.0,-773.9,0.0,6.8165,0.0,-773.9,0.0,6.8165,1.0,0.0,0.0,0.0,0.0
118,279.36,769.75,906.35,817.9,48.15,35.2489,0.4529,0.0,-769.75,0.0,6.8165,0.0,-769.75,0.0,6.8165,1.0,0.0,0.0,0.0,0.0
119,279.75,760.55,900.1,802.15,41.6,29.8101,0.5256,0.0,-760.55,0.0,6.8165,0.0,-760.55,0.0,6.8165,1.0,0.0,0.0,0.0,0.0
120,280.15,768.3,927.9,810.4,42.1,26.3784,0.5788,0.0,-768.3,0.0,6.8165,0.0,-768.3,0.0,6.8165,1.0,0.0,0.0,0.0,0.0
121,280.55,769.5,909.75,808.3,38.8,27.6649,0.5581,0.0,-769.5,0.0,6.8165,0.0,-769.5,0.0,6.8165,1.0,0.0,0.0,0.0,0.0
122,280.94,770.5,932.1,795.5,25.0,15.4703,0.8105,0.0,-770.5,0.0,6.8165,0.0,-770.5,0.0,6.8165,1.0,0.0,0.0,0.0,0.0
123,281.34,765.6,918.35,800.5,34.9,22.8478,0.6412,0.0,-765.6,0.0,6.8165,0.0,-765.6,0.0,6.8165,1.0,0.0,0.0,0.0,0.0
124,281.73,759.45,911.25,797.25,37.8,24.9012,0.6038,0.0,-759.45,0.0,6.8165,0.0,-759.45,0.0,6.8165,1.0,0.0,0.0,0.0,0.0
125,282.13,774.8,918.0,799.95,25.15,17.5628,0.7554,0.0,-774.8,0.0,6.8165,0.0,-774.8,0.0,6.8165,1.0,0.0,0.0,0.0,0.0
126,282.53,762.8,912.35,797.25,34.45,23.0358,0.6376,0.0,-762.8,0.0,6.8165,0.0,-762.8,0.0,6.8165,1.0,0.0,0.0,0.0,0.0
127,282.92,758.45,917.6,790.75,32.3,20.2953,0.6926,0.0,-758.45,0.0,6.8165,0.0,-758.45,0.0,6.8165,1.0,0.0,0.0,0.0,0.0
128,283.32,760.15,922.35,793.55,33.4,20.5919,0.6863,0.0,-760.15,0.0,6.8165,0.0,-760.15,0.0,6.8165,1.0,0.0,0.0,0.0,0.0
129,283.71,769.1,917.15,802.7,33.6,22.695,0.6441,0.0,-769.1,0.0,6.8165,0.0,-769.1,0.0,6.8165,1.0,0.0,0.0,0.0,0.0
130,284.11,758.35,928.6,787.9,29.55,17.3568,0.7605,0.0,-758.35,0.0,6.8165,0.0,-758.35,0.0,6.8165,1.0,0.0,0.0,0.0,0.0
131,284.5,759.45,938.9,792.7,33.25,18.5288,0.7322,0.0,-759.45,0.0,6.8165,0.0,-759.45,0.0,6.8165,1.0,0.0,0.0,0.0,0.0
132,284.9,772.8,933.45,803.3,30.5,18.9854,0.7216,0.0,-772.8,0.0,6.8165,0.0,-772.8,0.0,6.8165,1.0,0.0,0.0,0.0,0.0
133,285.3,761.85,927.55,799.3,37.45,22.6011,0.6459,0.0,-761.85,0.0,6.8165,0.0,-761.85,0.0,6.8165,1.0,0.0,0.0,0.0,0.0
134,285.69,760.9,926.65,800.4,39.5,23.8311,0.6229,0.0,-760.9,0.0,6.8165,0.0,-760.9,0.0,6.8165,1.0,0.0,0.0,0.0,0.0
135,286.09,772.65,918.7,810.5,37.85,25.9158,0.5864,0.0,-772.65,0.0,6.8165,0.0,-772.65,0.0,6.8165,1.0,0.0,0.0,0.0,0.0
136,286.48,762.8,923.7,802.85,40.05,24.8912,0.604,0.0,-762.8,0.0,6.8165,0.0,-762.8,0.0,6.8165,1.0,0.0,0.0,0.0,0.0
137,286.88,768.4,921.35,810.0,41.6,27.1984,0.5655,0.0,-768.4,0.0,6.8165,0.0,-768.4,0.0,6.8165,1.0,0.0,0.0,0.0,0.0
138,287.27,756.7,928.85,792.15,35.45,20.5925,0.6863,0.0,-756.7,0.0,6.8165,0.0,-756.7,0.0,6.8165,1.0,0.0,0.0,0.0,0.0
139,287.67,767.8,918.4,811.8,44.0,29.2165,0.5344,0.0,-767.8,0.0,6.8165,0.0,-767.8,0.0,6.8165,1.0,0.0,0.0,0.0,0.0
140,288.06,785.7,915.45,813.8,28.1,21.657,0.6644,0.0,-785.7,0.0,6.8165,0.0,-785.7,0.0,6.8165,1.0,0.0,0.0,0.0,0.0
141,288.46,765.7,928.55,802.65,36.95,22.6896,0.6442,0.0,-765.7,0.0,6.8165,0.0,-765.7,0.0,6.8165,1.0,0.0,0.0,0.0,0.0
142,288.85,766.25,927.15,802.55,36.3,22.5606,0.6466,0.0,-766.25,0.0,6.8165,0.0,-766.25,0.0,6.8165,1.0,0.0,0.0,0.0,0.0
143,289.24,772.7,920.4,803.55,30.85,20.8869,0.6801,0.0,-772.7,0.0,6.8165,0.0,-772.7,0.0,6.8165,1.0,0.0,0.0,0.0,0.0
144,289.64,771.2,919.05,809.8,38.6,26.1075,0.5832,0.0,-771.2,0.0,6.8165,0.0,-771.2,0.0,6.8165,1.0,0.0,0.0,0.0,0.0
145,290.03,758.25,940.85,814.1,55.85,30.586,0.5145,0.0,-758.25,0.0,6.8165,0.0,-758.25,0.0,6.8165,1.0,0.0,0.0,0.0,0.0
146,290.43,761.9,937.9,800.8,38.9,22.1023,0.6556,0.0,-761.9,0.0,6.8165,0.0,-761.9,0.0,6.8165,1.0,0.0,0.0,0.0,0.0
147,290.82,762.7,933.2,815.7,53.0,31.085,0.5074,0.0,-762.7,0.0,6.8165,0.0,-762.7,0.0,6.8165,1.0,0.0,0.0,0.0,0.0
148,291.21,753.15,950.8,824.45,71.3,36.0739,0.4428,0.0,-753.15,0.0,6.8165,0.0,-753.15,0.0,6.8165,1.0,0.0,0.0,0.0,0.0
149,291.61,771.65,935.35,813.45,41.8,25.5345,0.5929,0.0,-771.65,0.0,6.8165,0.0,-771.65,0.0,6.8165,1.0,0.0,0.0,0.0,0.0
150,292.0,765.2,929.4,816.65,51.45,31.3337,0.504,0.0,-765.2,0.0,6.8165,0.0,-765.2,0.0,6.8165,1.0,0.0,0.0,0.0,0.0
151,292.4,757.6,935.15,797.15,39.55,22.2754,0.6522,0.0,-757.6,0.0,6.8165,0.0,-757.6,0.0,6.8165,1.0,0.0,0.0,0.0,0.0
152,292.79,754.45,949.75,803.15,48.7,24.936,0.6032,0.0,-754.45,0.0,6.8165,0.0,-754.45,0.0,6.8165,1.0,0.0,0.0,0.0,0.0
153,293.18,765.1,930.45,805.0,39.9,24.1306,0.6174,0.0,-765.1,0.0,6.8165,0.0,-765.1,0.0,6.8165,1.0,0.0,0.0,0.0,0.0
154,293.58,766.1,942.2,793.0,26.9,15.2754,0.816,0.0,-766.1,0.0,6.8165,0.0,-766.1,0.0,6.8165,1.0,0.0,0.0,0.0,0.0
155,293.97,764.6,946.55,806.8,42.2,23.1932,0.6346,0.0,-764.6,0.0,6.8165,0.0,-764.6,0.0,6.8165,1.0,0.0,0.0,0.0,0.0
156,294.36,761.6,951.25,799.4,37.8,19.9315,0.7005,0.0,-761.6,0.0,6.8165,0.0,-761.6,0.0,6.8165,1.0,0.0,0.0,0.0,0.0
157,294.76,772.35,952.4,788.8,16.45,9.1364,1.0392,0.0,-772.35,0.0,6.8165,0.0,-772.35,0.0,6.8165,1.0,0.0,0.0,0.0,0.0
158,295.15,762.15,948.75,806.45,44.3,23.7406,0.6245,0.0,-762.15,0.0,6.8165,0.0,-762.15,0.0,6.8165,1.0,0.0,0.0,0.0,0.0
159,295.54,763.6,952.1,812.65,49.05,26.0212,0.5847,0.0,-763.6,0.0,6.8165,0.0,-763.6,0.0,6.8165,1.0,0.0,0.0,0.0,0.0
160,295.94,766.65,941.2,801.95,35.3,20.2234,0.6941,0.0,-766.65,0.0,6.8165,0.0,-766.65,0.0,6.8165,1.0,0.0,0.0,0.0,0.0
161,296.33,769.95,932.95,791.15,21.2,13.0061,0.8859,0.0,-769.95,0.0,6.8165,0.0,-769.95,0.0,6.8165,1.0,0.0,0.0,0.0,0.0
162,296.72,770.35,941.25,807.1,36.75,21.5038,0.6675,0.0,-770.35,0.0,6.8165,0.0,-770.35,0.0,6.8165,1.0,0.0,0.0,0.0,0.0
163,297.11,761.65,947.95,821.05,59.4,31.8841,0.4964,0.0,-761.65,0.0,6.8165,0.0,-761.65,0.0,6.8165,1.0,0.0,0.0,0.0,0.0
164,297.51,766.7,942.85,811.75,45.05,25.5748,0.5922,0.0,-766.7,0.0,6.8165,0.0,-766.7,0.0,6.8165,1.0,0.0,0.0,0.0,0.0
165,297.9,755.8,941.5,803.3,47.5,25.5789,0.5921,0.0,-755.8,0.0,6.8165,0.0,-755.8,0.0,6.8165,1.0,0.0,0.0,0.0,0.0
166,298.29,770.4,939.75,812.75,42.35,25.0074,0.6019,0.0,-770.4,0.0,6.8165,0.0,-770.4,0.0,6.8165,1.0,0.0,0.0,0.0,0.0
167,298.68,762.45,956.5,810.8,48.35,24.9163,0.6035,0.0,-762.45,0.0,6.8165,0.0,-762.45,0.0,6.8165,1.0,0.0,0.0,0.0,0.0
168,299.08,765.25,948.8,812.9,47.65,25.9602,0.5857,0.0,-765.25,0.0,6.8165,0.0,-765.25,0.0,6.8165,1.0,0.0,0.0,0.0,0.0
169,299.47,755.6,961.25,813.75,58.15,28.2762,0.5486,0.0,-755.6,0.0,6.8165,0.0,-755.6,0.0,6.8165,1.0,0.0,0.0,0.0,0.0
170,299.86,769.1,955.35,823.75,54.65,29.3423,0.5325,0.0,-769.1,0.0,6.8165,0.0,-769.1,0.0,6.8165,1.0,0.0,0.0,0.0,0.0
171,300.25,757.9,935.25,819.15,61.25,34.5362,0.4617,0.0,-757.9,0.0,6.8165,0.0,-757.9,0.0,6.8165,1.0,0.0,0.0,0.0,0.0
172,300.64,760.3,960.4,814.65,54.35,27.1614,0.566,0.0,-760.3,0.0,6.8165,0.0,-760.3,0.0,6.8165,1.0,0.0,0.0,0.0,0.0
173,301.04,770.9,960.0,824.65,53.75,28.4241,0.5463,0.0,-770.9,0.0,6.8165,0.0,-770.9,0.0,6.8165,1.0,0.0,0.0,0.0,0.0
174,301.43,762.55,941.8,816.0,53.45,29.8187,0.5255,0.0,-762.55,0.0,6.8165,0.0,-762.55,0.0,6.8165,1.0,0.0,0.0,0.0,0.0
175,301.82,759.5,962.8,806.05,46.55,22.8972,0.6402,0.0,-759.5,0.0,6.8165,0.0,-759.5,0.0,6.8165,1.0,0.0,0.0,0.0,0.0
176,302.21,753.75,942.6,800.85,47.1,24.9404,0.6031,0.0,-753.75,0.0,6.8165,0.0,-753.75,0.0,6.8165,1.0,0.0,0.0,0.0,0.0
177,302.6,764.85,961.5,811.8,46.95,23.8749,0.6221,0.0,-764.85,0.0,6.8165,0.0,-764.85,0.0,6.8165,1.0,0.0,0.0,0.0,0.0
178,302.99,748.1,944.6,814.25,66.15,33.6641,0.4728,0.0,-748.1,0.0,6.8165,0.0,-748.1,0.0,6.8165,1.0,0.0,0.0,0.0,0.0
179,303.38,761.35,960.75,815.7,54.35,27.2568,0.5645,0.0,-761.35,0.0,6.8165,0.0,-761.35,0.0,6.8165,1.0,0.0,0.0,0.0,0.0
180,303.78,766.55,959.3,806.65,40.1,20.8042,0.6819,0.0,-766.55,0.0,6.8165,0.0,-766.55,0.0,6.8165,1.0,0.0,0.0,0.0,0.0
181,304.17,761.15,954.4,800.8,39.65,20.5175,0.6879,0.0,-761.15,0.0,6.8165,0.0,-761.15,0.0,6.8165,1.0,0.0,0.0,0.0,0.0
182,304.56,764.25,969.2,810.3,46.05,22.4689,0.6484,0.0,-764.25,0.0,6.8165,0.0,-764.25,0.0,6.8165,1.0,0.0,0.0,0.0,0.0
183,304.95,756.3,954.65,802.5,46.2,23.2922,0.6328,0.0,-756.3,0.0,6.8165,0.0,-756.3,0.0,6.8165,1.0,0.0,0.0,0.0,0.0
184,305.34,775.4,968.8,793.85,18.45,9.5398,1.0205,0.0,-775.4,0.0,6.8165,0.0,-775.4,0.0,6.8165,1.0,0.0,0.0,0.0,0.0
185,305.73,754.95,971.55,804.05,49.1,22.6685,0.6446,0.0,-754.95,0.0,6.8165,0.0,-754.95,0.0,6.8165,1.0,0.0,0.0,0.0,0.0
186,306.12,773.5,956.05,800.8,27.3,14.9548,0.8252,0.0,-773.5,0.0,6.8165,0.0,-773.5,0.0,6.8165,1.0,0.0,0.0,0.0,0.0
187,306.51,771.6,946.65,799.45,27.85,15.9097,0.7983,0.0,-771.6,0.0,6.8165,0.0,-771.6,0.0,6.8165,1.0,0.0,0.0,0.0,0.0
188,306.9,772.55,970.2,802.15,29.6,14.976,0.8246,0.0,-772.55,0.0,6.8165,0.0,-772.55,0.0,6.8165,1.0,0.0,0.0,0.0,0.0
189,307.29,771.3,967.4,809.55,38.25,19.5054,0.7098,0.0,-771.3,0.0,6.8165,0.0,-771.3,0.0,6.8165,1.0,0.0,0.0,0.0,0.0
190,307.68,773.65,959.2,820.15,46.5,25.0606,0.601,0.0,-773.65,0.0,6.8165,0.0,-773.65,0.0,6.8165,1.0,0.0,0.0,0.0,0.0
191,308.07,767.7,956.85,814.75,47.05,24.8744,0.6042,0.0,-767.7,0.0,6.8165,0.0,-767.7,0.0,6.8165,1.0,0.0,0.0,0.0,0.0
192,308.46,768.95,957.25,809.7,40.75,21.641,0.6647,0.0,-768.95,0.0,6.8165,0.0,-768.95,0.0,6.8165,1.0,0.0,0.0,0.0,0.0
193,308.85,771.6,963.85,813.5,41.9,21.7945,0.6617,0.0,-771.6,0.0,6.8165,0.0,-771.6,0.0,6.8165,1.0,0.0,0.0,0.0,0.0
194,309.24,759.75,956.0,812.55,52.8,26.9045,0.5702,0.0,-759.75,0.0,6.8165,0.0,-759.75,0.0,6.8165,1.0,0.0,0.0,0.0,0.0
195,309.63,773.65,954.15,814.2,40.55,22.4654,0.6485,0.0,-773.65,0.0,6.8165,0.0,-773.65,0.0,6.8165,1.0,0.0,0.0,0.0,0.0
196,310.02,768.75,967.2,799.05,30.3,15.2683,0.8162,0.0,-768.75,0.0,6.8165,0.0,-768.75,0.0,6.8165,1.0,0.0,0.0,0.0,0.0
197,310.41,768.4,954.75,815.5,47.1,25.275,0.5973,0.0,-768.4,0.0,6.8165,0.0,-768.4,0.0,6.8165,1.0,0.0,0.0,0.0,0.0
198,310.8,756.8,961.25,825.55,68.75,33.6268,0.4733,0.0,-756.8,0.0,6.8165,0.0,-756.8,0.0,6.8165,1.0,0.0,0.0,0.0,0.0
199,311.19,765.75,970.95,816.5,50.75,24.732,0.6067,0.0,-765.75,0.0,6.8165,0.0,-765.75,0.0,6.8165,1.0,0.0,0.0,0.0,0.0
200,311.58,771.35,968.45,794.25,22.9,11.6185,0.9349,0.0,-771.35,0.0,6.8165,0.0,-771.35,0.0,6.8165,1.0,0.0,0.0,0.0,0.0
201,311.97,765.6,960.85,826.5,60.9,31.1908,0.506,0.0,-765.6,0.0,6.8165,0.0,-765.6,0.0,6.8165,1.0,0.0,0.0,0.0,0.0
202,312.36,759.65,991.9,809.55,49.9,21.4855,0.6679,0.0,-759.65,0.0,6.8165,0.0,-759.65,0.0,6.8165,1.0,0.0,0.0,0.0,0.0
203,312.75,769.5,981.2,820.15,50.65,23.9254,0.6211,0.0,-769.5,0.0,6.8165,0.0,-769.5,0.0,6.8165,1.0,0.0,0.0,0.0,0.0
204,313.14,771.8,992.55,817.8,46.0,20.8381,0.6811,0.0,-771.8,0.0,6.8165,0.0,-771.8,0.0,6.8165,1.0,0.0,0.0,0.0,0.0
205,313.53,753.1,972.85,796.95,43.85,19.9545,0.7,0.0,-753.1,0.0,6.8165,0.0,-753.1,0.0,6.8165,1.0,0.0,0.0,0.0,0.0
206,313.91,760.45,978.0,819.45,59.0,27.1202,0.5667,0.0,-760.45,0.0,6.8165,0.0,-760.45,0.0,6.8165,1.0,0.0,0.0,0.0,0.0
207,314.3,772.25,977.15,808.2,35.95,17.5451,0.7558,0.0,-772.25,0.0,6.8165,0.0,-772.25,0.0,6.8165,1.0,0.0,0.0,0.0,0.0
208,314.69,770.9,987.35,799.15,28.25,13.0515,0.8843,0.0,-770.9,0.0,6.8165,0.0,-770.9,0.0,6.8165,1.0,0.0,0.0,0.0,0.0
209,315.08,762.6,985.85,799.75,37.15,16.6405,0.7788,0.0,-762.6,0.0,6.8165,0.0,-762.6,0.0,6.8165,1.0,0.0,0.0,0.0,0.0
210,315.47,773.6,971.1,803.05,29.45,14.9114,0.8265,0.0,-773.6,0.0,6.8165,0.0,-773.6,0.0,6.8165,1.0,0.0,0.0,0.0,0.0
211,315.86,765.2,986.15,797.5,32.3,14.6187,0.8351,0.0,-765.2,0.0,6.8165,0.0,-765.2,0.0,6.8165,1.0,0.0,0.0,0.0,0.0
212,316.25,765.25,977.0,813.35,48.1,22.7155,0.6437,0.0,-765.25,0.0,6.8165,0.0,-765.25,0.0,6.8165,1.0,0.0,0.0,0.0,0.0
213,316.63,766.25,992.6,799.9,33.65,14.8664,0.8278,0.0,-766.25,0.0,6.8165,0.0,-766.25,0.0,6.8165,1.0,0.0,0.0,0.0,0.0
214,317.02,765.55,979.1,813.4,47.85,22.4069,0.6496,0.0,-765.55,0.0,6.8165,0.0,-765.55,0.0,6.8165,1.0,0.0,0.0,0.0,0.0
215,317.41,759.75,981.45,807.3,47.55,21.4479,0.6686,0.0,-759.75,0.0,6.8165,0.0,-759.75,0.0,6.8165,1.0,0.0,0.0,0.0,0.0
216,317.8,767.2,973.15,801.2,34.0,16.5089,0.7823,0.0,-767.2,0.0,6.8165,0.0,-767.2,0.0,6.8165,1.0,0.0,0.0,0.0,0.0
217,318.19,776.25,966.15,800.0,23.75,12.5066,0.9029,0.0,-776.25,0.0,6.8165,0.0,-776.25,0.0,6.8165,1.0,0.0,0.0,0.0,0.0
218,318.57,759.5,989.05,813.15,53.65,23.3718,0.6313,0.0,-759.5,0.0,6.8165,0.0,-759.5,0.0,6.8165,1.0,0.0,0.0,0.0,0.0
219,318.96,767.9,987.25,799.35,31.45,14.3378,0.8435,0.0,-767.9,0.0,6.8165,0.0,-767.9,0.0,6.8165,1.0,0.0,0.0,0.0,0.0
220,319.35,753.55,980.55,814.4,60.85,26.8062,0.5718,0.0,-753.55,0.0,6.8165,0.0,-753.55,0.0,6.8165,1.0,0.0,0.0,0.0,0.0
221,319.74,756.05,964.75,807.15,51.1,24.4849,0.6111,0.0,-756.05,0.0,6.8165,0.0,-756.05,0.0,6.8165,1.0,0.0,0.0,0.0,0.0
222,320.12,759.2,983.55,819.25,60.05,26.7662,0.5724,0.0,-759.2,0.0,6.8165,0.0,-759.2,0.0,6.8165,1.0,0.0,0.0,0.0,0.0
223,320.51,757.4,981.0,799.4,42.0,18.7835,0.7262,0.0,-757.4,0.0,6.8165,0.0,-757.4,0.0,6.8165,1.0,0.0,0.0,0.0,0.0
224,320.9,774.7,993.45,811.65,36.95,16.8914,0.7723,0.0,-774.7,0.0,6.8165,0.0,-774.7,0.0,6.8165,1.0,0.0,0.0,0.0,0.0
225,321.28,763.05,996.2,803.7,40.65,17.4351,0.7586,0.0,-763.05,0.0,6.8165,0.0,-763.05,0.0,6.8165,1.0,0.0,0.0,0.0,0.0
226,321.67,767.75,991.15,801.95,34.2,15.3089,0.8151,0.0,-767.75,0.0,6.8165,0.0,-767.75,0.0,6.8165,1.0,0.0,0.0,0.0,0.0
227,322.06,764.7,968.8,792.55,27.85,13.6453,0.865,0.0,-764.7,0.0,6.8165,0.0,-764.7,0.0,6.8165,1.0,0.0,0.0,0.0,0.0
228,322.45,770.5,973.65,810.8,40.3,19.8376,0.7025,0.0,-770.5,0.0,6.8165,0.0,-770.5,0.0,6.8165,1.0,0.0,0.0,0.0,0.0
229,322.83,770.95,989.4,799.55,28.6,13.0922,0.883,0.0,-770.95,0.0,6.8165,0.0,-770.95,0.0,6.8165,1.0,0.0,0.0,0.0,0.0
230,323.22,762.5,984.75,794.7,32.2,14.4882,0.839,0.0,-762.5,0.0,6.8165,0.0,-762.5,0.0,6.8165,1.0,0.0,0.0,0.0,0.0
231,323.61,773.3,994.25,809.9,36.6,16.5648,0.7808,0.0,-773.3,0.0,6.8165,0.0,-773.3,0.0,6.8165,1.0,0.0,0.0,0.0,0.0
232,323.99,765.3,983.65,808.95,43.65,19.9908,0.6992,0.0,-765.3,0.0,6.8165,0.0,-765.3,0.0,6.8165,1.0,0.0,0.0,0.0,0.0
233,324.38,763.05,983.9,808.25,45.2,20.4664,0.689,0.0,-763.05,0.0,6.8165,0.0,-763.05,0.0,6.8165,1.0,0.0,0.0,0.0,0.0
234,324.77,765.55,973.1,815.25,49.7,23.946,0.6208,0.0,-765.55,0.0,6.8165,0.0,-765.55,0.0,6.8165,1.0,0.0,0.0,0.0,0.0
235,325.15,778.75,998.4,811.05,32.3,14.7052,0.8325,0.0,-778.75,0.0,6.8165,0.0,-778.75,0.0,6.8165,1.0,0.0,0.0,0.0,0.0
236,325.54,759.55,995.2,813.1,53.55,22.7244,0.6435,0.0,-759.55,0.0,6.8165,0.0,-759.55,0.0,6.8165,1.0,0.0,0.0,0.0,0.0
237,325.92,764.35,995.85,809.75,45.4,19.6112,0.7075,0.0,-764.35,0.0,6.8165,0.0,-764.35,0.0,6.8165,1.0,0.0,0.0,0.0,0.0
238,326.31,768.65,995.2,809.8,41.15,18.1638,0.7408,0.0,-768.65,0.0,6.8165,0.0,-768.65,0.0,6.8165,1.0,0.0,0.0,0.0,0.0
239,326.7,751.95,1000.55,807.75,55.8,22.4457,0.6489,0.0,-751.95,0.0,6.8165,0.0,-751.95,0.0,6.8165,1.0,0.0,0.0,0.0,0.0
240,327.08,771.1,1008.05,807.55,36.45,15.383,0.813,0.0,-771.1,0.0,6.8165,0.0,-771.1,0.0,6.8165,1.0,0.0,0.0,0.0,0.0
241,327.47,763.95,994.65,803.25,39.3,17.0351,0.7687,0.0,-763.95,0.0,6.8165,0.0,-763.95,0.0,6.8165,1.0,0.0,0.0,0.0,0.0
242,327.85,758.2,984.25,803.45,45.25,20.0177,0.6986,0.0,-758.2,0.0,6.8165,0.0,-758.2,0.0,6.8165,1.0,0.0,0.0,0.0,0.0
243,328.24,777.95,992.35,799.35,21.4,9.9813,1.0008,0.0,-777.95,0.0,6.8165,0.0,-777.95,0.0,6.8165,1.0,0.0,0.0,0.0,0.0
244,328.62,747.25,1005.55,811.25,64.0,24.7774,0.6059,0.0,-747.25,0.0,6.8165,0.0,-747.25,0.0,6.8165,1.0,0.0,0.0,0.0,0.0
245,329.01,758.8,979.7,811.9,53.1,24.038,0.6191,0.0,-758.8,0.0,6.8165,0.0,-758.8,0.0,6.8165,1.0,0.0,0.0,0.0,0.0
246,329.39,772.8,992.5,796.4,23.6,10.7419,0.9689,0.0,-772.8,0.0,6.8165,0.0,-772.8,0.0,6.8165,1.0,0.0,0.0,0.0,0.0
247,329.78,766.6,987.0,815.55,48.95,22.2096,0.6535,0.0,-766.6,0.0,6.8165,0.0,-766.6,0.0,6.8165,1.0,0.0,0.0,0.0,0.0
248,330.16,779.75,993.6,802.75,23.0,10.7552,0.9684,0.0,-779.75,0.0,6.8165,0.0,-779.75,0.0,6.8165,1.0,0.0,0.0,0.0,0.0
249,330.55,764.0,1002.75,799.85,35.85,15.0157,0.8235,0.0,-764.0,0.0,6.8165,0.0,-764.0,0.0,6.8165,1.0,0.0,0.0,0.0,0.0
250,330.93,763.95,999.85,817.75,53.8,22.8063,0.6419,0.0,-763.95,0.0,6.8165,0.0,-763.95,0.0,6.8165,1.0,0.0,0.0,0.0,0.0
251,331.32,751.05,994.4,794.75,43.7,17.9577,0.7457,0.0,-751.05,0.0,6.8165,0.0,-751.05,0.0,6.8165,1.0,0.0,0.0,0.0,0.0
252,331.7,764.35,1011.35,797.3,32.95,13.3401,0.8748,0.0,-764.35,0.0,6.8165,0.0,-764.35,0.0,6.8165,1.0,0.0,0.0,0.0,0.0
253,332.09,749.45,1007.5,811.1,61.65,23.8907,0.6218,0.0,-749.45,0.0,6.8165,0.0,-749.45,0.0,6.8165,1.0,0.0,0.0,0.0,0.0
254,332.47,757.2,1012.5,816.4,59.2,23.1884,0.6347,0.0,-757.2,0.0,6.8165,0.0,-757.2,0.0,6.8165,1.0,0.0,0.0,0.0,0.0
255,332.86,764.85,1007.45,831.65,66.8,27.535,0.5601,0.0,-764.85,0.0,6.8165,0.0,-764.85,0.0,6.8165,1.0,0.0,0.0,0.0,0.0
256,333.24,752.05,997.0,822.3,70.25,28.6793,0.5424,0.0,-752.05,0.0,6.8165,0.0,-752.05,0.0,6.8165,1.0,0.0,0.0,0.0,0.0
257,333.63,763.65,1004.25,817.15,53.5,22.2361,0.6529,0.0,-763.65,0.0,6.8165,0.0,-763.65,0.0,6.8165,1.0,0.0,0.0,0.0,0.0
258,334.01,765.25,1000.85,816.75,51.5,21.8591,0.6604,0.0,-765.25,0.0,6.8165,0.0,-765.25,0.0,6.8165,1.0,0.0,0.0,0.0,0.0
259,334.39,787.35,992.95,803.9,16.55,8.0496,1.0942,0.0,-787.35,0.0,6.8165,0.0,-787.35,0.0,6.8165,1.0,0.0,0.0,0.0,0.0
260,334.78,760.55,1004.3,811.15,50.6,20.759,0.6828,0.0,-760.55,0.0,6.8165,0.0,-760.55,0.0,6.8165,1.0,0.0,0.0,0.0,0.0
261,335.16,761.2,1007.5,805.45,44.25,17.9659,0.7456,0.0,-761.2,0.0,6.8165,0.0,-761.2,0.0,6.8165,1.0,0.0,0.0,0.0,0.0
262,335.55,761.0,1008.9,813.15,52.15,21.0367,0.677,0.0,-761.0,0.0,6.8165,0.0,-761.0,0.0,6.8165,1.0,0.0,0.0,0.0,0.0
263,335.93,762.15,979.0,810.95,48.8,22.504,0.6477,0.0,-762.15,0.0,6.8165,0.0,-762.15,0.0,6.8165,1.0,0.0,0.0,0.0,0.0
264,336.31,765.55,1000.2,813.2,47.65,20.3068,0.6924,0.0,-765.55,0.0,6.8165,0.0,-765.55,0.0,6.8165,1.0,0.0,0.0,0.0,0.0
265,336.7,769.2,1007.65,808.15,38.95,16.3347,0.7869,0.0,-769.2,0.0,6.8165,0.0,-769.2,0.0,6.8165,1.0,0.0,0.0,0.0,0.0
266,337.08,769.9,1024.0,801.45,31.55,12.4164,0.906,0.0,-769.9,0.0,6.8165,0.0,-769.9,0.0,6.8165,1.0,0.0,0.0,0.0,0.0
267,337.46,763.05,1020.35,813.25,50.2,19.5103,0.7097,0.0,-763.05,0.0,6.8165,0.0,-763.05,0.0,6.8165,1.0,0.0,0.0,0.0,0.0
268,337.85,758.1,1018.85,815.8,57.7,22.1285,0.655,0.0,-758.1,0.0,6.8165,0.0,-758.1,0.0,6.8165,1.0,0.0,0.0,0.0,0.0
269,338.23,766.95,998.65,809.1,42.15,18.1916,0.7401,0.0,-766.95,0.0,6.8165,0.0,-766.95,0.0,6.8165,1.0,0.0,0.0,0.0,0.0
270,338.61,764.1,1014.7,813.45,49.35,19.6927,0.7057,0.0,-764.1,0.0,6.8165,0.0,-764.1,0.0,6.8165,1.0,0.0,0.0,0.0,0.0
271,339.0,768.25,1027.35,819.75,51.5,19.8765,0.7017,0.0,-768.25,0.0,6.8165,0.0,-768.25,0.0,6.8165,1.0,0.0,0.0,0.0,0.0
272,339.38,762.8,1012.3,797.0,34.2,13.7074,0.863,0.0,-762.8,0.0,6.8165,0.0,-762.8,0.0,6.8165,1.0,0.0,0.0,0.0,0.0
273,339.76,756.1,1010.75,816.6,60.5,23.7581,0.6242,0.0,-756.1,0.0,6.8165,0.0,-756.1,0.0,6.8165,1.0,0.0,0.0,0.0,0.0
274,340.14,787.75,1013.3,828.0,40.25,17.8453,0.7485,0.0,-787.75,0.0,6.8165,0.0,-787.75,0.0,6.8165,1.0,0.0,0.0,0.0,0.0
275,340.53,763.45,1022.4,819.5,56.05,21.6451,0.6646,0.0,-763.45,0.0,6.8165,0.0,-763.45,0.0,6.8165,1.0,0.0,0.0,0.0,0.0
276,340.91,769.65,1009.25,810.5,40.85,17.0492,0.7683,0.0,-769.65,0.0,6.8165,0.0,-769.65,0.0,6.8165,1.0,0.0,0.0,0.0,0.0
277,341.29,761.25,1028.6,805.9,44.65,16.701,0.7773,0.0,-761.25,0.0,6.8165,0.0,-761.25,0.0,6.8165,1.0,0.0,0.0,0.0,0.0
278,341.67,772.15,1010.4,808.75,36.6,15.362,0.8136,0.0,-772.15,0.0,6.8165,0.0,-772.15,0.0,6.8165,1.0,0.0,0.0,0.0,0.0
279,342.06,766.7,1016.25,813.9,47.2,18.914,0.7232,0.0,-766.7,0.0,6.8165,0.0,-766.7,0.0,6.8165,1.0,0.0,0.0,0.0,0.0
280,342.44,767.1,1019.35,814.4,47.3,18.7512,0.727,0.0,-767.1,0.0,6.8165,0.0,-767.1,0.0,6.8165,1.0,0.0,0.0,0.0,0.0
281,342.82,753.35,1026.4,817.35,64.0,23.4389,0.6301,0.0,-753.35,0.0,6.8165,0.0,-753.35,0.0,6.8165,1.0,0.0,0.0,0.0,0.0
282,343.2,766.3,1029.65,804.1,37.8,14.3535,0.843,0.0,-766.3,0.0,6.8165,0.0,-766.3,0.0,6.8165,1.0,0.0,0.0,0.0,0.0
283,343.59,761.3,1028.95,810.3,49.0,18.3075,0.7374,0.0,-761.3,0.0,6.8165,0.0,-761.3,0.0,6.8165,1.0,0.0,0.0,0.0,0.0
284,343.97,771.75,1025.3,817.35,45.6,17.9846,0.7451,0.0,-771.75,0.0,6.8165,0.0,-771.75,0.0,6.8165,1.0,0.0,0.0,0.0,0.0
285,344.35,752.75,1026.5,815.7,62.95,22.9954,0.6384,0.0,-752.75,0.0,6.8165,0.0,-752.75,0.0,6.8165,1.0,0.0,0.0,0.0,0.0
286,344.73,773.65,1022.5,823.1,49.45,19.8714,0.7018,0.0,-773.65,0.0,6.8165,0.0,-773.65,0.0,6.8165,1.0,0.0,0.0,0.0,0.0
287,345.11,770.8,1038.05,825.4,54.6,20.4303,0.6897,0.0,-770.8,0.0,6.8165,0.0,-770.8,0.0,6.8165,1.0,0.0,0.0,0.0,0.0
288,345.49,766.9,1040.25,816.8,49.9,18.255,0.7386,0.0,-766.9,0.0,6.8165,0.0,-766.9,0.0,6.8165,1.0,0.0,0.0,0.0,0.0
289,345.88,770.65,1036.35,811.65,41.0,15.4309,0.8116,0.0,-770.65,0.0,6.8165,0.0,-770.65,0.0,6.8165,1.0,0.0,0.0,0.0,0.0
290,346.26,762.5,1032.65,813.85,51.35,19.008,0.7211,0.0,-762.5,0.0,6.8165,0.0,-762.5,0.0,6.8165,1.0,0.0,0.0,0.0,0.0
291,346.64,761.05,1044.4,805.9,44.85,15.8285,0.8006,0.0,-761.05,0.0,6.8165,0.0,-761.05,0.0,6.8165,1.0,0.0,0.0,0.0,0.0
292,347.02,774.1,1036.35,813.8,39.7,15.1382,0.8199,0.0,-774.1,0.0,6.8165,0.0,-774.1,0.0,6.8165,1.0,0.0,0.0,0.0,0.0
293,347.4,769.55,1034.65,816.05,46.5,17.5406,0.756,0.0,-769.55,0.0,6.8165,0.0,-769.55,0.0,6.8165,1.0,0.0,0.0,0.0,0.0
294,347.78,752.75,1031.35,817.7,64.95,23.313,0.6324,0.0,-752.75,0.0,6.8165,0.0,-752.75,0.0,6.8165,1.0,0.0,0.0,0.0,0.0
295,348.16,767.8,1030.25,811.6,43.8,16.6889,0.7776,0.0,-767.8,0.0,6.8165,0.0,-767.8,0.0,6.8165,1.0,0.0,0.0,0.0,0.0
296,348.54,768.65,1035.6,802.35,33.7,12.6241,0.8988,0.0,-768.65,0.0,6.8165,0.0,-768.65,0.0,6.8165,1.0,0.0,0.0,0.0,0.0
297,348.92,759.75,1021.75,804.35,44.6,17.0229,0.769,0.0,-759.75,0.0,6.8165,0.0,-759.75,0.0,6.8165,1.0,0.0,0.0,0.0,0.0
298,349.3,765.3,1025.4,810.2,44.9,17.2626,0.7629,0.0,-765.3,0.0,6.8165,0.0,-765.3,0.0,6.8165,1.0,0.0,0.0,0.0,0.0
299,349.68,771.75,1038.95,820.9,49.15,18.3945,0.7353,0.0,-771.75,0.0,6.8165,0.0,-771.75,0.0,6.8165,1.0,0.0,0.0,0.0,0.0
300,350.06,768.6,1043.3,803.25,34.65,12.6138,0.8992,0.0,-768.6,0.0,6.8165,0.0,-768.6,0.0,6.8165,1.0,0.0,0.0,0.0,0.0
301,350.44,764.4,1051.35,793.8,29.4,10.2457,0.9895,0.0,-764.4,0.0,6.8165,0.0,-764.4,0.0,6.8165,1.0,0.0,0.0,0.0,0.0
302,350.82,770.95,1038.3,804.7,33.75,12.6239,0.8988,0.0,-770.95,0.0,6.8165,0.0,-770.95,0.0,6.8165,1.0,0.0,0.0,0.0,0.0
303,351.21,763.9,1019.4,813.55,49.65,19.4325,0.7115,0.0,-763.9,0.0,6.8165,0.0,-763.9,0.0,6.8165,1.0,0.0,0.0,0.0,0.0
304,351.59,758.2,1046.65,805.65,47.45,16.45,0.7838,0.0,-758.2,0.0,6.8165,0.0,-758.2,0.0,6.8165,1.0,0.0,0.0,0.0,0.0
305,351.97,773.2,1042.1,826.85,53.65,19.9517,0.7,0.0,-773.2,0.0,6.8165,0.0,-773.2,0.0,6.8165,1.0,0.0,0.0,0.0,0.0
306,352.34,775.2,1049.25,821.55,46.35,16.913,0.7718,0.0,-775.2,0.0,6.8165,0.0,-775.2,0.0,6.8165,1.0,0.0,0.0,0.0,0.0
307,352.72,778.35,1051.9,817.65,39.3,14.3667,0.8426,0.0,-778.35,0.0,6.8165,0.0,-778.35,0.0,6.8165,1.0,0.0,0.0,0.0,0.0
308,353.1,778.2,1048.15,816.05,37.85,14.0211,0.8532,0.0,-778.2,0.0,6.8165,0.0,-778.2,0.0,6.8165,1.0,0.0,0.0,0.0,0.0
309,353.48,749.0,1041.0,819.85,70.85,24.2637,0.615,0.0,-749.0,0.0,6.8165,0.0,-749.0,0.0,6.8165,1.0,0.0,0.0,0.0,0.0
310,353.86,770.9,1055.65,816.65,45.75,16.0667,0.7941,0.0,-770.9,0.0,6.8165,0.0,-770.9,0.0,6.8165,1.0,0.0,0.0,0.0,0.0
311,354.24,763.5,1028.85,809.8,46.3,17.4487,0.7582,0.0,-763.5,0.0,6.8165,0.0,-763.5,0.0,6.8165,1.0,0.0,0.0,0.0,0.0
312,354.62,771.95,1041.95,817.6,45.65,16.9074,0.7719,0.0,-771.95,0.0,6.8165,0.0,-771.95,0.0,6.8165,1.0,0.0,0.0,0.0,0.0
313,355.0,766.65,1039.35,820.45,53.8,19.7286,0.7049,0.0,-766.65,0.0,6.8165,0.0,-766.65,0.0,6.8165,1.0,0.0,0.0,0.0,0.0
314,355.38,756.95,1042.35,821.3,64.35,22.5473,0.6469,0.0,-756.95,0.0,6.8165,0.0,-756.95,0.0,6.8165,1.0,0.0,0.0,0.0,0.0
315,355.76,764.4,1051.6,818.1,53.7,18.6978,0.7282,0.0,-764.4,0.0,6.8165,0.0,-764.4,0.0,6.8165,1.0,0.0,0.0,0.0,0.0
316,356.14,762.25,1050.15,819.2,56.95,19.7812,0.7037,0.0,-762.25,0.0,6.8165,0.0,-762.25,0.0,6.8165,1.0,0.0,0.0,0.0,0.0
317,356.52,765.7,1029.4,813.6,47.9,18.1646,0.7408,0.0,-765.7,0.0,6.8165,0.0,-765.7,0.0,6.8165,1.0,0.0,0.0,0.0,0.0
318,356.9,753.75,1043.9,812.15,58.4,20.1275,0.6962,0.0,-753.75,0.0,6.8165,0.0,-753.75,0.0,6.8165,1.0,0.0,0.0,0.0,0.0
319,357.27,754.95,1055.0,827.8,72.85,24.2793,0.6148,0.0,-754.95,0.0,6.8165,0.0,-754.95,0.0,6.8165,1.0,0.0,0.0,0.0,0.0
320,357.65,773.35,1045.8,807.2,33.85,12.4243,0.9057,0.0,-773.35,0.0,6.8165,0.0,-773.35,0.0,6.8165,1.0,0.0,0.0,0.0,0.0
321,358.03,757.6,1042.8,825.7,68.1,23.878,0.622,0.0,-757.6,0.0,6.8165,0.0,-757.6,0.0,6.8165,1.0,0.0,0.0,0.0,0.0
322,358.41,772.2,1042.65,819.7,47.5,17.5633,0.7554,0.0,-772.2,0.0,6.8165,0.0,-772.2,0.0,6.8165,1.0,0.0,0.0,0.0,0.0
323,358.79,751.35,1052.0,815.9,64.55,21.4701,0.6682,0.0,-751.35,0.0,6.8165,0.0,-751.35,0.0,6.8165,1.0,0.0,0.0,0.0,0.0
324,359.17,753.4,1055.75,818.6,65.2,21.5644,0.6663,0.0,-753.4,0.0,6.8165,0.0,-753.4,0.0,6.8165,1.0,0.0,0.0,0.0,0.0
325,359.55,752.9,1047.0,808.95,56.05,19.0581,0.7199,0.0,-752.9,0.0,6.8165,0.0,-752.9,0.0,6.8165,1.0,0.0,0.0,0.0,0.0
326,359.92,747.0,1051.05,804.55,57.55,18.9278,0.7229,0.0,-747.0,0.0,6.8165,0.0,-747.0,0.0,6.8165,1.0,0.0,0.0,0.0,0.0
327,360.3,772.1,1053.85,826.15,54.05,19.1837,0.7171,0.0,-772.1,0.0,6.8165,0.0,-772.1,0.0,6.8165,1.0,0.0,0.0,0.0,0.0
328,360.68,769.8,1062.8,807.55,37.75,12.884,0.89,0.0,-769.8,0.0,6.8165,0.0,-769.8,0.0,6.8165,1.0,0.0,0.0,0.0,0.0
329,361.06,761.5,1051.75,820.45,58.95,20.3101,0.6923,0.0,-761.5,0.0,6.8165,0.0,-761.5,0.0,6.8165,1.0,0.0,0.0,0.0,0.0
330,361.43,771.55,1056.15,812.55,41.0,14.4062,0.8415,0.0,-771.55,0.0,6.8165,0.0,-771.55,0.0,6.8165,1.0,0.0,0.0,0.0,0.0
331,361.81,770.8,1048.7,818.65,47.85,17.2184,0.764,0.0,-770.8,0.0,6.8165,0.0,-770.8,0.0,6.8165,1.0,0.0,0.0,0.0,0.0
332,362.19,763.4,1047.95,810.45,47.05,16.5349,0.7816,0.0,-763.4,0.0,6.8165,0.0,-763.4,0.0,6.8165,1.0,0.0,0.0,0.0,0.0
333,362.57,761.45,1047.4,795.2,33.75,11.8028,0.928,0.0,-761.45,0.0,6.8165,0.0,-761.45,0.0,6.8165,1.0,0.0,0.0,0.0,0.0
334,362.94,767.65,1051.2,803.25,35.6,12.5551,0.9012,0.0,-767.65,0.0,6.8165,0.0,-767.65,0.0,6.8165,1.0,0.0,0.0,0.0,0.0
335,363.32,764.45,1045.0,819.05,54.6,19.4618,0.7108,0.0,-764.45,0.0,6.8165,0.0,-764.45,0.0,6.8165,1.0,0.0,0.0,0.0,0.0
336,363.7,760.95,1059.15,817.5,56.55,18.9638,0.7221,0.0,-760.95,0.0,6.8165,0.0,-760.95,0.0,6.8165,1.0,0.0,0.0,0.0,0.0
337,364.08,768.85,1059.5,827.1,58.25,20.0413,0.6981,0.0,-768.85,0.0,6.8165,0.0,-768.85,0.0,6.8165,1.0,0.0,0.0,0.0,0.0
338,364.45,751.85,1045.85,808.7,56.85,19.3367,0.7136,0.0,-751.85,0.0,6.8165,0.0,-751.85,0.0,6.8165,1.0,0.0,0.0,0.0,0.0
339,364.83,767.45,1064.85,822.25,54.8,18.4264,0.7346,0.0,-767.45,0.0,6.8165,0.0,-767.45,0.0,6.8165,1.0,0.0,0.0,0.0,0.0
340,365.21,764.85,1071.5,830.55,65.7,21.4251,0.6691,0.0,-764.85,0.0,6.8165,0.0,-764.85,0.0,6.8165,1.0,0.0,0.0,0.0,0.0
341,365.58,783.1,1068.4,827.0,43.9,15.3873,0.8128,0.0,-783.1,0.0,6.8165,0.0,-783.1,0.0,6.8165,1.0,0.0,0.0,0.0,0.0
342,365.96,762.3,1076.75,830.2,67.9,21.5933,0.6657,0.0,-762.3,0.0,6.8165,0.0,-762.3,0.0,6.8165,1.0,0.0,0.0,0.0,0.0
343,366.34,764.4,1060.6,821.9,57.5,19.4126,0.7119,0.0,-764.4,0.0,6.8165,0.0,-764.4,0.0,6.8165,1.0,0.0,0.0,0.0,0.0
344,366.71,767.95,1055.25,822.25,54.3,18.9001,0.7235,0.0,-767.95,0.0,6.8165,0.0,-767.95,0.0,6.8165,1.0,0.0,0.0,0.0,0.0
345,367.09,758.05,1065.3,822.25,64.2,20.895,0.68,0.0,-758.05,0.0,6.8165,0.0,-758.05,0.0,6.8165,1.0,0.0,0.0,0.0,0.0
346,367.47,783.75,1061.7,821.15,37.4,13.4557,0.8711,0.0,-783.75,0.0,6.8165,0.0,-783.75,0.0,6.8165,1.0,0.0,0.0,0.0,0.0
347,367.84,774.9,1051.55,827.05,52.15,18.8505,0.7247,0.0,-774.9,0.0,6.8165,0.0,-774.9,0.0,6.8165,1.0,0.0,0.0,0.0,0.0
348,368.22,768.2,1074.0,822.2,54.0,17.6586,0.753,0.0,-768.2,0.0,6.8165,0.0,-768.2,0.0,6.8165,1.0,0.0,0.0,0.0,0.0
349,368.59,761.05,1075.55,821.55,60.5,19.2369,0.7159,0.0,-761.05,0.0,6.8165,0.0,-761.05,0.0,6.8165,1.0,0.0,0.0,0.0,0.0
350,368.97,757.25,1073.55,840.1,82.85,26.1935,0.5818,0.0,-757.25,0.0,6.8165,0.0,-757.25,0.0,6.8165,1.0,0.0,0.0,0.0,0.0
351,369.35,755.75,1071.7,812.45,56.7,17.9459,0.746,0.0,-755.75,0.0,6.8165,0.0,-755.75,0.0,6.8165,1.0,0.0,0.0,0.0,0.0
352,369.72,772.95,1063.65,823.2,50.25,17.2859,0.7623,0.0,-772.95,0.0,6.8165,0.0,-772.95,0.0,6.8165,1.0,0.0,0.0,0.0,0.0
353,370.1,774.45,1072.35,827.95,53.5,17.959,0.7457,0.0,-774.45,0.0,6.8165,0.0,-774.45,0.0,6.8165,1.0,0.0,0.0,0.0,0.0
354,370.47,776.9,1075.2,817.15,40.25,13.4931,0.8699,0.0,-776.9,0.0,6.8165,0.0,-776.9,0.0,6.8165,1.0,0.0,0.0,0.0,0.0
355,370.85,786.8,1067.95,821.05,34.25,12.1821,0.9143,0.0,-786.8,0.0,6.8165,0.0,-786.8,0.0,6.8165,1.0,0.0,0.0,0.0,0.0
356,371.22,780.05,1063.3,823.55,43.5,15.3575,0.8137,0.0,-780.05,0.0,6.8165,0.0,-780.05,0.0,6.8165,1.0,0.0,0.0,0.0,0.0
357,371.6,761.15,1066.4,829.95,68.8,22.5389,0.6471,0.0,-761.15,0.0,6.8165,0.0,-761.15,0.0,6.8165,1.0,0.0,0.0,0.0,0.0
358,371.97,769.95,1078.6,831.4,61.45,19.9093,0.7009,0.0,-769.95,0.0,6.8165,0.0,-769.95,0.0,6.8165,1.0,0.0,0.0,0.0,0.0
359,372.35,770.55,1093.15,826.65,56.1,17.39,0.7597,0.0,-770.55,0.0,6.8165,0.0,-770.55,0.0,6.8165,1.0,0.0,0.0,0.0,0.0
360,372.72,766.9,1068.75,812.6,45.7,15.14,0.8199,0.0,-766.9,0.0,6.8165,0.0,-766.9,0.0,6.8165,1.0,0.0,0.0,0.0,0.0
361,373.1,755.75,1083.05,819.85,64.1,19.5845,0.7081,0.0,-755.75,0.0,6.8165,0.0,-755.75,0.0,6.8165,1.0,0.0,0.0,0.0,0.0
362,373.47,758.0,1071.7,817.1,59.1,18.8397,0.7249,0.0,-758.0,0.0,6.8165,0.0,-758.0,0.0,6.8165,1.0,0.0,0.0,0.0,0.0
363,373.85,767.55,1077.75,817.05,49.5,15.9574,0.797,0.0,-767.55,0.0,6.8165,0.0,-767.55,0.0,6.8165,1.0,0.0,0.0,0.0,0.0
364,374.22,770.75,1081.9,829.5,58.75,18.8816,0.724,0.0,-770.75,0.0,6.8165,0.0,-770.75,0.0,6.8165,1.0,0.0,0.0,0.0,0.0
365,374.6,770.85,1086.3,824.6,53.75,17.0392,0.7686,0.0,-770.85,0.0,6.8165,0.0,-770.85,0.0,6.8165,1.0,0.0,0.0,0.0,0.0
366,374.97,753.7,1081.9,825.9,72.2,21.9988,0.6576,0.0,-753.7,0.0,6.8165,0.0,-753.7,0.0,6.8165,1.0,0.0,0.0,0.0,0.0
367,375.35,764.8,1070.9,827.05,62.25,20.3365,0.6917,0.0,-764.8,0.0,6.8165,0.0,-764.8,0.0,6.8165,1.0,0.0,0.0,0.0,0.0
368,375.72,768.1,1089.2,818.75,50.65,15.7739,0.8021,0.0,-768.1,0.0,6.8165,0.0,-768.1,0.0,6.8165,1.0,0.0,0.0,0.0,0.0
369,376.09,775.5,1084.35,835.75,60.25,19.5079,0.7098,0.0,-775.5,0.0,6.8165,0.0,-775.5,0.0,6.8165,1.0,0.0,0.0,0.0,0.0
370,376.47,769.0,1099.4,829.1,60.1,18.1901,0.7402,0.0,-769.0,0.0,6.8165,0.0,-769.0,0.0,6.8165,1.0,0.0,0.0,0.0,0.0
371,376.84,773.4,1090.05,830.45,57.05,18.0167,0.7443,0.0,-773.4,0.0,6.8165,0.0,-773.4,0.0,6.8165,1.0,0.0,0.0,0.0,0.0
372,377.22,779.2,1077.3,839.4,60.2,20.1946,0.6948,0.0,-779.2,0.0,6.8165,0.0,-779.2,0.0,6.8165,1.0,0.0,0.0,0.0,0.0
373,377.59,776.7,1084.15,832.65,55.95,18.1981,0.74,0.0,-776.7,0.0,6.8165,0.0,-776.7,0.0,6.8165,1.0,0.0,0.0,0.0,0.0
374,377.96,767.45,1090.25,824.5,57.05,17.6735,0.7527,0.0,-767.45,0.0,6.8165,0.0,-767.45,0.0,6.8165,1.0,0.0,0.0,0.0,0.0
375,378.34,770.3,1108.1,846.2,75.9,22.4689,0.6484,0.0,-770.3,0.0,6.8165,0.0,-770.3,0.0,6.8165,1.0,0.0,0.0,0.0,0.0
376,378.71,759.8,1107.25,843.35,83.55,24.0466,0.6189,0.0,-759.8,0.0,6.8165,0.0,-759.8,0.0,6.8165,1.0,0.0,0.0,0.0,0.0
377,379.08,781.65,1096.45,825.95,44.3,14.0724,0.8516,0.0,-781.65,0.0,6.8165,0.0,-781.65,0.0,6.8165,1.0,0.0,0.0,0.0,0.0
378,379.46,775.8,1119.6,838.9,63.1,18.3537,0.7363,0.0,-775.8,0.0,6.8165,0.0,-775.8,0.0,6.8165,1.0,0.0,0.0,0.0,0.0
379,379.83,777.6,1106.5,831.85,54.25,16.4944,0.7827,0.0,-777.6,0.0,6.8165,0.0,-777.6,0.0,6.8165,1.0,0.0,0.0,0.0,0.0
380,380.2,752.8,1113.6,824.4,71.6,19.8448,0.7024,0.0,-752.8,0.0,6.8165,0.0,-752.8,0.0,6.8165,1.0,0.0,0.0,0.0,0.0
381,380.58,767.7,1113.7,840.15,72.45,20.9393,0.679,0.0,-767.7,0.0,6.8165,0.0,-767.7,0.0,6.8165,1.0,0.0,0.0,0.0,0.0
382,380.95,764.65,1099.55,821.1,56.45,16.8558,0.7733,0.0,-764.65,0.0,6.8165,0.0,-764.65,0.0,6.8165,1.0,0.0,0.0,0.0,0.0
383,381.32,764.25,1107.0,835.3,71.05,20.7294,0.6834,0.0,-764.25,0.0,6.8165,0.0,-764.25,0.0,6.8165,1.0,0.0,0.0,0.0,0.0
384,381.7,759.1,1115.05,837.3,78.2,21.9694,0.6582,0.0,-759.1,0.0,6.8165,0.0,-759.1,0.0,6.8165,1.0,0.0,0.0,0.0,0.0
385,382.07,753.2,1118.15,827.65,74.45,20.4001,0.6904,0.0,-753.2,0.0,6.8165,0.0,-753.2,0.0,6.8165,1.0,0.0,0.0,0.0,0.0
386,382.44,776.95,1125.2,836.3,59.35,17.0424,0.7685,0.0,-776.95,0.0,6.8165,0.0,-776.95,0.0,6.8165,1.0,0.0,0.0,0.0,0.0
387,382.81,778.15,1156.45,865.35,87.2,23.0505,0.6373,0.0,-778.15,0.0,6.8165,0.0,-778.15,0.0,6.8165,1.0,0.0,0.0,0.0,0.0
388,383.19,780.7,1124.65,863.55,82.85,24.0878,0.6182,0.0,-780.7,0.0,6.8165,0.0,-780.7,0.0,6.8165,1.0,0.0,0.0,0.0,0.0
389,383.56,766.25,1144.45,864.7,98.45,26.0312,0.5845,0.0,-766.25,0.0,6.8165,0.0,-766.25,0.0,6.8165,1.0,0.0,0.0,0.0,0.0
390,383.93,763.5,1175.6,869.05,105.55,25.6127,0.5915,0.0,-763.5,0.0,6.8165,0.0,-763.5,0.0,6.8165,1.0,0.0,0.0,0.0,0.0
391,384.3,761.9,1171.4,890.65,128.75,31.4408,0.5025,0.0,-761.9,0.0,6.8165,0.0,-761.9,0.0,6.8165,1.0,0.0,0.0,0.0,0.0
392,384.68,768.3,1170.45,889.1,120.8,30.0385,0.5223,0.0,-768.3,0.0,6.8165,0.0,-768.3,0.0,6.8165,1.0,0.0,0.0,0.0,0.0
393,385.05,777.5,1188.95,906.0,128.5,31.231,0.5054,0.0,-777.5,0.0,6.8165,0.0,-777.5,0.0,6.8165,1.0,0.0,0.0,0.0,0.0
394,385.42,766.6,1195.85,911.85,145.25,33.8381,0.4706,0.0,-766.6,0.0,6.8165,0.0,-766.6,0.0,6.8165,1.0,0.0,0.0,0.0,0.0
395,385.79,765.0,1218.35,931.9,166.9,36.8148,0.434,0.0,-765.0,0.0,6.8165,0.0,-765.0,0.0,6.8165,1.0,0.0,0.0,0.0,0.0
396,386.16,762.65,1228.0,936.0,173.35,37.2515,0.4289,0.0,-762.65,0.0,6.8165,0.0,-762.65,0.0,6.8165,1.0,0.0,0.0,0.0,0.0
397,386.53,751.9,1235.75,940.05,188.15,38.886,0.4102,0.0,-751.9,0.0,6.8165,0.0,-751.9,0.0,6.8165,1.0,0.0,0.0,0.0,0.0
398,386.91,760.45,1267.75,970.95,210.5,41.4942,0.382,0.0,-760.45,0.0,6.8165,0.0,-760.45,0.0,6.8165,1.0,0.0,0.0,0.0,0.0
399,387.28,765.9,1292.6,969.4,203.5,38.6368,0.413,0.0,-765.9,0.0,6.8165,0.0,-765.9,0.0,6.8165,1.0,0.0,0.0,0.0,0.0
400,387.65,760.15,1286.65,980.7,220.55,41.8898,0.3779,0.0,-760.15,0.0,6.8165,0.0,-760.15,0.0,6.8165,1.0,0.0,0.0,0.0,0.0
401,388.02,761.95,1310.6,1002.25,240.3,43.7984,0.3585,0.0,-761.95,0.0,6.8165,0.0,-761.95,0.0,6.8165,1.0,0.0,0.0,0.0,0.0
402,388.39,765.1,1302.9,1002.75,237.65,44.1893,0.3547,0.0,-765.1,0.0,6.8165,0.0,-765.1,0.0,6.8165,1.0,0.0,0.0,0.0,0.0
403,388.76,767.05,1331.75,1027.75,260.7,46.1661,0.3357,0.0,-767.05,0.0,6.8165,0.0,-767.05,0.0,6.8165,1.0,0.0,0.0,0.0,0.0
404,389.13,762.75,1322.85,1031.9,269.15,48.0539,0.3183,0.0,-762.75,0.0,6.8165,0.0,-762.75,0.0,6.8165,1.0,0.0,0.0,0.0,0.0
405,389.5,768.75,1357.4,1048.05,279.3,47.4475,0.3238,0.0,-768.75,0.0,6.8165,0.0,-768.75,0.0,6.8165,1.0,0.0,0.0,0.0,0.0
406,389.87,770.3,1402.95,1075.9,305.6,48.3047,0.316,0.0,-770.3,0.0,6.8165,0.0,-770.3,0.0,6.8165,1.0,0.0,0.0,0.0,0.0
407,390.25,764.95,1415.1,1116.45,351.5,54.0644,0.2671,0.0,-764.95,0.0,6.8165,0.0,-764.95,0.0,6.8165,1.0,0.0,0.0,0.0,0.0
408,390.62,770.65,1445.45,1152.55,381.9,56.5945,0.2472,0.0,-770.65,0.0,6.8165,0.0,-770.65,0.0,6.8165,1.0,0.0,0.0,0.0,0.0
409,390.99,769.65,1490.7,1162.9,393.25,54.5385,0.2633,0.0,-769.65,0.0,6.8165,0.0,-769.65,0.0,6.8165,1.0,0.0,0.0,0.0,0.0
410,391.36,763.9,1543.15,1205.3,441.4,56.6442,0.2468,0.0,-763.9,0.0,6.8165,0.0,-763.9,0.0,6.8165,1.0,0.0,0.0,0.0,0.0
411,391.73,769.8,1595.25,1252.25,482.45,58.4469,0.2332,0.0,-769.8,0.0,6.8165,0.0,-769.8,0.0,6.8165,1.0,0.0,0.0,0.0,0.0
412,392.1,756.0,1644.85,1296.6,540.6,60.8202,0.216,0.0,-756.0,0.0,6.8165,0.0,-756.0,0.0,6.8165,1.0,0.0,0.0,0.0,0.0
413,392.47,749.6,1682.05,1366.05,616.45,66.1108,0.1797,0.0,-749.6,0.0,6.8165,0.0,-749.6,0.0,6.8165,1.0,0.0,0.0,0.0,0.0
414,392.84,755.9,1749.95,1389.4,633.5,63.7292,0.1957,0.0,-755.9,0.0,6.8165,0.0,-755.9,0.0,6.8165,1.0,0.0,0.0,0.0,0.0
415,393.21,770.75,1784.3,1436.4,665.65,65.6751,0.1826,0.0,-770.75,0.0,6.8165,0.0,-770.75,0.0,6.8165,1.0,0.0,0.0,0.0,0.0
416,393.58,765.0,1827.65,1481.7,716.7,67.4446,0.1711,0.0,-765.0,0.0,6.8165,0.0,-765.0,0.0,6.8165,1.0,0.0,0.0,0.0,0.0
417,393.95,769.0,1870.0,1505.0,736.0,66.8483,0.1749,0.0,-769.0,0.0,6.8165,0.0,-769.0,0.0,6.8165,1.0,0.0,0.0,0.0,0.0
418,394.32,764.0,1954.35,1573.45,809.45,68.001,0.1675,0.0,-764.0,0.0,6.8165,0.0,-764.0,0.0,6.8165,1.0,0.0,0.0,0.0,0.0
419,394.69,769.95,1986.75,1603.9,833.95,68.5363,0.1641,0.0,-769.95,0.0,6.8165,0.0,-769.95,0.0,6.8165,1.0,0.0,0.0,0.0,0.0
420,395.06,759.2,2048.25,1671.4,912.2,70.7653,0.1502,0.0,-759.2,0.0,6.8165,0.0,-759.2,0.0,6.8165,1.0,0.0,0.0,0.0,0.0
421,395.43,764.95,2130.8,1732.75,967.8,70.857,0.1496,0.0,-764.95,0.0,6.8165,0.0,-764.95,0.0,6.8165,1.0,0.0,0.0,0.0,0.0
422,395.8,770.2,2195.7,1793.6,1023.4,71.7924,0.1439,0.0,-770.2,0.0,6.8165,0.0,-770.2,0.0,6.8165,1.0,0.0,0.0,0.0,0.0
423,396.16,775.65,2287.95,1866.7,1091.05,72.1451,0.1418,0.0,-775.65,0.0,6.8165,0.0,-775.65,0.0,6.8165,1.0,0.0,0.0,0.0,0.0
424,396.53,752.65,2345.9,1947.3,1194.65,74.982,0.125,0.0,-752.65,0.0,6.8165,0.0,-752.65,0.0,6.8165,1.0,0.0,0.0,0.0,0.0
425,396.9,759.75,2405.8,1980.5,1220.75,74.1624,0.1298,0.0,-759.75,0.0,6.8165,0.0,-759.75,0.0,6.8165,1.0,0.0,0.0,0.0,0.0
426,397.27,764.5,2496.2,2069.9,1305.4,75.3826,0.1227,0.0,-764.5,0.0,6.8165,0.0,-764.5,0.0,6.8165,1.0,0.0,0.0,0.0,0.0
427,397.64,766.7,2593.8,2154.1,1387.4,75.9345,0.1196,0.0,-766.7,0.0,6.8165,0.0,-766.7,0.0,6.8165,1.0,0.0,0.0,0.0,0.0
428,398.01,776.15,2620.75,2166.75,1390.6,75.3876,0.1227,0.0,-776.15,0.0,6.8165,0.0,-776.15,0.0,6.8165,1.0,0.0,0.0,0.0,0.0
429,398.38,767.1,2727.5,2250.0,1482.9,75.6427,0.1212,0.0,-767.1,0.0,6.8165,0.0,-767.1,0.0,6.8165,1.0,0.0,0.0,0.0,0.0
430,398.75,761.15,2720.15,2257.55,1496.4,76.3859,0.117,0.0,-761.15,0.0,6.8165,0.0,-761.15,0.0,6.8165,1.0,0.0,0.0,0.0,0.0
431,399.12,750.8,2822.3,2341.9,1591.1,76.8091,0.1146,0.0,-750.8,0.0,6.8165,0.0,-750.8,0.0,6.8165,1.0,0.0,0.0,0.0,0.0
432,399.48,747.35,2927.2,2449.05,1701.7,78.065,0.1075,0.0,-747.35,0.0,6.8165,0.0,-747.35,0.0,6.8165,1.0,0.0,0.0,0.0,0.0
433,399.85,772.45,2912.5,2433.25,1660.8,77.6057,0.1101,0.0,-772.45,0.0,6.8165,0.0,-772.45,0.0,6.8165,1.0,0.0,0.0,0.0,0.0
434,400.22,766.15,2997.55,2471.7,1705.55,76.4341,0.1167,0.0,-766.15,0.0,6.8165,0.0,-766.15,0.0,6.8165,1.0,0.0,0.0,0.0,0.0
435,400.59,754.15,3147.9,2600.35,1846.2,77.1258,0.1128,0.0,-754.15,0.0,6.8165,0.0,-754.15,0.0,6.8165,1.0,0.0,0.0,0.0,0.0
436,400.96,771.55,3136.95,2594.45,1822.9,77.0652,0.1131,0.0,-771.55,0.0,6.8165,0.0,-771.55,0.0,6.8165,1.0,0.0,0.0,0.0,0.0
437,401.32,758.15,3133.85,2597.5,1839.35,77.4235,0.1111,0.0,-758.15,0.0,6.8165,0.0,-758.15,0.0,6.8165,1.0,0.0,0.0,0.0,0.0
438,401.69,788.5,3212.75,2668.45,1879.95,77.5477,0.1104,0.0,-788.5,0.0,6.8165,0.0,-788.5,0.0,6.8165,1.0,0.0,0.0,0.0,0.0
439,402.06,752.0,3312.85,2738.85,1986.85,77.5856,0.1102,0.0,-752.0,0.0,6.8165,0.0,-752.0,0.0,6.8165,1.0,0.0,0.0,0.0,0.0
440,402.43,768.1,3364.3,2751.25,1983.15,76.3866,0.117,0.0,-768.1,0.0,6.8165,0.0,-768.1,0.0,6.8165,1.0,0.0,0.0,0.0,0.0
441,402.8,760.6,3435.0,2810.85,2050.25,76.6621,0.1154,0.0,-760.6,0.0,6.8165,0.0,-760.6,0.0,6.8165,1.0,0.0,0.0,0.0,0.0
442,403.16,754.95,3465.05,2875.85,2120.9,78.2591,0.1065,0.0,-754.95,0.0,6.8165,0.0,-754.95,0.0,6.8165,1.0,0.0,0.0,0.0,0.0
443,403.53,761.85,3490.0,2860.25,2098.4,76.9166,0.114,0.0,-761.85,0.0,6.8165,0.0,-761.85,0.0,6.8165,1.0,0.0,0.0,0.0,0.0
444,403.9,788.55,3730.3,3086.65,2298.1,78.1202,0.1072,0.0,-788.55,0.0,6.8165,0.0,-788.55,0.0,6.8165,1.0,0.0,0.0,0.0,0.0
445,404.27,756.15,3684.6,3078.05,2321.9,79.2877,0.1008,0.0,-756.15,0.0,6.8165,0.0,-756.15,0.0,6.8165,1.0,0.0,0.0,0.0,0.0
446,404.63,767.25,3770.8,3153.9,2386.65,79.461,0.0998,0.0,-767.25,0.0,6.8165,0.0,-767.25,0.0,6.8165,1.0,0.0,0.0,0.0,0.0
447,405.0,765.7,3991.2,3267.1,2501.4,77.5508,0.1104,0.0,-765.7,0.0,6.8165,0.0,-765.7,0.0,6.8165,1.0,0.0,0.0,0.0,0.0
448,405.37,764.55,4114.2,3377.95,2613.4,78.0201,0.1078,0.0,-764.55,0.0,6.8165,0.0,-764.55,0.0,6.8165,1.0,0.0,0.0,0.0,0.0
449,405.73,772.2,4235.75,3485.9,2713.7,78.3502,0.106,0.0,-772.2,0.0,6.8165,0.0,-772.2,0.0,6.8165,1.0,0.0,0.0,0.0,0.0
450,406.1,766.8,4322.5,3595.6,2828.8,79.5568,0.0993,0.0,-766.8,0.0,6.8165,0.0,-766.8,0.0,6.8165,1.0,0.0,0.0,0.0,0.0
451,406.47,769.5,4417.2,3700.9,2931.4,80.363,0.0949,0.0,-769.5,0.0,6.8165,0.0,-769.5,0.0,6.8165,1.0,0.0,0.0,0.0,0.0
452,406.83,763.95,4658.85,3835.65,3071.7,78.8647,0.1031,0.0,-763.95,0.0,6.8165,0.0,-763.95,0.0,6.8165,1.0,0.0,0.0,0.0,0.0
453,407.2,758.85,4688.85,3856.55,3097.7,78.8219,0.1034,0.0,-758.85,0.0,6.8165,0.0,-758.85,0.0,6.8165,1.0,0.0,0.0,0.0,0.0
454,407.57,762.2,4896.95,4021.3,3259.1,78.8222,0.1034,0.0,-762.2,0.0,6.8165,0.0,-762.2,0.0,6.8165,1.0,0.0,0.0,0.0,0.0
455,407.93,767.15,4926.4,4111.05,3343.9,80.3967,0.0948,0.0,-767.15,0.0,6.8165,0.0,-767.15,0.0,6.8165,1.0,0.0,0.0,0.0,0.0
456,408.3,766.05,4993.55,4167.45,3401.4,80.4589,0.0944,0.0,-766.05,0.0,6.8165,0.0,-766.05,0.0,6.8165,1.0,0.0,0.0,0.0,0.0
457,408.67,768.25,5118.75,4256.35,3488.1,80.177,0.096,0.0,-768.25,0.0,6.8165,0.0,-768.25,0.0,6.8165,1.0,0.0,0.0,0.0,0.0
458,409.03,766.4,5316.5,4419.5,3653.1,80.2861,0.0954,0.0,-766.4,0.0,6.8165,0.0,-766.4,0.0,6.8165,1.0,0.0,0.0,0.0,0.0
459,409.4,768.75,5352.8,4420.05,3651.3,79.6523,0.0988,0.0,-768.75,0.0,6.8165,0.0,-768.75,0.0,6.8165,1.0,0.0,0.0,0.0,0.0
460,409.76,768.75,5575.75,4660.65,3891.9,80.9632,0.0917,0.0,-768.75,0.0,6.8165,0.0,-768.75,0.0,6.8165,1.0,0.0,0.0,0.0,0.0
461,410.13,761.65,5454.35,4519.9,3758.25,80.0872,0.0964,0.0,-761.65,0.0,6.8165,0.0,-761.65,0.0,6.8165,1.0,0.0,0.0,0.0,0.0
462,410.5,770.15,5645.25,4617.2,3847.05,78.9122,0.1029,0.0,-770.15,0.0,6.8165,0.0,-770.15,0.0,6.8165,1.0,0.0,0.0,0.0,0.0
463,410.86,769.0,5744.05,4747.25,3978.25,79.964,0.0971,0.0,-769.0,0.0,6.8165,0.0,-769.0,0.0,6.8165,1.0,0.0,0.0,0.0,0.0
464,411.23,762.9,5825.8,4774.15,4011.25,79.2283,0.1011,0.0,-762.9,0.0,6.8165,0.0,-762.9,0.0,6.8165,1.0,0.0,0.0,0.0,0.0
465,411.59,756.95,6011.35,4941.65,4184.7,79.6418,0.0989,0.0,-756.95,0.0,6.8165,0.0,-756.95,0.0,6.8165,1.0,0.0,0.0,0.0,0.0
466,411.96,763.65,5989.15,4922.6,4158.95,79.5895,0.0991,0.0,-763.65,0.0,6.8165,0.0,-763.65,0.0,6.8165,1.0,0.0,0.0,0.0,0.0
467,412.32,775.5,6107.9,5071.85,4296.35,80.5707,0.0938,0.0,-775.5,0.0,6.8165,0.0,-775.5,0.0,6.8165,1.0,0.0,0.0,0.0,0.0
468,412.69,761.3,6368.95,5239.95,4478.65,79.8668,0.0976,0.0,-761.3,0.0,6.8165,0.0,-761.3,0.0,6.8165,1.0,0.0,0.0,0.0,0.0
469,413.05,761.55,6543.4,5358.45,4596.9,79.5057,0.0996,0.0,-761.55,0.0,6.8165,0.0,-761.55,0.0,6.8165,1.0,0.0,0.0,0.0,0.0
470,413.42,766.55,6446.1,5261.05,4494.5,79.1348,0.1016,0.0,-766.55,0.0,6.8165,0.0,-766.55,0.0,6.8165,1.0,0.0,0.0,0.0,0.0
471,413.78,778.0,6856.2,5593.85,4815.85,79.2315,0.1011,0.0,-778.0,0.0,6.8165,0.0,-778.0,0.0,6.8165,1.0,0.0,0.0,0.0,0.0
472,414.15,765.9,6946.0,5675.75,4909.85,79.4461,0.0999,0.0,-765.9,0.0,6.8165,0.0,-765.9,0.0,6.8165,1.0,0.0,0.0,0.0,0.0
473,414.51,764.7,6789.45,5545.6,4780.9,79.3543,0.1004,0.0,-764.7,0.0,6.8165,0.0,-764.7,0.0,6.8165,1.0,0.0,0.0,0.0,0.0
474,414.88,763.3,6991.6,5672.65,4909.35,78.8233,0.1033,0.0,-763.3,0.0,6.8165,0.0,-763.3,0.0,6.8165,1.0,0.0,0.0,0.0,0.0
475,415.24,771.85,7335.75,5968.65,5196.8,79.1724,0.1014,0.0,-771.85,0.0,6.8165,0.0,-771.85,0.0,6.8165,1.0,0.0,0.0,0.0,0.0
476,415.61,778.2,7392.85,5911.6,5133.4,77.6065,0.1101,0.0,-778.2,0.0,6.8165,0.0,-778.2,0.0,6.8165,1.0,0.0,0.0,0.0,0.0
477,415.97,763.3,7219.65,5860.65,5097.35,78.951,0.1026,0.0,-763.3,0.0,6.8165,0.0,-763.3,0.0,6.8165,1.0,0.0,0.0,0.0,0.0
478,416.33,768.25,7570.35,6142.1,5373.85,79.0028,0.1024,0.0,-768.25,0.0,6.8165,0.0,-768.25,0.0,6.8165,1.0,0.0,0.0,0.0,0.0
479,416.7,758.55,7691.3,6235.0,5476.45,78.9939,0.1024,0.0,-758.55,0.0,6.8165,0.0,-758.55,0.0,6.8165,1.0,0.0,0.0,0.0,0.0
480,417.06,760.95,8020.9,6484.4,5723.45,78.8359,0.1033,0.0,-760.95,0.0,6.8165,0.0,-760.95,0.0,6.8165,1.0,0.0,0.0,0.0,0.0
481,417.43,753.5,7976.15,6429.6,5676.1,78.5875,0.1046,0.0,-753.5,0.0,6.8165,0.0,-753.5,0.0,6.8165,1.0,0.0,0.0,0.0,0.0
482,417.79,751.65,7887.9,6382.7,5631.05,78.9077,0.1029,0.0,-751.65,0.0,6.8165,0.0,-751.65,0.0,6.8165,1.0,0.0,0.0,0.0,0.0
483,418.15,759.9,7948.65,6397.2,5637.3,78.4184,0.1056,0.0,-759.9,0.0,6.8165,0.0,-759.9,0.0,6.8165,1.0,0.0,0.0,0.0,0.0
484,418.52,762.0,8331.35,6683.45,5921.45,78.2293,0.1066,0.0,-762.0,0.0,6.8165,0.0,-762.0,0.0,6.8165,1.0,0.0,0.0,0.0,0.0
485,418.88,772.6,8425.8,6771.6,5999.0,78.3855,0.1058,0.0,-772.6,0.0,6.8165,0.0,-772.6,0.0,6.8165,1.0,0.0,0.0,0.0,0.0
486,419.24,755.1,8765.1,7022.15,6267.05,78.2403,0.1066,0.0,-755.1,0.0,6.8165,0.0,-755.1,0.0,6.8165,1.0,0.0,0.0,0.0,0.0
487,419.61,763.85,8791.5,7038.05,6274.2,78.1574,0.107,0.0,-763.85,0.0,6.8165,0.0,-763.85,0.0,6.8165,1.0,0.0,0.0,0.0,0.0
488,419.97,763.05,8888.45,7138.55,6375.5,78.4638,0.1053,0.0,-763.05,0.0,6.8165,0.0,-763.05,0.0,6.8165,1.0,0.0,0.0,0.0,0.0
489,420.33,747.5,9205.95,7421.6,6674.1,78.9045,0.1029,0.0,-747.5,0.0,6.8165,0.0,-747.5,0.0,6.8165,1.0,0.0,0.0,0.0,0.0
490,420.7,760.75,9114.4,7254.05,6493.3,77.7301,0.1094,0.0,-760.75,0.0,6.8165,0.0,-760.75,0.0,6.8165,1.0,0.0,0.0,0.0,0.0
491,421.06,764.6,9349.35,7462.9,6698.3,78.0256,0.1078,0.0,-764.6,0.0,6.8165,0.0,-764.6,0.0,6.8165,1.0,0.0,0.0,0.0,0.0
492,421.42,767.4,9488.35,7556.25,6788.85,77.8453,0.1088,0.0,-767.4,0.0,6.8165,0.0,-767.4,0.0,6.8165,1.0,0.0,0.0,0.0,0.0
493,421.79,760.75,9553.55,7601.35,6840.6,77.7977,0.109,0.0,-760.75,0.0,6.8165,0.0,-760.75,0.0,6.8165,1.0,0.0,0.0,0.0,0.0
494,422.15,764.2,9505.6,7583.2,6819.0,78.0081,0.1079,0.0,-764.2,0.0,6.8165,0.0,-764.2,0.0,6.8165,1.0,0.0,0.0,0.0,0.0
495,422.51,766.6,9721.05,7751.7,6985.1,78.007,0.1079,0.0,-766.6,0.0,6.8165,0.0,-766.6,0.0,6.8165,1.0,0.0,0.0,0.0,0.0
496,422.87,773.65,9940.35,7945.2,7171.55,78.2348,0.1066,0.0,-773.65,0.0,6.8165,0.0,-773.65,0.0,6.8165,1.0,0.0,0.0,0.0,0.0
497,423.24,778.65,10114.45,7992.55,7213.9,77.2714,0.112,0.0,-778.65,0.0,6.8165,0.0,-778.65,0.0,6.8165,1.0,0.0,0.0,0.0,0.0
498,423.6,778.5,10264.1,8150.85,7372.35,77.7215,0.1095,0.0,-778.5,0.0,6.8165,0.0,-778.5,0.0,6.8165,1.0,0.0,0.0,0.0,0.0
499,423.96,770.5,10479.35,8271.8,7501.3,77.2625,0.112,0.0,-770.5,0.0,6.8165,0.0,-770.5,0.0,6.8165,1.0,0.0,0.0,0.0,0.0
500,424.32,764.7,10583.05,8348.45,7583.75,77.2406,0.1122,0.0,-764.7,0.0,6.8165,0.0,-764.7,0.0,6.8165,1.0,0.0,0.0,0.0,0.0
501,424.69,753.25,10637.1,8354.95,7601.7,76.9103,0.114,0.0,-753.25,0.0,6.8165,0.0,-753.25,0.0,6.8165,1.0,0.0,0.0,0.0,0.0
502,425.05,755.75,11207.75,8707.5,7951.75,76.0787,0.1187,0.0,-755.75,0.0,6.8165,0.0,-755.75,0.0,6.8165,1.0,0.0,0.0,0.0,0.0
503,425.41,760.5,11697.5,9042.0,8281.5,75.72,0.1208,0.0,-760.5,0.0,6.8165,0.0,-760.5,0.0,6.8165,1.0,0.0,0.0,0.0,0.0
504,425.77,760.7,11492.15,8857.7,8097.0,75.4511,0.1223,0.0,-760.7,0.0,6.8165,0.0,-760.7,0.0,6.8165,1.0,0.0,0.0,0.0,0.0
505,426.13,754.6,11504.8,8958.8,8204.2,76.3167,0.1174,0.0,-754.6,0.0,6.8165,0.0,-754.6,0.0,6.8165,1.0,0.0,0.0,0.0,0.0
506,426.5,771.05,11476.7,8941.95,8170.9,76.3232,0.1173,0.0,-771.05,0.0,6.8165,0.0,-771.05,0.0,6.8165,1.0,0.0,0.0,0.0,0.0
507,426.86,768.25,11640.7,8953.3,8185.05,75.2825,0.1233,0.0,-768.25,0.0,6.8165,0.0,-768.25,0.0,6.8165,1.0,0.0,0.0,0.0,0.0
508,427.22,766.7,12347.85,9450.0,8683.3,74.9779,0.1251,0.0,-766.7,0.0,6.8165,0.0,-766.7,0.0,6.8165,1.0,0.0,0.0,0.0,0.0
509,427.58,761.3,12065.6,9253.85,8492.55,75.1267,0.1242,0.0,-761.3,0.0,6.8165,0.0,-761.3,0.0,6.8165,1.0,0.0,0.0,0.0,0.0
510,427.94,751.7,12674.4,9597.6,8845.9,74.1938,0.1296,0.0,-751.7,0.0,6.8165,0.0,-751.7,0.0,6.8165,1.0,0.0,0.0,0.0,0.0
511,428.3,757.9,13009.65,9856.1,9098.2,74.2604,0.1292,0.0,-757.9,0.0,6.8165,0.0,-757.9,0.0,6.8165,1.0,0.0,0.0,0.0,0.0
512,428.66,753.2,12638.35,9611.75,8858.55,74.5346,0.1276,0.0,-753.2,0.0,6.8165,0.0,-753.2,0.0,6.8165,1.0,0.0,0.0,0.0,0.0
513,429.02,774.45,12886.75,9785.25,9010.8,74.3938,0.1285,0.0,-774.45,0.0,6.8165,0.0,-774.45,0.0,6.8165,1.0,0.0,0.0,0.0,0.0
514,429.39,764.3,13096.25,9895.5,9131.2,74.0451,0.1305,0.0,-764.3,0.0,6.8165,0.0,-764.3,0.0,6.8165,1.0,0.0,0.0,0.0,0.0
515,429.75,766.95,13211.55,10011.0,9244.05,74.2816,0.1291,0.0,-766.95,0.0,6.8165,0.0,-766.95,0.0,6.8165,1.0,0.0,0.0,0.0,0.0
516,430.11,761.25,13433.85,10157.35,9396.1,74.145,0.1299,0.0,-761.25,0.0,6.8165,0.0,-761.25,0.0,6.8165,1.0,0.0,0.0,0.0,0.0
517,430.47,746.7,13656.85,10338.1,9591.4,74.2935,0.129,0.0,-746.7,0.0,6.8165,0.0,-746.7,0.0,6.8165,1.0,0.0,0.0,0.0,0.0
518,430.83,765.45,13695.7,10304.65,9539.2,73.7743,0.1321,0.0,-765.45,0.0,6.8165,0.0,-765.45,0.0,6.8165,1.0,0.0,0.0,0.0,0.0
519,431.19,761.35,14098.05,10562.75,9801.4,73.4919,0.1338,0.0,-761.35,0.0,6.8165,0.0,-761.35,0.0,6.8165,1.0,0.0,0.0,0.0,0.0
520,431.55,768.45,13602.2,10057.4,9288.95,72.3791,0.1404,0.0,-768.45,0.0,6.8165,0.0,-768.45,0.0,6.8165,1.0,0.0,0.0,0.0,0.0
521,431.91,769.65,14227.3,10489.45,9719.8,72.2251,0.1413,0.0,-769.65,0.0,6.8165,0.0,-769.65,0.0,6.8165,1.0,0.0,0.0,0.0,0.0
522,432.27,775.55,14609.35,10713.2,9937.65,71.836,0.1437,0.0,-775.55,0.0,6.8165,0.0,-775.55,0.0,6.8165,1.0,0.0,0.0,0.0,0.0
523,432.63,763.55,14420.2,10620.85,9857.3,72.1795,0.1416,0.0,-763.55,0.0,6.8165,0.0,-763.55,0.0,6.8165,1.0,0.0,0.0,0.0,0.0
524,432.99,770.75,14692.4,10760.05,9989.3,71.7537,0.1442,0.0,-770.75,0.0,6.8165,0.0,-770.75,0.0,6.8165,1.0,0.0,0.0,0.0,0.0
525,433.35,776.5,14862.7,10970.6,10194.1,72.3694,0.1404,0.0,-776.5,0.0,6.8165,0.0,-776.5,0.0,6.8165,1.0,0.0,0.0,0.0,0.0
526,433.71,757.85,14891.65,10946.15,10188.3,72.0846,0.1422,0.0,-757.85,0.0,6.8165,0.0,-757.85,0.0,6.8165,1.0,0.0,0.0,0.0,0.0
527,434.07,776.5,15755.35,11491.8,10715.3,71.5362,0.1455,0.0,-776.5,0.0,6.8165,0.0,-776.5,0.0,6.8165,1.0,0.0,0.0,0.0,0.0
528,434.43,754.7,15568.55,11210.65,10455.95,70.5823,0.1513,0.0,-754.7,0.0,6.8165,0.0,-754.7,0.0,6.8165,1.0,0.0,0.0,0.0,0.0
529,434.79,763.7,15819.9,11371.55,10607.85,70.455,0.1521,0.0,-763.7,0.0,6.8165,0.0,-763.7,0.0,6.8165,1.0,0.0,0.0,0.0,0.0
530,435.15,776.3,16135.25,11661.4,10885.1,70.8714,0.1495,0.0,-776.3,0.0,6.8165,0.0,-776.3,0.0,6.8165,1.0,0.0,0.0,0.0,0.0
531,435.51,772.55,16414.55,11885.1,11112.55,71.043,0.1485,0.0,-772.55,0.0,6.8165,0.0,-772.55,0.0,6.8165,1.0,0.0,0.0,0.0,0.0
532,435.87,767.0,16573.55,11919.55,11152.55,70.5565,0.1515,0.0,-767.0,0.0,6.8165,0.0,-767.0,0.0,6.8165,1.0,0.0,0.0,0.0,0.0
533,436.23,771.05,17069.8,12245.55,11474.5,70.4011,0.1524,0.0,-771.05,0.0,6.8165,0.0,-771.05,0.0,6.8165,1.0,0.0,0.0,0.0,0.0
534,436.59,769.7,17546.35,12463.95,11694.25,69.7055,0.1567,0.0,-769.7,0.0,6.8165,0.0,-769.7,0.0,6.8165,1.0,0.0,0.0,0.0,0.0
535,436.94,774.8,17682.5,12577.35,11802.55,69.8058,0.1561,0.0,-774.8,0.0,6.8165,0.0,-774.8,0.0,6.8165,1.0,0.0,0.0,0.0,0.0
536,437.3,771.1,17900.25,12646.05,11874.95,69.326,0.1591,0.0,-771.1,0.0,6.8165,0.0,-771.1,0.0,6.8165,1.0,0.0,0.0,0.0,0.0
537,437.66,780.1,17780.4,12615.8,11835.7,69.6205,0.1573,0.0,-780.1,0.0,6.8165,0.0,-780.1,0.0,6.8165,1.0,0.0,0.0,0.0,0.0
538,438.02,775.55,18429.1,12936.75,12161.2,68.8881,0.1619,0.0,-775.55,0.0,6.8165,0.0,-775.55,0.0,6.8165,1.0,0.0,0.0,0.0,0.0
539,438.38,780.4,18891.3,13338.2,12557.8,69.3384,0.159,0.0,-780.4,0.0,6.8165,0.0,-780.4,0.0,6.8165,1.0,0.0,0.0,0.0,0.0
540,438.74,765.9,19041.05,13392.85,12626.95,69.0936,0.1606,0.0,-765.9,0.0,6.8165,0.0,-765.9,0.0,6.8165,1.0,0.0,0.0,0.0,0.0
541,439.1,771.9,18592.65,13092.5,12320.6,69.1363,0.1603,0.0,-771.9,0.0,6.8165,0.0,-771.9,0.0,6.8165,1.0,0.0,0.0,0.0,0.0
542,439.46,771.65,18870.5,13265.75,12494.1,69.0326,0.1609,0.0,-771.65,0.0,6.8165,0.0,-771.65,0.0,6.8165,1.0,0.0,0.0,0.0,0.0
543,439.81,759.75,19025.35,13266.35,12506.6,68.4708,0.1645,0.0,-759.75,0.0,6.8165,0.0,-759.75,0.0,6.8165,1.0,0.0,0.0,0.0,0.0
544,440.17,771.95,18671.3,13014.3,12242.35,68.3955,0.165,0.0,-771.95,0.0,6.8165,0.0,-771.95,0.0,6.8165,1.0,0.0,0.0,0.0,0.0
545,440.53,773.9,19216.7,13492.6,12718.7,68.963,0.1614,0.0,-773.9,0.0,6.8165,0.0,-773.9,0.0,6.8165,1.0,0.0,0.0,0.0,0.0
546,440.89,762.2,19278.6,13380.75,12618.55,68.148,0.1665,0.0,-762.2,0.0,6.8165,0.0,-762.2,0.0,6.8165,1.0,0.0,0.0,0.0,0.0
547,441.25,774.35,19205.8,13272.75,12498.4,67.8102,0.1687,0.0,-774.35,0.0,6.8165,0.0,-774.35,0.0,6.8165,1.0,0.0,0.0,0.0,0.0
548,441.6,771.4,19465.8,13413.05,12641.65,67.6227,0.1699,0.0,-771.4,0.0,6.8165,0.0,-771.4,0.0,6.8165,1.0,0.0,0.0,0.0,0.0
549,441.96,777.7,20009.85,13732.45,12954.75,67.3599,0.1716,0.0,-777.7,0.0,6.8165,0.0,-777.7,0.0,6.8165,1.0,0.0,0.0,0.0,0.0
550,442.32,780.45,19636.2,13415.15,12634.7,67.0071,0.1739,0.0,-780.45,0.0,6.8165,0.0,-780.45,0.0,6.8165,1.0,0.0,0.0,0.0,0.0
551,442.68,784.05,19445.4,13257.1,12473.05,66.8389,0.175,0.0,-784.05,0.0,6.8165,0.0,-784.05,0.0,6.8165,1.0,0.0,0.0,0.0,0.0
552,443.03,779.25,20806.6,14045.1,13265.85,66.2387,0.1789,0.0,-779.25,0.0,6.8165,0.0,-779.25,0.0,6.8165,1.0,0.0,0.0,0.0,0.0
553,443.39,775.2,19948.15,13503.55,12728.35,66.387,0.1779,0.0,-775.2,0.0,6.8165,0.0,-775.2,0.0,6.8165,1.0,0.0,0.0,0.0,0.0
554,443.75,779.95,21381.9,14402.4,13622.45,66.1221,0.1797,0.0,-779.95,0.0,6.8165,0.0,-779.95,0.0,6.8165,1.0,0.0,0.0,0.0,0.0
555,444.11,770.65,21338.3,14351.4,13580.75,66.0297,0.1803,0.0,-770.65,0.0,6.8165,0.0,-770.65,0.0,6.8165,1.0,0.0,0.0,0.0,0.0
556,444.46,768.45,20934.15,13947.1,13178.65,65.3518,0.1847,0.0,-768.45,0.0,6.8165,0.0,-768.45,0.0,6.8165,1.0,0.0,0.0,0.0,0.0
557,444.82,779.35,20727.45,13882.5,13103.15,65.6862,0.1825,0.0,-779.35,0.0,6.8165,0.0,-779.35,0.0,6.8165,1.0,0.0,0.0,0.0,0.0
558,445.18,777.35,20919.85,13805.55,13028.2,64.6802,0.1892,0.0,-777.35,0.0,6.8165,0.0,-777.35,0.0,6.8165,1.0,0.0,0.0,0.0,0.0
559,445.53,763.95,21387.65,13990.95,13227.0,64.135,0.1929,0.0,-763.95,0.0,6.8165,0.0,-763.95,0.0,6.8165,1.0,0.0,0.0,0.0,0.0
560,445.89,778.0,21656.35,14177.1,13399.1,64.177,0.1926,0.0,-778.0,0.0,6.8165,0.0,-778.0,0.0,6.8165,1.0,0.0,0.0,0.0,0.0
561,446.25,773.75,22157.3,14548.9,13775.15,64.4194,0.191,0.0,-773.75,0.0,6.8165,0.0,-773.75,0.0,6.8165,1.0,0.0,0.0,0.0,0.0
562,446.6,784.8,21523.35,14153.55,13368.75,64.4633,0.1907,0.0,-784.8,0.0,6.8165,0.0,-784.8,0.0,6.8165,1.0,0.0,0.0,0.0,0.0
563,446.96,773.15,21654.0,14126.25,13353.1,63.949,0.1942,0.0,-773.15,0.0,6.8165,0.0,-773.15,0.0,6.8165,1.0,0.0,0.0,0.0,0.0
564,447.32,767.5,22028.4,14367.45,13599.95,63.967,0.194,0.0,-767.5,0.0,6.8165,0.0,-767.5,0.0,6.8165,1.0,0.0,0.0,0.0,0.0
565,447.67,780.35,22728.65,14728.5,13948.15,63.55,0.1969,0.0,-780.35,0.0,6.8165,0.0,-780.35,0.0,6.8165,1.0,0.0,0.0,0.0,0.0
566,448.03,766.35,22536.15,14481.85,13715.5,63.0024,0.2006,0.0,-766.35,0.0,6.8165,0.0,-766.35,0.0,6.8165,1.0,0.0,0.0,0.0,0.0
567,448.38,783.45,22731.4,14586.5,13803.05,62.8899,0.2014,0.0,-783.45,0.0,6.8165,0.0,-783.45,0.0,6.8165,1.0,0.0,0.0,0.0,0.0
568,448.74,785.9,23901.5,15183.4,14397.5,62.2848,0.2056,0.0,-785.9,0.0,6.8165,0.0,-785.9,0.0,6.8165,1.0,0.0,0.0,0.0,0.0
569,449.1,773.6,23576.85,14900.55,14126.95,61.9515,0.2079,0.0,-773.6,0.0,6.8165,0.0,-773.6,0.0,6.8165,1.0,0.0,0.0,0.0,0.0
570,449.45,774.55,25222.3,15891.15,15116.6,61.8323,0.2088,0.0,-774.55,0.0,6.8165,0.0,-774.55,0.0,6.8165,1.0,0.0,0.0,0.0,0.0
571,449.81,778.2,26983.55,16983.4,16205.2,61.8393,0.2087,0.0,-778.2,0.0,6.8165,0.0,-778.2,0.0,6.8165,1.0,0.0,0.0,0.0,0.0
572,450.16,783.95,27996.1,17577.25,16793.3,61.7125,0.2096,0.0,-783.95,0.0,6.8165,0.0,-783.95,0.0,6.8165,1.0,0.0,0.0,0.0,0.0
573,450.52,782.8,30297.35,18860.8,18078.0,61.2511,0.2129,0.0,-782.8,0.0,6.8165,0.0,-782.8,0.0,6.8165,1.0,0.0,0.0,0.0,0.0
574,450.87,786.3,29524.85,18208.95,17422.65,60.6247,0.2174,0.0,-786.3,0.0,6.8165,0.0,-786.3,0.0,6.8165,1.0,0.0,0.0,0.0,0.0
575,451.23,783.95,27574.55,16865.5,16081.55,60.0268,0.2217,0.0,-783.95,0.0,6.8165,0.0,-783.95,0.0,6.8165,1.0,0.0,0.0,0.0,0.0
576,451.59,775.1,27267.35,16623.1,15848.0,59.8213,0.2231,0.0,-775.1,0.0,6.8165,0.0,-775.1,0.0,6.8165,1.0,0.0,0.0,0.0,0.0
577,451.94,769.7,26723.85,16230.0,15460.3,59.5677,0.225,0.0,-769.7,0.0,6.8165,0.0,-769.7,0.0,6.8165,1.0,0.0,0.0,0.0,0.0
578,452.3,787.4,27279.9,16522.2,15734.8,59.3934,0.2263,0.0,-787.4,0.0,6.8165,0.0,-787.4,0.0,6.8165,1.0,0.0,0.0,0.0,0.0
579,452.65,790.4,27549.0,16502.75,15712.35,58.7189,0.2312,0.0,-790.4,0.0,6.8165,0.0,-790.4,0.0,6.8165,1.0,0.0,0.0,0.0,0.0
580,453.01,787.4,28713.55,17109.25,16321.85,58.4465,0.2332,0.0,-787.4,0.0,6.8165,0.0,-787.4,0.0,6.8165,1.0,0.0,0.0,0.0,0.0
581,453.36,782.9,27532.05,16424.3,15641.4,58.4744,0.233,0.0,-782.9,0.0,6.8165,0.0,-782.9,0.0,6.8165,1.0,0.0,0.0,0.0,0.0
582,453.71,776.15,26058.8,15424.85,14648.7,57.9397,0.237,0.0,-776.15,0.0,6.8165,0.0,-776.15,0.0,6.8165,1.0,0.0,0.0,0.0,0.0
583,454.07,783.05,26488.85,15672.4,14889.35,57.9221,0.2372,0.0,-783.05,0.0,6.8165,0.0,-783.05,0.0,6.8165,1.0,0.0,0.0,0.0,0.0
584,454.42,781.15,26652.55,15495.95,14714.8,56.8767,0.2451,0.0,-781.15,0.0,6.8165,0.0,-781.15,0.0,6.8165,1.0,0.0,0.0,0.0,0.0
585,454.78,784.85,27773.45,16197.15,15412.3,57.1067,0.2433,0.0,-784.85,0.0,6.8165,0.0,-784.85,0.0,6.8165,1.0,0.0,0.0,0.0,0.0
586,455.13,768.65,27617.95,16035.65,15267.0,56.8618,0.2452,0.0,-768.65,0.0,6.8165,0.0,-768.65,0.0,6.8165,1.0,0.0,0.0,0.0,0.0
587,455.49,776.2,28747.05,16680.8,15904.6,56.8613,0.2452,0.0,-776.2,0.0,6.8165,0.0,-776.2,0.0,6.8165,1.0,0.0,0.0,0.0,0.0
588,455.84,785.45,27635.45,15809.05,15023.6,55.9538,0.2522,0.0,-785.45,0.0,6.8165,0.0,-785.45,0.0,6.8165,1.0,0.0,0.0,0.0,0.0
589,456.19,779.7,29127.85,16557.65,15777.95,55.6578,0.2545,0.0,-779.7,0.0,6.8165,0.0,-779.7,0.0,6.8165,1.0,0.0,0.0,0.0,0.0
590,456.55,762.5,29955.3,16866.7,16104.2,55.165,0.2583,0.0,-762.5,0.0,6.8165,0.0,-762.5,0.0,6.8165,1.0,0.0,0.0,0.0,0.0
591,456.9,772.2,30349.2,17137.6,16365.4,55.3315,0.257,0.0,-772.2,0.0,6.8165,0.0,-772.2,0.0,6.8165,1.0,0.0,0.0,0.0,0.0
592,457.26,784.95,30861.8,17356.45,16571.5,55.0972,0.2589,0.0,-784.95,0.0,6.8165,0.0,-784.95,0.0,6.8165,1.0,0.0,0.0,0.0,0.0
593,457.61,783.0,30794.85,17292.55,16509.55,55.0101,0.2596,0.0,-783.0,0.0,6.8165,0.0,-783.0,0.0,6.8165,1.0,0.0,0.0,0.0,0.0
594,457.96,785.8,31632.65,17606.75,16820.95,54.5305,0.2634,0.0,-785.8,0.0,6.8165,0.0,-785.8,0.0,6.8165,1.0,0.0,0.0,0.0,0.0
595,458.32,785.5,33399.1,18395.3,17609.8,53.9953,0.2676,0.0,-785.5,0.0,6.8165,0.0,-785.5,0.0,6.8165,1.0,0.0,0.0,0.0,0.0
596,458.67,786.85,32411.15,17902.65,17115.8,54.1223,0.2666,0.0,-786.85,0.0,6.8165,0.0,-786.85,0.0,6.8165,1.0,0.0,0.0,0.0,0.0
597,459.02,787.35,32842.35,17946.95,17159.6,53.5317,0.2714,0.0,-787.35,0.0,6.8165,0.0,-787.35,0.0,6.8165,1.0,0.0,0.0,0.0,0.0
598,459.38,782.6,32700.35,17671.05,16888.45,52.9124,0.2764,0.0,-782.6,0.0,6.8165,0.0,-782.6,0.0,6.8165,1.0,0.0,0.0,0.0,0.0
599,459.73,765.15,32769.15,17495.7,16730.55,52.2764,0.2817,0.0,-765.15,0.0,6.8165,0.0,-765.15,0.0,6.8165,1.0,0.0,0.0,0.0,0.0
600,460.08,773.75,32299.05,17132.6,16358.85,51.8912,0.2849,0.0,-773.75,0.0,6.8165,0.0,-773.75,0.0,6.8165,1.0,0.0,0.0,0.0,0.0
601,460.44,768.45,32892.15,17376.85,16608.4,51.7014,0.2865,0.0,-768.45,0.0,6.8165,0.0,-768.45,0.0,6.8165,1.0,0.0,0.0,0.0,0.0
602,460.79,768.15,32804.65,17266.95,16498.8,51.5,0.2882,0.0,-768.15,0.0,6.8165,0.0,-768.15,0.0,6.8165,1.0,0.0,0.0,0.0,0.0
603,461.14,769.45,34179.25,17761.25,16991.8,50.8587,0.2936,0.0,-769.45,0.0,6.8165,0.0,-769.45,0.0,6.8165,1.0,0.0,0.0,0.0,0.0
604,461.49,778.65,34541.35,17822.55,17043.9,50.4814,0.2969,0.0,-778.65,0.0,6.8165,0.0,-778.65,0.0,6.8165,1.0,0.0,0.0,0.0,0.0
605,461.85,756.6,34817.1,17913.3,17156.7,50.3713,0.2978,0.0,-756.6,0.0,6.8165,0.0,-756.6,0.0,6.8165,1.0,0.0,0.0,0.0,0.0
606,462.2,780.65,35869.1,18367.1,17586.45,50.1203,0.3,0.0,-780.65,0.0,6.8165,0.0,-780.65,0.0,6.8165,1.0,0.0,0.0,0.0,0.0
607,462.55,781.75,35281.75,17752.35,16970.6,49.1901,0.3081,0.0,-781.75,0.0,6.8165,0.0,-781.75,0.0,6.8165,1.0,0.0,0.0,0.0,0.0
608,462.9,777.75,37712.2,18847.45,18069.7,48.9237,0.3105,0.0,-777.75,0.0,6.8165,0.0,-777.75,0.0,6.8165,1.0,0.0,0.0,0.0,0.0
609,463.26,780.75,39115.25,19375.25,18594.5,48.5059,0.3142,0.0,-780.75,0.0,6.8165,0.0,-780.75,0.0,6.8165,1.0,0.0,0.0,0.0,0.0
610,463.61,772.9,38480.0,18833.1,18060.2,47.896,0.3197,0.0,-772.9,0.0,6.8165,0.0,-772.9,0.0,6.8165,1.0,0.0,0.0,0.0,0.0
611,463.96,767.25,38164.25,18532.6,17765.35,47.5047,0.3233,0.0,-767.25,0.0,6.8165,0.0,-767.25,0.0,6.8165,1.0,0.0,0.0,0.0,0.0
612,464.31,794.65,38793.75,18716.55,17921.9,47.164,0.3264,0.0,-794.65,0.0,6.8165,0.0,-794.65,0.0,6.8165,1.0,0.0,0.0,0.0,0.0
613,464.66,780.85,38018.4,18000.25,17219.4,46.242,0.335,0.0,-780.85,0.0,6.8165,0.0,-780.85,0.0,6.8165,1.0,0.0,0.0,0.0,0.0
614,465.02,788.2,37677.9,17618.85,16830.65,45.6243,0.3408,0.0,-788.2,0.0,6.8165,0.0,-788.2,0.0,6.8165,1.0,0.0,0.0,0.0,0.0
615,465.37,774.85,38344.0,17683.8,16908.95,45.0075,0.3467,0.0,-774.85,0.0,6.8165,0.0,-774.85,0.0,6.8165,1.0,0.0,0.0,0.0,0.0
616,465.72,779.15,38354.45,17551.3,16772.15,44.6361,0.3503,0.0,-779.15,0.0,6.8165,0.0,-779.15,0.0,6.8165,1.0,0.0,0.0,0.0,0.0
617,466.07,766.0,37872.8,17220.25,16454.25,44.343,0.3532,0.0,-766.0,0.0,6.8165,0.0,-766.0,0.0,6.8165,1.0,0.0,0.0,0.0,0.0
618,466.42,782.65,39505.7,17676.9,16894.25,43.6284,0.3602,0.0,-782.65,0.0,6.8165,0.0,-782.65,0.0,6.8165,1.0,0.0,0.0,0.0,0.0
619,466.77,770.4,39937.1,17511.15,16740.75,42.7423,0.3691,0.0,-770.4,0.0,6.8165,0.0,-770.4,0.0,6.8165,1.0,0.0,0.0,0.0,0.0
620,467.12,775.4,41201.4,18038.45,17263.05,42.7028,0.3695,0.0,-775.4,0.0,6.8165,0.0,-775.4,0.0,6.8165,1.0,0.0,0.0,0.0,0.0
621,467.48,770.75,43612.4,18980.0,18209.25,42.5036,0.3716,0.0,-770.75,0.0,6.8165,0.0,-770.75,0.0,6.8165,1.0,0.0,0.0,0.0,0.0
622,467.83,785.15,46921.55,20137.5,19352.35,41.9459,0.3773,0.0,-785.15,0.0,6.8165,0.0,-785.15,0.0,6.8165,1.0,0.0,0.0,0.0,0.0
623,468.18,782.0,47186.65,20017.4,19235.4,41.4514,0.3825,0.0,-782.0,0.0,6.8165,0.0,-782.0,0.0,6.8165,1.0,0.0,0.0,0.0,0.0
624,468.53,775.8,47541.15,20073.35,19297.55,41.2646,0.3844,0.0,-775.8,0.0,6.8165,0.0,-775.8,0.0,6.8165,1.0,0.0,0.0,0.0,0.0
625,468.88,772.8,46303.25,19196.75,18423.95,40.4651,0.3929,0.0,-772.8,0.0,6.8165,0.0,-772.8,0.0,6.8165,1.0,0.0,0.0,0.0,0.0
626,469.23,765.6,45980.75,18732.3,17966.7,39.736,0.4008,0.0,-765.6,0.0,6.8165,0.0,-765.6,0.0,6.8165,1.0,0.0,0.0,0.0,0.0
627,469.58,757.2,45771.55,18331.2,17574.0,39.0409,0.4085,0.0,-757.2,0.0,6.8165,0.0,-757.2,0.0,6.8165,1.0,0.0,0.0,0.0,0.0
628,469.93,774.85,44890.8,17782.85,17008.0,38.5529,0.4139,0.0,-774.85,0.0,6.8165,0.0,-774.85,0.0,6.8165,1.0,0.0,0.0,0.0,0.0
629,470.28,770.65,44666.3,17321.3,16550.65,37.7045,0.4236,0.0,-770.65,0.0,6.8165,0.0,-770.65,0.0,6.8165,1.0,0.0,0.0,0.0,0.0
630,470.63,781.95,43956.05,16688.8,15906.85,36.8435,0.4336,0.0,-781.95,0.0,6.8165,0.0,-781.95,0.0,6.8165,1.0,0.0,0.0,0.0,0.0
631,470.98,793.4,43286.65,16184.2,15390.8,36.2194,0.4411,0.0,-793.4,0.0,6.8165,0.0,-793.4,0.0,6.8165,1.0,0.0,0.0,0.0,0.0
632,471.33,792.25,41917.05,15359.1,14566.85,35.4211,0.4507,0.0,-792.25,0.0,6.8165,0.0,-792.25,0.0,6.8165,1.0,0.0,0.0,0.0,0.0
633,471.68,781.65,42679.45,15410.9,14629.25,34.9165,0.457,0.0,-781.65,0.0,6.8165,0.0,-781.65,0.0,6.8165,1.0,0.0,0.0,0.0,0.0
634,472.03,762.3,42028.05,14765.2,14002.9,33.9335,0.4694,0.0,-762.3,0.0,6.8165,0.0,-762.3,0.0,6.8165,1.0,0.0,0.0,0.0,0.0
635,472.38,782.9,41149.1,14135.8,13352.9,33.0794,0.4804,0.0,-782.9,0.0,6.8165,0.0,-782.9,0.0,6.8165,1.0,0.0,0.0,0.0,0.0
636,472.73,783.0,42948.45,14530.25,13747.25,32.6031,0.4867,0.0,-783.0,0.0,6.8165,0.0,-783.0,0.0,6.8165,1.0,0.0,0.0,0.0,0.0
637,473.08,772.4,45040.8,15119.95,14347.55,32.4104,0.4893,0.0,-772.4,0.0,6.8165,0.0,-772.4,0.0,6.8165,1.0,0.0,0.0,0.0,0.0
638,473.43,773.9,47677.25,15731.3,14957.4,31.8898,0.4963,0.0,-773.9,0.0,6.8165,0.0,-773.9,0.0,6.8165,1.0,0.0,0.0,0.0,0.0
639,473.78,780.7,50807.35,16670.6,15889.9,31.7629,0.4981,0.0,-780.7,0.0,6.8165,0.0,-780.7,0.0,6.8165,1.0,0.0,0.0,0.0,0.0
640,474.13,777.7,50059.05,16233.25,15455.55,31.3619,0.5036,0.0,-777.7,0.0,6.8165,0.0,-777.7,0.0,6.8165,1.0,0.0,0.0,0.0,0.0
641,474.48,776.3,46792.0,14759.15,13982.85,30.3871,0.5173,0.0,-776.3,0.0,6.8165,0.0,-776.3,0.0,6.8165,1.0,0.0,0.0,0.0,0.0
642,474.83,762.6,42696.9,13071.8,12309.2,29.3535,0.5323,0.0,-762.6,0.0,6.8165,0.0,-762.6,0.0,6.8165,1.0,0.0,0.0,0.0,0.0
643,475.18,777.7,42400.35,12659.35,11881.65,28.5461,0.5445,0.0,-777.7,0.0,6.8165,0.0,-777.7,0.0,6.8165,1.0,0.0,0.0,0.0,0.0
644,475.52,777.85,41606.35,12137.45,11359.6,27.8227,0.5556,0.0,-777.85,0.0,6.8165,0.0,-777.85,0.0,6.8165,1.0,0.0,0.0,0.0,0.0
645,475.87,778.5,41110.85,11871.0,11092.5,27.5027,0.5606,0.0,-778.5,0.0,6.8165,0.0,-778.5,0.0,6.8165,1.0,0.0,0.0,0.0,0.0
646,476.22,777.1,40722.65,11492.75,10715.65,26.8256,0.5714,0.0,-777.1,0.0,6.8165,0.0,-777.1,0.0,6.8165,1.0,0.0,0.0,0.0,0.0
647,476.57,778.4,40345.35,11160.7,10382.3,26.2398,0.581,0.0,-778.4,0.0,6.8165,0.0,-778.4,0.0,6.8165,1.0,0.0,0.0,0.0,0.0
648,476.92,766.05,40304.5,10793.8,10027.75,25.362,0.5958,0.0,-766.05,0.0,6.8165,0.0,-766.05,0.0,6.8165,1.0,0.0,0.0,0.0,0.0
649,477.27,773.25,40494.0,10729.1,9955.85,25.0646,0.6009,0.0,-773.25,0.0,6.8165,0.0,-773.25,0.0,6.8165,1.0,0.0,0.0,0.0,0.0
650,477.62,779.5,41302.35,10803.4,10023.9,24.7364,0.6067,0.0,-779.5,0.0,6.8165,0.0,-779.5,0.0,6.8165,1.0,0.0,0.0,0.0,0.0
651,477.96,778.2,40966.55,10450.45,9672.25,24.0673,0.6186,0.0,-778.2,0.0,6.8165,0.0,-778.2,0.0,6.8165,1.0,0.0,0.0,0.0,0.0
652,478.31,771.4,41077.3,10306.55,9535.15,23.657,0.626,0.0,-771.4,0.0,6.8165,0.0,-771.4,0.0,6.8165,1.0,0.0,0.0,0.0,0.0
653,478.66,773.35,41665.4,10228.0,9454.65,23.121,0.636,0.0,-773.35,0.0,6.8165,0.0,-773.35,0.0,6.8165,1.0,0.0,0.0,0.0,0.0
654,479.01,774.85,42278.25,10142.45,9367.6,22.5707,0.6465,0.0,-774.85,0.0,6.8165,0.0,-774.85,0.0,6.8165,1.0,0.0,0.0,0.0,0.0
655,479.36,790.95,42327.55,9916.45,9125.5,21.9698,0.6582,0.0,-790.95,0.0,6.8165,0.0,-790.95,0.0,6.8165,1.0,0.0,0.0,0.0,0.0
656,479.7,763.6,43134.6,9865.5,9101.9,21.4814,0.6679,0.0,-763.6,0.0,6.8165,0.0,-763.6,0.0,6.8165,1.0,0.0,0.0,0.0,0.0
657,480.05,772.8,43987.6,9775.1,9002.3,20.8315,0.6813,0.0,-772.8,0.0,6.8165,0.0,-772.8,0.0,6.8165,1.0,0.0,0.0,0.0,0.0
658,480.4,771.0,45646.8,9889.65,9118.65,20.3197,0.6921,0.0,-771.0,0.0,6.8165,0.0,-771.0,0.0,6.8165,1.0,0.0,0.0,0.0,0.0
659,480.75,772.4,46888.6,9928.55,9156.15,19.8545,0.7021,0.0,-772.4,0.0,6.8165,0.0,-772.4,0.0,6.8165,1.0,0.0,0.0,0.0,0.0
660,481.09,786.65,48710.8,10150.3,9363.65,19.5385,0.7091,0.0,-786.65,0.0,6.8165,0.0,-786.65,0.0,6.8165,1.0,0.0,0.0,0.0,0.0
661,481.44,772.85,49960.5,10206.25,9433.4,19.1784,0.7172,0.0,-772.85,0.0,6.8165,0.0,-772.85,0.0,6.8165,1.0,0.0,0.0,0.0,0.0
662,481.79,764.15,50728.4,10075.2,9311.05,18.6354,0.7297,0.0,-764.15,0.0,6.8165,0.0,-764.15,0.0,6.8165,1.0,0.0,0.0,0.0,0.0
663,482.14,777.7,50713.8,9858.3,9080.6,18.1844,0.7403,0.0,-777.7,0.0,6.8165,0.0,-777.7,0.0,6.8165,1.0,0.0,0.0,0.0,0.0
664,482.48,768.4,50749.85,9664.75,8896.35,17.7993,0.7496,0.0,-768.4,0.0,6.8165,0.0,-768.4,0.0,6.8165,1.0,0.0,0.0,0.0,0.0
665,482.83,773.35,51057.8,9549.05,8775.7,17.4521,0.7582,0.0,-773.35,0.0,6.8165,0.0,-773.35,0.0,6.8165,1.0,0.0,0.0,0.0,0.0
666,483.18,770.7,51019.45,9303.85,8533.15,16.9818,0.77,0.0,-770.7,0.0,6.8165,0.0,-770.7,0.0,6.8165,1.0,0.0,0.0,0.0,0.0
667,483.52,780.35,51468.7,9108.35,8328.0,16.4298,0.7844,0.0,-780.35,0.0,6.8165,0.0,-780.35,0.0,6.8165,1.0,0.0,0.0,0.0,0.0
668,483.87,764.3,51223.0,8814.95,8050.65,15.9549,0.7971,0.0,-764.3,0.0,6.8165,0.0,-764.3,0.0,6.8165,1.0,0.0,0.0,0.0,0.0
669,484.22,757.2,51515.2,8555.0,7797.8,15.3627,0.8135,0.0,-757.2,0.0,6.8165,0.0,-757.2,0.0,6.8165,1.0,0.0,0.0,0.0,0.0
670,484.56,768.2,51532.7,8349.45,7581.25,14.9342,0.8258,0.0,-768.2,0.0,6.8165,0.0,-768.2,0.0,6.8165,1.0,0.0,0.0,0.0,0.0
671,484.91,774.4,51165.55,8051.2,7276.8,14.4406,0.8404,0.0,-774.4,0.0,6.8165,0.0,-774.4,0.0,6.8165,1.0,0.0,0.0,0.0,0.0
672,485.26,763.3,50644.05,7794.15,7030.85,14.0953,0.8509,0.0,-763.3,0.0,6.8165,0.0,-763.3,0.0,6.8165,1.0,0.0,0.0,0.0,0.0
673,485.6,776.55,50318.15,7474.55,6698.0,13.52,0.869,0.0,-776.55,0.0,6.8165,0.0,-776.55,0.0,6.8165,1.0,0.0,0.0,0.0,0.0
674,485.95,770.15,50111.15,7249.8,6479.65,13.1324,0.8817,0.0,-770.15,0.0,6.8165,0.0,-770.15,0.0,6.8165,1.0,0.0,0.0,0.0,0.0
675,486.3,773.5,49516.4,7045.85,6272.35,12.8682,0.8905,0.0,-773.5,0.0,6.8165,0.0,-773.5,0.0,6.8165,1.0,0.0,0.0,0.0,0.0
676,486.64,781.8,49432.75,6913.65,6131.85,12.6038,0.8995,0.0,-781.8,0.0,6.8165,0.0,-781.8,0.0,6.8165,1.0,0.0,0.0,0.0,0.0
677,486.99,774.75,49296.05,6707.5,5932.75,12.2271,0.9127,0.0,-774.75,0.0,6.8165,0.0,-774.75,0.0,6.8165,1.0,0.0,0.0,0.0,0.0
678,487.33,778.9,49898.95,6528.3,5749.4,11.7048,0.9316,0.0,-778.9,0.0,6.8165,0.0,-778.9,0.0,6.8165,1.0,0.0,0.0,0.0,0.0
679,487.68,782.55,49982.6,6401.1,5618.55,11.4198,0.9423,0.0,-782.55,0.0,6.8165,0.0,-782.55,0.0,6.8165,1.0,0.0,0.0,0.0,0.0
680,488.02,767.75,50477.75,6288.6,5520.85,11.1061,0.9544,0.0,-767.75,0.0,6.8165,0.0,-767.75,0.0,6.8165,1.0,0.0,0.0,0.0,0.0
681,488.37,775.95,50168.95,6120.65,5344.7,10.8208,0.9657,0.0,-775.95,0.0,6.8165,0.0,-775.95,0.0,6.8165,1.0,0.0,0.0,0.0,0.0
682,488.72,779.1,50497.25,5968.65,5189.55,10.4379,0.9814,0.0,-779.1,0.0,6.8165,0.0,-779.1,0.0,6.8165,1.0,0.0,0.0,0.0,0.0
683,489.06,769.1,51148.7,5821.3,5052.2,10.0283,0.9988,0.0,-769.1,0.0,6.8165,0.0,-769.1,0.0,6.8165,1.0,0.0,0.0,0.0,0.0
684,489.41,777.8,51457.45,5734.7,4956.9,9.7808,1.0096,0.0,-777.8,0.0,6.8165,0.0,-777.8,0.0,6.8165,1.0,0.0,0.0,0.0,0.0
685,489.75,763.55,50921.55,5566.9,4803.35,9.5764,1.0188,0.0,-763.55,0.0,6.8165,0.0,-763.55,0.0,6.8165,1.0,0.0,0.0,0.0,0.0
686,490.1,770.4,50975.55,5431.1,4660.7,9.2833,1.0323,0.0,-770.4,0.0,6.8165,0.0,-770.4,0.0,6.8165,1.0,0.0,0.0,0.0,0.0
687,490.44,768.95,50768.75,5273.65,4504.7,9.0094,1.0453,0.0,-768.95,0.0,6.8165,0.0,-768.95,0.0,6.8165,1.0,0.0,0.0,0.0,0.0
688,490.79,765.9,51590.5,5237.05,4471.15,8.7972,1.0557,0.0,-765.9,0.0,6.8165,0.0,-765.9,0.0,6.8165,1.0,0.0,0.0,0.0,0.0
689,491.13,786.85,52003.9,5123.4,4336.55,8.467,1.0723,0.0,-786.85,0.0,6.8165,0.0,-786.85,0.0,6.8165,1.0,0.0,0.0,0.0,0.0
690,491.48,770.45,53342.4,5083.7,4313.25,8.2045,1.0859,0.0,-770.45,0.0,6.8165,0.0,-770.45,0.0,6.8165,1.0,0.0,0.0,0.0,0.0
691,491.82,782.05,55512.85,5146.9,4364.85,7.9751,1.0983,0.0,-782.05,0.0,6.8165,0.0,-782.05,0.0,6.8165,1.0,0.0,0.0,0.0,0.0
692,492.16,768.15,57495.45,5226.35,4458.2,7.859,1.1046,0.0,-768.15,0.0,6.8165,0.0,-768.15,0.0,6.8165,1.0,0.0,0.0,0.0,0.0
693,492.51,772.6,58291.0,5161.65,4389.05,7.6307,1.1174,0.0,-772.6,0.0,6.8165,0.0,-772.6,0.0,6.8165,1.0,0.0,0.0,0.0,0.0
694,492.85,780.0,58214.15,5038.55,4258.55,7.4147,1.1299,0.0,-780.0,0.0,6.8165,0.0,-780.0,0.0,6.8165,1.0,0.0,0.0,0.0,0.0
695,493.2,770.35,57225.25,4874.85,4104.5,7.2704,1.1384,0.0,-770.35,0.0,6.8165,0.0,-770.35,0.0,6.8165,1.0,0.0,0.0,0.0,0.0
696,493.54,775.15,57021.7,4747.65,3972.5,7.0627,1.151,0.0,-775.15,0.0,6.8165,0.0,-775.15,0.0,6.8165,1.0,0.0,0.0,0.0,0.0
697,493.89,777.6,56403.9,4582.85,3805.25,6.8407,1.1649,0.0,-777.6,0.0,6.8165,0.0,-777.6,0.0,6.8165,1.0,0.0,0.0,0.0,0.0
698,494.23,785.85,56234.6,4436.45,3650.6,6.5837,1.1815,0.0,-785.85,0.0,6.8165,0.0,-785.85,0.0,6.8165,1.0,0.0,0.0,0.0,0.0
699,494.57,777.95,55375.05,4224.8,3446.85,6.3132,1.1997,0.0,-777.95,0.0,6.8165,0.0,-777.95,0.0,6.8165,1.0,0.0,0.0,0.0,0.0
700,494.92,765.25,55166.35,4107.3,3342.05,6.1434,1.2116,0.0,-765.25,0.0,6.8165,0.0,-765.25,0.0,6.8165,1.0,0.0,0.0,0.0,0.0
701,495.26,782.2,54705.3,3981.45,3199.25,5.933,1.2267,0.0,-782.2,0.0,6.8165,0.0,-782.2,0.0,6.8165,1.0,0.0,0.0,0.0,0.0
702,495.6,767.9,54316.4,3882.85,3114.95,5.8171,1.2353,0.0,-767.9,0.0,6.8165,0.0,-767.9,0.0,6.8165,1.0,0.0,0.0,0.0,0.0
703,495.95,771.6,53651.35,3784.15,3012.55,5.697,1.2444,0.0,-771.6,0.0,6.8165,0.0,-771.6,0.0,6.8165,1.0,0.0,0.0,0.0,0.0
704,496.29,772.5,53353.25,3681.05,2908.55,5.5316,1.2572,0.0,-772.5,0.0,6.8165,0.0,-772.5,0.0,6.8165,1.0,0.0,0.0,0.0,0.0
705,496.63,772.5,52885.55,3584.9,2812.4,5.3967,1.2679,0.0,-772.5,0.0,6.8165,0.0,-772.5,0.0,6.8165,1.0,0.0,0.0,0.0,0.0
706,496.98,778.9,52666.05,3475.1,2696.2,5.1963,1.2843,0.0,-778.9,0.0,6.8165,0.0,-778.9,0.0,6.8165,1.0,0.0,0.0,0.0,0.0
707,497.32,780.4,52930.05,3433.85,2653.45,5.0881,1.2934,0.0,-780.4,0.0,6.8165,0.0,-780.4,0.0,6.8165,1.0,0.0,0.0,0.0,0.0
708,497.66,762.85,52633.8,3362.1,2599.25,5.011,1.3001,0.0,-762.85,0.0,6.8165,0.0,-762.85,0.0,6.8165,1.0,0.0,0.0,0.0,0.0
709,498.01,775.2,52499.0,3293.25,2518.05,4.8683,1.3126,0.0,-775.2,0.0,6.8165,0.0,-775.2,0.0,6.8165,1.0,0.0,0.0,0.0,0.0
710,498.35,787.55,52935.3,3230.85,2443.3,4.6853,1.3293,0.0,-787.55,0.0,6.8165,0.0,-787.55,0.0,6.8165,1.0,0.0,0.0,0.0,0.0
711,498.69,783.45,52771.1,3147.65,2364.2,4.5476,1.3422,0.0,-783.45,0.0,6.8165,0.0,-783.45,0.0,6.8165,1.0,0.0,0.0,0.0,0.0
712,499.03,787.65,52650.15,3077.25,2289.6,4.4148,1.3551,0.0,-787.65,0.0,6.8165,0.0,-787.65,0.0,6.8165,1.0,0.0,0.0,0.0,0.0
713,499.38,775.85,52574.25,3013.1,2237.25,4.3191,1.3646,0.0,-775.85,0.0,6.8165,0.0,-775.85,0.0,6.8165,1.0,0.0,0.0,0.0,0.0
714,499.72,774.0,52420.1,2925.45,2151.45,4.1658,1.3803,0.0,-774.0,0.0,6.8165,0.0,-774.0,0.0,6.8165,1.0,0.0,0.0,0.0,0.0
715,500.06,789.0,52720.75,2865.55,2076.55,3.9986,1.3981,0.0,-789.0,0.0,6.8165,0.0,-789.0,0.0,6.8165,1.0,0.0,0.0,0.0,0.0
716,500.4,778.85,52892.95,2864.75,2085.9,4.0026,1.3977,0.0,-778.85,0.0,6.8165,0.0,-778.85,0.0,6.8165,1.0,0.0,0.0,0.0,0.0
717,500.75,785.05,53094.15,2820.75,2035.7,3.8917,1.4099,0.0,-785.05,0.0,6.8165,0.0,-785.05,0.0,6.8165,1.0,0.0,0.0,0.0,0.0
718,501.09,799.85,52554.65,2707.3,1907.45,3.6856,1.4335,0.0,-799.85,0.0,6.8165,0.0,-799.85,0.0,6.8165,1.0,0.0,0.0,0.0,0.0
719,501.43,785.85,52385.9,2662.9,1877.05,3.6377,1.4392,0.0,-785.85,0.0,6.8165,0.0,-785.85,0.0,6.8165,1.0,0.0,0.0,0.0,0.0
720,501.77,770.65,52922.3,2576.7,1806.05,3.4631,1.4605,0.0,-770.65,0.0,6.8165,0.0,-770.65,0.0,6.8165,1.0,0.0,0.0,0.0,0.0
721,502.11,783.7,52991.75,2554.7,1771.0,3.3922,1.4695,0.0,-783.7,0.0,6.8165,0.0,-783.7,0.0,6.8165,1.0,0.0,0.0,0.0,0.0
722,502.46,806.35,52523.6,2479.5,1673.15,3.2352,1.4901,0.0,-806.35,0.0,6.8165,0.0,-806.35,0.0,6.8165,1.0,0.0,0.0,0.0,0.0
723,502.8,780.75,52760.5,2429.85,1649.1,3.1726,1.4986,0.0,-780.75,0.0,6.8165,0.0,-780.75,0.0,6.8165,1.0,0.0,0.0,0.0,0.0
724,503.14,785.2,53094.0,2378.55,1593.35,3.046,1.5163,0.0,-785.2,0.0,6.8165,0.0,-785.2,0.0,6.8165,1.0,0.0,0.0,0.0,0.0
725,503.48,790.05,53303.3,2318.6,1528.55,2.9108,1.536,0.0,-790.05,0.0,6.8165,0.0,-790.05,0.0,6.8165,1.0,0.0,0.0,0.0,0.0
726,503.82,792.8,53794.9,2273.4,1480.6,2.7935,1.5539,0.0,-792.8,0.0,6.8165,0.0,-792.8,0.0,6.8165,1.0,0.0,0.0,0.0,0.0
727,504.16,786.6,53951.25,2223.7,1437.1,2.7031,1.5681,0.0,-786.6,0.0,6.8165,0.0,-786.6,0.0,6.8165,1.0,0.0,0.0,0.0,0.0
728,504.5,773.75,53872.75,2149.8,1376.05,2.5915,1.5865,0.0,-773.75,0.0,6.8165,0.0,-773.75,0.0,6.8165,1.0,0.0,0.0,0.0,0.0
729,504.84,788.9,53416.95,2097.3,1308.4,2.4861,1.6045,0.0,-788.9,0.0,6.8165,0.0,-788.9,0.0,6.8165,1.0,0.0,0.0,0.0,0.0
730,505.19,781.25,53420.4,2030.3,1249.05,2.3729,1.6247,0.0,-781.25,0.0,6.8165,0.0,-781.25,0.0,6.8165,1.0,0.0,0.0,0.0,0.0
731,505.53,778.8,53440.15,2018.2,1239.4,2.3535,1.6283,0.0,-778.8,0.0,6.8165,0.0,-778.8,0.0,6.8165,1.0,0.0,0.0,0.0,0.0
732,505.87,764.2,53362.55,1953.35,1189.15,2.2608,1.6457,0.0,-764.2,0.0,6.8165,0.0,-764.2,0.0,6.8165,1.0,0.0,0.0,0.0,0.0
733,506.21,771.4,53253.25,1884.25,1112.85,2.1204,1.6736,0.0,-771.4,0.0,6.8165,0.0,-771.4,0.0,6.8165,1.0,0.0,0.0,0.0,0.0
734,506.55,777.2,53264.2,1833.0,1055.8,2.0115,1.6965,0.0,-777.2,0.0,6.8165,0.0,-777.2,0.0,6.8165,1.0,0.0,0.0,0.0,0.0
735,506.89,785.9,53583.0,1789.7,1003.8,1.9012,1.721,0.0,-785.9,0.0,6.8165,0.0,-785.9,0.0,6.8165,1.0,0.0,0.0,0.0,0.0
736,507.23,786.0,53537.3,1742.5,956.5,1.8132,1.7415,0.0,-786.0,0.0,6.8165,0.0,-786.0,0.0,6.8165,1.0,0.0,0.0,0.0,0.0
737,507.57,769.6,53082.5,1702.55,932.95,1.7834,1.7488,0.0,-769.6,0.0,6.8165,0.0,-769.6,0.0,6.8165,1.0,0.0,0.0,0.0,0.0
738,507.91,775.55,53125.9,1667.75,892.2,1.7043,1.7685,0.0,-775.55,0.0,6.8165,0.0,-775.55,0.0,6.8165,1.0,0.0,0.0,0.0,0.0
739,508.25,779.55,53658.55,1652.6,873.05,1.651,1.7822,0.0,-779.55,0.0,6.8165,0.0,-779.55,0.0,6.8165,1.0,0.0,0.0,0.0,0.0
740,508.59,776.05,54243.35,1606.65,830.6,1.5535,1.8087,0.0,-776.05,0.0,6.8165,0.0,-776.05,0.0,6.8165,1.0,0.0,0.0,0.0,0.0
741,508.93,774.4,54320.9,1578.6,804.2,1.5019,1.8234,0.0,-774.4,0.0,6.8165,0.0,-774.4,0.0,6.8165,1.0,0.0,0.0,0.0,0.0
742,509.27,783.35,54073.5,1538.15,754.8,1.4164,1.8488,0.0,-783.35,0.0,6.8165,0.0,-783.35,0.0,6.8165,1.0,0.0,0.0,0.0,0.0
743,509.61,773.75,54374.7,1500.0,726.25,1.3549,1.8681,0.0,-773.75,0.0,6.8165,0.0,-773.75,0.0,6.8165,1.0,0.0,0.0,0.0,0.0
744,509.95,782.5,54660.25,1479.6,697.1,1.2939,1.8881,0.0,-782.5,0.0,6.8165,0.0,-782.5,0.0,6.8165,1.0,0.0,0.0,0.0,0.0
745,510.29,779.6,54782.15,1465.35,685.75,1.2698,1.8962,0.0,-779.6,0.0,6.8165,0.0,-779.6,0.0,6.8165,1.0,0.0,0.0,0.0,0.0
746,510.63,779.7,54478.7,1426.95,647.25,1.2053,1.9189,0.0,-779.7,0.0,6.8165,0.0,-779.7,0.0,6.8165,1.0,0.0,0.0,0.0,0.0
747,510.97,762.1,54274.4,1411.6,649.5,1.2137,1.9159,0.0,-762.1,0.0,6.8165,0.0,-762.1,0.0,6.8165,1.0,0.0,0.0,0.0,0.0
748,511.31,778.45,54434.7,1371.4,592.95,1.1051,1.9566,0.0,-778.45,0.0,6.8165,0.0,-778.45,0.0,6.8165,1.0,0.0,0.0,0.0,0.0
749,511.65,776.45,54264.95,1366.15,589.7,1.1025,1.9576,0.0,-776.45,0.0,6.8165,0.0,-776.45,0.0,6.8165,1.0,0.0,0.0,0.0,0.0
750,511.98,773.75,54696.1,1344.65,570.9,1.0587,1.9752,0.0,-773.75,0.0,6.8165,0.0,-773.75,0.0,6.8165,1.0,0.0,0.0,0.0,0.0
751,512.32,777.45,55007.05,1310.8,533.35,0.9835,2.0072,0.0,-777.45,0.0,6.8165,0.0,-777.45,0.0,6.8165,1.0,0.0,0.0,0.0,0.0
752,512.66,786.25,55015.3,1312.45,526.2,0.9703,2.0131,0.0,-786.25,0.0,6.8165,0.0,-786.25,0.0,6.8165,1.0,0.0,0.0,0.0,0.0
753,513.0,781.95,54956.8,1275.85,493.9,0.9117,2.0402,0.0,-781.95,0.0,6.8165,0.0,-781.95,0.0,6.8165,1.0,0.0,0.0,0.0,0.0
754,513.34,779.95,55438.2,1261.45,481.5,0.8809,2.0551,0.0,-779.95,0.0,6.8165,0.0,-779.95,0.0,6.8165,1.0,0.0,0.0,0.0,0.0
755,513.68,794.15,56023.55,1236.1,441.95,0.8002,2.0968,0.0,-794.15,0.0,6.8165,0.0,-794.15,0.0,6.8165,1.0,0.0,0.0,0.0,0.0
756,514.02,777.3,55741.0,1222.2,444.9,0.8094,2.0918,0.0,-777.3,0.0,6.8165,0.0,-777.3,0.0,6.8165,1.0,0.0,0.0,0.0,0.0
757,514.36,776.3,55936.8,1219.9,443.6,0.8042,2.0946,0.0,-776.3,0.0,6.8165,0.0,-776.3,0.0,6.8165,1.0,0.0,0.0,0.0,0.0
758,514.69,779.1,55797.35,1198.65,419.55,0.7626,2.1177,0.0,-779.1,0.0,6.8165,0.0,-779.1,0.0,6.8165,1.0,0.0,0.0,0.0,0.0
759,515.03,787.0,55605.1,1178.8,391.8,0.7147,2.1459,0.0,-787.0,0.0,6.8165,0.0,-787.0,0.0,6.8165,1.0,0.0,0.0,0.0,0.0
760,515.37,784.45,55758.45,1137.6,353.15,0.6424,2.1922,0.0,-784.45,0.0,6.8165,0.0,-784.45,0.0,6.8165,1.0,0.0,0.0,0.0,0.0
761,515.71,773.3,55666.05,1144.6,371.3,0.6764,2.1698,0.0,-773.3,0.0,6.8165,0.0,-773.3,0.0,6.8165,1.0,0.0,0.0,0.0,0.0
762,516.05,785.2,55851.05,1120.85,335.65,0.6095,2.215,0.0,-785.2,0.0,6.8165,0.0,-785.2,0.0,6.8165,1.0,0.0,0.0,0.0,0.0
763,516.38,784.2,56363.6,1111.35,327.15,0.5886,2.2302,0.0,-784.2,0.0,6.8165,0.0,-784.2,0.0,6.8165,1.0,0.0,0.0,0.0,0.0
764,516.72,781.8,56964.05,1097.6,315.8,0.5621,2.2502,0.0,-781.8,0.0,6.8165,0.0,-781.8,0.0,6.8165,1.0,0.0,0.0,0.0,0.0
765,517.06,781.65,56866.1,1089.7,308.05,0.5493,2.2602,0.0,-781.65,0.0,6.8165,0.0,-781.65,0.0,6.8165,1.0,0.0,0.0,0.0,0.0
766,517.4,781.1,56613.15,1093.0,311.9,0.5586,2.2529,0.0,-781.1,0.0,6.8165,0.0,-781.1,0.0,6.8165,1.0,0.0,0.0,0.0,0.0
767,517.73,775.05,56701.6,1051.6,276.55,0.4945,2.3058,0.0,-775.05,0.0,6.8165,0.0,-775.05,0.0,6.8165,1.0,0.0,0.0,0.0,0.0
768,518.07,776.05,56782.45,1054.35,278.3,0.4969,2.3037,0.0,-776.05,0.0,6.8165,0.0,-776.05,0.0,6.8165,1.0,0.0,0.0,0.0,0.0
769,518.41,791.55,56947.7,1043.85,252.3,0.4493,2.3475,0.0,-791.55,0.0,6.8165,0.0,-791.55,0.0,6.8165,1.0,0.0,0.0,0.0,0.0
770,518.75,791.8,57209.35,1025.6,233.8,0.4144,2.3826,0.0,-791.8,0.0,6.8165,0.0,-791.8,0.0,6.8165,1.0,0.0,0.0,0.0,0.0
771,519.08,790.35,57406.85,1019.45,229.1,0.4047,2.3929,0.0,-790.35,0.0,6.8165,0.0,-790.35,0.0,6.8165,1.0,0.0,0.0,0.0,0.0
772,519.42,777.1,57169.8,1018.05,240.95,0.4273,2.3693,0.0,-777.1,0.0,6.8165,0.0,-777.1,0.0,6.8165,1.0,0.0,0.0,0.0,0.0
773,519.76,793.55,57112.2,1016.9,223.35,0.3966,2.4017,0.0,-793.55,0.0,6.8165,0.0,-793.55,0.0,6.8165,1.0,0.0,0.0,0.0,0.0
774,520.09,784.8,57263.1,983.3,198.5,0.3515,2.4541,0.0,-784.8,0.0,6.8165,0.0,-784.8,0.0,6.8165,1.0,0.0,0.0,0.0,0.0
775,520.43,773.45,57916.1,982.55,209.1,0.3659,2.4366,0.0,-773.45,0.0,6.8165,0.0,-773.45,0.0,6.8165,1.0,0.0,0.0,0.0,0.0
776,520.77,785.6,57801.55,993.8,208.2,0.3652,2.4375,0.0,-785.6,0.0,6.8165,0.0,-785.6,0.0,6.8165,1.0,0.0,0.0,0.0,0.0
777,521.1,794.1,57477.1,981.7,187.6,0.331,2.4802,0.0,-794.1,0.0,6.8165,0.0,-794.1,0.0,6.8165,1.0,0.0,0.0,0.0,0.0
778,521.44,786.55,57593.4,960.4,173.85,0.306,2.5142,0.0,-786.55,0.0,6.8165,0.0,-786.55,0.0,6.8165,1.0,0.0,0.0,0.0,0.0
779,521.78,793.8,57524.25,952.45,158.65,0.2797,2.5534,0.0,-793.8,0.0,6.8165,0.0,-793.8,0.0,6.8165,1.0,0.0,0.0,0.0,0.0
780,522.11,782.6,57566.1,954.95,172.35,0.3035,2.5178,0.0,-782.6,0.0,6.8165,0.0,-782.6,0.0,6.8165,1.0,0.0,0.0,0.0,0.0
781,522.45,795.6,58209.3,935.65,140.05,0.2439,2.6127,0.0,-795.6,0.0,6.8165,0.0,-795.6,0.0,6.8165,1.0,0.0,0.0,0.0,0.0
782,522.78,785.5,58234.05,946.25,160.75,0.2798,2.5531,0.0,-785.5,0.0,6.8165,0.0,-785.5,0.0,6.8165,1.0,0.0,0.0,0.0,0.0
783,523.12,779.45,58211.9,931.25,151.8,0.2643,2.5779,0.0,-779.45,0.0,6.8165,0.0,-779.45,0.0,6.8165,1.0,0.0,0.0,0.0,0.0
784,523.46,790.75,57881.9,922.85,132.1,0.2314,2.6357,0.0,-790.75,0.0,6.8165,0.0,-790.75,0.0,6.8165,1.0,0.0,0.0,0.0,0.0
785,523.79,776.55,57579.3,924.7,148.15,0.2608,2.5837,0.0,-776.55,0.0,6.8165,0.0,-776.55,0.0,6.8165,1.0,0.0,0.0,0.0,0.0
786,524.13,774.25,58241.2,923.65,149.4,0.26,2.5851,0.0,-774.25,0.0,6.8165,0.0,-774.25,0.0,6.8165,1.0,0.0,0.0,0.0,0.0
787,524.46,788.3,57657.75,900.15,111.85,0.1967,2.7062,0.0,-788.3,0.0,6.8165,0.0,-788.3,0.0,6.8165,1.0,0.0,0.0,0.0,0.0
788,524.8,787.85,57513.0,886.75,98.9,0.1743,2.7586,0.0,-787.85,0.0,6.8165,0.0,-787.85,0.0,6.8165,1.0,0.0,0.0,0.0,0.0
789,525.13,780.7,57577.9,908.85,128.15,0.2256,2.6466,0.0,-780.7,0.0,6.8165,0.0,-780.7,0.0,6.8165,1.0,0.0,0.0,0.0,0.0
790,525.47,779.5,57626.8,905.35,125.85,0.2214,2.6549,0.0,-779.5,0.0,6.8165,0.0,-779.5,0.0,6.8165,1.0,0.0,0.0,0.0,0.0
791,525.8,788.05,58017.2,884.15,96.1,0.1679,2.7749,0.0,-788.05,0.0,6.8165,0.0,-788.05,0.0,6.8165,1.0,0.0,0.0,0.0,0.0
792,526.14,794.55,58390.35,897.15,102.6,0.1781,2.7492,0.0,-794.55,0.0,6.8165,0.0,-794.55,0.0,6.8165,1.0,0.0,0.0,0.0,0.0
793,526.47,787.95,57999.75,879.8,91.85,0.1605,2.7944,0.0,-787.95,0.0,6.8165,0.0,-787.95,0.0,6.8165,1.0,0.0,0.0,0.0,0.0
794,526.81,786.1,57618.15,884.0,97.9,0.1723,2.7638,0.0,-786.1,0.0,6.8165,0.0,-786.1,0.0,6.8165,1.0,0.0,0.0,0.0,0.0
795,527.14,787.4,57954.55,873.65,86.25,0.1509,2.8214,0.0,-787.4,0.0,6.8165,0.0,-787.4,0.0,6.8165,1.0,0.0,0.0,0.0,0.0
796,527.48,770.9,58008.1,891.75,120.85,0.2111,2.6754,0.0,-770.9,0.0,6.8165,0.0,-770.9,0.0,6.8165,1.0,0.0,0.0,0.0,0.0
797,527.81,783.1,57907.05,874.7,91.6,0.1604,2.7949,0.0,-783.1,0.0,6.8165,0.0,-783.1,0.0,6.8165,1.0,0.0,0.0,0.0,0.0
798,528.15,788.1,57879.7,872.5,84.4,0.1478,2.8302,0.0,-788.1,0.0,6.8165,0.0,-788.1,0.0,6.8165,1.0,0.0,0.0,0.0,0.0
799,528.48,784.2,57932.45,858.65,74.45,0.1303,2.8851,0.0,-784.2,0.0,6.8165,0.0,-784.2,0.0,6.8165,1.0,0.0,0.0,0.0,0.0
800,528.82,781.7,58290.7,867.45,85.75,0.1491,2.8265,0.0,-781.7,0.0,6.8165,0.0,-781.7,0.0,6.8165,1.0,0.0,0.0,0.0,0.0
801,529.15,793.7,58285.05,863.6,69.9,0.1216,2.9151,0.0,-793.7,0.0,6.8165,0.0,-793.7,0.0,6.8165,1.0,0.0,0.0,0.0,0.0
802,529.49,794.55,58256.5,864.0,69.45,0.1209,2.9177,0.0,-794.55,0.0,6.8165,0.0,-794.55,0.0,6.8165,1.0,0.0,0.0,0.0,0.0
803,529.82,792.25,58648.85,862.0,69.75,0.1206,2.9188,0.0,-792.25,0.0,6.8165,0.0,-792.25,0.0,6.8165,1.0,0.0,0.0,0.0,0.0
804,530.15,789.25,58158.65,848.95,59.7,0.1041,2.9827,0.0,-789.25,0.0,6.8165,0.0,-789.25,0.0,6.8165,1.0,0.0,0.0,0.0,0.0
805,530.49,783.25,58240.6,865.9,82.65,0.1438,2.8421,0.0,-783.25,0.0,6.8165,0.0,-783.25,0.0,6.8165,1.0,0.0,0.0,0.0,0.0
806,530.82,789.05,58471.0,853.0,63.95,0.1109,2.9552,0.0,-789.05,0.0,6.8165,0.0,-789.05,0.0,6.8165,1.0,0.0,0.0,0.0,0.0
807,531.16,795.3,57748.2,848.9,53.6,0.0941,3.0264,0.0,-795.3,0.0,6.8165,0.0,-795.3,0.0,6.8165,1.0,0.0,0.0,0.0,0.0
808,531.49,788.75,58042.15,874.95,86.2,0.1506,2.8223,0.0,-788.75,0.0,6.8165,0.0,-788.75,0.0,6.8165,1.0,0.0,0.0,0.0,0.0
809,531.82,784.5,58423.25,850.55,66.05,0.1146,2.9408,0.0,-784.5,0.0,6.8165,0.0,-784.5,0.0,6.8165,1.0,0.0,0.0,0.0,0.0
810,532.16,783.55,58221.2,850.9,67.35,0.1173,2.9309,0.0,-783.55,0.0,6.8165,0.0,-783.55,0.0,6.8165,1.0,0.0,0.0,0.0,0.0
811,532.49,787.85,58350.3,853.05,65.2,0.1133,2.9459,0.0,-787.85,0.0,6.8165,0.0,-787.85,0.0,6.8165,1.0,0.0,0.0,0.0,0.0
812,532.82,793.7,58163.8,859.2,65.5,0.1142,2.9424,0.0,-793.7,0.0,6.8165,0.0,-793.7,0.0,6.8165,1.0,0.0,0.0,0.0,0.0
813,533.16,795.75,57919.15,854.15,58.4,0.1022,2.9904,0.0,-795.75,0.0,6.8165,0.0,-795.75,0.0,6.8165,1.0,0.0,0.0,0.0,0.0
814,533.49,776.6,57448.75,852.5,75.9,0.1339,2.8731,0.0,-776.6,0.0,6.8165,0.0,-776.6,0.0,6.8165,1.0,0.0,0.0,0.0,0.0
815,533.82,781.2,58002.6,852.05,70.85,0.1238,2.9072,0.0,-781.2,0.0,6.8165,0.0,-781.2,0.0,6.8165,1.0,0.0,0.0,0.0,0.0
816,534.15,775.65,57772.6,823.15,47.5,0.0833,3.0792,0.0,-775.65,0.0,6.8165,0.0,-775.65,0.0,6.8165,1.0,0.0,0.0,0.0,0.0
817,534.49,787.95,57046.6,850.4,62.45,0.111,2.9547,0.0,-787.95,0.0,6.8165,0.0,-787.95,0.0,6.8165,1.0,0.0,0.0,0.0,0.0
818,534.82,778.55,57271.35,833.7,55.15,0.0976,3.0104,0.0,-778.55,0.0,6.8165,0.0,-778.55,0.0,6.8165,1.0,0.0,0.0,0.0,0.0
819,535.15,768.9,57479.7,834.75,65.85,0.1161,2.9351,0.0,-768.9,0.0,6.8165,0.0,-768.9,0.0,6.8165,1.0,0.0,0.0,0.0,0.0
820,535.48,786.45,57802.4,839.1,52.65,0.0923,3.0346,0.0,-786.45,0.0,6.8165,0.0,-786.45,0.0,6.8165,1.0,0.0,0.0,0.0,0.0
821,535.82,785.7,57359.15,832.25,46.55,0.0823,3.0847,0.0,-785.7,0.0,6.8165,0.0,-785.7,0.0,6.8165,1.0,0.0,0.0,0.0,0.0
822,536.15,780.9,57681.45,845.2,64.3,0.113,2.9469,0.0,-780.9,0.0,6.8165,0.0,-780.9,0.0,6.8165,1.0,0.0,0.0,0.0,0.0
823,536.48,791.2,57522.8,831.85,40.65,0.0717,3.1448,0.0,-791.2,0.0,6.8165,0.0,-791.2,0.0,6.8165,1.0,0.0,0.0,0.0,0.0
824,536.81,791.95,57393.7,830.1,38.15,0.0674,3.1713,0.0,-791.95,0.0,6.8165,0.0,-791.95,0.0,6.8165,1.0,0.0,0.0,0.0,0.0
825,537.15,788.35,57664.6,842.9,54.55,0.0959,3.0181,0.0,-788.35,0.0,6.8165,0.0,-788.35,0.0,6.8165,1.0,0.0,0.0,0.0,0.0
826,537.48,781.0,57839.25,837.7,56.7,0.0994,3.0027,0.0,-781.0,0.0,6.8165,0.0,-781.0,0.0,6.8165,1.0,0.0,0.0,0.0,0.0
827,537.81,777.65,56986.8,846.0,68.35,0.1216,2.9151,0.0,-777.65,0.0,6.8165,0.0,-777.65,0.0,6.8165,1.0,0.0,0.0,0.0,0.0
828,538.14,771.1,56641.3,830.05,58.95,0.1055,2.9767,0.0,-771.1,0.0,6.8165,0.0,-771.1,0.0,6.8165,1.0,0.0,0.0,0.0,0.0
829,538.47,772.6,56670.55,848.95,76.35,0.1366,2.8646,0.0,-772.6,0.0,6.8165,0.0,-772.6,0.0,6.8165,1.0,0.0,0.0,0.0,0.0
830,538.8,785.75,57363.7,823.75,38.0,0.0672,3.1729,0.0,-785.75,0.0,6.8165,0.0,-785.75,0.0,6.8165,1.0,0.0,0.0,0.0,0.0
831,539.14,795.9,57701.65,855.25,59.35,0.1043,2.9817,0.0,-795.9,0.0,6.8165,0.0,-795.9,0.0,6.8165,1.0,0.0,0.0,0.0,0.0
832,539.47,774.25,57304.55,838.5,64.25,0.1137,2.9444,0.0,-774.25,0.0,6.8165,0.0,-774.25,0.0,6.8165,1.0,0.0,0.0,0.0,0.0
833,539.8,779.55,57534.2,839.85,60.3,0.1062,2.9737,0.0,-779.55,0.0,6.8165,0.0,-779.55,0.0,6.8165,1.0,0.0,0.0,0.0,0.0
834,540.13,796.6,57244.1,832.3,35.7,0.0632,3.199,0.0,-796.6,0.0,6.8165,0.0,-796.6,0.0,6.8165,1.0,0.0,0.0,0.0,0.0
835,540.46,798.45,57366.85,845.9,47.45,0.0839,3.0763,0.0,-798.45,0.0,6.8165,0.0,-798.45,0.0,6.8165,1.0,0.0,0.0,0.0,0.0
836,540.79,778.2,58223.9,842.25,64.05,0.1115,2.9527,0.0,-778.2,0.0,6.8165,0.0,-778.2,0.0,6.8165,1.0,0.0,0.0,0.0,0.0
837,541.12,775.95,57472.4,831.95,56.0,0.0988,3.0054,0.0,-775.95,0.0,6.8165,0.0,-775.95,0.0,6.8165,1.0,0.0,0.0,0.0,0.0
838,541.45,800.85,57077.2,840.5,39.65,0.0705,3.1521,0.0,-800.85,0.0,6.8165,0.0,-800.85,0.0,6.8165,1.0,0.0,0.0,0.0,0.0
839,541.78,780.35,57528.5,825.6,45.25,0.0797,3.0983,0.0,-780.35,0.0,6.8165,0.0,-780.35,0.0,6.8165,1.0,0.0,0.0,0.0,0.0
840,542.11,786.55,58796.4,836.4,49.85,0.0859,3.0658,0.0,-786.55,0.0,6.8165,0.0,-786.55,0.0,6.8165,1.0,0.0,0.0,0.0,0.0
841,542.44,783.25,59435.75,840.25,57.0,0.0972,3.0124,0.0,-783.25,0.0,6.8165,0.0,-783.25,0.0,6.8165,1.0,0.0,0.0,0.0,0.0
842,542.78,785.05,58781.6,837.7,52.65,0.0908,3.042,0.0,-785.05,0.0,6.8165,0.0,-785.05,0.0,6.8165,1.0,0.0,0.0,0.0,0.0
843,543.11,784.6,57941.8,859.05,74.45,0.1303,2.8852,0.0,-784.6,0.0,6.8165,0.0,-784.6,0.0,6.8165,1.0,0.0,0.0,0.0,0.0
844,543.44,788.65,57988.25,844.45,55.8,0.0976,3.0108,0.0,-788.65,0.0,6.8165,0.0,-788.65,0.0,6.8165,1.0,0.0,0.0,0.0,0.0
845,543.77,779.45,58354.95,832.45,53.0,0.0921,3.036,0.0,-779.45,0.0,6.8165,0.0,-779.45,0.0,6.8165,1.0,0.0,0.0,0.0,0.0
846,544.1,780.6,58944.45,847.1,66.5,0.1143,2.9418,0.0,-780.6,0.0,6.8165,0.0,-780.6,0.0,6.8165,1.0,0.0,0.0,0.0,0.0
847,544.43,781.85,58565.65,835.25,53.4,0.0924,3.0343,0.0,-781.85,0.0,6.8165,0.0,-781.85,0.0,6.8165,1.0,0.0,0.0,0.0,0.0
848,544.76,774.4,58236.55,839.4,65.0,0.1131,2.9465,0.0,-774.4,0.0,6.8165,0.0,-774.4,0.0,6.8165,1.0,0.0,0.0,0.0,0.0
849,545.09,777.9,58213.85,831.6,53.7,0.0935,3.0292,0.0,-777.9,0.0,6.8165,0.0,-777.9,0.0,6.8165,1.0,0.0,0.0,0.0,0.0
850,545.42,779.75,58506.95,829.8,50.05,0.0867,3.062,0.0,-779.75,0.0,6.8165,0.0,-779.75,0.0,6.8165,1.0,0.0,0.0,0.0,0.0
851,545.74,786.15,59295.95,841.8,55.65,0.0951,3.0218,0.0,-786.15,0.0,6.8165,0.0,-786.15,0.0,6.8165,1.0,0.0,0.0,0.0,0.0
852,546.07,781.85,59548.75,827.5,45.65,0.0777,3.1097,0.0,-781.85,0.0,6.8165,0.0,-781.85,0.0,6.8165,1.0,0.0,0.0,0.0,0.0
853,546.4,780.15,59017.2,845.5,65.35,0.1122,2.95,0.0,-780.15,0.0,6.8165,0.0,-780.15,0.0,6.8165,1.0,0.0,0.0,0.0,0.0
854,546.73,777.55,59222.9,844.55,67.0,0.1146,2.9407,0.0,-777.55,0.0,6.8165,0.0,-777.55,0.0,6.8165,1.0,0.0,0.0,0.0,0.0
855,547.06,779.65,59463.55,839.9,60.25,0.1027,2.9886,0.0,-779.65,0.0,6.8165,0.0,-779.65,0.0,6.8165,1.0,0.0,0.0,0.0,0.0
856,547.39,791.4,59845.2,855.65,64.25,0.1088,2.9634,0.0,-791.4,0.0,6.8165,0.0,-791.4,0.0,6.8165,1.0,0.0,0.0,0.0,0.0
857,547.72,788.65,59828.9,849.3,60.65,0.1027,2.9883,0.0,-788.65,0.0,6.8165,0.0,-788.65,0.0,6.8165,1.0,0.0,0.0,0.0,0.0
858,548.05,792.2,59011.25,835.25,43.05,0.0739,3.1311,0.0,-792.2,0.0,6.8165,0.0,-792.2,0.0,6.8165,1.0,0.0,0.0,0.0,0.0
859,548.38,771.75,59003.8,849.75,78.0,0.1339,2.8731,0.0,-771.75,0.0,6.8165,0.0,-771.75,0.0,6.8165,1.0,0.0,0.0,0.0,0.0
860,548.71,780.85,59689.8,832.4,51.55,0.0875,3.058,0.0,-780.85,0.0,6.8165,0.0,-780.85,0.0,6.8165,1.0,0.0,0.0,0.0,0.0
861,549.03,787.65,60072.8,859.95,72.3,0.122,2.9138,0.0,-787.65,0.0,6.8165,0.0,-787.65,0.0,6.8165,1.0,0.0,0.0,0.0,0.0
862,549.36,785.75,60899.9,839.4,53.65,0.0892,3.0494,0.0,-785.75,0.0,6.8165,0.0,-785.75,0.0,6.8165,1.0,0.0,0.0,0.0,0.0
863,549.69,786.3,60950.45,844.55,58.25,0.0968,3.014,0.0,-786.3,0.0,6.8165,0.0,-786.3,0.0,6.8165,1.0,0.0,0.0,0.0,0.0
864,550.02,792.4,60755.15,854.35,61.95,0.1033,2.9858,0.0,-792.4,0.0,6.8165,0.0,-792.4,0.0,6.8165,1.0,0.0,0.0,0.0,0.0
865,550.35,787.85,60757.8,868.3,80.45,0.1342,2.8724,0.0,-787.85,0.0,6.8165,0.0,-787.85,0.0,6.8165,1.0,0.0,0.0,0.0,0.0
866,550.68,783.95,60834.05,854.1,70.15,0.1168,2.9325,0.0,-783.95,0.0,6.8165,0.0,-783.95,0.0,6.8165,1.0,0.0,0.0,0.0,0.0
867,551.0,786.05,61896.8,848.8,62.75,0.1027,2.9885,0.0,-786.05,0.0,6.8165,0.0,-786.05,0.0,6.8165,1.0,0.0,0.0,0.0,0.0
868,551.33,793.65,61893.95,846.65,53.0,0.0867,3.0618,0.0,-793.65,0.0,6.8165,0.0,-793.65,0.0,6.8165,1.0,0.0,0.0,0.0,0.0
869,551.66,785.15,61293.6,865.0,79.85,0.132,2.8795,0.0,-785.15,0.0,6.8165,0.0,-785.15,0.0,6.8165,1.0,0.0,0.0,0.0,0.0
870,551.99,782.15,60889.8,847.0,64.85,0.1079,2.967,0.0,-782.15,0.0,6.8165,0.0,-782.15,0.0,6.8165,1.0,0.0,0.0,0.0,0.0
871,552.32,790.35,60808.8,862.75,72.4,0.1206,2.9185,0.0,-790.35,0.0,6.8165,0.0,-790.35,0.0,6.8165,1.0,0.0,0.0,0.0,0.0
872,552.64,792.55,61910.45,856.4,63.85,0.1045,2.981,0.0,-792.55,0.0,6.8165,0.0,-792.55,0.0,6.8165,1.0,0.0,0.0,0.0,0.0
873,552.97,792.45,62482.55,852.7,60.25,0.0977,3.0103,0.0,-792.45,0.0,6.8165,0.0,-792.45,0.0,6.8165,1.0,0.0,0.0,0.0,0.0
874,553.3,784.75,62632.15,861.0,76.25,0.1233,2.9091,0.0,-784.75,0.0,6.8165,0.0,-784.75,0.0,6.8165,1.0,0.0,0.0,0.0,0.0
875,553.63,795.55,62602.55,846.95,51.4,0.0832,3.0801,0.0,-795.55,0.0,6.8165,0.0,-795.55,0.0,6.8165,1.0,0.0,0.0,0.0,0.0
876,553.95,781.95,63038.05,871.4,89.45,0.1437,2.8426,0.0,-781.95,0.0,6.8165,0.0,-781.95,0.0,6.8165,1.0,0.0,0.0,0.0,0.0
877,554.28,783.2,63334.6,877.8,94.6,0.1512,2.8203,0.0,-783.2,0.0,6.8165,0.0,-783.2,0.0,6.8165,1.0,0.0,0.0,0.0,0.0
878,554.61,785.6,63523.95,882.9,97.3,0.1551,2.8094,0.0,-785.6,0.0,6.8165,0.0,-785.6,0.0,6.8165,1.0,0.0,0.0,0.0,0.0
879,554.93,793.65,62769.9,877.5,83.85,0.1353,2.8687,0.0,-793.65,0.0,6.8165,0.0,-793.65,0.0,6.8165,1.0,0.0,0.0,0.0,0.0
880,555.26,785.95,62699.75,872.15,86.2,0.1392,2.8563,0.0,-785.95,0.0,6.8165,0.0,-785.95,0.0,6.8165,1.0,0.0,0.0,0.0,0.0
881,555.59,776.6,62471.9,884.45,107.85,0.1748,2.7574,0.0,-776.6,0.0,6.8165,0.0,-776.6,0.0,6.8165,1.0,0.0,0.0,0.0,0.0
882,555.91,779.3,62856.7,884.3,105.0,0.1691,2.7717,0.0,-779.3,0.0,6.8165,0.0,-779.3,0.0,6.8165,1.0,0.0,0.0,0.0,0.0
883,556.24,775.55,63392.8,886.2,110.65,0.1767,2.7527,0.0,-775.55,0.0,6.8165,0.0,-775.55,0.0,6.8165,1.0,0.0,0.0,0.0,0.0
884,556.57,792.45,63457.25,891.25,98.8,0.1577,2.8023,0.0,-792.45,0.0,6.8165,0.0,-792.45,0.0,6.8165,1.0,0.0,0.0,0.0,0.0
885,556.89,790.35,63009.8,889.55,99.2,0.1594,2.7974,0.0,-790.35,0.0,6.8165,0.0,-790.35,0.0,6.8165,1.0,0.0,0.0,0.0,0.0
886,557.22,782.0,63442.95,887.35,105.35,0.1681,2.7744,0.0,-782.0,0.0,6.8165,0.0,-782.0,0.0,6.8165,1.0,0.0,0.0,0.0,0.0
887,557.55,770.65,63617.45,886.9,116.25,0.185,2.7329,0.0,-770.65,0.0,6.8165,0.0,-770.65,0.0,6.8165,1.0,0.0,0.0,0.0,0.0
888,557.87,788.2,63507.95,898.75,110.55,0.1763,2.7538,0.0,-788.2,0.0,6.8165,0.0,-788.2,0.0,6.8165,1.0,0.0,0.0,0.0,0.0
889,558.2,799.7,63802.6,880.05,80.35,0.1275,2.8944,0.0,-799.7,0.0,6.8165,0.0,-799.7,0.0,6.8165,1.0,0.0,0.0,0.0,0.0
890,558.52,781.4,63422.9,885.4,104.0,0.166,2.7798,0.0,-781.4,0.0,6.8165,0.0,-781.4,0.0,6.8165,1.0,0.0,0.0,0.0,0.0
891,558.85,799.95,63498.6,896.15,96.2,0.1534,2.8141,0.0,-799.95,0.0,6.8165,0.0,-799.95,0.0,6.8165,1.0,0.0,0.0,0.0,0.0
892,559.17,790.85,63754.8,890.6,99.75,0.1584,2.8002,0.0,-790.85,0.0,6.8165,0.0,-790.85,0.0,6.8165,1.0,0.0,0.0,0.0,0.0
893,559.5,788.75,64023.65,894.35,105.6,0.167,2.7773,0.0,-788.75,0.0,6.8165,0.0,-788.75,0.0,6.8165,1.0,0.0,0.0,0.0,0.0
894,559.83,798.1,64058.85,894.55,96.45,0.1525,2.8168,0.0,-798.1,0.0,6.8165,0.0,-798.1,0.0,6.8165,1.0,0.0,0.0,0.0,0.0
895,560.15,791.25,64224.0,885.55,94.3,0.1487,2.8278,0.0,-791.25,0.0,6.8165,0.0,-791.25,0.0,6.8165,1.0,0.0,0.0,0.0,0.0
896,560.48,781.25,63813.5,906.9,125.65,0.1993,2.7004,0.0,-781.25,0.0,6.8165,0.0,-781.25,0.0,6.8165,1.0,0.0,0.0,0.0,0.0
897,560.8,783.4,63926.2,907.4,124.0,0.1964,2.7069,0.0,-783.4,0.0,6.8165,0.0,-783.4,0.0,6.8165,1.0,0.0,0.0,0.0,0.0
898,561.13,791.8,64337.9,908.8,117.0,0.1841,2.7349,0.0,-791.8,0.0,6.8165,0.0,-791.8,0.0,6.8165,1.0,0.0,0.0,0.0,0.0
899,561.45,784.3,64280.65,915.25,130.95,0.2062,2.6856,0.0,-784.3,0.0,6.8165,0.0,-784.3,0.0,6.8165,1.0,0.0,0.0,0.0,0.0
900,561.78,781.05,64813.5,903.75,122.7,0.1916,2.7176,0.0,-781.05,0.0,6.8165,0.0,-781.05,0.0,6.8165,1.0,0.0,0.0,0.0,0.0
901,562.1,779.45,65032.55,898.05,118.6,0.1846,2.7338,0.0,-779.45,0.0,6.8165,0.0,-779.45,0.0,6.8165,1.0,0.0,0.0,0.0,0.0
902,562.43,789.1,64867.2,894.75,105.65,0.1649,2.7828,0.0,-789.1,0.0,6.8165,0.0,-789.1,0.0,6.8165,1.0,0.0,0.0,0.0,0.0
903,562.75,787.85,64884.15,903.85,116.0,0.181,2.7424,0.0,-787.85,0.0,6.8165,0.0,-787.85,0.0,6.8165,1.0,0.0,0.0,0.0,0.0
904,563.07,785.05,64719.95,907.15,122.1,0.191,2.719,0.0,-785.05,0.0,6.8165,0.0,-785.05,0.0,6.8165,1.0,0.0,0.0,0.0,0.0
905,563.4,790.2,64789.3,888.9,98.7,0.1542,2.8119,0.0,-790.2,0.0,6.8165,0.0,-790.2,0.0,6.8165,1.0,0.0,0.0,0.0,0.0
906,563.72,779.4,64799.85,897.25,117.85,0.1841,2.735,0.0,-779.4,0.0,6.8165,0.0,-779.4,0.0,6.8165,1.0,0.0,0.0,0.0,0.0
907,564.05,794.45,64383.65,896.75,102.3,0.1609,2.7935,0.0,-794.45,0.0,6.8165,0.0,-794.45,0.0,6.8165,1.0,0.0,0.0,0.0,0.0
908,564.37,786.1,64667.4,882.4,96.3,0.1507,2.8217,0.0,-786.1,0.0,6.8165,0.0,-786.1,0.0,6.8165,1.0,0.0,0.0,0.0,0.0
909,564.7,785.25,64974.5,893.9,108.65,0.1693,2.7714,0.0,-785.25,0.0,6.8165,0.0,-785.25,0.0,6.8165,1.0,0.0,0.0,0.0,0.0
910,565.02,787.6,65366.9,895.45,107.85,0.167,2.7773,0.0,-787.6,0.0,6.8165,0.0,-787.6,0.0,6.8165,1.0,0.0,0.0,0.0,0.0
911,565.34,776.8,65400.8,892.35,115.55,0.1788,2.7476,0.0,-776.8,0.0,6.8165,0.0,-776.8,0.0,6.8165,1.0,0.0,0.0,0.0,0.0
912,565.67,784.5,65243.25,887.2,102.7,0.1593,2.7977,0.0,-784.5,0.0,6.8165,0.0,-784.5,0.0,6.8165,1.0,0.0,0.0,0.0,0.0
913,565.99,795.25,64881.4,882.2,86.95,0.1357,2.8675,0.0,-795.25,0.0,6.8165,0.0,-795.25,0.0,6.8165,1.0,0.0,0.0,0.0,0.0
914,566.31,791.35,64748.55,891.55,100.2,0.1567,2.805,0.0,-791.35,0.0,6.8165,0.0,-791.35,0.0,6.8165,1.0,0.0,0.0,0.0,0.0
915,566.64,781.8,64821.3,894.7,112.9,0.1763,2.7538,0.0,-781.8,0.0,6.8165,0.0,-781.8,0.0,6.8165,1.0,0.0,0.0,0.0,0.0
916,566.96,780.3,64975.95,883.7,103.4,0.1611,2.793,0.0,-780.3,0.0,6.8165,0.0,-780.3,0.0,6.8165,1.0,0.0,0.0,0.0,0.0
917,567.29,781.6,65125.85,886.35,104.75,0.1628,2.7884,0.0,-781.6,0.0,6.8165,0.0,-781.6,0.0,6.8165,1.0,0.0,0.0,0.0,0.0
918,567.61,777.8,65112.1,877.15,99.35,0.1544,2.8113,0.0,-777.8,0.0,6.8165,0.0,-777.8,0.0,6.8165,1.0,0.0,0.0,0.0,0.0
919,567.93,768.5,65086.25,887.35,118.85,0.1848,2.7333,0.0,-768.5,0.0,6.8165,0.0,-768.5,0.0,6.8165,1.0,0.0,0.0,0.0,0.0
920,568.25,794.45,65008.05,874.65,80.2,0.1249,2.9035,0.0,-794.45,0.0,6.8165,0.0,-794.45,0.0,6.8165,1.0,0.0,0.0,0.0,0.0
921,568.58,782.45,64993.4,876.2,93.75,0.146,2.8356,0.0,-782.45,0.0,6.8165,0.0,-782.45,0.0,6.8165,1.0,0.0,0.0,0.0,0.0
922,568.9,794.35,65324.6,875.45,81.1,0.1257,2.9007,0.0,-794.35,0.0,6.8165,0.0,-794.35,0.0,6.8165,1.0,0.0,0.0,0.0,0.0
923,569.22,776.9,65249.5,866.65,89.75,0.1392,2.8563,0.0,-776.9,0.0,6.8165,0.0,-776.9,0.0,6.8165,1.0,0.0,0.0,0.0,0.0
924,569.55,792.95,65169.8,865.55,72.6,0.1128,2.9478,0.0,-792.95,0.0,6.8165,0.0,-792.95,0.0,6.8165,1.0,0.0,0.0,0.0,0.0
925,569.87,783.45,64898.4,856.5,73.05,0.1139,2.9433,0.0,-783.45,0.0,6.8165,0.0,-783.45,0.0,6.8165,1.0,0.0,0.0,0.0,0.0
926,570.19,794.35,64715.55,876.7,82.35,0.1288,2.89,0.0,-794.35,0.0,6.8165,0.0,-794.35,0.0,6.8165,1.0,0.0,0.0,0.0,0.0
927,570.51,786.95,64897.9,869.35,82.4,0.1285,2.891,0.0,-786.95,0.0,6.8165,0.0,-786.95,0.0,6.8165,1.0,0.0,0.0,0.0,0.0
928,570.83,792.7,65292.05,873.5,80.8,0.1253,2.9021,0.0,-792.7,0.0,6.8165,0.0,-792.7,0.0,6.8165,1.0,0.0,0.0,0.0,0.0
929,571.16,784.85,65344.8,869.5,84.65,0.1311,2.8823,0.0,-784.85,0.0,6.8165,0.0,-784.85,0.0,6.8165,1.0,0.0,0.0,0.0,0.0
930,571.48,788.05,65250.3,848.85,60.8,0.0943,3.0254,0.0,-788.05,0.0,6.8165,0.0,-788.05,0.0,6.8165,1.0,0.0,0.0,0.0,0.0
931,571.8,782.2,64958.55,847.2,65.0,0.1013,2.9945,0.0,-782.2,0.0,6.8165,0.0,-782.2,0.0,6.8165,1.0,0.0,0.0,0.0,0.0
932,572.12,771.75,64801.45,850.1,78.35,0.1224,2.9123,0.0,-771.75,0.0,6.8165,0.0,-771.75,0.0,6.8165,1.0,0.0,0.0,0.0,0.0
933,572.44,768.25,64774.85,843.6,75.35,0.1177,2.9291,0.0,-768.25,0.0,6.8165,0.0,-768.25,0.0,6.8165,1.0,0.0,0.0,0.0,0.0
934,572.77,781.45,65246.3,866.65,85.2,0.1322,2.8789,0.0,-781.45,0.0,6.8165,0.0,-781.45,0.0,6.8165,1.0,0.0,0.0,0.0,0.0
935,573.09,775.95,65197.95,839.8,63.85,0.0991,3.0039,0.0,-775.95,0.0,6.8165,0.0,-775.95,0.0,6.8165,1.0,0.0,0.0,0.0,0.0
936,573.41,774.2,65286.85,848.3,74.1,0.1149,2.9398,0.0,-774.2,0.0,6.8165,0.0,-774.2,0.0,6.8165,1.0,0.0,0.0,0.0,0.0
937,573.73,786.45,65138.75,839.35,52.9,0.0822,3.0851,0.0,-786.45,0.0,6.8165,0.0,-786.45,0.0,6.8165,1.0,0.0,0.0,0.0,0.0
938,574.05,788.2,64907.95,856.55,68.35,0.1066,2.9723,0.0,-788.2,0.0,6.8165,0.0,-788.2,0.0,6.8165,1.0,0.0,0.0,0.0,0.0
939,574.37,787.7,65188.85,854.95,67.25,0.1044,2.9812,0.0,-787.7,0.0,6.8165,0.0,-787.7,0.0,6.8165,1.0,0.0,0.0,0.0,0.0
940,574.69,774.8,65059.9,842.2,67.4,0.1048,2.9795,0.0,-774.8,0.0,6.8165,0.0,-774.8,0.0,6.8165,1.0,0.0,0.0,0.0,0.0
941,575.02,777.0,65249.85,840.1,63.1,0.0979,3.0093,0.0,-777.0,0.0,6.8165,0.0,-777.0,0.0,6.8165,1.0,0.0,0.0,0.0,0.0
942,575.34,784.9,65423.25,839.45,54.55,0.0844,3.0737,0.0,-784.9,0.0,6.8165,0.0,-784.9,0.0,6.8165,1.0,0.0,0.0,0.0,0.0
943,575.66,782.2,65407.0,833.1,50.9,0.0788,3.1037,0.0,-782.2,0.0,6.8165,0.0,-782.2,0.0,6.8165,1.0,0.0,0.0,0.0,0.0
944,575.98,779.75,65377.6,835.9,56.15,0.0869,3.0609,0.0,-779.75,0.0,6.8165,0.0,-779.75,0.0,6.8165,1.0,0.0,0.0,0.0,0.0
945,576.3,785.65,65260.75,839.15,53.5,0.083,3.081,0.0,-785.65,0.0,6.8165,0.0,-785.65,0.0,6.8165,1.0,0.0,0.0,0.0,0.0
946,576.62,779.05,65014.05,832.55,53.5,0.0833,3.0794,0.0,-779.05,0.0,6.8165,0.0,-779.05,0.0,6.8165,1.0,0.0,0.0,0.0,0.0
947,576.94,779.25,64914.45,831.8,52.55,0.0819,3.0865,0.0,-779.25,0.0,6.8165,0.0,-779.25,0.0,6.8165,1.0,0.0,0.0,0.0,0.0
948,577.26,784.45,64752.9,834.9,50.45,0.0789,3.1031,0.0,-784.45,0.0,6.8165,0.0,-784.45,0.0,6.8165,1.0,0.0,0.0,0.0,0.0
949,577.58,772.6,64612.35,832.05,59.45,0.0931,3.0309,0.0,-772.6,0.0,6.8165,0.0,-772.6,0.0,6.8165,1.0,0.0,0.0,0.0,0.0
950,577.9,795.75,64571.5,834.15,38.4,0.0602,3.2203,0.0,-795.75,0.0,6.8165,0.0,-795.75,0.0,6.8165,1.0,0.0,0.0,0.0,0.0
951,578.22,783.15,64703.05,846.8,63.65,0.0996,3.0018,0.0,-783.15,0.0,6.8165,0.0,-783.15,0.0,6.8165,1.0,0.0,0.0,0.0,0.0
952,578.54,786.25,64740.05,842.85,56.6,0.0885,3.053,0.0,-786.25,0.0,6.8165,0.0,-786.25,0.0,6.8165,1.0,0.0,0.0,0.0,0.0
953,578.86,783.0,64489.55,843.35,60.35,0.0947,3.0235,0.0,-783.0,0.0,6.8165,0.0,-783.0,0.0,6.8165,1.0,0.0,0.0,0.0,0.0
954,579.18,784.85,64436.4,835.05,50.2,0.0789,3.1031,0.0,-784.85,0.0,6.8165,0.0,-784.85,0.0,6.8165,1.0,0.0,0.0,0.0,0.0
955,579.5,783.05,64171.8,835.85,52.8,0.0833,3.0794,0.0,-783.05,0.0,6.8165,0.0,-783.05,0.0,6.8165,1.0,0.0,0.0,0.0,0.0
956,579.82,798.55,63882.8,822.9,24.35,0.0386,3.4134,0.0,-798.55,0.0,6.8165,0.0,-798.55,0.0,6.8165,1.0,0.0,0.0,0.0,0.0
957,580.14,786.15,63972.4,828.65,42.5,0.0673,3.1722,0.0,-786.15,0.0,6.8165,0.0,-786.15,0.0,6.8165,1.0,0.0,0.0,0.0,0.0
958,580.46,790.7,63272.95,820.3,29.6,0.0474,3.3245,0.0,-790.7,0.0,6.8165,0.0,-790.7,0.0,6.8165,1.0,0.0,0.0,0.0,0.0
959,580.78,784.9,63426.95,826.0,41.1,0.0656,3.183,0.0,-784.9,0.0,6.8165,0.0,-784.9,0.0,6.8165,1.0,0.0,0.0,0.0,0.0
960,581.1,786.4,63150.8,828.85,42.45,0.0681,3.1671,0.0,-786.4,0.0,6.8165,0.0,-786.4,0.0,6.8165,1.0,0.0,0.0,0.0,0.0
961,581.42,775.7,63108.7,822.55,46.85,0.0752,3.124,0.0,-775.7,0.0,6.8165,0.0,-775.7,0.0,6.8165,1.0,0.0,0.0,0.0,0.0
962,581.73,779.6,63011.4,820.85,41.25,0.0663,3.1786,0.0,-779.6,0.0,6.8165,0.0,-779.6,0.0,6.8165,1.0,0.0,0.0,0.0,0.0
963,582.05,788.35,62922.05,825.45,37.1,0.0597,3.224,0.0,-788.35,0.0,6.8165,0.0,-788.35,0.0,6.8165,1.0,0.0,0.0,0.0,0.0
964,582.37,789.6,62611.4,825.65,36.05,0.0583,3.2342,0.0,-789.6,0.0,6.8165,0.0,-789.6,0.0,6.8165,1.0,0.0,0.0,0.0,0.0
965,582.69,772.8,62268.7,834.25,61.45,0.0999,3.0003,0.0,-772.8,0.0,6.8165,0.0,-772.8,0.0,6.8165,1.0,0.0,0.0,0.0,0.0
966,583.01,791.3,62677.15,817.25,25.95,0.0419,3.3775,0.0,-791.3,0.0,6.8165,0.0,-791.3,0.0,6.8165,1.0,0.0,0.0,0.0,0.0
967,583.33,790.8,62399.45,816.9,26.1,0.0424,3.373,0.0,-790.8,0.0,6.8165,0.0,-790.8,0.0,6.8165,1.0,0.0,0.0,0.0,0.0
968,583.65,790.35,62731.05,817.25,26.9,0.0434,3.3622,0.0,-790.35,0.0,6.8165,0.0,-790.35,0.0,6.8165,1.0,0.0,0.0,0.0,0.0
969,583.96,789.8,62770.25,805.15,15.35,0.0248,3.6061,0.0,-789.8,0.0,6.8165,0.0,-789.8,0.0,6.8165,1.0,0.0,0.0,0.0,0.0
970,584.28,787.0,62065.25,818.15,31.15,0.0508,3.2938,0.0,-787.0,0.0,6.8165,0.0,-787.0,0.0,6.8165,1.0,0.0,0.0,0.0,0.0
971,584.6,771.75,61744.65,807.55,35.8,0.0587,3.2313,0.0,-771.75,0.0,6.8165,0.0,-771.75,0.0,6.8165,1.0,0.0,0.0,0.0,0.0
972,584.92,782.25,61084.9,817.6,35.35,0.0586,3.2319,0.0,-782.25,0.0,6.8165,0.0,-782.25,0.0,6.8165,1.0,0.0,0.0,0.0,0.0
973,585.24,794.0,62061.2,814.4,20.4,0.0333,3.4776,0.0,-794.0,0.0,6.8165,0.0,-794.0,0.0,6.8165,1.0,0.0,0.0,0.0,0.0
974,585.55,786.4,62730.25,826.25,39.85,0.0643,3.1916,0.0,-786.4,0.0,6.8165,0.0,-786.4,0.0,6.8165,1.0,0.0,0.0,0.0,0.0
975,585.87,776.55,62210.65,811.1,34.55,0.0562,3.25,0.0,-776.55,0.0,6.8165,0.0,-776.55,0.0,6.8165,1.0,0.0,0.0,0.0,0.0
976,586.19,790.05,61358.85,826.65,36.6,0.0604,3.2188,0.0,-790.05,0.0,6.8165,0.0,-790.05,0.0,6.8165,1.0,0.0,0.0,0.0,0.0
977,586.51,794.0,60694.1,829.35,35.35,0.059,3.229,0.0,-794.0,0.0,6.8165,0.0,-794.0,0.0,6.8165,1.0,0.0,0.0,0.0,0.0
978,586.83,791.65,61022.1,820.35,28.7,0.0477,3.3219,0.0,-791.65,0.0,6.8165,0.0,-791.65,0.0,6.8165,1.0,0.0,0.0,0.0,0.0
979,587.14,792.05,61053.8,824.25,32.2,0.0534,3.2722,0.0,-792.05,0.0,6.8165,0.0,-792.05,0.0,6.8165,1.0,0.0,0.0,0.0,0.0
980,587.46,795.95,60936.65,827.45,31.5,0.0524,3.2809,0.0,-795.95,0.0,6.8165,0.0,-795.95,0.0,6.8165,1.0,0.0,0.0,0.0,0.0
981,587.78,793.65,60968.3,830.3,36.65,0.0609,3.2153,0.0,-793.65,0.0,6.8165,0.0,-793.65,0.0,6.8165,1.0,0.0,0.0,0.0,0.0
982,588.09,783.75,60964.7,823.6,39.85,0.0662,3.179,0.0,-783.75,0.0,6.8165,0.0,-783.75,0.0,6.8165,1.0,0.0,0.0,0.0,0.0
983,588.41,799.45,60789.15,835.2,35.75,0.0596,3.2248,0.0,-799.45,0.0,6.8165,0.0,-799.45,0.0,6.8165,1.0,0.0,0.0,0.0,0.0
984,588.73,793.6,60881.6,818.2,24.6,0.0409,3.3879,0.0,-793.6,0.0,6.8165,0.0,-793.6,0.0,6.8165,1.0,0.0,0.0,0.0,0.0
985,589.04,783.05,61031.6,840.1,57.05,0.0947,3.0237,0.0,-783.05,0.0,6.8165,0.0,-783.05,0.0,6.8165,1.0,0.0,0.0,0.0,0.0
986,589.36,797.0,61078.0,831.35,34.35,0.057,3.2443,0.0,-797.0,0.0,6.8165,0.0,-797.0,0.0,6.8165,1.0,0.0,0.0,0.0,0.0
987,589.68,786.45,61792.35,834.65,48.2,0.079,3.1023,0.0,-786.45,0.0,6.8165,0.0,-786.45,0.0,6.8165,1.0,0.0,0.0,0.0,0.0
988,589.99,786.1,61635.25,842.55,56.45,0.0928,3.0326,0.0,-786.1,0.0,6.8165,0.0,-786.1,0.0,6.8165,1.0,0.0,0.0,0.0,0.0
989,590.31,786.15,61337.55,829.7,43.55,0.0719,3.1431,0.0,-786.15,0.0,6.8165,0.0,-786.15,0.0,6.8165,1.0,0.0,0.0,0.0,0.0
990,590.63,793.05,60727.25,826.95,33.9,0.0566,3.2475,0.0,-793.05,0.0,6.8165,0.0,-793.05,0.0,6.8165,1.0,0.0,0.0,0.0,0.0
991,590.94,796.75,60775.5,806.95,10.2,0.017,3.7694,0.0,-796.75,0.0,6.8165,0.0,-796.75,0.0,6.8165,1.0,0.0,0.0,0.0,0.0
992,591.26,778.25,60747.0,836.4,58.15,0.097,3.0134,0.0,-778.25,0.0,6.8165,0.0,-778.25,0.0,6.8165,1.0,0.0,0.0,0.0,0.0
993,591.58,773.6,60413.6,820.3,46.7,0.0783,3.1062,0.0,-773.6,0.0,6.8165,0.0,-773.6,0.0,6.8165,1.0,0.0,0.0,0.0,0.0
994,591.89,793.6,60266.85,802.35,8.75,0.0147,3.8323,0.0,-793.6,0.0,6.8165,0.0,-793.6,0.0,6.8165,1.0,0.0,0.0,0.0,0.0
995,592.21,783.15,59806.85,820.45,37.3,0.0632,3.1993,0.0,-783.15,0.0,6.8165,0.0,-783.15,0.0,6.8165,1.0,0.0,0.0,0.0,0.0
996,592.52,779.5,59654.45,824.35,44.85,0.0762,3.1182,0.0,-779.5,0.0,6.8165,0.0,-779.5,0.0,6.8165,1.0,0.0,0.0,0.0,0.0
997,592.84,789.85,60229.9,817.5,27.65,0.0465,3.3324,0.0,-789.85,0.0,6.8165,0.0,-789.85,0.0,6.8165,1.0,0.0,0.0,0.0,0.0
998,593.15,774.25,60418.55,810.2,35.95,0.0603,3.2199,0.0,-774.25,0.0,6.8165,0.0,-774.25,0.0,6.8165,1.0,0.0,0.0,0.0,0.0
999,593.47,796.8,60483.85,823.05,26.25,0.044,3.3568,0.0,-796.8,0.0,6.8165,0.0,-796.8,0.0,6.8165,1.0,0.0,0.0,0.0,0.0
1000,593.79,788.45,60216.35,821.4,32.95,0.0554,3.2561,0.0,-788.45,0.0,6.8165,0.0,-788.45,0.0,6.8165,1.0,0.0,0.0,0.0,0.0
1001,594.1,791.15,60676.25,835.75,44.6,0.0745,3.128,0.0,-791.15,0.0,6.8165,0.0,-791.15,0.0,6.8165,1.0,0.0,0.0,0.0,0.0
1002,594.42,797.7,60395.95,826.65,28.95,0.0486,3.3136,0.0,-797.7,0.0,6.8165,0.0,-797.7,0.0,6.8165,1.0,0.0,0.0,0.0,0.0
1003,594.73,792.25,60304.0,827.75,35.5,0.0597,3.2244,0.0,-792.25,0.0,6.8165,0.0,-792.25,0.0,6.8165,1.0,0.0,0.0,0.0,0.0
1004,595.05,794.65,60504.35,819.55,24.9,0.0417,3.3798,0.0,-794.65,0.0,6.8165,0.0,-794.65,0.0,6.8165,1.0,0.0,0.0,0.0,0.0
1005,595.36,773.65,61567.35,823.65,50.0,0.0822,3.0849,0.0,-773.65,0.0,6.8165,0.0,-773.65,0.0,6.8165,1.0,0.0,0.0,0.0,0.0
1006,595.68,791.1,60955.2,837.85,46.75,0.0777,3.1096,0.0,-791.1,0.0,6.8165,0.0,-791.1,0.0,6.8165,1.0,0.0,0.0,0.0,0.0
1007,595.99,785.0,60597.1,836.7,51.7,0.0864,3.0633,0.0,-785.0,0.0,6.8165,0.0,-785.0,0.0,6.8165,1.0,0.0,0.0,0.0,0.0
1008,596.3,783.4,60309.45,825.8,42.4,0.0712,3.1473,0.0,-783.4,0.0,6.8165,0.0,-783.4,0.0,6.8165,1.0,0.0,0.0,0.0,0.0
1009,596.62,777.6,59470.4,829.0,51.4,0.0876,3.0576,0.0,-777.6,0.0,6.8165,0.0,-777.6,0.0,6.8165,1.0,0.0,0.0,0.0,0.0
1010,596.93,784.8,59753.6,818.7,33.9,0.0575,3.2404,0.0,-784.8,0.0,6.8165,0.0,-784.8,0.0,6.8165,1.0,0.0,0.0,0.0,0.0
1011,597.25,797.2,60173.05,832.75,35.55,0.0599,3.2228,0.0,-797.2,0.0,6.8165,0.0,-797.2,0.0,6.8165,1.0,0.0,0.0,0.0,0.0
1012,597.56,776.85,60244.3,833.95,57.1,0.096,3.0176,0.0,-776.85,0.0,6.8165,0.0,-776.85,0.0,6.8165,1.0,0.0,0.0,0.0,0.0
1013,597.88,793.65,60530.0,828.75,35.1,0.0588,3.2309,0.0,-793.65,0.0,6.8165,0.0,-793.65,0.0,6.8165,1.0,0.0,0.0,0.0,0.0
1014,598.19,778.95,61100.7,819.15,40.2,0.0666,3.1762,0.0,-778.95,0.0,6.8165,0.0,-778.95,0.0,6.8165,1.0,0.0,0.0,0.0,0.0
1015,598.5,806.5,60404.45,825.4,18.9,0.0317,3.4988,0.0,-806.5,0.0,6.8165,0.0,-806.5,0.0,6.8165,1.0,0.0,0.0,0.0,0.0
1016,598.82,794.35,60141.25,834.65,40.3,0.0679,3.1681,0.0,-794.35,0.0,6.8165,0.0,-794.35,0.0,6.8165,1.0,0.0,0.0,0.0,0.0
1017,599.13,786.25,59846.05,833.65,47.4,0.0803,3.0955,0.0,-786.25,0.0,6.8165,0.0,-786.25,0.0,6.8165,1.0,0.0,0.0,0.0,0.0
1018,599.45,789.9,60637.2,832.5,42.6,0.0712,3.1476,0.0,-789.9,0.0,6.8165,0.0,-789.9,0.0,6.8165,1.0,0.0,0.0,0.0,0.0
1019,599.76,786.3,60087.4,826.6,40.3,0.068,3.1678,0.0,-786.3,0.0,6.8165,0.0,-786.3,0.0,6.8165,1.0,0.0,0.0,0.0,0.0
1020,600.07,801.7,60482.25,822.8,21.1,0.0354,3.4516,0.0,-801.7,0.0,6.8165,0.0,-801.7,0.0,6.8165,1.0,0.0,0.0,0.0,0.0
1021,600.39,792.15,59926.25,832.5,40.35,0.0682,3.166,0.0,-792.15,0.0,6.8165,0.0,-792.15,0.0,6.8165,1.0,0.0,0.0,0.0,0.0
1022,600.7,771.55,59857.0,825.6,54.05,0.0915,3.0387,0.0,-771.55,0.0,6.8165,0.0,-771.55,0.0,6.8165,1.0,0.0,0.0,0.0,0.0
1023,601.01,797.1,60105.45,824.25,27.15,0.0458,3.3393,0.0,-797.1,0.0,6.8165,0.0,-797.1,0.0,6.8165,1.0,0.0,0.0,0.0,0.0
1024,601.33,784.3,60172.8,826.25,41.95,0.0706,3.151,0.0,-784.3,0.0,6.8165,0.0,-784.3,0.0,6.8165,1.0,0.0,0.0,0.0,0.0
1025,601.64,786.65,60395.65,829.9,43.25,0.0726,3.1393,0.0,-786.65,0.0,6.8165,0.0,-786.65,0.0,6.8165,1.0,0.0,0.0,0.0,0.0
1026,601.95,780.35,60227.55,828.5,48.15,0.081,3.0915,0.0,-780.35,0.0,6.8165,0.0,-780.35,0.0,6.8165,1.0,0.0,0.0,0.0,0.0
1027,602.26,786.9,60505.9,832.85,45.95,0.0769,3.1138,0.0,-786.9,0.0,6.8165,0.0,-786.9,0.0,6.8165,1.0,0.0,0.0,0.0,0.0
1028,602.58,774.05,59633.3,825.9,51.85,0.0881,3.0551,0.0,-774.05,0.0,6.8165,0.0,-774.05,0.0,6.8165,1.0,0.0,0.0,0.0,0.0
1029,602.89,794.25,59129.45,832.1,37.85,0.0649,3.1879,0.0,-794.25,0.0,6.8165,0.0,-794.25,0.0,6.8165,1.0,0.0,0.0,0.0,0.0
1030,603.2,795.7,59748.05,843.75,48.05,0.0815,3.0888,0.0,-795.7,0.0,6.8165,0.0,-795.7,0.0,6.8165,1.0,0.0,0.0,0.0,0.0
1031,603.51,791.95,59866.3,830.0,38.05,0.0644,3.191,0.0,-791.95,0.0,6.8165,0.0,-791.95,0.0,6.8165,1.0,0.0,0.0,0.0,0.0
1032,603.83,794.45,60530.3,843.6,49.15,0.0823,3.0847,0.0,-794.45,0.0,6.8165,0.0,-794.45,0.0,6.8165,1.0,0.0,0.0,0.0,0.0
1033,604.14,787.05,60589.7,837.85,50.8,0.0849,3.0709,0.0,-787.05,0.0,6.8165,0.0,-787.05,0.0,6.8165,1.0,0.0,0.0,0.0,0.0
1034,604.45,790.8,60410.45,831.65,40.85,0.0685,3.1642,0.0,-790.8,0.0,6.8165,0.0,-790.8,0.0,6.8165,1.0,0.0,0.0,0.0,0.0
1035,604.76,801.6,60686.65,843.5,41.9,0.07,3.1551,0.0,-801.6,0.0,6.8165,0.0,-801.6,0.0,6.8165,1.0,0.0,0.0,0.0,0.0
1036,605.07,793.25,60041.45,842.45,49.2,0.083,3.0807,0.0,-793.25,0.0,6.8165,0.0,-793.25,0.0,6.8165,1.0,0.0,0.0,0.0,0.0
1037,605.39,797.5,59998.0,839.7,42.2,0.0713,3.147,0.0,-797.5,0.0,6.8165,0.0,-797.5,0.0,6.8165,1.0,0.0,0.0,0.0,0.0
1038,605.7,786.95,60249.6,836.4,49.45,0.0832,3.0801,0.0,-786.95,0.0,6.8165,0.0,-786.95,0.0,6.8165,1.0,0.0,0.0,0.0,0.0
1039,606.01,793.65,60159.0,844.6,50.95,0.0858,3.0664,0.0,-793.65,0.0,6.8165,0.0,-793.65,0.0,6.8165,1.0,0.0,0.0,0.0,0.0
1040,606.32,785.35,60263.2,843.25,57.9,0.0973,3.0117,0.0,-785.35,0.0,6.8165,0.0,-785.35,0.0,6.8165,1.0,0.0,0.0,0.0,0.0
1041,606.63,784.4,59767.45,834.15,49.75,0.0843,3.0739,0.0,-784.4,0.0,6.8165,0.0,-784.4,0.0,6.8165,1.0,0.0,0.0,0.0,0.0
1042,606.94,787.7,59727.25,841.6,53.9,0.0914,3.0388,0.0,-787.7,0.0,6.8165,0.0,-787.7,0.0,6.8165,1.0,0.0,0.0,0.0,0.0
1043,607.26,788.0,59638.95,843.5,55.5,0.0943,3.0255,0.0,-788.0,0.0,6.8165,0.0,-788.0,0.0,6.8165,1.0,0.0,0.0,0.0,0.0
1044,607.57,788.2,60065.05,841.6,53.4,0.0901,3.0453,0.0,-788.2,0.0,6.8165,0.0,-788.2,0.0,6.8165,1.0,0.0,0.0,0.0,0.0
1045,607.88,789.8,59778.3,842.4,52.6,0.0892,3.0498,0.0,-789.8,0.0,6.8165,0.0,-789.8,0.0,6.8165,1.0,0.0,0.0,0.0,0.0
1046,608.19,789.8,59126.5,833.35,43.55,0.0747,3.127,0.0,-789.8,0.0,6.8165,0.0,-789.8,0.0,6.8165,1.0,0.0,0.0,0.0,0.0
1047,608.5,795.25,59404.15,838.65,43.4,0.0741,3.1305,0.0,-795.25,0.0,6.8165,0.0,-795.25,0.0,6.8165,1.0,0.0,0.0,0.0,0.0
1048,608.81,794.9,59506.55,851.5,56.6,0.0964,3.0159,0.0,-794.9,0.0,6.8165,0.0,-794.9,0.0,6.8165,1.0,0.0,0.0,0.0,0.0
1049,609.12,797.9,59513.4,828.25,30.35,0.0517,3.2866,0.0,-797.9,0.0,6.8165,0.0,-797.9,0.0,6.8165,1.0,0.0,0.0,0.0,0.0
1050,609.43,793.2,59651.55,834.55,41.35,0.0703,3.1533,0.0,-793.2,0.0,6.8165,0.0,-793.2,0.0,6.8165,1.0,0.0,0.0,0.0,0.0
1051,609.74,783.35,59402.3,827.45,44.1,0.0752,3.1236,0.0,-783.35,0.0,6.8165,0.0,-783.35,0.0,6.8165,1.0,0.0,0.0,0.0,0.0
1052,610.05,773.85,60230.4,838.2,64.35,0.1082,2.9657,0.0,-773.85,0.0,6.8165,0.0,-773.85,0.0,6.8165,1.0,0.0,0.0,0.0,0.0
1053,610.36,794.0,60536.4,838.4,44.4,0.0743,3.1289,0.0,-794.0,0.0,6.8165,0.0,-794.0,0.0,6.8165,1.0,0.0,0.0,0.0,0.0
1054,610.67,784.8,60401.85,847.35,62.55,0.1049,2.9791,0.0,-784.8,0.0,6.8165,0.0,-784.8,0.0,6.8165,1.0,0.0,0.0,0.0,0.0
1055,610.98,800.4,59420.2,834.3,33.9,0.0578,3.2378,0.0,-800.4,0.0,6.8165,0.0,-800.4,0.0,6.8165,1.0,0.0,0.0,0.0,0.0
1056,611.29,796.05,59002.0,850.4,54.35,0.0934,3.0298,0.0,-796.05,0.0,6.8165,0.0,-796.05,0.0,6.8165,1.0,0.0,0.0,0.0,0.0
1057,611.6,782.55,59351.75,835.6,53.05,0.0906,3.043,0.0,-782.55,0.0,6.8165,0.0,-782.55,0.0,6.8165,1.0,0.0,0.0,0.0,0.0
1058,611.91,779.0,59809.1,830.2,51.2,0.0867,3.0618,0.0,-779.0,0.0,6.8165,0.0,-779.0,0.0,6.8165,1.0,0.0,0.0,0.0,0.0
1059,612.22,782.25,59204.85,839.3,57.05,0.0977,3.0103,0.0,-782.25,0.0,6.8165,0.0,-782.25,0.0,6.8165,1.0,0.0,0.0,0.0,0.0
1060,612.53,785.9,59265.1,838.05,52.15,0.0892,3.0497,0.0,-785.9,0.0,6.8165,0.0,-785.9,0.0,6.8165,1.0,0.0,0.0,0.0,0.0
1061,612.84,787.0,59763.6,835.9,48.9,0.0829,3.0814,0.0,-787.0,0.0,6.8165,0.0,-787.0,0.0,6.8165,1.0,0.0,0.0,0.0,0.0
1062,613.15,795.15,59753.0,851.0,55.85,0.0947,3.0235,0.0,-795.15,0.0,6.8165,0.0,-795.15,0.0,6.8165,1.0,0.0,0.0,0.0,0.0
1063,613.46,790.55,59772.9,836.6,46.05,0.0781,3.1075,0.0,-790.55,0.0,6.8165,0.0,-790.55,0.0,6.8165,1.0,0.0,0.0,0.0,0.0
1064,613.77,797.15,59566.3,851.8,54.65,0.093,3.0316,0.0,-797.15,0.0,6.8165,0.0,-797.15,0.0,6.8165,1.0,0.0,0.0,0.0,0.0
1065,614.08,785.4,59632.95,851.1,65.7,0.1116,2.9522,0.0,-785.4,0.0,6.8165,0.0,-785.4,0.0,6.8165,1.0,0.0,0.0,0.0,0.0
1066,614.39,790.8,59554.0,841.7,50.9,0.0866,3.0624,0.0,-790.8,0.0,6.8165,0.0,-790.8,0.0,6.8165,1.0,0.0,0.0,0.0,0.0
1067,614.7,785.75,59831.6,843.75,58.0,0.0982,3.0078,0.0,-785.75,0.0,6.8165,0.0,-785.75,0.0,6.8165,1.0,0.0,0.0,0.0,0.0
1068,615.0,780.75,59544.1,849.0,68.25,0.1161,2.935,0.0,-780.75,0.0,6.8165,0.0,-780.75,0.0,6.8165,1.0,0.0,0.0,0.0,0.0
1069,615.31,792.5,59911.25,849.95,57.45,0.0972,3.0124,0.0,-792.5,0.0,6.8165,0.0,-792.5,0.0,6.8165,1.0,0.0,0.0,0.0,0.0
1070,615.62,795.75,59313.6,841.2,45.45,0.0777,3.1098,0.0,-795.75,0.0,6.8165,0.0,-795.75,0.0,6.8165,1.0,0.0,0.0,0.0,0.0
1071,615.93,795.05,59210.8,840.2,45.15,0.0773,3.1119,0.0,-795.05,0.0,6.8165,0.0,-795.05,0.0,6.8165,1.0,0.0,0.0,0.0,0.0
1072,616.24,777.8,59526.35,833.65,55.85,0.0951,3.022,0.0,-777.8,0.0,6.8165,0.0,-777.8,0.0,6.8165,1.0,0.0,0.0,0.0,0.0
1073,616.55,793.95,59179.15,850.1,56.15,0.0962,3.017,0.0,-793.95,0.0,6.8165,0.0,-793.95,0.0,6.8165,1.0,0.0,0.0,0.0,0.0
1074,616.86,786.4,59338.15,863.8,77.4,0.1322,2.8788,0.0,-786.4,0.0,6.8165,0.0,-786.4,0.0,6.8165,1.0,0.0,0.0,0.0,0.0
1075,617.16,787.6,59251.75,835.85,48.25,0.0825,3.0834,0.0,-787.6,0.0,6.8165,0.0,-787.6,0.0,6.8165,1.0,0.0,0.0,0.0,0.0
1076,617.47,795.0,59493.8,839.15,44.15,0.0752,3.1237,0.0,-795.0,0.0,6.8165,0.0,-795.0,0.0,6.8165,1.0,0.0,0.0,0.0,0.0
1077,617.78,775.25,59594.9,829.8,54.55,0.0927,3.0327,0.0,-775.25,0.0,6.8165,0.0,-775.25,0.0,6.8165,1.0,0.0,0.0,0.0,0.0
1078,618.09,783.65,59344.25,839.4,55.75,0.0952,3.0214,0.0,-783.65,0.0,6.8165,0.0,-783.65,0.0,6.8165,1.0,0.0,0.0,0.0,0.0
1079,618.4,777.05,59348.0,848.95,71.9,0.1228,2.911,0.0,-777.05,0.0,6.8165,0.0,-777.05,0.0,6.8165,1.0,0.0,0.0,0.0,0.0
1080,618.7,797.1,59255.55,829.55,32.45,0.0555,3.2556,0.0,-797.1,0.0,6.8165,0.0,-797.1,0.0,6.8165,1.0,0.0,0.0,0.0,0.0
1081,619.01,802.1,59133.0,834.65,32.55,0.0558,3.2533,0.0,-802.1,0.0,6.8165,0.0,-802.1,0.0,6.8165,1.0,0.0,0.0,0.0,0.0
1082,619.32,793.15,59350.4,838.35,45.2,0.0772,3.1124,0.0,-793.15,0.0,6.8165,0.0,-793.15,0.0,6.8165,1.0,0.0,0.0,0.0,0.0
1083,619.63,792.35,59401.9,855.8,63.45,0.1083,2.9655,0.0,-792.35,0.0,6.8165,0.0,-792.35,0.0,6.8165,1.0,0.0,0.0,0.0,0.0
1084,619.93,771.5,59112.15,839.9,68.4,0.1172,2.9309,0.0,-771.5,0.0,6.8165,0.0,-771.5,0.0,6.8165,1.0,0.0,0.0,0.0,0.0
1085,620.24,801.05,59258.5,841.95,40.9,0.07,3.1551,0.0,-801.05,0.0,6.8165,0.0,-801.05,0.0,6.8165,1.0,0.0,0.0,0.0,0.0
1086,620.55,782.3,58782.55,853.25,70.95,0.1223,2.9125,0.0,-782.3,0.0,6.8165,0.0,-782.3,0.0,6.8165,1.0,0.0,0.0,0.0,0.0
1087,620.85,767.9,58757.15,836.85,68.95,0.1189,2.9248,0.0,-767.9,0.0,6.8165,0.0,-767.9,0.0,6.8165,1.0,0.0,0.0,0.0,0.0
1088,621.16,776.05,59219.85,839.95,63.9,0.1093,2.9612,0.0,-776.05,0.0,6.8165,0.0,-776.05,0.0,6.8165,1.0,0.0,0.0,0.0,0.0
1089,621.47,787.8,58879.35,842.5,54.7,0.0942,3.0261,0.0,-787.8,0.0,6.8165,0.0,-787.8,0.0,6.8165,1.0,0.0,0.0,0.0,0.0
1090,621.77,776.45,59186.25,848.3,71.85,0.123,2.9101,0.0,-776.45,0.0,6.8165,0.0,-776.45,0.0,6.8165,1.0,0.0,0.0,0.0,0.0
1091,622.08,780.2,59264.0,843.45,63.25,0.1081,2.966,0.0,-780.2,0.0,6.8165,0.0,-780.2,0.0,6.8165,1.0,0.0,0.0,0.0,0.0
1092,622.39,778.1,58771.95,834.65,56.55,0.0975,3.0109,0.0,-778.1,0.0,6.8165,0.0,-778.1,0.0,6.8165,1.0,0.0,0.0,0.0,0.0
1093,622.69,778.3,58825.0,842.5,64.2,0.1106,2.9562,0.0,-778.3,0.0,6.8165,0.0,-778.3,0.0,6.8165,1.0,0.0,0.0,0.0,0.0
1094,623.0,801.15,58024.65,840.75,39.6,0.0692,3.1599,0.0,-801.15,0.0,6.8165,0.0,-801.15,0.0,6.8165,1.0,0.0,0.0,0.0,0.0
1095,623.31,792.5,58011.45,834.75,42.25,0.0738,3.1317,0.0,-792.5,0.0,6.8165,0.0,-792.5,0.0,6.8165,1.0,0.0,0.0,0.0,0.0
1096,623.61,778.45,58330.25,842.3,63.85,0.1109,2.9549,0.0,-778.45,0.0,6.8165,0.0,-778.45,0.0,6.8165,1.0,0.0,0.0,0.0,0.0
1097,623.92,792.1,58377.85,844.75,52.65,0.0914,3.0389,0.0,-792.1,0.0,6.8165,0.0,-792.1,0.0,6.8165,1.0,0.0,0.0,0.0,0.0
1098,624.22,786.25,58399.35,829.85,43.6,0.0757,3.121,0.0,-786.25,0.0,6.8165,0.0,-786.25,0.0,6.8165,1.0,0.0,0.0,0.0,0.0
1099,624.53,787.6,58185.05,846.0,58.4,0.1017,2.9925,0.0,-787.6,0.0,6.8165,0.0,-787.6,0.0,6.8165,1.0,0.0,0.0,0.0,0.0
1100,624.84,788.6,58151.95,843.15,54.55,0.0951,3.0218,0.0,-788.6,0.0,6.8165,0.0,-788.6,0.0,6.8165,1.0,0.0,0.0,0.0,0.0
1101,625.14,788.6,57467.45,857.0,68.4,0.1207,2.9184,0.0,-788.6,0.0,6.8165,0.0,-788.6,0.0,6.8165,1.0,0.0,0.0,0.0,0.0
1102,625.45,773.2,57585.1,848.7,75.5,0.1329,2.8765,0.0,-773.2,0.0,6.8165,0.0,-773.2,0.0,6.8165,1.0,0.0,0.0,0.0,0.0
1103,625.75,789.65,57595.3,854.45,64.8,0.1141,2.9428,0.0,-789.65,0.0,6.8165,0.0,-789.65,0.0,6.8165,1.0,0.0,0.0,0.0,0.0
1104,626.06,793.5,57278.75,845.05,51.55,0.0913,3.0397,0.0,-793.5,0.0,6.8165,0.0,-793.5,0.0,6.8165,1.0,0.0,0.0,0.0,0.0
1105,626.36,774.3,57172.1,833.4,59.1,0.1048,2.9797,0.0,-774.3,0.0,6.8165,0.0,-774.3,0.0,6.8165,1.0,0.0,0.0,0.0,0.0
1106,626.67,774.4,57356.55,845.25,70.85,0.1252,2.9023,0.0,-774.4,0.0,6.8165,0.0,-774.4,0.0,6.8165,1.0,0.0,0.0,0.0,0.0
1107,626.97,772.55,57423.3,842.35,69.8,0.1232,2.9094,0.0,-772.55,0.0,6.8165,0.0,-772.55,0.0,6.8165,1.0,0.0,0.0,0.0,0.0
1108,627.28,786.55,57163.25,848.0,61.45,0.109,2.9626,0.0,-786.55,0.0,6.8165,0.0,-786.55,0.0,6.8165,1.0,0.0,0.0,0.0,0.0
1109,627.58,798.8,56634.8,828.0,29.2,0.0523,3.2815,0.0,-798.8,0.0,6.8165,0.0,-798.8,0.0,6.8165,1.0,0.0,0.0,0.0,0.0
1110,627.89,774.55,56972.25,850.25,75.7,0.1347,2.8706,0.0,-774.55,0.0,6.8165,0.0,-774.55,0.0,6.8165,1.0,0.0,0.0,0.0,0.0
1111,628.19,783.15,56959.85,834.15,51.0,0.0908,3.042,0.0,-783.15,0.0,6.8165,0.0,-783.15,0.0,6.8165,1.0,0.0,0.0,0.0,0.0
1112,628.5,778.7,56756.0,835.75,57.05,0.1019,2.9918,0.0,-778.7,0.0,6.8165,0.0,-778.7,0.0,6.8165,1.0,0.0,0.0,0.0,0.0
1113,628.8,781.55,57256.1,848.9,67.35,0.1193,2.9235,0.0,-781.55,0.0,6.8165,0.0,-781.55,0.0,6.8165,1.0,0.0,0.0,0.0,0.0
1114,629.11,776.65,57021.9,845.6,68.95,0.1226,2.9116,0.0,-776.65,0.0,6.8165,0.0,-776.65,0.0,6.8165,1.0,0.0,0.0,0.0,0.0
1115,629.41,780.1,56606.95,851.1,71.0,0.1272,2.8956,0.0,-780.1,0.0,6.8165,0.0,-780.1,0.0,6.8165,1.0,0.0,0.0,0.0,0.0
1116,629.71,784.25,56107.0,836.35,52.1,0.0942,3.0261,0.0,-784.25,0.0,6.8165,0.0,-784.25,0.0,6.8165,1.0,0.0,0.0,0.0,0.0
1117,630.02,783.7,55845.45,846.4,62.7,0.1139,2.9436,0.0,-783.7,0.0,6.8165,0.0,-783.7,0.0,6.8165,1.0,0.0,0.0,0.0,0.0
1118,630.32,787.65,55554.85,846.5,58.85,0.1075,2.9688,0.0,-787.65,0.0,6.8165,0.0,-787.65,0.0,6.8165,1.0,0.0,0.0,0.0,0.0
1119,630.63,775.6,56003.8,837.8,62.2,0.1126,2.9484,0.0,-775.6,0.0,6.8165,0.0,-775.6,0.0,6.8165,1.0,0.0,0.0,0.0,0.0
1120,630.93,773.55,55985.5,849.55,76.0,0.1377,2.8612,0.0,-773.55,0.0,6.8165,0.0,-773.55,0.0,6.8165,1.0,0.0,0.0,0.0,0.0
1121,631.23,778.7,55914.65,850.75,72.05,0.1307,2.8838,0.0,-778.7,0.0,6.8165,0.0,-778.7,0.0,6.8165,1.0,0.0,0.0,0.0,0.0
1122,631.54,789.45,55248.35,862.1,72.65,0.1334,2.8748,0.0,-789.45,0.0,6.8165,0.0,-789.45,0.0,6.8165,1.0,0.0,0.0,0.0,0.0
1123,631.84,765.55,55123.05,855.6,90.05,0.1657,2.7808,0.0,-765.55,0.0,6.8165,0.0,-765.55,0.0,6.8165,1.0,0.0,0.0,0.0,0.0
1124,632.14,771.5,55167.65,858.7,87.2,0.1603,2.7951,0.0,-771.5,0.0,6.8165,0.0,-771.5,0.0,6.8165,1.0,0.0,0.0,0.0,0.0
1125,632.45,779.2,54913.8,854.25,75.05,0.1386,2.8581,0.0,-779.2,0.0,6.8165,0.0,-779.2,0.0,6.8165,1.0,0.0,0.0,0.0,0.0
1126,632.75,779.0,55709.35,854.95,75.95,0.1383,2.8593,0.0,-779.0,0.0,6.8165,0.0,-779.0,0.0,6.8165,1.0,0.0,0.0,0.0,0.0
1127,633.05,782.35,55465.45,854.65,72.3,0.1322,2.8787,0.0,-782.35,0.0,6.8165,0.0,-782.35,0.0,6.8165,1.0,0.0,0.0,0.0,0.0
1128,633.36,769.85,55497.3,833.9,64.05,0.117,2.9317,0.0,-769.85,0.0,6.8165,0.0,-769.85,0.0,6.8165,1.0,0.0,0.0,0.0,0.0
1129,633.66,779.4,55231.65,854.0,74.6,0.137,2.8633,0.0,-779.4,0.0,6.8165,0.0,-779.4,0.0,6.8165,1.0,0.0,0.0,0.0,0.0
1130,633.96,784.65,54303.35,848.7,64.05,0.1197,2.922,0.0,-784.65,0.0,6.8165,0.0,-784.65,0.0,6.8165,1.0,0.0,0.0,0.0,0.0
1131,634.27,780.2,54099.65,856.4,76.2,0.1429,2.8449,0.0,-780.2,0.0,6.8165,0.0,-780.2,0.0,6.8165,1.0,0.0,0.0,0.0,0.0
1132,634.57,783.15,54081.7,845.6,62.45,0.1172,2.9312,0.0,-783.15,0.0,6.8165,0.0,-783.15,0.0,6.8165,1.0,0.0,0.0,0.0,0.0
1133,634.87,778.15,54233.1,846.15,68.0,0.1272,2.8955,0.0,-778.15,0.0,6.8165,0.0,-778.15,0.0,6.8165,1.0,0.0,0.0,0.0,0.0
1134,635.17,778.2,54500.9,844.25,66.05,0.1229,2.9103,0.0,-778.2,0.0,6.8165,0.0,-778.2,0.0,6.8165,1.0,0.0,0.0,0.0,0.0
1135,635.48,777.8,54180.55,843.2,65.4,0.1225,2.912,0.0,-777.8,0.0,6.8165,0.0,-777.8,0.0,6.8165,1.0,0.0,0.0,0.0,0.0
1136,635.78,788.85,54026.45,843.65,54.8,0.1029,2.9874,0.0,-788.85,0.0,6.8165,0.0,-788.85,0.0,6.8165,1.0,0.0,0.0,0.0,0.0
1137,636.08,766.5,53530.15,849.45,82.95,0.1572,2.8035,0.0,-766.5,0.0,6.8165,0.0,-766.5,0.0,6.8165,1.0,0.0,0.0,0.0,0.0
1138,636.38,769.8,53131.9,857.2,87.4,0.1669,2.7775,0.0,-769.8,0.0,6.8165,0.0,-769.8,0.0,6.8165,1.0,0.0,0.0,0.0,0.0
1139,636.68,774.2,53192.0,864.45,90.25,0.1722,2.764,0.0,-774.2,0.0,6.8165,0.0,-774.2,0.0,6.8165,1.0,0.0,0.0,0.0,0.0
1140,636.99,773.7,53254.8,851.25,77.55,0.1478,2.8304,0.0,-773.7,0.0,6.8165,0.0,-773.7,0.0,6.8165,1.0,0.0,0.0,0.0,0.0
1141,637.29,786.05,53732.85,867.05,81.0,0.153,2.8154,0.0,-786.05,0.0,6.8165,0.0,-786.05,0.0,6.8165,1.0,0.0,0.0,0.0,0.0
1142,637.59,784.05,53756.15,862.25,78.2,0.1476,2.8308,0.0,-784.05,0.0,6.8165,0.0,-784.05,0.0,6.8165,1.0,0.0,0.0,0.0,0.0
1143,637.89,790.7,53700.5,851.5,60.8,0.1149,2.9396,0.0,-790.7,0.0,6.8165,0.0,-790.7,0.0,6.8165,1.0,0.0,0.0,0.0,0.0
1144,638.19,775.85,53731.0,852.9,77.05,0.1455,2.8371,0.0,-775.85,0.0,6.8165,0.0,-775.85,0.0,6.8165,1.0,0.0,0.0,0.0,0.0
1145,638.49,779.95,53398.3,857.25,77.3,0.1469,2.833,0.0,-779.95,0.0,6.8165,0.0,-779.95,0.0,6.8165,1.0,0.0,0.0,0.0,0.0
1146,638.8,786.05,53263.75,853.1,67.05,0.1278,2.8936,0.0,-786.05,0.0,6.8165,0.0,-786.05,0.0,6.8165,1.0,0.0,0.0,0.0,0.0
1147,639.1,780.95,53126.2,851.6,70.65,0.135,2.8698,0.0,-780.95,0.0,6.8165,0.0,-780.95,0.0,6.8165,1.0,0.0,0.0,0.0,0.0
1148,639.4,784.6,53108.65,855.45,70.85,0.1354,2.8684,0.0,-784.6,0.0,6.8165,0.0,-784.6,0.0,6.8165,1.0,0.0,0.0,0.0,0.0
1149,639.7,771.45,53058.45,862.5,91.05,0.1741,2.7591,0.0,-771.45,0.0,6.8165,0.0,-771.45,0.0,6.8165,1.0,0.0,0.0,0.0,0.0
1150,640.0,781.15,53155.7,867.1,85.95,0.1641,2.7849,0.0,-781.15,0.0,6.8165,0.0,-781.15,0.0,6.8165,1.0,0.0,0.0,0.0,0.0
1151,640.3,784.9,53234.2,850.4,65.5,0.1249,2.9035,0.0,-784.9,0.0,6.8165,0.0,-784.9,0.0,6.8165,1.0,0.0,0.0,0.0,0.0
1152,640.6,786.65,52961.0,857.7,71.05,0.1362,2.8659,0.0,-786.65,0.0,6.8165,0.0,-786.65,0.0,6.8165,1.0,0.0,0.0,0.0,0.0
1153,640.9,782.45,52646.7,859.6,77.15,0.1488,2.8275,0.0,-782.45,0.0,6.8165,0.0,-782.45,0.0,6.8165,1.0,0.0,0.0,0.0,0.0
1154,641.2,785.95,52008.4,862.85,76.9,0.1501,2.8235,0.0,-785.95,0.0,6.8165,0.0,-785.95,0.0,6.8165,1.0,0.0,0.0,0.0,0.0
1155,641.5,785.7,52138.4,854.2,68.5,0.1334,2.8749,0.0,-785.7,0.0,6.8165,0.0,-785.7,0.0,6.8165,1.0,0.0,0.0,0.0,0.0
1156,641.8,776.2,52123.0,845.6,69.4,0.1352,2.8692,0.0,-776.2,0.0,6.8165,0.0,-776.2,0.0,6.8165,1.0,0.0,0.0,0.0,0.0
1157,642.1,768.35,52129.7,867.2,98.85,0.1925,2.7157,0.0,-768.35,0.0,6.8165,0.0,-768.35,0.0,6.8165,1.0,0.0,0.0,0.0,0.0
1158,642.4,774.15,51850.7,855.35,81.2,0.159,2.7987,0.0,-774.15,0.0,6.8165,0.0,-774.15,0.0,6.8165,1.0,0.0,0.0,0.0,0.0
1159,642.7,779.85,52004.6,849.7,69.85,0.1364,2.8653,0.0,-779.85,0.0,6.8165,0.0,-779.85,0.0,6.8165,1.0,0.0,0.0,0.0,0.0
1160,643.0,781.55,52198.65,847.45,65.9,0.1282,2.8922,0.0,-781.55,0.0,6.8165,0.0,-781.55,0.0,6.8165,1.0,0.0,0.0,0.0,0.0
1161,643.3,777.65,52116.05,862.15,84.5,0.1646,2.7836,0.0,-777.65,0.0,6.8165,0.0,-777.65,0.0,6.8165,1.0,0.0,0.0,0.0,0.0
1162,643.6,767.6,51733.6,851.95,84.35,0.1655,2.7812,0.0,-767.6,0.0,6.8165,0.0,-767.6,0.0,6.8165,1.0,0.0,0.0,0.0,0.0
1163,643.9,787.95,51383.15,837.2,49.25,0.0973,3.0117,0.0,-787.95,0.0,6.8165,0.0,-787.95,0.0,6.8165,1.0,0.0,0.0,0.0,0.0
1164,644.2,795.6,51704.15,850.9,55.3,0.1086,2.9641,0.0,-795.6,0.0,6.8165,0.0,-795.6,0.0,6.8165,1.0,0.0,0.0,0.0,0.0
1165,644.5,782.3,51704.5,859.15,76.85,0.1509,2.8213,0.0,-782.3,0.0,6.8165,0.0,-782.3,0.0,6.8165,1.0,0.0,0.0,0.0,0.0
1166,644.8,777.35,50916.8,850.85,73.5,0.1466,2.8339,0.0,-777.35,0.0,6.8165,0.0,-777.35,0.0,6.8165,1.0,0.0,0.0,0.0,0.0
1167,645.1,785.65,50119.35,848.05,62.4,0.1265,2.898,0.0,-785.65,0.0,6.8165,0.0,-785.65,0.0,6.8165,1.0,0.0,0.0,0.0,0.0
1168,645.4,774.45,50532.75,837.6,63.15,0.1269,2.8965,0.0,-774.45,0.0,6.8165,0.0,-774.45,0.0,6.8165,1.0,0.0,0.0,0.0,0.0
1169,645.7,769.3,51026.5,850.9,81.6,0.1624,2.7895,0.0,-769.3,0.0,6.8165,0.0,-769.3,0.0,6.8165,1.0,0.0,0.0,0.0,0.0
1170,646.0,783.9,50719.05,860.3,76.4,0.153,2.8153,0.0,-783.9,0.0,6.8165,0.0,-783.9,0.0,6.8165,1.0,0.0,0.0,0.0,0.0
1171,646.3,780.25,51403.4,854.9,74.65,0.1475,2.8313,0.0,-780.25,0.0,6.8165,0.0,-780.25,0.0,6.8165,1.0,0.0,0.0,0.0,0.0
1172,646.59,779.6,51550.5,850.95,71.35,0.1405,2.8522,0.0,-779.6,0.0,6.8165,0.0,-779.6,0.0,6.8165,1.0,0.0,0.0,0.0,0.0
1173,646.89,784.95,51780.0,871.75,86.8,0.1702,2.769,0.0,-784.95,0.0,6.8165,0.0,-784.95,0.0,6.8165,1.0,0.0,0.0,0.0,0.0
1174,647.19,785.2,51619.9,861.1,75.9,0.1493,2.8259,0.0,-785.2,0.0,6.8165,0.0,-785.2,0.0,6.8165,1.0,0.0,0.0,0.0,0.0
1175,647.49,774.95,51449.0,861.6,86.65,0.171,2.767,0.0,-774.95,0.0,6.8165,0.0,-774.95,0.0,6.8165,1.0,0.0,0.0,0.0,0.0
1176,647.79,771.1,50912.4,854.05,82.95,0.1654,2.7814,0.0,-771.1,0.0,6.8165,0.0,-771.1,0.0,6.8165,1.0,0.0,0.0,0.0,0.0
1177,648.09,768.65,50789.25,860.0,91.35,0.1826,2.7384,0.0,-768.65,0.0,6.8165,0.0,-768.65,0.0,6.8165,1.0,0.0,0.0,0.0,0.0
1178,648.39,773.35,51408.55,853.45,80.1,0.1582,2.8008,0.0,-773.35,0.0,6.8165,0.0,-773.35,0.0,6.8165,1.0,0.0,0.0,0.0,0.0
1179,648.68,776.6,51291.2,868.65,92.05,0.1822,2.7394,0.0,-776.6,0.0,6.8165,0.0,-776.6,0.0,6.8165,1.0,0.0,0.0,0.0,0.0
1180,648.98,782.2,51114.9,844.65,62.45,0.1241,2.9063,0.0,-782.2,0.0,6.8165,0.0,-782.2,0.0,6.8165,1.0,0.0,0.0,0.0,0.0
1181,649.28,782.8,51264.35,846.6,63.8,0.1264,2.8983,0.0,-782.8,0.0,6.8165,0.0,-782.8,0.0,6.8165,1.0,0.0,0.0,0.0,0.0
1182,649.58,778.8,51074.8,848.6,69.8,0.1388,2.8577,0.0,-778.8,0.0,6.8165,0.0,-778.8,0.0,6.8165,1.0,0.0,0.0,0.0,0.0
1183,649.87,774.55,51069.7,856.95,82.4,0.1638,2.7856,0.0,-774.55,0.0,6.8165,0.0,-774.55,0.0,6.8165,1.0,0.0,0.0,0.0,0.0
1184,650.17,781.3,51014.25,857.75,76.45,0.1522,2.8176,0.0,-781.3,0.0,6.8165,0.0,-781.3,0.0,6.8165,1.0,0.0,0.0,0.0,0.0
1185,650.47,776.8,50923.1,856.3,79.5,0.1585,2.7999,0.0,-776.8,0.0,6.8165,0.0,-776.8,0.0,6.8165,1.0,0.0,0.0,0.0,0.0
1186,650.77,786.55,50742.75,861.6,75.05,0.1502,2.8232,0.0,-786.55,0.0,6.8165,0.0,-786.55,0.0,6.8165,1.0,0.0,0.0,0.0,0.0
1187,651.06,771.55,50577.7,870.55,99.0,0.1988,2.7016,0.0,-771.55,0.0,6.8165,0.0,-771.55,0.0,6.8165,1.0,0.0,0.0,0.0,0.0
1188,651.36,770.3,50472.95,864.5,94.2,0.1895,2.7223,0.0,-770.3,0.0,6.8165,0.0,-770.3,0.0,6.8165,1.0,0.0,0.0,0.0,0.0
1189,651.66,781.1,50381.8,847.3,66.2,0.1335,2.8746,0.0,-781.1,0.0,6.8165,0.0,-781.1,0.0,6.8165,1.0,0.0,0.0,0.0,0.0
1190,651.96,772.0,49877.75,855.25,83.25,0.1695,2.7707,0.0,-772.0,0.0,6.8165,0.0,-772.0,0.0,6.8165,1.0,0.0,0.0,0.0,0.0
1191,652.25,768.55,49424.5,859.8,91.25,0.1875,2.7269,0.0,-768.55,0.0,6.8165,0.0,-768.55,0.0,6.8165,1.0,0.0,0.0,0.0,0.0
1192,652.55,778.45,49226.7,862.0,83.55,0.1725,2.7633,0.0,-778.45,0.0,6.8165,0.0,-778.45,0.0,6.8165,1.0,0.0,0.0,0.0,0.0
1193,652.85,771.6,48743.15,856.35,84.75,0.1767,2.7528,0.0,-771.6,0.0,6.8165,0.0,-771.6,0.0,6.8165,1.0,0.0,0.0,0.0,0.0
1194,653.14,775.7,48612.85,856.55,80.85,0.169,2.7721,0.0,-775.7,0.0,6.8165,0.0,-775.7,0.0,6.8165,1.0,0.0,0.0,0.0,0.0
1195,653.44,769.35,48091.45,859.95,90.6,0.1915,2.7179,0.0,-769.35,0.0,6.8165,0.0,-769.35,0.0,6.8165,1.0,0.0,0.0,0.0,0.0
1196,653.74,759.75,47922.9,850.35,90.6,0.1921,2.7165,0.0,-759.75,0.0,6.8165,0.0,-759.75,0.0,6.8165,1.0,0.0,0.0,0.0,0.0
1197,654.03,750.8,47963.55,860.6,109.8,0.2326,2.6335,0.0,-750.8,0.0,6.8165,0.0,-750.8,0.0,6.8165,1.0,0.0,0.0,0.0,0.0
1198,654.33,770.65,48164.75,847.4,76.75,0.1619,2.7906,0.0,-770.65,0.0,6.8165,0.0,-770.65,0.0,6.8165,1.0,0.0,0.0,0.0,0.0
1199,654.62,776.45,47944.75,851.0,74.55,0.1581,2.8012,0.0,-776.45,0.0,6.8165,0.0,-776.45,0.0,6.8165,1.0,0.0,0.0,0.0,0.0
1200,654.92,782.8,47806.75,855.0,72.2,0.1535,2.8138,0.0,-782.8,0.0,6.8165,0.0,-782.8,0.0,6.8165,1.0,0.0,0.0,0.0,0.0
1201,655.22,770.35,47500.3,845.4,75.05,0.1606,2.7942,0.0,-770.35,0.0,6.8165,0.0,-770.35,0.0,6.8165,1.0,0.0,0.0,0.0,0.0
1202,655.51,774.45,47055.75,857.3,82.85,0.179,2.7471,0.0,-774.45,0.0,6.8165,0.0,-774.45,0.0,6.8165,1.0,0.0,0.0,0.0,0.0
1203,655.81,763.6,47174.6,850.2,86.6,0.1866,2.7291,0.0,-763.6,0.0,6.8165,0.0,-763.6,0.0,6.8165,1.0,0.0,0.0,0.0,0.0
1204,656.1,781.75,47423.6,857.55,75.8,0.1625,2.7891,0.0,-781.75,0.0,6.8165,0.0,-781.75,0.0,6.8165,1.0,0.0,0.0,0.0,0.0
1205,656.4,776.0,47319.25,863.2,87.2,0.1874,2.7273,0.0,-776.0,0.0,6.8165,0.0,-776.0,0.0,6.8165,1.0,0.0,0.0,0.0,0.0
1206,656.69,773.7,47162.15,848.8,75.1,0.1619,2.7908,0.0,-773.7,0.0,6.8165,0.0,-773.7,0.0,6.8165,1.0,0.0,0.0,0.0,0.0
1207,656.99,778.2,46783.4,865.45,87.25,0.1897,2.722,0.0,-778.2,0.0,6.8165,0.0,-778.2,0.0,6.8165,1.0,0.0,0.0,0.0,0.0
1208,657.29,782.2,47210.6,859.3,77.1,0.1661,2.7797,0.0,-782.2,0.0,6.8165,0.0,-782.2,0.0,6.8165,1.0,0.0,0.0,0.0,0.0
1209,657.58,767.0,47328.05,858.35,91.35,0.1962,2.7073,0.0,-767.0,0.0,6.8165,0.0,-767.0,0.0,6.8165,1.0,0.0,0.0,0.0,0.0
1210,657.88,774.25,47379.95,862.5,88.25,0.1894,2.7227,0.0,-774.25,0.0,6.8165,0.0,-774.25,0.0,6.8165,1.0,0.0,0.0,0.0,0.0
1211,658.17,784.8,47003.2,866.5,81.7,0.1768,2.7526,0.0,-784.8,0.0,6.8165,0.0,-784.8,0.0,6.8165,1.0,0.0,0.0,0.0,0.0
1212,658.47,768.85,47145.35,875.9,107.05,0.2308,2.6367,0.0,-768.85,0.0,6.8165,0.0,-768.85,0.0,6.8165,1.0,0.0,0.0,0.0,0.0
1213,658.76,769.5,47284.6,858.4,88.9,0.1911,2.7187,0.0,-769.5,0.0,6.8165,0.0,-769.5,0.0,6.8165,1.0,0.0,0.0,0.0,0.0
1214,659.05,763.7,47438.6,847.9,84.2,0.1804,2.7438,0.0,-763.7,0.0,6.8165,0.0,-763.7,0.0,6.8165,1.0,0.0,0.0,0.0,0.0
1215,659.35,788.3,46744.7,871.1,82.8,0.1802,2.7443,0.0,-788.3,0.0,6.8165,0.0,-788.3,0.0,6.8165,1.0,0.0,0.0,0.0,0.0
1216,659.64,773.85,46133.5,865.3,91.45,0.2016,2.6955,0.0,-773.85,0.0,6.8165,0.0,-773.85,0.0,6.8165,1.0,0.0,0.0,0.0,0.0
1217,659.94,775.65,46457.9,855.25,79.6,0.1742,2.7588,0.0,-775.65,0.0,6.8165,0.0,-775.65,0.0,6.8165,1.0,0.0,0.0,0.0,0.0
1218,660.23,781.15,46873.55,862.95,81.8,0.1775,2.7509,0.0,-781.15,0.0,6.8165,0.0,-781.15,0.0,6.8165,1.0,0.0,0.0,0.0,0.0
1219,660.53,773.4,46820.85,867.8,94.4,0.205,2.6882,0.0,-773.4,0.0,6.8165,0.0,-773.4,0.0,6.8165,1.0,0.0,0.0,0.0,0.0
1220,660.82,785.0,46626.05,869.6,84.6,0.1846,2.7339,0.0,-785.0,0.0,6.8165,0.0,-785.0,0.0,6.8165,1.0,0.0,0.0,0.0,0.0
1221,661.11,773.45,46759.65,864.5,91.05,0.198,2.7033,0.0,-773.45,0.0,6.8165,0.0,-773.45,0.0,6.8165,1.0,0.0,0.0,0.0,0.0
1222,661.41,763.4,46417.55,871.65,108.25,0.2371,2.6251,0.0,-763.4,0.0,6.8165,0.0,-763.4,0.0,6.8165,1.0,0.0,0.0,0.0,0.0
1223,661.7,768.25,45751.3,869.95,101.7,0.2261,2.6457,0.0,-768.25,0.0,6.8165,0.0,-768.25,0.0,6.8165,1.0,0.0,0.0,0.0,0.0
1224,662.0,767.5,45893.75,873.05,105.55,0.2339,2.631,0.0,-767.5,0.0,6.8165,0.0,-767.5,0.0,6.8165,1.0,0.0,0.0,0.0,0.0
1225,662.29,783.1,46082.8,860.35,77.25,0.1705,2.7682,0.0,-783.1,0.0,6.8165,0.0,-783.1,0.0,6.8165,1.0,0.0,0.0,0.0,0.0
1226,662.58,776.5,46201.85,876.65,100.15,0.2205,2.6566,0.0,-776.5,0.0,6.8165,0.0,-776.5,0.0,6.8165,1.0,0.0,0.0,0.0,0.0
1227,662.88,761.2,46505.25,891.3,130.1,0.2844,2.5461,0.0,-761.2,0.0,6.8165,0.0,-761.2,0.0,6.8165,1.0,0.0,0.0,0.0,0.0
1228,663.17,783.75,46456.7,882.45,98.7,0.2161,2.6653,0.0,-783.75,0.0,6.8165,0.0,-783.75,0.0,6.8165,1.0,0.0,0.0,0.0,0.0
1229,663.46,770.75,46202.25,865.55,94.8,0.2087,2.6805,0.0,-770.75,0.0,6.8165,0.0,-770.75,0.0,6.8165,1.0,0.0,0.0,0.0,0.0
1230,663.76,774.1,46245.05,856.25,82.15,0.1807,2.7431,0.0,-774.1,0.0,6.8165,0.0,-774.1,0.0,6.8165,1.0,0.0,0.0,0.0,0.0
1231,664.05,767.45,45346.25,869.15,101.7,0.2281,2.6418,0.0,-767.45,0.0,6.8165,0.0,-767.45,0.0,6.8165,1.0,0.0,0.0,0.0,0.0
1232,664.34,762.9,45168.55,868.85,105.95,0.2386,2.6223,0.0,-762.9,0.0,6.8165,0.0,-762.9,0.0,6.8165,1.0,0.0,0.0,0.0,0.0
1233,664.64,771.6,45597.9,873.4,101.8,0.2271,2.6438,0.0,-771.6,0.0,6.8165,0.0,-771.6,0.0,6.8165,1.0,0.0,0.0,0.0,0.0
1234,664.93,787.5,45769.35,870.75,83.25,0.1851,2.7327,0.0,-787.5,0.0,6.8165,0.0,-787.5,0.0,6.8165,1.0,0.0,0.0,0.0,0.0
1235,665.22,773.3,46141.6,868.25,94.95,0.2093,2.6793,0.0,-773.3,0.0,6.8165,0.0,-773.3,0.0,6.8165,1.0,0.0,0.0,0.0,0.0
1236,665.51,770.1,46712.7,874.25,104.15,0.2267,2.6446,0.0,-770.1,0.0,6.8165,0.0,-770.1,0.0,6.8165,1.0,0.0,0.0,0.0,0.0
1237,665.81,773.4,46438.3,880.05,106.65,0.2335,2.6316,0.0,-773.4,0.0,6.8165,0.0,-773.4,0.0,6.8165,1.0,0.0,0.0,0.0,0.0
1238,666.1,777.2,46222.85,868.65,91.45,0.2012,2.6963,0.0,-777.2,0.0,6.8165,0.0,-777.2,0.0,6.8165,1.0,0.0,0.0,0.0,0.0
1239,666.39,770.65,45289.6,871.45,100.8,0.2264,2.6451,0.0,-770.65,0.0,6.8165,0.0,-770.65,0.0,6.8165,1.0,0.0,0.0,0.0,0.0
1240,666.68,783.4,44974.0,875.1,91.7,0.2075,2.683,0.0,-783.4,0.0,6.8165,0.0,-783.4,0.0,6.8165,1.0,0.0,0.0,0.0,0.0
1241,666.97,780.65,45410.95,880.7,100.05,0.2242,2.6494,0.0,-780.65,0.0,6.8165,0.0,-780.65,0.0,6.8165,1.0,0.0,0.0,0.0,0.0
1242,667.27,762.75,45478.0,881.2,118.45,0.2649,2.5769,0.0,-762.75,0.0,6.8165,0.0,-762.75,0.0,6.8165,1.0,0.0,0.0,0.0,0.0
1243,667.56,774.6,46122.3,882.5,107.9,0.2379,2.6235,0.0,-774.6,0.0,6.8165,0.0,-774.6,0.0,6.8165,1.0,0.0,0.0,0.0,0.0
1244,667.85,767.0,46077.45,864.7,97.7,0.2156,2.6663,0.0,-767.0,0.0,6.8165,0.0,-767.0,0.0,6.8165,1.0,0.0,0.0,0.0,0.0
1245,668.14,781.0,46260.4,880.9,99.9,0.2197,2.6582,0.0,-781.0,0.0,6.8165,0.0,-781.0,0.0,6.8165,1.0,0.0,0.0,0.0,0.0
1246,668.43,773.1,45762.85,877.85,104.75,0.2328,2.633,0.0,-773.1,0.0,6.8165,0.0,-773.1,0.0,6.8165,1.0,0.0,0.0,0.0,0.0
1247,668.72,763.25,44881.0,865.65,102.4,0.2321,2.6343,0.0,-763.25,0.0,6.8165,0.0,-763.25,0.0,6.8165,1.0,0.0,0.0,0.0,0.0
1248,669.02,755.2,44471.45,880.0,124.8,0.2855,2.5444,0.0,-755.2,0.0,6.8165,0.0,-755.2,0.0,6.8165,1.0,0.0,0.0,0.0,0.0
1249,669.31,772.2,44888.1,888.2,116.0,0.2629,2.5801,0.0,-772.2,0.0,6.8165,0.0,-772.2,0.0,6.8165,1.0,0.0,0.0,0.0,0.0
1250,669.6,782.55,45215.35,885.2,102.65,0.231,2.6363,0.0,-782.55,0.0,6.8165,0.0,-782.55,0.0,6.8165,1.0,0.0,0.0,0.0,0.0
1251,669.89,755.75,45411.0,874.45,118.7,0.2658,2.5754,0.0,-755.75,0.0,6.8165,0.0,-755.75,0.0,6.8165,1.0,0.0,0.0,0.0,0.0
1252,670.18,771.5,45442.7,878.45,106.95,0.2394,2.6208,0.0,-771.5,0.0,6.8165,0.0,-771.5,0.0,6.8165,1.0,0.0,0.0,0.0,0.0
1253,670.47,778.05,46182.1,895.8,117.75,0.2593,2.5861,0.0,-778.05,0.0,6.8165,0.0,-778.05,0.0,6.8165,1.0,0.0,0.0,0.0,0.0
1254,670.76,765.45,45657.9,869.45,104.0,0.2317,2.6351,0.0,-765.45,0.0,6.8165,0.0,-765.45,0.0,6.8165,1.0,0.0,0.0,0.0,0.0
1255,671.05,757.1,44365.8,874.2,117.1,0.2685,2.571,0.0,-757.1,0.0,6.8165,0.0,-757.1,0.0,6.8165,1.0,0.0,0.0,0.0,0.0
1256,671.34,770.0,44824.75,893.45,123.45,0.2802,2.5525,0.0,-770.0,0.0,6.8165,0.0,-770.0,0.0,6.8165,1.0,0.0,0.0,0.0,0.0
1257,671.63,777.1,44603.25,888.5,111.4,0.2542,2.5948,0.0,-777.1,0.0,6.8165,0.0,-777.1,0.0,6.8165,1.0,0.0,0.0,0.0,0.0
1258,671.92,779.6,44401.0,893.05,113.45,0.2601,2.5849,0.0,-779.6,0.0,6.8165,0.0,-779.6,0.0,6.8165,1.0,0.0,0.0,0.0,0.0
1259,672.21,776.1,44741.55,891.65,115.55,0.2628,2.5803,0.0,-776.1,0.0,6.8165,0.0,-776.1,0.0,6.8165,1.0,0.0,0.0,0.0,0.0
1260,672.5,776.2,45162.45,910.9,134.7,0.3035,2.5179,0.0,-776.2,0.0,6.8165,0.0,-776.2,0.0,6.8165,1.0,0.0,0.0,0.0,0.0
1261,672.79,771.45,45981.7,901.45,130.0,0.2875,2.5413,0.0,-771.45,0.0,6.8165,0.0,-771.45,0.0,6.8165,1.0,0.0,0.0,0.0,0.0
1262,673.08,768.6,46195.0,917.0,148.4,0.3267,2.4859,0.0,-768.6,0.0,6.8165,0.0,-768.6,0.0,6.8165,1.0,0.0,0.0,0.0,0.0
1263,673.37,770.95,45342.25,910.1,139.15,0.3122,2.5056,0.0,-770.95,0.0,6.8165,0.0,-770.95,0.0,6.8165,1.0,0.0,0.0,0.0,0.0
1264,673.66,769.85,44744.45,933.9,164.05,0.3731,2.4282,0.0,-769.85,0.0,6.8165,0.0,-769.85,0.0,6.8165,1.0,0.0,0.0,0.0,0.0
1265,673.95,768.8,44571.5,919.95,151.15,0.3451,2.4621,0.0,-768.8,0.0,6.8165,0.0,-768.8,0.0,6.8165,1.0,0.0,0.0,0.0,0.0
1266,674.24,777.0,44435.15,941.7,164.7,0.3772,2.4234,0.0,-777.0,0.0,6.8165,0.0,-777.0,0.0,6.8165,1.0,0.0,0.0,0.0,0.0
1267,674.53,777.8,44271.1,933.3,155.5,0.3575,2.4467,0.0,-777.8,0.0,6.8165,0.0,-777.8,0.0,6.8165,1.0,0.0,0.0,0.0,0.0
1268,674.82,774.6,44086.05,947.0,172.4,0.398,2.4001,0.0,-774.6,0.0,6.8165,0.0,-774.6,0.0,6.8165,1.0,0.0,0.0,0.0,0.0
1269,675.11,765.1,44580.8,957.75,192.65,0.4397,2.3569,0.0,-765.1,0.0,6.8165,0.0,-765.1,0.0,6.8165,1.0,0.0,0.0,0.0,0.0
1270,675.4,758.5,45458.35,983.35,224.85,0.503,2.2984,0.0,-758.5,0.0,6.8165,0.0,-758.5,0.0,6.8165,1.0,0.0,0.0,0.0,0.0
1271,675.69,773.7,45701.55,973.4,199.7,0.4445,2.3521,0.0,-773.7,0.0,6.8165,0.0,-773.7,0.0,6.8165,1.0,0.0,0.0,0.0,0.0
1272,675.98,767.6,44803.05,980.75,213.15,0.484,2.3151,0.0,-767.6,0.0,6.8165,0.0,-767.6,0.0,6.8165,1.0,0.0,0.0,0.0,0.0
1273,676.27,750.95,44845.3,996.3,245.35,0.5564,2.2546,0.0,-750.95,0.0,6.8165,0.0,-750.95,0.0,6.8165,1.0,0.0,0.0,0.0,0.0
1274,676.56,772.3,44838.45,1009.45,237.15,0.5382,2.2691,0.0,-772.3,0.0,6.8165,0.0,-772.3,0.0,6.8165,1.0,0.0,0.0,0.0,0.0
1275,676.84,751.95,43702.2,1013.6,261.65,0.6092,2.2152,0.0,-751.95,0.0,6.8165,0.0,-751.95,0.0,6.8165,1.0,0.0,0.0,0.0,0.0
1276,677.13,774.35,43622.35,1045.2,270.85,0.6321,2.1992,0.0,-774.35,0.0,6.8165,0.0,-774.35,0.0,6.8165,1.0,0.0,0.0,0.0,0.0
1277,677.42,774.5,44111.65,1046.05,271.55,0.6266,2.203,0.0,-774.5,0.0,6.8165,0.0,-774.5,0.0,6.8165,1.0,0.0,0.0,0.0,0.0
1278,677.71,764.05,44003.75,1067.25,303.2,0.7012,2.1542,0.0,-764.05,0.0,6.8165,0.0,-764.05,0.0,6.8165,1.0,0.0,0.0,0.0,0.0
1279,678.0,773.2,43840.6,1071.75,298.55,0.6932,2.1591,0.0,-773.2,0.0,6.8165,0.0,-773.2,0.0,6.8165,1.0,0.0,0.0,0.0,0.0
1280,678.29,773.0,44141.55,1101.3,328.3,0.757,2.1209,0.0,-773.0,0.0,6.8165,0.0,-773.0,0.0,6.8165,1.0,0.0,0.0,0.0,0.0
1281,678.58,774.6,44615.75,1113.6,339.0,0.7732,2.1117,0.0,-774.6,0.0,6.8165,0.0,-774.6,0.0,6.8165,1.0,0.0,0.0,0.0,0.0
1282,678.86,765.5,44025.4,1128.1,362.6,0.8382,2.0767,0.0,-765.5,0.0,6.8165,0.0,-765.5,0.0,6.8165,1.0,0.0,0.0,0.0,0.0
1283,679.15,759.3,42913.05,1150.65,391.35,0.9284,2.0323,0.0,-759.3,0.0,6.8165,0.0,-759.3,0.0,6.8165,1.0,0.0,0.0,0.0,0.0
1284,679.44,757.15,42518.75,1186.9,429.75,1.0291,1.9876,0.0,-757.15,0.0,6.8165,0.0,-757.15,0.0,6.8165,1.0,0.0,0.0,0.0,0.0
1285,679.73,774.75,42418.45,1188.95,414.2,0.9946,2.0023,0.0,-774.75,0.0,6.8165,0.0,-774.75,0.0,6.8165,1.0,0.0,0.0,0.0,0.0
1286,680.01,768.65,42955.5,1234.65,466.0,1.1046,1.9568,0.0,-768.65,0.0,6.8165,0.0,-768.65,0.0,6.8165,1.0,0.0,0.0,0.0,0.0
1287,680.3,772.1,43166.05,1265.3,493.2,1.1634,1.9343,0.0,-772.1,0.0,6.8165,0.0,-772.1,0.0,6.8165,1.0,0.0,0.0,0.0,0.0
1288,680.59,760.65,43954.85,1317.05,556.4,1.2881,1.89,0.0,-760.65,0.0,6.8165,0.0,-760.65,0.0,6.8165,1.0,0.0,0.0,0.0,0.0
1289,680.88,758.65,44220.4,1356.85,598.2,1.3764,1.8613,0.0,-758.65,0.0,6.8165,0.0,-758.65,0.0,6.8165,1.0,0.0,0.0,0.0,0.0
1290,681.16,771.4,44490.05,1387.6,616.2,1.4095,1.8509,0.0,-771.4,0.0,6.8165,0.0,-771.4,0.0,6.8165,1.0,0.0,0.0,0.0,0.0
1291,681.45,779.55,44046.35,1439.85,660.3,1.5261,1.8164,0.0,-779.55,0.0,6.8165,0.0,-779.55,0.0,6.8165,1.0,0.0,0.0,0.0,0.0
1292,681.74,774.65,44114.25,1474.85,700.2,1.6156,1.7917,0.0,-774.65,0.0,6.8165,0.0,-774.65,0.0,6.8165,1.0,0.0,0.0,0.0,0.0
1293,682.02,766.5,44303.0,1528.35,761.85,1.7499,1.757,0.0,-766.5,0.0,6.8165,0.0,-766.5,0.0,6.8165,1.0,0.0,0.0,0.0,0.0
1294,682.31,770.7,44502.8,1588.9,818.2,1.8709,1.7279,0.0,-770.7,0.0,6.8165,0.0,-770.7,0.0,6.8165,1.0,0.0,0.0,0.0,0.0
1295,682.6,764.95,44795.2,1670.55,905.6,2.0568,1.6868,0.0,-764.95,0.0,6.8165,0.0,-764.95,0.0,6.8165,1.0,0.0,0.0,0.0,0.0
1296,682.88,760.75,45800.75,1718.5,957.75,2.1264,1.6723,0.0,-760.75,0.0,6.8165,0.0,-760.75,0.0,6.8165,1.0,0.0,0.0,0.0,0.0
1297,683.17,764.4,46261.25,1794.35,1029.95,2.2638,1.6452,0.0,-764.4,0.0,6.8165,0.0,-764.4,0.0,6.8165,1.0,0.0,0.0,0.0,0.0
1298,683.46,770.65,47425.4,1905.25,1134.6,2.4319,1.6141,0.0,-770.65,0.0,6.8165,0.0,-770.65,0.0,6.8165,1.0,0.0,0.0,0.0,0.0
1299,683.74,781.7,47467.4,1977.45,1195.75,2.5613,1.5915,0.0,-781.7,0.0,6.8165,0.0,-781.7,0.0,6.8165,1.0,0.0,0.0,0.0,0.0
1300,684.03,757.9,46035.15,2015.2,1257.3,2.7769,1.5564,0.0,-757.9,0.0,6.8165,0.0,-757.9,0.0,6.8165,1.0,0.0,0.0,0.0,0.0
1301,684.32,757.35,45283.9,2073.7,1316.35,2.9563,1.5292,0.0,-757.35,0.0,6.8165,0.0,-757.35,0.0,6.8165,1.0,0.0,0.0,0.0,0.0
1302,684.6,783.45,45466.0,2162.5,1379.05,3.0863,1.5106,0.0,-783.45,0.0,6.8165,0.0,-783.45,0.0,6.8165,1.0,0.0,0.0,0.0,0.0
1303,684.89,783.65,45485.0,2249.1,1465.45,3.2783,1.4843,0.0,-783.65,0.0,6.8165,0.0,-783.65,0.0,6.8165,1.0,0.0,0.0,0.0,0.0
1304,685.17,779.6,45218.15,2308.1,1528.5,3.4396,1.4635,0.0,-779.6,0.0,6.8165,0.0,-779.6,0.0,6.8165,1.0,0.0,0.0,0.0,0.0
1305,685.46,771.0,45315.55,2436.3,1665.3,3.7385,1.4273,0.0,-771.0,0.0,6.8165,0.0,-771.0,0.0,6.8165,1.0,0.0,0.0,0.0,0.0
1306,685.75,768.25,45108.1,2549.3,1781.05,4.0168,1.3961,0.0,-768.25,0.0,6.8165,0.0,-768.25,0.0,6.8165,1.0,0.0,0.0,0.0,0.0
1307,686.03,774.2,45586.8,2668.2,1894.0,4.2265,1.374,0.0,-774.2,0.0,6.8165,0.0,-774.2,0.0,6.8165,1.0,0.0,0.0,0.0,0.0
1308,686.32,763.2,44898.65,2747.4,1984.2,4.4957,1.3472,0.0,-763.2,0.0,6.8165,0.0,-763.2,0.0,6.8165,1.0,0.0,0.0,0.0,0.0
1309,686.6,773.8,44126.65,2810.9,2037.1,4.6989,1.328,0.0,-773.8,0.0,6.8165,0.0,-773.8,0.0,6.8165,1.0,0.0,0.0,0.0,0.0
1310,686.89,781.05,43467.55,2895.05,2114.0,4.9524,1.3052,0.0,-781.05,0.0,6.8165,0.0,-781.05,0.0,6.8165,1.0,0.0,0.0,0.0,0.0
1311,687.17,777.65,43154.55,3016.9,2239.25,5.2841,1.277,0.0,-777.65,0.0,6.8165,0.0,-777.65,0.0,6.8165,1.0,0.0,0.0,0.0,0.0
1312,687.46,769.7,43433.6,3174.3,2404.6,5.6361,1.249,0.0,-769.7,0.0,6.8165,0.0,-769.7,0.0,6.8165,1.0,0.0,0.0,0.0,0.0
1313,687.74,754.0,43311.2,3288.25,2534.25,5.9549,1.2251,0.0,-754.0,0.0,6.8165,0.0,-754.0,0.0,6.8165,1.0,0.0,0.0,0.0,0.0
1314,688.03,765.25,43321.9,3475.2,2709.95,6.3679,1.196,0.0,-765.25,0.0,6.8165,0.0,-765.25,0.0,6.8165,1.0,0.0,0.0,0.0,0.0
1315,688.31,775.35,43926.75,3686.8,2911.45,6.7471,1.1709,0.0,-775.35,0.0,6.8165,0.0,-775.35,0.0,6.8165,1.0,0.0,0.0,0.0,0.0
1316,688.6,766.55,43874.0,3875.65,3109.1,7.2124,1.1419,0.0,-766.55,0.0,6.8165,0.0,-766.55,0.0,6.8165,1.0,0.0,0.0,0.0,0.0
1317,688.88,768.15,43580.7,3958.2,3190.05,7.4512,1.1278,0.0,-768.15,0.0,6.8165,0.0,-768.15,0.0,6.8165,1.0,0.0,0.0,0.0,0.0
1318,689.17,770.15,43401.0,4109.9,3339.75,7.8341,1.106,0.0,-770.15,0.0,6.8165,0.0,-770.15,0.0,6.8165,1.0,0.0,0.0,0.0,0.0
1319,689.45,761.25,42919.15,4259.25,3498.0,8.2974,1.0811,0.0,-761.25,0.0,6.8165,0.0,-761.25,0.0,6.8165,1.0,0.0,0.0,0.0,0.0
1320,689.73,765.65,42091.6,4371.45,3605.8,8.7253,1.0592,0.0,-765.65,0.0,6.8165,0.0,-765.65,0.0,6.8165,1.0,0.0,0.0,0.0,0.0
1321,690.02,759.85,41807.15,4522.1,3762.25,9.1656,1.0378,0.0,-759.85,0.0,6.8165,0.0,-759.85,0.0,6.8165,1.0,0.0,0.0,0.0,0.0
1322,690.3,756.4,41353.5,4656.95,3900.55,9.608,1.0174,0.0,-756.4,0.0,6.8165,0.0,-756.4,0.0,6.8165,1.0,0.0,0.0,0.0,0.0
1323,690.59,754.8,41399.3,4850.05,4095.25,10.0758,0.9967,0.0,-754.8,0.0,6.8165,0.0,-754.8,0.0,6.8165,1.0,0.0,0.0,0.0,0.0
1324,690.87,763.55,41438.15,5085.9,4322.35,10.6267,0.9736,0.0,-763.55,0.0,6.8165,0.0,-763.55,0.0,6.8165,1.0,0.0,0.0,0.0,0.0
1325,691.15,768.0,41589.45,5339.7,4571.7,11.1993,0.9508,0.0,-768.0,0.0,6.8165,0.0,-768.0,0.0,6.8165,1.0,0.0,0.0,0.0,0.0
1326,691.44,762.0,41262.6,5524.0,4762.0,11.7579,0.9297,0.0,-762.0,0.0,6.8165,0.0,-762.0,0.0,6.8165,1.0,0.0,0.0,0.0,0.0
1327,691.72,769.4,40610.0,5687.95,4918.55,12.3456,0.9085,0.0,-769.4,0.0,6.8165,0.0,-769.4,0.0,6.8165,1.0,0.0,0.0,0.0,0.0
1328,692.01,779.2,40662.15,5915.7,5136.5,12.8789,0.8901,0.0,-779.2,0.0,6.8165,0.0,-779.2,0.0,6.8165,1.0,0.0,0.0,0.0,0.0
1329,692.29,761.3,40068.7,6010.25,5248.95,13.3536,0.8744,0.0,-761.3,0.0,6.8165,0.0,-761.3,0.0,6.8165,1.0,0.0,0.0,0.0,0.0
1330,692.57,761.45,39209.9,6124.9,5363.45,13.9497,0.8554,0.0,-761.45,0.0,6.8165,0.0,-761.45,0.0,6.8165,1.0,0.0,0.0,0.0,0.0
1331,692.86,775.0,38838.3,6251.7,5476.7,14.3884,0.842,0.0,-775.0,0.0,6.8165,0.0,-775.0,0.0,6.8165,1.0,0.0,0.0,0.0,0.0
1332,693.14,765.8,39093.6,6536.25,5770.45,15.0555,0.8223,0.0,-765.8,0.0,6.8165,0.0,-765.8,0.0,6.8165,1.0,0.0,0.0,0.0,0.0
1333,693.42,781.8,38926.9,6752.5,5970.7,15.6526,0.8054,0.0,-781.8,0.0,6.8165,0.0,-781.8,0.0,6.8165,1.0,0.0,0.0,0.0,0.0
1334,693.7,773.3,38647.4,6942.2,6168.9,16.2879,0.7881,0.0,-773.3,0.0,6.8165,0.0,-773.3,0.0,6.8165,1.0,0.0,0.0,0.0,0.0
1335,693.99,761.65,38685.25,7211.95,6450.3,17.0087,0.7693,0.0,-761.65,0.0,6.8165,0.0,-761.65,0.0,6.8165,1.0,0.0,0.0,0.0,0.0
1336,694.27,752.7,38520.95,7432.2,6679.5,17.6855,0.7524,0.0,-752.7,0.0,6.8165,0.0,-752.7,0.0,6.8165,1.0,0.0,0.0,0.0,0.0
1337,694.55,771.3,38332.5,7730.55,6959.25,18.5278,0.7322,0.0,-771.3,0.0,6.8165,0.0,-771.3,0.0,6.8165,1.0,0.0,0.0,0.0,0.0
1338,694.84,771.25,37884.75,7851.75,7080.5,19.078,0.7195,0.0,-771.25,0.0,6.8165,0.0,-771.25,0.0,6.8165,1.0,0.0,0.0,0.0,0.0
1339,695.12,764.2,37437.95,8048.4,7284.2,19.8622,0.702,0.0,-764.2,0.0,6.8165,0.0,-764.2,0.0,6.8165,1.0,0.0,0.0,0.0,0.0
1340,695.4,750.75,36816.55,8064.0,7313.25,20.2775,0.693,0.0,-750.75,0.0,6.8165,0.0,-750.75,0.0,6.8165,1.0,0.0,0.0,0.0,0.0
1341,695.68,759.25,36331.15,8193.05,7433.8,20.898,0.6799,0.0,-759.25,0.0,6.8165,0.0,-759.25,0.0,6.8165,1.0,0.0,0.0,0.0,0.0
1342,695.96,764.35,35953.55,8476.65,7712.3,21.9167,0.6592,0.0,-764.35,0.0,6.8165,0.0,-764.35,0.0,6.8165,1.0,0.0,0.0,0.0,0.0
1343,696.25,759.3,35632.8,8667.1,7907.8,22.6757,0.6444,0.0,-759.3,0.0,6.8165,0.0,-759.3,0.0,6.8165,1.0,0.0,0.0,0.0,0.0
1344,696.53,773.2,35482.9,8819.25,8046.05,23.181,0.6349,0.0,-773.2,0.0,6.8165,0.0,-773.2,0.0,6.8165,1.0,0.0,0.0,0.0,0.0
1345,696.81,758.7,35220.15,9071.05,8312.35,24.1207,0.6176,0.0,-758.7,0.0,6.8165,0.0,-758.7,0.0,6.8165,1.0,0.0,0.0,0.0,0.0
1346,697.09,763.75,35407.35,9322.85,8559.1,24.7062,0.6072,0.0,-763.75,0.0,6.8165,0.0,-763.75,0.0,6.8165,1.0,0.0,0.0,0.0,0.0
1347,697.37,767.65,35321.5,9622.6,8854.95,25.6265,0.5913,0.0,-767.65,0.0,6.8165,0.0,-767.65,0.0,6.8165,1.0,0.0,0.0,0.0,0.0
1348,697.65,761.2,35344.8,10037.3,9276.1,26.8223,0.5715,0.0,-761.2,0.0,6.8165,0.0,-761.2,0.0,6.8165,1.0,0.0,0.0,0.0,0.0
1349,697.94,760.05,34888.9,10155.45,9395.4,27.5292,0.5602,0.0,-760.05,0.0,6.8165,0.0,-760.05,0.0,6.8165,1.0,0.0,0.0,0.0,0.0
1350,698.22,761.35,34124.75,10225.6,9464.25,28.3672,0.5472,0.0,-761.35,0.0,6.8165,0.0,-761.35,0.0,6.8165,1.0,0.0,0.0,0.0,0.0
1351,698.5,759.3,33880.85,10401.6,9642.3,29.1119,0.5359,0.0,-759.3,0.0,6.8165,0.0,-759.3,0.0,6.8165,1.0,0.0,0.0,0.0,0.0
1352,698.78,768.15,33626.45,10538.4,9770.25,29.7345,0.5267,0.0,-768.15,0.0,6.8165,0.0,-768.15,0.0,6.8165,1.0,0.0,0.0,0.0,0.0
1353,699.06,773.8,33432.8,10742.05,9968.25,30.5222,0.5154,0.0,-773.8,0.0,6.8165,0.0,-773.8,0.0,6.8165,1.0,0.0,0.0,0.0,0.0
1354,699.34,761.95,33083.55,10860.95,10099.0,31.2454,0.5052,0.0,-761.95,0.0,6.8165,0.0,-761.95,0.0,6.8165,1.0,0.0,0.0,0.0,0.0
1355,699.62,775.85,33102.2,11089.2,10313.35,31.9038,0.4962,0.0,-775.85,0.0,6.8165,0.0,-775.85,0.0,6.8165,1.0,0.0,0.0,0.0,0.0
1356,699.9,768.65,33262.15,11405.25,10636.6,32.7345,0.485,0.0,-768.65,0.0,6.8165,0.0,-768.65,0.0,6.8165,1.0,0.0,0.0,0.0,0.0
1357,700.18,763.5,33028.1,11667.65,10904.15,33.796,0.4711,0.0,-763.5,0.0,6.8165,0.0,-763.5,0.0,6.8165,1.0,0.0,0.0,0.0,0.0
1358,700.46,763.05,33124.55,12046.95,11283.9,34.8683,0.4576,0.0,-763.05,0.0,6.8165,0.0,-763.05,0.0,6.8165,1.0,0.0,0.0,0.0,0.0
1359,700.74,773.25,32915.75,12324.0,11550.75,35.9361,0.4445,0.0,-773.25,0.0,6.8165,0.0,-773.25,0.0,6.8165,1.0,0.0,0.0,0.0,0.0
1360,701.03,766.05,32232.0,12366.2,11600.15,36.8657,0.4334,0.0,-766.05,0.0,6.8165,0.0,-766.05,0.0,6.8165,1.0,0.0,0.0,0.0,0.0
1361,701.31,759.5,31679.6,12451.05,11691.55,37.8121,0.4224,0.0,-759.5,0.0,6.8165,0.0,-759.5,0.0,6.8165,1.0,0.0,0.0,0.0,0.0
1362,701.59,763.55,31279.95,12557.55,11794.0,38.6481,0.4129,0.0,-763.55,0.0,6.8165,0.0,-763.55,0.0,6.8165,1.0,0.0,0.0,0.0,0.0
1363,701.87,763.8,30732.25,12624.1,11860.3,39.576,0.4026,0.0,-763.8,0.0,6.8165,0.0,-763.8,0.0,6.8165,1.0,0.0,0.0,0.0,0.0
1364,702.15,762.1,30291.45,12532.35,11770.25,39.8595,0.3995,0.0,-762.1,0.0,6.8165,0.0,-762.1,0.0,6.8165,1.0,0.0,0.0,0.0,0.0
1365,702.43,765.4,30059.45,12535.25,11769.85,40.1783,0.396,0.0,-765.4,0.0,6.8165,0.0,-765.4,0.0,6.8165,1.0,0.0,0.0,0.0,0.0
1366,702.71,759.05,30081.1,12836.25,12077.2,41.1881,0.3852,0.0,-759.05,0.0,6.8165,0.0,-759.05,0.0,6.8165,1.0,0.0,0.0,0.0,0.0
1367,702.98,758.05,30528.65,13214.15,12456.1,41.8403,0.3784,0.0,-758.05,0.0,6.8165,0.0,-758.05,0.0,6.8165,1.0,0.0,0.0,0.0,0.0
1368,703.26,751.45,30061.6,13332.05,12580.6,42.9223,0.3673,0.0,-751.45,0.0,6.8165,0.0,-751.45,0.0,6.8165,1.0,0.0,0.0,0.0,0.0
1369,703.54,767.4,30059.8,13593.35,12825.95,43.7859,0.3587,0.0,-767.4,0.0,6.8165,0.0,-767.4,0.0,6.8165,1.0,0.0,0.0,0.0,0.0
1370,703.82,765.9,30407.1,13939.35,13173.45,44.443,0.3522,0.0,-765.9,0.0,6.8165,0.0,-765.9,0.0,6.8165,1.0,0.0,0.0,0.0,0.0
1371,704.1,745.95,30565.1,14211.25,13465.3,45.1566,0.3453,0.0,-745.95,0.0,6.8165,0.0,-745.95,0.0,6.8165,1.0,0.0,0.0,0.0,0.0
1372,704.38,768.0,29941.65,14210.15,13442.15,46.0763,0.3365,0.0,-768.0,0.0,6.8165,0.0,-768.0,0.0,6.8165,1.0,0.0,0.0,0.0,0.0
1373,704.66,758.35,29612.5,14159.3,13400.95,46.4438,0.3331,0.0,-758.35,0.0,6.8165,0.0,-758.35,0.0,6.8165,1.0,0.0,0.0,0.0,0.0
1374,704.94,772.75,28661.45,13991.2,13218.45,47.3972,0.3242,0.0,-772.75,0.0,6.8165,0.0,-772.75,0.0,6.8165,1.0,0.0,0.0,0.0,0.0
1375,705.22,766.05,28435.55,14030.15,13264.1,47.9376,0.3193,0.0,-766.05,0.0,6.8165,0.0,-766.05,0.0,6.8165,1.0,0.0,0.0,0.0,0.0
1376,705.5,764.3,28559.7,14343.2,13578.9,48.853,0.3111,0.0,-764.3,0.0,6.8165,0.0,-764.3,0.0,6.8165,1.0,0.0,0.0,0.0,0.0
1377,705.78,769.6,28675.45,14591.9,13822.3,49.5319,0.3051,0.0,-769.6,0.0,6.8165,0.0,-769.6,0.0,6.8165,1.0,0.0,0.0,0.0,0.0
1378,706.05,765.3,28040.0,14620.3,13855.0,50.798,0.2942,0.0,-765.3,0.0,6.8165,0.0,-765.3,0.0,6.8165,1.0,0.0,0.0,0.0,0.0
1379,706.33,776.1,27876.5,14648.6,13872.5,51.1893,0.2908,0.0,-776.1,0.0,6.8165,0.0,-776.1,0.0,6.8165,1.0,0.0,0.0,0.0,0.0
1380,706.61,764.7,27607.05,14651.45,13886.75,51.7345,0.2862,0.0,-764.7,0.0,6.8165,0.0,-764.7,0.0,6.8165,1.0,0.0,0.0,0.0,0.0
1381,706.89,755.6,27626.7,15055.85,14300.25,53.218,0.2739,0.0,-755.6,0.0,6.8165,0.0,-755.6,0.0,6.8165,1.0,0.0,0.0,0.0,0.0
1382,707.17,769.0,27758.85,15289.8,14520.8,53.801,0.2692,0.0,-769.0,0.0,6.8165,0.0,-769.0,0.0,6.8165,1.0,0.0,0.0,0.0,0.0
1383,707.45,769.15,27361.95,15259.3,14490.15,54.489,0.2637,0.0,-769.15,0.0,6.8165,0.0,-769.15,0.0,6.8165,1.0,0.0,0.0,0.0,0.0
1384,707.72,771.4,26874.05,15178.85,14407.45,55.1954,0.2581,0.0,-771.4,0.0,6.8165,0.0,-771.4,0.0,6.8165,1.0,0.0,0.0,0.0,0.0
1385,708.0,777.2,26331.95,15167.6,14390.4,56.312,0.2494,0.0,-777.2,0.0,6.8165,0.0,-777.2,0.0,6.8165,1.0,0.0,0.0,0.0,0.0
1386,708.28,772.0,26328.7,15198.4,14426.4,56.4486,0.2483,0.0,-772.0,0.0,6.8165,0.0,-772.0,0.0,6.8165,1.0,0.0,0.0,0.0,0.0
1387,708.56,758.75,26146.7,15291.3,14532.55,57.2419,0.2423,0.0,-758.75,0.0,6.8165,0.0,-758.75,0.0,6.8165,1.0,0.0,0.0,0.0,0.0
1388,708.83,761.15,26442.65,15501.1,14739.95,57.3952,0.2411,0.0,-761.15,0.0,6.8165,0.0,-761.15,0.0,6.8165,1.0,0.0,0.0,0.0,0.0
1389,709.11,768.0,25950.75,15587.1,14819.1,58.8462,0.2303,0.0,-768.0,0.0,6.8165,0.0,-768.0,0.0,6.8165,1.0,0.0,0.0,0.0,0.0
1390,709.39,776.35,25910.75,15757.0,14980.65,59.6022,0.2247,0.0,-776.35,0.0,6.8165,0.0,-776.35,0.0,6.8165,1.0,0.0,0.0,0.0,0.0
1391,709.67,765.1,26200.6,16102.5,15337.4,60.2992,0.2197,0.0,-765.1,0.0,6.8165,0.0,-765.1,0.0,6.8165,1.0,0.0,0.0,0.0,0.0
1392,709.94,781.35,26031.75,16186.1,15404.75,61.0079,0.2146,0.0,-781.35,0.0,6.8165,0.0,-781.35,0.0,6.8165,1.0,0.0,0.0,0.0,0.0
1393,710.22,770.5,26126.4,16373.9,15603.4,61.5376,0.2109,0.0,-770.5,0.0,6.8165,0.0,-770.5,0.0,6.8165,1.0,0.0,0.0,0.0,0.0
1394,710.5,759.15,25946.45,16448.95,15689.8,62.2925,0.2056,0.0,-759.15,0.0,6.8165,0.0,-759.15,0.0,6.8165,1.0,0.0,0.0,0.0,0.0
1395,710.77,766.15,25810.6,16675.4,15909.25,63.5241,0.1971,0.0,-766.15,0.0,6.8165,0.0,-766.15,0.0,6.8165,1.0,0.0,0.0,0.0,0.0
1396,711.05,767.15,25526.4,16507.5,15740.35,63.5736,0.1967,0.0,-767.15,0.0,6.8165,0.0,-767.15,0.0,6.8165,1.0,0.0,0.0,0.0,0.0
1397,711.33,761.15,25118.55,16632.15,15871.0,65.1588,0.186,0.0,-761.15,0.0,6.8165,0.0,-761.15,0.0,6.8165,1.0,0.0,0.0,0.0,0.0
1398,711.6,763.7,25100.65,16736.75,15973.05,65.6329,0.1829,0.0,-763.7,0.0,6.8165,0.0,-763.7,0.0,6.8165,1.0,0.0,0.0,0.0,0.0
1399,711.88,768.4,25082.75,16808.75,16040.35,65.9707,0.1806,0.0,-768.4,0.0,6.8165,0.0,-768.4,0.0,6.8165,1.0,0.0,0.0,0.0,0.0
1400,712.16,769.9,25062.1,16933.65,16163.75,66.5388,0.1769,0.0,-769.9,0.0,6.8165,0.0,-769.9,0.0,6.8165,1.0,0.0,0.0,0.0,0.0
1401,712.43,755.85,24879.25,16978.65,16222.8,67.2492,0.1723,0.0,-755.85,0.0,6.8165,0.0,-755.85,0.0,6.8165,1.0,0.0,0.0,0.0,0.0
1402,712.71,765.95,24895.05,17135.5,16369.55,67.8415,0.1685,0.0,-765.95,0.0,6.8165,0.0,-765.95,0.0,6.8165,1.0,0.0,0.0,0.0,0.0
1403,712.99,772.65,24857.5,17069.9,16297.25,67.666,0.1696,0.0,-772.65,0.0,6.8165,0.0,-772.65,0.0,6.8165,1.0,0.0,0.0,0.0,0.0
1404,713.26,768.85,24340.35,16815.8,16046.95,68.0778,0.167,0.0,-768.85,0.0,6.8165,0.0,-768.85,0.0,6.8165,1.0,0.0,0.0,0.0,0.0
1405,713.54,771.15,24171.05,16881.25,16110.1,68.8469,0.1621,0.0,-771.15,0.0,6.8165,0.0,-771.15,0.0,6.8165,1.0,0.0,0.0,0.0,0.0
1406,713.81,765.9,23966.3,16957.95,16192.05,69.7921,0.1562,0.0,-765.9,0.0,6.8165,0.0,-765.9,0.0,6.8165,1.0,0.0,0.0,0.0,0.0
1407,714.09,777.9,23585.6,16657.7,15879.8,69.6247,0.1572,0.0,-777.9,0.0,6.8165,0.0,-777.9,0.0,6.8165,1.0,0.0,0.0,0.0,0.0
1408,714.36,773.55,23189.75,16327.7,15554.15,69.388,0.1587,0.0,-773.55,0.0,6.8165,0.0,-773.55,0.0,6.8165,1.0,0.0,0.0,0.0,0.0
1409,714.64,775.4,23220.0,16383.35,15607.95,69.5399,0.1578,0.0,-775.4,0.0,6.8165,0.0,-775.4,0.0,6.8165,1.0,0.0,0.0,0.0,0.0
1410,714.92,773.0,22984.55,16376.15,15603.15,70.2479,0.1534,0.0,-773.0,0.0,6.8165,0.0,-773.0,0.0,6.8165,1.0,0.0,0.0,0.0,0.0
1411,715.19,763.7,22829.15,16444.0,15680.3,71.0627,0.1484,0.0,-763.7,0.0,6.8165,0.0,-763.7,0.0,6.8165,1.0,0.0,0.0,0.0,0.0
1412,715.47,760.5,22466.25,16268.85,15508.35,71.4481,0.146,0.0,-760.5,0.0,6.8165,0.0,-760.5,0.0,6.8165,1.0,0.0,0.0,0.0,0.0
1413,715.74,769.85,21814.05,15995.7,15225.85,72.3518,0.1406,0.0,-769.85,0.0,6.8165,0.0,-769.85,0.0,6.8165,1.0,0.0,0.0,0.0,0.0
1414,716.02,765.75,21319.35,15774.2,15008.45,73.021,0.1366,0.0,-765.75,0.0,6.8165,0.0,-765.75,0.0,6.8165,1.0,0.0,0.0,0.0,0.0
1415,716.29,777.2,21279.45,15616.7,14839.5,72.3799,0.1404,0.0,-777.2,0.0,6.8165,0.0,-777.2,0.0,6.8165,1.0,0.0,0.0,0.0,0.0
1416,716.57,778.45,21095.25,15578.1,14799.65,72.8444,0.1376,0.0,-778.45,0.0,6.8165,0.0,-778.45,0.0,6.8165,1.0,0.0,0.0,0.0,0.0
1417,716.84,754.1,20920.2,15505.85,14751.75,73.1512,0.1358,0.0,-754.1,0.0,6.8165,0.0,-754.1,0.0,6.8165,1.0,0.0,0.0,0.0,0.0
1418,717.12,769.4,20818.15,15527.95,14758.55,73.6133,0.133,0.0,-769.4,0.0,6.8165,0.0,-769.4,0.0,6.8165,1.0,0.0,0.0,0.0,0.0
1419,717.39,768.85,20419.75,15451.25,14682.4,74.7162,0.1266,0.0,-768.85,0.0,6.8165,0.0,-768.85,0.0,6.8165,1.0,0.0,0.0,0.0,0.0
1420,717.66,778.45,19809.5,15185.8,14407.35,75.7044,0.1209,0.0,-778.45,0.0,6.8165,0.0,-778.45,0.0,6.8165,1.0,0.0,0.0,0.0,0.0
1421,717.94,757.6,19432.3,14861.35,14103.75,75.5233,0.1219,0.0,-757.6,0.0,6.8165,0.0,-757.6,0.0,6.8165,1.0,0.0,0.0,0.0,0.0
1422,718.21,762.75,19309.4,14868.8,14106.05,76.0571,0.1189,0.0,-762.75,0.0,6.8165,0.0,-762.75,0.0,6.8165,1.0,0.0,0.0,0.0,0.0
1423,718.49,768.35,18917.55,14391.15,13622.8,75.0601,0.1246,0.0,-768.35,0.0,6.8165,0.0,-768.35,0.0,6.8165,1.0,0.0,0.0,0.0,0.0
1424,718.76,769.75,18657.9,14270.85,13501.1,75.4751,0.1222,0.0,-769.75,0.0,6.8165,0.0,-769.75,0.0,6.8165,1.0,0.0,0.0,0.0,0.0
1425,719.03,779.45,18579.65,14189.7,13410.25,75.3376,0.123,0.0,-779.45,0.0,6.8165,0.0,-779.45,0.0,6.8165,1.0,0.0,0.0,0.0,0.0
1426,719.31,761.7,18527.95,14235.7,13474.0,75.8404,0.1201,0.0,-761.7,0.0,6.8165,0.0,-761.7,0.0,6.8165,1.0,0.0,0.0,0.0,0.0
1427,719.58,757.8,18050.3,13872.45,13114.65,75.8401,0.1201,0.0,-757.8,0.0,6.8165,0.0,-757.8,0.0,6.8165,1.0,0.0,0.0,0.0,0.0
1428,719.86,766.3,17603.85,13616.9,12850.6,76.3211,0.1174,0.0,-766.3,0.0,6.8165,0.0,-766.3,0.0,6.8165,1.0,0.0,0.0,0.0,0.0
1429,720.13,767.05,17196.05,13246.3,12479.25,75.9587,0.1194,0.0,-767.05,0.0,6.8165,0.0,-767.05,0.0,6.8165,1.0,0.0,0.0,0.0,0.0
1430,720.4,767.2,16886.25,13159.8,12392.6,76.8817,0.1142,0.0,-767.2,0.0,6.8165,0.0,-767.2,0.0,6.8165,1.0,0.0,0.0,0.0,0.0
1431,720.68,778.45,16696.3,13064.3,12285.85,77.1828,0.1125,0.0,-778.45,0.0,6.8165,0.0,-778.45,0.0,6.8165,1.0,0.0,0.0,0.0,0.0
1432,720.95,768.25,16284.4,12812.1,12043.85,77.6214,0.11,0.0,-768.25,0.0,6.8165,0.0,-768.25,0.0,6.8165,1.0,0.0,0.0,0.0,0.0
1433,721.22,754.9,15920.5,12609.95,11855.05,78.1707,0.107,0.0,-754.9,0.0,6.8165,0.0,-754.9,0.0,6.8165,1.0,0.0,0.0,0.0,0.0
1434,721.5,751.95,15526.9,12257.55,11505.6,77.8723,0.1086,0.0,-751.95,0.0,6.8165,0.0,-751.95,0.0,6.8165,1.0,0.0,0.0,0.0,0.0
1435,721.77,763.0,15378.85,12154.6,11391.6,77.94,0.1082,0.0,-763.0,0.0,6.8165,0.0,-763.0,0.0,6.8165,1.0,0.0,0.0,0.0,0.0
1436,722.04,754.9,15099.6,11921.65,11166.75,77.8458,0.1088,0.0,-754.9,0.0,6.8165,0.0,-754.9,0.0,6.8165,1.0,0.0,0.0,0.0,0.0
1437,722.31,768.95,14942.85,11935.7,11166.75,78.7839,0.1036,0.0,-768.95,0.0,6.8165,0.0,-768.95,0.0,6.8165,1.0,0.0,0.0,0.0,0.0
1438,722.59,767.0,14992.9,11928.85,11161.85,78.4615,0.1053,0.0,-767.0,0.0,6.8165,0.0,-767.0,0.0,6.8165,1.0,0.0,0.0,0.0,0.0
1439,722.86,761.75,14740.5,11814.7,11052.95,79.0697,0.102,0.0,-761.75,0.0,6.8165,0.0,-761.75,0.0,6.8165,1.0,0.0,0.0,0.0,0.0
1440,723.13,754.1,14305.65,11477.6,10723.5,79.1312,0.1017,0.0,-754.1,0.0,6.8165,0.0,-754.1,0.0,6.8165,1.0,0.0,0.0,0.0,0.0
1441,723.4,770.8,14171.35,11461.8,10691.0,79.7803,0.0981,0.0,-770.8,0.0,6.8165,0.0,-770.8,0.0,6.8165,1.0,0.0,0.0,0.0,0.0
1442,723.68,755.05,14113.35,11489.6,10734.55,80.3587,0.095,0.0,-755.05,0.0,6.8165,0.0,-755.05,0.0,6.8165,1.0,0.0,0.0,0.0,0.0
1443,723.95,766.55,13780.55,11325.4,10558.85,81.1345,0.0908,0.0,-766.55,0.0,6.8165,0.0,-766.55,0.0,6.8165,1.0,0.0,0.0,0.0,0.0
1444,724.22,778.6,13183.7,10966.55,10187.95,82.1271,0.0855,0.0,-778.6,0.0,6.8165,0.0,-778.6,0.0,6.8165,1.0,0.0,0.0,0.0,0.0
1445,724.49,760.7,13165.1,10760.35,9999.65,80.6137,0.0936,0.0,-760.7,0.0,6.8165,0.0,-760.7,0.0,6.8165,1.0,0.0,0.0,0.0,0.0
1446,724.76,752.15,12898.75,10643.15,9891.0,81.4302,0.0892,0.0,-752.15,0.0,6.8165,0.0,-752.15,0.0,6.8165,1.0,0.0,0.0,0.0,0.0
1447,725.04,755.75,12863.55,10594.85,9839.1,81.2625,0.0901,0.0,-755.75,0.0,6.8165,0.0,-755.75,0.0,6.8165,1.0,0.0,0.0,0.0,0.0
1448,725.31,778.4,12632.7,10409.55,9631.15,81.246,0.0902,0.0,-778.4,0.0,6.8165,0.0,-778.4,0.0,6.8165,1.0,0.0,0.0,0.0,0.0
1449,725.58,760.1,12302.6,10268.35,9508.25,82.376,0.0842,0.0,-760.1,0.0,6.8165,0.0,-760.1,0.0,6.8165,1.0,0.0,0.0,0.0,0.0
1450,725.85,767.3,12099.05,10176.6,9409.3,83.0348,0.0807,0.0,-767.3,0.0,6.8165,0.0,-767.3,0.0,6.8165,1.0,0.0,0.0,0.0,0.0
1451,726.12,757.6,12120.4,10129.7,9372.1,82.4806,0.0836,0.0,-757.6,0.0,6.8165,0.0,-757.6,0.0,6.8165,1.0,0.0,0.0,0.0,0.0
1452,726.39,761.25,12095.25,10286.2,9524.95,84.0387,0.0755,0.0,-761.25,0.0,6.8165,0.0,-761.25,0.0,6.8165,1.0,0.0,0.0,0.0,0.0
1453,726.66,769.95,12059.9,10210.3,9440.35,83.6173,0.0777,0.0,-769.95,0.0,6.8165,0.0,-769.95,0.0,6.8165,1.0,0.0,0.0,0.0,0.0
1454,726.93,759.95,11943.65,10053.65,9293.7,83.1004,0.0804,0.0,-759.95,0.0,6.8165,0.0,-759.95,0.0,6.8165,1.0,0.0,0.0,0.0,0.0
1455,727.21,772.4,11713.95,9810.7,9038.3,82.6053,0.083,0.0,-772.4,0.0,6.8165,0.0,-772.4,0.0,6.8165,1.0,0.0,0.0,0.0,0.0
1456,727.48,759.25,11682.0,9725.1,8965.85,82.0842,0.0857,0.0,-759.25,0.0,6.8165,0.0,-759.25,0.0,6.8165,1.0,0.0,0.0,0.0,0.0
1457,727.75,761.75,11765.2,9847.75,9086.0,82.5741,0.0832,0.0,-761.75,0.0,6.8165,0.0,-761.75,0.0,6.8165,1.0,0.0,0.0,0.0,0.0
1458,728.02,770.85,11575.85,9731.15,8960.3,82.9273,0.0813,0.0,-770.85,0.0,6.8165,0.0,-770.85,0.0,6.8165,1.0,0.0,0.0,0.0,0.0
1459,728.29,754.2,11758.35,9889.9,9135.7,83.0205,0.0808,0.0,-754.2,0.0,6.8165,0.0,-754.2,0.0,6.8165,1.0,0.0,0.0,0.0,0.0
1460,728.56,763.45,11545.05,9769.25,9005.8,83.5293,0.0782,0.0,-763.45,0.0,6.8165,0.0,-763.45,0.0,6.8165,1.0,0.0,0.0,0.0,0.0
1461,728.83,766.05,11430.2,9669.3,8903.25,83.4877,0.0784,0.0,-766.05,0.0,6.8165,0.0,-766.05,0.0,6.8165,1.0,0.0,0.0,0.0,0.0
1462,729.1,758.7,11272.45,9469.9,8711.2,82.8553,0.0817,0.0,-758.7,0.0,6.8165,0.0,-758.7,0.0,6.8165,1.0,0.0,0.0,0.0,0.0
1463,729.37,764.3,11218.6,9414.6,8650.3,82.7439,0.0823,0.0,-764.3,0.0,6.8165,0.0,-764.3,0.0,6.8165,1.0,0.0,0.0,0.0,0.0
1464,729.64,762.95,11079.45,9385.5,8622.55,83.5802,0.0779,0.0,-762.95,0.0,6.8165,0.0,-762.95,0.0,6.8165,1.0,0.0,0.0,0.0,0.0
1465,729.91,769.9,10978.2,9389.25,8619.35,84.4347,0.0735,0.0,-769.9,0.0,6.8165,0.0,-769.9,0.0,6.8165,1.0,0.0,0.0,0.0,0.0
1466,730.18,766.85,10989.5,9397.6,8630.75,84.4277,0.0735,0.0,-766.85,0.0,6.8165,0.0,-766.85,0.0,6.8165,1.0,0.0,0.0,0.0,0.0
1467,730.45,770.1,10881.25,9285.25,8515.15,84.2154,0.0746,0.0,-770.1,0.0,6.8165,0.0,-770.1,0.0,6.8165,1.0,0.0,0.0,0.0,0.0
1468,730.72,764.35,10853.55,9295.35,8531.0,84.5558,0.0729,0.0,-764.35,0.0,6.8165,0.0,-764.35,0.0,6.8165,1.0,0.0,0.0,0.0,0.0
1469,730.99,762.3,10696.95,9175.8,8413.5,84.6884,0.0722,0.0,-762.3,0.0,6.8165,0.0,-762.3,0.0,6.8165,1.0,0.0,0.0,0.0,0.0
1470,731.26,766.6,10791.05,9192.95,8426.35,84.058,0.0754,0.0,-766.6,0.0,6.8165,0.0,-766.6,0.0,6.8165,1.0,0.0,0.0,0.0,0.0
1471,731.53,775.05,10961.8,9437.1,8662.05,85.0325,0.0704,0.0,-775.05,0.0,6.8165,0.0,-775.05,0.0,6.8165,1.0,0.0,0.0,0.0,0.0
1472,731.8,769.1,10964.95,9517.6,8748.5,85.8045,0.0665,0.0,-769.1,0.0,6.8165,0.0,-769.1,0.0,6.8165,1.0,0.0,0.0,0.0,0.0
1473,732.06,760.55,10827.0,9519.65,8759.1,87.0128,0.0604,0.0,-760.55,0.0,6.8165,0.0,-760.55,0.0,6.8165,1.0,0.0,0.0,0.0,0.0
1474,732.33,759.75,10918.15,9588.25,8828.5,86.9084,0.0609,0.0,-759.75,0.0,6.8165,0.0,-759.75,0.0,6.8165,1.0,0.0,0.0,0.0,0.0
1475,732.6,752.55,10895.55,9465.8,8713.25,85.9041,0.066,0.0,-752.55,0.0,6.8165,0.0,-752.55,0.0,6.8165,1.0,0.0,0.0,0.0,0.0
1476,732.87,776.05,10927.05,9617.6,8841.55,87.1003,0.06,0.0,-776.05,0.0,6.8165,0.0,-776.05,0.0,6.8165,1.0,0.0,0.0,0.0,0.0
1477,733.14,764.6,11021.85,9628.6,8864.0,86.4169,0.0634,0.0,-764.6,0.0,6.8165,0.0,-764.6,0.0,6.8165,1.0,0.0,0.0,0.0,0.0
1478,733.41,775.6,11077.25,9760.65,8985.05,87.2195,0.0594,0.0,-775.6,0.0,6.8165,0.0,-775.6,0.0,6.8165,1.0,0.0,0.0,0.0,0.0
1479,733.68,773.3,10991.4,9712.75,8939.45,87.4864,0.0581,0.0,-773.3,0.0,6.8165,0.0,-773.3,0.0,6.8165,1.0,0.0,0.0,0.0,0.0
1480,733.95,759.9,10918.6,9597.2,8837.3,86.9924,0.0605,0.0,-759.9,0.0,6.8165,0.0,-759.9,0.0,6.8165,1.0,0.0,0.0,0.0,0.0
1481,734.21,770.15,10757.4,9446.9,8676.75,86.8783,0.0611,0.0,-770.15,0.0,6.8165,0.0,-770.15,0.0,6.8165,1.0,0.0,0.0,0.0,0.0
1482,734.48,765.55,10672.3,9290.95,8525.4,86.0565,0.0652,0.0,-765.55,0.0,6.8165,0.0,-765.55,0.0,6.8165,1.0,0.0,0.0,0.0,0.0
1483,734.75,766.15,10396.4,9067.1,8300.95,86.1966,0.0645,0.0,-766.15,0.0,6.8165,0.0,-766.15,0.0,6.8165,1.0,0.0,0.0,0.0,0.0
1484,735.02,761.75,10344.35,9006.9,8245.15,86.0429,0.0653,0.0,-761.75,0.0,6.8165,0.0,-761.75,0.0,6.8165,1.0,0.0,0.0,0.0,0.0
1485,735.29,772.05,10162.85,8913.0,8140.95,86.6907,0.062,0.0,-772.05,0.0,6.8165,0.0,-772.05,0.0,6.8165,1.0,0.0,0.0,0.0,0.0
1486,735.55,774.5,9779.65,8588.9,7814.4,86.777,0.0616,0.0,-774.5,0.0,6.8165,0.0,-774.5,0.0,6.8165,1.0,0.0,0.0,0.0,0.0
1487,735.82,767.8,9533.5,8445.95,7678.15,87.5931,0.0575,0.0,-767.8,0.0,6.8165,0.0,-767.8,0.0,6.8165,1.0,0.0,0.0,0.0,0.0
1488,736.09,756.95,9251.15,8226.8,7469.85,87.9406,0.0558,0.0,-756.95,0.0,6.8165,0.0,-756.95,0.0,6.8165,1.0,0.0,0.0,0.0,0.0
1489,736.36,756.45,9194.15,8173.2,7416.75,87.9001,0.056,0.0,-756.45,0.0,6.8165,0.0,-756.45,0.0,6.8165,1.0,0.0,0.0,0.0,0.0
1490,736.62,777.5,9016.1,7972.95,7195.45,87.3383,0.0588,0.0,-777.5,0.0,6.8165,0.0,-777.5,0.0,6.8165,1.0,0.0,0.0,0.0,0.0
1491,736.89,746.75,8953.25,7882.6,7135.85,86.9536,0.0607,0.0,-746.75,0.0,6.8165,0.0,-746.75,0.0,6.8165,1.0,0.0,0.0,0.0,0.0
1492,737.16,765.0,8785.45,7807.5,7042.5,87.8068,0.0565,0.0,-765.0,0.0,6.8165,0.0,-765.0,0.0,6.8165,1.0,0.0,0.0,0.0,0.0
1493,737.43,759.7,8690.8,7692.7,6933.0,87.4154,0.0584,0.0,-759.7,0.0,6.8165,0.0,-759.7,0.0,6.8165,1.0,0.0,0.0,0.0,0.0
1494,737.69,773.65,8673.75,7606.7,6833.05,86.4932,0.063,0.0,-773.65,0.0,6.8165,0.0,-773.65,0.0,6.8165,1.0,0.0,0.0,0.0,0.0
1495,737.96,773.45,8492.1,7426.3,6652.85,86.1919,0.0645,0.0,-773.45,0.0,6.8165,0.0,-773.45,0.0,6.8165,1.0,0.0,0.0,0.0,0.0
1496,738.23,776.45,8225.2,7293.3,6516.85,87.4892,0.058,0.0,-776.45,0.0,6.8165,0.0,-776.45,0.0,6.8165,1.0,0.0,0.0,0.0,0.0
1497,738.49,765.4,8069.65,7150.75,6385.35,87.4197,0.0584,0.0,-765.4,0.0,6.8165,0.0,-765.4,0.0,6.8165,1.0,0.0,0.0,0.0,0.0
1498,738.76,777.2,7956.75,7076.2,6299.0,87.7353,0.0568,0.0,-777.2,0.0,6.8165,0.0,-777.2,0.0,6.8165,1.0,0.0,0.0,0.0,0.0
1499,739.03,759.5,7982.25,7069.95,6310.45,87.3691,0.0586,0.0,-759.5,0.0,6.8165,0.0,-759.5,0.0,6.8165,1.0,0.0,0.0,0.0,0.0
1500,739.29,775.65,7830.1,6946.8,6171.15,87.4788,0.0581,0.0,-775.65,0.0,6.8165,0.0,-775.65,0.0,6.8165,1.0,0.0,0.0,0.0,0.0
1501,739.56,774.65,7702.55,6876.25,6101.6,88.0729,0.0552,0.0,-774.65,0.0,6.8165,0.0,-774.65,0.0,6.8165,1.0,0.0,0.0,0.0,0.0
1502,739.83,774.75,7582.35,6830.75,6056.0,88.9594,0.0508,0.0,-774.75,0.0,6.8165,0.0,-774.75,0.0,6.8165,1.0,0.0,0.0,0.0,0.0
1503,740.09,755.3,7503.25,6750.55,5995.25,88.8455,0.0514,0.0,-755.3,0.0,6.8165,0.0,-755.3,0.0,6.8165,1.0,0.0,0.0,0.0,0.0
1504,740.36,753.65,7511.2,6771.2,6017.55,89.0493,0.0504,0.0,-753.65,0.0,6.8165,0.0,-753.65,0.0,6.8165,1.0,0.0,0.0,0.0,0.0
1505,740.62,763.65,7346.75,6599.95,5836.3,88.6558,0.0523,0.0,-763.65,0.0,6.8165,0.0,-763.65,0.0,6.8165,1.0,0.0,0.0,0.0,0.0
1506,740.89,777.7,7313.6,6535.45,5757.75,88.0942,0.0551,0.0,-777.7,0.0,6.8165,0.0,-777.7,0.0,6.8165,1.0,0.0,0.0,0.0,0.0
1507,741.16,776.6,7256.25,6508.5,5731.9,88.46,0.0533,0.0,-776.6,0.0,6.8165,0.0,-776.6,0.0,6.8165,1.0,0.0,0.0,0.0,0.0
1508,741.42,766.2,7025.6,6277.4,5511.2,88.0468,0.0553,0.0,-766.2,0.0,6.8165,0.0,-766.2,0.0,6.8165,1.0,0.0,0.0,0.0,0.0
1509,741.69,766.65,6784.85,6081.25,5314.6,88.3088,0.054,0.0,-766.65,0.0,6.8165,0.0,-766.65,0.0,6.8165,1.0,0.0,0.0,0.0,0.0
1510,741.95,776.05,6690.45,6011.8,5235.75,88.5255,0.0529,0.0,-776.05,0.0,6.8165,0.0,-776.05,0.0,6.8165,1.0,0.0,0.0,0.0,0.0
1511,742.22,758.35,6580.4,5853.4,5095.05,87.513,0.0579,0.0,-758.35,0.0,6.8165,0.0,-758.35,0.0,6.8165,1.0,0.0,0.0,0.0,0.0
1512,742.48,771.2,6365.7,5705.95,4934.75,88.2072,0.0545,0.0,-771.2,0.0,6.8165,0.0,-771.2,0.0,6.8165,1.0,0.0,0.0,0.0,0.0
1513,742.75,771.05,6216.3,5526.95,4755.9,87.3403,0.0588,0.0,-771.05,0.0,6.8165,0.0,-771.05,0.0,6.8165,1.0,0.0,0.0,0.0,0.0
1514,743.01,768.25,6047.4,5367.45,4599.2,87.1201,0.0599,0.0,-768.25,0.0,6.8165,0.0,-768.25,0.0,6.8165,1.0,0.0,0.0,0.0,0.0
1515,743.28,770.3,5978.1,5236.45,4466.15,85.7589,0.0667,0.0,-770.3,0.0,6.8165,0.0,-770.3,0.0,6.8165,1.0,0.0,0.0,0.0,0.0
1516,743.54,775.55,5797.15,5150.6,4375.05,87.1246,0.0599,0.0,-775.55,0.0,6.8165,0.0,-775.55,0.0,6.8165,1.0,0.0,0.0,0.0,0.0
1517,743.81,761.15,5659.25,5040.95,4279.8,87.3767,0.0586,0.0,-761.15,0.0,6.8165,0.0,-761.15,0.0,6.8165,1.0,0.0,0.0,0.0,0.0
1518,744.07,767.95,5550.05,4960.2,4192.25,87.6655,0.0572,0.0,-767.95,0.0,6.8165,0.0,-767.95,0.0,6.8165,1.0,0.0,0.0,0.0,0.0
1519,744.34,767.25,5447.15,4828.55,4061.3,86.7818,0.0616,0.0,-767.25,0.0,6.8165,0.0,-767.25,0.0,6.8165,1.0,0.0,0.0,0.0,0.0
1520,744.6,759.45,5292.65,4673.05,3913.6,86.332,0.0638,0.0,-759.45,0.0,6.8165,0.0,-759.45,0.0,6.8165,1.0,0.0,0.0,0.0,0.0
1521,744.87,758.4,5154.6,4585.5,3827.1,87.0547,0.0602,0.0,-758.4,0.0,6.8165,0.0,-758.4,0.0,6.8165,1.0,0.0,0.0,0.0,0.0
1522,745.13,767.25,5044.5,4449.2,3681.95,86.0822,0.0651,0.0,-767.25,0.0,6.8165,0.0,-767.25,0.0,6.8165,1.0,0.0,0.0,0.0,0.0
1523,745.39,758.05,4863.15,4300.25,3542.2,86.2878,0.0641,0.0,-758.05,0.0,6.8165,0.0,-758.05,0.0,6.8165,1.0,0.0,0.0,0.0,0.0
1524,745.66,770.95,4766.3,4147.65,3376.7,84.5157,0.0731,0.0,-770.95,0.0,6.8165,0.0,-770.95,0.0,6.8165,1.0,0.0,0.0,0.0,0.0
1525,745.92,760.4,4661.05,4111.75,3351.35,85.9177,0.0659,0.0,-760.4,0.0,6.8165,0.0,-760.4,0.0,6.8165,1.0,0.0,0.0,0.0,0.0
1526,746.19,748.45,4489.65,3968.3,3219.85,86.0646,0.0652,0.0,-748.45,0.0,6.8165,0.0,-748.45,0.0,6.8165,1.0,0.0,0.0,0.0,0.0
1527,746.45,760.05,4355.85,3889.8,3129.75,87.039,0.0603,0.0,-760.05,0.0,6.8165,0.0,-760.05,0.0,6.8165,1.0,0.0,0.0,0.0,0.0
1528,746.71,774.55,4287.5,3804.55,3030.0,86.2523,0.0642,0.0,-774.55,0.0,6.8165,0.0,-774.55,0.0,6.8165,1.0,0.0,0.0,0.0,0.0
1529,746.98,765.65,4181.25,3722.9,2957.25,86.5807,0.0626,0.0,-765.65,0.0,6.8165,0.0,-765.65,0.0,6.8165,1.0,0.0,0.0,0.0,0.0
1530,747.24,773.25,4083.4,3641.65,2868.4,86.6547,0.0622,0.0,-773.25,0.0,6.8165,0.0,-773.25,0.0,6.8165,1.0,0.0,0.0,0.0,0.0
1531,747.5,770.9,4047.4,3583.2,2812.3,85.8324,0.0663,0.0,-770.9,0.0,6.8165,0.0,-770.9,0.0,6.8165,1.0,0.0,0.0,0.0,0.0
1532,747.77,772.95,3949.7,3519.9,2746.95,86.4704,0.0631,0.0,-772.95,0.0,6.8165,0.0,-772.95,0.0,6.8165,1.0,0.0,0.0,0.0,0.0
1533,748.03,755.5,3880.55,3479.05,2723.55,87.1522,0.0597,0.0,-755.5,0.0,6.8165,0.0,-755.5,0.0,6.8165,1.0,0.0,0.0,0.0,0.0
1534,748.29,765.0,3783.45,3332.75,2567.75,85.0685,0.0702,0.0,-765.0,0.0,6.8165,0.0,-765.0,0.0,6.8165,1.0,0.0,0.0,0.0,0.0
1535,748.56,764.8,3700.6,3272.35,2507.55,85.4128,0.0685,0.0,-764.8,0.0,6.8165,0.0,-764.8,0.0,6.8165,1.0,0.0,0.0,0.0,0.0
1536,748.82,771.6,3638.35,3216.25,2444.65,85.276,0.0692,0.0,-771.6,0.0,6.8165,0.0,-771.6,0.0,6.8165,1.0,0.0,0.0,0.0,0.0
1537,749.08,769.05,3562.5,3152.7,2383.65,85.33,0.0689,0.0,-769.05,0.0,6.8165,0.0,-769.05,0.0,6.8165,1.0,0.0,0.0,0.0,0.0
1538,749.34,762.85,3450.45,3084.45,2321.6,86.3819,0.0636,0.0,-762.85,0.0,6.8165,0.0,-762.85,0.0,6.8165,1.0,0.0,0.0,0.0,0.0
1539,749.61,777.15,3461.95,3094.1,2316.95,86.2988,0.064,0.0,-777.15,0.0,6.8165,0.0,-777.15,0.0,6.8165,1.0,0.0,0.0,0.0,0.0
1540,749.87,772.7,3447.2,3078.45,2305.75,86.2124,0.0644,0.0,-772.7,0.0,6.8165,0.0,-772.7,0.0,6.8165,1.0,0.0,0.0,0.0,0.0
1541,750.13,753.85,3366.85,3003.9,2250.05,86.1098,0.0649,0.0,-753.85,0.0,6.8165,0.0,-753.85,0.0,6.8165,1.0,0.0,0.0,0.0,0.0
1542,750.39,764.55,3273.15,2925.5,2160.95,86.1417,0.0648,0.0,-764.55,0.0,6.8165,0.0,-764.55,0.0,6.8165,1.0,0.0,0.0,0.0,0.0
1543,750.65,758.6,3253.8,2910.8,2152.2,86.2536,0.0642,0.0,-758.6,0.0,6.8165,0.0,-758.6,0.0,6.8165,1.0,0.0,0.0,0.0,0.0
1544,750.92,767.75,3175.75,2859.3,2091.55,86.8584,0.0612,0.0,-767.75,0.0,6.8165,0.0,-767.75,0.0,6.8165,1.0,0.0,0.0,0.0,0.0
1545,751.18,765.35,3132.15,2785.1,2019.75,85.3367,0.0689,0.0,-765.35,0.0,6.8165,0.0,-765.35,0.0,6.8165,1.0,0.0,0.0,0.0,0.0
1546,751.44,757.65,3096.25,2736.6,1978.95,84.6211,0.0725,0.0,-757.65,0.0,6.8165,0.0,-757.65,0.0,6.8165,1.0,0.0,0.0,0.0,0.0
1547,751.7,761.65,3028.95,2690.65,1929.0,85.0792,0.0702,0.0,-761.65,0.0,6.8165,0.0,-761.65,0.0,6.8165,1.0,0.0,0.0,0.0,0.0
1548,751.96,766.95,2968.2,2621.85,1854.9,84.2658,0.0743,0.0,-766.95,0.0,6.8165,0.0,-766.95,0.0,6.8165,1.0,0.0,0.0,0.0,0.0
1549,752.23,752.1,2940.75,2586.45,1834.35,83.8119,0.0767,0.0,-752.1,0.0,6.8165,0.0,-752.1,0.0,6.8165,1.0,0.0,0.0,0.0,0.0
1550,752.49,758.3,2884.25,2571.2,1812.9,85.2748,0.0692,0.0,-758.3,0.0,6.8165,0.0,-758.3,0.0,6.8165,1.0,0.0,0.0,0.0,0.0
1551,752.75,772.85,2838.3,2540.9,1768.05,85.6012,0.0675,0.0,-772.85,0.0,6.8165,0.0,-772.85,0.0,6.8165,1.0,0.0,0.0,0.0,0.0
1552,753.01,776.2,2805.75,2486.75,1710.55,84.2822,0.0743,0.0,-776.2,0.0,6.8165,0.0,-776.2,0.0,6.8165,1.0,0.0,0.0,0.0,0.0
1553,753.27,776.05,2769.9,2461.3,1685.25,84.5224,0.073,0.0,-776.05,0.0,6.8165,0.0,-776.05,0.0,6.8165,1.0,0.0,0.0,0.0,0.0
1554,753.53,758.15,2735.35,2468.3,1710.15,86.4935,0.063,0.0,-758.15,0.0,6.8165,0.0,-758.15,0.0,6.8165,1.0,0.0,0.0,0.0,0.0
1555,753.79,750.1,2746.2,2438.1,1688.0,84.5649,0.0728,0.0,-750.1,0.0,6.8165,0.0,-750.1,0.0,6.8165,1.0,0.0,0.0,0.0,0.0
1556,754.05,778.3,2713.25,2385.7,1607.4,83.0719,0.0805,0.0,-778.3,0.0,6.8165,0.0,-778.3,0.0,6.8165,1.0,0.0,0.0,0.0,0.0
1557,754.31,769.95,2652.05,2352.45,1582.5,84.0816,0.0753,0.0,-769.95,0.0,6.8165,0.0,-769.95,0.0,6.8165,1.0,0.0,0.0,0.0,0.0
1558,754.57,763.7,2636.45,2320.2,1556.5,83.1131,0.0803,0.0,-763.7,0.0,6.8165,0.0,-763.7,0.0,6.8165,1.0,0.0,0.0,0.0,0.0
1559,754.84,771.5,2572.15,2270.05,1498.55,83.2227,0.0798,0.0,-771.5,0.0,6.8165,0.0,-771.5,0.0,6.8165,1.0,0.0,0.0,0.0,0.0
1560,755.1,777.05,2550.35,2260.9,1483.85,83.6773,0.0774,0.0,-777.05,0.0,6.8165,0.0,-777.05,0.0,6.8165,1.0,0.0,0.0,0.0,0.0
1561,755.36,756.75,2555.6,2248.55,1491.8,82.9308,0.0813,0.0,-756.75,0.0,6.8165,0.0,-756.75,0.0,6.8165,1.0,0.0,0.0,0.0,0.0
1562,755.62,768.8,2524.95,2231.05,1462.25,83.2645,0.0795,0.0,-768.8,0.0,6.8165,0.0,-768.8,0.0,6.8165,1.0,0.0,0.0,0.0,0.0
1563,755.88,755.05,2488.95,2226.35,1471.3,84.855,0.0713,0.0,-755.05,0.0,6.8165,0.0,-755.05,0.0,6.8165,1.0,0.0,0.0,0.0,0.0
1564,756.14,765.25,2469.6,2191.45,1426.2,83.68,0.0774,0.0,-765.25,0.0,6.8165,0.0,-765.25,0.0,6.8165,1.0,0.0,0.0,0.0,0.0
1565,756.4,779.3,2463.95,2139.35,1360.05,80.7319,0.093,0.0,-779.3,0.0,6.8165,0.0,-779.3,0.0,6.8165,1.0,0.0,0.0,0.0,0.0
1566,756.66,764.65,2441.95,2148.05,1383.4,82.4778,0.0837,0.0,-764.65,0.0,6.8165,0.0,-764.65,0.0,6.8165,1.0,0.0,0.0,0.0,0.0
1567,756.92,755.4,2405.75,2112.6,1357.2,82.2371,0.0849,0.0,-755.4,0.0,6.8165,0.0,-755.4,0.0,6.8165,1.0,0.0,0.0,0.0,0.0
1568,757.18,782.85,2373.4,2090.1,1307.25,82.1886,0.0852,0.0,-782.85,0.0,6.8165,0.0,-782.85,0.0,6.8165,1.0,0.0,0.0,0.0,0.0
1569,757.43,770.6,2353.9,2115.8,1345.2,84.9618,0.0708,0.0,-770.6,0.0,6.8165,0.0,-770.6,0.0,6.8165,1.0,0.0,0.0,0.0,0.0
1570,757.69,779.35,2379.15,2127.8,1348.45,84.2887,0.0742,0.0,-779.35,0.0,6.8165,0.0,-779.35,0.0,6.8165,1.0,0.0,0.0,0.0,0.0
1571,757.95,769.4,2416.35,2117.25,1347.85,81.8392,0.087,0.0,-769.4,0.0,6.8165,0.0,-769.4,0.0,6.8165,1.0,0.0,0.0,0.0,0.0
1572,758.21,771.0,2383.7,2135.85,1364.85,84.6314,0.0725,0.0,-771.0,0.0,6.8165,0.0,-771.0,0.0,6.8165,1.0,0.0,0.0,0.0,0.0
1573,758.47,769.65,2367.75,2091.85,1322.2,82.7357,0.0823,0.0,-769.65,0.0,6.8165,0.0,-769.65,0.0,6.8165,1.0,0.0,0.0,0.0,0.0
1574,758.73,777.0,2311.15,2060.2,1283.2,83.6424,0.0776,0.0,-777.0,0.0,6.8165,0.0,-777.0,0.0,6.8165,1.0,0.0,0.0,0.0,0.0
1575,758.99,761.9,2329.65,2039.3,1277.4,81.4798,0.0889,0.0,-761.9,0.0,6.8165,0.0,-761.9,0.0,6.8165,1.0,0.0,0.0,0.0,0.0
1576,759.25,767.45,2327.5,2064.7,1297.25,83.1544,0.0801,0.0,-767.45,0.0,6.8165,0.0,-767.45,0.0,6.8165,1.0,0.0,0.0,0.0,0.0
1577,759.51,759.5,2339.85,2051.15,1291.65,81.7319,0.0876,0.0,-759.5,0.0,6.8165,0.0,-759.5,0.0,6.8165,1.0,0.0,0.0,0.0,0.0
1578,759.77,771.0,2337.7,2028.05,1257.05,80.2355,0.0956,0.0,-771.0,0.0,6.8165,0.0,-771.0,0.0,6.8165,1.0,0.0,0.0,0.0,0.0
1579,760.02,752.4,2314.5,2033.1,1280.7,81.9858,0.0863,0.0,-752.4,0.0,6.8165,0.0,-752.4,0.0,6.8165,1.0,0.0,0.0,0.0,0.0
1580,760.28,762.35,2348.1,2045.55,1283.2,80.9207,0.0919,0.0,-762.35,0.0,6.8165,0.0,-762.35,0.0,6.8165,1.0,0.0,0.0,0.0,0.0
1581,760.54,768.15,2347.35,2064.75,1296.6,82.1049,0.0856,0.0,-768.15,0.0,6.8165,0.0,-768.15,0.0,6.8165,1.0,0.0,0.0,0.0,0.0
1582,760.8,772.25,2342.65,2053.95,1281.7,81.6161,0.0882,0.0,-772.25,0.0,6.8165,0.0,-772.25,0.0,6.8165,1.0,0.0,0.0,0.0,0.0
1583,761.06,770.45,2309.35,2030.15,1259.7,81.8572,0.0869,0.0,-770.45,0.0,6.8165,0.0,-770.45,0.0,6.8165,1.0,0.0,0.0,0.0,0.0
1584,761.32,755.9,2266.0,2019.9,1264.0,83.7031,0.0773,0.0,-755.9,0.0,6.8165,0.0,-755.9,0.0,6.8165,1.0,0.0,0.0,0.0,0.0
1585,761.57,767.05,2272.85,2003.15,1236.1,82.0893,0.0857,0.0,-767.05,0.0,6.8165,0.0,-767.05,0.0,6.8165,1.0,0.0,0.0,0.0,0.0
1586,761.83,774.15,2272.5,2017.0,1242.85,82.9479,0.0812,0.0,-774.15,0.0,6.8165,0.0,-774.15,0.0,6.8165,1.0,0.0,0.0,0.0,0.0
1587,762.09,772.25,2270.55,2004.45,1232.2,82.2399,0.0849,0.0,-772.25,0.0,6.8165,0.0,-772.25,0.0,6.8165,1.0,0.0,0.0,0.0,0.0
1588,762.35,766.4,2285.15,2025.3,1258.9,82.8905,0.0815,0.0,-766.4,0.0,6.8165,0.0,-766.4,0.0,6.8165,1.0,0.0,0.0,0.0,0.0
1589,762.6,777.3,2296.5,2043.4,1266.1,83.3399,0.0791,0.0,-777.3,0.0,6.8165,0.0,-777.3,0.0,6.8165,1.0,0.0,0.0,0.0,0.0
1590,762.86,773.05,2326.7,2043.85,1270.8,81.7945,0.0873,0.0,-773.05,0.0,6.8165,0.0,-773.05,0.0,6.8165,1.0,0.0,0.0,0.0,0.0
1591,763.12,779.0,2356.4,2081.65,1302.65,82.5821,0.0831,0.0,-779.0,0.0,6.8165,0.0,-779.0,0.0,6.8165,1.0,0.0,0.0,0.0,0.0
1592,763.38,773.35,2360.15,2099.4,1326.05,83.5676,0.078,0.0,-773.35,0.0,6.8165,0.0,-773.35,0.0,6.8165,1.0,0.0,0.0,0.0,0.0
1593,763.63,768.8,2434.55,2140.8,1372.0,82.3653,0.0843,0.0,-768.8,0.0,6.8165,0.0,-768.8,0.0,6.8165,1.0,0.0,0.0,0.0,0.0
1594,763.89,788.45,2513.7,2199.9,1411.45,81.8113,0.0872,0.0,-788.45,0.0,6.8165,0.0,-788.45,0.0,6.8165,1.0,0.0,0.0,0.0,0.0
1595,764.15,765.65,2671.5,2403.95,1638.3,85.9616,0.0657,0.0,-765.65,0.0,6.8165,0.0,-765.65,0.0,6.8165,1.0,0.0,0.0,0.0,0.0
1596,764.4,767.1,2884.65,2561.05,1793.95,84.7182,0.072,0.0,-767.1,0.0,6.8165,0.0,-767.1,0.0,6.8165,1.0,0.0,0.0,0.0,0.0
1597,764.66,754.8,3019.15,2680.05,1925.25,85.0244,0.0705,0.0,-754.8,0.0,6.8165,0.0,-754.8,0.0,6.8165,1.0,0.0,0.0,0.0,0.0
1598,764.92,770.0,3095.3,2778.9,2008.9,86.3932,0.0635,0.0,-770.0,0.0,6.8165,0.0,-770.0,0.0,6.8165,1.0,0.0,0.0,0.0,0.0
1599,765.17,770.6,3160.55,2809.1,2038.5,85.2947,0.0691,0.0,-770.6,0.0,6.8165,0.0,-770.6,0.0,6.8165,1.0,0.0,0.0,0.0,0.0
1600,765.43,766.5,3133.55,2776.6,2010.1,84.92,0.071,0.0,-766.5,0.0,6.8165,0.0,-766.5,0.0,6.8165,1.0,0.0,0.0,0.0,0.0
1601,765.69,764.05,3034.65,2702.0,1937.95,85.3497,0.0688,0.0,-764.05,0.0,6.8165,0.0,-764.05,0.0,6.8165,1.0,0.0,0.0,0.0,0.0
1602,765.94,763.9,2887.45,2579.3,1815.4,85.4889,0.0681,0.0,-763.9,0.0,6.8165,0.0,-763.9,0.0,6.8165,1.0,0.0,0.0,0.0,0.0
1603,766.2,766.3,2751.45,2455.15,1688.85,85.0742,0.0702,0.0,-766.3,0.0,6.8165,0.0,-766.3,0.0,6.8165,1.0,0.0,0.0,0.0,0.0
1604,766.45,763.35,2611.45,2323.1,1559.75,84.3975,0.0737,0.0,-763.35,0.0,6.8165,0.0,-763.35,0.0,6.8165,1.0,0.0,0.0,0.0,0.0
1605,766.71,770.5,2512.4,2228.65,1458.15,83.7103,0.0772,0.0,-770.5,0.0,6.8165,0.0,-770.5,0.0,6.8165,1.0,0.0,0.0,0.0,0.0
1606,766.97,782.3,2410.3,2141.4,1359.1,83.4828,0.0784,0.0,-782.3,0.0,6.8165,0.0,-782.3,0.0,6.8165,1.0,0.0,0.0,0.0,0.0
1607,767.22,760.85,2340.8,2074.2,1313.35,83.126,0.0803,0.0,-760.85,0.0,6.8165,0.0,-760.85,0.0,6.8165,1.0,0.0,0.0,0.0,0.0
1608,767.48,757.8,2243.0,1994.55,1236.75,83.2716,0.0795,0.0,-757.8,0.0,6.8165,0.0,-757.8,0.0,6.8165,1.0,0.0,0.0,0.0,0.0
1609,767.73,776.25,2131.95,1903.75,1127.5,83.1674,0.08,0.0,-776.25,0.0,6.8165,0.0,-776.25,0.0,6.8165,1.0,0.0,0.0,0.0,0.0
1610,767.99,764.4,2093.5,1834.7,1070.3,80.5282,0.0941,0.0,-764.4,0.0,6.8165,0.0,-764.4,0.0,6.8165,1.0,0.0,0.0,0.0,0.0
1611,768.24,780.05,2032.1,1776.95,996.9,79.6214,0.099,0.0,-780.05,0.0,6.8165,0.0,-780.05,0.0,6.8165,1.0,0.0,0.0,0.0,0.0
1612,768.5,769.4,1963.05,1742.2,972.8,81.4979,0.0889,0.0,-769.4,0.0,6.8165,0.0,-769.4,0.0,6.8165,1.0,0.0,0.0,0.0,0.0
1613,768.75,765.55,1941.4,1714.0,948.45,80.6608,0.0933,0.0,-765.55,0.0,6.8165,0.0,-765.55,0.0,6.8165,1.0,0.0,0.0,0.0,0.0
1614,769.01,767.3,1907.85,1682.5,915.2,80.242,0.0956,0.0,-767.3,0.0,6.8165,0.0,-767.3,0.0,6.8165,1.0,0.0,0.0,0.0,0.0
1615,769.26,764.75,1884.0,1651.8,887.05,79.254,0.101,0.0,-764.75,0.0,6.8165,0.0,-764.75,0.0,6.8165,1.0,0.0,0.0,0.0,0.0
1616,769.52,774.5,1849.8,1643.2,868.7,80.7868,0.0927,0.0,-774.5,0.0,6.8165,0.0,-774.5,0.0,6.8165,1.0,0.0,0.0,0.0,0.0
1617,769.77,775.9,1803.3,1594.7,818.8,79.6963,0.0986,0.0,-775.9,0.0,6.8165,0.0,-775.9,0.0,6.8165,1.0,0.0,0.0,0.0,0.0
1618,770.03,754.3,1788.95,1563.5,809.2,78.21,0.1067,0.0,-754.3,0.0,6.8165,0.0,-754.3,0.0,6.8165,1.0,0.0,0.0,0.0,0.0
1619,770.28,763.55,1745.8,1523.9,760.35,77.409,0.1112,0.0,-763.55,0.0,6.8165,0.0,-763.55,0.0,6.8165,1.0,0.0,0.0,0.0,0.0
1620,770.54,758.35,1728.6,1538.3,779.95,80.3865,0.0948,0.0,-758.35,0.0,6.8165,0.0,-758.35,0.0,6.8165,1.0,0.0,0.0,0.0,0.0
1621,770.79,762.55,1714.4,1511.5,748.95,78.6836,0.1041,0.0,-762.55,0.0,6.8165,0.0,-762.55,0.0,6.8165,1.0,0.0,0.0,0.0,0.0
1622,771.04,772.75,1709.35,1496.15,723.4,77.2368,0.1122,0.0,-772.75,0.0,6.8165,0.0,-772.75,0.0,6.8165,1.0,0.0,0.0,0.0,0.0
1623,771.3,765.6,1690.15,1471.15,705.55,76.3128,0.1174,0.0,-765.6,0.0,6.8165,0.0,-765.6,0.0,6.8165,1.0,0.0,0.0,0.0,0.0
1624,771.55,772.15,1674.7,1475.7,703.55,77.9514,0.1082,0.0,-772.15,0.0,6.8165,0.0,-772.15,0.0,6.8165,1.0,0.0,0.0,0.0,0.0
1625,771.81,778.55,1670.0,1455.1,676.55,75.8932,0.1198,0.0,-778.55,0.0,6.8165,0.0,-778.55,0.0,6.8165,1.0,0.0,0.0,0.0,0.0
1626,772.06,778.45,1668.3,1435.5,657.05,73.8383,0.1317,0.0,-778.45,0.0,6.8165,0.0,-778.45,0.0,6.8165,1.0,0.0,0.0,0.0,0.0
1627,772.31,758.9,1639.05,1395.5,636.6,72.3286,0.1407,0.0,-758.9,0.0,6.8165,0.0,-758.9,0.0,6.8165,1.0,0.0,0.0,0.0,0.0
1628,772.57,784.95,1623.6,1399.15,614.2,73.2367,0.1353,0.0,-784.95,0.0,6.8165,0.0,-784.95,0.0,6.8165,1.0,0.0,0.0,0.0,0.0
1629,772.82,777.7,1613.25,1402.0,624.3,74.7173,0.1266,0.0,-777.7,0.0,6.8165,0.0,-777.7,0.0,6.8165,1.0,0.0,0.0,0.0,0.0
1630,773.07,763.9,1587.25,1386.85,622.95,75.6604,0.1211,0.0,-763.9,0.0,6.8165,0.0,-763.9,0.0,6.8165,1.0,0.0,0.0,0.0,0.0
1631,773.33,763.8,1586.05,1380.05,616.25,74.9468,0.1252,0.0,-763.8,0.0,6.8165,0.0,-763.8,0.0,6.8165,1.0,0.0,0.0,0.0,0.0
1632,773.58,757.9,1570.95,1364.05,606.15,74.5526,0.1275,0.0,-757.9,0.0,6.8165,0.0,-757.9,0.0,6.8165,1.0,0.0,0.0,0.0,0.0
1633,773.83,769.05,1588.15,1359.3,590.25,72.0608,0.1423,0.0,-769.05,0.0,6.8165,0.0,-769.05,0.0,6.8165,1.0,0.0,0.0,0.0,0.0
1634,774.09,774.05,1570.35,1354.95,580.9,72.9499,0.137,0.0,-774.05,0.0,6.8165,0.0,-774.05,0.0,6.8165,1.0,0.0,0.0,0.0,0.0
1635,774.34,775.95,1533.3,1346.3,570.35,75.3086,0.1232,0.0,-775.95,0.0,6.8165,0.0,-775.95,0.0,6.8165,1.0,0.0,0.0,0.0,0.0
1636,774.59,759.6,1521.55,1328.8,569.2,74.7031,0.1267,0.0,-759.6,0.0,6.8165,0.0,-759.6,0.0,6.8165,1.0,0.0,0.0,0.0,0.0
1637,774.85,766.8,1502.5,1312.9,546.1,74.2286,0.1294,0.0,-766.8,0.0,6.8165,0.0,-766.8,0.0,6.8165,1.0,0.0,0.0,0.0,0.0
1638,775.1,759.45,1492.4,1316.0,556.55,75.9329,0.1196,0.0,-759.45,0.0,6.8165,0.0,-759.45,0.0,6.8165,1.0,0.0,0.0,0.0,0.0
1639,775.35,773.5,1494.2,1303.75,530.25,73.5743,0.1333,0.0,-773.5,0.0,6.8165,0.0,-773.5,0.0,6.8165,1.0,0.0,0.0,0.0,0.0
1640,775.6,769.05,1462.15,1305.7,536.65,77.4275,0.1111,0.0,-769.05,0.0,6.8165,0.0,-769.05,0.0,6.8165,1.0,0.0,0.0,0.0,0.0
1641,775.85,768.8,1479.65,1296.35,527.55,74.214,0.1295,0.0,-768.8,0.0,6.8165,0.0,-768.8,0.0,6.8165,1.0,0.0,0.0,0.0,0.0
1642,776.11,774.4,1458.25,1290.35,515.95,75.4478,0.1224,0.0,-774.4,0.0,6.8165,0.0,-774.4,0.0,6.8165,1.0,0.0,0.0,0.0,0.0
1643,776.36,762.8,1460.55,1295.7,532.9,76.3741,0.1171,0.0,-762.8,0.0,6.8165,0.0,-762.8,0.0,6.8165,1.0,0.0,0.0,0.0,0.0
1644,776.61,762.9,1445.9,1276.75,513.85,75.2343,0.1236,0.0,-762.9,0.0,6.8165,0.0,-762.9,0.0,6.8165,1.0,0.0,0.0,0.0,0.0
1645,776.86,772.3,1438.45,1258.9,486.6,73.0466,0.1364,0.0,-772.3,0.0,6.8165,0.0,-772.3,0.0,6.8165,1.0,0.0,0.0,0.0,0.0
1646,777.11,776.7,1414.65,1238.9,462.2,72.4508,0.14,0.0,-776.7,0.0,6.8165,0.0,-776.7,0.0,6.8165,1.0,0.0,0.0,0.0,0.0
1647,777.37,769.4,1424.2,1228.8,459.4,70.1588,0.1539,0.0,-769.4,0.0,6.8165,0.0,-769.4,0.0,6.8165,1.0,0.0,0.0,0.0,0.0
1648,777.62,762.75,1408.65,1224.75,462.0,71.5281,0.1455,0.0,-762.75,0.0,6.8165,0.0,-762.75,0.0,6.8165,1.0,0.0,0.0,0.0,0.0
1649,777.87,768.4,1411.35,1225.75,457.35,71.1331,0.1479,0.0,-768.4,0.0,6.8165,0.0,-768.4,0.0,6.8165,1.0,0.0,0.0,0.0,0.0
1650,778.12,770.55,1411.0,1252.6,482.05,75.2674,0.1234,0.0,-770.55,0.0,6.8165,0.0,-770.55,0.0,6.8165,1.0,0.0,0.0,0.0,0.0
1651,778.37,777.4,1412.4,1234.65,457.25,72.0079,0.1426,0.0,-777.4,0.0,6.8165,0.0,-777.4,0.0,6.8165,1.0,0.0,0.0,0.0,0.0
1652,778.62,754.1,1402.7,1225.55,471.45,72.6873,0.1385,0.0,-754.1,0.0,6.8165,0.0,-754.1,0.0,6.8165,1.0,0.0,0.0,0.0,0.0
1653,778.87,761.7,1397.85,1238.35,476.65,74.9273,0.1254,0.0,-761.7,0.0,6.8165,0.0,-761.7,0.0,6.8165,1.0,0.0,0.0,0.0,0.0
1654,779.12,764.15,1390.6,1229.65,465.5,74.3076,0.129,0.0,-764.15,0.0,6.8165,0.0,-764.15,0.0,6.8165,1.0,0.0,0.0,0.0,0.0
1655,779.38,760.95,1387.05,1218.65,457.7,73.1033,0.1361,0.0,-760.95,0.0,6.8165,0.0,-760.95,0.0,6.8165,1.0,0.0,0.0,0.0,0.0
1656,779.63,781.3,1386.5,1222.6,441.3,72.918,0.1372,0.0,-781.3,0.0,6.8165,0.0,-781.3,0.0,6.8165,1.0,0.0,0.0,0.0,0.0
1657,779.88,767.15,1391.2,1210.7,443.55,71.076,0.1483,0.0,-767.15,0.0,6.8165,0.0,-767.15,0.0,6.8165,1.0,0.0,0.0,0.0,0.0
1658,780.13,760.15,1389.8,1225.0,464.85,73.8267,0.1318,0.0,-760.15,0.0,6.8165,0.0,-760.15,0.0,6.8165,1.0,0.0,0.0,0.0,0.0
1659,780.38,762.0,1382.6,1209.5,447.5,72.1076,0.142,0.0,-762.0,0.0,6.8165,0.0,-762.0,0.0,6.8165,1.0,0.0,0.0,0.0,0.0
1660,780.63,764.1,1364.8,1213.75,449.65,74.8543,0.1258,0.0,-764.1,0.0,6.8165,0.0,-764.1,0.0,6.8165,1.0,0.0,0.0,0.0,0.0
1661,780.88,769.0,1371.75,1217.1,448.1,74.3426,0.1288,0.0,-769.0,0.0,6.8165,0.0,-769.0,0.0,6.8165,1.0,0.0,0.0,0.0,0.0
1662,781.13,770.25,1381.85,1199.25,429.0,70.1439,0.154,0.0,-770.25,0.0,6.8165,0.0,-770.25,0.0,6.8165,1.0,0.0,0.0,0.0,0.0
1663,781.38,751.35,1397.65,1196.2,444.85,68.8303,0.1622,0.0,-751.35,0.0,6.8165,0.0,-751.35,0.0,6.8165,1.0,0.0,0.0,0.0,0.0
1664,781.63,770.05,1360.25,1210.6,440.55,74.6442,0.127,0.0,-770.05,0.0,6.8165,0.0,-770.05,0.0,6.8165,1.0,0.0,0.0,0.0,0.0
1665,781.88,761.85,1363.2,1194.85,433.0,72.0047,0.1426,0.0,-761.85,0.0,6.8165,0.0,-761.85,0.0,6.8165,1.0,0.0,0.0,0.0,0.0
1666,782.13,767.9,1363.1,1216.5,448.6,75.3696,0.1228,0.0,-767.9,0.0,6.8165,0.0,-767.9,0.0,6.8165,1.0,0.0,0.0,0.0,0.0
1667,782.38,747.55,1367.25,1214.9,467.35,75.4155,0.1225,0.0,-747.55,0.0,6.8165,0.0,-747.55,0.0,6.8165,1.0,0.0,0.0,0.0,0.0
1668,782.63,771.85,1372.25,1220.05,448.2,74.6502,0.127,0.0,-771.85,0.0,6.8165,0.0,-771.85,0.0,6.8165,1.0,0.0,0.0,0.0,0.0
1669,782.88,767.35,1371.7,1199.9,432.55,71.5728,0.1453,0.0,-767.35,0.0,6.8165,0.0,-767.35,0.0,6.8165,1.0,0.0,0.0,0.0,0.0
1670,783.13,767.75,1357.4,1221.25,453.5,76.91,0.114,0.0,-767.75,0.0,6.8165,0.0,-767.75,0.0,6.8165,1.0,0.0,0.0,0.0,0.0
1671,783.38,765.15,1369.05,1230.4,465.25,77.0409,0.1133,0.0,-765.15,0.0,6.8165,0.0,-765.15,0.0,6.8165,1.0,0.0,0.0,0.0,0.0
1672,783.62,776.35,1370.3,1217.45,441.1,74.2655,0.1292,0.0,-776.35,0.0,6.8165,0.0,-776.35,0.0,6.8165,1.0,0.0,0.0,0.0,0.0
1673,783.87,780.85,1374.4,1200.65,419.8,70.727,0.1504,0.0,-780.85,0.0,6.8165,0.0,-780.85,0.0,6.8165,1.0,0.0,0.0,0.0,0.0
1674,784.12,779.85,1357.45,1200.6,420.75,72.8445,0.1376,0.0,-779.85,0.0,6.8165,0.0,-779.85,0.0,6.8165,1.0,0.0,0.0,0.0,0.0
1675,784.37,772.65,1374.2,1223.0,450.35,74.8649,0.1257,0.0,-772.65,0.0,6.8165,0.0,-772.65,0.0,6.8165,1.0,0.0,0.0,0.0,0.0
1676,784.62,767.35,1377.85,1201.45,434.1,71.1057,0.1481,0.0,-767.35,0.0,6.8165,0.0,-767.35,0.0,6.8165,1.0,0.0,0.0,0.0,0.0
1677,784.87,748.25,1373.55,1228.5,480.25,76.8031,0.1146,0.0,-748.25,0.0,6.8165,0.0,-748.25,0.0,6.8165,1.0,0.0,0.0,0.0,0.0
1678,785.12,769.55,1385.1,1222.65,453.1,73.609,0.1331,0.0,-769.55,0.0,6.8165,0.0,-769.55,0.0,6.8165,1.0,0.0,0.0,0.0,0.0
1679,785.37,756.15,1364.95,1207.75,451.6,74.1787,0.1297,0.0,-756.15,0.0,6.8165,0.0,-756.15,0.0,6.8165,1.0,0.0,0.0,0.0,0.0
1680,785.61,766.7,1374.15,1199.7,433.0,71.2816,0.147,0.0,-766.7,0.0,6.8165,0.0,-766.7,0.0,6.8165,1.0,0.0,0.0,0.0,0.0
1681,785.86,756.3,1364.3,1206.75,450.45,74.0872,0.1303,0.0,-756.3,0.0,6.8165,0.0,-756.3,0.0,6.8165,1.0,0.0,0.0,0.0,0.0
1682,786.11,773.6,1389.8,1201.45,427.85,69.4336,0.1584,0.0,-773.6,0.0,6.8165,0.0,-773.6,0.0,6.8165,1.0,0.0,0.0,0.0,0.0
1683,786.36,767.3,1359.3,1199.45,432.15,72.9983,0.1367,0.0,-767.3,0.0,6.8165,0.0,-767.3,0.0,6.8165,1.0,0.0,0.0,0.0,0.0
1684,786.61,769.5,1383.35,1196.6,427.1,69.5773,0.1575,0.0,-769.5,0.0,6.8165,0.0,-769.5,0.0,6.8165,1.0,0.0,0.0,0.0,0.0
1685,786.85,769.75,1381.8,1216.5,446.75,72.9924,0.1367,0.0,-769.75,0.0,6.8165,0.0,-769.75,0.0,6.8165,1.0,0.0,0.0,0.0,0.0
1686,787.1,762.8,1398.8,1201.7,438.9,69.0094,0.1611,0.0,-762.8,0.0,6.8165,0.0,-762.8,0.0,6.8165,1.0,0.0,0.0,0.0,0.0
1687,787.35,774.15,1401.2,1204.8,430.65,68.6787,0.1632,0.0,-774.15,0.0,6.8165,0.0,-774.15,0.0,6.8165,1.0,0.0,0.0,0.0,0.0
1688,787.6,760.35,1377.6,1229.55,469.2,76.0146,0.1191,0.0,-760.35,0.0,6.8165,0.0,-760.35,0.0,6.8165,1.0,0.0,0.0,0.0,0.0
1689,787.84,747.45,1395.95,1223.9,476.45,73.4695,0.1339,0.0,-747.45,0.0,6.8165,0.0,-747.45,0.0,6.8165,1.0,0.0,0.0,0.0,0.0
1690,788.09,764.55,1369.8,1215.45,450.9,74.4981,0.1279,0.0,-764.55,0.0,6.8165,0.0,-764.55,0.0,6.8165,1.0,0.0,0.0,0.0,0.0
1691,788.34,761.35,1376.9,1227.45,466.1,75.7209,0.1208,0.0,-761.35,0.0,6.8165,0.0,-761.35,0.0,6.8165,1.0,0.0,0.0,0.0,0.0
1692,788.59,762.2,1386.35,1231.05,468.85,75.1182,0.1243,0.0,-762.2,0.0,6.8165,0.0,-762.2,0.0,6.8165,1.0,0.0,0.0,0.0,0.0
1693,788.83,760.9,1407.05,1241.6,480.7,74.3945,0.1285,0.0,-760.9,0.0,6.8165,0.0,-760.9,0.0,6.8165,1.0,0.0,0.0,0.0,0.0
1694,789.08,756.7,1402.25,1246.2,489.5,75.8268,0.1202,0.0,-756.7,0.0,6.8165,0.0,-756.7,0.0,6.8165,1.0,0.0,0.0,0.0,0.0
1695,789.33,757.05,1388.3,1242.05,485.0,76.8317,0.1145,0.0,-757.05,0.0,6.8165,0.0,-757.05,0.0,6.8165,1.0,0.0,0.0,0.0,0.0
1696,789.57,768.25,1411.5,1252.45,484.2,75.274,0.1234,0.0,-768.25,0.0,6.8165,0.0,-768.25,0.0,6.8165,1.0,0.0,0.0,0.0,0.0
1697,789.82,763.35,1429.9,1240.5,477.15,71.585,0.1452,0.0,-763.35,0.0,6.8165,0.0,-763.35,0.0,6.8165,1.0,0.0,0.0,0.0,0.0
1698,790.07,771.5,1423.0,1257.4,485.9,74.5817,0.1274,0.0,-771.5,0.0,6.8165,0.0,-771.5,0.0,6.8165,1.0,0.0,0.0,0.0,0.0
1699,790.31,768.45,1430.95,1236.35,467.9,70.6264,0.151,0.0,-768.45,0.0,6.8165,0.0,-768.45,0.0,6.8165,1.0,0.0,0.0,0.0,0.0
1700,790.56,760.3,1419.7,1253.75,493.45,74.8332,0.1259,0.0,-760.3,0.0,6.8165,0.0,-760.3,0.0,6.8165,1.0,0.0,0.0,0.0,0.0
1701,790.8,757.2,1416.8,1244.55,487.35,73.8857,0.1314,0.0,-757.2,0.0,6.8165,0.0,-757.2,0.0,6.8165,1.0,0.0,0.0,0.0,0.0
1702,791.05,759.05,1408.9,1240.05,481.0,74.0171,0.1307,0.0,-759.05,0.0,6.8165,0.0,-759.05,0.0,6.8165,1.0,0.0,0.0,0.0,0.0
1703,791.3,767.75,1413.95,1242.05,474.3,73.3983,0.1343,0.0,-767.75,0.0,6.8165,0.0,-767.75,0.0,6.8165,1.0,0.0,0.0,0.0,0.0
1704,791.54,761.2,1399.5,1244.5,483.3,75.7167,0.1208,0.0,-761.2,0.0,6.8165,0.0,-761.2,0.0,6.8165,1.0,0.0,0.0,0.0,0.0
1705,791.79,756.75,1386.7,1232.5,475.75,75.5219,0.1219,0.0,-756.75,0.0,6.8165,0.0,-756.75,0.0,6.8165,1.0,0.0,0.0,0.0,0.0
1706,792.03,750.5,1388.3,1221.1,470.6,73.7849,0.132,0.0,-750.5,0.0,6.8165,0.0,-750.5,0.0,6.8165,1.0,0.0,0.0,0.0,0.0
1707,792.28,769.6,1367.05,1200.25,430.65,72.0813,0.1422,0.0,-769.6,0.0,6.8165,0.0,-769.6,0.0,6.8165,1.0,0.0,0.0,0.0,0.0
1708,792.53,773.85,1367.15,1195.45,421.6,71.0602,0.1484,0.0,-773.85,0.0,6.8165,0.0,-773.85,0.0,6.8165,1.0,0.0,0.0,0.0,0.0
1709,792.77,775.3,1358.45,1185.45,410.15,70.3335,0.1528,0.0,-775.3,0.0,6.8165,0.0,-775.3,0.0,6.8165,1.0,0.0,0.0,0.0,0.0
1710,793.02,763.1,1328.8,1176.3,413.2,73.0422,0.1364,0.0,-763.1,0.0,6.8165,0.0,-763.1,0.0,6.8165,1.0,0.0,0.0,0.0,0.0
1711,793.26,759.15,1335.9,1162.6,403.45,69.9523,0.1552,0.0,-759.15,0.0,6.8165,0.0,-759.15,0.0,6.8165,1.0,0.0,0.0,0.0,0.0
1712,793.51,766.15,1312.8,1160.7,394.55,72.176,0.1416,0.0,-766.15,0.0,6.8165,0.0,-766.15,0.0,6.8165,1.0,0.0,0.0,0.0,0.0
1713,793.75,771.55,1289.8,1137.15,365.6,70.5451,0.1515,0.0,-771.55,0.0,6.8165,0.0,-771.55,0.0,6.8165,1.0,0.0,0.0,0.0,0.0
1714,794.0,761.15,1306.7,1134.5,373.35,68.4355,0.1647,0.0,-761.15,0.0,6.8165,0.0,-761.15,0.0,6.8165,1.0,0.0,0.0,0.0,0.0
1715,794.24,762.5,1309.05,1136.7,374.2,68.4658,0.1645,0.0,-762.5,0.0,6.8165,0.0,-762.5,0.0,6.8165,1.0,0.0,0.0,0.0,0.0
1716,794.49,772.35,1289.9,1124.45,352.1,68.0321,0.1673,0.0,-772.35,0.0,6.8165,0.0,-772.35,0.0,6.8165,1.0,0.0,0.0,0.0,0.0
1717,794.73,769.5,1263.85,1130.85,361.35,73.096,0.1361,0.0,-769.5,0.0,6.8165,0.0,-769.5,0.0,6.8165,1.0,0.0,0.0,0.0,0.0
1718,794.97,767.25,1272.3,1121.5,354.25,70.1416,0.154,0.0,-767.25,0.0,6.8165,0.0,-767.25,0.0,6.8165,1.0,0.0,0.0,0.0,0.0
1719,795.22,754.2,1258.6,1123.75,369.55,73.2653,0.1351,0.0,-754.2,0.0,6.8165,0.0,-754.2,0.0,6.8165,1.0,0.0,0.0,0.0,0.0
1720,795.46,767.4,1260.9,1103.5,336.1,68.1054,0.1668,0.0,-767.4,0.0,6.8165,0.0,-767.4,0.0,6.8165,1.0,0.0,0.0,0.0,0.0
1721,795.71,769.05,1273.05,1118.05,349.0,69.246,0.1596,0.0,-769.05,0.0,6.8165,0.0,-769.05,0.0,6.8165,1.0,0.0,0.0,0.0,0.0
1722,795.95,764.05,1232.95,1106.1,342.05,72.9473,0.137,0.0,-764.05,0.0,6.8165,0.0,-764.05,0.0,6.8165,1.0,0.0,0.0,0.0,0.0
1723,796.19,761.45,1252.55,1102.9,341.45,69.5276,0.1578,0.0,-761.45,0.0,6.8165,0.0,-761.45,0.0,6.8165,1.0,0.0,0.0,0.0,0.0
1724,796.44,760.3,1236.7,1092.2,331.9,69.6683,0.157,0.0,-760.3,0.0,6.8165,0.0,-760.3,0.0,6.8165,1.0,0.0,0.0,0.0,0.0
1725,796.68,757.6,1250.35,1090.1,332.5,67.4784,0.1708,0.0,-757.6,0.0,6.8165,0.0,-757.6,0.0,6.8165,1.0,0.0,0.0,0.0,0.0
1726,796.93,752.85,1217.05,1095.0,342.15,73.7075,0.1325,0.0,-752.85,0.0,6.8165,0.0,-752.85,0.0,6.8165,1.0,0.0,0.0,0.0,0.0
1727,797.17,764.35,1221.75,1084.75,320.4,70.0481,0.1546,0.0,-764.35,0.0,6.8165,0.0,-764.35,0.0,6.8165,1.0,0.0,0.0,0.0,0.0
1728,797.41,760.3,1218.7,1101.65,341.35,74.4655,0.128,0.0,-760.3,0.0,6.8165,0.0,-760.3,0.0,6.8165,1.0,0.0,0.0,0.0,0.0
1729,797.66,770.95,1215.3,1085.35,314.4,70.755,0.1502,0.0,-770.95,0.0,6.8165,0.0,-770.95,0.0,6.8165,1.0,0.0,0.0,0.0,0.0
1730,797.9,767.95,1224.75,1081.7,313.75,68.6843,0.1631,0.0,-767.95,0.0,6.8165,0.0,-767.95,0.0,6.8165,1.0,0.0,0.0,0.0,0.0
1731,798.14,758.1,1207.45,1071.15,313.05,69.6673,0.157,0.0,-758.1,0.0,6.8165,0.0,-758.1,0.0,6.8165,1.0,0.0,0.0,0.0,0.0
1732,798.39,765.9,1220.85,1069.05,303.15,66.6337,0.1763,0.0,-765.9,0.0,6.8165,0.0,-765.9,0.0,6.8165,1.0,0.0,0.0,0.0,0.0
1733,798.63,764.7,1196.95,1089.25,324.55,75.0839,0.1245,0.0,-764.7,0.0,6.8165,0.0,-764.7,0.0,6.8165,1.0,0.0,0.0,0.0,0.0
1734,798.87,763.6,1201.7,1083.1,319.5,72.9286,0.1371,0.0,-763.6,0.0,6.8165,0.0,-763.6,0.0,6.8165,1.0,0.0,0.0,0.0,0.0
1735,799.11,782.05,1196.45,1077.05,295.0,71.1873,0.1476,0.0,-782.05,0.0,6.8165,0.0,-782.05,0.0,6.8165,1.0,0.0,0.0,0.0,0.0
1736,799.36,748.2,1191.3,1048.55,300.35,67.7838,0.1689,0.0,-748.2,0.0,6.8165,0.0,-748.2,0.0,6.8165,1.0,0.0,0.0,0.0,0.0
1737,799.6,773.65,1185.65,1062.0,288.35,69.9879,0.155,0.0,-773.65,0.0,6.8165,0.0,-773.65,0.0,6.8165,1.0,0.0,0.0,0.0,0.0
1738,799.84,772.4,1187.65,1049.25,276.85,66.6707,0.1761,0.0,-772.4,0.0,6.8165,0.0,-772.4,0.0,6.8165,1.0,0.0,0.0,0.0,0.0
1739,800.08,766.9,1196.15,1062.8,295.9,68.9342,0.1616,0.0,-766.9,0.0,6.8165,0.0,-766.9,0.0,6.8165,1.0,0.0,0.0,0.0,0.0
1740,800.33,775.6,1182.25,1050.0,274.4,67.4782,0.1708,0.0,-775.6,0.0,6.8165,0.0,-775.6,0.0,6.8165,1.0,0.0,0.0,0.0,0.0
1741,800.57,764.45,1187.75,1049.55,285.1,67.3518,0.1717,0.0,-764.45,0.0,6.8165,0.0,-764.45,0.0,6.8165,1.0,0.0,0.0,0.0,0.0
1742,800.81,772.25,1181.75,1046.5,274.25,66.9719,0.1741,0.0,-772.25,0.0,6.8165,0.0,-772.25,0.0,6.8165,1.0,0.0,0.0,0.0,0.0
1743,801.05,770.9,1181.75,1050.45,279.55,68.0419,0.1672,0.0,-770.9,0.0,6.8165,0.0,-770.9,0.0,6.8165,1.0,0.0,0.0,0.0,0.0
1744,801.29,766.4,1194.15,1051.2,284.8,66.5809,0.1767,0.0,-766.4,0.0,6.8165,0.0,-766.4,0.0,6.8165,1.0,0.0,0.0,0.0,0.0
1745,801.54,772.1,1175.3,1053.9,281.8,69.8909,0.1556,0.0,-772.1,0.0,6.8165,0.0,-772.1,0.0,6.8165,1.0,0.0,0.0,0.0,0.0
1746,801.78,776.0,1173.25,1014.85,238.85,60.1259,0.2209,0.0,-776.0,0.0,6.8165,0.0,-776.0,0.0,6.8165,1.0,0.0,0.0,0.0,0.0
1747,802.02,764.75,1162.55,1041.45,276.7,69.5576,0.1577,0.0,-764.75,0.0,6.8165,0.0,-764.75,0.0,6.8165,1.0,0.0,0.0,0.0,0.0
1748,802.26,758.05,1166.0,1050.4,292.35,71.6632,0.1447,0.0,-758.05,0.0,6.8165,0.0,-758.05,0.0,6.8165,1.0,0.0,0.0,0.0,0.0
1749,802.5,767.65,1179.9,1024.85,257.2,62.3893,0.2049,0.0,-767.65,0.0,6.8165,0.0,-767.65,0.0,6.8165,1.0,0.0,0.0,0.0,0.0
1750,802.74,757.35,1174.75,1030.3,272.95,65.3929,0.1845,0.0,-757.35,0.0,6.8165,0.0,-757.35,0.0,6.8165,1.0,0.0,0.0,0.0,0.0
1751,802.98,764.6,1163.55,1033.6,269.0,67.427,0.1712,0.0,-764.6,0.0,6.8165,0.0,-764.6,0.0,6.8165,1.0,0.0,0.0,0.0,0.0
1752,803.22,775.9,1162.25,1029.65,253.75,65.6788,0.1826,0.0,-775.9,0.0,6.8165,0.0,-775.9,0.0,6.8165,1.0,0.0,0.0,0.0,0.0
1753,803.47,750.35,1161.25,1025.15,274.8,66.8776,0.1747,0.0,-750.35,0.0,6.8165,0.0,-750.35,0.0,6.8165,1.0,0.0,0.0,0.0,0.0
1754,803.71,769.9,1156.1,1021.8,251.9,65.2253,0.1856,0.0,-769.9,0.0,6.8165,0.0,-769.9,0.0,6.8165,1.0,0.0,0.0,0.0,0.0
1755,803.95,781.05,1152.8,1015.8,234.75,63.1473,0.1996,0.0,-781.05,0.0,6.8165,0.0,-781.05,0.0,6.8165,1.0,0.0,0.0,0.0,0.0
1756,804.19,768.65,1159.05,1014.8,246.15,63.0507,0.2003,0.0,-768.65,0.0,6.8165,0.0,-768.65,0.0,6.8165,1.0,0.0,0.0,0.0,0.0
1757,804.43,755.3,1145.4,1000.0,244.7,62.7275,0.2025,0.0,-755.3,0.0,6.8165,0.0,-755.3,0.0,6.8165,1.0,0.0,0.0,0.0,0.0
1758,804.67,774.15,1149.75,1010.3,236.15,62.8727,0.2015,0.0,-774.15,0.0,6.8165,0.0,-774.15,0.0,6.8165,1.0,0.0,0.0,0.0,0.0
1759,804.91,769.6,1173.0,999.5,229.9,56.9906,0.2442,0.0,-769.6,0.0,6.8165,0.0,-769.6,0.0,6.8165,1.0,0.0,0.0,0.0,0.0
1760,805.15,778.4,1152.0,1002.1,223.7,59.8769,0.2227,0.0,-778.4,0.0,6.8165,0.0,-778.4,0.0,6.8165,1.0,0.0,0.0,0.0,0.0
1761,805.39,774.1,1127.6,1015.15,241.05,68.1895,0.1663,0.0,-774.1,0.0,6.8165,0.0,-774.1,0.0,6.8165,1.0,0.0,0.0,0.0,0.0
1762,805.63,774.15,1147.7,1012.05,237.9,63.6863,0.196,0.0,-774.15,0.0,6.8165,0.0,-774.15,0.0,6.8165,1.0,0.0,0.0,0.0,0.0
1763,805.87,768.15,1142.0,1023.45,255.3,68.2894,0.1656,0.0,-768.15,0.0,6.8165,0.0,-768.15,0.0,6.8165,1.0,0.0,0.0,0.0,0.0
1764,806.11,765.75,1147.65,1023.65,257.9,67.5308,0.1705,0.0,-765.75,0.0,6.8165,0.0,-765.75,0.0,6.8165,1.0,0.0,0.0,0.0,0.0
1765,806.35,770.5,1145.35,1027.95,257.45,68.6808,0.1632,0.0,-770.5,0.0,6.8165,0.0,-770.5,0.0,6.8165,1.0,0.0,0.0,0.0,0.0
1766,806.59,770.45,1145.9,1003.95,233.5,62.192,0.2063,0.0,-770.45,0.0,6.8165,0.0,-770.45,0.0,6.8165,1.0,0.0,0.0,0.0,0.0
1767,806.83,761.65,1158.3,1010.25,248.6,62.6749,0.2029,0.0,-761.65,0.0,6.8165,0.0,-761.65,0.0,6.8165,1.0,0.0,0.0,0.0,0.0
1768,807.07,774.3,1150.35,998.55,224.25,59.633,0.2245,0.0,-774.3,0.0,6.8165,0.0,-774.3,0.0,6.8165,1.0,0.0,0.0,0.0,0.0
1769,807.31,763.65,1137.35,998.2,234.55,62.7642,0.2023,0.0,-763.65,0.0,6.8165,0.0,-763.65,0.0,6.8165,1.0,0.0,0.0,0.0,0.0
1770,807.54,762.8,1128.1,1014.6,251.8,68.9296,0.1616,0.0,-762.8,0.0,6.8165,0.0,-762.8,0.0,6.8165,1.0,0.0,0.0,0.0,0.0
1771,807.78,765.5,1150.05,997.2,231.7,60.2522,0.22,0.0,-765.5,0.0,6.8165,0.0,-765.5,0.0,6.8165,1.0,0.0,0.0,0.0,0.0
1772,808.02,755.15,1147.35,1015.1,259.95,66.28,0.1786,0.0,-755.15,0.0,6.8165,0.0,-755.15,0.0,6.8165,1.0,0.0,0.0,0.0,0.0
1773,808.26,770.8,1153.55,994.7,223.9,58.4977,0.2329,0.0,-770.8,0.0,6.8165,0.0,-770.8,0.0,6.8165,1.0,0.0,0.0,0.0,0.0
1774,808.5,762.95,1141.25,1005.65,242.7,64.1554,0.1928,0.0,-762.95,0.0,6.8165,0.0,-762.95,0.0,6.8165,1.0,0.0,0.0,0.0,0.0
1775,808.74,760.75,1140.7,991.55,230.8,60.7448,0.2165,0.0,-760.75,0.0,6.8165,0.0,-760.75,0.0,6.8165,1.0,0.0,0.0,0.0,0.0
1776,808.98,756.95,1137.3,994.6,237.65,62.4819,0.2042,0.0,-756.95,0.0,6.8165,0.0,-756.95,0.0,6.8165,1.0,0.0,0.0,0.0,0.0
1777,809.22,761.05,1143.4,998.75,237.7,62.1682,0.2064,0.0,-761.05,0.0,6.8165,0.0,-761.05,0.0,6.8165,1.0,0.0,0.0,0.0,0.0
1778,809.45,770.35,1139.1,1005.65,235.3,63.8102,0.1951,0.0,-770.35,0.0,6.8165,0.0,-770.35,0.0,6.8165,1.0,0.0,0.0,0.0,0.0
1779,809.69,765.1,1148.35,995.6,230.5,60.1435,0.2208,0.0,-765.1,0.0,6.8165,0.0,-765.1,0.0,6.8165,1.0,0.0,0.0,0.0,0.0
1780,809.93,758.05,1130.65,1008.35,250.3,67.1766,0.1728,0.0,-758.05,0.0,6.8165,0.0,-758.05,0.0,6.8165,1.0,0.0,0.0,0.0,0.0
1781,810.17,760.55,1138.45,1006.45,245.9,65.0701,0.1866,0.0,-760.55,0.0,6.8165,0.0,-760.55,0.0,6.8165,1.0,0.0,0.0,0.0,0.0
1782,810.41,764.25,1158.15,996.85,232.6,59.0505,0.2288,0.0,-764.25,0.0,6.8165,0.0,-764.25,0.0,6.8165,1.0,0.0,0.0,0.0,0.0
1783,810.64,766.1,1149.0,1011.35,245.25,64.0507,0.1935,0.0,-766.1,0.0,6.8165,0.0,-766.1,0.0,6.8165,1.0,0.0,0.0,0.0,0.0
1784,810.88,772.2,1148.55,1019.9,247.7,65.8164,0.1817,0.0,-772.2,0.0,6.8165,0.0,-772.2,0.0,6.8165,1.0,0.0,0.0,0.0,0.0
1785,811.12,764.7,1163.5,1016.1,251.4,63.0391,0.2004,0.0,-764.7,0.0,6.8165,0.0,-764.7,0.0,6.8165,1.0,0.0,0.0,0.0,0.0
1786,811.36,770.15,1152.6,1012.6,242.45,63.3939,0.198,0.0,-770.15,0.0,6.8165,0.0,-770.15,0.0,6.8165,1.0,0.0,0.0,0.0,0.0
1787,811.59,766.15,1146.5,1027.35,261.2,68.6736,0.1632,0.0,-766.15,0.0,6.8165,0.0,-766.15,0.0,6.8165,1.0,0.0,0.0,0.0,0.0
1788,811.83,772.2,1152.9,1023.1,250.9,65.9049,0.1811,0.0,-772.2,0.0,6.8165,0.0,-772.2,0.0,6.8165,1.0,0.0,0.0,0.0,0.0
1789,812.07,768.4,1152.65,1021.1,252.7,65.7645,0.182,0.0,-768.4,0.0,6.8165,0.0,-768.4,0.0,6.8165,1.0,0.0,0.0,0.0,0.0
1790,812.31,772.15,1159.1,1016.3,244.15,63.096,0.2,0.0,-772.15,0.0,6.8165,0.0,-772.15,0.0,6.8165,1.0,0.0,0.0,0.0,0.0
1791,812.54,772.2,1161.75,1018.95,246.75,63.3423,0.1983,0.0,-772.2,0.0,6.8165,0.0,-772.2,0.0,6.8165,1.0,0.0,0.0,0.0,0.0
1792,812.78,766.95,1172.25,1043.8,276.85,68.3074,0.1655,0.0,-766.95,0.0,6.8165,0.0,-766.95,0.0,6.8165,1.0,0.0,0.0,0.0,0.0
1793,813.02,765.65,1159.75,1041.0,275.35,69.8681,0.1557,0.0,-765.65,0.0,6.8165,0.0,-765.65,0.0,6.8165,1.0,0.0,0.0,0.0,0.0
1794,813.25,759.3,1155.95,1027.95,268.65,67.7297,0.1692,0.0,-759.3,0.0,6.8165,0.0,-759.3,0.0,6.8165,1.0,0.0,0.0,0.0,0.0
1795,813.49,762.7,1192.95,1051.15,288.45,67.0424,0.1737,0.0,-762.7,0.0,6.8165,0.0,-762.7,0.0,6.8165,1.0,0.0,0.0,0.0,0.0
1796,813.73,766.6,1184.25,1034.25,267.65,64.0848,0.1932,0.0,-766.6,0.0,6.8165,0.0,-766.6,0.0,6.8165,1.0,0.0,0.0,0.0,0.0
1797,813.96,777.15,1163.45,1032.9,255.75,66.205,0.1791,0.0,-777.15,0.0,6.8165,0.0,-777.15,0.0,6.8165,1.0,0.0,0.0,0.0,0.0
1798,814.2,776.45,1177.25,1049.55,273.1,68.1387,0.1666,0.0,-776.45,0.0,6.8165,0.0,-776.45,0.0,6.8165,1.0,0.0,0.0,0.0,0.0
1799,814.44,776.6,1169.05,1035.95,259.35,66.0849,0.1799,0.0,-776.6,0.0,6.8165,0.0,-776.6,0.0,6.8165,1.0,0.0,0.0,0.0,0.0
1800,814.67,762.35,1169.85,1029.3,266.95,65.5092,0.1837,0.0,-762.35,0.0,6.8165,0.0,-762.35,0.0,6.8165,1.0,0.0,0.0,0.0,0.0
1801,814.91,761.4,1168.95,1039.45,278.05,68.2248,0.1661,0.0,-761.4,0.0,6.8165,0.0,-761.4,0.0,6.8165,1.0,0.0,0.0,0.0,0.0
1802,815.14,763.6,1180.05,1024.65,261.05,62.6846,0.2028,0.0,-763.6,0.0,6.8165,0.0,-763.6,0.0,6.8165,1.0,0.0,0.0,0.0,0.0
1803,815.38,753.35,1169.75,1044.7,291.35,69.9688,0.1551,0.0,-753.35,0.0,6.8165,0.0,-753.35,0.0,6.8165,1.0,0.0,0.0,0.0,0.0
1804,815.61,759.9,1185.15,1050.05,290.15,68.2305,0.166,0.0,-759.9,0.0,6.8165,0.0,-759.9,0.0,6.8165,1.0,0.0,0.0,0.0,0.0
1805,815.85,767.7,1148.25,1034.85,267.15,70.201,0.1537,0.0,-767.7,0.0,6.8165,0.0,-767.7,0.0,6.8165,1.0,0.0,0.0,0.0,0.0
1806,816.09,772.85,1185.5,1048.2,275.35,66.7273,0.1757,0.0,-772.85,0.0,6.8165,0.0,-772.85,0.0,6.8165,1.0,0.0,0.0,0.0,0.0
1807,816.32,760.1,1186.85,1034.55,274.45,64.3117,0.1917,0.0,-760.1,0.0,6.8165,0.0,-760.1,0.0,6.8165,1.0,0.0,0.0,0.0,0.0
1808,816.56,773.1,1186.15,1070.25,297.15,71.9404,0.143,0.0,-773.1,0.0,6.8165,0.0,-773.1,0.0,6.8165,1.0,0.0,0.0,0.0,0.0
1809,816.79,768.95,1183.55,1044.3,275.35,66.4134,0.1777,0.0,-768.95,0.0,6.8165,0.0,-768.95,0.0,6.8165,1.0,0.0,0.0,0.0,0.0
1810,817.03,759.95,1187.3,1068.5,308.55,72.2008,0.1415,0.0,-759.95,0.0,6.8165,0.0,-759.95,0.0,6.8165,1.0,0.0,0.0,0.0,0.0
1811,817.26,769.85,1195.15,1061.85,292.0,68.6574,0.1633,0.0,-769.85,0.0,6.8165,0.0,-769.85,0.0,6.8165,1.0,0.0,0.0,0.0,0.0
1812,817.5,769.45,1188.95,1051.85,282.4,67.3182,0.1719,0.0,-769.45,0.0,6.8165,0.0,-769.45,0.0,6.8165,1.0,0.0,0.0,0.0,0.0
1813,817.73,783.4,1194.55,1088.85,305.45,74.2916,0.1291,0.0,-783.4,0.0,6.8165,0.0,-783.4,0.0,6.8165,1.0,0.0,0.0,0.0,0.0
1814,817.97,752.8,1199.1,1066.8,314.0,70.3563,0.1527,0.0,-752.8,0.0,6.8165,0.0,-752.8,0.0,6.8165,1.0,0.0,0.0,0.0,0.0
1815,818.2,780.65,1208.35,1068.45,287.8,67.2902,0.172,0.0,-780.65,0.0,6.8165,0.0,-780.65,0.0,6.8165,1.0,0.0,0.0,0.0,0.0
1816,818.43,753.4,1222.4,1080.8,327.4,69.8081,0.1561,0.0,-753.4,0.0,6.8165,0.0,-753.4,0.0,6.8165,1.0,0.0,0.0,0.0,0.0
1817,818.67,765.5,1217.3,1082.05,316.55,70.0642,0.1545,0.0,-765.5,0.0,6.8165,0.0,-765.5,0.0,6.8165,1.0,0.0,0.0,0.0,0.0
1818,818.9,764.85,1199.5,1096.15,331.3,76.2222,0.1179,0.0,-764.85,0.0,6.8165,0.0,-764.85,0.0,6.8165,1.0,0.0,0.0,0.0,0.0
1819,819.14,768.1,1220.3,1092.05,323.95,71.6387,0.1449,0.0,-768.1,0.0,6.8165,0.0,-768.1,0.0,6.8165,1.0,0.0,0.0,0.0,0.0
1820,819.37,771.0,1211.1,1077.6,306.6,69.666,0.157,0.0,-771.0,0.0,6.8165,0.0,-771.0,0.0,6.8165,1.0,0.0,0.0,0.0,0.0
1821,819.61,770.8,1230.8,1092.85,322.05,70.0109,0.1548,0.0,-770.8,0.0,6.8165,0.0,-770.8,0.0,6.8165,1.0,0.0,0.0,0.0,0.0
1822,819.84,770.55,1215.3,1097.4,326.85,73.4907,0.1338,0.0,-770.55,0.0,6.8165,0.0,-770.55,0.0,6.8165,1.0,0.0,0.0,0.0,0.0
1823,820.07,760.05,1230.7,1097.6,337.55,71.72,0.1444,0.0,-760.05,0.0,6.8165,0.0,-760.05,0.0,6.8165,1.0,0.0,0.0,0.0,0.0
1824,820.31,772.0,1238.85,1106.3,334.3,71.6076,0.145,0.0,-772.0,0.0,6.8165,0.0,-772.0,0.0,6.8165,1.0,0.0,0.0,0.0,0.0
1825,820.54,760.15,1245.0,1112.55,352.4,72.6823,0.1386,0.0,-760.15,0.0,6.8165,0.0,-760.15,0.0,6.8165,1.0,0.0,0.0,0.0,0.0
1826,820.77,768.2,1250.6,1110.95,342.75,71.051,0.1484,0.0,-768.2,0.0,6.8165,0.0,-768.2,0.0,6.8165,1.0,0.0,0.0,0.0,0.0
1827,821.01,773.4,1267.0,1136.8,363.4,73.6224,0.133,0.0,-773.4,0.0,6.8165,0.0,-773.4,0.0,6.8165,1.0,0.0,0.0,0.0,0.0
1828,821.24,757.4,1269.3,1142.55,385.15,75.2393,0.1236,0.0,-757.4,0.0,6.8165,0.0,-757.4,0.0,6.8165,1.0,0.0,0.0,0.0,0.0
1829,821.47,767.25,1287.4,1162.15,394.9,75.9204,0.1196,0.0,-767.25,0.0,6.8165,0.0,-767.25,0.0,6.8165,1.0,0.0,0.0,0.0,0.0
1830,821.71,762.05,1310.65,1174.5,412.45,75.1823,0.1239,0.0,-762.05,0.0,6.8165,0.0,-762.05,0.0,6.8165,1.0,0.0,0.0,0.0,0.0
1831,821.94,778.15,1325.85,1173.95,395.8,72.2658,0.1411,0.0,-778.15,0.0,6.8165,0.0,-778.15,0.0,6.8165,1.0,0.0,0.0,0.0,0.0
1832,822.17,755.55,1356.1,1201.9,446.35,74.3235,0.1289,0.0,-755.55,0.0,6.8165,0.0,-755.55,0.0,6.8165,1.0,0.0,0.0,0.0,0.0
1833,822.4,765.9,1368.5,1220.75,454.85,75.4812,0.1222,0.0,-765.9,0.0,6.8165,0.0,-765.9,0.0,6.8165,1.0,0.0,0.0,0.0,0.0
1834,822.64,771.5,1386.3,1240.75,469.25,76.3256,0.1173,0.0,-771.5,0.0,6.8165,0.0,-771.5,0.0,6.8165,1.0,0.0,0.0,0.0,0.0
1835,822.87,774.45,1430.7,1267.65,493.2,75.1543,0.124,0.0,-774.45,0.0,6.8165,0.0,-774.45,0.0,6.8165,1.0,0.0,0.0,0.0,0.0
1836,823.1,766.95,1488.3,1328.05,561.1,77.7847,0.1091,0.0,-766.95,0.0,6.8165,0.0,-766.95,0.0,6.8165,1.0,0.0,0.0,0.0,0.0
1837,823.33,758.9,1537.8,1359.9,601.0,77.1601,0.1126,0.0,-758.9,0.0,6.8165,0.0,-758.9,0.0,6.8165,1.0,0.0,0.0,0.0,0.0
1838,823.57,761.3,1585.7,1418.35,657.05,79.7004,0.0985,0.0,-761.3,0.0,6.8165,0.0,-761.3,0.0,6.8165,1.0,0.0,0.0,0.0,0.0
1839,823.8,760.5,1658.35,1484.9,724.4,80.6816,0.0932,0.0,-760.5,0.0,6.8165,0.0,-760.5,0.0,6.8165,1.0,0.0,0.0,0.0,0.0
1840,824.03,776.05,1712.75,1529.2,753.15,80.4046,0.0947,0.0,-776.05,0.0,6.8165,0.0,-776.05,0.0,6.8165,1.0,0.0,0.0,0.0,0.0
1841,824.26,766.65,1721.35,1576.0,809.35,84.7753,0.0717,0.0,-766.65,0.0,6.8165,0.0,-766.65,0.0,6.8165,1.0,0.0,0.0,0.0,0.0
1842,824.49,775.3,1733.95,1576.1,800.8,83.5341,0.0781,0.0,-775.3,0.0,6.8165,0.0,-775.3,0.0,6.8165,1.0,0.0,0.0,0.0,0.0
1843,824.73,761.0,1761.45,1586.4,825.4,82.5029,0.0835,0.0,-761.0,0.0,6.8165,0.0,-761.0,0.0,6.8165,1.0,0.0,0.0,0.0,0.0
1844,824.96,755.9,1770.05,1611.35,855.45,84.3514,0.0739,0.0,-755.9,0.0,6.8165,0.0,-755.9,0.0,6.8165,1.0,0.0,0.0,0.0,0.0
1845,825.19,766.7,1754.95,1574.75,808.05,81.7657,0.0874,0.0,-766.7,0.0,6.8165,0.0,-766.7,0.0,6.8165,1.0,0.0,0.0,0.0,0.0
1846,825.42,773.3,1731.35,1564.55,791.25,82.5896,0.0831,0.0,-773.3,0.0,6.8165,0.0,-773.3,0.0,6.8165,1.0,0.0,0.0,0.0,0.0
1847,825.65,776.25,1721.0,1536.95,760.7,80.5187,0.0941,0.0,-776.25,0.0,6.8165,0.0,-776.25,0.0,6.8165,1.0,0.0,0.0,0.0,0.0
1848,825.88,768.25,1651.1,1505.25,737.0,83.4796,0.0784,0.0,-768.25,0.0,6.8165,0.0,-768.25,0.0,6.8165,1.0,0.0,0.0,0.0,0.0
1849,826.11,774.45,1633.05,1471.85,697.4,81.2253,0.0903,0.0,-774.45,0.0,6.8165,0.0,-774.45,0.0,6.8165,1.0,0.0,0.0,0.0,0.0
1850,826.34,789.6,1608.15,1439.1,649.5,79.3476,0.1005,0.0,-789.6,0.0,6.8165,0.0,-789.6,0.0,6.8165,1.0,0.0,0.0,0.0,0.0
1851,826.57,769.15,1580.75,1422.05,652.9,80.446,0.0945,0.0,-769.15,0.0,6.8165,0.0,-769.15,0.0,6.8165,1.0,0.0,0.0,0.0,0.0
1852,826.81,754.9,1537.45,1389.65,634.75,81.113,0.0909,0.0,-754.9,0.0,6.8165,0.0,-754.9,0.0,6.8165,1.0,0.0,0.0,0.0,0.0
1853,827.04,758.6,1520.5,1374.8,616.2,80.8768,0.0922,0.0,-758.6,0.0,6.8165,0.0,-758.6,0.0,6.8165,1.0,0.0,0.0,0.0,0.0
1854,827.27,759.1,1519.65,1352.4,593.3,78.0093,0.1079,0.0,-759.1,0.0,6.8165,0.0,-759.1,0.0,6.8165,1.0,0.0,0.0,0.0,0.0
1855,827.5,769.75,1497.7,1329.7,559.95,76.9215,0.114,0.0,-769.75,0.0,6.8165,0.0,-769.75,0.0,6.8165,1.0,0.0,0.0,0.0,0.0
1856,827.73,766.65,1474.35,1330.7,564.05,79.7019,0.0985,0.0,-766.65,0.0,6.8165,0.0,-766.65,0.0,6.8165,1.0,0.0,0.0,0.0,0.0
1857,827.96,766.7,1483.25,1309.55,542.85,75.7588,0.1206,0.0,-766.7,0.0,6.8165,0.0,-766.7,0.0,6.8165,1.0,0.0,0.0,0.0,0.0
1858,828.19,766.0,1470.1,1311.4,545.4,77.4606,0.1109,0.0,-766.0,0.0,6.8165,0.0,-766.0,0.0,6.8165,1.0,0.0,0.0,0.0,0.0
1859,828.42,766.4,1499.05,1336.3,569.9,77.7861,0.1091,0.0,-766.4,0.0,6.8165,0.0,-766.4,0.0,6.8165,1.0,0.0,0.0,0.0,0.0
1860,828.65,770.65,1537.25,1374.2,603.55,78.7308,0.1039,0.0,-770.65,0.0,6.8165,0.0,-770.65,0.0,6.8165,1.0,0.0,0.0,0.0,0.0
1861,828.88,773.2,1535.5,1377.35,604.15,79.2536,0.101,0.0,-773.2,0.0,6.8165,0.0,-773.2,0.0,6.8165,1.0,0.0,0.0,0.0,0.0
1862,829.11,772.55,1553.95,1376.6,604.05,77.3036,0.1118,0.0,-772.55,0.0,6.8165,0.0,-772.55,0.0,6.8165,1.0,0.0,0.0,0.0,0.0
1863,829.34,772.9,1546.55,1382.8,609.9,78.8341,0.1033,0.0,-772.9,0.0,6.8165,0.0,-772.9,0.0,6.8165,1.0,0.0,0.0,0.0,0.0
1864,829.57,773.8,1537.05,1373.35,599.55,78.5522,0.1048,0.0,-773.8,0.0,6.8165,0.0,-773.8,0.0,6.8165,1.0,0.0,0.0,0.0,0.0
1865,829.8,761.75,1505.35,1340.7,578.95,77.8577,0.1087,0.0,-761.75,0.0,6.8165,0.0,-761.75,0.0,6.8165,1.0,0.0,0.0,0.0,0.0
1866,830.03,769.15,1485.2,1333.1,563.95,78.7585,0.1037,0.0,-769.15,0.0,6.8165,0.0,-769.15,0.0,6.8165,1.0,0.0,0.0,0.0,0.0
1867,830.25,769.75,1456.15,1309.3,539.55,78.6058,0.1045,0.0,-769.75,0.0,6.8165,0.0,-769.75,0.0,6.8165,1.0,0.0,0.0,0.0,0.0
1868,830.48,773.2,1430.45,1272.5,499.3,75.968,0.1194,0.0,-773.2,0.0,6.8165,0.0,-773.2,0.0,6.8165,1.0,0.0,0.0,0.0,0.0
1869,830.71,753.3,1397.4,1270.4,517.1,80.2826,0.0954,0.0,-753.3,0.0,6.8165,0.0,-753.3,0.0,6.8165,1.0,0.0,0.0,0.0,0.0
1870,830.94,752.65,1373.35,1237.75,485.1,78.1537,0.1071,0.0,-752.65,0.0,6.8165,0.0,-752.65,0.0,6.8165,1.0,0.0,0.0,0.0,0.0
1871,831.17,765.7,1350.85,1234.0,468.3,80.0308,0.0967,0.0,-765.7,0.0,6.8165,0.0,-765.7,0.0,6.8165,1.0,0.0,0.0,0.0,0.0
1872,831.4,763.75,1327.15,1194.75,431.0,76.4998,0.1163,0.0,-763.75,0.0,6.8165,0.0,-763.75,0.0,6.8165,1.0,0.0,0.0,0.0,0.0
1873,831.63,763.5,1311.2,1170.05,406.55,74.2286,0.1294,0.0,-763.5,0.0,6.8165,0.0,-763.5,0.0,6.8165,1.0,0.0,0.0,0.0,0.0
1874,831.86,761.9,1285.45,1152.1,390.2,74.5297,0.1277,0.0,-761.9,0.0,6.8165,0.0,-761.9,0.0,6.8165,1.0,0.0,0.0,0.0,0.0
1875,832.08,760.15,1285.0,1152.35,392.2,74.7261,0.1265,0.0,-760.15,0.0,6.8165,0.0,-760.15,0.0,6.8165,1.0,0.0,0.0,0.0,0.0
1876,832.31,758.35,1261.7,1124.05,365.7,72.6532,0.1387,0.0,-758.35,0.0,6.8165,0.0,-758.35,0.0,6.8165,1.0,0.0,0.0,0.0,0.0
1877,832.54,768.3,1282.1,1136.95,368.65,71.7497,0.1442,0.0,-768.3,0.0,6.8165,0.0,-768.3,0.0,6.8165,1.0,0.0,0.0,0.0,0.0
1878,832.77,756.7,1240.95,1103.55,346.85,71.6262,0.1449,0.0,-756.7,0.0,6.8165,0.0,-756.7,0.0,6.8165,1.0,0.0,0.0,0.0,0.0
1879,833.0,765.95,1239.45,1119.55,353.6,74.6779,0.1268,0.0,-765.95,0.0,6.8165,0.0,-765.95,0.0,6.8165,1.0,0.0,0.0,0.0,0.0
1880,833.22,770.8,1246.35,1120.15,349.35,73.4623,0.1339,0.0,-770.8,0.0,6.8165,0.0,-770.8,0.0,6.8165,1.0,0.0,0.0,0.0,0.0
1881,833.45,764.85,1233.45,1102.0,337.15,71.9484,0.143,0.0,-764.85,0.0,6.8165,0.0,-764.85,0.0,6.8165,1.0,0.0,0.0,0.0,0.0
1882,833.68,771.45,1246.0,1106.15,334.7,70.53,0.1516,0.0,-771.45,0.0,6.8165,0.0,-771.45,0.0,6.8165,1.0,0.0,0.0,0.0,0.0
1883,833.91,762.5,1250.85,1116.35,353.85,72.4583,0.1399,0.0,-762.5,0.0,6.8165,0.0,-762.5,0.0,6.8165,1.0,0.0,0.0,0.0,0.0
1884,834.13,770.7,1253.65,1108.5,337.8,69.9451,0.1552,0.0,-770.7,0.0,6.8165,0.0,-770.7,0.0,6.8165,1.0,0.0,0.0,0.0,0.0
1885,834.36,759.9,1263.25,1105.85,345.95,68.7295,0.1629,0.0,-759.9,0.0,6.8165,0.0,-759.9,0.0,6.8165,1.0,0.0,0.0,0.0,0.0
1886,834.59,760.4,1264.25,1129.15,368.75,73.1865,0.1356,0.0,-760.4,0.0,6.8165,0.0,-760.4,0.0,6.8165,1.0,0.0,0.0,0.0,0.0
1887,834.82,752.75,1259.5,1122.25,369.5,72.9156,0.1372,0.0,-752.75,0.0,6.8165,0.0,-752.75,0.0,6.8165,1.0,0.0,0.0,0.0,0.0
1888,835.04,758.55,1295.35,1146.9,388.35,72.3454,0.1406,0.0,-758.55,0.0,6.8165,0.0,-758.55,0.0,6.8165,1.0,0.0,0.0,0.0,0.0
1889,835.27,767.6,1313.05,1164.8,397.2,72.8206,0.1377,0.0,-767.6,0.0,6.8165,0.0,-767.6,0.0,6.8165,1.0,0.0,0.0,0.0,0.0
1890,835.5,766.35,1330.2,1185.1,418.75,74.2662,0.1292,0.0,-766.35,0.0,6.8165,0.0,-766.35,0.0,6.8165,1.0,0.0,0.0,0.0,0.0
1891,835.72,759.55,1330.25,1184.25,424.7,74.4174,0.1283,0.0,-759.55,0.0,6.8165,0.0,-759.55,0.0,6.8165,1.0,0.0,0.0,0.0,0.0
1892,835.95,767.95,1328.95,1183.3,415.35,74.0374,0.1305,0.0,-767.95,0.0,6.8165,0.0,-767.95,0.0,6.8165,1.0,0.0,0.0,0.0,0.0
1893,836.18,750.15,1331.25,1200.5,450.35,77.4996,0.1107,0.0,-750.15,0.0,6.8165,0.0,-750.15,0.0,6.8165,1.0,0.0,0.0,0.0,0.0
1894,836.4,767.3,1314.9,1173.5,406.2,74.1782,0.1297,0.0,-767.3,0.0,6.8165,0.0,-767.3,0.0,6.8165,1.0,0.0,0.0,0.0,0.0
1895,836.63,767.45,1316.95,1168.4,400.95,72.9663,0.1369,0.0,-767.45,0.0,6.8165,0.0,-767.45,0.0,6.8165,1.0,0.0,0.0,0.0,0.0
1896,836.86,767.9,1296.2,1159.7,391.8,74.1624,0.1298,0.0,-767.9,0.0,6.8165,0.0,-767.9,0.0,6.8165,1.0,0.0,0.0,0.0,0.0
1897,837.08,766.15,1294.25,1143.4,377.25,71.4353,0.1461,0.0,-766.15,0.0,6.8165,0.0,-766.15,0.0,6.8165,1.0,0.0,0.0,0.0,0.0
1898,837.31,757.25,1285.3,1162.1,404.85,76.6689,0.1154,0.0,-757.25,0.0,6.8165,0.0,-757.25,0.0,6.8165,1.0,0.0,0.0,0.0,0.0
1899,837.53,764.35,1282.7,1146.35,382.0,73.6954,0.1326,0.0,-764.35,0.0,6.8165,0.0,-764.35,0.0,6.8165,1.0,0.0,0.0,0.0,0.0
1900,837.76,763.7,1267.0,1112.55,348.85,69.3125,0.1592,0.0,-763.7,0.0,6.8165,0.0,-763.7,0.0,6.8165,1.0,0.0,0.0,0.0,0.0
1901,837.99,766.0,1252.3,1123.05,357.05,73.4218,0.1342,0.0,-766.0,0.0,6.8165,0.0,-766.0,0.0,6.8165,1.0,0.0,0.0,0.0,0.0
1902,838.21,769.25,1255.5,1108.3,339.05,69.7275,0.1566,0.0,-769.25,0.0,6.8165,0.0,-769.25,0.0,6.8165,1.0,0.0,0.0,0.0,0.0
1903,838.44,764.2,1230.6,1109.7,345.5,74.078,0.1303,0.0,-764.2,0.0,6.8165,0.0,-764.2,0.0,6.8165,1.0,0.0,0.0,0.0,0.0
1904,838.66,756.65,1230.5,1096.2,339.55,71.6577,0.1447,0.0,-756.65,0.0,6.8165,0.0,-756.65,0.0,6.8165,1.0,0.0,0.0,0.0,0.0
1905,838.89,750.35,1217.0,1084.7,334.35,71.649,0.1448,0.0,-750.35,0.0,6.8165,0.0,-750.35,0.0,6.8165,1.0,0.0,0.0,0.0,0.0
1906,839.11,761.15,1204.85,1089.5,328.35,74.0027,0.1308,0.0,-761.15,0.0,6.8165,0.0,-761.15,0.0,6.8165,1.0,0.0,0.0,0.0,0.0
1907,839.34,772.9,1187.2,1076.3,303.4,73.232,0.1353,0.0,-772.9,0.0,6.8165,0.0,-772.9,0.0,6.8165,1.0,0.0,0.0,0.0,0.0
1908,839.56,760.75,1185.25,1096.25,335.5,79.0342,0.1022,0.0,-760.75,0.0,6.8165,0.0,-760.75,0.0,6.8165,1.0,0.0,0.0,0.0,0.0
1909,839.79,765.0,1192.65,1059.55,294.55,68.8764,0.1619,0.0,-765.0,0.0,6.8165,0.0,-765.0,0.0,6.8165,1.0,0.0,0.0,0.0,0.0
1910,840.01,759.55,1186.55,1079.4,319.85,74.9063,0.1255,0.0,-759.55,0.0,6.8165,0.0,-759.55,0.0,6.8165,1.0,0.0,0.0,0.0,0.0
1911,840.24,757.85,1190.55,1056.7,298.85,69.0663,0.1607,0.0,-757.85,0.0,6.8165,0.0,-757.85,0.0,6.8165,1.0,0.0,0.0,0.0,0.0
1912,840.46,761.95,1195.9,1047.75,285.8,65.8601,0.1814,0.0,-761.95,0.0,6.8165,0.0,-761.95,0.0,6.8165,1.0,0.0,0.0,0.0,0.0
1913,840.69,767.65,1186.9,1041.7,274.05,65.3667,0.1846,0.0,-767.65,0.0,6.8165,0.0,-767.65,0.0,6.8165,1.0,0.0,0.0,0.0,0.0
1914,840.91,765.2,1198.7,1055.45,290.25,66.955,0.1742,0.0,-765.2,0.0,6.8165,0.0,-765.2,0.0,6.8165,1.0,0.0,0.0,0.0,0.0
1915,841.13,770.65,1169.55,1046.2,275.55,69.0775,0.1607,0.0,-770.65,0.0,6.8165,0.0,-770.65,0.0,6.8165,1.0,0.0,0.0,0.0,0.0
1916,841.36,764.55,1205.3,1067.0,302.45,68.6217,0.1635,0.0,-764.55,0.0,6.8165,0.0,-764.55,0.0,6.8165,1.0,0.0,0.0,0.0,0.0
1917,841.58,783.65,1206.3,1064.8,281.15,66.5208,0.177,0.0,-783.65,0.0,6.8165,0.0,-783.65,0.0,6.8165,1.0,0.0,0.0,0.0,0.0
1918,841.81,772.75,1207.5,1071.45,298.7,68.7062,0.163,0.0,-772.75,0.0,6.8165,0.0,-772.75,0.0,6.8165,1.0,0.0,0.0,0.0,0.0
1919,842.03,765.35,1224.05,1082.3,316.95,69.0974,0.1605,0.0,-765.35,0.0,6.8165,0.0,-765.35,0.0,6.8165,1.0,0.0,0.0,0.0,0.0
1920,842.25,760.2,1222.05,1100.95,340.75,73.7794,0.1321,0.0,-760.2,0.0,6.8165,0.0,-760.2,0.0,6.8165,1.0,0.0,0.0,0.0,0.0
1921,842.48,775.1,1216.5,1089.0,313.9,71.1146,0.148,0.0,-775.1,0.0,6.8165,0.0,-775.1,0.0,6.8165,1.0,0.0,0.0,0.0,0.0
1922,842.7,762.0,1211.85,1082.5,320.5,71.246,0.1472,0.0,-762.0,0.0,6.8165,0.0,-762.0,0.0,6.8165,1.0,0.0,0.0,0.0,0.0
1923,842.92,760.6,1229.3,1090.65,330.05,70.4182,0.1523,0.0,-760.6,0.0,6.8165,0.0,-760.6,0.0,6.8165,1.0,0.0,0.0,0.0,0.0
1924,843.15,770.15,1217.25,1073.35,303.2,67.8148,0.1687,0.0,-770.15,0.0,6.8165,0.0,-770.15,0.0,6.8165,1.0,0.0,0.0,0.0,0.0
1925,843.37,761.75,1210.95,1089.05,327.3,72.8629,0.1375,0.0,-761.75,0.0,6.8165,0.0,-761.75,0.0,6.8165,1.0,0.0,0.0,0.0,0.0
1926,843.59,762.85,1203.9,1071.45,308.6,69.9694,0.1551,0.0,-762.85,0.0,6.8165,0.0,-762.85,0.0,6.8165,1.0,0.0,0.0,0.0,0.0
1927,843.82,769.65,1185.9,1057.95,288.3,69.2613,0.1595,0.0,-769.65,0.0,6.8165,0.0,-769.65,0.0,6.8165,1.0,0.0,0.0,0.0,0.0
1928,844.04,765.75,1177.55,1049.35,283.6,68.8684,0.162,0.0,-765.75,0.0,6.8165,0.0,-765.75,0.0,6.8165,1.0,0.0,0.0,0.0,0.0
1929,844.26,783.05,1171.0,1040.2,257.15,66.2843,0.1786,0.0,-783.05,0.0,6.8165,0.0,-783.05,0.0,6.8165,1.0,0.0,0.0,0.0,0.0
1930,844.49,768.95,1174.05,1050.45,281.5,69.489,0.1581,0.0,-768.95,0.0,6.8165,0.0,-768.95,0.0,6.8165,1.0,0.0,0.0,0.0,0.0
1931,844.71,765.75,1182.95,1034.6,268.85,64.4415,0.1908,0.0,-765.75,0.0,6.8165,0.0,-765.75,0.0,6.8165,1.0,0.0,0.0,0.0,0.0
1932,844.93,770.4,1158.3,1046.05,275.65,71.0621,0.1484,0.0,-770.4,0.0,6.8165,0.0,-770.4,0.0,6.8165,1.0,0.0,0.0,0.0,0.0
1933,845.15,765.8,1172.3,1032.3,266.5,65.5597,0.1834,0.0,-765.8,0.0,6.8165,0.0,-765.8,0.0,6.8165,1.0,0.0,0.0,0.0,0.0
1934,845.38,763.65,1149.0,1033.45,269.8,70.0143,0.1548,0.0,-763.65,0.0,6.8165,0.0,-763.65,0.0,6.8165,1.0,0.0,0.0,0.0,0.0
1935,845.6,772.85,1131.3,1026.7,253.85,70.8188,0.1499,0.0,-772.85,0.0,6.8165,0.0,-772.85,0.0,6.8165,1.0,0.0,0.0,0.0,0.0
1936,845.82,769.5,1166.85,1035.55,266.05,66.9561,0.1742,0.0,-769.5,0.0,6.8165,0.0,-769.5,0.0,6.8165,1.0,0.0,0.0,0.0,0.0
1937,846.04,758.2,1152.05,1014.35,256.15,65.0375,0.1868,0.0,-758.2,0.0,6.8165,0.0,-758.2,0.0,6.8165,1.0,0.0,0.0,0.0,0.0
1938,846.26,762.2,1126.75,1003.0,240.8,66.054,0.1801,0.0,-762.2,0.0,6.8165,0.0,-762.2,0.0,6.8165,1.0,0.0,0.0,0.0,0.0
1939,846.48,770.85,1144.3,1004.15,233.3,62.4715,0.2043,0.0,-770.85,0.0,6.8165,0.0,-770.85,0.0,6.8165,1.0,0.0,0.0,0.0,0.0
1940,846.71,771.0,1145.8,1001.65,230.65,61.5395,0.2108,0.0,-771.0,0.0,6.8165,0.0,-771.0,0.0,6.8165,1.0,0.0,0.0,0.0,0.0
1941,846.93,773.05,1142.35,1013.05,240.0,64.9878,0.1872,0.0,-773.05,0.0,6.8165,0.0,-773.05,0.0,6.8165,1.0,0.0,0.0,0.0,0.0
1942,847.15,771.0,1143.9,1006.4,235.4,63.1268,0.1998,0.0,-771.0,0.0,6.8165,0.0,-771.0,0.0,6.8165,1.0,0.0,0.0,0.0,0.0
1943,847.37,772.2,1129.35,1004.6,232.4,65.0707,0.1866,0.0,-772.2,0.0,6.8165,0.0,-772.2,0.0,6.8165,1.0,0.0,0.0,0.0,0.0
1944,847.59,746.75,1127.8,990.05,243.3,63.8499,0.1948,0.0,-746.75,0.0,6.8165,0.0,-746.75,0.0,6.8165,1.0,0.0,0.0,0.0,0.0
1945,847.81,777.3,1132.95,988.6,211.3,59.4123,0.2261,0.0,-777.3,0.0,6.8165,0.0,-777.3,0.0,6.8165,1.0,0.0,0.0,0.0,0.0
1946,848.03,754.35,1138.35,1013.3,258.95,67.4349,0.1711,0.0,-754.35,0.0,6.8165,0.0,-754.35,0.0,6.8165,1.0,0.0,0.0,0.0,0.0
1947,848.26,757.25,1135.4,999.95,242.7,64.1809,0.1926,0.0,-757.25,0.0,6.8165,0.0,-757.25,0.0,6.8165,1.0,0.0,0.0,0.0,0.0
1948,848.48,760.4,1123.55,994.0,233.6,64.326,0.1916,0.0,-760.4,0.0,6.8165,0.0,-760.4,0.0,6.8165,1.0,0.0,0.0,0.0,0.0
1949,848.7,763.3,1120.5,982.0,218.7,61.2262,0.2131,0.0,-763.3,0.0,6.8165,0.0,-763.3,0.0,6.8165,1.0,0.0,0.0,0.0,0.0
1950,848.92,759.9,1113.4,1002.8,242.9,68.7129,0.163,0.0,-759.9,0.0,6.8165,0.0,-759.9,0.0,6.8165,1.0,0.0,0.0,0.0,0.0
1951,849.14,761.95,1119.35,994.55,232.6,65.0811,0.1865,0.0,-761.95,0.0,6.8165,0.0,-761.95,0.0,6.8165,1.0,0.0,0.0,0.0,0.0
1952,849.36,766.4,1130.85,1009.3,242.9,66.6484,0.1762,0.0,-766.4,0.0,6.8165,0.0,-766.4,0.0,6.8165,1.0,0.0,0.0,0.0,0.0
1953,849.58,768.3,1130.85,984.9,216.6,59.7435,0.2237,0.0,-768.3,0.0,6.8165,0.0,-768.3,0.0,6.8165,1.0,0.0,0.0,0.0,0.0
1954,849.8,762.9,1125.6,992.25,229.35,63.2341,0.199,0.0,-762.9,0.0,6.8165,0.0,-762.9,0.0,6.8165,1.0,0.0,0.0,0.0,0.0
1955,850.02,761.35,1115.45,993.15,231.8,65.4617,0.184,0.0,-761.35,0.0,6.8165,0.0,-761.35,0.0,6.8165,1.0,0.0,0.0,0.0,0.0
1956,850.24,756.5,1122.55,989.6,233.1,63.6798,0.196,0.0,-756.5,0.0,6.8165,0.0,-756.5,0.0,6.8165,1.0,0.0,0.0,0.0,0.0
1957,850.46,764.15,1123.4,997.0,232.85,64.8156,0.1883,0.0,-764.15,0.0,6.8165,0.0,-764.15,0.0,6.8165,1.0,0.0,0.0,0.0,0.0
1958,850.68,751.4,1115.45,982.9,231.5,63.5902,0.1966,0.0,-751.4,0.0,6.8165,0.0,-751.4,0.0,6.8165,1.0,0.0,0.0,0.0,0.0
1959,850.9,769.7,1108.45,979.35,209.65,61.8893,0.2084,0.0,-769.7,0.0,6.8165,0.0,-769.7,0.0,6.8165,1.0,0.0,0.0,0.0,0.0
1960,851.12,763.2,1115.6,981.55,218.35,61.9608,0.2079,0.0,-763.2,0.0,6.8165,0.0,-763.2,0.0,6.8165,1.0,0.0,0.0,0.0,0.0
1961,851.34,755.0,1111.7,986.9,231.9,65.0126,0.187,0.0,-755.0,0.0,6.8165,0.0,-755.0,0.0,6.8165,1.0,0.0,0.0,0.0,0.0
1962,851.56,761.35,1102.55,993.25,231.9,67.966,0.1677,0.0,-761.35,0.0,6.8165,0.0,-761.35,0.0,6.8165,1.0,0.0,0.0,0.0,0.0
1963,851.78,752.1,1113.4,963.8,211.7,58.594,0.2321,0.0,-752.1,0.0,6.8165,0.0,-752.1,0.0,6.8165,1.0,0.0,0.0,0.0,0.0
1964,852.0,752.4,1098.6,981.55,229.15,66.1901,0.1792,0.0,-752.4,0.0,6.8165,0.0,-752.4,0.0,6.8165,1.0,0.0,0.0,0.0,0.0
1965,852.21,779.65,1097.75,984.75,205.1,64.4766,0.1906,0.0,-779.65,0.0,6.8165,0.0,-779.65,0.0,6.8165,1.0,0.0,0.0,0.0,0.0
1966,852.43,769.55,1103.9,987.7,218.15,65.246,0.1854,0.0,-769.55,0.0,6.8165,0.0,-769.55,0.0,6.8165,1.0,0.0,0.0,0.0,0.0
1967,852.65,769.05,1092.05,972.45,203.4,62.9721,0.2009,0.0,-769.05,0.0,6.8165,0.0,-769.05,0.0,6.8165,1.0,0.0,0.0,0.0,0.0
1968,852.87,770.8,1110.85,963.35,192.55,56.624,0.247,0.0,-770.8,0.0,6.8165,0.0,-770.8,0.0,6.8165,1.0,0.0,0.0,0.0,0.0
1969,853.09,754.25,1106.6,981.65,227.4,64.5381,0.1902,0.0,-754.25,0.0,6.8165,0.0,-754.25,0.0,6.8165,1.0,0.0,0.0,0.0,0.0
1970,853.31,762.45,1111.5,977.35,214.9,61.5671,0.2107,0.0,-762.45,0.0,6.8165,0.0,-762.45,0.0,6.8165,1.0,0.0,0.0,0.0,0.0
1971,853.53,775.05,1110.2,976.85,201.8,60.2118,0.2203,0.0,-775.05,0.0,6.8165,0.0,-775.05,0.0,6.8165,1.0,0.0,0.0,0.0,0.0
1972,853.74,768.15,1097.15,977.65,209.5,63.6778,0.196,0.0,-768.15,0.0,6.8165,0.0,-768.15,0.0,6.8165,1.0,0.0,0.0,0.0,0.0
1973,853.96,773.0,1085.0,955.55,182.55,58.5096,0.2328,0.0,-773.0,0.0,6.8165,0.0,-773.0,0.0,6.8165,1.0,0.0,0.0,0.0,0.0
1974,854.18,763.2,1101.3,967.4,204.2,60.3963,0.219,0.0,-763.2,0.0,6.8165,0.0,-763.2,0.0,6.8165,1.0,0.0,0.0,0.0,0.0
1975,854.4,772.35,1083.35,959.6,187.25,60.209,0.2203,0.0,-772.35,0.0,6.8165,0.0,-772.35,0.0,6.8165,1.0,0.0,0.0,0.0,0.0
1976,854.62,762.4,1099.5,974.7,212.3,62.9783,0.2008,0.0,-762.4,0.0,6.8165,0.0,-762.4,0.0,6.8165,1.0,0.0,0.0,0.0,0.0
1977,854.83,752.2,1092.4,956.05,203.85,59.9206,0.2224,0.0,-752.2,0.0,6.8165,0.0,-752.2,0.0,6.8165,1.0,0.0,0.0,0.0,0.0
1978,855.05,766.15,1077.2,969.65,203.5,65.4236,0.1843,0.0,-766.15,0.0,6.8165,0.0,-766.15,0.0,6.8165,1.0,0.0,0.0,0.0,0.0
1979,855.27,749.95,1087.1,954.0,204.05,60.522,0.2181,0.0,-749.95,0.0,6.8165,0.0,-749.95,0.0,6.8165,1.0,0.0,0.0,0.0,0.0
1980,855.49,765.1,1089.4,955.95,190.85,58.8498,0.2303,0.0,-765.1,0.0,6.8165,0.0,-765.1,0.0,6.8165,1.0,0.0,0.0,0.0,0.0
1981,855.71,766.8,1082.75,964.55,197.75,62.589,0.2035,0.0,-766.8,0.0,6.8165,0.0,-766.8,0.0,6.8165,1.0,0.0,0.0,0.0,0.0
1982,855.92,773.1,1066.5,954.0,180.9,61.6564,0.21,0.0,-773.1,0.0,6.8165,0.0,-773.1,0.0,6.8165,1.0,0.0,0.0,0.0,0.0
1983,856.14,765.75,1086.75,966.5,200.75,62.5389,0.2038,0.0,-765.75,0.0,6.8165,0.0,-765.75,0.0,6.8165,1.0,0.0,0.0,0.0,0.0
1984,856.36,764.65,1075.0,971.3,206.65,66.5861,0.1766,0.0,-764.65,0.0,6.8165,0.0,-764.65,0.0,6.8165,1.0,0.0,0.0,0.0,0.0
1985,856.57,764.9,1078.9,964.95,200.05,63.7102,0.1958,0.0,-764.9,0.0,6.8165,0.0,-764.9,0.0,6.8165,1.0,0.0,0.0,0.0,0.0
1986,856.79,766.9,1069.55,959.1,192.2,63.5057,0.1972,0.0,-766.9,0.0,6.8165,0.0,-766.9,0.0,6.8165,1.0,0.0,0.0,0.0,0.0
1987,857.01,770.35,1072.8,948.25,177.9,58.8196,0.2305,0.0,-770.35,0.0,6.8165,0.0,-770.35,0.0,6.8165,1.0,0.0,0.0,0.0,0.0
1988,857.22,766.55,1070.3,949.15,182.6,60.1152,0.221,0.0,-766.55,0.0,6.8165,0.0,-766.55,0.0,6.8165,1.0,0.0,0.0,0.0,0.0
1989,857.44,768.3,1084.0,966.6,198.3,62.8128,0.202,0.0,-768.3,0.0,6.8165,0.0,-768.3,0.0,6.8165,1.0,0.0,0.0,0.0,0.0
1990,857.66,762.55,1069.95,971.4,208.85,67.9408,0.1679,0.0,-762.55,0.0,6.8165,0.0,-762.55,0.0,6.8165,1.0,0.0,0.0,0.0,0.0
1991,857.87,762.9,1058.05,965.65,202.75,68.6939,0.1631,0.0,-762.9,0.0,6.8165,0.0,-762.9,0.0,6.8165,1.0,0.0,0.0,0.0,0.0
1992,858.09,764.35,1087.15,950.75,186.4,57.7447,0.2385,0.0,-764.35,0.0,6.8165,0.0,-764.35,0.0,6.8165,1.0,0.0,0.0,0.0,0.0
1993,858.31,756.75,1067.05,959.7,202.95,65.4044,0.1844,0.0,-756.75,0.0,6.8165,0.0,-756.75,0.0,6.8165,1.0,0.0,0.0,0.0,0.0
1994,858.52,758.7,1075.65,957.0,198.3,62.5651,0.2037,0.0,-758.7,0.0,6.8165,0.0,-758.7,0.0,6.8165,1.0,0.0,0.0,0.0,0.0
1995,858.74,778.0,1050.9,954.1,176.1,64.5291,0.1902,0.0,-778.0,0.0,6.8165,0.0,-778.0,0.0,6.8165,1.0,0.0,0.0,0.0,0.0
1996,858.95,767.5,1063.35,955.55,188.05,63.5626,0.1968,0.0,-767.5,0.0,6.8165,0.0,-767.5,0.0,6.8165,1.0,0.0,0.0,0.0,0.0
1997,859.17,766.25,1058.5,961.5,195.25,66.8092,0.1752,0.0,-766.25,0.0,6.8165,0.0,-766.25,0.0,6.8165,1.0,0.0,0.0,0.0,0.0
1998,859.39,769.2,1072.4,947.9,178.7,58.938,0.2296,0.0,-769.2,0.0,6.8165,0.0,-769.2,0.0,6.8165,1.0,0.0,0.0,0.0,0.0
1999,859.6,768.3,1061.2,939.75,171.45,58.5353,0.2326,0.0,-768.3,0.0,6.8165,0.0,-768.3,0.0,6.8165,1.0,0.0,0.0,0.0,0.0
2000,859.82,775.1,1057.85,940.95,165.85,58.6561,0.2317,0.0,-775.1,0.0,6.8165,0.0,-775.1,0.0,6.8165,1.0,0.0,0.0,0.0,0.0
2001,860.03,772.15,1071.3,932.35,160.2,53.5517,0.2712,0.0,-772.15,0.0,6.8165,0.0,-772.15,0.0,6.8165,1.0,0.0,0.0,0.0,0.0
2002,860.25,768.9,1061.2,950.6,181.7,62.1622,0.2065,0.0,-768.9,0.0,6.8165,0.0,-768.9,0.0,6.8165,1.0,0.0,0.0,0.0,0.0
2003,860.46,754.2,1059.5,949.6,195.4,64.0026,0.1938,0.0,-754.2,0.0,6.8165,0.0,-754.2,0.0,6.8165,1.0,0.0,0.0,0.0,0.0
2004,860.68,761.05,1064.0,961.85,200.8,66.2816,0.1786,0.0,-761.05,0.0,6.8165,0.0,-761.05,0.0,6.8165,1.0,0.0,0.0,0.0,0.0
2005,860.89,769.55,1048.6,944.5,174.95,62.6949,0.2028,0.0,-769.55,0.0,6.8165,0.0,-769.55,0.0,6.8165,1.0,0.0,0.0,0.0,0.0
2006,861.11,765.6,1049.15,941.8,176.2,62.1407,0.2066,0.0,-765.6,0.0,6.8165,0.0,-765.6,0.0,6.8165,1.0,0.0,0.0,0.0,0.0
2007,861.32,777.0,1038.6,944.2,167.2,63.9144,0.1944,0.0,-777.0,0.0,6.8165,0.0,-777.0,0.0,6.8165,1.0,0.0,0.0,0.0,0.0
2008,861.54,765.05,1029.55,937.55,172.5,65.2174,0.1856,0.0,-765.05,0.0,6.8165,0.0,-765.05,0.0,6.8165,1.0,0.0,0.0,0.0,0.0
2009,861.75,777.6,1031.75,943.6,166.0,65.3158,0.185,0.0,-777.6,0.0,6.8165,0.0,-777.6,0.0,6.8165,1.0,0.0,0.0,0.0,0.0
2010,861.96,778.2,1036.75,931.3,153.1,59.2149,0.2276,0.0,-778.2,0.0,6.8165,0.0,-778.2,0.0,6.8165,1.0,0.0,0.0,0.0,0.0
2011,862.18,771.8,1050.75,949.2,177.4,63.5956,0.1966,0.0,-771.8,0.0,6.8165,0.0,-771.8,0.0,6.8165,1.0,0.0,0.0,0.0,0.0
2012,862.39,765.35,1020.0,937.75,172.4,67.7008,0.1694,0.0,-765.35,0.0,6.8165,0.0,-765.35,0.0,6.8165,1.0,0.0,0.0,0.0,0.0
2013,862.61,761.0,1013.95,928.2,167.2,66.1,0.1798,0.0,-761.0,0.0,6.8165,0.0,-761.0,0.0,6.8165,1.0,0.0,0.0,0.0,0.0
2014,862.82,769.15,1025.8,928.75,159.6,62.1859,0.2063,0.0,-769.15,0.0,6.8165,0.0,-769.15,0.0,6.8165,1.0,0.0,0.0,0.0,0.0
2015,863.03,759.8,1031.0,915.15,155.35,57.2824,0.242,0.0,-759.8,0.0,6.8165,0.0,-759.8,0.0,6.8165,1.0,0.0,0.0,0.0,0.0
2016,863.25,765.3,1023.6,929.25,163.95,63.4727,0.1974,0.0,-765.3,0.0,6.8165,0.0,-765.3,0.0,6.8165,1.0,0.0,0.0,0.0,0.0
2017,863.46,765.65,1035.5,927.85,162.2,60.1075,0.2211,0.0,-765.65,0.0,6.8165,0.0,-765.65,0.0,6.8165,1.0,0.0,0.0,0.0,0.0
2018,863.68,765.45,1033.7,928.6,163.15,60.8201,0.216,0.0,-765.45,0.0,6.8165,0.0,-765.45,0.0,6.8165,1.0,0.0,0.0,0.0,0.0
2019,863.89,762.05,1017.8,923.45,161.4,63.1085,0.1999,0.0,-762.05,0.0,6.8165,0.0,-762.05,0.0,6.8165,1.0,0.0,0.0,0.0,0.0
2020,864.1,748.8,1001.3,921.75,172.95,68.495,0.1643,0.0,-748.8,0.0,6.8165,0.0,-748.8,0.0,6.8165,1.0,0.0,0.0,0.0,0.0
2021,864.32,770.7,1012.5,928.3,157.6,65.1778,0.1859,0.0,-770.7,0.0,6.8165,0.0,-770.7,0.0,6.8165,1.0,0.0,0.0,0.0,0.0
2022,864.53,775.0,1011.55,922.55,147.55,62.3758,0.205,0.0,-775.0,0.0,6.8165,0.0,-775.0,0.0,6.8165,1.0,0.0,0.0,0.0,0.0
2023,864.74,762.4,1020.7,922.6,160.2,62.0209,0.2075,0.0,-762.4,0.0,6.8165,0.0,-762.4,0.0,6.8165,1.0,0.0,0.0,0.0,0.0
2024,864.95,767.65,1011.4,939.5,171.85,70.5026,0.1518,0.0,-767.65,0.0,6.8165,0.0,-767.65,0.0,6.8165,1.0,0.0,0.0,0.0,0.0
2025,865.17,772.7,1007.2,930.05,157.35,67.1002,0.1733,0.0,-772.7,0.0,6.8165,0.0,-772.7,0.0,6.8165,1.0,0.0,0.0,0.0,0.0
2026,865.38,758.35,1000.5,918.5,160.15,66.1367,0.1796,0.0,-758.35,0.0,6.8165,0.0,-758.35,0.0,6.8165,1.0,0.0,0.0,0.0,0.0
2027,865.59,767.35,995.9,927.0,159.65,69.8534,0.1558,0.0,-767.35,0.0,6.8165,0.0,-767.35,0.0,6.8165,1.0,0.0,0.0,0.0,0.0
2028,865.81,767.1,997.65,915.35,148.25,64.3028,0.1918,0.0,-767.1,0.0,6.8165,0.0,-767.1,0.0,6.8165,1.0,0.0,0.0,0.0,0.0
2029,866.02,779.2,1015.15,914.8,135.6,57.4698,0.2406,0.0,-779.2,0.0,6.8165,0.0,-779.2,0.0,6.8165,1.0,0.0,0.0,0.0,0.0
2030,866.23,771.2,997.45,905.85,134.65,59.5138,0.2254,0.0,-771.2,0.0,6.8165,0.0,-771.2,0.0,6.8165,1.0,0.0,0.0,0.0,0.0
2031,866.44,757.55,1002.35,899.9,142.35,58.1495,0.2355,0.0,-757.55,0.0,6.8165,0.0,-757.55,0.0,6.8165,1.0,0.0,0.0,0.0,0.0
2032,866.65,759.75,1000.8,921.85,162.1,67.2475,0.1723,0.0,-759.75,0.0,6.8165,0.0,-759.75,0.0,6.8165,1.0,0.0,0.0,0.0,0.0
2033,866.87,753.2,999.85,886.9,133.7,54.2064,0.2659,0.0,-753.2,0.0,6.8165,0.0,-753.2,0.0,6.8165,1.0,0.0,0.0,0.0,0.0
2034,867.08,763.95,991.5,915.65,151.7,66.6667,0.1761,0.0,-763.95,0.0,6.8165,0.0,-763.95,0.0,6.8165,1.0,0.0,0.0,0.0,0.0
2035,867.29,767.1,1006.75,912.35,145.25,60.6092,0.2175,0.0,-767.1,0.0,6.8165,0.0,-767.1,0.0,6.8165,1.0,0.0,0.0,0.0,0.0
2036,867.5,776.75,998.4,901.9,125.15,56.4629,0.2482,0.0,-776.75,0.0,6.8165,0.0,-776.75,0.0,6.8165,1.0,0.0,0.0,0.0,0.0
2037,867.71,774.4,983.65,909.8,135.4,64.7073,0.189,0.0,-774.4,0.0,6.8165,0.0,-774.4,0.0,6.8165,1.0,0.0,0.0,0.0,0.0
2038,867.92,761.75,1006.35,912.7,150.95,61.713,0.2096,0.0,-761.75,0.0,6.8165,0.0,-761.75,0.0,6.8165,1.0,0.0,0.0,0.0,0.0
2039,868.14,761.75,998.5,903.65,141.9,59.9366,0.2223,0.0,-761.75,0.0,6.8165,0.0,-761.75,0.0,6.8165,1.0,0.0,0.0,0.0,0.0
2040,868.35,757.15,1008.5,906.7,149.55,59.4987,0.2255,0.0,-757.15,0.0,6.8165,0.0,-757.15,0.0,6.8165,1.0,0.0,0.0,0.0,0.0
2041,868.56,765.15,989.3,907.15,142.0,63.3504,0.1983,0.0,-765.15,0.0,6.8165,0.0,-765.15,0.0,6.8165,1.0,0.0,0.0,0.0,0.0
2042,868.77,776.35,1002.65,917.45,141.1,62.3509,0.2052,0.0,-776.35,0.0,6.8165,0.0,-776.35,0.0,6.8165,1.0,0.0,0.0,0.0,0.0
2043,868.98,761.6,989.45,907.05,145.45,63.8359,0.1949,0.0,-761.6,0.0,6.8165,0.0,-761.6,0.0,6.8165,1.0,0.0,0.0,0.0,0.0
2044,869.19,770.75,1003.95,910.05,139.3,59.7341,0.2238,0.0,-770.75,0.0,6.8165,0.0,-770.75,0.0,6.8165,1.0,0.0,0.0,0.0,0.0
2045,869.4,772.8,997.5,895.6,122.8,54.6506,0.2624,0.0,-772.8,0.0,6.8165,0.0,-772.8,0.0,6.8165,1.0,0.0,0.0,0.0,0.0
2046,869.61,767.2,983.95,899.1,131.9,60.8535,0.2157,0.0,-767.2,0.0,6.8165,0.0,-767.2,0.0,6.8165,1.0,0.0,0.0,0.0,0.0
2047,869.82,765.6,970.65,911.25,145.65,71.0315,0.1485,0.0,-765.6,0.0,6.8165,0.0,-765.6,0.0,6.8165,1.0,0.0,0.0,0.0,0.0
