Pixel,Wavelength,Dark,Reference,Raw data #1,Dark Subtracted #1,%TR #1,Absorbance #1,Raw data #2,Dark Subtracted #2,%TR #2,Absorbance #2,Raw data #3,Dark Subtracted #3,%TR #3,Absorbance #3,Errands Ref,Errands Fit,Irradiance_1,Irradiance_2,Irradiance_3
0,231.94,798.4,783.7,779.75,-18.65,110.0,-0.0414,0.0,-798.4,110.0,-0.0414,0.0,-798.4,110.0,-0.0414,1.0,0.0,0.0,0.0,0.0
1,232.35,798.4,783.7,779.75,-18.65,110.0,-0.0414,0.0,-798.4,110.0,-0.0414,0.0,-798.4,110.0,-0.0414,1.0,0.0,0.0,0.0,0.0
2,232.76,791.35,791.9,773.5,-17.85,0.0,6.8165,0.0,-791.35,0.0,6.8165,0.0,-791.35,0.0,6.8165,1.0,0.0,0.0,0.0,0.0
3,233.16,753.0,679.05,723.3,-29.7,40.1623,0.3962,0.0,-753.0,110.0,-0.0414,0.0,-753.0,110.0,-0.0414,1.0,0.0,0.0,0.0,0.0
4,233.57,786.15,777.25,784.15,-2.0,22.4719,0.6484,0.0,-786.15,0.0,6.8165,0.0,-786.15,0.0,6.8165,1.0,0.0,0.0,0.0,0.0
5,233.98,791.55,797.2,795.6,4.05,71.6814,0.1446,0.0,-791.55,0.0,6.8165,0.0,-791.55,0.0,6.8165,1.0,0.0,0.0,0.0,0.0
6,234.38,799.5,782.6,796.6,-2.9,17.1598,0.7655,0.0,-799.5,110.0,-0.0414,0.0,-799.5,110.0,-0.0414,1.0,0.0,0.0,0.0,0.0
7,234.79,797.65,780.65,788.45,-9.2,54.1176,0.2667,0.0,-797.65,0.0,6.8165,0.0,-797.65,0.0,6.8165,1.0,0.0,0.0,0.0,0.0
8,235.2,798.25,795.4,782.45,-15.8,110.0,-0.0414,0.0,-798.25,110.0,-0.0414,0.0,-798.25,110.0,-0.0414,1.0,0.0,0.0,0.0,0.0
9,235.6,777.85,797.0,783.05,5.2,27.154,0.5662,0.0,-777.85,0.0,6.8165,0.0,-777.85,0.0,6.8165,1.0,0.0,0.0,0.0,0.0
10,236.01,780.65,791.6,787.0,6.35,57.9909,0.2366,0.0,-780.65,0.0,6.8165,0.0,-780.65,0.0,6.8165,1.0,0.0,0.0,0.0,0.0
11,236.41,785.75,801.95,786.35,0.6,3.7037,1.4314,0.0,-785.75,0.0,6.8165,0.0,-785.75,0.0,6.8165,1.0,0.0,0.0,0.0,0.0
12,236.82,791.85,788.1,787.25,-4.6,110.0,-0.0414,0.0,-791.85,0.0,6.8165,0.0,-791.85,0.0,6.8165,1.0,0.0,0.0,0.0,0.0
13,237.23,788.15,787.7,792.45,4.3,0.0,6.8165,0.0,-788.15,0.0,6.8165,0.0,-788.15,0.0,6.8165,1.0,0.0,0.0,0.0,0.0
14,237.63,792.85,775.0,788.6,-4.25,23.8095,0.6232,0.0,-792.85,110.0,-0.0414,0.0,-792.85,110.0,-0.0414,1.0,0.0,0.0,0.0,0.0
15,238.04,779.1,790.5,772.85,-6.25,0.0,6.8165,0.0,-779.1,0.0,6.8165,0.0,-779.1,0.0,6.8165,1.0,0.0,0.0,0.0,0.0
16,238.44,789.3,781.9,786.9,-2.4,32.4324,0.489,0.0,-789.3,0.0,6.8165,0.0,-789.3,0.0,6.8165,1.0,0.0,0.0,0.0,0.0
17,238.85,790.2,786.45,781.3,-8.9,110.0,-0.0414,0.0,-790.2,110.0,-0.0414,0.0,-790.2,110.0,-0.0414,1.0,0.0,0.0,0.0,0.0
18,239.25,785.8,793.95,791.35,5.55,68.0982,0.1669,0.0,-785.8,110.0,-0.0414,0.0,-785.8,110.0,-0.0414,1.0,0.0,0.0,0.0,0.0
19,239.66,785.1,787.0,773.8,-11.3,0.0,6.8165,0.0,-785.1,110.0,-0.0414,0.0,-785.1,110.0,-0.0414,1.0,0.0,0.0,0.0,0.0
20,240.07,777.35,781.4,772.3,-5.05,0.0,6.8165,0.0,-777.35,110.0,-0.0414,0.0,-777.35,110.0,-0.0414,1.0,0.0,0.0,0.0,0.0
21,240.47,782.95,786.05,786.7,3.75,110.0,-0.0414,0.0,-782.95,0.0,6.8165,0.0,-782.95,0.0,6.8165,1.0,0.0,0.0,0.0,0.0
22,240.88,768.95,789.2,777.25,8.3,40.9877,0.3873,0.0,-768.95,0.0,6.8165,0.0,-768.95,0.0,6.8165,1.0,0.0,0.0,0.0,0.0
23,241.28,798.35,782.8,779.85,-18.5,110.0,-0.0414,0.0,-798.35,110.0,-0.0414,0.0,-798.35,110.0,-0.0414,1.0,0.0,0.0,0.0,0.0
24,241.69,792.4,791.85,789.1,-3.3,110.0,-0.0414,0.0,-792.4,110.0,-0.0414,0.0,-792.4,110.0,-0.0414,1.0,0.0,0.0,0.0,0.0
25,242.09,782.35,770.25,766.45,-15.9,110.0,-0.0414,0.0,-782.35,0.0,6.8165,0.0,-782.35,0.0,6.8165,1.0,0.0,0.0,0.0,0.0
26,242.5,790.4,788.05,787.1,-3.3,110.0,-0.0414,0.0,-790.4,110.0,-0.0414,0.0,-790.4,110.0,-0.0414,1.0,0.0,0.0,0.0,0.0
27,242.9,800.2,784.55,802.4,2.2,0.0,6.8165,0.0,-800.2,110.0,-0.0414,0.0,-800.2,110.0,-0.0414,1.0,0.0,0.0,0.0,0.0
28,243.3,786.15,796.0,783.3,-2.85,0.0,6.8165,0.0,-786.15,0.0,6.8165,0.0,-786.15,0.0,6.8165,1.0,0.0,0.0,0.0,0.0
29,243.71,793.6,790.2,787.65,-5.95,110.0,-0.0414,0.0,-793.6,110.0,-0.0414,0.0,-793.6,110.0,-0.0414,1.0,0.0,0.0,0.0,0.0
30,244.11,792.35,788.0,797.05,4.7,0.0,6.8165,0.0,-792.35,110.0,-0.0414,0.0,-792.35,110.0,-0.0414,1.0,0.0,0.0,0.0,0.0
31,244.52,794.7,771.55,776.45,-18.25,78.8337,0.1033,0.0,-794.7,110.0,-0.0414,0.0,-794.7,110.0,-0.0414,1.0,0.0,0.0,0.0,0.0
32,244.92,796.1,776.6,793.25,-2.85,14.6154,0.8352,0.0,-796.1,110.0,-0.0414,0.0,-796.1,110.0,-0.0414,1.0,0.0,0.0,0.0,0.0
33,245.33,788.1,776.7,783.35,-4.75,41.6667,0.3802,0.0,-788.1,110.0,-0.0414,0.0,-788.1,110.0,-0.0414,1.0,0.0,0.0,0.0,0.0
34,245.73,779.35,776.3,793.55,14.2,0.0,6.8165,0.0,-779.35,0.0,6.8165,0.0,-779.35,0.0,6.8165,1.0,0.0,0.0,0.0,0.0
35,246.13,783.8,807.8,782.65,-1.15,0.0,6.8165,0.0,-783.8,0.0,6.8165,0.0,-783.8,0.0,6.8165,1.0,0.0,0.0,0.0,0.0
36,246.54,788.9,864.7,798.75,9.85,12.9947,0.8862,0.0,-788.9,0.0,6.8165,0.0,-788.9,0.0,6.8165,1.0,0.0,0.0,0.0,0.0
37,246.94,782.7,858.4,785.4,2.7,3.5667,1.4477,0.0,-782.7,0.0,6.8165,0.0,-782.7,0.0,6.8165,1.0,0.0,0.0,0.0,0.0
38,247.35,788.7,850.85,786.4,-2.3,0.0,6.8165,0.0,-788.7,0.0,6.8165,0.0,-788.7,0.0,6.8165,1.0,0.0,0.0,0.0,0.0
39,247.75,778.1,865.95,793.45,15.35,17.473,0.7576,0.0,-778.1,0.0,6.8165,0.0,-778.1,0.0,6.8165,1.0,0.0,0.0,0.0,0.0
40,248.15,776.6,854.8,790.1,13.5,17.2634,0.7629,0.0,-776.6,0.0,6.8165,0.0,-776.6,0.0,6.8165,1.0,0.0,0.0,0.0,0.0
41,248.56,784.95,846.65,792.5,7.55,12.2366,0.9123,0.0,-784.95,0.0,6.8165,0.0,-784.95,0.0,6.8165,1.0,0.0,0.0,0.0,0.0
42,248.96,790.0,862.7,781.75,-8.25,0.0,6.8165,0.0,-790.0,0.0,6.8165,0.0,-790.0,0.0,6.8165,1.0,0.0,0.0,0.0,0.0
43,249.36,786.65,853.8,779.6,-7.05,0.0,6.8165,0.0,-786.65,0.0,6.8165,0.0,-786.65,0.0,6.8165,1.0,0.0,0.0,0.0,0.0
44,249.77,775.8,848.15,788.7,12.9,17.83,0.7488,0.0,-775.8,0.0,6.8165,0.0,-775.8,0.0,6.8165,1.0,0.0,0.0,0.0,0.0
45,250.17,778.7,840.6,788.2,9.5,15.3473,0.814,0.0,-778.7,0.0,6.8165,0.0,-778.7,0.0,6.8165,1.0,0.0,0.0,0.0,0.0
46,250.57,789.25,873.65,789.3,0.05,0.0592,3.2274,0.0,-789.25,0.0,6.8165,0.0,-789.25,0.0,6.8165,1.0,0.0,0.0,0.0,0.0
47,250.97,790.35,856.35,795.45,5.1,7.7273,1.112,0.0,-790.35,0.0,6.8165,0.0,-790.35,0.0,6.8165,1.0,0.0,0.0,0.0,0.0
48,251.38,779.2,857.6,785.6,6.4,8.1633,1.0881,0.0,-779.2,0.0,6.8165,0.0,-779.2,0.0,6.8165,1.0,0.0,0.0,0.0,0.0
49,251.78,804.65,858.3,790.3,-14.35,0.0,6.8165,0.0,-804.65,0.0,6.8165,0.0,-804.65,0.0,6.8165,1.0,0.0,0.0,0.0,0.0
50,252.18,774.8,876.05,788.5,13.7,13.5309,0.8687,0.0,-774.8,0.0,6.8165,0.0,-774.8,0.0,6.8165,1.0,0.0,0.0,0.0,0.0
51,252.59,794.25,856.85,779.25,-15.0,0.0,6.8165,0.0,-794.25,0.0,6.8165,0.0,-794.25,0.0,6.8165,1.0,0.0,0.0,0.0,0.0
52,252.99,796.85,867.2,770.45,-26.4,0.0,6.8165,0.0,-796.85,0.0,6.8165,0.0,-796.85,0.0,6.8165,1.0,0.0,0.0,0.0,0.0
53,253.39,802.3,870.6,796.05,-6.25,0.0,6.8165,0.0,-802.3,0.0,6.8165,0.0,-802.3,0.0,6.8165,1.0,0.0,0.0,0.0,0.0
54,253.79,784.5,871.45,773.7,-10.8,0.0,6.8165,0.0,-784.5,0.0,6.8165,0.0,-784.5,0.0,6.8165,1.0,0.0,0.0,0.0,0.0
55,254.2,787.3,865.95,778.0,-9.3,0.0,6.8165,0.0,-787.3,0.0,6.8165,0.0,-787.3,0.0,6.8165,1.0,0.0,0.0,0.0,0.0
56,254.6,782.75,850.3,801.8,19.05,28.2013,0.5497,0.0,-782.75,0.0,6.8165,0.0,-782.75,0.0,6.8165,1.0,0.0,0.0,0.0,0.0
57,255.0,785.45,871.55,805.6,20.15,23.403,0.6307,0.0,-785.45,0.0,6.8165,0.0,-785.45,0.0,6.8165,1.0,0.0,0.0,0.0,0.0
58,255.4,782.85,851.05,799.15,16.3,23.9003,0.6216,0.0,-782.85,0.0,6.8165,0.0,-782.85,0.0,6.8165,1.0,0.0,0.0,0.0,0.0
59,255.8,785.1,880.55,784.05,-1.05,0.0,6.8165,0.0,-785.1,0.0,6.8165,0.0,-785.1,0.0,6.8165,1.0,0.0,0.0,0.0,0.0
60,256.2,777.25,878.5,786.55,9.3,9.1852,1.0369,0.0,-777.25,0.0,6.8165,0.0,-777.25,0.0,6.8165,1.0,0.0,0.0,0.0,0.0
61,256.61,787.85,875.95,795.8,7.95,9.0238,1.0446,0.0,-787.85,0.0,6.8165,0.0,-787.85,0.0,6.8165,1.0,0.0,0.0,0.0,0.0
62,257.01,793.2,865.35,794.15,0.95,1.3167,1.8805,0.0,-793.2,0.0,6.8165,0.0,-793.2,0.0,6.8165,1.0,0.0,0.0,0.0,0.0
63,257.41,781.1,855.85,798.25,17.15,22.9431,0.6393,0.0,-781.1,0.0,6.8165,0.0,-781.1,0.0,6.8165,1.0,0.0,0.0,0.0,0.0
64,257.81,783.3,863.4,796.45,13.15,16.417,0.7847,0.0,-783.3,0.0,6.8165,0.0,-783.3,0.0,6.8165,1.0,0.0,0.0,0.0,0.0
65,258.21,792.5,857.7,792.45,-0.05,0.0,6.8165,0.0,-792.5,0.0,6.8165,0.0,-792.5,0.0,6.8165,1.0,0.0,0.0,0.0,0.0
66,258.61,795.85,868.45,790.8,-5.05,0.0,6.8165,0.0,-795.85,0.0,6.8165,0.0,-795.85,0.0,6.8165,1.0,0.0,0.0,0.0,0.0
67,259.01,777.0,857.65,777.8,0.8,0.9919,2.0035,0.0,-777.0,0.0,6.8165,0.0,-777.0,0.0,6.8165,1.0,0.0,0.0,0.0,0.0
68,259.42,796.45,862.3,780.7,-15.75,0.0,6.8165,0.0,-796.45,0.0,6.8165,0.0,-796.45,0.0,6.8165,1.0,0.0,0.0,0.0,0.0
69,259.82,781.6,855.4,781.9,0.3,0.4065,2.3909,0.0,-781.6,0.0,6.8165,0.0,-781.6,0.0,6.8165,1.0,0.0,0.0,0.0,0.0
70,260.22,775.3,857.0,772.25,-3.05,0.0,6.8165,0.0,-775.3,0.0,6.8165,0.0,-775.3,0.0,6.8165,1.0,0.0,0.0,0.0,0.0
71,260.62,786.05,868.45,781.9,-4.15,0.0,6.8165,0.0,-786.05,0.0,6.8165,0.0,-786.05,0.0,6.8165,1.0,0.0,0.0,0.0,0.0
72,261.02,785.65,870.8,782.4,-3.25,0.0,6.8165,0.0,-785.65,0.0,6.8165,0.0,-785.65,0.0,6.8165,1.0,0.0,0.0,0.0,0.0
73,261.42,784.95,861.25,773.8,-11.15,0.0,6.8165,0.0,-784.95,0.0,6.8165,0.0,-784.95,0.0,6.8165,1.0,0.0,0.0,0.0,0.0
74,261.82,787.9,870.25,779.0,-8.9,0.0,6.8165,0.0,-787.9,0.0,6.8165,0.0,-787.9,0.0,6.8165,1.0,0.0,0.0,0.0,0.0
75,262.22,774.2,856.6,782.15,7.95,9.6481,1.0156,0.0,-774.2,0.0,6.8165,0.0,-774.2,0.0,6.8165,1.0,0.0,0.0,0.0,0.0
76,262.62,783.85,871.15,793.1,9.25,10.5956,0.9749,0.0,-783.85,0.0,6.8165,0.0,-783.85,0.0,6.8165,1.0,0.0,0.0,0.0,0.0
77,263.02,788.0,863.2,789.9,1.9,2.5266,1.5975,0.0,-788.0,0.0,6.8165,0.0,-788.0,0.0,6.8165,1.0,0.0,0.0,0.0,0.0
78,263.42,788.45,860.5,782.45,-6.0,0.0,6.8165,0.0,-788.45,0.0,6.8165,0.0,-788.45,0.0,6.8165,1.0,0.0,0.0,0.0,0.0
79,263.82,790.85,862.7,789.45,-1.4,0.0,6.8165,0.0,-790.85,0.0,6.8165,0.0,-790.85,0.0,6.8165,1.0,0.0,0.0,0.0,0.0
80,264.22,786.55,864.15,790.8,4.25,5.4768,1.2615,0.0,-786.55,0.0,6.8165,0.0,-786.55,0.0,6.8165,1.0,0.0,0.0,0.0,0.0
81,264.62,793.5,861.05,790.05,-3.45,0.0,6.8165,0.0,-793.5,0.0,6.8165,0.0,-793.5,0.0,6.8165,1.0,0.0,0.0,0.0,0.0
82,265.02,790.8,880.35,789.05,-1.75,0.0,6.8165,0.0,-790.8,0.0,6.8165,0.0,-790.8,0.0,6.8165,1.0,0.0,0.0,0.0,0.0
83,265.42,784.7,857.8,783.75,-0.95,0.0,6.8165,0.0,-784.7,0.0,6.8165,0.0,-784.7,0.0,6.8165,1.0,0.0,0.0,0.0,0.0
84,265.82,791.7,860.5,786.2,-5.5,0.0,6.8165,0.0,-791.7,0.0,6.8165,0.0,-791.7,0.0,6.8165,1.0,0.0,0.0,0.0,0.0
85,266.22,797.75,874.4,772.85,-24.9,0.0,6.8165,0.0,-797.75,0.0,6.8165,0.0,-797.75,0.0,6.8165,1.0,0.0,0.0,0.0,0.0
86,266.62,785.6,874.75,780.55,-5.05,0.0,6.8165,0.0,-785.6,0.0,6.8165,0.0,-785.6,0.0,6.8165,1.0,0.0,0.0,0.0,0.0
87,267.02,785.65,875.5,790.4,4.75,5.2866,1.2768,0.0,-785.65,0.0,6.8165,0.0,-785.65,0.0,6.8165,1.0,0.0,0.0,0.0,0.0
88,267.42,790.35,866.0,783.95,-6.4,0.0,6.8165,0.0,-790.35,0.0,6.8165,0.0,-790.35,0.0,6.8165,1.0,0.0,0.0,0.0,0.0
89,267.82,786.6,871.45,787.45,0.85,1.0018,1.9992,0.0,-786.6,0.0,6.8165,0.0,-786.6,0.0,6.8165,1.0,0.0,0.0,0.0,0.0
90,268.22,777.75,873.25,790.1,12.35,12.9319,0.8883,0.0,-777.75,0.0,6.8165,0.0,-777.75,0.0,6.8165,1.0,0.0,0.0,0.0,0.0
91,268.62,786.7,855.15,790.25,3.55,5.1863,1.2851,0.0,-786.7,0.0,6.8165,0.0,-786.7,0.0,6.8165,1.0,0.0,0.0,0.0,0.0
92,269.01,781.1,869.3,801.25,20.15,22.8458,0.6412,0.0,-781.1,0.0,6.8165,0.0,-781.1,0.0,6.8165,1.0,0.0,0.0,0.0,0.0
93,269.41,796.6,869.1,800.0,3.4,4.6897,1.3289,0.0,-796.6,0.0,6.8165,0.0,-796.6,0.0,6.8165,1.0,0.0,0.0,0.0,0.0
94,269.81,788.3,878.35,783.4,-4.9,0.0,6.8165,0.0,-788.3,0.0,6.8165,0.0,-788.3,0.0,6.8165,1.0,0.0,0.0,0.0,0.0
95,270.21,776.8,883.8,780.85,4.05,3.785,1.4219,0.0,-776.8,0.0,6.8165,0.0,-776.8,0.0,6.8165,1.0,0.0,0.0,0.0,0.0
96,270.61,791.2,871.0,779.6,-11.6,0.0,6.8165,0.0,-791.2,0.0,6.8165,0.0,-791.2,0.0,6.8165,1.0,0.0,0.0,0.0,0.0
97,271.01,780.1,862.9,797.8,17.7,21.3768,0.6701,0.0,-780.1,0.0,6.8165,0.0,-780.1,0.0,6.8165,1.0,0.0,0.0,0.0,0.0
98,271.41,780.75,867.3,784.05,3.3,3.8128,1.4188,0.0,-780.75,0.0,6.8165,0.0,-780.75,0.0,6.8165,1.0,0.0,0.0,0.0,0.0
99,271.81,786.4,860.5,784.8,-1.6,0.0,6.8165,0.0,-786.4,0.0,6.8165,0.0,-786.4,0.0,6.8165,1.0,0.0,0.0,0.0,0.0
100,272.2,784.3,870.65,779.2,-5.1,0.0,6.8165,0.0,-784.3,0.0,6.8165,0.0,-784.3,0.0,6.8165,1.0,0.0,0.0,0.0,0.0
101,272.6,778.7,867.25,778.95,0.25,0.2823,2.5492,0.0,-778.7,0.0,6.8165,0.0,-778.7,0.0,6.8165,1.0,0.0,0.0,0.0,0.0
102,273.0,791.35,863.1,795.2,3.85,5.3659,1.2704,0.0,-791.35,0.0,6.8165,0.0,-791.35,0.0,6.8165,1.0,0.0,0.0,0.0,0.0
103,273.4,790.5,875.35,791.6,1.1,1.2964,1.8873,0.0,-790.5,0.0,6.8165,0.0,-790.5,0.0,6.8165,1.0,0.0,0.0,0.0,0.0
104,273.8,777.55,862.2,788.5,10.95,12.9356,0.8882,0.0,-777.55,0.0,6.8165,0.0,-777.55,0.0,6.8165,1.0,0.0,0.0,0.0,0.0
105,274.19,789.8,870.9,779.5,-10.3,0.0,6.8165,0.0,-789.8,0.0,6.8165,0.0,-789.8,0.0,6.8165,1.0,0.0,0.0,0.0,0.0
106,274.59,794.7,854.0,781.9,-12.8,0.0,6.8165,0.0,-794.7,0.0,6.8165,0.0,-794.7,0.0,6.8165,1.0,0.0,0.0,0.0,0.0
107,274.99,782.05,872.05,779.05,-3.0,0.0,6.8165,0.0,-782.05,0.0,6.8165,0.0,-782.05,0.0,6.8165,1.0,0.0,0.0,0.0,0.0
108,275.39,794.8,853.75,784.15,-10.65,0.0,6.8165,0.0,-794.8,0.0,6.8165,0.0,-794.8,0.0,6.8165,1.0,0.0,0.0,0.0,0.0
109,275.78,772.7,867.9,797.9,25.2,26.4706,0.5772,0.0,-772.7,0.0,6.8165,0.0,-772.7,0.0,6.8165,1.0,0.0,0.0,0.0,0.0
110,276.18,785.5,868.05,776.7,-8.8,0.0,6.8165,0.0,-785.5,0.0,6.8165,0.0,-785.5,0.0,6.8165,1.0,0.0,0.0,0.0,0.0
111,276.58,800.15,888.65,786.3,-13.85,0.0,6.8165,0.0,-800.15,0.0,6.8165,0.0,-800.15,0.0,6.8165,1.0,0.0,0.0,0.0,0.0
112,276.98,793.85,874.75,791.25,-2.6,0.0,6.8165,0.0,-793.85,0.0,6.8165,0.0,-793.85,0.0,6.8165,1.0,0.0,0.0,0.0,0.0
113,277.37,794.1,861.95,784.2,-9.9,0.0,6.8165,0.0,-794.1,0.0,6.8165,0.0,-794.1,0.0,6.8165,1.0,0.0,0.0,0.0,0.0
114,277.77,796.05,866.8,776.6,-19.45,0.0,6.8165,0.0,-796.05,0.0,6.8165,0.0,-796.05,0.0,6.8165,1.0,0.0,0.0,0.0,0.0
115,278.17,772.25,875.1,806.05,33.8,32.8634,0.4833,0.0,-772.25,0.0,6.8165,0.0,-772.25,0.0,6.8165,1.0,0.0,0.0,0.0,0.0
116,278.56,783.45,867.85,788.35,4.9,5.8057,1.2361,0.0,-783.45,0.0,6.8165,0.0,-783.45,0.0,6.8165,1.0,0.0,0.0,0.0,0.0
117,278.96,783.45,888.7,802.9,19.45,18.4798,0.7333,0.0,-783.45,0.0,6.8165,0.0,-783.45,0.0,6.8165,1.0,0.0,0.0,0.0,0.0
118,279.36,785.3,883.25,775.15,-10.15,0.0,6.8165,0.0,-785.3,0.0,6.8165,0.0,-785.3,0.0,6.8165,1.0,0.0,0.0,0.0,0.0
119,279.75,778.25,868.95,788.95,10.7,11.7971,0.9282,0.0,-778.25,0.0,6.8165,0.0,-778.25,0.0,6.8165,1.0,0.0,0.0,0.0,0.0
120,280.15,788.5,878.75,795.05,6.55,7.2576,1.1392,0.0,-788.5,0.0,6.8165,0.0,-788.5,0.0,6.8165,1.0,0.0,0.0,0.0,0.0
121,280.55,786.35,876.45,786.45,0.1,0.111,2.9547,0.0,-786.35,0.0,6.8165,0.0,-786.35,0.0,6.8165,1.0,0.0,0.0,0.0,0.0
122,280.94,783.35,872.35,799.95,16.6,18.6517,0.7293,0.0,-783.35,0.0,6.8165,0.0,-783.35,0.0,6.8165,1.0,0.0,0.0,0.0,0.0
123,281.34,792.2,873.65,788.45,-3.75,0.0,6.8165,0.0,-792.2,0.0,6.8165,0.0,-792.2,0.0,6.8165,1.0,0.0,0.0,0.0,0.0
124,281.73,775.25,885.05,794.95,19.7,17.9417,0.7461,0.0,-775.25,0.0,6.8165,0.0,-775.25,0.0,6.8165,1.0,0.0,0.0,0.0,0.0
125,282.13,784.75,875.35,794.0,9.25,10.2097,0.991,0.0,-784.75,0.0,6.8165,0.0,-784.75,0.0,6.8165,1.0,0.0,0.0,0.0,0.0
126,282.53,772.8,887.2,789.15,16.35,14.292,0.8449,0.0,-772.8,0.0,6.8165,0.0,-772.8,0.0,6.8165,1.0,0.0,0.0,0.0,0.0
127,282.92,774.4,875.15,787.3,12.9,12.804,0.8927,0.0,-774.4,0.0,6.8165,0.0,-774.4,0.0,6.8165,1.0,0.0,0.0,0.0,0.0
128,283.32,778.25,871.25,796.4,18.15,19.5161,0.7096,0.0,-778.25,0.0,6.8165,0.0,-778.25,0.0,6.8165,1.0,0.0,0.0,0.0,0.0
129,283.71,778.0,877.25,794.85,16.85,16.9773,0.7701,0.0,-778.0,0.0,6.8165,0.0,-778.0,0.0,6.8165,1.0,0.0,0.0,0.0,0.0
130,284.11,781.8,882.75,787.2,5.4,5.3492,1.2717,0.0,-781.8,0.0,6.8165,0.0,-781.8,0.0,6.8165,1.0,0.0,0.0,0.0,0.0
131,284.5,790.05,890.15,787.95,-2.1,0.0,6.8165,0.0,-790.05,0.0,6.8165,0.0,-790.05,0.0,6.8165,1.0,0.0,0.0,0.0,0.0
132,284.9,796.6,894.3,786.5,-10.1,0.0,6.8165,0.0,-796.6,0.0,6.8165,0.0,-796.6,0.0,6.8165,1.0,0.0,0.0,0.0,0.0
133,285.3,790.35,883.85,784.4,-5.95,0.0,6.8165,0.0,-790.35,0.0,6.8165,0.0,-790.35,0.0,6.8165,1.0,0.0,0.0,0.0,0.0
134,285.69,791.9,898.45,790.15,-1.75,0.0,6.8165,0.0,-791.9,0.0,6.8165,0.0,-791.9,0.0,6.8165,1.0,0.0,0.0,0.0,0.0
135,286.09,800.2,892.0,781.6,-18.6,0.0,6.8165,0.0,-800.2,0.0,6.8165,0.0,-800.2,0.0,6.8165,1.0,0.0,0.0,0.0,0.0
136,286.48,786.65,899.7,789.8,3.15,2.7864,1.555,0.0,-786.65,0.0,6.8165,0.0,-786.65,0.0,6.8165,1.0,0.0,0.0,0.0,0.0
137,286.88,777.5,884.25,795.7,18.2,17.0492,0.7683,0.0,-777.5,0.0,6.8165,0.0,-777.5,0.0,6.8165,1.0,0.0,0.0,0.0,0.0
138,287.27,795.0,886.95,789.0,-6.0,0.0,6.8165,0.0,-795.0,0.0,6.8165,0.0,-795.0,0.0,6.8165,1.0,0.0,0.0,0.0,0.0
139,287.67,780.4,884.9,792.7,12.3,11.7703,0.9292,0.0,-780.4,0.0,6.8165,0.0,-780.4,0.0,6.8165,1.0,0.0,0.0,0.0,0.0
140,288.06,788.25,901.65,796.45,8.2,7.231,1.1408,0.0,-788.25,0.0,6.8165,0.0,-788.25,0.0,6.8165,1.0,0.0,0.0,0.0,0.0
141,288.46,786.35,890.75,786.75,0.4,0.3831,2.4166,0.0,-786.35,0.0,6.8165,0.0,-786.35,0.0,6.8165,1.0,0.0,0.0,0.0,0.0
142,288.85,785.45,905.6,788.15,2.7,2.2472,1.6484,0.0,-785.45,0.0,6.8165,0.0,-785.45,0.0,6.8165,1.0,0.0,0.0,0.0,0.0
143,289.24,778.0,906.0,794.2,16.2,12.6562,0.8977,0.0,-778.0,0.0,6.8165,0.0,-778.0,0.0,6.8165,1.0,0.0,0.0,0.0,0.0
144,289.64,794.9,914.7,795.5,0.6,0.5008,2.3003,0.0,-794.9,0.0,6.8165,0.0,-794.9,0.0,6.8165,1.0,0.0,0.0,0.0,0.0
145,290.03,806.05,907.35,793.25,-12.8,0.0,6.8165,0.0,-806.05,0.0,6.8165,0.0,-806.05,0.0,6.8165,1.0,0.0,0.0,0.0,0.0
146,290.43,800.2,914.0,782.15,-18.05,0.0,6.8165,0.0,-800.2,0.0,6.8165,0.0,-800.2,0.0,6.8165,1.0,0.0,0.0,0.0,0.0
147,290.82,789.75,917.3,785.45,-4.3,0.0,6.8165,0.0,-789.75,0.0,6.8165,0.0,-789.75,0.0,6.8165,1.0,0.0,0.0,0.0,0.0
148,291.21,782.7,924.75,790.6,7.9,5.5614,1.2548,0.0,-782.7,0.0,6.8165,0.0,-782.7,0.0,6.8165,1.0,0.0,0.0,0.0,0.0
149,291.61,775.95,917.75,798.9,22.95,16.1848,0.7909,0.0,-775.95,0.0,6.8165,0.0,-775.95,0.0,6.8165,1.0,0.0,0.0,0.0,0.0
150,292.0,781.3,902.2,786.3,5.0,4.1356,1.3835,0.0,-781.3,0.0,6.8165,0.0,-781.3,0.0,6.8165,1.0,0.0,0.0,0.0,0.0
151,292.4,793.9,917.7,787.9,-6.0,0.0,6.8165,0.0,-793.9,0.0,6.8165,0.0,-793.9,0.0,6.8165,1.0,0.0,0.0,0.0,0.0
152,292.79,796.05,914.25,791.3,-4.75,0.0,6.8165,0.0,-796.05,0.0,6.8165,0.0,-796.05,0.0,6.8165,1.0,0.0,0.0,0.0,0.0
153,293.18,787.85,903.8,786.45,-1.4,0.0,6.8165,0.0,-787.85,0.0,6.8165,0.0,-787.85,0.0,6.8165,1.0,0.0,0.0,0.0,0.0
154,293.58,791.2,920.75,807.4,16.2,12.5048,0.9029,0.0,-791.2,0.0,6.8165,0.0,-791.2,0.0,6.8165,1.0,0.0,0.0,0.0,0.0
155,293.97,793.15,907.15,777.6,-15.55,0.0,6.8165,0.0,-793.15,0.0,6.8165,0.0,-793.15,0.0,6.8165,1.0,0.0,0.0,0.0,0.0
156,294.36,782.65,898.8,786.75,4.1,3.5299,1.4522,0.0,-782.65,0.0,6.8165,0.0,-782.65,0.0,6.8165,1.0,0.0,0.0,0.0,0.0
157,294.76,779.3,914.85,791.65,12.35,9.111,1.0404,0.0,-779.3,0.0,6.8165,0.0,-779.3,0.0,6.8165,1.0,0.0,0.0,0.0,0.0
158,295.15,779.1,907.9,782.65,3.55,2.7562,1.5597,0.0,-779.1,0.0,6.8165,0.0,-779.1,0.0,6.8165,1.0,0.0,0.0,0.0,0.0
159,295.54,787.55,906.35,804.8,17.25,14.5202,0.838,0.0,-787.55,0.0,6.8165,0.0,-787.55,0.0,6.8165,1.0,0.0,0.0,0.0,0.0
160,295.94,769.0,914.3,790.85,21.85,15.0379,0.8228,0.0,-769.0,0.0,6.8165,0.0,-769.0,0.0,6.8165,1.0,0.0,0.0,0.0,0.0
161,296.33,773.8,915.55,766.4,-7.4,0.0,6.8165,0.0,-773.8,0.0,6.8165,0.0,-773.8,0.0,6.8165,1.0,0.0,0.0,0.0,0.0
162,296.72,786.35,936.2,786.55,0.2,0.1335,2.8746,0.0,-786.35,0.0,6.8165,0.0,-786.35,0.0,6.8165,1.0,0.0,0.0,0.0,0.0
163,297.11,765.15,926.05,777.4,12.25,7.6134,1.1184,0.0,-765.15,0.0,6.8165,0.0,-765.15,0.0,6.8165,1.0,0.0,0.0,0.0,0.0
164,297.51,771.15,907.5,773.15,2.0,1.4668,1.8336,0.0,-771.15,0.0,6.8165,0.0,-771.15,0.0,6.8165,1.0,0.0,0.0,0.0,0.0
165,297.9,778.65,922.6,791.1,12.45,8.6488,1.063,0.0,-778.65,0.0,6.8165,0.0,-778.65,0.0,6.8165,1.0,0.0,0.0,0.0,0.0
166,298.29,772.35,907.25,795.25,22.9,16.9755,0.7702,0.0,-772.35,0.0,6.8165,0.0,-772.35,0.0,6.8165,1.0,0.0,0.0,0.0,0.0
167,298.68,784.35,918.55,785.35,1.0,0.7452,2.1278,0.0,-784.35,0.0,6.8165,0.0,-784.35,0.0,6.8165,1.0,0.0,0.0,0.0,0.0
168,299.08,781.3,928.05,784.4,3.1,2.1124,1.6752,0.0,-781.3,0.0,6.8165,0.0,-781.3,0.0,6.8165,1.0,0.0,0.0,0.0,0.0
169,299.47,785.75,931.0,793.6,7.85,5.4045,1.2672,0.0,-785.75,0.0,6.8165,0.0,-785.75,0.0,6.8165,1.0,0.0,0.0,0.0,0.0
170,299.86,791.3,921.0,780.6,-10.7,0.0,6.8165,0.0,-791.3,0.0,6.8165,0.0,-791.3,0.0,6.8165,1.0,0.0,0.0,0.0,0.0
171,300.25,785.5,907.75,790.4,4.9,4.0082,1.3971,0.0,-785.5,0.0,6.8165,0.0,-785.5,0.0,6.8165,1.0,0.0,0.0,0.0,0.0
172,300.64,776.85,926.85,785.85,9.0,6.0,1.2218,0.0,-776.85,0.0,6.8165,0.0,-776.85,0.0,6.8165,1.0,0.0,0.0,0.0,0.0
173,301.04,790.05,923.9,797.35,7.3,5.4539,1.2633,0.0,-790.05,0.0,6.8165,0.0,-790.05,0.0,6.8165,1.0,0.0,0.0,0.0,0.0
174,301.43,785.1,913.8,778.0,-7.1,0.0,6.8165,0.0,-785.1,0.0,6.8165,0.0,-785.1,0.0,6.8165,1.0,0.0,0.0,0.0,0.0
175,301.82,782.45,918.35,797.3,14.85,10.9272,0.9615,0.0,-782.45,0.0,6.8165,0.0,-782.45,0.0,6.8165,1.0,0.0,0.0,0.0,0.0
176,302.21,785.7,912.15,805.35,19.65,15.5397,0.8086,0.0,-785.7,0.0,6.8165,0.0,-785.7,0.0,6.8165,1.0,0.0,0.0,0.0,0.0
177,302.6,776.05,923.6,791.7,15.65,10.6066,0.9744,0.0,-776.05,0.0,6.8165,0.0,-776.05,0.0,6.8165,1.0,0.0,0.0,0.0,0.0
178,302.99,776.6,925.0,788.15,11.55,7.783,1.1089,0.0,-776.6,0.0,6.8165,0.0,-776.6,0.0,6.8165,1.0,0.0,0.0,0.0,0.0
179,303.38,784.15,917.2,784.8,0.65,0.4885,2.3111,0.0,-784.15,0.0,6.8165,0.0,-784.15,0.0,6.8165,1.0,0.0,0.0,0.0,0.0
180,303.78,788.65,922.7,779.15,-9.5,0.0,6.8165,0.0,-788.65,0.0,6.8165,0.0,-788.65,0.0,6.8165,1.0,0.0,0.0,0.0,0.0
181,304.17,793.2,928.05,783.7,-9.5,0.0,6.8165,0.0,-793.2,0.0,6.8165,0.0,-793.2,0.0,6.8165,1.0,0.0,0.0,0.0,0.0
182,304.56,781.7,924.1,788.95,7.25,5.0913,1.2932,0.0,-781.7,0.0,6.8165,0.0,-781.7,0.0,6.8165,1.0,0.0,0.0,0.0,0.0
183,304.95,785.65,940.9,804.85,19.2,12.3671,0.9077,0.0,-785.65,0.0,6.8165,0.0,-785.65,0.0,6.8165,1.0,0.0,0.0,0.0,0.0
184,305.34,781.1,920.3,786.75,5.65,4.0589,1.3916,0.0,-781.1,0.0,6.8165,0.0,-781.1,0.0,6.8165,1.0,0.0,0.0,0.0,0.0
185,305.73,792.55,917.9,790.0,-2.55,0.0,6.8165,0.0,-792.55,0.0,6.8165,0.0,-792.55,0.0,6.8165,1.0,0.0,0.0,0.0,0.0
186,306.12,779.8,917.7,795.75,15.95,11.5664,0.9368,0.0,-779.8,0.0,6.8165,0.0,-779.8,0.0,6.8165,1.0,0.0,0.0,0.0,0.0
187,306.51,790.45,929.2,783.3,-7.15,0.0,6.8165,0.0,-790.45,0.0,6.8165,0.0,-790.45,0.0,6.8165,1.0,0.0,0.0,0.0,0.0
188,306.9,792.1,908.9,786.6,-5.5,0.0,6.8165,0.0,-792.1,0.0,6.8165,0.0,-792.1,0.0,6.8165,1.0,0.0,0.0,0.0,0.0
189,307.29,773.6,923.4,779.65,6.05,4.0387,1.3938,0.0,-773.6,0.0,6.8165,0.0,-773.6,0.0,6.8165,1.0,0.0,0.0,0.0,0.0
190,307.68,772.4,915.9,790.35,17.95,12.5087,0.9028,0.0,-772.4,0.0,6.8165,0.0,-772.4,0.0,6.8165,1.0,0.0,0.0,0.0,0.0
191,308.07,791.5,931.1,788.05,-3.45,0.0,6.8165,0.0,-791.5,0.0,6.8165,0.0,-791.5,0.0,6.8165,1.0,0.0,0.0,0.0,0.0
192,308.46,792.0,914.2,793.3,1.3,1.0638,1.9731,0.0,-792.0,0.0,6.8165,0.0,-792.0,0.0,6.8165,1.0,0.0,0.0,0.0,0.0
193,308.85,780.9,929.95,796.45,15.55,10.4327,0.9816,0.0,-780.9,0.0,6.8165,0.0,-780.9,0.0,6.8165,1.0,0.0,0.0,0.0,0.0
194,309.24,773.1,929.55,792.2,19.1,12.2084,0.9133,0.0,-773.1,0.0,6.8165,0.0,-773.1,0.0,6.8165,1.0,0.0,0.0,0.0,0.0
195,309.63,783.2,932.2,785.05,1.85,1.2416,1.906,0.0,-783.2,0.0,6.8165,0.0,-783.2,0.0,6.8165,1.0,0.0,0.0,0.0,0.0
196,310.02,782.9,946.0,791.35,8.45,5.1809,1.2856,0.0,-782.9,0.0,6.8165,0.0,-782.9,0.0,6.8165,1.0,0.0,0.0,0.0,0.0
197,310.41,795.05,943.25,806.05,11.0,7.4224,1.1295,0.0,-795.05,0.0,6.8165,0.0,-795.05,0.0,6.8165,1.0,0.0,0.0,0.0,0.0
198,310.8,772.4,937.2,797.3,24.9,15.1092,0.8208,0.0,-772.4,0.0,6.8165,0.0,-772.4,0.0,6.8165,1.0,0.0,0.0,0.0,0.0
199,311.19,776.05,927.25,794.15,18.1,11.9709,0.9219,0.0,-776.05,0.0,6.8165,0.0,-776.05,0.0,6.8165,1.0,0.0,0.0,0.0,0.0
200,311.58,780.1,937.4,804.2,24.1,15.321,0.8147,0.0,-780.1,0.0,6.8165,0.0,-780.1,0.0,6.8165,1.0,0.0,0.0,0.0,0.0
201,311.97,784.4,919.55,795.55,11.15,8.2501,1.0835,0.0,-784.4,0.0,6.8165,0.0,-784.4,0.0,6.8165,1.0,0.0,0.0,0.0,0.0
202,312.36,777.35,941.6,792.75,15.4,9.376,1.028,0.0,-777.35,0.0,6.8165,0.0,-777.35,0.0,6.8165,1.0,0.0,0.0,0.0,0.0
203,312.75,790.65,924.45,793.2,2.55,1.9058,1.7199,0.0,-790.65,0.0,6.8165,0.0,-790.65,0.0,6.8165,1.0,0.0,0.0,0.0,0.0
204,313.14,789.05,919.4,793.1,4.05,3.107,1.5077,0.0,-789.05,0.0,6.8165,0.0,-789.05,0.0,6.8165,1.0,0.0,0.0,0.0,0.0
205,313.53,790.85,928.15,807.1,16.25,11.8354,0.9268,0.0,-790.85,0.0,6.8165,0.0,-790.85,0.0,6.8165,1.0,0.0,0.0,0.0,0.0
206,313.91,793.85,925.55,802.6,8.75,6.6439,1.1776,0.0,-793.85,0.0,6.8165,0.0,-793.85,0.0,6.8165,1.0,0.0,0.0,0.0,0.0
207,314.3,783.45,935.95,808.45,25.0,16.3934,0.7853,0.0,-783.45,0.0,6.8165,0.0,-783.45,0.0,6.8165,1.0,0.0,0.0,0.0,0.0
208,314.69,776.75,932.5,797.85,21.1,13.5474,0.8681,0.0,-776.75,0.0,6.8165,0.0,-776.75,0.0,6.8165,1.0,0.0,0.0,0.0,0.0
209,315.08,775.1,937.5,795.4,20.3,12.5,0.9031,0.0,-775.1,0.0,6.8165,0.0,-775.1,0.0,6.8165,1.0,0.0,0.0,0.0,0.0
210,315.47,778.8,934.45,799.3,20.5,13.1706,0.8804,0.0,-778.8,0.0,6.8165,0.0,-778.8,0.0,6.8165,1.0,0.0,0.0,0.0,0.0
211,315.86,783.65,933.35,803.0,19.35,12.9259,0.8885,0.0,-783.65,0.0,6.8165,0.0,-783.65,0.0,6.8165,1.0,0.0,0.0,0.0,0.0
212,316.25,765.95,933.8,805.95,40.0,23.8308,0.6229,0.0,-765.95,0.0,6.8165,0.0,-765.95,0.0,6.8165,1.0,0.0,0.0,0.0,0.0
213,316.63,787.85,927.05,794.15,6.3,4.5259,1.3443,0.0,-787.85,0.0,6.8165,0.0,-787.85,0.0,6.8165,1.0,0.0,0.0,0.0,0.0
214,317.02,788.9,940.65,795.55,6.65,4.3822,1.3583,0.0,-788.9,0.0,6.8165,0.0,-788.9,0.0,6.8165,1.0,0.0,0.0,0.0,0.0
215,317.41,788.55,929.3,783.65,-4.9,0.0,6.8165,0.0,-788.55,0.0,6.8165,0.0,-788.55,0.0,6.8165,1.0,0.0,0.0,0.0,0.0
216,317.8,790.2,925.35,788.7,-1.5,0.0,6.8165,0.0,-790.2,0.0,6.8165,0.0,-790.2,0.0,6.8165,1.0,0.0,0.0,0.0,0.0
217,318.19,768.6,935.1,804.6,36.0,21.6216,0.6651,0.0,-768.6,0.0,6.8165,0.0,-768.6,0.0,6.8165,1.0,0.0,0.0,0.0,0.0
218,318.57,791.0,924.05,789.1,-1.9,0.0,6.8165,0.0,-791.0,0.0,6.8165,0.0,-791.0,0.0,6.8165,1.0,0.0,0.0,0.0,0.0
219,318.96,786.15,948.45,795.85,9.7,5.9766,1.2235,0.0,-786.15,0.0,6.8165,0.0,-786.15,0.0,6.8165,1.0,0.0,0.0,0.0,0.0
220,319.35,784.25,957.45,783.2,-1.05,0.0,6.8165,0.0,-784.25,0.0,6.8165,0.0,-784.25,0.0,6.8165,1.0,0.0,0.0,0.0,0.0
221,319.74,780.7,945.35,794.25,13.55,8.2296,1.0846,0.0,-780.7,0.0,6.8165,0.0,-780.7,0.0,6.8165,1.0,0.0,0.0,0.0,0.0
222,320.12,778.9,943.85,794.9,16.0,9.6999,1.0132,0.0,-778.9,0.0,6.8165,0.0,-778.9,0.0,6.8165,1.0,0.0,0.0,0.0,0.0
223,320.51,782.75,935.8,784.65,1.9,1.2414,1.9061,0.0,-782.75,0.0,6.8165,0.0,-782.75,0.0,6.8165,1.0,0.0,0.0,0.0,0.0
224,320.9,792.25,932.3,795.65,3.4,2.4277,1.6148,0.0,-792.25,0.0,6.8165,0.0,-792.25,0.0,6.8165,1.0,0.0,0.0,0.0,0.0
225,321.28,772.55,942.3,799.45,26.9,15.8468,0.8001,0.0,-772.55,0.0,6.8165,0.0,-772.55,0.0,6.8165,1.0,0.0,0.0,0.0,0.0
226,321.67,784.85,948.6,781.55,-3.3,0.0,6.8165,0.0,-784.85,0.0,6.8165,0.0,-784.85,0.0,6.8165,1.0,0.0,0.0,0.0,0.0
227,322.06,780.6,935.15,787.85,7.25,4.691,1.3287,0.0,-780.6,0.0,6.8165,0.0,-780.6,0.0,6.8165,1.0,0.0,0.0,0.0,0.0
228,322.45,782.6,936.0,793.15,10.55,6.8774,1.1626,0.0,-782.6,0.0,6.8165,0.0,-782.6,0.0,6.8165,1.0,0.0,0.0,0.0,0.0
229,322.83,786.7,948.5,804.25,17.55,10.8467,0.9647,0.0,-786.7,0.0,6.8165,0.0,-786.7,0.0,6.8165,1.0,0.0,0.0,0.0,0.0
230,323.22,785.1,941.95,785.25,0.15,0.0956,3.0194,0.0,-785.1,0.0,6.8165,0.0,-785.1,0.0,6.8165,1.0,0.0,0.0,0.0,0.0
231,323.61,795.15,953.65,788.55,-6.6,0.0,6.8165,0.0,-795.15,0.0,6.8165,0.0,-795.15,0.0,6.8165,1.0,0.0,0.0,0.0,0.0
232,323.99,792.9,954.65,787.1,-5.8,0.0,6.8165,0.0,-792.9,0.0,6.8165,0.0,-792.9,0.0,6.8165,1.0,0.0,0.0,0.0,0.0
233,324.38,798.05,944.75,796.9,-1.15,0.0,6.8165,0.0,-798.05,0.0,6.8165,0.0,-798.05,0.0,6.8165,1.0,0.0,0.0,0.0,0.0
234,324.77,791.2,960.95,787.8,-3.4,0.0,6.8165,0.0,-791.2,0.0,6.8165,0.0,-791.2,0.0,6.8165,1.0,0.0,0.0,0.0,0.0
235,325.15,782.6,945.0,802.1,19.5,12.0074,0.9206,0.0,-782.6,0.0,6.8165,0.0,-782.6,0.0,6.8165,1.0,0.0,0.0,0.0,0.0
236,325.54,785.8,939.85,806.95,21.15,13.7293,0.8624,0.0,-785.8,0.0,6.8165,0.0,-785.8,0.0,6.8165,1.0,0.0,0.0,0.0,0.0
237,325.92,785.85,940.85,807.05,21.2,13.6774,0.864,0.0,-785.85,0.0,6.8165,0.0,-785.85,0.0,6.8165,1.0,0.0,0.0,0.0,0.0
238,326.31,798.15,946.35,800.1,1.95,1.3158,1.8808,0.0,-798.15,0.0,6.8165,0.0,-798.15,0.0,6.8165,1.0,0.0,0.0,0.0,0.0
239,326.7,805.9,935.15,800.5,-5.4,0.0,6.8165,0.0,-805.9,0.0,6.8165,0.0,-805.9,0.0,6.8165,1.0,0.0,0.0,0.0,0.0
240,327.08,788.0,960.9,802.5,14.5,8.3864,1.0764,0.0,-788.0,0.0,6.8165,0.0,-788.0,0.0,6.8165,1.0,0.0,0.0,0.0,0.0
241,327.47,801.1,948.0,799.8,-1.3,0.0,6.8165,0.0,-801.1,0.0,6.8165,0.0,-801.1,0.0,6.8165,1.0,0.0,0.0,0.0,0.0
242,327.85,790.75,953.9,791.25,0.5,0.3065,2.5136,0.0,-790.75,0.0,6.8165,0.0,-790.75,0.0,6.8165,1.0,0.0,0.0,0.0,0.0
243,328.24,765.25,945.35,808.65,43.4,24.0977,0.618,0.0,-765.25,0.0,6.8165,0.0,-765.25,0.0,6.8165,1.0,0.0,0.0,0.0,0.0
244,328.62,779.0,968.35,800.8,21.8,11.5131,0.9388,0.0,-779.0,0.0,6.8165,0.0,-779.0,0.0,6.8165,1.0,0.0,0.0,0.0,0.0
245,329.01,782.45,946.65,786.65,4.2,2.5579,1.5921,0.0,-782.45,0.0,6.8165,0.0,-782.45,0.0,6.8165,1.0,0.0,0.0,0.0,0.0
246,329.39,804.75,944.2,785.35,-19.4,0.0,6.8165,0.0,-804.75,0.0,6.8165,0.0,-804.75,0.0,6.8165,1.0,0.0,0.0,0.0,0.0
247,329.78,783.95,960.95,795.15,11.2,6.3277,1.1988,0.0,-783.95,0.0,6.8165,0.0,-783.95,0.0,6.8165,1.0,0.0,0.0,0.0,0.0
248,330.16,774.2,958.25,800.95,26.75,14.5341,0.8376,0.0,-774.2,0.0,6.8165,0.0,-774.2,0.0,6.8165,1.0,0.0,0.0,0.0,0.0
249,330.55,799.1,963.1,781.45,-17.65,0.0,6.8165,0.0,-799.1,0.0,6.8165,0.0,-799.1,0.0,6.8165,1.0,0.0,0.0,0.0,0.0
250,330.93,777.4,960.85,784.0,6.6,3.5977,1.444,0.0,-777.4,0.0,6.8165,0.0,-777.4,0.0,6.8165,1.0,0.0,0.0,0.0,0.0
251,331.32,768.65,962.6,795.0,26.35,13.586,0.8669,0.0,-768.65,0.0,6.8165,0.0,-768.65,0.0,6.8165,1.0,0.0,0.0,0.0,0.0
252,331.7,794.2,947.9,793.45,-0.75,0.0,6.8165,0.0,-794.2,0.0,6.8165,0.0,-794.2,0.0,6.8165,1.0,0.0,0.0,0.0,0.0
253,332.09,791.6,948.55,789.85,-1.75,0.0,6.8165,0.0,-791.6,0.0,6.8165,0.0,-791.6,0.0,6.8165,1.0,0.0,0.0,0.0,0.0
254,332.47,785.45,951.4,786.9,1.45,0.8738,2.0586,0.0,-785.45,0.0,6.8165,0.0,-785.45,0.0,6.8165,1.0,0.0,0.0,0.0,0.0
255,332.86,787.7,967.3,792.85,5.15,2.8675,1.5425,0.0,-787.7,0.0,6.8165,0.0,-787.7,0.0,6.8165,1.0,0.0,0.0,0.0,0.0
256,333.24,772.55,947.7,786.25,13.7,7.8219,1.1067,0.0,-772.55,0.0,6.8165,0.0,-772.55,0.0,6.8165,1.0,0.0,0.0,0.0,0.0
257,333.63,786.5,956.75,781.6,-4.9,0.0,6.8165,0.0,-786.5,0.0,6.8165,0.0,-786.5,0.0,6.8165,1.0,0.0,0.0,0.0,0.0
258,334.01,784.85,955.15,786.2,1.35,0.7927,2.1009,0.0,-784.85,0.0,6.8165,0.0,-784.85,0.0,6.8165,1.0,0.0,0.0,0.0,0.0
259,334.39,792.85,948.5,797.7,4.85,3.116,1.5064,0.0,-792.85,0.0,6.8165,0.0,-792.85,0.0,6.8165,1.0,0.0,0.0,0.0,0.0
260,334.78,794.35,968.15,798.9,4.55,2.618,1.582,0.0,-794.35,0.0,6.8165,0.0,-794.35,0.0,6.8165,1.0,0.0,0.0,0.0,0.0
261,335.16,770.95,947.3,794.6,23.65,13.4108,0.8725,0.0,-770.95,0.0,6.8165,0.0,-770.95,0.0,6.8165,1.0,0.0,0.0,0.0,0.0
262,335.55,787.4,956.8,800.75,13.35,7.8808,1.1034,0.0,-787.4,0.0,6.8165,0.0,-787.4,0.0,6.8165,1.0,0.0,0.0,0.0,0.0
263,335.93,770.25,949.9,792.65,22.4,12.4687,0.9042,0.0,-770.25,0.0,6.8165,0.0,-770.25,0.0,6.8165,1.0,0.0,0.0,0.0,0.0
264,336.31,788.15,952.7,808.35,20.2,12.2759,0.9109,0.0,-788.15,0.0,6.8165,0.0,-788.15,0.0,6.8165,1.0,0.0,0.0,0.0,0.0
265,336.7,791.25,965.6,789.5,-1.75,0.0,6.8165,0.0,-791.25,0.0,6.8165,0.0,-791.25,0.0,6.8165,1.0,0.0,0.0,0.0,0.0
266,337.08,785.15,963.6,792.65,7.5,4.2029,1.3765,0.0,-785.15,0.0,6.8165,0.0,-785.15,0.0,6.8165,1.0,0.0,0.0,0.0,0.0
267,337.46,773.85,958.15,798.15,24.3,13.185,0.8799,0.0,-773.85,0.0,6.8165,0.0,-773.85,0.0,6.8165,1.0,0.0,0.0,0.0,0.0
268,337.85,789.4,966.3,792.45,3.05,1.7241,1.7634,0.0,-789.4,0.0,6.8165,0.0,-789.4,0.0,6.8165,1.0,0.0,0.0,0.0,0.0
269,338.23,780.2,986.2,779.0,-1.2,0.0,6.8165,0.0,-780.2,0.0,6.8165,0.0,-780.2,0.0,6.8165,1.0,0.0,0.0,0.0,0.0
270,338.61,773.55,965.1,787.35,13.8,7.2044,1.1424,0.0,-773.55,0.0,6.8165,0.0,-773.55,0.0,6.8165,1.0,0.0,0.0,0.0,0.0
271,339.0,797.65,949.45,784.7,-12.95,0.0,6.8165,0.0,-797.65,0.0,6.8165,0.0,-797.65,0.0,6.8165,1.0,0.0,0.0,0.0,0.0
272,339.38,781.0,951.9,778.45,-2.55,0.0,6.8165,0.0,-781.0,0.0,6.8165,0.0,-781.0,0.0,6.8165,1.0,0.0,0.0,0.0,0.0
273,339.76,770.9,954.8,790.5,19.6,10.658,0.9723,0.0,-770.9,0.0,6.8165,0.0,-770.9,0.0,6.8165,1.0,0.0,0.0,0.0,0.0
274,340.14,782.15,939.55,795.6,13.45,8.5451,1.0683,0.0,-782.15,0.0,6.8165,0.0,-782.15,0.0,6.8165,1.0,0.0,0.0,0.0,0.0
275,340.53,784.0,953.7,794.45,10.45,6.1579,1.2106,0.0,-784.0,0.0,6.8165,0.0,-784.0,0.0,6.8165,1.0,0.0,0.0,0.0,0.0
276,340.91,775.85,943.65,782.75,6.9,4.112,1.3859,0.0,-775.85,0.0,6.8165,0.0,-775.85,0.0,6.8165,1.0,0.0,0.0,0.0,0.0
277,341.29,779.05,961.55,789.8,10.75,5.8904,1.2299,0.0,-779.05,0.0,6.8165,0.0,-779.05,0.0,6.8165,1.0,0.0,0.0,0.0,0.0
278,341.67,769.1,963.95,781.15,12.05,6.1842,1.2087,0.0,-769.1,0.0,6.8165,0.0,-769.1,0.0,6.8165,1.0,0.0,0.0,0.0,0.0
279,342.06,788.2,961.55,793.8,5.6,3.2305,1.4907,0.0,-788.2,0.0,6.8165,0.0,-788.2,0.0,6.8165,1.0,0.0,0.0,0.0,0.0
280,342.44,782.5,969.75,788.1,5.6,2.9907,1.5242,0.0,-782.5,0.0,6.8165,0.0,-782.5,0.0,6.8165,1.0,0.0,0.0,0.0,0.0
281,342.82,770.15,967.75,794.45,24.3,12.2976,0.9102,0.0,-770.15,0.0,6.8165,0.0,-770.15,0.0,6.8165,1.0,0.0,0.0,0.0,0.0
282,343.2,789.05,965.55,790.0,0.95,0.5382,2.269,0.0,-789.05,0.0,6.8165,0.0,-789.05,0.0,6.8165,1.0,0.0,0.0,0.0,0.0
283,343.59,786.45,974.7,790.75,4.3,2.2842,1.6413,0.0,-786.45,0.0,6.8165,0.0,-786.45,0.0,6.8165,1.0,0.0,0.0,0.0,0.0
284,343.97,785.65,964.4,776.6,-9.05,0.0,6.8165,0.0,-785.65,0.0,6.8165,0.0,-785.65,0.0,6.8165,1.0,0.0,0.0,0.0,0.0
285,344.35,789.15,972.6,797.85,8.7,4.7424,1.324,0.0,-789.15,0.0,6.8165,0.0,-789.15,0.0,6.8165,1.0,0.0,0.0,0.0,0.0
286,344.73,777.3,960.65,801.6,24.3,13.2533,0.8777,0.0,-777.3,0.0,6.8165,0.0,-777.3,0.0,6.8165,1.0,0.0,0.0,0.0,0.0
287,345.11,775.2,959.55,790.35,15.15,8.2181,1.0852,0.0,-775.2,0.0,6.8165,0.0,-775.2,0.0,6.8165,1.0,0.0,0.0,0.0,0.0
288,345.49,781.7,958.25,805.45,23.75,13.4523,0.8712,0.0,-781.7,0.0,6.8165,0.0,-781.7,0.0,6.8165,1.0,0.0,0.0,0.0,0.0
289,345.88,781.2,970.9,801.4,20.2,10.6484,0.9727,0.0,-781.2,0.0,6.8165,0.0,-781.2,0.0,6.8165,1.0,0.0,0.0,0.0,0.0
290,346.26,782.25,955.05,803.7,21.45,12.4132,0.9061,0.0,-782.25,0.0,6.8165,0.0,-782.25,0.0,6.8165,1.0,0.0,0.0,0.0,0.0
291,346.64,790.55,964.6,777.95,-12.6,0.0,6.8165,0.0,-790.55,0.0,6.8165,0.0,-790.55,0.0,6.8165,1.0,0.0,0.0,0.0,0.0
292,347.02,787.7,964.05,791.85,4.15,2.3533,1.6283,0.0,-787.7,0.0,6.8165,0.0,-787.7,0.0,6.8165,1.0,0.0,0.0,0.0,0.0
293,347.4,787.2,955.25,809.0,21.8,12.9723,0.887,0.0,-787.2,0.0,6.8165,0.0,-787.2,0.0,6.8165,1.0,0.0,0.0,0.0,0.0
294,347.78,782.3,955.7,795.9,13.6,7.8431,1.1055,0.0,-782.3,0.0,6.8165,0.0,-782.3,0.0,6.8165,1.0,0.0,0.0,0.0,0.0
295,348.16,799.2,960.5,802.95,3.75,2.3249,1.6336,0.0,-799.2,0.0,6.8165,0.0,-799.2,0.0,6.8165,1.0,0.0,0.0,0.0,0.0
296,348.54,793.9,955.5,791.95,-1.95,0.0,6.8165,0.0,-793.9,0.0,6.8165,0.0,-793.9,0.0,6.8165,1.0,0.0,0.0,0.0,0.0
297,348.92,784.55,944.4,800.2,15.65,9.7904,1.0092,0.0,-784.55,0.0,6.8165,0.0,-784.55,0.0,6.8165,1.0,0.0,0.0,0.0,0.0
298,349.3,765.55,969.3,801.45,35.9,17.6196,0.754,0.0,-765.55,0.0,6.8165,0.0,-765.55,0.0,6.8165,1.0,0.0,0.0,0.0,0.0
299,349.68,778.95,974.05,804.15,25.2,12.9165,0.8889,0.0,-778.95,0.0,6.8165,0.0,-778.95,0.0,6.8165,1.0,0.0,0.0,0.0,0.0
300,350.06,777.35,970.4,798.75,21.4,11.0852,0.9553,0.0,-777.35,0.0,6.8165,0.0,-777.35,0.0,6.8165,1.0,0.0,0.0,0.0,0.0
301,350.44,776.3,967.1,797.5,21.2,11.1111,0.9542,0.0,-776.3,0.0,6.8165,0.0,-776.3,0.0,6.8165,1.0,0.0,0.0,0.0,0.0
302,350.82,787.05,962.75,803.35,16.3,9.2772,1.0326,0.0,-787.05,0.0,6.8165,0.0,-787.05,0.0,6.8165,1.0,0.0,0.0,0.0,0.0
303,351.21,770.45,967.25,804.75,34.3,17.4289,0.7587,0.0,-770.45,0.0,6.8165,0.0,-770.45,0.0,6.8165,1.0,0.0,0.0,0.0,0.0
304,351.59,769.65,973.45,800.35,30.7,15.0638,0.8221,0.0,-769.65,0.0,6.8165,0.0,-769.65,0.0,6.8165,1.0,0.0,0.0,0.0,0.0
305,351.97,777.8,983.25,799.5,21.7,10.5622,0.9762,0.0,-777.8,0.0,6.8165,0.0,-777.8,0.0,6.8165,1.0,0.0,0.0,0.0,0.0
306,352.34,780.75,980.55,796.45,15.7,7.8579,1.1047,0.0,-780.75,0.0,6.8165,0.0,-780.75,0.0,6.8165,1.0,0.0,0.0,0.0,0.0
307,352.72,776.3,976.15,800.55,24.25,12.1341,0.916,0.0,-776.3,0.0,6.8165,0.0,-776.3,0.0,6.8165,1.0,0.0,0.0,0.0,0.0
308,353.1,793.3,976.1,792.55,-0.75,0.0,6.8165,0.0,-793.3,0.0,6.8165,0.0,-793.3,0.0,6.8165,1.0,0.0,0.0,0.0,0.0
309,353.48,788.85,965.3,812.4,23.55,13.3466,0.8746,0.0,-788.85,0.0,6.8165,0.0,-788.85,0.0,6.8165,1.0,0.0,0.0,0.0,0.0
310,353.86,795.1,966.5,802.8,7.7,4.4924,1.3475,0.0,-795.1,0.0,6.8165,0.0,-795.1,0.0,6.8165,1.0,0.0,0.0,0.0,0.0
311,354.24,775.35,973.05,791.15,15.8,7.9919,1.0973,0.0,-775.35,0.0,6.8165,0.0,-775.35,0.0,6.8165,1.0,0.0,0.0,0.0,0.0
312,354.62,791.05,973.1,791.95,0.9,0.4944,2.3059,0.0,-791.05,0.0,6.8165,0.0,-791.05,0.0,6.8165,1.0,0.0,0.0,0.0,0.0
313,355.0,789.85,986.7,800.3,10.45,5.3086,1.275,0.0,-789.85,0.0,6.8165,0.0,-789.85,0.0,6.8165,1.0,0.0,0.0,0.0,0.0
314,355.38,786.65,981.5,796.75,10.1,5.1835,1.2854,0.0,-786.65,0.0,6.8165,0.0,-786.65,0.0,6.8165,1.0,0.0,0.0,0.0,0.0
315,355.76,790.95,961.7,816.1,25.15,14.7291,0.8318,0.0,-790.95,0.0,6.8165,0.0,-790.95,0.0,6.8165,1.0,0.0,0.0,0.0,0.0
316,356.14,784.3,994.2,808.2,23.9,11.3864,0.9436,0.0,-784.3,0.0,6.8165,0.0,-784.3,0.0,6.8165,1.0,0.0,0.0,0.0,0.0
317,356.52,790.4,984.5,791.1,0.7,0.3606,2.4429,0.0,-790.4,0.0,6.8165,0.0,-790.4,0.0,6.8165,1.0,0.0,0.0,0.0,0.0
318,356.9,772.05,989.25,790.8,18.75,8.6326,1.0639,0.0,-772.05,0.0,6.8165,0.0,-772.05,0.0,6.8165,1.0,0.0,0.0,0.0,0.0
319,357.27,791.1,984.9,803.7,12.6,6.5015,1.187,0.0,-791.1,0.0,6.8165,0.0,-791.1,0.0,6.8165,1.0,0.0,0.0,0.0,0.0
320,357.65,789.1,995.35,807.85,18.75,9.0909,1.0414,0.0,-789.1,0.0,6.8165,0.0,-789.1,0.0,6.8165,1.0,0.0,0.0,0.0,0.0
321,358.03,775.75,976.55,791.85,16.1,8.0179,1.0959,0.0,-775.75,0.0,6.8165,0.0,-775.75,0.0,6.8165,1.0,0.0,0.0,0.0,0.0
322,358.41,786.4,980.6,790.75,4.35,2.24,1.6498,0.0,-786.4,0.0,6.8165,0.0,-786.4,0.0,6.8165,1.0,0.0,0.0,0.0,0.0
323,358.79,768.5,991.45,796.15,27.65,12.4019,0.9065,0.0,-768.5,0.0,6.8165,0.0,-768.5,0.0,6.8165,1.0,0.0,0.0,0.0,0.0
324,359.17,771.25,998.05,793.45,22.2,9.7884,1.0093,0.0,-771.25,0.0,6.8165,0.0,-771.25,0.0,6.8165,1.0,0.0,0.0,0.0,0.0
325,359.55,787.95,986.05,808.75,20.8,10.4997,0.9788,0.0,-787.95,0.0,6.8165,0.0,-787.95,0.0,6.8165,1.0,0.0,0.0,0.0,0.0
326,359.92,785.45,985.1,803.6,18.15,9.0909,1.0414,0.0,-785.45,0.0,6.8165,0.0,-785.45,0.0,6.8165,1.0,0.0,0.0,0.0,0.0
327,360.3,773.8,982.35,805.2,31.4,15.0563,0.8223,0.0,-773.8,0.0,6.8165,0.0,-773.8,0.0,6.8165,1.0,0.0,0.0,0.0,0.0
328,360.68,782.1,971.8,808.95,26.85,14.1539,0.8491,0.0,-782.1,0.0,6.8165,0.0,-782.1,0.0,6.8165,1.0,0.0,0.0,0.0,0.0
329,361.06,779.05,969.65,798.55,19.5,10.2308,0.9901,0.0,-779.05,0.0,6.8165,0.0,-779.05,0.0,6.8165,1.0,0.0,0.0,0.0,0.0
330,361.43,788.0,983.55,801.4,13.4,6.8525,1.1642,0.0,-788.0,0.0,6.8165,0.0,-788.0,0.0,6.8165,1.0,0.0,0.0,0.0,0.0
331,361.81,787.35,980.65,804.8,17.45,9.0274,1.0444,0.0,-787.35,0.0,6.8165,0.0,-787.35,0.0,6.8165,1.0,0.0,0.0,0.0,0.0
332,362.19,785.95,988.35,795.55,9.6,4.7431,1.3239,0.0,-785.95,0.0,6.8165,0.0,-785.95,0.0,6.8165,1.0,0.0,0.0,0.0,0.0
333,362.57,779.8,983.3,793.6,13.8,6.7813,1.1687,0.0,-779.8,0.0,6.8165,0.0,-779.8,0.0,6.8165,1.0,0.0,0.0,0.0,0.0
334,362.94,783.95,1003.05,776.8,-7.15,0.0,6.8165,0.0,-783.95,0.0,6.8165,0.0,-783.95,0.0,6.8165,1.0,0.0,0.0,0.0,0.0
335,363.32,764.1,982.3,794.4,30.3,13.8863,0.8574,0.0,-764.1,0.0,6.8165,0.0,-764.1,0.0,6.8165,1.0,0.0,0.0,0.0,0.0
336,363.7,784.75,995.8,781.8,-2.95,0.0,6.8165,0.0,-784.75,0.0,6.8165,0.0,-784.75,0.0,6.8165,1.0,0.0,0.0,0.0,0.0
337,364.08,766.8,1003.4,780.95,14.15,5.9806,1.2233,0.0,-766.8,0.0,6.8165,0.0,-766.8,0.0,6.8165,1.0,0.0,0.0,0.0,0.0
338,364.45,779.7,982.75,786.85,7.15,3.5213,1.4533,0.0,-779.7,0.0,6.8165,0.0,-779.7,0.0,6.8165,1.0,0.0,0.0,0.0,0.0
339,364.83,785.1,995.0,790.5,5.4,2.5727,1.5896,0.0,-785.1,0.0,6.8165,0.0,-785.1,0.0,6.8165,1.0,0.0,0.0,0.0,0.0
340,365.21,779.3,994.85,787.95,8.65,4.013,1.3965,0.0,-779.3,0.0,6.8165,0.0,-779.3,0.0,6.8165,1.0,0.0,0.0,0.0,0.0
341,365.58,775.6,994.95,784.2,8.6,3.9207,1.4066,0.0,-775.6,0.0,6.8165,0.0,-775.6,0.0,6.8165,1.0,0.0,0.0,0.0,0.0
342,365.96,790.75,995.3,795.2,4.45,2.1755,1.6624,0.0,-790.75,0.0,6.8165,0.0,-790.75,0.0,6.8165,1.0,0.0,0.0,0.0,0.0
343,366.34,790.4,993.2,804.25,13.85,6.8294,1.1656,0.0,-790.4,0.0,6.8165,0.0,-790.4,0.0,6.8165,1.0,0.0,0.0,0.0,0.0
344,366.71,777.75,1002.2,796.05,18.3,8.1533,1.0887,0.0,-777.75,0.0,6.8165,0.0,-777.75,0.0,6.8165,1.0,0.0,0.0,0.0,0.0
345,367.09,793.05,995.75,792.8,-0.25,0.0,6.8165,0.0,-793.05,0.0,6.8165,0.0,-793.05,0.0,6.8165,1.0,0.0,0.0,0.0,0.0
346,367.47,782.05,997.7,801.05,19.0,8.8106,1.055,0.0,-782.05,0.0,6.8165,0.0,-782.05,0.0,6.8165,1.0,0.0,0.0,0.0,0.0
347,367.84,797.8,999.45,802.5,4.7,2.3308,1.6325,0.0,-797.8,0.0,6.8165,0.0,-797.8,0.0,6.8165,1.0,0.0,0.0,0.0,0.0
348,368.22,790.7,991.8,804.65,13.95,6.9368,1.1588,0.0,-790.7,0.0,6.8165,0.0,-790.7,0.0,6.8165,1.0,0.0,0.0,0.0,0.0
349,368.59,792.4,1005.2,784.15,-8.25,0.0,6.8165,0.0,-792.4,0.0,6.8165,0.0,-792.4,0.0,6.8165,1.0,0.0,0.0,0.0,0.0
350,368.97,785.8,977.3,801.95,16.15,8.4334,1.074,0.0,-785.8,0.0,6.8165,0.0,-785.8,0.0,6.8165,1.0,0.0,0.0,0.0,0.0
351,369.35,788.15,1001.7,787.1,-1.05,0.0,6.8165,0.0,-788.15,0.0,6.8165,0.0,-788.15,0.0,6.8165,1.0,0.0,0.0,0.0,0.0
352,369.72,788.7,1011.0,795.4,6.7,3.0139,1.5209,0.0,-788.7,0.0,6.8165,0.0,-788.7,0.0,6.8165,1.0,0.0,0.0,0.0,0.0
353,370.1,764.0,993.8,804.3,40.3,17.537,0.756,0.0,-764.0,0.0,6.8165,0.0,-764.0,0.0,6.8165,1.0,0.0,0.0,0.0,0.0
354,370.47,779.9,1002.65,798.65,18.75,8.4175,1.0748,0.0,-779.9,0.0,6.8165,0.0,-779.9,0.0,6.8165,1.0,0.0,0.0,0.0,0.0
355,370.85,790.75,1010.35,797.5,6.75,3.0738,1.5123,0.0,-790.75,0.0,6.8165,0.0,-790.75,0.0,6.8165,1.0,0.0,0.0,0.0,0.0
356,371.22,786.55,1006.85,787.55,1.0,0.4539,2.343,0.0,-786.55,0.0,6.8165,0.0,-786.55,0.0,6.8165,1.0,0.0,0.0,0.0,0.0
357,371.6,786.75,1002.6,796.5,9.75,4.517,1.3451,0.0,-786.75,0.0,6.8165,0.0,-786.75,0.0,6.8165,1.0,0.0,0.0,0.0,0.0
358,371.97,777.5,1016.0,799.45,21.95,9.2034,1.0361,0.0,-777.5,0.0,6.8165,0.0,-777.5,0.0,6.8165,1.0,0.0,0.0,0.0,0.0
359,372.35,771.25,993.75,794.5,23.25,10.4494,0.9809,0.0,-771.25,0.0,6.8165,0.0,-771.25,0.0,6.8165,1.0,0.0,0.0,0.0,0.0
360,372.72,780.35,986.9,799.85,19.5,9.4408,1.025,0.0,-780.35,0.0,6.8165,0.0,-780.35,0.0,6.8165,1.0,0.0,0.0,0.0,0.0
361,373.1,784.95,1010.25,774.3,-10.65,0.0,6.8165,0.0,-784.95,0.0,6.8165,0.0,-784.95,0.0,6.8165,1.0,0.0,0.0,0.0,0.0
362,373.47,783.05,991.9,794.95,11.9,5.6979,1.2443,0.0,-783.05,0.0,6.8165,0.0,-783.05,0.0,6.8165,1.0,0.0,0.0,0.0,0.0
363,373.85,801.0,1008.55,804.65,3.65,1.7586,1.7548,0.0,-801.0,0.0,6.8165,0.0,-801.0,0.0,6.8165,1.0,0.0,0.0,0.0,0.0
364,374.22,773.0,988.05,793.75,20.75,9.6489,1.0155,0.0,-773.0,0.0,6.8165,0.0,-773.0,0.0,6.8165,1.0,0.0,0.0,0.0,0.0
365,374.6,788.45,1010.35,800.45,12.0,5.4078,1.267,0.0,-788.45,0.0,6.8165,0.0,-788.45,0.0,6.8165,1.0,0.0,0.0,0.0,0.0
366,374.97,779.9,1000.5,792.05,12.15,5.5077,1.259,0.0,-779.9,0.0,6.8165,0.0,-779.9,0.0,6.8165,1.0,0.0,0.0,0.0,0.0
367,375.35,781.4,1005.6,780.85,-0.55,0.0,6.8165,0.0,-781.4,0.0,6.8165,0.0,-781.4,0.0,6.8165,1.0,0.0,0.0,0.0,0.0
368,375.72,792.15,1006.0,797.9,5.75,2.6888,1.5704,0.0,-792.15,0.0,6.8165,0.0,-792.15,0.0,6.8165,1.0,0.0,0.0,0.0,0.0
369,376.09,769.4,1006.3,794.35,24.95,10.5319,0.9775,0.0,-769.4,0.0,6.8165,0.0,-769.4,0.0,6.8165,1.0,0.0,0.0,0.0,0.0
370,376.47,780.05,1018.0,780.6,0.55,0.2311,2.6361,0.0,-780.05,0.0,6.8165,0.0,-780.05,0.0,6.8165,1.0,0.0,0.0,0.0,0.0
371,376.84,789.45,1008.0,785.75,-3.7,0.0,6.8165,0.0,-789.45,0.0,6.8165,0.0,-789.45,0.0,6.8165,1.0,0.0,0.0,0.0,0.0
372,377.22,781.75,1016.9,787.75,6.0,2.5516,1.5932,0.0,-781.75,0.0,6.8165,0.0,-781.75,0.0,6.8165,1.0,0.0,0.0,0.0,0.0
373,377.59,782.75,1008.2,797.95,15.2,6.7421,1.1712,0.0,-782.75,0.0,6.8165,0.0,-782.75,0.0,6.8165,1.0,0.0,0.0,0.0,0.0
374,377.96,781.3,1021.9,808.05,26.75,11.118,0.954,0.0,-781.3,0.0,6.8165,0.0,-781.3,0.0,6.8165,1.0,0.0,0.0,0.0,0.0
375,378.34,779.95,1009.85,811.2,31.25,13.5929,0.8667,0.0,-779.95,0.0,6.8165,0.0,-779.95,0.0,6.8165,1.0,0.0,0.0,0.0,0.0
376,378.71,788.05,1013.35,807.3,19.25,8.5442,1.0683,0.0,-788.05,0.0,6.8165,0.0,-788.05,0.0,6.8165,1.0,0.0,0.0,0.0,0.0
377,379.08,778.6,1019.5,800.95,22.35,9.2777,1.0326,0.0,-778.6,0.0,6.8165,0.0,-778.6,0.0,6.8165,1.0,0.0,0.0,0.0,0.0
378,379.46,785.15,1013.3,803.35,18.2,7.9772,1.0981,0.0,-785.15,0.0,6.8165,0.0,-785.15,0.0,6.8165,1.0,0.0,0.0,0.0,0.0
379,379.83,786.3,1017.55,818.15,31.85,13.773,0.861,0.0,-786.3,0.0,6.8165,0.0,-786.3,0.0,6.8165,1.0,0.0,0.0,0.0,0.0
380,380.2,783.4,1005.7,810.85,27.45,12.3482,0.9084,0.0,-783.4,0.0,6.8165,0.0,-783.4,0.0,6.8165,1.0,0.0,0.0,0.0,0.0
381,380.58,782.35,1036.2,788.8,6.45,2.5409,1.595,0.0,-782.35,0.0,6.8165,0.0,-782.35,0.0,6.8165,1.0,0.0,0.0,0.0,0.0
382,380.95,790.1,1010.15,801.35,11.25,5.1125,1.2914,0.0,-790.1,0.0,6.8165,0.0,-790.1,0.0,6.8165,1.0,0.0,0.0,0.0,0.0
383,381.32,782.05,1021.45,801.65,19.6,8.1871,1.0869,0.0,-782.05,0.0,6.8165,0.0,-782.05,0.0,6.8165,1.0,0.0,0.0,0.0,0.0
384,381.7,778.05,1021.5,785.5,7.45,3.0602,1.5143,0.0,-778.05,0.0,6.8165,0.0,-778.05,0.0,6.8165,1.0,0.0,0.0,0.0,0.0
385,382.07,788.15,1028.15,798.65,10.5,4.375,1.359,0.0,-788.15,0.0,6.8165,0.0,-788.15,0.0,6.8165,1.0,0.0,0.0,0.0,0.0
386,382.44,788.2,1038.75,805.9,17.7,7.0645,1.1509,0.0,-788.2,0.0,6.8165,0.0,-788.2,0.0,6.8165,1.0,0.0,0.0,0.0,0.0
387,382.81,794.7,1042.7,807.85,13.15,5.3024,1.2755,0.0,-794.7,0.0,6.8165,0.0,-794.7,0.0,6.8165,1.0,0.0,0.0,0.0,0.0
388,383.19,778.35,1034.75,792.9,14.55,5.6747,1.2461,0.0,-778.35,0.0,6.8165,0.0,-778.35,0.0,6.8165,1.0,0.0,0.0,0.0,0.0
389,383.56,774.75,1065.7,797.4,22.65,7.7848,1.1088,0.0,-774.75,0.0,6.8165,0.0,-774.75,0.0,6.8165,1.0,0.0,0.0,0.0,0.0
390,383.93,777.3,1067.6,796.7,19.4,6.6827,1.175,0.0,-777.3,0.0,6.8165,0.0,-777.3,0.0,6.8165,1.0,0.0,0.0,0.0,0.0
391,384.3,782.45,1076.25,792.05,9.6,3.2675,1.4858,0.0,-782.45,0.0,6.8165,0.0,-782.45,0.0,6.8165,1.0,0.0,0.0,0.0,0.0
392,384.68,781.7,1077.5,795.1,13.4,4.5301,1.3439,0.0,-781.7,0.0,6.8165,0.0,-781.7,0.0,6.8165,1.0,0.0,0.0,0.0,0.0
393,385.05,784.15,1093.55,796.85,12.7,4.1047,1.3867,0.0,-784.15,0.0,6.8165,0.0,-784.15,0.0,6.8165,1.0,0.0,0.0,0.0,0.0
394,385.42,777.35,1095.8,813.15,35.8,11.242,0.9492,0.0,-777.35,0.0,6.8165,0.0,-777.35,0.0,6.8165,1.0,0.0,0.0,0.0,0.0
395,385.79,787.2,1104.35,792.5,5.3,1.6711,1.777,0.0,-787.2,0.0,6.8165,0.0,-787.2,0.0,6.8165,1.0,0.0,0.0,0.0,0.0
396,386.16,783.4,1127.75,805.9,22.5,6.534,1.1848,0.0,-783.4,0.0,6.8165,0.0,-783.4,0.0,6.8165,1.0,0.0,0.0,0.0,0.0
397,386.53,786.5,1130.65,793.0,6.5,1.8887,1.7238,0.0,-786.5,0.0,6.8165,0.0,-786.5,0.0,6.8165,1.0,0.0,0.0,0.0,0.0
398,386.91,793.4,1142.55,800.5,7.1,2.0335,1.6918,0.0,-793.4,0.0,6.8165,0.0,-793.4,0.0,6.8165,1.0,0.0,0.0,0.0,0.0
399,387.28,796.0,1159.45,788.55,-7.45,0.0,6.8165,0.0,-796.0,0.0,6.8165,0.0,-796.0,0.0,6.8165,1.0,0.0,0.0,0.0,0.0
400,387.65,785.55,1168.5,804.5,18.95,4.9484,1.3055,0.0,-785.55,0.0,6.8165,0.0,-785.55,0.0,6.8165,1.0,0.0,0.0,0.0,0.0
401,388.02,790.8,1178.85,806.6,15.8,4.0716,1.3902,0.0,-790.8,0.0,6.8165,0.0,-790.8,0.0,6.8165,1.0,0.0,0.0,0.0,0.0
402,388.39,777.5,1186.2,798.5,21.0,5.1382,1.2892,0.0,-777.5,0.0,6.8165,0.0,-777.5,0.0,6.8165,1.0,0.0,0.0,0.0,0.0
403,388.76,782.25,1214.6,792.05,9.8,2.2667,1.6446,0.0,-782.25,0.0,6.8165,0.0,-782.25,0.0,6.8165,1.0,0.0,0.0,0.0,0.0
404,389.13,797.0,1203.15,801.0,4.0,0.9849,2.0066,0.0,-797.0,0.0,6.8165,0.0,-797.0,0.0,6.8165,1.0,0.0,0.0,0.0,0.0
405,389.5,796.15,1228.9,796.95,0.8,0.1849,2.7331,0.0,-796.15,0.0,6.8165,0.0,-796.15,0.0,6.8165,1.0,0.0,0.0,0.0,0.0
406,389.87,786.4,1237.1,788.45,2.05,0.4548,2.3421,0.0,-786.4,0.0,6.8165,0.0,-786.4,0.0,6.8165,1.0,0.0,0.0,0.0,0.0
407,390.25,787.0,1264.05,810.4,23.4,4.9051,1.3093,0.0,-787.0,0.0,6.8165,0.0,-787.0,0.0,6.8165,1.0,0.0,0.0,0.0,0.0
408,390.62,779.45,1280.45,812.55,33.1,6.6068,1.18,0.0,-779.45,0.0,6.8165,0.0,-779.45,0.0,6.8165,1.0,0.0,0.0,0.0,0.0
409,390.99,778.85,1316.35,802.65,23.8,4.4279,1.3538,0.0,-778.85,0.0,6.8165,0.0,-778.85,0.0,6.8165,1.0,0.0,0.0,0.0,0.0
410,391.36,781.95,1364.75,798.65,16.7,2.8655,1.5428,0.0,-781.95,0.0,6.8165,0.0,-781.95,0.0,6.8165,1.0,0.0,0.0,0.0,0.0
411,391.73,778.7,1389.6,807.75,29.05,4.7553,1.3228,0.0,-778.7,0.0,6.8165,0.0,-778.7,0.0,6.8165,1.0,0.0,0.0,0.0,0.0
412,392.1,786.85,1414.45,794.35,7.5,1.195,1.9226,0.0,-786.85,0.0,6.8165,0.0,-786.85,0.0,6.8165,1.0,0.0,0.0,0.0,0.0
413,392.47,789.2,1456.35,797.85,8.65,1.2966,1.8872,0.0,-789.2,0.0,6.8165,0.0,-789.2,0.0,6.8165,1.0,0.0,0.0,0.0,0.0
414,392.84,790.35,1502.95,809.6,19.25,2.7014,1.5684,0.0,-790.35,0.0,6.8165,0.0,-790.35,0.0,6.8165,1.0,0.0,0.0,0.0,0.0
415,393.21,785.55,1542.4,791.9,6.35,0.839,2.0762,0.0,-785.55,0.0,6.8165,0.0,-785.55,0.0,6.8165,1.0,0.0,0.0,0.0,0.0
416,393.58,783.3,1572.85,792.95,9.65,1.2222,1.9129,0.0,-783.3,0.0,6.8165,0.0,-783.3,0.0,6.8165,1.0,0.0,0.0,0.0,0.0
417,393.95,781.75,1594.1,787.75,6.0,0.7386,2.1316,0.0,-781.75,0.0,6.8165,0.0,-781.75,0.0,6.8165,1.0,0.0,0.0,0.0,0.0
418,394.32,780.3,1634.0,786.15,5.85,0.6853,2.1641,0.0,-780.3,0.0,6.8165,0.0,-780.3,0.0,6.8165,1.0,0.0,0.0,0.0,0.0
419,394.69,787.1,1692.65,791.7,4.6,0.508,2.2942,0.0,-787.1,0.0,6.8165,0.0,-787.1,0.0,6.8165,1.0,0.0,0.0,0.0,0.0
420,395.06,783.25,1738.25,786.7,3.45,0.3613,2.4422,0.0,-783.25,0.0,6.8165,0.0,-783.25,0.0,6.8165,1.0,0.0,0.0,0.0,0.0
421,395.43,782.45,1788.65,801.95,19.5,1.938,1.7126,0.0,-782.45,0.0,6.8165,0.0,-782.45,0.0,6.8165,1.0,0.0,0.0,0.0,0.0
422,395.8,793.95,1832.35,783.95,-10.0,0.0,6.8165,0.0,-793.95,0.0,6.8165,0.0,-793.95,0.0,6.8165,1.0,0.0,0.0,0.0,0.0
423,396.16,783.85,1886.25,802.9,19.05,1.728,1.7624,0.0,-783.85,0.0,6.8165,0.0,-783.85,0.0,6.8165,1.0,0.0,0.0,0.0,0.0
424,396.53,780.2,1943.3,797.85,17.65,1.5175,1.8189,0.0,-780.2,0.0,6.8165,0.0,-780.2,0.0,6.8165,1.0,0.0,0.0,0.0,0.0
425,396.9,764.95,1980.7,786.05,21.1,1.7356,1.7606,0.0,-764.95,0.0,6.8165,0.0,-764.95,0.0,6.8165,1.0,0.0,0.0,0.0,0.0
426,397.27,768.1,2075.2,801.55,33.45,2.5591,1.5919,0.0,-768.1,0.0,6.8165,0.0,-768.1,0.0,6.8165,1.0,0.0,0.0,0.0,0.0
427,397.64,790.7,2119.45,790.45,-0.25,0.0,6.8165,0.0,-790.7,0.0,6.8165,0.0,-790.7,0.0,6.8165,1.0,0.0,0.0,0.0,0.0
428,398.01,772.85,2144.6,790.35,17.5,1.2757,1.8942,0.0,-772.85,0.0,6.8165,0.0,-772.85,0.0,6.8165,1.0,0.0,0.0,0.0,0.0
429,398.38,791.7,2190.4,794.45,2.75,0.1966,2.7064,0.0,-791.7,0.0,6.8165,0.0,-791.7,0.0,6.8165,1.0,0.0,0.0,0.0,0.0
430,398.75,783.5,2201.1,797.3,13.8,0.9735,2.0117,0.0,-783.5,0.0,6.8165,0.0,-783.5,0.0,6.8165,1.0,0.0,0.0,0.0,0.0
431,399.12,784.9,2303.85,801.3,16.4,1.0797,1.9667,0.0,-784.9,0.0,6.8165,0.0,-784.9,0.0,6.8165,1.0,0.0,0.0,0.0,0.0
432,399.48,790.8,2374.8,810.55,19.75,1.2468,1.9042,0.0,-790.8,0.0,6.8165,0.0,-790.8,0.0,6.8165,1.0,0.0,0.0,0.0,0.0
433,399.85,782.9,2364.9,805.5,22.6,1.4286,1.8451,0.0,-782.9,0.0,6.8165,0.0,-782.9,0.0,6.8165,1.0,0.0,0.0,0.0,0.0
434,400.22,801.85,2397.2,797.9,-3.95,0.0,6.8165,0.0,-801.85,0.0,6.8165,0.0,-801.85,0.0,6.8165,1.0,0.0,0.0,0.0,0.0
435,400.59,788.1,2505.55,789.05,0.95,0.0553,3.2572,0.0,-788.1,0.0,6.8165,0.0,-788.1,0.0,6.8165,1.0,0.0,0.0,0.0,0.0
436,400.96,792.7,2491.6,780.8,-11.9,0.0,6.8165,0.0,-792.7,0.0,6.8165,0.0,-792.7,0.0,6.8165,1.0,0.0,0.0,0.0,0.0
437,401.32,784.45,2534.1,797.55,13.1,0.7487,2.1257,0.0,-784.45,0.0,6.8165,0.0,-784.45,0.0,6.8165,1.0,0.0,0.0,0.0,0.0
438,401.69,793.95,2601.45,802.65,8.7,0.4813,2.3176,0.0,-793.95,0.0,6.8165,0.0,-793.95,0.0,6.8165,1.0,0.0,0.0,0.0,0.0
439,402.06,789.5,2683.35,804.7,15.2,0.8026,2.0955,0.0,-789.5,0.0,6.8165,0.0,-789.5,0.0,6.8165,1.0,0.0,0.0,0.0,0.0
440,402.43,781.7,2667.85,787.15,5.45,0.2889,2.5392,0.0,-781.7,0.0,6.8165,0.0,-781.7,0.0,6.8165,1.0,0.0,0.0,0.0,0.0
441,402.8,778.3,2758.0,786.95,8.65,0.4369,2.3596,0.0,-778.3,0.0,6.8165,0.0,-778.3,0.0,6.8165,1.0,0.0,0.0,0.0,0.0
442,403.16,784.85,2788.6,802.25,17.4,0.8684,2.0613,0.0,-784.85,0.0,6.8165,0.0,-784.85,0.0,6.8165,1.0,0.0,0.0,0.0,0.0
443,403.53,783.65,2770.75,795.35,11.7,0.5888,2.23,0.0,-783.65,0.0,6.8165,0.0,-783.65,0.0,6.8165,1.0,0.0,0.0,0.0,0.0
444,403.9,782.65,2972.25,798.25,15.6,0.7125,2.1472,0.0,-782.65,0.0,6.8165,0.0,-782.65,0.0,6.8165,1.0,0.0,0.0,0.0,0.0
445,404.27,785.45,2960.8,794.7,9.25,0.4252,2.3714,0.0,-785.45,0.0,6.8165,0.0,-785.45,0.0,6.8165,1.0,0.0,0.0,0.0,0.0
446,404.63,779.85,3040.15,790.05,10.2,0.4513,2.3456,0.0,-779.85,0.0,6.8165,0.0,-779.85,0.0,6.8165,1.0,0.0,0.0,0.0,0.0
447,405.0,787.7,3154.4,801.8,14.1,0.5958,2.2249,0.0,-787.7,0.0,6.8165,0.0,-787.7,0.0,6.8165,1.0,0.0,0.0,0.0,0.0
448,405.37,787.5,3211.0,802.65,15.15,0.6251,2.204,0.0,-787.5,0.0,6.8165,0.0,-787.5,0.0,6.8165,1.0,0.0,0.0,0.0,0.0
449,405.73,781.05,3286.45,803.3,22.25,0.8881,2.0515,0.0,-781.05,0.0,6.8165,0.0,-781.05,0.0,6.8165,1.0,0.0,0.0,0.0,0.0
450,406.1,788.65,3421.65,798.55,9.9,0.376,2.4248,0.0,-788.65,0.0,6.8165,0.0,-788.65,0.0,6.8165,1.0,0.0,0.0,0.0,0.0
451,406.47,784.25,3495.5,785.95,1.7,0.0627,3.2027,0.0,-784.25,0.0,6.8165,0.0,-784.25,0.0,6.8165,1.0,0.0,0.0,0.0,0.0
452,406.83,789.85,3620.35,799.85,10.0,0.3533,2.4519,0.0,-789.85,0.0,6.8165,0.0,-789.85,0.0,6.8165,1.0,0.0,0.0,0.0,0.0
453,407.2,773.85,3666.45,802.4,28.55,0.987,2.0057,0.0,-773.85,0.0,6.8165,0.0,-773.85,0.0,6.8165,1.0,0.0,0.0,0.0,0.0
454,407.57,783.15,3848.1,798.95,15.8,0.5155,2.2878,0.0,-783.15,0.0,6.8165,0.0,-783.15,0.0,6.8165,1.0,0.0,0.0,0.0,0.0
455,407.93,774.8,3869.0,801.15,26.35,0.8516,2.0698,0.0,-774.8,0.0,6.8165,0.0,-774.8,0.0,6.8165,1.0,0.0,0.0,0.0,0.0
456,408.3,773.8,3897.2,798.0,24.2,0.7748,2.1108,0.0,-773.8,0.0,6.8165,0.0,-773.8,0.0,6.8165,1.0,0.0,0.0,0.0,0.0
457,408.67,779.8,4045.5,800.25,20.45,0.6262,2.2033,0.0,-779.8,0.0,6.8165,0.0,-779.8,0.0,6.8165,1.0,0.0,0.0,0.0,0.0
458,409.03,774.35,4169.55,793.3,18.95,0.5581,2.2533,0.0,-774.35,0.0,6.8165,0.0,-774.35,0.0,6.8165,1.0,0.0,0.0,0.0,0.0
459,409.4,792.3,4169.8,799.8,7.5,0.2221,2.6535,0.0,-792.3,0.0,6.8165,0.0,-792.3,0.0,6.8165,1.0,0.0,0.0,0.0,0.0
460,409.76,782.05,4342.45,803.75,21.7,0.6095,2.215,0.0,-782.05,0.0,6.8165,0.0,-782.05,0.0,6.8165,1.0,0.0,0.0,0.0,0.0
461,410.13,768.3,4242.9,792.45,24.15,0.695,2.158,0.0,-768.3,0.0,6.8165,0.0,-768.3,0.0,6.8165,1.0,0.0,0.0,0.0,0.0
462,410.5,797.25,4338.65,812.6,15.35,0.4334,2.3631,0.0,-797.25,0.0,6.8165,0.0,-797.25,0.0,6.8165,1.0,0.0,0.0,0.0,0.0
463,410.86,790.1,4448.6,802.05,11.95,0.3266,2.4859,0.0,-790.1,0.0,6.8165,0.0,-790.1,0.0,6.8165,1.0,0.0,0.0,0.0,0.0
464,411.23,786.4,4522.1,796.25,9.85,0.2637,2.5789,0.0,-786.4,0.0,6.8165,0.0,-786.4,0.0,6.8165,1.0,0.0,0.0,0.0,0.0
465,411.59,786.25,4661.4,802.2,15.95,0.4116,2.3855,0.0,-786.25,0.0,6.8165,0.0,-786.25,0.0,6.8165,1.0,0.0,0.0,0.0,0.0
466,411.96,781.75,4636.0,811.35,29.6,0.768,2.1146,0.0,-781.75,0.0,6.8165,0.0,-781.75,0.0,6.8165,1.0,0.0,0.0,0.0,0.0
467,412.32,781.2,4704.15,793.05,11.85,0.3021,2.5199,0.0,-781.2,0.0,6.8165,0.0,-781.2,0.0,6.8165,1.0,0.0,0.0,0.0,0.0
468,412.69,777.5,4927.5,800.1,22.6,0.5446,2.2639,0.0,-777.5,0.0,6.8165,0.0,-777.5,0.0,6.8165,1.0,0.0,0.0,0.0,0.0
469,413.05,784.75,5063.25,817.65,32.9,0.769,2.1141,0.0,-784.75,0.0,6.8165,0.0,-784.75,0.0,6.8165,1.0,0.0,0.0,0.0,0.0
470,413.42,794.05,4973.2,800.15,6.1,0.146,2.8358,0.0,-794.05,0.0,6.8165,0.0,-794.05,0.0,6.8165,1.0,0.0,0.0,0.0,0.0
471,413.78,783.1,5262.85,805.2,22.1,0.4933,2.3069,0.0,-783.1,0.0,6.8165,0.0,-783.1,0.0,6.8165,1.0,0.0,0.0,0.0,0.0
472,414.15,774.1,5327.9,805.4,31.3,0.6873,2.1628,0.0,-774.1,0.0,6.8165,0.0,-774.1,0.0,6.8165,1.0,0.0,0.0,0.0,0.0
473,414.51,774.55,5264.8,804.0,29.45,0.6559,2.1832,0.0,-774.55,0.0,6.8165,0.0,-774.55,0.0,6.8165,1.0,0.0,0.0,0.0,0.0
474,414.88,774.5,5347.8,787.9,13.4,0.293,2.5331,0.0,-774.5,0.0,6.8165,0.0,-774.5,0.0,6.8165,1.0,0.0,0.0,0.0,0.0
475,415.24,770.2,5553.95,802.0,31.8,0.6648,2.1773,0.0,-770.2,0.0,6.8165,0.0,-770.2,0.0,6.8165,1.0,0.0,0.0,0.0,0.0
476,415.61,783.8,5659.15,801.1,17.3,0.3548,2.45,0.0,-783.8,0.0,6.8165,0.0,-783.8,0.0,6.8165,1.0,0.0,0.0,0.0,0.0
477,415.97,780.8,5604.1,789.45,8.65,0.1793,2.7463,0.0,-780.8,0.0,6.8165,0.0,-780.8,0.0,6.8165,1.0,0.0,0.0,0.0,0.0
478,416.33,771.0,5782.5,800.55,29.55,0.5896,2.2294,0.0,-771.0,0.0,6.8165,0.0,-771.0,0.0,6.8165,1.0,0.0,0.0,0.0,0.0
479,416.7,770.85,5916.4,813.9,43.05,0.8366,2.0775,0.0,-770.85,0.0,6.8165,0.0,-770.85,0.0,6.8165,1.0,0.0,0.0,0.0,0.0
480,417.06,786.45,6125.35,793.5,7.05,0.132,2.8793,0.0,-786.45,0.0,6.8165,0.0,-786.45,0.0,6.8165,1.0,0.0,0.0,0.0,0.0
481,417.43,779.95,6075.85,815.75,35.8,0.676,2.1701,0.0,-779.95,0.0,6.8165,0.0,-779.95,0.0,6.8165,1.0,0.0,0.0,0.0,0.0
482,417.79,785.65,6093.25,800.5,14.85,0.2798,2.5532,0.0,-785.65,0.0,6.8165,0.0,-785.65,0.0,6.8165,1.0,0.0,0.0,0.0,0.0
483,418.15,786.35,6151.95,814.3,27.95,0.5209,2.2832,0.0,-786.35,0.0,6.8165,0.0,-786.35,0.0,6.8165,1.0,0.0,0.0,0.0,0.0
484,418.52,778.5,6325.3,798.1,19.6,0.3534,2.4518,0.0,-778.5,0.0,6.8165,0.0,-778.5,0.0,6.8165,1.0,0.0,0.0,0.0,0.0
485,418.88,787.9,6445.15,808.1,20.2,0.3571,2.4473,0.0,-787.9,0.0,6.8165,0.0,-787.9,0.0,6.8165,1.0,0.0,0.0,0.0,0.0
486,419.24,770.75,6655.75,793.65,22.9,0.3891,2.4099,0.0,-770.75,0.0,6.8165,0.0,-770.75,0.0,6.8165,1.0,0.0,0.0,0.0,0.0
487,419.61,790.15,6626.4,803.1,12.95,0.2219,2.6539,0.0,-790.15,0.0,6.8165,0.0,-790.15,0.0,6.8165,1.0,0.0,0.0,0.0,0.0
488,419.97,762.65,6654.45,805.15,42.5,0.7213,2.1419,0.0,-762.65,0.0,6.8165,0.0,-762.65,0.0,6.8165,1.0,0.0,0.0,0.0,0.0
489,420.33,785.15,6944.1,806.05,20.9,0.3393,2.4694,0.0,-785.15,0.0,6.8165,0.0,-785.15,0.0,6.8165,1.0,0.0,0.0,0.0,0.0
490,420.7,781.2,6916.0,807.0,25.8,0.4206,2.3762,0.0,-781.2,0.0,6.8165,0.0,-781.2,0.0,6.8165,1.0,0.0,0.0,0.0,0.0
491,421.06,775.45,7091.95,794.45,19.0,0.3008,2.5217,0.0,-775.45,0.0,6.8165,0.0,-775.45,0.0,6.8165,1.0,0.0,0.0,0.0,0.0
492,421.42,782.65,7222.95,806.35,23.7,0.368,2.4342,0.0,-782.65,0.0,6.8165,0.0,-782.65,0.0,6.8165,1.0,0.0,0.0,0.0,0.0
493,421.79,794.0,7278.1,788.25,-5.75,0.0,6.8165,0.0,-794.0,0.0,6.8165,0.0,-794.0,0.0,6.8165,1.0,0.0,0.0,0.0,0.0
494,422.15,785.4,7271.55,804.25,18.85,0.2906,2.5367,0.0,-785.4,0.0,6.8165,0.0,-785.4,0.0,6.8165,1.0,0.0,0.0,0.0,0.0
495,422.51,791.65,7407.5,797.2,5.55,0.0839,3.0763,0.0,-791.65,0.0,6.8165,0.0,-791.65,0.0,6.8165,1.0,0.0,0.0,0.0,0.0
496,422.87,773.75,7640.4,804.9,31.15,0.4536,2.3433,0.0,-773.75,0.0,6.8165,0.0,-773.75,0.0,6.8165,1.0,0.0,0.0,0.0,0.0
497,423.24,791.55,7727.0,806.4,14.85,0.2141,2.6693,0.0,-791.55,0.0,6.8165,0.0,-791.55,0.0,6.8165,1.0,0.0,0.0,0.0,0.0
498,423.6,787.7,7811.8,808.0,20.3,0.289,2.5391,0.0,-787.7,0.0,6.8165,0.0,-787.7,0.0,6.8165,1.0,0.0,0.0,0.0,0.0
499,423.96,788.25,7938.85,804.35,16.1,0.2252,2.6475,0.0,-788.25,0.0,6.8165,0.0,-788.25,0.0,6.8165,1.0,0.0,0.0,0.0,0.0
500,424.32,789.75,8076.2,808.0,18.25,0.2505,2.6013,0.0,-789.75,0.0,6.8165,0.0,-789.75,0.0,6.8165,1.0,0.0,0.0,0.0,0.0
501,424.69,787.85,8151.55,818.55,30.7,0.4169,2.38,0.0,-787.85,0.0,6.8165,0.0,-787.85,0.0,6.8165,1.0,0.0,0.0,0.0,0.0
502,425.05,785.6,8575.5,803.25,17.65,0.2266,2.6448,0.0,-785.6,0.0,6.8165,0.0,-785.6,0.0,6.8165,1.0,0.0,0.0,0.0,0.0
503,425.41,805.55,8870.8,791.45,-14.1,0.0,6.8165,0.0,-805.55,0.0,6.8165,0.0,-805.55,0.0,6.8165,1.0,0.0,0.0,0.0,0.0
504,425.77,784.8,8737.05,802.45,17.65,0.2219,2.6537,0.0,-784.8,0.0,6.8165,0.0,-784.8,0.0,6.8165,1.0,0.0,0.0,0.0,0.0
505,426.13,798.6,8861.75,804.2,5.6,0.0695,3.1583,0.0,-798.6,0.0,6.8165,0.0,-798.6,0.0,6.8165,1.0,0.0,0.0,0.0,0.0
506,426.5,774.25,8713.95,802.95,28.7,0.3615,2.4419,0.0,-774.25,0.0,6.8165,0.0,-774.25,0.0,6.8165,1.0,0.0,0.0,0.0,0.0
507,426.86,778.6,8908.45,812.25,33.65,0.4139,2.3831,0.0,-778.6,0.0,6.8165,0.0,-778.6,0.0,6.8165,1.0,0.0,0.0,0.0,0.0
508,427.22,782.4,9330.7,788.45,6.05,0.0708,3.1501,0.0,-782.4,0.0,6.8165,0.0,-782.4,0.0,6.8165,1.0,0.0,0.0,0.0,0.0
509,427.58,796.25,9195.05,795.95,-0.3,0.0,6.8165,0.0,-796.25,0.0,6.8165,0.0,-796.25,0.0,6.8165,1.0,0.0,0.0,0.0,0.0
510,427.94,779.95,9573.45,805.5,25.55,0.2906,2.5368,0.0,-779.95,0.0,6.8165,0.0,-779.95,0.0,6.8165,1.0,0.0,0.0,0.0,0.0
511,428.3,777.05,9878.5,790.1,13.05,0.1434,2.8435,0.0,-777.05,0.0,6.8165,0.0,-777.05,0.0,6.8165,1.0,0.0,0.0,0.0,0.0
512,428.66,777.1,9589.9,798.9,21.8,0.2474,2.6067,0.0,-777.1,0.0,6.8165,0.0,-777.1,0.0,6.8165,1.0,0.0,0.0,0.0,0.0
513,429.02,792.65,9824.05,795.85,3.2,0.0354,3.4506,0.0,-792.65,0.0,6.8165,0.0,-792.65,0.0,6.8165,1.0,0.0,0.0,0.0,0.0
514,429.39,792.05,9997.95,799.1,7.05,0.0766,3.1159,0.0,-792.05,0.0,6.8165,0.0,-792.05,0.0,6.8165,1.0,0.0,0.0,0.0,0.0
515,429.75,768.6,10151.5,807.25,38.65,0.4119,2.3852,0.0,-768.6,0.0,6.8165,0.0,-768.6,0.0,6.8165,1.0,0.0,0.0,0.0,0.0
516,430.11,784.65,10232.6,797.15,12.5,0.1323,2.8784,0.0,-784.65,0.0,6.8165,0.0,-784.65,0.0,6.8165,1.0,0.0,0.0,0.0,0.0
517,430.47,774.45,10429.3,799.2,24.75,0.2563,2.5912,0.0,-774.45,0.0,6.8165,0.0,-774.45,0.0,6.8165,1.0,0.0,0.0,0.0,0.0
518,430.83,783.75,10419.65,795.85,12.1,0.1256,2.9011,0.0,-783.75,0.0,6.8165,0.0,-783.75,0.0,6.8165,1.0,0.0,0.0,0.0,0.0
519,431.19,779.6,10748.4,787.6,8.0,0.0803,3.0956,0.0,-779.6,0.0,6.8165,0.0,-779.6,0.0,6.8165,1.0,0.0,0.0,0.0,0.0
520,431.55,792.95,10430.9,804.25,11.3,0.1172,2.9309,0.0,-792.95,0.0,6.8165,0.0,-792.95,0.0,6.8165,1.0,0.0,0.0,0.0,0.0
521,431.91,789.6,10826.75,804.7,15.1,0.1504,2.8226,0.0,-789.6,0.0,6.8165,0.0,-789.6,0.0,6.8165,1.0,0.0,0.0,0.0,0.0
522,432.27,788.8,11092.15,793.5,4.7,0.0456,3.3409,0.0,-788.8,0.0,6.8165,0.0,-788.8,0.0,6.8165,1.0,0.0,0.0,0.0,0.0
523,432.63,786.9,10999.1,802.4,15.5,0.1518,2.8188,0.0,-786.9,0.0,6.8165,0.0,-786.9,0.0,6.8165,1.0,0.0,0.0,0.0,0.0
524,432.99,791.65,11186.85,795.15,3.5,0.0337,3.4728,0.0,-791.65,0.0,6.8165,0.0,-791.65,0.0,6.8165,1.0,0.0,0.0,0.0,0.0
525,433.35,789.35,11142.05,805.55,16.2,0.1565,2.8055,0.0,-789.35,0.0,6.8165,0.0,-789.35,0.0,6.8165,1.0,0.0,0.0,0.0,0.0
526,433.71,799.2,11345.55,793.7,-5.5,0.0,6.8165,0.0,-799.2,0.0,6.8165,0.0,-799.2,0.0,6.8165,1.0,0.0,0.0,0.0,0.0
527,434.07,780.05,12001.35,802.95,22.9,0.2041,2.6902,0.0,-780.05,0.0,6.8165,0.0,-780.05,0.0,6.8165,1.0,0.0,0.0,0.0,0.0
528,434.43,784.4,11855.2,800.9,16.5,0.149,2.8267,0.0,-784.4,0.0,6.8165,0.0,-784.4,0.0,6.8165,1.0,0.0,0.0,0.0,0.0
529,434.79,790.6,11900.1,797.45,6.85,0.0617,3.21,0.0,-790.6,0.0,6.8165,0.0,-790.6,0.0,6.8165,1.0,0.0,0.0,0.0,0.0
530,435.15,780.7,12268.65,797.5,16.8,0.1462,2.8349,0.0,-780.7,0.0,6.8165,0.0,-780.7,0.0,6.8165,1.0,0.0,0.0,0.0,0.0
531,435.51,784.4,12439.7,800.7,16.3,0.1399,2.8543,0.0,-784.4,0.0,6.8165,0.0,-784.4,0.0,6.8165,1.0,0.0,0.0,0.0,0.0
532,435.87,791.1,12531.75,801.3,10.2,0.0869,3.0611,0.0,-791.1,0.0,6.8165,0.0,-791.1,0.0,6.8165,1.0,0.0,0.0,0.0,0.0
533,436.23,781.65,12899.7,797.75,16.1,0.1329,2.8766,0.0,-781.65,0.0,6.8165,0.0,-781.65,0.0,6.8165,1.0,0.0,0.0,0.0,0.0
534,436.59,792.6,13292.5,800.65,8.05,0.0644,3.1911,0.0,-792.6,0.0,6.8165,0.0,-792.6,0.0,6.8165,1.0,0.0,0.0,0.0,0.0
535,436.94,780.1,13551.75,798.7,18.6,0.1456,2.8367,0.0,-780.1,0.0,6.8165,0.0,-780.1,0.0,6.8165,1.0,0.0,0.0,0.0,0.0
536,437.3,783.15,13595.1,804.75,21.6,0.1686,2.7732,0.0,-783.15,0.0,6.8165,0.0,-783.15,0.0,6.8165,1.0,0.0,0.0,0.0,0.0
537,437.66,784.4,13459.7,804.75,20.35,0.1605,2.7944,0.0,-784.4,0.0,6.8165,0.0,-784.4,0.0,6.8165,1.0,0.0,0.0,0.0,0.0
538,438.02,783.9,13997.4,805.35,21.45,0.1623,2.7896,0.0,-783.9,0.0,6.8165,0.0,-783.9,0.0,6.8165,1.0,0.0,0.0,0.0,0.0
539,438.38,781.9,14330.1,805.55,23.65,0.1746,2.7581,0.0,-781.9,0.0,6.8165,0.0,-781.9,0.0,6.8165,1.0,0.0,0.0,0.0,0.0
540,438.74,789.6,14281.1,811.55,21.95,0.1627,2.7886,0.0,-789.6,0.0,6.8165,0.0,-789.6,0.0,6.8165,1.0,0.0,0.0,0.0,0.0
541,439.1,788.75,13975.35,807.2,18.45,0.1399,2.8541,0.0,-788.75,0.0,6.8165,0.0,-788.75,0.0,6.8165,1.0,0.0,0.0,0.0,0.0
542,439.46,789.15,14402.65,806.2,17.05,0.1252,2.9022,0.0,-789.15,0.0,6.8165,0.0,-789.15,0.0,6.8165,1.0,0.0,0.0,0.0,0.0
543,439.81,787.25,14484.95,803.5,16.25,0.1186,2.9258,0.0,-787.25,0.0,6.8165,0.0,-787.25,0.0,6.8165,1.0,0.0,0.0,0.0,0.0
544,440.17,792.5,14070.9,806.35,13.85,0.1043,2.9817,0.0,-792.5,0.0,6.8165,0.0,-792.5,0.0,6.8165,1.0,0.0,0.0,0.0,0.0
545,440.53,781.2,14457.15,795.45,14.25,0.1042,2.9821,0.0,-781.2,0.0,6.8165,0.0,-781.2,0.0,6.8165,1.0,0.0,0.0,0.0,0.0
546,440.89,778.75,14616.3,806.1,27.35,0.1977,2.7041,0.0,-778.75,0.0,6.8165,0.0,-778.75,0.0,6.8165,1.0,0.0,0.0,0.0,0.0
547,441.25,785.15,14713.75,795.9,10.75,0.0772,3.1125,0.0,-785.15,0.0,6.8165,0.0,-785.15,0.0,6.8165,1.0,0.0,0.0,0.0,0.0
548,441.6,792.1,14689.35,791.15,-0.95,0.0,6.8165,0.0,-792.1,0.0,6.8165,0.0,-792.1,0.0,6.8165,1.0,0.0,0.0,0.0,0.0
549,441.96,794.7,15206.95,807.55,12.85,0.0892,3.0498,0.0,-794.7,0.0,6.8165,0.0,-794.7,0.0,6.8165,1.0,0.0,0.0,0.0,0.0
550,442.32,780.65,14996.6,802.6,21.95,0.1544,2.8113,0.0,-780.65,0.0,6.8165,0.0,-780.65,0.0,6.8165,1.0,0.0,0.0,0.0,0.0
551,442.68,802.3,14663.2,812.3,10.0,0.0721,3.1418,0.0,-802.3,0.0,6.8165,0.0,-802.3,0.0,6.8165,1.0,0.0,0.0,0.0,0.0
552,443.03,781.6,15631.0,806.75,25.15,0.1694,2.7712,0.0,-781.6,0.0,6.8165,0.0,-781.6,0.0,6.8165,1.0,0.0,0.0,0.0,0.0
553,443.39,790.95,15147.2,807.45,16.5,0.1149,2.9396,0.0,-790.95,0.0,6.8165,0.0,-790.95,0.0,6.8165,1.0,0.0,0.0,0.0,0.0
554,443.75,803.1,16213.4,813.3,10.2,0.0662,3.1792,0.0,-803.1,0.0,6.8165,0.0,-803.1,0.0,6.8165,1.0,0.0,0.0,0.0,0.0
555,444.11,791.25,16070.7,810.95,19.7,0.1289,2.8896,0.0,-791.25,0.0,6.8165,0.0,-791.25,0.0,6.8165,1.0,0.0,0.0,0.0,0.0
556,444.46,801.3,15856.55,801.35,0.05,0.0003,5.4787,0.0,-801.3,0.0,6.8165,0.0,-801.3,0.0,6.8165,1.0,0.0,0.0,0.0,0.0
557,444.82,791.4,15968.95,806.55,15.15,0.0998,3.0008,0.0,-791.4,0.0,6.8165,0.0,-791.4,0.0,6.8165,1.0,0.0,0.0,0.0,0.0
558,445.18,800.9,15914.0,810.8,9.9,0.0655,3.1837,0.0,-800.9,0.0,6.8165,0.0,-800.9,0.0,6.8165,1.0,0.0,0.0,0.0,0.0
559,445.53,790.6,16124.65,801.55,10.95,0.0714,3.1462,0.0,-790.6,0.0,6.8165,0.0,-790.6,0.0,6.8165,1.0,0.0,0.0,0.0,0.0
560,445.89,805.5,16398.95,801.0,-4.5,0.0,6.8165,0.0,-805.5,0.0,6.8165,0.0,-805.5,0.0,6.8165,1.0,0.0,0.0,0.0,0.0
561,446.25,796.65,16888.85,794.5,-2.15,0.0,6.8165,0.0,-796.65,0.0,6.8165,0.0,-796.65,0.0,6.8165,1.0,0.0,0.0,0.0,0.0
562,446.6,790.5,16435.4,803.35,12.85,0.0821,3.0855,0.0,-790.5,0.0,6.8165,0.0,-790.5,0.0,6.8165,1.0,0.0,0.0,0.0,0.0
563,446.96,793.3,16603.05,800.25,6.95,0.044,3.3569,0.0,-793.3,0.0,6.8165,0.0,-793.3,0.0,6.8165,1.0,0.0,0.0,0.0,0.0
564,447.32,799.25,17004.45,810.75,11.5,0.071,3.149,0.0,-799.25,0.0,6.8165,0.0,-799.25,0.0,6.8165,1.0,0.0,0.0,0.0,0.0
565,447.67,778.85,17501.95,805.1,26.25,0.157,2.8042,0.0,-778.85,0.0,6.8165,0.0,-778.85,0.0,6.8165,1.0,0.0,0.0,0.0,0.0
566,448.03,789.05,17424.4,809.95,20.9,0.1256,2.9009,0.0,-789.05,0.0,6.8165,0.0,-789.05,0.0,6.8165,1.0,0.0,0.0,0.0,0.0
567,448.38,782.1,17616.75,811.7,29.6,0.1758,2.7549,0.0,-782.1,0.0,6.8165,0.0,-782.1,0.0,6.8165,1.0,0.0,0.0,0.0,0.0
568,448.74,789.6,18450.5,816.3,26.7,0.1512,2.8205,0.0,-789.6,0.0,6.8165,0.0,-789.6,0.0,6.8165,1.0,0.0,0.0,0.0,0.0
569,449.1,793.35,18072.95,812.35,19.0,0.11,2.9588,0.0,-793.35,0.0,6.8165,0.0,-793.35,0.0,6.8165,1.0,0.0,0.0,0.0,0.0
570,449.45,787.5,19159.85,807.15,19.65,0.107,2.9708,0.0,-787.5,0.0,6.8165,0.0,-787.5,0.0,6.8165,1.0,0.0,0.0,0.0,0.0
571,449.81,791.6,20450.95,820.35,28.75,0.1462,2.8349,0.0,-791.6,0.0,6.8165,0.0,-791.6,0.0,6.8165,1.0,0.0,0.0,0.0,0.0
572,450.16,786.05,20991.5,803.35,17.3,0.0856,3.0674,0.0,-786.05,0.0,6.8165,0.0,-786.05,0.0,6.8165,1.0,0.0,0.0,0.0,0.0
573,450.52,799.3,22259.95,816.7,17.4,0.0811,3.0911,0.0,-799.3,0.0,6.8165,0.0,-799.3,0.0,6.8165,1.0,0.0,0.0,0.0,0.0
574,450.87,794.25,21223.55,800.85,6.6,0.0323,3.4907,0.0,-794.25,0.0,6.8165,0.0,-794.25,0.0,6.8165,1.0,0.0,0.0,0.0,0.0
575,451.23,776.45,20437.6,806.25,29.8,0.1516,2.8194,0.0,-776.45,0.0,6.8165,0.0,-776.45,0.0,6.8165,1.0,0.0,0.0,0.0,0.0
576,451.59,804.95,20602.4,817.55,12.6,0.0636,3.1962,0.0,-804.95,0.0,6.8165,0.0,-804.95,0.0,6.8165,1.0,0.0,0.0,0.0,0.0
577,451.94,787.6,20173.75,813.4,25.8,0.1331,2.8759,0.0,-787.6,0.0,6.8165,0.0,-787.6,0.0,6.8165,1.0,0.0,0.0,0.0,0.0
578,452.3,793.9,20919.0,807.2,13.3,0.0661,3.1799,0.0,-793.9,0.0,6.8165,0.0,-793.9,0.0,6.8165,1.0,0.0,0.0,0.0,0.0
579,452.65,798.6,20981.5,813.45,14.85,0.0736,3.1333,0.0,-798.6,0.0,6.8165,0.0,-798.6,0.0,6.8165,1.0,0.0,0.0,0.0,0.0
580,453.01,805.05,21367.1,806.75,1.7,0.0083,4.0826,0.0,-805.05,0.0,6.8165,0.0,-805.05,0.0,6.8165,1.0,0.0,0.0,0.0,0.0
581,453.36,788.35,20869.7,799.15,10.8,0.0538,3.2694,0.0,-788.35,0.0,6.8165,0.0,-788.35,0.0,6.8165,1.0,0.0,0.0,0.0,0.0
582,453.71,797.5,20159.25,809.35,11.85,0.0612,3.2132,0.0,-797.5,0.0,6.8165,0.0,-797.5,0.0,6.8165,1.0,0.0,0.0,0.0,0.0
583,454.07,801.9,20497.8,813.9,12.0,0.0609,3.2152,0.0,-801.9,0.0,6.8165,0.0,-801.9,0.0,6.8165,1.0,0.0,0.0,0.0,0.0
584,454.42,796.4,20391.25,812.7,16.3,0.0832,3.08,0.0,-796.4,0.0,6.8165,0.0,-796.4,0.0,6.8165,1.0,0.0,0.0,0.0,0.0
585,454.78,797.4,21345.35,793.35,-4.05,0.0,6.8165,0.0,-797.4,0.0,6.8165,0.0,-797.4,0.0,6.8165,1.0,0.0,0.0,0.0,0.0
586,455.13,798.0,21159.9,817.9,19.9,0.0977,3.01,0.0,-798.0,0.0,6.8165,0.0,-798.0,0.0,6.8165,1.0,0.0,0.0,0.0,0.0
587,455.49,799.5,21928.35,816.35,16.85,0.0797,3.0983,0.0,-799.5,0.0,6.8165,0.0,-799.5,0.0,6.8165,1.0,0.0,0.0,0.0,0.0
588,455.84,799.35,21084.15,817.15,17.8,0.0878,3.0568,0.0,-799.35,0.0,6.8165,0.0,-799.35,0.0,6.8165,1.0,0.0,0.0,0.0,0.0
589,456.19,804.4,22126.55,809.2,4.8,0.0225,3.6476,0.0,-804.4,0.0,6.8165,0.0,-804.4,0.0,6.8165,1.0,0.0,0.0,0.0,0.0
590,456.55,790.1,22632.75,800.95,10.85,0.0497,3.3039,0.0,-790.1,0.0,6.8165,0.0,-790.1,0.0,6.8165,1.0,0.0,0.0,0.0,0.0
591,456.9,794.65,23042.7,794.05,-0.6,0.0,6.8165,0.0,-794.65,0.0,6.8165,0.0,-794.65,0.0,6.8165,1.0,0.0,0.0,0.0,0.0
592,457.26,787.65,23484.95,796.0,8.35,0.0368,3.4343,0.0,-787.65,0.0,6.8165,0.0,-787.65,0.0,6.8165,1.0,0.0,0.0,0.0,0.0
593,457.61,782.8,23383.7,807.2,24.4,0.108,2.9667,0.0,-782.8,0.0,6.8165,0.0,-782.8,0.0,6.8165,1.0,0.0,0.0,0.0,0.0
594,457.96,792.15,24014.4,800.35,8.2,0.0353,3.4521,0.0,-792.15,0.0,6.8165,0.0,-792.15,0.0,6.8165,1.0,0.0,0.0,0.0,0.0
595,458.32,780.5,24874.3,809.75,29.25,0.1214,2.9158,0.0,-780.5,0.0,6.8165,0.0,-780.5,0.0,6.8165,1.0,0.0,0.0,0.0,0.0
596,458.67,786.9,24375.85,802.95,16.05,0.068,3.1672,0.0,-786.9,0.0,6.8165,0.0,-786.9,0.0,6.8165,1.0,0.0,0.0,0.0,0.0
597,459.02,795.55,24847.8,816.2,20.65,0.0859,3.0662,0.0,-795.55,0.0,6.8165,0.0,-795.55,0.0,6.8165,1.0,0.0,0.0,0.0,0.0
598,459.38,781.95,24811.55,815.65,33.7,0.1402,2.8531,0.0,-781.95,0.0,6.8165,0.0,-781.95,0.0,6.8165,1.0,0.0,0.0,0.0,0.0
599,459.73,784.0,24785.4,810.2,26.2,0.1092,2.9619,0.0,-784.0,0.0,6.8165,0.0,-784.0,0.0,6.8165,1.0,0.0,0.0,0.0,0.0
600,460.08,772.35,24593.95,808.7,36.35,0.1526,2.8165,0.0,-772.35,0.0,6.8165,0.0,-772.35,0.0,6.8165,1.0,0.0,0.0,0.0,0.0
601,460.44,778.1,25258.2,805.0,26.9,0.1099,2.9591,0.0,-778.1,0.0,6.8165,0.0,-778.1,0.0,6.8165,1.0,0.0,0.0,0.0,0.0
602,460.79,776.75,25088.7,807.05,30.3,0.1246,2.9044,0.0,-776.75,0.0,6.8165,0.0,-776.75,0.0,6.8165,1.0,0.0,0.0,0.0,0.0
603,461.14,782.95,25855.8,802.8,19.85,0.0792,3.1014,0.0,-782.95,0.0,6.8165,0.0,-782.95,0.0,6.8165,1.0,0.0,0.0,0.0,0.0
604,461.49,786.65,25791.25,807.85,21.2,0.0848,3.0717,0.0,-786.65,0.0,6.8165,0.0,-786.65,0.0,6.8165,1.0,0.0,0.0,0.0,0.0
605,461.85,781.6,26285.95,796.1,14.5,0.0569,3.2452,0.0,-781.6,0.0,6.8165,0.0,-781.6,0.0,6.8165,1.0,0.0,0.0,0.0,0.0
606,462.2,786.7,27192.9,799.6,12.9,0.0489,3.3111,0.0,-786.7,0.0,6.8165,0.0,-786.7,0.0,6.8165,1.0,0.0,0.0,0.0,0.0
607,462.55,785.6,26589.1,806.7,21.1,0.0818,3.0874,0.0,-785.6,0.0,6.8165,0.0,-785.6,0.0,6.8165,1.0,0.0,0.0,0.0,0.0
608,462.9,783.35,27797.15,815.7,32.35,0.1198,2.9217,0.0,-783.35,0.0,6.8165,0.0,-783.35,0.0,6.8165,1.0,0.0,0.0,0.0,0.0
609,463.26,780.95,28777.35,819.15,38.2,0.1364,2.865,0.0,-780.95,0.0,6.8165,0.0,-780.95,0.0,6.8165,1.0,0.0,0.0,0.0,0.0
610,463.61,787.0,28237.9,809.6,22.6,0.0823,3.0844,0.0,-787.0,0.0,6.8165,0.0,-787.0,0.0,6.8165,1.0,0.0,0.0,0.0,0.0
611,463.96,797.2,27889.8,794.55,-2.65,0.0,6.8165,0.0,-797.2,0.0,6.8165,0.0,-797.2,0.0,6.8165,1.0,0.0,0.0,0.0,0.0
612,464.31,807.0,28358.0,797.95,-9.05,0.0,6.8165,0.0,-807.0,0.0,6.8165,0.0,-807.0,0.0,6.8165,1.0,0.0,0.0,0.0,0.0
613,464.66,797.25,28112.15,799.0,1.75,0.0064,4.1934,0.0,-797.25,0.0,6.8165,0.0,-797.25,0.0,6.8165,1.0,0.0,0.0,0.0,0.0
614,465.02,789.45,28121.1,803.1,13.65,0.0499,3.3015,0.0,-789.45,0.0,6.8165,0.0,-789.45,0.0,6.8165,1.0,0.0,0.0,0.0,0.0
615,465.37,793.65,28931.75,799.95,6.3,0.0224,3.65,0.0,-793.65,0.0,6.8165,0.0,-793.65,0.0,6.8165,1.0,0.0,0.0,0.0,0.0
616,465.72,786.1,28748.75,809.1,23.0,0.0823,3.0849,0.0,-786.1,0.0,6.8165,0.0,-786.1,0.0,6.8165,1.0,0.0,0.0,0.0,0.0
617,466.07,794.35,28190.45,811.05,16.7,0.061,3.215,0.0,-794.35,0.0,6.8165,0.0,-794.35,0.0,6.8165,1.0,0.0,0.0,0.0,0.0
618,466.42,784.5,29325.1,797.95,13.45,0.0471,3.3267,0.0,-784.5,0.0,6.8165,0.0,-784.5,0.0,6.8165,1.0,0.0,0.0,0.0,0.0
619,466.77,783.95,29390.4,804.0,20.05,0.0701,3.1543,0.0,-783.95,0.0,6.8165,0.0,-783.95,0.0,6.8165,1.0,0.0,0.0,0.0,0.0
620,467.12,773.1,30296.1,800.1,27.0,0.0915,3.0388,0.0,-773.1,0.0,6.8165,0.0,-773.1,0.0,6.8165,1.0,0.0,0.0,0.0,0.0
621,467.48,794.35,31832.4,813.25,18.9,0.0609,3.2154,0.0,-794.35,0.0,6.8165,0.0,-794.35,0.0,6.8165,1.0,0.0,0.0,0.0,0.0
622,467.83,781.9,33537.35,798.55,16.65,0.0508,3.2939,0.0,-781.9,0.0,6.8165,0.0,-781.9,0.0,6.8165,1.0,0.0,0.0,0.0,0.0
623,468.18,793.1,33581.55,799.7,6.6,0.0201,3.6962,0.0,-793.1,0.0,6.8165,0.0,-793.1,0.0,6.8165,1.0,0.0,0.0,0.0,0.0
624,468.53,777.7,34227.15,816.05,38.35,0.1147,2.9406,0.0,-777.7,0.0,6.8165,0.0,-777.7,0.0,6.8165,1.0,0.0,0.0,0.0,0.0
625,468.88,769.5,33317.85,801.0,31.5,0.0968,3.0142,0.0,-769.5,0.0,6.8165,0.0,-769.5,0.0,6.8165,1.0,0.0,0.0,0.0,0.0
626,469.23,784.55,33330.65,814.65,30.1,0.0925,3.0339,0.0,-784.55,0.0,6.8165,0.0,-784.55,0.0,6.8165,1.0,0.0,0.0,0.0,0.0
627,469.58,788.1,33501.0,808.2,20.1,0.0614,3.2115,0.0,-788.1,0.0,6.8165,0.0,-788.1,0.0,6.8165,1.0,0.0,0.0,0.0,0.0
628,469.93,777.8,33051.9,796.6,18.8,0.0583,3.2347,0.0,-777.8,0.0,6.8165,0.0,-777.8,0.0,6.8165,1.0,0.0,0.0,0.0,0.0
629,470.28,792.0,32997.2,807.55,15.55,0.0483,3.3162,0.0,-792.0,0.0,6.8165,0.0,-792.0,0.0,6.8165,1.0,0.0,0.0,0.0,0.0
630,470.63,780.6,32537.5,812.35,31.75,0.1,3.0001,0.0,-780.6,0.0,6.8165,0.0,-780.6,0.0,6.8165,1.0,0.0,0.0,0.0,0.0
631,470.98,790.15,32453.85,816.0,25.85,0.0816,3.0881,0.0,-790.15,0.0,6.8165,0.0,-790.15,0.0,6.8165,1.0,0.0,0.0,0.0,0.0
632,471.33,800.2,31731.4,815.1,14.9,0.0482,3.3172,0.0,-800.2,0.0,6.8165,0.0,-800.2,0.0,6.8165,1.0,0.0,0.0,0.0,0.0
633,471.68,791.15,32259.2,813.8,22.65,0.072,3.1428,0.0,-791.15,0.0,6.8165,0.0,-791.15,0.0,6.8165,1.0,0.0,0.0,0.0,0.0
634,472.03,779.6,31622.5,820.25,40.65,0.1318,2.8801,0.0,-779.6,0.0,6.8165,0.0,-779.6,0.0,6.8165,1.0,0.0,0.0,0.0,0.0
635,472.38,795.6,31195.6,817.1,21.5,0.0707,3.1504,0.0,-795.6,0.0,6.8165,0.0,-795.6,0.0,6.8165,1.0,0.0,0.0,0.0,0.0
636,472.73,787.65,32501.05,812.2,24.55,0.0774,3.1112,0.0,-787.65,0.0,6.8165,0.0,-787.65,0.0,6.8165,1.0,0.0,0.0,0.0,0.0
637,473.08,785.95,34298.6,822.95,37.0,0.1104,2.957,0.0,-785.95,0.0,6.8165,0.0,-785.95,0.0,6.8165,1.0,0.0,0.0,0.0,0.0
638,473.43,779.35,36246.15,816.45,37.1,0.1046,2.9804,0.0,-779.35,0.0,6.8165,0.0,-779.35,0.0,6.8165,1.0,0.0,0.0,0.0,0.0
639,473.78,789.45,37886.2,803.4,13.95,0.0376,3.4248,0.0,-789.45,0.0,6.8165,0.0,-789.45,0.0,6.8165,1.0,0.0,0.0,0.0,0.0
640,474.13,785.9,36619.05,799.55,13.65,0.0381,3.4192,0.0,-785.9,0.0,6.8165,0.0,-785.9,0.0,6.8165,1.0,0.0,0.0,0.0,0.0
641,474.48,792.75,35499.2,804.5,11.75,0.0339,3.4704,0.0,-792.75,0.0,6.8165,0.0,-792.75,0.0,6.8165,1.0,0.0,0.0,0.0,0.0
642,474.83,784.75,32801.75,801.15,16.4,0.0512,3.2905,0.0,-784.75,0.0,6.8165,0.0,-784.75,0.0,6.8165,1.0,0.0,0.0,0.0,0.0
643,475.18,786.8,32349.05,804.85,18.05,0.0572,3.2427,0.0,-786.8,0.0,6.8165,0.0,-786.8,0.0,6.8165,1.0,0.0,0.0,0.0,0.0
644,475.52,782.55,31983.45,798.95,16.4,0.0526,3.2793,0.0,-782.55,0.0,6.8165,0.0,-782.55,0.0,6.8165,1.0,0.0,0.0,0.0,0.0
645,475.87,793.9,32007.8,807.8,13.9,0.0445,3.3513,0.0,-793.9,0.0,6.8165,0.0,-793.9,0.0,6.8165,1.0,0.0,0.0,0.0,0.0
646,476.22,798.75,31846.65,817.1,18.35,0.0591,3.2284,0.0,-798.75,0.0,6.8165,0.0,-798.75,0.0,6.8165,1.0,0.0,0.0,0.0,0.0
647,476.57,781.3,31570.75,805.3,24.0,0.0779,3.1082,0.0,-781.3,0.0,6.8165,0.0,-781.3,0.0,6.8165,1.0,0.0,0.0,0.0,0.0
648,476.92,781.95,31101.95,812.2,30.25,0.0998,3.001,0.0,-781.95,0.0,6.8165,0.0,-781.95,0.0,6.8165,1.0,0.0,0.0,0.0,0.0
649,477.27,794.95,31403.55,802.1,7.15,0.0234,3.6315,0.0,-794.95,0.0,6.8165,0.0,-794.95,0.0,6.8165,1.0,0.0,0.0,0.0,0.0
650,477.62,785.9,32125.2,807.05,21.15,0.0675,3.1708,0.0,-785.9,0.0,6.8165,0.0,-785.9,0.0,6.8165,1.0,0.0,0.0,0.0,0.0
651,477.96,803.05,31679.8,797.75,-5.3,0.0,6.8165,0.0,-803.05,0.0,6.8165,0.0,-803.05,0.0,6.8165,1.0,0.0,0.0,0.0,0.0
652,478.31,791.15,32004.35,809.95,18.8,0.0602,3.2202,0.0,-791.15,0.0,6.8165,0.0,-791.15,0.0,6.8165,1.0,0.0,0.0,0.0,0.0
653,478.66,784.2,32535.45,796.95,12.75,0.0402,3.3963,0.0,-784.2,0.0,6.8165,0.0,-784.2,0.0,6.8165,1.0,0.0,0.0,0.0,0.0
654,479.01,786.95,33162.75,801.75,14.8,0.0457,3.34,0.0,-786.95,0.0,6.8165,0.0,-786.95,0.0,6.8165,1.0,0.0,0.0,0.0,0.0
655,479.36,768.55,33024.45,790.8,22.25,0.069,3.1613,0.0,-768.55,0.0,6.8165,0.0,-768.55,0.0,6.8165,1.0,0.0,0.0,0.0,0.0
656,479.7,782.1,33319.8,811.5,29.4,0.0904,3.044,0.0,-782.1,0.0,6.8165,0.0,-782.1,0.0,6.8165,1.0,0.0,0.0,0.0,0.0
657,480.05,780.15,33758.15,812.6,32.45,0.0984,3.007,0.0,-780.15,0.0,6.8165,0.0,-780.15,0.0,6.8165,1.0,0.0,0.0,0.0,0.0
658,480.4,790.9,34953.1,795.4,4.5,0.0132,3.8803,0.0,-790.9,0.0,6.8165,0.0,-790.9,0.0,6.8165,1.0,0.0,0.0,0.0,0.0
659,480.75,794.05,35642.2,803.7,9.65,0.0277,3.5577,0.0,-794.05,0.0,6.8165,0.0,-794.05,0.0,6.8165,1.0,0.0,0.0,0.0,0.0
660,481.09,784.65,36707.8,810.05,25.4,0.0707,3.1505,0.0,-784.65,0.0,6.8165,0.0,-784.65,0.0,6.8165,1.0,0.0,0.0,0.0,0.0
661,481.44,790.1,37086.75,804.95,14.85,0.0409,3.3881,0.0,-790.1,0.0,6.8165,0.0,-790.1,0.0,6.8165,1.0,0.0,0.0,0.0,0.0
662,481.79,769.1,37600.45,808.45,39.35,0.1068,2.9713,0.0,-769.1,0.0,6.8165,0.0,-769.1,0.0,6.8165,1.0,0.0,0.0,0.0,0.0
663,482.14,796.6,38088.2,801.45,4.85,0.013,3.8859,0.0,-796.6,0.0,6.8165,0.0,-796.6,0.0,6.8165,1.0,0.0,0.0,0.0,0.0
664,482.48,789.65,38488.0,803.5,13.85,0.0367,3.4349,0.0,-789.65,0.0,6.8165,0.0,-789.65,0.0,6.8165,1.0,0.0,0.0,0.0,0.0
665,482.83,777.7,38457.35,797.8,20.1,0.0533,3.2729,0.0,-777.7,0.0,6.8165,0.0,-777.7,0.0,6.8165,1.0,0.0,0.0,0.0,0.0
666,483.18,771.9,38747.0,816.1,44.2,0.1164,2.9341,0.0,-771.9,0.0,6.8165,0.0,-771.9,0.0,6.8165,1.0,0.0,0.0,0.0,0.0
667,483.52,796.1,39450.45,808.7,12.6,0.0326,3.4868,0.0,-796.1,0.0,6.8165,0.0,-796.1,0.0,6.8165,1.0,0.0,0.0,0.0,0.0
668,483.87,773.45,39274.95,808.9,35.45,0.0921,3.0359,0.0,-773.45,0.0,6.8165,0.0,-773.45,0.0,6.8165,1.0,0.0,0.0,0.0,0.0
669,484.22,783.45,39356.05,806.7,23.25,0.0603,3.2199,0.0,-783.45,0.0,6.8165,0.0,-783.45,0.0,6.8165,1.0,0.0,0.0,0.0,0.0
670,484.56,789.95,39532.55,811.65,21.7,0.056,3.2517,0.0,-789.95,0.0,6.8165,0.0,-789.95,0.0,6.8165,1.0,0.0,0.0,0.0,0.0
671,484.91,783.3,39500.55,817.15,33.85,0.0874,3.0583,0.0,-783.3,0.0,6.8165,0.0,-783.3,0.0,6.8165,1.0,0.0,0.0,0.0,0.0
672,485.26,790.05,39397.65,806.1,16.05,0.0416,3.3812,0.0,-790.05,0.0,6.8165,0.0,-790.05,0.0,6.8165,1.0,0.0,0.0,0.0,0.0
673,485.6,785.5,38785.45,813.15,27.65,0.0728,3.1381,0.0,-785.5,0.0,6.8165,0.0,-785.5,0.0,6.8165,1.0,0.0,0.0,0.0,0.0
674,485.95,790.5,38473.9,812.6,22.1,0.0586,3.2318,0.0,-790.5,0.0,6.8165,0.0,-790.5,0.0,6.8165,1.0,0.0,0.0,0.0,0.0
675,486.3,792.75,38236.7,805.75,13.0,0.0347,3.4594,0.0,-792.75,0.0,6.8165,0.0,-792.75,0.0,6.8165,1.0,0.0,0.0,0.0,0.0
676,486.64,785.85,38527.65,815.85,30.0,0.0795,3.0997,0.0,-785.85,0.0,6.8165,0.0,-785.85,0.0,6.8165,1.0,0.0,0.0,0.0,0.0
677,486.99,788.15,38367.95,811.7,23.55,0.0627,3.203,0.0,-788.15,0.0,6.8165,0.0,-788.15,0.0,6.8165,1.0,0.0,0.0,0.0,0.0
678,487.33,797.85,38603.0,807.2,9.35,0.0247,3.6067,0.0,-797.85,0.0,6.8165,0.0,-797.85,0.0,6.8165,1.0,0.0,0.0,0.0,0.0
679,487.68,785.45,38439.7,808.6,23.15,0.0615,3.2113,0.0,-785.45,0.0,6.8165,0.0,-785.45,0.0,6.8165,1.0,0.0,0.0,0.0,0.0
680,488.02,804.65,38962.65,798.4,-6.25,0.0,6.8165,0.0,-804.65,0.0,6.8165,0.0,-804.65,0.0,6.8165,1.0,0.0,0.0,0.0,0.0
681,488.37,791.15,39147.5,807.8,16.65,0.0434,3.3624,0.0,-791.15,0.0,6.8165,0.0,-791.15,0.0,6.8165,1.0,0.0,0.0,0.0,0.0
682,488.72,794.65,39566.9,800.35,5.7,0.0147,3.8326,0.0,-794.65,0.0,6.8165,0.0,-794.65,0.0,6.8165,1.0,0.0,0.0,0.0,0.0
683,489.06,798.05,39279.3,795.55,-2.5,0.0,6.8165,0.0,-798.05,0.0,6.8165,0.0,-798.05,0.0,6.8165,1.0,0.0,0.0,0.0,0.0
684,489.41,784.2,39448.55,808.6,24.4,0.0631,3.1999,0.0,-784.2,0.0,6.8165,0.0,-784.2,0.0,6.8165,1.0,0.0,0.0,0.0,0.0
685,489.75,793.35,39411.1,820.5,27.15,0.0703,3.153,0.0,-793.35,0.0,6.8165,0.0,-793.35,0.0,6.8165,1.0,0.0,0.0,0.0,0.0
686,490.1,790.95,39512.95,824.45,33.5,0.0865,3.0629,0.0,-790.95,0.0,6.8165,0.0,-790.95,0.0,6.8165,1.0,0.0,0.0,0.0,0.0
687,490.44,784.4,39863.15,813.7,29.3,0.075,3.1251,0.0,-784.4,0.0,6.8165,0.0,-784.4,0.0,6.8165,1.0,0.0,0.0,0.0,0.0
688,490.79,790.45,40515.75,803.55,13.1,0.033,3.4818,0.0,-790.45,0.0,6.8165,0.0,-790.45,0.0,6.8165,1.0,0.0,0.0,0.0,0.0
689,491.13,794.75,40434.5,799.05,4.3,0.0108,3.9647,0.0,-794.75,0.0,6.8165,0.0,-794.75,0.0,6.8165,1.0,0.0,0.0,0.0,0.0
690,491.48,775.95,41256.95,799.2,23.25,0.0574,3.2408,0.0,-775.95,0.0,6.8165,0.0,-775.95,0.0,6.8165,1.0,0.0,0.0,0.0,0.0
691,491.82,780.25,42780.4,804.7,24.45,0.0582,3.235,0.0,-780.25,0.0,6.8165,0.0,-780.25,0.0,6.8165,1.0,0.0,0.0,0.0,0.0
692,492.16,787.95,44018.2,809.2,21.25,0.0492,3.3084,0.0,-787.95,0.0,6.8165,0.0,-787.95,0.0,6.8165,1.0,0.0,0.0,0.0,0.0
693,492.51,781.25,44460.65,798.0,16.75,0.0383,3.4163,0.0,-781.25,0.0,6.8165,0.0,-781.25,0.0,6.8165,1.0,0.0,0.0,0.0,0.0
694,492.85,781.5,44293.35,795.85,14.35,0.033,3.4818,0.0,-781.5,0.0,6.8165,0.0,-781.5,0.0,6.8165,1.0,0.0,0.0,0.0,0.0
695,493.2,777.05,43898.25,801.8,24.75,0.0574,3.2411,0.0,-777.05,0.0,6.8165,0.0,-777.05,0.0,6.8165,1.0,0.0,0.0,0.0,0.0
696,493.54,782.05,44383.35,815.2,33.15,0.076,3.119,0.0,-782.05,0.0,6.8165,0.0,-782.05,0.0,6.8165,1.0,0.0,0.0,0.0,0.0
697,493.89,776.0,43851.8,796.9,20.9,0.0485,3.3141,0.0,-776.0,0.0,6.8165,0.0,-776.0,0.0,6.8165,1.0,0.0,0.0,0.0,0.0
698,494.23,784.9,43494.1,811.5,26.6,0.0623,3.2056,0.0,-784.9,0.0,6.8165,0.0,-784.9,0.0,6.8165,1.0,0.0,0.0,0.0,0.0
699,494.57,801.2,42652.9,807.05,5.85,0.014,3.8546,0.0,-801.2,0.0,6.8165,0.0,-801.2,0.0,6.8165,1.0,0.0,0.0,0.0,0.0
700,494.92,802.95,43168.0,806.25,3.3,0.0078,4.1085,0.0,-802.95,0.0,6.8165,0.0,-802.95,0.0,6.8165,1.0,0.0,0.0,0.0,0.0
701,495.26,784.1,42649.7,813.25,29.15,0.0696,3.1572,0.0,-784.1,0.0,6.8165,0.0,-784.1,0.0,6.8165,1.0,0.0,0.0,0.0,0.0
702,495.6,785.2,42068.2,818.95,33.75,0.0818,3.0875,0.0,-785.2,0.0,6.8165,0.0,-785.2,0.0,6.8165,1.0,0.0,0.0,0.0,0.0
703,495.95,798.8,41949.35,817.4,18.6,0.0452,3.3449,0.0,-798.8,0.0,6.8165,0.0,-798.8,0.0,6.8165,1.0,0.0,0.0,0.0,0.0
704,496.29,795.9,41880.7,811.4,15.5,0.0377,3.4233,0.0,-795.9,0.0,6.8165,0.0,-795.9,0.0,6.8165,1.0,0.0,0.0,0.0,0.0
705,496.63,801.55,41824.1,809.75,8.2,0.02,3.6992,0.0,-801.55,0.0,6.8165,0.0,-801.55,0.0,6.8165,1.0,0.0,0.0,0.0,0.0
706,496.98,794.4,41645.55,805.9,11.5,0.0282,3.5505,0.0,-794.4,0.0,6.8165,0.0,-794.4,0.0,6.8165,1.0,0.0,0.0,0.0,0.0
707,497.32,797.8,41862.15,804.6,6.8,0.0166,3.781,0.0,-797.8,0.0,6.8165,0.0,-797.8,0.0,6.8165,1.0,0.0,0.0,0.0,0.0
708,497.66,780.1,41301.9,813.0,32.9,0.0812,3.0905,0.0,-780.1,0.0,6.8165,0.0,-780.1,0.0,6.8165,1.0,0.0,0.0,0.0,0.0
709,498.01,793.55,41088.35,816.1,22.55,0.056,3.2521,0.0,-793.55,0.0,6.8165,0.0,-793.55,0.0,6.8165,1.0,0.0,0.0,0.0,0.0
710,498.35,782.55,41637.35,813.05,30.5,0.0747,3.1269,0.0,-782.55,0.0,6.8165,0.0,-782.55,0.0,6.8165,1.0,0.0,0.0,0.0,0.0
711,498.69,795.4,41575.8,806.0,10.6,0.026,3.5851,0.0,-795.4,0.0,6.8165,0.0,-795.4,0.0,6.8165,1.0,0.0,0.0,0.0,0.0
712,499.03,794.3,41389.8,821.35,27.05,0.0666,3.1763,0.0,-794.3,0.0,6.8165,0.0,-794.3,0.0,6.8165,1.0,0.0,0.0,0.0,0.0
713,499.38,794.7,41230.9,802.9,8.2,0.0203,3.693,0.0,-794.7,0.0,6.8165,0.0,-794.7,0.0,6.8165,1.0,0.0,0.0,0.0,0.0
714,499.72,805.4,41491.1,833.7,28.3,0.0696,3.1577,0.0,-805.4,0.0,6.8165,0.0,-805.4,0.0,6.8165,1.0,0.0,0.0,0.0,0.0
715,500.06,786.4,41380.75,818.5,32.1,0.0791,3.102,0.0,-786.4,0.0,6.8165,0.0,-786.4,0.0,6.8165,1.0,0.0,0.0,0.0,0.0
716,500.4,782.95,41236.15,812.0,29.05,0.0718,3.1438,0.0,-782.95,0.0,6.8165,0.0,-782.95,0.0,6.8165,1.0,0.0,0.0,0.0,0.0
717,500.75,777.25,41249.3,808.8,31.55,0.078,3.1082,0.0,-777.25,0.0,6.8165,0.0,-777.25,0.0,6.8165,1.0,0.0,0.0,0.0,0.0
718,501.09,806.3,41126.2,810.25,3.95,0.0098,4.0089,0.0,-806.3,0.0,6.8165,0.0,-806.3,0.0,6.8165,1.0,0.0,0.0,0.0,0.0
719,501.43,777.7,41078.5,838.45,60.75,0.1507,2.8218,0.0,-777.7,0.0,6.8165,0.0,-777.7,0.0,6.8165,1.0,0.0,0.0,0.0,0.0
720,501.77,786.95,41269.95,833.1,46.15,0.114,2.9431,0.0,-786.95,0.0,6.8165,0.0,-786.95,0.0,6.8165,1.0,0.0,0.0,0.0,0.0
721,502.11,800.85,41448.35,812.9,12.05,0.0296,3.528,0.0,-800.85,0.0,6.8165,0.0,-800.85,0.0,6.8165,1.0,0.0,0.0,0.0,0.0
722,502.46,782.5,41511.15,816.9,34.4,0.0845,3.0733,0.0,-782.5,0.0,6.8165,0.0,-782.5,0.0,6.8165,1.0,0.0,0.0,0.0,0.0
723,502.8,788.0,41294.55,820.3,32.3,0.0797,3.0983,0.0,-788.0,0.0,6.8165,0.0,-788.0,0.0,6.8165,1.0,0.0,0.0,0.0,0.0
724,503.14,776.4,41388.65,827.85,51.45,0.1267,2.8973,0.0,-776.4,0.0,6.8165,0.0,-776.4,0.0,6.8165,1.0,0.0,0.0,0.0,0.0
725,503.48,774.4,41717.75,810.45,36.05,0.088,3.0553,0.0,-774.4,0.0,6.8165,0.0,-774.4,0.0,6.8165,1.0,0.0,0.0,0.0,0.0
726,503.82,788.75,42019.45,830.45,41.7,0.1011,2.9951,0.0,-788.75,0.0,6.8165,0.0,-788.75,0.0,6.8165,1.0,0.0,0.0,0.0,0.0
727,504.16,781.35,42147.0,808.45,27.1,0.0655,3.1837,0.0,-781.35,0.0,6.8165,0.0,-781.35,0.0,6.8165,1.0,0.0,0.0,0.0,0.0
728,504.5,801.15,42280.65,828.65,27.5,0.0663,3.1785,0.0,-801.15,0.0,6.8165,0.0,-801.15,0.0,6.8165,1.0,0.0,0.0,0.0,0.0
729,504.84,788.1,42475.8,811.2,23.1,0.0554,3.2564,0.0,-788.1,0.0,6.8165,0.0,-788.1,0.0,6.8165,1.0,0.0,0.0,0.0,0.0
730,505.19,786.95,41678.05,807.35,20.4,0.0499,3.302,0.0,-786.95,0.0,6.8165,0.0,-786.95,0.0,6.8165,1.0,0.0,0.0,0.0,0.0
731,505.53,791.65,41121.05,809.4,17.75,0.044,3.3564,0.0,-791.65,0.0,6.8165,0.0,-791.65,0.0,6.8165,1.0,0.0,0.0,0.0,0.0
732,505.87,784.7,41707.25,839.8,55.1,0.1346,2.8708,0.0,-784.7,0.0,6.8165,0.0,-784.7,0.0,6.8165,1.0,0.0,0.0,0.0,0.0
733,506.21,791.75,42060.4,815.2,23.45,0.0568,3.2455,0.0,-791.75,0.0,6.8165,0.0,-791.75,0.0,6.8165,1.0,0.0,0.0,0.0,0.0
734,506.55,802.95,42073.45,822.95,20.0,0.0485,3.3146,0.0,-802.95,0.0,6.8165,0.0,-802.95,0.0,6.8165,1.0,0.0,0.0,0.0,0.0
735,506.89,807.25,41981.25,819.9,12.65,0.0307,3.5125,0.0,-807.25,0.0,6.8165,0.0,-807.25,0.0,6.8165,1.0,0.0,0.0,0.0,0.0
736,507.23,792.7,42080.05,825.85,33.15,0.0803,3.0953,0.0,-792.7,0.0,6.8165,0.0,-792.7,0.0,6.8165,1.0,0.0,0.0,0.0,0.0
737,507.57,778.0,42342.9,821.7,43.7,0.1051,2.9782,0.0,-778.0,0.0,6.8165,0.0,-778.0,0.0,6.8165,1.0,0.0,0.0,0.0,0.0
738,507.91,788.3,42532.5,810.95,22.65,0.0543,3.2655,0.0,-788.3,0.0,6.8165,0.0,-788.3,0.0,6.8165,1.0,0.0,0.0,0.0,0.0
739,508.25,781.5,42778.8,815.8,34.3,0.0817,3.0879,0.0,-781.5,0.0,6.8165,0.0,-781.5,0.0,6.8165,1.0,0.0,0.0,0.0,0.0
740,508.59,796.4,42696.1,831.15,34.75,0.0829,3.0813,0.0,-796.4,0.0,6.8165,0.0,-796.4,0.0,6.8165,1.0,0.0,0.0,0.0,0.0
741,508.93,794.0,42611.6,815.5,21.5,0.0514,3.2889,0.0,-794.0,0.0,6.8165,0.0,-794.0,0.0,6.8165,1.0,0.0,0.0,0.0,0.0
742,509.27,791.9,42149.6,830.0,38.1,0.0921,3.0356,0.0,-791.9,0.0,6.8165,0.0,-791.9,0.0,6.8165,1.0,0.0,0.0,0.0,0.0
743,509.61,779.8,42160.2,818.35,38.55,0.0932,3.0308,0.0,-779.8,0.0,6.8165,0.0,-779.8,0.0,6.8165,1.0,0.0,0.0,0.0,0.0
744,509.95,799.3,42701.15,819.75,20.45,0.0488,3.3115,0.0,-799.3,0.0,6.8165,0.0,-799.3,0.0,6.8165,1.0,0.0,0.0,0.0,0.0
745,510.29,793.6,42866.45,825.35,31.75,0.0755,3.1223,0.0,-793.6,0.0,6.8165,0.0,-793.6,0.0,6.8165,1.0,0.0,0.0,0.0,0.0
746,510.63,782.25,43015.2,823.3,41.05,0.0972,3.0123,0.0,-782.25,0.0,6.8165,0.0,-782.25,0.0,6.8165,1.0,0.0,0.0,0.0,0.0
747,510.97,780.65,42633.25,825.8,45.15,0.1079,2.9671,0.0,-780.65,0.0,6.8165,0.0,-780.65,0.0,6.8165,1.0,0.0,0.0,0.0,0.0
748,511.31,800.35,42211.3,832.55,32.2,0.0778,3.1093,0.0,-800.35,0.0,6.8165,0.0,-800.35,0.0,6.8165,1.0,0.0,0.0,0.0,0.0
749,511.65,801.65,42336.65,818.25,16.6,0.04,3.3983,0.0,-801.65,0.0,6.8165,0.0,-801.65,0.0,6.8165,1.0,0.0,0.0,0.0,0.0
750,511.98,790.8,43001.95,815.25,24.45,0.0579,3.2371,0.0,-790.8,0.0,6.8165,0.0,-790.8,0.0,6.8165,1.0,0.0,0.0,0.0,0.0
751,512.32,796.85,43212.2,827.1,30.25,0.0713,3.1468,0.0,-796.85,0.0,6.8165,0.0,-796.85,0.0,6.8165,1.0,0.0,0.0,0.0,0.0
752,512.66,796.65,42746.3,825.1,28.45,0.0678,3.1686,0.0,-796.65,0.0,6.8165,0.0,-796.65,0.0,6.8165,1.0,0.0,0.0,0.0,0.0
753,513.0,786.0,43046.1,820.3,34.3,0.0812,3.0906,0.0,-786.0,0.0,6.8165,0.0,-786.0,0.0,6.8165,1.0,0.0,0.0,0.0,0.0
754,513.34,783.15,43830.85,828.25,45.1,0.1048,2.9798,0.0,-783.15,0.0,6.8165,0.0,-783.15,0.0,6.8165,1.0,0.0,0.0,0.0,0.0
755,513.68,792.85,43841.6,830.35,37.5,0.0871,3.0599,0.0,-792.85,0.0,6.8165,0.0,-792.85,0.0,6.8165,1.0,0.0,0.0,0.0,0.0
756,514.02,810.65,44187.75,832.15,21.5,0.0496,3.3048,0.0,-810.65,0.0,6.8165,0.0,-810.65,0.0,6.8165,1.0,0.0,0.0,0.0,0.0
757,514.36,790.95,44093.35,825.3,34.35,0.0793,3.1006,0.0,-790.95,0.0,6.8165,0.0,-790.95,0.0,6.8165,1.0,0.0,0.0,0.0,0.0
758,514.69,791.45,43836.0,823.45,32.0,0.0743,3.1288,0.0,-791.45,0.0,6.8165,0.0,-791.45,0.0,6.8165,1.0,0.0,0.0,0.0,0.0
759,515.03,781.55,44084.65,828.0,46.45,0.1073,2.9695,0.0,-781.55,0.0,6.8165,0.0,-781.55,0.0,6.8165,1.0,0.0,0.0,0.0,0.0
760,515.37,789.6,43786.25,829.5,39.9,0.0928,3.0325,0.0,-789.6,0.0,6.8165,0.0,-789.6,0.0,6.8165,1.0,0.0,0.0,0.0,0.0
761,515.71,783.6,43748.95,822.25,38.65,0.09,3.046,0.0,-783.6,0.0,6.8165,0.0,-783.6,0.0,6.8165,1.0,0.0,0.0,0.0,0.0
762,516.05,792.65,43820.35,832.75,40.1,0.0932,3.0306,0.0,-792.65,0.0,6.8165,0.0,-792.65,0.0,6.8165,1.0,0.0,0.0,0.0,0.0
763,516.38,778.7,44500.9,819.3,40.6,0.0929,3.0322,0.0,-778.7,0.0,6.8165,0.0,-778.7,0.0,6.8165,1.0,0.0,0.0,0.0,0.0
764,516.72,796.8,44680.65,817.35,20.55,0.0468,3.3295,0.0,-796.8,0.0,6.8165,0.0,-796.8,0.0,6.8165,1.0,0.0,0.0,0.0,0.0
765,517.06,792.0,44356.3,808.65,16.65,0.0382,3.4177,0.0,-792.0,0.0,6.8165,0.0,-792.0,0.0,6.8165,1.0,0.0,0.0,0.0,0.0
766,517.4,793.7,44207.35,823.4,29.7,0.0684,3.1649,0.0,-793.7,0.0,6.8165,0.0,-793.7,0.0,6.8165,1.0,0.0,0.0,0.0,0.0
767,517.73,806.8,44689.15,824.0,17.2,0.0392,3.4068,0.0,-806.8,0.0,6.8165,0.0,-806.8,0.0,6.8165,1.0,0.0,0.0,0.0,0.0
768,518.07,780.2,44563.4,818.05,37.85,0.0864,3.0632,0.0,-780.2,0.0,6.8165,0.0,-780.2,0.0,6.8165,1.0,0.0,0.0,0.0,0.0
769,518.41,793.75,44873.65,821.3,27.55,0.0625,3.2041,0.0,-793.75,0.0,6.8165,0.0,-793.75,0.0,6.8165,1.0,0.0,0.0,0.0,0.0
770,518.75,792.65,45118.6,827.7,35.05,0.0791,3.102,0.0,-792.65,0.0,6.8165,0.0,-792.65,0.0,6.8165,1.0,0.0,0.0,0.0,0.0
771,519.08,800.2,45128.65,818.65,18.45,0.0416,3.3807,0.0,-800.2,0.0,6.8165,0.0,-800.2,0.0,6.8165,1.0,0.0,0.0,0.0,0.0
772,519.42,796.0,44968.6,827.6,31.6,0.0715,3.1455,0.0,-796.0,0.0,6.8165,0.0,-796.0,0.0,6.8165,1.0,0.0,0.0,0.0,0.0
773,519.76,800.25,45280.9,836.5,36.25,0.0815,3.0889,0.0,-800.25,0.0,6.8165,0.0,-800.25,0.0,6.8165,1.0,0.0,0.0,0.0,0.0
774,520.09,783.3,45463.45,834.8,51.5,0.1153,2.9383,0.0,-783.3,0.0,6.8165,0.0,-783.3,0.0,6.8165,1.0,0.0,0.0,0.0,0.0
775,520.43,789.6,45232.9,831.3,41.7,0.0938,3.0277,0.0,-789.6,0.0,6.8165,0.0,-789.6,0.0,6.8165,1.0,0.0,0.0,0.0,0.0
776,520.77,772.9,45064.7,837.6,64.7,0.1461,2.8354,0.0,-772.9,0.0,6.8165,0.0,-772.9,0.0,6.8165,1.0,0.0,0.0,0.0,0.0
777,521.1,781.1,44715.95,825.0,43.9,0.0999,3.0003,0.0,-781.1,0.0,6.8165,0.0,-781.1,0.0,6.8165,1.0,0.0,0.0,0.0,0.0
778,521.44,795.5,44687.05,837.4,41.9,0.0955,3.0202,0.0,-795.5,0.0,6.8165,0.0,-795.5,0.0,6.8165,1.0,0.0,0.0,0.0,0.0
779,521.78,787.2,45343.5,836.35,49.15,0.1103,2.9574,0.0,-787.2,0.0,6.8165,0.0,-787.2,0.0,6.8165,1.0,0.0,0.0,0.0,0.0
780,522.11,778.3,45772.5,829.7,51.4,0.1142,2.9422,0.0,-778.3,0.0,6.8165,0.0,-778.3,0.0,6.8165,1.0,0.0,0.0,0.0,0.0
781,522.45,786.3,45900.65,842.75,56.45,0.1251,2.9027,0.0,-786.3,0.0,6.8165,0.0,-786.3,0.0,6.8165,1.0,0.0,0.0,0.0,0.0
782,522.78,792.7,45133.9,844.05,51.35,0.1158,2.9363,0.0,-792.7,0.0,6.8165,0.0,-792.7,0.0,6.8165,1.0,0.0,0.0,0.0,0.0
783,523.12,790.75,45047.4,836.5,45.75,0.1034,2.9856,0.0,-790.75,0.0,6.8165,0.0,-790.75,0.0,6.8165,1.0,0.0,0.0,0.0,0.0
784,523.46,789.35,45752.4,841.3,51.95,0.1155,2.9373,0.0,-789.35,0.0,6.8165,0.0,-789.35,0.0,6.8165,1.0,0.0,0.0,0.0,0.0
785,523.79,791.05,45894.85,843.1,52.05,0.1154,2.9378,0.0,-791.05,0.0,6.8165,0.0,-791.05,0.0,6.8165,1.0,0.0,0.0,0.0,0.0
786,524.13,787.3,45891.95,824.55,37.25,0.0826,3.0831,0.0,-787.3,0.0,6.8165,0.0,-787.3,0.0,6.8165,1.0,0.0,0.0,0.0,0.0
787,524.46,791.5,45589.35,834.5,43.0,0.096,3.0178,0.0,-791.5,0.0,6.8165,0.0,-791.5,0.0,6.8165,1.0,0.0,0.0,0.0,0.0
788,524.8,792.0,45018.3,848.45,56.45,0.1276,2.894,0.0,-792.0,0.0,6.8165,0.0,-792.0,0.0,6.8165,1.0,0.0,0.0,0.0,0.0
789,525.13,792.9,45364.4,845.05,52.15,0.117,2.9318,0.0,-792.9,0.0,6.8165,0.0,-792.9,0.0,6.8165,1.0,0.0,0.0,0.0,0.0
790,525.47,803.4,46657.85,841.0,37.6,0.082,3.0862,0.0,-803.4,0.0,6.8165,0.0,-803.4,0.0,6.8165,1.0,0.0,0.0,0.0,0.0
791,525.8,791.75,47038.85,826.9,35.15,0.076,3.1192,0.0,-791.75,0.0,6.8165,0.0,-791.75,0.0,6.8165,1.0,0.0,0.0,0.0,0.0
792,526.14,780.7,46611.0,836.95,56.25,0.1227,2.911,0.0,-780.7,0.0,6.8165,0.0,-780.7,0.0,6.8165,1.0,0.0,0.0,0.0,0.0
793,526.47,793.35,46258.3,835.15,41.8,0.0919,3.0365,0.0,-793.35,0.0,6.8165,0.0,-793.35,0.0,6.8165,1.0,0.0,0.0,0.0,0.0
794,526.81,793.75,45705.0,839.3,45.55,0.1014,2.9939,0.0,-793.75,0.0,6.8165,0.0,-793.75,0.0,6.8165,1.0,0.0,0.0,0.0,0.0
795,527.14,786.8,46397.55,830.3,43.5,0.0954,3.0206,0.0,-786.8,0.0,6.8165,0.0,-786.8,0.0,6.8165,1.0,0.0,0.0,0.0,0.0
796,527.48,780.8,46870.1,844.4,63.6,0.138,2.8601,0.0,-780.8,0.0,6.8165,0.0,-780.8,0.0,6.8165,1.0,0.0,0.0,0.0,0.0
797,527.81,802.0,47069.9,832.6,30.6,0.0661,3.1796,0.0,-802.0,0.0,6.8165,0.0,-802.0,0.0,6.8165,1.0,0.0,0.0,0.0,0.0
798,528.15,792.15,46396.75,836.55,44.4,0.0974,3.0116,0.0,-792.15,0.0,6.8165,0.0,-792.15,0.0,6.8165,1.0,0.0,0.0,0.0,0.0
799,528.48,801.55,46126.25,841.45,39.9,0.088,3.0554,0.0,-801.55,0.0,6.8165,0.0,-801.55,0.0,6.8165,1.0,0.0,0.0,0.0,0.0
800,528.82,790.15,46150.05,850.05,59.9,0.1321,2.8792,0.0,-790.15,0.0,6.8165,0.0,-790.15,0.0,6.8165,1.0,0.0,0.0,0.0,0.0
801,529.15,786.2,47053.1,828.45,42.25,0.0913,3.0394,0.0,-786.2,0.0,6.8165,0.0,-786.2,0.0,6.8165,1.0,0.0,0.0,0.0,0.0
802,529.49,785.0,47413.9,843.0,58.0,0.1244,2.9052,0.0,-785.0,0.0,6.8165,0.0,-785.0,0.0,6.8165,1.0,0.0,0.0,0.0,0.0
803,529.82,797.4,47088.1,835.35,37.95,0.082,3.0863,0.0,-797.4,0.0,6.8165,0.0,-797.4,0.0,6.8165,1.0,0.0,0.0,0.0,0.0
804,530.15,800.05,46494.8,841.25,41.2,0.0902,3.045,0.0,-800.05,0.0,6.8165,0.0,-800.05,0.0,6.8165,1.0,0.0,0.0,0.0,0.0
805,530.49,778.2,46371.4,854.4,76.2,0.1671,2.7769,0.0,-778.2,0.0,6.8165,0.0,-778.2,0.0,6.8165,1.0,0.0,0.0,0.0,0.0
806,530.82,787.95,46458.15,861.15,73.2,0.1603,2.7951,0.0,-787.95,0.0,6.8165,0.0,-787.95,0.0,6.8165,1.0,0.0,0.0,0.0,0.0
807,531.16,795.05,46274.2,849.55,54.5,0.1198,2.9214,0.0,-795.05,0.0,6.8165,0.0,-795.05,0.0,6.8165,1.0,0.0,0.0,0.0,0.0
808,531.49,790.2,46835.05,852.45,62.25,0.1352,2.869,0.0,-790.2,0.0,6.8165,0.0,-790.2,0.0,6.8165,1.0,0.0,0.0,0.0,0.0
809,531.82,795.85,47010.15,844.75,48.9,0.1058,2.9755,0.0,-795.85,0.0,6.8165,0.0,-795.85,0.0,6.8165,1.0,0.0,0.0,0.0,0.0
810,532.16,791.9,46406.4,863.1,71.2,0.1561,2.8066,0.0,-791.9,0.0,6.8165,0.0,-791.9,0.0,6.8165,1.0,0.0,0.0,0.0,0.0
811,532.49,779.55,45936.25,848.45,68.9,0.1526,2.8165,0.0,-779.55,0.0,6.8165,0.0,-779.55,0.0,6.8165,1.0,0.0,0.0,0.0,0.0
812,532.82,791.2,46490.25,857.4,66.2,0.1449,2.839,0.0,-791.2,0.0,6.8165,0.0,-791.2,0.0,6.8165,1.0,0.0,0.0,0.0,0.0
813,533.16,780.9,46345.05,850.95,70.05,0.1537,2.8132,0.0,-780.9,0.0,6.8165,0.0,-780.9,0.0,6.8165,1.0,0.0,0.0,0.0,0.0
814,533.49,799.5,45838.45,839.25,39.75,0.0883,3.0543,0.0,-799.5,0.0,6.8165,0.0,-799.5,0.0,6.8165,1.0,0.0,0.0,0.0,0.0
815,533.82,788.25,46066.0,841.95,53.7,0.1186,2.9259,0.0,-788.25,0.0,6.8165,0.0,-788.25,0.0,6.8165,1.0,0.0,0.0,0.0,0.0
816,534.15,802.4,45880.65,845.85,43.45,0.0964,3.016,0.0,-802.4,0.0,6.8165,0.0,-802.4,0.0,6.8165,1.0,0.0,0.0,0.0,0.0
817,534.49,786.85,45588.95,837.6,50.75,0.1133,2.9459,0.0,-786.85,0.0,6.8165,0.0,-786.85,0.0,6.8165,1.0,0.0,0.0,0.0,0.0
818,534.82,796.55,46052.8,843.25,46.7,0.1032,2.9864,0.0,-796.55,0.0,6.8165,0.0,-796.55,0.0,6.8165,1.0,0.0,0.0,0.0,0.0
819,535.15,795.55,46145.35,838.95,43.4,0.0957,3.0191,0.0,-795.55,0.0,6.8165,0.0,-795.55,0.0,6.8165,1.0,0.0,0.0,0.0,0.0
820,535.48,792.15,45664.2,846.4,54.25,0.1209,2.9176,0.0,-792.15,0.0,6.8165,0.0,-792.15,0.0,6.8165,1.0,0.0,0.0,0.0,0.0
821,535.82,788.5,45754.2,862.35,73.85,0.1642,2.7845,0.0,-788.5,0.0,6.8165,0.0,-788.5,0.0,6.8165,1.0,0.0,0.0,0.0,0.0
822,536.15,781.7,46028.2,843.2,61.5,0.1359,2.8667,0.0,-781.7,0.0,6.8165,0.0,-781.7,0.0,6.8165,1.0,0.0,0.0,0.0,0.0
823,536.48,787.05,46103.55,845.3,58.25,0.1285,2.891,0.0,-787.05,0.0,6.8165,0.0,-787.05,0.0,6.8165,1.0,0.0,0.0,0.0,0.0
824,536.81,801.0,46057.45,841.15,40.15,0.0887,3.052,0.0,-801.0,0.0,6.8165,0.0,-801.0,0.0,6.8165,1.0,0.0,0.0,0.0,0.0
825,537.15,791.8,45913.8,853.1,61.3,0.1359,2.8669,0.0,-791.8,0.0,6.8165,0.0,-791.8,0.0,6.8165,1.0,0.0,0.0,0.0,0.0
826,537.48,783.55,46250.1,838.85,55.3,0.1216,2.915,0.0,-783.55,0.0,6.8165,0.0,-783.55,0.0,6.8165,1.0,0.0,0.0,0.0,0.0
827,537.81,799.8,46503.95,834.6,34.8,0.0761,3.1184,0.0,-799.8,0.0,6.8165,0.0,-799.8,0.0,6.8165,1.0,0.0,0.0,0.0,0.0
828,538.14,794.2,45819.2,844.75,50.55,0.1123,2.9497,0.0,-794.2,0.0,6.8165,0.0,-794.2,0.0,6.8165,1.0,0.0,0.0,0.0,0.0
829,538.47,789.0,45998.95,855.05,66.05,0.1461,2.8354,0.0,-789.0,0.0,6.8165,0.0,-789.0,0.0,6.8165,1.0,0.0,0.0,0.0,0.0
830,538.8,792.0,46057.15,863.5,71.5,0.158,2.8015,0.0,-792.0,0.0,6.8165,0.0,-792.0,0.0,6.8165,1.0,0.0,0.0,0.0,0.0
831,539.14,794.65,46008.8,857.05,62.4,0.138,2.8601,0.0,-794.65,0.0,6.8165,0.0,-794.65,0.0,6.8165,1.0,0.0,0.0,0.0,0.0
832,539.47,788.65,46110.65,846.05,57.4,0.1266,2.8974,0.0,-788.65,0.0,6.8165,0.0,-788.65,0.0,6.8165,1.0,0.0,0.0,0.0,0.0
833,539.8,787.95,46254.35,851.5,63.55,0.1398,2.8546,0.0,-787.95,0.0,6.8165,0.0,-787.95,0.0,6.8165,1.0,0.0,0.0,0.0,0.0
834,540.13,794.85,46424.05,855.35,60.5,0.1326,2.8775,0.0,-794.85,0.0,6.8165,0.0,-794.85,0.0,6.8165,1.0,0.0,0.0,0.0,0.0
835,540.46,796.2,46513.95,853.85,57.65,0.1261,2.8993,0.0,-796.2,0.0,6.8165,0.0,-796.2,0.0,6.8165,1.0,0.0,0.0,0.0,0.0
836,540.79,787.65,46349.9,851.0,63.35,0.139,2.8569,0.0,-787.65,0.0,6.8165,0.0,-787.65,0.0,6.8165,1.0,0.0,0.0,0.0,0.0
837,541.12,796.95,46376.75,855.35,58.4,0.1281,2.8924,0.0,-796.95,0.0,6.8165,0.0,-796.95,0.0,6.8165,1.0,0.0,0.0,0.0,0.0
838,541.45,787.4,46788.75,869.6,82.2,0.1787,2.7479,0.0,-787.4,0.0,6.8165,0.0,-787.4,0.0,6.8165,1.0,0.0,0.0,0.0,0.0
839,541.78,787.35,47451.75,853.1,65.75,0.1409,2.8511,0.0,-787.35,0.0,6.8165,0.0,-787.35,0.0,6.8165,1.0,0.0,0.0,0.0,0.0
840,542.11,793.6,47641.6,864.7,71.1,0.1518,2.8188,0.0,-793.6,0.0,6.8165,0.0,-793.6,0.0,6.8165,1.0,0.0,0.0,0.0,0.0
841,542.44,780.65,47362.4,851.45,70.8,0.152,2.8182,0.0,-780.65,0.0,6.8165,0.0,-780.65,0.0,6.8165,1.0,0.0,0.0,0.0,0.0
842,542.78,795.95,47184.55,862.25,66.3,0.1429,2.8449,0.0,-795.95,0.0,6.8165,0.0,-795.95,0.0,6.8165,1.0,0.0,0.0,0.0,0.0
843,543.11,795.65,47229.75,853.1,57.45,0.1237,2.9075,0.0,-795.65,0.0,6.8165,0.0,-795.65,0.0,6.8165,1.0,0.0,0.0,0.0,0.0
844,543.44,793.75,47481.45,857.1,63.35,0.1357,2.8675,0.0,-793.75,0.0,6.8165,0.0,-793.75,0.0,6.8165,1.0,0.0,0.0,0.0,0.0
845,543.77,797.45,48036.35,851.35,53.9,0.1141,2.9427,0.0,-797.45,0.0,6.8165,0.0,-797.45,0.0,6.8165,1.0,0.0,0.0,0.0,0.0
846,544.1,784.25,48047.0,848.1,63.85,0.1351,2.8694,0.0,-784.25,0.0,6.8165,0.0,-784.25,0.0,6.8165,1.0,0.0,0.0,0.0,0.0
847,544.43,801.75,48272.3,855.6,53.85,0.1134,2.9452,0.0,-801.75,0.0,6.8165,0.0,-801.75,0.0,6.8165,1.0,0.0,0.0,0.0,0.0
848,544.76,793.7,48102.95,856.75,63.05,0.1333,2.8753,0.0,-793.7,0.0,6.8165,0.0,-793.7,0.0,6.8165,1.0,0.0,0.0,0.0,0.0
849,545.09,788.6,47999.15,853.25,64.65,0.1369,2.8635,0.0,-788.6,0.0,6.8165,0.0,-788.6,0.0,6.8165,1.0,0.0,0.0,0.0,0.0
850,545.42,790.05,47982.0,857.7,67.65,0.1434,2.8436,0.0,-790.05,0.0,6.8165,0.0,-790.05,0.0,6.8165,1.0,0.0,0.0,0.0,0.0
851,545.74,797.35,48362.6,842.15,44.8,0.0942,3.026,0.0,-797.35,0.0,6.8165,0.0,-797.35,0.0,6.8165,1.0,0.0,0.0,0.0,0.0
852,546.07,790.55,48401.8,854.35,63.8,0.134,2.8729,0.0,-790.55,0.0,6.8165,0.0,-790.55,0.0,6.8165,1.0,0.0,0.0,0.0,0.0
853,546.4,796.15,48708.25,836.65,40.5,0.0845,3.073,0.0,-796.15,0.0,6.8165,0.0,-796.15,0.0,6.8165,1.0,0.0,0.0,0.0,0.0
854,546.73,792.25,48796.05,847.15,54.9,0.1144,2.9417,0.0,-792.25,0.0,6.8165,0.0,-792.25,0.0,6.8165,1.0,0.0,0.0,0.0,0.0
855,547.06,805.05,48406.65,856.1,51.05,0.1072,2.9696,0.0,-805.05,0.0,6.8165,0.0,-805.05,0.0,6.8165,1.0,0.0,0.0,0.0,0.0
856,547.39,792.75,48995.4,846.65,53.9,0.1118,2.9515,0.0,-792.75,0.0,6.8165,0.0,-792.75,0.0,6.8165,1.0,0.0,0.0,0.0,0.0
857,547.72,791.2,49369.65,865.3,74.1,0.1525,2.8166,0.0,-791.2,0.0,6.8165,0.0,-791.2,0.0,6.8165,1.0,0.0,0.0,0.0,0.0
858,548.05,798.95,49706.95,857.95,59.0,0.1206,2.9185,0.0,-798.95,0.0,6.8165,0.0,-798.95,0.0,6.8165,1.0,0.0,0.0,0.0,0.0
859,548.38,790.35,49727.05,858.9,68.55,0.1401,2.8536,0.0,-790.35,0.0,6.8165,0.0,-790.35,0.0,6.8165,1.0,0.0,0.0,0.0,0.0
860,548.71,780.55,50360.5,862.8,82.25,0.1659,2.7802,0.0,-780.55,0.0,6.8165,0.0,-780.55,0.0,6.8165,1.0,0.0,0.0,0.0,0.0
861,549.03,787.35,50455.2,848.8,61.45,0.1237,2.9076,0.0,-787.35,0.0,6.8165,0.0,-787.35,0.0,6.8165,1.0,0.0,0.0,0.0,0.0
862,549.36,798.55,50257.25,856.4,57.85,0.117,2.9319,0.0,-798.55,0.0,6.8165,0.0,-798.55,0.0,6.8165,1.0,0.0,0.0,0.0,0.0
863,549.69,792.25,50808.3,863.3,71.05,0.1421,2.8475,0.0,-792.25,0.0,6.8165,0.0,-792.25,0.0,6.8165,1.0,0.0,0.0,0.0,0.0
864,550.02,800.65,50823.35,864.0,63.35,0.1266,2.8974,0.0,-800.65,0.0,6.8165,0.0,-800.65,0.0,6.8165,1.0,0.0,0.0,0.0,0.0
865,550.35,785.9,50207.1,851.55,65.65,0.1328,2.8767,0.0,-785.9,0.0,6.8165,0.0,-785.9,0.0,6.8165,1.0,0.0,0.0,0.0,0.0
866,550.68,793.7,50129.4,865.9,72.2,0.1463,2.8346,0.0,-793.7,0.0,6.8165,0.0,-793.7,0.0,6.8165,1.0,0.0,0.0,0.0,0.0
867,551.0,792.45,50880.2,857.6,65.15,0.1301,2.8858,0.0,-792.45,0.0,6.8165,0.0,-792.45,0.0,6.8165,1.0,0.0,0.0,0.0,0.0
868,551.33,788.7,51399.15,853.5,64.8,0.128,2.8927,0.0,-788.7,0.0,6.8165,0.0,-788.7,0.0,6.8165,1.0,0.0,0.0,0.0,0.0
869,551.66,785.9,51663.05,862.6,76.7,0.1508,2.8217,0.0,-785.9,0.0,6.8165,0.0,-785.9,0.0,6.8165,1.0,0.0,0.0,0.0,0.0
870,551.99,792.75,51389.6,869.7,76.95,0.1521,2.8179,0.0,-792.75,0.0,6.8165,0.0,-792.75,0.0,6.8165,1.0,0.0,0.0,0.0,0.0
871,552.32,799.1,51093.7,866.5,67.4,0.134,2.8729,0.0,-799.1,0.0,6.8165,0.0,-799.1,0.0,6.8165,1.0,0.0,0.0,0.0,0.0
872,552.64,785.75,51285.6,856.5,70.75,0.1401,2.8536,0.0,-785.75,0.0,6.8165,0.0,-785.75,0.0,6.8165,1.0,0.0,0.0,0.0,0.0
873,552.97,795.4,51956.1,872.8,77.4,0.1513,2.8202,0.0,-795.4,0.0,6.8165,0.0,-795.4,0.0,6.8165,1.0,0.0,0.0,0.0,0.0
874,553.3,792.4,52269.1,866.15,73.75,0.1433,2.8438,0.0,-792.4,0.0,6.8165,0.0,-792.4,0.0,6.8165,1.0,0.0,0.0,0.0,0.0
875,553.63,800.95,52349.55,858.8,57.85,0.1122,2.9499,0.0,-800.95,0.0,6.8165,0.0,-800.95,0.0,6.8165,1.0,0.0,0.0,0.0,0.0
876,553.95,800.95,51977.95,852.1,51.15,0.0999,3.0002,0.0,-800.95,0.0,6.8165,0.0,-800.95,0.0,6.8165,1.0,0.0,0.0,0.0,0.0
877,554.28,799.05,51943.9,857.4,58.35,0.1141,2.9428,0.0,-799.05,0.0,6.8165,0.0,-799.05,0.0,6.8165,1.0,0.0,0.0,0.0,0.0
878,554.61,793.85,52266.65,859.8,65.95,0.1281,2.8924,0.0,-793.85,0.0,6.8165,0.0,-793.85,0.0,6.8165,1.0,0.0,0.0,0.0,0.0
879,554.93,790.45,52261.95,861.85,71.4,0.1387,2.8579,0.0,-790.45,0.0,6.8165,0.0,-790.45,0.0,6.8165,1.0,0.0,0.0,0.0,0.0
880,555.26,797.75,52811.55,883.8,86.05,0.1654,2.7814,0.0,-797.75,0.0,6.8165,0.0,-797.75,0.0,6.8165,1.0,0.0,0.0,0.0,0.0
881,555.59,793.0,53141.15,867.4,74.4,0.1421,2.8473,0.0,-793.0,0.0,6.8165,0.0,-793.0,0.0,6.8165,1.0,0.0,0.0,0.0,0.0
882,555.91,786.6,53125.75,865.3,78.7,0.1504,2.8229,0.0,-786.6,0.0,6.8165,0.0,-786.6,0.0,6.8165,1.0,0.0,0.0,0.0,0.0
883,556.24,780.75,53068.0,859.55,78.8,0.1507,2.8219,0.0,-780.75,0.0,6.8165,0.0,-780.75,0.0,6.8165,1.0,0.0,0.0,0.0,0.0
884,556.57,799.65,53258.7,879.3,79.65,0.1518,2.8186,0.0,-799.65,0.0,6.8165,0.0,-799.65,0.0,6.8165,1.0,0.0,0.0,0.0,0.0
885,556.89,781.15,53161.45,867.4,86.25,0.1647,2.7834,0.0,-781.15,0.0,6.8165,0.0,-781.15,0.0,6.8165,1.0,0.0,0.0,0.0,0.0
886,557.22,790.1,54045.4,881.05,90.95,0.1708,2.7676,0.0,-790.1,0.0,6.8165,0.0,-790.1,0.0,6.8165,1.0,0.0,0.0,0.0,0.0
887,557.55,794.8,54403.8,886.35,91.55,0.1708,2.7676,0.0,-794.8,0.0,6.8165,0.0,-794.8,0.0,6.8165,1.0,0.0,0.0,0.0,0.0
888,557.87,787.3,53830.0,857.05,69.75,0.1315,2.8811,0.0,-787.3,0.0,6.8165,0.0,-787.3,0.0,6.8165,1.0,0.0,0.0,0.0,0.0
889,558.2,786.55,53465.65,862.05,75.5,0.1433,2.8437,0.0,-786.55,0.0,6.8165,0.0,-786.55,0.0,6.8165,1.0,0.0,0.0,0.0,0.0
890,558.52,785.05,54038.7,875.35,90.3,0.1696,2.7707,0.0,-785.05,0.0,6.8165,0.0,-785.05,0.0,6.8165,1.0,0.0,0.0,0.0,0.0
891,558.85,789.05,54115.35,875.7,86.65,0.1625,2.7892,0.0,-789.05,0.0,6.8165,0.0,-789.05,0.0,6.8165,1.0,0.0,0.0,0.0,0.0
892,559.17,799.8,54249.6,874.85,75.05,0.1404,2.8526,0.0,-799.8,0.0,6.8165,0.0,-799.8,0.0,6.8165,1.0,0.0,0.0,0.0,0.0
893,559.5,796.1,54488.75,864.35,68.25,0.1271,2.8958,0.0,-796.1,0.0,6.8165,0.0,-796.1,0.0,6.8165,1.0,0.0,0.0,0.0,0.0
894,559.83,796.65,54347.7,874.95,78.3,0.1462,2.835,0.0,-796.65,0.0,6.8165,0.0,-796.65,0.0,6.8165,1.0,0.0,0.0,0.0,0.0
895,560.15,769.1,54055.85,868.65,99.55,0.1868,2.7286,0.0,-769.1,0.0,6.8165,0.0,-769.1,0.0,6.8165,1.0,0.0,0.0,0.0,0.0
896,560.48,782.4,53921.15,867.25,84.85,0.1597,2.7968,0.0,-782.4,0.0,6.8165,0.0,-782.4,0.0,6.8165,1.0,0.0,0.0,0.0,0.0
897,560.8,783.05,54172.8,877.0,93.95,0.176,2.7546,0.0,-783.05,0.0,6.8165,0.0,-783.05,0.0,6.8165,1.0,0.0,0.0,0.0,0.0
898,561.13,795.0,54599.45,882.65,87.65,0.1629,2.7881,0.0,-795.0,0.0,6.8165,0.0,-795.0,0.0,6.8165,1.0,0.0,0.0,0.0,0.0
899,561.45,797.15,54833.8,871.0,73.85,0.1367,2.8643,0.0,-797.15,0.0,6.8165,0.0,-797.15,0.0,6.8165,1.0,0.0,0.0,0.0,0.0
900,561.78,788.0,55286.1,888.9,100.9,0.1851,2.7325,0.0,-788.0,0.0,6.8165,0.0,-788.0,0.0,6.8165,1.0,0.0,0.0,0.0,0.0
901,562.1,792.75,55083.25,874.9,82.15,0.1513,2.8201,0.0,-792.75,0.0,6.8165,0.0,-792.75,0.0,6.8165,1.0,0.0,0.0,0.0,0.0
902,562.43,786.15,55008.05,877.75,91.6,0.1689,2.7723,0.0,-786.15,0.0,6.8165,0.0,-786.15,0.0,6.8165,1.0,0.0,0.0,0.0,0.0
903,562.75,791.75,55420.9,862.75,71.0,0.13,2.8862,0.0,-791.75,0.0,6.8165,0.0,-791.75,0.0,6.8165,1.0,0.0,0.0,0.0,0.0
904,563.07,787.7,55403.45,873.7,86.0,0.1575,2.8028,0.0,-787.7,0.0,6.8165,0.0,-787.7,0.0,6.8165,1.0,0.0,0.0,0.0,0.0
905,563.4,789.75,55095.15,880.5,90.75,0.1671,2.777,0.0,-789.75,0.0,6.8165,0.0,-789.75,0.0,6.8165,1.0,0.0,0.0,0.0,0.0
906,563.72,786.8,55395.4,884.05,97.25,0.1781,2.7494,0.0,-786.8,0.0,6.8165,0.0,-786.8,0.0,6.8165,1.0,0.0,0.0,0.0,0.0
907,564.05,789.35,55481.95,888.35,99.0,0.181,2.7423,0.0,-789.35,0.0,6.8165,0.0,-789.35,0.0,6.8165,1.0,0.0,0.0,0.0,0.0
908,564.37,797.15,55984.85,853.65,56.5,0.1024,2.9898,0.0,-797.15,0.0,6.8165,0.0,-797.15,0.0,6.8165,1.0,0.0,0.0,0.0,0.0
909,564.7,790.55,55565.5,870.0,79.45,0.145,2.8385,0.0,-790.55,0.0,6.8165,0.0,-790.55,0.0,6.8165,1.0,0.0,0.0,0.0,0.0
910,565.02,784.9,55938.65,874.75,89.85,0.1629,2.7881,0.0,-784.9,0.0,6.8165,0.0,-784.9,0.0,6.8165,1.0,0.0,0.0,0.0,0.0
911,565.34,787.45,55161.25,881.4,93.95,0.1728,2.7625,0.0,-787.45,0.0,6.8165,0.0,-787.45,0.0,6.8165,1.0,0.0,0.0,0.0,0.0
912,565.67,792.2,55270.3,887.75,95.55,0.1754,2.756,0.0,-792.2,0.0,6.8165,0.0,-792.2,0.0,6.8165,1.0,0.0,0.0,0.0,0.0
913,565.99,793.9,55580.95,878.1,84.2,0.1537,2.8134,0.0,-793.9,0.0,6.8165,0.0,-793.9,0.0,6.8165,1.0,0.0,0.0,0.0,0.0
914,566.31,783.0,56025.85,885.15,102.15,0.1849,2.733,0.0,-783.0,0.0,6.8165,0.0,-783.0,0.0,6.8165,1.0,0.0,0.0,0.0,0.0
915,566.64,789.75,55528.0,888.55,98.8,0.1805,2.7435,0.0,-789.75,0.0,6.8165,0.0,-789.75,0.0,6.8165,1.0,0.0,0.0,0.0,0.0
916,566.96,775.3,55706.6,887.65,112.35,0.2045,2.6892,0.0,-775.3,0.0,6.8165,0.0,-775.3,0.0,6.8165,1.0,0.0,0.0,0.0,0.0
917,567.29,800.55,56016.7,898.9,98.35,0.1781,2.7493,0.0,-800.55,0.0,6.8165,0.0,-800.55,0.0,6.8165,1.0,0.0,0.0,0.0,0.0
918,567.61,791.55,56375.65,890.3,98.75,0.1777,2.7504,0.0,-791.55,0.0,6.8165,0.0,-791.55,0.0,6.8165,1.0,0.0,0.0,0.0,0.0
919,567.93,786.85,56819.75,889.9,103.05,0.1839,2.7354,0.0,-786.85,0.0,6.8165,0.0,-786.85,0.0,6.8165,1.0,0.0,0.0,0.0,0.0
920,568.25,800.8,56629.25,890.2,89.4,0.1601,2.7955,0.0,-800.8,0.0,6.8165,0.0,-800.8,0.0,6.8165,1.0,0.0,0.0,0.0,0.0
921,568.58,793.1,56454.75,887.0,93.9,0.1687,2.7729,0.0,-793.1,0.0,6.8165,0.0,-793.1,0.0,6.8165,1.0,0.0,0.0,0.0,0.0
922,568.9,796.0,56184.0,902.85,106.85,0.1929,2.7146,0.0,-796.0,0.0,6.8165,0.0,-796.0,0.0,6.8165,1.0,0.0,0.0,0.0,0.0
923,569.22,796.0,56022.1,883.45,87.45,0.1583,2.8004,0.0,-796.0,0.0,6.8165,0.0,-796.0,0.0,6.8165,1.0,0.0,0.0,0.0,0.0
924,569.55,788.4,56204.25,883.95,95.55,0.1724,2.7634,0.0,-788.4,0.0,6.8165,0.0,-788.4,0.0,6.8165,1.0,0.0,0.0,0.0,0.0
925,569.87,792.2,56356.4,901.2,109.0,0.1962,2.7074,0.0,-792.2,0.0,6.8165,0.0,-792.2,0.0,6.8165,1.0,0.0,0.0,0.0,0.0
926,570.19,793.9,57083.95,899.8,105.9,0.1881,2.7255,0.0,-793.9,0.0,6.8165,0.0,-793.9,0.0,6.8165,1.0,0.0,0.0,0.0,0.0
927,570.51,786.75,57154.9,887.35,100.6,0.1785,2.7484,0.0,-786.75,0.0,6.8165,0.0,-786.75,0.0,6.8165,1.0,0.0,0.0,0.0,0.0
928,570.83,787.6,57102.7,897.55,109.95,0.1952,2.7094,0.0,-787.6,0.0,6.8165,0.0,-787.6,0.0,6.8165,1.0,0.0,0.0,0.0,0.0
929,571.16,795.15,56812.1,908.5,113.35,0.2023,2.6939,0.0,-795.15,0.0,6.8165,0.0,-795.15,0.0,6.8165,1.0,0.0,0.0,0.0,0.0
930,571.48,789.5,56362.1,910.5,121.0,0.2177,2.6621,0.0,-789.5,0.0,6.8165,0.0,-789.5,0.0,6.8165,1.0,0.0,0.0,0.0,0.0
931,571.8,797.0,56362.1,898.05,101.05,0.1819,2.7403,0.0,-797.0,0.0,6.8165,0.0,-797.0,0.0,6.8165,1.0,0.0,0.0,0.0,0.0
932,572.12,795.6,56643.75,914.55,118.95,0.213,2.6716,0.0,-795.6,0.0,6.8165,0.0,-795.6,0.0,6.8165,1.0,0.0,0.0,0.0,0.0
933,572.44,779.1,56395.55,920.55,141.45,0.2543,2.5946,0.0,-779.1,0.0,6.8165,0.0,-779.1,0.0,6.8165,1.0,0.0,0.0,0.0,0.0
934,572.77,786.1,56499.2,908.65,122.55,0.22,2.6576,0.0,-786.1,0.0,6.8165,0.0,-786.1,0.0,6.8165,1.0,0.0,0.0,0.0,0.0
935,573.09,791.7,55688.1,903.7,112.0,0.204,2.6903,0.0,-791.7,0.0,6.8165,0.0,-791.7,0.0,6.8165,1.0,0.0,0.0,0.0,0.0
936,573.41,787.6,56244.6,906.9,119.3,0.2151,2.6673,0.0,-787.6,0.0,6.8165,0.0,-787.6,0.0,6.8165,1.0,0.0,0.0,0.0,0.0
937,573.73,803.3,56666.85,903.6,100.3,0.1795,2.7458,0.0,-803.3,0.0,6.8165,0.0,-803.3,0.0,6.8165,1.0,0.0,0.0,0.0,0.0
938,574.05,783.05,56808.8,908.85,125.8,0.2245,2.6487,0.0,-783.05,0.0,6.8165,0.0,-783.05,0.0,6.8165,1.0,0.0,0.0,0.0,0.0
939,574.37,777.8,57658.6,903.3,125.5,0.2206,2.6563,0.0,-777.8,0.0,6.8165,0.0,-777.8,0.0,6.8165,1.0,0.0,0.0,0.0,0.0
940,574.69,787.7,56968.7,921.1,133.4,0.2374,2.6244,0.0,-787.7,0.0,6.8165,0.0,-787.7,0.0,6.8165,1.0,0.0,0.0,0.0,0.0
941,575.02,792.35,56406.3,908.15,115.8,0.2082,2.6815,0.0,-792.35,0.0,6.8165,0.0,-792.35,0.0,6.8165,1.0,0.0,0.0,0.0,0.0
942,575.34,787.35,56149.0,902.7,115.35,0.2084,2.6812,0.0,-787.35,0.0,6.8165,0.0,-787.35,0.0,6.8165,1.0,0.0,0.0,0.0,0.0
943,575.66,795.25,56861.2,916.35,121.1,0.216,2.6656,0.0,-795.25,0.0,6.8165,0.0,-795.25,0.0,6.8165,1.0,0.0,0.0,0.0,0.0
944,575.98,793.55,57045.1,927.0,133.45,0.2372,2.6248,0.0,-793.55,0.0,6.8165,0.0,-793.55,0.0,6.8165,1.0,0.0,0.0,0.0,0.0
945,576.3,785.9,56648.4,932.3,146.4,0.2621,2.5816,0.0,-785.9,0.0,6.8165,0.0,-785.9,0.0,6.8165,1.0,0.0,0.0,0.0,0.0
946,576.62,797.35,56567.4,934.7,137.35,0.2463,2.6086,0.0,-797.35,0.0,6.8165,0.0,-797.35,0.0,6.8165,1.0,0.0,0.0,0.0,0.0
947,576.94,802.05,56574.2,935.35,133.3,0.239,2.6216,0.0,-802.05,0.0,6.8165,0.0,-802.05,0.0,6.8165,1.0,0.0,0.0,0.0,0.0
948,577.26,797.75,56293.85,929.65,131.9,0.2377,2.624,0.0,-797.75,0.0,6.8165,0.0,-797.75,0.0,6.8165,1.0,0.0,0.0,0.0,0.0
949,577.58,792.3,56409.65,954.95,162.65,0.2924,2.534,0.0,-792.3,0.0,6.8165,0.0,-792.3,0.0,6.8165,1.0,0.0,0.0,0.0,0.0
950,577.9,774.35,57030.0,959.2,184.85,0.3286,2.4833,0.0,-774.35,0.0,6.8165,0.0,-774.35,0.0,6.8165,1.0,0.0,0.0,0.0,0.0
951,578.22,792.25,56721.4,963.75,171.5,0.3066,2.5134,0.0,-792.25,0.0,6.8165,0.0,-792.25,0.0,6.8165,1.0,0.0,0.0,0.0,0.0
952,578.54,789.2,56719.9,961.15,171.95,0.3074,2.5122,0.0,-789.2,0.0,6.8165,0.0,-789.2,0.0,6.8165,1.0,0.0,0.0,0.0,0.0
953,578.86,795.25,56135.25,976.4,181.15,0.3273,2.485,0.0,-795.25,0.0,6.8165,0.0,-795.25,0.0,6.8165,1.0,0.0,0.0,0.0,0.0
954,579.18,791.25,56313.4,974.65,183.4,0.3303,2.4811,0.0,-791.25,0.0,6.8165,0.0,-791.25,0.0,6.8165,1.0,0.0,0.0,0.0,0.0
955,579.5,789.55,55939.95,983.7,194.15,0.352,2.4534,0.0,-789.55,0.0,6.8165,0.0,-789.55,0.0,6.8165,1.0,0.0,0.0,0.0,0.0
956,579.82,796.5,55666.35,978.55,182.05,0.3318,2.4791,0.0,-796.5,0.0,6.8165,0.0,-796.5,0.0,6.8165,1.0,0.0,0.0,0.0,0.0
957,580.14,791.75,55361.1,996.05,204.3,0.3744,2.4267,0.0,-791.75,0.0,6.8165,0.0,-791.75,0.0,6.8165,1.0,0.0,0.0,0.0,0.0
958,580.46,786.45,55056.3,1000.15,213.7,0.3938,2.4048,0.0,-786.45,0.0,6.8165,0.0,-786.45,0.0,6.8165,1.0,0.0,0.0,0.0,0.0
959,580.78,791.5,55262.35,1016.8,225.3,0.4136,2.3834,0.0,-791.5,0.0,6.8165,0.0,-791.5,0.0,6.8165,1.0,0.0,0.0,0.0,0.0
960,581.1,798.35,55055.55,1020.3,221.95,0.4091,2.3882,0.0,-798.35,0.0,6.8165,0.0,-798.35,0.0,6.8165,1.0,0.0,0.0,0.0,0.0
961,581.42,791.2,55312.7,1037.75,246.55,0.4522,2.3447,0.0,-791.2,0.0,6.8165,0.0,-791.2,0.0,6.8165,1.0,0.0,0.0,0.0,0.0
962,581.73,806.85,55482.25,1057.4,250.55,0.4582,2.3389,0.0,-806.85,0.0,6.8165,0.0,-806.85,0.0,6.8165,1.0,0.0,0.0,0.0,0.0
963,582.05,776.8,55005.55,1067.95,291.15,0.5369,2.2701,0.0,-776.8,0.0,6.8165,0.0,-776.8,0.0,6.8165,1.0,0.0,0.0,0.0,0.0
964,582.37,781.7,55612.55,1070.85,289.15,0.5273,2.2779,0.0,-781.7,0.0,6.8165,0.0,-781.7,0.0,6.8165,1.0,0.0,0.0,0.0,0.0
965,582.69,786.95,55480.75,1095.25,308.3,0.5637,2.249,0.0,-786.95,0.0,6.8165,0.0,-786.95,0.0,6.8165,1.0,0.0,0.0,0.0,0.0
966,583.01,782.05,55502.45,1109.3,327.25,0.598,2.2233,0.0,-782.05,0.0,6.8165,0.0,-782.05,0.0,6.8165,1.0,0.0,0.0,0.0,0.0
967,583.33,793.4,54615.4,1149.5,356.1,0.6616,2.1794,0.0,-793.4,0.0,6.8165,0.0,-793.4,0.0,6.8165,1.0,0.0,0.0,0.0,0.0
968,583.65,805.15,55005.9,1179.3,374.15,0.6903,2.161,0.0,-805.15,0.0,6.8165,0.0,-805.15,0.0,6.8165,1.0,0.0,0.0,0.0,0.0
969,583.96,784.85,54668.4,1231.2,446.35,0.8284,2.0818,0.0,-784.85,0.0,6.8165,0.0,-784.85,0.0,6.8165,1.0,0.0,0.0,0.0,0.0
970,584.28,786.85,54429.8,1295.5,508.65,0.9482,2.0231,0.0,-786.85,0.0,6.8165,0.0,-786.85,0.0,6.8165,1.0,0.0,0.0,0.0,0.0
971,584.6,784.8,54627.25,1423.0,638.2,1.1853,1.9262,0.0,-784.8,0.0,6.8165,0.0,-784.8,0.0,6.8165,1.0,0.0,0.0,0.0,0.0
972,584.92,797.5,54725.3,1641.5,844.0,1.5651,1.8055,0.0,-797.5,0.0,6.8165,0.0,-797.5,0.0,6.8165,1.0,0.0,0.0,0.0,0.0
973,585.24,790.3,54362.9,2082.3,1292.0,2.4117,1.6177,0.0,-790.3,0.0,6.8165,0.0,-790.3,0.0,6.8165,1.0,0.0,0.0,0.0,0.0
974,585.55,796.75,54420.8,2980.05,2183.3,4.0715,1.3902,0.0,-796.75,0.0,6.8165,0.0,-796.75,0.0,6.8165,1.0,0.0,0.0,0.0,0.0
975,585.87,782.6,54532.7,5118.15,4335.55,8.0661,1.0933,0.0,-782.6,0.0,6.8165,0.0,-782.6,0.0,6.8165,1.0,0.0,0.0,0.0,0.0
976,586.19,778.6,54531.15,9920.65,9142.05,17.0077,0.7694,0.0,-778.6,0.0,6.8165,0.0,-778.6,0.0,6.8165,1.0,0.0,0.0,0.0,0.0
977,586.51,802.0,53833.25,19364.0,18562.0,35.002,0.4559,0.0,-802.0,0.0,6.8165,0.0,-802.0,0.0,6.8165,1.0,0.0,0.0,0.0,0.0
978,586.83,789.8,54358.0,32897.0,32107.2,59.9371,0.2223,0.0,-789.8,0.0,6.8165,0.0,-789.8,0.0,6.8165,1.0,0.0,0.0,0.0,0.0
979,587.14,790.95,54475.2,44522.0,43731.05,81.4597,0.0891,0.0,-790.95,0.0,6.8165,0.0,-790.95,0.0,6.8165,1.0,0.0,0.0,0.0,0.0
980,587.46,792.5,54606.0,50548.05,49755.55,92.4592,0.034,0.0,-792.5,0.0,6.8165,0.0,-792.5,0.0,6.8165,1.0,0.0,0.0,0.0,0.0
981,587.78,788.0,54614.35,52691.45,51903.45,96.4276,0.0158,0.0,-788.0,0.0,6.8165,0.0,-788.0,0.0,6.8165,1.0,0.0,0.0,0.0,0.0
982,588.09,795.2,53477.5,53124.05,52328.85,99.3291,0.0029,0.0,-795.2,0.0,6.8165,0.0,-795.2,0.0,6.8165,1.0,0.0,0.0,0.0,0.0
983,588.41,776.15,53602.1,53197.35,52421.2,99.2338,0.0033,0.0,-776.15,0.0,6.8165,0.0,-776.15,0.0,6.8165,1.0,0.0,0.0,0.0,0.0
984,588.73,780.7,53781.45,53111.45,52330.75,98.7359,0.0055,0.0,-780.7,0.0,6.8165,0.0,-780.7,0.0,6.8165,1.0,0.0,0.0,0.0,0.0
985,589.04,781.65,53667.25,52870.8,52089.15,98.494,0.0066,0.0,-781.65,0.0,6.8165,0.0,-781.65,0.0,6.8165,1.0,0.0,0.0,0.0,0.0
986,589.36,792.6,53776.35,52930.3,52137.7,98.4032,0.007,0.0,-792.6,0.0,6.8165,0.0,-792.6,0.0,6.8165,1.0,0.0,0.0,0.0,0.0
987,589.68,778.1,54264.4,52760.35,51982.25,97.188,0.0124,0.0,-778.1,0.0,6.8165,0.0,-778.1,0.0,6.8165,1.0,0.0,0.0,0.0,0.0
988,589.99,785.2,54546.5,52663.8,51878.6,96.498,0.0155,0.0,-785.2,0.0,6.8165,0.0,-785.2,0.0,6.8165,1.0,0.0,0.0,0.0,0.0
989,590.31,795.35,54820.6,52750.95,51955.6,96.1691,0.017,0.0,-795.35,0.0,6.8165,0.0,-795.35,0.0,6.8165,1.0,0.0,0.0,0.0,0.0
990,590.63,791.9,54239.7,52050.55,51258.65,95.9041,0.0182,0.0,-791.9,0.0,6.8165,0.0,-791.9,0.0,6.8165,1.0,0.0,0.0,0.0,0.0
991,590.94,786.4,53768.3,52416.6,51630.2,97.4488,0.0112,0.0,-786.4,0.0,6.8165,0.0,-786.4,0.0,6.8165,1.0,0.0,0.0,0.0,0.0
992,591.26,791.45,53111.05,52411.45,51620.0,98.6628,0.0058,0.0,-791.45,0.0,6.8165,0.0,-791.45,0.0,6.8165,1.0,0.0,0.0,0.0,0.0
993,591.58,784.65,54031.6,52160.8,51376.15,96.4866,0.0155,0.0,-784.65,0.0,6.8165,0.0,-784.65,0.0,6.8165,1.0,0.0,0.0,0.0,0.0
994,591.89,797.25,54253.7,51238.15,50440.9,94.3589,0.0252,0.0,-797.25,0.0,6.8165,0.0,-797.25,0.0,6.8165,1.0,0.0,0.0,0.0,0.0
995,592.21,801.15,54289.65,51343.5,50542.35,94.492,0.0246,0.0,-801.15,0.0,6.8165,0.0,-801.15,0.0,6.8165,1.0,0.0,0.0,0.0,0.0
996,592.52,796.4,54304.2,51307.2,50510.8,94.3989,0.025,0.0,-796.4,0.0,6.8165,0.0,-796.4,0.0,6.8165,1.0,0.0,0.0,0.0,0.0
997,592.84,791.15,54026.6,51865.3,51074.15,95.9401,0.018,0.0,-791.15,0.0,6.8165,0.0,-791.15,0.0,6.8165,1.0,0.0,0.0,0.0,0.0
998,593.15,792.2,54177.15,52160.1,51367.9,96.2217,0.0167,0.0,-792.2,0.0,6.8165,0.0,-792.2,0.0,6.8165,1.0,0.0,0.0,0.0,0.0
999,593.47,795.3,53941.0,52165.7,51370.4,96.6596,0.0148,0.0,-795.3,0.0,6.8165,0.0,-795.3,0.0,6.8165,1.0,0.0,0.0,0.0,0.0
1000,593.79,788.8,54310.0,52904.55,52115.75,97.374,0.0116,0.0,-788.8,0.0,6.8165,0.0,-788.8,0.0,6.8165,1.0,0.0,0.0,0.0,0.0
1001,594.1,791.3,54815.15,52735.75,51944.45,96.151,0.017,0.0,-791.3,0.0,6.8165,0.0,-791.3,0.0,6.8165,1.0,0.0,0.0,0.0,0.0
1002,594.42,805.15,55285.25,53217.1,52411.95,96.2038,0.0168,0.0,-805.15,0.0,6.8165,0.0,-805.15,0.0,6.8165,1.0,0.0,0.0,0.0,0.0
1003,594.73,787.8,55449.5,54313.6,53525.8,97.9219,0.0091,0.0,-787.8,0.0,6.8165,0.0,-787.8,0.0,6.8165,1.0,0.0,0.0,0.0,0.0
1004,595.05,807.4,55191.0,53480.65,52673.25,96.855,0.0139,0.0,-807.4,0.0,6.8165,0.0,-807.4,0.0,6.8165,1.0,0.0,0.0,0.0,0.0
1005,595.36,778.55,54854.15,53297.05,52518.5,97.1205,0.0127,0.0,-778.55,0.0,6.8165,0.0,-778.55,0.0,6.8165,1.0,0.0,0.0,0.0,0.0
1006,595.68,777.1,54185.95,53496.95,52719.85,98.71,0.0056,0.0,-777.1,0.0,6.8165,0.0,-777.1,0.0,6.8165,1.0,0.0,0.0,0.0,0.0
1007,595.99,780.95,54298.1,54430.85,53649.9,100.2481,-0.0011,0.0,-780.95,0.0,6.8165,0.0,-780.95,0.0,6.8165,1.0,0.0,0.0,0.0,0.0
1008,596.3,784.15,54132.8,54421.45,53637.3,100.5411,-0.0023,0.0,-784.15,0.0,6.8165,0.0,-784.15,0.0,6.8165,1.0,0.0,0.0,0.0,0.0
1009,596.62,782.75,54557.85,54287.85,53505.1,99.4979,0.0022,0.0,-782.75,0.0,6.8165,0.0,-782.75,0.0,6.8165,1.0,0.0,0.0,0.0,0.0
1010,596.93,788.0,55188.25,54508.6,53720.6,98.7506,0.0055,0.0,-788.0,0.0,6.8165,0.0,-788.0,0.0,6.8165,1.0,0.0,0.0,0.0,0.0
1011,597.25,778.4,55425.8,54139.35,53360.95,97.6459,0.0103,0.0,-778.4,0.0,6.8165,0.0,-778.4,0.0,6.8165,1.0,0.0,0.0,0.0,0.0
1012,597.56,786.2,55229.4,54279.4,53493.2,98.2551,0.0076,0.0,-786.2,0.0,6.8165,0.0,-786.2,0.0,6.8165,1.0,0.0,0.0,0.0,0.0
1013,597.88,799.2,54923.25,54623.2,53824.0,99.4456,0.0024,0.0,-799.2,0.0,6.8165,0.0,-799.2,0.0,6.8165,1.0,0.0,0.0,0.0,0.0
1014,598.19,781.3,54851.25,54064.55,53283.25,98.545,0.0064,0.0,-781.3,0.0,6.8165,0.0,-781.3,0.0,6.8165,1.0,0.0,0.0,0.0,0.0
1015,598.5,775.2,54329.9,54515.6,53740.4,100.3467,-0.0015,0.0,-775.2,0.0,6.8165,0.0,-775.2,0.0,6.8165,1.0,0.0,0.0,0.0,0.0
1016,598.82,782.25,54312.25,54475.2,53692.95,100.3044,-0.0013,0.0,-782.25,0.0,6.8165,0.0,-782.25,0.0,6.8165,1.0,0.0,0.0,0.0,0.0
1017,599.13,787.1,54759.15,53963.45,53176.35,98.5257,0.0065,0.0,-787.1,0.0,6.8165,0.0,-787.1,0.0,6.8165,1.0,0.0,0.0,0.0,0.0
1018,599.45,790.8,55177.75,54739.8,53949.0,99.1948,0.0035,0.0,-790.8,0.0,6.8165,0.0,-790.8,0.0,6.8165,1.0,0.0,0.0,0.0,0.0
1019,599.76,800.15,55501.45,54908.95,54108.8,98.9168,0.0047,0.0,-800.15,0.0,6.8165,0.0,-800.15,0.0,6.8165,1.0,0.0,0.0,0.0,0.0
1020,600.07,778.95,55770.95,53877.1,53098.15,96.5561,0.0152,0.0,-778.95,0.0,6.8165,0.0,-778.95,0.0,6.8165,1.0,0.0,0.0,0.0,0.0
1021,600.39,781.15,55344.3,53717.95,52936.8,97.0193,0.0131,0.0,-781.15,0.0,6.8165,0.0,-781.15,0.0,6.8165,1.0,0.0,0.0,0.0,0.0
1022,600.7,787.3,55363.0,53893.05,53105.75,97.3066,0.0119,0.0,-787.3,0.0,6.8165,0.0,-787.3,0.0,6.8165,1.0,0.0,0.0,0.0,0.0
1023,601.01,793.2,55013.25,54422.0,53628.8,98.9095,0.0048,0.0,-793.2,0.0,6.8165,0.0,-793.2,0.0,6.8165,1.0,0.0,0.0,0.0,0.0
1024,601.33,791.65,54844.45,54703.65,53912.0,99.7395,0.0011,0.0,-791.65,0.0,6.8165,0.0,-791.65,0.0,6.8165,1.0,0.0,0.0,0.0,0.0
1025,601.64,785.1,55551.2,55079.05,54293.95,99.1379,0.0038,0.0,-785.1,0.0,6.8165,0.0,-785.1,0.0,6.8165,1.0,0.0,0.0,0.0,0.0
1026,601.95,795.35,55650.65,55480.0,54684.65,99.6889,0.0014,0.0,-795.35,0.0,6.8165,0.0,-795.35,0.0,6.8165,1.0,0.0,0.0,0.0,0.0
1027,602.26,793.85,55929.15,54690.05,53896.2,97.7526,0.0099,0.0,-793.85,0.0,6.8165,0.0,-793.85,0.0,6.8165,1.0,0.0,0.0,0.0,0.0
1028,602.58,793.75,55707.0,53654.55,52860.8,96.2624,0.0165,0.0,-793.75,0.0,6.8165,0.0,-793.75,0.0,6.8165,1.0,0.0,0.0,0.0,0.0
1029,602.89,776.8,55181.45,53378.5,52601.7,96.686,0.0146,0.0,-776.8,0.0,6.8165,0.0,-776.8,0.0,6.8165,1.0,0.0,0.0,0.0,0.0
1030,603.2,778.8,55151.4,54609.55,53830.75,99.0035,0.0043,0.0,-778.8,0.0,6.8165,0.0,-778.8,0.0,6.8165,1.0,0.0,0.0,0.0,0.0
1031,603.51,784.0,54658.5,54530.95,53746.95,99.7632,0.001,0.0,-784.0,0.0,6.8165,0.0,-784.0,0.0,6.8165,1.0,0.0,0.0,0.0,0.0
1032,603.83,809.75,55305.05,54563.5,53753.75,98.6392,0.006,0.0,-809.75,0.0,6.8165,0.0,-809.75,0.0,6.8165,1.0,0.0,0.0,0.0,0.0
1033,604.14,788.45,56072.75,55460.8,54672.35,98.8931,0.0048,0.0,-788.45,0.0,6.8165,0.0,-788.45,0.0,6.8165,1.0,0.0,0.0,0.0,0.0
1034,604.45,797.0,55991.35,55434.8,54637.8,98.9917,0.0044,0.0,-797.0,0.0,6.8165,0.0,-797.0,0.0,6.8165,1.0,0.0,0.0,0.0,0.0
1035,604.76,776.45,55612.85,54333.2,53556.75,97.6664,0.0103,0.0,-776.45,0.0,6.8165,0.0,-776.45,0.0,6.8165,1.0,0.0,0.0,0.0,0.0
1036,605.07,782.45,55781.7,53902.5,53120.05,96.5832,0.0151,0.0,-782.45,0.0,6.8165,0.0,-782.45,0.0,6.8165,1.0,0.0,0.0,0.0,0.0
1037,605.39,795.3,55637.6,54416.65,53621.35,97.7737,0.0098,0.0,-795.3,0.0,6.8165,0.0,-795.3,0.0,6.8165,1.0,0.0,0.0,0.0,0.0
1038,605.7,793.0,55844.25,54619.4,53826.4,97.7751,0.0098,0.0,-793.0,0.0,6.8165,0.0,-793.0,0.0,6.8165,1.0,0.0,0.0,0.0,0.0
1039,606.01,787.9,55433.95,54028.1,53240.2,97.4274,0.0113,0.0,-787.9,0.0,6.8165,0.0,-787.9,0.0,6.8165,1.0,0.0,0.0,0.0,0.0
1040,606.32,796.35,56068.9,54928.85,54132.5,97.9374,0.0091,0.0,-796.35,0.0,6.8165,0.0,-796.35,0.0,6.8165,1.0,0.0,0.0,0.0,0.0
1041,606.63,784.0,55911.3,55014.3,54230.3,98.3729,0.0071,0.0,-784.0,0.0,6.8165,0.0,-784.0,0.0,6.8165,1.0,0.0,0.0,0.0,0.0
1042,606.94,772.6,55892.1,54776.55,54003.95,97.9761,0.0089,0.0,-772.6,0.0,6.8165,0.0,-772.6,0.0,6.8165,1.0,0.0,0.0,0.0,0.0
1043,607.26,786.65,55872.05,54221.15,53434.5,97.003,0.0132,0.0,-786.65,0.0,6.8165,0.0,-786.65,0.0,6.8165,1.0,0.0,0.0,0.0,0.0
1044,607.57,789.8,56135.1,53856.95,53067.15,95.8838,0.0183,0.0,-789.8,0.0,6.8165,0.0,-789.8,0.0,6.8165,1.0,0.0,0.0,0.0,0.0
1045,607.88,783.65,56324.4,53836.2,53052.55,95.52,0.0199,0.0,-783.65,0.0,6.8165,0.0,-783.65,0.0,6.8165,1.0,0.0,0.0,0.0,0.0
1046,608.19,794.1,55968.0,53928.15,53134.05,96.3029,0.0164,0.0,-794.1,0.0,6.8165,0.0,-794.1,0.0,6.8165,1.0,0.0,0.0,0.0,0.0
1047,608.5,787.7,55207.15,53309.95,52522.25,96.5137,0.0154,0.0,-787.7,0.0,6.8165,0.0,-787.7,0.0,6.8165,1.0,0.0,0.0,0.0,0.0
1048,608.81,768.9,55159.9,53903.3,53134.4,97.6897,0.0102,0.0,-768.9,0.0,6.8165,0.0,-768.9,0.0,6.8165,1.0,0.0,0.0,0.0,0.0
1049,609.12,780.05,55404.15,54466.95,53686.9,98.2843,0.0075,0.0,-780.05,0.0,6.8165,0.0,-780.05,0.0,6.8165,1.0,0.0,0.0,0.0,0.0
1050,609.43,782.6,56140.75,54495.7,53713.1,97.0284,0.0131,0.0,-782.6,0.0,6.8165,0.0,-782.6,0.0,6.8165,1.0,0.0,0.0,0.0,0.0
1051,609.74,786.9,56659.85,54284.0,53497.1,95.7478,0.0189,0.0,-786.9,0.0,6.8165,0.0,-786.9,0.0,6.8165,1.0,0.0,0.0,0.0,0.0
1052,610.05,787.65,56983.5,53914.45,53126.8,94.5387,0.0244,0.0,-787.65,0.0,6.8165,0.0,-787.65,0.0,6.8165,1.0,0.0,0.0,0.0,0.0
1053,610.36,785.75,56358.55,53168.15,52382.4,94.2591,0.0257,0.0,-785.75,0.0,6.8165,0.0,-785.75,0.0,6.8165,1.0,0.0,0.0,0.0,0.0
1054,610.67,788.9,55567.55,52773.45,51984.55,94.8993,0.0227,0.0,-788.9,0.0,6.8165,0.0,-788.9,0.0,6.8165,1.0,0.0,0.0,0.0,0.0
1055,610.98,797.3,55357.25,52772.1,51974.8,95.2618,0.0211,0.0,-797.3,0.0,6.8165,0.0,-797.3,0.0,6.8165,1.0,0.0,0.0,0.0,0.0
1056,611.29,797.6,55074.95,52264.05,51466.45,94.8212,0.0231,0.0,-797.6,0.0,6.8165,0.0,-797.6,0.0,6.8165,1.0,0.0,0.0,0.0,0.0
1057,611.6,796.7,55212.65,52983.15,52186.45,95.9029,0.0182,0.0,-796.7,0.0,6.8165,0.0,-796.7,0.0,6.8165,1.0,0.0,0.0,0.0,0.0
1058,611.91,792.95,55919.75,53966.3,53173.35,96.4564,0.0157,0.0,-792.95,0.0,6.8165,0.0,-792.95,0.0,6.8165,1.0,0.0,0.0,0.0,0.0
1059,612.22,786.35,55791.7,53801.0,53014.65,96.3809,0.016,0.0,-786.35,0.0,6.8165,0.0,-786.35,0.0,6.8165,1.0,0.0,0.0,0.0,0.0
1060,612.53,786.25,55948.9,53428.0,52641.75,95.4301,0.0203,0.0,-786.25,0.0,6.8165,0.0,-786.25,0.0,6.8165,1.0,0.0,0.0,0.0,0.0
1061,612.84,794.75,56782.2,53759.85,52965.1,94.6017,0.0241,0.0,-794.75,0.0,6.8165,0.0,-794.75,0.0,6.8165,1.0,0.0,0.0,0.0,0.0
1062,613.15,779.6,56228.05,54310.55,53530.95,96.5418,0.0153,0.0,-779.6,0.0,6.8165,0.0,-779.6,0.0,6.8165,1.0,0.0,0.0,0.0,0.0
1063,613.46,776.1,56040.85,54041.45,53265.35,96.3821,0.016,0.0,-776.1,0.0,6.8165,0.0,-776.1,0.0,6.8165,1.0,0.0,0.0,0.0,0.0
1064,613.77,779.95,56228.15,54640.75,53860.8,97.1371,0.0126,0.0,-779.95,0.0,6.8165,0.0,-779.95,0.0,6.8165,1.0,0.0,0.0,0.0,0.0
1065,614.08,809.15,56218.1,55065.05,54255.9,97.919,0.0091,0.0,-809.15,0.0,6.8165,0.0,-809.15,0.0,6.8165,1.0,0.0,0.0,0.0,0.0
1066,614.39,791.5,56203.65,55504.8,54713.3,98.7388,0.0055,0.0,-791.5,0.0,6.8165,0.0,-791.5,0.0,6.8165,1.0,0.0,0.0,0.0,0.0
1067,614.7,785.4,56508.4,55811.1,55025.7,98.7486,0.0055,0.0,-785.4,0.0,6.8165,0.0,-785.4,0.0,6.8165,1.0,0.0,0.0,0.0,0.0
1068,615.0,780.05,56558.15,54973.35,54193.3,97.1587,0.0125,0.0,-780.05,0.0,6.8165,0.0,-780.05,0.0,6.8165,1.0,0.0,0.0,0.0,0.0
1069,615.31,796.1,56556.75,55474.0,54677.9,98.0582,0.0085,0.0,-796.1,0.0,6.8165,0.0,-796.1,0.0,6.8165,1.0,0.0,0.0,0.0,0.0
1070,615.62,802.75,56433.4,55291.2,54488.45,97.9468,0.009,0.0,-802.75,0.0,6.8165,0.0,-802.75,0.0,6.8165,1.0,0.0,0.0,0.0,0.0
1071,615.93,781.25,56470.25,55690.7,54909.45,98.6002,0.0061,0.0,-781.25,0.0,6.8165,0.0,-781.25,0.0,6.8165,1.0,0.0,0.0,0.0,0.0
1072,616.24,777.4,55873.65,55749.4,54972.0,99.7745,0.001,0.0,-777.4,0.0,6.8165,0.0,-777.4,0.0,6.8165,1.0,0.0,0.0,0.0,0.0
1073,616.55,777.75,55499.3,55557.55,54779.8,100.1064,-0.0005,0.0,-777.75,0.0,6.8165,0.0,-777.75,0.0,6.8165,1.0,0.0,0.0,0.0,0.0
1074,616.86,787.7,55785.55,55699.8,54912.1,99.8441,0.0007,0.0,-787.7,0.0,6.8165,0.0,-787.7,0.0,6.8165,1.0,0.0,0.0,0.0,0.0
1075,617.16,785.2,55939.1,55826.35,55041.15,99.7956,0.0009,0.0,-785.2,0.0,6.8165,0.0,-785.2,0.0,6.8165,1.0,0.0,0.0,0.0,0.0
1076,617.47,793.85,56090.2,55426.35,54632.5,98.7995,0.0052,0.0,-793.85,0.0,6.8165,0.0,-793.85,0.0,6.8165,1.0,0.0,0.0,0.0,0.0
1077,617.78,789.1,56444.55,55911.2,55122.1,99.0417,0.0042,0.0,-789.1,0.0,6.8165,0.0,-789.1,0.0,6.8165,1.0,0.0,0.0,0.0,0.0
1078,618.09,787.15,56249.65,55422.1,54634.95,98.5079,0.0065,0.0,-787.15,0.0,6.8165,0.0,-787.15,0.0,6.8165,1.0,0.0,0.0,0.0,0.0
1079,618.4,794.3,56570.75,55718.3,54924.0,98.4717,0.0067,0.0,-794.3,0.0,6.8165,0.0,-794.3,0.0,6.8165,1.0,0.0,0.0,0.0,0.0
1080,618.7,798.8,55828.85,54813.95,54015.15,98.1557,0.0081,0.0,-798.8,0.0,6.8165,0.0,-798.8,0.0,6.8165,1.0,0.0,0.0,0.0,0.0
1081,619.01,795.9,55161.55,54611.8,53815.9,98.9888,0.0044,0.0,-795.9,0.0,6.8165,0.0,-795.9,0.0,6.8165,1.0,0.0,0.0,0.0,0.0
1082,619.32,778.2,55726.8,54948.0,54169.8,98.5827,0.0062,0.0,-778.2,0.0,6.8165,0.0,-778.2,0.0,6.8165,1.0,0.0,0.0,0.0,0.0
1083,619.63,790.2,56021.95,54695.8,53905.6,97.5989,0.0106,0.0,-790.2,0.0,6.8165,0.0,-790.2,0.0,6.8165,1.0,0.0,0.0,0.0,0.0
1084,619.93,796.7,56052.3,54881.8,54085.1,97.8817,0.0093,0.0,-796.7,0.0,6.8165,0.0,-796.7,0.0,6.8165,1.0,0.0,0.0,0.0,0.0
1085,620.24,796.9,56247.35,54525.8,53728.9,96.8953,0.0137,0.0,-796.9,0.0,6.8165,0.0,-796.9,0.0,6.8165,1.0,0.0,0.0,0.0,0.0
1086,620.55,783.9,56386.4,53654.9,52871.0,95.0875,0.0219,0.0,-783.9,0.0,6.8165,0.0,-783.9,0.0,6.8165,1.0,0.0,0.0,0.0,0.0
1087,620.85,796.35,56501.5,53106.75,52310.4,93.9059,0.0273,0.0,-796.35,0.0,6.8165,0.0,-796.35,0.0,6.8165,1.0,0.0,0.0,0.0,0.0
1088,621.16,797.25,56136.1,52649.8,51852.55,93.7001,0.0283,0.0,-797.25,0.0,6.8165,0.0,-797.25,0.0,6.8165,1.0,0.0,0.0,0.0,0.0
1089,621.47,792.4,56304.15,52815.95,52023.55,93.7163,0.0282,0.0,-792.4,0.0,6.8165,0.0,-792.4,0.0,6.8165,1.0,0.0,0.0,0.0,0.0
1090,621.77,779.8,56264.65,52359.3,51579.5,92.9614,0.0317,0.0,-779.8,0.0,6.8165,0.0,-779.8,0.0,6.8165,1.0,0.0,0.0,0.0,0.0
1091,622.08,795.65,56034.65,52137.7,51342.05,92.9453,0.0318,0.0,-795.65,0.0,6.8165,0.0,-795.65,0.0,6.8165,1.0,0.0,0.0,0.0,0.0
1092,622.39,790.85,55452.1,51576.7,50785.85,92.9102,0.0319,0.0,-790.85,0.0,6.8165,0.0,-790.85,0.0,6.8165,1.0,0.0,0.0,0.0,0.0
1093,622.69,786.6,55883.9,51671.1,50884.5,92.3539,0.0345,0.0,-786.6,0.0,6.8165,0.0,-786.6,0.0,6.8165,1.0,0.0,0.0,0.0,0.0
1094,623.0,785.85,55658.05,51686.85,50901.0,92.7628,0.0326,0.0,-785.85,0.0,6.8165,0.0,-785.85,0.0,6.8165,1.0,0.0,0.0,0.0,0.0
1095,623.31,779.95,55851.65,52118.85,51338.9,93.2219,0.0305,0.0,-779.95,0.0,6.8165,0.0,-779.95,0.0,6.8165,1.0,0.0,0.0,0.0,0.0
1096,623.61,781.8,55920.85,52911.55,52129.75,94.5423,0.0244,0.0,-781.8,0.0,6.8165,0.0,-781.8,0.0,6.8165,1.0,0.0,0.0,0.0,0.0
1097,623.92,784.3,55951.0,52757.75,51973.45,94.2116,0.0259,0.0,-784.3,0.0,6.8165,0.0,-784.3,0.0,6.8165,1.0,0.0,0.0,0.0,0.0
1098,624.22,772.4,55487.55,52740.6,51968.2,94.9795,0.0224,0.0,-772.4,0.0,6.8165,0.0,-772.4,0.0,6.8165,1.0,0.0,0.0,0.0,0.0
1099,624.53,784.8,55098.2,52330.4,51545.6,94.904,0.0227,0.0,-784.8,0.0,6.8165,0.0,-784.8,0.0,6.8165,1.0,0.0,0.0,0.0,0.0
1100,624.84,787.05,54413.35,50911.5,50124.45,93.4699,0.0293,0.0,-787.05,0.0,6.8165,0.0,-787.05,0.0,6.8165,1.0,0.0,0.0,0.0,0.0
1101,625.14,783.1,54319.7,47213.0,46429.9,86.7255,0.0619,0.0,-783.1,0.0,6.8165,0.0,-783.1,0.0,6.8165,1.0,0.0,0.0,0.0,0.0
1102,625.45,787.6,54526.35,40200.15,39412.55,73.341,0.1347,0.0,-787.6,0.0,6.8165,0.0,-787.6,0.0,6.8165,1.0,0.0,0.0,0.0,0.0
1103,625.75,772.35,55568.0,30878.8,30106.45,54.9431,0.2601,0.0,-772.35,0.0,6.8165,0.0,-772.35,0.0,6.8165,1.0,0.0,0.0,0.0,0.0
1104,626.06,791.25,55831.4,21189.55,20398.3,37.0608,0.4311,0.0,-791.25,0.0,6.8165,0.0,-791.25,0.0,6.8165,1.0,0.0,0.0,0.0,0.0
1105,626.36,783.85,55616.55,13603.4,12819.55,23.3794,0.6312,0.0,-783.85,0.0,6.8165,0.0,-783.85,0.0,6.8165,1.0,0.0,0.0,0.0,0.0
1106,626.67,798.55,55700.15,8602.0,7803.45,14.2135,0.8473,0.0,-798.55,0.0,6.8165,0.0,-798.55,0.0,6.8165,1.0,0.0,0.0,0.0,0.0
1107,626.97,783.55,55491.65,5565.65,4782.1,8.7411,1.0584,0.0,-783.55,0.0,6.8165,0.0,-783.55,0.0,6.8165,1.0,0.0,0.0,0.0,0.0
1108,627.28,783.05,54878.9,3795.55,3012.5,5.5688,1.2542,0.0,-783.05,0.0,6.8165,0.0,-783.05,0.0,6.8165,1.0,0.0,0.0,0.0,0.0
1109,627.58,803.9,54681.7,2760.0,1956.1,3.6306,1.44,0.0,-803.9,0.0,6.8165,0.0,-803.9,0.0,6.8165,1.0,0.0,0.0,0.0,0.0
1110,627.89,791.85,54667.4,2158.8,1366.95,2.5372,1.5956,0.0,-791.85,0.0,6.8165,0.0,-791.85,0.0,6.8165,1.0,0.0,0.0,0.0,0.0
1111,628.19,785.25,54538.7,1768.7,983.45,1.8296,1.7377,0.0,-785.25,0.0,6.8165,0.0,-785.25,0.0,6.8165,1.0,0.0,0.0,0.0,0.0
1112,628.5,795.45,55048.45,1512.2,716.75,1.3211,1.8791,0.0,-795.45,0.0,6.8165,0.0,-795.45,0.0,6.8165,1.0,0.0,0.0,0.0,0.0
1113,628.8,788.45,54933.2,1344.75,556.3,1.0274,1.9882,0.0,-788.45,0.0,6.8165,0.0,-788.45,0.0,6.8165,1.0,0.0,0.0,0.0,0.0
1114,629.11,764.05,54965.7,1234.6,470.55,0.8681,2.0614,0.0,-764.05,0.0,6.8165,0.0,-764.05,0.0,6.8165,1.0,0.0,0.0,0.0,0.0
1115,629.41,776.8,54968.1,1169.7,392.9,0.725,2.1396,0.0,-776.8,0.0,6.8165,0.0,-776.8,0.0,6.8165,1.0,0.0,0.0,0.0,0.0
1116,629.71,785.05,54528.8,1137.15,352.1,0.6551,2.1837,0.0,-785.05,0.0,6.8165,0.0,-785.05,0.0,6.8165,1.0,0.0,0.0,0.0,0.0
1117,630.02,797.75,54199.6,1076.95,279.2,0.5228,2.2816,0.0,-797.75,0.0,6.8165,0.0,-797.75,0.0,6.8165,1.0,0.0,0.0,0.0,0.0
1118,630.32,802.15,53570.65,1046.25,244.1,0.4626,2.3348,0.0,-802.15,0.0,6.8165,0.0,-802.15,0.0,6.8165,1.0,0.0,0.0,0.0,0.0
1119,630.63,788.1,53070.45,1025.1,237.0,0.4533,2.3436,0.0,-788.1,0.0,6.8165,0.0,-788.1,0.0,6.8165,1.0,0.0,0.0,0.0,0.0
1120,630.93,791.95,54172.15,1016.45,224.5,0.4206,2.3762,0.0,-791.95,0.0,6.8165,0.0,-791.95,0.0,6.8165,1.0,0.0,0.0,0.0,0.0
1121,631.23,783.5,54970.6,1001.0,217.5,0.4014,2.3964,0.0,-783.5,0.0,6.8165,0.0,-783.5,0.0,6.8165,1.0,0.0,0.0,0.0,0.0
1122,631.54,786.45,54974.65,993.65,207.2,0.3824,2.4175,0.0,-786.45,0.0,6.8165,0.0,-786.45,0.0,6.8165,1.0,0.0,0.0,0.0,0.0
1123,631.84,797.45,54813.45,981.9,184.45,0.3415,2.4666,0.0,-797.45,0.0,6.8165,0.0,-797.45,0.0,6.8165,1.0,0.0,0.0,0.0,0.0
1124,632.14,796.35,54605.5,971.8,175.45,0.3261,2.4867,0.0,-796.35,0.0,6.8165,0.0,-796.35,0.0,6.8165,1.0,0.0,0.0,0.0,0.0
1125,632.45,779.45,54011.4,949.5,170.05,0.3195,2.4956,0.0,-779.45,0.0,6.8165,0.0,-779.45,0.0,6.8165,1.0,0.0,0.0,0.0,0.0
1126,632.75,783.55,54108.05,943.75,160.2,0.3004,2.5223,0.0,-783.55,0.0,6.8165,0.0,-783.55,0.0,6.8165,1.0,0.0,0.0,0.0,0.0
1127,633.05,789.3,53378.0,945.1,155.8,0.2963,2.5283,0.0,-789.3,0.0,6.8165,0.0,-789.3,0.0,6.8165,1.0,0.0,0.0,0.0,0.0
1128,633.36,790.45,53617.5,932.85,142.4,0.2696,2.5693,0.0,-790.45,0.0,6.8165,0.0,-790.45,0.0,6.8165,1.0,0.0,0.0,0.0,0.0
1129,633.66,796.85,53657.1,937.2,140.35,0.2655,2.5759,0.0,-796.85,0.0,6.8165,0.0,-796.85,0.0,6.8165,1.0,0.0,0.0,0.0,0.0
1130,633.96,785.5,54422.85,931.1,145.6,0.2715,2.5663,0.0,-785.5,0.0,6.8165,0.0,-785.5,0.0,6.8165,1.0,0.0,0.0,0.0,0.0
1131,634.27,791.7,54319.45,923.65,131.95,0.2465,2.6082,0.0,-791.7,0.0,6.8165,0.0,-791.7,0.0,6.8165,1.0,0.0,0.0,0.0,0.0
1132,634.57,782.25,54394.75,923.0,140.75,0.2625,2.5808,0.0,-782.25,0.0,6.8165,0.0,-782.25,0.0,6.8165,1.0,0.0,0.0,0.0,0.0
1133,634.87,791.9,54376.6,899.4,107.5,0.2006,2.6976,0.0,-791.9,0.0,6.8165,0.0,-791.9,0.0,6.8165,1.0,0.0,0.0,0.0,0.0
1134,635.17,789.5,53875.25,932.1,142.6,0.2686,2.5709,0.0,-789.5,0.0,6.8165,0.0,-789.5,0.0,6.8165,1.0,0.0,0.0,0.0,0.0
1135,635.48,783.2,52982.15,926.2,143.0,0.274,2.5623,0.0,-783.2,0.0,6.8165,0.0,-783.2,0.0,6.8165,1.0,0.0,0.0,0.0,0.0
1136,635.78,794.55,52903.25,928.45,133.9,0.257,2.5901,0.0,-794.55,0.0,6.8165,0.0,-794.55,0.0,6.8165,1.0,0.0,0.0,0.0,0.0
1137,636.08,790.1,52512.25,904.8,114.7,0.2218,2.6541,0.0,-790.1,0.0,6.8165,0.0,-790.1,0.0,6.8165,1.0,0.0,0.0,0.0,0.0
1138,636.38,789.75,52585.5,910.75,121.0,0.2336,2.6315,0.0,-789.75,0.0,6.8165,0.0,-789.75,0.0,6.8165,1.0,0.0,0.0,0.0,0.0
1139,636.68,782.95,52767.2,901.65,118.7,0.2283,2.6414,0.0,-782.95,0.0,6.8165,0.0,-782.95,0.0,6.8165,1.0,0.0,0.0,0.0,0.0
1140,636.99,788.55,53361.55,886.45,97.9,0.1862,2.73,0.0,-788.55,0.0,6.8165,0.0,-788.55,0.0,6.8165,1.0,0.0,0.0,0.0,0.0
1141,637.29,784.4,53764.35,896.8,112.4,0.2122,2.6733,0.0,-784.4,0.0,6.8165,0.0,-784.4,0.0,6.8165,1.0,0.0,0.0,0.0,0.0
1142,637.59,796.6,53093.2,891.75,95.15,0.1819,2.7401,0.0,-796.6,0.0,6.8165,0.0,-796.6,0.0,6.8165,1.0,0.0,0.0,0.0,0.0
1143,637.89,796.6,52522.2,893.1,96.5,0.1866,2.7292,0.0,-796.6,0.0,6.8165,0.0,-796.6,0.0,6.8165,1.0,0.0,0.0,0.0,0.0
1144,638.19,778.25,53003.5,887.3,109.05,0.2088,2.6803,0.0,-778.25,0.0,6.8165,0.0,-778.25,0.0,6.8165,1.0,0.0,0.0,0.0,0.0
1145,638.49,797.65,52544.0,896.75,99.1,0.1915,2.7178,0.0,-797.65,0.0,6.8165,0.0,-797.65,0.0,6.8165,1.0,0.0,0.0,0.0,0.0
1146,638.8,803.85,52131.5,887.6,83.75,0.1632,2.7874,0.0,-803.85,0.0,6.8165,0.0,-803.85,0.0,6.8165,1.0,0.0,0.0,0.0,0.0
1147,639.1,795.2,51917.3,882.75,87.55,0.1713,2.7664,0.0,-795.2,0.0,6.8165,0.0,-795.2,0.0,6.8165,1.0,0.0,0.0,0.0,0.0
1148,639.4,783.35,52106.95,884.7,101.35,0.1975,2.7045,0.0,-783.35,0.0,6.8165,0.0,-783.35,0.0,6.8165,1.0,0.0,0.0,0.0,0.0
1149,639.7,790.6,52221.8,873.95,83.35,0.1621,2.7903,0.0,-790.6,0.0,6.8165,0.0,-790.6,0.0,6.8165,1.0,0.0,0.0,0.0,0.0
1150,640.0,784.5,52424.3,885.4,100.9,0.1954,2.7091,0.0,-784.5,0.0,6.8165,0.0,-784.5,0.0,6.8165,1.0,0.0,0.0,0.0,0.0
1151,640.3,778.7,52697.75,874.8,96.1,0.1851,2.7326,0.0,-778.7,0.0,6.8165,0.0,-778.7,0.0,6.8165,1.0,0.0,0.0,0.0,0.0
1152,640.6,790.35,52764.35,892.25,101.9,0.1961,2.7076,0.0,-790.35,0.0,6.8165,0.0,-790.35,0.0,6.8165,1.0,0.0,0.0,0.0,0.0
1153,640.9,780.25,53005.95,868.65,88.4,0.1693,2.7714,0.0,-780.25,0.0,6.8165,0.0,-780.25,0.0,6.8165,1.0,0.0,0.0,0.0,0.0
1154,641.2,789.55,52297.25,873.2,83.65,0.1624,2.7894,0.0,-789.55,0.0,6.8165,0.0,-789.55,0.0,6.8165,1.0,0.0,0.0,0.0,0.0
1155,641.5,789.15,52283.45,877.45,88.3,0.1715,2.7658,0.0,-789.15,0.0,6.8165,0.0,-789.15,0.0,6.8165,1.0,0.0,0.0,0.0,0.0
1156,641.8,776.95,52026.65,874.05,97.1,0.1895,2.7225,0.0,-776.95,0.0,6.8165,0.0,-776.95,0.0,6.8165,1.0,0.0,0.0,0.0,0.0
1157,642.1,785.75,52202.1,872.75,87.0,0.1692,2.7716,0.0,-785.75,0.0,6.8165,0.0,-785.75,0.0,6.8165,1.0,0.0,0.0,0.0,0.0
1158,642.4,789.1,51770.6,879.1,90.0,0.1765,2.7532,0.0,-789.1,0.0,6.8165,0.0,-789.1,0.0,6.8165,1.0,0.0,0.0,0.0,0.0
1159,642.7,787.2,52047.7,869.4,82.2,0.1604,2.7949,0.0,-787.2,0.0,6.8165,0.0,-787.2,0.0,6.8165,1.0,0.0,0.0,0.0,0.0
1160,643.0,772.7,51884.9,868.45,95.75,0.1873,2.7274,0.0,-772.7,0.0,6.8165,0.0,-772.7,0.0,6.8165,1.0,0.0,0.0,0.0,0.0
1161,643.3,779.0,51821.85,866.15,87.15,0.1707,2.7677,0.0,-779.0,0.0,6.8165,0.0,-779.0,0.0,6.8165,1.0,0.0,0.0,0.0,0.0
1162,643.6,788.2,51185.9,873.65,85.45,0.1696,2.7707,0.0,-788.2,0.0,6.8165,0.0,-788.2,0.0,6.8165,1.0,0.0,0.0,0.0,0.0
1163,643.9,792.15,50692.45,870.3,78.15,0.1566,2.8052,0.0,-792.15,0.0,6.8165,0.0,-792.15,0.0,6.8165,1.0,0.0,0.0,0.0,0.0
1164,644.2,788.95,50546.25,866.95,78.0,0.1568,2.8048,0.0,-788.95,0.0,6.8165,0.0,-788.95,0.0,6.8165,1.0,0.0,0.0,0.0,0.0
1165,644.5,785.45,50442.5,870.5,85.05,0.1713,2.7663,0.0,-785.45,0.0,6.8165,0.0,-785.45,0.0,6.8165,1.0,0.0,0.0,0.0,0.0
1166,644.8,780.9,50131.65,856.4,75.5,0.153,2.8153,0.0,-780.9,0.0,6.8165,0.0,-780.9,0.0,6.8165,1.0,0.0,0.0,0.0,0.0
1167,645.1,786.7,50644.4,870.95,84.25,0.169,2.7722,0.0,-786.7,0.0,6.8165,0.0,-786.7,0.0,6.8165,1.0,0.0,0.0,0.0,0.0
1168,645.4,779.05,51145.7,871.9,92.85,0.1843,2.7344,0.0,-779.05,0.0,6.8165,0.0,-779.05,0.0,6.8165,1.0,0.0,0.0,0.0,0.0
1169,645.7,778.15,51180.8,859.4,81.25,0.1612,2.7926,0.0,-778.15,0.0,6.8165,0.0,-778.15,0.0,6.8165,1.0,0.0,0.0,0.0,0.0
1170,646.0,785.2,50353.8,873.2,88.0,0.1775,2.7507,0.0,-785.2,0.0,6.8165,0.0,-785.2,0.0,6.8165,1.0,0.0,0.0,0.0,0.0
1171,646.3,778.8,50825.9,849.85,71.05,0.142,2.8478,0.0,-778.8,0.0,6.8165,0.0,-778.8,0.0,6.8165,1.0,0.0,0.0,0.0,0.0
1172,646.59,785.55,50867.85,847.15,61.6,0.123,2.9101,0.0,-785.55,0.0,6.8165,0.0,-785.55,0.0,6.8165,1.0,0.0,0.0,0.0,0.0
1173,646.89,786.25,50867.6,858.5,72.25,0.1443,2.8408,0.0,-786.25,0.0,6.8165,0.0,-786.25,0.0,6.8165,1.0,0.0,0.0,0.0,0.0
1174,647.19,777.55,50478.6,857.1,79.55,0.1601,2.7957,0.0,-777.55,0.0,6.8165,0.0,-777.55,0.0,6.8165,1.0,0.0,0.0,0.0,0.0
1175,647.49,783.95,50501.6,854.85,70.9,0.1426,2.8459,0.0,-783.95,0.0,6.8165,0.0,-783.95,0.0,6.8165,1.0,0.0,0.0,0.0,0.0
1176,647.79,787.45,50850.9,848.1,60.65,0.1211,2.9167,0.0,-787.45,0.0,6.8165,0.0,-787.45,0.0,6.8165,1.0,0.0,0.0,0.0,0.0
1177,648.09,787.9,50840.45,861.8,73.9,0.1476,2.8308,0.0,-787.9,0.0,6.8165,0.0,-787.9,0.0,6.8165,1.0,0.0,0.0,0.0,0.0
1178,648.39,790.35,51094.9,846.8,56.45,0.1122,2.9499,0.0,-790.35,0.0,6.8165,0.0,-790.35,0.0,6.8165,1.0,0.0,0.0,0.0,0.0
1179,648.68,784.55,51903.5,866.4,81.85,0.1601,2.7956,0.0,-784.55,0.0,6.8165,0.0,-784.55,0.0,6.8165,1.0,0.0,0.0,0.0,0.0
1180,648.98,778.95,51355.2,863.7,84.75,0.1676,2.7758,0.0,-778.95,0.0,6.8165,0.0,-778.95,0.0,6.8165,1.0,0.0,0.0,0.0,0.0
1181,649.28,790.3,51837.65,857.1,66.8,0.1309,2.8832,0.0,-790.3,0.0,6.8165,0.0,-790.3,0.0,6.8165,1.0,0.0,0.0,0.0,0.0
1182,649.58,772.0,52265.0,855.05,83.05,0.1613,2.7924,0.0,-772.0,0.0,6.8165,0.0,-772.0,0.0,6.8165,1.0,0.0,0.0,0.0,0.0
1183,649.87,778.4,51843.0,853.55,75.15,0.1472,2.8322,0.0,-778.4,0.0,6.8165,0.0,-778.4,0.0,6.8165,1.0,0.0,0.0,0.0,0.0
1184,650.17,778.45,50986.7,851.15,72.7,0.1448,2.8392,0.0,-778.45,0.0,6.8165,0.0,-778.45,0.0,6.8165,1.0,0.0,0.0,0.0,0.0
1185,650.47,780.1,49817.5,849.8,69.7,0.1421,2.8473,0.0,-780.1,0.0,6.8165,0.0,-780.1,0.0,6.8165,1.0,0.0,0.0,0.0,0.0
1186,650.77,778.7,50084.3,850.8,72.1,0.1462,2.835,0.0,-778.7,0.0,6.8165,0.0,-778.7,0.0,6.8165,1.0,0.0,0.0,0.0,0.0
1187,651.06,789.95,50636.75,864.1,74.15,0.1488,2.8275,0.0,-789.95,0.0,6.8165,0.0,-789.95,0.0,6.8165,1.0,0.0,0.0,0.0,0.0
1188,651.36,780.2,50072.2,843.6,63.4,0.1286,2.8907,0.0,-780.2,0.0,6.8165,0.0,-780.2,0.0,6.8165,1.0,0.0,0.0,0.0,0.0
1189,651.66,795.7,50156.2,835.05,39.35,0.0797,3.0984,0.0,-795.7,0.0,6.8165,0.0,-795.7,0.0,6.8165,1.0,0.0,0.0,0.0,0.0
1190,651.96,777.55,51058.75,843.95,66.4,0.1321,2.8792,0.0,-777.55,0.0,6.8165,0.0,-777.55,0.0,6.8165,1.0,0.0,0.0,0.0,0.0
1191,652.25,777.05,50748.95,846.15,69.1,0.1383,2.8592,0.0,-777.05,0.0,6.8165,0.0,-777.05,0.0,6.8165,1.0,0.0,0.0,0.0,0.0
1192,652.55,787.15,49708.05,842.6,55.45,0.1133,2.9456,0.0,-787.15,0.0,6.8165,0.0,-787.15,0.0,6.8165,1.0,0.0,0.0,0.0,0.0
1193,652.85,786.6,48651.0,845.1,58.5,0.1222,2.9129,0.0,-786.6,0.0,6.8165,0.0,-786.6,0.0,6.8165,1.0,0.0,0.0,0.0,0.0
1194,653.14,793.1,48716.75,848.5,55.4,0.1156,2.937,0.0,-793.1,0.0,6.8165,0.0,-793.1,0.0,6.8165,1.0,0.0,0.0,0.0,0.0
1195,653.44,783.5,49000.8,849.5,66.0,0.1369,2.8637,0.0,-783.5,0.0,6.8165,0.0,-783.5,0.0,6.8165,1.0,0.0,0.0,0.0,0.0
1196,653.74,787.25,48756.5,852.25,65.0,0.1355,2.868,0.0,-787.25,0.0,6.8165,0.0,-787.25,0.0,6.8165,1.0,0.0,0.0,0.0,0.0
1197,654.03,791.15,49034.75,843.15,52.0,0.1078,2.9674,0.0,-791.15,0.0,6.8165,0.0,-791.15,0.0,6.8165,1.0,0.0,0.0,0.0,0.0
1198,654.33,792.5,49457.55,848.0,55.5,0.114,2.9429,0.0,-792.5,0.0,6.8165,0.0,-792.5,0.0,6.8165,1.0,0.0,0.0,0.0,0.0
1199,654.62,787.8,49817.9,835.65,47.85,0.0976,3.0106,0.0,-787.8,0.0,6.8165,0.0,-787.8,0.0,6.8165,1.0,0.0,0.0,0.0,0.0
1200,654.92,783.95,49190.05,840.1,56.15,0.116,2.9356,0.0,-783.95,0.0,6.8165,0.0,-783.95,0.0,6.8165,1.0,0.0,0.0,0.0,0.0
1201,655.22,793.15,48306.65,857.1,63.95,0.1346,2.871,0.0,-793.15,0.0,6.8165,0.0,-793.15,0.0,6.8165,1.0,0.0,0.0,0.0,0.0
1202,655.51,786.85,48671.4,848.25,61.4,0.1282,2.892,0.0,-786.85,0.0,6.8165,0.0,-786.85,0.0,6.8165,1.0,0.0,0.0,0.0,0.0
1203,655.81,788.75,48510.0,839.65,50.9,0.1067,2.972,0.0,-788.75,0.0,6.8165,0.0,-788.75,0.0,6.8165,1.0,0.0,0.0,0.0,0.0
1204,656.1,799.6,48363.8,824.95,25.35,0.0533,3.2733,0.0,-799.6,0.0,6.8165,0.0,-799.6,0.0,6.8165,1.0,0.0,0.0,0.0,0.0
1205,656.4,788.7,48417.0,833.9,45.2,0.0949,3.0227,0.0,-788.7,0.0,6.8165,0.0,-788.7,0.0,6.8165,1.0,0.0,0.0,0.0,0.0
1206,656.69,795.65,49207.95,842.95,47.3,0.0977,3.0101,0.0,-795.65,0.0,6.8165,0.0,-795.65,0.0,6.8165,1.0,0.0,0.0,0.0,0.0
1207,656.99,782.5,49145.7,842.25,59.75,0.1235,2.9082,0.0,-782.5,0.0,6.8165,0.0,-782.5,0.0,6.8165,1.0,0.0,0.0,0.0,0.0
1208,657.29,793.75,47652.05,853.2,59.45,0.1269,2.8966,0.0,-793.75,0.0,6.8165,0.0,-793.75,0.0,6.8165,1.0,0.0,0.0,0.0,0.0
1209,657.58,783.6,47159.7,834.4,50.8,0.1095,2.9604,0.0,-783.6,0.0,6.8165,0.0,-783.6,0.0,6.8165,1.0,0.0,0.0,0.0,0.0
1210,657.88,786.55,47872.1,842.65,56.1,0.1191,2.9239,0.0,-786.55,0.0,6.8165,0.0,-786.55,0.0,6.8165,1.0,0.0,0.0,0.0,0.0
1211,658.17,783.85,47361.7,847.5,63.65,0.1367,2.8644,0.0,-783.85,0.0,6.8165,0.0,-783.85,0.0,6.8165,1.0,0.0,0.0,0.0,0.0
1212,658.47,787.75,46965.05,839.05,51.3,0.1111,2.9543,0.0,-787.75,0.0,6.8165,0.0,-787.75,0.0,6.8165,1.0,0.0,0.0,0.0,0.0
1213,658.76,791.6,47036.4,818.75,27.15,0.0587,3.2313,0.0,-791.6,0.0,6.8165,0.0,-791.6,0.0,6.8165,1.0,0.0,0.0,0.0,0.0
1214,659.05,789.4,47844.35,831.35,41.95,0.0892,3.0499,0.0,-789.4,0.0,6.8165,0.0,-789.4,0.0,6.8165,1.0,0.0,0.0,0.0,0.0
1215,659.35,775.3,48324.2,841.2,65.9,0.1386,2.8583,0.0,-775.3,0.0,6.8165,0.0,-775.3,0.0,6.8165,1.0,0.0,0.0,0.0,0.0
1216,659.64,768.85,47653.7,845.9,77.05,0.1643,2.7843,0.0,-768.85,0.0,6.8165,0.0,-768.85,0.0,6.8165,1.0,0.0,0.0,0.0,0.0
1217,659.94,765.7,47337.7,831.25,65.55,0.1407,2.8516,0.0,-765.7,0.0,6.8165,0.0,-765.7,0.0,6.8165,1.0,0.0,0.0,0.0,0.0
1218,660.23,779.7,47794.25,833.35,53.65,0.1141,2.9427,0.0,-779.7,0.0,6.8165,0.0,-779.7,0.0,6.8165,1.0,0.0,0.0,0.0,0.0
1219,660.53,793.75,48009.85,831.05,37.3,0.079,3.1024,0.0,-793.75,0.0,6.8165,0.0,-793.75,0.0,6.8165,1.0,0.0,0.0,0.0,0.0
1220,660.82,778.8,47757.15,848.7,69.9,0.1488,2.8274,0.0,-778.8,0.0,6.8165,0.0,-778.8,0.0,6.8165,1.0,0.0,0.0,0.0,0.0
1221,661.11,766.2,48136.85,837.85,71.65,0.1513,2.8203,0.0,-766.2,0.0,6.8165,0.0,-766.2,0.0,6.8165,1.0,0.0,0.0,0.0,0.0
1222,661.41,785.65,48497.5,813.1,27.45,0.0575,3.2401,0.0,-785.65,0.0,6.8165,0.0,-785.65,0.0,6.8165,1.0,0.0,0.0,0.0,0.0
1223,661.7,763.75,48021.0,831.35,67.6,0.143,2.8445,0.0,-763.75,0.0,6.8165,0.0,-763.75,0.0,6.8165,1.0,0.0,0.0,0.0,0.0
1224,662.0,778.6,47810.1,823.45,44.85,0.0954,3.0206,0.0,-778.6,0.0,6.8165,0.0,-778.6,0.0,6.8165,1.0,0.0,0.0,0.0,0.0
1225,662.29,777.2,47498.2,830.7,53.5,0.1145,2.9412,0.0,-777.2,0.0,6.8165,0.0,-777.2,0.0,6.8165,1.0,0.0,0.0,0.0,0.0
1226,662.58,789.7,47668.95,838.15,48.45,0.1034,2.9857,0.0,-789.7,0.0,6.8165,0.0,-789.7,0.0,6.8165,1.0,0.0,0.0,0.0,0.0
1227,662.88,792.25,47274.6,835.15,42.9,0.0923,3.0348,0.0,-792.25,0.0,6.8165,0.0,-792.25,0.0,6.8165,1.0,0.0,0.0,0.0,0.0
1228,663.17,784.8,47072.8,838.0,53.2,0.1149,2.9396,0.0,-784.8,0.0,6.8165,0.0,-784.8,0.0,6.8165,1.0,0.0,0.0,0.0,0.0
1229,663.46,779.85,47723.85,823.1,43.25,0.0921,3.0356,0.0,-779.85,0.0,6.8165,0.0,-779.85,0.0,6.8165,1.0,0.0,0.0,0.0,0.0
1230,663.76,796.65,47620.8,831.75,35.1,0.075,3.1252,0.0,-796.65,0.0,6.8165,0.0,-796.65,0.0,6.8165,1.0,0.0,0.0,0.0,0.0
1231,664.05,795.15,47696.35,833.15,38.0,0.081,3.0914,0.0,-795.15,0.0,6.8165,0.0,-795.15,0.0,6.8165,1.0,0.0,0.0,0.0,0.0
1232,664.34,790.9,47424.7,833.65,42.75,0.0917,3.0378,0.0,-790.9,0.0,6.8165,0.0,-790.9,0.0,6.8165,1.0,0.0,0.0,0.0,0.0
1233,664.64,780.6,47307.6,835.05,54.45,0.117,2.9317,0.0,-780.6,0.0,6.8165,0.0,-780.6,0.0,6.8165,1.0,0.0,0.0,0.0,0.0
1234,664.93,790.45,46932.15,824.5,34.05,0.0738,3.132,0.0,-790.45,0.0,6.8165,0.0,-790.45,0.0,6.8165,1.0,0.0,0.0,0.0,0.0
1235,665.22,788.1,46357.9,825.6,37.5,0.0823,3.0846,0.0,-788.1,0.0,6.8165,0.0,-788.1,0.0,6.8165,1.0,0.0,0.0,0.0,0.0
1236,665.51,804.95,46524.4,825.5,20.55,0.0449,3.3473,0.0,-804.95,0.0,6.8165,0.0,-804.95,0.0,6.8165,1.0,0.0,0.0,0.0,0.0
1237,665.81,776.75,46936.75,834.15,57.4,0.1244,2.9054,0.0,-776.75,0.0,6.8165,0.0,-776.75,0.0,6.8165,1.0,0.0,0.0,0.0,0.0
1238,666.1,779.85,47219.15,839.85,60.0,0.1292,2.8887,0.0,-779.85,0.0,6.8165,0.0,-779.85,0.0,6.8165,1.0,0.0,0.0,0.0,0.0
1239,666.39,771.25,46823.25,841.25,70.0,0.152,2.8182,0.0,-771.25,0.0,6.8165,0.0,-771.25,0.0,6.8165,1.0,0.0,0.0,0.0,0.0
1240,666.68,772.6,46590.0,829.3,56.7,0.1238,2.9074,0.0,-772.6,0.0,6.8165,0.0,-772.6,0.0,6.8165,1.0,0.0,0.0,0.0,0.0
1241,666.97,775.35,46203.9,830.4,55.05,0.1212,2.9166,0.0,-775.35,0.0,6.8165,0.0,-775.35,0.0,6.8165,1.0,0.0,0.0,0.0,0.0
1242,667.27,790.6,46446.35,836.9,46.3,0.1014,2.9939,0.0,-790.6,0.0,6.8165,0.0,-790.6,0.0,6.8165,1.0,0.0,0.0,0.0,0.0
1243,667.56,784.5,46585.15,823.85,39.35,0.0859,3.0659,0.0,-784.5,0.0,6.8165,0.0,-784.5,0.0,6.8165,1.0,0.0,0.0,0.0,0.0
1244,667.85,784.7,46741.7,833.85,49.15,0.1069,2.9708,0.0,-784.7,0.0,6.8165,0.0,-784.7,0.0,6.8165,1.0,0.0,0.0,0.0,0.0
1245,668.14,784.85,46901.1,830.45,45.6,0.0989,3.0049,0.0,-784.85,0.0,6.8165,0.0,-784.85,0.0,6.8165,1.0,0.0,0.0,0.0,0.0
1246,668.43,792.8,47113.8,819.4,26.6,0.0574,3.2409,0.0,-792.8,0.0,6.8165,0.0,-792.8,0.0,6.8165,1.0,0.0,0.0,0.0,0.0
1247,668.72,782.55,47180.15,822.85,40.3,0.0869,3.0612,0.0,-782.55,0.0,6.8165,0.0,-782.55,0.0,6.8165,1.0,0.0,0.0,0.0,0.0
1248,669.02,785.05,46790.75,833.1,48.05,0.1044,2.9811,0.0,-785.05,0.0,6.8165,0.0,-785.05,0.0,6.8165,1.0,0.0,0.0,0.0,0.0
1249,669.31,787.15,46117.5,833.1,45.95,0.1014,2.9941,0.0,-787.15,0.0,6.8165,0.0,-787.15,0.0,6.8165,1.0,0.0,0.0,0.0,0.0
1250,669.6,774.95,46484.1,828.7,53.75,0.1176,2.9296,0.0,-774.95,0.0,6.8165,0.0,-774.95,0.0,6.8165,1.0,0.0,0.0,0.0,0.0
1251,669.89,780.95,46272.45,827.0,46.05,0.1012,2.9947,0.0,-780.95,0.0,6.8165,0.0,-780.95,0.0,6.8165,1.0,0.0,0.0,0.0,0.0
1252,670.18,789.3,46556.95,822.2,32.9,0.0719,3.1434,0.0,-789.3,0.0,6.8165,0.0,-789.3,0.0,6.8165,1.0,0.0,0.0,0.0,0.0
1253,670.47,784.9,46508.9,837.3,52.4,0.1146,2.9408,0.0,-784.9,0.0,6.8165,0.0,-784.9,0.0,6.8165,1.0,0.0,0.0,0.0,0.0
1254,670.76,794.75,46335.05,826.25,31.5,0.0692,3.1601,0.0,-794.75,0.0,6.8165,0.0,-794.75,0.0,6.8165,1.0,0.0,0.0,0.0,0.0
1255,671.05,776.65,46375.5,839.75,63.1,0.1384,2.8589,0.0,-776.65,0.0,6.8165,0.0,-776.65,0.0,6.8165,1.0,0.0,0.0,0.0,0.0
1256,671.34,778.55,46375.7,837.05,58.5,0.1283,2.8918,0.0,-778.55,0.0,6.8165,0.0,-778.55,0.0,6.8165,1.0,0.0,0.0,0.0,0.0
1257,671.63,793.85,45274.65,833.35,39.5,0.0888,3.0516,0.0,-793.85,0.0,6.8165,0.0,-793.85,0.0,6.8165,1.0,0.0,0.0,0.0,0.0
1258,671.92,778.9,45531.6,811.0,32.1,0.0717,3.1443,0.0,-778.9,0.0,6.8165,0.0,-778.9,0.0,6.8165,1.0,0.0,0.0,0.0,0.0
1259,672.21,793.25,45992.35,819.3,26.05,0.0576,3.2393,0.0,-793.25,0.0,6.8165,0.0,-793.25,0.0,6.8165,1.0,0.0,0.0,0.0,0.0
1260,672.5,785.25,45933.25,813.0,27.75,0.0615,3.2114,0.0,-785.25,0.0,6.8165,0.0,-785.25,0.0,6.8165,1.0,0.0,0.0,0.0,0.0
1261,672.79,792.85,46102.85,823.75,30.9,0.0682,3.1662,0.0,-792.85,0.0,6.8165,0.0,-792.85,0.0,6.8165,1.0,0.0,0.0,0.0,0.0
1262,673.08,792.85,46420.1,824.55,31.7,0.0695,3.1582,0.0,-792.85,0.0,6.8165,0.0,-792.85,0.0,6.8165,1.0,0.0,0.0,0.0,0.0
1263,673.37,791.9,46726.35,823.75,31.85,0.0693,3.159,0.0,-791.9,0.0,6.8165,0.0,-791.9,0.0,6.8165,1.0,0.0,0.0,0.0,0.0
1264,673.66,791.1,46382.2,815.2,24.1,0.0529,3.2769,0.0,-791.1,0.0,6.8165,0.0,-791.1,0.0,6.8165,1.0,0.0,0.0,0.0,0.0
1265,673.95,788.9,45163.9,815.7,26.8,0.0604,3.219,0.0,-788.9,0.0,6.8165,0.0,-788.9,0.0,6.8165,1.0,0.0,0.0,0.0,0.0
1266,674.24,785.0,44719.15,816.75,31.75,0.0723,3.1411,0.0,-785.0,0.0,6.8165,0.0,-785.0,0.0,6.8165,1.0,0.0,0.0,0.0,0.0
1267,674.53,778.35,45317.1,837.65,59.3,0.1331,2.8757,0.0,-778.35,0.0,6.8165,0.0,-778.35,0.0,6.8165,1.0,0.0,0.0,0.0,0.0
1268,674.82,796.3,46005.5,825.95,29.65,0.0656,3.1832,0.0,-796.3,0.0,6.8165,0.0,-796.3,0.0,6.8165,1.0,0.0,0.0,0.0,0.0
1269,675.11,798.15,46188.45,814.7,16.55,0.0365,3.4382,0.0,-798.15,0.0,6.8165,0.0,-798.15,0.0,6.8165,1.0,0.0,0.0,0.0,0.0
1270,675.4,780.55,45754.3,824.1,43.55,0.0968,3.014,0.0,-780.55,0.0,6.8165,0.0,-780.55,0.0,6.8165,1.0,0.0,0.0,0.0,0.0
1271,675.69,776.55,45814.1,815.35,38.8,0.0862,3.0647,0.0,-776.55,0.0,6.8165,0.0,-776.55,0.0,6.8165,1.0,0.0,0.0,0.0,0.0
1272,675.98,766.05,46198.75,829.8,63.75,0.1403,2.8529,0.0,-766.05,0.0,6.8165,0.0,-766.05,0.0,6.8165,1.0,0.0,0.0,0.0,0.0
1273,676.27,777.0,45572.3,833.3,56.3,0.1257,2.9007,0.0,-777.0,0.0,6.8165,0.0,-777.0,0.0,6.8165,1.0,0.0,0.0,0.0,0.0
1274,676.56,782.35,44953.9,839.85,57.5,0.1302,2.8855,0.0,-782.35,0.0,6.8165,0.0,-782.35,0.0,6.8165,1.0,0.0,0.0,0.0,0.0
1275,676.84,780.9,43956.35,824.1,43.2,0.1001,2.9998,0.0,-780.9,0.0,6.8165,0.0,-780.9,0.0,6.8165,1.0,0.0,0.0,0.0,0.0
1276,677.13,786.4,44522.05,815.7,29.3,0.067,3.174,0.0,-786.4,0.0,6.8165,0.0,-786.4,0.0,6.8165,1.0,0.0,0.0,0.0,0.0
1277,677.42,779.75,44787.05,825.55,45.8,0.1041,2.9827,0.0,-779.75,0.0,6.8165,0.0,-779.75,0.0,6.8165,1.0,0.0,0.0,0.0,0.0
1278,677.71,777.1,45050.75,813.6,36.5,0.0824,3.0839,0.0,-777.1,0.0,6.8165,0.0,-777.1,0.0,6.8165,1.0,0.0,0.0,0.0,0.0
1279,678.0,781.95,45283.8,831.0,49.05,0.1102,2.9577,0.0,-781.95,0.0,6.8165,0.0,-781.95,0.0,6.8165,1.0,0.0,0.0,0.0,0.0
1280,678.29,786.95,45976.45,828.85,41.9,0.0927,3.0328,0.0,-786.95,0.0,6.8165,0.0,-786.95,0.0,6.8165,1.0,0.0,0.0,0.0,0.0
1281,678.58,790.2,45483.1,818.7,28.5,0.0638,3.1954,0.0,-790.2,0.0,6.8165,0.0,-790.2,0.0,6.8165,1.0,0.0,0.0,0.0,0.0
1282,678.86,780.4,44532.4,821.95,41.55,0.095,3.0224,0.0,-780.4,0.0,6.8165,0.0,-780.4,0.0,6.8165,1.0,0.0,0.0,0.0,0.0
1283,679.15,771.45,44302.15,813.95,42.5,0.0976,3.0104,0.0,-771.45,0.0,6.8165,0.0,-771.45,0.0,6.8165,1.0,0.0,0.0,0.0,0.0
1284,679.44,799.75,44200.7,807.65,7.9,0.0182,3.7399,0.0,-799.75,0.0,6.8165,0.0,-799.75,0.0,6.8165,1.0,0.0,0.0,0.0,0.0
1285,679.73,782.0,43904.35,817.45,35.45,0.0822,3.0851,0.0,-782.0,0.0,6.8165,0.0,-782.0,0.0,6.8165,1.0,0.0,0.0,0.0,0.0
1286,680.01,801.9,43792.4,834.2,32.3,0.0751,3.1242,0.0,-801.9,0.0,6.8165,0.0,-801.9,0.0,6.8165,1.0,0.0,0.0,0.0,0.0
1287,680.3,787.25,44165.25,813.4,26.15,0.0603,3.2198,0.0,-787.25,0.0,6.8165,0.0,-787.25,0.0,6.8165,1.0,0.0,0.0,0.0,0.0
1288,680.59,788.6,44865.2,824.5,35.9,0.0814,3.0891,0.0,-788.6,0.0,6.8165,0.0,-788.6,0.0,6.8165,1.0,0.0,0.0,0.0,0.0
1289,680.88,779.2,44934.6,828.8,49.6,0.1123,2.9495,0.0,-779.2,0.0,6.8165,0.0,-779.2,0.0,6.8165,1.0,0.0,0.0,0.0,0.0
1290,681.16,794.15,45330.2,821.3,27.15,0.061,3.2149,0.0,-794.15,0.0,6.8165,0.0,-794.15,0.0,6.8165,1.0,0.0,0.0,0.0,0.0
1291,681.45,783.05,44977.95,832.45,49.4,0.1118,2.9516,0.0,-783.05,0.0,6.8165,0.0,-783.05,0.0,6.8165,1.0,0.0,0.0,0.0,0.0
1292,681.74,784.5,44516.65,832.9,48.4,0.1107,2.956,0.0,-784.5,0.0,6.8165,0.0,-784.5,0.0,6.8165,1.0,0.0,0.0,0.0,0.0
1293,682.02,775.3,44730.45,823.3,48.0,0.1092,2.9618,0.0,-775.3,0.0,6.8165,0.0,-775.3,0.0,6.8165,1.0,0.0,0.0,0.0,0.0
1294,682.31,789.65,44733.35,840.0,50.35,0.1146,2.9409,0.0,-789.65,0.0,6.8165,0.0,-789.65,0.0,6.8165,1.0,0.0,0.0,0.0,0.0
1295,682.6,789.8,45088.1,823.0,33.2,0.0749,3.1252,0.0,-789.8,0.0,6.8165,0.0,-789.8,0.0,6.8165,1.0,0.0,0.0,0.0,0.0
1296,682.88,789.65,46053.85,829.85,40.2,0.0888,3.0515,0.0,-789.65,0.0,6.8165,0.0,-789.65,0.0,6.8165,1.0,0.0,0.0,0.0,0.0
1297,683.17,807.65,46960.45,832.15,24.5,0.0531,3.275,0.0,-807.65,0.0,6.8165,0.0,-807.65,0.0,6.8165,1.0,0.0,0.0,0.0,0.0
1298,683.46,786.2,47184.35,823.15,36.95,0.0796,3.0989,0.0,-786.2,0.0,6.8165,0.0,-786.2,0.0,6.8165,1.0,0.0,0.0,0.0,0.0
1299,683.74,778.7,47297.05,825.4,46.7,0.1004,2.9983,0.0,-778.7,0.0,6.8165,0.0,-778.7,0.0,6.8165,1.0,0.0,0.0,0.0,0.0
1300,684.03,780.35,47247.15,813.65,33.3,0.0717,3.1447,0.0,-780.35,0.0,6.8165,0.0,-780.35,0.0,6.8165,1.0,0.0,0.0,0.0,0.0
1301,684.32,786.5,46374.2,817.8,31.3,0.0687,3.1633,0.0,-786.5,0.0,6.8165,0.0,-786.5,0.0,6.8165,1.0,0.0,0.0,0.0,0.0
1302,684.6,780.3,45931.85,821.65,41.35,0.0916,3.0382,0.0,-780.3,0.0,6.8165,0.0,-780.3,0.0,6.8165,1.0,0.0,0.0,0.0,0.0
1303,684.89,780.8,45478.2,827.2,46.4,0.1038,2.9838,0.0,-780.8,0.0,6.8165,0.0,-780.8,0.0,6.8165,1.0,0.0,0.0,0.0,0.0
1304,685.17,776.8,44783.5,811.75,34.95,0.0794,3.1001,0.0,-776.8,0.0,6.8165,0.0,-776.8,0.0,6.8165,1.0,0.0,0.0,0.0,0.0
1305,685.46,775.6,44653.85,821.45,45.85,0.1045,2.9809,0.0,-775.6,0.0,6.8165,0.0,-775.6,0.0,6.8165,1.0,0.0,0.0,0.0,0.0
1306,685.75,787.5,44481.05,807.6,20.1,0.046,3.3372,0.0,-787.5,0.0,6.8165,0.0,-787.5,0.0,6.8165,1.0,0.0,0.0,0.0,0.0
1307,686.03,789.2,44390.95,819.35,30.15,0.0691,3.1602,0.0,-789.2,0.0,6.8165,0.0,-789.2,0.0,6.8165,1.0,0.0,0.0,0.0,0.0
1308,686.32,789.4,43897.0,818.75,29.35,0.0681,3.1669,0.0,-789.4,0.0,6.8165,0.0,-789.4,0.0,6.8165,1.0,0.0,0.0,0.0,0.0
1309,686.6,788.3,44128.65,817.75,29.45,0.068,3.1678,0.0,-788.3,0.0,6.8165,0.0,-788.3,0.0,6.8165,1.0,0.0,0.0,0.0,0.0
1310,686.89,792.1,44252.3,815.4,23.3,0.0536,3.2707,0.0,-792.1,0.0,6.8165,0.0,-792.1,0.0,6.8165,1.0,0.0,0.0,0.0,0.0
1311,687.17,794.15,44247.15,830.75,36.6,0.0842,3.0745,0.0,-794.15,0.0,6.8165,0.0,-794.15,0.0,6.8165,1.0,0.0,0.0,0.0,0.0
1312,687.46,775.9,44860.35,810.6,34.7,0.0787,3.104,0.0,-775.9,0.0,6.8165,0.0,-775.9,0.0,6.8165,1.0,0.0,0.0,0.0,0.0
1313,687.74,787.2,44469.95,816.6,29.4,0.0673,3.172,0.0,-787.2,0.0,6.8165,0.0,-787.2,0.0,6.8165,1.0,0.0,0.0,0.0,0.0
1314,688.03,785.35,43861.35,814.3,28.95,0.0672,3.1726,0.0,-785.35,0.0,6.8165,0.0,-785.35,0.0,6.8165,1.0,0.0,0.0,0.0,0.0
1315,688.31,796.2,43356.95,833.2,37.0,0.0869,3.0608,0.0,-796.2,0.0,6.8165,0.0,-796.2,0.0,6.8165,1.0,0.0,0.0,0.0,0.0
1316,688.6,786.35,42588.45,829.0,42.65,0.102,2.9913,0.0,-786.35,0.0,6.8165,0.0,-786.35,0.0,6.8165,1.0,0.0,0.0,0.0,0.0
1317,688.88,778.95,42617.75,818.65,39.7,0.0949,3.0228,0.0,-778.95,0.0,6.8165,0.0,-778.95,0.0,6.8165,1.0,0.0,0.0,0.0,0.0
1318,689.17,777.85,42765.9,817.6,39.75,0.0947,3.0238,0.0,-777.85,0.0,6.8165,0.0,-777.85,0.0,6.8165,1.0,0.0,0.0,0.0,0.0
1319,689.45,791.3,43087.95,818.15,26.85,0.0635,3.1974,0.0,-791.3,0.0,6.8165,0.0,-791.3,0.0,6.8165,1.0,0.0,0.0,0.0,0.0
1320,689.73,795.05,42746.05,810.85,15.8,0.0377,3.4241,0.0,-795.05,0.0,6.8165,0.0,-795.05,0.0,6.8165,1.0,0.0,0.0,0.0,0.0
1321,690.02,790.95,42847.2,813.5,22.55,0.0536,3.2707,0.0,-790.95,0.0,6.8165,0.0,-790.95,0.0,6.8165,1.0,0.0,0.0,0.0,0.0
1322,690.3,774.4,42467.2,831.2,56.8,0.1362,2.8657,0.0,-774.4,0.0,6.8165,0.0,-774.4,0.0,6.8165,1.0,0.0,0.0,0.0,0.0
1323,690.59,783.35,42860.3,823.15,39.8,0.0946,3.0242,0.0,-783.35,0.0,6.8165,0.0,-783.35,0.0,6.8165,1.0,0.0,0.0,0.0,0.0
1324,690.87,772.8,42406.6,828.85,56.05,0.1346,2.8709,0.0,-772.8,0.0,6.8165,0.0,-772.8,0.0,6.8165,1.0,0.0,0.0,0.0,0.0
1325,691.15,790.5,41654.1,833.4,42.9,0.105,2.9789,0.0,-790.5,0.0,6.8165,0.0,-790.5,0.0,6.8165,1.0,0.0,0.0,0.0,0.0
1326,691.44,783.55,41577.9,822.45,38.9,0.0954,3.0207,0.0,-783.55,0.0,6.8165,0.0,-783.55,0.0,6.8165,1.0,0.0,0.0,0.0,0.0
1327,691.72,799.1,40962.15,815.55,16.45,0.041,3.3877,0.0,-799.1,0.0,6.8165,0.0,-799.1,0.0,6.8165,1.0,0.0,0.0,0.0,0.0
1328,692.01,778.6,41072.35,816.0,37.4,0.0928,3.0324,0.0,-778.6,0.0,6.8165,0.0,-778.6,0.0,6.8165,1.0,0.0,0.0,0.0,0.0
1329,692.29,778.3,40078.0,822.4,44.1,0.1122,2.95,0.0,-778.3,0.0,6.8165,0.0,-778.3,0.0,6.8165,1.0,0.0,0.0,0.0,0.0
1330,692.57,774.55,39959.1,828.65,54.1,0.1381,2.8599,0.0,-774.55,0.0,6.8165,0.0,-774.55,0.0,6.8165,1.0,0.0,0.0,0.0,0.0
1331,692.86,783.25,39474.5,820.3,37.05,0.0958,3.0188,0.0,-783.25,0.0,6.8165,0.0,-783.25,0.0,6.8165,1.0,0.0,0.0,0.0,0.0
1332,693.14,774.5,39277.1,824.05,49.55,0.1287,2.8904,0.0,-774.5,0.0,6.8165,0.0,-774.5,0.0,6.8165,1.0,0.0,0.0,0.0,0.0
1333,693.42,786.8,39272.1,812.2,25.4,0.066,3.1805,0.0,-786.8,0.0,6.8165,0.0,-786.8,0.0,6.8165,1.0,0.0,0.0,0.0,0.0
1334,693.7,778.45,39026.05,807.2,28.75,0.0752,3.124,0.0,-778.45,0.0,6.8165,0.0,-778.45,0.0,6.8165,1.0,0.0,0.0,0.0,0.0
1335,693.99,772.05,39206.75,817.15,45.1,0.1173,2.9305,0.0,-772.05,0.0,6.8165,0.0,-772.05,0.0,6.8165,1.0,0.0,0.0,0.0,0.0
1336,694.27,786.85,38896.65,807.75,20.9,0.0548,3.2609,0.0,-786.85,0.0,6.8165,0.0,-786.85,0.0,6.8165,1.0,0.0,0.0,0.0,0.0
1337,694.55,790.95,38900.2,810.9,19.95,0.0523,3.2811,0.0,-790.95,0.0,6.8165,0.0,-790.95,0.0,6.8165,1.0,0.0,0.0,0.0,0.0
1338,694.84,783.15,38402.5,807.05,23.9,0.0635,3.197,0.0,-783.15,0.0,6.8165,0.0,-783.15,0.0,6.8165,1.0,0.0,0.0,0.0,0.0
1339,695.12,783.1,38071.3,801.25,18.15,0.0487,3.3127,0.0,-783.1,0.0,6.8165,0.0,-783.1,0.0,6.8165,1.0,0.0,0.0,0.0,0.0
1340,695.4,787.4,37423.7,809.65,22.25,0.0607,3.2166,0.0,-787.4,0.0,6.8165,0.0,-787.4,0.0,6.8165,1.0,0.0,0.0,0.0,0.0
1341,695.68,784.65,37212.5,806.95,22.3,0.0612,3.2131,0.0,-784.65,0.0,6.8165,0.0,-784.65,0.0,6.8165,1.0,0.0,0.0,0.0,0.0
1342,695.96,785.3,36897.15,811.45,26.15,0.0724,3.1402,0.0,-785.3,0.0,6.8165,0.0,-785.3,0.0,6.8165,1.0,0.0,0.0,0.0,0.0
1343,696.25,787.4,36485.55,796.85,9.45,0.0265,3.5772,0.0,-787.4,0.0,6.8165,0.0,-787.4,0.0,6.8165,1.0,0.0,0.0,0.0,0.0
1344,696.53,784.1,36269.55,811.35,27.25,0.0768,3.1147,0.0,-784.1,0.0,6.8165,0.0,-784.1,0.0,6.8165,1.0,0.0,0.0,0.0,0.0
1345,696.81,794.65,36055.55,808.45,13.8,0.0391,3.4074,0.0,-794.65,0.0,6.8165,0.0,-794.65,0.0,6.8165,1.0,0.0,0.0,0.0,0.0
1346,697.09,790.65,36594.85,801.45,10.8,0.0302,3.5205,0.0,-790.65,0.0,6.8165,0.0,-790.65,0.0,6.8165,1.0,0.0,0.0,0.0,0.0
1347,697.37,787.6,36601.65,806.3,18.7,0.0522,3.2822,0.0,-787.6,0.0,6.8165,0.0,-787.6,0.0,6.8165,1.0,0.0,0.0,0.0,0.0
1348,697.65,791.25,36166.8,825.25,34.0,0.0961,3.0172,0.0,-791.25,0.0,6.8165,0.0,-791.25,0.0,6.8165,1.0,0.0,0.0,0.0,0.0
1349,697.94,777.75,35044.6,807.3,29.55,0.0862,3.0643,0.0,-777.75,0.0,6.8165,0.0,-777.75,0.0,6.8165,1.0,0.0,0.0,0.0,0.0
1350,698.22,781.75,34168.15,808.45,26.7,0.08,3.0971,0.0,-781.75,0.0,6.8165,0.0,-781.75,0.0,6.8165,1.0,0.0,0.0,0.0,0.0
1351,698.5,774.7,34293.4,821.2,46.5,0.1387,2.8578,0.0,-774.7,0.0,6.8165,0.0,-774.7,0.0,6.8165,1.0,0.0,0.0,0.0,0.0
1352,698.78,782.3,34521.3,829.4,47.1,0.1396,2.8551,0.0,-782.3,0.0,6.8165,0.0,-782.3,0.0,6.8165,1.0,0.0,0.0,0.0,0.0
1353,699.06,783.4,34581.65,816.95,33.55,0.0993,3.0032,0.0,-783.4,0.0,6.8165,0.0,-783.4,0.0,6.8165,1.0,0.0,0.0,0.0,0.0
1354,699.34,796.05,34614.3,813.85,17.8,0.0526,3.2787,0.0,-796.05,0.0,6.8165,0.0,-796.05,0.0,6.8165,1.0,0.0,0.0,0.0,0.0
1355,699.62,790.45,34599.3,822.55,32.1,0.0949,3.0225,0.0,-790.45,0.0,6.8165,0.0,-790.45,0.0,6.8165,1.0,0.0,0.0,0.0,0.0
1356,699.9,792.05,34333.4,803.55,11.5,0.0343,3.4649,0.0,-792.05,0.0,6.8165,0.0,-792.05,0.0,6.8165,1.0,0.0,0.0,0.0,0.0
1357,700.18,792.75,33633.2,812.95,20.2,0.0615,3.2111,0.0,-792.75,0.0,6.8165,0.0,-792.75,0.0,6.8165,1.0,0.0,0.0,0.0,0.0
1358,700.46,785.85,33384.15,810.45,24.6,0.0755,3.1223,0.0,-785.85,0.0,6.8165,0.0,-785.85,0.0,6.8165,1.0,0.0,0.0,0.0,0.0
1359,700.74,779.0,33181.8,811.0,32.0,0.0988,3.0054,0.0,-779.0,0.0,6.8165,0.0,-779.0,0.0,6.8165,1.0,0.0,0.0,0.0,0.0
1360,701.03,779.0,32788.2,816.15,37.15,0.1161,2.9353,0.0,-779.0,0.0,6.8165,0.0,-779.0,0.0,6.8165,1.0,0.0,0.0,0.0,0.0
1361,701.31,762.8,32553.85,805.55,42.75,0.1345,2.8714,0.0,-762.8,0.0,6.8165,0.0,-762.8,0.0,6.8165,1.0,0.0,0.0,0.0,0.0
1362,701.59,792.85,32508.0,813.2,20.35,0.0642,3.1927,0.0,-792.85,0.0,6.8165,0.0,-792.85,0.0,6.8165,1.0,0.0,0.0,0.0,0.0
1363,701.87,778.7,31740.0,806.25,27.55,0.089,3.0507,0.0,-778.7,0.0,6.8165,0.0,-778.7,0.0,6.8165,1.0,0.0,0.0,0.0,0.0
1364,702.15,800.4,31617.05,814.05,13.65,0.0443,3.3537,0.0,-800.4,0.0,6.8165,0.0,-800.4,0.0,6.8165,1.0,0.0,0.0,0.0,0.0
1365,702.43,797.25,31871.0,831.0,33.75,0.1086,2.9641,0.0,-797.25,0.0,6.8165,0.0,-797.25,0.0,6.8165,1.0,0.0,0.0,0.0,0.0
1366,702.71,785.95,31370.2,806.4,20.45,0.0669,3.1748,0.0,-785.95,0.0,6.8165,0.0,-785.95,0.0,6.8165,1.0,0.0,0.0,0.0,0.0
1367,702.98,762.85,31145.9,818.7,55.85,0.1838,2.7356,0.0,-762.85,0.0,6.8165,0.0,-762.85,0.0,6.8165,1.0,0.0,0.0,0.0,0.0
1368,703.26,778.05,30898.1,814.4,36.35,0.1207,2.9184,0.0,-778.05,0.0,6.8165,0.0,-778.05,0.0,6.8165,1.0,0.0,0.0,0.0,0.0
1369,703.54,783.6,30339.85,822.05,38.45,0.1301,2.8858,0.0,-783.6,0.0,6.8165,0.0,-783.6,0.0,6.8165,1.0,0.0,0.0,0.0,0.0
1370,703.82,785.4,30354.55,811.75,26.35,0.0891,3.0501,0.0,-785.4,0.0,6.8165,0.0,-785.4,0.0,6.8165,1.0,0.0,0.0,0.0,0.0
1371,704.1,793.2,29885.3,803.4,10.2,0.0351,3.4552,0.0,-793.2,0.0,6.8165,0.0,-793.2,0.0,6.8165,1.0,0.0,0.0,0.0,0.0
1372,704.38,790.35,29406.75,810.6,20.25,0.0708,3.1502,0.0,-790.35,0.0,6.8165,0.0,-790.35,0.0,6.8165,1.0,0.0,0.0,0.0,0.0
1373,704.66,793.6,30034.0,811.7,18.1,0.0619,3.2083,0.0,-793.6,0.0,6.8165,0.0,-793.6,0.0,6.8165,1.0,0.0,0.0,0.0,0.0
1374,704.94,788.9,29650.85,812.85,23.95,0.083,3.081,0.0,-788.9,0.0,6.8165,0.0,-788.9,0.0,6.8165,1.0,0.0,0.0,0.0,0.0
1375,705.22,787.2,29214.9,792.7,5.5,0.0193,3.7134,0.0,-787.2,0.0,6.8165,0.0,-787.2,0.0,6.8165,1.0,0.0,0.0,0.0,0.0
1376,705.5,790.6,28766.75,817.8,27.2,0.0972,3.0122,0.0,-790.6,0.0,6.8165,0.0,-790.6,0.0,6.8165,1.0,0.0,0.0,0.0,0.0
1377,705.78,786.75,28572.8,822.95,36.2,0.1303,2.8851,0.0,-786.75,0.0,6.8165,0.0,-786.75,0.0,6.8165,1.0,0.0,0.0,0.0,0.0
1378,706.05,785.2,28493.75,816.35,31.15,0.1124,2.9492,0.0,-785.2,0.0,6.8165,0.0,-785.2,0.0,6.8165,1.0,0.0,0.0,0.0,0.0
1379,706.33,790.25,28618.15,808.25,18.0,0.0647,3.1892,0.0,-790.25,0.0,6.8165,0.0,-790.25,0.0,6.8165,1.0,0.0,0.0,0.0,0.0
1380,706.61,782.4,28640.6,808.3,25.9,0.093,3.0317,0.0,-782.4,0.0,6.8165,0.0,-782.4,0.0,6.8165,1.0,0.0,0.0,0.0,0.0
1381,706.89,773.5,28271.25,818.0,44.5,0.1618,2.7909,0.0,-773.5,0.0,6.8165,0.0,-773.5,0.0,6.8165,1.0,0.0,0.0,0.0,0.0
1382,707.17,772.45,28197.5,800.6,28.15,0.1026,2.9887,0.0,-772.45,0.0,6.8165,0.0,-772.45,0.0,6.8165,1.0,0.0,0.0,0.0,0.0
1383,707.45,788.25,27661.25,808.2,19.95,0.0742,3.1294,0.0,-788.25,0.0,6.8165,0.0,-788.25,0.0,6.8165,1.0,0.0,0.0,0.0,0.0
1384,707.72,791.1,27186.95,798.45,7.35,0.0278,3.5552,0.0,-791.1,0.0,6.8165,0.0,-791.1,0.0,6.8165,1.0,0.0,0.0,0.0,0.0
1385,708.0,776.7,26922.75,806.5,29.8,0.114,2.9432,0.0,-776.7,0.0,6.8165,0.0,-776.7,0.0,6.8165,1.0,0.0,0.0,0.0,0.0
1386,708.28,786.25,26808.25,809.85,23.6,0.0907,3.0424,0.0,-786.25,0.0,6.8165,0.0,-786.25,0.0,6.8165,1.0,0.0,0.0,0.0,0.0
1387,708.56,782.7,26681.2,795.5,12.8,0.0494,3.3061,0.0,-782.7,0.0,6.8165,0.0,-782.7,0.0,6.8165,1.0,0.0,0.0,0.0,0.0
1388,708.83,789.9,26859.75,810.15,20.25,0.0777,3.1097,0.0,-789.9,0.0,6.8165,0.0,-789.9,0.0,6.8165,1.0,0.0,0.0,0.0,0.0
1389,709.11,780.3,26532.1,803.0,22.7,0.0881,3.0548,0.0,-780.3,0.0,6.8165,0.0,-780.3,0.0,6.8165,1.0,0.0,0.0,0.0,0.0
1390,709.39,789.4,26505.7,798.2,8.8,0.0342,3.4657,0.0,-789.4,0.0,6.8165,0.0,-789.4,0.0,6.8165,1.0,0.0,0.0,0.0,0.0
1391,709.67,779.45,26616.85,816.7,37.25,0.1442,2.8411,0.0,-779.45,0.0,6.8165,0.0,-779.45,0.0,6.8165,1.0,0.0,0.0,0.0,0.0
1392,709.94,784.25,26140.65,801.7,17.45,0.0688,3.1623,0.0,-784.25,0.0,6.8165,0.0,-784.25,0.0,6.8165,1.0,0.0,0.0,0.0,0.0
1393,710.22,781.55,25727.75,804.6,23.05,0.0924,3.0343,0.0,-781.55,0.0,6.8165,0.0,-781.55,0.0,6.8165,1.0,0.0,0.0,0.0,0.0
1394,710.5,780.6,25320.9,808.05,27.45,0.1119,2.9513,0.0,-780.6,0.0,6.8165,0.0,-780.6,0.0,6.8165,1.0,0.0,0.0,0.0,0.0
1395,710.77,795.8,25144.45,797.8,2.0,0.0082,4.0854,0.0,-795.8,0.0,6.8165,0.0,-795.8,0.0,6.8165,1.0,0.0,0.0,0.0,0.0
1396,711.05,785.2,25004.85,791.75,6.55,0.027,3.5679,0.0,-785.2,0.0,6.8165,0.0,-785.2,0.0,6.8165,1.0,0.0,0.0,0.0,0.0
1397,711.33,792.65,24759.5,808.1,15.45,0.0645,3.1907,0.0,-792.65,0.0,6.8165,0.0,-792.65,0.0,6.8165,1.0,0.0,0.0,0.0,0.0
1398,711.6,771.25,24643.65,805.75,34.5,0.1445,2.8401,0.0,-771.25,0.0,6.8165,0.0,-771.25,0.0,6.8165,1.0,0.0,0.0,0.0,0.0
1399,711.88,774.15,24998.8,810.7,36.55,0.1509,2.8214,0.0,-774.15,0.0,6.8165,0.0,-774.15,0.0,6.8165,1.0,0.0,0.0,0.0,0.0
1400,712.16,782.8,25126.65,806.4,23.6,0.0969,3.0135,0.0,-782.8,0.0,6.8165,0.0,-782.8,0.0,6.8165,1.0,0.0,0.0,0.0,0.0
1401,712.43,787.15,24885.1,807.15,20.0,0.083,3.081,0.0,-787.15,0.0,6.8165,0.0,-787.15,0.0,6.8165,1.0,0.0,0.0,0.0,0.0
1402,712.71,785.85,24794.2,812.8,26.95,0.1123,2.9498,0.0,-785.85,0.0,6.8165,0.0,-785.85,0.0,6.8165,1.0,0.0,0.0,0.0,0.0
1403,712.99,782.7,24423.15,793.4,10.7,0.0453,3.3443,0.0,-782.7,0.0,6.8165,0.0,-782.7,0.0,6.8165,1.0,0.0,0.0,0.0,0.0
1404,713.26,786.9,24054.45,802.2,15.3,0.0658,3.1821,0.0,-786.9,0.0,6.8165,0.0,-786.9,0.0,6.8165,1.0,0.0,0.0,0.0,0.0
1405,713.54,799.8,23933.65,808.45,8.65,0.0374,3.4272,0.0,-799.8,0.0,6.8165,0.0,-799.8,0.0,6.8165,1.0,0.0,0.0,0.0,0.0
1406,713.81,792.35,24155.55,804.55,12.2,0.0522,3.2822,0.0,-792.35,0.0,6.8165,0.0,-792.35,0.0,6.8165,1.0,0.0,0.0,0.0,0.0
1407,714.09,782.8,23886.75,802.75,19.95,0.0863,3.0637,0.0,-782.8,0.0,6.8165,0.0,-782.8,0.0,6.8165,1.0,0.0,0.0,0.0,0.0
1408,714.36,782.0,23186.7,799.9,17.9,0.0799,3.0975,0.0,-782.0,0.0,6.8165,0.0,-782.0,0.0,6.8165,1.0,0.0,0.0,0.0,0.0
1409,714.64,789.65,22727.9,801.2,11.55,0.0526,3.2786,0.0,-789.65,0.0,6.8165,0.0,-789.65,0.0,6.8165,1.0,0.0,0.0,0.0,0.0
1410,714.92,787.6,22316.1,805.75,18.15,0.0843,3.0741,0.0,-787.6,0.0,6.8165,0.0,-787.6,0.0,6.8165,1.0,0.0,0.0,0.0,0.0
1411,715.19,784.4,22300.2,822.3,37.9,0.1761,2.7541,0.0,-784.4,0.0,6.8165,0.0,-784.4,0.0,6.8165,1.0,0.0,0.0,0.0,0.0
1412,715.47,784.65,21982.25,811.35,26.7,0.126,2.8998,0.0,-784.65,0.0,6.8165,0.0,-784.65,0.0,6.8165,1.0,0.0,0.0,0.0,0.0
1413,715.74,785.25,21654.0,807.25,22.0,0.1054,2.9771,0.0,-785.25,0.0,6.8165,0.0,-785.25,0.0,6.8165,1.0,0.0,0.0,0.0,0.0
1414,716.02,793.7,21396.0,817.6,23.9,0.116,2.9355,0.0,-793.7,0.0,6.8165,0.0,-793.7,0.0,6.8165,1.0,0.0,0.0,0.0,0.0
1415,716.29,780.4,21111.7,807.35,26.95,0.1326,2.8776,0.0,-780.4,0.0,6.8165,0.0,-780.4,0.0,6.8165,1.0,0.0,0.0,0.0,0.0
1416,716.57,776.3,20836.85,815.3,39.0,0.1944,2.7113,0.0,-776.3,0.0,6.8165,0.0,-776.3,0.0,6.8165,1.0,0.0,0.0,0.0,0.0
1417,716.84,776.05,20587.4,809.6,33.55,0.1693,2.7712,0.0,-776.05,0.0,6.8165,0.0,-776.05,0.0,6.8165,1.0,0.0,0.0,0.0,0.0
1418,717.12,786.5,20192.55,815.35,28.85,0.1487,2.8278,0.0,-786.5,0.0,6.8165,0.0,-786.5,0.0,6.8165,1.0,0.0,0.0,0.0,0.0
1419,717.39,781.2,20001.15,799.55,18.35,0.0955,3.0201,0.0,-781.2,0.0,6.8165,0.0,-781.2,0.0,6.8165,1.0,0.0,0.0,0.0,0.0
1420,717.66,784.15,19886.0,795.8,11.65,0.061,3.2147,0.0,-784.15,0.0,6.8165,0.0,-784.15,0.0,6.8165,1.0,0.0,0.0,0.0,0.0
1421,717.94,770.0,19646.5,811.85,41.85,0.2217,2.6542,0.0,-770.0,0.0,6.8165,0.0,-770.0,0.0,6.8165,1.0,0.0,0.0,0.0,0.0
1422,718.21,790.2,19218.9,803.8,13.6,0.0738,3.132,0.0,-790.2,0.0,6.8165,0.0,-790.2,0.0,6.8165,1.0,0.0,0.0,0.0,0.0
1423,718.49,789.0,18676.5,818.85,29.85,0.1669,2.7776,0.0,-789.0,0.0,6.8165,0.0,-789.0,0.0,6.8165,1.0,0.0,0.0,0.0,0.0
1424,718.76,780.15,18406.7,817.35,37.2,0.211,2.6756,0.0,-780.15,0.0,6.8165,0.0,-780.15,0.0,6.8165,1.0,0.0,0.0,0.0,0.0
1425,719.03,770.85,18142.5,818.8,47.95,0.276,2.5591,0.0,-770.85,0.0,6.8165,0.0,-770.85,0.0,6.8165,1.0,0.0,0.0,0.0,0.0
1426,719.31,771.2,17860.7,814.1,42.9,0.251,2.6003,0.0,-771.2,0.0,6.8165,0.0,-771.2,0.0,6.8165,1.0,0.0,0.0,0.0,0.0
1427,719.58,782.4,17865.25,805.45,23.05,0.1349,2.8699,0.0,-782.4,0.0,6.8165,0.0,-782.4,0.0,6.8165,1.0,0.0,0.0,0.0,0.0
1428,719.86,780.4,17413.15,810.85,30.45,0.1831,2.7374,0.0,-780.4,0.0,6.8165,0.0,-780.4,0.0,6.8165,1.0,0.0,0.0,0.0,0.0
1429,720.13,791.05,17349.75,800.35,9.3,0.0562,3.2505,0.0,-791.05,0.0,6.8165,0.0,-791.05,0.0,6.8165,1.0,0.0,0.0,0.0,0.0
1430,720.4,769.6,17211.15,790.4,20.8,0.1265,2.8979,0.0,-769.6,0.0,6.8165,0.0,-769.6,0.0,6.8165,1.0,0.0,0.0,0.0,0.0
1431,720.68,793.8,16996.6,790.4,-3.4,0.0,6.8165,0.0,-793.8,0.0,6.8165,0.0,-793.8,0.0,6.8165,1.0,0.0,0.0,0.0,0.0
1432,720.95,786.05,16672.0,807.1,21.05,0.1325,2.8778,0.0,-786.05,0.0,6.8165,0.0,-786.05,0.0,6.8165,1.0,0.0,0.0,0.0,0.0
1433,721.22,785.35,16462.0,806.75,21.4,0.1365,2.8648,0.0,-785.35,0.0,6.8165,0.0,-785.35,0.0,6.8165,1.0,0.0,0.0,0.0,0.0
1434,721.5,785.5,15812.8,806.6,21.1,0.1404,2.8526,0.0,-785.5,0.0,6.8165,0.0,-785.5,0.0,6.8165,1.0,0.0,0.0,0.0,0.0
1435,721.77,781.2,15524.55,811.25,30.05,0.2038,2.6908,0.0,-781.2,0.0,6.8165,0.0,-781.2,0.0,6.8165,1.0,0.0,0.0,0.0,0.0
1436,722.04,788.8,15126.1,799.1,10.3,0.0718,3.1436,0.0,-788.8,0.0,6.8165,0.0,-788.8,0.0,6.8165,1.0,0.0,0.0,0.0,0.0
1437,722.31,794.0,14741.65,789.0,-5.0,0.0,6.8165,0.0,-794.0,0.0,6.8165,0.0,-794.0,0.0,6.8165,1.0,0.0,0.0,0.0,0.0
1438,722.59,793.4,14505.95,794.2,0.8,0.0058,4.234,0.0,-793.4,0.0,6.8165,0.0,-793.4,0.0,6.8165,1.0,0.0,0.0,0.0,0.0
1439,722.86,797.75,14350.8,802.25,4.5,0.0332,3.4788,0.0,-797.75,0.0,6.8165,0.0,-797.75,0.0,6.8165,1.0,0.0,0.0,0.0,0.0
1440,723.13,785.6,14153.85,802.8,17.2,0.1287,2.8905,0.0,-785.6,0.0,6.8165,0.0,-785.6,0.0,6.8165,1.0,0.0,0.0,0.0,0.0
1441,723.4,795.9,14227.2,797.4,1.5,0.0112,3.952,0.0,-795.9,0.0,6.8165,0.0,-795.9,0.0,6.8165,1.0,0.0,0.0,0.0,0.0
1442,723.68,786.45,14100.55,807.0,20.55,0.1543,2.8115,0.0,-786.45,0.0,6.8165,0.0,-786.45,0.0,6.8165,1.0,0.0,0.0,0.0,0.0
1443,723.95,799.5,13682.7,801.15,1.65,0.0128,3.8925,0.0,-799.5,0.0,6.8165,0.0,-799.5,0.0,6.8165,1.0,0.0,0.0,0.0,0.0
1444,724.22,773.25,13374.45,806.2,32.95,0.2615,2.5826,0.0,-773.25,0.0,6.8165,0.0,-773.25,0.0,6.8165,1.0,0.0,0.0,0.0,0.0
1445,724.49,776.1,13356.15,814.7,38.6,0.3068,2.5131,0.0,-776.1,0.0,6.8165,0.0,-776.1,0.0,6.8165,1.0,0.0,0.0,0.0,0.0
1446,724.76,781.9,13117.6,803.85,21.95,0.1779,2.7497,0.0,-781.9,0.0,6.8165,0.0,-781.9,0.0,6.8165,1.0,0.0,0.0,0.0,0.0
1447,725.04,795.55,12911.45,800.8,5.25,0.0433,3.3632,0.0,-795.55,0.0,6.8165,0.0,-795.55,0.0,6.8165,1.0,0.0,0.0,0.0,0.0
1448,725.31,776.5,12631.4,787.0,10.5,0.0886,3.0527,0.0,-776.5,0.0,6.8165,0.0,-776.5,0.0,6.8165,1.0,0.0,0.0,0.0,0.0
1449,725.58,784.45,12455.3,805.75,21.3,0.1825,2.7387,0.0,-784.45,0.0,6.8165,0.0,-784.45,0.0,6.8165,1.0,0.0,0.0,0.0,0.0
1450,725.85,778.5,12313.3,813.25,34.75,0.3013,2.5211,0.0,-778.5,0.0,6.8165,0.0,-778.5,0.0,6.8165,1.0,0.0,0.0,0.0,0.0
1451,726.12,780.05,12109.8,822.35,42.3,0.3734,2.4279,0.0,-780.05,0.0,6.8165,0.0,-780.05,0.0,6.8165,1.0,0.0,0.0,0.0,0.0
1452,726.39,774.4,11945.15,804.5,30.1,0.2695,2.5695,0.0,-774.4,0.0,6.8165,0.0,-774.4,0.0,6.8165,1.0,0.0,0.0,0.0,0.0
1453,726.66,783.15,11726.95,802.2,19.05,0.1741,2.7593,0.0,-783.15,0.0,6.8165,0.0,-783.15,0.0,6.8165,1.0,0.0,0.0,0.0,0.0
1454,726.93,784.7,11657.55,807.85,23.15,0.2129,2.6718,0.0,-784.7,0.0,6.8165,0.0,-784.7,0.0,6.8165,1.0,0.0,0.0,0.0,0.0
1455,727.21,798.6,11754.1,788.8,-9.8,0.0,6.8165,0.0,-798.6,0.0,6.8165,0.0,-798.6,0.0,6.8165,1.0,0.0,0.0,0.0,0.0
1456,727.48,783.9,11635.95,790.3,6.4,0.059,3.2293,0.0,-783.9,0.0,6.8165,0.0,-783.9,0.0,6.8165,1.0,0.0,0.0,0.0,0.0
1457,727.75,773.65,11585.85,789.85,16.2,0.1498,2.8244,0.0,-773.65,0.0,6.8165,0.0,-773.65,0.0,6.8165,1.0,0.0,0.0,0.0,0.0
1458,728.02,775.4,11221.25,795.6,20.2,0.1934,2.7136,0.0,-775.4,0.0,6.8165,0.0,-775.4,0.0,6.8165,1.0,0.0,0.0,0.0,0.0
1459,728.29,782.75,11250.95,796.95,14.2,0.1356,2.8676,0.0,-782.75,0.0,6.8165,0.0,-782.75,0.0,6.8165,1.0,0.0,0.0,0.0,0.0
1460,728.56,781.5,10984.1,806.45,24.95,0.2445,2.6116,0.0,-781.5,0.0,6.8165,0.0,-781.5,0.0,6.8165,1.0,0.0,0.0,0.0,0.0
1461,728.83,782.45,10919.0,796.55,14.1,0.1391,2.8567,0.0,-782.45,0.0,6.8165,0.0,-782.45,0.0,6.8165,1.0,0.0,0.0,0.0,0.0
1462,729.1,788.4,10834.8,800.75,12.35,0.1229,2.9103,0.0,-788.4,0.0,6.8165,0.0,-788.4,0.0,6.8165,1.0,0.0,0.0,0.0,0.0
1463,729.37,787.7,10895.55,794.85,7.15,0.0707,3.1504,0.0,-787.7,0.0,6.8165,0.0,-787.7,0.0,6.8165,1.0,0.0,0.0,0.0,0.0
1464,729.64,783.25,10890.1,798.1,14.85,0.1469,2.8329,0.0,-783.25,0.0,6.8165,0.0,-783.25,0.0,6.8165,1.0,0.0,0.0,0.0,0.0
1465,729.91,777.85,10854.65,798.3,20.45,0.2029,2.6926,0.0,-777.85,0.0,6.8165,0.0,-777.85,0.0,6.8165,1.0,0.0,0.0,0.0,0.0
1466,730.18,813.05,10819.15,797.95,-15.1,0.0,6.8165,0.0,-813.05,0.0,6.8165,0.0,-813.05,0.0,6.8165,1.0,0.0,0.0,0.0,0.0
1467,730.45,793.65,10552.25,797.2,3.55,0.0364,3.4392,0.0,-793.65,0.0,6.8165,0.0,-793.65,0.0,6.8165,1.0,0.0,0.0,0.0,0.0
1468,730.72,800.5,10461.5,802.9,2.4,0.0248,3.6048,0.0,-800.5,0.0,6.8165,0.0,-800.5,0.0,6.8165,1.0,0.0,0.0,0.0,0.0
1469,730.99,790.1,10368.95,802.5,12.4,0.1295,2.8879,0.0,-790.1,0.0,6.8165,0.0,-790.1,0.0,6.8165,1.0,0.0,0.0,0.0,0.0
1470,731.26,790.85,10248.55,800.5,9.65,0.102,2.9913,0.0,-790.85,0.0,6.8165,0.0,-790.85,0.0,6.8165,1.0,0.0,0.0,0.0,0.0
1471,731.53,773.5,10205.15,793.1,19.6,0.2078,2.6823,0.0,-773.5,0.0,6.8165,0.0,-773.5,0.0,6.8165,1.0,0.0,0.0,0.0,0.0
1472,731.8,786.1,10310.45,796.15,10.05,0.1055,2.9767,0.0,-786.1,0.0,6.8165,0.0,-786.1,0.0,6.8165,1.0,0.0,0.0,0.0,0.0
1473,732.06,792.25,10180.1,802.25,10.0,0.1065,2.9726,0.0,-792.25,0.0,6.8165,0.0,-792.25,0.0,6.8165,1.0,0.0,0.0,0.0,0.0
1474,732.33,779.3,10331.2,800.0,20.7,0.2167,2.6641,0.0,-779.3,0.0,6.8165,0.0,-779.3,0.0,6.8165,1.0,0.0,0.0,0.0,0.0
1475,732.6,770.8,10155.2,800.4,29.6,0.3154,2.5011,0.0,-770.8,0.0,6.8165,0.0,-770.8,0.0,6.8165,1.0,0.0,0.0,0.0,0.0
1476,732.87,785.85,10132.75,812.8,26.95,0.2883,2.5401,0.0,-785.85,0.0,6.8165,0.0,-785.85,0.0,6.8165,1.0,0.0,0.0,0.0,0.0
1477,733.14,774.25,10116.3,804.95,30.7,0.3286,2.4833,0.0,-774.25,0.0,6.8165,0.0,-774.25,0.0,6.8165,1.0,0.0,0.0,0.0,0.0
1478,733.41,779.35,10099.0,804.15,24.8,0.2661,2.5749,0.0,-779.35,0.0,6.8165,0.0,-779.35,0.0,6.8165,1.0,0.0,0.0,0.0,0.0
1479,733.68,779.8,10074.65,802.65,22.85,0.2458,2.6094,0.0,-779.8,0.0,6.8165,0.0,-779.8,0.0,6.8165,1.0,0.0,0.0,0.0,0.0
1480,733.95,798.15,10084.2,797.8,-0.35,0.0,6.8165,0.0,-798.15,0.0,6.8165,0.0,-798.15,0.0,6.8165,1.0,0.0,0.0,0.0,0.0
1481,734.21,795.25,9922.8,801.65,6.4,0.0701,3.1542,0.0,-795.25,0.0,6.8165,0.0,-795.25,0.0,6.8165,1.0,0.0,0.0,0.0,0.0
1482,734.48,800.5,9760.05,795.05,-5.45,0.0,6.8165,0.0,-800.5,0.0,6.8165,0.0,-800.5,0.0,6.8165,1.0,0.0,0.0,0.0,0.0
1483,734.75,788.75,9616.4,795.3,6.55,0.0742,3.1296,0.0,-788.75,0.0,6.8165,0.0,-788.75,0.0,6.8165,1.0,0.0,0.0,0.0,0.0
1484,735.02,780.6,9452.25,794.55,13.95,0.1609,2.7935,0.0,-780.6,0.0,6.8165,0.0,-780.6,0.0,6.8165,1.0,0.0,0.0,0.0,0.0
1485,735.29,776.6,9282.15,788.2,11.6,0.1364,2.8652,0.0,-776.6,0.0,6.8165,0.0,-776.6,0.0,6.8165,1.0,0.0,0.0,0.0,0.0
1486,735.55,785.2,9185.8,806.35,21.15,0.2518,2.599,0.0,-785.2,0.0,6.8165,0.0,-785.2,0.0,6.8165,1.0,0.0,0.0,0.0,0.0
1487,735.82,780.25,9110.4,803.85,23.6,0.2833,2.5477,0.0,-780.25,0.0,6.8165,0.0,-780.25,0.0,6.8165,1.0,0.0,0.0,0.0,0.0
1488,736.09,779.4,8870.75,792.9,13.5,0.1668,2.7777,0.0,-779.4,0.0,6.8165,0.0,-779.4,0.0,6.8165,1.0,0.0,0.0,0.0,0.0
1489,736.36,783.4,8683.1,798.05,14.65,0.1855,2.7318,0.0,-783.4,0.0,6.8165,0.0,-783.4,0.0,6.8165,1.0,0.0,0.0,0.0,0.0
1490,736.62,789.35,8511.2,804.15,14.8,0.1917,2.7175,0.0,-789.35,0.0,6.8165,0.0,-789.35,0.0,6.8165,1.0,0.0,0.0,0.0,0.0
1491,736.89,788.2,8409.25,792.0,3.8,0.0499,3.3022,0.0,-788.2,0.0,6.8165,0.0,-788.2,0.0,6.8165,1.0,0.0,0.0,0.0,0.0
1492,737.16,790.35,8278.35,803.65,13.3,0.1776,2.7505,0.0,-790.35,0.0,6.8165,0.0,-790.35,0.0,6.8165,1.0,0.0,0.0,0.0,0.0
1493,737.43,775.0,8226.65,784.05,9.05,0.1214,2.9156,0.0,-775.0,0.0,6.8165,0.0,-775.0,0.0,6.8165,1.0,0.0,0.0,0.0,0.0
1494,737.69,778.9,8190.4,793.95,15.05,0.2031,2.6924,0.0,-778.9,0.0,6.8165,0.0,-778.9,0.0,6.8165,1.0,0.0,0.0,0.0,0.0
1495,737.96,798.75,8093.5,795.55,-3.2,0.0,6.8165,0.0,-798.75,0.0,6.8165,0.0,-798.75,0.0,6.8165,1.0,0.0,0.0,0.0,0.0
1496,738.23,775.0,8054.5,813.05,38.05,0.5227,2.2817,0.0,-775.0,0.0,6.8165,0.0,-775.0,0.0,6.8165,1.0,0.0,0.0,0.0,0.0
1497,738.49,794.75,7798.1,785.2,-9.55,0.0,6.8165,0.0,-794.75,0.0,6.8165,0.0,-794.75,0.0,6.8165,1.0,0.0,0.0,0.0,0.0
1498,738.76,785.6,7664.3,814.95,29.35,0.4267,2.3699,0.0,-785.6,0.0,6.8165,0.0,-785.6,0.0,6.8165,1.0,0.0,0.0,0.0,0.0
1499,739.03,779.3,7606.8,808.95,29.65,0.4343,2.3622,0.0,-779.3,0.0,6.8165,0.0,-779.3,0.0,6.8165,1.0,0.0,0.0,0.0,0.0
1500,739.29,780.85,7472.2,807.8,26.95,0.4028,2.395,0.0,-780.85,0.0,6.8165,0.0,-780.85,0.0,6.8165,1.0,0.0,0.0,0.0,0.0
1501,739.56,774.45,7427.35,807.85,33.4,0.502,2.2993,0.0,-774.45,0.0,6.8165,0.0,-774.45,0.0,6.8165,1.0,0.0,0.0,0.0,0.0
1502,739.83,776.3,7339.15,796.95,20.65,0.3146,2.5022,0.0,-776.3,0.0,6.8165,0.0,-776.3,0.0,6.8165,1.0,0.0,0.0,0.0,0.0
1503,740.09,792.3,7168.2,814.05,21.75,0.3411,2.4671,0.0,-792.3,0.0,6.8165,0.0,-792.3,0.0,6.8165,1.0,0.0,0.0,0.0,0.0
1504,740.36,791.4,7169.5,812.4,21.0,0.3293,2.4825,0.0,-791.4,0.0,6.8165,0.0,-791.4,0.0,6.8165,1.0,0.0,0.0,0.0,0.0
1505,740.62,766.75,6937.65,808.0,41.25,0.6685,2.1749,0.0,-766.75,0.0,6.8165,0.0,-766.75,0.0,6.8165,1.0,0.0,0.0,0.0,0.0
1506,740.89,775.2,6807.85,807.05,31.85,0.528,2.2774,0.0,-775.2,0.0,6.8165,0.0,-775.2,0.0,6.8165,1.0,0.0,0.0,0.0,0.0
1507,741.16,787.95,6693.0,781.85,-6.1,0.0,6.8165,0.0,-787.95,0.0,6.8165,0.0,-787.95,0.0,6.8165,1.0,0.0,0.0,0.0,0.0
1508,741.42,782.3,6513.45,797.3,15.0,0.2617,2.5822,0.0,-782.3,0.0,6.8165,0.0,-782.3,0.0,6.8165,1.0,0.0,0.0,0.0,0.0
1509,741.69,787.7,6378.65,785.7,-2.0,0.0,6.8165,0.0,-787.7,0.0,6.8165,0.0,-787.7,0.0,6.8165,1.0,0.0,0.0,0.0,0.0
1510,741.95,785.85,6329.9,799.4,13.55,0.2444,2.6119,0.0,-785.85,0.0,6.8165,0.0,-785.85,0.0,6.8165,1.0,0.0,0.0,0.0,0.0
1511,742.22,774.15,6195.05,797.45,23.3,0.4298,2.3667,0.0,-774.15,0.0,6.8165,0.0,-774.15,0.0,6.8165,1.0,0.0,0.0,0.0,0.0
1512,742.48,773.35,6005.8,795.4,22.05,0.4214,2.3753,0.0,-773.35,0.0,6.8165,0.0,-773.35,0.0,6.8165,1.0,0.0,0.0,0.0,0.0
1513,742.75,780.85,5925.65,807.9,27.05,0.5258,2.2792,0.0,-780.85,0.0,6.8165,0.0,-780.85,0.0,6.8165,1.0,0.0,0.0,0.0,0.0
1514,743.01,778.05,5827.75,796.2,18.15,0.3594,2.4444,0.0,-778.05,0.0,6.8165,0.0,-778.05,0.0,6.8165,1.0,0.0,0.0,0.0,0.0
1515,743.28,779.3,5762.55,805.7,26.4,0.5298,2.2759,0.0,-779.3,0.0,6.8165,0.0,-779.3,0.0,6.8165,1.0,0.0,0.0,0.0,0.0
1516,743.54,780.15,5615.7,802.05,21.9,0.4529,2.344,0.0,-780.15,0.0,6.8165,0.0,-780.15,0.0,6.8165,1.0,0.0,0.0,0.0,0.0
1517,743.81,790.65,5481.4,801.2,10.55,0.2249,2.648,0.0,-790.65,0.0,6.8165,0.0,-790.65,0.0,6.8165,1.0,0.0,0.0,0.0,0.0
1518,744.07,787.9,5319.9,805.95,18.05,0.3983,2.3998,0.0,-787.9,0.0,6.8165,0.0,-787.9,0.0,6.8165,1.0,0.0,0.0,0.0,0.0
1519,744.34,772.45,5192.05,800.7,28.25,0.6392,2.1944,0.0,-772.45,0.0,6.8165,0.0,-772.45,0.0,6.8165,1.0,0.0,0.0,0.0,0.0
1520,744.6,799.1,5016.45,806.1,7.0,0.166,2.7799,0.0,-799.1,0.0,6.8165,0.0,-799.1,0.0,6.8165,1.0,0.0,0.0,0.0,0.0
1521,744.87,776.75,4904.35,797.45,20.7,0.5015,2.2997,0.0,-776.75,0.0,6.8165,0.0,-776.75,0.0,6.8165,1.0,0.0,0.0,0.0,0.0
1522,745.13,786.0,4802.4,792.9,6.9,0.1718,2.765,0.0,-786.0,0.0,6.8165,0.0,-786.0,0.0,6.8165,1.0,0.0,0.0,0.0,0.0
1523,745.39,802.25,4666.95,784.45,-17.8,0.0,6.8165,0.0,-802.25,0.0,6.8165,0.0,-802.25,0.0,6.8165,1.0,0.0,0.0,0.0,0.0
1524,745.66,783.0,4550.25,803.7,20.7,0.5495,2.2601,0.0,-783.0,0.0,6.8165,0.0,-783.0,0.0,6.8165,1.0,0.0,0.0,0.0,0.0
1525,745.92,781.7,4421.3,809.2,27.5,0.7556,2.1217,0.0,-781.7,0.0,6.8165,0.0,-781.7,0.0,6.8165,1.0,0.0,0.0,0.0,0.0
1526,746.19,787.55,4295.3,807.95,20.4,0.5816,2.2354,0.0,-787.55,0.0,6.8165,0.0,-787.55,0.0,6.8165,1.0,0.0,0.0,0.0,0.0
1527,746.45,792.95,4205.7,804.75,11.8,0.3458,2.4612,0.0,-792.95,0.0,6.8165,0.0,-792.95,0.0,6.8165,1.0,0.0,0.0,0.0,0.0
1528,746.71,800.4,4150.2,797.3,-3.1,0.0,6.8165,0.0,-800.4,0.0,6.8165,0.0,-800.4,0.0,6.8165,1.0,0.0,0.0,0.0,0.0
1529,746.98,789.15,4065.6,807.0,17.85,0.5448,2.2638,0.0,-789.15,0.0,6.8165,0.0,-789.15,0.0,6.8165,1.0,0.0,0.0,0.0,0.0
1530,747.24,786.3,3943.3,798.0,11.7,0.3706,2.4311,0.0,-786.3,0.0,6.8165,0.0,-786.3,0.0,6.8165,1.0,0.0,0.0,0.0,0.0
1531,747.5,780.5,3878.6,798.45,17.95,0.5794,2.237,0.0,-780.5,0.0,6.8165,0.0,-780.5,0.0,6.8165,1.0,0.0,0.0,0.0,0.0
1532,747.77,775.55,3708.45,798.1,22.55,0.7689,2.1142,0.0,-775.55,0.0,6.8165,0.0,-775.55,0.0,6.8165,1.0,0.0,0.0,0.0,0.0
1533,748.03,786.05,3654.1,793.45,7.4,0.258,2.5884,0.0,-786.05,0.0,6.8165,0.0,-786.05,0.0,6.8165,1.0,0.0,0.0,0.0,0.0
1534,748.29,786.05,3580.55,806.05,20.0,0.7157,2.1453,0.0,-786.05,0.0,6.8165,0.0,-786.05,0.0,6.8165,1.0,0.0,0.0,0.0,0.0
1535,748.56,781.5,3546.35,793.95,12.45,0.4503,2.3465,0.0,-781.5,0.0,6.8165,0.0,-781.5,0.0,6.8165,1.0,0.0,0.0,0.0,0.0
1536,748.82,793.8,3479.85,795.5,1.7,0.0633,3.1987,0.0,-793.8,0.0,6.8165,0.0,-793.8,0.0,6.8165,1.0,0.0,0.0,0.0,0.0
1537,749.08,776.1,3421.25,798.7,22.6,0.8544,2.0683,0.0,-776.1,0.0,6.8165,0.0,-776.1,0.0,6.8165,1.0,0.0,0.0,0.0,0.0
1538,749.34,784.9,3339.5,800.7,15.8,0.6185,2.2087,0.0,-784.9,0.0,6.8165,0.0,-784.9,0.0,6.8165,1.0,0.0,0.0,0.0,0.0
1539,749.61,782.05,3281.45,804.2,22.15,0.8862,2.0525,0.0,-782.05,0.0,6.8165,0.0,-782.05,0.0,6.8165,1.0,0.0,0.0,0.0,0.0
1540,749.87,788.15,3231.75,805.35,17.2,0.7039,2.1525,0.0,-788.15,0.0,6.8165,0.0,-788.15,0.0,6.8165,1.0,0.0,0.0,0.0,0.0
1541,750.13,777.35,3204.1,788.6,11.25,0.4636,2.3339,0.0,-777.35,0.0,6.8165,0.0,-777.35,0.0,6.8165,1.0,0.0,0.0,0.0,0.0
1542,750.39,784.65,3128.55,793.6,8.95,0.3818,2.4181,0.0,-784.65,0.0,6.8165,0.0,-784.65,0.0,6.8165,1.0,0.0,0.0,0.0,0.0
1543,750.65,778.1,3108.0,795.9,17.8,0.764,2.1169,0.0,-778.1,0.0,6.8165,0.0,-778.1,0.0,6.8165,1.0,0.0,0.0,0.0,0.0
1544,750.92,785.25,3066.75,787.85,2.6,0.114,2.9432,0.0,-785.25,0.0,6.8165,0.0,-785.25,0.0,6.8165,1.0,0.0,0.0,0.0,0.0
1545,751.18,784.7,2990.2,793.25,8.55,0.3877,2.4115,0.0,-784.7,0.0,6.8165,0.0,-784.7,0.0,6.8165,1.0,0.0,0.0,0.0,0.0
1546,751.44,793.5,2938.3,776.85,-16.65,0.0,6.8165,0.0,-793.5,0.0,6.8165,0.0,-793.5,0.0,6.8165,1.0,0.0,0.0,0.0,0.0
1547,751.7,789.0,2888.95,799.75,10.75,0.5119,2.2908,0.0,-789.0,0.0,6.8165,0.0,-789.0,0.0,6.8165,1.0,0.0,0.0,0.0,0.0
1548,751.96,794.4,2816.85,792.45,-1.95,0.0,6.8165,0.0,-794.4,0.0,6.8165,0.0,-794.4,0.0,6.8165,1.0,0.0,0.0,0.0,0.0
1549,752.23,784.95,2789.35,798.8,13.85,0.691,2.1605,0.0,-784.95,0.0,6.8165,0.0,-784.95,0.0,6.8165,1.0,0.0,0.0,0.0,0.0
1550,752.49,788.8,2780.6,781.35,-7.45,0.0,6.8165,0.0,-788.8,0.0,6.8165,0.0,-788.8,0.0,6.8165,1.0,0.0,0.0,0.0,0.0
1551,752.75,786.5,2763.1,792.05,5.55,0.2808,2.5516,0.0,-786.5,0.0,6.8165,0.0,-786.5,0.0,6.8165,1.0,0.0,0.0,0.0,0.0
1552,753.01,797.6,2726.9,789.95,-7.65,0.0,6.8165,0.0,-797.6,0.0,6.8165,0.0,-797.6,0.0,6.8165,1.0,0.0,0.0,0.0,0.0
1553,753.27,789.25,2692.65,808.3,19.05,1.0008,1.9996,0.0,-789.25,0.0,6.8165,0.0,-789.25,0.0,6.8165,1.0,0.0,0.0,0.0,0.0
1554,753.53,787.75,2696.4,798.85,11.1,0.5816,2.2354,0.0,-787.75,0.0,6.8165,0.0,-787.75,0.0,6.8165,1.0,0.0,0.0,0.0,0.0
1555,753.79,792.5,2643.8,809.85,17.35,0.9372,2.0282,0.0,-792.5,0.0,6.8165,0.0,-792.5,0.0,6.8165,1.0,0.0,0.0,0.0,0.0
1556,754.05,791.1,2574.65,809.15,18.05,1.012,1.9948,0.0,-791.1,0.0,6.8165,0.0,-791.1,0.0,6.8165,1.0,0.0,0.0,0.0,0.0
1557,754.31,792.35,2547.85,807.15,14.8,0.8431,2.0741,0.0,-792.35,0.0,6.8165,0.0,-792.35,0.0,6.8165,1.0,0.0,0.0,0.0,0.0
1558,754.57,787.3,2518.95,816.9,29.6,1.7094,1.7672,0.0,-787.3,0.0,6.8165,0.0,-787.3,0.0,6.8165,1.0,0.0,0.0,0.0,0.0
1559,754.84,784.6,2484.65,792.75,8.15,0.4794,2.3193,0.0,-784.6,0.0,6.8165,0.0,-784.6,0.0,6.8165,1.0,0.0,0.0,0.0,0.0
1560,755.1,800.5,2420.7,790.0,-10.5,0.0,6.8165,0.0,-800.5,0.0,6.8165,0.0,-800.5,0.0,6.8165,1.0,0.0,0.0,0.0,0.0
1561,755.36,778.1,2430.15,796.65,18.55,1.1228,1.9497,0.0,-778.1,0.0,6.8165,0.0,-778.1,0.0,6.8165,1.0,0.0,0.0,0.0,0.0
1562,755.62,793.05,2365.8,810.7,17.65,1.1222,1.9499,0.0,-793.05,0.0,6.8165,0.0,-793.05,0.0,6.8165,1.0,0.0,0.0,0.0,0.0
1563,755.88,781.95,2371.6,798.05,16.1,1.0128,1.9945,0.0,-781.95,0.0,6.8165,0.0,-781.95,0.0,6.8165,1.0,0.0,0.0,0.0,0.0
1564,756.14,779.7,2363.95,802.8,23.1,1.4581,1.8362,0.0,-779.7,0.0,6.8165,0.0,-779.7,0.0,6.8165,1.0,0.0,0.0,0.0,0.0
1565,756.4,788.15,2323.25,806.95,18.8,1.2247,1.912,0.0,-788.15,0.0,6.8165,0.0,-788.15,0.0,6.8165,1.0,0.0,0.0,0.0,0.0
1566,756.66,786.3,2341.7,807.1,20.8,1.3373,1.8738,0.0,-786.3,0.0,6.8165,0.0,-786.3,0.0,6.8165,1.0,0.0,0.0,0.0,0.0
1567,756.92,776.85,2304.65,808.15,31.3,2.0487,1.6885,0.0,-776.85,0.0,6.8165,0.0,-776.85,0.0,6.8165,1.0,0.0,0.0,0.0,0.0
1568,757.18,782.85,2268.1,803.6,20.75,1.3971,1.8548,0.0,-782.85,0.0,6.8165,0.0,-782.85,0.0,6.8165,1.0,0.0,0.0,0.0,0.0
1569,757.43,793.4,2258.3,793.35,-0.05,0.0,6.8165,0.0,-793.4,0.0,6.8165,0.0,-793.4,0.0,6.8165,1.0,0.0,0.0,0.0,0.0
1570,757.69,790.15,2230.5,792.35,2.2,0.1527,2.816,0.0,-790.15,0.0,6.8165,0.0,-790.15,0.0,6.8165,1.0,0.0,0.0,0.0,0.0
1571,757.95,779.0,2222.2,793.9,14.9,1.0324,1.9861,0.0,-779.0,0.0,6.8165,0.0,-779.0,0.0,6.8165,1.0,0.0,0.0,0.0,0.0
1572,758.21,781.2,2224.0,795.3,14.1,0.9773,2.01,0.0,-781.2,0.0,6.8165,0.0,-781.2,0.0,6.8165,1.0,0.0,0.0,0.0,0.0
1573,758.47,795.95,2208.0,811.3,15.35,1.0871,1.9637,0.0,-795.95,0.0,6.8165,0.0,-795.95,0.0,6.8165,1.0,0.0,0.0,0.0,0.0
1574,758.73,794.85,2211.05,789.6,-5.25,0.0,6.8165,0.0,-794.85,0.0,6.8165,0.0,-794.85,0.0,6.8165,1.0,0.0,0.0,0.0,0.0
1575,758.99,788.2,2194.6,791.95,3.75,0.2666,2.5741,0.0,-788.2,0.0,6.8165,0.0,-788.2,0.0,6.8165,1.0,0.0,0.0,0.0,0.0
1576,759.25,801.0,2213.9,791.0,-10.0,0.0,6.8165,0.0,-801.0,0.0,6.8165,0.0,-801.0,0.0,6.8165,1.0,0.0,0.0,0.0,0.0
1577,759.51,793.2,2182.3,796.15,2.95,0.2124,2.6729,0.0,-793.2,0.0,6.8165,0.0,-793.2,0.0,6.8165,1.0,0.0,0.0,0.0,0.0
1578,759.77,778.65,2163.2,791.1,12.45,0.8992,2.0461,0.0,-778.65,0.0,6.8165,0.0,-778.65,0.0,6.8165,1.0,0.0,0.0,0.0,0.0
1579,760.02,779.9,2150.6,797.9,18.0,1.3132,1.8817,0.0,-779.9,0.0,6.8165,0.0,-779.9,0.0,6.8165,1.0,0.0,0.0,0.0,0.0
1580,760.28,785.7,2154.9,790.25,4.55,0.3323,2.4785,0.0,-785.7,0.0,6.8165,0.0,-785.7,0.0,6.8165,1.0,0.0,0.0,0.0,0.0
1581,760.54,790.65,2146.1,796.55,5.9,0.4353,2.3612,0.0,-790.65,0.0,6.8165,0.0,-790.65,0.0,6.8165,1.0,0.0,0.0,0.0,0.0
1582,760.8,786.2,2152.75,780.5,-5.7,0.0,6.8165,0.0,-786.2,0.0,6.8165,0.0,-786.2,0.0,6.8165,1.0,0.0,0.0,0.0,0.0
1583,761.06,787.65,2157.55,788.95,1.3,0.0949,3.0227,0.0,-787.65,0.0,6.8165,0.0,-787.65,0.0,6.8165,1.0,0.0,0.0,0.0,0.0
1584,761.32,788.0,2182.7,790.5,2.5,0.1793,2.7465,0.0,-788.0,0.0,6.8165,0.0,-788.0,0.0,6.8165,1.0,0.0,0.0,0.0,0.0
1585,761.57,774.2,2172.35,794.35,20.15,1.4412,1.8413,0.0,-774.2,0.0,6.8165,0.0,-774.2,0.0,6.8165,1.0,0.0,0.0,0.0,0.0
1586,761.83,776.4,2161.7,806.0,29.6,2.1367,1.6703,0.0,-776.4,0.0,6.8165,0.0,-776.4,0.0,6.8165,1.0,0.0,0.0,0.0,0.0
1587,762.09,793.4,2139.05,799.15,5.75,0.4273,2.3693,0.0,-793.4,0.0,6.8165,0.0,-793.4,0.0,6.8165,1.0,0.0,0.0,0.0,0.0
1588,762.35,785.55,2132.85,798.8,13.25,0.9834,2.0072,0.0,-785.55,0.0,6.8165,0.0,-785.55,0.0,6.8165,1.0,0.0,0.0,0.0,0.0
1589,762.6,786.55,2136.9,792.9,6.35,0.4702,2.3277,0.0,-786.55,0.0,6.8165,0.0,-786.55,0.0,6.8165,1.0,0.0,0.0,0.0,0.0
1590,762.86,784.95,2119.3,800.75,15.8,1.1841,1.9266,0.0,-784.95,0.0,6.8165,0.0,-784.95,0.0,6.8165,1.0,0.0,0.0,0.0,0.0
1591,763.12,785.15,2146.2,807.45,22.3,1.6384,1.7856,0.0,-785.15,0.0,6.8165,0.0,-785.15,0.0,6.8165,1.0,0.0,0.0,0.0,0.0
1592,763.38,782.95,2192.75,809.1,26.15,1.8549,1.7317,0.0,-782.95,0.0,6.8165,0.0,-782.95,0.0,6.8165,1.0,0.0,0.0,0.0,0.0
1593,763.63,787.4,2224.65,812.0,24.6,1.7116,1.7666,0.0,-787.4,0.0,6.8165,0.0,-787.4,0.0,6.8165,1.0,0.0,0.0,0.0,0.0
1594,763.89,785.0,2251.35,787.55,2.55,0.1739,2.7597,0.0,-785.0,0.0,6.8165,0.0,-785.0,0.0,6.8165,1.0,0.0,0.0,0.0,0.0
1595,764.15,787.6,2319.85,778.45,-9.15,0.0,6.8165,0.0,-787.6,0.0,6.8165,0.0,-787.6,0.0,6.8165,1.0,0.0,0.0,0.0,0.0
1596,764.4,780.5,2390.05,818.5,38.0,2.3609,1.6269,0.0,-780.5,0.0,6.8165,0.0,-780.5,0.0,6.8165,1.0,0.0,0.0,0.0,0.0
1597,764.66,774.9,2457.7,799.25,24.35,1.447,1.8395,0.0,-774.9,0.0,6.8165,0.0,-774.9,0.0,6.8165,1.0,0.0,0.0,0.0,0.0
1598,764.92,780.95,2536.95,790.3,9.35,0.5325,2.2737,0.0,-780.95,0.0,6.8165,0.0,-780.95,0.0,6.8165,1.0,0.0,0.0,0.0,0.0
1599,765.17,787.1,2592.9,807.05,19.95,1.1048,1.9567,0.0,-787.1,0.0,6.8165,0.0,-787.1,0.0,6.8165,1.0,0.0,0.0,0.0,0.0
1600,765.43,783.5,2621.7,806.05,22.55,1.2267,1.9112,0.0,-783.5,0.0,6.8165,0.0,-783.5,0.0,6.8165,1.0,0.0,0.0,0.0,0.0
1601,765.69,782.05,2575.6,798.65,16.6,0.9255,2.0336,0.0,-782.05,0.0,6.8165,0.0,-782.05,0.0,6.8165,1.0,0.0,0.0,0.0,0.0
1602,765.94,785.45,2520.45,811.05,25.6,1.4755,1.8311,0.0,-785.45,0.0,6.8165,0.0,-785.45,0.0,6.8165,1.0,0.0,0.0,0.0,0.0
1603,766.2,785.8,2457.7,795.65,9.85,0.5892,2.2298,0.0,-785.8,0.0,6.8165,0.0,-785.8,0.0,6.8165,1.0,0.0,0.0,0.0,0.0
1604,766.45,778.4,2401.7,788.35,9.95,0.6129,2.2126,0.0,-778.4,0.0,6.8165,0.0,-778.4,0.0,6.8165,1.0,0.0,0.0,0.0,0.0
1605,766.71,785.1,2300.45,799.05,13.95,0.9206,2.0359,0.0,-785.1,0.0,6.8165,0.0,-785.1,0.0,6.8165,1.0,0.0,0.0,0.0,0.0
1606,766.97,790.85,2187.4,799.3,8.45,0.6051,2.2182,0.0,-790.85,0.0,6.8165,0.0,-790.85,0.0,6.8165,1.0,0.0,0.0,0.0,0.0
1607,767.22,793.8,2120.65,789.1,-4.7,0.0,6.8165,0.0,-793.8,0.0,6.8165,0.0,-793.8,0.0,6.8165,1.0,0.0,0.0,0.0,0.0
1608,767.48,787.75,2065.15,794.65,6.9,0.5402,2.2675,0.0,-787.75,0.0,6.8165,0.0,-787.75,0.0,6.8165,1.0,0.0,0.0,0.0,0.0
1609,767.73,783.1,2018.65,789.7,6.6,0.5342,2.2723,0.0,-783.1,0.0,6.8165,0.0,-783.1,0.0,6.8165,1.0,0.0,0.0,0.0,0.0
1610,767.99,768.5,1982.15,808.0,39.5,3.2546,1.4875,0.0,-768.5,0.0,6.8165,0.0,-768.5,0.0,6.8165,1.0,0.0,0.0,0.0,0.0
1611,768.24,787.0,1931.1,796.7,9.7,0.8478,2.0717,0.0,-787.0,0.0,6.8165,0.0,-787.0,0.0,6.8165,1.0,0.0,0.0,0.0,0.0
1612,768.5,783.2,1894.6,791.25,8.05,0.7243,2.1401,0.0,-783.2,0.0,6.8165,0.0,-783.2,0.0,6.8165,1.0,0.0,0.0,0.0,0.0
1613,768.75,775.9,1869.35,805.95,30.05,2.7482,1.561,0.0,-775.9,0.0,6.8165,0.0,-775.9,0.0,6.8165,1.0,0.0,0.0,0.0,0.0
1614,769.01,791.8,1838.9,802.5,10.7,1.0219,1.9906,0.0,-791.8,0.0,6.8165,0.0,-791.8,0.0,6.8165,1.0,0.0,0.0,0.0,0.0
1615,769.26,779.75,1808.05,804.45,24.7,2.402,1.6194,0.0,-779.75,0.0,6.8165,0.0,-779.75,0.0,6.8165,1.0,0.0,0.0,0.0,0.0
1616,769.52,788.2,1792.9,803.15,14.95,1.488,1.8274,0.0,-788.2,0.0,6.8165,0.0,-788.2,0.0,6.8165,1.0,0.0,0.0,0.0,0.0
1617,769.77,786.2,1742.95,807.3,21.1,2.2054,1.6565,0.0,-786.2,0.0,6.8165,0.0,-786.2,0.0,6.8165,1.0,0.0,0.0,0.0,0.0
1618,770.03,778.9,1711.65,795.5,16.6,1.7797,1.7497,0.0,-778.9,0.0,6.8165,0.0,-778.9,0.0,6.8165,1.0,0.0,0.0,0.0,0.0
1619,770.28,792.15,1691.85,802.95,10.8,1.2004,1.9207,0.0,-792.15,0.0,6.8165,0.0,-792.15,0.0,6.8165,1.0,0.0,0.0,0.0,0.0
1620,770.54,795.45,1689.25,805.8,10.35,1.158,1.9363,0.0,-795.45,0.0,6.8165,0.0,-795.45,0.0,6.8165,1.0,0.0,0.0,0.0,0.0
1621,770.79,779.0,1676.85,799.1,20.1,2.2387,1.65,0.0,-779.0,0.0,6.8165,0.0,-779.0,0.0,6.8165,1.0,0.0,0.0,0.0,0.0
1622,771.04,785.55,1653.95,807.5,21.95,2.5276,1.5973,0.0,-785.55,0.0,6.8165,0.0,-785.55,0.0,6.8165,1.0,0.0,0.0,0.0,0.0
1623,771.3,798.05,1636.4,790.55,-7.5,0.0,6.8165,0.0,-798.05,0.0,6.8165,0.0,-798.05,0.0,6.8165,1.0,0.0,0.0,0.0,0.0
1624,771.55,773.8,1619.4,799.85,26.05,3.0807,1.5114,0.0,-773.8,0.0,6.8165,0.0,-773.8,0.0,6.8165,1.0,0.0,0.0,0.0,0.0
1625,771.81,780.35,1609.8,807.95,27.6,3.3275,1.4779,0.0,-780.35,0.0,6.8165,0.0,-780.35,0.0,6.8165,1.0,0.0,0.0,0.0,0.0
1626,772.06,778.4,1588.1,796.5,18.1,2.2354,1.6506,0.0,-778.4,0.0,6.8165,0.0,-778.4,0.0,6.8165,1.0,0.0,0.0,0.0,0.0
1627,772.31,786.55,1568.2,798.15,11.6,1.484,1.8286,0.0,-786.55,0.0,6.8165,0.0,-786.55,0.0,6.8165,1.0,0.0,0.0,0.0,0.0
1628,772.57,784.1,1570.1,795.0,10.9,1.3868,1.858,0.0,-784.1,0.0,6.8165,0.0,-784.1,0.0,6.8165,1.0,0.0,0.0,0.0,0.0
1629,772.82,787.1,1560.9,791.7,4.6,0.5945,2.2259,0.0,-787.1,0.0,6.8165,0.0,-787.1,0.0,6.8165,1.0,0.0,0.0,0.0,0.0
1630,773.07,777.1,1535.25,804.95,27.85,3.6734,1.4349,0.0,-777.1,0.0,6.8165,0.0,-777.1,0.0,6.8165,1.0,0.0,0.0,0.0,0.0
1631,773.33,787.45,1520.5,805.0,17.55,2.3941,1.6209,0.0,-787.45,0.0,6.8165,0.0,-787.45,0.0,6.8165,1.0,0.0,0.0,0.0,0.0
1632,773.58,780.6,1531.9,793.9,13.3,1.7703,1.752,0.0,-780.6,0.0,6.8165,0.0,-780.6,0.0,6.8165,1.0,0.0,0.0,0.0,0.0
1633,773.83,785.75,1493.6,803.6,17.85,2.5217,1.5983,0.0,-785.75,0.0,6.8165,0.0,-785.75,0.0,6.8165,1.0,0.0,0.0,0.0,0.0
1634,774.09,784.25,1505.55,792.5,8.25,1.1438,1.9417,0.0,-784.25,0.0,6.8165,0.0,-784.25,0.0,6.8165,1.0,0.0,0.0,0.0,0.0
1635,774.34,781.65,1494.4,792.4,10.75,1.5082,1.8215,0.0,-781.65,0.0,6.8165,0.0,-781.65,0.0,6.8165,1.0,0.0,0.0,0.0,0.0
1636,774.59,784.6,1477.0,796.15,11.55,1.6681,1.7778,0.0,-784.6,0.0,6.8165,0.0,-784.6,0.0,6.8165,1.0,0.0,0.0,0.0,0.0
1637,774.85,781.65,1463.6,805.95,24.3,3.5633,1.4481,0.0,-781.65,0.0,6.8165,0.0,-781.65,0.0,6.8165,1.0,0.0,0.0,0.0,0.0
1638,775.1,788.9,1450.9,810.0,21.1,3.1873,1.4966,0.0,-788.9,0.0,6.8165,0.0,-788.9,0.0,6.8165,1.0,0.0,0.0,0.0,0.0
1639,775.35,780.7,1443.1,800.95,20.25,3.0571,1.5147,0.0,-780.7,0.0,6.8165,0.0,-780.7,0.0,6.8165,1.0,0.0,0.0,0.0,0.0
1640,775.6,791.5,1423.45,793.9,2.4,0.3798,2.4205,0.0,-791.5,0.0,6.8165,0.0,-791.5,0.0,6.8165,1.0,0.0,0.0,0.0,0.0
1641,775.85,798.65,1423.85,794.95,-3.7,0.0,6.8165,0.0,-798.65,0.0,6.8165,0.0,-798.65,0.0,6.8165,1.0,0.0,0.0,0.0,0.0
1642,776.11,800.0,1402.05,805.6,5.6,0.9302,2.0314,0.0,-800.0,0.0,6.8165,0.0,-800.0,0.0,6.8165,1.0,0.0,0.0,0.0,0.0
1643,776.36,790.2,1405.7,804.4,14.2,2.3071,1.6369,0.0,-790.2,0.0,6.8165,0.0,-790.2,0.0,6.8165,1.0,0.0,0.0,0.0,0.0
1644,776.61,784.1,1419.65,799.05,14.95,2.3523,1.6285,0.0,-784.1,0.0,6.8165,0.0,-784.1,0.0,6.8165,1.0,0.0,0.0,0.0,0.0
1645,776.86,777.65,1394.95,800.05,22.4,3.6287,1.4402,0.0,-777.65,0.0,6.8165,0.0,-777.65,0.0,6.8165,1.0,0.0,0.0,0.0,0.0
1646,777.11,784.2,1395.9,793.4,9.2,1.504,1.8228,0.0,-784.2,0.0,6.8165,0.0,-784.2,0.0,6.8165,1.0,0.0,0.0,0.0,0.0
1647,777.37,775.15,1378.1,791.05,15.9,2.637,1.5789,0.0,-775.15,0.0,6.8165,0.0,-775.15,0.0,6.8165,1.0,0.0,0.0,0.0,0.0
1648,777.62,775.7,1391.5,799.0,23.3,3.7837,1.4221,0.0,-775.7,0.0,6.8165,0.0,-775.7,0.0,6.8165,1.0,0.0,0.0,0.0,0.0
1649,777.87,784.1,1360.35,802.55,18.45,3.2017,1.4946,0.0,-784.1,0.0,6.8165,0.0,-784.1,0.0,6.8165,1.0,0.0,0.0,0.0,0.0
1650,778.12,788.8,1373.75,792.8,4.0,0.6838,2.1651,0.0,-788.8,0.0,6.8165,0.0,-788.8,0.0,6.8165,1.0,0.0,0.0,0.0,0.0
1651,778.37,785.2,1374.4,790.85,5.65,0.9589,2.0182,0.0,-785.2,0.0,6.8165,0.0,-785.2,0.0,6.8165,1.0,0.0,0.0,0.0,0.0
1652,778.62,789.2,1360.35,803.15,13.95,2.4424,1.6122,0.0,-789.2,0.0,6.8165,0.0,-789.2,0.0,6.8165,1.0,0.0,0.0,0.0,0.0
1653,778.87,786.35,1364.95,797.0,10.65,1.8406,1.735,0.0,-786.35,0.0,6.8165,0.0,-786.35,0.0,6.8165,1.0,0.0,0.0,0.0,0.0
1654,779.12,789.1,1354.9,810.0,20.9,3.6939,1.4325,0.0,-789.1,0.0,6.8165,0.0,-789.1,0.0,6.8165,1.0,0.0,0.0,0.0,0.0
1655,779.38,784.3,1346.15,808.4,24.1,4.2894,1.3676,0.0,-784.3,0.0,6.8165,0.0,-784.3,0.0,6.8165,1.0,0.0,0.0,0.0,0.0
1656,779.63,781.85,1352.35,806.2,24.35,4.2682,1.3698,0.0,-781.85,0.0,6.8165,0.0,-781.85,0.0,6.8165,1.0,0.0,0.0,0.0,0.0
1657,779.88,799.1,1326.65,796.85,-2.25,0.0,6.8165,0.0,-799.1,0.0,6.8165,0.0,-799.1,0.0,6.8165,1.0,0.0,0.0,0.0,0.0
1658,780.13,785.65,1341.7,788.2,2.55,0.4586,2.3386,0.0,-785.65,0.0,6.8165,0.0,-785.65,0.0,6.8165,1.0,0.0,0.0,0.0,0.0
1659,780.38,792.95,1339.95,801.8,8.85,1.6179,1.791,0.0,-792.95,0.0,6.8165,0.0,-792.95,0.0,6.8165,1.0,0.0,0.0,0.0,0.0
1660,780.63,783.1,1333.75,788.15,5.05,0.9171,2.0376,0.0,-783.1,0.0,6.8165,0.0,-783.1,0.0,6.8165,1.0,0.0,0.0,0.0,0.0
1661,780.88,789.05,1349.15,801.25,12.2,2.1782,1.6619,0.0,-789.05,0.0,6.8165,0.0,-789.05,0.0,6.8165,1.0,0.0,0.0,0.0,0.0
1662,781.13,788.7,1338.55,781.8,-6.9,0.0,6.8165,0.0,-788.7,0.0,6.8165,0.0,-788.7,0.0,6.8165,1.0,0.0,0.0,0.0,0.0
1663,781.38,773.85,1321.8,796.6,22.75,4.1518,1.3818,0.0,-773.85,0.0,6.8165,0.0,-773.85,0.0,6.8165,1.0,0.0,0.0,0.0,0.0
1664,781.63,782.25,1339.75,794.2,11.95,2.1435,1.6689,0.0,-782.25,0.0,6.8165,0.0,-782.25,0.0,6.8165,1.0,0.0,0.0,0.0,0.0
1665,781.88,791.3,1323.3,795.7,4.4,0.8271,2.0825,0.0,-791.3,0.0,6.8165,0.0,-791.3,0.0,6.8165,1.0,0.0,0.0,0.0,0.0
1666,782.13,790.15,1328.0,797.95,7.8,1.4502,1.8386,0.0,-790.15,0.0,6.8165,0.0,-790.15,0.0,6.8165,1.0,0.0,0.0,0.0,0.0
1667,782.38,790.85,1344.25,797.85,7.0,1.2649,1.8979,0.0,-790.85,0.0,6.8165,0.0,-790.85,0.0,6.8165,1.0,0.0,0.0,0.0,0.0
1668,782.63,784.1,1343.55,803.45,19.35,3.4588,1.4611,0.0,-784.1,0.0,6.8165,0.0,-784.1,0.0,6.8165,1.0,0.0,0.0,0.0,0.0
1669,782.88,779.8,1332.35,781.2,1.4,0.2534,2.5962,0.0,-779.8,0.0,6.8165,0.0,-779.8,0.0,6.8165,1.0,0.0,0.0,0.0,0.0
1670,783.13,776.3,1329.35,790.9,14.6,2.6399,1.5784,0.0,-776.3,0.0,6.8165,0.0,-776.3,0.0,6.8165,1.0,0.0,0.0,0.0,0.0
1671,783.38,781.6,1345.55,803.4,21.8,3.8656,1.4128,0.0,-781.6,0.0,6.8165,0.0,-781.6,0.0,6.8165,1.0,0.0,0.0,0.0,0.0
1672,783.62,778.25,1330.1,800.05,21.8,3.9503,1.4034,0.0,-778.25,0.0,6.8165,0.0,-778.25,0.0,6.8165,1.0,0.0,0.0,0.0,0.0
1673,783.87,802.1,1331.7,798.25,-3.85,0.0,6.8165,0.0,-802.1,0.0,6.8165,0.0,-802.1,0.0,6.8165,1.0,0.0,0.0,0.0,0.0
1674,784.12,786.05,1332.35,796.8,10.75,1.9678,1.706,0.0,-786.05,0.0,6.8165,0.0,-786.05,0.0,6.8165,1.0,0.0,0.0,0.0,0.0
1675,784.37,773.35,1341.9,800.3,26.95,4.7401,1.3242,0.0,-773.35,0.0,6.8165,0.0,-773.35,0.0,6.8165,1.0,0.0,0.0,0.0,0.0
1676,784.62,795.3,1331.85,803.4,8.1,1.5096,1.8211,0.0,-795.3,0.0,6.8165,0.0,-795.3,0.0,6.8165,1.0,0.0,0.0,0.0,0.0
1677,784.87,790.95,1323.95,809.25,18.3,3.4334,1.4643,0.0,-790.95,0.0,6.8165,0.0,-790.95,0.0,6.8165,1.0,0.0,0.0,0.0,0.0
1678,785.12,780.2,1315.2,804.65,24.45,4.5701,1.3401,0.0,-780.2,0.0,6.8165,0.0,-780.2,0.0,6.8165,1.0,0.0,0.0,0.0,0.0
1679,785.37,788.4,1348.25,811.5,23.1,4.1261,1.3845,0.0,-788.4,0.0,6.8165,0.0,-788.4,0.0,6.8165,1.0,0.0,0.0,0.0,0.0
1680,785.61,785.9,1323.1,786.85,0.95,0.1768,2.7524,0.0,-785.9,0.0,6.8165,0.0,-785.9,0.0,6.8165,1.0,0.0,0.0,0.0,0.0
1681,785.86,770.2,1335.5,801.4,31.2,5.5192,1.2581,0.0,-770.2,0.0,6.8165,0.0,-770.2,0.0,6.8165,1.0,0.0,0.0,0.0,0.0
1682,786.11,781.25,1338.7,791.55,10.3,1.8477,1.7334,0.0,-781.25,0.0,6.8165,0.0,-781.25,0.0,6.8165,1.0,0.0,0.0,0.0,0.0
1683,786.36,799.85,1336.5,805.5,5.65,1.0528,1.9776,0.0,-799.85,0.0,6.8165,0.0,-799.85,0.0,6.8165,1.0,0.0,0.0,0.0,0.0
1684,786.61,795.25,1327.95,795.45,0.2,0.0375,3.4255,0.0,-795.25,0.0,6.8165,0.0,-795.25,0.0,6.8165,1.0,0.0,0.0,0.0,0.0
1685,786.85,787.7,1325.25,804.95,17.25,3.209,1.4936,0.0,-787.7,0.0,6.8165,0.0,-787.7,0.0,6.8165,1.0,0.0,0.0,0.0,0.0
1686,787.1,789.35,1327.95,797.95,8.6,1.5967,1.7968,0.0,-789.35,0.0,6.8165,0.0,-789.35,0.0,6.8165,1.0,0.0,0.0,0.0,0.0
1687,787.35,796.85,1303.8,796.75,-0.1,0.0,6.8165,0.0,-796.85,0.0,6.8165,0.0,-796.85,0.0,6.8165,1.0,0.0,0.0,0.0,0.0
1688,787.6,787.5,1340.25,791.55,4.05,0.7327,2.1351,0.0,-787.5,0.0,6.8165,0.0,-787.5,0.0,6.8165,1.0,0.0,0.0,0.0,0.0
1689,787.84,778.65,1342.35,810.35,31.7,5.6236,1.25,0.0,-778.65,0.0,6.8165,0.0,-778.65,0.0,6.8165,1.0,0.0,0.0,0.0,0.0
1690,788.09,794.15,1342.0,817.25,23.1,4.2165,1.375,0.0,-794.15,0.0,6.8165,0.0,-794.15,0.0,6.8165,1.0,0.0,0.0,0.0,0.0
1691,788.34,789.6,1353.65,791.45,1.85,0.328,2.4841,0.0,-789.6,0.0,6.8165,0.0,-789.6,0.0,6.8165,1.0,0.0,0.0,0.0,0.0
1692,788.59,781.1,1339.9,812.1,31.0,5.5476,1.2559,0.0,-781.1,0.0,6.8165,0.0,-781.1,0.0,6.8165,1.0,0.0,0.0,0.0,0.0
1693,788.83,784.55,1343.7,803.9,19.35,3.4606,1.4608,0.0,-784.55,0.0,6.8165,0.0,-784.55,0.0,6.8165,1.0,0.0,0.0,0.0,0.0
1694,789.08,770.1,1340.25,799.25,29.15,5.1127,1.2914,0.0,-770.1,0.0,6.8165,0.0,-770.1,0.0,6.8165,1.0,0.0,0.0,0.0,0.0
1695,789.33,772.15,1346.55,797.5,25.35,4.4133,1.3552,0.0,-772.15,0.0,6.8165,0.0,-772.15,0.0,6.8165,1.0,0.0,0.0,0.0,0.0
1696,789.57,782.25,1362.85,807.05,24.8,4.2714,1.3694,0.0,-782.25,0.0,6.8165,0.0,-782.25,0.0,6.8165,1.0,0.0,0.0,0.0,0.0
1697,789.82,784.6,1346.2,815.45,30.85,5.4932,1.2602,0.0,-784.6,0.0,6.8165,0.0,-784.6,0.0,6.8165,1.0,0.0,0.0,0.0,0.0
1698,790.07,788.45,1364.35,796.7,8.25,1.4325,1.8439,0.0,-788.45,0.0,6.8165,0.0,-788.45,0.0,6.8165,1.0,0.0,0.0,0.0,0.0
1699,790.31,788.1,1361.7,806.75,18.65,3.2514,1.4879,0.0,-788.1,0.0,6.8165,0.0,-788.1,0.0,6.8165,1.0,0.0,0.0,0.0,0.0
1700,790.56,785.75,1345.5,812.0,26.25,4.6896,1.3289,0.0,-785.75,0.0,6.8165,0.0,-785.75,0.0,6.8165,1.0,0.0,0.0,0.0,0.0
1701,790.8,776.75,1351.35,795.75,19.0,3.3066,1.4806,0.0,-776.75,0.0,6.8165,0.0,-776.75,0.0,6.8165,1.0,0.0,0.0,0.0,0.0
1702,791.05,790.9,1349.5,799.05,8.15,1.459,1.8359,0.0,-790.9,0.0,6.8165,0.0,-790.9,0.0,6.8165,1.0,0.0,0.0,0.0,0.0
1703,791.3,788.25,1345.65,817.65,29.4,5.2745,1.2778,0.0,-788.25,0.0,6.8165,0.0,-788.25,0.0,6.8165,1.0,0.0,0.0,0.0,0.0
1704,791.54,783.7,1338.95,810.75,27.05,4.8717,1.3123,0.0,-783.7,0.0,6.8165,0.0,-783.7,0.0,6.8165,1.0,0.0,0.0,0.0,0.0
1705,791.79,776.1,1318.55,805.75,29.65,5.4659,1.2623,0.0,-776.1,0.0,6.8165,0.0,-776.1,0.0,6.8165,1.0,0.0,0.0,0.0,0.0
1706,792.03,776.05,1337.2,795.15,19.1,3.4037,1.468,0.0,-776.05,0.0,6.8165,0.0,-776.05,0.0,6.8165,1.0,0.0,0.0,0.0,0.0
1707,792.28,787.5,1327.35,798.25,10.75,1.9913,1.7009,0.0,-787.5,0.0,6.8165,0.0,-787.5,0.0,6.8165,1.0,0.0,0.0,0.0,0.0
1708,792.53,785.15,1318.2,789.65,4.5,0.8442,2.0736,0.0,-785.15,0.0,6.8165,0.0,-785.15,0.0,6.8165,1.0,0.0,0.0,0.0,0.0
1709,792.77,784.55,1308.7,794.55,10.0,1.9079,1.7195,0.0,-784.55,0.0,6.8165,0.0,-784.55,0.0,6.8165,1.0,0.0,0.0,0.0,0.0
1710,793.02,784.55,1301.35,796.8,12.25,2.3704,1.6252,0.0,-784.55,0.0,6.8165,0.0,-784.55,0.0,6.8165,1.0,0.0,0.0,0.0,0.0
1711,793.26,784.95,1296.6,789.7,4.75,0.9284,2.0323,0.0,-784.95,0.0,6.8165,0.0,-784.95,0.0,6.8165,1.0,0.0,0.0,0.0,0.0
1712,793.51,775.4,1300.9,797.1,21.7,4.1294,1.3841,0.0,-775.4,0.0,6.8165,0.0,-775.4,0.0,6.8165,1.0,0.0,0.0,0.0,0.0
1713,793.75,785.2,1287.2,792.55,7.35,1.4641,1.8344,0.0,-785.2,0.0,6.8165,0.0,-785.2,0.0,6.8165,1.0,0.0,0.0,0.0,0.0
1714,794.0,788.35,1287.2,797.1,8.75,1.754,1.756,0.0,-788.35,0.0,6.8165,0.0,-788.35,0.0,6.8165,1.0,0.0,0.0,0.0,0.0
1715,794.24,778.1,1268.2,781.85,3.75,0.7651,2.1163,0.0,-778.1,0.0,6.8165,0.0,-778.1,0.0,6.8165,1.0,0.0,0.0,0.0,0.0
1716,794.49,774.5,1272.45,795.4,20.9,4.1972,1.377,0.0,-774.5,0.0,6.8165,0.0,-774.5,0.0,6.8165,1.0,0.0,0.0,0.0,0.0
1717,794.73,774.8,1258.3,793.25,18.45,3.8159,1.4184,0.0,-774.8,0.0,6.8165,0.0,-774.8,0.0,6.8165,1.0,0.0,0.0,0.0,0.0
1718,794.97,787.95,1256.75,793.85,5.9,1.2585,1.9001,0.0,-787.95,0.0,6.8165,0.0,-787.95,0.0,6.8165,1.0,0.0,0.0,0.0,0.0
1719,795.22,776.25,1237.25,780.7,4.45,0.9653,2.0153,0.0,-776.25,0.0,6.8165,0.0,-776.25,0.0,6.8165,1.0,0.0,0.0,0.0,0.0
1720,795.46,780.75,1263.15,776.6,-4.15,0.0,6.8165,0.0,-780.75,0.0,6.8165,0.0,-780.75,0.0,6.8165,1.0,0.0,0.0,0.0,0.0
1721,795.71,788.85,1252.4,793.0,4.15,0.8953,2.048,0.0,-788.85,0.0,6.8165,0.0,-788.85,0.0,6.8165,1.0,0.0,0.0,0.0,0.0
1722,795.95,789.7,1233.9,806.5,16.8,3.7821,1.4223,0.0,-789.7,0.0,6.8165,0.0,-789.7,0.0,6.8165,1.0,0.0,0.0,0.0,0.0
1723,796.19,777.3,1228.85,811.5,34.2,7.5739,1.1207,0.0,-777.3,0.0,6.8165,0.0,-777.3,0.0,6.8165,1.0,0.0,0.0,0.0,0.0
1724,796.44,781.5,1229.75,803.5,22.0,4.908,1.3091,0.0,-781.5,0.0,6.8165,0.0,-781.5,0.0,6.8165,1.0,0.0,0.0,0.0,0.0
1725,796.68,790.3,1218.3,801.6,11.3,2.6402,1.5784,0.0,-790.3,0.0,6.8165,0.0,-790.3,0.0,6.8165,1.0,0.0,0.0,0.0,0.0
1726,796.93,782.7,1234.1,789.65,6.95,1.5397,1.8126,0.0,-782.7,0.0,6.8165,0.0,-782.7,0.0,6.8165,1.0,0.0,0.0,0.0,0.0
1727,797.17,778.1,1220.3,804.75,26.65,6.0267,1.2199,0.0,-778.1,0.0,6.8165,0.0,-778.1,0.0,6.8165,1.0,0.0,0.0,0.0,0.0
1728,797.41,800.05,1233.75,813.4,13.35,3.0782,1.5117,0.0,-800.05,0.0,6.8165,0.0,-800.05,0.0,6.8165,1.0,0.0,0.0,0.0,0.0
1729,797.66,788.7,1226.6,803.0,14.3,3.2656,1.486,0.0,-788.7,0.0,6.8165,0.0,-788.7,0.0,6.8165,1.0,0.0,0.0,0.0,0.0
1730,797.9,780.95,1223.05,794.05,13.1,2.9631,1.5282,0.0,-780.95,0.0,6.8165,0.0,-780.95,0.0,6.8165,1.0,0.0,0.0,0.0,0.0
1731,798.14,784.85,1220.5,793.2,8.35,1.9167,1.7175,0.0,-784.85,0.0,6.8165,0.0,-784.85,0.0,6.8165,1.0,0.0,0.0,0.0,0.0
1732,798.39,780.4,1222.75,793.55,13.15,2.9728,1.5268,0.0,-780.4,0.0,6.8165,0.0,-780.4,0.0,6.8165,1.0,0.0,0.0,0.0,0.0
1733,798.63,787.5,1203.6,812.4,24.9,5.9841,1.223,0.0,-787.5,0.0,6.8165,0.0,-787.5,0.0,6.8165,1.0,0.0,0.0,0.0,0.0
1734,798.87,788.85,1200.5,800.8,11.95,2.903,1.5372,0.0,-788.85,0.0,6.8165,0.0,-788.85,0.0,6.8165,1.0,0.0,0.0,0.0,0.0
1735,799.11,778.05,1203.8,795.8,17.75,4.1691,1.38,0.0,-778.05,0.0,6.8165,0.0,-778.05,0.0,6.8165,1.0,0.0,0.0,0.0,0.0
1736,799.36,784.9,1194.75,789.6,4.7,1.1468,1.9405,0.0,-784.9,0.0,6.8165,0.0,-784.9,0.0,6.8165,1.0,0.0,0.0,0.0,0.0
1737,799.6,790.2,1194.7,788.7,-1.5,0.0,6.8165,0.0,-790.2,0.0,6.8165,0.0,-790.2,0.0,6.8165,1.0,0.0,0.0,0.0,0.0
1738,799.84,780.75,1188.55,797.2,16.45,4.0338,1.3943,0.0,-780.75,0.0,6.8165,0.0,-780.75,0.0,6.8165,1.0,0.0,0.0,0.0,0.0
1739,800.08,772.8,1189.45,800.25,27.45,6.5883,1.1812,0.0,-772.8,0.0,6.8165,0.0,-772.8,0.0,6.8165,1.0,0.0,0.0,0.0,0.0
1740,800.33,789.0,1187.8,802.05,13.05,3.2723,1.4851,0.0,-789.0,0.0,6.8165,0.0,-789.0,0.0,6.8165,1.0,0.0,0.0,0.0,0.0
1741,800.57,782.95,1178.2,789.05,6.1,1.5433,1.8115,0.0,-782.95,0.0,6.8165,0.0,-782.95,0.0,6.8165,1.0,0.0,0.0,0.0,0.0
1742,800.81,772.3,1179.7,785.5,13.2,3.2401,1.4894,0.0,-772.3,0.0,6.8165,0.0,-772.3,0.0,6.8165,1.0,0.0,0.0,0.0,0.0
1743,801.05,791.05,1163.15,810.65,19.6,5.2674,1.2784,0.0,-791.05,0.0,6.8165,0.0,-791.05,0.0,6.8165,1.0,0.0,0.0,0.0,0.0
1744,801.29,785.2,1173.4,809.3,24.1,6.2081,1.207,0.0,-785.2,0.0,6.8165,0.0,-785.2,0.0,6.8165,1.0,0.0,0.0,0.0,0.0
1745,801.54,788.15,1167.75,797.4,9.25,2.4368,1.6132,0.0,-788.15,0.0,6.8165,0.0,-788.15,0.0,6.8165,1.0,0.0,0.0,0.0,0.0
1746,801.78,784.25,1151.25,799.1,14.85,4.0463,1.3929,0.0,-784.25,0.0,6.8165,0.0,-784.25,0.0,6.8165,1.0,0.0,0.0,0.0,0.0
1747,802.02,782.35,1164.35,786.95,4.6,1.2042,1.9193,0.0,-782.35,0.0,6.8165,0.0,-782.35,0.0,6.8165,1.0,0.0,0.0,0.0,0.0
1748,802.26,788.6,1176.25,809.7,21.1,5.4431,1.2642,0.0,-788.6,0.0,6.8165,0.0,-788.6,0.0,6.8165,1.0,0.0,0.0,0.0,0.0
1749,802.5,772.9,1164.3,792.0,19.1,4.8799,1.3116,0.0,-772.9,0.0,6.8165,0.0,-772.9,0.0,6.8165,1.0,0.0,0.0,0.0,0.0
1750,802.74,782.05,1153.55,784.8,2.75,0.7402,2.1306,0.0,-782.05,0.0,6.8165,0.0,-782.05,0.0,6.8165,1.0,0.0,0.0,0.0,0.0
1751,802.98,789.1,1155.2,786.45,-2.65,0.0,6.8165,0.0,-789.1,0.0,6.8165,0.0,-789.1,0.0,6.8165,1.0,0.0,0.0,0.0,0.0
1752,803.22,776.5,1148.9,796.25,19.75,5.3034,1.2754,0.0,-776.5,0.0,6.8165,0.0,-776.5,0.0,6.8165,1.0,0.0,0.0,0.0,0.0
1753,803.47,779.15,1157.1,783.95,4.8,1.27,1.8962,0.0,-779.15,0.0,6.8165,0.0,-779.15,0.0,6.8165,1.0,0.0,0.0,0.0,0.0
1754,803.71,787.35,1146.2,797.35,10.0,2.7867,1.5549,0.0,-787.35,0.0,6.8165,0.0,-787.35,0.0,6.8165,1.0,0.0,0.0,0.0,0.0
1755,803.95,788.2,1174.85,780.15,-8.05,0.0,6.8165,0.0,-788.2,0.0,6.8165,0.0,-788.2,0.0,6.8165,1.0,0.0,0.0,0.0,0.0
1756,804.19,790.85,1152.05,783.65,-7.2,0.0,6.8165,0.0,-790.85,0.0,6.8165,0.0,-790.85,0.0,6.8165,1.0,0.0,0.0,0.0,0.0
1757,804.43,786.15,1143.95,788.0,1.85,0.517,2.2865,0.0,-786.15,0.0,6.8165,0.0,-786.15,0.0,6.8165,1.0,0.0,0.0,0.0,0.0
1758,804.67,784.1,1144.95,809.6,25.5,7.0666,1.1508,0.0,-784.1,0.0,6.8165,0.0,-784.1,0.0,6.8165,1.0,0.0,0.0,0.0,0.0
1759,804.91,779.25,1146.45,801.0,21.75,5.9232,1.2274,0.0,-779.25,0.0,6.8165,0.0,-779.25,0.0,6.8165,1.0,0.0,0.0,0.0,0.0
1760,805.15,784.3,1145.2,788.7,4.4,1.2192,1.9139,0.0,-784.3,0.0,6.8165,0.0,-784.3,0.0,6.8165,1.0,0.0,0.0,0.0,0.0
1761,805.39,790.8,1146.8,795.5,4.7,1.3202,1.8794,0.0,-790.8,0.0,6.8165,0.0,-790.8,0.0,6.8165,1.0,0.0,0.0,0.0,0.0
1762,805.63,779.55,1149.0,800.35,20.8,5.63,1.2495,0.0,-779.55,0.0,6.8165,0.0,-779.55,0.0,6.8165,1.0,0.0,0.0,0.0,0.0
1763,805.87,783.75,1140.35,788.2,4.45,1.2479,1.9038,0.0,-783.75,0.0,6.8165,0.0,-783.75,0.0,6.8165,1.0,0.0,0.0,0.0,0.0
1764,806.11,783.25,1133.15,801.1,17.85,5.1015,1.2923,0.0,-783.25,0.0,6.8165,0.0,-783.25,0.0,6.8165,1.0,0.0,0.0,0.0,0.0
1765,806.35,792.85,1132.1,806.15,13.3,3.9204,1.4067,0.0,-792.85,0.0,6.8165,0.0,-792.85,0.0,6.8165,1.0,0.0,0.0,0.0,0.0
1766,806.59,794.95,1155.75,797.95,3.0,0.8315,2.0801,0.0,-794.95,0.0,6.8165,0.0,-794.95,0.0,6.8165,1.0,0.0,0.0,0.0,0.0
1767,806.83,791.9,1149.9,800.1,8.2,2.2905,1.6401,0.0,-791.9,0.0,6.8165,0.0,-791.9,0.0,6.8165,1.0,0.0,0.0,0.0,0.0
1768,807.07,791.65,1144.0,800.9,9.25,2.6252,1.5808,0.0,-791.65,0.0,6.8165,0.0,-791.65,0.0,6.8165,1.0,0.0,0.0,0.0,0.0
1769,807.31,791.0,1147.35,809.1,18.1,5.0793,1.2942,0.0,-791.0,0.0,6.8165,0.0,-791.0,0.0,6.8165,1.0,0.0,0.0,0.0,0.0
1770,807.54,788.9,1138.1,803.25,14.35,4.1094,1.3862,0.0,-788.9,0.0,6.8165,0.0,-788.9,0.0,6.8165,1.0,0.0,0.0,0.0,0.0
1771,807.78,784.8,1142.85,796.15,11.35,3.1699,1.4989,0.0,-784.8,0.0,6.8165,0.0,-784.8,0.0,6.8165,1.0,0.0,0.0,0.0,0.0
1772,808.02,783.45,1142.8,805.5,22.05,6.1361,1.2121,0.0,-783.45,0.0,6.8165,0.0,-783.45,0.0,6.8165,1.0,0.0,0.0,0.0,0.0
1773,808.26,787.9,1138.75,797.65,9.75,2.779,1.5561,0.0,-787.9,0.0,6.8165,0.0,-787.9,0.0,6.8165,1.0,0.0,0.0,0.0,0.0
1774,808.5,782.7,1138.3,798.1,15.4,4.3307,1.3634,0.0,-782.7,0.0,6.8165,0.0,-782.7,0.0,6.8165,1.0,0.0,0.0,0.0,0.0
1775,808.74,787.35,1147.05,810.4,23.05,6.4081,1.1933,0.0,-787.35,0.0,6.8165,0.0,-787.35,0.0,6.8165,1.0,0.0,0.0,0.0,0.0
1776,808.98,778.35,1143.55,788.45,10.1,2.7656,1.5582,0.0,-778.35,0.0,6.8165,0.0,-778.35,0.0,6.8165,1.0,0.0,0.0,0.0,0.0
1777,809.22,782.55,1134.25,788.65,6.1,1.7344,1.7608,0.0,-782.55,0.0,6.8165,0.0,-782.55,0.0,6.8165,1.0,0.0,0.0,0.0,0.0
1778,809.45,777.5,1175.05,803.6,26.1,6.5652,1.1828,0.0,-777.5,0.0,6.8165,0.0,-777.5,0.0,6.8165,1.0,0.0,0.0,0.0,0.0
1779,809.69,788.4,1138.4,793.2,4.8,1.3714,1.8628,0.0,-788.4,0.0,6.8165,0.0,-788.4,0.0,6.8165,1.0,0.0,0.0,0.0,0.0
1780,809.93,794.85,1138.85,800.5,5.65,1.6424,1.7845,0.0,-794.85,0.0,6.8165,0.0,-794.85,0.0,6.8165,1.0,0.0,0.0,0.0,0.0
1781,810.17,781.25,1144.05,802.0,20.75,5.7194,1.2426,0.0,-781.25,0.0,6.8165,0.0,-781.25,0.0,6.8165,1.0,0.0,0.0,0.0,0.0
1782,810.41,775.75,1151.0,793.95,18.2,4.8501,1.3142,0.0,-775.75,0.0,6.8165,0.0,-775.75,0.0,6.8165,1.0,0.0,0.0,0.0,0.0
1783,810.64,788.6,1158.2,789.7,1.1,0.2976,2.5263,0.0,-788.6,0.0,6.8165,0.0,-788.6,0.0,6.8165,1.0,0.0,0.0,0.0,0.0
1784,810.88,786.25,1148.25,800.7,14.45,3.9917,1.3988,0.0,-786.25,0.0,6.8165,0.0,-786.25,0.0,6.8165,1.0,0.0,0.0,0.0,0.0
1785,811.12,779.9,1155.65,790.2,10.3,2.7412,1.5621,0.0,-779.9,0.0,6.8165,0.0,-779.9,0.0,6.8165,1.0,0.0,0.0,0.0,0.0
1786,811.36,775.95,1152.75,806.1,30.15,8.0016,1.0968,0.0,-775.95,0.0,6.8165,0.0,-775.95,0.0,6.8165,1.0,0.0,0.0,0.0,0.0
1787,811.59,789.85,1162.5,799.45,9.6,2.5761,1.589,0.0,-789.85,0.0,6.8165,0.0,-789.85,0.0,6.8165,1.0,0.0,0.0,0.0,0.0
1788,811.83,781.2,1145.65,810.75,29.55,8.1081,1.0911,0.0,-781.2,0.0,6.8165,0.0,-781.2,0.0,6.8165,1.0,0.0,0.0,0.0,0.0
1789,812.07,786.55,1154.2,812.3,25.75,7.0039,1.1547,0.0,-786.55,0.0,6.8165,0.0,-786.55,0.0,6.8165,1.0,0.0,0.0,0.0,0.0
1790,812.31,800.55,1172.25,786.45,-14.1,0.0,6.8165,0.0,-800.55,0.0,6.8165,0.0,-800.55,0.0,6.8165,1.0,0.0,0.0,0.0,0.0
1791,812.54,793.55,1178.5,798.55,5.0,1.2989,1.8864,0.0,-793.55,0.0,6.8165,0.0,-793.55,0.0,6.8165,1.0,0.0,0.0,0.0,0.0
1792,812.78,787.15,1182.75,803.9,16.75,4.2341,1.3732,0.0,-787.15,0.0,6.8165,0.0,-787.15,0.0,6.8165,1.0,0.0,0.0,0.0,0.0
1793,813.02,793.95,1159.7,798.45,4.5,1.2303,1.91,0.0,-793.95,0.0,6.8165,0.0,-793.95,0.0,6.8165,1.0,0.0,0.0,0.0,0.0
1794,813.25,807.35,1171.55,792.3,-15.05,0.0,6.8165,0.0,-807.35,0.0,6.8165,0.0,-807.35,0.0,6.8165,1.0,0.0,0.0,0.0,0.0
1795,813.49,789.25,1182.1,800.3,11.05,2.8128,1.5509,0.0,-789.25,0.0,6.8165,0.0,-789.25,0.0,6.8165,1.0,0.0,0.0,0.0,0.0
1796,813.73,785.3,1176.1,793.25,7.95,2.0343,1.6916,0.0,-785.3,0.0,6.8165,0.0,-785.3,0.0,6.8165,1.0,0.0,0.0,0.0,0.0
1797,813.96,774.15,1162.95,800.3,26.15,6.7258,1.1723,0.0,-774.15,0.0,6.8165,0.0,-774.15,0.0,6.8165,1.0,0.0,0.0,0.0,0.0
1798,814.2,795.8,1176.75,806.7,10.9,2.8613,1.5434,0.0,-795.8,0.0,6.8165,0.0,-795.8,0.0,6.8165,1.0,0.0,0.0,0.0,0.0
1799,814.44,785.45,1163.05,798.55,13.1,3.4693,1.4598,0.0,-785.45,0.0,6.8165,0.0,-785.45,0.0,6.8165,1.0,0.0,0.0,0.0,0.0
1800,814.67,774.45,1186.35,790.75,16.3,3.9573,1.4026,0.0,-774.45,0.0,6.8165,0.0,-774.45,0.0,6.8165,1.0,0.0,0.0,0.0,0.0
1801,814.91,768.5,1160.8,784.6,16.1,4.104,1.3868,0.0,-768.5,0.0,6.8165,0.0,-768.5,0.0,6.8165,1.0,0.0,0.0,0.0,0.0
1802,815.14,767.75,1166.7,792.5,24.75,6.2038,1.2073,0.0,-767.75,0.0,6.8165,0.0,-767.75,0.0,6.8165,1.0,0.0,0.0,0.0,0.0
1803,815.38,791.1,1176.05,792.55,1.45,0.3767,2.424,0.0,-791.1,0.0,6.8165,0.0,-791.1,0.0,6.8165,1.0,0.0,0.0,0.0,0.0
1804,815.61,767.45,1183.15,793.55,26.1,6.2786,1.2021,0.0,-767.45,0.0,6.8165,0.0,-767.45,0.0,6.8165,1.0,0.0,0.0,0.0,0.0
1805,815.85,783.55,1173.25,801.1,17.55,4.5035,1.3465,0.0,-783.55,0.0,6.8165,0.0,-783.55,0.0,6.8165,1.0,0.0,0.0,0.0,0.0
1806,816.09,784.7,1167.7,802.2,17.5,4.5692,1.3402,0.0,-784.7,0.0,6.8165,0.0,-784.7,0.0,6.8165,1.0,0.0,0.0,0.0,0.0
1807,816.32,782.8,1192.85,785.05,2.25,0.5487,2.2607,0.0,-782.8,0.0,6.8165,0.0,-782.8,0.0,6.8165,1.0,0.0,0.0,0.0,0.0
1808,816.56,785.15,1195.95,802.85,17.7,4.3087,1.3657,0.0,-785.15,0.0,6.8165,0.0,-785.15,0.0,6.8165,1.0,0.0,0.0,0.0,0.0
1809,816.79,788.25,1178.2,790.85,2.6,0.6668,2.176,0.0,-788.25,0.0,6.8165,0.0,-788.25,0.0,6.8165,1.0,0.0,0.0,0.0,0.0
1810,817.03,777.55,1178.25,805.55,28.0,6.9878,1.1557,0.0,-777.55,0.0,6.8165,0.0,-777.55,0.0,6.8165,1.0,0.0,0.0,0.0,0.0
1811,817.26,788.75,1196.65,797.4,8.65,2.1206,1.6735,0.0,-788.75,0.0,6.8165,0.0,-788.75,0.0,6.8165,1.0,0.0,0.0,0.0,0.0
1812,817.5,775.05,1192.2,796.45,21.4,5.13,1.2899,0.0,-775.05,0.0,6.8165,0.0,-775.05,0.0,6.8165,1.0,0.0,0.0,0.0,0.0
1813,817.73,798.05,1200.6,789.45,-8.6,0.0,6.8165,0.0,-798.05,0.0,6.8165,0.0,-798.05,0.0,6.8165,1.0,0.0,0.0,0.0,0.0
1814,817.97,793.8,1197.4,793.15,-0.65,0.0,6.8165,0.0,-793.8,0.0,6.8165,0.0,-793.8,0.0,6.8165,1.0,0.0,0.0,0.0,0.0
1815,818.2,785.6,1211.1,801.8,16.2,3.8073,1.4194,0.0,-785.6,0.0,6.8165,0.0,-785.6,0.0,6.8165,1.0,0.0,0.0,0.0,0.0
1816,818.43,791.4,1200.15,795.5,4.1,1.0031,1.9987,0.0,-791.4,0.0,6.8165,0.0,-791.4,0.0,6.8165,1.0,0.0,0.0,0.0,0.0
1817,818.67,783.15,1216.35,792.55,9.4,2.1699,1.6636,0.0,-783.15,0.0,6.8165,0.0,-783.15,0.0,6.8165,1.0,0.0,0.0,0.0,0.0
1818,818.9,788.65,1206.6,795.65,7.0,1.6748,1.776,0.0,-788.65,0.0,6.8165,0.0,-788.65,0.0,6.8165,1.0,0.0,0.0,0.0,0.0
1819,819.14,806.1,1203.9,790.35,-15.75,0.0,6.8165,0.0,-806.1,0.0,6.8165,0.0,-806.1,0.0,6.8165,1.0,0.0,0.0,0.0,0.0
1820,819.37,789.95,1202.15,794.45,4.5,1.0917,1.9619,0.0,-789.95,0.0,6.8165,0.0,-789.95,0.0,6.8165,1.0,0.0,0.0,0.0,0.0
1821,819.61,795.1,1230.05,789.05,-6.05,0.0,6.8165,0.0,-795.1,0.0,6.8165,0.0,-795.1,0.0,6.8165,1.0,0.0,0.0,0.0,0.0
1822,819.84,787.75,1210.4,797.1,9.35,2.2122,1.6552,0.0,-787.75,0.0,6.8165,0.0,-787.75,0.0,6.8165,1.0,0.0,0.0,0.0,0.0
1823,820.07,773.8,1209.05,786.2,12.4,2.8489,1.5453,0.0,-773.8,0.0,6.8165,0.0,-773.8,0.0,6.8165,1.0,0.0,0.0,0.0,0.0
1824,820.31,783.15,1238.1,788.45,5.3,1.165,1.9337,0.0,-783.15,0.0,6.8165,0.0,-783.15,0.0,6.8165,1.0,0.0,0.0,0.0,0.0
1825,820.54,792.35,1219.0,799.85,7.5,1.7579,1.755,0.0,-792.35,0.0,6.8165,0.0,-792.35,0.0,6.8165,1.0,0.0,0.0,0.0,0.0
1826,820.77,784.15,1242.3,795.45,11.3,2.4664,1.6079,0.0,-784.15,0.0,6.8165,0.0,-784.15,0.0,6.8165,1.0,0.0,0.0,0.0,0.0
1827,821.01,780.95,1249.3,800.2,19.25,4.1102,1.3861,0.0,-780.95,0.0,6.8165,0.0,-780.95,0.0,6.8165,1.0,0.0,0.0,0.0,0.0
1828,821.24,785.85,1254.75,803.4,17.55,3.7428,1.4268,0.0,-785.85,0.0,6.8165,0.0,-785.85,0.0,6.8165,1.0,0.0,0.0,0.0,0.0
1829,821.47,787.1,1270.8,793.85,6.75,1.3955,1.8553,0.0,-787.1,0.0,6.8165,0.0,-787.1,0.0,6.8165,1.0,0.0,0.0,0.0,0.0
1830,821.71,786.4,1265.2,796.55,10.15,2.1199,1.6737,0.0,-786.4,0.0,6.8165,0.0,-786.4,0.0,6.8165,1.0,0.0,0.0,0.0,0.0
1831,821.94,781.65,1276.3,796.3,14.65,2.9617,1.5285,0.0,-781.65,0.0,6.8165,0.0,-781.65,0.0,6.8165,1.0,0.0,0.0,0.0,0.0
1832,822.17,788.8,1291.4,813.85,25.05,4.9841,1.3024,0.0,-788.8,0.0,6.8165,0.0,-788.8,0.0,6.8165,1.0,0.0,0.0,0.0,0.0
1833,822.4,781.65,1302.8,782.25,0.6,0.1151,2.9388,0.0,-781.65,0.0,6.8165,0.0,-781.65,0.0,6.8165,1.0,0.0,0.0,0.0,0.0
1834,822.64,773.25,1323.15,787.3,14.05,2.555,1.5926,0.0,-773.25,0.0,6.8165,0.0,-773.25,0.0,6.8165,1.0,0.0,0.0,0.0,0.0
1835,822.87,782.7,1334.2,803.5,20.8,3.7715,1.4235,0.0,-782.7,0.0,6.8165,0.0,-782.7,0.0,6.8165,1.0,0.0,0.0,0.0,0.0
1836,823.1,779.3,1369.9,792.15,12.85,2.1758,1.6624,0.0,-779.3,0.0,6.8165,0.0,-779.3,0.0,6.8165,1.0,0.0,0.0,0.0,0.0
1837,823.33,791.25,1388.1,799.5,8.25,1.3823,1.8594,0.0,-791.25,0.0,6.8165,0.0,-791.25,0.0,6.8165,1.0,0.0,0.0,0.0,0.0
1838,823.57,777.05,1421.55,802.95,25.9,4.0186,1.3959,0.0,-777.05,0.0,6.8165,0.0,-777.05,0.0,6.8165,1.0,0.0,0.0,0.0,0.0
1839,823.8,782.75,1447.6,781.2,-1.55,0.0,6.8165,0.0,-782.75,0.0,6.8165,0.0,-782.75,0.0,6.8165,1.0,0.0,0.0,0.0,0.0
1840,824.03,781.0,1469.8,793.8,12.8,1.8583,1.7309,0.0,-781.0,0.0,6.8165,0.0,-781.0,0.0,6.8165,1.0,0.0,0.0,0.0,0.0
1841,824.26,773.2,1505.45,794.45,21.25,2.902,1.5373,0.0,-773.2,0.0,6.8165,0.0,-773.2,0.0,6.8165,1.0,0.0,0.0,0.0,0.0
1842,824.49,786.65,1547.5,791.5,4.85,0.6374,2.1956,0.0,-786.65,0.0,6.8165,0.0,-786.65,0.0,6.8165,1.0,0.0,0.0,0.0,0.0
1843,824.73,771.7,1552.8,794.15,22.45,2.8742,1.5415,0.0,-771.7,0.0,6.8165,0.0,-771.7,0.0,6.8165,1.0,0.0,0.0,0.0,0.0
1844,824.96,785.95,1570.15,785.5,-0.45,0.0,6.8165,0.0,-785.95,0.0,6.8165,0.0,-785.95,0.0,6.8165,1.0,0.0,0.0,0.0,0.0
1845,825.19,781.35,1563.6,801.85,20.5,2.6206,1.5816,0.0,-781.35,0.0,6.8165,0.0,-781.35,0.0,6.8165,1.0,0.0,0.0,0.0,0.0
1846,825.42,792.85,1564.15,800.25,7.4,0.9594,2.018,0.0,-792.85,0.0,6.8165,0.0,-792.85,0.0,6.8165,1.0,0.0,0.0,0.0,0.0
1847,825.65,785.5,1557.55,795.85,10.35,1.3406,1.8727,0.0,-785.5,0.0,6.8165,0.0,-785.5,0.0,6.8165,1.0,0.0,0.0,0.0,0.0
1848,825.88,783.75,1534.2,801.1,17.35,2.3119,1.636,0.0,-783.75,0.0,6.8165,0.0,-783.75,0.0,6.8165,1.0,0.0,0.0,0.0,0.0
1849,826.11,780.9,1500.5,802.35,21.45,2.9808,1.5257,0.0,-780.9,0.0,6.8165,0.0,-780.9,0.0,6.8165,1.0,0.0,0.0,0.0,0.0
1850,826.34,788.85,1486.35,810.15,21.3,3.0538,1.5152,0.0,-788.85,0.0,6.8165,0.0,-788.85,0.0,6.8165,1.0,0.0,0.0,0.0,0.0
1851,826.57,791.8,1466.7,796.45,4.65,0.689,2.1618,0.0,-791.8,0.0,6.8165,0.0,-791.8,0.0,6.8165,1.0,0.0,0.0,0.0,0.0
1852,826.81,792.35,1459.1,794.25,1.9,0.285,2.5452,0.0,-792.35,0.0,6.8165,0.0,-792.35,0.0,6.8165,1.0,0.0,0.0,0.0,0.0
1853,827.04,780.45,1452.9,779.15,-1.3,0.0,6.8165,0.0,-780.45,0.0,6.8165,0.0,-780.45,0.0,6.8165,1.0,0.0,0.0,0.0,0.0
1854,827.27,769.9,1414.05,801.2,31.3,4.8591,1.3134,0.0,-769.9,0.0,6.8165,0.0,-769.9,0.0,6.8165,1.0,0.0,0.0,0.0,0.0
1855,827.5,778.9,1425.35,804.25,25.35,3.9214,1.4066,0.0,-778.9,0.0,6.8165,0.0,-778.9,0.0,6.8165,1.0,0.0,0.0,0.0,0.0
1856,827.73,780.2,1391.5,801.1,20.9,3.4189,1.4661,0.0,-780.2,0.0,6.8165,0.0,-780.2,0.0,6.8165,1.0,0.0,0.0,0.0,0.0
1857,827.96,780.2,1387.35,778.4,-1.8,0.0,6.8165,0.0,-780.2,0.0,6.8165,0.0,-780.2,0.0,6.8165,1.0,0.0,0.0,0.0,0.0
1858,828.19,786.55,1393.85,795.1,8.55,1.4079,1.8514,0.0,-786.55,0.0,6.8165,0.0,-786.55,0.0,6.8165,1.0,0.0,0.0,0.0,0.0
1859,828.42,775.6,1399.3,789.7,14.1,2.2607,1.6458,0.0,-775.6,0.0,6.8165,0.0,-775.6,0.0,6.8165,1.0,0.0,0.0,0.0,0.0
1860,828.65,776.35,1404.3,808.6,32.25,5.1358,1.2894,0.0,-776.35,0.0,6.8165,0.0,-776.35,0.0,6.8165,1.0,0.0,0.0,0.0,0.0
1861,828.88,779.85,1399.2,798.9,19.05,3.0758,1.512,0.0,-779.85,0.0,6.8165,0.0,-779.85,0.0,6.8165,1.0,0.0,0.0,0.0,0.0
1862,829.11,785.4,1423.0,807.75,22.35,3.5053,1.4553,0.0,-785.4,0.0,6.8165,0.0,-785.4,0.0,6.8165,1.0,0.0,0.0,0.0,0.0
1863,829.34,771.4,1425.15,794.15,22.75,3.4799,1.4584,0.0,-771.4,0.0,6.8165,0.0,-771.4,0.0,6.8165,1.0,0.0,0.0,0.0,0.0
1864,829.57,773.15,1423.15,792.3,19.15,2.9462,1.5307,0.0,-773.15,0.0,6.8165,0.0,-773.15,0.0,6.8165,1.0,0.0,0.0,0.0,0.0
1865,829.8,780.5,1426.9,798.0,17.5,2.7073,1.5675,0.0,-780.5,0.0,6.8165,0.0,-780.5,0.0,6.8165,1.0,0.0,0.0,0.0,0.0
1866,830.03,782.1,1414.0,800.9,18.8,2.9752,1.5265,0.0,-782.1,0.0,6.8165,0.0,-782.1,0.0,6.8165,1.0,0.0,0.0,0.0,0.0
1867,830.25,782.5,1385.15,802.15,19.65,3.2606,1.4867,0.0,-782.5,0.0,6.8165,0.0,-782.5,0.0,6.8165,1.0,0.0,0.0,0.0,0.0
1868,830.48,781.65,1377.9,796.4,14.75,2.4738,1.6066,0.0,-781.65,0.0,6.8165,0.0,-781.65,0.0,6.8165,1.0,0.0,0.0,0.0,0.0
1869,830.71,777.7,1345.85,797.75,20.05,3.529,1.4523,0.0,-777.7,0.0,6.8165,0.0,-777.7,0.0,6.8165,1.0,0.0,0.0,0.0,0.0
1870,830.94,781.4,1338.85,800.65,19.25,3.4532,1.4618,0.0,-781.4,0.0,6.8165,0.0,-781.4,0.0,6.8165,1.0,0.0,0.0,0.0,0.0
1871,831.17,781.05,1313.25,791.8,10.75,2.0199,1.6947,0.0,-781.05,0.0,6.8165,0.0,-781.05,0.0,6.8165,1.0,0.0,0.0,0.0,0.0
1872,831.4,784.95,1317.15,803.25,18.3,3.4386,1.4636,0.0,-784.95,0.0,6.8165,0.0,-784.95,0.0,6.8165,1.0,0.0,0.0,0.0,0.0
1873,831.63,779.15,1288.6,798.6,19.45,3.8178,1.4182,0.0,-779.15,0.0,6.8165,0.0,-779.15,0.0,6.8165,1.0,0.0,0.0,0.0,0.0
1874,831.86,797.05,1284.2,790.65,-6.4,0.0,6.8165,0.0,-797.05,0.0,6.8165,0.0,-797.05,0.0,6.8165,1.0,0.0,0.0,0.0,0.0
1875,832.08,781.35,1272.45,796.6,15.25,3.1053,1.5079,0.0,-781.35,0.0,6.8165,0.0,-781.35,0.0,6.8165,1.0,0.0,0.0,0.0,0.0
1876,832.31,796.05,1264.8,788.0,-8.05,0.0,6.8165,0.0,-796.05,0.0,6.8165,0.0,-796.05,0.0,6.8165,1.0,0.0,0.0,0.0,0.0
1877,832.54,778.5,1254.3,798.95,20.45,4.298,1.3667,0.0,-778.5,0.0,6.8165,0.0,-778.5,0.0,6.8165,1.0,0.0,0.0,0.0,0.0
1878,832.77,798.0,1239.5,798.7,0.7,0.1586,2.7998,0.0,-798.0,0.0,6.8165,0.0,-798.0,0.0,6.8165,1.0,0.0,0.0,0.0,0.0
1879,833.0,779.35,1260.45,798.9,19.55,4.0636,1.3911,0.0,-779.35,0.0,6.8165,0.0,-779.35,0.0,6.8165,1.0,0.0,0.0,0.0,0.0
1880,833.22,790.05,1235.25,795.3,5.25,1.1792,1.9284,0.0,-790.05,0.0,6.8165,0.0,-790.05,0.0,6.8165,1.0,0.0,0.0,0.0,0.0
1881,833.45,791.35,1242.2,795.8,4.45,0.987,2.0057,0.0,-791.35,0.0,6.8165,0.0,-791.35,0.0,6.8165,1.0,0.0,0.0,0.0,0.0
1882,833.68,794.0,1234.15,808.65,14.65,3.3284,1.4778,0.0,-794.0,0.0,6.8165,0.0,-794.0,0.0,6.8165,1.0,0.0,0.0,0.0,0.0
1883,833.91,798.85,1241.2,810.95,12.1,2.7354,1.563,0.0,-798.85,0.0,6.8165,0.0,-798.85,0.0,6.8165,1.0,0.0,0.0,0.0,0.0
1884,834.13,796.6,1224.6,797.7,1.1,0.257,2.5901,0.0,-796.6,0.0,6.8165,0.0,-796.6,0.0,6.8165,1.0,0.0,0.0,0.0,0.0
1885,834.36,799.9,1217.95,806.1,6.2,1.4831,1.8288,0.0,-799.9,0.0,6.8165,0.0,-799.9,0.0,6.8165,1.0,0.0,0.0,0.0,0.0
1886,834.59,790.1,1223.25,801.5,11.4,2.6319,1.5797,0.0,-790.1,0.0,6.8165,0.0,-790.1,0.0,6.8165,1.0,0.0,0.0,0.0,0.0
1887,834.82,784.95,1230.75,792.0,7.05,1.5814,1.801,0.0,-784.95,0.0,6.8165,0.0,-784.95,0.0,6.8165,1.0,0.0,0.0,0.0,0.0
1888,835.04,788.8,1242.3,799.35,10.55,2.3264,1.6333,0.0,-788.8,0.0,6.8165,0.0,-788.8,0.0,6.8165,1.0,0.0,0.0,0.0,0.0
1889,835.27,789.8,1256.65,795.35,5.55,1.1888,1.9249,0.0,-789.8,0.0,6.8165,0.0,-789.8,0.0,6.8165,1.0,0.0,0.0,0.0,0.0
1890,835.5,787.3,1273.15,786.6,-0.7,0.0,6.8165,0.0,-787.3,0.0,6.8165,0.0,-787.3,0.0,6.8165,1.0,0.0,0.0,0.0,0.0
1891,835.72,767.05,1286.5,796.0,28.95,5.5732,1.2539,0.0,-767.05,0.0,6.8165,0.0,-767.05,0.0,6.8165,1.0,0.0,0.0,0.0,0.0
1892,835.95,780.65,1275.9,792.4,11.75,2.3725,1.6248,0.0,-780.65,0.0,6.8165,0.0,-780.65,0.0,6.8165,1.0,0.0,0.0,0.0,0.0
1893,836.18,767.85,1262.6,786.15,18.3,3.6988,1.4319,0.0,-767.85,0.0,6.8165,0.0,-767.85,0.0,6.8165,1.0,0.0,0.0,0.0,0.0
1894,836.4,775.95,1277.6,783.75,7.8,1.5549,1.8083,0.0,-775.95,0.0,6.8165,0.0,-775.95,0.0,6.8165,1.0,0.0,0.0,0.0,0.0
1895,836.63,781.55,1293.95,790.8,9.25,1.8052,1.7435,0.0,-781.55,0.0,6.8165,0.0,-781.55,0.0,6.8165,1.0,0.0,0.0,0.0,0.0
1896,836.86,780.2,1279.9,794.35,14.15,2.8317,1.548,0.0,-780.2,0.0,6.8165,0.0,-780.2,0.0,6.8165,1.0,0.0,0.0,0.0,0.0
1897,837.08,782.9,1257.95,800.25,17.35,3.6522,1.4374,0.0,-782.9,0.0,6.8165,0.0,-782.9,0.0,6.8165,1.0,0.0,0.0,0.0,0.0
1898,837.31,789.55,1255.45,792.85,3.3,0.7083,2.1498,0.0,-789.55,0.0,6.8165,0.0,-789.55,0.0,6.8165,1.0,0.0,0.0,0.0,0.0
1899,837.53,790.7,1242.45,801.2,10.5,2.3243,1.6337,0.0,-790.7,0.0,6.8165,0.0,-790.7,0.0,6.8165,1.0,0.0,0.0,0.0,0.0
1900,837.76,802.95,1252.55,791.95,-11.0,0.0,6.8165,0.0,-802.95,0.0,6.8165,0.0,-802.95,0.0,6.8165,1.0,0.0,0.0,0.0,0.0
1901,837.99,783.05,1226.5,797.75,14.7,3.3149,1.4795,0.0,-783.05,0.0,6.8165,0.0,-783.05,0.0,6.8165,1.0,0.0,0.0,0.0,0.0
1902,838.21,796.55,1222.95,793.65,-2.9,0.0,6.8165,0.0,-796.55,0.0,6.8165,0.0,-796.55,0.0,6.8165,1.0,0.0,0.0,0.0,0.0
1903,838.44,789.15,1225.2,806.2,17.05,3.9101,1.4078,0.0,-789.15,0.0,6.8165,0.0,-789.15,0.0,6.8165,1.0,0.0,0.0,0.0,0.0
1904,838.66,787.35,1206.4,799.4,12.05,2.8756,1.5413,0.0,-787.35,0.0,6.8165,0.0,-787.35,0.0,6.8165,1.0,0.0,0.0,0.0,0.0
1905,838.89,789.3,1195.95,793.0,3.7,0.9099,2.041,0.0,-789.3,0.0,6.8165,0.0,-789.3,0.0,6.8165,1.0,0.0,0.0,0.0,0.0
1906,839.11,784.8,1199.1,802.0,17.2,4.1516,1.3818,0.0,-784.8,0.0,6.8165,0.0,-784.8,0.0,6.8165,1.0,0.0,0.0,0.0,0.0
1907,839.34,791.2,1188.0,794.05,2.85,0.7182,2.1437,0.0,-791.2,0.0,6.8165,0.0,-791.2,0.0,6.8165,1.0,0.0,0.0,0.0,0.0
1908,839.56,786.05,1181.05,805.75,19.7,4.9873,1.3021,0.0,-786.05,0.0,6.8165,0.0,-786.05,0.0,6.8165,1.0,0.0,0.0,0.0,0.0
1909,839.79,790.55,1183.8,791.9,1.35,0.3433,2.4643,0.0,-790.55,0.0,6.8165,0.0,-790.55,0.0,6.8165,1.0,0.0,0.0,0.0,0.0
1910,840.01,793.8,1192.95,799.85,6.05,1.5157,1.8194,0.0,-793.8,0.0,6.8165,0.0,-793.8,0.0,6.8165,1.0,0.0,0.0,0.0,0.0
1911,840.24,795.85,1168.95,798.55,2.7,0.7237,2.1405,0.0,-795.85,0.0,6.8165,0.0,-795.85,0.0,6.8165,1.0,0.0,0.0,0.0,0.0
1912,840.46,783.4,1188.25,793.3,9.9,2.4454,1.6117,0.0,-783.4,0.0,6.8165,0.0,-783.4,0.0,6.8165,1.0,0.0,0.0,0.0,0.0
1913,840.69,790.55,1182.8,801.25,10.7,2.7279,1.5642,0.0,-790.55,0.0,6.8165,0.0,-790.55,0.0,6.8165,1.0,0.0,0.0,0.0,0.0
1914,840.91,789.65,1183.6,795.3,5.65,1.4342,1.8434,0.0,-789.65,0.0,6.8165,0.0,-789.65,0.0,6.8165,1.0,0.0,0.0,0.0,0.0
1915,841.13,787.35,1175.25,800.85,13.5,3.4803,1.4584,0.0,-787.35,0.0,6.8165,0.0,-787.35,0.0,6.8165,1.0,0.0,0.0,0.0,0.0
1916,841.36,798.8,1186.1,794.3,-4.5,0.0,6.8165,0.0,-798.8,0.0,6.8165,0.0,-798.8,0.0,6.8165,1.0,0.0,0.0,0.0,0.0
1917,841.58,794.75,1168.45,805.65,10.9,2.9168,1.5351,0.0,-794.75,0.0,6.8165,0.0,-794.75,0.0,6.8165,1.0,0.0,0.0,0.0,0.0
1918,841.81,777.0,1170.1,783.95,6.95,1.768,1.7525,0.0,-777.0,0.0,6.8165,0.0,-777.0,0.0,6.8165,1.0,0.0,0.0,0.0,0.0
1919,842.03,778.05,1195.65,801.85,23.8,5.6992,1.2442,0.0,-778.05,0.0,6.8165,0.0,-778.05,0.0,6.8165,1.0,0.0,0.0,0.0,0.0
1920,842.25,779.85,1187.6,797.45,17.6,4.3164,1.3649,0.0,-779.85,0.0,6.8165,0.0,-779.85,0.0,6.8165,1.0,0.0,0.0,0.0,0.0
1921,842.48,788.7,1184.65,786.35,-2.35,0.0,6.8165,0.0,-788.7,0.0,6.8165,0.0,-788.7,0.0,6.8165,1.0,0.0,0.0,0.0,0.0
1922,842.7,795.7,1178.55,790.1,-5.6,0.0,6.8165,0.0,-795.7,0.0,6.8165,0.0,-795.7,0.0,6.8165,1.0,0.0,0.0,0.0,0.0
1923,842.92,782.55,1191.1,794.85,12.3,3.0106,1.5213,0.0,-782.55,0.0,6.8165,0.0,-782.55,0.0,6.8165,1.0,0.0,0.0,0.0,0.0
1924,843.15,777.75,1196.35,800.9,23.15,5.5303,1.2572,0.0,-777.75,0.0,6.8165,0.0,-777.75,0.0,6.8165,1.0,0.0,0.0,0.0,0.0
1925,843.37,776.95,1179.85,797.05,20.1,4.9888,1.302,0.0,-776.95,0.0,6.8165,0.0,-776.95,0.0,6.8165,1.0,0.0,0.0,0.0,0.0
1926,843.59,779.15,1185.35,793.85,14.7,3.6189,1.4414,0.0,-779.15,0.0,6.8165,0.0,-779.15,0.0,6.8165,1.0,0.0,0.0,0.0,0.0
1927,843.82,784.75,1183.05,784.4,-0.35,0.0,6.8165,0.0,-784.75,0.0,6.8165,0.0,-784.75,0.0,6.8165,1.0,0.0,0.0,0.0,0.0
1928,844.04,784.25,1179.05,782.95,-1.3,0.0,6.8165,0.0,-784.25,0.0,6.8165,0.0,-784.25,0.0,6.8165,1.0,0.0,0.0,0.0,0.0
1929,844.26,777.65,1167.5,796.85,19.2,4.925,1.3076,0.0,-777.65,0.0,6.8165,0.0,-777.65,0.0,6.8165,1.0,0.0,0.0,0.0,0.0
1930,844.49,785.05,1179.35,794.45,9.4,2.384,1.6227,0.0,-785.05,0.0,6.8165,0.0,-785.05,0.0,6.8165,1.0,0.0,0.0,0.0,0.0
1931,844.71,782.55,1161.95,806.9,24.35,6.418,1.1926,0.0,-782.55,0.0,6.8165,0.0,-782.55,0.0,6.8165,1.0,0.0,0.0,0.0,0.0
1932,844.93,793.95,1169.5,815.85,21.9,5.8314,1.2342,0.0,-793.95,0.0,6.8165,0.0,-793.95,0.0,6.8165,1.0,0.0,0.0,0.0,0.0
1933,845.15,800.85,1154.9,801.65,0.8,0.226,2.646,0.0,-800.85,0.0,6.8165,0.0,-800.85,0.0,6.8165,1.0,0.0,0.0,0.0,0.0
1934,845.38,780.85,1132.7,803.7,22.85,6.4942,1.1875,0.0,-780.85,0.0,6.8165,0.0,-780.85,0.0,6.8165,1.0,0.0,0.0,0.0,0.0
1935,845.6,779.0,1120.7,786.05,7.05,2.0632,1.6855,0.0,-779.0,0.0,6.8165,0.0,-779.0,0.0,6.8165,1.0,0.0,0.0,0.0,0.0
1936,845.82,785.5,1146.0,792.15,6.65,1.8447,1.7341,0.0,-785.5,0.0,6.8165,0.0,-785.5,0.0,6.8165,1.0,0.0,0.0,0.0,0.0
1937,846.04,810.4,1155.85,808.4,-2.0,0.0,6.8165,0.0,-810.4,0.0,6.8165,0.0,-810.4,0.0,6.8165,1.0,0.0,0.0,0.0,0.0
1938,846.26,790.55,1154.65,785.6,-4.95,0.0,6.8165,0.0,-790.55,0.0,6.8165,0.0,-790.55,0.0,6.8165,1.0,0.0,0.0,0.0,0.0
1939,846.48,786.85,1145.4,804.85,18.0,5.0202,1.2993,0.0,-786.85,0.0,6.8165,0.0,-786.85,0.0,6.8165,1.0,0.0,0.0,0.0,0.0
1940,846.71,782.45,1139.2,791.9,9.45,2.6489,1.5769,0.0,-782.45,0.0,6.8165,0.0,-782.45,0.0,6.8165,1.0,0.0,0.0,0.0,0.0
1941,846.93,777.35,1122.4,794.35,17.0,4.9268,1.3074,0.0,-777.35,0.0,6.8165,0.0,-777.35,0.0,6.8165,1.0,0.0,0.0,0.0,0.0
1942,847.15,802.55,1132.8,794.55,-8.0,0.0,6.8165,0.0,-802.55,0.0,6.8165,0.0,-802.55,0.0,6.8165,1.0,0.0,0.0,0.0,0.0
1943,847.37,789.65,1130.6,795.8,6.15,1.8038,1.7438,0.0,-789.65,0.0,6.8165,0.0,-789.65,0.0,6.8165,1.0,0.0,0.0,0.0,0.0
1944,847.59,780.05,1117.85,795.15,15.1,4.4701,1.3497,0.0,-780.05,0.0,6.8165,0.0,-780.05,0.0,6.8165,1.0,0.0,0.0,0.0,0.0
1945,847.81,784.55,1110.05,795.75,11.2,3.4409,1.4633,0.0,-784.55,0.0,6.8165,0.0,-784.55,0.0,6.8165,1.0,0.0,0.0,0.0,0.0
1946,848.03,791.75,1139.2,790.8,-0.95,0.0,6.8165,0.0,-791.75,0.0,6.8165,0.0,-791.75,0.0,6.8165,1.0,0.0,0.0,0.0,0.0
1947,848.26,787.7,1122.8,803.6,15.9,4.7449,1.3238,0.0,-787.7,0.0,6.8165,0.0,-787.7,0.0,6.8165,1.0,0.0,0.0,0.0,0.0
1948,848.48,775.05,1126.1,788.15,13.1,3.7317,1.4281,0.0,-775.05,0.0,6.8165,0.0,-775.05,0.0,6.8165,1.0,0.0,0.0,0.0,0.0
1949,848.7,775.2,1134.85,800.1,24.9,6.9234,1.1597,0.0,-775.2,0.0,6.8165,0.0,-775.2,0.0,6.8165,1.0,0.0,0.0,0.0,0.0
1950,848.92,787.25,1121.25,784.85,-2.4,0.0,6.8165,0.0,-787.25,0.0,6.8165,0.0,-787.25,0.0,6.8165,1.0,0.0,0.0,0.0,0.0
1951,849.14,790.0,1142.05,793.0,3.0,0.8522,2.0695,0.0,-790.0,0.0,6.8165,0.0,-790.0,0.0,6.8165,1.0,0.0,0.0,0.0,0.0
1952,849.36,784.65,1130.85,791.6,6.95,2.0075,1.6973,0.0,-784.65,0.0,6.8165,0.0,-784.65,0.0,6.8165,1.0,0.0,0.0,0.0,0.0
1953,849.58,777.85,1115.5,793.65,15.8,4.6794,1.3298,0.0,-777.85,0.0,6.8165,0.0,-777.85,0.0,6.8165,1.0,0.0,0.0,0.0,0.0
1954,849.8,782.55,1119.8,808.95,26.4,7.828,1.1063,0.0,-782.55,0.0,6.8165,0.0,-782.55,0.0,6.8165,1.0,0.0,0.0,0.0,0.0
1955,850.02,792.1,1116.1,805.4,13.3,4.1049,1.3867,0.0,-792.1,0.0,6.8165,0.0,-792.1,0.0,6.8165,1.0,0.0,0.0,0.0,0.0
1956,850.24,790.35,1113.85,810.0,19.65,6.0742,1.2165,0.0,-790.35,0.0,6.8165,0.0,-790.35,0.0,6.8165,1.0,0.0,0.0,0.0,0.0
1957,850.46,783.9,1102.75,809.6,25.7,8.0602,1.0937,0.0,-783.9,0.0,6.8165,0.0,-783.9,0.0,6.8165,1.0,0.0,0.0,0.0,0.0
1958,850.68,798.4,1137.2,792.25,-6.15,0.0,6.8165,0.0,-798.4,0.0,6.8165,0.0,-798.4,0.0,6.8165,1.0,0.0,0.0,0.0,0.0
1959,850.9,780.35,1118.05,802.55,22.2,6.5739,1.1822,0.0,-780.35,0.0,6.8165,0.0,-780.35,0.0,6.8165,1.0,0.0,0.0,0.0,0.0
1960,851.12,785.6,1119.9,812.35,26.75,8.0018,1.0968,0.0,-785.6,0.0,6.8165,0.0,-785.6,0.0,6.8165,1.0,0.0,0.0,0.0,0.0
1961,851.34,783.3,1113.1,801.4,18.1,5.4882,1.2606,0.0,-783.3,0.0,6.8165,0.0,-783.3,0.0,6.8165,1.0,0.0,0.0,0.0,0.0
1962,851.56,788.15,1135.25,795.85,7.7,2.2184,1.654,0.0,-788.15,0.0,6.8165,0.0,-788.15,0.0,6.8165,1.0,0.0,0.0,0.0,0.0
1963,851.78,784.6,1108.9,799.6,15.0,4.6253,1.3349,0.0,-784.6,0.0,6.8165,0.0,-784.6,0.0,6.8165,1.0,0.0,0.0,0.0,0.0
1964,852.0,800.0,1115.25,791.2,-8.8,0.0,6.8165,0.0,-800.0,0.0,6.8165,0.0,-800.0,0.0,6.8165,1.0,0.0,0.0,0.0,0.0
1965,852.21,785.55,1116.95,792.1,6.55,1.9765,1.7041,0.0,-785.55,0.0,6.8165,0.0,-785.55,0.0,6.8165,1.0,0.0,0.0,0.0,0.0
1966,852.43,784.1,1118.7,784.9,0.8,0.2391,2.6214,0.0,-784.1,0.0,6.8165,0.0,-784.1,0.0,6.8165,1.0,0.0,0.0,0.0,0.0
1967,852.65,794.95,1123.2,796.8,1.85,0.5636,2.249,0.0,-794.95,0.0,6.8165,0.0,-794.95,0.0,6.8165,1.0,0.0,0.0,0.0,0.0
1968,852.87,788.4,1124.6,787.9,-0.5,0.0,6.8165,0.0,-788.4,0.0,6.8165,0.0,-788.4,0.0,6.8165,1.0,0.0,0.0,0.0,0.0
1969,853.09,792.0,1107.4,786.35,-5.65,0.0,6.8165,0.0,-792.0,0.0,6.8165,0.0,-792.0,0.0,6.8165,1.0,0.0,0.0,0.0,0.0
1970,853.31,780.0,1116.85,784.9,4.9,1.4547,1.8372,0.0,-780.0,0.0,6.8165,0.0,-780.0,0.0,6.8165,1.0,0.0,0.0,0.0,0.0
1971,853.53,785.25,1092.1,801.8,16.55,5.3935,1.2681,0.0,-785.25,0.0,6.8165,0.0,-785.25,0.0,6.8165,1.0,0.0,0.0,0.0,0.0
1972,853.74,780.2,1095.55,796.5,16.3,5.1689,1.2866,0.0,-780.2,0.0,6.8165,0.0,-780.2,0.0,6.8165,1.0,0.0,0.0,0.0,0.0
1973,853.96,780.15,1101.8,785.9,5.75,1.7877,1.7477,0.0,-780.15,0.0,6.8165,0.0,-780.15,0.0,6.8165,1.0,0.0,0.0,0.0,0.0
1974,854.18,778.5,1093.7,798.05,19.55,6.2024,1.2074,0.0,-778.5,0.0,6.8165,0.0,-778.5,0.0,6.8165,1.0,0.0,0.0,0.0,0.0
1975,854.4,781.95,1103.2,793.6,11.65,3.6265,1.4405,0.0,-781.95,0.0,6.8165,0.0,-781.95,0.0,6.8165,1.0,0.0,0.0,0.0,0.0
1976,854.62,779.9,1084.65,781.05,1.15,0.3774,2.4232,0.0,-779.9,0.0,6.8165,0.0,-779.9,0.0,6.8165,1.0,0.0,0.0,0.0,0.0
1977,854.83,782.8,1095.15,784.2,1.4,0.4482,2.3485,0.0,-782.8,0.0,6.8165,0.0,-782.8,0.0,6.8165,1.0,0.0,0.0,0.0,0.0
1978,855.05,787.95,1094.9,781.15,-6.8,0.0,6.8165,0.0,-787.95,0.0,6.8165,0.0,-787.95,0.0,6.8165,1.0,0.0,0.0,0.0,0.0
1979,855.27,772.55,1087.75,789.6,17.05,5.4093,1.2669,0.0,-772.55,0.0,6.8165,0.0,-772.55,0.0,6.8165,1.0,0.0,0.0,0.0,0.0
1980,855.49,782.3,1093.65,792.3,10.0,3.2118,1.4932,0.0,-782.3,0.0,6.8165,0.0,-782.3,0.0,6.8165,1.0,0.0,0.0,0.0,0.0
1981,855.71,790.15,1093.9,789.25,-0.9,0.0,6.8165,0.0,-790.15,0.0,6.8165,0.0,-790.15,0.0,6.8165,1.0,0.0,0.0,0.0,0.0
1982,855.92,783.15,1073.7,798.65,15.5,5.3347,1.2729,0.0,-783.15,0.0,6.8165,0.0,-783.15,0.0,6.8165,1.0,0.0,0.0,0.0,0.0
1983,856.14,791.4,1089.95,785.75,-5.65,0.0,6.8165,0.0,-791.4,0.0,6.8165,0.0,-791.4,0.0,6.8165,1.0,0.0,0.0,0.0,0.0
1984,856.36,776.95,1085.35,794.55,17.6,5.7069,1.2436,0.0,-776.95,0.0,6.8165,0.0,-776.95,0.0,6.8165,1.0,0.0,0.0,0.0,0.0
1985,856.57,777.4,1089.75,791.2,13.8,4.4181,1.3548,0.0,-777.4,0.0,6.8165,0.0,-777.4,0.0,6.8165,1.0,0.0,0.0,0.0,0.0
1986,856.79,786.15,1079.25,788.45,2.3,0.7847,2.1053,0.0,-786.15,0.0,6.8165,0.0,-786.15,0.0,6.8165,1.0,0.0,0.0,0.0,0.0
1987,857.01,779.95,1094.85,802.05,22.1,7.0181,1.1538,0.0,-779.95,0.0,6.8165,0.0,-779.95,0.0,6.8165,1.0,0.0,0.0,0.0,0.0
1988,857.22,789.8,1091.75,795.7,5.9,1.954,1.7091,0.0,-789.8,0.0,6.8165,0.0,-789.8,0.0,6.8165,1.0,0.0,0.0,0.0,0.0
1989,857.44,784.95,1084.6,780.5,-4.45,0.0,6.8165,0.0,-784.95,0.0,6.8165,0.0,-784.95,0.0,6.8165,1.0,0.0,0.0,0.0,0.0
1990,857.66,779.3,1095.8,794.2,14.9,4.7077,1.3272,0.0,-779.3,0.0,6.8165,0.0,-779.3,0.0,6.8165,1.0,0.0,0.0,0.0,0.0
1991,857.87,785.4,1071.2,792.4,7.0,2.4493,1.611,0.0,-785.4,0.0,6.8165,0.0,-785.4,0.0,6.8165,1.0,0.0,0.0,0.0,0.0
1992,858.09,778.05,1067.35,794.5,16.45,5.6861,1.2452,0.0,-778.05,0.0,6.8165,0.0,-778.05,0.0,6.8165,1.0,0.0,0.0,0.0,0.0
1993,858.31,783.3,1079.8,791.35,8.05,2.715,1.5662,0.0,-783.3,0.0,6.8165,0.0,-783.3,0.0,6.8165,1.0,0.0,0.0,0.0,0.0
1994,858.52,787.15,1068.75,796.45,9.3,3.3026,1.4811,0.0,-787.15,0.0,6.8165,0.0,-787.15,0.0,6.8165,1.0,0.0,0.0,0.0,0.0
1995,858.74,783.6,1081.45,791.55,7.95,2.6691,1.5736,0.0,-783.6,0.0,6.8165,0.0,-783.6,0.0,6.8165,1.0,0.0,0.0,0.0,0.0
1996,858.95,789.5,1079.3,804.15,14.65,5.0552,1.2963,0.0,-789.5,0.0,6.8165,0.0,-789.5,0.0,6.8165,1.0,0.0,0.0,0.0,0.0
1997,859.17,785.7,1075.85,777.0,-8.7,0.0,6.8165,0.0,-785.7,0.0,6.8165,0.0,-785.7,0.0,6.8165,1.0,0.0,0.0,0.0,0.0
1998,859.39,782.1,1067.7,794.35,12.25,4.2892,1.3676,0.0,-782.1,0.0,6.8165,0.0,-782.1,0.0,6.8165,1.0,0.0,0.0,0.0,0.0
1999,859.6,789.3,1080.4,788.4,-0.9,0.0,6.8165,0.0,-789.3,0.0,6.8165,0.0,-789.3,0.0,6.8165,1.0,0.0,0.0,0.0,0.0
2000,859.82,798.15,1061.85,781.35,-16.8,0.0,6.8165,0.0,-798.15,0.0,6.8165,0.0,-798.15,0.0,6.8165,1.0,0.0,0.0,0.0,0.0
2001,860.03,801.4,1073.9,803.8,2.4,0.8807,2.0552,0.0,-801.4,0.0,6.8165,0.0,-801.4,0.0,6.8165,1.0,0.0,0.0,0.0,0.0
2002,860.25,793.6,1071.4,798.3,4.7,1.6919,1.7716,0.0,-793.6,0.0,6.8165,0.0,-793.6,0.0,6.8165,1.0,0.0,0.0,0.0,0.0
2003,860.46,777.45,1064.05,778.5,1.05,0.3664,2.4361,0.0,-777.45,0.0,6.8165,0.0,-777.45,0.0,6.8165,1.0,0.0,0.0,0.0,0.0
2004,860.68,792.35,1061.5,786.4,-5.95,0.0,6.8165,0.0,-792.35,0.0,6.8165,0.0,-792.35,0.0,6.8165,1.0,0.0,0.0,0.0,0.0
2005,860.89,786.2,1043.05,790.2,4.0,1.5573,1.8076,0.0,-786.2,0.0,6.8165,0.0,-786.2,0.0,6.8165,1.0,0.0,0.0,0.0,0.0
2006,861.11,787.4,1063.95,794.1,6.7,2.4227,1.6157,0.0,-787.4,0.0,6.8165,0.0,-787.4,0.0,6.8165,1.0,0.0,0.0,0.0,0.0
2007,861.32,784.95,1041.4,785.25,0.3,0.117,2.9319,0.0,-784.95,0.0,6.8165,0.0,-784.95,0.0,6.8165,1.0,0.0,0.0,0.0,0.0
2008,861.54,799.05,1052.0,778.5,-20.55,0.0,6.8165,0.0,-799.05,0.0,6.8165,0.0,-799.05,0.0,6.8165,1.0,0.0,0.0,0.0,0.0
2009,861.75,791.35,1046.75,798.8,7.45,2.917,1.5351,0.0,-791.35,0.0,6.8165,0.0,-791.35,0.0,6.8165,1.0,0.0,0.0,0.0,0.0
2010,861.96,778.3,1032.25,790.0,11.7,4.6072,1.3366,0.0,-778.3,0.0,6.8165,0.0,-778.3,0.0,6.8165,1.0,0.0,0.0,0.0,0.0
2011,862.18,769.25,1046.35,789.25,20.0,7.2176,1.1416,0.0,-769.25,0.0,6.8165,0.0,-769.25,0.0,6.8165,1.0,0.0,0.0,0.0,0.0
2012,862.39,786.3,1040.05,780.5,-5.8,0.0,6.8165,0.0,-786.3,0.0,6.8165,0.0,-786.3,0.0,6.8165,1.0,0.0,0.0,0.0,0.0
2013,862.61,790.7,1036.65,799.95,9.25,3.7609,1.4247,0.0,-790.7,0.0,6.8165,0.0,-790.7,0.0,6.8165,1.0,0.0,0.0,0.0,0.0
2014,862.82,774.95,1027.45,780.25,5.3,2.099,1.678,0.0,-774.95,0.0,6.8165,0.0,-774.95,0.0,6.8165,1.0,0.0,0.0,0.0,0.0
2015,863.03,781.1,1027.45,786.9,5.8,2.3544,1.6281,0.0,-781.1,0.0,6.8165,0.0,-781.1,0.0,6.8165,1.0,0.0,0.0,0.0,0.0
2016,863.25,778.95,1040.95,791.05,12.1,4.6183,1.3355,0.0,-778.95,0.0,6.8165,0.0,-778.95,0.0,6.8165,1.0,0.0,0.0,0.0,0.0
2017,863.46,781.85,1026.9,781.1,-0.75,0.0,6.8165,0.0,-781.85,0.0,6.8165,0.0,-781.85,0.0,6.8165,1.0,0.0,0.0,0.0,0.0
2018,863.68,768.7,1017.25,793.8,25.1,10.0986,0.9957,0.0,-768.7,0.0,6.8165,0.0,-768.7,0.0,6.8165,1.0,0.0,0.0,0.0,0.0
2019,863.89,770.25,1023.85,798.15,27.9,11.0016,0.9585,0.0,-770.25,0.0,6.8165,0.0,-770.25,0.0,6.8165,1.0,0.0,0.0,0.0,0.0
2020,864.1,797.55,1019.35,791.05,-6.5,0.0,6.8165,0.0,-797.55,0.0,6.8165,0.0,-797.55,0.0,6.8165,1.0,0.0,0.0,0.0,0.0
2021,864.32,790.95,1019.45,792.65,1.7,0.744,2.1284,0.0,-790.95,0.0,6.8165,0.0,-790.95,0.0,6.8165,1.0,0.0,0.0,0.0,0.0
2022,864.53,778.5,1011.55,788.55,10.05,4.3124,1.3653,0.0,-778.5,0.0,6.8165,0.0,-778.5,0.0,6.8165,1.0,0.0,0.0,0.0,0.0
2023,864.74,794.9,1011.95,799.6,4.7,2.1654,1.6645,0.0,-794.9,0.0,6.8165,0.0,-794.9,0.0,6.8165,1.0,0.0,0.0,0.0,0.0
2024,864.95,785.85,1035.55,789.7,3.85,1.5419,1.812,0.0,-785.85,0.0,6.8165,0.0,-785.85,0.0,6.8165,1.0,0.0,0.0,0.0,0.0
2025,865.17,792.1,1019.6,783.1,-9.0,0.0,6.8165,0.0,-792.1,0.0,6.8165,0.0,-792.1,0.0,6.8165,1.0,0.0,0.0,0.0,0.0
2026,865.38,794.35,1026.7,779.35,-15.0,0.0,6.8165,0.0,-794.35,0.0,6.8165,0.0,-794.35,0.0,6.8165,1.0,0.0,0.0,0.0,0.0
2027,865.59,786.35,1013.25,783.7,-2.65,0.0,6.8165,0.0,-786.35,0.0,6.8165,0.0,-786.35,0.0,6.8165,1.0,0.0,0.0,0.0,0.0
2028,865.81,793.85,1005.75,797.3,3.45,1.6281,1.7883,0.0,-793.85,0.0,6.8165,0.0,-793.85,0.0,6.8165,1.0,0.0,0.0,0.0,0.0
2029,866.02,769.85,1011.75,790.1,20.25,8.3712,1.0772,0.0,-769.85,0.0,6.8165,0.0,-769.85,0.0,6.8165,1.0,0.0,0.0,0.0,0.0
2030,866.23,778.95,999.95,791.9,12.95,5.8597,1.2321,0.0,-778.95,0.0,6.8165,0.0,-778.95,0.0,6.8165,1.0,0.0,0.0,0.0,0.0
2031,866.44,780.2,1009.75,795.55,15.35,6.687,1.1748,0.0,-780.2,0.0,6.8165,0.0,-780.2,0.0,6.8165,1.0,0.0,0.0,0.0,0.0
2032,866.65,776.65,1007.15,790.0,13.35,5.7918,1.2372,0.0,-776.65,0.0,6.8165,0.0,-776.65,0.0,6.8165,1.0,0.0,0.0,0.0,0.0
2033,866.87,767.85,998.1,787.6,19.75,8.5776,1.0666,0.0,-767.85,0.0,6.8165,0.0,-767.85,0.0,6.8165,1.0,0.0,0.0,0.0,0.0
2034,867.08,791.7,1005.7,790.5,-1.2,0.0,6.8165,0.0,-791.7,0.0,6.8165,0.0,-791.7,0.0,6.8165,1.0,0.0,0.0,0.0,0.0
2035,867.29,786.4,1001.05,794.65,8.25,3.8435,1.4153,0.0,-786.4,0.0,6.8165,0.0,-786.4,0.0,6.8165,1.0,0.0,0.0,0.0,0.0
2036,867.5,779.2,1015.15,795.2,16.0,6.7811,1.1687,0.0,-779.2,0.0,6.8165,0.0,-779.2,0.0,6.8165,1.0,0.0,0.0,0.0,0.0
2037,867.71,787.15,999.9,783.35,-3.8,0.0,6.8165,0.0,-787.15,0.0,6.8165,0.0,-787.15,0.0,6.8165,1.0,0.0,0.0,0.0,0.0
2038,867.92,774.55,1004.4,792.3,17.75,7.7224,1.1122,0.0,-774.55,0.0,6.8165,0.0,-774.55,0.0,6.8165,1.0,0.0,0.0,0.0,0.0
2039,868.14,781.7,989.7,789.55,7.85,3.774,1.4232,0.0,-781.7,0.0,6.8165,0.0,-781.7,0.0,6.8165,1.0,0.0,0.0,0.0,0.0
2040,868.35,790.35,998.7,795.35,5.0,2.3998,1.6198,0.0,-790.35,0.0,6.8165,0.0,-790.35,0.0,6.8165,1.0,0.0,0.0,0.0,0.0
2041,868.56,782.45,978.15,790.05,7.6,3.8835,1.4108,0.0,-782.45,0.0,6.8165,0.0,-782.45,0.0,6.8165,1.0,0.0,0.0,0.0,0.0
2042,868.77,791.5,1008.05,779.05,-12.45,0.0,6.8165,0.0,-791.5,0.0,6.8165,0.0,-791.5,0.0,6.8165,1.0,0.0,0.0,0.0,0.0
2043,868.98,771.2,993.45,792.0,20.8,9.3588,1.0288,0.0,-771.2,0.0,6.8165,0.0,-771.2,0.0,6.8165,1.0,0.0,0.0,0.0,0.0
2044,869.19,794.35,1007.35,771.8,-22.55,0.0,6.8165,0.0,-794.35,0.0,6.8165,0.0,-794.35,0.0,6.8165,1.0,0.0,0.0,0.0,0.0
2045,869.4,773.9,971.45,786.55,12.65,6.4034,1.1936,0.0,-773.9,0.0,6.8165,0.0,-773.9,0.0,6.8165,1.0,0.0,0.0,0.0,0.0
2046,869.61,780.05,1003.55,785.35,5.3,2.3714,1.625,0.0,-780.05,0.0,6.8165,0.0,-780.05,0.0,6.8165,1.0,0.0,0.0,0.0,0.0
2047,869.82,784.0,1003.15,776.15,-7.85,0.0,6.8165,0.0,-784.0,0.0,6.8165,0.0,-784.0,0.0,6.8165,1.0,0.0,0.0,0.0,0.0
