Pixel,Wavelength,Dark,Reference,Raw data #1,Dark Subtracted #1,%TR #1,Absorbance #1,Raw data #2,Dark Subtracted #2,%TR #2,Absorbance #2,Raw data #3,Dark Subtracted #3,%TR #3,Absorbance #3,Errands Ref,Errands Fit,Irradiance_1,Irradiance_2,Irradiance_3
0,231.94,782.05,781.2,773.25,-8.8,110.0,-0.0414,0.0,-782.05,110.0,-0.0414,0.0,-782.05,110.0,-0.0414,1.0,0.0,0.0,0.0,0.0
1,232.35,782.05,781.2,773.25,-8.8,110.0,-0.0414,0.0,-782.05,110.0,-0.0414,0.0,-782.05,110.0,-0.0414,1.0,0.0,0.0,0.0,0.0
2,232.76,785.25,784.8,774.75,-10.5,110.0,-0.0414,0.0,-785.25,110.0,-0.0414,0.0,-785.25,110.0,-0.0414,1.0,0.0,0.0,0.0,0.0
3,233.16,738.4,747.1,757.15,18.75,110.0,-0.0414,0.0,-738.4,0.0,6.8165,0.0,-738.4,0.0,6.8165,1.0,0.0,0.0,0.0,0.0
4,233.57,795.0,782.1,760.55,-34.45,110.0,-0.0414,0.0,-795.0,110.0,-0.0414,0.0,-795.0,110.0,-0.0414,1.0,0.0,0.0,0.0,0.0
5,233.98,788.2,796.1,772.0,-16.2,0.0,6.8165,0.0,-788.2,110.0,-0.0414,0.0,-788.2,110.0,-0.0414,1.0,0.0,0.0,0.0,0.0
6,234.38,789.6,776.05,780.6,-9.0,66.4207,0.1777,0.0,-789.6,110.0,-0.0414,0.0,-789.6,110.0,-0.0414,1.0,0.0,0.0,0.0,0.0
7,234.79,815.2,780.4,796.3,-18.9,54.3103,0.2651,0.0,-815.2,110.0,-0.0414,0.0,-815.2,110.0,-0.0414,1.0,0.0,0.0,0.0,0.0
8,235.2,809.95,775.5,787.2,-22.75,66.0377,0.1802,0.0,-809.95,110.0,-0.0414,0.0,-809.95,110.0,-0.0414,1.0,0.0,0.0,0.0,0.0
9,235.6,796.0,795.1,781.4,-14.6,110.0,-0.0414,0.0,-796.0,110.0,-0.0414,0.0,-796.0,110.0,-0.0414,1.0,0.0,0.0,0.0,0.0
10,236.01,786.6,782.2,777.55,-9.05,110.0,-0.0414,0.0,-786.6,110.0,-0.0414,0.0,-786.6,110.0,-0.0414,1.0,0.0,0.0,0.0,0.0
11,236.41,799.65,780.05,791.8,-7.85,40.051,0.3974,0.0,-799.65,110.0,-0.0414,0.0,-799.65,110.0,-0.0414,1.0,0.0,0.0,0.0,0.0
12,236.82,790.15,788.95,783.95,-6.2,110.0,-0.0414,0.0,-790.15,0.0,6.8165,0.0,-790.15,0.0,6.8165,1.0,0.0,0.0,0.0,0.0
13,237.23,798.5,775.55,781.2,-17.3,75.3813,0.1227,0.0,-798.5,110.0,-0.0414,0.0,-798.5,110.0,-0.0414,1.0,0.0,0.0,0.0,0.0
14,237.63,798.75,751.95,783.45,-15.3,32.6923,0.4856,0.0,-798.75,110.0,-0.0414,0.0,-798.75,110.0,-0.0414,1.0,0.0,0.0,0.0,0.0
15,238.04,786.85,791.75,778.65,-8.2,0.0,6.8165,0.0,-786.85,110.0,-0.0414,0.0,-786.85,110.0,-0.0414,1.0,0.0,0.0,0.0,0.0
16,238.44,797.85,773.85,768.65,-29.2,110.0,-0.0414,0.0,-797.85,110.0,-0.0414,0.0,-797.85,110.0,-0.0414,1.0,0.0,0.0,0.0,0.0
17,238.85,788.65,779.45,768.3,-20.35,110.0,-0.0414,0.0,-788.65,110.0,-0.0414,0.0,-788.65,110.0,-0.0414,1.0,0.0,0.0,0.0,0.0
18,239.25,802.4,780.55,783.7,-18.7,85.5835,0.0676,0.0,-802.4,110.0,-0.0414,0.0,-802.4,110.0,-0.0414,1.0,0.0,0.0,0.0,0.0
19,239.66,782.85,761.9,781.15,-1.7,8.1146,1.0907,0.0,-782.85,110.0,-0.0414,0.0,-782.85,110.0,-0.0414,1.0,0.0,0.0,0.0,0.0
20,240.07,775.7,758.0,773.4,-2.3,12.9944,0.8862,0.0,-775.7,110.0,-0.0414,0.0,-775.7,110.0,-0.0414,1.0,0.0,0.0,0.0,0.0
21,240.47,781.7,777.0,767.5,-14.2,110.0,-0.0414,0.0,-781.7,110.0,-0.0414,0.0,-781.7,110.0,-0.0414,1.0,0.0,0.0,0.0,0.0
22,240.88,789.25,776.0,777.65,-11.6,87.5472,0.0578,0.0,-789.25,110.0,-0.0414,0.0,-789.25,110.0,-0.0414,1.0,0.0,0.0,0.0,0.0
23,241.28,770.8,792.2,774.45,3.65,17.0561,0.7681,0.0,-770.8,0.0,6.8165,0.0,-770.8,0.0,6.8165,1.0,0.0,0.0,0.0,0.0
24,241.69,792.35,775.7,770.2,-22.15,110.0,-0.0414,0.0,-792.35,110.0,-0.0414,0.0,-792.35,110.0,-0.0414,1.0,0.0,0.0,0.0,0.0
25,242.09,790.1,765.4,782.1,-8.0,32.3887,0.4896,0.0,-790.1,110.0,-0.0414,0.0,-790.1,110.0,-0.0414,1.0,0.0,0.0,0.0,0.0
26,242.5,790.45,781.45,762.25,-28.2,110.0,-0.0414,0.0,-790.45,110.0,-0.0414,0.0,-790.45,110.0,-0.0414,1.0,0.0,0.0,0.0,0.0
27,242.9,786.45,787.95,759.15,-27.3,0.0,6.8165,0.0,-786.45,110.0,-0.0414,0.0,-786.45,110.0,-0.0414,1.0,0.0,0.0,0.0,0.0
28,243.3,788.4,786.5,770.95,-17.45,110.0,-0.0414,0.0,-788.4,110.0,-0.0414,0.0,-788.4,110.0,-0.0414,1.0,0.0,0.0,0.0,0.0
29,243.71,791.3,778.95,770.9,-20.4,110.0,-0.0414,0.0,-791.3,110.0,-0.0414,0.0,-791.3,110.0,-0.0414,1.0,0.0,0.0,0.0,0.0
30,244.11,785.55,782.85,773.25,-12.3,110.0,-0.0414,0.0,-785.55,110.0,-0.0414,0.0,-785.55,110.0,-0.0414,1.0,0.0,0.0,0.0,0.0
31,244.52,786.7,777.15,764.85,-21.85,110.0,-0.0414,0.0,-786.7,110.0,-0.0414,0.0,-786.7,110.0,-0.0414,1.0,0.0,0.0,0.0,0.0
32,244.92,791.0,769.3,775.6,-15.4,70.9677,0.1489,0.0,-791.0,110.0,-0.0414,0.0,-791.0,110.0,-0.0414,1.0,0.0,0.0,0.0,0.0
33,245.33,788.9,782.85,780.6,-8.3,110.0,-0.0414,0.0,-788.9,0.0,6.8165,0.0,-788.9,0.0,6.8165,1.0,0.0,0.0,0.0,0.0
34,245.73,769.8,762.9,772.6,2.8,0.0,6.8165,0.0,-769.8,0.0,6.8165,0.0,-769.8,0.0,6.8165,1.0,0.0,0.0,0.0,0.0
35,246.13,778.15,791.4,795.5,17.35,110.0,-0.0414,0.0,-778.15,0.0,6.8165,0.0,-778.15,0.0,6.8165,1.0,0.0,0.0,0.0,0.0
36,246.54,796.3,854.7,816.85,20.55,35.1884,0.4536,0.0,-796.3,0.0,6.8165,0.0,-796.3,0.0,6.8165,1.0,0.0,0.0,0.0,0.0
37,246.94,783.05,842.4,812.25,29.2,49.1997,0.308,0.0,-783.05,0.0,6.8165,0.0,-783.05,0.0,6.8165,1.0,0.0,0.0,0.0,0.0
38,247.35,783.4,852.25,819.8,36.4,52.8686,0.2768,0.0,-783.4,0.0,6.8165,0.0,-783.4,0.0,6.8165,1.0,0.0,0.0,0.0,0.0
39,247.75,786.45,860.8,808.1,21.65,29.119,0.5358,0.0,-786.45,0.0,6.8165,0.0,-786.45,0.0,6.8165,1.0,0.0,0.0,0.0,0.0
40,248.15,784.7,857.45,827.9,43.2,59.3814,0.2263,0.0,-784.7,0.0,6.8165,0.0,-784.7,0.0,6.8165,1.0,0.0,0.0,0.0,0.0
41,248.56,797.0,868.95,822.95,25.95,36.0667,0.4429,0.0,-797.0,0.0,6.8165,0.0,-797.0,0.0,6.8165,1.0,0.0,0.0,0.0,0.0
42,248.96,791.6,841.65,812.05,20.45,40.8591,0.3887,0.0,-791.6,0.0,6.8165,0.0,-791.6,0.0,6.8165,1.0,0.0,0.0,0.0,0.0
43,249.36,792.55,852.15,833.9,41.35,69.3792,0.1588,0.0,-792.55,0.0,6.8165,0.0,-792.55,0.0,6.8165,1.0,0.0,0.0,0.0,0.0
44,249.77,775.25,841.25,819.75,44.5,67.4242,0.1712,0.0,-775.25,0.0,6.8165,0.0,-775.25,0.0,6.8165,1.0,0.0,0.0,0.0,0.0
45,250.17,791.15,856.3,828.65,37.5,57.5595,0.2399,0.0,-791.15,0.0,6.8165,0.0,-791.15,0.0,6.8165,1.0,0.0,0.0,0.0,0.0
46,250.57,788.25,848.6,833.5,45.25,74.9793,0.1251,0.0,-788.25,0.0,6.8165,0.0,-788.25,0.0,6.8165,1.0,0.0,0.0,0.0,0.0
47,250.97,787.55,854.25,825.6,38.05,57.0465,0.2438,0.0,-787.55,0.0,6.8165,0.0,-787.55,0.0,6.8165,1.0,0.0,0.0,0.0,0.0
48,251.38,787.1,845.05,825.2,38.1,65.7463,0.1821,0.0,-787.1,0.0,6.8165,0.0,-787.1,0.0,6.8165,1.0,0.0,0.0,0.0,0.0
49,251.78,791.0,860.6,820.1,29.1,41.8103,0.3787,0.0,-791.0,0.0,6.8165,0.0,-791.0,0.0,6.8165,1.0,0.0,0.0,0.0,0.0
50,252.18,780.65,866.7,816.85,36.2,42.0686,0.376,0.0,-780.65,0.0,6.8165,0.0,-780.65,0.0,6.8165,1.0,0.0,0.0,0.0,0.0
51,252.59,780.0,852.75,813.6,33.6,46.1856,0.3355,0.0,-780.0,0.0,6.8165,0.0,-780.0,0.0,6.8165,1.0,0.0,0.0,0.0,0.0
52,252.99,783.45,862.85,809.35,25.9,32.6196,0.4865,0.0,-783.45,0.0,6.8165,0.0,-783.45,0.0,6.8165,1.0,0.0,0.0,0.0,0.0
53,253.39,780.7,854.45,804.5,23.8,32.2712,0.4912,0.0,-780.7,0.0,6.8165,0.0,-780.7,0.0,6.8165,1.0,0.0,0.0,0.0,0.0
54,253.79,784.9,857.7,808.3,23.4,32.1429,0.4929,0.0,-784.9,0.0,6.8165,0.0,-784.9,0.0,6.8165,1.0,0.0,0.0,0.0,0.0
55,254.2,780.95,862.9,811.05,30.1,36.7297,0.435,0.0,-780.95,0.0,6.8165,0.0,-780.95,0.0,6.8165,1.0,0.0,0.0,0.0,0.0
56,254.6,787.2,854.3,809.05,21.85,32.5633,0.4873,0.0,-787.2,0.0,6.8165,0.0,-787.2,0.0,6.8165,1.0,0.0,0.0,0.0,0.0
57,255.0,784.4,859.85,807.0,22.6,29.9536,0.5236,0.0,-784.4,0.0,6.8165,0.0,-784.4,0.0,6.8165,1.0,0.0,0.0,0.0,0.0
58,255.4,794.15,870.55,817.05,22.9,29.9738,0.5233,0.0,-794.15,0.0,6.8165,0.0,-794.15,0.0,6.8165,1.0,0.0,0.0,0.0,0.0
59,255.8,797.5,849.8,819.65,22.15,42.3518,0.3731,0.0,-797.5,0.0,6.8165,0.0,-797.5,0.0,6.8165,1.0,0.0,0.0,0.0,0.0
60,256.2,805.65,840.15,809.75,4.1,11.8841,0.925,0.0,-805.65,0.0,6.8165,0.0,-805.65,0.0,6.8165,1.0,0.0,0.0,0.0,0.0
61,256.61,793.5,862.5,823.5,30.0,43.4783,0.3617,0.0,-793.5,0.0,6.8165,0.0,-793.5,0.0,6.8165,1.0,0.0,0.0,0.0,0.0
62,257.01,789.55,868.4,820.25,30.7,38.9347,0.4097,0.0,-789.55,0.0,6.8165,0.0,-789.55,0.0,6.8165,1.0,0.0,0.0,0.0,0.0
63,257.41,787.9,850.75,816.8,28.9,45.9825,0.3374,0.0,-787.9,0.0,6.8165,0.0,-787.9,0.0,6.8165,1.0,0.0,0.0,0.0,0.0
64,257.81,799.65,860.7,810.55,10.9,17.8542,0.7483,0.0,-799.65,0.0,6.8165,0.0,-799.65,0.0,6.8165,1.0,0.0,0.0,0.0,0.0
65,258.21,790.35,859.15,836.3,45.95,66.7878,0.1753,0.0,-790.35,0.0,6.8165,0.0,-790.35,0.0,6.8165,1.0,0.0,0.0,0.0,0.0
66,258.61,765.85,850.75,825.9,60.05,70.7303,0.1504,0.0,-765.85,0.0,6.8165,0.0,-765.85,0.0,6.8165,1.0,0.0,0.0,0.0,0.0
67,259.01,790.8,852.1,820.35,29.55,48.2055,0.3169,0.0,-790.8,0.0,6.8165,0.0,-790.8,0.0,6.8165,1.0,0.0,0.0,0.0,0.0
68,259.42,784.45,866.55,815.35,30.9,37.637,0.4244,0.0,-784.45,0.0,6.8165,0.0,-784.45,0.0,6.8165,1.0,0.0,0.0,0.0,0.0
69,259.82,794.55,852.55,825.15,30.6,52.7586,0.2777,0.0,-794.55,0.0,6.8165,0.0,-794.55,0.0,6.8165,1.0,0.0,0.0,0.0,0.0
70,260.22,803.15,859.9,820.05,16.9,29.7797,0.5261,0.0,-803.15,0.0,6.8165,0.0,-803.15,0.0,6.8165,1.0,0.0,0.0,0.0,0.0
71,260.62,784.7,858.65,831.65,46.95,63.4888,0.1973,0.0,-784.7,0.0,6.8165,0.0,-784.7,0.0,6.8165,1.0,0.0,0.0,0.0,0.0
72,261.02,791.5,847.55,818.15,26.65,47.5468,0.3229,0.0,-791.5,0.0,6.8165,0.0,-791.5,0.0,6.8165,1.0,0.0,0.0,0.0,0.0
73,261.42,798.45,867.4,824.95,26.5,38.4336,0.4153,0.0,-798.45,0.0,6.8165,0.0,-798.45,0.0,6.8165,1.0,0.0,0.0,0.0,0.0
74,261.82,780.95,850.0,829.8,48.85,70.7458,0.1503,0.0,-780.95,0.0,6.8165,0.0,-780.95,0.0,6.8165,1.0,0.0,0.0,0.0,0.0
75,262.22,781.65,864.3,825.75,44.1,53.3575,0.2728,0.0,-781.65,0.0,6.8165,0.0,-781.65,0.0,6.8165,1.0,0.0,0.0,0.0,0.0
76,262.62,794.1,841.05,820.85,26.75,56.9755,0.2443,0.0,-794.1,0.0,6.8165,0.0,-794.1,0.0,6.8165,1.0,0.0,0.0,0.0,0.0
77,263.02,791.0,852.7,829.95,38.95,63.128,0.1998,0.0,-791.0,0.0,6.8165,0.0,-791.0,0.0,6.8165,1.0,0.0,0.0,0.0,0.0
78,263.42,792.75,851.0,826.6,33.85,58.1116,0.2357,0.0,-792.75,0.0,6.8165,0.0,-792.75,0.0,6.8165,1.0,0.0,0.0,0.0,0.0
79,263.82,803.75,865.35,811.1,7.35,11.9318,0.9233,0.0,-803.75,0.0,6.8165,0.0,-803.75,0.0,6.8165,1.0,0.0,0.0,0.0,0.0
80,264.22,790.95,870.0,822.6,31.65,40.038,0.3975,0.0,-790.95,0.0,6.8165,0.0,-790.95,0.0,6.8165,1.0,0.0,0.0,0.0,0.0
81,264.62,789.0,879.95,826.5,37.5,41.2314,0.3848,0.0,-789.0,0.0,6.8165,0.0,-789.0,0.0,6.8165,1.0,0.0,0.0,0.0,0.0
82,265.02,789.85,858.75,813.15,23.3,33.8171,0.4709,0.0,-789.85,0.0,6.8165,0.0,-789.85,0.0,6.8165,1.0,0.0,0.0,0.0,0.0
83,265.42,784.05,862.1,814.55,30.5,39.0775,0.4081,0.0,-784.05,0.0,6.8165,0.0,-784.05,0.0,6.8165,1.0,0.0,0.0,0.0,0.0
84,265.82,773.95,856.65,818.35,44.4,53.688,0.2701,0.0,-773.95,0.0,6.8165,0.0,-773.95,0.0,6.8165,1.0,0.0,0.0,0.0,0.0
85,266.22,784.25,871.75,816.15,31.9,36.4571,0.4382,0.0,-784.25,0.0,6.8165,0.0,-784.25,0.0,6.8165,1.0,0.0,0.0,0.0,0.0
86,266.62,790.4,874.7,827.7,37.3,44.2467,0.3541,0.0,-790.4,0.0,6.8165,0.0,-790.4,0.0,6.8165,1.0,0.0,0.0,0.0,0.0
87,267.02,782.75,853.9,823.55,40.8,57.3436,0.2415,0.0,-782.75,0.0,6.8165,0.0,-782.75,0.0,6.8165,1.0,0.0,0.0,0.0,0.0
88,267.42,786.6,856.5,821.15,34.55,49.4278,0.306,0.0,-786.6,0.0,6.8165,0.0,-786.6,0.0,6.8165,1.0,0.0,0.0,0.0,0.0
89,267.82,782.75,849.2,841.4,58.65,88.2619,0.0542,0.0,-782.75,0.0,6.8165,0.0,-782.75,0.0,6.8165,1.0,0.0,0.0,0.0,0.0
90,268.22,795.9,858.75,818.9,23.0,36.5951,0.4366,0.0,-795.9,0.0,6.8165,0.0,-795.9,0.0,6.8165,1.0,0.0,0.0,0.0,0.0
91,268.62,778.65,861.65,823.85,45.2,54.4578,0.2639,0.0,-778.65,0.0,6.8165,0.0,-778.65,0.0,6.8165,1.0,0.0,0.0,0.0,0.0
92,269.01,787.8,863.35,833.25,45.45,60.1588,0.2207,0.0,-787.8,0.0,6.8165,0.0,-787.8,0.0,6.8165,1.0,0.0,0.0,0.0,0.0
93,269.41,769.2,885.45,830.55,61.35,52.7742,0.2776,0.0,-769.2,0.0,6.8165,0.0,-769.2,0.0,6.8165,1.0,0.0,0.0,0.0,0.0
94,269.81,791.55,870.85,827.1,35.55,44.8298,0.3484,0.0,-791.55,0.0,6.8165,0.0,-791.55,0.0,6.8165,1.0,0.0,0.0,0.0,0.0
95,270.21,795.05,858.1,828.95,33.9,53.7669,0.2695,0.0,-795.05,0.0,6.8165,0.0,-795.05,0.0,6.8165,1.0,0.0,0.0,0.0,0.0
96,270.61,788.35,873.5,837.15,48.8,57.3106,0.2418,0.0,-788.35,0.0,6.8165,0.0,-788.35,0.0,6.8165,1.0,0.0,0.0,0.0,0.0
97,271.01,800.5,863.5,822.9,22.4,35.5556,0.4491,0.0,-800.5,0.0,6.8165,0.0,-800.5,0.0,6.8165,1.0,0.0,0.0,0.0,0.0
98,271.41,782.9,875.9,842.6,59.7,64.1935,0.1925,0.0,-782.9,0.0,6.8165,0.0,-782.9,0.0,6.8165,1.0,0.0,0.0,0.0,0.0
99,271.81,785.65,858.45,843.55,57.9,79.533,0.0995,0.0,-785.65,0.0,6.8165,0.0,-785.65,0.0,6.8165,1.0,0.0,0.0,0.0,0.0
100,272.2,797.05,860.85,842.6,45.55,71.395,0.1463,0.0,-797.05,0.0,6.8165,0.0,-797.05,0.0,6.8165,1.0,0.0,0.0,0.0,0.0
101,272.6,779.25,863.35,828.4,49.15,58.4423,0.2333,0.0,-779.25,0.0,6.8165,0.0,-779.25,0.0,6.8165,1.0,0.0,0.0,0.0,0.0
102,273.0,800.4,859.3,833.95,33.55,56.961,0.2444,0.0,-800.4,0.0,6.8165,0.0,-800.4,0.0,6.8165,1.0,0.0,0.0,0.0,0.0
103,273.4,790.75,869.0,826.0,35.25,45.0479,0.3463,0.0,-790.75,0.0,6.8165,0.0,-790.75,0.0,6.8165,1.0,0.0,0.0,0.0,0.0
104,273.8,770.9,859.65,842.9,72.0,81.1268,0.0908,0.0,-770.9,0.0,6.8165,0.0,-770.9,0.0,6.8165,1.0,0.0,0.0,0.0,0.0
105,274.19,785.0,861.3,847.15,62.15,81.4548,0.0891,0.0,-785.0,0.0,6.8165,0.0,-785.0,0.0,6.8165,1.0,0.0,0.0,0.0,0.0
106,274.59,791.9,854.15,822.0,30.1,48.3534,0.3156,0.0,-791.9,0.0,6.8165,0.0,-791.9,0.0,6.8165,1.0,0.0,0.0,0.0,0.0
107,274.99,800.4,871.5,832.05,31.65,44.5148,0.3515,0.0,-800.4,0.0,6.8165,0.0,-800.4,0.0,6.8165,1.0,0.0,0.0,0.0,0.0
108,275.39,788.4,860.75,823.45,35.05,48.4451,0.3148,0.0,-788.4,0.0,6.8165,0.0,-788.4,0.0,6.8165,1.0,0.0,0.0,0.0,0.0
109,275.78,764.35,875.4,834.6,70.25,63.2598,0.1989,0.0,-764.35,0.0,6.8165,0.0,-764.35,0.0,6.8165,1.0,0.0,0.0,0.0,0.0
110,276.18,775.9,870.6,837.3,61.4,64.8363,0.1882,0.0,-775.9,0.0,6.8165,0.0,-775.9,0.0,6.8165,1.0,0.0,0.0,0.0,0.0
111,276.58,780.95,873.65,832.8,51.85,55.9331,0.2523,0.0,-780.95,0.0,6.8165,0.0,-780.95,0.0,6.8165,1.0,0.0,0.0,0.0,0.0
112,276.98,782.4,868.85,823.9,41.5,48.0046,0.3187,0.0,-782.4,0.0,6.8165,0.0,-782.4,0.0,6.8165,1.0,0.0,0.0,0.0,0.0
113,277.37,789.15,873.45,827.8,38.65,45.8482,0.3387,0.0,-789.15,0.0,6.8165,0.0,-789.15,0.0,6.8165,1.0,0.0,0.0,0.0,0.0
114,277.77,783.5,875.4,815.2,31.7,34.494,0.4623,0.0,-783.5,0.0,6.8165,0.0,-783.5,0.0,6.8165,1.0,0.0,0.0,0.0,0.0
115,278.17,785.75,865.55,825.3,39.55,49.5614,0.3049,0.0,-785.75,0.0,6.8165,0.0,-785.75,0.0,6.8165,1.0,0.0,0.0,0.0,0.0
116,278.56,782.45,860.6,846.65,64.2,82.1497,0.0854,0.0,-782.45,0.0,6.8165,0.0,-782.45,0.0,6.8165,1.0,0.0,0.0,0.0,0.0
117,278.96,797.5,869.8,829.8,32.3,44.675,0.3499,0.0,-797.5,0.0,6.8165,0.0,-797.5,0.0,6.8165,1.0,0.0,0.0,0.0,0.0
118,279.36,788.75,864.9,843.9,55.15,72.4228,0.1401,0.0,-788.75,0.0,6.8165,0.0,-788.75,0.0,6.8165,1.0,0.0,0.0,0.0,0.0
119,279.75,792.7,868.1,833.45,40.75,54.0451,0.2672,0.0,-792.7,0.0,6.8165,0.0,-792.7,0.0,6.8165,1.0,0.0,0.0,0.0,0.0
120,280.15,799.05,879.35,833.45,34.4,42.8394,0.3682,0.0,-799.05,0.0,6.8165,0.0,-799.05,0.0,6.8165,1.0,0.0,0.0,0.0,0.0
121,280.55,769.3,878.15,848.15,78.85,72.4391,0.14,0.0,-769.3,0.0,6.8165,0.0,-769.3,0.0,6.8165,1.0,0.0,0.0,0.0,0.0
122,280.94,785.5,894.9,844.95,59.45,54.3419,0.2649,0.0,-785.5,0.0,6.8165,0.0,-785.5,0.0,6.8165,1.0,0.0,0.0,0.0,0.0
123,281.34,772.85,869.4,840.6,67.75,70.1709,0.1538,0.0,-772.85,0.0,6.8165,0.0,-772.85,0.0,6.8165,1.0,0.0,0.0,0.0,0.0
124,281.73,787.35,877.1,850.4,63.05,70.2507,0.1533,0.0,-787.35,0.0,6.8165,0.0,-787.35,0.0,6.8165,1.0,0.0,0.0,0.0,0.0
125,282.13,794.6,889.85,838.85,44.25,46.4567,0.333,0.0,-794.6,0.0,6.8165,0.0,-794.6,0.0,6.8165,1.0,0.0,0.0,0.0,0.0
126,282.53,786.05,886.25,837.15,51.1,50.998,0.2924,0.0,-786.05,0.0,6.8165,0.0,-786.05,0.0,6.8165,1.0,0.0,0.0,0.0,0.0
127,282.92,782.05,880.4,850.3,68.25,69.395,0.1587,0.0,-782.05,0.0,6.8165,0.0,-782.05,0.0,6.8165,1.0,0.0,0.0,0.0,0.0
128,283.32,786.45,880.0,841.15,54.7,58.4714,0.2331,0.0,-786.45,0.0,6.8165,0.0,-786.45,0.0,6.8165,1.0,0.0,0.0,0.0,0.0
129,283.71,782.6,886.35,852.6,70.0,67.4699,0.1709,0.0,-782.6,0.0,6.8165,0.0,-782.6,0.0,6.8165,1.0,0.0,0.0,0.0,0.0
130,284.11,792.45,886.65,848.45,56.0,59.448,0.2259,0.0,-792.45,0.0,6.8165,0.0,-792.45,0.0,6.8165,1.0,0.0,0.0,0.0,0.0
131,284.5,795.35,896.7,859.6,64.25,63.3942,0.198,0.0,-795.35,0.0,6.8165,0.0,-795.35,0.0,6.8165,1.0,0.0,0.0,0.0,0.0
132,284.9,787.95,892.3,848.8,60.85,58.3134,0.2342,0.0,-787.95,0.0,6.8165,0.0,-787.95,0.0,6.8165,1.0,0.0,0.0,0.0,0.0
133,285.3,783.65,877.1,848.35,64.7,69.2349,0.1597,0.0,-783.65,0.0,6.8165,0.0,-783.65,0.0,6.8165,1.0,0.0,0.0,0.0,0.0
134,285.69,779.8,881.5,864.3,84.5,83.0875,0.0805,0.0,-779.8,0.0,6.8165,0.0,-779.8,0.0,6.8165,1.0,0.0,0.0,0.0,0.0
135,286.09,798.8,893.45,853.45,54.65,57.739,0.2385,0.0,-798.8,0.0,6.8165,0.0,-798.8,0.0,6.8165,1.0,0.0,0.0,0.0,0.0
136,286.48,779.45,897.2,851.65,72.2,61.3163,0.2124,0.0,-779.45,0.0,6.8165,0.0,-779.45,0.0,6.8165,1.0,0.0,0.0,0.0,0.0
137,286.88,785.25,880.25,837.3,52.05,54.7895,0.2613,0.0,-785.25,0.0,6.8165,0.0,-785.25,0.0,6.8165,1.0,0.0,0.0,0.0,0.0
138,287.27,800.95,894.45,852.2,51.25,54.8128,0.2611,0.0,-800.95,0.0,6.8165,0.0,-800.95,0.0,6.8165,1.0,0.0,0.0,0.0,0.0
139,287.67,778.1,897.25,840.3,62.2,52.2031,0.2823,0.0,-778.1,0.0,6.8165,0.0,-778.1,0.0,6.8165,1.0,0.0,0.0,0.0,0.0
140,288.06,777.5,894.4,840.1,62.6,53.55,0.2712,0.0,-777.5,0.0,6.8165,0.0,-777.5,0.0,6.8165,1.0,0.0,0.0,0.0,0.0
141,288.46,783.35,880.1,844.5,61.15,63.2041,0.1993,0.0,-783.35,0.0,6.8165,0.0,-783.35,0.0,6.8165,1.0,0.0,0.0,0.0,0.0
142,288.85,783.5,896.45,849.15,65.65,58.1231,0.2357,0.0,-783.5,0.0,6.8165,0.0,-783.5,0.0,6.8165,1.0,0.0,0.0,0.0,0.0
143,289.24,786.9,902.25,842.0,55.1,47.7677,0.3209,0.0,-786.9,0.0,6.8165,0.0,-786.9,0.0,6.8165,1.0,0.0,0.0,0.0,0.0
144,289.64,779.05,905.4,850.85,71.8,56.8263,0.2455,0.0,-779.05,0.0,6.8165,0.0,-779.05,0.0,6.8165,1.0,0.0,0.0,0.0,0.0
145,290.03,789.5,900.5,847.5,58.0,52.2523,0.2819,0.0,-789.5,0.0,6.8165,0.0,-789.5,0.0,6.8165,1.0,0.0,0.0,0.0,0.0
146,290.43,784.55,901.35,858.9,74.35,63.6558,0.1962,0.0,-784.55,0.0,6.8165,0.0,-784.55,0.0,6.8165,1.0,0.0,0.0,0.0,0.0
147,290.82,782.2,904.1,859.85,77.65,63.6998,0.1959,0.0,-782.2,0.0,6.8165,0.0,-782.2,0.0,6.8165,1.0,0.0,0.0,0.0,0.0
148,291.21,793.6,908.3,868.45,74.85,65.2572,0.1854,0.0,-793.6,0.0,6.8165,0.0,-793.6,0.0,6.8165,1.0,0.0,0.0,0.0,0.0
149,291.61,785.2,915.25,857.45,72.25,55.5556,0.2553,0.0,-785.2,0.0,6.8165,0.0,-785.2,0.0,6.8165,1.0,0.0,0.0,0.0,0.0
150,292.0,793.35,903.8,858.85,65.5,59.3029,0.2269,0.0,-793.35,0.0,6.8165,0.0,-793.35,0.0,6.8165,1.0,0.0,0.0,0.0,0.0
151,292.4,786.95,899.85,869.85,82.9,73.4278,0.1341,0.0,-786.95,0.0,6.8165,0.0,-786.95,0.0,6.8165,1.0,0.0,0.0,0.0,0.0
152,292.79,793.65,907.55,858.9,65.25,57.2871,0.2419,0.0,-793.65,0.0,6.8165,0.0,-793.65,0.0,6.8165,1.0,0.0,0.0,0.0,0.0
153,293.18,786.45,907.05,864.5,78.05,64.7181,0.189,0.0,-786.45,0.0,6.8165,0.0,-786.45,0.0,6.8165,1.0,0.0,0.0,0.0,0.0
154,293.58,776.15,910.25,871.95,95.8,71.4392,0.1461,0.0,-776.15,0.0,6.8165,0.0,-776.15,0.0,6.8165,1.0,0.0,0.0,0.0,0.0
155,293.97,788.6,895.2,850.15,61.55,57.7392,0.2385,0.0,-788.6,0.0,6.8165,0.0,-788.6,0.0,6.8165,1.0,0.0,0.0,0.0,0.0
156,294.36,785.55,921.8,861.5,75.95,55.7431,0.2538,0.0,-785.55,0.0,6.8165,0.0,-785.55,0.0,6.8165,1.0,0.0,0.0,0.0,0.0
157,294.76,790.6,914.05,872.35,81.75,66.2211,0.179,0.0,-790.6,0.0,6.8165,0.0,-790.6,0.0,6.8165,1.0,0.0,0.0,0.0,0.0
158,295.15,770.45,901.85,874.0,103.55,78.8052,0.1034,0.0,-770.45,0.0,6.8165,0.0,-770.45,0.0,6.8165,1.0,0.0,0.0,0.0,0.0
159,295.54,794.4,909.2,869.6,75.2,65.5052,0.1837,0.0,-794.4,0.0,6.8165,0.0,-794.4,0.0,6.8165,1.0,0.0,0.0,0.0,0.0
160,295.94,790.45,894.25,863.8,73.35,70.6647,0.1508,0.0,-790.45,0.0,6.8165,0.0,-790.45,0.0,6.8165,1.0,0.0,0.0,0.0,0.0
161,296.33,789.0,912.15,861.9,72.9,59.1961,0.2277,0.0,-789.0,0.0,6.8165,0.0,-789.0,0.0,6.8165,1.0,0.0,0.0,0.0,0.0
162,296.72,788.65,909.6,871.95,83.3,68.8714,0.162,0.0,-788.65,0.0,6.8165,0.0,-788.65,0.0,6.8165,1.0,0.0,0.0,0.0,0.0
163,297.11,789.0,915.2,874.7,85.7,67.9081,0.1681,0.0,-789.0,0.0,6.8165,0.0,-789.0,0.0,6.8165,1.0,0.0,0.0,0.0,0.0
164,297.51,778.95,904.1,879.15,100.2,80.0639,0.0966,0.0,-778.95,0.0,6.8165,0.0,-778.95,0.0,6.8165,1.0,0.0,0.0,0.0,0.0
165,297.9,796.95,911.25,869.7,72.75,63.6483,0.1962,0.0,-796.95,0.0,6.8165,0.0,-796.95,0.0,6.8165,1.0,0.0,0.0,0.0,0.0
166,298.29,801.25,917.75,866.85,65.6,56.309,0.2494,0.0,-801.25,0.0,6.8165,0.0,-801.25,0.0,6.8165,1.0,0.0,0.0,0.0,0.0
167,298.68,786.7,928.9,858.95,72.25,50.8087,0.2941,0.0,-786.7,0.0,6.8165,0.0,-786.7,0.0,6.8165,1.0,0.0,0.0,0.0,0.0
168,299.08,789.95,920.9,868.75,78.8,60.1756,0.2206,0.0,-789.95,0.0,6.8165,0.0,-789.95,0.0,6.8165,1.0,0.0,0.0,0.0,0.0
169,299.47,781.75,914.55,876.45,94.7,71.3102,0.1468,0.0,-781.75,0.0,6.8165,0.0,-781.75,0.0,6.8165,1.0,0.0,0.0,0.0,0.0
170,299.86,768.05,919.05,860.25,92.2,61.0596,0.2142,0.0,-768.05,0.0,6.8165,0.0,-768.05,0.0,6.8165,1.0,0.0,0.0,0.0,0.0
171,300.25,797.35,909.05,867.65,70.3,62.9364,0.2011,0.0,-797.35,0.0,6.8165,0.0,-797.35,0.0,6.8165,1.0,0.0,0.0,0.0,0.0
172,300.64,775.65,914.75,864.3,88.65,63.7311,0.1956,0.0,-775.65,0.0,6.8165,0.0,-775.65,0.0,6.8165,1.0,0.0,0.0,0.0,0.0
173,301.04,787.1,918.35,865.05,77.95,59.3905,0.2263,0.0,-787.1,0.0,6.8165,0.0,-787.1,0.0,6.8165,1.0,0.0,0.0,0.0,0.0
174,301.43,782.85,905.6,869.55,86.7,70.6314,0.151,0.0,-782.85,0.0,6.8165,0.0,-782.85,0.0,6.8165,1.0,0.0,0.0,0.0,0.0
175,301.82,778.4,924.25,864.1,85.7,58.759,0.2309,0.0,-778.4,0.0,6.8165,0.0,-778.4,0.0,6.8165,1.0,0.0,0.0,0.0,0.0
176,302.21,768.15,909.5,858.05,89.9,63.601,0.1965,0.0,-768.15,0.0,6.8165,0.0,-768.15,0.0,6.8165,1.0,0.0,0.0,0.0,0.0
177,302.6,781.8,908.45,866.9,85.1,67.1931,0.1727,0.0,-781.8,0.0,6.8165,0.0,-781.8,0.0,6.8165,1.0,0.0,0.0,0.0,0.0
178,302.99,781.0,916.4,873.65,92.65,68.4269,0.1648,0.0,-781.0,0.0,6.8165,0.0,-781.0,0.0,6.8165,1.0,0.0,0.0,0.0,0.0
179,303.38,778.15,929.75,867.25,89.1,58.7731,0.2308,0.0,-778.15,0.0,6.8165,0.0,-778.15,0.0,6.8165,1.0,0.0,0.0,0.0,0.0
180,303.78,797.05,927.25,886.6,89.55,68.7788,0.1625,0.0,-797.05,0.0,6.8165,0.0,-797.05,0.0,6.8165,1.0,0.0,0.0,0.0,0.0
181,304.17,776.05,917.15,875.85,99.8,70.73,0.1504,0.0,-776.05,0.0,6.8165,0.0,-776.05,0.0,6.8165,1.0,0.0,0.0,0.0,0.0
182,304.56,782.3,912.5,894.3,112.0,86.0215,0.0654,0.0,-782.3,0.0,6.8165,0.0,-782.3,0.0,6.8165,1.0,0.0,0.0,0.0,0.0
183,304.95,781.15,926.5,894.4,113.25,77.9154,0.1084,0.0,-781.15,0.0,6.8165,0.0,-781.15,0.0,6.8165,1.0,0.0,0.0,0.0,0.0
184,305.34,794.25,919.15,899.2,104.95,84.0272,0.0756,0.0,-794.25,0.0,6.8165,0.0,-794.25,0.0,6.8165,1.0,0.0,0.0,0.0,0.0
185,305.73,789.65,926.75,887.1,97.45,71.0795,0.1483,0.0,-789.65,0.0,6.8165,0.0,-789.65,0.0,6.8165,1.0,0.0,0.0,0.0,0.0
186,306.12,781.2,923.95,877.05,95.85,67.1454,0.173,0.0,-781.2,0.0,6.8165,0.0,-781.2,0.0,6.8165,1.0,0.0,0.0,0.0,0.0
187,306.51,787.35,928.35,899.0,111.65,79.1844,0.1014,0.0,-787.35,0.0,6.8165,0.0,-787.35,0.0,6.8165,1.0,0.0,0.0,0.0,0.0
188,306.9,788.55,915.9,875.9,87.35,68.5905,0.1637,0.0,-788.55,0.0,6.8165,0.0,-788.55,0.0,6.8165,1.0,0.0,0.0,0.0,0.0
189,307.29,806.1,915.1,879.05,72.95,66.9266,0.1744,0.0,-806.1,0.0,6.8165,0.0,-806.1,0.0,6.8165,1.0,0.0,0.0,0.0,0.0
190,307.68,785.55,915.3,878.75,93.2,71.8304,0.1437,0.0,-785.55,0.0,6.8165,0.0,-785.55,0.0,6.8165,1.0,0.0,0.0,0.0,0.0
191,308.07,782.85,918.55,868.65,85.8,63.2277,0.1991,0.0,-782.85,0.0,6.8165,0.0,-782.85,0.0,6.8165,1.0,0.0,0.0,0.0,0.0
192,308.46,793.1,924.25,875.75,82.65,63.0194,0.2005,0.0,-793.1,0.0,6.8165,0.0,-793.1,0.0,6.8165,1.0,0.0,0.0,0.0,0.0
193,308.85,788.2,917.55,875.6,87.4,67.5686,0.1703,0.0,-788.2,0.0,6.8165,0.0,-788.2,0.0,6.8165,1.0,0.0,0.0,0.0,0.0
194,309.24,794.0,916.35,868.5,74.5,60.8909,0.2154,0.0,-794.0,0.0,6.8165,0.0,-794.0,0.0,6.8165,1.0,0.0,0.0,0.0,0.0
195,309.63,787.9,928.25,867.65,79.75,56.8222,0.2455,0.0,-787.9,0.0,6.8165,0.0,-787.9,0.0,6.8165,1.0,0.0,0.0,0.0,0.0
196,310.02,779.8,935.0,892.75,112.95,72.7771,0.138,0.0,-779.8,0.0,6.8165,0.0,-779.8,0.0,6.8165,1.0,0.0,0.0,0.0,0.0
197,310.41,790.05,926.2,869.6,79.55,58.4282,0.2334,0.0,-790.05,0.0,6.8165,0.0,-790.05,0.0,6.8165,1.0,0.0,0.0,0.0,0.0
198,310.8,785.85,935.2,880.7,94.85,63.5085,0.1972,0.0,-785.85,0.0,6.8165,0.0,-785.85,0.0,6.8165,1.0,0.0,0.0,0.0,0.0
199,311.19,766.6,924.8,896.3,129.7,81.9848,0.0863,0.0,-766.6,0.0,6.8165,0.0,-766.6,0.0,6.8165,1.0,0.0,0.0,0.0,0.0
200,311.58,782.6,927.9,891.9,109.3,75.2237,0.1236,0.0,-782.6,0.0,6.8165,0.0,-782.6,0.0,6.8165,1.0,0.0,0.0,0.0,0.0
201,311.97,778.8,938.65,874.85,96.05,60.0876,0.2212,0.0,-778.8,0.0,6.8165,0.0,-778.8,0.0,6.8165,1.0,0.0,0.0,0.0,0.0
202,312.36,791.2,936.55,885.25,94.05,64.7059,0.1891,0.0,-791.2,0.0,6.8165,0.0,-791.2,0.0,6.8165,1.0,0.0,0.0,0.0,0.0
203,312.75,779.1,926.35,881.1,102.0,69.2699,0.1595,0.0,-779.1,0.0,6.8165,0.0,-779.1,0.0,6.8165,1.0,0.0,0.0,0.0,0.0
204,313.14,784.85,921.85,879.45,94.6,69.0511,0.1608,0.0,-784.85,0.0,6.8165,0.0,-784.85,0.0,6.8165,1.0,0.0,0.0,0.0,0.0
205,313.53,768.6,941.1,884.5,115.9,67.1884,0.1727,0.0,-768.6,0.0,6.8165,0.0,-768.6,0.0,6.8165,1.0,0.0,0.0,0.0,0.0
206,313.91,788.75,922.85,886.75,98.0,73.0798,0.1362,0.0,-788.75,0.0,6.8165,0.0,-788.75,0.0,6.8165,1.0,0.0,0.0,0.0,0.0
207,314.3,782.15,938.1,880.55,98.4,63.0971,0.2,0.0,-782.15,0.0,6.8165,0.0,-782.15,0.0,6.8165,1.0,0.0,0.0,0.0,0.0
208,314.69,788.8,922.0,882.6,93.8,70.4204,0.1523,0.0,-788.8,0.0,6.8165,0.0,-788.8,0.0,6.8165,1.0,0.0,0.0,0.0,0.0
209,315.08,790.05,938.5,883.3,93.25,62.8158,0.2019,0.0,-790.05,0.0,6.8165,0.0,-790.05,0.0,6.8165,1.0,0.0,0.0,0.0,0.0
210,315.47,800.5,934.35,904.8,104.3,77.923,0.1083,0.0,-800.5,0.0,6.8165,0.0,-800.5,0.0,6.8165,1.0,0.0,0.0,0.0,0.0
211,315.86,781.5,924.8,884.1,102.6,71.598,0.1451,0.0,-781.5,0.0,6.8165,0.0,-781.5,0.0,6.8165,1.0,0.0,0.0,0.0,0.0
212,316.25,781.4,944.2,894.45,113.05,69.441,0.1584,0.0,-781.4,0.0,6.8165,0.0,-781.4,0.0,6.8165,1.0,0.0,0.0,0.0,0.0
213,316.63,789.95,927.85,887.55,97.6,70.7759,0.1501,0.0,-789.95,0.0,6.8165,0.0,-789.95,0.0,6.8165,1.0,0.0,0.0,0.0,0.0
214,317.02,784.35,937.55,903.35,119.0,77.6762,0.1097,0.0,-784.35,0.0,6.8165,0.0,-784.35,0.0,6.8165,1.0,0.0,0.0,0.0,0.0
215,317.41,774.5,944.0,896.15,121.65,71.7699,0.1441,0.0,-774.5,0.0,6.8165,0.0,-774.5,0.0,6.8165,1.0,0.0,0.0,0.0,0.0
216,317.8,784.5,938.8,896.95,112.45,72.8775,0.1374,0.0,-784.5,0.0,6.8165,0.0,-784.5,0.0,6.8165,1.0,0.0,0.0,0.0,0.0
217,318.19,782.6,924.05,897.35,114.75,81.1241,0.0909,0.0,-782.6,0.0,6.8165,0.0,-782.6,0.0,6.8165,1.0,0.0,0.0,0.0,0.0
218,318.57,780.2,926.3,894.15,113.95,77.9945,0.1079,0.0,-780.2,0.0,6.8165,0.0,-780.2,0.0,6.8165,1.0,0.0,0.0,0.0,0.0
219,318.96,804.75,931.4,898.15,93.4,73.7465,0.1323,0.0,-804.75,0.0,6.8165,0.0,-804.75,0.0,6.8165,1.0,0.0,0.0,0.0,0.0
220,319.35,803.15,950.3,893.55,90.4,61.4339,0.2116,0.0,-803.15,0.0,6.8165,0.0,-803.15,0.0,6.8165,1.0,0.0,0.0,0.0,0.0
221,319.74,786.25,950.7,905.55,119.3,72.5448,0.1394,0.0,-786.25,0.0,6.8165,0.0,-786.25,0.0,6.8165,1.0,0.0,0.0,0.0,0.0
222,320.12,774.0,947.6,900.85,126.85,73.0703,0.1363,0.0,-774.0,0.0,6.8165,0.0,-774.0,0.0,6.8165,1.0,0.0,0.0,0.0,0.0
223,320.51,779.6,943.45,875.9,96.3,58.7733,0.2308,0.0,-779.6,0.0,6.8165,0.0,-779.6,0.0,6.8165,1.0,0.0,0.0,0.0,0.0
224,320.9,783.4,925.85,888.7,105.3,73.9207,0.1312,0.0,-783.4,0.0,6.8165,0.0,-783.4,0.0,6.8165,1.0,0.0,0.0,0.0,0.0
225,321.28,785.45,946.25,884.0,98.55,61.2873,0.2126,0.0,-785.45,0.0,6.8165,0.0,-785.45,0.0,6.8165,1.0,0.0,0.0,0.0,0.0
226,321.67,778.1,941.95,901.4,123.3,75.2518,0.1235,0.0,-778.1,0.0,6.8165,0.0,-778.1,0.0,6.8165,1.0,0.0,0.0,0.0,0.0
227,322.06,786.9,942.35,902.4,115.5,74.3004,0.129,0.0,-786.9,0.0,6.8165,0.0,-786.9,0.0,6.8165,1.0,0.0,0.0,0.0,0.0
228,322.45,769.25,950.8,911.85,142.6,78.5459,0.1049,0.0,-769.25,0.0,6.8165,0.0,-769.25,0.0,6.8165,1.0,0.0,0.0,0.0,0.0
229,322.83,766.65,928.05,889.1,122.45,75.8674,0.1199,0.0,-766.65,0.0,6.8165,0.0,-766.65,0.0,6.8165,1.0,0.0,0.0,0.0,0.0
230,323.22,794.45,942.05,902.9,108.45,73.4756,0.1339,0.0,-794.45,0.0,6.8165,0.0,-794.45,0.0,6.8165,1.0,0.0,0.0,0.0,0.0
231,323.61,784.35,929.55,889.0,104.65,72.073,0.1422,0.0,-784.35,0.0,6.8165,0.0,-784.35,0.0,6.8165,1.0,0.0,0.0,0.0,0.0
232,323.99,794.0,945.85,895.3,101.3,66.7106,0.1758,0.0,-794.0,0.0,6.8165,0.0,-794.0,0.0,6.8165,1.0,0.0,0.0,0.0,0.0
233,324.38,780.2,953.45,899.95,119.75,69.1198,0.1604,0.0,-780.2,0.0,6.8165,0.0,-780.2,0.0,6.8165,1.0,0.0,0.0,0.0,0.0
234,324.77,784.45,939.85,898.4,113.95,73.3269,0.1347,0.0,-784.45,0.0,6.8165,0.0,-784.45,0.0,6.8165,1.0,0.0,0.0,0.0,0.0
235,325.15,777.75,942.35,900.7,122.95,74.6962,0.1267,0.0,-777.75,0.0,6.8165,0.0,-777.75,0.0,6.8165,1.0,0.0,0.0,0.0,0.0
236,325.54,794.85,932.4,901.1,106.25,77.2446,0.1121,0.0,-794.85,0.0,6.8165,0.0,-794.85,0.0,6.8165,1.0,0.0,0.0,0.0,0.0
237,325.92,793.05,962.75,908.0,114.95,67.7372,0.1692,0.0,-793.05,0.0,6.8165,0.0,-793.05,0.0,6.8165,1.0,0.0,0.0,0.0,0.0
238,326.31,771.4,942.25,905.6,134.2,78.5484,0.1049,0.0,-771.4,0.0,6.8165,0.0,-771.4,0.0,6.8165,1.0,0.0,0.0,0.0,0.0
239,326.7,786.45,949.55,915.7,129.25,79.2459,0.101,0.0,-786.45,0.0,6.8165,0.0,-786.45,0.0,6.8165,1.0,0.0,0.0,0.0,0.0
240,327.08,789.3,940.2,891.9,102.6,67.992,0.1675,0.0,-789.3,0.0,6.8165,0.0,-789.3,0.0,6.8165,1.0,0.0,0.0,0.0,0.0
241,327.47,775.0,944.35,894.55,119.55,70.5934,0.1512,0.0,-775.0,0.0,6.8165,0.0,-775.0,0.0,6.8165,1.0,0.0,0.0,0.0,0.0
242,327.85,782.8,942.8,898.25,115.45,72.1562,0.1417,0.0,-782.8,0.0,6.8165,0.0,-782.8,0.0,6.8165,1.0,0.0,0.0,0.0,0.0
243,328.24,783.95,950.7,897.0,113.05,67.7961,0.1688,0.0,-783.95,0.0,6.8165,0.0,-783.95,0.0,6.8165,1.0,0.0,0.0,0.0,0.0
244,328.62,786.8,950.25,913.1,126.3,77.2713,0.112,0.0,-786.8,0.0,6.8165,0.0,-786.8,0.0,6.8165,1.0,0.0,0.0,0.0,0.0
245,329.01,782.95,963.2,893.4,110.45,61.276,0.2127,0.0,-782.95,0.0,6.8165,0.0,-782.95,0.0,6.8165,1.0,0.0,0.0,0.0,0.0
246,329.39,789.65,944.95,923.75,134.1,86.349,0.0637,0.0,-789.65,0.0,6.8165,0.0,-789.65,0.0,6.8165,1.0,0.0,0.0,0.0,0.0
247,329.78,781.3,946.25,916.8,135.5,82.1461,0.0854,0.0,-781.3,0.0,6.8165,0.0,-781.3,0.0,6.8165,1.0,0.0,0.0,0.0,0.0
248,330.16,793.15,951.8,907.05,113.9,71.7933,0.1439,0.0,-793.15,0.0,6.8165,0.0,-793.15,0.0,6.8165,1.0,0.0,0.0,0.0,0.0
249,330.55,773.4,951.05,885.9,112.5,63.3268,0.1984,0.0,-773.4,0.0,6.8165,0.0,-773.4,0.0,6.8165,1.0,0.0,0.0,0.0,0.0
250,330.93,797.1,964.2,899.75,102.65,61.4303,0.2116,0.0,-797.1,0.0,6.8165,0.0,-797.1,0.0,6.8165,1.0,0.0,0.0,0.0,0.0
251,331.32,796.9,949.1,914.7,117.8,77.3982,0.1113,0.0,-796.9,0.0,6.8165,0.0,-796.9,0.0,6.8165,1.0,0.0,0.0,0.0,0.0
252,331.7,796.3,962.4,909.85,113.55,68.3624,0.1652,0.0,-796.3,0.0,6.8165,0.0,-796.3,0.0,6.8165,1.0,0.0,0.0,0.0,0.0
253,332.09,778.25,964.35,910.0,131.75,70.7953,0.15,0.0,-778.25,0.0,6.8165,0.0,-778.25,0.0,6.8165,1.0,0.0,0.0,0.0,0.0
254,332.47,792.85,970.3,901.35,108.5,61.144,0.2136,0.0,-792.85,0.0,6.8165,0.0,-792.85,0.0,6.8165,1.0,0.0,0.0,0.0,0.0
255,332.86,783.2,947.55,922.6,139.4,84.819,0.0715,0.0,-783.2,0.0,6.8165,0.0,-783.2,0.0,6.8165,1.0,0.0,0.0,0.0,0.0
256,333.24,787.7,966.1,905.05,117.35,65.7791,0.1819,0.0,-787.7,0.0,6.8165,0.0,-787.7,0.0,6.8165,1.0,0.0,0.0,0.0,0.0
257,333.63,780.85,950.3,914.8,133.95,79.0499,0.1021,0.0,-780.85,0.0,6.8165,0.0,-780.85,0.0,6.8165,1.0,0.0,0.0,0.0,0.0
258,334.01,786.4,951.6,906.5,120.1,72.6998,0.1385,0.0,-786.4,0.0,6.8165,0.0,-786.4,0.0,6.8165,1.0,0.0,0.0,0.0,0.0
259,334.39,774.55,965.3,904.45,129.9,68.0996,0.1669,0.0,-774.55,0.0,6.8165,0.0,-774.55,0.0,6.8165,1.0,0.0,0.0,0.0,0.0
260,334.78,782.0,971.45,908.85,126.85,66.957,0.1742,0.0,-782.0,0.0,6.8165,0.0,-782.0,0.0,6.8165,1.0,0.0,0.0,0.0,0.0
261,335.16,783.6,958.9,902.05,118.45,67.5699,0.1702,0.0,-783.6,0.0,6.8165,0.0,-783.6,0.0,6.8165,1.0,0.0,0.0,0.0,0.0
262,335.55,793.2,952.6,910.75,117.55,73.7453,0.1323,0.0,-793.2,0.0,6.8165,0.0,-793.2,0.0,6.8165,1.0,0.0,0.0,0.0,0.0
263,335.93,791.95,942.2,913.65,121.7,80.9983,0.0915,0.0,-791.95,0.0,6.8165,0.0,-791.95,0.0,6.8165,1.0,0.0,0.0,0.0,0.0
264,336.31,779.5,959.75,918.45,138.95,77.0874,0.113,0.0,-779.5,0.0,6.8165,0.0,-779.5,0.0,6.8165,1.0,0.0,0.0,0.0,0.0
265,336.7,783.9,961.5,911.75,127.85,71.9876,0.1427,0.0,-783.9,0.0,6.8165,0.0,-783.9,0.0,6.8165,1.0,0.0,0.0,0.0,0.0
266,337.08,788.9,968.7,915.85,126.95,70.6062,0.1512,0.0,-788.9,0.0,6.8165,0.0,-788.9,0.0,6.8165,1.0,0.0,0.0,0.0,0.0
267,337.46,780.85,974.85,920.25,139.4,71.8557,0.1435,0.0,-780.85,0.0,6.8165,0.0,-780.85,0.0,6.8165,1.0,0.0,0.0,0.0,0.0
268,337.85,786.1,959.55,923.7,137.6,79.3312,0.1006,0.0,-786.1,0.0,6.8165,0.0,-786.1,0.0,6.8165,1.0,0.0,0.0,0.0,0.0
269,338.23,780.95,956.6,929.2,148.25,84.4008,0.0737,0.0,-780.95,0.0,6.8165,0.0,-780.95,0.0,6.8165,1.0,0.0,0.0,0.0,0.0
270,338.61,784.65,960.4,926.8,142.15,80.8819,0.0921,0.0,-784.65,0.0,6.8165,0.0,-784.65,0.0,6.8165,1.0,0.0,0.0,0.0,0.0
271,339.0,798.65,978.8,937.2,138.55,76.9081,0.114,0.0,-798.65,0.0,6.8165,0.0,-798.65,0.0,6.8165,1.0,0.0,0.0,0.0,0.0
272,339.38,787.5,968.6,931.0,143.5,79.238,0.1011,0.0,-787.5,0.0,6.8165,0.0,-787.5,0.0,6.8165,1.0,0.0,0.0,0.0,0.0
273,339.76,801.95,969.45,939.85,137.9,82.3284,0.0845,0.0,-801.95,0.0,6.8165,0.0,-801.95,0.0,6.8165,1.0,0.0,0.0,0.0,0.0
274,340.14,787.85,961.3,925.55,137.7,79.3889,0.1002,0.0,-787.85,0.0,6.8165,0.0,-787.85,0.0,6.8165,1.0,0.0,0.0,0.0,0.0
275,340.53,798.7,964.6,919.85,121.15,73.0259,0.1365,0.0,-798.7,0.0,6.8165,0.0,-798.7,0.0,6.8165,1.0,0.0,0.0,0.0,0.0
276,340.91,788.15,947.35,909.15,121.0,76.005,0.1192,0.0,-788.15,0.0,6.8165,0.0,-788.15,0.0,6.8165,1.0,0.0,0.0,0.0,0.0
277,341.29,781.35,961.85,919.65,138.3,76.6205,0.1157,0.0,-781.35,0.0,6.8165,0.0,-781.35,0.0,6.8165,1.0,0.0,0.0,0.0,0.0
278,341.67,791.15,965.15,915.6,124.45,71.523,0.1456,0.0,-791.15,0.0,6.8165,0.0,-791.15,0.0,6.8165,1.0,0.0,0.0,0.0,0.0
279,342.06,796.3,956.2,917.65,121.35,75.8912,0.1198,0.0,-796.3,0.0,6.8165,0.0,-796.3,0.0,6.8165,1.0,0.0,0.0,0.0,0.0
280,342.44,784.65,957.4,898.35,113.7,65.8177,0.1817,0.0,-784.65,0.0,6.8165,0.0,-784.65,0.0,6.8165,1.0,0.0,0.0,0.0,0.0
281,342.82,775.0,947.5,913.55,138.55,80.3188,0.0952,0.0,-775.0,0.0,6.8165,0.0,-775.0,0.0,6.8165,1.0,0.0,0.0,0.0,0.0
282,343.2,772.5,970.05,913.0,140.5,71.1212,0.148,0.0,-772.5,0.0,6.8165,0.0,-772.5,0.0,6.8165,1.0,0.0,0.0,0.0,0.0
283,343.59,772.45,969.7,928.9,156.45,79.3156,0.1006,0.0,-772.45,0.0,6.8165,0.0,-772.45,0.0,6.8165,1.0,0.0,0.0,0.0,0.0
284,343.97,793.7,980.4,916.5,122.8,65.774,0.1819,0.0,-793.7,0.0,6.8165,0.0,-793.7,0.0,6.8165,1.0,0.0,0.0,0.0,0.0
285,344.35,792.55,978.45,928.25,135.7,72.9962,0.1367,0.0,-792.55,0.0,6.8165,0.0,-792.55,0.0,6.8165,1.0,0.0,0.0,0.0,0.0
286,344.73,782.2,977.95,920.95,138.75,70.8812,0.1495,0.0,-782.2,0.0,6.8165,0.0,-782.2,0.0,6.8165,1.0,0.0,0.0,0.0,0.0
287,345.11,773.7,973.15,923.0,149.3,74.8559,0.1258,0.0,-773.7,0.0,6.8165,0.0,-773.7,0.0,6.8165,1.0,0.0,0.0,0.0,0.0
288,345.49,776.7,962.95,909.75,133.05,71.4362,0.1461,0.0,-776.7,0.0,6.8165,0.0,-776.7,0.0,6.8165,1.0,0.0,0.0,0.0,0.0
289,345.88,775.85,981.2,931.3,155.45,75.7,0.1209,0.0,-775.85,0.0,6.8165,0.0,-775.85,0.0,6.8165,1.0,0.0,0.0,0.0,0.0
290,346.26,785.65,987.95,924.9,139.25,68.8334,0.1622,0.0,-785.65,0.0,6.8165,0.0,-785.65,0.0,6.8165,1.0,0.0,0.0,0.0,0.0
291,346.64,783.25,976.75,933.75,150.5,77.7778,0.1091,0.0,-783.25,0.0,6.8165,0.0,-783.25,0.0,6.8165,1.0,0.0,0.0,0.0,0.0
292,347.02,788.6,972.75,922.05,133.45,72.4681,0.1399,0.0,-788.6,0.0,6.8165,0.0,-788.6,0.0,6.8165,1.0,0.0,0.0,0.0,0.0
293,347.4,767.75,954.4,915.95,148.2,79.3999,0.1002,0.0,-767.75,0.0,6.8165,0.0,-767.75,0.0,6.8165,1.0,0.0,0.0,0.0,0.0
294,347.78,778.45,980.95,924.05,145.6,71.9012,0.1433,0.0,-778.45,0.0,6.8165,0.0,-778.45,0.0,6.8165,1.0,0.0,0.0,0.0,0.0
295,348.16,794.75,969.6,922.3,127.55,72.9482,0.137,0.0,-794.75,0.0,6.8165,0.0,-794.75,0.0,6.8165,1.0,0.0,0.0,0.0,0.0
296,348.54,785.75,975.55,931.85,146.1,76.9758,0.1136,0.0,-785.75,0.0,6.8165,0.0,-785.75,0.0,6.8165,1.0,0.0,0.0,0.0,0.0
297,348.92,782.3,968.95,918.0,135.7,72.7029,0.1384,0.0,-782.3,0.0,6.8165,0.0,-782.3,0.0,6.8165,1.0,0.0,0.0,0.0,0.0
298,349.3,790.05,970.85,931.05,141.0,77.9867,0.108,0.0,-790.05,0.0,6.8165,0.0,-790.05,0.0,6.8165,1.0,0.0,0.0,0.0,0.0
299,349.68,775.25,967.05,922.95,147.7,77.0073,0.1135,0.0,-775.25,0.0,6.8165,0.0,-775.25,0.0,6.8165,1.0,0.0,0.0,0.0,0.0
300,350.06,785.25,964.15,925.35,140.1,78.3119,0.1062,0.0,-785.25,0.0,6.8165,0.0,-785.25,0.0,6.8165,1.0,0.0,0.0,0.0,0.0
301,350.44,792.05,970.7,915.35,123.3,69.0176,0.161,0.0,-792.05,0.0,6.8165,0.0,-792.05,0.0,6.8165,1.0,0.0,0.0,0.0,0.0
302,350.82,788.75,992.6,934.6,145.85,71.5477,0.1454,0.0,-788.75,0.0,6.8165,0.0,-788.75,0.0,6.8165,1.0,0.0,0.0,0.0,0.0
303,351.21,786.7,970.85,932.7,146.0,79.2832,0.1008,0.0,-786.7,0.0,6.8165,0.0,-786.7,0.0,6.8165,1.0,0.0,0.0,0.0,0.0
304,351.59,788.15,972.7,924.05,135.9,73.6386,0.1329,0.0,-788.15,0.0,6.8165,0.0,-788.15,0.0,6.8165,1.0,0.0,0.0,0.0,0.0
305,351.97,797.85,969.35,930.65,132.8,77.4344,0.1111,0.0,-797.85,0.0,6.8165,0.0,-797.85,0.0,6.8165,1.0,0.0,0.0,0.0,0.0
306,352.34,780.55,975.15,911.8,131.25,67.446,0.171,0.0,-780.55,0.0,6.8165,0.0,-780.55,0.0,6.8165,1.0,0.0,0.0,0.0,0.0
307,352.72,784.2,983.75,921.1,136.9,68.6044,0.1636,0.0,-784.2,0.0,6.8165,0.0,-784.2,0.0,6.8165,1.0,0.0,0.0,0.0,0.0
308,353.1,790.1,991.45,932.0,141.9,70.4743,0.152,0.0,-790.1,0.0,6.8165,0.0,-790.1,0.0,6.8165,1.0,0.0,0.0,0.0,0.0
309,353.48,776.95,993.9,923.3,146.35,67.4579,0.171,0.0,-776.95,0.0,6.8165,0.0,-776.95,0.0,6.8165,1.0,0.0,0.0,0.0,0.0
310,353.86,779.75,993.95,928.2,148.45,69.3044,0.1592,0.0,-779.75,0.0,6.8165,0.0,-779.75,0.0,6.8165,1.0,0.0,0.0,0.0,0.0
311,354.24,787.7,994.45,940.3,152.6,73.8089,0.1319,0.0,-787.7,0.0,6.8165,0.0,-787.7,0.0,6.8165,1.0,0.0,0.0,0.0,0.0
312,354.62,775.4,983.55,931.05,155.65,74.7778,0.1262,0.0,-775.4,0.0,6.8165,0.0,-775.4,0.0,6.8165,1.0,0.0,0.0,0.0,0.0
313,355.0,784.75,985.5,927.25,142.5,70.9838,0.1488,0.0,-784.75,0.0,6.8165,0.0,-784.75,0.0,6.8165,1.0,0.0,0.0,0.0,0.0
314,355.38,785.2,968.35,933.1,147.9,80.7535,0.0928,0.0,-785.2,0.0,6.8165,0.0,-785.2,0.0,6.8165,1.0,0.0,0.0,0.0,0.0
315,355.76,793.8,980.7,934.8,141.0,75.4414,0.1224,0.0,-793.8,0.0,6.8165,0.0,-793.8,0.0,6.8165,1.0,0.0,0.0,0.0,0.0
316,356.14,791.0,990.0,933.85,142.85,71.7839,0.144,0.0,-791.0,0.0,6.8165,0.0,-791.0,0.0,6.8165,1.0,0.0,0.0,0.0,0.0
317,356.52,786.45,989.55,931.4,144.95,71.3688,0.1465,0.0,-786.45,0.0,6.8165,0.0,-786.45,0.0,6.8165,1.0,0.0,0.0,0.0,0.0
318,356.9,773.0,987.05,923.25,150.25,70.1939,0.1537,0.0,-773.0,0.0,6.8165,0.0,-773.0,0.0,6.8165,1.0,0.0,0.0,0.0,0.0
319,357.27,782.15,997.25,931.45,149.3,69.4096,0.1586,0.0,-782.15,0.0,6.8165,0.0,-782.15,0.0,6.8165,1.0,0.0,0.0,0.0,0.0
320,357.65,782.2,996.75,934.65,152.45,71.0557,0.1484,0.0,-782.2,0.0,6.8165,0.0,-782.2,0.0,6.8165,1.0,0.0,0.0,0.0,0.0
321,358.03,800.05,984.3,957.8,157.75,85.6174,0.0674,0.0,-800.05,0.0,6.8165,0.0,-800.05,0.0,6.8165,1.0,0.0,0.0,0.0,0.0
322,358.41,795.3,993.7,946.0,150.7,75.9577,0.1194,0.0,-795.3,0.0,6.8165,0.0,-795.3,0.0,6.8165,1.0,0.0,0.0,0.0,0.0
323,358.79,786.75,990.3,950.25,163.5,80.3242,0.0952,0.0,-786.75,0.0,6.8165,0.0,-786.75,0.0,6.8165,1.0,0.0,0.0,0.0,0.0
324,359.17,787.4,999.3,944.3,156.9,74.0444,0.1305,0.0,-787.4,0.0,6.8165,0.0,-787.4,0.0,6.8165,1.0,0.0,0.0,0.0,0.0
325,359.55,781.5,999.85,936.45,154.95,70.964,0.149,0.0,-781.5,0.0,6.8165,0.0,-781.5,0.0,6.8165,1.0,0.0,0.0,0.0,0.0
326,359.92,781.55,986.8,932.85,151.3,73.715,0.1324,0.0,-781.55,0.0,6.8165,0.0,-781.55,0.0,6.8165,1.0,0.0,0.0,0.0,0.0
327,360.3,781.7,980.55,945.6,163.9,82.4239,0.0839,0.0,-781.7,0.0,6.8165,0.0,-781.7,0.0,6.8165,1.0,0.0,0.0,0.0,0.0
328,360.68,777.85,978.95,937.35,159.5,79.3138,0.1007,0.0,-777.85,0.0,6.8165,0.0,-777.85,0.0,6.8165,1.0,0.0,0.0,0.0,0.0
329,361.06,776.0,995.85,927.55,151.55,68.9334,0.1616,0.0,-776.0,0.0,6.8165,0.0,-776.0,0.0,6.8165,1.0,0.0,0.0,0.0,0.0
330,361.43,792.9,999.6,936.15,143.25,69.3033,0.1592,0.0,-792.9,0.0,6.8165,0.0,-792.9,0.0,6.8165,1.0,0.0,0.0,0.0,0.0
331,361.81,787.6,996.8,940.65,153.05,73.1597,0.1357,0.0,-787.6,0.0,6.8165,0.0,-787.6,0.0,6.8165,1.0,0.0,0.0,0.0,0.0
332,362.19,779.95,997.5,958.35,178.4,82.0041,0.0862,0.0,-779.95,0.0,6.8165,0.0,-779.95,0.0,6.8165,1.0,0.0,0.0,0.0,0.0
333,362.57,795.45,990.9,948.65,153.2,78.3832,0.1058,0.0,-795.45,0.0,6.8165,0.0,-795.45,0.0,6.8165,1.0,0.0,0.0,0.0,0.0
334,362.94,791.0,991.9,953.25,162.25,80.7616,0.0928,0.0,-791.0,0.0,6.8165,0.0,-791.0,0.0,6.8165,1.0,0.0,0.0,0.0,0.0
335,363.32,785.0,984.0,934.5,149.5,75.1256,0.1242,0.0,-785.0,0.0,6.8165,0.0,-785.0,0.0,6.8165,1.0,0.0,0.0,0.0,0.0
336,363.7,794.25,980.75,946.35,152.1,81.555,0.0885,0.0,-794.25,0.0,6.8165,0.0,-794.25,0.0,6.8165,1.0,0.0,0.0,0.0,0.0
337,364.08,805.6,991.0,951.0,145.4,78.425,0.1055,0.0,-805.6,0.0,6.8165,0.0,-805.6,0.0,6.8165,1.0,0.0,0.0,0.0,0.0
338,364.45,781.05,999.4,951.0,169.95,77.8338,0.1088,0.0,-781.05,0.0,6.8165,0.0,-781.05,0.0,6.8165,1.0,0.0,0.0,0.0,0.0
339,364.83,780.4,996.1,939.6,159.2,73.8062,0.1319,0.0,-780.4,0.0,6.8165,0.0,-780.4,0.0,6.8165,1.0,0.0,0.0,0.0,0.0
340,365.21,792.0,979.9,943.3,151.3,80.5216,0.0941,0.0,-792.0,0.0,6.8165,0.0,-792.0,0.0,6.8165,1.0,0.0,0.0,0.0,0.0
341,365.58,781.25,1003.4,942.75,161.5,72.6986,0.1385,0.0,-781.25,0.0,6.8165,0.0,-781.25,0.0,6.8165,1.0,0.0,0.0,0.0,0.0
342,365.96,789.0,1017.6,941.2,152.2,66.5792,0.1767,0.0,-789.0,0.0,6.8165,0.0,-789.0,0.0,6.8165,1.0,0.0,0.0,0.0,0.0
343,366.34,788.85,996.45,954.7,165.85,79.8892,0.0975,0.0,-788.85,0.0,6.8165,0.0,-788.85,0.0,6.8165,1.0,0.0,0.0,0.0,0.0
344,366.71,778.2,994.95,942.85,164.65,75.9631,0.1194,0.0,-778.2,0.0,6.8165,0.0,-778.2,0.0,6.8165,1.0,0.0,0.0,0.0,0.0
345,367.09,791.4,997.8,932.15,140.75,68.1928,0.1663,0.0,-791.4,0.0,6.8165,0.0,-791.4,0.0,6.8165,1.0,0.0,0.0,0.0,0.0
346,367.47,780.2,997.35,951.75,171.55,79.0007,0.1024,0.0,-780.2,0.0,6.8165,0.0,-780.2,0.0,6.8165,1.0,0.0,0.0,0.0,0.0
347,367.84,776.35,1007.95,953.6,177.25,76.5328,0.1162,0.0,-776.35,0.0,6.8165,0.0,-776.35,0.0,6.8165,1.0,0.0,0.0,0.0,0.0
348,368.22,785.75,1015.5,954.9,169.15,73.6235,0.133,0.0,-785.75,0.0,6.8165,0.0,-785.75,0.0,6.8165,1.0,0.0,0.0,0.0,0.0
349,368.59,778.9,988.3,943.55,164.65,78.6294,0.1044,0.0,-778.9,0.0,6.8165,0.0,-778.9,0.0,6.8165,1.0,0.0,0.0,0.0,0.0
350,368.97,765.45,1006.45,941.75,176.3,73.1535,0.1358,0.0,-765.45,0.0,6.8165,0.0,-765.45,0.0,6.8165,1.0,0.0,0.0,0.0,0.0
351,369.35,783.9,996.95,937.7,153.8,72.1896,0.1415,0.0,-783.9,0.0,6.8165,0.0,-783.9,0.0,6.8165,1.0,0.0,0.0,0.0,0.0
352,369.72,775.65,1003.3,945.55,169.9,74.6321,0.1271,0.0,-775.65,0.0,6.8165,0.0,-775.65,0.0,6.8165,1.0,0.0,0.0,0.0,0.0
353,370.1,782.2,1006.65,957.7,175.5,78.1911,0.1068,0.0,-782.2,0.0,6.8165,0.0,-782.2,0.0,6.8165,1.0,0.0,0.0,0.0,0.0
354,370.47,785.05,1007.05,954.5,169.45,76.3288,0.1173,0.0,-785.05,0.0,6.8165,0.0,-785.05,0.0,6.8165,1.0,0.0,0.0,0.0,0.0
355,370.85,792.5,999.6,966.1,173.6,83.8242,0.0766,0.0,-792.5,0.0,6.8165,0.0,-792.5,0.0,6.8165,1.0,0.0,0.0,0.0,0.0
356,371.22,797.3,1004.65,978.85,181.55,87.5573,0.0577,0.0,-797.3,0.0,6.8165,0.0,-797.3,0.0,6.8165,1.0,0.0,0.0,0.0,0.0
357,371.6,789.55,992.55,950.3,160.75,79.1872,0.1013,0.0,-789.55,0.0,6.8165,0.0,-789.55,0.0,6.8165,1.0,0.0,0.0,0.0,0.0
358,371.97,780.35,1003.3,960.05,179.7,80.601,0.0937,0.0,-780.35,0.0,6.8165,0.0,-780.35,0.0,6.8165,1.0,0.0,0.0,0.0,0.0
359,372.35,785.25,1005.4,965.05,179.8,81.6716,0.0879,0.0,-785.25,0.0,6.8165,0.0,-785.25,0.0,6.8165,1.0,0.0,0.0,0.0,0.0
360,372.72,786.15,1011.5,962.85,176.7,78.4114,0.1056,0.0,-786.15,0.0,6.8165,0.0,-786.15,0.0,6.8165,1.0,0.0,0.0,0.0,0.0
361,373.1,809.5,995.25,955.4,145.9,78.5464,0.1049,0.0,-809.5,0.0,6.8165,0.0,-809.5,0.0,6.8165,1.0,0.0,0.0,0.0,0.0
362,373.47,771.65,1002.75,953.0,181.35,78.4725,0.1053,0.0,-771.65,0.0,6.8165,0.0,-771.65,0.0,6.8165,1.0,0.0,0.0,0.0,0.0
363,373.85,790.95,1006.6,969.7,178.75,82.8889,0.0815,0.0,-790.95,0.0,6.8165,0.0,-790.95,0.0,6.8165,1.0,0.0,0.0,0.0,0.0
364,374.22,795.9,1005.3,954.15,158.25,75.5731,0.1216,0.0,-795.9,0.0,6.8165,0.0,-795.9,0.0,6.8165,1.0,0.0,0.0,0.0,0.0
365,374.6,791.2,1006.95,958.3,167.1,77.4508,0.111,0.0,-791.2,0.0,6.8165,0.0,-791.2,0.0,6.8165,1.0,0.0,0.0,0.0,0.0
366,374.97,790.1,999.15,948.85,158.75,75.9388,0.1195,0.0,-790.1,0.0,6.8165,0.0,-790.1,0.0,6.8165,1.0,0.0,0.0,0.0,0.0
367,375.35,789.15,997.6,958.9,169.75,81.4344,0.0892,0.0,-789.15,0.0,6.8165,0.0,-789.15,0.0,6.8165,1.0,0.0,0.0,0.0,0.0
368,375.72,788.45,995.45,955.3,166.85,80.6039,0.0936,0.0,-788.45,0.0,6.8165,0.0,-788.45,0.0,6.8165,1.0,0.0,0.0,0.0,0.0
369,376.09,778.85,1004.65,956.3,177.45,78.5872,0.1046,0.0,-778.85,0.0,6.8165,0.0,-778.85,0.0,6.8165,1.0,0.0,0.0,0.0,0.0
370,376.47,779.25,1015.15,956.15,176.9,74.9894,0.125,0.0,-779.25,0.0,6.8165,0.0,-779.25,0.0,6.8165,1.0,0.0,0.0,0.0,0.0
371,376.84,792.45,1005.75,957.8,165.35,77.5199,0.1106,0.0,-792.45,0.0,6.8165,0.0,-792.45,0.0,6.8165,1.0,0.0,0.0,0.0,0.0
372,377.22,800.65,1017.05,954.05,153.4,70.8872,0.1494,0.0,-800.65,0.0,6.8165,0.0,-800.65,0.0,6.8165,1.0,0.0,0.0,0.0,0.0
373,377.59,784.15,1021.7,951.7,167.55,70.5325,0.1516,0.0,-784.15,0.0,6.8165,0.0,-784.15,0.0,6.8165,1.0,0.0,0.0,0.0,0.0
374,377.96,793.2,1006.4,975.6,182.4,85.5535,0.0678,0.0,-793.2,0.0,6.8165,0.0,-793.2,0.0,6.8165,1.0,0.0,0.0,0.0,0.0
375,378.34,788.05,1016.9,938.1,150.05,65.567,0.1833,0.0,-788.05,0.0,6.8165,0.0,-788.05,0.0,6.8165,1.0,0.0,0.0,0.0,0.0
376,378.71,780.15,1025.75,954.95,174.8,71.1726,0.1477,0.0,-780.15,0.0,6.8165,0.0,-780.15,0.0,6.8165,1.0,0.0,0.0,0.0,0.0
377,379.08,782.85,1041.45,956.25,173.4,67.0534,0.1736,0.0,-782.85,0.0,6.8165,0.0,-782.85,0.0,6.8165,1.0,0.0,0.0,0.0,0.0
378,379.46,773.75,1027.1,949.65,175.9,69.4296,0.1585,0.0,-773.75,0.0,6.8165,0.0,-773.75,0.0,6.8165,1.0,0.0,0.0,0.0,0.0
379,379.83,802.65,1023.45,954.6,151.95,68.8179,0.1623,0.0,-802.65,0.0,6.8165,0.0,-802.65,0.0,6.8165,1.0,0.0,0.0,0.0,0.0
380,380.2,786.6,1013.55,967.75,181.15,79.8193,0.0979,0.0,-786.6,0.0,6.8165,0.0,-786.6,0.0,6.8165,1.0,0.0,0.0,0.0,0.0
381,380.58,776.7,1019.35,951.95,175.25,72.2234,0.1413,0.0,-776.7,0.0,6.8165,0.0,-776.7,0.0,6.8165,1.0,0.0,0.0,0.0,0.0
382,380.95,780.95,1030.95,967.6,186.65,74.66,0.1269,0.0,-780.95,0.0,6.8165,0.0,-780.95,0.0,6.8165,1.0,0.0,0.0,0.0,0.0
383,381.32,786.95,1035.15,951.7,164.75,66.3779,0.178,0.0,-786.95,0.0,6.8165,0.0,-786.95,0.0,6.8165,1.0,0.0,0.0,0.0,0.0
384,381.7,772.15,1033.0,971.6,199.45,76.4616,0.1166,0.0,-772.15,0.0,6.8165,0.0,-772.15,0.0,6.8165,1.0,0.0,0.0,0.0,0.0
385,382.07,789.7,1025.8,969.9,180.2,76.3236,0.1173,0.0,-789.7,0.0,6.8165,0.0,-789.7,0.0,6.8165,1.0,0.0,0.0,0.0,0.0
386,382.44,792.05,1041.85,956.5,164.45,65.8327,0.1816,0.0,-792.05,0.0,6.8165,0.0,-792.05,0.0,6.8165,1.0,0.0,0.0,0.0,0.0
387,382.81,782.35,1043.05,965.85,183.5,70.3874,0.1525,0.0,-782.35,0.0,6.8165,0.0,-782.35,0.0,6.8165,1.0,0.0,0.0,0.0,0.0
388,383.19,782.95,1061.0,966.6,183.65,66.0493,0.1801,0.0,-782.95,0.0,6.8165,0.0,-782.95,0.0,6.8165,1.0,0.0,0.0,0.0,0.0
389,383.56,792.75,1063.75,976.4,183.65,67.7675,0.169,0.0,-792.75,0.0,6.8165,0.0,-792.75,0.0,6.8165,1.0,0.0,0.0,0.0,0.0
390,383.93,779.15,1062.75,989.65,210.5,74.2243,0.1295,0.0,-779.15,0.0,6.8165,0.0,-779.15,0.0,6.8165,1.0,0.0,0.0,0.0,0.0
391,384.3,799.55,1074.75,973.0,173.45,63.0269,0.2005,0.0,-799.55,0.0,6.8165,0.0,-799.55,0.0,6.8165,1.0,0.0,0.0,0.0,0.0
392,384.68,799.4,1082.8,971.45,172.05,60.7092,0.2167,0.0,-799.4,0.0,6.8165,0.0,-799.4,0.0,6.8165,1.0,0.0,0.0,0.0,0.0
393,385.05,773.65,1089.85,968.5,194.85,61.6224,0.2103,0.0,-773.65,0.0,6.8165,0.0,-773.65,0.0,6.8165,1.0,0.0,0.0,0.0,0.0
394,385.42,795.65,1095.45,971.15,175.5,58.539,0.2326,0.0,-795.65,0.0,6.8165,0.0,-795.65,0.0,6.8165,1.0,0.0,0.0,0.0,0.0
395,385.79,790.0,1109.6,963.35,173.35,54.2397,0.2657,0.0,-790.0,0.0,6.8165,0.0,-790.0,0.0,6.8165,1.0,0.0,0.0,0.0,0.0
396,386.16,782.85,1117.4,974.6,191.75,57.3158,0.2417,0.0,-782.85,0.0,6.8165,0.0,-782.85,0.0,6.8165,1.0,0.0,0.0,0.0,0.0
397,386.53,796.6,1117.4,962.6,166.0,51.7456,0.2861,0.0,-796.6,0.0,6.8165,0.0,-796.6,0.0,6.8165,1.0,0.0,0.0,0.0,0.0
398,386.91,786.05,1127.05,960.95,174.9,51.2903,0.29,0.0,-786.05,0.0,6.8165,0.0,-786.05,0.0,6.8165,1.0,0.0,0.0,0.0,0.0
399,387.28,785.1,1142.05,961.45,176.35,49.4047,0.3062,0.0,-785.1,0.0,6.8165,0.0,-785.1,0.0,6.8165,1.0,0.0,0.0,0.0,0.0
400,387.65,779.9,1140.95,958.6,178.7,49.4945,0.3054,0.0,-779.9,0.0,6.8165,0.0,-779.9,0.0,6.8165,1.0,0.0,0.0,0.0,0.0
401,388.02,779.95,1165.8,967.65,187.7,48.6458,0.313,0.0,-779.95,0.0,6.8165,0.0,-779.95,0.0,6.8165,1.0,0.0,0.0,0.0,0.0
402,388.39,781.65,1157.8,975.5,193.85,51.5353,0.2879,0.0,-781.65,0.0,6.8165,0.0,-781.65,0.0,6.8165,1.0,0.0,0.0,0.0,0.0
403,388.76,781.6,1191.85,956.55,174.95,42.6447,0.3701,0.0,-781.6,0.0,6.8165,0.0,-781.6,0.0,6.8165,1.0,0.0,0.0,0.0,0.0
404,389.13,795.9,1195.75,963.5,167.6,41.9157,0.3776,0.0,-795.9,0.0,6.8165,0.0,-795.9,0.0,6.8165,1.0,0.0,0.0,0.0,0.0
405,389.5,788.05,1200.4,971.75,183.7,44.5495,0.3512,0.0,-788.05,0.0,6.8165,0.0,-788.05,0.0,6.8165,1.0,0.0,0.0,0.0,0.0
406,389.87,771.35,1229.0,986.3,214.95,46.9682,0.3282,0.0,-771.35,0.0,6.8165,0.0,-771.35,0.0,6.8165,1.0,0.0,0.0,0.0,0.0
407,390.25,774.1,1237.6,975.2,201.1,43.3873,0.3626,0.0,-774.1,0.0,6.8165,0.0,-774.1,0.0,6.8165,1.0,0.0,0.0,0.0,0.0
408,390.62,790.65,1264.95,977.9,187.25,39.4792,0.4036,0.0,-790.65,0.0,6.8165,0.0,-790.65,0.0,6.8165,1.0,0.0,0.0,0.0,0.0
409,390.99,789.05,1284.9,982.85,193.8,39.0844,0.408,0.0,-789.05,0.0,6.8165,0.0,-789.05,0.0,6.8165,1.0,0.0,0.0,0.0,0.0
410,391.36,799.85,1329.75,984.1,184.25,34.7707,0.4588,0.0,-799.85,0.0,6.8165,0.0,-799.85,0.0,6.8165,1.0,0.0,0.0,0.0,0.0
411,391.73,782.2,1339.3,978.9,196.7,35.3078,0.4521,0.0,-782.2,0.0,6.8165,0.0,-782.2,0.0,6.8165,1.0,0.0,0.0,0.0,0.0
412,392.1,798.3,1382.8,977.0,178.7,30.5731,0.5147,0.0,-798.3,0.0,6.8165,0.0,-798.3,0.0,6.8165,1.0,0.0,0.0,0.0,0.0
413,392.47,773.1,1430.1,971.5,198.4,30.1979,0.52,0.0,-773.1,0.0,6.8165,0.0,-773.1,0.0,6.8165,1.0,0.0,0.0,0.0,0.0
414,392.84,793.95,1451.9,987.55,193.6,29.4247,0.5313,0.0,-793.95,0.0,6.8165,0.0,-793.95,0.0,6.8165,1.0,0.0,0.0,0.0,0.0
415,393.21,788.7,1448.55,981.55,192.85,29.2263,0.5342,0.0,-788.7,0.0,6.8165,0.0,-788.7,0.0,6.8165,1.0,0.0,0.0,0.0,0.0
416,393.58,783.9,1492.8,972.3,188.4,26.5764,0.5755,0.0,-783.9,0.0,6.8165,0.0,-783.9,0.0,6.8165,1.0,0.0,0.0,0.0,0.0
417,393.95,790.55,1540.25,980.45,189.9,25.3301,0.5964,0.0,-790.55,0.0,6.8165,0.0,-790.55,0.0,6.8165,1.0,0.0,0.0,0.0,0.0
418,394.32,780.05,1584.45,981.8,201.75,25.0808,0.6007,0.0,-780.05,0.0,6.8165,0.0,-780.05,0.0,6.8165,1.0,0.0,0.0,0.0,0.0
419,394.69,806.25,1600.2,984.55,178.3,22.4573,0.6486,0.0,-806.25,0.0,6.8165,0.0,-806.25,0.0,6.8165,1.0,0.0,0.0,0.0,0.0
420,395.06,789.85,1644.4,984.8,194.95,22.8132,0.6418,0.0,-789.85,0.0,6.8165,0.0,-789.85,0.0,6.8165,1.0,0.0,0.0,0.0,0.0
421,395.43,804.4,1705.55,989.85,185.45,20.5793,0.6866,0.0,-804.4,0.0,6.8165,0.0,-804.4,0.0,6.8165,1.0,0.0,0.0,0.0,0.0
422,395.8,786.7,1721.5,988.1,201.4,21.5447,0.6667,0.0,-786.7,0.0,6.8165,0.0,-786.7,0.0,6.8165,1.0,0.0,0.0,0.0,0.0
423,396.16,792.95,1786.9,975.35,182.4,18.351,0.7363,0.0,-792.95,0.0,6.8165,0.0,-792.95,0.0,6.8165,1.0,0.0,0.0,0.0,0.0
424,396.53,775.45,1840.7,975.95,200.5,18.8219,0.7253,0.0,-775.45,0.0,6.8165,0.0,-775.45,0.0,6.8165,1.0,0.0,0.0,0.0,0.0
425,396.9,775.9,1863.35,981.75,205.85,18.9296,0.7229,0.0,-775.9,0.0,6.8165,0.0,-775.9,0.0,6.8165,1.0,0.0,0.0,0.0,0.0
426,397.27,784.55,1921.95,978.9,194.35,17.0872,0.7673,0.0,-784.55,0.0,6.8165,0.0,-784.55,0.0,6.8165,1.0,0.0,0.0,0.0,0.0
427,397.64,789.75,1985.45,994.2,204.45,17.0988,0.767,0.0,-789.75,0.0,6.8165,0.0,-789.75,0.0,6.8165,1.0,0.0,0.0,0.0,0.0
428,398.01,786.3,1986.8,975.95,189.65,15.7976,0.8014,0.0,-786.3,0.0,6.8165,0.0,-786.3,0.0,6.8165,1.0,0.0,0.0,0.0,0.0
429,398.38,781.95,2066.45,986.45,204.5,15.9206,0.798,0.0,-781.95,0.0,6.8165,0.0,-781.95,0.0,6.8165,1.0,0.0,0.0,0.0,0.0
430,398.75,776.45,2057.45,1001.3,224.85,17.5527,0.7557,0.0,-776.45,0.0,6.8165,0.0,-776.45,0.0,6.8165,1.0,0.0,0.0,0.0,0.0
431,399.12,783.3,2116.6,982.25,198.95,14.9216,0.8262,0.0,-783.3,0.0,6.8165,0.0,-783.3,0.0,6.8165,1.0,0.0,0.0,0.0,0.0
432,399.48,788.15,2192.4,995.4,207.25,14.7588,0.8309,0.0,-788.15,0.0,6.8165,0.0,-788.15,0.0,6.8165,1.0,0.0,0.0,0.0,0.0
433,399.85,779.5,2189.75,985.8,206.3,14.6286,0.8348,0.0,-779.5,0.0,6.8165,0.0,-779.5,0.0,6.8165,1.0,0.0,0.0,0.0,0.0
434,400.22,771.9,2216.3,978.9,207.0,14.3312,0.8437,0.0,-771.9,0.0,6.8165,0.0,-771.9,0.0,6.8165,1.0,0.0,0.0,0.0,0.0
435,400.59,782.3,2312.4,991.65,209.35,13.6821,0.8638,0.0,-782.3,0.0,6.8165,0.0,-782.3,0.0,6.8165,1.0,0.0,0.0,0.0,0.0
436,400.96,789.55,2320.45,1001.05,211.5,13.8154,0.8596,0.0,-789.55,0.0,6.8165,0.0,-789.55,0.0,6.8165,1.0,0.0,0.0,0.0,0.0
437,401.32,785.15,2362.85,994.0,208.85,13.2376,0.8782,0.0,-785.15,0.0,6.8165,0.0,-785.15,0.0,6.8165,1.0,0.0,0.0,0.0,0.0
438,401.69,796.75,2406.15,997.65,200.9,12.4829,0.9037,0.0,-796.75,0.0,6.8165,0.0,-796.75,0.0,6.8165,1.0,0.0,0.0,0.0,0.0
439,402.06,788.6,2430.95,999.35,210.75,12.8322,0.8917,0.0,-788.6,0.0,6.8165,0.0,-788.6,0.0,6.8165,1.0,0.0,0.0,0.0,0.0
440,402.43,778.75,2495.95,999.85,221.1,12.8756,0.8902,0.0,-778.75,0.0,6.8165,0.0,-778.75,0.0,6.8165,1.0,0.0,0.0,0.0,0.0
441,402.8,769.1,2538.4,993.95,224.85,12.7084,0.8959,0.0,-769.1,0.0,6.8165,0.0,-769.1,0.0,6.8165,1.0,0.0,0.0,0.0,0.0
442,403.16,779.35,2572.1,992.8,213.45,11.9063,0.9242,0.0,-779.35,0.0,6.8165,0.0,-779.35,0.0,6.8165,1.0,0.0,0.0,0.0,0.0
443,403.53,778.0,2570.55,996.9,218.9,12.2117,0.9132,0.0,-778.0,0.0,6.8165,0.0,-778.0,0.0,6.8165,1.0,0.0,0.0,0.0,0.0
444,403.9,787.05,2743.1,996.45,209.4,10.7052,0.9704,0.0,-787.05,0.0,6.8165,0.0,-787.05,0.0,6.8165,1.0,0.0,0.0,0.0,0.0
445,404.27,790.85,2716.3,993.6,202.75,10.53,0.9776,0.0,-790.85,0.0,6.8165,0.0,-790.85,0.0,6.8165,1.0,0.0,0.0,0.0,0.0
446,404.63,795.95,2804.05,989.0,193.05,9.6136,1.0171,0.0,-795.95,0.0,6.8165,0.0,-795.95,0.0,6.8165,1.0,0.0,0.0,0.0,0.0
447,405.0,782.55,2913.55,1008.5,225.95,10.603,0.9746,0.0,-782.55,0.0,6.8165,0.0,-782.55,0.0,6.8165,1.0,0.0,0.0,0.0,0.0
448,405.37,782.6,2969.25,993.0,210.4,9.622,1.0167,0.0,-782.6,0.0,6.8165,0.0,-782.6,0.0,6.8165,1.0,0.0,0.0,0.0,0.0
449,405.73,783.45,3009.2,1005.5,222.05,9.9764,1.001,0.0,-783.45,0.0,6.8165,0.0,-783.45,0.0,6.8165,1.0,0.0,0.0,0.0,0.0
450,406.1,795.7,3104.5,999.3,203.6,8.8184,1.0546,0.0,-795.7,0.0,6.8165,0.0,-795.7,0.0,6.8165,1.0,0.0,0.0,0.0,0.0
451,406.47,789.1,3163.95,1000.55,211.45,8.9037,1.0504,0.0,-789.1,0.0,6.8165,0.0,-789.1,0.0,6.8165,1.0,0.0,0.0,0.0,0.0
452,406.83,779.6,3292.75,978.85,199.25,7.9283,1.1008,0.0,-779.6,0.0,6.8165,0.0,-779.6,0.0,6.8165,1.0,0.0,0.0,0.0,0.0
453,407.2,772.05,3331.0,984.65,212.6,8.3081,1.0805,0.0,-772.05,0.0,6.8165,0.0,-772.05,0.0,6.8165,1.0,0.0,0.0,0.0,0.0
454,407.57,786.6,3478.35,993.25,206.65,7.6772,1.1148,0.0,-786.6,0.0,6.8165,0.0,-786.6,0.0,6.8165,1.0,0.0,0.0,0.0,0.0
455,407.93,788.1,3466.3,986.1,198.0,7.393,1.1312,0.0,-788.1,0.0,6.8165,0.0,-788.1,0.0,6.8165,1.0,0.0,0.0,0.0,0.0
456,408.3,786.85,3550.4,1014.65,227.8,8.243,1.0839,0.0,-786.85,0.0,6.8165,0.0,-786.85,0.0,6.8165,1.0,0.0,0.0,0.0,0.0
457,408.67,776.9,3649.3,977.8,200.9,6.9942,1.1553,0.0,-776.9,0.0,6.8165,0.0,-776.9,0.0,6.8165,1.0,0.0,0.0,0.0,0.0
458,409.03,791.75,3779.9,997.85,206.1,6.8972,1.1613,0.0,-791.75,0.0,6.8165,0.0,-791.75,0.0,6.8165,1.0,0.0,0.0,0.0,0.0
459,409.4,766.6,3773.85,1003.25,236.65,7.8693,1.1041,0.0,-766.6,0.0,6.8165,0.0,-766.6,0.0,6.8165,1.0,0.0,0.0,0.0,0.0
460,409.76,783.85,3905.05,996.4,212.55,6.8099,1.1669,0.0,-783.85,0.0,6.8165,0.0,-783.85,0.0,6.8165,1.0,0.0,0.0,0.0,0.0
461,410.13,794.65,3815.9,1015.05,220.4,7.295,1.137,0.0,-794.65,0.0,6.8165,0.0,-794.65,0.0,6.8165,1.0,0.0,0.0,0.0,0.0
462,410.5,786.6,3954.15,995.9,209.3,6.6076,1.18,0.0,-786.6,0.0,6.8165,0.0,-786.6,0.0,6.8165,1.0,0.0,0.0,0.0,0.0
463,410.86,779.7,4042.35,990.2,210.5,6.4518,1.1903,0.0,-779.7,0.0,6.8165,0.0,-779.7,0.0,6.8165,1.0,0.0,0.0,0.0,0.0
464,411.23,779.15,4107.1,997.15,218.0,6.5506,1.1837,0.0,-779.15,0.0,6.8165,0.0,-779.15,0.0,6.8165,1.0,0.0,0.0,0.0,0.0
465,411.59,791.9,4230.35,1009.0,217.1,6.3139,1.1997,0.0,-791.9,0.0,6.8165,0.0,-791.9,0.0,6.8165,1.0,0.0,0.0,0.0,0.0
466,411.96,787.7,4159.6,1024.15,236.45,7.0124,1.1541,0.0,-787.7,0.0,6.8165,0.0,-787.7,0.0,6.8165,1.0,0.0,0.0,0.0,0.0
467,412.32,786.0,4265.5,1005.15,219.15,6.2983,1.2008,0.0,-786.0,0.0,6.8165,0.0,-786.0,0.0,6.8165,1.0,0.0,0.0,0.0,0.0
468,412.69,786.15,4409.8,1009.3,223.15,6.1582,1.2105,0.0,-786.15,0.0,6.8165,0.0,-786.15,0.0,6.8165,1.0,0.0,0.0,0.0,0.0
469,413.05,786.75,4529.9,999.35,212.6,5.6797,1.2457,0.0,-786.75,0.0,6.8165,0.0,-786.75,0.0,6.8165,1.0,0.0,0.0,0.0,0.0
470,413.42,785.55,4457.6,1006.55,221.0,6.0184,1.2205,0.0,-785.55,0.0,6.8165,0.0,-785.55,0.0,6.8165,1.0,0.0,0.0,0.0,0.0
471,413.78,778.4,4730.55,1014.85,236.45,5.9828,1.2231,0.0,-778.4,0.0,6.8165,0.0,-778.4,0.0,6.8165,1.0,0.0,0.0,0.0,0.0
472,414.15,770.9,4777.5,1007.75,236.85,5.9115,1.2283,0.0,-770.9,0.0,6.8165,0.0,-770.9,0.0,6.8165,1.0,0.0,0.0,0.0,0.0
473,414.51,786.6,4702.6,1008.85,222.25,5.6754,1.246,0.0,-786.6,0.0,6.8165,0.0,-786.6,0.0,6.8165,1.0,0.0,0.0,0.0,0.0
474,414.88,780.05,4842.6,1015.5,235.45,5.7956,1.2369,0.0,-780.05,0.0,6.8165,0.0,-780.05,0.0,6.8165,1.0,0.0,0.0,0.0,0.0
475,415.24,793.95,5018.65,1017.05,223.1,5.2808,1.2773,0.0,-793.95,0.0,6.8165,0.0,-793.95,0.0,6.8165,1.0,0.0,0.0,0.0,0.0
476,415.61,783.6,5094.85,1014.6,231.0,5.3581,1.271,0.0,-783.6,0.0,6.8165,0.0,-783.6,0.0,6.8165,1.0,0.0,0.0,0.0,0.0
477,415.97,798.75,5049.65,1009.85,211.1,4.966,1.304,0.0,-798.75,0.0,6.8165,0.0,-798.75,0.0,6.8165,1.0,0.0,0.0,0.0,0.0
478,416.33,804.95,5168.25,1016.85,211.9,4.8564,1.3137,0.0,-804.95,0.0,6.8165,0.0,-804.95,0.0,6.8165,1.0,0.0,0.0,0.0,0.0
479,416.7,788.05,5284.55,1005.25,217.2,4.8304,1.316,0.0,-788.05,0.0,6.8165,0.0,-788.05,0.0,6.8165,1.0,0.0,0.0,0.0,0.0
480,417.06,787.7,5507.0,1004.65,216.95,4.5971,1.3375,0.0,-787.7,0.0,6.8165,0.0,-787.7,0.0,6.8165,1.0,0.0,0.0,0.0,0.0
481,417.43,790.15,5516.6,1019.8,229.65,4.8588,1.3135,0.0,-790.15,0.0,6.8165,0.0,-790.15,0.0,6.8165,1.0,0.0,0.0,0.0,0.0
482,417.79,788.6,5522.0,1017.2,228.6,4.8295,1.3161,0.0,-788.6,0.0,6.8165,0.0,-788.6,0.0,6.8165,1.0,0.0,0.0,0.0,0.0
483,418.15,778.3,5494.3,1017.2,238.9,5.0657,1.2954,0.0,-778.3,0.0,6.8165,0.0,-778.3,0.0,6.8165,1.0,0.0,0.0,0.0,0.0
484,418.52,785.75,5694.25,1003.65,217.9,4.4392,1.3527,0.0,-785.75,0.0,6.8165,0.0,-785.75,0.0,6.8165,1.0,0.0,0.0,0.0,0.0
485,418.88,790.65,5751.15,1000.45,209.8,4.2294,1.3737,0.0,-790.65,0.0,6.8165,0.0,-790.65,0.0,6.8165,1.0,0.0,0.0,0.0,0.0
486,419.24,789.7,5996.15,1010.9,221.2,4.2486,1.3718,0.0,-789.7,0.0,6.8165,0.0,-789.7,0.0,6.8165,1.0,0.0,0.0,0.0,0.0
487,419.61,795.2,6019.85,1019.2,224.0,4.2874,1.3678,0.0,-795.2,0.0,6.8165,0.0,-795.2,0.0,6.8165,1.0,0.0,0.0,0.0,0.0
488,419.97,795.85,6026.25,1008.55,212.7,4.0666,1.3908,0.0,-795.85,0.0,6.8165,0.0,-795.85,0.0,6.8165,1.0,0.0,0.0,0.0,0.0
489,420.33,780.35,6348.45,1008.1,227.75,4.0903,1.3882,0.0,-780.35,0.0,6.8165,0.0,-780.35,0.0,6.8165,1.0,0.0,0.0,0.0,0.0
490,420.7,786.5,6250.3,1007.2,220.7,4.0393,1.3937,0.0,-786.5,0.0,6.8165,0.0,-786.5,0.0,6.8165,1.0,0.0,0.0,0.0,0.0
491,421.06,792.3,6437.7,1007.65,215.35,3.8146,1.4185,0.0,-792.3,0.0,6.8165,0.0,-792.3,0.0,6.8165,1.0,0.0,0.0,0.0,0.0
492,421.42,780.75,6517.15,1024.2,243.45,4.244,1.3722,0.0,-780.75,0.0,6.8165,0.0,-780.75,0.0,6.8165,1.0,0.0,0.0,0.0,0.0
493,421.79,792.85,6593.35,1012.7,219.85,3.7902,1.4213,0.0,-792.85,0.0,6.8165,0.0,-792.85,0.0,6.8165,1.0,0.0,0.0,0.0,0.0
494,422.15,785.05,6582.3,1034.1,249.05,4.296,1.3669,0.0,-785.05,0.0,6.8165,0.0,-785.05,0.0,6.8165,1.0,0.0,0.0,0.0,0.0
495,422.51,777.25,6682.3,1034.55,257.3,4.3573,1.3608,0.0,-777.25,0.0,6.8165,0.0,-777.25,0.0,6.8165,1.0,0.0,0.0,0.0,0.0
496,422.87,781.9,6841.3,1005.65,223.75,3.6926,1.4327,0.0,-781.9,0.0,6.8165,0.0,-781.9,0.0,6.8165,1.0,0.0,0.0,0.0,0.0
497,423.24,789.65,6932.4,1027.15,237.5,3.8663,1.4127,0.0,-789.65,0.0,6.8165,0.0,-789.65,0.0,6.8165,1.0,0.0,0.0,0.0,0.0
498,423.6,789.0,7033.2,1019.3,230.3,3.6882,1.4332,0.0,-789.0,0.0,6.8165,0.0,-789.0,0.0,6.8165,1.0,0.0,0.0,0.0,0.0
499,423.96,796.65,7164.95,1043.75,247.1,3.8802,1.4112,0.0,-796.65,0.0,6.8165,0.0,-796.65,0.0,6.8165,1.0,0.0,0.0,0.0,0.0
500,424.32,791.55,7268.3,1033.2,241.65,3.731,1.4282,0.0,-791.55,0.0,6.8165,0.0,-791.55,0.0,6.8165,1.0,0.0,0.0,0.0,0.0
501,424.69,789.85,7355.25,1034.95,245.1,3.7332,1.4279,0.0,-789.85,0.0,6.8165,0.0,-789.85,0.0,6.8165,1.0,0.0,0.0,0.0,0.0
502,425.05,782.3,7707.15,1046.95,264.65,3.8217,1.4177,0.0,-782.3,0.0,6.8165,0.0,-782.3,0.0,6.8165,1.0,0.0,0.0,0.0,0.0
503,425.41,788.25,8027.35,1041.15,252.9,3.4935,1.4567,0.0,-788.25,0.0,6.8165,0.0,-788.25,0.0,6.8165,1.0,0.0,0.0,0.0,0.0
504,425.77,783.6,7837.6,1039.0,255.4,3.6206,1.4412,0.0,-783.6,0.0,6.8165,0.0,-783.6,0.0,6.8165,1.0,0.0,0.0,0.0,0.0
505,426.13,794.8,7938.1,1049.85,255.05,3.5705,1.4473,0.0,-794.8,0.0,6.8165,0.0,-794.8,0.0,6.8165,1.0,0.0,0.0,0.0,0.0
506,426.5,793.35,7916.45,1015.7,222.35,3.1215,1.5056,0.0,-793.35,0.0,6.8165,0.0,-793.35,0.0,6.8165,1.0,0.0,0.0,0.0,0.0
507,426.86,785.4,7952.45,1014.75,229.35,3.2001,1.4948,0.0,-785.4,0.0,6.8165,0.0,-785.4,0.0,6.8165,1.0,0.0,0.0,0.0,0.0
508,427.22,780.4,8391.8,1044.6,264.2,3.4711,1.4595,0.0,-780.4,0.0,6.8165,0.0,-780.4,0.0,6.8165,1.0,0.0,0.0,0.0,0.0
509,427.58,791.8,8215.85,1045.2,253.4,3.4132,1.4668,0.0,-791.8,0.0,6.8165,0.0,-791.8,0.0,6.8165,1.0,0.0,0.0,0.0,0.0
510,427.94,797.5,8576.0,1029.2,231.7,2.9787,1.526,0.0,-797.5,0.0,6.8165,0.0,-797.5,0.0,6.8165,1.0,0.0,0.0,0.0,0.0
511,428.3,794.45,8912.9,1039.55,245.1,3.019,1.5201,0.0,-794.45,0.0,6.8165,0.0,-794.45,0.0,6.8165,1.0,0.0,0.0,0.0,0.0
512,428.66,773.45,8596.85,1040.65,267.2,3.4154,1.4666,0.0,-773.45,0.0,6.8165,0.0,-773.45,0.0,6.8165,1.0,0.0,0.0,0.0,0.0
513,429.02,786.75,8763.0,1043.85,257.1,3.2233,1.4917,0.0,-786.75,0.0,6.8165,0.0,-786.75,0.0,6.8165,1.0,0.0,0.0,0.0,0.0
514,429.39,777.45,8900.45,1039.2,261.75,3.2223,1.4918,0.0,-777.45,0.0,6.8165,0.0,-777.45,0.0,6.8165,1.0,0.0,0.0,0.0,0.0
515,429.75,780.95,9076.6,1049.3,268.35,3.2348,1.4901,0.0,-780.95,0.0,6.8165,0.0,-780.95,0.0,6.8165,1.0,0.0,0.0,0.0,0.0
516,430.11,789.65,9156.65,1043.9,254.25,3.0387,1.5173,0.0,-789.65,0.0,6.8165,0.0,-789.65,0.0,6.8165,1.0,0.0,0.0,0.0,0.0
517,430.47,792.8,9381.35,1051.05,258.25,3.0069,1.5219,0.0,-792.8,0.0,6.8165,0.0,-792.8,0.0,6.8165,1.0,0.0,0.0,0.0,0.0
518,430.83,795.35,9457.55,1051.15,255.8,2.9531,1.5297,0.0,-795.35,0.0,6.8165,0.0,-795.35,0.0,6.8165,1.0,0.0,0.0,0.0,0.0
519,431.19,780.7,9605.8,1052.75,272.05,3.0827,1.5111,0.0,-780.7,0.0,6.8165,0.0,-780.7,0.0,6.8165,1.0,0.0,0.0,0.0,0.0
520,431.55,778.8,9383.75,1039.05,260.25,3.0244,1.5194,0.0,-778.8,0.0,6.8165,0.0,-778.8,0.0,6.8165,1.0,0.0,0.0,0.0,0.0
521,431.91,786.45,9725.1,1047.35,260.9,2.9188,1.5348,0.0,-786.45,0.0,6.8165,0.0,-786.45,0.0,6.8165,1.0,0.0,0.0,0.0,0.0
522,432.27,785.3,9999.45,1053.75,268.45,2.9135,1.5356,0.0,-785.3,0.0,6.8165,0.0,-785.3,0.0,6.8165,1.0,0.0,0.0,0.0,0.0
523,432.63,795.0,9909.75,1063.15,268.15,2.9419,1.5314,0.0,-795.0,0.0,6.8165,0.0,-795.0,0.0,6.8165,1.0,0.0,0.0,0.0,0.0
524,432.99,779.25,10100.3,1047.8,268.55,2.8811,1.5404,0.0,-779.25,0.0,6.8165,0.0,-779.25,0.0,6.8165,1.0,0.0,0.0,0.0,0.0
525,433.35,775.55,10240.9,1051.65,276.1,2.917,1.5351,0.0,-775.55,0.0,6.8165,0.0,-775.55,0.0,6.8165,1.0,0.0,0.0,0.0,0.0
526,433.71,787.1,10248.35,1061.4,274.3,2.8992,1.5377,0.0,-787.1,0.0,6.8165,0.0,-787.1,0.0,6.8165,1.0,0.0,0.0,0.0,0.0
527,434.07,795.4,10787.7,1057.4,262.0,2.622,1.5814,0.0,-795.4,0.0,6.8165,0.0,-795.4,0.0,6.8165,1.0,0.0,0.0,0.0,0.0
528,434.43,782.25,10712.55,1056.0,273.75,2.7567,1.5596,0.0,-782.25,0.0,6.8165,0.0,-782.25,0.0,6.8165,1.0,0.0,0.0,0.0,0.0
529,434.79,803.25,10828.2,1057.35,254.1,2.5347,1.5961,0.0,-803.25,0.0,6.8165,0.0,-803.25,0.0,6.8165,1.0,0.0,0.0,0.0,0.0
530,435.15,785.3,11048.55,1063.9,278.6,2.7145,1.5663,0.0,-785.3,0.0,6.8165,0.0,-785.3,0.0,6.8165,1.0,0.0,0.0,0.0,0.0
531,435.51,803.25,11301.95,1070.55,267.3,2.546,1.5941,0.0,-803.25,0.0,6.8165,0.0,-803.25,0.0,6.8165,1.0,0.0,0.0,0.0,0.0
532,435.87,768.5,11327.1,1063.35,294.85,2.7925,1.554,0.0,-768.5,0.0,6.8165,0.0,-768.5,0.0,6.8165,1.0,0.0,0.0,0.0,0.0
533,436.23,792.4,11695.5,1063.55,271.15,2.4869,1.6043,0.0,-792.4,0.0,6.8165,0.0,-792.4,0.0,6.8165,1.0,0.0,0.0,0.0,0.0
534,436.59,799.5,11929.15,1062.85,263.35,2.3662,1.6259,0.0,-799.5,0.0,6.8165,0.0,-799.5,0.0,6.8165,1.0,0.0,0.0,0.0,0.0
535,436.94,801.7,12113.1,1074.7,273.0,2.4135,1.6174,0.0,-801.7,0.0,6.8165,0.0,-801.7,0.0,6.8165,1.0,0.0,0.0,0.0,0.0
536,437.3,784.7,12310.9,1064.4,279.7,2.4266,1.615,0.0,-784.7,0.0,6.8165,0.0,-784.7,0.0,6.8165,1.0,0.0,0.0,0.0,0.0
537,437.66,803.8,12222.3,1051.2,247.4,2.1667,1.6642,0.0,-803.8,0.0,6.8165,0.0,-803.8,0.0,6.8165,1.0,0.0,0.0,0.0,0.0
538,438.02,782.2,12650.15,1061.4,279.2,2.3526,1.6285,0.0,-782.2,0.0,6.8165,0.0,-782.2,0.0,6.8165,1.0,0.0,0.0,0.0,0.0
539,438.38,787.3,12940.75,1073.1,285.8,2.3516,1.6286,0.0,-787.3,0.0,6.8165,0.0,-787.3,0.0,6.8165,1.0,0.0,0.0,0.0,0.0
540,438.74,797.05,13078.2,1077.2,280.15,2.2811,1.6418,0.0,-797.05,0.0,6.8165,0.0,-797.05,0.0,6.8165,1.0,0.0,0.0,0.0,0.0
541,439.1,792.95,12701.4,1079.6,286.65,2.4071,1.6185,0.0,-792.95,0.0,6.8165,0.0,-792.95,0.0,6.8165,1.0,0.0,0.0,0.0,0.0
542,439.46,789.8,12907.25,1077.75,287.95,2.3763,1.6241,0.0,-789.8,0.0,6.8165,0.0,-789.8,0.0,6.8165,1.0,0.0,0.0,0.0,0.0
543,439.81,781.3,13138.85,1078.6,297.3,2.4058,1.6187,0.0,-781.3,0.0,6.8165,0.0,-781.3,0.0,6.8165,1.0,0.0,0.0,0.0,0.0
544,440.17,776.45,12955.9,1076.0,299.55,2.4595,1.6092,0.0,-776.45,0.0,6.8165,0.0,-776.45,0.0,6.8165,1.0,0.0,0.0,0.0,0.0
545,440.53,795.3,13222.2,1073.15,277.85,2.2359,1.6506,0.0,-795.3,0.0,6.8165,0.0,-795.3,0.0,6.8165,1.0,0.0,0.0,0.0,0.0
546,440.89,798.2,13253.3,1095.35,297.15,2.3858,1.6224,0.0,-798.2,0.0,6.8165,0.0,-798.2,0.0,6.8165,1.0,0.0,0.0,0.0,0.0
547,441.25,789.35,13314.35,1078.65,289.3,2.3098,1.6364,0.0,-789.35,0.0,6.8165,0.0,-789.35,0.0,6.8165,1.0,0.0,0.0,0.0,0.0
548,441.6,786.05,13481.65,1079.2,293.15,2.3091,1.6366,0.0,-786.05,0.0,6.8165,0.0,-786.05,0.0,6.8165,1.0,0.0,0.0,0.0,0.0
549,441.96,779.4,13702.7,1069.3,289.9,2.2432,1.6491,0.0,-779.4,0.0,6.8165,0.0,-779.4,0.0,6.8165,1.0,0.0,0.0,0.0,0.0
550,442.32,780.9,13522.6,1071.35,290.45,2.2795,1.6422,0.0,-780.9,0.0,6.8165,0.0,-780.9,0.0,6.8165,1.0,0.0,0.0,0.0,0.0
551,442.68,787.6,13399.95,1078.4,290.8,2.3057,1.6372,0.0,-787.6,0.0,6.8165,0.0,-787.6,0.0,6.8165,1.0,0.0,0.0,0.0,0.0
552,443.03,794.7,14253.35,1093.65,298.95,2.2212,1.6534,0.0,-794.7,0.0,6.8165,0.0,-794.7,0.0,6.8165,1.0,0.0,0.0,0.0,0.0
553,443.39,766.8,13780.5,1090.0,323.2,2.4835,1.6049,0.0,-766.8,0.0,6.8165,0.0,-766.8,0.0,6.8165,1.0,0.0,0.0,0.0,0.0
554,443.75,773.1,14825.55,1100.25,327.15,2.3281,1.633,0.0,-773.1,0.0,6.8165,0.0,-773.1,0.0,6.8165,1.0,0.0,0.0,0.0,0.0
555,444.11,781.55,14691.8,1109.35,327.8,2.3565,1.6277,0.0,-781.55,0.0,6.8165,0.0,-781.55,0.0,6.8165,1.0,0.0,0.0,0.0,0.0
556,444.46,788.75,14529.1,1105.8,317.05,2.3074,1.6369,0.0,-788.75,0.0,6.8165,0.0,-788.75,0.0,6.8165,1.0,0.0,0.0,0.0,0.0
557,444.82,795.6,14497.4,1077.5,281.9,2.0574,1.6867,0.0,-795.6,0.0,6.8165,0.0,-795.6,0.0,6.8165,1.0,0.0,0.0,0.0,0.0
558,445.18,786.45,14488.45,1094.75,308.3,2.25,1.6478,0.0,-786.45,0.0,6.8165,0.0,-786.45,0.0,6.8165,1.0,0.0,0.0,0.0,0.0
559,445.53,786.2,14732.85,1100.95,314.75,2.2568,1.6465,0.0,-786.2,0.0,6.8165,0.0,-786.2,0.0,6.8165,1.0,0.0,0.0,0.0,0.0
560,445.89,786.9,14933.7,1117.8,330.9,2.339,1.631,0.0,-786.9,0.0,6.8165,0.0,-786.9,0.0,6.8165,1.0,0.0,0.0,0.0,0.0
561,446.25,788.85,15432.9,1117.6,328.75,2.2449,1.6488,0.0,-788.85,0.0,6.8165,0.0,-788.85,0.0,6.8165,1.0,0.0,0.0,0.0,0.0
562,446.6,792.45,15086.3,1096.1,303.65,2.1243,1.6728,0.0,-792.45,0.0,6.8165,0.0,-792.45,0.0,6.8165,1.0,0.0,0.0,0.0,0.0
563,446.96,797.05,15088.6,1101.8,304.75,2.1324,1.6711,0.0,-797.05,0.0,6.8165,0.0,-797.05,0.0,6.8165,1.0,0.0,0.0,0.0,0.0
564,447.32,800.7,15512.8,1108.95,308.25,2.0952,1.6788,0.0,-800.7,0.0,6.8165,0.0,-800.7,0.0,6.8165,1.0,0.0,0.0,0.0,0.0
565,447.67,794.25,15932.85,1107.85,313.6,2.0715,1.6837,0.0,-794.25,0.0,6.8165,0.0,-794.25,0.0,6.8165,1.0,0.0,0.0,0.0,0.0
566,448.03,800.15,15869.7,1111.0,310.85,2.0628,1.6855,0.0,-800.15,0.0,6.8165,0.0,-800.15,0.0,6.8165,1.0,0.0,0.0,0.0,0.0
567,448.38,796.4,16017.2,1109.55,313.15,2.0574,1.6867,0.0,-796.4,0.0,6.8165,0.0,-796.4,0.0,6.8165,1.0,0.0,0.0,0.0,0.0
568,448.74,794.2,16762.8,1122.1,327.9,2.0534,1.6875,0.0,-794.2,0.0,6.8165,0.0,-794.2,0.0,6.8165,1.0,0.0,0.0,0.0,0.0
569,449.1,796.4,16555.45,1102.7,306.3,1.9436,1.7114,0.0,-796.4,0.0,6.8165,0.0,-796.4,0.0,6.8165,1.0,0.0,0.0,0.0,0.0
570,449.45,795.75,17581.1,1131.3,335.55,1.9991,1.6992,0.0,-795.75,0.0,6.8165,0.0,-795.75,0.0,6.8165,1.0,0.0,0.0,0.0,0.0
571,449.81,800.7,18736.65,1109.7,309.0,1.7228,1.7638,0.0,-800.7,0.0,6.8165,0.0,-800.7,0.0,6.8165,1.0,0.0,0.0,0.0,0.0
572,450.16,788.8,19307.6,1123.9,335.1,1.8095,1.7424,0.0,-788.8,0.0,6.8165,0.0,-788.8,0.0,6.8165,1.0,0.0,0.0,0.0,0.0
573,450.52,798.55,20507.6,1102.95,304.4,1.5445,1.8112,0.0,-798.55,0.0,6.8165,0.0,-798.55,0.0,6.8165,1.0,0.0,0.0,0.0,0.0
574,450.87,804.65,19706.3,1118.5,313.85,1.6604,1.7798,0.0,-804.65,0.0,6.8165,0.0,-804.65,0.0,6.8165,1.0,0.0,0.0,0.0,0.0
575,451.23,803.0,18793.05,1119.95,316.95,1.7618,1.754,0.0,-803.0,0.0,6.8165,0.0,-803.0,0.0,6.8165,1.0,0.0,0.0,0.0,0.0
576,451.59,801.85,18857.05,1125.1,323.25,1.7903,1.7471,0.0,-801.85,0.0,6.8165,0.0,-801.85,0.0,6.8165,1.0,0.0,0.0,0.0,0.0
577,451.94,794.4,18728.55,1110.95,316.55,1.7651,1.7532,0.0,-794.4,0.0,6.8165,0.0,-794.4,0.0,6.8165,1.0,0.0,0.0,0.0,0.0
578,452.3,800.2,19080.95,1119.85,319.65,1.7486,1.7573,0.0,-800.2,0.0,6.8165,0.0,-800.2,0.0,6.8165,1.0,0.0,0.0,0.0,0.0
579,452.65,785.05,19104.25,1122.4,337.35,1.8415,1.7348,0.0,-785.05,0.0,6.8165,0.0,-785.05,0.0,6.8165,1.0,0.0,0.0,0.0,0.0
580,453.01,793.6,19648.8,1116.45,322.85,1.7123,1.7664,0.0,-793.6,0.0,6.8165,0.0,-793.6,0.0,6.8165,1.0,0.0,0.0,0.0,0.0
581,453.36,785.25,19111.75,1125.95,340.7,1.8591,1.7307,0.0,-785.25,0.0,6.8165,0.0,-785.25,0.0,6.8165,1.0,0.0,0.0,0.0,0.0
582,453.71,797.65,18241.45,1125.25,327.6,1.878,1.7263,0.0,-797.65,0.0,6.8165,0.0,-797.65,0.0,6.8165,1.0,0.0,0.0,0.0,0.0
583,454.07,788.75,18685.45,1141.55,352.8,1.9713,1.7052,0.0,-788.75,0.0,6.8165,0.0,-788.75,0.0,6.8165,1.0,0.0,0.0,0.0,0.0
584,454.42,778.95,18717.6,1136.25,357.3,1.9918,1.7008,0.0,-778.95,0.0,6.8165,0.0,-778.95,0.0,6.8165,1.0,0.0,0.0,0.0,0.0
585,454.78,775.45,19544.4,1135.25,359.8,1.917,1.7174,0.0,-775.45,0.0,6.8165,0.0,-775.45,0.0,6.8165,1.0,0.0,0.0,0.0,0.0
586,455.13,785.5,19540.3,1137.0,351.5,1.8742,1.7272,0.0,-785.5,0.0,6.8165,0.0,-785.5,0.0,6.8165,1.0,0.0,0.0,0.0,0.0
587,455.49,808.5,20268.25,1151.9,343.4,1.7647,1.7533,0.0,-808.5,0.0,6.8165,0.0,-808.5,0.0,6.8165,1.0,0.0,0.0,0.0,0.0
588,455.84,789.45,19393.45,1136.05,346.6,1.863,1.7298,0.0,-789.45,0.0,6.8165,0.0,-789.45,0.0,6.8165,1.0,0.0,0.0,0.0,0.0
589,456.19,794.75,20441.2,1144.15,349.4,1.7784,1.75,0.0,-794.75,0.0,6.8165,0.0,-794.75,0.0,6.8165,1.0,0.0,0.0,0.0,0.0
590,456.55,796.2,20996.95,1132.25,336.05,1.6636,1.779,0.0,-796.2,0.0,6.8165,0.0,-796.2,0.0,6.8165,1.0,0.0,0.0,0.0,0.0
591,456.9,781.85,21459.05,1146.8,364.95,1.765,1.7533,0.0,-781.85,0.0,6.8165,0.0,-781.85,0.0,6.8165,1.0,0.0,0.0,0.0,0.0
592,457.26,797.65,21664.9,1152.6,354.95,1.701,1.7693,0.0,-797.65,0.0,6.8165,0.0,-797.65,0.0,6.8165,1.0,0.0,0.0,0.0,0.0
593,457.61,794.85,21570.4,1154.0,359.15,1.7287,1.7623,0.0,-794.85,0.0,6.8165,0.0,-794.85,0.0,6.8165,1.0,0.0,0.0,0.0,0.0
594,457.96,805.1,22123.5,1162.2,357.1,1.6751,1.776,0.0,-805.1,0.0,6.8165,0.0,-805.1,0.0,6.8165,1.0,0.0,0.0,0.0,0.0
595,458.32,795.0,23093.7,1176.6,381.6,1.7113,1.7667,0.0,-795.0,0.0,6.8165,0.0,-795.0,0.0,6.8165,1.0,0.0,0.0,0.0,0.0
596,458.67,798.75,22657.7,1153.75,355.0,1.624,1.7894,0.0,-798.75,0.0,6.8165,0.0,-798.75,0.0,6.8165,1.0,0.0,0.0,0.0,0.0
597,459.02,790.1,22694.95,1181.9,391.8,1.7886,1.7475,0.0,-790.1,0.0,6.8165,0.0,-790.1,0.0,6.8165,1.0,0.0,0.0,0.0,0.0
598,459.38,803.7,22664.95,1175.45,371.75,1.7005,1.7694,0.0,-803.7,0.0,6.8165,0.0,-803.7,0.0,6.8165,1.0,0.0,0.0,0.0,0.0
599,459.73,791.75,22936.1,1185.0,393.25,1.7758,1.7506,0.0,-791.75,0.0,6.8165,0.0,-791.75,0.0,6.8165,1.0,0.0,0.0,0.0,0.0
600,460.08,801.85,22940.85,1213.5,411.65,1.8594,1.7306,0.0,-801.85,0.0,6.8165,0.0,-801.85,0.0,6.8165,1.0,0.0,0.0,0.0,0.0
601,460.44,792.25,23384.6,1210.0,417.75,1.8491,1.733,0.0,-792.25,0.0,6.8165,0.0,-792.25,0.0,6.8165,1.0,0.0,0.0,0.0,0.0
602,460.79,789.35,23173.7,1213.3,423.95,1.894,1.7226,0.0,-789.35,0.0,6.8165,0.0,-789.35,0.0,6.8165,1.0,0.0,0.0,0.0,0.0
603,461.14,796.8,24004.1,1236.5,439.7,1.8947,1.7225,0.0,-796.8,0.0,6.8165,0.0,-796.8,0.0,6.8165,1.0,0.0,0.0,0.0,0.0
604,461.49,799.5,24330.25,1244.55,445.05,1.8914,1.7232,0.0,-799.5,0.0,6.8165,0.0,-799.5,0.0,6.8165,1.0,0.0,0.0,0.0,0.0
605,461.85,799.5,24547.95,1287.05,487.55,2.053,1.6876,0.0,-799.5,0.0,6.8165,0.0,-799.5,0.0,6.8165,1.0,0.0,0.0,0.0,0.0
606,462.2,791.35,25213.35,1296.1,504.75,2.0668,1.6847,0.0,-791.35,0.0,6.8165,0.0,-791.35,0.0,6.8165,1.0,0.0,0.0,0.0,0.0
607,462.55,788.1,24845.35,1328.65,540.55,2.2469,1.6484,0.0,-788.1,0.0,6.8165,0.0,-788.1,0.0,6.8165,1.0,0.0,0.0,0.0,0.0
608,462.9,790.0,26634.2,1390.25,600.25,2.3226,1.634,0.0,-790.0,0.0,6.8165,0.0,-790.0,0.0,6.8165,1.0,0.0,0.0,0.0,0.0
609,463.26,782.3,27125.75,1453.35,671.05,2.5473,1.5939,0.0,-782.3,0.0,6.8165,0.0,-782.3,0.0,6.8165,1.0,0.0,0.0,0.0,0.0
610,463.61,792.9,26540.0,1511.5,718.6,2.791,1.5542,0.0,-792.9,0.0,6.8165,0.0,-792.9,0.0,6.8165,1.0,0.0,0.0,0.0,0.0
611,463.96,791.35,26361.7,1562.25,770.9,3.0148,1.5207,0.0,-791.35,0.0,6.8165,0.0,-791.35,0.0,6.8165,1.0,0.0,0.0,0.0,0.0
612,464.31,786.35,27077.25,1673.85,887.5,3.3757,1.4716,0.0,-786.35,0.0,6.8165,0.0,-786.35,0.0,6.8165,1.0,0.0,0.0,0.0,0.0
613,464.66,784.05,26334.2,1756.2,972.15,3.8049,1.4197,0.0,-784.05,0.0,6.8165,0.0,-784.05,0.0,6.8165,1.0,0.0,0.0,0.0,0.0
614,465.02,778.8,26205.1,1859.4,1080.6,4.2499,1.3716,0.0,-778.8,0.0,6.8165,0.0,-778.8,0.0,6.8165,1.0,0.0,0.0,0.0,0.0
615,465.37,791.65,26777.75,2021.0,1229.35,4.7308,1.3251,0.0,-791.65,0.0,6.8165,0.0,-791.65,0.0,6.8165,1.0,0.0,0.0,0.0,0.0
616,465.72,794.1,27119.55,2169.65,1375.55,5.2252,1.2819,0.0,-794.1,0.0,6.8165,0.0,-794.1,0.0,6.8165,1.0,0.0,0.0,0.0,0.0
617,466.07,788.2,26776.05,2348.75,1560.55,6.0049,1.2215,0.0,-788.2,0.0,6.8165,0.0,-788.2,0.0,6.8165,1.0,0.0,0.0,0.0,0.0
618,466.42,797.7,27840.75,2589.15,1791.45,6.6244,1.1789,0.0,-797.7,0.0,6.8165,0.0,-797.7,0.0,6.8165,1.0,0.0,0.0,0.0,0.0
619,466.77,797.1,27976.05,2830.05,2032.95,7.4799,1.1261,0.0,-797.1,0.0,6.8165,0.0,-797.1,0.0,6.8165,1.0,0.0,0.0,0.0,0.0
620,467.12,786.1,28892.4,3113.65,2327.55,8.2812,1.0819,0.0,-786.1,0.0,6.8165,0.0,-786.1,0.0,6.8165,1.0,0.0,0.0,0.0,0.0
621,467.48,799.45,30545.65,3507.75,2708.3,9.1047,1.0407,0.0,-799.45,0.0,6.8165,0.0,-799.45,0.0,6.8165,1.0,0.0,0.0,0.0,0.0
622,467.83,792.85,32338.3,3991.45,3198.6,10.1397,0.994,0.0,-792.85,0.0,6.8165,0.0,-792.85,0.0,6.8165,1.0,0.0,0.0,0.0,0.0
623,468.18,792.2,32243.15,4333.1,3540.9,11.2585,0.9485,0.0,-792.2,0.0,6.8165,0.0,-792.2,0.0,6.8165,1.0,0.0,0.0,0.0,0.0
624,468.53,803.05,32883.1,4784.05,3981.0,12.4096,0.9062,0.0,-803.05,0.0,6.8165,0.0,-803.05,0.0,6.8165,1.0,0.0,0.0,0.0,0.0
625,468.88,795.55,32156.6,5100.2,4304.65,13.7261,0.8625,0.0,-795.55,0.0,6.8165,0.0,-795.55,0.0,6.8165,1.0,0.0,0.0,0.0,0.0
626,469.23,779.05,31681.8,5516.55,4737.5,15.3304,0.8144,0.0,-779.05,0.0,6.8165,0.0,-779.05,0.0,6.8165,1.0,0.0,0.0,0.0,0.0
627,469.58,782.95,31726.05,5985.55,5202.6,16.8134,0.7743,0.0,-782.95,0.0,6.8165,0.0,-782.95,0.0,6.8165,1.0,0.0,0.0,0.0,0.0
628,469.93,795.95,31421.05,6400.45,5604.5,18.3003,0.7375,0.0,-795.95,0.0,6.8165,0.0,-795.95,0.0,6.8165,1.0,0.0,0.0,0.0,0.0
629,470.28,793.45,31523.7,6890.95,6097.5,19.842,0.7024,0.0,-793.45,0.0,6.8165,0.0,-793.45,0.0,6.8165,1.0,0.0,0.0,0.0,0.0
630,470.63,789.75,30942.0,7326.8,6537.05,21.6801,0.6639,0.0,-789.75,0.0,6.8165,0.0,-789.75,0.0,6.8165,1.0,0.0,0.0,0.0,0.0
631,470.98,787.4,30489.55,7718.75,6931.35,23.3362,0.632,0.0,-787.4,0.0,6.8165,0.0,-787.4,0.0,6.8165,1.0,0.0,0.0,0.0,0.0
632,471.33,778.6,29661.65,8064.6,7286.0,25.2259,0.5982,0.0,-778.6,0.0,6.8165,0.0,-778.6,0.0,6.8165,1.0,0.0,0.0,0.0,0.0
633,471.68,790.85,30480.85,8689.3,7898.45,26.6031,0.5751,0.0,-790.85,0.0,6.8165,0.0,-790.85,0.0,6.8165,1.0,0.0,0.0,0.0,0.0
634,472.03,790.5,29791.65,9099.4,8308.9,28.6502,0.5429,0.0,-790.5,0.0,6.8165,0.0,-790.5,0.0,6.8165,1.0,0.0,0.0,0.0,0.0
635,472.38,783.9,29183.05,9482.6,8698.7,30.6301,0.5139,0.0,-783.9,0.0,6.8165,0.0,-783.9,0.0,6.8165,1.0,0.0,0.0,0.0,0.0
636,472.73,794.1,30688.55,10550.9,9756.8,32.6375,0.4863,0.0,-794.1,0.0,6.8165,0.0,-794.1,0.0,6.8165,1.0,0.0,0.0,0.0,0.0
637,473.08,779.15,32447.4,11718.6,10939.45,34.5439,0.4616,0.0,-779.15,0.0,6.8165,0.0,-779.15,0.0,6.8165,1.0,0.0,0.0,0.0,0.0
638,473.43,775.9,34478.45,13079.25,12303.35,36.5057,0.4376,0.0,-775.9,0.0,6.8165,0.0,-775.9,0.0,6.8165,1.0,0.0,0.0,0.0,0.0
639,473.78,784.45,36124.2,14336.35,13551.9,38.3475,0.4163,0.0,-784.45,0.0,6.8165,0.0,-784.45,0.0,6.8165,1.0,0.0,0.0,0.0,0.0
640,474.13,787.95,34967.45,14535.85,13747.9,40.2226,0.3955,0.0,-787.95,0.0,6.8165,0.0,-787.95,0.0,6.8165,1.0,0.0,0.0,0.0,0.0
641,474.48,786.6,33444.95,14571.75,13785.15,42.2102,0.3746,0.0,-786.6,0.0,6.8165,0.0,-786.6,0.0,6.8165,1.0,0.0,0.0,0.0,0.0
642,474.83,766.5,30618.3,13854.7,13088.2,43.8439,0.3581,0.0,-766.5,0.0,6.8165,0.0,-766.5,0.0,6.8165,1.0,0.0,0.0,0.0,0.0
643,475.18,770.05,30473.35,14274.0,13503.95,45.4628,0.3423,0.0,-770.05,0.0,6.8165,0.0,-770.05,0.0,6.8165,1.0,0.0,0.0,0.0,0.0
644,475.52,782.45,30063.55,14693.85,13911.4,47.5098,0.3232,0.0,-782.45,0.0,6.8165,0.0,-782.45,0.0,6.8165,1.0,0.0,0.0,0.0,0.0
645,475.87,772.2,29931.9,15140.5,14368.3,49.2745,0.3074,0.0,-772.2,0.0,6.8165,0.0,-772.2,0.0,6.8165,1.0,0.0,0.0,0.0,0.0
646,476.22,795.6,29511.7,15633.65,14838.05,51.6715,0.2867,0.0,-795.6,0.0,6.8165,0.0,-795.6,0.0,6.8165,1.0,0.0,0.0,0.0,0.0
647,476.57,791.4,29487.4,16075.55,15284.15,53.2623,0.2736,0.0,-791.4,0.0,6.8165,0.0,-791.4,0.0,6.8165,1.0,0.0,0.0,0.0,0.0
648,476.92,780.0,29133.95,16486.05,15706.05,55.3928,0.2565,0.0,-780.0,0.0,6.8165,0.0,-780.0,0.0,6.8165,1.0,0.0,0.0,0.0,0.0
649,477.27,783.55,29379.4,17141.15,16357.6,57.2027,0.2426,0.0,-783.55,0.0,6.8165,0.0,-783.55,0.0,6.8165,1.0,0.0,0.0,0.0,0.0
650,477.62,785.05,30183.45,17809.45,17024.4,57.9093,0.2373,0.0,-785.05,0.0,6.8165,0.0,-785.05,0.0,6.8165,1.0,0.0,0.0,0.0,0.0
651,477.96,779.7,29734.95,18088.3,17308.6,59.7771,0.2235,0.0,-779.7,0.0,6.8165,0.0,-779.7,0.0,6.8165,1.0,0.0,0.0,0.0,0.0
652,478.31,801.7,29857.85,18632.15,17830.45,61.3655,0.2121,0.0,-801.7,0.0,6.8165,0.0,-801.7,0.0,6.8165,1.0,0.0,0.0,0.0,0.0
653,478.66,797.05,30401.75,19545.0,18747.95,63.3276,0.1984,0.0,-797.05,0.0,6.8165,0.0,-797.05,0.0,6.8165,1.0,0.0,0.0,0.0,0.0
654,479.01,789.0,31016.6,20153.1,19364.1,64.061,0.1934,0.0,-789.0,0.0,6.8165,0.0,-789.0,0.0,6.8165,1.0,0.0,0.0,0.0,0.0
655,479.36,794.0,31101.15,20700.05,19906.05,65.681,0.1826,0.0,-794.0,0.0,6.8165,0.0,-794.0,0.0,6.8165,1.0,0.0,0.0,0.0,0.0
656,479.7,786.15,31706.75,21419.1,20632.95,66.7288,0.1757,0.0,-786.15,0.0,6.8165,0.0,-786.15,0.0,6.8165,1.0,0.0,0.0,0.0,0.0
657,480.05,791.5,32186.15,22101.95,21310.45,67.8792,0.1683,0.0,-791.5,0.0,6.8165,0.0,-791.5,0.0,6.8165,1.0,0.0,0.0,0.0,0.0
658,480.4,791.6,33439.05,23457.4,22665.8,69.4259,0.1585,0.0,-791.6,0.0,6.8165,0.0,-791.6,0.0,6.8165,1.0,0.0,0.0,0.0,0.0
659,480.75,801.45,34262.85,24536.75,23735.3,70.9334,0.1491,0.0,-801.45,0.0,6.8165,0.0,-801.45,0.0,6.8165,1.0,0.0,0.0,0.0,0.0
660,481.09,791.9,35173.05,25665.05,24873.15,72.3453,0.1406,0.0,-791.9,0.0,6.8165,0.0,-791.9,0.0,6.8165,1.0,0.0,0.0,0.0,0.0
661,481.44,792.65,35913.15,26341.3,25548.65,72.7457,0.1382,0.0,-792.65,0.0,6.8165,0.0,-792.65,0.0,6.8165,1.0,0.0,0.0,0.0,0.0
662,481.79,791.1,36543.0,27380.0,26588.9,74.3706,0.1286,0.0,-791.1,0.0,6.8165,0.0,-791.1,0.0,6.8165,1.0,0.0,0.0,0.0,0.0
663,482.14,784.4,36803.6,28046.55,27262.15,75.6878,0.121,0.0,-784.4,0.0,6.8165,0.0,-784.4,0.0,6.8165,1.0,0.0,0.0,0.0,0.0
664,482.48,792.15,37258.75,28491.4,27699.25,75.9579,0.1194,0.0,-792.15,0.0,6.8165,0.0,-792.15,0.0,6.8165,1.0,0.0,0.0,0.0,0.0
665,482.83,791.75,37420.0,28942.15,28150.4,76.8543,0.1143,0.0,-791.75,0.0,6.8165,0.0,-791.75,0.0,6.8165,1.0,0.0,0.0,0.0,0.0
666,483.18,781.05,37096.5,29210.4,28429.35,78.2844,0.1063,0.0,-781.05,0.0,6.8165,0.0,-781.05,0.0,6.8165,1.0,0.0,0.0,0.0,0.0
667,483.52,772.7,37537.7,29915.95,29143.25,79.269,0.1009,0.0,-772.7,0.0,6.8165,0.0,-772.7,0.0,6.8165,1.0,0.0,0.0,0.0,0.0
668,483.87,777.65,37613.25,30338.3,29560.65,80.2502,0.0956,0.0,-777.65,0.0,6.8165,0.0,-777.65,0.0,6.8165,1.0,0.0,0.0,0.0,0.0
669,484.22,789.6,37804.6,30539.75,29750.15,80.3732,0.0949,0.0,-789.6,0.0,6.8165,0.0,-789.6,0.0,6.8165,1.0,0.0,0.0,0.0,0.0
670,484.56,781.8,37757.2,30748.45,29966.65,81.0448,0.0913,0.0,-781.8,0.0,6.8165,0.0,-781.8,0.0,6.8165,1.0,0.0,0.0,0.0,0.0
671,484.91,796.75,37651.05,31074.65,30277.9,82.1557,0.0854,0.0,-796.75,0.0,6.8165,0.0,-796.75,0.0,6.8165,1.0,0.0,0.0,0.0,0.0
672,485.26,784.1,37264.8,31046.45,30262.35,82.9544,0.0812,0.0,-784.1,0.0,6.8165,0.0,-784.1,0.0,6.8165,1.0,0.0,0.0,0.0,0.0
673,485.6,782.6,37084.55,31011.3,30228.7,83.2702,0.0795,0.0,-782.6,0.0,6.8165,0.0,-782.6,0.0,6.8165,1.0,0.0,0.0,0.0,0.0
674,485.95,787.7,37186.55,31205.55,30417.85,83.5682,0.078,0.0,-787.7,0.0,6.8165,0.0,-787.7,0.0,6.8165,1.0,0.0,0.0,0.0,0.0
675,486.3,789.65,36729.95,30916.75,30127.1,83.8254,0.0766,0.0,-789.65,0.0,6.8165,0.0,-789.65,0.0,6.8165,1.0,0.0,0.0,0.0,0.0
676,486.64,790.3,36789.4,31483.35,30693.05,85.2606,0.0693,0.0,-790.3,0.0,6.8165,0.0,-790.3,0.0,6.8165,1.0,0.0,0.0,0.0,0.0
677,486.99,811.1,36843.2,31397.6,30586.5,84.8868,0.0712,0.0,-811.1,0.0,6.8165,0.0,-811.1,0.0,6.8165,1.0,0.0,0.0,0.0,0.0
678,487.33,788.35,37081.75,31804.9,31016.55,85.4606,0.0682,0.0,-788.35,0.0,6.8165,0.0,-788.35,0.0,6.8165,1.0,0.0,0.0,0.0,0.0
679,487.68,769.15,36927.95,32017.65,31248.5,86.4202,0.0634,0.0,-769.15,0.0,6.8165,0.0,-769.15,0.0,6.8165,1.0,0.0,0.0,0.0,0.0
680,488.02,802.35,37470.5,32740.15,31937.8,87.0996,0.06,0.0,-802.35,0.0,6.8165,0.0,-802.35,0.0,6.8165,1.0,0.0,0.0,0.0,0.0
681,488.37,799.1,37346.0,32702.25,31903.15,87.2937,0.059,0.0,-799.1,0.0,6.8165,0.0,-799.1,0.0,6.8165,1.0,0.0,0.0,0.0,0.0
682,488.72,799.85,37496.9,32934.0,32134.15,87.566,0.0577,0.0,-799.85,0.0,6.8165,0.0,-799.85,0.0,6.8165,1.0,0.0,0.0,0.0,0.0
683,489.06,783.1,37778.65,33558.9,32775.8,88.5939,0.0526,0.0,-783.1,0.0,6.8165,0.0,-783.1,0.0,6.8165,1.0,0.0,0.0,0.0,0.0
684,489.41,790.8,38000.75,33816.95,33026.15,88.7562,0.0518,0.0,-790.8,0.0,6.8165,0.0,-790.8,0.0,6.8165,1.0,0.0,0.0,0.0,0.0
685,489.75,791.45,38177.85,34100.9,33309.45,89.0951,0.0501,0.0,-791.45,0.0,6.8165,0.0,-791.45,0.0,6.8165,1.0,0.0,0.0,0.0,0.0
686,490.1,789.9,38265.7,34218.55,33428.65,89.2006,0.0496,0.0,-789.9,0.0,6.8165,0.0,-789.9,0.0,6.8165,1.0,0.0,0.0,0.0,0.0
687,490.44,806.55,38278.95,34517.1,33710.55,89.961,0.0459,0.0,-806.55,0.0,6.8165,0.0,-806.55,0.0,6.8165,1.0,0.0,0.0,0.0,0.0
688,490.79,806.8,39175.25,35357.65,34550.85,90.0502,0.0455,0.0,-806.8,0.0,6.8165,0.0,-806.8,0.0,6.8165,1.0,0.0,0.0,0.0,0.0
689,491.13,805.75,39225.1,35876.7,35070.95,91.2846,0.0396,0.0,-805.75,0.0,6.8165,0.0,-805.75,0.0,6.8165,1.0,0.0,0.0,0.0,0.0
690,491.48,785.35,39950.5,36724.1,35938.75,91.7621,0.0373,0.0,-785.35,0.0,6.8165,0.0,-785.35,0.0,6.8165,1.0,0.0,0.0,0.0,0.0
691,491.82,792.9,41544.8,38137.05,37344.15,91.6378,0.0379,0.0,-792.9,0.0,6.8165,0.0,-792.9,0.0,6.8165,1.0,0.0,0.0,0.0,0.0
692,492.16,784.65,42912.65,39419.3,38634.65,91.7078,0.0376,0.0,-784.65,0.0,6.8165,0.0,-784.65,0.0,6.8165,1.0,0.0,0.0,0.0,0.0
693,492.51,799.8,43509.8,40404.7,39604.9,92.7298,0.0328,0.0,-799.8,0.0,6.8165,0.0,-799.8,0.0,6.8165,1.0,0.0,0.0,0.0,0.0
694,492.85,794.05,43528.6,40441.15,39647.1,92.7753,0.0326,0.0,-794.05,0.0,6.8165,0.0,-794.05,0.0,6.8165,1.0,0.0,0.0,0.0,0.0
695,493.2,793.4,43007.05,39963.8,39170.4,92.7908,0.0325,0.0,-793.4,0.0,6.8165,0.0,-793.4,0.0,6.8165,1.0,0.0,0.0,0.0,0.0
696,493.54,776.8,43151.6,40442.7,39665.9,93.6073,0.0287,0.0,-776.8,0.0,6.8165,0.0,-776.8,0.0,6.8165,1.0,0.0,0.0,0.0,0.0
697,493.89,780.4,42369.95,39434.6,38654.2,92.9421,0.0318,0.0,-780.4,0.0,6.8165,0.0,-780.4,0.0,6.8165,1.0,0.0,0.0,0.0,0.0
698,494.23,796.65,42149.65,39355.15,38558.5,93.2423,0.0304,0.0,-796.65,0.0,6.8165,0.0,-796.65,0.0,6.8165,1.0,0.0,0.0,0.0,0.0
699,494.57,793.55,41504.05,39011.5,38217.95,93.8774,0.0274,0.0,-793.55,0.0,6.8165,0.0,-793.55,0.0,6.8165,1.0,0.0,0.0,0.0,0.0
700,494.92,795.8,41394.95,38781.0,37985.2,93.5616,0.0289,0.0,-795.8,0.0,6.8165,0.0,-795.8,0.0,6.8165,1.0,0.0,0.0,0.0,0.0
701,495.26,802.6,41418.8,38521.4,37718.8,92.8664,0.0321,0.0,-802.6,0.0,6.8165,0.0,-802.6,0.0,6.8165,1.0,0.0,0.0,0.0,0.0
702,495.6,789.2,41181.65,38314.65,37525.45,92.9021,0.032,0.0,-789.2,0.0,6.8165,0.0,-789.2,0.0,6.8165,1.0,0.0,0.0,0.0,0.0
703,495.95,779.1,40697.05,38194.55,37415.45,93.7309,0.0281,0.0,-779.1,0.0,6.8165,0.0,-779.1,0.0,6.8165,1.0,0.0,0.0,0.0,0.0
704,496.29,799.6,40953.35,38460.9,37661.3,93.7927,0.0278,0.0,-799.6,0.0,6.8165,0.0,-799.6,0.0,6.8165,1.0,0.0,0.0,0.0,0.0
705,496.63,796.4,40743.05,38547.95,37751.55,94.5049,0.0245,0.0,-796.4,0.0,6.8165,0.0,-796.4,0.0,6.8165,1.0,0.0,0.0,0.0,0.0
706,496.98,803.4,40455.4,38196.95,37393.55,94.3043,0.0255,0.0,-803.4,0.0,6.8165,0.0,-803.4,0.0,6.8165,1.0,0.0,0.0,0.0,0.0
707,497.32,787.55,40450.85,38264.1,37476.55,94.4867,0.0246,0.0,-787.55,0.0,6.8165,0.0,-787.55,0.0,6.8165,1.0,0.0,0.0,0.0,0.0
708,497.66,769.35,40280.15,38210.55,37441.2,94.7619,0.0234,0.0,-769.35,0.0,6.8165,0.0,-769.35,0.0,6.8165,1.0,0.0,0.0,0.0,0.0
709,498.01,784.25,40260.2,38181.2,37396.95,94.7335,0.0235,0.0,-784.25,0.0,6.8165,0.0,-784.25,0.0,6.8165,1.0,0.0,0.0,0.0,0.0
710,498.35,788.65,40123.75,38400.5,37611.85,95.6191,0.0195,0.0,-788.65,0.0,6.8165,0.0,-788.65,0.0,6.8165,1.0,0.0,0.0,0.0,0.0
711,498.69,796.0,40221.65,38514.35,37718.35,95.6696,0.0192,0.0,-796.0,0.0,6.8165,0.0,-796.0,0.0,6.8165,1.0,0.0,0.0,0.0,0.0
712,499.03,789.95,40032.75,38473.0,37683.05,96.0254,0.0176,0.0,-789.95,0.0,6.8165,0.0,-789.95,0.0,6.8165,1.0,0.0,0.0,0.0,0.0
713,499.38,788.25,40015.05,38513.65,37725.4,96.1725,0.0169,0.0,-788.25,0.0,6.8165,0.0,-788.25,0.0,6.8165,1.0,0.0,0.0,0.0,0.0
714,499.72,794.25,40041.3,38602.15,37807.9,96.3331,0.0162,0.0,-794.25,0.0,6.8165,0.0,-794.25,0.0,6.8165,1.0,0.0,0.0,0.0,0.0
715,500.06,784.0,40323.5,39049.35,38265.35,96.7775,0.0142,0.0,-784.0,0.0,6.8165,0.0,-784.0,0.0,6.8165,1.0,0.0,0.0,0.0,0.0
716,500.4,785.25,40294.7,39212.0,38426.75,97.2596,0.0121,0.0,-785.25,0.0,6.8165,0.0,-785.25,0.0,6.8165,1.0,0.0,0.0,0.0,0.0
717,500.75,797.15,40480.8,39033.95,38236.8,96.354,0.0161,0.0,-797.15,0.0,6.8165,0.0,-797.15,0.0,6.8165,1.0,0.0,0.0,0.0,0.0
718,501.09,790.45,40227.45,38762.35,37971.9,96.285,0.0164,0.0,-790.45,0.0,6.8165,0.0,-790.45,0.0,6.8165,1.0,0.0,0.0,0.0,0.0
719,501.43,786.45,40154.9,38446.15,37659.7,95.6596,0.0193,0.0,-786.45,0.0,6.8165,0.0,-786.45,0.0,6.8165,1.0,0.0,0.0,0.0,0.0
720,501.77,792.2,40672.75,39049.15,38256.95,95.9288,0.0181,0.0,-792.2,0.0,6.8165,0.0,-792.2,0.0,6.8165,1.0,0.0,0.0,0.0,0.0
721,502.11,782.85,41202.5,39220.85,38438.0,95.0973,0.0218,0.0,-782.85,0.0,6.8165,0.0,-782.85,0.0,6.8165,1.0,0.0,0.0,0.0,0.0
722,502.46,777.45,40417.5,38877.55,38100.1,96.1152,0.0172,0.0,-777.45,0.0,6.8165,0.0,-777.45,0.0,6.8165,1.0,0.0,0.0,0.0,0.0
723,502.8,778.45,40650.8,39053.7,38275.25,95.9945,0.0178,0.0,-778.45,0.0,6.8165,0.0,-778.45,0.0,6.8165,1.0,0.0,0.0,0.0,0.0
724,503.14,791.45,40688.05,39130.6,38339.15,96.0963,0.0173,0.0,-791.45,0.0,6.8165,0.0,-791.45,0.0,6.8165,1.0,0.0,0.0,0.0,0.0
725,503.48,787.9,41074.4,39697.75,38909.85,96.5829,0.0151,0.0,-787.9,0.0,6.8165,0.0,-787.9,0.0,6.8165,1.0,0.0,0.0,0.0,0.0
726,503.82,786.35,41260.8,40130.85,39344.5,97.2082,0.0123,0.0,-786.35,0.0,6.8165,0.0,-786.35,0.0,6.8165,1.0,0.0,0.0,0.0,0.0
727,504.16,789.7,40991.55,39843.55,39053.85,97.1444,0.0126,0.0,-789.7,0.0,6.8165,0.0,-789.7,0.0,6.8165,1.0,0.0,0.0,0.0,0.0
728,504.5,800.55,40879.5,39500.1,38699.55,96.5583,0.0152,0.0,-800.55,0.0,6.8165,0.0,-800.55,0.0,6.8165,1.0,0.0,0.0,0.0,0.0
729,504.84,778.45,41301.15,39885.95,39107.5,96.5076,0.0154,0.0,-778.45,0.0,6.8165,0.0,-778.45,0.0,6.8165,1.0,0.0,0.0,0.0,0.0
730,505.19,798.1,41428.8,40246.4,39448.3,97.0899,0.0128,0.0,-798.1,0.0,6.8165,0.0,-798.1,0.0,6.8165,1.0,0.0,0.0,0.0,0.0
731,505.53,797.15,41260.45,40207.65,39410.5,97.3981,0.0114,0.0,-797.15,0.0,6.8165,0.0,-797.15,0.0,6.8165,1.0,0.0,0.0,0.0,0.0
732,505.87,795.95,40879.05,39988.95,39193.0,97.7794,0.0098,0.0,-795.95,0.0,6.8165,0.0,-795.95,0.0,6.8165,1.0,0.0,0.0,0.0,0.0
733,506.21,780.6,41144.45,40154.6,39374.0,97.5477,0.0108,0.0,-780.6,0.0,6.8165,0.0,-780.6,0.0,6.8165,1.0,0.0,0.0,0.0,0.0
734,506.55,785.3,41319.85,40007.65,39222.35,96.7628,0.0143,0.0,-785.3,0.0,6.8165,0.0,-785.3,0.0,6.8165,1.0,0.0,0.0,0.0,0.0
735,506.89,797.8,41162.1,40191.9,39394.1,97.5964,0.0106,0.0,-797.8,0.0,6.8165,0.0,-797.8,0.0,6.8165,1.0,0.0,0.0,0.0,0.0
736,507.23,793.9,41159.25,40374.7,39580.8,98.0564,0.0085,0.0,-793.9,0.0,6.8165,0.0,-793.9,0.0,6.8165,1.0,0.0,0.0,0.0,0.0
737,507.57,793.45,41226.05,40122.65,39329.2,97.271,0.012,0.0,-793.45,0.0,6.8165,0.0,-793.45,0.0,6.8165,1.0,0.0,0.0,0.0,0.0
738,507.91,792.55,41792.0,40424.35,39631.8,96.6642,0.0147,0.0,-792.55,0.0,6.8165,0.0,-792.55,0.0,6.8165,1.0,0.0,0.0,0.0,0.0
739,508.25,794.15,41894.6,40370.25,39576.1,96.2912,0.0164,0.0,-794.15,0.0,6.8165,0.0,-794.15,0.0,6.8165,1.0,0.0,0.0,0.0,0.0
740,508.59,801.85,41549.25,40677.55,39875.7,97.8607,0.0094,0.0,-801.85,0.0,6.8165,0.0,-801.85,0.0,6.8165,1.0,0.0,0.0,0.0,0.0
741,508.93,797.1,41724.7,41089.85,40292.75,98.4488,0.0068,0.0,-797.1,0.0,6.8165,0.0,-797.1,0.0,6.8165,1.0,0.0,0.0,0.0,0.0
742,509.27,800.05,41872.3,41084.95,40284.9,98.083,0.0084,0.0,-800.05,0.0,6.8165,0.0,-800.05,0.0,6.8165,1.0,0.0,0.0,0.0,0.0
743,509.61,792.35,42043.95,41008.4,40216.05,97.4897,0.011,0.0,-792.35,0.0,6.8165,0.0,-792.35,0.0,6.8165,1.0,0.0,0.0,0.0,0.0
744,509.95,790.95,42342.95,41167.25,40376.3,97.1705,0.0125,0.0,-790.95,0.0,6.8165,0.0,-790.95,0.0,6.8165,1.0,0.0,0.0,0.0,0.0
745,510.29,800.2,42087.45,41284.05,40483.85,98.0541,0.0085,0.0,-800.2,0.0,6.8165,0.0,-800.2,0.0,6.8165,1.0,0.0,0.0,0.0,0.0
746,510.63,797.15,42136.2,41469.25,40672.1,98.3866,0.0071,0.0,-797.15,0.0,6.8165,0.0,-797.15,0.0,6.8165,1.0,0.0,0.0,0.0,0.0
747,510.97,783.75,42238.8,41558.5,40774.75,98.3589,0.0072,0.0,-783.75,0.0,6.8165,0.0,-783.75,0.0,6.8165,1.0,0.0,0.0,0.0,0.0
748,511.31,785.85,42408.7,41732.45,40946.6,98.3753,0.0071,0.0,-785.85,0.0,6.8165,0.0,-785.85,0.0,6.8165,1.0,0.0,0.0,0.0,0.0
749,511.65,800.35,42797.85,41855.9,41055.55,97.7571,0.0099,0.0,-800.35,0.0,6.8165,0.0,-800.35,0.0,6.8165,1.0,0.0,0.0,0.0,0.0
750,511.98,789.15,42775.45,42173.8,41384.65,98.567,0.0063,0.0,-789.15,0.0,6.8165,0.0,-789.15,0.0,6.8165,1.0,0.0,0.0,0.0,0.0
751,512.32,784.85,42722.25,41777.9,40993.05,97.7482,0.0099,0.0,-784.85,0.0,6.8165,0.0,-784.85,0.0,6.8165,1.0,0.0,0.0,0.0,0.0
752,512.66,782.5,42799.2,42027.95,41245.45,98.1644,0.008,0.0,-782.5,0.0,6.8165,0.0,-782.5,0.0,6.8165,1.0,0.0,0.0,0.0,0.0
753,513.0,804.2,42959.9,42334.7,41530.5,98.5169,0.0065,0.0,-804.2,0.0,6.8165,0.0,-804.2,0.0,6.8165,1.0,0.0,0.0,0.0,0.0
754,513.34,796.5,43067.25,42712.6,41916.1,99.161,0.0037,0.0,-796.5,0.0,6.8165,0.0,-796.5,0.0,6.8165,1.0,0.0,0.0,0.0,0.0
755,513.68,781.6,43307.15,42688.8,41907.2,98.5459,0.0064,0.0,-781.6,0.0,6.8165,0.0,-781.6,0.0,6.8165,1.0,0.0,0.0,0.0,0.0
756,514.02,777.85,44057.35,43054.95,42277.1,97.6839,0.0102,0.0,-777.85,0.0,6.8165,0.0,-777.85,0.0,6.8165,1.0,0.0,0.0,0.0,0.0
757,514.36,781.4,43919.65,43181.2,42399.8,98.2882,0.0075,0.0,-781.4,0.0,6.8165,0.0,-781.4,0.0,6.8165,1.0,0.0,0.0,0.0,0.0
758,514.69,786.55,43819.05,43135.5,42348.95,98.4115,0.007,0.0,-786.55,0.0,6.8165,0.0,-786.55,0.0,6.8165,1.0,0.0,0.0,0.0,0.0
759,515.03,781.8,44240.85,43265.4,42483.6,97.7555,0.0099,0.0,-781.8,0.0,6.8165,0.0,-781.8,0.0,6.8165,1.0,0.0,0.0,0.0,0.0
760,515.37,795.85,44196.4,43220.35,42424.5,97.7511,0.0099,0.0,-795.85,0.0,6.8165,0.0,-795.85,0.0,6.8165,1.0,0.0,0.0,0.0,0.0
761,515.71,788.15,44117.05,43411.25,42623.1,98.3711,0.0071,0.0,-788.15,0.0,6.8165,0.0,-788.15,0.0,6.8165,1.0,0.0,0.0,0.0,0.0
762,516.05,797.45,44065.5,43042.65,42245.2,97.636,0.0104,0.0,-797.45,0.0,6.8165,0.0,-797.45,0.0,6.8165,1.0,0.0,0.0,0.0,0.0
763,516.38,795.85,44232.8,43379.65,42583.8,98.0359,0.0086,0.0,-795.85,0.0,6.8165,0.0,-795.85,0.0,6.8165,1.0,0.0,0.0,0.0,0.0
764,516.72,798.55,44668.25,43673.5,42874.95,97.7325,0.01,0.0,-798.55,0.0,6.8165,0.0,-798.55,0.0,6.8165,1.0,0.0,0.0,0.0,0.0
765,517.06,798.9,44487.3,43717.0,42918.1,98.2368,0.0077,0.0,-798.9,0.0,6.8165,0.0,-798.9,0.0,6.8165,1.0,0.0,0.0,0.0,0.0
766,517.4,794.15,44553.15,44106.75,43312.6,98.9799,0.0045,0.0,-794.15,0.0,6.8165,0.0,-794.15,0.0,6.8165,1.0,0.0,0.0,0.0,0.0
767,517.73,789.45,44704.65,44201.3,43411.85,98.8538,0.005,0.0,-789.45,0.0,6.8165,0.0,-789.45,0.0,6.8165,1.0,0.0,0.0,0.0,0.0
768,518.07,766.8,45014.0,44298.95,43532.15,98.384,0.0071,0.0,-766.8,0.0,6.8165,0.0,-766.8,0.0,6.8165,1.0,0.0,0.0,0.0,0.0
769,518.41,787.5,45795.0,44571.45,43783.95,97.2815,0.012,0.0,-787.5,0.0,6.8165,0.0,-787.5,0.0,6.8165,1.0,0.0,0.0,0.0,0.0
770,518.75,790.8,45548.65,44428.8,43638.0,97.498,0.011,0.0,-790.8,0.0,6.8165,0.0,-790.8,0.0,6.8165,1.0,0.0,0.0,0.0,0.0
771,519.08,800.1,45354.15,44374.2,43574.1,97.8005,0.0097,0.0,-800.1,0.0,6.8165,0.0,-800.1,0.0,6.8165,1.0,0.0,0.0,0.0,0.0
772,519.42,802.0,45166.3,44299.5,43497.5,98.0462,0.0086,0.0,-802.0,0.0,6.8165,0.0,-802.0,0.0,6.8165,1.0,0.0,0.0,0.0,0.0
773,519.76,795.45,45309.0,44578.5,43783.05,98.3589,0.0072,0.0,-795.45,0.0,6.8165,0.0,-795.45,0.0,6.8165,1.0,0.0,0.0,0.0,0.0
774,520.09,795.75,45918.55,44583.75,43788.0,97.0419,0.013,0.0,-795.75,0.0,6.8165,0.0,-795.75,0.0,6.8165,1.0,0.0,0.0,0.0,0.0
775,520.43,789.75,45882.7,44906.35,44116.6,97.8348,0.0095,0.0,-789.75,0.0,6.8165,0.0,-789.75,0.0,6.8165,1.0,0.0,0.0,0.0,0.0
776,520.77,800.0,45298.45,44807.1,44007.1,98.8958,0.0048,0.0,-800.0,0.0,6.8165,0.0,-800.0,0.0,6.8165,1.0,0.0,0.0,0.0,0.0
777,521.1,798.7,45274.65,45056.85,44258.15,99.5103,0.0021,0.0,-798.7,0.0,6.8165,0.0,-798.7,0.0,6.8165,1.0,0.0,0.0,0.0,0.0
778,521.44,792.4,45261.65,45252.45,44460.05,99.9793,0.0001,0.0,-792.4,0.0,6.8165,0.0,-792.4,0.0,6.8165,1.0,0.0,0.0,0.0,0.0
779,521.78,797.05,46065.75,45878.85,45081.8,99.5871,0.0018,0.0,-797.05,0.0,6.8165,0.0,-797.05,0.0,6.8165,1.0,0.0,0.0,0.0,0.0
780,522.11,785.3,46254.15,45665.8,44880.5,98.706,0.0057,0.0,-785.3,0.0,6.8165,0.0,-785.3,0.0,6.8165,1.0,0.0,0.0,0.0,0.0
781,522.45,794.7,45904.4,45445.05,44650.35,98.9817,0.0044,0.0,-794.7,0.0,6.8165,0.0,-794.7,0.0,6.8165,1.0,0.0,0.0,0.0,0.0
782,522.78,796.05,45425.05,44923.2,44127.15,98.8755,0.0049,0.0,-796.05,0.0,6.8165,0.0,-796.05,0.0,6.8165,1.0,0.0,0.0,0.0,0.0
783,523.12,794.35,46062.35,45443.1,44648.75,98.632,0.006,0.0,-794.35,0.0,6.8165,0.0,-794.35,0.0,6.8165,1.0,0.0,0.0,0.0,0.0
784,523.46,790.9,46251.85,45358.95,44568.05,98.0359,0.0086,0.0,-790.9,0.0,6.8165,0.0,-790.9,0.0,6.8165,1.0,0.0,0.0,0.0,0.0
785,523.79,805.0,46224.95,45302.4,44497.4,97.9688,0.0089,0.0,-805.0,0.0,6.8165,0.0,-805.0,0.0,6.8165,1.0,0.0,0.0,0.0,0.0
786,524.13,789.05,46160.15,45266.45,44477.4,98.0302,0.0086,0.0,-789.05,0.0,6.8165,0.0,-789.05,0.0,6.8165,1.0,0.0,0.0,0.0,0.0
787,524.46,781.4,46070.8,45661.05,44879.65,99.0953,0.0039,0.0,-781.4,0.0,6.8165,0.0,-781.4,0.0,6.8165,1.0,0.0,0.0,0.0,0.0
788,524.8,796.55,46605.05,45769.55,44973.0,98.1761,0.008,0.0,-796.55,0.0,6.8165,0.0,-796.55,0.0,6.8165,1.0,0.0,0.0,0.0,0.0
789,525.13,798.45,46135.0,45554.1,44755.65,98.7187,0.0056,0.0,-798.45,0.0,6.8165,0.0,-798.45,0.0,6.8165,1.0,0.0,0.0,0.0,0.0
790,525.47,783.05,46030.25,45807.35,45024.3,99.5074,0.0021,0.0,-783.05,0.0,6.8165,0.0,-783.05,0.0,6.8165,1.0,0.0,0.0,0.0,0.0
791,525.8,790.3,46183.05,45542.3,44752.0,98.5884,0.0062,0.0,-790.3,0.0,6.8165,0.0,-790.3,0.0,6.8165,1.0,0.0,0.0,0.0,0.0
792,526.14,781.85,46467.75,45945.85,45164.0,98.8576,0.005,0.0,-781.85,0.0,6.8165,0.0,-781.85,0.0,6.8165,1.0,0.0,0.0,0.0,0.0
793,526.47,800.95,46607.15,46035.9,45234.95,98.7529,0.0055,0.0,-800.95,0.0,6.8165,0.0,-800.95,0.0,6.8165,1.0,0.0,0.0,0.0,0.0
794,526.81,791.05,46468.1,45652.25,44861.2,98.2139,0.0078,0.0,-791.05,0.0,6.8165,0.0,-791.05,0.0,6.8165,1.0,0.0,0.0,0.0,0.0
795,527.14,801.3,46346.55,45381.45,44580.15,97.881,0.0093,0.0,-801.3,0.0,6.8165,0.0,-801.3,0.0,6.8165,1.0,0.0,0.0,0.0,0.0
796,527.48,778.4,46526.55,45775.7,44997.3,98.3587,0.0072,0.0,-778.4,0.0,6.8165,0.0,-778.4,0.0,6.8165,1.0,0.0,0.0,0.0,0.0
797,527.81,796.15,46747.55,45766.8,44970.65,97.8657,0.0094,0.0,-796.15,0.0,6.8165,0.0,-796.15,0.0,6.8165,1.0,0.0,0.0,0.0,0.0
798,528.15,784.3,46554.8,46280.15,45495.85,99.3999,0.0026,0.0,-784.3,0.0,6.8165,0.0,-784.3,0.0,6.8165,1.0,0.0,0.0,0.0,0.0
799,528.48,789.2,46507.1,46259.05,45469.85,99.4574,0.0024,0.0,-789.2,0.0,6.8165,0.0,-789.2,0.0,6.8165,1.0,0.0,0.0,0.0,0.0
800,528.82,786.75,46850.9,46527.65,45740.9,99.2983,0.0031,0.0,-786.75,0.0,6.8165,0.0,-786.75,0.0,6.8165,1.0,0.0,0.0,0.0,0.0
801,529.15,799.9,47188.8,46485.85,45685.95,98.4847,0.0066,0.0,-799.9,0.0,6.8165,0.0,-799.9,0.0,6.8165,1.0,0.0,0.0,0.0,0.0
802,529.49,798.5,47535.0,46910.0,46111.5,98.6627,0.0058,0.0,-798.5,0.0,6.8165,0.0,-798.5,0.0,6.8165,1.0,0.0,0.0,0.0,0.0
803,529.82,794.1,47483.8,46984.25,46190.15,98.9301,0.0047,0.0,-794.1,0.0,6.8165,0.0,-794.1,0.0,6.8165,1.0,0.0,0.0,0.0,0.0
804,530.15,790.55,47138.75,46744.2,45953.65,99.1487,0.0037,0.0,-790.55,0.0,6.8165,0.0,-790.55,0.0,6.8165,1.0,0.0,0.0,0.0,0.0
805,530.49,803.55,46565.75,46478.8,45675.25,99.81,0.0008,0.0,-803.55,0.0,6.8165,0.0,-803.55,0.0,6.8165,1.0,0.0,0.0,0.0,0.0
806,530.82,807.15,47339.9,46941.9,46134.75,99.1447,0.0037,0.0,-807.15,0.0,6.8165,0.0,-807.15,0.0,6.8165,1.0,0.0,0.0,0.0,0.0
807,531.16,799.7,47334.75,46803.8,46004.1,98.859,0.005,0.0,-799.7,0.0,6.8165,0.0,-799.7,0.0,6.8165,1.0,0.0,0.0,0.0,0.0
808,531.49,786.95,47373.8,46717.25,45930.3,98.5907,0.0062,0.0,-786.95,0.0,6.8165,0.0,-786.95,0.0,6.8165,1.0,0.0,0.0,0.0,0.0
809,531.82,787.3,47328.95,46496.35,45709.05,98.2111,0.0078,0.0,-787.3,0.0,6.8165,0.0,-787.3,0.0,6.8165,1.0,0.0,0.0,0.0,0.0
810,532.16,802.5,46600.05,45934.3,45131.8,98.5463,0.0064,0.0,-802.5,0.0,6.8165,0.0,-802.5,0.0,6.8165,1.0,0.0,0.0,0.0,0.0
811,532.49,782.4,46661.6,46021.8,45239.4,98.6055,0.0061,0.0,-782.4,0.0,6.8165,0.0,-782.4,0.0,6.8165,1.0,0.0,0.0,0.0,0.0
812,532.82,799.05,47138.7,46562.95,45763.9,98.7575,0.0054,0.0,-799.05,0.0,6.8165,0.0,-799.05,0.0,6.8165,1.0,0.0,0.0,0.0,0.0
813,533.16,805.95,47147.35,46529.1,45723.15,98.6659,0.0058,0.0,-805.95,0.0,6.8165,0.0,-805.95,0.0,6.8165,1.0,0.0,0.0,0.0,0.0
814,533.49,782.15,46677.75,46126.85,45344.7,98.7997,0.0052,0.0,-782.15,0.0,6.8165,0.0,-782.15,0.0,6.8165,1.0,0.0,0.0,0.0,0.0
815,533.82,781.25,46554.5,46581.6,45800.35,100.0592,-0.0003,0.0,-781.25,0.0,6.8165,0.0,-781.25,0.0,6.8165,1.0,0.0,0.0,0.0,0.0
816,534.15,778.95,46555.6,46669.45,45890.5,100.2487,-0.0011,0.0,-778.95,0.0,6.8165,0.0,-778.95,0.0,6.8165,1.0,0.0,0.0,0.0,0.0
817,534.49,787.1,46614.8,46575.7,45788.6,99.9147,0.0004,0.0,-787.1,0.0,6.8165,0.0,-787.1,0.0,6.8165,1.0,0.0,0.0,0.0,0.0
818,534.82,787.25,46651.95,46271.3,45484.05,99.1701,0.0036,0.0,-787.25,0.0,6.8165,0.0,-787.25,0.0,6.8165,1.0,0.0,0.0,0.0,0.0
819,535.15,796.45,46826.5,46397.6,45601.15,99.0682,0.0041,0.0,-796.45,0.0,6.8165,0.0,-796.45,0.0,6.8165,1.0,0.0,0.0,0.0,0.0
820,535.48,789.85,46727.65,46139.95,45350.1,98.7207,0.0056,0.0,-789.85,0.0,6.8165,0.0,-789.85,0.0,6.8165,1.0,0.0,0.0,0.0,0.0
821,535.82,788.9,46276.5,45725.55,44936.65,98.7888,0.0053,0.0,-788.9,0.0,6.8165,0.0,-788.9,0.0,6.8165,1.0,0.0,0.0,0.0,0.0
822,536.15,795.25,46205.25,46038.0,45242.75,99.6317,0.0016,0.0,-795.25,0.0,6.8165,0.0,-795.25,0.0,6.8165,1.0,0.0,0.0,0.0,0.0
823,536.48,787.05,46571.0,46362.35,45575.3,99.5443,0.002,0.0,-787.05,0.0,6.8165,0.0,-787.05,0.0,6.8165,1.0,0.0,0.0,0.0,0.0
824,536.81,789.4,46693.25,46433.0,45643.6,99.4331,0.0025,0.0,-789.4,0.0,6.8165,0.0,-789.4,0.0,6.8165,1.0,0.0,0.0,0.0,0.0
825,537.15,796.75,46503.35,46185.25,45388.5,99.304,0.003,0.0,-796.75,0.0,6.8165,0.0,-796.75,0.0,6.8165,1.0,0.0,0.0,0.0,0.0
826,537.48,798.8,46714.95,46666.15,45867.35,99.8937,0.0005,0.0,-798.8,0.0,6.8165,0.0,-798.8,0.0,6.8165,1.0,0.0,0.0,0.0,0.0
827,537.81,791.9,46366.35,46081.1,45289.2,99.3741,0.0027,0.0,-791.9,0.0,6.8165,0.0,-791.9,0.0,6.8165,1.0,0.0,0.0,0.0,0.0
828,538.14,790.35,46135.5,46058.15,45267.8,99.8294,0.0007,0.0,-790.35,0.0,6.8165,0.0,-790.35,0.0,6.8165,1.0,0.0,0.0,0.0,0.0
829,538.47,795.4,46586.65,46554.55,45759.15,99.9299,0.0003,0.0,-795.4,0.0,6.8165,0.0,-795.4,0.0,6.8165,1.0,0.0,0.0,0.0,0.0
830,538.8,805.25,47075.1,46759.85,45954.6,99.3187,0.003,0.0,-805.25,0.0,6.8165,0.0,-805.25,0.0,6.8165,1.0,0.0,0.0,0.0,0.0
831,539.14,803.1,47006.75,46577.15,45774.05,99.0702,0.0041,0.0,-803.1,0.0,6.8165,0.0,-803.1,0.0,6.8165,1.0,0.0,0.0,0.0,0.0
832,539.47,786.0,46730.25,46652.75,45866.75,99.8313,0.0007,0.0,-786.0,0.0,6.8165,0.0,-786.0,0.0,6.8165,1.0,0.0,0.0,0.0,0.0
833,539.8,802.65,46583.8,46393.1,45590.45,99.5835,0.0018,0.0,-802.65,0.0,6.8165,0.0,-802.65,0.0,6.8165,1.0,0.0,0.0,0.0,0.0
834,540.13,782.8,46886.05,46550.25,45767.45,99.2716,0.0032,0.0,-782.8,0.0,6.8165,0.0,-782.8,0.0,6.8165,1.0,0.0,0.0,0.0,0.0
835,540.46,796.85,47390.1,46865.0,46068.15,98.873,0.0049,0.0,-796.85,0.0,6.8165,0.0,-796.85,0.0,6.8165,1.0,0.0,0.0,0.0,0.0
836,540.79,792.8,47629.45,47216.05,46423.25,99.1174,0.0039,0.0,-792.8,0.0,6.8165,0.0,-792.8,0.0,6.8165,1.0,0.0,0.0,0.0,0.0
837,541.12,782.35,47245.0,46969.75,46187.4,99.4076,0.0026,0.0,-782.35,0.0,6.8165,0.0,-782.35,0.0,6.8165,1.0,0.0,0.0,0.0,0.0
838,541.45,799.35,47411.8,46826.2,46026.85,98.7437,0.0055,0.0,-799.35,0.0,6.8165,0.0,-799.35,0.0,6.8165,1.0,0.0,0.0,0.0,0.0
839,541.78,782.25,47832.0,47182.65,46400.4,98.6199,0.006,0.0,-782.25,0.0,6.8165,0.0,-782.25,0.0,6.8165,1.0,0.0,0.0,0.0,0.0
840,542.11,796.15,47582.8,47396.9,46600.75,99.6027,0.0017,0.0,-796.15,0.0,6.8165,0.0,-796.15,0.0,6.8165,1.0,0.0,0.0,0.0,0.0
841,542.44,798.65,47742.3,47587.05,46788.4,99.6693,0.0014,0.0,-798.65,0.0,6.8165,0.0,-798.65,0.0,6.8165,1.0,0.0,0.0,0.0,0.0
842,542.78,787.05,48267.45,47773.75,46986.7,98.9602,0.0045,0.0,-787.05,0.0,6.8165,0.0,-787.05,0.0,6.8165,1.0,0.0,0.0,0.0,0.0
843,543.11,796.95,48388.35,47971.8,47174.85,99.1247,0.0038,0.0,-796.95,0.0,6.8165,0.0,-796.95,0.0,6.8165,1.0,0.0,0.0,0.0,0.0
844,543.44,790.95,48473.35,48200.6,47409.65,99.428,0.0025,0.0,-790.95,0.0,6.8165,0.0,-790.95,0.0,6.8165,1.0,0.0,0.0,0.0,0.0
845,543.77,782.65,48288.45,48181.1,47398.45,99.774,0.001,0.0,-782.65,0.0,6.8165,0.0,-782.65,0.0,6.8165,1.0,0.0,0.0,0.0,0.0
846,544.1,789.65,48346.15,48095.1,47305.45,99.4721,0.0023,0.0,-789.65,0.0,6.8165,0.0,-789.65,0.0,6.8165,1.0,0.0,0.0,0.0,0.0
847,544.43,805.1,48427.15,48116.2,47311.1,99.347,0.0028,0.0,-805.1,0.0,6.8165,0.0,-805.1,0.0,6.8165,1.0,0.0,0.0,0.0,0.0
848,544.76,804.35,48345.55,48143.85,47339.5,99.5757,0.0018,0.0,-804.35,0.0,6.8165,0.0,-804.35,0.0,6.8165,1.0,0.0,0.0,0.0,0.0
849,545.09,788.45,49017.4,48294.7,47506.25,98.5015,0.0066,0.0,-788.45,0.0,6.8165,0.0,-788.45,0.0,6.8165,1.0,0.0,0.0,0.0,0.0
850,545.42,797.8,49458.1,48575.95,47778.15,98.1871,0.0079,0.0,-797.8,0.0,6.8165,0.0,-797.8,0.0,6.8165,1.0,0.0,0.0,0.0,0.0
851,545.74,779.85,49198.25,48336.35,47556.5,98.2199,0.0078,0.0,-779.85,0.0,6.8165,0.0,-779.85,0.0,6.8165,1.0,0.0,0.0,0.0,0.0
852,546.07,788.4,48772.4,48592.3,47803.9,99.6247,0.0016,0.0,-788.4,0.0,6.8165,0.0,-788.4,0.0,6.8165,1.0,0.0,0.0,0.0,0.0
853,546.4,804.95,49074.7,49212.95,48408.0,100.2864,-0.0012,0.0,-804.95,0.0,6.8165,0.0,-804.95,0.0,6.8165,1.0,0.0,0.0,0.0,0.0
854,546.73,807.05,49339.35,49417.2,48610.15,100.1604,-0.0007,0.0,-807.05,0.0,6.8165,0.0,-807.05,0.0,6.8165,1.0,0.0,0.0,0.0,0.0
855,547.06,787.65,49745.3,49738.3,48950.65,99.9857,0.0001,0.0,-787.65,0.0,6.8165,0.0,-787.65,0.0,6.8165,1.0,0.0,0.0,0.0,0.0
856,547.39,804.4,50258.65,50069.35,49264.95,99.6172,0.0017,0.0,-804.4,0.0,6.8165,0.0,-804.4,0.0,6.8165,1.0,0.0,0.0,0.0,0.0
857,547.72,795.5,50034.85,49586.0,48790.5,99.0884,0.004,0.0,-795.5,0.0,6.8165,0.0,-795.5,0.0,6.8165,1.0,0.0,0.0,0.0,0.0
858,548.05,783.95,49956.2,49496.45,48712.5,99.065,0.0041,0.0,-783.95,0.0,6.8165,0.0,-783.95,0.0,6.8165,1.0,0.0,0.0,0.0,0.0
859,548.38,788.2,49978.5,49771.3,48983.1,99.5788,0.0018,0.0,-788.2,0.0,6.8165,0.0,-788.2,0.0,6.8165,1.0,0.0,0.0,0.0,0.0
860,548.71,796.55,50536.25,50376.4,49579.85,99.6786,0.0014,0.0,-796.55,0.0,6.8165,0.0,-796.55,0.0,6.8165,1.0,0.0,0.0,0.0,0.0
861,549.03,800.2,51088.5,50432.5,49632.3,98.6955,0.0057,0.0,-800.2,0.0,6.8165,0.0,-800.2,0.0,6.8165,1.0,0.0,0.0,0.0,0.0
862,549.36,783.8,50751.1,50316.65,49532.85,99.1305,0.0038,0.0,-783.8,0.0,6.8165,0.0,-783.8,0.0,6.8165,1.0,0.0,0.0,0.0,0.0
863,549.69,800.55,51554.2,50802.2,50001.65,98.5183,0.0065,0.0,-800.55,0.0,6.8165,0.0,-800.55,0.0,6.8165,1.0,0.0,0.0,0.0,0.0
864,550.02,792.55,51175.15,51212.3,50419.75,100.0737,-0.0003,0.0,-792.55,0.0,6.8165,0.0,-792.55,0.0,6.8165,1.0,0.0,0.0,0.0,0.0
865,550.35,801.45,51354.55,51287.45,50486.0,99.8673,0.0006,0.0,-801.45,0.0,6.8165,0.0,-801.45,0.0,6.8165,1.0,0.0,0.0,0.0,0.0
866,550.68,800.6,51990.15,51564.95,50764.35,99.1694,0.0036,0.0,-800.6,0.0,6.8165,0.0,-800.6,0.0,6.8165,1.0,0.0,0.0,0.0,0.0
867,551.0,810.5,52178.45,51488.7,50678.2,98.6572,0.0059,0.0,-810.5,0.0,6.8165,0.0,-810.5,0.0,6.8165,1.0,0.0,0.0,0.0,0.0
868,551.33,789.2,52125.05,51315.3,50526.1,98.4226,0.0069,0.0,-789.2,0.0,6.8165,0.0,-789.2,0.0,6.8165,1.0,0.0,0.0,0.0,0.0
869,551.66,798.65,52423.75,51210.0,50411.35,97.6489,0.0103,0.0,-798.65,0.0,6.8165,0.0,-798.65,0.0,6.8165,1.0,0.0,0.0,0.0,0.0
870,551.99,808.0,52089.55,51976.25,51168.25,99.7791,0.001,0.0,-808.0,0.0,6.8165,0.0,-808.0,0.0,6.8165,1.0,0.0,0.0,0.0,0.0
871,552.32,800.5,52001.75,52052.6,51252.1,100.0993,-0.0004,0.0,-800.5,0.0,6.8165,0.0,-800.5,0.0,6.8165,1.0,0.0,0.0,0.0,0.0
872,552.64,795.05,52175.6,52547.85,51752.8,100.7245,-0.0031,0.0,-795.05,0.0,6.8165,0.0,-795.05,0.0,6.8165,1.0,0.0,0.0,0.0,0.0
873,552.97,789.75,52258.8,52921.35,52131.6,101.2873,-0.0056,0.0,-789.75,0.0,6.8165,0.0,-789.75,0.0,6.8165,1.0,0.0,0.0,0.0,0.0
874,553.3,785.4,52403.45,52483.1,51697.7,100.1543,-0.0007,0.0,-785.4,0.0,6.8165,0.0,-785.4,0.0,6.8165,1.0,0.0,0.0,0.0,0.0
875,553.63,792.75,53237.65,53010.8,52218.05,99.5675,0.0019,0.0,-792.75,0.0,6.8165,0.0,-792.75,0.0,6.8165,1.0,0.0,0.0,0.0,0.0
876,553.95,788.1,53489.05,53744.1,52956.0,100.484,-0.0021,0.0,-788.1,0.0,6.8165,0.0,-788.1,0.0,6.8165,1.0,0.0,0.0,0.0,0.0
877,554.28,801.55,53553.15,53750.8,52949.25,100.3747,-0.0016,0.0,-801.55,0.0,6.8165,0.0,-801.55,0.0,6.8165,1.0,0.0,0.0,0.0,0.0
878,554.61,791.45,53303.85,53554.1,52762.65,100.4766,-0.0021,0.0,-791.45,0.0,6.8165,0.0,-791.45,0.0,6.8165,1.0,0.0,0.0,0.0,0.0
879,554.93,790.9,53276.55,53386.85,52595.95,100.2102,-0.0009,0.0,-790.9,0.0,6.8165,0.0,-790.9,0.0,6.8165,1.0,0.0,0.0,0.0,0.0
880,555.26,783.1,54024.2,53573.0,52789.9,99.1525,0.0037,0.0,-783.1,0.0,6.8165,0.0,-783.1,0.0,6.8165,1.0,0.0,0.0,0.0,0.0
881,555.59,788.55,54578.6,54084.75,53296.2,99.0819,0.004,0.0,-788.55,0.0,6.8165,0.0,-788.55,0.0,6.8165,1.0,0.0,0.0,0.0,0.0
882,555.91,793.4,54601.7,53992.5,53199.1,98.8678,0.0049,0.0,-793.4,0.0,6.8165,0.0,-793.4,0.0,6.8165,1.0,0.0,0.0,0.0,0.0
883,556.24,789.9,54683.4,53902.25,53112.35,98.5506,0.0063,0.0,-789.9,0.0,6.8165,0.0,-789.9,0.0,6.8165,1.0,0.0,0.0,0.0,0.0
884,556.57,787.4,54264.85,53712.5,52925.1,98.9671,0.0045,0.0,-787.4,0.0,6.8165,0.0,-787.4,0.0,6.8165,1.0,0.0,0.0,0.0,0.0
885,556.89,794.7,53907.4,53532.65,52737.95,99.2944,0.0031,0.0,-794.7,0.0,6.8165,0.0,-794.7,0.0,6.8165,1.0,0.0,0.0,0.0,0.0
886,557.22,787.0,54053.5,54000.75,53213.75,99.901,0.0004,0.0,-787.0,0.0,6.8165,0.0,-787.0,0.0,6.8165,1.0,0.0,0.0,0.0,0.0
887,557.55,770.9,54387.55,54331.1,53560.2,99.8947,0.0005,0.0,-770.9,0.0,6.8165,0.0,-770.9,0.0,6.8165,1.0,0.0,0.0,0.0,0.0
888,557.87,796.35,54402.4,54419.2,53622.85,100.0313,-0.0001,0.0,-796.35,0.0,6.8165,0.0,-796.35,0.0,6.8165,1.0,0.0,0.0,0.0,0.0
889,558.2,798.45,54233.15,53987.8,53189.35,99.5408,0.002,0.0,-798.45,0.0,6.8165,0.0,-798.45,0.0,6.8165,1.0,0.0,0.0,0.0,0.0
890,558.52,792.5,54466.8,54068.9,53276.4,99.2587,0.0032,0.0,-792.5,0.0,6.8165,0.0,-792.5,0.0,6.8165,1.0,0.0,0.0,0.0,0.0
891,558.85,794.0,54754.2,54605.5,53811.5,99.7244,0.0012,0.0,-794.0,0.0,6.8165,0.0,-794.0,0.0,6.8165,1.0,0.0,0.0,0.0,0.0
892,559.17,800.15,54793.8,55052.55,54252.4,100.4792,-0.0021,0.0,-800.15,0.0,6.8165,0.0,-800.15,0.0,6.8165,1.0,0.0,0.0,0.0,0.0
893,559.5,785.9,55618.85,55414.85,54628.95,99.628,0.0016,0.0,-785.9,0.0,6.8165,0.0,-785.9,0.0,6.8165,1.0,0.0,0.0,0.0,0.0
894,559.83,797.2,55592.7,55643.9,54846.7,100.0934,-0.0004,0.0,-797.2,0.0,6.8165,0.0,-797.2,0.0,6.8165,1.0,0.0,0.0,0.0,0.0
895,560.15,810.2,55481.75,55492.95,54682.75,100.0205,-0.0001,0.0,-810.2,0.0,6.8165,0.0,-810.2,0.0,6.8165,1.0,0.0,0.0,0.0,0.0
896,560.48,805.0,55570.65,55112.75,54307.75,99.1639,0.0036,0.0,-805.0,0.0,6.8165,0.0,-805.0,0.0,6.8165,1.0,0.0,0.0,0.0,0.0
897,560.8,803.75,54993.55,55205.85,54402.1,100.3918,-0.0017,0.0,-803.75,0.0,6.8165,0.0,-803.75,0.0,6.8165,1.0,0.0,0.0,0.0,0.0
898,561.13,792.45,55543.15,55850.5,55058.05,100.5614,-0.0024,0.0,-792.45,0.0,6.8165,0.0,-792.45,0.0,6.8165,1.0,0.0,0.0,0.0,0.0
899,561.45,780.5,55985.35,56190.2,55409.7,100.3711,-0.0016,0.0,-780.5,0.0,6.8165,0.0,-780.5,0.0,6.8165,1.0,0.0,0.0,0.0,0.0
900,561.78,805.05,55936.4,55960.4,55155.35,100.0435,-0.0002,0.0,-805.05,0.0,6.8165,0.0,-805.05,0.0,6.8165,1.0,0.0,0.0,0.0,0.0
901,562.1,793.3,55555.25,55695.05,54901.75,100.2553,-0.0011,0.0,-793.3,0.0,6.8165,0.0,-793.3,0.0,6.8165,1.0,0.0,0.0,0.0,0.0
902,562.43,807.0,55983.15,55755.05,54948.05,99.5866,0.0018,0.0,-807.0,0.0,6.8165,0.0,-807.0,0.0,6.8165,1.0,0.0,0.0,0.0,0.0
903,562.75,795.1,55829.75,55624.9,54829.8,99.6278,0.0016,0.0,-795.1,0.0,6.8165,0.0,-795.1,0.0,6.8165,1.0,0.0,0.0,0.0,0.0
904,563.07,783.0,56206.0,55988.6,55205.6,99.6077,0.0017,0.0,-783.0,0.0,6.8165,0.0,-783.0,0.0,6.8165,1.0,0.0,0.0,0.0,0.0
905,563.4,805.4,56160.75,56227.65,55422.25,100.1209,-0.0005,0.0,-805.4,0.0,6.8165,0.0,-805.4,0.0,6.8165,1.0,0.0,0.0,0.0,0.0
906,563.72,794.6,55505.65,55735.8,54941.2,100.4207,-0.0018,0.0,-794.6,0.0,6.8165,0.0,-794.6,0.0,6.8165,1.0,0.0,0.0,0.0,0.0
907,564.05,789.45,55943.85,55832.85,55043.4,99.7987,0.0009,0.0,-789.45,0.0,6.8165,0.0,-789.45,0.0,6.8165,1.0,0.0,0.0,0.0,0.0
908,564.37,788.55,56468.75,56080.6,55292.05,99.3029,0.003,0.0,-788.55,0.0,6.8165,0.0,-788.55,0.0,6.8165,1.0,0.0,0.0,0.0,0.0
909,564.7,790.0,56340.7,56040.65,55250.65,99.4599,0.0024,0.0,-790.0,0.0,6.8165,0.0,-790.0,0.0,6.8165,1.0,0.0,0.0,0.0,0.0
910,565.02,784.2,56549.35,56405.15,55620.95,99.7414,0.0011,0.0,-784.2,0.0,6.8165,0.0,-784.2,0.0,6.8165,1.0,0.0,0.0,0.0,0.0
911,565.34,793.2,56664.95,56199.7,55406.5,99.1673,0.0036,0.0,-793.2,0.0,6.8165,0.0,-793.2,0.0,6.8165,1.0,0.0,0.0,0.0,0.0
912,565.67,809.35,56754.9,56233.8,55424.45,99.0686,0.0041,0.0,-809.35,0.0,6.8165,0.0,-809.35,0.0,6.8165,1.0,0.0,0.0,0.0,0.0
913,565.99,786.7,56594.35,56223.8,55437.1,99.336,0.0029,0.0,-786.7,0.0,6.8165,0.0,-786.7,0.0,6.8165,1.0,0.0,0.0,0.0,0.0
914,566.31,800.7,56937.45,56337.75,55537.05,98.9317,0.0047,0.0,-800.7,0.0,6.8165,0.0,-800.7,0.0,6.8165,1.0,0.0,0.0,0.0,0.0
915,566.64,800.8,57017.5,56602.5,55801.7,99.2618,0.0032,0.0,-800.8,0.0,6.8165,0.0,-800.8,0.0,6.8165,1.0,0.0,0.0,0.0,0.0
916,566.96,805.7,57251.2,56697.95,55892.25,99.0199,0.0043,0.0,-805.7,0.0,6.8165,0.0,-805.7,0.0,6.8165,1.0,0.0,0.0,0.0,0.0
917,567.29,804.35,57439.35,56356.35,55552.0,98.0878,0.0084,0.0,-804.35,0.0,6.8165,0.0,-804.35,0.0,6.8165,1.0,0.0,0.0,0.0,0.0
918,567.61,793.0,57104.3,56656.25,55863.25,99.2043,0.0035,0.0,-793.0,0.0,6.8165,0.0,-793.0,0.0,6.8165,1.0,0.0,0.0,0.0,0.0
919,567.93,796.4,56618.7,56839.6,56043.2,100.3957,-0.0017,0.0,-796.4,0.0,6.8165,0.0,-796.4,0.0,6.8165,1.0,0.0,0.0,0.0,0.0
920,568.25,801.2,57399.85,57068.05,56266.85,99.4138,0.0026,0.0,-801.2,0.0,6.8165,0.0,-801.2,0.0,6.8165,1.0,0.0,0.0,0.0,0.0
921,568.58,786.0,57629.1,56929.9,56143.9,98.7699,0.0054,0.0,-786.0,0.0,6.8165,0.0,-786.0,0.0,6.8165,1.0,0.0,0.0,0.0,0.0
922,568.9,805.9,57272.65,57000.7,56194.8,99.5184,0.0021,0.0,-805.9,0.0,6.8165,0.0,-805.9,0.0,6.8165,1.0,0.0,0.0,0.0,0.0
923,569.22,788.05,57762.3,57262.1,56474.05,99.1221,0.0038,0.0,-788.05,0.0,6.8165,0.0,-788.05,0.0,6.8165,1.0,0.0,0.0,0.0,0.0
924,569.55,801.6,57806.6,57067.95,56266.35,98.7042,0.0057,0.0,-801.6,0.0,6.8165,0.0,-801.6,0.0,6.8165,1.0,0.0,0.0,0.0,0.0
925,569.87,794.8,57489.85,57143.25,56348.45,99.3887,0.0027,0.0,-794.8,0.0,6.8165,0.0,-794.8,0.0,6.8165,1.0,0.0,0.0,0.0,0.0
926,570.19,788.9,57946.2,57637.85,56848.95,99.4605,0.0023,0.0,-788.9,0.0,6.8165,0.0,-788.9,0.0,6.8165,1.0,0.0,0.0,0.0,0.0
927,570.51,790.25,57904.6,57507.8,56717.55,99.3053,0.003,0.0,-790.25,0.0,6.8165,0.0,-790.25,0.0,6.8165,1.0,0.0,0.0,0.0,0.0
928,570.83,797.65,57951.85,57688.8,56891.15,99.5398,0.002,0.0,-797.65,0.0,6.8165,0.0,-797.65,0.0,6.8165,1.0,0.0,0.0,0.0,0.0
929,571.16,780.25,58062.6,57673.2,56892.95,99.3202,0.003,0.0,-780.25,0.0,6.8165,0.0,-780.25,0.0,6.8165,1.0,0.0,0.0,0.0,0.0
930,571.48,797.55,57758.8,56970.9,56173.35,98.6168,0.006,0.0,-797.55,0.0,6.8165,0.0,-797.55,0.0,6.8165,1.0,0.0,0.0,0.0,0.0
931,571.8,793.3,57310.75,56881.2,56087.9,99.24,0.0033,0.0,-793.3,0.0,6.8165,0.0,-793.3,0.0,6.8165,1.0,0.0,0.0,0.0,0.0
932,572.12,798.1,58003.4,57507.05,56708.95,99.1323,0.0038,0.0,-798.1,0.0,6.8165,0.0,-798.1,0.0,6.8165,1.0,0.0,0.0,0.0,0.0
933,572.44,780.4,58009.35,57535.6,56755.2,99.1722,0.0036,0.0,-780.4,0.0,6.8165,0.0,-780.4,0.0,6.8165,1.0,0.0,0.0,0.0,0.0
934,572.77,779.15,58116.85,57853.0,57073.85,99.5398,0.002,0.0,-779.15,0.0,6.8165,0.0,-779.15,0.0,6.8165,1.0,0.0,0.0,0.0,0.0
935,573.09,787.65,57989.75,58067.45,57279.8,100.1358,-0.0006,0.0,-787.65,0.0,6.8165,0.0,-787.65,0.0,6.8165,1.0,0.0,0.0,0.0,0.0
936,573.41,789.15,57936.9,57750.15,56961.0,99.6732,0.0014,0.0,-789.15,0.0,6.8165,0.0,-789.15,0.0,6.8165,1.0,0.0,0.0,0.0,0.0
937,573.73,796.55,57213.15,56800.5,56003.95,99.2686,0.0032,0.0,-796.55,0.0,6.8165,0.0,-796.55,0.0,6.8165,1.0,0.0,0.0,0.0,0.0
938,574.05,803.55,57253.75,57229.6,56426.05,99.9572,0.0002,0.0,-803.55,0.0,6.8165,0.0,-803.55,0.0,6.8165,1.0,0.0,0.0,0.0,0.0
939,574.37,793.3,57488.8,57244.0,56450.7,99.5682,0.0019,0.0,-793.3,0.0,6.8165,0.0,-793.3,0.0,6.8165,1.0,0.0,0.0,0.0,0.0
940,574.69,799.8,57361.95,57225.9,56426.1,99.7595,0.001,0.0,-799.8,0.0,6.8165,0.0,-799.8,0.0,6.8165,1.0,0.0,0.0,0.0,0.0
941,575.02,798.25,57948.0,57585.75,56787.5,99.3661,0.0028,0.0,-798.25,0.0,6.8165,0.0,-798.25,0.0,6.8165,1.0,0.0,0.0,0.0,0.0
942,575.34,791.35,58003.75,57666.3,56874.95,99.4102,0.0026,0.0,-791.35,0.0,6.8165,0.0,-791.35,0.0,6.8165,1.0,0.0,0.0,0.0,0.0
943,575.66,794.6,57735.6,58130.9,57336.3,100.6942,-0.003,0.0,-794.6,0.0,6.8165,0.0,-794.6,0.0,6.8165,1.0,0.0,0.0,0.0,0.0
944,575.98,802.95,58247.6,58074.95,57272.0,99.6994,0.0013,0.0,-802.95,0.0,6.8165,0.0,-802.95,0.0,6.8165,1.0,0.0,0.0,0.0,0.0
945,576.3,807.05,58163.4,57883.4,57076.35,99.5118,0.0021,0.0,-807.05,0.0,6.8165,0.0,-807.05,0.0,6.8165,1.0,0.0,0.0,0.0,0.0
946,576.62,799.8,57624.9,57340.95,56541.15,99.5003,0.0022,0.0,-799.8,0.0,6.8165,0.0,-799.8,0.0,6.8165,1.0,0.0,0.0,0.0,0.0
947,576.94,788.05,58025.9,57673.15,56885.1,99.3837,0.0027,0.0,-788.05,0.0,6.8165,0.0,-788.05,0.0,6.8165,1.0,0.0,0.0,0.0,0.0
948,577.26,790.85,58113.95,58039.15,57248.3,99.8695,0.0006,0.0,-790.85,0.0,6.8165,0.0,-790.85,0.0,6.8165,1.0,0.0,0.0,0.0,0.0
949,577.58,785.3,57700.8,57890.4,57105.1,100.3331,-0.0014,0.0,-785.3,0.0,6.8165,0.0,-785.3,0.0,6.8165,1.0,0.0,0.0,0.0,0.0
950,577.9,791.55,57361.55,57689.0,56897.45,100.5788,-0.0025,0.0,-791.55,0.0,6.8165,0.0,-791.55,0.0,6.8165,1.0,0.0,0.0,0.0,0.0
951,578.22,780.8,57568.5,57509.45,56728.65,99.896,0.0005,0.0,-780.8,0.0,6.8165,0.0,-780.8,0.0,6.8165,1.0,0.0,0.0,0.0,0.0
952,578.54,794.15,57198.6,57287.3,56493.15,100.1573,-0.0007,0.0,-794.15,0.0,6.8165,0.0,-794.15,0.0,6.8165,1.0,0.0,0.0,0.0,0.0
953,578.86,806.7,56484.05,56541.3,55734.6,100.1028,-0.0004,0.0,-806.7,0.0,6.8165,0.0,-806.7,0.0,6.8165,1.0,0.0,0.0,0.0,0.0
954,579.18,799.0,56974.05,57105.15,56306.15,100.2334,-0.001,0.0,-799.0,0.0,6.8165,0.0,-799.0,0.0,6.8165,1.0,0.0,0.0,0.0,0.0
955,579.5,799.95,56736.6,57036.6,56236.65,100.5363,-0.0023,0.0,-799.95,0.0,6.8165,0.0,-799.95,0.0,6.8165,1.0,0.0,0.0,0.0,0.0
956,579.82,797.2,56375.15,56626.2,55829.0,100.4517,-0.002,0.0,-797.2,0.0,6.8165,0.0,-797.2,0.0,6.8165,1.0,0.0,0.0,0.0,0.0
957,580.14,784.7,56166.45,56751.85,55967.15,101.057,-0.0046,0.0,-784.7,0.0,6.8165,0.0,-784.7,0.0,6.8165,1.0,0.0,0.0,0.0,0.0
958,580.46,792.95,55944.95,56693.2,55900.25,101.3567,-0.0059,0.0,-792.95,0.0,6.8165,0.0,-792.95,0.0,6.8165,1.0,0.0,0.0,0.0,0.0
959,580.78,798.35,56915.4,56804.55,56006.2,99.8025,0.0009,0.0,-798.35,0.0,6.8165,0.0,-798.35,0.0,6.8165,1.0,0.0,0.0,0.0,0.0
960,581.1,801.7,56297.15,56260.95,55459.25,99.9348,0.0003,0.0,-801.7,0.0,6.8165,0.0,-801.7,0.0,6.8165,1.0,0.0,0.0,0.0,0.0
961,581.42,787.45,56313.5,56934.1,56146.65,101.1177,-0.0048,0.0,-787.45,0.0,6.8165,0.0,-787.45,0.0,6.8165,1.0,0.0,0.0,0.0,0.0
962,581.73,799.85,56198.45,56600.2,55800.35,100.7252,-0.0031,0.0,-799.85,0.0,6.8165,0.0,-799.85,0.0,6.8165,1.0,0.0,0.0,0.0,0.0
963,582.05,777.65,55809.1,56161.9,55384.25,100.6411,-0.0028,0.0,-777.65,0.0,6.8165,0.0,-777.65,0.0,6.8165,1.0,0.0,0.0,0.0,0.0
964,582.37,772.9,55846.4,55832.05,55059.15,99.9739,0.0001,0.0,-772.9,0.0,6.8165,0.0,-772.9,0.0,6.8165,1.0,0.0,0.0,0.0,0.0
965,582.69,779.8,55735.45,55544.15,54764.35,99.6519,0.0015,0.0,-779.8,0.0,6.8165,0.0,-779.8,0.0,6.8165,1.0,0.0,0.0,0.0,0.0
966,583.01,791.7,55932.3,55712.8,54921.1,99.6019,0.0017,0.0,-791.7,0.0,6.8165,0.0,-791.7,0.0,6.8165,1.0,0.0,0.0,0.0,0.0
967,583.33,786.75,55517.25,55558.35,54771.6,100.0751,-0.0003,0.0,-786.75,0.0,6.8165,0.0,-786.75,0.0,6.8165,1.0,0.0,0.0,0.0,0.0
968,583.65,803.3,55569.65,55932.9,55129.6,100.6633,-0.0029,0.0,-803.3,0.0,6.8165,0.0,-803.3,0.0,6.8165,1.0,0.0,0.0,0.0,0.0
969,583.96,787.25,55269.85,55333.05,54545.8,100.116,-0.0005,0.0,-787.25,0.0,6.8165,0.0,-787.25,0.0,6.8165,1.0,0.0,0.0,0.0,0.0
970,584.28,795.35,55304.25,55512.55,54717.2,100.3821,-0.0017,0.0,-795.35,0.0,6.8165,0.0,-795.35,0.0,6.8165,1.0,0.0,0.0,0.0,0.0
971,584.6,787.2,55733.2,55683.6,54896.4,99.9097,0.0004,0.0,-787.2,0.0,6.8165,0.0,-787.2,0.0,6.8165,1.0,0.0,0.0,0.0,0.0
972,584.92,797.15,55559.3,55691.1,54893.95,100.2407,-0.001,0.0,-797.15,0.0,6.8165,0.0,-797.15,0.0,6.8165,1.0,0.0,0.0,0.0,0.0
973,585.24,794.6,55178.4,55021.0,54226.4,99.7106,0.0013,0.0,-794.6,0.0,6.8165,0.0,-794.6,0.0,6.8165,1.0,0.0,0.0,0.0,0.0
974,585.55,792.8,55190.9,55075.55,54282.75,99.788,0.0009,0.0,-792.8,0.0,6.8165,0.0,-792.8,0.0,6.8165,1.0,0.0,0.0,0.0,0.0
975,585.87,793.1,55302.3,55220.95,54427.85,99.8508,0.0006,0.0,-793.1,0.0,6.8165,0.0,-793.1,0.0,6.8165,1.0,0.0,0.0,0.0,0.0
976,586.19,794.7,55480.2,55421.9,54627.2,99.8934,0.0005,0.0,-794.7,0.0,6.8165,0.0,-794.7,0.0,6.8165,1.0,0.0,0.0,0.0,0.0
977,586.51,804.4,55600.35,56087.55,55283.15,100.8891,-0.0038,0.0,-804.4,0.0,6.8165,0.0,-804.4,0.0,6.8165,1.0,0.0,0.0,0.0,0.0
978,586.83,803.7,55405.5,55931.6,55127.9,100.9635,-0.0042,0.0,-803.7,0.0,6.8165,0.0,-803.7,0.0,6.8165,1.0,0.0,0.0,0.0,0.0
979,587.14,794.1,54879.7,55337.0,54542.9,100.8455,-0.0037,0.0,-794.1,0.0,6.8165,0.0,-794.1,0.0,6.8165,1.0,0.0,0.0,0.0,0.0
980,587.46,795.95,54660.6,55459.65,54663.7,101.4834,-0.0064,0.0,-795.95,0.0,6.8165,0.0,-795.95,0.0,6.8165,1.0,0.0,0.0,0.0,0.0
981,587.78,799.45,54900.3,55418.4,54618.95,100.9577,-0.0041,0.0,-799.45,0.0,6.8165,0.0,-799.45,0.0,6.8165,1.0,0.0,0.0,0.0,0.0
982,588.09,808.15,54721.05,54858.1,54049.95,100.2542,-0.0011,0.0,-808.15,0.0,6.8165,0.0,-808.15,0.0,6.8165,1.0,0.0,0.0,0.0,0.0
983,588.41,784.15,54915.9,54764.25,53980.1,99.7199,0.0012,0.0,-784.15,0.0,6.8165,0.0,-784.15,0.0,6.8165,1.0,0.0,0.0,0.0,0.0
984,588.73,801.05,55126.5,55346.85,54545.8,100.4056,-0.0018,0.0,-801.05,0.0,6.8165,0.0,-801.05,0.0,6.8165,1.0,0.0,0.0,0.0,0.0
985,589.04,792.6,54597.2,55135.65,54343.05,101.0008,-0.0043,0.0,-792.6,0.0,6.8165,0.0,-792.6,0.0,6.8165,1.0,0.0,0.0,0.0,0.0
986,589.36,804.5,55142.3,55760.5,54956.0,101.1377,-0.0049,0.0,-804.5,0.0,6.8165,0.0,-804.5,0.0,6.8165,1.0,0.0,0.0,0.0,0.0
987,589.68,789.2,55527.4,55625.4,54836.2,100.179,-0.0008,0.0,-789.2,0.0,6.8165,0.0,-789.2,0.0,6.8165,1.0,0.0,0.0,0.0,0.0
988,589.99,799.3,55191.55,54626.75,53827.45,98.9616,0.0045,0.0,-799.3,0.0,6.8165,0.0,-799.3,0.0,6.8165,1.0,0.0,0.0,0.0,0.0
989,590.31,784.2,55509.0,55049.9,54265.7,99.1611,0.0037,0.0,-784.2,0.0,6.8165,0.0,-784.2,0.0,6.8165,1.0,0.0,0.0,0.0,0.0
990,590.63,797.75,55156.5,54792.0,53994.25,99.3295,0.0029,0.0,-797.75,0.0,6.8165,0.0,-797.75,0.0,6.8165,1.0,0.0,0.0,0.0,0.0
991,590.94,794.45,55600.25,55155.6,54361.15,99.1887,0.0035,0.0,-794.45,0.0,6.8165,0.0,-794.45,0.0,6.8165,1.0,0.0,0.0,0.0,0.0
992,591.26,778.65,55678.2,55327.75,54549.1,99.3617,0.0028,0.0,-778.65,0.0,6.8165,0.0,-778.65,0.0,6.8165,1.0,0.0,0.0,0.0,0.0
993,591.58,774.05,55465.15,55748.5,54974.45,100.5181,-0.0022,0.0,-774.05,0.0,6.8165,0.0,-774.05,0.0,6.8165,1.0,0.0,0.0,0.0,0.0
994,591.89,782.95,54630.85,55090.1,54307.15,100.8529,-0.0037,0.0,-782.95,0.0,6.8165,0.0,-782.95,0.0,6.8165,1.0,0.0,0.0,0.0,0.0
995,592.21,796.45,54397.75,54484.2,53687.75,100.1613,-0.0007,0.0,-796.45,0.0,6.8165,0.0,-796.45,0.0,6.8165,1.0,0.0,0.0,0.0,0.0
996,592.52,803.2,55181.4,55076.35,54273.15,99.8068,0.0008,0.0,-803.2,0.0,6.8165,0.0,-803.2,0.0,6.8165,1.0,0.0,0.0,0.0,0.0
997,592.84,791.4,55027.95,55179.35,54387.95,100.2791,-0.0012,0.0,-791.4,0.0,6.8165,0.0,-791.4,0.0,6.8165,1.0,0.0,0.0,0.0,0.0
998,593.15,781.3,55103.0,55431.85,54650.55,100.6054,-0.0026,0.0,-781.3,0.0,6.8165,0.0,-781.3,0.0,6.8165,1.0,0.0,0.0,0.0,0.0
999,593.47,789.75,55239.1,55521.5,54731.75,100.5186,-0.0022,0.0,-789.75,0.0,6.8165,0.0,-789.75,0.0,6.8165,1.0,0.0,0.0,0.0,0.0
1000,593.79,782.35,54775.9,55290.2,54507.85,100.9525,-0.0041,0.0,-782.35,0.0,6.8165,0.0,-782.35,0.0,6.8165,1.0,0.0,0.0,0.0,0.0
1001,594.1,802.3,54676.35,54725.9,53923.6,100.092,-0.0004,0.0,-802.3,0.0,6.8165,0.0,-802.3,0.0,6.8165,1.0,0.0,0.0,0.0,0.0
1002,594.42,793.1,55309.75,55140.15,54347.05,99.6889,0.0014,0.0,-793.1,0.0,6.8165,0.0,-793.1,0.0,6.8165,1.0,0.0,0.0,0.0,0.0
1003,594.73,795.5,55171.1,55246.15,54450.65,100.138,-0.0006,0.0,-795.5,0.0,6.8165,0.0,-795.5,0.0,6.8165,1.0,0.0,0.0,0.0,0.0
1004,595.05,795.55,55506.7,55222.55,54427.0,99.4806,0.0023,0.0,-795.55,0.0,6.8165,0.0,-795.55,0.0,6.8165,1.0,0.0,0.0,0.0,0.0
1005,595.36,800.0,55898.45,55823.65,55023.65,99.8642,0.0006,0.0,-800.0,0.0,6.8165,0.0,-800.0,0.0,6.8165,1.0,0.0,0.0,0.0,0.0
1006,595.68,794.65,56012.95,55900.65,55106.0,99.7966,0.0009,0.0,-794.65,0.0,6.8165,0.0,-794.65,0.0,6.8165,1.0,0.0,0.0,0.0,0.0
1007,595.99,803.25,55630.5,55323.55,54520.3,99.4402,0.0024,0.0,-803.25,0.0,6.8165,0.0,-803.25,0.0,6.8165,1.0,0.0,0.0,0.0,0.0
1008,596.3,801.7,55205.5,55564.05,54762.35,100.6591,-0.0029,0.0,-801.7,0.0,6.8165,0.0,-801.7,0.0,6.8165,1.0,0.0,0.0,0.0,0.0
1009,596.62,806.4,55820.9,55994.85,55188.45,100.3162,-0.0014,0.0,-806.4,0.0,6.8165,0.0,-806.4,0.0,6.8165,1.0,0.0,0.0,0.0,0.0
1010,596.93,785.0,55898.05,55890.4,55105.4,99.9861,0.0001,0.0,-785.0,0.0,6.8165,0.0,-785.0,0.0,6.8165,1.0,0.0,0.0,0.0,0.0
1011,597.25,794.1,55660.1,56159.15,55365.05,100.9096,-0.0039,0.0,-794.1,0.0,6.8165,0.0,-794.1,0.0,6.8165,1.0,0.0,0.0,0.0,0.0
1012,597.56,791.15,55301.7,55808.85,55017.7,100.9304,-0.004,0.0,-791.15,0.0,6.8165,0.0,-791.15,0.0,6.8165,1.0,0.0,0.0,0.0,0.0
1013,597.88,792.55,55367.3,55509.35,54716.8,100.2603,-0.0011,0.0,-792.55,0.0,6.8165,0.0,-792.55,0.0,6.8165,1.0,0.0,0.0,0.0,0.0
1014,598.19,795.35,55728.4,56157.5,55362.15,100.7811,-0.0034,0.0,-795.35,0.0,6.8165,0.0,-795.35,0.0,6.8165,1.0,0.0,0.0,0.0,0.0
1015,598.5,787.1,55978.95,56282.3,55495.2,100.5496,-0.0024,0.0,-787.1,0.0,6.8165,0.0,-787.1,0.0,6.8165,1.0,0.0,0.0,0.0,0.0
1016,598.82,786.85,56264.4,56197.6,55410.75,99.8796,0.0005,0.0,-786.85,0.0,6.8165,0.0,-786.85,0.0,6.8165,1.0,0.0,0.0,0.0,0.0
1017,599.13,791.4,56077.8,55881.65,55090.25,99.6452,0.0015,0.0,-791.4,0.0,6.8165,0.0,-791.4,0.0,6.8165,1.0,0.0,0.0,0.0,0.0
1018,599.45,794.55,56289.05,56275.55,55481.0,99.9757,0.0001,0.0,-794.55,0.0,6.8165,0.0,-794.55,0.0,6.8165,1.0,0.0,0.0,0.0,0.0
1019,599.76,799.55,55231.6,55356.25,54556.7,100.229,-0.001,0.0,-799.55,0.0,6.8165,0.0,-799.55,0.0,6.8165,1.0,0.0,0.0,0.0,0.0
1020,600.07,794.4,55560.85,55706.9,54912.5,100.2667,-0.0012,0.0,-794.4,0.0,6.8165,0.0,-794.4,0.0,6.8165,1.0,0.0,0.0,0.0,0.0
1021,600.39,791.6,56174.25,56361.05,55569.45,100.3373,-0.0015,0.0,-791.6,0.0,6.8165,0.0,-791.6,0.0,6.8165,1.0,0.0,0.0,0.0,0.0
1022,600.7,798.85,56218.7,56834.0,56035.15,101.1103,-0.0048,0.0,-798.85,0.0,6.8165,0.0,-798.85,0.0,6.8165,1.0,0.0,0.0,0.0,0.0
1023,601.01,796.3,55940.85,56625.0,55828.7,101.2406,-0.0054,0.0,-796.3,0.0,6.8165,0.0,-796.3,0.0,6.8165,1.0,0.0,0.0,0.0,0.0
1024,601.33,790.2,55894.85,55893.4,55103.2,99.9974,0.0,0.0,-790.2,0.0,6.8165,0.0,-790.2,0.0,6.8165,1.0,0.0,0.0,0.0,0.0
1025,601.64,795.75,55574.85,55864.4,55068.65,100.5286,-0.0023,0.0,-795.75,0.0,6.8165,0.0,-795.75,0.0,6.8165,1.0,0.0,0.0,0.0,0.0
1026,601.95,783.3,56039.9,55548.5,54765.2,99.1107,0.0039,0.0,-783.3,0.0,6.8165,0.0,-783.3,0.0,6.8165,1.0,0.0,0.0,0.0,0.0
1027,602.26,787.5,56041.2,55945.0,55157.5,99.8259,0.0008,0.0,-787.5,0.0,6.8165,0.0,-787.5,0.0,6.8165,1.0,0.0,0.0,0.0,0.0
1028,602.58,780.45,56106.05,56077.5,55297.05,99.9484,0.0002,0.0,-780.45,0.0,6.8165,0.0,-780.45,0.0,6.8165,1.0,0.0,0.0,0.0,0.0
1029,602.89,777.3,56489.8,56241.65,55464.35,99.5546,0.0019,0.0,-777.3,0.0,6.8165,0.0,-777.3,0.0,6.8165,1.0,0.0,0.0,0.0,0.0
1030,603.2,802.5,56547.4,56298.2,55495.7,99.553,0.0019,0.0,-802.5,0.0,6.8165,0.0,-802.5,0.0,6.8165,1.0,0.0,0.0,0.0,0.0
1031,603.51,796.6,56221.05,56213.5,55416.9,99.9864,0.0001,0.0,-796.6,0.0,6.8165,0.0,-796.6,0.0,6.8165,1.0,0.0,0.0,0.0,0.0
1032,603.83,804.3,56709.95,56730.4,55926.1,100.0366,-0.0002,0.0,-804.3,0.0,6.8165,0.0,-804.3,0.0,6.8165,1.0,0.0,0.0,0.0,0.0
1033,604.14,793.35,56999.3,56749.9,55956.55,99.5563,0.0019,0.0,-793.35,0.0,6.8165,0.0,-793.35,0.0,6.8165,1.0,0.0,0.0,0.0,0.0
1034,604.45,787.7,56518.1,56515.6,55727.9,99.9955,0.0,0.0,-787.7,0.0,6.8165,0.0,-787.7,0.0,6.8165,1.0,0.0,0.0,0.0,0.0
1035,604.76,789.4,56575.15,56765.15,55975.75,100.3406,-0.0015,0.0,-789.4,0.0,6.8165,0.0,-789.4,0.0,6.8165,1.0,0.0,0.0,0.0,0.0
1036,605.07,800.05,56385.05,56655.65,55855.6,100.4868,-0.0021,0.0,-800.05,0.0,6.8165,0.0,-800.05,0.0,6.8165,1.0,0.0,0.0,0.0,0.0
1037,605.39,790.55,56179.65,56457.15,55666.6,100.501,-0.0022,0.0,-790.55,0.0,6.8165,0.0,-790.55,0.0,6.8165,1.0,0.0,0.0,0.0,0.0
1038,605.7,806.35,56294.35,56426.85,55620.5,100.2388,-0.001,0.0,-806.35,0.0,6.8165,0.0,-806.35,0.0,6.8165,1.0,0.0,0.0,0.0,0.0
1039,606.01,787.6,56394.7,56939.45,56151.85,100.9796,-0.0042,0.0,-787.6,0.0,6.8165,0.0,-787.6,0.0,6.8165,1.0,0.0,0.0,0.0,0.0
1040,606.32,793.7,56543.3,57082.0,56288.3,100.9663,-0.0042,0.0,-793.7,0.0,6.8165,0.0,-793.7,0.0,6.8165,1.0,0.0,0.0,0.0,0.0
1041,606.63,791.35,56122.05,56948.75,56157.4,101.4941,-0.0064,0.0,-791.35,0.0,6.8165,0.0,-791.35,0.0,6.8165,1.0,0.0,0.0,0.0,0.0
1042,606.94,794.0,56199.25,57115.35,56321.35,101.6535,-0.0071,0.0,-794.0,0.0,6.8165,0.0,-794.0,0.0,6.8165,1.0,0.0,0.0,0.0,0.0
1043,607.26,788.7,55964.9,56692.1,55903.4,101.318,-0.0057,0.0,-788.7,0.0,6.8165,0.0,-788.7,0.0,6.8165,1.0,0.0,0.0,0.0,0.0
1044,607.57,808.25,56463.3,56970.5,56162.25,100.9113,-0.0039,0.0,-808.25,0.0,6.8165,0.0,-808.25,0.0,6.8165,1.0,0.0,0.0,0.0,0.0
1045,607.88,790.5,56226.05,56842.45,56051.95,101.1119,-0.0048,0.0,-790.5,0.0,6.8165,0.0,-790.5,0.0,6.8165,1.0,0.0,0.0,0.0,0.0
1046,608.19,798.3,56742.35,57321.15,56522.85,101.0346,-0.0045,0.0,-798.3,0.0,6.8165,0.0,-798.3,0.0,6.8165,1.0,0.0,0.0,0.0,0.0
1047,608.5,798.15,57167.35,57802.8,57004.65,101.1273,-0.0049,0.0,-798.15,0.0,6.8165,0.0,-798.15,0.0,6.8165,1.0,0.0,0.0,0.0,0.0
1048,608.81,786.2,57055.3,57073.7,56287.5,100.0327,-0.0001,0.0,-786.2,0.0,6.8165,0.0,-786.2,0.0,6.8165,1.0,0.0,0.0,0.0,0.0
1049,609.12,791.4,56456.55,57113.85,56322.45,101.1808,-0.0051,0.0,-791.4,0.0,6.8165,0.0,-791.4,0.0,6.8165,1.0,0.0,0.0,0.0,0.0
1050,609.43,788.7,56324.0,57331.15,56542.45,101.8135,-0.0078,0.0,-788.7,0.0,6.8165,0.0,-788.7,0.0,6.8165,1.0,0.0,0.0,0.0,0.0
1051,609.74,783.9,56057.15,56546.2,55762.3,100.8848,-0.0038,0.0,-783.9,0.0,6.8165,0.0,-783.9,0.0,6.8165,1.0,0.0,0.0,0.0,0.0
1052,610.05,794.3,57029.85,57078.1,56283.8,100.0858,-0.0004,0.0,-794.3,0.0,6.8165,0.0,-794.3,0.0,6.8165,1.0,0.0,0.0,0.0,0.0
1053,610.36,789.35,56999.4,57194.25,56404.9,100.3466,-0.0015,0.0,-789.35,0.0,6.8165,0.0,-789.35,0.0,6.8165,1.0,0.0,0.0,0.0,0.0
1054,610.67,775.0,56755.55,57188.45,56413.45,100.7733,-0.0033,0.0,-775.0,0.0,6.8165,0.0,-775.0,0.0,6.8165,1.0,0.0,0.0,0.0,0.0
1055,610.98,786.2,57325.05,57436.45,56650.25,100.197,-0.0009,0.0,-786.2,0.0,6.8165,0.0,-786.2,0.0,6.8165,1.0,0.0,0.0,0.0,0.0
1056,611.29,787.35,57289.65,57089.75,56302.4,99.6462,0.0015,0.0,-787.35,0.0,6.8165,0.0,-787.35,0.0,6.8165,1.0,0.0,0.0,0.0,0.0
1057,611.6,782.5,56903.6,57234.35,56451.85,100.5894,-0.0026,0.0,-782.5,0.0,6.8165,0.0,-782.5,0.0,6.8165,1.0,0.0,0.0,0.0,0.0
1058,611.91,788.35,57161.75,57674.35,56886.0,100.9093,-0.0039,0.0,-788.35,0.0,6.8165,0.0,-788.35,0.0,6.8165,1.0,0.0,0.0,0.0,0.0
1059,612.22,786.4,56803.9,57791.75,57005.35,101.7635,-0.0076,0.0,-786.4,0.0,6.8165,0.0,-786.4,0.0,6.8165,1.0,0.0,0.0,0.0,0.0
1060,612.53,783.75,56602.1,57429.6,56645.85,101.4825,-0.0064,0.0,-783.75,0.0,6.8165,0.0,-783.75,0.0,6.8165,1.0,0.0,0.0,0.0,0.0
1061,612.84,792.15,57147.6,58130.35,57338.2,101.7438,-0.0075,0.0,-792.15,0.0,6.8165,0.0,-792.15,0.0,6.8165,1.0,0.0,0.0,0.0,0.0
1062,613.15,802.2,57434.85,57690.25,56888.05,100.451,-0.002,0.0,-802.2,0.0,6.8165,0.0,-802.2,0.0,6.8165,1.0,0.0,0.0,0.0,0.0
1063,613.46,785.3,57361.15,57283.15,56497.85,99.8621,0.0006,0.0,-785.3,0.0,6.8165,0.0,-785.3,0.0,6.8165,1.0,0.0,0.0,0.0,0.0
1064,613.77,782.05,57341.85,57502.45,56720.4,100.2839,-0.0012,0.0,-782.05,0.0,6.8165,0.0,-782.05,0.0,6.8165,1.0,0.0,0.0,0.0,0.0
1065,614.08,789.0,57274.95,57872.2,57083.2,101.0573,-0.0046,0.0,-789.0,0.0,6.8165,0.0,-789.0,0.0,6.8165,1.0,0.0,0.0,0.0,0.0
1066,614.39,793.35,57057.7,58067.75,57274.4,101.7952,-0.0077,0.0,-793.35,0.0,6.8165,0.0,-793.35,0.0,6.8165,1.0,0.0,0.0,0.0,0.0
1067,614.7,810.2,57016.3,57891.3,57081.1,101.5568,-0.0067,0.0,-810.2,0.0,6.8165,0.0,-810.2,0.0,6.8165,1.0,0.0,0.0,0.0,0.0
1068,615.0,796.35,57794.35,57969.65,57173.3,100.3076,-0.0013,0.0,-796.35,0.0,6.8165,0.0,-796.35,0.0,6.8165,1.0,0.0,0.0,0.0,0.0
1069,615.31,789.0,57685.4,57969.6,57180.6,100.4995,-0.0022,0.0,-789.0,0.0,6.8165,0.0,-789.0,0.0,6.8165,1.0,0.0,0.0,0.0,0.0
1070,615.62,778.2,57446.65,57333.9,56555.7,99.801,0.0009,0.0,-778.2,0.0,6.8165,0.0,-778.2,0.0,6.8165,1.0,0.0,0.0,0.0,0.0
1071,615.93,776.85,57705.05,57344.95,56568.1,99.3674,0.0028,0.0,-776.85,0.0,6.8165,0.0,-776.85,0.0,6.8165,1.0,0.0,0.0,0.0,0.0
1072,616.24,801.25,57597.55,57282.7,56481.45,99.4457,0.0024,0.0,-801.25,0.0,6.8165,0.0,-801.25,0.0,6.8165,1.0,0.0,0.0,0.0,0.0
1073,616.55,798.05,57210.1,57344.65,56546.6,100.2385,-0.001,0.0,-798.05,0.0,6.8165,0.0,-798.05,0.0,6.8165,1.0,0.0,0.0,0.0,0.0
1074,616.86,783.4,57335.35,57381.6,56598.2,100.0818,-0.0004,0.0,-783.4,0.0,6.8165,0.0,-783.4,0.0,6.8165,1.0,0.0,0.0,0.0,0.0
1075,617.16,800.05,57063.55,57096.35,56296.3,100.0583,-0.0003,0.0,-800.05,0.0,6.8165,0.0,-800.05,0.0,6.8165,1.0,0.0,0.0,0.0,0.0
1076,617.47,797.55,56635.75,57209.75,56412.2,101.028,-0.0044,0.0,-797.55,0.0,6.8165,0.0,-797.55,0.0,6.8165,1.0,0.0,0.0,0.0,0.0
1077,617.78,778.7,57264.2,57490.1,56711.4,100.3999,-0.0017,0.0,-778.7,0.0,6.8165,0.0,-778.7,0.0,6.8165,1.0,0.0,0.0,0.0,0.0
1078,618.09,788.25,57253.25,57790.0,57001.75,100.9506,-0.0041,0.0,-788.25,0.0,6.8165,0.0,-788.25,0.0,6.8165,1.0,0.0,0.0,0.0,0.0
1079,618.4,786.4,57278.55,58110.4,57324.0,101.4725,-0.0063,0.0,-786.4,0.0,6.8165,0.0,-786.4,0.0,6.8165,1.0,0.0,0.0,0.0,0.0
1080,618.7,796.45,57484.55,57999.05,57202.6,100.9076,-0.0039,0.0,-796.45,0.0,6.8165,0.0,-796.45,0.0,6.8165,1.0,0.0,0.0,0.0,0.0
1081,619.01,776.35,57533.8,57996.7,57220.35,100.8156,-0.0035,0.0,-776.35,0.0,6.8165,0.0,-776.35,0.0,6.8165,1.0,0.0,0.0,0.0,0.0
1082,619.32,783.0,57788.85,57817.75,57034.75,100.0507,-0.0002,0.0,-783.0,0.0,6.8165,0.0,-783.0,0.0,6.8165,1.0,0.0,0.0,0.0,0.0
1083,619.63,800.05,57571.95,57731.55,56931.5,100.2811,-0.0012,0.0,-800.05,0.0,6.8165,0.0,-800.05,0.0,6.8165,1.0,0.0,0.0,0.0,0.0
1084,619.93,785.6,57540.95,58124.0,57338.4,101.0273,-0.0044,0.0,-785.6,0.0,6.8165,0.0,-785.6,0.0,6.8165,1.0,0.0,0.0,0.0,0.0
1085,620.24,800.9,57842.5,58043.15,57242.25,100.3518,-0.0015,0.0,-800.9,0.0,6.8165,0.0,-800.9,0.0,6.8165,1.0,0.0,0.0,0.0,0.0
1086,620.55,778.8,57694.35,57671.25,56892.45,99.9594,0.0002,0.0,-778.8,0.0,6.8165,0.0,-778.8,0.0,6.8165,1.0,0.0,0.0,0.0,0.0
1087,620.85,789.45,58454.05,57947.0,57157.55,99.1207,0.0038,0.0,-789.45,0.0,6.8165,0.0,-789.45,0.0,6.8165,1.0,0.0,0.0,0.0,0.0
1088,621.16,792.65,58389.9,57773.1,56980.45,98.9291,0.0047,0.0,-792.65,0.0,6.8165,0.0,-792.65,0.0,6.8165,1.0,0.0,0.0,0.0,0.0
1089,621.47,794.9,57811.6,57261.3,56466.4,99.0348,0.0042,0.0,-794.9,0.0,6.8165,0.0,-794.9,0.0,6.8165,1.0,0.0,0.0,0.0,0.0
1090,621.77,797.15,57470.4,57560.45,56763.3,100.1589,-0.0007,0.0,-797.15,0.0,6.8165,0.0,-797.15,0.0,6.8165,1.0,0.0,0.0,0.0,0.0
1091,622.08,795.35,57309.8,57670.6,56875.25,100.6384,-0.0028,0.0,-795.35,0.0,6.8165,0.0,-795.35,0.0,6.8165,1.0,0.0,0.0,0.0,0.0
1092,622.39,797.4,57083.25,56876.95,56079.55,99.6335,0.0016,0.0,-797.4,0.0,6.8165,0.0,-797.4,0.0,6.8165,1.0,0.0,0.0,0.0,0.0
1093,622.69,785.3,57095.55,57662.6,56877.3,101.007,-0.0044,0.0,-785.3,0.0,6.8165,0.0,-785.3,0.0,6.8165,1.0,0.0,0.0,0.0,0.0
1094,623.0,789.65,56817.95,57907.2,57117.55,101.9441,-0.0084,0.0,-789.65,0.0,6.8165,0.0,-789.65,0.0,6.8165,1.0,0.0,0.0,0.0,0.0
1095,623.31,774.45,56694.6,57574.1,56799.65,101.5728,-0.0068,0.0,-774.45,0.0,6.8165,0.0,-774.45,0.0,6.8165,1.0,0.0,0.0,0.0,0.0
1096,623.61,788.3,57073.6,57117.55,56329.25,100.0781,-0.0003,0.0,-788.3,0.0,6.8165,0.0,-788.3,0.0,6.8165,1.0,0.0,0.0,0.0,0.0
1097,623.92,795.8,56810.15,56777.9,55982.1,99.9424,0.0003,0.0,-795.8,0.0,6.8165,0.0,-795.8,0.0,6.8165,1.0,0.0,0.0,0.0,0.0
1098,624.22,788.85,57188.95,57290.25,56501.4,100.1796,-0.0008,0.0,-788.85,0.0,6.8165,0.0,-788.85,0.0,6.8165,1.0,0.0,0.0,0.0,0.0
1099,624.53,776.55,57480.75,57942.95,57166.4,100.8151,-0.0035,0.0,-776.55,0.0,6.8165,0.0,-776.55,0.0,6.8165,1.0,0.0,0.0,0.0,0.0
1100,624.84,778.5,56815.45,57529.75,56751.25,101.2747,-0.0055,0.0,-778.5,0.0,6.8165,0.0,-778.5,0.0,6.8165,1.0,0.0,0.0,0.0,0.0
1101,625.14,787.6,56960.3,57399.9,56612.3,100.7826,-0.0034,0.0,-787.6,0.0,6.8165,0.0,-787.6,0.0,6.8165,1.0,0.0,0.0,0.0,0.0
1102,625.45,783.2,56584.35,57000.25,56217.05,100.7453,-0.0032,0.0,-783.2,0.0,6.8165,0.0,-783.2,0.0,6.8165,1.0,0.0,0.0,0.0,0.0
1103,625.75,787.75,56342.35,56737.95,55950.2,100.7121,-0.0031,0.0,-787.75,0.0,6.8165,0.0,-787.75,0.0,6.8165,1.0,0.0,0.0,0.0,0.0
1104,626.06,802.55,56577.45,57370.4,56567.85,101.4217,-0.0061,0.0,-802.55,0.0,6.8165,0.0,-802.55,0.0,6.8165,1.0,0.0,0.0,0.0,0.0
1105,626.36,796.75,56563.15,57060.2,56263.45,100.8913,-0.0039,0.0,-796.75,0.0,6.8165,0.0,-796.75,0.0,6.8165,1.0,0.0,0.0,0.0,0.0
1106,626.67,778.2,56998.65,57170.95,56392.75,100.3065,-0.0013,0.0,-778.2,0.0,6.8165,0.0,-778.2,0.0,6.8165,1.0,0.0,0.0,0.0,0.0
1107,626.97,789.4,56984.3,57257.55,56468.15,100.4863,-0.0021,0.0,-789.4,0.0,6.8165,0.0,-789.4,0.0,6.8165,1.0,0.0,0.0,0.0,0.0
1108,627.28,801.65,56415.25,56898.9,56097.25,100.8697,-0.0038,0.0,-801.65,0.0,6.8165,0.0,-801.65,0.0,6.8165,1.0,0.0,0.0,0.0,0.0
1109,627.58,798.2,56214.85,56567.5,55769.3,100.6364,-0.0028,0.0,-798.2,0.0,6.8165,0.0,-798.2,0.0,6.8165,1.0,0.0,0.0,0.0,0.0
1110,627.89,790.0,55423.15,55931.45,55141.45,100.9304,-0.004,0.0,-790.0,0.0,6.8165,0.0,-790.0,0.0,6.8165,1.0,0.0,0.0,0.0,0.0
1111,628.19,797.9,55540.25,55969.15,55171.25,100.7835,-0.0034,0.0,-797.9,0.0,6.8165,0.0,-797.9,0.0,6.8165,1.0,0.0,0.0,0.0,0.0
1112,628.5,783.75,56629.05,56632.35,55848.6,100.0059,-0.0,0.0,-783.75,0.0,6.8165,0.0,-783.75,0.0,6.8165,1.0,0.0,0.0,0.0,0.0
1113,628.8,776.8,56417.8,56489.7,55712.9,100.1292,-0.0006,0.0,-776.8,0.0,6.8165,0.0,-776.8,0.0,6.8165,1.0,0.0,0.0,0.0,0.0
1114,629.11,790.65,56301.15,56224.25,55433.6,99.8615,0.0006,0.0,-790.65,0.0,6.8165,0.0,-790.65,0.0,6.8165,1.0,0.0,0.0,0.0,0.0
1115,629.41,778.0,56235.4,56458.5,55680.5,100.4023,-0.0017,0.0,-778.0,0.0,6.8165,0.0,-778.0,0.0,6.8165,1.0,0.0,0.0,0.0,0.0
1116,629.71,792.75,55640.8,55758.7,54965.95,100.215,-0.0009,0.0,-792.75,0.0,6.8165,0.0,-792.75,0.0,6.8165,1.0,0.0,0.0,0.0,0.0
1117,630.02,777.5,54878.85,55016.25,54238.75,100.254,-0.0011,0.0,-777.5,0.0,6.8165,0.0,-777.5,0.0,6.8165,1.0,0.0,0.0,0.0,0.0
1118,630.32,787.35,55193.5,55334.2,54546.85,100.2586,-0.0011,0.0,-787.35,0.0,6.8165,0.0,-787.35,0.0,6.8165,1.0,0.0,0.0,0.0,0.0
1119,630.63,779.75,56133.3,55788.7,55008.95,99.3775,0.0027,0.0,-779.75,0.0,6.8165,0.0,-779.75,0.0,6.8165,1.0,0.0,0.0,0.0,0.0
1120,630.93,789.35,56832.25,56601.3,55811.95,99.5879,0.0018,0.0,-789.35,0.0,6.8165,0.0,-789.35,0.0,6.8165,1.0,0.0,0.0,0.0,0.0
1121,631.23,801.3,55957.15,55890.75,55089.45,99.8796,0.0005,0.0,-801.3,0.0,6.8165,0.0,-801.3,0.0,6.8165,1.0,0.0,0.0,0.0,0.0
1122,631.54,803.5,55703.85,55632.8,54829.3,99.8706,0.0006,0.0,-803.5,0.0,6.8165,0.0,-803.5,0.0,6.8165,1.0,0.0,0.0,0.0,0.0
1123,631.84,790.65,55497.65,55443.9,54653.25,99.9017,0.0004,0.0,-790.65,0.0,6.8165,0.0,-790.65,0.0,6.8165,1.0,0.0,0.0,0.0,0.0
1124,632.14,783.15,55029.15,55368.5,54585.35,100.6256,-0.0027,0.0,-783.15,0.0,6.8165,0.0,-783.15,0.0,6.8165,1.0,0.0,0.0,0.0,0.0
1125,632.45,783.4,55092.85,55074.75,54291.35,99.9667,0.0001,0.0,-783.4,0.0,6.8165,0.0,-783.4,0.0,6.8165,1.0,0.0,0.0,0.0,0.0
1126,632.75,799.2,56024.95,56076.05,55276.85,100.0925,-0.0004,0.0,-799.2,0.0,6.8165,0.0,-799.2,0.0,6.8165,1.0,0.0,0.0,0.0,0.0
1127,633.05,774.75,55636.7,56422.3,55647.55,101.432,-0.0062,0.0,-774.75,0.0,6.8165,0.0,-774.75,0.0,6.8165,1.0,0.0,0.0,0.0,0.0
1128,633.36,794.45,55822.75,56369.4,55574.95,100.9934,-0.0043,0.0,-794.45,0.0,6.8165,0.0,-794.45,0.0,6.8165,1.0,0.0,0.0,0.0,0.0
1129,633.66,778.15,55493.35,55724.15,54946.0,100.4218,-0.0018,0.0,-778.15,0.0,6.8165,0.0,-778.15,0.0,6.8165,1.0,0.0,0.0,0.0,0.0
1130,633.96,787.05,55369.4,55251.9,54464.85,99.7847,0.0009,0.0,-787.05,0.0,6.8165,0.0,-787.05,0.0,6.8165,1.0,0.0,0.0,0.0,0.0
1131,634.27,790.0,55252.1,55292.45,54502.45,100.0741,-0.0003,0.0,-790.0,0.0,6.8165,0.0,-790.0,0.0,6.8165,1.0,0.0,0.0,0.0,0.0
1132,634.57,784.65,55256.15,55934.35,55149.7,101.2451,-0.0054,0.0,-784.65,0.0,6.8165,0.0,-784.65,0.0,6.8165,1.0,0.0,0.0,0.0,0.0
1133,634.87,790.9,54838.6,56005.35,55214.45,102.1587,-0.0093,0.0,-790.9,0.0,6.8165,0.0,-790.9,0.0,6.8165,1.0,0.0,0.0,0.0,0.0
1134,635.17,780.3,54608.5,55543.95,54763.65,101.7378,-0.0075,0.0,-780.3,0.0,6.8165,0.0,-780.3,0.0,6.8165,1.0,0.0,0.0,0.0,0.0
1135,635.48,782.1,54721.15,54960.3,54178.2,100.4434,-0.0019,0.0,-782.1,0.0,6.8165,0.0,-782.1,0.0,6.8165,1.0,0.0,0.0,0.0,0.0
1136,635.78,782.05,54950.5,55582.45,54800.4,101.1666,-0.005,0.0,-782.05,0.0,6.8165,0.0,-782.05,0.0,6.8165,1.0,0.0,0.0,0.0,0.0
1137,636.08,796.3,54433.35,54854.25,54057.95,100.7847,-0.0034,0.0,-796.3,0.0,6.8165,0.0,-796.3,0.0,6.8165,1.0,0.0,0.0,0.0,0.0
1138,636.38,791.35,54089.95,54514.65,53723.3,100.7968,-0.0034,0.0,-791.35,0.0,6.8165,0.0,-791.35,0.0,6.8165,1.0,0.0,0.0,0.0,0.0
1139,636.68,782.35,53803.25,54313.7,53531.35,100.9627,-0.0042,0.0,-782.35,0.0,6.8165,0.0,-782.35,0.0,6.8165,1.0,0.0,0.0,0.0,0.0
1140,636.99,783.25,53942.35,54570.7,53787.45,101.182,-0.0051,0.0,-783.25,0.0,6.8165,0.0,-783.25,0.0,6.8165,1.0,0.0,0.0,0.0,0.0
1141,637.29,801.35,54095.1,54737.05,53935.7,101.2046,-0.0052,0.0,-801.35,0.0,6.8165,0.0,-801.35,0.0,6.8165,1.0,0.0,0.0,0.0,0.0
1142,637.59,800.2,54681.85,55603.65,54803.45,101.7108,-0.0074,0.0,-800.2,0.0,6.8165,0.0,-800.2,0.0,6.8165,1.0,0.0,0.0,0.0,0.0
1143,637.89,775.75,54825.65,55697.55,54921.8,101.6131,-0.0069,0.0,-775.75,0.0,6.8165,0.0,-775.75,0.0,6.8165,1.0,0.0,0.0,0.0,0.0
1144,638.19,785.2,54898.3,55800.25,55015.05,101.6668,-0.0072,0.0,-785.2,0.0,6.8165,0.0,-785.2,0.0,6.8165,1.0,0.0,0.0,0.0,0.0
1145,638.49,799.25,54169.5,54740.8,53941.55,101.0704,-0.0046,0.0,-799.25,0.0,6.8165,0.0,-799.25,0.0,6.8165,1.0,0.0,0.0,0.0,0.0
1146,638.8,794.9,54311.15,54450.05,53655.15,100.2595,-0.0011,0.0,-794.9,0.0,6.8165,0.0,-794.9,0.0,6.8165,1.0,0.0,0.0,0.0,0.0
1147,639.1,788.25,54009.9,54527.35,53739.1,100.9723,-0.0042,0.0,-788.25,0.0,6.8165,0.0,-788.25,0.0,6.8165,1.0,0.0,0.0,0.0,0.0
1148,639.4,786.85,53534.3,54422.8,53635.95,101.6844,-0.0073,0.0,-786.85,0.0,6.8165,0.0,-786.85,0.0,6.8165,1.0,0.0,0.0,0.0,0.0
1149,639.7,782.35,53509.15,54210.7,53428.35,101.3305,-0.0057,0.0,-782.35,0.0,6.8165,0.0,-782.35,0.0,6.8165,1.0,0.0,0.0,0.0,0.0
1150,640.0,784.25,54325.8,54415.8,53631.55,100.1681,-0.0007,0.0,-784.25,0.0,6.8165,0.0,-784.25,0.0,6.8165,1.0,0.0,0.0,0.0,0.0
1151,640.3,787.8,54288.35,54809.6,54021.8,100.9743,-0.0042,0.0,-787.8,0.0,6.8165,0.0,-787.8,0.0,6.8165,1.0,0.0,0.0,0.0,0.0
1152,640.6,796.0,53991.85,54648.6,53852.6,101.2346,-0.0053,0.0,-796.0,0.0,6.8165,0.0,-796.0,0.0,6.8165,1.0,0.0,0.0,0.0,0.0
1153,640.9,788.25,54535.0,54853.85,54065.6,100.5932,-0.0026,0.0,-788.25,0.0,6.8165,0.0,-788.25,0.0,6.8165,1.0,0.0,0.0,0.0,0.0
1154,641.2,783.05,53960.8,54246.6,53463.55,100.5374,-0.0023,0.0,-783.05,0.0,6.8165,0.0,-783.05,0.0,6.8165,1.0,0.0,0.0,0.0,0.0
1155,641.5,791.65,53632.55,54183.5,53391.85,101.0427,-0.0045,0.0,-791.65,0.0,6.8165,0.0,-791.65,0.0,6.8165,1.0,0.0,0.0,0.0,0.0
1156,641.8,793.2,53285.75,53767.3,52974.1,100.9174,-0.004,0.0,-793.2,0.0,6.8165,0.0,-793.2,0.0,6.8165,1.0,0.0,0.0,0.0,0.0
1157,642.1,804.1,53681.15,54129.8,53325.7,100.8485,-0.0037,0.0,-804.1,0.0,6.8165,0.0,-804.1,0.0,6.8165,1.0,0.0,0.0,0.0,0.0
1158,642.4,783.35,53329.55,54274.45,53491.1,101.7982,-0.0077,0.0,-783.35,0.0,6.8165,0.0,-783.35,0.0,6.8165,1.0,0.0,0.0,0.0,0.0
1159,642.7,786.45,53692.7,54234.8,53448.35,101.0246,-0.0044,0.0,-786.45,0.0,6.8165,0.0,-786.45,0.0,6.8165,1.0,0.0,0.0,0.0,0.0
1160,643.0,793.95,53214.15,53544.9,52750.95,100.631,-0.0027,0.0,-793.95,0.0,6.8165,0.0,-793.95,0.0,6.8165,1.0,0.0,0.0,0.0,0.0
1161,643.3,797.35,52627.5,53163.55,52366.2,101.0342,-0.0045,0.0,-797.35,0.0,6.8165,0.0,-797.35,0.0,6.8165,1.0,0.0,0.0,0.0,0.0
1162,643.6,784.9,53028.6,53780.85,52995.95,101.4399,-0.0062,0.0,-784.9,0.0,6.8165,0.0,-784.9,0.0,6.8165,1.0,0.0,0.0,0.0,0.0
1163,643.9,793.8,53474.15,53906.5,53112.7,100.8207,-0.0035,0.0,-793.8,0.0,6.8165,0.0,-793.8,0.0,6.8165,1.0,0.0,0.0,0.0,0.0
1164,644.2,788.8,53976.75,54371.1,53582.3,100.7414,-0.0032,0.0,-788.8,0.0,6.8165,0.0,-788.8,0.0,6.8165,1.0,0.0,0.0,0.0,0.0
1165,644.5,794.3,53448.05,53683.95,52889.65,100.448,-0.0019,0.0,-794.3,0.0,6.8165,0.0,-794.3,0.0,6.8165,1.0,0.0,0.0,0.0,0.0
1166,644.8,780.65,52871.75,53801.3,53020.65,101.7845,-0.0077,0.0,-780.65,0.0,6.8165,0.0,-780.65,0.0,6.8165,1.0,0.0,0.0,0.0,0.0
1167,645.1,786.85,52919.6,53568.6,52781.75,101.2449,-0.0054,0.0,-786.85,0.0,6.8165,0.0,-786.85,0.0,6.8165,1.0,0.0,0.0,0.0,0.0
1168,645.4,790.45,52022.25,52728.65,51938.2,101.3788,-0.0059,0.0,-790.45,0.0,6.8165,0.0,-790.45,0.0,6.8165,1.0,0.0,0.0,0.0,0.0
1169,645.7,784.35,52203.75,52605.65,51821.3,100.7816,-0.0034,0.0,-784.35,0.0,6.8165,0.0,-784.35,0.0,6.8165,1.0,0.0,0.0,0.0,0.0
1170,646.0,774.0,52268.75,52550.05,51776.05,100.5463,-0.0024,0.0,-774.0,0.0,6.8165,0.0,-774.0,0.0,6.8165,1.0,0.0,0.0,0.0,0.0
1171,646.3,784.4,52825.6,53700.75,52916.35,101.6816,-0.0072,0.0,-784.4,0.0,6.8165,0.0,-784.4,0.0,6.8165,1.0,0.0,0.0,0.0,0.0
1172,646.59,787.55,53242.85,54166.05,53378.5,101.76,-0.0076,0.0,-787.55,0.0,6.8165,0.0,-787.55,0.0,6.8165,1.0,0.0,0.0,0.0,0.0
1173,646.89,778.5,53677.25,54676.3,53897.8,101.8886,-0.0081,0.0,-778.5,0.0,6.8165,0.0,-778.5,0.0,6.8165,1.0,0.0,0.0,0.0,0.0
1174,647.19,795.8,53506.3,54446.25,53650.45,101.7832,-0.0077,0.0,-795.8,0.0,6.8165,0.0,-795.8,0.0,6.8165,1.0,0.0,0.0,0.0,0.0
1175,647.49,795.9,53067.2,53640.7,52844.8,101.0972,-0.0047,0.0,-795.9,0.0,6.8165,0.0,-795.9,0.0,6.8165,1.0,0.0,0.0,0.0,0.0
1176,647.79,778.0,53106.9,53594.1,52816.1,100.931,-0.004,0.0,-778.0,0.0,6.8165,0.0,-778.0,0.0,6.8165,1.0,0.0,0.0,0.0,0.0
1177,648.09,784.45,52035.4,53078.8,52294.35,102.0359,-0.0088,0.0,-784.45,0.0,6.8165,0.0,-784.45,0.0,6.8165,1.0,0.0,0.0,0.0,0.0
1178,648.39,780.35,52574.9,53447.0,52666.65,101.6838,-0.0073,0.0,-780.35,0.0,6.8165,0.0,-780.35,0.0,6.8165,1.0,0.0,0.0,0.0,0.0
1179,648.68,792.15,53358.55,53786.25,52994.1,100.8136,-0.0035,0.0,-792.15,0.0,6.8165,0.0,-792.15,0.0,6.8165,1.0,0.0,0.0,0.0,0.0
1180,648.98,810.95,53140.8,53624.25,52813.3,100.9239,-0.004,0.0,-810.95,0.0,6.8165,0.0,-810.95,0.0,6.8165,1.0,0.0,0.0,0.0,0.0
1181,649.28,791.9,53661.9,54307.9,53516.0,101.2219,-0.0053,0.0,-791.9,0.0,6.8165,0.0,-791.9,0.0,6.8165,1.0,0.0,0.0,0.0,0.0
1182,649.58,775.2,53391.05,53860.05,53084.85,100.8914,-0.0039,0.0,-775.2,0.0,6.8165,0.0,-775.2,0.0,6.8165,1.0,0.0,0.0,0.0,0.0
1183,649.87,779.7,52411.1,52970.85,52191.15,101.0841,-0.0047,0.0,-779.7,0.0,6.8165,0.0,-779.7,0.0,6.8165,1.0,0.0,0.0,0.0,0.0
1184,650.17,788.1,52025.5,52826.75,52038.65,101.5638,-0.0067,0.0,-788.1,0.0,6.8165,0.0,-788.1,0.0,6.8165,1.0,0.0,0.0,0.0,0.0
1185,650.47,786.45,52236.1,52820.1,52033.65,101.1351,-0.0049,0.0,-786.45,0.0,6.8165,0.0,-786.45,0.0,6.8165,1.0,0.0,0.0,0.0,0.0
1186,650.77,777.05,52216.25,52824.75,52047.7,101.1829,-0.0051,0.0,-777.05,0.0,6.8165,0.0,-777.05,0.0,6.8165,1.0,0.0,0.0,0.0,0.0
1187,651.06,796.5,52465.25,53233.8,52437.3,101.4875,-0.0064,0.0,-796.5,0.0,6.8165,0.0,-796.5,0.0,6.8165,1.0,0.0,0.0,0.0,0.0
1188,651.36,802.2,52119.55,52951.95,52149.75,101.6221,-0.007,0.0,-802.2,0.0,6.8165,0.0,-802.2,0.0,6.8165,1.0,0.0,0.0,0.0,0.0
1189,651.66,777.8,52669.7,52901.75,52123.95,100.4472,-0.0019,0.0,-777.8,0.0,6.8165,0.0,-777.8,0.0,6.8165,1.0,0.0,0.0,0.0,0.0
1190,651.96,786.3,52936.65,52968.25,52181.95,100.0606,-0.0003,0.0,-786.3,0.0,6.8165,0.0,-786.3,0.0,6.8165,1.0,0.0,0.0,0.0,0.0
1191,652.25,791.0,52418.65,52508.1,51717.1,100.1733,-0.0008,0.0,-791.0,0.0,6.8165,0.0,-791.0,0.0,6.8165,1.0,0.0,0.0,0.0,0.0
1192,652.55,793.0,51909.35,52270.3,51477.3,100.7061,-0.0031,0.0,-793.0,0.0,6.8165,0.0,-793.0,0.0,6.8165,1.0,0.0,0.0,0.0,0.0
1193,652.85,783.35,51316.2,52205.8,51422.45,101.7604,-0.0076,0.0,-783.35,0.0,6.8165,0.0,-783.35,0.0,6.8165,1.0,0.0,0.0,0.0,0.0
1194,653.14,791.35,50520.55,51454.35,50663.0,101.8778,-0.0081,0.0,-791.35,0.0,6.8165,0.0,-791.35,0.0,6.8165,1.0,0.0,0.0,0.0,0.0
1195,653.44,795.1,50560.85,51364.75,50569.65,101.6154,-0.007,0.0,-795.1,0.0,6.8165,0.0,-795.1,0.0,6.8165,1.0,0.0,0.0,0.0,0.0
1196,653.74,787.05,50583.4,51344.5,50557.45,101.5284,-0.0066,0.0,-787.05,0.0,6.8165,0.0,-787.05,0.0,6.8165,1.0,0.0,0.0,0.0,0.0
1197,654.03,781.85,51512.5,51673.1,50891.25,100.3166,-0.0014,0.0,-781.85,0.0,6.8165,0.0,-781.85,0.0,6.8165,1.0,0.0,0.0,0.0,0.0
1198,654.33,792.45,51424.3,51899.7,51107.25,100.9389,-0.0041,0.0,-792.45,0.0,6.8165,0.0,-792.45,0.0,6.8165,1.0,0.0,0.0,0.0,0.0
1199,654.62,780.9,50842.95,51683.1,50902.2,101.6782,-0.0072,0.0,-780.9,0.0,6.8165,0.0,-780.9,0.0,6.8165,1.0,0.0,0.0,0.0,0.0
1200,654.92,779.65,50684.4,51496.95,50717.3,101.6282,-0.007,0.0,-779.65,0.0,6.8165,0.0,-779.65,0.0,6.8165,1.0,0.0,0.0,0.0,0.0
1201,655.22,787.2,49384.65,51000.2,50213.0,103.3244,-0.0142,0.0,-787.2,0.0,6.8165,0.0,-787.2,0.0,6.8165,1.0,0.0,0.0,0.0,0.0
1202,655.51,798.7,49650.5,51042.95,50244.25,102.8504,-0.0122,0.0,-798.7,0.0,6.8165,0.0,-798.7,0.0,6.8165,1.0,0.0,0.0,0.0,0.0
1203,655.81,781.75,49234.2,50390.45,49608.7,102.3864,-0.0102,0.0,-781.75,0.0,6.8165,0.0,-781.75,0.0,6.8165,1.0,0.0,0.0,0.0,0.0
1204,656.1,792.4,49643.5,50039.75,49247.35,100.8111,-0.0035,0.0,-792.4,0.0,6.8165,0.0,-792.4,0.0,6.8165,1.0,0.0,0.0,0.0,0.0
1205,656.4,803.15,49906.25,49746.2,48943.05,99.6741,0.0014,0.0,-803.15,0.0,6.8165,0.0,-803.15,0.0,6.8165,1.0,0.0,0.0,0.0,0.0
1206,656.69,789.7,50388.15,50874.9,50085.2,100.9814,-0.0042,0.0,-789.7,0.0,6.8165,0.0,-789.7,0.0,6.8165,1.0,0.0,0.0,0.0,0.0
1207,656.99,787.85,50248.75,51206.65,50418.8,101.9367,-0.0083,0.0,-787.85,0.0,6.8165,0.0,-787.85,0.0,6.8165,1.0,0.0,0.0,0.0,0.0
1208,657.29,782.75,50214.25,51207.35,50424.6,102.009,-0.0086,0.0,-782.75,0.0,6.8165,0.0,-782.75,0.0,6.8165,1.0,0.0,0.0,0.0,0.0
1209,657.58,783.25,49971.55,50436.1,49652.85,100.9444,-0.0041,0.0,-783.25,0.0,6.8165,0.0,-783.25,0.0,6.8165,1.0,0.0,0.0,0.0,0.0
1210,657.88,803.35,50127.3,50470.55,49667.2,100.6959,-0.003,0.0,-803.35,0.0,6.8165,0.0,-803.35,0.0,6.8165,1.0,0.0,0.0,0.0,0.0
1211,658.17,787.7,49475.5,49940.15,49152.45,100.9543,-0.0041,0.0,-787.7,0.0,6.8165,0.0,-787.7,0.0,6.8165,1.0,0.0,0.0,0.0,0.0
1212,658.47,779.0,49332.15,49877.8,49098.8,101.1238,-0.0049,0.0,-779.0,0.0,6.8165,0.0,-779.0,0.0,6.8165,1.0,0.0,0.0,0.0,0.0
1213,658.76,801.1,49336.35,50012.35,49211.25,101.3928,-0.006,0.0,-801.1,0.0,6.8165,0.0,-801.1,0.0,6.8165,1.0,0.0,0.0,0.0,0.0
1214,659.05,797.5,49568.25,50268.85,49471.35,101.4365,-0.0062,0.0,-797.5,0.0,6.8165,0.0,-797.5,0.0,6.8165,1.0,0.0,0.0,0.0,0.0
1215,659.35,792.25,49910.65,50510.25,49718.0,101.2207,-0.0053,0.0,-792.25,0.0,6.8165,0.0,-792.25,0.0,6.8165,1.0,0.0,0.0,0.0,0.0
1216,659.64,805.5,49497.6,50290.25,49484.75,101.6279,-0.007,0.0,-805.5,0.0,6.8165,0.0,-805.5,0.0,6.8165,1.0,0.0,0.0,0.0,0.0
1217,659.94,786.75,49581.8,50891.55,50104.8,102.6842,-0.0115,0.0,-786.75,0.0,6.8165,0.0,-786.75,0.0,6.8165,1.0,0.0,0.0,0.0,0.0
1218,660.23,785.4,49267.0,50727.35,49941.95,103.0122,-0.0129,0.0,-785.4,0.0,6.8165,0.0,-785.4,0.0,6.8165,1.0,0.0,0.0,0.0,0.0
1219,660.53,778.65,48573.7,49760.0,48981.35,102.4821,-0.0106,0.0,-778.65,0.0,6.8165,0.0,-778.65,0.0,6.8165,1.0,0.0,0.0,0.0,0.0
1220,660.82,796.5,48932.55,49507.8,48711.3,101.1951,-0.0052,0.0,-796.5,0.0,6.8165,0.0,-796.5,0.0,6.8165,1.0,0.0,0.0,0.0,0.0
1221,661.11,804.0,49141.4,49764.75,48960.75,101.2896,-0.0056,0.0,-804.0,0.0,6.8165,0.0,-804.0,0.0,6.8165,1.0,0.0,0.0,0.0,0.0
1222,661.41,789.05,49546.55,49890.35,49101.3,100.7051,-0.0031,0.0,-789.05,0.0,6.8165,0.0,-789.05,0.0,6.8165,1.0,0.0,0.0,0.0,0.0
1223,661.7,786.55,49820.95,49856.8,49070.25,100.0731,-0.0003,0.0,-786.55,0.0,6.8165,0.0,-786.55,0.0,6.8165,1.0,0.0,0.0,0.0,0.0
1224,662.0,788.8,49648.2,50309.1,49520.3,101.3527,-0.0058,0.0,-788.8,0.0,6.8165,0.0,-788.8,0.0,6.8165,1.0,0.0,0.0,0.0,0.0
1225,662.29,793.15,49512.1,50720.8,49927.65,102.481,-0.0106,0.0,-793.15,0.0,6.8165,0.0,-793.15,0.0,6.8165,1.0,0.0,0.0,0.0,0.0
1226,662.58,802.4,49084.4,50485.5,49683.1,102.9019,-0.0124,0.0,-802.4,0.0,6.8165,0.0,-802.4,0.0,6.8165,1.0,0.0,0.0,0.0,0.0
1227,662.88,784.35,48439.0,49455.45,48671.1,102.133,-0.0092,0.0,-784.35,0.0,6.8165,0.0,-784.35,0.0,6.8165,1.0,0.0,0.0,0.0,0.0
1228,663.17,790.75,48375.5,49296.35,48505.6,101.9352,-0.0083,0.0,-790.75,0.0,6.8165,0.0,-790.75,0.0,6.8165,1.0,0.0,0.0,0.0,0.0
1229,663.46,777.9,48993.8,49716.65,48938.75,101.4992,-0.0065,0.0,-777.9,0.0,6.8165,0.0,-777.9,0.0,6.8165,1.0,0.0,0.0,0.0,0.0
1230,663.76,784.75,48612.3,48888.85,48104.1,100.5782,-0.0025,0.0,-784.75,0.0,6.8165,0.0,-784.75,0.0,6.8165,1.0,0.0,0.0,0.0,0.0
1231,664.05,775.65,48862.55,49533.45,48757.8,101.3952,-0.006,0.0,-775.65,0.0,6.8165,0.0,-775.65,0.0,6.8165,1.0,0.0,0.0,0.0,0.0
1232,664.34,777.25,48956.0,49638.35,48861.1,101.4163,-0.0061,0.0,-777.25,0.0,6.8165,0.0,-777.25,0.0,6.8165,1.0,0.0,0.0,0.0,0.0
1233,664.64,795.9,49325.85,49979.75,49183.85,101.3474,-0.0058,0.0,-795.9,0.0,6.8165,0.0,-795.9,0.0,6.8165,1.0,0.0,0.0,0.0,0.0
1234,664.93,790.0,49418.45,49986.65,49196.65,101.1685,-0.005,0.0,-790.0,0.0,6.8165,0.0,-790.0,0.0,6.8165,1.0,0.0,0.0,0.0,0.0
1235,665.22,797.1,48406.95,48962.05,48164.95,101.1659,-0.005,0.0,-797.1,0.0,6.8165,0.0,-797.1,0.0,6.8165,1.0,0.0,0.0,0.0,0.0
1236,665.51,794.4,48509.55,48892.15,48097.75,100.8018,-0.0035,0.0,-794.4,0.0,6.8165,0.0,-794.4,0.0,6.8165,1.0,0.0,0.0,0.0,0.0
1237,665.81,780.2,48318.4,49149.95,48369.75,101.7492,-0.0075,0.0,-780.2,0.0,6.8165,0.0,-780.2,0.0,6.8165,1.0,0.0,0.0,0.0,0.0
1238,666.1,779.95,48218.6,49141.0,48361.05,101.9444,-0.0084,0.0,-779.95,0.0,6.8165,0.0,-779.95,0.0,6.8165,1.0,0.0,0.0,0.0,0.0
1239,666.39,794.05,48671.25,48942.15,48148.1,100.5658,-0.0025,0.0,-794.05,0.0,6.8165,0.0,-794.05,0.0,6.8165,1.0,0.0,0.0,0.0,0.0
1240,666.68,781.6,49748.9,49529.1,48747.5,99.5511,0.002,0.0,-781.6,0.0,6.8165,0.0,-781.6,0.0,6.8165,1.0,0.0,0.0,0.0,0.0
1241,666.97,795.8,49798.8,50123.65,49327.85,100.6629,-0.0029,0.0,-795.8,0.0,6.8165,0.0,-795.8,0.0,6.8165,1.0,0.0,0.0,0.0,0.0
1242,667.27,787.8,48734.85,49643.75,48855.95,101.8956,-0.0082,0.0,-787.8,0.0,6.8165,0.0,-787.8,0.0,6.8165,1.0,0.0,0.0,0.0,0.0
1243,667.56,792.25,48369.25,49147.95,48355.7,101.6367,-0.0071,0.0,-792.25,0.0,6.8165,0.0,-792.25,0.0,6.8165,1.0,0.0,0.0,0.0,0.0
1244,667.85,791.75,48366.75,48929.05,48137.3,101.1819,-0.0051,0.0,-791.75,0.0,6.8165,0.0,-791.75,0.0,6.8165,1.0,0.0,0.0,0.0,0.0
1245,668.14,801.15,48712.45,48591.9,47790.75,99.7484,0.0011,0.0,-801.15,0.0,6.8165,0.0,-801.15,0.0,6.8165,1.0,0.0,0.0,0.0,0.0
1246,668.43,795.95,48529.45,48317.3,47521.35,99.5556,0.0019,0.0,-795.95,0.0,6.8165,0.0,-795.95,0.0,6.8165,1.0,0.0,0.0,0.0,0.0
1247,668.72,798.5,48323.55,48743.9,47945.4,100.8845,-0.0038,0.0,-798.5,0.0,6.8165,0.0,-798.5,0.0,6.8165,1.0,0.0,0.0,0.0,0.0
1248,669.02,794.35,48625.65,49783.05,48988.7,102.4198,-0.0104,0.0,-794.35,0.0,6.8165,0.0,-794.35,0.0,6.8165,1.0,0.0,0.0,0.0,0.0
1249,669.31,785.9,49038.25,50198.3,49412.4,102.4041,-0.0103,0.0,-785.9,0.0,6.8165,0.0,-785.9,0.0,6.8165,1.0,0.0,0.0,0.0,0.0
1250,669.6,794.5,48667.35,49824.35,49029.85,102.4168,-0.0104,0.0,-794.5,0.0,6.8165,0.0,-794.5,0.0,6.8165,1.0,0.0,0.0,0.0,0.0
1251,669.89,784.8,48047.3,49194.3,48409.5,102.4269,-0.0104,0.0,-784.8,0.0,6.8165,0.0,-784.8,0.0,6.8165,1.0,0.0,0.0,0.0,0.0
1252,670.18,781.9,48056.2,49154.7,48372.8,102.3237,-0.01,0.0,-781.9,0.0,6.8165,0.0,-781.9,0.0,6.8165,1.0,0.0,0.0,0.0,0.0
1253,670.47,788.85,47752.25,48575.5,47786.65,101.753,-0.0075,0.0,-788.85,0.0,6.8165,0.0,-788.85,0.0,6.8165,1.0,0.0,0.0,0.0,0.0
1254,670.76,775.6,47667.0,48468.75,47693.15,101.7098,-0.0074,0.0,-775.6,0.0,6.8165,0.0,-775.6,0.0,6.8165,1.0,0.0,0.0,0.0,0.0
1255,671.05,787.1,47798.75,48286.4,47499.3,101.0373,-0.0045,0.0,-787.1,0.0,6.8165,0.0,-787.1,0.0,6.8165,1.0,0.0,0.0,0.0,0.0
1256,671.34,784.4,48336.65,48901.7,48117.3,101.1883,-0.0051,0.0,-784.4,0.0,6.8165,0.0,-784.4,0.0,6.8165,1.0,0.0,0.0,0.0,0.0
1257,671.63,794.15,48514.55,49105.25,48311.1,101.2378,-0.0053,0.0,-794.15,0.0,6.8165,0.0,-794.15,0.0,6.8165,1.0,0.0,0.0,0.0,0.0
1258,671.92,783.05,48270.8,48673.1,47890.05,100.8472,-0.0037,0.0,-783.05,0.0,6.8165,0.0,-783.05,0.0,6.8165,1.0,0.0,0.0,0.0,0.0
1259,672.21,783.85,48011.1,48775.75,47991.9,101.6191,-0.007,0.0,-783.85,0.0,6.8165,0.0,-783.85,0.0,6.8165,1.0,0.0,0.0,0.0,0.0
1260,672.5,774.4,48377.9,49143.2,48368.8,101.6077,-0.0069,0.0,-774.4,0.0,6.8165,0.0,-774.4,0.0,6.8165,1.0,0.0,0.0,0.0,0.0
1261,672.79,779.8,47911.2,48424.6,47644.8,101.0893,-0.0047,0.0,-779.8,0.0,6.8165,0.0,-779.8,0.0,6.8165,1.0,0.0,0.0,0.0,0.0
1262,673.08,790.15,48051.15,48644.9,47854.75,101.2563,-0.0054,0.0,-790.15,0.0,6.8165,0.0,-790.15,0.0,6.8165,1.0,0.0,0.0,0.0,0.0
1263,673.37,789.9,48408.4,49201.55,48411.65,101.6656,-0.0072,0.0,-789.9,0.0,6.8165,0.0,-789.9,0.0,6.8165,1.0,0.0,0.0,0.0,0.0
1264,673.66,783.7,49002.85,49891.3,49107.6,101.8425,-0.0079,0.0,-783.7,0.0,6.8165,0.0,-783.7,0.0,6.8165,1.0,0.0,0.0,0.0,0.0
1265,673.95,775.9,48383.6,49398.8,48622.9,102.1324,-0.0092,0.0,-775.9,0.0,6.8165,0.0,-775.9,0.0,6.8165,1.0,0.0,0.0,0.0,0.0
1266,674.24,788.55,47011.1,48167.25,47378.7,102.5013,-0.0107,0.0,-788.55,0.0,6.8165,0.0,-788.55,0.0,6.8165,1.0,0.0,0.0,0.0,0.0
1267,674.53,779.75,47809.25,48239.75,47460.0,100.9154,-0.004,0.0,-779.75,0.0,6.8165,0.0,-779.75,0.0,6.8165,1.0,0.0,0.0,0.0,0.0
1268,674.82,798.65,48263.25,48243.55,47444.9,99.9585,0.0002,0.0,-798.65,0.0,6.8165,0.0,-798.65,0.0,6.8165,1.0,0.0,0.0,0.0,0.0
1269,675.11,795.55,47963.5,48528.65,47733.1,101.1982,-0.0052,0.0,-795.55,0.0,6.8165,0.0,-795.55,0.0,6.8165,1.0,0.0,0.0,0.0,0.0
1270,675.4,794.8,47279.35,48429.4,47634.6,102.474,-0.0106,0.0,-794.8,0.0,6.8165,0.0,-794.8,0.0,6.8165,1.0,0.0,0.0,0.0,0.0
1271,675.69,787.7,47676.1,48663.2,47875.5,102.1052,-0.009,0.0,-787.7,0.0,6.8165,0.0,-787.7,0.0,6.8165,1.0,0.0,0.0,0.0,0.0
1272,675.98,789.55,48584.05,49570.15,48780.6,102.0632,-0.0089,0.0,-789.55,0.0,6.8165,0.0,-789.55,0.0,6.8165,1.0,0.0,0.0,0.0,0.0
1273,676.27,783.7,48174.9,49140.1,48356.4,102.0367,-0.0088,0.0,-783.7,0.0,6.8165,0.0,-783.7,0.0,6.8165,1.0,0.0,0.0,0.0,0.0
1274,676.56,783.3,46791.3,48136.7,47353.4,102.9243,-0.0125,0.0,-783.3,0.0,6.8165,0.0,-783.3,0.0,6.8165,1.0,0.0,0.0,0.0,0.0
1275,676.84,787.15,46214.45,47335.45,46548.3,102.4677,-0.0106,0.0,-787.15,0.0,6.8165,0.0,-787.15,0.0,6.8165,1.0,0.0,0.0,0.0,0.0
1276,677.13,780.55,47501.3,48314.1,47533.55,101.7397,-0.0075,0.0,-780.55,0.0,6.8165,0.0,-780.55,0.0,6.8165,1.0,0.0,0.0,0.0,0.0
1277,677.42,788.0,47514.55,48394.05,47606.05,101.8822,-0.0081,0.0,-788.0,0.0,6.8165,0.0,-788.0,0.0,6.8165,1.0,0.0,0.0,0.0,0.0
1278,677.71,794.75,46480.75,47425.1,46630.35,102.067,-0.0089,0.0,-794.75,0.0,6.8165,0.0,-794.75,0.0,6.8165,1.0,0.0,0.0,0.0,0.0
1279,678.0,786.5,46720.15,47473.65,46687.15,101.6404,-0.0071,0.0,-786.5,0.0,6.8165,0.0,-786.5,0.0,6.8165,1.0,0.0,0.0,0.0,0.0
1280,678.29,792.8,47998.8,49364.0,48571.2,102.892,-0.0124,0.0,-792.8,0.0,6.8165,0.0,-792.8,0.0,6.8165,1.0,0.0,0.0,0.0,0.0
1281,678.58,783.35,47736.4,49527.85,48744.5,103.8154,-0.0163,0.0,-783.35,0.0,6.8165,0.0,-783.35,0.0,6.8165,1.0,0.0,0.0,0.0,0.0
1282,678.86,767.45,46647.05,47501.05,46733.6,101.8614,-0.008,0.0,-767.45,0.0,6.8165,0.0,-767.45,0.0,6.8165,1.0,0.0,0.0,0.0,0.0
1283,679.15,785.05,45980.65,46873.6,46088.55,101.9757,-0.0085,0.0,-785.05,0.0,6.8165,0.0,-785.05,0.0,6.8165,1.0,0.0,0.0,0.0,0.0
1284,679.44,792.9,46577.9,47073.95,46281.05,101.0834,-0.0047,0.0,-792.9,0.0,6.8165,0.0,-792.9,0.0,6.8165,1.0,0.0,0.0,0.0,0.0
1285,679.73,785.6,46503.2,46691.35,45905.75,100.4115,-0.0018,0.0,-785.6,0.0,6.8165,0.0,-785.6,0.0,6.8165,1.0,0.0,0.0,0.0,0.0
1286,680.01,795.3,46188.9,46565.3,45770.0,100.8292,-0.0036,0.0,-795.3,0.0,6.8165,0.0,-795.3,0.0,6.8165,1.0,0.0,0.0,0.0,0.0
1287,680.3,796.3,45796.8,46763.95,45967.65,102.1492,-0.0092,0.0,-796.3,0.0,6.8165,0.0,-796.3,0.0,6.8165,1.0,0.0,0.0,0.0,0.0
1288,680.59,791.75,47205.15,48547.25,47755.5,102.8916,-0.0124,0.0,-791.75,0.0,6.8165,0.0,-791.75,0.0,6.8165,1.0,0.0,0.0,0.0,0.0
1289,680.88,773.65,47909.4,49655.5,48881.85,103.7044,-0.0158,0.0,-773.65,0.0,6.8165,0.0,-773.65,0.0,6.8165,1.0,0.0,0.0,0.0,0.0
1290,681.16,791.15,47448.9,48499.65,47708.5,102.252,-0.0097,0.0,-791.15,0.0,6.8165,0.0,-791.15,0.0,6.8165,1.0,0.0,0.0,0.0,0.0
1291,681.45,766.6,47147.95,47765.65,46999.05,101.3318,-0.0057,0.0,-766.6,0.0,6.8165,0.0,-766.6,0.0,6.8165,1.0,0.0,0.0,0.0,0.0
1292,681.74,788.55,47188.7,47794.05,47005.5,101.3046,-0.0056,0.0,-788.55,0.0,6.8165,0.0,-788.55,0.0,6.8165,1.0,0.0,0.0,0.0,0.0
1293,682.02,782.2,47402.7,47746.55,46964.35,100.7376,-0.0032,0.0,-782.2,0.0,6.8165,0.0,-782.2,0.0,6.8165,1.0,0.0,0.0,0.0,0.0
1294,682.31,779.55,47218.05,47313.5,46533.95,100.2055,-0.0009,0.0,-779.55,0.0,6.8165,0.0,-779.55,0.0,6.8165,1.0,0.0,0.0,0.0,0.0
1295,682.6,790.25,47655.35,48048.85,47258.6,100.8396,-0.0036,0.0,-790.25,0.0,6.8165,0.0,-790.25,0.0,6.8165,1.0,0.0,0.0,0.0,0.0
1296,682.88,770.0,48612.8,49277.85,48507.85,101.3901,-0.006,0.0,-770.0,0.0,6.8165,0.0,-770.0,0.0,6.8165,1.0,0.0,0.0,0.0,0.0
1297,683.17,772.9,50287.4,51705.25,50932.35,102.8635,-0.0123,0.0,-772.9,0.0,6.8165,0.0,-772.9,0.0,6.8165,1.0,0.0,0.0,0.0,0.0
1298,683.46,792.0,50309.85,52067.85,51275.85,103.5502,-0.0152,0.0,-792.0,0.0,6.8165,0.0,-792.0,0.0,6.8165,1.0,0.0,0.0,0.0,0.0
1299,683.74,783.15,49343.45,51010.95,50227.8,103.4339,-0.0147,0.0,-783.15,0.0,6.8165,0.0,-783.15,0.0,6.8165,1.0,0.0,0.0,0.0,0.0
1300,684.03,788.65,49353.55,50392.4,49603.75,102.1391,-0.0092,0.0,-788.65,0.0,6.8165,0.0,-788.65,0.0,6.8165,1.0,0.0,0.0,0.0,0.0
1301,684.32,781.35,48739.75,50096.05,49314.7,102.8281,-0.0121,0.0,-781.35,0.0,6.8165,0.0,-781.35,0.0,6.8165,1.0,0.0,0.0,0.0,0.0
1302,684.6,776.3,48765.15,49563.85,48787.55,101.6643,-0.0072,0.0,-776.3,0.0,6.8165,0.0,-776.3,0.0,6.8165,1.0,0.0,0.0,0.0,0.0
1303,684.89,779.85,48297.35,48847.9,48068.05,101.1586,-0.005,0.0,-779.85,0.0,6.8165,0.0,-779.85,0.0,6.8165,1.0,0.0,0.0,0.0,0.0
1304,685.17,779.1,48084.75,48627.65,47848.55,101.1476,-0.005,0.0,-779.1,0.0,6.8165,0.0,-779.1,0.0,6.8165,1.0,0.0,0.0,0.0,0.0
1305,685.46,782.0,48310.25,48930.9,48148.9,101.3059,-0.0056,0.0,-782.0,0.0,6.8165,0.0,-782.0,0.0,6.8165,1.0,0.0,0.0,0.0,0.0
1306,685.75,792.8,48828.55,49570.3,48777.5,101.5442,-0.0067,0.0,-792.8,0.0,6.8165,0.0,-792.8,0.0,6.8165,1.0,0.0,0.0,0.0,0.0
1307,686.03,783.0,48491.7,49579.15,48796.15,102.2794,-0.0098,0.0,-783.0,0.0,6.8165,0.0,-783.0,0.0,6.8165,1.0,0.0,0.0,0.0,0.0
1308,686.32,778.55,47312.3,48277.0,47498.45,102.0731,-0.0089,0.0,-778.55,0.0,6.8165,0.0,-778.55,0.0,6.8165,1.0,0.0,0.0,0.0,0.0
1309,686.6,785.05,47087.9,47778.85,46993.8,101.4922,-0.0064,0.0,-785.05,0.0,6.8165,0.0,-785.05,0.0,6.8165,1.0,0.0,0.0,0.0,0.0
1310,686.89,784.4,46766.45,47385.5,46601.1,101.3463,-0.0058,0.0,-784.4,0.0,6.8165,0.0,-784.4,0.0,6.8165,1.0,0.0,0.0,0.0,0.0
1311,687.17,789.3,45945.95,46301.55,45512.25,100.7875,-0.0034,0.0,-789.3,0.0,6.8165,0.0,-789.3,0.0,6.8165,1.0,0.0,0.0,0.0,0.0
1312,687.46,775.4,46314.85,46752.5,45977.1,100.961,-0.0042,0.0,-775.4,0.0,6.8165,0.0,-775.4,0.0,6.8165,1.0,0.0,0.0,0.0,0.0
1313,687.74,780.15,46184.4,47155.8,46375.65,102.1394,-0.0092,0.0,-780.15,0.0,6.8165,0.0,-780.15,0.0,6.8165,1.0,0.0,0.0,0.0,0.0
1314,688.03,783.85,46312.85,47393.95,46610.1,102.3745,-0.0102,0.0,-783.85,0.0,6.8165,0.0,-783.85,0.0,6.8165,1.0,0.0,0.0,0.0,0.0
1315,688.31,784.45,47041.2,47799.2,47014.75,101.6387,-0.0071,0.0,-784.45,0.0,6.8165,0.0,-784.45,0.0,6.8165,1.0,0.0,0.0,0.0,0.0
1316,688.6,788.25,47048.45,47638.5,46850.25,101.2755,-0.0055,0.0,-788.25,0.0,6.8165,0.0,-788.25,0.0,6.8165,1.0,0.0,0.0,0.0,0.0
1317,688.88,803.1,46704.25,47378.45,46575.35,101.4688,-0.0063,0.0,-803.1,0.0,6.8165,0.0,-803.1,0.0,6.8165,1.0,0.0,0.0,0.0,0.0
1318,689.17,780.8,46111.9,47120.3,46339.5,102.2245,-0.0096,0.0,-780.8,0.0,6.8165,0.0,-780.8,0.0,6.8165,1.0,0.0,0.0,0.0,0.0
1319,689.45,773.75,46157.8,47388.8,46615.05,102.7124,-0.0116,0.0,-773.75,0.0,6.8165,0.0,-773.75,0.0,6.8165,1.0,0.0,0.0,0.0,0.0
1320,689.73,790.5,45762.55,46059.5,45269.0,100.6603,-0.0029,0.0,-790.5,0.0,6.8165,0.0,-790.5,0.0,6.8165,1.0,0.0,0.0,0.0,0.0
1321,690.02,786.9,45218.75,45437.9,44651.0,100.4932,-0.0021,0.0,-786.9,0.0,6.8165,0.0,-786.9,0.0,6.8165,1.0,0.0,0.0,0.0,0.0
1322,690.3,785.95,44546.0,45399.05,44613.1,101.9494,-0.0084,0.0,-785.95,0.0,6.8165,0.0,-785.95,0.0,6.8165,1.0,0.0,0.0,0.0,0.0
1323,690.59,785.1,44663.6,45985.8,45200.7,103.0133,-0.0129,0.0,-785.1,0.0,6.8165,0.0,-785.1,0.0,6.8165,1.0,0.0,0.0,0.0,0.0
1324,690.87,786.8,44681.25,46023.55,45236.75,103.058,-0.0131,0.0,-786.8,0.0,6.8165,0.0,-786.8,0.0,6.8165,1.0,0.0,0.0,0.0,0.0
1325,691.15,783.7,44411.9,45382.55,44598.85,102.2248,-0.0096,0.0,-783.7,0.0,6.8165,0.0,-783.7,0.0,6.8165,1.0,0.0,0.0,0.0,0.0
1326,691.44,795.75,44394.6,45286.4,44490.65,102.0455,-0.0088,0.0,-795.75,0.0,6.8165,0.0,-795.75,0.0,6.8165,1.0,0.0,0.0,0.0,0.0
1327,691.72,804.1,43989.0,45155.95,44351.85,102.7022,-0.0116,0.0,-804.1,0.0,6.8165,0.0,-804.1,0.0,6.8165,1.0,0.0,0.0,0.0,0.0
1328,692.01,790.55,43548.3,44639.9,43849.35,102.553,-0.0109,0.0,-790.55,0.0,6.8165,0.0,-790.55,0.0,6.8165,1.0,0.0,0.0,0.0,0.0
1329,692.29,802.95,43074.3,43728.1,42925.15,101.5467,-0.0067,0.0,-802.95,0.0,6.8165,0.0,-802.95,0.0,6.8165,1.0,0.0,0.0,0.0,0.0
1330,692.57,793.05,43015.0,44057.65,43264.6,102.4695,-0.0106,0.0,-793.05,0.0,6.8165,0.0,-793.05,0.0,6.8165,1.0,0.0,0.0,0.0,0.0
1331,692.86,780.05,42685.2,43798.3,43018.25,102.6562,-0.0114,0.0,-780.05,0.0,6.8165,0.0,-780.05,0.0,6.8165,1.0,0.0,0.0,0.0,0.0
1332,693.14,780.0,41920.35,43096.25,42316.25,102.8583,-0.0122,0.0,-780.0,0.0,6.8165,0.0,-780.0,0.0,6.8165,1.0,0.0,0.0,0.0,0.0
1333,693.42,785.65,41437.75,42501.05,41715.4,102.6156,-0.0112,0.0,-785.65,0.0,6.8165,0.0,-785.65,0.0,6.8165,1.0,0.0,0.0,0.0,0.0
1334,693.7,778.1,40781.35,41814.25,41036.15,102.582,-0.0111,0.0,-778.1,0.0,6.8165,0.0,-778.1,0.0,6.8165,1.0,0.0,0.0,0.0,0.0
1335,693.99,806.85,41303.45,42230.4,41423.55,102.289,-0.0098,0.0,-806.85,0.0,6.8165,0.0,-806.85,0.0,6.8165,1.0,0.0,0.0,0.0,0.0
1336,694.27,782.35,41774.35,42665.7,41883.35,102.1744,-0.0093,0.0,-782.35,0.0,6.8165,0.0,-782.35,0.0,6.8165,1.0,0.0,0.0,0.0,0.0
1337,694.55,782.9,41521.0,42709.95,41927.05,102.9185,-0.0125,0.0,-782.9,0.0,6.8165,0.0,-782.9,0.0,6.8165,1.0,0.0,0.0,0.0,0.0
1338,694.84,796.7,40590.65,41888.0,41091.3,103.2602,-0.0139,0.0,-796.7,0.0,6.8165,0.0,-796.7,0.0,6.8165,1.0,0.0,0.0,0.0,0.0
1339,695.12,780.05,40082.75,41313.2,40533.15,103.1307,-0.0134,0.0,-780.05,0.0,6.8165,0.0,-780.05,0.0,6.8165,1.0,0.0,0.0,0.0,0.0
1340,695.4,787.6,39767.3,40726.35,39938.75,102.4604,-0.0106,0.0,-787.6,0.0,6.8165,0.0,-787.6,0.0,6.8165,1.0,0.0,0.0,0.0,0.0
1341,695.68,777.4,39487.95,40919.1,40141.7,103.6971,-0.0158,0.0,-777.4,0.0,6.8165,0.0,-777.4,0.0,6.8165,1.0,0.0,0.0,0.0,0.0
1342,695.96,793.1,39217.2,40432.2,39639.1,103.1621,-0.0135,0.0,-793.1,0.0,6.8165,0.0,-793.1,0.0,6.8165,1.0,0.0,0.0,0.0,0.0
1343,696.25,784.95,38864.7,39568.35,38783.4,101.8478,-0.008,0.0,-784.95,0.0,6.8165,0.0,-784.95,0.0,6.8165,1.0,0.0,0.0,0.0,0.0
1344,696.53,774.7,38792.3,39409.0,38634.3,101.6221,-0.007,0.0,-774.7,0.0,6.8165,0.0,-774.7,0.0,6.8165,1.0,0.0,0.0,0.0,0.0
1345,696.81,780.75,38743.1,39024.9,38244.15,100.7423,-0.0032,0.0,-780.75,0.0,6.8165,0.0,-780.75,0.0,6.8165,1.0,0.0,0.0,0.0,0.0
1346,697.09,781.6,38937.95,39115.7,38334.1,100.4658,-0.002,0.0,-781.6,0.0,6.8165,0.0,-781.6,0.0,6.8165,1.0,0.0,0.0,0.0,0.0
1347,697.37,789.55,38329.2,38557.6,37768.05,100.6084,-0.0026,0.0,-789.55,0.0,6.8165,0.0,-789.55,0.0,6.8165,1.0,0.0,0.0,0.0,0.0
1348,697.65,778.8,38156.6,38196.3,37417.5,100.1062,-0.0005,0.0,-778.8,0.0,6.8165,0.0,-778.8,0.0,6.8165,1.0,0.0,0.0,0.0,0.0
1349,697.94,776.15,37916.45,38052.75,37276.6,100.367,-0.0016,0.0,-776.15,0.0,6.8165,0.0,-776.15,0.0,6.8165,1.0,0.0,0.0,0.0,0.0
1350,698.22,776.25,37235.3,37812.05,37035.8,101.5819,-0.0068,0.0,-776.25,0.0,6.8165,0.0,-776.25,0.0,6.8165,1.0,0.0,0.0,0.0,0.0
1351,698.5,790.3,37186.4,38075.0,37284.7,102.4415,-0.0105,0.0,-790.3,0.0,6.8165,0.0,-790.3,0.0,6.8165,1.0,0.0,0.0,0.0,0.0
1352,698.78,793.55,36894.15,37561.25,36767.7,101.8479,-0.008,0.0,-793.55,0.0,6.8165,0.0,-793.55,0.0,6.8165,1.0,0.0,0.0,0.0,0.0
1353,699.06,784.6,36631.9,37118.2,36333.6,101.3566,-0.0059,0.0,-784.6,0.0,6.8165,0.0,-784.6,0.0,6.8165,1.0,0.0,0.0,0.0,0.0
1354,699.34,794.5,36729.05,37247.4,36452.9,101.4425,-0.0062,0.0,-794.5,0.0,6.8165,0.0,-794.5,0.0,6.8165,1.0,0.0,0.0,0.0,0.0
1355,699.62,791.45,36650.9,37466.55,36675.1,102.2746,-0.0098,0.0,-791.45,0.0,6.8165,0.0,-791.45,0.0,6.8165,1.0,0.0,0.0,0.0,0.0
1356,699.9,773.5,36562.2,37504.15,36730.65,102.632,-0.0113,0.0,-773.5,0.0,6.8165,0.0,-773.5,0.0,6.8165,1.0,0.0,0.0,0.0,0.0
1357,700.18,785.5,36031.35,36699.0,35913.5,101.8943,-0.0081,0.0,-785.5,0.0,6.8165,0.0,-785.5,0.0,6.8165,1.0,0.0,0.0,0.0,0.0
1358,700.46,778.4,36016.3,36373.15,35594.75,101.0127,-0.0044,0.0,-778.4,0.0,6.8165,0.0,-778.4,0.0,6.8165,1.0,0.0,0.0,0.0,0.0
1359,700.74,792.7,35700.9,36211.75,35419.05,101.4634,-0.0063,0.0,-792.7,0.0,6.8165,0.0,-792.7,0.0,6.8165,1.0,0.0,0.0,0.0,0.0
1360,701.03,782.9,35216.8,35823.1,35040.2,101.7608,-0.0076,0.0,-782.9,0.0,6.8165,0.0,-782.9,0.0,6.8165,1.0,0.0,0.0,0.0,0.0
1361,701.31,788.35,34121.65,35106.45,34318.1,102.9544,-0.0126,0.0,-788.35,0.0,6.8165,0.0,-788.35,0.0,6.8165,1.0,0.0,0.0,0.0,0.0
1362,701.59,777.25,33520.3,35098.25,34321.0,104.8192,-0.0204,0.0,-777.25,0.0,6.8165,0.0,-777.25,0.0,6.8165,1.0,0.0,0.0,0.0,0.0
1363,701.87,791.65,33149.1,34573.8,33782.15,104.403,-0.0187,0.0,-791.65,0.0,6.8165,0.0,-791.65,0.0,6.8165,1.0,0.0,0.0,0.0,0.0
1364,702.15,782.2,33455.45,34376.6,33594.4,102.8193,-0.0121,0.0,-782.2,0.0,6.8165,0.0,-782.2,0.0,6.8165,1.0,0.0,0.0,0.0,0.0
1365,702.43,789.95,33992.25,34836.95,34047.0,102.5441,-0.0109,0.0,-789.95,0.0,6.8165,0.0,-789.95,0.0,6.8165,1.0,0.0,0.0,0.0,0.0
1366,702.71,773.95,33531.2,34569.6,33795.65,103.17,-0.0136,0.0,-773.95,0.0,6.8165,0.0,-773.95,0.0,6.8165,1.0,0.0,0.0,0.0,0.0
1367,702.98,769.3,33387.15,34192.85,33423.55,102.4701,-0.0106,0.0,-769.3,0.0,6.8165,0.0,-769.3,0.0,6.8165,1.0,0.0,0.0,0.0,0.0
1368,703.26,784.3,33009.5,33398.25,32613.95,101.2064,-0.0052,0.0,-784.3,0.0,6.8165,0.0,-784.3,0.0,6.8165,1.0,0.0,0.0,0.0,0.0
1369,703.54,797.95,32870.8,32940.45,32142.5,100.2172,-0.0009,0.0,-797.95,0.0,6.8165,0.0,-797.95,0.0,6.8165,1.0,0.0,0.0,0.0,0.0
1370,703.82,791.45,32980.6,33169.95,32378.5,100.5882,-0.0025,0.0,-791.45,0.0,6.8165,0.0,-791.45,0.0,6.8165,1.0,0.0,0.0,0.0,0.0
1371,704.1,794.25,32545.15,33074.9,32280.65,101.6685,-0.0072,0.0,-794.25,0.0,6.8165,0.0,-794.25,0.0,6.8165,1.0,0.0,0.0,0.0,0.0
1372,704.38,791.9,31546.2,32373.55,31581.65,102.6902,-0.0115,0.0,-791.9,0.0,6.8165,0.0,-791.9,0.0,6.8165,1.0,0.0,0.0,0.0,0.0
1373,704.66,772.75,31412.15,32172.65,31399.9,102.4821,-0.0106,0.0,-772.75,0.0,6.8165,0.0,-772.75,0.0,6.8165,1.0,0.0,0.0,0.0,0.0
1374,704.94,775.8,30724.2,31630.75,30854.95,103.027,-0.013,0.0,-775.8,0.0,6.8165,0.0,-775.8,0.0,6.8165,1.0,0.0,0.0,0.0,0.0
1375,705.22,782.7,31025.75,31785.35,31002.65,102.5117,-0.0108,0.0,-782.7,0.0,6.8165,0.0,-782.7,0.0,6.8165,1.0,0.0,0.0,0.0,0.0
1376,705.5,797.7,30694.45,31610.15,30812.45,103.0629,-0.0131,0.0,-797.7,0.0,6.8165,0.0,-797.7,0.0,6.8165,1.0,0.0,0.0,0.0,0.0
1377,705.78,783.95,30690.45,31615.9,30831.95,103.0945,-0.0132,0.0,-783.95,0.0,6.8165,0.0,-783.95,0.0,6.8165,1.0,0.0,0.0,0.0,0.0
1378,706.05,781.9,30565.0,31141.5,30359.6,101.9357,-0.0083,0.0,-781.9,0.0,6.8165,0.0,-781.9,0.0,6.8165,1.0,0.0,0.0,0.0,0.0
1379,706.33,777.05,30528.15,30867.35,30090.3,101.1401,-0.0049,0.0,-777.05,0.0,6.8165,0.0,-777.05,0.0,6.8165,1.0,0.0,0.0,0.0,0.0
1380,706.61,793.1,30419.15,30704.2,29911.1,100.9622,-0.0042,0.0,-793.1,0.0,6.8165,0.0,-793.1,0.0,6.8165,1.0,0.0,0.0,0.0,0.0
1381,706.89,794.85,30513.15,30776.45,29981.6,100.886,-0.0038,0.0,-794.85,0.0,6.8165,0.0,-794.85,0.0,6.8165,1.0,0.0,0.0,0.0,0.0
1382,707.17,785.75,30148.5,30675.6,29889.85,101.7951,-0.0077,0.0,-785.75,0.0,6.8165,0.0,-785.75,0.0,6.8165,1.0,0.0,0.0,0.0,0.0
1383,707.45,794.95,29664.0,30461.4,29666.45,102.7621,-0.0118,0.0,-794.95,0.0,6.8165,0.0,-794.95,0.0,6.8165,1.0,0.0,0.0,0.0,0.0
1384,707.72,790.95,29147.2,30022.05,29231.1,103.0852,-0.0132,0.0,-790.95,0.0,6.8165,0.0,-790.95,0.0,6.8165,1.0,0.0,0.0,0.0,0.0
1385,708.0,780.6,28997.55,29896.4,29115.8,103.1855,-0.0136,0.0,-780.6,0.0,6.8165,0.0,-780.6,0.0,6.8165,1.0,0.0,0.0,0.0,0.0
1386,708.28,785.0,29001.6,30074.85,29289.85,103.8036,-0.0162,0.0,-785.0,0.0,6.8165,0.0,-785.0,0.0,6.8165,1.0,0.0,0.0,0.0,0.0
1387,708.56,792.6,28791.95,29777.8,28985.2,103.521,-0.015,0.0,-792.6,0.0,6.8165,0.0,-792.6,0.0,6.8165,1.0,0.0,0.0,0.0,0.0
1388,708.83,782.4,28229.4,29054.45,28272.05,103.006,-0.0129,0.0,-782.4,0.0,6.8165,0.0,-782.4,0.0,6.8165,1.0,0.0,0.0,0.0,0.0
1389,709.11,777.95,27917.5,28536.05,27758.1,102.2791,-0.0098,0.0,-777.95,0.0,6.8165,0.0,-777.95,0.0,6.8165,1.0,0.0,0.0,0.0,0.0
1390,709.39,787.15,27833.6,28551.9,27764.75,102.6558,-0.0114,0.0,-787.15,0.0,6.8165,0.0,-787.15,0.0,6.8165,1.0,0.0,0.0,0.0,0.0
1391,709.67,777.25,27932.05,28764.5,27987.25,103.0656,-0.0131,0.0,-777.25,0.0,6.8165,0.0,-777.25,0.0,6.8165,1.0,0.0,0.0,0.0,0.0
1392,709.94,778.8,27928.75,28663.9,27885.1,102.7077,-0.0116,0.0,-778.8,0.0,6.8165,0.0,-778.8,0.0,6.8165,1.0,0.0,0.0,0.0,0.0
1393,710.22,795.25,28076.0,28358.85,27563.6,101.0368,-0.0045,0.0,-795.25,0.0,6.8165,0.0,-795.25,0.0,6.8165,1.0,0.0,0.0,0.0,0.0
1394,710.5,790.35,27397.1,28097.1,27306.75,102.6309,-0.0113,0.0,-790.35,0.0,6.8165,0.0,-790.35,0.0,6.8165,1.0,0.0,0.0,0.0,0.0
1395,710.77,786.15,27266.85,28075.1,27288.95,103.0522,-0.0131,0.0,-786.15,0.0,6.8165,0.0,-786.15,0.0,6.8165,1.0,0.0,0.0,0.0,0.0
1396,711.05,791.8,27257.5,28244.5,27452.7,103.7294,-0.0159,0.0,-791.8,0.0,6.8165,0.0,-791.8,0.0,6.8165,1.0,0.0,0.0,0.0,0.0
1397,711.33,798.3,27004.2,27987.4,27189.1,103.7518,-0.016,0.0,-798.3,0.0,6.8165,0.0,-798.3,0.0,6.8165,1.0,0.0,0.0,0.0,0.0
1398,711.6,805.85,27006.65,27806.4,27000.55,103.0524,-0.0131,0.0,-805.85,0.0,6.8165,0.0,-805.85,0.0,6.8165,1.0,0.0,0.0,0.0,0.0
1399,711.88,799.75,26574.45,27129.25,26329.5,102.1525,-0.0092,0.0,-799.75,0.0,6.8165,0.0,-799.75,0.0,6.8165,1.0,0.0,0.0,0.0,0.0
1400,712.16,778.25,26407.15,26768.15,25989.9,101.4086,-0.0061,0.0,-778.25,0.0,6.8165,0.0,-778.25,0.0,6.8165,1.0,0.0,0.0,0.0,0.0
1401,712.43,775.35,26472.35,26614.75,25839.4,100.5542,-0.0024,0.0,-775.35,0.0,6.8165,0.0,-775.35,0.0,6.8165,1.0,0.0,0.0,0.0,0.0
1402,712.71,777.55,26622.15,26883.1,26105.55,101.0097,-0.0044,0.0,-777.55,0.0,6.8165,0.0,-777.55,0.0,6.8165,1.0,0.0,0.0,0.0,0.0
1403,712.99,772.2,26106.4,26341.8,25569.6,100.9292,-0.004,0.0,-772.2,0.0,6.8165,0.0,-772.2,0.0,6.8165,1.0,0.0,0.0,0.0,0.0
1404,713.26,781.4,25677.7,26100.7,25319.3,101.699,-0.0073,0.0,-781.4,0.0,6.8165,0.0,-781.4,0.0,6.8165,1.0,0.0,0.0,0.0,0.0
1405,713.54,773.65,25827.05,26630.95,25857.3,103.2087,-0.0137,0.0,-773.65,0.0,6.8165,0.0,-773.65,0.0,6.8165,1.0,0.0,0.0,0.0,0.0
1406,713.81,795.4,25891.85,26558.55,25763.15,102.6566,-0.0114,0.0,-795.4,0.0,6.8165,0.0,-795.4,0.0,6.8165,1.0,0.0,0.0,0.0,0.0
1407,714.09,788.65,25721.55,26034.8,25246.15,101.2564,-0.0054,0.0,-788.65,0.0,6.8165,0.0,-788.65,0.0,6.8165,1.0,0.0,0.0,0.0,0.0
1408,714.36,781.9,25186.3,25711.9,24930.0,102.1537,-0.0093,0.0,-781.9,0.0,6.8165,0.0,-781.9,0.0,6.8165,1.0,0.0,0.0,0.0,0.0
1409,714.64,773.95,24864.9,25364.5,24590.55,102.0738,-0.0089,0.0,-773.95,0.0,6.8165,0.0,-773.95,0.0,6.8165,1.0,0.0,0.0,0.0,0.0
1410,714.92,803.9,24342.35,24748.4,23944.5,101.725,-0.0074,0.0,-803.9,0.0,6.8165,0.0,-803.9,0.0,6.8165,1.0,0.0,0.0,0.0,0.0
1411,715.19,779.95,24124.75,24791.4,24011.45,102.8557,-0.0122,0.0,-779.95,0.0,6.8165,0.0,-779.95,0.0,6.8165,1.0,0.0,0.0,0.0,0.0
1412,715.47,793.75,23569.55,24271.8,23478.05,103.0833,-0.0132,0.0,-793.75,0.0,6.8165,0.0,-793.75,0.0,6.8165,1.0,0.0,0.0,0.0,0.0
1413,715.74,773.4,22986.95,23559.15,22785.75,102.5759,-0.011,0.0,-773.4,0.0,6.8165,0.0,-773.4,0.0,6.8165,1.0,0.0,0.0,0.0,0.0
1414,716.02,775.35,22545.85,23175.1,22399.75,102.8904,-0.0124,0.0,-775.35,0.0,6.8165,0.0,-775.35,0.0,6.8165,1.0,0.0,0.0,0.0,0.0
1415,716.29,772.6,22236.1,22794.85,22022.25,102.6033,-0.0112,0.0,-772.6,0.0,6.8165,0.0,-772.6,0.0,6.8165,1.0,0.0,0.0,0.0,0.0
1416,716.57,783.5,22118.85,22551.9,21768.4,102.0297,-0.0087,0.0,-783.5,0.0,6.8165,0.0,-783.5,0.0,6.8165,1.0,0.0,0.0,0.0,0.0
1417,716.84,783.35,22121.3,22643.25,21859.9,102.4461,-0.0105,0.0,-783.35,0.0,6.8165,0.0,-783.35,0.0,6.8165,1.0,0.0,0.0,0.0,0.0
1418,717.12,780.65,21968.6,22476.3,21695.65,102.3962,-0.0103,0.0,-780.65,0.0,6.8165,0.0,-780.65,0.0,6.8165,1.0,0.0,0.0,0.0,0.0
1419,717.39,798.25,21429.05,21769.2,20970.95,101.6487,-0.0071,0.0,-798.25,0.0,6.8165,0.0,-798.25,0.0,6.8165,1.0,0.0,0.0,0.0,0.0
1420,717.66,784.35,21057.7,21431.2,20646.85,101.8423,-0.0079,0.0,-784.35,0.0,6.8165,0.0,-784.35,0.0,6.8165,1.0,0.0,0.0,0.0,0.0
1421,717.94,783.8,20894.55,21248.1,20464.3,101.758,-0.0076,0.0,-783.8,0.0,6.8165,0.0,-783.8,0.0,6.8165,1.0,0.0,0.0,0.0,0.0
1422,718.21,785.2,20687.6,21369.2,20584.0,103.4247,-0.0146,0.0,-785.2,0.0,6.8165,0.0,-785.2,0.0,6.8165,1.0,0.0,0.0,0.0,0.0
1423,718.49,786.05,20164.45,20922.35,20136.3,103.9111,-0.0167,0.0,-786.05,0.0,6.8165,0.0,-786.05,0.0,6.8165,1.0,0.0,0.0,0.0,0.0
1424,718.76,784.2,19735.15,20454.75,19670.55,103.7972,-0.0162,0.0,-784.2,0.0,6.8165,0.0,-784.2,0.0,6.8165,1.0,0.0,0.0,0.0,0.0
1425,719.03,791.35,19547.9,20243.5,19452.15,103.7086,-0.0158,0.0,-791.35,0.0,6.8165,0.0,-791.35,0.0,6.8165,1.0,0.0,0.0,0.0,0.0
1426,719.31,771.9,19410.7,20200.85,19428.95,104.2393,-0.018,0.0,-771.9,0.0,6.8165,0.0,-771.9,0.0,6.8165,1.0,0.0,0.0,0.0,0.0
1427,719.58,778.55,18912.4,19594.75,18816.2,103.7629,-0.016,0.0,-778.55,0.0,6.8165,0.0,-778.55,0.0,6.8165,1.0,0.0,0.0,0.0,0.0
1428,719.86,782.65,18693.9,19251.25,18468.6,103.1117,-0.0133,0.0,-782.65,0.0,6.8165,0.0,-782.65,0.0,6.8165,1.0,0.0,0.0,0.0,0.0
1429,720.13,778.3,18346.95,18970.8,18192.5,103.5509,-0.0152,0.0,-778.3,0.0,6.8165,0.0,-778.3,0.0,6.8165,1.0,0.0,0.0,0.0,0.0
1430,720.4,792.35,17862.9,18522.45,17730.1,103.8637,-0.0165,0.0,-792.35,0.0,6.8165,0.0,-792.35,0.0,6.8165,1.0,0.0,0.0,0.0,0.0
1431,720.68,776.4,17510.7,18100.4,17324.0,103.5239,-0.015,0.0,-776.4,0.0,6.8165,0.0,-776.4,0.0,6.8165,1.0,0.0,0.0,0.0,0.0
1432,720.95,801.4,17025.85,17622.55,16821.15,103.6778,-0.0157,0.0,-801.4,0.0,6.8165,0.0,-801.4,0.0,6.8165,1.0,0.0,0.0,0.0,0.0
1433,721.22,784.05,16625.25,17286.45,16502.4,104.1739,-0.0178,0.0,-784.05,0.0,6.8165,0.0,-784.05,0.0,6.8165,1.0,0.0,0.0,0.0,0.0
1434,721.5,786.55,16321.15,16813.3,16026.75,103.1681,-0.0135,0.0,-786.55,0.0,6.8165,0.0,-786.55,0.0,6.8165,1.0,0.0,0.0,0.0,0.0
1435,721.77,781.35,16340.4,16841.0,16059.65,103.2174,-0.0138,0.0,-781.35,0.0,6.8165,0.0,-781.35,0.0,6.8165,1.0,0.0,0.0,0.0,0.0
1436,722.04,782.55,16189.55,16639.15,15856.6,102.9182,-0.0125,0.0,-782.55,0.0,6.8165,0.0,-782.55,0.0,6.8165,1.0,0.0,0.0,0.0,0.0
1437,722.31,783.5,15979.85,16417.45,15633.95,102.8796,-0.0123,0.0,-783.5,0.0,6.8165,0.0,-783.5,0.0,6.8165,1.0,0.0,0.0,0.0,0.0
1438,722.59,763.25,15677.65,16049.35,15286.1,102.4922,-0.0107,0.0,-763.25,0.0,6.8165,0.0,-763.25,0.0,6.8165,1.0,0.0,0.0,0.0,0.0
1439,722.86,784.85,15306.0,15691.85,14907.0,102.6572,-0.0114,0.0,-784.85,0.0,6.8165,0.0,-784.85,0.0,6.8165,1.0,0.0,0.0,0.0,0.0
1440,723.13,793.15,15235.35,15522.3,14729.15,101.9869,-0.0085,0.0,-793.15,0.0,6.8165,0.0,-793.15,0.0,6.8165,1.0,0.0,0.0,0.0,0.0
1441,723.4,777.65,14993.65,15249.0,14471.35,101.7962,-0.0077,0.0,-777.65,0.0,6.8165,0.0,-777.65,0.0,6.8165,1.0,0.0,0.0,0.0,0.0
1442,723.68,787.55,14644.0,14908.05,14120.5,101.9056,-0.0082,0.0,-787.55,0.0,6.8165,0.0,-787.55,0.0,6.8165,1.0,0.0,0.0,0.0,0.0
1443,723.95,789.15,14296.05,14564.85,13775.7,101.9901,-0.0086,0.0,-789.15,0.0,6.8165,0.0,-789.15,0.0,6.8165,1.0,0.0,0.0,0.0,0.0
1444,724.22,782.0,14012.95,14242.55,13460.55,101.7353,-0.0075,0.0,-782.0,0.0,6.8165,0.0,-782.0,0.0,6.8165,1.0,0.0,0.0,0.0,0.0
1445,724.49,778.2,13849.75,13979.4,13201.2,100.9918,-0.0043,0.0,-778.2,0.0,6.8165,0.0,-778.2,0.0,6.8165,1.0,0.0,0.0,0.0,0.0
1446,724.76,787.55,13595.4,13843.0,13055.45,101.9332,-0.0083,0.0,-787.55,0.0,6.8165,0.0,-787.55,0.0,6.8165,1.0,0.0,0.0,0.0,0.0
1447,725.04,791.1,13466.5,13774.4,12983.3,102.4291,-0.0104,0.0,-791.1,0.0,6.8165,0.0,-791.1,0.0,6.8165,1.0,0.0,0.0,0.0,0.0
1448,725.31,777.05,13286.55,13539.35,12762.3,102.0209,-0.0087,0.0,-777.05,0.0,6.8165,0.0,-777.05,0.0,6.8165,1.0,0.0,0.0,0.0,0.0
1449,725.58,792.5,13263.95,13392.05,12599.55,101.0271,-0.0044,0.0,-792.5,0.0,6.8165,0.0,-792.5,0.0,6.8165,1.0,0.0,0.0,0.0,0.0
1450,725.85,783.3,13098.8,13169.3,12386.0,100.5724,-0.0025,0.0,-783.3,0.0,6.8165,0.0,-783.3,0.0,6.8165,1.0,0.0,0.0,0.0,0.0
1451,726.12,789.4,13070.95,13141.05,12351.65,100.5708,-0.0025,0.0,-789.4,0.0,6.8165,0.0,-789.4,0.0,6.8165,1.0,0.0,0.0,0.0,0.0
1452,726.39,799.9,13066.75,13152.2,12352.3,100.6966,-0.003,0.0,-799.9,0.0,6.8165,0.0,-799.9,0.0,6.8165,1.0,0.0,0.0,0.0,0.0
1453,726.66,794.35,12931.75,12952.55,12158.2,100.1714,-0.0007,0.0,-794.35,0.0,6.8165,0.0,-794.35,0.0,6.8165,1.0,0.0,0.0,0.0,0.0
1454,726.93,782.55,12650.15,12703.9,11921.35,100.4529,-0.002,0.0,-782.55,0.0,6.8165,0.0,-782.55,0.0,6.8165,1.0,0.0,0.0,0.0,0.0
1455,727.21,792.65,12425.3,12638.05,11845.4,101.8289,-0.0079,0.0,-792.65,0.0,6.8165,0.0,-792.65,0.0,6.8165,1.0,0.0,0.0,0.0,0.0
1456,727.48,769.15,12256.3,12601.9,11832.75,103.0086,-0.0129,0.0,-769.15,0.0,6.8165,0.0,-769.15,0.0,6.8165,1.0,0.0,0.0,0.0,0.0
1457,727.75,782.05,12201.75,12421.65,11639.6,101.9256,-0.0083,0.0,-782.05,0.0,6.8165,0.0,-782.05,0.0,6.8165,1.0,0.0,0.0,0.0,0.0
1458,728.02,787.65,12033.7,12070.05,11282.4,100.3232,-0.0014,0.0,-787.65,0.0,6.8165,0.0,-787.65,0.0,6.8165,1.0,0.0,0.0,0.0,0.0
1459,728.29,776.5,11975.6,12135.2,11358.7,101.4251,-0.0061,0.0,-776.5,0.0,6.8165,0.0,-776.5,0.0,6.8165,1.0,0.0,0.0,0.0,0.0
1460,728.56,790.6,11887.55,11991.4,11200.8,100.9358,-0.004,0.0,-790.6,0.0,6.8165,0.0,-790.6,0.0,6.8165,1.0,0.0,0.0,0.0,0.0
1461,728.83,780.25,11986.95,12006.15,11225.9,100.1713,-0.0007,0.0,-780.25,0.0,6.8165,0.0,-780.25,0.0,6.8165,1.0,0.0,0.0,0.0,0.0
1462,729.1,771.45,12021.25,12095.25,11323.8,100.6578,-0.0028,0.0,-771.45,0.0,6.8165,0.0,-771.45,0.0,6.8165,1.0,0.0,0.0,0.0,0.0
1463,729.37,789.4,11951.25,12142.65,11353.25,101.7148,-0.0074,0.0,-789.4,0.0,6.8165,0.0,-789.4,0.0,6.8165,1.0,0.0,0.0,0.0,0.0
1464,729.64,790.25,11810.9,12028.0,11237.75,101.9699,-0.0085,0.0,-790.25,0.0,6.8165,0.0,-790.25,0.0,6.8165,1.0,0.0,0.0,0.0,0.0
1465,729.91,796.65,11637.85,11883.05,11086.4,102.2617,-0.0097,0.0,-796.65,0.0,6.8165,0.0,-796.65,0.0,6.8165,1.0,0.0,0.0,0.0,0.0
1466,730.18,783.55,11625.75,11870.6,11087.05,102.2583,-0.0097,0.0,-783.55,0.0,6.8165,0.0,-783.55,0.0,6.8165,1.0,0.0,0.0,0.0,0.0
1467,730.45,786.25,11414.35,11558.65,10772.4,101.3577,-0.0059,0.0,-786.25,0.0,6.8165,0.0,-786.25,0.0,6.8165,1.0,0.0,0.0,0.0,0.0
1468,730.72,777.8,11340.75,11532.55,10754.75,101.8158,-0.0078,0.0,-777.8,0.0,6.8165,0.0,-777.8,0.0,6.8165,1.0,0.0,0.0,0.0,0.0
1469,730.99,786.85,11286.95,11489.45,10702.6,101.9286,-0.0083,0.0,-786.85,0.0,6.8165,0.0,-786.85,0.0,6.8165,1.0,0.0,0.0,0.0,0.0
1470,731.26,779.75,11249.45,11430.75,10651.0,101.7317,-0.0075,0.0,-779.75,0.0,6.8165,0.0,-779.75,0.0,6.8165,1.0,0.0,0.0,0.0,0.0
1471,731.53,797.05,11300.05,11444.85,10647.8,101.3787,-0.0059,0.0,-797.05,0.0,6.8165,0.0,-797.05,0.0,6.8165,1.0,0.0,0.0,0.0,0.0
1472,731.8,786.2,11281.95,11498.95,10712.75,102.0675,-0.0089,0.0,-786.2,0.0,6.8165,0.0,-786.2,0.0,6.8165,1.0,0.0,0.0,0.0,0.0
1473,732.06,777.65,11161.15,11375.85,10598.2,102.0677,-0.0089,0.0,-777.65,0.0,6.8165,0.0,-777.65,0.0,6.8165,1.0,0.0,0.0,0.0,0.0
1474,732.33,787.15,11370.4,11430.15,10643.0,100.5646,-0.0024,0.0,-787.15,0.0,6.8165,0.0,-787.15,0.0,6.8165,1.0,0.0,0.0,0.0,0.0
1475,732.6,783.85,11282.75,11359.8,10575.95,100.7339,-0.0032,0.0,-783.85,0.0,6.8165,0.0,-783.85,0.0,6.8165,1.0,0.0,0.0,0.0,0.0
1476,732.87,785.1,11394.9,11512.85,10727.75,101.1117,-0.0048,0.0,-785.1,0.0,6.8165,0.0,-785.1,0.0,6.8165,1.0,0.0,0.0,0.0,0.0
1477,733.14,774.95,11530.4,11630.5,10855.55,100.9307,-0.004,0.0,-774.95,0.0,6.8165,0.0,-774.95,0.0,6.8165,1.0,0.0,0.0,0.0,0.0
1478,733.41,787.3,11435.55,11447.5,10660.2,100.1122,-0.0005,0.0,-787.3,0.0,6.8165,0.0,-787.3,0.0,6.8165,1.0,0.0,0.0,0.0,0.0
1479,733.68,784.05,11331.1,11378.1,10594.05,100.4456,-0.0019,0.0,-784.05,0.0,6.8165,0.0,-784.05,0.0,6.8165,1.0,0.0,0.0,0.0,0.0
1480,733.95,777.35,11197.3,11400.15,10622.8,101.9467,-0.0084,0.0,-777.35,0.0,6.8165,0.0,-777.35,0.0,6.8165,1.0,0.0,0.0,0.0,0.0
1481,734.21,779.85,11026.65,11226.4,10446.55,101.9494,-0.0084,0.0,-779.85,0.0,6.8165,0.0,-779.85,0.0,6.8165,1.0,0.0,0.0,0.0,0.0
1482,734.48,790.8,10856.45,11000.4,10209.6,101.4301,-0.0062,0.0,-790.8,0.0,6.8165,0.0,-790.8,0.0,6.8165,1.0,0.0,0.0,0.0,0.0
1483,734.75,792.6,10782.1,10901.35,10108.75,101.1938,-0.0052,0.0,-792.6,0.0,6.8165,0.0,-792.6,0.0,6.8165,1.0,0.0,0.0,0.0,0.0
1484,735.02,777.55,10617.15,10761.75,9984.2,101.4696,-0.0063,0.0,-777.55,0.0,6.8165,0.0,-777.55,0.0,6.8165,1.0,0.0,0.0,0.0,0.0
1485,735.29,778.3,10410.05,10661.55,9883.25,102.6112,-0.0112,0.0,-778.3,0.0,6.8165,0.0,-778.3,0.0,6.8165,1.0,0.0,0.0,0.0,0.0
1486,735.55,792.6,10199.05,10396.85,9604.25,102.1028,-0.009,0.0,-792.6,0.0,6.8165,0.0,-792.6,0.0,6.8165,1.0,0.0,0.0,0.0,0.0
1487,735.82,794.05,10012.65,10233.65,9439.6,102.3973,-0.0103,0.0,-794.05,0.0,6.8165,0.0,-794.05,0.0,6.8165,1.0,0.0,0.0,0.0,0.0
1488,736.09,778.45,9677.75,9875.55,9097.1,102.2226,-0.0095,0.0,-778.45,0.0,6.8165,0.0,-778.45,0.0,6.8165,1.0,0.0,0.0,0.0,0.0
1489,736.36,784.1,9532.3,9717.0,8932.9,102.1113,-0.0091,0.0,-784.1,0.0,6.8165,0.0,-784.1,0.0,6.8165,1.0,0.0,0.0,0.0,0.0
1490,736.62,783.1,9451.05,9629.5,8846.4,102.0587,-0.0089,0.0,-783.1,0.0,6.8165,0.0,-783.1,0.0,6.8165,1.0,0.0,0.0,0.0,0.0
1491,736.89,787.55,9367.4,9470.6,8683.05,101.2028,-0.0052,0.0,-787.55,0.0,6.8165,0.0,-787.55,0.0,6.8165,1.0,0.0,0.0,0.0,0.0
1492,737.16,778.95,9219.35,9371.65,8592.7,101.8044,-0.0078,0.0,-778.95,0.0,6.8165,0.0,-778.95,0.0,6.8165,1.0,0.0,0.0,0.0,0.0
1493,737.43,791.9,9037.35,9177.3,8385.4,101.6973,-0.0073,0.0,-791.9,0.0,6.8165,0.0,-791.9,0.0,6.8165,1.0,0.0,0.0,0.0,0.0
1494,737.69,782.5,8880.9,9009.6,8227.1,101.5892,-0.0068,0.0,-782.5,0.0,6.8165,0.0,-782.5,0.0,6.8165,1.0,0.0,0.0,0.0,0.0
1495,737.96,796.0,8724.85,8891.5,8095.5,102.1018,-0.009,0.0,-796.0,0.0,6.8165,0.0,-796.0,0.0,6.8165,1.0,0.0,0.0,0.0,0.0
1496,738.23,784.0,8618.3,8858.3,8074.3,103.0635,-0.0131,0.0,-784.0,0.0,6.8165,0.0,-784.0,0.0,6.8165,1.0,0.0,0.0,0.0,0.0
1497,738.49,795.45,8531.7,8715.3,7919.85,102.3732,-0.0102,0.0,-795.45,0.0,6.8165,0.0,-795.45,0.0,6.8165,1.0,0.0,0.0,0.0,0.0
1498,738.76,790.75,8339.15,8466.8,7676.05,101.6911,-0.0073,0.0,-790.75,0.0,6.8165,0.0,-790.75,0.0,6.8165,1.0,0.0,0.0,0.0,0.0
1499,739.03,789.6,8278.9,8491.4,7701.8,102.8374,-0.0122,0.0,-789.6,0.0,6.8165,0.0,-789.6,0.0,6.8165,1.0,0.0,0.0,0.0,0.0
1500,739.29,784.05,8199.95,8332.35,7548.3,101.7854,-0.0077,0.0,-784.05,0.0,6.8165,0.0,-784.05,0.0,6.8165,1.0,0.0,0.0,0.0,0.0
1501,739.56,793.25,8141.9,8235.1,7441.85,101.2683,-0.0055,0.0,-793.25,0.0,6.8165,0.0,-793.25,0.0,6.8165,1.0,0.0,0.0,0.0,0.0
1502,739.83,776.15,7994.4,8097.7,7321.55,101.4311,-0.0062,0.0,-776.15,0.0,6.8165,0.0,-776.15,0.0,6.8165,1.0,0.0,0.0,0.0,0.0
1503,740.09,776.05,7791.1,7877.65,7101.6,101.2338,-0.0053,0.0,-776.05,0.0,6.8165,0.0,-776.05,0.0,6.8165,1.0,0.0,0.0,0.0,0.0
1504,740.36,787.35,7743.9,7821.8,7034.45,101.1198,-0.0048,0.0,-787.35,0.0,6.8165,0.0,-787.35,0.0,6.8165,1.0,0.0,0.0,0.0,0.0
1505,740.62,788.1,7555.45,7629.6,6841.5,101.0957,-0.0047,0.0,-788.1,0.0,6.8165,0.0,-788.1,0.0,6.8165,1.0,0.0,0.0,0.0,0.0
1506,740.89,795.5,7412.5,7561.0,6765.5,102.2442,-0.0096,0.0,-795.5,0.0,6.8165,0.0,-795.5,0.0,6.8165,1.0,0.0,0.0,0.0,0.0
1507,741.16,793.15,7361.1,7485.6,6692.45,101.8956,-0.0082,0.0,-793.15,0.0,6.8165,0.0,-793.15,0.0,6.8165,1.0,0.0,0.0,0.0,0.0
1508,741.42,782.0,7285.4,7314.4,6532.4,100.4459,-0.0019,0.0,-782.0,0.0,6.8165,0.0,-782.0,0.0,6.8165,1.0,0.0,0.0,0.0,0.0
1509,741.69,782.4,7117.35,7166.85,6384.45,100.7814,-0.0034,0.0,-782.4,0.0,6.8165,0.0,-782.4,0.0,6.8165,1.0,0.0,0.0,0.0,0.0
1510,741.95,783.85,6954.5,7031.65,6247.8,101.2503,-0.0054,0.0,-783.85,0.0,6.8165,0.0,-783.85,0.0,6.8165,1.0,0.0,0.0,0.0,0.0
1511,742.22,797.75,6900.45,6920.3,6122.55,100.3253,-0.0014,0.0,-797.75,0.0,6.8165,0.0,-797.75,0.0,6.8165,1.0,0.0,0.0,0.0,0.0
1512,742.48,803.25,6677.9,6667.15,5863.9,99.817,0.0008,0.0,-803.25,0.0,6.8165,0.0,-803.25,0.0,6.8165,1.0,0.0,0.0,0.0,0.0
1513,742.75,794.2,6517.8,6549.7,5755.5,100.5573,-0.0024,0.0,-794.2,0.0,6.8165,0.0,-794.2,0.0,6.8165,1.0,0.0,0.0,0.0,0.0
1514,743.01,781.05,6376.5,6444.25,5663.2,101.2108,-0.0052,0.0,-781.05,0.0,6.8165,0.0,-781.05,0.0,6.8165,1.0,0.0,0.0,0.0,0.0
1515,743.28,772.85,6240.7,6273.45,5500.6,100.599,-0.0026,0.0,-772.85,0.0,6.8165,0.0,-772.85,0.0,6.8165,1.0,0.0,0.0,0.0,0.0
1516,743.54,773.15,6043.05,6020.7,5247.55,99.5759,0.0018,0.0,-773.15,0.0,6.8165,0.0,-773.15,0.0,6.8165,1.0,0.0,0.0,0.0,0.0
1517,743.81,788.15,5872.2,5893.15,5105.0,100.4121,-0.0018,0.0,-788.15,0.0,6.8165,0.0,-788.15,0.0,6.8165,1.0,0.0,0.0,0.0,0.0
1518,744.07,769.75,5724.15,5750.3,4980.55,100.5278,-0.0023,0.0,-769.75,0.0,6.8165,0.0,-769.75,0.0,6.8165,1.0,0.0,0.0,0.0,0.0
1519,744.34,778.8,5612.85,5678.65,4899.85,101.3612,-0.0059,0.0,-778.8,0.0,6.8165,0.0,-778.8,0.0,6.8165,1.0,0.0,0.0,0.0,0.0
1520,744.6,778.4,5422.65,5492.85,4714.45,101.5115,-0.0065,0.0,-778.4,0.0,6.8165,0.0,-778.4,0.0,6.8165,1.0,0.0,0.0,0.0,0.0
1521,744.87,784.4,5374.7,5376.5,4592.1,100.0392,-0.0002,0.0,-784.4,0.0,6.8165,0.0,-784.4,0.0,6.8165,1.0,0.0,0.0,0.0,0.0
1522,745.13,784.15,5274.2,5285.6,4501.45,100.2539,-0.0011,0.0,-784.15,0.0,6.8165,0.0,-784.15,0.0,6.8165,1.0,0.0,0.0,0.0,0.0
1523,745.39,780.6,5142.05,5154.0,4373.4,100.274,-0.0012,0.0,-780.6,0.0,6.8165,0.0,-780.6,0.0,6.8165,1.0,0.0,0.0,0.0,0.0
1524,745.66,799.25,4963.7,4991.8,4192.55,100.6748,-0.0029,0.0,-799.25,0.0,6.8165,0.0,-799.25,0.0,6.8165,1.0,0.0,0.0,0.0,0.0
1525,745.92,783.0,4795.75,4820.15,4037.15,100.6081,-0.0026,0.0,-783.0,0.0,6.8165,0.0,-783.0,0.0,6.8165,1.0,0.0,0.0,0.0,0.0
1526,746.19,776.8,4708.9,4683.4,3906.6,99.3515,0.0028,0.0,-776.8,0.0,6.8165,0.0,-776.8,0.0,6.8165,1.0,0.0,0.0,0.0,0.0
1527,746.45,773.45,4578.45,4535.1,3761.65,98.8607,0.005,0.0,-773.45,0.0,6.8165,0.0,-773.45,0.0,6.8165,1.0,0.0,0.0,0.0,0.0
1528,746.71,766.7,4485.5,4436.85,3670.15,98.6918,0.0057,0.0,-766.7,0.0,6.8165,0.0,-766.7,0.0,6.8165,1.0,0.0,0.0,0.0,0.0
1529,746.98,777.35,4390.4,4319.8,3542.45,98.046,0.0086,0.0,-777.35,0.0,6.8165,0.0,-777.35,0.0,6.8165,1.0,0.0,0.0,0.0,0.0
1530,747.24,788.2,4294.55,4236.4,3448.2,98.3416,0.0073,0.0,-788.2,0.0,6.8165,0.0,-788.2,0.0,6.8165,1.0,0.0,0.0,0.0,0.0
1531,747.5,780.35,4218.0,4171.25,3390.9,98.6401,0.0059,0.0,-780.35,0.0,6.8165,0.0,-780.35,0.0,6.8165,1.0,0.0,0.0,0.0,0.0
1532,747.77,786.2,4104.05,4063.95,3277.75,98.7914,0.0053,0.0,-786.2,0.0,6.8165,0.0,-786.2,0.0,6.8165,1.0,0.0,0.0,0.0,0.0
1533,748.03,784.35,3997.65,3970.8,3186.45,99.1644,0.0036,0.0,-784.35,0.0,6.8165,0.0,-784.35,0.0,6.8165,1.0,0.0,0.0,0.0,0.0
1534,748.29,798.4,3961.25,3944.05,3145.65,99.4562,0.0024,0.0,-798.4,0.0,6.8165,0.0,-798.4,0.0,6.8165,1.0,0.0,0.0,0.0,0.0
1535,748.56,793.4,3817.2,3839.3,3045.9,100.7309,-0.0032,0.0,-793.4,0.0,6.8165,0.0,-793.4,0.0,6.8165,1.0,0.0,0.0,0.0,0.0
1536,748.82,793.8,3714.1,3756.25,2962.45,101.4433,-0.0062,0.0,-793.8,0.0,6.8165,0.0,-793.8,0.0,6.8165,1.0,0.0,0.0,0.0,0.0
1537,749.08,782.4,3727.1,3729.85,2947.45,100.0934,-0.0004,0.0,-782.4,0.0,6.8165,0.0,-782.4,0.0,6.8165,1.0,0.0,0.0,0.0,0.0
1538,749.34,789.05,3719.05,3685.8,2896.75,98.8652,0.005,0.0,-789.05,0.0,6.8165,0.0,-789.05,0.0,6.8165,1.0,0.0,0.0,0.0,0.0
1539,749.61,790.15,3669.9,3675.85,2885.7,100.2066,-0.0009,0.0,-790.15,0.0,6.8165,0.0,-790.15,0.0,6.8165,1.0,0.0,0.0,0.0,0.0
1540,749.87,789.75,3564.85,3628.2,2838.45,102.2828,-0.0098,0.0,-789.75,0.0,6.8165,0.0,-789.75,0.0,6.8165,1.0,0.0,0.0,0.0,0.0
1541,750.13,786.85,3512.35,3552.1,2765.25,101.4584,-0.0063,0.0,-786.85,0.0,6.8165,0.0,-786.85,0.0,6.8165,1.0,0.0,0.0,0.0,0.0
1542,750.39,788.45,3475.9,3481.3,2692.85,100.2009,-0.0009,0.0,-788.45,0.0,6.8165,0.0,-788.45,0.0,6.8165,1.0,0.0,0.0,0.0,0.0
1543,750.65,784.6,3405.25,3426.85,2642.25,100.8242,-0.0036,0.0,-784.6,0.0,6.8165,0.0,-784.6,0.0,6.8165,1.0,0.0,0.0,0.0,0.0
1544,750.92,774.0,3325.35,3323.15,2549.15,99.9138,0.0004,0.0,-774.0,0.0,6.8165,0.0,-774.0,0.0,6.8165,1.0,0.0,0.0,0.0,0.0
1545,751.18,785.15,3299.8,3305.85,2520.7,100.2406,-0.001,0.0,-785.15,0.0,6.8165,0.0,-785.15,0.0,6.8165,1.0,0.0,0.0,0.0,0.0
1546,751.44,791.8,3292.15,3258.75,2466.95,98.6642,0.0058,0.0,-791.8,0.0,6.8165,0.0,-791.8,0.0,6.8165,1.0,0.0,0.0,0.0,0.0
1547,751.7,785.95,3202.05,3209.25,2423.3,100.298,-0.0013,0.0,-785.95,0.0,6.8165,0.0,-785.95,0.0,6.8165,1.0,0.0,0.0,0.0,0.0
1548,751.96,786.35,3128.05,3121.6,2335.25,99.7246,0.0012,0.0,-786.35,0.0,6.8165,0.0,-786.35,0.0,6.8165,1.0,0.0,0.0,0.0,0.0
1549,752.23,787.3,3078.9,3090.65,2303.35,100.5127,-0.0022,0.0,-787.3,0.0,6.8165,0.0,-787.3,0.0,6.8165,1.0,0.0,0.0,0.0,0.0
1550,752.49,781.15,3025.2,3050.25,2269.1,101.1163,-0.0048,0.0,-781.15,0.0,6.8165,0.0,-781.15,0.0,6.8165,1.0,0.0,0.0,0.0,0.0
1551,752.75,781.2,2957.0,2979.1,2197.9,101.0157,-0.0044,0.0,-781.2,0.0,6.8165,0.0,-781.2,0.0,6.8165,1.0,0.0,0.0,0.0,0.0
1552,753.01,774.6,2957.2,2982.7,2208.1,101.1683,-0.005,0.0,-774.6,0.0,6.8165,0.0,-774.6,0.0,6.8165,1.0,0.0,0.0,0.0,0.0
1553,753.27,795.15,2972.8,3019.75,2224.6,102.156,-0.0093,0.0,-795.15,0.0,6.8165,0.0,-795.15,0.0,6.8165,1.0,0.0,0.0,0.0,0.0
1554,753.53,787.75,2947.75,2962.75,2175.0,100.6944,-0.003,0.0,-787.75,0.0,6.8165,0.0,-787.75,0.0,6.8165,1.0,0.0,0.0,0.0,0.0
1555,753.79,790.3,2878.6,2913.65,2123.35,101.6784,-0.0072,0.0,-790.3,0.0,6.8165,0.0,-790.3,0.0,6.8165,1.0,0.0,0.0,0.0,0.0
1556,754.05,788.55,2825.7,2875.4,2086.85,102.4397,-0.0105,0.0,-788.55,0.0,6.8165,0.0,-788.55,0.0,6.8165,1.0,0.0,0.0,0.0,0.0
1557,754.31,795.25,2784.7,2807.25,2012.0,101.1335,-0.0049,0.0,-795.25,0.0,6.8165,0.0,-795.25,0.0,6.8165,1.0,0.0,0.0,0.0,0.0
1558,754.57,787.95,2709.25,2742.65,1954.7,101.7384,-0.0075,0.0,-787.95,0.0,6.8165,0.0,-787.95,0.0,6.8165,1.0,0.0,0.0,0.0,0.0
1559,754.84,789.8,2673.7,2702.5,1912.7,101.5287,-0.0066,0.0,-789.8,0.0,6.8165,0.0,-789.8,0.0,6.8165,1.0,0.0,0.0,0.0,0.0
1560,755.1,787.55,2669.2,2685.0,1897.45,100.8397,-0.0036,0.0,-787.55,0.0,6.8165,0.0,-787.55,0.0,6.8165,1.0,0.0,0.0,0.0,0.0
1561,755.36,797.05,2671.95,2688.4,1891.35,100.8774,-0.0038,0.0,-797.05,0.0,6.8165,0.0,-797.05,0.0,6.8165,1.0,0.0,0.0,0.0,0.0
1562,755.62,789.4,2628.25,2670.65,1881.25,102.3058,-0.0099,0.0,-789.4,0.0,6.8165,0.0,-789.4,0.0,6.8165,1.0,0.0,0.0,0.0,0.0
1563,755.88,765.9,2598.05,2639.45,1873.55,102.2596,-0.0097,0.0,-765.9,0.0,6.8165,0.0,-765.9,0.0,6.8165,1.0,0.0,0.0,0.0,0.0
1564,756.14,780.0,2618.85,2619.35,1839.35,100.0272,-0.0001,0.0,-780.0,0.0,6.8165,0.0,-780.0,0.0,6.8165,1.0,0.0,0.0,0.0,0.0
1565,756.4,780.2,2562.15,2577.15,1796.95,100.8418,-0.0036,0.0,-780.2,0.0,6.8165,0.0,-780.2,0.0,6.8165,1.0,0.0,0.0,0.0,0.0
1566,756.66,777.8,2518.3,2533.6,1755.8,100.8791,-0.0038,0.0,-777.8,0.0,6.8165,0.0,-777.8,0.0,6.8165,1.0,0.0,0.0,0.0,0.0
1567,756.92,786.7,2511.8,2528.4,1741.7,100.9623,-0.0042,0.0,-786.7,0.0,6.8165,0.0,-786.7,0.0,6.8165,1.0,0.0,0.0,0.0,0.0
1568,757.18,782.15,2448.4,2501.05,1718.9,103.1598,-0.0135,0.0,-782.15,0.0,6.8165,0.0,-782.15,0.0,6.8165,1.0,0.0,0.0,0.0,0.0
1569,757.43,787.25,2476.2,2488.45,1701.2,100.7253,-0.0031,0.0,-787.25,0.0,6.8165,0.0,-787.25,0.0,6.8165,1.0,0.0,0.0,0.0,0.0
1570,757.69,792.45,2433.5,2480.35,1687.9,102.8549,-0.0122,0.0,-792.45,0.0,6.8165,0.0,-792.45,0.0,6.8165,1.0,0.0,0.0,0.0,0.0
1571,757.95,796.2,2455.2,2443.35,1647.15,99.2857,0.0031,0.0,-796.2,0.0,6.8165,0.0,-796.2,0.0,6.8165,1.0,0.0,0.0,0.0,0.0
1572,758.21,798.1,2432.85,2438.95,1640.85,100.3731,-0.0016,0.0,-798.1,0.0,6.8165,0.0,-798.1,0.0,6.8165,1.0,0.0,0.0,0.0,0.0
1573,758.47,785.15,2423.45,2405.45,1620.3,98.9013,0.0048,0.0,-785.15,0.0,6.8165,0.0,-785.15,0.0,6.8165,1.0,0.0,0.0,0.0,0.0
1574,758.73,785.6,2399.65,2399.2,1613.6,99.9721,0.0001,0.0,-785.6,0.0,6.8165,0.0,-785.6,0.0,6.8165,1.0,0.0,0.0,0.0,0.0
1575,758.99,776.45,2426.4,2407.85,1631.4,98.8757,0.0049,0.0,-776.45,0.0,6.8165,0.0,-776.45,0.0,6.8165,1.0,0.0,0.0,0.0,0.0
1576,759.25,787.05,2442.2,2423.4,1636.35,98.8642,0.005,0.0,-787.05,0.0,6.8165,0.0,-787.05,0.0,6.8165,1.0,0.0,0.0,0.0,0.0
1577,759.51,783.55,2414.2,2397.35,1613.8,98.9667,0.0045,0.0,-783.55,0.0,6.8165,0.0,-783.55,0.0,6.8165,1.0,0.0,0.0,0.0,0.0
1578,759.77,782.5,2435.85,2410.5,1628.0,98.4667,0.0067,0.0,-782.5,0.0,6.8165,0.0,-782.5,0.0,6.8165,1.0,0.0,0.0,0.0,0.0
1579,760.02,781.75,2417.65,2391.65,1609.9,98.4107,0.007,0.0,-781.75,0.0,6.8165,0.0,-781.75,0.0,6.8165,1.0,0.0,0.0,0.0,0.0
1580,760.28,802.1,2384.2,2392.7,1590.6,100.5373,-0.0023,0.0,-802.1,0.0,6.8165,0.0,-802.1,0.0,6.8165,1.0,0.0,0.0,0.0,0.0
1581,760.54,795.9,2401.15,2392.4,1596.5,99.4549,0.0024,0.0,-795.9,0.0,6.8165,0.0,-795.9,0.0,6.8165,1.0,0.0,0.0,0.0,0.0
1582,760.8,791.6,2415.8,2407.3,1615.7,99.4767,0.0023,0.0,-791.6,0.0,6.8165,0.0,-791.6,0.0,6.8165,1.0,0.0,0.0,0.0,0.0
1583,761.06,778.15,2408.6,2408.05,1629.9,99.9663,0.0001,0.0,-778.15,0.0,6.8165,0.0,-778.15,0.0,6.8165,1.0,0.0,0.0,0.0,0.0
1584,761.32,784.9,2380.95,2383.05,1598.15,100.1316,-0.0006,0.0,-784.9,0.0,6.8165,0.0,-784.9,0.0,6.8165,1.0,0.0,0.0,0.0,0.0
1585,761.57,784.15,2341.75,2347.45,1563.3,100.3659,-0.0016,0.0,-784.15,0.0,6.8165,0.0,-784.15,0.0,6.8165,1.0,0.0,0.0,0.0,0.0
1586,761.83,778.95,2360.65,2358.85,1579.9,99.8862,0.0005,0.0,-778.95,0.0,6.8165,0.0,-778.95,0.0,6.8165,1.0,0.0,0.0,0.0,0.0
1587,762.09,782.95,2368.65,2348.85,1565.9,98.7513,0.0055,0.0,-782.95,0.0,6.8165,0.0,-782.95,0.0,6.8165,1.0,0.0,0.0,0.0,0.0
1588,762.35,794.6,2348.4,2365.55,1570.95,101.1037,-0.0048,0.0,-794.6,0.0,6.8165,0.0,-794.6,0.0,6.8165,1.0,0.0,0.0,0.0,0.0
1589,762.6,781.95,2357.35,2352.15,1570.2,99.6699,0.0014,0.0,-781.95,0.0,6.8165,0.0,-781.95,0.0,6.8165,1.0,0.0,0.0,0.0,0.0
1590,762.86,779.25,2358.85,2397.5,1618.25,102.4468,-0.0105,0.0,-779.25,0.0,6.8165,0.0,-779.25,0.0,6.8165,1.0,0.0,0.0,0.0,0.0
1591,763.12,770.7,2379.3,2384.45,1613.75,100.3202,-0.0014,0.0,-770.7,0.0,6.8165,0.0,-770.7,0.0,6.8165,1.0,0.0,0.0,0.0,0.0
1592,763.38,781.5,2381.05,2367.95,1586.45,99.181,0.0036,0.0,-781.5,0.0,6.8165,0.0,-781.5,0.0,6.8165,1.0,0.0,0.0,0.0,0.0
1593,763.63,770.15,2439.9,2439.2,1669.05,99.9581,0.0002,0.0,-770.15,0.0,6.8165,0.0,-770.15,0.0,6.8165,1.0,0.0,0.0,0.0,0.0
1594,763.89,787.55,2528.5,2536.05,1748.5,100.4337,-0.0019,0.0,-787.55,0.0,6.8165,0.0,-787.55,0.0,6.8165,1.0,0.0,0.0,0.0,0.0
1595,764.15,775.5,2638.55,2617.65,1842.15,98.8782,0.0049,0.0,-775.5,0.0,6.8165,0.0,-775.5,0.0,6.8165,1.0,0.0,0.0,0.0,0.0
1596,764.4,784.2,2718.75,2736.4,1952.2,100.9124,-0.0039,0.0,-784.2,0.0,6.8165,0.0,-784.2,0.0,6.8165,1.0,0.0,0.0,0.0,0.0
1597,764.66,786.1,2818.1,2851.25,2065.15,101.6314,-0.007,0.0,-786.1,0.0,6.8165,0.0,-786.1,0.0,6.8165,1.0,0.0,0.0,0.0,0.0
1598,764.92,789.25,2985.5,3012.1,2222.85,101.2112,-0.0052,0.0,-789.25,0.0,6.8165,0.0,-789.25,0.0,6.8165,1.0,0.0,0.0,0.0,0.0
1599,765.17,791.1,3066.3,3104.5,2313.4,101.679,-0.0072,0.0,-791.1,0.0,6.8165,0.0,-791.1,0.0,6.8165,1.0,0.0,0.0,0.0,0.0
1600,765.43,800.25,3052.1,3098.0,2297.75,102.0383,-0.0088,0.0,-800.25,0.0,6.8165,0.0,-800.25,0.0,6.8165,1.0,0.0,0.0,0.0,0.0
1601,765.69,792.65,3058.85,3081.25,2288.6,100.9884,-0.0043,0.0,-792.65,0.0,6.8165,0.0,-792.65,0.0,6.8165,1.0,0.0,0.0,0.0,0.0
1602,765.94,801.85,3002.65,3010.9,2209.05,100.3749,-0.0016,0.0,-801.85,0.0,6.8165,0.0,-801.85,0.0,6.8165,1.0,0.0,0.0,0.0,0.0
1603,766.2,782.35,2862.05,2877.85,2095.5,100.7597,-0.0033,0.0,-782.35,0.0,6.8165,0.0,-782.35,0.0,6.8165,1.0,0.0,0.0,0.0,0.0
1604,766.45,773.7,2696.7,2723.95,1950.25,101.4171,-0.0061,0.0,-773.7,0.0,6.8165,0.0,-773.7,0.0,6.8165,1.0,0.0,0.0,0.0,0.0
1605,766.71,785.05,2638.3,2611.95,1826.9,98.5782,0.0062,0.0,-785.05,0.0,6.8165,0.0,-785.05,0.0,6.8165,1.0,0.0,0.0,0.0,0.0
1606,766.97,795.05,2563.65,2528.9,1733.85,98.0352,0.0086,0.0,-795.05,0.0,6.8165,0.0,-795.05,0.0,6.8165,1.0,0.0,0.0,0.0,0.0
1607,767.22,796.9,2436.25,2436.2,1639.3,99.997,0.0,0.0,-796.9,0.0,6.8165,0.0,-796.9,0.0,6.8165,1.0,0.0,0.0,0.0,0.0
1608,767.48,797.8,2304.85,2315.15,1517.35,100.6835,-0.003,0.0,-797.8,0.0,6.8165,0.0,-797.8,0.0,6.8165,1.0,0.0,0.0,0.0,0.0
1609,767.73,802.35,2260.65,2238.65,1436.3,98.4914,0.0066,0.0,-802.35,0.0,6.8165,0.0,-802.35,0.0,6.8165,1.0,0.0,0.0,0.0,0.0
1610,767.99,797.5,2191.0,2167.0,1369.5,98.2777,0.0075,0.0,-797.5,0.0,6.8165,0.0,-797.5,0.0,6.8165,1.0,0.0,0.0,0.0,0.0
1611,768.24,790.2,2140.5,2116.4,1326.2,98.2152,0.0078,0.0,-790.2,0.0,6.8165,0.0,-790.2,0.0,6.8165,1.0,0.0,0.0,0.0,0.0
1612,768.5,792.5,2083.95,2046.0,1253.5,97.0614,0.013,0.0,-792.5,0.0,6.8165,0.0,-792.5,0.0,6.8165,1.0,0.0,0.0,0.0,0.0
1613,768.75,788.75,2021.6,2015.7,1226.95,99.5214,0.0021,0.0,-788.75,0.0,6.8165,0.0,-788.75,0.0,6.8165,1.0,0.0,0.0,0.0,0.0
1614,769.01,793.7,2000.1,1971.9,1178.2,97.6625,0.0103,0.0,-793.7,0.0,6.8165,0.0,-793.7,0.0,6.8165,1.0,0.0,0.0,0.0,0.0
1615,769.26,790.15,1940.5,1915.25,1125.1,97.805,0.0096,0.0,-790.15,0.0,6.8165,0.0,-790.15,0.0,6.8165,1.0,0.0,0.0,0.0,0.0
1616,769.52,786.25,1896.3,1889.85,1103.6,99.4189,0.0025,0.0,-786.25,0.0,6.8165,0.0,-786.25,0.0,6.8165,1.0,0.0,0.0,0.0,0.0
1617,769.77,773.35,1893.6,1867.7,1094.35,97.688,0.0102,0.0,-773.35,0.0,6.8165,0.0,-773.35,0.0,6.8165,1.0,0.0,0.0,0.0,0.0
1618,770.03,785.25,1861.85,1833.6,1048.35,97.376,0.0115,0.0,-785.25,0.0,6.8165,0.0,-785.25,0.0,6.8165,1.0,0.0,0.0,0.0,0.0
1619,770.28,784.95,1828.25,1793.85,1008.9,96.7028,0.0146,0.0,-784.95,0.0,6.8165,0.0,-784.95,0.0,6.8165,1.0,0.0,0.0,0.0,0.0
1620,770.54,801.15,1799.6,1771.95,970.8,97.2307,0.0122,0.0,-801.15,0.0,6.8165,0.0,-801.15,0.0,6.8165,1.0,0.0,0.0,0.0,0.0
1621,770.79,799.5,1810.55,1768.65,969.15,95.8558,0.0184,0.0,-799.5,0.0,6.8165,0.0,-799.5,0.0,6.8165,1.0,0.0,0.0,0.0,0.0
1622,771.04,789.3,1787.95,1742.6,953.3,95.4589,0.0202,0.0,-789.3,0.0,6.8165,0.0,-789.3,0.0,6.8165,1.0,0.0,0.0,0.0,0.0
1623,771.3,796.75,1774.75,1742.45,945.7,96.6973,0.0146,0.0,-796.75,0.0,6.8165,0.0,-796.75,0.0,6.8165,1.0,0.0,0.0,0.0,0.0
1624,771.55,787.65,1758.1,1706.2,918.55,94.652,0.0239,0.0,-787.65,0.0,6.8165,0.0,-787.65,0.0,6.8165,1.0,0.0,0.0,0.0,0.0
1625,771.81,790.85,1706.45,1682.8,891.95,97.417,0.0114,0.0,-790.85,0.0,6.8165,0.0,-790.85,0.0,6.8165,1.0,0.0,0.0,0.0,0.0
1626,772.06,782.2,1699.25,1682.5,900.3,98.1735,0.008,0.0,-782.2,0.0,6.8165,0.0,-782.2,0.0,6.8165,1.0,0.0,0.0,0.0,0.0
1627,772.31,787.25,1681.55,1675.9,888.65,99.3682,0.0028,0.0,-787.25,0.0,6.8165,0.0,-787.25,0.0,6.8165,1.0,0.0,0.0,0.0,0.0
1628,772.57,780.85,1675.85,1641.85,861.0,96.2011,0.0168,0.0,-780.85,0.0,6.8165,0.0,-780.85,0.0,6.8165,1.0,0.0,0.0,0.0,0.0
1629,772.82,787.55,1681.8,1640.9,853.35,95.4263,0.0203,0.0,-787.55,0.0,6.8165,0.0,-787.55,0.0,6.8165,1.0,0.0,0.0,0.0,0.0
1630,773.07,778.3,1655.0,1618.35,840.05,95.8196,0.0185,0.0,-778.3,0.0,6.8165,0.0,-778.3,0.0,6.8165,1.0,0.0,0.0,0.0,0.0
1631,773.33,785.7,1635.6,1614.2,828.5,97.4821,0.0111,0.0,-785.7,0.0,6.8165,0.0,-785.7,0.0,6.8165,1.0,0.0,0.0,0.0,0.0
1632,773.58,795.8,1621.85,1586.65,790.85,95.7388,0.0189,0.0,-795.8,0.0,6.8165,0.0,-795.8,0.0,6.8165,1.0,0.0,0.0,0.0,0.0
1633,773.83,787.75,1609.5,1575.4,787.65,95.8503,0.0184,0.0,-787.75,0.0,6.8165,0.0,-787.75,0.0,6.8165,1.0,0.0,0.0,0.0,0.0
1634,774.09,773.4,1601.95,1567.5,794.1,95.8421,0.0184,0.0,-773.4,0.0,6.8165,0.0,-773.4,0.0,6.8165,1.0,0.0,0.0,0.0,0.0
1635,774.34,782.4,1577.2,1552.4,770.0,96.8797,0.0138,0.0,-782.4,0.0,6.8165,0.0,-782.4,0.0,6.8165,1.0,0.0,0.0,0.0,0.0
1636,774.59,778.3,1563.35,1556.4,778.1,99.1147,0.0039,0.0,-778.3,0.0,6.8165,0.0,-778.3,0.0,6.8165,1.0,0.0,0.0,0.0,0.0
1637,774.85,771.0,1547.0,1527.95,756.95,97.5451,0.0108,0.0,-771.0,0.0,6.8165,0.0,-771.0,0.0,6.8165,1.0,0.0,0.0,0.0,0.0
1638,775.1,793.4,1549.4,1523.9,730.5,96.627,0.0149,0.0,-793.4,0.0,6.8165,0.0,-793.4,0.0,6.8165,1.0,0.0,0.0,0.0,0.0
1639,775.35,791.95,1554.95,1510.0,718.05,94.1088,0.0264,0.0,-791.95,0.0,6.8165,0.0,-791.95,0.0,6.8165,1.0,0.0,0.0,0.0,0.0
1640,775.6,788.3,1519.3,1489.25,700.95,95.8892,0.0182,0.0,-788.3,0.0,6.8165,0.0,-788.3,0.0,6.8165,1.0,0.0,0.0,0.0,0.0
1641,775.85,791.1,1522.95,1478.95,687.85,93.9878,0.0269,0.0,-791.1,0.0,6.8165,0.0,-791.1,0.0,6.8165,1.0,0.0,0.0,0.0,0.0
1642,776.11,787.45,1513.9,1451.95,664.5,91.4722,0.0387,0.0,-787.45,0.0,6.8165,0.0,-787.45,0.0,6.8165,1.0,0.0,0.0,0.0,0.0
1643,776.36,783.95,1482.65,1475.95,692.0,99.0411,0.0042,0.0,-783.95,0.0,6.8165,0.0,-783.95,0.0,6.8165,1.0,0.0,0.0,0.0,0.0
1644,776.61,791.25,1489.1,1447.8,656.55,94.0818,0.0265,0.0,-791.25,0.0,6.8165,0.0,-791.25,0.0,6.8165,1.0,0.0,0.0,0.0,0.0
1645,776.86,791.1,1489.7,1461.1,670.0,95.9061,0.0182,0.0,-791.1,0.0,6.8165,0.0,-791.1,0.0,6.8165,1.0,0.0,0.0,0.0,0.0
1646,777.11,772.65,1494.1,1445.1,672.45,93.2081,0.0305,0.0,-772.65,0.0,6.8165,0.0,-772.65,0.0,6.8165,1.0,0.0,0.0,0.0,0.0
1647,777.37,789.9,1483.7,1466.15,676.25,97.4705,0.0111,0.0,-789.9,0.0,6.8165,0.0,-789.9,0.0,6.8165,1.0,0.0,0.0,0.0,0.0
1648,777.62,788.8,1482.7,1450.55,661.75,95.3668,0.0206,0.0,-788.8,0.0,6.8165,0.0,-788.8,0.0,6.8165,1.0,0.0,0.0,0.0,0.0
1649,777.87,795.85,1466.65,1422.95,627.1,93.4854,0.0293,0.0,-795.85,0.0,6.8165,0.0,-795.85,0.0,6.8165,1.0,0.0,0.0,0.0,0.0
1650,778.12,787.25,1463.95,1419.05,631.8,93.3649,0.0298,0.0,-787.25,0.0,6.8165,0.0,-787.25,0.0,6.8165,1.0,0.0,0.0,0.0,0.0
1651,778.37,791.1,1448.15,1390.15,599.05,91.1727,0.0401,0.0,-791.1,0.0,6.8165,0.0,-791.1,0.0,6.8165,1.0,0.0,0.0,0.0,0.0
1652,778.62,787.1,1439.4,1406.2,619.1,94.9103,0.0227,0.0,-787.1,0.0,6.8165,0.0,-787.1,0.0,6.8165,1.0,0.0,0.0,0.0,0.0
1653,778.87,786.55,1441.35,1394.15,607.6,92.7917,0.0325,0.0,-786.55,0.0,6.8165,0.0,-786.55,0.0,6.8165,1.0,0.0,0.0,0.0,0.0
1654,779.12,788.5,1434.1,1399.35,610.85,94.6174,0.024,0.0,-788.5,0.0,6.8165,0.0,-788.5,0.0,6.8165,1.0,0.0,0.0,0.0,0.0
1655,779.38,793.3,1424.85,1395.35,602.05,95.329,0.0208,0.0,-793.3,0.0,6.8165,0.0,-793.3,0.0,6.8165,1.0,0.0,0.0,0.0,0.0
1656,779.63,794.7,1434.2,1377.0,582.3,91.0555,0.0407,0.0,-794.7,0.0,6.8165,0.0,-794.7,0.0,6.8165,1.0,0.0,0.0,0.0,0.0
1657,779.88,782.5,1439.4,1374.95,592.45,90.1888,0.0448,0.0,-782.5,0.0,6.8165,0.0,-782.5,0.0,6.8165,1.0,0.0,0.0,0.0,0.0
1658,780.13,782.95,1421.4,1385.55,602.6,94.3848,0.0251,0.0,-782.95,0.0,6.8165,0.0,-782.95,0.0,6.8165,1.0,0.0,0.0,0.0,0.0
1659,780.38,798.5,1416.7,1398.2,599.7,97.0074,0.0132,0.0,-798.5,0.0,6.8165,0.0,-798.5,0.0,6.8165,1.0,0.0,0.0,0.0,0.0
1660,780.63,805.85,1416.55,1396.0,590.15,96.635,0.0149,0.0,-805.85,0.0,6.8165,0.0,-805.85,0.0,6.8165,1.0,0.0,0.0,0.0,0.0
1661,780.88,785.3,1414.9,1378.85,593.55,94.2741,0.0256,0.0,-785.3,0.0,6.8165,0.0,-785.3,0.0,6.8165,1.0,0.0,0.0,0.0,0.0
1662,781.13,785.8,1409.7,1390.85,605.05,96.9787,0.0133,0.0,-785.8,0.0,6.8165,0.0,-785.8,0.0,6.8165,1.0,0.0,0.0,0.0,0.0
1663,781.38,792.35,1412.1,1379.3,586.95,94.7075,0.0236,0.0,-792.35,0.0,6.8165,0.0,-792.35,0.0,6.8165,1.0,0.0,0.0,0.0,0.0
1664,781.63,778.5,1410.0,1356.9,578.4,91.5914,0.0381,0.0,-778.5,0.0,6.8165,0.0,-778.5,0.0,6.8165,1.0,0.0,0.0,0.0,0.0
1665,781.88,791.5,1400.45,1382.6,591.1,97.0687,0.0129,0.0,-791.5,0.0,6.8165,0.0,-791.5,0.0,6.8165,1.0,0.0,0.0,0.0,0.0
1666,782.13,795.95,1393.9,1376.45,580.5,97.0817,0.0129,0.0,-795.95,0.0,6.8165,0.0,-795.95,0.0,6.8165,1.0,0.0,0.0,0.0,0.0
1667,782.38,788.65,1385.45,1337.25,548.6,91.9236,0.0366,0.0,-788.65,0.0,6.8165,0.0,-788.65,0.0,6.8165,1.0,0.0,0.0,0.0,0.0
1668,782.63,780.75,1414.75,1349.25,568.5,89.6688,0.0474,0.0,-780.75,0.0,6.8165,0.0,-780.75,0.0,6.8165,1.0,0.0,0.0,0.0,0.0
1669,782.88,791.2,1413.55,1365.25,574.05,92.2391,0.0351,0.0,-791.2,0.0,6.8165,0.0,-791.2,0.0,6.8165,1.0,0.0,0.0,0.0,0.0
1670,783.13,789.2,1398.65,1363.9,574.7,94.2981,0.0255,0.0,-789.2,0.0,6.8165,0.0,-789.2,0.0,6.8165,1.0,0.0,0.0,0.0,0.0
1671,783.38,792.5,1395.35,1365.0,572.5,94.9656,0.0224,0.0,-792.5,0.0,6.8165,0.0,-792.5,0.0,6.8165,1.0,0.0,0.0,0.0,0.0
1672,783.62,803.25,1396.1,1348.45,545.2,91.9626,0.0364,0.0,-803.25,0.0,6.8165,0.0,-803.25,0.0,6.8165,1.0,0.0,0.0,0.0,0.0
1673,783.87,792.35,1397.45,1348.65,556.3,91.9352,0.0365,0.0,-792.35,0.0,6.8165,0.0,-792.35,0.0,6.8165,1.0,0.0,0.0,0.0,0.0
1674,784.12,774.2,1404.65,1354.2,580.0,91.9978,0.0362,0.0,-774.2,0.0,6.8165,0.0,-774.2,0.0,6.8165,1.0,0.0,0.0,0.0,0.0
1675,784.37,784.05,1421.4,1334.75,550.7,86.4046,0.0635,0.0,-784.05,0.0,6.8165,0.0,-784.05,0.0,6.8165,1.0,0.0,0.0,0.0,0.0
1676,784.62,783.2,1409.8,1349.35,566.15,90.3527,0.0441,0.0,-783.2,0.0,6.8165,0.0,-783.2,0.0,6.8165,1.0,0.0,0.0,0.0,0.0
1677,784.87,788.6,1420.5,1352.35,563.75,89.2151,0.0496,0.0,-788.6,0.0,6.8165,0.0,-788.6,0.0,6.8165,1.0,0.0,0.0,0.0,0.0
1678,785.12,799.45,1418.25,1349.65,550.2,88.914,0.051,0.0,-799.45,0.0,6.8165,0.0,-799.45,0.0,6.8165,1.0,0.0,0.0,0.0,0.0
1679,785.37,794.65,1417.6,1354.2,559.55,89.8226,0.0466,0.0,-794.65,0.0,6.8165,0.0,-794.65,0.0,6.8165,1.0,0.0,0.0,0.0,0.0
1680,785.61,787.8,1405.05,1346.75,558.95,90.5549,0.0431,0.0,-787.8,0.0,6.8165,0.0,-787.8,0.0,6.8165,1.0,0.0,0.0,0.0,0.0
1681,785.86,785.65,1404.1,1328.4,542.75,87.7597,0.0567,0.0,-785.65,0.0,6.8165,0.0,-785.65,0.0,6.8165,1.0,0.0,0.0,0.0,0.0
1682,786.11,790.4,1402.05,1334.9,544.5,89.0215,0.0505,0.0,-790.4,0.0,6.8165,0.0,-790.4,0.0,6.8165,1.0,0.0,0.0,0.0,0.0
1683,786.36,794.3,1423.35,1339.95,545.65,86.7419,0.0618,0.0,-794.3,0.0,6.8165,0.0,-794.3,0.0,6.8165,1.0,0.0,0.0,0.0,0.0
1684,786.61,800.15,1394.8,1315.55,515.4,86.6728,0.0621,0.0,-800.15,0.0,6.8165,0.0,-800.15,0.0,6.8165,1.0,0.0,0.0,0.0,0.0
1685,786.85,800.5,1418.55,1331.4,530.9,85.8992,0.066,0.0,-800.5,0.0,6.8165,0.0,-800.5,0.0,6.8165,1.0,0.0,0.0,0.0,0.0
1686,787.1,784.9,1383.45,1331.55,546.65,91.329,0.0394,0.0,-784.9,0.0,6.8165,0.0,-784.9,0.0,6.8165,1.0,0.0,0.0,0.0,0.0
1687,787.35,780.7,1412.35,1316.75,536.05,84.865,0.0713,0.0,-780.7,0.0,6.8165,0.0,-780.7,0.0,6.8165,1.0,0.0,0.0,0.0,0.0
1688,787.6,777.35,1394.95,1317.6,540.25,87.4757,0.0581,0.0,-777.35,0.0,6.8165,0.0,-777.35,0.0,6.8165,1.0,0.0,0.0,0.0,0.0
1689,787.84,785.05,1382.4,1322.05,537.0,89.897,0.0463,0.0,-785.05,0.0,6.8165,0.0,-785.05,0.0,6.8165,1.0,0.0,0.0,0.0,0.0
1690,788.09,783.55,1400.2,1319.55,536.0,86.9213,0.0609,0.0,-783.55,0.0,6.8165,0.0,-783.55,0.0,6.8165,1.0,0.0,0.0,0.0,0.0
1691,788.34,793.1,1397.2,1332.25,539.15,89.2485,0.0494,0.0,-793.1,0.0,6.8165,0.0,-793.1,0.0,6.8165,1.0,0.0,0.0,0.0,0.0
1692,788.59,778.65,1382.85,1319.1,540.45,89.4489,0.0484,0.0,-778.65,0.0,6.8165,0.0,-778.65,0.0,6.8165,1.0,0.0,0.0,0.0,0.0
1693,788.83,777.0,1376.0,1332.95,555.95,92.813,0.0324,0.0,-777.0,0.0,6.8165,0.0,-777.0,0.0,6.8165,1.0,0.0,0.0,0.0,0.0
1694,789.08,782.9,1390.45,1334.7,551.8,90.8238,0.0418,0.0,-782.9,0.0,6.8165,0.0,-782.9,0.0,6.8165,1.0,0.0,0.0,0.0,0.0
1695,789.33,798.45,1412.55,1351.2,552.75,90.0098,0.0457,0.0,-798.45,0.0,6.8165,0.0,-798.45,0.0,6.8165,1.0,0.0,0.0,0.0,0.0
1696,789.57,777.25,1422.4,1353.3,576.05,89.2893,0.0492,0.0,-777.25,0.0,6.8165,0.0,-777.25,0.0,6.8165,1.0,0.0,0.0,0.0,0.0
1697,789.82,798.1,1431.55,1342.0,543.9,85.8631,0.0662,0.0,-798.1,0.0,6.8165,0.0,-798.1,0.0,6.8165,1.0,0.0,0.0,0.0,0.0
1698,790.07,774.4,1432.85,1343.95,569.55,86.4986,0.063,0.0,-774.4,0.0,6.8165,0.0,-774.4,0.0,6.8165,1.0,0.0,0.0,0.0,0.0
1699,790.31,782.25,1442.0,1356.95,574.7,87.1088,0.0599,0.0,-782.25,0.0,6.8165,0.0,-782.25,0.0,6.8165,1.0,0.0,0.0,0.0,0.0
1700,790.56,780.45,1449.4,1372.9,592.45,88.5642,0.0527,0.0,-780.45,0.0,6.8165,0.0,-780.45,0.0,6.8165,1.0,0.0,0.0,0.0,0.0
1701,790.8,784.95,1425.85,1346.95,562.0,87.6892,0.0571,0.0,-784.95,0.0,6.8165,0.0,-784.95,0.0,6.8165,1.0,0.0,0.0,0.0,0.0
1702,791.05,790.3,1434.0,1338.0,547.7,85.0862,0.0701,0.0,-790.3,0.0,6.8165,0.0,-790.3,0.0,6.8165,1.0,0.0,0.0,0.0,0.0
1703,791.3,778.1,1420.1,1322.35,544.25,84.7741,0.0717,0.0,-778.1,0.0,6.8165,0.0,-778.1,0.0,6.8165,1.0,0.0,0.0,0.0,0.0
1704,791.54,783.5,1413.1,1317.15,533.65,84.7602,0.0718,0.0,-783.5,0.0,6.8165,0.0,-783.5,0.0,6.8165,1.0,0.0,0.0,0.0,0.0
1705,791.79,790.85,1407.65,1325.3,534.45,86.6488,0.0622,0.0,-790.85,0.0,6.8165,0.0,-790.85,0.0,6.8165,1.0,0.0,0.0,0.0,0.0
1706,792.03,777.5,1402.8,1287.05,509.55,81.4889,0.0889,0.0,-777.5,0.0,6.8165,0.0,-777.5,0.0,6.8165,1.0,0.0,0.0,0.0,0.0
1707,792.28,791.05,1371.7,1283.35,492.3,84.7843,0.0717,0.0,-791.05,0.0,6.8165,0.0,-791.05,0.0,6.8165,1.0,0.0,0.0,0.0,0.0
1708,792.53,781.15,1353.85,1280.0,498.85,87.1049,0.06,0.0,-781.15,0.0,6.8165,0.0,-781.15,0.0,6.8165,1.0,0.0,0.0,0.0,0.0
1709,792.77,796.85,1366.85,1249.75,452.9,79.4561,0.0999,0.0,-796.85,0.0,6.8165,0.0,-796.85,0.0,6.8165,1.0,0.0,0.0,0.0,0.0
1710,793.02,782.5,1335.45,1262.3,479.8,86.771,0.0616,0.0,-782.5,0.0,6.8165,0.0,-782.5,0.0,6.8165,1.0,0.0,0.0,0.0,0.0
1711,793.26,792.2,1331.2,1227.7,435.5,80.7978,0.0926,0.0,-792.2,0.0,6.8165,0.0,-792.2,0.0,6.8165,1.0,0.0,0.0,0.0,0.0
1712,793.51,785.55,1340.4,1218.25,432.7,77.985,0.108,0.0,-785.55,0.0,6.8165,0.0,-785.55,0.0,6.8165,1.0,0.0,0.0,0.0,0.0
1713,793.75,782.65,1299.7,1214.8,432.15,83.5799,0.0779,0.0,-782.65,0.0,6.8165,0.0,-782.65,0.0,6.8165,1.0,0.0,0.0,0.0,0.0
1714,794.0,796.65,1312.45,1200.65,404.0,78.3249,0.1061,0.0,-796.65,0.0,6.8165,0.0,-796.65,0.0,6.8165,1.0,0.0,0.0,0.0,0.0
1715,794.24,779.6,1310.6,1202.3,422.7,79.6045,0.0991,0.0,-779.6,0.0,6.8165,0.0,-779.6,0.0,6.8165,1.0,0.0,0.0,0.0,0.0
1716,794.49,780.5,1294.2,1192.7,412.2,80.2414,0.0956,0.0,-780.5,0.0,6.8165,0.0,-780.5,0.0,6.8165,1.0,0.0,0.0,0.0,0.0
1717,794.73,780.25,1273.8,1189.05,408.8,82.8285,0.0818,0.0,-780.25,0.0,6.8165,0.0,-780.25,0.0,6.8165,1.0,0.0,0.0,0.0,0.0
1718,794.97,783.35,1284.2,1173.35,390.0,77.8676,0.1086,0.0,-783.35,0.0,6.8165,0.0,-783.35,0.0,6.8165,1.0,0.0,0.0,0.0,0.0
1719,795.22,788.0,1269.9,1153.9,365.9,75.9286,0.1196,0.0,-788.0,0.0,6.8165,0.0,-788.0,0.0,6.8165,1.0,0.0,0.0,0.0,0.0
1720,795.46,793.35,1265.95,1161.2,367.85,77.8354,0.1088,0.0,-793.35,0.0,6.8165,0.0,-793.35,0.0,6.8165,1.0,0.0,0.0,0.0,0.0
1721,795.71,794.15,1237.4,1141.0,346.85,78.2516,0.1065,0.0,-794.15,0.0,6.8165,0.0,-794.15,0.0,6.8165,1.0,0.0,0.0,0.0,0.0
1722,795.95,790.9,1248.2,1159.1,368.2,80.5161,0.0941,0.0,-790.9,0.0,6.8165,0.0,-790.9,0.0,6.8165,1.0,0.0,0.0,0.0,0.0
1723,796.19,796.85,1233.85,1123.9,327.05,74.8398,0.1259,0.0,-796.85,0.0,6.8165,0.0,-796.85,0.0,6.8165,1.0,0.0,0.0,0.0,0.0
1724,796.44,789.55,1236.35,1129.9,340.35,76.175,0.1182,0.0,-789.55,0.0,6.8165,0.0,-789.55,0.0,6.8165,1.0,0.0,0.0,0.0,0.0
1725,796.68,789.05,1245.85,1121.3,332.25,72.7342,0.1383,0.0,-789.05,0.0,6.8165,0.0,-789.05,0.0,6.8165,1.0,0.0,0.0,0.0,0.0
1726,796.93,782.7,1228.15,1118.9,336.2,75.4742,0.1222,0.0,-782.7,0.0,6.8165,0.0,-782.7,0.0,6.8165,1.0,0.0,0.0,0.0,0.0
1727,797.17,789.55,1231.45,1118.15,328.6,74.3607,0.1287,0.0,-789.55,0.0,6.8165,0.0,-789.55,0.0,6.8165,1.0,0.0,0.0,0.0,0.0
1728,797.41,798.6,1239.15,1106.9,308.3,69.9807,0.155,0.0,-798.6,0.0,6.8165,0.0,-798.6,0.0,6.8165,1.0,0.0,0.0,0.0,0.0
1729,797.66,787.15,1239.9,1119.3,332.15,73.3628,0.1345,0.0,-787.15,0.0,6.8165,0.0,-787.15,0.0,6.8165,1.0,0.0,0.0,0.0,0.0
1730,797.9,785.6,1231.7,1110.6,325.0,72.8536,0.1375,0.0,-785.6,0.0,6.8165,0.0,-785.6,0.0,6.8165,1.0,0.0,0.0,0.0,0.0
1731,798.14,783.6,1218.8,1116.95,333.35,76.597,0.1158,0.0,-783.6,0.0,6.8165,0.0,-783.6,0.0,6.8165,1.0,0.0,0.0,0.0,0.0
1732,798.39,796.55,1216.85,1113.15,316.6,75.3271,0.123,0.0,-796.55,0.0,6.8165,0.0,-796.55,0.0,6.8165,1.0,0.0,0.0,0.0,0.0
1733,798.63,783.3,1223.75,1090.7,307.4,69.7923,0.1562,0.0,-783.3,0.0,6.8165,0.0,-783.3,0.0,6.8165,1.0,0.0,0.0,0.0,0.0
1734,798.87,796.65,1226.5,1083.2,286.55,66.6628,0.1761,0.0,-796.65,0.0,6.8165,0.0,-796.65,0.0,6.8165,1.0,0.0,0.0,0.0,0.0
1735,799.11,790.4,1203.25,1093.35,302.95,73.3802,0.1344,0.0,-790.4,0.0,6.8165,0.0,-790.4,0.0,6.8165,1.0,0.0,0.0,0.0,0.0
1736,799.36,792.75,1214.75,1066.9,274.15,64.9645,0.1873,0.0,-792.75,0.0,6.8165,0.0,-792.75,0.0,6.8165,1.0,0.0,0.0,0.0,0.0
1737,799.6,785.8,1203.05,1056.5,270.7,64.8772,0.1879,0.0,-785.8,0.0,6.8165,0.0,-785.8,0.0,6.8165,1.0,0.0,0.0,0.0,0.0
1738,799.84,795.25,1194.5,1070.0,274.75,68.8165,0.1623,0.0,-795.25,0.0,6.8165,0.0,-795.25,0.0,6.8165,1.0,0.0,0.0,0.0,0.0
1739,800.08,787.85,1185.05,1066.75,278.9,70.2165,0.1536,0.0,-787.85,0.0,6.8165,0.0,-787.85,0.0,6.8165,1.0,0.0,0.0,0.0,0.0
1740,800.33,794.3,1178.15,1064.35,270.05,70.353,0.1527,0.0,-794.3,0.0,6.8165,0.0,-794.3,0.0,6.8165,1.0,0.0,0.0,0.0,0.0
1741,800.57,774.65,1167.6,1033.4,258.75,65.8481,0.1815,0.0,-774.65,0.0,6.8165,0.0,-774.65,0.0,6.8165,1.0,0.0,0.0,0.0,0.0
1742,800.81,797.9,1176.1,1038.25,240.35,63.551,0.1969,0.0,-797.9,0.0,6.8165,0.0,-797.9,0.0,6.8165,1.0,0.0,0.0,0.0,0.0
1743,801.05,788.6,1171.5,1039.15,250.55,65.4348,0.1842,0.0,-788.6,0.0,6.8165,0.0,-788.6,0.0,6.8165,1.0,0.0,0.0,0.0,0.0
1744,801.29,785.2,1159.0,1038.25,253.05,67.6966,0.1694,0.0,-785.2,0.0,6.8165,0.0,-785.2,0.0,6.8165,1.0,0.0,0.0,0.0,0.0
1745,801.54,788.5,1199.95,1036.45,247.95,60.2625,0.22,0.0,-788.5,0.0,6.8165,0.0,-788.5,0.0,6.8165,1.0,0.0,0.0,0.0,0.0
1746,801.78,787.4,1168.4,1037.1,249.7,65.5381,0.1835,0.0,-787.4,0.0,6.8165,0.0,-787.4,0.0,6.8165,1.0,0.0,0.0,0.0,0.0
1747,802.02,792.85,1178.7,1026.9,234.05,60.6583,0.2171,0.0,-792.85,0.0,6.8165,0.0,-792.85,0.0,6.8165,1.0,0.0,0.0,0.0,0.0
1748,802.26,792.05,1164.55,1040.4,248.35,66.6711,0.1761,0.0,-792.05,0.0,6.8165,0.0,-792.05,0.0,6.8165,1.0,0.0,0.0,0.0,0.0
1749,802.5,793.35,1157.7,1025.15,231.8,63.6201,0.1964,0.0,-793.35,0.0,6.8165,0.0,-793.35,0.0,6.8165,1.0,0.0,0.0,0.0,0.0
1750,802.74,785.2,1152.75,1006.65,221.45,60.2503,0.22,0.0,-785.2,0.0,6.8165,0.0,-785.2,0.0,6.8165,1.0,0.0,0.0,0.0,0.0
1751,802.98,786.05,1168.05,1026.6,240.55,62.9712,0.2009,0.0,-786.05,0.0,6.8165,0.0,-786.05,0.0,6.8165,1.0,0.0,0.0,0.0,0.0
1752,803.22,795.1,1149.8,1020.25,225.15,63.4762,0.1974,0.0,-795.1,0.0,6.8165,0.0,-795.1,0.0,6.8165,1.0,0.0,0.0,0.0,0.0
1753,803.47,792.25,1142.4,1013.45,221.2,63.1729,0.1995,0.0,-792.25,0.0,6.8165,0.0,-792.25,0.0,6.8165,1.0,0.0,0.0,0.0,0.0
1754,803.71,787.05,1138.35,1013.65,226.6,64.5033,0.1904,0.0,-787.05,0.0,6.8165,0.0,-787.05,0.0,6.8165,1.0,0.0,0.0,0.0,0.0
1755,803.95,793.55,1152.9,1007.8,214.25,59.6215,0.2246,0.0,-793.55,0.0,6.8165,0.0,-793.55,0.0,6.8165,1.0,0.0,0.0,0.0,0.0
1756,804.19,782.4,1145.3,1014.55,232.15,63.9708,0.194,0.0,-782.4,0.0,6.8165,0.0,-782.4,0.0,6.8165,1.0,0.0,0.0,0.0,0.0
1757,804.43,778.9,1160.35,994.3,215.4,56.4687,0.2482,0.0,-778.9,0.0,6.8165,0.0,-778.9,0.0,6.8165,1.0,0.0,0.0,0.0,0.0
1758,804.67,796.85,1155.5,999.95,203.1,56.629,0.247,0.0,-796.85,0.0,6.8165,0.0,-796.85,0.0,6.8165,1.0,0.0,0.0,0.0,0.0
1759,804.91,784.0,1141.45,995.65,211.65,59.2111,0.2276,0.0,-784.0,0.0,6.8165,0.0,-784.0,0.0,6.8165,1.0,0.0,0.0,0.0,0.0
1760,805.15,796.6,1133.35,991.1,194.5,57.758,0.2384,0.0,-796.6,0.0,6.8165,0.0,-796.6,0.0,6.8165,1.0,0.0,0.0,0.0,0.0
1761,805.39,793.45,1143.2,986.95,193.5,55.3252,0.2571,0.0,-793.45,0.0,6.8165,0.0,-793.45,0.0,6.8165,1.0,0.0,0.0,0.0,0.0
1762,805.63,782.9,1135.8,1007.3,224.4,63.5874,0.1966,0.0,-782.9,0.0,6.8165,0.0,-782.9,0.0,6.8165,1.0,0.0,0.0,0.0,0.0
1763,805.87,786.1,1126.65,982.15,196.05,57.5686,0.2398,0.0,-786.1,0.0,6.8165,0.0,-786.1,0.0,6.8165,1.0,0.0,0.0,0.0,0.0
1764,806.11,782.7,1132.35,987.4,204.7,58.5443,0.2325,0.0,-782.7,0.0,6.8165,0.0,-782.7,0.0,6.8165,1.0,0.0,0.0,0.0,0.0
1765,806.35,799.4,1144.7,988.05,188.65,54.6337,0.2625,0.0,-799.4,0.0,6.8165,0.0,-799.4,0.0,6.8165,1.0,0.0,0.0,0.0,0.0
1766,806.59,793.4,1130.25,981.65,188.25,55.8854,0.2527,0.0,-793.4,0.0,6.8165,0.0,-793.4,0.0,6.8165,1.0,0.0,0.0,0.0,0.0
1767,806.83,786.7,1131.05,978.3,191.6,55.6411,0.2546,0.0,-786.7,0.0,6.8165,0.0,-786.7,0.0,6.8165,1.0,0.0,0.0,0.0,0.0
1768,807.07,789.6,1119.9,986.6,197.0,59.6427,0.2244,0.0,-789.6,0.0,6.8165,0.0,-789.6,0.0,6.8165,1.0,0.0,0.0,0.0,0.0
1769,807.31,796.3,1155.25,975.85,179.55,50.0209,0.3008,0.0,-796.3,0.0,6.8165,0.0,-796.3,0.0,6.8165,1.0,0.0,0.0,0.0,0.0
1770,807.54,787.85,1130.5,989.2,201.35,58.7626,0.2309,0.0,-787.85,0.0,6.8165,0.0,-787.85,0.0,6.8165,1.0,0.0,0.0,0.0,0.0
1771,807.78,787.0,1114.05,983.45,196.45,60.0673,0.2214,0.0,-787.0,0.0,6.8165,0.0,-787.0,0.0,6.8165,1.0,0.0,0.0,0.0,0.0
1772,808.02,802.75,1127.45,976.6,173.85,53.5417,0.2713,0.0,-802.75,0.0,6.8165,0.0,-802.75,0.0,6.8165,1.0,0.0,0.0,0.0,0.0
1773,808.26,802.1,1130.55,959.7,157.6,47.983,0.3189,0.0,-802.1,0.0,6.8165,0.0,-802.1,0.0,6.8165,1.0,0.0,0.0,0.0,0.0
1774,808.5,803.55,1136.1,973.55,170.0,51.1201,0.2914,0.0,-803.55,0.0,6.8165,0.0,-803.55,0.0,6.8165,1.0,0.0,0.0,0.0,0.0
1775,808.74,785.7,1132.85,966.65,180.95,52.1244,0.283,0.0,-785.7,0.0,6.8165,0.0,-785.7,0.0,6.8165,1.0,0.0,0.0,0.0,0.0
1776,808.98,781.55,1136.5,973.9,192.35,54.1907,0.2661,0.0,-781.55,0.0,6.8165,0.0,-781.55,0.0,6.8165,1.0,0.0,0.0,0.0,0.0
1777,809.22,788.1,1107.8,959.3,171.2,53.5502,0.2712,0.0,-788.1,0.0,6.8165,0.0,-788.1,0.0,6.8165,1.0,0.0,0.0,0.0,0.0
1778,809.45,789.6,1116.1,970.1,180.5,55.2833,0.2574,0.0,-789.6,0.0,6.8165,0.0,-789.6,0.0,6.8165,1.0,0.0,0.0,0.0,0.0
1779,809.69,793.25,1151.6,971.65,178.4,49.7837,0.3029,0.0,-793.25,0.0,6.8165,0.0,-793.25,0.0,6.8165,1.0,0.0,0.0,0.0,0.0
1780,809.93,786.3,1141.35,971.85,185.55,52.2602,0.2818,0.0,-786.3,0.0,6.8165,0.0,-786.3,0.0,6.8165,1.0,0.0,0.0,0.0,0.0
1781,810.17,774.45,1144.15,956.4,181.95,49.2156,0.3079,0.0,-774.45,0.0,6.8165,0.0,-774.45,0.0,6.8165,1.0,0.0,0.0,0.0,0.0
1782,810.41,784.65,1126.25,969.8,185.15,54.2008,0.266,0.0,-784.65,0.0,6.8165,0.0,-784.65,0.0,6.8165,1.0,0.0,0.0,0.0,0.0
1783,810.64,788.5,1123.4,974.45,185.95,55.524,0.2555,0.0,-788.5,0.0,6.8165,0.0,-788.5,0.0,6.8165,1.0,0.0,0.0,0.0,0.0
1784,810.88,790.6,1151.15,976.55,185.95,51.574,0.2876,0.0,-790.6,0.0,6.8165,0.0,-790.6,0.0,6.8165,1.0,0.0,0.0,0.0,0.0
1785,811.12,799.4,1141.05,977.7,178.3,52.1879,0.2824,0.0,-799.4,0.0,6.8165,0.0,-799.4,0.0,6.8165,1.0,0.0,0.0,0.0,0.0
1786,811.36,783.85,1129.6,965.1,181.25,52.4223,0.2805,0.0,-783.85,0.0,6.8165,0.0,-783.85,0.0,6.8165,1.0,0.0,0.0,0.0,0.0
1787,811.59,776.9,1142.25,963.75,186.85,51.1427,0.2912,0.0,-776.9,0.0,6.8165,0.0,-776.9,0.0,6.8165,1.0,0.0,0.0,0.0,0.0
1788,811.83,774.05,1133.35,970.05,196.0,54.5505,0.2632,0.0,-774.05,0.0,6.8165,0.0,-774.05,0.0,6.8165,1.0,0.0,0.0,0.0,0.0
1789,812.07,785.2,1137.5,952.95,167.75,47.6157,0.3223,0.0,-785.2,0.0,6.8165,0.0,-785.2,0.0,6.8165,1.0,0.0,0.0,0.0,0.0
1790,812.31,776.7,1151.5,951.65,174.95,46.6782,0.3309,0.0,-776.7,0.0,6.8165,0.0,-776.7,0.0,6.8165,1.0,0.0,0.0,0.0,0.0
1791,812.54,780.95,1143.6,963.85,182.9,50.4343,0.2973,0.0,-780.95,0.0,6.8165,0.0,-780.95,0.0,6.8165,1.0,0.0,0.0,0.0,0.0
1792,812.78,788.1,1159.2,961.9,173.8,46.8337,0.3294,0.0,-788.1,0.0,6.8165,0.0,-788.1,0.0,6.8165,1.0,0.0,0.0,0.0,0.0
1793,813.02,783.6,1164.55,957.5,173.9,45.649,0.3406,0.0,-783.6,0.0,6.8165,0.0,-783.6,0.0,6.8165,1.0,0.0,0.0,0.0,0.0
1794,813.25,778.45,1156.2,952.3,173.85,46.0225,0.337,0.0,-778.45,0.0,6.8165,0.0,-778.45,0.0,6.8165,1.0,0.0,0.0,0.0,0.0
1795,813.49,773.45,1162.8,955.6,182.15,46.7831,0.3299,0.0,-773.45,0.0,6.8165,0.0,-773.45,0.0,6.8165,1.0,0.0,0.0,0.0,0.0
1796,813.73,792.6,1151.25,961.3,168.7,47.0375,0.3276,0.0,-792.6,0.0,6.8165,0.0,-792.6,0.0,6.8165,1.0,0.0,0.0,0.0,0.0
1797,813.96,782.2,1164.75,959.8,177.6,46.4253,0.3332,0.0,-782.2,0.0,6.8165,0.0,-782.2,0.0,6.8165,1.0,0.0,0.0,0.0,0.0
1798,814.2,781.9,1162.25,955.65,173.75,45.6816,0.3403,0.0,-781.9,0.0,6.8165,0.0,-781.9,0.0,6.8165,1.0,0.0,0.0,0.0,0.0
1799,814.44,783.6,1161.95,977.7,194.1,51.3017,0.2899,0.0,-783.6,0.0,6.8165,0.0,-783.6,0.0,6.8165,1.0,0.0,0.0,0.0,0.0
1800,814.67,785.1,1164.3,969.7,184.6,48.6814,0.3126,0.0,-785.1,0.0,6.8165,0.0,-785.1,0.0,6.8165,1.0,0.0,0.0,0.0,0.0
1801,814.91,773.65,1174.9,971.3,197.65,49.2586,0.3075,0.0,-773.65,0.0,6.8165,0.0,-773.65,0.0,6.8165,1.0,0.0,0.0,0.0,0.0
1802,815.14,781.3,1180.05,977.45,196.15,49.1912,0.3081,0.0,-781.3,0.0,6.8165,0.0,-781.3,0.0,6.8165,1.0,0.0,0.0,0.0,0.0
1803,815.38,783.5,1173.75,986.0,202.5,51.8898,0.2849,0.0,-783.5,0.0,6.8165,0.0,-783.5,0.0,6.8165,1.0,0.0,0.0,0.0,0.0
1804,815.61,788.05,1177.65,973.25,185.2,47.5359,0.323,0.0,-788.05,0.0,6.8165,0.0,-788.05,0.0,6.8165,1.0,0.0,0.0,0.0,0.0
1805,815.85,792.2,1174.5,988.3,196.1,51.2948,0.2899,0.0,-792.2,0.0,6.8165,0.0,-792.2,0.0,6.8165,1.0,0.0,0.0,0.0,0.0
1806,816.09,776.2,1165.6,983.15,206.95,53.1459,0.2745,0.0,-776.2,0.0,6.8165,0.0,-776.2,0.0,6.8165,1.0,0.0,0.0,0.0,0.0
1807,816.32,779.3,1181.7,974.0,194.7,48.3847,0.3153,0.0,-779.3,0.0,6.8165,0.0,-779.3,0.0,6.8165,1.0,0.0,0.0,0.0,0.0
1808,816.56,786.3,1175.55,981.05,194.75,50.0321,0.3008,0.0,-786.3,0.0,6.8165,0.0,-786.3,0.0,6.8165,1.0,0.0,0.0,0.0,0.0
1809,816.79,791.85,1188.9,977.55,185.7,46.7699,0.33,0.0,-791.85,0.0,6.8165,0.0,-791.85,0.0,6.8165,1.0,0.0,0.0,0.0,0.0
1810,817.03,784.35,1189.0,977.25,192.9,47.6708,0.3217,0.0,-784.35,0.0,6.8165,0.0,-784.35,0.0,6.8165,1.0,0.0,0.0,0.0,0.0
1811,817.26,803.2,1184.35,981.0,177.8,46.6483,0.3312,0.0,-803.2,0.0,6.8165,0.0,-803.2,0.0,6.8165,1.0,0.0,0.0,0.0,0.0
1812,817.5,773.55,1188.65,984.55,211.0,50.8311,0.2939,0.0,-773.55,0.0,6.8165,0.0,-773.55,0.0,6.8165,1.0,0.0,0.0,0.0,0.0
1813,817.73,784.65,1192.65,983.5,198.85,48.7377,0.3121,0.0,-784.65,0.0,6.8165,0.0,-784.65,0.0,6.8165,1.0,0.0,0.0,0.0,0.0
1814,817.97,782.55,1196.55,971.7,189.15,45.6884,0.3402,0.0,-782.55,0.0,6.8165,0.0,-782.55,0.0,6.8165,1.0,0.0,0.0,0.0,0.0
1815,818.2,798.15,1202.8,991.65,193.5,47.8191,0.3204,0.0,-798.15,0.0,6.8165,0.0,-798.15,0.0,6.8165,1.0,0.0,0.0,0.0,0.0
1816,818.43,779.65,1196.9,985.75,206.1,49.3948,0.3063,0.0,-779.65,0.0,6.8165,0.0,-779.65,0.0,6.8165,1.0,0.0,0.0,0.0,0.0
1817,818.67,790.35,1213.1,978.35,188.0,44.4707,0.3519,0.0,-790.35,0.0,6.8165,0.0,-790.35,0.0,6.8165,1.0,0.0,0.0,0.0,0.0
1818,818.9,793.75,1188.7,989.05,195.3,49.4493,0.3058,0.0,-793.75,0.0,6.8165,0.0,-793.75,0.0,6.8165,1.0,0.0,0.0,0.0,0.0
1819,819.14,788.9,1204.55,985.4,196.5,47.2754,0.3254,0.0,-788.9,0.0,6.8165,0.0,-788.9,0.0,6.8165,1.0,0.0,0.0,0.0,0.0
1820,819.37,778.8,1201.25,990.45,211.65,50.1006,0.3002,0.0,-778.8,0.0,6.8165,0.0,-778.8,0.0,6.8165,1.0,0.0,0.0,0.0,0.0
1821,819.61,786.75,1223.95,1001.75,215.0,49.1766,0.3082,0.0,-786.75,0.0,6.8165,0.0,-786.75,0.0,6.8165,1.0,0.0,0.0,0.0,0.0
1822,819.84,790.75,1221.15,1009.65,218.9,50.8597,0.2936,0.0,-790.75,0.0,6.8165,0.0,-790.75,0.0,6.8165,1.0,0.0,0.0,0.0,0.0
1823,820.07,788.85,1212.85,1003.15,214.3,50.5425,0.2963,0.0,-788.85,0.0,6.8165,0.0,-788.85,0.0,6.8165,1.0,0.0,0.0,0.0,0.0
1824,820.31,788.25,1237.45,999.7,211.45,47.0726,0.3272,0.0,-788.25,0.0,6.8165,0.0,-788.25,0.0,6.8165,1.0,0.0,0.0,0.0,0.0
1825,820.54,783.2,1218.2,999.95,216.75,49.8276,0.3025,0.0,-783.2,0.0,6.8165,0.0,-783.2,0.0,6.8165,1.0,0.0,0.0,0.0,0.0
1826,820.77,785.85,1229.85,1016.4,230.55,51.9257,0.2846,0.0,-785.85,0.0,6.8165,0.0,-785.85,0.0,6.8165,1.0,0.0,0.0,0.0,0.0
1827,821.01,785.7,1255.55,1024.6,238.9,50.846,0.2937,0.0,-785.7,0.0,6.8165,0.0,-785.7,0.0,6.8165,1.0,0.0,0.0,0.0,0.0
1828,821.24,780.05,1259.1,1042.75,262.7,54.8377,0.2609,0.0,-780.05,0.0,6.8165,0.0,-780.05,0.0,6.8165,1.0,0.0,0.0,0.0,0.0
1829,821.47,795.75,1259.6,1056.6,260.85,56.2359,0.25,0.0,-795.75,0.0,6.8165,0.0,-795.75,0.0,6.8165,1.0,0.0,0.0,0.0,0.0
1830,821.71,785.1,1274.65,1051.25,266.15,54.3663,0.2647,0.0,-785.1,0.0,6.8165,0.0,-785.1,0.0,6.8165,1.0,0.0,0.0,0.0,0.0
1831,821.94,779.7,1298.6,1076.4,296.7,57.1786,0.2428,0.0,-779.7,0.0,6.8165,0.0,-779.7,0.0,6.8165,1.0,0.0,0.0,0.0,0.0
1832,822.17,782.75,1310.95,1119.0,336.25,63.6596,0.1961,0.0,-782.75,0.0,6.8165,0.0,-782.75,0.0,6.8165,1.0,0.0,0.0,0.0,0.0
1833,822.4,786.7,1331.8,1134.25,347.55,63.7589,0.1955,0.0,-786.7,0.0,6.8165,0.0,-786.7,0.0,6.8165,1.0,0.0,0.0,0.0,0.0
1834,822.64,794.5,1361.65,1154.5,360.0,63.4753,0.1974,0.0,-794.5,0.0,6.8165,0.0,-794.5,0.0,6.8165,1.0,0.0,0.0,0.0,0.0
1835,822.87,798.45,1381.15,1184.35,385.9,66.2262,0.179,0.0,-798.45,0.0,6.8165,0.0,-798.45,0.0,6.8165,1.0,0.0,0.0,0.0,0.0
1836,823.1,795.1,1435.7,1226.8,431.7,67.3899,0.1714,0.0,-795.1,0.0,6.8165,0.0,-795.1,0.0,6.8165,1.0,0.0,0.0,0.0,0.0
1837,823.33,787.7,1469.75,1273.8,486.1,71.2704,0.1471,0.0,-787.7,0.0,6.8165,0.0,-787.7,0.0,6.8165,1.0,0.0,0.0,0.0,0.0
1838,823.57,799.3,1525.55,1324.65,525.35,72.3373,0.1406,0.0,-799.3,0.0,6.8165,0.0,-799.3,0.0,6.8165,1.0,0.0,0.0,0.0,0.0
1839,823.8,799.05,1576.85,1365.5,566.45,72.8272,0.1377,0.0,-799.05,0.0,6.8165,0.0,-799.05,0.0,6.8165,1.0,0.0,0.0,0.0,0.0
1840,824.03,792.15,1630.25,1428.05,635.9,75.874,0.1199,0.0,-792.15,0.0,6.8165,0.0,-792.15,0.0,6.8165,1.0,0.0,0.0,0.0,0.0
1841,824.26,781.75,1686.05,1477.35,695.6,76.9214,0.114,0.0,-781.75,0.0,6.8165,0.0,-781.75,0.0,6.8165,1.0,0.0,0.0,0.0,0.0
1842,824.49,775.0,1711.1,1500.05,725.05,77.4543,0.111,0.0,-775.0,0.0,6.8165,0.0,-775.0,0.0,6.8165,1.0,0.0,0.0,0.0,0.0
1843,824.73,774.15,1754.3,1530.35,756.2,77.1515,0.1127,0.0,-774.15,0.0,6.8165,0.0,-774.15,0.0,6.8165,1.0,0.0,0.0,0.0,0.0
1844,824.96,786.55,1769.05,1542.3,755.75,76.9211,0.114,0.0,-786.55,0.0,6.8165,0.0,-786.55,0.0,6.8165,1.0,0.0,0.0,0.0,0.0
1845,825.19,780.4,1789.8,1539.95,759.55,75.2477,0.1235,0.0,-780.4,0.0,6.8165,0.0,-780.4,0.0,6.8165,1.0,0.0,0.0,0.0,0.0
1846,825.42,776.7,1766.05,1522.05,745.35,75.3373,0.123,0.0,-776.7,0.0,6.8165,0.0,-776.7,0.0,6.8165,1.0,0.0,0.0,0.0,0.0
1847,825.65,780.0,1748.65,1495.95,715.95,73.9121,0.1313,0.0,-780.0,0.0,6.8165,0.0,-780.0,0.0,6.8165,1.0,0.0,0.0,0.0,0.0
1848,825.88,779.75,1693.65,1471.25,691.5,75.6647,0.1211,0.0,-779.75,0.0,6.8165,0.0,-779.75,0.0,6.8165,1.0,0.0,0.0,0.0,0.0
1849,826.11,787.35,1666.0,1406.0,618.65,70.4092,0.1524,0.0,-787.35,0.0,6.8165,0.0,-787.35,0.0,6.8165,1.0,0.0,0.0,0.0,0.0
1850,826.34,793.75,1636.8,1383.25,589.5,69.9247,0.1554,0.0,-793.75,0.0,6.8165,0.0,-793.75,0.0,6.8165,1.0,0.0,0.0,0.0,0.0
1851,826.57,799.2,1579.5,1354.2,555.0,71.1265,0.148,0.0,-799.2,0.0,6.8165,0.0,-799.2,0.0,6.8165,1.0,0.0,0.0,0.0,0.0
1852,826.81,789.35,1558.85,1347.3,557.95,72.5081,0.1396,0.0,-789.35,0.0,6.8165,0.0,-789.35,0.0,6.8165,1.0,0.0,0.0,0.0,0.0
1853,827.04,780.1,1536.05,1321.5,541.4,71.6185,0.145,0.0,-780.1,0.0,6.8165,0.0,-780.1,0.0,6.8165,1.0,0.0,0.0,0.0,0.0
1854,827.27,775.05,1515.4,1285.65,510.6,68.9674,0.1614,0.0,-775.05,0.0,6.8165,0.0,-775.05,0.0,6.8165,1.0,0.0,0.0,0.0,0.0
1855,827.5,782.75,1503.65,1274.55,491.8,68.2203,0.1661,0.0,-782.75,0.0,6.8165,0.0,-782.75,0.0,6.8165,1.0,0.0,0.0,0.0,0.0
1856,827.73,784.95,1477.8,1273.15,488.2,70.4626,0.152,0.0,-784.95,0.0,6.8165,0.0,-784.95,0.0,6.8165,1.0,0.0,0.0,0.0,0.0
1857,827.96,797.05,1461.0,1251.1,454.05,68.3862,0.165,0.0,-797.05,0.0,6.8165,0.0,-797.05,0.0,6.8165,1.0,0.0,0.0,0.0,0.0
1858,828.19,779.8,1483.3,1277.05,497.25,70.6823,0.1507,0.0,-779.8,0.0,6.8165,0.0,-779.8,0.0,6.8165,1.0,0.0,0.0,0.0,0.0
1859,828.42,781.75,1469.75,1254.9,473.15,68.7718,0.1626,0.0,-781.75,0.0,6.8165,0.0,-781.75,0.0,6.8165,1.0,0.0,0.0,0.0,0.0
1860,828.65,799.4,1501.1,1274.05,474.65,67.6429,0.1698,0.0,-799.4,0.0,6.8165,0.0,-799.4,0.0,6.8165,1.0,0.0,0.0,0.0,0.0
1861,828.88,792.0,1516.25,1292.35,500.35,69.0853,0.1606,0.0,-792.0,0.0,6.8165,0.0,-792.0,0.0,6.8165,1.0,0.0,0.0,0.0,0.0
1862,829.11,781.95,1521.55,1302.25,520.3,70.3488,0.1527,0.0,-781.95,0.0,6.8165,0.0,-781.95,0.0,6.8165,1.0,0.0,0.0,0.0,0.0
1863,829.34,795.2,1533.95,1316.55,521.35,70.5719,0.1514,0.0,-795.2,0.0,6.8165,0.0,-795.2,0.0,6.8165,1.0,0.0,0.0,0.0,0.0
1864,829.57,787.75,1516.35,1314.65,526.9,72.3168,0.1408,0.0,-787.75,0.0,6.8165,0.0,-787.75,0.0,6.8165,1.0,0.0,0.0,0.0,0.0
1865,829.8,776.4,1504.55,1277.1,500.7,68.7633,0.1626,0.0,-776.4,0.0,6.8165,0.0,-776.4,0.0,6.8165,1.0,0.0,0.0,0.0,0.0
1866,830.03,785.55,1500.35,1270.75,485.2,67.8791,0.1683,0.0,-785.55,0.0,6.8165,0.0,-785.55,0.0,6.8165,1.0,0.0,0.0,0.0,0.0
1867,830.25,770.6,1471.05,1262.0,491.4,70.1549,0.1539,0.0,-770.6,0.0,6.8165,0.0,-770.6,0.0,6.8165,1.0,0.0,0.0,0.0,0.0
1868,830.48,791.4,1468.05,1235.75,444.35,65.6691,0.1826,0.0,-791.4,0.0,6.8165,0.0,-791.4,0.0,6.8165,1.0,0.0,0.0,0.0,0.0
1869,830.71,795.75,1438.25,1207.8,412.05,64.1323,0.1929,0.0,-795.75,0.0,6.8165,0.0,-795.75,0.0,6.8165,1.0,0.0,0.0,0.0,0.0
1870,830.94,783.2,1393.1,1160.1,376.9,61.797,0.209,0.0,-783.2,0.0,6.8165,0.0,-783.2,0.0,6.8165,1.0,0.0,0.0,0.0,0.0
1871,831.17,771.85,1362.55,1140.9,369.05,62.4767,0.2043,0.0,-771.85,0.0,6.8165,0.0,-771.85,0.0,6.8165,1.0,0.0,0.0,0.0,0.0
1872,831.4,780.1,1350.05,1115.95,335.85,58.9262,0.2297,0.0,-780.1,0.0,6.8165,0.0,-780.1,0.0,6.8165,1.0,0.0,0.0,0.0,0.0
1873,831.63,794.5,1335.0,1101.75,307.25,56.8455,0.2453,0.0,-794.5,0.0,6.8165,0.0,-794.5,0.0,6.8165,1.0,0.0,0.0,0.0,0.0
1874,831.86,786.6,1303.25,1077.2,290.6,56.247,0.2499,0.0,-786.6,0.0,6.8165,0.0,-786.6,0.0,6.8165,1.0,0.0,0.0,0.0,0.0
1875,832.08,774.6,1266.55,1052.55,277.95,56.4996,0.248,0.0,-774.6,0.0,6.8165,0.0,-774.6,0.0,6.8165,1.0,0.0,0.0,0.0,0.0
1876,832.31,789.3,1248.05,1039.2,249.9,54.4741,0.2638,0.0,-789.3,0.0,6.8165,0.0,-789.3,0.0,6.8165,1.0,0.0,0.0,0.0,0.0
1877,832.54,787.4,1256.4,1021.6,234.2,49.936,0.3016,0.0,-787.4,0.0,6.8165,0.0,-787.4,0.0,6.8165,1.0,0.0,0.0,0.0,0.0
1878,832.77,782.95,1248.4,1015.7,232.75,50.0054,0.301,0.0,-782.95,0.0,6.8165,0.0,-782.95,0.0,6.8165,1.0,0.0,0.0,0.0,0.0
1879,833.0,778.5,1251.0,1023.15,244.65,51.7778,0.2859,0.0,-778.5,0.0,6.8165,0.0,-778.5,0.0,6.8165,1.0,0.0,0.0,0.0,0.0
1880,833.22,770.5,1257.55,1016.9,246.4,50.5903,0.2959,0.0,-770.5,0.0,6.8165,0.0,-770.5,0.0,6.8165,1.0,0.0,0.0,0.0,0.0
1881,833.45,781.35,1247.55,1007.4,226.05,48.4878,0.3144,0.0,-781.35,0.0,6.8165,0.0,-781.35,0.0,6.8165,1.0,0.0,0.0,0.0,0.0
1882,833.68,780.15,1248.25,1003.85,223.7,47.7889,0.3207,0.0,-780.15,0.0,6.8165,0.0,-780.15,0.0,6.8165,1.0,0.0,0.0,0.0,0.0
1883,833.91,782.65,1239.75,1006.05,223.4,48.8733,0.3109,0.0,-782.65,0.0,6.8165,0.0,-782.65,0.0,6.8165,1.0,0.0,0.0,0.0,0.0
1884,834.13,785.8,1241.7,1000.5,214.7,47.0937,0.327,0.0,-785.8,0.0,6.8165,0.0,-785.8,0.0,6.8165,1.0,0.0,0.0,0.0,0.0
1885,834.36,791.55,1238.2,1017.15,225.6,50.5093,0.2966,0.0,-791.55,0.0,6.8165,0.0,-791.55,0.0,6.8165,1.0,0.0,0.0,0.0,0.0
1886,834.59,806.15,1245.45,1027.5,221.35,50.387,0.2977,0.0,-806.15,0.0,6.8165,0.0,-806.15,0.0,6.8165,1.0,0.0,0.0,0.0,0.0
1887,834.82,794.35,1252.8,1031.65,237.3,51.7614,0.286,0.0,-794.35,0.0,6.8165,0.0,-794.35,0.0,6.8165,1.0,0.0,0.0,0.0,0.0
1888,835.04,780.15,1269.3,1037.6,257.45,52.6321,0.2787,0.0,-780.15,0.0,6.8165,0.0,-780.15,0.0,6.8165,1.0,0.0,0.0,0.0,0.0
1889,835.27,785.5,1279.1,1041.9,256.4,51.9449,0.2845,0.0,-785.5,0.0,6.8165,0.0,-785.5,0.0,6.8165,1.0,0.0,0.0,0.0,0.0
1890,835.5,782.95,1308.1,1060.1,277.15,52.7754,0.2776,0.0,-782.95,0.0,6.8165,0.0,-782.95,0.0,6.8165,1.0,0.0,0.0,0.0,0.0
1891,835.72,796.55,1314.6,1093.55,297.0,57.3304,0.2416,0.0,-796.55,0.0,6.8165,0.0,-796.55,0.0,6.8165,1.0,0.0,0.0,0.0,0.0
1892,835.95,780.3,1339.85,1086.0,305.7,54.6332,0.2625,0.0,-780.3,0.0,6.8165,0.0,-780.3,0.0,6.8165,1.0,0.0,0.0,0.0,0.0
1893,836.18,781.05,1334.0,1105.75,324.7,58.7214,0.2312,0.0,-781.05,0.0,6.8165,0.0,-781.05,0.0,6.8165,1.0,0.0,0.0,0.0,0.0
1894,836.4,788.4,1318.6,1114.7,326.3,61.5428,0.2108,0.0,-788.4,0.0,6.8165,0.0,-788.4,0.0,6.8165,1.0,0.0,0.0,0.0,0.0
1895,836.63,784.3,1318.9,1100.35,316.05,59.119,0.2283,0.0,-784.3,0.0,6.8165,0.0,-784.3,0.0,6.8165,1.0,0.0,0.0,0.0,0.0
1896,836.86,782.6,1337.15,1077.15,294.55,53.1151,0.2748,0.0,-782.6,0.0,6.8165,0.0,-782.6,0.0,6.8165,1.0,0.0,0.0,0.0,0.0
1897,837.08,796.15,1305.85,1088.8,292.65,57.4161,0.241,0.0,-796.15,0.0,6.8165,0.0,-796.15,0.0,6.8165,1.0,0.0,0.0,0.0,0.0
1898,837.31,788.4,1293.15,1067.95,279.55,55.3839,0.2566,0.0,-788.4,0.0,6.8165,0.0,-788.4,0.0,6.8165,1.0,0.0,0.0,0.0,0.0
1899,837.53,782.25,1287.2,1048.2,265.95,52.6686,0.2784,0.0,-782.25,0.0,6.8165,0.0,-782.25,0.0,6.8165,1.0,0.0,0.0,0.0,0.0
1900,837.76,780.9,1251.1,1026.0,245.1,52.1268,0.2829,0.0,-780.9,0.0,6.8165,0.0,-780.9,0.0,6.8165,1.0,0.0,0.0,0.0,0.0
1901,837.99,778.15,1240.5,1007.65,229.5,49.6377,0.3042,0.0,-778.15,0.0,6.8165,0.0,-778.15,0.0,6.8165,1.0,0.0,0.0,0.0,0.0
1902,838.21,795.25,1253.15,1009.15,213.9,46.7133,0.3306,0.0,-795.25,0.0,6.8165,0.0,-795.25,0.0,6.8165,1.0,0.0,0.0,0.0,0.0
1903,838.44,790.7,1220.0,1015.75,225.05,52.4225,0.2805,0.0,-790.7,0.0,6.8165,0.0,-790.7,0.0,6.8165,1.0,0.0,0.0,0.0,0.0
1904,838.66,795.05,1213.45,999.9,204.85,48.9603,0.3102,0.0,-795.05,0.0,6.8165,0.0,-795.05,0.0,6.8165,1.0,0.0,0.0,0.0,0.0
1905,838.89,781.25,1201.8,987.3,206.05,48.9954,0.3098,0.0,-781.25,0.0,6.8165,0.0,-781.25,0.0,6.8165,1.0,0.0,0.0,0.0,0.0
1906,839.11,783.75,1209.95,974.55,190.8,44.7677,0.349,0.0,-783.75,0.0,6.8165,0.0,-783.75,0.0,6.8165,1.0,0.0,0.0,0.0,0.0
1907,839.34,792.95,1202.4,976.75,183.8,44.8895,0.3479,0.0,-792.95,0.0,6.8165,0.0,-792.95,0.0,6.8165,1.0,0.0,0.0,0.0,0.0
1908,839.56,779.55,1212.05,975.35,195.8,45.2717,0.3442,0.0,-779.55,0.0,6.8165,0.0,-779.55,0.0,6.8165,1.0,0.0,0.0,0.0,0.0
1909,839.79,789.95,1204.25,966.1,176.15,42.5175,0.3714,0.0,-789.95,0.0,6.8165,0.0,-789.95,0.0,6.8165,1.0,0.0,0.0,0.0,0.0
1910,840.01,782.35,1188.8,961.85,179.5,44.1629,0.3549,0.0,-782.35,0.0,6.8165,0.0,-782.35,0.0,6.8165,1.0,0.0,0.0,0.0,0.0
1911,840.24,796.25,1187.55,949.55,153.3,39.1771,0.407,0.0,-796.25,0.0,6.8165,0.0,-796.25,0.0,6.8165,1.0,0.0,0.0,0.0,0.0
1912,840.46,786.65,1199.15,950.1,163.45,39.6242,0.402,0.0,-786.65,0.0,6.8165,0.0,-786.65,0.0,6.8165,1.0,0.0,0.0,0.0,0.0
1913,840.69,785.1,1194.5,957.55,172.45,42.1226,0.3755,0.0,-785.1,0.0,6.8165,0.0,-785.1,0.0,6.8165,1.0,0.0,0.0,0.0,0.0
1914,840.91,798.15,1182.55,960.7,162.55,42.2867,0.3738,0.0,-798.15,0.0,6.8165,0.0,-798.15,0.0,6.8165,1.0,0.0,0.0,0.0,0.0
1915,841.13,794.2,1173.3,966.6,172.4,45.4761,0.3422,0.0,-794.2,0.0,6.8165,0.0,-794.2,0.0,6.8165,1.0,0.0,0.0,0.0,0.0
1916,841.36,788.25,1187.35,955.8,167.55,41.982,0.3769,0.0,-788.25,0.0,6.8165,0.0,-788.25,0.0,6.8165,1.0,0.0,0.0,0.0,0.0
1917,841.58,780.0,1189.4,962.6,182.6,44.6019,0.3506,0.0,-780.0,0.0,6.8165,0.0,-780.0,0.0,6.8165,1.0,0.0,0.0,0.0,0.0
1918,841.81,781.95,1184.2,963.1,181.15,45.0342,0.3465,0.0,-781.95,0.0,6.8165,0.0,-781.95,0.0,6.8165,1.0,0.0,0.0,0.0,0.0
1919,842.03,786.85,1190.7,969.5,182.65,45.2272,0.3446,0.0,-786.85,0.0,6.8165,0.0,-786.85,0.0,6.8165,1.0,0.0,0.0,0.0,0.0
1920,842.25,795.6,1204.35,978.65,183.05,44.7829,0.3489,0.0,-795.6,0.0,6.8165,0.0,-795.6,0.0,6.8165,1.0,0.0,0.0,0.0,0.0
1921,842.48,795.35,1199.65,978.45,183.1,45.2882,0.344,0.0,-795.35,0.0,6.8165,0.0,-795.35,0.0,6.8165,1.0,0.0,0.0,0.0,0.0
1922,842.7,780.4,1220.25,983.0,202.6,46.0612,0.3367,0.0,-780.4,0.0,6.8165,0.0,-780.4,0.0,6.8165,1.0,0.0,0.0,0.0,0.0
1923,842.92,792.85,1212.25,999.8,206.95,49.3443,0.3068,0.0,-792.85,0.0,6.8165,0.0,-792.85,0.0,6.8165,1.0,0.0,0.0,0.0,0.0
1924,843.15,800.85,1213.65,987.2,186.35,45.1429,0.3454,0.0,-800.85,0.0,6.8165,0.0,-800.85,0.0,6.8165,1.0,0.0,0.0,0.0,0.0
1925,843.37,793.65,1199.75,974.65,181.0,44.5703,0.351,0.0,-793.65,0.0,6.8165,0.0,-793.65,0.0,6.8165,1.0,0.0,0.0,0.0,0.0
1926,843.59,788.95,1198.6,974.15,185.2,45.2093,0.3448,0.0,-788.95,0.0,6.8165,0.0,-788.95,0.0,6.8165,1.0,0.0,0.0,0.0,0.0
1927,843.82,796.0,1195.15,971.2,175.2,43.8933,0.3576,0.0,-796.0,0.0,6.8165,0.0,-796.0,0.0,6.8165,1.0,0.0,0.0,0.0,0.0
1928,844.04,788.5,1156.2,959.5,171.0,46.5053,0.3325,0.0,-788.5,0.0,6.8165,0.0,-788.5,0.0,6.8165,1.0,0.0,0.0,0.0,0.0
1929,844.26,786.5,1173.1,948.0,161.5,41.7744,0.3791,0.0,-786.5,0.0,6.8165,0.0,-786.5,0.0,6.8165,1.0,0.0,0.0,0.0,0.0
1930,844.49,790.7,1171.8,935.7,145.0,38.0478,0.4197,0.0,-790.7,0.0,6.8165,0.0,-790.7,0.0,6.8165,1.0,0.0,0.0,0.0,0.0
1931,844.71,789.1,1161.05,952.8,163.7,44.0113,0.3564,0.0,-789.1,0.0,6.8165,0.0,-789.1,0.0,6.8165,1.0,0.0,0.0,0.0,0.0
1932,844.93,789.15,1151.1,925.4,136.25,37.6433,0.4243,0.0,-789.15,0.0,6.8165,0.0,-789.15,0.0,6.8165,1.0,0.0,0.0,0.0,0.0
1933,845.15,794.8,1135.8,916.25,121.45,35.6158,0.4484,0.0,-794.8,0.0,6.8165,0.0,-794.8,0.0,6.8165,1.0,0.0,0.0,0.0,0.0
1934,845.38,792.0,1137.8,916.7,124.7,36.0613,0.443,0.0,-792.0,0.0,6.8165,0.0,-792.0,0.0,6.8165,1.0,0.0,0.0,0.0,0.0
1935,845.6,798.1,1142.5,915.7,117.6,34.1463,0.4667,0.0,-798.1,0.0,6.8165,0.0,-798.1,0.0,6.8165,1.0,0.0,0.0,0.0,0.0
1936,845.82,789.9,1157.15,912.75,122.85,33.4513,0.4756,0.0,-789.9,0.0,6.8165,0.0,-789.9,0.0,6.8165,1.0,0.0,0.0,0.0,0.0
1937,846.04,775.9,1132.3,921.7,145.8,40.9091,0.3882,0.0,-775.9,0.0,6.8165,0.0,-775.9,0.0,6.8165,1.0,0.0,0.0,0.0,0.0
1938,846.26,784.6,1147.05,919.4,134.8,37.1913,0.4296,0.0,-784.6,0.0,6.8165,0.0,-784.6,0.0,6.8165,1.0,0.0,0.0,0.0,0.0
1939,846.48,778.95,1132.05,919.45,140.5,39.7904,0.4002,0.0,-778.95,0.0,6.8165,0.0,-778.95,0.0,6.8165,1.0,0.0,0.0,0.0,0.0
1940,846.71,787.75,1123.8,907.9,120.15,35.7536,0.4467,0.0,-787.75,0.0,6.8165,0.0,-787.75,0.0,6.8165,1.0,0.0,0.0,0.0,0.0
1941,846.93,780.1,1125.85,906.55,126.45,36.5727,0.4368,0.0,-780.1,0.0,6.8165,0.0,-780.1,0.0,6.8165,1.0,0.0,0.0,0.0,0.0
1942,847.15,790.4,1129.4,914.45,124.05,36.5929,0.4366,0.0,-790.4,0.0,6.8165,0.0,-790.4,0.0,6.8165,1.0,0.0,0.0,0.0,0.0
1943,847.37,786.05,1138.8,917.05,131.0,37.1368,0.4302,0.0,-786.05,0.0,6.8165,0.0,-786.05,0.0,6.8165,1.0,0.0,0.0,0.0,0.0
1944,847.59,775.75,1118.75,899.7,123.95,36.137,0.442,0.0,-775.75,0.0,6.8165,0.0,-775.75,0.0,6.8165,1.0,0.0,0.0,0.0,0.0
1945,847.81,785.8,1117.1,890.4,104.6,31.5726,0.5007,0.0,-785.8,0.0,6.8165,0.0,-785.8,0.0,6.8165,1.0,0.0,0.0,0.0,0.0
1946,848.03,774.35,1119.35,907.5,133.15,38.5942,0.4135,0.0,-774.35,0.0,6.8165,0.0,-774.35,0.0,6.8165,1.0,0.0,0.0,0.0,0.0
1947,848.26,780.3,1134.45,899.5,119.2,33.6581,0.4729,0.0,-780.3,0.0,6.8165,0.0,-780.3,0.0,6.8165,1.0,0.0,0.0,0.0,0.0
1948,848.48,789.7,1132.55,897.85,108.15,31.5444,0.5011,0.0,-789.7,0.0,6.8165,0.0,-789.7,0.0,6.8165,1.0,0.0,0.0,0.0,0.0
1949,848.7,806.4,1119.55,896.8,90.4,28.868,0.5396,0.0,-806.4,0.0,6.8165,0.0,-806.4,0.0,6.8165,1.0,0.0,0.0,0.0,0.0
1950,848.92,785.95,1108.05,901.5,115.55,35.874,0.4452,0.0,-785.95,0.0,6.8165,0.0,-785.95,0.0,6.8165,1.0,0.0,0.0,0.0,0.0
1951,849.14,792.85,1111.8,893.95,101.1,31.6978,0.499,0.0,-792.85,0.0,6.8165,0.0,-792.85,0.0,6.8165,1.0,0.0,0.0,0.0,0.0
1952,849.36,786.5,1119.2,895.15,108.65,32.657,0.486,0.0,-786.5,0.0,6.8165,0.0,-786.5,0.0,6.8165,1.0,0.0,0.0,0.0,0.0
1953,849.58,777.85,1116.8,902.45,124.6,36.7606,0.4346,0.0,-777.85,0.0,6.8165,0.0,-777.85,0.0,6.8165,1.0,0.0,0.0,0.0,0.0
1954,849.8,783.6,1113.8,897.3,113.7,34.4337,0.463,0.0,-783.6,0.0,6.8165,0.0,-783.6,0.0,6.8165,1.0,0.0,0.0,0.0,0.0
1955,850.02,789.95,1115.2,893.25,103.3,31.7602,0.4981,0.0,-789.95,0.0,6.8165,0.0,-789.95,0.0,6.8165,1.0,0.0,0.0,0.0,0.0
1956,850.24,797.5,1099.75,904.65,107.15,35.4508,0.4504,0.0,-797.5,0.0,6.8165,0.0,-797.5,0.0,6.8165,1.0,0.0,0.0,0.0,0.0
1957,850.46,795.85,1105.5,906.95,111.1,35.8792,0.4452,0.0,-795.85,0.0,6.8165,0.0,-795.85,0.0,6.8165,1.0,0.0,0.0,0.0,0.0
1958,850.68,795.9,1108.65,888.25,92.35,29.5284,0.5298,0.0,-795.9,0.0,6.8165,0.0,-795.9,0.0,6.8165,1.0,0.0,0.0,0.0,0.0
1959,850.9,782.1,1104.9,892.9,110.8,34.3247,0.4644,0.0,-782.1,0.0,6.8165,0.0,-782.1,0.0,6.8165,1.0,0.0,0.0,0.0,0.0
1960,851.12,789.3,1101.0,907.05,117.75,37.7767,0.4228,0.0,-789.3,0.0,6.8165,0.0,-789.3,0.0,6.8165,1.0,0.0,0.0,0.0,0.0
1961,851.34,766.65,1112.8,888.7,122.05,35.2593,0.4527,0.0,-766.65,0.0,6.8165,0.0,-766.65,0.0,6.8165,1.0,0.0,0.0,0.0,0.0
1962,851.56,779.85,1113.25,910.25,130.4,39.1122,0.4077,0.0,-779.85,0.0,6.8165,0.0,-779.85,0.0,6.8165,1.0,0.0,0.0,0.0,0.0
1963,851.78,791.5,1076.7,882.95,91.45,32.0652,0.494,0.0,-791.5,0.0,6.8165,0.0,-791.5,0.0,6.8165,1.0,0.0,0.0,0.0,0.0
1964,852.0,782.25,1106.65,898.2,115.95,35.7429,0.4468,0.0,-782.25,0.0,6.8165,0.0,-782.25,0.0,6.8165,1.0,0.0,0.0,0.0,0.0
1965,852.21,769.8,1096.15,887.25,117.45,35.989,0.4438,0.0,-769.8,0.0,6.8165,0.0,-769.8,0.0,6.8165,1.0,0.0,0.0,0.0,0.0
1966,852.43,782.4,1108.4,879.25,96.85,29.7086,0.5271,0.0,-782.4,0.0,6.8165,0.0,-782.4,0.0,6.8165,1.0,0.0,0.0,0.0,0.0
1967,852.65,789.0,1087.25,874.35,85.35,28.6169,0.5434,0.0,-789.0,0.0,6.8165,0.0,-789.0,0.0,6.8165,1.0,0.0,0.0,0.0,0.0
1968,852.87,787.75,1105.55,880.75,93.0,29.2637,0.5337,0.0,-787.75,0.0,6.8165,0.0,-787.75,0.0,6.8165,1.0,0.0,0.0,0.0,0.0
1969,853.09,786.3,1089.55,879.5,93.2,30.7337,0.5124,0.0,-786.3,0.0,6.8165,0.0,-786.3,0.0,6.8165,1.0,0.0,0.0,0.0,0.0
1970,853.31,792.55,1098.1,868.7,76.15,24.9223,0.6034,0.0,-792.55,0.0,6.8165,0.0,-792.55,0.0,6.8165,1.0,0.0,0.0,0.0,0.0
1971,853.53,779.5,1105.3,889.2,109.7,33.671,0.4727,0.0,-779.5,0.0,6.8165,0.0,-779.5,0.0,6.8165,1.0,0.0,0.0,0.0,0.0
1972,853.74,780.45,1105.85,883.9,103.45,31.7916,0.4977,0.0,-780.45,0.0,6.8165,0.0,-780.45,0.0,6.8165,1.0,0.0,0.0,0.0,0.0
1973,853.96,769.85,1102.5,877.2,107.35,32.2712,0.4912,0.0,-769.85,0.0,6.8165,0.0,-769.85,0.0,6.8165,1.0,0.0,0.0,0.0,0.0
1974,854.18,794.4,1112.0,892.5,98.1,30.8879,0.5102,0.0,-794.4,0.0,6.8165,0.0,-794.4,0.0,6.8165,1.0,0.0,0.0,0.0,0.0
1975,854.4,795.4,1086.85,883.65,88.25,30.2796,0.5188,0.0,-795.4,0.0,6.8165,0.0,-795.4,0.0,6.8165,1.0,0.0,0.0,0.0,0.0
1976,854.62,797.45,1094.45,882.45,85.0,28.6195,0.5433,0.0,-797.45,0.0,6.8165,0.0,-797.45,0.0,6.8165,1.0,0.0,0.0,0.0,0.0
1977,854.83,785.1,1080.35,876.85,91.75,31.0754,0.5076,0.0,-785.1,0.0,6.8165,0.0,-785.1,0.0,6.8165,1.0,0.0,0.0,0.0,0.0
1978,855.05,787.9,1096.45,882.4,94.5,30.6271,0.5139,0.0,-787.9,0.0,6.8165,0.0,-787.9,0.0,6.8165,1.0,0.0,0.0,0.0,0.0
1979,855.27,790.8,1079.85,874.35,83.55,28.905,0.539,0.0,-790.8,0.0,6.8165,0.0,-790.8,0.0,6.8165,1.0,0.0,0.0,0.0,0.0
1980,855.49,778.4,1092.15,886.3,107.9,34.3904,0.4636,0.0,-778.4,0.0,6.8165,0.0,-778.4,0.0,6.8165,1.0,0.0,0.0,0.0,0.0
1981,855.71,790.3,1063.25,867.55,77.25,28.3019,0.5482,0.0,-790.3,0.0,6.8165,0.0,-790.3,0.0,6.8165,1.0,0.0,0.0,0.0,0.0
1982,855.92,778.6,1081.0,890.75,112.15,37.0866,0.4308,0.0,-778.6,0.0,6.8165,0.0,-778.6,0.0,6.8165,1.0,0.0,0.0,0.0,0.0
1983,856.14,796.7,1068.0,874.8,78.1,28.7873,0.5408,0.0,-796.7,0.0,6.8165,0.0,-796.7,0.0,6.8165,1.0,0.0,0.0,0.0,0.0
1984,856.36,784.95,1080.15,877.8,92.85,31.4533,0.5023,0.0,-784.95,0.0,6.8165,0.0,-784.95,0.0,6.8165,1.0,0.0,0.0,0.0,0.0
1985,856.57,791.7,1070.85,883.45,91.75,32.8676,0.4832,0.0,-791.7,0.0,6.8165,0.0,-791.7,0.0,6.8165,1.0,0.0,0.0,0.0,0.0
1986,856.79,789.9,1058.0,868.2,78.3,29.2055,0.5345,0.0,-789.9,0.0,6.8165,0.0,-789.9,0.0,6.8165,1.0,0.0,0.0,0.0,0.0
1987,857.01,781.45,1069.7,862.35,80.9,28.0659,0.5518,0.0,-781.45,0.0,6.8165,0.0,-781.45,0.0,6.8165,1.0,0.0,0.0,0.0,0.0
1988,857.22,795.8,1083.65,882.5,86.7,30.1199,0.5211,0.0,-795.8,0.0,6.8165,0.0,-795.8,0.0,6.8165,1.0,0.0,0.0,0.0,0.0
1989,857.44,782.75,1085.15,875.7,92.95,30.7374,0.5123,0.0,-782.75,0.0,6.8165,0.0,-782.75,0.0,6.8165,1.0,0.0,0.0,0.0,0.0
1990,857.66,787.0,1068.9,872.75,85.75,30.4186,0.5169,0.0,-787.0,0.0,6.8165,0.0,-787.0,0.0,6.8165,1.0,0.0,0.0,0.0,0.0
1991,857.87,772.35,1080.4,873.9,101.55,32.9654,0.4819,0.0,-772.35,0.0,6.8165,0.0,-772.35,0.0,6.8165,1.0,0.0,0.0,0.0,0.0
1992,858.09,794.8,1047.35,873.05,78.25,30.984,0.5089,0.0,-794.8,0.0,6.8165,0.0,-794.8,0.0,6.8165,1.0,0.0,0.0,0.0,0.0
1993,858.31,796.25,1063.75,876.45,80.2,29.9813,0.5231,0.0,-796.25,0.0,6.8165,0.0,-796.25,0.0,6.8165,1.0,0.0,0.0,0.0,0.0
1994,858.52,787.8,1069.9,864.9,77.1,27.3307,0.5633,0.0,-787.8,0.0,6.8165,0.0,-787.8,0.0,6.8165,1.0,0.0,0.0,0.0,0.0
1995,858.74,775.8,1073.5,852.85,77.05,25.8818,0.587,0.0,-775.8,0.0,6.8165,0.0,-775.8,0.0,6.8165,1.0,0.0,0.0,0.0,0.0
1996,858.95,782.8,1048.25,870.35,87.55,32.9817,0.4817,0.0,-782.8,0.0,6.8165,0.0,-782.8,0.0,6.8165,1.0,0.0,0.0,0.0,0.0
1997,859.17,773.3,1062.0,870.85,97.55,33.7894,0.4712,0.0,-773.3,0.0,6.8165,0.0,-773.3,0.0,6.8165,1.0,0.0,0.0,0.0,0.0
1998,859.39,773.25,1059.4,879.6,106.35,37.1658,0.4299,0.0,-773.25,0.0,6.8165,0.0,-773.25,0.0,6.8165,1.0,0.0,0.0,0.0,0.0
1999,859.6,780.75,1066.85,858.55,77.8,27.1933,0.5655,0.0,-780.75,0.0,6.8165,0.0,-780.75,0.0,6.8165,1.0,0.0,0.0,0.0,0.0
2000,859.82,793.3,1071.55,862.55,69.25,24.8877,0.604,0.0,-793.3,0.0,6.8165,0.0,-793.3,0.0,6.8165,1.0,0.0,0.0,0.0,0.0
2001,860.03,783.6,1057.9,856.95,73.35,26.7408,0.5728,0.0,-783.6,0.0,6.8165,0.0,-783.6,0.0,6.8165,1.0,0.0,0.0,0.0,0.0
2002,860.25,799.45,1049.85,852.1,52.65,21.0264,0.6772,0.0,-799.45,0.0,6.8165,0.0,-799.45,0.0,6.8165,1.0,0.0,0.0,0.0,0.0
2003,860.46,785.9,1044.9,874.85,88.95,34.3436,0.4642,0.0,-785.9,0.0,6.8165,0.0,-785.9,0.0,6.8165,1.0,0.0,0.0,0.0,0.0
2004,860.68,786.15,1046.75,852.15,66.0,25.3262,0.5964,0.0,-786.15,0.0,6.8165,0.0,-786.15,0.0,6.8165,1.0,0.0,0.0,0.0,0.0
2005,860.89,779.4,1035.5,857.95,78.55,30.6716,0.5133,0.0,-779.4,0.0,6.8165,0.0,-779.4,0.0,6.8165,1.0,0.0,0.0,0.0,0.0
2006,861.11,786.0,1053.5,854.9,68.9,25.757,0.5891,0.0,-786.0,0.0,6.8165,0.0,-786.0,0.0,6.8165,1.0,0.0,0.0,0.0,0.0
2007,861.32,790.7,1050.25,865.3,74.6,28.7421,0.5415,0.0,-790.7,0.0,6.8165,0.0,-790.7,0.0,6.8165,1.0,0.0,0.0,0.0,0.0
2008,861.54,788.4,1039.75,849.1,60.7,24.1496,0.6171,0.0,-788.4,0.0,6.8165,0.0,-788.4,0.0,6.8165,1.0,0.0,0.0,0.0,0.0
2009,861.75,779.3,1030.7,856.75,77.45,30.8075,0.5113,0.0,-779.3,0.0,6.8165,0.0,-779.3,0.0,6.8165,1.0,0.0,0.0,0.0,0.0
2010,861.96,795.95,1019.1,847.15,51.2,22.9442,0.6393,0.0,-795.95,0.0,6.8165,0.0,-795.95,0.0,6.8165,1.0,0.0,0.0,0.0,0.0
2011,862.18,800.85,1027.9,844.55,43.7,19.2469,0.7156,0.0,-800.85,0.0,6.8165,0.0,-800.85,0.0,6.8165,1.0,0.0,0.0,0.0,0.0
2012,862.39,788.85,1029.4,845.9,57.05,23.7165,0.6249,0.0,-788.85,0.0,6.8165,0.0,-788.85,0.0,6.8165,1.0,0.0,0.0,0.0,0.0
2013,862.61,775.25,1028.95,843.7,68.45,26.9807,0.5689,0.0,-775.25,0.0,6.8165,0.0,-775.25,0.0,6.8165,1.0,0.0,0.0,0.0,0.0
2014,862.82,773.15,1024.45,848.25,75.1,29.8846,0.5246,0.0,-773.15,0.0,6.8165,0.0,-773.15,0.0,6.8165,1.0,0.0,0.0,0.0,0.0
2015,863.03,775.6,1016.25,846.3,70.7,29.3788,0.532,0.0,-775.6,0.0,6.8165,0.0,-775.6,0.0,6.8165,1.0,0.0,0.0,0.0,0.0
2016,863.25,783.7,1014.05,844.55,60.85,26.4163,0.5781,0.0,-783.7,0.0,6.8165,0.0,-783.7,0.0,6.8165,1.0,0.0,0.0,0.0,0.0
2017,863.46,789.85,1008.0,845.05,55.2,25.3037,0.5968,0.0,-789.85,0.0,6.8165,0.0,-789.85,0.0,6.8165,1.0,0.0,0.0,0.0,0.0
2018,863.68,773.8,1019.45,837.0,63.2,25.7277,0.5896,0.0,-773.8,0.0,6.8165,0.0,-773.8,0.0,6.8165,1.0,0.0,0.0,0.0,0.0
2019,863.89,769.4,1006.65,819.05,49.65,20.9273,0.6793,0.0,-769.4,0.0,6.8165,0.0,-769.4,0.0,6.8165,1.0,0.0,0.0,0.0,0.0
2020,864.1,775.15,1001.45,834.15,59.0,26.0716,0.5838,0.0,-775.15,0.0,6.8165,0.0,-775.15,0.0,6.8165,1.0,0.0,0.0,0.0,0.0
2021,864.32,780.3,993.0,823.05,42.75,20.0987,0.6968,0.0,-780.3,0.0,6.8165,0.0,-780.3,0.0,6.8165,1.0,0.0,0.0,0.0,0.0
2022,864.53,792.95,1004.8,825.4,32.45,15.3174,0.8148,0.0,-792.95,0.0,6.8165,0.0,-792.95,0.0,6.8165,1.0,0.0,0.0,0.0,0.0
2023,864.74,782.15,995.35,821.0,38.85,18.2223,0.7394,0.0,-782.15,0.0,6.8165,0.0,-782.15,0.0,6.8165,1.0,0.0,0.0,0.0,0.0
2024,864.95,775.65,1009.35,821.1,45.45,19.448,0.7111,0.0,-775.65,0.0,6.8165,0.0,-775.65,0.0,6.8165,1.0,0.0,0.0,0.0,0.0
2025,865.17,793.55,1021.75,831.95,38.4,16.8273,0.774,0.0,-793.55,0.0,6.8165,0.0,-793.55,0.0,6.8165,1.0,0.0,0.0,0.0,0.0
2026,865.38,795.05,1007.7,836.1,41.05,19.304,0.7144,0.0,-795.05,0.0,6.8165,0.0,-795.05,0.0,6.8165,1.0,0.0,0.0,0.0,0.0
2027,865.59,799.95,994.75,826.0,26.05,13.3727,0.8738,0.0,-799.95,0.0,6.8165,0.0,-799.95,0.0,6.8165,1.0,0.0,0.0,0.0,0.0
2028,865.81,790.2,1005.55,819.5,29.3,13.6058,0.8663,0.0,-790.2,0.0,6.8165,0.0,-790.2,0.0,6.8165,1.0,0.0,0.0,0.0,0.0
2029,866.02,789.25,1004.9,823.4,34.15,15.8358,0.8004,0.0,-789.25,0.0,6.8165,0.0,-789.25,0.0,6.8165,1.0,0.0,0.0,0.0,0.0
2030,866.23,798.75,985.1,821.45,22.7,12.1814,0.9143,0.0,-798.75,0.0,6.8165,0.0,-798.75,0.0,6.8165,1.0,0.0,0.0,0.0,0.0
2031,866.44,786.25,996.1,834.95,48.7,23.2071,0.6344,0.0,-786.25,0.0,6.8165,0.0,-786.25,0.0,6.8165,1.0,0.0,0.0,0.0,0.0
2032,866.65,788.25,991.65,818.05,29.8,14.6509,0.8341,0.0,-788.25,0.0,6.8165,0.0,-788.25,0.0,6.8165,1.0,0.0,0.0,0.0,0.0
2033,866.87,795.8,990.05,811.7,15.9,8.1853,1.087,0.0,-795.8,0.0,6.8165,0.0,-795.8,0.0,6.8165,1.0,0.0,0.0,0.0,0.0
2034,867.08,790.1,992.65,827.5,37.4,18.4646,0.7337,0.0,-790.1,0.0,6.8165,0.0,-790.1,0.0,6.8165,1.0,0.0,0.0,0.0,0.0
2035,867.29,798.0,1003.45,815.6,17.6,8.5666,1.0672,0.0,-798.0,0.0,6.8165,0.0,-798.0,0.0,6.8165,1.0,0.0,0.0,0.0,0.0
2036,867.5,796.3,1002.95,812.4,16.1,7.791,1.1084,0.0,-796.3,0.0,6.8165,0.0,-796.3,0.0,6.8165,1.0,0.0,0.0,0.0,0.0
2037,867.71,790.6,984.55,812.4,21.8,11.24,0.9492,0.0,-790.6,0.0,6.8165,0.0,-790.6,0.0,6.8165,1.0,0.0,0.0,0.0,0.0
2038,867.92,790.45,989.8,821.4,30.95,15.5255,0.809,0.0,-790.45,0.0,6.8165,0.0,-790.45,0.0,6.8165,1.0,0.0,0.0,0.0,0.0
2039,868.14,802.45,963.0,821.5,19.05,11.8655,0.9257,0.0,-802.45,0.0,6.8165,0.0,-802.45,0.0,6.8165,1.0,0.0,0.0,0.0,0.0
2040,868.35,802.65,968.8,816.7,14.05,8.4562,1.0728,0.0,-802.65,0.0,6.8165,0.0,-802.65,0.0,6.8165,1.0,0.0,0.0,0.0,0.0
2041,868.56,802.25,984.25,820.25,18.0,9.8901,1.0048,0.0,-802.25,0.0,6.8165,0.0,-802.25,0.0,6.8165,1.0,0.0,0.0,0.0,0.0
2042,868.77,790.7,983.0,821.15,30.45,15.8346,0.8004,0.0,-790.7,0.0,6.8165,0.0,-790.7,0.0,6.8165,1.0,0.0,0.0,0.0,0.0
2043,868.98,790.5,977.75,818.15,27.65,14.7664,0.8307,0.0,-790.5,0.0,6.8165,0.0,-790.5,0.0,6.8165,1.0,0.0,0.0,0.0,0.0
2044,869.19,797.75,994.05,818.7,20.95,10.6724,0.9717,0.0,-797.75,0.0,6.8165,0.0,-797.75,0.0,6.8165,1.0,0.0,0.0,0.0,0.0
2045,869.4,775.65,995.45,823.7,48.05,21.8608,0.6603,0.0,-775.65,0.0,6.8165,0.0,-775.65,0.0,6.8165,1.0,0.0,0.0,0.0,0.0
2046,869.61,785.15,968.95,819.8,34.65,18.852,0.7246,0.0,-785.15,0.0,6.8165,0.0,-785.15,0.0,6.8165,1.0,0.0,0.0,0.0,0.0
2047,869.82,784.3,986.9,824.5,40.2,19.8421,0.7024,0.0,-784.3,0.0,6.8165,0.0,-784.3,0.0,6.8165,1.0,0.0,0.0,0.0,0.0
