Pixel,Wavelength,Dark,Reference,Raw data #1,Dark Subtracted #1,%TR #1,Absorbance #1,Raw data #2,Dark Subtracted #2,%TR #2,Absorbance #2,Raw data #3,Dark Subtracted #3,%TR #3,Absorbance #3,Errands Ref,Errands Fit,Irradiance_1,Irradiance_2,Irradiance_3
0,231.94,782.05,781.2,748.05,-34.0,110.0,-0.0414,0.0,-782.05,110.0,-0.0414,0.0,-782.05,110.0,-0.0414,1.0,0.0,0.0,0.0,0.0
1,232.35,782.05,781.2,748.05,-34.0,110.0,-0.0414,0.0,-782.05,110.0,-0.0414,0.0,-782.05,110.0,-0.0414,1.0,0.0,0.0,0.0,0.0
2,232.76,785.25,784.8,790.85,5.6,0.0,6.8165,0.0,-785.25,110.0,-0.0414,0.0,-785.25,110.0,-0.0414,1.0,0.0,0.0,0.0,0.0
3,233.16,738.4,747.1,759.0,20.6,110.0,-0.0414,0.0,-738.4,0.0,6.8165,0.0,-738.4,0.0,6.8165,1.0,0.0,0.0,0.0,0.0
4,233.57,795.0,782.1,765.5,-29.5,110.0,-0.0414,0.0,-795.0,110.0,-0.0414,0.0,-795.0,110.0,-0.0414,1.0,0.0,0.0,0.0,0.0
5,233.98,788.2,796.1,762.95,-25.25,0.0,6.8165,0.0,-788.2,110.0,-0.0414,0.0,-788.2,110.0,-0.0414,1.0,0.0,0.0,0.0,0.0
6,234.38,789.6,776.05,776.8,-12.8,94.4649,0.0247,0.0,-789.6,110.0,-0.0414,0.0,-789.6,110.0,-0.0414,1.0,0.0,0.0,0.0,0.0
7,234.79,815.2,780.4,771.35,-43.85,110.0,-0.0414,0.0,-815.2,110.0,-0.0414,0.0,-815.2,110.0,-0.0414,1.0,0.0,0.0,0.0,0.0
8,235.2,809.95,775.5,765.75,-44.2,110.0,-0.0414,0.0,-809.95,110.0,-0.0414,0.0,-809.95,110.0,-0.0414,1.0,0.0,0.0,0.0,0.0
9,235.6,796.0,795.1,770.75,-25.25,110.0,-0.0414,0.0,-796.0,110.0,-0.0414,0.0,-796.0,110.0,-0.0414,1.0,0.0,0.0,0.0,0.0
10,236.01,786.6,782.2,770.25,-16.35,110.0,-0.0414,0.0,-786.6,110.0,-0.0414,0.0,-786.6,110.0,-0.0414,1.0,0.0,0.0,0.0,0.0
11,236.41,799.65,780.05,774.45,-25.2,110.0,-0.0414,0.0,-799.65,110.0,-0.0414,0.0,-799.65,110.0,-0.0414,1.0,0.0,0.0,0.0,0.0
12,236.82,790.15,788.95,777.75,-12.4,110.0,-0.0414,0.0,-790.15,0.0,6.8165,0.0,-790.15,0.0,6.8165,1.0,0.0,0.0,0.0,0.0
13,237.23,798.5,775.55,786.05,-12.45,54.2484,0.2656,0.0,-798.5,110.0,-0.0414,0.0,-798.5,110.0,-0.0414,1.0,0.0,0.0,0.0,0.0
14,237.63,798.75,751.95,775.65,-23.1,49.359,0.3066,0.0,-798.75,110.0,-0.0414,0.0,-798.75,110.0,-0.0414,1.0,0.0,0.0,0.0,0.0
15,238.04,786.85,791.75,775.15,-11.7,0.0,6.8165,0.0,-786.85,110.0,-0.0414,0.0,-786.85,110.0,-0.0414,1.0,0.0,0.0,0.0,0.0
16,238.44,797.85,773.85,779.65,-18.2,75.8333,0.1201,0.0,-797.85,110.0,-0.0414,0.0,-797.85,110.0,-0.0414,1.0,0.0,0.0,0.0,0.0
17,238.85,788.65,779.45,772.6,-16.05,110.0,-0.0414,0.0,-788.65,110.0,-0.0414,0.0,-788.65,110.0,-0.0414,1.0,0.0,0.0,0.0,0.0
18,239.25,802.4,780.55,763.05,-39.35,110.0,-0.0414,0.0,-802.4,110.0,-0.0414,0.0,-802.4,110.0,-0.0414,1.0,0.0,0.0,0.0,0.0
19,239.66,782.85,761.9,762.4,-20.45,97.6134,0.0105,0.0,-782.85,110.0,-0.0414,0.0,-782.85,110.0,-0.0414,1.0,0.0,0.0,0.0,0.0
20,240.07,775.7,758.0,771.55,-4.15,23.4463,0.6299,0.0,-775.7,110.0,-0.0414,0.0,-775.7,110.0,-0.0414,1.0,0.0,0.0,0.0,0.0
21,240.47,781.7,777.0,772.8,-8.9,110.0,-0.0414,0.0,-781.7,110.0,-0.0414,0.0,-781.7,110.0,-0.0414,1.0,0.0,0.0,0.0,0.0
22,240.88,789.25,776.0,771.8,-17.45,110.0,-0.0414,0.0,-789.25,110.0,-0.0414,0.0,-789.25,110.0,-0.0414,1.0,0.0,0.0,0.0,0.0
23,241.28,770.8,792.2,765.6,-5.2,0.0,6.8165,0.0,-770.8,0.0,6.8165,0.0,-770.8,0.0,6.8165,1.0,0.0,0.0,0.0,0.0
24,241.69,792.35,775.7,770.4,-21.95,110.0,-0.0414,0.0,-792.35,110.0,-0.0414,0.0,-792.35,110.0,-0.0414,1.0,0.0,0.0,0.0,0.0
25,242.09,790.1,765.4,769.4,-20.7,83.8057,0.0767,0.0,-790.1,110.0,-0.0414,0.0,-790.1,110.0,-0.0414,1.0,0.0,0.0,0.0,0.0
26,242.5,790.45,781.45,765.25,-25.2,110.0,-0.0414,0.0,-790.45,110.0,-0.0414,0.0,-790.45,110.0,-0.0414,1.0,0.0,0.0,0.0,0.0
27,242.9,786.45,787.95,755.95,-30.5,0.0,6.8165,0.0,-786.45,110.0,-0.0414,0.0,-786.45,110.0,-0.0414,1.0,0.0,0.0,0.0,0.0
28,243.3,788.4,786.5,767.35,-21.05,110.0,-0.0414,0.0,-788.4,110.0,-0.0414,0.0,-788.4,110.0,-0.0414,1.0,0.0,0.0,0.0,0.0
29,243.71,791.3,778.95,767.85,-23.45,110.0,-0.0414,0.0,-791.3,110.0,-0.0414,0.0,-791.3,110.0,-0.0414,1.0,0.0,0.0,0.0,0.0
30,244.11,785.55,782.85,757.4,-28.15,110.0,-0.0414,0.0,-785.55,110.0,-0.0414,0.0,-785.55,110.0,-0.0414,1.0,0.0,0.0,0.0,0.0
31,244.52,786.7,777.15,762.05,-24.65,110.0,-0.0414,0.0,-786.7,110.0,-0.0414,0.0,-786.7,110.0,-0.0414,1.0,0.0,0.0,0.0,0.0
32,244.92,791.0,769.3,760.45,-30.55,110.0,-0.0414,0.0,-791.0,110.0,-0.0414,0.0,-791.0,110.0,-0.0414,1.0,0.0,0.0,0.0,0.0
33,245.33,788.9,782.85,771.05,-17.85,110.0,-0.0414,0.0,-788.9,0.0,6.8165,0.0,-788.9,0.0,6.8165,1.0,0.0,0.0,0.0,0.0
34,245.73,769.8,762.9,766.8,-3.0,43.4783,0.3617,0.0,-769.8,0.0,6.8165,0.0,-769.8,0.0,6.8165,1.0,0.0,0.0,0.0,0.0
35,246.13,778.15,791.4,778.25,0.1,0.7547,2.1222,0.0,-778.15,0.0,6.8165,0.0,-778.15,0.0,6.8165,1.0,0.0,0.0,0.0,0.0
36,246.54,796.3,854.7,782.3,-14.0,0.0,6.8165,0.0,-796.3,0.0,6.8165,0.0,-796.3,0.0,6.8165,1.0,0.0,0.0,0.0,0.0
37,246.94,783.05,842.4,782.9,-0.15,0.0,6.8165,0.0,-783.05,0.0,6.8165,0.0,-783.05,0.0,6.8165,1.0,0.0,0.0,0.0,0.0
38,247.35,783.4,852.25,774.0,-9.4,0.0,6.8165,0.0,-783.4,0.0,6.8165,0.0,-783.4,0.0,6.8165,1.0,0.0,0.0,0.0,0.0
39,247.75,786.45,860.8,798.95,12.5,16.8124,0.7744,0.0,-786.45,0.0,6.8165,0.0,-786.45,0.0,6.8165,1.0,0.0,0.0,0.0,0.0
40,248.15,784.7,857.45,781.15,-3.55,0.0,6.8165,0.0,-784.7,0.0,6.8165,0.0,-784.7,0.0,6.8165,1.0,0.0,0.0,0.0,0.0
41,248.56,797.0,868.95,810.4,13.4,18.624,0.7299,0.0,-797.0,0.0,6.8165,0.0,-797.0,0.0,6.8165,1.0,0.0,0.0,0.0,0.0
42,248.96,791.6,841.65,775.6,-16.0,0.0,6.8165,0.0,-791.6,0.0,6.8165,0.0,-791.6,0.0,6.8165,1.0,0.0,0.0,0.0,0.0
43,249.36,792.55,852.15,786.7,-5.85,0.0,6.8165,0.0,-792.55,0.0,6.8165,0.0,-792.55,0.0,6.8165,1.0,0.0,0.0,0.0,0.0
44,249.77,775.25,841.25,788.8,13.55,20.5303,0.6876,0.0,-775.25,0.0,6.8165,0.0,-775.25,0.0,6.8165,1.0,0.0,0.0,0.0,0.0
45,250.17,791.15,856.3,780.85,-10.3,0.0,6.8165,0.0,-791.15,0.0,6.8165,0.0,-791.15,0.0,6.8165,1.0,0.0,0.0,0.0,0.0
46,250.57,788.25,848.6,794.2,5.95,9.8592,1.0062,0.0,-788.25,0.0,6.8165,0.0,-788.25,0.0,6.8165,1.0,0.0,0.0,0.0,0.0
47,250.97,787.55,854.25,794.75,7.2,10.7946,0.9668,0.0,-787.55,0.0,6.8165,0.0,-787.55,0.0,6.8165,1.0,0.0,0.0,0.0,0.0
48,251.38,787.1,845.05,791.2,4.1,7.0751,1.1503,0.0,-787.1,0.0,6.8165,0.0,-787.1,0.0,6.8165,1.0,0.0,0.0,0.0,0.0
49,251.78,791.0,860.6,773.15,-17.85,0.0,6.8165,0.0,-791.0,0.0,6.8165,0.0,-791.0,0.0,6.8165,1.0,0.0,0.0,0.0,0.0
50,252.18,780.65,866.7,777.8,-2.85,0.0,6.8165,0.0,-780.65,0.0,6.8165,0.0,-780.65,0.0,6.8165,1.0,0.0,0.0,0.0,0.0
51,252.59,780.0,852.75,781.6,1.6,2.1993,1.6577,0.0,-780.0,0.0,6.8165,0.0,-780.0,0.0,6.8165,1.0,0.0,0.0,0.0,0.0
52,252.99,783.45,862.85,779.4,-4.05,0.0,6.8165,0.0,-783.45,0.0,6.8165,0.0,-783.45,0.0,6.8165,1.0,0.0,0.0,0.0,0.0
53,253.39,780.7,854.45,789.3,8.6,11.661,0.9333,0.0,-780.7,0.0,6.8165,0.0,-780.7,0.0,6.8165,1.0,0.0,0.0,0.0,0.0
54,253.79,784.9,857.7,784.7,-0.2,0.0,6.8165,0.0,-784.9,0.0,6.8165,0.0,-784.9,0.0,6.8165,1.0,0.0,0.0,0.0,0.0
55,254.2,780.95,862.9,770.25,-10.7,0.0,6.8165,0.0,-780.95,0.0,6.8165,0.0,-780.95,0.0,6.8165,1.0,0.0,0.0,0.0,0.0
56,254.6,787.2,854.3,782.45,-4.75,0.0,6.8165,0.0,-787.2,0.0,6.8165,0.0,-787.2,0.0,6.8165,1.0,0.0,0.0,0.0,0.0
57,255.0,784.4,859.85,783.9,-0.5,0.0,6.8165,0.0,-784.4,0.0,6.8165,0.0,-784.4,0.0,6.8165,1.0,0.0,0.0,0.0,0.0
58,255.4,794.15,870.55,794.65,0.5,0.6545,2.1841,0.0,-794.15,0.0,6.8165,0.0,-794.15,0.0,6.8165,1.0,0.0,0.0,0.0,0.0
59,255.8,797.5,849.8,792.65,-4.85,0.0,6.8165,0.0,-797.5,0.0,6.8165,0.0,-797.5,0.0,6.8165,1.0,0.0,0.0,0.0,0.0
60,256.2,805.65,840.15,768.5,-37.15,0.0,6.8165,0.0,-805.65,0.0,6.8165,0.0,-805.65,0.0,6.8165,1.0,0.0,0.0,0.0,0.0
61,256.61,793.5,862.5,781.95,-11.55,0.0,6.8165,0.0,-793.5,0.0,6.8165,0.0,-793.5,0.0,6.8165,1.0,0.0,0.0,0.0,0.0
62,257.01,789.55,868.4,770.7,-18.85,0.0,6.8165,0.0,-789.55,0.0,6.8165,0.0,-789.55,0.0,6.8165,1.0,0.0,0.0,0.0,0.0
63,257.41,787.9,850.75,793.95,6.05,9.6261,1.0165,0.0,-787.9,0.0,6.8165,0.0,-787.9,0.0,6.8165,1.0,0.0,0.0,0.0,0.0
64,257.81,799.65,860.7,796.95,-2.7,0.0,6.8165,0.0,-799.65,0.0,6.8165,0.0,-799.65,0.0,6.8165,1.0,0.0,0.0,0.0,0.0
65,258.21,790.35,859.15,803.15,12.8,18.6047,0.7304,0.0,-790.35,0.0,6.8165,0.0,-790.35,0.0,6.8165,1.0,0.0,0.0,0.0,0.0
66,258.61,765.85,850.75,785.75,19.9,23.4393,0.6301,0.0,-765.85,0.0,6.8165,0.0,-765.85,0.0,6.8165,1.0,0.0,0.0,0.0,0.0
67,259.01,790.8,852.1,794.85,4.05,6.6069,1.18,0.0,-790.8,0.0,6.8165,0.0,-790.8,0.0,6.8165,1.0,0.0,0.0,0.0,0.0
68,259.42,784.45,866.55,786.05,1.6,1.9488,1.7102,0.0,-784.45,0.0,6.8165,0.0,-784.45,0.0,6.8165,1.0,0.0,0.0,0.0,0.0
69,259.82,794.55,852.55,785.2,-9.35,0.0,6.8165,0.0,-794.55,0.0,6.8165,0.0,-794.55,0.0,6.8165,1.0,0.0,0.0,0.0,0.0
70,260.22,803.15,859.9,786.05,-17.1,0.0,6.8165,0.0,-803.15,0.0,6.8165,0.0,-803.15,0.0,6.8165,1.0,0.0,0.0,0.0,0.0
71,260.62,784.7,858.65,786.7,2.0,2.7045,1.5679,0.0,-784.7,0.0,6.8165,0.0,-784.7,0.0,6.8165,1.0,0.0,0.0,0.0,0.0
72,261.02,791.5,847.55,775.95,-15.55,0.0,6.8165,0.0,-791.5,0.0,6.8165,0.0,-791.5,0.0,6.8165,1.0,0.0,0.0,0.0,0.0
73,261.42,798.45,867.4,786.8,-11.65,0.0,6.8165,0.0,-798.45,0.0,6.8165,0.0,-798.45,0.0,6.8165,1.0,0.0,0.0,0.0,0.0
74,261.82,780.95,850.0,780.15,-0.8,0.0,6.8165,0.0,-780.95,0.0,6.8165,0.0,-780.95,0.0,6.8165,1.0,0.0,0.0,0.0,0.0
75,262.22,781.65,864.3,790.2,8.55,10.3448,0.9853,0.0,-781.65,0.0,6.8165,0.0,-781.65,0.0,6.8165,1.0,0.0,0.0,0.0,0.0
76,262.62,794.1,841.05,784.7,-9.4,0.0,6.8165,0.0,-794.1,0.0,6.8165,0.0,-794.1,0.0,6.8165,1.0,0.0,0.0,0.0,0.0
77,263.02,791.0,852.7,793.8,2.8,4.5381,1.3431,0.0,-791.0,0.0,6.8165,0.0,-791.0,0.0,6.8165,1.0,0.0,0.0,0.0,0.0
78,263.42,792.75,851.0,779.55,-13.2,0.0,6.8165,0.0,-792.75,0.0,6.8165,0.0,-792.75,0.0,6.8165,1.0,0.0,0.0,0.0,0.0
79,263.82,803.75,865.35,797.2,-6.55,0.0,6.8165,0.0,-803.75,0.0,6.8165,0.0,-803.75,0.0,6.8165,1.0,0.0,0.0,0.0,0.0
80,264.22,790.95,870.0,775.5,-15.45,0.0,6.8165,0.0,-790.95,0.0,6.8165,0.0,-790.95,0.0,6.8165,1.0,0.0,0.0,0.0,0.0
81,264.62,789.0,879.95,778.1,-10.9,0.0,6.8165,0.0,-789.0,0.0,6.8165,0.0,-789.0,0.0,6.8165,1.0,0.0,0.0,0.0,0.0
82,265.02,789.85,858.75,796.1,6.25,9.0711,1.0423,0.0,-789.85,0.0,6.8165,0.0,-789.85,0.0,6.8165,1.0,0.0,0.0,0.0,0.0
83,265.42,784.05,862.1,794.15,10.1,12.9404,0.8881,0.0,-784.05,0.0,6.8165,0.0,-784.05,0.0,6.8165,1.0,0.0,0.0,0.0,0.0
84,265.82,773.95,856.65,785.15,11.2,13.5429,0.8683,0.0,-773.95,0.0,6.8165,0.0,-773.95,0.0,6.8165,1.0,0.0,0.0,0.0,0.0
85,266.22,784.25,871.75,780.25,-4.0,0.0,6.8165,0.0,-784.25,0.0,6.8165,0.0,-784.25,0.0,6.8165,1.0,0.0,0.0,0.0,0.0
86,266.62,790.4,874.7,776.7,-13.7,0.0,6.8165,0.0,-790.4,0.0,6.8165,0.0,-790.4,0.0,6.8165,1.0,0.0,0.0,0.0,0.0
87,267.02,782.75,853.9,776.2,-6.55,0.0,6.8165,0.0,-782.75,0.0,6.8165,0.0,-782.75,0.0,6.8165,1.0,0.0,0.0,0.0,0.0
88,267.42,786.6,856.5,781.7,-4.9,0.0,6.8165,0.0,-786.6,0.0,6.8165,0.0,-786.6,0.0,6.8165,1.0,0.0,0.0,0.0,0.0
89,267.82,782.75,849.2,773.95,-8.8,0.0,6.8165,0.0,-782.75,0.0,6.8165,0.0,-782.75,0.0,6.8165,1.0,0.0,0.0,0.0,0.0
90,268.22,795.9,858.75,792.25,-3.65,0.0,6.8165,0.0,-795.9,0.0,6.8165,0.0,-795.9,0.0,6.8165,1.0,0.0,0.0,0.0,0.0
91,268.62,778.65,861.65,767.6,-11.05,0.0,6.8165,0.0,-778.65,0.0,6.8165,0.0,-778.65,0.0,6.8165,1.0,0.0,0.0,0.0,0.0
92,269.01,787.8,863.35,778.8,-9.0,0.0,6.8165,0.0,-787.8,0.0,6.8165,0.0,-787.8,0.0,6.8165,1.0,0.0,0.0,0.0,0.0
93,269.41,769.2,885.45,800.75,31.55,27.1398,0.5664,0.0,-769.2,0.0,6.8165,0.0,-769.2,0.0,6.8165,1.0,0.0,0.0,0.0,0.0
94,269.81,791.55,870.85,804.1,12.55,15.826,0.8006,0.0,-791.55,0.0,6.8165,0.0,-791.55,0.0,6.8165,1.0,0.0,0.0,0.0,0.0
95,270.21,795.05,858.1,793.5,-1.55,0.0,6.8165,0.0,-795.05,0.0,6.8165,0.0,-795.05,0.0,6.8165,1.0,0.0,0.0,0.0,0.0
96,270.61,788.35,873.5,794.0,5.65,6.6353,1.1781,0.0,-788.35,0.0,6.8165,0.0,-788.35,0.0,6.8165,1.0,0.0,0.0,0.0,0.0
97,271.01,800.5,863.5,787.4,-13.1,0.0,6.8165,0.0,-800.5,0.0,6.8165,0.0,-800.5,0.0,6.8165,1.0,0.0,0.0,0.0,0.0
98,271.41,782.9,875.9,783.65,0.75,0.8065,2.0934,0.0,-782.9,0.0,6.8165,0.0,-782.9,0.0,6.8165,1.0,0.0,0.0,0.0,0.0
99,271.81,785.65,858.45,786.55,0.9,1.2363,1.9079,0.0,-785.65,0.0,6.8165,0.0,-785.65,0.0,6.8165,1.0,0.0,0.0,0.0,0.0
100,272.2,797.05,860.85,795.1,-1.95,0.0,6.8165,0.0,-797.05,0.0,6.8165,0.0,-797.05,0.0,6.8165,1.0,0.0,0.0,0.0,0.0
101,272.6,779.25,863.35,786.5,7.25,8.6207,1.0645,0.0,-779.25,0.0,6.8165,0.0,-779.25,0.0,6.8165,1.0,0.0,0.0,0.0,0.0
102,273.0,800.4,859.3,797.85,-2.55,0.0,6.8165,0.0,-800.4,0.0,6.8165,0.0,-800.4,0.0,6.8165,1.0,0.0,0.0,0.0,0.0
103,273.4,790.75,869.0,781.1,-9.65,0.0,6.8165,0.0,-790.75,0.0,6.8165,0.0,-790.75,0.0,6.8165,1.0,0.0,0.0,0.0,0.0
104,273.8,770.9,859.65,791.35,20.45,23.0423,0.6375,0.0,-770.9,0.0,6.8165,0.0,-770.9,0.0,6.8165,1.0,0.0,0.0,0.0,0.0
105,274.19,785.0,861.3,780.45,-4.55,0.0,6.8165,0.0,-785.0,0.0,6.8165,0.0,-785.0,0.0,6.8165,1.0,0.0,0.0,0.0,0.0
106,274.59,791.9,854.15,780.35,-11.55,0.0,6.8165,0.0,-791.9,0.0,6.8165,0.0,-791.9,0.0,6.8165,1.0,0.0,0.0,0.0,0.0
107,274.99,800.4,871.5,784.15,-16.25,0.0,6.8165,0.0,-800.4,0.0,6.8165,0.0,-800.4,0.0,6.8165,1.0,0.0,0.0,0.0,0.0
108,275.39,788.4,860.75,786.45,-1.95,0.0,6.8165,0.0,-788.4,0.0,6.8165,0.0,-788.4,0.0,6.8165,1.0,0.0,0.0,0.0,0.0
109,275.78,764.35,875.4,790.35,26.0,23.4129,0.6305,0.0,-764.35,0.0,6.8165,0.0,-764.35,0.0,6.8165,1.0,0.0,0.0,0.0,0.0
110,276.18,775.9,870.6,787.1,11.2,11.8268,0.9271,0.0,-775.9,0.0,6.8165,0.0,-775.9,0.0,6.8165,1.0,0.0,0.0,0.0,0.0
111,276.58,780.95,873.65,777.3,-3.65,0.0,6.8165,0.0,-780.95,0.0,6.8165,0.0,-780.95,0.0,6.8165,1.0,0.0,0.0,0.0,0.0
112,276.98,782.4,868.85,787.95,5.55,6.4199,1.1925,0.0,-782.4,0.0,6.8165,0.0,-782.4,0.0,6.8165,1.0,0.0,0.0,0.0,0.0
113,277.37,789.15,873.45,789.1,-0.05,0.0,6.8165,0.0,-789.15,0.0,6.8165,0.0,-789.15,0.0,6.8165,1.0,0.0,0.0,0.0,0.0
114,277.77,783.5,875.4,781.45,-2.05,0.0,6.8165,0.0,-783.5,0.0,6.8165,0.0,-783.5,0.0,6.8165,1.0,0.0,0.0,0.0,0.0
115,278.17,785.75,865.55,775.15,-10.6,0.0,6.8165,0.0,-785.75,0.0,6.8165,0.0,-785.75,0.0,6.8165,1.0,0.0,0.0,0.0,0.0
116,278.56,782.45,860.6,773.8,-8.65,0.0,6.8165,0.0,-782.45,0.0,6.8165,0.0,-782.45,0.0,6.8165,1.0,0.0,0.0,0.0,0.0
117,278.96,797.5,869.8,785.4,-12.1,0.0,6.8165,0.0,-797.5,0.0,6.8165,0.0,-797.5,0.0,6.8165,1.0,0.0,0.0,0.0,0.0
118,279.36,788.75,864.9,787.0,-1.75,0.0,6.8165,0.0,-788.75,0.0,6.8165,0.0,-788.75,0.0,6.8165,1.0,0.0,0.0,0.0,0.0
119,279.75,792.7,868.1,784.95,-7.75,0.0,6.8165,0.0,-792.7,0.0,6.8165,0.0,-792.7,0.0,6.8165,1.0,0.0,0.0,0.0,0.0
120,280.15,799.05,879.35,779.85,-19.2,0.0,6.8165,0.0,-799.05,0.0,6.8165,0.0,-799.05,0.0,6.8165,1.0,0.0,0.0,0.0,0.0
121,280.55,769.3,878.15,800.0,30.7,28.204,0.5497,0.0,-769.3,0.0,6.8165,0.0,-769.3,0.0,6.8165,1.0,0.0,0.0,0.0,0.0
122,280.94,785.5,894.9,788.05,2.55,2.3309,1.6325,0.0,-785.5,0.0,6.8165,0.0,-785.5,0.0,6.8165,1.0,0.0,0.0,0.0,0.0
123,281.34,772.85,869.4,799.35,26.5,27.4469,0.5615,0.0,-772.85,0.0,6.8165,0.0,-772.85,0.0,6.8165,1.0,0.0,0.0,0.0,0.0
124,281.73,787.35,877.1,791.9,4.55,5.0696,1.295,0.0,-787.35,0.0,6.8165,0.0,-787.35,0.0,6.8165,1.0,0.0,0.0,0.0,0.0
125,282.13,794.6,889.85,794.3,-0.3,0.0,6.8165,0.0,-794.6,0.0,6.8165,0.0,-794.6,0.0,6.8165,1.0,0.0,0.0,0.0,0.0
126,282.53,786.05,886.25,777.75,-8.3,0.0,6.8165,0.0,-786.05,0.0,6.8165,0.0,-786.05,0.0,6.8165,1.0,0.0,0.0,0.0,0.0
127,282.92,782.05,880.4,799.9,17.85,18.1495,0.7411,0.0,-782.05,0.0,6.8165,0.0,-782.05,0.0,6.8165,1.0,0.0,0.0,0.0,0.0
128,283.32,786.45,880.0,783.5,-2.95,0.0,6.8165,0.0,-786.45,0.0,6.8165,0.0,-786.45,0.0,6.8165,1.0,0.0,0.0,0.0,0.0
129,283.71,782.6,886.35,787.75,5.15,4.9639,1.3042,0.0,-782.6,0.0,6.8165,0.0,-782.6,0.0,6.8165,1.0,0.0,0.0,0.0,0.0
130,284.11,792.45,886.65,780.15,-12.3,0.0,6.8165,0.0,-792.45,0.0,6.8165,0.0,-792.45,0.0,6.8165,1.0,0.0,0.0,0.0,0.0
131,284.5,795.35,896.7,785.7,-9.65,0.0,6.8165,0.0,-795.35,0.0,6.8165,0.0,-795.35,0.0,6.8165,1.0,0.0,0.0,0.0,0.0
132,284.9,787.95,892.3,787.9,-0.05,0.0,6.8165,0.0,-787.95,0.0,6.8165,0.0,-787.95,0.0,6.8165,1.0,0.0,0.0,0.0,0.0
133,285.3,783.65,877.1,793.15,9.5,10.1659,0.9929,0.0,-783.65,0.0,6.8165,0.0,-783.65,0.0,6.8165,1.0,0.0,0.0,0.0,0.0
134,285.69,779.8,881.5,787.5,7.7,7.5713,1.1208,0.0,-779.8,0.0,6.8165,0.0,-779.8,0.0,6.8165,1.0,0.0,0.0,0.0,0.0
135,286.09,798.8,893.45,782.75,-16.05,0.0,6.8165,0.0,-798.8,0.0,6.8165,0.0,-798.8,0.0,6.8165,1.0,0.0,0.0,0.0,0.0
136,286.48,779.45,897.2,792.25,12.8,10.8705,0.9638,0.0,-779.45,0.0,6.8165,0.0,-779.45,0.0,6.8165,1.0,0.0,0.0,0.0,0.0
137,286.88,785.25,880.25,799.5,14.25,15.0,0.8239,0.0,-785.25,0.0,6.8165,0.0,-785.25,0.0,6.8165,1.0,0.0,0.0,0.0,0.0
138,287.27,800.95,894.45,788.65,-12.3,0.0,6.8165,0.0,-800.95,0.0,6.8165,0.0,-800.95,0.0,6.8165,1.0,0.0,0.0,0.0,0.0
139,287.67,778.1,897.25,780.45,2.35,1.9723,1.705,0.0,-778.1,0.0,6.8165,0.0,-778.1,0.0,6.8165,1.0,0.0,0.0,0.0,0.0
140,288.06,777.5,894.4,790.8,13.3,11.3772,0.944,0.0,-777.5,0.0,6.8165,0.0,-777.5,0.0,6.8165,1.0,0.0,0.0,0.0,0.0
141,288.46,783.35,880.1,784.65,1.3,1.3437,1.8717,0.0,-783.35,0.0,6.8165,0.0,-783.35,0.0,6.8165,1.0,0.0,0.0,0.0,0.0
142,288.85,783.5,896.45,771.85,-11.65,0.0,6.8165,0.0,-783.5,0.0,6.8165,0.0,-783.5,0.0,6.8165,1.0,0.0,0.0,0.0,0.0
143,289.24,786.9,902.25,791.1,4.2,3.6411,1.4388,0.0,-786.9,0.0,6.8165,0.0,-786.9,0.0,6.8165,1.0,0.0,0.0,0.0,0.0
144,289.64,779.05,905.4,778.65,-0.4,0.0,6.8165,0.0,-779.05,0.0,6.8165,0.0,-779.05,0.0,6.8165,1.0,0.0,0.0,0.0,0.0
145,290.03,789.5,900.5,781.35,-8.15,0.0,6.8165,0.0,-789.5,0.0,6.8165,0.0,-789.5,0.0,6.8165,1.0,0.0,0.0,0.0,0.0
146,290.43,784.55,901.35,804.85,20.3,17.3801,0.7599,0.0,-784.55,0.0,6.8165,0.0,-784.55,0.0,6.8165,1.0,0.0,0.0,0.0,0.0
147,290.82,782.2,904.1,787.55,5.35,4.3888,1.3576,0.0,-782.2,0.0,6.8165,0.0,-782.2,0.0,6.8165,1.0,0.0,0.0,0.0,0.0
148,291.21,793.6,908.3,798.75,5.15,4.49,1.3478,0.0,-793.6,0.0,6.8165,0.0,-793.6,0.0,6.8165,1.0,0.0,0.0,0.0,0.0
149,291.61,785.2,915.25,784.65,-0.55,0.0,6.8165,0.0,-785.2,0.0,6.8165,0.0,-785.2,0.0,6.8165,1.0,0.0,0.0,0.0,0.0
150,292.0,793.35,903.8,776.4,-16.95,0.0,6.8165,0.0,-793.35,0.0,6.8165,0.0,-793.35,0.0,6.8165,1.0,0.0,0.0,0.0,0.0
151,292.4,786.95,899.85,786.2,-0.75,0.0,6.8165,0.0,-786.95,0.0,6.8165,0.0,-786.95,0.0,6.8165,1.0,0.0,0.0,0.0,0.0
152,292.79,793.65,907.55,789.65,-4.0,0.0,6.8165,0.0,-793.65,0.0,6.8165,0.0,-793.65,0.0,6.8165,1.0,0.0,0.0,0.0,0.0
153,293.18,786.45,907.05,789.55,3.1,2.5705,1.59,0.0,-786.45,0.0,6.8165,0.0,-786.45,0.0,6.8165,1.0,0.0,0.0,0.0,0.0
154,293.58,776.15,910.25,786.45,10.3,7.6808,1.1146,0.0,-776.15,0.0,6.8165,0.0,-776.15,0.0,6.8165,1.0,0.0,0.0,0.0,0.0
155,293.97,788.6,895.2,800.2,11.6,10.8818,0.9633,0.0,-788.6,0.0,6.8165,0.0,-788.6,0.0,6.8165,1.0,0.0,0.0,0.0,0.0
156,294.36,785.55,921.8,786.35,0.8,0.5872,2.2312,0.0,-785.55,0.0,6.8165,0.0,-785.55,0.0,6.8165,1.0,0.0,0.0,0.0,0.0
157,294.76,790.6,914.05,787.35,-3.25,0.0,6.8165,0.0,-790.6,0.0,6.8165,0.0,-790.6,0.0,6.8165,1.0,0.0,0.0,0.0,0.0
158,295.15,770.45,901.85,800.2,29.75,22.6408,0.6451,0.0,-770.45,0.0,6.8165,0.0,-770.45,0.0,6.8165,1.0,0.0,0.0,0.0,0.0
159,295.54,794.4,909.2,790.25,-4.15,0.0,6.8165,0.0,-794.4,0.0,6.8165,0.0,-794.4,0.0,6.8165,1.0,0.0,0.0,0.0,0.0
160,295.94,790.45,894.25,796.55,6.1,5.8767,1.2309,0.0,-790.45,0.0,6.8165,0.0,-790.45,0.0,6.8165,1.0,0.0,0.0,0.0,0.0
161,296.33,789.0,912.15,803.9,14.9,12.0991,0.9172,0.0,-789.0,0.0,6.8165,0.0,-789.0,0.0,6.8165,1.0,0.0,0.0,0.0,0.0
162,296.72,788.65,909.6,789.3,0.65,0.5374,2.2697,0.0,-788.65,0.0,6.8165,0.0,-788.65,0.0,6.8165,1.0,0.0,0.0,0.0,0.0
163,297.11,789.0,915.2,787.65,-1.35,0.0,6.8165,0.0,-789.0,0.0,6.8165,0.0,-789.0,0.0,6.8165,1.0,0.0,0.0,0.0,0.0
164,297.51,778.95,904.1,789.5,10.55,8.4299,1.0742,0.0,-778.95,0.0,6.8165,0.0,-778.95,0.0,6.8165,1.0,0.0,0.0,0.0,0.0
165,297.9,796.95,911.25,794.65,-2.3,0.0,6.8165,0.0,-796.95,0.0,6.8165,0.0,-796.95,0.0,6.8165,1.0,0.0,0.0,0.0,0.0
166,298.29,801.25,917.75,790.1,-11.15,0.0,6.8165,0.0,-801.25,0.0,6.8165,0.0,-801.25,0.0,6.8165,1.0,0.0,0.0,0.0,0.0
167,298.68,786.7,928.9,790.95,4.25,2.9887,1.5245,0.0,-786.7,0.0,6.8165,0.0,-786.7,0.0,6.8165,1.0,0.0,0.0,0.0,0.0
168,299.08,789.95,920.9,781.05,-8.9,0.0,6.8165,0.0,-789.95,0.0,6.8165,0.0,-789.95,0.0,6.8165,1.0,0.0,0.0,0.0,0.0
169,299.47,781.75,914.55,788.9,7.15,5.384,1.2689,0.0,-781.75,0.0,6.8165,0.0,-781.75,0.0,6.8165,1.0,0.0,0.0,0.0,0.0
170,299.86,768.05,919.05,785.1,17.05,11.2914,0.9473,0.0,-768.05,0.0,6.8165,0.0,-768.05,0.0,6.8165,1.0,0.0,0.0,0.0,0.0
171,300.25,797.35,909.05,770.0,-27.35,0.0,6.8165,0.0,-797.35,0.0,6.8165,0.0,-797.35,0.0,6.8165,1.0,0.0,0.0,0.0,0.0
172,300.64,775.65,914.75,787.5,11.85,8.5191,1.0696,0.0,-775.65,0.0,6.8165,0.0,-775.65,0.0,6.8165,1.0,0.0,0.0,0.0,0.0
173,301.04,787.1,918.35,793.0,5.9,4.4952,1.3472,0.0,-787.1,0.0,6.8165,0.0,-787.1,0.0,6.8165,1.0,0.0,0.0,0.0,0.0
174,301.43,782.85,905.6,783.1,0.25,0.2037,2.6911,0.0,-782.85,0.0,6.8165,0.0,-782.85,0.0,6.8165,1.0,0.0,0.0,0.0,0.0
175,301.82,778.4,924.25,781.1,2.7,1.8512,1.7325,0.0,-778.4,0.0,6.8165,0.0,-778.4,0.0,6.8165,1.0,0.0,0.0,0.0,0.0
176,302.21,768.15,909.5,781.95,13.8,9.763,1.0104,0.0,-768.15,0.0,6.8165,0.0,-768.15,0.0,6.8165,1.0,0.0,0.0,0.0,0.0
177,302.6,781.8,908.45,785.75,3.95,3.1188,1.506,0.0,-781.8,0.0,6.8165,0.0,-781.8,0.0,6.8165,1.0,0.0,0.0,0.0,0.0
178,302.99,781.0,916.4,784.05,3.05,2.2526,1.6473,0.0,-781.0,0.0,6.8165,0.0,-781.0,0.0,6.8165,1.0,0.0,0.0,0.0,0.0
179,303.38,778.15,929.75,786.9,8.75,5.7718,1.2387,0.0,-778.15,0.0,6.8165,0.0,-778.15,0.0,6.8165,1.0,0.0,0.0,0.0,0.0
180,303.78,797.05,927.25,802.4,5.35,4.1091,1.3863,0.0,-797.05,0.0,6.8165,0.0,-797.05,0.0,6.8165,1.0,0.0,0.0,0.0,0.0
181,304.17,776.05,917.15,786.7,10.65,7.5478,1.1222,0.0,-776.05,0.0,6.8165,0.0,-776.05,0.0,6.8165,1.0,0.0,0.0,0.0,0.0
182,304.56,782.3,912.5,808.05,25.75,19.7773,0.7038,0.0,-782.3,0.0,6.8165,0.0,-782.3,0.0,6.8165,1.0,0.0,0.0,0.0,0.0
183,304.95,781.15,926.5,798.95,17.8,12.2463,0.912,0.0,-781.15,0.0,6.8165,0.0,-781.15,0.0,6.8165,1.0,0.0,0.0,0.0,0.0
184,305.34,794.25,919.15,802.4,8.15,6.5252,1.1854,0.0,-794.25,0.0,6.8165,0.0,-794.25,0.0,6.8165,1.0,0.0,0.0,0.0,0.0
185,305.73,789.65,926.75,797.15,7.5,5.4705,1.262,0.0,-789.65,0.0,6.8165,0.0,-789.65,0.0,6.8165,1.0,0.0,0.0,0.0,0.0
186,306.12,781.2,923.95,794.9,13.7,9.5972,1.0179,0.0,-781.2,0.0,6.8165,0.0,-781.2,0.0,6.8165,1.0,0.0,0.0,0.0,0.0
187,306.51,787.35,928.35,796.8,9.45,6.7021,1.1738,0.0,-787.35,0.0,6.8165,0.0,-787.35,0.0,6.8165,1.0,0.0,0.0,0.0,0.0
188,306.9,788.55,915.9,804.7,16.15,12.6816,0.8968,0.0,-788.55,0.0,6.8165,0.0,-788.55,0.0,6.8165,1.0,0.0,0.0,0.0,0.0
189,307.29,806.1,915.1,796.35,-9.75,0.0,6.8165,0.0,-806.1,0.0,6.8165,0.0,-806.1,0.0,6.8165,1.0,0.0,0.0,0.0,0.0
190,307.68,785.55,915.3,797.95,12.4,9.5568,1.0197,0.0,-785.55,0.0,6.8165,0.0,-785.55,0.0,6.8165,1.0,0.0,0.0,0.0,0.0
191,308.07,782.85,918.55,772.9,-9.95,0.0,6.8165,0.0,-782.85,0.0,6.8165,0.0,-782.85,0.0,6.8165,1.0,0.0,0.0,0.0,0.0
192,308.46,793.1,924.25,792.3,-0.8,0.0,6.8165,0.0,-793.1,0.0,6.8165,0.0,-793.1,0.0,6.8165,1.0,0.0,0.0,0.0,0.0
193,308.85,788.2,917.55,803.5,15.3,11.8284,0.9271,0.0,-788.2,0.0,6.8165,0.0,-788.2,0.0,6.8165,1.0,0.0,0.0,0.0,0.0
194,309.24,794.0,916.35,783.55,-10.45,0.0,6.8165,0.0,-794.0,0.0,6.8165,0.0,-794.0,0.0,6.8165,1.0,0.0,0.0,0.0,0.0
195,309.63,787.9,928.25,786.0,-1.9,0.0,6.8165,0.0,-787.9,0.0,6.8165,0.0,-787.9,0.0,6.8165,1.0,0.0,0.0,0.0,0.0
196,310.02,779.8,935.0,779.8,0.0,0.0,6.8165,0.0,-779.8,0.0,6.8165,0.0,-779.8,0.0,6.8165,1.0,0.0,0.0,0.0,0.0
197,310.41,790.05,926.2,798.75,8.7,6.39,1.1945,0.0,-790.05,0.0,6.8165,0.0,-790.05,0.0,6.8165,1.0,0.0,0.0,0.0,0.0
198,310.8,785.85,935.2,784.0,-1.85,0.0,6.8165,0.0,-785.85,0.0,6.8165,0.0,-785.85,0.0,6.8165,1.0,0.0,0.0,0.0,0.0
199,311.19,766.6,924.8,793.55,26.95,17.0354,0.7686,0.0,-766.6,0.0,6.8165,0.0,-766.6,0.0,6.8165,1.0,0.0,0.0,0.0,0.0
200,311.58,782.6,927.9,794.25,11.65,8.0179,1.0959,0.0,-782.6,0.0,6.8165,0.0,-782.6,0.0,6.8165,1.0,0.0,0.0,0.0,0.0
201,311.97,778.8,938.65,781.75,2.95,1.8455,1.7339,0.0,-778.8,0.0,6.8165,0.0,-778.8,0.0,6.8165,1.0,0.0,0.0,0.0,0.0
202,312.36,791.2,936.55,783.05,-8.15,0.0,6.8165,0.0,-791.2,0.0,6.8165,0.0,-791.2,0.0,6.8165,1.0,0.0,0.0,0.0,0.0
203,312.75,779.1,926.35,789.7,10.6,7.1986,1.1427,0.0,-779.1,0.0,6.8165,0.0,-779.1,0.0,6.8165,1.0,0.0,0.0,0.0,0.0
204,313.14,784.85,921.85,794.2,9.35,6.8248,1.1659,0.0,-784.85,0.0,6.8165,0.0,-784.85,0.0,6.8165,1.0,0.0,0.0,0.0,0.0
205,313.53,768.6,941.1,791.65,23.05,13.3623,0.8741,0.0,-768.6,0.0,6.8165,0.0,-768.6,0.0,6.8165,1.0,0.0,0.0,0.0,0.0
206,313.91,788.75,922.85,805.9,17.15,12.789,0.8932,0.0,-788.75,0.0,6.8165,0.0,-788.75,0.0,6.8165,1.0,0.0,0.0,0.0,0.0
207,314.3,782.15,938.1,791.4,9.25,5.9314,1.2268,0.0,-782.15,0.0,6.8165,0.0,-782.15,0.0,6.8165,1.0,0.0,0.0,0.0,0.0
208,314.69,788.8,922.0,782.15,-6.65,0.0,6.8165,0.0,-788.8,0.0,6.8165,0.0,-788.8,0.0,6.8165,1.0,0.0,0.0,0.0,0.0
209,315.08,790.05,938.5,814.4,24.35,16.4028,0.7851,0.0,-790.05,0.0,6.8165,0.0,-790.05,0.0,6.8165,1.0,0.0,0.0,0.0,0.0
210,315.47,800.5,934.35,804.6,4.1,3.0631,1.5138,0.0,-800.5,0.0,6.8165,0.0,-800.5,0.0,6.8165,1.0,0.0,0.0,0.0,0.0
211,315.86,781.5,924.8,804.15,22.65,15.806,0.8012,0.0,-781.5,0.0,6.8165,0.0,-781.5,0.0,6.8165,1.0,0.0,0.0,0.0,0.0
212,316.25,781.4,944.2,788.65,7.25,4.4533,1.3513,0.0,-781.4,0.0,6.8165,0.0,-781.4,0.0,6.8165,1.0,0.0,0.0,0.0,0.0
213,316.63,789.95,927.85,787.6,-2.35,0.0,6.8165,0.0,-789.95,0.0,6.8165,0.0,-789.95,0.0,6.8165,1.0,0.0,0.0,0.0,0.0
214,317.02,784.35,937.55,779.7,-4.65,0.0,6.8165,0.0,-784.35,0.0,6.8165,0.0,-784.35,0.0,6.8165,1.0,0.0,0.0,0.0,0.0
215,317.41,774.5,944.0,794.25,19.75,11.6519,0.9336,0.0,-774.5,0.0,6.8165,0.0,-774.5,0.0,6.8165,1.0,0.0,0.0,0.0,0.0
216,317.8,784.5,938.8,798.2,13.7,8.8788,1.0516,0.0,-784.5,0.0,6.8165,0.0,-784.5,0.0,6.8165,1.0,0.0,0.0,0.0,0.0
217,318.19,782.6,924.05,807.6,25.0,17.6741,0.7527,0.0,-782.6,0.0,6.8165,0.0,-782.6,0.0,6.8165,1.0,0.0,0.0,0.0,0.0
218,318.57,780.2,926.3,785.2,5.0,3.4223,1.4657,0.0,-780.2,0.0,6.8165,0.0,-780.2,0.0,6.8165,1.0,0.0,0.0,0.0,0.0
219,318.96,804.75,931.4,787.75,-17.0,0.0,6.8165,0.0,-804.75,0.0,6.8165,0.0,-804.75,0.0,6.8165,1.0,0.0,0.0,0.0,0.0
220,319.35,803.15,950.3,795.35,-7.8,0.0,6.8165,0.0,-803.15,0.0,6.8165,0.0,-803.15,0.0,6.8165,1.0,0.0,0.0,0.0,0.0
221,319.74,786.25,950.7,813.85,27.6,16.7832,0.7751,0.0,-786.25,0.0,6.8165,0.0,-786.25,0.0,6.8165,1.0,0.0,0.0,0.0,0.0
222,320.12,774.0,947.6,796.8,22.8,13.1336,0.8816,0.0,-774.0,0.0,6.8165,0.0,-774.0,0.0,6.8165,1.0,0.0,0.0,0.0,0.0
223,320.51,779.6,943.45,806.3,26.7,16.2954,0.7879,0.0,-779.6,0.0,6.8165,0.0,-779.6,0.0,6.8165,1.0,0.0,0.0,0.0,0.0
224,320.9,783.4,925.85,805.1,21.7,15.2334,0.8172,0.0,-783.4,0.0,6.8165,0.0,-783.4,0.0,6.8165,1.0,0.0,0.0,0.0,0.0
225,321.28,785.45,946.25,788.2,2.75,1.7102,1.767,0.0,-785.45,0.0,6.8165,0.0,-785.45,0.0,6.8165,1.0,0.0,0.0,0.0,0.0
226,321.67,778.1,941.95,789.3,11.2,6.8355,1.1652,0.0,-778.1,0.0,6.8165,0.0,-778.1,0.0,6.8165,1.0,0.0,0.0,0.0,0.0
227,322.06,786.9,942.35,786.0,-0.9,0.0,6.8165,0.0,-786.9,0.0,6.8165,0.0,-786.9,0.0,6.8165,1.0,0.0,0.0,0.0,0.0
228,322.45,769.25,950.8,783.7,14.45,7.9592,1.0991,0.0,-769.25,0.0,6.8165,0.0,-769.25,0.0,6.8165,1.0,0.0,0.0,0.0,0.0
229,322.83,766.65,928.05,795.4,28.75,17.8129,0.7493,0.0,-766.65,0.0,6.8165,0.0,-766.65,0.0,6.8165,1.0,0.0,0.0,0.0,0.0
230,323.22,794.45,942.05,779.7,-14.75,0.0,6.8165,0.0,-794.45,0.0,6.8165,0.0,-794.45,0.0,6.8165,1.0,0.0,0.0,0.0,0.0
231,323.61,784.35,929.55,789.75,5.4,3.719,1.4296,0.0,-784.35,0.0,6.8165,0.0,-784.35,0.0,6.8165,1.0,0.0,0.0,0.0,0.0
232,323.99,794.0,945.85,791.8,-2.2,0.0,6.8165,0.0,-794.0,0.0,6.8165,0.0,-794.0,0.0,6.8165,1.0,0.0,0.0,0.0,0.0
233,324.38,780.2,953.45,789.65,9.45,5.4545,1.2632,0.0,-780.2,0.0,6.8165,0.0,-780.2,0.0,6.8165,1.0,0.0,0.0,0.0,0.0
234,324.77,784.45,939.85,799.2,14.75,9.4916,1.0227,0.0,-784.45,0.0,6.8165,0.0,-784.45,0.0,6.8165,1.0,0.0,0.0,0.0,0.0
235,325.15,777.75,942.35,788.55,10.8,6.5614,1.183,0.0,-777.75,0.0,6.8165,0.0,-777.75,0.0,6.8165,1.0,0.0,0.0,0.0,0.0
236,325.54,794.85,932.4,795.1,0.25,0.1818,2.7405,0.0,-794.85,0.0,6.8165,0.0,-794.85,0.0,6.8165,1.0,0.0,0.0,0.0,0.0
237,325.92,793.05,962.75,801.3,8.25,4.8615,1.3132,0.0,-793.05,0.0,6.8165,0.0,-793.05,0.0,6.8165,1.0,0.0,0.0,0.0,0.0
238,326.31,771.4,942.25,791.95,20.55,12.0281,0.9198,0.0,-771.4,0.0,6.8165,0.0,-771.4,0.0,6.8165,1.0,0.0,0.0,0.0,0.0
239,326.7,786.45,949.55,805.2,18.75,11.496,0.9395,0.0,-786.45,0.0,6.8165,0.0,-786.45,0.0,6.8165,1.0,0.0,0.0,0.0,0.0
240,327.08,789.3,940.2,804.35,15.05,9.9735,1.0012,0.0,-789.3,0.0,6.8165,0.0,-789.3,0.0,6.8165,1.0,0.0,0.0,0.0,0.0
241,327.47,775.0,944.35,805.55,30.55,18.0396,0.7438,0.0,-775.0,0.0,6.8165,0.0,-775.0,0.0,6.8165,1.0,0.0,0.0,0.0,0.0
242,327.85,782.8,942.8,793.9,11.1,6.9375,1.1588,0.0,-782.8,0.0,6.8165,0.0,-782.8,0.0,6.8165,1.0,0.0,0.0,0.0,0.0
243,328.24,783.95,950.7,792.3,8.35,5.0075,1.3004,0.0,-783.95,0.0,6.8165,0.0,-783.95,0.0,6.8165,1.0,0.0,0.0,0.0,0.0
244,328.62,786.8,950.25,799.2,12.4,7.5864,1.12,0.0,-786.8,0.0,6.8165,0.0,-786.8,0.0,6.8165,1.0,0.0,0.0,0.0,0.0
245,329.01,782.95,963.2,795.4,12.45,6.9071,1.1607,0.0,-782.95,0.0,6.8165,0.0,-782.95,0.0,6.8165,1.0,0.0,0.0,0.0,0.0
246,329.39,789.65,944.95,799.1,9.45,6.085,1.2157,0.0,-789.65,0.0,6.8165,0.0,-789.65,0.0,6.8165,1.0,0.0,0.0,0.0,0.0
247,329.78,781.3,946.25,789.35,8.05,4.8803,1.3116,0.0,-781.3,0.0,6.8165,0.0,-781.3,0.0,6.8165,1.0,0.0,0.0,0.0,0.0
248,330.16,793.15,951.8,787.4,-5.75,0.0,6.8165,0.0,-793.15,0.0,6.8165,0.0,-793.15,0.0,6.8165,1.0,0.0,0.0,0.0,0.0
249,330.55,773.4,951.05,800.7,27.3,15.3673,0.8134,0.0,-773.4,0.0,6.8165,0.0,-773.4,0.0,6.8165,1.0,0.0,0.0,0.0,0.0
250,330.93,797.1,964.2,799.85,2.75,1.6457,1.7836,0.0,-797.1,0.0,6.8165,0.0,-797.1,0.0,6.8165,1.0,0.0,0.0,0.0,0.0
251,331.32,796.9,949.1,798.8,1.9,1.2484,1.9037,0.0,-796.9,0.0,6.8165,0.0,-796.9,0.0,6.8165,1.0,0.0,0.0,0.0,0.0
252,331.7,796.3,962.4,802.25,5.95,3.5822,1.4459,0.0,-796.3,0.0,6.8165,0.0,-796.3,0.0,6.8165,1.0,0.0,0.0,0.0,0.0
253,332.09,778.25,964.35,800.4,22.15,11.9022,0.9244,0.0,-778.25,0.0,6.8165,0.0,-778.25,0.0,6.8165,1.0,0.0,0.0,0.0,0.0
254,332.47,792.85,970.3,791.4,-1.45,0.0,6.8165,0.0,-792.85,0.0,6.8165,0.0,-792.85,0.0,6.8165,1.0,0.0,0.0,0.0,0.0
255,332.86,783.2,947.55,799.35,16.15,9.8266,1.0076,0.0,-783.2,0.0,6.8165,0.0,-783.2,0.0,6.8165,1.0,0.0,0.0,0.0,0.0
256,333.24,787.7,966.1,792.0,4.3,2.4103,1.6179,0.0,-787.7,0.0,6.8165,0.0,-787.7,0.0,6.8165,1.0,0.0,0.0,0.0,0.0
257,333.63,780.85,950.3,794.95,14.1,8.321,1.0798,0.0,-780.85,0.0,6.8165,0.0,-780.85,0.0,6.8165,1.0,0.0,0.0,0.0,0.0
258,334.01,786.4,951.6,799.65,13.25,8.0206,1.0958,0.0,-786.4,0.0,6.8165,0.0,-786.4,0.0,6.8165,1.0,0.0,0.0,0.0,0.0
259,334.39,774.55,965.3,797.6,23.05,12.0839,0.9178,0.0,-774.55,0.0,6.8165,0.0,-774.55,0.0,6.8165,1.0,0.0,0.0,0.0,0.0
260,334.78,782.0,971.45,797.55,15.55,8.208,1.0858,0.0,-782.0,0.0,6.8165,0.0,-782.0,0.0,6.8165,1.0,0.0,0.0,0.0,0.0
261,335.16,783.6,958.9,794.6,11.0,6.275,1.2024,0.0,-783.6,0.0,6.8165,0.0,-783.6,0.0,6.8165,1.0,0.0,0.0,0.0,0.0
262,335.55,793.2,952.6,791.35,-1.85,0.0,6.8165,0.0,-793.2,0.0,6.8165,0.0,-793.2,0.0,6.8165,1.0,0.0,0.0,0.0,0.0
263,335.93,791.95,942.2,800.7,8.75,5.8236,1.2348,0.0,-791.95,0.0,6.8165,0.0,-791.95,0.0,6.8165,1.0,0.0,0.0,0.0,0.0
264,336.31,779.5,959.75,793.5,14.0,7.767,1.1097,0.0,-779.5,0.0,6.8165,0.0,-779.5,0.0,6.8165,1.0,0.0,0.0,0.0,0.0
265,336.7,783.9,961.5,786.55,2.65,1.4921,1.8262,0.0,-783.9,0.0,6.8165,0.0,-783.9,0.0,6.8165,1.0,0.0,0.0,0.0,0.0
266,337.08,788.9,968.7,804.55,15.65,8.7041,1.0603,0.0,-788.9,0.0,6.8165,0.0,-788.9,0.0,6.8165,1.0,0.0,0.0,0.0,0.0
267,337.46,780.85,974.85,809.9,29.05,14.9742,0.8247,0.0,-780.85,0.0,6.8165,0.0,-780.85,0.0,6.8165,1.0,0.0,0.0,0.0,0.0
268,337.85,786.1,959.55,790.0,3.9,2.2485,1.6481,0.0,-786.1,0.0,6.8165,0.0,-786.1,0.0,6.8165,1.0,0.0,0.0,0.0,0.0
269,338.23,780.95,956.6,782.6,1.65,0.9394,2.0272,0.0,-780.95,0.0,6.8165,0.0,-780.95,0.0,6.8165,1.0,0.0,0.0,0.0,0.0
270,338.61,784.65,960.4,799.5,14.85,8.4495,1.0732,0.0,-784.65,0.0,6.8165,0.0,-784.65,0.0,6.8165,1.0,0.0,0.0,0.0,0.0
271,339.0,798.65,978.8,797.85,-0.8,0.0,6.8165,0.0,-798.65,0.0,6.8165,0.0,-798.65,0.0,6.8165,1.0,0.0,0.0,0.0,0.0
272,339.38,787.5,968.6,810.4,22.9,12.6449,0.8981,0.0,-787.5,0.0,6.8165,0.0,-787.5,0.0,6.8165,1.0,0.0,0.0,0.0,0.0
273,339.76,801.95,969.45,816.8,14.85,8.8657,1.0523,0.0,-801.95,0.0,6.8165,0.0,-801.95,0.0,6.8165,1.0,0.0,0.0,0.0,0.0
274,340.14,787.85,961.3,806.8,18.95,10.9253,0.9616,0.0,-787.85,0.0,6.8165,0.0,-787.85,0.0,6.8165,1.0,0.0,0.0,0.0,0.0
275,340.53,798.7,964.6,813.25,14.55,8.7703,1.057,0.0,-798.7,0.0,6.8165,0.0,-798.7,0.0,6.8165,1.0,0.0,0.0,0.0,0.0
276,340.91,788.15,947.35,809.45,21.3,13.3794,0.8736,0.0,-788.15,0.0,6.8165,0.0,-788.15,0.0,6.8165,1.0,0.0,0.0,0.0,0.0
277,341.29,781.35,961.85,799.75,18.4,10.1939,0.9917,0.0,-781.35,0.0,6.8165,0.0,-781.35,0.0,6.8165,1.0,0.0,0.0,0.0,0.0
278,341.67,791.15,965.15,800.95,9.8,5.6322,1.2493,0.0,-791.15,0.0,6.8165,0.0,-791.15,0.0,6.8165,1.0,0.0,0.0,0.0,0.0
279,342.06,796.3,956.2,802.45,6.15,3.8462,1.415,0.0,-796.3,0.0,6.8165,0.0,-796.3,0.0,6.8165,1.0,0.0,0.0,0.0,0.0
280,342.44,784.65,957.4,791.65,7.0,4.0521,1.3923,0.0,-784.65,0.0,6.8165,0.0,-784.65,0.0,6.8165,1.0,0.0,0.0,0.0,0.0
281,342.82,775.0,947.5,799.35,24.35,14.1159,0.8503,0.0,-775.0,0.0,6.8165,0.0,-775.0,0.0,6.8165,1.0,0.0,0.0,0.0,0.0
282,343.2,772.5,970.05,797.25,24.75,12.5285,0.9021,0.0,-772.5,0.0,6.8165,0.0,-772.5,0.0,6.8165,1.0,0.0,0.0,0.0,0.0
283,343.59,772.45,969.7,799.7,27.25,13.815,0.8597,0.0,-772.45,0.0,6.8165,0.0,-772.45,0.0,6.8165,1.0,0.0,0.0,0.0,0.0
284,343.97,793.7,980.4,802.95,9.25,4.9545,1.305,0.0,-793.7,0.0,6.8165,0.0,-793.7,0.0,6.8165,1.0,0.0,0.0,0.0,0.0
285,344.35,792.55,978.45,803.2,10.65,5.7289,1.2419,0.0,-792.55,0.0,6.8165,0.0,-792.55,0.0,6.8165,1.0,0.0,0.0,0.0,0.0
286,344.73,782.2,977.95,789.3,7.1,3.6271,1.4404,0.0,-782.2,0.0,6.8165,0.0,-782.2,0.0,6.8165,1.0,0.0,0.0,0.0,0.0
287,345.11,773.7,973.15,803.65,29.95,15.0163,0.8234,0.0,-773.7,0.0,6.8165,0.0,-773.7,0.0,6.8165,1.0,0.0,0.0,0.0,0.0
288,345.49,776.7,962.95,785.4,8.7,4.6711,1.3306,0.0,-776.7,0.0,6.8165,0.0,-776.7,0.0,6.8165,1.0,0.0,0.0,0.0,0.0
289,345.88,775.85,981.2,788.1,12.25,5.9654,1.2244,0.0,-775.85,0.0,6.8165,0.0,-775.85,0.0,6.8165,1.0,0.0,0.0,0.0,0.0
290,346.26,785.65,987.95,795.6,9.95,4.9184,1.3082,0.0,-785.65,0.0,6.8165,0.0,-785.65,0.0,6.8165,1.0,0.0,0.0,0.0,0.0
291,346.64,783.25,976.75,810.2,26.95,13.9276,0.8561,0.0,-783.25,0.0,6.8165,0.0,-783.25,0.0,6.8165,1.0,0.0,0.0,0.0,0.0
292,347.02,788.6,972.75,800.85,12.25,6.6522,1.177,0.0,-788.6,0.0,6.8165,0.0,-788.6,0.0,6.8165,1.0,0.0,0.0,0.0,0.0
293,347.4,767.75,954.4,807.1,39.35,21.0822,0.6761,0.0,-767.75,0.0,6.8165,0.0,-767.75,0.0,6.8165,1.0,0.0,0.0,0.0,0.0
294,347.78,778.45,980.95,810.3,31.85,15.7284,0.8033,0.0,-778.45,0.0,6.8165,0.0,-778.45,0.0,6.8165,1.0,0.0,0.0,0.0,0.0
295,348.16,794.75,969.6,806.7,11.95,6.8344,1.1653,0.0,-794.75,0.0,6.8165,0.0,-794.75,0.0,6.8165,1.0,0.0,0.0,0.0,0.0
296,348.54,785.75,975.55,816.6,30.85,16.254,0.789,0.0,-785.75,0.0,6.8165,0.0,-785.75,0.0,6.8165,1.0,0.0,0.0,0.0,0.0
297,348.92,782.3,968.95,804.0,21.7,11.626,0.9346,0.0,-782.3,0.0,6.8165,0.0,-782.3,0.0,6.8165,1.0,0.0,0.0,0.0,0.0
298,349.3,790.05,970.85,801.45,11.4,6.3053,1.2003,0.0,-790.05,0.0,6.8165,0.0,-790.05,0.0,6.8165,1.0,0.0,0.0,0.0,0.0
299,349.68,775.25,967.05,804.75,29.5,15.3806,0.813,0.0,-775.25,0.0,6.8165,0.0,-775.25,0.0,6.8165,1.0,0.0,0.0,0.0,0.0
300,350.06,785.25,964.15,797.0,11.75,6.5679,1.1826,0.0,-785.25,0.0,6.8165,0.0,-785.25,0.0,6.8165,1.0,0.0,0.0,0.0,0.0
301,350.44,792.05,970.7,808.6,16.55,9.2639,1.0332,0.0,-792.05,0.0,6.8165,0.0,-792.05,0.0,6.8165,1.0,0.0,0.0,0.0,0.0
302,350.82,788.75,992.6,813.8,25.05,12.2884,0.9105,0.0,-788.75,0.0,6.8165,0.0,-788.75,0.0,6.8165,1.0,0.0,0.0,0.0,0.0
303,351.21,786.7,970.85,805.95,19.25,10.4534,0.9807,0.0,-786.7,0.0,6.8165,0.0,-786.7,0.0,6.8165,1.0,0.0,0.0,0.0,0.0
304,351.59,788.15,972.7,815.6,27.45,14.874,0.8276,0.0,-788.15,0.0,6.8165,0.0,-788.15,0.0,6.8165,1.0,0.0,0.0,0.0,0.0
305,351.97,797.85,969.35,809.2,11.35,6.6181,1.1793,0.0,-797.85,0.0,6.8165,0.0,-797.85,0.0,6.8165,1.0,0.0,0.0,0.0,0.0
306,352.34,780.55,975.15,801.6,21.05,10.8171,0.9659,0.0,-780.55,0.0,6.8165,0.0,-780.55,0.0,6.8165,1.0,0.0,0.0,0.0,0.0
307,352.72,784.2,983.75,813.2,29.0,14.5327,0.8377,0.0,-784.2,0.0,6.8165,0.0,-784.2,0.0,6.8165,1.0,0.0,0.0,0.0,0.0
308,353.1,790.1,991.45,808.35,18.25,9.0638,1.0427,0.0,-790.1,0.0,6.8165,0.0,-790.1,0.0,6.8165,1.0,0.0,0.0,0.0,0.0
309,353.48,776.95,993.9,797.5,20.55,9.4722,1.0235,0.0,-776.95,0.0,6.8165,0.0,-776.95,0.0,6.8165,1.0,0.0,0.0,0.0,0.0
310,353.86,779.75,993.95,807.45,27.7,12.9318,0.8883,0.0,-779.75,0.0,6.8165,0.0,-779.75,0.0,6.8165,1.0,0.0,0.0,0.0,0.0
311,354.24,787.7,994.45,813.75,26.05,12.5998,0.8996,0.0,-787.7,0.0,6.8165,0.0,-787.7,0.0,6.8165,1.0,0.0,0.0,0.0,0.0
312,354.62,775.4,983.55,799.15,23.75,11.41,0.9427,0.0,-775.4,0.0,6.8165,0.0,-775.4,0.0,6.8165,1.0,0.0,0.0,0.0,0.0
313,355.0,784.75,985.5,805.9,21.15,10.5355,0.9773,0.0,-784.75,0.0,6.8165,0.0,-784.75,0.0,6.8165,1.0,0.0,0.0,0.0,0.0
314,355.38,785.2,968.35,811.4,26.2,14.3052,0.8445,0.0,-785.2,0.0,6.8165,0.0,-785.2,0.0,6.8165,1.0,0.0,0.0,0.0,0.0
315,355.76,793.8,980.7,805.8,12.0,6.4205,1.1924,0.0,-793.8,0.0,6.8165,0.0,-793.8,0.0,6.8165,1.0,0.0,0.0,0.0,0.0
316,356.14,791.0,990.0,791.7,0.7,0.3518,2.4538,0.0,-791.0,0.0,6.8165,0.0,-791.0,0.0,6.8165,1.0,0.0,0.0,0.0,0.0
317,356.52,786.45,989.55,793.6,7.15,3.5204,1.4534,0.0,-786.45,0.0,6.8165,0.0,-786.45,0.0,6.8165,1.0,0.0,0.0,0.0,0.0
318,356.9,773.0,987.05,812.7,39.7,18.5471,0.7317,0.0,-773.0,0.0,6.8165,0.0,-773.0,0.0,6.8165,1.0,0.0,0.0,0.0,0.0
319,357.27,782.15,997.25,787.5,5.35,2.4872,1.6043,0.0,-782.15,0.0,6.8165,0.0,-782.15,0.0,6.8165,1.0,0.0,0.0,0.0,0.0
320,357.65,782.2,996.75,813.25,31.05,14.4722,0.8395,0.0,-782.2,0.0,6.8165,0.0,-782.2,0.0,6.8165,1.0,0.0,0.0,0.0,0.0
321,358.03,800.05,984.3,804.35,4.3,2.3338,1.6319,0.0,-800.05,0.0,6.8165,0.0,-800.05,0.0,6.8165,1.0,0.0,0.0,0.0,0.0
322,358.41,795.3,993.7,791.35,-3.95,0.0,6.8165,0.0,-795.3,0.0,6.8165,0.0,-795.3,0.0,6.8165,1.0,0.0,0.0,0.0,0.0
323,358.79,786.75,990.3,798.7,11.95,5.8708,1.2313,0.0,-786.75,0.0,6.8165,0.0,-786.75,0.0,6.8165,1.0,0.0,0.0,0.0,0.0
324,359.17,787.4,999.3,814.1,26.7,12.6003,0.8996,0.0,-787.4,0.0,6.8165,0.0,-787.4,0.0,6.8165,1.0,0.0,0.0,0.0,0.0
325,359.55,781.5,999.85,798.95,17.45,7.9918,1.0974,0.0,-781.5,0.0,6.8165,0.0,-781.5,0.0,6.8165,1.0,0.0,0.0,0.0,0.0
326,359.92,781.55,986.8,805.15,23.6,11.4982,0.9394,0.0,-781.55,0.0,6.8165,0.0,-781.55,0.0,6.8165,1.0,0.0,0.0,0.0,0.0
327,360.3,781.7,980.55,802.5,20.8,10.4601,0.9805,0.0,-781.7,0.0,6.8165,0.0,-781.7,0.0,6.8165,1.0,0.0,0.0,0.0,0.0
328,360.68,777.85,978.95,800.0,22.15,11.0144,0.958,0.0,-777.85,0.0,6.8165,0.0,-777.85,0.0,6.8165,1.0,0.0,0.0,0.0,0.0
329,361.06,776.0,995.85,809.5,33.5,15.2377,0.8171,0.0,-776.0,0.0,6.8165,0.0,-776.0,0.0,6.8165,1.0,0.0,0.0,0.0,0.0
330,361.43,792.9,999.6,806.45,13.55,6.5554,1.1834,0.0,-792.9,0.0,6.8165,0.0,-792.9,0.0,6.8165,1.0,0.0,0.0,0.0,0.0
331,361.81,787.6,996.8,806.55,18.95,9.0583,1.043,0.0,-787.6,0.0,6.8165,0.0,-787.6,0.0,6.8165,1.0,0.0,0.0,0.0,0.0
332,362.19,779.95,997.5,809.4,29.45,13.5371,0.8685,0.0,-779.95,0.0,6.8165,0.0,-779.95,0.0,6.8165,1.0,0.0,0.0,0.0,0.0
333,362.57,795.45,990.9,804.6,9.15,4.6815,1.3296,0.0,-795.45,0.0,6.8165,0.0,-795.45,0.0,6.8165,1.0,0.0,0.0,0.0,0.0
334,362.94,791.0,991.9,810.55,19.55,9.7312,1.0118,0.0,-791.0,0.0,6.8165,0.0,-791.0,0.0,6.8165,1.0,0.0,0.0,0.0,0.0
335,363.32,785.0,984.0,802.65,17.65,8.8693,1.0521,0.0,-785.0,0.0,6.8165,0.0,-785.0,0.0,6.8165,1.0,0.0,0.0,0.0,0.0
336,363.7,794.25,980.75,797.9,3.65,1.9571,1.7084,0.0,-794.25,0.0,6.8165,0.0,-794.25,0.0,6.8165,1.0,0.0,0.0,0.0,0.0
337,364.08,805.6,991.0,802.55,-3.05,0.0,6.8165,0.0,-805.6,0.0,6.8165,0.0,-805.6,0.0,6.8165,1.0,0.0,0.0,0.0,0.0
338,364.45,781.05,999.4,796.6,15.55,7.1216,1.1474,0.0,-781.05,0.0,6.8165,0.0,-781.05,0.0,6.8165,1.0,0.0,0.0,0.0,0.0
339,364.83,780.4,996.1,806.3,25.9,12.0074,0.9206,0.0,-780.4,0.0,6.8165,0.0,-780.4,0.0,6.8165,1.0,0.0,0.0,0.0,0.0
340,365.21,792.0,979.9,808.75,16.75,8.9143,1.0499,0.0,-792.0,0.0,6.8165,0.0,-792.0,0.0,6.8165,1.0,0.0,0.0,0.0,0.0
341,365.58,781.25,1003.4,813.75,32.5,14.6298,0.8348,0.0,-781.25,0.0,6.8165,0.0,-781.25,0.0,6.8165,1.0,0.0,0.0,0.0,0.0
342,365.96,789.0,1017.6,806.4,17.4,7.6115,1.1185,0.0,-789.0,0.0,6.8165,0.0,-789.0,0.0,6.8165,1.0,0.0,0.0,0.0,0.0
343,366.34,788.85,996.45,803.7,14.85,7.1532,1.1455,0.0,-788.85,0.0,6.8165,0.0,-788.85,0.0,6.8165,1.0,0.0,0.0,0.0,0.0
344,366.71,778.2,994.95,805.0,26.8,12.3645,0.9078,0.0,-778.2,0.0,6.8165,0.0,-778.2,0.0,6.8165,1.0,0.0,0.0,0.0,0.0
345,367.09,791.4,997.8,802.5,11.1,5.3779,1.2694,0.0,-791.4,0.0,6.8165,0.0,-791.4,0.0,6.8165,1.0,0.0,0.0,0.0,0.0
346,367.47,780.2,997.35,801.65,21.45,9.878,1.0053,0.0,-780.2,0.0,6.8165,0.0,-780.2,0.0,6.8165,1.0,0.0,0.0,0.0,0.0
347,367.84,776.35,1007.95,804.9,28.55,12.3273,0.9091,0.0,-776.35,0.0,6.8165,0.0,-776.35,0.0,6.8165,1.0,0.0,0.0,0.0,0.0
348,368.22,785.75,1015.5,802.8,17.05,7.4211,1.1295,0.0,-785.75,0.0,6.8165,0.0,-785.75,0.0,6.8165,1.0,0.0,0.0,0.0,0.0
349,368.59,778.9,988.3,797.35,18.45,8.8109,1.055,0.0,-778.9,0.0,6.8165,0.0,-778.9,0.0,6.8165,1.0,0.0,0.0,0.0,0.0
350,368.97,765.45,1006.45,809.3,43.85,18.195,0.74,0.0,-765.45,0.0,6.8165,0.0,-765.45,0.0,6.8165,1.0,0.0,0.0,0.0,0.0
351,369.35,783.9,996.95,801.2,17.3,8.1202,1.0904,0.0,-783.9,0.0,6.8165,0.0,-783.9,0.0,6.8165,1.0,0.0,0.0,0.0,0.0
352,369.72,775.65,1003.3,815.6,39.95,17.5489,0.7558,0.0,-775.65,0.0,6.8165,0.0,-775.65,0.0,6.8165,1.0,0.0,0.0,0.0,0.0
353,370.1,782.2,1006.65,796.15,13.95,6.2152,1.2065,0.0,-782.2,0.0,6.8165,0.0,-782.2,0.0,6.8165,1.0,0.0,0.0,0.0,0.0
354,370.47,785.05,1007.05,820.9,35.85,16.1486,0.7919,0.0,-785.05,0.0,6.8165,0.0,-785.05,0.0,6.8165,1.0,0.0,0.0,0.0,0.0
355,370.85,792.5,999.6,808.3,15.8,7.6292,1.1175,0.0,-792.5,0.0,6.8165,0.0,-792.5,0.0,6.8165,1.0,0.0,0.0,0.0,0.0
356,371.22,797.3,1004.65,821.05,23.75,11.4541,0.941,0.0,-797.3,0.0,6.8165,0.0,-797.3,0.0,6.8165,1.0,0.0,0.0,0.0,0.0
357,371.6,789.55,992.55,832.3,42.75,21.0591,0.6766,0.0,-789.55,0.0,6.8165,0.0,-789.55,0.0,6.8165,1.0,0.0,0.0,0.0,0.0
358,371.97,780.35,1003.3,803.05,22.7,10.1817,0.9922,0.0,-780.35,0.0,6.8165,0.0,-780.35,0.0,6.8165,1.0,0.0,0.0,0.0,0.0
359,372.35,785.25,1005.4,811.2,25.95,11.7874,0.9286,0.0,-785.25,0.0,6.8165,0.0,-785.25,0.0,6.8165,1.0,0.0,0.0,0.0,0.0
360,372.72,786.15,1011.5,831.45,45.3,20.1021,0.6968,0.0,-786.15,0.0,6.8165,0.0,-786.15,0.0,6.8165,1.0,0.0,0.0,0.0,0.0
361,373.1,809.5,995.25,824.15,14.65,7.8869,1.1031,0.0,-809.5,0.0,6.8165,0.0,-809.5,0.0,6.8165,1.0,0.0,0.0,0.0,0.0
362,373.47,771.65,1002.75,822.1,50.45,21.8304,0.6609,0.0,-771.65,0.0,6.8165,0.0,-771.65,0.0,6.8165,1.0,0.0,0.0,0.0,0.0
363,373.85,790.95,1006.6,813.55,22.6,10.4799,0.9796,0.0,-790.95,0.0,6.8165,0.0,-790.95,0.0,6.8165,1.0,0.0,0.0,0.0,0.0
364,374.22,795.9,1005.3,801.55,5.65,2.6982,1.5689,0.0,-795.9,0.0,6.8165,0.0,-795.9,0.0,6.8165,1.0,0.0,0.0,0.0,0.0
365,374.6,791.2,1006.95,822.15,30.95,14.3453,0.8433,0.0,-791.2,0.0,6.8165,0.0,-791.2,0.0,6.8165,1.0,0.0,0.0,0.0,0.0
366,374.97,790.1,999.15,803.15,13.05,6.2425,1.2046,0.0,-790.1,0.0,6.8165,0.0,-790.1,0.0,6.8165,1.0,0.0,0.0,0.0,0.0
367,375.35,789.15,997.6,814.1,24.95,11.9693,0.9219,0.0,-789.15,0.0,6.8165,0.0,-789.15,0.0,6.8165,1.0,0.0,0.0,0.0,0.0
368,375.72,788.45,995.45,806.1,17.65,8.5266,1.0692,0.0,-788.45,0.0,6.8165,0.0,-788.45,0.0,6.8165,1.0,0.0,0.0,0.0,0.0
369,376.09,778.85,1004.65,806.4,27.55,12.2011,0.9136,0.0,-778.85,0.0,6.8165,0.0,-778.85,0.0,6.8165,1.0,0.0,0.0,0.0,0.0
370,376.47,779.25,1015.15,802.5,23.25,9.8559,1.0063,0.0,-779.25,0.0,6.8165,0.0,-779.25,0.0,6.8165,1.0,0.0,0.0,0.0,0.0
371,376.84,792.45,1005.75,800.85,8.4,3.9381,1.4047,0.0,-792.45,0.0,6.8165,0.0,-792.45,0.0,6.8165,1.0,0.0,0.0,0.0,0.0
372,377.22,800.65,1017.05,816.5,15.85,7.3244,1.1352,0.0,-800.65,0.0,6.8165,0.0,-800.65,0.0,6.8165,1.0,0.0,0.0,0.0,0.0
373,377.59,784.15,1021.7,812.75,28.6,12.0396,0.9194,0.0,-784.15,0.0,6.8165,0.0,-784.15,0.0,6.8165,1.0,0.0,0.0,0.0,0.0
374,377.96,793.2,1006.4,821.45,28.25,13.2505,0.8778,0.0,-793.2,0.0,6.8165,0.0,-793.2,0.0,6.8165,1.0,0.0,0.0,0.0,0.0
375,378.34,788.05,1016.9,808.0,19.95,8.7175,1.0596,0.0,-788.05,0.0,6.8165,0.0,-788.05,0.0,6.8165,1.0,0.0,0.0,0.0,0.0
376,378.71,780.15,1025.75,803.9,23.75,9.6702,1.0146,0.0,-780.15,0.0,6.8165,0.0,-780.15,0.0,6.8165,1.0,0.0,0.0,0.0,0.0
377,379.08,782.85,1041.45,810.2,27.35,10.5762,0.9757,0.0,-782.85,0.0,6.8165,0.0,-782.85,0.0,6.8165,1.0,0.0,0.0,0.0,0.0
378,379.46,773.75,1027.1,815.2,41.45,16.3608,0.7862,0.0,-773.75,0.0,6.8165,0.0,-773.75,0.0,6.8165,1.0,0.0,0.0,0.0,0.0
379,379.83,802.65,1023.45,821.5,18.85,8.5371,1.0687,0.0,-802.65,0.0,6.8165,0.0,-802.65,0.0,6.8165,1.0,0.0,0.0,0.0,0.0
380,380.2,786.6,1013.55,815.8,29.2,12.8663,0.8905,0.0,-786.6,0.0,6.8165,0.0,-786.6,0.0,6.8165,1.0,0.0,0.0,0.0,0.0
381,380.58,776.7,1019.35,808.3,31.6,13.0229,0.8853,0.0,-776.7,0.0,6.8165,0.0,-776.7,0.0,6.8165,1.0,0.0,0.0,0.0,0.0
382,380.95,780.95,1030.95,816.7,35.75,14.3,0.8447,0.0,-780.95,0.0,6.8165,0.0,-780.95,0.0,6.8165,1.0,0.0,0.0,0.0,0.0
383,381.32,786.95,1035.15,827.4,40.45,16.2973,0.7879,0.0,-786.95,0.0,6.8165,0.0,-786.95,0.0,6.8165,1.0,0.0,0.0,0.0,0.0
384,381.7,772.15,1033.0,821.0,48.85,18.7272,0.7275,0.0,-772.15,0.0,6.8165,0.0,-772.15,0.0,6.8165,1.0,0.0,0.0,0.0,0.0
385,382.07,789.7,1025.8,815.65,25.95,10.9911,0.959,0.0,-789.7,0.0,6.8165,0.0,-789.7,0.0,6.8165,1.0,0.0,0.0,0.0,0.0
386,382.44,792.05,1041.85,824.95,32.9,13.1705,0.8804,0.0,-792.05,0.0,6.8165,0.0,-792.05,0.0,6.8165,1.0,0.0,0.0,0.0,0.0
387,382.81,782.35,1043.05,824.4,42.05,16.1297,0.7924,0.0,-782.35,0.0,6.8165,0.0,-782.35,0.0,6.8165,1.0,0.0,0.0,0.0,0.0
388,383.19,782.95,1061.0,824.1,41.15,14.7995,0.8298,0.0,-782.95,0.0,6.8165,0.0,-782.95,0.0,6.8165,1.0,0.0,0.0,0.0,0.0
389,383.56,792.75,1063.75,838.4,45.65,16.845,0.7735,0.0,-792.75,0.0,6.8165,0.0,-792.75,0.0,6.8165,1.0,0.0,0.0,0.0,0.0
390,383.93,779.15,1062.75,833.85,54.7,19.2877,0.7147,0.0,-779.15,0.0,6.8165,0.0,-779.15,0.0,6.8165,1.0,0.0,0.0,0.0,0.0
391,384.3,799.55,1074.75,824.1,24.55,8.9208,1.0496,0.0,-799.55,0.0,6.8165,0.0,-799.55,0.0,6.8165,1.0,0.0,0.0,0.0,0.0
392,384.68,799.4,1082.8,830.55,31.15,10.9915,0.9589,0.0,-799.4,0.0,6.8165,0.0,-799.4,0.0,6.8165,1.0,0.0,0.0,0.0,0.0
393,385.05,773.65,1089.85,839.9,66.25,20.9519,0.6788,0.0,-773.65,0.0,6.8165,0.0,-773.65,0.0,6.8165,1.0,0.0,0.0,0.0,0.0
394,385.42,795.65,1095.45,833.7,38.05,12.6918,0.8965,0.0,-795.65,0.0,6.8165,0.0,-795.65,0.0,6.8165,1.0,0.0,0.0,0.0,0.0
395,385.79,790.0,1109.6,832.65,42.65,13.3448,0.8747,0.0,-790.0,0.0,6.8165,0.0,-790.0,0.0,6.8165,1.0,0.0,0.0,0.0,0.0
396,386.16,782.85,1117.4,853.9,71.05,21.2375,0.6729,0.0,-782.85,0.0,6.8165,0.0,-782.85,0.0,6.8165,1.0,0.0,0.0,0.0,0.0
397,386.53,796.6,1117.4,839.25,42.65,13.2949,0.8763,0.0,-796.6,0.0,6.8165,0.0,-796.6,0.0,6.8165,1.0,0.0,0.0,0.0,0.0
398,386.91,786.05,1127.05,851.7,65.65,19.2522,0.7155,0.0,-786.05,0.0,6.8165,0.0,-786.05,0.0,6.8165,1.0,0.0,0.0,0.0,0.0
399,387.28,785.1,1142.05,845.0,59.9,16.7811,0.7752,0.0,-785.1,0.0,6.8165,0.0,-785.1,0.0,6.8165,1.0,0.0,0.0,0.0,0.0
400,387.65,779.9,1140.95,845.95,66.05,18.2939,0.7377,0.0,-779.9,0.0,6.8165,0.0,-779.9,0.0,6.8165,1.0,0.0,0.0,0.0,0.0
401,388.02,779.95,1165.8,853.2,73.25,18.9841,0.7216,0.0,-779.95,0.0,6.8165,0.0,-779.95,0.0,6.8165,1.0,0.0,0.0,0.0,0.0
402,388.39,781.65,1157.8,853.4,71.75,19.0748,0.7195,0.0,-781.65,0.0,6.8165,0.0,-781.65,0.0,6.8165,1.0,0.0,0.0,0.0,0.0
403,388.76,781.6,1191.85,873.7,92.1,22.4497,0.6488,0.0,-781.6,0.0,6.8165,0.0,-781.6,0.0,6.8165,1.0,0.0,0.0,0.0,0.0
404,389.13,795.9,1195.75,874.9,79.0,19.7574,0.7043,0.0,-795.9,0.0,6.8165,0.0,-795.9,0.0,6.8165,1.0,0.0,0.0,0.0,0.0
405,389.5,788.05,1200.4,874.05,86.0,20.8561,0.6808,0.0,-788.05,0.0,6.8165,0.0,-788.05,0.0,6.8165,1.0,0.0,0.0,0.0,0.0
406,389.87,771.35,1229.0,907.3,135.95,29.7061,0.5272,0.0,-771.35,0.0,6.8165,0.0,-771.35,0.0,6.8165,1.0,0.0,0.0,0.0,0.0
407,390.25,774.1,1237.6,904.85,130.75,28.2093,0.5496,0.0,-774.1,0.0,6.8165,0.0,-774.1,0.0,6.8165,1.0,0.0,0.0,0.0,0.0
408,390.62,790.65,1264.95,939.8,149.15,31.4463,0.5024,0.0,-790.65,0.0,6.8165,0.0,-790.65,0.0,6.8165,1.0,0.0,0.0,0.0,0.0
409,390.99,789.05,1284.9,966.05,177.0,35.6963,0.4474,0.0,-789.05,0.0,6.8165,0.0,-789.05,0.0,6.8165,1.0,0.0,0.0,0.0,0.0
410,391.36,799.85,1329.75,990.7,190.85,36.0162,0.4435,0.0,-799.85,0.0,6.8165,0.0,-799.85,0.0,6.8165,1.0,0.0,0.0,0.0,0.0
411,391.73,782.2,1339.3,1014.95,232.75,41.7789,0.379,0.0,-782.2,0.0,6.8165,0.0,-782.2,0.0,6.8165,1.0,0.0,0.0,0.0,0.0
412,392.1,798.3,1382.8,1067.45,269.15,46.0479,0.3368,0.0,-798.3,0.0,6.8165,0.0,-798.3,0.0,6.8165,1.0,0.0,0.0,0.0,0.0
413,392.47,773.1,1430.1,1121.05,347.95,52.9604,0.276,0.0,-773.1,0.0,6.8165,0.0,-773.1,0.0,6.8165,1.0,0.0,0.0,0.0,0.0
414,392.84,793.95,1451.9,1177.05,383.1,58.2263,0.2349,0.0,-793.95,0.0,6.8165,0.0,-793.95,0.0,6.8165,1.0,0.0,0.0,0.0,0.0
415,393.21,788.7,1448.55,1214.1,425.4,64.4692,0.1906,0.0,-788.7,0.0,6.8165,0.0,-788.7,0.0,6.8165,1.0,0.0,0.0,0.0,0.0
416,393.58,783.9,1492.8,1246.7,462.8,65.2842,0.1852,0.0,-783.9,0.0,6.8165,0.0,-783.9,0.0,6.8165,1.0,0.0,0.0,0.0,0.0
417,393.95,790.55,1540.25,1281.2,490.65,65.4462,0.1841,0.0,-790.55,0.0,6.8165,0.0,-790.55,0.0,6.8165,1.0,0.0,0.0,0.0,0.0
418,394.32,780.05,1584.45,1312.3,532.25,66.1673,0.1794,0.0,-780.05,0.0,6.8165,0.0,-780.05,0.0,6.8165,1.0,0.0,0.0,0.0,0.0
419,394.69,806.25,1600.2,1347.65,541.4,68.1907,0.1663,0.0,-806.25,0.0,6.8165,0.0,-806.25,0.0,6.8165,1.0,0.0,0.0,0.0,0.0
420,395.06,789.85,1644.4,1373.25,583.4,68.2698,0.1658,0.0,-789.85,0.0,6.8165,0.0,-789.85,0.0,6.8165,1.0,0.0,0.0,0.0,0.0
421,395.43,804.4,1705.55,1373.05,568.65,63.1027,0.2,0.0,-804.4,0.0,6.8165,0.0,-804.4,0.0,6.8165,1.0,0.0,0.0,0.0,0.0
422,395.8,786.7,1721.5,1370.25,583.55,62.4251,0.2046,0.0,-786.7,0.0,6.8165,0.0,-786.7,0.0,6.8165,1.0,0.0,0.0,0.0,0.0
423,396.16,792.95,1786.9,1378.5,585.55,58.9114,0.2298,0.0,-792.95,0.0,6.8165,0.0,-792.95,0.0,6.8165,1.0,0.0,0.0,0.0,0.0
424,396.53,775.45,1840.7,1391.95,616.5,57.8737,0.2375,0.0,-775.45,0.0,6.8165,0.0,-775.45,0.0,6.8165,1.0,0.0,0.0,0.0,0.0
425,396.9,775.9,1863.35,1385.1,609.2,56.021,0.2516,0.0,-775.9,0.0,6.8165,0.0,-775.9,0.0,6.8165,1.0,0.0,0.0,0.0,0.0
426,397.27,784.55,1921.95,1406.05,621.5,54.6422,0.2625,0.0,-784.55,0.0,6.8165,0.0,-784.55,0.0,6.8165,1.0,0.0,0.0,0.0,0.0
427,397.64,789.75,1985.45,1379.65,589.9,49.3351,0.3068,0.0,-789.75,0.0,6.8165,0.0,-789.75,0.0,6.8165,1.0,0.0,0.0,0.0,0.0
428,398.01,786.3,1986.8,1349.05,562.75,46.8763,0.329,0.0,-786.3,0.0,6.8165,0.0,-786.3,0.0,6.8165,1.0,0.0,0.0,0.0,0.0
429,398.38,781.95,2066.45,1356.6,574.65,44.7373,0.3493,0.0,-781.95,0.0,6.8165,0.0,-781.95,0.0,6.8165,1.0,0.0,0.0,0.0,0.0
430,398.75,776.45,2057.45,1342.85,566.4,44.2155,0.3544,0.0,-776.45,0.0,6.8165,0.0,-776.45,0.0,6.8165,1.0,0.0,0.0,0.0,0.0
431,399.12,783.3,2116.6,1384.15,600.85,45.0649,0.3462,0.0,-783.3,0.0,6.8165,0.0,-783.3,0.0,6.8165,1.0,0.0,0.0,0.0,0.0
432,399.48,788.15,2192.4,1389.9,601.75,42.8521,0.368,0.0,-788.15,0.0,6.8165,0.0,-788.15,0.0,6.8165,1.0,0.0,0.0,0.0,0.0
433,399.85,779.5,2189.75,1378.9,599.4,42.5031,0.3716,0.0,-779.5,0.0,6.8165,0.0,-779.5,0.0,6.8165,1.0,0.0,0.0,0.0,0.0
434,400.22,771.9,2216.3,1383.75,611.85,42.3601,0.373,0.0,-771.9,0.0,6.8165,0.0,-771.9,0.0,6.8165,1.0,0.0,0.0,0.0,0.0
435,400.59,782.3,2312.4,1418.35,636.05,41.5692,0.3812,0.0,-782.3,0.0,6.8165,0.0,-782.3,0.0,6.8165,1.0,0.0,0.0,0.0,0.0
436,400.96,789.55,2320.45,1437.7,648.15,42.3378,0.3733,0.0,-789.55,0.0,6.8165,0.0,-789.55,0.0,6.8165,1.0,0.0,0.0,0.0,0.0
437,401.32,785.15,2362.85,1453.8,668.65,42.3813,0.3728,0.0,-785.15,0.0,6.8165,0.0,-785.15,0.0,6.8165,1.0,0.0,0.0,0.0,0.0
438,401.69,796.75,2406.15,1470.3,673.55,41.851,0.3783,0.0,-796.75,0.0,6.8165,0.0,-796.75,0.0,6.8165,1.0,0.0,0.0,0.0,0.0
439,402.06,788.6,2430.95,1521.05,732.45,44.5977,0.3507,0.0,-788.6,0.0,6.8165,0.0,-788.6,0.0,6.8165,1.0,0.0,0.0,0.0,0.0
440,402.43,778.75,2495.95,1560.15,781.4,45.5043,0.3419,0.0,-778.75,0.0,6.8165,0.0,-778.75,0.0,6.8165,1.0,0.0,0.0,0.0,0.0
441,402.8,769.1,2538.4,1612.1,843.0,47.646,0.322,0.0,-769.1,0.0,6.8165,0.0,-769.1,0.0,6.8165,1.0,0.0,0.0,0.0,0.0
442,403.16,779.35,2572.1,1660.25,880.9,49.1368,0.3086,0.0,-779.35,0.0,6.8165,0.0,-779.35,0.0,6.8165,1.0,0.0,0.0,0.0,0.0
443,403.53,778.0,2570.55,1708.75,930.75,51.9232,0.2846,0.0,-778.0,0.0,6.8165,0.0,-778.0,0.0,6.8165,1.0,0.0,0.0,0.0,0.0
444,403.9,787.05,2743.1,1830.15,1043.1,53.3269,0.2731,0.0,-787.05,0.0,6.8165,0.0,-787.05,0.0,6.8165,1.0,0.0,0.0,0.0,0.0
445,404.27,790.85,2716.3,1892.15,1101.3,57.197,0.2426,0.0,-790.85,0.0,6.8165,0.0,-790.85,0.0,6.8165,1.0,0.0,0.0,0.0,0.0
446,404.63,795.95,2804.05,1958.2,1162.25,57.8781,0.2375,0.0,-795.95,0.0,6.8165,0.0,-795.95,0.0,6.8165,1.0,0.0,0.0,0.0,0.0
447,405.0,782.55,2913.55,2113.65,1331.1,62.4636,0.2044,0.0,-782.55,0.0,6.8165,0.0,-782.55,0.0,6.8165,1.0,0.0,0.0,0.0,0.0
448,405.37,782.6,2969.25,2228.05,1445.45,66.1034,0.1798,0.0,-782.6,0.0,6.8165,0.0,-782.6,0.0,6.8165,1.0,0.0,0.0,0.0,0.0
449,405.73,783.45,3009.2,2382.8,1599.35,71.8567,0.1435,0.0,-783.45,0.0,6.8165,0.0,-783.45,0.0,6.8165,1.0,0.0,0.0,0.0,0.0
450,406.1,795.7,3104.5,2541.2,1745.5,75.602,0.1215,0.0,-795.7,0.0,6.8165,0.0,-795.7,0.0,6.8165,1.0,0.0,0.0,0.0,0.0
451,406.47,789.1,3163.95,2650.8,1861.7,78.3923,0.1057,0.0,-789.1,0.0,6.8165,0.0,-789.1,0.0,6.8165,1.0,0.0,0.0,0.0,0.0
452,406.83,779.6,3292.75,2869.1,2089.5,83.1427,0.0802,0.0,-779.6,0.0,6.8165,0.0,-779.6,0.0,6.8165,1.0,0.0,0.0,0.0,0.0
453,407.2,772.05,3331.0,2985.9,2213.85,86.514,0.0629,0.0,-772.05,0.0,6.8165,0.0,-772.05,0.0,6.8165,1.0,0.0,0.0,0.0,0.0
454,407.57,786.6,3478.35,3204.5,2417.9,89.8263,0.0466,0.0,-786.6,0.0,6.8165,0.0,-786.6,0.0,6.8165,1.0,0.0,0.0,0.0,0.0
455,407.93,788.1,3466.3,3304.0,2515.9,93.94,0.0271,0.0,-788.1,0.0,6.8165,0.0,-788.1,0.0,6.8165,1.0,0.0,0.0,0.0,0.0
456,408.3,786.85,3550.4,3389.5,2602.65,94.1778,0.0261,0.0,-786.85,0.0,6.8165,0.0,-786.85,0.0,6.8165,1.0,0.0,0.0,0.0,0.0
457,408.67,776.9,3649.3,3455.05,2678.15,93.2374,0.0304,0.0,-776.9,0.0,6.8165,0.0,-776.9,0.0,6.8165,1.0,0.0,0.0,0.0,0.0
458,409.03,791.75,3779.9,3574.7,2782.95,93.1329,0.0309,0.0,-791.75,0.0,6.8165,0.0,-791.75,0.0,6.8165,1.0,0.0,0.0,0.0,0.0
459,409.4,766.6,3773.85,3572.95,2806.35,93.3195,0.03,0.0,-766.6,0.0,6.8165,0.0,-766.6,0.0,6.8165,1.0,0.0,0.0,0.0,0.0
460,409.76,783.85,3905.05,3673.0,2889.15,92.5654,0.0336,0.0,-783.85,0.0,6.8165,0.0,-783.85,0.0,6.8165,1.0,0.0,0.0,0.0,0.0
461,410.13,794.65,3815.9,3502.0,2707.35,89.6103,0.0476,0.0,-794.65,0.0,6.8165,0.0,-794.65,0.0,6.8165,1.0,0.0,0.0,0.0,0.0
462,410.5,786.6,3954.15,3526.3,2739.7,86.4927,0.063,0.0,-786.6,0.0,6.8165,0.0,-786.6,0.0,6.8165,1.0,0.0,0.0,0.0,0.0
463,410.86,779.7,4042.35,3517.35,2737.65,83.9088,0.0762,0.0,-779.7,0.0,6.8165,0.0,-779.7,0.0,6.8165,1.0,0.0,0.0,0.0,0.0
464,411.23,779.15,4107.1,3478.35,2699.2,81.107,0.0909,0.0,-779.15,0.0,6.8165,0.0,-779.15,0.0,6.8165,1.0,0.0,0.0,0.0,0.0
465,411.59,791.9,4230.35,3470.1,2678.2,77.8897,0.1085,0.0,-791.9,0.0,6.8165,0.0,-791.9,0.0,6.8165,1.0,0.0,0.0,0.0,0.0
466,411.96,787.7,4159.6,3359.8,2572.1,76.2804,0.1176,0.0,-787.7,0.0,6.8165,0.0,-787.7,0.0,6.8165,1.0,0.0,0.0,0.0,0.0
467,412.32,786.0,4265.5,3341.0,2555.0,73.4301,0.1341,0.0,-786.0,0.0,6.8165,0.0,-786.0,0.0,6.8165,1.0,0.0,0.0,0.0,0.0
468,412.69,786.15,4409.8,3396.25,2610.1,72.0296,0.1425,0.0,-786.15,0.0,6.8165,0.0,-786.15,0.0,6.8165,1.0,0.0,0.0,0.0,0.0
469,413.05,786.75,4529.9,3361.2,2574.45,68.7776,0.1626,0.0,-786.75,0.0,6.8165,0.0,-786.75,0.0,6.8165,1.0,0.0,0.0,0.0,0.0
470,413.42,785.55,4457.6,3275.35,2489.8,67.8041,0.1687,0.0,-785.55,0.0,6.8165,0.0,-785.55,0.0,6.8165,1.0,0.0,0.0,0.0,0.0
471,413.78,778.4,4730.55,3391.8,2613.4,66.126,0.1796,0.0,-778.4,0.0,6.8165,0.0,-778.4,0.0,6.8165,1.0,0.0,0.0,0.0,0.0
472,414.15,770.9,4777.5,3377.6,2606.7,65.0602,0.1867,0.0,-770.9,0.0,6.8165,0.0,-770.9,0.0,6.8165,1.0,0.0,0.0,0.0,0.0
473,414.51,786.6,4702.6,3265.65,2479.05,63.3057,0.1986,0.0,-786.6,0.0,6.8165,0.0,-786.6,0.0,6.8165,1.0,0.0,0.0,0.0,0.0
474,414.88,780.05,4842.6,3324.4,2544.35,62.6294,0.2032,0.0,-780.05,0.0,6.8165,0.0,-780.05,0.0,6.8165,1.0,0.0,0.0,0.0,0.0
475,415.24,793.95,5018.65,3463.65,2669.7,63.1927,0.1993,0.0,-793.95,0.0,6.8165,0.0,-793.95,0.0,6.8165,1.0,0.0,0.0,0.0,0.0
476,415.61,783.6,5094.85,3501.65,2718.05,63.0455,0.2003,0.0,-783.6,0.0,6.8165,0.0,-783.6,0.0,6.8165,1.0,0.0,0.0,0.0,0.0
477,415.97,798.75,5049.65,3461.6,2662.85,62.642,0.2031,0.0,-798.75,0.0,6.8165,0.0,-798.75,0.0,6.8165,1.0,0.0,0.0,0.0,0.0
478,416.33,804.95,5168.25,3604.8,2799.85,64.1682,0.1927,0.0,-804.95,0.0,6.8165,0.0,-804.95,0.0,6.8165,1.0,0.0,0.0,0.0,0.0
479,416.7,788.05,5284.55,3695.05,2907.0,64.6503,0.1894,0.0,-788.05,0.0,6.8165,0.0,-788.05,0.0,6.8165,1.0,0.0,0.0,0.0,0.0
480,417.06,787.7,5507.0,3877.0,3089.3,65.461,0.184,0.0,-787.7,0.0,6.8165,0.0,-787.7,0.0,6.8165,1.0,0.0,0.0,0.0,0.0
481,417.43,790.15,5516.6,3911.35,3121.2,66.0369,0.1802,0.0,-790.15,0.0,6.8165,0.0,-790.15,0.0,6.8165,1.0,0.0,0.0,0.0,0.0
482,417.79,788.6,5522.0,3985.3,3196.7,67.535,0.1705,0.0,-788.6,0.0,6.8165,0.0,-788.6,0.0,6.8165,1.0,0.0,0.0,0.0,0.0
483,418.15,778.3,5494.3,4088.6,3310.3,70.193,0.1537,0.0,-778.3,0.0,6.8165,0.0,-778.3,0.0,6.8165,1.0,0.0,0.0,0.0,0.0
484,418.52,785.75,5694.25,4364.15,3578.4,72.9021,0.1373,0.0,-785.75,0.0,6.8165,0.0,-785.75,0.0,6.8165,1.0,0.0,0.0,0.0,0.0
485,418.88,790.65,5751.15,4536.25,3745.6,75.5085,0.122,0.0,-790.65,0.0,6.8165,0.0,-790.65,0.0,6.8165,1.0,0.0,0.0,0.0,0.0
486,419.24,789.7,5996.15,4805.35,4015.65,77.1284,0.1128,0.0,-789.7,0.0,6.8165,0.0,-789.7,0.0,6.8165,1.0,0.0,0.0,0.0,0.0
487,419.61,795.2,6019.85,4989.15,4193.95,80.2724,0.0954,0.0,-795.2,0.0,6.8165,0.0,-795.2,0.0,6.8165,1.0,0.0,0.0,0.0,0.0
488,419.97,795.85,6026.25,5162.3,4366.45,83.4821,0.0784,0.0,-795.85,0.0,6.8165,0.0,-795.85,0.0,6.8165,1.0,0.0,0.0,0.0,0.0
489,420.33,780.35,6348.45,5556.75,4776.4,85.7815,0.0666,0.0,-780.35,0.0,6.8165,0.0,-780.35,0.0,6.8165,1.0,0.0,0.0,0.0,0.0
490,420.7,786.5,6250.3,5630.7,4844.2,88.6599,0.0523,0.0,-786.5,0.0,6.8165,0.0,-786.5,0.0,6.8165,1.0,0.0,0.0,0.0,0.0
491,421.06,792.3,6437.7,5891.65,5099.35,90.3275,0.0442,0.0,-792.3,0.0,6.8165,0.0,-792.3,0.0,6.8165,1.0,0.0,0.0,0.0,0.0
492,421.42,780.75,6517.15,6174.75,5394.0,94.0311,0.0267,0.0,-780.75,0.0,6.8165,0.0,-780.75,0.0,6.8165,1.0,0.0,0.0,0.0,0.0
493,421.79,792.85,6593.35,6296.4,5503.55,94.8806,0.0228,0.0,-792.85,0.0,6.8165,0.0,-792.85,0.0,6.8165,1.0,0.0,0.0,0.0,0.0
494,422.15,785.05,6582.3,6397.05,5612.0,96.8045,0.0141,0.0,-785.05,0.0,6.8165,0.0,-785.05,0.0,6.8165,1.0,0.0,0.0,0.0,0.0
495,422.51,777.25,6682.3,6606.9,5829.65,98.7231,0.0056,0.0,-777.25,0.0,6.8165,0.0,-777.25,0.0,6.8165,1.0,0.0,0.0,0.0,0.0
496,422.87,781.9,6841.3,6785.7,6003.8,99.0824,0.004,0.0,-781.9,0.0,6.8165,0.0,-781.9,0.0,6.8165,1.0,0.0,0.0,0.0,0.0
497,423.24,789.65,6932.4,6839.65,6050.0,98.4901,0.0066,0.0,-789.65,0.0,6.8165,0.0,-789.65,0.0,6.8165,1.0,0.0,0.0,0.0,0.0
498,423.6,789.0,7033.2,6897.2,6108.2,97.822,0.0096,0.0,-789.0,0.0,6.8165,0.0,-789.0,0.0,6.8165,1.0,0.0,0.0,0.0,0.0
499,423.96,796.65,7164.95,6797.45,6000.8,94.2292,0.0258,0.0,-796.65,0.0,6.8165,0.0,-796.65,0.0,6.8165,1.0,0.0,0.0,0.0,0.0
500,424.32,791.55,7268.3,6787.95,5996.4,92.5835,0.0335,0.0,-791.55,0.0,6.8165,0.0,-791.55,0.0,6.8165,1.0,0.0,0.0,0.0,0.0
501,424.69,789.85,7355.25,6700.35,5910.5,90.025,0.0456,0.0,-789.85,0.0,6.8165,0.0,-789.85,0.0,6.8165,1.0,0.0,0.0,0.0,0.0
502,425.05,782.3,7707.15,6723.05,5940.75,85.7889,0.0666,0.0,-782.3,0.0,6.8165,0.0,-782.3,0.0,6.8165,1.0,0.0,0.0,0.0,0.0
503,425.41,788.25,8027.35,6749.05,5960.8,82.3417,0.0844,0.0,-788.25,0.0,6.8165,0.0,-788.25,0.0,6.8165,1.0,0.0,0.0,0.0,0.0
504,425.77,783.6,7837.6,6352.7,5569.1,78.9495,0.1027,0.0,-783.6,0.0,6.8165,0.0,-783.6,0.0,6.8165,1.0,0.0,0.0,0.0,0.0
505,426.13,794.8,7938.1,6157.2,5362.4,75.0689,0.1245,0.0,-794.8,0.0,6.8165,0.0,-794.8,0.0,6.8165,1.0,0.0,0.0,0.0,0.0
506,426.5,793.35,7916.45,5909.3,5115.95,71.822,0.1437,0.0,-793.35,0.0,6.8165,0.0,-793.35,0.0,6.8165,1.0,0.0,0.0,0.0,0.0
507,426.86,785.4,7952.45,5770.1,4984.7,69.5502,0.1577,0.0,-785.4,0.0,6.8165,0.0,-785.4,0.0,6.8165,1.0,0.0,0.0,0.0,0.0
508,427.22,780.4,8391.8,5861.0,5080.6,66.7499,0.1755,0.0,-780.4,0.0,6.8165,0.0,-780.4,0.0,6.8165,1.0,0.0,0.0,0.0,0.0
509,427.58,791.8,8215.85,5587.6,4795.8,64.5982,0.1898,0.0,-791.8,0.0,6.8165,0.0,-791.8,0.0,6.8165,1.0,0.0,0.0,0.0,0.0
510,427.94,797.5,8576.0,5651.7,4854.2,62.4053,0.2048,0.0,-797.5,0.0,6.8165,0.0,-797.5,0.0,6.8165,1.0,0.0,0.0,0.0,0.0
511,428.3,794.45,8912.9,5593.7,4799.25,59.1153,0.2283,0.0,-794.45,0.0,6.8165,0.0,-794.45,0.0,6.8165,1.0,0.0,0.0,0.0,0.0
512,428.66,773.45,8596.85,5321.55,4548.1,58.1346,0.2356,0.0,-773.45,0.0,6.8165,0.0,-773.45,0.0,6.8165,1.0,0.0,0.0,0.0,0.0
513,429.02,786.75,8763.0,5266.8,4480.05,56.1674,0.2505,0.0,-786.75,0.0,6.8165,0.0,-786.75,0.0,6.8165,1.0,0.0,0.0,0.0,0.0
514,429.39,777.45,8900.45,5208.15,4430.7,54.5451,0.2632,0.0,-777.45,0.0,6.8165,0.0,-777.45,0.0,6.8165,1.0,0.0,0.0,0.0,0.0
515,429.75,780.95,9076.6,5160.9,4379.95,52.7982,0.2774,0.0,-780.95,0.0,6.8165,0.0,-780.95,0.0,6.8165,1.0,0.0,0.0,0.0,0.0
516,430.11,789.65,9156.65,5140.0,4350.35,51.9941,0.284,0.0,-789.65,0.0,6.8165,0.0,-789.65,0.0,6.8165,1.0,0.0,0.0,0.0,0.0
517,430.47,792.8,9381.35,5150.05,4357.25,50.7332,0.2947,0.0,-792.8,0.0,6.8165,0.0,-792.8,0.0,6.8165,1.0,0.0,0.0,0.0,0.0
518,430.83,795.35,9457.55,5169.9,4374.55,50.5016,0.2967,0.0,-795.35,0.0,6.8165,0.0,-795.35,0.0,6.8165,1.0,0.0,0.0,0.0,0.0
519,431.19,780.7,9605.8,5226.95,4446.25,50.3819,0.2977,0.0,-780.7,0.0,6.8165,0.0,-780.7,0.0,6.8165,1.0,0.0,0.0,0.0,0.0
520,431.55,778.8,9383.75,5108.15,4329.35,50.3123,0.2983,0.0,-778.8,0.0,6.8165,0.0,-778.8,0.0,6.8165,1.0,0.0,0.0,0.0,0.0
521,431.91,786.45,9725.1,5300.6,4514.15,50.5015,0.2967,0.0,-786.45,0.0,6.8165,0.0,-786.45,0.0,6.8165,1.0,0.0,0.0,0.0,0.0
522,432.27,785.3,9999.45,5476.1,4690.8,50.9087,0.2932,0.0,-785.3,0.0,6.8165,0.0,-785.3,0.0,6.8165,1.0,0.0,0.0,0.0,0.0
523,432.63,795.0,9909.75,5507.1,4712.1,51.6975,0.2865,0.0,-795.0,0.0,6.8165,0.0,-795.0,0.0,6.8165,1.0,0.0,0.0,0.0,0.0
524,432.99,779.25,10100.3,5721.0,4941.75,53.0171,0.2756,0.0,-779.25,0.0,6.8165,0.0,-779.25,0.0,6.8165,1.0,0.0,0.0,0.0,0.0
525,433.35,775.55,10240.9,5883.25,5107.7,53.9621,0.2679,0.0,-775.55,0.0,6.8165,0.0,-775.55,0.0,6.8165,1.0,0.0,0.0,0.0,0.0
526,433.71,787.1,10248.35,6014.9,5227.8,55.2549,0.2576,0.0,-787.1,0.0,6.8165,0.0,-787.1,0.0,6.8165,1.0,0.0,0.0,0.0,0.0
527,434.07,795.4,10787.7,6535.4,5740.0,57.4442,0.2408,0.0,-795.4,0.0,6.8165,0.0,-795.4,0.0,6.8165,1.0,0.0,0.0,0.0,0.0
528,434.43,782.25,10712.55,6697.3,5915.05,59.5657,0.225,0.0,-782.25,0.0,6.8165,0.0,-782.25,0.0,6.8165,1.0,0.0,0.0,0.0,0.0
529,434.79,803.25,10828.2,6959.45,6156.2,61.4088,0.2118,0.0,-803.25,0.0,6.8165,0.0,-803.25,0.0,6.8165,1.0,0.0,0.0,0.0,0.0
530,435.15,785.3,11048.55,7400.35,6615.05,64.4538,0.1908,0.0,-785.3,0.0,6.8165,0.0,-785.3,0.0,6.8165,1.0,0.0,0.0,0.0,0.0
531,435.51,803.25,11301.95,7851.3,7048.05,67.1326,0.1731,0.0,-803.25,0.0,6.8165,0.0,-803.25,0.0,6.8165,1.0,0.0,0.0,0.0,0.0
532,435.87,768.5,11327.1,8216.7,7448.2,70.5415,0.1516,0.0,-768.5,0.0,6.8165,0.0,-768.5,0.0,6.8165,1.0,0.0,0.0,0.0,0.0
533,436.23,792.4,11695.5,8884.4,8092.0,74.2174,0.1295,0.0,-792.4,0.0,6.8165,0.0,-792.4,0.0,6.8165,1.0,0.0,0.0,0.0,0.0
534,436.59,799.5,11929.15,9470.05,8670.55,77.905,0.1084,0.0,-799.5,0.0,6.8165,0.0,-799.5,0.0,6.8165,1.0,0.0,0.0,0.0,0.0
535,436.94,801.7,12113.1,10019.4,9217.7,81.4904,0.0889,0.0,-801.7,0.0,6.8165,0.0,-801.7,0.0,6.8165,1.0,0.0,0.0,0.0,0.0
536,437.3,784.7,12310.9,10644.3,9859.6,85.5408,0.0678,0.0,-784.7,0.0,6.8165,0.0,-784.7,0.0,6.8165,1.0,0.0,0.0,0.0,0.0
537,437.66,803.8,12222.3,10849.75,10045.95,87.9796,0.0556,0.0,-803.8,0.0,6.8165,0.0,-803.8,0.0,6.8165,1.0,0.0,0.0,0.0,0.0
538,438.02,782.2,12650.15,11477.4,10695.2,90.1183,0.0452,0.0,-782.2,0.0,6.8165,0.0,-782.2,0.0,6.8165,1.0,0.0,0.0,0.0,0.0
539,438.38,787.3,12940.75,12083.8,11296.5,92.9489,0.0318,0.0,-787.3,0.0,6.8165,0.0,-787.3,0.0,6.8165,1.0,0.0,0.0,0.0,0.0
540,438.74,797.05,13078.2,12252.1,11455.05,93.2734,0.0302,0.0,-797.05,0.0,6.8165,0.0,-797.05,0.0,6.8165,1.0,0.0,0.0,0.0,0.0
541,439.1,792.95,12701.4,12029.7,11236.75,94.3595,0.0252,0.0,-792.95,0.0,6.8165,0.0,-792.95,0.0,6.8165,1.0,0.0,0.0,0.0,0.0
542,439.46,789.8,12907.25,12243.0,11453.2,94.5182,0.0245,0.0,-789.8,0.0,6.8165,0.0,-789.8,0.0,6.8165,1.0,0.0,0.0,0.0,0.0
543,439.81,781.3,13138.85,12016.75,11235.45,90.9197,0.0413,0.0,-781.3,0.0,6.8165,0.0,-781.3,0.0,6.8165,1.0,0.0,0.0,0.0,0.0
544,440.17,776.45,12955.9,11311.4,10534.95,86.4977,0.063,0.0,-776.45,0.0,6.8165,0.0,-776.45,0.0,6.8165,1.0,0.0,0.0,0.0,0.0
545,440.53,795.3,13222.2,11066.5,10271.2,82.653,0.0827,0.0,-795.3,0.0,6.8165,0.0,-795.3,0.0,6.8165,1.0,0.0,0.0,0.0,0.0
546,440.89,798.2,13253.3,10435.6,9637.4,77.3771,0.1114,0.0,-798.2,0.0,6.8165,0.0,-798.2,0.0,6.8165,1.0,0.0,0.0,0.0,0.0
547,441.25,789.35,13314.35,9838.15,9048.8,72.2459,0.1412,0.0,-789.35,0.0,6.8165,0.0,-789.35,0.0,6.8165,1.0,0.0,0.0,0.0,0.0
548,441.6,786.05,13481.65,9210.4,8424.35,66.3565,0.1781,0.0,-786.05,0.0,6.8165,0.0,-786.05,0.0,6.8165,1.0,0.0,0.0,0.0,0.0
549,441.96,779.4,13702.7,8778.1,7998.7,61.8936,0.2084,0.0,-779.4,0.0,6.8165,0.0,-779.4,0.0,6.8165,1.0,0.0,0.0,0.0,0.0
550,442.32,780.9,13522.6,7942.2,7161.3,56.2036,0.2502,0.0,-780.9,0.0,6.8165,0.0,-780.9,0.0,6.8165,1.0,0.0,0.0,0.0,0.0
551,442.68,787.6,13399.95,7252.45,6464.85,51.2581,0.2902,0.0,-787.6,0.0,6.8165,0.0,-787.6,0.0,6.8165,1.0,0.0,0.0,0.0,0.0
552,443.03,794.7,14253.35,7087.15,6292.45,46.7539,0.3302,0.0,-794.7,0.0,6.8165,0.0,-794.7,0.0,6.8165,1.0,0.0,0.0,0.0,0.0
553,443.39,766.8,13780.5,6316.2,5549.4,42.6428,0.3702,0.0,-766.8,0.0,6.8165,0.0,-766.8,0.0,6.8165,1.0,0.0,0.0,0.0,0.0
554,443.75,773.1,14825.55,6226.9,5453.8,38.8103,0.4111,0.0,-773.1,0.0,6.8165,0.0,-773.1,0.0,6.8165,1.0,0.0,0.0,0.0,0.0
555,444.11,781.55,14691.8,5752.6,4971.05,35.7366,0.4469,0.0,-781.55,0.0,6.8165,0.0,-781.55,0.0,6.8165,1.0,0.0,0.0,0.0,0.0
556,444.46,788.75,14529.1,5274.9,4486.15,32.6495,0.4861,0.0,-788.75,0.0,6.8165,0.0,-788.75,0.0,6.8165,1.0,0.0,0.0,0.0,0.0
557,444.82,795.6,14497.4,4895.9,4100.3,29.9253,0.524,0.0,-795.6,0.0,6.8165,0.0,-795.6,0.0,6.8165,1.0,0.0,0.0,0.0,0.0
558,445.18,786.45,14488.45,4622.05,3835.6,27.993,0.553,0.0,-786.45,0.0,6.8165,0.0,-786.45,0.0,6.8165,1.0,0.0,0.0,0.0,0.0
559,445.53,786.2,14732.85,4421.0,3634.8,26.0622,0.584,0.0,-786.2,0.0,6.8165,0.0,-786.2,0.0,6.8165,1.0,0.0,0.0,0.0,0.0
560,445.89,786.9,14933.7,4228.8,3441.9,24.3299,0.6139,0.0,-786.9,0.0,6.8165,0.0,-786.9,0.0,6.8165,1.0,0.0,0.0,0.0,0.0
561,446.25,788.85,15432.9,4077.2,3288.35,22.4552,0.6487,0.0,-788.85,0.0,6.8165,0.0,-788.85,0.0,6.8165,1.0,0.0,0.0,0.0,0.0
562,446.6,792.45,15086.3,3840.35,3047.9,21.3232,0.6711,0.0,-792.45,0.0,6.8165,0.0,-792.45,0.0,6.8165,1.0,0.0,0.0,0.0,0.0
563,446.96,797.05,15088.6,3690.75,2893.7,20.2476,0.6936,0.0,-797.05,0.0,6.8165,0.0,-797.05,0.0,6.8165,1.0,0.0,0.0,0.0,0.0
564,447.32,800.7,15512.8,3597.8,2797.1,19.0122,0.721,0.0,-800.7,0.0,6.8165,0.0,-800.7,0.0,6.8165,1.0,0.0,0.0,0.0,0.0
565,447.67,794.25,15932.85,3521.0,2726.75,18.0119,0.7444,0.0,-794.25,0.0,6.8165,0.0,-794.25,0.0,6.8165,1.0,0.0,0.0,0.0,0.0
566,448.03,800.15,15869.7,3360.25,2560.1,16.9886,0.7698,0.0,-800.15,0.0,6.8165,0.0,-800.15,0.0,6.8165,1.0,0.0,0.0,0.0,0.0
567,448.38,796.4,16017.2,3294.6,2498.2,16.4131,0.7848,0.0,-796.4,0.0,6.8165,0.0,-796.4,0.0,6.8165,1.0,0.0,0.0,0.0,0.0
568,448.74,794.2,16762.8,3312.85,2518.65,15.7725,0.8021,0.0,-794.2,0.0,6.8165,0.0,-794.2,0.0,6.8165,1.0,0.0,0.0,0.0,0.0
569,449.1,796.4,16555.45,3206.95,2410.55,15.2963,0.8154,0.0,-796.4,0.0,6.8165,0.0,-796.4,0.0,6.8165,1.0,0.0,0.0,0.0,0.0
570,449.45,795.75,17581.1,3338.7,2542.95,15.1498,0.8196,0.0,-795.75,0.0,6.8165,0.0,-795.75,0.0,6.8165,1.0,0.0,0.0,0.0,0.0
571,449.81,800.7,18736.65,3422.95,2622.25,14.6201,0.8351,0.0,-800.7,0.0,6.8165,0.0,-800.7,0.0,6.8165,1.0,0.0,0.0,0.0,0.0
572,450.16,788.8,19307.6,3434.1,2645.3,14.2844,0.8451,0.0,-788.8,0.0,6.8165,0.0,-788.8,0.0,6.8165,1.0,0.0,0.0,0.0,0.0
573,450.52,798.55,20507.6,3568.6,2770.05,14.0547,0.8522,0.0,-798.55,0.0,6.8165,0.0,-798.55,0.0,6.8165,1.0,0.0,0.0,0.0,0.0
574,450.87,804.65,19706.3,3400.3,2595.65,13.7324,0.8623,0.0,-804.65,0.0,6.8165,0.0,-804.65,0.0,6.8165,1.0,0.0,0.0,0.0,0.0
575,451.23,803.0,18793.05,3237.5,2434.5,13.5325,0.8686,0.0,-803.0,0.0,6.8165,0.0,-803.0,0.0,6.8165,1.0,0.0,0.0,0.0,0.0
576,451.59,801.85,18857.05,3242.3,2440.45,13.5166,0.8691,0.0,-801.85,0.0,6.8165,0.0,-801.85,0.0,6.8165,1.0,0.0,0.0,0.0,0.0
577,451.94,794.4,18728.55,3217.75,2423.35,13.5125,0.8693,0.0,-794.4,0.0,6.8165,0.0,-794.4,0.0,6.8165,1.0,0.0,0.0,0.0,0.0
578,452.3,800.2,19080.95,3292.65,2492.45,13.6343,0.8654,0.0,-800.2,0.0,6.8165,0.0,-800.2,0.0,6.8165,1.0,0.0,0.0,0.0,0.0
579,452.65,785.05,19104.25,3293.9,2508.85,13.6952,0.8634,0.0,-785.05,0.0,6.8165,0.0,-785.05,0.0,6.8165,1.0,0.0,0.0,0.0,0.0
580,453.01,793.6,19648.8,3372.3,2578.7,13.6763,0.864,0.0,-793.6,0.0,6.8165,0.0,-793.6,0.0,6.8165,1.0,0.0,0.0,0.0,0.0
581,453.36,785.25,19111.75,3356.35,2571.1,14.0294,0.853,0.0,-785.25,0.0,6.8165,0.0,-785.25,0.0,6.8165,1.0,0.0,0.0,0.0,0.0
582,453.71,797.65,18241.45,3318.9,2521.25,14.4536,0.84,0.0,-797.65,0.0,6.8165,0.0,-797.65,0.0,6.8165,1.0,0.0,0.0,0.0,0.0
583,454.07,788.75,18685.45,3454.1,2665.35,14.893,0.827,0.0,-788.75,0.0,6.8165,0.0,-788.75,0.0,6.8165,1.0,0.0,0.0,0.0,0.0
584,454.42,778.95,18717.6,3536.5,2757.55,15.3721,0.8133,0.0,-778.95,0.0,6.8165,0.0,-778.95,0.0,6.8165,1.0,0.0,0.0,0.0,0.0
585,454.78,775.45,19544.4,3715.05,2939.6,15.662,0.8052,0.0,-775.45,0.0,6.8165,0.0,-775.45,0.0,6.8165,1.0,0.0,0.0,0.0,0.0
586,455.13,785.5,19540.3,3822.5,3037.0,16.1932,0.7907,0.0,-785.5,0.0,6.8165,0.0,-785.5,0.0,6.8165,1.0,0.0,0.0,0.0,0.0
587,455.49,808.5,20268.25,4091.85,3283.35,16.8725,0.7728,0.0,-808.5,0.0,6.8165,0.0,-808.5,0.0,6.8165,1.0,0.0,0.0,0.0,0.0
588,455.84,789.45,19393.45,4122.6,3333.15,17.9163,0.7468,0.0,-789.45,0.0,6.8165,0.0,-789.45,0.0,6.8165,1.0,0.0,0.0,0.0,0.0
589,456.19,794.75,20441.2,4510.0,3715.25,18.9105,0.7233,0.0,-794.75,0.0,6.8165,0.0,-794.75,0.0,6.8165,1.0,0.0,0.0,0.0,0.0
590,456.55,796.2,20996.95,4868.05,4071.85,20.1569,0.6956,0.0,-796.2,0.0,6.8165,0.0,-796.2,0.0,6.8165,1.0,0.0,0.0,0.0,0.0
591,456.9,781.85,21459.05,5243.35,4461.5,21.5769,0.666,0.0,-781.85,0.0,6.8165,0.0,-781.85,0.0,6.8165,1.0,0.0,0.0,0.0,0.0
592,457.26,797.65,21664.9,5634.55,4836.9,23.1794,0.6349,0.0,-797.65,0.0,6.8165,0.0,-797.65,0.0,6.8165,1.0,0.0,0.0,0.0,0.0
593,457.61,794.85,21570.4,6006.7,5211.85,25.0865,0.6006,0.0,-794.85,0.0,6.8165,0.0,-794.85,0.0,6.8165,1.0,0.0,0.0,0.0,0.0
594,457.96,805.1,22123.5,6629.1,5824.0,27.3191,0.5635,0.0,-805.1,0.0,6.8165,0.0,-805.1,0.0,6.8165,1.0,0.0,0.0,0.0,0.0
595,458.32,795.0,23093.7,7501.25,6706.25,30.0746,0.5218,0.0,-795.0,0.0,6.8165,0.0,-795.0,0.0,6.8165,1.0,0.0,0.0,0.0,0.0
596,458.67,798.75,22657.7,7974.6,7175.85,32.828,0.4838,0.0,-798.75,0.0,6.8165,0.0,-798.75,0.0,6.8165,1.0,0.0,0.0,0.0,0.0
597,459.02,790.1,22694.95,8825.65,8035.55,36.6839,0.4355,0.0,-790.1,0.0,6.8165,0.0,-790.1,0.0,6.8165,1.0,0.0,0.0,0.0,0.0
598,459.38,803.7,22664.95,9681.55,8877.85,40.61,0.3914,0.0,-803.7,0.0,6.8165,0.0,-803.7,0.0,6.8165,1.0,0.0,0.0,0.0,0.0
599,459.73,791.75,22936.1,10796.95,10005.2,45.1817,0.345,0.0,-791.75,0.0,6.8165,0.0,-791.75,0.0,6.8165,1.0,0.0,0.0,0.0,0.0
600,460.08,801.85,22940.85,11821.45,11019.6,49.7746,0.303,0.0,-801.85,0.0,6.8165,0.0,-801.85,0.0,6.8165,1.0,0.0,0.0,0.0,0.0
601,460.44,792.25,23384.6,13207.8,12415.55,54.9547,0.26,0.0,-792.25,0.0,6.8165,0.0,-792.25,0.0,6.8165,1.0,0.0,0.0,0.0,0.0
602,460.79,789.35,23173.7,14273.55,13484.2,60.2394,0.2201,0.0,-789.35,0.0,6.8165,0.0,-789.35,0.0,6.8165,1.0,0.0,0.0,0.0,0.0
603,461.14,796.8,24004.1,16066.95,15270.15,65.7989,0.1818,0.0,-796.8,0.0,6.8165,0.0,-796.8,0.0,6.8165,1.0,0.0,0.0,0.0,0.0
604,461.49,799.5,24330.25,17089.2,16289.7,69.2273,0.1597,0.0,-799.5,0.0,6.8165,0.0,-799.5,0.0,6.8165,1.0,0.0,0.0,0.0,0.0
605,461.85,799.5,24547.95,17754.8,16955.3,71.3954,0.1463,0.0,-799.5,0.0,6.8165,0.0,-799.5,0.0,6.8165,1.0,0.0,0.0,0.0,0.0
606,462.2,791.35,25213.35,18184.45,17393.1,71.219,0.1474,0.0,-791.35,0.0,6.8165,0.0,-791.35,0.0,6.8165,1.0,0.0,0.0,0.0,0.0
607,462.55,788.1,24845.35,17376.55,16588.45,68.9541,0.1614,0.0,-788.1,0.0,6.8165,0.0,-788.1,0.0,6.8165,1.0,0.0,0.0,0.0,0.0
608,462.9,790.0,26634.2,17483.85,16693.85,64.5942,0.1898,0.0,-790.0,0.0,6.8165,0.0,-790.0,0.0,6.8165,1.0,0.0,0.0,0.0,0.0
609,463.26,782.3,27125.75,16475.0,15692.7,59.5696,0.225,0.0,-782.3,0.0,6.8165,0.0,-782.3,0.0,6.8165,1.0,0.0,0.0,0.0,0.0
610,463.61,792.9,26540.0,14624.05,13831.15,53.7193,0.2699,0.0,-792.9,0.0,6.8165,0.0,-792.9,0.0,6.8165,1.0,0.0,0.0,0.0,0.0
611,463.96,791.35,26361.7,12999.55,12208.2,47.7436,0.3211,0.0,-791.35,0.0,6.8165,0.0,-791.35,0.0,6.8165,1.0,0.0,0.0,0.0,0.0
612,464.31,786.35,27077.25,11783.0,10996.65,41.8268,0.3785,0.0,-786.35,0.0,6.8165,0.0,-786.35,0.0,6.8165,1.0,0.0,0.0,0.0,0.0
613,464.66,784.05,26334.2,10283.75,9499.7,37.1806,0.4297,0.0,-784.05,0.0,6.8165,0.0,-784.05,0.0,6.8165,1.0,0.0,0.0,0.0,0.0
614,465.02,778.8,26205.1,9034.05,8255.25,32.4674,0.4886,0.0,-778.8,0.0,6.8165,0.0,-778.8,0.0,6.8165,1.0,0.0,0.0,0.0,0.0
615,465.37,791.65,26777.75,8139.25,7347.6,28.2751,0.5486,0.0,-791.65,0.0,6.8165,0.0,-791.65,0.0,6.8165,1.0,0.0,0.0,0.0,0.0
616,465.72,794.1,27119.55,7377.85,6583.75,25.0091,0.6019,0.0,-794.1,0.0,6.8165,0.0,-794.1,0.0,6.8165,1.0,0.0,0.0,0.0,0.0
617,466.07,788.2,26776.05,6632.9,5844.7,22.4901,0.648,0.0,-788.2,0.0,6.8165,0.0,-788.2,0.0,6.8165,1.0,0.0,0.0,0.0,0.0
618,466.42,797.7,27840.75,6226.85,5429.15,20.076,0.6973,0.0,-797.7,0.0,6.8165,0.0,-797.7,0.0,6.8165,1.0,0.0,0.0,0.0,0.0
619,466.77,797.1,27976.05,5710.65,4913.55,18.0785,0.7428,0.0,-797.1,0.0,6.8165,0.0,-797.1,0.0,6.8165,1.0,0.0,0.0,0.0,0.0
620,467.12,786.1,28892.4,5433.2,4647.1,16.534,0.7816,0.0,-786.1,0.0,6.8165,0.0,-786.1,0.0,6.8165,1.0,0.0,0.0,0.0,0.0
621,467.48,799.45,30545.65,5307.9,4508.45,15.1564,0.8194,0.0,-799.45,0.0,6.8165,0.0,-799.45,0.0,6.8165,1.0,0.0,0.0,0.0,0.0
622,467.83,792.85,32338.3,5235.2,4442.35,14.0824,0.8513,0.0,-792.85,0.0,6.8165,0.0,-792.85,0.0,6.8165,1.0,0.0,0.0,0.0,0.0
623,468.18,792.2,32243.15,4937.95,4145.75,13.1816,0.88,0.0,-792.2,0.0,6.8165,0.0,-792.2,0.0,6.8165,1.0,0.0,0.0,0.0,0.0
624,468.53,803.05,32883.1,4718.2,3915.15,12.2043,0.9135,0.0,-803.05,0.0,6.8165,0.0,-803.05,0.0,6.8165,1.0,0.0,0.0,0.0,0.0
625,468.88,795.55,32156.6,4395.35,3599.8,11.4786,0.9401,0.0,-795.55,0.0,6.8165,0.0,-795.55,0.0,6.8165,1.0,0.0,0.0,0.0,0.0
626,469.23,779.05,31681.8,4209.6,3430.55,11.1011,0.9546,0.0,-779.05,0.0,6.8165,0.0,-779.05,0.0,6.8165,1.0,0.0,0.0,0.0,0.0
627,469.58,782.95,31726.05,4107.9,3324.95,10.7454,0.9688,0.0,-782.95,0.0,6.8165,0.0,-782.95,0.0,6.8165,1.0,0.0,0.0,0.0,0.0
628,469.93,795.95,31421.05,3941.75,3145.8,10.272,0.9883,0.0,-795.95,0.0,6.8165,0.0,-795.95,0.0,6.8165,1.0,0.0,0.0,0.0,0.0
629,470.28,793.45,31523.7,3853.4,3059.95,9.9575,1.0019,0.0,-793.45,0.0,6.8165,0.0,-793.45,0.0,6.8165,1.0,0.0,0.0,0.0,0.0
630,470.63,789.75,30942.0,3723.75,2934.0,9.7306,1.0119,0.0,-789.75,0.0,6.8165,0.0,-789.75,0.0,6.8165,1.0,0.0,0.0,0.0,0.0
631,470.98,787.4,30489.55,3624.5,2837.1,9.5518,1.0199,0.0,-787.4,0.0,6.8165,0.0,-787.4,0.0,6.8165,1.0,0.0,0.0,0.0,0.0
632,471.33,778.6,29661.65,3500.9,2722.3,9.4253,1.0257,0.0,-778.6,0.0,6.8165,0.0,-778.6,0.0,6.8165,1.0,0.0,0.0,0.0,0.0
633,471.68,790.85,30480.85,3575.7,2784.85,9.3798,1.0278,0.0,-790.85,0.0,6.8165,0.0,-790.85,0.0,6.8165,1.0,0.0,0.0,0.0,0.0
634,472.03,790.5,29791.65,3560.45,2769.95,9.5512,1.0199,0.0,-790.5,0.0,6.8165,0.0,-790.5,0.0,6.8165,1.0,0.0,0.0,0.0,0.0
635,472.38,783.9,29183.05,3561.3,2777.4,9.7799,1.0097,0.0,-783.9,0.0,6.8165,0.0,-783.9,0.0,6.8165,1.0,0.0,0.0,0.0,0.0
636,472.73,794.1,30688.55,3805.65,3011.55,10.0739,0.9968,0.0,-794.1,0.0,6.8165,0.0,-794.1,0.0,6.8165,1.0,0.0,0.0,0.0,0.0
637,473.08,779.15,32447.4,4124.75,3345.6,10.5645,0.9762,0.0,-779.15,0.0,6.8165,0.0,-779.15,0.0,6.8165,1.0,0.0,0.0,0.0,0.0
638,473.43,775.9,34478.45,4514.5,3738.6,11.0929,0.955,0.0,-775.9,0.0,6.8165,0.0,-775.9,0.0,6.8165,1.0,0.0,0.0,0.0,0.0
639,473.78,784.45,36124.2,4972.25,4187.8,11.8501,0.9263,0.0,-784.45,0.0,6.8165,0.0,-784.45,0.0,6.8165,1.0,0.0,0.0,0.0,0.0
640,474.13,787.95,34967.45,5153.75,4365.8,12.7732,0.8937,0.0,-787.95,0.0,6.8165,0.0,-787.95,0.0,6.8165,1.0,0.0,0.0,0.0,0.0
641,474.48,786.6,33444.95,5321.4,4534.8,13.8856,0.8574,0.0,-786.6,0.0,6.8165,0.0,-786.6,0.0,6.8165,1.0,0.0,0.0,0.0,0.0
642,474.83,766.5,30618.3,5426.8,4660.3,15.6115,0.8066,0.0,-766.5,0.0,6.8165,0.0,-766.5,0.0,6.8165,1.0,0.0,0.0,0.0,0.0
643,475.18,770.05,30473.35,5977.7,5207.65,17.5322,0.7562,0.0,-770.05,0.0,6.8165,0.0,-770.05,0.0,6.8165,1.0,0.0,0.0,0.0,0.0
644,475.52,782.45,30063.55,6600.3,5817.85,19.869,0.7018,0.0,-782.45,0.0,6.8165,0.0,-782.45,0.0,6.8165,1.0,0.0,0.0,0.0,0.0
645,475.87,772.2,29931.9,7425.65,6653.45,22.8173,0.6417,0.0,-772.2,0.0,6.8165,0.0,-772.2,0.0,6.8165,1.0,0.0,0.0,0.0,0.0
646,476.22,795.6,29511.7,8311.05,7515.45,26.1716,0.5822,0.0,-795.6,0.0,6.8165,0.0,-795.6,0.0,6.8165,1.0,0.0,0.0,0.0,0.0
647,476.57,791.4,29487.4,9064.95,8273.55,28.8317,0.5401,0.0,-791.4,0.0,6.8165,0.0,-791.4,0.0,6.8165,1.0,0.0,0.0,0.0,0.0
648,476.92,780.0,29133.95,9544.2,8764.2,30.91,0.5099,0.0,-780.0,0.0,6.8165,0.0,-780.0,0.0,6.8165,1.0,0.0,0.0,0.0,0.0
649,477.27,783.55,29379.4,9642.1,8858.55,30.9784,0.5089,0.0,-783.55,0.0,6.8165,0.0,-783.55,0.0,6.8165,1.0,0.0,0.0,0.0,0.0
650,477.62,785.05,30183.45,9118.05,8333.0,28.3451,0.5475,0.0,-785.05,0.0,6.8165,0.0,-785.05,0.0,6.8165,1.0,0.0,0.0,0.0,0.0
651,477.96,779.7,29734.95,7776.95,6997.25,24.1657,0.6168,0.0,-779.7,0.0,6.8165,0.0,-779.7,0.0,6.8165,1.0,0.0,0.0,0.0,0.0
652,478.31,801.7,29857.85,6432.5,5630.8,19.379,0.7127,0.0,-801.7,0.0,6.8165,0.0,-801.7,0.0,6.8165,1.0,0.0,0.0,0.0,0.0
653,478.66,797.05,30401.75,5220.1,4423.05,14.9404,0.8256,0.0,-797.05,0.0,6.8165,0.0,-797.05,0.0,6.8165,1.0,0.0,0.0,0.0,0.0
654,479.01,789.0,31016.6,4156.9,3367.9,11.1418,0.953,0.0,-789.0,0.0,6.8165,0.0,-789.0,0.0,6.8165,1.0,0.0,0.0,0.0,0.0
655,479.36,794.0,31101.15,3321.8,2527.8,8.3406,1.0788,0.0,-794.0,0.0,6.8165,0.0,-794.0,0.0,6.8165,1.0,0.0,0.0,0.0,0.0
656,479.7,786.15,31706.75,2777.5,1991.35,6.4402,1.1911,0.0,-786.15,0.0,6.8165,0.0,-786.15,0.0,6.8165,1.0,0.0,0.0,0.0,0.0
657,480.05,791.5,32186.15,2327.45,1535.95,4.8924,1.3105,0.0,-791.5,0.0,6.8165,0.0,-791.5,0.0,6.8165,1.0,0.0,0.0,0.0,0.0
658,480.4,791.6,33439.05,2060.65,1269.05,3.8871,1.4104,0.0,-791.6,0.0,6.8165,0.0,-791.6,0.0,6.8165,1.0,0.0,0.0,0.0,0.0
659,480.75,801.45,34262.85,1831.6,1030.15,3.0786,1.5116,0.0,-801.45,0.0,6.8165,0.0,-801.45,0.0,6.8165,1.0,0.0,0.0,0.0,0.0
660,481.09,791.9,35173.05,1648.65,856.75,2.4919,1.6035,0.0,-791.9,0.0,6.8165,0.0,-791.9,0.0,6.8165,1.0,0.0,0.0,0.0,0.0
661,481.44,792.65,35913.15,1500.5,707.85,2.0155,1.6956,0.0,-792.65,0.0,6.8165,0.0,-792.65,0.0,6.8165,1.0,0.0,0.0,0.0,0.0
662,481.79,791.1,36543.0,1390.6,599.5,1.6768,1.7755,0.0,-791.1,0.0,6.8165,0.0,-791.1,0.0,6.8165,1.0,0.0,0.0,0.0,0.0
663,482.14,784.4,36803.6,1306.55,522.15,1.4496,1.8387,0.0,-784.4,0.0,6.8165,0.0,-784.4,0.0,6.8165,1.0,0.0,0.0,0.0,0.0
664,482.48,792.15,37258.75,1240.75,448.6,1.2302,1.91,0.0,-792.15,0.0,6.8165,0.0,-792.15,0.0,6.8165,1.0,0.0,0.0,0.0,0.0
665,482.83,791.75,37420.0,1172.3,380.55,1.039,1.9834,0.0,-791.75,0.0,6.8165,0.0,-791.75,0.0,6.8165,1.0,0.0,0.0,0.0,0.0
666,483.18,781.05,37096.5,1121.8,340.75,0.9383,2.0277,0.0,-781.05,0.0,6.8165,0.0,-781.05,0.0,6.8165,1.0,0.0,0.0,0.0,0.0
667,483.52,772.7,37537.7,1090.0,317.3,0.863,2.064,0.0,-772.7,0.0,6.8165,0.0,-772.7,0.0,6.8165,1.0,0.0,0.0,0.0,0.0
668,483.87,777.65,37613.25,1046.6,268.95,0.7301,2.1366,0.0,-777.65,0.0,6.8165,0.0,-777.65,0.0,6.8165,1.0,0.0,0.0,0.0,0.0
669,484.22,789.6,37804.6,1025.25,235.65,0.6366,2.1961,0.0,-789.6,0.0,6.8165,0.0,-789.6,0.0,6.8165,1.0,0.0,0.0,0.0,0.0
670,484.56,781.8,37757.2,1012.05,230.25,0.6227,2.2057,0.0,-781.8,0.0,6.8165,0.0,-781.8,0.0,6.8165,1.0,0.0,0.0,0.0,0.0
671,484.91,796.75,37651.05,972.3,175.55,0.4763,2.3221,0.0,-796.75,0.0,6.8165,0.0,-796.75,0.0,6.8165,1.0,0.0,0.0,0.0,0.0
672,485.26,784.1,37264.8,972.4,188.3,0.5162,2.2872,0.0,-784.1,0.0,6.8165,0.0,-784.1,0.0,6.8165,1.0,0.0,0.0,0.0,0.0
673,485.6,782.6,37084.55,931.4,148.8,0.4099,2.3873,0.0,-782.6,0.0,6.8165,0.0,-782.6,0.0,6.8165,1.0,0.0,0.0,0.0,0.0
674,485.95,787.7,37186.55,940.65,152.95,0.4202,2.3765,0.0,-787.7,0.0,6.8165,0.0,-787.7,0.0,6.8165,1.0,0.0,0.0,0.0,0.0
675,486.3,789.65,36729.95,932.5,142.85,0.3975,2.4007,0.0,-789.65,0.0,6.8165,0.0,-789.65,0.0,6.8165,1.0,0.0,0.0,0.0,0.0
676,486.64,790.3,36789.4,930.95,140.65,0.3907,2.4082,0.0,-790.3,0.0,6.8165,0.0,-790.3,0.0,6.8165,1.0,0.0,0.0,0.0,0.0
677,486.99,811.1,36843.2,919.35,108.25,0.3004,2.5223,0.0,-811.1,0.0,6.8165,0.0,-811.1,0.0,6.8165,1.0,0.0,0.0,0.0,0.0
678,487.33,788.35,37081.75,906.45,118.1,0.3254,2.4876,0.0,-788.35,0.0,6.8165,0.0,-788.35,0.0,6.8165,1.0,0.0,0.0,0.0,0.0
679,487.68,769.15,36927.95,903.0,133.85,0.3702,2.4316,0.0,-769.15,0.0,6.8165,0.0,-769.15,0.0,6.8165,1.0,0.0,0.0,0.0,0.0
680,488.02,802.35,37470.5,893.5,91.15,0.2486,2.6045,0.0,-802.35,0.0,6.8165,0.0,-802.35,0.0,6.8165,1.0,0.0,0.0,0.0,0.0
681,488.37,799.1,37346.0,882.25,83.15,0.2275,2.643,0.0,-799.1,0.0,6.8165,0.0,-799.1,0.0,6.8165,1.0,0.0,0.0,0.0,0.0
682,488.72,799.85,37496.9,899.85,100.0,0.2725,2.5646,0.0,-799.85,0.0,6.8165,0.0,-799.85,0.0,6.8165,1.0,0.0,0.0,0.0,0.0
683,489.06,783.1,37778.65,880.0,96.9,0.2619,2.5818,0.0,-783.1,0.0,6.8165,0.0,-783.1,0.0,6.8165,1.0,0.0,0.0,0.0,0.0
684,489.41,790.8,38000.75,883.2,92.4,0.2483,2.605,0.0,-790.8,0.0,6.8165,0.0,-790.8,0.0,6.8165,1.0,0.0,0.0,0.0,0.0
685,489.75,791.45,38177.85,868.95,77.5,0.2073,2.6834,0.0,-791.45,0.0,6.8165,0.0,-791.45,0.0,6.8165,1.0,0.0,0.0,0.0,0.0
686,490.1,789.9,38265.7,872.85,82.95,0.2213,2.6549,0.0,-789.9,0.0,6.8165,0.0,-789.9,0.0,6.8165,1.0,0.0,0.0,0.0,0.0
687,490.44,806.55,38278.95,855.4,48.85,0.1304,2.8848,0.0,-806.55,0.0,6.8165,0.0,-806.55,0.0,6.8165,1.0,0.0,0.0,0.0,0.0
688,490.79,806.8,39175.25,859.2,52.4,0.1366,2.8646,0.0,-806.8,0.0,6.8165,0.0,-806.8,0.0,6.8165,1.0,0.0,0.0,0.0,0.0
689,491.13,805.75,39225.1,864.35,58.6,0.1525,2.8167,0.0,-805.75,0.0,6.8165,0.0,-805.75,0.0,6.8165,1.0,0.0,0.0,0.0,0.0
690,491.48,785.35,39950.5,855.45,70.1,0.179,2.7472,0.0,-785.35,0.0,6.8165,0.0,-785.35,0.0,6.8165,1.0,0.0,0.0,0.0,0.0
691,491.82,792.9,41544.8,870.5,77.6,0.1904,2.7203,0.0,-792.9,0.0,6.8165,0.0,-792.9,0.0,6.8165,1.0,0.0,0.0,0.0,0.0
692,492.16,784.65,42912.65,873.5,88.85,0.2109,2.6759,0.0,-784.65,0.0,6.8165,0.0,-784.65,0.0,6.8165,1.0,0.0,0.0,0.0,0.0
693,492.51,799.8,43509.8,857.75,57.95,0.1357,2.8675,0.0,-799.8,0.0,6.8165,0.0,-799.8,0.0,6.8165,1.0,0.0,0.0,0.0,0.0
694,492.85,794.05,43528.6,860.4,66.35,0.1553,2.8089,0.0,-794.05,0.0,6.8165,0.0,-794.05,0.0,6.8165,1.0,0.0,0.0,0.0,0.0
695,493.2,793.4,43007.05,855.4,62.0,0.1469,2.8331,0.0,-793.4,0.0,6.8165,0.0,-793.4,0.0,6.8165,1.0,0.0,0.0,0.0,0.0
696,493.54,776.8,43151.6,871.45,94.65,0.2234,2.651,0.0,-776.8,0.0,6.8165,0.0,-776.8,0.0,6.8165,1.0,0.0,0.0,0.0,0.0
697,493.89,780.4,42369.95,857.15,76.75,0.1845,2.7339,0.0,-780.4,0.0,6.8165,0.0,-780.4,0.0,6.8165,1.0,0.0,0.0,0.0,0.0
698,494.23,796.65,42149.65,858.3,61.65,0.1491,2.8266,0.0,-796.65,0.0,6.8165,0.0,-796.65,0.0,6.8165,1.0,0.0,0.0,0.0,0.0
699,494.57,793.55,41504.05,850.4,56.85,0.1396,2.855,0.0,-793.55,0.0,6.8165,0.0,-793.55,0.0,6.8165,1.0,0.0,0.0,0.0,0.0
700,494.92,795.8,41394.95,860.65,64.85,0.1597,2.7966,0.0,-795.8,0.0,6.8165,0.0,-795.8,0.0,6.8165,1.0,0.0,0.0,0.0,0.0
701,495.26,802.6,41418.8,851.7,49.1,0.1209,2.9176,0.0,-802.6,0.0,6.8165,0.0,-802.6,0.0,6.8165,1.0,0.0,0.0,0.0,0.0
702,495.6,789.2,41181.65,848.0,58.8,0.1456,2.8369,0.0,-789.2,0.0,6.8165,0.0,-789.2,0.0,6.8165,1.0,0.0,0.0,0.0,0.0
703,495.95,779.1,40697.05,854.05,74.95,0.1878,2.7264,0.0,-779.1,0.0,6.8165,0.0,-779.1,0.0,6.8165,1.0,0.0,0.0,0.0,0.0
704,496.29,799.6,40953.35,853.1,53.5,0.1332,2.8754,0.0,-799.6,0.0,6.8165,0.0,-799.6,0.0,6.8165,1.0,0.0,0.0,0.0,0.0
705,496.63,796.4,40743.05,863.45,67.05,0.1678,2.7751,0.0,-796.4,0.0,6.8165,0.0,-796.4,0.0,6.8165,1.0,0.0,0.0,0.0,0.0
706,496.98,803.4,40455.4,858.2,54.8,0.1382,2.8595,0.0,-803.4,0.0,6.8165,0.0,-803.4,0.0,6.8165,1.0,0.0,0.0,0.0,0.0
707,497.32,787.55,40450.85,855.95,68.4,0.1725,2.7633,0.0,-787.55,0.0,6.8165,0.0,-787.55,0.0,6.8165,1.0,0.0,0.0,0.0,0.0
708,497.66,769.35,40280.15,847.15,77.8,0.1969,2.7057,0.0,-769.35,0.0,6.8165,0.0,-769.35,0.0,6.8165,1.0,0.0,0.0,0.0,0.0
709,498.01,784.25,40260.2,850.8,66.55,0.1686,2.7732,0.0,-784.25,0.0,6.8165,0.0,-784.25,0.0,6.8165,1.0,0.0,0.0,0.0,0.0
710,498.35,788.65,40123.75,865.9,77.25,0.1964,2.7069,0.0,-788.65,0.0,6.8165,0.0,-788.65,0.0,6.8165,1.0,0.0,0.0,0.0,0.0
711,498.69,796.0,40221.65,843.2,47.2,0.1197,2.9218,0.0,-796.0,0.0,6.8165,0.0,-796.0,0.0,6.8165,1.0,0.0,0.0,0.0,0.0
712,499.03,789.95,40032.75,845.7,55.75,0.1421,2.8475,0.0,-789.95,0.0,6.8165,0.0,-789.95,0.0,6.8165,1.0,0.0,0.0,0.0,0.0
713,499.38,788.25,40015.05,841.05,52.8,0.1346,2.8709,0.0,-788.25,0.0,6.8165,0.0,-788.25,0.0,6.8165,1.0,0.0,0.0,0.0,0.0
714,499.72,794.25,40041.3,849.1,54.85,0.1398,2.8546,0.0,-794.25,0.0,6.8165,0.0,-794.25,0.0,6.8165,1.0,0.0,0.0,0.0,0.0
715,500.06,784.0,40323.5,846.05,62.05,0.1569,2.8043,0.0,-784.0,0.0,6.8165,0.0,-784.0,0.0,6.8165,1.0,0.0,0.0,0.0,0.0
716,500.4,785.25,40294.7,834.45,49.2,0.1245,2.9047,0.0,-785.25,0.0,6.8165,0.0,-785.25,0.0,6.8165,1.0,0.0,0.0,0.0,0.0
717,500.75,797.15,40480.8,844.65,47.5,0.1197,2.9219,0.0,-797.15,0.0,6.8165,0.0,-797.15,0.0,6.8165,1.0,0.0,0.0,0.0,0.0
718,501.09,790.45,40227.45,828.0,37.55,0.0952,3.0213,0.0,-790.45,0.0,6.8165,0.0,-790.45,0.0,6.8165,1.0,0.0,0.0,0.0,0.0
719,501.43,786.45,40154.9,831.95,45.5,0.1156,2.9371,0.0,-786.45,0.0,6.8165,0.0,-786.45,0.0,6.8165,1.0,0.0,0.0,0.0,0.0
720,501.77,792.2,40672.75,839.4,47.2,0.1184,2.9268,0.0,-792.2,0.0,6.8165,0.0,-792.2,0.0,6.8165,1.0,0.0,0.0,0.0,0.0
721,502.11,782.85,41202.5,858.25,75.4,0.1865,2.7292,0.0,-782.85,0.0,6.8165,0.0,-782.85,0.0,6.8165,1.0,0.0,0.0,0.0,0.0
722,502.46,777.45,40417.5,853.2,75.75,0.1911,2.7188,0.0,-777.45,0.0,6.8165,0.0,-777.45,0.0,6.8165,1.0,0.0,0.0,0.0,0.0
723,502.8,778.45,40650.8,843.25,64.8,0.1625,2.7891,0.0,-778.45,0.0,6.8165,0.0,-778.45,0.0,6.8165,1.0,0.0,0.0,0.0,0.0
724,503.14,791.45,40688.05,836.55,45.1,0.113,2.9468,0.0,-791.45,0.0,6.8165,0.0,-791.45,0.0,6.8165,1.0,0.0,0.0,0.0,0.0
725,503.48,787.9,41074.4,840.15,52.25,0.1297,2.8871,0.0,-787.9,0.0,6.8165,0.0,-787.9,0.0,6.8165,1.0,0.0,0.0,0.0,0.0
726,503.82,786.35,41260.8,842.45,56.1,0.1386,2.8582,0.0,-786.35,0.0,6.8165,0.0,-786.35,0.0,6.8165,1.0,0.0,0.0,0.0,0.0
727,504.16,789.7,40991.55,852.9,63.2,0.1572,2.8035,0.0,-789.7,0.0,6.8165,0.0,-789.7,0.0,6.8165,1.0,0.0,0.0,0.0,0.0
728,504.5,800.55,40879.5,857.9,57.35,0.1431,2.8444,0.0,-800.55,0.0,6.8165,0.0,-800.55,0.0,6.8165,1.0,0.0,0.0,0.0,0.0
729,504.84,778.45,41301.15,867.4,88.95,0.2195,2.6586,0.0,-778.45,0.0,6.8165,0.0,-778.45,0.0,6.8165,1.0,0.0,0.0,0.0,0.0
730,505.19,798.1,41428.8,862.55,64.45,0.1586,2.7996,0.0,-798.1,0.0,6.8165,0.0,-798.1,0.0,6.8165,1.0,0.0,0.0,0.0,0.0
731,505.53,797.15,41260.45,850.65,53.5,0.1322,2.8787,0.0,-797.15,0.0,6.8165,0.0,-797.15,0.0,6.8165,1.0,0.0,0.0,0.0,0.0
732,505.87,795.95,40879.05,837.95,42.0,0.1048,2.9797,0.0,-795.95,0.0,6.8165,0.0,-795.95,0.0,6.8165,1.0,0.0,0.0,0.0,0.0
733,506.21,780.6,41144.45,833.5,52.9,0.1311,2.8825,0.0,-780.6,0.0,6.8165,0.0,-780.6,0.0,6.8165,1.0,0.0,0.0,0.0,0.0
734,506.55,785.3,41319.85,845.55,60.25,0.1486,2.8279,0.0,-785.3,0.0,6.8165,0.0,-785.3,0.0,6.8165,1.0,0.0,0.0,0.0,0.0
735,506.89,797.8,41162.1,849.15,51.35,0.1272,2.8955,0.0,-797.8,0.0,6.8165,0.0,-797.8,0.0,6.8165,1.0,0.0,0.0,0.0,0.0
736,507.23,793.9,41159.25,861.8,67.9,0.1682,2.7741,0.0,-793.9,0.0,6.8165,0.0,-793.9,0.0,6.8165,1.0,0.0,0.0,0.0,0.0
737,507.57,793.45,41226.05,845.05,51.6,0.1276,2.8941,0.0,-793.45,0.0,6.8165,0.0,-793.45,0.0,6.8165,1.0,0.0,0.0,0.0,0.0
738,507.91,792.55,41792.0,842.65,50.1,0.1222,2.9129,0.0,-792.55,0.0,6.8165,0.0,-792.55,0.0,6.8165,1.0,0.0,0.0,0.0,0.0
739,508.25,794.15,41894.6,839.55,45.4,0.1105,2.9568,0.0,-794.15,0.0,6.8165,0.0,-794.15,0.0,6.8165,1.0,0.0,0.0,0.0,0.0
740,508.59,801.85,41549.25,842.4,40.55,0.0995,3.0021,0.0,-801.85,0.0,6.8165,0.0,-801.85,0.0,6.8165,1.0,0.0,0.0,0.0,0.0
741,508.93,797.1,41724.7,846.7,49.6,0.1212,2.9165,0.0,-797.1,0.0,6.8165,0.0,-797.1,0.0,6.8165,1.0,0.0,0.0,0.0,0.0
742,509.27,800.05,41872.3,836.2,36.15,0.088,3.0554,0.0,-800.05,0.0,6.8165,0.0,-800.05,0.0,6.8165,1.0,0.0,0.0,0.0,0.0
743,509.61,792.35,42043.95,851.95,59.6,0.1445,2.8402,0.0,-792.35,0.0,6.8165,0.0,-792.35,0.0,6.8165,1.0,0.0,0.0,0.0,0.0
744,509.95,790.95,42342.95,861.2,70.25,0.1691,2.7719,0.0,-790.95,0.0,6.8165,0.0,-790.95,0.0,6.8165,1.0,0.0,0.0,0.0,0.0
745,510.29,800.2,42087.45,854.95,54.75,0.1326,2.8774,0.0,-800.2,0.0,6.8165,0.0,-800.2,0.0,6.8165,1.0,0.0,0.0,0.0,0.0
746,510.63,797.15,42136.2,845.55,48.4,0.1171,2.9315,0.0,-797.15,0.0,6.8165,0.0,-797.15,0.0,6.8165,1.0,0.0,0.0,0.0,0.0
747,510.97,783.75,42238.8,861.25,77.5,0.1869,2.7283,0.0,-783.75,0.0,6.8165,0.0,-783.75,0.0,6.8165,1.0,0.0,0.0,0.0,0.0
748,511.31,785.85,42408.7,837.3,51.45,0.1236,2.9079,0.0,-785.85,0.0,6.8165,0.0,-785.85,0.0,6.8165,1.0,0.0,0.0,0.0,0.0
749,511.65,800.35,42797.85,842.9,42.55,0.1013,2.9943,0.0,-800.35,0.0,6.8165,0.0,-800.35,0.0,6.8165,1.0,0.0,0.0,0.0,0.0
750,511.98,789.15,42775.45,828.25,39.1,0.0931,3.0309,0.0,-789.15,0.0,6.8165,0.0,-789.15,0.0,6.8165,1.0,0.0,0.0,0.0,0.0
751,512.32,784.85,42722.25,852.15,67.3,0.1605,2.7946,0.0,-784.85,0.0,6.8165,0.0,-784.85,0.0,6.8165,1.0,0.0,0.0,0.0,0.0
752,512.66,782.5,42799.2,840.1,57.6,0.1371,2.863,0.0,-782.5,0.0,6.8165,0.0,-782.5,0.0,6.8165,1.0,0.0,0.0,0.0,0.0
753,513.0,804.2,42959.9,857.75,53.55,0.127,2.8961,0.0,-804.2,0.0,6.8165,0.0,-804.2,0.0,6.8165,1.0,0.0,0.0,0.0,0.0
754,513.34,796.5,43067.25,845.4,48.9,0.1157,2.9367,0.0,-796.5,0.0,6.8165,0.0,-796.5,0.0,6.8165,1.0,0.0,0.0,0.0,0.0
755,513.68,781.6,43307.15,853.05,71.45,0.168,2.7746,0.0,-781.6,0.0,6.8165,0.0,-781.6,0.0,6.8165,1.0,0.0,0.0,0.0,0.0
756,514.02,777.85,44057.35,841.25,63.4,0.1465,2.8342,0.0,-777.85,0.0,6.8165,0.0,-777.85,0.0,6.8165,1.0,0.0,0.0,0.0,0.0
757,514.36,781.4,43919.65,846.1,64.7,0.15,2.824,0.0,-781.4,0.0,6.8165,0.0,-781.4,0.0,6.8165,1.0,0.0,0.0,0.0,0.0
758,514.69,786.55,43819.05,854.05,67.5,0.1569,2.8045,0.0,-786.55,0.0,6.8165,0.0,-786.55,0.0,6.8165,1.0,0.0,0.0,0.0,0.0
759,515.03,781.8,44240.85,845.75,63.95,0.1472,2.8322,0.0,-781.8,0.0,6.8165,0.0,-781.8,0.0,6.8165,1.0,0.0,0.0,0.0,0.0
760,515.37,795.85,44196.4,833.8,37.95,0.0874,3.0583,0.0,-795.85,0.0,6.8165,0.0,-795.85,0.0,6.8165,1.0,0.0,0.0,0.0,0.0
761,515.71,788.15,44117.05,843.05,54.9,0.1267,2.8972,0.0,-788.15,0.0,6.8165,0.0,-788.15,0.0,6.8165,1.0,0.0,0.0,0.0,0.0
762,516.05,797.45,44065.5,852.6,55.15,0.1275,2.8946,0.0,-797.45,0.0,6.8165,0.0,-797.45,0.0,6.8165,1.0,0.0,0.0,0.0,0.0
763,516.38,795.85,44232.8,841.2,45.35,0.1044,2.9813,0.0,-795.85,0.0,6.8165,0.0,-795.85,0.0,6.8165,1.0,0.0,0.0,0.0,0.0
764,516.72,798.55,44668.25,838.85,40.3,0.0919,3.0369,0.0,-798.55,0.0,6.8165,0.0,-798.55,0.0,6.8165,1.0,0.0,0.0,0.0,0.0
765,517.06,798.9,44487.3,837.05,38.15,0.0873,3.0589,0.0,-798.9,0.0,6.8165,0.0,-798.9,0.0,6.8165,1.0,0.0,0.0,0.0,0.0
766,517.4,794.15,44553.15,818.35,24.2,0.0553,3.2573,0.0,-794.15,0.0,6.8165,0.0,-794.15,0.0,6.8165,1.0,0.0,0.0,0.0,0.0
767,517.73,789.45,44704.65,835.25,45.8,0.1043,2.9817,0.0,-789.45,0.0,6.8165,0.0,-789.45,0.0,6.8165,1.0,0.0,0.0,0.0,0.0
768,518.07,766.8,45014.0,846.35,79.55,0.1798,2.7452,0.0,-766.8,0.0,6.8165,0.0,-766.8,0.0,6.8165,1.0,0.0,0.0,0.0,0.0
769,518.41,787.5,45795.0,837.1,49.6,0.1102,2.9578,0.0,-787.5,0.0,6.8165,0.0,-787.5,0.0,6.8165,1.0,0.0,0.0,0.0,0.0
770,518.75,790.8,45548.65,836.85,46.05,0.1029,2.9876,0.0,-790.8,0.0,6.8165,0.0,-790.8,0.0,6.8165,1.0,0.0,0.0,0.0,0.0
771,519.08,800.1,45354.15,842.45,42.35,0.0951,3.022,0.0,-800.1,0.0,6.8165,0.0,-800.1,0.0,6.8165,1.0,0.0,0.0,0.0,0.0
772,519.42,802.0,45166.3,832.6,30.6,0.069,3.1613,0.0,-802.0,0.0,6.8165,0.0,-802.0,0.0,6.8165,1.0,0.0,0.0,0.0,0.0
773,519.76,795.45,45309.0,847.5,52.05,0.1169,2.9321,0.0,-795.45,0.0,6.8165,0.0,-795.45,0.0,6.8165,1.0,0.0,0.0,0.0,0.0
774,520.09,795.75,45918.55,854.55,58.8,0.1303,2.885,0.0,-795.75,0.0,6.8165,0.0,-795.75,0.0,6.8165,1.0,0.0,0.0,0.0,0.0
775,520.43,789.75,45882.7,835.55,45.8,0.1016,2.9932,0.0,-789.75,0.0,6.8165,0.0,-789.75,0.0,6.8165,1.0,0.0,0.0,0.0,0.0
776,520.77,800.0,45298.45,835.85,35.85,0.0806,3.0939,0.0,-800.0,0.0,6.8165,0.0,-800.0,0.0,6.8165,1.0,0.0,0.0,0.0,0.0
777,521.1,798.7,45274.65,854.7,56.0,0.1259,2.8999,0.0,-798.7,0.0,6.8165,0.0,-798.7,0.0,6.8165,1.0,0.0,0.0,0.0,0.0
778,521.44,792.4,45261.65,841.4,49.0,0.1102,2.9579,0.0,-792.4,0.0,6.8165,0.0,-792.4,0.0,6.8165,1.0,0.0,0.0,0.0,0.0
779,521.78,797.05,46065.75,856.6,59.55,0.1315,2.8809,0.0,-797.05,0.0,6.8165,0.0,-797.05,0.0,6.8165,1.0,0.0,0.0,0.0,0.0
780,522.11,785.3,46254.15,838.7,53.4,0.1174,2.9302,0.0,-785.3,0.0,6.8165,0.0,-785.3,0.0,6.8165,1.0,0.0,0.0,0.0,0.0
781,522.45,794.7,45904.4,849.15,54.45,0.1207,2.9183,0.0,-794.7,0.0,6.8165,0.0,-794.7,0.0,6.8165,1.0,0.0,0.0,0.0,0.0
782,522.78,796.05,45425.05,829.9,33.85,0.0758,3.1201,0.0,-796.05,0.0,6.8165,0.0,-796.05,0.0,6.8165,1.0,0.0,0.0,0.0,0.0
783,523.12,794.35,46062.35,832.5,38.15,0.0843,3.0743,0.0,-794.35,0.0,6.8165,0.0,-794.35,0.0,6.8165,1.0,0.0,0.0,0.0,0.0
784,523.46,790.9,46251.85,852.6,61.7,0.1357,2.8674,0.0,-790.9,0.0,6.8165,0.0,-790.9,0.0,6.8165,1.0,0.0,0.0,0.0,0.0
785,523.79,805.0,46224.95,831.1,26.1,0.0575,3.2406,0.0,-805.0,0.0,6.8165,0.0,-805.0,0.0,6.8165,1.0,0.0,0.0,0.0,0.0
786,524.13,789.05,46160.15,848.85,59.8,0.1318,2.8801,0.0,-789.05,0.0,6.8165,0.0,-789.05,0.0,6.8165,1.0,0.0,0.0,0.0,0.0
787,524.46,781.4,46070.8,843.55,62.15,0.1372,2.8626,0.0,-781.4,0.0,6.8165,0.0,-781.4,0.0,6.8165,1.0,0.0,0.0,0.0,0.0
788,524.8,796.55,46605.05,839.9,43.35,0.0946,3.024,0.0,-796.55,0.0,6.8165,0.0,-796.55,0.0,6.8165,1.0,0.0,0.0,0.0,0.0
789,525.13,798.45,46135.0,837.65,39.2,0.0865,3.0632,0.0,-798.45,0.0,6.8165,0.0,-798.45,0.0,6.8165,1.0,0.0,0.0,0.0,0.0
790,525.47,783.05,46030.25,853.5,70.45,0.1557,2.8077,0.0,-783.05,0.0,6.8165,0.0,-783.05,0.0,6.8165,1.0,0.0,0.0,0.0,0.0
791,525.8,790.3,46183.05,844.9,54.6,0.1203,2.9198,0.0,-790.3,0.0,6.8165,0.0,-790.3,0.0,6.8165,1.0,0.0,0.0,0.0,0.0
792,526.14,781.85,46467.75,836.8,54.95,0.1203,2.9198,0.0,-781.85,0.0,6.8165,0.0,-781.85,0.0,6.8165,1.0,0.0,0.0,0.0,0.0
793,526.47,800.95,46607.15,844.5,43.55,0.0951,3.0219,0.0,-800.95,0.0,6.8165,0.0,-800.95,0.0,6.8165,1.0,0.0,0.0,0.0,0.0
794,526.81,791.05,46468.1,833.5,42.45,0.0929,3.0318,0.0,-791.05,0.0,6.8165,0.0,-791.05,0.0,6.8165,1.0,0.0,0.0,0.0,0.0
795,527.14,801.3,46346.55,840.2,38.9,0.0854,3.0685,0.0,-801.3,0.0,6.8165,0.0,-801.3,0.0,6.8165,1.0,0.0,0.0,0.0,0.0
796,527.48,778.4,46526.55,833.6,55.2,0.1207,2.9184,0.0,-778.4,0.0,6.8165,0.0,-778.4,0.0,6.8165,1.0,0.0,0.0,0.0,0.0
797,527.81,796.15,46747.55,848.55,52.4,0.114,2.943,0.0,-796.15,0.0,6.8165,0.0,-796.15,0.0,6.8165,1.0,0.0,0.0,0.0,0.0
798,528.15,784.3,46554.8,846.3,62.0,0.1355,2.8682,0.0,-784.3,0.0,6.8165,0.0,-784.3,0.0,6.8165,1.0,0.0,0.0,0.0,0.0
799,528.48,789.2,46507.1,847.95,58.75,0.1285,2.8911,0.0,-789.2,0.0,6.8165,0.0,-789.2,0.0,6.8165,1.0,0.0,0.0,0.0,0.0
800,528.82,786.75,46850.9,830.55,43.8,0.0951,3.0219,0.0,-786.75,0.0,6.8165,0.0,-786.75,0.0,6.8165,1.0,0.0,0.0,0.0,0.0
801,529.15,799.9,47188.8,834.9,35.0,0.0754,3.1223,0.0,-799.9,0.0,6.8165,0.0,-799.9,0.0,6.8165,1.0,0.0,0.0,0.0,0.0
802,529.49,798.5,47535.0,833.8,35.3,0.0755,3.1219,0.0,-798.5,0.0,6.8165,0.0,-798.5,0.0,6.8165,1.0,0.0,0.0,0.0,0.0
803,529.82,794.1,47483.8,846.55,52.45,0.1123,2.9495,0.0,-794.1,0.0,6.8165,0.0,-794.1,0.0,6.8165,1.0,0.0,0.0,0.0,0.0
804,530.15,790.55,47138.75,841.45,50.9,0.1098,2.9593,0.0,-790.55,0.0,6.8165,0.0,-790.55,0.0,6.8165,1.0,0.0,0.0,0.0,0.0
805,530.49,803.55,46565.75,835.6,32.05,0.07,3.1547,0.0,-803.55,0.0,6.8165,0.0,-803.55,0.0,6.8165,1.0,0.0,0.0,0.0,0.0
806,530.82,807.15,47339.9,830.2,23.05,0.0495,3.3051,0.0,-807.15,0.0,6.8165,0.0,-807.15,0.0,6.8165,1.0,0.0,0.0,0.0,0.0
807,531.16,799.7,47334.75,843.0,43.3,0.093,3.0313,0.0,-799.7,0.0,6.8165,0.0,-799.7,0.0,6.8165,1.0,0.0,0.0,0.0,0.0
808,531.49,786.95,47373.8,842.45,55.5,0.1191,2.924,0.0,-786.95,0.0,6.8165,0.0,-786.95,0.0,6.8165,1.0,0.0,0.0,0.0,0.0
809,531.82,787.3,47328.95,849.85,62.55,0.1344,2.8716,0.0,-787.3,0.0,6.8165,0.0,-787.3,0.0,6.8165,1.0,0.0,0.0,0.0,0.0
810,532.16,802.5,46600.05,836.9,34.4,0.0751,3.1243,0.0,-802.5,0.0,6.8165,0.0,-802.5,0.0,6.8165,1.0,0.0,0.0,0.0,0.0
811,532.49,782.4,46661.6,845.2,62.8,0.1369,2.8637,0.0,-782.4,0.0,6.8165,0.0,-782.4,0.0,6.8165,1.0,0.0,0.0,0.0,0.0
812,532.82,799.05,47138.7,832.4,33.35,0.072,3.1429,0.0,-799.05,0.0,6.8165,0.0,-799.05,0.0,6.8165,1.0,0.0,0.0,0.0,0.0
813,533.16,805.95,47147.35,845.55,39.6,0.0855,3.0683,0.0,-805.95,0.0,6.8165,0.0,-805.95,0.0,6.8165,1.0,0.0,0.0,0.0,0.0
814,533.49,782.15,46677.75,849.0,66.85,0.1457,2.8367,0.0,-782.15,0.0,6.8165,0.0,-782.15,0.0,6.8165,1.0,0.0,0.0,0.0,0.0
815,533.82,781.25,46554.5,853.5,72.25,0.1578,2.8018,0.0,-781.25,0.0,6.8165,0.0,-781.25,0.0,6.8165,1.0,0.0,0.0,0.0,0.0
816,534.15,778.95,46555.6,856.25,77.3,0.1689,2.7725,0.0,-778.95,0.0,6.8165,0.0,-778.95,0.0,6.8165,1.0,0.0,0.0,0.0,0.0
817,534.49,787.1,46614.8,846.7,59.6,0.1301,2.8859,0.0,-787.1,0.0,6.8165,0.0,-787.1,0.0,6.8165,1.0,0.0,0.0,0.0,0.0
818,534.82,787.25,46651.95,836.8,49.55,0.108,2.9664,0.0,-787.25,0.0,6.8165,0.0,-787.25,0.0,6.8165,1.0,0.0,0.0,0.0,0.0
819,535.15,796.45,46826.5,844.95,48.5,0.1054,2.9773,0.0,-796.45,0.0,6.8165,0.0,-796.45,0.0,6.8165,1.0,0.0,0.0,0.0,0.0
820,535.48,789.85,46727.65,833.95,44.1,0.096,3.0177,0.0,-789.85,0.0,6.8165,0.0,-789.85,0.0,6.8165,1.0,0.0,0.0,0.0,0.0
821,535.82,788.9,46276.5,849.2,60.3,0.1326,2.8776,0.0,-788.9,0.0,6.8165,0.0,-788.9,0.0,6.8165,1.0,0.0,0.0,0.0,0.0
822,536.15,795.25,46205.25,844.1,48.85,0.1076,2.9683,0.0,-795.25,0.0,6.8165,0.0,-795.25,0.0,6.8165,1.0,0.0,0.0,0.0,0.0
823,536.48,787.05,46571.0,841.4,54.35,0.1187,2.9255,0.0,-787.05,0.0,6.8165,0.0,-787.05,0.0,6.8165,1.0,0.0,0.0,0.0,0.0
824,536.81,789.4,46693.25,843.05,53.65,0.1169,2.9323,0.0,-789.4,0.0,6.8165,0.0,-789.4,0.0,6.8165,1.0,0.0,0.0,0.0,0.0
825,537.15,796.75,46503.35,845.8,49.05,0.1073,2.9693,0.0,-796.75,0.0,6.8165,0.0,-796.75,0.0,6.8165,1.0,0.0,0.0,0.0,0.0
826,537.48,798.8,46714.95,861.75,62.95,0.1371,2.863,0.0,-798.8,0.0,6.8165,0.0,-798.8,0.0,6.8165,1.0,0.0,0.0,0.0,0.0
827,537.81,791.9,46366.35,845.4,53.5,0.1174,2.9304,0.0,-791.9,0.0,6.8165,0.0,-791.9,0.0,6.8165,1.0,0.0,0.0,0.0,0.0
828,538.14,790.35,46135.5,845.15,54.8,0.1209,2.9178,0.0,-790.35,0.0,6.8165,0.0,-790.35,0.0,6.8165,1.0,0.0,0.0,0.0,0.0
829,538.47,795.4,46586.65,845.05,49.65,0.1084,2.9649,0.0,-795.4,0.0,6.8165,0.0,-795.4,0.0,6.8165,1.0,0.0,0.0,0.0,0.0
830,538.8,805.25,47075.1,841.45,36.2,0.0782,3.1066,0.0,-805.25,0.0,6.8165,0.0,-805.25,0.0,6.8165,1.0,0.0,0.0,0.0,0.0
831,539.14,803.1,47006.75,841.85,38.75,0.0839,3.0764,0.0,-803.1,0.0,6.8165,0.0,-803.1,0.0,6.8165,1.0,0.0,0.0,0.0,0.0
832,539.47,786.0,46730.25,844.9,58.9,0.1282,2.8921,0.0,-786.0,0.0,6.8165,0.0,-786.0,0.0,6.8165,1.0,0.0,0.0,0.0,0.0
833,539.8,802.65,46583.8,847.05,44.4,0.097,3.0133,0.0,-802.65,0.0,6.8165,0.0,-802.65,0.0,6.8165,1.0,0.0,0.0,0.0,0.0
834,540.13,782.8,46886.05,845.65,62.85,0.1363,2.8654,0.0,-782.8,0.0,6.8165,0.0,-782.8,0.0,6.8165,1.0,0.0,0.0,0.0,0.0
835,540.46,796.85,47390.1,829.85,33.0,0.0708,3.1498,0.0,-796.85,0.0,6.8165,0.0,-796.85,0.0,6.8165,1.0,0.0,0.0,0.0,0.0
836,540.79,792.8,47629.45,837.7,44.9,0.0959,3.0183,0.0,-792.8,0.0,6.8165,0.0,-792.8,0.0,6.8165,1.0,0.0,0.0,0.0,0.0
837,541.12,782.35,47245.0,834.95,52.6,0.1132,2.9461,0.0,-782.35,0.0,6.8165,0.0,-782.35,0.0,6.8165,1.0,0.0,0.0,0.0,0.0
838,541.45,799.35,47411.8,842.0,42.65,0.0915,3.0386,0.0,-799.35,0.0,6.8165,0.0,-799.35,0.0,6.8165,1.0,0.0,0.0,0.0,0.0
839,541.78,782.25,47832.0,853.65,71.4,0.1518,2.8189,0.0,-782.25,0.0,6.8165,0.0,-782.25,0.0,6.8165,1.0,0.0,0.0,0.0,0.0
840,542.11,796.15,47582.8,838.75,42.6,0.0911,3.0407,0.0,-796.15,0.0,6.8165,0.0,-796.15,0.0,6.8165,1.0,0.0,0.0,0.0,0.0
841,542.44,798.65,47742.3,818.5,19.85,0.0423,3.3738,0.0,-798.65,0.0,6.8165,0.0,-798.65,0.0,6.8165,1.0,0.0,0.0,0.0,0.0
842,542.78,787.05,48267.45,855.8,68.75,0.1448,2.8392,0.0,-787.05,0.0,6.8165,0.0,-787.05,0.0,6.8165,1.0,0.0,0.0,0.0,0.0
843,543.11,796.95,48388.35,855.2,58.25,0.1224,2.9122,0.0,-796.95,0.0,6.8165,0.0,-796.95,0.0,6.8165,1.0,0.0,0.0,0.0,0.0
844,543.44,790.95,48473.35,841.0,50.05,0.105,2.979,0.0,-790.95,0.0,6.8165,0.0,-790.95,0.0,6.8165,1.0,0.0,0.0,0.0,0.0
845,543.77,782.65,48288.45,852.45,69.8,0.1469,2.8329,0.0,-782.65,0.0,6.8165,0.0,-782.65,0.0,6.8165,1.0,0.0,0.0,0.0,0.0
846,544.1,789.65,48346.15,853.35,63.7,0.1339,2.8731,0.0,-789.65,0.0,6.8165,0.0,-789.65,0.0,6.8165,1.0,0.0,0.0,0.0,0.0
847,544.43,805.1,48427.15,845.35,40.25,0.0845,3.073,0.0,-805.1,0.0,6.8165,0.0,-805.1,0.0,6.8165,1.0,0.0,0.0,0.0,0.0
848,544.76,804.35,48345.55,848.85,44.5,0.0936,3.0287,0.0,-804.35,0.0,6.8165,0.0,-804.35,0.0,6.8165,1.0,0.0,0.0,0.0,0.0
849,545.09,788.45,49017.4,863.1,74.65,0.1548,2.8103,0.0,-788.45,0.0,6.8165,0.0,-788.45,0.0,6.8165,1.0,0.0,0.0,0.0,0.0
850,545.42,797.8,49458.1,839.3,41.5,0.0853,3.0691,0.0,-797.8,0.0,6.8165,0.0,-797.8,0.0,6.8165,1.0,0.0,0.0,0.0,0.0
851,545.74,779.85,49198.25,846.5,66.65,0.1377,2.8612,0.0,-779.85,0.0,6.8165,0.0,-779.85,0.0,6.8165,1.0,0.0,0.0,0.0,0.0
852,546.07,788.4,48772.4,841.7,53.3,0.1111,2.9544,0.0,-788.4,0.0,6.8165,0.0,-788.4,0.0,6.8165,1.0,0.0,0.0,0.0,0.0
853,546.4,804.95,49074.7,831.5,26.55,0.055,3.2596,0.0,-804.95,0.0,6.8165,0.0,-804.95,0.0,6.8165,1.0,0.0,0.0,0.0,0.0
854,546.73,807.05,49339.35,852.95,45.9,0.0946,3.0242,0.0,-807.05,0.0,6.8165,0.0,-807.05,0.0,6.8165,1.0,0.0,0.0,0.0,0.0
855,547.06,787.65,49745.3,852.0,64.35,0.1314,2.8813,0.0,-787.65,0.0,6.8165,0.0,-787.65,0.0,6.8165,1.0,0.0,0.0,0.0,0.0
856,547.39,804.4,50258.65,843.8,39.4,0.0797,3.0987,0.0,-804.4,0.0,6.8165,0.0,-804.4,0.0,6.8165,1.0,0.0,0.0,0.0,0.0
857,547.72,795.5,50034.85,844.25,48.75,0.099,3.0043,0.0,-795.5,0.0,6.8165,0.0,-795.5,0.0,6.8165,1.0,0.0,0.0,0.0,0.0
858,548.05,783.95,49956.2,819.35,35.4,0.072,3.1427,0.0,-783.95,0.0,6.8165,0.0,-783.95,0.0,6.8165,1.0,0.0,0.0,0.0,0.0
859,548.38,788.2,49978.5,838.05,49.85,0.1013,2.9942,0.0,-788.2,0.0,6.8165,0.0,-788.2,0.0,6.8165,1.0,0.0,0.0,0.0,0.0
860,548.71,796.55,50536.25,832.0,35.45,0.0713,3.1471,0.0,-796.55,0.0,6.8165,0.0,-796.55,0.0,6.8165,1.0,0.0,0.0,0.0,0.0
861,549.03,800.2,51088.5,851.9,51.7,0.1028,2.988,0.0,-800.2,0.0,6.8165,0.0,-800.2,0.0,6.8165,1.0,0.0,0.0,0.0,0.0
862,549.36,783.8,50751.1,844.25,60.45,0.121,2.9173,0.0,-783.8,0.0,6.8165,0.0,-783.8,0.0,6.8165,1.0,0.0,0.0,0.0,0.0
863,549.69,800.55,51554.2,832.8,32.25,0.0635,3.1969,0.0,-800.55,0.0,6.8165,0.0,-800.55,0.0,6.8165,1.0,0.0,0.0,0.0,0.0
864,550.02,792.55,51175.15,845.05,52.5,0.1042,2.9821,0.0,-792.55,0.0,6.8165,0.0,-792.55,0.0,6.8165,1.0,0.0,0.0,0.0,0.0
865,550.35,801.45,51354.55,834.85,33.4,0.0661,3.18,0.0,-801.45,0.0,6.8165,0.0,-801.45,0.0,6.8165,1.0,0.0,0.0,0.0,0.0
866,550.68,800.6,51990.15,843.15,42.55,0.0831,3.0803,0.0,-800.6,0.0,6.8165,0.0,-800.6,0.0,6.8165,1.0,0.0,0.0,0.0,0.0
867,551.0,810.5,52178.45,840.0,29.5,0.0574,3.2409,0.0,-810.5,0.0,6.8165,0.0,-810.5,0.0,6.8165,1.0,0.0,0.0,0.0,0.0
868,551.33,789.2,52125.05,850.45,61.25,0.1193,2.9233,0.0,-789.2,0.0,6.8165,0.0,-789.2,0.0,6.8165,1.0,0.0,0.0,0.0,0.0
869,551.66,798.65,52423.75,850.9,52.25,0.1012,2.9948,0.0,-798.65,0.0,6.8165,0.0,-798.65,0.0,6.8165,1.0,0.0,0.0,0.0,0.0
870,551.99,808.0,52089.55,836.05,28.05,0.0547,3.262,0.0,-808.0,0.0,6.8165,0.0,-808.0,0.0,6.8165,1.0,0.0,0.0,0.0,0.0
871,552.32,800.5,52001.75,845.6,45.1,0.0881,3.0551,0.0,-800.5,0.0,6.8165,0.0,-800.5,0.0,6.8165,1.0,0.0,0.0,0.0,0.0
872,552.64,795.05,52175.6,840.0,44.95,0.0875,3.0581,0.0,-795.05,0.0,6.8165,0.0,-795.05,0.0,6.8165,1.0,0.0,0.0,0.0,0.0
873,552.97,789.75,52258.8,847.25,57.5,0.1117,2.9519,0.0,-789.75,0.0,6.8165,0.0,-789.75,0.0,6.8165,1.0,0.0,0.0,0.0,0.0
874,553.3,785.4,52403.45,851.1,65.7,0.1273,2.8952,0.0,-785.4,0.0,6.8165,0.0,-785.4,0.0,6.8165,1.0,0.0,0.0,0.0,0.0
875,553.63,792.75,53237.65,837.7,44.95,0.0857,3.067,0.0,-792.75,0.0,6.8165,0.0,-792.75,0.0,6.8165,1.0,0.0,0.0,0.0,0.0
876,553.95,788.1,53489.05,828.0,39.9,0.0757,3.1208,0.0,-788.1,0.0,6.8165,0.0,-788.1,0.0,6.8165,1.0,0.0,0.0,0.0,0.0
877,554.28,801.55,53553.15,838.9,37.35,0.0708,3.1499,0.0,-801.55,0.0,6.8165,0.0,-801.55,0.0,6.8165,1.0,0.0,0.0,0.0,0.0
878,554.61,791.45,53303.85,848.65,57.2,0.1089,2.9629,0.0,-791.45,0.0,6.8165,0.0,-791.45,0.0,6.8165,1.0,0.0,0.0,0.0,0.0
879,554.93,790.9,53276.55,838.5,47.6,0.0907,3.0424,0.0,-790.9,0.0,6.8165,0.0,-790.9,0.0,6.8165,1.0,0.0,0.0,0.0,0.0
880,555.26,783.1,54024.2,851.5,68.4,0.1285,2.8912,0.0,-783.1,0.0,6.8165,0.0,-783.1,0.0,6.8165,1.0,0.0,0.0,0.0,0.0
881,555.59,788.55,54578.6,856.2,67.65,0.1258,2.9004,0.0,-788.55,0.0,6.8165,0.0,-788.55,0.0,6.8165,1.0,0.0,0.0,0.0,0.0
882,555.91,793.4,54601.7,846.25,52.85,0.0982,3.0078,0.0,-793.4,0.0,6.8165,0.0,-793.4,0.0,6.8165,1.0,0.0,0.0,0.0,0.0
883,556.24,789.9,54683.4,837.3,47.4,0.088,3.0558,0.0,-789.9,0.0,6.8165,0.0,-789.9,0.0,6.8165,1.0,0.0,0.0,0.0,0.0
884,556.57,787.4,54264.85,846.15,58.75,0.1099,2.9592,0.0,-787.4,0.0,6.8165,0.0,-787.4,0.0,6.8165,1.0,0.0,0.0,0.0,0.0
885,556.89,794.7,53907.4,835.95,41.25,0.0777,3.1098,0.0,-794.7,0.0,6.8165,0.0,-794.7,0.0,6.8165,1.0,0.0,0.0,0.0,0.0
886,557.22,787.0,54053.5,855.3,68.3,0.1282,2.892,0.0,-787.0,0.0,6.8165,0.0,-787.0,0.0,6.8165,1.0,0.0,0.0,0.0,0.0
887,557.55,770.9,54387.55,845.1,74.2,0.1384,2.8589,0.0,-770.9,0.0,6.8165,0.0,-770.9,0.0,6.8165,1.0,0.0,0.0,0.0,0.0
888,557.87,796.35,54402.4,843.2,46.85,0.0874,3.0585,0.0,-796.35,0.0,6.8165,0.0,-796.35,0.0,6.8165,1.0,0.0,0.0,0.0,0.0
889,558.2,798.45,54233.15,843.05,44.6,0.0835,3.0785,0.0,-798.45,0.0,6.8165,0.0,-798.45,0.0,6.8165,1.0,0.0,0.0,0.0,0.0
890,558.52,792.5,54466.8,845.5,53.0,0.0987,3.0055,0.0,-792.5,0.0,6.8165,0.0,-792.5,0.0,6.8165,1.0,0.0,0.0,0.0,0.0
891,558.85,794.0,54754.2,843.75,49.75,0.0922,3.0353,0.0,-794.0,0.0,6.8165,0.0,-794.0,0.0,6.8165,1.0,0.0,0.0,0.0,0.0
892,559.17,800.15,54793.8,835.6,35.45,0.0657,3.1827,0.0,-800.15,0.0,6.8165,0.0,-800.15,0.0,6.8165,1.0,0.0,0.0,0.0,0.0
893,559.5,785.9,55618.85,845.45,59.55,0.1086,2.9642,0.0,-785.9,0.0,6.8165,0.0,-785.9,0.0,6.8165,1.0,0.0,0.0,0.0,0.0
894,559.83,797.2,55592.7,841.9,44.7,0.0816,3.0884,0.0,-797.2,0.0,6.8165,0.0,-797.2,0.0,6.8165,1.0,0.0,0.0,0.0,0.0
895,560.15,810.2,55481.75,846.2,36.0,0.0658,3.1815,0.0,-810.2,0.0,6.8165,0.0,-810.2,0.0,6.8165,1.0,0.0,0.0,0.0,0.0
896,560.48,805.0,55570.65,847.85,42.85,0.0782,3.1066,0.0,-805.0,0.0,6.8165,0.0,-805.0,0.0,6.8165,1.0,0.0,0.0,0.0,0.0
897,560.8,803.75,54993.55,848.8,45.05,0.0831,3.0802,0.0,-803.75,0.0,6.8165,0.0,-803.75,0.0,6.8165,1.0,0.0,0.0,0.0,0.0
898,561.13,792.45,55543.15,845.15,52.7,0.0963,3.0166,0.0,-792.45,0.0,6.8165,0.0,-792.45,0.0,6.8165,1.0,0.0,0.0,0.0,0.0
899,561.45,780.5,55985.35,846.9,66.4,0.1203,2.9198,0.0,-780.5,0.0,6.8165,0.0,-780.5,0.0,6.8165,1.0,0.0,0.0,0.0,0.0
900,561.78,805.05,55936.4,847.8,42.75,0.0775,3.1105,0.0,-805.05,0.0,6.8165,0.0,-805.05,0.0,6.8165,1.0,0.0,0.0,0.0,0.0
901,562.1,793.3,55555.25,846.35,53.05,0.0969,3.0138,0.0,-793.3,0.0,6.8165,0.0,-793.3,0.0,6.8165,1.0,0.0,0.0,0.0,0.0
902,562.43,807.0,55983.15,842.7,35.7,0.0647,3.1891,0.0,-807.0,0.0,6.8165,0.0,-807.0,0.0,6.8165,1.0,0.0,0.0,0.0,0.0
903,562.75,795.1,55829.75,859.85,64.75,0.1177,2.9294,0.0,-795.1,0.0,6.8165,0.0,-795.1,0.0,6.8165,1.0,0.0,0.0,0.0,0.0
904,563.07,783.0,56206.0,842.85,59.85,0.108,2.9666,0.0,-783.0,0.0,6.8165,0.0,-783.0,0.0,6.8165,1.0,0.0,0.0,0.0,0.0
905,563.4,805.4,56160.75,862.55,57.15,0.1032,2.9861,0.0,-805.4,0.0,6.8165,0.0,-805.4,0.0,6.8165,1.0,0.0,0.0,0.0,0.0
906,563.72,794.6,55505.65,844.45,49.85,0.0911,3.0404,0.0,-794.6,0.0,6.8165,0.0,-794.6,0.0,6.8165,1.0,0.0,0.0,0.0,0.0
907,564.05,789.45,55943.85,848.3,58.85,0.1067,2.9718,0.0,-789.45,0.0,6.8165,0.0,-789.45,0.0,6.8165,1.0,0.0,0.0,0.0,0.0
908,564.37,788.55,56468.75,844.1,55.55,0.0998,3.001,0.0,-788.55,0.0,6.8165,0.0,-788.55,0.0,6.8165,1.0,0.0,0.0,0.0,0.0
909,564.7,790.0,56340.7,840.9,50.9,0.0916,3.038,0.0,-790.0,0.0,6.8165,0.0,-790.0,0.0,6.8165,1.0,0.0,0.0,0.0,0.0
910,565.02,784.2,56549.35,852.45,68.25,0.1224,2.9123,0.0,-784.2,0.0,6.8165,0.0,-784.2,0.0,6.8165,1.0,0.0,0.0,0.0,0.0
911,565.34,793.2,56664.95,840.9,47.7,0.0854,3.0687,0.0,-793.2,0.0,6.8165,0.0,-793.2,0.0,6.8165,1.0,0.0,0.0,0.0,0.0
912,565.67,809.35,56754.9,845.35,36.0,0.0643,3.1915,0.0,-809.35,0.0,6.8165,0.0,-809.35,0.0,6.8165,1.0,0.0,0.0,0.0,0.0
913,565.99,786.7,56594.35,842.25,55.55,0.0995,3.002,0.0,-786.7,0.0,6.8165,0.0,-786.7,0.0,6.8165,1.0,0.0,0.0,0.0,0.0
914,566.31,800.7,56937.45,846.25,45.55,0.0811,3.0908,0.0,-800.7,0.0,6.8165,0.0,-800.7,0.0,6.8165,1.0,0.0,0.0,0.0,0.0
915,566.64,800.8,57017.5,847.75,46.95,0.0835,3.0782,0.0,-800.8,0.0,6.8165,0.0,-800.8,0.0,6.8165,1.0,0.0,0.0,0.0,0.0
916,566.96,805.7,57251.2,836.3,30.6,0.0542,3.2659,0.0,-805.7,0.0,6.8165,0.0,-805.7,0.0,6.8165,1.0,0.0,0.0,0.0,0.0
917,567.29,804.35,57439.35,843.35,39.0,0.0689,3.162,0.0,-804.35,0.0,6.8165,0.0,-804.35,0.0,6.8165,1.0,0.0,0.0,0.0,0.0
918,567.61,793.0,57104.3,845.05,52.05,0.0924,3.0342,0.0,-793.0,0.0,6.8165,0.0,-793.0,0.0,6.8165,1.0,0.0,0.0,0.0,0.0
919,567.93,796.4,56618.7,854.95,58.55,0.1049,2.9793,0.0,-796.4,0.0,6.8165,0.0,-796.4,0.0,6.8165,1.0,0.0,0.0,0.0,0.0
920,568.25,801.2,57399.85,849.45,48.25,0.0852,3.0693,0.0,-801.2,0.0,6.8165,0.0,-801.2,0.0,6.8165,1.0,0.0,0.0,0.0,0.0
921,568.58,786.0,57629.1,866.75,80.75,0.1421,2.8475,0.0,-786.0,0.0,6.8165,0.0,-786.0,0.0,6.8165,1.0,0.0,0.0,0.0,0.0
922,568.9,805.9,57272.65,850.25,44.35,0.0785,3.1049,0.0,-805.9,0.0,6.8165,0.0,-805.9,0.0,6.8165,1.0,0.0,0.0,0.0,0.0
923,569.22,788.05,57762.3,849.95,61.9,0.1086,2.964,0.0,-788.05,0.0,6.8165,0.0,-788.05,0.0,6.8165,1.0,0.0,0.0,0.0,0.0
924,569.55,801.6,57806.6,843.3,41.7,0.0732,3.1358,0.0,-801.6,0.0,6.8165,0.0,-801.6,0.0,6.8165,1.0,0.0,0.0,0.0,0.0
925,569.87,794.8,57489.85,839.2,44.4,0.0783,3.1062,0.0,-794.8,0.0,6.8165,0.0,-794.8,0.0,6.8165,1.0,0.0,0.0,0.0,0.0
926,570.19,788.9,57946.2,845.75,56.85,0.0995,3.0023,0.0,-788.9,0.0,6.8165,0.0,-788.9,0.0,6.8165,1.0,0.0,0.0,0.0,0.0
927,570.51,790.25,57904.6,844.55,54.3,0.0951,3.0219,0.0,-790.25,0.0,6.8165,0.0,-790.25,0.0,6.8165,1.0,0.0,0.0,0.0,0.0
928,570.83,797.65,57951.85,844.05,46.4,0.0812,3.0905,0.0,-797.65,0.0,6.8165,0.0,-797.65,0.0,6.8165,1.0,0.0,0.0,0.0,0.0
929,571.16,780.25,58062.6,846.0,65.75,0.1148,2.9401,0.0,-780.25,0.0,6.8165,0.0,-780.25,0.0,6.8165,1.0,0.0,0.0,0.0,0.0
930,571.48,797.55,57758.8,841.75,44.2,0.0776,3.1102,0.0,-797.55,0.0,6.8165,0.0,-797.55,0.0,6.8165,1.0,0.0,0.0,0.0,0.0
931,571.8,793.3,57310.75,853.95,60.65,0.1073,2.9694,0.0,-793.3,0.0,6.8165,0.0,-793.3,0.0,6.8165,1.0,0.0,0.0,0.0,0.0
932,572.12,798.1,58003.4,852.0,53.9,0.0942,3.0258,0.0,-798.1,0.0,6.8165,0.0,-798.1,0.0,6.8165,1.0,0.0,0.0,0.0,0.0
933,572.44,780.4,58009.35,852.4,72.0,0.1258,2.9003,0.0,-780.4,0.0,6.8165,0.0,-780.4,0.0,6.8165,1.0,0.0,0.0,0.0,0.0
934,572.77,779.15,58116.85,839.8,60.65,0.1058,2.9756,0.0,-779.15,0.0,6.8165,0.0,-779.15,0.0,6.8165,1.0,0.0,0.0,0.0,0.0
935,573.09,787.65,57989.75,847.15,59.5,0.104,2.9829,0.0,-787.65,0.0,6.8165,0.0,-787.65,0.0,6.8165,1.0,0.0,0.0,0.0,0.0
936,573.41,789.15,57936.9,848.8,59.65,0.1044,2.9814,0.0,-789.15,0.0,6.8165,0.0,-789.15,0.0,6.8165,1.0,0.0,0.0,0.0,0.0
937,573.73,796.55,57213.15,848.75,52.2,0.0925,3.0337,0.0,-796.55,0.0,6.8165,0.0,-796.55,0.0,6.8165,1.0,0.0,0.0,0.0,0.0
938,574.05,803.55,57253.75,854.9,51.35,0.091,3.0411,0.0,-803.55,0.0,6.8165,0.0,-803.55,0.0,6.8165,1.0,0.0,0.0,0.0,0.0
939,574.37,793.3,57488.8,846.95,53.65,0.0946,3.024,0.0,-793.3,0.0,6.8165,0.0,-793.3,0.0,6.8165,1.0,0.0,0.0,0.0,0.0
940,574.69,799.8,57361.95,850.9,51.1,0.0903,3.0441,0.0,-799.8,0.0,6.8165,0.0,-799.8,0.0,6.8165,1.0,0.0,0.0,0.0,0.0
941,575.02,798.25,57948.0,837.4,39.15,0.0685,3.1643,0.0,-798.25,0.0,6.8165,0.0,-798.25,0.0,6.8165,1.0,0.0,0.0,0.0,0.0
942,575.34,791.35,58003.75,847.45,56.1,0.0981,3.0085,0.0,-791.35,0.0,6.8165,0.0,-791.35,0.0,6.8165,1.0,0.0,0.0,0.0,0.0
943,575.66,794.6,57735.6,853.4,58.8,0.1033,2.986,0.0,-794.6,0.0,6.8165,0.0,-794.6,0.0,6.8165,1.0,0.0,0.0,0.0,0.0
944,575.98,802.95,58247.6,859.5,56.55,0.0984,3.0068,0.0,-802.95,0.0,6.8165,0.0,-802.95,0.0,6.8165,1.0,0.0,0.0,0.0,0.0
945,576.3,807.05,58163.4,855.5,48.45,0.0845,3.0733,0.0,-807.05,0.0,6.8165,0.0,-807.05,0.0,6.8165,1.0,0.0,0.0,0.0,0.0
946,576.62,799.8,57624.9,843.35,43.55,0.0766,3.1156,0.0,-799.8,0.0,6.8165,0.0,-799.8,0.0,6.8165,1.0,0.0,0.0,0.0,0.0
947,576.94,788.05,58025.9,850.3,62.25,0.1088,2.9635,0.0,-788.05,0.0,6.8165,0.0,-788.05,0.0,6.8165,1.0,0.0,0.0,0.0,0.0
948,577.26,790.85,58113.95,848.15,57.3,0.1,3.0002,0.0,-790.85,0.0,6.8165,0.0,-790.85,0.0,6.8165,1.0,0.0,0.0,0.0,0.0
949,577.58,785.3,57700.8,857.35,72.05,0.1266,2.8976,0.0,-785.3,0.0,6.8165,0.0,-785.3,0.0,6.8165,1.0,0.0,0.0,0.0,0.0
950,577.9,791.55,57361.55,837.2,45.65,0.0807,3.0931,0.0,-791.55,0.0,6.8165,0.0,-791.55,0.0,6.8165,1.0,0.0,0.0,0.0,0.0
951,578.22,780.8,57568.5,843.6,62.8,0.1106,2.9563,0.0,-780.8,0.0,6.8165,0.0,-780.8,0.0,6.8165,1.0,0.0,0.0,0.0,0.0
952,578.54,794.15,57198.6,844.65,50.5,0.0895,3.048,0.0,-794.15,0.0,6.8165,0.0,-794.15,0.0,6.8165,1.0,0.0,0.0,0.0,0.0
953,578.86,806.7,56484.05,844.25,37.55,0.0674,3.1711,0.0,-806.7,0.0,6.8165,0.0,-806.7,0.0,6.8165,1.0,0.0,0.0,0.0,0.0
954,579.18,799.0,56974.05,862.4,63.4,0.1129,2.9475,0.0,-799.0,0.0,6.8165,0.0,-799.0,0.0,6.8165,1.0,0.0,0.0,0.0,0.0
955,579.5,799.95,56736.6,858.55,58.6,0.1048,2.9798,0.0,-799.95,0.0,6.8165,0.0,-799.95,0.0,6.8165,1.0,0.0,0.0,0.0,0.0
956,579.82,797.2,56375.15,853.1,55.9,0.1006,2.9975,0.0,-797.2,0.0,6.8165,0.0,-797.2,0.0,6.8165,1.0,0.0,0.0,0.0,0.0
957,580.14,784.7,56166.45,860.2,75.5,0.1363,2.8654,0.0,-784.7,0.0,6.8165,0.0,-784.7,0.0,6.8165,1.0,0.0,0.0,0.0,0.0
958,580.46,792.95,55944.95,852.5,59.55,0.108,2.9667,0.0,-792.95,0.0,6.8165,0.0,-792.95,0.0,6.8165,1.0,0.0,0.0,0.0,0.0
959,580.78,798.35,56915.4,849.7,51.35,0.0915,3.0386,0.0,-798.35,0.0,6.8165,0.0,-798.35,0.0,6.8165,1.0,0.0,0.0,0.0,0.0
960,581.1,801.7,56297.15,855.35,53.65,0.0967,3.0147,0.0,-801.7,0.0,6.8165,0.0,-801.7,0.0,6.8165,1.0,0.0,0.0,0.0,0.0
961,581.42,787.45,56313.5,865.65,78.2,0.1408,2.8513,0.0,-787.45,0.0,6.8165,0.0,-787.45,0.0,6.8165,1.0,0.0,0.0,0.0,0.0
962,581.73,799.85,56198.45,854.0,54.15,0.0977,3.0099,0.0,-799.85,0.0,6.8165,0.0,-799.85,0.0,6.8165,1.0,0.0,0.0,0.0,0.0
963,582.05,777.65,55809.1,863.25,85.6,0.1555,2.8081,0.0,-777.65,0.0,6.8165,0.0,-777.65,0.0,6.8165,1.0,0.0,0.0,0.0,0.0
964,582.37,772.9,55846.4,839.05,66.15,0.1201,2.9204,0.0,-772.9,0.0,6.8165,0.0,-772.9,0.0,6.8165,1.0,0.0,0.0,0.0,0.0
965,582.69,779.8,55735.45,861.1,81.3,0.1479,2.8299,0.0,-779.8,0.0,6.8165,0.0,-779.8,0.0,6.8165,1.0,0.0,0.0,0.0,0.0
966,583.01,791.7,55932.3,861.65,69.95,0.1269,2.8967,0.0,-791.7,0.0,6.8165,0.0,-791.7,0.0,6.8165,1.0,0.0,0.0,0.0,0.0
967,583.33,786.75,55517.25,853.0,66.25,0.121,2.917,0.0,-786.75,0.0,6.8165,0.0,-786.75,0.0,6.8165,1.0,0.0,0.0,0.0,0.0
968,583.65,803.3,55569.65,867.0,63.7,0.1163,2.9344,0.0,-803.3,0.0,6.8165,0.0,-803.3,0.0,6.8165,1.0,0.0,0.0,0.0,0.0
969,583.96,787.25,55269.85,852.25,65.0,0.1193,2.9233,0.0,-787.25,0.0,6.8165,0.0,-787.25,0.0,6.8165,1.0,0.0,0.0,0.0,0.0
970,584.28,795.35,55304.25,851.0,55.65,0.1021,2.991,0.0,-795.35,0.0,6.8165,0.0,-795.35,0.0,6.8165,1.0,0.0,0.0,0.0,0.0
971,584.6,787.2,55733.2,865.45,78.25,0.1424,2.8465,0.0,-787.2,0.0,6.8165,0.0,-787.2,0.0,6.8165,1.0,0.0,0.0,0.0,0.0
972,584.92,797.15,55559.3,866.15,69.0,0.126,2.8996,0.0,-797.15,0.0,6.8165,0.0,-797.15,0.0,6.8165,1.0,0.0,0.0,0.0,0.0
973,585.24,794.6,55178.4,862.4,67.8,0.1247,2.9042,0.0,-794.6,0.0,6.8165,0.0,-794.6,0.0,6.8165,1.0,0.0,0.0,0.0,0.0
974,585.55,792.8,55190.9,851.75,58.95,0.1084,2.9651,0.0,-792.8,0.0,6.8165,0.0,-792.8,0.0,6.8165,1.0,0.0,0.0,0.0,0.0
975,585.87,793.1,55302.3,857.15,64.05,0.1175,2.93,0.0,-793.1,0.0,6.8165,0.0,-793.1,0.0,6.8165,1.0,0.0,0.0,0.0,0.0
976,586.19,794.7,55480.2,852.3,57.6,0.1053,2.9774,0.0,-794.7,0.0,6.8165,0.0,-794.7,0.0,6.8165,1.0,0.0,0.0,0.0,0.0
977,586.51,804.4,55600.35,847.0,42.6,0.0777,3.1093,0.0,-804.4,0.0,6.8165,0.0,-804.4,0.0,6.8165,1.0,0.0,0.0,0.0,0.0
978,586.83,803.7,55405.5,845.6,41.9,0.0767,3.115,0.0,-803.7,0.0,6.8165,0.0,-803.7,0.0,6.8165,1.0,0.0,0.0,0.0,0.0
979,587.14,794.1,54879.7,854.45,60.35,0.1116,2.9524,0.0,-794.1,0.0,6.8165,0.0,-794.1,0.0,6.8165,1.0,0.0,0.0,0.0,0.0
980,587.46,795.95,54660.6,854.85,58.9,0.1093,2.9612,0.0,-795.95,0.0,6.8165,0.0,-795.95,0.0,6.8165,1.0,0.0,0.0,0.0,0.0
981,587.78,799.45,54900.3,853.4,53.95,0.0997,3.0012,0.0,-799.45,0.0,6.8165,0.0,-799.45,0.0,6.8165,1.0,0.0,0.0,0.0,0.0
982,588.09,808.15,54721.05,834.45,26.3,0.0488,3.3117,0.0,-808.15,0.0,6.8165,0.0,-808.15,0.0,6.8165,1.0,0.0,0.0,0.0,0.0
983,588.41,784.15,54915.9,858.25,74.1,0.1369,2.8636,0.0,-784.15,0.0,6.8165,0.0,-784.15,0.0,6.8165,1.0,0.0,0.0,0.0,0.0
984,588.73,801.05,55126.5,873.25,72.2,0.1329,2.8765,0.0,-801.05,0.0,6.8165,0.0,-801.05,0.0,6.8165,1.0,0.0,0.0,0.0,0.0
985,589.04,792.6,54597.2,869.65,77.05,0.1432,2.844,0.0,-792.6,0.0,6.8165,0.0,-792.6,0.0,6.8165,1.0,0.0,0.0,0.0,0.0
986,589.36,804.5,55142.3,848.75,44.25,0.0814,3.0892,0.0,-804.5,0.0,6.8165,0.0,-804.5,0.0,6.8165,1.0,0.0,0.0,0.0,0.0
987,589.68,789.2,55527.4,862.35,73.15,0.1336,2.8741,0.0,-789.2,0.0,6.8165,0.0,-789.2,0.0,6.8165,1.0,0.0,0.0,0.0,0.0
988,589.99,799.3,55191.55,870.45,71.15,0.1308,2.8834,0.0,-799.3,0.0,6.8165,0.0,-799.3,0.0,6.8165,1.0,0.0,0.0,0.0,0.0
989,590.31,784.2,55509.0,866.2,82.0,0.1498,2.8244,0.0,-784.2,0.0,6.8165,0.0,-784.2,0.0,6.8165,1.0,0.0,0.0,0.0,0.0
990,590.63,797.75,55156.5,860.35,62.6,0.1152,2.9387,0.0,-797.75,0.0,6.8165,0.0,-797.75,0.0,6.8165,1.0,0.0,0.0,0.0,0.0
991,590.94,794.45,55600.25,845.45,51.0,0.0931,3.0313,0.0,-794.45,0.0,6.8165,0.0,-794.45,0.0,6.8165,1.0,0.0,0.0,0.0,0.0
992,591.26,778.65,55678.2,851.75,73.1,0.1332,2.8757,0.0,-778.65,0.0,6.8165,0.0,-778.65,0.0,6.8165,1.0,0.0,0.0,0.0,0.0
993,591.58,774.05,55465.15,844.2,70.15,0.1283,2.8919,0.0,-774.05,0.0,6.8165,0.0,-774.05,0.0,6.8165,1.0,0.0,0.0,0.0,0.0
994,591.89,782.95,54630.85,865.3,82.35,0.1529,2.8155,0.0,-782.95,0.0,6.8165,0.0,-782.95,0.0,6.8165,1.0,0.0,0.0,0.0,0.0
995,592.21,796.45,54397.75,864.95,68.5,0.1278,2.8935,0.0,-796.45,0.0,6.8165,0.0,-796.45,0.0,6.8165,1.0,0.0,0.0,0.0,0.0
996,592.52,803.2,55181.4,863.5,60.3,0.1109,2.9551,0.0,-803.2,0.0,6.8165,0.0,-803.2,0.0,6.8165,1.0,0.0,0.0,0.0,0.0
997,592.84,791.4,55027.95,864.45,73.05,0.1347,2.8707,0.0,-791.4,0.0,6.8165,0.0,-791.4,0.0,6.8165,1.0,0.0,0.0,0.0,0.0
998,593.15,781.3,55103.0,853.85,72.55,0.1336,2.8743,0.0,-781.3,0.0,6.8165,0.0,-781.3,0.0,6.8165,1.0,0.0,0.0,0.0,0.0
999,593.47,789.75,55239.1,853.0,63.25,0.1162,2.9349,0.0,-789.75,0.0,6.8165,0.0,-789.75,0.0,6.8165,1.0,0.0,0.0,0.0,0.0
1000,593.79,782.35,54775.9,865.65,83.3,0.1543,2.8117,0.0,-782.35,0.0,6.8165,0.0,-782.35,0.0,6.8165,1.0,0.0,0.0,0.0,0.0
1001,594.1,802.3,54676.35,856.65,54.35,0.1009,2.9962,0.0,-802.3,0.0,6.8165,0.0,-802.3,0.0,6.8165,1.0,0.0,0.0,0.0,0.0
1002,594.42,793.1,55309.75,869.35,76.25,0.1399,2.8543,0.0,-793.1,0.0,6.8165,0.0,-793.1,0.0,6.8165,1.0,0.0,0.0,0.0,0.0
1003,594.73,795.5,55171.1,863.05,67.55,0.1242,2.9058,0.0,-795.5,0.0,6.8165,0.0,-795.5,0.0,6.8165,1.0,0.0,0.0,0.0,0.0
1004,595.05,795.55,55506.7,870.0,74.45,0.1361,2.8662,0.0,-795.55,0.0,6.8165,0.0,-795.55,0.0,6.8165,1.0,0.0,0.0,0.0,0.0
1005,595.36,800.0,55898.45,865.75,65.75,0.1193,2.9232,0.0,-800.0,0.0,6.8165,0.0,-800.0,0.0,6.8165,1.0,0.0,0.0,0.0,0.0
1006,595.68,794.65,56012.95,868.15,73.5,0.1331,2.8758,0.0,-794.65,0.0,6.8165,0.0,-794.65,0.0,6.8165,1.0,0.0,0.0,0.0,0.0
1007,595.99,803.25,55630.5,866.85,63.6,0.116,2.9355,0.0,-803.25,0.0,6.8165,0.0,-803.25,0.0,6.8165,1.0,0.0,0.0,0.0,0.0
1008,596.3,801.7,55205.5,864.2,62.5,0.1149,2.9397,0.0,-801.7,0.0,6.8165,0.0,-801.7,0.0,6.8165,1.0,0.0,0.0,0.0,0.0
1009,596.62,806.4,55820.9,857.5,51.1,0.0929,3.0321,0.0,-806.4,0.0,6.8165,0.0,-806.4,0.0,6.8165,1.0,0.0,0.0,0.0,0.0
1010,596.93,785.0,55898.05,861.55,76.55,0.1389,2.8573,0.0,-785.0,0.0,6.8165,0.0,-785.0,0.0,6.8165,1.0,0.0,0.0,0.0,0.0
1011,597.25,794.1,55660.1,865.3,71.2,0.1298,2.8868,0.0,-794.1,0.0,6.8165,0.0,-794.1,0.0,6.8165,1.0,0.0,0.0,0.0,0.0
1012,597.56,791.15,55301.7,852.2,61.05,0.112,2.9508,0.0,-791.15,0.0,6.8165,0.0,-791.15,0.0,6.8165,1.0,0.0,0.0,0.0,0.0
1013,597.88,792.55,55367.3,862.9,70.35,0.1289,2.8897,0.0,-792.55,0.0,6.8165,0.0,-792.55,0.0,6.8165,1.0,0.0,0.0,0.0,0.0
1014,598.19,795.35,55728.4,871.25,75.9,0.1382,2.8596,0.0,-795.35,0.0,6.8165,0.0,-795.35,0.0,6.8165,1.0,0.0,0.0,0.0,0.0
1015,598.5,787.1,55978.95,858.8,71.7,0.1299,2.8864,0.0,-787.1,0.0,6.8165,0.0,-787.1,0.0,6.8165,1.0,0.0,0.0,0.0,0.0
1016,598.82,786.85,56264.4,861.8,74.95,0.1351,2.8693,0.0,-786.85,0.0,6.8165,0.0,-786.85,0.0,6.8165,1.0,0.0,0.0,0.0,0.0
1017,599.13,791.4,56077.8,867.95,76.55,0.1385,2.8587,0.0,-791.4,0.0,6.8165,0.0,-791.4,0.0,6.8165,1.0,0.0,0.0,0.0,0.0
1018,599.45,794.55,56289.05,873.9,79.35,0.143,2.8447,0.0,-794.55,0.0,6.8165,0.0,-794.55,0.0,6.8165,1.0,0.0,0.0,0.0,0.0
1019,599.76,799.55,55231.6,878.85,79.3,0.1457,2.8366,0.0,-799.55,0.0,6.8165,0.0,-799.55,0.0,6.8165,1.0,0.0,0.0,0.0,0.0
1020,600.07,794.4,55560.85,881.35,86.95,0.1588,2.7992,0.0,-794.4,0.0,6.8165,0.0,-794.4,0.0,6.8165,1.0,0.0,0.0,0.0,0.0
1021,600.39,791.6,56174.25,886.1,94.5,0.1706,2.7679,0.0,-791.6,0.0,6.8165,0.0,-791.6,0.0,6.8165,1.0,0.0,0.0,0.0,0.0
1022,600.7,798.85,56218.7,884.6,85.75,0.1547,2.8104,0.0,-798.85,0.0,6.8165,0.0,-798.85,0.0,6.8165,1.0,0.0,0.0,0.0,0.0
1023,601.01,796.3,55940.85,884.0,87.7,0.159,2.7985,0.0,-796.3,0.0,6.8165,0.0,-796.3,0.0,6.8165,1.0,0.0,0.0,0.0,0.0
1024,601.33,790.2,55894.85,881.75,91.55,0.1661,2.7795,0.0,-790.2,0.0,6.8165,0.0,-790.2,0.0,6.8165,1.0,0.0,0.0,0.0,0.0
1025,601.64,795.75,55574.85,874.95,79.2,0.1446,2.8399,0.0,-795.75,0.0,6.8165,0.0,-795.75,0.0,6.8165,1.0,0.0,0.0,0.0,0.0
1026,601.95,783.3,56039.9,856.85,73.55,0.1331,2.8758,0.0,-783.3,0.0,6.8165,0.0,-783.3,0.0,6.8165,1.0,0.0,0.0,0.0,0.0
1027,602.26,787.5,56041.2,882.9,95.4,0.1727,2.7628,0.0,-787.5,0.0,6.8165,0.0,-787.5,0.0,6.8165,1.0,0.0,0.0,0.0,0.0
1028,602.58,780.45,56106.05,851.0,70.55,0.1275,2.8944,0.0,-780.45,0.0,6.8165,0.0,-780.45,0.0,6.8165,1.0,0.0,0.0,0.0,0.0
1029,602.89,777.3,56489.8,873.65,96.35,0.1729,2.7621,0.0,-777.3,0.0,6.8165,0.0,-777.3,0.0,6.8165,1.0,0.0,0.0,0.0,0.0
1030,603.2,802.5,56547.4,877.05,74.55,0.1337,2.8738,0.0,-802.5,0.0,6.8165,0.0,-802.5,0.0,6.8165,1.0,0.0,0.0,0.0,0.0
1031,603.51,796.6,56221.05,875.7,79.1,0.1427,2.8455,0.0,-796.6,0.0,6.8165,0.0,-796.6,0.0,6.8165,1.0,0.0,0.0,0.0,0.0
1032,603.83,804.3,56709.95,862.05,57.75,0.1033,2.9859,0.0,-804.3,0.0,6.8165,0.0,-804.3,0.0,6.8165,1.0,0.0,0.0,0.0,0.0
1033,604.14,793.35,56999.3,871.15,77.8,0.1384,2.8588,0.0,-793.35,0.0,6.8165,0.0,-793.35,0.0,6.8165,1.0,0.0,0.0,0.0,0.0
1034,604.45,787.7,56518.1,861.65,73.95,0.1327,2.8772,0.0,-787.7,0.0,6.8165,0.0,-787.7,0.0,6.8165,1.0,0.0,0.0,0.0,0.0
1035,604.76,789.4,56575.15,889.15,99.75,0.1788,2.7476,0.0,-789.4,0.0,6.8165,0.0,-789.4,0.0,6.8165,1.0,0.0,0.0,0.0,0.0
1036,605.07,800.05,56385.05,883.65,83.6,0.1504,2.8228,0.0,-800.05,0.0,6.8165,0.0,-800.05,0.0,6.8165,1.0,0.0,0.0,0.0,0.0
1037,605.39,790.55,56179.65,878.55,88.0,0.1589,2.7989,0.0,-790.55,0.0,6.8165,0.0,-790.55,0.0,6.8165,1.0,0.0,0.0,0.0,0.0
1038,605.7,806.35,56294.35,879.35,73.0,0.1316,2.8809,0.0,-806.35,0.0,6.8165,0.0,-806.35,0.0,6.8165,1.0,0.0,0.0,0.0,0.0
1039,606.01,787.6,56394.7,877.1,89.5,0.161,2.7933,0.0,-787.6,0.0,6.8165,0.0,-787.6,0.0,6.8165,1.0,0.0,0.0,0.0,0.0
1040,606.32,793.7,56543.3,880.85,87.15,0.1563,2.806,0.0,-793.7,0.0,6.8165,0.0,-793.7,0.0,6.8165,1.0,0.0,0.0,0.0,0.0
1041,606.63,791.35,56122.05,864.6,73.25,0.1324,2.8782,0.0,-791.35,0.0,6.8165,0.0,-791.35,0.0,6.8165,1.0,0.0,0.0,0.0,0.0
1042,606.94,794.0,56199.25,882.45,88.45,0.1596,2.7969,0.0,-794.0,0.0,6.8165,0.0,-794.0,0.0,6.8165,1.0,0.0,0.0,0.0,0.0
1043,607.26,788.7,55964.9,883.9,95.2,0.1725,2.7631,0.0,-788.7,0.0,6.8165,0.0,-788.7,0.0,6.8165,1.0,0.0,0.0,0.0,0.0
1044,607.57,808.25,56463.3,881.6,73.35,0.1318,2.8801,0.0,-808.25,0.0,6.8165,0.0,-808.25,0.0,6.8165,1.0,0.0,0.0,0.0,0.0
1045,607.88,790.5,56226.05,866.35,75.85,0.1368,2.8638,0.0,-790.5,0.0,6.8165,0.0,-790.5,0.0,6.8165,1.0,0.0,0.0,0.0,0.0
1046,608.19,798.3,56742.35,881.75,83.45,0.1492,2.8263,0.0,-798.3,0.0,6.8165,0.0,-798.3,0.0,6.8165,1.0,0.0,0.0,0.0,0.0
1047,608.5,798.15,57167.35,885.1,86.95,0.1543,2.8118,0.0,-798.15,0.0,6.8165,0.0,-798.15,0.0,6.8165,1.0,0.0,0.0,0.0,0.0
1048,608.81,786.2,57055.3,886.25,100.05,0.1778,2.7501,0.0,-786.2,0.0,6.8165,0.0,-786.2,0.0,6.8165,1.0,0.0,0.0,0.0,0.0
1049,609.12,791.4,56456.55,877.9,86.5,0.1554,2.8086,0.0,-791.4,0.0,6.8165,0.0,-791.4,0.0,6.8165,1.0,0.0,0.0,0.0,0.0
1050,609.43,788.7,56324.0,887.35,98.65,0.1776,2.7505,0.0,-788.7,0.0,6.8165,0.0,-788.7,0.0,6.8165,1.0,0.0,0.0,0.0,0.0
1051,609.74,783.9,56057.15,895.2,111.3,0.2014,2.696,0.0,-783.9,0.0,6.8165,0.0,-783.9,0.0,6.8165,1.0,0.0,0.0,0.0,0.0
1052,610.05,794.3,57029.85,900.55,106.25,0.1889,2.7237,0.0,-794.3,0.0,6.8165,0.0,-794.3,0.0,6.8165,1.0,0.0,0.0,0.0,0.0
1053,610.36,789.35,56999.4,883.75,94.4,0.1679,2.7748,0.0,-789.35,0.0,6.8165,0.0,-789.35,0.0,6.8165,1.0,0.0,0.0,0.0,0.0
1054,610.67,775.0,56755.55,899.75,124.75,0.2228,2.652,0.0,-775.0,0.0,6.8165,0.0,-775.0,0.0,6.8165,1.0,0.0,0.0,0.0,0.0
1055,610.98,786.2,57325.05,895.15,108.95,0.1927,2.7151,0.0,-786.2,0.0,6.8165,0.0,-786.2,0.0,6.8165,1.0,0.0,0.0,0.0,0.0
1056,611.29,787.35,57289.65,885.35,98.0,0.1734,2.7608,0.0,-787.35,0.0,6.8165,0.0,-787.35,0.0,6.8165,1.0,0.0,0.0,0.0,0.0
1057,611.6,782.5,56903.6,890.85,108.35,0.1931,2.7143,0.0,-782.5,0.0,6.8165,0.0,-782.5,0.0,6.8165,1.0,0.0,0.0,0.0,0.0
1058,611.91,788.35,57161.75,897.45,109.1,0.1935,2.7132,0.0,-788.35,0.0,6.8165,0.0,-788.35,0.0,6.8165,1.0,0.0,0.0,0.0,0.0
1059,612.22,786.4,56803.9,899.95,113.55,0.2027,2.6931,0.0,-786.4,0.0,6.8165,0.0,-786.4,0.0,6.8165,1.0,0.0,0.0,0.0,0.0
1060,612.53,783.75,56602.1,892.6,108.85,0.195,2.7099,0.0,-783.75,0.0,6.8165,0.0,-783.75,0.0,6.8165,1.0,0.0,0.0,0.0,0.0
1061,612.84,792.15,57147.6,899.2,107.05,0.19,2.7213,0.0,-792.15,0.0,6.8165,0.0,-792.15,0.0,6.8165,1.0,0.0,0.0,0.0,0.0
1062,613.15,802.2,57434.85,895.75,93.55,0.1652,2.782,0.0,-802.2,0.0,6.8165,0.0,-802.2,0.0,6.8165,1.0,0.0,0.0,0.0,0.0
1063,613.46,785.3,57361.15,882.55,97.25,0.1719,2.7647,0.0,-785.3,0.0,6.8165,0.0,-785.3,0.0,6.8165,1.0,0.0,0.0,0.0,0.0
1064,613.77,782.05,57341.85,884.1,102.05,0.1804,2.7437,0.0,-782.05,0.0,6.8165,0.0,-782.05,0.0,6.8165,1.0,0.0,0.0,0.0,0.0
1065,614.08,789.0,57274.95,911.35,122.35,0.2166,2.6643,0.0,-789.0,0.0,6.8165,0.0,-789.0,0.0,6.8165,1.0,0.0,0.0,0.0,0.0
1066,614.39,793.35,57057.7,897.45,104.1,0.185,2.7328,0.0,-793.35,0.0,6.8165,0.0,-793.35,0.0,6.8165,1.0,0.0,0.0,0.0,0.0
1067,614.7,810.2,57016.3,897.05,86.85,0.1545,2.811,0.0,-810.2,0.0,6.8165,0.0,-810.2,0.0,6.8165,1.0,0.0,0.0,0.0,0.0
1068,615.0,796.35,57794.35,884.15,87.8,0.154,2.8124,0.0,-796.35,0.0,6.8165,0.0,-796.35,0.0,6.8165,1.0,0.0,0.0,0.0,0.0
1069,615.31,789.0,57685.4,892.4,103.4,0.1817,2.7406,0.0,-789.0,0.0,6.8165,0.0,-789.0,0.0,6.8165,1.0,0.0,0.0,0.0,0.0
1070,615.62,778.2,57446.65,893.9,115.7,0.2042,2.69,0.0,-778.2,0.0,6.8165,0.0,-778.2,0.0,6.8165,1.0,0.0,0.0,0.0,0.0
1071,615.93,776.85,57705.05,891.7,114.85,0.2017,2.6952,0.0,-776.85,0.0,6.8165,0.0,-776.85,0.0,6.8165,1.0,0.0,0.0,0.0,0.0
1072,616.24,801.25,57597.55,916.75,115.5,0.2034,2.6917,0.0,-801.25,0.0,6.8165,0.0,-801.25,0.0,6.8165,1.0,0.0,0.0,0.0,0.0
1073,616.55,798.05,57210.1,886.4,88.35,0.1566,2.8052,0.0,-798.05,0.0,6.8165,0.0,-798.05,0.0,6.8165,1.0,0.0,0.0,0.0,0.0
1074,616.86,783.4,57335.35,894.15,110.75,0.1958,2.7081,0.0,-783.4,0.0,6.8165,0.0,-783.4,0.0,6.8165,1.0,0.0,0.0,0.0,0.0
1075,617.16,800.05,57063.55,895.9,95.85,0.1704,2.7686,0.0,-800.05,0.0,6.8165,0.0,-800.05,0.0,6.8165,1.0,0.0,0.0,0.0,0.0
1076,617.47,797.55,56635.75,905.85,108.3,0.194,2.7123,0.0,-797.55,0.0,6.8165,0.0,-797.55,0.0,6.8165,1.0,0.0,0.0,0.0,0.0
1077,617.78,778.7,57264.2,903.1,124.4,0.2202,2.6571,0.0,-778.7,0.0,6.8165,0.0,-778.7,0.0,6.8165,1.0,0.0,0.0,0.0,0.0
1078,618.09,788.25,57253.25,898.65,110.4,0.1955,2.7088,0.0,-788.25,0.0,6.8165,0.0,-788.25,0.0,6.8165,1.0,0.0,0.0,0.0,0.0
1079,618.4,786.4,57278.55,904.0,117.6,0.2082,2.6816,0.0,-786.4,0.0,6.8165,0.0,-786.4,0.0,6.8165,1.0,0.0,0.0,0.0,0.0
1080,618.7,796.45,57484.55,915.9,119.45,0.2107,2.6763,0.0,-796.45,0.0,6.8165,0.0,-796.45,0.0,6.8165,1.0,0.0,0.0,0.0,0.0
1081,619.01,776.35,57533.8,901.85,125.5,0.2211,2.6554,0.0,-776.35,0.0,6.8165,0.0,-776.35,0.0,6.8165,1.0,0.0,0.0,0.0,0.0
1082,619.32,783.0,57788.85,924.45,141.45,0.2481,2.6053,0.0,-783.0,0.0,6.8165,0.0,-783.0,0.0,6.8165,1.0,0.0,0.0,0.0,0.0
1083,619.63,800.05,57571.95,918.15,118.1,0.208,2.6819,0.0,-800.05,0.0,6.8165,0.0,-800.05,0.0,6.8165,1.0,0.0,0.0,0.0,0.0
1084,619.93,785.6,57540.95,917.3,131.7,0.232,2.6344,0.0,-785.6,0.0,6.8165,0.0,-785.6,0.0,6.8165,1.0,0.0,0.0,0.0,0.0
1085,620.24,800.9,57842.5,911.6,110.7,0.1941,2.712,0.0,-800.9,0.0,6.8165,0.0,-800.9,0.0,6.8165,1.0,0.0,0.0,0.0,0.0
1086,620.55,778.8,57694.35,898.2,119.4,0.2098,2.6782,0.0,-778.8,0.0,6.8165,0.0,-778.8,0.0,6.8165,1.0,0.0,0.0,0.0,0.0
1087,620.85,789.45,58454.05,925.1,135.65,0.2352,2.6285,0.0,-789.45,0.0,6.8165,0.0,-789.45,0.0,6.8165,1.0,0.0,0.0,0.0,0.0
1088,621.16,792.65,58389.9,915.9,123.25,0.214,2.6696,0.0,-792.65,0.0,6.8165,0.0,-792.65,0.0,6.8165,1.0,0.0,0.0,0.0,0.0
1089,621.47,794.9,57811.6,918.45,123.55,0.2167,2.6642,0.0,-794.9,0.0,6.8165,0.0,-794.9,0.0,6.8165,1.0,0.0,0.0,0.0,0.0
1090,621.77,797.15,57470.4,917.7,120.55,0.2127,2.6722,0.0,-797.15,0.0,6.8165,0.0,-797.15,0.0,6.8165,1.0,0.0,0.0,0.0,0.0
1091,622.08,795.35,57309.8,924.8,129.45,0.2291,2.6401,0.0,-795.35,0.0,6.8165,0.0,-795.35,0.0,6.8165,1.0,0.0,0.0,0.0,0.0
1092,622.39,797.4,57083.25,935.95,138.55,0.2462,2.6088,0.0,-797.4,0.0,6.8165,0.0,-797.4,0.0,6.8165,1.0,0.0,0.0,0.0,0.0
1093,622.69,785.3,57095.55,924.55,139.25,0.2473,2.6068,0.0,-785.3,0.0,6.8165,0.0,-785.3,0.0,6.8165,1.0,0.0,0.0,0.0,0.0
1094,623.0,789.65,56817.95,918.5,128.85,0.23,2.6383,0.0,-789.65,0.0,6.8165,0.0,-789.65,0.0,6.8165,1.0,0.0,0.0,0.0,0.0
1095,623.31,774.45,56694.6,932.05,157.6,0.2818,2.55,0.0,-774.45,0.0,6.8165,0.0,-774.45,0.0,6.8165,1.0,0.0,0.0,0.0,0.0
1096,623.61,788.3,57073.6,938.5,150.2,0.2669,2.5737,0.0,-788.3,0.0,6.8165,0.0,-788.3,0.0,6.8165,1.0,0.0,0.0,0.0,0.0
1097,623.92,795.8,56810.15,940.35,144.55,0.2581,2.5883,0.0,-795.8,0.0,6.8165,0.0,-795.8,0.0,6.8165,1.0,0.0,0.0,0.0,0.0
1098,624.22,788.85,57188.95,925.3,136.45,0.2419,2.6163,0.0,-788.85,0.0,6.8165,0.0,-788.85,0.0,6.8165,1.0,0.0,0.0,0.0,0.0
1099,624.53,776.55,57480.75,932.95,156.4,0.2758,2.5594,0.0,-776.55,0.0,6.8165,0.0,-776.55,0.0,6.8165,1.0,0.0,0.0,0.0,0.0
1100,624.84,778.5,56815.45,938.75,160.25,0.286,2.5437,0.0,-778.5,0.0,6.8165,0.0,-778.5,0.0,6.8165,1.0,0.0,0.0,0.0,0.0
1101,625.14,787.6,56960.3,932.15,144.55,0.2573,2.5895,0.0,-787.6,0.0,6.8165,0.0,-787.6,0.0,6.8165,1.0,0.0,0.0,0.0,0.0
1102,625.45,783.2,56584.35,946.95,163.75,0.2935,2.5325,0.0,-783.2,0.0,6.8165,0.0,-783.2,0.0,6.8165,1.0,0.0,0.0,0.0,0.0
1103,625.75,787.75,56342.35,938.45,150.7,0.2713,2.5666,0.0,-787.75,0.0,6.8165,0.0,-787.75,0.0,6.8165,1.0,0.0,0.0,0.0,0.0
1104,626.06,802.55,56577.45,944.45,141.9,0.2544,2.5945,0.0,-802.55,0.0,6.8165,0.0,-802.55,0.0,6.8165,1.0,0.0,0.0,0.0,0.0
1105,626.36,796.75,56563.15,953.0,156.25,0.2802,2.5526,0.0,-796.75,0.0,6.8165,0.0,-796.75,0.0,6.8165,1.0,0.0,0.0,0.0,0.0
1106,626.67,778.2,56998.65,966.5,188.3,0.3349,2.475,0.0,-778.2,0.0,6.8165,0.0,-778.2,0.0,6.8165,1.0,0.0,0.0,0.0,0.0
1107,626.97,789.4,56984.3,956.95,167.55,0.2982,2.5256,0.0,-789.4,0.0,6.8165,0.0,-789.4,0.0,6.8165,1.0,0.0,0.0,0.0,0.0
1108,627.28,801.65,56415.25,954.4,152.75,0.2747,2.5612,0.0,-801.65,0.0,6.8165,0.0,-801.65,0.0,6.8165,1.0,0.0,0.0,0.0,0.0
1109,627.58,798.2,56214.85,955.6,157.4,0.284,2.5466,0.0,-798.2,0.0,6.8165,0.0,-798.2,0.0,6.8165,1.0,0.0,0.0,0.0,0.0
1110,627.89,790.0,55423.15,960.7,170.7,0.3124,2.5052,0.0,-790.0,0.0,6.8165,0.0,-790.0,0.0,6.8165,1.0,0.0,0.0,0.0,0.0
1111,628.19,797.9,55540.25,975.45,177.55,0.3243,2.489,0.0,-797.9,0.0,6.8165,0.0,-797.9,0.0,6.8165,1.0,0.0,0.0,0.0,0.0
1112,628.5,783.75,56629.05,980.15,196.4,0.3517,2.4538,0.0,-783.75,0.0,6.8165,0.0,-783.75,0.0,6.8165,1.0,0.0,0.0,0.0,0.0
1113,628.8,776.8,56417.8,1003.05,226.25,0.4066,2.3908,0.0,-776.8,0.0,6.8165,0.0,-776.8,0.0,6.8165,1.0,0.0,0.0,0.0,0.0
1114,629.11,790.65,56301.15,986.05,195.4,0.352,2.4535,0.0,-790.65,0.0,6.8165,0.0,-790.65,0.0,6.8165,1.0,0.0,0.0,0.0,0.0
1115,629.41,778.0,56235.4,995.9,217.9,0.3929,2.4057,0.0,-778.0,0.0,6.8165,0.0,-778.0,0.0,6.8165,1.0,0.0,0.0,0.0,0.0
1116,629.71,792.75,55640.8,1000.6,207.85,0.379,2.4214,0.0,-792.75,0.0,6.8165,0.0,-792.75,0.0,6.8165,1.0,0.0,0.0,0.0,0.0
1117,630.02,777.5,54878.85,999.5,222.0,0.4103,2.3869,0.0,-777.5,0.0,6.8165,0.0,-777.5,0.0,6.8165,1.0,0.0,0.0,0.0,0.0
1118,630.32,787.35,55193.5,1021.65,234.3,0.4306,2.3659,0.0,-787.35,0.0,6.8165,0.0,-787.35,0.0,6.8165,1.0,0.0,0.0,0.0,0.0
1119,630.63,779.75,56133.3,1013.8,234.05,0.4228,2.3738,0.0,-779.75,0.0,6.8165,0.0,-779.75,0.0,6.8165,1.0,0.0,0.0,0.0,0.0
1120,630.93,789.35,56832.25,1021.55,232.2,0.4143,2.3827,0.0,-789.35,0.0,6.8165,0.0,-789.35,0.0,6.8165,1.0,0.0,0.0,0.0,0.0
1121,631.23,801.3,55957.15,1008.3,207.0,0.3753,2.4256,0.0,-801.3,0.0,6.8165,0.0,-801.3,0.0,6.8165,1.0,0.0,0.0,0.0,0.0
1122,631.54,803.5,55703.85,1023.5,220.0,0.4007,2.3972,0.0,-803.5,0.0,6.8165,0.0,-803.5,0.0,6.8165,1.0,0.0,0.0,0.0,0.0
1123,631.84,790.65,55497.65,1022.9,232.25,0.4245,2.3721,0.0,-790.65,0.0,6.8165,0.0,-790.65,0.0,6.8165,1.0,0.0,0.0,0.0,0.0
1124,632.14,783.15,55029.15,1047.0,263.85,0.4864,2.313,0.0,-783.15,0.0,6.8165,0.0,-783.15,0.0,6.8165,1.0,0.0,0.0,0.0,0.0
1125,632.45,783.4,55092.85,1052.9,269.5,0.4962,2.3043,0.0,-783.4,0.0,6.8165,0.0,-783.4,0.0,6.8165,1.0,0.0,0.0,0.0,0.0
1126,632.75,799.2,56024.95,1066.4,267.2,0.4838,2.3153,0.0,-799.2,0.0,6.8165,0.0,-799.2,0.0,6.8165,1.0,0.0,0.0,0.0,0.0
1127,633.05,774.75,55636.7,1080.5,305.75,0.5573,2.2539,0.0,-774.75,0.0,6.8165,0.0,-774.75,0.0,6.8165,1.0,0.0,0.0,0.0,0.0
1128,633.36,794.45,55822.75,1093.75,299.3,0.5439,2.2645,0.0,-794.45,0.0,6.8165,0.0,-794.45,0.0,6.8165,1.0,0.0,0.0,0.0,0.0
1129,633.66,778.15,55493.35,1084.3,306.15,0.5595,2.2522,0.0,-778.15,0.0,6.8165,0.0,-778.15,0.0,6.8165,1.0,0.0,0.0,0.0,0.0
1130,633.96,787.05,55369.4,1105.2,318.15,0.5829,2.2344,0.0,-787.05,0.0,6.8165,0.0,-787.05,0.0,6.8165,1.0,0.0,0.0,0.0,0.0
1131,634.27,790.0,55252.1,1111.25,321.25,0.5899,2.2293,0.0,-790.0,0.0,6.8165,0.0,-790.0,0.0,6.8165,1.0,0.0,0.0,0.0,0.0
1132,634.57,784.65,55256.15,1128.2,343.55,0.6307,2.2002,0.0,-784.65,0.0,6.8165,0.0,-784.65,0.0,6.8165,1.0,0.0,0.0,0.0,0.0
1133,634.87,790.9,54838.6,1146.55,355.65,0.658,2.1818,0.0,-790.9,0.0,6.8165,0.0,-790.9,0.0,6.8165,1.0,0.0,0.0,0.0,0.0
1134,635.17,780.3,54608.5,1156.25,375.95,0.6984,2.1559,0.0,-780.3,0.0,6.8165,0.0,-780.3,0.0,6.8165,1.0,0.0,0.0,0.0,0.0
1135,635.48,782.1,54721.15,1172.2,390.1,0.7232,2.1407,0.0,-782.1,0.0,6.8165,0.0,-782.1,0.0,6.8165,1.0,0.0,0.0,0.0,0.0
1136,635.78,782.05,54950.5,1185.8,403.75,0.7454,2.1276,0.0,-782.05,0.0,6.8165,0.0,-782.05,0.0,6.8165,1.0,0.0,0.0,0.0,0.0
1137,636.08,796.3,54433.35,1193.05,396.75,0.7397,2.1309,0.0,-796.3,0.0,6.8165,0.0,-796.3,0.0,6.8165,1.0,0.0,0.0,0.0,0.0
1138,636.38,791.35,54089.95,1209.6,418.25,0.7847,2.1053,0.0,-791.35,0.0,6.8165,0.0,-791.35,0.0,6.8165,1.0,0.0,0.0,0.0,0.0
1139,636.68,782.35,53803.25,1235.35,453.0,0.8544,2.0683,0.0,-782.35,0.0,6.8165,0.0,-782.35,0.0,6.8165,1.0,0.0,0.0,0.0,0.0
1140,636.99,783.25,53942.35,1263.4,480.15,0.9032,2.0442,0.0,-783.25,0.0,6.8165,0.0,-783.25,0.0,6.8165,1.0,0.0,0.0,0.0,0.0
1141,637.29,801.35,54095.1,1285.45,484.1,0.9084,2.0417,0.0,-801.35,0.0,6.8165,0.0,-801.35,0.0,6.8165,1.0,0.0,0.0,0.0,0.0
1142,637.59,800.2,54681.85,1313.1,512.9,0.9519,2.0214,0.0,-800.2,0.0,6.8165,0.0,-800.2,0.0,6.8165,1.0,0.0,0.0,0.0,0.0
1143,637.89,775.75,54825.65,1305.4,529.65,0.9799,2.0088,0.0,-775.75,0.0,6.8165,0.0,-775.75,0.0,6.8165,1.0,0.0,0.0,0.0,0.0
1144,638.19,785.2,54898.3,1360.55,575.35,1.0632,1.9734,0.0,-785.2,0.0,6.8165,0.0,-785.2,0.0,6.8165,1.0,0.0,0.0,0.0,0.0
1145,638.49,799.25,54169.5,1355.1,555.85,1.0415,1.9823,0.0,-799.25,0.0,6.8165,0.0,-799.25,0.0,6.8165,1.0,0.0,0.0,0.0,0.0
1146,638.8,794.9,54311.15,1394.55,599.65,1.1205,1.9506,0.0,-794.9,0.0,6.8165,0.0,-794.9,0.0,6.8165,1.0,0.0,0.0,0.0,0.0
1147,639.1,788.25,54009.9,1427.55,639.3,1.2012,1.9204,0.0,-788.25,0.0,6.8165,0.0,-788.25,0.0,6.8165,1.0,0.0,0.0,0.0,0.0
1148,639.4,786.85,53534.3,1455.95,669.1,1.2685,1.8967,0.0,-786.85,0.0,6.8165,0.0,-786.85,0.0,6.8165,1.0,0.0,0.0,0.0,0.0
1149,639.7,782.35,53509.15,1491.85,709.5,1.3456,1.8711,0.0,-782.35,0.0,6.8165,0.0,-782.35,0.0,6.8165,1.0,0.0,0.0,0.0,0.0
1150,640.0,784.25,54325.8,1527.5,743.25,1.3882,1.8576,0.0,-784.25,0.0,6.8165,0.0,-784.25,0.0,6.8165,1.0,0.0,0.0,0.0,0.0
1151,640.3,787.8,54288.35,1553.7,765.9,1.4316,1.8442,0.0,-787.8,0.0,6.8165,0.0,-787.8,0.0,6.8165,1.0,0.0,0.0,0.0,0.0
1152,640.6,796.0,53991.85,1588.4,792.4,1.4896,1.8269,0.0,-796.0,0.0,6.8165,0.0,-796.0,0.0,6.8165,1.0,0.0,0.0,0.0,0.0
1153,640.9,788.25,54535.0,1644.95,856.7,1.594,1.7975,0.0,-788.25,0.0,6.8165,0.0,-788.25,0.0,6.8165,1.0,0.0,0.0,0.0,0.0
1154,641.2,783.05,53960.8,1677.2,894.15,1.6814,1.7743,0.0,-783.05,0.0,6.8165,0.0,-783.05,0.0,6.8165,1.0,0.0,0.0,0.0,0.0
1155,641.5,791.65,53632.55,1721.8,930.15,1.7603,1.7544,0.0,-791.65,0.0,6.8165,0.0,-791.65,0.0,6.8165,1.0,0.0,0.0,0.0,0.0
1156,641.8,793.2,53285.75,1767.0,973.8,1.8551,1.7316,0.0,-793.2,0.0,6.8165,0.0,-793.2,0.0,6.8165,1.0,0.0,0.0,0.0,0.0
1157,642.1,804.1,53681.15,1834.75,1030.65,1.9491,1.7102,0.0,-804.1,0.0,6.8165,0.0,-804.1,0.0,6.8165,1.0,0.0,0.0,0.0,0.0
1158,642.4,783.35,53329.55,1914.3,1130.95,2.1523,1.6671,0.0,-783.35,0.0,6.8165,0.0,-783.35,0.0,6.8165,1.0,0.0,0.0,0.0,0.0
1159,642.7,786.45,53692.7,1987.75,1201.3,2.2706,1.6439,0.0,-786.45,0.0,6.8165,0.0,-786.45,0.0,6.8165,1.0,0.0,0.0,0.0,0.0
1160,643.0,793.95,53214.15,2030.7,1236.75,2.3593,1.6272,0.0,-793.95,0.0,6.8165,0.0,-793.95,0.0,6.8165,1.0,0.0,0.0,0.0,0.0
1161,643.3,797.35,52627.5,2099.45,1302.1,2.5122,1.5999,0.0,-797.35,0.0,6.8165,0.0,-797.35,0.0,6.8165,1.0,0.0,0.0,0.0,0.0
1162,643.6,784.9,53028.6,2204.0,1419.1,2.7163,1.566,0.0,-784.9,0.0,6.8165,0.0,-784.9,0.0,6.8165,1.0,0.0,0.0,0.0,0.0
1163,643.9,793.8,53474.15,2282.45,1488.65,2.8258,1.5489,0.0,-793.8,0.0,6.8165,0.0,-793.8,0.0,6.8165,1.0,0.0,0.0,0.0,0.0
1164,644.2,788.8,53976.75,2374.45,1585.65,2.9812,1.5256,0.0,-788.8,0.0,6.8165,0.0,-788.8,0.0,6.8165,1.0,0.0,0.0,0.0,0.0
1165,644.5,794.3,53448.05,2478.8,1684.5,3.1992,1.495,0.0,-794.3,0.0,6.8165,0.0,-794.3,0.0,6.8165,1.0,0.0,0.0,0.0,0.0
1166,644.8,780.65,52871.75,2596.7,1816.05,3.4863,1.4576,0.0,-780.65,0.0,6.8165,0.0,-780.65,0.0,6.8165,1.0,0.0,0.0,0.0,0.0
1167,645.1,786.85,52919.6,2707.0,1920.15,3.6832,1.4338,0.0,-786.85,0.0,6.8165,0.0,-786.85,0.0,6.8165,1.0,0.0,0.0,0.0,0.0
1168,645.4,790.45,52022.25,2796.35,2005.9,3.9153,1.4072,0.0,-790.45,0.0,6.8165,0.0,-790.45,0.0,6.8165,1.0,0.0,0.0,0.0,0.0
1169,645.7,784.35,52203.75,2935.6,2151.25,4.1837,1.3784,0.0,-784.35,0.0,6.8165,0.0,-784.35,0.0,6.8165,1.0,0.0,0.0,0.0,0.0
1170,646.0,774.0,52268.75,3051.1,2277.1,4.422,1.3544,0.0,-774.0,0.0,6.8165,0.0,-774.0,0.0,6.8165,1.0,0.0,0.0,0.0,0.0
1171,646.3,784.4,52825.6,3275.25,2490.85,4.7863,1.32,0.0,-784.4,0.0,6.8165,0.0,-784.4,0.0,6.8165,1.0,0.0,0.0,0.0,0.0
1172,646.59,787.55,53242.85,3454.75,2667.2,5.0847,1.2937,0.0,-787.55,0.0,6.8165,0.0,-787.55,0.0,6.8165,1.0,0.0,0.0,0.0,0.0
1173,646.89,778.5,53677.25,3691.0,2912.5,5.5058,1.2592,0.0,-778.5,0.0,6.8165,0.0,-778.5,0.0,6.8165,1.0,0.0,0.0,0.0,0.0
1174,647.19,795.8,53506.3,3874.5,3078.7,5.8408,1.2335,0.0,-795.8,0.0,6.8165,0.0,-795.8,0.0,6.8165,1.0,0.0,0.0,0.0,0.0
1175,647.49,795.9,53067.2,4059.3,3263.4,6.2432,1.2046,0.0,-795.9,0.0,6.8165,0.0,-795.9,0.0,6.8165,1.0,0.0,0.0,0.0,0.0
1176,647.79,778.0,53106.9,4283.15,3505.15,6.6983,1.174,0.0,-778.0,0.0,6.8165,0.0,-778.0,0.0,6.8165,1.0,0.0,0.0,0.0,0.0
1177,648.09,784.45,52035.4,4501.75,3717.3,7.2531,1.1395,0.0,-784.45,0.0,6.8165,0.0,-784.45,0.0,6.8165,1.0,0.0,0.0,0.0,0.0
1178,648.39,780.35,52574.9,4746.5,3966.15,7.6575,1.1159,0.0,-780.35,0.0,6.8165,0.0,-780.35,0.0,6.8165,1.0,0.0,0.0,0.0,0.0
1179,648.68,792.15,53358.55,5084.95,4292.8,8.1664,1.088,0.0,-792.15,0.0,6.8165,0.0,-792.15,0.0,6.8165,1.0,0.0,0.0,0.0,0.0
1180,648.98,810.95,53140.8,5419.95,4609.0,8.8076,1.0551,0.0,-810.95,0.0,6.8165,0.0,-810.95,0.0,6.8165,1.0,0.0,0.0,0.0,0.0
1181,649.28,791.9,53661.9,5817.55,5025.65,9.5057,1.022,0.0,-791.9,0.0,6.8165,0.0,-791.9,0.0,6.8165,1.0,0.0,0.0,0.0,0.0
1182,649.58,775.2,53391.05,6111.85,5336.65,10.1427,0.9938,0.0,-775.2,0.0,6.8165,0.0,-775.2,0.0,6.8165,1.0,0.0,0.0,0.0,0.0
1183,649.87,779.7,52411.1,6413.05,5633.35,10.9107,0.9621,0.0,-779.7,0.0,6.8165,0.0,-779.7,0.0,6.8165,1.0,0.0,0.0,0.0,0.0
1184,650.17,788.1,52025.5,6815.25,6027.15,11.7632,0.9295,0.0,-788.1,0.0,6.8165,0.0,-788.1,0.0,6.8165,1.0,0.0,0.0,0.0,0.0
1185,650.47,786.45,52236.1,7294.0,6507.55,12.6484,0.898,0.0,-786.45,0.0,6.8165,0.0,-786.45,0.0,6.8165,1.0,0.0,0.0,0.0,0.0
1186,650.77,777.05,52216.25,7717.15,6940.1,13.4919,0.8699,0.0,-777.05,0.0,6.8165,0.0,-777.05,0.0,6.8165,1.0,0.0,0.0,0.0,0.0
1187,651.06,796.5,52465.25,8333.5,7537.0,14.5872,0.836,0.0,-796.5,0.0,6.8165,0.0,-796.5,0.0,6.8165,1.0,0.0,0.0,0.0,0.0
1188,651.36,802.2,52119.55,8795.85,7993.65,15.5769,0.8075,0.0,-802.2,0.0,6.8165,0.0,-802.2,0.0,6.8165,1.0,0.0,0.0,0.0,0.0
1189,651.66,777.8,52669.7,9361.8,8584.0,16.5421,0.7814,0.0,-777.8,0.0,6.8165,0.0,-777.8,0.0,6.8165,1.0,0.0,0.0,0.0,0.0
1190,651.96,786.3,52936.65,9943.75,9157.45,17.5597,0.7555,0.0,-786.3,0.0,6.8165,0.0,-786.3,0.0,6.8165,1.0,0.0,0.0,0.0,0.0
1191,652.25,791.0,52418.65,10546.75,9755.75,18.8964,0.7236,0.0,-791.0,0.0,6.8165,0.0,-791.0,0.0,6.8165,1.0,0.0,0.0,0.0,0.0
1192,652.55,793.0,51909.35,11268.35,10475.35,20.4931,0.6884,0.0,-793.0,0.0,6.8165,0.0,-793.0,0.0,6.8165,1.0,0.0,0.0,0.0,0.0
1193,652.85,783.35,51316.2,11972.85,11189.5,22.143,0.6548,0.0,-783.35,0.0,6.8165,0.0,-783.35,0.0,6.8165,1.0,0.0,0.0,0.0,0.0
1194,653.14,791.35,50520.55,12532.4,11741.05,23.61,0.6269,0.0,-791.35,0.0,6.8165,0.0,-791.35,0.0,6.8165,1.0,0.0,0.0,0.0,0.0
1195,653.44,795.1,50560.85,13309.0,12513.9,25.1456,0.5995,0.0,-795.1,0.0,6.8165,0.0,-795.1,0.0,6.8165,1.0,0.0,0.0,0.0,0.0
1196,653.74,787.05,50583.4,14175.0,13387.95,26.8854,0.5705,0.0,-787.05,0.0,6.8165,0.0,-787.05,0.0,6.8165,1.0,0.0,0.0,0.0,0.0
1197,654.03,781.85,51512.5,15158.6,14376.75,28.3394,0.5476,0.0,-781.85,0.0,6.8165,0.0,-781.85,0.0,6.8165,1.0,0.0,0.0,0.0,0.0
1198,654.33,792.45,51424.3,16133.5,15341.05,30.2992,0.5186,0.0,-792.45,0.0,6.8165,0.0,-792.45,0.0,6.8165,1.0,0.0,0.0,0.0,0.0
1199,654.62,780.9,50842.95,16912.15,16131.25,32.2225,0.4918,0.0,-780.9,0.0,6.8165,0.0,-780.9,0.0,6.8165,1.0,0.0,0.0,0.0,0.0
1200,654.92,779.65,50684.4,17946.35,17166.7,34.3989,0.4635,0.0,-779.65,0.0,6.8165,0.0,-779.65,0.0,6.8165,1.0,0.0,0.0,0.0,0.0
1201,655.22,787.2,49384.65,18633.25,17846.05,36.7222,0.4351,0.0,-787.2,0.0,6.8165,0.0,-787.2,0.0,6.8165,1.0,0.0,0.0,0.0,0.0
1202,655.51,798.7,49650.5,19720.6,18921.9,38.7333,0.4119,0.0,-798.7,0.0,6.8165,0.0,-798.7,0.0,6.8165,1.0,0.0,0.0,0.0,0.0
1203,655.81,781.75,49234.2,20464.25,19682.5,40.6223,0.3912,0.0,-781.75,0.0,6.8165,0.0,-781.75,0.0,6.8165,1.0,0.0,0.0,0.0,0.0
1204,656.1,792.4,49643.5,21397.2,20604.8,42.1788,0.3749,0.0,-792.4,0.0,6.8165,0.0,-792.4,0.0,6.8165,1.0,0.0,0.0,0.0,0.0
1205,656.4,803.15,49906.25,22287.8,21484.65,43.7542,0.359,0.0,-803.15,0.0,6.8165,0.0,-803.15,0.0,6.8165,1.0,0.0,0.0,0.0,0.0
1206,656.69,789.7,50388.15,23871.2,23081.5,46.5367,0.3322,0.0,-789.7,0.0,6.8165,0.0,-789.7,0.0,6.8165,1.0,0.0,0.0,0.0,0.0
1207,656.99,787.85,50248.75,25118.35,24330.5,49.1914,0.3081,0.0,-787.85,0.0,6.8165,0.0,-787.85,0.0,6.8165,1.0,0.0,0.0,0.0,0.0
1208,657.29,782.75,50214.25,26056.9,25274.15,51.1296,0.2913,0.0,-782.75,0.0,6.8165,0.0,-782.75,0.0,6.8165,1.0,0.0,0.0,0.0,0.0
1209,657.58,783.25,49971.55,26685.9,25902.65,52.6602,0.2785,0.0,-783.25,0.0,6.8165,0.0,-783.25,0.0,6.8165,1.0,0.0,0.0,0.0,0.0
1210,657.88,803.35,50127.3,27737.05,26933.7,54.6057,0.2628,0.0,-803.35,0.0,6.8165,0.0,-803.35,0.0,6.8165,1.0,0.0,0.0,0.0,0.0
1211,658.17,787.7,49475.5,28351.15,27563.45,56.6126,0.2471,0.0,-787.7,0.0,6.8165,0.0,-787.7,0.0,6.8165,1.0,0.0,0.0,0.0,0.0
1212,658.47,779.0,49332.15,29174.35,28395.35,58.483,0.233,0.0,-779.0,0.0,6.8165,0.0,-779.0,0.0,6.8165,1.0,0.0,0.0,0.0,0.0
1213,658.76,801.1,49336.35,30178.25,29377.15,60.5275,0.218,0.0,-801.1,0.0,6.8165,0.0,-801.1,0.0,6.8165,1.0,0.0,0.0,0.0,0.0
1214,659.05,797.5,49568.25,31227.05,30429.55,62.393,0.2049,0.0,-797.5,0.0,6.8165,0.0,-797.5,0.0,6.8165,1.0,0.0,0.0,0.0,0.0
1215,659.35,792.25,49910.65,32182.6,31390.35,63.9075,0.1944,0.0,-792.25,0.0,6.8165,0.0,-792.25,0.0,6.8165,1.0,0.0,0.0,0.0,0.0
1216,659.64,805.5,49497.6,32635.3,31829.8,65.3695,0.1846,0.0,-805.5,0.0,6.8165,0.0,-805.5,0.0,6.8165,1.0,0.0,0.0,0.0,0.0
1217,659.94,786.75,49581.8,33916.5,33129.75,67.8957,0.1682,0.0,-786.75,0.0,6.8165,0.0,-786.75,0.0,6.8165,1.0,0.0,0.0,0.0,0.0
1218,660.23,785.4,49267.0,34549.4,33764.0,69.6429,0.1571,0.0,-785.4,0.0,6.8165,0.0,-785.4,0.0,6.8165,1.0,0.0,0.0,0.0,0.0
1219,660.53,778.65,48573.7,34365.45,33586.8,70.2725,0.1532,0.0,-778.65,0.0,6.8165,0.0,-778.65,0.0,6.8165,1.0,0.0,0.0,0.0,0.0
1220,660.82,796.5,48932.55,34840.1,34043.6,70.7237,0.1504,0.0,-796.5,0.0,6.8165,0.0,-796.5,0.0,6.8165,1.0,0.0,0.0,0.0,0.0
1221,661.11,804.0,49141.4,35528.35,34724.35,71.8374,0.1436,0.0,-804.0,0.0,6.8165,0.0,-804.0,0.0,6.8165,1.0,0.0,0.0,0.0,0.0
1222,661.41,789.05,49546.55,36096.45,35307.4,72.4143,0.1402,0.0,-789.05,0.0,6.8165,0.0,-789.05,0.0,6.8165,1.0,0.0,0.0,0.0,0.0
1223,661.7,786.55,49820.95,36645.25,35858.7,73.1297,0.1359,0.0,-786.55,0.0,6.8165,0.0,-786.55,0.0,6.8165,1.0,0.0,0.0,0.0,0.0
1224,662.0,788.8,49648.2,37434.3,36645.5,75.0019,0.1249,0.0,-788.8,0.0,6.8165,0.0,-788.8,0.0,6.8165,1.0,0.0,0.0,0.0,0.0
1225,662.29,793.15,49512.1,38251.3,37458.15,76.8862,0.1142,0.0,-793.15,0.0,6.8165,0.0,-793.15,0.0,6.8165,1.0,0.0,0.0,0.0,0.0
1226,662.58,802.4,49084.4,38482.8,37680.4,78.0423,0.1077,0.0,-802.4,0.0,6.8165,0.0,-802.4,0.0,6.8165,1.0,0.0,0.0,0.0,0.0
1227,662.88,784.35,48439.0,38016.75,37232.4,78.1296,0.1072,0.0,-784.35,0.0,6.8165,0.0,-784.35,0.0,6.8165,1.0,0.0,0.0,0.0,0.0
1228,663.17,790.75,48375.5,38132.05,37341.3,78.4733,0.1053,0.0,-790.75,0.0,6.8165,0.0,-790.75,0.0,6.8165,1.0,0.0,0.0,0.0,0.0
1229,663.46,777.9,48993.8,38829.0,38051.1,78.9182,0.1028,0.0,-777.9,0.0,6.8165,0.0,-777.9,0.0,6.8165,1.0,0.0,0.0,0.0,0.0
1230,663.76,784.75,48612.3,38514.5,37729.75,78.8871,0.103,0.0,-784.75,0.0,6.8165,0.0,-784.75,0.0,6.8165,1.0,0.0,0.0,0.0,0.0
1231,664.05,775.65,48862.55,39112.3,38336.65,79.7237,0.0984,0.0,-775.65,0.0,6.8165,0.0,-775.65,0.0,6.8165,1.0,0.0,0.0,0.0,0.0
1232,664.34,777.25,48956.0,39354.4,38577.15,80.0709,0.0965,0.0,-777.25,0.0,6.8165,0.0,-777.25,0.0,6.8165,1.0,0.0,0.0,0.0,0.0
1233,664.64,795.9,49325.85,39884.95,39089.05,80.5462,0.094,0.0,-795.9,0.0,6.8165,0.0,-795.9,0.0,6.8165,1.0,0.0,0.0,0.0,0.0
1234,664.93,790.0,49418.45,40170.8,39380.8,80.983,0.0916,0.0,-790.0,0.0,6.8165,0.0,-790.0,0.0,6.8165,1.0,0.0,0.0,0.0,0.0
1235,665.22,797.1,48406.95,39431.7,38634.6,81.1483,0.0907,0.0,-797.1,0.0,6.8165,0.0,-797.1,0.0,6.8165,1.0,0.0,0.0,0.0,0.0
1236,665.51,794.4,48509.55,39796.45,39002.05,81.7393,0.0876,0.0,-794.4,0.0,6.8165,0.0,-794.4,0.0,6.8165,1.0,0.0,0.0,0.0,0.0
1237,665.81,780.2,48318.4,40286.7,39506.5,83.1047,0.0804,0.0,-780.2,0.0,6.8165,0.0,-780.2,0.0,6.8165,1.0,0.0,0.0,0.0,0.0
1238,666.1,779.95,48218.6,40330.45,39550.5,83.3719,0.079,0.0,-779.95,0.0,6.8165,0.0,-779.95,0.0,6.8165,1.0,0.0,0.0,0.0,0.0
1239,666.39,794.05,48671.25,40497.8,39703.75,82.9283,0.0813,0.0,-794.05,0.0,6.8165,0.0,-794.05,0.0,6.8165,1.0,0.0,0.0,0.0,0.0
1240,666.68,781.6,49748.9,41229.45,40447.85,82.6018,0.083,0.0,-781.6,0.0,6.8165,0.0,-781.6,0.0,6.8165,1.0,0.0,0.0,0.0,0.0
1241,666.97,795.8,49798.8,41911.0,41115.2,83.9034,0.0762,0.0,-795.8,0.0,6.8165,0.0,-795.8,0.0,6.8165,1.0,0.0,0.0,0.0,0.0
1242,667.27,787.8,48734.85,41558.4,40770.6,85.0326,0.0704,0.0,-787.8,0.0,6.8165,0.0,-787.8,0.0,6.8165,1.0,0.0,0.0,0.0,0.0
1243,667.56,792.25,48369.25,41297.7,40505.45,85.1366,0.0699,0.0,-792.25,0.0,6.8165,0.0,-792.25,0.0,6.8165,1.0,0.0,0.0,0.0,0.0
1244,667.85,791.75,48366.75,41212.55,40420.8,84.9623,0.0708,0.0,-791.75,0.0,6.8165,0.0,-791.75,0.0,6.8165,1.0,0.0,0.0,0.0,0.0
1245,668.14,801.15,48712.45,41281.25,40480.1,84.4897,0.0732,0.0,-801.15,0.0,6.8165,0.0,-801.15,0.0,6.8165,1.0,0.0,0.0,0.0,0.0
1246,668.43,795.95,48529.45,41227.95,40432.0,84.7036,0.0721,0.0,-795.95,0.0,6.8165,0.0,-795.95,0.0,6.8165,1.0,0.0,0.0,0.0,0.0
1247,668.72,798.5,48323.55,41821.8,41023.3,86.3193,0.0639,0.0,-798.5,0.0,6.8165,0.0,-798.5,0.0,6.8165,1.0,0.0,0.0,0.0,0.0
1248,669.02,794.35,48625.65,42912.6,42118.25,88.0558,0.0552,0.0,-794.35,0.0,6.8165,0.0,-794.35,0.0,6.8165,1.0,0.0,0.0,0.0,0.0
1249,669.31,785.9,49038.25,43495.6,42709.7,88.5132,0.053,0.0,-785.9,0.0,6.8165,0.0,-785.9,0.0,6.8165,1.0,0.0,0.0,0.0,0.0
1250,669.6,794.5,48667.35,43267.5,42473.0,88.7204,0.052,0.0,-794.5,0.0,6.8165,0.0,-794.5,0.0,6.8165,1.0,0.0,0.0,0.0,0.0
1251,669.89,784.8,48047.3,42988.2,42203.4,89.2957,0.0492,0.0,-784.8,0.0,6.8165,0.0,-784.8,0.0,6.8165,1.0,0.0,0.0,0.0,0.0
1252,670.18,781.9,48056.2,43230.75,42448.85,89.7927,0.0468,0.0,-781.9,0.0,6.8165,0.0,-781.9,0.0,6.8165,1.0,0.0,0.0,0.0,0.0
1253,670.47,788.85,47752.25,42942.25,42153.4,89.758,0.0469,0.0,-788.85,0.0,6.8165,0.0,-788.85,0.0,6.8165,1.0,0.0,0.0,0.0,0.0
1254,670.76,775.6,47667.0,43001.65,42226.05,90.0507,0.0455,0.0,-775.6,0.0,6.8165,0.0,-775.6,0.0,6.8165,1.0,0.0,0.0,0.0,0.0
1255,671.05,787.1,47798.75,43004.1,42217.0,89.8011,0.0467,0.0,-787.1,0.0,6.8165,0.0,-787.1,0.0,6.8165,1.0,0.0,0.0,0.0,0.0
1256,671.34,784.4,48336.65,43893.9,43109.5,90.6571,0.0426,0.0,-784.4,0.0,6.8165,0.0,-784.4,0.0,6.8165,1.0,0.0,0.0,0.0,0.0
1257,671.63,794.15,48514.55,44302.9,43508.75,91.1743,0.0401,0.0,-794.15,0.0,6.8165,0.0,-794.15,0.0,6.8165,1.0,0.0,0.0,0.0,0.0
1258,671.92,783.05,48270.8,44142.15,43359.1,91.3059,0.0395,0.0,-783.05,0.0,6.8165,0.0,-783.05,0.0,6.8165,1.0,0.0,0.0,0.0,0.0
1259,672.21,783.85,48011.1,44456.1,43672.25,92.4726,0.034,0.0,-783.85,0.0,6.8165,0.0,-783.85,0.0,6.8165,1.0,0.0,0.0,0.0,0.0
1260,672.5,774.4,48377.9,44990.7,44216.3,92.8846,0.0321,0.0,-774.4,0.0,6.8165,0.0,-774.4,0.0,6.8165,1.0,0.0,0.0,0.0,0.0
1261,672.79,779.8,47911.2,44513.9,43734.1,92.7919,0.0325,0.0,-779.8,0.0,6.8165,0.0,-779.8,0.0,6.8165,1.0,0.0,0.0,0.0,0.0
1262,673.08,790.15,48051.15,44814.6,44024.45,93.1518,0.0308,0.0,-790.15,0.0,6.8165,0.0,-790.15,0.0,6.8165,1.0,0.0,0.0,0.0,0.0
1263,673.37,789.9,48408.4,45585.3,44795.4,94.0714,0.0265,0.0,-789.9,0.0,6.8165,0.0,-789.9,0.0,6.8165,1.0,0.0,0.0,0.0,0.0
1264,673.66,783.7,49002.85,46498.85,45715.15,94.807,0.0232,0.0,-783.7,0.0,6.8165,0.0,-783.7,0.0,6.8165,1.0,0.0,0.0,0.0,0.0
1265,673.95,775.9,48383.6,46226.1,45450.2,95.4682,0.0201,0.0,-775.9,0.0,6.8165,0.0,-775.9,0.0,6.8165,1.0,0.0,0.0,0.0,0.0
1266,674.24,788.55,47011.1,45270.35,44481.8,96.234,0.0167,0.0,-788.55,0.0,6.8165,0.0,-788.55,0.0,6.8165,1.0,0.0,0.0,0.0,0.0
1267,674.53,779.75,47809.25,45496.35,44716.6,95.082,0.0219,0.0,-779.75,0.0,6.8165,0.0,-779.75,0.0,6.8165,1.0,0.0,0.0,0.0,0.0
1268,674.82,798.65,48263.25,45900.85,45102.2,95.0228,0.0222,0.0,-798.65,0.0,6.8165,0.0,-798.65,0.0,6.8165,1.0,0.0,0.0,0.0,0.0
1269,675.11,795.55,47963.5,46364.2,45568.65,96.6094,0.015,0.0,-795.55,0.0,6.8165,0.0,-795.55,0.0,6.8165,1.0,0.0,0.0,0.0,0.0
1270,675.4,794.8,47279.35,46421.95,45627.15,98.1555,0.0081,0.0,-794.8,0.0,6.8165,0.0,-794.8,0.0,6.8165,1.0,0.0,0.0,0.0,0.0
1271,675.69,787.7,47676.1,46867.6,46079.9,98.2757,0.0076,0.0,-787.7,0.0,6.8165,0.0,-787.7,0.0,6.8165,1.0,0.0,0.0,0.0,0.0
1272,675.98,789.55,48584.05,47698.75,46909.2,98.1477,0.0081,0.0,-789.55,0.0,6.8165,0.0,-789.55,0.0,6.8165,1.0,0.0,0.0,0.0,0.0
1273,676.27,783.7,48174.9,47535.05,46751.35,98.6499,0.0059,0.0,-783.7,0.0,6.8165,0.0,-783.7,0.0,6.8165,1.0,0.0,0.0,0.0,0.0
1274,676.56,783.3,46791.3,46808.9,46025.6,100.0383,-0.0002,0.0,-783.3,0.0,6.8165,0.0,-783.3,0.0,6.8165,1.0,0.0,0.0,0.0,0.0
1275,676.84,787.15,46214.45,46212.45,45425.3,99.9956,0.0,0.0,-787.15,0.0,6.8165,0.0,-787.15,0.0,6.8165,1.0,0.0,0.0,0.0,0.0
1276,677.13,780.55,47501.3,47319.3,46538.75,99.6105,0.0017,0.0,-780.55,0.0,6.8165,0.0,-780.55,0.0,6.8165,1.0,0.0,0.0,0.0,0.0
1277,677.42,788.0,47514.55,47564.35,46776.35,100.1066,-0.0005,0.0,-788.0,0.0,6.8165,0.0,-788.0,0.0,6.8165,1.0,0.0,0.0,0.0,0.0
1278,677.71,794.75,46480.75,46781.1,45986.35,100.6574,-0.0028,0.0,-794.75,0.0,6.8165,0.0,-794.75,0.0,6.8165,1.0,0.0,0.0,0.0,0.0
1279,678.0,786.5,46720.15,47228.9,46442.4,101.1076,-0.0048,0.0,-786.5,0.0,6.8165,0.0,-786.5,0.0,6.8165,1.0,0.0,0.0,0.0,0.0
1280,678.29,792.8,47998.8,49152.3,48359.5,102.4435,-0.0105,0.0,-792.8,0.0,6.8165,0.0,-792.8,0.0,6.8165,1.0,0.0,0.0,0.0,0.0
1281,678.58,783.35,47736.4,49302.5,48519.15,103.3355,-0.0142,0.0,-783.35,0.0,6.8165,0.0,-783.35,0.0,6.8165,1.0,0.0,0.0,0.0,0.0
1282,678.86,767.45,46647.05,47371.75,46604.3,101.5796,-0.0068,0.0,-767.45,0.0,6.8165,0.0,-767.45,0.0,6.8165,1.0,0.0,0.0,0.0,0.0
1283,679.15,785.05,45980.65,46786.65,46001.6,101.7834,-0.0077,0.0,-785.05,0.0,6.8165,0.0,-785.05,0.0,6.8165,1.0,0.0,0.0,0.0,0.0
1284,679.44,792.9,46577.9,47326.05,46533.15,101.6341,-0.007,0.0,-792.9,0.0,6.8165,0.0,-792.9,0.0,6.8165,1.0,0.0,0.0,0.0,0.0
1285,679.73,785.6,46503.2,47038.05,46252.45,101.1699,-0.0051,0.0,-785.6,0.0,6.8165,0.0,-785.6,0.0,6.8165,1.0,0.0,0.0,0.0,0.0
1286,680.01,795.3,46188.9,47077.5,46282.2,101.9575,-0.0084,0.0,-795.3,0.0,6.8165,0.0,-795.3,0.0,6.8165,1.0,0.0,0.0,0.0,0.0
1287,680.3,796.3,45796.8,47246.75,46450.45,103.2221,-0.0138,0.0,-796.3,0.0,6.8165,0.0,-796.3,0.0,6.8165,1.0,0.0,0.0,0.0,0.0
1288,680.59,791.75,47205.15,49232.2,48440.45,104.3674,-0.0186,0.0,-791.75,0.0,6.8165,0.0,-791.75,0.0,6.8165,1.0,0.0,0.0,0.0,0.0
1289,680.88,773.65,47909.4,50328.3,49554.65,105.1318,-0.0217,0.0,-773.65,0.0,6.8165,0.0,-773.65,0.0,6.8165,1.0,0.0,0.0,0.0,0.0
1290,681.16,791.15,47448.9,49241.0,48449.85,103.8409,-0.0164,0.0,-791.15,0.0,6.8165,0.0,-791.15,0.0,6.8165,1.0,0.0,0.0,0.0,0.0
1291,681.45,766.6,47147.95,48557.05,47790.45,103.0381,-0.013,0.0,-766.6,0.0,6.8165,0.0,-766.6,0.0,6.8165,1.0,0.0,0.0,0.0,0.0
1292,681.74,788.55,47188.7,48564.7,47776.15,102.9655,-0.0127,0.0,-788.55,0.0,6.8165,0.0,-788.55,0.0,6.8165,1.0,0.0,0.0,0.0,0.0
1293,682.02,782.2,47402.7,48667.65,47885.45,102.7133,-0.0116,0.0,-782.2,0.0,6.8165,0.0,-782.2,0.0,6.8165,1.0,0.0,0.0,0.0,0.0
1294,682.31,779.55,47218.05,48250.8,47471.25,102.2239,-0.0096,0.0,-779.55,0.0,6.8165,0.0,-779.55,0.0,6.8165,1.0,0.0,0.0,0.0,0.0
1295,682.6,790.25,47655.35,48932.5,48142.25,102.7252,-0.0117,0.0,-790.25,0.0,6.8165,0.0,-790.25,0.0,6.8165,1.0,0.0,0.0,0.0,0.0
1296,682.88,770.0,48612.8,50322.5,49552.5,103.5736,-0.0152,0.0,-770.0,0.0,6.8165,0.0,-770.0,0.0,6.8165,1.0,0.0,0.0,0.0,0.0
1297,683.17,772.9,50287.4,52792.5,52019.6,105.0593,-0.0214,0.0,-772.9,0.0,6.8165,0.0,-772.9,0.0,6.8165,1.0,0.0,0.0,0.0,0.0
1298,683.46,792.0,50309.85,53296.0,52504.0,106.0305,-0.0254,0.0,-792.0,0.0,6.8165,0.0,-792.0,0.0,6.8165,1.0,0.0,0.0,0.0,0.0
1299,683.74,783.15,49343.45,52161.1,51377.95,105.8024,-0.0245,0.0,-783.15,0.0,6.8165,0.0,-783.15,0.0,6.8165,1.0,0.0,0.0,0.0,0.0
1300,684.03,788.65,49353.55,51650.85,50862.2,104.7304,-0.0201,0.0,-788.65,0.0,6.8165,0.0,-788.65,0.0,6.8165,1.0,0.0,0.0,0.0,0.0
1301,684.32,781.35,48739.75,51443.0,50661.65,105.6367,-0.0238,0.0,-781.35,0.0,6.8165,0.0,-781.35,0.0,6.8165,1.0,0.0,0.0,0.0,0.0
1302,684.6,776.3,48765.15,50829.3,50053.0,104.3013,-0.0183,0.0,-776.3,0.0,6.8165,0.0,-776.3,0.0,6.8165,1.0,0.0,0.0,0.0,0.0
1303,684.89,779.85,48297.35,50018.0,49238.15,103.6211,-0.0154,0.0,-779.85,0.0,6.8165,0.0,-779.85,0.0,6.8165,1.0,0.0,0.0,0.0,0.0
1304,685.17,779.1,48084.75,49856.3,49077.2,103.7449,-0.016,0.0,-779.1,0.0,6.8165,0.0,-779.1,0.0,6.8165,1.0,0.0,0.0,0.0,0.0
1305,685.46,782.0,48310.25,50034.3,49252.3,103.6274,-0.0155,0.0,-782.0,0.0,6.8165,0.0,-782.0,0.0,6.8165,1.0,0.0,0.0,0.0,0.0
1306,685.75,792.8,48828.55,50710.1,49917.3,103.917,-0.0167,0.0,-792.8,0.0,6.8165,0.0,-792.8,0.0,6.8165,1.0,0.0,0.0,0.0,0.0
1307,686.03,783.0,48491.7,50739.45,49956.45,104.7114,-0.02,0.0,-783.0,0.0,6.8165,0.0,-783.0,0.0,6.8165,1.0,0.0,0.0,0.0,0.0
1308,686.32,778.55,47312.3,49277.4,48498.85,104.223,-0.018,0.0,-778.55,0.0,6.8165,0.0,-778.55,0.0,6.8165,1.0,0.0,0.0,0.0,0.0
1309,686.6,785.05,47087.9,48779.75,47994.7,103.6539,-0.0156,0.0,-785.05,0.0,6.8165,0.0,-785.05,0.0,6.8165,1.0,0.0,0.0,0.0,0.0
1310,686.89,784.4,46766.45,48324.15,47539.75,103.3876,-0.0145,0.0,-784.4,0.0,6.8165,0.0,-784.4,0.0,6.8165,1.0,0.0,0.0,0.0,0.0
1311,687.17,789.3,45945.95,47279.9,46490.6,102.954,-0.0126,0.0,-789.3,0.0,6.8165,0.0,-789.3,0.0,6.8165,1.0,0.0,0.0,0.0,0.0
1312,687.46,775.4,46314.85,47701.6,46926.2,103.0452,-0.013,0.0,-775.4,0.0,6.8165,0.0,-775.4,0.0,6.8165,1.0,0.0,0.0,0.0,0.0
1313,687.74,780.15,46184.4,48043.25,47263.1,104.094,-0.0174,0.0,-780.15,0.0,6.8165,0.0,-780.15,0.0,6.8165,1.0,0.0,0.0,0.0,0.0
1314,688.03,783.85,46312.85,48195.15,47411.3,104.1343,-0.0176,0.0,-783.85,0.0,6.8165,0.0,-783.85,0.0,6.8165,1.0,0.0,0.0,0.0,0.0
1315,688.31,784.45,47041.2,48564.4,47779.95,103.2929,-0.0141,0.0,-784.45,0.0,6.8165,0.0,-784.45,0.0,6.8165,1.0,0.0,0.0,0.0,0.0
1316,688.6,788.25,47048.45,48447.8,47659.55,103.025,-0.0129,0.0,-788.25,0.0,6.8165,0.0,-788.25,0.0,6.8165,1.0,0.0,0.0,0.0,0.0
1317,688.88,803.1,46704.25,48052.65,47249.55,102.9376,-0.0126,0.0,-803.1,0.0,6.8165,0.0,-803.1,0.0,6.8165,1.0,0.0,0.0,0.0,0.0
1318,689.17,780.8,46111.9,47811.85,47031.05,103.7501,-0.016,0.0,-780.8,0.0,6.8165,0.0,-780.8,0.0,6.8165,1.0,0.0,0.0,0.0,0.0
1319,689.45,773.75,46157.8,47914.55,47140.8,103.8709,-0.0165,0.0,-773.75,0.0,6.8165,0.0,-773.75,0.0,6.8165,1.0,0.0,0.0,0.0,0.0
1320,689.73,790.5,45762.55,46670.95,45880.45,102.0199,-0.0087,0.0,-790.5,0.0,6.8165,0.0,-790.5,0.0,6.8165,1.0,0.0,0.0,0.0,0.0
1321,690.02,786.9,45218.75,45964.95,45178.05,101.6794,-0.0072,0.0,-786.9,0.0,6.8165,0.0,-786.9,0.0,6.8165,1.0,0.0,0.0,0.0,0.0
1322,690.3,785.95,44546.0,45979.95,45194.0,103.2768,-0.014,0.0,-785.95,0.0,6.8165,0.0,-785.95,0.0,6.8165,1.0,0.0,0.0,0.0,0.0
1323,690.59,785.1,44663.6,46404.85,45619.75,103.9683,-0.0169,0.0,-785.1,0.0,6.8165,0.0,-785.1,0.0,6.8165,1.0,0.0,0.0,0.0,0.0
1324,690.87,786.8,44681.25,46462.15,45675.35,104.0572,-0.0173,0.0,-786.8,0.0,6.8165,0.0,-786.8,0.0,6.8165,1.0,0.0,0.0,0.0,0.0
1325,691.15,783.7,44411.9,45767.6,44983.9,103.1074,-0.0133,0.0,-783.7,0.0,6.8165,0.0,-783.7,0.0,6.8165,1.0,0.0,0.0,0.0,0.0
1326,691.44,795.75,44394.6,45525.9,44730.15,102.5948,-0.0111,0.0,-795.75,0.0,6.8165,0.0,-795.75,0.0,6.8165,1.0,0.0,0.0,0.0,0.0
1327,691.72,804.1,43989.0,45439.9,44635.8,103.3597,-0.0144,0.0,-804.1,0.0,6.8165,0.0,-804.1,0.0,6.8165,1.0,0.0,0.0,0.0,0.0
1328,692.01,790.55,43548.3,44928.7,44138.15,103.2284,-0.0138,0.0,-790.55,0.0,6.8165,0.0,-790.55,0.0,6.8165,1.0,0.0,0.0,0.0,0.0
1329,692.29,802.95,43074.3,43883.7,43080.75,101.9148,-0.0082,0.0,-802.95,0.0,6.8165,0.0,-802.95,0.0,6.8165,1.0,0.0,0.0,0.0,0.0
1330,692.57,793.05,43015.0,44109.85,43316.8,102.5931,-0.0111,0.0,-793.05,0.0,6.8165,0.0,-793.05,0.0,6.8165,1.0,0.0,0.0,0.0,0.0
1331,692.86,780.05,42685.2,43960.2,43180.15,103.0426,-0.013,0.0,-780.05,0.0,6.8165,0.0,-780.05,0.0,6.8165,1.0,0.0,0.0,0.0,0.0
1332,693.14,780.0,41920.35,43240.45,42460.45,103.2088,-0.0137,0.0,-780.0,0.0,6.8165,0.0,-780.0,0.0,6.8165,1.0,0.0,0.0,0.0,0.0
1333,693.42,785.65,41437.75,42579.95,41794.3,102.8097,-0.012,0.0,-785.65,0.0,6.8165,0.0,-785.65,0.0,6.8165,1.0,0.0,0.0,0.0,0.0
1334,693.7,778.1,40781.35,41821.15,41043.05,102.5993,-0.0111,0.0,-778.1,0.0,6.8165,0.0,-778.1,0.0,6.8165,1.0,0.0,0.0,0.0,0.0
1335,693.99,806.85,41303.45,42235.9,41429.05,102.3025,-0.0099,0.0,-806.85,0.0,6.8165,0.0,-806.85,0.0,6.8165,1.0,0.0,0.0,0.0,0.0
1336,694.27,782.35,41774.35,42693.85,41911.5,102.2431,-0.0096,0.0,-782.35,0.0,6.8165,0.0,-782.35,0.0,6.8165,1.0,0.0,0.0,0.0,0.0
1337,694.55,782.9,41521.0,42573.45,41790.55,102.5835,-0.0111,0.0,-782.9,0.0,6.8165,0.0,-782.9,0.0,6.8165,1.0,0.0,0.0,0.0,0.0
1338,694.84,796.7,40590.65,41853.2,41056.5,103.1727,-0.0136,0.0,-796.7,0.0,6.8165,0.0,-796.7,0.0,6.8165,1.0,0.0,0.0,0.0,0.0
1339,695.12,780.05,40082.75,41243.15,40463.1,102.9525,-0.0126,0.0,-780.05,0.0,6.8165,0.0,-780.05,0.0,6.8165,1.0,0.0,0.0,0.0,0.0
1340,695.4,787.6,39767.3,40678.5,39890.9,102.3376,-0.01,0.0,-787.6,0.0,6.8165,0.0,-787.6,0.0,6.8165,1.0,0.0,0.0,0.0,0.0
1341,695.68,777.4,39487.95,40728.45,39951.05,103.2046,-0.0137,0.0,-777.4,0.0,6.8165,0.0,-777.4,0.0,6.8165,1.0,0.0,0.0,0.0,0.0
1342,695.96,793.1,39217.2,40219.05,39425.95,102.6073,-0.0112,0.0,-793.1,0.0,6.8165,0.0,-793.1,0.0,6.8165,1.0,0.0,0.0,0.0,0.0
1343,696.25,784.95,38864.7,39371.55,38586.6,101.331,-0.0057,0.0,-784.95,0.0,6.8165,0.0,-784.95,0.0,6.8165,1.0,0.0,0.0,0.0,0.0
1344,696.53,774.7,38792.3,39179.85,38405.15,101.0194,-0.0044,0.0,-774.7,0.0,6.8165,0.0,-774.7,0.0,6.8165,1.0,0.0,0.0,0.0,0.0
1345,696.81,780.75,38743.1,38882.05,38101.3,100.366,-0.0016,0.0,-780.75,0.0,6.8165,0.0,-780.75,0.0,6.8165,1.0,0.0,0.0,0.0,0.0
1346,697.09,781.6,38937.95,38912.35,38130.75,99.9329,0.0003,0.0,-781.6,0.0,6.8165,0.0,-781.6,0.0,6.8165,1.0,0.0,0.0,0.0,0.0
1347,697.37,789.55,38329.2,38403.15,37613.6,100.197,-0.0009,0.0,-789.55,0.0,6.8165,0.0,-789.55,0.0,6.8165,1.0,0.0,0.0,0.0,0.0
1348,697.65,778.8,38156.6,38113.05,37334.25,99.8835,0.0005,0.0,-778.8,0.0,6.8165,0.0,-778.8,0.0,6.8165,1.0,0.0,0.0,0.0,0.0
1349,697.94,776.15,37916.45,37858.75,37082.6,99.8446,0.0007,0.0,-776.15,0.0,6.8165,0.0,-776.15,0.0,6.8165,1.0,0.0,0.0,0.0,0.0
1350,698.22,776.25,37235.3,37605.2,36828.95,101.0146,-0.0044,0.0,-776.25,0.0,6.8165,0.0,-776.25,0.0,6.8165,1.0,0.0,0.0,0.0,0.0
1351,698.5,790.3,37186.4,37903.35,37113.05,101.9699,-0.0085,0.0,-790.3,0.0,6.8165,0.0,-790.3,0.0,6.8165,1.0,0.0,0.0,0.0,0.0
1352,698.78,793.55,36894.15,37372.15,36578.6,101.3241,-0.0057,0.0,-793.55,0.0,6.8165,0.0,-793.55,0.0,6.8165,1.0,0.0,0.0,0.0,0.0
1353,699.06,784.6,36631.9,36951.9,36167.3,100.8927,-0.0039,0.0,-784.6,0.0,6.8165,0.0,-784.6,0.0,6.8165,1.0,0.0,0.0,0.0,0.0
1354,699.34,794.5,36729.05,37008.4,36213.9,100.7774,-0.0034,0.0,-794.5,0.0,6.8165,0.0,-794.5,0.0,6.8165,1.0,0.0,0.0,0.0,0.0
1355,699.62,791.45,36650.9,37308.45,36517.0,101.8337,-0.0079,0.0,-791.45,0.0,6.8165,0.0,-791.45,0.0,6.8165,1.0,0.0,0.0,0.0,0.0
1356,699.9,773.5,36562.2,37329.9,36556.4,102.1451,-0.0092,0.0,-773.5,0.0,6.8165,0.0,-773.5,0.0,6.8165,1.0,0.0,0.0,0.0,0.0
1357,700.18,785.5,36031.35,36488.75,35703.25,101.2977,-0.0056,0.0,-785.5,0.0,6.8165,0.0,-785.5,0.0,6.8165,1.0,0.0,0.0,0.0,0.0
1358,700.46,778.4,36016.3,36196.1,35417.7,100.5102,-0.0022,0.0,-778.4,0.0,6.8165,0.0,-778.4,0.0,6.8165,1.0,0.0,0.0,0.0,0.0
1359,700.74,792.7,35700.9,35958.15,35165.45,100.7369,-0.0032,0.0,-792.7,0.0,6.8165,0.0,-792.7,0.0,6.8165,1.0,0.0,0.0,0.0,0.0
1360,701.03,782.9,35216.8,35586.25,34803.35,101.0729,-0.0046,0.0,-782.9,0.0,6.8165,0.0,-782.9,0.0,6.8165,1.0,0.0,0.0,0.0,0.0
1361,701.31,788.35,34121.65,34845.65,34057.3,102.172,-0.0093,0.0,-788.35,0.0,6.8165,0.0,-788.35,0.0,6.8165,1.0,0.0,0.0,0.0,0.0
1362,701.59,777.25,33520.3,34897.5,34120.25,104.2061,-0.0179,0.0,-777.25,0.0,6.8165,0.0,-777.25,0.0,6.8165,1.0,0.0,0.0,0.0,0.0
1363,701.87,791.65,33149.1,34287.1,33495.45,103.517,-0.015,0.0,-791.65,0.0,6.8165,0.0,-791.65,0.0,6.8165,1.0,0.0,0.0,0.0,0.0
1364,702.15,782.2,33455.45,34266.5,33484.3,102.4823,-0.0106,0.0,-782.2,0.0,6.8165,0.0,-782.2,0.0,6.8165,1.0,0.0,0.0,0.0,0.0
1365,702.43,789.95,33992.25,34737.45,33947.5,102.2444,-0.0096,0.0,-789.95,0.0,6.8165,0.0,-789.95,0.0,6.8165,1.0,0.0,0.0,0.0,0.0
1366,702.71,773.95,33531.2,34507.0,33733.05,102.9789,-0.0127,0.0,-773.95,0.0,6.8165,0.0,-773.95,0.0,6.8165,1.0,0.0,0.0,0.0,0.0
1367,702.98,769.3,33387.15,33978.8,33209.5,101.8139,-0.0078,0.0,-769.3,0.0,6.8165,0.0,-769.3,0.0,6.8165,1.0,0.0,0.0,0.0,0.0
1368,703.26,784.3,33009.5,33311.95,32527.65,100.9386,-0.0041,0.0,-784.3,0.0,6.8165,0.0,-784.3,0.0,6.8165,1.0,0.0,0.0,0.0,0.0
1369,703.54,797.95,32870.8,33007.0,32209.05,100.4247,-0.0018,0.0,-797.95,0.0,6.8165,0.0,-797.95,0.0,6.8165,1.0,0.0,0.0,0.0,0.0
1370,703.82,791.45,32980.6,33116.95,32325.5,100.4236,-0.0018,0.0,-791.45,0.0,6.8165,0.0,-791.45,0.0,6.8165,1.0,0.0,0.0,0.0,0.0
1371,704.1,794.25,32545.15,33047.4,32253.15,101.5818,-0.0068,0.0,-794.25,0.0,6.8165,0.0,-794.25,0.0,6.8165,1.0,0.0,0.0,0.0,0.0
1372,704.38,791.9,31546.2,32316.0,31524.1,102.5031,-0.0107,0.0,-791.9,0.0,6.8165,0.0,-791.9,0.0,6.8165,1.0,0.0,0.0,0.0,0.0
1373,704.66,772.75,31412.15,32158.55,31385.8,102.4361,-0.0105,0.0,-772.75,0.0,6.8165,0.0,-772.75,0.0,6.8165,1.0,0.0,0.0,0.0,0.0
1374,704.94,775.8,30724.2,31609.6,30833.8,102.9564,-0.0127,0.0,-775.8,0.0,6.8165,0.0,-775.8,0.0,6.8165,1.0,0.0,0.0,0.0,0.0
1375,705.22,782.7,31025.75,31748.25,30965.55,102.389,-0.0103,0.0,-782.7,0.0,6.8165,0.0,-782.7,0.0,6.8165,1.0,0.0,0.0,0.0,0.0
1376,705.5,797.7,30694.45,31708.55,30910.85,103.392,-0.0145,0.0,-797.7,0.0,6.8165,0.0,-797.7,0.0,6.8165,1.0,0.0,0.0,0.0,0.0
1377,705.78,783.95,30690.45,31617.6,30833.65,103.1002,-0.0133,0.0,-783.95,0.0,6.8165,0.0,-783.95,0.0,6.8165,1.0,0.0,0.0,0.0,0.0
1378,706.05,781.9,30565.0,31266.65,30484.75,102.3559,-0.0101,0.0,-781.9,0.0,6.8165,0.0,-781.9,0.0,6.8165,1.0,0.0,0.0,0.0,0.0
1379,706.33,777.05,30528.15,30918.85,30141.8,101.3132,-0.0057,0.0,-777.05,0.0,6.8165,0.0,-777.05,0.0,6.8165,1.0,0.0,0.0,0.0,0.0
1380,706.61,793.1,30419.15,30815.95,30022.85,101.3394,-0.0058,0.0,-793.1,0.0,6.8165,0.0,-793.1,0.0,6.8165,1.0,0.0,0.0,0.0,0.0
1381,706.89,794.85,30513.15,30845.6,30050.75,101.1187,-0.0048,0.0,-794.85,0.0,6.8165,0.0,-794.85,0.0,6.8165,1.0,0.0,0.0,0.0,0.0
1382,707.17,785.75,30148.5,30734.95,29949.2,101.9973,-0.0086,0.0,-785.75,0.0,6.8165,0.0,-785.75,0.0,6.8165,1.0,0.0,0.0,0.0,0.0
1383,707.45,794.95,29664.0,30496.1,29701.15,102.8823,-0.0123,0.0,-794.95,0.0,6.8165,0.0,-794.95,0.0,6.8165,1.0,0.0,0.0,0.0,0.0
1384,707.72,790.95,29147.2,30149.05,29358.1,103.5331,-0.0151,0.0,-790.95,0.0,6.8165,0.0,-790.95,0.0,6.8165,1.0,0.0,0.0,0.0,0.0
1385,708.0,780.6,28997.55,30109.7,29329.1,103.9414,-0.0168,0.0,-780.6,0.0,6.8165,0.0,-780.6,0.0,6.8165,1.0,0.0,0.0,0.0,0.0
1386,708.28,785.0,29001.6,30286.8,29501.8,104.5548,-0.0193,0.0,-785.0,0.0,6.8165,0.0,-785.0,0.0,6.8165,1.0,0.0,0.0,0.0,0.0
1387,708.56,792.6,28791.95,29912.1,29119.5,104.0006,-0.017,0.0,-792.6,0.0,6.8165,0.0,-792.6,0.0,6.8165,1.0,0.0,0.0,0.0,0.0
1388,708.83,782.4,28229.4,29243.25,28460.85,103.6938,-0.0158,0.0,-782.4,0.0,6.8165,0.0,-782.4,0.0,6.8165,1.0,0.0,0.0,0.0,0.0
1389,709.11,777.95,27917.5,28733.3,27955.35,103.0059,-0.0129,0.0,-777.95,0.0,6.8165,0.0,-777.95,0.0,6.8165,1.0,0.0,0.0,0.0,0.0
1390,709.39,787.15,27833.6,28712.8,27925.65,103.2507,-0.0139,0.0,-787.15,0.0,6.8165,0.0,-787.15,0.0,6.8165,1.0,0.0,0.0,0.0,0.0
1391,709.67,777.25,27932.05,28998.45,28221.2,103.9271,-0.0167,0.0,-777.25,0.0,6.8165,0.0,-777.25,0.0,6.8165,1.0,0.0,0.0,0.0,0.0
1392,709.94,778.8,27928.75,28938.2,28159.4,103.7181,-0.0159,0.0,-778.8,0.0,6.8165,0.0,-778.8,0.0,6.8165,1.0,0.0,0.0,0.0,0.0
1393,710.22,795.25,28076.0,28701.4,27906.15,102.2925,-0.0098,0.0,-795.25,0.0,6.8165,0.0,-795.25,0.0,6.8165,1.0,0.0,0.0,0.0,0.0
1394,710.5,790.35,27397.1,28482.6,27692.25,104.0798,-0.0174,0.0,-790.35,0.0,6.8165,0.0,-790.35,0.0,6.8165,1.0,0.0,0.0,0.0,0.0
1395,710.77,786.15,27266.85,28383.05,27596.9,104.2151,-0.0179,0.0,-786.15,0.0,6.8165,0.0,-786.15,0.0,6.8165,1.0,0.0,0.0,0.0,0.0
1396,711.05,791.8,27257.5,28410.3,27618.5,104.3558,-0.0185,0.0,-791.8,0.0,6.8165,0.0,-791.8,0.0,6.8165,1.0,0.0,0.0,0.0,0.0
1397,711.33,798.3,27004.2,28371.65,27573.35,105.2181,-0.0221,0.0,-798.3,0.0,6.8165,0.0,-798.3,0.0,6.8165,1.0,0.0,0.0,0.0,0.0
1398,711.6,805.85,27006.65,28142.0,27336.15,104.3333,-0.0184,0.0,-805.85,0.0,6.8165,0.0,-805.85,0.0,6.8165,1.0,0.0,0.0,0.0,0.0
1399,711.88,799.75,26574.45,27443.35,26643.6,103.3711,-0.0144,0.0,-799.75,0.0,6.8165,0.0,-799.75,0.0,6.8165,1.0,0.0,0.0,0.0,0.0
1400,712.16,778.25,26407.15,27120.85,26342.6,102.7847,-0.0119,0.0,-778.25,0.0,6.8165,0.0,-778.25,0.0,6.8165,1.0,0.0,0.0,0.0,0.0
1401,712.43,775.35,26472.35,27044.7,26269.35,102.2273,-0.0096,0.0,-775.35,0.0,6.8165,0.0,-775.35,0.0,6.8165,1.0,0.0,0.0,0.0,0.0
1402,712.71,777.55,26622.15,27297.2,26519.65,102.612,-0.0112,0.0,-777.55,0.0,6.8165,0.0,-777.55,0.0,6.8165,1.0,0.0,0.0,0.0,0.0
1403,712.99,772.2,26106.4,26757.0,25984.8,102.5681,-0.011,0.0,-772.2,0.0,6.8165,0.0,-772.2,0.0,6.8165,1.0,0.0,0.0,0.0,0.0
1404,713.26,781.4,25677.7,26481.5,25700.1,103.2286,-0.0138,0.0,-781.4,0.0,6.8165,0.0,-781.4,0.0,6.8165,1.0,0.0,0.0,0.0,0.0
1405,713.54,773.65,25827.05,26957.2,26183.55,104.511,-0.0192,0.0,-773.65,0.0,6.8165,0.0,-773.65,0.0,6.8165,1.0,0.0,0.0,0.0,0.0
1406,713.81,795.4,25891.85,26995.5,26200.1,104.3976,-0.0187,0.0,-795.4,0.0,6.8165,0.0,-795.4,0.0,6.8165,1.0,0.0,0.0,0.0,0.0
1407,714.09,788.65,25721.55,26353.4,25564.75,102.5342,-0.0109,0.0,-788.65,0.0,6.8165,0.0,-788.65,0.0,6.8165,1.0,0.0,0.0,0.0,0.0
1408,714.36,781.9,25186.3,26004.8,25222.9,103.3539,-0.0143,0.0,-781.9,0.0,6.8165,0.0,-781.9,0.0,6.8165,1.0,0.0,0.0,0.0,0.0
1409,714.64,773.95,24864.9,25702.15,24928.2,103.4754,-0.0148,0.0,-773.95,0.0,6.8165,0.0,-773.95,0.0,6.8165,1.0,0.0,0.0,0.0,0.0
1410,714.92,803.9,24342.35,25076.1,24272.2,103.1172,-0.0133,0.0,-803.9,0.0,6.8165,0.0,-803.9,0.0,6.8165,1.0,0.0,0.0,0.0,0.0
1411,715.19,779.95,24124.75,25115.95,24336.0,104.2459,-0.0181,0.0,-779.95,0.0,6.8165,0.0,-779.95,0.0,6.8165,1.0,0.0,0.0,0.0,0.0
1412,715.47,793.75,23569.55,24574.85,23781.1,104.4139,-0.0188,0.0,-793.75,0.0,6.8165,0.0,-793.75,0.0,6.8165,1.0,0.0,0.0,0.0,0.0
1413,715.74,773.4,22986.95,23816.45,23043.05,103.7342,-0.0159,0.0,-773.4,0.0,6.8165,0.0,-773.4,0.0,6.8165,1.0,0.0,0.0,0.0,0.0
1414,716.02,775.35,22545.85,23434.75,22659.4,104.083,-0.0174,0.0,-775.35,0.0,6.8165,0.0,-775.35,0.0,6.8165,1.0,0.0,0.0,0.0,0.0
1415,716.29,772.6,22236.1,23026.15,22253.55,103.6809,-0.0157,0.0,-772.6,0.0,6.8165,0.0,-772.6,0.0,6.8165,1.0,0.0,0.0,0.0,0.0
1416,716.57,783.5,22118.85,22788.45,22004.95,103.1385,-0.0134,0.0,-783.5,0.0,6.8165,0.0,-783.5,0.0,6.8165,1.0,0.0,0.0,0.0,0.0
1417,716.84,783.35,22121.3,22885.75,22102.4,103.5826,-0.0153,0.0,-783.35,0.0,6.8165,0.0,-783.35,0.0,6.8165,1.0,0.0,0.0,0.0,0.0
1418,717.12,780.65,21968.6,22676.65,21896.0,103.3418,-0.0143,0.0,-780.65,0.0,6.8165,0.0,-780.65,0.0,6.8165,1.0,0.0,0.0,0.0,0.0
1419,717.39,798.25,21429.05,22012.1,21213.85,102.8261,-0.0121,0.0,-798.25,0.0,6.8165,0.0,-798.25,0.0,6.8165,1.0,0.0,0.0,0.0,0.0
1420,717.66,784.35,21057.7,21603.2,20818.85,102.6907,-0.0115,0.0,-784.35,0.0,6.8165,0.0,-784.35,0.0,6.8165,1.0,0.0,0.0,0.0,0.0
1421,717.94,783.8,20894.55,21332.45,20548.65,102.1774,-0.0094,0.0,-783.8,0.0,6.8165,0.0,-783.8,0.0,6.8165,1.0,0.0,0.0,0.0,0.0
1422,718.21,785.2,20687.6,21571.2,20786.0,104.4397,-0.0189,0.0,-785.2,0.0,6.8165,0.0,-785.2,0.0,6.8165,1.0,0.0,0.0,0.0,0.0
1423,718.49,786.05,20164.45,21104.25,20318.2,104.8497,-0.0206,0.0,-786.05,0.0,6.8165,0.0,-786.05,0.0,6.8165,1.0,0.0,0.0,0.0,0.0
1424,718.76,784.2,19735.15,20577.35,19793.15,104.4441,-0.0189,0.0,-784.2,0.0,6.8165,0.0,-784.2,0.0,6.8165,1.0,0.0,0.0,0.0,0.0
1425,719.03,791.35,19547.9,20422.65,19631.3,104.6637,-0.0198,0.0,-791.35,0.0,6.8165,0.0,-791.35,0.0,6.8165,1.0,0.0,0.0,0.0,0.0
1426,719.31,771.9,19410.7,20311.8,19539.9,104.8345,-0.0205,0.0,-771.9,0.0,6.8165,0.0,-771.9,0.0,6.8165,1.0,0.0,0.0,0.0,0.0
1427,719.58,778.55,18912.4,19661.45,18882.9,104.1307,-0.0176,0.0,-778.55,0.0,6.8165,0.0,-778.55,0.0,6.8165,1.0,0.0,0.0,0.0,0.0
1428,719.86,782.65,18693.9,19336.0,18553.35,103.5849,-0.0153,0.0,-782.65,0.0,6.8165,0.0,-782.65,0.0,6.8165,1.0,0.0,0.0,0.0,0.0
1429,720.13,778.3,18346.95,18956.4,18178.1,103.469,-0.0148,0.0,-778.3,0.0,6.8165,0.0,-778.3,0.0,6.8165,1.0,0.0,0.0,0.0,0.0
1430,720.4,792.35,17862.9,18621.55,17829.2,104.4442,-0.0189,0.0,-792.35,0.0,6.8165,0.0,-792.35,0.0,6.8165,1.0,0.0,0.0,0.0,0.0
1431,720.68,776.4,17510.7,18191.8,17415.4,104.0701,-0.0173,0.0,-776.4,0.0,6.8165,0.0,-776.4,0.0,6.8165,1.0,0.0,0.0,0.0,0.0
1432,720.95,801.4,17025.85,17595.45,16794.05,103.5108,-0.015,0.0,-801.4,0.0,6.8165,0.0,-801.4,0.0,6.8165,1.0,0.0,0.0,0.0,0.0
1433,721.22,784.05,16625.25,17249.85,16465.8,103.9429,-0.0168,0.0,-784.05,0.0,6.8165,0.0,-784.05,0.0,6.8165,1.0,0.0,0.0,0.0,0.0
1434,721.5,786.55,16321.15,16802.35,16015.8,103.0976,-0.0132,0.0,-786.55,0.0,6.8165,0.0,-786.55,0.0,6.8165,1.0,0.0,0.0,0.0,0.0
1435,721.77,781.35,16340.4,16800.9,16019.55,102.9597,-0.0127,0.0,-781.35,0.0,6.8165,0.0,-781.35,0.0,6.8165,1.0,0.0,0.0,0.0,0.0
1436,722.04,782.55,16189.55,16656.1,15873.55,103.0282,-0.013,0.0,-782.55,0.0,6.8165,0.0,-782.55,0.0,6.8165,1.0,0.0,0.0,0.0,0.0
1437,722.31,783.5,15979.85,16344.65,15561.15,102.4006,-0.0103,0.0,-783.5,0.0,6.8165,0.0,-783.5,0.0,6.8165,1.0,0.0,0.0,0.0,0.0
1438,722.59,763.25,15677.65,15950.6,15187.35,101.8301,-0.0079,0.0,-763.25,0.0,6.8165,0.0,-763.25,0.0,6.8165,1.0,0.0,0.0,0.0,0.0
1439,722.86,784.85,15306.0,15661.65,14876.8,102.4492,-0.0105,0.0,-784.85,0.0,6.8165,0.0,-784.85,0.0,6.8165,1.0,0.0,0.0,0.0,0.0
1440,723.13,793.15,15235.35,15502.25,14709.1,101.8481,-0.008,0.0,-793.15,0.0,6.8165,0.0,-793.15,0.0,6.8165,1.0,0.0,0.0,0.0,0.0
1441,723.4,777.65,14993.65,15068.9,14291.25,100.5293,-0.0023,0.0,-777.65,0.0,6.8165,0.0,-777.65,0.0,6.8165,1.0,0.0,0.0,0.0,0.0
1442,723.68,787.55,14644.0,14839.1,14051.55,101.408,-0.0061,0.0,-787.55,0.0,6.8165,0.0,-787.55,0.0,6.8165,1.0,0.0,0.0,0.0,0.0
1443,723.95,789.15,14296.05,14439.55,13650.4,101.0624,-0.0046,0.0,-789.15,0.0,6.8165,0.0,-789.15,0.0,6.8165,1.0,0.0,0.0,0.0,0.0
1444,724.22,782.0,14012.95,14097.3,13315.3,100.6375,-0.0028,0.0,-782.0,0.0,6.8165,0.0,-782.0,0.0,6.8165,1.0,0.0,0.0,0.0,0.0
1445,724.49,778.2,13849.75,13882.2,13104.0,100.2482,-0.0011,0.0,-778.2,0.0,6.8165,0.0,-778.2,0.0,6.8165,1.0,0.0,0.0,0.0,0.0
1446,724.76,787.55,13595.4,13691.8,12904.25,100.7527,-0.0033,0.0,-787.55,0.0,6.8165,0.0,-787.55,0.0,6.8165,1.0,0.0,0.0,0.0,0.0
1447,725.04,791.1,13466.5,13567.0,12775.9,100.7929,-0.0034,0.0,-791.1,0.0,6.8165,0.0,-791.1,0.0,6.8165,1.0,0.0,0.0,0.0,0.0
1448,725.31,777.05,13286.55,13387.9,12610.85,100.8102,-0.0035,0.0,-777.05,0.0,6.8165,0.0,-777.05,0.0,6.8165,1.0,0.0,0.0,0.0,0.0
1449,725.58,792.5,13263.95,13197.9,12405.4,99.4704,0.0023,0.0,-792.5,0.0,6.8165,0.0,-792.5,0.0,6.8165,1.0,0.0,0.0,0.0,0.0
1450,725.85,783.3,13098.8,12986.35,12203.05,99.0869,0.004,0.0,-783.3,0.0,6.8165,0.0,-783.3,0.0,6.8165,1.0,0.0,0.0,0.0,0.0
1451,726.12,789.4,13070.95,12893.65,12104.25,98.5564,0.0063,0.0,-789.4,0.0,6.8165,0.0,-789.4,0.0,6.8165,1.0,0.0,0.0,0.0,0.0
1452,726.39,799.9,13066.75,12925.7,12125.8,98.8502,0.005,0.0,-799.9,0.0,6.8165,0.0,-799.9,0.0,6.8165,1.0,0.0,0.0,0.0,0.0
1453,726.66,794.35,12931.75,12680.25,11885.9,97.9279,0.0091,0.0,-794.35,0.0,6.8165,0.0,-794.35,0.0,6.8165,1.0,0.0,0.0,0.0,0.0
1454,726.93,782.55,12650.15,12497.6,11715.05,98.7146,0.0056,0.0,-782.55,0.0,6.8165,0.0,-782.55,0.0,6.8165,1.0,0.0,0.0,0.0,0.0
1455,727.21,792.65,12425.3,12449.3,11656.65,100.2063,-0.0009,0.0,-792.65,0.0,6.8165,0.0,-792.65,0.0,6.8165,1.0,0.0,0.0,0.0,0.0
1456,727.48,769.15,12256.3,12348.7,11579.55,100.8044,-0.0035,0.0,-769.15,0.0,6.8165,0.0,-769.15,0.0,6.8165,1.0,0.0,0.0,0.0,0.0
1457,727.75,782.05,12201.75,12167.1,11385.05,99.6966,0.0013,0.0,-782.05,0.0,6.8165,0.0,-782.05,0.0,6.8165,1.0,0.0,0.0,0.0,0.0
1458,728.02,787.65,12033.7,11777.95,10990.3,97.7259,0.01,0.0,-787.65,0.0,6.8165,0.0,-787.65,0.0,6.8165,1.0,0.0,0.0,0.0,0.0
1459,728.29,776.5,11975.6,11816.85,11040.35,98.5825,0.0062,0.0,-776.5,0.0,6.8165,0.0,-776.5,0.0,6.8165,1.0,0.0,0.0,0.0,0.0
1460,728.56,790.6,11887.55,11736.95,10946.35,98.6429,0.0059,0.0,-790.6,0.0,6.8165,0.0,-790.6,0.0,6.8165,1.0,0.0,0.0,0.0,0.0
1461,728.83,780.25,11986.95,11745.95,10965.7,97.8495,0.0094,0.0,-780.25,0.0,6.8165,0.0,-780.25,0.0,6.8165,1.0,0.0,0.0,0.0,0.0
1462,729.1,771.45,12021.25,11820.3,11048.85,98.2137,0.0078,0.0,-771.45,0.0,6.8165,0.0,-771.45,0.0,6.8165,1.0,0.0,0.0,0.0,0.0
1463,729.37,789.4,11951.25,11855.95,11066.55,99.1462,0.0037,0.0,-789.4,0.0,6.8165,0.0,-789.4,0.0,6.8165,1.0,0.0,0.0,0.0,0.0
1464,729.64,790.25,11810.9,11716.25,10926.0,99.1412,0.0037,0.0,-790.25,0.0,6.8165,0.0,-790.25,0.0,6.8165,1.0,0.0,0.0,0.0,0.0
1465,729.91,796.65,11637.85,11685.1,10888.45,100.4358,-0.0019,0.0,-796.65,0.0,6.8165,0.0,-796.65,0.0,6.8165,1.0,0.0,0.0,0.0,0.0
1466,730.18,783.55,11625.75,11574.1,10790.55,99.5236,0.0021,0.0,-783.55,0.0,6.8165,0.0,-783.55,0.0,6.8165,1.0,0.0,0.0,0.0,0.0
1467,730.45,786.25,11414.35,11233.3,10447.05,98.2965,0.0075,0.0,-786.25,0.0,6.8165,0.0,-786.25,0.0,6.8165,1.0,0.0,0.0,0.0,0.0
1468,730.72,777.8,11340.75,11206.0,10428.2,98.7243,0.0056,0.0,-777.8,0.0,6.8165,0.0,-777.8,0.0,6.8165,1.0,0.0,0.0,0.0,0.0
1469,730.99,786.85,11286.95,11197.95,10411.1,99.1524,0.0037,0.0,-786.85,0.0,6.8165,0.0,-786.85,0.0,6.8165,1.0,0.0,0.0,0.0,0.0
1470,731.26,779.75,11249.45,11142.3,10362.55,98.9766,0.0045,0.0,-779.75,0.0,6.8165,0.0,-779.75,0.0,6.8165,1.0,0.0,0.0,0.0,0.0
1471,731.53,797.05,11300.05,11207.5,10410.45,99.1188,0.0038,0.0,-797.05,0.0,6.8165,0.0,-797.05,0.0,6.8165,1.0,0.0,0.0,0.0,0.0
1472,731.8,786.2,11281.95,11200.3,10414.1,99.2221,0.0034,0.0,-786.2,0.0,6.8165,0.0,-786.2,0.0,6.8165,1.0,0.0,0.0,0.0,0.0
1473,732.06,777.65,11161.15,11078.9,10301.25,99.2079,0.0035,0.0,-777.65,0.0,6.8165,0.0,-777.65,0.0,6.8165,1.0,0.0,0.0,0.0,0.0
1474,732.33,787.15,11370.4,11110.0,10322.85,97.5395,0.0108,0.0,-787.15,0.0,6.8165,0.0,-787.15,0.0,6.8165,1.0,0.0,0.0,0.0,0.0
1475,732.6,783.85,11282.75,10984.15,10200.3,97.1559,0.0125,0.0,-783.85,0.0,6.8165,0.0,-783.85,0.0,6.8165,1.0,0.0,0.0,0.0,0.0
1476,732.87,785.1,11394.9,11176.45,10391.35,97.9411,0.009,0.0,-785.1,0.0,6.8165,0.0,-785.1,0.0,6.8165,1.0,0.0,0.0,0.0,0.0
1477,733.14,774.95,11530.4,11301.7,10526.75,97.8736,0.0093,0.0,-774.95,0.0,6.8165,0.0,-774.95,0.0,6.8165,1.0,0.0,0.0,0.0,0.0
1478,733.41,787.3,11435.55,11143.25,10355.95,97.2549,0.0121,0.0,-787.3,0.0,6.8165,0.0,-787.3,0.0,6.8165,1.0,0.0,0.0,0.0,0.0
1479,733.68,784.05,11331.1,11083.25,10299.2,97.6501,0.0103,0.0,-784.05,0.0,6.8165,0.0,-784.05,0.0,6.8165,1.0,0.0,0.0,0.0,0.0
1480,733.95,777.35,11197.3,11130.2,10352.85,99.356,0.0028,0.0,-777.35,0.0,6.8165,0.0,-777.35,0.0,6.8165,1.0,0.0,0.0,0.0,0.0
1481,734.21,779.85,11026.65,10894.5,10114.65,98.7103,0.0056,0.0,-779.85,0.0,6.8165,0.0,-779.85,0.0,6.8165,1.0,0.0,0.0,0.0,0.0
1482,734.48,790.8,10856.45,10712.25,9921.45,98.5674,0.0063,0.0,-790.8,0.0,6.8165,0.0,-790.8,0.0,6.8165,1.0,0.0,0.0,0.0,0.0
1483,734.75,792.6,10782.1,10581.2,9788.6,97.9889,0.0088,0.0,-792.6,0.0,6.8165,0.0,-792.6,0.0,6.8165,1.0,0.0,0.0,0.0,0.0
1484,735.02,777.55,10617.15,10512.35,9734.8,98.9349,0.0047,0.0,-777.55,0.0,6.8165,0.0,-777.55,0.0,6.8165,1.0,0.0,0.0,0.0,0.0
1485,735.29,778.3,10410.05,10235.25,9456.95,98.1852,0.008,0.0,-778.3,0.0,6.8165,0.0,-778.3,0.0,6.8165,1.0,0.0,0.0,0.0,0.0
1486,735.55,792.6,10199.05,10071.5,9278.9,98.644,0.0059,0.0,-792.6,0.0,6.8165,0.0,-792.6,0.0,6.8165,1.0,0.0,0.0,0.0,0.0
1487,735.82,794.05,10012.65,9907.45,9113.4,98.8588,0.005,0.0,-794.05,0.0,6.8165,0.0,-794.05,0.0,6.8165,1.0,0.0,0.0,0.0,0.0
1488,736.09,778.45,9677.75,9503.5,8725.05,98.042,0.0086,0.0,-778.45,0.0,6.8165,0.0,-778.45,0.0,6.8165,1.0,0.0,0.0,0.0,0.0
1489,736.36,784.1,9532.3,9388.6,8604.5,98.3574,0.0072,0.0,-784.1,0.0,6.8165,0.0,-784.1,0.0,6.8165,1.0,0.0,0.0,0.0,0.0
1490,736.62,783.1,9451.05,9267.5,8484.4,97.8824,0.0093,0.0,-783.1,0.0,6.8165,0.0,-783.1,0.0,6.8165,1.0,0.0,0.0,0.0,0.0
1491,736.89,787.55,9367.4,9124.55,8337.0,97.1695,0.0125,0.0,-787.55,0.0,6.8165,0.0,-787.55,0.0,6.8165,1.0,0.0,0.0,0.0,0.0
1492,737.16,778.95,9219.35,9035.15,8256.2,97.8176,0.0096,0.0,-778.95,0.0,6.8165,0.0,-778.95,0.0,6.8165,1.0,0.0,0.0,0.0,0.0
1493,737.43,791.9,9037.35,8832.95,8041.05,97.5211,0.0109,0.0,-791.9,0.0,6.8165,0.0,-791.9,0.0,6.8165,1.0,0.0,0.0,0.0,0.0
1494,737.69,782.5,8880.9,8680.3,7897.8,97.523,0.0109,0.0,-782.5,0.0,6.8165,0.0,-782.5,0.0,6.8165,1.0,0.0,0.0,0.0,0.0
1495,737.96,796.0,8724.85,8513.45,7717.45,97.3338,0.0117,0.0,-796.0,0.0,6.8165,0.0,-796.0,0.0,6.8165,1.0,0.0,0.0,0.0,0.0
1496,738.23,784.0,8618.3,8537.6,7753.6,98.9699,0.0045,0.0,-784.0,0.0,6.8165,0.0,-784.0,0.0,6.8165,1.0,0.0,0.0,0.0,0.0
1497,738.49,795.45,8531.7,8397.7,7602.25,98.2679,0.0076,0.0,-795.45,0.0,6.8165,0.0,-795.45,0.0,6.8165,1.0,0.0,0.0,0.0,0.0
1498,738.76,790.75,8339.15,8204.95,7414.2,98.2221,0.0078,0.0,-790.75,0.0,6.8165,0.0,-790.75,0.0,6.8165,1.0,0.0,0.0,0.0,0.0
1499,739.03,789.6,8278.9,8230.95,7441.35,99.3598,0.0028,0.0,-789.6,0.0,6.8165,0.0,-789.6,0.0,6.8165,1.0,0.0,0.0,0.0,0.0
1500,739.29,784.05,8199.95,8073.65,7289.6,98.2969,0.0075,0.0,-784.05,0.0,6.8165,0.0,-784.05,0.0,6.8165,1.0,0.0,0.0,0.0,0.0
1501,739.56,793.25,8141.9,7959.35,7166.1,97.5159,0.0109,0.0,-793.25,0.0,6.8165,0.0,-793.25,0.0,6.8165,1.0,0.0,0.0,0.0,0.0
1502,739.83,776.15,7994.4,7811.3,7035.15,97.4634,0.0112,0.0,-776.15,0.0,6.8165,0.0,-776.15,0.0,6.8165,1.0,0.0,0.0,0.0,0.0
1503,740.09,776.05,7791.1,7587.6,6811.55,97.0991,0.0128,0.0,-776.05,0.0,6.8165,0.0,-776.05,0.0,6.8165,1.0,0.0,0.0,0.0,0.0
1504,740.36,787.35,7743.9,7531.95,6744.6,96.9532,0.0134,0.0,-787.35,0.0,6.8165,0.0,-787.35,0.0,6.8165,1.0,0.0,0.0,0.0,0.0
1505,740.62,788.1,7555.45,7328.4,6540.3,96.6449,0.0148,0.0,-788.1,0.0,6.8165,0.0,-788.1,0.0,6.8165,1.0,0.0,0.0,0.0,0.0
1506,740.89,795.5,7412.5,7290.65,6495.15,98.1585,0.0081,0.0,-795.5,0.0,6.8165,0.0,-795.5,0.0,6.8165,1.0,0.0,0.0,0.0,0.0
1507,741.16,793.15,7361.1,7199.15,6406.0,97.5342,0.0108,0.0,-793.15,0.0,6.8165,0.0,-793.15,0.0,6.8165,1.0,0.0,0.0,0.0,0.0
1508,741.42,782.0,7285.4,7062.45,6280.45,96.5718,0.0151,0.0,-782.0,0.0,6.8165,0.0,-782.0,0.0,6.8165,1.0,0.0,0.0,0.0,0.0
1509,741.69,782.4,7117.35,6905.55,6123.15,96.6566,0.0148,0.0,-782.4,0.0,6.8165,0.0,-782.4,0.0,6.8165,1.0,0.0,0.0,0.0,0.0
1510,741.95,783.85,6954.5,6767.0,5983.15,96.9614,0.0134,0.0,-783.85,0.0,6.8165,0.0,-783.85,0.0,6.8165,1.0,0.0,0.0,0.0,0.0
1511,742.22,797.75,6900.45,6651.6,5853.85,95.9223,0.0181,0.0,-797.75,0.0,6.8165,0.0,-797.75,0.0,6.8165,1.0,0.0,0.0,0.0,0.0
1512,742.48,803.25,6677.9,6439.1,5635.85,95.9351,0.018,0.0,-803.25,0.0,6.8165,0.0,-803.25,0.0,6.8165,1.0,0.0,0.0,0.0,0.0
1513,742.75,794.2,6517.8,6360.55,5566.35,97.2526,0.0121,0.0,-794.2,0.0,6.8165,0.0,-794.2,0.0,6.8165,1.0,0.0,0.0,0.0,0.0
1514,743.01,781.05,6376.5,6261.05,5480.0,97.9367,0.0091,0.0,-781.05,0.0,6.8165,0.0,-781.05,0.0,6.8165,1.0,0.0,0.0,0.0,0.0
1515,743.28,772.85,6240.7,6033.35,5260.5,96.2078,0.0168,0.0,-772.85,0.0,6.8165,0.0,-772.85,0.0,6.8165,1.0,0.0,0.0,0.0,0.0
1516,743.54,773.15,6043.05,5838.45,5065.3,96.1176,0.0172,0.0,-773.15,0.0,6.8165,0.0,-773.15,0.0,6.8165,1.0,0.0,0.0,0.0,0.0
1517,743.81,788.15,5872.2,5733.35,4945.2,97.2689,0.012,0.0,-788.15,0.0,6.8165,0.0,-788.15,0.0,6.8165,1.0,0.0,0.0,0.0,0.0
1518,744.07,769.75,5724.15,5571.95,4802.2,96.928,0.0136,0.0,-769.75,0.0,6.8165,0.0,-769.75,0.0,6.8165,1.0,0.0,0.0,0.0,0.0
1519,744.34,778.8,5612.85,5514.55,4735.75,97.9665,0.0089,0.0,-778.8,0.0,6.8165,0.0,-778.8,0.0,6.8165,1.0,0.0,0.0,0.0,0.0
1520,744.6,778.4,5422.65,5364.7,4586.3,98.7522,0.0055,0.0,-778.4,0.0,6.8165,0.0,-778.4,0.0,6.8165,1.0,0.0,0.0,0.0,0.0
1521,744.87,784.4,5374.7,5224.75,4440.35,96.7333,0.0144,0.0,-784.4,0.0,6.8165,0.0,-784.4,0.0,6.8165,1.0,0.0,0.0,0.0,0.0
1522,745.13,784.15,5274.2,5132.95,4348.8,96.8542,0.0139,0.0,-784.15,0.0,6.8165,0.0,-784.15,0.0,6.8165,1.0,0.0,0.0,0.0,0.0
1523,745.39,780.6,5142.05,4990.3,4209.7,96.5207,0.0154,0.0,-780.6,0.0,6.8165,0.0,-780.6,0.0,6.8165,1.0,0.0,0.0,0.0,0.0
1524,745.66,799.25,4963.7,4822.05,4022.8,96.5986,0.015,0.0,-799.25,0.0,6.8165,0.0,-799.25,0.0,6.8165,1.0,0.0,0.0,0.0,0.0
1525,745.92,783.0,4795.75,4642.75,3859.75,96.1872,0.0169,0.0,-783.0,0.0,6.8165,0.0,-783.0,0.0,6.8165,1.0,0.0,0.0,0.0,0.0
1526,746.19,776.8,4708.9,4559.9,3783.1,96.2107,0.0168,0.0,-776.8,0.0,6.8165,0.0,-776.8,0.0,6.8165,1.0,0.0,0.0,0.0,0.0
1527,746.45,773.45,4578.45,4426.55,3653.1,96.0079,0.0177,0.0,-773.45,0.0,6.8165,0.0,-773.45,0.0,6.8165,1.0,0.0,0.0,0.0,0.0
1528,746.71,766.7,4485.5,4265.1,3498.4,94.0734,0.0265,0.0,-766.7,0.0,6.8165,0.0,-766.7,0.0,6.8165,1.0,0.0,0.0,0.0,0.0
1529,746.98,777.35,4390.4,4189.3,3411.95,94.4341,0.0249,0.0,-777.35,0.0,6.8165,0.0,-777.35,0.0,6.8165,1.0,0.0,0.0,0.0,0.0
1530,747.24,788.2,4294.55,4144.15,3355.95,95.7106,0.019,0.0,-788.2,0.0,6.8165,0.0,-788.2,0.0,6.8165,1.0,0.0,0.0,0.0,0.0
1531,747.5,780.35,4218.0,4061.6,3281.25,95.4504,0.0202,0.0,-780.35,0.0,6.8165,0.0,-780.35,0.0,6.8165,1.0,0.0,0.0,0.0,0.0
1532,747.77,786.2,4104.05,3918.65,3132.45,94.412,0.025,0.0,-786.2,0.0,6.8165,0.0,-786.2,0.0,6.8165,1.0,0.0,0.0,0.0,0.0
1533,748.03,784.35,3997.65,3865.0,3080.65,95.8718,0.0183,0.0,-784.35,0.0,6.8165,0.0,-784.35,0.0,6.8165,1.0,0.0,0.0,0.0,0.0
1534,748.29,798.4,3961.25,3806.2,3007.8,95.0978,0.0218,0.0,-798.4,0.0,6.8165,0.0,-798.4,0.0,6.8165,1.0,0.0,0.0,0.0,0.0
1535,748.56,793.4,3817.2,3721.85,2928.45,96.8467,0.0139,0.0,-793.4,0.0,6.8165,0.0,-793.4,0.0,6.8165,1.0,0.0,0.0,0.0,0.0
1536,748.82,793.8,3714.1,3640.65,2846.85,97.4848,0.0111,0.0,-793.8,0.0,6.8165,0.0,-793.8,0.0,6.8165,1.0,0.0,0.0,0.0,0.0
1537,749.08,782.4,3727.1,3650.2,2867.8,97.3885,0.0115,0.0,-782.4,0.0,6.8165,0.0,-782.4,0.0,6.8165,1.0,0.0,0.0,0.0,0.0
1538,749.34,789.05,3719.05,3570.5,2781.45,94.93,0.0226,0.0,-789.05,0.0,6.8165,0.0,-789.05,0.0,6.8165,1.0,0.0,0.0,0.0,0.0
1539,749.61,790.15,3669.9,3524.9,2734.75,94.9648,0.0224,0.0,-790.15,0.0,6.8165,0.0,-790.15,0.0,6.8165,1.0,0.0,0.0,0.0,0.0
1540,749.87,789.75,3564.85,3512.85,2723.1,98.1262,0.0082,0.0,-789.75,0.0,6.8165,0.0,-789.75,0.0,6.8165,1.0,0.0,0.0,0.0,0.0
1541,750.13,786.85,3512.35,3410.45,2623.6,96.2612,0.0165,0.0,-786.85,0.0,6.8165,0.0,-786.85,0.0,6.8165,1.0,0.0,0.0,0.0,0.0
1542,750.39,788.45,3475.9,3387.75,2599.3,96.7199,0.0145,0.0,-788.45,0.0,6.8165,0.0,-788.45,0.0,6.8165,1.0,0.0,0.0,0.0,0.0
1543,750.65,784.6,3405.25,3342.95,2558.35,97.6227,0.0104,0.0,-784.6,0.0,6.8165,0.0,-784.6,0.0,6.8165,1.0,0.0,0.0,0.0,0.0
1544,750.92,774.0,3325.35,3234.75,2460.75,96.4489,0.0157,0.0,-774.0,0.0,6.8165,0.0,-774.0,0.0,6.8165,1.0,0.0,0.0,0.0,0.0
1545,751.18,785.15,3299.8,3207.1,2421.95,96.3136,0.0163,0.0,-785.15,0.0,6.8165,0.0,-785.15,0.0,6.8165,1.0,0.0,0.0,0.0,0.0
1546,751.44,791.8,3292.15,3171.35,2379.55,95.1687,0.0215,0.0,-791.8,0.0,6.8165,0.0,-791.8,0.0,6.8165,1.0,0.0,0.0,0.0,0.0
1547,751.7,785.95,3202.05,3118.7,2332.75,96.5502,0.0152,0.0,-785.95,0.0,6.8165,0.0,-785.95,0.0,6.8165,1.0,0.0,0.0,0.0,0.0
1548,751.96,786.35,3128.05,3019.8,2233.45,95.3773,0.0206,0.0,-786.35,0.0,6.8165,0.0,-786.35,0.0,6.8165,1.0,0.0,0.0,0.0,0.0
1549,752.23,787.3,3078.9,3005.35,2218.05,96.7905,0.0142,0.0,-787.3,0.0,6.8165,0.0,-787.3,0.0,6.8165,1.0,0.0,0.0,0.0,0.0
1550,752.49,781.15,3025.2,2983.95,2202.8,98.1618,0.0081,0.0,-781.15,0.0,6.8165,0.0,-781.15,0.0,6.8165,1.0,0.0,0.0,0.0,0.0
1551,752.75,781.2,2957.0,2909.0,2127.8,97.7939,0.0097,0.0,-781.2,0.0,6.8165,0.0,-781.2,0.0,6.8165,1.0,0.0,0.0,0.0,0.0
1552,753.01,774.6,2957.2,2875.95,2101.35,96.2774,0.0165,0.0,-774.6,0.0,6.8165,0.0,-774.6,0.0,6.8165,1.0,0.0,0.0,0.0,0.0
1553,753.27,795.15,2972.8,2908.8,2113.65,97.0611,0.013,0.0,-795.15,0.0,6.8165,0.0,-795.15,0.0,6.8165,1.0,0.0,0.0,0.0,0.0
1554,753.53,787.75,2947.75,2894.0,2106.25,97.5116,0.0109,0.0,-787.75,0.0,6.8165,0.0,-787.75,0.0,6.8165,1.0,0.0,0.0,0.0,0.0
1555,753.79,790.3,2878.6,2848.3,2058.0,98.5491,0.0063,0.0,-790.3,0.0,6.8165,0.0,-790.3,0.0,6.8165,1.0,0.0,0.0,0.0,0.0
1556,754.05,788.55,2825.7,2783.45,1994.9,97.926,0.0091,0.0,-788.55,0.0,6.8165,0.0,-788.55,0.0,6.8165,1.0,0.0,0.0,0.0,0.0
1557,754.31,795.25,2784.7,2717.55,1922.3,96.6247,0.0149,0.0,-795.25,0.0,6.8165,0.0,-795.25,0.0,6.8165,1.0,0.0,0.0,0.0,0.0
1558,754.57,787.95,2709.25,2624.8,1836.85,95.6045,0.0195,0.0,-787.95,0.0,6.8165,0.0,-787.95,0.0,6.8165,1.0,0.0,0.0,0.0,0.0
1559,754.84,789.8,2673.7,2616.35,1826.55,96.9558,0.0134,0.0,-789.8,0.0,6.8165,0.0,-789.8,0.0,6.8165,1.0,0.0,0.0,0.0,0.0
1560,755.1,787.55,2669.2,2607.05,1819.5,96.697,0.0146,0.0,-787.55,0.0,6.8165,0.0,-787.55,0.0,6.8165,1.0,0.0,0.0,0.0,0.0
1561,755.36,797.05,2671.95,2628.15,1831.1,97.6639,0.0103,0.0,-797.05,0.0,6.8165,0.0,-797.05,0.0,6.8165,1.0,0.0,0.0,0.0,0.0
1562,755.62,789.4,2628.25,2608.95,1819.55,98.9504,0.0046,0.0,-789.4,0.0,6.8165,0.0,-789.4,0.0,6.8165,1.0,0.0,0.0,0.0,0.0
1563,755.88,765.9,2598.05,2567.95,1802.05,98.3571,0.0072,0.0,-765.9,0.0,6.8165,0.0,-765.9,0.0,6.8165,1.0,0.0,0.0,0.0,0.0
1564,756.14,780.0,2618.85,2540.45,1760.45,95.7365,0.0189,0.0,-780.0,0.0,6.8165,0.0,-780.0,0.0,6.8165,1.0,0.0,0.0,0.0,0.0
1565,756.4,780.2,2562.15,2513.3,1733.1,97.2586,0.0121,0.0,-780.2,0.0,6.8165,0.0,-780.2,0.0,6.8165,1.0,0.0,0.0,0.0,0.0
1566,756.66,777.8,2518.3,2486.7,1708.9,98.1844,0.008,0.0,-777.8,0.0,6.8165,0.0,-777.8,0.0,6.8165,1.0,0.0,0.0,0.0,0.0
1567,756.92,786.7,2511.8,2477.1,1690.4,97.9885,0.0088,0.0,-786.7,0.0,6.8165,0.0,-786.7,0.0,6.8165,1.0,0.0,0.0,0.0,0.0
1568,757.18,782.15,2448.4,2441.55,1659.4,99.5889,0.0018,0.0,-782.15,0.0,6.8165,0.0,-782.15,0.0,6.8165,1.0,0.0,0.0,0.0,0.0
1569,757.43,787.25,2476.2,2427.35,1640.1,97.1077,0.0127,0.0,-787.25,0.0,6.8165,0.0,-787.25,0.0,6.8165,1.0,0.0,0.0,0.0,0.0
1570,757.69,792.45,2433.5,2400.25,1607.8,97.9739,0.0089,0.0,-792.45,0.0,6.8165,0.0,-792.45,0.0,6.8165,1.0,0.0,0.0,0.0,0.0
1571,757.95,796.2,2455.2,2382.35,1586.15,95.6088,0.0195,0.0,-796.2,0.0,6.8165,0.0,-796.2,0.0,6.8165,1.0,0.0,0.0,0.0,0.0
1572,758.21,798.1,2432.85,2373.95,1575.85,96.397,0.0159,0.0,-798.1,0.0,6.8165,0.0,-798.1,0.0,6.8165,1.0,0.0,0.0,0.0,0.0
1573,758.47,785.15,2423.45,2374.25,1589.1,96.9969,0.0132,0.0,-785.15,0.0,6.8165,0.0,-785.15,0.0,6.8165,1.0,0.0,0.0,0.0,0.0
1574,758.73,785.6,2399.65,2328.45,1542.85,95.5887,0.0196,0.0,-785.6,0.0,6.8165,0.0,-785.6,0.0,6.8165,1.0,0.0,0.0,0.0,0.0
1575,758.99,776.45,2426.4,2359.6,1583.15,95.9514,0.0179,0.0,-776.45,0.0,6.8165,0.0,-776.45,0.0,6.8165,1.0,0.0,0.0,0.0,0.0
1576,759.25,787.05,2442.2,2365.8,1578.75,95.3841,0.0205,0.0,-787.05,0.0,6.8165,0.0,-787.05,0.0,6.8165,1.0,0.0,0.0,0.0,0.0
1577,759.51,783.55,2414.2,2353.05,1569.5,96.25,0.0166,0.0,-783.55,0.0,6.8165,0.0,-783.55,0.0,6.8165,1.0,0.0,0.0,0.0,0.0
1578,759.77,782.5,2435.85,2345.05,1562.55,94.5081,0.0245,0.0,-782.5,0.0,6.8165,0.0,-782.5,0.0,6.8165,1.0,0.0,0.0,0.0,0.0
1579,760.02,781.75,2417.65,2361.0,1579.25,96.5371,0.0153,0.0,-781.75,0.0,6.8165,0.0,-781.75,0.0,6.8165,1.0,0.0,0.0,0.0,0.0
1580,760.28,802.1,2384.2,2363.55,1561.45,98.6948,0.0057,0.0,-802.1,0.0,6.8165,0.0,-802.1,0.0,6.8165,1.0,0.0,0.0,0.0,0.0
1581,760.54,795.9,2401.15,2361.25,1565.35,97.5144,0.0109,0.0,-795.9,0.0,6.8165,0.0,-795.9,0.0,6.8165,1.0,0.0,0.0,0.0,0.0
1582,760.8,791.6,2415.8,2357.2,1565.6,96.3921,0.016,0.0,-791.6,0.0,6.8165,0.0,-791.6,0.0,6.8165,1.0,0.0,0.0,0.0,0.0
1583,761.06,778.15,2408.6,2367.6,1589.45,97.4854,0.0111,0.0,-778.15,0.0,6.8165,0.0,-778.15,0.0,6.8165,1.0,0.0,0.0,0.0,0.0
1584,761.32,784.9,2380.95,2351.55,1566.65,98.158,0.0081,0.0,-784.9,0.0,6.8165,0.0,-784.9,0.0,6.8165,1.0,0.0,0.0,0.0,0.0
1585,761.57,784.15,2341.75,2336.65,1552.5,99.6726,0.0014,0.0,-784.15,0.0,6.8165,0.0,-784.15,0.0,6.8165,1.0,0.0,0.0,0.0,0.0
1586,761.83,778.95,2360.65,2353.0,1574.05,99.5163,0.0021,0.0,-778.95,0.0,6.8165,0.0,-778.95,0.0,6.8165,1.0,0.0,0.0,0.0,0.0
1587,762.09,782.95,2368.65,2348.45,1565.5,98.7261,0.0056,0.0,-782.95,0.0,6.8165,0.0,-782.95,0.0,6.8165,1.0,0.0,0.0,0.0,0.0
1588,762.35,794.6,2348.4,2337.35,1542.75,99.2888,0.0031,0.0,-794.6,0.0,6.8165,0.0,-794.6,0.0,6.8165,1.0,0.0,0.0,0.0,0.0
1589,762.6,781.95,2357.35,2337.0,1555.05,98.7083,0.0056,0.0,-781.95,0.0,6.8165,0.0,-781.95,0.0,6.8165,1.0,0.0,0.0,0.0,0.0
1590,762.86,779.25,2358.85,2368.1,1588.85,100.5856,-0.0025,0.0,-779.25,0.0,6.8165,0.0,-779.25,0.0,6.8165,1.0,0.0,0.0,0.0,0.0
1591,763.12,770.7,2379.3,2348.2,1577.5,98.0666,0.0085,0.0,-770.7,0.0,6.8165,0.0,-770.7,0.0,6.8165,1.0,0.0,0.0,0.0,0.0
1592,763.38,781.5,2381.05,2352.35,1570.85,98.2057,0.0079,0.0,-781.5,0.0,6.8165,0.0,-781.5,0.0,6.8165,1.0,0.0,0.0,0.0,0.0
1593,763.63,770.15,2439.9,2427.25,1657.1,99.2424,0.0033,0.0,-770.15,0.0,6.8165,0.0,-770.15,0.0,6.8165,1.0,0.0,0.0,0.0,0.0
1594,763.89,787.55,2528.5,2524.95,1737.4,99.7961,0.0009,0.0,-787.55,0.0,6.8165,0.0,-787.55,0.0,6.8165,1.0,0.0,0.0,0.0,0.0
1595,764.15,775.5,2638.55,2615.2,1839.7,98.7467,0.0055,0.0,-775.5,0.0,6.8165,0.0,-775.5,0.0,6.8165,1.0,0.0,0.0,0.0,0.0
1596,764.4,784.2,2718.75,2794.95,2010.75,103.9389,-0.0168,0.0,-784.2,0.0,6.8165,0.0,-784.2,0.0,6.8165,1.0,0.0,0.0,0.0,0.0
1597,764.66,786.1,2818.1,2907.6,2121.5,104.4045,-0.0187,0.0,-786.1,0.0,6.8165,0.0,-786.1,0.0,6.8165,1.0,0.0,0.0,0.0,0.0
1598,764.92,789.25,2985.5,3051.75,2262.5,103.0165,-0.0129,0.0,-789.25,0.0,6.8165,0.0,-789.25,0.0,6.8165,1.0,0.0,0.0,0.0,0.0
1599,765.17,791.1,3066.3,3161.75,2370.65,104.1952,-0.0178,0.0,-791.1,0.0,6.8165,0.0,-791.1,0.0,6.8165,1.0,0.0,0.0,0.0,0.0
1600,765.43,800.25,3052.1,3134.8,2334.55,103.6725,-0.0157,0.0,-800.25,0.0,6.8165,0.0,-800.25,0.0,6.8165,1.0,0.0,0.0,0.0,0.0
1601,765.69,792.65,3058.85,3115.0,2322.35,102.4777,-0.0106,0.0,-792.65,0.0,6.8165,0.0,-792.65,0.0,6.8165,1.0,0.0,0.0,0.0,0.0
1602,765.94,801.85,3002.65,3074.4,2272.55,103.2602,-0.0139,0.0,-801.85,0.0,6.8165,0.0,-801.85,0.0,6.8165,1.0,0.0,0.0,0.0,0.0
1603,766.2,782.35,2862.05,2923.6,2141.25,102.9596,-0.0127,0.0,-782.35,0.0,6.8165,0.0,-782.35,0.0,6.8165,1.0,0.0,0.0,0.0,0.0
1604,766.45,773.7,2696.7,2754.65,1980.95,103.0135,-0.0129,0.0,-773.7,0.0,6.8165,0.0,-773.7,0.0,6.8165,1.0,0.0,0.0,0.0,0.0
1605,766.71,785.05,2638.3,2627.35,1842.3,99.4091,0.0026,0.0,-785.05,0.0,6.8165,0.0,-785.05,0.0,6.8165,1.0,0.0,0.0,0.0,0.0
1606,766.97,795.05,2563.65,2549.25,1754.2,99.1858,0.0036,0.0,-795.05,0.0,6.8165,0.0,-795.05,0.0,6.8165,1.0,0.0,0.0,0.0,0.0
1607,767.22,796.9,2436.25,2390.5,1593.6,97.2093,0.0123,0.0,-796.9,0.0,6.8165,0.0,-796.9,0.0,6.8165,1.0,0.0,0.0,0.0,0.0
1608,767.48,797.8,2304.85,2291.8,1494.0,99.1341,0.0038,0.0,-797.8,0.0,6.8165,0.0,-797.8,0.0,6.8165,1.0,0.0,0.0,0.0,0.0
1609,767.73,802.35,2260.65,2220.75,1418.4,97.2639,0.012,0.0,-802.35,0.0,6.8165,0.0,-802.35,0.0,6.8165,1.0,0.0,0.0,0.0,0.0
1610,767.99,797.5,2191.0,2156.15,1358.65,97.4991,0.011,0.0,-797.5,0.0,6.8165,0.0,-797.5,0.0,6.8165,1.0,0.0,0.0,0.0,0.0
1611,768.24,790.2,2140.5,2087.7,1297.5,96.0898,0.0173,0.0,-790.2,0.0,6.8165,0.0,-790.2,0.0,6.8165,1.0,0.0,0.0,0.0,0.0
1612,768.5,792.5,2083.95,2041.9,1249.4,96.744,0.0144,0.0,-792.5,0.0,6.8165,0.0,-792.5,0.0,6.8165,1.0,0.0,0.0,0.0,0.0
1613,768.75,788.75,2021.6,2006.3,1217.55,98.759,0.0054,0.0,-788.75,0.0,6.8165,0.0,-788.75,0.0,6.8165,1.0,0.0,0.0,0.0,0.0
1614,769.01,793.7,2000.1,1943.65,1149.95,95.3208,0.0208,0.0,-793.7,0.0,6.8165,0.0,-793.7,0.0,6.8165,1.0,0.0,0.0,0.0,0.0
1615,769.26,790.15,1940.5,1901.25,1111.1,96.588,0.0151,0.0,-790.15,0.0,6.8165,0.0,-790.15,0.0,6.8165,1.0,0.0,0.0,0.0,0.0
1616,769.52,786.25,1896.3,1871.5,1085.25,97.7659,0.0098,0.0,-786.25,0.0,6.8165,0.0,-786.25,0.0,6.8165,1.0,0.0,0.0,0.0,0.0
1617,769.77,773.35,1893.6,1818.05,1044.7,93.256,0.0303,0.0,-773.35,0.0,6.8165,0.0,-773.35,0.0,6.8165,1.0,0.0,0.0,0.0,0.0
1618,770.03,785.25,1861.85,1799.8,1014.55,94.2365,0.0258,0.0,-785.25,0.0,6.8165,0.0,-785.25,0.0,6.8165,1.0,0.0,0.0,0.0,0.0
1619,770.28,784.95,1828.25,1768.5,983.55,94.273,0.0256,0.0,-784.95,0.0,6.8165,0.0,-784.95,0.0,6.8165,1.0,0.0,0.0,0.0,0.0
1620,770.54,801.15,1799.6,1752.25,951.1,95.2576,0.0211,0.0,-801.15,0.0,6.8165,0.0,-801.15,0.0,6.8165,1.0,0.0,0.0,0.0,0.0
1621,770.79,799.5,1810.55,1738.75,939.25,92.8985,0.032,0.0,-799.5,0.0,6.8165,0.0,-799.5,0.0,6.8165,1.0,0.0,0.0,0.0,0.0
1622,771.04,789.3,1787.95,1702.95,913.65,91.4885,0.0386,0.0,-789.3,0.0,6.8165,0.0,-789.3,0.0,6.8165,1.0,0.0,0.0,0.0,0.0
1623,771.3,796.75,1774.75,1698.75,902.0,92.229,0.0351,0.0,-796.75,0.0,6.8165,0.0,-796.75,0.0,6.8165,1.0,0.0,0.0,0.0,0.0
1624,771.55,787.65,1758.1,1680.3,892.65,91.9831,0.0363,0.0,-787.65,0.0,6.8165,0.0,-787.65,0.0,6.8165,1.0,0.0,0.0,0.0,0.0
1625,771.81,790.85,1706.45,1648.7,857.85,93.6927,0.0283,0.0,-790.85,0.0,6.8165,0.0,-790.85,0.0,6.8165,1.0,0.0,0.0,0.0,0.0
1626,772.06,782.2,1699.25,1641.15,858.95,93.6645,0.0284,0.0,-782.2,0.0,6.8165,0.0,-782.2,0.0,6.8165,1.0,0.0,0.0,0.0,0.0
1627,772.31,787.25,1681.55,1606.4,819.15,91.5968,0.0381,0.0,-787.25,0.0,6.8165,0.0,-787.25,0.0,6.8165,1.0,0.0,0.0,0.0,0.0
1628,772.57,780.85,1675.85,1596.15,815.3,91.095,0.0405,0.0,-780.85,0.0,6.8165,0.0,-780.85,0.0,6.8165,1.0,0.0,0.0,0.0,0.0
1629,772.82,787.55,1681.8,1571.35,783.8,87.6489,0.0573,0.0,-787.55,0.0,6.8165,0.0,-787.55,0.0,6.8165,1.0,0.0,0.0,0.0,0.0
1630,773.07,778.3,1655.0,1566.45,788.15,89.8996,0.0462,0.0,-778.3,0.0,6.8165,0.0,-778.3,0.0,6.8165,1.0,0.0,0.0,0.0,0.0
1631,773.33,785.7,1635.6,1554.9,769.2,90.5048,0.0433,0.0,-785.7,0.0,6.8165,0.0,-785.7,0.0,6.8165,1.0,0.0,0.0,0.0,0.0
1632,773.58,795.8,1621.85,1555.75,759.95,91.9981,0.0362,0.0,-795.8,0.0,6.8165,0.0,-795.8,0.0,6.8165,1.0,0.0,0.0,0.0,0.0
1633,773.83,787.75,1609.5,1531.85,744.1,90.5507,0.0431,0.0,-787.75,0.0,6.8165,0.0,-787.75,0.0,6.8165,1.0,0.0,0.0,0.0,0.0
1634,774.09,773.4,1601.95,1497.05,723.65,87.3393,0.0588,0.0,-773.4,0.0,6.8165,0.0,-773.4,0.0,6.8165,1.0,0.0,0.0,0.0,0.0
1635,774.34,782.4,1577.2,1471.65,689.25,86.7199,0.0619,0.0,-782.4,0.0,6.8165,0.0,-782.4,0.0,6.8165,1.0,0.0,0.0,0.0,0.0
1636,774.59,778.3,1563.35,1466.3,688.0,87.6377,0.0573,0.0,-778.3,0.0,6.8165,0.0,-778.3,0.0,6.8165,1.0,0.0,0.0,0.0,0.0
1637,774.85,771.0,1547.0,1454.25,683.25,88.0477,0.0553,0.0,-771.0,0.0,6.8165,0.0,-771.0,0.0,6.8165,1.0,0.0,0.0,0.0,0.0
1638,775.1,793.4,1549.4,1468.25,674.85,89.2659,0.0493,0.0,-793.4,0.0,6.8165,0.0,-793.4,0.0,6.8165,1.0,0.0,0.0,0.0,0.0
1639,775.35,791.95,1554.95,1434.45,642.5,84.2071,0.0747,0.0,-791.95,0.0,6.8165,0.0,-791.95,0.0,6.8165,1.0,0.0,0.0,0.0,0.0
1640,775.6,788.3,1519.3,1427.55,639.25,87.4487,0.0582,0.0,-788.3,0.0,6.8165,0.0,-788.3,0.0,6.8165,1.0,0.0,0.0,0.0,0.0
1641,775.85,791.1,1522.95,1410.2,619.1,84.5938,0.0727,0.0,-791.1,0.0,6.8165,0.0,-791.1,0.0,6.8165,1.0,0.0,0.0,0.0,0.0
1642,776.11,787.45,1513.9,1393.0,605.55,83.3574,0.0791,0.0,-787.45,0.0,6.8165,0.0,-787.45,0.0,6.8165,1.0,0.0,0.0,0.0,0.0
1643,776.36,783.95,1482.65,1387.9,603.95,86.4391,0.0633,0.0,-783.95,0.0,6.8165,0.0,-783.95,0.0,6.8165,1.0,0.0,0.0,0.0,0.0
1644,776.61,791.25,1489.1,1402.0,610.75,87.5188,0.0579,0.0,-791.25,0.0,6.8165,0.0,-791.25,0.0,6.8165,1.0,0.0,0.0,0.0,0.0
1645,776.86,791.1,1489.7,1391.5,600.4,85.9433,0.0658,0.0,-791.1,0.0,6.8165,0.0,-791.1,0.0,6.8165,1.0,0.0,0.0,0.0,0.0
1646,777.11,772.65,1494.1,1394.85,622.2,86.243,0.0643,0.0,-772.65,0.0,6.8165,0.0,-772.65,0.0,6.8165,1.0,0.0,0.0,0.0,0.0
1647,777.37,789.9,1483.7,1386.35,596.45,85.9686,0.0657,0.0,-789.9,0.0,6.8165,0.0,-789.9,0.0,6.8165,1.0,0.0,0.0,0.0,0.0
1648,777.62,788.8,1482.7,1379.75,590.95,85.1636,0.0697,0.0,-788.8,0.0,6.8165,0.0,-788.8,0.0,6.8165,1.0,0.0,0.0,0.0,0.0
1649,777.87,795.85,1466.65,1377.1,581.25,86.6503,0.0622,0.0,-795.85,0.0,6.8165,0.0,-795.85,0.0,6.8165,1.0,0.0,0.0,0.0,0.0
1650,778.12,787.25,1463.95,1340.7,553.45,81.7866,0.0873,0.0,-787.25,0.0,6.8165,0.0,-787.25,0.0,6.8165,1.0,0.0,0.0,0.0,0.0
1651,778.37,791.1,1448.15,1349.0,557.9,84.9098,0.071,0.0,-791.1,0.0,6.8165,0.0,-791.1,0.0,6.8165,1.0,0.0,0.0,0.0,0.0
1652,778.62,787.1,1439.4,1329.0,541.9,83.0753,0.0805,0.0,-787.1,0.0,6.8165,0.0,-787.1,0.0,6.8165,1.0,0.0,0.0,0.0,0.0
1653,778.87,786.55,1441.35,1334.35,547.8,83.6591,0.0775,0.0,-786.55,0.0,6.8165,0.0,-786.55,0.0,6.8165,1.0,0.0,0.0,0.0,0.0
1654,779.12,788.5,1434.1,1354.9,566.4,87.7323,0.0568,0.0,-788.5,0.0,6.8165,0.0,-788.5,0.0,6.8165,1.0,0.0,0.0,0.0,0.0
1655,779.38,793.3,1424.85,1344.35,551.05,87.2536,0.0592,0.0,-793.3,0.0,6.8165,0.0,-793.3,0.0,6.8165,1.0,0.0,0.0,0.0,0.0
1656,779.63,794.7,1434.2,1328.0,533.3,83.3933,0.0789,0.0,-794.7,0.0,6.8165,0.0,-794.7,0.0,6.8165,1.0,0.0,0.0,0.0,0.0
1657,779.88,782.5,1439.4,1315.15,532.65,81.0854,0.0911,0.0,-782.5,0.0,6.8165,0.0,-782.5,0.0,6.8165,1.0,0.0,0.0,0.0,0.0
1658,780.13,782.95,1421.4,1328.7,545.75,85.4805,0.0681,0.0,-782.95,0.0,6.8165,0.0,-782.95,0.0,6.8165,1.0,0.0,0.0,0.0,0.0
1659,780.38,798.5,1416.7,1310.6,512.1,82.8373,0.0818,0.0,-798.5,0.0,6.8165,0.0,-798.5,0.0,6.8165,1.0,0.0,0.0,0.0,0.0
1660,780.63,805.85,1416.55,1329.7,523.85,85.7786,0.0666,0.0,-805.85,0.0,6.8165,0.0,-805.85,0.0,6.8165,1.0,0.0,0.0,0.0,0.0
1661,780.88,785.3,1414.9,1308.8,523.5,83.148,0.0801,0.0,-785.3,0.0,6.8165,0.0,-785.3,0.0,6.8165,1.0,0.0,0.0,0.0,0.0
1662,781.13,785.8,1409.7,1302.65,516.85,82.8418,0.0818,0.0,-785.8,0.0,6.8165,0.0,-785.8,0.0,6.8165,1.0,0.0,0.0,0.0,0.0
1663,781.38,792.35,1412.1,1295.3,502.95,81.1537,0.0907,0.0,-792.35,0.0,6.8165,0.0,-792.35,0.0,6.8165,1.0,0.0,0.0,0.0,0.0
1664,781.63,778.5,1410.0,1298.4,519.9,82.3278,0.0845,0.0,-778.5,0.0,6.8165,0.0,-778.5,0.0,6.8165,1.0,0.0,0.0,0.0,0.0
1665,781.88,791.5,1400.45,1317.9,526.4,86.4439,0.0633,0.0,-791.5,0.0,6.8165,0.0,-791.5,0.0,6.8165,1.0,0.0,0.0,0.0,0.0
1666,782.13,795.95,1393.9,1317.65,521.7,87.2481,0.0592,0.0,-795.95,0.0,6.8165,0.0,-795.95,0.0,6.8165,1.0,0.0,0.0,0.0,0.0
1667,782.38,788.65,1385.45,1305.15,516.5,86.5449,0.0628,0.0,-788.65,0.0,6.8165,0.0,-788.65,0.0,6.8165,1.0,0.0,0.0,0.0,0.0
1668,782.63,780.75,1414.75,1296.15,515.4,81.2934,0.0899,0.0,-780.75,0.0,6.8165,0.0,-780.75,0.0,6.8165,1.0,0.0,0.0,0.0,0.0
1669,782.88,791.2,1413.55,1313.5,522.3,83.9238,0.0761,0.0,-791.2,0.0,6.8165,0.0,-791.2,0.0,6.8165,1.0,0.0,0.0,0.0,0.0
1670,783.13,789.2,1398.65,1315.95,526.75,86.4304,0.0633,0.0,-789.2,0.0,6.8165,0.0,-789.2,0.0,6.8165,1.0,0.0,0.0,0.0,0.0
1671,783.38,792.5,1395.35,1312.4,519.9,86.2404,0.0643,0.0,-792.5,0.0,6.8165,0.0,-792.5,0.0,6.8165,1.0,0.0,0.0,0.0,0.0
1672,783.62,803.25,1396.1,1300.1,496.85,83.807,0.0767,0.0,-803.25,0.0,6.8165,0.0,-803.25,0.0,6.8165,1.0,0.0,0.0,0.0,0.0
1673,783.87,792.35,1397.45,1305.75,513.4,84.8455,0.0714,0.0,-792.35,0.0,6.8165,0.0,-792.35,0.0,6.8165,1.0,0.0,0.0,0.0,0.0
1674,784.12,774.2,1404.65,1298.75,524.55,83.2025,0.0799,0.0,-774.2,0.0,6.8165,0.0,-774.2,0.0,6.8165,1.0,0.0,0.0,0.0,0.0
1675,784.37,784.05,1421.4,1312.6,528.55,82.9293,0.0813,0.0,-784.05,0.0,6.8165,0.0,-784.05,0.0,6.8165,1.0,0.0,0.0,0.0,0.0
1676,784.62,783.2,1409.8,1310.95,527.75,84.2244,0.0746,0.0,-783.2,0.0,6.8165,0.0,-783.2,0.0,6.8165,1.0,0.0,0.0,0.0,0.0
1677,784.87,788.6,1420.5,1308.2,519.6,82.2282,0.085,0.0,-788.6,0.0,6.8165,0.0,-788.6,0.0,6.8165,1.0,0.0,0.0,0.0,0.0
1678,785.12,799.45,1418.25,1287.35,487.9,78.8462,0.1032,0.0,-799.45,0.0,6.8165,0.0,-799.45,0.0,6.8165,1.0,0.0,0.0,0.0,0.0
1679,785.37,794.65,1417.6,1296.35,501.7,80.5362,0.094,0.0,-794.65,0.0,6.8165,0.0,-794.65,0.0,6.8165,1.0,0.0,0.0,0.0,0.0
1680,785.61,787.8,1405.05,1301.05,513.25,83.1511,0.0801,0.0,-787.8,0.0,6.8165,0.0,-787.8,0.0,6.8165,1.0,0.0,0.0,0.0,0.0
1681,785.86,785.65,1404.1,1312.15,526.5,85.1322,0.0699,0.0,-785.65,0.0,6.8165,0.0,-785.65,0.0,6.8165,1.0,0.0,0.0,0.0,0.0
1682,786.11,790.4,1402.05,1315.3,524.9,85.8171,0.0664,0.0,-790.4,0.0,6.8165,0.0,-790.4,0.0,6.8165,1.0,0.0,0.0,0.0,0.0
1683,786.36,794.3,1423.35,1305.55,511.25,81.2733,0.0901,0.0,-794.3,0.0,6.8165,0.0,-794.3,0.0,6.8165,1.0,0.0,0.0,0.0,0.0
1684,786.61,800.15,1394.8,1320.95,520.8,87.5809,0.0576,0.0,-800.15,0.0,6.8165,0.0,-800.15,0.0,6.8165,1.0,0.0,0.0,0.0,0.0
1685,786.85,800.5,1418.55,1304.25,503.75,81.5064,0.0888,0.0,-800.5,0.0,6.8165,0.0,-800.5,0.0,6.8165,1.0,0.0,0.0,0.0,0.0
1686,787.1,784.9,1383.45,1297.7,512.8,85.6737,0.0672,0.0,-784.9,0.0,6.8165,0.0,-784.9,0.0,6.8165,1.0,0.0,0.0,0.0,0.0
1687,787.35,780.7,1412.35,1303.9,523.2,82.8307,0.0818,0.0,-780.7,0.0,6.8165,0.0,-780.7,0.0,6.8165,1.0,0.0,0.0,0.0,0.0
1688,787.6,777.35,1394.95,1309.25,531.9,86.1237,0.0649,0.0,-777.35,0.0,6.8165,0.0,-777.35,0.0,6.8165,1.0,0.0,0.0,0.0,0.0
1689,787.84,785.05,1382.4,1307.25,522.2,87.4194,0.0584,0.0,-785.05,0.0,6.8165,0.0,-785.05,0.0,6.8165,1.0,0.0,0.0,0.0,0.0
1690,788.09,783.55,1400.2,1302.3,518.75,84.1239,0.0751,0.0,-783.55,0.0,6.8165,0.0,-783.55,0.0,6.8165,1.0,0.0,0.0,0.0,0.0
1691,788.34,793.1,1397.2,1306.1,513.0,84.9197,0.071,0.0,-793.1,0.0,6.8165,0.0,-793.1,0.0,6.8165,1.0,0.0,0.0,0.0,0.0
1692,788.59,778.65,1382.85,1303.15,524.5,86.809,0.0614,0.0,-778.65,0.0,6.8165,0.0,-778.65,0.0,6.8165,1.0,0.0,0.0,0.0,0.0
1693,788.83,777.0,1376.0,1315.1,538.1,89.8331,0.0466,0.0,-777.0,0.0,6.8165,0.0,-777.0,0.0,6.8165,1.0,0.0,0.0,0.0,0.0
1694,789.08,782.9,1390.45,1322.85,539.95,88.8733,0.0512,0.0,-782.9,0.0,6.8165,0.0,-782.9,0.0,6.8165,1.0,0.0,0.0,0.0,0.0
1695,789.33,798.45,1412.55,1325.8,527.35,85.8736,0.0661,0.0,-798.45,0.0,6.8165,0.0,-798.45,0.0,6.8165,1.0,0.0,0.0,0.0,0.0
1696,789.57,777.25,1422.4,1345.4,568.15,88.0648,0.0552,0.0,-777.25,0.0,6.8165,0.0,-777.25,0.0,6.8165,1.0,0.0,0.0,0.0,0.0
1697,789.82,798.1,1431.55,1333.2,535.1,84.4739,0.0733,0.0,-798.1,0.0,6.8165,0.0,-798.1,0.0,6.8165,1.0,0.0,0.0,0.0,0.0
1698,790.07,774.4,1432.85,1332.25,557.85,84.7217,0.072,0.0,-774.4,0.0,6.8165,0.0,-774.4,0.0,6.8165,1.0,0.0,0.0,0.0,0.0
1699,790.31,782.25,1442.0,1352.4,570.15,86.4191,0.0634,0.0,-782.25,0.0,6.8165,0.0,-782.25,0.0,6.8165,1.0,0.0,0.0,0.0,0.0
1700,790.56,780.45,1449.4,1376.25,595.8,89.065,0.0503,0.0,-780.45,0.0,6.8165,0.0,-780.45,0.0,6.8165,1.0,0.0,0.0,0.0,0.0
1701,790.8,784.95,1425.85,1343.9,558.95,87.2133,0.0594,0.0,-784.95,0.0,6.8165,0.0,-784.95,0.0,6.8165,1.0,0.0,0.0,0.0,0.0
1702,791.05,790.3,1434.0,1337.45,547.15,85.0008,0.0706,0.0,-790.3,0.0,6.8165,0.0,-790.3,0.0,6.8165,1.0,0.0,0.0,0.0,0.0
1703,791.3,778.1,1420.1,1327.05,548.95,85.5062,0.068,0.0,-778.1,0.0,6.8165,0.0,-778.1,0.0,6.8165,1.0,0.0,0.0,0.0,0.0
1704,791.54,783.5,1413.1,1328.2,544.7,86.5152,0.0629,0.0,-783.5,0.0,6.8165,0.0,-783.5,0.0,6.8165,1.0,0.0,0.0,0.0,0.0
1705,791.79,790.85,1407.65,1313.75,522.9,84.7763,0.0717,0.0,-790.85,0.0,6.8165,0.0,-790.85,0.0,6.8165,1.0,0.0,0.0,0.0,0.0
1706,792.03,777.5,1402.8,1278.95,501.45,80.1935,0.0959,0.0,-777.5,0.0,6.8165,0.0,-777.5,0.0,6.8165,1.0,0.0,0.0,0.0,0.0
1707,792.28,791.05,1371.7,1273.45,482.4,83.0793,0.0805,0.0,-791.05,0.0,6.8165,0.0,-791.05,0.0,6.8165,1.0,0.0,0.0,0.0,0.0
1708,792.53,781.15,1353.85,1257.65,476.5,83.2024,0.0799,0.0,-781.15,0.0,6.8165,0.0,-781.15,0.0,6.8165,1.0,0.0,0.0,0.0,0.0
1709,792.77,796.85,1366.85,1248.7,451.85,79.2719,0.1009,0.0,-796.85,0.0,6.8165,0.0,-796.85,0.0,6.8165,1.0,0.0,0.0,0.0,0.0
1710,793.02,782.5,1335.45,1241.3,458.8,82.9731,0.0811,0.0,-782.5,0.0,6.8165,0.0,-782.5,0.0,6.8165,1.0,0.0,0.0,0.0,0.0
1711,793.26,792.2,1331.2,1235.85,443.65,82.3098,0.0845,0.0,-792.2,0.0,6.8165,0.0,-792.2,0.0,6.8165,1.0,0.0,0.0,0.0,0.0
1712,793.51,785.55,1340.4,1207.6,422.05,76.0656,0.1188,0.0,-785.55,0.0,6.8165,0.0,-785.55,0.0,6.8165,1.0,0.0,0.0,0.0,0.0
1713,793.75,782.65,1299.7,1210.8,428.15,82.8063,0.0819,0.0,-782.65,0.0,6.8165,0.0,-782.65,0.0,6.8165,1.0,0.0,0.0,0.0,0.0
1714,794.0,796.65,1312.45,1179.25,382.6,74.176,0.1297,0.0,-796.65,0.0,6.8165,0.0,-796.65,0.0,6.8165,1.0,0.0,0.0,0.0,0.0
1715,794.24,779.6,1310.6,1173.05,393.45,74.096,0.1302,0.0,-779.6,0.0,6.8165,0.0,-779.6,0.0,6.8165,1.0,0.0,0.0,0.0,0.0
1716,794.49,780.5,1294.2,1167.2,386.7,75.2774,0.1233,0.0,-780.5,0.0,6.8165,0.0,-780.5,0.0,6.8165,1.0,0.0,0.0,0.0,0.0
1717,794.73,780.25,1273.8,1179.45,399.2,80.8834,0.0921,0.0,-780.25,0.0,6.8165,0.0,-780.25,0.0,6.8165,1.0,0.0,0.0,0.0,0.0
1718,794.97,783.35,1284.2,1163.55,380.2,75.911,0.1197,0.0,-783.35,0.0,6.8165,0.0,-783.35,0.0,6.8165,1.0,0.0,0.0,0.0,0.0
1719,795.22,788.0,1269.9,1155.25,367.25,76.2088,0.118,0.0,-788.0,0.0,6.8165,0.0,-788.0,0.0,6.8165,1.0,0.0,0.0,0.0,0.0
1720,795.46,793.35,1265.95,1144.7,351.35,74.3441,0.1288,0.0,-793.35,0.0,6.8165,0.0,-793.35,0.0,6.8165,1.0,0.0,0.0,0.0,0.0
1721,795.71,794.15,1237.4,1138.95,344.8,77.7891,0.1091,0.0,-794.15,0.0,6.8165,0.0,-794.15,0.0,6.8165,1.0,0.0,0.0,0.0,0.0
1722,795.95,790.9,1248.2,1123.9,333.0,72.8187,0.1378,0.0,-790.9,0.0,6.8165,0.0,-790.9,0.0,6.8165,1.0,0.0,0.0,0.0,0.0
1723,796.19,796.85,1233.85,1129.65,332.8,76.1556,0.1183,0.0,-796.85,0.0,6.8165,0.0,-796.85,0.0,6.8165,1.0,0.0,0.0,0.0,0.0
1724,796.44,789.55,1236.35,1124.8,335.25,75.0336,0.1247,0.0,-789.55,0.0,6.8165,0.0,-789.55,0.0,6.8165,1.0,0.0,0.0,0.0,0.0
1725,796.68,789.05,1245.85,1091.5,302.45,66.2106,0.1791,0.0,-789.05,0.0,6.8165,0.0,-789.05,0.0,6.8165,1.0,0.0,0.0,0.0,0.0
1726,796.93,782.7,1228.15,1090.05,307.35,68.9976,0.1612,0.0,-782.7,0.0,6.8165,0.0,-782.7,0.0,6.8165,1.0,0.0,0.0,0.0,0.0
1727,797.17,789.55,1231.45,1093.45,303.9,68.7712,0.1626,0.0,-789.55,0.0,6.8165,0.0,-789.55,0.0,6.8165,1.0,0.0,0.0,0.0,0.0
1728,797.41,798.6,1239.15,1101.95,303.35,68.8571,0.1621,0.0,-798.6,0.0,6.8165,0.0,-798.6,0.0,6.8165,1.0,0.0,0.0,0.0,0.0
1729,797.66,787.15,1239.9,1083.25,296.1,65.4003,0.1844,0.0,-787.15,0.0,6.8165,0.0,-787.15,0.0,6.8165,1.0,0.0,0.0,0.0,0.0
1730,797.9,785.6,1231.7,1072.0,286.4,64.2009,0.1925,0.0,-785.6,0.0,6.8165,0.0,-785.6,0.0,6.8165,1.0,0.0,0.0,0.0,0.0
1731,798.14,783.6,1218.8,1079.5,295.9,67.9917,0.1675,0.0,-783.6,0.0,6.8165,0.0,-783.6,0.0,6.8165,1.0,0.0,0.0,0.0,0.0
1732,798.39,796.55,1216.85,1053.3,256.75,61.0873,0.214,0.0,-796.55,0.0,6.8165,0.0,-796.55,0.0,6.8165,1.0,0.0,0.0,0.0,0.0
1733,798.63,783.3,1223.75,1072.7,289.4,65.7055,0.1824,0.0,-783.3,0.0,6.8165,0.0,-783.3,0.0,6.8165,1.0,0.0,0.0,0.0,0.0
1734,798.87,796.65,1226.5,1059.35,262.7,61.1143,0.2139,0.0,-796.65,0.0,6.8165,0.0,-796.65,0.0,6.8165,1.0,0.0,0.0,0.0,0.0
1735,799.11,790.4,1203.25,1057.3,266.9,64.6482,0.1894,0.0,-790.4,0.0,6.8165,0.0,-790.4,0.0,6.8165,1.0,0.0,0.0,0.0,0.0
1736,799.36,792.75,1214.75,1049.65,256.9,60.8768,0.2155,0.0,-792.75,0.0,6.8165,0.0,-792.75,0.0,6.8165,1.0,0.0,0.0,0.0,0.0
1737,799.6,785.8,1203.05,1047.3,261.5,62.6723,0.2029,0.0,-785.8,0.0,6.8165,0.0,-785.8,0.0,6.8165,1.0,0.0,0.0,0.0,0.0
1738,799.84,795.25,1194.5,1030.0,234.75,58.7977,0.2306,0.0,-795.25,0.0,6.8165,0.0,-795.25,0.0,6.8165,1.0,0.0,0.0,0.0,0.0
1739,800.08,787.85,1185.05,1048.65,260.8,65.6596,0.1827,0.0,-787.85,0.0,6.8165,0.0,-787.85,0.0,6.8165,1.0,0.0,0.0,0.0,0.0
1740,800.33,794.3,1178.15,1017.65,223.35,58.1868,0.2352,0.0,-794.3,0.0,6.8165,0.0,-794.3,0.0,6.8165,1.0,0.0,0.0,0.0,0.0
1741,800.57,774.65,1167.6,1028.7,254.05,64.652,0.1894,0.0,-774.65,0.0,6.8165,0.0,-774.65,0.0,6.8165,1.0,0.0,0.0,0.0,0.0
1742,800.81,797.9,1176.1,1025.25,227.35,60.1137,0.221,0.0,-797.9,0.0,6.8165,0.0,-797.9,0.0,6.8165,1.0,0.0,0.0,0.0,0.0
1743,801.05,788.6,1171.5,1009.6,221.0,57.7174,0.2387,0.0,-788.6,0.0,6.8165,0.0,-788.6,0.0,6.8165,1.0,0.0,0.0,0.0,0.0
1744,801.29,785.2,1159.0,1015.45,230.25,61.5971,0.2104,0.0,-785.2,0.0,6.8165,0.0,-785.2,0.0,6.8165,1.0,0.0,0.0,0.0,0.0
1745,801.54,788.5,1199.95,1019.15,230.65,56.0578,0.2514,0.0,-788.5,0.0,6.8165,0.0,-788.5,0.0,6.8165,1.0,0.0,0.0,0.0,0.0
1746,801.78,787.4,1168.4,999.2,211.8,55.5906,0.255,0.0,-787.4,0.0,6.8165,0.0,-787.4,0.0,6.8165,1.0,0.0,0.0,0.0,0.0
1747,802.02,792.85,1178.7,1006.95,214.1,55.4879,0.2558,0.0,-792.85,0.0,6.8165,0.0,-792.85,0.0,6.8165,1.0,0.0,0.0,0.0,0.0
1748,802.26,792.05,1164.55,1006.05,214.0,57.4497,0.2407,0.0,-792.05,0.0,6.8165,0.0,-792.05,0.0,6.8165,1.0,0.0,0.0,0.0,0.0
1749,802.5,793.35,1157.7,1012.9,219.55,60.258,0.22,0.0,-793.35,0.0,6.8165,0.0,-793.35,0.0,6.8165,1.0,0.0,0.0,0.0,0.0
1750,802.74,785.2,1152.75,998.2,213.0,57.9513,0.2369,0.0,-785.2,0.0,6.8165,0.0,-785.2,0.0,6.8165,1.0,0.0,0.0,0.0,0.0
1751,802.98,786.05,1168.05,992.25,206.2,53.9791,0.2678,0.0,-786.05,0.0,6.8165,0.0,-786.05,0.0,6.8165,1.0,0.0,0.0,0.0,0.0
1752,803.22,795.1,1149.8,988.3,193.2,54.4686,0.2639,0.0,-795.1,0.0,6.8165,0.0,-795.1,0.0,6.8165,1.0,0.0,0.0,0.0,0.0
1753,803.47,792.25,1142.4,1005.7,213.45,60.9596,0.215,0.0,-792.25,0.0,6.8165,0.0,-792.25,0.0,6.8165,1.0,0.0,0.0,0.0,0.0
1754,803.71,787.05,1138.35,994.55,207.5,59.0663,0.2287,0.0,-787.05,0.0,6.8165,0.0,-787.05,0.0,6.8165,1.0,0.0,0.0,0.0,0.0
1755,803.95,793.55,1152.9,977.6,184.05,51.2175,0.2906,0.0,-793.55,0.0,6.8165,0.0,-793.55,0.0,6.8165,1.0,0.0,0.0,0.0,0.0
1756,804.19,782.4,1145.3,978.15,195.75,53.9405,0.2681,0.0,-782.4,0.0,6.8165,0.0,-782.4,0.0,6.8165,1.0,0.0,0.0,0.0,0.0
1757,804.43,778.9,1160.35,976.55,197.65,51.8154,0.2855,0.0,-778.9,0.0,6.8165,0.0,-778.9,0.0,6.8165,1.0,0.0,0.0,0.0,0.0
1758,804.67,796.85,1155.5,982.75,185.9,51.8333,0.2854,0.0,-796.85,0.0,6.8165,0.0,-796.85,0.0,6.8165,1.0,0.0,0.0,0.0,0.0
1759,804.91,784.0,1141.45,982.85,198.85,55.6302,0.2547,0.0,-784.0,0.0,6.8165,0.0,-784.0,0.0,6.8165,1.0,0.0,0.0,0.0,0.0
1760,805.15,796.6,1133.35,959.8,163.2,48.4633,0.3146,0.0,-796.6,0.0,6.8165,0.0,-796.6,0.0,6.8165,1.0,0.0,0.0,0.0,0.0
1761,805.39,793.45,1143.2,965.9,172.45,49.3066,0.3071,0.0,-793.45,0.0,6.8165,0.0,-793.45,0.0,6.8165,1.0,0.0,0.0,0.0,0.0
1762,805.63,782.9,1135.8,966.65,183.75,52.0686,0.2834,0.0,-782.9,0.0,6.8165,0.0,-782.9,0.0,6.8165,1.0,0.0,0.0,0.0,0.0
1763,805.87,786.1,1126.65,975.2,189.1,55.5278,0.2555,0.0,-786.1,0.0,6.8165,0.0,-786.1,0.0,6.8165,1.0,0.0,0.0,0.0,0.0
1764,806.11,782.7,1132.35,962.9,180.2,51.5373,0.2879,0.0,-782.7,0.0,6.8165,0.0,-782.7,0.0,6.8165,1.0,0.0,0.0,0.0,0.0
1765,806.35,799.4,1144.7,986.8,187.4,54.2716,0.2654,0.0,-799.4,0.0,6.8165,0.0,-799.4,0.0,6.8165,1.0,0.0,0.0,0.0,0.0
1766,806.59,793.4,1130.25,973.7,180.3,53.5253,0.2714,0.0,-793.4,0.0,6.8165,0.0,-793.4,0.0,6.8165,1.0,0.0,0.0,0.0,0.0
1767,806.83,786.7,1131.05,977.4,190.7,55.3797,0.2566,0.0,-786.7,0.0,6.8165,0.0,-786.7,0.0,6.8165,1.0,0.0,0.0,0.0,0.0
1768,807.07,789.6,1119.9,962.5,172.9,52.3464,0.2811,0.0,-789.6,0.0,6.8165,0.0,-789.6,0.0,6.8165,1.0,0.0,0.0,0.0,0.0
1769,807.31,796.3,1155.25,992.35,196.05,54.6176,0.2627,0.0,-796.3,0.0,6.8165,0.0,-796.3,0.0,6.8165,1.0,0.0,0.0,0.0,0.0
1770,807.54,787.85,1130.5,967.05,179.2,52.2983,0.2815,0.0,-787.85,0.0,6.8165,0.0,-787.85,0.0,6.8165,1.0,0.0,0.0,0.0,0.0
1771,807.78,787.0,1114.05,972.0,185.0,56.5663,0.2474,0.0,-787.0,0.0,6.8165,0.0,-787.0,0.0,6.8165,1.0,0.0,0.0,0.0,0.0
1772,808.02,802.75,1127.45,975.65,172.9,53.2492,0.2737,0.0,-802.75,0.0,6.8165,0.0,-802.75,0.0,6.8165,1.0,0.0,0.0,0.0,0.0
1773,808.26,802.1,1130.55,984.2,182.1,55.4422,0.2562,0.0,-802.1,0.0,6.8165,0.0,-802.1,0.0,6.8165,1.0,0.0,0.0,0.0,0.0
1774,808.5,803.55,1136.1,986.95,183.4,55.1496,0.2585,0.0,-803.55,0.0,6.8165,0.0,-803.55,0.0,6.8165,1.0,0.0,0.0,0.0,0.0
1775,808.74,785.7,1132.85,977.1,191.4,55.1347,0.2586,0.0,-785.7,0.0,6.8165,0.0,-785.7,0.0,6.8165,1.0,0.0,0.0,0.0,0.0
1776,808.98,781.55,1136.5,985.15,203.6,57.3602,0.2414,0.0,-781.55,0.0,6.8165,0.0,-781.55,0.0,6.8165,1.0,0.0,0.0,0.0,0.0
1777,809.22,788.1,1107.8,992.55,204.45,63.9506,0.1942,0.0,-788.1,0.0,6.8165,0.0,-788.1,0.0,6.8165,1.0,0.0,0.0,0.0,0.0
1778,809.45,789.6,1116.1,982.95,193.35,59.219,0.2275,0.0,-789.6,0.0,6.8165,0.0,-789.6,0.0,6.8165,1.0,0.0,0.0,0.0,0.0
1779,809.69,793.25,1151.6,989.25,196.0,54.6951,0.2621,0.0,-793.25,0.0,6.8165,0.0,-793.25,0.0,6.8165,1.0,0.0,0.0,0.0,0.0
1780,809.93,786.3,1141.35,994.15,207.85,58.5411,0.2325,0.0,-786.3,0.0,6.8165,0.0,-786.3,0.0,6.8165,1.0,0.0,0.0,0.0,0.0
1781,810.17,774.45,1144.15,1002.55,228.1,61.6987,0.2097,0.0,-774.45,0.0,6.8165,0.0,-774.45,0.0,6.8165,1.0,0.0,0.0,0.0,0.0
1782,810.41,784.65,1126.25,1001.75,217.1,63.5539,0.1969,0.0,-784.65,0.0,6.8165,0.0,-784.65,0.0,6.8165,1.0,0.0,0.0,0.0,0.0
1783,810.64,788.5,1123.4,987.25,198.75,59.3461,0.2266,0.0,-788.5,0.0,6.8165,0.0,-788.5,0.0,6.8165,1.0,0.0,0.0,0.0,0.0
1784,810.88,790.6,1151.15,1022.95,232.35,64.4432,0.1908,0.0,-790.6,0.0,6.8165,0.0,-790.6,0.0,6.8165,1.0,0.0,0.0,0.0,0.0
1785,811.12,799.4,1141.05,1015.05,215.65,63.1202,0.1998,0.0,-799.4,0.0,6.8165,0.0,-799.4,0.0,6.8165,1.0,0.0,0.0,0.0,0.0
1786,811.36,783.85,1129.6,1008.6,224.75,65.0036,0.1871,0.0,-783.85,0.0,6.8165,0.0,-783.85,0.0,6.8165,1.0,0.0,0.0,0.0,0.0
1787,811.59,776.9,1142.25,1013.25,236.35,64.6914,0.1892,0.0,-776.9,0.0,6.8165,0.0,-776.9,0.0,6.8165,1.0,0.0,0.0,0.0,0.0
1788,811.83,774.05,1133.35,1003.45,229.4,63.8464,0.1949,0.0,-774.05,0.0,6.8165,0.0,-774.05,0.0,6.8165,1.0,0.0,0.0,0.0,0.0
1789,812.07,785.2,1137.5,1012.2,227.0,64.4337,0.1909,0.0,-785.2,0.0,6.8165,0.0,-785.2,0.0,6.8165,1.0,0.0,0.0,0.0,0.0
1790,812.31,776.7,1151.5,1010.15,233.45,62.2866,0.2056,0.0,-776.7,0.0,6.8165,0.0,-776.7,0.0,6.8165,1.0,0.0,0.0,0.0,0.0
1791,812.54,780.95,1143.6,1017.7,236.75,65.2833,0.1852,0.0,-780.95,0.0,6.8165,0.0,-780.95,0.0,6.8165,1.0,0.0,0.0,0.0,0.0
1792,812.78,788.1,1159.2,1028.65,240.55,64.8208,0.1883,0.0,-788.1,0.0,6.8165,0.0,-788.1,0.0,6.8165,1.0,0.0,0.0,0.0,0.0
1793,813.02,783.6,1164.55,1027.6,244.0,64.0504,0.1935,0.0,-783.6,0.0,6.8165,0.0,-783.6,0.0,6.8165,1.0,0.0,0.0,0.0,0.0
1794,813.25,778.45,1156.2,1024.85,246.4,65.2283,0.1856,0.0,-778.45,0.0,6.8165,0.0,-778.45,0.0,6.8165,1.0,0.0,0.0,0.0,0.0
1795,813.49,773.45,1162.8,1040.25,266.8,68.5245,0.1642,0.0,-773.45,0.0,6.8165,0.0,-773.45,0.0,6.8165,1.0,0.0,0.0,0.0,0.0
1796,813.73,792.6,1151.25,1044.6,252.0,70.2635,0.1533,0.0,-792.6,0.0,6.8165,0.0,-792.6,0.0,6.8165,1.0,0.0,0.0,0.0,0.0
1797,813.96,782.2,1164.75,1031.25,249.05,65.1026,0.1864,0.0,-782.2,0.0,6.8165,0.0,-782.2,0.0,6.8165,1.0,0.0,0.0,0.0,0.0
1798,814.2,781.9,1162.25,1051.6,269.7,70.9084,0.1493,0.0,-781.9,0.0,6.8165,0.0,-781.9,0.0,6.8165,1.0,0.0,0.0,0.0,0.0
1799,814.44,783.6,1161.95,1050.2,266.6,70.4639,0.152,0.0,-783.6,0.0,6.8165,0.0,-783.6,0.0,6.8165,1.0,0.0,0.0,0.0,0.0
1800,814.67,785.1,1164.3,1073.6,288.5,76.0812,0.1187,0.0,-785.1,0.0,6.8165,0.0,-785.1,0.0,6.8165,1.0,0.0,0.0,0.0,0.0
1801,814.91,773.65,1174.9,1052.3,278.65,69.4455,0.1584,0.0,-773.65,0.0,6.8165,0.0,-773.65,0.0,6.8165,1.0,0.0,0.0,0.0,0.0
1802,815.14,781.3,1180.05,1067.8,286.5,71.8495,0.1436,0.0,-781.3,0.0,6.8165,0.0,-781.3,0.0,6.8165,1.0,0.0,0.0,0.0,0.0
1803,815.38,783.5,1173.75,1057.25,273.75,70.1473,0.154,0.0,-783.5,0.0,6.8165,0.0,-783.5,0.0,6.8165,1.0,0.0,0.0,0.0,0.0
1804,815.61,788.05,1177.65,1070.75,282.7,72.5616,0.1393,0.0,-788.05,0.0,6.8165,0.0,-788.05,0.0,6.8165,1.0,0.0,0.0,0.0,0.0
1805,815.85,792.2,1174.5,1088.6,296.4,77.5307,0.1105,0.0,-792.2,0.0,6.8165,0.0,-792.2,0.0,6.8165,1.0,0.0,0.0,0.0,0.0
1806,816.09,776.2,1165.6,1088.8,312.6,80.2773,0.0954,0.0,-776.2,0.0,6.8165,0.0,-776.2,0.0,6.8165,1.0,0.0,0.0,0.0,0.0
1807,816.32,779.3,1181.7,1090.35,311.05,77.2987,0.1118,0.0,-779.3,0.0,6.8165,0.0,-779.3,0.0,6.8165,1.0,0.0,0.0,0.0,0.0
1808,816.56,786.3,1175.55,1099.3,313.0,80.411,0.0947,0.0,-786.3,0.0,6.8165,0.0,-786.3,0.0,6.8165,1.0,0.0,0.0,0.0,0.0
1809,816.79,791.85,1188.9,1111.6,319.75,80.5314,0.094,0.0,-791.85,0.0,6.8165,0.0,-791.85,0.0,6.8165,1.0,0.0,0.0,0.0,0.0
1810,817.03,784.35,1189.0,1121.35,337.0,83.2818,0.0794,0.0,-784.35,0.0,6.8165,0.0,-784.35,0.0,6.8165,1.0,0.0,0.0,0.0,0.0
1811,817.26,803.2,1184.35,1095.7,292.5,76.7414,0.115,0.0,-803.2,0.0,6.8165,0.0,-803.2,0.0,6.8165,1.0,0.0,0.0,0.0,0.0
1812,817.5,773.55,1188.65,1107.25,333.7,80.3903,0.0948,0.0,-773.55,0.0,6.8165,0.0,-773.55,0.0,6.8165,1.0,0.0,0.0,0.0,0.0
1813,817.73,784.65,1192.65,1115.3,330.65,81.0417,0.0913,0.0,-784.65,0.0,6.8165,0.0,-784.65,0.0,6.8165,1.0,0.0,0.0,0.0,0.0
1814,817.97,782.55,1196.55,1117.85,335.3,80.9903,0.0916,0.0,-782.55,0.0,6.8165,0.0,-782.55,0.0,6.8165,1.0,0.0,0.0,0.0,0.0
1815,818.2,798.15,1202.8,1125.9,327.75,80.9959,0.0915,0.0,-798.15,0.0,6.8165,0.0,-798.15,0.0,6.8165,1.0,0.0,0.0,0.0,0.0
1816,818.43,779.65,1196.9,1111.3,331.65,79.4847,0.0997,0.0,-779.65,0.0,6.8165,0.0,-779.65,0.0,6.8165,1.0,0.0,0.0,0.0,0.0
1817,818.67,790.35,1213.1,1130.25,339.9,80.4021,0.0947,0.0,-790.35,0.0,6.8165,0.0,-790.35,0.0,6.8165,1.0,0.0,0.0,0.0,0.0
1818,818.9,793.75,1188.7,1122.95,329.2,83.3523,0.0791,0.0,-793.75,0.0,6.8165,0.0,-793.75,0.0,6.8165,1.0,0.0,0.0,0.0,0.0
1819,819.14,788.9,1204.55,1120.8,331.9,79.8508,0.0977,0.0,-788.9,0.0,6.8165,0.0,-788.9,0.0,6.8165,1.0,0.0,0.0,0.0,0.0
1820,819.37,778.8,1201.25,1126.85,348.05,82.3884,0.0841,0.0,-778.8,0.0,6.8165,0.0,-778.8,0.0,6.8165,1.0,0.0,0.0,0.0,0.0
1821,819.61,786.75,1223.95,1143.3,356.55,81.5531,0.0886,0.0,-786.75,0.0,6.8165,0.0,-786.75,0.0,6.8165,1.0,0.0,0.0,0.0,0.0
1822,819.84,790.75,1221.15,1136.2,345.45,80.2625,0.0955,0.0,-790.75,0.0,6.8165,0.0,-790.75,0.0,6.8165,1.0,0.0,0.0,0.0,0.0
1823,820.07,788.85,1212.85,1142.85,354.0,83.4906,0.0784,0.0,-788.85,0.0,6.8165,0.0,-788.85,0.0,6.8165,1.0,0.0,0.0,0.0,0.0
1824,820.31,788.25,1237.45,1158.35,370.1,82.3909,0.0841,0.0,-788.25,0.0,6.8165,0.0,-788.25,0.0,6.8165,1.0,0.0,0.0,0.0,0.0
1825,820.54,783.2,1218.2,1152.75,369.55,84.954,0.0708,0.0,-783.2,0.0,6.8165,0.0,-783.2,0.0,6.8165,1.0,0.0,0.0,0.0,0.0
1826,820.77,785.85,1229.85,1163.2,377.35,84.9887,0.0706,0.0,-785.85,0.0,6.8165,0.0,-785.85,0.0,6.8165,1.0,0.0,0.0,0.0,0.0
1827,821.01,785.7,1255.55,1164.95,379.25,80.7173,0.093,0.0,-785.7,0.0,6.8165,0.0,-785.7,0.0,6.8165,1.0,0.0,0.0,0.0,0.0
1828,821.24,780.05,1259.1,1173.8,393.75,82.1939,0.0852,0.0,-780.05,0.0,6.8165,0.0,-780.05,0.0,6.8165,1.0,0.0,0.0,0.0,0.0
1829,821.47,795.75,1259.6,1170.0,374.25,80.6834,0.0932,0.0,-795.75,0.0,6.8165,0.0,-795.75,0.0,6.8165,1.0,0.0,0.0,0.0,0.0
1830,821.71,785.1,1274.65,1195.55,410.45,83.8423,0.0765,0.0,-785.1,0.0,6.8165,0.0,-785.1,0.0,6.8165,1.0,0.0,0.0,0.0,0.0
1831,821.94,779.7,1298.6,1215.3,435.6,83.9468,0.076,0.0,-779.7,0.0,6.8165,0.0,-779.7,0.0,6.8165,1.0,0.0,0.0,0.0,0.0
1832,822.17,782.75,1310.95,1246.45,463.7,87.7887,0.0566,0.0,-782.75,0.0,6.8165,0.0,-782.75,0.0,6.8165,1.0,0.0,0.0,0.0,0.0
1833,822.4,786.7,1331.8,1267.6,480.9,88.2223,0.0544,0.0,-786.7,0.0,6.8165,0.0,-786.7,0.0,6.8165,1.0,0.0,0.0,0.0,0.0
1834,822.64,794.5,1361.65,1273.85,479.35,84.5191,0.073,0.0,-794.5,0.0,6.8165,0.0,-794.5,0.0,6.8165,1.0,0.0,0.0,0.0,0.0
1835,822.87,798.45,1381.15,1309.75,511.3,87.7467,0.0568,0.0,-798.45,0.0,6.8165,0.0,-798.45,0.0,6.8165,1.0,0.0,0.0,0.0,0.0
1836,823.1,795.1,1435.7,1367.3,572.2,89.3225,0.049,0.0,-795.1,0.0,6.8165,0.0,-795.1,0.0,6.8165,1.0,0.0,0.0,0.0,0.0
1837,823.33,787.7,1469.75,1416.5,628.8,92.1927,0.0353,0.0,-787.7,0.0,6.8165,0.0,-787.7,0.0,6.8165,1.0,0.0,0.0,0.0,0.0
1838,823.57,799.3,1525.55,1468.9,669.6,92.1997,0.0353,0.0,-799.3,0.0,6.8165,0.0,-799.3,0.0,6.8165,1.0,0.0,0.0,0.0,0.0
1839,823.8,799.05,1576.85,1510.0,710.95,91.4052,0.039,0.0,-799.05,0.0,6.8165,0.0,-799.05,0.0,6.8165,1.0,0.0,0.0,0.0,0.0
1840,824.03,792.15,1630.25,1569.85,777.7,92.7932,0.0325,0.0,-792.15,0.0,6.8165,0.0,-792.15,0.0,6.8165,1.0,0.0,0.0,0.0,0.0
1841,824.26,781.75,1686.05,1634.65,852.9,94.316,0.0254,0.0,-781.75,0.0,6.8165,0.0,-781.75,0.0,6.8165,1.0,0.0,0.0,0.0,0.0
1842,824.49,775.0,1711.1,1633.75,858.75,91.737,0.0375,0.0,-775.0,0.0,6.8165,0.0,-775.0,0.0,6.8165,1.0,0.0,0.0,0.0,0.0
1843,824.73,774.15,1754.3,1697.25,923.1,94.1795,0.026,0.0,-774.15,0.0,6.8165,0.0,-774.15,0.0,6.8165,1.0,0.0,0.0,0.0,0.0
1844,824.96,786.55,1769.05,1693.95,907.4,92.3562,0.0345,0.0,-786.55,0.0,6.8165,0.0,-786.55,0.0,6.8165,1.0,0.0,0.0,0.0,0.0
1845,825.19,780.4,1789.8,1713.3,932.9,92.4212,0.0342,0.0,-780.4,0.0,6.8165,0.0,-780.4,0.0,6.8165,1.0,0.0,0.0,0.0,0.0
1846,825.42,776.7,1766.05,1681.5,904.8,91.454,0.0388,0.0,-776.7,0.0,6.8165,0.0,-776.7,0.0,6.8165,1.0,0.0,0.0,0.0,0.0
1847,825.65,780.0,1748.65,1637.65,857.65,88.5408,0.0529,0.0,-780.0,0.0,6.8165,0.0,-780.0,0.0,6.8165,1.0,0.0,0.0,0.0,0.0
1848,825.88,779.75,1693.65,1612.2,832.45,91.0876,0.0405,0.0,-779.75,0.0,6.8165,0.0,-779.75,0.0,6.8165,1.0,0.0,0.0,0.0,0.0
1849,826.11,787.35,1666.0,1570.6,783.25,89.1424,0.0499,0.0,-787.35,0.0,6.8165,0.0,-787.35,0.0,6.8165,1.0,0.0,0.0,0.0,0.0
1850,826.34,793.75,1636.8,1530.95,737.2,87.4444,0.0583,0.0,-793.75,0.0,6.8165,0.0,-793.75,0.0,6.8165,1.0,0.0,0.0,0.0,0.0
1851,826.57,799.2,1579.5,1506.35,707.15,90.6254,0.0428,0.0,-799.2,0.0,6.8165,0.0,-799.2,0.0,6.8165,1.0,0.0,0.0,0.0,0.0
1852,826.81,789.35,1558.85,1472.3,682.95,88.7524,0.0518,0.0,-789.35,0.0,6.8165,0.0,-789.35,0.0,6.8165,1.0,0.0,0.0,0.0,0.0
1853,827.04,780.1,1536.05,1411.15,631.05,83.4777,0.0784,0.0,-780.1,0.0,6.8165,0.0,-780.1,0.0,6.8165,1.0,0.0,0.0,0.0,0.0
1854,827.27,775.05,1515.4,1398.85,623.8,84.2574,0.0744,0.0,-775.05,0.0,6.8165,0.0,-775.05,0.0,6.8165,1.0,0.0,0.0,0.0,0.0
1855,827.5,782.75,1503.65,1385.05,602.3,83.5483,0.0781,0.0,-782.75,0.0,6.8165,0.0,-782.75,0.0,6.8165,1.0,0.0,0.0,0.0,0.0
1856,827.73,784.95,1477.8,1374.75,589.8,85.1267,0.0699,0.0,-784.95,0.0,6.8165,0.0,-784.95,0.0,6.8165,1.0,0.0,0.0,0.0,0.0
1857,827.96,797.05,1461.0,1360.55,563.5,84.8708,0.0712,0.0,-797.05,0.0,6.8165,0.0,-797.05,0.0,6.8165,1.0,0.0,0.0,0.0,0.0
1858,828.19,779.8,1483.3,1369.05,589.25,83.7598,0.077,0.0,-779.8,0.0,6.8165,0.0,-779.8,0.0,6.8165,1.0,0.0,0.0,0.0,0.0
1859,828.42,781.75,1469.75,1368.45,586.7,85.2762,0.0692,0.0,-781.75,0.0,6.8165,0.0,-781.75,0.0,6.8165,1.0,0.0,0.0,0.0,0.0
1860,828.65,799.4,1501.1,1399.05,599.65,85.4567,0.0683,0.0,-799.4,0.0,6.8165,0.0,-799.4,0.0,6.8165,1.0,0.0,0.0,0.0,0.0
1861,828.88,792.0,1516.25,1402.4,610.4,84.2803,0.0743,0.0,-792.0,0.0,6.8165,0.0,-792.0,0.0,6.8165,1.0,0.0,0.0,0.0,0.0
1862,829.11,781.95,1521.55,1392.0,610.05,82.4838,0.0836,0.0,-781.95,0.0,6.8165,0.0,-781.95,0.0,6.8165,1.0,0.0,0.0,0.0,0.0
1863,829.34,795.2,1533.95,1428.3,633.1,85.6988,0.067,0.0,-795.2,0.0,6.8165,0.0,-795.2,0.0,6.8165,1.0,0.0,0.0,0.0,0.0
1864,829.57,787.75,1516.35,1403.15,615.4,84.4634,0.0733,0.0,-787.75,0.0,6.8165,0.0,-787.75,0.0,6.8165,1.0,0.0,0.0,0.0,0.0
1865,829.8,776.4,1504.55,1397.05,620.65,85.2366,0.0694,0.0,-776.4,0.0,6.8165,0.0,-776.4,0.0,6.8165,1.0,0.0,0.0,0.0,0.0
1866,830.03,785.55,1500.35,1373.6,588.05,82.2678,0.0848,0.0,-785.55,0.0,6.8165,0.0,-785.55,0.0,6.8165,1.0,0.0,0.0,0.0,0.0
1867,830.25,770.6,1471.05,1373.6,603.0,86.0875,0.0651,0.0,-770.6,0.0,6.8165,0.0,-770.6,0.0,6.8165,1.0,0.0,0.0,0.0,0.0
1868,830.48,791.4,1468.05,1347.5,556.1,82.1843,0.0852,0.0,-791.4,0.0,6.8165,0.0,-791.4,0.0,6.8165,1.0,0.0,0.0,0.0,0.0
1869,830.71,795.75,1438.25,1310.4,514.65,80.1012,0.0964,0.0,-795.75,0.0,6.8165,0.0,-795.75,0.0,6.8165,1.0,0.0,0.0,0.0,0.0
1870,830.94,783.2,1393.1,1260.4,477.2,78.2423,0.1066,0.0,-783.2,0.0,6.8165,0.0,-783.2,0.0,6.8165,1.0,0.0,0.0,0.0,0.0
1871,831.17,771.85,1362.55,1222.2,450.35,76.2401,0.1178,0.0,-771.85,0.0,6.8165,0.0,-771.85,0.0,6.8165,1.0,0.0,0.0,0.0,0.0
1872,831.4,780.1,1350.05,1212.7,432.6,75.9014,0.1198,0.0,-780.1,0.0,6.8165,0.0,-780.1,0.0,6.8165,1.0,0.0,0.0,0.0,0.0
1873,831.63,794.5,1335.0,1188.8,394.3,72.951,0.137,0.0,-794.5,0.0,6.8165,0.0,-794.5,0.0,6.8165,1.0,0.0,0.0,0.0,0.0
1874,831.86,786.6,1303.25,1150.4,363.8,70.4152,0.1523,0.0,-786.6,0.0,6.8165,0.0,-786.6,0.0,6.8165,1.0,0.0,0.0,0.0,0.0
1875,832.08,774.6,1266.55,1147.25,372.65,75.7496,0.1206,0.0,-774.6,0.0,6.8165,0.0,-774.6,0.0,6.8165,1.0,0.0,0.0,0.0,0.0
1876,832.31,789.3,1248.05,1136.0,346.7,75.5749,0.1216,0.0,-789.3,0.0,6.8165,0.0,-789.3,0.0,6.8165,1.0,0.0,0.0,0.0,0.0
1877,832.54,787.4,1256.4,1109.05,321.65,68.5821,0.1638,0.0,-787.4,0.0,6.8165,0.0,-787.4,0.0,6.8165,1.0,0.0,0.0,0.0,0.0
1878,832.77,782.95,1248.4,1115.75,332.8,71.5007,0.1457,0.0,-782.95,0.0,6.8165,0.0,-782.95,0.0,6.8165,1.0,0.0,0.0,0.0,0.0
1879,833.0,778.5,1251.0,1115.45,336.95,71.3122,0.1468,0.0,-778.5,0.0,6.8165,0.0,-778.5,0.0,6.8165,1.0,0.0,0.0,0.0,0.0
1880,833.22,770.5,1257.55,1121.45,350.95,72.0563,0.1423,0.0,-770.5,0.0,6.8165,0.0,-770.5,0.0,6.8165,1.0,0.0,0.0,0.0,0.0
1881,833.45,781.35,1247.55,1101.8,320.45,68.7366,0.1628,0.0,-781.35,0.0,6.8165,0.0,-781.35,0.0,6.8165,1.0,0.0,0.0,0.0,0.0
1882,833.68,780.15,1248.25,1084.15,304.0,64.9434,0.1875,0.0,-780.15,0.0,6.8165,0.0,-780.15,0.0,6.8165,1.0,0.0,0.0,0.0,0.0
1883,833.91,782.65,1239.75,1080.4,297.75,65.1389,0.1862,0.0,-782.65,0.0,6.8165,0.0,-782.65,0.0,6.8165,1.0,0.0,0.0,0.0,0.0
1884,834.13,785.8,1241.7,1083.5,297.7,65.2994,0.1851,0.0,-785.8,0.0,6.8165,0.0,-785.8,0.0,6.8165,1.0,0.0,0.0,0.0,0.0
1885,834.36,791.55,1238.2,1110.8,319.25,71.4765,0.1458,0.0,-791.55,0.0,6.8165,0.0,-791.55,0.0,6.8165,1.0,0.0,0.0,0.0,0.0
1886,834.59,806.15,1245.45,1115.5,309.35,70.4188,0.1523,0.0,-806.15,0.0,6.8165,0.0,-806.15,0.0,6.8165,1.0,0.0,0.0,0.0,0.0
1887,834.82,794.35,1252.8,1109.4,315.05,68.7207,0.1629,0.0,-794.35,0.0,6.8165,0.0,-794.35,0.0,6.8165,1.0,0.0,0.0,0.0,0.0
1888,835.04,780.15,1269.3,1138.5,358.35,73.2597,0.1351,0.0,-780.15,0.0,6.8165,0.0,-780.15,0.0,6.8165,1.0,0.0,0.0,0.0,0.0
1889,835.27,785.5,1279.1,1139.65,354.15,71.7484,0.1442,0.0,-785.5,0.0,6.8165,0.0,-785.5,0.0,6.8165,1.0,0.0,0.0,0.0,0.0
1890,835.5,782.95,1308.1,1174.25,391.3,74.512,0.1278,0.0,-782.95,0.0,6.8165,0.0,-782.95,0.0,6.8165,1.0,0.0,0.0,0.0,0.0
1891,835.72,796.55,1314.6,1186.55,390.0,75.2823,0.1233,0.0,-796.55,0.0,6.8165,0.0,-796.55,0.0,6.8165,1.0,0.0,0.0,0.0,0.0
1892,835.95,780.3,1339.85,1193.15,412.85,73.7825,0.132,0.0,-780.3,0.0,6.8165,0.0,-780.3,0.0,6.8165,1.0,0.0,0.0,0.0,0.0
1893,836.18,781.05,1334.0,1187.2,406.15,73.4515,0.134,0.0,-781.05,0.0,6.8165,0.0,-781.05,0.0,6.8165,1.0,0.0,0.0,0.0,0.0
1894,836.4,788.4,1318.6,1200.15,411.75,77.6594,0.1098,0.0,-788.4,0.0,6.8165,0.0,-788.4,0.0,6.8165,1.0,0.0,0.0,0.0,0.0
1895,836.63,784.3,1318.9,1184.05,399.75,74.7755,0.1262,0.0,-784.3,0.0,6.8165,0.0,-784.3,0.0,6.8165,1.0,0.0,0.0,0.0,0.0
1896,836.86,782.6,1337.15,1185.7,403.1,72.6896,0.1385,0.0,-782.6,0.0,6.8165,0.0,-782.6,0.0,6.8165,1.0,0.0,0.0,0.0,0.0
1897,837.08,796.15,1305.85,1184.45,388.3,76.1821,0.1181,0.0,-796.15,0.0,6.8165,0.0,-796.15,0.0,6.8165,1.0,0.0,0.0,0.0,0.0
1898,837.31,788.4,1293.15,1177.85,389.45,77.157,0.1126,0.0,-788.4,0.0,6.8165,0.0,-788.4,0.0,6.8165,1.0,0.0,0.0,0.0,0.0
1899,837.53,782.25,1287.2,1152.0,369.75,73.2251,0.1353,0.0,-782.25,0.0,6.8165,0.0,-782.25,0.0,6.8165,1.0,0.0,0.0,0.0,0.0
1900,837.76,780.9,1251.1,1146.6,365.7,77.7754,0.1092,0.0,-780.9,0.0,6.8165,0.0,-780.9,0.0,6.8165,1.0,0.0,0.0,0.0,0.0
1901,837.99,778.15,1240.5,1136.1,357.95,77.4197,0.1111,0.0,-778.15,0.0,6.8165,0.0,-778.15,0.0,6.8165,1.0,0.0,0.0,0.0,0.0
1902,838.21,795.25,1253.15,1127.75,332.5,72.6141,0.139,0.0,-795.25,0.0,6.8165,0.0,-795.25,0.0,6.8165,1.0,0.0,0.0,0.0,0.0
1903,838.44,790.7,1220.0,1114.75,324.05,75.4833,0.1221,0.0,-790.7,0.0,6.8165,0.0,-790.7,0.0,6.8165,1.0,0.0,0.0,0.0,0.0
1904,838.66,795.05,1213.45,1094.95,299.9,71.6778,0.1446,0.0,-795.05,0.0,6.8165,0.0,-795.05,0.0,6.8165,1.0,0.0,0.0,0.0,0.0
1905,838.89,781.25,1201.8,1095.15,313.9,74.6404,0.127,0.0,-781.25,0.0,6.8165,0.0,-781.25,0.0,6.8165,1.0,0.0,0.0,0.0,0.0
1906,839.11,783.75,1209.95,1085.15,301.4,70.718,0.1505,0.0,-783.75,0.0,6.8165,0.0,-783.75,0.0,6.8165,1.0,0.0,0.0,0.0,0.0
1907,839.34,792.95,1202.4,1074.9,281.95,68.8607,0.162,0.0,-792.95,0.0,6.8165,0.0,-792.95,0.0,6.8165,1.0,0.0,0.0,0.0,0.0
1908,839.56,779.55,1212.05,1074.1,294.55,68.104,0.1668,0.0,-779.55,0.0,6.8165,0.0,-779.55,0.0,6.8165,1.0,0.0,0.0,0.0,0.0
1909,839.79,789.95,1204.25,1077.25,287.3,69.3459,0.159,0.0,-789.95,0.0,6.8165,0.0,-789.95,0.0,6.8165,1.0,0.0,0.0,0.0,0.0
1910,840.01,782.35,1188.8,1071.8,289.45,71.2142,0.1474,0.0,-782.35,0.0,6.8165,0.0,-782.35,0.0,6.8165,1.0,0.0,0.0,0.0,0.0
1911,840.24,796.25,1187.55,1075.95,279.7,71.4797,0.1458,0.0,-796.25,0.0,6.8165,0.0,-796.25,0.0,6.8165,1.0,0.0,0.0,0.0,0.0
1912,840.46,786.65,1199.15,1066.95,280.3,67.9515,0.1678,0.0,-786.65,0.0,6.8165,0.0,-786.65,0.0,6.8165,1.0,0.0,0.0,0.0,0.0
1913,840.69,785.1,1194.5,1067.7,282.6,69.0278,0.161,0.0,-785.1,0.0,6.8165,0.0,-785.1,0.0,6.8165,1.0,0.0,0.0,0.0,0.0
1914,840.91,798.15,1182.55,1079.85,281.7,73.283,0.135,0.0,-798.15,0.0,6.8165,0.0,-798.15,0.0,6.8165,1.0,0.0,0.0,0.0,0.0
1915,841.13,794.2,1173.3,1080.75,286.55,75.5869,0.1216,0.0,-794.2,0.0,6.8165,0.0,-794.2,0.0,6.8165,1.0,0.0,0.0,0.0,0.0
1916,841.36,788.25,1187.35,1087.5,299.25,74.9812,0.125,0.0,-788.25,0.0,6.8165,0.0,-788.25,0.0,6.8165,1.0,0.0,0.0,0.0,0.0
1917,841.58,780.0,1189.4,1091.8,311.8,76.1602,0.1183,0.0,-780.0,0.0,6.8165,0.0,-780.0,0.0,6.8165,1.0,0.0,0.0,0.0,0.0
1918,841.81,781.95,1184.2,1077.55,295.6,73.4866,0.1338,0.0,-781.95,0.0,6.8165,0.0,-781.95,0.0,6.8165,1.0,0.0,0.0,0.0,0.0
1919,842.03,786.85,1190.7,1092.15,305.3,75.5974,0.1215,0.0,-786.85,0.0,6.8165,0.0,-786.85,0.0,6.8165,1.0,0.0,0.0,0.0,0.0
1920,842.25,795.6,1204.35,1115.2,319.6,78.1896,0.1069,0.0,-795.6,0.0,6.8165,0.0,-795.6,0.0,6.8165,1.0,0.0,0.0,0.0,0.0
1921,842.48,795.35,1199.65,1123.95,328.6,81.2763,0.09,0.0,-795.35,0.0,6.8165,0.0,-795.35,0.0,6.8165,1.0,0.0,0.0,0.0,0.0
1922,842.7,780.4,1220.25,1122.65,342.25,77.8106,0.109,0.0,-780.4,0.0,6.8165,0.0,-780.4,0.0,6.8165,1.0,0.0,0.0,0.0,0.0
1923,842.92,792.85,1212.25,1132.5,339.65,80.9847,0.0916,0.0,-792.85,0.0,6.8165,0.0,-792.85,0.0,6.8165,1.0,0.0,0.0,0.0,0.0
1924,843.15,800.85,1213.65,1106.5,305.65,74.0431,0.1305,0.0,-800.85,0.0,6.8165,0.0,-800.85,0.0,6.8165,1.0,0.0,0.0,0.0,0.0
1925,843.37,793.65,1199.75,1115.4,321.75,79.2293,0.1011,0.0,-793.65,0.0,6.8165,0.0,-793.65,0.0,6.8165,1.0,0.0,0.0,0.0,0.0
1926,843.59,788.95,1198.6,1135.55,346.6,84.6088,0.0726,0.0,-788.95,0.0,6.8165,0.0,-788.95,0.0,6.8165,1.0,0.0,0.0,0.0,0.0
1927,843.82,796.0,1195.15,1102.25,306.25,76.7255,0.1151,0.0,-796.0,0.0,6.8165,0.0,-796.0,0.0,6.8165,1.0,0.0,0.0,0.0,0.0
1928,844.04,788.5,1156.2,1111.8,323.3,87.9249,0.0559,0.0,-788.5,0.0,6.8165,0.0,-788.5,0.0,6.8165,1.0,0.0,0.0,0.0,0.0
1929,844.26,786.5,1173.1,1105.1,318.6,82.4108,0.084,0.0,-786.5,0.0,6.8165,0.0,-786.5,0.0,6.8165,1.0,0.0,0.0,0.0,0.0
1930,844.49,790.7,1171.8,1094.35,303.65,79.6773,0.0987,0.0,-790.7,0.0,6.8165,0.0,-790.7,0.0,6.8165,1.0,0.0,0.0,0.0,0.0
1931,844.71,789.1,1161.05,1087.7,298.6,80.2796,0.0954,0.0,-789.1,0.0,6.8165,0.0,-789.1,0.0,6.8165,1.0,0.0,0.0,0.0,0.0
1932,844.93,789.15,1151.1,1082.3,293.15,80.9918,0.0916,0.0,-789.15,0.0,6.8165,0.0,-789.15,0.0,6.8165,1.0,0.0,0.0,0.0,0.0
1933,845.15,794.8,1135.8,1090.75,295.95,86.7889,0.0615,0.0,-794.8,0.0,6.8165,0.0,-794.8,0.0,6.8165,1.0,0.0,0.0,0.0,0.0
1934,845.38,792.0,1137.8,1066.2,274.2,79.2944,0.1008,0.0,-792.0,0.0,6.8165,0.0,-792.0,0.0,6.8165,1.0,0.0,0.0,0.0,0.0
1935,845.6,798.1,1142.5,1058.05,259.95,75.4791,0.1222,0.0,-798.1,0.0,6.8165,0.0,-798.1,0.0,6.8165,1.0,0.0,0.0,0.0,0.0
1936,845.82,789.9,1157.15,1081.15,291.25,79.3057,0.1007,0.0,-789.9,0.0,6.8165,0.0,-789.9,0.0,6.8165,1.0,0.0,0.0,0.0,0.0
1937,846.04,775.9,1132.3,1079.0,303.1,85.0449,0.0704,0.0,-775.9,0.0,6.8165,0.0,-775.9,0.0,6.8165,1.0,0.0,0.0,0.0,0.0
1938,846.26,784.6,1147.05,1063.8,279.2,77.0313,0.1133,0.0,-784.6,0.0,6.8165,0.0,-784.6,0.0,6.8165,1.0,0.0,0.0,0.0,0.0
1939,846.48,778.95,1132.05,1052.95,274.0,77.5984,0.1101,0.0,-778.95,0.0,6.8165,0.0,-778.95,0.0,6.8165,1.0,0.0,0.0,0.0,0.0
1940,846.71,787.75,1123.8,1052.3,264.55,78.7234,0.1039,0.0,-787.75,0.0,6.8165,0.0,-787.75,0.0,6.8165,1.0,0.0,0.0,0.0,0.0
1941,846.93,780.1,1125.85,1055.3,275.2,79.5951,0.0991,0.0,-780.1,0.0,6.8165,0.0,-780.1,0.0,6.8165,1.0,0.0,0.0,0.0,0.0
1942,847.15,790.4,1129.4,1055.4,265.0,78.1711,0.107,0.0,-790.4,0.0,6.8165,0.0,-790.4,0.0,6.8165,1.0,0.0,0.0,0.0,0.0
1943,847.37,786.05,1138.8,1070.95,284.9,80.7654,0.0928,0.0,-786.05,0.0,6.8165,0.0,-786.05,0.0,6.8165,1.0,0.0,0.0,0.0,0.0
1944,847.59,775.75,1118.75,1058.1,282.35,82.3178,0.0845,0.0,-775.75,0.0,6.8165,0.0,-775.75,0.0,6.8165,1.0,0.0,0.0,0.0,0.0
1945,847.81,785.8,1117.1,1050.6,264.8,79.9276,0.0973,0.0,-785.8,0.0,6.8165,0.0,-785.8,0.0,6.8165,1.0,0.0,0.0,0.0,0.0
1946,848.03,774.35,1119.35,1053.65,279.3,80.9565,0.0917,0.0,-774.35,0.0,6.8165,0.0,-774.35,0.0,6.8165,1.0,0.0,0.0,0.0,0.0
1947,848.26,780.3,1134.45,1032.2,251.9,71.1281,0.148,0.0,-780.3,0.0,6.8165,0.0,-780.3,0.0,6.8165,1.0,0.0,0.0,0.0,0.0
1948,848.48,789.7,1132.55,1048.5,258.8,75.4849,0.1221,0.0,-789.7,0.0,6.8165,0.0,-789.7,0.0,6.8165,1.0,0.0,0.0,0.0,0.0
1949,848.7,806.4,1119.55,1056.4,250.0,79.8339,0.0978,0.0,-806.4,0.0,6.8165,0.0,-806.4,0.0,6.8165,1.0,0.0,0.0,0.0,0.0
1950,848.92,785.95,1108.05,1060.7,274.75,85.2996,0.0691,0.0,-785.95,0.0,6.8165,0.0,-785.95,0.0,6.8165,1.0,0.0,0.0,0.0,0.0
1951,849.14,792.85,1111.8,1047.45,254.6,79.8244,0.0979,0.0,-792.85,0.0,6.8165,0.0,-792.85,0.0,6.8165,1.0,0.0,0.0,0.0,0.0
1952,849.36,786.5,1119.2,1047.8,261.3,78.5392,0.1049,0.0,-786.5,0.0,6.8165,0.0,-786.5,0.0,6.8165,1.0,0.0,0.0,0.0,0.0
1953,849.58,777.85,1116.8,1047.35,269.5,79.5103,0.0996,0.0,-777.85,0.0,6.8165,0.0,-777.85,0.0,6.8165,1.0,0.0,0.0,0.0,0.0
1954,849.8,783.6,1113.8,1031.1,247.5,74.9546,0.1252,0.0,-783.6,0.0,6.8165,0.0,-783.6,0.0,6.8165,1.0,0.0,0.0,0.0,0.0
1955,850.02,789.95,1115.2,1038.85,248.9,76.5257,0.1162,0.0,-789.95,0.0,6.8165,0.0,-789.95,0.0,6.8165,1.0,0.0,0.0,0.0,0.0
1956,850.24,797.5,1099.75,1034.25,236.75,78.3292,0.1061,0.0,-797.5,0.0,6.8165,0.0,-797.5,0.0,6.8165,1.0,0.0,0.0,0.0,0.0
1957,850.46,795.85,1105.5,1036.3,240.45,77.6522,0.1098,0.0,-795.85,0.0,6.8165,0.0,-795.85,0.0,6.8165,1.0,0.0,0.0,0.0,0.0
1958,850.68,795.9,1108.65,1020.2,224.3,71.7186,0.1444,0.0,-795.9,0.0,6.8165,0.0,-795.9,0.0,6.8165,1.0,0.0,0.0,0.0,0.0
1959,850.9,782.1,1104.9,1014.15,232.05,71.8866,0.1434,0.0,-782.1,0.0,6.8165,0.0,-782.1,0.0,6.8165,1.0,0.0,0.0,0.0,0.0
1960,851.12,789.3,1101.0,1010.25,220.95,70.8855,0.1494,0.0,-789.3,0.0,6.8165,0.0,-789.3,0.0,6.8165,1.0,0.0,0.0,0.0,0.0
1961,851.34,766.65,1112.8,1030.0,263.35,76.0797,0.1187,0.0,-766.65,0.0,6.8165,0.0,-766.65,0.0,6.8165,1.0,0.0,0.0,0.0,0.0
1962,851.56,779.85,1113.25,1016.0,236.15,70.8308,0.1498,0.0,-779.85,0.0,6.8165,0.0,-779.85,0.0,6.8165,1.0,0.0,0.0,0.0,0.0
1963,851.78,791.5,1076.7,1003.2,211.7,74.2286,0.1294,0.0,-791.5,0.0,6.8165,0.0,-791.5,0.0,6.8165,1.0,0.0,0.0,0.0,0.0
1964,852.0,782.25,1106.65,1008.15,225.9,69.6363,0.1572,0.0,-782.25,0.0,6.8165,0.0,-782.25,0.0,6.8165,1.0,0.0,0.0,0.0,0.0
1965,852.21,769.8,1096.15,1000.9,231.1,70.8135,0.1499,0.0,-769.8,0.0,6.8165,0.0,-769.8,0.0,6.8165,1.0,0.0,0.0,0.0,0.0
1966,852.43,782.4,1108.4,1011.45,229.05,70.2607,0.1533,0.0,-782.4,0.0,6.8165,0.0,-782.4,0.0,6.8165,1.0,0.0,0.0,0.0,0.0
1967,852.65,789.0,1087.25,996.75,207.75,69.6563,0.157,0.0,-789.0,0.0,6.8165,0.0,-789.0,0.0,6.8165,1.0,0.0,0.0,0.0,0.0
1968,852.87,787.75,1105.55,992.65,204.9,64.4745,0.1906,0.0,-787.75,0.0,6.8165,0.0,-787.75,0.0,6.8165,1.0,0.0,0.0,0.0,0.0
1969,853.09,786.3,1089.55,983.55,197.25,65.0453,0.1868,0.0,-786.3,0.0,6.8165,0.0,-786.3,0.0,6.8165,1.0,0.0,0.0,0.0,0.0
1970,853.31,792.55,1098.1,987.3,194.75,63.7375,0.1956,0.0,-792.55,0.0,6.8165,0.0,-792.55,0.0,6.8165,1.0,0.0,0.0,0.0,0.0
1971,853.53,779.5,1105.3,988.0,208.5,63.9963,0.1938,0.0,-779.5,0.0,6.8165,0.0,-779.5,0.0,6.8165,1.0,0.0,0.0,0.0,0.0
1972,853.74,780.45,1105.85,983.3,202.85,62.3387,0.2052,0.0,-780.45,0.0,6.8165,0.0,-780.45,0.0,6.8165,1.0,0.0,0.0,0.0,0.0
1973,853.96,769.85,1102.5,972.8,202.95,61.0101,0.2146,0.0,-769.85,0.0,6.8165,0.0,-769.85,0.0,6.8165,1.0,0.0,0.0,0.0,0.0
1974,854.18,794.4,1112.0,979.4,185.0,58.2494,0.2347,0.0,-794.4,0.0,6.8165,0.0,-794.4,0.0,6.8165,1.0,0.0,0.0,0.0,0.0
1975,854.4,795.4,1086.85,982.8,187.4,64.2992,0.1918,0.0,-795.4,0.0,6.8165,0.0,-795.4,0.0,6.8165,1.0,0.0,0.0,0.0,0.0
1976,854.62,797.45,1094.45,969.45,172.0,57.9125,0.2372,0.0,-797.45,0.0,6.8165,0.0,-797.45,0.0,6.8165,1.0,0.0,0.0,0.0,0.0
1977,854.83,785.1,1080.35,967.1,182.0,61.6427,0.2101,0.0,-785.1,0.0,6.8165,0.0,-785.1,0.0,6.8165,1.0,0.0,0.0,0.0,0.0
1978,855.05,787.9,1096.45,964.85,176.95,57.3489,0.2415,0.0,-787.9,0.0,6.8165,0.0,-787.9,0.0,6.8165,1.0,0.0,0.0,0.0,0.0
1979,855.27,790.8,1079.85,968.05,177.25,61.3216,0.2124,0.0,-790.8,0.0,6.8165,0.0,-790.8,0.0,6.8165,1.0,0.0,0.0,0.0,0.0
1980,855.49,778.4,1092.15,958.3,179.9,57.3386,0.2416,0.0,-778.4,0.0,6.8165,0.0,-778.4,0.0,6.8165,1.0,0.0,0.0,0.0,0.0
1981,855.71,790.3,1063.25,951.35,161.05,59.0035,0.2291,0.0,-790.3,0.0,6.8165,0.0,-790.3,0.0,6.8165,1.0,0.0,0.0,0.0,0.0
1982,855.92,778.6,1081.0,952.95,174.35,57.6554,0.2392,0.0,-778.6,0.0,6.8165,0.0,-778.6,0.0,6.8165,1.0,0.0,0.0,0.0,0.0
1983,856.14,796.7,1068.0,950.9,154.2,56.8374,0.2454,0.0,-796.7,0.0,6.8165,0.0,-796.7,0.0,6.8165,1.0,0.0,0.0,0.0,0.0
1984,856.36,784.95,1080.15,953.05,168.1,56.9444,0.2445,0.0,-784.95,0.0,6.8165,0.0,-784.95,0.0,6.8165,1.0,0.0,0.0,0.0,0.0
1985,856.57,791.7,1070.85,944.5,152.8,54.7376,0.2617,0.0,-791.7,0.0,6.8165,0.0,-791.7,0.0,6.8165,1.0,0.0,0.0,0.0,0.0
1986,856.79,789.9,1058.0,938.0,148.1,55.2406,0.2577,0.0,-789.9,0.0,6.8165,0.0,-789.9,0.0,6.8165,1.0,0.0,0.0,0.0,0.0
1987,857.01,781.45,1069.7,948.95,167.5,58.1093,0.2358,0.0,-781.45,0.0,6.8165,0.0,-781.45,0.0,6.8165,1.0,0.0,0.0,0.0,0.0
1988,857.22,795.8,1083.65,925.35,129.55,45.0061,0.3467,0.0,-795.8,0.0,6.8165,0.0,-795.8,0.0,6.8165,1.0,0.0,0.0,0.0,0.0
1989,857.44,782.75,1085.15,918.1,135.35,44.7586,0.3491,0.0,-782.75,0.0,6.8165,0.0,-782.75,0.0,6.8165,1.0,0.0,0.0,0.0,0.0
1990,857.66,787.0,1068.9,940.55,153.55,54.4697,0.2638,0.0,-787.0,0.0,6.8165,0.0,-787.0,0.0,6.8165,1.0,0.0,0.0,0.0,0.0
1991,857.87,772.35,1080.4,937.9,165.55,53.7413,0.2697,0.0,-772.35,0.0,6.8165,0.0,-772.35,0.0,6.8165,1.0,0.0,0.0,0.0,0.0
1992,858.09,794.8,1047.35,911.6,116.8,46.2483,0.3349,0.0,-794.8,0.0,6.8165,0.0,-794.8,0.0,6.8165,1.0,0.0,0.0,0.0,0.0
1993,858.31,796.25,1063.75,913.05,116.8,43.6636,0.3599,0.0,-796.25,0.0,6.8165,0.0,-796.25,0.0,6.8165,1.0,0.0,0.0,0.0,0.0
1994,858.52,787.8,1069.9,922.6,134.8,47.7845,0.3207,0.0,-787.8,0.0,6.8165,0.0,-787.8,0.0,6.8165,1.0,0.0,0.0,0.0,0.0
1995,858.74,775.8,1073.5,916.15,140.35,47.1448,0.3266,0.0,-775.8,0.0,6.8165,0.0,-775.8,0.0,6.8165,1.0,0.0,0.0,0.0,0.0
1996,858.95,782.8,1048.25,914.6,131.8,49.6515,0.3041,0.0,-782.8,0.0,6.8165,0.0,-782.8,0.0,6.8165,1.0,0.0,0.0,0.0,0.0
1997,859.17,773.3,1062.0,919.0,145.7,50.4676,0.297,0.0,-773.3,0.0,6.8165,0.0,-773.3,0.0,6.8165,1.0,0.0,0.0,0.0,0.0
1998,859.39,773.25,1059.4,912.1,138.85,48.5235,0.314,0.0,-773.25,0.0,6.8165,0.0,-773.25,0.0,6.8165,1.0,0.0,0.0,0.0,0.0
1999,859.6,780.75,1066.85,909.55,128.8,45.0192,0.3466,0.0,-780.75,0.0,6.8165,0.0,-780.75,0.0,6.8165,1.0,0.0,0.0,0.0,0.0
2000,859.82,793.3,1071.55,902.5,109.2,39.2453,0.4062,0.0,-793.3,0.0,6.8165,0.0,-793.3,0.0,6.8165,1.0,0.0,0.0,0.0,0.0
2001,860.03,783.6,1057.9,912.25,128.65,46.9012,0.3288,0.0,-783.6,0.0,6.8165,0.0,-783.6,0.0,6.8165,1.0,0.0,0.0,0.0,0.0
2002,860.25,799.45,1049.85,899.15,99.7,39.8163,0.3999,0.0,-799.45,0.0,6.8165,0.0,-799.45,0.0,6.8165,1.0,0.0,0.0,0.0,0.0
2003,860.46,785.9,1044.9,920.65,134.75,52.027,0.2838,0.0,-785.9,0.0,6.8165,0.0,-785.9,0.0,6.8165,1.0,0.0,0.0,0.0,0.0
2004,860.68,786.15,1046.75,893.8,107.65,41.3085,0.384,0.0,-786.15,0.0,6.8165,0.0,-786.15,0.0,6.8165,1.0,0.0,0.0,0.0,0.0
2005,860.89,779.4,1035.5,911.25,131.85,51.4838,0.2883,0.0,-779.4,0.0,6.8165,0.0,-779.4,0.0,6.8165,1.0,0.0,0.0,0.0,0.0
2006,861.11,786.0,1053.5,907.95,121.95,45.5888,0.3411,0.0,-786.0,0.0,6.8165,0.0,-786.0,0.0,6.8165,1.0,0.0,0.0,0.0,0.0
2007,861.32,790.7,1050.25,895.7,105.0,40.4546,0.393,0.0,-790.7,0.0,6.8165,0.0,-790.7,0.0,6.8165,1.0,0.0,0.0,0.0,0.0
2008,861.54,788.4,1039.75,883.2,94.8,37.7163,0.4235,0.0,-788.4,0.0,6.8165,0.0,-788.4,0.0,6.8165,1.0,0.0,0.0,0.0,0.0
2009,861.75,779.3,1030.7,906.95,127.65,50.7757,0.2943,0.0,-779.3,0.0,6.8165,0.0,-779.3,0.0,6.8165,1.0,0.0,0.0,0.0,0.0
2010,861.96,795.95,1019.1,889.15,93.2,41.7656,0.3792,0.0,-795.95,0.0,6.8165,0.0,-795.95,0.0,6.8165,1.0,0.0,0.0,0.0,0.0
2011,862.18,800.85,1027.9,900.5,99.65,43.889,0.3576,0.0,-800.85,0.0,6.8165,0.0,-800.85,0.0,6.8165,1.0,0.0,0.0,0.0,0.0
2012,862.39,788.85,1029.4,889.2,100.35,41.7169,0.3797,0.0,-788.85,0.0,6.8165,0.0,-788.85,0.0,6.8165,1.0,0.0,0.0,0.0,0.0
2013,862.61,775.25,1028.95,887.0,111.75,44.0481,0.3561,0.0,-775.25,0.0,6.8165,0.0,-775.25,0.0,6.8165,1.0,0.0,0.0,0.0,0.0
2014,862.82,773.15,1024.45,903.35,130.2,51.8106,0.2856,0.0,-773.15,0.0,6.8165,0.0,-773.15,0.0,6.8165,1.0,0.0,0.0,0.0,0.0
2015,863.03,775.6,1016.25,888.95,113.35,47.1016,0.327,0.0,-775.6,0.0,6.8165,0.0,-775.6,0.0,6.8165,1.0,0.0,0.0,0.0,0.0
2016,863.25,783.7,1014.05,892.15,108.45,47.0805,0.3272,0.0,-783.7,0.0,6.8165,0.0,-783.7,0.0,6.8165,1.0,0.0,0.0,0.0,0.0
2017,863.46,789.85,1008.0,892.8,102.95,47.1923,0.3261,0.0,-789.85,0.0,6.8165,0.0,-789.85,0.0,6.8165,1.0,0.0,0.0,0.0,0.0
2018,863.68,773.8,1019.45,883.3,109.5,44.5756,0.3509,0.0,-773.8,0.0,6.8165,0.0,-773.8,0.0,6.8165,1.0,0.0,0.0,0.0,0.0
2019,863.89,769.4,1006.65,894.95,125.55,52.9189,0.2764,0.0,-769.4,0.0,6.8165,0.0,-769.4,0.0,6.8165,1.0,0.0,0.0,0.0,0.0
2020,864.1,775.15,1001.45,887.85,112.7,49.8011,0.3028,0.0,-775.15,0.0,6.8165,0.0,-775.15,0.0,6.8165,1.0,0.0,0.0,0.0,0.0
2021,864.32,780.3,993.0,874.95,94.65,44.4993,0.3516,0.0,-780.3,0.0,6.8165,0.0,-780.3,0.0,6.8165,1.0,0.0,0.0,0.0,0.0
2022,864.53,792.95,1004.8,886.15,93.2,43.9934,0.3566,0.0,-792.95,0.0,6.8165,0.0,-792.95,0.0,6.8165,1.0,0.0,0.0,0.0,0.0
2023,864.74,782.15,995.35,886.05,103.9,48.7336,0.3122,0.0,-782.15,0.0,6.8165,0.0,-782.15,0.0,6.8165,1.0,0.0,0.0,0.0,0.0
2024,864.95,775.65,1009.35,877.45,101.8,43.5601,0.3609,0.0,-775.65,0.0,6.8165,0.0,-775.65,0.0,6.8165,1.0,0.0,0.0,0.0,0.0
2025,865.17,793.55,1021.75,876.55,83.0,36.3716,0.4392,0.0,-793.55,0.0,6.8165,0.0,-793.55,0.0,6.8165,1.0,0.0,0.0,0.0,0.0
2026,865.38,795.05,1007.7,876.45,81.4,38.2789,0.417,0.0,-795.05,0.0,6.8165,0.0,-795.05,0.0,6.8165,1.0,0.0,0.0,0.0,0.0
2027,865.59,799.95,994.75,875.7,75.75,38.886,0.4102,0.0,-799.95,0.0,6.8165,0.0,-799.95,0.0,6.8165,1.0,0.0,0.0,0.0,0.0
2028,865.81,790.2,1005.55,865.4,75.2,34.9199,0.4569,0.0,-790.2,0.0,6.8165,0.0,-790.2,0.0,6.8165,1.0,0.0,0.0,0.0,0.0
2029,866.02,789.25,1004.9,867.45,78.2,36.2625,0.4405,0.0,-789.25,0.0,6.8165,0.0,-789.25,0.0,6.8165,1.0,0.0,0.0,0.0,0.0
2030,866.23,798.75,985.1,871.4,72.65,38.9858,0.4091,0.0,-798.75,0.0,6.8165,0.0,-798.75,0.0,6.8165,1.0,0.0,0.0,0.0,0.0
2031,866.44,786.25,996.1,873.0,86.75,41.3391,0.3836,0.0,-786.25,0.0,6.8165,0.0,-786.25,0.0,6.8165,1.0,0.0,0.0,0.0,0.0
2032,866.65,788.25,991.65,876.75,88.5,43.5103,0.3614,0.0,-788.25,0.0,6.8165,0.0,-788.25,0.0,6.8165,1.0,0.0,0.0,0.0,0.0
2033,866.87,795.8,990.05,872.1,76.3,39.2793,0.4058,0.0,-795.8,0.0,6.8165,0.0,-795.8,0.0,6.8165,1.0,0.0,0.0,0.0,0.0
2034,867.08,790.1,992.65,865.8,75.7,37.3735,0.4274,0.0,-790.1,0.0,6.8165,0.0,-790.1,0.0,6.8165,1.0,0.0,0.0,0.0,0.0
2035,867.29,798.0,1003.45,874.35,76.35,37.1623,0.4299,0.0,-798.0,0.0,6.8165,0.0,-798.0,0.0,6.8165,1.0,0.0,0.0,0.0,0.0
2036,867.5,796.3,1002.95,876.35,80.05,38.737,0.4119,0.0,-796.3,0.0,6.8165,0.0,-796.3,0.0,6.8165,1.0,0.0,0.0,0.0,0.0
2037,867.71,790.6,984.55,883.5,92.9,47.8989,0.3197,0.0,-790.6,0.0,6.8165,0.0,-790.6,0.0,6.8165,1.0,0.0,0.0,0.0,0.0
2038,867.92,790.45,989.8,876.1,85.65,42.9646,0.3669,0.0,-790.45,0.0,6.8165,0.0,-790.45,0.0,6.8165,1.0,0.0,0.0,0.0,0.0
2039,868.14,802.45,963.0,882.35,79.9,49.7664,0.3031,0.0,-802.45,0.0,6.8165,0.0,-802.45,0.0,6.8165,1.0,0.0,0.0,0.0,0.0
2040,868.35,802.65,968.8,880.6,77.95,46.9154,0.3287,0.0,-802.65,0.0,6.8165,0.0,-802.65,0.0,6.8165,1.0,0.0,0.0,0.0,0.0
2041,868.56,802.25,984.25,872.05,69.8,38.3516,0.4162,0.0,-802.25,0.0,6.8165,0.0,-802.25,0.0,6.8165,1.0,0.0,0.0,0.0,0.0
2042,868.77,790.7,983.0,875.55,84.85,44.1238,0.3553,0.0,-790.7,0.0,6.8165,0.0,-790.7,0.0,6.8165,1.0,0.0,0.0,0.0,0.0
2043,868.98,790.5,977.75,877.7,87.2,46.5688,0.3319,0.0,-790.5,0.0,6.8165,0.0,-790.5,0.0,6.8165,1.0,0.0,0.0,0.0,0.0
2044,869.19,797.75,994.05,882.65,84.9,43.2501,0.364,0.0,-797.75,0.0,6.8165,0.0,-797.75,0.0,6.8165,1.0,0.0,0.0,0.0,0.0
2045,869.4,775.65,995.45,896.9,121.25,55.1638,0.2583,0.0,-775.65,0.0,6.8165,0.0,-775.65,0.0,6.8165,1.0,0.0,0.0,0.0,0.0
2046,869.61,785.15,968.95,882.85,97.7,53.1556,0.2745,0.0,-785.15,0.0,6.8165,0.0,-785.15,0.0,6.8165,1.0,0.0,0.0,0.0,0.0
2047,869.82,784.3,986.9,892.95,108.65,53.6278,0.2706,0.0,-784.3,0.0,6.8165,0.0,-784.3,0.0,6.8165,1.0,0.0,0.0,0.0,0.0
